,PYR2,PYR3,PYR4,PYR5
PYR2,0.0810000000000004,0.0,0.0,0.0
PYR3,0.0,0.0730000000000004,0.0,0.0
PYR4,0.0,0.0,0.08000000000000007,0.0
PYR5,0.0,0.0,0.0,-0.23399999999999999
