,PYR2,PYR3,PYR4,PYR5
PYR2,0.08650000000000002,0.0,0.0,0.0
PYR3,0.0,0.059499999999999886,0.0,0.0
PYR4,0.0,0.0,0.07850000000000001,0.0
PYR5,0.0,0.0,0.0,-0.22449999999999992
