,PYR2,PYR3,PYR4,PYR5
PYR2,0.06974999999999998,0.0,0.0,0.0
PYR3,0.0,0.06375000000000064,0.0,0.0
PYR4,0.0,0.0,0.08274999999999988,0.0
PYR5,0.0,0.0,0.0,-0.2162499999999996
