state_a,state_b,mean_J_meV,sd_J_meV,mean_absolute_J_meV,maximum_absolute_J_meV,minimum_J_meV,maximum_J_meV,sign_changes
PYR2_bright,PYR3_bright,-1.2073877275714284,0.026917755252413755,1.2073877275714284,1.2401676419999998,-1.2401676419999998,-1.1285283430000002,0
PYR2_bright,PYR4_bright,0.25447806528571426,0.0050040229095669,0.25447806528571426,0.25879369,0.23504155100000002,0.25879369,0
PYR2_bright,PYR5_bright,0.08049374271428572,0.004335870065238351,0.08049374271428572,0.08712713899999999,0.068993009,0.08712713899999999,0
PYR3_bright,PYR4_bright,1.2077521951904766,0.016896430140596143,1.2077521951904766,1.244646109,1.169932149,1.244646109,0
PYR3_bright,PYR5_bright,0.2813571075238095,0.003728123533652773,0.2813571075238095,0.28701937099999997,0.273254711,0.28701937099999997,0
PYR4_bright,PYR5_bright,-1.4544465920476188,0.027513107440630832,1.4544465920476188,1.492201434,-1.492201434,-1.384122697,0
