case,sigma_E_meV,sigma_J_meV,tau_c_ps,n_traj,mean_max_PYR2,std_max_PYR2,mean_final_PYR2,std_final_PYR2,mean_t_PYR2_10pct_fs,mean_t_PYR2_20pct_fs,mean_t_PYR2_30pct_fs,min_density_eigenvalue_min,max_trace_error_max
static,0.0,0.0,0.1,30,0.30561537199007577,5.646012854083702e-17,0.30543887834327066,0.0,130.0,390.0,1350.0,0.0,2.0117001334892366e-14
site_disorder_5meV,5.0,0.0,0.1,30,0.31818854539281216,0.005136000056567564,0.3111651142742236,0.003894354385425478,132.66666666666666,376.3333333333333,1203.6666666666667,0.0,2.9686301308425253e-14
site_disorder_10meV,10.0,0.0,0.1,30,0.33167577994603087,0.006375031227162957,0.3150579126572202,0.01219649246134885,127.33333333333333,345.6666666666667,934.6666666666666,0.0,3.395619950352656e-14
coupling_disorder_2meV,0.0,2.0,0.1,30,0.31844803727475296,0.006123986101607802,0.30361708758627415,0.004895323036939473,129.33333333333334,373.6666666666667,1389.6666666666667,0.0,2.5364017008470042e-14
site10_coupling2meV,10.0,2.0,0.1,30,0.34528690038466153,0.013799603837892747,0.3092195404762522,0.019460900895761534,131.0,343.3333333333333,981.0,0.0,2.9083987296959597e-14
