temperature_K,gamma_over_kappa,conditions,final_PYR5_spread,steady_PYR5_spread,PYR4_gateway_spread
150.0,10.0,"kappa=0.1,gamma=1; kappa=10,gamma=100",0.10352829175536606,0.023655126198437987,0.02772805162202474
300.0,10.0,"kappa=0.1,gamma=1; kappa=10,gamma=100",0.10844959473032269,0.013819356534450322,0.01714659946588426
