run,n_records_total,n_records_post_transient,post_transient_step_min,post_transient_step_max,Temp_mean,Temp_std,Temp_min,Temp_max,Temp_final,c_twater_mean,c_twater_std,c_twater_min,c_twater_max,c_twater_final,PotEng_mean,PotEng_std,PotEng_min,PotEng_max,PotEng_final,KinEng_mean,KinEng_std,KinEng_min,KinEng_max,KinEng_final,TotEng_mean,TotEng_std,TotEng_min,TotEng_max,TotEng_final,Press_mean,Press_std,Press_min,Press_max,Press_final,c_msdwater[4]_mean,c_msdwater[4]_std,c_msdwater[4]_min,c_msdwater[4]_max,c_msdwater[4]_final
nvt300_water_only_contained,41,34,3500.0,20000.0,301.1697011764706,0.8551083735809578,299.53992,302.88083,302.23823,301.1697011764706,0.8551083735809578,299.53992,302.88083,302.23823,-124820.72705882353,10791.584561274985,-147444.22,-105079.75,-116669.99,53862.882529411756,152.9324791466934,53571.403,54168.91,54053.983,-70957.84494117647,10796.078084214876,-93555.202,-51359.007,-62616.009,-6.953633599999999,12.287528542825422,-31.348586,12.37186,1.1205886,4.020825833235294,2.1204816110910296,0.95411323,7.9348304,7.9348304
