                      :-) GROMACS - gmx mdrun, 2025.4 (-:

Copyright 1991-2025 The GROMACS Authors.
GROMACS is free software; you can redistribute it and/or modify it
under the terms of the GNU Lesser General Public License
as published by the Free Software Foundation; either version 2.1
of the License, or (at your option) any later version.

                         Current GROMACS contributors:
       Mark Abraham           Andrey Alekseenko           Brian Andrews       
      Vladimir Basov              Paul Bauer                Hugh Bird         
      Eliane Briand               Ania Brown              Mahesh Doijade      
      Giacomo Fiorin          Stefan Fleischmann          Sergey Gorelov      
   Gilles Gouaillardet            Alan Gray              M. Eric Irrgang      
   Farzaneh Jalalypour         Petter Johansson          Carsten Kutzner      
    Grzegorz Łazarski         Justin A. Lemkul          Magnus Lundborg      
       Pascal Merz             Vedran Miletić            Dmitry Morozov      
     Lukas Müllender            Julien Nabet             Szilárd Páll      
 Andrea Pasquadibisceglie     Michele Pellegrino         Nicola Piasentin     
     Daniele Rapetti         Muhammad Umair Sadiq         Hubert Santuz       
      Roland Schulz             Michael Shirts           Tatiana Shugaeva     
     Alexey Shvetsov            Philip Turner            Alessandra Villa     
 Sebastian Wingbermühle  

                         Previous GROMACS contributors:
        Emile Apol             Rossen Apostolov           James Barnett       
  Herman J.C. Berendsen         Cathrine Bergh             Par Bjelkmar       
      Christian Blau          Viacheslav Bolnykh            Kevin Boyd        
    Aldert van Buuren          Carlo Camilloni           Rudi van Drunen      
      Anton Feenstra           Oliver Fleetwood            Vytas Gapsys       
       Gaurav Garg             Gerrit Groenhof            Bert de Groot       
      Anca Hamuraru           Vincent Hindriksen          Victor Holanda      
     Aleksei Iupinov              Joe Jordan            Christoph Junghans    
    Prashanth Kanduri        Dimitrios Karkoulis           Peter Kasson       
      Sebastian Kehl           Sebastian Keller             Jiri Kraus        
       Per Larsson              Viveca Lindahl            Erik Marklund       
    Pieter Meulenhoff           Teemu Murtola              Sander Pronk       
      Alfons Sijbers            Balint Soproni         David van der Spoel    
      Peter Tieleman            Carsten Uphoff             Jon Vincent        
     Teemu Virolainen         Christian Wennberg           Maarten Wolf       
      Artem Zhmurov       

                  Coordinated by the GROMACS project leaders:
                           Berk Hess and Erik Lindahl

GROMACS:      gmx mdrun, version 2025.4
Executable:   /usr/local/gromacs/bin/gmx
Data prefix:  /usr/local/gromacs
Working dir:  /Users/alejandro/projects/Multiscale-Simulation-Project/Microtubule_Inspired_Phase0/runs/phase1A/day023_confinement_design/16_r2_frozen_solute_nvt_20ps
Process ID:   18494
Command line:
  gmx mdrun -s /Users/alejandro/projects/Multiscale-Simulation-Project/Microtubule_Inspired_Phase0/runs/phase1A/day023_confinement_design/15_r2_frozen_solute_nvt_20ps_preparation/r2_frozen_solute_nvt_20ps.tpr -deffnm /Users/alejandro/projects/Multiscale-Simulation-Project/Microtubule_Inspired_Phase0/runs/phase1A/day023_confinement_design/16_r2_frozen_solute_nvt_20ps/r2_frozen_solute_nvt_20ps -ntmpi 1 -ntomp 4

GROMACS version:     2025.4
Precision:           mixed
Memory model:        64 bit
MPI library:         thread_mpi
OpenMP support:      enabled (GMX_OPENMP_MAX_THREADS = 128)
GPU support:         disabled
SIMD instructions:   AVX2_256
CPU FFT library:     fftw-3.3.10-sse2
GPU FFT library:     none
Multi-GPU FFT:       none
RDTSCP usage:        enabled
TNG support:         enabled
Hwloc support:       disabled
Tracing support:     disabled
C compiler:          /usr/bin/gcc AppleClang 14.0.0.14000029
C compiler flags:    -mavx2 -mfma -Wno-missing-field-initializers -fno-stack-check -O3 -DNDEBUG
C++ compiler:        /usr/bin/g++ AppleClang 14.0.0.14000029
C++ compiler flags:  -mavx2 -mfma -Wno-reserved-identifier -Wno-missing-field-initializers -fno-stack-check -Weverything -Wno-c++98-compat -Wno-c++98-compat-pedantic -Wno-source-uses-openmp -Wno-c++17-extensions -Wno-documentation-unknown-command -Wno-covered-switch-default -Wno-switch-enum -Wno-switch-default -Wno-extra-semi-stmt -Wno-weak-vtables -Wno-shadow -Wno-padded -Wno-reserved-id-macro -Wno-double-promotion -Wno-exit-time-destructors -Wno-global-constructors -Wno-documentation -Wno-format-nonliteral -Wno-used-but-marked-unused -Wno-float-equal -Wno-conditional-uninitialized -Wno-conversion -Wno-disabled-macro-expansion -Wno-unused-macros SHELL:-Xpreprocessor -fopenmp -I/usr/local/opt/libomp/include -O3 -DNDEBUG
BLAS library:        External - detected on the system
LAPACK library:      External - detected on the system


Running on 1 node with total 0 processing units
Hardware detected on host Alejandros-MacBook-Pro-2.local:
  CPU info:
    Vendor: Intel
    Brand:  Intel(R) Core(TM) i7-9750H CPU @ 2.60GHz
    Family: 6   Model: 158   Stepping: 10
    Features: aes apic avx avx2 clfsh cmov cx8 cx16 f16c fma htt intel lahf mmx msr nonstop_tsc pcid pclmuldq pdcm pdpe1gb popcnt pse rdrnd rdtscp sse2 sse3 sse4.1 sse4.2 ssse3 tdt x2apic
  Hardware topology: Only logical processor count
    CPU limit set by OS: -1   Recommended max number of threads: 12


++++ PLEASE READ AND CITE THE FOLLOWING REFERENCE ++++
M. J. Abraham, T. Murtola, R. Schulz, S. Páll, J. C. Smith, B. Hess, E.
Lindahl
GROMACS: High performance molecular simulations through multi-level
parallelism from laptops to supercomputers
SoftwareX (2015)
DOI: 10.1016/j.softx.2015.06.001
-------- -------- --- Thank You --- -------- --------


++++ PLEASE READ AND CITE THE FOLLOWING REFERENCE ++++
S. Páll, M. J. Abraham, C. Kutzner, B. Hess, E. Lindahl
Tackling Exascale Software Challenges in Molecular Dynamics Simulations with
GROMACS
In S. Markidis & E. Laure (Eds.), Solving Software Challenges for Exascale (2015)
DOI: 10.1007/978-3-319-15976-8_1
-------- -------- --- Thank You --- -------- --------


++++ PLEASE READ AND CITE THE FOLLOWING REFERENCE ++++
S. Pronk, S. Páll, R. Schulz, P. Larsson, P. Bjelkmar, R. Apostolov, M. R.
Shirts, J. C. Smith, P. M. Kasson, D. van der Spoel, B. Hess, E. Lindahl
GROMACS 4.5: a high-throughput and highly parallel open source molecular
simulation toolkit
Bioinformatics (2013)
DOI: 10.1093/bioinformatics/btt055
-------- -------- --- Thank You --- -------- --------


++++ PLEASE READ AND CITE THE FOLLOWING REFERENCE ++++
B. Hess, C. Kutzner, D. van der Spoel, E. Lindahl
GROMACS 4: Algorithms for highly efficient, load-balanced, and scalable
molecular simulation
J. Chem. Theory Comput. (2008)
DOI: 10.1021/ct700301q
-------- -------- --- Thank You --- -------- --------


++++ PLEASE READ AND CITE THE FOLLOWING REFERENCE ++++
D. van der Spoel, E. Lindahl, B. Hess, G. Groenhof, A. E. Mark, H. J. C.
Berendsen
GROMACS: Fast, Flexible and Free
J. Comp. Chem. (2005)
DOI: 10.1002/jcc.20291
-------- -------- --- Thank You --- -------- --------


++++ PLEASE READ AND CITE THE FOLLOWING REFERENCE ++++
E. Lindahl, B. Hess, D. van der Spoel
GROMACS 3.0: A package for molecular simulation and trajectory analysis
J. Mol. Mod. (2001)
DOI: 10.1007/s008940100045
-------- -------- --- Thank You --- -------- --------


++++ PLEASE READ AND CITE THE FOLLOWING REFERENCE ++++
H. J. C. Berendsen, D. van der Spoel and R. van Drunen
GROMACS: A message-passing parallel molecular dynamics implementation
Comp. Phys. Comm. (1995)
DOI: 10.1016/0010-4655(95)00042-E
-------- -------- --- Thank You --- -------- --------


++++ PLEASE CITE THE DOI FOR THIS VERSION OF GROMACS ++++
https://doi.org/10.5281/zenodo.17671793
-------- -------- --- Thank You --- -------- --------

Multiple energy groups is not implemented for GPUs, falling back to the CPU. For better performance, run on the GPU without energy groups and then do gmx mdrun -rerun option on the trajectory with an energy group .tpr file.
Input Parameters:
   integrator                     = md
   tinit                          = 0
   dt                             = 0.0005
   nsteps                         = 40000
   init-step                      = 0
   simulation-part                = 1
   mts                            = false
   mass-repartition-factor        = 1
   comm-mode                      = Linear
   nstcomm                        = 100
   bd-fric                        = 0
   ld-seed                        = -33925131
   emtol                          = 10
   emstep                         = 0.01
   niter                          = 20
   fcstep                         = 0
   nstcgsteep                     = 1000
   nbfgscorr                      = 10
   rtpi                           = 0.05
   nstxout                        = 0
   nstvout                        = 0
   nstfout                        = 0
   nstlog                         = 100
   nstcalcenergy                  = 100
   nstenergy                      = 100
   nstxout-compressed             = 1000
   compressed-x-precision         = 1000
   cutoff-scheme                  = Verlet
   nstlist                        = 20
   pbc                            = xyz
   periodic-molecules             = false
   verlet-buffer-tolerance        = 0.005
   verlet-buffer-pressure-tolerance = 0.5
   rlist                          = 1.2
   coulombtype                    = PME
   coulomb-modifier               = Potential-shift
   rcoulomb-switch                = 0
   rcoulomb                       = 1.2
   epsilon-r                      = 1
   epsilon-rf                     = inf
   vdw-type                       = Cut-off
   vdw-modifier                   = Potential-shift
   rvdw-switch                    = 0
   rvdw                           = 1.2
   DispCorr                       = EnerPres
   table-extension                = 1
   fourierspacing                 = 0.12
   fourier-nx                     = 64
   fourier-ny                     = 64
   fourier-nz                     = 84
   pme-order                      = 4
   ewald-rtol                     = 1e-05
   ewald-rtol-lj                  = 0.001
   lj-pme-comb-rule               = Geometric
   ewald-geometry                 = 3d
   epsilon-surface                = 0
   ensemble-temperature-setting   = constant
   ensemble-temperature           = 300
   tcoupl                         = V-rescale
   nsttcouple                     = 25
   nh-chain-length                = 0
   print-nose-hoover-chain-variables = false
   pcoupl                         = No
   refcoord-scaling               = No
   posres-com: not available
   posres-comB: not available
   QMMM                           = false
qm-opts:
   ngQM                           = 0
   constraint-algorithm           = Lincs
   continuation                   = false
   Shake-SOR                      = false
   shake-tol                      = 0.0001
   lincs-order                    = 4
   lincs-iter                     = 1
   lincs-warnangle                = 30
   nwall                          = 0
   wall-type                      = 9-3
   wall-r-linpot                  = -1
   wall-atomtype[0]               = -1
   wall-atomtype[1]               = -1
   wall-density[0]                = 0
   wall-density[1]                = 0
   wall-ewald-zfac                = 3
   pull                           = false
   awh                            = false
   rotation                       = false
   interactiveMD                  = false
   disre                          = No
   disre-weighting                = Conservative
   disre-mixed                    = false
   dr-fc                          = 1000
   dr-tau                         = 0
   nstdisreout                    = 100
   orire-fc                       = 0
   orire-tau                      = 0
   nstorireout                    = 100
   free-energy                    = no
   cos-acceleration               = 0
   deform (3x3):
      deform[    0]={ 0.00000e+00,  0.00000e+00,  0.00000e+00}
      deform[    1]={ 0.00000e+00,  0.00000e+00,  0.00000e+00}
      deform[    2]={ 0.00000e+00,  0.00000e+00,  0.00000e+00}
   simulated-tempering            = false
   swapcoords                     = no
   userint1                       = 0
   userint2                       = 0
   userint3                       = 0
   userint4                       = 0
   userreal1                      = 0
   userreal2                      = 0
   userreal3                      = 0
   userreal4                      = 0
   applied-forces:
     electric-field:
       x:
         E0                       = 0
         omega                    = 0
         t0                       = 0
         sigma                    = 0
       y:
         E0                       = 0
         omega                    = 0
         t0                       = 0
         sigma                    = 0
       z:
         E0                       = 0
         omega                    = 0
         t0                       = 0
         sigma                    = 0
     density-guided-simulation:
       active                     = false
       group                      = protein
       similarity-measure         = inner-product
       atom-spreading-weight      = unity
       force-constant             = 1e+09
       gaussian-transform-spreading-width = 0.2
       gaussian-transform-spreading-range-in-multiples-of-width = 4
       reference-density-filename = reference.mrc
       nst                        = 1
       normalize-densities        = true
       adaptive-force-scaling     = false
       adaptive-force-scaling-time-constant = 4
       shift-vector               = 
       transformation-matrix      = 
     qmmm-cp2k:
       active                     = false
       qmgroup                    = System
       qmmethod                   = PBE
       qmfilenames                = 
       qmcharge                   = 0
       qmmultiplicity             = 1
     colvars:
       active                     = false
       configfile                 = 
       seed                       = -1
     nnpot:
       active                     = false
       modelfile                  = model.pt
       input-group                = System
       model-input1               = 
       model-input2               = 
       model-input3               = 
       model-input4               = 
grpopts:
   nrdf:       99387           0           0
   ref-t:         300         300         300
   tau-t:         0.1          -1          -1
annealing:          No          No          No
annealing-npoints:           0           0           0
   acc:	           0           0           0
   nfreeze:           Y           Y           Y           Y           Y           Y           N           N           N
   energygrp-flags[  0]: 0 0 0
   energygrp-flags[  1]: 0 0 0
   energygrp-flags[  2]: 0 0 0

Changing nstlist from 20 to 100, rlist from 1.2 to 1.252


Update groups can not be used for this system because atoms that are (in)directly constrained together are interdispersed with other atoms

Initializing Domain Decomposition on 1 ranks
Dynamic load balancing: auto
Minimum cell size due to atom displacement: 0.319 nm
Initial maximum distances in bonded interactions:
    two-body bonded interactions: 0.387 nm, LJ-14, atoms 1760 1774
  multi-body bonded interactions: 0.387 nm, Proper Dih., atoms 1760 1774
Minimum cell size due to bonded interactions: 0.426 nm
Maximum distance for 5 constraints, at 120 deg. angles, all-trans: 0.109 nm
Estimated maximum distance required for P-LINCS: 0.109 nm
Using 0 separate PME ranks because: there are too few total ranks for efficient splitting
Optimizing the DD grid for 1 cells with a minimum initial size of 0.426 nm
The maximum allowed number of cells is: X 17 Y 17 Z 23
Domain decomposition grid 1 x 1 x 1, separate PME ranks 0
PME domain decomposition: 1 x 1 x 1

The initial number of communication pulses is:
The initial domain decomposition cell size is:

The maximum allowed distance for atoms involved in interactions is:
                 non-bonded interactions           1.252 nm
            two-body bonded interactions  (-rdd)   1.252 nm
          multi-body bonded interactions  (-rdd)   1.252 nm
              virtual site constructions  (-rcon)  7.395 nm
  atoms separated by up to 5 constraints  (-rcon)  7.395 nm

When dynamic load balancing gets turned on, these settings will change to:
The maximum number of communication pulses is:
The minimum size for domain decomposition cells is 1.252 nm
The requested allowed shrink of DD cells (option -dds) is: 0.80
The allowed shrink of domain decomposition cells is:
The maximum allowed distance for atoms involved in interactions is:
                 non-bonded interactions           1.252 nm
            two-body bonded interactions  (-rdd)   1.252 nm
          multi-body bonded interactions  (-rdd)   1.252 nm
              virtual site constructions  (-rcon)  1.252 nm
  atoms separated by up to 5 constraints  (-rcon)  1.252 nm

Local state does not use filler particles

Using 1 MPI thread
Using 4 OpenMP threads 

System total charge: -0.000
Will do PME sum in reciprocal space for electrostatic interactions.

++++ PLEASE READ AND CITE THE FOLLOWING REFERENCE ++++
U. Essmann, L. Perera, M. L. Berkowitz, T. Darden, H. Lee, L. G. Pedersen 
A smooth particle mesh Ewald method
J. Chem. Phys. (1995)
DOI: 10.1063/1.470117
-------- -------- --- Thank You --- -------- --------

Using a Gaussian width (1/beta) of 0.384195 nm for Ewald
Potential shift: LJ r^-12: -1.122e-01 r^-6: -3.349e-01, Ewald -8.333e-06
Initialized non-bonded Coulomb Ewald tables, spacing: 1.02e-03 size: 1176

Generated table with 1126 data points for 1-4 COUL.
Tabscale = 500 points/nm
Generated table with 1126 data points for 1-4 LJ6.
Tabscale = 500 points/nm
Generated table with 1126 data points for 1-4 LJ12.
Tabscale = 500 points/nm
Long Range LJ corr.: <C6> 1.8950e-04


Using SIMD4xM 4x8 nonbonded short-range kernels

Using a dual 4x8 pair-list setup updated with dynamic pruning:
  outer list: updated every 100 steps, buffer 0.052 nm, rlist 1.252 nm
  inner list: updated every  34 steps, buffer 0.000 nm, rlist 1.200 nm
At tolerance 0.005 kJ/mol/ps per atom, equivalent classical 1x1 list would be:
  outer list: updated every 100 steps, buffer 0.139 nm, rlist 1.339 nm
  inner list: updated every  34 steps, buffer 0.034 nm, rlist 1.234 nm

The average pressure is off by at most 0.15 bar due to missing LJ interactions

Using full Lennard-Jones parameter combination matrix
Removing pbc first time

Linking all bonded interactions to atoms
There are 16565 inter update-group virtual sites,
will perform an extra communication step for selected coordinates and forces


Initializing Parallel LINear Constraint Solver

++++ PLEASE READ AND CITE THE FOLLOWING REFERENCE ++++
B. Hess
P-LINCS: A Parallel Linear Constraint Solver for molecular simulation
J. Chem. Theory Comput. (2008)
DOI: 10.1021/ct700200b
-------- -------- --- Thank You --- -------- --------

The number of constraints is 40
There are constraints between atoms in different decomposition domains,
will communicate selected coordinates each lincs iteration

++++ PLEASE READ AND CITE THE FOLLOWING REFERENCE ++++
S. Miyamoto, P. A. Kollman
SETTLE: An Analytical Version of the SHAKE and RATTLE Algorithms for Rigid
Water Models
J. Comp. Chem. (1992)
DOI: 10.1002/jcc.540130805
-------- -------- --- Thank You --- -------- --------


++++ PLEASE READ AND CITE THE FOLLOWING REFERENCE ++++
G. Bussi, D. Donadio, M. Parrinello
Canonical sampling through velocity rescaling
J. Chem. Phys. (2007)
DOI: 10.1063/1.2408420
-------- -------- --- Thank You --- -------- --------

There are: 51767 Atoms
There are: 16565 VSites

Atom distribution over 1 domains: av 68332 stddev 0 min 68332 max 68332

Constraining the starting coordinates (step 0)

Constraining the coordinates at t0-dt (step 0)
Center of mass motion removal mode is Linear
We have the following groups for center of mass motion removal:
  0:  SOL
RMS relative constraint deviation after constraining: 1.96e-06
Initial temperature: 300.366 K

Started mdrun on rank 0 Wed Jul  8 13:15:08 2026

           Step           Time
              0        0.00000

   Energies (kJ/mol)
           Bond          Angle    Proper Dih.  Improper Dih. Per. Imp. Dih.
    5.38934e+01    1.74527e+01    4.76750e-01    3.58390e+03    4.43967e-02
          LJ-14     Coulomb-14        LJ (SR)  Disper. corr.   Coulomb (SR)
    1.60878e+02    5.03293e+01    1.87452e+05   -3.91363e+03   -1.09364e+06
   Coul. recip.      Potential    Kinetic En.   Total Energy  Conserved En.
    1.66209e+03   -9.04578e+05    1.24103e+05   -7.80474e+05   -7.80474e+05
    Temperature Pres. DC (bar) Pressure (bar)   Constr. rmsd
    3.00365e+02   -1.18711e+02    6.78077e+27    1.95924e-06

           Step           Time
            100        0.05000

   Energies (kJ/mol)
           Bond          Angle    Proper Dih.  Improper Dih. Per. Imp. Dih.
    5.38934e+01    1.74527e+01    4.76750e-01    3.58390e+03    4.43967e-02
          LJ-14     Coulomb-14        LJ (SR)  Disper. corr.   Coulomb (SR)
    1.60878e+02    5.03293e+01    1.92384e+05   -3.91363e+03   -1.02956e+06
   Coul. recip.      Potential    Kinetic En.   Total Energy  Conserved En.
    2.09094e+03   -8.35129e+05    7.40157e+04   -7.61113e+05   -7.80462e+05
    Temperature Pres. DC (bar) Pressure (bar)   Constr. rmsd
    1.79139e+02   -1.18711e+02    6.78077e+27    1.95924e-06

           Step           Time
            200        0.10000

   Energies (kJ/mol)
           Bond          Angle    Proper Dih.  Improper Dih. Per. Imp. Dih.
    5.38934e+01    1.74527e+01    4.76750e-01    3.58390e+03    4.43967e-02
          LJ-14     Coulomb-14        LJ (SR)  Disper. corr.   Coulomb (SR)
    1.60878e+02    5.03293e+01    1.66605e+05   -3.91363e+03   -9.84968e+05
   Coul. recip.      Potential    Kinetic En.   Total Energy  Conserved En.
    2.09497e+03   -8.16315e+05    7.77147e+04   -7.38600e+05   -7.80465e+05
    Temperature Pres. DC (bar) Pressure (bar)   Constr. rmsd
    1.88092e+02   -1.18711e+02    6.78077e+27    1.95924e-06

           Step           Time
            300        0.15000

   Energies (kJ/mol)
           Bond          Angle    Proper Dih.  Improper Dih. Per. Imp. Dih.
    5.38934e+01    1.74527e+01    4.76750e-01    3.58390e+03    4.43967e-02
          LJ-14     Coulomb-14        LJ (SR)  Disper. corr.   Coulomb (SR)
    1.60878e+02    5.03293e+01    1.58160e+05   -3.91363e+03   -9.63082e+05
   Coul. recip.      Potential    Kinetic En.   Total Energy  Conserved En.
    2.13243e+03   -8.02836e+05    8.48986e+04   -7.17937e+05   -7.80470e+05
    Temperature Pres. DC (bar) Pressure (bar)   Constr. rmsd
    2.05479e+02   -1.18711e+02    6.78077e+27    1.95924e-06

           Step           Time
            400        0.20000

   Energies (kJ/mol)
           Bond          Angle    Proper Dih.  Improper Dih. Per. Imp. Dih.
    5.38934e+01    1.74527e+01    4.76750e-01    3.58390e+03    4.43967e-02
          LJ-14     Coulomb-14        LJ (SR)  Disper. corr.   Coulomb (SR)
    1.60878e+02    5.03293e+01    1.57191e+05   -3.91363e+03   -9.54845e+05
   Coul. recip.      Potential    Kinetic En.   Total Energy  Conserved En.
    2.10624e+03   -7.95594e+05    9.43685e+04   -7.01225e+05   -7.80476e+05
    Temperature Pres. DC (bar) Pressure (bar)   Constr. rmsd
    2.28398e+02   -1.18711e+02    6.78077e+27    1.95924e-06

           Step           Time
            500        0.25000

   Energies (kJ/mol)
           Bond          Angle    Proper Dih.  Improper Dih. Per. Imp. Dih.
    5.38934e+01    1.74527e+01    4.76750e-01    3.58390e+03    4.43967e-02
          LJ-14     Coulomb-14        LJ (SR)  Disper. corr.   Coulomb (SR)
    1.60878e+02    5.03293e+01    1.56400e+05   -3.91363e+03   -9.49055e+05
   Coul. recip.      Potential    Kinetic En.   Total Energy  Conserved En.
    2.23612e+03   -7.90466e+05    1.02289e+05   -6.88177e+05   -7.80478e+05
    Temperature Pres. DC (bar) Pressure (bar)   Constr. rmsd
    2.47568e+02   -1.18711e+02    6.78077e+27    1.95924e-06

           Step           Time
            600        0.30000

   Energies (kJ/mol)
           Bond          Angle    Proper Dih.  Improper Dih. Per. Imp. Dih.
    5.38934e+01    1.74527e+01    4.76750e-01    3.58390e+03    4.43967e-02
          LJ-14     Coulomb-14        LJ (SR)  Disper. corr.   Coulomb (SR)
    1.60878e+02    5.03293e+01    1.55609e+05   -3.91363e+03   -9.42521e+05
   Coul. recip.      Potential    Kinetic En.   Total Energy  Conserved En.
    2.27649e+03   -7.84682e+05    1.06389e+05   -6.78293e+05   -7.80490e+05
    Temperature Pres. DC (bar) Pressure (bar)   Constr. rmsd
    2.57492e+02   -1.18711e+02    6.78077e+27    1.95924e-06

           Step           Time
            700        0.35000

   Energies (kJ/mol)
           Bond          Angle    Proper Dih.  Improper Dih. Per. Imp. Dih.
    5.38934e+01    1.74527e+01    4.76750e-01    3.58390e+03    4.43967e-02
          LJ-14     Coulomb-14        LJ (SR)  Disper. corr.   Coulomb (SR)
    1.60878e+02    5.03293e+01    1.55098e+05   -3.91363e+03   -9.38510e+05
   Coul. recip.      Potential    Kinetic En.   Total Energy  Conserved En.
    2.37628e+03   -7.81082e+05    1.09897e+05   -6.71185e+05   -7.80473e+05
    Temperature Pres. DC (bar) Pressure (bar)   Constr. rmsd
    2.65981e+02   -1.18711e+02    6.78077e+27    1.95924e-06

           Step           Time
            800        0.40000

   Energies (kJ/mol)
           Bond          Angle    Proper Dih.  Improper Dih. Per. Imp. Dih.
    5.38934e+01    1.74527e+01    4.76750e-01    3.58390e+03    4.43967e-02
          LJ-14     Coulomb-14        LJ (SR)  Disper. corr.   Coulomb (SR)
    1.60878e+02    5.03293e+01    1.53698e+05   -3.91363e+03   -9.34188e+05
   Coul. recip.      Potential    Kinetic En.   Total Energy  Conserved En.
    2.31246e+03   -7.78224e+05    1.13706e+05   -6.64518e+05   -7.80467e+05
    Temperature Pres. DC (bar) Pressure (bar)   Constr. rmsd
    2.75201e+02   -1.18711e+02    6.78077e+27    1.95924e-06

           Step           Time
            900        0.45000

   Energies (kJ/mol)
           Bond          Angle    Proper Dih.  Improper Dih. Per. Imp. Dih.
    5.38934e+01    1.74527e+01    4.76750e-01    3.58390e+03    4.43967e-02
          LJ-14     Coulomb-14        LJ (SR)  Disper. corr.   Coulomb (SR)
    1.60878e+02    5.03293e+01    1.53837e+05   -3.91363e+03   -9.31326e+05
   Coul. recip.      Potential    Kinetic En.   Total Energy  Conserved En.
    2.34876e+03   -7.75187e+05    1.15217e+05   -6.59970e+05   -7.80497e+05
    Temperature Pres. DC (bar) Pressure (bar)   Constr. rmsd
    2.78857e+02   -1.18711e+02    6.78077e+27    1.95924e-06

           Step           Time
           1000        0.50000

   Energies (kJ/mol)
           Bond          Angle    Proper Dih.  Improper Dih. Per. Imp. Dih.
    5.38934e+01    1.74527e+01    4.76750e-01    3.58390e+03    4.43967e-02
          LJ-14     Coulomb-14        LJ (SR)  Disper. corr.   Coulomb (SR)
    1.60878e+02    5.03293e+01    1.52578e+05   -3.91363e+03   -9.27892e+05
   Coul. recip.      Potential    Kinetic En.   Total Energy  Conserved En.
    2.32948e+03   -7.73030e+05    1.16617e+05   -6.56413e+05   -7.80479e+05
    Temperature Pres. DC (bar) Pressure (bar)   Constr. rmsd
    2.82247e+02   -1.18711e+02    6.78077e+27    1.95924e-06

           Step           Time
           1100        0.55000

   Energies (kJ/mol)
           Bond          Angle    Proper Dih.  Improper Dih. Per. Imp. Dih.
    5.38934e+01    1.74527e+01    4.76750e-01    3.58390e+03    4.43967e-02
          LJ-14     Coulomb-14        LJ (SR)  Disper. corr.   Coulomb (SR)
    1.60878e+02    5.03293e+01    1.52111e+05   -3.91363e+03   -9.26364e+05
   Coul. recip.      Potential    Kinetic En.   Total Energy  Conserved En.
    2.27919e+03   -7.72021e+05    1.18775e+05   -6.53246e+05   -7.80481e+05
    Temperature Pres. DC (bar) Pressure (bar)   Constr. rmsd
    2.87470e+02   -1.18711e+02    6.78077e+27    1.95924e-06

           Step           Time
           1200        0.60000

   Energies (kJ/mol)
           Bond          Angle    Proper Dih.  Improper Dih. Per. Imp. Dih.
    5.38934e+01    1.74527e+01    4.76750e-01    3.58390e+03    4.43967e-02
          LJ-14     Coulomb-14        LJ (SR)  Disper. corr.   Coulomb (SR)
    1.60878e+02    5.03293e+01    1.51287e+05   -3.91363e+03   -9.23153e+05
   Coul. recip.      Potential    Kinetic En.   Total Energy  Conserved En.
    2.34032e+03   -7.69572e+05    1.18384e+05   -6.51188e+05   -7.80492e+05
    Temperature Pres. DC (bar) Pressure (bar)   Constr. rmsd
    2.86524e+02   -1.18711e+02    6.78077e+27    1.95924e-06

           Step           Time
           1300        0.65000

   Energies (kJ/mol)
           Bond          Angle    Proper Dih.  Improper Dih. Per. Imp. Dih.
    5.38934e+01    1.74527e+01    4.76750e-01    3.58390e+03    4.43967e-02
          LJ-14     Coulomb-14        LJ (SR)  Disper. corr.   Coulomb (SR)
    1.60878e+02    5.03293e+01    1.49190e+05   -3.91363e+03   -9.19254e+05
   Coul. recip.      Potential    Kinetic En.   Total Energy  Conserved En.
    2.41310e+03   -7.67698e+05    1.19301e+05   -6.48397e+05   -7.80495e+05
    Temperature Pres. DC (bar) Pressure (bar)   Constr. rmsd
    2.88742e+02   -1.18711e+02    6.78077e+27    1.95924e-06

           Step           Time
           1400        0.70000

   Energies (kJ/mol)
           Bond          Angle    Proper Dih.  Improper Dih. Per. Imp. Dih.
    5.38934e+01    1.74527e+01    4.76750e-01    3.58390e+03    4.43967e-02
          LJ-14     Coulomb-14        LJ (SR)  Disper. corr.   Coulomb (SR)
    1.60878e+02    5.03293e+01    1.49520e+05   -3.91363e+03   -9.18286e+05
   Coul. recip.      Potential    Kinetic En.   Total Energy  Conserved En.
    2.43091e+03   -7.66382e+05    1.20674e+05   -6.45708e+05   -7.80479e+05
    Temperature Pres. DC (bar) Pressure (bar)   Constr. rmsd
    2.92066e+02   -1.18711e+02    6.78077e+27    1.95924e-06

           Step           Time
           1500        0.75000

   Energies (kJ/mol)
           Bond          Angle    Proper Dih.  Improper Dih. Per. Imp. Dih.
    5.38934e+01    1.74527e+01    4.76750e-01    3.58390e+03    4.43967e-02
          LJ-14     Coulomb-14        LJ (SR)  Disper. corr.   Coulomb (SR)
    1.60878e+02    5.03293e+01    1.49121e+05   -3.91363e+03   -9.16195e+05
   Coul. recip.      Potential    Kinetic En.   Total Energy  Conserved En.
    2.39808e+03   -7.64723e+05    1.20391e+05   -6.44332e+05   -7.80491e+05
    Temperature Pres. DC (bar) Pressure (bar)   Constr. rmsd
    2.91380e+02   -1.18711e+02    6.78077e+27    1.95924e-06

           Step           Time
           1600        0.80000

   Energies (kJ/mol)
           Bond          Angle    Proper Dih.  Improper Dih. Per. Imp. Dih.
    5.38934e+01    1.74527e+01    4.76750e-01    3.58390e+03    4.43967e-02
          LJ-14     Coulomb-14        LJ (SR)  Disper. corr.   Coulomb (SR)
    1.60878e+02    5.03293e+01    1.48180e+05   -3.91363e+03   -9.15018e+05
   Coul. recip.      Potential    Kinetic En.   Total Energy  Conserved En.
    2.28422e+03   -7.64601e+05    1.21710e+05   -6.42891e+05   -7.80488e+05
    Temperature Pres. DC (bar) Pressure (bar)   Constr. rmsd
    2.94572e+02   -1.18711e+02    6.78077e+27    1.95924e-06

           Step           Time
           1700        0.85000

   Energies (kJ/mol)
           Bond          Angle    Proper Dih.  Improper Dih. Per. Imp. Dih.
    5.38934e+01    1.74527e+01    4.76750e-01    3.58390e+03    4.43967e-02
          LJ-14     Coulomb-14        LJ (SR)  Disper. corr.   Coulomb (SR)
    1.60878e+02    5.03293e+01    1.48263e+05   -3.91363e+03   -9.14774e+05
   Coul. recip.      Potential    Kinetic En.   Total Energy  Conserved En.
    2.41182e+03   -7.64146e+05    1.22066e+05   -6.42080e+05   -7.80489e+05
    Temperature Pres. DC (bar) Pressure (bar)   Constr. rmsd
    2.95435e+02   -1.18711e+02    6.78077e+27    1.95924e-06

           Step           Time
           1800        0.90000

   Energies (kJ/mol)
           Bond          Angle    Proper Dih.  Improper Dih. Per. Imp. Dih.
    5.38934e+01    1.74527e+01    4.76750e-01    3.58390e+03    4.43967e-02
          LJ-14     Coulomb-14        LJ (SR)  Disper. corr.   Coulomb (SR)
    1.60878e+02    5.03293e+01    1.48682e+05   -3.91363e+03   -9.15302e+05
   Coul. recip.      Potential    Kinetic En.   Total Energy  Conserved En.
    2.50544e+03   -7.64161e+05    1.22016e+05   -6.42145e+05   -7.80515e+05
    Temperature Pres. DC (bar) Pressure (bar)   Constr. rmsd
    2.95313e+02   -1.18711e+02    6.78077e+27    1.95924e-06

           Step           Time
           1900        0.95000

   Energies (kJ/mol)
           Bond          Angle    Proper Dih.  Improper Dih. Per. Imp. Dih.
    5.38934e+01    1.74527e+01    4.76750e-01    3.58390e+03    4.43967e-02
          LJ-14     Coulomb-14        LJ (SR)  Disper. corr.   Coulomb (SR)
    1.60878e+02    5.03293e+01    1.48557e+05   -3.91363e+03   -9.15047e+05
   Coul. recip.      Potential    Kinetic En.   Total Energy  Conserved En.
    2.49740e+03   -7.64040e+05    1.22593e+05   -6.41447e+05   -7.80478e+05
    Temperature Pres. DC (bar) Pressure (bar)   Constr. rmsd
    2.96710e+02   -1.18711e+02    6.78077e+27    1.95924e-06

           Step           Time
           2000        1.00000

   Energies (kJ/mol)
           Bond          Angle    Proper Dih.  Improper Dih. Per. Imp. Dih.
    5.38934e+01    1.74527e+01    4.76750e-01    3.58390e+03    4.43967e-02
          LJ-14     Coulomb-14        LJ (SR)  Disper. corr.   Coulomb (SR)
    1.60878e+02    5.03293e+01    1.50064e+05   -3.91363e+03   -9.17233e+05
   Coul. recip.      Potential    Kinetic En.   Total Energy  Conserved En.
    2.45884e+03   -7.64757e+05    1.24487e+05   -6.40270e+05   -7.80489e+05
    Temperature Pres. DC (bar) Pressure (bar)   Constr. rmsd
    3.01294e+02   -1.18711e+02    6.78077e+27    1.95924e-06

           Step           Time
           2100        1.05000

   Energies (kJ/mol)
           Bond          Angle    Proper Dih.  Improper Dih. Per. Imp. Dih.
    5.38934e+01    1.74527e+01    4.76750e-01    3.58390e+03    4.43967e-02
          LJ-14     Coulomb-14        LJ (SR)  Disper. corr.   Coulomb (SR)
    1.60878e+02    5.03293e+01    1.50612e+05   -3.91363e+03   -9.16730e+05
   Coul. recip.      Potential    Kinetic En.   Total Energy  Conserved En.
    2.44868e+03   -7.63716e+05    1.23613e+05   -6.40103e+05   -7.80489e+05
    Temperature Pres. DC (bar) Pressure (bar)   Constr. rmsd
    2.99179e+02   -1.18711e+02    6.78077e+27    1.95924e-06

           Step           Time
           2200        1.10000

   Energies (kJ/mol)
           Bond          Angle    Proper Dih.  Improper Dih. Per. Imp. Dih.
    5.38934e+01    1.74527e+01    4.76750e-01    3.58390e+03    4.43967e-02
          LJ-14     Coulomb-14        LJ (SR)  Disper. corr.   Coulomb (SR)
    1.60878e+02    5.03293e+01    1.49825e+05   -3.91363e+03   -9.14658e+05
   Coul. recip.      Potential    Kinetic En.   Total Energy  Conserved En.
    2.45391e+03   -7.62425e+05    1.23205e+05   -6.39220e+05   -7.80498e+05
    Temperature Pres. DC (bar) Pressure (bar)   Constr. rmsd
    2.98191e+02   -1.18711e+02    6.78077e+27    1.95924e-06

           Step           Time
           2300        1.15000

   Energies (kJ/mol)
           Bond          Angle    Proper Dih.  Improper Dih. Per. Imp. Dih.
    5.38934e+01    1.74527e+01    4.76750e-01    3.58390e+03    4.43967e-02
          LJ-14     Coulomb-14        LJ (SR)  Disper. corr.   Coulomb (SR)
    1.60878e+02    5.03293e+01    1.48967e+05   -3.91363e+03   -9.13604e+05
   Coul. recip.      Potential    Kinetic En.   Total Energy  Conserved En.
    2.48203e+03   -7.62202e+05    1.24088e+05   -6.38114e+05   -7.80494e+05
    Temperature Pres. DC (bar) Pressure (bar)   Constr. rmsd
    3.00327e+02   -1.18711e+02    6.78077e+27    1.95924e-06

           Step           Time
           2400        1.20000

   Energies (kJ/mol)
           Bond          Angle    Proper Dih.  Improper Dih. Per. Imp. Dih.
    5.38934e+01    1.74527e+01    4.76750e-01    3.58390e+03    4.43967e-02
          LJ-14     Coulomb-14        LJ (SR)  Disper. corr.   Coulomb (SR)
    1.60878e+02    5.03293e+01    1.46394e+05   -3.91363e+03   -9.10976e+05
   Coul. recip.      Potential    Kinetic En.   Total Energy  Conserved En.
    2.41717e+03   -7.62212e+05    1.24287e+05   -6.37925e+05   -7.80505e+05
    Temperature Pres. DC (bar) Pressure (bar)   Constr. rmsd
    3.00809e+02   -1.18711e+02    6.78077e+27    1.95924e-06

           Step           Time
           2500        1.25000

   Energies (kJ/mol)
           Bond          Angle    Proper Dih.  Improper Dih. Per. Imp. Dih.
    5.38934e+01    1.74527e+01    4.76750e-01    3.58390e+03    4.43967e-02
          LJ-14     Coulomb-14        LJ (SR)  Disper. corr.   Coulomb (SR)
    1.60878e+02    5.03293e+01    1.46876e+05   -3.91363e+03   -9.11037e+05
   Coul. recip.      Potential    Kinetic En.   Total Energy  Conserved En.
    2.48685e+03   -7.61720e+05    1.23889e+05   -6.37831e+05   -7.80498e+05
    Temperature Pres. DC (bar) Pressure (bar)   Constr. rmsd
    2.99847e+02   -1.18711e+02    6.78077e+27    1.95924e-06

           Step           Time
           2600        1.30000

   Energies (kJ/mol)
           Bond          Angle    Proper Dih.  Improper Dih. Per. Imp. Dih.
    5.38934e+01    1.74527e+01    4.76750e-01    3.58390e+03    4.43967e-02
          LJ-14     Coulomb-14        LJ (SR)  Disper. corr.   Coulomb (SR)
    1.60878e+02    5.03293e+01    1.46097e+05   -3.91363e+03   -9.10398e+05
   Coul. recip.      Potential    Kinetic En.   Total Energy  Conserved En.
    2.41869e+03   -7.61928e+05    1.24265e+05   -6.37663e+05   -7.80492e+05
    Temperature Pres. DC (bar) Pressure (bar)   Constr. rmsd
    3.00757e+02   -1.18711e+02    6.78077e+27    1.95924e-06

           Step           Time
           2700        1.35000

   Energies (kJ/mol)
           Bond          Angle    Proper Dih.  Improper Dih. Per. Imp. Dih.
    5.38934e+01    1.74527e+01    4.76750e-01    3.58390e+03    4.43967e-02
          LJ-14     Coulomb-14        LJ (SR)  Disper. corr.   Coulomb (SR)
    1.60878e+02    5.03293e+01    1.45967e+05   -3.91363e+03   -9.10199e+05
   Coul. recip.      Potential    Kinetic En.   Total Energy  Conserved En.
    2.47512e+03   -7.61803e+05    1.23841e+05   -6.37963e+05   -7.80522e+05
    Temperature Pres. DC (bar) Pressure (bar)   Constr. rmsd
    2.99730e+02   -1.18711e+02    6.78077e+27    1.95924e-06

           Step           Time
           2800        1.40000

   Energies (kJ/mol)
           Bond          Angle    Proper Dih.  Improper Dih. Per. Imp. Dih.
    5.38934e+01    1.74527e+01    4.76750e-01    3.58390e+03    4.43967e-02
          LJ-14     Coulomb-14        LJ (SR)  Disper. corr.   Coulomb (SR)
    1.60878e+02    5.03293e+01    1.46910e+05   -3.91363e+03   -9.10718e+05
   Coul. recip.      Potential    Kinetic En.   Total Energy  Conserved En.
    2.55351e+03   -7.61302e+05    1.24262e+05   -6.37040e+05   -7.80515e+05
    Temperature Pres. DC (bar) Pressure (bar)   Constr. rmsd
    3.00750e+02   -1.18711e+02    6.78077e+27    1.95924e-06

           Step           Time
           2900        1.45000

   Energies (kJ/mol)
           Bond          Angle    Proper Dih.  Improper Dih. Per. Imp. Dih.
    5.38934e+01    1.74527e+01    4.76750e-01    3.58390e+03    4.43967e-02
          LJ-14     Coulomb-14        LJ (SR)  Disper. corr.   Coulomb (SR)
    1.60878e+02    5.03293e+01    1.45673e+05   -3.91363e+03   -9.09582e+05
   Coul. recip.      Potential    Kinetic En.   Total Energy  Conserved En.
    2.49506e+03   -7.61460e+05    1.24081e+05   -6.37379e+05   -7.80489e+05
    Temperature Pres. DC (bar) Pressure (bar)   Constr. rmsd
    3.00311e+02   -1.18711e+02    6.78077e+27    1.95924e-06

           Step           Time
           3000        1.50000

   Energies (kJ/mol)
           Bond          Angle    Proper Dih.  Improper Dih. Per. Imp. Dih.
    5.38934e+01    1.74527e+01    4.76750e-01    3.58390e+03    4.43967e-02
          LJ-14     Coulomb-14        LJ (SR)  Disper. corr.   Coulomb (SR)
    1.60878e+02    5.03293e+01    1.45704e+05   -3.91363e+03   -9.10053e+05
   Coul. recip.      Potential    Kinetic En.   Total Energy  Conserved En.
    2.50861e+03   -7.61887e+05    1.24362e+05   -6.37525e+05   -7.80526e+05
    Temperature Pres. DC (bar) Pressure (bar)   Constr. rmsd
    3.00991e+02   -1.18711e+02    6.78077e+27    1.95924e-06

           Step           Time
           3100        1.55000

   Energies (kJ/mol)
           Bond          Angle    Proper Dih.  Improper Dih. Per. Imp. Dih.
    5.38934e+01    1.74527e+01    4.76750e-01    3.58390e+03    4.43967e-02
          LJ-14     Coulomb-14        LJ (SR)  Disper. corr.   Coulomb (SR)
    1.60878e+02    5.03293e+01    1.45578e+05   -3.91363e+03   -9.10180e+05
   Coul. recip.      Potential    Kinetic En.   Total Energy  Conserved En.
    2.38708e+03   -7.62262e+05    1.24683e+05   -6.37579e+05   -7.80511e+05
    Temperature Pres. DC (bar) Pressure (bar)   Constr. rmsd
    3.01769e+02   -1.18711e+02    6.78077e+27    1.95924e-06

           Step           Time
           3200        1.60000

   Energies (kJ/mol)
           Bond          Angle    Proper Dih.  Improper Dih. Per. Imp. Dih.
    5.38934e+01    1.74527e+01    4.76750e-01    3.58390e+03    4.43967e-02
          LJ-14     Coulomb-14        LJ (SR)  Disper. corr.   Coulomb (SR)
    1.60878e+02    5.03293e+01    1.46135e+05   -3.91363e+03   -9.11241e+05
   Coul. recip.      Potential    Kinetic En.   Total Energy  Conserved En.
    2.40822e+03   -7.62744e+05    1.24092e+05   -6.38652e+05   -7.80495e+05
    Temperature Pres. DC (bar) Pressure (bar)   Constr. rmsd
    3.00338e+02   -1.18711e+02    6.78077e+27    1.95924e-06

           Step           Time
           3300        1.65000

   Energies (kJ/mol)
           Bond          Angle    Proper Dih.  Improper Dih. Per. Imp. Dih.
    5.38934e+01    1.74527e+01    4.76750e-01    3.58390e+03    4.43967e-02
          LJ-14     Coulomb-14        LJ (SR)  Disper. corr.   Coulomb (SR)
    1.60878e+02    5.03293e+01    1.46925e+05   -3.91363e+03   -9.11721e+05
   Coul. recip.      Potential    Kinetic En.   Total Energy  Conserved En.
    2.45592e+03   -7.62387e+05    1.24274e+05   -6.38113e+05   -7.80490e+05
    Temperature Pres. DC (bar) Pressure (bar)   Constr. rmsd
    3.00779e+02   -1.18711e+02    6.78077e+27    1.95924e-06

           Step           Time
           3400        1.70000

   Energies (kJ/mol)
           Bond          Angle    Proper Dih.  Improper Dih. Per. Imp. Dih.
    5.38934e+01    1.74527e+01    4.76750e-01    3.58390e+03    4.43967e-02
          LJ-14     Coulomb-14        LJ (SR)  Disper. corr.   Coulomb (SR)
    1.60878e+02    5.03293e+01    1.46989e+05   -3.91363e+03   -9.11330e+05
   Coul. recip.      Potential    Kinetic En.   Total Energy  Conserved En.
    2.57384e+03   -7.61814e+05    1.24170e+05   -6.37644e+05   -7.80482e+05
    Temperature Pres. DC (bar) Pressure (bar)   Constr. rmsd
    3.00526e+02   -1.18711e+02    6.78077e+27    1.95924e-06

           Step           Time
           3500        1.75000

   Energies (kJ/mol)
           Bond          Angle    Proper Dih.  Improper Dih. Per. Imp. Dih.
    5.38934e+01    1.74527e+01    4.76750e-01    3.58390e+03    4.43967e-02
          LJ-14     Coulomb-14        LJ (SR)  Disper. corr.   Coulomb (SR)
    1.60878e+02    5.03293e+01    1.47583e+05   -3.91363e+03   -9.12320e+05
   Coul. recip.      Potential    Kinetic En.   Total Energy  Conserved En.
    2.53881e+03   -7.62246e+05    1.24053e+05   -6.38192e+05   -7.80506e+05
    Temperature Pres. DC (bar) Pressure (bar)   Constr. rmsd
    3.00244e+02   -1.18711e+02    6.78077e+27    1.95924e-06

           Step           Time
           3600        1.80000

   Energies (kJ/mol)
           Bond          Angle    Proper Dih.  Improper Dih. Per. Imp. Dih.
    5.38934e+01    1.74527e+01    4.76750e-01    3.58390e+03    4.43967e-02
          LJ-14     Coulomb-14        LJ (SR)  Disper. corr.   Coulomb (SR)
    1.60878e+02    5.03293e+01    1.47386e+05   -3.91363e+03   -9.12988e+05
   Coul. recip.      Potential    Kinetic En.   Total Energy  Conserved En.
    2.53030e+03   -7.63119e+05    1.25499e+05   -6.37620e+05   -7.80492e+05
    Temperature Pres. DC (bar) Pressure (bar)   Constr. rmsd
    3.03743e+02   -1.18711e+02    6.78077e+27    1.95924e-06

           Step           Time
           3700        1.85000

   Energies (kJ/mol)
           Bond          Angle    Proper Dih.  Improper Dih. Per. Imp. Dih.
    5.38934e+01    1.74527e+01    4.76750e-01    3.58390e+03    4.43967e-02
          LJ-14     Coulomb-14        LJ (SR)  Disper. corr.   Coulomb (SR)
    1.60878e+02    5.03293e+01    1.48773e+05   -3.91363e+03   -9.14051e+05
   Coul. recip.      Potential    Kinetic En.   Total Energy  Conserved En.
    2.45539e+03   -7.62869e+05    1.24346e+05   -6.38523e+05   -7.80477e+05
    Temperature Pres. DC (bar) Pressure (bar)   Constr. rmsd
    3.00952e+02   -1.18711e+02    6.78077e+27    1.95924e-06

           Step           Time
           3800        1.90000

   Energies (kJ/mol)
           Bond          Angle    Proper Dih.  Improper Dih. Per. Imp. Dih.
    5.38934e+01    1.74527e+01    4.76750e-01    3.58390e+03    4.43967e-02
          LJ-14     Coulomb-14        LJ (SR)  Disper. corr.   Coulomb (SR)
    1.60878e+02    5.03293e+01    1.47407e+05   -3.91363e+03   -9.12233e+05
   Coul. recip.      Potential    Kinetic En.   Total Energy  Conserved En.
    2.52307e+03   -7.62350e+05    1.23347e+05   -6.39003e+05   -7.80486e+05
    Temperature Pres. DC (bar) Pressure (bar)   Constr. rmsd
    2.98534e+02   -1.18711e+02    6.78077e+27    1.95924e-06

           Step           Time
           3900        1.95000

   Energies (kJ/mol)
           Bond          Angle    Proper Dih.  Improper Dih. Per. Imp. Dih.
    5.38934e+01    1.74527e+01    4.76750e-01    3.58390e+03    4.43967e-02
          LJ-14     Coulomb-14        LJ (SR)  Disper. corr.   Coulomb (SR)
    1.60878e+02    5.03293e+01    1.44913e+05   -3.91363e+03   -9.10814e+05
   Coul. recip.      Potential    Kinetic En.   Total Energy  Conserved En.
    2.50623e+03   -7.63442e+05    1.24975e+05   -6.38467e+05   -7.80524e+05
    Temperature Pres. DC (bar) Pressure (bar)   Constr. rmsd
    3.02475e+02   -1.18711e+02    6.78077e+27    1.95924e-06

           Step           Time
           4000        2.00000

   Energies (kJ/mol)
           Bond          Angle    Proper Dih.  Improper Dih. Per. Imp. Dih.
    5.38934e+01    1.74527e+01    4.76750e-01    3.58390e+03    4.43967e-02
          LJ-14     Coulomb-14        LJ (SR)  Disper. corr.   Coulomb (SR)
    1.60878e+02    5.03293e+01    1.46297e+05   -3.91363e+03   -9.11290e+05
   Coul. recip.      Potential    Kinetic En.   Total Energy  Conserved En.
    2.40128e+03   -7.62638e+05    1.24219e+05   -6.38420e+05   -7.80523e+05
    Temperature Pres. DC (bar) Pressure (bar)   Constr. rmsd
    3.00645e+02   -1.18711e+02    6.78077e+27    1.95924e-06

           Step           Time
           4100        2.05000

   Energies (kJ/mol)
           Bond          Angle    Proper Dih.  Improper Dih. Per. Imp. Dih.
    5.38934e+01    1.74527e+01    4.76750e-01    3.58390e+03    4.43967e-02
          LJ-14     Coulomb-14        LJ (SR)  Disper. corr.   Coulomb (SR)
    1.60878e+02    5.03293e+01    1.47442e+05   -3.91363e+03   -9.12971e+05
   Coul. recip.      Potential    Kinetic En.   Total Energy  Conserved En.
    2.45376e+03   -7.63121e+05    1.24617e+05   -6.38504e+05   -7.80509e+05
    Temperature Pres. DC (bar) Pressure (bar)   Constr. rmsd
    3.01609e+02   -1.18711e+02    6.78077e+27    1.95924e-06

           Step           Time
           4200        2.10000

   Energies (kJ/mol)
           Bond          Angle    Proper Dih.  Improper Dih. Per. Imp. Dih.
    5.38934e+01    1.74527e+01    4.76750e-01    3.58390e+03    4.43967e-02
          LJ-14     Coulomb-14        LJ (SR)  Disper. corr.   Coulomb (SR)
    1.60878e+02    5.03293e+01    1.47423e+05   -3.91363e+03   -9.13539e+05
   Coul. recip.      Potential    Kinetic En.   Total Energy  Conserved En.
    2.51708e+03   -7.63645e+05    1.25037e+05   -6.38608e+05   -7.80507e+05
    Temperature Pres. DC (bar) Pressure (bar)   Constr. rmsd
    3.02625e+02   -1.18711e+02    6.78077e+27    1.95924e-06

           Step           Time
           4300        2.15000

   Energies (kJ/mol)
           Bond          Angle    Proper Dih.  Improper Dih. Per. Imp. Dih.
    5.38934e+01    1.74527e+01    4.76750e-01    3.58390e+03    4.43967e-02
          LJ-14     Coulomb-14        LJ (SR)  Disper. corr.   Coulomb (SR)
    1.60878e+02    5.03293e+01    1.47907e+05   -3.91363e+03   -9.13662e+05
   Coul. recip.      Potential    Kinetic En.   Total Energy  Conserved En.
    2.46434e+03   -7.63337e+05    1.24431e+05   -6.38906e+05   -7.80496e+05
    Temperature Pres. DC (bar) Pressure (bar)   Constr. rmsd
    3.01159e+02   -1.18711e+02    6.78077e+27    1.95924e-06

           Step           Time
           4400        2.20000

   Energies (kJ/mol)
           Bond          Angle    Proper Dih.  Improper Dih. Per. Imp. Dih.
    5.38934e+01    1.74527e+01    4.76750e-01    3.58390e+03    4.43967e-02
          LJ-14     Coulomb-14        LJ (SR)  Disper. corr.   Coulomb (SR)
    1.60878e+02    5.03293e+01    1.49083e+05   -3.91363e+03   -9.14689e+05
   Coul. recip.      Potential    Kinetic En.   Total Energy  Conserved En.
    2.46900e+03   -7.63183e+05    1.24453e+05   -6.38730e+05   -7.80523e+05
    Temperature Pres. DC (bar) Pressure (bar)   Constr. rmsd
    3.01212e+02   -1.18711e+02    6.78077e+27    1.95924e-06

           Step           Time
           4500        2.25000

   Energies (kJ/mol)
           Bond          Angle    Proper Dih.  Improper Dih. Per. Imp. Dih.
    5.38934e+01    1.74527e+01    4.76750e-01    3.58390e+03    4.43967e-02
          LJ-14     Coulomb-14        LJ (SR)  Disper. corr.   Coulomb (SR)
    1.60878e+02    5.03293e+01    1.48492e+05   -3.91363e+03   -9.15130e+05
   Coul. recip.      Potential    Kinetic En.   Total Energy  Conserved En.
    2.51177e+03   -7.64172e+05    1.24378e+05   -6.39794e+05   -7.80527e+05
    Temperature Pres. DC (bar) Pressure (bar)   Constr. rmsd
    3.01031e+02   -1.18711e+02    6.78077e+27    1.95924e-06

           Step           Time
           4600        2.30000

   Energies (kJ/mol)
           Bond          Angle    Proper Dih.  Improper Dih. Per. Imp. Dih.
    5.38934e+01    1.74527e+01    4.76750e-01    3.58390e+03    4.43967e-02
          LJ-14     Coulomb-14        LJ (SR)  Disper. corr.   Coulomb (SR)
    1.60878e+02    5.03293e+01    1.46883e+05   -3.91363e+03   -9.12509e+05
   Coul. recip.      Potential    Kinetic En.   Total Energy  Conserved En.
    2.36396e+03   -7.63309e+05    1.23349e+05   -6.39960e+05   -7.80496e+05
    Temperature Pres. DC (bar) Pressure (bar)   Constr. rmsd
    2.98540e+02   -1.18711e+02    6.78077e+27    1.95924e-06

           Step           Time
           4700        2.35000

   Energies (kJ/mol)
           Bond          Angle    Proper Dih.  Improper Dih. Per. Imp. Dih.
    5.38934e+01    1.74527e+01    4.76750e-01    3.58390e+03    4.43967e-02
          LJ-14     Coulomb-14        LJ (SR)  Disper. corr.   Coulomb (SR)
    1.60878e+02    5.03293e+01    1.46617e+05   -3.91363e+03   -9.12396e+05
   Coul. recip.      Potential    Kinetic En.   Total Energy  Conserved En.
    2.36481e+03   -7.63461e+05    1.23255e+05   -6.40206e+05   -7.80497e+05
    Temperature Pres. DC (bar) Pressure (bar)   Constr. rmsd
    2.98312e+02   -1.18711e+02    6.78077e+27    1.95924e-06

           Step           Time
           4800        2.40000

   Energies (kJ/mol)
           Bond          Angle    Proper Dih.  Improper Dih. Per. Imp. Dih.
    5.38934e+01    1.74527e+01    4.76750e-01    3.58390e+03    4.43967e-02
          LJ-14     Coulomb-14        LJ (SR)  Disper. corr.   Coulomb (SR)
    1.60878e+02    5.03293e+01    1.47081e+05   -3.91363e+03   -9.13013e+05
   Coul. recip.      Potential    Kinetic En.   Total Energy  Conserved En.
    2.49551e+03   -7.63484e+05    1.24029e+05   -6.39455e+05   -7.80497e+05
    Temperature Pres. DC (bar) Pressure (bar)   Constr. rmsd
    3.00186e+02   -1.18711e+02    6.78077e+27    1.95924e-06

           Step           Time
           4900        2.45000

   Energies (kJ/mol)
           Bond          Angle    Proper Dih.  Improper Dih. Per. Imp. Dih.
    5.38934e+01    1.74527e+01    4.76750e-01    3.58390e+03    4.43967e-02
          LJ-14     Coulomb-14        LJ (SR)  Disper. corr.   Coulomb (SR)
    1.60878e+02    5.03293e+01    1.47144e+05   -3.91363e+03   -9.13026e+05
   Coul. recip.      Potential    Kinetic En.   Total Energy  Conserved En.
    2.46575e+03   -7.63463e+05    1.23862e+05   -6.39602e+05   -7.80502e+05
    Temperature Pres. DC (bar) Pressure (bar)   Constr. rmsd
    2.99781e+02   -1.18711e+02    6.78077e+27    1.95924e-06

           Step           Time
           5000        2.50000

   Energies (kJ/mol)
           Bond          Angle    Proper Dih.  Improper Dih. Per. Imp. Dih.
    5.38934e+01    1.74527e+01    4.76750e-01    3.58390e+03    4.43967e-02
          LJ-14     Coulomb-14        LJ (SR)  Disper. corr.   Coulomb (SR)
    1.60878e+02    5.03293e+01    1.47663e+05   -3.91363e+03   -9.14259e+05
   Coul. recip.      Potential    Kinetic En.   Total Energy  Conserved En.
    2.45053e+03   -7.64192e+05    1.23692e+05   -6.40501e+05   -7.80491e+05
    Temperature Pres. DC (bar) Pressure (bar)   Constr. rmsd
    2.99369e+02   -1.18711e+02    6.78077e+27    1.95924e-06

           Step           Time
           5100        2.55000

   Energies (kJ/mol)
           Bond          Angle    Proper Dih.  Improper Dih. Per. Imp. Dih.
    5.38934e+01    1.74527e+01    4.76750e-01    3.58390e+03    4.43967e-02
          LJ-14     Coulomb-14        LJ (SR)  Disper. corr.   Coulomb (SR)
    1.60878e+02    5.03293e+01    1.45638e+05   -3.91363e+03   -9.12475e+05
   Coul. recip.      Potential    Kinetic En.   Total Energy  Conserved En.
    2.41182e+03   -7.64472e+05    1.23180e+05   -6.41292e+05   -7.80527e+05
    Temperature Pres. DC (bar) Pressure (bar)   Constr. rmsd
    2.98130e+02   -1.18711e+02    6.78077e+27    1.95924e-06

           Step           Time
           5200        2.60000

   Energies (kJ/mol)
           Bond          Angle    Proper Dih.  Improper Dih. Per. Imp. Dih.
    5.38934e+01    1.74527e+01    4.76750e-01    3.58390e+03    4.43967e-02
          LJ-14     Coulomb-14        LJ (SR)  Disper. corr.   Coulomb (SR)
    1.60878e+02    5.03293e+01    1.46109e+05   -3.91363e+03   -9.12756e+05
   Coul. recip.      Potential    Kinetic En.   Total Energy  Conserved En.
    2.40662e+03   -7.64288e+05    1.23367e+05   -6.40920e+05   -7.80494e+05
    Temperature Pres. DC (bar) Pressure (bar)   Constr. rmsd
    2.98584e+02   -1.18711e+02    6.78077e+27    1.95924e-06

           Step           Time
           5300        2.65000

   Energies (kJ/mol)
           Bond          Angle    Proper Dih.  Improper Dih. Per. Imp. Dih.
    5.38934e+01    1.74527e+01    4.76750e-01    3.58390e+03    4.43967e-02
          LJ-14     Coulomb-14        LJ (SR)  Disper. corr.   Coulomb (SR)
    1.60878e+02    5.03293e+01    1.48343e+05   -3.91363e+03   -9.15488e+05
   Coul. recip.      Potential    Kinetic En.   Total Energy  Conserved En.
    2.45109e+03   -7.64741e+05    1.24262e+05   -6.40479e+05   -7.80523e+05
    Temperature Pres. DC (bar) Pressure (bar)   Constr. rmsd
    3.00750e+02   -1.18711e+02    6.78077e+27    1.95924e-06

           Step           Time
           5400        2.70000

   Energies (kJ/mol)
           Bond          Angle    Proper Dih.  Improper Dih. Per. Imp. Dih.
    5.38934e+01    1.74527e+01    4.76750e-01    3.58390e+03    4.43967e-02
          LJ-14     Coulomb-14        LJ (SR)  Disper. corr.   Coulomb (SR)
    1.60878e+02    5.03293e+01    1.48902e+05   -3.91363e+03   -9.15609e+05
   Coul. recip.      Potential    Kinetic En.   Total Energy  Conserved En.
    2.41701e+03   -7.64337e+05    1.23843e+05   -6.40493e+05   -7.80507e+05
    Temperature Pres. DC (bar) Pressure (bar)   Constr. rmsd
    2.99736e+02   -1.18711e+02    6.78077e+27    1.95924e-06

           Step           Time
           5500        2.75000

   Energies (kJ/mol)
           Bond          Angle    Proper Dih.  Improper Dih. Per. Imp. Dih.
    5.38934e+01    1.74527e+01    4.76750e-01    3.58390e+03    4.43967e-02
          LJ-14     Coulomb-14        LJ (SR)  Disper. corr.   Coulomb (SR)
    1.60878e+02    5.03293e+01    1.49281e+05   -3.91363e+03   -9.17376e+05
   Coul. recip.      Potential    Kinetic En.   Total Energy  Conserved En.
    2.43496e+03   -7.65707e+05    1.25102e+05   -6.40605e+05   -7.80484e+05
    Temperature Pres. DC (bar) Pressure (bar)   Constr. rmsd
    3.02782e+02   -1.18711e+02    6.78077e+27    1.95924e-06

           Step           Time
           5600        2.80000

   Energies (kJ/mol)
           Bond          Angle    Proper Dih.  Improper Dih. Per. Imp. Dih.
    5.38934e+01    1.74527e+01    4.76750e-01    3.58390e+03    4.43967e-02
          LJ-14     Coulomb-14        LJ (SR)  Disper. corr.   Coulomb (SR)
    1.60878e+02    5.03293e+01    1.48712e+05   -3.91363e+03   -9.16264e+05
   Coul. recip.      Potential    Kinetic En.   Total Energy  Conserved En.
    2.50363e+03   -7.65095e+05    1.24290e+05   -6.40806e+05   -7.80509e+05
    Temperature Pres. DC (bar) Pressure (bar)   Constr. rmsd
    3.00816e+02   -1.18711e+02    6.78077e+27    1.95924e-06

           Step           Time
           5700        2.85000

   Energies (kJ/mol)
           Bond          Angle    Proper Dih.  Improper Dih. Per. Imp. Dih.
    5.38934e+01    1.74527e+01    4.76750e-01    3.58390e+03    4.43967e-02
          LJ-14     Coulomb-14        LJ (SR)  Disper. corr.   Coulomb (SR)
    1.60878e+02    5.03293e+01    1.47333e+05   -3.91363e+03   -9.14574e+05
   Coul. recip.      Potential    Kinetic En.   Total Energy  Conserved En.
    2.42941e+03   -7.64859e+05    1.24260e+05   -6.40599e+05   -7.80510e+05
    Temperature Pres. DC (bar) Pressure (bar)   Constr. rmsd
    3.00744e+02   -1.18711e+02    6.78077e+27    1.95924e-06

           Step           Time
           5800        2.90000

   Energies (kJ/mol)
           Bond          Angle    Proper Dih.  Improper Dih. Per. Imp. Dih.
    5.38934e+01    1.74527e+01    4.76750e-01    3.58390e+03    4.43967e-02
          LJ-14     Coulomb-14        LJ (SR)  Disper. corr.   Coulomb (SR)
    1.60878e+02    5.03293e+01    1.48520e+05   -3.91363e+03   -9.15556e+05
   Coul. recip.      Potential    Kinetic En.   Total Energy  Conserved En.
    2.37086e+03   -7.64712e+05    1.24233e+05   -6.40479e+05   -7.80516e+05
    Temperature Pres. DC (bar) Pressure (bar)   Constr. rmsd
    3.00679e+02   -1.18711e+02    6.78077e+27    1.95924e-06

           Step           Time
           5900        2.95000

   Energies (kJ/mol)
           Bond          Angle    Proper Dih.  Improper Dih. Per. Imp. Dih.
    5.38934e+01    1.74527e+01    4.76750e-01    3.58390e+03    4.43967e-02
          LJ-14     Coulomb-14        LJ (SR)  Disper. corr.   Coulomb (SR)
    1.60878e+02    5.03293e+01    1.47759e+05   -3.91363e+03   -9.15921e+05
   Coul. recip.      Potential    Kinetic En.   Total Energy  Conserved En.
    2.35184e+03   -7.65857e+05    1.25100e+05   -6.40758e+05   -7.80509e+05
    Temperature Pres. DC (bar) Pressure (bar)   Constr. rmsd
    3.02777e+02   -1.18711e+02    6.78077e+27    1.95924e-06

           Step           Time
           6000        3.00000

   Energies (kJ/mol)
           Bond          Angle    Proper Dih.  Improper Dih. Per. Imp. Dih.
    5.38934e+01    1.74527e+01    4.76750e-01    3.58390e+03    4.43967e-02
          LJ-14     Coulomb-14        LJ (SR)  Disper. corr.   Coulomb (SR)
    1.60878e+02    5.03293e+01    1.47284e+05   -3.91363e+03   -9.15101e+05
   Coul. recip.      Potential    Kinetic En.   Total Energy  Conserved En.
    2.35627e+03   -7.65507e+05    1.24709e+05   -6.40798e+05   -7.80506e+05
    Temperature Pres. DC (bar) Pressure (bar)   Constr. rmsd
    3.01830e+02   -1.18711e+02    6.78077e+27    1.95924e-06

           Step           Time
           6100        3.05000

   Energies (kJ/mol)
           Bond          Angle    Proper Dih.  Improper Dih. Per. Imp. Dih.
    5.38934e+01    1.74527e+01    4.76750e-01    3.58390e+03    4.43967e-02
          LJ-14     Coulomb-14        LJ (SR)  Disper. corr.   Coulomb (SR)
    1.60878e+02    5.03293e+01    1.49017e+05   -3.91363e+03   -9.17066e+05
   Coul. recip.      Potential    Kinetic En.   Total Energy  Conserved En.
    2.46369e+03   -7.65632e+05    1.23944e+05   -6.41688e+05   -7.80526e+05
    Temperature Pres. DC (bar) Pressure (bar)   Constr. rmsd
    2.99979e+02   -1.18711e+02    6.78077e+27    1.95924e-06

           Step           Time
           6200        3.10000

   Energies (kJ/mol)
           Bond          Angle    Proper Dih.  Improper Dih. Per. Imp. Dih.
    5.38934e+01    1.74527e+01    4.76750e-01    3.58390e+03    4.43967e-02
          LJ-14     Coulomb-14        LJ (SR)  Disper. corr.   Coulomb (SR)
    1.60878e+02    5.03293e+01    1.48821e+05   -3.91363e+03   -9.16119e+05
   Coul. recip.      Potential    Kinetic En.   Total Energy  Conserved En.
    2.40105e+03   -7.64944e+05    1.23859e+05   -6.41085e+05   -7.80505e+05
    Temperature Pres. DC (bar) Pressure (bar)   Constr. rmsd
    2.99773e+02   -1.18711e+02    6.78077e+27    1.95924e-06

           Step           Time
           6300        3.15000

   Energies (kJ/mol)
           Bond          Angle    Proper Dih.  Improper Dih. Per. Imp. Dih.
    5.38934e+01    1.74527e+01    4.76750e-01    3.58390e+03    4.43967e-02
          LJ-14     Coulomb-14        LJ (SR)  Disper. corr.   Coulomb (SR)
    1.60878e+02    5.03293e+01    1.47633e+05   -3.91363e+03   -9.15005e+05
   Coul. recip.      Potential    Kinetic En.   Total Energy  Conserved En.
    2.48521e+03   -7.64933e+05    1.23551e+05   -6.41382e+05   -7.80505e+05
    Temperature Pres. DC (bar) Pressure (bar)   Constr. rmsd
    2.99029e+02   -1.18711e+02    6.78077e+27    1.95924e-06

           Step           Time
           6400        3.20000

   Energies (kJ/mol)
           Bond          Angle    Proper Dih.  Improper Dih. Per. Imp. Dih.
    5.38934e+01    1.74527e+01    4.76750e-01    3.58390e+03    4.43967e-02
          LJ-14     Coulomb-14        LJ (SR)  Disper. corr.   Coulomb (SR)
    1.60878e+02    5.03293e+01    1.47672e+05   -3.91363e+03   -9.14912e+05
   Coul. recip.      Potential    Kinetic En.   Total Energy  Conserved En.
    2.41834e+03   -7.64868e+05    1.23738e+05   -6.41130e+05   -7.80492e+05
    Temperature Pres. DC (bar) Pressure (bar)   Constr. rmsd
    2.99481e+02   -1.18711e+02    6.78077e+27    1.95924e-06

           Step           Time
           6500        3.25000

   Energies (kJ/mol)
           Bond          Angle    Proper Dih.  Improper Dih. Per. Imp. Dih.
    5.38934e+01    1.74527e+01    4.76750e-01    3.58390e+03    4.43967e-02
          LJ-14     Coulomb-14        LJ (SR)  Disper. corr.   Coulomb (SR)
    1.60878e+02    5.03293e+01    1.47228e+05   -3.91363e+03   -9.15007e+05
   Coul. recip.      Potential    Kinetic En.   Total Energy  Conserved En.
    2.36650e+03   -7.65459e+05    1.24575e+05   -6.40884e+05   -7.80529e+05
    Temperature Pres. DC (bar) Pressure (bar)   Constr. rmsd
    3.01507e+02   -1.18711e+02    6.78077e+27    1.95924e-06

           Step           Time
           6600        3.30000

   Energies (kJ/mol)
           Bond          Angle    Proper Dih.  Improper Dih. Per. Imp. Dih.
    5.38934e+01    1.74527e+01    4.76750e-01    3.58390e+03    4.43967e-02
          LJ-14     Coulomb-14        LJ (SR)  Disper. corr.   Coulomb (SR)
    1.60878e+02    5.03293e+01    1.48044e+05   -3.91363e+03   -9.15992e+05
   Coul. recip.      Potential    Kinetic En.   Total Energy  Conserved En.
    2.32914e+03   -7.65666e+05    1.24808e+05   -6.40858e+05   -7.80505e+05
    Temperature Pres. DC (bar) Pressure (bar)   Constr. rmsd
    3.02070e+02   -1.18711e+02    6.78077e+27    1.95924e-06

           Step           Time
           6700        3.35000

   Energies (kJ/mol)
           Bond          Angle    Proper Dih.  Improper Dih. Per. Imp. Dih.
    5.38934e+01    1.74527e+01    4.76750e-01    3.58390e+03    4.43967e-02
          LJ-14     Coulomb-14        LJ (SR)  Disper. corr.   Coulomb (SR)
    1.60878e+02    5.03293e+01    1.45997e+05   -3.91363e+03   -9.14345e+05
   Coul. recip.      Potential    Kinetic En.   Total Energy  Conserved En.
    2.48621e+03   -7.65909e+05    1.24127e+05   -6.41781e+05   -7.80519e+05
    Temperature Pres. DC (bar) Pressure (bar)   Constr. rmsd
    3.00424e+02   -1.18711e+02    6.78077e+27    1.95924e-06

           Step           Time
           6800        3.40000

   Energies (kJ/mol)
           Bond          Angle    Proper Dih.  Improper Dih. Per. Imp. Dih.
    5.38934e+01    1.74527e+01    4.76750e-01    3.58390e+03    4.43967e-02
          LJ-14     Coulomb-14        LJ (SR)  Disper. corr.   Coulomb (SR)
    1.60878e+02    5.03293e+01    1.47854e+05   -3.91363e+03   -9.16139e+05
   Coul. recip.      Potential    Kinetic En.   Total Energy  Conserved En.
    2.40618e+03   -7.65926e+05    1.23860e+05   -6.42065e+05   -7.80514e+05
    Temperature Pres. DC (bar) Pressure (bar)   Constr. rmsd
    2.99777e+02   -1.18711e+02    6.78077e+27    1.95924e-06

           Step           Time
           6900        3.45000

   Energies (kJ/mol)
           Bond          Angle    Proper Dih.  Improper Dih. Per. Imp. Dih.
    5.38934e+01    1.74527e+01    4.76750e-01    3.58390e+03    4.43967e-02
          LJ-14     Coulomb-14        LJ (SR)  Disper. corr.   Coulomb (SR)
    1.60878e+02    5.03293e+01    1.48063e+05   -3.91363e+03   -9.16408e+05
   Coul. recip.      Potential    Kinetic En.   Total Energy  Conserved En.
    2.41260e+03   -7.65979e+05    1.23487e+05   -6.42492e+05   -7.80499e+05
    Temperature Pres. DC (bar) Pressure (bar)   Constr. rmsd
    2.98873e+02   -1.18711e+02    6.78077e+27    1.95924e-06

           Step           Time
           7000        3.50000

   Energies (kJ/mol)
           Bond          Angle    Proper Dih.  Improper Dih. Per. Imp. Dih.
    5.38934e+01    1.74527e+01    4.76750e-01    3.58390e+03    4.43967e-02
          LJ-14     Coulomb-14        LJ (SR)  Disper. corr.   Coulomb (SR)
    1.60878e+02    5.03293e+01    1.47404e+05   -3.91363e+03   -9.16801e+05
   Coul. recip.      Potential    Kinetic En.   Total Energy  Conserved En.
    2.49391e+03   -7.66950e+05    1.23738e+05   -6.43211e+05   -7.80507e+05
    Temperature Pres. DC (bar) Pressure (bar)   Constr. rmsd
    2.99482e+02   -1.18711e+02    6.78077e+27    1.95924e-06

           Step           Time
           7100        3.55000

   Energies (kJ/mol)
           Bond          Angle    Proper Dih.  Improper Dih. Per. Imp. Dih.
    5.38934e+01    1.74527e+01    4.76750e-01    3.58390e+03    4.43967e-02
          LJ-14     Coulomb-14        LJ (SR)  Disper. corr.   Coulomb (SR)
    1.60878e+02    5.03293e+01    1.48079e+05   -3.91363e+03   -9.17620e+05
   Coul. recip.      Potential    Kinetic En.   Total Energy  Conserved En.
    2.43092e+03   -7.67156e+05    1.24735e+05   -6.42422e+05   -7.80528e+05
    Temperature Pres. DC (bar) Pressure (bar)   Constr. rmsd
    3.01893e+02   -1.18711e+02    6.78077e+27    1.95924e-06

           Step           Time
           7200        3.60000

   Energies (kJ/mol)
           Bond          Angle    Proper Dih.  Improper Dih. Per. Imp. Dih.
    5.38934e+01    1.74527e+01    4.76750e-01    3.58390e+03    4.43967e-02
          LJ-14     Coulomb-14        LJ (SR)  Disper. corr.   Coulomb (SR)
    1.60878e+02    5.03293e+01    1.47683e+05   -3.91363e+03   -9.16592e+05
   Coul. recip.      Potential    Kinetic En.   Total Energy  Conserved En.
    2.45367e+03   -7.66502e+05    1.23536e+05   -6.42966e+05   -7.80520e+05
    Temperature Pres. DC (bar) Pressure (bar)   Constr. rmsd
    2.98991e+02   -1.18711e+02    6.78077e+27    1.95924e-06

           Step           Time
           7300        3.65000

   Energies (kJ/mol)
           Bond          Angle    Proper Dih.  Improper Dih. Per. Imp. Dih.
    5.38934e+01    1.74527e+01    4.76750e-01    3.58390e+03    4.43967e-02
          LJ-14     Coulomb-14        LJ (SR)  Disper. corr.   Coulomb (SR)
    1.60878e+02    5.03293e+01    1.47676e+05   -3.91363e+03   -9.17356e+05
   Coul. recip.      Potential    Kinetic En.   Total Energy  Conserved En.
    2.46484e+03   -7.67262e+05    1.24011e+05   -6.43251e+05   -7.80496e+05
    Temperature Pres. DC (bar) Pressure (bar)   Constr. rmsd
    3.00141e+02   -1.18711e+02    6.78077e+27    1.95924e-06

           Step           Time
           7400        3.70000

   Energies (kJ/mol)
           Bond          Angle    Proper Dih.  Improper Dih. Per. Imp. Dih.
    5.38934e+01    1.74527e+01    4.76750e-01    3.58390e+03    4.43967e-02
          LJ-14     Coulomb-14        LJ (SR)  Disper. corr.   Coulomb (SR)
    1.60878e+02    5.03293e+01    1.48699e+05   -3.91363e+03   -9.17576e+05
   Coul. recip.      Potential    Kinetic En.   Total Energy  Conserved En.
    2.37969e+03   -7.66544e+05    1.23080e+05   -6.43464e+05   -7.80520e+05
    Temperature Pres. DC (bar) Pressure (bar)   Constr. rmsd
    2.97889e+02   -1.18711e+02    6.78077e+27    1.95924e-06

           Step           Time
           7500        3.75000

   Energies (kJ/mol)
           Bond          Angle    Proper Dih.  Improper Dih. Per. Imp. Dih.
    5.38934e+01    1.74527e+01    4.76750e-01    3.58390e+03    4.43967e-02
          LJ-14     Coulomb-14        LJ (SR)  Disper. corr.   Coulomb (SR)
    1.60878e+02    5.03293e+01    1.48402e+05   -3.91363e+03   -9.18336e+05
   Coul. recip.      Potential    Kinetic En.   Total Energy  Conserved En.
    2.36387e+03   -7.67617e+05    1.23838e+05   -6.43779e+05   -7.80527e+05
    Temperature Pres. DC (bar) Pressure (bar)   Constr. rmsd
    2.99724e+02   -1.18711e+02    6.78077e+27    1.95924e-06

           Step           Time
           7600        3.80000

   Energies (kJ/mol)
           Bond          Angle    Proper Dih.  Improper Dih. Per. Imp. Dih.
    5.38934e+01    1.74527e+01    4.76750e-01    3.58390e+03    4.43967e-02
          LJ-14     Coulomb-14        LJ (SR)  Disper. corr.   Coulomb (SR)
    1.60878e+02    5.03293e+01    1.48633e+05   -3.91363e+03   -9.18231e+05
   Coul. recip.      Potential    Kinetic En.   Total Energy  Conserved En.
    2.36609e+03   -7.67278e+05    1.24254e+05   -6.43024e+05   -7.80527e+05
    Temperature Pres. DC (bar) Pressure (bar)   Constr. rmsd
    3.00730e+02   -1.18711e+02    6.78077e+27    1.95924e-06

           Step           Time
           7700        3.85000

   Energies (kJ/mol)
           Bond          Angle    Proper Dih.  Improper Dih. Per. Imp. Dih.
    5.38934e+01    1.74527e+01    4.76750e-01    3.58390e+03    4.43967e-02
          LJ-14     Coulomb-14        LJ (SR)  Disper. corr.   Coulomb (SR)
    1.60878e+02    5.03293e+01    1.49039e+05   -3.91363e+03   -9.18021e+05
   Coul. recip.      Potential    Kinetic En.   Total Energy  Conserved En.
    2.37902e+03   -7.66650e+05    1.22724e+05   -6.43925e+05   -7.80503e+05
    Temperature Pres. DC (bar) Pressure (bar)   Constr. rmsd
    2.97028e+02   -1.18711e+02    6.78077e+27    1.95924e-06

           Step           Time
           7800        3.90000

   Energies (kJ/mol)
           Bond          Angle    Proper Dih.  Improper Dih. Per. Imp. Dih.
    5.38934e+01    1.74527e+01    4.76750e-01    3.58390e+03    4.43967e-02
          LJ-14     Coulomb-14        LJ (SR)  Disper. corr.   Coulomb (SR)
    1.60878e+02    5.03293e+01    1.48693e+05   -3.91363e+03   -9.18435e+05
   Coul. recip.      Potential    Kinetic En.   Total Energy  Conserved En.
    2.42928e+03   -7.67359e+05    1.23884e+05   -6.43476e+05   -7.80532e+05
    Temperature Pres. DC (bar) Pressure (bar)   Constr. rmsd
    2.99834e+02   -1.18711e+02    6.78077e+27    1.95924e-06

           Step           Time
           7900        3.95000

   Energies (kJ/mol)
           Bond          Angle    Proper Dih.  Improper Dih. Per. Imp. Dih.
    5.38934e+01    1.74527e+01    4.76750e-01    3.58390e+03    4.43967e-02
          LJ-14     Coulomb-14        LJ (SR)  Disper. corr.   Coulomb (SR)
    1.60878e+02    5.03293e+01    1.47746e+05   -3.91363e+03   -9.17102e+05
   Coul. recip.      Potential    Kinetic En.   Total Energy  Conserved En.
    2.37977e+03   -7.67024e+05    1.23038e+05   -6.43986e+05   -7.80523e+05
    Temperature Pres. DC (bar) Pressure (bar)   Constr. rmsd
    2.97786e+02   -1.18711e+02    6.78077e+27    1.95924e-06

           Step           Time
           8000        4.00000

   Energies (kJ/mol)
           Bond          Angle    Proper Dih.  Improper Dih. Per. Imp. Dih.
    5.38934e+01    1.74527e+01    4.76750e-01    3.58390e+03    4.43967e-02
          LJ-14     Coulomb-14        LJ (SR)  Disper. corr.   Coulomb (SR)
    1.60878e+02    5.03293e+01    1.49720e+05   -3.91363e+03   -9.20110e+05
   Coul. recip.      Potential    Kinetic En.   Total Energy  Conserved En.
    2.36913e+03   -7.68068e+05    1.23945e+05   -6.44123e+05   -7.80553e+05
    Temperature Pres. DC (bar) Pressure (bar)   Constr. rmsd
    2.99982e+02   -1.18711e+02    6.78077e+27    1.95924e-06

           Step           Time
           8100        4.05000

   Energies (kJ/mol)
           Bond          Angle    Proper Dih.  Improper Dih. Per. Imp. Dih.
    5.38934e+01    1.74527e+01    4.76750e-01    3.58390e+03    4.43967e-02
          LJ-14     Coulomb-14        LJ (SR)  Disper. corr.   Coulomb (SR)
    1.60878e+02    5.03293e+01    1.50467e+05   -3.91363e+03   -9.20841e+05
   Coul. recip.      Potential    Kinetic En.   Total Energy  Conserved En.
    2.43954e+03   -7.67981e+05    1.23427e+05   -6.44554e+05   -7.80506e+05
    Temperature Pres. DC (bar) Pressure (bar)   Constr. rmsd
    2.98728e+02   -1.18711e+02    6.78077e+27    1.95924e-06

           Step           Time
           8200        4.10000

   Energies (kJ/mol)
           Bond          Angle    Proper Dih.  Improper Dih. Per. Imp. Dih.
    5.38934e+01    1.74527e+01    4.76750e-01    3.58390e+03    4.43967e-02
          LJ-14     Coulomb-14        LJ (SR)  Disper. corr.   Coulomb (SR)
    1.60878e+02    5.03293e+01    1.48657e+05   -3.91363e+03   -9.18663e+05
   Coul. recip.      Potential    Kinetic En.   Total Energy  Conserved En.
    2.36760e+03   -7.67685e+05    1.23640e+05   -6.44045e+05   -7.80505e+05
    Temperature Pres. DC (bar) Pressure (bar)   Constr. rmsd
    2.99243e+02   -1.18711e+02    6.78077e+27    1.95924e-06

           Step           Time
           8300        4.15000

   Energies (kJ/mol)
           Bond          Angle    Proper Dih.  Improper Dih. Per. Imp. Dih.
    5.38934e+01    1.74527e+01    4.76750e-01    3.58390e+03    4.43967e-02
          LJ-14     Coulomb-14        LJ (SR)  Disper. corr.   Coulomb (SR)
    1.60878e+02    5.03293e+01    1.50173e+05   -3.91363e+03   -9.20394e+05
   Coul. recip.      Potential    Kinetic En.   Total Energy  Conserved En.
    2.38105e+03   -7.67886e+05    1.23957e+05   -6.43929e+05   -7.80522e+05
    Temperature Pres. DC (bar) Pressure (bar)   Constr. rmsd
    3.00011e+02   -1.18711e+02    6.78077e+27    1.95924e-06

           Step           Time
           8400        4.20000

   Energies (kJ/mol)
           Bond          Angle    Proper Dih.  Improper Dih. Per. Imp. Dih.
    5.38934e+01    1.74527e+01    4.76750e-01    3.58390e+03    4.43967e-02
          LJ-14     Coulomb-14        LJ (SR)  Disper. corr.   Coulomb (SR)
    1.60878e+02    5.03293e+01    1.49497e+05   -3.91363e+03   -9.19662e+05
   Coul. recip.      Potential    Kinetic En.   Total Energy  Conserved En.
    2.38054e+03   -7.67831e+05    1.23295e+05   -6.44536e+05   -7.80526e+05
    Temperature Pres. DC (bar) Pressure (bar)   Constr. rmsd
    2.98408e+02   -1.18711e+02    6.78077e+27    1.95924e-06

           Step           Time
           8500        4.25000

   Energies (kJ/mol)
           Bond          Angle    Proper Dih.  Improper Dih. Per. Imp. Dih.
    5.38934e+01    1.74527e+01    4.76750e-01    3.58390e+03    4.43967e-02
          LJ-14     Coulomb-14        LJ (SR)  Disper. corr.   Coulomb (SR)
    1.60878e+02    5.03293e+01    1.50212e+05   -3.91363e+03   -9.20846e+05
   Coul. recip.      Potential    Kinetic En.   Total Energy  Conserved En.
    2.37550e+03   -7.68306e+05    1.23747e+05   -6.44558e+05   -7.80538e+05
    Temperature Pres. DC (bar) Pressure (bar)   Constr. rmsd
    2.99504e+02   -1.18711e+02    6.78077e+27    1.95924e-06

           Step           Time
           8600        4.30000

   Energies (kJ/mol)
           Bond          Angle    Proper Dih.  Improper Dih. Per. Imp. Dih.
    5.38934e+01    1.74527e+01    4.76750e-01    3.58390e+03    4.43967e-02
          LJ-14     Coulomb-14        LJ (SR)  Disper. corr.   Coulomb (SR)
    1.60878e+02    5.03293e+01    1.50464e+05   -3.91363e+03   -9.21781e+05
   Coul. recip.      Potential    Kinetic En.   Total Energy  Conserved En.
    2.35232e+03   -7.69012e+05    1.23789e+05   -6.45223e+05   -7.80514e+05
    Temperature Pres. DC (bar) Pressure (bar)   Constr. rmsd
    2.99604e+02   -1.18711e+02    6.78077e+27    1.95924e-06

           Step           Time
           8700        4.35000

   Energies (kJ/mol)
           Bond          Angle    Proper Dih.  Improper Dih. Per. Imp. Dih.
    5.38934e+01    1.74527e+01    4.76750e-01    3.58390e+03    4.43967e-02
          LJ-14     Coulomb-14        LJ (SR)  Disper. corr.   Coulomb (SR)
    1.60878e+02    5.03293e+01    1.50452e+05   -3.91363e+03   -9.21241e+05
   Coul. recip.      Potential    Kinetic En.   Total Energy  Conserved En.
    2.37037e+03   -7.68465e+05    1.23526e+05   -6.44939e+05   -7.80523e+05
    Temperature Pres. DC (bar) Pressure (bar)   Constr. rmsd
    2.98968e+02   -1.18711e+02    6.78077e+27    1.95924e-06

           Step           Time
           8800        4.40000

   Energies (kJ/mol)
           Bond          Angle    Proper Dih.  Improper Dih. Per. Imp. Dih.
    5.38934e+01    1.74527e+01    4.76750e-01    3.58390e+03    4.43967e-02
          LJ-14     Coulomb-14        LJ (SR)  Disper. corr.   Coulomb (SR)
    1.60878e+02    5.03293e+01    1.50646e+05   -3.91363e+03   -9.20866e+05
   Coul. recip.      Potential    Kinetic En.   Total Energy  Conserved En.
    2.33301e+03   -7.67934e+05    1.23615e+05   -6.44319e+05   -7.80534e+05
    Temperature Pres. DC (bar) Pressure (bar)   Constr. rmsd
    2.99182e+02   -1.18711e+02    6.78077e+27    1.95924e-06

           Step           Time
           8900        4.45000

   Energies (kJ/mol)
           Bond          Angle    Proper Dih.  Improper Dih. Per. Imp. Dih.
    5.38934e+01    1.74527e+01    4.76750e-01    3.58390e+03    4.43967e-02
          LJ-14     Coulomb-14        LJ (SR)  Disper. corr.   Coulomb (SR)
    1.60878e+02    5.03293e+01    1.49011e+05   -3.91363e+03   -9.19558e+05
   Coul. recip.      Potential    Kinetic En.   Total Energy  Conserved En.
    2.38953e+03   -7.68204e+05    1.23821e+05   -6.44383e+05   -7.80541e+05
    Temperature Pres. DC (bar) Pressure (bar)   Constr. rmsd
    2.99681e+02   -1.18711e+02    6.78077e+27    1.95924e-06

           Step           Time
           9000        4.50000

   Energies (kJ/mol)
           Bond          Angle    Proper Dih.  Improper Dih. Per. Imp. Dih.
    5.38934e+01    1.74527e+01    4.76750e-01    3.58390e+03    4.43967e-02
          LJ-14     Coulomb-14        LJ (SR)  Disper. corr.   Coulomb (SR)
    1.60878e+02    5.03293e+01    1.49481e+05   -3.91363e+03   -9.19866e+05
   Coul. recip.      Potential    Kinetic En.   Total Energy  Conserved En.
    2.39041e+03   -7.68041e+05    1.23438e+05   -6.44603e+05   -7.80541e+05
    Temperature Pres. DC (bar) Pressure (bar)   Constr. rmsd
    2.98756e+02   -1.18711e+02    6.78077e+27    1.95924e-06

           Step           Time
           9100        4.55000

   Energies (kJ/mol)
           Bond          Angle    Proper Dih.  Improper Dih. Per. Imp. Dih.
    5.38934e+01    1.74527e+01    4.76750e-01    3.58390e+03    4.43967e-02
          LJ-14     Coulomb-14        LJ (SR)  Disper. corr.   Coulomb (SR)
    1.60878e+02    5.03293e+01    1.50083e+05   -3.91363e+03   -9.20306e+05
   Coul. recip.      Potential    Kinetic En.   Total Energy  Conserved En.
    2.35976e+03   -7.67911e+05    1.23978e+05   -6.43932e+05   -7.80537e+05
    Temperature Pres. DC (bar) Pressure (bar)   Constr. rmsd
    3.00063e+02   -1.18711e+02    6.78077e+27    1.95924e-06

           Step           Time
           9200        4.60000

   Energies (kJ/mol)
           Bond          Angle    Proper Dih.  Improper Dih. Per. Imp. Dih.
    5.38934e+01    1.74527e+01    4.76750e-01    3.58390e+03    4.43967e-02
          LJ-14     Coulomb-14        LJ (SR)  Disper. corr.   Coulomb (SR)
    1.60878e+02    5.03293e+01    1.50027e+05   -3.91363e+03   -9.20270e+05
   Coul. recip.      Potential    Kinetic En.   Total Energy  Conserved En.
    2.45546e+03   -7.67834e+05    1.23879e+05   -6.43954e+05   -7.80510e+05
    Temperature Pres. DC (bar) Pressure (bar)   Constr. rmsd
    2.99823e+02   -1.18711e+02    6.78077e+27    1.95924e-06

           Step           Time
           9300        4.65000

   Energies (kJ/mol)
           Bond          Angle    Proper Dih.  Improper Dih. Per. Imp. Dih.
    5.38934e+01    1.74527e+01    4.76750e-01    3.58390e+03    4.43967e-02
          LJ-14     Coulomb-14        LJ (SR)  Disper. corr.   Coulomb (SR)
    1.60878e+02    5.03293e+01    1.49485e+05   -3.91363e+03   -9.19113e+05
   Coul. recip.      Potential    Kinetic En.   Total Energy  Conserved En.
    2.42442e+03   -7.67250e+05    1.23589e+05   -6.43660e+05   -7.80515e+05
    Temperature Pres. DC (bar) Pressure (bar)   Constr. rmsd
    2.99121e+02   -1.18711e+02    6.78077e+27    1.95924e-06

           Step           Time
           9400        4.70000

   Energies (kJ/mol)
           Bond          Angle    Proper Dih.  Improper Dih. Per. Imp. Dih.
    5.38934e+01    1.74527e+01    4.76750e-01    3.58390e+03    4.43967e-02
          LJ-14     Coulomb-14        LJ (SR)  Disper. corr.   Coulomb (SR)
    1.60878e+02    5.03293e+01    1.49902e+05   -3.91363e+03   -9.19639e+05
   Coul. recip.      Potential    Kinetic En.   Total Energy  Conserved En.
    2.47020e+03   -7.67313e+05    1.23461e+05   -6.43853e+05   -7.80534e+05
    Temperature Pres. DC (bar) Pressure (bar)   Constr. rmsd
    2.98810e+02   -1.18711e+02    6.78077e+27    1.95924e-06

           Step           Time
           9500        4.75000

   Energies (kJ/mol)
           Bond          Angle    Proper Dih.  Improper Dih. Per. Imp. Dih.
    5.38934e+01    1.74527e+01    4.76750e-01    3.58390e+03    4.43967e-02
          LJ-14     Coulomb-14        LJ (SR)  Disper. corr.   Coulomb (SR)
    1.60878e+02    5.03293e+01    1.48177e+05   -3.91363e+03   -9.19373e+05
   Coul. recip.      Potential    Kinetic En.   Total Energy  Conserved En.
    2.43304e+03   -7.68810e+05    1.24178e+05   -6.44632e+05   -7.80549e+05
    Temperature Pres. DC (bar) Pressure (bar)   Constr. rmsd
    3.00547e+02   -1.18711e+02    6.78077e+27    1.95924e-06

           Step           Time
           9600        4.80000

   Energies (kJ/mol)
           Bond          Angle    Proper Dih.  Improper Dih. Per. Imp. Dih.
    5.38934e+01    1.74527e+01    4.76750e-01    3.58390e+03    4.43967e-02
          LJ-14     Coulomb-14        LJ (SR)  Disper. corr.   Coulomb (SR)
    1.60878e+02    5.03293e+01    1.49648e+05   -3.91363e+03   -9.19998e+05
   Coul. recip.      Potential    Kinetic En.   Total Energy  Conserved En.
    2.38996e+03   -7.68007e+05    1.24491e+05   -6.43517e+05   -7.80509e+05
    Temperature Pres. DC (bar) Pressure (bar)   Constr. rmsd
    3.01303e+02   -1.18711e+02    6.78077e+27    1.95924e-06

           Step           Time
           9700        4.85000

   Energies (kJ/mol)
           Bond          Angle    Proper Dih.  Improper Dih. Per. Imp. Dih.
    5.38934e+01    1.74527e+01    4.76750e-01    3.58390e+03    4.43967e-02
          LJ-14     Coulomb-14        LJ (SR)  Disper. corr.   Coulomb (SR)
    1.60878e+02    5.03293e+01    1.49382e+05   -3.91363e+03   -9.19820e+05
   Coul. recip.      Potential    Kinetic En.   Total Energy  Conserved En.
    2.46004e+03   -7.68024e+05    1.25105e+05   -6.42920e+05   -7.80538e+05
    Temperature Pres. DC (bar) Pressure (bar)   Constr. rmsd
    3.02789e+02   -1.18711e+02    6.78077e+27    1.95924e-06

           Step           Time
           9800        4.90000

   Energies (kJ/mol)
           Bond          Angle    Proper Dih.  Improper Dih. Per. Imp. Dih.
    5.38934e+01    1.74527e+01    4.76750e-01    3.58390e+03    4.43967e-02
          LJ-14     Coulomb-14        LJ (SR)  Disper. corr.   Coulomb (SR)
    1.60878e+02    5.03293e+01    1.49078e+05   -3.91363e+03   -9.18124e+05
   Coul. recip.      Potential    Kinetic En.   Total Energy  Conserved En.
    2.40068e+03   -7.66692e+05    1.23445e+05   -6.43247e+05   -7.80510e+05
    Temperature Pres. DC (bar) Pressure (bar)   Constr. rmsd
    2.98772e+02   -1.18711e+02    6.78077e+27    1.95924e-06

           Step           Time
           9900        4.95000

   Energies (kJ/mol)
           Bond          Angle    Proper Dih.  Improper Dih. Per. Imp. Dih.
    5.38934e+01    1.74527e+01    4.76750e-01    3.58390e+03    4.43967e-02
          LJ-14     Coulomb-14        LJ (SR)  Disper. corr.   Coulomb (SR)
    1.60878e+02    5.03293e+01    1.49199e+05   -3.91363e+03   -9.18726e+05
   Coul. recip.      Potential    Kinetic En.   Total Energy  Conserved En.
    2.43656e+03   -7.67137e+05    1.24760e+05   -6.42377e+05   -7.80552e+05
    Temperature Pres. DC (bar) Pressure (bar)   Constr. rmsd
    3.01954e+02   -1.18711e+02    6.78077e+27    1.95924e-06

           Step           Time
          10000        5.00000

   Energies (kJ/mol)
           Bond          Angle    Proper Dih.  Improper Dih. Per. Imp. Dih.
    5.38934e+01    1.74527e+01    4.76750e-01    3.58390e+03    4.43967e-02
          LJ-14     Coulomb-14        LJ (SR)  Disper. corr.   Coulomb (SR)
    1.60878e+02    5.03293e+01    1.49527e+05   -3.91363e+03   -9.18806e+05
   Coul. recip.      Potential    Kinetic En.   Total Energy  Conserved En.
    2.44021e+03   -7.66886e+05    1.24042e+05   -6.42844e+05   -7.80520e+05
    Temperature Pres. DC (bar) Pressure (bar)   Constr. rmsd
    3.00216e+02   -1.18711e+02    6.78077e+27    1.95924e-06

           Step           Time
          10100        5.05000

   Energies (kJ/mol)
           Bond          Angle    Proper Dih.  Improper Dih. Per. Imp. Dih.
    5.38934e+01    1.74527e+01    4.76750e-01    3.58390e+03    4.43967e-02
          LJ-14     Coulomb-14        LJ (SR)  Disper. corr.   Coulomb (SR)
    1.60878e+02    5.03293e+01    1.49942e+05   -3.91363e+03   -9.19616e+05
   Coul. recip.      Potential    Kinetic En.   Total Energy  Conserved En.
    2.38041e+03   -7.67340e+05    1.23757e+05   -6.43582e+05   -7.80548e+05
    Temperature Pres. DC (bar) Pressure (bar)   Constr. rmsd
    2.99528e+02   -1.18711e+02    6.78077e+27    1.95924e-06

           Step           Time
          10200        5.10000

   Energies (kJ/mol)
           Bond          Angle    Proper Dih.  Improper Dih. Per. Imp. Dih.
    5.38934e+01    1.74527e+01    4.76750e-01    3.58390e+03    4.43967e-02
          LJ-14     Coulomb-14        LJ (SR)  Disper. corr.   Coulomb (SR)
    1.60878e+02    5.03293e+01    1.49731e+05   -3.91363e+03   -9.20164e+05
   Coul. recip.      Potential    Kinetic En.   Total Energy  Conserved En.
    2.33326e+03   -7.68146e+05    1.24409e+05   -6.43737e+05   -7.80527e+05
    Temperature Pres. DC (bar) Pressure (bar)   Constr. rmsd
    3.01105e+02   -1.18711e+02    6.78077e+27    1.95924e-06

           Step           Time
          10300        5.15000

   Energies (kJ/mol)
           Bond          Angle    Proper Dih.  Improper Dih. Per. Imp. Dih.
    5.38934e+01    1.74527e+01    4.76750e-01    3.58390e+03    4.43967e-02
          LJ-14     Coulomb-14        LJ (SR)  Disper. corr.   Coulomb (SR)
    1.60878e+02    5.03293e+01    1.50886e+05   -3.91363e+03   -9.21224e+05
   Coul. recip.      Potential    Kinetic En.   Total Energy  Conserved En.
    2.36339e+03   -7.68021e+05    1.23616e+05   -6.44405e+05   -7.80535e+05
    Temperature Pres. DC (bar) Pressure (bar)   Constr. rmsd
    2.99187e+02   -1.18711e+02    6.78077e+27    1.95924e-06

           Step           Time
          10400        5.20000

   Energies (kJ/mol)
           Bond          Angle    Proper Dih.  Improper Dih. Per. Imp. Dih.
    5.38934e+01    1.74527e+01    4.76750e-01    3.58390e+03    4.43967e-02
          LJ-14     Coulomb-14        LJ (SR)  Disper. corr.   Coulomb (SR)
    1.60878e+02    5.03293e+01    1.51429e+05   -3.91363e+03   -9.22270e+05
   Coul. recip.      Potential    Kinetic En.   Total Energy  Conserved En.
    2.41122e+03   -7.68477e+05    1.24028e+05   -6.44448e+05   -7.80512e+05
    Temperature Pres. DC (bar) Pressure (bar)   Constr. rmsd
    3.00184e+02   -1.18711e+02    6.78077e+27    1.95924e-06

           Step           Time
          10500        5.25000

   Energies (kJ/mol)
           Bond          Angle    Proper Dih.  Improper Dih. Per. Imp. Dih.
    5.38934e+01    1.74527e+01    4.76750e-01    3.58390e+03    4.43967e-02
          LJ-14     Coulomb-14        LJ (SR)  Disper. corr.   Coulomb (SR)
    1.60878e+02    5.03293e+01    1.51252e+05   -3.91363e+03   -9.21286e+05
   Coul. recip.      Potential    Kinetic En.   Total Energy  Conserved En.
    2.35563e+03   -7.67725e+05    1.23515e+05   -6.44210e+05   -7.80556e+05
    Temperature Pres. DC (bar) Pressure (bar)   Constr. rmsd
    2.98940e+02   -1.18711e+02    6.78077e+27    1.95924e-06

           Step           Time
          10600        5.30000

   Energies (kJ/mol)
           Bond          Angle    Proper Dih.  Improper Dih. Per. Imp. Dih.
    5.38934e+01    1.74527e+01    4.76750e-01    3.58390e+03    4.43967e-02
          LJ-14     Coulomb-14        LJ (SR)  Disper. corr.   Coulomb (SR)
    1.60878e+02    5.03293e+01    1.50880e+05   -3.91363e+03   -9.21540e+05
   Coul. recip.      Potential    Kinetic En.   Total Energy  Conserved En.
    2.34695e+03   -7.68360e+05    1.24598e+05   -6.43762e+05   -7.80538e+05
    Temperature Pres. DC (bar) Pressure (bar)   Constr. rmsd
    3.01562e+02   -1.18711e+02    6.78077e+27    1.95924e-06

           Step           Time
          10700        5.35000

   Energies (kJ/mol)
           Bond          Angle    Proper Dih.  Improper Dih. Per. Imp. Dih.
    5.38934e+01    1.74527e+01    4.76750e-01    3.58390e+03    4.43967e-02
          LJ-14     Coulomb-14        LJ (SR)  Disper. corr.   Coulomb (SR)
    1.60878e+02    5.03293e+01    1.52944e+05   -3.91363e+03   -9.23594e+05
   Coul. recip.      Potential    Kinetic En.   Total Energy  Conserved En.
    2.39855e+03   -7.68299e+05    1.24501e+05   -6.43798e+05   -7.80537e+05
    Temperature Pres. DC (bar) Pressure (bar)   Constr. rmsd
    3.01327e+02   -1.18711e+02    6.78077e+27    1.95924e-06

           Step           Time
          10800        5.40000

   Energies (kJ/mol)
           Bond          Angle    Proper Dih.  Improper Dih. Per. Imp. Dih.
    5.38934e+01    1.74527e+01    4.76750e-01    3.58390e+03    4.43967e-02
          LJ-14     Coulomb-14        LJ (SR)  Disper. corr.   Coulomb (SR)
    1.60878e+02    5.03293e+01    1.51239e+05   -3.91363e+03   -9.21305e+05
   Coul. recip.      Potential    Kinetic En.   Total Energy  Conserved En.
    2.36730e+03   -7.67745e+05    1.23359e+05   -6.44386e+05   -7.80526e+05
    Temperature Pres. DC (bar) Pressure (bar)   Constr. rmsd
    2.98564e+02   -1.18711e+02    6.78077e+27    1.95924e-06

           Step           Time
          10900        5.45000

   Energies (kJ/mol)
           Bond          Angle    Proper Dih.  Improper Dih. Per. Imp. Dih.
    5.38934e+01    1.74527e+01    4.76750e-01    3.58390e+03    4.43967e-02
          LJ-14     Coulomb-14        LJ (SR)  Disper. corr.   Coulomb (SR)
    1.60878e+02    5.03293e+01    1.49931e+05   -3.91363e+03   -9.21126e+05
   Coul. recip.      Potential    Kinetic En.   Total Energy  Conserved En.
    2.41430e+03   -7.68827e+05    1.24059e+05   -6.44769e+05   -7.80521e+05
    Temperature Pres. DC (bar) Pressure (bar)   Constr. rmsd
    3.00257e+02   -1.18711e+02    6.78077e+27    1.95924e-06

           Step           Time
          11000        5.50000

   Energies (kJ/mol)
           Bond          Angle    Proper Dih.  Improper Dih. Per. Imp. Dih.
    5.38934e+01    1.74527e+01    4.76750e-01    3.58390e+03    4.43967e-02
          LJ-14     Coulomb-14        LJ (SR)  Disper. corr.   Coulomb (SR)
    1.60878e+02    5.03293e+01    1.49356e+05   -3.91363e+03   -9.19917e+05
   Coul. recip.      Potential    Kinetic En.   Total Energy  Conserved En.
    2.41280e+03   -7.68195e+05    1.24336e+05   -6.43859e+05   -7.80533e+05
    Temperature Pres. DC (bar) Pressure (bar)   Constr. rmsd
    3.00928e+02   -1.18711e+02    6.78077e+27    1.95924e-06

           Step           Time
          11100        5.55000

   Energies (kJ/mol)
           Bond          Angle    Proper Dih.  Improper Dih. Per. Imp. Dih.
    5.38934e+01    1.74527e+01    4.76750e-01    3.58390e+03    4.43967e-02
          LJ-14     Coulomb-14        LJ (SR)  Disper. corr.   Coulomb (SR)
    1.60878e+02    5.03293e+01    1.49510e+05   -3.91363e+03   -9.19550e+05
   Coul. recip.      Potential    Kinetic En.   Total Energy  Conserved En.
    2.49041e+03   -7.67596e+05    1.23568e+05   -6.44028e+05   -7.80530e+05
    Temperature Pres. DC (bar) Pressure (bar)   Constr. rmsd
    2.99071e+02   -1.18711e+02    6.78077e+27    1.95924e-06

           Step           Time
          11200        5.60000

   Energies (kJ/mol)
           Bond          Angle    Proper Dih.  Improper Dih. Per. Imp. Dih.
    5.38934e+01    1.74527e+01    4.76750e-01    3.58390e+03    4.43967e-02
          LJ-14     Coulomb-14        LJ (SR)  Disper. corr.   Coulomb (SR)
    1.60878e+02    5.03293e+01    1.50606e+05   -3.91363e+03   -9.20570e+05
   Coul. recip.      Potential    Kinetic En.   Total Energy  Conserved En.
    2.41648e+03   -7.67594e+05    1.23317e+05   -6.44277e+05   -7.80557e+05
    Temperature Pres. DC (bar) Pressure (bar)   Constr. rmsd
    2.98462e+02   -1.18711e+02    6.78077e+27    1.95924e-06

           Step           Time
          11300        5.65000

   Energies (kJ/mol)
           Bond          Angle    Proper Dih.  Improper Dih. Per. Imp. Dih.
    5.38934e+01    1.74527e+01    4.76750e-01    3.58390e+03    4.43967e-02
          LJ-14     Coulomb-14        LJ (SR)  Disper. corr.   Coulomb (SR)
    1.60878e+02    5.03293e+01    1.51236e+05   -3.91363e+03   -9.21386e+05
   Coul. recip.      Potential    Kinetic En.   Total Energy  Conserved En.
    2.49424e+03   -7.67702e+05    1.23849e+05   -6.43853e+05   -7.80527e+05
    Temperature Pres. DC (bar) Pressure (bar)   Constr. rmsd
    2.99750e+02   -1.18711e+02    6.78077e+27    1.95924e-06

           Step           Time
          11400        5.70000

   Energies (kJ/mol)
           Bond          Angle    Proper Dih.  Improper Dih. Per. Imp. Dih.
    5.38934e+01    1.74527e+01    4.76750e-01    3.58390e+03    4.43967e-02
          LJ-14     Coulomb-14        LJ (SR)  Disper. corr.   Coulomb (SR)
    1.60878e+02    5.03293e+01    1.48709e+05   -3.91363e+03   -9.19539e+05
   Coul. recip.      Potential    Kinetic En.   Total Energy  Conserved En.
    2.45415e+03   -7.68423e+05    1.24951e+05   -6.43471e+05   -7.80520e+05
    Temperature Pres. DC (bar) Pressure (bar)   Constr. rmsd
    3.02418e+02   -1.18711e+02    6.78077e+27    1.95924e-06

           Step           Time
          11500        5.75000

   Energies (kJ/mol)
           Bond          Angle    Proper Dih.  Improper Dih. Per. Imp. Dih.
    5.38934e+01    1.74527e+01    4.76750e-01    3.58390e+03    4.43967e-02
          LJ-14     Coulomb-14        LJ (SR)  Disper. corr.   Coulomb (SR)
    1.60878e+02    5.03293e+01    1.50212e+05   -3.91363e+03   -9.20762e+05
   Coul. recip.      Potential    Kinetic En.   Total Energy  Conserved En.
    2.37113e+03   -7.68226e+05    1.24977e+05   -6.43249e+05   -7.80528e+05
    Temperature Pres. DC (bar) Pressure (bar)   Constr. rmsd
    3.02480e+02   -1.18711e+02    6.78077e+27    1.95924e-06

           Step           Time
          11600        5.80000

   Energies (kJ/mol)
           Bond          Angle    Proper Dih.  Improper Dih. Per. Imp. Dih.
    5.38934e+01    1.74527e+01    4.76750e-01    3.58390e+03    4.43967e-02
          LJ-14     Coulomb-14        LJ (SR)  Disper. corr.   Coulomb (SR)
    1.60878e+02    5.03293e+01    1.50530e+05   -3.91363e+03   -9.20821e+05
   Coul. recip.      Potential    Kinetic En.   Total Energy  Conserved En.
    2.40636e+03   -7.67931e+05    1.23636e+05   -6.44295e+05   -7.80530e+05
    Temperature Pres. DC (bar) Pressure (bar)   Constr. rmsd
    2.99235e+02   -1.18711e+02    6.78077e+27    1.95924e-06

           Step           Time
          11700        5.85000

   Energies (kJ/mol)
           Bond          Angle    Proper Dih.  Improper Dih. Per. Imp. Dih.
    5.38934e+01    1.74527e+01    4.76750e-01    3.58390e+03    4.43967e-02
          LJ-14     Coulomb-14        LJ (SR)  Disper. corr.   Coulomb (SR)
    1.60878e+02    5.03293e+01    1.50314e+05   -3.91363e+03   -9.20616e+05
   Coul. recip.      Potential    Kinetic En.   Total Energy  Conserved En.
    2.43638e+03   -7.67912e+05    1.24462e+05   -6.43450e+05   -7.80548e+05
    Temperature Pres. DC (bar) Pressure (bar)   Constr. rmsd
    3.01234e+02   -1.18711e+02    6.78077e+27    1.95924e-06

           Step           Time
          11800        5.90000

   Energies (kJ/mol)
           Bond          Angle    Proper Dih.  Improper Dih. Per. Imp. Dih.
    5.38934e+01    1.74527e+01    4.76750e-01    3.58390e+03    4.43967e-02
          LJ-14     Coulomb-14        LJ (SR)  Disper. corr.   Coulomb (SR)
    1.60878e+02    5.03293e+01    1.49495e+05   -3.91363e+03   -9.19592e+05
   Coul. recip.      Potential    Kinetic En.   Total Energy  Conserved En.
    2.43146e+03   -7.67712e+05    1.24165e+05   -6.43548e+05   -7.80514e+05
    Temperature Pres. DC (bar) Pressure (bar)   Constr. rmsd
    3.00514e+02   -1.18711e+02    6.78077e+27    1.95924e-06

           Step           Time
          11900        5.95000

   Energies (kJ/mol)
           Bond          Angle    Proper Dih.  Improper Dih. Per. Imp. Dih.
    5.38934e+01    1.74527e+01    4.76750e-01    3.58390e+03    4.43967e-02
          LJ-14     Coulomb-14        LJ (SR)  Disper. corr.   Coulomb (SR)
    1.60878e+02    5.03293e+01    1.48569e+05   -3.91363e+03   -9.17731e+05
   Coul. recip.      Potential    Kinetic En.   Total Energy  Conserved En.
    2.37885e+03   -7.66830e+05    1.23609e+05   -6.43221e+05   -7.80540e+05
    Temperature Pres. DC (bar) Pressure (bar)   Constr. rmsd
    2.99168e+02   -1.18711e+02    6.78077e+27    1.95924e-06

           Step           Time
          12000        6.00000

   Energies (kJ/mol)
           Bond          Angle    Proper Dih.  Improper Dih. Per. Imp. Dih.
    5.38934e+01    1.74527e+01    4.76750e-01    3.58390e+03    4.43967e-02
          LJ-14     Coulomb-14        LJ (SR)  Disper. corr.   Coulomb (SR)
    1.60878e+02    5.03293e+01    1.49493e+05   -3.91363e+03   -9.18939e+05
   Coul. recip.      Potential    Kinetic En.   Total Energy  Conserved En.
    2.42708e+03   -7.67066e+05    1.23938e+05   -6.43128e+05   -7.80532e+05
    Temperature Pres. DC (bar) Pressure (bar)   Constr. rmsd
    2.99965e+02   -1.18711e+02    6.78077e+27    1.95924e-06

           Step           Time
          12100        6.05000

   Energies (kJ/mol)
           Bond          Angle    Proper Dih.  Improper Dih. Per. Imp. Dih.
    5.38934e+01    1.74527e+01    4.76750e-01    3.58390e+03    4.43967e-02
          LJ-14     Coulomb-14        LJ (SR)  Disper. corr.   Coulomb (SR)
    1.60878e+02    5.03293e+01    1.50354e+05   -3.91363e+03   -9.20460e+05
   Coul. recip.      Potential    Kinetic En.   Total Energy  Conserved En.
    2.36411e+03   -7.67790e+05    1.24583e+05   -6.43206e+05   -7.80553e+05
    Temperature Pres. DC (bar) Pressure (bar)   Constr. rmsd
    3.01527e+02   -1.18711e+02    6.78077e+27    1.95924e-06

           Step           Time
          12200        6.10000

   Energies (kJ/mol)
           Bond          Angle    Proper Dih.  Improper Dih. Per. Imp. Dih.
    5.38934e+01    1.74527e+01    4.76750e-01    3.58390e+03    4.43967e-02
          LJ-14     Coulomb-14        LJ (SR)  Disper. corr.   Coulomb (SR)
    1.60878e+02    5.03293e+01    1.49082e+05   -3.91363e+03   -9.19246e+05
   Coul. recip.      Potential    Kinetic En.   Total Energy  Conserved En.
    2.39910e+03   -7.67811e+05    1.24167e+05   -6.43644e+05   -7.80555e+05
    Temperature Pres. DC (bar) Pressure (bar)   Constr. rmsd
    3.00520e+02   -1.18711e+02    6.78077e+27    1.95924e-06

           Step           Time
          12300        6.15000

   Energies (kJ/mol)
           Bond          Angle    Proper Dih.  Improper Dih. Per. Imp. Dih.
    5.38934e+01    1.74527e+01    4.76750e-01    3.58390e+03    4.43967e-02
          LJ-14     Coulomb-14        LJ (SR)  Disper. corr.   Coulomb (SR)
    1.60878e+02    5.03293e+01    1.49054e+05   -3.91363e+03   -9.19011e+05
   Coul. recip.      Potential    Kinetic En.   Total Energy  Conserved En.
    2.51530e+03   -7.67488e+05    1.24310e+05   -6.43179e+05   -7.80556e+05
    Temperature Pres. DC (bar) Pressure (bar)   Constr. rmsd
    3.00865e+02   -1.18711e+02    6.78077e+27    1.95924e-06

           Step           Time
          12400        6.20000

   Energies (kJ/mol)
           Bond          Angle    Proper Dih.  Improper Dih. Per. Imp. Dih.
    5.38934e+01    1.74527e+01    4.76750e-01    3.58390e+03    4.43967e-02
          LJ-14     Coulomb-14        LJ (SR)  Disper. corr.   Coulomb (SR)
    1.60878e+02    5.03293e+01    1.50009e+05   -3.91363e+03   -9.19417e+05
   Coul. recip.      Potential    Kinetic En.   Total Energy  Conserved En.
    2.40406e+03   -7.67050e+05    1.24031e+05   -6.43019e+05   -7.80566e+05
    Temperature Pres. DC (bar) Pressure (bar)   Constr. rmsd
    3.00190e+02   -1.18711e+02    6.78077e+27    1.95924e-06

           Step           Time
          12500        6.25000

   Energies (kJ/mol)
           Bond          Angle    Proper Dih.  Improper Dih. Per. Imp. Dih.
    5.38934e+01    1.74527e+01    4.76750e-01    3.58390e+03    4.43967e-02
          LJ-14     Coulomb-14        LJ (SR)  Disper. corr.   Coulomb (SR)
    1.60878e+02    5.03293e+01    1.49537e+05   -3.91363e+03   -9.19675e+05
   Coul. recip.      Potential    Kinetic En.   Total Energy  Conserved En.
    2.42526e+03   -7.67760e+05    1.23797e+05   -6.43963e+05   -7.80540e+05
    Temperature Pres. DC (bar) Pressure (bar)   Constr. rmsd
    2.99625e+02   -1.18711e+02    6.78077e+27    1.95924e-06

           Step           Time
          12600        6.30000

   Energies (kJ/mol)
           Bond          Angle    Proper Dih.  Improper Dih. Per. Imp. Dih.
    5.38934e+01    1.74527e+01    4.76750e-01    3.58390e+03    4.43967e-02
          LJ-14     Coulomb-14        LJ (SR)  Disper. corr.   Coulomb (SR)
    1.60878e+02    5.03293e+01    1.49701e+05   -3.91363e+03   -9.19971e+05
   Coul. recip.      Potential    Kinetic En.   Total Energy  Conserved En.
    2.38940e+03   -7.67928e+05    1.24009e+05   -6.43919e+05   -7.80546e+05
    Temperature Pres. DC (bar) Pressure (bar)   Constr. rmsd
    3.00136e+02   -1.18711e+02    6.78077e+27    1.95924e-06

           Step           Time
          12700        6.35000

   Energies (kJ/mol)
           Bond          Angle    Proper Dih.  Improper Dih. Per. Imp. Dih.
    5.38934e+01    1.74527e+01    4.76750e-01    3.58390e+03    4.43967e-02
          LJ-14     Coulomb-14        LJ (SR)  Disper. corr.   Coulomb (SR)
    1.60878e+02    5.03293e+01    1.48886e+05   -3.91363e+03   -9.18614e+05
   Coul. recip.      Potential    Kinetic En.   Total Energy  Conserved En.
    2.44064e+03   -7.67334e+05    1.23498e+05   -6.43836e+05   -7.80539e+05
    Temperature Pres. DC (bar) Pressure (bar)   Constr. rmsd
    2.98901e+02   -1.18711e+02    6.78077e+27    1.95924e-06

           Step           Time
          12800        6.40000

   Energies (kJ/mol)
           Bond          Angle    Proper Dih.  Improper Dih. Per. Imp. Dih.
    5.38934e+01    1.74527e+01    4.76750e-01    3.58390e+03    4.43967e-02
          LJ-14     Coulomb-14        LJ (SR)  Disper. corr.   Coulomb (SR)
    1.60878e+02    5.03293e+01    1.49127e+05   -3.91363e+03   -9.19153e+05
   Coul. recip.      Potential    Kinetic En.   Total Energy  Conserved En.
    2.46014e+03   -7.67613e+05    1.24418e+05   -6.43194e+05   -7.80529e+05
    Temperature Pres. DC (bar) Pressure (bar)   Constr. rmsd
    3.01127e+02   -1.18711e+02    6.78077e+27    1.95924e-06

           Step           Time
          12900        6.45000

   Energies (kJ/mol)
           Bond          Angle    Proper Dih.  Improper Dih. Per. Imp. Dih.
    5.38934e+01    1.74527e+01    4.76750e-01    3.58390e+03    4.43967e-02
          LJ-14     Coulomb-14        LJ (SR)  Disper. corr.   Coulomb (SR)
    1.60878e+02    5.03293e+01    1.50596e+05   -3.91363e+03   -9.20217e+05
   Coul. recip.      Potential    Kinetic En.   Total Energy  Conserved En.
    2.45021e+03   -7.67218e+05    1.23350e+05   -6.43868e+05   -7.80561e+05
    Temperature Pres. DC (bar) Pressure (bar)   Constr. rmsd
    2.98542e+02   -1.18711e+02    6.78077e+27    1.95924e-06

           Step           Time
          13000        6.50000

   Energies (kJ/mol)
           Bond          Angle    Proper Dih.  Improper Dih. Per. Imp. Dih.
    5.38934e+01    1.74527e+01    4.76750e-01    3.58390e+03    4.43967e-02
          LJ-14     Coulomb-14        LJ (SR)  Disper. corr.   Coulomb (SR)
    1.60878e+02    5.03293e+01    1.49398e+05   -3.91363e+03   -9.19262e+05
   Coul. recip.      Potential    Kinetic En.   Total Energy  Conserved En.
    2.43369e+03   -7.67478e+05    1.24180e+05   -6.43298e+05   -7.80540e+05
    Temperature Pres. DC (bar) Pressure (bar)   Constr. rmsd
    3.00550e+02   -1.18711e+02    6.78077e+27    1.95924e-06

           Step           Time
          13100        6.55000

   Energies (kJ/mol)
           Bond          Angle    Proper Dih.  Improper Dih. Per. Imp. Dih.
    5.38934e+01    1.74527e+01    4.76750e-01    3.58390e+03    4.43967e-02
          LJ-14     Coulomb-14        LJ (SR)  Disper. corr.   Coulomb (SR)
    1.60878e+02    5.03293e+01    1.48675e+05   -3.91363e+03   -9.18120e+05
   Coul. recip.      Potential    Kinetic En.   Total Energy  Conserved En.
    2.40363e+03   -7.67088e+05    1.23837e+05   -6.43251e+05   -7.80543e+05
    Temperature Pres. DC (bar) Pressure (bar)   Constr. rmsd
    2.99721e+02   -1.18711e+02    6.78077e+27    1.95924e-06

           Step           Time
          13200        6.60000

   Energies (kJ/mol)
           Bond          Angle    Proper Dih.  Improper Dih. Per. Imp. Dih.
    5.38934e+01    1.74527e+01    4.76750e-01    3.58390e+03    4.43967e-02
          LJ-14     Coulomb-14        LJ (SR)  Disper. corr.   Coulomb (SR)
    1.60878e+02    5.03293e+01    1.47931e+05   -3.91363e+03   -9.17590e+05
   Coul. recip.      Potential    Kinetic En.   Total Energy  Conserved En.
    2.44459e+03   -7.67261e+05    1.24856e+05   -6.42405e+05   -7.80566e+05
    Temperature Pres. DC (bar) Pressure (bar)   Constr. rmsd
    3.02187e+02   -1.18711e+02    6.78077e+27    1.95924e-06

           Step           Time
          13300        6.65000

   Energies (kJ/mol)
           Bond          Angle    Proper Dih.  Improper Dih. Per. Imp. Dih.
    5.38934e+01    1.74527e+01    4.76750e-01    3.58390e+03    4.43967e-02
          LJ-14     Coulomb-14        LJ (SR)  Disper. corr.   Coulomb (SR)
    1.60878e+02    5.03293e+01    1.48640e+05   -3.91363e+03   -9.18354e+05
   Coul. recip.      Potential    Kinetic En.   Total Energy  Conserved En.
    2.36563e+03   -7.67395e+05    1.24915e+05   -6.42480e+05   -7.80529e+05
    Temperature Pres. DC (bar) Pressure (bar)   Constr. rmsd
    3.02329e+02   -1.18711e+02    6.78077e+27    1.95924e-06

           Step           Time
          13400        6.70000

   Energies (kJ/mol)
           Bond          Angle    Proper Dih.  Improper Dih. Per. Imp. Dih.
    5.38934e+01    1.74527e+01    4.76750e-01    3.58390e+03    4.43967e-02
          LJ-14     Coulomb-14        LJ (SR)  Disper. corr.   Coulomb (SR)
    1.60878e+02    5.03293e+01    1.49964e+05   -3.91363e+03   -9.18853e+05
   Coul. recip.      Potential    Kinetic En.   Total Energy  Conserved En.
    2.36500e+03   -7.66571e+05    1.23685e+05   -6.42886e+05   -7.80553e+05
    Temperature Pres. DC (bar) Pressure (bar)   Constr. rmsd
    2.99353e+02   -1.18711e+02    6.78077e+27    1.95924e-06

           Step           Time
          13500        6.75000

   Energies (kJ/mol)
           Bond          Angle    Proper Dih.  Improper Dih. Per. Imp. Dih.
    5.38934e+01    1.74527e+01    4.76750e-01    3.58390e+03    4.43967e-02
          LJ-14     Coulomb-14        LJ (SR)  Disper. corr.   Coulomb (SR)
    1.60878e+02    5.03293e+01    1.48404e+05   -3.91363e+03   -9.18160e+05
   Coul. recip.      Potential    Kinetic En.   Total Energy  Conserved En.
    2.38512e+03   -7.67417e+05    1.24125e+05   -6.43293e+05   -7.80546e+05
    Temperature Pres. DC (bar) Pressure (bar)   Constr. rmsd
    3.00417e+02   -1.18711e+02    6.78077e+27    1.95924e-06

           Step           Time
          13600        6.80000

   Energies (kJ/mol)
           Bond          Angle    Proper Dih.  Improper Dih. Per. Imp. Dih.
    5.38934e+01    1.74527e+01    4.76750e-01    3.58390e+03    4.43967e-02
          LJ-14     Coulomb-14        LJ (SR)  Disper. corr.   Coulomb (SR)
    1.60878e+02    5.03293e+01    1.49145e+05   -3.91363e+03   -9.18841e+05
   Coul. recip.      Potential    Kinetic En.   Total Energy  Conserved En.
    2.41446e+03   -7.67329e+05    1.24085e+05   -6.43244e+05   -7.80544e+05
    Temperature Pres. DC (bar) Pressure (bar)   Constr. rmsd
    3.00322e+02   -1.18711e+02    6.78077e+27    1.95924e-06

           Step           Time
          13700        6.85000

   Energies (kJ/mol)
           Bond          Angle    Proper Dih.  Improper Dih. Per. Imp. Dih.
    5.38934e+01    1.74527e+01    4.76750e-01    3.58390e+03    4.43967e-02
          LJ-14     Coulomb-14        LJ (SR)  Disper. corr.   Coulomb (SR)
    1.60878e+02    5.03293e+01    1.50027e+05   -3.91363e+03   -9.20107e+05
   Coul. recip.      Potential    Kinetic En.   Total Energy  Conserved En.
    2.38668e+03   -7.67739e+05    1.24281e+05   -6.43458e+05   -7.80555e+05
    Temperature Pres. DC (bar) Pressure (bar)   Constr. rmsd
    3.00796e+02   -1.18711e+02    6.78077e+27    1.95924e-06

           Step           Time
          13800        6.90000

   Energies (kJ/mol)
           Bond          Angle    Proper Dih.  Improper Dih. Per. Imp. Dih.
    5.38934e+01    1.74527e+01    4.76750e-01    3.58390e+03    4.43967e-02
          LJ-14     Coulomb-14        LJ (SR)  Disper. corr.   Coulomb (SR)
    1.60878e+02    5.03293e+01    1.49196e+05   -3.91363e+03   -9.19344e+05
   Coul. recip.      Potential    Kinetic En.   Total Energy  Conserved En.
    2.45896e+03   -7.67736e+05    1.23933e+05   -6.43802e+05   -7.80558e+05
    Temperature Pres. DC (bar) Pressure (bar)   Constr. rmsd
    2.99954e+02   -1.18711e+02    6.78077e+27    1.95924e-06

           Step           Time
          13900        6.95000

   Energies (kJ/mol)
           Bond          Angle    Proper Dih.  Improper Dih. Per. Imp. Dih.
    5.38934e+01    1.74527e+01    4.76750e-01    3.58390e+03    4.43967e-02
          LJ-14     Coulomb-14        LJ (SR)  Disper. corr.   Coulomb (SR)
    1.60878e+02    5.03293e+01    1.49429e+05   -3.91363e+03   -9.19578e+05
   Coul. recip.      Potential    Kinetic En.   Total Energy  Conserved En.
    2.44542e+03   -7.67751e+05    1.24020e+05   -6.43730e+05   -7.80543e+05
    Temperature Pres. DC (bar) Pressure (bar)   Constr. rmsd
    3.00164e+02   -1.18711e+02    6.78077e+27    1.95924e-06

           Step           Time
          14000        7.00000

   Energies (kJ/mol)
           Bond          Angle    Proper Dih.  Improper Dih. Per. Imp. Dih.
    5.38934e+01    1.74527e+01    4.76750e-01    3.58390e+03    4.43967e-02
          LJ-14     Coulomb-14        LJ (SR)  Disper. corr.   Coulomb (SR)
    1.60878e+02    5.03293e+01    1.49903e+05   -3.91363e+03   -9.20103e+05
   Coul. recip.      Potential    Kinetic En.   Total Energy  Conserved En.
    2.42946e+03   -7.67817e+05    1.24105e+05   -6.43712e+05   -7.80556e+05
    Temperature Pres. DC (bar) Pressure (bar)   Constr. rmsd
    3.00370e+02   -1.18711e+02    6.78077e+27    1.95924e-06

           Step           Time
          14100        7.05000

   Energies (kJ/mol)
           Bond          Angle    Proper Dih.  Improper Dih. Per. Imp. Dih.
    5.38934e+01    1.74527e+01    4.76750e-01    3.58390e+03    4.43967e-02
          LJ-14     Coulomb-14        LJ (SR)  Disper. corr.   Coulomb (SR)
    1.60878e+02    5.03293e+01    1.49167e+05   -3.91363e+03   -9.18550e+05
   Coul. recip.      Potential    Kinetic En.   Total Energy  Conserved En.
    2.48435e+03   -7.66946e+05    1.23507e+05   -6.43438e+05   -7.80560e+05
    Temperature Pres. DC (bar) Pressure (bar)   Constr. rmsd
    2.98923e+02   -1.18711e+02    6.78077e+27    1.95924e-06

           Step           Time
          14200        7.10000

   Energies (kJ/mol)
           Bond          Angle    Proper Dih.  Improper Dih. Per. Imp. Dih.
    5.38934e+01    1.74527e+01    4.76750e-01    3.58390e+03    4.43967e-02
          LJ-14     Coulomb-14        LJ (SR)  Disper. corr.   Coulomb (SR)
    1.60878e+02    5.03293e+01    1.47733e+05   -3.91363e+03   -9.17656e+05
   Coul. recip.      Potential    Kinetic En.   Total Energy  Conserved En.
    2.42804e+03   -7.67542e+05    1.24145e+05   -6.43396e+05   -7.80546e+05
    Temperature Pres. DC (bar) Pressure (bar)   Constr. rmsd
    3.00467e+02   -1.18711e+02    6.78077e+27    1.95924e-06

           Step           Time
          14300        7.15000

   Energies (kJ/mol)
           Bond          Angle    Proper Dih.  Improper Dih. Per. Imp. Dih.
    5.38934e+01    1.74527e+01    4.76750e-01    3.58390e+03    4.43967e-02
          LJ-14     Coulomb-14        LJ (SR)  Disper. corr.   Coulomb (SR)
    1.60878e+02    5.03293e+01    1.48330e+05   -3.91363e+03   -9.18472e+05
   Coul. recip.      Potential    Kinetic En.   Total Energy  Conserved En.
    2.35529e+03   -7.67834e+05    1.23360e+05   -6.44474e+05   -7.80546e+05
    Temperature Pres. DC (bar) Pressure (bar)   Constr. rmsd
    2.98567e+02   -1.18711e+02    6.78077e+27    1.95924e-06

           Step           Time
          14400        7.20000

   Energies (kJ/mol)
           Bond          Angle    Proper Dih.  Improper Dih. Per. Imp. Dih.
    5.38934e+01    1.74527e+01    4.76750e-01    3.58390e+03    4.43967e-02
          LJ-14     Coulomb-14        LJ (SR)  Disper. corr.   Coulomb (SR)
    1.60878e+02    5.03293e+01    1.50484e+05   -3.91363e+03   -9.20858e+05
   Coul. recip.      Potential    Kinetic En.   Total Energy  Conserved En.
    2.40260e+03   -7.68018e+05    1.23705e+05   -6.44313e+05   -7.80555e+05
    Temperature Pres. DC (bar) Pressure (bar)   Constr. rmsd
    2.99402e+02   -1.18711e+02    6.78077e+27    1.95924e-06

           Step           Time
          14500        7.25000

   Energies (kJ/mol)
           Bond          Angle    Proper Dih.  Improper Dih. Per. Imp. Dih.
    5.38934e+01    1.74527e+01    4.76750e-01    3.58390e+03    4.43967e-02
          LJ-14     Coulomb-14        LJ (SR)  Disper. corr.   Coulomb (SR)
    1.60878e+02    5.03293e+01    1.49547e+05   -3.91363e+03   -9.20349e+05
   Coul. recip.      Potential    Kinetic En.   Total Energy  Conserved En.
    2.36852e+03   -7.68480e+05    1.24414e+05   -6.44066e+05   -7.80551e+05
    Temperature Pres. DC (bar) Pressure (bar)   Constr. rmsd
    3.01117e+02   -1.18711e+02    6.78077e+27    1.95924e-06

           Step           Time
          14600        7.30000

   Energies (kJ/mol)
           Bond          Angle    Proper Dih.  Improper Dih. Per. Imp. Dih.
    5.38934e+01    1.74527e+01    4.76750e-01    3.58390e+03    4.43967e-02
          LJ-14     Coulomb-14        LJ (SR)  Disper. corr.   Coulomb (SR)
    1.60878e+02    5.03293e+01    1.50109e+05   -3.91363e+03   -9.21436e+05
   Coul. recip.      Potential    Kinetic En.   Total Energy  Conserved En.
    2.47889e+03   -7.68895e+05    1.24071e+05   -6.44824e+05   -7.80553e+05
    Temperature Pres. DC (bar) Pressure (bar)   Constr. rmsd
    3.00286e+02   -1.18711e+02    6.78077e+27    1.95924e-06

           Step           Time
          14700        7.35000

   Energies (kJ/mol)
           Bond          Angle    Proper Dih.  Improper Dih. Per. Imp. Dih.
    5.38934e+01    1.74527e+01    4.76750e-01    3.58390e+03    4.43967e-02
          LJ-14     Coulomb-14        LJ (SR)  Disper. corr.   Coulomb (SR)
    1.60878e+02    5.03293e+01    1.49770e+05   -3.91363e+03   -9.20682e+05
   Coul. recip.      Potential    Kinetic En.   Total Energy  Conserved En.
    2.40608e+03   -7.68552e+05    1.23857e+05   -6.44695e+05   -7.80541e+05
    Temperature Pres. DC (bar) Pressure (bar)   Constr. rmsd
    2.99768e+02   -1.18711e+02    6.78077e+27    1.95924e-06

           Step           Time
          14800        7.40000

   Energies (kJ/mol)
           Bond          Angle    Proper Dih.  Improper Dih. Per. Imp. Dih.
    5.38934e+01    1.74527e+01    4.76750e-01    3.58390e+03    4.43967e-02
          LJ-14     Coulomb-14        LJ (SR)  Disper. corr.   Coulomb (SR)
    1.60878e+02    5.03293e+01    1.48852e+05   -3.91363e+03   -9.18948e+05
   Coul. recip.      Potential    Kinetic En.   Total Energy  Conserved En.
    2.42444e+03   -7.67718e+05    1.22679e+05   -6.45039e+05   -7.80558e+05
    Temperature Pres. DC (bar) Pressure (bar)   Constr. rmsd
    2.96918e+02   -1.18711e+02    6.78077e+27    1.95924e-06

           Step           Time
          14900        7.45000

   Energies (kJ/mol)
           Bond          Angle    Proper Dih.  Improper Dih. Per. Imp. Dih.
    5.38934e+01    1.74527e+01    4.76750e-01    3.58390e+03    4.43967e-02
          LJ-14     Coulomb-14        LJ (SR)  Disper. corr.   Coulomb (SR)
    1.60878e+02    5.03293e+01    1.48710e+05   -3.91363e+03   -9.19201e+05
   Coul. recip.      Potential    Kinetic En.   Total Energy  Conserved En.
    2.41482e+03   -7.68123e+05    1.24215e+05   -6.43908e+05   -7.80550e+05
    Temperature Pres. DC (bar) Pressure (bar)   Constr. rmsd
    3.00635e+02   -1.18711e+02    6.78077e+27    1.95924e-06

           Step           Time
          15000        7.50000

   Energies (kJ/mol)
           Bond          Angle    Proper Dih.  Improper Dih. Per. Imp. Dih.
    5.38934e+01    1.74527e+01    4.76750e-01    3.58390e+03    4.43967e-02
          LJ-14     Coulomb-14        LJ (SR)  Disper. corr.   Coulomb (SR)
    1.60878e+02    5.03293e+01    1.49668e+05   -3.91363e+03   -9.20998e+05
   Coul. recip.      Potential    Kinetic En.   Total Energy  Conserved En.
    2.34654e+03   -7.69030e+05    1.24028e+05   -6.45002e+05   -7.80550e+05
    Temperature Pres. DC (bar) Pressure (bar)   Constr. rmsd
    3.00183e+02   -1.18711e+02    6.78077e+27    1.95924e-06

           Step           Time
          15100        7.55000

   Energies (kJ/mol)
           Bond          Angle    Proper Dih.  Improper Dih. Per. Imp. Dih.
    5.38934e+01    1.74527e+01    4.76750e-01    3.58390e+03    4.43967e-02
          LJ-14     Coulomb-14        LJ (SR)  Disper. corr.   Coulomb (SR)
    1.60878e+02    5.03293e+01    1.50924e+05   -3.91363e+03   -9.21542e+05
   Coul. recip.      Potential    Kinetic En.   Total Energy  Conserved En.
    2.37163e+03   -7.68292e+05    1.23290e+05   -6.45002e+05   -7.80547e+05
    Temperature Pres. DC (bar) Pressure (bar)   Constr. rmsd
    2.98397e+02   -1.18711e+02    6.78077e+27    1.95924e-06

           Step           Time
          15200        7.60000

   Energies (kJ/mol)
           Bond          Angle    Proper Dih.  Improper Dih. Per. Imp. Dih.
    5.38934e+01    1.74527e+01    4.76750e-01    3.58390e+03    4.43967e-02
          LJ-14     Coulomb-14        LJ (SR)  Disper. corr.   Coulomb (SR)
    1.60878e+02    5.03293e+01    1.49063e+05   -3.91363e+03   -9.19934e+05
   Coul. recip.      Potential    Kinetic En.   Total Energy  Conserved En.
    2.33659e+03   -7.68581e+05    1.24373e+05   -6.44208e+05   -7.80563e+05
    Temperature Pres. DC (bar) Pressure (bar)   Constr. rmsd
    3.01017e+02   -1.18711e+02    6.78077e+27    1.95924e-06

           Step           Time
          15300        7.65000

   Energies (kJ/mol)
           Bond          Angle    Proper Dih.  Improper Dih. Per. Imp. Dih.
    5.38934e+01    1.74527e+01    4.76750e-01    3.58390e+03    4.43967e-02
          LJ-14     Coulomb-14        LJ (SR)  Disper. corr.   Coulomb (SR)
    1.60878e+02    5.03293e+01    1.50321e+05   -3.91363e+03   -9.20621e+05
   Coul. recip.      Potential    Kinetic En.   Total Energy  Conserved En.
    2.35260e+03   -7.67994e+05    1.23550e+05   -6.44444e+05   -7.80546e+05
    Temperature Pres. DC (bar) Pressure (bar)   Constr. rmsd
    2.99025e+02   -1.18711e+02    6.78077e+27    1.95924e-06

           Step           Time
          15400        7.70000

   Energies (kJ/mol)
           Bond          Angle    Proper Dih.  Improper Dih. Per. Imp. Dih.
    5.38934e+01    1.74527e+01    4.76750e-01    3.58390e+03    4.43967e-02
          LJ-14     Coulomb-14        LJ (SR)  Disper. corr.   Coulomb (SR)
    1.60878e+02    5.03293e+01    1.50219e+05   -3.91363e+03   -9.21006e+05
   Coul. recip.      Potential    Kinetic En.   Total Energy  Conserved En.
    2.31415e+03   -7.68519e+05    1.24014e+05   -6.44505e+05   -7.80545e+05
    Temperature Pres. DC (bar) Pressure (bar)   Constr. rmsd
    3.00150e+02   -1.18711e+02    6.78077e+27    1.95924e-06

           Step           Time
          15500        7.75000

   Energies (kJ/mol)
           Bond          Angle    Proper Dih.  Improper Dih. Per. Imp. Dih.
    5.38934e+01    1.74527e+01    4.76750e-01    3.58390e+03    4.43967e-02
          LJ-14     Coulomb-14        LJ (SR)  Disper. corr.   Coulomb (SR)
    1.60878e+02    5.03293e+01    1.49973e+05   -3.91363e+03   -9.21047e+05
   Coul. recip.      Potential    Kinetic En.   Total Energy  Conserved En.
    2.45162e+03   -7.68670e+05    1.23617e+05   -6.45053e+05   -7.80569e+05
    Temperature Pres. DC (bar) Pressure (bar)   Constr. rmsd
    2.99188e+02   -1.18711e+02    6.78077e+27    1.95924e-06

           Step           Time
          15600        7.80000

   Energies (kJ/mol)
           Bond          Angle    Proper Dih.  Improper Dih. Per. Imp. Dih.
    5.38934e+01    1.74527e+01    4.76750e-01    3.58390e+03    4.43967e-02
          LJ-14     Coulomb-14        LJ (SR)  Disper. corr.   Coulomb (SR)
    1.60878e+02    5.03293e+01    1.48619e+05   -3.91363e+03   -9.19290e+05
   Coul. recip.      Potential    Kinetic En.   Total Energy  Conserved En.
    2.41302e+03   -7.68305e+05    1.23345e+05   -6.44960e+05   -7.80575e+05
    Temperature Pres. DC (bar) Pressure (bar)   Constr. rmsd
    2.98531e+02   -1.18711e+02    6.78077e+27    1.95924e-06

           Step           Time
          15700        7.85000

   Energies (kJ/mol)
           Bond          Angle    Proper Dih.  Improper Dih. Per. Imp. Dih.
    5.38934e+01    1.74527e+01    4.76750e-01    3.58390e+03    4.43967e-02
          LJ-14     Coulomb-14        LJ (SR)  Disper. corr.   Coulomb (SR)
    1.60878e+02    5.03293e+01    1.49784e+05   -3.91363e+03   -9.20710e+05
   Coul. recip.      Potential    Kinetic En.   Total Energy  Conserved En.
    2.35807e+03   -7.68615e+05    1.23289e+05   -6.45326e+05   -7.80543e+05
    Temperature Pres. DC (bar) Pressure (bar)   Constr. rmsd
    2.98394e+02   -1.18711e+02    6.78077e+27    1.95924e-06

           Step           Time
          15800        7.90000

   Energies (kJ/mol)
           Bond          Angle    Proper Dih.  Improper Dih. Per. Imp. Dih.
    5.38934e+01    1.74527e+01    4.76750e-01    3.58390e+03    4.43967e-02
          LJ-14     Coulomb-14        LJ (SR)  Disper. corr.   Coulomb (SR)
    1.60878e+02    5.03293e+01    1.48969e+05   -3.91363e+03   -9.20029e+05
   Coul. recip.      Potential    Kinetic En.   Total Energy  Conserved En.
    2.38311e+03   -7.68723e+05    1.23586e+05   -6.45137e+05   -7.80563e+05
    Temperature Pres. DC (bar) Pressure (bar)   Constr. rmsd
    2.99112e+02   -1.18711e+02    6.78077e+27    1.95924e-06

           Step           Time
          15900        7.95000

   Energies (kJ/mol)
           Bond          Angle    Proper Dih.  Improper Dih. Per. Imp. Dih.
    5.38934e+01    1.74527e+01    4.76750e-01    3.58390e+03    4.43967e-02
          LJ-14     Coulomb-14        LJ (SR)  Disper. corr.   Coulomb (SR)
    1.60878e+02    5.03293e+01    1.47702e+05   -3.91363e+03   -9.19398e+05
   Coul. recip.      Potential    Kinetic En.   Total Energy  Conserved En.
    2.39757e+03   -7.69345e+05    1.23650e+05   -6.45695e+05   -7.80572e+05
    Temperature Pres. DC (bar) Pressure (bar)   Constr. rmsd
    2.99268e+02   -1.18711e+02    6.78077e+27    1.95924e-06

           Step           Time
          16000        8.00000

   Energies (kJ/mol)
           Bond          Angle    Proper Dih.  Improper Dih. Per. Imp. Dih.
    5.38934e+01    1.74527e+01    4.76750e-01    3.58390e+03    4.43967e-02
          LJ-14     Coulomb-14        LJ (SR)  Disper. corr.   Coulomb (SR)
    1.60878e+02    5.03293e+01    1.49569e+05   -3.91363e+03   -9.20051e+05
   Coul. recip.      Potential    Kinetic En.   Total Energy  Conserved En.
    2.36455e+03   -7.68164e+05    1.23006e+05   -6.45158e+05   -7.80544e+05
    Temperature Pres. DC (bar) Pressure (bar)   Constr. rmsd
    2.97710e+02   -1.18711e+02    6.78077e+27    1.95924e-06

           Step           Time
          16100        8.05000

   Energies (kJ/mol)
           Bond          Angle    Proper Dih.  Improper Dih. Per. Imp. Dih.
    5.38934e+01    1.74527e+01    4.76750e-01    3.58390e+03    4.43967e-02
          LJ-14     Coulomb-14        LJ (SR)  Disper. corr.   Coulomb (SR)
    1.60878e+02    5.03293e+01    1.50403e+05   -3.91363e+03   -9.21163e+05
   Coul. recip.      Potential    Kinetic En.   Total Energy  Conserved En.
    2.36563e+03   -7.68441e+05    1.23708e+05   -6.44733e+05   -7.80563e+05
    Temperature Pres. DC (bar) Pressure (bar)   Constr. rmsd
    2.99408e+02   -1.18711e+02    6.78077e+27    1.95924e-06

           Step           Time
          16200        8.10000

   Energies (kJ/mol)
           Bond          Angle    Proper Dih.  Improper Dih. Per. Imp. Dih.
    5.38934e+01    1.74527e+01    4.76750e-01    3.58390e+03    4.43967e-02
          LJ-14     Coulomb-14        LJ (SR)  Disper. corr.   Coulomb (SR)
    1.60878e+02    5.03293e+01    1.51036e+05   -3.91363e+03   -9.22047e+05
   Coul. recip.      Potential    Kinetic En.   Total Energy  Conserved En.
    2.42509e+03   -7.68632e+05    1.24063e+05   -6.44569e+05   -7.80574e+05
    Temperature Pres. DC (bar) Pressure (bar)   Constr. rmsd
    3.00269e+02   -1.18711e+02    6.78077e+27    1.95924e-06

           Step           Time
          16300        8.15000

   Energies (kJ/mol)
           Bond          Angle    Proper Dih.  Improper Dih. Per. Imp. Dih.
    5.38934e+01    1.74527e+01    4.76750e-01    3.58390e+03    4.43967e-02
          LJ-14     Coulomb-14        LJ (SR)  Disper. corr.   Coulomb (SR)
    1.60878e+02    5.03293e+01    1.48887e+05   -3.91363e+03   -9.20789e+05
   Coul. recip.      Potential    Kinetic En.   Total Energy  Conserved En.
    2.41472e+03   -7.69534e+05    1.24668e+05   -6.44866e+05   -7.80572e+05
    Temperature Pres. DC (bar) Pressure (bar)   Constr. rmsd
    3.01732e+02   -1.18711e+02    6.78077e+27    1.95924e-06

           Step           Time
          16400        8.20000

   Energies (kJ/mol)
           Bond          Angle    Proper Dih.  Improper Dih. Per. Imp. Dih.
    5.38934e+01    1.74527e+01    4.76750e-01    3.58390e+03    4.43967e-02
          LJ-14     Coulomb-14        LJ (SR)  Disper. corr.   Coulomb (SR)
    1.60878e+02    5.03293e+01    1.48201e+05   -3.91363e+03   -9.18364e+05
   Coul. recip.      Potential    Kinetic En.   Total Energy  Conserved En.
    2.35634e+03   -7.67854e+05    1.23296e+05   -6.44558e+05   -7.80562e+05
    Temperature Pres. DC (bar) Pressure (bar)   Constr. rmsd
    2.98411e+02   -1.18711e+02    6.78077e+27    1.95924e-06

           Step           Time
          16500        8.25000

   Energies (kJ/mol)
           Bond          Angle    Proper Dih.  Improper Dih. Per. Imp. Dih.
    5.38934e+01    1.74527e+01    4.76750e-01    3.58390e+03    4.43967e-02
          LJ-14     Coulomb-14        LJ (SR)  Disper. corr.   Coulomb (SR)
    1.60878e+02    5.03293e+01    1.48882e+05   -3.91363e+03   -9.19891e+05
   Coul. recip.      Potential    Kinetic En.   Total Energy  Conserved En.
    2.39441e+03   -7.68661e+05    1.24220e+05   -6.44442e+05   -7.80570e+05
    Temperature Pres. DC (bar) Pressure (bar)   Constr. rmsd
    3.00646e+02   -1.18711e+02    6.78077e+27    1.95924e-06

           Step           Time
          16600        8.30000

   Energies (kJ/mol)
           Bond          Angle    Proper Dih.  Improper Dih. Per. Imp. Dih.
    5.38934e+01    1.74527e+01    4.76750e-01    3.58390e+03    4.43967e-02
          LJ-14     Coulomb-14        LJ (SR)  Disper. corr.   Coulomb (SR)
    1.60878e+02    5.03293e+01    1.49497e+05   -3.91363e+03   -9.20494e+05
   Coul. recip.      Potential    Kinetic En.   Total Energy  Conserved En.
    2.49808e+03   -7.68546e+05    1.24524e+05   -6.44022e+05   -7.80582e+05
    Temperature Pres. DC (bar) Pressure (bar)   Constr. rmsd
    3.01383e+02   -1.18711e+02    6.78077e+27    1.95924e-06

           Step           Time
          16700        8.35000

   Energies (kJ/mol)
           Bond          Angle    Proper Dih.  Improper Dih. Per. Imp. Dih.
    5.38934e+01    1.74527e+01    4.76750e-01    3.58390e+03    4.43967e-02
          LJ-14     Coulomb-14        LJ (SR)  Disper. corr.   Coulomb (SR)
    1.60878e+02    5.03293e+01    1.48901e+05   -3.91363e+03   -9.19900e+05
   Coul. recip.      Potential    Kinetic En.   Total Energy  Conserved En.
    2.43727e+03   -7.68608e+05    1.24104e+05   -6.44504e+05   -7.80558e+05
    Temperature Pres. DC (bar) Pressure (bar)   Constr. rmsd
    3.00367e+02   -1.18711e+02    6.78077e+27    1.95924e-06

           Step           Time
          16800        8.40000

   Energies (kJ/mol)
           Bond          Angle    Proper Dih.  Improper Dih. Per. Imp. Dih.
    5.38934e+01    1.74527e+01    4.76750e-01    3.58390e+03    4.43967e-02
          LJ-14     Coulomb-14        LJ (SR)  Disper. corr.   Coulomb (SR)
    1.60878e+02    5.03293e+01    1.49205e+05   -3.91363e+03   -9.20520e+05
   Coul. recip.      Potential    Kinetic En.   Total Energy  Conserved En.
    2.32713e+03   -7.69035e+05    1.24241e+05   -6.44794e+05   -7.80566e+05
    Temperature Pres. DC (bar) Pressure (bar)   Constr. rmsd
    3.00698e+02   -1.18711e+02    6.78077e+27    1.95924e-06

           Step           Time
          16900        8.45000

   Energies (kJ/mol)
           Bond          Angle    Proper Dih.  Improper Dih. Per. Imp. Dih.
    5.38934e+01    1.74527e+01    4.76750e-01    3.58390e+03    4.43967e-02
          LJ-14     Coulomb-14        LJ (SR)  Disper. corr.   Coulomb (SR)
    1.60878e+02    5.03293e+01    1.50158e+05   -3.91363e+03   -9.21766e+05
   Coul. recip.      Potential    Kinetic En.   Total Energy  Conserved En.
    2.36588e+03   -7.69289e+05    1.23897e+05   -6.45392e+05   -7.80566e+05
    Temperature Pres. DC (bar) Pressure (bar)   Constr. rmsd
    2.99867e+02   -1.18711e+02    6.78077e+27    1.95924e-06

           Step           Time
          17000        8.50000

   Energies (kJ/mol)
           Bond          Angle    Proper Dih.  Improper Dih. Per. Imp. Dih.
    5.38934e+01    1.74527e+01    4.76750e-01    3.58390e+03    4.43967e-02
          LJ-14     Coulomb-14        LJ (SR)  Disper. corr.   Coulomb (SR)
    1.60878e+02    5.03293e+01    1.49897e+05   -3.91363e+03   -9.21535e+05
   Coul. recip.      Potential    Kinetic En.   Total Energy  Conserved En.
    2.32104e+03   -7.69364e+05    1.23785e+05   -6.45579e+05   -7.80582e+05
    Temperature Pres. DC (bar) Pressure (bar)   Constr. rmsd
    2.99595e+02   -1.18711e+02    6.78077e+27    1.95924e-06

           Step           Time
          17100        8.55000

   Energies (kJ/mol)
           Bond          Angle    Proper Dih.  Improper Dih. Per. Imp. Dih.
    5.38934e+01    1.74527e+01    4.76750e-01    3.58390e+03    4.43967e-02
          LJ-14     Coulomb-14        LJ (SR)  Disper. corr.   Coulomb (SR)
    1.60878e+02    5.03293e+01    1.49491e+05   -3.91363e+03   -9.21637e+05
   Coul. recip.      Potential    Kinetic En.   Total Energy  Conserved En.
    2.39052e+03   -7.69802e+05    1.23626e+05   -6.46176e+05   -7.80551e+05
    Temperature Pres. DC (bar) Pressure (bar)   Constr. rmsd
    2.99209e+02   -1.18711e+02    6.78077e+27    1.95924e-06

           Step           Time
          17200        8.60000

   Energies (kJ/mol)
           Bond          Angle    Proper Dih.  Improper Dih. Per. Imp. Dih.
    5.38934e+01    1.74527e+01    4.76750e-01    3.58390e+03    4.43967e-02
          LJ-14     Coulomb-14        LJ (SR)  Disper. corr.   Coulomb (SR)
    1.60878e+02    5.03293e+01    1.49829e+05   -3.91363e+03   -9.21696e+05
   Coul. recip.      Potential    Kinetic En.   Total Energy  Conserved En.
    2.43193e+03   -7.69482e+05    1.23748e+05   -6.45734e+05   -7.80584e+05
    Temperature Pres. DC (bar) Pressure (bar)   Constr. rmsd
    2.99505e+02   -1.18711e+02    6.78077e+27    1.95924e-06

           Step           Time
          17300        8.65000

   Energies (kJ/mol)
           Bond          Angle    Proper Dih.  Improper Dih. Per. Imp. Dih.
    5.38934e+01    1.74527e+01    4.76750e-01    3.58390e+03    4.43967e-02
          LJ-14     Coulomb-14        LJ (SR)  Disper. corr.   Coulomb (SR)
    1.60878e+02    5.03293e+01    1.50796e+05   -3.91363e+03   -9.21424e+05
   Coul. recip.      Potential    Kinetic En.   Total Energy  Conserved En.
    2.31332e+03   -7.68360e+05    1.22499e+05   -6.45862e+05   -7.80570e+05
    Temperature Pres. DC (bar) Pressure (bar)   Constr. rmsd
    2.96482e+02   -1.18711e+02    6.78077e+27    1.95924e-06

           Step           Time
          17400        8.70000

   Energies (kJ/mol)
           Bond          Angle    Proper Dih.  Improper Dih. Per. Imp. Dih.
    5.38934e+01    1.74527e+01    4.76750e-01    3.58390e+03    4.43967e-02
          LJ-14     Coulomb-14        LJ (SR)  Disper. corr.   Coulomb (SR)
    1.60878e+02    5.03293e+01    1.49646e+05   -3.91363e+03   -9.21299e+05
   Coul. recip.      Potential    Kinetic En.   Total Energy  Conserved En.
    2.41181e+03   -7.69288e+05    1.24236e+05   -6.45052e+05   -7.80578e+05
    Temperature Pres. DC (bar) Pressure (bar)   Constr. rmsd
    3.00686e+02   -1.18711e+02    6.78077e+27    1.95924e-06

           Step           Time
          17500        8.75000

   Energies (kJ/mol)
           Bond          Angle    Proper Dih.  Improper Dih. Per. Imp. Dih.
    5.38934e+01    1.74527e+01    4.76750e-01    3.58390e+03    4.43967e-02
          LJ-14     Coulomb-14        LJ (SR)  Disper. corr.   Coulomb (SR)
    1.60878e+02    5.03293e+01    1.49995e+05   -3.91363e+03   -9.21241e+05
   Coul. recip.      Potential    Kinetic En.   Total Energy  Conserved En.
    2.39845e+03   -7.68894e+05    1.24358e+05   -6.44536e+05   -7.80566e+05
    Temperature Pres. DC (bar) Pressure (bar)   Constr. rmsd
    3.00981e+02   -1.18711e+02    6.78077e+27    1.95924e-06

           Step           Time
          17600        8.80000

   Energies (kJ/mol)
           Bond          Angle    Proper Dih.  Improper Dih. Per. Imp. Dih.
    5.38934e+01    1.74527e+01    4.76750e-01    3.58390e+03    4.43967e-02
          LJ-14     Coulomb-14        LJ (SR)  Disper. corr.   Coulomb (SR)
    1.60878e+02    5.03293e+01    1.51548e+05   -3.91363e+03   -9.23675e+05
   Coul. recip.      Potential    Kinetic En.   Total Energy  Conserved En.
    2.36185e+03   -7.69812e+05    1.25213e+05   -6.44598e+05   -7.80564e+05
    Temperature Pres. DC (bar) Pressure (bar)   Constr. rmsd
    3.03051e+02   -1.18711e+02    6.78077e+27    1.95924e-06

           Step           Time
          17700        8.85000

   Energies (kJ/mol)
           Bond          Angle    Proper Dih.  Improper Dih. Per. Imp. Dih.
    5.38934e+01    1.74527e+01    4.76750e-01    3.58390e+03    4.43967e-02
          LJ-14     Coulomb-14        LJ (SR)  Disper. corr.   Coulomb (SR)
    1.60878e+02    5.03293e+01    1.50758e+05   -3.91363e+03   -9.21901e+05
   Coul. recip.      Potential    Kinetic En.   Total Energy  Conserved En.
    2.37997e+03   -7.68809e+05    1.24039e+05   -6.44771e+05   -7.80581e+05
    Temperature Pres. DC (bar) Pressure (bar)   Constr. rmsd
    3.00209e+02   -1.18711e+02    6.78077e+27    1.95924e-06

           Step           Time
          17800        8.90000

   Energies (kJ/mol)
           Bond          Angle    Proper Dih.  Improper Dih. Per. Imp. Dih.
    5.38934e+01    1.74527e+01    4.76750e-01    3.58390e+03    4.43967e-02
          LJ-14     Coulomb-14        LJ (SR)  Disper. corr.   Coulomb (SR)
    1.60878e+02    5.03293e+01    1.51276e+05   -3.91363e+03   -9.22577e+05
   Coul. recip.      Potential    Kinetic En.   Total Energy  Conserved En.
    2.41163e+03   -7.68937e+05    1.24024e+05   -6.44912e+05   -7.80554e+05
    Temperature Pres. DC (bar) Pressure (bar)   Constr. rmsd
    3.00174e+02   -1.18711e+02    6.78077e+27    1.95924e-06

           Step           Time
          17900        8.95000

   Energies (kJ/mol)
           Bond          Angle    Proper Dih.  Improper Dih. Per. Imp. Dih.
    5.38934e+01    1.74527e+01    4.76750e-01    3.58390e+03    4.43967e-02
          LJ-14     Coulomb-14        LJ (SR)  Disper. corr.   Coulomb (SR)
    1.60878e+02    5.03293e+01    1.50943e+05   -3.91363e+03   -9.22015e+05
   Coul. recip.      Potential    Kinetic En.   Total Energy  Conserved En.
    2.40658e+03   -7.68712e+05    1.24360e+05   -6.44353e+05   -7.80565e+05
    Temperature Pres. DC (bar) Pressure (bar)   Constr. rmsd
    3.00985e+02   -1.18711e+02    6.78077e+27    1.95924e-06

           Step           Time
          18000        9.00000

   Energies (kJ/mol)
           Bond          Angle    Proper Dih.  Improper Dih. Per. Imp. Dih.
    5.38934e+01    1.74527e+01    4.76750e-01    3.58390e+03    4.43967e-02
          LJ-14     Coulomb-14        LJ (SR)  Disper. corr.   Coulomb (SR)
    1.60878e+02    5.03293e+01    1.50798e+05   -3.91363e+03   -9.21622e+05
   Coul. recip.      Potential    Kinetic En.   Total Energy  Conserved En.
    2.39437e+03   -7.68476e+05    1.23877e+05   -6.44600e+05   -7.80586e+05
    Temperature Pres. DC (bar) Pressure (bar)   Constr. rmsd
    2.99816e+02   -1.18711e+02    6.78077e+27    1.95924e-06

           Step           Time
          18100        9.05000

   Energies (kJ/mol)
           Bond          Angle    Proper Dih.  Improper Dih. Per. Imp. Dih.
    5.38934e+01    1.74527e+01    4.76750e-01    3.58390e+03    4.43967e-02
          LJ-14     Coulomb-14        LJ (SR)  Disper. corr.   Coulomb (SR)
    1.60878e+02    5.03293e+01    1.49888e+05   -3.91363e+03   -9.21320e+05
   Coul. recip.      Potential    Kinetic En.   Total Energy  Conserved En.
    2.40266e+03   -7.69075e+05    1.24106e+05   -6.44970e+05   -7.80566e+05
    Temperature Pres. DC (bar) Pressure (bar)   Constr. rmsd
    3.00371e+02   -1.18711e+02    6.78077e+27    1.95924e-06

           Step           Time
          18200        9.10000

   Energies (kJ/mol)
           Bond          Angle    Proper Dih.  Improper Dih. Per. Imp. Dih.
    5.38934e+01    1.74527e+01    4.76750e-01    3.58390e+03    4.43967e-02
          LJ-14     Coulomb-14        LJ (SR)  Disper. corr.   Coulomb (SR)
    1.60878e+02    5.03293e+01    1.50331e+05   -3.91363e+03   -9.21388e+05
   Coul. recip.      Potential    Kinetic En.   Total Energy  Conserved En.
    2.40484e+03   -7.68699e+05    1.23375e+05   -6.45325e+05   -7.80583e+05
    Temperature Pres. DC (bar) Pressure (bar)   Constr. rmsd
    2.98602e+02   -1.18711e+02    6.78077e+27    1.95924e-06

           Step           Time
          18300        9.15000

   Energies (kJ/mol)
           Bond          Angle    Proper Dih.  Improper Dih. Per. Imp. Dih.
    5.38934e+01    1.74527e+01    4.76750e-01    3.58390e+03    4.43967e-02
          LJ-14     Coulomb-14        LJ (SR)  Disper. corr.   Coulomb (SR)
    1.60878e+02    5.03293e+01    1.48727e+05   -3.91363e+03   -9.20608e+05
   Coul. recip.      Potential    Kinetic En.   Total Energy  Conserved En.
    2.39661e+03   -7.69531e+05    1.24409e+05   -6.45123e+05   -7.80563e+05
    Temperature Pres. DC (bar) Pressure (bar)   Constr. rmsd
    3.01104e+02   -1.18711e+02    6.78077e+27    1.95924e-06

           Step           Time
          18400        9.20000

   Energies (kJ/mol)
           Bond          Angle    Proper Dih.  Improper Dih. Per. Imp. Dih.
    5.38934e+01    1.74527e+01    4.76750e-01    3.58390e+03    4.43967e-02
          LJ-14     Coulomb-14        LJ (SR)  Disper. corr.   Coulomb (SR)
    1.60878e+02    5.03293e+01    1.49832e+05   -3.91363e+03   -9.21438e+05
   Coul. recip.      Potential    Kinetic En.   Total Energy  Conserved En.
    2.37623e+03   -7.69276e+05    1.23906e+05   -6.45371e+05   -7.80568e+05
    Temperature Pres. DC (bar) Pressure (bar)   Constr. rmsd
    2.99887e+02   -1.18711e+02    6.78077e+27    1.95924e-06

           Step           Time
          18500        9.25000

   Energies (kJ/mol)
           Bond          Angle    Proper Dih.  Improper Dih. Per. Imp. Dih.
    5.38934e+01    1.74527e+01    4.76750e-01    3.58390e+03    4.43967e-02
          LJ-14     Coulomb-14        LJ (SR)  Disper. corr.   Coulomb (SR)
    1.60878e+02    5.03293e+01    1.50224e+05   -3.91363e+03   -9.21796e+05
   Coul. recip.      Potential    Kinetic En.   Total Energy  Conserved En.
    2.44243e+03   -7.69175e+05    1.24162e+05   -6.45014e+05   -7.80586e+05
    Temperature Pres. DC (bar) Pressure (bar)   Constr. rmsd
    3.00506e+02   -1.18711e+02    6.78077e+27    1.95924e-06

           Step           Time
          18600        9.30000

   Energies (kJ/mol)
           Bond          Angle    Proper Dih.  Improper Dih. Per. Imp. Dih.
    5.38934e+01    1.74527e+01    4.76750e-01    3.58390e+03    4.43967e-02
          LJ-14     Coulomb-14        LJ (SR)  Disper. corr.   Coulomb (SR)
    1.60878e+02    5.03293e+01    1.49560e+05   -3.91363e+03   -9.20771e+05
   Coul. recip.      Potential    Kinetic En.   Total Energy  Conserved En.
    2.34812e+03   -7.68909e+05    1.23264e+05   -6.45645e+05   -7.80569e+05
    Temperature Pres. DC (bar) Pressure (bar)   Constr. rmsd
    2.98335e+02   -1.18711e+02    6.78077e+27    1.95924e-06

           Step           Time
          18700        9.35000

   Energies (kJ/mol)
           Bond          Angle    Proper Dih.  Improper Dih. Per. Imp. Dih.
    5.38934e+01    1.74527e+01    4.76750e-01    3.58390e+03    4.43967e-02
          LJ-14     Coulomb-14        LJ (SR)  Disper. corr.   Coulomb (SR)
    1.60878e+02    5.03293e+01    1.48875e+05   -3.91363e+03   -9.20616e+05
   Coul. recip.      Potential    Kinetic En.   Total Energy  Conserved En.
    2.43976e+03   -7.69348e+05    1.23818e+05   -6.45530e+05   -7.80567e+05
    Temperature Pres. DC (bar) Pressure (bar)   Constr. rmsd
    2.99674e+02   -1.18711e+02    6.78077e+27    1.95924e-06

           Step           Time
          18800        9.40000

   Energies (kJ/mol)
           Bond          Angle    Proper Dih.  Improper Dih. Per. Imp. Dih.
    5.38934e+01    1.74527e+01    4.76750e-01    3.58390e+03    4.43967e-02
          LJ-14     Coulomb-14        LJ (SR)  Disper. corr.   Coulomb (SR)
    1.60878e+02    5.03293e+01    1.48858e+05   -3.91363e+03   -9.20154e+05
   Coul. recip.      Potential    Kinetic En.   Total Energy  Conserved En.
    2.30252e+03   -7.69041e+05    1.23989e+05   -6.45052e+05   -7.80578e+05
    Temperature Pres. DC (bar) Pressure (bar)   Constr. rmsd
    3.00089e+02   -1.18711e+02    6.78077e+27    1.95924e-06

           Step           Time
          18900        9.45000

   Energies (kJ/mol)
           Bond          Angle    Proper Dih.  Improper Dih. Per. Imp. Dih.
    5.38934e+01    1.74527e+01    4.76750e-01    3.58390e+03    4.43967e-02
          LJ-14     Coulomb-14        LJ (SR)  Disper. corr.   Coulomb (SR)
    1.60878e+02    5.03293e+01    1.49388e+05   -3.91363e+03   -9.20284e+05
   Coul. recip.      Potential    Kinetic En.   Total Energy  Conserved En.
    2.30335e+03   -7.68640e+05    1.23381e+05   -6.45259e+05   -7.80560e+05
    Temperature Pres. DC (bar) Pressure (bar)   Constr. rmsd
    2.98617e+02   -1.18711e+02    6.78077e+27    1.95924e-06

           Step           Time
          19000        9.50000

   Energies (kJ/mol)
           Bond          Angle    Proper Dih.  Improper Dih. Per. Imp. Dih.
    5.38934e+01    1.74527e+01    4.76750e-01    3.58390e+03    4.43967e-02
          LJ-14     Coulomb-14        LJ (SR)  Disper. corr.   Coulomb (SR)
    1.60878e+02    5.03293e+01    1.49227e+05   -3.91363e+03   -9.20352e+05
   Coul. recip.      Potential    Kinetic En.   Total Energy  Conserved En.
    2.45561e+03   -7.68716e+05    1.24062e+05   -6.44654e+05   -7.80573e+05
    Temperature Pres. DC (bar) Pressure (bar)   Constr. rmsd
    3.00265e+02   -1.18711e+02    6.78077e+27    1.95924e-06

           Step           Time
          19100        9.55000

   Energies (kJ/mol)
           Bond          Angle    Proper Dih.  Improper Dih. Per. Imp. Dih.
    5.38934e+01    1.74527e+01    4.76750e-01    3.58390e+03    4.43967e-02
          LJ-14     Coulomb-14        LJ (SR)  Disper. corr.   Coulomb (SR)
    1.60878e+02    5.03293e+01    1.49437e+05   -3.91363e+03   -9.20375e+05
   Coul. recip.      Potential    Kinetic En.   Total Energy  Conserved En.
    2.42557e+03   -7.68560e+05    1.24033e+05   -6.44527e+05   -7.80573e+05
    Temperature Pres. DC (bar) Pressure (bar)   Constr. rmsd
    3.00194e+02   -1.18711e+02    6.78077e+27    1.95924e-06

           Step           Time
          19200        9.60000

   Energies (kJ/mol)
           Bond          Angle    Proper Dih.  Improper Dih. Per. Imp. Dih.
    5.38934e+01    1.74527e+01    4.76750e-01    3.58390e+03    4.43967e-02
          LJ-14     Coulomb-14        LJ (SR)  Disper. corr.   Coulomb (SR)
    1.60878e+02    5.03293e+01    1.49732e+05   -3.91363e+03   -9.20124e+05
   Coul. recip.      Potential    Kinetic En.   Total Energy  Conserved En.
    2.51228e+03   -7.67927e+05    1.24737e+05   -6.43189e+05   -7.80574e+05
    Temperature Pres. DC (bar) Pressure (bar)   Constr. rmsd
    3.01900e+02   -1.18711e+02    6.78077e+27    1.95924e-06

           Step           Time
          19300        9.65000

   Energies (kJ/mol)
           Bond          Angle    Proper Dih.  Improper Dih. Per. Imp. Dih.
    5.38934e+01    1.74527e+01    4.76750e-01    3.58390e+03    4.43967e-02
          LJ-14     Coulomb-14        LJ (SR)  Disper. corr.   Coulomb (SR)
    1.60878e+02    5.03293e+01    1.49541e+05   -3.91363e+03   -9.19936e+05
   Coul. recip.      Potential    Kinetic En.   Total Energy  Conserved En.
    2.42247e+03   -7.68019e+05    1.25499e+05   -6.42520e+05   -7.80566e+05
    Temperature Pres. DC (bar) Pressure (bar)   Constr. rmsd
    3.03743e+02   -1.18711e+02    6.78077e+27    1.95924e-06

           Step           Time
          19400        9.70000

   Energies (kJ/mol)
           Bond          Angle    Proper Dih.  Improper Dih. Per. Imp. Dih.
    5.38934e+01    1.74527e+01    4.76750e-01    3.58390e+03    4.43967e-02
          LJ-14     Coulomb-14        LJ (SR)  Disper. corr.   Coulomb (SR)
    1.60878e+02    5.03293e+01    1.49723e+05   -3.91363e+03   -9.19648e+05
   Coul. recip.      Potential    Kinetic En.   Total Energy  Conserved En.
    2.40197e+03   -7.67570e+05    1.24550e+05   -6.43020e+05   -7.80570e+05
    Temperature Pres. DC (bar) Pressure (bar)   Constr. rmsd
    3.01447e+02   -1.18711e+02    6.78077e+27    1.95924e-06

           Step           Time
          19500        9.75000

   Energies (kJ/mol)
           Bond          Angle    Proper Dih.  Improper Dih. Per. Imp. Dih.
    5.38934e+01    1.74527e+01    4.76750e-01    3.58390e+03    4.43967e-02
          LJ-14     Coulomb-14        LJ (SR)  Disper. corr.   Coulomb (SR)
    1.60878e+02    5.03293e+01    1.49813e+05   -3.91363e+03   -9.19458e+05
   Coul. recip.      Potential    Kinetic En.   Total Energy  Conserved En.
    2.38197e+03   -7.67310e+05    1.23967e+05   -6.43343e+05   -7.80577e+05
    Temperature Pres. DC (bar) Pressure (bar)   Constr. rmsd
    3.00035e+02   -1.18711e+02    6.78077e+27    1.95924e-06

           Step           Time
          19600        9.80000

   Energies (kJ/mol)
           Bond          Angle    Proper Dih.  Improper Dih. Per. Imp. Dih.
    5.38934e+01    1.74527e+01    4.76750e-01    3.58390e+03    4.43967e-02
          LJ-14     Coulomb-14        LJ (SR)  Disper. corr.   Coulomb (SR)
    1.60878e+02    5.03293e+01    1.50861e+05   -3.91363e+03   -9.21337e+05
   Coul. recip.      Potential    Kinetic En.   Total Energy  Conserved En.
    2.40300e+03   -7.68119e+05    1.23747e+05   -6.44373e+05   -7.80556e+05
    Temperature Pres. DC (bar) Pressure (bar)   Constr. rmsd
    2.99502e+02   -1.18711e+02    6.78077e+27    1.95924e-06

           Step           Time
          19700        9.85000

   Energies (kJ/mol)
           Bond          Angle    Proper Dih.  Improper Dih. Per. Imp. Dih.
    5.38934e+01    1.74527e+01    4.76750e-01    3.58390e+03    4.43967e-02
          LJ-14     Coulomb-14        LJ (SR)  Disper. corr.   Coulomb (SR)
    1.60878e+02    5.03293e+01    1.49919e+05   -3.91363e+03   -9.20636e+05
   Coul. recip.      Potential    Kinetic En.   Total Energy  Conserved En.
    2.39674e+03   -7.68367e+05    1.24510e+05   -6.43857e+05   -7.80584e+05
    Temperature Pres. DC (bar) Pressure (bar)   Constr. rmsd
    3.01349e+02   -1.18711e+02    6.78077e+27    1.95924e-06

           Step           Time
          19800        9.90000

   Energies (kJ/mol)
           Bond          Angle    Proper Dih.  Improper Dih. Per. Imp. Dih.
    5.38934e+01    1.74527e+01    4.76750e-01    3.58390e+03    4.43967e-02
          LJ-14     Coulomb-14        LJ (SR)  Disper. corr.   Coulomb (SR)
    1.60878e+02    5.03293e+01    1.49081e+05   -3.91363e+03   -9.19912e+05
   Coul. recip.      Potential    Kinetic En.   Total Energy  Conserved En.
    2.42346e+03   -7.68454e+05    1.23779e+05   -6.44675e+05   -7.80578e+05
    Temperature Pres. DC (bar) Pressure (bar)   Constr. rmsd
    2.99580e+02   -1.18711e+02    6.78077e+27    1.95924e-06

           Step           Time
          19900        9.95000

   Energies (kJ/mol)
           Bond          Angle    Proper Dih.  Improper Dih. Per. Imp. Dih.
    5.38934e+01    1.74527e+01    4.76750e-01    3.58390e+03    4.43967e-02
          LJ-14     Coulomb-14        LJ (SR)  Disper. corr.   Coulomb (SR)
    1.60878e+02    5.03293e+01    1.48254e+05   -3.91363e+03   -9.18314e+05
   Coul. recip.      Potential    Kinetic En.   Total Energy  Conserved En.
    2.33150e+03   -7.67775e+05    1.23679e+05   -6.44096e+05   -7.80590e+05
    Temperature Pres. DC (bar) Pressure (bar)   Constr. rmsd
    2.99337e+02   -1.18711e+02    6.78077e+27    1.95924e-06

           Step           Time
          20000       10.00000

   Energies (kJ/mol)
           Bond          Angle    Proper Dih.  Improper Dih. Per. Imp. Dih.
    5.38934e+01    1.74527e+01    4.76750e-01    3.58390e+03    4.43967e-02
          LJ-14     Coulomb-14        LJ (SR)  Disper. corr.   Coulomb (SR)
    1.60878e+02    5.03293e+01    1.48571e+05   -3.91363e+03   -9.19299e+05
   Coul. recip.      Potential    Kinetic En.   Total Energy  Conserved En.
    2.42143e+03   -7.68354e+05    1.24570e+05   -6.43784e+05   -7.80575e+05
    Temperature Pres. DC (bar) Pressure (bar)   Constr. rmsd
    3.01495e+02   -1.18711e+02    6.78077e+27    1.95924e-06

           Step           Time
          20100       10.05000

   Energies (kJ/mol)
           Bond          Angle    Proper Dih.  Improper Dih. Per. Imp. Dih.
    5.38934e+01    1.74527e+01    4.76750e-01    3.58390e+03    4.43967e-02
          LJ-14     Coulomb-14        LJ (SR)  Disper. corr.   Coulomb (SR)
    1.60878e+02    5.03293e+01    1.49364e+05   -3.91363e+03   -9.19432e+05
   Coul. recip.      Potential    Kinetic En.   Total Energy  Conserved En.
    2.41580e+03   -7.67699e+05    1.24482e+05   -6.43217e+05   -7.80562e+05
    Temperature Pres. DC (bar) Pressure (bar)   Constr. rmsd
    3.01282e+02   -1.18711e+02    6.78077e+27    1.95924e-06

           Step           Time
          20200       10.10000

   Energies (kJ/mol)
           Bond          Angle    Proper Dih.  Improper Dih. Per. Imp. Dih.
    5.38934e+01    1.74527e+01    4.76750e-01    3.58390e+03    4.43967e-02
          LJ-14     Coulomb-14        LJ (SR)  Disper. corr.   Coulomb (SR)
    1.60878e+02    5.03293e+01    1.48806e+05   -3.91363e+03   -9.18605e+05
   Coul. recip.      Potential    Kinetic En.   Total Energy  Conserved En.
    2.41297e+03   -7.67433e+05    1.23631e+05   -6.43801e+05   -7.80576e+05
    Temperature Pres. DC (bar) Pressure (bar)   Constr. rmsd
    2.99222e+02   -1.18711e+02    6.78077e+27    1.95924e-06

           Step           Time
          20300       10.15000

   Energies (kJ/mol)
           Bond          Angle    Proper Dih.  Improper Dih. Per. Imp. Dih.
    5.38934e+01    1.74527e+01    4.76750e-01    3.58390e+03    4.43967e-02
          LJ-14     Coulomb-14        LJ (SR)  Disper. corr.   Coulomb (SR)
    1.60878e+02    5.03293e+01    1.47029e+05   -3.91363e+03   -9.17487e+05
   Coul. recip.      Potential    Kinetic En.   Total Energy  Conserved En.
    2.35935e+03   -7.68145e+05    1.24155e+05   -6.43989e+05   -7.80571e+05
    Temperature Pres. DC (bar) Pressure (bar)   Constr. rmsd
    3.00491e+02   -1.18711e+02    6.78077e+27    1.95924e-06

           Step           Time
          20400       10.20000

   Energies (kJ/mol)
           Bond          Angle    Proper Dih.  Improper Dih. Per. Imp. Dih.
    5.38934e+01    1.74527e+01    4.76750e-01    3.58390e+03    4.43967e-02
          LJ-14     Coulomb-14        LJ (SR)  Disper. corr.   Coulomb (SR)
    1.60878e+02    5.03293e+01    1.47916e+05   -3.91363e+03   -9.17186e+05
   Coul. recip.      Potential    Kinetic En.   Total Energy  Conserved En.
    2.35247e+03   -7.66965e+05    1.23743e+05   -6.43221e+05   -7.80574e+05
    Temperature Pres. DC (bar) Pressure (bar)   Constr. rmsd
    2.99494e+02   -1.18711e+02    6.78077e+27    1.95924e-06

           Step           Time
          20500       10.25000

   Energies (kJ/mol)
           Bond          Angle    Proper Dih.  Improper Dih. Per. Imp. Dih.
    5.38934e+01    1.74527e+01    4.76750e-01    3.58390e+03    4.43967e-02
          LJ-14     Coulomb-14        LJ (SR)  Disper. corr.   Coulomb (SR)
    1.60878e+02    5.03293e+01    1.48229e+05   -3.91363e+03   -9.18015e+05
   Coul. recip.      Potential    Kinetic En.   Total Energy  Conserved En.
    2.40765e+03   -7.67425e+05    1.24014e+05   -6.43411e+05   -7.80570e+05
    Temperature Pres. DC (bar) Pressure (bar)   Constr. rmsd
    3.00148e+02   -1.18711e+02    6.78077e+27    1.95924e-06

           Step           Time
          20600       10.30000

   Energies (kJ/mol)
           Bond          Angle    Proper Dih.  Improper Dih. Per. Imp. Dih.
    5.38934e+01    1.74527e+01    4.76750e-01    3.58390e+03    4.43967e-02
          LJ-14     Coulomb-14        LJ (SR)  Disper. corr.   Coulomb (SR)
    1.60878e+02    5.03293e+01    1.47611e+05   -3.91363e+03   -9.18373e+05
   Coul. recip.      Potential    Kinetic En.   Total Energy  Conserved En.
    2.30860e+03   -7.68500e+05    1.24521e+05   -6.43980e+05   -7.80586e+05
    Temperature Pres. DC (bar) Pressure (bar)   Constr. rmsd
    3.01376e+02   -1.18711e+02    6.78077e+27    1.95924e-06

           Step           Time
          20700       10.35000

   Energies (kJ/mol)
           Bond          Angle    Proper Dih.  Improper Dih. Per. Imp. Dih.
    5.38934e+01    1.74527e+01    4.76750e-01    3.58390e+03    4.43967e-02
          LJ-14     Coulomb-14        LJ (SR)  Disper. corr.   Coulomb (SR)
    1.60878e+02    5.03293e+01    1.48913e+05   -3.91363e+03   -9.18501e+05
   Coul. recip.      Potential    Kinetic En.   Total Energy  Conserved En.
    2.31791e+03   -7.67316e+05    1.23527e+05   -6.43790e+05   -7.80587e+05
    Temperature Pres. DC (bar) Pressure (bar)   Constr. rmsd
    2.98970e+02   -1.18711e+02    6.78077e+27    1.95924e-06

           Step           Time
          20800       10.40000

   Energies (kJ/mol)
           Bond          Angle    Proper Dih.  Improper Dih. Per. Imp. Dih.
    5.38934e+01    1.74527e+01    4.76750e-01    3.58390e+03    4.43967e-02
          LJ-14     Coulomb-14        LJ (SR)  Disper. corr.   Coulomb (SR)
    1.60878e+02    5.03293e+01    1.49709e+05   -3.91363e+03   -9.20034e+05
   Coul. recip.      Potential    Kinetic En.   Total Energy  Conserved En.
    2.40650e+03   -7.67965e+05    1.24183e+05   -6.43782e+05   -7.80581e+05
    Temperature Pres. DC (bar) Pressure (bar)   Constr. rmsd
    3.00558e+02   -1.18711e+02    6.78077e+27    1.95924e-06

           Step           Time
          20900       10.45000

   Energies (kJ/mol)
           Bond          Angle    Proper Dih.  Improper Dih. Per. Imp. Dih.
    5.38934e+01    1.74527e+01    4.76750e-01    3.58390e+03    4.43967e-02
          LJ-14     Coulomb-14        LJ (SR)  Disper. corr.   Coulomb (SR)
    1.60878e+02    5.03293e+01    1.48230e+05   -3.91363e+03   -9.18704e+05
   Coul. recip.      Potential    Kinetic En.   Total Energy  Conserved En.
    2.38625e+03   -7.68134e+05    1.23688e+05   -6.44446e+05   -7.80587e+05
    Temperature Pres. DC (bar) Pressure (bar)   Constr. rmsd
    2.99359e+02   -1.18711e+02    6.78077e+27    1.95924e-06

           Step           Time
          21000       10.50000

   Energies (kJ/mol)
           Bond          Angle    Proper Dih.  Improper Dih. Per. Imp. Dih.
    5.38934e+01    1.74527e+01    4.76750e-01    3.58390e+03    4.43967e-02
          LJ-14     Coulomb-14        LJ (SR)  Disper. corr.   Coulomb (SR)
    1.60878e+02    5.03293e+01    1.49953e+05   -3.91363e+03   -9.21348e+05
   Coul. recip.      Potential    Kinetic En.   Total Energy  Conserved En.
    2.37207e+03   -7.69070e+05    1.23680e+05   -6.45390e+05   -7.80576e+05
    Temperature Pres. DC (bar) Pressure (bar)   Constr. rmsd
    2.99342e+02   -1.18711e+02    6.78077e+27    1.95924e-06

           Step           Time
          21100       10.55000

   Energies (kJ/mol)
           Bond          Angle    Proper Dih.  Improper Dih. Per. Imp. Dih.
    5.38934e+01    1.74527e+01    4.76750e-01    3.58390e+03    4.43967e-02
          LJ-14     Coulomb-14        LJ (SR)  Disper. corr.   Coulomb (SR)
    1.60878e+02    5.03293e+01    1.50213e+05   -3.91363e+03   -9.21529e+05
   Coul. recip.      Potential    Kinetic En.   Total Energy  Conserved En.
    2.37501e+03   -7.68988e+05    1.23822e+05   -6.45166e+05   -7.80586e+05
    Temperature Pres. DC (bar) Pressure (bar)   Constr. rmsd
    2.99684e+02   -1.18711e+02    6.78077e+27    1.95924e-06

           Step           Time
          21200       10.60000

   Energies (kJ/mol)
           Bond          Angle    Proper Dih.  Improper Dih. Per. Imp. Dih.
    5.38934e+01    1.74527e+01    4.76750e-01    3.58390e+03    4.43967e-02
          LJ-14     Coulomb-14        LJ (SR)  Disper. corr.   Coulomb (SR)
    1.60878e+02    5.03293e+01    1.49846e+05   -3.91363e+03   -9.21224e+05
   Coul. recip.      Potential    Kinetic En.   Total Energy  Conserved En.
    2.42059e+03   -7.69003e+05    1.24214e+05   -6.44789e+05   -7.80601e+05
    Temperature Pres. DC (bar) Pressure (bar)   Constr. rmsd
    3.00633e+02   -1.18711e+02    6.78077e+27    1.95924e-06

           Step           Time
          21300       10.65000

   Energies (kJ/mol)
           Bond          Angle    Proper Dih.  Improper Dih. Per. Imp. Dih.
    5.38934e+01    1.74527e+01    4.76750e-01    3.58390e+03    4.43967e-02
          LJ-14     Coulomb-14        LJ (SR)  Disper. corr.   Coulomb (SR)
    1.60878e+02    5.03293e+01    1.49044e+05   -3.91363e+03   -9.20089e+05
   Coul. recip.      Potential    Kinetic En.   Total Energy  Conserved En.
    2.40489e+03   -7.68686e+05    1.24334e+05   -6.44352e+05   -7.80592e+05
    Temperature Pres. DC (bar) Pressure (bar)   Constr. rmsd
    3.00923e+02   -1.18711e+02    6.78077e+27    1.95924e-06

           Step           Time
          21400       10.70000

   Energies (kJ/mol)
           Bond          Angle    Proper Dih.  Improper Dih. Per. Imp. Dih.
    5.38934e+01    1.74527e+01    4.76750e-01    3.58390e+03    4.43967e-02
          LJ-14     Coulomb-14        LJ (SR)  Disper. corr.   Coulomb (SR)
    1.60878e+02    5.03293e+01    1.49511e+05   -3.91363e+03   -9.20517e+05
   Coul. recip.      Potential    Kinetic En.   Total Energy  Conserved En.
    2.35286e+03   -7.68700e+05    1.24315e+05   -6.44385e+05   -7.80580e+05
    Temperature Pres. DC (bar) Pressure (bar)   Constr. rmsd
    3.00877e+02   -1.18711e+02    6.78077e+27    1.95924e-06

           Step           Time
          21500       10.75000

   Energies (kJ/mol)
           Bond          Angle    Proper Dih.  Improper Dih. Per. Imp. Dih.
    5.38934e+01    1.74527e+01    4.76750e-01    3.58390e+03    4.43967e-02
          LJ-14     Coulomb-14        LJ (SR)  Disper. corr.   Coulomb (SR)
    1.60878e+02    5.03293e+01    1.49091e+05   -3.91363e+03   -9.18926e+05
   Coul. recip.      Potential    Kinetic En.   Total Energy  Conserved En.
    2.36563e+03   -7.67517e+05    1.23345e+05   -6.44172e+05   -7.80584e+05
    Temperature Pres. DC (bar) Pressure (bar)   Constr. rmsd
    2.98529e+02   -1.18711e+02    6.78077e+27    1.95924e-06

           Step           Time
          21600       10.80000

   Energies (kJ/mol)
           Bond          Angle    Proper Dih.  Improper Dih. Per. Imp. Dih.
    5.38934e+01    1.74527e+01    4.76750e-01    3.58390e+03    4.43967e-02
          LJ-14     Coulomb-14        LJ (SR)  Disper. corr.   Coulomb (SR)
    1.60878e+02    5.03293e+01    1.49053e+05   -3.91363e+03   -9.20011e+05
   Coul. recip.      Potential    Kinetic En.   Total Energy  Conserved En.
    2.37526e+03   -7.68629e+05    1.23949e+05   -6.44680e+05   -7.80580e+05
    Temperature Pres. DC (bar) Pressure (bar)   Constr. rmsd
    2.99992e+02   -1.18711e+02    6.78077e+27    1.95924e-06

           Step           Time
          21700       10.85000

   Energies (kJ/mol)
           Bond          Angle    Proper Dih.  Improper Dih. Per. Imp. Dih.
    5.38934e+01    1.74527e+01    4.76750e-01    3.58390e+03    4.43967e-02
          LJ-14     Coulomb-14        LJ (SR)  Disper. corr.   Coulomb (SR)
    1.60878e+02    5.03293e+01    1.50047e+05   -3.91363e+03   -9.20481e+05
   Coul. recip.      Potential    Kinetic En.   Total Energy  Conserved En.
    2.40923e+03   -7.68071e+05    1.23766e+05   -6.44305e+05   -7.80598e+05
    Temperature Pres. DC (bar) Pressure (bar)   Constr. rmsd
    2.99549e+02   -1.18711e+02    6.78077e+27    1.95924e-06

           Step           Time
          21800       10.90000

   Energies (kJ/mol)
           Bond          Angle    Proper Dih.  Improper Dih. Per. Imp. Dih.
    5.38934e+01    1.74527e+01    4.76750e-01    3.58390e+03    4.43967e-02
          LJ-14     Coulomb-14        LJ (SR)  Disper. corr.   Coulomb (SR)
    1.60878e+02    5.03293e+01    1.49229e+05   -3.91363e+03   -9.19510e+05
   Coul. recip.      Potential    Kinetic En.   Total Energy  Conserved En.
    2.34217e+03   -7.67986e+05    1.24369e+05   -6.43618e+05   -7.80579e+05
    Temperature Pres. DC (bar) Pressure (bar)   Constr. rmsd
    3.01007e+02   -1.18711e+02    6.78077e+27    1.95924e-06

           Step           Time
          21900       10.95000

   Energies (kJ/mol)
           Bond          Angle    Proper Dih.  Improper Dih. Per. Imp. Dih.
    5.38934e+01    1.74527e+01    4.76750e-01    3.58390e+03    4.43967e-02
          LJ-14     Coulomb-14        LJ (SR)  Disper. corr.   Coulomb (SR)
    1.60878e+02    5.03293e+01    1.49201e+05   -3.91363e+03   -9.19452e+05
   Coul. recip.      Potential    Kinetic En.   Total Energy  Conserved En.
    2.40339e+03   -7.67894e+05    1.24084e+05   -6.43810e+05   -7.80577e+05
    Temperature Pres. DC (bar) Pressure (bar)   Constr. rmsd
    3.00318e+02   -1.18711e+02    6.78077e+27    1.95924e-06

           Step           Time
          22000       11.00000

   Energies (kJ/mol)
           Bond          Angle    Proper Dih.  Improper Dih. Per. Imp. Dih.
    5.38934e+01    1.74527e+01    4.76750e-01    3.58390e+03    4.43967e-02
          LJ-14     Coulomb-14        LJ (SR)  Disper. corr.   Coulomb (SR)
    1.60878e+02    5.03293e+01    1.49292e+05   -3.91363e+03   -9.20439e+05
   Coul. recip.      Potential    Kinetic En.   Total Energy  Conserved En.
    2.40141e+03   -7.68792e+05    1.24544e+05   -6.44248e+05   -7.80607e+05
    Temperature Pres. DC (bar) Pressure (bar)   Constr. rmsd
    3.01431e+02   -1.18711e+02    6.78077e+27    1.95924e-06

           Step           Time
          22100       11.05000

   Energies (kJ/mol)
           Bond          Angle    Proper Dih.  Improper Dih. Per. Imp. Dih.
    5.38934e+01    1.74527e+01    4.76750e-01    3.58390e+03    4.43967e-02
          LJ-14     Coulomb-14        LJ (SR)  Disper. corr.   Coulomb (SR)
    1.60878e+02    5.03293e+01    1.50621e+05   -3.91363e+03   -9.21260e+05
   Coul. recip.      Potential    Kinetic En.   Total Energy  Conserved En.
    2.39946e+03   -7.68286e+05    1.24282e+05   -6.44004e+05   -7.80580e+05
    Temperature Pres. DC (bar) Pressure (bar)   Constr. rmsd
    3.00798e+02   -1.18711e+02    6.78077e+27    1.95924e-06

           Step           Time
          22200       11.10000

   Energies (kJ/mol)
           Bond          Angle    Proper Dih.  Improper Dih. Per. Imp. Dih.
    5.38934e+01    1.74527e+01    4.76750e-01    3.58390e+03    4.43967e-02
          LJ-14     Coulomb-14        LJ (SR)  Disper. corr.   Coulomb (SR)
    1.60878e+02    5.03293e+01    1.48948e+05   -3.91363e+03   -9.18858e+05
   Coul. recip.      Potential    Kinetic En.   Total Energy  Conserved En.
    2.47880e+03   -7.67478e+05    1.23884e+05   -6.43594e+05   -7.80594e+05
    Temperature Pres. DC (bar) Pressure (bar)   Constr. rmsd
    2.99834e+02   -1.18711e+02    6.78077e+27    1.95924e-06

           Step           Time
          22300       11.15000

   Energies (kJ/mol)
           Bond          Angle    Proper Dih.  Improper Dih. Per. Imp. Dih.
    5.38934e+01    1.74527e+01    4.76750e-01    3.58390e+03    4.43967e-02
          LJ-14     Coulomb-14        LJ (SR)  Disper. corr.   Coulomb (SR)
    1.60878e+02    5.03293e+01    1.47628e+05   -3.91363e+03   -9.17110e+05
   Coul. recip.      Potential    Kinetic En.   Total Energy  Conserved En.
    2.37948e+03   -7.67149e+05    1.23633e+05   -6.43515e+05   -7.80583e+05
    Temperature Pres. DC (bar) Pressure (bar)   Constr. rmsd
    2.99228e+02   -1.18711e+02    6.78077e+27    1.95924e-06

           Step           Time
          22400       11.20000

   Energies (kJ/mol)
           Bond          Angle    Proper Dih.  Improper Dih. Per. Imp. Dih.
    5.38934e+01    1.74527e+01    4.76750e-01    3.58390e+03    4.43967e-02
          LJ-14     Coulomb-14        LJ (SR)  Disper. corr.   Coulomb (SR)
    1.60878e+02    5.03293e+01    1.48668e+05   -3.91363e+03   -9.18590e+05
   Coul. recip.      Potential    Kinetic En.   Total Energy  Conserved En.
    2.42847e+03   -7.67540e+05    1.23054e+05   -6.44486e+05   -7.80594e+05
    Temperature Pres. DC (bar) Pressure (bar)   Constr. rmsd
    2.97825e+02   -1.18711e+02    6.78077e+27    1.95924e-06

           Step           Time
          22500       11.25000

   Energies (kJ/mol)
           Bond          Angle    Proper Dih.  Improper Dih. Per. Imp. Dih.
    5.38934e+01    1.74527e+01    4.76750e-01    3.58390e+03    4.43967e-02
          LJ-14     Coulomb-14        LJ (SR)  Disper. corr.   Coulomb (SR)
    1.60878e+02    5.03293e+01    1.47703e+05   -3.91363e+03   -9.17492e+05
   Coul. recip.      Potential    Kinetic En.   Total Energy  Conserved En.
    2.38901e+03   -7.67447e+05    1.23658e+05   -6.43789e+05   -7.80593e+05
    Temperature Pres. DC (bar) Pressure (bar)   Constr. rmsd
    2.99287e+02   -1.18711e+02    6.78077e+27    1.95924e-06

           Step           Time
          22600       11.30000

   Energies (kJ/mol)
           Bond          Angle    Proper Dih.  Improper Dih. Per. Imp. Dih.
    5.38934e+01    1.74527e+01    4.76750e-01    3.58390e+03    4.43967e-02
          LJ-14     Coulomb-14        LJ (SR)  Disper. corr.   Coulomb (SR)
    1.60878e+02    5.03293e+01    1.47471e+05   -3.91363e+03   -9.17954e+05
   Coul. recip.      Potential    Kinetic En.   Total Energy  Conserved En.
    2.33420e+03   -7.68196e+05    1.24199e+05   -6.43996e+05   -7.80580e+05
    Temperature Pres. DC (bar) Pressure (bar)   Constr. rmsd
    3.00597e+02   -1.18711e+02    6.78077e+27    1.95924e-06

           Step           Time
          22700       11.35000

   Energies (kJ/mol)
           Bond          Angle    Proper Dih.  Improper Dih. Per. Imp. Dih.
    5.38934e+01    1.74527e+01    4.76750e-01    3.58390e+03    4.43967e-02
          LJ-14     Coulomb-14        LJ (SR)  Disper. corr.   Coulomb (SR)
    1.60878e+02    5.03293e+01    1.49079e+05   -3.91363e+03   -9.18437e+05
   Coul. recip.      Potential    Kinetic En.   Total Energy  Conserved En.
    2.36231e+03   -7.67042e+05    1.23432e+05   -6.43610e+05   -7.80577e+05
    Temperature Pres. DC (bar) Pressure (bar)   Constr. rmsd
    2.98741e+02   -1.18711e+02    6.78077e+27    1.95924e-06

           Step           Time
          22800       11.40000

   Energies (kJ/mol)
           Bond          Angle    Proper Dih.  Improper Dih. Per. Imp. Dih.
    5.38934e+01    1.74527e+01    4.76750e-01    3.58390e+03    4.43967e-02
          LJ-14     Coulomb-14        LJ (SR)  Disper. corr.   Coulomb (SR)
    1.60878e+02    5.03293e+01    1.48691e+05   -3.91363e+03   -9.18497e+05
   Coul. recip.      Potential    Kinetic En.   Total Energy  Conserved En.
    2.33554e+03   -7.67516e+05    1.24234e+05   -6.43282e+05   -7.80575e+05
    Temperature Pres. DC (bar) Pressure (bar)   Constr. rmsd
    3.00682e+02   -1.18711e+02    6.78077e+27    1.95924e-06

           Step           Time
          22900       11.45000

   Energies (kJ/mol)
           Bond          Angle    Proper Dih.  Improper Dih. Per. Imp. Dih.
    5.38934e+01    1.74527e+01    4.76750e-01    3.58390e+03    4.43967e-02
          LJ-14     Coulomb-14        LJ (SR)  Disper. corr.   Coulomb (SR)
    1.60878e+02    5.03293e+01    1.48445e+05   -3.91363e+03   -9.18178e+05
   Coul. recip.      Potential    Kinetic En.   Total Energy  Conserved En.
    2.42718e+03   -7.67353e+05    1.24203e+05   -6.43150e+05   -7.80589e+05
    Temperature Pres. DC (bar) Pressure (bar)   Constr. rmsd
    3.00607e+02   -1.18711e+02    6.78077e+27    1.95924e-06

           Step           Time
          23000       11.50000

   Energies (kJ/mol)
           Bond          Angle    Proper Dih.  Improper Dih. Per. Imp. Dih.
    5.38934e+01    1.74527e+01    4.76750e-01    3.58390e+03    4.43967e-02
          LJ-14     Coulomb-14        LJ (SR)  Disper. corr.   Coulomb (SR)
    1.60878e+02    5.03293e+01    1.48006e+05   -3.91363e+03   -9.17761e+05
   Coul. recip.      Potential    Kinetic En.   Total Energy  Conserved En.
    2.46279e+03   -7.67338e+05    1.23193e+05   -6.44146e+05   -7.80569e+05
    Temperature Pres. DC (bar) Pressure (bar)   Constr. rmsd
    2.98162e+02   -1.18711e+02    6.78077e+27    1.95924e-06

           Step           Time
          23100       11.55000

   Energies (kJ/mol)
           Bond          Angle    Proper Dih.  Improper Dih. Per. Imp. Dih.
    5.38934e+01    1.74527e+01    4.76750e-01    3.58390e+03    4.43967e-02
          LJ-14     Coulomb-14        LJ (SR)  Disper. corr.   Coulomb (SR)
    1.60878e+02    5.03293e+01    1.48554e+05   -3.91363e+03   -9.18217e+05
   Coul. recip.      Potential    Kinetic En.   Total Energy  Conserved En.
    2.50908e+03   -7.67201e+05    1.23566e+05   -6.43635e+05   -7.80606e+05
    Temperature Pres. DC (bar) Pressure (bar)   Constr. rmsd
    2.99064e+02   -1.18711e+02    6.78077e+27    1.95924e-06

           Step           Time
          23200       11.60000

   Energies (kJ/mol)
           Bond          Angle    Proper Dih.  Improper Dih. Per. Imp. Dih.
    5.38934e+01    1.74527e+01    4.76750e-01    3.58390e+03    4.43967e-02
          LJ-14     Coulomb-14        LJ (SR)  Disper. corr.   Coulomb (SR)
    1.60878e+02    5.03293e+01    1.47852e+05   -3.91363e+03   -9.18657e+05
   Coul. recip.      Potential    Kinetic En.   Total Energy  Conserved En.
    2.39642e+03   -7.68456e+05    1.24277e+05   -6.44178e+05   -7.80610e+05
    Temperature Pres. DC (bar) Pressure (bar)   Constr. rmsd
    3.00786e+02   -1.18711e+02    6.78077e+27    1.95924e-06

           Step           Time
          23300       11.65000

   Energies (kJ/mol)
           Bond          Angle    Proper Dih.  Improper Dih. Per. Imp. Dih.
    5.38934e+01    1.74527e+01    4.76750e-01    3.58390e+03    4.43967e-02
          LJ-14     Coulomb-14        LJ (SR)  Disper. corr.   Coulomb (SR)
    1.60878e+02    5.03293e+01    1.48368e+05   -3.91363e+03   -9.18965e+05
   Coul. recip.      Potential    Kinetic En.   Total Energy  Conserved En.
    2.38343e+03   -7.68260e+05    1.23505e+05   -6.44755e+05   -7.80594e+05
    Temperature Pres. DC (bar) Pressure (bar)   Constr. rmsd
    2.98918e+02   -1.18711e+02    6.78077e+27    1.95924e-06

           Step           Time
          23400       11.70000

   Energies (kJ/mol)
           Bond          Angle    Proper Dih.  Improper Dih. Per. Imp. Dih.
    5.38934e+01    1.74527e+01    4.76750e-01    3.58390e+03    4.43967e-02
          LJ-14     Coulomb-14        LJ (SR)  Disper. corr.   Coulomb (SR)
    1.60878e+02    5.03293e+01    1.48392e+05   -3.91363e+03   -9.19327e+05
   Coul. recip.      Potential    Kinetic En.   Total Energy  Conserved En.
    2.46070e+03   -7.68521e+05    1.23440e+05   -6.45081e+05   -7.80585e+05
    Temperature Pres. DC (bar) Pressure (bar)   Constr. rmsd
    2.98761e+02   -1.18711e+02    6.78077e+27    1.95924e-06

           Step           Time
          23500       11.75000

   Energies (kJ/mol)
           Bond          Angle    Proper Dih.  Improper Dih. Per. Imp. Dih.
    5.38934e+01    1.74527e+01    4.76750e-01    3.58390e+03    4.43967e-02
          LJ-14     Coulomb-14        LJ (SR)  Disper. corr.   Coulomb (SR)
    1.60878e+02    5.03293e+01    1.49192e+05   -3.91363e+03   -9.20168e+05
   Coul. recip.      Potential    Kinetic En.   Total Energy  Conserved En.
    2.39289e+03   -7.68630e+05    1.24080e+05   -6.44550e+05   -7.80605e+05
    Temperature Pres. DC (bar) Pressure (bar)   Constr. rmsd
    3.00309e+02   -1.18711e+02    6.78077e+27    1.95924e-06

           Step           Time
          23600       11.80000

   Energies (kJ/mol)
           Bond          Angle    Proper Dih.  Improper Dih. Per. Imp. Dih.
    5.38934e+01    1.74527e+01    4.76750e-01    3.58390e+03    4.43967e-02
          LJ-14     Coulomb-14        LJ (SR)  Disper. corr.   Coulomb (SR)
    1.60878e+02    5.03293e+01    1.47846e+05   -3.91363e+03   -9.18555e+05
   Coul. recip.      Potential    Kinetic En.   Total Energy  Conserved En.
    2.40806e+03   -7.68347e+05    1.23560e+05   -6.44788e+05   -7.80593e+05
    Temperature Pres. DC (bar) Pressure (bar)   Constr. rmsd
    2.99049e+02   -1.18711e+02    6.78077e+27    1.95924e-06

           Step           Time
          23700       11.85000

   Energies (kJ/mol)
           Bond          Angle    Proper Dih.  Improper Dih. Per. Imp. Dih.
    5.38934e+01    1.74527e+01    4.76750e-01    3.58390e+03    4.43967e-02
          LJ-14     Coulomb-14        LJ (SR)  Disper. corr.   Coulomb (SR)
    1.60878e+02    5.03293e+01    1.48564e+05   -3.91363e+03   -9.19035e+05
   Coul. recip.      Potential    Kinetic En.   Total Energy  Conserved En.
    2.40973e+03   -7.68108e+05    1.24051e+05   -6.44056e+05   -7.80597e+05
    Temperature Pres. DC (bar) Pressure (bar)   Constr. rmsd
    3.00240e+02   -1.18711e+02    6.78077e+27    1.95924e-06

           Step           Time
          23800       11.90000

   Energies (kJ/mol)
           Bond          Angle    Proper Dih.  Improper Dih. Per. Imp. Dih.
    5.38934e+01    1.74527e+01    4.76750e-01    3.58390e+03    4.43967e-02
          LJ-14     Coulomb-14        LJ (SR)  Disper. corr.   Coulomb (SR)
    1.60878e+02    5.03293e+01    1.48598e+05   -3.91363e+03   -9.19534e+05
   Coul. recip.      Potential    Kinetic En.   Total Energy  Conserved En.
    2.37554e+03   -7.68607e+05    1.23621e+05   -6.44986e+05   -7.80588e+05
    Temperature Pres. DC (bar) Pressure (bar)   Constr. rmsd
    2.99198e+02   -1.18711e+02    6.78077e+27    1.95924e-06

           Step           Time
          23900       11.95000

   Energies (kJ/mol)
           Bond          Angle    Proper Dih.  Improper Dih. Per. Imp. Dih.
    5.38934e+01    1.74527e+01    4.76750e-01    3.58390e+03    4.43967e-02
          LJ-14     Coulomb-14        LJ (SR)  Disper. corr.   Coulomb (SR)
    1.60878e+02    5.03293e+01    1.49112e+05   -3.91363e+03   -9.20042e+05
   Coul. recip.      Potential    Kinetic En.   Total Energy  Conserved En.
    2.43991e+03   -7.68537e+05    1.23270e+05   -6.45267e+05   -7.80589e+05
    Temperature Pres. DC (bar) Pressure (bar)   Constr. rmsd
    2.98348e+02   -1.18711e+02    6.78077e+27    1.95924e-06

           Step           Time
          24000       12.00000

   Energies (kJ/mol)
           Bond          Angle    Proper Dih.  Improper Dih. Per. Imp. Dih.
    5.38934e+01    1.74527e+01    4.76750e-01    3.58390e+03    4.43967e-02
          LJ-14     Coulomb-14        LJ (SR)  Disper. corr.   Coulomb (SR)
    1.60878e+02    5.03293e+01    1.50012e+05   -3.91363e+03   -9.21057e+05
   Coul. recip.      Potential    Kinetic En.   Total Energy  Conserved En.
    2.44229e+03   -7.68649e+05    1.24463e+05   -6.44186e+05   -7.80589e+05
    Temperature Pres. DC (bar) Pressure (bar)   Constr. rmsd
    3.01236e+02   -1.18711e+02    6.78077e+27    1.95924e-06

           Step           Time
          24100       12.05000

   Energies (kJ/mol)
           Bond          Angle    Proper Dih.  Improper Dih. Per. Imp. Dih.
    5.38934e+01    1.74527e+01    4.76750e-01    3.58390e+03    4.43967e-02
          LJ-14     Coulomb-14        LJ (SR)  Disper. corr.   Coulomb (SR)
    1.60878e+02    5.03293e+01    1.51803e+05   -3.91363e+03   -9.22517e+05
   Coul. recip.      Potential    Kinetic En.   Total Energy  Conserved En.
    2.37184e+03   -7.68389e+05    1.24364e+05   -6.44025e+05   -7.80587e+05
    Temperature Pres. DC (bar) Pressure (bar)   Constr. rmsd
    3.00996e+02   -1.18711e+02    6.78077e+27    1.95924e-06

           Step           Time
          24200       12.10000

   Energies (kJ/mol)
           Bond          Angle    Proper Dih.  Improper Dih. Per. Imp. Dih.
    5.38934e+01    1.74527e+01    4.76750e-01    3.58390e+03    4.43967e-02
          LJ-14     Coulomb-14        LJ (SR)  Disper. corr.   Coulomb (SR)
    1.60878e+02    5.03293e+01    1.50580e+05   -3.91363e+03   -9.21707e+05
   Coul. recip.      Potential    Kinetic En.   Total Energy  Conserved En.
    2.31559e+03   -7.68858e+05    1.24362e+05   -6.44496e+05   -7.80600e+05
    Temperature Pres. DC (bar) Pressure (bar)   Constr. rmsd
    3.00991e+02   -1.18711e+02    6.78077e+27    1.95924e-06

           Step           Time
          24300       12.15000

   Energies (kJ/mol)
           Bond          Angle    Proper Dih.  Improper Dih. Per. Imp. Dih.
    5.38934e+01    1.74527e+01    4.76750e-01    3.58390e+03    4.43967e-02
          LJ-14     Coulomb-14        LJ (SR)  Disper. corr.   Coulomb (SR)
    1.60878e+02    5.03293e+01    1.49474e+05   -3.91363e+03   -9.20581e+05
   Coul. recip.      Potential    Kinetic En.   Total Energy  Conserved En.
    2.37557e+03   -7.68778e+05    1.23875e+05   -6.44903e+05   -7.80600e+05
    Temperature Pres. DC (bar) Pressure (bar)   Constr. rmsd
    2.99812e+02   -1.18711e+02    6.78077e+27    1.95924e-06

           Step           Time
          24400       12.20000

   Energies (kJ/mol)
           Bond          Angle    Proper Dih.  Improper Dih. Per. Imp. Dih.
    5.38934e+01    1.74527e+01    4.76750e-01    3.58390e+03    4.43967e-02
          LJ-14     Coulomb-14        LJ (SR)  Disper. corr.   Coulomb (SR)
    1.60878e+02    5.03293e+01    1.49063e+05   -3.91363e+03   -9.20624e+05
   Coul. recip.      Potential    Kinetic En.   Total Energy  Conserved En.
    2.44829e+03   -7.69159e+05    1.23261e+05   -6.45898e+05   -7.80588e+05
    Temperature Pres. DC (bar) Pressure (bar)   Constr. rmsd
    2.98327e+02   -1.18711e+02    6.78077e+27    1.95924e-06

           Step           Time
          24500       12.25000

   Energies (kJ/mol)
           Bond          Angle    Proper Dih.  Improper Dih. Per. Imp. Dih.
    5.38934e+01    1.74527e+01    4.76750e-01    3.58390e+03    4.43967e-02
          LJ-14     Coulomb-14        LJ (SR)  Disper. corr.   Coulomb (SR)
    1.60878e+02    5.03293e+01    1.48501e+05   -3.91363e+03   -9.21054e+05
   Coul. recip.      Potential    Kinetic En.   Total Energy  Conserved En.
    2.42111e+03   -7.70178e+05    1.23947e+05   -6.46232e+05   -7.80576e+05
    Temperature Pres. DC (bar) Pressure (bar)   Constr. rmsd
    2.99986e+02   -1.18711e+02    6.78077e+27    1.95924e-06

           Step           Time
          24600       12.30000

   Energies (kJ/mol)
           Bond          Angle    Proper Dih.  Improper Dih. Per. Imp. Dih.
    5.38934e+01    1.74527e+01    4.76750e-01    3.58390e+03    4.43967e-02
          LJ-14     Coulomb-14        LJ (SR)  Disper. corr.   Coulomb (SR)
    1.60878e+02    5.03293e+01    1.48438e+05   -3.91363e+03   -9.20484e+05
   Coul. recip.      Potential    Kinetic En.   Total Energy  Conserved En.
    2.41522e+03   -7.69678e+05    1.22409e+05   -6.47269e+05   -7.80597e+05
    Temperature Pres. DC (bar) Pressure (bar)   Constr. rmsd
    2.96264e+02   -1.18711e+02    6.78077e+27    1.95924e-06

           Step           Time
          24700       12.35000

   Energies (kJ/mol)
           Bond          Angle    Proper Dih.  Improper Dih. Per. Imp. Dih.
    5.38934e+01    1.74527e+01    4.76750e-01    3.58390e+03    4.43967e-02
          LJ-14     Coulomb-14        LJ (SR)  Disper. corr.   Coulomb (SR)
    1.60878e+02    5.03293e+01    1.49239e+05   -3.91363e+03   -9.21095e+05
   Coul. recip.      Potential    Kinetic En.   Total Energy  Conserved En.
    2.35919e+03   -7.69543e+05    1.23064e+05   -6.46480e+05   -7.80611e+05
    Temperature Pres. DC (bar) Pressure (bar)   Constr. rmsd
    2.97849e+02   -1.18711e+02    6.78077e+27    1.95924e-06

           Step           Time
          24800       12.40000

   Energies (kJ/mol)
           Bond          Angle    Proper Dih.  Improper Dih. Per. Imp. Dih.
    5.38934e+01    1.74527e+01    4.76750e-01    3.58390e+03    4.43967e-02
          LJ-14     Coulomb-14        LJ (SR)  Disper. corr.   Coulomb (SR)
    1.60878e+02    5.03293e+01    1.49608e+05   -3.91363e+03   -9.21590e+05
   Coul. recip.      Potential    Kinetic En.   Total Energy  Conserved En.
    2.41783e+03   -7.69611e+05    1.23522e+05   -6.46089e+05   -7.80596e+05
    Temperature Pres. DC (bar) Pressure (bar)   Constr. rmsd
    2.98959e+02   -1.18711e+02    6.78077e+27    1.95924e-06

           Step           Time
          24900       12.45000

   Energies (kJ/mol)
           Bond          Angle    Proper Dih.  Improper Dih. Per. Imp. Dih.
    5.38934e+01    1.74527e+01    4.76750e-01    3.58390e+03    4.43967e-02
          LJ-14     Coulomb-14        LJ (SR)  Disper. corr.   Coulomb (SR)
    1.60878e+02    5.03293e+01    1.50382e+05   -3.91363e+03   -9.21893e+05
   Coul. recip.      Potential    Kinetic En.   Total Energy  Conserved En.
    2.36620e+03   -7.69192e+05    1.23036e+05   -6.46155e+05   -7.80600e+05
    Temperature Pres. DC (bar) Pressure (bar)   Constr. rmsd
    2.97783e+02   -1.18711e+02    6.78077e+27    1.95924e-06

           Step           Time
          25000       12.50000

   Energies (kJ/mol)
           Bond          Angle    Proper Dih.  Improper Dih. Per. Imp. Dih.
    5.38934e+01    1.74527e+01    4.76750e-01    3.58390e+03    4.43967e-02
          LJ-14     Coulomb-14        LJ (SR)  Disper. corr.   Coulomb (SR)
    1.60878e+02    5.03293e+01    1.49716e+05   -3.91363e+03   -9.21475e+05
   Coul. recip.      Potential    Kinetic En.   Total Energy  Conserved En.
    2.33610e+03   -7.69470e+05    1.23888e+05   -6.45582e+05   -7.80590e+05
    Temperature Pres. DC (bar) Pressure (bar)   Constr. rmsd
    2.99845e+02   -1.18711e+02    6.78077e+27    1.95924e-06

           Step           Time
          25100       12.55000

   Energies (kJ/mol)
           Bond          Angle    Proper Dih.  Improper Dih. Per. Imp. Dih.
    5.38934e+01    1.74527e+01    4.76750e-01    3.58390e+03    4.43967e-02
          LJ-14     Coulomb-14        LJ (SR)  Disper. corr.   Coulomb (SR)
    1.60878e+02    5.03293e+01    1.50463e+05   -3.91363e+03   -9.21629e+05
   Coul. recip.      Potential    Kinetic En.   Total Energy  Conserved En.
    2.36477e+03   -7.68849e+05    1.23399e+05   -6.45450e+05   -7.80612e+05
    Temperature Pres. DC (bar) Pressure (bar)   Constr. rmsd
    2.98660e+02   -1.18711e+02    6.78077e+27    1.95924e-06

           Step           Time
          25200       12.60000

   Energies (kJ/mol)
           Bond          Angle    Proper Dih.  Improper Dih. Per. Imp. Dih.
    5.38934e+01    1.74527e+01    4.76750e-01    3.58390e+03    4.43967e-02
          LJ-14     Coulomb-14        LJ (SR)  Disper. corr.   Coulomb (SR)
    1.60878e+02    5.03293e+01    1.51580e+05   -3.91363e+03   -9.22557e+05
   Coul. recip.      Potential    Kinetic En.   Total Energy  Conserved En.
    2.40549e+03   -7.68618e+05    1.23767e+05   -6.44851e+05   -7.80600e+05
    Temperature Pres. DC (bar) Pressure (bar)   Constr. rmsd
    2.99551e+02   -1.18711e+02    6.78077e+27    1.95924e-06

           Step           Time
          25300       12.65000

   Energies (kJ/mol)
           Bond          Angle    Proper Dih.  Improper Dih. Per. Imp. Dih.
    5.38934e+01    1.74527e+01    4.76750e-01    3.58390e+03    4.43967e-02
          LJ-14     Coulomb-14        LJ (SR)  Disper. corr.   Coulomb (SR)
    1.60878e+02    5.03293e+01    1.51266e+05   -3.91363e+03   -9.22528e+05
   Coul. recip.      Potential    Kinetic En.   Total Energy  Conserved En.
    2.41838e+03   -7.68891e+05    1.24498e+05   -6.44394e+05   -7.80594e+05
    Temperature Pres. DC (bar) Pressure (bar)   Constr. rmsd
    3.01320e+02   -1.18711e+02    6.78077e+27    1.95924e-06

           Step           Time
          25400       12.70000

   Energies (kJ/mol)
           Bond          Angle    Proper Dih.  Improper Dih. Per. Imp. Dih.
    5.38934e+01    1.74527e+01    4.76750e-01    3.58390e+03    4.43967e-02
          LJ-14     Coulomb-14        LJ (SR)  Disper. corr.   Coulomb (SR)
    1.60878e+02    5.03293e+01    1.50789e+05   -3.91363e+03   -9.22777e+05
   Coul. recip.      Potential    Kinetic En.   Total Energy  Conserved En.
    2.41472e+03   -7.69620e+05    1.24726e+05   -6.44894e+05   -7.80598e+05
    Temperature Pres. DC (bar) Pressure (bar)   Constr. rmsd
    3.01872e+02   -1.18711e+02    6.78077e+27    1.95924e-06

           Step           Time
          25500       12.75000

   Energies (kJ/mol)
           Bond          Angle    Proper Dih.  Improper Dih. Per. Imp. Dih.
    5.38934e+01    1.74527e+01    4.76750e-01    3.58390e+03    4.43967e-02
          LJ-14     Coulomb-14        LJ (SR)  Disper. corr.   Coulomb (SR)
    1.60878e+02    5.03293e+01    1.51364e+05   -3.91363e+03   -9.22804e+05
   Coul. recip.      Potential    Kinetic En.   Total Energy  Conserved En.
    2.36076e+03   -7.69126e+05    1.23028e+05   -6.46098e+05   -7.80619e+05
    Temperature Pres. DC (bar) Pressure (bar)   Constr. rmsd
    2.97764e+02   -1.18711e+02    6.78077e+27    1.95924e-06

           Step           Time
          25600       12.80000

   Energies (kJ/mol)
           Bond          Angle    Proper Dih.  Improper Dih. Per. Imp. Dih.
    5.38934e+01    1.74527e+01    4.76750e-01    3.58390e+03    4.43967e-02
          LJ-14     Coulomb-14        LJ (SR)  Disper. corr.   Coulomb (SR)
    1.60878e+02    5.03293e+01    1.50791e+05   -3.91363e+03   -9.23000e+05
   Coul. recip.      Potential    Kinetic En.   Total Energy  Conserved En.
    2.34710e+03   -7.69908e+05    1.23930e+05   -6.45978e+05   -7.80606e+05
    Temperature Pres. DC (bar) Pressure (bar)   Constr. rmsd
    2.99946e+02   -1.18711e+02    6.78077e+27    1.95924e-06

           Step           Time
          25700       12.85000

   Energies (kJ/mol)
           Bond          Angle    Proper Dih.  Improper Dih. Per. Imp. Dih.
    5.38934e+01    1.74527e+01    4.76750e-01    3.58390e+03    4.43967e-02
          LJ-14     Coulomb-14        LJ (SR)  Disper. corr.   Coulomb (SR)
    1.60878e+02    5.03293e+01    1.49846e+05   -3.91363e+03   -9.21950e+05
   Coul. recip.      Potential    Kinetic En.   Total Energy  Conserved En.
    2.46650e+03   -7.69684e+05    1.23695e+05   -6.45989e+05   -7.80591e+05
    Temperature Pres. DC (bar) Pressure (bar)   Constr. rmsd
    2.99377e+02   -1.18711e+02    6.78077e+27    1.95924e-06

           Step           Time
          25800       12.90000

   Energies (kJ/mol)
           Bond          Angle    Proper Dih.  Improper Dih. Per. Imp. Dih.
    5.38934e+01    1.74527e+01    4.76750e-01    3.58390e+03    4.43967e-02
          LJ-14     Coulomb-14        LJ (SR)  Disper. corr.   Coulomb (SR)
    1.60878e+02    5.03293e+01    1.50033e+05   -3.91363e+03   -9.20916e+05
   Coul. recip.      Potential    Kinetic En.   Total Energy  Conserved En.
    2.37101e+03   -7.68559e+05    1.23411e+05   -6.45148e+05   -7.80590e+05
    Temperature Pres. DC (bar) Pressure (bar)   Constr. rmsd
    2.98689e+02   -1.18711e+02    6.78077e+27    1.95924e-06

           Step           Time
          25900       12.95000

   Energies (kJ/mol)
           Bond          Angle    Proper Dih.  Improper Dih. Per. Imp. Dih.
    5.38934e+01    1.74527e+01    4.76750e-01    3.58390e+03    4.43967e-02
          LJ-14     Coulomb-14        LJ (SR)  Disper. corr.   Coulomb (SR)
    1.60878e+02    5.03293e+01    1.50222e+05   -3.91363e+03   -9.21916e+05
   Coul. recip.      Potential    Kinetic En.   Total Energy  Conserved En.
    2.39678e+03   -7.69344e+05    1.23555e+05   -6.45789e+05   -7.80620e+05
    Temperature Pres. DC (bar) Pressure (bar)   Constr. rmsd
    2.99038e+02   -1.18711e+02    6.78077e+27    1.95924e-06

           Step           Time
          26000       13.00000

   Energies (kJ/mol)
           Bond          Angle    Proper Dih.  Improper Dih. Per. Imp. Dih.
    5.38934e+01    1.74527e+01    4.76750e-01    3.58390e+03    4.43967e-02
          LJ-14     Coulomb-14        LJ (SR)  Disper. corr.   Coulomb (SR)
    1.60878e+02    5.03293e+01    1.50238e+05   -3.91363e+03   -9.22122e+05
   Coul. recip.      Potential    Kinetic En.   Total Energy  Conserved En.
    2.36604e+03   -7.69564e+05    1.23381e+05   -6.46183e+05   -7.80594e+05
    Temperature Pres. DC (bar) Pressure (bar)   Constr. rmsd
    2.98618e+02   -1.18711e+02    6.78077e+27    1.95924e-06

           Step           Time
          26100       13.05000

   Energies (kJ/mol)
           Bond          Angle    Proper Dih.  Improper Dih. Per. Imp. Dih.
    5.38934e+01    1.74527e+01    4.76750e-01    3.58390e+03    4.43967e-02
          LJ-14     Coulomb-14        LJ (SR)  Disper. corr.   Coulomb (SR)
    1.60878e+02    5.03293e+01    1.50639e+05   -3.91363e+03   -9.22993e+05
   Coul. recip.      Potential    Kinetic En.   Total Energy  Conserved En.
    2.35697e+03   -7.70044e+05    1.24716e+05   -6.45328e+05   -7.80614e+05
    Temperature Pres. DC (bar) Pressure (bar)   Constr. rmsd
    3.01847e+02   -1.18711e+02    6.78077e+27    1.95924e-06

           Step           Time
          26200       13.10000

   Energies (kJ/mol)
           Bond          Angle    Proper Dih.  Improper Dih. Per. Imp. Dih.
    5.38934e+01    1.74527e+01    4.76750e-01    3.58390e+03    4.43967e-02
          LJ-14     Coulomb-14        LJ (SR)  Disper. corr.   Coulomb (SR)
    1.60878e+02    5.03293e+01    1.49398e+05   -3.91363e+03   -9.21861e+05
   Coul. recip.      Potential    Kinetic En.   Total Energy  Conserved En.
    2.41974e+03   -7.70090e+05    1.24276e+05   -6.45814e+05   -7.80596e+05
    Temperature Pres. DC (bar) Pressure (bar)   Constr. rmsd
    3.00784e+02   -1.18711e+02    6.78077e+27    1.95924e-06

           Step           Time
          26300       13.15000

   Energies (kJ/mol)
           Bond          Angle    Proper Dih.  Improper Dih. Per. Imp. Dih.
    5.38934e+01    1.74527e+01    4.76750e-01    3.58390e+03    4.43967e-02
          LJ-14     Coulomb-14        LJ (SR)  Disper. corr.   Coulomb (SR)
    1.60878e+02    5.03293e+01    1.49507e+05   -3.91363e+03   -9.21431e+05
   Coul. recip.      Potential    Kinetic En.   Total Energy  Conserved En.
    2.36770e+03   -7.69603e+05    1.23922e+05   -6.45681e+05   -7.80598e+05
    Temperature Pres. DC (bar) Pressure (bar)   Constr. rmsd
    2.99926e+02   -1.18711e+02    6.78077e+27    1.95924e-06

           Step           Time
          26400       13.20000

   Energies (kJ/mol)
           Bond          Angle    Proper Dih.  Improper Dih. Per. Imp. Dih.
    5.38934e+01    1.74527e+01    4.76750e-01    3.58390e+03    4.43967e-02
          LJ-14     Coulomb-14        LJ (SR)  Disper. corr.   Coulomb (SR)
    1.60878e+02    5.03293e+01    1.50147e+05   -3.91363e+03   -9.21503e+05
   Coul. recip.      Potential    Kinetic En.   Total Energy  Conserved En.
    2.35931e+03   -7.69043e+05    1.22652e+05   -6.46392e+05   -7.80626e+05
    Temperature Pres. DC (bar) Pressure (bar)   Constr. rmsd
    2.96852e+02   -1.18711e+02    6.78077e+27    1.95924e-06

           Step           Time
          26500       13.25000

   Energies (kJ/mol)
           Bond          Angle    Proper Dih.  Improper Dih. Per. Imp. Dih.
    5.38934e+01    1.74527e+01    4.76750e-01    3.58390e+03    4.43967e-02
          LJ-14     Coulomb-14        LJ (SR)  Disper. corr.   Coulomb (SR)
    1.60878e+02    5.03293e+01    1.50490e+05   -3.91363e+03   -9.22499e+05
   Coul. recip.      Potential    Kinetic En.   Total Energy  Conserved En.
    2.44771e+03   -7.69608e+05    1.23251e+05   -6.46357e+05   -7.80605e+05
    Temperature Pres. DC (bar) Pressure (bar)   Constr. rmsd
    2.98302e+02   -1.18711e+02    6.78077e+27    1.95924e-06

           Step           Time
          26600       13.30000

   Energies (kJ/mol)
           Bond          Angle    Proper Dih.  Improper Dih. Per. Imp. Dih.
    5.38934e+01    1.74527e+01    4.76750e-01    3.58390e+03    4.43967e-02
          LJ-14     Coulomb-14        LJ (SR)  Disper. corr.   Coulomb (SR)
    1.60878e+02    5.03293e+01    1.50026e+05   -3.91363e+03   -9.21398e+05
   Coul. recip.      Potential    Kinetic En.   Total Energy  Conserved En.
    2.41423e+03   -7.69004e+05    1.23679e+05   -6.45325e+05   -7.80622e+05
    Temperature Pres. DC (bar) Pressure (bar)   Constr. rmsd
    2.99338e+02   -1.18711e+02    6.78077e+27    1.95924e-06

           Step           Time
          26700       13.35000

   Energies (kJ/mol)
           Bond          Angle    Proper Dih.  Improper Dih. Per. Imp. Dih.
    5.38934e+01    1.74527e+01    4.76750e-01    3.58390e+03    4.43967e-02
          LJ-14     Coulomb-14        LJ (SR)  Disper. corr.   Coulomb (SR)
    1.60878e+02    5.03293e+01    1.50434e+05   -3.91363e+03   -9.21251e+05
   Coul. recip.      Potential    Kinetic En.   Total Energy  Conserved En.
    2.46035e+03   -7.68404e+05    1.23641e+05   -6.44763e+05   -7.80596e+05
    Temperature Pres. DC (bar) Pressure (bar)   Constr. rmsd
    2.99245e+02   -1.18711e+02    6.78077e+27    1.95924e-06

           Step           Time
          26800       13.40000

   Energies (kJ/mol)
           Bond          Angle    Proper Dih.  Improper Dih. Per. Imp. Dih.
    5.38934e+01    1.74527e+01    4.76750e-01    3.58390e+03    4.43967e-02
          LJ-14     Coulomb-14        LJ (SR)  Disper. corr.   Coulomb (SR)
    1.60878e+02    5.03293e+01    1.48210e+05   -3.91363e+03   -9.18358e+05
   Coul. recip.      Potential    Kinetic En.   Total Energy  Conserved En.
    2.40894e+03   -7.67785e+05    1.23461e+05   -6.44324e+05   -7.80605e+05
    Temperature Pres. DC (bar) Pressure (bar)   Constr. rmsd
    2.98810e+02   -1.18711e+02    6.78077e+27    1.95924e-06

           Step           Time
          26900       13.45000

   Energies (kJ/mol)
           Bond          Angle    Proper Dih.  Improper Dih. Per. Imp. Dih.
    5.38934e+01    1.74527e+01    4.76750e-01    3.58390e+03    4.43967e-02
          LJ-14     Coulomb-14        LJ (SR)  Disper. corr.   Coulomb (SR)
    1.60878e+02    5.03293e+01    1.49360e+05   -3.91363e+03   -9.19657e+05
   Coul. recip.      Potential    Kinetic En.   Total Energy  Conserved En.
    2.36782e+03   -7.67976e+05    1.23667e+05   -6.44309e+05   -7.80590e+05
    Temperature Pres. DC (bar) Pressure (bar)   Constr. rmsd
    2.99310e+02   -1.18711e+02    6.78077e+27    1.95924e-06

           Step           Time
          27000       13.50000

   Energies (kJ/mol)
           Bond          Angle    Proper Dih.  Improper Dih. Per. Imp. Dih.
    5.38934e+01    1.74527e+01    4.76750e-01    3.58390e+03    4.43967e-02
          LJ-14     Coulomb-14        LJ (SR)  Disper. corr.   Coulomb (SR)
    1.60878e+02    5.03293e+01    1.48958e+05   -3.91363e+03   -9.20313e+05
   Coul. recip.      Potential    Kinetic En.   Total Energy  Conserved En.
    2.32912e+03   -7.69072e+05    1.24349e+05   -6.44723e+05   -7.80599e+05
    Temperature Pres. DC (bar) Pressure (bar)   Constr. rmsd
    3.00960e+02   -1.18711e+02    6.78077e+27    1.95924e-06

           Step           Time
          27100       13.55000

   Energies (kJ/mol)
           Bond          Angle    Proper Dih.  Improper Dih. Per. Imp. Dih.
    5.38934e+01    1.74527e+01    4.76750e-01    3.58390e+03    4.43967e-02
          LJ-14     Coulomb-14        LJ (SR)  Disper. corr.   Coulomb (SR)
    1.60878e+02    5.03293e+01    1.48686e+05   -3.91363e+03   -9.19488e+05
   Coul. recip.      Potential    Kinetic En.   Total Energy  Conserved En.
    2.33140e+03   -7.68518e+05    1.23209e+05   -6.45309e+05   -7.80621e+05
    Temperature Pres. DC (bar) Pressure (bar)   Constr. rmsd
    2.98201e+02   -1.18711e+02    6.78077e+27    1.95924e-06

           Step           Time
          27200       13.60000

   Energies (kJ/mol)
           Bond          Angle    Proper Dih.  Improper Dih. Per. Imp. Dih.
    5.38934e+01    1.74527e+01    4.76750e-01    3.58390e+03    4.43967e-02
          LJ-14     Coulomb-14        LJ (SR)  Disper. corr.   Coulomb (SR)
    1.60878e+02    5.03293e+01    1.48362e+05   -3.91363e+03   -9.19960e+05
   Coul. recip.      Potential    Kinetic En.   Total Energy  Conserved En.
    2.32634e+03   -7.69318e+05    1.24622e+05   -6.44696e+05   -7.80611e+05
    Temperature Pres. DC (bar) Pressure (bar)   Constr. rmsd
    3.01620e+02   -1.18711e+02    6.78077e+27    1.95924e-06

           Step           Time
          27300       13.65000

   Energies (kJ/mol)
           Bond          Angle    Proper Dih.  Improper Dih. Per. Imp. Dih.
    5.38934e+01    1.74527e+01    4.76750e-01    3.58390e+03    4.43967e-02
          LJ-14     Coulomb-14        LJ (SR)  Disper. corr.   Coulomb (SR)
    1.60878e+02    5.03293e+01    1.49404e+05   -3.91363e+03   -9.20046e+05
   Coul. recip.      Potential    Kinetic En.   Total Energy  Conserved En.
    2.35223e+03   -7.68336e+05    1.23700e+05   -6.44636e+05   -7.80619e+05
    Temperature Pres. DC (bar) Pressure (bar)   Constr. rmsd
    2.99390e+02   -1.18711e+02    6.78077e+27    1.95924e-06

           Step           Time
          27400       13.70000

   Energies (kJ/mol)
           Bond          Angle    Proper Dih.  Improper Dih. Per. Imp. Dih.
    5.38934e+01    1.74527e+01    4.76750e-01    3.58390e+03    4.43967e-02
          LJ-14     Coulomb-14        LJ (SR)  Disper. corr.   Coulomb (SR)
    1.60878e+02    5.03293e+01    1.49535e+05   -3.91363e+03   -9.20632e+05
   Coul. recip.      Potential    Kinetic En.   Total Energy  Conserved En.
    2.39618e+03   -7.68748e+05    1.23120e+05   -6.45628e+05   -7.80622e+05
    Temperature Pres. DC (bar) Pressure (bar)   Constr. rmsd
    2.97986e+02   -1.18711e+02    6.78077e+27    1.95924e-06

           Step           Time
          27500       13.75000

   Energies (kJ/mol)
           Bond          Angle    Proper Dih.  Improper Dih. Per. Imp. Dih.
    5.38934e+01    1.74527e+01    4.76750e-01    3.58390e+03    4.43967e-02
          LJ-14     Coulomb-14        LJ (SR)  Disper. corr.   Coulomb (SR)
    1.60878e+02    5.03293e+01    1.49326e+05   -3.91363e+03   -9.20984e+05
   Coul. recip.      Potential    Kinetic En.   Total Energy  Conserved En.
    2.31144e+03   -7.69394e+05    1.23467e+05   -6.45926e+05   -7.80590e+05
    Temperature Pres. DC (bar) Pressure (bar)   Constr. rmsd
    2.98826e+02   -1.18711e+02    6.78077e+27    1.95924e-06

           Step           Time
          27600       13.80000

   Energies (kJ/mol)
           Bond          Angle    Proper Dih.  Improper Dih. Per. Imp. Dih.
    5.38934e+01    1.74527e+01    4.76750e-01    3.58390e+03    4.43967e-02
          LJ-14     Coulomb-14        LJ (SR)  Disper. corr.   Coulomb (SR)
    1.60878e+02    5.03293e+01    1.49542e+05   -3.91363e+03   -9.20614e+05
   Coul. recip.      Potential    Kinetic En.   Total Energy  Conserved En.
    2.37947e+03   -7.68739e+05    1.23719e+05   -6.45021e+05   -7.80596e+05
    Temperature Pres. DC (bar) Pressure (bar)   Constr. rmsd
    2.99434e+02   -1.18711e+02    6.78077e+27    1.95924e-06

           Step           Time
          27700       13.85000

   Energies (kJ/mol)
           Bond          Angle    Proper Dih.  Improper Dih. Per. Imp. Dih.
    5.38934e+01    1.74527e+01    4.76750e-01    3.58390e+03    4.43967e-02
          LJ-14     Coulomb-14        LJ (SR)  Disper. corr.   Coulomb (SR)
    1.60878e+02    5.03293e+01    1.50220e+05   -3.91363e+03   -9.21368e+05
   Coul. recip.      Potential    Kinetic En.   Total Energy  Conserved En.
    2.35087e+03   -7.68844e+05    1.23809e+05   -6.45035e+05   -7.80587e+05
    Temperature Pres. DC (bar) Pressure (bar)   Constr. rmsd
    2.99653e+02   -1.18711e+02    6.78077e+27    1.95924e-06

           Step           Time
          27800       13.90000

   Energies (kJ/mol)
           Bond          Angle    Proper Dih.  Improper Dih. Per. Imp. Dih.
    5.38934e+01    1.74527e+01    4.76750e-01    3.58390e+03    4.43967e-02
          LJ-14     Coulomb-14        LJ (SR)  Disper. corr.   Coulomb (SR)
    1.60878e+02    5.03293e+01    1.49321e+05   -3.91363e+03   -9.20968e+05
   Coul. recip.      Potential    Kinetic En.   Total Energy  Conserved En.
    2.35065e+03   -7.69344e+05    1.23977e+05   -6.45366e+05   -7.80587e+05
    Temperature Pres. DC (bar) Pressure (bar)   Constr. rmsd
    3.00061e+02   -1.18711e+02    6.78077e+27    1.95924e-06

           Step           Time
          27900       13.95000

   Energies (kJ/mol)
           Bond          Angle    Proper Dih.  Improper Dih. Per. Imp. Dih.
    5.38934e+01    1.74527e+01    4.76750e-01    3.58390e+03    4.43967e-02
          LJ-14     Coulomb-14        LJ (SR)  Disper. corr.   Coulomb (SR)
    1.60878e+02    5.03293e+01    1.49403e+05   -3.91363e+03   -9.20146e+05
   Coul. recip.      Potential    Kinetic En.   Total Energy  Conserved En.
    2.36958e+03   -7.68420e+05    1.23088e+05   -6.45332e+05   -7.80632e+05
    Temperature Pres. DC (bar) Pressure (bar)   Constr. rmsd
    2.97909e+02   -1.18711e+02    6.78077e+27    1.95924e-06

           Step           Time
          28000       14.00000

   Energies (kJ/mol)
           Bond          Angle    Proper Dih.  Improper Dih. Per. Imp. Dih.
    5.38934e+01    1.74527e+01    4.76750e-01    3.58390e+03    4.43967e-02
          LJ-14     Coulomb-14        LJ (SR)  Disper. corr.   Coulomb (SR)
    1.60878e+02    5.03293e+01    1.48729e+05   -3.91363e+03   -9.19600e+05
   Coul. recip.      Potential    Kinetic En.   Total Energy  Conserved En.
    2.35279e+03   -7.68565e+05    1.24031e+05   -6.44533e+05   -7.80608e+05
    Temperature Pres. DC (bar) Pressure (bar)   Constr. rmsd
    3.00191e+02   -1.18711e+02    6.78077e+27    1.95924e-06

           Step           Time
          28100       14.05000

   Energies (kJ/mol)
           Bond          Angle    Proper Dih.  Improper Dih. Per. Imp. Dih.
    5.38934e+01    1.74527e+01    4.76750e-01    3.58390e+03    4.43967e-02
          LJ-14     Coulomb-14        LJ (SR)  Disper. corr.   Coulomb (SR)
    1.60878e+02    5.03293e+01    1.51000e+05   -3.91363e+03   -9.21584e+05
   Coul. recip.      Potential    Kinetic En.   Total Energy  Conserved En.
    2.43675e+03   -7.68194e+05    1.23966e+05   -6.44228e+05   -7.80598e+05
    Temperature Pres. DC (bar) Pressure (bar)   Constr. rmsd
    3.00034e+02   -1.18711e+02    6.78077e+27    1.95924e-06

           Step           Time
          28200       14.10000

   Energies (kJ/mol)
           Bond          Angle    Proper Dih.  Improper Dih. Per. Imp. Dih.
    5.38934e+01    1.74527e+01    4.76750e-01    3.58390e+03    4.43967e-02
          LJ-14     Coulomb-14        LJ (SR)  Disper. corr.   Coulomb (SR)
    1.60878e+02    5.03293e+01    1.50563e+05   -3.91363e+03   -9.21652e+05
   Coul. recip.      Potential    Kinetic En.   Total Energy  Conserved En.
    2.40494e+03   -7.68730e+05    1.24223e+05   -6.44507e+05   -7.80616e+05
    Temperature Pres. DC (bar) Pressure (bar)   Constr. rmsd
    3.00655e+02   -1.18711e+02    6.78077e+27    1.95924e-06

           Step           Time
          28300       14.15000

   Energies (kJ/mol)
           Bond          Angle    Proper Dih.  Improper Dih. Per. Imp. Dih.
    5.38934e+01    1.74527e+01    4.76750e-01    3.58390e+03    4.43967e-02
          LJ-14     Coulomb-14        LJ (SR)  Disper. corr.   Coulomb (SR)
    1.60878e+02    5.03293e+01    1.49364e+05   -3.91363e+03   -9.20647e+05
   Coul. recip.      Potential    Kinetic En.   Total Energy  Conserved En.
    2.39416e+03   -7.68935e+05    1.24024e+05   -6.44911e+05   -7.80603e+05
    Temperature Pres. DC (bar) Pressure (bar)   Constr. rmsd
    3.00173e+02   -1.18711e+02    6.78077e+27    1.95924e-06

           Step           Time
          28400       14.20000

   Energies (kJ/mol)
           Bond          Angle    Proper Dih.  Improper Dih. Per. Imp. Dih.
    5.38934e+01    1.74527e+01    4.76750e-01    3.58390e+03    4.43967e-02
          LJ-14     Coulomb-14        LJ (SR)  Disper. corr.   Coulomb (SR)
    1.60878e+02    5.03293e+01    1.52157e+05   -3.91363e+03   -9.22481e+05
   Coul. recip.      Potential    Kinetic En.   Total Energy  Conserved En.
    2.42623e+03   -7.67944e+05    1.23602e+05   -6.44342e+05   -7.80622e+05
    Temperature Pres. DC (bar) Pressure (bar)   Constr. rmsd
    2.99153e+02   -1.18711e+02    6.78077e+27    1.95924e-06

           Step           Time
          28500       14.25000

   Energies (kJ/mol)
           Bond          Angle    Proper Dih.  Improper Dih. Per. Imp. Dih.
    5.38934e+01    1.74527e+01    4.76750e-01    3.58390e+03    4.43967e-02
          LJ-14     Coulomb-14        LJ (SR)  Disper. corr.   Coulomb (SR)
    1.60878e+02    5.03293e+01    1.51029e+05   -3.91363e+03   -9.22275e+05
   Coul. recip.      Potential    Kinetic En.   Total Energy  Conserved En.
    2.44807e+03   -7.68844e+05    1.23860e+05   -6.44984e+05   -7.80635e+05
    Temperature Pres. DC (bar) Pressure (bar)   Constr. rmsd
    2.99777e+02   -1.18711e+02    6.78077e+27    1.95924e-06

           Step           Time
          28600       14.30000

   Energies (kJ/mol)
           Bond          Angle    Proper Dih.  Improper Dih. Per. Imp. Dih.
    5.38934e+01    1.74527e+01    4.76750e-01    3.58390e+03    4.43967e-02
          LJ-14     Coulomb-14        LJ (SR)  Disper. corr.   Coulomb (SR)
    1.60878e+02    5.03293e+01    1.51747e+05   -3.91363e+03   -9.23333e+05
   Coul. recip.      Potential    Kinetic En.   Total Energy  Conserved En.
    2.43915e+03   -7.69194e+05    1.23911e+05   -6.45283e+05   -7.80625e+05
    Temperature Pres. DC (bar) Pressure (bar)   Constr. rmsd
    2.99901e+02   -1.18711e+02    6.78077e+27    1.95924e-06

           Step           Time
          28700       14.35000

   Energies (kJ/mol)
           Bond          Angle    Proper Dih.  Improper Dih. Per. Imp. Dih.
    5.38934e+01    1.74527e+01    4.76750e-01    3.58390e+03    4.43967e-02
          LJ-14     Coulomb-14        LJ (SR)  Disper. corr.   Coulomb (SR)
    1.60878e+02    5.03293e+01    1.50190e+05   -3.91363e+03   -9.21968e+05
   Coul. recip.      Potential    Kinetic En.   Total Energy  Conserved En.
    2.50698e+03   -7.69318e+05    1.24329e+05   -6.44989e+05   -7.80607e+05
    Temperature Pres. DC (bar) Pressure (bar)   Constr. rmsd
    3.00911e+02   -1.18711e+02    6.78077e+27    1.95924e-06

           Step           Time
          28800       14.40000

   Energies (kJ/mol)
           Bond          Angle    Proper Dih.  Improper Dih. Per. Imp. Dih.
    5.38934e+01    1.74527e+01    4.76750e-01    3.58390e+03    4.43967e-02
          LJ-14     Coulomb-14        LJ (SR)  Disper. corr.   Coulomb (SR)
    1.60878e+02    5.03293e+01    1.48828e+05   -3.91363e+03   -9.20357e+05
   Coul. recip.      Potential    Kinetic En.   Total Energy  Conserved En.
    2.44826e+03   -7.69128e+05    1.23551e+05   -6.45576e+05   -7.80631e+05
    Temperature Pres. DC (bar) Pressure (bar)   Constr. rmsd
    2.99028e+02   -1.18711e+02    6.78077e+27    1.95924e-06

           Step           Time
          28900       14.45000

   Energies (kJ/mol)
           Bond          Angle    Proper Dih.  Improper Dih. Per. Imp. Dih.
    5.38934e+01    1.74527e+01    4.76750e-01    3.58390e+03    4.43967e-02
          LJ-14     Coulomb-14        LJ (SR)  Disper. corr.   Coulomb (SR)
    1.60878e+02    5.03293e+01    1.47848e+05   -3.91363e+03   -9.19047e+05
   Coul. recip.      Potential    Kinetic En.   Total Energy  Conserved En.
    2.33893e+03   -7.68907e+05    1.23264e+05   -6.45643e+05   -7.80621e+05
    Temperature Pres. DC (bar) Pressure (bar)   Constr. rmsd
    2.98333e+02   -1.18711e+02    6.78077e+27    1.95924e-06

           Step           Time
          29000       14.50000

   Energies (kJ/mol)
           Bond          Angle    Proper Dih.  Improper Dih. Per. Imp. Dih.
    5.38934e+01    1.74527e+01    4.76750e-01    3.58390e+03    4.43967e-02
          LJ-14     Coulomb-14        LJ (SR)  Disper. corr.   Coulomb (SR)
    1.60878e+02    5.03293e+01    1.47545e+05   -3.91363e+03   -9.18828e+05
   Coul. recip.      Potential    Kinetic En.   Total Energy  Conserved En.
    2.33872e+03   -7.68991e+05    1.23039e+05   -6.45952e+05   -7.80619e+05
    Temperature Pres. DC (bar) Pressure (bar)   Constr. rmsd
    2.97790e+02   -1.18711e+02    6.78077e+27    1.95924e-06

           Step           Time
          29100       14.55000

   Energies (kJ/mol)
           Bond          Angle    Proper Dih.  Improper Dih. Per. Imp. Dih.
    5.38934e+01    1.74527e+01    4.76750e-01    3.58390e+03    4.43967e-02
          LJ-14     Coulomb-14        LJ (SR)  Disper. corr.   Coulomb (SR)
    1.60878e+02    5.03293e+01    1.47728e+05   -3.91363e+03   -9.19323e+05
   Coul. recip.      Potential    Kinetic En.   Total Energy  Conserved En.
    2.34669e+03   -7.69295e+05    1.22832e+05   -6.46463e+05   -7.80633e+05
    Temperature Pres. DC (bar) Pressure (bar)   Constr. rmsd
    2.97289e+02   -1.18711e+02    6.78077e+27    1.95924e-06

           Step           Time
          29200       14.60000

   Energies (kJ/mol)
           Bond          Angle    Proper Dih.  Improper Dih. Per. Imp. Dih.
    5.38934e+01    1.74527e+01    4.76750e-01    3.58390e+03    4.43967e-02
          LJ-14     Coulomb-14        LJ (SR)  Disper. corr.   Coulomb (SR)
    1.60878e+02    5.03293e+01    1.48446e+05   -3.91363e+03   -9.19854e+05
   Coul. recip.      Potential    Kinetic En.   Total Energy  Conserved En.
    2.34707e+03   -7.69108e+05    1.23343e+05   -6.45765e+05   -7.80621e+05
    Temperature Pres. DC (bar) Pressure (bar)   Constr. rmsd
    2.98524e+02   -1.18711e+02    6.78077e+27    1.95924e-06

           Step           Time
          29300       14.65000

   Energies (kJ/mol)
           Bond          Angle    Proper Dih.  Improper Dih. Per. Imp. Dih.
    5.38934e+01    1.74527e+01    4.76750e-01    3.58390e+03    4.43967e-02
          LJ-14     Coulomb-14        LJ (SR)  Disper. corr.   Coulomb (SR)
    1.60878e+02    5.03293e+01    1.49700e+05   -3.91363e+03   -9.20896e+05
   Coul. recip.      Potential    Kinetic En.   Total Energy  Conserved En.
    2.28939e+03   -7.68954e+05    1.23990e+05   -6.44963e+05   -7.80606e+05
    Temperature Pres. DC (bar) Pressure (bar)   Constr. rmsd
    3.00092e+02   -1.18711e+02    6.78077e+27    1.95924e-06

           Step           Time
          29400       14.70000

   Energies (kJ/mol)
           Bond          Angle    Proper Dih.  Improper Dih. Per. Imp. Dih.
    5.38934e+01    1.74527e+01    4.76750e-01    3.58390e+03    4.43967e-02
          LJ-14     Coulomb-14        LJ (SR)  Disper. corr.   Coulomb (SR)
    1.60878e+02    5.03293e+01    1.50284e+05   -3.91363e+03   -9.21591e+05
   Coul. recip.      Potential    Kinetic En.   Total Energy  Conserved En.
    2.39878e+03   -7.68954e+05    1.23840e+05   -6.45114e+05   -7.80629e+05
    Temperature Pres. DC (bar) Pressure (bar)   Constr. rmsd
    2.99728e+02   -1.18711e+02    6.78077e+27    1.95924e-06

           Step           Time
          29500       14.75000

   Energies (kJ/mol)
           Bond          Angle    Proper Dih.  Improper Dih. Per. Imp. Dih.
    5.38934e+01    1.74527e+01    4.76750e-01    3.58390e+03    4.43967e-02
          LJ-14     Coulomb-14        LJ (SR)  Disper. corr.   Coulomb (SR)
    1.60878e+02    5.03293e+01    1.50235e+05   -3.91363e+03   -9.21376e+05
   Coul. recip.      Potential    Kinetic En.   Total Energy  Conserved En.
    2.34023e+03   -7.68847e+05    1.23953e+05   -6.44894e+05   -7.80624e+05
    Temperature Pres. DC (bar) Pressure (bar)   Constr. rmsd
    3.00002e+02   -1.18711e+02    6.78077e+27    1.95924e-06

           Step           Time
          29600       14.80000

   Energies (kJ/mol)
           Bond          Angle    Proper Dih.  Improper Dih. Per. Imp. Dih.
    5.38934e+01    1.74527e+01    4.76750e-01    3.58390e+03    4.43967e-02
          LJ-14     Coulomb-14        LJ (SR)  Disper. corr.   Coulomb (SR)
    1.60878e+02    5.03293e+01    1.49210e+05   -3.91363e+03   -9.19711e+05
   Coul. recip.      Potential    Kinetic En.   Total Energy  Conserved En.
    2.35728e+03   -7.68190e+05    1.23246e+05   -6.44944e+05   -7.80610e+05
    Temperature Pres. DC (bar) Pressure (bar)   Constr. rmsd
    2.98291e+02   -1.18711e+02    6.78077e+27    1.95924e-06

           Step           Time
          29700       14.85000

Writing checkpoint, step 29700 at Wed Jul  8 13:30:10 2026


   Energies (kJ/mol)
           Bond          Angle    Proper Dih.  Improper Dih. Per. Imp. Dih.
    5.38934e+01    1.74527e+01    4.76750e-01    3.58390e+03    4.43967e-02
          LJ-14     Coulomb-14        LJ (SR)  Disper. corr.   Coulomb (SR)
    1.60878e+02    5.03293e+01    1.48338e+05   -3.91363e+03   -9.19300e+05
   Coul. recip.      Potential    Kinetic En.   Total Energy  Conserved En.
    2.37218e+03   -7.68637e+05    1.23831e+05   -6.44806e+05   -7.80619e+05
    Temperature Pres. DC (bar) Pressure (bar)   Constr. rmsd
    2.99705e+02   -1.18711e+02    6.78077e+27    1.95924e-06

           Step           Time
          29800       14.90000

   Energies (kJ/mol)
           Bond          Angle    Proper Dih.  Improper Dih. Per. Imp. Dih.
    5.38934e+01    1.74527e+01    4.76750e-01    3.58390e+03    4.43967e-02
          LJ-14     Coulomb-14        LJ (SR)  Disper. corr.   Coulomb (SR)
    1.60878e+02    5.03293e+01    1.49137e+05   -3.91363e+03   -9.19524e+05
   Coul. recip.      Potential    Kinetic En.   Total Energy  Conserved En.
    2.39746e+03   -7.68036e+05    1.23374e+05   -6.44662e+05   -7.80621e+05
    Temperature Pres. DC (bar) Pressure (bar)   Constr. rmsd
    2.98600e+02   -1.18711e+02    6.78077e+27    1.95924e-06

           Step           Time
          29900       14.95000

   Energies (kJ/mol)
           Bond          Angle    Proper Dih.  Improper Dih. Per. Imp. Dih.
    5.38934e+01    1.74527e+01    4.76750e-01    3.58390e+03    4.43967e-02
          LJ-14     Coulomb-14        LJ (SR)  Disper. corr.   Coulomb (SR)
    1.60878e+02    5.03293e+01    1.48203e+05   -3.91363e+03   -9.19375e+05
   Coul. recip.      Potential    Kinetic En.   Total Energy  Conserved En.
    2.41084e+03   -7.68808e+05    1.23487e+05   -6.45320e+05   -7.80632e+05
    Temperature Pres. DC (bar) Pressure (bar)   Constr. rmsd
    2.98875e+02   -1.18711e+02    6.78077e+27    1.95924e-06

           Step           Time
          30000       15.00000

   Energies (kJ/mol)
           Bond          Angle    Proper Dih.  Improper Dih. Per. Imp. Dih.
    5.38934e+01    1.74527e+01    4.76750e-01    3.58390e+03    4.43967e-02
          LJ-14     Coulomb-14        LJ (SR)  Disper. corr.   Coulomb (SR)
    1.60878e+02    5.03293e+01    1.49954e+05   -3.91363e+03   -9.21636e+05
   Coul. recip.      Potential    Kinetic En.   Total Energy  Conserved En.
    2.41569e+03   -7.69314e+05    1.23776e+05   -6.45537e+05   -7.80632e+05
    Temperature Pres. DC (bar) Pressure (bar)   Constr. rmsd
    2.99574e+02   -1.18711e+02    6.78077e+27    1.95924e-06

           Step           Time
          30100       15.05000

   Energies (kJ/mol)
           Bond          Angle    Proper Dih.  Improper Dih. Per. Imp. Dih.
    5.38934e+01    1.74527e+01    4.76750e-01    3.58390e+03    4.43967e-02
          LJ-14     Coulomb-14        LJ (SR)  Disper. corr.   Coulomb (SR)
    1.60878e+02    5.03293e+01    1.49983e+05   -3.91363e+03   -9.21227e+05
   Coul. recip.      Potential    Kinetic En.   Total Energy  Conserved En.
    2.38060e+03   -7.68909e+05    1.24158e+05   -6.44751e+05   -7.80615e+05
    Temperature Pres. DC (bar) Pressure (bar)   Constr. rmsd
    3.00499e+02   -1.18711e+02    6.78077e+27    1.95924e-06

           Step           Time
          30200       15.10000

   Energies (kJ/mol)
           Bond          Angle    Proper Dih.  Improper Dih. Per. Imp. Dih.
    5.38934e+01    1.74527e+01    4.76750e-01    3.58390e+03    4.43967e-02
          LJ-14     Coulomb-14        LJ (SR)  Disper. corr.   Coulomb (SR)
    1.60878e+02    5.03293e+01    1.49254e+05   -3.91363e+03   -9.20771e+05
   Coul. recip.      Potential    Kinetic En.   Total Energy  Conserved En.
    2.35851e+03   -7.69205e+05    1.24527e+05   -6.44678e+05   -7.80615e+05
    Temperature Pres. DC (bar) Pressure (bar)   Constr. rmsd
    3.01390e+02   -1.18711e+02    6.78077e+27    1.95924e-06

           Step           Time
          30300       15.15000

   Energies (kJ/mol)
           Bond          Angle    Proper Dih.  Improper Dih. Per. Imp. Dih.
    5.38934e+01    1.74527e+01    4.76750e-01    3.58390e+03    4.43967e-02
          LJ-14     Coulomb-14        LJ (SR)  Disper. corr.   Coulomb (SR)
    1.60878e+02    5.03293e+01    1.51048e+05   -3.91363e+03   -9.22136e+05
   Coul. recip.      Potential    Kinetic En.   Total Energy  Conserved En.
    2.40380e+03   -7.68731e+05    1.23689e+05   -6.45042e+05   -7.80619e+05
    Temperature Pres. DC (bar) Pressure (bar)   Constr. rmsd
    2.99363e+02   -1.18711e+02    6.78077e+27    1.95924e-06

           Step           Time
          30400       15.20000

   Energies (kJ/mol)
           Bond          Angle    Proper Dih.  Improper Dih. Per. Imp. Dih.
    5.38934e+01    1.74527e+01    4.76750e-01    3.58390e+03    4.43967e-02
          LJ-14     Coulomb-14        LJ (SR)  Disper. corr.   Coulomb (SR)
    1.60878e+02    5.03293e+01    1.48862e+05   -3.91363e+03   -9.20656e+05
   Coul. recip.      Potential    Kinetic En.   Total Energy  Conserved En.
    2.33691e+03   -7.69504e+05    1.24147e+05   -6.45357e+05   -7.80614e+05
    Temperature Pres. DC (bar) Pressure (bar)   Constr. rmsd
    3.00470e+02   -1.18711e+02    6.78077e+27    1.95924e-06

           Step           Time
          30500       15.25000

   Energies (kJ/mol)
           Bond          Angle    Proper Dih.  Improper Dih. Per. Imp. Dih.
    5.38934e+01    1.74527e+01    4.76750e-01    3.58390e+03    4.43967e-02
          LJ-14     Coulomb-14        LJ (SR)  Disper. corr.   Coulomb (SR)
    1.60878e+02    5.03293e+01    1.50475e+05   -3.91363e+03   -9.22257e+05
   Coul. recip.      Potential    Kinetic En.   Total Energy  Conserved En.
    2.34630e+03   -7.69482e+05    1.23754e+05   -6.45729e+05   -7.80624e+05
    Temperature Pres. DC (bar) Pressure (bar)   Constr. rmsd
    2.99519e+02   -1.18711e+02    6.78077e+27    1.95924e-06

           Step           Time
          30600       15.30000

   Energies (kJ/mol)
           Bond          Angle    Proper Dih.  Improper Dih. Per. Imp. Dih.
    5.38934e+01    1.74527e+01    4.76750e-01    3.58390e+03    4.43967e-02
          LJ-14     Coulomb-14        LJ (SR)  Disper. corr.   Coulomb (SR)
    1.60878e+02    5.03293e+01    1.49300e+05   -3.91363e+03   -9.21195e+05
   Coul. recip.      Potential    Kinetic En.   Total Energy  Conserved En.
    2.36441e+03   -7.69577e+05    1.23171e+05   -6.46406e+05   -7.80618e+05
    Temperature Pres. DC (bar) Pressure (bar)   Constr. rmsd
    2.98109e+02   -1.18711e+02    6.78077e+27    1.95924e-06

           Step           Time
          30700       15.35000

   Energies (kJ/mol)
           Bond          Angle    Proper Dih.  Improper Dih. Per. Imp. Dih.
    5.38934e+01    1.74527e+01    4.76750e-01    3.58390e+03    4.43967e-02
          LJ-14     Coulomb-14        LJ (SR)  Disper. corr.   Coulomb (SR)
    1.60878e+02    5.03293e+01    1.49300e+05   -3.91363e+03   -9.20893e+05
   Coul. recip.      Potential    Kinetic En.   Total Energy  Conserved En.
    2.33633e+03   -7.69304e+05    1.22719e+05   -6.46585e+05   -7.80610e+05
    Temperature Pres. DC (bar) Pressure (bar)   Constr. rmsd
    2.97014e+02   -1.18711e+02    6.78077e+27    1.95924e-06

           Step           Time
          30800       15.40000

   Energies (kJ/mol)
           Bond          Angle    Proper Dih.  Improper Dih. Per. Imp. Dih.
    5.38934e+01    1.74527e+01    4.76750e-01    3.58390e+03    4.43967e-02
          LJ-14     Coulomb-14        LJ (SR)  Disper. corr.   Coulomb (SR)
    1.60878e+02    5.03293e+01    1.51377e+05   -3.91363e+03   -9.23426e+05
   Coul. recip.      Potential    Kinetic En.   Total Energy  Conserved En.
    2.43002e+03   -7.69666e+05    1.24209e+05   -6.45457e+05   -7.80615e+05
    Temperature Pres. DC (bar) Pressure (bar)   Constr. rmsd
    3.00620e+02   -1.18711e+02    6.78077e+27    1.95924e-06

           Step           Time
          30900       15.45000

   Energies (kJ/mol)
           Bond          Angle    Proper Dih.  Improper Dih. Per. Imp. Dih.
    5.38934e+01    1.74527e+01    4.76750e-01    3.58390e+03    4.43967e-02
          LJ-14     Coulomb-14        LJ (SR)  Disper. corr.   Coulomb (SR)
    1.60878e+02    5.03293e+01    1.50804e+05   -3.91363e+03   -9.22140e+05
   Coul. recip.      Potential    Kinetic En.   Total Energy  Conserved En.
    2.32694e+03   -7.69056e+05    1.23832e+05   -6.45224e+05   -7.80624e+05
    Temperature Pres. DC (bar) Pressure (bar)   Constr. rmsd
    2.99710e+02   -1.18711e+02    6.78077e+27    1.95924e-06

           Step           Time
          31000       15.50000

   Energies (kJ/mol)
           Bond          Angle    Proper Dih.  Improper Dih. Per. Imp. Dih.
    5.38934e+01    1.74527e+01    4.76750e-01    3.58390e+03    4.43967e-02
          LJ-14     Coulomb-14        LJ (SR)  Disper. corr.   Coulomb (SR)
    1.60878e+02    5.03293e+01    1.49518e+05   -3.91363e+03   -9.21170e+05
   Coul. recip.      Potential    Kinetic En.   Total Energy  Conserved En.
    2.33268e+03   -7.69366e+05    1.23092e+05   -6.46274e+05   -7.80635e+05
    Temperature Pres. DC (bar) Pressure (bar)   Constr. rmsd
    2.97917e+02   -1.18711e+02    6.78077e+27    1.95924e-06

           Step           Time
          31100       15.55000

   Energies (kJ/mol)
           Bond          Angle    Proper Dih.  Improper Dih. Per. Imp. Dih.
    5.38934e+01    1.74527e+01    4.76750e-01    3.58390e+03    4.43967e-02
          LJ-14     Coulomb-14        LJ (SR)  Disper. corr.   Coulomb (SR)
    1.60878e+02    5.03293e+01    1.51007e+05   -3.91363e+03   -9.21491e+05
   Coul. recip.      Potential    Kinetic En.   Total Energy  Conserved En.
    2.30192e+03   -7.68229e+05    1.23314e+05   -6.44915e+05   -7.80629e+05
    Temperature Pres. DC (bar) Pressure (bar)   Constr. rmsd
    2.98454e+02   -1.18711e+02    6.78077e+27    1.95924e-06

           Step           Time
          31200       15.60000

   Energies (kJ/mol)
           Bond          Angle    Proper Dih.  Improper Dih. Per. Imp. Dih.
    5.38934e+01    1.74527e+01    4.76750e-01    3.58390e+03    4.43967e-02
          LJ-14     Coulomb-14        LJ (SR)  Disper. corr.   Coulomb (SR)
    1.60878e+02    5.03293e+01    1.51212e+05   -3.91363e+03   -9.22571e+05
   Coul. recip.      Potential    Kinetic En.   Total Energy  Conserved En.
    2.37382e+03   -7.69032e+05    1.24391e+05   -6.44641e+05   -7.80618e+05
    Temperature Pres. DC (bar) Pressure (bar)   Constr. rmsd
    3.01062e+02   -1.18711e+02    6.78077e+27    1.95924e-06

           Step           Time
          31300       15.65000

   Energies (kJ/mol)
           Bond          Angle    Proper Dih.  Improper Dih. Per. Imp. Dih.
    5.38934e+01    1.74527e+01    4.76750e-01    3.58390e+03    4.43967e-02
          LJ-14     Coulomb-14        LJ (SR)  Disper. corr.   Coulomb (SR)
    1.60878e+02    5.03293e+01    1.50015e+05   -3.91363e+03   -9.22324e+05
   Coul. recip.      Potential    Kinetic En.   Total Energy  Conserved En.
    2.41664e+03   -7.69939e+05    1.24031e+05   -6.45908e+05   -7.80623e+05
    Temperature Pres. DC (bar) Pressure (bar)   Constr. rmsd
    3.00189e+02   -1.18711e+02    6.78077e+27    1.95924e-06

           Step           Time
          31400       15.70000

   Energies (kJ/mol)
           Bond          Angle    Proper Dih.  Improper Dih. Per. Imp. Dih.
    5.38934e+01    1.74527e+01    4.76750e-01    3.58390e+03    4.43967e-02
          LJ-14     Coulomb-14        LJ (SR)  Disper. corr.   Coulomb (SR)
    1.60878e+02    5.03293e+01    1.49551e+05   -3.91363e+03   -9.20894e+05
   Coul. recip.      Potential    Kinetic En.   Total Energy  Conserved En.
    2.38505e+03   -7.69004e+05    1.23656e+05   -6.45347e+05   -7.80631e+05
    Temperature Pres. DC (bar) Pressure (bar)   Constr. rmsd
    2.99283e+02   -1.18711e+02    6.78077e+27    1.95924e-06

           Step           Time
          31500       15.75000

   Energies (kJ/mol)
           Bond          Angle    Proper Dih.  Improper Dih. Per. Imp. Dih.
    5.38934e+01    1.74527e+01    4.76750e-01    3.58390e+03    4.43967e-02
          LJ-14     Coulomb-14        LJ (SR)  Disper. corr.   Coulomb (SR)
    1.60878e+02    5.03293e+01    1.49335e+05   -3.91363e+03   -9.20443e+05
   Coul. recip.      Potential    Kinetic En.   Total Energy  Conserved En.
    2.37616e+03   -7.68778e+05    1.23459e+05   -6.45319e+05   -7.80626e+05
    Temperature Pres. DC (bar) Pressure (bar)   Constr. rmsd
    2.98806e+02   -1.18711e+02    6.78077e+27    1.95924e-06

           Step           Time
          31600       15.80000

   Energies (kJ/mol)
           Bond          Angle    Proper Dih.  Improper Dih. Per. Imp. Dih.
    5.38934e+01    1.74527e+01    4.76750e-01    3.58390e+03    4.43967e-02
          LJ-14     Coulomb-14        LJ (SR)  Disper. corr.   Coulomb (SR)
    1.60878e+02    5.03293e+01    1.50677e+05   -3.91363e+03   -9.22410e+05
   Coul. recip.      Potential    Kinetic En.   Total Energy  Conserved En.
    2.44745e+03   -7.69332e+05    1.23836e+05   -6.45495e+05   -7.80629e+05
    Temperature Pres. DC (bar) Pressure (bar)   Constr. rmsd
    2.99719e+02   -1.18711e+02    6.78077e+27    1.95924e-06

           Step           Time
          31700       15.85000

   Energies (kJ/mol)
           Bond          Angle    Proper Dih.  Improper Dih. Per. Imp. Dih.
    5.38934e+01    1.74527e+01    4.76750e-01    3.58390e+03    4.43967e-02
          LJ-14     Coulomb-14        LJ (SR)  Disper. corr.   Coulomb (SR)
    1.60878e+02    5.03293e+01    1.50257e+05   -3.91363e+03   -9.21567e+05
   Coul. recip.      Potential    Kinetic En.   Total Energy  Conserved En.
    2.40151e+03   -7.68955e+05    1.23696e+05   -6.45259e+05   -7.80637e+05
    Temperature Pres. DC (bar) Pressure (bar)   Constr. rmsd
    2.99379e+02   -1.18711e+02    6.78077e+27    1.95924e-06

           Step           Time
          31800       15.90000

   Energies (kJ/mol)
           Bond          Angle    Proper Dih.  Improper Dih. Per. Imp. Dih.
    5.38934e+01    1.74527e+01    4.76750e-01    3.58390e+03    4.43967e-02
          LJ-14     Coulomb-14        LJ (SR)  Disper. corr.   Coulomb (SR)
    1.60878e+02    5.03293e+01    1.48615e+05   -3.91363e+03   -9.19631e+05
   Coul. recip.      Potential    Kinetic En.   Total Energy  Conserved En.
    2.32033e+03   -7.68742e+05    1.23884e+05   -6.44859e+05   -7.80615e+05
    Temperature Pres. DC (bar) Pressure (bar)   Constr. rmsd
    2.99834e+02   -1.18711e+02    6.78077e+27    1.95924e-06

           Step           Time
          31900       15.95000

   Energies (kJ/mol)
           Bond          Angle    Proper Dih.  Improper Dih. Per. Imp. Dih.
    5.38934e+01    1.74527e+01    4.76750e-01    3.58390e+03    4.43967e-02
          LJ-14     Coulomb-14        LJ (SR)  Disper. corr.   Coulomb (SR)
    1.60878e+02    5.03293e+01    1.48542e+05   -3.91363e+03   -9.19262e+05
   Coul. recip.      Potential    Kinetic En.   Total Energy  Conserved En.
    2.48996e+03   -7.68276e+05    1.24048e+05   -6.44228e+05   -7.80619e+05
    Temperature Pres. DC (bar) Pressure (bar)   Constr. rmsd
    3.00232e+02   -1.18711e+02    6.78077e+27    1.95924e-06

           Step           Time
          32000       16.00000

   Energies (kJ/mol)
           Bond          Angle    Proper Dih.  Improper Dih. Per. Imp. Dih.
    5.38934e+01    1.74527e+01    4.76750e-01    3.58390e+03    4.43967e-02
          LJ-14     Coulomb-14        LJ (SR)  Disper. corr.   Coulomb (SR)
    1.60878e+02    5.03293e+01    1.48823e+05   -3.91363e+03   -9.19391e+05
   Coul. recip.      Potential    Kinetic En.   Total Energy  Conserved En.
    2.36456e+03   -7.68251e+05    1.23596e+05   -6.44655e+05   -7.80655e+05
    Temperature Pres. DC (bar) Pressure (bar)   Constr. rmsd
    2.99138e+02   -1.18711e+02    6.78077e+27    1.95924e-06

           Step           Time
          32100       16.05000

   Energies (kJ/mol)
           Bond          Angle    Proper Dih.  Improper Dih. Per. Imp. Dih.
    5.38934e+01    1.74527e+01    4.76750e-01    3.58390e+03    4.43967e-02
          LJ-14     Coulomb-14        LJ (SR)  Disper. corr.   Coulomb (SR)
    1.60878e+02    5.03293e+01    1.49390e+05   -3.91363e+03   -9.20044e+05
   Coul. recip.      Potential    Kinetic En.   Total Energy  Conserved En.
    2.36528e+03   -7.68335e+05    1.24055e+05   -6.44280e+05   -7.80641e+05
    Temperature Pres. DC (bar) Pressure (bar)   Constr. rmsd
    3.00248e+02   -1.18711e+02    6.78077e+27    1.95924e-06

           Step           Time
          32200       16.10000

   Energies (kJ/mol)
           Bond          Angle    Proper Dih.  Improper Dih. Per. Imp. Dih.
    5.38934e+01    1.74527e+01    4.76750e-01    3.58390e+03    4.43967e-02
          LJ-14     Coulomb-14        LJ (SR)  Disper. corr.   Coulomb (SR)
    1.60878e+02    5.03293e+01    1.49442e+05   -3.91363e+03   -9.20786e+05
   Coul. recip.      Potential    Kinetic En.   Total Energy  Conserved En.
    2.36762e+03   -7.69024e+05    1.23811e+05   -6.45213e+05   -7.80664e+05
    Temperature Pres. DC (bar) Pressure (bar)   Constr. rmsd
    2.99658e+02   -1.18711e+02    6.78077e+27    1.95924e-06

           Step           Time
          32300       16.15000

   Energies (kJ/mol)
           Bond          Angle    Proper Dih.  Improper Dih. Per. Imp. Dih.
    5.38934e+01    1.74527e+01    4.76750e-01    3.58390e+03    4.43967e-02
          LJ-14     Coulomb-14        LJ (SR)  Disper. corr.   Coulomb (SR)
    1.60878e+02    5.03293e+01    1.49665e+05   -3.91363e+03   -9.21638e+05
   Coul. recip.      Potential    Kinetic En.   Total Energy  Conserved En.
    2.38480e+03   -7.69635e+05    1.24371e+05   -6.45264e+05   -7.80640e+05
    Temperature Pres. DC (bar) Pressure (bar)   Constr. rmsd
    3.01013e+02   -1.18711e+02    6.78077e+27    1.95924e-06

           Step           Time
          32400       16.20000

   Energies (kJ/mol)
           Bond          Angle    Proper Dih.  Improper Dih. Per. Imp. Dih.
    5.38934e+01    1.74527e+01    4.76750e-01    3.58390e+03    4.43967e-02
          LJ-14     Coulomb-14        LJ (SR)  Disper. corr.   Coulomb (SR)
    1.60878e+02    5.03293e+01    1.51018e+05   -3.91363e+03   -9.21151e+05
   Coul. recip.      Potential    Kinetic En.   Total Energy  Conserved En.
    2.42871e+03   -7.67750e+05    1.23329e+05   -6.44421e+05   -7.80633e+05
    Temperature Pres. DC (bar) Pressure (bar)   Constr. rmsd
    2.98492e+02   -1.18711e+02    6.78077e+27    1.95924e-06

           Step           Time
          32500       16.25000

   Energies (kJ/mol)
           Bond          Angle    Proper Dih.  Improper Dih. Per. Imp. Dih.
    5.38934e+01    1.74527e+01    4.76750e-01    3.58390e+03    4.43967e-02
          LJ-14     Coulomb-14        LJ (SR)  Disper. corr.   Coulomb (SR)
    1.60878e+02    5.03293e+01    1.50946e+05   -3.91363e+03   -9.21904e+05
   Coul. recip.      Potential    Kinetic En.   Total Energy  Conserved En.
    2.32646e+03   -7.68678e+05    1.23741e+05   -6.44937e+05   -7.80621e+05
    Temperature Pres. DC (bar) Pressure (bar)   Constr. rmsd
    2.99487e+02   -1.18711e+02    6.78077e+27    1.95924e-06

           Step           Time
          32600       16.30000

   Energies (kJ/mol)
           Bond          Angle    Proper Dih.  Improper Dih. Per. Imp. Dih.
    5.38934e+01    1.74527e+01    4.76750e-01    3.58390e+03    4.43967e-02
          LJ-14     Coulomb-14        LJ (SR)  Disper. corr.   Coulomb (SR)
    1.60878e+02    5.03293e+01    1.50718e+05   -3.91363e+03   -9.21478e+05
   Coul. recip.      Potential    Kinetic En.   Total Energy  Conserved En.
    2.47096e+03   -7.68336e+05    1.23463e+05   -6.44873e+05   -7.80631e+05
    Temperature Pres. DC (bar) Pressure (bar)   Constr. rmsd
    2.98816e+02   -1.18711e+02    6.78077e+27    1.95924e-06

           Step           Time
          32700       16.35000

   Energies (kJ/mol)
           Bond          Angle    Proper Dih.  Improper Dih. Per. Imp. Dih.
    5.38934e+01    1.74527e+01    4.76750e-01    3.58390e+03    4.43967e-02
          LJ-14     Coulomb-14        LJ (SR)  Disper. corr.   Coulomb (SR)
    1.60878e+02    5.03293e+01    1.49263e+05   -3.91363e+03   -9.19606e+05
   Coul. recip.      Potential    Kinetic En.   Total Energy  Conserved En.
    2.39582e+03   -7.67994e+05    1.23283e+05   -6.44711e+05   -7.80634e+05
    Temperature Pres. DC (bar) Pressure (bar)   Constr. rmsd
    2.98381e+02   -1.18711e+02    6.78077e+27    1.95924e-06

           Step           Time
          32800       16.40000

   Energies (kJ/mol)
           Bond          Angle    Proper Dih.  Improper Dih. Per. Imp. Dih.
    5.38934e+01    1.74527e+01    4.76750e-01    3.58390e+03    4.43967e-02
          LJ-14     Coulomb-14        LJ (SR)  Disper. corr.   Coulomb (SR)
    1.60878e+02    5.03293e+01    1.50955e+05   -3.91363e+03   -9.21884e+05
   Coul. recip.      Potential    Kinetic En.   Total Energy  Conserved En.
    2.38648e+03   -7.68590e+05    1.23828e+05   -6.44762e+05   -7.80621e+05
    Temperature Pres. DC (bar) Pressure (bar)   Constr. rmsd
    2.99698e+02   -1.18711e+02    6.78077e+27    1.95924e-06

           Step           Time
          32900       16.45000

   Energies (kJ/mol)
           Bond          Angle    Proper Dih.  Improper Dih. Per. Imp. Dih.
    5.38934e+01    1.74527e+01    4.76750e-01    3.58390e+03    4.43967e-02
          LJ-14     Coulomb-14        LJ (SR)  Disper. corr.   Coulomb (SR)
    1.60878e+02    5.03293e+01    1.51221e+05   -3.91363e+03   -9.21614e+05
   Coul. recip.      Potential    Kinetic En.   Total Energy  Conserved En.
    2.28591e+03   -7.68154e+05    1.23919e+05   -6.44235e+05   -7.80663e+05
    Temperature Pres. DC (bar) Pressure (bar)   Constr. rmsd
    2.99919e+02   -1.18711e+02    6.78077e+27    1.95924e-06

           Step           Time
          33000       16.50000

   Energies (kJ/mol)
           Bond          Angle    Proper Dih.  Improper Dih. Per. Imp. Dih.
    5.38934e+01    1.74527e+01    4.76750e-01    3.58390e+03    4.43967e-02
          LJ-14     Coulomb-14        LJ (SR)  Disper. corr.   Coulomb (SR)
    1.60878e+02    5.03293e+01    1.51946e+05   -3.91363e+03   -9.22488e+05
   Coul. recip.      Potential    Kinetic En.   Total Energy  Conserved En.
    2.41920e+03   -7.68170e+05    1.23847e+05   -6.44323e+05   -7.80642e+05
    Temperature Pres. DC (bar) Pressure (bar)   Constr. rmsd
    2.99744e+02   -1.18711e+02    6.78077e+27    1.95924e-06

           Step           Time
          33100       16.55000

   Energies (kJ/mol)
           Bond          Angle    Proper Dih.  Improper Dih. Per. Imp. Dih.
    5.38934e+01    1.74527e+01    4.76750e-01    3.58390e+03    4.43967e-02
          LJ-14     Coulomb-14        LJ (SR)  Disper. corr.   Coulomb (SR)
    1.60878e+02    5.03293e+01    1.49922e+05   -3.91363e+03   -9.21262e+05
   Coul. recip.      Potential    Kinetic En.   Total Energy  Conserved En.
    2.44444e+03   -7.68942e+05    1.24496e+05   -6.44446e+05   -7.80640e+05
    Temperature Pres. DC (bar) Pressure (bar)   Constr. rmsd
    3.01316e+02   -1.18711e+02    6.78077e+27    1.95924e-06

           Step           Time
          33200       16.60000

   Energies (kJ/mol)
           Bond          Angle    Proper Dih.  Improper Dih. Per. Imp. Dih.
    5.38934e+01    1.74527e+01    4.76750e-01    3.58390e+03    4.43967e-02
          LJ-14     Coulomb-14        LJ (SR)  Disper. corr.   Coulomb (SR)
    1.60878e+02    5.03293e+01    1.49912e+05   -3.91363e+03   -9.21091e+05
   Coul. recip.      Potential    Kinetic En.   Total Energy  Conserved En.
    2.40224e+03   -7.68823e+05    1.23862e+05   -6.44962e+05   -7.80634e+05
    Temperature Pres. DC (bar) Pressure (bar)   Constr. rmsd
    2.99780e+02   -1.18711e+02    6.78077e+27    1.95924e-06

           Step           Time
          33300       16.65000

   Energies (kJ/mol)
           Bond          Angle    Proper Dih.  Improper Dih. Per. Imp. Dih.
    5.38934e+01    1.74527e+01    4.76750e-01    3.58390e+03    4.43967e-02
          LJ-14     Coulomb-14        LJ (SR)  Disper. corr.   Coulomb (SR)
    1.60878e+02    5.03293e+01    1.50563e+05   -3.91363e+03   -9.21372e+05
   Coul. recip.      Potential    Kinetic En.   Total Energy  Conserved En.
    2.30850e+03   -7.68546e+05    1.23963e+05   -6.44583e+05   -7.80637e+05
    Temperature Pres. DC (bar) Pressure (bar)   Constr. rmsd
    3.00027e+02   -1.18711e+02    6.78077e+27    1.95924e-06

           Step           Time
          33400       16.70000

   Energies (kJ/mol)
           Bond          Angle    Proper Dih.  Improper Dih. Per. Imp. Dih.
    5.38934e+01    1.74527e+01    4.76750e-01    3.58390e+03    4.43967e-02
          LJ-14     Coulomb-14        LJ (SR)  Disper. corr.   Coulomb (SR)
    1.60878e+02    5.03293e+01    1.49967e+05   -3.91363e+03   -9.20475e+05
   Coul. recip.      Potential    Kinetic En.   Total Energy  Conserved En.
    2.35671e+03   -7.68198e+05    1.23121e+05   -6.45077e+05   -7.80641e+05
    Temperature Pres. DC (bar) Pressure (bar)   Constr. rmsd
    2.97988e+02   -1.18711e+02    6.78077e+27    1.95924e-06

           Step           Time
          33500       16.75000

   Energies (kJ/mol)
           Bond          Angle    Proper Dih.  Improper Dih. Per. Imp. Dih.
    5.38934e+01    1.74527e+01    4.76750e-01    3.58390e+03    4.43967e-02
          LJ-14     Coulomb-14        LJ (SR)  Disper. corr.   Coulomb (SR)
    1.60878e+02    5.03293e+01    1.49510e+05   -3.91363e+03   -9.20230e+05
   Coul. recip.      Potential    Kinetic En.   Total Energy  Conserved En.
    2.37957e+03   -7.68387e+05    1.23524e+05   -6.44863e+05   -7.80662e+05
    Temperature Pres. DC (bar) Pressure (bar)   Constr. rmsd
    2.98963e+02   -1.18711e+02    6.78077e+27    1.95924e-06

           Step           Time
          33600       16.80000

   Energies (kJ/mol)
           Bond          Angle    Proper Dih.  Improper Dih. Per. Imp. Dih.
    5.38934e+01    1.74527e+01    4.76750e-01    3.58390e+03    4.43967e-02
          LJ-14     Coulomb-14        LJ (SR)  Disper. corr.   Coulomb (SR)
    1.60878e+02    5.03293e+01    1.50339e+05   -3.91363e+03   -9.20483e+05
   Coul. recip.      Potential    Kinetic En.   Total Energy  Conserved En.
    2.33051e+03   -7.67859e+05    1.23537e+05   -6.44323e+05   -7.80633e+05
    Temperature Pres. DC (bar) Pressure (bar)   Constr. rmsd
    2.98994e+02   -1.18711e+02    6.78077e+27    1.95924e-06

           Step           Time
          33700       16.85000

   Energies (kJ/mol)
           Bond          Angle    Proper Dih.  Improper Dih. Per. Imp. Dih.
    5.38934e+01    1.74527e+01    4.76750e-01    3.58390e+03    4.43967e-02
          LJ-14     Coulomb-14        LJ (SR)  Disper. corr.   Coulomb (SR)
    1.60878e+02    5.03293e+01    1.49561e+05   -3.91363e+03   -9.19525e+05
   Coul. recip.      Potential    Kinetic En.   Total Energy  Conserved En.
    2.26857e+03   -7.67742e+05    1.23801e+05   -6.43941e+05   -7.80637e+05
    Temperature Pres. DC (bar) Pressure (bar)   Constr. rmsd
    2.99634e+02   -1.18711e+02    6.78077e+27    1.95924e-06

           Step           Time
          33800       16.90000

   Energies (kJ/mol)
           Bond          Angle    Proper Dih.  Improper Dih. Per. Imp. Dih.
    5.38934e+01    1.74527e+01    4.76750e-01    3.58390e+03    4.43967e-02
          LJ-14     Coulomb-14        LJ (SR)  Disper. corr.   Coulomb (SR)
    1.60878e+02    5.03293e+01    1.48348e+05   -3.91363e+03   -9.18542e+05
   Coul. recip.      Potential    Kinetic En.   Total Energy  Conserved En.
    2.43483e+03   -7.67805e+05    1.24347e+05   -6.43458e+05   -7.80651e+05
    Temperature Pres. DC (bar) Pressure (bar)   Constr. rmsd
    3.00956e+02   -1.18711e+02    6.78077e+27    1.95924e-06

           Step           Time
          33900       16.95000

   Energies (kJ/mol)
           Bond          Angle    Proper Dih.  Improper Dih. Per. Imp. Dih.
    5.38934e+01    1.74527e+01    4.76750e-01    3.58390e+03    4.43967e-02
          LJ-14     Coulomb-14        LJ (SR)  Disper. corr.   Coulomb (SR)
    1.60878e+02    5.03293e+01    1.49422e+05   -3.91363e+03   -9.18722e+05
   Coul. recip.      Potential    Kinetic En.   Total Energy  Conserved En.
    2.37192e+03   -7.66975e+05    1.23809e+05   -6.43166e+05   -7.80627e+05
    Temperature Pres. DC (bar) Pressure (bar)   Constr. rmsd
    2.99653e+02   -1.18711e+02    6.78077e+27    1.95924e-06

           Step           Time
          34000       17.00000

   Energies (kJ/mol)
           Bond          Angle    Proper Dih.  Improper Dih. Per. Imp. Dih.
    5.38934e+01    1.74527e+01    4.76750e-01    3.58390e+03    4.43967e-02
          LJ-14     Coulomb-14        LJ (SR)  Disper. corr.   Coulomb (SR)
    1.60878e+02    5.03293e+01    1.49285e+05   -3.91363e+03   -9.19136e+05
   Coul. recip.      Potential    Kinetic En.   Total Energy  Conserved En.
    2.28527e+03   -7.67612e+05    1.24111e+05   -6.43502e+05   -7.80649e+05
    Temperature Pres. DC (bar) Pressure (bar)   Constr. rmsd
    3.00383e+02   -1.18711e+02    6.78077e+27    1.95924e-06

           Step           Time
          34100       17.05000

   Energies (kJ/mol)
           Bond          Angle    Proper Dih.  Improper Dih. Per. Imp. Dih.
    5.38934e+01    1.74527e+01    4.76750e-01    3.58390e+03    4.43967e-02
          LJ-14     Coulomb-14        LJ (SR)  Disper. corr.   Coulomb (SR)
    1.60878e+02    5.03293e+01    1.49741e+05   -3.91363e+03   -9.20141e+05
   Coul. recip.      Potential    Kinetic En.   Total Energy  Conserved En.
    2.42743e+03   -7.68019e+05    1.24266e+05   -6.43754e+05   -7.80647e+05
    Temperature Pres. DC (bar) Pressure (bar)   Constr. rmsd
    3.00758e+02   -1.18711e+02    6.78077e+27    1.95924e-06

           Step           Time
          34200       17.10000

   Energies (kJ/mol)
           Bond          Angle    Proper Dih.  Improper Dih. Per. Imp. Dih.
    5.38934e+01    1.74527e+01    4.76750e-01    3.58390e+03    4.43967e-02
          LJ-14     Coulomb-14        LJ (SR)  Disper. corr.   Coulomb (SR)
    1.60878e+02    5.03293e+01    1.49705e+05   -3.91363e+03   -9.20375e+05
   Coul. recip.      Potential    Kinetic En.   Total Energy  Conserved En.
    2.43704e+03   -7.68280e+05    1.24023e+05   -6.44257e+05   -7.80642e+05
    Temperature Pres. DC (bar) Pressure (bar)   Constr. rmsd
    3.00171e+02   -1.18711e+02    6.78077e+27    1.95924e-06

           Step           Time
          34300       17.15000

   Energies (kJ/mol)
           Bond          Angle    Proper Dih.  Improper Dih. Per. Imp. Dih.
    5.38934e+01    1.74527e+01    4.76750e-01    3.58390e+03    4.43967e-02
          LJ-14     Coulomb-14        LJ (SR)  Disper. corr.   Coulomb (SR)
    1.60878e+02    5.03293e+01    1.50172e+05   -3.91363e+03   -9.20094e+05
   Coul. recip.      Potential    Kinetic En.   Total Energy  Conserved En.
    2.34353e+03   -7.67626e+05    1.23399e+05   -6.44227e+05   -7.80634e+05
    Temperature Pres. DC (bar) Pressure (bar)   Constr. rmsd
    2.98660e+02   -1.18711e+02    6.78077e+27    1.95924e-06

           Step           Time
          34400       17.20000

   Energies (kJ/mol)
           Bond          Angle    Proper Dih.  Improper Dih. Per. Imp. Dih.
    5.38934e+01    1.74527e+01    4.76750e-01    3.58390e+03    4.43967e-02
          LJ-14     Coulomb-14        LJ (SR)  Disper. corr.   Coulomb (SR)
    1.60878e+02    5.03293e+01    1.50622e+05   -3.91363e+03   -9.21231e+05
   Coul. recip.      Potential    Kinetic En.   Total Energy  Conserved En.
    2.31991e+03   -7.68336e+05    1.24913e+05   -6.43424e+05   -7.80658e+05
    Temperature Pres. DC (bar) Pressure (bar)   Constr. rmsd
    3.02324e+02   -1.18711e+02    6.78077e+27    1.95924e-06

           Step           Time
          34500       17.25000

   Energies (kJ/mol)
           Bond          Angle    Proper Dih.  Improper Dih. Per. Imp. Dih.
    5.38934e+01    1.74527e+01    4.76750e-01    3.58390e+03    4.43967e-02
          LJ-14     Coulomb-14        LJ (SR)  Disper. corr.   Coulomb (SR)
    1.60878e+02    5.03293e+01    1.49508e+05   -3.91363e+03   -9.19880e+05
   Coul. recip.      Potential    Kinetic En.   Total Energy  Conserved En.
    2.34273e+03   -7.68076e+05    1.23971e+05   -6.44105e+05   -7.80677e+05
    Temperature Pres. DC (bar) Pressure (bar)   Constr. rmsd
    3.00045e+02   -1.18711e+02    6.78077e+27    1.95924e-06

           Step           Time
          34600       17.30000

   Energies (kJ/mol)
           Bond          Angle    Proper Dih.  Improper Dih. Per. Imp. Dih.
    5.38934e+01    1.74527e+01    4.76750e-01    3.58390e+03    4.43967e-02
          LJ-14     Coulomb-14        LJ (SR)  Disper. corr.   Coulomb (SR)
    1.60878e+02    5.03293e+01    1.50885e+05   -3.91363e+03   -9.20838e+05
   Coul. recip.      Potential    Kinetic En.   Total Energy  Conserved En.
    2.39032e+03   -7.67610e+05    1.24162e+05   -6.43448e+05   -7.80649e+05
    Temperature Pres. DC (bar) Pressure (bar)   Constr. rmsd
    3.00507e+02   -1.18711e+02    6.78077e+27    1.95924e-06

           Step           Time
          34700       17.35000

   Energies (kJ/mol)
           Bond          Angle    Proper Dih.  Improper Dih. Per. Imp. Dih.
    5.38934e+01    1.74527e+01    4.76750e-01    3.58390e+03    4.43967e-02
          LJ-14     Coulomb-14        LJ (SR)  Disper. corr.   Coulomb (SR)
    1.60878e+02    5.03293e+01    1.50279e+05   -3.91363e+03   -9.20433e+05
   Coul. recip.      Potential    Kinetic En.   Total Energy  Conserved En.
    2.50841e+03   -7.67692e+05    1.24139e+05   -6.43554e+05   -7.80642e+05
    Temperature Pres. DC (bar) Pressure (bar)   Constr. rmsd
    3.00451e+02   -1.18711e+02    6.78077e+27    1.95924e-06

           Step           Time
          34800       17.40000

   Energies (kJ/mol)
           Bond          Angle    Proper Dih.  Improper Dih. Per. Imp. Dih.
    5.38934e+01    1.74527e+01    4.76750e-01    3.58390e+03    4.43967e-02
          LJ-14     Coulomb-14        LJ (SR)  Disper. corr.   Coulomb (SR)
    1.60878e+02    5.03293e+01    1.49997e+05   -3.91363e+03   -9.20958e+05
   Coul. recip.      Potential    Kinetic En.   Total Energy  Conserved En.
    2.32203e+03   -7.68686e+05    1.24321e+05   -6.44365e+05   -7.80641e+05
    Temperature Pres. DC (bar) Pressure (bar)   Constr. rmsd
    3.00892e+02   -1.18711e+02    6.78077e+27    1.95924e-06

           Step           Time
          34900       17.45000

   Energies (kJ/mol)
           Bond          Angle    Proper Dih.  Improper Dih. Per. Imp. Dih.
    5.38934e+01    1.74527e+01    4.76750e-01    3.58390e+03    4.43967e-02
          LJ-14     Coulomb-14        LJ (SR)  Disper. corr.   Coulomb (SR)
    1.60878e+02    5.03293e+01    1.51057e+05   -3.91363e+03   -9.21533e+05
   Coul. recip.      Potential    Kinetic En.   Total Energy  Conserved En.
    2.38617e+03   -7.68136e+05    1.23653e+05   -6.44483e+05   -7.80646e+05
    Temperature Pres. DC (bar) Pressure (bar)   Constr. rmsd
    2.99276e+02   -1.18711e+02    6.78077e+27    1.95924e-06

           Step           Time
          35000       17.50000

   Energies (kJ/mol)
           Bond          Angle    Proper Dih.  Improper Dih. Per. Imp. Dih.
    5.38934e+01    1.74527e+01    4.76750e-01    3.58390e+03    4.43967e-02
          LJ-14     Coulomb-14        LJ (SR)  Disper. corr.   Coulomb (SR)
    1.60878e+02    5.03293e+01    1.50967e+05   -3.91363e+03   -9.21526e+05
   Coul. recip.      Potential    Kinetic En.   Total Energy  Conserved En.
    2.42388e+03   -7.68182e+05    1.23518e+05   -6.44663e+05   -7.80642e+05
    Temperature Pres. DC (bar) Pressure (bar)   Constr. rmsd
    2.98950e+02   -1.18711e+02    6.78077e+27    1.95924e-06

           Step           Time
          35100       17.55000

   Energies (kJ/mol)
           Bond          Angle    Proper Dih.  Improper Dih. Per. Imp. Dih.
    5.38934e+01    1.74527e+01    4.76750e-01    3.58390e+03    4.43967e-02
          LJ-14     Coulomb-14        LJ (SR)  Disper. corr.   Coulomb (SR)
    1.60878e+02    5.03293e+01    1.49876e+05   -3.91363e+03   -9.20481e+05
   Coul. recip.      Potential    Kinetic En.   Total Energy  Conserved En.
    2.31304e+03   -7.68339e+05    1.22911e+05   -6.45429e+05   -7.80671e+05
    Temperature Pres. DC (bar) Pressure (bar)   Constr. rmsd
    2.97478e+02   -1.18711e+02    6.78077e+27    1.95924e-06

           Step           Time
          35200       17.60000

   Energies (kJ/mol)
           Bond          Angle    Proper Dih.  Improper Dih. Per. Imp. Dih.
    5.38934e+01    1.74527e+01    4.76750e-01    3.58390e+03    4.43967e-02
          LJ-14     Coulomb-14        LJ (SR)  Disper. corr.   Coulomb (SR)
    1.60878e+02    5.03293e+01    1.49685e+05   -3.91363e+03   -9.21180e+05
   Coul. recip.      Potential    Kinetic En.   Total Energy  Conserved En.
    2.37908e+03   -7.69163e+05    1.23693e+05   -6.45470e+05   -7.80650e+05
    Temperature Pres. DC (bar) Pressure (bar)   Constr. rmsd
    2.99372e+02   -1.18711e+02    6.78077e+27    1.95924e-06

           Step           Time
          35300       17.65000

   Energies (kJ/mol)
           Bond          Angle    Proper Dih.  Improper Dih. Per. Imp. Dih.
    5.38934e+01    1.74527e+01    4.76750e-01    3.58390e+03    4.43967e-02
          LJ-14     Coulomb-14        LJ (SR)  Disper. corr.   Coulomb (SR)
    1.60878e+02    5.03293e+01    1.50496e+05   -3.91363e+03   -9.21648e+05
   Coul. recip.      Potential    Kinetic En.   Total Energy  Conserved En.
    2.39559e+03   -7.68803e+05    1.23961e+05   -6.44842e+05   -7.80625e+05
    Temperature Pres. DC (bar) Pressure (bar)   Constr. rmsd
    3.00021e+02   -1.18711e+02    6.78077e+27    1.95924e-06

           Step           Time
          35400       17.70000

   Energies (kJ/mol)
           Bond          Angle    Proper Dih.  Improper Dih. Per. Imp. Dih.
    5.38934e+01    1.74527e+01    4.76750e-01    3.58390e+03    4.43967e-02
          LJ-14     Coulomb-14        LJ (SR)  Disper. corr.   Coulomb (SR)
    1.60878e+02    5.03293e+01    1.49150e+05   -3.91363e+03   -9.21035e+05
   Coul. recip.      Potential    Kinetic En.   Total Energy  Conserved En.
    2.37767e+03   -7.69555e+05    1.25259e+05   -6.44295e+05   -7.80644e+05
    Temperature Pres. DC (bar) Pressure (bar)   Constr. rmsd
    3.03163e+02   -1.18711e+02    6.78077e+27    1.95924e-06

           Step           Time
          35500       17.75000

   Energies (kJ/mol)
           Bond          Angle    Proper Dih.  Improper Dih. Per. Imp. Dih.
    5.38934e+01    1.74527e+01    4.76750e-01    3.58390e+03    4.43967e-02
          LJ-14     Coulomb-14        LJ (SR)  Disper. corr.   Coulomb (SR)
    1.60878e+02    5.03293e+01    1.49112e+05   -3.91363e+03   -9.19209e+05
   Coul. recip.      Potential    Kinetic En.   Total Energy  Conserved En.
    2.41240e+03   -7.67732e+05    1.23749e+05   -6.43982e+05   -7.80654e+05
    Temperature Pres. DC (bar) Pressure (bar)   Constr. rmsd
    2.99508e+02   -1.18711e+02    6.78077e+27    1.95924e-06

           Step           Time
          35600       17.80000

   Energies (kJ/mol)
           Bond          Angle    Proper Dih.  Improper Dih. Per. Imp. Dih.
    5.38934e+01    1.74527e+01    4.76750e-01    3.58390e+03    4.43967e-02
          LJ-14     Coulomb-14        LJ (SR)  Disper. corr.   Coulomb (SR)
    1.60878e+02    5.03293e+01    1.49624e+05   -3.91363e+03   -9.19765e+05
   Coul. recip.      Potential    Kinetic En.   Total Energy  Conserved En.
    2.39100e+03   -7.67797e+05    1.24473e+05   -6.43324e+05   -7.80648e+05
    Temperature Pres. DC (bar) Pressure (bar)   Constr. rmsd
    3.01261e+02   -1.18711e+02    6.78077e+27    1.95924e-06

           Step           Time
          35700       17.85000

   Energies (kJ/mol)
           Bond          Angle    Proper Dih.  Improper Dih. Per. Imp. Dih.
    5.38934e+01    1.74527e+01    4.76750e-01    3.58390e+03    4.43967e-02
          LJ-14     Coulomb-14        LJ (SR)  Disper. corr.   Coulomb (SR)
    1.60878e+02    5.03293e+01    1.49397e+05   -3.91363e+03   -9.20005e+05
   Coul. recip.      Potential    Kinetic En.   Total Energy  Conserved En.
    2.47733e+03   -7.68178e+05    1.24403e+05   -6.43775e+05   -7.80655e+05
    Temperature Pres. DC (bar) Pressure (bar)   Constr. rmsd
    3.01090e+02   -1.18711e+02    6.78077e+27    1.95924e-06

           Step           Time
          35800       17.90000

   Energies (kJ/mol)
           Bond          Angle    Proper Dih.  Improper Dih. Per. Imp. Dih.
    5.38934e+01    1.74527e+01    4.76750e-01    3.58390e+03    4.43967e-02
          LJ-14     Coulomb-14        LJ (SR)  Disper. corr.   Coulomb (SR)
    1.60878e+02    5.03293e+01    1.49786e+05   -3.91363e+03   -9.20823e+05
   Coul. recip.      Potential    Kinetic En.   Total Energy  Conserved En.
    2.28537e+03   -7.68799e+05    1.24889e+05   -6.43910e+05   -7.80636e+05
    Temperature Pres. DC (bar) Pressure (bar)   Constr. rmsd
    3.02266e+02   -1.18711e+02    6.78077e+27    1.95924e-06

           Step           Time
          35900       17.95000

   Energies (kJ/mol)
           Bond          Angle    Proper Dih.  Improper Dih. Per. Imp. Dih.
    5.38934e+01    1.74527e+01    4.76750e-01    3.58390e+03    4.43967e-02
          LJ-14     Coulomb-14        LJ (SR)  Disper. corr.   Coulomb (SR)
    1.60878e+02    5.03293e+01    1.51027e+05   -3.91363e+03   -9.21888e+05
   Coul. recip.      Potential    Kinetic En.   Total Energy  Conserved En.
    2.32625e+03   -7.68581e+05    1.24581e+05   -6.44000e+05   -7.80652e+05
    Temperature Pres. DC (bar) Pressure (bar)   Constr. rmsd
    3.01522e+02   -1.18711e+02    6.78077e+27    1.95924e-06

           Step           Time
          36000       18.00000

   Energies (kJ/mol)
           Bond          Angle    Proper Dih.  Improper Dih. Per. Imp. Dih.
    5.38934e+01    1.74527e+01    4.76750e-01    3.58390e+03    4.43967e-02
          LJ-14     Coulomb-14        LJ (SR)  Disper. corr.   Coulomb (SR)
    1.60878e+02    5.03293e+01    1.50298e+05   -3.91363e+03   -9.21437e+05
   Coul. recip.      Potential    Kinetic En.   Total Energy  Conserved En.
    2.43394e+03   -7.68751e+05    1.24378e+05   -6.44374e+05   -7.80648e+05
    Temperature Pres. DC (bar) Pressure (bar)   Constr. rmsd
    3.01029e+02   -1.18711e+02    6.78077e+27    1.95924e-06

           Step           Time
          36100       18.05000

   Energies (kJ/mol)
           Bond          Angle    Proper Dih.  Improper Dih. Per. Imp. Dih.
    5.38934e+01    1.74527e+01    4.76750e-01    3.58390e+03    4.43967e-02
          LJ-14     Coulomb-14        LJ (SR)  Disper. corr.   Coulomb (SR)
    1.60878e+02    5.03293e+01    1.49686e+05   -3.91363e+03   -9.20733e+05
   Coul. recip.      Potential    Kinetic En.   Total Energy  Conserved En.
    2.43194e+03   -7.68661e+05    1.23588e+05   -6.45074e+05   -7.80645e+05
    Temperature Pres. DC (bar) Pressure (bar)   Constr. rmsd
    2.99117e+02   -1.18711e+02    6.78077e+27    1.95924e-06

           Step           Time
          36200       18.10000

   Energies (kJ/mol)
           Bond          Angle    Proper Dih.  Improper Dih. Per. Imp. Dih.
    5.38934e+01    1.74527e+01    4.76750e-01    3.58390e+03    4.43967e-02
          LJ-14     Coulomb-14        LJ (SR)  Disper. corr.   Coulomb (SR)
    1.60878e+02    5.03293e+01    1.50182e+05   -3.91363e+03   -9.20499e+05
   Coul. recip.      Potential    Kinetic En.   Total Energy  Conserved En.
    2.33916e+03   -7.68025e+05    1.22849e+05   -6.45176e+05   -7.80646e+05
    Temperature Pres. DC (bar) Pressure (bar)   Constr. rmsd
    2.97330e+02   -1.18711e+02    6.78077e+27    1.95924e-06

           Step           Time
          36300       18.15000

   Energies (kJ/mol)
           Bond          Angle    Proper Dih.  Improper Dih. Per. Imp. Dih.
    5.38934e+01    1.74527e+01    4.76750e-01    3.58390e+03    4.43967e-02
          LJ-14     Coulomb-14        LJ (SR)  Disper. corr.   Coulomb (SR)
    1.60878e+02    5.03293e+01    1.50447e+05   -3.91363e+03   -9.21450e+05
   Coul. recip.      Potential    Kinetic En.   Total Energy  Conserved En.
    2.32786e+03   -7.68722e+05    1.23387e+05   -6.45334e+05   -7.80677e+05
    Temperature Pres. DC (bar) Pressure (bar)   Constr. rmsd
    2.98633e+02   -1.18711e+02    6.78077e+27    1.95924e-06

           Step           Time
          36400       18.20000

   Energies (kJ/mol)
           Bond          Angle    Proper Dih.  Improper Dih. Per. Imp. Dih.
    5.38934e+01    1.74527e+01    4.76750e-01    3.58390e+03    4.43967e-02
          LJ-14     Coulomb-14        LJ (SR)  Disper. corr.   Coulomb (SR)
    1.60878e+02    5.03293e+01    1.50844e+05   -3.91363e+03   -9.22882e+05
   Coul. recip.      Potential    Kinetic En.   Total Energy  Conserved En.
    2.39966e+03   -7.69686e+05    1.23641e+05   -6.46045e+05   -7.80670e+05
    Temperature Pres. DC (bar) Pressure (bar)   Constr. rmsd
    2.99245e+02   -1.18711e+02    6.78077e+27    1.95924e-06

           Step           Time
          36500       18.25000

   Energies (kJ/mol)
           Bond          Angle    Proper Dih.  Improper Dih. Per. Imp. Dih.
    5.38934e+01    1.74527e+01    4.76750e-01    3.58390e+03    4.43967e-02
          LJ-14     Coulomb-14        LJ (SR)  Disper. corr.   Coulomb (SR)
    1.60878e+02    5.03293e+01    1.49290e+05   -3.91363e+03   -9.21087e+05
   Coul. recip.      Potential    Kinetic En.   Total Energy  Conserved En.
    2.37520e+03   -7.69469e+05    1.23593e+05   -6.45876e+05   -7.80646e+05
    Temperature Pres. DC (bar) Pressure (bar)   Constr. rmsd
    2.99129e+02   -1.18711e+02    6.78077e+27    1.95924e-06

           Step           Time
          36600       18.30000

   Energies (kJ/mol)
           Bond          Angle    Proper Dih.  Improper Dih. Per. Imp. Dih.
    5.38934e+01    1.74527e+01    4.76750e-01    3.58390e+03    4.43967e-02
          LJ-14     Coulomb-14        LJ (SR)  Disper. corr.   Coulomb (SR)
    1.60878e+02    5.03293e+01    1.49124e+05   -3.91363e+03   -9.20894e+05
   Coul. recip.      Potential    Kinetic En.   Total Energy  Conserved En.
    2.36277e+03   -7.69455e+05    1.23280e+05   -6.46175e+05   -7.80672e+05
    Temperature Pres. DC (bar) Pressure (bar)   Constr. rmsd
    2.98373e+02   -1.18711e+02    6.78077e+27    1.95924e-06

           Step           Time
          36700       18.35000

   Energies (kJ/mol)
           Bond          Angle    Proper Dih.  Improper Dih. Per. Imp. Dih.
    5.38934e+01    1.74527e+01    4.76750e-01    3.58390e+03    4.43967e-02
          LJ-14     Coulomb-14        LJ (SR)  Disper. corr.   Coulomb (SR)
    1.60878e+02    5.03293e+01    1.50173e+05   -3.91363e+03   -9.22278e+05
   Coul. recip.      Potential    Kinetic En.   Total Energy  Conserved En.
    2.42054e+03   -7.69731e+05    1.23734e+05   -6.45997e+05   -7.80638e+05
    Temperature Pres. DC (bar) Pressure (bar)   Constr. rmsd
    2.99471e+02   -1.18711e+02    6.78077e+27    1.95924e-06

           Step           Time
          36800       18.40000

   Energies (kJ/mol)
           Bond          Angle    Proper Dih.  Improper Dih. Per. Imp. Dih.
    5.38934e+01    1.74527e+01    4.76750e-01    3.58390e+03    4.43967e-02
          LJ-14     Coulomb-14        LJ (SR)  Disper. corr.   Coulomb (SR)
    1.60878e+02    5.03293e+01    1.49378e+05   -3.91363e+03   -9.21157e+05
   Coul. recip.      Potential    Kinetic En.   Total Energy  Conserved En.
    2.31071e+03   -7.69515e+05    1.23821e+05   -6.45694e+05   -7.80657e+05
    Temperature Pres. DC (bar) Pressure (bar)   Constr. rmsd
    2.99682e+02   -1.18711e+02    6.78077e+27    1.95924e-06

           Step           Time
          36900       18.45000

   Energies (kJ/mol)
           Bond          Angle    Proper Dih.  Improper Dih. Per. Imp. Dih.
    5.38934e+01    1.74527e+01    4.76750e-01    3.58390e+03    4.43967e-02
          LJ-14     Coulomb-14        LJ (SR)  Disper. corr.   Coulomb (SR)
    1.60878e+02    5.03293e+01    1.49080e+05   -3.91363e+03   -9.19986e+05
   Coul. recip.      Potential    Kinetic En.   Total Energy  Conserved En.
    2.39666e+03   -7.68556e+05    1.22563e+05   -6.45993e+05   -7.80639e+05
    Temperature Pres. DC (bar) Pressure (bar)   Constr. rmsd
    2.96637e+02   -1.18711e+02    6.78077e+27    1.95924e-06

           Step           Time
          37000       18.50000

   Energies (kJ/mol)
           Bond          Angle    Proper Dih.  Improper Dih. Per. Imp. Dih.
    5.38934e+01    1.74527e+01    4.76750e-01    3.58390e+03    4.43967e-02
          LJ-14     Coulomb-14        LJ (SR)  Disper. corr.   Coulomb (SR)
    1.60878e+02    5.03293e+01    1.49432e+05   -3.91363e+03   -9.20927e+05
   Coul. recip.      Potential    Kinetic En.   Total Energy  Conserved En.
    2.40453e+03   -7.69138e+05    1.23137e+05   -6.46001e+05   -7.80668e+05
    Temperature Pres. DC (bar) Pressure (bar)   Constr. rmsd
    2.98026e+02   -1.18711e+02    6.78077e+27    1.95924e-06

           Step           Time
          37100       18.55000

   Energies (kJ/mol)
           Bond          Angle    Proper Dih.  Improper Dih. Per. Imp. Dih.
    5.38934e+01    1.74527e+01    4.76750e-01    3.58390e+03    4.43967e-02
          LJ-14     Coulomb-14        LJ (SR)  Disper. corr.   Coulomb (SR)
    1.60878e+02    5.03293e+01    1.51350e+05   -3.91363e+03   -9.22575e+05
   Coul. recip.      Potential    Kinetic En.   Total Energy  Conserved En.
    2.47830e+03   -7.68793e+05    1.23064e+05   -6.45729e+05   -7.80656e+05
    Temperature Pres. DC (bar) Pressure (bar)   Constr. rmsd
    2.97850e+02   -1.18711e+02    6.78077e+27    1.95924e-06

           Step           Time
          37200       18.60000

   Energies (kJ/mol)
           Bond          Angle    Proper Dih.  Improper Dih. Per. Imp. Dih.
    5.38934e+01    1.74527e+01    4.76750e-01    3.58390e+03    4.43967e-02
          LJ-14     Coulomb-14        LJ (SR)  Disper. corr.   Coulomb (SR)
    1.60878e+02    5.03293e+01    1.49505e+05   -3.91363e+03   -9.20675e+05
   Coul. recip.      Potential    Kinetic En.   Total Energy  Conserved En.
    2.45441e+03   -7.68762e+05    1.23845e+05   -6.44917e+05   -7.80676e+05
    Temperature Pres. DC (bar) Pressure (bar)   Constr. rmsd
    2.99740e+02   -1.18711e+02    6.78077e+27    1.95924e-06

           Step           Time
          37300       18.65000

   Energies (kJ/mol)
           Bond          Angle    Proper Dih.  Improper Dih. Per. Imp. Dih.
    5.38934e+01    1.74527e+01    4.76750e-01    3.58390e+03    4.43967e-02
          LJ-14     Coulomb-14        LJ (SR)  Disper. corr.   Coulomb (SR)
    1.60878e+02    5.03293e+01    1.49114e+05   -3.91363e+03   -9.20078e+05
   Coul. recip.      Potential    Kinetic En.   Total Energy  Conserved En.
    2.40631e+03   -7.68604e+05    1.24097e+05   -6.44507e+05   -7.80672e+05
    Temperature Pres. DC (bar) Pressure (bar)   Constr. rmsd
    3.00350e+02   -1.18711e+02    6.78077e+27    1.95924e-06

           Step           Time
          37400       18.70000

   Energies (kJ/mol)
           Bond          Angle    Proper Dih.  Improper Dih. Per. Imp. Dih.
    5.38934e+01    1.74527e+01    4.76750e-01    3.58390e+03    4.43967e-02
          LJ-14     Coulomb-14        LJ (SR)  Disper. corr.   Coulomb (SR)
    1.60878e+02    5.03293e+01    1.47021e+05   -3.91363e+03   -9.18244e+05
   Coul. recip.      Potential    Kinetic En.   Total Energy  Conserved En.
    2.41502e+03   -7.68854e+05    1.23770e+05   -6.45084e+05   -7.80662e+05
    Temperature Pres. DC (bar) Pressure (bar)   Constr. rmsd
    2.99559e+02   -1.18711e+02    6.78077e+27    1.95924e-06

           Step           Time
          37500       18.75000

   Energies (kJ/mol)
           Bond          Angle    Proper Dih.  Improper Dih. Per. Imp. Dih.
    5.38934e+01    1.74527e+01    4.76750e-01    3.58390e+03    4.43967e-02
          LJ-14     Coulomb-14        LJ (SR)  Disper. corr.   Coulomb (SR)
    1.60878e+02    5.03293e+01    1.49393e+05   -3.91363e+03   -9.20832e+05
   Coul. recip.      Potential    Kinetic En.   Total Energy  Conserved En.
    2.39546e+03   -7.69090e+05    1.23620e+05   -6.45471e+05   -7.80633e+05
    Temperature Pres. DC (bar) Pressure (bar)   Constr. rmsd
    2.99195e+02   -1.18711e+02    6.78077e+27    1.95924e-06

           Step           Time
          37600       18.80000

   Energies (kJ/mol)
           Bond          Angle    Proper Dih.  Improper Dih. Per. Imp. Dih.
    5.38934e+01    1.74527e+01    4.76750e-01    3.58390e+03    4.43967e-02
          LJ-14     Coulomb-14        LJ (SR)  Disper. corr.   Coulomb (SR)
    1.60878e+02    5.03293e+01    1.48909e+05   -3.91363e+03   -9.20016e+05
   Coul. recip.      Potential    Kinetic En.   Total Energy  Conserved En.
    2.38959e+03   -7.68764e+05    1.23193e+05   -6.45571e+05   -7.80655e+05
    Temperature Pres. DC (bar) Pressure (bar)   Constr. rmsd
    2.98161e+02   -1.18711e+02    6.78077e+27    1.95924e-06

           Step           Time
          37700       18.85000

   Energies (kJ/mol)
           Bond          Angle    Proper Dih.  Improper Dih. Per. Imp. Dih.
    5.38934e+01    1.74527e+01    4.76750e-01    3.58390e+03    4.43967e-02
          LJ-14     Coulomb-14        LJ (SR)  Disper. corr.   Coulomb (SR)
    1.60878e+02    5.03293e+01    1.49976e+05   -3.91363e+03   -9.21037e+05
   Coul. recip.      Potential    Kinetic En.   Total Energy  Conserved En.
    2.41225e+03   -7.68696e+05    1.23677e+05   -6.45019e+05   -7.80638e+05
    Temperature Pres. DC (bar) Pressure (bar)   Constr. rmsd
    2.99334e+02   -1.18711e+02    6.78077e+27    1.95924e-06

           Step           Time
          37800       18.90000

   Energies (kJ/mol)
           Bond          Angle    Proper Dih.  Improper Dih. Per. Imp. Dih.
    5.38934e+01    1.74527e+01    4.76750e-01    3.58390e+03    4.43967e-02
          LJ-14     Coulomb-14        LJ (SR)  Disper. corr.   Coulomb (SR)
    1.60878e+02    5.03293e+01    1.50115e+05   -3.91363e+03   -9.22175e+05
   Coul. recip.      Potential    Kinetic En.   Total Energy  Conserved En.
    2.31309e+03   -7.69794e+05    1.25065e+05   -6.44729e+05   -7.80658e+05
    Temperature Pres. DC (bar) Pressure (bar)   Constr. rmsd
    3.02694e+02   -1.18711e+02    6.78077e+27    1.95924e-06

           Step           Time
          37900       18.95000

   Energies (kJ/mol)
           Bond          Angle    Proper Dih.  Improper Dih. Per. Imp. Dih.
    5.38934e+01    1.74527e+01    4.76750e-01    3.58390e+03    4.43967e-02
          LJ-14     Coulomb-14        LJ (SR)  Disper. corr.   Coulomb (SR)
    1.60878e+02    5.03293e+01    1.49147e+05   -3.91363e+03   -9.20021e+05
   Coul. recip.      Potential    Kinetic En.   Total Energy  Conserved En.
    2.40012e+03   -7.68520e+05    1.23020e+05   -6.45500e+05   -7.80663e+05
    Temperature Pres. DC (bar) Pressure (bar)   Constr. rmsd
    2.97742e+02   -1.18711e+02    6.78077e+27    1.95924e-06

           Step           Time
          38000       19.00000

   Energies (kJ/mol)
           Bond          Angle    Proper Dih.  Improper Dih. Per. Imp. Dih.
    5.38934e+01    1.74527e+01    4.76750e-01    3.58390e+03    4.43967e-02
          LJ-14     Coulomb-14        LJ (SR)  Disper. corr.   Coulomb (SR)
    1.60878e+02    5.03293e+01    1.48953e+05   -3.91363e+03   -9.19264e+05
   Coul. recip.      Potential    Kinetic En.   Total Energy  Conserved En.
    2.32502e+03   -7.68033e+05    1.23326e+05   -6.44707e+05   -7.80660e+05
    Temperature Pres. DC (bar) Pressure (bar)   Constr. rmsd
    2.98483e+02   -1.18711e+02    6.78077e+27    1.95924e-06

           Step           Time
          38100       19.05000

   Energies (kJ/mol)
           Bond          Angle    Proper Dih.  Improper Dih. Per. Imp. Dih.
    5.38934e+01    1.74527e+01    4.76750e-01    3.58390e+03    4.43967e-02
          LJ-14     Coulomb-14        LJ (SR)  Disper. corr.   Coulomb (SR)
    1.60878e+02    5.03293e+01    1.49832e+05   -3.91363e+03   -9.20056e+05
   Coul. recip.      Potential    Kinetic En.   Total Energy  Conserved En.
    2.27823e+03   -7.67992e+05    1.23375e+05   -6.44617e+05   -7.80644e+05
    Temperature Pres. DC (bar) Pressure (bar)   Constr. rmsd
    2.98603e+02   -1.18711e+02    6.78077e+27    1.95924e-06

           Step           Time
          38200       19.10000

   Energies (kJ/mol)
           Bond          Angle    Proper Dih.  Improper Dih. Per. Imp. Dih.
    5.38934e+01    1.74527e+01    4.76750e-01    3.58390e+03    4.43967e-02
          LJ-14     Coulomb-14        LJ (SR)  Disper. corr.   Coulomb (SR)
    1.60878e+02    5.03293e+01    1.49155e+05   -3.91363e+03   -9.19892e+05
   Coul. recip.      Potential    Kinetic En.   Total Energy  Conserved En.
    2.27770e+03   -7.68506e+05    1.23106e+05   -6.45400e+05   -7.80674e+05
    Temperature Pres. DC (bar) Pressure (bar)   Constr. rmsd
    2.97951e+02   -1.18711e+02    6.78077e+27    1.95924e-06

           Step           Time
          38300       19.15000

   Energies (kJ/mol)
           Bond          Angle    Proper Dih.  Improper Dih. Per. Imp. Dih.
    5.38934e+01    1.74527e+01    4.76750e-01    3.58390e+03    4.43967e-02
          LJ-14     Coulomb-14        LJ (SR)  Disper. corr.   Coulomb (SR)
    1.60878e+02    5.03293e+01    1.48862e+05   -3.91363e+03   -9.20353e+05
   Coul. recip.      Potential    Kinetic En.   Total Energy  Conserved En.
    2.28179e+03   -7.69257e+05    1.23645e+05   -6.45612e+05   -7.80675e+05
    Temperature Pres. DC (bar) Pressure (bar)   Constr. rmsd
    2.99255e+02   -1.18711e+02    6.78077e+27    1.95924e-06

           Step           Time
          38400       19.20000

   Energies (kJ/mol)
           Bond          Angle    Proper Dih.  Improper Dih. Per. Imp. Dih.
    5.38934e+01    1.74527e+01    4.76750e-01    3.58390e+03    4.43967e-02
          LJ-14     Coulomb-14        LJ (SR)  Disper. corr.   Coulomb (SR)
    1.60878e+02    5.03293e+01    1.49797e+05   -3.91363e+03   -9.20991e+05
   Coul. recip.      Potential    Kinetic En.   Total Energy  Conserved En.
    2.43522e+03   -7.68805e+05    1.23887e+05   -6.44918e+05   -7.80671e+05
    Temperature Pres. DC (bar) Pressure (bar)   Constr. rmsd
    2.99841e+02   -1.18711e+02    6.78077e+27    1.95924e-06

           Step           Time
          38500       19.25000

   Energies (kJ/mol)
           Bond          Angle    Proper Dih.  Improper Dih. Per. Imp. Dih.
    5.38934e+01    1.74527e+01    4.76750e-01    3.58390e+03    4.43967e-02
          LJ-14     Coulomb-14        LJ (SR)  Disper. corr.   Coulomb (SR)
    1.60878e+02    5.03293e+01    1.50594e+05   -3.91363e+03   -9.22045e+05
   Coul. recip.      Potential    Kinetic En.   Total Energy  Conserved En.
    2.35345e+03   -7.69145e+05    1.23481e+05   -6.45664e+05   -7.80665e+05
    Temperature Pres. DC (bar) Pressure (bar)   Constr. rmsd
    2.98859e+02   -1.18711e+02    6.78077e+27    1.95924e-06

           Step           Time
          38600       19.30000

   Energies (kJ/mol)
           Bond          Angle    Proper Dih.  Improper Dih. Per. Imp. Dih.
    5.38934e+01    1.74527e+01    4.76750e-01    3.58390e+03    4.43967e-02
          LJ-14     Coulomb-14        LJ (SR)  Disper. corr.   Coulomb (SR)
    1.60878e+02    5.03293e+01    1.48488e+05   -3.91363e+03   -9.19872e+05
   Coul. recip.      Potential    Kinetic En.   Total Energy  Conserved En.
    2.30153e+03   -7.69129e+05    1.24005e+05   -6.45124e+05   -7.80688e+05
    Temperature Pres. DC (bar) Pressure (bar)   Constr. rmsd
    3.00128e+02   -1.18711e+02    6.78077e+27    1.95924e-06

           Step           Time
          38700       19.35000

   Energies (kJ/mol)
           Bond          Angle    Proper Dih.  Improper Dih. Per. Imp. Dih.
    5.38934e+01    1.74527e+01    4.76750e-01    3.58390e+03    4.43967e-02
          LJ-14     Coulomb-14        LJ (SR)  Disper. corr.   Coulomb (SR)
    1.60878e+02    5.03293e+01    1.48675e+05   -3.91363e+03   -9.19545e+05
   Coul. recip.      Potential    Kinetic En.   Total Energy  Conserved En.
    2.35148e+03   -7.68565e+05    1.22920e+05   -6.45645e+05   -7.80671e+05
    Temperature Pres. DC (bar) Pressure (bar)   Constr. rmsd
    2.97502e+02   -1.18711e+02    6.78077e+27    1.95924e-06

           Step           Time
          38800       19.40000

   Energies (kJ/mol)
           Bond          Angle    Proper Dih.  Improper Dih. Per. Imp. Dih.
    5.38934e+01    1.74527e+01    4.76750e-01    3.58390e+03    4.43967e-02
          LJ-14     Coulomb-14        LJ (SR)  Disper. corr.   Coulomb (SR)
    1.60878e+02    5.03293e+01    1.48939e+05   -3.91363e+03   -9.19991e+05
   Coul. recip.      Potential    Kinetic En.   Total Energy  Conserved En.
    2.37724e+03   -7.68722e+05    1.23379e+05   -6.45342e+05   -7.80668e+05
    Temperature Pres. DC (bar) Pressure (bar)   Constr. rmsd
    2.98612e+02   -1.18711e+02    6.78077e+27    1.95924e-06

           Step           Time
          38900       19.45000

   Energies (kJ/mol)
           Bond          Angle    Proper Dih.  Improper Dih. Per. Imp. Dih.
    5.38934e+01    1.74527e+01    4.76750e-01    3.58390e+03    4.43967e-02
          LJ-14     Coulomb-14        LJ (SR)  Disper. corr.   Coulomb (SR)
    1.60878e+02    5.03293e+01    1.49475e+05   -3.91363e+03   -9.19670e+05
   Coul. recip.      Potential    Kinetic En.   Total Energy  Conserved En.
    2.35285e+03   -7.67888e+05    1.23102e+05   -6.44787e+05   -7.80656e+05
    Temperature Pres. DC (bar) Pressure (bar)   Constr. rmsd
    2.97941e+02   -1.18711e+02    6.78077e+27    1.95924e-06

           Step           Time
          39000       19.50000

   Energies (kJ/mol)
           Bond          Angle    Proper Dih.  Improper Dih. Per. Imp. Dih.
    5.38934e+01    1.74527e+01    4.76750e-01    3.58390e+03    4.43967e-02
          LJ-14     Coulomb-14        LJ (SR)  Disper. corr.   Coulomb (SR)
    1.60878e+02    5.03293e+01    1.49753e+05   -3.91363e+03   -9.19469e+05
   Coul. recip.      Potential    Kinetic En.   Total Energy  Conserved En.
    2.34506e+03   -7.67417e+05    1.23125e+05   -6.44292e+05   -7.80670e+05
    Temperature Pres. DC (bar) Pressure (bar)   Constr. rmsd
    2.97996e+02   -1.18711e+02    6.78077e+27    1.95924e-06

           Step           Time
          39100       19.55000

   Energies (kJ/mol)
           Bond          Angle    Proper Dih.  Improper Dih. Per. Imp. Dih.
    5.38934e+01    1.74527e+01    4.76750e-01    3.58390e+03    4.43967e-02
          LJ-14     Coulomb-14        LJ (SR)  Disper. corr.   Coulomb (SR)
    1.60878e+02    5.03293e+01    1.47942e+05   -3.91363e+03   -9.19161e+05
   Coul. recip.      Potential    Kinetic En.   Total Energy  Conserved En.
    2.40632e+03   -7.68860e+05    1.24858e+05   -6.44001e+05   -7.80665e+05
    Temperature Pres. DC (bar) Pressure (bar)   Constr. rmsd
    3.02192e+02   -1.18711e+02    6.78077e+27    1.95924e-06

           Step           Time
          39200       19.60000

   Energies (kJ/mol)
           Bond          Angle    Proper Dih.  Improper Dih. Per. Imp. Dih.
    5.38934e+01    1.74527e+01    4.76750e-01    3.58390e+03    4.43967e-02
          LJ-14     Coulomb-14        LJ (SR)  Disper. corr.   Coulomb (SR)
    1.60878e+02    5.03293e+01    1.49232e+05   -3.91363e+03   -9.19496e+05
   Coul. recip.      Potential    Kinetic En.   Total Energy  Conserved En.
    2.32408e+03   -7.67986e+05    1.24212e+05   -6.43775e+05   -7.80657e+05
    Temperature Pres. DC (bar) Pressure (bar)   Constr. rmsd
    3.00628e+02   -1.18711e+02    6.78077e+27    1.95924e-06

           Step           Time
          39300       19.65000

   Energies (kJ/mol)
           Bond          Angle    Proper Dih.  Improper Dih. Per. Imp. Dih.
    5.38934e+01    1.74527e+01    4.76750e-01    3.58390e+03    4.43967e-02
          LJ-14     Coulomb-14        LJ (SR)  Disper. corr.   Coulomb (SR)
    1.60878e+02    5.03293e+01    1.49493e+05   -3.91363e+03   -9.19922e+05
   Coul. recip.      Potential    Kinetic En.   Total Energy  Conserved En.
    2.35684e+03   -7.68118e+05    1.24506e+05   -6.43613e+05   -7.80675e+05
    Temperature Pres. DC (bar) Pressure (bar)   Constr. rmsd
    3.01339e+02   -1.18711e+02    6.78077e+27    1.95924e-06

           Step           Time
          39400       19.70000

   Energies (kJ/mol)
           Bond          Angle    Proper Dih.  Improper Dih. Per. Imp. Dih.
    5.38934e+01    1.74527e+01    4.76750e-01    3.58390e+03    4.43967e-02
          LJ-14     Coulomb-14        LJ (SR)  Disper. corr.   Coulomb (SR)
    1.60878e+02    5.03293e+01    1.48876e+05   -3.91363e+03   -9.19118e+05
   Coul. recip.      Potential    Kinetic En.   Total Energy  Conserved En.
    2.39275e+03   -7.67896e+05    1.23385e+05   -6.44510e+05   -7.80682e+05
    Temperature Pres. DC (bar) Pressure (bar)   Constr. rmsd
    2.98628e+02   -1.18711e+02    6.78077e+27    1.95924e-06

           Step           Time
          39500       19.75000

   Energies (kJ/mol)
           Bond          Angle    Proper Dih.  Improper Dih. Per. Imp. Dih.
    5.38934e+01    1.74527e+01    4.76750e-01    3.58390e+03    4.43967e-02
          LJ-14     Coulomb-14        LJ (SR)  Disper. corr.   Coulomb (SR)
    1.60878e+02    5.03293e+01    1.49842e+05   -3.91363e+03   -9.20068e+05
   Coul. recip.      Potential    Kinetic En.   Total Energy  Conserved En.
    2.32471e+03   -7.67948e+05    1.23940e+05   -6.44007e+05   -7.80686e+05
    Temperature Pres. DC (bar) Pressure (bar)   Constr. rmsd
    2.99971e+02   -1.18711e+02    6.78077e+27    1.95924e-06

           Step           Time
          39600       19.80000

   Energies (kJ/mol)
           Bond          Angle    Proper Dih.  Improper Dih. Per. Imp. Dih.
    5.38934e+01    1.74527e+01    4.76750e-01    3.58390e+03    4.43967e-02
          LJ-14     Coulomb-14        LJ (SR)  Disper. corr.   Coulomb (SR)
    1.60878e+02    5.03293e+01    1.50232e+05   -3.91363e+03   -9.20697e+05
   Coul. recip.      Potential    Kinetic En.   Total Energy  Conserved En.
    2.42110e+03   -7.68091e+05    1.24185e+05   -6.43906e+05   -7.80668e+05
    Temperature Pres. DC (bar) Pressure (bar)   Constr. rmsd
    3.00563e+02   -1.18711e+02    6.78077e+27    1.95924e-06

           Step           Time
          39700       19.85000

   Energies (kJ/mol)
           Bond          Angle    Proper Dih.  Improper Dih. Per. Imp. Dih.
    5.38934e+01    1.74527e+01    4.76750e-01    3.58390e+03    4.43967e-02
          LJ-14     Coulomb-14        LJ (SR)  Disper. corr.   Coulomb (SR)
    1.60878e+02    5.03293e+01    1.49314e+05   -3.91363e+03   -9.20263e+05
   Coul. recip.      Potential    Kinetic En.   Total Energy  Conserved En.
    2.37700e+03   -7.68619e+05    1.24443e+05   -6.44176e+05   -7.80661e+05
    Temperature Pres. DC (bar) Pressure (bar)   Constr. rmsd
    3.01187e+02   -1.18711e+02    6.78077e+27    1.95924e-06

           Step           Time
          39800       19.90000

   Energies (kJ/mol)
           Bond          Angle    Proper Dih.  Improper Dih. Per. Imp. Dih.
    5.38934e+01    1.74527e+01    4.76750e-01    3.58390e+03    4.43967e-02
          LJ-14     Coulomb-14        LJ (SR)  Disper. corr.   Coulomb (SR)
    1.60878e+02    5.03293e+01    1.50048e+05   -3.91363e+03   -9.20095e+05
   Coul. recip.      Potential    Kinetic En.   Total Energy  Conserved En.
    2.38792e+03   -7.67705e+05    1.24349e+05   -6.43357e+05   -7.80677e+05
    Temperature Pres. DC (bar) Pressure (bar)   Constr. rmsd
    3.00959e+02   -1.18711e+02    6.78077e+27    1.95924e-06

           Step           Time
          39900       19.95000

   Energies (kJ/mol)
           Bond          Angle    Proper Dih.  Improper Dih. Per. Imp. Dih.
    5.38934e+01    1.74527e+01    4.76750e-01    3.58390e+03    4.43967e-02
          LJ-14     Coulomb-14        LJ (SR)  Disper. corr.   Coulomb (SR)
    1.60878e+02    5.03293e+01    1.50797e+05   -3.91363e+03   -9.21091e+05
   Coul. recip.      Potential    Kinetic En.   Total Energy  Conserved En.
    2.32926e+03   -7.68011e+05    1.24257e+05   -6.43754e+05   -7.80665e+05
    Temperature Pres. DC (bar) Pressure (bar)   Constr. rmsd
    3.00738e+02   -1.18711e+02    6.78077e+27    1.95924e-06

           Step           Time
          40000       20.00000

Writing checkpoint, step 40000 at Wed Jul  8 13:35:25 2026


   Energies (kJ/mol)
           Bond          Angle    Proper Dih.  Improper Dih. Per. Imp. Dih.
    5.38934e+01    1.74527e+01    4.76750e-01    3.58390e+03    4.43967e-02
          LJ-14     Coulomb-14        LJ (SR)  Disper. corr.   Coulomb (SR)
    1.60878e+02    5.03293e+01    1.50988e+05   -3.91363e+03   -9.20919e+05
   Coul. recip.      Potential    Kinetic En.   Total Energy  Conserved En.
    2.36597e+03   -7.67612e+05    1.23815e+05   -6.43796e+05   -7.80670e+05
    Temperature Pres. DC (bar) Pressure (bar)   Constr. rmsd
    2.99668e+02   -1.18711e+02    6.78077e+27    1.95924e-06


Energy conservation over simulation part #1 of length 20 ps, time 0 to 20 ps
  Conserved energy drift: -1.43e-04 kJ/mol/ps per atom


	<======  ###############  ==>
	<====  A V E R A G E S  ====>
	<==  ###############  ======>

	Statistics over 40001 steps using 401 frames

   Energies (kJ/mol)
           Bond          Angle    Proper Dih.  Improper Dih. Per. Imp. Dih.
    5.38934e+01    1.74527e+01    4.76750e-01    3.58390e+03    4.43967e-02
          LJ-14     Coulomb-14        LJ (SR)  Disper. corr.   Coulomb (SR)
    1.60878e+02    5.03293e+01    1.49686e+05   -3.91363e+03   -9.20756e+05
   Coul. recip.      Potential    Kinetic En.   Total Energy  Conserved En.
    2.39128e+03   -7.68726e+05    1.23208e+05   -6.45518e+05   -7.80577e+05
    Temperature Pres. DC (bar) Pressure (bar)   Constr. rmsd
    2.98198e+02   -1.18711e+02    6.78077e+27    0.00000e+00

   Total Virial (kJ/mol)
   -1.25382e+29    2.25619e+28    7.69305e+28
    2.25619e+28    1.01933e+29   -9.88347e+27
    7.69305e+28   -9.88347e+27   -3.12058e+29

   Pressure (bar)
    7.60208e+27   -1.36796e+27   -4.66442e+27
   -1.36796e+27   -6.18035e+27    5.99250e+26
   -4.66442e+27    5.99250e+26    1.89206e+28

  Epot (kJ/mol)        Coul-SR          LJ-SR        Coul-14          LJ-14   
HBN_PYR-HBN_PYR   -4.91129e+01    1.14087e+04    5.03293e+01    1.60878e+02
   HBN_PYR-CAPS    0.00000e+00    0.00000e+00    0.00000e+00    0.00000e+00
    HBN_PYR-SOL   -1.14661e+02   -9.00034e+02    0.00000e+00    0.00000e+00
      CAPS-CAPS    0.00000e+00    0.00000e+00    0.00000e+00    0.00000e+00
       CAPS-SOL    0.00000e+00    2.92872e+01    0.00000e+00    0.00000e+00
        SOL-SOL   -9.20593e+05    1.39148e+05    0.00000e+00    0.00000e+00

          T-SOL      T-HBN_PYR         T-CAPS
    2.98198e+02    0.00000e+00    0.00000e+00


	M E G A - F L O P S   A C C O U N T I N G

 NB=Group-cutoff nonbonded kernels    NxN=N-by-N cluster Verlet kernels
 RF=Reaction-Field  VdW=Van der Waals  QSTab=quadratic-spline table
 W3=SPC/TIP3p  W4=TIP4p (single or pairs)
 V&F=Potential and force  V=Potential only  F=Force only

 Computing:                               M-Number         M-Flops  % Flops
-----------------------------------------------------------------------------
 Pair Search distance check           15655.784570      140902.061     0.1
 NxN Ewald Elec. + LJ [F]           1198899.397872    79127360.260    48.8
 NxN Ewald Elec. + LJ [V&F]           12140.461312     1299029.360     0.8
 NxN LJ [F]                           53195.842656     1755462.808     1.1
 NxN LJ [V&F]                           538.626176       23160.926     0.0
 NxN Ewald Elec. [F]                1183484.464272    72192552.321    44.5
 NxN Ewald Elec. [V&F]                11984.304352     1006681.566     0.6
 1,4 nonbonded interactions              10.240256         921.623     0.0
 Calc Weights                          8200.044996      295201.620     0.2
 Spread Q Bspline                    174934.293248      349868.586     0.2
 Gather F Bspline                    174934.293248     1049605.759     0.6
 3D-FFT                              506263.376268     4050107.010     2.5
 Solve PME                             7045.296128      450898.952     0.3
 Reset In Box                            27.401132          82.203     0.0
 CG-CoM                                  27.469464          82.408     0.0
 Bonds                                  101.442536        5985.110     0.0
 Angles                                 202.085052       33950.289     0.0
 Propers                                 12.160304        2784.710     0.0
 Impropers                               67.361684       14011.230     0.0
 Virial                                  27.419177         493.545     0.0
 Stop-CM                                 27.469464         274.695     0.0
 Calc-Ekin                              218.799064        5907.575     0.0
 Lincs                                    1.600120          96.007     0.0
 Constraint-V                          1991.099550       17919.896     0.0
 Constraint-Vir                          19.943735         478.650     0.0
 Settle                                 662.649695      245180.387     0.2
 Virtual Site 3                         669.259130       24762.588     0.0
-----------------------------------------------------------------------------
 Total                                               162093762.144   100.0
-----------------------------------------------------------------------------


    D O M A I N   D E C O M P O S I T I O N   S T A T I S T I C S

 av. #atoms communicated per step for force:  2 x 0.0
 av. #atoms communicated per step for vsites: 3 x 0.0
 av. #atoms communicated per step for LINCS:  2 x 0.0


      R E A L   C Y C L E   A N D   T I M E   A C C O U N T I N G

On 1 MPI rank, each using 4 OpenMP threads

 Activity:              Num   Num      Call    Wall time         Giga-Cycles
                        Ranks Threads  Count      (s)         total sum    %
--------------------------------------------------------------------------------
 Domain decomp.            1    4        401       2.510         26.021   0.2
 Vsite constr.             1    4      40001       6.807         70.579   0.6
 Neighbor search           1    4        401      14.894        154.417   1.2
 Force                     1    4      40001    1031.663      10696.296  84.8
 PME mesh                  1    4      40001     134.517       1394.672  11.1
 NB X/F buffer ops.        1    4      80002       5.939         61.580   0.5
 Vsite spread              1    4      40402       3.240         33.591   0.3
 Write traj.               1    4         42       0.376          3.896   0.0
 Update                    1    4      40001       6.312         65.443   0.5
 Constraints               1    4      40003       7.289         75.569   0.6
 Kinetic energy            1    4       3201       0.820          8.503   0.1
 Rest                                              1.938         20.089   0.2
--------------------------------------------------------------------------------
 Total                                          1216.304      12610.657 100.0
--------------------------------------------------------------------------------
 Breakdown of PME mesh activities
--------------------------------------------------------------------------------
 PME spread                1    4      40001      48.237        500.120   4.0
 PME gather                1    4      40001      31.382        325.370   2.6
 PME 3D-FFT                1    4      80002      50.191        520.383   4.1
 PME solve Elec            1    4      40001       4.590         47.588   0.4
--------------------------------------------------------------------------------

               Core t (s)   Wall t (s)        (%)
       Time:     4865.215     1216.304      400.0
                 (ns/day)    (hour/ns)
Performance:        1.421       16.893
Finished mdrun on rank 0 Wed Jul  8 13:35:25 2026

