frame,site,bright_root,n_atoms,cube_net_transition_charge_e,partitioned_net_charge_e,partition_recovery_residual_e,raw_atomic_charge_net_e,corrected_atomic_charge_net_e,target_mu_x_au,target_mu_y_au,target_mu_z_au,raw_atomic_mu_x_au,raw_atomic_mu_y_au,raw_atomic_mu_z_au,corrected_atomic_mu_x_au,corrected_atomic_mu_y_au,corrected_atomic_mu_z_au,raw_atomic_dipole_relative_error,corrected_atomic_dipole_relative_error,charge_correction_rms_e,charge_correction_max_abs_e,raw_charge_max_abs_e,corrected_charge_max_abs_e,maximum_constraint_residual,numerical_validation_pass
0,PYR2,2,26,0.00013075689525071223,0.00013075689525077205,5.982085486688771e-17,0.00013075689525077205,-4.163336342344337e-16,0.22899,2.21269,-0.00182,0.23382201136840974,2.2452188229737033,0.0025865035333038078,0.22899000000000064,2.21268999999998,-0.0018199999999999883,0.014915504149294722,8.9881491634867e-15,0.008767406797118599,0.018979357877047853,0.10069442817329419,0.10747481317314621,1.9984014443252818e-14,True
0,PYR3,2,26,-0.00013972324328867316,-0.0001397232432886232,4.9954615097269617e-17,-0.0001397232432886232,4.961309141293668e-16,-2.23317,0.23498,0.07655,-2.264464497762071,0.2358174968131443,0.0815963881413569,-2.233169999999994,0.2349800000000089,0.07654999999999708,0.01411330911643131,4.90158153331039e-15,0.015479560175105411,0.027232048878162107,0.10107816162943976,0.12251318990166309,8.881784197001252e-15,True
0,PYR4,2,26,5.9759264374990234e-06,5.975926437390422e-06,-1.0860148229926286e-16,5.975926437390422e-06,-1.1449174941446927e-16,0.23463,2.2265,-0.09578,0.23823965420151444,2.258265430059514,-0.10015806234168513,0.23463000000000067,2.2264999999999993,-0.09578000000000036,0.014399831835778643,5.209502383638603e-16,0.002482914755861064,0.0050224864977225225,0.1010004228945999,0.10105532046802138,6.661338147750939e-16,True
0,PYR5,1,26,-0.00010333297285227973,-0.00010333297285227555,4.174178364069192e-18,-0.00010333297285227555,-8.326672684688674e-17,-2.63671,0.26656,-0.16351,-2.666443874016677,0.2629738311269398,-0.1630191198126952,-2.6367099999999826,0.26656000000000063,-0.16351000000000013,0.011281071172228145,6.527141663119831e-15,0.010854393493753013,0.023150293258946908,0.10454087626784592,0.10858926890136682,1.7319479184152442e-14,True
