gamma_phi_ps_inv,comparison_start_time_ps,population_rmse_all,population_rmse_high_manifold,population_rmse_PYR5_from_high_states,maximum_absolute_population_error
20.0,0.25,0.004778686484762832,0.00637126239748609,7.14991570071781e-05,0.023924305334869445
50.0,0.1,0.001514380924686558,0.002017977177283962,6.902209152849726e-05,0.005947368205651338
100.0,0.05,0.0005433656095717267,0.0007191807869495428,7.744767956653991e-05,0.002112067787223948
200.0,0.05,0.00021893716562434748,0.00027119890945843353,9.100258176448177e-05,0.0007658541020637566
