*************************************************
******************* ORCA 6.1.1 ******************
*************************************************
$Calculation_Status
   &GeometryIndex 35
   &version [&Type "String"] "6.1.1"
   &progName [&Type "String"] "LeanSCF"
   &Status [&Type "String"] "NORMAL TERMINATION"
$End
$Geometry
   &GeometryIndex 1
   &NAtoms [&Type "Integer"] 28
   &NCorelessECP [&Type "Integer"] 0
   &NGhostAtoms [&Type "Integer"] 0
   &CartesianCoordinates [&Type "Coordinates", &Dim(28,4), &Units "Bohr"] 
              N     81.732317466100   54.801760941033   33.072053623062
              B     81.467607686648   52.343016014395   34.062824539830
              N     79.359776748911   50.692362914074   33.072053388358
              B     76.292617408821   45.777060659549   34.991361721124
              N     78.819373212223   46.871659715810   35.964481129752
              B     80.810138625163   48.413888150254   34.391650522451
              N     82.478033979794   50.480463941969   35.641220914049
              H     76.023299322432   44.344493517938   33.263013597935
              H     79.765450172734   45.487640287323   36.904651670162
              H     81.878511846331   47.056324373636   32.888099127152
              H     84.029937166702   50.395492429412   36.723780628101
              B     72.244230054078   47.337639877526   37.794522538018
              B     76.874059154184   48.320296919334   37.794523104936
              N     74.622122132126   46.964788713860   36.656139460570
              H     72.063588460864   48.904238104920   39.420260561891
              H     77.287299333976   47.896015687492   40.007510447800
              H     76.887798999147   50.597786296421   37.372571111355
              H     70.429020080115   46.123576036863   37.165258420484
              H     83.070826841013   56.035191155076   33.609319388369
              H     80.380091461509   55.567336438704   31.986266846179
              H     79.030513310186   50.609163497679   31.189196385879
              N     76.987203757846   54.801742434945   33.072053570717
              B     76.987214477884   52.062149766816   33.072053570717
              N     74.614662991146   50.692344148904   33.072053570717
              H     73.696692466753   49.922286714063   31.586393808790
              H     75.334283677047   55.756047664799   33.072053570717
              H     75.555665162800   55.975651162412   33.536250528649
              H     72.961742910347   51.646649378758   33.072053570717
$End
$SCF_Mulliken_Population_Analysis
   &GeometryIndex 1
   &NAtoms [&Type "Integer"] 28
   &ATNO [&Type "ArrayOfIntegers", &Dim (28,1)] 
                                                         0

0                                                        7
1                                                        5
2                                                        7
3                                                        5
4                                                        7
5                                                        5
6                                                        7
7                                                        1
8                                                        1
9                                                        1
10                                                       1
11                                                       5
12                                                       5
13                                                       7
14                                                       1
15                                                       1
16                                                       1
17                                                       1
18                                                       1
19                                                       1
20                                                       1
21                                                       7
22                                                       5
23                                                       7
24                                                       1
25                                                       1
26                                                       1
27                                                       1
   &AtomicCharges [&Type "ArrayOfDoubles", &Dim (28,1)] 
                                                         0

0                                     -4.4858062487963757e-01
1                                      1.8986584897134229e-01
2                                     -1.7308179121885736e-01
3                                     -3.4873916487354606e-03
4                                     -1.4705866757105124e-01
5                                      8.5439109680818248e-02
6                                     -3.5303826081501022e-01
7                                      2.4514250673531635e-02
8                                      2.0868604396824020e-01
9                                     -2.1755662852539714e-02
10                                     2.0607661713216652e-01
11                                    -1.4741768328350879e-01
12                                    -7.4052559503565263e-02
13                                     4.8254801752315224e-02
14                                     3.6224419447428158e-03
15                                    -3.4180692558521297e-02
16                                    -6.6396273979701714e-02
17                                    -8.9436359803203302e-03
18                                     2.2905419507803271e-01
19                                     2.6008813445506829e-01
20                                     2.2234108995247981e-01
21                                    -3.5762445068736071e-01
22                                     1.5406387716730929e-01
23                                    -5.1524379178288271e-01
24                                     2.2918448886732179e-01
25                                     1.4053931739740921e-01
26                                     1.5525523137124830e-01
27                                     1.9387603834997746e-01
   &Method [&Type "String"] "SCF"
   &Level [&Type "String"] "Relaxed density"
   &Mult [&Type "Integer"] 1
   &State [&Type "Integer"] -1
   &Irrep [&Type "Integer"] 0
$End
$SCF_Loewdin_Population_Analysis
   &GeometryIndex 1
   &NAtoms [&Type "Integer"] 28
   &ATNO [&Type "ArrayOfIntegers", &Dim (28,1)] 
                                                         0

0                                                        7
1                                                        5
2                                                        7
3                                                        5
4                                                        7
5                                                        5
6                                                        7
7                                                        1
8                                                        1
9                                                        1
10                                                       1
11                                                       5
12                                                       5
13                                                       7
14                                                       1
15                                                       1
16                                                       1
17                                                       1
18                                                       1
19                                                       1
20                                                       1
21                                                       7
22                                                       5
23                                                       7
24                                                       1
25                                                       1
26                                                       1
27                                                       1
   &AtomicCharges [&Type "ArrayOfDoubles", &Dim (28,1)] 
                                                         0

0                                      5.2675369112047399e-02
1                                     -7.8831530659742821e-01
2                                      4.8240726926144273e-01
3                                     -4.0147358978316294e-01
4                                      3.6116264666124387e-01
5                                     -7.0268564765580788e-01
6                                      2.6652777863579136e-01
7                                      6.3875821917228848e-02
8                                      2.4344715636295777e-01
9                                      7.0818811070076371e-02
10                                     1.8263272826612886e-01
11                                    -3.2529604848397220e-01
12                                    -7.0962900765762971e-01
13                                     4.2328721231157918e-01
14                                     6.3608823349019294e-02
15                                     5.9417541461553869e-02
16                                     9.2850921294636457e-02
17                                     4.4666873458657497e-02
18                                     1.7407909604619254e-01
19                                     1.8074340882753015e-01
20                                     2.7753414118849717e-01
21                                     1.4893706965069420e-02
22                                    -8.7264250759735607e-01
23                                     2.6534182709454512e-02
24                                     1.8368690107425301e-01
25                                     1.8045687594498239e-01
26                                     1.7821137011213706e-01
27                                     1.7652347174517913e-01
   &Method [&Type "String"] "SCF"
   &Level [&Type "String"] "Relaxed density"
   &Mult [&Type "Integer"] 1
   &State [&Type "Integer"] -1
   &Irrep [&Type "Integer"] 0
$End
$SCF_Mayer_Population_Analysis
   &GeometryIndex 1
   &NAtoms [&Type "Integer"] 28 "Total number of atoms"
   &NBondOrdersPrint [&Type "Integer"] 32 "The number of bond orders larger than threshold"
   &bondThresh [&Type "Double"]       1.0000000000000001e-01  "The threshold for printing"
   &components [&Type "ArrayOfIntegers", &Dim (32,4)] "The indices and atomic numbers of the bonding atoms"
                                                         0                           1                           2                           3

0                                                        0                           7                           1                           5
1                                                        0                           7                          18                           1
2                                                        0                           7                          19                           1
3                                                        1                           5                           2                           7
4                                                        1                           5                           6                           7
5                                                        2                           7                           5                           5
6                                                        2                           7                          20                           1
7                                                        2                           7                          22                           5
8                                                        3                           5                           4                           7
9                                                        3                           5                           7                           1
10                                                       3                           5                          11                           5
11                                                       3                           5                          13                           7
12                                                       4                           7                           5                           5
13                                                       4                           7                           8                           1
14                                                       4                           7                          12                           5
15                                                       5                           5                           6                           7
16                                                       5                           5                           9                           1
17                                                       6                           7                          10                           1
18                                                      11                           5                          13                           7
19                                                      11                           5                          14                           1
20                                                      11                           5                          17                           1
21                                                      12                           5                          13                           7
22                                                      12                           5                          15                           1
23                                                      12                           5                          16                           1
24                                                      13                           7                          23                           7
25                                                      21                           7                          22                           5
26                                                      21                           7                          25                           1
27                                                      21                           7                          26                           1
28                                                      22                           5                          23                           7
29                                                      23                           7                          24                           1
30                                                      23                           7                          27                           1
31                                                      25                           1                          26                           1
   &BondOrders [&Type "ArrayOfDoubles", &Dim (32,1)] "The bond orders"
                                                         0

0                                      1.3539538572710339e+00
1                                      9.1779347603744355e-01
2                                      8.8921228285645892e-01
3                                      8.1515797367908305e-01
4                                      1.4495138391516977e+00
5                                      7.1943866420675462e-01
6                                      8.3831716742736628e-01
7                                      1.0024018981950826e+00
8                                      9.1331075662039685e-01
9                                      9.7549190936650088e-01
10                                     1.0266540097087920e-01
11                                     1.3939519109380547e+00
12                                     8.4602733489743653e-01
13                                     8.9336926326715971e-01
14                                     7.2771857744520840e-01
15                                     9.4408666092475368e-01
16                                     9.8918481198612662e-01
17                                     9.2284091331806362e-01
18                                     1.3141446527761471e+00
19                                     1.0005161647741108e+00
20                                     9.8311373189454287e-01
21                                     8.2710453934476824e-01
22                                     9.5953860302232030e-01
23                                     9.4235464039357331e-01
24                                    -1.1624822259125109e-01
25                                     1.3784100602981515e+00
26                                     4.1392928746208402e-01
27                                     4.8470613999224499e-01
28                                     1.2656960421441430e+00
29                                     8.9844188059398999e-01
30                                     9.2145499717868706e-01
31                                     5.3210060071123089e-01
   &ATNO [&Type "ArrayOfIntegers", &Dim (28,1)] "Atomic number of the elements"
                                                         0

0                                                        7
1                                                        5
2                                                        7
3                                                        5
4                                                        7
5                                                        5
6                                                        7
7                                                        1
8                                                        1
9                                                        1
10                                                       1
11                                                       5
12                                                       5
13                                                       7
14                                                       1
15                                                       1
16                                                       1
17                                                       1
18                                                       1
19                                                       1
20                                                       1
21                                                       7
22                                                       5
23                                                       7
24                                                       1
25                                                       1
26                                                       1
27                                                       1
   &NA [&Type "ArrayOfDoubles", &Dim (28,1)] "Mulliken gross atomic population"
                                                         0

0                                      7.4485806248796376e+00
1                                      4.8101341510286488e+00
2                                      7.1730817912188378e+00
3                                      5.0034873916487479e+00
4                                      7.1470586675710557e+00
5                                      4.9145608903191862e+00
6                                      7.3530382608150031e+00
7                                      9.7548574932646837e-01
8                                      7.9131395603175969e-01
9                                      1.0217556628525397e+00
10                                     7.9392338286783382e-01
11                                     5.1474176832834990e+00
12                                     5.0740525595035635e+00
13                                     6.9517451982476928e+00
14                                     9.9637755805525796e-01
15                                     1.0341806925585215e+00
16                                     1.0663962739797010e+00
17                                     1.0089436359803206e+00
18                                     7.7094580492196740e-01
19                                     7.3991186554493182e-01
20                                     7.7765891004751952e-01
21                                     7.3576244506873678e+00
22                                     4.8459361228326916e+00
23                                     7.5152437917828792e+00
24                                     7.7081551113267754e-01
25                                     8.5946068260259112e-01
26                                     8.4474476862875114e-01
27                                     8.0612396165002242e-01
   &ZA [&Type "ArrayOfDoubles", &Dim (28,1)] "Total nuclear charge"
                                                         0

0                                      7.0000000000000000e+00
1                                      5.0000000000000000e+00
2                                      7.0000000000000000e+00
3                                      5.0000000000000000e+00
4                                      7.0000000000000000e+00
5                                      5.0000000000000000e+00
6                                      7.0000000000000000e+00
7                                      1.0000000000000000e+00
8                                      1.0000000000000000e+00
9                                      1.0000000000000000e+00
10                                     1.0000000000000000e+00
11                                     5.0000000000000000e+00
12                                     5.0000000000000000e+00
13                                     7.0000000000000000e+00
14                                     1.0000000000000000e+00
15                                     1.0000000000000000e+00
16                                     1.0000000000000000e+00
17                                     1.0000000000000000e+00
18                                     1.0000000000000000e+00
19                                     1.0000000000000000e+00
20                                     1.0000000000000000e+00
21                                     7.0000000000000000e+00
22                                     5.0000000000000000e+00
23                                     7.0000000000000000e+00
24                                     1.0000000000000000e+00
25                                     1.0000000000000000e+00
26                                     1.0000000000000000e+00
27                                     1.0000000000000000e+00
   &QA [&Type "ArrayOfDoubles", &Dim (28,1)] "Mulliken gross atomic charge"
                                                         0

0                                     -4.4858062487963757e-01
1                                      1.8986584897135117e-01
2                                     -1.7308179121883782e-01
3                                     -3.4873916487478951e-03
4                                     -1.4705866757105568e-01
5                                      8.5439109680813807e-02
6                                     -3.5303826081500311e-01
7                                      2.4514250673531635e-02
8                                      2.0868604396824031e-01
9                                     -2.1755662852539714e-02
10                                     2.0607661713216618e-01
11                                    -1.4741768328349902e-01
12                                    -7.4052559503563486e-02
13                                     4.8254801752307230e-02
14                                     3.6224419447420386e-03
15                                    -3.4180692558521519e-02
16                                    -6.6396273979701048e-02
17                                    -8.9436359803205523e-03
18                                     2.2905419507803260e-01
19                                     2.6008813445506818e-01
20                                     2.2234108995248048e-01
21                                    -3.5762445068736781e-01
22                                     1.5406387716730841e-01
23                                    -5.1524379178287916e-01
24                                     2.2918448886732246e-01
25                                     1.4053931739740888e-01
26                                     1.5525523137124886e-01
27                                     1.9387603834997758e-01
   &VA [&Type "ArrayOfDoubles", &Dim (28,1)] "Mayer's total valence"
                                                         0

0                                      3.1259340040361963e+00
1                                      3.8334846361422148e+00
2                                      3.3805066681102973e+00
3                                      3.6003517095064232e+00
4                                      3.2750875507363730e+00
5                                      3.6700114347284623e+00
6                                      3.3258263160761077e+00
7                                      9.7582823975237065e-01
8                                      9.4715400305143305e-01
9                                      9.7529203673432341e-01
10                                     9.6349802926950745e-01
11                                     3.4844125000614374e+00
12                                     3.6649549922243962e+00
13                                     3.4074792619229664e+00
14                                     9.7695046795605178e-01
15                                     9.6432941284836105e-01
16                                     9.7790708944392413e-01
17                                     9.7391984328390269e-01
18                                     9.5295408384551028e-01
19                                     9.4105670450755097e-01
20                                     9.3592784467949142e-01
21                                     2.2411163103563982e+00
22                                     3.9385427906375359e+00
23                                     2.9609064966865617e+00
24                                     9.5121228379270073e-01
25                                     9.5737118518945097e-01
26                                     1.0453856648433719e+00
27                                     9.6661646818582825e-01
   &BVA [&Type "ArrayOfDoubles", &Dim (28,1)] "Mayer's bonded valence"
                                                         0

0                                      3.1259340040360009e+00
1                                      3.8334846361421757e+00
2                                      3.3805066681102272e+00
3                                      3.6003517095064241e+00
4                                      3.2750875507363206e+00
5                                      3.6700114347284112e+00
6                                      3.3258263160761459e+00
7                                      9.7582823975238320e-01
8                                      9.4715400305142139e-01
9                                      9.7529203673431686e-01
10                                     9.6349802926950678e-01
11                                     3.4844125000614508e+00
12                                     3.6649549922243776e+00
13                                     3.4074792619229548e+00
14                                     9.7695046795606688e-01
15                                     9.6432941284834861e-01
16                                     9.7790708944389970e-01
17                                     9.7391984328389047e-01
18                                     9.5295408384549607e-01
19                                     9.4105670450753942e-01
20                                     9.3592784467948142e-01
21                                     2.2411163103563059e+00
22                                     3.9385427906374586e+00
23                                     2.9609064966865786e+00
24                                     9.5121228379270428e-01
25                                     9.5737118518945652e-01
26                                     1.0453856648433744e+00
27                                     9.6661646818582247e-01
   &FA [&Type "ArrayOfDoubles", &Dim (28,1)] "Mayer's free valence"
                                                         0

0                                      0.0000000000000000e+00
1                                      0.0000000000000000e+00
2                                      0.0000000000000000e+00
3                                      0.0000000000000000e+00
4                                      0.0000000000000000e+00
5                                      0.0000000000000000e+00
6                                      0.0000000000000000e+00
7                                      0.0000000000000000e+00
8                                      0.0000000000000000e+00
9                                      0.0000000000000000e+00
10                                     0.0000000000000000e+00
11                                     0.0000000000000000e+00
12                                     0.0000000000000000e+00
13                                     0.0000000000000000e+00
14                                     0.0000000000000000e+00
15                                     0.0000000000000000e+00
16                                     0.0000000000000000e+00
17                                     0.0000000000000000e+00
18                                     0.0000000000000000e+00
19                                     0.0000000000000000e+00
20                                     0.0000000000000000e+00
21                                     0.0000000000000000e+00
22                                     0.0000000000000000e+00
23                                     0.0000000000000000e+00
24                                     0.0000000000000000e+00
25                                     0.0000000000000000e+00
26                                     0.0000000000000000e+00
27                                     0.0000000000000000e+00
   &Method [&Type "String"] "SCF"
   &Level [&Type "String"] "Relaxed density"
   &Mult [&Type "Integer"] 1
   &State [&Type "Integer"] -1
   &Irrep [&Type "Integer"] 0
$End
$SCF_Energy
   &GeometryIndex 1
   &Method [&Type "String"] "SCF"
   &totalEnergy [&Type "ArrayOfDoubles", &Dim (1,1)] "Total energy of each state"
                                                         0

0                                     -5.4044132644927140e+02
   &Mult [&Type "ArrayOfIntegers", &Dim (1,1)] "Multiplicity of each state"
                                                         0

0                                                        1
$End
$DFT_Energy
   &GeometryIndex 1
   &nAlphaEl [&Type "Integer"] 47
   &nBetaEl [&Type "Integer"] 47
   &nTotalEl [&Type "Integer"] 94
   &finalEn [&Type "Double"]      -5.4044132644927140e+02  "No Van der Waals correction"
   &eExchange [&Type "Double"]      -5.6383366506013118e+01
   &eCorr [&Type "Double"]      -3.0674625366943320e+00
   &eXC [&Type "Double"]      -5.9450829042707447e+01
   &eCNL [&Type "Double"]       0.0000000000000000e+00
$End
$SCF_Timings
   &GeometryIndex 1
   &TOTAL [&Type "Double"]       2.9215802100000002e+02
   &PREP [&Type "Double"]       3.7276999999999999e-01
   &FOCK [&Type "Double"]       2.7815068099999996e+02
   &DENS [&Type "Double"]       2.0182400000001621e-01
   &ETOT [&Type "Double"]       8.9185000000078674e-02
   &POP [&Type "Double"]       6.5809000000001561e-02
   &TRAFO [&Type "Double"]       1.7216200000002146e-01
   &DIIS [&Type "Double"]       8.6455899999998564e-01
   &SOSCF [&Type "Double"]       5.1600299999996935e-01
   &XC [&Type "Double"]       4.5657753000000056e+01
   &FOCKSTART [&Type "Double"]       2.4474999999990976e-02
   &INT_BF [&Type "Double"]       1.3557264000000291e+01
   &INT_DENS [&Type "Double"]       1.3112303000000985e+01
   &INT_DENSIO [&Type "Double"]       2.3656410575609957e+06
   &INT_FUNC [&Type "Double"]       4.8687299999961198e-01
   &INT_POT [&Type "Double"]       1.4953246999999951e+01
   &INT_POTIO [&Type "Double"]       1.7937300000021850e-01
   &INT_SUM [&Type "Double"]       2.6300000001810986e-04
   &SPLITRIJ [&Type "Double"]       1.0804831000000000e+01
   &COSX [&Type "Double"]       2.3338340800000000e+02
$End
$VdW_Correction
   &GeometryIndex 1
   &vdW [&Type "Double"]      -2.8894105736262929e-02
$End
$Single_Point_Data
   &GeometryIndex 1
   &FinalEnergy [&Type "Double"]      -5.4047022055500770e+02  "Final single point energy"
   &Converged [&Type "Boolean"] true
$End
$SCF_Nuc_Gradient
   &GeometryIndex 1
   &NAtoms [&Type "Integer"] 28
   &gradNorm [&Type "Double"]       3.4388584146859760e+00
   &grad [&Type "ArrayOfDoubles", &Dim (84,1)] 
                                                         0

0                                     -3.0558255313974887e-02
1                                      8.0354691230034511e-03
2                                     -8.8679782223222790e-03
3                                     -1.4873500678200764e-02
4                                     -7.0047403141981013e-03
5                                      6.9199203632556040e-03
6                                      1.9805745200290551e-02
7                                     -2.5842477084520827e-02
8                                      3.3273227349861635e-02
9                                      1.5007748853423568e-03
10                                    -4.1798784596974595e-03
11                                    -1.6982137982603084e-03
12                                    -1.8346950792713643e-03
13                                     1.0895947207227623e-04
14                                     1.3988912756810090e-03
15                                     7.9169680718600595e-03
16                                     4.4772103228261813e-03
17                                    -1.1783723269178743e-02
18                                     3.4607390752261391e-03
19                                     2.6353837219981482e-03
20                                     1.1844511591351979e-03
21                                     3.9703986756601284e-05
22                                     4.7858602155714060e-04
23                                     5.7733983623190887e-04
24                                     2.1344213662191981e-05
25                                    -2.5243840593552300e-05
26                                    -1.8103617569781137e-04
27                                     1.0473749506695474e-03
28                                    -1.1280713509755139e-03
29                                     1.3462944802641774e-03
30                                     6.9716743642787024e-04
31                                     5.0744450437374515e-04
32                                     8.5597428946175005e-04
33                                     7.1986742322946808e-04
34                                     1.1899495636138095e-02
35                                     1.3121245802608976e-02
36                                    -1.8928307593248695e-02
37                                    -1.8760091343673981e-02
38                                    -1.7327635468012147e-02
39                                     3.1377037431834249e-03
40                                     8.6272278532887846e-03
41                                    -1.3566629182446506e-02
42                                     5.8315991277761053e-04
43                                    -6.6171297763212061e-04
44                                    -3.4416289946818696e-04
45                                    -2.5401415668164650e-04
46                                     9.3338029985795437e-04
47                                    -8.7780040363485187e-04
48                                    -1.6242776087896423e-03
49                                     1.1634933146112371e-03
50                                    -1.6109982044301011e-03
51                                     1.1959202584005853e-03
52                                     7.7310118582629790e-06
53                                     4.1500985097425784e-04
54                                    -1.6068641757934134e-03
55                                     1.9937441771869886e-03
56                                    -1.1196442700112188e-03
57                                     2.0356504680766604e-04
58                                    -3.3069792137639128e-04
59                                    -4.1864257379765103e-03
60                                    -3.0696366044971588e-02
61                                     1.6669227355422398e-02
62                                     2.5040825364991338e-02
63                                    -1.1084980511567756e-01
64                                     3.2090948526873220e-02
65                                     7.8749099365077561e-03
66                                     9.2425587333479636e-02
67                                    -1.6515980815501013e-02
68                                    -3.9336459852394617e-02
69                                     2.7336846202903057e-02
70                                    -3.9238788440368174e-03
71                                     2.9691035694308265e-02
72                                    -3.5957989758851901e-02
73                                     3.9441397255016358e-02
74                                     2.0245384476818121e-02
75                                     1.0085188777327418e+00
76                                     9.4211614693274870e-01
77                                     2.0124333180358849e+00
78                                    -9.1972637704684546e-01
79                                    -9.5565542876195542e-01
80                                    -2.0182688492103060e+00
81                                    -1.7008930134943675e-03
82                                    -3.7157643842927475e-02
83                                    -3.5208271192182908e-02
   &Method [&Type "String"] "SCF"
   &Level [&Type "String"] "Relaxed density"
   &Mult [&Type "Integer"] 1
   &State [&Type "Integer"] 0
   &Irrep [&Type "Integer"] 0
$End
$Geometry
   &GeometryIndex 2
   &NAtoms [&Type "Integer"] 28
   &NCorelessECP [&Type "Integer"] 0
   &NGhostAtoms [&Type "Integer"] 0
   &CartesianCoordinates [&Type "Coordinates", &Dim(28,4), &Units "Bohr"] 
              N     81.732317514199   54.801760924015   33.072053575750
              B     81.467607637704   52.343016073040   34.062824521840
              N     79.359776812444   50.692363004780   33.072053485988
              B     76.292617414723   45.777060666486   34.991361726158
              N     78.819373211859   46.871659724365   35.964481143616
              B     80.810138476534   48.413888028288   34.391650473952
              N     82.478033966003   50.480463950246   35.641220901642
              H     76.023299329507   44.344493515658   33.263013595722
              H     79.765450188745   45.487640298046   36.904651677522
              H     81.878511862596   47.056324379113   32.888099119770
              H     84.029937181506   50.395492434556   36.723780620412
              B     72.244230055880   47.337639877275   37.794522534509
              B     76.874059159876   48.320296920565   37.794523110038
              N     74.622122137785   46.964788712547   36.656139457119
              H     72.063588461566   48.904238105387   39.420260559748
              H     77.287299333010   47.896015689780   40.007510445409
              H     76.887798998067   50.597786296869   37.372571109706
              H     70.429020080092   46.123576037166   37.165258420033
              H     83.070826866465   56.035191138103   33.609319402999
              H     80.380091372845   55.567336436632   31.986266882844
              H     79.030513401653   50.609163460352   31.189196362679
              N     76.985069156008   54.798795206719   33.075326691341
              B     76.979323128548   52.061714560164   33.073122184053
              N     74.609201936046   50.691074627398   33.066761435627
              H     73.701664722924   49.920087355852   31.571972470876
              H     75.261730421480   55.683879668355   32.975531958125
              H     75.567224180041   56.002957453516   33.624857873905
              H     72.958379764397   51.654942716768   33.069180388148
$End
$SCF_Energy
   &GeometryIndex 2
   &Method [&Type "String"] "SCF"
   &totalEnergy [&Type "ArrayOfDoubles", &Dim (1,1)] "Total energy of each state"
                                                         0

0                                     -5.4079959606021066e+02
   &Mult [&Type "ArrayOfIntegers", &Dim (1,1)] "Multiplicity of each state"
                                                         0

0                                                        1
$End
$DFT_Energy
   &GeometryIndex 2
   &nAlphaEl [&Type "Integer"] 47
   &nBetaEl [&Type "Integer"] 47
   &nTotalEl [&Type "Integer"] 94
   &finalEn [&Type "Double"]      -5.4079959606021066e+02  "No Van der Waals correction"
   &eExchange [&Type "Double"]      -5.6342930878758814e+01
   &eCorr [&Type "Double"]      -3.0694759978663968e+00
   &eXC [&Type "Double"]      -5.9412406876625212e+01
   &eCNL [&Type "Double"]       0.0000000000000000e+00
$End
$SCF_Timings
   &GeometryIndex 2
   &TOTAL [&Type "Double"]       2.0422315399999999e+02
   &PREP [&Type "Double"]       3.7792800000000004e-01
   &FOCK [&Type "Double"]       1.9076620900000003e+02
   &DENS [&Type "Double"]       1.1142299999997363e-01
   &ETOT [&Type "Double"]       6.3575999999983424e-02
   &TRAFO [&Type "Double"]       1.7962600000000606e-01
   &DIIS [&Type "Double"]       6.7894599999998562e-01
   &SOSCF [&Type "Double"]       3.0927499999998531e-01
   &XC [&Type "Double"]       3.0408590999999980e+01
   &FOCKSTART [&Type "Double"]       2.1090999999981874e-02
   &INT_PREP [&Type "Double"]       5.9999999848514562e-06
   &INT_BF [&Type "Double"]       9.6879020000002676e+00
   &INT_DENS [&Type "Double"]       9.3382130000006427e+00
   &INT_DENSIO [&Type "Double"]       1.0988358581219981e+06
   &INT_FUNC [&Type "Double"]       3.4192299999895681e-01
   &INT_POT [&Type "Double"]       9.1531570000021816e+00
   &INT_POTIO [&Type "Double"]       1.2293099999904555e-01
   &INT_SUM [&Type "Double"]       2.1199999997278951e-04
   &SPLITRIJ [&Type "Double"]       7.4467930000000315e+00
   &COSX [&Type "Double"]       1.6465872899999999e+02
$End
$VdW_Correction
   &GeometryIndex 2
   &vdW [&Type "Double"]      -2.8889025252222228e-02
$End
$Single_Point_Data
   &GeometryIndex 2
   &FinalEnergy [&Type "Double"]      -5.4082848508546283e+02  "Final single point energy"
   &Converged [&Type "Boolean"] true
$End
$SCF_Nuc_Gradient
   &GeometryIndex 2
   &NAtoms [&Type "Integer"] 28
   &gradNorm [&Type "Double"]       1.3930499027508454e+00
   &grad [&Type "ArrayOfDoubles", &Dim (84,1)] 
                                                         0

0                                     -3.0519199238240573e-02
1                                      7.6689712094174939e-03
2                                     -9.0433131060516959e-03
3                                     -1.4252271942843875e-02
4                                     -6.7816860784898226e-03
5                                      7.1335041418434490e-03
6                                      2.0974414853296826e-02
7                                     -2.5137061189037118e-02
8                                      3.2591011820574445e-02
9                                      1.3647392452499052e-03
10                                    -4.1700822072227167e-03
11                                    -1.6915994523991145e-03
12                                    -1.7160180732299368e-03
13                                     2.0394233109857172e-04
14                                     1.2848032213580640e-03
15                                     8.0922044364410591e-03
16                                     4.1702333743588848e-03
17                                    -1.1270514377335604e-02
18                                     3.3738733259035263e-03
19                                     2.6572703551405287e-03
20                                     1.0743596201670312e-03
21                                     5.4254575371995944e-05
22                                     4.8113474107439942e-04
23                                     5.7872605705336280e-04
24                                     3.3368652065530799e-05
25                                    -1.8345034471107258e-05
26                                    -1.9113633211608052e-04
27                                     9.8127427675188277e-04
28                                    -1.0313816872395039e-03
29                                     1.2875091635282496e-03
30                                     6.8813352487411483e-04
31                                     5.0710075734492139e-04
32                                     8.5132569778827063e-04
33                                     7.0865066518463753e-04
34                                     1.1907876815624005e-02
35                                     1.3154224341258548e-02
36                                    -1.8979073962678530e-02
37                                    -1.8674020192459374e-02
38                                    -1.7263069365404875e-02
39                                     3.2077955536368562e-03
40                                     8.5305454543225627e-03
41                                    -1.3551561300912897e-02
42                                     5.8599746371939361e-04
43                                    -6.7091867113798574e-04
44                                    -3.4843432284428305e-04
45                                    -2.3971299291453634e-04
46                                     9.1280773804694546e-04
47                                    -8.8668072616221655e-04
48                                    -1.5866942072885527e-03
49                                     1.0993297694427389e-03
50                                    -1.5627425102766226e-03
51                                     1.1981727720808289e-03
52                                     8.1052461789884539e-06
53                                     4.0791602928949566e-04
54                                    -1.6631032543680245e-03
55                                     2.0130402181796512e-03
56                                    -1.1036088761991749e-03
57                                     3.0072238092446343e-04
58                                    -2.0477662659698978e-04
59                                    -4.1579305687325444e-03
60                                    -3.0590840403170727e-02
61                                     1.6431298451283386e-02
62                                     2.4877385895317690e-02
63                                    -8.2490461666070783e-02
64                                     1.7817981043173368e-02
65                                     5.1002181450972763e-03
66                                     8.5644010973859763e-02
67                                    -1.4838237213480054e-02
68                                    -4.0143146146256393e-02
69                                     2.8762081510108450e-02
70                                    -4.4447352807076013e-03
71                                     3.1207307279637546e-02
72                                    -3.5824258962193073e-02
73                                     3.8331230486398103e-02
74                                     1.8498395398553340e-02
75                                     4.1712238009865732e-01
76                                     3.8979404390696326e-01
77                                     8.0705724570335724e-01
78                                    -3.5233928253236602e-01
79                                    -3.9133111320958264e-01
80                                    -8.0941135259414010e-01
81                                    -2.8911571506444783e-03
82                                    -3.5232554575091654e-02
83                                    -3.4478842850487697e-02
   &Method [&Type "String"] "SCF"
   &Level [&Type "String"] "Relaxed density"
   &Mult [&Type "Integer"] 1
   &State [&Type "Integer"] 0
   &Irrep [&Type "Integer"] 0
$End
$Geometry
   &GeometryIndex 3
   &NAtoms [&Type "Integer"] 28
   &NCorelessECP [&Type "Integer"] 0
   &NGhostAtoms [&Type "Integer"] 0
   &CartesianCoordinates [&Type "Coordinates", &Dim(28,4), &Units "Bohr"] 
              N     81.732317624152   54.801760836827   33.072053439608
              B     81.467607422949   52.343016183928   34.062824867447
              N     79.359776729681   50.692362952046   33.072053465698
              B     76.292617424871   45.777060586248   34.991361680271
              N     78.819373241240   46.871659892174   35.964481332529
              B     80.810138613717   48.413888025491   34.391650322815
              N     82.478034187970   50.480463838835   35.641220679672
              H     76.023299318116   44.344493530042   33.263013598338
              H     79.765450158685   45.487640246625   36.904651623737
              H     81.878511844961   47.056324386029   32.888099159386
              H     84.029937099080   50.395492461716   36.723780715165
              B     72.244230053859   47.337639878318   37.794522536255
              B     76.874059116950   48.320296902132   37.794523049197
              N     74.622122135836   46.964788721155   36.656139476576
              H     72.063588461148   48.904238104104   39.420260562385
              H     77.287299343771   47.896015689091   40.007510451523
              H     76.887799002611   50.597786297461   37.372571115594
              H     70.429020079761   46.123576037125   37.165258420105
              H     83.070826805202   56.035191177738   33.609319425496
              H     80.380091454395   55.567336440020   31.986266842101
              H     79.030513344102   50.609163486164   31.189196363559
              N     76.943024775200   54.764111935097   33.103605661240
              B     76.915440080846   52.041097980629   33.079606245290
              N     74.575455871235   50.645056714304   32.979282196790
              H     73.794564383202   49.846035093784   31.408040362309
              H     75.069965823146   55.527277665317   32.922551884245
              H     75.400731269634   55.929062473045   33.704426734075
              H     72.933888565539   51.662533275394   33.005359512717
$End
$SCF_Energy
   &GeometryIndex 3
   &Method [&Type "String"] "SCF"
   &totalEnergy [&Type "ArrayOfDoubles", &Dim (1,1)] "Total energy of each state"
                                                         0

0                                     -5.4093546433395522e+02
   &Mult [&Type "ArrayOfIntegers", &Dim (1,1)] "Multiplicity of each state"
                                                         0

0                                                        1
$End
$DFT_Energy
   &GeometryIndex 3
   &nAlphaEl [&Type "Integer"] 47
   &nBetaEl [&Type "Integer"] 47
   &nTotalEl [&Type "Integer"] 94
   &finalEn [&Type "Double"]      -5.4093546433395522e+02  "No Van der Waals correction"
   &eExchange [&Type "Double"]      -5.6300490553222588e+01
   &eCorr [&Type "Double"]      -3.0679078832461975e+00
   &eXC [&Type "Double"]      -5.9368398436468787e+01
   &eCNL [&Type "Double"]       0.0000000000000000e+00
$End
$SCF_Timings
   &GeometryIndex 3
   &TOTAL [&Type "Double"]       2.3939775200000000e+02
   &PREP [&Type "Double"]       3.9547399999999999e-01
   &FOCK [&Type "Double"]       2.2597693599999997e+02
   &DENS [&Type "Double"]       1.3781500000004598e-01
   &ETOT [&Type "Double"]       6.9701999999974618e-02
   &POP [&Type "Double"]       9.9999999747524271e-07
   &TRAFO [&Type "Double"]       1.7622400000001193e-01
   &DIIS [&Type "Double"]       7.0436600000000027e-01
   &SOSCF [&Type "Double"]       4.0660800000000563e-01
   &XC [&Type "Double"]       3.5814744999999981e+01
   &FOCKSTART [&Type "Double"]       2.0451999999961890e-02
   &INT_PREP [&Type "Double"]       1.9999999949504854e-06
   &INT_BF [&Type "Double"]       1.2041478000000062e+01
   &INT_DENS [&Type "Double"]       1.1325752000001174e+01
   &INT_DENSIO [&Type "Double"]       1.6096498131959978e+06
   &INT_FUNC [&Type "Double"]       4.1712200000013056e-01
   &INT_POT [&Type "Double"]       1.0362869000000035e+01
   &INT_POTIO [&Type "Double"]       1.5393400000022339e-01
   &INT_SUM [&Type "Double"]       2.7800000000155478e-04
   &SPLITRIJ [&Type "Double"]       8.8219080000000361e+00
   &COSX [&Type "Double"]       1.9284463800000006e+02
$End
$VdW_Correction
   &GeometryIndex 3
   &vdW [&Type "Double"]      -2.8853773346317602e-02
$End
$Single_Point_Data
   &GeometryIndex 3
   &FinalEnergy [&Type "Double"]      -5.4096431810730155e+02  "Final single point energy"
   &Converged [&Type "Boolean"] true
$End
$SCF_Nuc_Gradient
   &GeometryIndex 3
   &NAtoms [&Type "Integer"] 28
   &gradNorm [&Type "Double"]       8.1062311608300608e-01
   &grad [&Type "ArrayOfDoubles", &Dim (84,1)] 
                                                         0

0                                     -2.8079659155181690e-02
1                                      6.9356916471797724e-03
2                                     -9.0435951798305842e-03
3                                     -1.1244591742874279e-02
4                                     -5.6623433753854478e-03
5                                      7.2107245672504696e-03
6                                      3.0871921185976443e-02
7                                     -2.7588182439361550e-02
8                                      3.2156107915558861e-02
9                                      1.1822321617137874e-03
10                                    -4.1306983016234236e-03
11                                    -1.6616290222810288e-03
12                                    -1.4433405226089411e-03
13                                     3.5590483241894089e-04
14                                     9.3919589381585172e-04
15                                     8.6013902564934380e-03
16                                     3.4428436118402387e-03
17                                    -1.0323635979803994e-02
18                                     3.0431382576794454e-03
19                                     2.5461476567222884e-03
20                                     8.7854066911699762e-04
21                                     6.9768902058865647e-05
22                                     4.9015754551013410e-04
23                                     5.7745499460876626e-04
24                                     6.9280116245905819e-05
25                                    -3.6267551825988235e-06
26                                    -2.4251691235940582e-04
27                                     8.5228125075720383e-04
28                                    -8.0986766699927908e-04
29                                     1.1867767017239336e-03
30                                     5.9284203023248741e-04
31                                     5.0253817436630467e-04
32                                     8.8715411680345766e-04
33                                     8.1611785534099280e-04
34                                     1.1992306238664640e-02
35                                     1.3297461174818465e-02
36                                    -1.8868998551882989e-02
37                                    -1.8034183111806379e-02
38                                    -1.6773380774776359e-02
39                                     3.2292457134105662e-03
40                                     8.2190811342096395e-03
41                                    -1.3514486179945563e-02
42                                     5.7644393003862819e-04
43                                    -7.2223594991410441e-04
44                                    -3.4938637036354238e-04
45                                    -2.1938790387469900e-04
46                                     6.6247073538352780e-04
47                                    -8.6176039570715936e-04
48                                    -1.2557458492509805e-03
49                                     5.1778572655243539e-04
50                                    -9.4808524434787807e-04
51                                     1.1560728973011376e-03
52                                     3.3569283147502688e-06
53                                     3.4533537420006265e-04
54                                    -1.3253177942294141e-03
55                                     1.7036932233744579e-03
56                                    -1.0623540146306454e-03
57                                     4.1163949547451493e-04
58                                    -3.0700217348108465e-04
59                                    -3.6822866531871085e-03
60                                    -3.0609480490136481e-02
61                                     1.5544107421496730e-02
62                                     2.3601387370428398e-02
63                                    -3.9004023782161980e-02
64                                    -8.7857150121243063e-03
65                                    -2.5739632299279355e-03
66                                     6.2293604640355736e-02
67                                    -4.0454096972412845e-03
68                                    -3.7351017222431296e-02
69                                     3.6968944139222547e-02
70                                    -7.5424883538713176e-03
71                                     3.5587914865705964e-02
72                                    -3.3629585755643621e-02
73                                     2.6996626678736167e-02
74                                     5.2914777382288497e-03
75                                     2.1479774098684290e-01
76                                     2.4359607181453824e-01
77                                     4.7311953963234615e-01
78                                    -1.9050308028601284e-01
79                                    -2.2599798037150962e-01
80                                    -4.6935945878756102e-01
81                                    -9.3494520602496484e-03
82                                    -1.9879050237340642e-02
83                                    -2.7331515054559104e-02
   &Method [&Type "String"] "SCF"
   &Level [&Type "String"] "Relaxed density"
   &Mult [&Type "Integer"] 1
   &State [&Type "Integer"] 0
   &Irrep [&Type "Integer"] 0
$End
$Geometry
   &GeometryIndex 4
   &NAtoms [&Type "Integer"] 28
   &NCorelessECP [&Type "Integer"] 0
   &NGhostAtoms [&Type "Integer"] 0
   &CartesianCoordinates [&Type "Coordinates", &Dim(28,4), &Units "Bohr"] 
              N     81.732317580690   54.801760855775   33.072053510884
              B     81.467607501391   52.343016159280   34.062824750440
              N     79.359776653852   50.692362945739   33.072053535373
              B     76.292617422952   45.777060560124   34.991361666749
              N     78.819373296450   46.871659929025   35.964481413853
              B     80.810138569791   48.413888040734   34.391650267474
              N     82.478034210594   50.480463828756   35.641220697985
              H     76.023299317476   44.344493534338   33.263013599814
              H     79.765450144236   45.487640230042   36.904651606682
              H     81.878511848601   47.056324384609   32.888099164580
              H     84.029937082550   50.395492466770   36.723780730472
              B     72.244230054164   47.337639876295   37.794522536407
              B     76.874059092174   48.320296895001   37.794523016953
              N     74.622122137027   46.964788731895   36.656139479974
              H     72.063588461441   48.904238103586   39.420260562977
              H     77.287299349885   47.896015691039   40.007510454011
              H     76.887799003714   50.597786298657   37.372571118767
              H     70.429020079576   46.123576037358   37.165258420066
              H     83.070826811220   56.035191175569   33.609319415645
              H     80.380091460132   55.567336439132   31.986266831764
              H     79.030513385142   50.609163489545   31.189196346589
              N     76.926196771695   54.726135396405   33.168324339286
              B     76.854482578817   52.010374030750   33.107669674580
              N     74.549757202241   50.577947491107   32.941072714128
              H     73.902333111083   49.772477573538   31.316593362418
              H     74.953971129618   55.362450800123   32.895918522701
              H     75.320710520082   55.849261076795   33.839469114129
              H     72.930068834420   51.625677737287   33.007611554948
$End
$SCF_Energy
   &GeometryIndex 4
   &Method [&Type "String"] "SCF"
   &totalEnergy [&Type "ArrayOfDoubles", &Dim (1,1)] "Total energy of each state"
                                                         0

0                                     -5.4102606555154421e+02
   &Mult [&Type "ArrayOfIntegers", &Dim (1,1)] "Multiplicity of each state"
                                                         0

0                                                        1
$End
$DFT_Energy
   &GeometryIndex 4
   &nAlphaEl [&Type "Integer"] 47
   &nBetaEl [&Type "Integer"] 47
   &nTotalEl [&Type "Integer"] 94
   &finalEn [&Type "Double"]      -5.4102606555154421e+02  "No Van der Waals correction"
   &eExchange [&Type "Double"]      -5.6271557035967454e+01
   &eCorr [&Type "Double"]      -3.0681057796043758e+00
   &eXC [&Type "Double"]      -5.9339662815571828e+01
   &eCNL [&Type "Double"]       0.0000000000000000e+00
$End
$SCF_Timings
   &GeometryIndex 4
   &TOTAL [&Type "Double"]       2.1083427400000002e+02
   &PREP [&Type "Double"]       3.7447500000000000e-01
   &FOCK [&Type "Double"]       1.9671115100000003e+02
   &DENS [&Type "Double"]       1.2460699999999747e-01
   &ETOT [&Type "Double"]       5.9368999999993122e-02
   &TRAFO [&Type "Double"]       1.6878899999997543e-01
   &DIIS [&Type "Double"]       6.8309299999998885e-01
   &SOSCF [&Type "Double"]       3.0463999999999203e-01
   &XC [&Type "Double"]       3.0906899999999990e+01
   &FOCKSTART [&Type "Double"]       1.7719999999983527e-02
   &INT_PREP [&Type "Double"]       3.9999999970063982e-06
   &INT_BF [&Type "Double"]       9.3018799999988282e+00
   &INT_DENS [&Type "Double"]       9.1497950000012978e+00
   &INT_DENSIO [&Type "Double"]       1.1368612319539983e+06
   &INT_FUNC [&Type "Double"]       3.4371499999952349e-01
   &INT_POT [&Type "Double"]       9.7408020000003575e+00
   &INT_POTIO [&Type "Double"]       1.2515199999979032e-01
   &INT_SUM [&Type "Double"]       1.8399999999729744e-04
   &SPLITRIJ [&Type "Double"]       7.3684100000000523e+00
   &COSX [&Type "Double"]       1.7085687300000001e+02
$End
$VdW_Correction
   &GeometryIndex 4
   &vdW [&Type "Double"]      -2.8904432861656539e-02
$End
$Single_Point_Data
   &GeometryIndex 4
   &FinalEnergy [&Type "Double"]      -5.4105496998440583e+02  "Final single point energy"
   &Converged [&Type "Boolean"] true
$End
$SCF_Nuc_Gradient
   &GeometryIndex 4
   &NAtoms [&Type "Integer"] 28
   &gradNorm [&Type "Double"]       4.5373848487298862e-01
   &grad [&Type "ArrayOfDoubles", &Dim (84,1)] 
                                                         0

0                                     -2.6955147463650672e-02
1                                      6.1268345481991990e-03
2                                     -8.9231835722915990e-03
3                                     -8.5936363482102575e-03
4                                     -4.9242800201701013e-03
5                                      7.4827721923095688e-03
6                                      3.7863937529435829e-02
7                                     -2.7006412991496011e-02
8                                      3.1239872444935576e-02
9                                      8.6302742147950271e-04
10                                    -4.0320971386043954e-03
11                                    -1.6809004533555464e-03
12                                    -1.0320030557363444e-03
13                                     5.4558439058338096e-04
14                                     5.8294527233623068e-04
15                                     8.9203918481471477e-03
16                                     2.5060137068575838e-03
17                                    -8.9889127009593096e-03
18                                     2.7428839800980372e-03
19                                     2.5471093862995753e-03
20                                     5.8429465263771260e-04
21                                     9.4032294148214897e-05
22                                     4.9152236354510980e-04
23                                     5.8237935562898465e-04
24                                     1.0327713809068321e-04
25                                     3.7518864070385611e-06
26                                    -2.8480386877443767e-04
27                                     6.9017995173121149e-04
28                                    -5.3156192808878481e-04
29                                     1.0402814319249477e-03
30                                     5.0787099738731532e-04
31                                     4.8984182629551701e-04
32                                     9.0845195858416637e-04
33                                     7.3336814233103550e-04
34                                     1.2263536502173291e-02
35                                     1.3334799148331886e-02
36                                    -1.8825530320789902e-02
37                                    -1.7201504929440128e-02
38                                    -1.6427670592699502e-02
39                                     3.4879037788303029e-03
40                                     8.2869610703991577e-03
41                                    -1.4205734597204941e-02
42                                     5.7461780584584549e-04
43                                    -8.0636211887857357e-04
44                                    -3.4306710255852728e-04
45                                    -1.8525767900739537e-04
46                                     3.9974588559814014e-04
47                                    -8.2391036423646149e-04
48                                    -1.0391369572188012e-03
49                                    -1.5550257924151856e-05
50                                    -5.0958099659694628e-04
51                                     1.1368280467556149e-03
52                                    -2.3590753737109310e-05
53                                     3.1294955711180789e-04
54                                    -1.2129652648635841e-03
55                                     1.5440580612827877e-03
56                                    -9.7297398778846845e-04
57                                     2.8214922249439811e-04
58                                    -1.1969814829288633e-04
59                                    -3.5226666277923349e-03
60                                    -3.0187313761500231e-02
61                                     1.4329196518455378e-02
62                                     2.2156048228112214e-02
63                                     4.1828846914326412e-04
64                                    -2.0135089567136853e-02
65                                    -5.4091586981094121e-03
66                                     3.8665754804573828e-02
67                                     3.5998351216928945e-03
68                                    -3.6733361213093396e-02
69                                     3.1466189764754161e-02
70                                    -1.2139103757456976e-02
71                                     3.4465123659686195e-02
72                                    -2.7182843597828136e-02
73                                     2.1188552725414232e-02
74                                     1.0985854476708689e-03
75                                     1.0057773055262059e-01
76                                     1.3856899458135524e-01
77                                     2.6500209803415120e-01
78                                    -1.0678940194625190e-01
79                                    -1.1468338962954949e-01
80                                    -2.5851553295846591e-01
81                                    -7.1251953431254221e-03
82                                    -1.1272897440446121e-02
83                                    -2.1449143697748405e-02
   &Method [&Type "String"] "SCF"
   &Level [&Type "String"] "Relaxed density"
   &Mult [&Type "Integer"] 1
   &State [&Type "Integer"] 0
   &Irrep [&Type "Integer"] 0
$End
$Geometry
   &GeometryIndex 5
   &NAtoms [&Type "Integer"] 28
   &NCorelessECP [&Type "Integer"] 0
   &NGhostAtoms [&Type "Integer"] 0
   &CartesianCoordinates [&Type "Coordinates", &Dim(28,4), &Units "Bohr"] 
              N     81.732317360341   54.801760976137   33.072053793531
              B     81.467607904401   52.343015959060   34.062824235013
              N     79.359776486674   50.692362933310   33.072053624161
              B     76.292617427153   45.777060572574   34.991361670815
              N     78.819373254356   46.871659891325   35.964481387016
              B     80.810138618896   48.413888086017   34.391650294325
              N     82.478033989562   50.480463933472   35.641220987849
              H     76.023299317238   44.344493531597   33.263013600678
              H     79.765450156708   45.487640239242   36.904651611101
              H     81.878511843795   47.056324382316   32.888099156951
              H     84.029937138284   50.395492441687   36.723780653127
              B     72.244230053833   47.337639876421   37.794522536992
              B     76.874059110426   48.320296899172   37.794523029163
              N     74.622122135084   46.964788732480   36.656139475045
              H     72.063588461481   48.904238103531   39.420260562920
              H     77.287299346206   47.896015690185   40.007510452612
              H     76.887799001770   50.597786298898   37.372571117849
              H     70.429020079789   46.123576036980   37.165258420372
              H     83.070826851604   56.035191154573   33.609319369994
              H     80.380091476873   55.567336439084   31.986266819840
              H     79.030513448582   50.609163495207   31.189196328102
              N     76.890891540256   54.685907253652   33.236586784378
              B     76.796870484400   51.969530459809   33.132759497782
              N     74.536785537441   50.494352271248   32.863318502609
              H     74.054609770063   49.681669086201   31.188353678839
              H     74.869534776778   55.185911438851   32.841370051501
              H     75.250266016353   55.747674230127   33.955601109190
              H     72.919856171567   51.539685966653   32.964427259796
$End
$SCF_Energy
   &GeometryIndex 5
   &Method [&Type "String"] "SCF"
   &totalEnergy [&Type "ArrayOfDoubles", &Dim (1,1)] "Total energy of each state"
                                                         0

0                                     -5.4107924161783308e+02
   &Mult [&Type "ArrayOfIntegers", &Dim (1,1)] "Multiplicity of each state"
                                                         0

0                                                        1
$End
$DFT_Energy
   &GeometryIndex 5
   &nAlphaEl [&Type "Integer"] 47
   &nBetaEl [&Type "Integer"] 47
   &nTotalEl [&Type "Integer"] 94
   &finalEn [&Type "Double"]      -5.4107924161783308e+02  "No Van der Waals correction"
   &eExchange [&Type "Double"]      -5.6251259233545085e+01
   &eCorr [&Type "Double"]      -3.0685248961472968e+00
   &eXC [&Type "Double"]      -5.9319784129692380e+01
   &eCNL [&Type "Double"]       0.0000000000000000e+00
$End
$SCF_Timings
   &GeometryIndex 5
   &TOTAL [&Type "Double"]       2.2755117700000000e+02
   &PREP [&Type "Double"]       3.8181099999999996e-01
   &FOCK [&Type "Double"]       2.1264860400000001e+02
   &DENS [&Type "Double"]       1.2074499999999944e-01
   &ETOT [&Type "Double"]       6.4142000000003918e-02
   &POP [&Type "Double"]       1.0000000258969521e-06
   &TRAFO [&Type "Double"]       1.9190800000001929e-01
   &DIIS [&Type "Double"]       6.6587900000000388e-01
   &SOSCF [&Type "Double"]       3.1413899999998307e-01
   &XC [&Type "Double"]       3.3092918999999981e+01
   &FOCKSTART [&Type "Double"]       2.0366999999992030e-02
   &INT_PREP [&Type "Double"]       6.9999999858794126e-06
   &INT_BF [&Type "Double"]       1.0086649000000154e+01
   &INT_DENS [&Type "Double"]       9.7601189999999320e+00
   &INT_DENSIO [&Type "Double"]       1.1797060858739992e+06
   &INT_FUNC [&Type "Double"]       3.5842999999951886e-01
   &INT_POT [&Type "Double"]       9.7139870000000244e+00
   &INT_POTIO [&Type "Double"]       1.3328600000001600e-01
   &INT_SUM [&Type "Double"]       1.8399999998308658e-04
   &SPLITRIJ [&Type "Double"]       7.3939680000000294e+00
   &COSX [&Type "Double"]       1.8532046800000003e+02
$End
$VdW_Correction
   &GeometryIndex 5
   &vdW [&Type "Double"]      -2.8950245584332009e-02
$End
$Single_Point_Data
   &GeometryIndex 5
   &FinalEnergy [&Type "Double"]      -5.4110819186341746e+02  "Final single point energy"
   &Converged [&Type "Boolean"] true
$End
$SCF_Nuc_Gradient
   &GeometryIndex 5
   &NAtoms [&Type "Integer"] 28
   &gradNorm [&Type "Double"]       2.8139936251019965e-01
   &grad [&Type "ArrayOfDoubles", &Dim (84,1)] 
                                                         0

0                                     -2.5703628291520796e-02
1                                      5.3497218404810424e-03
2                                     -8.8899106901029444e-03
3                                     -6.0492255949602418e-03
4                                     -4.4680414734329203e-03
5                                      7.7020286663848202e-03
6                                      4.2953767163352280e-02
7                                     -2.5161559002304483e-02
8                                      2.9774859151594658e-02
9                                      5.6104890877956243e-04
10                                    -4.0157945712133367e-03
11                                    -1.4172864375119399e-03
12                                    -5.6580619229559847e-04
13                                     7.0200889853372199e-04
14                                     2.2097554322531523e-04
15                                     8.9897617918201361e-03
16                                     1.5821696001705160e-03
17                                    -7.5394702664166998e-03
18                                     2.4779486408794305e-03
19                                     2.6261879603537595e-03
20                                     2.8399982576046370e-04
21                                     1.0168413032208152e-04
22                                     5.2265104685866306e-04
23                                     5.3735904024272067e-04
24                                     1.2122002995697709e-04
25                                    -6.5422283114002549e-07
26                                    -3.2229651443878933e-04
27                                     5.2778837592395099e-04
28                                    -2.4292811769870866e-04
29                                     8.7291004083558054e-04
30                                     4.4068619600616359e-04
31                                     4.7298504327019590e-04
32                                     9.1812296991316969e-04
33                                     6.2235782039655931e-04
34                                     1.2565247807545886e-02
35                                     1.3352575620627801e-02
36                                    -1.8745778130781814e-02
37                                    -1.6266669714929193e-02
38                                    -1.5967766903966212e-02
39                                     3.9963746150609826e-03
40                                     8.0774318494463669e-03
41                                    -1.4950653873549734e-02
42                                     5.6899717105860035e-04
43                                    -8.9376707392179442e-04
44                                    -3.2814119664021073e-04
45                                    -1.5416473746550108e-04
46                                     7.7975571006802887e-05
47                                    -7.7188243255189957e-04
48                                    -7.6704435630013863e-04
49                                    -6.6277101586057060e-04
50                                     1.0702169279412432e-04
51                                     1.1128833027197263e-03
52                                    -5.3521984717925898e-05
53                                     2.8833102959997217e-04
54                                    -1.1362035226009900e-03
55                                     1.4351056908142050e-03
56                                    -8.4739926674728603e-04
57                                     3.6832148615627866e-04
58                                     1.1578669421017767e-04
59                                    -3.5443307505961105e-03
60                                    -2.9807343439355080e-02
61                                     1.3178537826876870e-02
62                                     2.0918042368147372e-02
63                                     3.2108647458410987e-02
64                                    -2.2690093411370925e-02
65                                    -4.8912137955604848e-03
66                                     1.8047844929283612e-02
67                                     7.9834182539904337e-03
68                                    -3.5877844842263196e-02
69                                     2.4144824041274965e-02
70                                    -1.5242193944744107e-02
71                                     3.2142909450945611e-02
72                                    -2.0382780498793249e-02
73                                     1.5970878519826641e-02
74                                    -2.4882721476660492e-03
75                                     3.8940364447027490e-02
76                                     8.1531349873264408e-02
77                                     1.6033516889664431e-01
78                                    -6.8216024836063427e-02
79                                    -5.8221116540918286e-02
80                                    -1.5415648658909067e-01
81                                    -4.5565209507124008e-03
82                                    -4.2723455187179760e-03
83                                    -1.5461348659958542e-02
   &Method [&Type "String"] "SCF"
   &Level [&Type "String"] "Relaxed density"
   &Mult [&Type "Integer"] 1
   &State [&Type "Integer"] 0
   &Irrep [&Type "Integer"] 0
$End
$Geometry
   &GeometryIndex 6
   &NAtoms [&Type "Integer"] 28
   &NCorelessECP [&Type "Integer"] 0
   &NGhostAtoms [&Type "Integer"] 0
   &CartesianCoordinates [&Type "Coordinates", &Dim(28,4), &Units "Bohr"] 
              N     81.732317295873   54.801761050991   33.072053846118
              B     81.467607987601   52.343015820681   34.062824124088
              N     79.359776698358   50.692362938229   33.072053427977
              B     76.292617408803   45.777060659350   34.991361721210
              N     78.819373205403   46.871659721619   35.964481132263
              B     80.810138652608   48.413888130989   34.391650520569
              N     82.478033760082   50.480464076439   35.641221221979
              H     76.023299322377   44.344493518005   33.263013598021
              H     79.765450172861   45.487640285459   36.904651666674
              H     81.878511841197   47.056324378313   32.888099121048
              H     84.029937234385   50.395492394142   36.723780528967
              B     72.244230054545   47.337639875962   37.794522539425
              B     76.874059154481   48.320296919242   37.794523103738
              N     74.622122131505   46.964788716237   36.656139458793
              H     72.063588460871   48.904238104944   39.420260561894
              H     77.287299334412   47.896015687521   40.007510448128
              H     76.887798999012   50.597786296330   37.372571111705
              H     70.429020080044   46.123576037100   37.165258420278
              H     83.070826874825   56.035191134402   33.609319348682
              H     80.380091466947   55.567336437868   31.986266844736
              H     79.030513326868   50.609163489446   31.189196381164
              N     76.791203378411   54.611388355564   33.375144015196
              B     76.723976893023   51.886717021388   33.179937436016
              N     74.559797641374   50.342126743227   32.675417255496
              H     74.373513594685   49.513670203836   30.956090389144
              H     74.789106078446   54.931224132246   32.767618099615
              H     75.128084874185   55.551935251074   34.121019345705
              H     72.902485269366   51.306548295524   32.797842059487
$End
$SCF_Energy
   &GeometryIndex 6
   &Method [&Type "String"] "SCF"
   &totalEnergy [&Type "ArrayOfDoubles", &Dim (1,1)] "Total energy of each state"
                                                         0

0                                     -5.4112366895486298e+02
   &Mult [&Type "ArrayOfIntegers", &Dim (1,1)] "Multiplicity of each state"
                                                         0

0                                                        1
$End
$DFT_Energy
   &GeometryIndex 6
   &nAlphaEl [&Type "Integer"] 47
   &nBetaEl [&Type "Integer"] 47
   &nTotalEl [&Type "Integer"] 94
   &finalEn [&Type "Double"]      -5.4112366895486298e+02  "No Van der Waals correction"
   &eExchange [&Type "Double"]      -5.6238846602330028e+01
   &eCorr [&Type "Double"]      -3.0691304054958435e+00
   &eXC [&Type "Double"]      -5.9307977007825869e+01
   &eCNL [&Type "Double"]       0.0000000000000000e+00
$End
$SCF_Timings
   &GeometryIndex 6
   &TOTAL [&Type "Double"]       2.1724952499999998e+02
   &PREP [&Type "Double"]       4.6352599999999999e-01
   &FOCK [&Type "Double"]       2.0200445700000003e+02
   &DENS [&Type "Double"]       1.2710799999999267e-01
   &ETOT [&Type "Double"]       6.2440999999942903e-02
   &POP [&Type "Double"]       1.0000000258969521e-06
   &TRAFO [&Type "Double"]       1.8604599999999749e-01
   &DIIS [&Type "Double"]       7.3479499999997699e-01
   &SOSCF [&Type "Double"]       3.0399100000003898e-01
   &XC [&Type "Double"]       3.1740566000000001e+01
   &FOCKSTART [&Type "Double"]       2.0473000000041208e-02
   &INT_PREP [&Type "Double"]       2.9999999924257281e-06
   &INT_BF [&Type "Double"]       1.0107274000000299e+01
   &INT_DENS [&Type "Double"]       9.4709270000004580e+00
   &INT_DENSIO [&Type "Double"]       1.1761861530409977e+06
   &INT_FUNC [&Type "Double"]       3.4696600000084388e-01
   &INT_POT [&Type "Double"]       9.9543680000010930e+00
   &INT_POTIO [&Type "Double"]       1.2327799999878053e-01
   &INT_SUM [&Type "Double"]       2.2200000000793807e-04
   &SPLITRIJ [&Type "Double"]       7.5221370000000274e+00
   &COSX [&Type "Double"]       1.7621501499999999e+02
$End
$VdW_Correction
   &GeometryIndex 6
   &vdW [&Type "Double"]      -2.9022765026334548e-02
$End
$Single_Point_Data
   &GeometryIndex 6
   &FinalEnergy [&Type "Double"]      -5.4115269171988928e+02  "Final single point energy"
   &Converged [&Type "Boolean"] true
$End
$SCF_Nuc_Gradient
   &GeometryIndex 6
   &NAtoms [&Type "Integer"] 28
   &gradNorm [&Type "Double"]       1.9213008847059693e-01
   &grad [&Type "ArrayOfDoubles", &Dim (84,1)] 
                                                         0

0                                     -2.3394958551728105e-02
1                                      4.5308396186906127e-03
2                                     -8.8545638209645457e-03
3                                     -2.6327193788896019e-03
4                                     -4.1039002582215021e-03
5                                      7.8234365580473076e-03
6                                      4.6707973188682410e-02
7                                     -2.1191816930580781e-02
8                                      2.7016116043508179e-02
9                                      1.9199169478939260e-04
10                                    -4.1264093262563606e-03
11                                    -3.4341555362886461e-04
12                                     1.7081380184734267e-04
13                                     8.5062854856691474e-04
14                                    -2.9643467146560755e-04
15                                     8.5252604877037261e-03
16                                     2.7549670084596158e-04
17                                    -5.4326033940569687e-03
18                                     2.0693750335211880e-03
19                                     2.8344466036454609e-03
20                                    -2.1168019591413540e-04
21                                     6.7699229111870565e-05
22                                     6.5102299012362026e-04
23                                     3.3138483554107166e-04
24                                     1.1599317361185634e-04
25                                    -3.0326829617022074e-05
26                                    -3.5988983144595105e-04
27                                     3.1299033355807761e-04
28                                     1.6309780317820202e-04
29                                     6.1821886840744298e-04
30                                     3.4957402607434555e-04
31                                     4.3759218039597663e-04
32                                     9.0528573891029865e-04
33                                     4.3584417568127206e-04
34                                     1.2987207700643511e-02
35                                     1.3319162993531121e-02
36                                    -1.8607456378862741e-02
37                                    -1.4694751661633256e-02
38                                    -1.5115959867205242e-02
39                                     5.2261398544989953e-03
40                                     7.1718372549521526e-03
41                                    -1.5983384275910253e-02
42                                     5.5057198091370684e-04
43                                    -1.0044060225741394e-03
44                                    -2.9331782206132127e-04
45                                    -1.1037724801279440e-04
46                                    -4.9999837289072002e-04
47                                    -6.6141320003272836e-04
48                                    -3.5241582746505835e-04
49                                    -1.6995991342006204e-03
50                                     1.2901745781002897e-03
51                                     1.0709932205488866e-03
52                                    -1.0500999750366053e-04
53                                     2.8010806321303940e-04
54                                    -9.7600663548724851e-04
55                                     1.2685149068863450e-03
56                                    -5.9927284283008164e-04
57                                     8.9528762982429789e-04
58                                     4.0509668768583717e-04
59                                    -3.7917734461086310e-03
60                                    -2.9142831358927191e-02
61                                     1.1507922504123313e-02
62                                     1.9071182918382341e-02
63                                     5.9299316150969721e-02
64                                    -1.6521083396149359e-02
65                                     1.4940258942629959e-03
66                                    -3.2519026761794437e-03
67                                     1.0647501844378897e-02
68                                    -3.2804817308814002e-02
69                                     1.1636471660260342e-02
70                                    -1.7277032697269816e-02
71                                     2.4750218989633418e-02
72                                    -1.0783256956276360e-02
73                                     1.0527233767758897e-02
74                                    -5.0502098892372905e-03
75                                    -3.2077178246543115e-03
76                                     4.1901547050569775e-02
77                                     9.7748367295659458e-02
78                                    -4.4214636237438168e-02
79                                    -2.6855019441569709e-02
80                                    -9.7453766697213090e-02
81                                    -9.5201669639714674e-04
82                                     1.9493677753481182e-03
83                                    -7.3951799835181289e-03
   &Method [&Type "String"] "SCF"
   &Level [&Type "String"] "Relaxed density"
   &Mult [&Type "Integer"] 1
   &State [&Type "Integer"] 0
   &Irrep [&Type "Integer"] 0
$End
$Geometry
   &GeometryIndex 7
   &NAtoms [&Type "Integer"] 28
   &NCorelessECP [&Type "Integer"] 0
   &NGhostAtoms [&Type "Integer"] 0
   &CartesianCoordinates [&Type "Coordinates", &Dim(28,4), &Units "Bohr"] 
              N     81.732317297483   54.801761050081   33.072053844013
              B     81.467607985807   52.343015821379   34.062824125649
              N     79.359776704604   50.692362936172   33.072053423391
              B     76.292617407373   45.777060665918   34.991361719506
              N     78.819373201772   46.871659716958   35.964481120893
              B     80.810138655705   48.413888131800   34.391650526233
              N     82.478033754411   50.480464078637   35.641221226942
              H     76.023299322609   44.344493516985   33.263013598271
              H     79.765450173628   45.487640287409   36.904651669726
              H     81.878511840891   47.056324378201   32.888099120409
              H     84.029937237032   50.395492393232   36.723780525544
              B     72.244230053395   47.337639879791   37.794522535924
              B     76.874059156551   48.320296920561   37.794523107956
              N     74.622122133586   46.964788707873   36.656139465188
              H     72.063588460807   48.904238105034   39.420260561754
              H     77.287299333606   47.896015687340   40.007510447623
              H     76.887798999148   50.597786296246   37.372571111100
              H     70.429020080187   46.123576036632   37.165258420682
              H     83.070826874681   56.035191134483   33.609319348826
              H     80.380091466342   55.567336438267   31.986266845526
              H     79.030513323437   50.609163490270   31.189196382301
              N     76.664783236130   54.517496034371   33.619592725239
              B     76.667364628259   51.782646044969   33.288630674695
              N     74.636142065171   50.166703823280   32.547513846908
              H     74.760345889568   49.307665245544   30.847002106518
              H     74.762934836141   54.681814358909   32.811491822248
              H     75.054227598519   55.305273899393   34.461693478836
              H     72.905410377973   50.964132707446   32.692131224637
$End
$SCF_Energy
   &GeometryIndex 7
   &Method [&Type "String"] "SCF"
   &totalEnergy [&Type "ArrayOfDoubles", &Dim (1,1)] "Total energy of each state"
                                                         0

0                                     -5.4116088125523845e+02
   &Mult [&Type "ArrayOfIntegers", &Dim (1,1)] "Multiplicity of each state"
                                                         0

0                                                        1
$End
$DFT_Energy
   &GeometryIndex 7
   &nAlphaEl [&Type "Integer"] 47
   &nBetaEl [&Type "Integer"] 47
   &nTotalEl [&Type "Integer"] 94
   &finalEn [&Type "Double"]      -5.4116088125523845e+02  "No Van der Waals correction"
   &eExchange [&Type "Double"]      -5.6243169553790359e+01
   &eCorr [&Type "Double"]      -3.0706331460316010e+00
   &eXC [&Type "Double"]      -5.9313802699821963e+01
   &eCNL [&Type "Double"]       0.0000000000000000e+00
$End
$SCF_Timings
   &GeometryIndex 7
   &TOTAL [&Type "Double"]       2.5327061800000001e+02
   &PREP [&Type "Double"]       3.8750999999999997e-01
   &FOCK [&Type "Double"]       2.3862342999999998e+02
   &DENS [&Type "Double"]       1.5173100000001227e-01
   &ETOT [&Type "Double"]       6.9101999999990227e-02
   &POP [&Type "Double"]       9.9999999747524271e-07
   &TRAFO [&Type "Double"]       1.9220700000002466e-01
   &DIIS [&Type "Double"]       7.0773199999999292e-01
   &SOSCF [&Type "Double"]       4.3331699999997397e-01
   &XC [&Type "Double"]       3.7975232000000020e+01
   &FOCKSTART [&Type "Double"]       2.4861999999977957e-02
   &INT_PREP [&Type "Double"]       2.9999999995311555e-06
   &INT_BF [&Type "Double"]       1.2530016000001041e+01
   &INT_DENS [&Type "Double"]       1.1940371999999684e+01
   &INT_DENSIO [&Type "Double"]       1.6864557206689978e+06
   &INT_FUNC [&Type "Double"]       4.4522100000218501e-01
   &INT_POT [&Type "Double"]       1.1476411999999275e+01
   &INT_POTIO [&Type "Double"]       1.5426499999881216e-01
   &INT_SUM [&Type "Double"]       2.9099999998649650e-04
   &SPLITRIJ [&Type "Double"]       9.0714149999999947e+00
   &COSX [&Type "Double"]       2.0423774000000000e+02
$End
$VdW_Correction
   &GeometryIndex 7
   &vdW [&Type "Double"]      -2.9224748805164878e-02
$End
$Single_Point_Data
   &GeometryIndex 7
   &FinalEnergy [&Type "Double"]      -5.4119010600404363e+02  "Final single point energy"
   &Converged [&Type "Boolean"] true
$End
$SCF_Nuc_Gradient
   &GeometryIndex 7
   &NAtoms [&Type "Integer"] 28
   &gradNorm [&Type "Double"]       1.5968597994554815e-01
   &grad [&Type "ArrayOfDoubles", &Dim (84,1)] 
                                                         0

0                                     -2.1363874745250835e-02
1                                      4.2371154719512364e-03
2                                     -8.6949895693768757e-03
3                                      2.9750497964997283e-04
4                                     -3.8066468253918876e-03
5                                      8.0692578972707384e-03
6                                      4.6523100808750564e-02
7                                     -1.6328284272986552e-02
8                                      2.3900066064880814e-02
9                                     -3.7973577361870471e-04
10                                    -4.2684098327721836e-03
11                                     1.1476248906931894e-03
12                                     1.1205967650675653e-03
13                                     9.9974333301140837e-04
14                                    -8.3787058964485204e-04
15                                     7.2963869207733284e-03
16                                    -1.2638739794373379e-03
17                                    -3.1682998498825925e-03
18                                     1.5377134074642685e-03
19                                     3.1981864373389454e-03
20                                    -9.9873560435734059e-04
21                                     2.6224674440055329e-05
22                                     8.7042022946260029e-04
23                                     2.6384196744174382e-05
24                                     8.1255994058398551e-05
25                                    -8.2227051843291606e-05
26                                    -3.8001161194210547e-04
27                                     1.1626382429359773e-04
28                                     5.9698071914079151e-04
29                                     3.3274910116778890e-04
30                                     2.4915573701853066e-04
31                                     3.8651965915003175e-04
32                                     8.5481368888842249e-04
33                                     6.0091874570400330e-05
34                                     1.3528545495643874e-02
35                                     1.3060371379376995e-02
36                                    -1.8497348670721451e-02
37                                    -1.2470226293330682e-02
38                                    -1.4218589103006059e-02
39                                     6.9783877101120117e-03
40                                     6.5154920039154993e-03
41                                    -1.8046722339307944e-02
42                                     5.3099001161505089e-04
43                                    -1.1078731352553771e-03
44                                    -2.4386928610517717e-04
45                                    -2.2660874053383442e-05
46                                    -1.2462846755417433e-03
47                                    -4.8544595691296405e-04
48                                    -1.5537751684568718e-04
49                                    -2.7028026056031976e-03
50                                     2.5491697427325864e-03
51                                     1.0510204842387307e-03
52                                    -1.9312165572758018e-04
53                                     3.4632883603653961e-04
54                                    -7.6077040549274401e-04
55                                     1.0567206734241085e-03
56                                    -2.9022800873624107e-04
57                                     1.4542949472693702e-03
58                                     5.4437389728482339e-04
59                                    -4.1642842812476969e-03
60                                    -2.7551742339936784e-02
61                                     9.3857368837332658e-03
62                                     1.6382645995670127e-02
63                                     7.0402705253995751e-02
64                                    -2.8353893594470999e-03
65                                     1.3566238535575250e-02
66                                    -1.9273784728480525e-02
67                                     1.1431532389562925e-02
68                                    -3.0391209742324326e-02
69                                    -4.3898272607073379e-04
70                                    -2.0326067700099142e-02
71                                     1.5172409724721538e-02
72                                    -1.3710719371470795e-03
73                                     7.7374097965973504e-03
74                                    -4.1663861206731644e-03
75                                    -2.0990154907019620e-02
76                                     1.5803842983792612e-02
77                                     6.6100671884659901e-02
78                                    -2.9025247430044178e-02
79                                    -1.4696353300454847e-02
80                                    -7.5455470497246657e-02
81                                     2.1050585325223673e-03
82                                     5.0349406654453923e-03
83                                     3.3380610269825839e-05
   &Method [&Type "String"] "SCF"
   &Level [&Type "String"] "Relaxed density"
   &Mult [&Type "Integer"] 1
   &State [&Type "Integer"] 0
   &Irrep [&Type "Integer"] 0
$End
$Geometry
   &GeometryIndex 8
   &NAtoms [&Type "Integer"] 28
   &NCorelessECP [&Type "Integer"] 0
   &NGhostAtoms [&Type "Integer"] 0
   &CartesianCoordinates [&Type "Coordinates", &Dim(28,4), &Units "Bohr"] 
              N     81.732317298260   54.801761049568   33.072053843003
              B     81.467607984206   52.343015822517   34.062824127713
              N     79.359776705918   50.692362935413   33.072053422604
              B     76.292617406019   45.777060671412   34.991361717238
              N     78.819373202437   46.871659710625   35.964481117014
              B     80.810138654043   48.413888135288   34.391650528833
              N     82.478033756115   50.480464077350   35.641221224633
              H     76.023299322819   44.344493515958   33.263013598806
              H     79.765450173955   45.487640288940   36.904651671206
              H     81.878511841050   47.056324377789   32.888099120134
              H     84.029937236475   50.395492393485   36.723780526372
              B     72.244230052722   47.337639882001   37.794522533843
              B     76.874059156962   48.320296922512   37.794523108701
              N     74.622122134935   46.964788702533   36.656139469538
              H     72.063588460767   48.904238105108   39.420260561660
              H     77.287299333307   47.896015687011   40.007510447454
              H     76.887798999122   50.597786296117   37.372571110949
              H     70.429020080262   46.123576036391   37.165258420896
              H     83.070826874561   56.035191134558   33.609319348970
              H     80.380091466287   55.567336438299   31.986266845397
              H     79.030513322835   50.609163490395   31.189196382495
              N     76.549946282969   54.431212545977   33.928902603840
              B     76.643096965065   51.692217295239   33.432345596209
              N     74.748684600375   50.060017239245   32.449562699999
              H     75.148794403728   49.172953768025   30.815550586328
              H     74.827666386121   54.535471779092   32.931492277304
              H     75.066016371260   55.051938652993   34.936347112892
              H     72.946209567389   50.650114229558   32.593524409932
$End
$SCF_Energy
   &GeometryIndex 8
   &Method [&Type "String"] "SCF"
   &totalEnergy [&Type "ArrayOfDoubles", &Dim (1,1)] "Total energy of each state"
                                                         0

0                                     -5.4119479059241041e+02
   &Mult [&Type "ArrayOfIntegers", &Dim (1,1)] "Multiplicity of each state"
                                                         0

0                                                        1
$End
$DFT_Energy
   &GeometryIndex 8
   &nAlphaEl [&Type "Integer"] 47
   &nBetaEl [&Type "Integer"] 47
   &nTotalEl [&Type "Integer"] 94
   &finalEn [&Type "Double"]      -5.4119479059241041e+02  "No Van der Waals correction"
   &eExchange [&Type "Double"]      -5.6263376334175298e+01
   &eCorr [&Type "Double"]      -3.0721852119386388e+00
   &eXC [&Type "Double"]      -5.9335561546113937e+01
   &eCNL [&Type "Double"]       0.0000000000000000e+00
$End
$SCF_Timings
   &GeometryIndex 8
   &TOTAL [&Type "Double"]       2.3548937099999998e+02
   &PREP [&Type "Double"]       4.0753600000000001e-01
   &FOCK [&Type "Double"]       2.2023558900000000e+02
   &DENS [&Type "Double"]       1.2476799999998889e-01
   &ETOT [&Type "Double"]       6.4170999999994649e-02
   &TRAFO [&Type "Double"]       1.8101299999998588e-01
   &DIIS [&Type "Double"]       7.0522400000000474e-01
   &SOSCF [&Type "Double"]       3.5133200000002773e-01
   &XC [&Type "Double"]       3.5007958999999978e+01
   &FOCKSTART [&Type "Double"]       1.8674999999996555e-02
   &INT_PREP [&Type "Double"]       2.9999999995311555e-06
   &INT_BF [&Type "Double"]       1.1212041000000617e+01
   &INT_DENS [&Type "Double"]       1.0503030999999940e+01
   &INT_DENSIO [&Type "Double"]       1.4292517281379972e+06
   &INT_FUNC [&Type "Double"]       3.9803799999966571e-01
   &INT_POT [&Type "Double"]       1.0962345999999844e+01
   &INT_POTIO [&Type "Double"]       1.3690200000059249e-01
   &INT_SUM [&Type "Double"]       1.9599999999897477e-04
   &SPLITRIJ [&Type "Double"]       8.2562310000000352e+00
   &COSX [&Type "Double"]       1.9041991400000001e+02
$End
$VdW_Correction
   &GeometryIndex 8
   &vdW [&Type "Double"]      -2.9461525606684538e-02
$End
$Single_Point_Data
   &GeometryIndex 8
   &FinalEnergy [&Type "Double"]      -5.4122425211801715e+02  "Final single point energy"
   &Converged [&Type "Boolean"] true
$End
$SCF_Nuc_Gradient
   &GeometryIndex 8
   &NAtoms [&Type "Integer"] 28
   &gradNorm [&Type "Double"]       1.4137433248783210e-01
   &grad [&Type "ArrayOfDoubles", &Dim (84,1)] 
                                                         0

0                                     -2.0183529899801277e-02
1                                      4.5484295847842320e-03
2                                     -8.3873848388372838e-03
3                                      2.1718903476382907e-03
4                                     -3.5924688041668465e-03
5                                      8.4572341383116253e-03
6                                      4.3065829850065712e-02
7                                     -1.3171346101288575e-02
8                                      2.0465771525526789e-02
9                                     -1.0111612996946057e-03
10                                    -4.3144621685658503e-03
11                                     2.7642760074681081e-03
12                                     2.0868722958323070e-03
13                                     1.0986810715198350e-03
14                                    -1.3907970564294172e-03
15                                     5.5252909694197333e-03
16                                    -2.8018319159065011e-03
17                                    -1.3832004200408717e-03
18                                     9.5466842215598388e-04
19                                     3.6797855048879080e-03
20                                    -1.9735604007030459e-03
21                                     7.5289024567657564e-06
22                                     1.0897614849032929e-03
23                                    -3.2070936651521571e-04
24                                     1.9018271849196454e-05
25                                    -1.5061332807459000e-04
26                                    -3.9587548298061466e-04
27                                     1.3640263513135207e-05
28                                     9.5692529743833846e-04
29                                     1.0260867487391316e-04
30                                     1.5309493631780603e-04
31                                     3.2645023140090548e-04
32                                     7.5806528973263517e-04
33                                     9.2094244728043795e-05
34                                     1.3792042046384694e-02
35                                     1.2735189354211595e-02
36                                    -1.8480310252928241e-02
37                                    -9.8215531014886753e-03
38                                    -1.3213933646341073e-02
39                                     8.2999526637306063e-03
40                                     5.5669846898641533e-03
41                                    -1.9269029520390508e-02
42                                     4.8547034324220045e-04
43                                    -1.1247199600163702e-03
44                                    -1.9606505808845737e-04
45                                     1.0832121011248472e-04
46                                    -2.0944321729087006e-03
47                                    -2.7528780682482162e-04
48                                    -1.7084116163700684e-04
49                                    -3.5149699511113140e-03
50                                     3.8636741734775627e-03
51                                     9.8511763437267828e-04
52                                    -2.8240595995355692e-04
53                                     4.0636379999407665e-04
54                                    -4.9727748979851161e-04
55                                     8.2635596486327280e-04
56                                    -4.7251658988563207e-05
57                                     1.7383683733668762e-03
58                                     4.8892586334468423e-04
59                                    -4.5074878931535686e-03
60                                    -2.5452218740081901e-02
61                                     7.3695453311602632e-03
62                                     1.3188425693383635e-02
63                                     5.3001904113469708e-02
64                                     1.4376007549446288e-02
65                                     2.7475332381546053e-02
66                                    -2.8691594533731310e-02
67                                     8.9692807846721376e-03
68                                    -2.7853850754151602e-02
69                                    -5.9517224950178110e-03
70                                    -2.2107312464272021e-02
71                                     6.0889096605601456e-03
72                                     5.4779836998238010e-03
73                                     7.7088092627647358e-03
74                                    -1.9322731039870269e-03
75                                    -1.7158792026425927e-02
76                                    -3.2651310018891344e-03
77                                     5.1627615751514970e-02
78                                    -9.9986271568110029e-03
79                                    -1.0565247821861393e-02
80                                    -7.1600877952565145e-02
81                                     3.4090283764559716e-03
82                                     6.0085100350353304e-03
83                                     4.8141184837106393e-03
   &Method [&Type "String"] "SCF"
   &Level [&Type "String"] "Relaxed density"
   &Mult [&Type "Integer"] 1
   &State [&Type "Integer"] 0
   &Irrep [&Type "Integer"] 0
$End
$Geometry
   &GeometryIndex 9
   &NAtoms [&Type "Integer"] 28
   &NCorelessECP [&Type "Integer"] 0
   &NGhostAtoms [&Type "Integer"] 0
   &CartesianCoordinates [&Type "Coordinates", &Dim(28,4), &Units "Bohr"] 
              N     81.732317297054   54.801761050346   33.072053844561
              B     81.467607986315   52.343015821108   34.062824124844
              N     79.359776706308   50.692362935826   33.072053422616
              B     76.292617406265   45.777060670886   34.991361718305
              N     78.819373200655   46.871659710968   35.964481113719
              B     80.810138655390   48.413888134440   34.391650529894
              N     82.478033753515   50.480464078815   35.641221227386
              H     76.023299322801   44.344493516157   33.263013598554
              H     79.765450174211   45.487640289257   36.904651672011
              H     81.878511840936   47.056324377852   32.888099119978
              H     84.029937237341   50.395492393092   36.723780525225
              B     72.244230052742   47.337639882055   37.794522533870
              B     76.874059158009   48.320296922210   37.794523110342
              N     74.622122134718   46.964788702704   36.656139468976
              H     72.063588460764   48.904238105090   39.420260561667
              H     77.287299332993   47.896015687025   40.007510447300
              H     76.887798999107   50.597786296133   37.372571110768
              H     70.429020080269   46.123576036357   37.165258420916
              H     83.070826874833   56.035191134394   33.609319348657
              H     80.380091466228   55.567336438341   31.986266845294
              H     79.030513322603   50.609163490213   31.189196382576
              N     76.449152125369   54.357888903445   34.229972945581
              B     76.649902105696   51.623023207133   33.601430746907
              N     74.838196899552   50.007079474751   32.474807506985
              H     75.393293658738   49.047286715788   30.935667153903
              H     74.898282173940   54.504593247345   33.111759054876
              H     75.135437335865   54.799171668395   35.472437148482
              H     72.990214604614   50.405650034656   32.624497839396
$End
$SCF_Energy
   &GeometryIndex 9
   &Method [&Type "String"] "SCF"
   &totalEnergy [&Type "ArrayOfDoubles", &Dim (1,1)] "Total energy of each state"
                                                         0

0                                     -5.4122264723814123e+02
   &Mult [&Type "ArrayOfIntegers", &Dim (1,1)] "Multiplicity of each state"
                                                         0

0                                                        1
$End
$DFT_Energy
   &GeometryIndex 9
   &nAlphaEl [&Type "Integer"] 47
   &nBetaEl [&Type "Integer"] 47
   &nTotalEl [&Type "Integer"] 94
   &finalEn [&Type "Double"]      -5.4122264723814123e+02  "No Van der Waals correction"
   &eExchange [&Type "Double"]      -5.6282657284429490e+01
   &eCorr [&Type "Double"]      -3.0736332569236877e+00
   &eXC [&Type "Double"]      -5.9356290541353175e+01
   &eCNL [&Type "Double"]       0.0000000000000000e+00
$End
$SCF_Timings
   &GeometryIndex 9
   &TOTAL [&Type "Double"]       2.3729929100000001e+02
   &PREP [&Type "Double"]       4.0362199999999998e-01
   &FOCK [&Type "Double"]       2.2204727199999996e+02
   &DENS [&Type "Double"]       1.4703399999999078e-01
   &ETOT [&Type "Double"]       6.4798000000028111e-02
   &TRAFO [&Type "Double"]       1.8533499999998071e-01
   &DIIS [&Type "Double"]       6.9581999999999766e-01
   &SOSCF [&Type "Double"]       3.5652100000000075e-01
   &XC [&Type "Double"]       3.5234609999999996e+01
   &FOCKSTART [&Type "Double"]       2.3394999999998056e-02
   &INT_PREP [&Type "Double"]       4.0000000112172529e-06
   &INT_BF [&Type "Double"]       1.1091882999998699e+01
   &INT_DENS [&Type "Double"]       1.0733256000000576e+01
   &INT_DENSIO [&Type "Double"]       1.4330305369259983e+06
   &INT_FUNC [&Type "Double"]       3.8077400000076267e-01
   &INT_POT [&Type "Double"]       1.1160017000000455e+01
   &INT_POTIO [&Type "Double"]       1.3804199999988498e-01
   &INT_SUM [&Type "Double"]       1.8199999999524152e-04
   &SPLITRIJ [&Type "Double"]       8.3073990000000482e+00
   &COSX [&Type "Double"]       1.9190204899999998e+02
$End
$VdW_Correction
   &GeometryIndex 9
   &vdW [&Type "Double"]      -2.9727610964828795e-02
$End
$Single_Point_Data
   &GeometryIndex 9
   &FinalEnergy [&Type "Double"]      -5.4125237484910610e+02  "Final single point energy"
   &Converged [&Type "Boolean"] true
$End
$SCF_Nuc_Gradient
   &GeometryIndex 9
   &NAtoms [&Type "Integer"] 28
   &gradNorm [&Type "Double"]       1.2166264009125811e-01
   &grad [&Type "ArrayOfDoubles", &Dim (84,1)] 
                                                         0

0                                     -1.9278075687741439e-02
1                                      5.0369479740309453e-03
2                                     -8.1533621812088751e-03
3                                      2.9931193832524595e-03
4                                     -3.4518009973533901e-03
5                                      8.9248679631779050e-03
6                                      3.7717498789886630e-02
7                                     -1.1684229957791887e-02
8                                      1.6238307739967102e-02
9                                     -1.5601732397190892e-03
10                                    -4.3612433715762263e-03
11                                     3.6050713129438762e-03
12                                     2.9449948602817224e-03
13                                     1.2301085155325801e-03
14                                    -1.9117920326111996e-03
15                                     3.6241481131775357e-03
16                                    -4.3247249388873206e-03
17                                    -5.6086571478142374e-06
18                                     4.1337016030305960e-04
19                                     4.1460824581244582e-03
20                                    -2.9416020818640990e-03
21                                     2.9795969806405377e-05
22                                     1.2073970828393814e-03
23                                    -4.8964045865564532e-04
24                                    -3.7346488953712335e-05
25                                    -2.2019982222154890e-04
26                                    -4.1732141164184318e-04
27                                     2.6682610476914882e-06
28                                     1.2159482153549946e-03
29                                    -6.1432404803942771e-05
30                                     8.2038354569785333e-05
31                                     2.5385423215998321e-04
32                                     6.1057059596952878e-04
33                                     2.0783836401497616e-04
34                                     1.4018335927722605e-02
35                                     1.2327450415234942e-02
36                                    -1.8378721724158054e-02
37                                    -6.6450839777370090e-03
38                                    -1.2310087931038041e-02
39                                     8.9371430141008401e-03
40                                     5.4253283203400454e-03
41                                    -2.1090860709601818e-02
42                                     4.3147362186896266e-04
43                                    -1.1133448193114770e-03
44                                    -1.5787863234490850e-04
45                                     2.5402391825211663e-04
46                                    -3.0106229523314981e-03
47                                    -2.3906760876681726e-05
48                                    -5.2575974406272711e-04
49                                    -4.1255327885039630e-03
50                                     4.9915185082876354e-03
51                                     9.0461269874883067e-04
52                                    -3.8433641918594712e-04
53                                     4.6497300279206176e-04
54                                    -1.9745449114384078e-04
55                                     6.0714567512044340e-04
56                                     4.7741656241864949e-05
57                                     1.7894504434846181e-03
58                                     3.5995322467234983e-04
59                                    -4.5330850461068615e-03
60                                    -2.2465562232412001e-02
61                                     5.4116277616896346e-03
62                                     1.0003430503462370e-02
63                                     2.6028742625591503e-02
64                                     2.4747088028544629e-02
65                                     2.8174070768972277e-02
66                                    -2.8475225279982055e-02
67                                     5.0394536684971675e-03
68                                    -2.3251873750614428e-02
69                                    -6.7508781457423167e-03
70                                    -2.2825300754983621e-02
71                                     3.0588606199546363e-03
72                                     8.5055196471155638e-03
73                                     8.2676526288062262e-03
74                                    -1.9673068682296235e-04
75                                     3.5441361550922376e-04
76                                    -1.5864599754423860e-02
77                                     4.2838630573900090e-02
78                                    -9.5653561794512270e-04
79                                    -4.5390345351009904e-03
80                                    -6.1593697855511581e-02
81                                     3.4048806821838137e-03
82                                     5.5831312938229190e-03
83                                     5.8533869158778140e-03
   &Method [&Type "String"] "SCF"
   &Level [&Type "String"] "Relaxed density"
   &Mult [&Type "Integer"] 1
   &State [&Type "Integer"] 0
   &Irrep [&Type "Integer"] 0
$End
$Geometry
   &GeometryIndex 10
   &NAtoms [&Type "Integer"] 28
   &NCorelessECP [&Type "Integer"] 0
   &NGhostAtoms [&Type "Integer"] 0
   &CartesianCoordinates [&Type "Coordinates", &Dim(28,4), &Units "Bohr"] 
              N     81.732317639949   54.801760828567   33.072053395059
              B     81.467607379519   52.343016212541   34.062824965639
              N     79.359776792843   50.692362891780   33.072053351772
              B     76.292617411979   45.777060647000   34.991361722997
              N     78.819373216395   46.871659729312   35.964481139144
              B     80.810138601498   48.413888160460   34.391650517102
              N     82.478034206975   50.480463804157   35.641220595612
              H     76.023299321905   44.344493520345   33.263013596921
              H     79.765450171873   45.487640284574   36.904651669337
              H     81.878511851351   47.056324369942   32.888099134450
              H     84.029937096087   50.395492466040   36.723780731427
              B     72.244230054341   47.337639876444   37.794522538747
              B     76.874059153287   48.320296914915   37.794523102860
              N     74.622122131045   46.964788719152   36.656139457856
              H     72.063588460955   48.904238104739   39.420260562111
              H     77.287299334063   47.896015688283   40.007510447996
              H     76.887798999355   50.597786296882   37.372571111568
              H     70.429020080099   46.123576036921   37.165258420483
              H     83.070826806229   56.035191176359   33.609319429232
              H     80.380091456537   55.567336439245   31.986266847582
              H     79.030513296772   50.609163505611   31.189196389563
              N     76.376993544111   54.278776757297   34.520737283669
              B     76.668540750494   51.580951917687   33.722582965569
              N     74.890779153746   50.113147249345   32.372569389510
              H     75.520130347271   49.089333554765   30.906170581256
              H     74.983959233064   54.627554141647   33.309050451805
              H     75.233381021707   54.485108263092   35.993562636763
              H     73.023161122963   50.418078326986   32.467679991036
$End
$SCF_Energy
   &GeometryIndex 10
   &Method [&Type "String"] "SCF"
   &totalEnergy [&Type "ArrayOfDoubles", &Dim (1,1)] "Total energy of each state"
                                                         0

0                                     -5.4124457123621687e+02
   &Mult [&Type "ArrayOfIntegers", &Dim (1,1)] "Multiplicity of each state"
                                                         0

0                                                        1
$End
$DFT_Energy
   &GeometryIndex 10
   &nAlphaEl [&Type "Integer"] 47
   &nBetaEl [&Type "Integer"] 47
   &nTotalEl [&Type "Integer"] 94
   &finalEn [&Type "Double"]      -5.4124457123621687e+02  "No Van der Waals correction"
   &eExchange [&Type "Double"]      -5.6287028693971592e+01
   &eCorr [&Type "Double"]      -3.0731579869616601e+00
   &eXC [&Type "Double"]      -5.9360186680933253e+01
   &eCNL [&Type "Double"]       0.0000000000000000e+00
$End
$SCF_Timings
   &GeometryIndex 10
   &TOTAL [&Type "Double"]       2.3417493999999999e+02
   &PREP [&Type "Double"]       4.0645799999999999e-01
   &FOCK [&Type "Double"]       2.2030407000000000e+02
   &DENS [&Type "Double"]       1.3605299999997555e-01
   &ETOT [&Type "Double"]       6.4519999999980371e-02
   &TRAFO [&Type "Double"]       1.8133700000000630e-01
   &DIIS [&Type "Double"]       6.8590800000000840e-01
   &SOSCF [&Type "Double"]       3.5246100000001945e-01
   &XC [&Type "Double"]       3.5316442999999978e+01
   &FOCKSTART [&Type "Double"]       2.0209000000002197e-02
   &INT_PREP [&Type "Double"]       2.0000000091613401e-06
   &INT_BF [&Type "Double"]       1.1516888000000378e+01
   &INT_DENS [&Type "Double"]       1.0909231999998962e+01
   &INT_DENSIO [&Type "Double"]       1.4261316120089986e+06
   &INT_FUNC [&Type "Double"]       3.8059399999922050e-01
   &INT_POT [&Type "Double"]       1.0898573000000422e+01
   &INT_POTIO [&Type "Double"]       1.4170699999995762e-01
   &INT_SUM [&Type "Double"]       1.9500000002636853e-04
   &SPLITRIJ [&Type "Double"]       8.3472940000000140e+00
   &COSX [&Type "Double"]       1.8870747000000003e+02
$End
$VdW_Correction
   &GeometryIndex 10
   &vdW [&Type "Double"]      -2.9813921286340500e-02
$End
$Single_Point_Data
   &GeometryIndex 10
   &FinalEnergy [&Type "Double"]      -5.4127438515750316e+02  "Final single point energy"
   &Converged [&Type "Boolean"] true
$End
$SCF_Nuc_Gradient
   &GeometryIndex 10
   &NAtoms [&Type "Integer"] 28
   &gradNorm [&Type "Double"]       9.3211552798845049e-02
   &grad [&Type "ArrayOfDoubles", &Dim (84,1)] 
                                                         0

0                                     -1.8552991359081845e-02
1                                      5.3294556392112363e-03
2                                     -7.8334108811735220e-03
3                                      3.5429271592430952e-03
4                                     -3.0944752043497396e-03
5                                      8.7775248933118361e-03
6                                      3.3193086118979774e-02
7                                     -9.6112195028429208e-03
8                                      1.2058763195627282e-02
9                                     -1.7132649916152543e-03
10                                    -3.5029235786891294e-03
11                                     3.6698578182116997e-03
12                                     3.4943051774098794e-03
13                                     1.1871015876850416e-03
14                                    -2.4053824675256152e-03
15                                     1.9652240721272610e-03
16                                    -5.4958223608205237e-03
17                                     1.0089913894044413e-03
18                                    -1.0583711562793676e-04
19                                     4.4251603838916364e-03
20                                    -3.6965311114095685e-03
21                                     8.3828460418751950e-05
22                                     1.0211711738063569e-03
23                                    -5.4915943515088670e-04
24                                    -7.7744059892359552e-05
25                                    -2.3560192199718031e-04
26                                    -4.1900189293301644e-04
27                                     3.0912517883695094e-05
28                                     1.3740511985335041e-03
29                                    -1.9682013313374343e-04
30                                     2.7585415950642827e-05
31                                     1.7805740319204599e-04
32                                     4.5054994118588065e-04
33                                     1.4597811586582372e-03
34                                     1.3544477296324931e-02
35                                     1.2369055099904975e-02
36                                    -1.8719435575135238e-02
37                                    -4.4307703662863247e-03
38                                    -1.1382249068365664e-02
39                                     7.6761277430072118e-03
40                                     3.9918913418917727e-03
41                                    -1.8498925718864179e-02
42                                     3.4608835909083133e-04
43                                    -1.0025964364670649e-03
44                                    -1.6393615244744936e-04
45                                     3.5056289176616721e-04
46                                    -3.6751494189759446e-03
47                                     1.3206372301558027e-04
48                                    -1.0647660416204152e-03
49                                    -3.6394218855727370e-03
50                                     5.7638188445383303e-03
51                                     6.9500444357372814e-04
52                                    -4.2203398750391083e-04
53                                     3.3850590752478867e-04
54                                     8.3483247150649434e-05
55                                     4.3325635386571779e-04
56                                     6.6755754857484375e-05
57                                     1.5194907797062341e-03
58                                     2.7652018043515612e-04
59                                    -4.2963274362058518e-03
60                                    -2.0136937288051781e-02
61                                     4.2145580716508365e-03
62                                     7.2946571418006723e-03
63                                     1.1217920216804041e-02
64                                     2.7810572248385144e-02
65                                     1.2388351757887172e-02
66                                    -2.1108303127780982e-02
67                                    -2.8064156872898019e-03
68                                    -1.2849585334506520e-02
69                                    -4.5187674908688897e-03
70                                    -1.6382376707996617e-02
71                                    -1.0616730712587812e-04
72                                     8.4135103413699452e-03
73                                     8.1273481986582161e-03
74                                    -2.2679554427747521e-04
75                                     1.2716796149866800e-02
76                                    -2.1495971205601216e-02
77                                     2.9539261262401750e-02
78                                    -3.0756835153499750e-03
79                                     4.9321753871020232e-04
80                                    -3.5265733395622237e-02
81                                     2.2570962355825631e-03
82                                     3.3879395840435934e-03
83                                     4.0318691164371572e-03
   &Method [&Type "String"] "SCF"
   &Level [&Type "String"] "Relaxed density"
   &Mult [&Type "Integer"] 1
   &State [&Type "Integer"] 0
   &Irrep [&Type "Integer"] 0
$End
$Geometry
   &GeometryIndex 11
   &NAtoms [&Type "Integer"] 28
   &NCorelessECP [&Type "Integer"] 0
   &NGhostAtoms [&Type "Integer"] 0
   &CartesianCoordinates [&Type "Coordinates", &Dim(28,4), &Units "Bohr"] 
              N     81.732317320820   54.801761037797   33.072053804966
              B     81.467607944440   52.343015841717   34.062824198064
              N     79.359776754848   50.692362910642   33.072053351669
              B     76.292617395207   45.777060744138   34.991361764752
              N     78.819373154131   46.871659542146   35.964480878762
              B     80.810138666490   48.413888224974   34.391650680601
              N     82.478033760730   50.480464063559   35.641221172201
              H     76.023299326603   44.344493504830   33.263013594327
              H     79.765450192806   45.487640342734   36.904651739584
              H     81.878511842397   47.056324367312   32.888099105038
              H     84.029937237779   50.395492393647   36.723780532267
              B     72.244230053017   47.337639888500   37.794522534455
              B     76.874059207250   48.320296943623   37.794523200573
              N     74.622122129058   46.964788681484   36.656139449183
              H     72.063588459937   48.904238105562   39.420260560404
              H     77.287299316693   47.896015681682   40.007510438004
              H     76.887798996553   50.597786293927   37.372571100052
              H     70.429020080719   46.123576034651   37.165258421500
              H     83.070826871680   56.035191135671   33.609319353807
              H     80.380091464370   55.567336439177   31.986266849536
              H     79.030513287528   50.609163495497   31.189196397713
              N     76.337812519891   54.250382473777   34.690143764928
              B     76.693238908766   51.582366012148   33.833859389019
              N     74.831826059782   50.142647392543   32.559284176987
              H     75.344625827013   48.962127683379   31.164034359276
              H     74.920895330113   54.735015462746   33.540874734547
              H     75.441625262095   54.285763176597   36.368821960232
              H     72.964295077053   50.422872533500   32.734992248199
$End
$SCF_Energy
   &GeometryIndex 11
   &Method [&Type "String"] "SCF"
   &totalEnergy [&Type "ArrayOfDoubles", &Dim (1,1)] "Total energy of each state"
                                                         0

0                                     -5.4125501171697397e+02
   &Mult [&Type "ArrayOfIntegers", &Dim (1,1)] "Multiplicity of each state"
                                                         0

0                                                        1
$End
$DFT_Energy
   &GeometryIndex 11
   &nAlphaEl [&Type "Integer"] 47
   &nBetaEl [&Type "Integer"] 47
   &nTotalEl [&Type "Integer"] 94
   &finalEn [&Type "Double"]      -5.4125501171697397e+02  "No Van der Waals correction"
   &eExchange [&Type "Double"]      -5.6280856744872608e+01
   &eCorr [&Type "Double"]      -3.0735022318483445e+00
   &eXC [&Type "Double"]      -5.9354358976720953e+01
   &eCNL [&Type "Double"]       0.0000000000000000e+00
$End
$SCF_Timings
   &GeometryIndex 11
   &TOTAL [&Type "Double"]       2.4665018600000002e+02
   &PREP [&Type "Double"]       3.9945700000000006e-01
   &FOCK [&Type "Double"]       2.3145430999999996e+02
   &DENS [&Type "Double"]       1.4938900000001354e-01
   &ETOT [&Type "Double"]       6.9211000000002798e-02
   &POP [&Type "Double"]       9.9999999747524271e-07
   &TRAFO [&Type "Double"]       1.8208599999999109e-01
   &DIIS [&Type "Double"]       7.6201699999998596e-01
   &SOSCF [&Type "Double"]       4.5500800000002073e-01
   &XC [&Type "Double"]       3.7594285999999997e+01
   &FOCKSTART [&Type "Double"]       2.0331999999983585e-02
   &INT_PREP [&Type "Double"]       1.0000000045806701e-06
   &INT_BF [&Type "Double"]       1.2561012000000055e+01
   &INT_DENS [&Type "Double"]       1.1935675000000320e+01
   &INT_DENSIO [&Type "Double"]       1.4801440172129988e+06
   &INT_FUNC [&Type "Double"]       3.9815200000143136e-01
   &INT_POT [&Type "Double"]       1.1224983999999562e+01
   &INT_POTIO [&Type "Double"]       1.4932199999891438e-01
   &INT_SUM [&Type "Double"]       2.3600000000101318e-04
   &SPLITRIJ [&Type "Double"]       8.5623929999999646e+00
   &COSX [&Type "Double"]       1.9846173700000006e+02
$End
$VdW_Correction
   &GeometryIndex 11
   &vdW [&Type "Double"]      -2.9966954219634339e-02
$End
$Single_Point_Data
   &GeometryIndex 11
   &FinalEnergy [&Type "Double"]      -5.4128497867119358e+02  "Final single point energy"
   &Converged [&Type "Boolean"] true
$End
$SCF_Nuc_Gradient
   &GeometryIndex 11
   &NAtoms [&Type "Integer"] 28
   &gradNorm [&Type "Double"]       7.5833417085593435e-02
   &grad [&Type "ArrayOfDoubles", &Dim (84,1)] 
                                                         0

0                                     -1.8147293593987424e-02
1                                      5.4721108472011058e-03
2                                     -7.9371375137446392e-03
3                                      3.1238455788953736e-03
4                                     -3.0612844259677559e-03
5                                      9.3364150025887650e-03
6                                      3.3309284601937786e-02
7                                     -9.4450238026977489e-03
8                                      9.3809566346539138e-03
9                                     -1.9989024543666484e-03
10                                    -3.3523710739320907e-03
11                                     2.3992188135511074e-03
12                                     3.8867378315400798e-03
13                                     1.3205733913164660e-03
14                                    -2.6238208611386992e-03
15                                     1.2977720912902514e-03
16                                    -6.2588156022789672e-03
17                                     1.7609719212660420e-03
18                                    -2.6100711029542476e-04
19                                     4.5781998627022029e-03
20                                    -4.2158929539591033e-03
21                                     1.5882395170447984e-04
22                                     8.6196151778627919e-04
23                                    -2.8734480788487866e-04
24                                    -7.0318387904132467e-05
25                                    -2.3954710195488529e-04
26                                    -4.3598706033852431e-04
27                                     7.9809784217522187e-05
28                                     1.4125999695281432e-03
29                                    -2.8607649463307036e-04
30                                     1.2441140497859357e-05
31                                     1.3799022076026993e-04
32                                     3.6854061790309565e-04
33                                     1.4955557323679176e-03
34                                     1.3755894231023349e-02
35                                     1.1997368260668257e-02
36                                    -1.8739401268140329e-02
37                                    -2.5598381936667463e-03
38                                    -1.1475784931599052e-02
39                                     7.0467934519026013e-03
40                                     5.0180968390849366e-03
41                                    -2.0314884132467903e-02
42                                     3.2115405877270852e-04
43                                    -9.9316745370894941e-04
44                                    -1.5020529805394805e-04
45                                     4.4660455336801598e-04
46                                    -4.0177243945372851e-03
47                                     2.7486271414199029e-04
48                                    -1.9638626612409815e-03
49                                    -2.8452601598212466e-03
50                                     5.4439356481694855e-03
51                                     6.5687709780338143e-04
52                                    -5.0236508803074042e-04
53                                     3.8100420707740351e-04
54                                     1.8664221945535964e-04
55                                     3.6041757844776671e-04
56                                     3.8299011697505032e-05
57                                     1.5103863931780958e-03
58                                     2.9872891461535606e-04
59                                    -4.0657465276381548e-03
60                                    -1.6591854745011021e-02
61                                     3.5799827984077459e-03
62                                     6.1954124830706989e-03
63                                     9.3705272742366751e-03
64                                     2.6168213403839163e-02
65                                     3.0192541226863436e-03
66                                    -9.4675648296490902e-03
67                                    -2.4017078491347598e-03
68                                    -5.3588540410878177e-03
69                                    -7.3975875510427138e-03
70                                    -1.5101178554001157e-02
71                                     6.5176113359398814e-03
72                                     5.8744512042240120e-03
73                                     5.6848831206732795e-03
74                                    -1.3802811848075388e-03
75                                     1.1784848973539675e-02
76                                    -1.6704499947093138e-02
77                                     1.2523111960083898e-02
78                                    -6.5542437285651773e-03
79                                    -2.7360607953321641e-03
80                                    -1.2525148380028129e-02
81                                     6.2948023701506119e-04
82                                     1.5691916952512955e-03
83                                     1.4202014139353494e-03
   &Method [&Type "String"] "SCF"
   &Level [&Type "String"] "Relaxed density"
   &Mult [&Type "Integer"] 1
   &State [&Type "Integer"] 0
   &Irrep [&Type "Integer"] 0
$End
$Geometry
   &GeometryIndex 12
   &NAtoms [&Type "Integer"] 28
   &NCorelessECP [&Type "Integer"] 0
   &NGhostAtoms [&Type "Integer"] 0
   &CartesianCoordinates [&Type "Coordinates", &Dim(28,4), &Units "Bohr"] 
              N     81.732319219498   54.801759809604   33.072051332190
              B     81.467604598920   52.343017997853   34.062828790750
              N     79.359777164109   50.692362744032   33.072053101102
              B     76.292617468146   45.777060383074   34.991361658991
              N     78.819373291027   46.871660234389   35.964481632898
              B     80.810138427362   48.413888010044   34.391650197077
              N     82.478036214802   50.480462609163   35.641217820807
              H     76.023299308854   44.344493567232   33.263013591574
              H     79.765450132864   45.487640150728   36.904651534330
              H     81.878511888342   47.056324364320   32.888099228486
              H     84.029936477015   50.395492788612   36.723781629760
              B     72.244230053563   47.337639862596   37.794522537321
              B     76.874059060671   48.320296821621   37.794522934071
              N     74.622122136778   46.964788792952   36.656139481279
              H     72.063588463263   48.904238102271   39.420260566257
              H     77.287299364548   47.896015708213   40.007510466200
              H     76.887799008688   50.597786305578   37.372571131257
              H     70.429020079409   46.123576039786   37.165258420071
              H     83.070826488945   56.035191370100   33.609319800001
              H     80.380091407805   55.567336444208   31.986266866114
              H     79.030513208447   50.609163566892   31.189196406921
              N     76.280437116420   54.200213074243   34.811571304600
              B     76.687241271779   51.617998993272   33.792261777534
              N     74.832672925474   50.511144590874   32.212273632987
              H     75.244787938629   49.263520980386   30.835307971264
              H     74.910792414688   54.975733568583   33.715271051716
              H     75.552863162460   53.984492239868   36.592957890892
              H     72.981960112186   50.934766534137   32.248343873612
$End
$SCF_Energy
   &GeometryIndex 12
   &Method [&Type "String"] "SCF"
   &totalEnergy [&Type "ArrayOfDoubles", &Dim (1,1)] "Total energy of each state"
                                                         0

0                                     -5.4126131211824031e+02
   &Mult [&Type "ArrayOfIntegers", &Dim (1,1)] "Multiplicity of each state"
                                                         0

0                                                        1
$End
$DFT_Energy
   &GeometryIndex 12
   &nAlphaEl [&Type "Integer"] 47
   &nBetaEl [&Type "Integer"] 47
   &nTotalEl [&Type "Integer"] 94
   &finalEn [&Type "Double"]      -5.4126131211824031e+02  "No Van der Waals correction"
   &eExchange [&Type "Double"]      -5.6266009163417948e+01
   &eCorr [&Type "Double"]      -3.0699412485577962e+00
   &eXC [&Type "Double"]      -5.9335950411975745e+01
   &eCNL [&Type "Double"]       0.0000000000000000e+00
$End
$SCF_Timings
   &GeometryIndex 12
   &TOTAL [&Type "Double"]       2.2995622200000000e+02
   &PREP [&Type "Double"]       4.0117600000000003e-01
   &FOCK [&Type "Double"]       2.0955304599999997e+02
   &DENS [&Type "Double"]       1.0467600000004040e-01
   &ETOT [&Type "Double"]       6.2065000000046666e-02
   &POP [&Type "Double"]       1.0000000258969521e-06
   &TRAFO [&Type "Double"]       1.8195799999998030e-01
   &DIIS [&Type "Double"]       6.7413799999999569e-01
   &SOSCF [&Type "Double"]       2.7785999999996847e-01
   &XC [&Type "Double"]       3.2807540000000017e+01
   &FOCKSTART [&Type "Double"]       1.7629999999991597e-02
   &INT_PREP [&Type "Double"]       7.0000000036429810e-06
   &INT_BF [&Type "Double"]       9.9484739999996954e+00
   &INT_DENS [&Type "Double"]       9.8647740000000077e+00
   &INT_DENSIO [&Type "Double"]       1.0500998402049984e+06
   &INT_FUNC [&Type "Double"]       3.4781399999964790e-01
   &INT_POT [&Type "Double"]       1.0792416999999560e+01
   &INT_POTIO [&Type "Double"]       1.3328900000054134e-01
   &INT_SUM [&Type "Double"]       2.3300000001214016e-04
   &SPLITRIJ [&Type "Double"]       7.6002459999999905e+00
   &COSX [&Type "Double"]       1.8786559100000002e+02
$End
$VdW_Correction
   &GeometryIndex 12
   &vdW [&Type "Double"]      -2.9625696757861093e-02
$End
$Single_Point_Data
   &GeometryIndex 12
   &FinalEnergy [&Type "Double"]      -5.4129093781499819e+02  "Final single point energy"
   &Converged [&Type "Boolean"] true
$End
$SCF_Nuc_Gradient
   &GeometryIndex 12
   &NAtoms [&Type "Integer"] 28
   &gradNorm [&Type "Double"]       6.8837829658106309e-02
   &grad [&Type "ArrayOfDoubles", &Dim (84,1)] 
                                                         0

0                                     -1.7510073231782060e-02
1                                      5.3217998527483835e-03
2                                     -7.8616190180591065e-03
3                                      3.4892859943441725e-03
4                                     -2.5265268989051164e-03
5                                      8.1249916419226659e-03
6                                      3.6374144416161290e-02
7                                     -6.9708064215530810e-03
8                                      7.8994914292256739e-03
9                                     -1.8919392397931598e-03
10                                    -1.8096528074064747e-03
11                                     1.7529458957604869e-03
12                                     3.7382697674913602e-03
13                                     1.0857755307266549e-03
14                                    -2.8188648365650533e-03
15                                     1.4235319432251655e-03
16                                    -6.7127123387169469e-03
17                                     1.5303183231987153e-03
18                                    -6.0826045424517122e-04
19                                     4.4161394570329509e-03
20                                    -4.3226409048965648e-03
21                                     2.5372735580052769e-04
22                                     4.5191359847744606e-04
23                                    -2.1672618830520545e-04
24                                    -5.7236542240848995e-05
25                                    -1.6262608793585377e-04
26                                    -4.2894406875354393e-04
27                                     1.3798798229700305e-04
28                                     1.3342881857653704e-03
29                                    -2.8092012568348688e-04
30                                    -5.3818110313727844e-05
31                                     9.6415333550862960e-05
32                                     3.4178403925210095e-04
33                                     3.9834557784158980e-03
34                                     1.2344769572807938e-02
35                                     1.2649747417453169e-02
36                                    -1.9908991929306182e-02
37                                    -4.3849819590348381e-03
38                                    -1.1605898678766598e-02
39                                     4.4196184053143135e-03
40                                     1.9590905635252401e-03
41                                    -1.2019364462876811e-02
42                                     2.1949154406287574e-04
43                                    -7.8144026342359544e-04
44                                    -1.7786566621192052e-04
45                                     4.1541277892707398e-04
46                                    -3.5749549170741731e-03
47                                     1.5131513497962227e-04
48                                    -2.2283747490978272e-03
49                                    -7.0625706494061640e-05
50                                     4.4952524055152264e-03
51                                     3.5361021329660030e-04
52                                    -3.8104805654924715e-04
53                                     4.8726876933891951e-05
54                                     2.8488275492444297e-04
55                                     3.4050471350527140e-04
56                                     1.6596880460986252e-05
57                                     1.3090797316302229e-03
58                                     3.1532544349730868e-04
59                                    -3.6734327449960400e-03
60                                    -1.6953130317332362e-02
61                                     3.9433354989133352e-03
62                                     5.4156654297287891e-03
63                                     1.2224005539828147e-02
64                                     2.1181337319367201e-02
65                                    -7.9850891228081308e-03
66                                    -2.7411713184059281e-03
67                                    -1.2336281463799652e-02
68                                     1.0445053684010101e-02
69                                    -2.3440922831763477e-03
70                                     2.2174803568993226e-04
71                                     4.1532722829289879e-03
72                                     1.1772242124203686e-03
73                                     4.1446792732838227e-03
74                                    -3.7819191229119383e-03
75                                     1.4657051301518449e-03
76                                    -4.1516406607804883e-03
77                                    -5.3373968272169012e-03
78                                    -6.3487723477180609e-03
79                                    -1.1836496028936896e-02
80                                     6.3926053751823236e-03
81                                    -6.2357317522610217e-04
82                                    -1.4573288278712019e-03
83                                    -2.9070850989275487e-03
   &Method [&Type "String"] "SCF"
   &Level [&Type "String"] "Relaxed density"
   &Mult [&Type "Integer"] 1
   &State [&Type "Integer"] 0
   &Irrep [&Type "Integer"] 0
$End
$Geometry
   &GeometryIndex 13
   &NAtoms [&Type "Integer"] 28
   &NCorelessECP [&Type "Integer"] 0
   &NGhostAtoms [&Type "Integer"] 0
   &CartesianCoordinates [&Type "Coordinates", &Dim(28,4), &Units "Bohr"] 
              N     81.732319220144   54.801759810296   33.072051325285
              B     81.467604588928   52.343018005295   34.062828814797
              N     79.359777243317   50.692362670737   33.072052990859
              B     76.292617416444   45.777060605459   34.991361710229
              N     78.819373322018   46.871659761853   35.964481239126
              B     80.810138338586   48.413888303145   34.391650478918
              N     82.478036251179   50.480462561645   35.641217750108
              H     76.023299320833   44.344493526143   33.263013596990
              H     79.765450155598   45.487640270837   36.904651663852
              H     81.878511898843   47.056324331977   32.888099196935
              H     84.029936467053   50.395492792608   36.723781649603
              B     72.244230052682   47.337639877200   37.794522535475
              B     76.874059112234   48.320296896400   37.794523063397
              N     74.622122136733   46.964788728836   36.656139465613
              H     72.063588461401   48.904238104325   39.420260562803
              H     77.287299342987   47.896015693440   40.007510450837
              H     76.887799003301   50.597786299465   37.372571114252
              H     70.429020080184   46.123576036910   37.165258420947
              H     83.070826491385   56.035191368297   33.609319798221
              H     80.380091408085   55.567336445084   31.986266868632
              H     79.030513151123   50.609163583318   31.189196430578
              N     76.259282426602   54.215301105002   34.848208537122
              B     76.695631236807   51.664870962953   33.784455510342
              N     74.773712357280   50.478836315378   32.360037511114
              H     75.072217456281   49.032439570372   31.157916362729
              H     74.698551456456   54.943397025921   33.974451447255
              H     75.887705890677   53.954979042752   36.734533449493
              H     72.937706288614   50.954725027475   32.446466172357
$End
$SCF_Energy
   &GeometryIndex 13
   &Method [&Type "String"] "SCF"
   &totalEnergy [&Type "ArrayOfDoubles", &Dim (1,1)] "Total energy of each state"
                                                         0

0                                     -5.4126489923394388e+02
   &Mult [&Type "ArrayOfIntegers", &Dim (1,1)] "Multiplicity of each state"
                                                         0

0                                                        1
$End
$DFT_Energy
   &GeometryIndex 13
   &nAlphaEl [&Type "Integer"] 47
   &nBetaEl [&Type "Integer"] 47
   &nTotalEl [&Type "Integer"] 94
   &finalEn [&Type "Double"]      -5.4126489923394388e+02  "No Van der Waals correction"
   &eExchange [&Type "Double"]      -5.6264221189218546e+01
   &eCorr [&Type "Double"]      -3.0699915321313949e+00
   &eXC [&Type "Double"]      -5.9334212721349942e+01
   &eCNL [&Type "Double"]       0.0000000000000000e+00
$End
$SCF_Timings
   &GeometryIndex 13
   &TOTAL [&Type "Double"]       2.3889617500000000e+02
   &PREP [&Type "Double"]       3.9606700000000000e-01
   &FOCK [&Type "Double"]       2.2433704199999997e+02
   &DENS [&Type "Double"]       1.2572600000004286e-01
   &ETOT [&Type "Double"]       6.9282999999977335e-02
   &TRAFO [&Type "Double"]       1.7373600000002654e-01
   &DIIS [&Type "Double"]       6.9211900000000171e-01
   &SOSCF [&Type "Double"]       3.6847899999998290e-01
   &XC [&Type "Double"]       3.5645001999999970e+01
   &FOCKSTART [&Type "Double"]       1.8512999999989566e-02
   &INT_PREP [&Type "Double"]       3.9999999970063982e-06
   &INT_BF [&Type "Double"]       1.1757369999999739e+01
   &INT_DENS [&Type "Double"]       1.0982840999999322e+01
   &INT_DENSIO [&Type "Double"]       1.4608906261699982e+06
   &INT_FUNC [&Type "Double"]       3.8358500000081364e-01
   &INT_POT [&Type "Double"]       1.0979713000000945e+01
   &INT_POTIO [&Type "Double"]       1.4090699999922762e-01
   &INT_SUM [&Type "Double"]       1.9499999997663053e-04
   &SPLITRIJ [&Type "Double"]       8.3516360000000276e+00
   &COSX [&Type "Double"]       1.9308208300000001e+02
$End
$VdW_Correction
   &GeometryIndex 13
   &vdW [&Type "Double"]      -2.9705139185004878e-02
$End
$Single_Point_Data
   &GeometryIndex 13
   &FinalEnergy [&Type "Double"]      -5.4129460437312889e+02  "Final single point energy"
   &Converged [&Type "Boolean"] true
$End
$SCF_Nuc_Gradient
   &GeometryIndex 13
   &NAtoms [&Type "Integer"] 28
   &gradNorm [&Type "Double"]       6.9171409995404415e-02
   &grad [&Type "ArrayOfDoubles", &Dim (84,1)] 
                                                         0

0                                     -1.7264130256710118e-02
1                                      5.3459378757570002e-03
2                                     -8.3506315129182676e-03
3                                      2.3644513004864973e-03
4                                     -2.3069059181182530e-03
5                                      8.8491278908532194e-03
6                                      3.8498561849775952e-02
7                                     -1.0408516737584597e-02
8                                      8.1923747591532842e-03
9                                     -2.1136618298341304e-03
10                                    -1.9405679992712433e-03
11                                    -2.9039472262048182e-04
12                                     3.5343420288201522e-03
13                                     1.3291438407043478e-03
14                                    -2.4419055121570909e-03
15                                     2.1999907149164791e-03
16                                    -6.5695193140158153e-03
17                                     8.9350003476968039e-04
18                                    -5.1458909260823356e-04
19                                     4.2802775866848160e-03
20                                    -4.4113904240330364e-03
21                                     3.5822790448457971e-04
22                                     3.5192260791535608e-04
23                                     2.5243314486393502e-04
24                                    -2.6967298785205298e-05
25                                    -9.3035501456927285e-05
26                                    -4.1002904240017518e-04
27                                     2.0275559341276930e-04
28                                     1.1459847787489339e-03
29                                    -1.8829296030785394e-04
30                                    -6.7884151465911308e-05
31                                     1.2106016761337953e-04
32                                     3.7053343470851515e-04
33                                     3.9183583152911988e-03
34                                     1.2229403800781285e-02
35                                     1.2386059025557415e-02
36                                    -2.0203007460433995e-02
37                                    -6.1316228990378023e-03
38                                    -1.2884356259905503e-02
39                                     3.9250015275601700e-03
40                                     2.9107905057352153e-03
41                                    -1.2128309548321945e-02
42                                     2.3369869898429748e-04
43                                    -7.0137121824244419e-04
44                                    -1.5044753586591347e-04
45                                     4.3140557567587112e-04
46                                    -2.8644888373473240e-03
47                                     7.3427099625748420e-05
48                                    -2.6087947252371154e-03
49                                     2.7023118630286323e-03
50                                     2.5450590105252592e-03
51                                     4.0468078292698771e-04
52                                    -3.6633812592528345e-04
53                                     1.2498371798833546e-04
54                                     2.3909968695374188e-04
55                                     3.4812136687770656e-04
56                                    -1.8451091035676815e-06
57                                     1.6030071979363501e-03
58                                     2.6641970299349084e-04
59                                    -3.6233658549519056e-03
60                                    -1.6031133299415665e-02
61                                     4.0166944381094024e-03
62                                     5.9900864361194066e-03
63                                     9.8966402046752784e-03
64                                     1.9016981952465234e-02
65                                    -2.9373010688538400e-03
66                                     2.7238992357247033e-03
67                                    -6.8328520688595721e-03
68                                     5.7767058965939909e-03
69                                    -4.0100291100550961e-03
70                                    -1.8175311863854438e-03
71                                     7.3462993309281665e-03
72                                     5.3669962345900780e-05
73                                     9.0147915801105363e-04
74                                    -2.4358660131494694e-03
75                                    -4.1852002616706747e-03
76                                    -3.8806304713065237e-04
77                                    -9.8385625623848873e-03
78                                    -3.1102038954675744e-03
79                                    -1.3861911113950590e-02
80                                     1.0311406906603040e-02
81                                    -4.5218923937309305e-04
82                                    -6.8380575347009925e-04
83                                    -3.0192985802461108e-03
   &Method [&Type "String"] "SCF"
   &Level [&Type "String"] "Relaxed density"
   &Mult [&Type "Integer"] 1
   &State [&Type "Integer"] 0
   &Irrep [&Type "Integer"] 0
$End
$Geometry
   &GeometryIndex 14
   &NAtoms [&Type "Integer"] 28
   &NCorelessECP [&Type "Integer"] 0
   &NGhostAtoms [&Type "Integer"] 0
   &CartesianCoordinates [&Type "Coordinates", &Dim(28,4), &Units "Bohr"] 
              N     81.732317293904   54.801761052462   33.072053848821
              B     81.467607992047   52.343015816745   34.062824116866
              N     79.359776704856   50.692362939374   33.072053425926
              B     76.292617409754   45.777060656942   34.991361723326
              N     78.819373197827   46.871659729276   35.964481123713
              B     80.810138660531   48.413888122365   34.391650521087
              N     82.478033745732   50.480464084246   35.641221237686
              H     76.023299322238   44.344493518817   33.263013597205
              H     79.765450173448   45.487640285073   36.904651668151
              H     81.878511840354   47.056324379153   32.888099120735
              H     84.029937240015   50.395492391892   36.723780521341
              B     72.244230054191   47.337639877240   37.794522538334
              B     76.874059157272   48.320296917068   37.794523108534
              N     74.622122131732   46.964788714745   36.656139459535
              H     72.063588460863   48.904238104910   39.420260561898
              H     77.287299333642   47.896015687901   40.007510447721
              H     76.887798999202   50.597786296487   37.372571111140
              H     70.429020080109   46.123576036879   37.165258420464
              H     83.070826875470   56.035191134001   33.609319347894
              H     80.380091466036   55.567336438408   31.986266845007
              H     79.030513323834   50.609163489285   31.189196382073
              N     76.208518493409   54.277669378274   34.685865134993
              B     76.684014417324   51.716108103872   33.710643159398
              N     74.752108098453   50.439868872606   32.402371739263
              H     74.985721383957   48.827280316905   31.419779952961
              H     74.424126567363   54.820217120864   34.147239683177
              H     76.293643930371   54.176407537035   36.615688380302
              H     72.930548477015   50.966931381953   32.503115063098
$End
$SCF_Energy
   &GeometryIndex 14
   &Method [&Type "String"] "SCF"
   &totalEnergy [&Type "ArrayOfDoubles", &Dim (1,1)] "Total energy of each state"
                                                         0

0                                     -5.4126906643887457e+02
   &Mult [&Type "ArrayOfIntegers", &Dim (1,1)] "Multiplicity of each state"
                                                         0

0                                                        1
$End
$DFT_Energy
   &GeometryIndex 14
   &nAlphaEl [&Type "Integer"] 47
   &nBetaEl [&Type "Integer"] 47
   &nTotalEl [&Type "Integer"] 94
   &finalEn [&Type "Double"]      -5.4126906643887457e+02  "No Van der Waals correction"
   &eExchange [&Type "Double"]      -5.6264214822717477e+01
   &eCorr [&Type "Double"]      -3.0695669153222696e+00
   &eXC [&Type "Double"]      -5.9333781738039747e+01
   &eCNL [&Type "Double"]       0.0000000000000000e+00
$End
$SCF_Timings
   &GeometryIndex 14
   &TOTAL [&Type "Double"]       2.3428127300000000e+02
   &PREP [&Type "Double"]       4.1236399999999995e-01
   &FOCK [&Type "Double"]       2.1948383699999994e+02
   &DENS [&Type "Double"]       1.3197399999998538e-01
   &ETOT [&Type "Double"]       6.7705000000010784e-02
   &POP [&Type "Double"]       9.9999999747524271e-07
   &TRAFO [&Type "Double"]       1.8258799999998132e-01
   &DIIS [&Type "Double"]       7.1365500000000992e-01
   &SOSCF [&Type "Double"]       3.5265899999996009e-01
   &XC [&Type "Double"]       3.4838890000000021e+01
   &FOCKSTART [&Type "Double"]       1.8407999999971669e-02
   &INT_PREP [&Type "Double"]       2.9999999959784418e-06
   &INT_BF [&Type "Double"]       1.1366046999999739e+01
   &INT_DENS [&Type "Double"]       1.0614530999998998e+01
   &INT_DENSIO [&Type "Double"]       1.4302485385409982e+06
   &INT_FUNC [&Type "Double"]       3.8039500000025939e-01
   &INT_POT [&Type "Double"]       1.0653336000000685e+01
   &INT_POTIO [&Type "Double"]       1.4143900000020437e-01
   &INT_SUM [&Type "Double"]       1.9699999997158102e-04
   &SPLITRIJ [&Type "Double"]       8.2536919999999796e+00
   &COSX [&Type "Double"]       1.8934913799999998e+02
$End
$VdW_Correction
   &GeometryIndex 14
   &vdW [&Type "Double"]      -2.9660383608287912e-02
$End
$Single_Point_Data
   &GeometryIndex 14
   &FinalEnergy [&Type "Double"]      -5.4129872682248288e+02  "Final single point energy"
   &Converged [&Type "Boolean"] true
$End
$SCF_Nuc_Gradient
   &GeometryIndex 14
   &NAtoms [&Type "Integer"] 28
   &gradNorm [&Type "Double"]       7.1064232376969710e-02
   &grad [&Type "ArrayOfDoubles", &Dim (84,1)] 
                                                         0

0                                     -1.6650838651386970e-02
1                                      4.8992333747687692e-03
2                                     -9.4804051446954318e-03
3                                      1.4764995610971571e-03
4                                     -1.2505128930564737e-03
5                                      9.6497734146950686e-03
6                                      4.0938940168988552e-02
7                                     -1.4853535085193281e-02
8                                      8.6578739107211512e-03
9                                     -2.5294727029330998e-03
10                                    -1.9057747592313447e-03
11                                    -2.3558111017424779e-03
12                                     3.2366896412865010e-03
13                                     1.6269788226307069e-03
14                                    -2.0017169977401962e-03
15                                     3.7510591696232579e-03
16                                    -6.3812610716910759e-03
17                                     4.6271873069104037e-05
18                                    -5.2828796340223061e-04
19                                     3.9379750253245218e-03
20                                    -4.4838972222649692e-03
21                                     4.8134717603745531e-04
22                                     2.4068326016155983e-04
23                                     7.2363552633828462e-04
24                                     2.2779672682654926e-05
25                                     3.6254881349024736e-06
26                                    -3.9904861462257180e-04
27                                     2.3682371002989810e-04
28                                     8.8967984364222714e-04
29                                    -6.9283494116724567e-05
30                                    -1.1516356216317066e-04
31                                     1.7329994937454775e-04
32                                     4.3763333619429597e-04
33                                     4.0372214550448895e-03
34                                     1.2006853886646152e-02
35                                     1.2099413733737054e-02
36                                    -2.0484619249819275e-02
37                                    -8.6319351083931298e-03
38                                    -1.4135242602791831e-02
39                                     3.5406978631815187e-03
40                                     3.6671581470501921e-03
41                                    -1.1418618271224009e-02
42                                     2.4310899525738160e-04
43                                    -6.0164677665391095e-04
44                                    -9.2380998577419463e-05
45                                     4.0584363594986327e-04
46                                    -2.0356669097146545e-03
47                                    -4.8337686195466030e-05
48                                    -1.9133930455547835e-03
49                                     2.6587511692051841e-03
50                                     1.3981048680474651e-03
51                                     4.4354458034416507e-04
52                                    -3.1674448606337747e-04
53                                     1.9713537825372113e-04
54                                     3.7411500562364844e-05
55                                     3.8542749910839419e-04
56                                    -7.4976211120910225e-07
57                                     2.1834959579979073e-03
58                                     2.5338519599020542e-04
59                                    -3.3904362868318423e-03
60                                    -1.6585311604595539e-02
61                                     4.3039490236067533e-03
62                                     6.9720168689578381e-03
63                                     9.2263920825929185e-03
64                                     1.7591523713946233e-02
65                                    -1.0738789041642306e-03
66                                     2.2360887084933614e-03
67                                    -2.5300699406260374e-03
68                                     2.5171798870098120e-03
69                                    -1.4019405259289967e-03
70                                    -2.9695616087611308e-03
71                                     8.4100108923781738e-03
72                                    -1.0844106298478036e-04
73                                    -1.1357606070848099e-03
74                                    -3.9717561939181946e-04
75                                    -1.1097225106743006e-02
76                                     5.5427897139157033e-04
77                                    -9.0330048192180518e-03
78                                    -1.0756403611246973e-03
79                                    -1.1801642274435595e-02
80                                     9.1863296776868025e-03
81                                    -7.6101424391056933e-06
82                                     1.2213081212375772e-03
83                                    -1.9153918365207800e-03
   &Method [&Type "String"] "SCF"
   &Level [&Type "String"] "Relaxed density"
   &Mult [&Type "Integer"] 1
   &State [&Type "Integer"] 0
   &Irrep [&Type "Integer"] 0
$End
$Geometry
   &GeometryIndex 15
   &NAtoms [&Type "Integer"] 28
   &NCorelessECP [&Type "Integer"] 0
   &NGhostAtoms [&Type "Integer"] 0
   &CartesianCoordinates [&Type "Coordinates", &Dim(28,4), &Units "Bohr"] 
              N     81.732317636399   54.801760831072   33.072053399797
              B     81.467607386447   52.343016207615   34.062824955083
              N     79.359776794107   50.692362892465   33.072053351560
              B     76.292617412304   45.777060644797   34.991361723555
              N     78.819373215059   46.871659735550   35.964481138304
              B     80.810138604847   48.413888155555   34.391650516258
              N     82.478034197610   50.480463809839   35.641220607552
              H     76.023299321822   44.344493520919   33.263013596542
              H     79.765450171359   45.487640283368   36.904651669031
              H     81.878511850919   47.056324370541   32.888099134372
              H     84.029937099488   50.395492464485   36.723780726596
              B     72.244230054126   47.337639876941   37.794522538263
              B     76.874059152492   48.320296913250   37.794523103797
              N     74.622122131547   46.964788718862   36.656139458432
              H     72.063588460971   48.904238104712   39.420260562131
              H     77.287299334356   47.896015688673   40.007510447931
              H     76.887798999716   50.597786297009   37.372571111399
              H     70.429020080125   46.123576036847   37.165258420558
              H     83.070826806997   56.035191175857   33.609319428296
              H     80.380091456339   55.567336439386   31.986266848208
              H     79.030513296028   50.609163505527   31.189196389793
              N     76.208004724171   54.323777118782   34.510954035982
              B     76.674806891630   51.767537271388   33.607864963327
              N     74.748932069276   50.462352581382   32.334618291715
              H     74.931372557171   48.762004072972   31.510339099321
              H     74.301674013324   54.697456279788   34.438059287523
              H     76.766061958645   54.467143649513   36.343848800145
              H     72.942774969614   51.030719675970   32.482395439388
$End
$SCF_Energy
   &GeometryIndex 15
   &Method [&Type "String"] "SCF"
   &totalEnergy [&Type "ArrayOfDoubles", &Dim (1,1)] "Total energy of each state"
                                                         0

0                                     -5.4127409176317371e+02
   &Mult [&Type "ArrayOfIntegers", &Dim (1,1)] "Multiplicity of each state"
                                                         0

0                                                        1
$End
$DFT_Energy
   &GeometryIndex 15
   &nAlphaEl [&Type "Integer"] 47
   &nBetaEl [&Type "Integer"] 47
   &nTotalEl [&Type "Integer"] 94
   &finalEn [&Type "Double"]      -5.4127409176317371e+02  "No Van der Waals correction"
   &eExchange [&Type "Double"]      -5.6268857976381554e+01
   &eCorr [&Type "Double"]      -3.0690313922765999e+00
   &eXC [&Type "Double"]      -5.9337889368658153e+01
   &eCNL [&Type "Double"]       0.0000000000000000e+00
$End
$SCF_Timings
   &GeometryIndex 15
   &TOTAL [&Type "Double"]       2.3075063200000000e+02
   &PREP [&Type "Double"]       4.0632900000000000e-01
   &FOCK [&Type "Double"]       2.1633957600000002e+02
   &DENS [&Type "Double"]       1.2228299999998171e-01
   &ETOT [&Type "Double"]       6.5890999999989930e-02
   &TRAFO [&Type "Double"]       1.8623800000000301e-01
   &DIIS [&Type "Double"]       7.2662099999999086e-01
   &SOSCF [&Type "Double"]       3.5173700000001418e-01
   &XC [&Type "Double"]       3.4839217000000005e+01
   &FOCKSTART [&Type "Double"]       2.2204999999975994e-02
   &INT_PREP [&Type "Double"]       2.9999999924257281e-06
   &INT_BF [&Type "Double"]       1.1448007000000548e+01
   &INT_DENS [&Type "Double"]       1.0783736000000722e+01
   &INT_DENSIO [&Type "Double"]       1.4092139647269989e+06
   &INT_FUNC [&Type "Double"]       3.7350799999907025e-01
   &INT_POT [&Type "Double"]       1.0796338999999534e+01
   &INT_POTIO [&Type "Double"]       1.3266200000102657e-01
   &INT_SUM [&Type "Double"]       1.2030000000038399e-03
   &SPLITRIJ [&Type "Double"]       8.2965419999999739e+00
   &COSX [&Type "Double"]       1.8575738699999999e+02
$End
$VdW_Correction
   &GeometryIndex 15
   &vdW [&Type "Double"]      -2.9554973795481498e-02
$End
$Single_Point_Data
   &GeometryIndex 15
   &FinalEnergy [&Type "Double"]      -5.4130364673696920e+02  "Final single point energy"
   &Converged [&Type "Boolean"] true
$End
$SCF_Nuc_Gradient
   &GeometryIndex 15
   &NAtoms [&Type "Integer"] 28
   &gradNorm [&Type "Double"]       7.3355988662515206e-02
   &grad [&Type "ArrayOfDoubles", &Dim (84,1)] 
                                                         0

0                                     -1.5681808189094225e-02
1                                      3.8507597056638412e-03
2                                     -1.0676385222317444e-02
3                                      8.4336711256144663e-04
4                                      9.0375665769385730e-04
5                                      9.8588809648281865e-03
6                                      4.3008904714115545e-02
7                                     -1.9138643028827479e-02
8                                      1.1332030806329546e-02
9                                     -2.8164418568342583e-03
10                                    -1.9547276192711646e-03
11                                    -3.3251280853778499e-03
12                                     2.7000146807895317e-03
13                                     1.8876359836275188e-03
14                                    -1.5702432952466106e-03
15                                     5.5621499176640703e-03
16                                    -5.7387842901565232e-03
17                                    -1.0388989094886666e-03
18                                    -5.9714560762418739e-04
19                                     3.1760737851209359e-03
20                                    -4.2362395634202967e-03
21                                     5.6414486913556943e-04
22                                     1.6099315702424683e-04
23                                     1.0068063932882477e-03
24                                     7.4889695372283552e-05
25                                     1.1683793326740931e-04
26                                    -3.7997922509210697e-04
27                                     2.3201386720948761e-04
28                                     6.0338959923484042e-04
29                                     3.9119438781761335e-05
30                                    -1.6420280329569527e-04
31                                     2.3512171629535983e-04
32                                     4.9945564532451029e-04
33                                     4.2096636493883389e-03
34                                     1.1847869966261753e-02
35                                     1.2026617504807702e-02
36                                    -2.0824821746538744e-02
37                                    -1.1847931205434304e-02
38                                    -1.5084690928669179e-02
39                                     3.5771082818368298e-03
40                                     3.8105881333523862e-03
41                                    -9.7905867050913156e-03
42                                     2.5661720913759445e-04
43                                    -5.7161823486217059e-04
44                                    -5.4121901358942202e-05
45                                     3.5018579047303721e-04
46                                    -1.1519144876934657e-03
47                                    -2.2451615884728335e-04
48                                    -1.1647062822179224e-03
49                                     2.7040112248172287e-03
50                                     5.2705808122056939e-04
51                                     4.7315325202391506e-04
52                                    -2.6717993309721406e-04
53                                     2.1668482147564556e-04
54                                    -1.8513030975468101e-04
55                                     3.8140822038454830e-04
56                                     2.6408783930597895e-05
57                                     2.4257042623193103e-03
58                                     2.1856907689504762e-04
59                                    -2.5799200733943387e-03
60                                    -1.8316310116508510e-02
61                                     5.1643345082568971e-03
62                                     8.3744199123967824e-03
63                                     1.1137842413400210e-02
64                                     1.4453755036986352e-02
65                                    -4.0178297440734189e-03
66                                    -2.6769852693441518e-03
67                                     2.8173071381021059e-03
68                                    -2.2389092364365106e-04
69                                     2.2269574926459274e-03
70                                    -4.5012815083461701e-03
71                                     5.7813140844918788e-03
72                                     4.3290641940545846e-05
73                                    -7.8095939163462655e-04
74                                     6.7815804020550049e-04
75                                    -1.4265972721983773e-02
76                                    -9.4441788216037830e-04
77                                    -2.6371035322472636e-03
78                                    -1.8347466431953442e-03
79                                    -8.5215271004013843e-03
80                                     5.0984978458660374e-03
81                                     8.4226368098104575e-04
82                                     3.0865728146842121e-03
83                                     3.7408190865765136e-04
   &Method [&Type "String"] "SCF"
   &Level [&Type "String"] "Relaxed density"
   &Mult [&Type "Integer"] 1
   &State [&Type "Integer"] 0
   &Irrep [&Type "Integer"] 0
$End
$Geometry
   &GeometryIndex 16
   &NAtoms [&Type "Integer"] 28
   &NCorelessECP [&Type "Integer"] 0
   &NGhostAtoms [&Type "Integer"] 0
   &CartesianCoordinates [&Type "Coordinates", &Dim(28,4), &Units "Bohr"] 
              N     81.732317294935   54.801761051467   33.072053846968
              B     81.467607987878   52.343015821007   34.062824124410
              N     79.359776706373   50.692362931150   33.072053419137
              B     76.292617402433   45.777060686956   34.991361723190
              N     78.819373210416   46.871659666901   35.964481093730
              B     80.810138640556   48.413888163692   34.391650547465
              N     82.478033764742   50.480464070930   35.641221215190
              H     76.023299323757   44.344493512742   33.263013599355
              H     79.765450175594   45.487640299024   36.904651680195
              H     81.878511842418   47.056324374666   32.888099117941
              H     84.029937232825   50.395492394730   36.723780531529
              B     72.244230054050   47.337639878889   37.794522537901
              B     76.874059159589   48.320296929778   37.794523115815
              N     74.622122132419   46.964788705625   36.656139460647
              H     72.063588460646   48.904238105215   39.420260561459
              H     77.287299332087   47.896015685383   40.007510446516
              H     76.887798998306   50.597786295461   37.372571110031
              H     70.429020080155   46.123576036680   37.165258420467
              H     83.070826875295   56.035191134133   33.609319348216
              H     80.380091466960   55.567336438000   31.986266844138
              H     79.030513321624   50.609163490838   31.189196383161
              N     76.291373892108   54.336528051245   34.421089821638
              B     76.681597330673   51.801027131264   33.539452077294
              N     74.743799459366   50.545531054622   32.227599797435
              H     74.862657889313   48.805166567736   31.489241115467
              H     74.423448520411   54.635105954845   34.831524695142
              H     77.258669197214   54.698384867519   36.027539219760
              H     72.956068079932   51.150731977964   32.444121861839
$End
$SCF_Energy
   &GeometryIndex 16
   &Method [&Type "String"] "SCF"
   &totalEnergy [&Type "ArrayOfDoubles", &Dim (1,1)] "Total energy of each state"
                                                         0

0                                     -5.4127773702853881e+02
   &Mult [&Type "ArrayOfIntegers", &Dim (1,1)] "Multiplicity of each state"
                                                         0

0                                                        1
$End
$DFT_Energy
   &GeometryIndex 16
   &nAlphaEl [&Type "Integer"] 47
   &nBetaEl [&Type "Integer"] 47
   &nTotalEl [&Type "Integer"] 94
   &finalEn [&Type "Double"]      -5.4127773702853881e+02  "No Van der Waals correction"
   &eExchange [&Type "Double"]      -5.6277318958777585e+01
   &eCorr [&Type "Double"]      -3.0691334801168813e+00
   &eXC [&Type "Double"]      -5.9346452438894467e+01
   &eCNL [&Type "Double"]       0.0000000000000000e+00
$End
$SCF_Timings
   &GeometryIndex 16
   &TOTAL [&Type "Double"]       2.2922961800000002e+02
   &PREP [&Type "Double"]       4.5195099999999999e-01
   &FOCK [&Type "Double"]       2.1519221599999997e+02
   &DENS [&Type "Double"]       1.3764900000001035e-01
   &ETOT [&Type "Double"]       6.4303999999953732e-02
   &POP [&Type "Double"]       9.9999999747524271e-07
   &TRAFO [&Type "Double"]       1.8865100000002144e-01
   &DIIS [&Type "Double"]       7.1154900000000509e-01
   &SOSCF [&Type "Double"]       3.6155600000000732e-01
   &XC [&Type "Double"]       3.4244213999999999e+01
   &FOCKSTART [&Type "Double"]       2.1342999999982237e-02
   &INT_BF [&Type "Double"]       1.0953378999999057e+01
   &INT_DENS [&Type "Double"]       1.0482394999999535e+01
   &INT_DENSIO [&Type "Double"]       1.4032179803699977e+06
   &INT_FUNC [&Type "Double"]       3.8161799999941692e-01
   &INT_POT [&Type "Double"]       1.0516568999999027e+01
   &INT_POTIO [&Type "Double"]       1.3777900000105348e-01
   &INT_SUM [&Type "Double"]       1.9000000002478146e-04
   &SPLITRIJ [&Type "Double"]       8.1945879999999658e+00
   &COSX [&Type "Double"]       1.8495232300000001e+02
$End
$VdW_Correction
   &GeometryIndex 16
   &vdW [&Type "Double"]      -2.9474168537115198e-02
$End
$Single_Point_Data
   &GeometryIndex 16
   &FinalEnergy [&Type "Double"]      -5.4130721119707596e+02  "Final single point energy"
   &Converged [&Type "Boolean"] true
$End
$SCF_Nuc_Gradient
   &GeometryIndex 16
   &NAtoms [&Type "Integer"] 28
   &gradNorm [&Type "Double"]       7.4957846672432396e-02
   &grad [&Type "ArrayOfDoubles", &Dim (84,1)] 
                                                         0

0                                     -1.5024268198132192e-02
1                                      2.6547860838840713e-03
2                                     -1.1533266694923027e-02
3                                      2.5517952255523987e-04
4                                      3.5577792410104456e-03
5                                      9.7691775928567277e-03
6                                      4.3237178194863057e-02
7                                     -2.0142361908548574e-02
8                                      1.4854227515193089e-02
9                                     -2.8725123090717671e-03
10                                    -1.9960352585795742e-03
11                                    -3.2133360820326500e-03
12                                     2.1846161620090883e-03
13                                     1.9581199768899378e-03
14                                    -1.3299900005588772e-03
15                                     6.7690317470329381e-03
16                                    -4.9728418301321197e-03
17                                    -1.6303573737383688e-03
18                                    -6.7868065322690451e-04
19                                     2.2591230802576257e-03
20                                    -3.9234261639120287e-03
21                                     5.8802521950892248e-04
22                                     1.1641667997586651e-04
23                                     1.0558684497276199e-03
24                                     1.1116849588366486e-04
25                                     1.9930568361457808e-04
26                                    -3.6275597387889303e-04
27                                     1.7488622762426906e-04
28                                     4.1330804435737236e-04
29                                     3.2063435568170447e-05
30                                    -2.0504957956140208e-04
31                                     2.7625786953258344e-04
32                                     5.1958834505155880e-04
33                                     4.4656291703253836e-03
34                                     1.1757656202381832e-02
35                                     1.2109296012007815e-02
36                                    -2.1084890117476114e-02
37                                    -1.4093633430939856e-02
38                                    -1.5567408858669638e-02
39                                     3.6704343852246753e-03
40                                     3.4993334629772450e-03
41                                    -8.1181662557879980e-03
42                                     2.5703124063423662e-04
43                                    -5.9533847025240250e-04
44                                    -4.3186897884902798e-05
45                                     3.0630558478353365e-04
46                                    -5.8174760705546023e-04
47                                    -3.5907419236909686e-04
48                                    -7.4963939436370659e-04
49                                     3.0890741338822614e-03
50                                     4.9515357175904077e-05
51                                     4.6562605240235640e-04
52                                    -2.4335574433507427e-04
53                                     1.8084019630030531e-04
54                                    -4.1467423294686391e-04
55                                     3.6105465660249284e-04
56                                     1.3639750983516287e-04
57                                     2.2163703757244867e-03
58                                     1.9101147990106633e-04
59                                    -1.5778620886609306e-03
60                                    -1.9837258461496376e-02
61                                     6.1361807167916093e-03
62                                     9.5368704441490017e-03
63                                     1.2205780667684886e-02
64                                     7.0295219443815005e-03
65                                    -1.1320849194736535e-02
66                                    -7.3075015238896609e-03
67                                     8.7769484521069193e-03
68                                     6.0871119307629091e-04
69                                     3.4691509956020329e-03
70                                    -5.7157793476820809e-03
71                                     6.7821466198990485e-04
72                                    -8.6957777961253741e-05
73                                     9.3558268601241453e-04
74                                     3.4914866573447609e-04
75                                    -9.7104160771059045e-03
76                                    -2.5563304160574705e-03
77                                     4.4326832001688691e-03
78                                    -3.9285600374315876e-03
79                                    -5.6810945893451146e-03
80                                     2.2213009170793442e-03
81                                     1.5239941872731430e-03
82                                     3.3670581527487234e-03
83                                     2.4457762096855612e-03
   &Method [&Type "String"] "SCF"
   &Level [&Type "String"] "Relaxed density"
   &Mult [&Type "Integer"] 1
   &State [&Type "Integer"] 0
   &Irrep [&Type "Integer"] 0
$End
$Geometry
   &GeometryIndex 17
   &NAtoms [&Type "Integer"] 28
   &NCorelessECP [&Type "Integer"] 0
   &NGhostAtoms [&Type "Integer"] 0
   &CartesianCoordinates [&Type "Coordinates", &Dim(28,4), &Units "Bohr"] 
              N     81.732317293344   54.801761052764   33.072053849446
              B     81.467607992441   52.343015816964   34.062824116725
              N     79.359776704242   50.692362936895   33.072053424484
              B     76.292617406820   45.777060668524   34.991361720071
              N     78.819373202411   46.871659710662   35.964481117311
              B     80.810138654357   48.413888134674   34.391650527996
              N     82.478033750772   50.480464080816   35.641221232384
              H     76.023299322747   44.344493516468   33.263013598384
              H     79.765450173987   45.487640288969   36.904651671105
              H     81.878511840955   47.056324377880   32.888099120001
              H     84.029937238019   50.395492392613   36.723780524077
              B     72.244230053513   47.337639879615   37.794522536253
              B     76.874059157212   48.320296921863   37.794523109113
              N     74.622122133332   46.964788707685   36.656139464432
              H     72.063588460785   48.904238105054   39.420260561717
              H     77.287299333330   47.896015687032   40.007510447465
              H     76.887798999003   50.597786296125   37.372571110956
              H     70.429020080179   46.123576036645   37.165258420645
              H     83.070826875549   56.035191133950   33.609319347820
              H     80.380091466460   55.567336438251   31.986266844823
              H     79.030513323597   50.609163489821   31.189196382252
              N     76.354487783456   54.328743946177   34.448743763987
              B     76.694263654525   51.799535110681   33.554086111203
              N     74.736356164751   50.606239697004   32.200061263242
              H     74.802309400318   48.838739122740   31.517653467478
              H     74.572012447256   54.625317637008   35.111274488514
              H     77.570849448294   54.781575775426   35.850273690543
              H     72.956597205789   51.230834882160   32.432818378262
$End
$SCF_Energy
   &GeometryIndex 17
   &Method [&Type "String"] "SCF"
   &totalEnergy [&Type "ArrayOfDoubles", &Dim (1,1)] "Total energy of each state"
                                                         0

0                                     -5.4127899345582807e+02
   &Mult [&Type "ArrayOfIntegers", &Dim (1,1)] "Multiplicity of each state"
                                                         0

0                                                        1
$End
$DFT_Energy
   &GeometryIndex 17
   &nAlphaEl [&Type "Integer"] 47
   &nBetaEl [&Type "Integer"] 47
   &nTotalEl [&Type "Integer"] 94
   &finalEn [&Type "Double"]      -5.4127899345582807e+02  "No Van der Waals correction"
   &eExchange [&Type "Double"]      -5.6280475090869800e+01
   &eCorr [&Type "Double"]      -3.0696771032895267e+00
   &eXC [&Type "Double"]      -5.9350152194159328e+01
   &eCNL [&Type "Double"]       0.0000000000000000e+00
$End
$SCF_Timings
   &GeometryIndex 17
   &TOTAL [&Type "Double"]       2.2322004100000001e+02
   &PREP [&Type "Double"]       4.1718700000000009e-01
   &FOCK [&Type "Double"]       2.0961604599999998e+02
   &DENS [&Type "Double"]       1.3891599999996629e-01
   &ETOT [&Type "Double"]       6.6231000000005480e-02
   &TRAFO [&Type "Double"]       1.8243700000000018e-01
   &DIIS [&Type "Double"]       7.0190399999999897e-01
   &SOSCF [&Type "Double"]       3.6058700000005572e-01
   &XC [&Type "Double"]       3.3808992999999958e+01
   &FOCKSTART [&Type "Double"]       1.9884000000023994e-02
   &INT_PREP [&Type "Double"]       3.9999999934536845e-06
   &INT_BF [&Type "Double"]       1.1438750000002020e+01
   &INT_DENS [&Type "Double"]       1.0531299999998481e+01
   &INT_DENSIO [&Type "Double"]       1.3589986482469982e+06
   &INT_FUNC [&Type "Double"]       3.7319200000094099e-01
   &INT_POT [&Type "Double"]       9.9919480000004910e+00
   &INT_POTIO [&Type "Double"]       1.3445399999896424e-01
   &INT_SUM [&Type "Double"]       2.2899999998671206e-04
   &SPLITRIJ [&Type "Double"]       8.0491240000000079e+00
   &COSX [&Type "Double"]       1.7952449900000002e+02
$End
$VdW_Correction
   &GeometryIndex 17
   &vdW [&Type "Double"]      -2.9484116703140283e-02
$End
$Single_Point_Data
   &GeometryIndex 17
   &FinalEnergy [&Type "Double"]      -5.4130847757253116e+02  "Final single point energy"
   &Converged [&Type "Boolean"] true
$End
$SCF_Nuc_Gradient
   &GeometryIndex 17
   &NAtoms [&Type "Integer"] 28
   &gradNorm [&Type "Double"]       7.2311638184072533e-02
   &grad [&Type "ArrayOfDoubles", &Dim (84,1)] 
                                                         0

0                                     -1.4785248090999868e-02
1                                      1.9903302969502554e-03
2                                     -1.1878922090846733e-02
3                                     -3.7994509231189437e-04
4                                      5.3827338586466310e-03
5                                      9.6711412273882275e-03
6                                      4.2106091835106149e-02
7                                     -1.8754090318604911e-02
8                                      1.5800098988347083e-02
9                                     -2.8500342664357398e-03
10                                    -1.7740067689649250e-03
11                                    -3.1378030854811905e-03
12                                     1.9518825606317696e-03
13                                     1.9304943404403248e-03
14                                    -1.2820570122274748e-03
15                                     6.8978776419654064e-03
16                                    -4.6715201038925909e-03
17                                    -1.5698154026285661e-03
18                                    -7.8533657420678344e-04
19                                     1.6991535012961972e-03
20                                    -3.8321739475632838e-03
21                                     5.9083778724896673e-04
22                                     6.8920803697555377e-05
23                                     1.0352277350873572e-03
24                                     1.2582083645521671e-04
25                                     2.3070360155504792e-04
26                                    -3.4679415214568758e-04
27                                     1.2900700446186240e-04
28                                     3.3913519000452265e-04
29                                    -3.6877498336905351e-05
30                                    -2.2927330005870843e-04
31                                     2.6888588841607509e-04
32                                     4.7024566332739675e-04
33                                     4.7326417180984818e-03
34                                     1.1680640222976183e-02
35                                     1.2117807553485686e-02
36                                    -2.1147828233814038e-02
37                                    -1.4461233936457088e-02
38                                    -1.5620950758172082e-02
39                                     3.4815560621219098e-03
40                                     3.4085831979089325e-03
41                                    -7.4384673897668098e-03
42                                     2.4170740485430012e-04
43                                    -5.9013563052631257e-04
44                                    -4.1251462585551409e-05
45                                     2.9883679365315960e-04
46                                    -5.0162459911047162e-04
47                                    -3.8123524817460527e-04
48                                    -7.1831053069207503e-04
49                                     3.4600326052707849e-03
50                                    -1.9181615890215839e-05
51                                     4.3284135182588494e-04
52                                    -2.4517805874477914e-04
53                                     1.5229342597493757e-04
54                                    -5.6391642966406336e-04
55                                     3.3431197935582864e-04
56                                     2.3403061778088912e-04
57                                     1.9966805843811284e-03
58                                     1.9089538849085850e-04
59                                    -9.5037608109883528e-04
60                                    -1.9554675071712619e-02
61                                     6.2797206997567507e-03
62                                     9.5180280582553775e-03
63                                     5.6122764224457861e-03
64                                     5.3659693439303997e-03
65                                    -1.2769150633501354e-02
66                                    -5.4242475261260456e-03
67                                     6.7951676413327824e-03
68                                     2.8215843075893084e-03
69                                     3.2150624710066550e-03
70                                    -3.2767241884527924e-03
71                                    -1.3386826422428033e-03
72                                    -6.3444115825922779e-04
73                                     7.1115574533989125e-04
74                                    -2.1744646799659785e-04
75                                    -5.2260075846714800e-03
76                                    -3.0767169311450276e-03
77                                     4.7448128123608714e-03
78                                    -7.0185796725645956e-04
79                                    -4.8733801787348733e-03
80                                     1.9583876368108135e-03
81                                     1.1880012276932691e-03
82                                     2.0877763305103044e-03
83                                     2.3375274443676705e-03
   &Method [&Type "String"] "SCF"
   &Level [&Type "String"] "Relaxed density"
   &Mult [&Type "Integer"] 1
   &State [&Type "Integer"] 0
   &Irrep [&Type "Integer"] 0
$End
$Geometry
   &GeometryIndex 18
   &NAtoms [&Type "Integer"] 28
   &NCorelessECP [&Type "Integer"] 0
   &NGhostAtoms [&Type "Integer"] 0
   &CartesianCoordinates [&Type "Coordinates", &Dim(28,4), &Units "Bohr"] 
              N     81.732317392269   54.801760943353   33.072053806645
              B     81.467607869124   52.343016018082   34.062824198045
              N     79.359776530806   50.692362837824   33.072053657972
              B     76.292617411386   45.777060593018   34.991361683335
              N     78.819373332591   46.871659830015   35.964481333833
              B     80.810138521093   48.413888170750   34.391650289468
              N     82.478034040190   50.480463898952   35.641221006643
              H     76.023299319376   44.344493528755   33.263013599209
              H     79.765450140686   45.487640253078   36.904651642502
              H     81.878511851870   47.056324373138   32.888099155658
              H     84.029937124002   50.395492446413   36.723780656876
              B     72.244230053807   47.337639881977   37.794522534081
              B     76.874059106242   48.320296905076   37.794523046194
              N     74.622122133299   46.964788722589   36.656139473040
              H     72.063588461125   48.904238103399   39.420260562695
              H     77.287299341219   47.896015688007   40.007510449576
              H     76.887799002111   50.597786298527   37.372571114147
              H     70.429020079997   46.123576035935   37.165258420853
              H     83.070826844769   56.035191160924   33.609319366461
              H     80.380091470609   55.567336446849   31.986266814043
              H     79.030513436486   50.609163536607   31.189196316183
              N     76.402963035389   54.301546873631   34.534703959584
              B     76.705110504874   51.773241722947   33.601226606991
              N     74.738201321909   50.634479819643   32.195783325946
              H     74.798329055688   48.865156810479   31.511778935513
              H     74.656737882913   54.620608365256   35.243134446072
              H     77.687326207236   54.755254916941   35.876143231741
              H     72.951833910620   51.250122522201   32.408052690503
$End
$SCF_Energy
   &GeometryIndex 18
   &Method [&Type "String"] "SCF"
   &totalEnergy [&Type "ArrayOfDoubles", &Dim (1,1)] "Total energy of each state"
                                                         0

0                                     -5.4127947406928013e+02
   &Mult [&Type "ArrayOfIntegers", &Dim (1,1)] "Multiplicity of each state"
                                                         0

0                                                        1
$End
$DFT_Energy
   &GeometryIndex 18
   &nAlphaEl [&Type "Integer"] 47
   &nBetaEl [&Type "Integer"] 47
   &nTotalEl [&Type "Integer"] 94
   &finalEn [&Type "Double"]      -5.4127947406928013e+02  "No Van der Waals correction"
   &eExchange [&Type "Double"]      -5.6281448469666365e+01
   &eCorr [&Type "Double"]      -3.0701844651613079e+00
   &eXC [&Type "Double"]      -5.9351632934827677e+01
   &eCNL [&Type "Double"]       0.0000000000000000e+00
$End
$SCF_Timings
   &GeometryIndex 18
   &TOTAL [&Type "Double"]       2.0378933799999999e+02
   &PREP [&Type "Double"]       4.1653300000000010e-01
   &FOCK [&Type "Double"]       1.9009574400000000e+02
   &DENS [&Type "Double"]       1.2287900000004015e-01
   &ETOT [&Type "Double"]       6.1598000000003594e-02
   &POP [&Type "Double"]       9.9999999747524271e-07
   &TRAFO [&Type "Double"]       1.8917299999999670e-01
   &DIIS [&Type "Double"]       6.9798499999999208e-01
   &SOSCF [&Type "Double"]       3.0024599999997292e-01
   &XC [&Type "Double"]       3.0645698000000014e+01
   &FOCKSTART [&Type "Double"]       1.8987000000002419e-02
   &INT_PREP [&Type "Double"]       3.0000000066365828e-06
   &INT_BF [&Type "Double"]       9.9296999999998192e+00
   &INT_DENS [&Type "Double"]       9.4376439999986239e+00
   &INT_DENSIO [&Type "Double"]       1.1057969473089972e+06
   &INT_FUNC [&Type "Double"]       3.4014399999930944e-01
   &INT_POT [&Type "Double"]       9.1896350000001910e+00
   &INT_POTIO [&Type "Double"]       1.2320699999990126e-01
   &INT_SUM [&Type "Double"]       2.3400000002737897e-04
   &SPLITRIJ [&Type "Double"]       7.3748269999999829e+00
   &COSX [&Type "Double"]       1.6403967599999999e+02
$End
$VdW_Correction
   &GeometryIndex 18
   &vdW [&Type "Double"]      -2.9538380661455602e-02
$End
$Single_Point_Data
   &GeometryIndex 18
   &FinalEnergy [&Type "Double"]      -5.4130901244994163e+02  "Final single point energy"
   &Converged [&Type "Boolean"] true
$End
$SCF_Nuc_Gradient
   &GeometryIndex 18
   &NAtoms [&Type "Integer"] 28
   &gradNorm [&Type "Double"]       6.8472948844672560e-02
   &grad [&Type "ArrayOfDoubles", &Dim (84,1)] 
                                                         0

0                                     -1.4984282264200009e-02
1                                      2.0817010107392888e-03
2                                     -1.1815453561858678e-02
3                                     -7.2492818559853037e-04
4                                      5.5542352312869803e-03
5                                      9.7573352348567181e-03
6                                      4.0320793178704885e-02
7                                     -1.5654213520742827e-02
8                                      1.5060508559143039e-02
9                                     -2.7358324453363638e-03
10                                    -1.5703352025663332e-03
11                                    -2.9828516194635524e-03
12                                     1.9045572421009097e-03
13                                     1.9242460692660745e-03
14                                    -1.3407108940180542e-03
15                                     6.3910560786630908e-03
16                                    -4.6900584216221846e-03
17                                    -1.1487292516094807e-03
18                                    -8.4482716502778813e-04
19                                     1.6232789702716422e-03
20                                    -3.9807966847054963e-03
21                                     5.7488788048929373e-04
22                                     5.2383538549766417e-05
23                                     9.8288654779966249e-04
24                                     1.2687485719273619e-04
25                                     2.3351611733172427e-04
26                                    -3.2638780492641451e-04
27                                     8.6391422827697558e-05
28                                     3.7060169653923360e-04
29                                    -1.1118355092439169e-04
30                                    -2.4348523639653932e-04
31                                     2.4372824040118547e-04
32                                     4.2203608493078716e-04
33                                     4.8785372418288656e-03
34                                     1.1639091114253423e-02
35                                     1.2134111548062657e-02
36                                    -2.1137635686733113e-02
37                                    -1.3966298299247160e-02
38                                    -1.5472286241380310e-02
39                                     3.3385352632824368e-03
40                                     3.3873564819860351e-03
41                                    -7.3440046777516641e-03
42                                     2.2856816167210752e-04
43                                    -5.7953773355016406e-04
44                                    -4.6309041244995897e-05
45                                     2.9592838277472136e-04
46                                    -6.3686400036726048e-04
47                                    -3.7150819004839086e-04
48                                    -7.7618146485813194e-04
49                                     4.0381588889002104e-03
50                                     1.0911440767760172e-05
51                                     4.0307940759958286e-04
52                                    -2.5224717324206326e-04
53                                     1.3386593822669994e-04
54                                    -6.1918402332732168e-04
55                                     3.5199590279713058e-04
56                                     2.8462971537790676e-04
57                                     2.0281651330577538e-03
58                                     2.4164661837383449e-04
59                                    -9.7517721509103291e-04
60                                    -1.8678941781425425e-02
61                                     5.8708794188289714e-03
62                                     8.9237165511659965e-03
63                                     3.8925062654883311e-04
64                                     7.9602225440983353e-03
65                                    -8.9828692383213428e-03
66                                    -2.2623747704263787e-03
67                                     3.1984528998166056e-04
68                                     4.5718362157433296e-03
69                                     1.8917066938260803e-03
70                                    -1.6613543332658150e-03
71                                    -2.7318732399113457e-03
72                                    -8.9368542504796879e-04
73                                     2.5817367439316007e-04
74                                    -3.0121885003907148e-04
75                                    -2.7792772639768047e-04
76                                    -3.7584579942270806e-03
77                                     2.3223417747015290e-03
78                                     1.1470805887095405e-03
79                                    -4.3128685769058817e-03
80                                     2.0892566757920732e-03
81                                     1.7387381439351484e-04
82                                     9.3117438040801618e-04
83                                     1.2379237271914617e-03
   &Method [&Type "String"] "SCF"
   &Level [&Type "String"] "Relaxed density"
   &Mult [&Type "Integer"] 1
   &State [&Type "Integer"] 0
   &Irrep [&Type "Integer"] 0
$End
$Geometry
   &GeometryIndex 19
   &NAtoms [&Type "Integer"] 28
   &NCorelessECP [&Type "Integer"] 0
   &NGhostAtoms [&Type "Integer"] 0
   &CartesianCoordinates [&Type "Coordinates", &Dim(28,4), &Units "Bohr"] 
              N     81.732317291414   54.801761053967   33.072053851911
              B     81.467607995733   52.343015814912   34.062824112595
              N     79.359776702728   50.692362937779   33.072053425631
              B     76.292617407990   45.777060664525   34.991361722923
              N     78.819373200766   46.871659713265   35.964481116995
              B     80.810138655713   48.413888132970   34.391650527586
              N     82.478033748739   50.480464082215   35.641221234773
              H     76.023299322603   44.344493517264   33.263013597823
              H     79.765450174150   45.487640288620   36.904651670968
              H     81.878511840853   47.056324378061   32.888099120023
              H     84.029937238509   50.395492392330   36.723780523411
              B     72.244230054174   47.337639877650   37.794522538228
              B     76.874059158055   48.320296920744   37.794523110008
              N     74.622122131841   46.964788712348   36.656139459948
              H     72.063588460808   48.904238104983   39.420260561790
              H     77.287299333196   47.896015687130   40.007510447440
              H     76.887798998909   50.597786296175   37.372571110921
              H     70.429020080115   46.123576036839   37.165258420452
              H     83.070826875908   56.035191133736   33.609319347417
              H     80.380091466564   55.567336438231   31.986266844577
              H     79.030513324289   50.609163489524   31.189196382040
              N     76.397676321525   54.289742033799   34.563254106926
              B     76.708069286106   51.757712429786   33.628584567508
              N     74.736108815819   50.620689280414   32.224676145285
              H     74.809589013141   48.845970127482   31.552480687192
              H     74.660069428630   54.622784014955   35.276396289807
              H     77.709863732414   54.762037403584   35.874473676723
              H     72.939690438023   51.206579405005   32.432114224557
$End
$SCF_Energy
   &GeometryIndex 19
   &Method [&Type "String"] "SCF"
   &totalEnergy [&Type "ArrayOfDoubles", &Dim (1,1)] "Total energy of each state"
                                                         0

0                                     -5.4127963947325304e+02
   &Mult [&Type "ArrayOfIntegers", &Dim (1,1)] "Multiplicity of each state"
                                                         0

0                                                        1
$End
$DFT_Energy
   &GeometryIndex 19
   &nAlphaEl [&Type "Integer"] 47
   &nBetaEl [&Type "Integer"] 47
   &nTotalEl [&Type "Integer"] 94
   &finalEn [&Type "Double"]      -5.4127963947325304e+02  "No Van der Waals correction"
   &eExchange [&Type "Double"]      -5.6281202476450666e+01
   &eCorr [&Type "Double"]      -3.0704624421390188e+00
   &eXC [&Type "Double"]      -5.9351664918589684e+01
   &eCNL [&Type "Double"]       0.0000000000000000e+00
$End
$SCF_Timings
   &GeometryIndex 19
   &TOTAL [&Type "Double"]       1.8607446200000001e+02
   &PREP [&Type "Double"]       4.1835099999999997e-01
   &FOCK [&Type "Double"]       1.7209567700000002e+02
   &DENS [&Type "Double"]       9.3919999999997117e-02
   &ETOT [&Type "Double"]       4.8596999999990231e-02
   &TRAFO [&Type "Double"]       1.8169099999999361e-01
   &DIIS [&Type "Double"]       4.1071300000000122e-01
   &SOSCF [&Type "Double"]       3.0646300000002213e-01
   &XC [&Type "Double"]       2.5207660999999987e+01
   &FOCKSTART [&Type "Double"]       1.5747999999984053e-02
   &INT_PREP [&Type "Double"]       1.0000000010279564e-06
   &INT_BF [&Type "Double"]       8.1536239999992155e+00
   &INT_DENS [&Type "Double"]       7.6272169999989714e+00
   &INT_DENSIO [&Type "Double"]       8.1967104802299710e+05
   &INT_FUNC [&Type "Double"]       2.7175500000018360e-01
   &INT_POT [&Type "Double"]       7.8658090000003789e+00
   &INT_POTIO [&Type "Double"]       9.5930000000262083e-02
   &INT_SUM [&Type "Double"]       1.9699999997868645e-04
   &SPLITRIJ [&Type "Double"]       5.8992560000000118e+00
   &COSX [&Type "Double"]       1.5363082300000002e+02
$End
$VdW_Correction
   &GeometryIndex 19
   &vdW [&Type "Double"]      -2.9581344900373806e-02
$End
$Single_Point_Data
   &GeometryIndex 19
   &FinalEnergy [&Type "Double"]      -5.4130922081815345e+02  "Final single point energy"
   &Converged [&Type "Boolean"] true
$End
$SCF_Nuc_Gradient
   &GeometryIndex 19
   &NAtoms [&Type "Integer"] 28
   &gradNorm [&Type "Double"]       6.7461554441060514e-02
   &grad [&Type "ArrayOfDoubles", &Dim (84,1)] 
                                                         0

0                                     -1.4857621149165744e-02
1                                      2.0573468258426341e-03
2                                     -1.1855438338215148e-02
3                                     -7.7599219234240956e-04
4                                      5.6281856560194870e-03
5                                      9.7268157451961563e-03
6                                      3.9660131088935797e-02
7                                     -1.4985411446441055e-02
8                                      1.4375187283401996e-02
9                                     -2.7202421246326236e-03
10                                    -1.4505448113752634e-03
11                                    -3.0944656189962551e-03
12                                     1.9068114499216590e-03
13                                     1.9442109766262521e-03
14                                    -1.3525198855930559e-03
15                                     6.1334520519435139e-03
16                                    -4.7278136350037943e-03
17                                    -9.7604964677211904e-04
18                                    -8.7514075680883928e-04
19                                     1.6063741061186558e-03
20                                    -4.0141954509951751e-03
21                                     5.7130151032759211e-04
22                                     4.2950450585876757e-05
23                                     9.8821392506533720e-04
24                                     1.2783328639969112e-04
25                                     2.3348579440946022e-04
26                                    -3.1359238841017004e-04
27                                     8.0641598941991031e-05
28                                     3.7609763989645737e-04
29                                    -1.3383940852765739e-04
30                                    -2.4166686595030024e-04
31                                     2.3297248808622578e-04
32                                     3.9541754013460481e-04
33                                     4.8608630494484124e-03
34                                     1.1665319128229939e-02
35                                     1.2094490527137135e-02
36                                    -2.1090112810300085e-02
37                                    -1.3606604334220727e-02
38                                    -1.5379846838522939e-02
39                                     3.3041524324811502e-03
40                                     3.5658926888692375e-03
41                                    -7.6439233822365275e-03
42                                     2.2415076929444233e-04
43                                    -5.7567444018860310e-04
44                                    -4.4793022404200866e-05
45                                     2.9884609686694179e-04
46                                    -7.3283904464647477e-04
47                                    -3.5163679475549130e-04
48                                    -8.5838464531553681e-04
49                                     4.1573363159986354e-03
50                                     8.9226701398841313e-05
51                                     4.0034670089033155e-04
52                                    -2.6298957285504344e-04
53                                     1.4443894018767168e-04
54                                    -6.2800815853618905e-04
55                                     3.4624156012583277e-04
56                                     2.9007607693418781e-04
57                                     2.0449454346566759e-03
58                                     2.6919453751218407e-04
59                                    -9.1817352050806438e-04
60                                    -1.8063748859058419e-02
61                                     5.5939949134685557e-03
62                                     8.6032936698579518e-03
63                                    -3.5224574208117402e-03
64                                     8.9986407431554404e-03
65                                    -7.5447202958525503e-03
66                                     4.7328097307236094e-04
67                                    -2.8417218341800681e-03
68                                     4.6664324572690480e-03
69                                     1.1925936558102178e-03
70                                     3.5518617023738860e-04
71                                    -1.8683622005376238e-03
72                                    -9.9252206804288428e-04
73                                    -1.1725539609127525e-04
74                                    -8.8054161209231681e-05
75                                     6.1244706246974597e-04
76                                    -3.5000634352104856e-03
77                                     1.3925098235639248e-03
78                                     2.8575773906056355e-03
79                                    -4.1739288924057885e-03
80                                     2.4287746143855896e-03
81                                    -1.2347757776412084e-04
82                                    -9.8583203094365952e-05
83                                     3.8473359634599939e-04
   &Method [&Type "String"] "SCF"
   &Level [&Type "String"] "Relaxed density"
   &Mult [&Type "Integer"] 1
   &State [&Type "Integer"] 0
   &Irrep [&Type "Integer"] 0
$End
$Geometry
   &GeometryIndex 20
   &NAtoms [&Type "Integer"] 28
   &NCorelessECP [&Type "Integer"] 0
   &NGhostAtoms [&Type "Integer"] 0
   &CartesianCoordinates [&Type "Coordinates", &Dim(28,4), &Units "Bohr"] 
              N     81.732317638611   54.801760829501   33.072053397057
              B     81.467607381539   52.343016211307   34.062824961591
              N     79.359776794258   50.692362890896   33.072053351773
              B     76.292617409977   45.777060653416   34.991361719434
              N     78.819373222704   46.871659720769   35.964481143141
              B     80.810138596004   48.413888165759   34.391650516620
              N     82.478034207314   50.480463803907   35.641220597929
              H     76.023299322199   44.344493518860   33.263013597941
              H     79.765450171324   45.487640285543   36.904651668976
              H     81.878511851656   47.056324369438   32.888099134290
              H     84.029937096025   50.395492465948   36.723780731175
              B     72.244230053987   47.337639877365   37.794522537809
              B     76.874059150488   48.320296917439   37.794523099819
              N     74.622122132346   46.964788715685   36.656139461126
              H     72.063588460927   48.904238104844   39.420260562008
              H     77.287299334745   47.896015687941   40.007510448188
              H     76.887798999399   50.597786296704   37.372571111812
              H     70.429020080115   46.123576036889   37.165258420520
              H     83.070826806543   56.035191176158   33.609319428821
              H     80.380091456508   55.567336439181   31.986266847801
              H     79.030513296387   50.609163505719   31.189196389625
              N     76.402026406300   54.281138408382   34.586624895342
              B     76.712710638384   51.748247093289   33.649875820619
              N     74.736798128099   50.608349031352   32.249227090753
              H     74.843332640090   48.833980358273   31.578194750938
              H     74.664653552888   54.643690315861   35.275159992462
              H     77.705195086796   54.775546615453   35.898230540560
              H     72.925952072946   51.145946128285   32.457788259793
$End
$SCF_Energy
   &GeometryIndex 20
   &Method [&Type "String"] "SCF"
   &totalEnergy [&Type "ArrayOfDoubles", &Dim (1,1)] "Total energy of each state"
                                                         0

0                                     -5.4127981709453923e+02
   &Mult [&Type "ArrayOfIntegers", &Dim (1,1)] "Multiplicity of each state"
                                                         0

0                                                        1
$End
$DFT_Energy
   &GeometryIndex 20
   &nAlphaEl [&Type "Integer"] 47
   &nBetaEl [&Type "Integer"] 47
   &nTotalEl [&Type "Integer"] 94
   &finalEn [&Type "Double"]      -5.4127981709453923e+02  "No Van der Waals correction"
   &eExchange [&Type "Double"]      -5.6281830926070356e+01
   &eCorr [&Type "Double"]      -3.0707003245361388e+00
   &eXC [&Type "Double"]      -5.9352531250606496e+01
   &eCNL [&Type "Double"]       0.0000000000000000e+00
$End
$SCF_Timings
   &GeometryIndex 20
   &TOTAL [&Type "Double"]       1.9133077299999999e+02
   &PREP [&Type "Double"]       4.1370399999999996e-01
   &FOCK [&Type "Double"]       1.7728006099999996e+02
   &DENS [&Type "Double"]       1.0859299999998484e-01
   &ETOT [&Type "Double"]       5.4042999999989405e-02
   &TRAFO [&Type "Double"]       1.7289499999999691e-01
   &DIIS [&Type "Double"]       5.4543199999999814e-01
   &SOSCF [&Type "Double"]       2.9565500000000355e-01
   &XC [&Type "Double"]       2.7178044000000021e+01
   &FOCKSTART [&Type "Double"]       1.7434999999978829e-02
   &INT_PREP [&Type "Double"]       9.9999999747524271e-07
   &INT_BF [&Type "Double"]       8.7947599999999220e+00
   &INT_DENS [&Type "Double"]       8.3069099999995082e+00
   &INT_DENSIO [&Type "Double"]       9.2988993014899711e+05
   &INT_FUNC [&Type "Double"]       3.0817199999963307e-01
   &INT_POT [&Type "Double"]       7.8300380000003784e+00
   &INT_POTIO [&Type "Double"]       1.1135400000045692e-01
   &INT_SUM [&Type "Double"]       1.5600000000759451e-04
   &SPLITRIJ [&Type "Double"]       6.5259170000000024e+00
   &COSX [&Type "Double"]       1.5612534399999998e+02
$End
$VdW_Correction
   &GeometryIndex 20
   &vdW [&Type "Double"]      -2.9617215367127078e-02
$End
$Single_Point_Data
   &GeometryIndex 20
   &FinalEnergy [&Type "Double"]      -5.4130943430990635e+02  "Final single point energy"
   &Converged [&Type "Boolean"] true
$End
$SCF_Nuc_Gradient
   &GeometryIndex 20
   &NAtoms [&Type "Integer"] 28
   &gradNorm [&Type "Double"]       6.6632166574879206e-02
   &grad [&Type "ArrayOfDoubles", &Dim (84,1)] 
                                                         0

0                                     -1.4901887233407247e-02
1                                      2.1048088237069704e-03
2                                     -1.1819612196119600e-02
3                                     -8.2572939001250719e-04
4                                      5.4639568456027656e-03
5                                      9.7550421389451074e-03
6                                      3.8889894506227242e-02
7                                     -1.4397689988170122e-02
8                                      1.3866201027147423e-02
9                                     -2.7025594818484437e-03
10                                    -1.3967793330704695e-03
11                                    -3.1551330082386941e-03
12                                     1.9228721810280508e-03
13                                     1.9754686520954100e-03
14                                    -1.3596682795895259e-03
15                                     5.9224487520531215e-03
16                                    -4.7717401916406946e-03
17                                    -8.6338468354516125e-04
18                                    -8.8884569379838439e-04
19                                     1.6529757576548450e-03
20                                    -4.0562485583065027e-03
21                                     5.6623411033931135e-04
22                                     4.1413932372970705e-05
23                                     9.9151262185875671e-04
24                                     1.2601645929249749e-04
25                                     2.3458202380566322e-04
26                                    -3.0284792311157863e-04
27                                     7.9681298895496974e-05
28                                     3.9029031781426639e-04
29                                    -1.4011076571091816e-04
30                                    -2.3251358668730949e-04
31                                     2.2683748410204512e-04
32                                     3.8049903436452714e-04
33                                     4.7977720800400003e-03
34                                     1.1700552693895024e-02
35                                     1.2056815305170240e-02
36                                    -2.1059007487902681e-02
37                                    -1.3354385423056971e-02
38                                    -1.5308953121445968e-02
39                                     3.3411485662956618e-03
40                                     3.7059131718841887e-03
41                                    -7.9466454509316050e-03
42                                     2.2436799260720642e-04
43                                    -5.7276718787389717e-04
44                                    -4.4592302370003394e-05
45                                     2.9980179688918863e-04
46                                    -7.9800606467942032e-04
47                                    -3.4289216129739164e-04
48                                    -9.1970559393966572e-04
49                                     4.2856689903815635e-03
50                                     1.2515680190285089e-04
51                                     4.0573507953466000e-04
52                                    -2.7081972224138096e-04
53                                     1.6009008230595604e-04
54                                    -6.3792137307947146e-04
55                                     3.5910870179504462e-04
56                                     2.9875693497408167e-04
57                                     2.0796960005986932e-03
58                                     3.0866150425420285e-04
59                                    -9.7063708553027524e-04
60                                    -1.7635229099312043e-02
61                                     5.3667489530443398e-03
62                                     8.3761815936315293e-03
63                                    -4.9795638646029728e-03
64                                     8.6977589211731984e-03
65                                    -6.5156108959872287e-03
66                                     2.6216906455737671e-03
67                                    -4.9674741362718666e-03
68                                     4.2702691306534040e-03
69                                     8.1645303263523921e-05
70                                     1.8351715888748896e-03
71                                    -1.1511908106045425e-03
72                                    -7.8728254837568529e-04
73                                    -2.7294421945214136e-04
74                                     2.4583756423254914e-04
75                                     2.1943983727141236e-03
76                                    -3.0207389410948022e-03
77                                     1.0775848018192904e-03
78                                     2.4851857454863771e-03
79                                    -3.4137225881077189e-03
80                                     2.8155432980213006e-03
81                                    -4.6834360455524048e-04
82                                    -1.1128506378860021e-03
83                                    -4.4196310315632926e-04
   &Method [&Type "String"] "SCF"
   &Level [&Type "String"] "Relaxed density"
   &Mult [&Type "Integer"] 1
   &State [&Type "Integer"] 0
   &Irrep [&Type "Integer"] 0
$End
$Geometry
   &GeometryIndex 21
   &NAtoms [&Type "Integer"] 28
   &NCorelessECP [&Type "Integer"] 0
   &NGhostAtoms [&Type "Integer"] 0
   &CartesianCoordinates [&Type "Coordinates", &Dim(28,4), &Units "Bohr"] 
              N     81.732317642377   54.801760827210   33.072053392270
              B     81.467607375250   52.343016214931   34.062824969720
              N     79.359776795313   50.692362891630   33.072053351983
              B     76.292617411014   45.777060649034   34.991361719144
              N     78.819373221889   46.871659729530   35.964481149440
              B     80.810138597764   48.413888160118   34.391650511856
              N     82.478034209573   50.480463802929   35.641220594685
              H     76.023299321980   44.344493519675   33.263013597728
              H     79.765450170916   45.487640283413   36.904651666811
              H     81.878511851475   47.056324370021   32.888099134928
              H     84.029937095566   50.395492466289   36.723780731819
              B     72.244230054110   47.337639876800   37.794522538191
              B     76.874059149620   48.320296915859   37.794523098003
              N     74.622122132151   46.964788717491   36.656139460602
              H     72.063588460958   48.904238104803   39.420260562069
              H     77.287299335130   47.896015688243   40.007510448423
              H     76.887798999525   50.597786296814   37.372571112047
              H     70.429020080091   46.123576036969   37.165258420469
              H     83.070826805786   56.035191176599   33.609319429674
              H     80.380091456240   55.567336439240   31.986266848047
              H     79.030513296330   50.609163505669   31.189196389549
              N     76.398384730096   54.283125256885   34.587866636078
              B     76.716726492228   51.753419272906   33.656532781702
              N     74.738355322746   50.601901789015   32.268825822321
              H     74.886189218317   48.825019176710   31.609761550295
              H     74.655429495008   54.697401300642   35.230452048421
              H     77.685115373878   54.819613884179   35.897207703289
              H     72.911903947710   51.074329917009   32.491413930928
$End
$SCF_Energy
   &GeometryIndex 21
   &Method [&Type "String"] "SCF"
   &totalEnergy [&Type "ArrayOfDoubles", &Dim (1,1)] "Total energy of each state"
                                                         0

0                                     -5.4128008686727208e+02
   &Mult [&Type "ArrayOfIntegers", &Dim (1,1)] "Multiplicity of each state"
                                                         0

0                                                        1
$End
$DFT_Energy
   &GeometryIndex 21
   &nAlphaEl [&Type "Integer"] 47
   &nBetaEl [&Type "Integer"] 47
   &nTotalEl [&Type "Integer"] 94
   &finalEn [&Type "Double"]      -5.4128008686727208e+02  "No Van der Waals correction"
   &eExchange [&Type "Double"]      -5.6282455480496978e+01
   &eCorr [&Type "Double"]      -3.0707713862353923e+00
   &eXC [&Type "Double"]      -5.9353226866732371e+01
   &eCNL [&Type "Double"]       0.0000000000000000e+00
$End
$SCF_Timings
   &GeometryIndex 21
   &TOTAL [&Type "Double"]       1.8768355000000000e+02
   &PREP [&Type "Double"]       4.2747800000000008e-01
   &FOCK [&Type "Double"]       1.7341897900000004e+02
   &DENS [&Type "Double"]       1.0888799999997900e-01
   &ETOT [&Type "Double"]       5.1657999999981996e-02
   &POP [&Type "Double"]       1.0000000258969521e-06
   &TRAFO [&Type "Double"]       1.7672999999999917e-01
   &DIIS [&Type "Double"]       6.8661199999999312e-01
   &SOSCF [&Type "Double"]       2.6121200000001465e-01
   &XC [&Type "Double"]       2.7174402999999991e+01
   &FOCKSTART [&Type "Double"]       1.8827000000012695e-02
   &INT_PREP [&Type "Double"]       2.9999999959784418e-06
   &INT_BF [&Type "Double"]       8.8545389999990114e+00
   &INT_DENS [&Type "Double"]       8.4545550000004468e+00
   &INT_DENSIO [&Type "Double"]       8.8420342973499780e+05
   &INT_FUNC [&Type "Double"]       3.0588799999930671e-01
   &INT_POT [&Type "Double"]       8.1856760000001358e+00
   &INT_POTIO [&Type "Double"]       1.0999600000040743e-01
   &INT_SUM [&Type "Double"]       2.1699999998503472e-04
   &SPLITRIJ [&Type "Double"]       6.5997509999999888e+00
   &COSX [&Type "Double"]       1.5228133799999998e+02
$End
$VdW_Correction
   &GeometryIndex 21
   &vdW [&Type "Double"]      -2.9626608040624742e-02
$End
$Single_Point_Data
   &GeometryIndex 21
   &FinalEnergy [&Type "Double"]      -5.4130971347531272e+02  "Final single point energy"
   &Converged [&Type "Boolean"] true
$End
$SCF_Nuc_Gradient
   &GeometryIndex 21
   &NAtoms [&Type "Integer"] 28
   &gradNorm [&Type "Double"]       6.6460075770283816e-02
   &grad [&Type "ArrayOfDoubles", &Dim (84,1)] 
                                                         0

0                                     -1.4907798484084203e-02
1                                      2.0183502882216826e-03
2                                     -1.1825348641352236e-02
3                                     -9.1013013920721009e-04
4                                      5.4642071932916904e-03
5                                      9.7379426059348729e-03
6                                      3.8632790439524667e-02
7                                     -1.4994055219352613e-02
8                                      1.3638181471180641e-02
9                                     -2.7407151846884129e-03
10                                    -1.4015433688931522e-03
11                                    -3.2367352360253322e-03
12                                     1.9152893227609873e-03
13                                     2.0241112891938467e-03
14                                    -1.3325292162972191e-03
15                                     5.9640054657416853e-03
16                                    -4.7857156923808491e-03
17                                    -9.6931971827364126e-04
18                                    -9.0203144478837646e-04
19                                     1.6581317963543715e-03
20                                    -4.0185029067126999e-03
21                                     5.6904303758682361e-04
22                                     4.2337444025495935e-05
23                                     1.0100590930625245e-03
24                                     1.2838354714257802e-04
25                                     2.4036010753063024e-04
26                                    -2.9332798592282311e-04
27                                     9.6779762319228348e-05
28                                     3.6981151357813391e-04
29                                    -1.1190168545132938e-04
30                                    -2.1767725888835042e-04
31                                     2.2814609857161865e-04
32                                     3.7520851323737819e-04
33                                     4.7217640533400544e-03
34                                     1.1716208524303530e-02
35                                     1.1992348516200608e-02
36                                    -2.1069890484035878e-02
37                                    -1.3464898709477757e-02
38                                    -1.5322082397388295e-02
39                                     3.4309051548609450e-03
40                                     3.8069713217691245e-03
41                                    -8.1196962370102092e-03
42                                     2.2660211152698324e-04
43                                    -5.6151768780436445e-04
44                                    -3.8725553560121738e-05
45                                     3.0001863695629515e-04
46                                    -7.7021286372504856e-04
47                                    -3.4621806539723149e-04
48                                    -9.6112007757406792e-04
49                                     4.3141236649514355e-03
50                                     9.6062833368257001e-05
51                                     4.2280327420046921e-04
52                                    -2.7165207310871135e-04
53                                     1.8610719434916632e-04
54                                    -6.5379817044590471e-04
55                                     3.7157465371826534e-04
56                                     3.0375738666732428e-04
57                                     2.0735716500224965e-03
58                                     3.5005066118991496e-04
59                                    -9.6193593726387006e-04
60                                    -1.7462461413156664e-02
61                                     5.2818508037021858e-03
62                                     8.3443808168443614e-03
63                                    -5.2922525375677359e-03
64                                     6.5229830851675896e-03
65                                    -6.5430045190577810e-03
66                                     4.5134915519512639e-03
67                                    -5.3807815994463678e-03
68                                     2.9990573162600198e-03
69                                    -6.9393988593223575e-04
70                                     4.1573881242710099e-03
71                                     2.4028273311053568e-04
72                                    -4.8864274944887792e-04
73                                    -3.9861792846948335e-04
74                                     6.9684289426325040e-04
75                                     2.1950921934223246e-03
76                                    -1.7088824345820877e-03
77                                     1.6397554497931581e-03
78                                     1.7160979026934952e-03
79                                    -2.4607900824234882e-03
80                                     3.0338972623814614e-03
81                                    -6.0618036198335594e-04
82                                    -2.3679389686869666e-03
83                                    -1.1745560435560442e-03
   &Method [&Type "String"] "SCF"
   &Level [&Type "String"] "Relaxed density"
   &Mult [&Type "Integer"] 1
   &State [&Type "Integer"] 0
   &Irrep [&Type "Integer"] 0
$End
$Geometry
   &GeometryIndex 22
   &NAtoms [&Type "Integer"] 28
   &NCorelessECP [&Type "Integer"] 0
   &NGhostAtoms [&Type "Integer"] 0
   &CartesianCoordinates [&Type "Coordinates", &Dim(28,4), &Units "Bohr"] 
              N     81.732317642155   54.801760827501   33.072053392917
              B     81.467607375821   52.343016214128   34.062824967933
              N     79.359776794191   50.692362893807   33.072053354978
              B     76.292617412229   45.777060642429   34.991361717536
              N     78.819373223101   46.871659743814   35.964481162623
              B     80.810138599286   48.413888151320   34.391650502666
              N     82.478034207691   50.480463804988   35.641220598696
              H     76.023299321664   44.344493520871   33.263013597599
              H     79.765450169673   45.487640279499   36.904651662607
              H     81.878511851190   47.056324371005   32.888099135859
              H     84.029937096294   50.395492465939   36.723780730487
              B     72.244230054157   47.337639876163   37.794522538411
              B     76.874059146717   48.320296913373   37.794523093378
              N     74.622122132334   46.964788719772   36.656139460933
              H     72.063588461021   48.904238104746   39.420260562173
              H     77.287299336165   47.896015688798   40.007510448958
              H     76.887798999822   50.597786297022   37.372571112607
              H     70.429020080060   46.123576037090   37.165258420419
              H     83.070826805788   56.035191176577   33.609319429602
              H     80.380091456116   55.567336439231   31.986266848105
              H     79.030513297582   50.609163505197   31.189196388970
              N     76.395000104668   54.287614826537   34.571414240133
              B     76.716634619135   51.766760494010   33.642537148414
              N     74.744093358328   50.603596358817   32.257280378371
              H     74.926967141593   48.825258551263   31.609449755198
              H     74.641910061294   54.760195888162   35.145509457455
              H     77.650416601767   54.863319777074   35.888786280803
              H     72.908149289513   51.026465679250   32.498213394289
$End
$SCF_Energy
   &GeometryIndex 22
   &Method [&Type "String"] "SCF"
   &totalEnergy [&Type "ArrayOfDoubles", &Dim (1,1)] "Total energy of each state"
                                                         0

0                                     -5.4128036328145220e+02
   &Mult [&Type "ArrayOfIntegers", &Dim (1,1)] "Multiplicity of each state"
                                                         0

0                                                        1
$End
$DFT_Energy
   &GeometryIndex 22
   &nAlphaEl [&Type "Integer"] 47
   &nBetaEl [&Type "Integer"] 47
   &nTotalEl [&Type "Integer"] 94
   &finalEn [&Type "Double"]      -5.4128036328145220e+02  "No Van der Waals correction"
   &eExchange [&Type "Double"]      -5.6283338683004615e+01
   &eCorr [&Type "Double"]      -3.0706283866555220e+00
   &eXC [&Type "Double"]      -5.9353967069660136e+01
   &eCNL [&Type "Double"]       0.0000000000000000e+00
$End
$SCF_Timings
   &GeometryIndex 22
   &TOTAL [&Type "Double"]       2.0049785299999999e+02
   &PREP [&Type "Double"]       4.1760200000000008e-01
   &FOCK [&Type "Double"]       1.8677131200000002e+02
   &DENS [&Type "Double"]       1.2581800000000953e-01
   &ETOT [&Type "Double"]       5.5935000000012280e-02
   &POP [&Type "Double"]       1.0000000258969521e-06
   &TRAFO [&Type "Double"]       1.8431499999999801e-01
   &DIIS [&Type "Double"]       6.8595100000000286e-01
   &SOSCF [&Type "Double"]       3.1266600000002853e-01
   &XC [&Type "Double"]       3.0250611999999997e+01
   &FOCKSTART [&Type "Double"]       2.1137999999995105e-02
   &INT_PREP [&Type "Double"]       1.9999999949504854e-06
   &INT_BF [&Type "Double"]       9.7774730000004659e+00
   &INT_DENS [&Type "Double"]       9.2137020000003318e+00
   &INT_DENSIO [&Type "Double"]       1.0821765783079984e+06
   &INT_FUNC [&Type "Double"]       3.4107000000126675e-01
   &INT_POT [&Type "Double"]       8.5128970000009083e+00
   &INT_POTIO [&Type "Double"]       1.2085899999873817e-01
   &INT_SUM [&Type "Double"]       1.6199999999599868e-04
   &SPLITRIJ [&Type "Double"]       7.2841870000000277e+00
   &COSX [&Type "Double"]       1.6123417300000000e+02
$End
$VdW_Correction
   &GeometryIndex 22
   &vdW [&Type "Double"]      -2.9603318757216737e-02
$End
$Single_Point_Data
   &GeometryIndex 22
   &FinalEnergy [&Type "Double"]      -5.4130996660020946e+02  "Final single point energy"
   &Converged [&Type "Boolean"] true
$End
$SCF_Nuc_Gradient
   &GeometryIndex 22
   &NAtoms [&Type "Integer"] 28
   &gradNorm [&Type "Double"]       6.6598229118437283e-02
   &grad [&Type "ArrayOfDoubles", &Dim (84,1)] 
                                                         0

0                                     -1.4962965717646961e-02
1                                      1.8792271449274791e-03
2                                     -1.1826818152340905e-02
3                                     -8.8221011778525445e-04
4                                      5.5116493066006177e-03
5                                      9.7011991208661146e-03
6                                      3.8836584391996755e-02
7                                     -1.5954171230622722e-02
8                                      1.3789170341397429e-02
9                                     -2.7988971189113086e-03
10                                    -1.4876091335058841e-03
11                                    -3.2358089519471524e-03
12                                     1.8939639897003167e-03
13                                     2.0804303813252299e-03
14                                    -1.2927861648270890e-03
15                                     6.2032561406337927e-03
16                                    -4.7763174771208693e-03
17                                    -1.1781019366913642e-03
18                                    -9.1246546022680209e-04
19                                     1.6449384770484100e-03
20                                    -3.9475821748320159e-03
21                                     5.7464530178672662e-04
22                                     5.2413443211551947e-05
23                                     1.0297108110451005e-03
24                                     1.3191512971018926e-04
25                                     2.5104015233874211e-04
26                                    -2.8832903462080377e-04
27                                     1.0998803442410932e-04
28                                     3.4894123688041314e-04
29                                    -7.1385529114477135e-05
30                                    -2.0753998831234816e-04
31                                     2.3663184169297325e-04
32                                     3.8672274431847002e-04
33                                     4.6798967384506082e-03
34                                     1.1695704883463021e-02
35                                     1.1949885161950037e-02
36                                    -2.1142875439303741e-02
37                                    -1.3938533638023600e-02
38                                    -1.5412119461154446e-02
39                                     3.5651557371718292e-03
40                                     3.7643472992382847e-03
41                                    -7.9945645720047136e-03
42                                     2.3138769278954028e-04
43                                    -5.4641074288409148e-04
44                                    -3.2985177288969052e-05
45                                     2.9661046058199094e-04
46                                    -6.5249726569397435e-04
47                                    -3.7164339079648649e-04
48                                    -9.3827641658660510e-04
49                                     4.3749561377876677e-03
50                                    -1.8835221877601963e-05
51                                     4.4127432969625366e-04
52                                    -2.6209112837001633e-04
53                                     2.0602636323542451e-04
54                                    -6.7172684080204885e-04
55                                     3.8777235359970560e-04
56                                     3.0753779252930545e-04
57                                     2.0428349085064158e-03
58                                     3.9503221069042634e-04
59                                    -9.6445808776722119e-04
60                                    -1.7741575584353405e-02
61                                     5.3684954521914388e-03
62                                     8.5365383058513093e-03
63                                    -3.1610720780704095e-03
64                                     3.5539961927614733e-03
65                                    -6.4570437803436777e-03
66                                     4.3997899090657501e-03
67                                    -3.8522107770460560e-03
68                                     1.7943025461863639e-03
69                                    -8.6729871161227157e-04
70                                     5.3239358446734858e-03
71                                     7.9650920100954087e-04
72                                    -1.0200144850898134e-04
73                                    -4.2906427970249646e-04
74                                     9.8173278560742799e-04
75                                     1.6344366334853087e-03
76                                    -4.0348125063688009e-04
77                                     2.3664256317913485e-03
78                                    -3.9984523993918116e-05
79                                    -1.6487069961128131e-03
80                                     2.5774824057264159e-03
81                                    -6.1285003200904327e-04
82                                    -2.9184184773774426e-03
83                                    -1.3307815993606369e-03
   &Method [&Type "String"] "SCF"
   &Level [&Type "String"] "Relaxed density"
   &Mult [&Type "Integer"] 1
   &State [&Type "Integer"] 0
   &Irrep [&Type "Integer"] 0
$End
$Geometry
   &GeometryIndex 23
   &NAtoms [&Type "Integer"] 28
   &NCorelessECP [&Type "Integer"] 0
   &NGhostAtoms [&Type "Integer"] 0
   &CartesianCoordinates [&Type "Coordinates", &Dim(28,4), &Units "Bohr"] 
              N     81.732317347263   54.801761000345   33.072053825738
              B     81.467607913455   52.343015906444   34.062824169879
              N     79.359776560844   50.692362974872   33.072053622280
              B     76.292617430002   45.777060567575   34.991361673715
              N     78.819373257575   46.871659904392   35.964481377414
              B     80.810138612735   48.413888029668   34.391650258825
              N     82.478033933088   50.480463993992   35.641221097030
              H     76.023299316755   44.344493534187   33.263013597786
              H     79.765450155259   45.487640243980   36.904651620153
              H     81.878511840930   47.056324389510   32.888099160864
              H     84.029937163660   50.395492424735   36.723780609239
              B     72.244230054197   47.337639878500   37.794522536781
              B     76.874059107379   48.320296906116   37.794523038163
              N     74.622122134165   46.964788727506   36.656139474397
              H     72.063588461363   48.904238103248   39.420260562954
              H     77.287299345025   47.896015686346   40.007510451002
              H     76.887799003088   50.597786297489   37.372571116115
              H     70.429020079734   46.123576036841   37.165258420181
              H     83.070826856402   56.035191149428   33.609319360996
              H     80.380091470776   55.567336438558   31.986266823053
              H     79.030513419360   50.609163479536   31.189196330894
              N     76.382792827688   54.289393213729   34.540454989552
              B     76.710969727553   51.779341277884   33.615987683426
              N     74.749903100779   50.599899732638   32.229178522570
              H     74.950730580684   48.815801081856   31.602501883215
              H     74.621070484277   54.815083613117   35.043551918770
              H     77.618982087955   54.908582243212   35.849499849061
              H     72.911669536548   50.998684492415   32.493758769933
$End
$SCF_Energy
   &GeometryIndex 23
   &Method [&Type "String"] "SCF"
   &totalEnergy [&Type "ArrayOfDoubles", &Dim (1,1)] "Total energy of each state"
                                                         0

0                                     -5.4128063476261389e+02
   &Mult [&Type "ArrayOfIntegers", &Dim (1,1)] "Multiplicity of each state"
                                                         0

0                                                        1
$End
$DFT_Energy
   &GeometryIndex 23
   &nAlphaEl [&Type "Integer"] 47
   &nBetaEl [&Type "Integer"] 47
   &nTotalEl [&Type "Integer"] 94
   &finalEn [&Type "Double"]      -5.4128063476261389e+02  "No Van der Waals correction"
   &eExchange [&Type "Double"]      -5.6284099984734979e+01
   &eCorr [&Type "Double"]      -3.0703927661732116e+00
   &eXC [&Type "Double"]      -5.9354492750908193e+01
   &eCNL [&Type "Double"]       0.0000000000000000e+00
$End
$SCF_Timings
   &GeometryIndex 23
   &TOTAL [&Type "Double"]       2.0028206699999998e+02
   &PREP [&Type "Double"]       4.1781399999999996e-01
   &FOCK [&Type "Double"]       1.8665635200000000e+02
   &DENS [&Type "Double"]       1.1508200000002944e-01
   &ETOT [&Type "Double"]       5.9022999999992720e-02
   &POP [&Type "Double"]       9.9999999747524271e-07
   &TRAFO [&Type "Double"]       1.8513000000000090e-01
   &DIIS [&Type "Double"]       6.8566200000000421e-01
   &SOSCF [&Type "Double"]       3.0442199999998820e-01
   &XC [&Type "Double"]       2.9901840000000000e+01
   &FOCKSTART [&Type "Double"]       2.0322999999993319e-02
   &INT_PREP [&Type "Double"]       2.9999999959784418e-06
   &INT_BF [&Type "Double"]       9.9347710000005698e+00
   &INT_DENS [&Type "Double"]       9.3243539999995768e+00
   &INT_DENSIO [&Type "Double"]       1.0799562406529975e+06
   &INT_FUNC [&Type "Double"]       3.3850199999825747e-01
   &INT_POT [&Type "Double"]       8.6473419999992593e+00
   &INT_POTIO [&Type "Double"]       1.2172400000142147e-01
   &INT_SUM [&Type "Double"]       1.9200000000907380e-04
   &SPLITRIJ [&Type "Double"]       7.2739709999999933e+00
   &COSX [&Type "Double"]       1.6138959999999997e+02
$End
$VdW_Correction
   &GeometryIndex 23
   &vdW [&Type "Double"]      -2.9565917100981057e-02
$End
$Single_Point_Data
   &GeometryIndex 23
   &FinalEnergy [&Type "Double"]      -5.4131020067971485e+02  "Final single point energy"
   &Converged [&Type "Boolean"] true
$End
$SCF_Nuc_Gradient
   &GeometryIndex 23
   &NAtoms [&Type "Integer"] 28
   &gradNorm [&Type "Double"]       6.7206423127219500e-02
   &grad [&Type "ArrayOfDoubles", &Dim (84,1)] 
                                                         0

0                                     -1.4908455028049859e-02
1                                      1.5955300674003808e-03
2                                     -1.1890107560117292e-02
3                                     -6.6766138976956987e-04
4                                      5.7848191071137554e-03
5                                      9.5845150959680287e-03
6                                      3.9461259497105432e-02
7                                     -1.7098914485973001e-02
8                                      1.4129035664589477e-02
9                                     -2.8835582317953334e-03
10                                    -1.5852170753057309e-03
11                                    -3.2767265504812476e-03
12                                     1.8630075450666414e-03
13                                     2.1485720938310211e-03
14                                    -1.2426564100748133e-03
15                                     6.5490076106532102e-03
16                                    -4.7484307968308423e-03
17                                    -1.3836287910619922e-03
18                                    -9.3784095037899393e-04
19                                     1.5772158866358419e-03
20                                    -3.8399804968880101e-03
21                                     5.8584978783352525e-04
22                                     6.5574366983562075e-05
23                                     1.0614322050668760e-03
24                                     1.3792831276705675e-04
25                                     2.6633532988673688e-04
26                                    -2.8715068905523649e-04
27                                     1.1092934610803567e-04
28                                     3.3108611215190627e-04
29                                    -3.5387413422037075e-05
30                                    -2.0163942638117674e-04
31                                     2.4921454233199506e-04
32                                     4.0607912770179591e-04
33                                     4.6582832919599190e-03
34                                     1.1663119136122732e-02
35                                     1.1916895799307162e-02
36                                    -2.1237062161158775e-02
37                                    -1.4587738232173577e-02
38                                    -1.5542520504611322e-02
39                                     3.7086598306587033e-03
40                                     3.7098686998698048e-03
41                                    -7.7502180068901409e-03
42                                     2.3562102407218526e-04
43                                    -5.3067267482674455e-04
44                                    -2.6306093653728126e-05
45                                     2.9215603151907800e-04
46                                    -4.9216068644935900e-04
47                                    -4.0269688356708378e-04
48                                    -8.9031767237731122e-04
49                                     4.4433972941540162e-03
50                                    -1.6295171749315272e-04
51                                     4.5944764634609035e-04
52                                    -2.4774748390107946e-04
53                                     2.2116900875354204e-04
54                                    -6.9509327053910797e-04
55                                     3.9339421935042149e-04
56                                     3.1346408521164797e-04
57                                     1.9707610454231649e-03
58                                     4.4498984992185069e-04
59                                    -8.7746647799805198e-04
60                                    -1.8253432417876768e-02
61                                     5.5680122735462965e-03
62                                     8.8636963567537419e-03
63                                    -4.7400171356186882e-04
64                                     7.8027907865721707e-04
65                                    -5.6635769343781703e-03
66                                     2.8627801889935115e-03
67                                    -1.1014683319971919e-03
68                                     9.8814171354967952e-04
69                                    -4.3808585852689823e-04
70                                     5.1977603293393891e-03
71                                     5.5766111742357356e-04
72                                     1.6967344733946868e-04
73                                    -4.3093423228928894e-04
74                                     1.1078479424910857e-03
75                                     3.5122744765656011e-04
76                                     6.2583497154721738e-04
77                                     2.6594180163965146e-03
78                                    -1.3701744825959648e-03
79                                    -1.2922892031142388e-03
80                                     1.4854648134514960e-03
81                                    -4.5926951621276860e-04
82                                    -2.7294302460530028e-03
83                                    -9.1344642399828770e-04
   &Method [&Type "String"] "SCF"
   &Level [&Type "String"] "Relaxed density"
   &Mult [&Type "Integer"] 1
   &State [&Type "Integer"] 0
   &Irrep [&Type "Integer"] 0
$End
$Geometry
   &GeometryIndex 24
   &NAtoms [&Type "Integer"] 28
   &NCorelessECP [&Type "Integer"] 0
   &NGhostAtoms [&Type "Integer"] 0
   &CartesianCoordinates [&Type "Coordinates", &Dim(28,4), &Units "Bohr"] 
              N     81.732317283795   54.801761053771   33.072053865517
              B     81.467608010726   52.343015818647   34.062824094848
              N     79.359776657663   50.692362941677   33.072053462980
              B     76.292617412122   45.777060648207   34.991361718158
              N     78.819373206695   46.871659737223   35.964481153689
              B     80.810138650655   48.413888128480   34.391650496306
              N     82.478033774836   50.480464067010   35.641221211333
              H     76.023299321671   44.344493520177   33.263013597646
              H     79.765450172258   45.487640282102   36.904651662985
              H     81.878511841371   47.056324378535   32.888099124880
              H     84.029937224863   50.395492398355   36.723780541037
              B     72.244230054426   47.337639876205   37.794522539118
              B     76.874059151502   48.320296917796   37.794523098528
              N     74.622122131419   46.964788718693   36.656139459200
              H     72.063588460975   48.904238104668   39.420260562117
              H     77.287299335108   47.896015687357   40.007510448237
              H     76.887798999291   50.597786296576   37.372571112108
              H     70.429020080052   46.123576037003   37.165258420362
              H     83.070826875657   56.035191134778   33.609319347113
              H     80.380091469876   55.567336437627   31.986266838824
              H     79.030513348096   50.609163488382   31.189196372472
              N     76.370220339308   54.283575462873   34.513688257060
              B     76.702090855717   51.783405671441   33.590308694734
              N     74.753642736558   50.590952504424   32.194759674442
              H     74.952134516421   48.800128196488   31.587948860032
              H     74.603067113389   54.856053746570   34.942483171713
              H     77.598097338630   54.943113612499   35.804308788143
              H     72.919391806631   50.994977931957   32.482875127872
$End
$SCF_Energy
   &GeometryIndex 24
   &Method [&Type "String"] "SCF"
   &totalEnergy [&Type "ArrayOfDoubles", &Dim (1,1)] "Total energy of each state"
                                                         0

0                                     -5.4128087840351611e+02
   &Mult [&Type "ArrayOfIntegers", &Dim (1,1)] "Multiplicity of each state"
                                                         0

0                                                        1
$End
$DFT_Energy
   &GeometryIndex 24
   &nAlphaEl [&Type "Integer"] 47
   &nBetaEl [&Type "Integer"] 47
   &nTotalEl [&Type "Integer"] 94
   &finalEn [&Type "Double"]      -5.4128087840351611e+02  "No Van der Waals correction"
   &eExchange [&Type "Double"]      -5.6284630777439766e+01
   &eCorr [&Type "Double"]      -3.0701695992736231e+00
   &eXC [&Type "Double"]      -5.9354800376713392e+01
   &eCNL [&Type "Double"]       0.0000000000000000e+00
$End
$SCF_Timings
   &GeometryIndex 24
   &TOTAL [&Type "Double"]       2.0165316899999999e+02
   &PREP [&Type "Double"]       4.2487900000000006e-01
   &FOCK [&Type "Double"]       1.8792070499999994e+02
   &DENS [&Type "Double"]       1.2419100000002459e-01
   &ETOT [&Type "Double"]       6.1314999999986242e-02
   &POP [&Type "Double"]       9.9999999747524271e-07
   &TRAFO [&Type "Double"]       1.8765399999999488e-01
   &DIIS [&Type "Double"]       6.9156400000000673e-01
   &SOSCF [&Type "Double"]       3.1438199999999483e-01
   &XC [&Type "Double"]       3.0211971000000009e+01
   &FOCKSTART [&Type "Double"]       1.9698000000000326e-02
   &INT_PREP [&Type "Double"]       2.9999999924257281e-06
   &INT_BF [&Type "Double"]       1.0196529000001863e+01
   &INT_DENS [&Type "Double"]       9.3906029999991993e+00
   &INT_DENSIO [&Type "Double"]       1.0870702955449978e+06
   &INT_FUNC [&Type "Double"]       3.3982900000187755e-01
   &INT_POT [&Type "Double"]       8.5359289999993599e+00
   &INT_POTIO [&Type "Double"]       1.2051299999887988e-01
   &INT_SUM [&Type "Double"]       1.6400000000160730e-04
   &SPLITRIJ [&Type "Double"]       7.2270869999999556e+00
   &COSX [&Type "Double"]       1.6247243700000004e+02
$End
$VdW_Correction
   &GeometryIndex 24
   &vdW [&Type "Double"]      -2.9531880845884571e-02
$End
$Single_Point_Data
   &GeometryIndex 24
   &FinalEnergy [&Type "Double"]      -5.4131041028436198e+02  "Final single point energy"
   &Converged [&Type "Boolean"] true
$End
$SCF_Nuc_Gradient
   &GeometryIndex 24
   &NAtoms [&Type "Integer"] 28
   &gradNorm [&Type "Double"]       6.7836431436981842e-02
   &grad [&Type "ArrayOfDoubles", &Dim (84,1)] 
                                                         0

0                                     -1.4817729671955486e-02
1                                      1.2713708085979314e-03
2                                     -1.1965960278986490e-02
3                                     -2.9406859883957762e-04
4                                      6.1226420759796993e-03
5                                      9.4334551887498008e-03
6                                      4.0124936474853108e-02
7                                     -1.7659708255017850e-02
8                                      1.4372663070013470e-02
9                                     -2.9592618115850239e-03
10                                    -1.6654068797446872e-03
11                                    -3.3228430688152450e-03
12                                     1.8305196527606644e-03
13                                     2.2236006151694753e-03
14                                    -1.2014139003719885e-03
15                                     6.8411364226841397e-03
16                                    -4.7237132519429978e-03
17                                    -1.4533672402542461e-03
18                                    -9.7695798476314069e-04
19                                     1.4899276726996393e-03
20                                    -3.7469345812328860e-03
21                                     5.9687678938715111e-04
22                                     7.9018072333236116e-05
23                                     1.0922438575876950e-03
24                                     1.4603179933442005e-04
25                                     2.8053581138315109e-04
26                                    -2.8561806641786856e-04
27                                     9.2322597539861383e-05
28                                     3.3372196716492523e-04
29                                    -2.1983345218026060e-05
30                                    -2.0283492182013381e-04
31                                     2.6039558293264591e-04
32                                     4.2334697257000750e-04
33                                     4.6518502833837894e-03
34                                     1.1627938371647391e-02
35                                     1.1902177174918488e-02
36                                    -2.1331682094627005e-02
37                                    -1.5164360943731177e-02
38                                    -1.5650266772533200e-02
39                                     3.8327618148529616e-03
40                                     3.6802729693633904e-03
41                                    -7.5112720089665708e-03
42                                     2.4011191643272538e-04
43                                    -5.1656784823350742e-04
44                                    -2.1984491452044477e-05
45                                     2.8682932565871549e-04
46                                    -3.5383438245539355e-04
47                                    -4.3352445173919295e-04
48                                    -8.4514769513291139e-04
49                                     4.5761956096661317e-03
50                                    -2.9047255508809225e-04
51                                     4.7292678779766887e-04
52                                    -2.3292527980035905e-04
53                                     2.3082085629936200e-04
54                                    -7.2398628165359273e-04
55                                     3.9450368635267580e-04
56                                     3.2350224640438711e-04
57                                     1.8922834272712369e-03
58                                     5.1010037004218666e-04
59                                    -7.6761663483220703e-04
60                                    -1.8741518009911487e-02
61                                     5.7474232081686175e-03
62                                     9.1553900138348666e-03
63                                     1.8698131450307475e-03
64                                    -7.1663641533745766e-04
65                                    -3.7498497691639760e-03
66                                     5.0601091726746813e-04
67                                     1.3950378338864827e-03
68                                     8.0549475356794396e-04
69                                     2.0719424317714656e-04
70                                     3.5188551208486887e-03
71                                    -6.0827795412621483e-04
72                                     2.3708308375113322e-04
73                                    -3.9141421751768808e-04
74                                     1.0343315170056170e-03
75                                    -5.9996137697223922e-04
76                                     9.8776243557179640e-04
77                                     2.1582001322374695e-03
78                                    -2.0662488334559745e-03
79                                    -1.2336943632337840e-03
80                                     2.2187967473799624e-04
81                                    -2.6929154622049354e-04
82                                    -1.8410404119751243e-03
83                                    -1.2212033770492612e-04
   &Method [&Type "String"] "SCF"
   &Level [&Type "String"] "Relaxed density"
   &Mult [&Type "Integer"] 1
   &State [&Type "Integer"] 0
   &Irrep [&Type "Integer"] 0
$End
$Geometry
   &GeometryIndex 25
   &NAtoms [&Type "Integer"] 28
   &NCorelessECP [&Type "Integer"] 0
   &NGhostAtoms [&Type "Integer"] 0
   &CartesianCoordinates [&Type "Coordinates", &Dim(28,4), &Units "Bohr"] 
              N     81.732317287585   54.801761054432   33.072053855110
              B     81.467608001153   52.343015816980   34.062824112116
              N     79.359776692403   50.692362931396   33.072053424445
              B     76.292617406017   45.777060678377   34.991361729005
              N     78.819373197414   46.871659675585   35.964481084781
              B     80.810138650162   48.413888161176   34.391650552519
              N     82.478033761166   50.480464071370   35.641221213903
              H     76.023299323269   44.344493514784   33.263013597873
              H     79.765450177671   45.487640298538   36.904651681330
              H     81.878511842079   47.056324374862   32.888099117663
              H     84.029937232393   50.395492395182   36.723780533179
              B     72.244230054460   47.337639877620   37.794522539089
              B     76.874059165612   48.320296926311   37.794523120791
              N     74.622122130324   46.964788710742   36.656139455807
              H     72.063588460711   48.904238105053   39.420260561644
              H     77.287299330679   47.896015685855   40.007510446244
              H     76.887798998005   50.597786295792   37.372571109765
              H     70.429020080167   46.123576036701   37.165258420470
              H     83.070826876425   56.035191133742   33.609319347248
              H     80.380091468333   55.567336437892   31.986266842696
              H     79.030513327028   50.609163490879   31.189196381782
              N     76.361243040901   54.273045831523   34.503321769062
              B     76.694601945948   51.776974211031   33.580187663894
              N     74.751196334584   50.579174152952   32.178474989211
              H     74.928858232968   48.783167367141   31.582484932223
              H     74.593412114436   54.875784714802   34.878578071629
              H     77.597980376754   54.966373662277   35.764910584092
              H     72.924830872402   51.009832524139   32.482672416605
$End
$SCF_Energy
   &GeometryIndex 25
   &Method [&Type "String"] "SCF"
   &totalEnergy [&Type "ArrayOfDoubles", &Dim (1,1)] "Total energy of each state"
                                                         0

0                                     -5.4128102422058896e+02
   &Mult [&Type "ArrayOfIntegers", &Dim (1,1)] "Multiplicity of each state"
                                                         0

0                                                        1
$End
$DFT_Energy
   &GeometryIndex 25
   &nAlphaEl [&Type "Integer"] 47
   &nBetaEl [&Type "Integer"] 47
   &nTotalEl [&Type "Integer"] 94
   &finalEn [&Type "Double"]      -5.4128102422058896e+02  "No Van der Waals correction"
   &eExchange [&Type "Double"]      -5.6284661829865769e+01
   &eCorr [&Type "Double"]      -3.0700830534834633e+00
   &eXC [&Type "Double"]      -5.9354744883349234e+01
   &eCNL [&Type "Double"]       0.0000000000000000e+00
$End
$SCF_Timings
   &GeometryIndex 25
   &TOTAL [&Type "Double"]       1.7667507400000000e+02
   &PREP [&Type "Double"]       4.3350599999999995e-01
   &FOCK [&Type "Double"]       1.6245849399999997e+02
   &DENS [&Type "Double"]       8.9670999999981404e-02
   &ETOT [&Type "Double"]       4.4725000000031656e-02
   &POP [&Type "Double"]       9.9999999747524271e-07
   &TRAFO [&Type "Double"]       1.7827400000000182e-01
   &DIIS [&Type "Double"]       5.6317099999999698e-01
   &SOSCF [&Type "Double"]       2.4369799999998421e-01
   &XC [&Type "Double"]       2.4627685000000021e+01
   &FOCKSTART [&Type "Double"]       1.6701000000002852e-02
   &INT_PREP [&Type "Double"]       3.0000000066365828e-06
   &INT_BF [&Type "Double"]       7.9723410000008776e+00
   &INT_DENS [&Type "Double"]       7.6161300000003358e+00
   &INT_DENSIO [&Type "Double"]       7.4889533473399677e+05
   &INT_FUNC [&Type "Double"]       2.7012400000040415e-01
   &INT_POT [&Type "Double"]       7.6256549999995258e+00
   &INT_POTIO [&Type "Double"]       9.5713000000063886e-02
   &INT_SUM [&Type "Double"]       1.3300000000171508e-04
   &SPLITRIJ [&Type "Double"]       5.8308530000000101e+00
   &COSX [&Type "Double"]       1.4478644800000001e+02
$End
$VdW_Correction
   &GeometryIndex 25
   &vdW [&Type "Double"]      -2.9519790442484119e-02
$End
$Single_Point_Data
   &GeometryIndex 25
   &FinalEnergy [&Type "Double"]      -5.4131054401103142e+02  "Final single point energy"
   &Converged [&Type "Boolean"] true
$End
$SCF_Nuc_Gradient
   &GeometryIndex 25
   &NAtoms [&Type "Integer"] 28
   &gradNorm [&Type "Double"]       6.8000885883266832e-02
   &grad [&Type "ArrayOfDoubles", &Dim (84,1)] 
                                                         0

0                                     -1.4706727079943666e-02
1                                      1.0001455607795838e-03
2                                     -1.2037861263831086e-02
3                                      5.5997550490619790e-05
4                                      6.4304288906720441e-03
5                                      9.2796039213449560e-03
6                                      4.0509532198075571e-02
7                                     -1.7443103438028264e-02
8                                      1.4340876430448356e-02
9                                     -2.9982964098382529e-03
10                                    -1.6883199826784230e-03
11                                    -3.3894667637749368e-03
12                                     1.7975353949558259e-03
13                                     2.2822839027877586e-03
14                                    -1.1786576733163081e-03
15                                     6.9568576240314666e-03
16                                    -4.7048570247850020e-03
17                                    -1.3682917706658170e-03
18                                    -1.0169278581799155e-03
19                                     1.4023042931163797e-03
20                                    -3.6903586415924050e-03
21                                     6.0464957681245724e-04
22                                     8.7895127707541968e-05
23                                     1.1143459589057817e-03
24                                     1.5320585881832901e-04
25                                     2.8991374389866108e-04
26                                    -2.8206449277784669e-04
27                                     6.3373261165000953e-05
28                                     3.5128119547775719e-04
29                                    -3.2993549720782628e-05
30                                    -2.0701149837998794e-04
31                                     2.6441331213704556e-04
32                                     4.2826921133650873e-04
33                                     4.6389641714748124e-03
34                                     1.1606585971697213e-02
35                                     1.1896333139044101e-02
36                                    -2.1374272877989996e-02
37                                    -1.5429753202148027e-02
38                                    -1.5683769062084706e-02
39                                     3.8917122436126191e-03
40                                     3.7412223682103218e-03
41                                    -7.4386699356018913e-03
42                                     2.4185081879502356e-04
43                                    -5.0710705267827312e-04
44                                    -1.9936376781663385e-05
45                                     2.8275677869127878e-04
46                                    -2.9515019922242322e-04
47                                    -4.5035397660966653e-04
48                                    -8.3589607483239541e-04
49                                     4.7129137759549938e-03
50                                    -3.4921879114691940e-04
51                                     4.8266756474584080e-04
52                                    -2.2382125245585778e-04
53                                     2.3636373607421142e-04
54                                    -7.5172672780871735e-04
55                                     3.9090170010185922e-04
56                                     3.3776699419411373e-04
57                                     1.8323887314210913e-03
58                                     5.7350270117346785e-04
59                                    -6.5348207126946162e-04
60                                    -1.8899374892119618e-02
61                                     5.7971985415133489e-03
62                                     9.2600442808426289e-03
63                                     2.3533727816616242e-03
64                                    -5.5946518699058630e-04
65                                    -1.7031948832604421e-03
66                                    -1.2317336194726150e-03
67                                     2.1594206753534316e-03
68                                     1.0379707561679668e-03
69                                     6.8660124249451016e-04
70                                     1.4292687690744381e-03
71                                    -1.8164357868333805e-03
72                                     4.7744142754421384e-05
73                                    -3.5289651330978184e-04
74                                     8.2459346572615814e-04
75                                    -8.9525670682965382e-04
76                                     6.9409663058610422e-04
77                                     1.1694196120268475e-03
78                                    -1.5914887988537970e-03
79                                    -1.1848359024006930e-03
80                                    -4.0989376377457423e-04
81                                    -9.0497458150244154e-05
82                                    -8.2446744906416786e-04
83                                     5.7906127422029617e-04
   &Method [&Type "String"] "SCF"
   &Level [&Type "String"] "Relaxed density"
   &Mult [&Type "Integer"] 1
   &State [&Type "Integer"] 0
   &Irrep [&Type "Integer"] 0
$End
$Geometry
   &GeometryIndex 26
   &NAtoms [&Type "Integer"] 28
   &NCorelessECP [&Type "Integer"] 0
   &NGhostAtoms [&Type "Integer"] 0
   &CartesianCoordinates [&Type "Coordinates", &Dim(28,4), &Units "Bohr"] 
              N     81.732317285816   54.801761054671   33.072053852749
              B     81.467608003379   52.343015818830   34.062824118875
              N     79.359776696674   50.692362920198   33.072053407206
              B     76.292617402784   45.777060696994   34.991361738253
              N     78.819373188917   46.871659632892   35.964481035767
              B     80.810138650752   48.413888191680   34.391650593921
              N     82.478033760576   50.480464065723   35.641221200974
              H     76.023299324236   44.344493511670   33.263013597589
              H     79.765450181803   45.487640309666   36.904651694246
              H     81.878511842984   47.056324371339   32.888099112765
              H     84.029937232367   50.395492395875   36.723780536037
              B     72.244230054223   47.337639878625   37.794522538736
              B     76.874059175252   48.320296930704   37.794523135827
              N     74.622122129824   46.964788706496   36.656139453143
              H     72.063588460606   48.904238105250   39.420260561459
              H     77.287299327841   47.896015685217   40.007510444989
              H     76.887798997243   50.597786295531   37.372571108340
              H     70.429020080305   46.123576036465   37.165258420659
              H     83.070826877203   56.035191133339   33.609319347317
              H     80.380091469123   55.567336437921   31.986266843060
              H     79.030513321147   50.609163494183   31.189196385546
              N     76.361071648663   54.264882865992   34.509522411106
              B     76.692666085658   51.767705063677   33.586073149147
              N     74.744425359308   50.573090333638   32.185849630735
              H     74.898402125756   48.776608376567   31.586378699565
              H     74.595330274256   54.881363692734   34.860499824481
              H     77.611040824139   54.981071357286   35.745957363241
              H     72.925043238032   51.031531712394   32.493655995004
$End
$SCF_Energy
   &GeometryIndex 26
   &Method [&Type "String"] "SCF"
   &totalEnergy [&Type "ArrayOfDoubles", &Dim (1,1)] "Total energy of each state"
                                                         0

0                                     -5.4128108790753276e+02
   &Mult [&Type "ArrayOfIntegers", &Dim (1,1)] "Multiplicity of each state"
                                                         0

0                                                        1
$End
$DFT_Energy
   &GeometryIndex 26
   &nAlphaEl [&Type "Integer"] 47
   &nBetaEl [&Type "Integer"] 47
   &nTotalEl [&Type "Integer"] 94
   &finalEn [&Type "Double"]      -5.4128108790753276e+02  "No Van der Waals correction"
   &eExchange [&Type "Double"]      -5.6284593495050494e+01
   &eCorr [&Type "Double"]      -3.0701383883478441e+00
   &eXC [&Type "Double"]      -5.9354731883398337e+01
   &eCNL [&Type "Double"]       0.0000000000000000e+00
$End
$SCF_Timings
   &GeometryIndex 26
   &TOTAL [&Type "Double"]       1.8081580300000002e+02
   &PREP [&Type "Double"]       4.4135900000000000e-01
   &FOCK [&Type "Double"]       1.6701042600000002e+02
   &DENS [&Type "Double"]       9.0409999999991442e-02
   &ETOT [&Type "Double"]       4.8082999999991216e-02
   &POP [&Type "Double"]       9.9999999747524271e-07
   &TRAFO [&Type "Double"]       1.8096399999999591e-01
   &DIIS [&Type "Double"]       4.2448800000000375e-01
   &SOSCF [&Type "Double"]       3.0756699999999171e-01
   &XC [&Type "Double"]       2.3714704999999981e+01
   &FOCKSTART [&Type "Double"]       1.5020000000021017e-02
   &INT_PREP [&Type "Double"]       1.9999999949504854e-06
   &INT_BF [&Type "Double"]       7.1529499999995245e+00
   &INT_DENS [&Type "Double"]       7.1969919999999838e+00
   &INT_DENSIO [&Type "Double"]       7.9651927942699706e+05
   &INT_FUNC [&Type "Double"]       2.7076500000096715e-01
   &INT_POT [&Type "Double"]       7.0796049999998907e+00
   &INT_POTIO [&Type "Double"]       9.6639000000156017e-02
   &INT_SUM [&Type "Double"]       1.6799999999150828e-04
   &SPLITRIJ [&Type "Double"]       5.8437470000000156e+00
   &COSX [&Type "Double"]       1.4989872700000004e+02
$End
$VdW_Correction
   &GeometryIndex 26
   &vdW [&Type "Double"]      -2.9527527630435122e-02
$End
$Single_Point_Data
   &GeometryIndex 26
   &FinalEnergy [&Type "Double"]      -5.4131061543516319e+02  "Final single point energy"
   &Converged [&Type "Boolean"] true
$End
$SCF_Nuc_Gradient
   &GeometryIndex 26
   &NAtoms [&Type "Integer"] 28
   &gradNorm [&Type "Double"]       6.7595914490138673e-02
   &grad [&Type "ArrayOfDoubles", &Dim (84,1)] 
                                                         0

0                                     -1.4649316157829636e-02
1                                      8.6138930324901385e-04
2                                     -1.2062293550951037e-02
3                                      2.0061639304366812e-04
4                                      6.5999217092707384e-03
5                                      9.1802553080478529e-03
6                                      4.0456740618975202e-02
7                                     -1.6797430363647250e-02
8                                      1.4146855071290656e-02
9                                     -2.9821619837442450e-03
10                                    -1.6719566184518137e-03
11                                    -3.4389071536162423e-03
12                                     1.7640766720163866e-03
13                                     2.3117580727831689e-03
14                                    -1.1708488716996254e-03
15                                     6.9172867085327931e-03
16                                    -4.6910828448533462e-03
17                                    -1.2377627271248249e-03
18                                    -1.0469676586181698e-03
19                                     1.3471499329718785e-03
20                                    -3.6679561719542655e-03
21                                     6.0535646636875236e-04
22                                     8.8826724274502047e-05
23                                     1.1201437682750242e-03
24                                     1.5854248956940044e-04
25                                     2.9037472736752307e-04
26                                    -2.7671685874643961e-04
27                                     4.0374319440081961e-05
28                                     3.6705412947032103e-04
29                                    -5.0034819350795994e-05
30                                    -2.0565479740479513e-04
31                                     2.6100974510274831e-04
32                                     4.2108412109759843e-04
33                                     4.6137679332146613e-03
34                                     1.1602426022313003e-02
35                                     1.1903145345339346e-02
36                                    -2.1358995720096186e-02
37                                    -1.5401977561704073e-02
38                                    -1.5654935425388539e-02
39                                     3.8813713750493204e-03
40                                     3.8519031776680568e-03
41                                    -7.5212633407633674e-03
42                                     2.4290677283186153e-04
43                                    -5.0309227982296852e-04
44                                    -2.1874784204357214e-05
45                                     2.7914401738736021e-04
46                                    -3.0763507612602568e-04
47                                    -4.5418313408646208e-04
48                                    -8.5842223947728681e-04
49                                     4.8055760306070575e-03
50                                    -3.4845560646378968e-04
51                                     4.8631272343129282e-04
52                                    -2.2082435310820825e-04
53                                     2.3901878355048095e-04
54                                    -7.7467956967191220e-04
55                                     3.9107821920330291e-04
56                                     3.5022759575654961e-04
57                                     1.8080076371140537e-03
58                                     6.1649643284164730e-04
59                                    -5.9134217653026731e-04
60                                    -1.8747954988485822e-02
61                                     5.7337673879753531e-03
62                                     9.1851624617337643e-03
63                                     1.4283676070329203e-03
64                                     2.3650745272968225e-04
65                                    -4.4205208488322243e-04
66                                    -1.6075313468840631e-03
67                                     1.3069770910484543e-03
68                                     1.1914033030751142e-03
69                                     8.0337367541764035e-04
70                                     1.5955680318790089e-04
71                                    -2.2810420152859861e-03
72                                    -2.2621542033321153e-04
73                                    -3.0872569531207770e-04
74                                     6.1853867717390741e-04
75                                    -4.9365013921041305e-04
76                                     2.0481209354018836e-04
77                                     3.6596190392107459e-04
78                                    -7.1158410775490203e-04
79                                    -8.8318346693727623e-04
80                                    -3.2735057865459160e-04
81                                    -2.3111437844883481e-05
82                                    -2.5067688280898750e-04
83                                     8.2522290621570178e-04
   &Method [&Type "String"] "SCF"
   &Level [&Type "String"] "Relaxed density"
   &Mult [&Type "Integer"] 1
   &State [&Type "Integer"] 0
   &Irrep [&Type "Integer"] 0
$End
$Geometry
   &GeometryIndex 27
   &NAtoms [&Type "Integer"] 28
   &NCorelessECP [&Type "Integer"] 0
   &NGhostAtoms [&Type "Integer"] 0
   &CartesianCoordinates [&Type "Coordinates", &Dim(28,4), &Units "Bohr"] 
              N     81.732317292424   54.801761052666   33.072053825452
              B     81.467607987325   52.343015827439   34.062824172521
              N     79.359776725839   50.692362898423   33.072053344215
              B     76.292617397423   45.777060729400   34.991361758305
              N     78.819373161719   46.871659559455   35.964480938682
              B     80.810138665311   48.413888243625   34.391650693859
              N     82.478033750844   50.480464058164   35.641221166503
              H     76.023299326056   44.344493506281   33.263013597015
              H     79.765450190995   45.487640327316   36.904651714098
              H     81.878511844237   47.056324364981   32.888099099934
              H     84.029937237862   50.395492395604   36.723780537697
              B     72.244230053957   47.337639878291   37.794522539088
              B     76.874059194940   48.320296935930   37.794523162906
              N     74.622122128946   46.964788702644   36.656139446687
              H     72.063588460500   48.904238105762   39.420260561226
              H     77.287299323427   47.896015685358   40.007510443551
              H     76.887798995792   50.597786295223   37.372571106489
              H     70.429020080512   46.123576036422   37.165258420885
              H     83.070826877875   56.035191132141   33.609319350338
              H     80.380091469538   55.567336437465   31.986266847558
              H     79.030513297534   50.609163500680   31.189196400448
              N     76.365831643749   54.262601284965   34.519474568336
              B     76.695010771826   51.762632031194   33.596593221421
              N     74.737154623297   50.574016015491   32.204771027339
              H     74.872990748571   48.780266576692   31.594081738158
              H     74.602298541029   54.883225678648   34.865312595050
              H     77.626066363250   54.995242468343   35.737659807359
              H     72.922383007219   51.053401778812   32.507427763801
$End
$SCF_Energy
   &GeometryIndex 27
   &Method [&Type "String"] "SCF"
   &totalEnergy [&Type "ArrayOfDoubles", &Dim (1,1)] "Total energy of each state"
                                                         0

0                                     -5.4128111563209666e+02
   &Mult [&Type "ArrayOfIntegers", &Dim (1,1)] "Multiplicity of each state"
                                                         0

0                                                        1
$End
$DFT_Energy
   &GeometryIndex 27
   &nAlphaEl [&Type "Integer"] 47
   &nBetaEl [&Type "Integer"] 47
   &nTotalEl [&Type "Integer"] 94
   &finalEn [&Type "Double"]      -5.4128111563209666e+02  "No Van der Waals correction"
   &eExchange [&Type "Double"]      -5.6284701275380201e+01
   &eCorr [&Type "Double"]      -3.0702419875437048e+00
   &eXC [&Type "Double"]      -5.9354943262923904e+01
   &eCNL [&Type "Double"]       0.0000000000000000e+00
$End
$SCF_Timings
   &GeometryIndex 27
   &TOTAL [&Type "Double"]       1.8661217800000000e+02
   &PREP [&Type "Double"]       4.2199899999999996e-01
   &FOCK [&Type "Double"]       1.7359806199999997e+02
   &DENS [&Type "Double"]       9.0635000000020227e-02
   &ETOT [&Type "Double"]       4.4439999999973168e-02
   &TRAFO [&Type "Double"]       1.7621199999998538e-01
   &DIIS [&Type "Double"]       3.0197700000000083e-01
   &SOSCF [&Type "Double"]       3.4849500000003530e-01
   &XC [&Type "Double"]       2.4440947000000012e+01
   &FOCKSTART [&Type "Double"]       1.6263999999978573e-02
   &INT_PREP [&Type "Double"]       3.0000000066365828e-06
   &INT_BF [&Type "Double"]       8.1469150000000887e+00
   &INT_DENS [&Type "Double"]       7.5197919999995051e+00
   &INT_DENSIO [&Type "Double"]       8.6045135434799641e+05
   &INT_FUNC [&Type "Double"]       2.7032299999920539e-01
   &INT_POT [&Type "Double"]       7.2535510000003391e+00
   &INT_POTIO [&Type "Double"]       9.4503000000532467e-02
   &INT_SUM [&Type "Double"]       1.7400000000122873e-04
   &SPLITRIJ [&Type "Double"]       5.8117470000000147e+00
   &COSX [&Type "Double"]       1.5508686500000005e+02
$End
$VdW_Correction
   &GeometryIndex 27
   &vdW [&Type "Double"]      -2.9539102092383054e-02
$End
$Single_Point_Data
   &GeometryIndex 27
   &FinalEnergy [&Type "Double"]      -5.4131065473418903e+02  "Final single point energy"
   &Converged [&Type "Boolean"] true
$End
$SCF_Nuc_Gradient
   &GeometryIndex 27
   &NAtoms [&Type "Integer"] 28
   &gradNorm [&Type "Double"]       6.7093144966318560e-02
   &grad [&Type "ArrayOfDoubles", &Dim (84,1)] 
                                                         0

0                                     -1.4640853629198173e-02
1                                      8.1011554561614876e-04
2                                     -1.2060365725697115e-02
3                                      1.6662655930019450e-04
4                                      6.6792548417476090e-03
5                                      9.1278465927530136e-03
6                                      4.0197519094510040e-02
7                                     -1.6288865909536619e-02
8                                      1.3996719954985795e-02
9                                     -2.9372979395870637e-03
10                                    -1.6511278005715267e-03
11                                    -3.4699928079182690e-03
12                                     1.7228320235449469e-03
13                                     2.3124091421949629e-03
14                                    -1.1628102132454808e-03
15                                     6.8500812705415103e-03
16                                    -4.6634078553771420e-03
17                                    -1.1715903437804116e-03
18                                    -1.0598504197598469e-03
19                                     1.3126444577995927e-03
20                                    -3.6522973163130045e-03
21                                     6.0222282463044999e-04
22                                     8.6027629849945875e-05
23                                     1.1203257568271538e-03
24                                     1.6113322067596526e-04
25                                     2.8943938330399754e-04
26                                    -2.7335478720858381e-04
27                                     3.0103788615960288e-05
28                                     3.6931342313276149e-04
29                                    -5.7578020488097035e-05
30                                    -2.0299342875167549e-04
31                                     2.5596284178118598e-04
32                                     4.0813135456061172e-04
33                                     4.5880857942890620e-03
34                                     1.1602796162105139e-02
35                                     1.1912308445332651e-02
36                                    -2.1317485309399611e-02
37                                    -1.5286735885760992e-02
38                                    -1.5612032039529164e-02
39                                     3.8294067619079062e-03
40                                     3.9625087202743653e-03
41                                    -7.6418416605615247e-03
42                                     2.4431641485957861e-04
43                                    -5.0195421069029527e-04
44                                    -2.5571159831661554e-05
45                                     2.7627242119769270e-04
46                                    -3.3826766834334221e-04
47                                    -4.5312913838869832e-04
48                                    -8.8927342210451041e-04
49                                     4.8364249738733671e-03
50                                    -3.2569385611889816e-04
51                                     4.9006941695671729e-04
52                                    -2.2049010223940580e-04
53                                     2.4018503061381169e-04
54                                    -7.9052756462756428e-04
55                                     3.9481338462688247e-04
56                                     3.5872210692471486e-04
57                                     1.8007104454382343e-03
58                                     6.3656541570680444e-04
59                                    -5.6031773849647205e-04
60                                    -1.8516919879668782e-02
61                                     5.6606935930426450e-03
62                                     9.0726328245991084e-03
63                                     2.7641861959588524e-04
64                                     7.0614569065152711e-04
65                                     1.5382689781773755e-06
66                                    -1.1350140483445763e-03
67                                     1.1728704449899031e-04
68                                     1.0459260086616133e-03
69                                     7.5704319437230037e-04
70                                    -1.6841422825811470e-04
71                                    -2.0028480021799392e-03
72                                    -4.4753743517583397e-04
73                                    -2.6425321846485134e-04
74                                     4.6427571349198641e-04
75                                    -6.4439263992900901e-06
76                                    -1.0127199066726450e-04
77                                    -3.1667120086429475e-05
78                                    -2.3645155870077158e-05
79                                    -4.4184424364965291e-04
80                                     1.3629340778540397e-05
81                                    -2.4999800440325914e-05
82                                    -1.0576919464048611e-04
83                                     7.3884847571132728e-04
   &Method [&Type "String"] "SCF"
   &Level [&Type "String"] "Relaxed density"
   &Mult [&Type "Integer"] 1
   &State [&Type "Integer"] 0
   &Irrep [&Type "Integer"] 0
$End
$Geometry
   &GeometryIndex 28
   &NAtoms [&Type "Integer"] 28
   &NCorelessECP [&Type "Integer"] 0
   &NGhostAtoms [&Type "Integer"] 0
   &CartesianCoordinates [&Type "Coordinates", &Dim(28,4), &Units "Bohr"] 
              N     81.732317574405   54.801760914826   33.072053415468
              B     81.467607446400   52.343016052555   34.062824927572
              N     79.359776997579   50.692362955299   33.072053113962
              B     76.292617391961   45.777060721340   34.991361751031
              N     78.819373177502   46.871659601636   35.964480960377
              B     80.810138647257   48.413888170986   34.391650747838
              N     82.478033990646   50.480463951114   35.641220780664
              H     76.023299326817   44.344493507317   33.263013599276
              H     79.765450183812   45.487640311044   36.904651692962
              H     81.878511848939   47.056324368750   32.888099095891
              H     84.029937187964   50.395492419200   36.723780619358
              B     72.244230054924   47.337639872882   37.794522540992
              B     76.874059181398   48.320296930025   37.794523142446
              N     74.622122131312   46.964788708337   36.656139452794
              H     72.063588460618   48.904238106265   39.420260561187
              H     77.287299330163   47.896015689190   40.007510447803
              H     76.887798996451   50.597786294970   37.372571110427
              H     70.429020080048   46.123576037772   37.165258420107
              H     83.070826830384   56.035191153752   33.609319413638
              H     80.380091448027   55.567336432833   31.986266877912
              H     79.030513176450   50.609163473176   31.189196455754
              N     76.373025891247   54.265468478583   34.527459923868
              B     76.699534564765   51.763133398157   33.605161968098
              N     74.731324212843   50.581203061067   32.224337069612
              H     74.854563112695   48.792469317362   31.597671504024
              H     74.610886113924   54.886703871010   34.874348953646
              H     77.638265021061   55.011107949708   35.733963891659
              H     72.919540843986   51.077765090782   32.514680134972
$End
$SCF_Energy
   &GeometryIndex 28
   &Method [&Type "String"] "SCF"
   &totalEnergy [&Type "ArrayOfDoubles", &Dim (1,1)] "Total energy of each state"
                                                         0

0                                     -5.4128113262584282e+02
   &Mult [&Type "ArrayOfIntegers", &Dim (1,1)] "Multiplicity of each state"
                                                         0

0                                                        1
$End
$DFT_Energy
   &GeometryIndex 28
   &nAlphaEl [&Type "Integer"] 47
   &nBetaEl [&Type "Integer"] 47
   &nTotalEl [&Type "Integer"] 94
   &finalEn [&Type "Double"]      -5.4128113262584282e+02  "No Van der Waals correction"
   &eExchange [&Type "Double"]      -5.6285010016348721e+01
   &eCorr [&Type "Double"]      -3.0703182729451046e+00
   &eXC [&Type "Double"]      -5.9355328289293823e+01
   &eCNL [&Type "Double"]       0.0000000000000000e+00
$End
$SCF_Timings
   &GeometryIndex 28
   &TOTAL [&Type "Double"]       1.8007757300000000e+02
   &PREP [&Type "Double"]       4.2855899999999997e-01
   &FOCK [&Type "Double"]       1.6710667100000003e+02
   &DENS [&Type "Double"]       8.6727999999993699e-02
   &ETOT [&Type "Double"]       3.8085999999960762e-02
   &POP [&Type "Double"]       9.9999999747524271e-07
   &TRAFO [&Type "Double"]       9.0272999999996273e-02
   &DIIS [&Type "Double"]       1.2123599999999968e-01
   &SOSCF [&Type "Double"]       3.3752400000000904e-01
   &XC [&Type "Double"]       2.1898555999999999e+01
   &FOCKSTART [&Type "Double"]       1.5924000000004934e-02
   &INT_PREP [&Type "Double"]       3.9999999899009708e-06
   &INT_BF [&Type "Double"]       7.1109979999995936e+00
   &INT_DENS [&Type "Double"]       6.7100690000004555e+00
   &INT_DENSIO [&Type "Double"]       7.6016638008099585e+05
   &INT_FUNC [&Type "Double"]       2.3763900000008320e-01
   &INT_POT [&Type "Double"]       6.9038459999992341e+00
   &INT_POTIO [&Type "Double"]       8.1449000000141325e-02
   &INT_SUM [&Type "Double"]       1.2900000000470868e-04
   &SPLITRIJ [&Type "Double"]       5.0665140000000282e+00
   &COSX [&Type "Double"]       1.5206545799999998e+02
$End
$VdW_Correction
   &GeometryIndex 28
   &vdW [&Type "Double"]      -2.9544790716075162e-02
$End
$Single_Point_Data
   &GeometryIndex 28
   &FinalEnergy [&Type "Double"]      -5.4131067741655886e+02  "Final single point energy"
   &Converged [&Type "Boolean"] true
$End
$SCF_Nuc_Gradient
   &GeometryIndex 28
   &NAtoms [&Type "Integer"] 28
   &gradNorm [&Type "Double"]       6.6721444284856796e-02
   &grad [&Type "ArrayOfDoubles", &Dim (84,1)] 
                                                         0

0                                     -1.4669838646196171e-02
1                                      7.9389615390046105e-04
2                                     -1.2039773800519160e-02
3                                      3.3064857566072537e-05
4                                      6.7251636236454575e-03
5                                      9.0968660090359824e-03
6                                      3.9907266787998392e-02
7                                     -1.6043905228190148e-02
8                                      1.3967380308037469e-02
9                                     -2.8661720287675406e-03
10                                    -1.6528051094807194e-03
11                                    -3.4797743060239234e-03
12                                     1.6691938955859351e-03
13                                     2.2984845810647366e-03
14                                    -1.1487046506678826e-03
15                                     6.8174679949759478e-03
16                                    -4.6225791416095686e-03
17                                    -1.1870896452272179e-03
18                                    -1.0674597497546171e-03
19                                     1.2859608104912486e-03
20                                    -3.6323661453380326e-03
21                                     5.9667198120747509e-04
22                                     8.2053408012653647e-05
23                                     1.1161099786729258e-03
24                                     1.6434420957952325e-04
25                                     2.8665239935501236e-04
26                                    -2.7204382265475570e-04
27                                     2.8512874174521427e-05
28                                     3.6075395556871618e-04
29                                    -5.2273056347701826e-05
30                                    -1.9698955332486217e-04
31                                     2.5163322691608338e-04
32                                     3.9854195482253612e-04
33                                     4.5628882231253968e-03
34                                     1.1593652193351364e-02
35                                     1.1932674106218046e-02
36                                    -2.1267961439450901e-02
37                                    -1.5202169088218127e-02
38                                    -1.5579321114546633e-02
39                                     3.7543336156208753e-03
40                                     4.0447875585801936e-03
41                                    -7.7182372478474641e-03
42                                     2.4716832043443254e-04
43                                    -5.0014177134556008e-04
44                                    -3.1918630175339254e-05
45                                     2.7013281769768579e-04
46                                    -3.5788112238917247e-04
47                                    -4.5593495024018956e-04
48                                    -9.1600196982389919e-04
49                                     4.8263215444856603e-03
50                                    -3.0996706287672972e-04
51                                     4.9388953511080957e-04
52                                    -2.1804703539581865e-04
53                                     2.3907236675304029e-04
54                                    -8.0112692347702129e-04
55                                     4.0116674824039320e-04
56                                     3.6376026559123854e-04
57                                     1.7954482196917787e-03
58                                     6.4141539481375113e-04
59                                    -5.4963017872003493e-04
60                                    -1.8341534250615799e-02
61                                     5.6210808734659104e-03
62                                     8.9816485606604973e-03
63                                    -4.8018197955332635e-04
64                                     7.4204193459622618e-04
65                                     4.6103974404120002e-05
66                                    -4.1099977139497340e-04
67                                    -7.9225782382047168e-04
68                                     6.5748220751399235e-04
69                                     6.8005557927541230e-04
70                                    -2.7994231859337329e-05
71                                    -1.3301059099659453e-03
72                                    -5.8649003210539577e-04
73                                    -1.8445475872401360e-04
74                                     3.3432875473786905e-04
75                                     3.4490629336975229e-04
76                                    -2.0981252832540402e-04
77                                    -1.5727410077209970e-04
78                                     2.8579930476943185e-04
79                                     1.0008003213877016e-05
80                                     3.0828554479864385e-04
81                                    -4.6388252003952716e-05
82                                    -1.5302460690050148e-04
83                                     5.0216056398435691e-04
   &Method [&Type "String"] "SCF"
   &Level [&Type "String"] "Relaxed density"
   &Mult [&Type "Integer"] 1
   &State [&Type "Integer"] 0
   &Irrep [&Type "Integer"] 0
$End
$Geometry
   &GeometryIndex 29
   &NAtoms [&Type "Integer"] 28
   &NCorelessECP [&Type "Integer"] 0
   &NGhostAtoms [&Type "Integer"] 0
   &CartesianCoordinates [&Type "Coordinates", &Dim(28,4), &Units "Bohr"] 
              N     81.732317642601   54.801760830281   33.072053392560
              B     81.467607375414   52.343016206219   34.062824963618
              N     79.359776812401   50.692362897888   33.072053344715
              B     76.292617410778   45.777060646972   34.991361716218
              N     78.819373221408   46.871659745093   35.964481156020
              B     80.810138604245   48.413888141243   34.391650504215
              N     82.478034188967   50.480463818717   35.641220622339
              H     76.023299321883   44.344493520113   33.263013597713
              H     79.765450169482   45.487640280024   36.904651663919
              H     81.878511850236   47.056324372276   32.888099135242
              H     84.029937104808   50.395492461660   36.723780718289
              B     72.244230053609   47.337639878356   37.794522536582
              B     76.874059147054   48.320296914138   37.794523096334
              N     74.622122133748   46.964788714031   36.656139464925
              H     72.063588460934   48.904238104863   39.420260562003
              H     77.287299335915   47.896015688686   40.007510448657
              H     76.887799000102   50.597786296813   37.372571112097
              H     70.429020080102   46.123576036873   37.165258420560
              H     83.070826806274   56.035191175749   33.609319428870
              H     80.380091454258   55.567336439497   31.986266850679
              H     79.030513288838   50.609163503776   31.189196391902
              N     76.378420664292   54.270822634656   34.530651587108
              B     76.703760246387   51.767937570165   33.607842963427
              N     74.728845847458   50.590510688890   32.235804026659
              H     74.847821055020   48.807873083017   31.592067365008
              H     74.616008381097   54.890009435743   34.879690149264
              H     77.643184373038   55.024707624030   35.732761709495
              H     72.918187070464   51.099150549394   32.508522553068
$End
$SCF_Energy
   &GeometryIndex 29
   &Method [&Type "String"] "SCF"
   &totalEnergy [&Type "ArrayOfDoubles", &Dim (1,1)] "Total energy of each state"
                                                         0

0                                     -5.4128115019053212e+02
   &Mult [&Type "ArrayOfIntegers", &Dim (1,1)] "Multiplicity of each state"
                                                         0

0                                                        1
$End
$DFT_Energy
   &GeometryIndex 29
   &nAlphaEl [&Type "Integer"] 47
   &nBetaEl [&Type "Integer"] 47
   &nTotalEl [&Type "Integer"] 94
   &finalEn [&Type "Double"]      -5.4128115019053212e+02  "No Van der Waals correction"
   &eExchange [&Type "Double"]      -5.6285363314334639e+01
   &eCorr [&Type "Double"]      -3.0703253286424763e+00
   &eXC [&Type "Double"]      -5.9355688642977114e+01
   &eCNL [&Type "Double"]       0.0000000000000000e+00
$End
$SCF_Timings
   &GeometryIndex 29
   &TOTAL [&Type "Double"]       1.7696840400000002e+02
   &PREP [&Type "Double"]       4.4072499999999998e-01
   &FOCK [&Type "Double"]       1.6447355199999998e+02
   &DENS [&Type "Double"]       7.5685000000007108e-02
   &ETOT [&Type "Double"]       4.1901000000013511e-02
   &TRAFO [&Type "Double"]       9.3125000000014779e-02
   &DIIS [&Type "Double"]       1.0897800000000046e-01
   &SOSCF [&Type "Double"]       3.6501399999998441e-01
   &XC [&Type "Double"]       2.1612925000000025e+01
   &FOCKSTART [&Type "Double"]       1.5955000000003938e-02
   &INT_PREP [&Type "Double"]       1.9999999949504854e-06
   &INT_BF [&Type "Double"]       6.7373039999998809e+00
   &INT_DENS [&Type "Double"]       6.5932770000011480e+00
   &INT_DENSIO [&Type "Double"]       7.4763502283099503e+05
   &INT_FUNC [&Type "Double"]       2.4073699999940601e-01
   &INT_POT [&Type "Double"]       6.6199510000007749e+00
   &INT_POTIO [&Type "Double"]       8.2744000000012363e-02
   &INT_SUM [&Type "Double"]       1.4500000003181412e-04
   &SPLITRIJ [&Type "Double"]       5.0747339999999923e+00
   &COSX [&Type "Double"]       1.4924051100000000e+02
$End
$VdW_Correction
   &GeometryIndex 29
   &vdW [&Type "Double"]      -2.9541245663481326e-02
$End
$Single_Point_Data
   &GeometryIndex 29
   &FinalEnergy [&Type "Double"]      -5.4131069143619561e+02  "Final single point energy"
   &Converged [&Type "Boolean"] true
$End
$SCF_Nuc_Gradient
   &GeometryIndex 29
   &NAtoms [&Type "Integer"] 28
   &gradNorm [&Type "Double"]       6.6607801679635606e-02
   &grad [&Type "ArrayOfDoubles", &Dim (84,1)] 
                                                         0

0                                     -1.4701596794514809e-02
1                                      7.9128728323681801e-04
2                                     -1.2015762558230147e-02
3                                     -1.1539049905171108e-04
4                                      6.7543968316214715e-03
5                                      9.0735750043491950e-03
6                                      3.9731752068816073e-02
7                                     -1.6108834715864183e-02
8                                      1.4067222523630560e-02
9                                     -2.7843680256138350e-03
10                                    -1.6849854472596273e-03
11                                    -3.4685933989368279e-03
12                                     1.6054435137919437e-03
13                                     2.2759150654748572e-03
14                                    -1.1258244899968652e-03
15                                     6.8447508952122057e-03
16                                    -4.5747566471080591e-03
17                                    -1.2770441843989687e-03
18                                    -1.0698021948546230e-03
19                                     1.2645724538937145e-03
20                                    -3.6016966690012005e-03
21                                     5.8951998375579302e-04
22                                     8.3033210202370907e-05
23                                     1.1134741351502147e-03
24                                     1.6651366183674231e-04
25                                     2.8400643417246442e-04
26                                    -2.7161016024895482e-04
27                                     3.4112025895483662e-05
28                                     3.4426671825403841e-04
29                                    -3.6831894734675727e-05
30                                    -1.9000069902875541e-04
31                                     2.4985012274794947e-04
32                                     3.9197142104559430e-04
33                                     4.5431468084751033e-03
34                                     1.1573535446229128e-02
35                                     1.1963771502952402e-02
36                                    -2.1228605886390403e-02
37                                    -1.5209855187963743e-02
38                                    -1.5573050043608098e-02
39                                     3.6873200358270432e-03
40                                     4.0835711343320527e-03
41                                    -7.7243655407115159e-03
42                                     2.4935636349882067e-04
43                                    -4.9853786059750923e-04
44                                    -3.7619490527036274e-05
45                                     2.6280624240300840e-04
46                                    -3.5204690724864016e-04
47                                    -4.6381300256594397e-04
48                                    -9.2917428533552306e-04
49                                     4.8068306609935739e-03
50                                    -3.1793589251705748e-04
51                                     4.9901567600949936e-04
52                                    -2.1294208589809553e-04
53                                     2.3538536220022105e-04
54                                    -8.0500819212585230e-04
55                                     4.0606765921273494e-04
56                                     3.6495872388288351e-04
57                                     1.7896089193865962e-03
58                                     6.3615947914081542e-04
59                                    -5.5114471867556334e-04
60                                    -1.8300346365457496e-02
61                                     5.6321269492818054e-03
62                                     8.9515158140560901e-03
63                                    -5.8773711566989387e-04
64                                     4.8181403670166412e-04
65                                    -5.4738629247851595e-05
66                                     1.6117687090780905e-04
67                                    -1.1004583717580832e-03
68                                     1.7944815564004872e-04
69                                     5.8801690034732861e-04
70                                     2.9785474686475874e-04
71                                    -5.8465343295699814e-04
72                                    -5.9114908534441818e-04
73                                    -1.0682465883869759e-04
74                                     2.1861879041871733e-04
75                                     3.9972620760630437e-04
76                                    -1.7015029899717924e-04
77                                    -1.0350920747518752e-04
78                                     2.1092017377943940e-04
79                                     2.9981558823691137e-04
80                                     4.0554191369352425e-04
81                                    -6.0007252141319755e-05
82                                    -2.4571170652902508e-04
83                                     2.4270991926217606e-04
   &Method [&Type "String"] "SCF"
   &Level [&Type "String"] "Relaxed density"
   &Mult [&Type "Integer"] 1
   &State [&Type "Integer"] 0
   &Irrep [&Type "Integer"] 0
$End
$Geometry
   &GeometryIndex 30
   &NAtoms [&Type "Integer"] 28
   &NCorelessECP [&Type "Integer"] 0
   &NGhostAtoms [&Type "Integer"] 0
   &CartesianCoordinates [&Type "Coordinates", &Dim(28,4), &Units "Bohr"] 
              N     81.732317647441   54.801760830139   33.072053392162
              B     81.467607365852   52.343016203258   34.062824961877
              N     79.359776814416   50.692362915764   33.072053362923
              B     76.292617414064   45.777060623856   34.991361704290
              N     78.819373237398   46.871659798389   35.964481220363
              B     80.810138599113   48.413888100697   34.391650451231
              N     82.478034192692   50.480463827050   35.641220637026
              H     76.023299320765   44.344493523981   33.263013598139
              H     79.765450163105   45.487640265697   36.904651647230
              H     81.878511849348   47.056324376966   32.888099141369
              H     84.029937104461   50.395492460350   36.723780714785
              B     72.244230054039   47.337639876611   37.794522537371
              B     76.874059132562   48.320296909044   37.794523075302
              N     74.622122134497   46.964788719834   36.656139468239
              H     72.063588461071   48.904238104632   39.420260562252
              H     77.287299340061   47.896015689429   40.007510450488
              H     76.887799001185   50.597786297063   37.372571114151
              H     70.429020079896   46.123576037287   37.165258420234
              H     83.070826805011   56.035191176121   33.609319429073
              H     80.380091452746   55.567336439145   31.986266850804
              H     79.030513293334   50.609163497956   31.189196388149
              N     76.379479918705   54.275101422100   34.528875662171
              B     76.705767200573   51.773467417621   33.604804377459
              N     74.730003393537   50.596173009881   32.236463527680
              H     74.853378541420   48.819028141009   31.579011648326
              H     74.615444852563   54.890437768041   34.879322030582
              H     77.641424754702   55.032630292492   35.730827586979
              H     72.918723653414   51.110733129654   32.490358059618
$End
$SCF_Energy
   &GeometryIndex 30
   &Method [&Type "String"] "SCF"
   &totalEnergy [&Type "ArrayOfDoubles", &Dim (1,1)] "Total energy of each state"
                                                         0

0                                     -5.4128118781340049e+02
   &Mult [&Type "ArrayOfIntegers", &Dim (1,1)] "Multiplicity of each state"
                                                         0

0                                                        1
$End
$DFT_Energy
   &GeometryIndex 30
   &nAlphaEl [&Type "Integer"] 47
   &nBetaEl [&Type "Integer"] 47
   &nTotalEl [&Type "Integer"] 94
   &finalEn [&Type "Double"]      -5.4128118781340049e+02  "No Van der Waals correction"
   &eExchange [&Type "Double"]      -5.6285655392168294e+01
   &eCorr [&Type "Double"]      -3.0702787442600674e+00
   &eXC [&Type "Double"]      -5.9355934136428360e+01
   &eCNL [&Type "Double"]       0.0000000000000000e+00
$End
$SCF_Timings
   &GeometryIndex 30
   &TOTAL [&Type "Double"]       1.5133044000000001e+02
   &PREP [&Type "Double"]       4.3774400000000002e-01
   &FOCK [&Type "Double"]       1.3554881399999999e+02
   &DENS [&Type "Double"]       5.0949000000002798e-02
   &ETOT [&Type "Double"]       2.6633999999972957e-02
   &TRAFO [&Type "Double"]       9.1923000000008415e-02
   &DIIS [&Type "Double"]       1.0681500000000099e-01
   &SOSCF [&Type "Double"]       2.3886800000000008e-01
   &XC [&Type "Double"]       1.6362049999999989e+01
   &FOCKSTART [&Type "Double"]       1.3540000000009877e-02
   &INT_PREP [&Type "Double"]       9.9999999747524271e-07
   &INT_BF [&Type "Double"]       4.5887410000001303e+00
   &INT_DENS [&Type "Double"]       4.7616269999997876e+00
   &INT_DENSIO [&Type "Double"]       4.3658055367399612e+05
   &INT_FUNC [&Type "Double"]       1.7059099999948302e-01
   &INT_POT [&Type "Double"]       5.8578160000006321e+00
   &INT_POTIO [&Type "Double"]       5.6947000000462822e-02
   &INT_SUM [&Type "Double"]       9.6000000002760544e-05
   &SPLITRIJ [&Type "Double"]       3.7938780000000092e+00
   &COSX [&Type "Double"]       1.3034247300000001e+02
$End
$VdW_Correction
   &GeometryIndex 30
   &vdW [&Type "Double"]      -2.9532244054794755e-02
$End
$Single_Point_Data
   &GeometryIndex 30
   &FinalEnergy [&Type "Double"]      -5.4131072005745534e+02  "Final single point energy"
   &Converged [&Type "Boolean"] true
$End
$SCF_Nuc_Gradient
   &GeometryIndex 30
   &NAtoms [&Type "Integer"] 28
   &gradNorm [&Type "Double"]       6.6721787691412238e-02
   &grad [&Type "ArrayOfDoubles", &Dim (84,1)] 
                                                         0

0                                     -1.4705416965018675e-02
1                                      7.8331410288199428e-04
2                                     -1.2004495194544317e-02
3                                     -1.9903640931423510e-04
4                                      6.7884713269881622e-03
5                                      9.0496654157029011e-03
6                                      3.9718525612004681e-02
7                                     -1.6362902919974377e-02
8                                      1.4232936973202315e-02
9                                     -2.7104262902027639e-03
10                                    -1.7409976197977426e-03
11                                    -3.4505756585590688e-03
12                                     1.5477108978618063e-03
13                                     2.2597296744066137e-03
14                                    -1.1032204230584652e-03
15                                     6.9125267170823011e-03
16                                    -4.5329587596330562e-03
17                                    -1.3877956358136099e-03
18                                    -1.0745343574590925e-03
19                                     1.2447338426629061e-03
20                                    -3.5741621101676360e-03
21                                     5.8262082241692986e-04
22                                     9.0196928622940386e-05
23                                     1.1138945433967434e-03
24                                     1.6969939721715727e-04
25                                     2.8260904347526583e-04
26                                    -2.7185215799435409e-04
27                                     3.9311737711635421e-05
28                                     3.2896978459149228e-04
29                                    -1.9790203668776480e-05
30                                    -1.8608812568737937e-04
31                                     2.5069832523318423e-04
32                                     3.9291071932252689e-04
33                                     4.5249714368747985e-03
34                                     1.1553699746229549e-02
35                                     1.1996817186183300e-02
36                                    -2.1203883629289929e-02
37                                    -1.5290552463238244e-02
38                                    -1.5586421982563759e-02
39                                     3.6504493004534855e-03
40                                     4.0894011826454408e-03
41                                    -7.6882544141346322e-03
42                                     2.5255531675433246e-04
43                                    -4.9751184530716711e-04
44                                    -4.4285071487959731e-05
45                                     2.5490881052488878e-04
46                                    -3.2737910706426732e-04
47                                    -4.7359118936085191e-04
48                                    -9.3009417491838144e-04
49                                     4.7971514077338054e-03
50                                    -3.4221934588503887e-04
51                                     5.0411518980532171e-04
52                                    -2.0616600848888695e-04
53                                     2.3102239023637240e-04
54                                    -8.0355355334316581e-04
55                                     4.0556397476170577e-04
56                                     3.6216704531827435e-04
57                                     1.7801663581557463e-03
58                                     6.2474994954896546e-04
59                                    -5.4773539485027296e-04
60                                    -1.8388795963834099e-02
61                                     5.6732037427745675e-03
62                                     8.9736738745122956e-03
63                                    -1.9566387135843555e-04
64                                     1.8288974810800338e-04
65                                    -9.7022498109007133e-05
66                                     3.5697813319844222e-04
67                                    -8.1401329880621516e-04
68                                    -1.6069961775046481e-04
69                                     4.5944431170256414e-04
70                                     5.1528692156737861e-04
71                                    -7.0968601150554278e-05
72                                    -4.5886980882350723e-04
73                                    -5.8282973121122578e-05
74                                     1.3353773288627747e-04
75                                     2.1063419821568631e-04
76                                    -1.1109535361362262e-04
77                                    -6.8456130200078702e-06
78                                    -5.2592980877614714e-05
79                                     3.4628235629203565e-04
80                                     2.7928559632759076e-04
81                                    -5.5662222123092187e-05
82                                    -2.7509177942375680e-04
83                                     6.4023566035191680e-05
   &Method [&Type "String"] "SCF"
   &Level [&Type "String"] "Relaxed density"
   &Mult [&Type "Integer"] 1
   &State [&Type "Integer"] 0
   &Irrep [&Type "Integer"] 0
$End
$Geometry
   &GeometryIndex 31
   &NAtoms [&Type "Integer"] 28
   &NCorelessECP [&Type "Integer"] 0
   &NGhostAtoms [&Type "Integer"] 0
   &CartesianCoordinates [&Type "Coordinates", &Dim(28,4), &Units "Bohr"] 
              N     81.732317645065   54.801760832539   33.072053403066
              B     81.467607369954   52.343016195761   34.062824939714
              N     79.359776814074   50.692362927700   33.072053382272
              B     76.292617415329   45.777060611636   34.991361696816
              N     78.819373251666   46.871659827030   35.964481257092
              B     80.810138590480   48.413888076984   34.391650412661
              N     82.478034191845   50.480463835498   35.641220659442
              H     76.023299320172   44.344493526018   33.263013598350
              H     79.765450158524   45.487640258833   36.904651639967
              H     81.878511848907   47.056324379876   32.888099145963
              H     84.029937104927   50.395492458708   36.723780709769
              B     72.244230054331   47.337639876432   37.794522537586
              B     76.874059124314   48.320296906824   37.794523064913
              N     74.622122134562   46.964788721665   36.656139470236
              H     72.063588461090   48.904238104454   39.420260562307
              H     77.287299341769   47.896015689437   40.007510451060
              H     76.887799001747   50.597786297161   37.372571114818
              H     70.429020079790   46.123576037342   37.165258420089
              H     83.070826805101   56.035191176145   33.609319427344
              H     80.380091451695   55.567336439279   31.986266850113
              H     79.030513297715   50.609163493946   31.189196383880
              N     76.376989867383   54.275876590962   34.525616173427
              B     76.705311896032   51.776323825341   33.599715294916
              N     74.733187916624   50.596081301243   32.229805948320
              H     74.865637315550   48.823039751268   31.563285556837
              H     74.611141592272   54.887879061574   34.875599843313
              H     77.636751818398   55.033018330408   35.729126190067
              H     72.920316391654   51.111513008185   32.468299299566
$End
$SCF_Energy
   &GeometryIndex 31
   &Method [&Type "String"] "SCF"
   &totalEnergy [&Type "ArrayOfDoubles", &Dim (1,1)] "Total energy of each state"
                                                         0

0                                     -5.4128119974144033e+02
   &Mult [&Type "ArrayOfIntegers", &Dim (1,1)] "Multiplicity of each state"
                                                         0

0                                                        1
$End
$DFT_Energy
   &GeometryIndex 31
   &nAlphaEl [&Type "Integer"] 47
   &nBetaEl [&Type "Integer"] 47
   &nTotalEl [&Type "Integer"] 94
   &finalEn [&Type "Double"]      -5.4128119974144033e+02  "No Van der Waals correction"
   &eExchange [&Type "Double"]      -5.6285747764665572e+01
   &eCorr [&Type "Double"]      -3.0702201405984795e+00
   &eXC [&Type "Double"]      -5.9355967905264052e+01
   &eCNL [&Type "Double"]       0.0000000000000000e+00
$End
$SCF_Timings
   &GeometryIndex 31
   &TOTAL [&Type "Double"]       1.5285753099999999e+02
   &PREP [&Type "Double"]       4.4103900000000001e-01
   &FOCK [&Type "Double"]       1.3669848500000001e+02
   &DENS [&Type "Double"]       5.1306999999994218e-02
   &ETOT [&Type "Double"]       2.6536000000010773e-02
   &POP [&Type "Double"]       9.9999999747524271e-07
   &TRAFO [&Type "Double"]       8.5746999999997797e-02
   &DIIS [&Type "Double"]       1.0343299999999900e-01
   &SOSCF [&Type "Double"]       2.4183600000000283e-01
   &XC [&Type "Double"]       1.6188908999999999e+01
   &FOCKSTART [&Type "Double"]       1.3389999999999125e-02
   &INT_PREP [&Type "Double"]       1.9999999985031991e-06
   &INT_BF [&Type "Double"]       4.8013909999988797e+00
   &INT_DENS [&Type "Double"]       4.8144530000002526e+00
   &INT_DENSIO [&Type "Double"]       4.4257191755699611e+05
   &INT_FUNC [&Type "Double"]       1.6885899999943987e-01
   &INT_POT [&Type "Double"]       5.8537739999999481e+00
   &INT_POTIO [&Type "Double"]       5.4584000000275523e-02
   &INT_SUM [&Type "Double"]       1.8399999999019201e-04
   &SPLITRIJ [&Type "Double"]       3.7580279999999919e+00
   &COSX [&Type "Double"]       1.3209102600000000e+02
$End
$VdW_Correction
   &GeometryIndex 31
   &vdW [&Type "Double"]      -2.9524176707713498e-02
$End
$Single_Point_Data
   &GeometryIndex 31
   &FinalEnergy [&Type "Double"]      -5.4131072391814803e+02  "Final single point energy"
   &Converged [&Type "Boolean"] true
$End
$SCF_Nuc_Gradient
   &GeometryIndex 31
   &NAtoms [&Type "Integer"] 28
   &gradNorm [&Type "Double"]       6.6903646156679611e-02
   &grad [&Type "ArrayOfDoubles", &Dim (84,1)] 
                                                         0

0                                     -1.4683446667591133e-02
1                                      7.6755713717908524e-04
2                                     -1.2006885289714126e-02
3                                     -1.9432212170880750e-04
4                                      6.8194381781565457e-03
5                                      9.0283439982714753e-03
6                                      3.9796034448000790e-02
7                                     -1.6584730738807559e-02
8                                      1.4355639697177942e-02
9                                     -2.6567361376326490e-03
10                                    -1.7940082993280061e-03
11                                    -3.4299261365175969e-03
12                                     1.5093801606095140e-03
13                                     2.2519506571997551e-03
14                                    -1.0860189925004954e-03
15                                     6.9748285661555103e-03
16                                    -4.5083263576755411e-03
17                                    -1.4629083630605844e-03
18                                    -1.0762977610256669e-03
19                                     1.2314490855478400e-03
20                                    -3.5530744304446515e-03
21                                     5.7681745403753986e-04
22                                     9.8656287986771825e-05
23                                     1.1140845234685489e-03
24                                     1.7060784883738813e-04
25                                     2.8371396807582707e-04
26                                    -2.7271695859713938e-04
27                                     3.9058931147090711e-05
28                                     3.2256835394679713e-04
29                                    -7.4349470962704283e-06
30                                    -1.8687176033958916e-04
31                                     2.5212677024901228e-04
32                                     3.9489416035257580e-04
33                                     4.5073541943604347e-03
34                                     1.1542303034190087e-02
35                                     1.2023122909004974e-02
36                                    -2.1190876697852478e-02
37                                    -1.5382195831374446e-02
38                                    -1.5605689585944158e-02
39                                     3.6473844786867869e-03
40                                     4.0812100259145952e-03
41                                    -7.6540081835996610e-03
42                                     2.5461659999972611e-04
43                                    -4.9768736002866803e-04
44                                    -4.8586822115888372e-05
45                                     2.4818478356670120e-04
46                                    -3.0224738996159400e-04
47                                    -4.8320715293367867e-04
48                                    -9.2409619376303991e-04
49                                     4.8130100147728378e-03
50                                    -3.7100990347619717e-04
51                                     5.0780971316348662e-04
52                                    -2.0153576073927290e-04
53                                     2.2760330307059948e-04
54                                    -7.9802662215187816e-04
55                                     4.0385237651866467e-04
56                                     3.5926021915720109e-04
57                                     1.7717121018860037e-03
58                                     6.1748553124576881e-04
59                                    -5.4286978886614512e-04
60                                    -1.8523473058702729e-02
61                                     5.7100499941617382e-03
62                                     9.0173935255735468e-03
63                                     2.7682715225986796e-04
64                                     2.8969893465067447e-05
65                                    -2.1220924848023608e-05
66                                     2.5072834635100460e-04
67                                    -3.0459588925671010e-04
68                                    -2.3225978073559956e-04
69                                     2.9688905816252189e-04
70                                     4.8881185103795161e-04
71                                     9.7750451298271937e-05
72                                    -2.6998518854369383e-04
73                                    -4.1657520425697950e-05
74                                     7.4857587073102078e-05
75                                    -4.0344071577677832e-05
76                                    -1.1039898062272500e-04
77                                     2.2971168508053140e-05
78                                    -2.3192694375512920e-04
79                                     2.3094917729357808e-04
80                                     7.8143051100550292e-05
81                                    -5.1830734064580629e-05
82                                    -2.1671827019013775e-04
83                                    -1.6247362037549552e-05
   &Method [&Type "String"] "SCF"
   &Level [&Type "String"] "Relaxed density"
   &Mult [&Type "Integer"] 1
   &State [&Type "Integer"] 0
   &Irrep [&Type "Integer"] 0
$End
$Geometry
   &GeometryIndex 32
   &NAtoms [&Type "Integer"] 28
   &NCorelessECP [&Type "Integer"] 0
   &NGhostAtoms [&Type "Integer"] 0
   &CartesianCoordinates [&Type "Coordinates", &Dim(28,4), &Units "Bohr"] 
              N     81.732317642506   54.801760824897   33.072053450422
              B     81.467607382431   52.343016195137   34.062824842604
              N     79.359776793564   50.692362951475   33.072053488870
              B     76.292617420540   45.777060588418   34.991361678551
              N     78.819373294070   46.871659889216   35.964481341673
              B     80.810138545833   48.413888012319   34.391650274224
              N     82.478034216746   50.480463845673   35.641220718197
              H     76.023299318306   44.344493529238   33.263013597843
              H     79.765450148449   45.487640251437   36.904651635814
              H     81.878511848610   47.056324388991   32.888099164891
              H     84.029937093981   50.395492458762   36.723780707448
              B     72.244230055041   47.337639878304   37.794522538586
              B     76.874059111851   48.320296904720   37.794523049447
              N     74.622122131467   46.964788719598   36.656139472296
              H     72.063588460903   48.904238104079   39.420260561984
              H     77.287299340470   47.896015686619   40.007510450363
              H     76.887799002301   50.597786296919   37.372571113926
              H     70.429020079834   46.123576037048   37.165258419687
              H     83.070826802662   56.035191180653   33.609319421521
              H     80.380091448880   55.567336442258   31.986266842535
              H     79.030513324611   50.609163487507   31.189196356576
              N     76.373408135359   54.273927931267   34.523133234194
              B     76.703588051371   51.775924666268   33.596035590193
              N     74.736055634863   50.591812505254   32.222871163566
              H     74.877028829097   48.821212628961   31.551691892921
              H     74.606625208986   54.884563857907   34.872211894258
              H     77.633473793053   55.029224607222   35.727133528545
              H     72.921624492613   51.105368857008   32.452530092655
$End
$SCF_Energy
   &GeometryIndex 32
   &Method [&Type "String"] "SCF"
   &totalEnergy [&Type "ArrayOfDoubles", &Dim (1,1)] "Total energy of each state"
                                                         0

0                                     -5.4128120220323285e+02
   &Mult [&Type "ArrayOfIntegers", &Dim (1,1)] "Multiplicity of each state"
                                                         0

0                                                        1
$End
$DFT_Energy
   &GeometryIndex 32
   &nAlphaEl [&Type "Integer"] 47
   &nBetaEl [&Type "Integer"] 47
   &nTotalEl [&Type "Integer"] 94
   &finalEn [&Type "Double"]      -5.4128120220323285e+02  "No Van der Waals correction"
   &eExchange [&Type "Double"]      -5.6285699914875998e+01
   &eCorr [&Type "Double"]      -3.0701863959922884e+00
   &eXC [&Type "Double"]      -5.9355886310868286e+01
   &eCNL [&Type "Double"]       0.0000000000000000e+00
$End
$SCF_Timings
   &GeometryIndex 32
   &TOTAL [&Type "Double"]       1.4957716600000001e+02
   &PREP [&Type "Double"]       4.4265100000000002e-01
   &FOCK [&Type "Double"]       1.3464415700000001e+02
   &DENS [&Type "Double"]       4.7911000000013360e-02
   &ETOT [&Type "Double"]       2.8348000000004703e-02
   &POP [&Type "Double"]       9.9999999747524271e-07
   &TRAFO [&Type "Double"]       8.4012999999998783e-02
   &DIIS [&Type "Double"]       1.0262299999999769e-01
   &SOSCF [&Type "Double"]       2.4231999999999942e-01
   &XC [&Type "Double"]       1.6195167000000005e+01
   &FOCKSTART [&Type "Double"]       1.2900999999994889e-02
   &INT_PREP [&Type "Double"]       9.9999999747524271e-07
   &INT_BF [&Type "Double"]       4.7192839999994156e+00
   &INT_DENS [&Type "Double"]       4.7228790000005283e+00
   &INT_DENSIO [&Type "Double"]       4.3378785669499543e+05
   &INT_FUNC [&Type "Double"]       1.7005099999970241e-01
   &INT_POT [&Type "Double"]       5.5599559999999428e+00
   &INT_POTIO [&Type "Double"]       5.5315000000391024e-02
   &INT_SUM [&Type "Double"]       8.9000000002670276e-05
   &SPLITRIJ [&Type "Double"]       3.7138840000000033e+00
   &COSX [&Type "Double"]       1.2884726200000000e+02
$End
$VdW_Correction
   &GeometryIndex 32
   &vdW [&Type "Double"]      -2.9521097110066452e-02
$End
$Single_Point_Data
   &GeometryIndex 32
   &FinalEnergy [&Type "Double"]      -5.4131072330034294e+02  "Final single point energy"
   &Converged [&Type "Boolean"] true
$End
$SCF_Nuc_Gradient
   &GeometryIndex 32
   &NAtoms [&Type "Integer"] 28
   &gradNorm [&Type "Double"]       6.7028508541082221e-02
   &grad [&Type "ArrayOfDoubles", &Dim (84,1)] 
                                                         0

0                                     -1.4651934179782052e-02
1                                      7.4814571072103538e-04
2                                     -1.2015922699167708e-02
3                                     -1.3881116068957647e-04
4                                      6.8471170860959149e-03
5                                      9.0116225648937988e-03
6                                      3.9882379711845758e-02
7                                     -1.6667772590136853e-02
8                                      1.4400421990071351e-02
9                                     -2.6282269112762138e-03
10                                    -1.8307832955021441e-03
11                                    -3.4199331908110822e-03
12                                     1.4894637941391478e-03
13                                     2.2510045188977729e-03
14                                    -1.0751063747831946e-03
15                                     7.0089359630877233e-03
16                                    -4.4991926979664120e-03
17                                    -1.4839254801223844e-03
18                                    -1.0804340670719946e-03
19                                     1.2216742503518329e-03
20                                    -3.5438019004314395e-03
21                                     5.7281862726959760e-04
22                                     1.0636882126306054e-04
23                                     1.1144515991547684e-03
24                                     1.7150771778531680e-04
25                                     2.8539846759674937e-04
26                                    -2.7320503744275110e-04
27                                     3.6456192261077465e-05
28                                     3.2360436441545074e-04
29                                    -3.7483291700855934e-06
30                                    -1.8892843361837208e-04
31                                     2.5348369124059123e-04
32                                     3.9624921570651590e-04
33                                     4.4913263530051550e-03
34                                     1.1539872230751140e-02
35                                     1.2038024049235832e-02
36                                    -2.1187211558202627e-02
37                                    -1.5433728990635359e-02
38                                    -1.5617104537842140e-02
39                                     3.6683594881876764e-03
40                                     4.0843954400750920e-03
41                                    -7.6517487941625854e-03
42                                     2.5605802675576691e-04
43                                    -4.9858389857883366e-04
44                                    -5.0389542688232170e-05
45                                     2.4363729125537203e-04
46                                    -2.8817737957459444e-04
47                                    -4.8819804509089544e-04
48                                    -9.1982726752510571e-04
49                                     4.8379120958481070e-03
50                                    -3.9062764939277171e-04
51                                     5.1029280932736042e-04
52                                    -1.9909325456686901e-04
53                                     2.2594127157545070e-04
54                                    -7.9380176181293588e-04
55                                     3.9973675378527198e-04
56                                     3.5684393152624939e-04
57                                     1.7660809908406475e-03
58                                     6.1527583538067542e-04
59                                    -5.3476372307381019e-04
60                                    -1.8622478180875899e-02
61                                     5.7212915024240606e-03
62                                     9.0449399742846374e-03
63                                     4.9502390477935488e-04
64                                     1.1349593460242282e-05
65                                     7.3397024493586876e-05
66                                     4.8972454441259083e-05
67                                     6.5552721931441465e-05
68                                    -1.2142790845966455e-04
69                                     1.4054547671895934e-04
70                                     3.1857963645482243e-04
71                                     4.2756221400016615e-05
72                                    -1.1644600214533700e-04
73                                    -3.5488651374050600e-05
74                                     4.7277348612729939e-05
75                                    -2.1774739605373076e-04
76                                    -1.4747720888161044e-04
77                                    -1.4782933032833078e-05
78                                    -1.9925627302727394e-04
79                                     1.0206745393435550e-04
80                                    -3.9945653998310664e-05
81                                    -3.6755628386539278e-05
82                                    -1.3253225353489288e-04
83                                    -2.7293395086569022e-05
   &Method [&Type "String"] "SCF"
   &Level [&Type "String"] "Relaxed density"
   &Mult [&Type "Integer"] 1
   &State [&Type "Integer"] 0
   &Irrep [&Type "Integer"] 0
$End
$Geometry
   &GeometryIndex 33
   &NAtoms [&Type "Integer"] 28
   &NCorelessECP [&Type "Integer"] 0
   &NGhostAtoms [&Type "Integer"] 0
   &CartesianCoordinates [&Type "Coordinates", &Dim(28,4), &Units "Bohr"] 
              N     81.732317595052   54.801760823940   33.072053570912
              B     81.467607515507   52.343016213576   34.062824589811
              N     79.359776671586   50.692362855901   33.072053666851
              B     76.292617425920   45.777060589826   34.991361678535
              N     78.819373302613   46.871659903046   35.964481354121
              B     80.810138518838   48.413888015977   34.391650182957
              N     82.478034198021   50.480463846404   35.641220810787
              H     76.023299317214   44.344493527452   33.263013595599
              H     79.765450149496   45.487640258123   36.904651650376
              H     81.878511849175   47.056324392882   32.888099176815
              H     84.029937087645   50.395492460553   36.723780707224
              B     72.244230054219   47.337639880171   37.794522538670
              B     76.874059117486   48.320296904659   37.794523057213
              N     74.622122129442   46.964788713104   36.656139468874
              H     72.063588460700   48.904238104530   39.420260561712
              H     77.287299334102   47.896015682927   40.007510448394
              H     76.887799002476   50.597786296145   37.372571110773
              H     70.429020080336   46.123576036975   37.165258419686
              H     83.070826805541   56.035191183198   33.609319407466
              H     80.380091454669   55.567336447946   31.986266825768
              H     79.030513393020   50.609163535934   31.189196304915
              N     76.370923031595   54.271376948851   34.521872859176
              B     76.701930793968   51.773911872211   33.594545780748
              N     74.737565166309   50.586792052763   32.219119044091
              H     74.884019723875   48.817694295768   31.545200727717
              H     74.604284485268   54.882776944994   34.870359546351
              H     77.632719813728   55.024945138588   35.725389072593
              H     72.922107838740   51.098281470692   32.445035780504
$End
$SCF_Energy
   &GeometryIndex 33
   &Method [&Type "String"] "SCF"
   &totalEnergy [&Type "ArrayOfDoubles", &Dim (1,1)] "Total energy of each state"
                                                         0

0                                     -5.4128119662289350e+02
   &Mult [&Type "ArrayOfIntegers", &Dim (1,1)] "Multiplicity of each state"
                                                         0

0                                                        1
$End
$DFT_Energy
   &GeometryIndex 33
   &nAlphaEl [&Type "Integer"] 47
   &nBetaEl [&Type "Integer"] 47
   &nTotalEl [&Type "Integer"] 94
   &finalEn [&Type "Double"]      -5.4128119662289350e+02  "No Van der Waals correction"
   &eExchange [&Type "Double"]      -5.6285611371494142e+01
   &eCorr [&Type "Double"]      -3.0701806255755391e+00
   &eXC [&Type "Double"]      -5.9355791997069680e+01
   &eCNL [&Type "Double"]       0.0000000000000000e+00
$End
$SCF_Timings
   &GeometryIndex 33
   &TOTAL [&Type "Double"]       1.4490279700000002e+02
   &PREP [&Type "Double"]       4.4186799999999993e-01
   &FOCK [&Type "Double"]       1.3166117400000002e+02
   &DENS [&Type "Double"]       4.8584000000019500e-02
   &ETOT [&Type "Double"]       2.5812000000023261e-02
   &POP [&Type "Double"]       1.0000000258969521e-06
   &TRAFO [&Type "Double"]       8.1903999999980215e-02
   &DIIS [&Type "Double"]       1.0772099999999796e-01
   &SOSCF [&Type "Double"]       2.5142699999999252e-01
   &XC [&Type "Double"]       1.5930332999999997e+01
   &FOCKSTART [&Type "Double"]       1.2372000000009153e-02
   &INT_PREP [&Type "Double"]       1.0000000116860974e-06
   &INT_BF [&Type "Double"]       4.7466500000002085e+00
   &INT_DENS [&Type "Double"]       4.6823969999997281e+00
   &INT_DENSIO [&Type "Double"]       4.2108938099199615e+05
   &INT_FUNC [&Type "Double"]       1.6987499999997269e-01
   &INT_POT [&Type "Double"]       5.3346609999993397e+00
   &INT_POTIO [&Type "Double"]       5.4922000000377835e-02
   &INT_SUM [&Type "Double"]       7.6999999993887513e-05
   &SPLITRIJ [&Type "Double"]       3.6640600000000010e+00
   &COSX [&Type "Double"]       1.2448020699999999e+02
$End
$VdW_Correction
   &GeometryIndex 33
   &vdW [&Type "Double"]      -2.9521920031033093e-02
$End
$Single_Point_Data
   &GeometryIndex 33
   &FinalEnergy [&Type "Double"]      -5.4131071854292452e+02  "Final single point energy"
   &Converged [&Type "Boolean"] true
$End
$SCF_Nuc_Gradient
   &GeometryIndex 33
   &NAtoms [&Type "Integer"] 28
   &gradNorm [&Type "Double"]       6.7066117707492989e-02
   &grad [&Type "ArrayOfDoubles", &Dim (84,1)] 
                                                         0

0                                     -1.4629336674191668e-02
1                                      7.3369831430895036e-04
2                                     -1.2025118842688483e-02
3                                     -8.1559008321791318e-05
4                                      6.8600271034981279e-03
5                                      9.0034632531393859e-03
6                                      3.9934318623413158e-02
7                                     -1.6633155516122333e-02
8                                      1.4394103325999632e-02
9                                     -2.6119372886393953e-03
10                                    -1.8462250726028737e-03
11                                    -3.4140610726089531e-03
12                                     1.4821610047975027e-03
13                                     2.2531696024669645e-03
14                                    -1.0727915868596226e-03
15                                     7.0154595701062269e-03
16                                    -4.4978637128424651e-03
17                                    -1.4718805982929389e-03
18                                    -1.0824756335598405e-03
19                                     1.2151959461899485e-03
20                                    -3.5420417690049675e-03
21                                     5.7038649645136188e-04
22                                     1.1208506960120915e-04
23                                     1.1150651326085771e-03
24                                     1.7223164891919457e-04
25                                     2.8587362720998422e-04
26                                    -2.7297929776587903e-04
27                                     3.1246350913909657e-05
28                                     3.2828003137779698e-04
29                                    -4.9127216182444883e-06
30                                    -1.9111304498505867e-04
31                                     2.5411528663805429e-04
32                                     3.9752748862018848e-04
33                                     4.4761870102505742e-03
34                                     1.1543923018693636e-02
35                                     1.2043959131890974e-02
36                                    -2.1180253440383656e-02
37                                    -1.5443979998970523e-02
38                                    -1.5619749488761549e-02
39                                     3.6868552029742955e-03
40                                     4.0943261478169138e-03
41                                    -7.6784854656556829e-03
42                                     2.5681218594802145e-04
43                                    -4.9974199126095293e-04
44                                    -5.1697295332783975e-05
45                                     2.4039365751903503e-04
46                                    -2.8631879267865902e-04
47                                    -4.8934300958875323e-04
48                                    -9.1895127306972752e-04
49                                     4.8576815849857430e-03
50                                    -3.9701726334602733e-04
51                                     5.1228056688573751e-04
52                                    -1.9819964489688007e-04
53                                     2.2587734652700669e-04
54                                    -7.9328987747301447e-04
55                                     3.9805687815209795e-04
56                                     3.5707846255878710e-04
57                                     1.7633053353523854e-03
58                                     6.1775723313710308e-04
59                                    -5.2805045975759231e-04
60                                    -1.8669574777358037e-02
61                                     5.7138932128099574e-03
62                                     9.0555008325092848e-03
63                                     4.6084297950515742e-04
64                                     3.9911504494221360e-05
65                                     1.0328137736535681e-04
66                                    -9.7891890070229449e-05
67                                     1.8565050032542745e-04
68                                     1.5887051347522824e-05
69                                     3.3950234217329923e-05
70                                     1.4221352108073610e-04
71                                    -5.1826438529826860e-05
72                                    -3.0668906006156192e-05
73                                    -3.2053931283977438e-05
74                                     3.0704538076044112e-05
75                                    -2.6946518625291336e-04
76                                    -1.7383285455864172e-04
77                                    -6.3539183272516510e-05
78                                    -4.9799675745736719e-05
79                                     4.1214733351295653e-05
80                                    -4.1562048657626220e-05
81                                    -3.0114233285235181e-05
82                                    -6.5701874886349565e-05
83                                    -1.7391462037141968e-05
   &Method [&Type "String"] "SCF"
   &Level [&Type "String"] "Relaxed density"
   &Mult [&Type "Integer"] 1
   &State [&Type "Integer"] 0
   &Irrep [&Type "Integer"] 0
$End
$Geometry
   &GeometryIndex 34
   &NAtoms [&Type "Integer"] 28
   &NCorelessECP [&Type "Integer"] 0
   &NGhostAtoms [&Type "Integer"] 0
   &CartesianCoordinates [&Type "Coordinates", &Dim(28,4), &Units "Bohr"] 
              N     81.732317478894   54.801760883777   33.072053723196
              B     81.467607774115   52.343016161187   34.062824288767
              N     79.359776503448   50.692362685905   33.072053726199
              B     76.292617420200   45.777060621045   34.991361702591
              N     78.819373255069   46.871659822271   35.964481250795
              B     80.810138570748   48.413888147450   34.391650297870
              N     82.478034071333   50.480463874058   35.641220925418
              H     76.023299319330   44.344493522311   33.263013595318
              H     79.765450161530   45.487640271068   36.904651665717
              H     81.878511848250   47.056324380262   32.888099158576
              H     84.029937113907   50.395492450097   36.723780682069
              B     72.244230053682   47.337639879887   37.794522536972
              B     76.874059137326   48.320296909426   37.794523084771
              N     74.622122131677   46.964788711084   36.656139464630
              H     72.063588460659   48.904238105135   39.420260561785
              H     77.287299331839   47.896015684140   40.007510447613
              H     76.887799002143   50.597786295682   37.372571109529
              H     70.429020080273   46.123576037101   37.165258420124
              H     83.070826824867   56.035191169750   33.609319385498
              H     80.380091470406   55.567336447932   31.986266814928
              H     79.030513453361   50.609163613699   31.189196285092
              N     76.369812561153   54.269561672741   34.521242737109
              B     76.700892858427   51.771923411776   33.594376815416
              N     74.737873884489   50.583049018273   32.218454178836
              H     74.886821764153   48.815002865516   31.542396049789
              H     74.603981835440   54.883058391362   34.869582304623
              H     77.633426960249   55.022013362310   35.724027702247
              H     72.921975867499   51.093276155795   32.443564252242
$End
$SCF_Energy
   &GeometryIndex 34
   &Method [&Type "String"] "SCF"
   &totalEnergy [&Type "ArrayOfDoubles", &Dim (1,1)] "Total energy of each state"
                                                         0

0                                     -5.4128119231885228e+02
   &Mult [&Type "ArrayOfIntegers", &Dim (1,1)] "Multiplicity of each state"
                                                         0

0                                                        1
$End
$DFT_Energy
   &GeometryIndex 34
   &nAlphaEl [&Type "Integer"] 47
   &nBetaEl [&Type "Integer"] 47
   &nTotalEl [&Type "Integer"] 94
   &finalEn [&Type "Double"]      -5.4128119231885228e+02  "No Van der Waals correction"
   &eExchange [&Type "Double"]      -5.6285552848010511e+01
   &eCorr [&Type "Double"]      -3.0701895395584162e+00
   &eXC [&Type "Double"]      -5.9355742387568924e+01
   &eCNL [&Type "Double"]       0.0000000000000000e+00
$End
$SCF_Timings
   &GeometryIndex 34
   &TOTAL [&Type "Double"]       1.4476462899999999e+02
   &PREP [&Type "Double"]       4.5380299999999996e-01
   &FOCK [&Type "Double"]       1.3177328500000002e+02
   &DENS [&Type "Double"]       4.7147999999992862e-02
   &ETOT [&Type "Double"]       2.6424999999971277e-02
   &TRAFO [&Type "Double"]       8.4043000000008306e-02
   &DIIS [&Type "Double"]       1.0718500000000120e-01
   &SOSCF [&Type "Double"]       2.4771699999998731e-01
   &XC [&Type "Double"]       1.5825488999999966e+01
   &FOCKSTART [&Type "Double"]       1.3639000000003454e-02
   &INT_PREP [&Type "Double"]       9.9999999747524271e-07
   &INT_BF [&Type "Double"]       4.7425119999999943e+00
   &INT_DENS [&Type "Double"]       4.7332850000002296e+00
   &INT_DENSIO [&Type "Double"]       4.2417133652499632e+05
   &INT_FUNC [&Type "Double"]       1.7077200000036186e-01
   &INT_POT [&Type "Double"]       5.0843699999999004e+00
   &INT_POTIO [&Type "Double"]       5.6249999999341327e-02
   &INT_SUM [&Type "Double"]       1.1900000001574540e-04
   &SPLITRIJ [&Type "Double"]       3.6448200000000024e+00
   &COSX [&Type "Double"]       1.2447813100000000e+02
$End
$VdW_Correction
   &GeometryIndex 34
   &vdW [&Type "Double"]      -2.9524074386643791e-02
$End
$Single_Point_Data
   &GeometryIndex 34
   &FinalEnergy [&Type "Double"]      -5.4131071639323898e+02  "Final single point energy"
   &Converged [&Type "Boolean"] true
$End
$SCF_Nuc_Gradient
   &GeometryIndex 34
   &NAtoms [&Type "Integer"] 28
   &gradNorm [&Type "Double"]       6.7056420622507787e-02
   &grad [&Type "ArrayOfDoubles", &Dim (84,1)] 
                                                         0

0                                     -1.4622116894089883e-02
1                                      7.2692373055048250e-04
2                                     -1.2028068009524606e-02
3                                     -4.3665041189223442e-05
4                                      6.8637859504756728e-03
5                                      8.9986077438353167e-03
6                                      3.9951858566063835e-02
7                                     -1.6562035066737160e-02
8                                      1.4377015008025658e-02
9                                     -2.6043226366822560e-03
10                                    -1.8544128379190949e-03
11                                    -3.4127274032811038e-03
12                                     1.4799520378715426e-03
13                                     2.2551605870174954e-03
14                                    -1.0726197464326810e-03
15                                     7.0110233066182489e-03
16                                    -4.4955536956885287e-03
17                                    -1.4521699937817642e-03
18                                    -1.0830792704660647e-03
19                                     1.2124234464283208e-03
20                                    -3.5417307328492668e-03
21                                     5.6849644837202618e-04
22                                     1.1546260654212801e-04
23                                     1.1148785512860712e-03
24                                     1.7266312806797686e-04
25                                     2.8605725927540972e-04
26                                    -2.7241713785342172e-04
27                                     2.7639150165270542e-05
28                                     3.3187859874922850e-04
29                                    -7.7453066476808445e-06
30                                    -1.9176686507355189e-04
31                                     2.5462543236958525e-04
32                                     3.9877242919942864e-04
33                                     4.4635432985315505e-03
34                                     1.1549538186170121e-02
35                                     1.2046050989656238e-02
36                                    -2.1175177690250457e-02
37                                    -1.5433422097718226e-02
38                                    -1.5616739567951277e-02
39                                     3.7017948305815554e-03
40                                     4.1082920376208538e-03
41                                    -7.7117518826046363e-03
42                                     2.5677294356789390e-04
43                                    -5.0084322577159820e-04
44                                    -5.1665869046541260e-05
45                                     2.3941055909592788e-04
46                                    -2.8936784294694565e-04
47                                    -4.8936264732522437e-04
48                                    -9.1976299507316858e-04
49                                     4.8646218707989602e-03
50                                    -3.9626168208711419e-04
51                                     5.1343036456718595e-04
52                                    -1.9809031687781307e-04
53                                     2.2676736994784420e-04
54                                    -7.9394191671754806e-04
55                                     3.9680283040134125e-04
56                                     3.5755056391311460e-04
57                                     1.7643213236787107e-03
58                                     6.2039374725116850e-04
59                                    -5.2516927896897024e-04
60                                    -1.8683878181912250e-02
61                                     5.7007569854065207e-03
62                                     9.0570463591060930e-03
63                                     3.0263330839510580e-04
64                                     4.2199719165219706e-05
65                                     6.0817108735104929e-05
66                                    -1.5442685333157019e-04
67                                     1.4099429767503119e-04
68                                     8.3252682752014669e-05
69                                    -1.1296375416467764e-05
70                                     3.6313026120648670e-05
71                                    -9.1295654738689832e-05
72                                    -6.1588791520149453e-08
73                                    -2.4734013789743677e-05
74                                     1.9436543646347295e-05
75                                    -2.4088002013021689e-04
76                                    -1.5733709267605844e-04
77                                    -8.1726452031375069e-05
78                                     9.5540826084196636e-05
79                                     4.0525955260861538e-05
80                                     1.9773066325801000e-05
81                                    -2.4703853823522976e-05
82                                    -3.0960149062566301e-05
83                                    -8.5170844896012148e-06
   &Method [&Type "String"] "SCF"
   &Level [&Type "String"] "Relaxed density"
   &Mult [&Type "Integer"] 1
   &State [&Type "Integer"] 0
   &Irrep [&Type "Integer"] 0
$End
$Geometry
   &GeometryIndex 35
   &NAtoms [&Type "Integer"] 28
   &NCorelessECP [&Type "Integer"] 0
   &NGhostAtoms [&Type "Integer"] 0
   &CartesianCoordinates [&Type "Coordinates", &Dim(28,4), &Units "Bohr"] 
              N     81.732317358011   54.801760982163   33.072053809191
              B     81.467607982292   52.343016009726   34.062824153919
              N     79.359776477544   50.692362632139   33.072053548903
              B     76.292617405201   45.777060663289   34.991361731709
              N     78.819373195193   46.871659693548   35.964481100763
              B     80.810138654283   48.413888305388   34.391650565138
              N     82.478033895130   50.480463944614   35.641221031042
              H     76.023299323068   44.344493516659   33.263013598522
              H     79.765450173468   45.487640280425   36.904651668855
              H     81.878511846781   47.056324360054   32.888099117757
              H     84.029937169336   50.395492425266   36.723780622490
              B     72.244230053986   47.337639878342   37.794522536138
              B     76.874059160704   48.320296917479   37.794523114179
              N     74.622122133669   46.964788714196   36.656139460987
              H     72.063588460837   48.904238105124   39.420260561799
              H     77.287299334497   47.896015689786   40.007510447895
              H     76.887799000486   50.597786296107   37.372571110714
              H     70.429020079952   46.123576037045   37.165258420483
              H     83.070826853496   56.035191146684   33.609319365121
              H     80.380091479229   55.567336443933   31.986266824721
              H     79.030513425894   50.609163631300   31.189196337131
              N     76.369703435180   54.268682080203   34.520829709156
              B     76.700425246595   51.770588368763   33.594640879238
              N     74.737543872276   50.580909674402   32.219451658233
              H     74.887212003968   48.813857530692   31.541051487829
              H     74.605011815674   54.884985779105   34.869262103687
              H     77.634602292966   55.020263171863   35.723208717792
              H     72.921602604739   51.090759229854   32.444855166934
$End
$SCF_Mulliken_Population_Analysis
   &GeometryIndex 35
   &NAtoms [&Type "Integer"] 28
   &ATNO [&Type "ArrayOfIntegers", &Dim (28,1)] 
                                                         0

0                                                        7
1                                                        5
2                                                        7
3                                                        5
4                                                        7
5                                                        5
6                                                        7
7                                                        1
8                                                        1
9                                                        1
10                                                       1
11                                                       5
12                                                       5
13                                                       7
14                                                       1
15                                                       1
16                                                       1
17                                                       1
18                                                       1
19                                                       1
20                                                       1
21                                                       7
22                                                       5
23                                                       7
24                                                       1
25                                                       1
26                                                       1
27                                                       1
   &AtomicCharges [&Type "ArrayOfDoubles", &Dim (28,1)] 
                                                         0

0                                     -4.9252376935259790e-01
1                                      1.7064637910925384e-01
2                                     -2.0364786928126843e-01
3                                     -2.9318558119701521e-02
4                                     -1.6913769948634982e-01
5                                      6.1969039320322494e-02
6                                     -3.5406229416582402e-01
7                                      2.8663799041440230e-02
8                                      2.1156991383660539e-01
9                                     -2.0580313224338065e-02
10                                     2.0230506983463314e-01
11                                    -1.2942720951255549e-01
12                                    -7.0083166936805164e-02
13                                     7.2196860678257480e-03
14                                     3.2881402525302139e-03
15                                    -2.2346023425292572e-02
16                                    -3.3101909188184564e-02
17                                    -1.1793949992111585e-03
18                                     2.3794908982367069e-01
19                                     2.5647135160629930e-01
20                                     2.3238368378394325e-01
21                                    -4.8504758298619954e-01
22                                     1.0956033087406514e-01
23                                    -4.6443767349935516e-01
24                                     2.4336781572879251e-01
25                                     2.2733887362053662e-01
26                                     2.5286542899706843e-01
27                                     2.2929486228061735e-01
   &Method [&Type "String"] "SCF"
   &Level [&Type "String"] "Relaxed density"
   &Mult [&Type "Integer"] 1
   &State [&Type "Integer"] -1
   &Irrep [&Type "Integer"] 0
$End
$SCF_Loewdin_Population_Analysis
   &GeometryIndex 35
   &NAtoms [&Type "Integer"] 28
   &ATNO [&Type "ArrayOfIntegers", &Dim (28,1)] 
                                                         0

0                                                        7
1                                                        5
2                                                        7
3                                                        5
4                                                        7
5                                                        5
6                                                        7
7                                                        1
8                                                        1
9                                                        1
10                                                       1
11                                                       5
12                                                       5
13                                                       7
14                                                       1
15                                                       1
16                                                       1
17                                                       1
18                                                       1
19                                                       1
20                                                       1
21                                                       7
22                                                       5
23                                                       7
24                                                       1
25                                                       1
26                                                       1
27                                                       1
   &AtomicCharges [&Type "ArrayOfDoubles", &Dim (28,1)] 
                                                         0

0                                      4.6663375377170802e-02
1                                     -8.0854354541223383e-01
2                                      4.3352728828742837e-01
3                                     -4.0976042640521904e-01
4                                      3.6288298327851543e-01
5                                     -7.2053503083402859e-01
6                                      2.6403688851052909e-01
7                                      6.7059069745366462e-02
8                                      2.4439796312386530e-01
9                                      6.9097693366844015e-02
10                                     1.7980068473011745e-01
11                                    -3.1137814778734363e-01
12                                    -6.9391147934717878e-01
13                                     4.2384534135988261e-01
14                                     6.5275588053907985e-02
15                                     6.3586107332766595e-02
16                                     1.2360184537695851e-01
17                                     4.7202344828108145e-02
18                                     1.7660541443780320e-01
19                                     1.8704610783730258e-01
20                                     2.5472652551048602e-01
21                                     3.6090325984522664e-02
22                                    -8.9658124910195003e-01
23                                     6.5155065220070973e-02
24                                     1.8404395539886331e-01
25                                     1.7956833730432420e-01
26                                     1.8528303541250768e-01
27                                     1.8121393841052902e-01
   &Method [&Type "String"] "SCF"
   &Level [&Type "String"] "Relaxed density"
   &Mult [&Type "Integer"] 1
   &State [&Type "Integer"] -1
   &Irrep [&Type "Integer"] 0
$End
$SCF_Mayer_Population_Analysis
   &GeometryIndex 35
   &NAtoms [&Type "Integer"] 28 "Total number of atoms"
   &NBondOrdersPrint [&Type "Integer"] 30 "The number of bond orders larger than threshold"
   &bondThresh [&Type "Double"]       1.0000000000000001e-01  "The threshold for printing"
   &components [&Type "ArrayOfIntegers", &Dim (30,4)] "The indices and atomic numbers of the bonding atoms"
                                                         0                           1                           2                           3

0                                                        0                           7                           1                           5
1                                                        0                           7                          18                           1
2                                                        0                           7                          19                           1
3                                                        1                           5                           2                           7
4                                                        1                           5                           6                           7
5                                                        2                           7                           5                           5
6                                                        2                           7                          20                           1
7                                                        2                           7                          22                           5
8                                                        3                           5                           4                           7
9                                                        3                           5                           7                           1
10                                                       3                           5                          11                           5
11                                                       3                           5                          13                           7
12                                                       4                           7                           5                           5
13                                                       4                           7                           8                           1
14                                                       4                           7                          12                           5
15                                                       5                           5                           6                           7
16                                                       5                           5                           9                           1
17                                                       6                           7                          10                           1
18                                                      11                           5                          13                           7
19                                                      11                           5                          14                           1
20                                                      11                           5                          17                           1
21                                                      12                           5                          13                           7
22                                                      12                           5                          15                           1
23                                                      12                           5                          16                           1
24                                                      21                           7                          22                           5
25                                                      21                           7                          25                           1
26                                                      21                           7                          26                           1
27                                                      22                           5                          23                           7
28                                                      23                           7                          24                           1
29                                                      23                           7                          27                           1
   &BondOrders [&Type "ArrayOfDoubles", &Dim (30,1)] "The bond orders"
                                                         0

0                                      1.3158978884818318e+00
1                                      9.1420924394582403e-01
2                                      9.0117234447743588e-01
3                                      8.6253452968084998e-01
4                                      1.4776962985054647e+00
5                                      7.6365906929912608e-01
6                                      8.8051953604752187e-01
7                                      9.1709993565168890e-01
8                                      9.2040759920459669e-01
9                                      9.7002467124790615e-01
10                                     1.0078343373882556e-01
11                                     1.4044790251908974e+00
12                                     8.3112212880938696e-01
13                                     8.9160995939591214e-01
14                                     7.4684087476255623e-01
15                                     9.3316941339272308e-01
16                                     9.9527811603700156e-01
17                                     9.2412957544359797e-01
18                                     1.3123800323299444e+00
19                                     9.9725976778505110e-01
20                                     9.8273089094233290e-01
21                                     8.3073887193223350e-01
22                                     9.5964138011087641e-01
23                                     8.9507712336995449e-01
24                                     1.3549525323449441e+00
25                                     9.1854777819861022e-01
26                                     9.0450429765600238e-01
27                                     1.3591319139910514e+00
28                                     9.1235295997449595e-01
29                                     9.2013553879423959e-01
   &ATNO [&Type "ArrayOfIntegers", &Dim (28,1)] "Atomic number of the elements"
                                                         0

0                                                        7
1                                                        5
2                                                        7
3                                                        5
4                                                        7
5                                                        5
6                                                        7
7                                                        1
8                                                        1
9                                                        1
10                                                       1
11                                                       5
12                                                       5
13                                                       7
14                                                       1
15                                                       1
16                                                       1
17                                                       1
18                                                       1
19                                                       1
20                                                       1
21                                                       7
22                                                       5
23                                                       7
24                                                       1
25                                                       1
26                                                       1
27                                                       1
   &NA [&Type "ArrayOfDoubles", &Dim (28,1)] "Mulliken gross atomic population"
                                                         0

0                                      7.4925237693525890e+00
1                                      4.8293536208907542e+00
2                                      7.2036478692812711e+00
3                                      5.0293185581196882e+00
4                                      7.1691376994863436e+00
5                                      4.9380309606796686e+00
6                                      7.3540622941658196e+00
7                                      9.7133620095855866e-01
8                                      7.8843008616339583e-01
9                                      1.0205803132243387e+00
10                                     7.9769493016536730e-01
11                                     5.1294272095125493e+00
12                                     5.0700831669368114e+00
13                                     6.9927803139321876e+00
14                                     9.9671185974747001e-01
15                                     1.0223460234252919e+00
16                                     1.0331019091881852e+00
17                                     1.0011793949992112e+00
18                                     7.6205091017632931e-01
19                                     7.4352864839370092e-01
20                                     7.6761631621605708e-01
21                                     7.4850475829861960e+00
22                                     4.8904396691259286e+00
23                                     7.4644376734993525e+00
24                                     7.5663218427120738e-01
25                                     7.7266112637946327e-01
26                                     7.4713457100293146e-01
27                                     7.7070513771938276e-01
   &ZA [&Type "ArrayOfDoubles", &Dim (28,1)] "Total nuclear charge"
                                                         0

0                                      7.0000000000000000e+00
1                                      5.0000000000000000e+00
2                                      7.0000000000000000e+00
3                                      5.0000000000000000e+00
4                                      7.0000000000000000e+00
5                                      5.0000000000000000e+00
6                                      7.0000000000000000e+00
7                                      1.0000000000000000e+00
8                                      1.0000000000000000e+00
9                                      1.0000000000000000e+00
10                                     1.0000000000000000e+00
11                                     5.0000000000000000e+00
12                                     5.0000000000000000e+00
13                                     7.0000000000000000e+00
14                                     1.0000000000000000e+00
15                                     1.0000000000000000e+00
16                                     1.0000000000000000e+00
17                                     1.0000000000000000e+00
18                                     1.0000000000000000e+00
19                                     1.0000000000000000e+00
20                                     1.0000000000000000e+00
21                                     7.0000000000000000e+00
22                                     5.0000000000000000e+00
23                                     7.0000000000000000e+00
24                                     1.0000000000000000e+00
25                                     1.0000000000000000e+00
26                                     1.0000000000000000e+00
27                                     1.0000000000000000e+00
   &QA [&Type "ArrayOfDoubles", &Dim (28,1)] "Mulliken gross atomic charge"
                                                         0

0                                     -4.9252376935258901e-01
1                                      1.7064637910924585e-01
2                                     -2.0364786928127110e-01
3                                     -2.9318558119688198e-02
4                                     -1.6913769948634361e-01
5                                      6.1969039320331376e-02
6                                     -3.5406229416581958e-01
7                                      2.8663799041441340e-02
8                                      2.1156991383660417e-01
9                                     -2.0580313224338731e-02
10                                     2.0230506983463270e-01
11                                    -1.2942720951254927e-01
12                                    -7.0083166936811381e-02
13                                     7.2196860678124253e-03
14                                     3.2881402525299919e-03
15                                    -2.2346023425291905e-02
16                                    -3.3101909188185230e-02
17                                    -1.1793949992111585e-03
18                                     2.3794908982367069e-01
19                                     2.5647135160629908e-01
20                                     2.3238368378394292e-01
21                                    -4.8504758298619599e-01
22                                     1.0956033087407135e-01
23                                    -4.6443767349935250e-01
24                                     2.4336781572879262e-01
25                                     2.2733887362053673e-01
26                                     2.5286542899706854e-01
27                                     2.2929486228061724e-01
   &VA [&Type "ArrayOfDoubles", &Dim (28,1)] "Mayer's total valence"
                                                         0

0                                      3.1608450273883371e+00
1                                      3.8482691903639443e+00
2                                      3.4248984397716118e+00
3                                      3.6504122258022957e+00
4                                      3.3034141268024104e+00
5                                      3.6901269411185020e+00
6                                      3.3359103010302977e+00
7                                      9.7660524271701366e-01
8                                      9.4589086078372930e-01
9                                      9.7473591210004973e-01
10                                     9.6404568699154947e-01
11                                     3.4561342888224518e+00
12                                     3.6959827719518170e+00
13                                     3.4933221841741942e+00
14                                     9.7952144366685190e-01
15                                     9.6567327548574755e-01
16                                     9.3712012891533036e-01
17                                     9.7438441781243834e-01
18                                     9.4674601205830378e-01
19                                     9.4762965630536100e-01
20                                     9.3766736875482537e-01
21                                     3.1723143542978827e+00
22                                     3.9017532597333044e+00
23                                     3.2329517316739160e+00
24                                     9.5027136317108174e-01
25                                     9.5617229446384266e-01
26                                     9.4838763614819799e-01
27                                     9.5605671746166143e-01
   &BVA [&Type "ArrayOfDoubles", &Dim (28,1)] "Mayer's bonded valence"
                                                         0

0                                      3.1608450273883593e+00
1                                      3.8482691903638946e+00
2                                      3.4248984397716100e+00
3                                      3.6504122258025244e+00
4                                      3.3034141268024833e+00
5                                      3.6901269411184345e+00
6                                      3.3359103010302524e+00
7                                      9.7660524271708027e-01
8                                      9.4589086078372686e-01
9                                      9.7473591210000032e-01
10                                     9.6404568699155158e-01
11                                     3.4561342888224722e+00
12                                     3.6959827719518215e+00
13                                     3.4933221841742750e+00
14                                     9.7952144366683835e-01
15                                     9.6567327548571569e-01
16                                     9.3712012891534280e-01
17                                     9.7438441781243434e-01
18                                     9.4674601205830478e-01
19                                     9.4762965630535856e-01
20                                     9.3766736875482692e-01
21                                     3.1723143542979075e+00
22                                     3.9017532597332676e+00
23                                     3.2329517316739391e+00
24                                     9.5027136317108374e-01
25                                     9.5617229446385277e-01
26                                     9.4838763614820831e-01
27                                     9.5605671746166621e-01
   &FA [&Type "ArrayOfDoubles", &Dim (28,1)] "Mayer's free valence"
                                                         0

0                                      0.0000000000000000e+00
1                                      0.0000000000000000e+00
2                                      0.0000000000000000e+00
3                                      0.0000000000000000e+00
4                                      0.0000000000000000e+00
5                                      0.0000000000000000e+00
6                                      0.0000000000000000e+00
7                                      0.0000000000000000e+00
8                                      0.0000000000000000e+00
9                                      0.0000000000000000e+00
10                                     0.0000000000000000e+00
11                                     0.0000000000000000e+00
12                                     0.0000000000000000e+00
13                                     0.0000000000000000e+00
14                                     0.0000000000000000e+00
15                                     0.0000000000000000e+00
16                                     0.0000000000000000e+00
17                                     0.0000000000000000e+00
18                                     0.0000000000000000e+00
19                                     0.0000000000000000e+00
20                                     0.0000000000000000e+00
21                                     0.0000000000000000e+00
22                                     0.0000000000000000e+00
23                                     0.0000000000000000e+00
24                                     0.0000000000000000e+00
25                                     0.0000000000000000e+00
26                                     0.0000000000000000e+00
27                                     0.0000000000000000e+00
   &Method [&Type "String"] "SCF"
   &Level [&Type "String"] "Relaxed density"
   &Mult [&Type "Integer"] 1
   &State [&Type "Integer"] -1
   &Irrep [&Type "Integer"] 0
$End
$SCF_Energy
   &GeometryIndex 35
   &Method [&Type "String"] "SCF"
   &totalEnergy [&Type "ArrayOfDoubles", &Dim (1,1)] "Total energy of each state"
                                                         0

0                                     -5.4128119161304801e+02
   &Mult [&Type "ArrayOfIntegers", &Dim (1,1)] "Multiplicity of each state"
                                                         0

0                                                        1
$End
$DFT_Energy
   &GeometryIndex 35
   &nAlphaEl [&Type "Integer"] 47
   &nBetaEl [&Type "Integer"] 47
   &nTotalEl [&Type "Integer"] 94
   &finalEn [&Type "Double"]      -5.4128119161304801e+02  "No Van der Waals correction"
   &eExchange [&Type "Double"]      -5.6285548085568507e+01
   &eCorr [&Type "Double"]      -3.0702019023015961e+00
   &eXC [&Type "Double"]      -5.9355749987870105e+01
   &eCNL [&Type "Double"]       0.0000000000000000e+00
$End
$SCF_Timings
   &GeometryIndex 35
   &TOTAL [&Type "Double"]       1.4263355700000000e+02
   &PREP [&Type "Double"]       4.4966599999999995e-01
   &FOCK [&Type "Double"]       1.2980562500000002e+02
   &DENS [&Type "Double"]       5.0211000000004447e-02
   &ETOT [&Type "Double"]       3.0627000000013282e-02
   &POP [&Type "Double"]       2.6813300000000595e-01
   &TRAFO [&Type "Double"]       9.1725999999994201e-02
   &DIIS [&Type "Double"]       1.0945399999999950e-01
   &SOSCF [&Type "Double"]       2.4335599999999147e-01
   &XC [&Type "Double"]       1.5966889999999999e+01
   &FOCKSTART [&Type "Double"]       1.3256999999987529e-02
   &INT_PREP [&Type "Double"]       2.0000000091613401e-06
   &INT_BF [&Type "Double"]       4.9257339999999310e+00
   &INT_DENS [&Type "Double"]       4.8051560000001885e+00
   &INT_DENSIO [&Type "Double"]       4.1453305722899653e+05
   &INT_FUNC [&Type "Double"]       1.7054800000005343e-01
   &INT_POT [&Type "Double"]       5.1777269999997699e+00
   &INT_POTIO [&Type "Double"]       5.6371000000023486e-02
   &INT_SUM [&Type "Double"]       6.8999999999874717e-05
   &SPLITRIJ [&Type "Double"]       3.6367650000000080e+00
   &COSX [&Type "Double"]       1.2219131000000002e+02
$End
$VdW_Correction
   &GeometryIndex 35
   &vdW [&Type "Double"]      -2.9525993941843322e-02
$End
$Single_Point_Data
   &GeometryIndex 35
   &FinalEnergy [&Type "Double"]      -5.4131071760698990e+02  "Final single point energy"
   &Converged [&Type "Boolean"] true
$End
$SCF_Dipole_Moment
   &GeometryIndex 35
   &dipoleMagnitude [&Type "Double", &Units "a.u."]       1.6164159890458862e+00
   &dipoleElecContrib [&Type "ArrayOfDoubles", &Dim (3,1)] "Electronic contribution"
                                                         0

0                                      3.1543453822412268e+00
1                                     -2.6153156341171981e+00
2                                     -6.8875874337774212e-01
   &dipoleNucContrib [&Type "ArrayOfDoubles", &Dim (3,1)] "Nuclear contribution"
                                                         0

0                                     -2.5421899848380889e+00
1                                      3.7508827439678996e+00
2                                     -2.8517850208457318e-01
   &dipoleTotal [&Type "ArrayOfDoubles", &Dim (3,1)] "Total"
                                                         0

0                                      6.1215539740313796e-01
1                                      1.1355671098507014e+00
2                                     -9.7393724546231530e-01
   &doAtomicDipole [&Type "Boolean"] false
   &Method [&Type "String"] "SCF"
   &Level [&Type "String"] "Relaxed density"
   &Mult [&Type "Integer"] 1
   &State [&Type "Integer"] -1
   &Irrep [&Type "Integer"] 0
$End
$Calculation_Info
   &GeometryIndex 35
   &Mult [&Type "Integer"] 1
   &Charge [&Type "Integer"] 0
   &NumOfAtoms [&Type "Integer"] 28
   &NumOfElectrons [&Type "Integer"] 94
   &NumOfBasisFuncts [&Type "Integer"] 493
   &NumOfAuxCBasisFuncts [&Type "Integer"] 0
   &NumOfAuxJBasisFuncts [&Type "Integer"] 802
   &NumOfAuxJKBasisFuncts [&Type "Integer"] 0
   &NumOfCABSBasisFuncts [&Type "Integer"] 0
$End
$Calculation_Timings
   &GeometryIndex 35
   &GTOINT [&Type "Double"]       3.8511003500000163e+02
   &SCF [&Type "Double"]       7.2108460430000014e+03
   &SCFGRAD [&Type "Double"]       3.7112320089999985e+03
   &GSTEP [&Type "Double"]       1.3466290000021535e+00
   &PROP [&Type "Double"]       7.4295799999890733e-01
   &SUM [&Type "Double"]       1.1309277674000003e+04
$End
