hbn_local_index_0based,hbn_local_index_1based,system_global_index_0based,system_global_index_1based,element,atomic_number,charge_e,x_nm,y_nm,z_nm,coordination_number,is_terminal_rim_atom,terminal_end,neighbor_local_indices_1based
0,1,0,1,B,5,0.0,4.896,3.697,2.0,1,True,LOWER,2
1,2,1,2,N,7,0.0,4.896,3.697,2.145,3,False,,1 61 119
2,3,2,3,B,5,0.0,4.87,3.947,2.0,1,True,LOWER,4
3,4,3,4,N,7,0.0,4.87,3.947,2.145,3,False,,3 61 63
4,5,4,5,B,5,0.0,4.793,4.185,2.0,1,True,LOWER,6
5,6,5,6,N,7,0.0,4.793,4.185,2.145,3,False,,5 63 65
6,7,6,7,B,5,0.0,4.667,4.402,2.0,1,True,LOWER,8
7,8,7,8,N,7,0.0,4.667,4.402,2.145,3,False,,7 65 67
8,9,8,9,B,5,0.0,4.5,4.588,2.0,1,True,LOWER,10
9,10,9,10,N,7,0.0,4.5,4.588,2.145,3,False,,9 67 69
10,11,10,11,B,5,0.0,4.297,4.736,2.0,1,True,LOWER,12
11,12,11,12,N,7,0.0,4.297,4.736,2.145,3,False,,11 69 71
12,13,12,13,B,5,0.0,4.068,4.838,2.0,1,True,LOWER,14
13,14,13,14,N,7,0.0,4.068,4.838,2.145,3,False,,13 71 73
14,15,14,15,B,5,0.0,3.823,4.89,2.0,1,True,LOWER,16
15,16,15,16,N,7,0.0,3.823,4.89,2.145,3,False,,15 73 75
16,17,16,17,B,5,0.0,3.572,4.89,2.0,1,True,LOWER,18
17,18,17,18,N,7,0.0,3.572,4.89,2.145,3,False,,17 75 77
18,19,18,19,B,5,0.0,3.327,4.838,2.0,1,True,LOWER,20
19,20,19,20,N,7,0.0,3.327,4.838,2.145,3,False,,19 77 79
20,21,20,21,B,5,0.0,3.098,4.736,2.0,1,True,LOWER,22
21,22,21,22,N,7,0.0,3.098,4.736,2.145,3,False,,21 79 81
22,23,22,23,B,5,0.0,2.895,4.588,2.0,1,True,LOWER,24
23,24,23,24,N,7,0.0,2.895,4.588,2.145,3,False,,23 81 83
24,25,24,25,B,5,0.0,2.727,4.402,2.0,1,True,LOWER,26
25,26,25,26,N,7,0.0,2.727,4.402,2.145,3,False,,25 83 85
26,27,26,27,B,5,0.0,2.602,4.185,2.0,1,True,LOWER,28
27,28,27,28,N,7,0.0,2.602,4.185,2.145,3,False,,27 85 87
28,29,28,29,B,5,0.0,2.524,3.947,2.0,1,True,LOWER,30
29,30,29,30,N,7,0.0,2.524,3.947,2.145,3,False,,29 87 89
30,31,30,31,B,5,0.0,2.498,3.697,2.0,1,True,LOWER,32
31,32,31,32,N,7,0.0,2.498,3.697,2.145,3,False,,31 89 91
32,33,32,33,B,5,0.0,2.524,3.448,2.0,1,True,LOWER,34
33,34,33,34,N,7,0.0,2.524,3.448,2.145,3,False,,33 91 93
34,35,34,35,B,5,0.0,2.602,3.21,2.0,1,True,LOWER,36
35,36,35,36,N,7,0.0,2.602,3.21,2.145,3,False,,35 93 95
36,37,36,37,B,5,0.0,2.727,2.992,2.0,1,True,LOWER,38
37,38,37,38,N,7,0.0,2.727,2.992,2.145,3,False,,37 95 97
38,39,38,39,B,5,0.0,2.895,2.806,2.0,1,True,LOWER,40
39,40,39,40,N,7,0.0,2.895,2.806,2.145,3,False,,39 97 99
40,41,40,41,B,5,0.0,3.098,2.659,2.0,1,True,LOWER,42
41,42,41,42,N,7,0.0,3.098,2.659,2.145,3,False,,41 99 101
42,43,42,43,B,5,0.0,3.327,2.557,2.0,1,True,LOWER,44
43,44,43,44,N,7,0.0,3.327,2.557,2.145,3,False,,43 101 103
44,45,44,45,B,5,0.0,3.572,2.505,2.0,1,True,LOWER,46
45,46,45,46,N,7,0.0,3.572,2.505,2.145,3,False,,45 103 105
46,47,46,47,B,5,0.0,3.823,2.505,2.0,1,True,LOWER,48
47,48,47,48,N,7,0.0,3.823,2.505,2.145,3,False,,47 105 107
48,49,48,49,B,5,0.0,4.068,2.557,2.0,1,True,LOWER,50
49,50,49,50,N,7,0.0,4.068,2.557,2.145,3,False,,49 107 109
50,51,50,51,B,5,0.0,4.297,2.659,2.0,1,True,LOWER,52
51,52,51,52,N,7,0.0,4.297,2.659,2.145,3,False,,51 109 111
52,53,52,53,B,5,0.0,4.5,2.806,2.0,1,True,LOWER,54
53,54,53,54,N,7,0.0,4.5,2.806,2.145,3,False,,53 111 113
54,55,54,55,B,5,0.0,4.667,2.992,2.0,1,True,LOWER,56
55,56,55,56,N,7,0.0,4.667,2.992,2.145,3,False,,55 113 115
56,57,56,57,B,5,0.0,4.793,3.21,2.0,1,True,LOWER,58
57,58,57,58,N,7,0.0,4.793,3.21,2.145,3,False,,57 115 117
58,59,58,59,B,5,0.0,4.87,3.448,2.0,1,True,LOWER,60
59,60,59,60,N,7,0.0,4.87,3.448,2.145,3,False,,59 117 119
60,61,60,61,B,5,0.0,4.89,3.823,2.217,3,False,,2 4 62
61,62,61,62,N,7,0.0,4.89,3.823,2.362,3,False,,61 121 179
62,63,62,63,B,5,0.0,4.838,4.068,2.217,3,False,,4 6 64
63,64,63,64,N,7,0.0,4.838,4.068,2.362,3,False,,63 121 123
64,65,64,65,B,5,0.0,4.736,4.297,2.217,3,False,,6 8 66
65,66,65,66,N,7,0.0,4.736,4.297,2.362,3,False,,65 123 125
66,67,66,67,B,5,0.0,4.588,4.5,2.217,3,False,,8 10 68
67,68,67,68,N,7,0.0,4.588,4.5,2.362,3,False,,67 125 127
68,69,68,69,B,5,0.0,4.402,4.667,2.217,3,False,,10 12 70
69,70,69,70,N,7,0.0,4.402,4.667,2.362,3,False,,69 127 129
70,71,70,71,B,5,0.0,4.185,4.793,2.217,3,False,,12 14 72
71,72,71,72,N,7,0.0,4.185,4.793,2.362,3,False,,71 129 131
72,73,72,73,B,5,0.0,3.947,4.87,2.217,3,False,,14 16 74
73,74,73,74,N,7,0.0,3.947,4.87,2.362,3,False,,73 131 133
74,75,74,75,B,5,0.0,3.697,4.896,2.217,3,False,,16 18 76
75,76,75,76,N,7,0.0,3.697,4.896,2.362,3,False,,75 133 135
76,77,76,77,B,5,0.0,3.448,4.87,2.217,3,False,,18 20 78
77,78,77,78,N,7,0.0,3.448,4.87,2.362,3,False,,77 135 137
78,79,78,79,B,5,0.0,3.21,4.793,2.217,3,False,,20 22 80
79,80,79,80,N,7,0.0,3.21,4.793,2.362,3,False,,79 137 139
80,81,80,81,B,5,0.0,2.992,4.667,2.217,3,False,,22 24 82
81,82,81,82,N,7,0.0,2.992,4.667,2.362,3,False,,81 139 141
82,83,82,83,B,5,0.0,2.806,4.5,2.217,3,False,,24 26 84
83,84,83,84,N,7,0.0,2.806,4.5,2.362,3,False,,83 141 143
84,85,84,85,B,5,0.0,2.659,4.297,2.217,3,False,,26 28 86
85,86,85,86,N,7,0.0,2.659,4.297,2.362,3,False,,85 143 145
86,87,86,87,B,5,0.0,2.557,4.068,2.217,3,False,,28 30 88
87,88,87,88,N,7,0.0,2.557,4.068,2.362,3,False,,87 145 147
88,89,88,89,B,5,0.0,2.505,3.823,2.217,3,False,,30 32 90
89,90,89,90,N,7,0.0,2.505,3.823,2.362,3,False,,89 147 149
90,91,90,91,B,5,0.0,2.505,3.572,2.217,3,False,,32 34 92
91,92,91,92,N,7,0.0,2.505,3.572,2.362,3,False,,91 149 151
92,93,92,93,B,5,0.0,2.557,3.327,2.217,3,False,,34 36 94
93,94,93,94,N,7,0.0,2.557,3.327,2.362,3,False,,93 151 153
94,95,94,95,B,5,0.0,2.659,3.098,2.217,3,False,,36 38 96
95,96,95,96,N,7,0.0,2.659,3.098,2.362,3,False,,95 153 155
96,97,96,97,B,5,0.0,2.806,2.895,2.217,3,False,,38 40 98
97,98,97,98,N,7,0.0,2.806,2.895,2.362,3,False,,97 155 157
98,99,98,99,B,5,0.0,2.992,2.727,2.217,3,False,,40 42 100
99,100,99,100,N,7,0.0,2.992,2.727,2.362,3,False,,99 157 159
100,101,100,101,B,5,0.0,3.21,2.602,2.217,3,False,,42 44 102
101,102,101,102,N,7,0.0,3.21,2.602,2.362,3,False,,101 159 161
102,103,102,103,B,5,0.0,3.448,2.524,2.217,3,False,,44 46 104
103,104,103,104,N,7,0.0,3.448,2.524,2.362,3,False,,103 161 163
104,105,104,105,B,5,0.0,3.697,2.498,2.217,3,False,,46 48 106
105,106,105,106,N,7,0.0,3.697,2.498,2.362,3,False,,105 163 165
106,107,106,107,B,5,0.0,3.947,2.524,2.217,3,False,,48 50 108
107,108,107,108,N,7,0.0,3.947,2.524,2.362,3,False,,107 165 167
108,109,108,109,B,5,0.0,4.185,2.602,2.217,3,False,,50 52 110
109,110,109,110,N,7,0.0,4.185,2.602,2.362,3,False,,109 167 169
110,111,110,111,B,5,0.0,4.402,2.727,2.217,3,False,,52 54 112
111,112,111,112,N,7,0.0,4.402,2.727,2.362,3,False,,111 169 171
112,113,112,113,B,5,0.0,4.588,2.895,2.217,3,False,,54 56 114
113,114,113,114,N,7,0.0,4.588,2.895,2.362,3,False,,113 171 173
114,115,114,115,B,5,0.0,4.736,3.098,2.217,3,False,,56 58 116
115,116,115,116,N,7,0.0,4.736,3.098,2.362,3,False,,115 173 175
116,117,116,117,B,5,0.0,4.838,3.327,2.217,3,False,,58 60 118
117,118,117,118,N,7,0.0,4.838,3.327,2.362,3,False,,117 175 177
118,119,118,119,B,5,0.0,4.89,3.572,2.217,3,False,,2 60 120
119,120,119,120,N,7,0.0,4.89,3.572,2.362,3,False,,119 177 179
120,121,120,121,B,5,0.0,4.87,3.947,2.435,3,False,,62 64 122
121,122,121,122,N,7,0.0,4.87,3.947,2.58,3,False,,121 181 239
122,123,122,123,B,5,0.0,4.793,4.185,2.435,3,False,,64 66 124
123,124,123,124,N,7,0.0,4.793,4.185,2.58,3,False,,123 181 183
124,125,124,125,B,5,0.0,4.667,4.402,2.435,3,False,,66 68 126
125,126,125,126,N,7,0.0,4.667,4.402,2.58,3,False,,125 183 185
126,127,126,127,B,5,0.0,4.5,4.588,2.435,3,False,,68 70 128
127,128,127,128,N,7,0.0,4.5,4.588,2.58,3,False,,127 185 187
128,129,128,129,B,5,0.0,4.297,4.736,2.435,3,False,,70 72 130
129,130,129,130,N,7,0.0,4.297,4.736,2.58,3,False,,129 187 189
130,131,130,131,B,5,0.0,4.068,4.838,2.435,3,False,,72 74 132
131,132,131,132,N,7,0.0,4.068,4.838,2.58,3,False,,131 189 191
132,133,132,133,B,5,0.0,3.823,4.89,2.435,3,False,,74 76 134
133,134,133,134,N,7,0.0,3.823,4.89,2.58,3,False,,133 191 193
134,135,134,135,B,5,0.0,3.572,4.89,2.435,3,False,,76 78 136
135,136,135,136,N,7,0.0,3.572,4.89,2.58,3,False,,135 193 195
136,137,136,137,B,5,0.0,3.327,4.838,2.435,3,False,,78 80 138
137,138,137,138,N,7,0.0,3.327,4.838,2.58,3,False,,137 195 197
138,139,138,139,B,5,0.0,3.098,4.736,2.435,3,False,,80 82 140
139,140,139,140,N,7,0.0,3.098,4.736,2.58,3,False,,139 197 199
140,141,140,141,B,5,0.0,2.895,4.588,2.435,3,False,,82 84 142
141,142,141,142,N,7,0.0,2.895,4.588,2.58,3,False,,141 199 201
142,143,142,143,B,5,0.0,2.727,4.402,2.435,3,False,,84 86 144
143,144,143,144,N,7,0.0,2.727,4.402,2.58,3,False,,143 201 203
144,145,144,145,B,5,0.0,2.602,4.185,2.435,3,False,,86 88 146
145,146,145,146,N,7,0.0,2.602,4.185,2.58,3,False,,145 203 205
146,147,146,147,B,5,0.0,2.524,3.947,2.435,3,False,,88 90 148
147,148,147,148,N,7,0.0,2.524,3.947,2.58,3,False,,147 205 207
148,149,148,149,B,5,0.0,2.498,3.697,2.435,3,False,,90 92 150
149,150,149,150,N,7,0.0,2.498,3.697,2.58,3,False,,149 207 209
150,151,150,151,B,5,0.0,2.524,3.448,2.435,3,False,,92 94 152
151,152,151,152,N,7,0.0,2.524,3.448,2.58,3,False,,151 209 211
152,153,152,153,B,5,0.0,2.602,3.21,2.435,3,False,,94 96 154
153,154,153,154,N,7,0.0,2.602,3.21,2.58,3,False,,153 211 213
154,155,154,155,B,5,0.0,2.727,2.992,2.435,3,False,,96 98 156
155,156,155,156,N,7,0.0,2.727,2.992,2.58,3,False,,155 213 215
156,157,156,157,B,5,0.0,2.895,2.806,2.435,3,False,,98 100 158
157,158,157,158,N,7,0.0,2.895,2.806,2.58,3,False,,157 215 217
158,159,158,159,B,5,0.0,3.098,2.659,2.435,3,False,,100 102 160
159,160,159,160,N,7,0.0,3.098,2.659,2.58,3,False,,159 217 219
160,161,160,161,B,5,0.0,3.327,2.557,2.435,3,False,,102 104 162
161,162,161,162,N,7,0.0,3.327,2.557,2.58,3,False,,161 219 221
162,163,162,163,B,5,0.0,3.572,2.505,2.435,3,False,,104 106 164
163,164,163,164,N,7,0.0,3.572,2.505,2.58,3,False,,163 221 223
164,165,164,165,B,5,0.0,3.823,2.505,2.435,3,False,,106 108 166
165,166,165,166,N,7,0.0,3.823,2.505,2.58,3,False,,165 223 225
166,167,166,167,B,5,0.0,4.068,2.557,2.435,3,False,,108 110 168
167,168,167,168,N,7,0.0,4.068,2.557,2.58,3,False,,167 225 227
168,169,168,169,B,5,0.0,4.297,2.659,2.435,3,False,,110 112 170
169,170,169,170,N,7,0.0,4.297,2.659,2.58,3,False,,169 227 229
170,171,170,171,B,5,0.0,4.5,2.806,2.435,3,False,,112 114 172
171,172,171,172,N,7,0.0,4.5,2.806,2.58,3,False,,171 229 231
172,173,172,173,B,5,0.0,4.667,2.992,2.435,3,False,,114 116 174
173,174,173,174,N,7,0.0,4.667,2.992,2.58,3,False,,173 231 233
174,175,174,175,B,5,0.0,4.793,3.21,2.435,3,False,,116 118 176
175,176,175,176,N,7,0.0,4.793,3.21,2.58,3,False,,175 233 235
176,177,176,177,B,5,0.0,4.87,3.448,2.435,3,False,,118 120 178
177,178,177,178,N,7,0.0,4.87,3.448,2.58,3,False,,177 235 237
178,179,178,179,B,5,0.0,4.896,3.697,2.435,3,False,,62 120 180
179,180,179,180,N,7,0.0,4.896,3.697,2.58,3,False,,179 237 239
180,181,180,181,B,5,0.0,4.838,4.068,2.652,3,False,,122 124 182
181,182,181,182,N,7,0.0,4.838,4.068,2.797,3,False,,181 241 299
182,183,182,183,B,5,0.0,4.736,4.297,2.652,3,False,,124 126 184
183,184,183,184,N,7,0.0,4.736,4.297,2.797,3,False,,183 241 243
184,185,184,185,B,5,0.0,4.588,4.5,2.652,3,False,,126 128 186
185,186,185,186,N,7,0.0,4.588,4.5,2.797,3,False,,185 243 245
186,187,186,187,B,5,0.0,4.402,4.667,2.652,3,False,,128 130 188
187,188,187,188,N,7,0.0,4.402,4.667,2.797,3,False,,187 245 247
188,189,188,189,B,5,0.0,4.185,4.793,2.652,3,False,,130 132 190
189,190,189,190,N,7,0.0,4.185,4.793,2.797,3,False,,189 247 249
190,191,190,191,B,5,0.0,3.947,4.87,2.652,3,False,,132 134 192
191,192,191,192,N,7,0.0,3.947,4.87,2.797,3,False,,191 249 251
192,193,192,193,B,5,0.0,3.697,4.896,2.652,3,False,,134 136 194
193,194,193,194,N,7,0.0,3.697,4.896,2.797,3,False,,193 251 253
194,195,194,195,B,5,0.0,3.448,4.87,2.652,3,False,,136 138 196
195,196,195,196,N,7,0.0,3.448,4.87,2.797,3,False,,195 253 255
196,197,196,197,B,5,0.0,3.21,4.793,2.652,3,False,,138 140 198
197,198,197,198,N,7,0.0,3.21,4.793,2.797,3,False,,197 255 257
198,199,198,199,B,5,0.0,2.992,4.667,2.652,3,False,,140 142 200
199,200,199,200,N,7,0.0,2.992,4.667,2.797,3,False,,199 257 259
200,201,200,201,B,5,0.0,2.806,4.5,2.652,3,False,,142 144 202
201,202,201,202,N,7,0.0,2.806,4.5,2.797,3,False,,201 259 261
202,203,202,203,B,5,0.0,2.659,4.297,2.652,3,False,,144 146 204
203,204,203,204,N,7,0.0,2.659,4.297,2.797,3,False,,203 261 263
204,205,204,205,B,5,0.0,2.557,4.068,2.652,3,False,,146 148 206
205,206,205,206,N,7,0.0,2.557,4.068,2.797,3,False,,205 263 265
206,207,206,207,B,5,0.0,2.505,3.823,2.652,3,False,,148 150 208
207,208,207,208,N,7,0.0,2.505,3.823,2.797,3,False,,207 265 267
208,209,208,209,B,5,0.0,2.505,3.572,2.652,3,False,,150 152 210
209,210,209,210,N,7,0.0,2.505,3.572,2.797,3,False,,209 267 269
210,211,210,211,B,5,0.0,2.557,3.327,2.652,3,False,,152 154 212
211,212,211,212,N,7,0.0,2.557,3.327,2.797,3,False,,211 269 271
212,213,212,213,B,5,0.0,2.659,3.098,2.652,3,False,,154 156 214
213,214,213,214,N,7,0.0,2.659,3.098,2.797,3,False,,213 271 273
214,215,214,215,B,5,0.0,2.806,2.895,2.652,3,False,,156 158 216
215,216,215,216,N,7,0.0,2.806,2.895,2.797,3,False,,215 273 275
216,217,216,217,B,5,0.0,2.992,2.727,2.652,3,False,,158 160 218
217,218,217,218,N,7,0.0,2.992,2.727,2.797,3,False,,217 275 277
218,219,218,219,B,5,0.0,3.21,2.602,2.652,3,False,,160 162 220
219,220,219,220,N,7,0.0,3.21,2.602,2.797,3,False,,219 277 279
220,221,220,221,B,5,0.0,3.448,2.524,2.652,3,False,,162 164 222
221,222,221,222,N,7,0.0,3.448,2.524,2.797,3,False,,221 279 281
222,223,222,223,B,5,0.0,3.697,2.498,2.652,3,False,,164 166 224
223,224,223,224,N,7,0.0,3.697,2.498,2.797,3,False,,223 281 283
224,225,224,225,B,5,0.0,3.947,2.524,2.652,3,False,,166 168 226
225,226,225,226,N,7,0.0,3.947,2.524,2.797,3,False,,225 283 285
226,227,226,227,B,5,0.0,4.185,2.602,2.652,3,False,,168 170 228
227,228,227,228,N,7,0.0,4.185,2.602,2.797,3,False,,227 285 287
228,229,228,229,B,5,0.0,4.402,2.727,2.652,3,False,,170 172 230
229,230,229,230,N,7,0.0,4.402,2.727,2.797,3,False,,229 287 289
230,231,230,231,B,5,0.0,4.588,2.895,2.652,3,False,,172 174 232
231,232,231,232,N,7,0.0,4.588,2.895,2.797,3,False,,231 289 291
232,233,232,233,B,5,0.0,4.736,3.098,2.652,3,False,,174 176 234
233,234,233,234,N,7,0.0,4.736,3.098,2.797,3,False,,233 291 293
234,235,234,235,B,5,0.0,4.838,3.327,2.652,3,False,,176 178 236
235,236,235,236,N,7,0.0,4.838,3.327,2.797,3,False,,235 293 295
236,237,236,237,B,5,0.0,4.89,3.572,2.652,3,False,,178 180 238
237,238,237,238,N,7,0.0,4.89,3.572,2.797,3,False,,237 295 297
238,239,238,239,B,5,0.0,4.89,3.823,2.652,3,False,,122 180 240
239,240,239,240,N,7,0.0,4.89,3.823,2.797,3,False,,239 297 299
240,241,240,241,B,5,0.0,4.793,4.185,2.87,3,False,,182 184 242
241,242,241,242,N,7,0.0,4.793,4.185,3.015,3,False,,241 301 359
242,243,242,243,B,5,0.0,4.667,4.402,2.87,3,False,,184 186 244
243,244,243,244,N,7,0.0,4.667,4.402,3.015,3,False,,243 301 303
244,245,244,245,B,5,0.0,4.5,4.588,2.87,3,False,,186 188 246
245,246,245,246,N,7,0.0,4.5,4.588,3.015,3,False,,245 303 305
246,247,246,247,B,5,0.0,4.297,4.736,2.87,3,False,,188 190 248
247,248,247,248,N,7,0.0,4.297,4.736,3.015,3,False,,247 305 307
248,249,248,249,B,5,0.0,4.068,4.838,2.87,3,False,,190 192 250
249,250,249,250,N,7,0.0,4.068,4.838,3.015,3,False,,249 307 309
250,251,250,251,B,5,0.0,3.823,4.89,2.87,3,False,,192 194 252
251,252,251,252,N,7,0.0,3.823,4.89,3.015,3,False,,251 309 311
252,253,252,253,B,5,0.0,3.572,4.89,2.87,3,False,,194 196 254
253,254,253,254,N,7,0.0,3.572,4.89,3.015,3,False,,253 311 313
254,255,254,255,B,5,0.0,3.327,4.838,2.87,3,False,,196 198 256
255,256,255,256,N,7,0.0,3.327,4.838,3.015,3,False,,255 313 315
256,257,256,257,B,5,0.0,3.098,4.736,2.87,3,False,,198 200 258
257,258,257,258,N,7,0.0,3.098,4.736,3.015,3,False,,257 315 317
258,259,258,259,B,5,0.0,2.895,4.588,2.87,3,False,,200 202 260
259,260,259,260,N,7,0.0,2.895,4.588,3.015,3,False,,259 317 319
260,261,260,261,B,5,0.0,2.727,4.402,2.87,3,False,,202 204 262
261,262,261,262,N,7,0.0,2.727,4.402,3.015,3,False,,261 319 321
262,263,262,263,B,5,0.0,2.602,4.185,2.87,3,False,,204 206 264
263,264,263,264,N,7,0.0,2.602,4.185,3.015,3,False,,263 321 323
264,265,264,265,B,5,0.0,2.524,3.947,2.87,3,False,,206 208 266
265,266,265,266,N,7,0.0,2.524,3.947,3.015,3,False,,265 323 325
266,267,266,267,B,5,0.0,2.498,3.697,2.87,3,False,,208 210 268
267,268,267,268,N,7,0.0,2.498,3.697,3.015,3,False,,267 325 327
268,269,268,269,B,5,0.0,2.524,3.448,2.87,3,False,,210 212 270
269,270,269,270,N,7,0.0,2.524,3.448,3.015,3,False,,269 327 329
270,271,270,271,B,5,0.0,2.602,3.21,2.87,3,False,,212 214 272
271,272,271,272,N,7,0.0,2.602,3.21,3.015,3,False,,271 329 331
272,273,272,273,B,5,0.0,2.727,2.992,2.87,3,False,,214 216 274
273,274,273,274,N,7,0.0,2.727,2.992,3.015,3,False,,273 331 333
274,275,274,275,B,5,0.0,2.895,2.806,2.87,3,False,,216 218 276
275,276,275,276,N,7,0.0,2.895,2.806,3.015,3,False,,275 333 335
276,277,276,277,B,5,0.0,3.098,2.659,2.87,3,False,,218 220 278
277,278,277,278,N,7,0.0,3.098,2.659,3.015,3,False,,277 335 337
278,279,278,279,B,5,0.0,3.327,2.557,2.87,3,False,,220 222 280
279,280,279,280,N,7,0.0,3.327,2.557,3.015,3,False,,279 337 339
280,281,280,281,B,5,0.0,3.572,2.505,2.87,3,False,,222 224 282
281,282,281,282,N,7,0.0,3.572,2.505,3.015,3,False,,281 339 341
282,283,282,283,B,5,0.0,3.823,2.505,2.87,3,False,,224 226 284
283,284,283,284,N,7,0.0,3.823,2.505,3.015,3,False,,283 341 343
284,285,284,285,B,5,0.0,4.068,2.557,2.87,3,False,,226 228 286
285,286,285,286,N,7,0.0,4.068,2.557,3.015,3,False,,285 343 345
286,287,286,287,B,5,0.0,4.297,2.659,2.87,3,False,,228 230 288
287,288,287,288,N,7,0.0,4.297,2.659,3.015,3,False,,287 345 347
288,289,288,289,B,5,0.0,4.5,2.806,2.87,3,False,,230 232 290
289,290,289,290,N,7,0.0,4.5,2.806,3.015,3,False,,289 347 349
290,291,290,291,B,5,0.0,4.667,2.992,2.87,3,False,,232 234 292
291,292,291,292,N,7,0.0,4.667,2.992,3.015,3,False,,291 349 351
292,293,292,293,B,5,0.0,4.793,3.21,2.87,3,False,,234 236 294
293,294,293,294,N,7,0.0,4.793,3.21,3.015,3,False,,293 351 353
294,295,294,295,B,5,0.0,4.87,3.448,2.87,3,False,,236 238 296
295,296,295,296,N,7,0.0,4.87,3.448,3.015,3,False,,295 353 355
296,297,296,297,B,5,0.0,4.896,3.697,2.87,3,False,,238 240 298
297,298,297,298,N,7,0.0,4.896,3.697,3.015,3,False,,297 355 357
298,299,298,299,B,5,0.0,4.87,3.947,2.87,3,False,,182 240 300
299,300,299,300,N,7,0.0,4.87,3.947,3.015,3,False,,299 357 359
300,301,300,301,B,5,0.0,4.736,4.297,3.087,3,False,,242 244 302
301,302,301,302,N,7,0.0,4.736,4.297,3.232,3,False,,301 361 419
302,303,302,303,B,5,0.0,4.588,4.5,3.087,3,False,,244 246 304
303,304,303,304,N,7,0.0,4.588,4.5,3.232,3,False,,303 361 363
304,305,304,305,B,5,0.0,4.402,4.667,3.087,3,False,,246 248 306
305,306,305,306,N,7,0.0,4.402,4.667,3.232,3,False,,305 363 365
306,307,306,307,B,5,0.0,4.185,4.793,3.087,3,False,,248 250 308
307,308,307,308,N,7,0.0,4.185,4.793,3.232,3,False,,307 365 367
308,309,308,309,B,5,0.0,3.947,4.87,3.087,3,False,,250 252 310
309,310,309,310,N,7,0.0,3.947,4.87,3.232,3,False,,309 367 369
310,311,310,311,B,5,0.0,3.697,4.896,3.087,3,False,,252 254 312
311,312,311,312,N,7,0.0,3.697,4.896,3.232,3,False,,311 369 371
312,313,312,313,B,5,0.0,3.448,4.87,3.087,3,False,,254 256 314
313,314,313,314,N,7,0.0,3.448,4.87,3.232,3,False,,313 371 373
314,315,314,315,B,5,0.0,3.21,4.793,3.087,3,False,,256 258 316
315,316,315,316,N,7,0.0,3.21,4.793,3.232,3,False,,315 373 375
316,317,316,317,B,5,0.0,2.992,4.667,3.087,3,False,,258 260 318
317,318,317,318,N,7,0.0,2.992,4.667,3.232,3,False,,317 375 377
318,319,318,319,B,5,0.0,2.806,4.5,3.087,3,False,,260 262 320
319,320,319,320,N,7,0.0,2.806,4.5,3.232,3,False,,319 377 379
320,321,320,321,B,5,0.0,2.659,4.297,3.087,3,False,,262 264 322
321,322,321,322,N,7,0.0,2.659,4.297,3.232,3,False,,321 379 381
322,323,322,323,B,5,0.0,2.557,4.068,3.087,3,False,,264 266 324
323,324,323,324,N,7,0.0,2.557,4.068,3.232,3,False,,323 381 383
324,325,324,325,B,5,0.0,2.505,3.823,3.087,3,False,,266 268 326
325,326,325,326,N,7,0.0,2.505,3.823,3.232,3,False,,325 383 385
326,327,326,327,B,5,0.0,2.505,3.572,3.087,3,False,,268 270 328
327,328,327,328,N,7,0.0,2.505,3.572,3.232,3,False,,327 385 387
328,329,328,329,B,5,0.0,2.557,3.327,3.087,3,False,,270 272 330
329,330,329,330,N,7,0.0,2.557,3.327,3.232,3,False,,329 387 389
330,331,330,331,B,5,0.0,2.659,3.098,3.087,3,False,,272 274 332
331,332,331,332,N,7,0.0,2.659,3.098,3.232,3,False,,331 389 391
332,333,332,333,B,5,0.0,2.806,2.895,3.087,3,False,,274 276 334
333,334,333,334,N,7,0.0,2.806,2.895,3.232,3,False,,333 391 393
334,335,334,335,B,5,0.0,2.992,2.727,3.087,3,False,,276 278 336
335,336,335,336,N,7,0.0,2.992,2.727,3.232,3,False,,335 393 395
336,337,336,337,B,5,0.0,3.21,2.602,3.087,3,False,,278 280 338
337,338,337,338,N,7,0.0,3.21,2.602,3.232,3,False,,337 395 397
338,339,338,339,B,5,0.0,3.448,2.524,3.087,3,False,,280 282 340
339,340,339,340,N,7,0.0,3.448,2.524,3.232,3,False,,339 397 399
340,341,340,341,B,5,0.0,3.697,2.498,3.087,3,False,,282 284 342
341,342,341,342,N,7,0.0,3.697,2.498,3.232,3,False,,341 399 401
342,343,342,343,B,5,0.0,3.947,2.524,3.087,3,False,,284 286 344
343,344,343,344,N,7,0.0,3.947,2.524,3.232,3,False,,343 401 403
344,345,344,345,B,5,0.0,4.185,2.602,3.087,3,False,,286 288 346
345,346,345,346,N,7,0.0,4.185,2.602,3.232,3,False,,345 403 405
346,347,346,347,B,5,0.0,4.402,2.727,3.087,3,False,,288 290 348
347,348,347,348,N,7,0.0,4.402,2.727,3.232,3,False,,347 405 407
348,349,348,349,B,5,0.0,4.588,2.895,3.087,3,False,,290 292 350
349,350,349,350,N,7,0.0,4.588,2.895,3.232,3,False,,349 407 409
350,351,350,351,B,5,0.0,4.736,3.098,3.087,3,False,,292 294 352
351,352,351,352,N,7,0.0,4.736,3.098,3.232,3,False,,351 409 411
352,353,352,353,B,5,0.0,4.838,3.327,3.087,3,False,,294 296 354
353,354,353,354,N,7,0.0,4.838,3.327,3.232,3,False,,353 411 413
354,355,354,355,B,5,0.0,4.89,3.572,3.087,3,False,,296 298 356
355,356,355,356,N,7,0.0,4.89,3.572,3.232,3,False,,355 413 415
356,357,356,357,B,5,0.0,4.89,3.823,3.087,3,False,,298 300 358
357,358,357,358,N,7,0.0,4.89,3.823,3.232,3,False,,357 415 417
358,359,358,359,B,5,0.0,4.838,4.068,3.087,3,False,,242 300 360
359,360,359,360,N,7,0.0,4.838,4.068,3.232,3,False,,359 417 419
360,361,360,361,B,5,0.0,4.667,4.402,3.305,3,False,,302 304 362
361,362,361,362,N,7,0.0,4.667,4.402,3.45,3,False,,361 421 479
362,363,362,363,B,5,0.0,4.5,4.588,3.305,3,False,,304 306 364
363,364,363,364,N,7,0.0,4.5,4.588,3.45,3,False,,363 421 423
364,365,364,365,B,5,0.0,4.297,4.736,3.305,3,False,,306 308 366
365,366,365,366,N,7,0.0,4.297,4.736,3.45,3,False,,365 423 425
366,367,366,367,B,5,0.0,4.068,4.838,3.305,3,False,,308 310 368
367,368,367,368,N,7,0.0,4.068,4.838,3.45,3,False,,367 425 427
368,369,368,369,B,5,0.0,3.823,4.89,3.305,3,False,,310 312 370
369,370,369,370,N,7,0.0,3.823,4.89,3.45,3,False,,369 427 429
370,371,370,371,B,5,0.0,3.572,4.89,3.305,3,False,,312 314 372
371,372,371,372,N,7,0.0,3.572,4.89,3.45,3,False,,371 429 431
372,373,372,373,B,5,0.0,3.327,4.838,3.305,3,False,,314 316 374
373,374,373,374,N,7,0.0,3.327,4.838,3.45,3,False,,373 431 433
374,375,374,375,B,5,0.0,3.098,4.736,3.305,3,False,,316 318 376
375,376,375,376,N,7,0.0,3.098,4.736,3.45,3,False,,375 433 435
376,377,376,377,B,5,0.0,2.895,4.588,3.305,3,False,,318 320 378
377,378,377,378,N,7,0.0,2.895,4.588,3.45,3,False,,377 435 437
378,379,378,379,B,5,0.0,2.727,4.402,3.305,3,False,,320 322 380
379,380,379,380,N,7,0.0,2.727,4.402,3.45,3,False,,379 437 439
380,381,380,381,B,5,0.0,2.602,4.185,3.305,3,False,,322 324 382
381,382,381,382,N,7,0.0,2.602,4.185,3.45,3,False,,381 439 441
382,383,382,383,B,5,0.0,2.524,3.947,3.305,3,False,,324 326 384
383,384,383,384,N,7,0.0,2.524,3.947,3.45,3,False,,383 441 443
384,385,384,385,B,5,0.0,2.498,3.697,3.305,3,False,,326 328 386
385,386,385,386,N,7,0.0,2.498,3.697,3.45,3,False,,385 443 445
386,387,386,387,B,5,0.0,2.524,3.448,3.305,3,False,,328 330 388
387,388,387,388,N,7,0.0,2.524,3.448,3.45,3,False,,387 445 447
388,389,388,389,B,5,0.0,2.602,3.21,3.305,3,False,,330 332 390
389,390,389,390,N,7,0.0,2.602,3.21,3.45,3,False,,389 447 449
390,391,390,391,B,5,0.0,2.727,2.992,3.305,3,False,,332 334 392
391,392,391,392,N,7,0.0,2.727,2.992,3.45,3,False,,391 449 451
392,393,392,393,B,5,0.0,2.895,2.806,3.305,3,False,,334 336 394
393,394,393,394,N,7,0.0,2.895,2.806,3.45,3,False,,393 451 453
394,395,394,395,B,5,0.0,3.098,2.659,3.305,3,False,,336 338 396
395,396,395,396,N,7,0.0,3.098,2.659,3.45,3,False,,395 453 455
396,397,396,397,B,5,0.0,3.327,2.557,3.305,3,False,,338 340 398
397,398,397,398,N,7,0.0,3.327,2.557,3.45,3,False,,397 455 457
398,399,398,399,B,5,0.0,3.572,2.505,3.305,3,False,,340 342 400
399,400,399,400,N,7,0.0,3.572,2.505,3.45,3,False,,399 457 459
400,401,400,401,B,5,0.0,3.823,2.505,3.305,3,False,,342 344 402
401,402,401,402,N,7,0.0,3.823,2.505,3.45,3,False,,401 459 461
402,403,402,403,B,5,0.0,4.068,2.557,3.305,3,False,,344 346 404
403,404,403,404,N,7,0.0,4.068,2.557,3.45,3,False,,403 461 463
404,405,404,405,B,5,0.0,4.297,2.659,3.305,3,False,,346 348 406
405,406,405,406,N,7,0.0,4.297,2.659,3.45,3,False,,405 463 465
406,407,406,407,B,5,0.0,4.5,2.806,3.305,3,False,,348 350 408
407,408,407,408,N,7,0.0,4.5,2.806,3.45,3,False,,407 465 467
408,409,408,409,B,5,0.0,4.667,2.992,3.305,3,False,,350 352 410
409,410,409,410,N,7,0.0,4.667,2.992,3.45,3,False,,409 467 469
410,411,410,411,B,5,0.0,4.793,3.21,3.305,3,False,,352 354 412
411,412,411,412,N,7,0.0,4.793,3.21,3.45,3,False,,411 469 471
412,413,412,413,B,5,0.0,4.87,3.448,3.305,3,False,,354 356 414
413,414,413,414,N,7,0.0,4.87,3.448,3.45,3,False,,413 471 473
414,415,414,415,B,5,0.0,4.896,3.697,3.305,3,False,,356 358 416
415,416,415,416,N,7,0.0,4.896,3.697,3.45,3,False,,415 473 475
416,417,416,417,B,5,0.0,4.87,3.947,3.305,3,False,,358 360 418
417,418,417,418,N,7,0.0,4.87,3.947,3.45,3,False,,417 475 477
418,419,418,419,B,5,0.0,4.793,4.185,3.305,3,False,,302 360 420
419,420,419,420,N,7,0.0,4.793,4.185,3.45,3,False,,419 477 479
420,421,420,421,B,5,0.0,4.588,4.5,3.522,3,False,,362 364 422
421,422,421,422,N,7,0.0,4.588,4.5,3.667,3,False,,421 481 539
422,423,422,423,B,5,0.0,4.402,4.667,3.522,3,False,,364 366 424
423,424,423,424,N,7,0.0,4.402,4.667,3.667,3,False,,423 481 483
424,425,424,425,B,5,0.0,4.185,4.793,3.522,3,False,,366 368 426
425,426,425,426,N,7,0.0,4.185,4.793,3.667,3,False,,425 483 485
426,427,426,427,B,5,0.0,3.947,4.87,3.522,3,False,,368 370 428
427,428,427,428,N,7,0.0,3.947,4.87,3.667,3,False,,427 485 487
428,429,428,429,B,5,0.0,3.697,4.896,3.522,3,False,,370 372 430
429,430,429,430,N,7,0.0,3.697,4.896,3.667,3,False,,429 487 489
430,431,430,431,B,5,0.0,3.448,4.87,3.522,3,False,,372 374 432
431,432,431,432,N,7,0.0,3.448,4.87,3.667,3,False,,431 489 491
432,433,432,433,B,5,0.0,3.21,4.793,3.522,3,False,,374 376 434
433,434,433,434,N,7,0.0,3.21,4.793,3.667,3,False,,433 491 493
434,435,434,435,B,5,0.0,2.992,4.667,3.522,3,False,,376 378 436
435,436,435,436,N,7,0.0,2.992,4.667,3.667,3,False,,435 493 495
436,437,436,437,B,5,0.0,2.806,4.5,3.522,3,False,,378 380 438
437,438,437,438,N,7,0.0,2.806,4.5,3.667,3,False,,437 495 497
438,439,438,439,B,5,0.0,2.659,4.297,3.522,3,False,,380 382 440
439,440,439,440,N,7,0.0,2.659,4.297,3.667,3,False,,439 497 499
440,441,440,441,B,5,0.0,2.557,4.068,3.522,3,False,,382 384 442
441,442,441,442,N,7,0.0,2.557,4.068,3.667,3,False,,441 499 501
442,443,442,443,B,5,0.0,2.505,3.823,3.522,3,False,,384 386 444
443,444,443,444,N,7,0.0,2.505,3.823,3.667,3,False,,443 501 503
444,445,444,445,B,5,0.0,2.505,3.572,3.522,3,False,,386 388 446
445,446,445,446,N,7,0.0,2.505,3.572,3.667,3,False,,445 503 505
446,447,446,447,B,5,0.0,2.557,3.327,3.522,3,False,,388 390 448
447,448,447,448,N,7,0.0,2.557,3.327,3.667,3,False,,447 505 507
448,449,448,449,B,5,0.0,2.659,3.098,3.522,3,False,,390 392 450
449,450,449,450,N,7,0.0,2.659,3.098,3.667,3,False,,449 507 509
450,451,450,451,B,5,0.0,2.806,2.895,3.522,3,False,,392 394 452
451,452,451,452,N,7,0.0,2.806,2.895,3.667,3,False,,451 509 511
452,453,452,453,B,5,0.0,2.992,2.727,3.522,3,False,,394 396 454
453,454,453,454,N,7,0.0,2.992,2.727,3.667,3,False,,453 511 513
454,455,454,455,B,5,0.0,3.21,2.602,3.522,3,False,,396 398 456
455,456,455,456,N,7,0.0,3.21,2.602,3.667,3,False,,455 513 515
456,457,456,457,B,5,0.0,3.448,2.524,3.522,3,False,,398 400 458
457,458,457,458,N,7,0.0,3.448,2.524,3.667,3,False,,457 515 517
458,459,458,459,B,5,0.0,3.697,2.498,3.522,3,False,,400 402 460
459,460,459,460,N,7,0.0,3.697,2.498,3.667,3,False,,459 517 519
460,461,460,461,B,5,0.0,3.947,2.524,3.522,3,False,,402 404 462
461,462,461,462,N,7,0.0,3.947,2.524,3.667,3,False,,461 519 521
462,463,462,463,B,5,0.0,4.185,2.602,3.522,3,False,,404 406 464
463,464,463,464,N,7,0.0,4.185,2.602,3.667,3,False,,463 521 523
464,465,464,465,B,5,0.0,4.402,2.727,3.522,3,False,,406 408 466
465,466,465,466,N,7,0.0,4.402,2.727,3.667,3,False,,465 523 525
466,467,466,467,B,5,0.0,4.588,2.895,3.522,3,False,,408 410 468
467,468,467,468,N,7,0.0,4.588,2.895,3.667,3,False,,467 525 527
468,469,468,469,B,5,0.0,4.736,3.098,3.522,3,False,,410 412 470
469,470,469,470,N,7,0.0,4.736,3.098,3.667,3,False,,469 527 529
470,471,470,471,B,5,0.0,4.838,3.327,3.522,3,False,,412 414 472
471,472,471,472,N,7,0.0,4.838,3.327,3.667,3,False,,471 529 531
472,473,472,473,B,5,0.0,4.89,3.572,3.522,3,False,,414 416 474
473,474,473,474,N,7,0.0,4.89,3.572,3.667,3,False,,473 531 533
474,475,474,475,B,5,0.0,4.89,3.823,3.522,3,False,,416 418 476
475,476,475,476,N,7,0.0,4.89,3.823,3.667,3,False,,475 533 535
476,477,476,477,B,5,0.0,4.838,4.068,3.522,3,False,,418 420 478
477,478,477,478,N,7,0.0,4.838,4.068,3.667,3,False,,477 535 537
478,479,478,479,B,5,0.0,4.736,4.297,3.522,3,False,,362 420 480
479,480,479,480,N,7,0.0,4.736,4.297,3.667,3,False,,479 537 539
480,481,480,481,B,5,0.0,4.5,4.588,3.74,3,False,,422 424 482
481,482,481,482,N,7,0.0,4.5,4.588,3.885,3,False,,481 541 599
482,483,482,483,B,5,0.0,4.297,4.736,3.74,3,False,,424 426 484
483,484,483,484,N,7,0.0,4.297,4.736,3.885,3,False,,483 541 543
484,485,484,485,B,5,0.0,4.068,4.838,3.74,3,False,,426 428 486
485,486,485,486,N,7,0.0,4.068,4.838,3.885,3,False,,485 543 545
486,487,486,487,B,5,0.0,3.823,4.89,3.74,3,False,,428 430 488
487,488,487,488,N,7,0.0,3.823,4.89,3.885,3,False,,487 545 547
488,489,488,489,B,5,0.0,3.572,4.89,3.74,3,False,,430 432 490
489,490,489,490,N,7,0.0,3.572,4.89,3.885,3,False,,489 547 549
490,491,490,491,B,5,0.0,3.327,4.838,3.74,3,False,,432 434 492
491,492,491,492,N,7,0.0,3.327,4.838,3.885,3,False,,491 549 551
492,493,492,493,B,5,0.0,3.098,4.736,3.74,3,False,,434 436 494
493,494,493,494,N,7,0.0,3.098,4.736,3.885,3,False,,493 551 553
494,495,494,495,B,5,0.0,2.895,4.588,3.74,3,False,,436 438 496
495,496,495,496,N,7,0.0,2.895,4.588,3.885,3,False,,495 553 555
496,497,496,497,B,5,0.0,2.727,4.402,3.74,3,False,,438 440 498
497,498,497,498,N,7,0.0,2.727,4.402,3.885,3,False,,497 555 557
498,499,498,499,B,5,0.0,2.602,4.185,3.74,3,False,,440 442 500
499,500,499,500,N,7,0.0,2.602,4.185,3.885,3,False,,499 557 559
500,501,500,501,B,5,0.0,2.524,3.947,3.74,3,False,,442 444 502
501,502,501,502,N,7,0.0,2.524,3.947,3.885,3,False,,501 559 561
502,503,502,503,B,5,0.0,2.498,3.697,3.74,3,False,,444 446 504
503,504,503,504,N,7,0.0,2.498,3.697,3.885,3,False,,503 561 563
504,505,504,505,B,5,0.0,2.524,3.448,3.74,3,False,,446 448 506
505,506,505,506,N,7,0.0,2.524,3.448,3.885,3,False,,505 563 565
506,507,506,507,B,5,0.0,2.602,3.21,3.74,3,False,,448 450 508
507,508,507,508,N,7,0.0,2.602,3.21,3.885,3,False,,507 565 567
508,509,508,509,B,5,0.0,2.727,2.992,3.74,3,False,,450 452 510
509,510,509,510,N,7,0.0,2.727,2.992,3.885,3,False,,509 567 569
510,511,510,511,B,5,0.0,2.895,2.806,3.74,3,False,,452 454 512
511,512,511,512,N,7,0.0,2.895,2.806,3.885,3,False,,511 569 571
512,513,512,513,B,5,0.0,3.098,2.659,3.74,3,False,,454 456 514
513,514,513,514,N,7,0.0,3.098,2.659,3.885,3,False,,513 571 573
514,515,514,515,B,5,0.0,3.327,2.557,3.74,3,False,,456 458 516
515,516,515,516,N,7,0.0,3.327,2.557,3.885,3,False,,515 573 575
516,517,516,517,B,5,0.0,3.572,2.505,3.74,3,False,,458 460 518
517,518,517,518,N,7,0.0,3.572,2.505,3.885,3,False,,517 575 577
518,519,518,519,B,5,0.0,3.823,2.505,3.74,3,False,,460 462 520
519,520,519,520,N,7,0.0,3.823,2.505,3.885,3,False,,519 577 579
520,521,520,521,B,5,0.0,4.068,2.557,3.74,3,False,,462 464 522
521,522,521,522,N,7,0.0,4.068,2.557,3.885,3,False,,521 579 581
522,523,522,523,B,5,0.0,4.297,2.659,3.74,3,False,,464 466 524
523,524,523,524,N,7,0.0,4.297,2.659,3.885,3,False,,523 581 583
524,525,524,525,B,5,0.0,4.5,2.806,3.74,3,False,,466 468 526
525,526,525,526,N,7,0.0,4.5,2.806,3.885,3,False,,525 583 585
526,527,526,527,B,5,0.0,4.667,2.992,3.74,3,False,,468 470 528
527,528,527,528,N,7,0.0,4.667,2.992,3.885,3,False,,527 585 587
528,529,528,529,B,5,0.0,4.793,3.21,3.74,3,False,,470 472 530
529,530,529,530,N,7,0.0,4.793,3.21,3.885,3,False,,529 587 589
530,531,530,531,B,5,0.0,4.87,3.448,3.74,3,False,,472 474 532
531,532,531,532,N,7,0.0,4.87,3.448,3.885,3,False,,531 589 591
532,533,532,533,B,5,0.0,4.896,3.697,3.74,3,False,,474 476 534
533,534,533,534,N,7,0.0,4.896,3.697,3.885,3,False,,533 591 593
534,535,534,535,B,5,0.0,4.87,3.947,3.74,3,False,,476 478 536
535,536,535,536,N,7,0.0,4.87,3.947,3.885,3,False,,535 593 595
536,537,536,537,B,5,0.0,4.793,4.185,3.74,3,False,,478 480 538
537,538,537,538,N,7,0.0,4.793,4.185,3.885,3,False,,537 595 597
538,539,538,539,B,5,0.0,4.667,4.402,3.74,3,False,,422 480 540
539,540,539,540,N,7,0.0,4.667,4.402,3.885,3,False,,539 597 599
540,541,540,541,B,5,0.0,4.402,4.667,3.958,3,False,,482 484 542
541,542,541,542,N,7,0.0,4.402,4.667,4.103,3,False,,541 601 659
542,543,542,543,B,5,0.0,4.185,4.793,3.958,3,False,,484 486 544
543,544,543,544,N,7,0.0,4.185,4.793,4.103,3,False,,543 601 603
544,545,544,545,B,5,0.0,3.947,4.87,3.958,3,False,,486 488 546
545,546,545,546,N,7,0.0,3.947,4.87,4.103,3,False,,545 603 605
546,547,546,547,B,5,0.0,3.697,4.896,3.958,3,False,,488 490 548
547,548,547,548,N,7,0.0,3.697,4.896,4.103,3,False,,547 605 607
548,549,548,549,B,5,0.0,3.448,4.87,3.958,3,False,,490 492 550
549,550,549,550,N,7,0.0,3.448,4.87,4.103,3,False,,549 607 609
550,551,550,551,B,5,0.0,3.21,4.793,3.958,3,False,,492 494 552
551,552,551,552,N,7,0.0,3.21,4.793,4.103,3,False,,551 609 611
552,553,552,553,B,5,0.0,2.992,4.667,3.958,3,False,,494 496 554
553,554,553,554,N,7,0.0,2.992,4.667,4.103,3,False,,553 611 613
554,555,554,555,B,5,0.0,2.806,4.5,3.958,3,False,,496 498 556
555,556,555,556,N,7,0.0,2.806,4.5,4.103,3,False,,555 613 615
556,557,556,557,B,5,0.0,2.659,4.297,3.958,3,False,,498 500 558
557,558,557,558,N,7,0.0,2.659,4.297,4.103,3,False,,557 615 617
558,559,558,559,B,5,0.0,2.557,4.068,3.958,3,False,,500 502 560
559,560,559,560,N,7,0.0,2.557,4.068,4.103,3,False,,559 617 619
560,561,560,561,B,5,0.0,2.505,3.823,3.958,3,False,,502 504 562
561,562,561,562,N,7,0.0,2.505,3.823,4.103,3,False,,561 619 621
562,563,562,563,B,5,0.0,2.505,3.572,3.958,3,False,,504 506 564
563,564,563,564,N,7,0.0,2.505,3.572,4.103,3,False,,563 621 623
564,565,564,565,B,5,0.0,2.557,3.327,3.958,3,False,,506 508 566
565,566,565,566,N,7,0.0,2.557,3.327,4.103,3,False,,565 623 625
566,567,566,567,B,5,0.0,2.659,3.098,3.958,3,False,,508 510 568
567,568,567,568,N,7,0.0,2.659,3.098,4.103,3,False,,567 625 627
568,569,568,569,B,5,0.0,2.806,2.895,3.958,3,False,,510 512 570
569,570,569,570,N,7,0.0,2.806,2.895,4.103,3,False,,569 627 629
570,571,570,571,B,5,0.0,2.992,2.727,3.958,3,False,,512 514 572
571,572,571,572,N,7,0.0,2.992,2.727,4.103,3,False,,571 629 631
572,573,572,573,B,5,0.0,3.21,2.602,3.958,3,False,,514 516 574
573,574,573,574,N,7,0.0,3.21,2.602,4.103,3,False,,573 631 633
574,575,574,575,B,5,0.0,3.448,2.524,3.958,3,False,,516 518 576
575,576,575,576,N,7,0.0,3.448,2.524,4.103,3,False,,575 633 635
576,577,576,577,B,5,0.0,3.697,2.498,3.958,3,False,,518 520 578
577,578,577,578,N,7,0.0,3.697,2.498,4.103,3,False,,577 635 637
578,579,578,579,B,5,0.0,3.947,2.524,3.958,3,False,,520 522 580
579,580,579,580,N,7,0.0,3.947,2.524,4.103,3,False,,579 637 639
580,581,580,581,B,5,0.0,4.185,2.602,3.958,3,False,,522 524 582
581,582,581,582,N,7,0.0,4.185,2.602,4.103,3,False,,581 639 641
582,583,582,583,B,5,0.0,4.402,2.727,3.958,3,False,,524 526 584
583,584,583,584,N,7,0.0,4.402,2.727,4.103,3,False,,583 641 643
584,585,584,585,B,5,0.0,4.588,2.895,3.958,3,False,,526 528 586
585,586,585,586,N,7,0.0,4.588,2.895,4.103,3,False,,585 643 645
586,587,586,587,B,5,0.0,4.736,3.098,3.958,3,False,,528 530 588
587,588,587,588,N,7,0.0,4.736,3.098,4.103,3,False,,587 645 647
588,589,588,589,B,5,0.0,4.838,3.327,3.958,3,False,,530 532 590
589,590,589,590,N,7,0.0,4.838,3.327,4.103,3,False,,589 647 649
590,591,590,591,B,5,0.0,4.89,3.572,3.958,3,False,,532 534 592
591,592,591,592,N,7,0.0,4.89,3.572,4.103,3,False,,591 649 651
592,593,592,593,B,5,0.0,4.89,3.823,3.958,3,False,,534 536 594
593,594,593,594,N,7,0.0,4.89,3.823,4.103,3,False,,593 651 653
594,595,594,595,B,5,0.0,4.838,4.068,3.958,3,False,,536 538 596
595,596,595,596,N,7,0.0,4.838,4.068,4.103,3,False,,595 653 655
596,597,596,597,B,5,0.0,4.736,4.297,3.958,3,False,,538 540 598
597,598,597,598,N,7,0.0,4.736,4.297,4.103,3,False,,597 655 657
598,599,598,599,B,5,0.0,4.588,4.5,3.958,3,False,,482 540 600
599,600,599,600,N,7,0.0,4.588,4.5,4.103,3,False,,599 657 659
600,601,600,601,B,5,0.0,4.297,4.736,4.175,3,False,,542 544 602
601,602,601,602,N,7,0.0,4.297,4.736,4.32,3,False,,601 661 719
602,603,602,603,B,5,0.0,4.068,4.838,4.175,3,False,,544 546 604
603,604,603,604,N,7,0.0,4.068,4.838,4.32,3,False,,603 661 663
604,605,604,605,B,5,0.0,3.823,4.89,4.175,3,False,,546 548 606
605,606,605,606,N,7,0.0,3.823,4.89,4.32,3,False,,605 663 665
606,607,606,607,B,5,0.0,3.572,4.89,4.175,3,False,,548 550 608
607,608,607,608,N,7,0.0,3.572,4.89,4.32,3,False,,607 665 667
608,609,608,609,B,5,0.0,3.327,4.838,4.175,3,False,,550 552 610
609,610,609,610,N,7,0.0,3.327,4.838,4.32,3,False,,609 667 669
610,611,610,611,B,5,0.0,3.098,4.736,4.175,3,False,,552 554 612
611,612,611,612,N,7,0.0,3.098,4.736,4.32,3,False,,611 669 671
612,613,612,613,B,5,0.0,2.895,4.588,4.175,3,False,,554 556 614
613,614,613,614,N,7,0.0,2.895,4.588,4.32,3,False,,613 671 673
614,615,614,615,B,5,0.0,2.727,4.402,4.175,3,False,,556 558 616
615,616,615,616,N,7,0.0,2.727,4.402,4.32,3,False,,615 673 675
616,617,616,617,B,5,0.0,2.602,4.185,4.175,3,False,,558 560 618
617,618,617,618,N,7,0.0,2.602,4.185,4.32,3,False,,617 675 677
618,619,618,619,B,5,0.0,2.524,3.947,4.175,3,False,,560 562 620
619,620,619,620,N,7,0.0,2.524,3.947,4.32,3,False,,619 677 679
620,621,620,621,B,5,0.0,2.498,3.697,4.175,3,False,,562 564 622
621,622,621,622,N,7,0.0,2.498,3.697,4.32,3,False,,621 679 681
622,623,622,623,B,5,0.0,2.524,3.448,4.175,3,False,,564 566 624
623,624,623,624,N,7,0.0,2.524,3.448,4.32,3,False,,623 681 683
624,625,624,625,B,5,0.0,2.602,3.21,4.175,3,False,,566 568 626
625,626,625,626,N,7,0.0,2.602,3.21,4.32,3,False,,625 683 685
626,627,626,627,B,5,0.0,2.727,2.992,4.175,3,False,,568 570 628
627,628,627,628,N,7,0.0,2.727,2.992,4.32,3,False,,627 685 687
628,629,628,629,B,5,0.0,2.895,2.806,4.175,3,False,,570 572 630
629,630,629,630,N,7,0.0,2.895,2.806,4.32,3,False,,629 687 689
630,631,630,631,B,5,0.0,3.098,2.659,4.175,3,False,,572 574 632
631,632,631,632,N,7,0.0,3.098,2.659,4.32,3,False,,631 689 691
632,633,632,633,B,5,0.0,3.327,2.557,4.175,3,False,,574 576 634
633,634,633,634,N,7,0.0,3.327,2.557,4.32,3,False,,633 691 693
634,635,634,635,B,5,0.0,3.572,2.505,4.175,3,False,,576 578 636
635,636,635,636,N,7,0.0,3.572,2.505,4.32,3,False,,635 693 695
636,637,636,637,B,5,0.0,3.823,2.505,4.175,3,False,,578 580 638
637,638,637,638,N,7,0.0,3.823,2.505,4.32,3,False,,637 695 697
638,639,638,639,B,5,0.0,4.068,2.557,4.175,3,False,,580 582 640
639,640,639,640,N,7,0.0,4.068,2.557,4.32,3,False,,639 697 699
640,641,640,641,B,5,0.0,4.297,2.659,4.175,3,False,,582 584 642
641,642,641,642,N,7,0.0,4.297,2.659,4.32,3,False,,641 699 701
642,643,642,643,B,5,0.0,4.5,2.806,4.175,3,False,,584 586 644
643,644,643,644,N,7,0.0,4.5,2.806,4.32,3,False,,643 701 703
644,645,644,645,B,5,0.0,4.667,2.992,4.175,3,False,,586 588 646
645,646,645,646,N,7,0.0,4.667,2.992,4.32,3,False,,645 703 705
646,647,646,647,B,5,0.0,4.793,3.21,4.175,3,False,,588 590 648
647,648,647,648,N,7,0.0,4.793,3.21,4.32,3,False,,647 705 707
648,649,648,649,B,5,0.0,4.87,3.448,4.175,3,False,,590 592 650
649,650,649,650,N,7,0.0,4.87,3.448,4.32,3,False,,649 707 709
650,651,650,651,B,5,0.0,4.896,3.697,4.175,3,False,,592 594 652
651,652,651,652,N,7,0.0,4.896,3.697,4.32,3,False,,651 709 711
652,653,652,653,B,5,0.0,4.87,3.947,4.175,3,False,,594 596 654
653,654,653,654,N,7,0.0,4.87,3.947,4.32,3,False,,653 711 713
654,655,654,655,B,5,0.0,4.793,4.185,4.175,3,False,,596 598 656
655,656,655,656,N,7,0.0,4.793,4.185,4.32,3,False,,655 713 715
656,657,656,657,B,5,0.0,4.667,4.402,4.175,3,False,,598 600 658
657,658,657,658,N,7,0.0,4.667,4.402,4.32,3,False,,657 715 717
658,659,658,659,B,5,0.0,4.5,4.588,4.175,3,False,,542 600 660
659,660,659,660,N,7,0.0,4.5,4.588,4.32,3,False,,659 717 719
660,661,660,661,B,5,0.0,4.185,4.793,4.393,3,False,,602 604 662
661,662,661,662,N,7,0.0,4.185,4.793,4.537,3,False,,661 721 779
662,663,662,663,B,5,0.0,3.947,4.87,4.393,3,False,,604 606 664
663,664,663,664,N,7,0.0,3.947,4.87,4.537,3,False,,663 721 723
664,665,664,665,B,5,0.0,3.697,4.896,4.393,3,False,,606 608 666
665,666,665,666,N,7,0.0,3.697,4.896,4.537,3,False,,665 723 725
666,667,666,667,B,5,0.0,3.448,4.87,4.393,3,False,,608 610 668
667,668,667,668,N,7,0.0,3.448,4.87,4.537,3,False,,667 725 727
668,669,668,669,B,5,0.0,3.21,4.793,4.393,3,False,,610 612 670
669,670,669,670,N,7,0.0,3.21,4.793,4.537,3,False,,669 727 729
670,671,670,671,B,5,0.0,2.992,4.667,4.393,3,False,,612 614 672
671,672,671,672,N,7,0.0,2.992,4.667,4.537,3,False,,671 729 731
672,673,672,673,B,5,0.0,2.806,4.5,4.393,3,False,,614 616 674
673,674,673,674,N,7,0.0,2.806,4.5,4.537,3,False,,673 731 733
674,675,674,675,B,5,0.0,2.659,4.297,4.393,3,False,,616 618 676
675,676,675,676,N,7,0.0,2.659,4.297,4.537,3,False,,675 733 735
676,677,676,677,B,5,0.0,2.557,4.068,4.393,3,False,,618 620 678
677,678,677,678,N,7,0.0,2.557,4.068,4.537,3,False,,677 735 737
678,679,678,679,B,5,0.0,2.505,3.823,4.393,3,False,,620 622 680
679,680,679,680,N,7,0.0,2.505,3.823,4.537,3,False,,679 737 739
680,681,680,681,B,5,0.0,2.505,3.572,4.393,3,False,,622 624 682
681,682,681,682,N,7,0.0,2.505,3.572,4.537,3,False,,681 739 741
682,683,682,683,B,5,0.0,2.557,3.327,4.393,3,False,,624 626 684
683,684,683,684,N,7,0.0,2.557,3.327,4.537,3,False,,683 741 743
684,685,684,685,B,5,0.0,2.659,3.098,4.393,3,False,,626 628 686
685,686,685,686,N,7,0.0,2.659,3.098,4.537,3,False,,685 743 745
686,687,686,687,B,5,0.0,2.806,2.895,4.393,3,False,,628 630 688
687,688,687,688,N,7,0.0,2.806,2.895,4.537,3,False,,687 745 747
688,689,688,689,B,5,0.0,2.992,2.727,4.393,3,False,,630 632 690
689,690,689,690,N,7,0.0,2.992,2.727,4.537,3,False,,689 747 749
690,691,690,691,B,5,0.0,3.21,2.602,4.393,3,False,,632 634 692
691,692,691,692,N,7,0.0,3.21,2.602,4.537,3,False,,691 749 751
692,693,692,693,B,5,0.0,3.448,2.524,4.393,3,False,,634 636 694
693,694,693,694,N,7,0.0,3.448,2.524,4.537,3,False,,693 751 753
694,695,694,695,B,5,0.0,3.697,2.498,4.393,3,False,,636 638 696
695,696,695,696,N,7,0.0,3.697,2.498,4.537,3,False,,695 753 755
696,697,696,697,B,5,0.0,3.947,2.524,4.393,3,False,,638 640 698
697,698,697,698,N,7,0.0,3.947,2.524,4.537,3,False,,697 755 757
698,699,698,699,B,5,0.0,4.185,2.602,4.393,3,False,,640 642 700
699,700,699,700,N,7,0.0,4.185,2.602,4.537,3,False,,699 757 759
700,701,700,701,B,5,0.0,4.402,2.727,4.393,3,False,,642 644 702
701,702,701,702,N,7,0.0,4.402,2.727,4.537,3,False,,701 759 761
702,703,702,703,B,5,0.0,4.588,2.895,4.393,3,False,,644 646 704
703,704,703,704,N,7,0.0,4.588,2.895,4.537,3,False,,703 761 763
704,705,704,705,B,5,0.0,4.736,3.098,4.393,3,False,,646 648 706
705,706,705,706,N,7,0.0,4.736,3.098,4.537,3,False,,705 763 765
706,707,706,707,B,5,0.0,4.838,3.327,4.393,3,False,,648 650 708
707,708,707,708,N,7,0.0,4.838,3.327,4.537,3,False,,707 765 767
708,709,708,709,B,5,0.0,4.89,3.572,4.393,3,False,,650 652 710
709,710,709,710,N,7,0.0,4.89,3.572,4.537,3,False,,709 767 769
710,711,710,711,B,5,0.0,4.89,3.823,4.393,3,False,,652 654 712
711,712,711,712,N,7,0.0,4.89,3.823,4.537,3,False,,711 769 771
712,713,712,713,B,5,0.0,4.838,4.068,4.393,3,False,,654 656 714
713,714,713,714,N,7,0.0,4.838,4.068,4.537,3,False,,713 771 773
714,715,714,715,B,5,0.0,4.736,4.297,4.393,3,False,,656 658 716
715,716,715,716,N,7,0.0,4.736,4.297,4.537,3,False,,715 773 775
716,717,716,717,B,5,0.0,4.588,4.5,4.393,3,False,,658 660 718
717,718,717,718,N,7,0.0,4.588,4.5,4.537,3,False,,717 775 777
718,719,718,719,B,5,0.0,4.402,4.667,4.393,3,False,,602 660 720
719,720,719,720,N,7,0.0,4.402,4.667,4.537,3,False,,719 777 779
720,721,720,721,B,5,0.0,4.068,4.838,4.61,3,False,,662 664 722
721,722,721,722,N,7,0.0,4.068,4.838,4.755,3,False,,721 781 839
722,723,722,723,B,5,0.0,3.823,4.89,4.61,3,False,,664 666 724
723,724,723,724,N,7,0.0,3.823,4.89,4.755,3,False,,723 781 783
724,725,724,725,B,5,0.0,3.572,4.89,4.61,3,False,,666 668 726
725,726,725,726,N,7,0.0,3.572,4.89,4.755,3,False,,725 783 785
726,727,726,727,B,5,0.0,3.327,4.838,4.61,3,False,,668 670 728
727,728,727,728,N,7,0.0,3.327,4.838,4.755,3,False,,727 785 787
728,729,728,729,B,5,0.0,3.098,4.736,4.61,3,False,,670 672 730
729,730,729,730,N,7,0.0,3.098,4.736,4.755,3,False,,729 787 789
730,731,730,731,B,5,0.0,2.895,4.588,4.61,3,False,,672 674 732
731,732,731,732,N,7,0.0,2.895,4.588,4.755,3,False,,731 789 791
732,733,732,733,B,5,0.0,2.727,4.402,4.61,3,False,,674 676 734
733,734,733,734,N,7,0.0,2.727,4.402,4.755,3,False,,733 791 793
734,735,734,735,B,5,0.0,2.602,4.185,4.61,3,False,,676 678 736
735,736,735,736,N,7,0.0,2.602,4.185,4.755,3,False,,735 793 795
736,737,736,737,B,5,0.0,2.524,3.947,4.61,3,False,,678 680 738
737,738,737,738,N,7,0.0,2.524,3.947,4.755,3,False,,737 795 797
738,739,738,739,B,5,0.0,2.498,3.697,4.61,3,False,,680 682 740
739,740,739,740,N,7,0.0,2.498,3.697,4.755,3,False,,739 797 799
740,741,740,741,B,5,0.0,2.524,3.448,4.61,3,False,,682 684 742
741,742,741,742,N,7,0.0,2.524,3.448,4.755,3,False,,741 799 801
742,743,742,743,B,5,0.0,2.602,3.21,4.61,3,False,,684 686 744
743,744,743,744,N,7,0.0,2.602,3.21,4.755,3,False,,743 801 803
744,745,744,745,B,5,0.0,2.727,2.992,4.61,3,False,,686 688 746
745,746,745,746,N,7,0.0,2.727,2.992,4.755,3,False,,745 803 805
746,747,746,747,B,5,0.0,2.895,2.806,4.61,3,False,,688 690 748
747,748,747,748,N,7,0.0,2.895,2.806,4.755,3,False,,747 805 807
748,749,748,749,B,5,0.0,3.098,2.659,4.61,3,False,,690 692 750
749,750,749,750,N,7,0.0,3.098,2.659,4.755,3,False,,749 807 809
750,751,750,751,B,5,0.0,3.327,2.557,4.61,3,False,,692 694 752
751,752,751,752,N,7,0.0,3.327,2.557,4.755,3,False,,751 809 811
752,753,752,753,B,5,0.0,3.572,2.505,4.61,3,False,,694 696 754
753,754,753,754,N,7,0.0,3.572,2.505,4.755,3,False,,753 811 813
754,755,754,755,B,5,0.0,3.823,2.505,4.61,3,False,,696 698 756
755,756,755,756,N,7,0.0,3.823,2.505,4.755,3,False,,755 813 815
756,757,756,757,B,5,0.0,4.068,2.557,4.61,3,False,,698 700 758
757,758,757,758,N,7,0.0,4.068,2.557,4.755,3,False,,757 815 817
758,759,758,759,B,5,0.0,4.297,2.659,4.61,3,False,,700 702 760
759,760,759,760,N,7,0.0,4.297,2.659,4.755,3,False,,759 817 819
760,761,760,761,B,5,0.0,4.5,2.806,4.61,3,False,,702 704 762
761,762,761,762,N,7,0.0,4.5,2.806,4.755,3,False,,761 819 821
762,763,762,763,B,5,0.0,4.667,2.992,4.61,3,False,,704 706 764
763,764,763,764,N,7,0.0,4.667,2.992,4.755,3,False,,763 821 823
764,765,764,765,B,5,0.0,4.793,3.21,4.61,3,False,,706 708 766
765,766,765,766,N,7,0.0,4.793,3.21,4.755,3,False,,765 823 825
766,767,766,767,B,5,0.0,4.87,3.448,4.61,3,False,,708 710 768
767,768,767,768,N,7,0.0,4.87,3.448,4.755,3,False,,767 825 827
768,769,768,769,B,5,0.0,4.896,3.697,4.61,3,False,,710 712 770
769,770,769,770,N,7,0.0,4.896,3.697,4.755,3,False,,769 827 829
770,771,770,771,B,5,0.0,4.87,3.947,4.61,3,False,,712 714 772
771,772,771,772,N,7,0.0,4.87,3.947,4.755,3,False,,771 829 831
772,773,772,773,B,5,0.0,4.793,4.185,4.61,3,False,,714 716 774
773,774,773,774,N,7,0.0,4.793,4.185,4.755,3,False,,773 831 833
774,775,774,775,B,5,0.0,4.667,4.402,4.61,3,False,,716 718 776
775,776,775,776,N,7,0.0,4.667,4.402,4.755,3,False,,775 833 835
776,777,776,777,B,5,0.0,4.5,4.588,4.61,3,False,,718 720 778
777,778,777,778,N,7,0.0,4.5,4.588,4.755,3,False,,777 835 837
778,779,778,779,B,5,0.0,4.297,4.736,4.61,3,False,,662 720 780
779,780,779,780,N,7,0.0,4.297,4.736,4.755,3,False,,779 837 839
780,781,780,781,B,5,0.0,3.947,4.87,4.827,3,False,,722 724 782
781,782,781,782,N,7,0.0,3.947,4.87,4.973,3,False,,781 841 899
782,783,782,783,B,5,0.0,3.697,4.896,4.827,3,False,,724 726 784
783,784,783,784,N,7,0.0,3.697,4.896,4.973,3,False,,783 841 843
784,785,784,785,B,5,0.0,3.448,4.87,4.827,3,False,,726 728 786
785,786,785,786,N,7,0.0,3.448,4.87,4.973,3,False,,785 843 845
786,787,786,787,B,5,0.0,3.21,4.793,4.827,3,False,,728 730 788
787,788,787,788,N,7,0.0,3.21,4.793,4.973,3,False,,787 845 847
788,789,788,789,B,5,0.0,2.992,4.667,4.827,3,False,,730 732 790
789,790,789,790,N,7,0.0,2.992,4.667,4.973,3,False,,789 847 849
790,791,790,791,B,5,0.0,2.806,4.5,4.827,3,False,,732 734 792
791,792,791,792,N,7,0.0,2.806,4.5,4.973,3,False,,791 849 851
792,793,792,793,B,5,0.0,2.659,4.297,4.827,3,False,,734 736 794
793,794,793,794,N,7,0.0,2.659,4.297,4.973,3,False,,793 851 853
794,795,794,795,B,5,0.0,2.557,4.068,4.827,3,False,,736 738 796
795,796,795,796,N,7,0.0,2.557,4.068,4.973,3,False,,795 853 855
796,797,796,797,B,5,0.0,2.505,3.823,4.827,3,False,,738 740 798
797,798,797,798,N,7,0.0,2.505,3.823,4.973,3,False,,797 855 857
798,799,798,799,B,5,0.0,2.505,3.572,4.827,3,False,,740 742 800
799,800,799,800,N,7,0.0,2.505,3.572,4.973,3,False,,799 857 859
800,801,800,801,B,5,0.0,2.557,3.327,4.827,3,False,,742 744 802
801,802,801,802,N,7,0.0,2.557,3.327,4.973,3,False,,801 859 861
802,803,802,803,B,5,0.0,2.659,3.098,4.827,3,False,,744 746 804
803,804,803,804,N,7,0.0,2.659,3.098,4.973,3,False,,803 861 863
804,805,804,805,B,5,0.0,2.806,2.895,4.827,3,False,,746 748 806
805,806,805,806,N,7,0.0,2.806,2.895,4.973,3,False,,805 863 865
806,807,806,807,B,5,0.0,2.992,2.727,4.827,3,False,,748 750 808
807,808,807,808,N,7,0.0,2.992,2.727,4.973,3,False,,807 865 867
808,809,808,809,B,5,0.0,3.21,2.602,4.827,3,False,,750 752 810
809,810,809,810,N,7,0.0,3.21,2.602,4.973,3,False,,809 867 869
810,811,810,811,B,5,0.0,3.448,2.524,4.827,3,False,,752 754 812
811,812,811,812,N,7,0.0,3.448,2.524,4.973,3,False,,811 869 871
812,813,812,813,B,5,0.0,3.697,2.498,4.827,3,False,,754 756 814
813,814,813,814,N,7,0.0,3.697,2.498,4.973,3,False,,813 871 873
814,815,814,815,B,5,0.0,3.947,2.524,4.827,3,False,,756 758 816
815,816,815,816,N,7,0.0,3.947,2.524,4.973,3,False,,815 873 875
816,817,816,817,B,5,0.0,4.185,2.602,4.827,3,False,,758 760 818
817,818,817,818,N,7,0.0,4.185,2.602,4.973,3,False,,817 875 877
818,819,818,819,B,5,0.0,4.402,2.727,4.827,3,False,,760 762 820
819,820,819,820,N,7,0.0,4.402,2.727,4.973,3,False,,819 877 879
820,821,820,821,B,5,0.0,4.588,2.895,4.827,3,False,,762 764 822
821,822,821,822,N,7,0.0,4.588,2.895,4.973,3,False,,821 879 881
822,823,822,823,B,5,0.0,4.736,3.098,4.827,3,False,,764 766 824
823,824,823,824,N,7,0.0,4.736,3.098,4.973,3,False,,823 881 883
824,825,824,825,B,5,0.0,4.838,3.327,4.827,3,False,,766 768 826
825,826,825,826,N,7,0.0,4.838,3.327,4.973,3,False,,825 883 885
826,827,826,827,B,5,0.0,4.89,3.572,4.827,3,False,,768 770 828
827,828,827,828,N,7,0.0,4.89,3.572,4.973,3,False,,827 885 887
828,829,828,829,B,5,0.0,4.89,3.823,4.827,3,False,,770 772 830
829,830,829,830,N,7,0.0,4.89,3.823,4.973,3,False,,829 887 889
830,831,830,831,B,5,0.0,4.838,4.068,4.827,3,False,,772 774 832
831,832,831,832,N,7,0.0,4.838,4.068,4.973,3,False,,831 889 891
832,833,832,833,B,5,0.0,4.736,4.297,4.827,3,False,,774 776 834
833,834,833,834,N,7,0.0,4.736,4.297,4.973,3,False,,833 891 893
834,835,834,835,B,5,0.0,4.588,4.5,4.827,3,False,,776 778 836
835,836,835,836,N,7,0.0,4.588,4.5,4.973,3,False,,835 893 895
836,837,836,837,B,5,0.0,4.402,4.667,4.827,3,False,,778 780 838
837,838,837,838,N,7,0.0,4.402,4.667,4.973,3,False,,837 895 897
838,839,838,839,B,5,0.0,4.185,4.793,4.827,3,False,,722 780 840
839,840,839,840,N,7,0.0,4.185,4.793,4.973,3,False,,839 897 899
840,841,840,841,B,5,0.0,3.823,4.89,5.045,3,False,,782 784 842
841,842,841,842,N,7,0.0,3.823,4.89,5.19,3,False,,841 901 959
842,843,842,843,B,5,0.0,3.572,4.89,5.045,3,False,,784 786 844
843,844,843,844,N,7,0.0,3.572,4.89,5.19,3,False,,843 901 903
844,845,844,845,B,5,0.0,3.327,4.838,5.045,3,False,,786 788 846
845,846,845,846,N,7,0.0,3.327,4.838,5.19,3,False,,845 903 905
846,847,846,847,B,5,0.0,3.098,4.736,5.045,3,False,,788 790 848
847,848,847,848,N,7,0.0,3.098,4.736,5.19,3,False,,847 905 907
848,849,848,849,B,5,0.0,2.895,4.588,5.045,3,False,,790 792 850
849,850,849,850,N,7,0.0,2.895,4.588,5.19,3,False,,849 907 909
850,851,850,851,B,5,0.0,2.727,4.402,5.045,3,False,,792 794 852
851,852,851,852,N,7,0.0,2.727,4.402,5.19,3,False,,851 909 911
852,853,852,853,B,5,0.0,2.602,4.185,5.045,3,False,,794 796 854
853,854,853,854,N,7,0.0,2.602,4.185,5.19,3,False,,853 911 913
854,855,854,855,B,5,0.0,2.524,3.947,5.045,3,False,,796 798 856
855,856,855,856,N,7,0.0,2.524,3.947,5.19,3,False,,855 913 915
856,857,856,857,B,5,0.0,2.498,3.697,5.045,3,False,,798 800 858
857,858,857,858,N,7,0.0,2.498,3.697,5.19,3,False,,857 915 917
858,859,858,859,B,5,0.0,2.524,3.448,5.045,3,False,,800 802 860
859,860,859,860,N,7,0.0,2.524,3.448,5.19,3,False,,859 917 919
860,861,860,861,B,5,0.0,2.602,3.21,5.045,3,False,,802 804 862
861,862,861,862,N,7,0.0,2.602,3.21,5.19,3,False,,861 919 921
862,863,862,863,B,5,0.0,2.727,2.992,5.045,3,False,,804 806 864
863,864,863,864,N,7,0.0,2.727,2.992,5.19,3,False,,863 921 923
864,865,864,865,B,5,0.0,2.895,2.806,5.045,3,False,,806 808 866
865,866,865,866,N,7,0.0,2.895,2.806,5.19,3,False,,865 923 925
866,867,866,867,B,5,0.0,3.098,2.659,5.045,3,False,,808 810 868
867,868,867,868,N,7,0.0,3.098,2.659,5.19,3,False,,867 925 927
868,869,868,869,B,5,0.0,3.327,2.557,5.045,3,False,,810 812 870
869,870,869,870,N,7,0.0,3.327,2.557,5.19,3,False,,869 927 929
870,871,870,871,B,5,0.0,3.572,2.505,5.045,3,False,,812 814 872
871,872,871,872,N,7,0.0,3.572,2.505,5.19,3,False,,871 929 931
872,873,872,873,B,5,0.0,3.823,2.505,5.045,3,False,,814 816 874
873,874,873,874,N,7,0.0,3.823,2.505,5.19,3,False,,873 931 933
874,875,874,875,B,5,0.0,4.068,2.557,5.045,3,False,,816 818 876
875,876,875,876,N,7,0.0,4.068,2.557,5.19,3,False,,875 933 935
876,877,876,877,B,5,0.0,4.297,2.659,5.045,3,False,,818 820 878
877,878,877,878,N,7,0.0,4.297,2.659,5.19,3,False,,877 935 937
878,879,878,879,B,5,0.0,4.5,2.806,5.045,3,False,,820 822 880
879,880,879,880,N,7,0.0,4.5,2.806,5.19,3,False,,879 937 939
880,881,880,881,B,5,0.0,4.667,2.992,5.045,3,False,,822 824 882
881,882,881,882,N,7,0.0,4.667,2.992,5.19,3,False,,881 939 941
882,883,882,883,B,5,0.0,4.793,3.21,5.045,3,False,,824 826 884
883,884,883,884,N,7,0.0,4.793,3.21,5.19,3,False,,883 941 943
884,885,884,885,B,5,0.0,4.87,3.448,5.045,3,False,,826 828 886
885,886,885,886,N,7,0.0,4.87,3.448,5.19,3,False,,885 943 945
886,887,886,887,B,5,0.0,4.896,3.697,5.045,3,False,,828 830 888
887,888,887,888,N,7,0.0,4.896,3.697,5.19,3,False,,887 945 947
888,889,888,889,B,5,0.0,4.87,3.947,5.045,3,False,,830 832 890
889,890,889,890,N,7,0.0,4.87,3.947,5.19,3,False,,889 947 949
890,891,890,891,B,5,0.0,4.793,4.185,5.045,3,False,,832 834 892
891,892,891,892,N,7,0.0,4.793,4.185,5.19,3,False,,891 949 951
892,893,892,893,B,5,0.0,4.667,4.402,5.045,3,False,,834 836 894
893,894,893,894,N,7,0.0,4.667,4.402,5.19,3,False,,893 951 953
894,895,894,895,B,5,0.0,4.5,4.588,5.045,3,False,,836 838 896
895,896,895,896,N,7,0.0,4.5,4.588,5.19,3,False,,895 953 955
896,897,896,897,B,5,0.0,4.297,4.736,5.045,3,False,,838 840 898
897,898,897,898,N,7,0.0,4.297,4.736,5.19,3,False,,897 955 957
898,899,898,899,B,5,0.0,4.068,4.838,5.045,3,False,,782 840 900
899,900,899,900,N,7,0.0,4.068,4.838,5.19,3,False,,899 957 959
900,901,900,901,B,5,0.0,3.697,4.896,5.263,3,False,,842 844 902
901,902,901,902,N,7,0.0,3.697,4.896,5.408,3,False,,901 961 1019
902,903,902,903,B,5,0.0,3.448,4.87,5.263,3,False,,844 846 904
903,904,903,904,N,7,0.0,3.448,4.87,5.408,3,False,,903 961 963
904,905,904,905,B,5,0.0,3.21,4.793,5.263,3,False,,846 848 906
905,906,905,906,N,7,0.0,3.21,4.793,5.408,3,False,,905 963 965
906,907,906,907,B,5,0.0,2.992,4.667,5.263,3,False,,848 850 908
907,908,907,908,N,7,0.0,2.992,4.667,5.408,3,False,,907 965 967
908,909,908,909,B,5,0.0,2.806,4.5,5.263,3,False,,850 852 910
909,910,909,910,N,7,0.0,2.806,4.5,5.408,3,False,,909 967 969
910,911,910,911,B,5,0.0,2.659,4.297,5.263,3,False,,852 854 912
911,912,911,912,N,7,0.0,2.659,4.297,5.408,3,False,,911 969 971
912,913,912,913,B,5,0.0,2.557,4.068,5.263,3,False,,854 856 914
913,914,913,914,N,7,0.0,2.557,4.068,5.408,3,False,,913 971 973
914,915,914,915,B,5,0.0,2.505,3.823,5.263,3,False,,856 858 916
915,916,915,916,N,7,0.0,2.505,3.823,5.408,3,False,,915 973 975
916,917,916,917,B,5,0.0,2.505,3.572,5.263,3,False,,858 860 918
917,918,917,918,N,7,0.0,2.505,3.572,5.408,3,False,,917 975 977
918,919,918,919,B,5,0.0,2.557,3.327,5.263,3,False,,860 862 920
919,920,919,920,N,7,0.0,2.557,3.327,5.408,3,False,,919 977 979
920,921,920,921,B,5,0.0,2.659,3.098,5.263,3,False,,862 864 922
921,922,921,922,N,7,0.0,2.659,3.098,5.408,3,False,,921 979 981
922,923,922,923,B,5,0.0,2.806,2.895,5.263,3,False,,864 866 924
923,924,923,924,N,7,0.0,2.806,2.895,5.408,3,False,,923 981 983
924,925,924,925,B,5,0.0,2.992,2.727,5.263,3,False,,866 868 926
925,926,925,926,N,7,0.0,2.992,2.727,5.408,3,False,,925 983 985
926,927,926,927,B,5,0.0,3.21,2.602,5.263,3,False,,868 870 928
927,928,927,928,N,7,0.0,3.21,2.602,5.408,3,False,,927 985 987
928,929,928,929,B,5,0.0,3.448,2.524,5.263,3,False,,870 872 930
929,930,929,930,N,7,0.0,3.448,2.524,5.408,3,False,,929 987 989
930,931,930,931,B,5,0.0,3.697,2.498,5.263,3,False,,872 874 932
931,932,931,932,N,7,0.0,3.697,2.498,5.408,3,False,,931 989 991
932,933,932,933,B,5,0.0,3.947,2.524,5.263,3,False,,874 876 934
933,934,933,934,N,7,0.0,3.947,2.524,5.408,3,False,,933 991 993
934,935,934,935,B,5,0.0,4.185,2.602,5.263,3,False,,876 878 936
935,936,935,936,N,7,0.0,4.185,2.602,5.408,3,False,,935 993 995
936,937,936,937,B,5,0.0,4.402,2.727,5.263,3,False,,878 880 938
937,938,937,938,N,7,0.0,4.402,2.727,5.408,3,False,,937 995 997
938,939,938,939,B,5,0.0,4.588,2.895,5.263,3,False,,880 882 940
939,940,939,940,N,7,0.0,4.588,2.895,5.408,3,False,,939 997 999
940,941,940,941,B,5,0.0,4.736,3.098,5.263,3,False,,882 884 942
941,942,941,942,N,7,0.0,4.736,3.098,5.408,3,False,,941 999 1001
942,943,942,943,B,5,0.0,4.838,3.327,5.263,3,False,,884 886 944
943,944,943,944,N,7,0.0,4.838,3.327,5.408,3,False,,943 1001 1003
944,945,944,945,B,5,0.0,4.89,3.572,5.263,3,False,,886 888 946
945,946,945,946,N,7,0.0,4.89,3.572,5.408,3,False,,945 1003 1005
946,947,946,947,B,5,0.0,4.89,3.823,5.263,3,False,,888 890 948
947,948,947,948,N,7,0.0,4.89,3.823,5.408,3,False,,947 1005 1007
948,949,948,949,B,5,0.0,4.838,4.068,5.263,3,False,,890 892 950
949,950,949,950,N,7,0.0,4.838,4.068,5.408,3,False,,949 1007 1009
950,951,950,951,B,5,0.0,4.736,4.297,5.263,3,False,,892 894 952
951,952,951,952,N,7,0.0,4.736,4.297,5.408,3,False,,951 1009 1011
952,953,952,953,B,5,0.0,4.588,4.5,5.263,3,False,,894 896 954
953,954,953,954,N,7,0.0,4.588,4.5,5.408,3,False,,953 1011 1013
954,955,954,955,B,5,0.0,4.402,4.667,5.263,3,False,,896 898 956
955,956,955,956,N,7,0.0,4.402,4.667,5.408,3,False,,955 1013 1015
956,957,956,957,B,5,0.0,4.185,4.793,5.263,3,False,,898 900 958
957,958,957,958,N,7,0.0,4.185,4.793,5.408,3,False,,957 1015 1017
958,959,958,959,B,5,0.0,3.947,4.87,5.263,3,False,,842 900 960
959,960,959,960,N,7,0.0,3.947,4.87,5.408,3,False,,959 1017 1019
960,961,960,961,B,5,0.0,3.572,4.89,5.48,3,False,,902 904 962
961,962,961,962,N,7,0.0,3.572,4.89,5.625,3,False,,961 1021 1079
962,963,962,963,B,5,0.0,3.327,4.838,5.48,3,False,,904 906 964
963,964,963,964,N,7,0.0,3.327,4.838,5.625,3,False,,963 1021 1023
964,965,964,965,B,5,0.0,3.098,4.736,5.48,3,False,,906 908 966
965,966,965,966,N,7,0.0,3.098,4.736,5.625,3,False,,965 1023 1025
966,967,966,967,B,5,0.0,2.895,4.588,5.48,3,False,,908 910 968
967,968,967,968,N,7,0.0,2.895,4.588,5.625,3,False,,967 1025 1027
968,969,968,969,B,5,0.0,2.727,4.402,5.48,3,False,,910 912 970
969,970,969,970,N,7,0.0,2.727,4.402,5.625,3,False,,969 1027 1029
970,971,970,971,B,5,0.0,2.602,4.185,5.48,3,False,,912 914 972
971,972,971,972,N,7,0.0,2.602,4.185,5.625,3,False,,971 1029 1031
972,973,972,973,B,5,0.0,2.524,3.947,5.48,3,False,,914 916 974
973,974,973,974,N,7,0.0,2.524,3.947,5.625,3,False,,973 1031 1033
974,975,974,975,B,5,0.0,2.498,3.697,5.48,3,False,,916 918 976
975,976,975,976,N,7,0.0,2.498,3.697,5.625,3,False,,975 1033 1035
976,977,976,977,B,5,0.0,2.524,3.448,5.48,3,False,,918 920 978
977,978,977,978,N,7,0.0,2.524,3.448,5.625,3,False,,977 1035 1037
978,979,978,979,B,5,0.0,2.602,3.21,5.48,3,False,,920 922 980
979,980,979,980,N,7,0.0,2.602,3.21,5.625,3,False,,979 1037 1039
980,981,980,981,B,5,0.0,2.727,2.992,5.48,3,False,,922 924 982
981,982,981,982,N,7,0.0,2.727,2.992,5.625,3,False,,981 1039 1041
982,983,982,983,B,5,0.0,2.895,2.806,5.48,3,False,,924 926 984
983,984,983,984,N,7,0.0,2.895,2.806,5.625,3,False,,983 1041 1043
984,985,984,985,B,5,0.0,3.098,2.659,5.48,3,False,,926 928 986
985,986,985,986,N,7,0.0,3.098,2.659,5.625,3,False,,985 1043 1045
986,987,986,987,B,5,0.0,3.327,2.557,5.48,3,False,,928 930 988
987,988,987,988,N,7,0.0,3.327,2.557,5.625,3,False,,987 1045 1047
988,989,988,989,B,5,0.0,3.572,2.505,5.48,3,False,,930 932 990
989,990,989,990,N,7,0.0,3.572,2.505,5.625,3,False,,989 1047 1049
990,991,990,991,B,5,0.0,3.823,2.505,5.48,3,False,,932 934 992
991,992,991,992,N,7,0.0,3.823,2.505,5.625,3,False,,991 1049 1051
992,993,992,993,B,5,0.0,4.068,2.557,5.48,3,False,,934 936 994
993,994,993,994,N,7,0.0,4.068,2.557,5.625,3,False,,993 1051 1053
994,995,994,995,B,5,0.0,4.297,2.659,5.48,3,False,,936 938 996
995,996,995,996,N,7,0.0,4.297,2.659,5.625,3,False,,995 1053 1055
996,997,996,997,B,5,0.0,4.5,2.806,5.48,3,False,,938 940 998
997,998,997,998,N,7,0.0,4.5,2.806,5.625,3,False,,997 1055 1057
998,999,998,999,B,5,0.0,4.667,2.992,5.48,3,False,,940 942 1000
999,1000,999,1000,N,7,0.0,4.667,2.992,5.625,3,False,,999 1057 1059
1000,1001,1000,1001,B,5,0.0,4.793,3.21,5.48,3,False,,942 944 1002
1001,1002,1001,1002,N,7,0.0,4.793,3.21,5.625,3,False,,1001 1059 1061
1002,1003,1002,1003,B,5,0.0,4.87,3.448,5.48,3,False,,944 946 1004
1003,1004,1003,1004,N,7,0.0,4.87,3.448,5.625,3,False,,1003 1061 1063
1004,1005,1004,1005,B,5,0.0,4.896,3.697,5.48,3,False,,946 948 1006
1005,1006,1005,1006,N,7,0.0,4.896,3.697,5.625,3,False,,1005 1063 1065
1006,1007,1006,1007,B,5,0.0,4.87,3.947,5.48,3,False,,948 950 1008
1007,1008,1007,1008,N,7,0.0,4.87,3.947,5.625,3,False,,1007 1065 1067
1008,1009,1008,1009,B,5,0.0,4.793,4.185,5.48,3,False,,950 952 1010
1009,1010,1009,1010,N,7,0.0,4.793,4.185,5.625,3,False,,1009 1067 1069
1010,1011,1010,1011,B,5,0.0,4.667,4.402,5.48,3,False,,952 954 1012
1011,1012,1011,1012,N,7,0.0,4.667,4.402,5.625,3,False,,1011 1069 1071
1012,1013,1012,1013,B,5,0.0,4.5,4.588,5.48,3,False,,954 956 1014
1013,1014,1013,1014,N,7,0.0,4.5,4.588,5.625,3,False,,1013 1071 1073
1014,1015,1014,1015,B,5,0.0,4.297,4.736,5.48,3,False,,956 958 1016
1015,1016,1015,1016,N,7,0.0,4.297,4.736,5.625,3,False,,1015 1073 1075
1016,1017,1016,1017,B,5,0.0,4.068,4.838,5.48,3,False,,958 960 1018
1017,1018,1017,1018,N,7,0.0,4.068,4.838,5.625,3,False,,1017 1075 1077
1018,1019,1018,1019,B,5,0.0,3.823,4.89,5.48,3,False,,902 960 1020
1019,1020,1019,1020,N,7,0.0,3.823,4.89,5.625,3,False,,1019 1077 1079
1020,1021,1020,1021,B,5,0.0,3.448,4.87,5.697,3,False,,962 964 1022
1021,1022,1021,1022,N,7,0.0,3.448,4.87,5.842,3,False,,1021 1081 1139
1022,1023,1022,1023,B,5,0.0,3.21,4.793,5.697,3,False,,964 966 1024
1023,1024,1023,1024,N,7,0.0,3.21,4.793,5.842,3,False,,1023 1081 1083
1024,1025,1024,1025,B,5,0.0,2.992,4.667,5.697,3,False,,966 968 1026
1025,1026,1025,1026,N,7,0.0,2.992,4.667,5.842,3,False,,1025 1083 1085
1026,1027,1026,1027,B,5,0.0,2.806,4.5,5.697,3,False,,968 970 1028
1027,1028,1027,1028,N,7,0.0,2.806,4.5,5.842,3,False,,1027 1085 1087
1028,1029,1028,1029,B,5,0.0,2.659,4.297,5.697,3,False,,970 972 1030
1029,1030,1029,1030,N,7,0.0,2.659,4.297,5.842,3,False,,1029 1087 1089
1030,1031,1030,1031,B,5,0.0,2.557,4.068,5.697,3,False,,972 974 1032
1031,1032,1031,1032,N,7,0.0,2.557,4.068,5.842,3,False,,1031 1089 1091
1032,1033,1032,1033,B,5,0.0,2.505,3.823,5.697,3,False,,974 976 1034
1033,1034,1033,1034,N,7,0.0,2.505,3.823,5.842,3,False,,1033 1091 1093
1034,1035,1034,1035,B,5,0.0,2.505,3.572,5.697,3,False,,976 978 1036
1035,1036,1035,1036,N,7,0.0,2.505,3.572,5.842,3,False,,1035 1093 1095
1036,1037,1036,1037,B,5,0.0,2.557,3.327,5.697,3,False,,978 980 1038
1037,1038,1037,1038,N,7,0.0,2.557,3.327,5.842,3,False,,1037 1095 1097
1038,1039,1038,1039,B,5,0.0,2.659,3.098,5.697,3,False,,980 982 1040
1039,1040,1039,1040,N,7,0.0,2.659,3.098,5.842,3,False,,1039 1097 1099
1040,1041,1040,1041,B,5,0.0,2.806,2.895,5.697,3,False,,982 984 1042
1041,1042,1041,1042,N,7,0.0,2.806,2.895,5.842,3,False,,1041 1099 1101
1042,1043,1042,1043,B,5,0.0,2.992,2.727,5.697,3,False,,984 986 1044
1043,1044,1043,1044,N,7,0.0,2.992,2.727,5.842,3,False,,1043 1101 1103
1044,1045,1044,1045,B,5,0.0,3.21,2.602,5.697,3,False,,986 988 1046
1045,1046,1045,1046,N,7,0.0,3.21,2.602,5.842,3,False,,1045 1103 1105
1046,1047,1046,1047,B,5,0.0,3.448,2.524,5.697,3,False,,988 990 1048
1047,1048,1047,1048,N,7,0.0,3.448,2.524,5.842,3,False,,1047 1105 1107
1048,1049,1048,1049,B,5,0.0,3.697,2.498,5.697,3,False,,990 992 1050
1049,1050,1049,1050,N,7,0.0,3.697,2.498,5.842,3,False,,1049 1107 1109
1050,1051,1050,1051,B,5,0.0,3.947,2.524,5.697,3,False,,992 994 1052
1051,1052,1051,1052,N,7,0.0,3.947,2.524,5.842,3,False,,1051 1109 1111
1052,1053,1052,1053,B,5,0.0,4.185,2.602,5.697,3,False,,994 996 1054
1053,1054,1053,1054,N,7,0.0,4.185,2.602,5.842,3,False,,1053 1111 1113
1054,1055,1054,1055,B,5,0.0,4.402,2.727,5.697,3,False,,996 998 1056
1055,1056,1055,1056,N,7,0.0,4.402,2.727,5.842,3,False,,1055 1113 1115
1056,1057,1056,1057,B,5,0.0,4.588,2.895,5.697,3,False,,998 1000 1058
1057,1058,1057,1058,N,7,0.0,4.588,2.895,5.842,3,False,,1057 1115 1117
1058,1059,1058,1059,B,5,0.0,4.736,3.098,5.697,3,False,,1000 1002 1060
1059,1060,1059,1060,N,7,0.0,4.736,3.098,5.842,3,False,,1059 1117 1119
1060,1061,1060,1061,B,5,0.0,4.838,3.327,5.697,3,False,,1002 1004 1062
1061,1062,1061,1062,N,7,0.0,4.838,3.327,5.842,3,False,,1061 1119 1121
1062,1063,1062,1063,B,5,0.0,4.89,3.572,5.697,3,False,,1004 1006 1064
1063,1064,1063,1064,N,7,0.0,4.89,3.572,5.842,3,False,,1063 1121 1123
1064,1065,1064,1065,B,5,0.0,4.89,3.823,5.697,3,False,,1006 1008 1066
1065,1066,1065,1066,N,7,0.0,4.89,3.823,5.842,3,False,,1065 1123 1125
1066,1067,1066,1067,B,5,0.0,4.838,4.068,5.697,3,False,,1008 1010 1068
1067,1068,1067,1068,N,7,0.0,4.838,4.068,5.842,3,False,,1067 1125 1127
1068,1069,1068,1069,B,5,0.0,4.736,4.297,5.697,3,False,,1010 1012 1070
1069,1070,1069,1070,N,7,0.0,4.736,4.297,5.842,3,False,,1069 1127 1129
1070,1071,1070,1071,B,5,0.0,4.588,4.5,5.697,3,False,,1012 1014 1072
1071,1072,1071,1072,N,7,0.0,4.588,4.5,5.842,3,False,,1071 1129 1131
1072,1073,1072,1073,B,5,0.0,4.402,4.667,5.697,3,False,,1014 1016 1074
1073,1074,1073,1074,N,7,0.0,4.402,4.667,5.842,3,False,,1073 1131 1133
1074,1075,1074,1075,B,5,0.0,4.185,4.793,5.697,3,False,,1016 1018 1076
1075,1076,1075,1076,N,7,0.0,4.185,4.793,5.842,3,False,,1075 1133 1135
1076,1077,1076,1077,B,5,0.0,3.947,4.87,5.697,3,False,,1018 1020 1078
1077,1078,1077,1078,N,7,0.0,3.947,4.87,5.842,3,False,,1077 1135 1137
1078,1079,1078,1079,B,5,0.0,3.697,4.896,5.697,3,False,,962 1020 1080
1079,1080,1079,1080,N,7,0.0,3.697,4.896,5.842,3,False,,1079 1137 1139
1080,1081,1080,1081,B,5,0.0,3.327,4.838,5.915,3,False,,1022 1024 1082
1081,1082,1081,1082,N,7,0.0,3.327,4.838,6.06,3,False,,1081 1141 1199
1082,1083,1082,1083,B,5,0.0,3.098,4.736,5.915,3,False,,1024 1026 1084
1083,1084,1083,1084,N,7,0.0,3.098,4.736,6.06,3,False,,1083 1141 1143
1084,1085,1084,1085,B,5,0.0,2.895,4.588,5.915,3,False,,1026 1028 1086
1085,1086,1085,1086,N,7,0.0,2.895,4.588,6.06,3,False,,1085 1143 1145
1086,1087,1086,1087,B,5,0.0,2.727,4.402,5.915,3,False,,1028 1030 1088
1087,1088,1087,1088,N,7,0.0,2.727,4.402,6.06,3,False,,1087 1145 1147
1088,1089,1088,1089,B,5,0.0,2.602,4.185,5.915,3,False,,1030 1032 1090
1089,1090,1089,1090,N,7,0.0,2.602,4.185,6.06,3,False,,1089 1147 1149
1090,1091,1090,1091,B,5,0.0,2.524,3.947,5.915,3,False,,1032 1034 1092
1091,1092,1091,1092,N,7,0.0,2.524,3.947,6.06,3,False,,1091 1149 1151
1092,1093,1092,1093,B,5,0.0,2.498,3.697,5.915,3,False,,1034 1036 1094
1093,1094,1093,1094,N,7,0.0,2.498,3.697,6.06,3,False,,1093 1151 1153
1094,1095,1094,1095,B,5,0.0,2.524,3.448,5.915,3,False,,1036 1038 1096
1095,1096,1095,1096,N,7,0.0,2.524,3.448,6.06,3,False,,1095 1153 1155
1096,1097,1096,1097,B,5,0.0,2.602,3.21,5.915,3,False,,1038 1040 1098
1097,1098,1097,1098,N,7,0.0,2.602,3.21,6.06,3,False,,1097 1155 1157
1098,1099,1098,1099,B,5,0.0,2.727,2.992,5.915,3,False,,1040 1042 1100
1099,1100,1099,1100,N,7,0.0,2.727,2.992,6.06,3,False,,1099 1157 1159
1100,1101,1100,1101,B,5,0.0,2.895,2.806,5.915,3,False,,1042 1044 1102
1101,1102,1101,1102,N,7,0.0,2.895,2.806,6.06,3,False,,1101 1159 1161
1102,1103,1102,1103,B,5,0.0,3.098,2.659,5.915,3,False,,1044 1046 1104
1103,1104,1103,1104,N,7,0.0,3.098,2.659,6.06,3,False,,1103 1161 1163
1104,1105,1104,1105,B,5,0.0,3.327,2.557,5.915,3,False,,1046 1048 1106
1105,1106,1105,1106,N,7,0.0,3.327,2.557,6.06,3,False,,1105 1163 1165
1106,1107,1106,1107,B,5,0.0,3.572,2.505,5.915,3,False,,1048 1050 1108
1107,1108,1107,1108,N,7,0.0,3.572,2.505,6.06,3,False,,1107 1165 1167
1108,1109,1108,1109,B,5,0.0,3.823,2.505,5.915,3,False,,1050 1052 1110
1109,1110,1109,1110,N,7,0.0,3.823,2.505,6.06,3,False,,1109 1167 1169
1110,1111,1110,1111,B,5,0.0,4.068,2.557,5.915,3,False,,1052 1054 1112
1111,1112,1111,1112,N,7,0.0,4.068,2.557,6.06,3,False,,1111 1169 1171
1112,1113,1112,1113,B,5,0.0,4.297,2.659,5.915,3,False,,1054 1056 1114
1113,1114,1113,1114,N,7,0.0,4.297,2.659,6.06,3,False,,1113 1171 1173
1114,1115,1114,1115,B,5,0.0,4.5,2.806,5.915,3,False,,1056 1058 1116
1115,1116,1115,1116,N,7,0.0,4.5,2.806,6.06,3,False,,1115 1173 1175
1116,1117,1116,1117,B,5,0.0,4.667,2.992,5.915,3,False,,1058 1060 1118
1117,1118,1117,1118,N,7,0.0,4.667,2.992,6.06,3,False,,1117 1175 1177
1118,1119,1118,1119,B,5,0.0,4.793,3.21,5.915,3,False,,1060 1062 1120
1119,1120,1119,1120,N,7,0.0,4.793,3.21,6.06,3,False,,1119 1177 1179
1120,1121,1120,1121,B,5,0.0,4.87,3.448,5.915,3,False,,1062 1064 1122
1121,1122,1121,1122,N,7,0.0,4.87,3.448,6.06,3,False,,1121 1179 1181
1122,1123,1122,1123,B,5,0.0,4.896,3.697,5.915,3,False,,1064 1066 1124
1123,1124,1123,1124,N,7,0.0,4.896,3.697,6.06,3,False,,1123 1181 1183
1124,1125,1124,1125,B,5,0.0,4.87,3.947,5.915,3,False,,1066 1068 1126
1125,1126,1125,1126,N,7,0.0,4.87,3.947,6.06,3,False,,1125 1183 1185
1126,1127,1126,1127,B,5,0.0,4.793,4.185,5.915,3,False,,1068 1070 1128
1127,1128,1127,1128,N,7,0.0,4.793,4.185,6.06,3,False,,1127 1185 1187
1128,1129,1128,1129,B,5,0.0,4.667,4.402,5.915,3,False,,1070 1072 1130
1129,1130,1129,1130,N,7,0.0,4.667,4.402,6.06,3,False,,1129 1187 1189
1130,1131,1130,1131,B,5,0.0,4.5,4.588,5.915,3,False,,1072 1074 1132
1131,1132,1131,1132,N,7,0.0,4.5,4.588,6.06,3,False,,1131 1189 1191
1132,1133,1132,1133,B,5,0.0,4.297,4.736,5.915,3,False,,1074 1076 1134
1133,1134,1133,1134,N,7,0.0,4.297,4.736,6.06,3,False,,1133 1191 1193
1134,1135,1134,1135,B,5,0.0,4.068,4.838,5.915,3,False,,1076 1078 1136
1135,1136,1135,1136,N,7,0.0,4.068,4.838,6.06,3,False,,1135 1193 1195
1136,1137,1136,1137,B,5,0.0,3.823,4.89,5.915,3,False,,1078 1080 1138
1137,1138,1137,1138,N,7,0.0,3.823,4.89,6.06,3,False,,1137 1195 1197
1138,1139,1138,1139,B,5,0.0,3.572,4.89,5.915,3,False,,1022 1080 1140
1139,1140,1139,1140,N,7,0.0,3.572,4.89,6.06,3,False,,1139 1197 1199
1140,1141,1140,1141,B,5,0.0,3.21,4.793,6.133,3,False,,1082 1084 1142
1141,1142,1141,1142,N,7,0.0,3.21,4.793,6.277,3,False,,1141 1201 1259
1142,1143,1142,1143,B,5,0.0,2.992,4.667,6.133,3,False,,1084 1086 1144
1143,1144,1143,1144,N,7,0.0,2.992,4.667,6.277,3,False,,1143 1201 1203
1144,1145,1144,1145,B,5,0.0,2.806,4.5,6.133,3,False,,1086 1088 1146
1145,1146,1145,1146,N,7,0.0,2.806,4.5,6.277,3,False,,1145 1203 1205
1146,1147,1146,1147,B,5,0.0,2.659,4.297,6.133,3,False,,1088 1090 1148
1147,1148,1147,1148,N,7,0.0,2.659,4.297,6.277,3,False,,1147 1205 1207
1148,1149,1148,1149,B,5,0.0,2.557,4.068,6.133,3,False,,1090 1092 1150
1149,1150,1149,1150,N,7,0.0,2.557,4.068,6.277,3,False,,1149 1207 1209
1150,1151,1150,1151,B,5,0.0,2.505,3.823,6.133,3,False,,1092 1094 1152
1151,1152,1151,1152,N,7,0.0,2.505,3.823,6.277,3,False,,1151 1209 1211
1152,1153,1152,1153,B,5,0.0,2.505,3.572,6.133,3,False,,1094 1096 1154
1153,1154,1153,1154,N,7,0.0,2.505,3.572,6.277,3,False,,1153 1211 1213
1154,1155,1154,1155,B,5,0.0,2.557,3.327,6.133,3,False,,1096 1098 1156
1155,1156,1155,1156,N,7,0.0,2.557,3.327,6.277,3,False,,1155 1213 1215
1156,1157,1156,1157,B,5,0.0,2.659,3.098,6.133,3,False,,1098 1100 1158
1157,1158,1157,1158,N,7,0.0,2.659,3.098,6.277,3,False,,1157 1215 1217
1158,1159,1158,1159,B,5,0.0,2.806,2.895,6.133,3,False,,1100 1102 1160
1159,1160,1159,1160,N,7,0.0,2.806,2.895,6.277,3,False,,1159 1217 1219
1160,1161,1160,1161,B,5,0.0,2.992,2.727,6.133,3,False,,1102 1104 1162
1161,1162,1161,1162,N,7,0.0,2.992,2.727,6.277,3,False,,1161 1219 1221
1162,1163,1162,1163,B,5,0.0,3.21,2.602,6.133,3,False,,1104 1106 1164
1163,1164,1163,1164,N,7,0.0,3.21,2.602,6.277,3,False,,1163 1221 1223
1164,1165,1164,1165,B,5,0.0,3.448,2.524,6.133,3,False,,1106 1108 1166
1165,1166,1165,1166,N,7,0.0,3.448,2.524,6.277,3,False,,1165 1223 1225
1166,1167,1166,1167,B,5,0.0,3.697,2.498,6.133,3,False,,1108 1110 1168
1167,1168,1167,1168,N,7,0.0,3.697,2.498,6.277,3,False,,1167 1225 1227
1168,1169,1168,1169,B,5,0.0,3.947,2.524,6.133,3,False,,1110 1112 1170
1169,1170,1169,1170,N,7,0.0,3.947,2.524,6.277,3,False,,1169 1227 1229
1170,1171,1170,1171,B,5,0.0,4.185,2.602,6.133,3,False,,1112 1114 1172
1171,1172,1171,1172,N,7,0.0,4.185,2.602,6.277,3,False,,1171 1229 1231
1172,1173,1172,1173,B,5,0.0,4.402,2.727,6.133,3,False,,1114 1116 1174
1173,1174,1173,1174,N,7,0.0,4.402,2.727,6.277,3,False,,1173 1231 1233
1174,1175,1174,1175,B,5,0.0,4.588,2.895,6.133,3,False,,1116 1118 1176
1175,1176,1175,1176,N,7,0.0,4.588,2.895,6.277,3,False,,1175 1233 1235
1176,1177,1176,1177,B,5,0.0,4.736,3.098,6.133,3,False,,1118 1120 1178
1177,1178,1177,1178,N,7,0.0,4.736,3.098,6.277,3,False,,1177 1235 1237
1178,1179,1178,1179,B,5,0.0,4.838,3.327,6.133,3,False,,1120 1122 1180
1179,1180,1179,1180,N,7,0.0,4.838,3.327,6.277,3,False,,1179 1237 1239
1180,1181,1180,1181,B,5,0.0,4.89,3.572,6.133,3,False,,1122 1124 1182
1181,1182,1181,1182,N,7,0.0,4.89,3.572,6.277,3,False,,1181 1239 1241
1182,1183,1182,1183,B,5,0.0,4.89,3.823,6.133,3,False,,1124 1126 1184
1183,1184,1183,1184,N,7,0.0,4.89,3.823,6.277,3,False,,1183 1241 1243
1184,1185,1184,1185,B,5,0.0,4.838,4.068,6.133,3,False,,1126 1128 1186
1185,1186,1185,1186,N,7,0.0,4.838,4.068,6.277,3,False,,1185 1243 1245
1186,1187,1186,1187,B,5,0.0,4.736,4.297,6.133,3,False,,1128 1130 1188
1187,1188,1187,1188,N,7,0.0,4.736,4.297,6.277,3,False,,1187 1245 1247
1188,1189,1188,1189,B,5,0.0,4.588,4.5,6.133,3,False,,1130 1132 1190
1189,1190,1189,1190,N,7,0.0,4.588,4.5,6.277,3,False,,1189 1247 1249
1190,1191,1190,1191,B,5,0.0,4.402,4.667,6.133,3,False,,1132 1134 1192
1191,1192,1191,1192,N,7,0.0,4.402,4.667,6.277,3,False,,1191 1249 1251
1192,1193,1192,1193,B,5,0.0,4.185,4.793,6.133,3,False,,1134 1136 1194
1193,1194,1193,1194,N,7,0.0,4.185,4.793,6.277,3,False,,1193 1251 1253
1194,1195,1194,1195,B,5,0.0,3.947,4.87,6.133,3,False,,1136 1138 1196
1195,1196,1195,1196,N,7,0.0,3.947,4.87,6.277,3,False,,1195 1253 1255
1196,1197,1196,1197,B,5,0.0,3.697,4.896,6.133,3,False,,1138 1140 1198
1197,1198,1197,1198,N,7,0.0,3.697,4.896,6.277,3,False,,1197 1255 1257
1198,1199,1198,1199,B,5,0.0,3.448,4.87,6.133,3,False,,1082 1140 1200
1199,1200,1199,1200,N,7,0.0,3.448,4.87,6.277,3,False,,1199 1257 1259
1200,1201,1200,1201,B,5,0.0,3.098,4.736,6.35,3,False,,1142 1144 1202
1201,1202,1201,1202,N,7,0.0,3.098,4.736,6.495,3,False,,1201 1261 1319
1202,1203,1202,1203,B,5,0.0,2.895,4.588,6.35,3,False,,1144 1146 1204
1203,1204,1203,1204,N,7,0.0,2.895,4.588,6.495,3,False,,1203 1261 1263
1204,1205,1204,1205,B,5,0.0,2.727,4.402,6.35,3,False,,1146 1148 1206
1205,1206,1205,1206,N,7,0.0,2.727,4.402,6.495,3,False,,1205 1263 1265
1206,1207,1206,1207,B,5,0.0,2.602,4.185,6.35,3,False,,1148 1150 1208
1207,1208,1207,1208,N,7,0.0,2.602,4.185,6.495,3,False,,1207 1265 1267
1208,1209,1208,1209,B,5,0.0,2.524,3.947,6.35,3,False,,1150 1152 1210
1209,1210,1209,1210,N,7,0.0,2.524,3.947,6.495,3,False,,1209 1267 1269
1210,1211,1210,1211,B,5,0.0,2.498,3.697,6.35,3,False,,1152 1154 1212
1211,1212,1211,1212,N,7,0.0,2.498,3.697,6.495,3,False,,1211 1269 1271
1212,1213,1212,1213,B,5,0.0,2.524,3.448,6.35,3,False,,1154 1156 1214
1213,1214,1213,1214,N,7,0.0,2.524,3.448,6.495,3,False,,1213 1271 1273
1214,1215,1214,1215,B,5,0.0,2.602,3.21,6.35,3,False,,1156 1158 1216
1215,1216,1215,1216,N,7,0.0,2.602,3.21,6.495,3,False,,1215 1273 1275
1216,1217,1216,1217,B,5,0.0,2.727,2.992,6.35,3,False,,1158 1160 1218
1217,1218,1217,1218,N,7,0.0,2.727,2.992,6.495,3,False,,1217 1275 1277
1218,1219,1218,1219,B,5,0.0,2.895,2.806,6.35,3,False,,1160 1162 1220
1219,1220,1219,1220,N,7,0.0,2.895,2.806,6.495,3,False,,1219 1277 1279
1220,1221,1220,1221,B,5,0.0,3.098,2.659,6.35,3,False,,1162 1164 1222
1221,1222,1221,1222,N,7,0.0,3.098,2.659,6.495,3,False,,1221 1279 1281
1222,1223,1222,1223,B,5,0.0,3.327,2.557,6.35,3,False,,1164 1166 1224
1223,1224,1223,1224,N,7,0.0,3.327,2.557,6.495,3,False,,1223 1281 1283
1224,1225,1224,1225,B,5,0.0,3.572,2.505,6.35,3,False,,1166 1168 1226
1225,1226,1225,1226,N,7,0.0,3.572,2.505,6.495,3,False,,1225 1283 1285
1226,1227,1226,1227,B,5,0.0,3.823,2.505,6.35,3,False,,1168 1170 1228
1227,1228,1227,1228,N,7,0.0,3.823,2.505,6.495,3,False,,1227 1285 1287
1228,1229,1228,1229,B,5,0.0,4.068,2.557,6.35,3,False,,1170 1172 1230
1229,1230,1229,1230,N,7,0.0,4.068,2.557,6.495,3,False,,1229 1287 1289
1230,1231,1230,1231,B,5,0.0,4.297,2.659,6.35,3,False,,1172 1174 1232
1231,1232,1231,1232,N,7,0.0,4.297,2.659,6.495,3,False,,1231 1289 1291
1232,1233,1232,1233,B,5,0.0,4.5,2.806,6.35,3,False,,1174 1176 1234
1233,1234,1233,1234,N,7,0.0,4.5,2.806,6.495,3,False,,1233 1291 1293
1234,1235,1234,1235,B,5,0.0,4.667,2.992,6.35,3,False,,1176 1178 1236
1235,1236,1235,1236,N,7,0.0,4.667,2.992,6.495,3,False,,1235 1293 1295
1236,1237,1236,1237,B,5,0.0,4.793,3.21,6.35,3,False,,1178 1180 1238
1237,1238,1237,1238,N,7,0.0,4.793,3.21,6.495,3,False,,1237 1295 1297
1238,1239,1238,1239,B,5,0.0,4.87,3.448,6.35,3,False,,1180 1182 1240
1239,1240,1239,1240,N,7,0.0,4.87,3.448,6.495,3,False,,1239 1297 1299
1240,1241,1240,1241,B,5,0.0,4.896,3.697,6.35,3,False,,1182 1184 1242
1241,1242,1241,1242,N,7,0.0,4.896,3.697,6.495,3,False,,1241 1299 1301
1242,1243,1242,1243,B,5,0.0,4.87,3.947,6.35,3,False,,1184 1186 1244
1243,1244,1243,1244,N,7,0.0,4.87,3.947,6.495,3,False,,1243 1301 1303
1244,1245,1244,1245,B,5,0.0,4.793,4.185,6.35,3,False,,1186 1188 1246
1245,1246,1245,1246,N,7,0.0,4.793,4.185,6.495,3,False,,1245 1303 1305
1246,1247,1246,1247,B,5,0.0,4.667,4.402,6.35,3,False,,1188 1190 1248
1247,1248,1247,1248,N,7,0.0,4.667,4.402,6.495,3,False,,1247 1305 1307
1248,1249,1248,1249,B,5,0.0,4.5,4.588,6.35,3,False,,1190 1192 1250
1249,1250,1249,1250,N,7,0.0,4.5,4.588,6.495,3,False,,1249 1307 1309
1250,1251,1250,1251,B,5,0.0,4.297,4.736,6.35,3,False,,1192 1194 1252
1251,1252,1251,1252,N,7,0.0,4.297,4.736,6.495,3,False,,1251 1309 1311
1252,1253,1252,1253,B,5,0.0,4.068,4.838,6.35,3,False,,1194 1196 1254
1253,1254,1253,1254,N,7,0.0,4.068,4.838,6.495,3,False,,1253 1311 1313
1254,1255,1254,1255,B,5,0.0,3.823,4.89,6.35,3,False,,1196 1198 1256
1255,1256,1255,1256,N,7,0.0,3.823,4.89,6.495,3,False,,1255 1313 1315
1256,1257,1256,1257,B,5,0.0,3.572,4.89,6.35,3,False,,1198 1200 1258
1257,1258,1257,1258,N,7,0.0,3.572,4.89,6.495,3,False,,1257 1315 1317
1258,1259,1258,1259,B,5,0.0,3.327,4.838,6.35,3,False,,1142 1200 1260
1259,1260,1259,1260,N,7,0.0,3.327,4.838,6.495,3,False,,1259 1317 1319
1260,1261,1260,1261,B,5,0.0,2.992,4.667,6.567,3,False,,1202 1204 1262
1261,1262,1261,1262,N,7,0.0,2.992,4.667,6.713,3,False,,1261 1321 1379
1262,1263,1262,1263,B,5,0.0,2.806,4.5,6.567,3,False,,1204 1206 1264
1263,1264,1263,1264,N,7,0.0,2.806,4.5,6.713,3,False,,1263 1321 1323
1264,1265,1264,1265,B,5,0.0,2.659,4.297,6.567,3,False,,1206 1208 1266
1265,1266,1265,1266,N,7,0.0,2.659,4.297,6.713,3,False,,1265 1323 1325
1266,1267,1266,1267,B,5,0.0,2.557,4.068,6.567,3,False,,1208 1210 1268
1267,1268,1267,1268,N,7,0.0,2.557,4.068,6.713,3,False,,1267 1325 1327
1268,1269,1268,1269,B,5,0.0,2.505,3.823,6.567,3,False,,1210 1212 1270
1269,1270,1269,1270,N,7,0.0,2.505,3.823,6.713,3,False,,1269 1327 1329
1270,1271,1270,1271,B,5,0.0,2.505,3.572,6.567,3,False,,1212 1214 1272
1271,1272,1271,1272,N,7,0.0,2.505,3.572,6.713,3,False,,1271 1329 1331
1272,1273,1272,1273,B,5,0.0,2.557,3.327,6.567,3,False,,1214 1216 1274
1273,1274,1273,1274,N,7,0.0,2.557,3.327,6.713,3,False,,1273 1331 1333
1274,1275,1274,1275,B,5,0.0,2.659,3.098,6.567,3,False,,1216 1218 1276
1275,1276,1275,1276,N,7,0.0,2.659,3.098,6.713,3,False,,1275 1333 1335
1276,1277,1276,1277,B,5,0.0,2.806,2.895,6.567,3,False,,1218 1220 1278
1277,1278,1277,1278,N,7,0.0,2.806,2.895,6.713,3,False,,1277 1335 1337
1278,1279,1278,1279,B,5,0.0,2.992,2.727,6.567,3,False,,1220 1222 1280
1279,1280,1279,1280,N,7,0.0,2.992,2.727,6.713,3,False,,1279 1337 1339
1280,1281,1280,1281,B,5,0.0,3.21,2.602,6.567,3,False,,1222 1224 1282
1281,1282,1281,1282,N,7,0.0,3.21,2.602,6.713,3,False,,1281 1339 1341
1282,1283,1282,1283,B,5,0.0,3.448,2.524,6.567,3,False,,1224 1226 1284
1283,1284,1283,1284,N,7,0.0,3.448,2.524,6.713,3,False,,1283 1341 1343
1284,1285,1284,1285,B,5,0.0,3.697,2.498,6.567,3,False,,1226 1228 1286
1285,1286,1285,1286,N,7,0.0,3.697,2.498,6.713,3,False,,1285 1343 1345
1286,1287,1286,1287,B,5,0.0,3.947,2.524,6.567,3,False,,1228 1230 1288
1287,1288,1287,1288,N,7,0.0,3.947,2.524,6.713,3,False,,1287 1345 1347
1288,1289,1288,1289,B,5,0.0,4.185,2.602,6.567,3,False,,1230 1232 1290
1289,1290,1289,1290,N,7,0.0,4.185,2.602,6.713,3,False,,1289 1347 1349
1290,1291,1290,1291,B,5,0.0,4.402,2.727,6.567,3,False,,1232 1234 1292
1291,1292,1291,1292,N,7,0.0,4.402,2.727,6.713,3,False,,1291 1349 1351
1292,1293,1292,1293,B,5,0.0,4.588,2.895,6.567,3,False,,1234 1236 1294
1293,1294,1293,1294,N,7,0.0,4.588,2.895,6.713,3,False,,1293 1351 1353
1294,1295,1294,1295,B,5,0.0,4.736,3.098,6.567,3,False,,1236 1238 1296
1295,1296,1295,1296,N,7,0.0,4.736,3.098,6.713,3,False,,1295 1353 1355
1296,1297,1296,1297,B,5,0.0,4.838,3.327,6.567,3,False,,1238 1240 1298
1297,1298,1297,1298,N,7,0.0,4.838,3.327,6.713,3,False,,1297 1355 1357
1298,1299,1298,1299,B,5,0.0,4.89,3.572,6.567,3,False,,1240 1242 1300
1299,1300,1299,1300,N,7,0.0,4.89,3.572,6.713,3,False,,1299 1357 1359
1300,1301,1300,1301,B,5,0.0,4.89,3.823,6.567,3,False,,1242 1244 1302
1301,1302,1301,1302,N,7,0.0,4.89,3.823,6.713,3,False,,1301 1359 1361
1302,1303,1302,1303,B,5,0.0,4.838,4.068,6.567,3,False,,1244 1246 1304
1303,1304,1303,1304,N,7,0.0,4.838,4.068,6.713,3,False,,1303 1361 1363
1304,1305,1304,1305,B,5,0.0,4.736,4.297,6.567,3,False,,1246 1248 1306
1305,1306,1305,1306,N,7,0.0,4.736,4.297,6.713,3,False,,1305 1363 1365
1306,1307,1306,1307,B,5,0.0,4.588,4.5,6.567,3,False,,1248 1250 1308
1307,1308,1307,1308,N,7,0.0,4.588,4.5,6.713,3,False,,1307 1365 1367
1308,1309,1308,1309,B,5,0.0,4.402,4.667,6.567,3,False,,1250 1252 1310
1309,1310,1309,1310,N,7,0.0,4.402,4.667,6.713,3,False,,1309 1367 1369
1310,1311,1310,1311,B,5,0.0,4.185,4.793,6.567,3,False,,1252 1254 1312
1311,1312,1311,1312,N,7,0.0,4.185,4.793,6.713,3,False,,1311 1369 1371
1312,1313,1312,1313,B,5,0.0,3.947,4.87,6.567,3,False,,1254 1256 1314
1313,1314,1313,1314,N,7,0.0,3.947,4.87,6.713,3,False,,1313 1371 1373
1314,1315,1314,1315,B,5,0.0,3.697,4.896,6.567,3,False,,1256 1258 1316
1315,1316,1315,1316,N,7,0.0,3.697,4.896,6.713,3,False,,1315 1373 1375
1316,1317,1316,1317,B,5,0.0,3.448,4.87,6.567,3,False,,1258 1260 1318
1317,1318,1317,1318,N,7,0.0,3.448,4.87,6.713,3,False,,1317 1375 1377
1318,1319,1318,1319,B,5,0.0,3.21,4.793,6.567,3,False,,1202 1260 1320
1319,1320,1319,1320,N,7,0.0,3.21,4.793,6.713,3,False,,1319 1377 1379
1320,1321,1320,1321,B,5,0.0,2.895,4.588,6.785,3,False,,1262 1264 1322
1321,1322,1321,1322,N,7,0.0,2.895,4.588,6.93,3,False,,1321 1381 1439
1322,1323,1322,1323,B,5,0.0,2.727,4.402,6.785,3,False,,1264 1266 1324
1323,1324,1323,1324,N,7,0.0,2.727,4.402,6.93,3,False,,1323 1381 1383
1324,1325,1324,1325,B,5,0.0,2.602,4.185,6.785,3,False,,1266 1268 1326
1325,1326,1325,1326,N,7,0.0,2.602,4.185,6.93,3,False,,1325 1383 1385
1326,1327,1326,1327,B,5,0.0,2.524,3.947,6.785,3,False,,1268 1270 1328
1327,1328,1327,1328,N,7,0.0,2.524,3.947,6.93,3,False,,1327 1385 1387
1328,1329,1328,1329,B,5,0.0,2.498,3.697,6.785,3,False,,1270 1272 1330
1329,1330,1329,1330,N,7,0.0,2.498,3.697,6.93,3,False,,1329 1387 1389
1330,1331,1330,1331,B,5,0.0,2.524,3.448,6.785,3,False,,1272 1274 1332
1331,1332,1331,1332,N,7,0.0,2.524,3.448,6.93,3,False,,1331 1389 1391
1332,1333,1332,1333,B,5,0.0,2.602,3.21,6.785,3,False,,1274 1276 1334
1333,1334,1333,1334,N,7,0.0,2.602,3.21,6.93,3,False,,1333 1391 1393
1334,1335,1334,1335,B,5,0.0,2.727,2.992,6.785,3,False,,1276 1278 1336
1335,1336,1335,1336,N,7,0.0,2.727,2.992,6.93,3,False,,1335 1393 1395
1336,1337,1336,1337,B,5,0.0,2.895,2.806,6.785,3,False,,1278 1280 1338
1337,1338,1337,1338,N,7,0.0,2.895,2.806,6.93,3,False,,1337 1395 1397
1338,1339,1338,1339,B,5,0.0,3.098,2.659,6.785,3,False,,1280 1282 1340
1339,1340,1339,1340,N,7,0.0,3.098,2.659,6.93,3,False,,1339 1397 1399
1340,1341,1340,1341,B,5,0.0,3.327,2.557,6.785,3,False,,1282 1284 1342
1341,1342,1341,1342,N,7,0.0,3.327,2.557,6.93,3,False,,1341 1399 1401
1342,1343,1342,1343,B,5,0.0,3.572,2.505,6.785,3,False,,1284 1286 1344
1343,1344,1343,1344,N,7,0.0,3.572,2.505,6.93,3,False,,1343 1401 1403
1344,1345,1344,1345,B,5,0.0,3.823,2.505,6.785,3,False,,1286 1288 1346
1345,1346,1345,1346,N,7,0.0,3.823,2.505,6.93,3,False,,1345 1403 1405
1346,1347,1346,1347,B,5,0.0,4.068,2.557,6.785,3,False,,1288 1290 1348
1347,1348,1347,1348,N,7,0.0,4.068,2.557,6.93,3,False,,1347 1405 1407
1348,1349,1348,1349,B,5,0.0,4.297,2.659,6.785,3,False,,1290 1292 1350
1349,1350,1349,1350,N,7,0.0,4.297,2.659,6.93,3,False,,1349 1407 1409
1350,1351,1350,1351,B,5,0.0,4.5,2.806,6.785,3,False,,1292 1294 1352
1351,1352,1351,1352,N,7,0.0,4.5,2.806,6.93,3,False,,1351 1409 1411
1352,1353,1352,1353,B,5,0.0,4.667,2.992,6.785,3,False,,1294 1296 1354
1353,1354,1353,1354,N,7,0.0,4.667,2.992,6.93,3,False,,1353 1411 1413
1354,1355,1354,1355,B,5,0.0,4.793,3.21,6.785,3,False,,1296 1298 1356
1355,1356,1355,1356,N,7,0.0,4.793,3.21,6.93,3,False,,1355 1413 1415
1356,1357,1356,1357,B,5,0.0,4.87,3.448,6.785,3,False,,1298 1300 1358
1357,1358,1357,1358,N,7,0.0,4.87,3.448,6.93,3,False,,1357 1415 1417
1358,1359,1358,1359,B,5,0.0,4.896,3.697,6.785,3,False,,1300 1302 1360
1359,1360,1359,1360,N,7,0.0,4.896,3.697,6.93,3,False,,1359 1417 1419
1360,1361,1360,1361,B,5,0.0,4.87,3.947,6.785,3,False,,1302 1304 1362
1361,1362,1361,1362,N,7,0.0,4.87,3.947,6.93,3,False,,1361 1419 1421
1362,1363,1362,1363,B,5,0.0,4.793,4.185,6.785,3,False,,1304 1306 1364
1363,1364,1363,1364,N,7,0.0,4.793,4.185,6.93,3,False,,1363 1421 1423
1364,1365,1364,1365,B,5,0.0,4.667,4.402,6.785,3,False,,1306 1308 1366
1365,1366,1365,1366,N,7,0.0,4.667,4.402,6.93,3,False,,1365 1423 1425
1366,1367,1366,1367,B,5,0.0,4.5,4.588,6.785,3,False,,1308 1310 1368
1367,1368,1367,1368,N,7,0.0,4.5,4.588,6.93,3,False,,1367 1425 1427
1368,1369,1368,1369,B,5,0.0,4.297,4.736,6.785,3,False,,1310 1312 1370
1369,1370,1369,1370,N,7,0.0,4.297,4.736,6.93,3,False,,1369 1427 1429
1370,1371,1370,1371,B,5,0.0,4.068,4.838,6.785,3,False,,1312 1314 1372
1371,1372,1371,1372,N,7,0.0,4.068,4.838,6.93,3,False,,1371 1429 1431
1372,1373,1372,1373,B,5,0.0,3.823,4.89,6.785,3,False,,1314 1316 1374
1373,1374,1373,1374,N,7,0.0,3.823,4.89,6.93,3,False,,1373 1431 1433
1374,1375,1374,1375,B,5,0.0,3.572,4.89,6.785,3,False,,1316 1318 1376
1375,1376,1375,1376,N,7,0.0,3.572,4.89,6.93,3,False,,1375 1433 1435
1376,1377,1376,1377,B,5,0.0,3.327,4.838,6.785,3,False,,1318 1320 1378
1377,1378,1377,1378,N,7,0.0,3.327,4.838,6.93,3,False,,1377 1435 1437
1378,1379,1378,1379,B,5,0.0,3.098,4.736,6.785,3,False,,1262 1320 1380
1379,1380,1379,1380,N,7,0.0,3.098,4.736,6.93,3,False,,1379 1437 1439
1380,1381,1380,1381,B,5,0.0,2.806,4.5,7.002,3,False,,1322 1324 1382
1381,1382,1381,1382,N,7,0.0,2.806,4.5,7.147,3,False,,1381 1441 1499
1382,1383,1382,1383,B,5,0.0,2.659,4.297,7.002,3,False,,1324 1326 1384
1383,1384,1383,1384,N,7,0.0,2.659,4.297,7.147,3,False,,1383 1441 1443
1384,1385,1384,1385,B,5,0.0,2.557,4.068,7.002,3,False,,1326 1328 1386
1385,1386,1385,1386,N,7,0.0,2.557,4.068,7.147,3,False,,1385 1443 1445
1386,1387,1386,1387,B,5,0.0,2.505,3.823,7.002,3,False,,1328 1330 1388
1387,1388,1387,1388,N,7,0.0,2.505,3.823,7.147,3,False,,1387 1445 1447
1388,1389,1388,1389,B,5,0.0,2.505,3.572,7.002,3,False,,1330 1332 1390
1389,1390,1389,1390,N,7,0.0,2.505,3.572,7.147,3,False,,1389 1447 1449
1390,1391,1390,1391,B,5,0.0,2.557,3.327,7.002,3,False,,1332 1334 1392
1391,1392,1391,1392,N,7,0.0,2.557,3.327,7.147,3,False,,1391 1449 1451
1392,1393,1392,1393,B,5,0.0,2.659,3.098,7.002,3,False,,1334 1336 1394
1393,1394,1393,1394,N,7,0.0,2.659,3.098,7.147,3,False,,1393 1451 1453
1394,1395,1394,1395,B,5,0.0,2.806,2.895,7.002,3,False,,1336 1338 1396
1395,1396,1395,1396,N,7,0.0,2.806,2.895,7.147,3,False,,1395 1453 1455
1396,1397,1396,1397,B,5,0.0,2.992,2.727,7.002,3,False,,1338 1340 1398
1397,1398,1397,1398,N,7,0.0,2.992,2.727,7.147,3,False,,1397 1455 1457
1398,1399,1398,1399,B,5,0.0,3.21,2.602,7.002,3,False,,1340 1342 1400
1399,1400,1399,1400,N,7,0.0,3.21,2.602,7.147,3,False,,1399 1457 1459
1400,1401,1400,1401,B,5,0.0,3.448,2.524,7.002,3,False,,1342 1344 1402
1401,1402,1401,1402,N,7,0.0,3.448,2.524,7.147,3,False,,1401 1459 1461
1402,1403,1402,1403,B,5,0.0,3.697,2.498,7.002,3,False,,1344 1346 1404
1403,1404,1403,1404,N,7,0.0,3.697,2.498,7.147,3,False,,1403 1461 1463
1404,1405,1404,1405,B,5,0.0,3.947,2.524,7.002,3,False,,1346 1348 1406
1405,1406,1405,1406,N,7,0.0,3.947,2.524,7.147,3,False,,1405 1463 1465
1406,1407,1406,1407,B,5,0.0,4.185,2.602,7.002,3,False,,1348 1350 1408
1407,1408,1407,1408,N,7,0.0,4.185,2.602,7.147,3,False,,1407 1465 1467
1408,1409,1408,1409,B,5,0.0,4.402,2.727,7.002,3,False,,1350 1352 1410
1409,1410,1409,1410,N,7,0.0,4.402,2.727,7.147,3,False,,1409 1467 1469
1410,1411,1410,1411,B,5,0.0,4.588,2.895,7.002,3,False,,1352 1354 1412
1411,1412,1411,1412,N,7,0.0,4.588,2.895,7.147,3,False,,1411 1469 1471
1412,1413,1412,1413,B,5,0.0,4.736,3.098,7.002,3,False,,1354 1356 1414
1413,1414,1413,1414,N,7,0.0,4.736,3.098,7.147,3,False,,1413 1471 1473
1414,1415,1414,1415,B,5,0.0,4.838,3.327,7.002,3,False,,1356 1358 1416
1415,1416,1415,1416,N,7,0.0,4.838,3.327,7.147,3,False,,1415 1473 1475
1416,1417,1416,1417,B,5,0.0,4.89,3.572,7.002,3,False,,1358 1360 1418
1417,1418,1417,1418,N,7,0.0,4.89,3.572,7.147,3,False,,1417 1475 1477
1418,1419,1418,1419,B,5,0.0,4.89,3.823,7.002,3,False,,1360 1362 1420
1419,1420,1419,1420,N,7,0.0,4.89,3.823,7.147,3,False,,1419 1477 1479
1420,1421,1420,1421,B,5,0.0,4.838,4.068,7.002,3,False,,1362 1364 1422
1421,1422,1421,1422,N,7,0.0,4.838,4.068,7.147,3,False,,1421 1479 1481
1422,1423,1422,1423,B,5,0.0,4.736,4.297,7.002,3,False,,1364 1366 1424
1423,1424,1423,1424,N,7,0.0,4.736,4.297,7.147,3,False,,1423 1481 1483
1424,1425,1424,1425,B,5,0.0,4.588,4.5,7.002,3,False,,1366 1368 1426
1425,1426,1425,1426,N,7,0.0,4.588,4.5,7.147,3,False,,1425 1483 1485
1426,1427,1426,1427,B,5,0.0,4.402,4.667,7.002,3,False,,1368 1370 1428
1427,1428,1427,1428,N,7,0.0,4.402,4.667,7.147,3,False,,1427 1485 1487
1428,1429,1428,1429,B,5,0.0,4.185,4.793,7.002,3,False,,1370 1372 1430
1429,1430,1429,1430,N,7,0.0,4.185,4.793,7.147,3,False,,1429 1487 1489
1430,1431,1430,1431,B,5,0.0,3.947,4.87,7.002,3,False,,1372 1374 1432
1431,1432,1431,1432,N,7,0.0,3.947,4.87,7.147,3,False,,1431 1489 1491
1432,1433,1432,1433,B,5,0.0,3.697,4.896,7.002,3,False,,1374 1376 1434
1433,1434,1433,1434,N,7,0.0,3.697,4.896,7.147,3,False,,1433 1491 1493
1434,1435,1434,1435,B,5,0.0,3.448,4.87,7.002,3,False,,1376 1378 1436
1435,1436,1435,1436,N,7,0.0,3.448,4.87,7.147,3,False,,1435 1493 1495
1436,1437,1436,1437,B,5,0.0,3.21,4.793,7.002,3,False,,1378 1380 1438
1437,1438,1437,1438,N,7,0.0,3.21,4.793,7.147,3,False,,1437 1495 1497
1438,1439,1438,1439,B,5,0.0,2.992,4.667,7.002,3,False,,1322 1380 1440
1439,1440,1439,1440,N,7,0.0,2.992,4.667,7.147,3,False,,1439 1497 1499
1440,1441,1440,1441,B,5,0.0,2.727,4.402,7.22,3,False,,1382 1384 1442
1441,1442,1441,1442,N,7,0.0,2.727,4.402,7.365,3,False,,1441 1501 1559
1442,1443,1442,1443,B,5,0.0,2.602,4.185,7.22,3,False,,1384 1386 1444
1443,1444,1443,1444,N,7,0.0,2.602,4.185,7.365,3,False,,1443 1501 1503
1444,1445,1444,1445,B,5,0.0,2.524,3.947,7.22,3,False,,1386 1388 1446
1445,1446,1445,1446,N,7,0.0,2.524,3.947,7.365,3,False,,1445 1503 1505
1446,1447,1446,1447,B,5,0.0,2.498,3.697,7.22,3,False,,1388 1390 1448
1447,1448,1447,1448,N,7,0.0,2.498,3.697,7.365,3,False,,1447 1505 1507
1448,1449,1448,1449,B,5,0.0,2.524,3.448,7.22,3,False,,1390 1392 1450
1449,1450,1449,1450,N,7,0.0,2.524,3.448,7.365,3,False,,1449 1507 1509
1450,1451,1450,1451,B,5,0.0,2.602,3.21,7.22,3,False,,1392 1394 1452
1451,1452,1451,1452,N,7,0.0,2.602,3.21,7.365,3,False,,1451 1509 1511
1452,1453,1452,1453,B,5,0.0,2.727,2.992,7.22,3,False,,1394 1396 1454
1453,1454,1453,1454,N,7,0.0,2.727,2.992,7.365,3,False,,1453 1511 1513
1454,1455,1454,1455,B,5,0.0,2.895,2.806,7.22,3,False,,1396 1398 1456
1455,1456,1455,1456,N,7,0.0,2.895,2.806,7.365,3,False,,1455 1513 1515
1456,1457,1456,1457,B,5,0.0,3.098,2.659,7.22,3,False,,1398 1400 1458
1457,1458,1457,1458,N,7,0.0,3.098,2.659,7.365,3,False,,1457 1515 1517
1458,1459,1458,1459,B,5,0.0,3.327,2.557,7.22,3,False,,1400 1402 1460
1459,1460,1459,1460,N,7,0.0,3.327,2.557,7.365,3,False,,1459 1517 1519
1460,1461,1460,1461,B,5,0.0,3.572,2.505,7.22,3,False,,1402 1404 1462
1461,1462,1461,1462,N,7,0.0,3.572,2.505,7.365,3,False,,1461 1519 1521
1462,1463,1462,1463,B,5,0.0,3.823,2.505,7.22,3,False,,1404 1406 1464
1463,1464,1463,1464,N,7,0.0,3.823,2.505,7.365,3,False,,1463 1521 1523
1464,1465,1464,1465,B,5,0.0,4.068,2.557,7.22,3,False,,1406 1408 1466
1465,1466,1465,1466,N,7,0.0,4.068,2.557,7.365,3,False,,1465 1523 1525
1466,1467,1466,1467,B,5,0.0,4.297,2.659,7.22,3,False,,1408 1410 1468
1467,1468,1467,1468,N,7,0.0,4.297,2.659,7.365,3,False,,1467 1525 1527
1468,1469,1468,1469,B,5,0.0,4.5,2.806,7.22,3,False,,1410 1412 1470
1469,1470,1469,1470,N,7,0.0,4.5,2.806,7.365,3,False,,1469 1527 1529
1470,1471,1470,1471,B,5,0.0,4.667,2.992,7.22,3,False,,1412 1414 1472
1471,1472,1471,1472,N,7,0.0,4.667,2.992,7.365,3,False,,1471 1529 1531
1472,1473,1472,1473,B,5,0.0,4.793,3.21,7.22,3,False,,1414 1416 1474
1473,1474,1473,1474,N,7,0.0,4.793,3.21,7.365,3,False,,1473 1531 1533
1474,1475,1474,1475,B,5,0.0,4.87,3.448,7.22,3,False,,1416 1418 1476
1475,1476,1475,1476,N,7,0.0,4.87,3.448,7.365,3,False,,1475 1533 1535
1476,1477,1476,1477,B,5,0.0,4.896,3.697,7.22,3,False,,1418 1420 1478
1477,1478,1477,1478,N,7,0.0,4.896,3.697,7.365,3,False,,1477 1535 1537
1478,1479,1478,1479,B,5,0.0,4.87,3.947,7.22,3,False,,1420 1422 1480
1479,1480,1479,1480,N,7,0.0,4.87,3.947,7.365,3,False,,1479 1537 1539
1480,1481,1480,1481,B,5,0.0,4.793,4.185,7.22,3,False,,1422 1424 1482
1481,1482,1481,1482,N,7,0.0,4.793,4.185,7.365,3,False,,1481 1539 1541
1482,1483,1482,1483,B,5,0.0,4.667,4.402,7.22,3,False,,1424 1426 1484
1483,1484,1483,1484,N,7,0.0,4.667,4.402,7.365,3,False,,1483 1541 1543
1484,1485,1484,1485,B,5,0.0,4.5,4.588,7.22,3,False,,1426 1428 1486
1485,1486,1485,1486,N,7,0.0,4.5,4.588,7.365,3,False,,1485 1543 1545
1486,1487,1486,1487,B,5,0.0,4.297,4.736,7.22,3,False,,1428 1430 1488
1487,1488,1487,1488,N,7,0.0,4.297,4.736,7.365,3,False,,1487 1545 1547
1488,1489,1488,1489,B,5,0.0,4.068,4.838,7.22,3,False,,1430 1432 1490
1489,1490,1489,1490,N,7,0.0,4.068,4.838,7.365,3,False,,1489 1547 1549
1490,1491,1490,1491,B,5,0.0,3.823,4.89,7.22,3,False,,1432 1434 1492
1491,1492,1491,1492,N,7,0.0,3.823,4.89,7.365,3,False,,1491 1549 1551
1492,1493,1492,1493,B,5,0.0,3.572,4.89,7.22,3,False,,1434 1436 1494
1493,1494,1493,1494,N,7,0.0,3.572,4.89,7.365,3,False,,1493 1551 1553
1494,1495,1494,1495,B,5,0.0,3.327,4.838,7.22,3,False,,1436 1438 1496
1495,1496,1495,1496,N,7,0.0,3.327,4.838,7.365,3,False,,1495 1553 1555
1496,1497,1496,1497,B,5,0.0,3.098,4.736,7.22,3,False,,1438 1440 1498
1497,1498,1497,1498,N,7,0.0,3.098,4.736,7.365,3,False,,1497 1555 1557
1498,1499,1498,1499,B,5,0.0,2.895,4.588,7.22,3,False,,1382 1440 1500
1499,1500,1499,1500,N,7,0.0,2.895,4.588,7.365,3,False,,1499 1557 1559
1500,1501,1500,1501,B,5,0.0,2.659,4.297,7.438,3,False,,1442 1444 1502
1501,1502,1501,1502,N,7,0.0,2.659,4.297,7.583,3,False,,1501 1561 1619
1502,1503,1502,1503,B,5,0.0,2.557,4.068,7.438,3,False,,1444 1446 1504
1503,1504,1503,1504,N,7,0.0,2.557,4.068,7.583,3,False,,1503 1561 1563
1504,1505,1504,1505,B,5,0.0,2.505,3.823,7.438,3,False,,1446 1448 1506
1505,1506,1505,1506,N,7,0.0,2.505,3.823,7.583,3,False,,1505 1563 1565
1506,1507,1506,1507,B,5,0.0,2.505,3.572,7.438,3,False,,1448 1450 1508
1507,1508,1507,1508,N,7,0.0,2.505,3.572,7.583,3,False,,1507 1565 1567
1508,1509,1508,1509,B,5,0.0,2.557,3.327,7.438,3,False,,1450 1452 1510
1509,1510,1509,1510,N,7,0.0,2.557,3.327,7.583,3,False,,1509 1567 1569
1510,1511,1510,1511,B,5,0.0,2.659,3.098,7.438,3,False,,1452 1454 1512
1511,1512,1511,1512,N,7,0.0,2.659,3.098,7.583,3,False,,1511 1569 1571
1512,1513,1512,1513,B,5,0.0,2.806,2.895,7.438,3,False,,1454 1456 1514
1513,1514,1513,1514,N,7,0.0,2.806,2.895,7.583,3,False,,1513 1571 1573
1514,1515,1514,1515,B,5,0.0,2.992,2.727,7.438,3,False,,1456 1458 1516
1515,1516,1515,1516,N,7,0.0,2.992,2.727,7.583,3,False,,1515 1573 1575
1516,1517,1516,1517,B,5,0.0,3.21,2.602,7.438,3,False,,1458 1460 1518
1517,1518,1517,1518,N,7,0.0,3.21,2.602,7.583,3,False,,1517 1575 1577
1518,1519,1518,1519,B,5,0.0,3.448,2.524,7.438,3,False,,1460 1462 1520
1519,1520,1519,1520,N,7,0.0,3.448,2.524,7.583,3,False,,1519 1577 1579
1520,1521,1520,1521,B,5,0.0,3.697,2.498,7.438,3,False,,1462 1464 1522
1521,1522,1521,1522,N,7,0.0,3.697,2.498,7.583,3,False,,1521 1579 1581
1522,1523,1522,1523,B,5,0.0,3.947,2.524,7.438,3,False,,1464 1466 1524
1523,1524,1523,1524,N,7,0.0,3.947,2.524,7.583,3,False,,1523 1581 1583
1524,1525,1524,1525,B,5,0.0,4.185,2.602,7.438,3,False,,1466 1468 1526
1525,1526,1525,1526,N,7,0.0,4.185,2.602,7.583,3,False,,1525 1583 1585
1526,1527,1526,1527,B,5,0.0,4.402,2.727,7.438,3,False,,1468 1470 1528
1527,1528,1527,1528,N,7,0.0,4.402,2.727,7.583,3,False,,1527 1585 1587
1528,1529,1528,1529,B,5,0.0,4.588,2.895,7.438,3,False,,1470 1472 1530
1529,1530,1529,1530,N,7,0.0,4.588,2.895,7.583,3,False,,1529 1587 1589
1530,1531,1530,1531,B,5,0.0,4.736,3.098,7.438,3,False,,1472 1474 1532
1531,1532,1531,1532,N,7,0.0,4.736,3.098,7.583,3,False,,1531 1589 1591
1532,1533,1532,1533,B,5,0.0,4.838,3.327,7.438,3,False,,1474 1476 1534
1533,1534,1533,1534,N,7,0.0,4.838,3.327,7.583,3,False,,1533 1591 1593
1534,1535,1534,1535,B,5,0.0,4.89,3.572,7.438,3,False,,1476 1478 1536
1535,1536,1535,1536,N,7,0.0,4.89,3.572,7.583,3,False,,1535 1593 1595
1536,1537,1536,1537,B,5,0.0,4.89,3.823,7.438,3,False,,1478 1480 1538
1537,1538,1537,1538,N,7,0.0,4.89,3.823,7.583,3,False,,1537 1595 1597
1538,1539,1538,1539,B,5,0.0,4.838,4.068,7.438,3,False,,1480 1482 1540
1539,1540,1539,1540,N,7,0.0,4.838,4.068,7.583,3,False,,1539 1597 1599
1540,1541,1540,1541,B,5,0.0,4.736,4.297,7.438,3,False,,1482 1484 1542
1541,1542,1541,1542,N,7,0.0,4.736,4.297,7.583,3,False,,1541 1599 1601
1542,1543,1542,1543,B,5,0.0,4.588,4.5,7.438,3,False,,1484 1486 1544
1543,1544,1543,1544,N,7,0.0,4.588,4.5,7.583,3,False,,1543 1601 1603
1544,1545,1544,1545,B,5,0.0,4.402,4.667,7.438,3,False,,1486 1488 1546
1545,1546,1545,1546,N,7,0.0,4.402,4.667,7.583,3,False,,1545 1603 1605
1546,1547,1546,1547,B,5,0.0,4.185,4.793,7.438,3,False,,1488 1490 1548
1547,1548,1547,1548,N,7,0.0,4.185,4.793,7.583,3,False,,1547 1605 1607
1548,1549,1548,1549,B,5,0.0,3.947,4.87,7.438,3,False,,1490 1492 1550
1549,1550,1549,1550,N,7,0.0,3.947,4.87,7.583,3,False,,1549 1607 1609
1550,1551,1550,1551,B,5,0.0,3.697,4.896,7.438,3,False,,1492 1494 1552
1551,1552,1551,1552,N,7,0.0,3.697,4.896,7.583,3,False,,1551 1609 1611
1552,1553,1552,1553,B,5,0.0,3.448,4.87,7.438,3,False,,1494 1496 1554
1553,1554,1553,1554,N,7,0.0,3.448,4.87,7.583,3,False,,1553 1611 1613
1554,1555,1554,1555,B,5,0.0,3.21,4.793,7.438,3,False,,1496 1498 1556
1555,1556,1555,1556,N,7,0.0,3.21,4.793,7.583,3,False,,1555 1613 1615
1556,1557,1556,1557,B,5,0.0,2.992,4.667,7.438,3,False,,1498 1500 1558
1557,1558,1557,1558,N,7,0.0,2.992,4.667,7.583,3,False,,1557 1615 1617
1558,1559,1558,1559,B,5,0.0,2.806,4.5,7.438,3,False,,1442 1500 1560
1559,1560,1559,1560,N,7,0.0,2.806,4.5,7.583,3,False,,1559 1617 1619
1560,1561,1560,1561,B,5,0.0,2.602,4.185,7.655,3,False,,1502 1504 1562
1561,1562,1561,1562,N,7,0.0,2.602,4.185,7.8,3,False,,1561 1621 1679
1562,1563,1562,1563,B,5,0.0,2.524,3.947,7.655,3,False,,1504 1506 1564
1563,1564,1563,1564,N,7,0.0,2.524,3.947,7.8,3,False,,1563 1621 1623
1564,1565,1564,1565,B,5,0.0,2.498,3.697,7.655,3,False,,1506 1508 1566
1565,1566,1565,1566,N,7,0.0,2.498,3.697,7.8,3,False,,1565 1623 1625
1566,1567,1566,1567,B,5,0.0,2.524,3.448,7.655,3,False,,1508 1510 1568
1567,1568,1567,1568,N,7,0.0,2.524,3.448,7.8,3,False,,1567 1625 1627
1568,1569,1568,1569,B,5,0.0,2.602,3.21,7.655,3,False,,1510 1512 1570
1569,1570,1569,1570,N,7,0.0,2.602,3.21,7.8,3,False,,1569 1627 1629
1570,1571,1570,1571,B,5,0.0,2.727,2.992,7.655,3,False,,1512 1514 1572
1571,1572,1571,1572,N,7,0.0,2.727,2.992,7.8,3,False,,1571 1629 1631
1572,1573,1572,1573,B,5,0.0,2.895,2.806,7.655,3,False,,1514 1516 1574
1573,1574,1573,1574,N,7,0.0,2.895,2.806,7.8,3,False,,1573 1631 1633
1574,1575,1574,1575,B,5,0.0,3.098,2.659,7.655,3,False,,1516 1518 1576
1575,1576,1575,1576,N,7,0.0,3.098,2.659,7.8,3,False,,1575 1633 1635
1576,1577,1576,1577,B,5,0.0,3.327,2.557,7.655,3,False,,1518 1520 1578
1577,1578,1577,1578,N,7,0.0,3.327,2.557,7.8,3,False,,1577 1635 1637
1578,1579,1578,1579,B,5,0.0,3.572,2.505,7.655,3,False,,1520 1522 1580
1579,1580,1579,1580,N,7,0.0,3.572,2.505,7.8,3,False,,1579 1637 1639
1580,1581,1580,1581,B,5,0.0,3.823,2.505,7.655,3,False,,1522 1524 1582
1581,1582,1581,1582,N,7,0.0,3.823,2.505,7.8,3,False,,1581 1639 1641
1582,1583,1582,1583,B,5,0.0,4.068,2.557,7.655,3,False,,1524 1526 1584
1583,1584,1583,1584,N,7,0.0,4.068,2.557,7.8,3,False,,1583 1641 1643
1584,1585,1584,1585,B,5,0.0,4.297,2.659,7.655,3,False,,1526 1528 1586
1585,1586,1585,1586,N,7,0.0,4.297,2.659,7.8,3,False,,1585 1643 1645
1586,1587,1586,1587,B,5,0.0,4.5,2.806,7.655,3,False,,1528 1530 1588
1587,1588,1587,1588,N,7,0.0,4.5,2.806,7.8,3,False,,1587 1645 1647
1588,1589,1588,1589,B,5,0.0,4.667,2.992,7.655,3,False,,1530 1532 1590
1589,1590,1589,1590,N,7,0.0,4.667,2.992,7.8,3,False,,1589 1647 1649
1590,1591,1590,1591,B,5,0.0,4.793,3.21,7.655,3,False,,1532 1534 1592
1591,1592,1591,1592,N,7,0.0,4.793,3.21,7.8,3,False,,1591 1649 1651
1592,1593,1592,1593,B,5,0.0,4.87,3.448,7.655,3,False,,1534 1536 1594
1593,1594,1593,1594,N,7,0.0,4.87,3.448,7.8,3,False,,1593 1651 1653
1594,1595,1594,1595,B,5,0.0,4.896,3.697,7.655,3,False,,1536 1538 1596
1595,1596,1595,1596,N,7,0.0,4.896,3.697,7.8,3,False,,1595 1653 1655
1596,1597,1596,1597,B,5,0.0,4.87,3.947,7.655,3,False,,1538 1540 1598
1597,1598,1597,1598,N,7,0.0,4.87,3.947,7.8,3,False,,1597 1655 1657
1598,1599,1598,1599,B,5,0.0,4.793,4.185,7.655,3,False,,1540 1542 1600
1599,1600,1599,1600,N,7,0.0,4.793,4.185,7.8,3,False,,1599 1657 1659
1600,1601,1600,1601,B,5,0.0,4.667,4.402,7.655,3,False,,1542 1544 1602
1601,1602,1601,1602,N,7,0.0,4.667,4.402,7.8,3,False,,1601 1659 1661
1602,1603,1602,1603,B,5,0.0,4.5,4.588,7.655,3,False,,1544 1546 1604
1603,1604,1603,1604,N,7,0.0,4.5,4.588,7.8,3,False,,1603 1661 1663
1604,1605,1604,1605,B,5,0.0,4.297,4.736,7.655,3,False,,1546 1548 1606
1605,1606,1605,1606,N,7,0.0,4.297,4.736,7.8,3,False,,1605 1663 1665
1606,1607,1606,1607,B,5,0.0,4.068,4.838,7.655,3,False,,1548 1550 1608
1607,1608,1607,1608,N,7,0.0,4.068,4.838,7.8,3,False,,1607 1665 1667
1608,1609,1608,1609,B,5,0.0,3.823,4.89,7.655,3,False,,1550 1552 1610
1609,1610,1609,1610,N,7,0.0,3.823,4.89,7.8,3,False,,1609 1667 1669
1610,1611,1610,1611,B,5,0.0,3.572,4.89,7.655,3,False,,1552 1554 1612
1611,1612,1611,1612,N,7,0.0,3.572,4.89,7.8,3,False,,1611 1669 1671
1612,1613,1612,1613,B,5,0.0,3.327,4.838,7.655,3,False,,1554 1556 1614
1613,1614,1613,1614,N,7,0.0,3.327,4.838,7.8,3,False,,1613 1671 1673
1614,1615,1614,1615,B,5,0.0,3.098,4.736,7.655,3,False,,1556 1558 1616
1615,1616,1615,1616,N,7,0.0,3.098,4.736,7.8,3,False,,1615 1673 1675
1616,1617,1616,1617,B,5,0.0,2.895,4.588,7.655,3,False,,1558 1560 1618
1617,1618,1617,1618,N,7,0.0,2.895,4.588,7.8,3,False,,1617 1675 1677
1618,1619,1618,1619,B,5,0.0,2.727,4.402,7.655,3,False,,1502 1560 1620
1619,1620,1619,1620,N,7,0.0,2.727,4.402,7.8,3,False,,1619 1677 1679
1620,1621,1620,1621,B,5,0.0,2.557,4.068,7.873,3,False,,1562 1564 1622
1621,1622,1621,1622,N,7,0.0,2.557,4.068,8.018,1,True,UPPER,1621
1622,1623,1622,1623,B,5,0.0,2.505,3.823,7.873,3,False,,1564 1566 1624
1623,1624,1623,1624,N,7,0.0,2.505,3.823,8.018,1,True,UPPER,1623
1624,1625,1624,1625,B,5,0.0,2.505,3.572,7.873,3,False,,1566 1568 1626
1625,1626,1625,1626,N,7,0.0,2.505,3.572,8.018,1,True,UPPER,1625
1626,1627,1626,1627,B,5,0.0,2.557,3.327,7.873,3,False,,1568 1570 1628
1627,1628,1627,1628,N,7,0.0,2.557,3.327,8.018,1,True,UPPER,1627
1628,1629,1628,1629,B,5,0.0,2.659,3.098,7.873,3,False,,1570 1572 1630
1629,1630,1629,1630,N,7,0.0,2.659,3.098,8.018,1,True,UPPER,1629
1630,1631,1630,1631,B,5,0.0,2.806,2.895,7.873,3,False,,1572 1574 1632
1631,1632,1631,1632,N,7,0.0,2.806,2.895,8.018,1,True,UPPER,1631
1632,1633,1632,1633,B,5,0.0,2.992,2.727,7.873,3,False,,1574 1576 1634
1633,1634,1633,1634,N,7,0.0,2.992,2.727,8.018,1,True,UPPER,1633
1634,1635,1634,1635,B,5,0.0,3.21,2.602,7.873,3,False,,1576 1578 1636
1635,1636,1635,1636,N,7,0.0,3.21,2.602,8.018,1,True,UPPER,1635
1636,1637,1636,1637,B,5,0.0,3.448,2.524,7.873,3,False,,1578 1580 1638
1637,1638,1637,1638,N,7,0.0,3.448,2.524,8.018,1,True,UPPER,1637
1638,1639,1638,1639,B,5,0.0,3.697,2.498,7.873,3,False,,1580 1582 1640
1639,1640,1639,1640,N,7,0.0,3.697,2.498,8.018,1,True,UPPER,1639
1640,1641,1640,1641,B,5,0.0,3.947,2.524,7.873,3,False,,1582 1584 1642
1641,1642,1641,1642,N,7,0.0,3.947,2.524,8.018,1,True,UPPER,1641
1642,1643,1642,1643,B,5,0.0,4.185,2.602,7.873,3,False,,1584 1586 1644
1643,1644,1643,1644,N,7,0.0,4.185,2.602,8.018,1,True,UPPER,1643
1644,1645,1644,1645,B,5,0.0,4.402,2.727,7.873,3,False,,1586 1588 1646
1645,1646,1645,1646,N,7,0.0,4.402,2.727,8.018,1,True,UPPER,1645
1646,1647,1646,1647,B,5,0.0,4.588,2.895,7.873,3,False,,1588 1590 1648
1647,1648,1647,1648,N,7,0.0,4.588,2.895,8.018,1,True,UPPER,1647
1648,1649,1648,1649,B,5,0.0,4.736,3.098,7.873,3,False,,1590 1592 1650
1649,1650,1649,1650,N,7,0.0,4.736,3.098,8.018,1,True,UPPER,1649
1650,1651,1650,1651,B,5,0.0,4.838,3.327,7.873,3,False,,1592 1594 1652
1651,1652,1651,1652,N,7,0.0,4.838,3.327,8.018,1,True,UPPER,1651
1652,1653,1652,1653,B,5,0.0,4.89,3.572,7.873,3,False,,1594 1596 1654
1653,1654,1653,1654,N,7,0.0,4.89,3.572,8.018,1,True,UPPER,1653
1654,1655,1654,1655,B,5,0.0,4.89,3.823,7.873,3,False,,1596 1598 1656
1655,1656,1655,1656,N,7,0.0,4.89,3.823,8.018,1,True,UPPER,1655
1656,1657,1656,1657,B,5,0.0,4.838,4.068,7.873,3,False,,1598 1600 1658
1657,1658,1657,1658,N,7,0.0,4.838,4.068,8.018,1,True,UPPER,1657
1658,1659,1658,1659,B,5,0.0,4.736,4.297,7.873,3,False,,1600 1602 1660
1659,1660,1659,1660,N,7,0.0,4.736,4.297,8.018,1,True,UPPER,1659
1660,1661,1660,1661,B,5,0.0,4.588,4.5,7.873,3,False,,1602 1604 1662
1661,1662,1661,1662,N,7,0.0,4.588,4.5,8.018,1,True,UPPER,1661
1662,1663,1662,1663,B,5,0.0,4.402,4.667,7.873,3,False,,1604 1606 1664
1663,1664,1663,1664,N,7,0.0,4.402,4.667,8.018,1,True,UPPER,1663
1664,1665,1664,1665,B,5,0.0,4.185,4.793,7.873,3,False,,1606 1608 1666
1665,1666,1665,1666,N,7,0.0,4.185,4.793,8.018,1,True,UPPER,1665
1666,1667,1666,1667,B,5,0.0,3.947,4.87,7.873,3,False,,1608 1610 1668
1667,1668,1667,1668,N,7,0.0,3.947,4.87,8.018,1,True,UPPER,1667
1668,1669,1668,1669,B,5,0.0,3.697,4.896,7.873,3,False,,1610 1612 1670
1669,1670,1669,1670,N,7,0.0,3.697,4.896,8.018,1,True,UPPER,1669
1670,1671,1670,1671,B,5,0.0,3.448,4.87,7.873,3,False,,1612 1614 1672
1671,1672,1671,1672,N,7,0.0,3.448,4.87,8.018,1,True,UPPER,1671
1672,1673,1672,1673,B,5,0.0,3.21,4.793,7.873,3,False,,1614 1616 1674
1673,1674,1673,1674,N,7,0.0,3.21,4.793,8.018,1,True,UPPER,1673
1674,1675,1674,1675,B,5,0.0,2.992,4.667,7.873,3,False,,1616 1618 1676
1675,1676,1675,1676,N,7,0.0,2.992,4.667,8.018,1,True,UPPER,1675
1676,1677,1676,1677,B,5,0.0,2.806,4.5,7.873,3,False,,1618 1620 1678
1677,1678,1677,1678,N,7,0.0,2.806,4.5,8.018,1,True,UPPER,1677
1678,1679,1678,1679,B,5,0.0,2.659,4.297,7.873,3,False,,1562 1620 1680
1679,1680,1679,1680,N,7,0.0,2.659,4.297,8.018,1,True,UPPER,1679
