*************************************************
******************* ORCA 6.1.1 ******************
*************************************************
$Calculation_Status
   &GeometryIndex 12
   &version [&Type "String"] "6.1.1"
   &progName [&Type "String"] "LeanSCF"
   &Status [&Type "String"] "NORMAL TERMINATION"
$End
$Geometry
   &GeometryIndex 1
   &NAtoms [&Type "Integer"] 28
   &NCorelessECP [&Type "Integer"] 0
   &NGhostAtoms [&Type "Integer"] 0
   &CartesianCoordinates [&Type "Coordinates", &Dim(28,4), &Units "Bohr"] 
              N     81.732317358007   54.801760982229   33.072053809200
              B     81.467607982201   52.343016009671   34.062824153948
              N     79.359776477546   50.692362632127   33.072053548985
              B     76.292617405231   45.777060663329   34.991361731707
              N     78.819373195216   46.871659693511   35.964481100839
              B     80.810138654265   48.413888305401   34.391650565159
              N     82.478033895134   50.480463944615   35.641221031023
              H     76.023299322999   44.344493516615   33.263013598502
              H     79.765450173490   45.487640280520   36.904651668839
              H     81.878511846709   47.056324360030   32.888099117703
              H     84.029937169348   50.395492425255   36.723780622432
              B     72.244230054078   47.337639878282   37.794522536129
              B     76.874059160798   48.320296917444   37.794523114196
              N     74.622122133638   46.964788714238   36.656139460948
              H     72.063588460864   48.904238105109   39.420260561891
              H     77.287299334543   47.896015689760   40.007510447989
              H     76.887799000470   50.597786296043   37.372571110788
              H     70.429020079926   46.123576037052   37.165258420484
              H     83.070826853485   56.035191146761   33.609319365125
              H     80.380091479272   55.567336443995   31.986266824636
              H     79.030513425837   50.609163631283   31.189196337124
              N     76.369703435128   54.268682080161   34.520829709173
              B     76.700425246565   51.770588368705   33.594640879207
              N     74.737543872220   50.580909674450   32.219451658308
              H     74.887212003911   48.813857530606   31.541051487875
              H     74.605011815661   54.884985779158   34.869262103668
              H     77.634602293018   55.020263171829   35.723208717793
              H     72.921602604668   51.090759229889   32.444855166866
$End
$SCF_Mulliken_Population_Analysis
   &GeometryIndex 1
   &NAtoms [&Type "Integer"] 28
   &ATNO [&Type "ArrayOfIntegers", &Dim (28,1)] 
                                                         0

0                                                        7
1                                                        5
2                                                        7
3                                                        5
4                                                        7
5                                                        5
6                                                        7
7                                                        1
8                                                        1
9                                                        1
10                                                       1
11                                                       5
12                                                       5
13                                                       7
14                                                       1
15                                                       1
16                                                       1
17                                                       1
18                                                       1
19                                                       1
20                                                       1
21                                                       7
22                                                       5
23                                                       7
24                                                       1
25                                                       1
26                                                       1
27                                                       1
   &AtomicCharges [&Type "ArrayOfDoubles", &Dim (28,1)] 
                                                         0

0                                     -4.9251869942020576e-01
1                                      1.7067114719057486e-01
2                                     -2.0367853795694124e-01
3                                     -2.9269809618188702e-02
4                                     -1.6918601953228762e-01
5                                      6.2001177170103006e-02
6                                     -3.5407527873824840e-01
7                                      2.8661575530293470e-02
8                                      2.1156163630179137e-01
9                                     -2.0584654143722236e-02
10                                     2.0230387776109615e-01
11                                    -1.2943521496617283e-01
12                                    -7.0117971283642611e-02
13                                     7.2587419264653619e-03
14                                     3.2869240969330971e-03
15                                    -2.2353532398907916e-02
16                                    -3.3096656989407336e-02
17                                    -1.1814548400581604e-03
18                                     2.3794899392535673e-01
19                                     2.5647227022309771e-01
20                                     2.3237996732572774e-01
21                                    -4.8505594796635698e-01
22                                     1.0957882674949637e-01
23                                    -4.6443723869610309e-01
24                                     2.4336593612504887e-01
25                                     2.2733880850687349e-01
26                                     2.5286703902154906e-01
27                                     2.2929409469552842e-01
   &Method [&Type "String"] "SCF"
   &Level [&Type "String"] "Relaxed density"
   &Mult [&Type "Integer"] 1
   &State [&Type "Integer"] -1
   &Irrep [&Type "Integer"] 0
$End
$SCF_Loewdin_Population_Analysis
   &GeometryIndex 1
   &NAtoms [&Type "Integer"] 28
   &ATNO [&Type "ArrayOfIntegers", &Dim (28,1)] 
                                                         0

0                                                        7
1                                                        5
2                                                        7
3                                                        5
4                                                        7
5                                                        5
6                                                        7
7                                                        1
8                                                        1
9                                                        1
10                                                       1
11                                                       5
12                                                       5
13                                                       7
14                                                       1
15                                                       1
16                                                       1
17                                                       1
18                                                       1
19                                                       1
20                                                       1
21                                                       7
22                                                       5
23                                                       7
24                                                       1
25                                                       1
26                                                       1
27                                                       1
   &AtomicCharges [&Type "ArrayOfDoubles", &Dim (28,1)] 
                                                         0

0                                      4.6664854124957245e-02
1                                     -8.0853963938352003e-01
2                                      4.3354020777884816e-01
3                                     -4.0976547529145346e-01
4                                      3.6289258610124442e-01
5                                     -7.2053297287984730e-01
6                                      2.6403265660086372e-01
7                                      6.7057579268886003e-02
8                                      2.4439561539778409e-01
9                                      6.9094516924536720e-02
10                                     1.7979842031124127e-01
11                                    -3.1137727035632246e-01
12                                    -6.9390038315817826e-01
13                                     4.2384331223905214e-01
14                                     6.5274848780189410e-02
15                                     6.3583177223870080e-02
16                                     1.2359914183734255e-01
17                                     4.7200907760208910e-02
18                                     1.7660395446592836e-01
19                                     1.8704514354384438e-01
20                                     2.5472373141608629e-01
21                                     3.6091401899293274e-02
22                                    -8.9659375189666157e-01
23                                     6.5160365041829316e-02
24                                     1.8404309808875952e-01
25                                     1.7956777940305224e-01
26                                     1.8528328211461365e-01
27                                     1.8121291264323691e-01
   &Method [&Type "String"] "SCF"
   &Level [&Type "String"] "Relaxed density"
   &Mult [&Type "Integer"] 1
   &State [&Type "Integer"] -1
   &Irrep [&Type "Integer"] 0
$End
$SCF_Mayer_Population_Analysis
   &GeometryIndex 1
   &NAtoms [&Type "Integer"] 28 "Total number of atoms"
   &NBondOrdersPrint [&Type "Integer"] 30 "The number of bond orders larger than threshold"
   &bondThresh [&Type "Double"]       1.0000000000000001e-01  "The threshold for printing"
   &components [&Type "ArrayOfIntegers", &Dim (30,4)] "The indices and atomic numbers of the bonding atoms"
                                                         0                           1                           2                           3

0                                                        0                           7                           1                           5
1                                                        0                           7                          18                           1
2                                                        0                           7                          19                           1
3                                                        1                           5                           2                           7
4                                                        1                           5                           6                           7
5                                                        2                           7                           5                           5
6                                                        2                           7                          20                           1
7                                                        2                           7                          22                           5
8                                                        3                           5                           4                           7
9                                                        3                           5                           7                           1
10                                                       3                           5                          11                           5
11                                                       3                           5                          13                           7
12                                                       4                           7                           5                           5
13                                                       4                           7                           8                           1
14                                                       4                           7                          12                           5
15                                                       5                           5                           6                           7
16                                                       5                           5                           9                           1
17                                                       6                           7                          10                           1
18                                                      11                           5                          13                           7
19                                                      11                           5                          14                           1
20                                                      11                           5                          17                           1
21                                                      12                           5                          13                           7
22                                                      12                           5                          15                           1
23                                                      12                           5                          16                           1
24                                                      21                           7                          22                           5
25                                                      21                           7                          25                           1
26                                                      21                           7                          26                           1
27                                                      22                           5                          23                           7
28                                                      23                           7                          24                           1
29                                                      23                           7                          27                           1
   &BondOrders [&Type "ArrayOfDoubles", &Dim (30,1)] "The bond orders"
                                                         0

0                                      1.3158873154992645e+00
1                                      9.1420827872847110e-01
2                                      9.0117331426007841e-01
3                                      8.6254717147288806e-01
4                                      1.4776808711441758e+00
5                                      7.6366918491032743e-01
6                                      8.8051607133851006e-01
7                                      9.1715493545089888e-01
8                                      9.2039441557519408e-01
9                                      9.7002381966184059e-01
10                                     1.0077505409080414e-01
11                                     1.4044521612242788e+00
12                                     8.3113217463722600e-01
13                                     8.9161527050330602e-01
14                                     7.4685352276944750e-01
15                                     9.3314653937593417e-01
16                                     9.9527411384930520e-01
17                                     9.2413165091859706e-01
18                                     1.3123570675810601e+00
19                                     9.9726300802461898e-01
20                                     9.8273624727271325e-01
21                                     8.3072477379256826e-01
22                                     9.5966254791183747e-01
23                                     8.9507071888025602e-01
24                                     1.3549166677981130e+00
25                                     9.1854869809702100e-01
26                                     9.0450504448884506e-01
27                                     1.3591096861384984e+00
28                                     9.1235465933564097e-01
29                                     9.2013630298145199e-01
   &ATNO [&Type "ArrayOfIntegers", &Dim (28,1)] "Atomic number of the elements"
                                                         0

0                                                        7
1                                                        5
2                                                        7
3                                                        5
4                                                        7
5                                                        5
6                                                        7
7                                                        1
8                                                        1
9                                                        1
10                                                       1
11                                                       5
12                                                       5
13                                                       7
14                                                       1
15                                                       1
16                                                       1
17                                                       1
18                                                       1
19                                                       1
20                                                       1
21                                                       7
22                                                       5
23                                                       7
24                                                       1
25                                                       1
26                                                       1
27                                                       1
   &NA [&Type "ArrayOfDoubles", &Dim (28,1)] "Mulliken gross atomic population"
                                                         0

0                                      7.4925186994202013e+00
1                                      4.8293288528094216e+00
2                                      7.2036785379569643e+00
3                                      5.0292698096181931e+00
4                                      7.1691860195322992e+00
5                                      4.9379988228298917e+00
6                                      7.3540752787382520e+00
7                                      9.7133842446970731e-01
8                                      7.8843836369820897e-01
9                                      1.0205846541437222e+00
10                                     7.9769612223890363e-01
11                                     5.1294352149661666e+00
12                                     5.0701179712836417e+00
13                                     6.9927412580735311e+00
14                                     9.9671307590306701e-01
15                                     1.0223535323989072e+00
16                                     1.0330966569894073e+00
17                                     1.0011814548400582e+00
18                                     7.6205100607464382e-01
19                                     7.4352772977690273e-01
20                                     7.6762003267427203e-01
21                                     7.4850559479663392e+00
22                                     4.8904211732505152e+00
23                                     7.4644372386961138e+00
24                                     7.5663406387495102e-01
25                                     7.7266119149312662e-01
26                                     7.4713296097845050e-01
27                                     7.7070590530447092e-01
   &ZA [&Type "ArrayOfDoubles", &Dim (28,1)] "Total nuclear charge"
                                                         0

0                                      7.0000000000000000e+00
1                                      5.0000000000000000e+00
2                                      7.0000000000000000e+00
3                                      5.0000000000000000e+00
4                                      7.0000000000000000e+00
5                                      5.0000000000000000e+00
6                                      7.0000000000000000e+00
7                                      1.0000000000000000e+00
8                                      1.0000000000000000e+00
9                                      1.0000000000000000e+00
10                                     1.0000000000000000e+00
11                                     5.0000000000000000e+00
12                                     5.0000000000000000e+00
13                                     7.0000000000000000e+00
14                                     1.0000000000000000e+00
15                                     1.0000000000000000e+00
16                                     1.0000000000000000e+00
17                                     1.0000000000000000e+00
18                                     1.0000000000000000e+00
19                                     1.0000000000000000e+00
20                                     1.0000000000000000e+00
21                                     7.0000000000000000e+00
22                                     5.0000000000000000e+00
23                                     7.0000000000000000e+00
24                                     1.0000000000000000e+00
25                                     1.0000000000000000e+00
26                                     1.0000000000000000e+00
27                                     1.0000000000000000e+00
   &QA [&Type "ArrayOfDoubles", &Dim (28,1)] "Mulliken gross atomic charge"
                                                         0

0                                     -4.9251869942020132e-01
1                                      1.7067114719057841e-01
2                                     -2.0367853795696433e-01
3                                     -2.9269809618193143e-02
4                                     -1.6918601953229917e-01
5                                      6.2001177170108335e-02
6                                     -3.5407527873825195e-01
7                                      2.8661575530292693e-02
8                                      2.1156163630179103e-01
9                                     -2.0584654143722236e-02
10                                     2.0230387776109637e-01
11                                    -1.2943521496616661e-01
12                                    -7.0117971283641722e-02
13                                     7.2587419264689146e-03
14                                     3.2869240969329860e-03
15                                    -2.2353532398907250e-02
16                                    -3.3096656989407336e-02
17                                    -1.1814548400581604e-03
18                                     2.3794899392535618e-01
19                                     2.5647227022309727e-01
20                                     2.3237996732572797e-01
21                                    -4.8505594796633922e-01
22                                     1.0957882674948483e-01
23                                    -4.6443723869611375e-01
24                                     2.4336593612504898e-01
25                                     2.2733880850687338e-01
26                                     2.5286703902154950e-01
27                                     2.2929409469552908e-01
   &VA [&Type "ArrayOfDoubles", &Dim (28,1)] "Mayer's total valence"
                                                         0

0                                      3.1608396674447565e+00
1                                      3.8482528267045835e+00
2                                      3.4249910073603003e+00
3                                      3.6503485613315840e+00
4                                      3.3034341341685307e+00
5                                      3.6900999788832038e+00
6                                      3.3358804824026613e+00
7                                      9.7660449700283258e-01
8                                      9.4589716226980436e-01
9                                      9.7473458897937004e-01
10                                     9.6404625407802580e-01
11                                     3.4561154262009275e+00
12                                     3.6960613423236017e+00
13                                     3.4932404750284709e+00
14                                     9.7952201422834917e-01
15                                     9.6567116745502557e-01
16                                     9.3710857652663293e-01
17                                     9.7438346603642889e-01
18                                     9.4674535131898974e-01
19                                     9.4762754581498754e-01
20                                     9.3766952431070905e-01
21                                     3.1723017092677921e+00
22                                     3.9017831078005880e+00
23                                     3.2329595907234872e+00
24                                     9.5027432854686100e-01
25                                     9.5617301451234393e-01
26                                     9.4838722381692098e-01
27                                     9.5605697067805240e-01
   &BVA [&Type "ArrayOfDoubles", &Dim (28,1)] "Mayer's bonded valence"
                                                         0

0                                      3.1608396674447832e+00
1                                      3.8482528267046128e+00
2                                      3.4249910073601599e+00
3                                      3.6503485613316897e+00
4                                      3.3034341341686311e+00
5                                      3.6900999788832860e+00
6                                      3.3358804824026809e+00
7                                      9.7660449700286833e-01
8                                      9.4589716226982801e-01
9                                      9.7473458897936449e-01
10                                     9.6404625407802391e-01
11                                     3.4561154262009737e+00
12                                     3.6960613423236466e+00
13                                     3.4932404750285606e+00
14                                     9.7952201422835938e-01
15                                     9.6567116745500226e-01
16                                     9.3710857652667201e-01
17                                     9.7438346603645898e-01
18                                     9.4674535131897919e-01
19                                     9.4762754581498587e-01
20                                     9.3766952431072792e-01
21                                     3.1723017092678258e+00
22                                     3.9017831078005951e+00
23                                     3.2329595907234969e+00
24                                     9.5027432854686888e-01
25                                     9.5617301451234571e-01
26                                     9.4838722381690943e-01
27                                     9.5605697067804518e-01
   &FA [&Type "ArrayOfDoubles", &Dim (28,1)] "Mayer's free valence"
                                                         0

0                                      0.0000000000000000e+00
1                                      0.0000000000000000e+00
2                                      0.0000000000000000e+00
3                                      0.0000000000000000e+00
4                                      0.0000000000000000e+00
5                                      0.0000000000000000e+00
6                                      0.0000000000000000e+00
7                                      0.0000000000000000e+00
8                                      0.0000000000000000e+00
9                                      0.0000000000000000e+00
10                                     0.0000000000000000e+00
11                                     0.0000000000000000e+00
12                                     0.0000000000000000e+00
13                                     0.0000000000000000e+00
14                                     0.0000000000000000e+00
15                                     0.0000000000000000e+00
16                                     0.0000000000000000e+00
17                                     0.0000000000000000e+00
18                                     0.0000000000000000e+00
19                                     0.0000000000000000e+00
20                                     0.0000000000000000e+00
21                                     0.0000000000000000e+00
22                                     0.0000000000000000e+00
23                                     0.0000000000000000e+00
24                                     0.0000000000000000e+00
25                                     0.0000000000000000e+00
26                                     0.0000000000000000e+00
27                                     0.0000000000000000e+00
   &Method [&Type "String"] "SCF"
   &Level [&Type "String"] "Relaxed density"
   &Mult [&Type "Integer"] 1
   &State [&Type "Integer"] -1
   &Irrep [&Type "Integer"] 0
$End
$SCF_Energy
   &GeometryIndex 1
   &Method [&Type "String"] "SCF"
   &totalEnergy [&Type "ArrayOfDoubles", &Dim (1,1)] "Total energy of each state"
                                                         0

0                                     -5.4128120137109681e+02
   &Mult [&Type "ArrayOfIntegers", &Dim (1,1)] "Multiplicity of each state"
                                                         0

0                                                        1
$End
$DFT_Energy
   &GeometryIndex 1
   &nAlphaEl [&Type "Integer"] 47
   &nBetaEl [&Type "Integer"] 47
   &nTotalEl [&Type "Integer"] 94
   &finalEn [&Type "Double"]      -5.4128120137109681e+02  "No Van der Waals correction"
   &eExchange [&Type "Double"]      -5.6285531726366827e+01
   &eCorr [&Type "Double"]      -3.0702017932529690e+00
   &eXC [&Type "Double"]      -5.9355733519619797e+01
   &eCNL [&Type "Double"]       0.0000000000000000e+00
$End
$SCF_Timings
   &GeometryIndex 1
   &TOTAL [&Type "Double"]       2.7438936000000001e+02
   &PREP [&Type "Double"]       3.7292999999999998e-01
   &FOCK [&Type "Double"]       2.5951015100000001e+02
   &DENS [&Type "Double"]       1.7192300000002092e-01
   &ETOT [&Type "Double"]       7.3879000000030004e-02
   &POP [&Type "Double"]       6.6829999999981737e-02
   &TRAFO [&Type "Double"]       1.8040400000004553e-01
   &DIIS [&Type "Double"]       8.3439100000000366e-01
   &SOSCF [&Type "Double"]       4.2633000000000010e-01
   &XC [&Type "Double"]       4.3171380999999940e+01
   &FOCKSTART [&Type "Double"]       2.1760000000011548e-02
   &INT_PREP [&Type "Double"]       4.9999999873762135e-06
   &INT_BF [&Type "Double"]       1.2741986999999817e+01
   &INT_DENS [&Type "Double"]       1.2244311000000440e+01
   &INT_DENSIO [&Type "Double"]       2.0122603800639957e+06
   &INT_FUNC [&Type "Double"]       4.4111499999989334e-01
   &INT_POT [&Type "Double"]       1.4557907000000551e+01
   &INT_POTIO [&Type "Double"]       1.5985799999903705e-01
   &INT_SUM [&Type "Double"]       2.1900000000485420e-04
   &SPLITRIJ [&Type "Double"]       9.8919879999999942e+00
   &COSX [&Type "Double"]       2.1917727099999999e+02
$End
$VdW_Correction
   &GeometryIndex 1
   &vdW [&Type "Double"]      -2.9525993941875564e-02
$End
$Single_Point_Data
   &GeometryIndex 1
   &FinalEnergy [&Type "Double"]      -5.4131072736503870e+02  "Final single point energy"
   &Converged [&Type "Boolean"] true
$End
$SCF_Nuc_Gradient
   &GeometryIndex 1
   &NAtoms [&Type "Integer"] 28
   &gradNorm [&Type "Double"]       6.7035026185155916e-02
   &grad [&Type "ArrayOfDoubles", &Dim (84,1)] 
                                                         0

0                                     -1.4625858735022269e-02
1                                      7.2513788853164100e-04
2                                     -1.2026688015589896e-02
3                                     -2.8057276288225702e-05
4                                      6.8576445885595019e-03
5                                      8.9978604142782609e-03
6                                      3.9952548600696129e-02
7                                     -1.6500059162134945e-02
8                                      1.4364058808148264e-02
9                                     -2.5960071648340323e-03
10                                    -1.8582107751564693e-03
11                                    -3.4108295916873486e-03
12                                     1.4788615773667570e-03
13                                     2.2544609609163537e-03
14                                    -1.0722873716920306e-03
15                                     7.0044926041630019e-03
16                                    -4.4917318585655864e-03
17                                    -1.4384028496029237e-03
18                                    -1.0819172299241511e-03
19                                     1.2122015258636838e-03
20                                    -3.5415288622627533e-03
21                                     5.6726711828768519e-04
22                                     1.1628506299909486e-04
23                                     1.1133770129237285e-03
24                                     1.7233119344227258e-04
25                                     2.8620290745886483e-04
26                                    -2.7250458114112840e-04
27                                     2.4858263120765341e-05
28                                     3.3453878997170144e-04
29                                    -9.0364751554211731e-06
30                                    -1.9129437054125407e-04
31                                     2.5425692264088688e-04
32                                     3.9958150307248084e-04
33                                     4.4538736530353841e-03
34                                     1.1553835512220513e-02
35                                     1.2045663847295709e-02
36                                    -2.1169736514612635e-02
37                                    -1.5420389210241499e-02
38                                    -1.5613299456911558e-02
39                                     3.7084812598349643e-03
40                                     4.1225446835911964e-03
41                                    -7.7387809839015278e-03
42                                     2.5758919086044877e-04
43                                    -5.0070200355511779e-04
44                                    -5.1827421507054226e-05
45                                     2.3846487812531695e-04
46                                    -2.9311953466402908e-04
47                                    -4.8987542093450011e-04
48                                    -9.2152601499260014e-04
49                                     4.8633330442876569e-03
50                                    -3.9210322142170214e-04
51                                     5.1429714394294137e-04
52                                    -1.9836596038519866e-04
53                                     2.2742424589555289e-04
54                                    -7.9575541106155848e-04
55                                     3.9748077913828186e-04
56                                     3.5791127530381515e-04
57                                     1.7667561409492050e-03
58                                     6.2357626745911424e-04
59                                    -5.2653948551965011e-04
60                                    -1.8685989794588322e-02
61                                     5.6920500355782545e-03
62                                     9.0588330248475707e-03
63                                     1.2287005945129016e-04
64                                     1.5792904096983138e-05
65                                    -1.4561499532212088e-05
66                                    -1.4500929539365651e-04
67                                     3.2437563391674203e-05
68                                     8.0910242059894111e-05
69                                    -1.8227384164037929e-05
70                                    -5.4567650112153829e-06
71                                    -6.8712096168611664e-05
72                                     4.7588724916763301e-06
73                                    -1.4017863416155804e-05
74                                     5.3078542173648881e-06
75                                    -1.6810576485186968e-04
76                                    -1.0282121613494846e-04
77                                    -6.6772570163392862e-05
78                                     1.7703485983137107e-04
79                                     6.0969150756736459e-05
80                                     8.7280631354203379e-05
81                                    -1.7000567851081457e-05
82                                    -1.7874302538627490e-05
83                                    -4.4589723273118768e-06
   &Method [&Type "String"] "SCF"
   &Level [&Type "String"] "Relaxed density"
   &Mult [&Type "Integer"] 1
   &State [&Type "Integer"] 0
   &Irrep [&Type "Integer"] 0
$End
$Geometry
   &GeometryIndex 2
   &NAtoms [&Type "Integer"] 28
   &NCorelessECP [&Type "Integer"] 0
   &NGhostAtoms [&Type "Integer"] 0
   &CartesianCoordinates [&Type "Coordinates", &Dim(28,4), &Units "Bohr"] 
              N     81.732317451668   54.801760920809   33.072053678285
              B     81.467607749140   52.343016155234   34.062824482853
              N     79.359776523368   50.692362600330   33.072053469272
              B     76.292617414245   45.777060646271   34.991361775844
              N     78.819373179059   46.871659682569   35.964481058180
              B     80.810138682080   48.413888310384   34.391650605552
              N     82.478033972865   50.480463888626   35.641220890764
              H     76.018152731806   44.357972407915   33.248219942908
              H     79.764396515716   45.486433913615   36.905158709026
              H     81.878142087928   47.053833244120   32.889068907871
              H     84.034791639868   50.393067034709   36.716357228110
              B     72.244230062171   47.337639854296   37.794522561977
              B     76.874059167723   48.320296910979   37.794523137078
              N     74.622122113796   46.964788771349   36.656139392327
              H     72.057349534797   48.923244613377   39.403022216976
              H     77.283902645808   47.899205053186   40.010192094112
              H     76.899573834864   50.578134456793   37.370629560826
              H     70.421043313855   46.142904832191   37.146836861991
              H     83.091626654193   56.024169977333   33.583259267249
              H     80.351487560626   55.578765325355   32.028446702260
              H     79.188521044097   50.573048958819   31.156405676465
              N     76.307277459122   54.277556059234   34.360391132341
              B     76.679749238774   51.771240115867   33.472897388129
              N     74.776716602796   50.564335118300   32.030511213308
              H     74.956489593826   48.790950347390   31.376465056625
              H     74.529403340885   54.894718857529   34.629917834311
              H     77.519960517283   55.042621332532   35.606543773825
              H     72.952443468319   51.073381215888   32.175939324582
$End
$SCF_Energy
   &GeometryIndex 2
   &Method [&Type "String"] "SCF"
   &totalEnergy [&Type "ArrayOfDoubles", &Dim (1,1)] "Total energy of each state"
                                                         0

0                                     -5.4128441310331993e+02
   &Mult [&Type "ArrayOfIntegers", &Dim (1,1)] "Multiplicity of each state"
                                                         0

0                                                        1
$End
$DFT_Energy
   &GeometryIndex 2
   &nAlphaEl [&Type "Integer"] 47
   &nBetaEl [&Type "Integer"] 47
   &nTotalEl [&Type "Integer"] 94
   &finalEn [&Type "Double"]      -5.4128441310331993e+02  "No Van der Waals correction"
   &eExchange [&Type "Double"]      -5.6281613687582244e+01
   &eCorr [&Type "Double"]      -3.0685025898272400e+00
   &eXC [&Type "Double"]      -5.9350116277409484e+01
   &eCNL [&Type "Double"]       0.0000000000000000e+00
$End
$SCF_Timings
   &GeometryIndex 2
   &TOTAL [&Type "Double"]       2.2698683299999999e+02
   &PREP [&Type "Double"]       3.8101700000000005e-01
   &FOCK [&Type "Double"]       2.1328091300000003e+02
   &DENS [&Type "Double"]       1.3380800000001614e-01
   &ETOT [&Type "Double"]       7.1463999999970440e-02
   &POP [&Type "Double"]       9.9999999747524271e-07
   &TRAFO [&Type "Double"]       1.9158900000002177e-01
   &DIIS [&Type "Double"]       7.1483600000000180e-01
   &SOSCF [&Type "Double"]       3.4650899999999751e-01
   &XC [&Type "Double"]       3.4576168000000003e+01
   &FOCKSTART [&Type "Double"]       1.9395000000026030e-02
   &INT_PREP [&Type "Double"]       9.9999999747524271e-07
   &INT_BF [&Type "Double"]       1.0906627999998150e+01
   &INT_DENS [&Type "Double"]       1.0451018000001230e+01
   &INT_DENSIO [&Type "Double"]       1.3830921895279998e+06
   &INT_FUNC [&Type "Double"]       3.7472900000117093e-01
   &INT_POT [&Type "Double"]       1.0322135000000422e+01
   &INT_POTIO [&Type "Double"]       1.3796799999981246e-01
   &INT_SUM [&Type "Double"]       1.7800000008350025e-04
   &SPLITRIJ [&Type "Double"]       8.1238159999999908e+00
   &COSX [&Type "Double"]       1.8244298100000000e+02
$End
$VdW_Correction
   &GeometryIndex 2
   &vdW [&Type "Double"]      -2.9336333631784672e-02
$End
$Single_Point_Data
   &GeometryIndex 2
   &FinalEnergy [&Type "Double"]      -5.4131374943695175e+02  "Final single point energy"
   &Converged [&Type "Boolean"] true
$End
$SCF_Nuc_Gradient
   &GeometryIndex 2
   &NAtoms [&Type "Integer"] 28
   &gradNorm [&Type "Double"]       6.6111007266040217e-02
   &grad [&Type "ArrayOfDoubles", &Dim (84,1)] 
                                                         0

0                                     -1.3832318781439434e-02
1                                      6.1681146576733387e-04
2                                     -1.1429352089206188e-02
3                                      4.8979754780864517e-04
4                                      6.8110940206605611e-03
5                                      5.7150822720262277e-03
6                                      3.7679116912328017e-02
7                                     -1.5651252856994077e-02
8                                      2.4525737773171307e-02
9                                     -2.1770798106806283e-03
10                                    -2.3851012388658643e-03
11                                    -2.0174371189666781e-03
12                                     1.0334318894458323e-03
13                                     3.0032648915699427e-03
14                                    -1.2166297456047553e-03
15                                     7.4688666407274106e-03
16                                    -4.5088322804246184e-03
17                                    -3.6216085737757011e-03
18                                    -1.8972610290493722e-03
19                                     1.5241908602507391e-03
20                                    -3.3587869712940490e-03
21                                     3.1548332843941941e-04
22                                    -7.2672152515865170e-05
23                                     2.8460402844373396e-04
24                                     2.3121152696739785e-04
25                                     8.4747004751257134e-05
26                                    -1.6546398028830349e-04
27                                     1.0305867870346173e-04
28                                     1.3241089710323909e-04
29                                     1.8463185273965324e-04
30                                    -5.2767949637632272e-04
31                                     2.3163380710431263e-04
32                                     3.3307138135671031e-04
33                                     5.3379928886893076e-03
34                                     9.6917051944651264e-03
35                                     1.3529198519490714e-02
36                                    -2.1563577362386076e-02
37                                    -1.3119897051301597e-02
38                                    -1.6575831807986843e-02
39                                     3.7872936634815177e-03
40                                     4.1997949364582987e-03
41                                    -7.2741217600068176e-03
42                                     3.3336889700712132e-05
43                                     2.7816232051425737e-04
44                                    -3.4611463558894173e-04
45                                     1.3100636914520954e-04
46                                     2.1583515398780640e-05
47                                    -2.3780347074110205e-04
48                                    -3.6283963362562116e-04
49                                     2.3084837912884331e-04
50                                     4.7205437761700230e-04
51                                     6.4106672027231917e-05
52                                     2.7383292341739426e-04
53                                    -3.9559426304843154e-04
54                                    -3.3655372425446680e-04
55                                     4.2137613771433006e-04
56                                     2.0643525524990589e-04
57                                     1.0504390150423508e-03
58                                     6.7736168123315877e-04
59                                    -4.4033991893373920e-04
60                                    -1.4459180039296355e-02
61                                     3.9620517413276280e-03
62                                     1.1248697473327631e-03
63                                    -3.7489383390395658e-04
64                                     1.9587148227809062e-03
65                                    -1.2546217386798343e-03
66                                    -2.3009606358225755e-03
67                                     8.6737154247384170e-04
68                                     4.5849581349507104e-03
69                                     4.7485455949965649e-04
70                                     7.7526640621977802e-04
71                                    -2.1248144040565031e-03
72                                    -3.1912391828359038e-04
73                                     1.7559838480250069e-04
74                                    -9.2096140504287953e-05
75                                    -3.5193859779035930e-05
76                                    -1.8598825338448399e-04
77                                    -4.3725281224147572e-05
78                                    -1.1788804961718291e-04
79                                     5.2582783682274774e-05
80                                    -3.4042716158570681e-04
81                                     1.0455355575854651e-04
82                                    -6.6659926701258306e-05
83                                    -2.5874307937558933e-05
   &Method [&Type "String"] "SCF"
   &Level [&Type "String"] "Relaxed density"
   &Mult [&Type "Integer"] 1
   &State [&Type "Integer"] 0
   &Irrep [&Type "Integer"] 0
$End
$Geometry
   &GeometryIndex 3
   &NAtoms [&Type "Integer"] 28
   &NCorelessECP [&Type "Integer"] 0
   &NGhostAtoms [&Type "Integer"] 0
   &CartesianCoordinates [&Type "Coordinates", &Dim(28,4), &Units "Bohr"] 
              N     81.732317460211   54.801760915278   33.072053667972
              B     81.467607726593   52.343016167486   34.062824503732
              N     79.359776532291   50.692362605166   33.072053477931
              B     76.292617415109   45.777060634729   34.991361761026
              N     78.819373178793   46.871659715655   35.964481093942
              B     80.810138680961   48.413888281818   34.391650564895
              N     82.478033978771   50.480463889156   35.641220893369
              H     76.011714881623   44.364979676224   33.239443330295
              H     79.762276480800   45.485136560305   36.906323027297
              H     81.874772049368   47.051629192436   32.886730010757
              H     84.042456021997   50.389385321399   36.706387295853
              B     72.244230062210   47.337639853032   37.794522561663
              B     76.874059166365   48.320296901130   37.794523130008
              N     74.622122114810   46.964788777398   36.656139397597
              H     72.061039584075   48.908204146363   39.419695740150
              H     77.280145575661   47.902043803060   40.013526572890
              H     76.911148924919   50.565088825954   37.364593411692
              H     70.423215639777   46.128217423119   37.163909389012
              H     83.105737544100   56.017061425925   33.561897424032
              H     80.323394571537   55.580467347055   32.064550789281
              H     79.427534606794   50.525420410549   31.145053837502
              N     76.199034104595   54.191140852457   34.266673214764
              B     76.659694139776   51.712014281192   33.355145034152
              N     74.813002494210   50.425448455337   31.911856552033
              H     75.059016575885   48.648296909988   31.288701067097
              H     74.400063939423   54.758777946643   34.502508788354
              H     77.360100576757   54.966335988106   35.556060816394
              H     72.971335140637   50.876809171811   32.031332186821
$End
$SCF_Energy
   &GeometryIndex 3
   &Method [&Type "String"] "SCF"
   &totalEnergy [&Type "ArrayOfDoubles", &Dim (1,1)] "Total energy of each state"
                                                         0

0                                     -5.4128746697778274e+02
   &Mult [&Type "ArrayOfIntegers", &Dim (1,1)] "Multiplicity of each state"
                                                         0

0                                                        1
$End
$DFT_Energy
   &GeometryIndex 3
   &nAlphaEl [&Type "Integer"] 47
   &nBetaEl [&Type "Integer"] 47
   &nTotalEl [&Type "Integer"] 94
   &finalEn [&Type "Double"]      -5.4128746697778274e+02  "No Van der Waals correction"
   &eExchange [&Type "Double"]      -5.6281656847513247e+01
   &eCorr [&Type "Double"]      -3.0677950742784601e+00
   &eXC [&Type "Double"]      -5.9349451921791704e+01
   &eCNL [&Type "Double"]       0.0000000000000000e+00
$End
$SCF_Timings
   &GeometryIndex 3
   &TOTAL [&Type "Double"]       2.1299078000000000e+02
   &PREP [&Type "Double"]       3.8157400000000002e-01
   &FOCK [&Type "Double"]       1.9859026900000001e+02
   &DENS [&Type "Double"]       1.2013999999999214e-01
   &ETOT [&Type "Double"]       5.9948000000002111e-02
   &POP [&Type "Double"]       9.9999999747524271e-07
   &TRAFO [&Type "Double"]       1.8409599999999671e-01
   &DIIS [&Type "Double"]       7.1123200000000253e-01
   &SOSCF [&Type "Double"]       3.2683500000003107e-01
   &XC [&Type "Double"]       3.2740922000000040e+01
   &FOCKSTART [&Type "Double"]       1.8761999999982293e-02
   &INT_PREP [&Type "Double"]       1.9999999949504854e-06
   &INT_BF [&Type "Double"]       1.0847231000000676e+01
   &INT_DENS [&Type "Double"]       9.8232770000011485e+00
   &INT_DENSIO [&Type "Double"]       1.1573101137959980e+06
   &INT_FUNC [&Type "Double"]       3.4026100000091120e-01
   &INT_POT [&Type "Double"]       9.6703009999987373e+00
   &INT_POTIO [&Type "Double"]       1.2875799999985915e-01
   &INT_SUM [&Type "Double"]       2.2400000000288856e-04
   &SPLITRIJ [&Type "Double"]       7.5182760000000179e+00
   &COSX [&Type "Double"]       1.7095632200000000e+02
$End
$VdW_Correction
   &GeometryIndex 3
   &vdW [&Type "Double"]      -2.9304577308737274e-02
$End
$Single_Point_Data
   &GeometryIndex 3
   &FinalEnergy [&Type "Double"]      -5.4131677155509146e+02  "Final single point energy"
   &Converged [&Type "Boolean"] true
$End
$SCF_Nuc_Gradient
   &GeometryIndex 3
   &NAtoms [&Type "Integer"] 28
   &gradNorm [&Type "Double"]       6.3513120322435557e-02
   &grad [&Type "ArrayOfDoubles", &Dim (84,1)] 
                                                         0

0                                     -1.2038729925103546e-02
1                                      1.2559330554648379e-03
2                                     -1.0625447358663142e-02
3                                      1.5370556945606623e-03
4                                      6.1113978011015585e-03
5                                      5.5708501994411561e-04
6                                      2.8955194343906029e-02
7                                     -1.2936619209603813e-02
8                                      3.3619420135454658e-02
9                                     -1.6552736903741687e-03
10                                    -2.7507749567263792e-03
11                                    -1.2139347500310057e-03
12                                     5.1501673559750921e-04
13                                     3.9045221605301336e-03
14                                    -1.1511078449324534e-03
15                                     7.7231316828129922e-03
16                                    -4.1661066973944956e-03
17                                    -6.6718585410220129e-03
18                                    -3.3852662660732733e-03
19                                     2.1145065147785158e-03
20                                    -3.4392399310441031e-03
21                                    -1.0882778187052241e-05
22                                    -2.5621390451037831e-04
23                                    -3.4995533030505197e-04
24                                     2.1023239869879932e-04
25                                    -5.2691187882371635e-05
26                                    -1.0094434775407769e-05
27                                     7.5696594269814756e-05
28                                    -7.3078393388138898e-05
29                                     2.2733938506537408e-04
30                                    -6.4314758271302817e-04
31                                     1.9092007664968250e-04
32                                     6.3390477054009312e-04
33                                     5.0013016994881901e-03
34                                     1.0882075856432187e-02
35                                     1.2101908354470304e-02
36                                    -2.1868024403704160e-02
37                                    -1.2366580288987789e-02
38                                    -1.7521832105773721e-02
39                                     4.4444620002743410e-03
40                                     4.0779567073474278e-03
41                                    -7.1701637432740701e-03
42                                     9.6479014993688930e-05
43                                    -9.5219994270453266e-06
44                                     2.9447979912876999e-04
45                                     3.6201957078485950e-05
46                                     3.3059169163750376e-04
47                                     1.8948065945439236e-04
48                                    -1.4235804702363714e-04
49                                    -1.6643588085236939e-03
50                                     3.3796084722093338e-04
51                                    -5.6534451377993452e-05
52                                    -2.3545303817214898e-04
53                                     6.9351695716199732e-05
54                                     1.1351691568131959e-04
55                                     1.9103113826809688e-04
56                                     1.3801862761170656e-04
57                                     1.0899032336178956e-04
58                                     3.2660632277348059e-04
59                                    -4.7687640056739598e-04
60                                    -5.3370803389926318e-03
61                                     1.6923629090463005e-03
62                                    -3.3462843200338971e-03
63                                    -1.0662161140001165e-03
64                                     1.2138931761399906e-03
65                                    -7.1724246110735010e-04
66                                    -1.8994612554170313e-03
67                                     2.6000258553419160e-03
68                                     6.2242564473752602e-03
69                                     1.1093853798542047e-04
70                                     1.0950039757738752e-04
71                                    -2.0832859244217963e-03
72                                    -5.4195601731128209e-04
73                                    -3.9655695205424854e-04
74                                     4.5260472109665104e-04
75                                    -1.1881472761489151e-04
76                                    -3.0109122534219892e-04
77                                     2.1294535382706294e-05
78                                    -1.1063608187555332e-04
79                                     1.5763209901365700e-04
80                                    -6.6682006960006325e-05
81                                    -5.3836279854534326e-05
82                                     5.0090781526253533e-05
83                                    -2.3099915708189292e-05
   &Method [&Type "String"] "SCF"
   &Level [&Type "String"] "Relaxed density"
   &Mult [&Type "Integer"] 1
   &State [&Type "Integer"] 0
   &Irrep [&Type "Integer"] 0
$End
$Geometry
   &GeometryIndex 4
   &NAtoms [&Type "Integer"] 28
   &NCorelessECP [&Type "Integer"] 0
   &NGhostAtoms [&Type "Integer"] 0
   &CartesianCoordinates [&Type "Coordinates", &Dim(28,4), &Units "Bohr"] 
              N     81.732317461480   54.801760914420   33.072053666069
              B     81.467607723121   52.343016169858   34.062824509489
              N     79.359776532831   50.692362603936   33.072053474873
              B     76.292617403805   45.777060671597   34.991361724143
              N     78.819373176754   46.871659713647   35.964481093489
              B     80.810138683571   48.413888281477   34.391650569573
              N     82.478033979927   50.480463888098   35.641220889647
              H     76.009194496703   44.365976112872   33.239856359198
              H     79.760330749510   45.484562641816   36.906981626108
              H     81.871216396351   47.052155775522   32.882439736288
              H     84.052999091978   50.385553815539   36.691917090124
              B     72.244230050585   47.337639889410   37.794522525415
              B     76.874059162940   48.320296921211   37.794523114348
              N     74.622122141100   46.964788687191   36.656139485087
              H     72.056105621023   48.920076694353   39.406979984839
              H     77.278903280559   47.899673086785   40.013466689403
              H     76.917210222374   50.567569902567   37.362349997113
              H     70.419431754258   46.139288299644   37.154461564370
              H     83.108512304349   56.015691318852   33.554694880960
              H     80.308715321641   55.579246452678   32.084718563003
              H     79.583345421781   50.490312147150   31.165434371332
              N     76.162220352025   54.133195320100   34.180130047647
              B     76.662651367108   51.674099725157   33.245939012782
              N     74.872106665625   50.372523980671   31.753504047539
              H     75.168098042824   48.610875935375   31.109422101270
              H     74.355935289102   54.695404153011   34.366466846525
              H     77.279803301959   54.889663806407   35.518541648614
              H     73.021278287704   50.794707452958   31.827760109811
$End
$SCF_Energy
   &GeometryIndex 4
   &Method [&Type "String"] "SCF"
   &totalEnergy [&Type "ArrayOfDoubles", &Dim (1,1)] "Total energy of each state"
                                                         0

0                                     -5.4128857152065802e+02
   &Mult [&Type "ArrayOfIntegers", &Dim (1,1)] "Multiplicity of each state"
                                                         0

0                                                        1
$End
$DFT_Energy
   &GeometryIndex 4
   &nAlphaEl [&Type "Integer"] 47
   &nBetaEl [&Type "Integer"] 47
   &nTotalEl [&Type "Integer"] 94
   &finalEn [&Type "Double"]      -5.4128857152065802e+02  "No Van der Waals correction"
   &eExchange [&Type "Double"]      -5.6285958229445967e+01
   &eCorr [&Type "Double"]      -3.0675197847084474e+00
   &eXC [&Type "Double"]      -5.9353478014154412e+01
   &eCNL [&Type "Double"]       0.0000000000000000e+00
$End
$SCF_Timings
   &GeometryIndex 4
   &TOTAL [&Type "Double"]       2.2998705000000001e+02
   &PREP [&Type "Double"]       4.4562700000000000e-01
   &FOCK [&Type "Double"]       2.1558048699999995e+02
   &DENS [&Type "Double"]       1.3751700000000255e-01
   &ETOT [&Type "Double"]       7.5485000000007574e-02
   &POP [&Type "Double"]       9.9999999747524271e-07
   &TRAFO [&Type "Double"]       2.0369899999998609e-01
   &DIIS [&Type "Double"]       8.8795199999999852e-01
   &SOSCF [&Type "Double"]       3.8651500000000283e-01
   &XC [&Type "Double"]       3.5851039000000014e+01
   &FOCKSTART [&Type "Double"]       2.2625999999958735e-02
   &INT_PREP [&Type "Double"]       3.0000000137420102e-06
   &INT_BF [&Type "Double"]       1.2012172999999013e+01
   &INT_DENS [&Type "Double"]       1.1447835000001582e+01
   &INT_DENSIO [&Type "Double"]       1.3084653455099980e+06
   &INT_FUNC [&Type "Double"]       3.7505600000061889e-01
   &INT_POT [&Type "Double"]       1.0726927999999734e+01
   &INT_POTIO [&Type "Double"]       1.4534799999925951e-01
   &INT_SUM [&Type "Double"]       2.0900000004786534e-04
   &SPLITRIJ [&Type "Double"]       7.9622220000000112e+00
   &COSX [&Type "Double"]       1.8408921400000000e+02
$End
$VdW_Correction
   &GeometryIndex 4
   &vdW [&Type "Double"]      -2.9231911491356798e-02
$End
$Single_Point_Data
   &GeometryIndex 4
   &FinalEnergy [&Type "Double"]      -5.4131780343214939e+02  "Final single point energy"
   &Converged [&Type "Boolean"] true
$End
$SCF_Nuc_Gradient
   &GeometryIndex 4
   &NAtoms [&Type "Integer"] 28
   &gradNorm [&Type "Double"]       6.0806901475329675e-02
   &grad [&Type "ArrayOfDoubles", &Dim (84,1)] 
                                                         0

0                                     -1.1408101534224419e-02
1                                      2.1603653877979218e-03
2                                     -1.0332332462991846e-02
3                                      2.2156116885252946e-03
4                                      5.2048598229509774e-03
5                                     -2.9478093383735948e-03
6                                      2.0489739562259326e-02
7                                     -9.8527912200058101e-03
8                                      3.5078404074536315e-02
9                                     -1.2749097521586052e-03
10                                    -3.1599358405421194e-03
11                                    -8.2101886390164897e-04
12                                     1.2006596700128521e-04
13                                     4.0134806297732369e-03
14                                    -8.0914499915914477e-04
15                                     8.1367535223387643e-03
16                                    -3.7156726589167438e-03
17                                    -9.1298387734862502e-03
18                                    -4.5453535235990810e-03
19                                     2.6075549601367841e-03
20                                    -3.3960422729309085e-03
21                                    -1.3946177338750569e-04
22                                    -2.0442519045492017e-05
23                                    -3.2387472757046512e-04
24                                     9.4189022478581770e-05
25                                     1.3924544055951248e-05
26                                    -3.2996405332454721e-05
27                                    -8.2838410307744576e-06
28                                    -1.2192628708488317e-04
29                                     1.8414319598397772e-04
30                                    -5.8976110467454915e-04
31                                     1.7282555961375739e-04
32                                     8.9651390372519715e-04
33                                     5.3114858398914978e-03
34                                     9.8742979971223610e-03
35                                     1.3143656593589636e-02
36                                    -2.2098795889054317e-02
37                                    -1.3930110915575025e-02
38                                    -1.7736141245305859e-02
39                                     4.5565747425136754e-03
40                                     3.8393555585669388e-03
41                                    -6.8757244007229901e-03
42                                    -5.7961727126235399e-05
43                                     2.4708534373410614e-04
44                                    -1.1932185790594678e-04
45                                    -5.3494691641342282e-05
46                                     4.8066609863411426e-04
47                                     1.7795806046753187e-04
48                                     3.9948583300955190e-05
49                                    -6.5070757551989730e-04
50                                    -1.8075038564889151e-04
51                                    -1.4167597658231712e-04
52                                     1.8402185958598126e-04
53                                    -2.0976914851214182e-04
54                                     2.7717791100997027e-05
55                                    -5.4287224582920515e-05
56                                     4.0736589917440408e-05
57                                     8.6706540282971634e-05
58                                    -9.0959890736387800e-05
59                                    -2.7040795425958733e-04
60                                    -2.1801212998727156e-04
61                                     8.4388726082757436e-04
62                                    -2.4777989750182281e-04
63                                     1.1437974727265029e-04
64                                     4.5692434485181761e-04
65                                    -8.5228902379240966e-04
66                                    -1.0826211649651106e-03
67                                     1.0656750198863737e-03
68                                     6.6149683272546745e-03
69                                     1.1631555211108000e-03
70                                     7.5617274188963983e-04
71                                    -2.2902436113279301e-03
72                                    -5.7502765101605431e-04
73                                    -2.0484552940499027e-04
74                                     4.2019530058992437e-04
75                                    -7.3276515116042074e-05
76                                    -4.2958226029941459e-04
77                                    -4.8573924250313847e-05
78                                    -1.9952217972270335e-05
79                                     2.2735728262260224e-04
80                                    -6.5475827622661002e-06
81                                    -6.9639131448969387e-05
82                                     8.2807459477996851e-05
83                                     7.4030779049251319e-05
   &Method [&Type "String"] "SCF"
   &Level [&Type "String"] "Relaxed density"
   &Mult [&Type "Integer"] 1
   &State [&Type "Integer"] 0
   &Irrep [&Type "Integer"] 0
$End
$Geometry
   &GeometryIndex 5
   &NAtoms [&Type "Integer"] 28
   &NCorelessECP [&Type "Integer"] 0
   &NGhostAtoms [&Type "Integer"] 0
   &CartesianCoordinates [&Type "Coordinates", &Dim(28,4), &Units "Bohr"] 
              N     81.732317450382   54.801760921711   33.072053681490
              B     81.467607750793   52.343016152634   34.062824471124
              N     79.359776526741   50.692362608063   33.072053483943
              B     76.292617395297   45.777060697949   34.991361691760
              N     78.819373173911   46.871659719356   35.964481097685
              B     80.810138684974   48.413888276402   34.391650566460
              N     82.478033969760   50.480463895533   35.641220905398
              H     76.009139630171   44.360555491138   33.245516079752
              H     79.758421791109   45.483898511405   36.907857021954
              H     81.868498891218   47.054028820926   32.877552450266
              H     84.075091183377   50.378353570295   36.657959804175
              B     72.244230041120   47.337639918841   37.794522495758
              B     76.874059160628   48.320296934824   37.794523101564
              N     74.622122162509   46.964788615533   36.656139556952
              H     72.058397013613   48.909450111274   39.417114446153
              H     77.279263785911   47.892393247028   40.011947942086
              H     76.921206472866   50.568332662470   37.366291454862
              H     70.423183630507   46.127232302028   37.167268189447
              H     83.111937623834   56.013850028539   33.548714785765
              H     80.290463911946   55.584890678229   32.115824079892
              H     79.706170695941   50.451915209284   31.187701753197
              N     76.097683902837   54.091521788105   34.004516898698
              B     76.659268446955   51.626926176595   33.125104175660
              N     74.904072574946   50.210661083628   31.701856308513
              H     75.266470694466   48.446688320970   31.099689656853
              H     74.280994116640   54.630448695681   34.155413125893
              H     77.185372631590   54.892208848049   35.341366120635
              H     73.040926828702   50.575062907427   31.761899812743
$End
$SCF_Energy
   &GeometryIndex 5
   &Method [&Type "String"] "SCF"
   &totalEnergy [&Type "ArrayOfDoubles", &Dim (1,1)] "Total energy of each state"
                                                         0

0                                     -5.4128899037981773e+02
   &Mult [&Type "ArrayOfIntegers", &Dim (1,1)] "Multiplicity of each state"
                                                         0

0                                                        1
$End
$DFT_Energy
   &GeometryIndex 5
   &nAlphaEl [&Type "Integer"] 47
   &nBetaEl [&Type "Integer"] 47
   &nTotalEl [&Type "Integer"] 94
   &finalEn [&Type "Double"]      -5.4128899037981773e+02  "No Van der Waals correction"
   &eExchange [&Type "Double"]      -5.6288229658253258e+01
   &eCorr [&Type "Double"]      -3.0674934861952701e+00
   &eXC [&Type "Double"]      -5.9355723144448525e+01
   &eCNL [&Type "Double"]       0.0000000000000000e+00
$End
$SCF_Timings
   &GeometryIndex 5
   &TOTAL [&Type "Double"]       2.3524981700000001e+02
   &PREP [&Type "Double"]       4.6625300000000003e-01
   &FOCK [&Type "Double"]       2.2035441200000000e+02
   &DENS [&Type "Double"]       1.3300300000003062e-01
   &ETOT [&Type "Double"]       7.4660999999977662e-02
   &POP [&Type "Double"]       9.9999999747524271e-07
   &TRAFO [&Type "Double"]       2.0000100000000032e-01
   &DIIS [&Type "Double"]       8.4681199999999990e-01
   &SOSCF [&Type "Double"]       3.5963400000001400e-01
   &XC [&Type "Double"]       3.7097990999999936e+01
   &FOCKSTART [&Type "Double"]       2.3389999999985034e-02
   &INT_PREP [&Type "Double"]       1.9999999949504854e-06
   &INT_BF [&Type "Double"]       1.1706133000000129e+01
   &INT_DENS [&Type "Double"]       1.1485582999999785e+01
   &INT_DENSIO [&Type "Double"]       1.3370633094359979e+06
   &INT_FUNC [&Type "Double"]       3.7642800000031684e-01
   &INT_POT [&Type "Double"]       1.0850338999999053e+01
   &INT_POTIO [&Type "Double"]       1.4396599999977155e-01
   &INT_SUM [&Type "Double"]       4.5700000003989771e-04
   &SPLITRIJ [&Type "Double"]       8.3941229999999685e+00
   &COSX [&Type "Double"]       1.8772232300000002e+02
$End
$VdW_Correction
   &GeometryIndex 5
   &vdW [&Type "Double"]      -2.9213157324636405e-02
$End
$Single_Point_Data
   &GeometryIndex 5
   &FinalEnergy [&Type "Double"]      -5.4131820353714238e+02  "Final single point energy"
   &Converged [&Type "Boolean"] true
$End
$SCF_Nuc_Gradient
   &GeometryIndex 5
   &NAtoms [&Type "Integer"] 28
   &gradNorm [&Type "Double"]       6.1326622862627633e-02
   &grad [&Type "ArrayOfDoubles", &Dim (84,1)] 
                                                         0

0                                     -1.0691603331539288e-02
1                                      2.2632424063386922e-03
2                                     -1.0215727077147543e-02
3                                      3.4210977964010247e-03
4                                      4.4075780674821818e-03
5                                     -5.5742518541670840e-03
6                                      1.4377362532119192e-02
7                                     -8.1481961004487898e-03
8                                      3.8404861829266432e-02
9                                     -1.0812712606579615e-03
10                                    -3.5412059422288427e-03
11                                    -1.3656152900708405e-03
12                                    -2.6771207861409920e-04
13                                     4.0948890570907262e-03
14                                    -3.1967702953263641e-04
15                                     8.7028091280739774e-03
16                                    -3.0380719076474297e-03
17                                    -1.1205237755040015e-02
18                                    -5.4956329270272929e-03
19                                     3.1037340218438157e-03
20                                    -2.6801336735192442e-03
21                                    -1.8209231942994749e-04
22                                     2.2886141470211270e-04
23                                    -5.4813991798624760e-05
24                                     2.4804596894251414e-05
25                                     6.3236853457666561e-06
26                                    -1.9384416832703190e-05
27                                    -7.9953070754900242e-05
28                                    -8.9650493661407309e-05
29                                     7.8493970249618179e-05
30                                    -5.3615580822347899e-04
31                                     1.6386187999383893e-04
32                                     7.5723513224226703e-04
33                                     4.7200269774223596e-03
34                                     1.0867126415059575e-02
35                                     1.2209012478643569e-02
36                                    -2.2030410066595323e-02
37                                    -1.4570747661599076e-02
38                                    -1.8029161973611624e-02
39                                     5.0073355430066743e-03
40                                     3.6845928024972934e-03
41                                    -6.9519565522778931e-03
42                                     2.1063487376858392e-05
43                                    -1.2284981054809142e-04
44                                     1.4721921680857224e-04
45                                    -8.6753315417894997e-05
46                                     5.0902521564217022e-04
47                                     1.1886304038007117e-04
48                                     1.9051556699971756e-04
49                                    -1.0056726525134528e-03
50                                    -9.7589193642702679e-05
51                                     3.0872558674409833e-05
52                                    -8.6509972978035822e-05
53                                     2.0358911168091062e-04
54                                     5.9861772845682472e-05
55                                    -1.7053002265639484e-04
56                                    -1.1472294135818581e-04
57                                    -1.5521228136233131e-04
58                                    -2.2045034522377954e-04
59                                     3.5465781193462113e-04
60                                     2.9895380524317954e-03
61                                    -1.1900392281293909e-04
62                                     1.2668249078128281e-03
63                                     2.1098799693542499e-04
64                                     4.6475647739696601e-04
65                                    -5.3908598370334189e-04
66                                     1.3004058017501577e-03
67                                     2.2281829088113539e-03
68                                     3.8312550689211739e-03
69                                     2.5074954781558536e-04
70                                    -4.3746434661023925e-04
71                                    -1.0789718941272399e-03
72                                    -3.2280278179394248e-04
73                                    -4.0767375273458825e-04
74                                     7.2759451009097524e-04
75                                    -1.3133907226324041e-04
76                                    -3.9149866070260157e-04
77                                     1.8822799807713021e-04
78                                    -1.5754265359663321e-04
79                                     2.0233657903187050e-04
80                                    -2.7592725371962726e-04
81                                    -8.8950527400246516e-05
82                                     1.2501460765910143e-04
83                                     2.3442178764041682e-04
   &Method [&Type "String"] "SCF"
   &Level [&Type "String"] "Relaxed density"
   &Mult [&Type "Integer"] 1
   &State [&Type "Integer"] 0
   &Irrep [&Type "Integer"] 0
$End
$Geometry
   &GeometryIndex 6
   &NAtoms [&Type "Integer"] 28
   &NCorelessECP [&Type "Integer"] 0
   &NGhostAtoms [&Type "Integer"] 0
   &CartesianCoordinates [&Type "Coordinates", &Dim(28,4), &Units "Bohr"] 
              N     81.732317455659   54.801760918310   33.072053674425
              B     81.467607737418   52.343016160591   34.062824488076
              N     79.359776530205   50.692362608141   33.072053482738
              B     76.292617397927   45.777060688527   34.991361696178
              N     78.819373171518   46.871659728427   35.964481101722
              B     80.810138686866   48.413888269231   34.391650559723
              N     82.478033973543   50.480463893936   35.641220900473
              H     76.011176331981   44.351934096888   33.252406471177
              H     79.757361871979   45.483636190761   36.908598456078
              H     81.867904739243   47.055873664002   32.874706095747
              H     84.096327221242   50.371489104663   36.623453419776
              B     72.244230043089   47.337639912546   37.794522501785
              B     76.874059161834   48.320296928966   37.794523104411
              N     74.622122158057   46.964788632172   36.656139542601
              H     72.058168891210   48.908323225693   39.417936444999
              H     77.280762748899   47.884488575693   40.010112942606
              H     76.920493572214   50.572303080423   37.371433360387
              H     70.423874139758   46.125534886948   37.168312073688
              H     83.110359771804   56.015209811700   33.550601115463
              H     80.287725001896   55.585163021287   32.119217515675
              H     79.747414407230   50.434783174801   31.195068563171
              N     76.008926980036   53.975241621517   34.049400152613
              B     76.647609030996   51.575957963613   33.051265710978
              N     74.963924048431   50.187564068837   31.521761398867
              H     75.402231722840   48.484918993931   30.804915880259
              H     74.181157317905   54.486843301914   34.154475339537
              H     77.030942738511   54.708043336384   35.474388597976
              H     73.090840106930   50.498946029074   31.544631157779
$End
$SCF_Energy
   &GeometryIndex 6
   &Method [&Type "String"] "SCF"
   &totalEnergy [&Type "ArrayOfDoubles", &Dim (1,1)] "Total energy of each state"
                                                         0

0                                     -5.4128926444646675e+02
   &Mult [&Type "ArrayOfIntegers", &Dim (1,1)] "Multiplicity of each state"
                                                         0

0                                                        1
$End
$DFT_Energy
   &GeometryIndex 6
   &nAlphaEl [&Type "Integer"] 47
   &nBetaEl [&Type "Integer"] 47
   &nTotalEl [&Type "Integer"] 94
   &finalEn [&Type "Double"]      -5.4128926444646675e+02  "No Van der Waals correction"
   &eExchange [&Type "Double"]      -5.6287508390953853e+01
   &eCorr [&Type "Double"]      -3.0666670242772702e+00
   &eXC [&Type "Double"]      -5.9354175415231126e+01
   &eCNL [&Type "Double"]       0.0000000000000000e+00
$End
$SCF_Timings
   &GeometryIndex 6
   &TOTAL [&Type "Double"]       2.0751685400000002e+02
   &PREP [&Type "Double"]       3.9064199999999999e-01
   &FOCK [&Type "Double"]       1.9096809800000003e+02
   &DENS [&Type "Double"]       1.1362700000000814e-01
   &ETOT [&Type "Double"]       6.3804000000001082e-02
   &TRAFO [&Type "Double"]       2.1034899999998657e-01
   &DIIS [&Type "Double"]       7.3026799999999525e-01
   &SOSCF [&Type "Double"]       2.7808300000002362e-01
   &XC [&Type "Double"]       3.2111365000000006e+01
   &FOCKSTART [&Type "Double"]       1.8044999999975830e-02
   &INT_PREP [&Type "Double"]       4.0000000041118255e-06
   &INT_BF [&Type "Double"]       1.0753196000001456e+01
   &INT_DENS [&Type "Double"]       9.6799979999998733e+00
   &INT_DENSIO [&Type "Double"]       9.9447380025199789e+05
   &INT_FUNC [&Type "Double"]       3.1847100000166151e-01
   &INT_POT [&Type "Double"]       9.7214549999992848e+00
   &INT_POTIO [&Type "Double"]       1.1575099999890881e-01
   &INT_SUM [&Type "Double"]       1.6699999997982218e-04
   &SPLITRIJ [&Type "Double"]       6.8348360000000108e+00
   &COSX [&Type "Double"]       1.6681450000000001e+02
$End
$VdW_Correction
   &GeometryIndex 6
   &vdW [&Type "Double"]      -2.9144375103883839e-02
$End
$Single_Point_Data
   &GeometryIndex 6
   &FinalEnergy [&Type "Double"]      -5.4131840882157064e+02  "Final single point energy"
   &Converged [&Type "Boolean"] true
$End
$SCF_Nuc_Gradient
   &GeometryIndex 6
   &NAtoms [&Type "Integer"] 28
   &gradNorm [&Type "Double"]       6.3433044682578918e-02
   &grad [&Type "ArrayOfDoubles", &Dim (84,1)] 
                                                         0

0                                     -1.0282641720523280e-02
1                                      2.6568082270358832e-03
2                                     -9.8972124702682799e-03
3                                      4.5912179369858143e-03
4                                      3.0960389114788665e-03
5                                     -6.3020045554127452e-03
6                                      1.3896552996749963e-02
7                                     -6.1968656379553797e-03
8                                      4.1385661006568111e-02
9                                     -8.7128971538193807e-04
10                                    -3.3267883436259500e-03
11                                    -4.7341187608117784e-04
12                                    -7.2074138506038430e-04
13                                     3.8650898322148187e-03
14                                     6.2268378964486345e-05
15                                     8.7226197229878354e-03
16                                    -2.4226695668253186e-03
17                                    -1.2037163633501316e-02
18                                    -6.0887862090398580e-03
19                                     3.5024128174824831e-03
20                                    -2.1990389774923179e-03
21                                    -2.0639326669722740e-04
22                                     2.5481109265051689e-04
23                                    -2.0498240820429115e-04
24                                     2.1859564059284010e-05
25                                    -1.3567520232474274e-05
26                                     3.3425955287748420e-05
27                                    -1.3799742165093834e-04
28                                    -9.9408900200262349e-06
29                                    -2.6851139697687748e-06
30                                    -3.8209058218618400e-04
31                                     1.2237983218118360e-04
32                                     4.5809618319680648e-04
33                                     4.6941157671520663e-03
34                                     1.0926442265681732e-02
35                                     1.2312569886109534e-02
36                                    -2.2385804612612241e-02
37                                    -1.5893724807036370e-02
38                                    -1.8689073773714183e-02
39                                     5.3042188533551603e-03
40                                     2.7683991129282817e-03
41                                    -6.0890590182932211e-03
42                                     2.2821815696325484e-05
43                                    -1.8116208725939983e-04
44                                     1.2279564002686964e-04
45                                    -8.5965702654979253e-05
46                                     6.5670198897532989e-04
47                                    -1.7259588173027012e-05
48                                    -8.1209298195569719e-05
49                                     9.0710051564667671e-04
50                                    -9.7087902679616242e-04
51                                     5.7060036647992257e-05
52                                    -1.1213524125793546e-04
53                                     2.1077467089420518e-04
54                                     2.3279650998562782e-04
55                                    -1.3111379331645591e-04
56                                    -9.4968783679984692e-05
57                                    -1.9245867605858122e-04
58                                    -2.5245053255344853e-04
59                                    -1.2273056854394130e-04
60                                     3.1557931793311711e-03
61                                    -5.2617631859727611e-04
62                                     6.6839702086579622e-04
63                                     2.8287793819879400e-04
64                                     5.9945551184969266e-04
65                                     1.0188774505172490e-03
66                                     1.1242658266803983e-03
67                                    -7.8977914064994720e-04
68                                     1.2408409788868743e-03
69                                     4.9078551622677854e-05
70                                     8.4720290243786708e-04
71                                    -1.0097045261306119e-03
72                                    -1.8575231794697291e-04
73                                    -1.0710031001509297e-04
74                                     1.7427752885923920e-04
75                                    -2.2340054891096048e-04
76                                    -4.0089100220750567e-04
77                                     1.3492863970869748e-04
78                                    -1.6946243034108246e-04
79                                     2.4777721498704273e-04
80                                     2.6357787008755412e-06
81                                    -1.4128481573525279e-04
82                                    -8.6255071752291439e-05
83                                     2.8462516182918888e-04
   &Method [&Type "String"] "SCF"
   &Level [&Type "String"] "Relaxed density"
   &Mult [&Type "Integer"] 1
   &State [&Type "Integer"] 0
   &Irrep [&Type "Integer"] 0
$End
$Geometry
   &GeometryIndex 7
   &NAtoms [&Type "Integer"] 28
   &NCorelessECP [&Type "Integer"] 0
   &NGhostAtoms [&Type "Integer"] 0
   &CartesianCoordinates [&Type "Coordinates", &Dim(28,4), &Units "Bohr"] 
              N     81.732317281028   54.801761033298   33.072053914756
              B     81.467608182525   52.343015883963   34.062823884866
              N     79.359776420367   50.692362675355   33.072053628055
              B     76.292617405876   45.777060684241   34.991361660945
              N     78.819373126011   46.871659787748   35.964481111785
              B     80.810138712617   48.413888228855   34.391650523600
              N     82.478033804521   50.480464010050   35.641221144889
              H     76.014482095226   44.341115798645   33.261059089126
              H     79.757083608651   45.483744668815   36.908801139297
              H     81.869501583578   47.056645353757   32.874814877908
              H     84.108852050993   50.367470566844   36.602504019817
              B     72.244230036062   47.337639935559   37.794522477588
              B     76.874059176191   48.320296919552   37.794523104223
              N     74.622122170916   46.964788582227   36.656139601426
              H     72.053721114070   48.922418643574   39.403649554663
              H     77.282395005994   47.876039425102   40.008537519061
              H     76.919807604719   50.573065639778   37.380231971341
              H     70.419713758398   46.139658536681   37.153046681742
              H     83.104433968450   56.018276948600   33.559580144624
              H     80.289116266778   55.586913067489   32.118881043733
              H     79.721322197098   50.432736999635   31.190312384103
              N     75.983582891806   53.967900475319   33.982725796706
              B     76.639850788788   51.557351783359   33.027445893562
              N     74.974133655272   50.130531006960   31.514906366811
              H     75.437059940428   48.431602626400   30.804992662846
              H     74.155599683865   54.483258484810   34.056622017186
              H     76.990888438732   54.723611296433   35.406460931111
              H     73.099141555848   50.428490343860   31.515530948453
$End
$SCF_Energy
   &GeometryIndex 7
   &Method [&Type "String"] "SCF"
   &totalEnergy [&Type "ArrayOfDoubles", &Dim (1,1)] "Total energy of each state"
                                                         0

0                                     -5.4128946299793120e+02
   &Mult [&Type "ArrayOfIntegers", &Dim (1,1)] "Multiplicity of each state"
                                                         0

0                                                        1
$End
$DFT_Energy
   &GeometryIndex 7
   &nAlphaEl [&Type "Integer"] 47
   &nBetaEl [&Type "Integer"] 47
   &nTotalEl [&Type "Integer"] 94
   &finalEn [&Type "Double"]      -5.4128946299793120e+02  "No Van der Waals correction"
   &eExchange [&Type "Double"]      -5.6287420087731363e+01
   &eCorr [&Type "Double"]      -3.0665806654690617e+00
   &eXC [&Type "Double"]      -5.9354000753200424e+01
   &eCNL [&Type "Double"]       0.0000000000000000e+00
$End
$SCF_Timings
   &GeometryIndex 7
   &TOTAL [&Type "Double"]       1.8954564999999999e+02
   &PREP [&Type "Double"]       3.9601399999999998e-01
   &FOCK [&Type "Double"]       1.7470044400000000e+02
   &DENS [&Type "Double"]       1.0158899999998994e-01
   &ETOT [&Type "Double"]       4.9480999999975239e-02
   &POP [&Type "Double"]       9.9999999747524271e-07
   &TRAFO [&Type "Double"]       1.6912100000001118e-01
   &DIIS [&Type "Double"]       6.7932300000001433e-01
   &SOSCF [&Type "Double"]       2.4589200000001554e-01
   &XC [&Type "Double"]       2.8067854999999998e+01
   &FOCKSTART [&Type "Double"]       1.6824000000015438e-02
   &INT_PREP [&Type "Double"]       1.0000000045806701e-06
   &INT_BF [&Type "Double"]       9.3868360000009510e+00
   &INT_DENS [&Type "Double"]       8.6614340000001242e+00
   &INT_DENSIO [&Type "Double"]       9.0081533295099728e+05
   &INT_FUNC [&Type "Double"]       3.0809200000024362e-01
   &INT_POT [&Type "Double"]       8.2134910000006123e+00
   &INT_POTIO [&Type "Double"]       1.1067499999965946e-01
   &INT_SUM [&Type "Double"]       1.5600000001469994e-04
   &SPLITRIJ [&Type "Double"]       6.5655090000000227e+00
   &COSX [&Type "Double"]       1.5335296399999999e+02
$End
$VdW_Correction
   &GeometryIndex 7
   &vdW [&Type "Double"]      -2.9135127729620333e-02
$End
$Single_Point_Data
   &GeometryIndex 7
   &FinalEnergy [&Type "Double"]      -5.4131859812566086e+02  "Final single point energy"
   &Converged [&Type "Boolean"] true
$End
$SCF_Nuc_Gradient
   &GeometryIndex 7
   &NAtoms [&Type "Integer"] 28
   &gradNorm [&Type "Double"]       6.3725727623146308e-02
   &grad [&Type "ArrayOfDoubles", &Dim (84,1)] 
                                                         0

0                                     -1.0272877687114731e-02
1                                      2.4019025953566130e-03
2                                     -1.0037412719738415e-02
3                                      5.0938011681527931e-03
4                                      3.0881792399873884e-03
5                                     -5.6008287437195482e-03
6                                      1.5745473255380459e-02
7                                     -5.8307256310958181e-03
8                                      4.1479307845888935e-02
9                                     -9.5172982500706137e-04
10                                    -3.0107195543171380e-03
11                                    -8.9840291909390284e-04
12                                    -7.1592514972271617e-04
13                                     3.5013007659394271e-03
14                                     3.7345687744459461e-04
15                                     8.6033172191765737e-03
16                                    -2.4100437095119736e-03
17                                    -1.1527795449392766e-02
18                                    -6.3249265783656070e-03
19                                     3.5565588389884842e-03
20                                    -1.9526075350892770e-03
21                                    -1.3046633087810262e-04
22                                     1.9502689060430997e-04
23                                    -6.7704754443878546e-05
24                                     2.1777257472225132e-05
25                                     1.0146654198677944e-05
26                                     3.1420329448985237e-05
27                                    -9.0741521016016738e-05
28                                     3.2449890649937578e-05
29                                    -5.3334899327417849e-05
30                                    -1.3132045809317381e-04
31                                     7.5853565018696903e-05
32                                     1.9970571169882138e-04
33                                     4.9385255939894141e-03
34                                     9.8133239278373266e-03
35                                     1.3547322022633139e-02
36                                    -2.2337998651520554e-02
37                                    -1.5363542303748817e-02
38                                    -1.9044872214581194e-02
39                                     5.3673860491616236e-03
40                                     2.9486999918630998e-03
41                                    -6.4444624431546594e-03
42                                    -9.5210318950488977e-05
43                                     2.4417247178677715e-04
44                                    -3.0636937786695200e-04
45                                    -4.5643492405040980e-05
46                                     4.8977549237919896e-04
47                                    -2.0238698087952792e-05
48                                    -6.6307675885226842e-05
49                                     3.7671634220379718e-04
50                                    -5.8736235917428679e-04
51                                    -4.4046708765068152e-05
52                                     2.6932459377774424e-04
53                                    -2.0941957343797410e-04
54                                     9.4838531840513770e-05
55                                    -1.0502672209206288e-04
56                                    -1.0230532985173308e-04
57                                    -6.4636334875145404e-05
58                                    -9.1445085854243504e-05
59                                     1.2536377244417721e-05
60                                     1.1620897109695710e-03
61                                    -4.8392199032855528e-04
62                                     4.7545552275476185e-04
63                                     9.4618034424968174e-05
64                                     5.3918609403742594e-04
65                                     4.1345136341231653e-04
66                                     7.0596378280810587e-04
67                                    -6.7291459500991540e-04
68                                     4.9635684854094030e-04
69                                    -2.5483899265089303e-04
70                                     6.1074096671569732e-04
71                                    -6.2873820356372880e-04
72                                    -1.6047668058223979e-05
73                                    -4.4990858656798402e-05
74                                     1.3535944521536961e-04
75                                    -1.3237657624374697e-04
76                                    -3.2120501697216399e-04
77                                     1.0104238374024529e-04
78                                    -1.0633598431398774e-04
79                                     2.0080556828695533e-04
80                                     3.5573574065428582e-06
81                                    -4.6360680874916001e-05
82                                    -1.9628449671022764e-05
83                                     2.1288313331682449e-04
   &Method [&Type "String"] "SCF"
   &Level [&Type "String"] "Relaxed density"
   &Mult [&Type "Integer"] 1
   &State [&Type "Integer"] 0
   &Irrep [&Type "Integer"] 0
$End
$Geometry
   &GeometryIndex 8
   &NAtoms [&Type "Integer"] 28
   &NCorelessECP [&Type "Integer"] 0
   &NGhostAtoms [&Type "Integer"] 0
   &CartesianCoordinates [&Type "Coordinates", &Dim(28,4), &Units "Bohr"] 
              N     81.732317455440   54.801760918684   33.072053674351
              B     81.467607737741   52.343016160470   34.062824489768
              N     79.359776531877   50.692362603533   33.072053477120
              B     76.292617417530   45.777060627567   34.991361776477
              N     78.819373188371   46.871659698642   35.964481093226
              B     80.810138670460   48.413888295615   34.391650570381
              N     82.478033977636   50.480463889176   35.641220897425
              H     76.019086324939   44.325556396273   33.273120403290
              H     79.756421739940   45.483520096189   36.908840640370
              H     81.872117292041   47.056903004957   32.875907632464
              H     84.124262145121   50.362100049625   36.575618203275
              B     72.244230066788   47.337639839008   37.794522575891
              B     76.874059165519   48.320296898756   37.794523133328
              N     74.622122104752   46.964788809396   36.656139364166
              H     72.061961293740   48.896263562012   39.430110233610
              H     77.284446684587   47.862335344454   40.006208844275
              H     76.920188579909   50.573936416520   37.393827632112
              H     70.425869910607   46.120201836353   37.171345248932
              H     83.094788495986   56.023694725394   33.573370375984
              H     80.291153661696   55.586947543204   32.115859184361
              H     79.706708187100   50.430778651952   31.186930851215
              N     75.947868965105   53.947749532758   33.892394408010
              B     76.631448947538   51.528319030678   32.986386200320
              N     75.001634679689   50.055558627020   31.480756353436
              H     75.504135367425   48.367258131174   30.772755750993
              H     74.121163883549   54.471315251114   33.913567907958
              H     76.927226001604   54.724942656218   35.324148989467
              H     73.124479822362   50.333293935486   31.439662169756
$End
$SCF_Energy
   &GeometryIndex 8
   &Method [&Type "String"] "SCF"
   &totalEnergy [&Type "ArrayOfDoubles", &Dim (1,1)] "Total energy of each state"
                                                         0

0                                     -5.4128955585303129e+02
   &Mult [&Type "ArrayOfIntegers", &Dim (1,1)] "Multiplicity of each state"
                                                         0

0                                                        1
$End
$DFT_Energy
   &GeometryIndex 8
   &nAlphaEl [&Type "Integer"] 47
   &nBetaEl [&Type "Integer"] 47
   &nTotalEl [&Type "Integer"] 94
   &finalEn [&Type "Double"]      -5.4128955585303129e+02  "No Van der Waals correction"
   &eExchange [&Type "Double"]      -5.6287417566524063e+01
   &eCorr [&Type "Double"]      -3.0664368473447254e+00
   &eXC [&Type "Double"]      -5.9353854413868788e+01
   &eCNL [&Type "Double"]       0.0000000000000000e+00
$End
$SCF_Timings
   &GeometryIndex 8
   &TOTAL [&Type "Double"]       1.9421283700000001e+02
   &PREP [&Type "Double"]       3.8870199999999999e-01
   &FOCK [&Type "Double"]       1.7934828100000001e+02
   &DENS [&Type "Double"]       1.3362999999998237e-01
   &ETOT [&Type "Double"]       5.1253000000002658e-02
   &POP [&Type "Double"]       9.9999999747524271e-07
   &TRAFO [&Type "Double"]       1.8422099999999375e-01
   &DIIS [&Type "Double"]       7.0167800000000469e-01
   &SOSCF [&Type "Double"]       2.3910799999997323e-01
   &XC [&Type "Double"]       2.8229590999999999e+01
   &FOCKSTART [&Type "Double"]       1.8546000000023599e-02
   &INT_PREP [&Type "Double"]       3.9999999899009708e-06
   &INT_BF [&Type "Double"]       9.5276649999987626e+00
   &INT_DENS [&Type "Double"]       8.6505210000016817e+00
   &INT_DENSIO [&Type "Double"]       9.2148111826799728e+05
   &INT_FUNC [&Type "Double"]       3.0572100000048508e-01
   &INT_POT [&Type "Double"]       8.6825669999989223e+00
   &INT_POTIO [&Type "Double"]       1.3398000000086796e-01
   &INT_SUM [&Type "Double"]       1.9499999998018325e-04
   &SPLITRIJ [&Type "Double"]       6.7442019999999969e+00
   &COSX [&Type "Double"]       1.5761308300000005e+02
$End
$VdW_Correction
   &GeometryIndex 8
   &vdW [&Type "Double"]      -2.9107162880077059e-02
$End
$Single_Point_Data
   &GeometryIndex 8
   &FinalEnergy [&Type "Double"]      -5.4131866301591140e+02  "Final single point energy"
   &Converged [&Type "Boolean"] true
$End
$SCF_Nuc_Gradient
   &GeometryIndex 8
   &NAtoms [&Type "Integer"] 28
   &gradNorm [&Type "Double"]       6.4025866985793392e-02
   &grad [&Type "ArrayOfDoubles", &Dim (84,1)] 
                                                         0

0                                     -1.0209584708684353e-02
1                                      2.0879784766480855e-03
2                                     -1.0150453010549249e-02
3                                      5.8485085561174946e-03
4                                      2.8989927512845532e-03
5                                     -5.2022352682531987e-03
6                                      1.6803902394023865e-02
7                                     -5.0174422350600031e-03
8                                      4.2014966116767055e-02
9                                     -9.9151209832733797e-04
10                                    -2.6077291151716466e-03
11                                    -1.1699701777379166e-03
12                                    -7.0060861609821446e-04
13                                     3.0848556967808067e-03
14                                     7.9480541695002354e-04
15                                     8.4683074508626402e-03
16                                    -2.3032751037849537e-03
17                                    -1.1138526383036801e-02
18                                    -6.6514615573551820e-03
19                                     3.6623271268734279e-03
20                                    -1.6358985441342175e-03
21                                    -4.7641339941676005e-05
22                                     6.3209954032943897e-05
23                                     1.2450231539922927e-06
24                                    -1.3330157971104415e-06
25                                     1.0522336876425130e-05
26                                     2.7844553565465771e-05
27                                    -2.7321304654658995e-05
28                                     6.5551633605055815e-05
29                                    -8.1014720464535193e-05
30                                     9.8540439296191263e-05
31                                     1.7644072627213084e-05
32                                    -1.2996778882543071e-04
33                                     4.3227547416231794e-03
34                                     1.1679725805722716e-02
35                                     1.1733675470314049e-02
36                                    -2.2334287679087506e-02
37                                    -1.4583754373591627e-02
38                                    -1.9674081941950687e-02
39                                     5.6626570683847785e-03
40                                     2.1006695226678902e-03
41                                    -5.8055187326363951e-03
42                                     1.2316702238579215e-04
43                                    -3.4775523024767080e-04
44                                     3.6140031875313603e-04
45                                     3.2575620664935143e-05
46                                     2.4366128258806539e-04
47                                     2.3797139296047857e-05
48                                    -5.8345120519224725e-05
49                                    -3.1933808622074410e-04
50                                    -1.0603547736772617e-04
51                                     1.3690765807331673e-04
52                                    -4.1926647369321308e-04
53                                     4.1201436641075139e-04
54                                    -1.5463047352712826e-05
55                                    -6.0483673806060057e-06
56                                    -4.5531155702035861e-05
57                                     2.0908538865282762e-05
58                                     8.2204851573115329e-05
59                                     7.6932859506280115e-05
60                                    -5.9939088695609136e-04
61                                    -4.4306246675934941e-04
62                                     6.1642142204493153e-05
63                                     1.7219601837057579e-04
64                                     3.5099132161058890e-04
65                                    -3.2817862808682505e-04
66                                     6.3790601429007302e-05
67                                    -6.6133616888957507e-04
68                                     5.5898602820570722e-05
69                                    -2.3049939181706274e-04
70                                     3.7000181759447754e-04
71                                    -2.4522750364601811e-04
72                                     1.2861686620562729e-04
73                                     4.4953707422559850e-05
74                                     3.5807268492799423e-05
75                                    -2.0533329540127704e-05
76                                    -1.7018334797940982e-04
77                                     1.6380306796040401e-05
78                                    -6.3024624400986101e-05
79                                     6.7857794308378075e-05
80                                    -2.0128647651151033e-05
81                                     6.8173649707518565e-05
82                                     4.8042780159579590e-05
83                                     1.1635839314052499e-04
   &Method [&Type "String"] "SCF"
   &Level [&Type "String"] "Relaxed density"
   &Mult [&Type "Integer"] 1
   &State [&Type "Integer"] 0
   &Irrep [&Type "Integer"] 0
$End
$Geometry
   &GeometryIndex 9
   &NAtoms [&Type "Integer"] 28
   &NCorelessECP [&Type "Integer"] 0
   &NGhostAtoms [&Type "Integer"] 0
   &CartesianCoordinates [&Type "Coordinates", &Dim(28,4), &Units "Bohr"] 
              N     81.732317457574   54.801760917139   33.072053672202
              B     81.467607732419   52.343016163257   34.062824492680
              N     79.359776533292   50.692362608120   33.072053483963
              B     76.292617411711   45.777060642000   34.991361742674
              N     78.819373178839   46.871659728047   35.964481108148
              B     80.810138678621   48.413888271489   34.391650550140
              N     82.478033976485   50.480463892620   35.641220901636
              H     76.020014710399   44.322113921268   33.275665486592
              H     79.756203274228   45.483295709242   36.908698621778
              H     81.872833741136   47.056356920781   32.876768871885
              H     84.125357351595   50.361459800184   36.573591363937
              B     72.244230058288   47.337639864836   37.794522549246
              B     76.874059164834   48.320296903707   37.794523122297
              N     74.622122124051   46.964788749632   36.656139429145
              H     72.057032085170   48.911344425150   39.415043423974
              H     77.284441999217   47.858462624475   40.005612969050
              H     76.921059115413   50.574969070754   37.396994770490
              H     70.419788194508   46.139203392122   37.152365293787
              H     83.092746762132   56.025061133026   33.575889977467
              H     80.291755069020   55.585391088350   32.113486930317
              H     79.715699313385   50.432870910298   31.187613349647
              N     75.932974051304   53.930507931687   33.891838743030
              B     76.629214003816   51.517908795479   32.978719798505
              N     75.007498437206   50.031993323996   31.477300886652
              H     75.521341892899   48.348119766459   30.766826087560
              H     74.105051286919   54.450025577708   33.909004514719
              H     76.907007258489   54.706049965858   35.328139390127
              H     73.128806569780   50.298983908143   31.433278156097
$End
$SCF_Energy
   &GeometryIndex 9
   &Method [&Type "String"] "SCF"
   &totalEnergy [&Type "ArrayOfDoubles", &Dim (1,1)] "Total energy of each state"
                                                         0

0                                     -5.4128957028985974e+02
   &Mult [&Type "ArrayOfIntegers", &Dim (1,1)] "Multiplicity of each state"
                                                         0

0                                                        1
$End
$DFT_Energy
   &GeometryIndex 9
   &nAlphaEl [&Type "Integer"] 47
   &nBetaEl [&Type "Integer"] 47
   &nTotalEl [&Type "Integer"] 94
   &finalEn [&Type "Double"]      -5.4128957028985974e+02  "No Van der Waals correction"
   &eExchange [&Type "Double"]      -5.6287292959790378e+01
   &eCorr [&Type "Double"]      -3.0664317827213421e+00
   &eXC [&Type "Double"]      -5.9353724742511723e+01
   &eCNL [&Type "Double"]       0.0000000000000000e+00
$End
$SCF_Timings
   &GeometryIndex 9
   &TOTAL [&Type "Double"]       1.6856653200000000e+02
   &PREP [&Type "Double"]       3.9275600000000005e-01
   &FOCK [&Type "Double"]       1.5163173599999999e+02
   &DENS [&Type "Double"]       6.2929000000011115e-02
   &ETOT [&Type "Double"]       3.4430000000014616e-02
   &TRAFO [&Type "Double"]       9.0926999999993541e-02
   &DIIS [&Type "Double"]       1.5994199999999381e-01
   &SOSCF [&Type "Double"]       3.2569600000000776e-01
   &XC [&Type "Double"]       1.9524520000000020e+01
   &FOCKSTART [&Type "Double"]       1.9880999999989712e-02
   &INT_PREP [&Type "Double"]       1.9999999949504854e-06
   &INT_BF [&Type "Double"]       5.3021639999990384e+00
   &INT_DENS [&Type "Double"]       5.8813230000007160e+00
   &INT_DENSIO [&Type "Double"]       4.9791405580499605e+05
   &INT_FUNC [&Type "Double"]       1.9080600000090087e-01
   &INT_POT [&Type "Double"]       6.8156830000005257e+00
   &INT_POTIO [&Type "Double"]       6.7017999999336553e-02
   &INT_SUM [&Type "Double"]       9.8000000008369170e-05
   &SPLITRIJ [&Type "Double"]       4.1017780000000190e+00
   &COSX [&Type "Double"]       1.4391033500000000e+02
$End
$VdW_Correction
   &GeometryIndex 9
   &vdW [&Type "Double"]      -2.9118271115624126e-02
$End
$Single_Point_Data
   &GeometryIndex 9
   &FinalEnergy [&Type "Double"]      -5.4131868856097537e+02  "Final single point energy"
   &Converged [&Type "Boolean"] true
$End
$SCF_Nuc_Gradient
   &GeometryIndex 9
   &NAtoms [&Type "Integer"] 28
   &gradNorm [&Type "Double"]       6.4422090135891119e-02
   &grad [&Type "ArrayOfDoubles", &Dim (84,1)] 
                                                         0

0                                     -1.0118435957665739e-02
1                                      2.0962405224292354e-03
2                                     -1.0109721483512179e-02
3                                      6.0427982865365638e-03
4                                      2.7628547780093452e-03
5                                     -5.4849817194379006e-03
6                                      1.6336387949375579e-02
7                                     -4.9481617520919898e-03
8                                      4.2513205274847622e-02
9                                     -1.0133266501607657e-03
10                                    -2.4753789960229680e-03
11                                    -1.2032955647234430e-03
12                                    -7.3552974378320772e-04
13                                     2.9527773310440214e-03
14                                     9.5528665278222374e-04
15                                     8.4240523314752028e-03
16                                    -2.1952254780564259e-03
17                                    -1.1213031023967061e-02
18                                    -6.6743576916104040e-03
19                                     3.6772902883091636e-03
20                                    -1.5978593728608714e-03
21                                    -3.9819879078172953e-05
22                                     3.6515595488022105e-05
23                                    -2.3891658348515405e-05
24                                     4.3292002033270394e-06
25                                     5.9978924741464014e-06
26                                     3.4027831310342495e-05
27                                    -1.6369148081507294e-05
28                                     5.0673171707752557e-05
29                                    -5.9481540032517187e-05
30                                     8.6161999160472774e-05
31                                     1.0904040290357679e-05
32                                    -1.3728353530980522e-04
33                                     4.6944237794716362e-03
34                                     1.0314297701876876e-02
35                                     1.3161751968356061e-02
36                                    -2.2375133636968161e-02
37                                    -1.4547703100204140e-02
38                                    -1.9888108952745159e-02
39                                     5.6956835873662884e-03
40                                     2.3573710669556511e-03
41                                    -6.2339859069653215e-03
42                                    -3.6461404443494919e-05
43                                     1.3254795419337563e-04
44                                    -1.2757797721934567e-04
45                                     1.9602411353528131e-05
46                                     1.7980880213910031e-04
47                                     1.5519965796316807e-05
48                                    -5.7839924028068213e-05
49                                    -9.4041674844405431e-05
50                                    -1.3636942686335904e-04
51                                    -1.5097653992486327e-05
52                                     6.6368019929887844e-05
53                                    -7.2967988775841621e-05
54                                     1.4766066792315223e-05
55                                     1.8240932646226837e-05
56                                    -8.4578666141459406e-07
57                                    -2.3014527311746294e-05
58                                     5.1551253180103477e-05
59                                     1.0566973887822925e-05
60                                    -3.2988416339045027e-04
61                                    -3.6841390104435252e-04
62                                    -9.7856569676045899e-05
63                                     1.4009168804768709e-04
64                                     2.3003936180511215e-04
65                                    -4.8232599457996583e-05
66                                     2.5577177657555241e-04
67                                    -4.0432300855047852e-04
68                                    -4.0004805705951219e-04
69                                    -2.8654437668773896e-04
70                                     1.2043724988576669e-04
71                                    -4.2333289766818371e-05
72                                     9.4739712007683243e-05
73                                    -1.7083410051881256e-05
74                                     7.5316856076094747e-05
75                                    -5.2416038719691090e-05
76                                    -9.2158674594628267e-05
77                                     5.0322245778807681e-06
78                                    -6.5380287223024269e-05
79                                     3.3253708083103803e-05
80                                     4.4529135063983415e-05
81                                     3.0802154982797260e-05
82                                     4.5320252976697343e-05
83                                     6.2635566342455855e-05
   &Method [&Type "String"] "SCF"
   &Level [&Type "String"] "Relaxed density"
   &Mult [&Type "Integer"] 1
   &State [&Type "Integer"] 0
   &Irrep [&Type "Integer"] 0
$End
$Geometry
   &GeometryIndex 10
   &NAtoms [&Type "Integer"] 28
   &NCorelessECP [&Type "Integer"] 0
   &NGhostAtoms [&Type "Integer"] 0
   &CartesianCoordinates [&Type "Coordinates", &Dim(28,4), &Units "Bohr"] 
              N     81.732317448610   54.801760915274   33.072053679858
              B     81.467607764587   52.343016167964   34.062824485162
              N     79.359776503836   50.692362605825   33.072053467460
              B     76.292617409083   45.777060659458   34.991361746500
              N     78.819373120868   46.871659750367   35.964481000743
              B     80.810138745343   48.413888257433   34.391650635798
              N     82.478033950464   50.480463897597   35.641220878944
              H     76.020396125975   44.320849632058   33.276662811101
              H     79.756166899406   45.483124413809   36.908419026443
              H     81.873288684986   47.055697776974   32.877689164545
              H     84.122930101286   50.362059927393   36.577902206382
              B     72.244230046948   47.337639900201   37.794522516815
              B     76.874059180784   48.320296914855   37.794523153407
              N     74.622122145592   46.964788671871   36.656139487446
              H     72.058370801383   48.907057466884   39.419335911733
              H     77.284168981613   47.856711345305   40.005376985878
              H     76.921916594413   50.575288454179   37.398545733849
              H     70.419416391596   46.140232771680   37.151483970612
              H     83.092455442642   56.025250617964   33.576003811048
              H     80.292251396090   55.584565286137   32.112225412894
              H     79.718869056703   50.436936151025   31.187816073922
              N     75.930993430396   53.927225394952   33.900028489372
              B     76.628535490863   51.517354317758   32.981454098030
              N     75.008845127881   50.033047726600   31.476007437330
              H     75.524117183066   48.351369358140   30.761417150481
              H     74.103225801259   54.447062083925   33.918342099863
              H     76.906095527739   54.700803479939   35.336605024030
              H     73.129940589898   50.298874814303   31.430609154852
$End
$SCF_Energy
   &GeometryIndex 10
   &Method [&Type "String"] "SCF"
   &totalEnergy [&Type "ArrayOfDoubles", &Dim (1,1)] "Total energy of each state"
                                                         0

0                                     -5.4128956848610949e+02
   &Mult [&Type "ArrayOfIntegers", &Dim (1,1)] "Multiplicity of each state"
                                                         0

0                                                        1
$End
$DFT_Energy
   &GeometryIndex 10
   &nAlphaEl [&Type "Integer"] 47
   &nBetaEl [&Type "Integer"] 47
   &nTotalEl [&Type "Integer"] 94
   &finalEn [&Type "Double"]      -5.4128956848610949e+02  "No Van der Waals correction"
   &eExchange [&Type "Double"]      -5.6287270507633991e+01
   &eCorr [&Type "Double"]      -3.0664280716058316e+00
   &eXC [&Type "Double"]      -5.9353698579239826e+01
   &eCNL [&Type "Double"]       0.0000000000000000e+00
$End
$SCF_Timings
   &GeometryIndex 10
   &TOTAL [&Type "Double"]       1.6287285700000001e+02
   &PREP [&Type "Double"]       4.0542899999999998e-01
   &FOCK [&Type "Double"]       1.5043040999999994e+02
   &DENS [&Type "Double"]       5.9011000000012359e-02
   &ETOT [&Type "Double"]       3.3114000000015409e-02
   &POP [&Type "Double"]       9.9999999747524271e-07
   &TRAFO [&Type "Double"]       9.4335000000000946e-02
   &DIIS [&Type "Double"]       1.1254100000000022e-01
   &SOSCF [&Type "Double"]       2.8731899999998589e-01
   &XC [&Type "Double"]       1.9298624999999991e+01
   &FOCKSTART [&Type "Double"]       1.5352999999991290e-02
   &INT_PREP [&Type "Double"]       1.9999999949504854e-06
   &INT_BF [&Type "Double"]       5.9723990000000811e+00
   &INT_DENS [&Type "Double"]       5.8170810000004316e+00
   &INT_DENSIO [&Type "Double"]       5.7978607117799553e+05
   &INT_FUNC [&Type "Double"]       2.0622699999963956e-01
   &INT_POT [&Type "Double"]       5.9965050000000204e+00
   &INT_POTIO [&Type "Double"]       7.4313000000298501e-02
   &INT_SUM [&Type "Double"]       1.1399999998573662e-04
   &SPLITRIJ [&Type "Double"]       4.3116290000000053e+00
   &COSX [&Type "Double"]       1.3835062700000000e+02
$End
$VdW_Correction
   &GeometryIndex 10
   &vdW [&Type "Double"]      -2.9120253835108491e-02
$End
$Single_Point_Data
   &GeometryIndex 10
   &FinalEnergy [&Type "Double"]      -5.4131868873994461e+02  "Final single point energy"
   &Converged [&Type "Boolean"] true
$End
$SCF_Nuc_Gradient
   &GeometryIndex 10
   &NAtoms [&Type "Integer"] 28
   &gradNorm [&Type "Double"]       6.4325963033349434e-02
   &grad [&Type "ArrayOfDoubles", &Dim (84,1)] 
                                                         0

0                                     -1.0101447666074945e-02
1                                      2.1487265589624689e-03
2                                     -1.0097152451000298e-02
3                                      6.0291440497144150e-03
4                                      2.7631934868725602e-03
5                                     -5.6863591573949289e-03
6                                      1.6160608991992120e-02
7                                     -5.1092705707884815e-03
8                                      4.2410233337802188e-02
9                                     -1.0282112810162127e-03
10                                    -2.4370112070991254e-03
11                                    -1.1775248452180690e-03
12                                    -7.0903348460422044e-04
13                                     2.9041693490745256e-03
14                                     1.0033166180269980e-03
15                                     8.3988932368657763e-03
16                                    -2.1631469006476271e-03
17                                    -1.1227603075241841e-02
18                                    -6.6132353051846357e-03
19                                     3.6398272601638583e-03
20                                    -1.6468536393507585e-03
21                                    -3.2422078755613869e-05
22                                     2.7603632431439805e-05
23                                    -2.9080893184459377e-05
24                                    -1.4593198212695119e-06
25                                     8.5957721260667325e-06
26                                     2.6246012823248274e-05
27                                    -5.8450919913238965e-06
28                                     2.5742189724006564e-05
29                                    -2.8996102623193795e-05
30                                     5.5542041234118988e-05
31                                     1.2105831564212427e-05
32                                    -7.2961978313763721e-05
33                                     4.6619751423376612e-03
34                                     1.0445959459121268e-02
35                                     1.3032921571002904e-02
36                                    -2.2410379470228406e-02
37                                    -1.4462204795123524e-02
38                                    -1.9987571177284724e-02
39                                     5.7198984698575029e-03
40                                     2.2303123097326856e-03
41                                    -6.1687570091325077e-03
42                                    -2.1093894830405706e-05
43                                     8.0150021579946485e-05
44                                    -7.6687812404975709e-05
45                                     1.2940608713566174e-05
46                                     1.4768771264701776e-04
47                                     1.3694819111337509e-05
48                                    -4.7945181068426504e-05
49                                    -1.4510659033287506e-05
50                                    -1.4025450619849857e-04
51                                    -5.1636969602412877e-06
52                                     2.6822156719157110e-05
53                                    -2.8281950379714721e-05
54                                     2.2118904695655664e-06
55                                     1.7280418462728875e-06
56                                     7.1823259370593925e-06
57                                    -3.2644767100039652e-06
58                                     6.7065711006138076e-06
59                                    -6.2145416450203311e-08
60                                    -9.7847210500457045e-05
61                                    -2.3216567004915044e-04
62                                    -2.4274269174463878e-05
63                                     9.9123399870826290e-05
64                                     1.9937123990969351e-04
65                                     1.6692600020506109e-05
66                                     1.4102857912921279e-04
67                                    -2.7254041710079297e-04
68                                    -1.6253478911698902e-04
69                                    -1.5621486424003805e-04
70                                     6.8948333632087768e-05
71                                    -8.5712016830005754e-05
72                                     4.5524730173051572e-05
73                                    -2.4109043683347760e-05
74                                     5.3491721974295879e-05
75                                    -4.1754763578687550e-05
76                                    -7.4127874603273786e-05
77                                     1.0044923612116829e-07
78                                    -5.3392430115080657e-05
79                                     1.7404676435647023e-05
80                                     3.4082619905423750e-05
81                                     1.8190049285337815e-06
82                                     3.4032475702619984e-05
83                                     4.2705717419894750e-05
   &Method [&Type "String"] "SCF"
   &Level [&Type "String"] "Relaxed density"
   &Mult [&Type "Integer"] 1
   &State [&Type "Integer"] 0
   &Irrep [&Type "Integer"] 0
$End
$Geometry
   &GeometryIndex 11
   &NAtoms [&Type "Integer"] 28
   &NCorelessECP [&Type "Integer"] 0
   &NGhostAtoms [&Type "Integer"] 0
   &CartesianCoordinates [&Type "Coordinates", &Dim(28,4), &Units "Bohr"] 
              N     81.732317407328   54.801760859377   33.072053748377
              B     81.467607915755   52.343016280263   34.062824299017
              N     79.359776466709   50.692362608460   33.072053579852
              B     76.292617377794   45.777060588609   34.991361708365
              N     78.819373122063   46.871659751076   35.964481028645
              B     80.810138833801   48.413888163466   34.391650569319
              N     82.478033808878   50.480463906957   35.641220935747
              H     76.021661794996   44.316643556290   33.280072527829
              H     79.756056241686   45.482731733604   36.907848940885
              H     81.874120506936   47.054745997952   32.879104022615
              H     84.120485494404   50.362430516513   36.582121443145
              B     72.244230039564   47.337639850376   37.794522576123
              B     76.874059162861   48.320296964841   37.794523225425
              N     74.622122181360   46.964788767420   36.656139381264
              H     72.060823939626   48.898998696306   39.427335744829
              H     77.283884256091   47.851634569991   40.004578570022
              H     76.923614140631   50.575962358852   37.403305922110
              H     70.418170403087   46.144084610958   37.147742906258
              H     83.091714072953   56.025735503248   33.576714734331
              H     80.292788329164   55.583823701228   32.110911360743
              H     79.721963256630   50.443416806657   31.187617705138
              N     75.924749923739   53.920136193868   33.902302097276
              B     76.626877597004   51.513445142791   32.981189757770
              N     75.013422347499   50.025379200410   31.472786046757
              H     75.535353307831   48.348596173083   30.751734502141
              H     74.097559002768   54.441631434263   33.917852924446
              H     76.900097919356   54.694242358921   35.338380359814
              H     73.133970259156   50.286431341322   31.422116701860
$End
$SCF_Energy
   &GeometryIndex 11
   &Method [&Type "String"] "SCF"
   &totalEnergy [&Type "ArrayOfDoubles", &Dim (1,1)] "Total energy of each state"
                                                         0

0                                     -5.4128956550241105e+02
   &Mult [&Type "ArrayOfIntegers", &Dim (1,1)] "Multiplicity of each state"
                                                         0

0                                                        1
$End
$DFT_Energy
   &GeometryIndex 11
   &nAlphaEl [&Type "Integer"] 47
   &nBetaEl [&Type "Integer"] 47
   &nTotalEl [&Type "Integer"] 94
   &finalEn [&Type "Double"]      -5.4128956550241105e+02  "No Van der Waals correction"
   &eExchange [&Type "Double"]      -5.6287353108139357e+01
   &eCorr [&Type "Double"]      -3.0664222355340414e+00
   &eXC [&Type "Double"]      -5.9353775343673398e+01
   &eCNL [&Type "Double"]       0.0000000000000000e+00
$End
$SCF_Timings
   &GeometryIndex 11
   &TOTAL [&Type "Double"]       1.7722811700000000e+02
   &PREP [&Type "Double"]       4.1329199999999999e-01
   &FOCK [&Type "Double"]       1.6482840099999996e+02
   &DENS [&Type "Double"]       7.5167000000021744e-02
   &ETOT [&Type "Double"]       4.0941999999986933e-02
   &POP [&Type "Double"]       9.9999999747524271e-07
   &TRAFO [&Type "Double"]       9.2166999999989230e-02
   &DIIS [&Type "Double"]       1.0401799999999994e-01
   &SOSCF [&Type "Double"]       3.6113300000001303e-01
   &XC [&Type "Double"]       2.1734810000000007e+01
   &FOCKSTART [&Type "Double"]       1.6737999999982212e-02
   &INT_PREP [&Type "Double"]       2.0000000020559128e-06
   &INT_BF [&Type "Double"]       7.0271449999999547e+00
   &INT_DENS [&Type "Double"]       6.7822180000005581e+00
   &INT_DENSIO [&Type "Double"]       7.4771548390799388e+05
   &INT_FUNC [&Type "Double"]       2.4262099999986830e-01
   &INT_POT [&Type "Double"]       6.6722969999997126e+00
   &INT_POTIO [&Type "Double"]       8.7912000000397228e-02
   &INT_SUM [&Type "Double"]       1.3499999999311285e-04
   &SPLITRIJ [&Type "Double"]       5.0280329999999900e+00
   &COSX [&Type "Double"]       1.4942338599999999e+02
$End
$VdW_Correction
   &GeometryIndex 11
   &vdW [&Type "Double"]      -2.9122242998170126e-02
$End
$Single_Point_Data
   &GeometryIndex 11
   &FinalEnergy [&Type "Double"]      -5.4131868774540919e+02  "Final single point energy"
   &Converged [&Type "Boolean"] true
$End
$SCF_Nuc_Gradient
   &GeometryIndex 11
   &NAtoms [&Type "Integer"] 28
   &gradNorm [&Type "Double"]       6.4267183591996208e-02
   &grad [&Type "ArrayOfDoubles", &Dim (84,1)] 
                                                         0

0                                     -1.0061648792540961e-02
1                                      2.1561629954937392e-03
2                                     -1.0072441935878976e-02
3                                      6.0855677989282361e-03
4                                      2.7650278737442755e-03
5                                     -5.9646405376701092e-03
6                                      1.5953985781652223e-02
7                                     -5.3036354940954747e-03
8                                      4.2354870564461689e-02
9                                     -1.0582193244327840e-03
10                                    -2.3278634551242550e-03
11                                    -1.1914784327515548e-03
12                                    -6.8699075309051384e-04
13                                     2.7608343226374703e-03
14                                     1.1523132028789210e-03
15                                     8.3572333602531679e-03
16                                    -2.0957001111890253e-03
17                                    -1.1197543851148968e-02
18                                    -6.5301557308612423e-03
19                                     3.5888620754135590e-03
20                                    -1.6690873616364570e-03
21                                    -6.7921827094831211e-06
22                                     5.8432776749870667e-06
23                                    -1.5483611649643037e-05
24                                    -1.9822369733913788e-06
25                                     4.9852102160786283e-06
26                                     1.3831312373927977e-05
27                                     1.0627703845229406e-05
28                                    -8.1371468793481414e-06
29                                     1.3517161810533200e-05
30                                     1.5348309870065225e-05
31                                     8.2416805675141546e-06
32                                    -1.1577346143992417e-05
33                                     4.6035143934016979e-03
34                                     1.0622198593646775e-02
35                                     1.2888639965168539e-02
36                                    -2.2467908344479776e-02
37                                    -1.4184442574634559e-02
38                                    -2.0254817832039251e-02
39                                     5.7870289234647834e-03
40                                     1.9798770067449532e-03
41                                    -6.0759991354532661e-03
42                                     1.2054959754425189e-07
43                                     1.0585114335261220e-05
44                                    -9.3659939985275264e-06
45                                     6.4807852010265001e-06
46                                     5.6530505882652340e-05
47                                     2.8128113153188410e-06
48                                    -2.0894049464688856e-05
49                                     2.9800615304492971e-05
50                                    -7.3018933261279561e-05
51                                     9.9686545200252925e-06
52                                    -2.2067777187838680e-05
53                                     2.3973747649974661e-05
54                                    -1.1478669274442806e-05
55                                    -3.1161534387669297e-06
56                                     1.9999947318266382e-05
57                                     5.1132831614600406e-06
58                                    -2.4816042132511334e-05
59                                    -8.9718301335914646e-06
60                                     4.9680807720983392e-05
61                                    -3.2645391076814782e-06
62                                     2.1568127752348164e-05
63                                     3.5285484896718452e-05
64                                     6.9908098318741260e-05
65                                     1.4393567391557480e-05
66                                    -6.1104977454295160e-05
67                                    -2.0911644054434327e-05
68                                     7.5172802894078294e-05
69                                     3.5059498555724798e-05
70                                    -3.4819945914128607e-05
71                                    -5.8206302740756175e-05
72                                    -1.8938322209917724e-05
73                                    -1.1653805742544481e-05
74                                     1.0315792844026379e-05
75                                    -1.7112928118328483e-05
76                                    -2.1882316725282887e-05
77                                    -9.6265353702661677e-06
78                                    -7.2031872345125134e-06
79                                    -1.2317208135827798e-05
80                                     1.6440771099386246e-05
81                                    -4.5858947118401631e-06
82                                     1.5770740655528838e-05
83                                     4.4098204397235964e-06
   &Method [&Type "String"] "SCF"
   &Level [&Type "String"] "Relaxed density"
   &Mult [&Type "Integer"] 1
   &State [&Type "Integer"] 0
   &Irrep [&Type "Integer"] 0
$End
$Geometry
   &GeometryIndex 12
   &NAtoms [&Type "Integer"] 28
   &NCorelessECP [&Type "Integer"] 0
   &NGhostAtoms [&Type "Integer"] 0
   &CartesianCoordinates [&Type "Coordinates", &Dim(28,4), &Units "Bohr"] 
              N     81.732317297865   54.801760961082   33.072053889083
              B     81.467608195212   52.343016043148   34.062823943230
              N     79.359776385187   50.692362653800   33.072053645492
              B     76.292617403312   45.777060612397   34.991361754449
              N     78.819373113345   46.871659750134   35.964481036289
              B     80.810138831326   48.413888186824   34.391650554632
              N     82.478033722405   50.480463985390   35.641221091834
              H     76.022040837402   44.315297416361   33.281199141060
              H     79.756019561395   45.482581183930   36.907626358718
              H     81.874123855323   47.054686150346   32.879153357355
              H     84.120065891844   50.362420869481   36.582808317403
              B     72.244230055426   47.337639845636   37.794522575995
              B     76.874059172974   48.320296920987   37.794523192426
              N     74.622122139063   46.964788781450   36.656139368704
              H     72.061570617033   48.896455923294   39.429840367007
              H     77.283787081959   47.849900639140   40.004309665133
              H     76.924152321554   50.576108019611   37.405014051003
              H     70.417375681423   46.146619152020   37.145233919083
              H     83.092140285012   56.025514811407   33.576133458251
              H     80.292666243656   55.584112027546   32.111302899957
              H     79.722084003758   50.444511577437   31.187458825618
              N     75.923401100853   53.918665993496   33.901419325722
              B     76.626623700749   51.512503617619   32.980409152762
              N     75.014297517351   50.022802763152   31.472548229822
              H     75.538194014671   48.347432608191   30.749679792403
              H     74.096428364343   54.440761174885   33.916328180690
              H     76.899180235339   54.693689023139   35.336692264425
              H     73.134649558609   50.282210059056   31.421206558987
$End
$SCF_Mulliken_Population_Analysis
   &GeometryIndex 12
   &NAtoms [&Type "Integer"] 28
   &ATNO [&Type "ArrayOfIntegers", &Dim (28,1)] 
                                                         0

0                                                        7
1                                                        5
2                                                        7
3                                                        5
4                                                        7
5                                                        5
6                                                        7
7                                                        1
8                                                        1
9                                                        1
10                                                       1
11                                                       5
12                                                       5
13                                                       7
14                                                       1
15                                                       1
16                                                       1
17                                                       1
18                                                       1
19                                                       1
20                                                       1
21                                                       7
22                                                       5
23                                                       7
24                                                       1
25                                                       1
26                                                       1
27                                                       1
   &AtomicCharges [&Type "ArrayOfDoubles", &Dim (28,1)] 
                                                         0

0                                     -4.9436911124761451e-01
1                                      1.7995595066708159e-01
2                                     -2.3865772647411365e-01
3                                     -4.4317112582321627e-02
4                                     -1.7569143351759564e-01
5                                      4.9535284396619694e-02
6                                     -3.4053852318169309e-01
7                                      2.3245661419642238e-02
8                                      2.0989463602167091e-01
9                                     -2.2377757180741753e-02
10                                     2.0184208393272196e-01
11                                    -1.2959851534887701e-01
12                                    -3.9138690369926898e-02
13                                     1.7125766256572916e-02
14                                     4.3026818667177835e-03
15                                    -3.1789465884925372e-02
16                                    -8.7316149632552076e-02
17                                    -5.4129743974422606e-03
18                                     2.3919817729504800e-01
19                                     2.5622522354151989e-01
20                                     2.3264621534470509e-01
21                                    -4.9228231450517690e-01
22                                     1.7357328050662346e-01
23                                    -4.5849795405792193e-01
24                                     2.4669716173412803e-01
25                                     2.3249621381827446e-01
26                                     2.5846163288966428e-01
27                                     2.3478775868959179e-01
   &Method [&Type "String"] "SCF"
   &Level [&Type "String"] "Relaxed density"
   &Mult [&Type "Integer"] 1
   &State [&Type "Integer"] -1
   &Irrep [&Type "Integer"] 0
$End
$SCF_Loewdin_Population_Analysis
   &GeometryIndex 12
   &NAtoms [&Type "Integer"] 28
   &ATNO [&Type "ArrayOfIntegers", &Dim (28,1)] 
                                                         0

0                                                        7
1                                                        5
2                                                        7
3                                                        5
4                                                        7
5                                                        5
6                                                        7
7                                                        1
8                                                        1
9                                                        1
10                                                       1
11                                                       5
12                                                       5
13                                                       7
14                                                       1
15                                                       1
16                                                       1
17                                                       1
18                                                       1
19                                                       1
20                                                       1
21                                                       7
22                                                       5
23                                                       7
24                                                       1
25                                                       1
26                                                       1
27                                                       1
   &AtomicCharges [&Type "ArrayOfDoubles", &Dim (28,1)] 
                                                         0

0                                      4.3515721676500974e-02
1                                     -8.0354336180266195e-01
2                                      4.3472633358653123e-01
3                                     -4.1560911240760490e-01
4                                      3.6201852741959151e-01
5                                     -7.2753541736002436e-01
6                                      2.6282784240393475e-01
7                                      6.5166423216318381e-02
8                                      2.4414629033409319e-01
9                                      6.8202332904753082e-02
10                                     1.8000726663654631e-01
11                                    -3.1312170188499522e-01
12                                    -7.0713293954498901e-01
13                                     4.2353621988518420e-01
14                                     6.4758401591617720e-02
15                                     6.1400356705469950e-02
16                                     9.2501472601345558e-02
17                                     4.6281733394529567e-02
18                                     1.7736235746067508e-01
19                                     1.8785782679866414e-01
20                                     2.7301846466827395e-01
21                                     4.5708197571638465e-02
22                                    -8.8038146533918304e-01
23                                     7.6320270225883391e-02
24                                     1.8610037296188431e-01
25                                     1.8056366720478900e-01
26                                     1.8889854383401616e-01
27                                     1.8240537525682288e-01
   &Method [&Type "String"] "SCF"
   &Level [&Type "String"] "Relaxed density"
   &Mult [&Type "Integer"] 1
   &State [&Type "Integer"] -1
   &Irrep [&Type "Integer"] 0
$End
$SCF_Mayer_Population_Analysis
   &GeometryIndex 12
   &NAtoms [&Type "Integer"] 28 "Total number of atoms"
   &NBondOrdersPrint [&Type "Integer"] 31 "The number of bond orders larger than threshold"
   &bondThresh [&Type "Double"]       1.0000000000000001e-01  "The threshold for printing"
   &components [&Type "ArrayOfIntegers", &Dim (31,4)] "The indices and atomic numbers of the bonding atoms"
                                                         0                           1                           2                           3

0                                                        0                           7                           1                           5
1                                                        0                           7                          18                           1
2                                                        0                           7                          19                           1
3                                                        1                           5                           2                           7
4                                                        1                           5                           6                           7
5                                                        2                           7                           5                           5
6                                                        2                           7                          20                           1
7                                                        2                           7                          22                           5
8                                                        3                           5                           4                           7
9                                                        3                           5                           7                           1
10                                                       3                           5                          11                           5
11                                                       3                           5                          13                           7
12                                                       3                           5                          23                           7
13                                                       4                           7                           5                           5
14                                                       4                           7                           8                           1
15                                                       4                           7                          12                           5
16                                                       5                           5                           6                           7
17                                                       5                           5                           9                           1
18                                                       6                           7                          10                           1
19                                                      11                           5                          13                           7
20                                                      11                           5                          14                           1
21                                                      11                           5                          17                           1
22                                                      12                           5                          13                           7
23                                                      12                           5                          15                           1
24                                                      12                           5                          16                           1
25                                                      21                           7                          22                           5
26                                                      21                           7                          25                           1
27                                                      21                           7                          26                           1
28                                                      22                           5                          23                           7
29                                                      23                           7                          24                           1
30                                                      23                           7                          27                           1
   &BondOrders [&Type "ArrayOfDoubles", &Dim (31,1)] "The bond orders"
                                                         0

0                                      1.3217926901677788e+00
1                                      9.1501543779859684e-01
2                                      8.9989607234605673e-01
3                                      8.6749624407860826e-01
4                                      1.4784568626579342e+00
5                                      7.6399432368085951e-01
6                                      8.6949528136700527e-01
7                                      9.2660499854606426e-01
8                                      9.2509591702572791e-01
9                                      9.7788209289639838e-01
10                                     1.0053685553874023e-01
11                                     1.3781672337441226e+00
12                                     1.1083493017200811e-01
13                                     8.4302481617845504e-01
14                                     8.9141626871520885e-01
15                                     7.4086897301179255e-01
16                                     9.4356269229603207e-01
17                                     9.9640315387398670e-01
18                                     9.2296167702518739e-01
19                                     1.3218546125443906e+00
20                                     9.9854137174818347e-01
21                                     9.8259326894762489e-01
22                                     8.2852404395596924e-01
23                                     9.6650428612226036e-01
24                                     9.1845983408324505e-01
25                                     1.3590769526649069e+00
26                                     9.1753383076669959e-01
27                                     9.0501663638446450e-01
28                                     1.3718530144417991e+00
29                                     9.0635541724819313e-01
30                                     9.1561424101365152e-01
   &ATNO [&Type "ArrayOfIntegers", &Dim (28,1)] "Atomic number of the elements"
                                                         0

0                                                        7
1                                                        5
2                                                        7
3                                                        5
4                                                        7
5                                                        5
6                                                        7
7                                                        1
8                                                        1
9                                                        1
10                                                       1
11                                                       5
12                                                       5
13                                                       7
14                                                       1
15                                                       1
16                                                       1
17                                                       1
18                                                       1
19                                                       1
20                                                       1
21                                                       7
22                                                       5
23                                                       7
24                                                       1
25                                                       1
26                                                       1
27                                                       1
   &NA [&Type "ArrayOfDoubles", &Dim (28,1)] "Mulliken gross atomic population"
                                                         0

0                                      7.4943691112476198e+00
1                                      4.8200440493329237e+00
2                                      7.2386577264741199e+00
3                                      5.0443171125823305e+00
4                                      7.1756914335175876e+00
5                                      4.9504647156033874e+00
6                                      7.3405385231816922e+00
7                                      9.7675433858035798e-01
8                                      7.9010536397832909e-01
9                                      1.0223777571807422e+00
10                                     7.9815791606727793e-01
11                                     5.1295985153488868e+00
12                                     5.0391386903699322e+00
13                                     6.9828742337434218e+00
14                                     9.9569731813328166e-01
15                                     1.0317894658849258e+00
16                                     1.0873161496325512e+00
17                                     1.0054129743974425e+00
18                                     7.6080182270495145e-01
19                                     7.4377477645847989e-01
20                                     7.6735378465529536e-01
21                                     7.4922823145051680e+00
22                                     4.8264267194933943e+00
23                                     7.4584979540579299e+00
24                                     7.5330283826587163e-01
25                                     7.6750378618172599e-01
26                                     7.4153836711033561e-01
27                                     7.6521224131040777e-01
   &ZA [&Type "ArrayOfDoubles", &Dim (28,1)] "Total nuclear charge"
                                                         0

0                                      7.0000000000000000e+00
1                                      5.0000000000000000e+00
2                                      7.0000000000000000e+00
3                                      5.0000000000000000e+00
4                                      7.0000000000000000e+00
5                                      5.0000000000000000e+00
6                                      7.0000000000000000e+00
7                                      1.0000000000000000e+00
8                                      1.0000000000000000e+00
9                                      1.0000000000000000e+00
10                                     1.0000000000000000e+00
11                                     5.0000000000000000e+00
12                                     5.0000000000000000e+00
13                                     7.0000000000000000e+00
14                                     1.0000000000000000e+00
15                                     1.0000000000000000e+00
16                                     1.0000000000000000e+00
17                                     1.0000000000000000e+00
18                                     1.0000000000000000e+00
19                                     1.0000000000000000e+00
20                                     1.0000000000000000e+00
21                                     7.0000000000000000e+00
22                                     5.0000000000000000e+00
23                                     7.0000000000000000e+00
24                                     1.0000000000000000e+00
25                                     1.0000000000000000e+00
26                                     1.0000000000000000e+00
27                                     1.0000000000000000e+00
   &QA [&Type "ArrayOfDoubles", &Dim (28,1)] "Mulliken gross atomic charge"
                                                         0

0                                     -4.9436911124761984e-01
1                                      1.7995595066707626e-01
2                                     -2.3865772647411987e-01
3                                     -4.4317112582330509e-02
4                                     -1.7569143351758765e-01
5                                      4.9535284396612589e-02
6                                     -3.4053852318169220e-01
7                                      2.3245661419642016e-02
8                                      2.0989463602167091e-01
9                                     -2.2377757180742197e-02
10                                     2.0184208393272207e-01
11                                    -1.2959851534888678e-01
12                                    -3.9138690369932227e-02
13                                     1.7125766256578245e-02
14                                     4.3026818667183386e-03
15                                    -3.1789465884925816e-02
16                                    -8.7316149632551188e-02
17                                    -5.4129743974424827e-03
18                                     2.3919817729504855e-01
19                                     2.5622522354152011e-01
20                                     2.3264621534470464e-01
21                                    -4.9228231450516802e-01
22                                     1.7357328050660570e-01
23                                    -4.5849795405792992e-01
24                                     2.4669716173412837e-01
25                                     2.3249621381827401e-01
26                                     2.5846163288966439e-01
27                                     2.3478775868959223e-01
   &VA [&Type "ArrayOfDoubles", &Dim (28,1)] "Mayer's total valence"
                                                         0

0                                      3.1579570396253374e+00
1                                      3.8400033150160944e+00
2                                      3.4333235282597805e+00
3                                      3.6552513069491788e+00
4                                      3.3217868084686311e+00
5                                      3.7100003932841643e+00
6                                      3.3420650168664476e+00
7                                      9.7360792463730073e-01
8                                      9.4699658871616399e-01
9                                      9.7438043573107525e-01
10                                     9.6315971259313649e-01
11                                     3.4550789966487776e+00
12                                     3.6465863553154287e+00
13                                     3.4743879253345371e+00
14                                     9.7990785319842810e-01
15                                     9.6663949983954123e-01
16                                     9.5958816854168627e-01
17                                     9.7473204225821752e-01
18                                     9.4652508182638861e-01
19                                     9.4892676506102458e-01
20                                     9.2987263344186277e-01
21                                     3.1889979083119808e+00
22                                     3.8602788049928360e+00
23                                     3.2460243086479981e+00
24                                     9.4978777911677192e-01
25                                     9.5355640091465210e-01
26                                     9.4340200284106690e-01
27                                     9.5353656786752694e-01
   &BVA [&Type "ArrayOfDoubles", &Dim (28,1)] "Mayer's bonded valence"
                                                         0

0                                      3.1579570396254706e+00
1                                      3.8400033150160908e+00
2                                      3.4333235282597281e+00
3                                      3.6552513069493000e+00
4                                      3.3217868084687314e+00
5                                      3.7100003932842114e+00
6                                      3.3420650168664583e+00
7                                      9.7360792463732548e-01
8                                      9.4699658871617554e-01
9                                      9.7438043573110100e-01
10                                     9.6315971259313149e-01
11                                     3.4550789966487465e+00
12                                     3.6465863553154363e+00
13                                     3.4743879253346464e+00
14                                     9.7990785319844653e-01
15                                     9.6663949983955333e-01
16                                     9.5958816854167717e-01
17                                     9.7473204225819032e-01
18                                     9.4652508182640005e-01
19                                     9.4892676506105278e-01
20                                     9.2987263344185644e-01
21                                     3.1889979083120359e+00
22                                     3.8602788049928396e+00
23                                     3.2460243086479990e+00
24                                     9.4978777911677237e-01
25                                     9.5355640091463856e-01
26                                     9.4340200284107667e-01
27                                     9.5353656786753782e-01
   &FA [&Type "ArrayOfDoubles", &Dim (28,1)] "Mayer's free valence"
                                                         0

0                                      0.0000000000000000e+00
1                                      0.0000000000000000e+00
2                                      0.0000000000000000e+00
3                                      0.0000000000000000e+00
4                                      0.0000000000000000e+00
5                                      0.0000000000000000e+00
6                                      0.0000000000000000e+00
7                                      0.0000000000000000e+00
8                                      0.0000000000000000e+00
9                                      0.0000000000000000e+00
10                                     0.0000000000000000e+00
11                                     0.0000000000000000e+00
12                                     0.0000000000000000e+00
13                                     0.0000000000000000e+00
14                                     0.0000000000000000e+00
15                                     0.0000000000000000e+00
16                                     0.0000000000000000e+00
17                                     0.0000000000000000e+00
18                                     0.0000000000000000e+00
19                                     0.0000000000000000e+00
20                                     0.0000000000000000e+00
21                                     0.0000000000000000e+00
22                                     0.0000000000000000e+00
23                                     0.0000000000000000e+00
24                                     0.0000000000000000e+00
25                                     0.0000000000000000e+00
26                                     0.0000000000000000e+00
27                                     0.0000000000000000e+00
   &Method [&Type "String"] "SCF"
   &Level [&Type "String"] "Relaxed density"
   &Mult [&Type "Integer"] 1
   &State [&Type "Integer"] -1
   &Irrep [&Type "Integer"] 0
$End
$SCF_Energy
   &GeometryIndex 12
   &Method [&Type "String"] "SCF"
   &totalEnergy [&Type "ArrayOfDoubles", &Dim (1,1)] "Total energy of each state"
                                                         0

0                                     -5.4128957369912791e+02
   &Mult [&Type "ArrayOfIntegers", &Dim (1,1)] "Multiplicity of each state"
                                                         0

0                                                        1
$End
$DFT_Energy
   &GeometryIndex 12
   &nAlphaEl [&Type "Integer"] 47
   &nBetaEl [&Type "Integer"] 47
   &nTotalEl [&Type "Integer"] 94
   &finalEn [&Type "Double"]      -5.4128957369912791e+02  "No Van der Waals correction"
   &eExchange [&Type "Double"]      -5.6287398339447002e+01
   &eCorr [&Type "Double"]      -3.0664217480749256e+00
   &eXC [&Type "Double"]      -5.9353820087521925e+01
   &eCNL [&Type "Double"]       0.0000000000000000e+00
$End
$SCF_Timings
   &GeometryIndex 12
   &TOTAL [&Type "Double"]       1.4494482499999998e+02
   &PREP [&Type "Double"]       4.0824700000000003e-01
   &FOCK [&Type "Double"]       1.3201114300000000e+02
   &DENS [&Type "Double"]       4.6951999999990335e-02
   &ETOT [&Type "Double"]       3.0009000000013941e-02
   &POP [&Type "Double"]       1.3446600000000331e-01
   &TRAFO [&Type "Double"]       8.3454999999986512e-02
   &DIIS [&Type "Double"]       1.0378199999999893e-01
   &SOSCF [&Type "Double"]       2.3822100000000646e-01
   &XC [&Type "Double"]       1.6206445000000009e+01
   &FOCKSTART [&Type "Double"]       1.2533999999986778e-02
   &INT_PREP [&Type "Double"]       1.0000000010279564e-06
   &INT_BF [&Type "Double"]       4.8923709999996063e+00
   &INT_DENS [&Type "Double"]       4.9441340000000160e+00
   &INT_DENSIO [&Type "Double"]       4.2352898340099631e+05
   &INT_FUNC [&Type "Double"]       1.7286099999969906e-01
   &INT_POT [&Type "Double"]       5.4176649999999889e+00
   &INT_POTIO [&Type "Double"]       6.0878999999804506e-02
   &INT_SUM [&Type "Double"]       8.1000000001552053e-05
   &SPLITRIJ [&Type "Double"]       3.6607800000000004e+00
   &COSX [&Type "Double"]       1.2427179299999999e+02
$End
$VdW_Correction
   &GeometryIndex 12
   &vdW [&Type "Double"]      -2.9122606810987835e-02
$End
$Single_Point_Data
   &GeometryIndex 12
   &FinalEnergy [&Type "Double"]      -5.4131869630593894e+02  "Final single point energy"
   &Converged [&Type "Boolean"] true
$End
$SCF_Dipole_Moment
   &GeometryIndex 12
   &dipoleMagnitude [&Type "Double", &Units "a.u."]       1.9235767701055950e+00
   &dipoleElecContrib [&Type "ArrayOfDoubles", &Dim (3,1)] "Electronic contribution"
                                                         0

0                                      2.9677536307114938e+00
1                                     -2.0694452479019541e+00
2                                     -5.8898211021594471e-01
   &dipoleNucContrib [&Type "ArrayOfDoubles", &Dim (3,1)] "Nuclear contribution"
                                                         0

0                                     -2.2639521137930103e+00
1                                      3.2054374377515344e+00
2                                     -7.9461203543294090e-01
   &dipoleTotal [&Type "ArrayOfDoubles", &Dim (3,1)] "Total"
                                                         0

0                                      7.0380151691848347e-01
1                                      1.1359921898495804e+00
2                                     -1.3835941456488856e+00
   &doAtomicDipole [&Type "Boolean"] false
   &Method [&Type "String"] "SCF"
   &Level [&Type "String"] "Relaxed density"
   &Mult [&Type "Integer"] 1
   &State [&Type "Integer"] -1
   &Irrep [&Type "Integer"] 0
$End
$Calculation_Info
   &GeometryIndex 12
   &Mult [&Type "Integer"] 1
   &Charge [&Type "Integer"] 0
   &NumOfAtoms [&Type "Integer"] 28
   &NumOfElectrons [&Type "Integer"] 94
   &NumOfBasisFuncts [&Type "Integer"] 493
   &NumOfAuxCBasisFuncts [&Type "Integer"] 0
   &NumOfAuxJBasisFuncts [&Type "Integer"] 802
   &NumOfAuxJKBasisFuncts [&Type "Integer"] 0
   &NumOfCABSBasisFuncts [&Type "Integer"] 0
$End
$Calculation_Timings
   &GeometryIndex 12
   &GTOINT [&Type "Double"]       1.3425369199999966e+02
   &SCF [&Type "Double"]       2.4474213580000005e+03
   &SCFGRAD [&Type "Double"]       1.2135173589999999e+03
   &GSTEP [&Type "Double"]       3.5358100000010206e-01
   &PROP [&Type "Double"]       7.2849900000028356e-01
   &SUM [&Type "Double"]       3.7962744890000008e+03
$End
