J23_meV,gamma_ps,solver_success,max_trace_error,min_density_eigenvalue,max_PYR2,time_max_PYR2_fs,final_PYR2,t_PYR2_1pct_fs,t_PYR2_5pct_fs,t_PYR2_10pct_fs
1.0,10.0,True,3.4416913763379853e-15,0.0,0.09843739167834015,10000.0,0.09843739167834015,770.0,4430.0,
2.0,10.0,True,1.3322676295501878e-15,0.0,0.21536853032185466,10000.0,0.21536853032185466,110.0,1090.0,2550.0
2.37,10.0,True,8.881784197001252e-16,0.0,0.234131013707095,10000.0,0.234131013707095,80.0,760.0,1810.0
5.0,10.0,True,8.881784197001252e-16,0.0,0.2499971107674084,10000.0,0.2499971107674084,50.0,90.0,400.0
10.0,10.0,True,1.3322676295501878e-15,0.0,0.2500000000070324,9370.0,0.24999999999537934,40.0,60.0,70.0
20.0,10.0,True,8.881784197001252e-16,0.0,0.3328070408469252,170.0,0.24999999998864253,30.0,40.0,50.0
