label,frame,timestep,time_from_first_frame_fs,n_water,n_sites,minimum_water_site_distance_A,mean_water_site_distance_A,n_contact_le_3.5A,fraction_contact_le_3.5A,n_contact_le_4.5A,fraction_contact_le_4.5A,n_contact_le_6A,fraction_contact_le_6A
day007_hybrid_fieldfree_5k_to_20k,1,6000,0.0,29987,24,4.896660974582577,37.91721429289008,0,0.0,0,0.0,13,0.0004335211925167573
day007_hybrid_fieldfree_5k_to_20k,2,8000,100.0,29987,24,5.208887323603762,37.925130850294565,0,0.0,0,0.0,15,0.0005002167605962583
day007_hybrid_fieldfree_5k_to_20k,3,10000,200.0,29987,24,4.657275992476721,37.933989282194624,0,0.0,0,0.0,13,0.0004335211925167573
day007_hybrid_fieldfree_5k_to_20k,4,12000,300.0,29987,24,4.185453640419399,37.94399948297403,0,0.0,1,3.334778403975056e-05,11,0.0003668256244372561
day007_hybrid_fieldfree_5k_to_20k,5,14000,400.0,29987,24,3.5100292042802166,37.9557052605187,0,0.0,1,3.334778403975056e-05,12,0.0004001734084770067
day007_hybrid_fieldfree_5k_to_20k,6,16000,500.0,29987,24,3.638094122696664,37.96645461136876,0,0.0,1,3.334778403975056e-05,13,0.0004335211925167573
day007_hybrid_fieldfree_5k_to_20k,7,18000,600.0,29987,24,4.251796470152353,37.98015146171764,0,0.0,1,3.334778403975056e-05,15,0.0005002167605962583
day007_hybrid_fieldfree_5k_to_20k,8,20000,700.0,29987,24,4.062004805819413,37.99190801554855,0,0.0,3,0.00010004335211925168,19,0.0006336078967552607
