label,cutoff_A,n_frames,n_water,frame_spacing_fs,mean_contact_count,std_contact_count,mean_contact_fraction,waters_ever_contacting,fraction_waters_ever_contacting,mean_occupancy_fraction_among_all_waters,mean_occupancy_fraction_among_contacting_waters,n_continuous_contact_events,mean_continuous_residence_fs,maximum_continuous_residence_fs
day007_hybrid_fieldZ_10k_to_20k,3.5,11,29987,50.0,0.09090909090909091,0.28747978728803447,3.0316167308864143e-06,1,3.334778403975056e-05,3.0316167308864143e-06,0.09090909090909091,1,50.0,50.0
day007_hybrid_fieldZ_10k_to_20k,4.5,11,29987,50.0,5.909090909090909,1.6211413181933643,0.00019705508750761695,10,0.0003334778403975056,0.00019705508750761695,0.5909090909090909,10,325.0,550.0
day007_hybrid_fieldZ_10k_to_20k,6.0,11,29987,50.0,19.181818181818183,0.5749595745760689,0.0006396711302170334,26,0.0008670423850335146,0.0006396711302170334,0.7377622377622378,29,363.7931034482759,550.0
