frame,PYR2,PYR3,PYR4,PYR5
0,0.04995833333333355,0.05095833333333344,0.06395833333333334,-0.17004166666666665
1,0.044958333333333655,0.060958333333333226,0.06795833333333379,-0.19304166666666678
2,0.05995833333333378,0.06395833333333334,0.07195833333333335,-0.17004166666666665
3,0.06595833333333312,0.054958333333333,0.06995833333333357,-0.19904166666666656
10,0.04895833333333366,0.046958333333333435,0.07095833333333301,-0.15804166666666664
20,0.060958333333333226,0.05095833333333344,0.06695833333333345,-0.18104166666666677
