cluster,count,mean,std,min,25%,50%,75%,max
PYR2,6.0,4.004166666666666,0.008280499179799717,3.994,3.99825,4.0040000000000004,4.00975,4.015
PYR3,6.0,4.003833333333334,0.006524313501562119,3.996,4.0,4.002,4.0085,4.013
PYR4,6.0,4.017666666666667,0.0029439202887758865,4.013,4.01625,4.018000000000001,4.01975,4.021
PYR5,6.0,3.7705,0.015501612819316585,3.75,3.759,3.7735,3.779,3.791
