frame,PYR2,PYR3,PYR4,PYR5
0,0.05125000000000002,0.05224999999999991,0.06524999999999981,-0.16875000000000018
10,0.04675000000000029,0.04475000000000007,0.06874999999999964,-0.16025
20,0.061499999999999666,0.05149999999999988,0.0674999999999999,-0.18050000000000033
