frame,PYR2,PYR3,PYR4,PYR5
0,0.049833333333333396,0.050833333333333286,0.06383333333333319,-0.1701666666666668
10,0.048833333333333506,0.04683333333333328,0.07083333333333286,-0.1581666666666668
20,0.06083333333333307,0.050833333333333286,0.0668333333333333,-0.18116666666666692
