frame,PYR2,PYR3,PYR4,PYR5
0,0.05125000000000002,0.05224999999999991,0.06524999999999981,-0.16875000000000018
1,0.04974999999999996,0.06574999999999953,0.07275000000000009,-0.18825000000000047
2,0.05350000000000055,0.05750000000000011,0.06550000000000011,-0.17649999999999988
3,0.06800000000000006,0.05699999999999994,0.07200000000000051,-0.19699999999999962
10,0.04675000000000029,0.04475000000000007,0.06874999999999964,-0.16025
20,0.061499999999999666,0.05149999999999988,0.0674999999999999,-0.18050000000000033
