node_id,element,node_type,end,region,total_degree,B_neighbors,N_neighbors,H_neighbors,environment_signature
A:LOWER:-10:-2,N,ANNULUS_INTERIOR,LOWER,ANNULUS_INTERIOR,3,3,0,0,center=N|type=ANNULUS_INTERIOR|region=ANNULUS_INTERIOR|degree=3|neighbor_elements=B:3|neighbor_types=ANNULUS_INTERIOR:3
A:LOWER:-10:-4,N,ANNULUS_INTERIOR,LOWER,ANNULUS_INTERIOR,3,3,0,0,center=N|type=ANNULUS_INTERIOR|region=ANNULUS_INTERIOR|degree=3|neighbor_elements=B:3|neighbor_types=ANNULUS_INTERIOR:3
A:LOWER:-10:-6,N,ANNULUS_OUTER_BOUNDARY,LOWER,ANNULUS_EDGE,3,2,0,1,"center=N|type=ANNULUS_OUTER_BOUNDARY|region=ANNULUS_EDGE|degree=3|neighbor_elements=B:2,H:1|neighbor_types=ANNULUS_INTERIOR:2,ANNULUS_OUTER_PASSIVANT_H:1"
A:LOWER:-10:0,N,ANNULUS_INTERIOR,LOWER,ANNULUS_INTERIOR,3,3,0,0,center=N|type=ANNULUS_INTERIOR|region=ANNULUS_INTERIOR|degree=3|neighbor_elements=B:3|neighbor_types=ANNULUS_INTERIOR:3
A:LOWER:-10:2,N,ANNULUS_INTERIOR,LOWER,ANNULUS_INTERIOR,3,3,0,0,center=N|type=ANNULUS_INTERIOR|region=ANNULUS_INTERIOR|degree=3|neighbor_elements=B:3|neighbor_types=ANNULUS_INTERIOR:3
A:LOWER:-10:4,N,ANNULUS_INTERIOR,LOWER,ANNULUS_INTERIOR,3,3,0,0,center=N|type=ANNULUS_INTERIOR|region=ANNULUS_INTERIOR|degree=3|neighbor_elements=B:3|neighbor_types=ANNULUS_INTERIOR:3
A:LOWER:-10:6,N,ANNULUS_OUTER_BOUNDARY,LOWER,ANNULUS_EDGE,3,2,0,1,"center=N|type=ANNULUS_OUTER_BOUNDARY|region=ANNULUS_EDGE|degree=3|neighbor_elements=B:2,H:1|neighbor_types=ANNULUS_INTERIOR:2,ANNULUS_OUTER_PASSIVANT_H:1"
A:LOWER:-11:-1,B,ANNULUS_INTERIOR,LOWER,ANNULUS_INTERIOR,3,0,3,0,center=B|type=ANNULUS_INTERIOR|region=ANNULUS_INTERIOR|degree=3|neighbor_elements=N:3|neighbor_types=ANNULUS_INTERIOR:3
A:LOWER:-11:-3,B,ANNULUS_INTERIOR,LOWER,ANNULUS_INTERIOR,3,0,3,0,center=B|type=ANNULUS_INTERIOR|region=ANNULUS_INTERIOR|degree=3|neighbor_elements=N:3|neighbor_types=ANNULUS_INTERIOR:3
A:LOWER:-11:-5,B,ANNULUS_INTERIOR,LOWER,ANNULUS_INTERIOR,3,0,3,0,"center=B|type=ANNULUS_INTERIOR|region=ANNULUS_INTERIOR|degree=3|neighbor_elements=N:3|neighbor_types=ANNULUS_INTERIOR:1,ANNULUS_OUTER_BOUNDARY:2"
A:LOWER:-11:1,B,ANNULUS_INTERIOR,LOWER,ANNULUS_INTERIOR,3,0,3,0,center=B|type=ANNULUS_INTERIOR|region=ANNULUS_INTERIOR|degree=3|neighbor_elements=N:3|neighbor_types=ANNULUS_INTERIOR:3
A:LOWER:-11:3,B,ANNULUS_INTERIOR,LOWER,ANNULUS_INTERIOR,3,0,3,0,center=B|type=ANNULUS_INTERIOR|region=ANNULUS_INTERIOR|degree=3|neighbor_elements=N:3|neighbor_types=ANNULUS_INTERIOR:3
A:LOWER:-11:5,B,ANNULUS_INTERIOR,LOWER,ANNULUS_INTERIOR,3,0,3,0,"center=B|type=ANNULUS_INTERIOR|region=ANNULUS_INTERIOR|degree=3|neighbor_elements=N:3|neighbor_types=ANNULUS_INTERIOR:1,ANNULUS_OUTER_BOUNDARY:2"
A:LOWER:-13:-1,N,ANNULUS_INTERIOR,LOWER,ANNULUS_INTERIOR,3,3,0,0,"center=N|type=ANNULUS_INTERIOR|region=ANNULUS_INTERIOR|degree=3|neighbor_elements=B:3|neighbor_types=ANNULUS_INTERIOR:1,ANNULUS_OUTER_BOUNDARY:2"
A:LOWER:-13:-3,N,ANNULUS_INTERIOR,LOWER,ANNULUS_INTERIOR,3,3,0,0,"center=N|type=ANNULUS_INTERIOR|region=ANNULUS_INTERIOR|degree=3|neighbor_elements=B:3|neighbor_types=ANNULUS_INTERIOR:1,ANNULUS_OUTER_BOUNDARY:2"
A:LOWER:-13:-5,N,ANNULUS_OUTER_BOUNDARY,LOWER,ANNULUS_EDGE,3,2,0,1,"center=N|type=ANNULUS_OUTER_BOUNDARY|region=ANNULUS_EDGE|degree=3|neighbor_elements=B:2,H:1|neighbor_types=ANNULUS_INTERIOR:1,ANNULUS_OUTER_BOUNDARY:1,ANNULUS_OUTER_PASSIVANT_H:1"
A:LOWER:-13:1,N,ANNULUS_INTERIOR,LOWER,ANNULUS_INTERIOR,3,3,0,0,"center=N|type=ANNULUS_INTERIOR|region=ANNULUS_INTERIOR|degree=3|neighbor_elements=B:3|neighbor_types=ANNULUS_INTERIOR:1,ANNULUS_OUTER_BOUNDARY:2"
A:LOWER:-13:3,N,ANNULUS_INTERIOR,LOWER,ANNULUS_INTERIOR,3,3,0,0,"center=N|type=ANNULUS_INTERIOR|region=ANNULUS_INTERIOR|degree=3|neighbor_elements=B:3|neighbor_types=ANNULUS_INTERIOR:1,ANNULUS_OUTER_BOUNDARY:2"
A:LOWER:-13:5,N,ANNULUS_OUTER_BOUNDARY,LOWER,ANNULUS_EDGE,3,2,0,1,"center=N|type=ANNULUS_OUTER_BOUNDARY|region=ANNULUS_EDGE|degree=3|neighbor_elements=B:2,H:1|neighbor_types=ANNULUS_INTERIOR:1,ANNULUS_OUTER_BOUNDARY:1,ANNULUS_OUTER_PASSIVANT_H:1"
A:LOWER:-14:-2,B,ANNULUS_OUTER_BOUNDARY,LOWER,ANNULUS_EDGE,3,0,3,0,"center=B|type=ANNULUS_OUTER_BOUNDARY|region=ANNULUS_EDGE|degree=3|neighbor_elements=N:3|neighbor_types=ALTERNATING_BN_FOUR_ATOM_BRIDGE:1,ANNULUS_INTERIOR:2"
A:LOWER:-14:-4,B,ANNULUS_OUTER_BOUNDARY,LOWER,ANNULUS_EDGE,3,0,3,0,"center=B|type=ANNULUS_OUTER_BOUNDARY|region=ANNULUS_EDGE|degree=3|neighbor_elements=N:3|neighbor_types=ALTERNATING_BN_FOUR_ATOM_BRIDGE:1,ANNULUS_INTERIOR:1,ANNULUS_OUTER_BOUNDARY:1"
A:LOWER:-14:0,B,ANNULUS_OUTER_BOUNDARY,LOWER,ANNULUS_EDGE,3,0,3,0,"center=B|type=ANNULUS_OUTER_BOUNDARY|region=ANNULUS_EDGE|degree=3|neighbor_elements=N:3|neighbor_types=ALTERNATING_BN_FOUR_ATOM_BRIDGE:1,ANNULUS_INTERIOR:2"
A:LOWER:-14:2,B,ANNULUS_OUTER_BOUNDARY,LOWER,ANNULUS_EDGE,3,0,3,0,"center=B|type=ANNULUS_OUTER_BOUNDARY|region=ANNULUS_EDGE|degree=3|neighbor_elements=N:3|neighbor_types=ALTERNATING_BN_FOUR_ATOM_BRIDGE:1,ANNULUS_INTERIOR:2"
A:LOWER:-14:4,B,ANNULUS_OUTER_BOUNDARY,LOWER,ANNULUS_EDGE,3,0,3,0,"center=B|type=ANNULUS_OUTER_BOUNDARY|region=ANNULUS_EDGE|degree=3|neighbor_elements=N:3|neighbor_types=ALTERNATING_BN_FOUR_ATOM_BRIDGE:1,ANNULUS_INTERIOR:1,ANNULUS_OUTER_BOUNDARY:1"
A:LOWER:-1:-5,N,ANNULUS_INTERIOR,LOWER,ANNULUS_INTERIOR,3,3,0,0,"center=N|type=ANNULUS_INTERIOR|region=ANNULUS_INTERIOR|degree=3|neighbor_elements=B:3|neighbor_types=ANNULUS_INNER_BOUNDARY:1,ANNULUS_INTERIOR:2"
A:LOWER:-1:-7,N,ANNULUS_INTERIOR,LOWER,ANNULUS_INTERIOR,3,3,0,0,center=N|type=ANNULUS_INTERIOR|region=ANNULUS_INTERIOR|degree=3|neighbor_elements=B:3|neighbor_types=ANNULUS_INTERIOR:3
A:LOWER:-1:-9,N,ANNULUS_OUTER_BOUNDARY,LOWER,ANNULUS_EDGE,3,2,0,1,"center=N|type=ANNULUS_OUTER_BOUNDARY|region=ANNULUS_EDGE|degree=3|neighbor_elements=B:2,H:1|neighbor_types=ANNULUS_INTERIOR:1,ANNULUS_OUTER_BOUNDARY:1,ANNULUS_OUTER_PASSIVANT_H:1"
A:LOWER:-1:5,N,ANNULUS_INTERIOR,LOWER,ANNULUS_INTERIOR,3,3,0,0,"center=N|type=ANNULUS_INTERIOR|region=ANNULUS_INTERIOR|degree=3|neighbor_elements=B:3|neighbor_types=ANNULUS_INNER_BOUNDARY:1,ANNULUS_INTERIOR:2"
A:LOWER:-1:7,N,ANNULUS_INTERIOR,LOWER,ANNULUS_INTERIOR,3,3,0,0,center=N|type=ANNULUS_INTERIOR|region=ANNULUS_INTERIOR|degree=3|neighbor_elements=B:3|neighbor_types=ANNULUS_INTERIOR:3
A:LOWER:-1:9,N,ANNULUS_OUTER_BOUNDARY,LOWER,ANNULUS_EDGE,3,2,0,1,"center=N|type=ANNULUS_OUTER_BOUNDARY|region=ANNULUS_EDGE|degree=3|neighbor_elements=B:2,H:1|neighbor_types=ANNULUS_INTERIOR:1,ANNULUS_OUTER_BOUNDARY:1,ANNULUS_OUTER_PASSIVANT_H:1"
A:LOWER:-2:-4,B,ANNULUS_INNER_BOUNDARY,LOWER,ANNULUS_EDGE,3,0,2,1,"center=B|type=ANNULUS_INNER_BOUNDARY|region=ANNULUS_EDGE|degree=3|neighbor_elements=H:1,N:2|neighbor_types=ANNULUS_INNER_PASSIVANT_H:1,ANNULUS_INTERIOR:2"
A:LOWER:-2:-6,B,ANNULUS_INTERIOR,LOWER,ANNULUS_INTERIOR,3,0,3,0,center=B|type=ANNULUS_INTERIOR|region=ANNULUS_INTERIOR|degree=3|neighbor_elements=N:3|neighbor_types=ANNULUS_INTERIOR:3
A:LOWER:-2:-8,B,ANNULUS_INTERIOR,LOWER,ANNULUS_INTERIOR,3,0,3,0,"center=B|type=ANNULUS_INTERIOR|region=ANNULUS_INTERIOR|degree=3|neighbor_elements=N:3|neighbor_types=ANNULUS_INTERIOR:1,ANNULUS_OUTER_BOUNDARY:2"
A:LOWER:-2:4,B,ANNULUS_INNER_BOUNDARY,LOWER,ANNULUS_EDGE,3,0,2,1,"center=B|type=ANNULUS_INNER_BOUNDARY|region=ANNULUS_EDGE|degree=3|neighbor_elements=H:1,N:2|neighbor_types=ANNULUS_INNER_PASSIVANT_H:1,ANNULUS_INTERIOR:2"
A:LOWER:-2:6,B,ANNULUS_INTERIOR,LOWER,ANNULUS_INTERIOR,3,0,3,0,center=B|type=ANNULUS_INTERIOR|region=ANNULUS_INTERIOR|degree=3|neighbor_elements=N:3|neighbor_types=ANNULUS_INTERIOR:3
A:LOWER:-2:8,B,ANNULUS_INTERIOR,LOWER,ANNULUS_INTERIOR,3,0,3,0,"center=B|type=ANNULUS_INTERIOR|region=ANNULUS_INTERIOR|degree=3|neighbor_elements=N:3|neighbor_types=ANNULUS_INTERIOR:1,ANNULUS_OUTER_BOUNDARY:2"
A:LOWER:-4:-4,N,ANNULUS_INTERIOR,LOWER,ANNULUS_INTERIOR,3,3,0,0,"center=N|type=ANNULUS_INTERIOR|region=ANNULUS_INTERIOR|degree=3|neighbor_elements=B:3|neighbor_types=ANNULUS_INNER_BOUNDARY:2,ANNULUS_INTERIOR:1"
A:LOWER:-4:-6,N,ANNULUS_INTERIOR,LOWER,ANNULUS_INTERIOR,3,3,0,0,center=N|type=ANNULUS_INTERIOR|region=ANNULUS_INTERIOR|degree=3|neighbor_elements=B:3|neighbor_types=ANNULUS_INTERIOR:3
A:LOWER:-4:-8,N,ANNULUS_OUTER_BOUNDARY,LOWER,ANNULUS_EDGE,3,2,0,1,"center=N|type=ANNULUS_OUTER_BOUNDARY|region=ANNULUS_EDGE|degree=3|neighbor_elements=B:2,H:1|neighbor_types=ANNULUS_INTERIOR:2,ANNULUS_OUTER_PASSIVANT_H:1"
A:LOWER:-4:4,N,ANNULUS_INTERIOR,LOWER,ANNULUS_INTERIOR,3,3,0,0,"center=N|type=ANNULUS_INTERIOR|region=ANNULUS_INTERIOR|degree=3|neighbor_elements=B:3|neighbor_types=ANNULUS_INNER_BOUNDARY:2,ANNULUS_INTERIOR:1"
A:LOWER:-4:6,N,ANNULUS_INTERIOR,LOWER,ANNULUS_INTERIOR,3,3,0,0,center=N|type=ANNULUS_INTERIOR|region=ANNULUS_INTERIOR|degree=3|neighbor_elements=B:3|neighbor_types=ANNULUS_INTERIOR:3
A:LOWER:-4:8,N,ANNULUS_OUTER_BOUNDARY,LOWER,ANNULUS_EDGE,3,2,0,1,"center=N|type=ANNULUS_OUTER_BOUNDARY|region=ANNULUS_EDGE|degree=3|neighbor_elements=B:2,H:1|neighbor_types=ANNULUS_INTERIOR:2,ANNULUS_OUTER_PASSIVANT_H:1"
A:LOWER:-5:-3,B,ANNULUS_INNER_BOUNDARY,LOWER,ANNULUS_EDGE,3,0,2,1,"center=B|type=ANNULUS_INNER_BOUNDARY|region=ANNULUS_EDGE|degree=3|neighbor_elements=H:1,N:2|neighbor_types=ANNULUS_INNER_PASSIVANT_H:1,ANNULUS_INTERIOR:2"
A:LOWER:-5:-5,B,ANNULUS_INTERIOR,LOWER,ANNULUS_INTERIOR,3,0,3,0,center=B|type=ANNULUS_INTERIOR|region=ANNULUS_INTERIOR|degree=3|neighbor_elements=N:3|neighbor_types=ANNULUS_INTERIOR:3
A:LOWER:-5:-7,B,ANNULUS_INTERIOR,LOWER,ANNULUS_INTERIOR,3,0,3,0,"center=B|type=ANNULUS_INTERIOR|region=ANNULUS_INTERIOR|degree=3|neighbor_elements=N:3|neighbor_types=ANNULUS_INTERIOR:1,ANNULUS_OUTER_BOUNDARY:2"
A:LOWER:-5:3,B,ANNULUS_INNER_BOUNDARY,LOWER,ANNULUS_EDGE,3,0,2,1,"center=B|type=ANNULUS_INNER_BOUNDARY|region=ANNULUS_EDGE|degree=3|neighbor_elements=H:1,N:2|neighbor_types=ANNULUS_INNER_PASSIVANT_H:1,ANNULUS_INTERIOR:2"
A:LOWER:-5:5,B,ANNULUS_INTERIOR,LOWER,ANNULUS_INTERIOR,3,0,3,0,center=B|type=ANNULUS_INTERIOR|region=ANNULUS_INTERIOR|degree=3|neighbor_elements=N:3|neighbor_types=ANNULUS_INTERIOR:3
A:LOWER:-5:7,B,ANNULUS_INTERIOR,LOWER,ANNULUS_INTERIOR,3,0,3,0,"center=B|type=ANNULUS_INTERIOR|region=ANNULUS_INTERIOR|degree=3|neighbor_elements=N:3|neighbor_types=ANNULUS_INTERIOR:1,ANNULUS_OUTER_BOUNDARY:2"
A:LOWER:-7:-1,N,ANNULUS_INNER_BOUNDARY,LOWER,ANNULUS_EDGE,3,2,0,1,"center=N|type=ANNULUS_INNER_BOUNDARY|region=ANNULUS_EDGE|degree=3|neighbor_elements=B:2,H:1|neighbor_types=ANNULUS_INNER_PASSIVANT_H:1,ANNULUS_INTERIOR:2"
A:LOWER:-7:-3,N,ANNULUS_INTERIOR,LOWER,ANNULUS_INTERIOR,3,3,0,0,"center=N|type=ANNULUS_INTERIOR|region=ANNULUS_INTERIOR|degree=3|neighbor_elements=B:3|neighbor_types=ANNULUS_INNER_BOUNDARY:1,ANNULUS_INTERIOR:2"
A:LOWER:-7:-5,N,ANNULUS_INTERIOR,LOWER,ANNULUS_INTERIOR,3,3,0,0,center=N|type=ANNULUS_INTERIOR|region=ANNULUS_INTERIOR|degree=3|neighbor_elements=B:3|neighbor_types=ANNULUS_INTERIOR:3
A:LOWER:-7:-7,N,ANNULUS_OUTER_BOUNDARY,LOWER,ANNULUS_EDGE,3,2,0,1,"center=N|type=ANNULUS_OUTER_BOUNDARY|region=ANNULUS_EDGE|degree=3|neighbor_elements=B:2,H:1|neighbor_types=ANNULUS_INTERIOR:2,ANNULUS_OUTER_PASSIVANT_H:1"
A:LOWER:-7:1,N,ANNULUS_INNER_BOUNDARY,LOWER,ANNULUS_EDGE,3,2,0,1,"center=N|type=ANNULUS_INNER_BOUNDARY|region=ANNULUS_EDGE|degree=3|neighbor_elements=B:2,H:1|neighbor_types=ANNULUS_INNER_PASSIVANT_H:1,ANNULUS_INTERIOR:2"
A:LOWER:-7:3,N,ANNULUS_INTERIOR,LOWER,ANNULUS_INTERIOR,3,3,0,0,"center=N|type=ANNULUS_INTERIOR|region=ANNULUS_INTERIOR|degree=3|neighbor_elements=B:3|neighbor_types=ANNULUS_INNER_BOUNDARY:1,ANNULUS_INTERIOR:2"
A:LOWER:-7:5,N,ANNULUS_INTERIOR,LOWER,ANNULUS_INTERIOR,3,3,0,0,center=N|type=ANNULUS_INTERIOR|region=ANNULUS_INTERIOR|degree=3|neighbor_elements=B:3|neighbor_types=ANNULUS_INTERIOR:3
A:LOWER:-7:7,N,ANNULUS_OUTER_BOUNDARY,LOWER,ANNULUS_EDGE,3,2,0,1,"center=N|type=ANNULUS_OUTER_BOUNDARY|region=ANNULUS_EDGE|degree=3|neighbor_elements=B:2,H:1|neighbor_types=ANNULUS_INTERIOR:2,ANNULUS_OUTER_PASSIVANT_H:1"
A:LOWER:-8:-2,B,ANNULUS_INTERIOR,LOWER,ANNULUS_INTERIOR,3,0,3,0,"center=B|type=ANNULUS_INTERIOR|region=ANNULUS_INTERIOR|degree=3|neighbor_elements=N:3|neighbor_types=ANNULUS_INNER_BOUNDARY:1,ANNULUS_INTERIOR:2"
A:LOWER:-8:-4,B,ANNULUS_INTERIOR,LOWER,ANNULUS_INTERIOR,3,0,3,0,center=B|type=ANNULUS_INTERIOR|region=ANNULUS_INTERIOR|degree=3|neighbor_elements=N:3|neighbor_types=ANNULUS_INTERIOR:3
A:LOWER:-8:-6,B,ANNULUS_INTERIOR,LOWER,ANNULUS_INTERIOR,3,0,3,0,"center=B|type=ANNULUS_INTERIOR|region=ANNULUS_INTERIOR|degree=3|neighbor_elements=N:3|neighbor_types=ANNULUS_INTERIOR:1,ANNULUS_OUTER_BOUNDARY:2"
A:LOWER:-8:0,B,ANNULUS_INTERIOR,LOWER,ANNULUS_INTERIOR,3,0,3,0,"center=B|type=ANNULUS_INTERIOR|region=ANNULUS_INTERIOR|degree=3|neighbor_elements=N:3|neighbor_types=ANNULUS_INNER_BOUNDARY:2,ANNULUS_INTERIOR:1"
A:LOWER:-8:2,B,ANNULUS_INTERIOR,LOWER,ANNULUS_INTERIOR,3,0,3,0,"center=B|type=ANNULUS_INTERIOR|region=ANNULUS_INTERIOR|degree=3|neighbor_elements=N:3|neighbor_types=ANNULUS_INNER_BOUNDARY:1,ANNULUS_INTERIOR:2"
A:LOWER:-8:4,B,ANNULUS_INTERIOR,LOWER,ANNULUS_INTERIOR,3,0,3,0,center=B|type=ANNULUS_INTERIOR|region=ANNULUS_INTERIOR|degree=3|neighbor_elements=N:3|neighbor_types=ANNULUS_INTERIOR:3
A:LOWER:-8:6,B,ANNULUS_INTERIOR,LOWER,ANNULUS_INTERIOR,3,0,3,0,"center=B|type=ANNULUS_INTERIOR|region=ANNULUS_INTERIOR|degree=3|neighbor_elements=N:3|neighbor_types=ANNULUS_INTERIOR:1,ANNULUS_OUTER_BOUNDARY:2"
A:LOWER:10:-2,B,ANNULUS_INTERIOR,LOWER,ANNULUS_INTERIOR,3,0,3,0,center=B|type=ANNULUS_INTERIOR|region=ANNULUS_INTERIOR|degree=3|neighbor_elements=N:3|neighbor_types=ANNULUS_INTERIOR:3
A:LOWER:10:-4,B,ANNULUS_INTERIOR,LOWER,ANNULUS_INTERIOR,3,0,3,0,center=B|type=ANNULUS_INTERIOR|region=ANNULUS_INTERIOR|degree=3|neighbor_elements=N:3|neighbor_types=ANNULUS_INTERIOR:3
A:LOWER:10:-6,B,ANNULUS_OUTER_BOUNDARY,LOWER,ANNULUS_EDGE,3,0,3,0,"center=B|type=ANNULUS_OUTER_BOUNDARY|region=ANNULUS_EDGE|degree=3|neighbor_elements=N:3|neighbor_types=ALTERNATING_BN_FOUR_ATOM_BRIDGE:1,ANNULUS_INTERIOR:2"
A:LOWER:10:0,B,ANNULUS_INTERIOR,LOWER,ANNULUS_INTERIOR,3,0,3,0,center=B|type=ANNULUS_INTERIOR|region=ANNULUS_INTERIOR|degree=3|neighbor_elements=N:3|neighbor_types=ANNULUS_INTERIOR:3
A:LOWER:10:2,B,ANNULUS_INTERIOR,LOWER,ANNULUS_INTERIOR,3,0,3,0,center=B|type=ANNULUS_INTERIOR|region=ANNULUS_INTERIOR|degree=3|neighbor_elements=N:3|neighbor_types=ANNULUS_INTERIOR:3
A:LOWER:10:4,B,ANNULUS_INTERIOR,LOWER,ANNULUS_INTERIOR,3,0,3,0,center=B|type=ANNULUS_INTERIOR|region=ANNULUS_INTERIOR|degree=3|neighbor_elements=N:3|neighbor_types=ANNULUS_INTERIOR:3
A:LOWER:10:6,B,ANNULUS_OUTER_BOUNDARY,LOWER,ANNULUS_EDGE,3,0,3,0,"center=B|type=ANNULUS_OUTER_BOUNDARY|region=ANNULUS_EDGE|degree=3|neighbor_elements=N:3|neighbor_types=ALTERNATING_BN_FOUR_ATOM_BRIDGE:1,ANNULUS_INTERIOR:2"
A:LOWER:11:-1,N,ANNULUS_INTERIOR,LOWER,ANNULUS_INTERIOR,3,3,0,0,center=N|type=ANNULUS_INTERIOR|region=ANNULUS_INTERIOR|degree=3|neighbor_elements=B:3|neighbor_types=ANNULUS_INTERIOR:3
A:LOWER:11:-3,N,ANNULUS_INTERIOR,LOWER,ANNULUS_INTERIOR,3,3,0,0,center=N|type=ANNULUS_INTERIOR|region=ANNULUS_INTERIOR|degree=3|neighbor_elements=B:3|neighbor_types=ANNULUS_INTERIOR:3
A:LOWER:11:-5,N,ANNULUS_INTERIOR,LOWER,ANNULUS_INTERIOR,3,3,0,0,"center=N|type=ANNULUS_INTERIOR|region=ANNULUS_INTERIOR|degree=3|neighbor_elements=B:3|neighbor_types=ANNULUS_INTERIOR:1,ANNULUS_OUTER_BOUNDARY:2"
A:LOWER:11:1,N,ANNULUS_INTERIOR,LOWER,ANNULUS_INTERIOR,3,3,0,0,center=N|type=ANNULUS_INTERIOR|region=ANNULUS_INTERIOR|degree=3|neighbor_elements=B:3|neighbor_types=ANNULUS_INTERIOR:3
A:LOWER:11:3,N,ANNULUS_INTERIOR,LOWER,ANNULUS_INTERIOR,3,3,0,0,center=N|type=ANNULUS_INTERIOR|region=ANNULUS_INTERIOR|degree=3|neighbor_elements=B:3|neighbor_types=ANNULUS_INTERIOR:3
A:LOWER:11:5,N,ANNULUS_INTERIOR,LOWER,ANNULUS_INTERIOR,3,3,0,0,"center=N|type=ANNULUS_INTERIOR|region=ANNULUS_INTERIOR|degree=3|neighbor_elements=B:3|neighbor_types=ANNULUS_INTERIOR:1,ANNULUS_OUTER_BOUNDARY:2"
A:LOWER:13:-1,B,ANNULUS_INTERIOR,LOWER,ANNULUS_INTERIOR,3,0,3,0,"center=B|type=ANNULUS_INTERIOR|region=ANNULUS_INTERIOR|degree=3|neighbor_elements=N:3|neighbor_types=ANNULUS_INTERIOR:1,ANNULUS_OUTER_BOUNDARY:2"
A:LOWER:13:-3,B,ANNULUS_INTERIOR,LOWER,ANNULUS_INTERIOR,3,0,3,0,"center=B|type=ANNULUS_INTERIOR|region=ANNULUS_INTERIOR|degree=3|neighbor_elements=N:3|neighbor_types=ANNULUS_INTERIOR:1,ANNULUS_OUTER_BOUNDARY:2"
A:LOWER:13:-5,B,ANNULUS_OUTER_BOUNDARY,LOWER,ANNULUS_EDGE,3,0,3,0,"center=B|type=ANNULUS_OUTER_BOUNDARY|region=ANNULUS_EDGE|degree=3|neighbor_elements=N:3|neighbor_types=ALTERNATING_BN_FOUR_ATOM_BRIDGE:1,ANNULUS_INTERIOR:1,ANNULUS_OUTER_BOUNDARY:1"
A:LOWER:13:1,B,ANNULUS_INTERIOR,LOWER,ANNULUS_INTERIOR,3,0,3,0,"center=B|type=ANNULUS_INTERIOR|region=ANNULUS_INTERIOR|degree=3|neighbor_elements=N:3|neighbor_types=ANNULUS_INTERIOR:1,ANNULUS_OUTER_BOUNDARY:2"
A:LOWER:13:3,B,ANNULUS_INTERIOR,LOWER,ANNULUS_INTERIOR,3,0,3,0,"center=B|type=ANNULUS_INTERIOR|region=ANNULUS_INTERIOR|degree=3|neighbor_elements=N:3|neighbor_types=ANNULUS_INTERIOR:1,ANNULUS_OUTER_BOUNDARY:2"
A:LOWER:13:5,B,ANNULUS_OUTER_BOUNDARY,LOWER,ANNULUS_EDGE,3,0,3,0,"center=B|type=ANNULUS_OUTER_BOUNDARY|region=ANNULUS_EDGE|degree=3|neighbor_elements=N:3|neighbor_types=ALTERNATING_BN_FOUR_ATOM_BRIDGE:1,ANNULUS_INTERIOR:1,ANNULUS_OUTER_BOUNDARY:1"
A:LOWER:14:-2,N,ANNULUS_OUTER_BOUNDARY,LOWER,ANNULUS_EDGE,3,2,0,1,"center=N|type=ANNULUS_OUTER_BOUNDARY|region=ANNULUS_EDGE|degree=3|neighbor_elements=B:2,H:1|neighbor_types=ANNULUS_INTERIOR:2,ANNULUS_OUTER_PASSIVANT_H:1"
A:LOWER:14:-4,N,ANNULUS_OUTER_BOUNDARY,LOWER,ANNULUS_EDGE,3,2,0,1,"center=N|type=ANNULUS_OUTER_BOUNDARY|region=ANNULUS_EDGE|degree=3|neighbor_elements=B:2,H:1|neighbor_types=ANNULUS_INTERIOR:1,ANNULUS_OUTER_BOUNDARY:1,ANNULUS_OUTER_PASSIVANT_H:1"
A:LOWER:14:0,N,ANNULUS_OUTER_BOUNDARY,LOWER,ANNULUS_EDGE,3,2,0,1,"center=N|type=ANNULUS_OUTER_BOUNDARY|region=ANNULUS_EDGE|degree=3|neighbor_elements=B:2,H:1|neighbor_types=ANNULUS_INTERIOR:2,ANNULUS_OUTER_PASSIVANT_H:1"
A:LOWER:14:2,N,ANNULUS_OUTER_BOUNDARY,LOWER,ANNULUS_EDGE,3,2,0,1,"center=N|type=ANNULUS_OUTER_BOUNDARY|region=ANNULUS_EDGE|degree=3|neighbor_elements=B:2,H:1|neighbor_types=ANNULUS_INTERIOR:2,ANNULUS_OUTER_PASSIVANT_H:1"
A:LOWER:14:4,N,ANNULUS_OUTER_BOUNDARY,LOWER,ANNULUS_EDGE,3,2,0,1,"center=N|type=ANNULUS_OUTER_BOUNDARY|region=ANNULUS_EDGE|degree=3|neighbor_elements=B:2,H:1|neighbor_types=ANNULUS_INTERIOR:1,ANNULUS_OUTER_BOUNDARY:1,ANNULUS_OUTER_PASSIVANT_H:1"
A:LOWER:1:-5,B,ANNULUS_INTERIOR,LOWER,ANNULUS_INTERIOR,3,0,3,0,"center=B|type=ANNULUS_INTERIOR|region=ANNULUS_INTERIOR|degree=3|neighbor_elements=N:3|neighbor_types=ANNULUS_INNER_BOUNDARY:1,ANNULUS_INTERIOR:2"
A:LOWER:1:-7,B,ANNULUS_INTERIOR,LOWER,ANNULUS_INTERIOR,3,0,3,0,center=B|type=ANNULUS_INTERIOR|region=ANNULUS_INTERIOR|degree=3|neighbor_elements=N:3|neighbor_types=ANNULUS_INTERIOR:3
A:LOWER:1:-9,B,ANNULUS_OUTER_BOUNDARY,LOWER,ANNULUS_EDGE,3,0,3,0,"center=B|type=ANNULUS_OUTER_BOUNDARY|region=ANNULUS_EDGE|degree=3|neighbor_elements=N:3|neighbor_types=ALTERNATING_BN_FOUR_ATOM_BRIDGE:1,ANNULUS_INTERIOR:1,ANNULUS_OUTER_BOUNDARY:1"
A:LOWER:1:5,B,ANNULUS_INTERIOR,LOWER,ANNULUS_INTERIOR,3,0,3,0,"center=B|type=ANNULUS_INTERIOR|region=ANNULUS_INTERIOR|degree=3|neighbor_elements=N:3|neighbor_types=ANNULUS_INNER_BOUNDARY:1,ANNULUS_INTERIOR:2"
A:LOWER:1:7,B,ANNULUS_INTERIOR,LOWER,ANNULUS_INTERIOR,3,0,3,0,center=B|type=ANNULUS_INTERIOR|region=ANNULUS_INTERIOR|degree=3|neighbor_elements=N:3|neighbor_types=ANNULUS_INTERIOR:3
A:LOWER:1:9,B,ANNULUS_OUTER_BOUNDARY,LOWER,ANNULUS_EDGE,3,0,3,0,"center=B|type=ANNULUS_OUTER_BOUNDARY|region=ANNULUS_EDGE|degree=3|neighbor_elements=N:3|neighbor_types=ALTERNATING_BN_FOUR_ATOM_BRIDGE:1,ANNULUS_INTERIOR:1,ANNULUS_OUTER_BOUNDARY:1"
A:LOWER:2:-4,N,ANNULUS_INNER_BOUNDARY,LOWER,ANNULUS_EDGE,3,2,0,1,"center=N|type=ANNULUS_INNER_BOUNDARY|region=ANNULUS_EDGE|degree=3|neighbor_elements=B:2,H:1|neighbor_types=ANNULUS_INNER_PASSIVANT_H:1,ANNULUS_INTERIOR:2"
A:LOWER:2:-6,N,ANNULUS_INTERIOR,LOWER,ANNULUS_INTERIOR,3,3,0,0,center=N|type=ANNULUS_INTERIOR|region=ANNULUS_INTERIOR|degree=3|neighbor_elements=B:3|neighbor_types=ANNULUS_INTERIOR:3
A:LOWER:2:-8,N,ANNULUS_INTERIOR,LOWER,ANNULUS_INTERIOR,3,3,0,0,"center=N|type=ANNULUS_INTERIOR|region=ANNULUS_INTERIOR|degree=3|neighbor_elements=B:3|neighbor_types=ANNULUS_INTERIOR:1,ANNULUS_OUTER_BOUNDARY:2"
A:LOWER:2:4,N,ANNULUS_INNER_BOUNDARY,LOWER,ANNULUS_EDGE,3,2,0,1,"center=N|type=ANNULUS_INNER_BOUNDARY|region=ANNULUS_EDGE|degree=3|neighbor_elements=B:2,H:1|neighbor_types=ANNULUS_INNER_PASSIVANT_H:1,ANNULUS_INTERIOR:2"
A:LOWER:2:6,N,ANNULUS_INTERIOR,LOWER,ANNULUS_INTERIOR,3,3,0,0,center=N|type=ANNULUS_INTERIOR|region=ANNULUS_INTERIOR|degree=3|neighbor_elements=B:3|neighbor_types=ANNULUS_INTERIOR:3
A:LOWER:2:8,N,ANNULUS_INTERIOR,LOWER,ANNULUS_INTERIOR,3,3,0,0,"center=N|type=ANNULUS_INTERIOR|region=ANNULUS_INTERIOR|degree=3|neighbor_elements=B:3|neighbor_types=ANNULUS_INTERIOR:1,ANNULUS_OUTER_BOUNDARY:2"
A:LOWER:4:-4,B,ANNULUS_INTERIOR,LOWER,ANNULUS_INTERIOR,3,0,3,0,"center=B|type=ANNULUS_INTERIOR|region=ANNULUS_INTERIOR|degree=3|neighbor_elements=N:3|neighbor_types=ANNULUS_INNER_BOUNDARY:2,ANNULUS_INTERIOR:1"
A:LOWER:4:-6,B,ANNULUS_INTERIOR,LOWER,ANNULUS_INTERIOR,3,0,3,0,center=B|type=ANNULUS_INTERIOR|region=ANNULUS_INTERIOR|degree=3|neighbor_elements=N:3|neighbor_types=ANNULUS_INTERIOR:3
A:LOWER:4:-8,B,ANNULUS_OUTER_BOUNDARY,LOWER,ANNULUS_EDGE,3,0,3,0,"center=B|type=ANNULUS_OUTER_BOUNDARY|region=ANNULUS_EDGE|degree=3|neighbor_elements=N:3|neighbor_types=ALTERNATING_BN_FOUR_ATOM_BRIDGE:1,ANNULUS_INTERIOR:2"
A:LOWER:4:4,B,ANNULUS_INTERIOR,LOWER,ANNULUS_INTERIOR,3,0,3,0,"center=B|type=ANNULUS_INTERIOR|region=ANNULUS_INTERIOR|degree=3|neighbor_elements=N:3|neighbor_types=ANNULUS_INNER_BOUNDARY:2,ANNULUS_INTERIOR:1"
A:LOWER:4:6,B,ANNULUS_INTERIOR,LOWER,ANNULUS_INTERIOR,3,0,3,0,center=B|type=ANNULUS_INTERIOR|region=ANNULUS_INTERIOR|degree=3|neighbor_elements=N:3|neighbor_types=ANNULUS_INTERIOR:3
A:LOWER:4:8,B,ANNULUS_OUTER_BOUNDARY,LOWER,ANNULUS_EDGE,3,0,3,0,"center=B|type=ANNULUS_OUTER_BOUNDARY|region=ANNULUS_EDGE|degree=3|neighbor_elements=N:3|neighbor_types=ALTERNATING_BN_FOUR_ATOM_BRIDGE:1,ANNULUS_INTERIOR:2"
A:LOWER:5:-3,N,ANNULUS_INNER_BOUNDARY,LOWER,ANNULUS_EDGE,3,2,0,1,"center=N|type=ANNULUS_INNER_BOUNDARY|region=ANNULUS_EDGE|degree=3|neighbor_elements=B:2,H:1|neighbor_types=ANNULUS_INNER_PASSIVANT_H:1,ANNULUS_INTERIOR:2"
A:LOWER:5:-5,N,ANNULUS_INTERIOR,LOWER,ANNULUS_INTERIOR,3,3,0,0,center=N|type=ANNULUS_INTERIOR|region=ANNULUS_INTERIOR|degree=3|neighbor_elements=B:3|neighbor_types=ANNULUS_INTERIOR:3
A:LOWER:5:-7,N,ANNULUS_INTERIOR,LOWER,ANNULUS_INTERIOR,3,3,0,0,"center=N|type=ANNULUS_INTERIOR|region=ANNULUS_INTERIOR|degree=3|neighbor_elements=B:3|neighbor_types=ANNULUS_INTERIOR:1,ANNULUS_OUTER_BOUNDARY:2"
A:LOWER:5:3,N,ANNULUS_INNER_BOUNDARY,LOWER,ANNULUS_EDGE,3,2,0,1,"center=N|type=ANNULUS_INNER_BOUNDARY|region=ANNULUS_EDGE|degree=3|neighbor_elements=B:2,H:1|neighbor_types=ANNULUS_INNER_PASSIVANT_H:1,ANNULUS_INTERIOR:2"
A:LOWER:5:5,N,ANNULUS_INTERIOR,LOWER,ANNULUS_INTERIOR,3,3,0,0,center=N|type=ANNULUS_INTERIOR|region=ANNULUS_INTERIOR|degree=3|neighbor_elements=B:3|neighbor_types=ANNULUS_INTERIOR:3
A:LOWER:5:7,N,ANNULUS_INTERIOR,LOWER,ANNULUS_INTERIOR,3,3,0,0,"center=N|type=ANNULUS_INTERIOR|region=ANNULUS_INTERIOR|degree=3|neighbor_elements=B:3|neighbor_types=ANNULUS_INTERIOR:1,ANNULUS_OUTER_BOUNDARY:2"
A:LOWER:7:-1,B,ANNULUS_INNER_BOUNDARY,LOWER,ANNULUS_EDGE,3,0,2,1,"center=B|type=ANNULUS_INNER_BOUNDARY|region=ANNULUS_EDGE|degree=3|neighbor_elements=H:1,N:2|neighbor_types=ANNULUS_INNER_PASSIVANT_H:1,ANNULUS_INTERIOR:2"
A:LOWER:7:-3,B,ANNULUS_INTERIOR,LOWER,ANNULUS_INTERIOR,3,0,3,0,"center=B|type=ANNULUS_INTERIOR|region=ANNULUS_INTERIOR|degree=3|neighbor_elements=N:3|neighbor_types=ANNULUS_INNER_BOUNDARY:1,ANNULUS_INTERIOR:2"
A:LOWER:7:-5,B,ANNULUS_INTERIOR,LOWER,ANNULUS_INTERIOR,3,0,3,0,center=B|type=ANNULUS_INTERIOR|region=ANNULUS_INTERIOR|degree=3|neighbor_elements=N:3|neighbor_types=ANNULUS_INTERIOR:3
A:LOWER:7:-7,B,ANNULUS_OUTER_BOUNDARY,LOWER,ANNULUS_EDGE,3,0,3,0,"center=B|type=ANNULUS_OUTER_BOUNDARY|region=ANNULUS_EDGE|degree=3|neighbor_elements=N:3|neighbor_types=ALTERNATING_BN_FOUR_ATOM_BRIDGE:1,ANNULUS_INTERIOR:2"
A:LOWER:7:1,B,ANNULUS_INNER_BOUNDARY,LOWER,ANNULUS_EDGE,3,0,2,1,"center=B|type=ANNULUS_INNER_BOUNDARY|region=ANNULUS_EDGE|degree=3|neighbor_elements=H:1,N:2|neighbor_types=ANNULUS_INNER_PASSIVANT_H:1,ANNULUS_INTERIOR:2"
A:LOWER:7:3,B,ANNULUS_INTERIOR,LOWER,ANNULUS_INTERIOR,3,0,3,0,"center=B|type=ANNULUS_INTERIOR|region=ANNULUS_INTERIOR|degree=3|neighbor_elements=N:3|neighbor_types=ANNULUS_INNER_BOUNDARY:1,ANNULUS_INTERIOR:2"
A:LOWER:7:5,B,ANNULUS_INTERIOR,LOWER,ANNULUS_INTERIOR,3,0,3,0,center=B|type=ANNULUS_INTERIOR|region=ANNULUS_INTERIOR|degree=3|neighbor_elements=N:3|neighbor_types=ANNULUS_INTERIOR:3
A:LOWER:7:7,B,ANNULUS_OUTER_BOUNDARY,LOWER,ANNULUS_EDGE,3,0,3,0,"center=B|type=ANNULUS_OUTER_BOUNDARY|region=ANNULUS_EDGE|degree=3|neighbor_elements=N:3|neighbor_types=ALTERNATING_BN_FOUR_ATOM_BRIDGE:1,ANNULUS_INTERIOR:2"
A:LOWER:8:-2,N,ANNULUS_INTERIOR,LOWER,ANNULUS_INTERIOR,3,3,0,0,"center=N|type=ANNULUS_INTERIOR|region=ANNULUS_INTERIOR|degree=3|neighbor_elements=B:3|neighbor_types=ANNULUS_INNER_BOUNDARY:1,ANNULUS_INTERIOR:2"
A:LOWER:8:-4,N,ANNULUS_INTERIOR,LOWER,ANNULUS_INTERIOR,3,3,0,0,center=N|type=ANNULUS_INTERIOR|region=ANNULUS_INTERIOR|degree=3|neighbor_elements=B:3|neighbor_types=ANNULUS_INTERIOR:3
A:LOWER:8:-6,N,ANNULUS_INTERIOR,LOWER,ANNULUS_INTERIOR,3,3,0,0,"center=N|type=ANNULUS_INTERIOR|region=ANNULUS_INTERIOR|degree=3|neighbor_elements=B:3|neighbor_types=ANNULUS_INTERIOR:1,ANNULUS_OUTER_BOUNDARY:2"
A:LOWER:8:0,N,ANNULUS_INTERIOR,LOWER,ANNULUS_INTERIOR,3,3,0,0,"center=N|type=ANNULUS_INTERIOR|region=ANNULUS_INTERIOR|degree=3|neighbor_elements=B:3|neighbor_types=ANNULUS_INNER_BOUNDARY:2,ANNULUS_INTERIOR:1"
A:LOWER:8:2,N,ANNULUS_INTERIOR,LOWER,ANNULUS_INTERIOR,3,3,0,0,"center=N|type=ANNULUS_INTERIOR|region=ANNULUS_INTERIOR|degree=3|neighbor_elements=B:3|neighbor_types=ANNULUS_INNER_BOUNDARY:1,ANNULUS_INTERIOR:2"
A:LOWER:8:4,N,ANNULUS_INTERIOR,LOWER,ANNULUS_INTERIOR,3,3,0,0,center=N|type=ANNULUS_INTERIOR|region=ANNULUS_INTERIOR|degree=3|neighbor_elements=B:3|neighbor_types=ANNULUS_INTERIOR:3
A:LOWER:8:6,N,ANNULUS_INTERIOR,LOWER,ANNULUS_INTERIOR,3,3,0,0,"center=N|type=ANNULUS_INTERIOR|region=ANNULUS_INTERIOR|degree=3|neighbor_elements=B:3|neighbor_types=ANNULUS_INTERIOR:1,ANNULUS_OUTER_BOUNDARY:2"
A:UPPER:-10:-2,B,ANNULUS_INTERIOR,UPPER,ANNULUS_INTERIOR,3,0,3,0,center=B|type=ANNULUS_INTERIOR|region=ANNULUS_INTERIOR|degree=3|neighbor_elements=N:3|neighbor_types=ANNULUS_INTERIOR:3
A:UPPER:-10:-4,B,ANNULUS_INTERIOR,UPPER,ANNULUS_INTERIOR,3,0,3,0,center=B|type=ANNULUS_INTERIOR|region=ANNULUS_INTERIOR|degree=3|neighbor_elements=N:3|neighbor_types=ANNULUS_INTERIOR:3
A:UPPER:-10:-6,B,ANNULUS_OUTER_BOUNDARY,UPPER,ANNULUS_EDGE,3,0,2,1,"center=B|type=ANNULUS_OUTER_BOUNDARY|region=ANNULUS_EDGE|degree=3|neighbor_elements=H:1,N:2|neighbor_types=ANNULUS_INTERIOR:2,ANNULUS_OUTER_PASSIVANT_H:1"
A:UPPER:-10:0,B,ANNULUS_INTERIOR,UPPER,ANNULUS_INTERIOR,3,0,3,0,center=B|type=ANNULUS_INTERIOR|region=ANNULUS_INTERIOR|degree=3|neighbor_elements=N:3|neighbor_types=ANNULUS_INTERIOR:3
A:UPPER:-10:2,B,ANNULUS_INTERIOR,UPPER,ANNULUS_INTERIOR,3,0,3,0,center=B|type=ANNULUS_INTERIOR|region=ANNULUS_INTERIOR|degree=3|neighbor_elements=N:3|neighbor_types=ANNULUS_INTERIOR:3
A:UPPER:-10:4,B,ANNULUS_INTERIOR,UPPER,ANNULUS_INTERIOR,3,0,3,0,center=B|type=ANNULUS_INTERIOR|region=ANNULUS_INTERIOR|degree=3|neighbor_elements=N:3|neighbor_types=ANNULUS_INTERIOR:3
A:UPPER:-10:6,B,ANNULUS_OUTER_BOUNDARY,UPPER,ANNULUS_EDGE,3,0,2,1,"center=B|type=ANNULUS_OUTER_BOUNDARY|region=ANNULUS_EDGE|degree=3|neighbor_elements=H:1,N:2|neighbor_types=ANNULUS_INTERIOR:2,ANNULUS_OUTER_PASSIVANT_H:1"
A:UPPER:-11:-1,N,ANNULUS_INTERIOR,UPPER,ANNULUS_INTERIOR,3,3,0,0,center=N|type=ANNULUS_INTERIOR|region=ANNULUS_INTERIOR|degree=3|neighbor_elements=B:3|neighbor_types=ANNULUS_INTERIOR:3
A:UPPER:-11:-3,N,ANNULUS_INTERIOR,UPPER,ANNULUS_INTERIOR,3,3,0,0,center=N|type=ANNULUS_INTERIOR|region=ANNULUS_INTERIOR|degree=3|neighbor_elements=B:3|neighbor_types=ANNULUS_INTERIOR:3
A:UPPER:-11:-5,N,ANNULUS_INTERIOR,UPPER,ANNULUS_INTERIOR,3,3,0,0,"center=N|type=ANNULUS_INTERIOR|region=ANNULUS_INTERIOR|degree=3|neighbor_elements=B:3|neighbor_types=ANNULUS_INTERIOR:1,ANNULUS_OUTER_BOUNDARY:2"
A:UPPER:-11:1,N,ANNULUS_INTERIOR,UPPER,ANNULUS_INTERIOR,3,3,0,0,center=N|type=ANNULUS_INTERIOR|region=ANNULUS_INTERIOR|degree=3|neighbor_elements=B:3|neighbor_types=ANNULUS_INTERIOR:3
A:UPPER:-11:3,N,ANNULUS_INTERIOR,UPPER,ANNULUS_INTERIOR,3,3,0,0,center=N|type=ANNULUS_INTERIOR|region=ANNULUS_INTERIOR|degree=3|neighbor_elements=B:3|neighbor_types=ANNULUS_INTERIOR:3
A:UPPER:-11:5,N,ANNULUS_INTERIOR,UPPER,ANNULUS_INTERIOR,3,3,0,0,"center=N|type=ANNULUS_INTERIOR|region=ANNULUS_INTERIOR|degree=3|neighbor_elements=B:3|neighbor_types=ANNULUS_INTERIOR:1,ANNULUS_OUTER_BOUNDARY:2"
A:UPPER:-13:-1,B,ANNULUS_INTERIOR,UPPER,ANNULUS_INTERIOR,3,0,3,0,"center=B|type=ANNULUS_INTERIOR|region=ANNULUS_INTERIOR|degree=3|neighbor_elements=N:3|neighbor_types=ANNULUS_INTERIOR:1,ANNULUS_OUTER_BOUNDARY:2"
A:UPPER:-13:-3,B,ANNULUS_INTERIOR,UPPER,ANNULUS_INTERIOR,3,0,3,0,"center=B|type=ANNULUS_INTERIOR|region=ANNULUS_INTERIOR|degree=3|neighbor_elements=N:3|neighbor_types=ANNULUS_INTERIOR:1,ANNULUS_OUTER_BOUNDARY:2"
A:UPPER:-13:-5,B,ANNULUS_OUTER_BOUNDARY,UPPER,ANNULUS_EDGE,3,0,2,1,"center=B|type=ANNULUS_OUTER_BOUNDARY|region=ANNULUS_EDGE|degree=3|neighbor_elements=H:1,N:2|neighbor_types=ANNULUS_INTERIOR:1,ANNULUS_OUTER_BOUNDARY:1,ANNULUS_OUTER_PASSIVANT_H:1"
A:UPPER:-13:1,B,ANNULUS_INTERIOR,UPPER,ANNULUS_INTERIOR,3,0,3,0,"center=B|type=ANNULUS_INTERIOR|region=ANNULUS_INTERIOR|degree=3|neighbor_elements=N:3|neighbor_types=ANNULUS_INTERIOR:1,ANNULUS_OUTER_BOUNDARY:2"
A:UPPER:-13:3,B,ANNULUS_INTERIOR,UPPER,ANNULUS_INTERIOR,3,0,3,0,"center=B|type=ANNULUS_INTERIOR|region=ANNULUS_INTERIOR|degree=3|neighbor_elements=N:3|neighbor_types=ANNULUS_INTERIOR:1,ANNULUS_OUTER_BOUNDARY:2"
A:UPPER:-13:5,B,ANNULUS_OUTER_BOUNDARY,UPPER,ANNULUS_EDGE,3,0,2,1,"center=B|type=ANNULUS_OUTER_BOUNDARY|region=ANNULUS_EDGE|degree=3|neighbor_elements=H:1,N:2|neighbor_types=ANNULUS_INTERIOR:1,ANNULUS_OUTER_BOUNDARY:1,ANNULUS_OUTER_PASSIVANT_H:1"
A:UPPER:-14:-2,N,ANNULUS_OUTER_BOUNDARY,UPPER,ANNULUS_EDGE,3,3,0,0,"center=N|type=ANNULUS_OUTER_BOUNDARY|region=ANNULUS_EDGE|degree=3|neighbor_elements=B:3|neighbor_types=ALTERNATING_BN_FOUR_ATOM_BRIDGE:1,ANNULUS_INTERIOR:2"
A:UPPER:-14:-4,N,ANNULUS_OUTER_BOUNDARY,UPPER,ANNULUS_EDGE,3,3,0,0,"center=N|type=ANNULUS_OUTER_BOUNDARY|region=ANNULUS_EDGE|degree=3|neighbor_elements=B:3|neighbor_types=ALTERNATING_BN_FOUR_ATOM_BRIDGE:1,ANNULUS_INTERIOR:1,ANNULUS_OUTER_BOUNDARY:1"
A:UPPER:-14:0,N,ANNULUS_OUTER_BOUNDARY,UPPER,ANNULUS_EDGE,3,3,0,0,"center=N|type=ANNULUS_OUTER_BOUNDARY|region=ANNULUS_EDGE|degree=3|neighbor_elements=B:3|neighbor_types=ALTERNATING_BN_FOUR_ATOM_BRIDGE:1,ANNULUS_INTERIOR:2"
A:UPPER:-14:2,N,ANNULUS_OUTER_BOUNDARY,UPPER,ANNULUS_EDGE,3,3,0,0,"center=N|type=ANNULUS_OUTER_BOUNDARY|region=ANNULUS_EDGE|degree=3|neighbor_elements=B:3|neighbor_types=ALTERNATING_BN_FOUR_ATOM_BRIDGE:1,ANNULUS_INTERIOR:2"
A:UPPER:-14:4,N,ANNULUS_OUTER_BOUNDARY,UPPER,ANNULUS_EDGE,3,3,0,0,"center=N|type=ANNULUS_OUTER_BOUNDARY|region=ANNULUS_EDGE|degree=3|neighbor_elements=B:3|neighbor_types=ALTERNATING_BN_FOUR_ATOM_BRIDGE:1,ANNULUS_INTERIOR:1,ANNULUS_OUTER_BOUNDARY:1"
A:UPPER:-1:-5,B,ANNULUS_INTERIOR,UPPER,ANNULUS_INTERIOR,3,0,3,0,"center=B|type=ANNULUS_INTERIOR|region=ANNULUS_INTERIOR|degree=3|neighbor_elements=N:3|neighbor_types=ANNULUS_INNER_BOUNDARY:1,ANNULUS_INTERIOR:2"
A:UPPER:-1:-7,B,ANNULUS_INTERIOR,UPPER,ANNULUS_INTERIOR,3,0,3,0,center=B|type=ANNULUS_INTERIOR|region=ANNULUS_INTERIOR|degree=3|neighbor_elements=N:3|neighbor_types=ANNULUS_INTERIOR:3
A:UPPER:-1:-9,B,ANNULUS_OUTER_BOUNDARY,UPPER,ANNULUS_EDGE,3,0,2,1,"center=B|type=ANNULUS_OUTER_BOUNDARY|region=ANNULUS_EDGE|degree=3|neighbor_elements=H:1,N:2|neighbor_types=ANNULUS_INTERIOR:1,ANNULUS_OUTER_BOUNDARY:1,ANNULUS_OUTER_PASSIVANT_H:1"
A:UPPER:-1:5,B,ANNULUS_INTERIOR,UPPER,ANNULUS_INTERIOR,3,0,3,0,"center=B|type=ANNULUS_INTERIOR|region=ANNULUS_INTERIOR|degree=3|neighbor_elements=N:3|neighbor_types=ANNULUS_INNER_BOUNDARY:1,ANNULUS_INTERIOR:2"
A:UPPER:-1:7,B,ANNULUS_INTERIOR,UPPER,ANNULUS_INTERIOR,3,0,3,0,center=B|type=ANNULUS_INTERIOR|region=ANNULUS_INTERIOR|degree=3|neighbor_elements=N:3|neighbor_types=ANNULUS_INTERIOR:3
A:UPPER:-1:9,B,ANNULUS_OUTER_BOUNDARY,UPPER,ANNULUS_EDGE,3,0,2,1,"center=B|type=ANNULUS_OUTER_BOUNDARY|region=ANNULUS_EDGE|degree=3|neighbor_elements=H:1,N:2|neighbor_types=ANNULUS_INTERIOR:1,ANNULUS_OUTER_BOUNDARY:1,ANNULUS_OUTER_PASSIVANT_H:1"
A:UPPER:-2:-4,N,ANNULUS_INNER_BOUNDARY,UPPER,ANNULUS_EDGE,3,2,0,1,"center=N|type=ANNULUS_INNER_BOUNDARY|region=ANNULUS_EDGE|degree=3|neighbor_elements=B:2,H:1|neighbor_types=ANNULUS_INNER_PASSIVANT_H:1,ANNULUS_INTERIOR:2"
A:UPPER:-2:-6,N,ANNULUS_INTERIOR,UPPER,ANNULUS_INTERIOR,3,3,0,0,center=N|type=ANNULUS_INTERIOR|region=ANNULUS_INTERIOR|degree=3|neighbor_elements=B:3|neighbor_types=ANNULUS_INTERIOR:3
A:UPPER:-2:-8,N,ANNULUS_INTERIOR,UPPER,ANNULUS_INTERIOR,3,3,0,0,"center=N|type=ANNULUS_INTERIOR|region=ANNULUS_INTERIOR|degree=3|neighbor_elements=B:3|neighbor_types=ANNULUS_INTERIOR:1,ANNULUS_OUTER_BOUNDARY:2"
A:UPPER:-2:4,N,ANNULUS_INNER_BOUNDARY,UPPER,ANNULUS_EDGE,3,2,0,1,"center=N|type=ANNULUS_INNER_BOUNDARY|region=ANNULUS_EDGE|degree=3|neighbor_elements=B:2,H:1|neighbor_types=ANNULUS_INNER_PASSIVANT_H:1,ANNULUS_INTERIOR:2"
A:UPPER:-2:6,N,ANNULUS_INTERIOR,UPPER,ANNULUS_INTERIOR,3,3,0,0,center=N|type=ANNULUS_INTERIOR|region=ANNULUS_INTERIOR|degree=3|neighbor_elements=B:3|neighbor_types=ANNULUS_INTERIOR:3
A:UPPER:-2:8,N,ANNULUS_INTERIOR,UPPER,ANNULUS_INTERIOR,3,3,0,0,"center=N|type=ANNULUS_INTERIOR|region=ANNULUS_INTERIOR|degree=3|neighbor_elements=B:3|neighbor_types=ANNULUS_INTERIOR:1,ANNULUS_OUTER_BOUNDARY:2"
A:UPPER:-4:-4,B,ANNULUS_INTERIOR,UPPER,ANNULUS_INTERIOR,3,0,3,0,"center=B|type=ANNULUS_INTERIOR|region=ANNULUS_INTERIOR|degree=3|neighbor_elements=N:3|neighbor_types=ANNULUS_INNER_BOUNDARY:2,ANNULUS_INTERIOR:1"
A:UPPER:-4:-6,B,ANNULUS_INTERIOR,UPPER,ANNULUS_INTERIOR,3,0,3,0,center=B|type=ANNULUS_INTERIOR|region=ANNULUS_INTERIOR|degree=3|neighbor_elements=N:3|neighbor_types=ANNULUS_INTERIOR:3
A:UPPER:-4:-8,B,ANNULUS_OUTER_BOUNDARY,UPPER,ANNULUS_EDGE,3,0,2,1,"center=B|type=ANNULUS_OUTER_BOUNDARY|region=ANNULUS_EDGE|degree=3|neighbor_elements=H:1,N:2|neighbor_types=ANNULUS_INTERIOR:2,ANNULUS_OUTER_PASSIVANT_H:1"
A:UPPER:-4:4,B,ANNULUS_INTERIOR,UPPER,ANNULUS_INTERIOR,3,0,3,0,"center=B|type=ANNULUS_INTERIOR|region=ANNULUS_INTERIOR|degree=3|neighbor_elements=N:3|neighbor_types=ANNULUS_INNER_BOUNDARY:2,ANNULUS_INTERIOR:1"
A:UPPER:-4:6,B,ANNULUS_INTERIOR,UPPER,ANNULUS_INTERIOR,3,0,3,0,center=B|type=ANNULUS_INTERIOR|region=ANNULUS_INTERIOR|degree=3|neighbor_elements=N:3|neighbor_types=ANNULUS_INTERIOR:3
A:UPPER:-4:8,B,ANNULUS_OUTER_BOUNDARY,UPPER,ANNULUS_EDGE,3,0,2,1,"center=B|type=ANNULUS_OUTER_BOUNDARY|region=ANNULUS_EDGE|degree=3|neighbor_elements=H:1,N:2|neighbor_types=ANNULUS_INTERIOR:2,ANNULUS_OUTER_PASSIVANT_H:1"
A:UPPER:-5:-3,N,ANNULUS_INNER_BOUNDARY,UPPER,ANNULUS_EDGE,3,2,0,1,"center=N|type=ANNULUS_INNER_BOUNDARY|region=ANNULUS_EDGE|degree=3|neighbor_elements=B:2,H:1|neighbor_types=ANNULUS_INNER_PASSIVANT_H:1,ANNULUS_INTERIOR:2"
A:UPPER:-5:-5,N,ANNULUS_INTERIOR,UPPER,ANNULUS_INTERIOR,3,3,0,0,center=N|type=ANNULUS_INTERIOR|region=ANNULUS_INTERIOR|degree=3|neighbor_elements=B:3|neighbor_types=ANNULUS_INTERIOR:3
A:UPPER:-5:-7,N,ANNULUS_INTERIOR,UPPER,ANNULUS_INTERIOR,3,3,0,0,"center=N|type=ANNULUS_INTERIOR|region=ANNULUS_INTERIOR|degree=3|neighbor_elements=B:3|neighbor_types=ANNULUS_INTERIOR:1,ANNULUS_OUTER_BOUNDARY:2"
A:UPPER:-5:3,N,ANNULUS_INNER_BOUNDARY,UPPER,ANNULUS_EDGE,3,2,0,1,"center=N|type=ANNULUS_INNER_BOUNDARY|region=ANNULUS_EDGE|degree=3|neighbor_elements=B:2,H:1|neighbor_types=ANNULUS_INNER_PASSIVANT_H:1,ANNULUS_INTERIOR:2"
A:UPPER:-5:5,N,ANNULUS_INTERIOR,UPPER,ANNULUS_INTERIOR,3,3,0,0,center=N|type=ANNULUS_INTERIOR|region=ANNULUS_INTERIOR|degree=3|neighbor_elements=B:3|neighbor_types=ANNULUS_INTERIOR:3
A:UPPER:-5:7,N,ANNULUS_INTERIOR,UPPER,ANNULUS_INTERIOR,3,3,0,0,"center=N|type=ANNULUS_INTERIOR|region=ANNULUS_INTERIOR|degree=3|neighbor_elements=B:3|neighbor_types=ANNULUS_INTERIOR:1,ANNULUS_OUTER_BOUNDARY:2"
A:UPPER:-7:-1,B,ANNULUS_INNER_BOUNDARY,UPPER,ANNULUS_EDGE,3,0,2,1,"center=B|type=ANNULUS_INNER_BOUNDARY|region=ANNULUS_EDGE|degree=3|neighbor_elements=H:1,N:2|neighbor_types=ANNULUS_INNER_PASSIVANT_H:1,ANNULUS_INTERIOR:2"
A:UPPER:-7:-3,B,ANNULUS_INTERIOR,UPPER,ANNULUS_INTERIOR,3,0,3,0,"center=B|type=ANNULUS_INTERIOR|region=ANNULUS_INTERIOR|degree=3|neighbor_elements=N:3|neighbor_types=ANNULUS_INNER_BOUNDARY:1,ANNULUS_INTERIOR:2"
A:UPPER:-7:-5,B,ANNULUS_INTERIOR,UPPER,ANNULUS_INTERIOR,3,0,3,0,center=B|type=ANNULUS_INTERIOR|region=ANNULUS_INTERIOR|degree=3|neighbor_elements=N:3|neighbor_types=ANNULUS_INTERIOR:3
A:UPPER:-7:-7,B,ANNULUS_OUTER_BOUNDARY,UPPER,ANNULUS_EDGE,3,0,2,1,"center=B|type=ANNULUS_OUTER_BOUNDARY|region=ANNULUS_EDGE|degree=3|neighbor_elements=H:1,N:2|neighbor_types=ANNULUS_INTERIOR:2,ANNULUS_OUTER_PASSIVANT_H:1"
A:UPPER:-7:1,B,ANNULUS_INNER_BOUNDARY,UPPER,ANNULUS_EDGE,3,0,2,1,"center=B|type=ANNULUS_INNER_BOUNDARY|region=ANNULUS_EDGE|degree=3|neighbor_elements=H:1,N:2|neighbor_types=ANNULUS_INNER_PASSIVANT_H:1,ANNULUS_INTERIOR:2"
A:UPPER:-7:3,B,ANNULUS_INTERIOR,UPPER,ANNULUS_INTERIOR,3,0,3,0,"center=B|type=ANNULUS_INTERIOR|region=ANNULUS_INTERIOR|degree=3|neighbor_elements=N:3|neighbor_types=ANNULUS_INNER_BOUNDARY:1,ANNULUS_INTERIOR:2"
A:UPPER:-7:5,B,ANNULUS_INTERIOR,UPPER,ANNULUS_INTERIOR,3,0,3,0,center=B|type=ANNULUS_INTERIOR|region=ANNULUS_INTERIOR|degree=3|neighbor_elements=N:3|neighbor_types=ANNULUS_INTERIOR:3
A:UPPER:-7:7,B,ANNULUS_OUTER_BOUNDARY,UPPER,ANNULUS_EDGE,3,0,2,1,"center=B|type=ANNULUS_OUTER_BOUNDARY|region=ANNULUS_EDGE|degree=3|neighbor_elements=H:1,N:2|neighbor_types=ANNULUS_INTERIOR:2,ANNULUS_OUTER_PASSIVANT_H:1"
A:UPPER:-8:-2,N,ANNULUS_INTERIOR,UPPER,ANNULUS_INTERIOR,3,3,0,0,"center=N|type=ANNULUS_INTERIOR|region=ANNULUS_INTERIOR|degree=3|neighbor_elements=B:3|neighbor_types=ANNULUS_INNER_BOUNDARY:1,ANNULUS_INTERIOR:2"
A:UPPER:-8:-4,N,ANNULUS_INTERIOR,UPPER,ANNULUS_INTERIOR,3,3,0,0,center=N|type=ANNULUS_INTERIOR|region=ANNULUS_INTERIOR|degree=3|neighbor_elements=B:3|neighbor_types=ANNULUS_INTERIOR:3
A:UPPER:-8:-6,N,ANNULUS_INTERIOR,UPPER,ANNULUS_INTERIOR,3,3,0,0,"center=N|type=ANNULUS_INTERIOR|region=ANNULUS_INTERIOR|degree=3|neighbor_elements=B:3|neighbor_types=ANNULUS_INTERIOR:1,ANNULUS_OUTER_BOUNDARY:2"
A:UPPER:-8:0,N,ANNULUS_INTERIOR,UPPER,ANNULUS_INTERIOR,3,3,0,0,"center=N|type=ANNULUS_INTERIOR|region=ANNULUS_INTERIOR|degree=3|neighbor_elements=B:3|neighbor_types=ANNULUS_INNER_BOUNDARY:2,ANNULUS_INTERIOR:1"
A:UPPER:-8:2,N,ANNULUS_INTERIOR,UPPER,ANNULUS_INTERIOR,3,3,0,0,"center=N|type=ANNULUS_INTERIOR|region=ANNULUS_INTERIOR|degree=3|neighbor_elements=B:3|neighbor_types=ANNULUS_INNER_BOUNDARY:1,ANNULUS_INTERIOR:2"
A:UPPER:-8:4,N,ANNULUS_INTERIOR,UPPER,ANNULUS_INTERIOR,3,3,0,0,center=N|type=ANNULUS_INTERIOR|region=ANNULUS_INTERIOR|degree=3|neighbor_elements=B:3|neighbor_types=ANNULUS_INTERIOR:3
A:UPPER:-8:6,N,ANNULUS_INTERIOR,UPPER,ANNULUS_INTERIOR,3,3,0,0,"center=N|type=ANNULUS_INTERIOR|region=ANNULUS_INTERIOR|degree=3|neighbor_elements=B:3|neighbor_types=ANNULUS_INTERIOR:1,ANNULUS_OUTER_BOUNDARY:2"
A:UPPER:10:-2,N,ANNULUS_INTERIOR,UPPER,ANNULUS_INTERIOR,3,3,0,0,center=N|type=ANNULUS_INTERIOR|region=ANNULUS_INTERIOR|degree=3|neighbor_elements=B:3|neighbor_types=ANNULUS_INTERIOR:3
A:UPPER:10:-4,N,ANNULUS_INTERIOR,UPPER,ANNULUS_INTERIOR,3,3,0,0,center=N|type=ANNULUS_INTERIOR|region=ANNULUS_INTERIOR|degree=3|neighbor_elements=B:3|neighbor_types=ANNULUS_INTERIOR:3
A:UPPER:10:-6,N,ANNULUS_OUTER_BOUNDARY,UPPER,ANNULUS_EDGE,3,3,0,0,"center=N|type=ANNULUS_OUTER_BOUNDARY|region=ANNULUS_EDGE|degree=3|neighbor_elements=B:3|neighbor_types=ALTERNATING_BN_FOUR_ATOM_BRIDGE:1,ANNULUS_INTERIOR:2"
A:UPPER:10:0,N,ANNULUS_INTERIOR,UPPER,ANNULUS_INTERIOR,3,3,0,0,center=N|type=ANNULUS_INTERIOR|region=ANNULUS_INTERIOR|degree=3|neighbor_elements=B:3|neighbor_types=ANNULUS_INTERIOR:3
A:UPPER:10:2,N,ANNULUS_INTERIOR,UPPER,ANNULUS_INTERIOR,3,3,0,0,center=N|type=ANNULUS_INTERIOR|region=ANNULUS_INTERIOR|degree=3|neighbor_elements=B:3|neighbor_types=ANNULUS_INTERIOR:3
A:UPPER:10:4,N,ANNULUS_INTERIOR,UPPER,ANNULUS_INTERIOR,3,3,0,0,center=N|type=ANNULUS_INTERIOR|region=ANNULUS_INTERIOR|degree=3|neighbor_elements=B:3|neighbor_types=ANNULUS_INTERIOR:3
A:UPPER:10:6,N,ANNULUS_OUTER_BOUNDARY,UPPER,ANNULUS_EDGE,3,3,0,0,"center=N|type=ANNULUS_OUTER_BOUNDARY|region=ANNULUS_EDGE|degree=3|neighbor_elements=B:3|neighbor_types=ALTERNATING_BN_FOUR_ATOM_BRIDGE:1,ANNULUS_INTERIOR:2"
A:UPPER:11:-1,B,ANNULUS_INTERIOR,UPPER,ANNULUS_INTERIOR,3,0,3,0,center=B|type=ANNULUS_INTERIOR|region=ANNULUS_INTERIOR|degree=3|neighbor_elements=N:3|neighbor_types=ANNULUS_INTERIOR:3
A:UPPER:11:-3,B,ANNULUS_INTERIOR,UPPER,ANNULUS_INTERIOR,3,0,3,0,center=B|type=ANNULUS_INTERIOR|region=ANNULUS_INTERIOR|degree=3|neighbor_elements=N:3|neighbor_types=ANNULUS_INTERIOR:3
A:UPPER:11:-5,B,ANNULUS_INTERIOR,UPPER,ANNULUS_INTERIOR,3,0,3,0,"center=B|type=ANNULUS_INTERIOR|region=ANNULUS_INTERIOR|degree=3|neighbor_elements=N:3|neighbor_types=ANNULUS_INTERIOR:1,ANNULUS_OUTER_BOUNDARY:2"
A:UPPER:11:1,B,ANNULUS_INTERIOR,UPPER,ANNULUS_INTERIOR,3,0,3,0,center=B|type=ANNULUS_INTERIOR|region=ANNULUS_INTERIOR|degree=3|neighbor_elements=N:3|neighbor_types=ANNULUS_INTERIOR:3
A:UPPER:11:3,B,ANNULUS_INTERIOR,UPPER,ANNULUS_INTERIOR,3,0,3,0,center=B|type=ANNULUS_INTERIOR|region=ANNULUS_INTERIOR|degree=3|neighbor_elements=N:3|neighbor_types=ANNULUS_INTERIOR:3
A:UPPER:11:5,B,ANNULUS_INTERIOR,UPPER,ANNULUS_INTERIOR,3,0,3,0,"center=B|type=ANNULUS_INTERIOR|region=ANNULUS_INTERIOR|degree=3|neighbor_elements=N:3|neighbor_types=ANNULUS_INTERIOR:1,ANNULUS_OUTER_BOUNDARY:2"
A:UPPER:13:-1,N,ANNULUS_INTERIOR,UPPER,ANNULUS_INTERIOR,3,3,0,0,"center=N|type=ANNULUS_INTERIOR|region=ANNULUS_INTERIOR|degree=3|neighbor_elements=B:3|neighbor_types=ANNULUS_INTERIOR:1,ANNULUS_OUTER_BOUNDARY:2"
A:UPPER:13:-3,N,ANNULUS_INTERIOR,UPPER,ANNULUS_INTERIOR,3,3,0,0,"center=N|type=ANNULUS_INTERIOR|region=ANNULUS_INTERIOR|degree=3|neighbor_elements=B:3|neighbor_types=ANNULUS_INTERIOR:1,ANNULUS_OUTER_BOUNDARY:2"
A:UPPER:13:-5,N,ANNULUS_OUTER_BOUNDARY,UPPER,ANNULUS_EDGE,3,3,0,0,"center=N|type=ANNULUS_OUTER_BOUNDARY|region=ANNULUS_EDGE|degree=3|neighbor_elements=B:3|neighbor_types=ALTERNATING_BN_FOUR_ATOM_BRIDGE:1,ANNULUS_INTERIOR:1,ANNULUS_OUTER_BOUNDARY:1"
A:UPPER:13:1,N,ANNULUS_INTERIOR,UPPER,ANNULUS_INTERIOR,3,3,0,0,"center=N|type=ANNULUS_INTERIOR|region=ANNULUS_INTERIOR|degree=3|neighbor_elements=B:3|neighbor_types=ANNULUS_INTERIOR:1,ANNULUS_OUTER_BOUNDARY:2"
A:UPPER:13:3,N,ANNULUS_INTERIOR,UPPER,ANNULUS_INTERIOR,3,3,0,0,"center=N|type=ANNULUS_INTERIOR|region=ANNULUS_INTERIOR|degree=3|neighbor_elements=B:3|neighbor_types=ANNULUS_INTERIOR:1,ANNULUS_OUTER_BOUNDARY:2"
A:UPPER:13:5,N,ANNULUS_OUTER_BOUNDARY,UPPER,ANNULUS_EDGE,3,3,0,0,"center=N|type=ANNULUS_OUTER_BOUNDARY|region=ANNULUS_EDGE|degree=3|neighbor_elements=B:3|neighbor_types=ALTERNATING_BN_FOUR_ATOM_BRIDGE:1,ANNULUS_INTERIOR:1,ANNULUS_OUTER_BOUNDARY:1"
A:UPPER:14:-2,B,ANNULUS_OUTER_BOUNDARY,UPPER,ANNULUS_EDGE,3,0,2,1,"center=B|type=ANNULUS_OUTER_BOUNDARY|region=ANNULUS_EDGE|degree=3|neighbor_elements=H:1,N:2|neighbor_types=ANNULUS_INTERIOR:2,ANNULUS_OUTER_PASSIVANT_H:1"
A:UPPER:14:-4,B,ANNULUS_OUTER_BOUNDARY,UPPER,ANNULUS_EDGE,3,0,2,1,"center=B|type=ANNULUS_OUTER_BOUNDARY|region=ANNULUS_EDGE|degree=3|neighbor_elements=H:1,N:2|neighbor_types=ANNULUS_INTERIOR:1,ANNULUS_OUTER_BOUNDARY:1,ANNULUS_OUTER_PASSIVANT_H:1"
A:UPPER:14:0,B,ANNULUS_OUTER_BOUNDARY,UPPER,ANNULUS_EDGE,3,0,2,1,"center=B|type=ANNULUS_OUTER_BOUNDARY|region=ANNULUS_EDGE|degree=3|neighbor_elements=H:1,N:2|neighbor_types=ANNULUS_INTERIOR:2,ANNULUS_OUTER_PASSIVANT_H:1"
A:UPPER:14:2,B,ANNULUS_OUTER_BOUNDARY,UPPER,ANNULUS_EDGE,3,0,2,1,"center=B|type=ANNULUS_OUTER_BOUNDARY|region=ANNULUS_EDGE|degree=3|neighbor_elements=H:1,N:2|neighbor_types=ANNULUS_INTERIOR:2,ANNULUS_OUTER_PASSIVANT_H:1"
A:UPPER:14:4,B,ANNULUS_OUTER_BOUNDARY,UPPER,ANNULUS_EDGE,3,0,2,1,"center=B|type=ANNULUS_OUTER_BOUNDARY|region=ANNULUS_EDGE|degree=3|neighbor_elements=H:1,N:2|neighbor_types=ANNULUS_INTERIOR:1,ANNULUS_OUTER_BOUNDARY:1,ANNULUS_OUTER_PASSIVANT_H:1"
A:UPPER:1:-5,N,ANNULUS_INTERIOR,UPPER,ANNULUS_INTERIOR,3,3,0,0,"center=N|type=ANNULUS_INTERIOR|region=ANNULUS_INTERIOR|degree=3|neighbor_elements=B:3|neighbor_types=ANNULUS_INNER_BOUNDARY:1,ANNULUS_INTERIOR:2"
A:UPPER:1:-7,N,ANNULUS_INTERIOR,UPPER,ANNULUS_INTERIOR,3,3,0,0,center=N|type=ANNULUS_INTERIOR|region=ANNULUS_INTERIOR|degree=3|neighbor_elements=B:3|neighbor_types=ANNULUS_INTERIOR:3
A:UPPER:1:-9,N,ANNULUS_OUTER_BOUNDARY,UPPER,ANNULUS_EDGE,3,3,0,0,"center=N|type=ANNULUS_OUTER_BOUNDARY|region=ANNULUS_EDGE|degree=3|neighbor_elements=B:3|neighbor_types=ALTERNATING_BN_FOUR_ATOM_BRIDGE:1,ANNULUS_INTERIOR:1,ANNULUS_OUTER_BOUNDARY:1"
A:UPPER:1:5,N,ANNULUS_INTERIOR,UPPER,ANNULUS_INTERIOR,3,3,0,0,"center=N|type=ANNULUS_INTERIOR|region=ANNULUS_INTERIOR|degree=3|neighbor_elements=B:3|neighbor_types=ANNULUS_INNER_BOUNDARY:1,ANNULUS_INTERIOR:2"
A:UPPER:1:7,N,ANNULUS_INTERIOR,UPPER,ANNULUS_INTERIOR,3,3,0,0,center=N|type=ANNULUS_INTERIOR|region=ANNULUS_INTERIOR|degree=3|neighbor_elements=B:3|neighbor_types=ANNULUS_INTERIOR:3
A:UPPER:1:9,N,ANNULUS_OUTER_BOUNDARY,UPPER,ANNULUS_EDGE,3,3,0,0,"center=N|type=ANNULUS_OUTER_BOUNDARY|region=ANNULUS_EDGE|degree=3|neighbor_elements=B:3|neighbor_types=ALTERNATING_BN_FOUR_ATOM_BRIDGE:1,ANNULUS_INTERIOR:1,ANNULUS_OUTER_BOUNDARY:1"
A:UPPER:2:-4,B,ANNULUS_INNER_BOUNDARY,UPPER,ANNULUS_EDGE,3,0,2,1,"center=B|type=ANNULUS_INNER_BOUNDARY|region=ANNULUS_EDGE|degree=3|neighbor_elements=H:1,N:2|neighbor_types=ANNULUS_INNER_PASSIVANT_H:1,ANNULUS_INTERIOR:2"
A:UPPER:2:-6,B,ANNULUS_INTERIOR,UPPER,ANNULUS_INTERIOR,3,0,3,0,center=B|type=ANNULUS_INTERIOR|region=ANNULUS_INTERIOR|degree=3|neighbor_elements=N:3|neighbor_types=ANNULUS_INTERIOR:3
A:UPPER:2:-8,B,ANNULUS_INTERIOR,UPPER,ANNULUS_INTERIOR,3,0,3,0,"center=B|type=ANNULUS_INTERIOR|region=ANNULUS_INTERIOR|degree=3|neighbor_elements=N:3|neighbor_types=ANNULUS_INTERIOR:1,ANNULUS_OUTER_BOUNDARY:2"
A:UPPER:2:4,B,ANNULUS_INNER_BOUNDARY,UPPER,ANNULUS_EDGE,3,0,2,1,"center=B|type=ANNULUS_INNER_BOUNDARY|region=ANNULUS_EDGE|degree=3|neighbor_elements=H:1,N:2|neighbor_types=ANNULUS_INNER_PASSIVANT_H:1,ANNULUS_INTERIOR:2"
A:UPPER:2:6,B,ANNULUS_INTERIOR,UPPER,ANNULUS_INTERIOR,3,0,3,0,center=B|type=ANNULUS_INTERIOR|region=ANNULUS_INTERIOR|degree=3|neighbor_elements=N:3|neighbor_types=ANNULUS_INTERIOR:3
A:UPPER:2:8,B,ANNULUS_INTERIOR,UPPER,ANNULUS_INTERIOR,3,0,3,0,"center=B|type=ANNULUS_INTERIOR|region=ANNULUS_INTERIOR|degree=3|neighbor_elements=N:3|neighbor_types=ANNULUS_INTERIOR:1,ANNULUS_OUTER_BOUNDARY:2"
A:UPPER:4:-4,N,ANNULUS_INTERIOR,UPPER,ANNULUS_INTERIOR,3,3,0,0,"center=N|type=ANNULUS_INTERIOR|region=ANNULUS_INTERIOR|degree=3|neighbor_elements=B:3|neighbor_types=ANNULUS_INNER_BOUNDARY:2,ANNULUS_INTERIOR:1"
A:UPPER:4:-6,N,ANNULUS_INTERIOR,UPPER,ANNULUS_INTERIOR,3,3,0,0,center=N|type=ANNULUS_INTERIOR|region=ANNULUS_INTERIOR|degree=3|neighbor_elements=B:3|neighbor_types=ANNULUS_INTERIOR:3
A:UPPER:4:-8,N,ANNULUS_OUTER_BOUNDARY,UPPER,ANNULUS_EDGE,3,3,0,0,"center=N|type=ANNULUS_OUTER_BOUNDARY|region=ANNULUS_EDGE|degree=3|neighbor_elements=B:3|neighbor_types=ALTERNATING_BN_FOUR_ATOM_BRIDGE:1,ANNULUS_INTERIOR:2"
A:UPPER:4:4,N,ANNULUS_INTERIOR,UPPER,ANNULUS_INTERIOR,3,3,0,0,"center=N|type=ANNULUS_INTERIOR|region=ANNULUS_INTERIOR|degree=3|neighbor_elements=B:3|neighbor_types=ANNULUS_INNER_BOUNDARY:2,ANNULUS_INTERIOR:1"
A:UPPER:4:6,N,ANNULUS_INTERIOR,UPPER,ANNULUS_INTERIOR,3,3,0,0,center=N|type=ANNULUS_INTERIOR|region=ANNULUS_INTERIOR|degree=3|neighbor_elements=B:3|neighbor_types=ANNULUS_INTERIOR:3
A:UPPER:4:8,N,ANNULUS_OUTER_BOUNDARY,UPPER,ANNULUS_EDGE,3,3,0,0,"center=N|type=ANNULUS_OUTER_BOUNDARY|region=ANNULUS_EDGE|degree=3|neighbor_elements=B:3|neighbor_types=ALTERNATING_BN_FOUR_ATOM_BRIDGE:1,ANNULUS_INTERIOR:2"
A:UPPER:5:-3,B,ANNULUS_INNER_BOUNDARY,UPPER,ANNULUS_EDGE,3,0,2,1,"center=B|type=ANNULUS_INNER_BOUNDARY|region=ANNULUS_EDGE|degree=3|neighbor_elements=H:1,N:2|neighbor_types=ANNULUS_INNER_PASSIVANT_H:1,ANNULUS_INTERIOR:2"
A:UPPER:5:-5,B,ANNULUS_INTERIOR,UPPER,ANNULUS_INTERIOR,3,0,3,0,center=B|type=ANNULUS_INTERIOR|region=ANNULUS_INTERIOR|degree=3|neighbor_elements=N:3|neighbor_types=ANNULUS_INTERIOR:3
A:UPPER:5:-7,B,ANNULUS_INTERIOR,UPPER,ANNULUS_INTERIOR,3,0,3,0,"center=B|type=ANNULUS_INTERIOR|region=ANNULUS_INTERIOR|degree=3|neighbor_elements=N:3|neighbor_types=ANNULUS_INTERIOR:1,ANNULUS_OUTER_BOUNDARY:2"
A:UPPER:5:3,B,ANNULUS_INNER_BOUNDARY,UPPER,ANNULUS_EDGE,3,0,2,1,"center=B|type=ANNULUS_INNER_BOUNDARY|region=ANNULUS_EDGE|degree=3|neighbor_elements=H:1,N:2|neighbor_types=ANNULUS_INNER_PASSIVANT_H:1,ANNULUS_INTERIOR:2"
A:UPPER:5:5,B,ANNULUS_INTERIOR,UPPER,ANNULUS_INTERIOR,3,0,3,0,center=B|type=ANNULUS_INTERIOR|region=ANNULUS_INTERIOR|degree=3|neighbor_elements=N:3|neighbor_types=ANNULUS_INTERIOR:3
A:UPPER:5:7,B,ANNULUS_INTERIOR,UPPER,ANNULUS_INTERIOR,3,0,3,0,"center=B|type=ANNULUS_INTERIOR|region=ANNULUS_INTERIOR|degree=3|neighbor_elements=N:3|neighbor_types=ANNULUS_INTERIOR:1,ANNULUS_OUTER_BOUNDARY:2"
A:UPPER:7:-1,N,ANNULUS_INNER_BOUNDARY,UPPER,ANNULUS_EDGE,3,2,0,1,"center=N|type=ANNULUS_INNER_BOUNDARY|region=ANNULUS_EDGE|degree=3|neighbor_elements=B:2,H:1|neighbor_types=ANNULUS_INNER_PASSIVANT_H:1,ANNULUS_INTERIOR:2"
A:UPPER:7:-3,N,ANNULUS_INTERIOR,UPPER,ANNULUS_INTERIOR,3,3,0,0,"center=N|type=ANNULUS_INTERIOR|region=ANNULUS_INTERIOR|degree=3|neighbor_elements=B:3|neighbor_types=ANNULUS_INNER_BOUNDARY:1,ANNULUS_INTERIOR:2"
A:UPPER:7:-5,N,ANNULUS_INTERIOR,UPPER,ANNULUS_INTERIOR,3,3,0,0,center=N|type=ANNULUS_INTERIOR|region=ANNULUS_INTERIOR|degree=3|neighbor_elements=B:3|neighbor_types=ANNULUS_INTERIOR:3
A:UPPER:7:-7,N,ANNULUS_OUTER_BOUNDARY,UPPER,ANNULUS_EDGE,3,3,0,0,"center=N|type=ANNULUS_OUTER_BOUNDARY|region=ANNULUS_EDGE|degree=3|neighbor_elements=B:3|neighbor_types=ALTERNATING_BN_FOUR_ATOM_BRIDGE:1,ANNULUS_INTERIOR:2"
A:UPPER:7:1,N,ANNULUS_INNER_BOUNDARY,UPPER,ANNULUS_EDGE,3,2,0,1,"center=N|type=ANNULUS_INNER_BOUNDARY|region=ANNULUS_EDGE|degree=3|neighbor_elements=B:2,H:1|neighbor_types=ANNULUS_INNER_PASSIVANT_H:1,ANNULUS_INTERIOR:2"
A:UPPER:7:3,N,ANNULUS_INTERIOR,UPPER,ANNULUS_INTERIOR,3,3,0,0,"center=N|type=ANNULUS_INTERIOR|region=ANNULUS_INTERIOR|degree=3|neighbor_elements=B:3|neighbor_types=ANNULUS_INNER_BOUNDARY:1,ANNULUS_INTERIOR:2"
A:UPPER:7:5,N,ANNULUS_INTERIOR,UPPER,ANNULUS_INTERIOR,3,3,0,0,center=N|type=ANNULUS_INTERIOR|region=ANNULUS_INTERIOR|degree=3|neighbor_elements=B:3|neighbor_types=ANNULUS_INTERIOR:3
A:UPPER:7:7,N,ANNULUS_OUTER_BOUNDARY,UPPER,ANNULUS_EDGE,3,3,0,0,"center=N|type=ANNULUS_OUTER_BOUNDARY|region=ANNULUS_EDGE|degree=3|neighbor_elements=B:3|neighbor_types=ALTERNATING_BN_FOUR_ATOM_BRIDGE:1,ANNULUS_INTERIOR:2"
A:UPPER:8:-2,B,ANNULUS_INTERIOR,UPPER,ANNULUS_INTERIOR,3,0,3,0,"center=B|type=ANNULUS_INTERIOR|region=ANNULUS_INTERIOR|degree=3|neighbor_elements=N:3|neighbor_types=ANNULUS_INNER_BOUNDARY:1,ANNULUS_INTERIOR:2"
A:UPPER:8:-4,B,ANNULUS_INTERIOR,UPPER,ANNULUS_INTERIOR,3,0,3,0,center=B|type=ANNULUS_INTERIOR|region=ANNULUS_INTERIOR|degree=3|neighbor_elements=N:3|neighbor_types=ANNULUS_INTERIOR:3
A:UPPER:8:-6,B,ANNULUS_INTERIOR,UPPER,ANNULUS_INTERIOR,3,0,3,0,"center=B|type=ANNULUS_INTERIOR|region=ANNULUS_INTERIOR|degree=3|neighbor_elements=N:3|neighbor_types=ANNULUS_INTERIOR:1,ANNULUS_OUTER_BOUNDARY:2"
A:UPPER:8:0,B,ANNULUS_INTERIOR,UPPER,ANNULUS_INTERIOR,3,0,3,0,"center=B|type=ANNULUS_INTERIOR|region=ANNULUS_INTERIOR|degree=3|neighbor_elements=N:3|neighbor_types=ANNULUS_INNER_BOUNDARY:2,ANNULUS_INTERIOR:1"
A:UPPER:8:2,B,ANNULUS_INTERIOR,UPPER,ANNULUS_INTERIOR,3,0,3,0,"center=B|type=ANNULUS_INTERIOR|region=ANNULUS_INTERIOR|degree=3|neighbor_elements=N:3|neighbor_types=ANNULUS_INNER_BOUNDARY:1,ANNULUS_INTERIOR:2"
A:UPPER:8:4,B,ANNULUS_INTERIOR,UPPER,ANNULUS_INTERIOR,3,0,3,0,center=B|type=ANNULUS_INTERIOR|region=ANNULUS_INTERIOR|degree=3|neighbor_elements=N:3|neighbor_types=ANNULUS_INTERIOR:3
A:UPPER:8:6,B,ANNULUS_INTERIOR,UPPER,ANNULUS_INTERIOR,3,0,3,0,"center=B|type=ANNULUS_INTERIOR|region=ANNULUS_INTERIOR|degree=3|neighbor_elements=N:3|neighbor_types=ANNULUS_INTERIOR:1,ANNULUS_OUTER_BOUNDARY:2"
BR4:LOWER:00:1,B,ALTERNATING_BN_FOUR_ATOM_BRIDGE,LOWER,FOUR_ATOM_BRIDGE,3,0,2,1,"center=B|type=ALTERNATING_BN_FOUR_ATOM_BRIDGE|region=FOUR_ATOM_BRIDGE|degree=3|neighbor_elements=H:1,N:2|neighbor_types=ALTERNATING_BN_FOUR_ATOM_BRIDGE:1,BRIDGE_PASSIVANT_H:1,HEXAGONAL_EDGE_COMPLETION_SEED:1"
BR4:LOWER:00:2,N,ALTERNATING_BN_FOUR_ATOM_BRIDGE,LOWER,FOUR_ATOM_BRIDGE,3,2,0,1,"center=N|type=ALTERNATING_BN_FOUR_ATOM_BRIDGE|region=FOUR_ATOM_BRIDGE|degree=3|neighbor_elements=B:2,H:1|neighbor_types=ALTERNATING_BN_FOUR_ATOM_BRIDGE:2,BRIDGE_PASSIVANT_H:1"
BR4:LOWER:00:3,B,ALTERNATING_BN_FOUR_ATOM_BRIDGE,LOWER,FOUR_ATOM_BRIDGE,3,0,2,1,"center=B|type=ALTERNATING_BN_FOUR_ATOM_BRIDGE|region=FOUR_ATOM_BRIDGE|degree=3|neighbor_elements=H:1,N:2|neighbor_types=ALTERNATING_BN_FOUR_ATOM_BRIDGE:2,BRIDGE_PASSIVANT_H:1"
BR4:LOWER:00:4,N,ALTERNATING_BN_FOUR_ATOM_BRIDGE,LOWER,FOUR_ATOM_BRIDGE,3,2,0,1,"center=N|type=ALTERNATING_BN_FOUR_ATOM_BRIDGE|region=FOUR_ATOM_BRIDGE|degree=3|neighbor_elements=B:2,H:1|neighbor_types=ALTERNATING_BN_FOUR_ATOM_BRIDGE:1,ANNULUS_OUTER_BOUNDARY:1,BRIDGE_PASSIVANT_H:1"
BR4:LOWER:01:1,B,ALTERNATING_BN_FOUR_ATOM_BRIDGE,LOWER,FOUR_ATOM_BRIDGE,3,0,2,1,"center=B|type=ALTERNATING_BN_FOUR_ATOM_BRIDGE|region=FOUR_ATOM_BRIDGE|degree=3|neighbor_elements=H:1,N:2|neighbor_types=ALTERNATING_BN_FOUR_ATOM_BRIDGE:1,BRIDGE_PASSIVANT_H:1,HEXAGONAL_EDGE_COMPLETION_SEED:1"
BR4:LOWER:01:2,N,ALTERNATING_BN_FOUR_ATOM_BRIDGE,LOWER,FOUR_ATOM_BRIDGE,3,2,0,1,"center=N|type=ALTERNATING_BN_FOUR_ATOM_BRIDGE|region=FOUR_ATOM_BRIDGE|degree=3|neighbor_elements=B:2,H:1|neighbor_types=ALTERNATING_BN_FOUR_ATOM_BRIDGE:2,BRIDGE_PASSIVANT_H:1"
BR4:LOWER:01:3,B,ALTERNATING_BN_FOUR_ATOM_BRIDGE,LOWER,FOUR_ATOM_BRIDGE,3,0,2,1,"center=B|type=ALTERNATING_BN_FOUR_ATOM_BRIDGE|region=FOUR_ATOM_BRIDGE|degree=3|neighbor_elements=H:1,N:2|neighbor_types=ALTERNATING_BN_FOUR_ATOM_BRIDGE:2,BRIDGE_PASSIVANT_H:1"
BR4:LOWER:01:4,N,ALTERNATING_BN_FOUR_ATOM_BRIDGE,LOWER,FOUR_ATOM_BRIDGE,3,2,0,1,"center=N|type=ALTERNATING_BN_FOUR_ATOM_BRIDGE|region=FOUR_ATOM_BRIDGE|degree=3|neighbor_elements=B:2,H:1|neighbor_types=ALTERNATING_BN_FOUR_ATOM_BRIDGE:1,ANNULUS_OUTER_BOUNDARY:1,BRIDGE_PASSIVANT_H:1"
BR4:LOWER:02:1,B,ALTERNATING_BN_FOUR_ATOM_BRIDGE,LOWER,FOUR_ATOM_BRIDGE,3,0,2,1,"center=B|type=ALTERNATING_BN_FOUR_ATOM_BRIDGE|region=FOUR_ATOM_BRIDGE|degree=3|neighbor_elements=H:1,N:2|neighbor_types=ALTERNATING_BN_FOUR_ATOM_BRIDGE:1,BRIDGE_PASSIVANT_H:1,HEXAGONAL_EDGE_COMPLETION_SEED:1"
BR4:LOWER:02:2,N,ALTERNATING_BN_FOUR_ATOM_BRIDGE,LOWER,FOUR_ATOM_BRIDGE,3,2,0,1,"center=N|type=ALTERNATING_BN_FOUR_ATOM_BRIDGE|region=FOUR_ATOM_BRIDGE|degree=3|neighbor_elements=B:2,H:1|neighbor_types=ALTERNATING_BN_FOUR_ATOM_BRIDGE:2,BRIDGE_PASSIVANT_H:1"
BR4:LOWER:02:3,B,ALTERNATING_BN_FOUR_ATOM_BRIDGE,LOWER,FOUR_ATOM_BRIDGE,3,0,2,1,"center=B|type=ALTERNATING_BN_FOUR_ATOM_BRIDGE|region=FOUR_ATOM_BRIDGE|degree=3|neighbor_elements=H:1,N:2|neighbor_types=ALTERNATING_BN_FOUR_ATOM_BRIDGE:2,BRIDGE_PASSIVANT_H:1"
BR4:LOWER:02:4,N,ALTERNATING_BN_FOUR_ATOM_BRIDGE,LOWER,FOUR_ATOM_BRIDGE,3,2,0,1,"center=N|type=ALTERNATING_BN_FOUR_ATOM_BRIDGE|region=FOUR_ATOM_BRIDGE|degree=3|neighbor_elements=B:2,H:1|neighbor_types=ALTERNATING_BN_FOUR_ATOM_BRIDGE:1,ANNULUS_OUTER_BOUNDARY:1,BRIDGE_PASSIVANT_H:1"
BR4:LOWER:03:1,B,ALTERNATING_BN_FOUR_ATOM_BRIDGE,LOWER,FOUR_ATOM_BRIDGE,3,0,2,1,"center=B|type=ALTERNATING_BN_FOUR_ATOM_BRIDGE|region=FOUR_ATOM_BRIDGE|degree=3|neighbor_elements=H:1,N:2|neighbor_types=ALTERNATING_BN_FOUR_ATOM_BRIDGE:1,BRIDGE_PASSIVANT_H:1,HEXAGONAL_EDGE_COMPLETION_SEED:1"
BR4:LOWER:03:2,N,ALTERNATING_BN_FOUR_ATOM_BRIDGE,LOWER,FOUR_ATOM_BRIDGE,3,2,0,1,"center=N|type=ALTERNATING_BN_FOUR_ATOM_BRIDGE|region=FOUR_ATOM_BRIDGE|degree=3|neighbor_elements=B:2,H:1|neighbor_types=ALTERNATING_BN_FOUR_ATOM_BRIDGE:2,BRIDGE_PASSIVANT_H:1"
BR4:LOWER:03:3,B,ALTERNATING_BN_FOUR_ATOM_BRIDGE,LOWER,FOUR_ATOM_BRIDGE,3,0,2,1,"center=B|type=ALTERNATING_BN_FOUR_ATOM_BRIDGE|region=FOUR_ATOM_BRIDGE|degree=3|neighbor_elements=H:1,N:2|neighbor_types=ALTERNATING_BN_FOUR_ATOM_BRIDGE:2,BRIDGE_PASSIVANT_H:1"
BR4:LOWER:03:4,N,ALTERNATING_BN_FOUR_ATOM_BRIDGE,LOWER,FOUR_ATOM_BRIDGE,3,2,0,1,"center=N|type=ALTERNATING_BN_FOUR_ATOM_BRIDGE|region=FOUR_ATOM_BRIDGE|degree=3|neighbor_elements=B:2,H:1|neighbor_types=ALTERNATING_BN_FOUR_ATOM_BRIDGE:1,ANNULUS_OUTER_BOUNDARY:1,BRIDGE_PASSIVANT_H:1"
BR4:LOWER:04:1,B,ALTERNATING_BN_FOUR_ATOM_BRIDGE,LOWER,FOUR_ATOM_BRIDGE,3,0,2,1,"center=B|type=ALTERNATING_BN_FOUR_ATOM_BRIDGE|region=FOUR_ATOM_BRIDGE|degree=3|neighbor_elements=H:1,N:2|neighbor_types=ALTERNATING_BN_FOUR_ATOM_BRIDGE:1,BRIDGE_PASSIVANT_H:1,HEXAGONAL_EDGE_COMPLETION_SEED:1"
BR4:LOWER:04:2,N,ALTERNATING_BN_FOUR_ATOM_BRIDGE,LOWER,FOUR_ATOM_BRIDGE,3,2,0,1,"center=N|type=ALTERNATING_BN_FOUR_ATOM_BRIDGE|region=FOUR_ATOM_BRIDGE|degree=3|neighbor_elements=B:2,H:1|neighbor_types=ALTERNATING_BN_FOUR_ATOM_BRIDGE:2,BRIDGE_PASSIVANT_H:1"
BR4:LOWER:04:3,B,ALTERNATING_BN_FOUR_ATOM_BRIDGE,LOWER,FOUR_ATOM_BRIDGE,3,0,2,1,"center=B|type=ALTERNATING_BN_FOUR_ATOM_BRIDGE|region=FOUR_ATOM_BRIDGE|degree=3|neighbor_elements=H:1,N:2|neighbor_types=ALTERNATING_BN_FOUR_ATOM_BRIDGE:2,BRIDGE_PASSIVANT_H:1"
BR4:LOWER:04:4,N,ALTERNATING_BN_FOUR_ATOM_BRIDGE,LOWER,FOUR_ATOM_BRIDGE,3,2,0,1,"center=N|type=ALTERNATING_BN_FOUR_ATOM_BRIDGE|region=FOUR_ATOM_BRIDGE|degree=3|neighbor_elements=B:2,H:1|neighbor_types=ALTERNATING_BN_FOUR_ATOM_BRIDGE:1,ANNULUS_OUTER_BOUNDARY:1,BRIDGE_PASSIVANT_H:1"
BR4:LOWER:05:1,B,ALTERNATING_BN_FOUR_ATOM_BRIDGE,LOWER,FOUR_ATOM_BRIDGE,3,0,2,1,"center=B|type=ALTERNATING_BN_FOUR_ATOM_BRIDGE|region=FOUR_ATOM_BRIDGE|degree=3|neighbor_elements=H:1,N:2|neighbor_types=ALTERNATING_BN_FOUR_ATOM_BRIDGE:1,BRIDGE_PASSIVANT_H:1,HEXAGONAL_EDGE_COMPLETION_SEED:1"
BR4:LOWER:05:2,N,ALTERNATING_BN_FOUR_ATOM_BRIDGE,LOWER,FOUR_ATOM_BRIDGE,3,2,0,1,"center=N|type=ALTERNATING_BN_FOUR_ATOM_BRIDGE|region=FOUR_ATOM_BRIDGE|degree=3|neighbor_elements=B:2,H:1|neighbor_types=ALTERNATING_BN_FOUR_ATOM_BRIDGE:2,BRIDGE_PASSIVANT_H:1"
BR4:LOWER:05:3,B,ALTERNATING_BN_FOUR_ATOM_BRIDGE,LOWER,FOUR_ATOM_BRIDGE,3,0,2,1,"center=B|type=ALTERNATING_BN_FOUR_ATOM_BRIDGE|region=FOUR_ATOM_BRIDGE|degree=3|neighbor_elements=H:1,N:2|neighbor_types=ALTERNATING_BN_FOUR_ATOM_BRIDGE:2,BRIDGE_PASSIVANT_H:1"
BR4:LOWER:05:4,N,ALTERNATING_BN_FOUR_ATOM_BRIDGE,LOWER,FOUR_ATOM_BRIDGE,3,2,0,1,"center=N|type=ALTERNATING_BN_FOUR_ATOM_BRIDGE|region=FOUR_ATOM_BRIDGE|degree=3|neighbor_elements=B:2,H:1|neighbor_types=ALTERNATING_BN_FOUR_ATOM_BRIDGE:1,ANNULUS_OUTER_BOUNDARY:1,BRIDGE_PASSIVANT_H:1"
BR4:LOWER:06:1,B,ALTERNATING_BN_FOUR_ATOM_BRIDGE,LOWER,FOUR_ATOM_BRIDGE,3,0,2,1,"center=B|type=ALTERNATING_BN_FOUR_ATOM_BRIDGE|region=FOUR_ATOM_BRIDGE|degree=3|neighbor_elements=H:1,N:2|neighbor_types=ALTERNATING_BN_FOUR_ATOM_BRIDGE:1,BRIDGE_PASSIVANT_H:1,HEXAGONAL_EDGE_COMPLETION_SEED:1"
BR4:LOWER:06:2,N,ALTERNATING_BN_FOUR_ATOM_BRIDGE,LOWER,FOUR_ATOM_BRIDGE,3,2,0,1,"center=N|type=ALTERNATING_BN_FOUR_ATOM_BRIDGE|region=FOUR_ATOM_BRIDGE|degree=3|neighbor_elements=B:2,H:1|neighbor_types=ALTERNATING_BN_FOUR_ATOM_BRIDGE:2,BRIDGE_PASSIVANT_H:1"
BR4:LOWER:06:3,B,ALTERNATING_BN_FOUR_ATOM_BRIDGE,LOWER,FOUR_ATOM_BRIDGE,3,0,2,1,"center=B|type=ALTERNATING_BN_FOUR_ATOM_BRIDGE|region=FOUR_ATOM_BRIDGE|degree=3|neighbor_elements=H:1,N:2|neighbor_types=ALTERNATING_BN_FOUR_ATOM_BRIDGE:2,BRIDGE_PASSIVANT_H:1"
BR4:LOWER:06:4,N,ALTERNATING_BN_FOUR_ATOM_BRIDGE,LOWER,FOUR_ATOM_BRIDGE,3,2,0,1,"center=N|type=ALTERNATING_BN_FOUR_ATOM_BRIDGE|region=FOUR_ATOM_BRIDGE|degree=3|neighbor_elements=B:2,H:1|neighbor_types=ALTERNATING_BN_FOUR_ATOM_BRIDGE:1,ANNULUS_OUTER_BOUNDARY:1,BRIDGE_PASSIVANT_H:1"
BR4:LOWER:07:1,B,ALTERNATING_BN_FOUR_ATOM_BRIDGE,LOWER,FOUR_ATOM_BRIDGE,3,0,2,1,"center=B|type=ALTERNATING_BN_FOUR_ATOM_BRIDGE|region=FOUR_ATOM_BRIDGE|degree=3|neighbor_elements=H:1,N:2|neighbor_types=ALTERNATING_BN_FOUR_ATOM_BRIDGE:1,BRIDGE_PASSIVANT_H:1,HEXAGONAL_EDGE_COMPLETION_SEED:1"
BR4:LOWER:07:2,N,ALTERNATING_BN_FOUR_ATOM_BRIDGE,LOWER,FOUR_ATOM_BRIDGE,3,2,0,1,"center=N|type=ALTERNATING_BN_FOUR_ATOM_BRIDGE|region=FOUR_ATOM_BRIDGE|degree=3|neighbor_elements=B:2,H:1|neighbor_types=ALTERNATING_BN_FOUR_ATOM_BRIDGE:2,BRIDGE_PASSIVANT_H:1"
BR4:LOWER:07:3,B,ALTERNATING_BN_FOUR_ATOM_BRIDGE,LOWER,FOUR_ATOM_BRIDGE,3,0,2,1,"center=B|type=ALTERNATING_BN_FOUR_ATOM_BRIDGE|region=FOUR_ATOM_BRIDGE|degree=3|neighbor_elements=H:1,N:2|neighbor_types=ALTERNATING_BN_FOUR_ATOM_BRIDGE:2,BRIDGE_PASSIVANT_H:1"
BR4:LOWER:07:4,N,ALTERNATING_BN_FOUR_ATOM_BRIDGE,LOWER,FOUR_ATOM_BRIDGE,3,2,0,1,"center=N|type=ALTERNATING_BN_FOUR_ATOM_BRIDGE|region=FOUR_ATOM_BRIDGE|degree=3|neighbor_elements=B:2,H:1|neighbor_types=ALTERNATING_BN_FOUR_ATOM_BRIDGE:1,ANNULUS_OUTER_BOUNDARY:1,BRIDGE_PASSIVANT_H:1"
BR4:LOWER:08:1,B,ALTERNATING_BN_FOUR_ATOM_BRIDGE,LOWER,FOUR_ATOM_BRIDGE,3,0,2,1,"center=B|type=ALTERNATING_BN_FOUR_ATOM_BRIDGE|region=FOUR_ATOM_BRIDGE|degree=3|neighbor_elements=H:1,N:2|neighbor_types=ALTERNATING_BN_FOUR_ATOM_BRIDGE:1,BRIDGE_PASSIVANT_H:1,HEXAGONAL_EDGE_COMPLETION_SEED:1"
BR4:LOWER:08:2,N,ALTERNATING_BN_FOUR_ATOM_BRIDGE,LOWER,FOUR_ATOM_BRIDGE,3,2,0,1,"center=N|type=ALTERNATING_BN_FOUR_ATOM_BRIDGE|region=FOUR_ATOM_BRIDGE|degree=3|neighbor_elements=B:2,H:1|neighbor_types=ALTERNATING_BN_FOUR_ATOM_BRIDGE:2,BRIDGE_PASSIVANT_H:1"
BR4:LOWER:08:3,B,ALTERNATING_BN_FOUR_ATOM_BRIDGE,LOWER,FOUR_ATOM_BRIDGE,3,0,2,1,"center=B|type=ALTERNATING_BN_FOUR_ATOM_BRIDGE|region=FOUR_ATOM_BRIDGE|degree=3|neighbor_elements=H:1,N:2|neighbor_types=ALTERNATING_BN_FOUR_ATOM_BRIDGE:2,BRIDGE_PASSIVANT_H:1"
BR4:LOWER:08:4,N,ALTERNATING_BN_FOUR_ATOM_BRIDGE,LOWER,FOUR_ATOM_BRIDGE,3,2,0,1,"center=N|type=ALTERNATING_BN_FOUR_ATOM_BRIDGE|region=FOUR_ATOM_BRIDGE|degree=3|neighbor_elements=B:2,H:1|neighbor_types=ALTERNATING_BN_FOUR_ATOM_BRIDGE:1,ANNULUS_OUTER_BOUNDARY:1,BRIDGE_PASSIVANT_H:1"
BR4:LOWER:09:1,B,ALTERNATING_BN_FOUR_ATOM_BRIDGE,LOWER,FOUR_ATOM_BRIDGE,3,0,2,1,"center=B|type=ALTERNATING_BN_FOUR_ATOM_BRIDGE|region=FOUR_ATOM_BRIDGE|degree=3|neighbor_elements=H:1,N:2|neighbor_types=ALTERNATING_BN_FOUR_ATOM_BRIDGE:1,BRIDGE_PASSIVANT_H:1,HEXAGONAL_EDGE_COMPLETION_SEED:1"
BR4:LOWER:09:2,N,ALTERNATING_BN_FOUR_ATOM_BRIDGE,LOWER,FOUR_ATOM_BRIDGE,3,2,0,1,"center=N|type=ALTERNATING_BN_FOUR_ATOM_BRIDGE|region=FOUR_ATOM_BRIDGE|degree=3|neighbor_elements=B:2,H:1|neighbor_types=ALTERNATING_BN_FOUR_ATOM_BRIDGE:2,BRIDGE_PASSIVANT_H:1"
BR4:LOWER:09:3,B,ALTERNATING_BN_FOUR_ATOM_BRIDGE,LOWER,FOUR_ATOM_BRIDGE,3,0,2,1,"center=B|type=ALTERNATING_BN_FOUR_ATOM_BRIDGE|region=FOUR_ATOM_BRIDGE|degree=3|neighbor_elements=H:1,N:2|neighbor_types=ALTERNATING_BN_FOUR_ATOM_BRIDGE:2,BRIDGE_PASSIVANT_H:1"
BR4:LOWER:09:4,N,ALTERNATING_BN_FOUR_ATOM_BRIDGE,LOWER,FOUR_ATOM_BRIDGE,3,2,0,1,"center=N|type=ALTERNATING_BN_FOUR_ATOM_BRIDGE|region=FOUR_ATOM_BRIDGE|degree=3|neighbor_elements=B:2,H:1|neighbor_types=ALTERNATING_BN_FOUR_ATOM_BRIDGE:1,ANNULUS_OUTER_BOUNDARY:1,BRIDGE_PASSIVANT_H:1"
BR4:LOWER:10:1,B,ALTERNATING_BN_FOUR_ATOM_BRIDGE,LOWER,FOUR_ATOM_BRIDGE,3,0,2,1,"center=B|type=ALTERNATING_BN_FOUR_ATOM_BRIDGE|region=FOUR_ATOM_BRIDGE|degree=3|neighbor_elements=H:1,N:2|neighbor_types=ALTERNATING_BN_FOUR_ATOM_BRIDGE:1,BRIDGE_PASSIVANT_H:1,HEXAGONAL_EDGE_COMPLETION_SEED:1"
BR4:LOWER:10:2,N,ALTERNATING_BN_FOUR_ATOM_BRIDGE,LOWER,FOUR_ATOM_BRIDGE,3,2,0,1,"center=N|type=ALTERNATING_BN_FOUR_ATOM_BRIDGE|region=FOUR_ATOM_BRIDGE|degree=3|neighbor_elements=B:2,H:1|neighbor_types=ALTERNATING_BN_FOUR_ATOM_BRIDGE:2,BRIDGE_PASSIVANT_H:1"
BR4:LOWER:10:3,B,ALTERNATING_BN_FOUR_ATOM_BRIDGE,LOWER,FOUR_ATOM_BRIDGE,3,0,2,1,"center=B|type=ALTERNATING_BN_FOUR_ATOM_BRIDGE|region=FOUR_ATOM_BRIDGE|degree=3|neighbor_elements=H:1,N:2|neighbor_types=ALTERNATING_BN_FOUR_ATOM_BRIDGE:2,BRIDGE_PASSIVANT_H:1"
BR4:LOWER:10:4,N,ALTERNATING_BN_FOUR_ATOM_BRIDGE,LOWER,FOUR_ATOM_BRIDGE,3,2,0,1,"center=N|type=ALTERNATING_BN_FOUR_ATOM_BRIDGE|region=FOUR_ATOM_BRIDGE|degree=3|neighbor_elements=B:2,H:1|neighbor_types=ALTERNATING_BN_FOUR_ATOM_BRIDGE:1,ANNULUS_OUTER_BOUNDARY:1,BRIDGE_PASSIVANT_H:1"
BR4:LOWER:11:1,B,ALTERNATING_BN_FOUR_ATOM_BRIDGE,LOWER,FOUR_ATOM_BRIDGE,3,0,2,1,"center=B|type=ALTERNATING_BN_FOUR_ATOM_BRIDGE|region=FOUR_ATOM_BRIDGE|degree=3|neighbor_elements=H:1,N:2|neighbor_types=ALTERNATING_BN_FOUR_ATOM_BRIDGE:1,BRIDGE_PASSIVANT_H:1,HEXAGONAL_EDGE_COMPLETION_SEED:1"
BR4:LOWER:11:2,N,ALTERNATING_BN_FOUR_ATOM_BRIDGE,LOWER,FOUR_ATOM_BRIDGE,3,2,0,1,"center=N|type=ALTERNATING_BN_FOUR_ATOM_BRIDGE|region=FOUR_ATOM_BRIDGE|degree=3|neighbor_elements=B:2,H:1|neighbor_types=ALTERNATING_BN_FOUR_ATOM_BRIDGE:2,BRIDGE_PASSIVANT_H:1"
BR4:LOWER:11:3,B,ALTERNATING_BN_FOUR_ATOM_BRIDGE,LOWER,FOUR_ATOM_BRIDGE,3,0,2,1,"center=B|type=ALTERNATING_BN_FOUR_ATOM_BRIDGE|region=FOUR_ATOM_BRIDGE|degree=3|neighbor_elements=H:1,N:2|neighbor_types=ALTERNATING_BN_FOUR_ATOM_BRIDGE:2,BRIDGE_PASSIVANT_H:1"
BR4:LOWER:11:4,N,ALTERNATING_BN_FOUR_ATOM_BRIDGE,LOWER,FOUR_ATOM_BRIDGE,3,2,0,1,"center=N|type=ALTERNATING_BN_FOUR_ATOM_BRIDGE|region=FOUR_ATOM_BRIDGE|degree=3|neighbor_elements=B:2,H:1|neighbor_types=ALTERNATING_BN_FOUR_ATOM_BRIDGE:1,ANNULUS_OUTER_BOUNDARY:1,BRIDGE_PASSIVANT_H:1"
BR4:LOWER:12:1,B,ALTERNATING_BN_FOUR_ATOM_BRIDGE,LOWER,FOUR_ATOM_BRIDGE,3,0,2,1,"center=B|type=ALTERNATING_BN_FOUR_ATOM_BRIDGE|region=FOUR_ATOM_BRIDGE|degree=3|neighbor_elements=H:1,N:2|neighbor_types=ALTERNATING_BN_FOUR_ATOM_BRIDGE:1,BRIDGE_PASSIVANT_H:1,HEXAGONAL_EDGE_COMPLETION_SEED:1"
BR4:LOWER:12:2,N,ALTERNATING_BN_FOUR_ATOM_BRIDGE,LOWER,FOUR_ATOM_BRIDGE,3,2,0,1,"center=N|type=ALTERNATING_BN_FOUR_ATOM_BRIDGE|region=FOUR_ATOM_BRIDGE|degree=3|neighbor_elements=B:2,H:1|neighbor_types=ALTERNATING_BN_FOUR_ATOM_BRIDGE:2,BRIDGE_PASSIVANT_H:1"
BR4:LOWER:12:3,B,ALTERNATING_BN_FOUR_ATOM_BRIDGE,LOWER,FOUR_ATOM_BRIDGE,3,0,2,1,"center=B|type=ALTERNATING_BN_FOUR_ATOM_BRIDGE|region=FOUR_ATOM_BRIDGE|degree=3|neighbor_elements=H:1,N:2|neighbor_types=ALTERNATING_BN_FOUR_ATOM_BRIDGE:2,BRIDGE_PASSIVANT_H:1"
BR4:LOWER:12:4,N,ALTERNATING_BN_FOUR_ATOM_BRIDGE,LOWER,FOUR_ATOM_BRIDGE,3,2,0,1,"center=N|type=ALTERNATING_BN_FOUR_ATOM_BRIDGE|region=FOUR_ATOM_BRIDGE|degree=3|neighbor_elements=B:2,H:1|neighbor_types=ALTERNATING_BN_FOUR_ATOM_BRIDGE:1,ANNULUS_OUTER_BOUNDARY:1,BRIDGE_PASSIVANT_H:1"
BR4:LOWER:13:1,B,ALTERNATING_BN_FOUR_ATOM_BRIDGE,LOWER,FOUR_ATOM_BRIDGE,3,0,2,1,"center=B|type=ALTERNATING_BN_FOUR_ATOM_BRIDGE|region=FOUR_ATOM_BRIDGE|degree=3|neighbor_elements=H:1,N:2|neighbor_types=ALTERNATING_BN_FOUR_ATOM_BRIDGE:1,BRIDGE_PASSIVANT_H:1,HEXAGONAL_EDGE_COMPLETION_SEED:1"
BR4:LOWER:13:2,N,ALTERNATING_BN_FOUR_ATOM_BRIDGE,LOWER,FOUR_ATOM_BRIDGE,3,2,0,1,"center=N|type=ALTERNATING_BN_FOUR_ATOM_BRIDGE|region=FOUR_ATOM_BRIDGE|degree=3|neighbor_elements=B:2,H:1|neighbor_types=ALTERNATING_BN_FOUR_ATOM_BRIDGE:2,BRIDGE_PASSIVANT_H:1"
BR4:LOWER:13:3,B,ALTERNATING_BN_FOUR_ATOM_BRIDGE,LOWER,FOUR_ATOM_BRIDGE,3,0,2,1,"center=B|type=ALTERNATING_BN_FOUR_ATOM_BRIDGE|region=FOUR_ATOM_BRIDGE|degree=3|neighbor_elements=H:1,N:2|neighbor_types=ALTERNATING_BN_FOUR_ATOM_BRIDGE:2,BRIDGE_PASSIVANT_H:1"
BR4:LOWER:13:4,N,ALTERNATING_BN_FOUR_ATOM_BRIDGE,LOWER,FOUR_ATOM_BRIDGE,3,2,0,1,"center=N|type=ALTERNATING_BN_FOUR_ATOM_BRIDGE|region=FOUR_ATOM_BRIDGE|degree=3|neighbor_elements=B:2,H:1|neighbor_types=ALTERNATING_BN_FOUR_ATOM_BRIDGE:1,ANNULUS_OUTER_BOUNDARY:1,BRIDGE_PASSIVANT_H:1"
BR4:LOWER:14:1,B,ALTERNATING_BN_FOUR_ATOM_BRIDGE,LOWER,FOUR_ATOM_BRIDGE,3,0,2,1,"center=B|type=ALTERNATING_BN_FOUR_ATOM_BRIDGE|region=FOUR_ATOM_BRIDGE|degree=3|neighbor_elements=H:1,N:2|neighbor_types=ALTERNATING_BN_FOUR_ATOM_BRIDGE:1,BRIDGE_PASSIVANT_H:1,HEXAGONAL_EDGE_COMPLETION_SEED:1"
BR4:LOWER:14:2,N,ALTERNATING_BN_FOUR_ATOM_BRIDGE,LOWER,FOUR_ATOM_BRIDGE,3,2,0,1,"center=N|type=ALTERNATING_BN_FOUR_ATOM_BRIDGE|region=FOUR_ATOM_BRIDGE|degree=3|neighbor_elements=B:2,H:1|neighbor_types=ALTERNATING_BN_FOUR_ATOM_BRIDGE:2,BRIDGE_PASSIVANT_H:1"
BR4:LOWER:14:3,B,ALTERNATING_BN_FOUR_ATOM_BRIDGE,LOWER,FOUR_ATOM_BRIDGE,3,0,2,1,"center=B|type=ALTERNATING_BN_FOUR_ATOM_BRIDGE|region=FOUR_ATOM_BRIDGE|degree=3|neighbor_elements=H:1,N:2|neighbor_types=ALTERNATING_BN_FOUR_ATOM_BRIDGE:2,BRIDGE_PASSIVANT_H:1"
BR4:LOWER:14:4,N,ALTERNATING_BN_FOUR_ATOM_BRIDGE,LOWER,FOUR_ATOM_BRIDGE,3,2,0,1,"center=N|type=ALTERNATING_BN_FOUR_ATOM_BRIDGE|region=FOUR_ATOM_BRIDGE|degree=3|neighbor_elements=B:2,H:1|neighbor_types=ALTERNATING_BN_FOUR_ATOM_BRIDGE:1,ANNULUS_OUTER_BOUNDARY:1,BRIDGE_PASSIVANT_H:1"
BR4:UPPER:00:1,N,ALTERNATING_BN_FOUR_ATOM_BRIDGE,UPPER,FOUR_ATOM_BRIDGE,3,2,0,1,"center=N|type=ALTERNATING_BN_FOUR_ATOM_BRIDGE|region=FOUR_ATOM_BRIDGE|degree=3|neighbor_elements=B:2,H:1|neighbor_types=ALTERNATING_BN_FOUR_ATOM_BRIDGE:1,BRIDGE_PASSIVANT_H:1,HEXAGONAL_EDGE_COMPLETION_SEED:1"
BR4:UPPER:00:2,B,ALTERNATING_BN_FOUR_ATOM_BRIDGE,UPPER,FOUR_ATOM_BRIDGE,3,0,2,1,"center=B|type=ALTERNATING_BN_FOUR_ATOM_BRIDGE|region=FOUR_ATOM_BRIDGE|degree=3|neighbor_elements=H:1,N:2|neighbor_types=ALTERNATING_BN_FOUR_ATOM_BRIDGE:2,BRIDGE_PASSIVANT_H:1"
BR4:UPPER:00:3,N,ALTERNATING_BN_FOUR_ATOM_BRIDGE,UPPER,FOUR_ATOM_BRIDGE,3,2,0,1,"center=N|type=ALTERNATING_BN_FOUR_ATOM_BRIDGE|region=FOUR_ATOM_BRIDGE|degree=3|neighbor_elements=B:2,H:1|neighbor_types=ALTERNATING_BN_FOUR_ATOM_BRIDGE:2,BRIDGE_PASSIVANT_H:1"
BR4:UPPER:00:4,B,ALTERNATING_BN_FOUR_ATOM_BRIDGE,UPPER,FOUR_ATOM_BRIDGE,3,0,2,1,"center=B|type=ALTERNATING_BN_FOUR_ATOM_BRIDGE|region=FOUR_ATOM_BRIDGE|degree=3|neighbor_elements=H:1,N:2|neighbor_types=ALTERNATING_BN_FOUR_ATOM_BRIDGE:1,ANNULUS_OUTER_BOUNDARY:1,BRIDGE_PASSIVANT_H:1"
BR4:UPPER:01:1,N,ALTERNATING_BN_FOUR_ATOM_BRIDGE,UPPER,FOUR_ATOM_BRIDGE,3,2,0,1,"center=N|type=ALTERNATING_BN_FOUR_ATOM_BRIDGE|region=FOUR_ATOM_BRIDGE|degree=3|neighbor_elements=B:2,H:1|neighbor_types=ALTERNATING_BN_FOUR_ATOM_BRIDGE:1,BRIDGE_PASSIVANT_H:1,HEXAGONAL_EDGE_COMPLETION_SEED:1"
BR4:UPPER:01:2,B,ALTERNATING_BN_FOUR_ATOM_BRIDGE,UPPER,FOUR_ATOM_BRIDGE,3,0,2,1,"center=B|type=ALTERNATING_BN_FOUR_ATOM_BRIDGE|region=FOUR_ATOM_BRIDGE|degree=3|neighbor_elements=H:1,N:2|neighbor_types=ALTERNATING_BN_FOUR_ATOM_BRIDGE:2,BRIDGE_PASSIVANT_H:1"
BR4:UPPER:01:3,N,ALTERNATING_BN_FOUR_ATOM_BRIDGE,UPPER,FOUR_ATOM_BRIDGE,3,2,0,1,"center=N|type=ALTERNATING_BN_FOUR_ATOM_BRIDGE|region=FOUR_ATOM_BRIDGE|degree=3|neighbor_elements=B:2,H:1|neighbor_types=ALTERNATING_BN_FOUR_ATOM_BRIDGE:2,BRIDGE_PASSIVANT_H:1"
BR4:UPPER:01:4,B,ALTERNATING_BN_FOUR_ATOM_BRIDGE,UPPER,FOUR_ATOM_BRIDGE,3,0,2,1,"center=B|type=ALTERNATING_BN_FOUR_ATOM_BRIDGE|region=FOUR_ATOM_BRIDGE|degree=3|neighbor_elements=H:1,N:2|neighbor_types=ALTERNATING_BN_FOUR_ATOM_BRIDGE:1,ANNULUS_OUTER_BOUNDARY:1,BRIDGE_PASSIVANT_H:1"
BR4:UPPER:02:1,N,ALTERNATING_BN_FOUR_ATOM_BRIDGE,UPPER,FOUR_ATOM_BRIDGE,3,2,0,1,"center=N|type=ALTERNATING_BN_FOUR_ATOM_BRIDGE|region=FOUR_ATOM_BRIDGE|degree=3|neighbor_elements=B:2,H:1|neighbor_types=ALTERNATING_BN_FOUR_ATOM_BRIDGE:1,BRIDGE_PASSIVANT_H:1,HEXAGONAL_EDGE_COMPLETION_SEED:1"
BR4:UPPER:02:2,B,ALTERNATING_BN_FOUR_ATOM_BRIDGE,UPPER,FOUR_ATOM_BRIDGE,3,0,2,1,"center=B|type=ALTERNATING_BN_FOUR_ATOM_BRIDGE|region=FOUR_ATOM_BRIDGE|degree=3|neighbor_elements=H:1,N:2|neighbor_types=ALTERNATING_BN_FOUR_ATOM_BRIDGE:2,BRIDGE_PASSIVANT_H:1"
BR4:UPPER:02:3,N,ALTERNATING_BN_FOUR_ATOM_BRIDGE,UPPER,FOUR_ATOM_BRIDGE,3,2,0,1,"center=N|type=ALTERNATING_BN_FOUR_ATOM_BRIDGE|region=FOUR_ATOM_BRIDGE|degree=3|neighbor_elements=B:2,H:1|neighbor_types=ALTERNATING_BN_FOUR_ATOM_BRIDGE:2,BRIDGE_PASSIVANT_H:1"
BR4:UPPER:02:4,B,ALTERNATING_BN_FOUR_ATOM_BRIDGE,UPPER,FOUR_ATOM_BRIDGE,3,0,2,1,"center=B|type=ALTERNATING_BN_FOUR_ATOM_BRIDGE|region=FOUR_ATOM_BRIDGE|degree=3|neighbor_elements=H:1,N:2|neighbor_types=ALTERNATING_BN_FOUR_ATOM_BRIDGE:1,ANNULUS_OUTER_BOUNDARY:1,BRIDGE_PASSIVANT_H:1"
BR4:UPPER:03:1,N,ALTERNATING_BN_FOUR_ATOM_BRIDGE,UPPER,FOUR_ATOM_BRIDGE,3,2,0,1,"center=N|type=ALTERNATING_BN_FOUR_ATOM_BRIDGE|region=FOUR_ATOM_BRIDGE|degree=3|neighbor_elements=B:2,H:1|neighbor_types=ALTERNATING_BN_FOUR_ATOM_BRIDGE:1,BRIDGE_PASSIVANT_H:1,HEXAGONAL_EDGE_COMPLETION_SEED:1"
BR4:UPPER:03:2,B,ALTERNATING_BN_FOUR_ATOM_BRIDGE,UPPER,FOUR_ATOM_BRIDGE,3,0,2,1,"center=B|type=ALTERNATING_BN_FOUR_ATOM_BRIDGE|region=FOUR_ATOM_BRIDGE|degree=3|neighbor_elements=H:1,N:2|neighbor_types=ALTERNATING_BN_FOUR_ATOM_BRIDGE:2,BRIDGE_PASSIVANT_H:1"
BR4:UPPER:03:3,N,ALTERNATING_BN_FOUR_ATOM_BRIDGE,UPPER,FOUR_ATOM_BRIDGE,3,2,0,1,"center=N|type=ALTERNATING_BN_FOUR_ATOM_BRIDGE|region=FOUR_ATOM_BRIDGE|degree=3|neighbor_elements=B:2,H:1|neighbor_types=ALTERNATING_BN_FOUR_ATOM_BRIDGE:2,BRIDGE_PASSIVANT_H:1"
BR4:UPPER:03:4,B,ALTERNATING_BN_FOUR_ATOM_BRIDGE,UPPER,FOUR_ATOM_BRIDGE,3,0,2,1,"center=B|type=ALTERNATING_BN_FOUR_ATOM_BRIDGE|region=FOUR_ATOM_BRIDGE|degree=3|neighbor_elements=H:1,N:2|neighbor_types=ALTERNATING_BN_FOUR_ATOM_BRIDGE:1,ANNULUS_OUTER_BOUNDARY:1,BRIDGE_PASSIVANT_H:1"
BR4:UPPER:04:1,N,ALTERNATING_BN_FOUR_ATOM_BRIDGE,UPPER,FOUR_ATOM_BRIDGE,3,2,0,1,"center=N|type=ALTERNATING_BN_FOUR_ATOM_BRIDGE|region=FOUR_ATOM_BRIDGE|degree=3|neighbor_elements=B:2,H:1|neighbor_types=ALTERNATING_BN_FOUR_ATOM_BRIDGE:1,BRIDGE_PASSIVANT_H:1,HEXAGONAL_EDGE_COMPLETION_SEED:1"
BR4:UPPER:04:2,B,ALTERNATING_BN_FOUR_ATOM_BRIDGE,UPPER,FOUR_ATOM_BRIDGE,3,0,2,1,"center=B|type=ALTERNATING_BN_FOUR_ATOM_BRIDGE|region=FOUR_ATOM_BRIDGE|degree=3|neighbor_elements=H:1,N:2|neighbor_types=ALTERNATING_BN_FOUR_ATOM_BRIDGE:2,BRIDGE_PASSIVANT_H:1"
BR4:UPPER:04:3,N,ALTERNATING_BN_FOUR_ATOM_BRIDGE,UPPER,FOUR_ATOM_BRIDGE,3,2,0,1,"center=N|type=ALTERNATING_BN_FOUR_ATOM_BRIDGE|region=FOUR_ATOM_BRIDGE|degree=3|neighbor_elements=B:2,H:1|neighbor_types=ALTERNATING_BN_FOUR_ATOM_BRIDGE:2,BRIDGE_PASSIVANT_H:1"
BR4:UPPER:04:4,B,ALTERNATING_BN_FOUR_ATOM_BRIDGE,UPPER,FOUR_ATOM_BRIDGE,3,0,2,1,"center=B|type=ALTERNATING_BN_FOUR_ATOM_BRIDGE|region=FOUR_ATOM_BRIDGE|degree=3|neighbor_elements=H:1,N:2|neighbor_types=ALTERNATING_BN_FOUR_ATOM_BRIDGE:1,ANNULUS_OUTER_BOUNDARY:1,BRIDGE_PASSIVANT_H:1"
BR4:UPPER:05:1,N,ALTERNATING_BN_FOUR_ATOM_BRIDGE,UPPER,FOUR_ATOM_BRIDGE,3,2,0,1,"center=N|type=ALTERNATING_BN_FOUR_ATOM_BRIDGE|region=FOUR_ATOM_BRIDGE|degree=3|neighbor_elements=B:2,H:1|neighbor_types=ALTERNATING_BN_FOUR_ATOM_BRIDGE:1,BRIDGE_PASSIVANT_H:1,HEXAGONAL_EDGE_COMPLETION_SEED:1"
BR4:UPPER:05:2,B,ALTERNATING_BN_FOUR_ATOM_BRIDGE,UPPER,FOUR_ATOM_BRIDGE,3,0,2,1,"center=B|type=ALTERNATING_BN_FOUR_ATOM_BRIDGE|region=FOUR_ATOM_BRIDGE|degree=3|neighbor_elements=H:1,N:2|neighbor_types=ALTERNATING_BN_FOUR_ATOM_BRIDGE:2,BRIDGE_PASSIVANT_H:1"
BR4:UPPER:05:3,N,ALTERNATING_BN_FOUR_ATOM_BRIDGE,UPPER,FOUR_ATOM_BRIDGE,3,2,0,1,"center=N|type=ALTERNATING_BN_FOUR_ATOM_BRIDGE|region=FOUR_ATOM_BRIDGE|degree=3|neighbor_elements=B:2,H:1|neighbor_types=ALTERNATING_BN_FOUR_ATOM_BRIDGE:2,BRIDGE_PASSIVANT_H:1"
BR4:UPPER:05:4,B,ALTERNATING_BN_FOUR_ATOM_BRIDGE,UPPER,FOUR_ATOM_BRIDGE,3,0,2,1,"center=B|type=ALTERNATING_BN_FOUR_ATOM_BRIDGE|region=FOUR_ATOM_BRIDGE|degree=3|neighbor_elements=H:1,N:2|neighbor_types=ALTERNATING_BN_FOUR_ATOM_BRIDGE:1,ANNULUS_OUTER_BOUNDARY:1,BRIDGE_PASSIVANT_H:1"
BR4:UPPER:06:1,N,ALTERNATING_BN_FOUR_ATOM_BRIDGE,UPPER,FOUR_ATOM_BRIDGE,3,2,0,1,"center=N|type=ALTERNATING_BN_FOUR_ATOM_BRIDGE|region=FOUR_ATOM_BRIDGE|degree=3|neighbor_elements=B:2,H:1|neighbor_types=ALTERNATING_BN_FOUR_ATOM_BRIDGE:1,BRIDGE_PASSIVANT_H:1,HEXAGONAL_EDGE_COMPLETION_SEED:1"
BR4:UPPER:06:2,B,ALTERNATING_BN_FOUR_ATOM_BRIDGE,UPPER,FOUR_ATOM_BRIDGE,3,0,2,1,"center=B|type=ALTERNATING_BN_FOUR_ATOM_BRIDGE|region=FOUR_ATOM_BRIDGE|degree=3|neighbor_elements=H:1,N:2|neighbor_types=ALTERNATING_BN_FOUR_ATOM_BRIDGE:2,BRIDGE_PASSIVANT_H:1"
BR4:UPPER:06:3,N,ALTERNATING_BN_FOUR_ATOM_BRIDGE,UPPER,FOUR_ATOM_BRIDGE,3,2,0,1,"center=N|type=ALTERNATING_BN_FOUR_ATOM_BRIDGE|region=FOUR_ATOM_BRIDGE|degree=3|neighbor_elements=B:2,H:1|neighbor_types=ALTERNATING_BN_FOUR_ATOM_BRIDGE:2,BRIDGE_PASSIVANT_H:1"
BR4:UPPER:06:4,B,ALTERNATING_BN_FOUR_ATOM_BRIDGE,UPPER,FOUR_ATOM_BRIDGE,3,0,2,1,"center=B|type=ALTERNATING_BN_FOUR_ATOM_BRIDGE|region=FOUR_ATOM_BRIDGE|degree=3|neighbor_elements=H:1,N:2|neighbor_types=ALTERNATING_BN_FOUR_ATOM_BRIDGE:1,ANNULUS_OUTER_BOUNDARY:1,BRIDGE_PASSIVANT_H:1"
BR4:UPPER:07:1,N,ALTERNATING_BN_FOUR_ATOM_BRIDGE,UPPER,FOUR_ATOM_BRIDGE,3,2,0,1,"center=N|type=ALTERNATING_BN_FOUR_ATOM_BRIDGE|region=FOUR_ATOM_BRIDGE|degree=3|neighbor_elements=B:2,H:1|neighbor_types=ALTERNATING_BN_FOUR_ATOM_BRIDGE:1,BRIDGE_PASSIVANT_H:1,HEXAGONAL_EDGE_COMPLETION_SEED:1"
BR4:UPPER:07:2,B,ALTERNATING_BN_FOUR_ATOM_BRIDGE,UPPER,FOUR_ATOM_BRIDGE,3,0,2,1,"center=B|type=ALTERNATING_BN_FOUR_ATOM_BRIDGE|region=FOUR_ATOM_BRIDGE|degree=3|neighbor_elements=H:1,N:2|neighbor_types=ALTERNATING_BN_FOUR_ATOM_BRIDGE:2,BRIDGE_PASSIVANT_H:1"
BR4:UPPER:07:3,N,ALTERNATING_BN_FOUR_ATOM_BRIDGE,UPPER,FOUR_ATOM_BRIDGE,3,2,0,1,"center=N|type=ALTERNATING_BN_FOUR_ATOM_BRIDGE|region=FOUR_ATOM_BRIDGE|degree=3|neighbor_elements=B:2,H:1|neighbor_types=ALTERNATING_BN_FOUR_ATOM_BRIDGE:2,BRIDGE_PASSIVANT_H:1"
BR4:UPPER:07:4,B,ALTERNATING_BN_FOUR_ATOM_BRIDGE,UPPER,FOUR_ATOM_BRIDGE,3,0,2,1,"center=B|type=ALTERNATING_BN_FOUR_ATOM_BRIDGE|region=FOUR_ATOM_BRIDGE|degree=3|neighbor_elements=H:1,N:2|neighbor_types=ALTERNATING_BN_FOUR_ATOM_BRIDGE:1,ANNULUS_OUTER_BOUNDARY:1,BRIDGE_PASSIVANT_H:1"
BR4:UPPER:08:1,N,ALTERNATING_BN_FOUR_ATOM_BRIDGE,UPPER,FOUR_ATOM_BRIDGE,3,2,0,1,"center=N|type=ALTERNATING_BN_FOUR_ATOM_BRIDGE|region=FOUR_ATOM_BRIDGE|degree=3|neighbor_elements=B:2,H:1|neighbor_types=ALTERNATING_BN_FOUR_ATOM_BRIDGE:1,BRIDGE_PASSIVANT_H:1,HEXAGONAL_EDGE_COMPLETION_SEED:1"
BR4:UPPER:08:2,B,ALTERNATING_BN_FOUR_ATOM_BRIDGE,UPPER,FOUR_ATOM_BRIDGE,3,0,2,1,"center=B|type=ALTERNATING_BN_FOUR_ATOM_BRIDGE|region=FOUR_ATOM_BRIDGE|degree=3|neighbor_elements=H:1,N:2|neighbor_types=ALTERNATING_BN_FOUR_ATOM_BRIDGE:2,BRIDGE_PASSIVANT_H:1"
BR4:UPPER:08:3,N,ALTERNATING_BN_FOUR_ATOM_BRIDGE,UPPER,FOUR_ATOM_BRIDGE,3,2,0,1,"center=N|type=ALTERNATING_BN_FOUR_ATOM_BRIDGE|region=FOUR_ATOM_BRIDGE|degree=3|neighbor_elements=B:2,H:1|neighbor_types=ALTERNATING_BN_FOUR_ATOM_BRIDGE:2,BRIDGE_PASSIVANT_H:1"
BR4:UPPER:08:4,B,ALTERNATING_BN_FOUR_ATOM_BRIDGE,UPPER,FOUR_ATOM_BRIDGE,3,0,2,1,"center=B|type=ALTERNATING_BN_FOUR_ATOM_BRIDGE|region=FOUR_ATOM_BRIDGE|degree=3|neighbor_elements=H:1,N:2|neighbor_types=ALTERNATING_BN_FOUR_ATOM_BRIDGE:1,ANNULUS_OUTER_BOUNDARY:1,BRIDGE_PASSIVANT_H:1"
BR4:UPPER:09:1,N,ALTERNATING_BN_FOUR_ATOM_BRIDGE,UPPER,FOUR_ATOM_BRIDGE,3,2,0,1,"center=N|type=ALTERNATING_BN_FOUR_ATOM_BRIDGE|region=FOUR_ATOM_BRIDGE|degree=3|neighbor_elements=B:2,H:1|neighbor_types=ALTERNATING_BN_FOUR_ATOM_BRIDGE:1,BRIDGE_PASSIVANT_H:1,HEXAGONAL_EDGE_COMPLETION_SEED:1"
BR4:UPPER:09:2,B,ALTERNATING_BN_FOUR_ATOM_BRIDGE,UPPER,FOUR_ATOM_BRIDGE,3,0,2,1,"center=B|type=ALTERNATING_BN_FOUR_ATOM_BRIDGE|region=FOUR_ATOM_BRIDGE|degree=3|neighbor_elements=H:1,N:2|neighbor_types=ALTERNATING_BN_FOUR_ATOM_BRIDGE:2,BRIDGE_PASSIVANT_H:1"
BR4:UPPER:09:3,N,ALTERNATING_BN_FOUR_ATOM_BRIDGE,UPPER,FOUR_ATOM_BRIDGE,3,2,0,1,"center=N|type=ALTERNATING_BN_FOUR_ATOM_BRIDGE|region=FOUR_ATOM_BRIDGE|degree=3|neighbor_elements=B:2,H:1|neighbor_types=ALTERNATING_BN_FOUR_ATOM_BRIDGE:2,BRIDGE_PASSIVANT_H:1"
BR4:UPPER:09:4,B,ALTERNATING_BN_FOUR_ATOM_BRIDGE,UPPER,FOUR_ATOM_BRIDGE,3,0,2,1,"center=B|type=ALTERNATING_BN_FOUR_ATOM_BRIDGE|region=FOUR_ATOM_BRIDGE|degree=3|neighbor_elements=H:1,N:2|neighbor_types=ALTERNATING_BN_FOUR_ATOM_BRIDGE:1,ANNULUS_OUTER_BOUNDARY:1,BRIDGE_PASSIVANT_H:1"
BR4:UPPER:10:1,N,ALTERNATING_BN_FOUR_ATOM_BRIDGE,UPPER,FOUR_ATOM_BRIDGE,3,2,0,1,"center=N|type=ALTERNATING_BN_FOUR_ATOM_BRIDGE|region=FOUR_ATOM_BRIDGE|degree=3|neighbor_elements=B:2,H:1|neighbor_types=ALTERNATING_BN_FOUR_ATOM_BRIDGE:1,BRIDGE_PASSIVANT_H:1,HEXAGONAL_EDGE_COMPLETION_SEED:1"
BR4:UPPER:10:2,B,ALTERNATING_BN_FOUR_ATOM_BRIDGE,UPPER,FOUR_ATOM_BRIDGE,3,0,2,1,"center=B|type=ALTERNATING_BN_FOUR_ATOM_BRIDGE|region=FOUR_ATOM_BRIDGE|degree=3|neighbor_elements=H:1,N:2|neighbor_types=ALTERNATING_BN_FOUR_ATOM_BRIDGE:2,BRIDGE_PASSIVANT_H:1"
BR4:UPPER:10:3,N,ALTERNATING_BN_FOUR_ATOM_BRIDGE,UPPER,FOUR_ATOM_BRIDGE,3,2,0,1,"center=N|type=ALTERNATING_BN_FOUR_ATOM_BRIDGE|region=FOUR_ATOM_BRIDGE|degree=3|neighbor_elements=B:2,H:1|neighbor_types=ALTERNATING_BN_FOUR_ATOM_BRIDGE:2,BRIDGE_PASSIVANT_H:1"
BR4:UPPER:10:4,B,ALTERNATING_BN_FOUR_ATOM_BRIDGE,UPPER,FOUR_ATOM_BRIDGE,3,0,2,1,"center=B|type=ALTERNATING_BN_FOUR_ATOM_BRIDGE|region=FOUR_ATOM_BRIDGE|degree=3|neighbor_elements=H:1,N:2|neighbor_types=ALTERNATING_BN_FOUR_ATOM_BRIDGE:1,ANNULUS_OUTER_BOUNDARY:1,BRIDGE_PASSIVANT_H:1"
BR4:UPPER:11:1,N,ALTERNATING_BN_FOUR_ATOM_BRIDGE,UPPER,FOUR_ATOM_BRIDGE,3,2,0,1,"center=N|type=ALTERNATING_BN_FOUR_ATOM_BRIDGE|region=FOUR_ATOM_BRIDGE|degree=3|neighbor_elements=B:2,H:1|neighbor_types=ALTERNATING_BN_FOUR_ATOM_BRIDGE:1,BRIDGE_PASSIVANT_H:1,HEXAGONAL_EDGE_COMPLETION_SEED:1"
BR4:UPPER:11:2,B,ALTERNATING_BN_FOUR_ATOM_BRIDGE,UPPER,FOUR_ATOM_BRIDGE,3,0,2,1,"center=B|type=ALTERNATING_BN_FOUR_ATOM_BRIDGE|region=FOUR_ATOM_BRIDGE|degree=3|neighbor_elements=H:1,N:2|neighbor_types=ALTERNATING_BN_FOUR_ATOM_BRIDGE:2,BRIDGE_PASSIVANT_H:1"
BR4:UPPER:11:3,N,ALTERNATING_BN_FOUR_ATOM_BRIDGE,UPPER,FOUR_ATOM_BRIDGE,3,2,0,1,"center=N|type=ALTERNATING_BN_FOUR_ATOM_BRIDGE|region=FOUR_ATOM_BRIDGE|degree=3|neighbor_elements=B:2,H:1|neighbor_types=ALTERNATING_BN_FOUR_ATOM_BRIDGE:2,BRIDGE_PASSIVANT_H:1"
BR4:UPPER:11:4,B,ALTERNATING_BN_FOUR_ATOM_BRIDGE,UPPER,FOUR_ATOM_BRIDGE,3,0,2,1,"center=B|type=ALTERNATING_BN_FOUR_ATOM_BRIDGE|region=FOUR_ATOM_BRIDGE|degree=3|neighbor_elements=H:1,N:2|neighbor_types=ALTERNATING_BN_FOUR_ATOM_BRIDGE:1,ANNULUS_OUTER_BOUNDARY:1,BRIDGE_PASSIVANT_H:1"
BR4:UPPER:12:1,N,ALTERNATING_BN_FOUR_ATOM_BRIDGE,UPPER,FOUR_ATOM_BRIDGE,3,2,0,1,"center=N|type=ALTERNATING_BN_FOUR_ATOM_BRIDGE|region=FOUR_ATOM_BRIDGE|degree=3|neighbor_elements=B:2,H:1|neighbor_types=ALTERNATING_BN_FOUR_ATOM_BRIDGE:1,BRIDGE_PASSIVANT_H:1,HEXAGONAL_EDGE_COMPLETION_SEED:1"
BR4:UPPER:12:2,B,ALTERNATING_BN_FOUR_ATOM_BRIDGE,UPPER,FOUR_ATOM_BRIDGE,3,0,2,1,"center=B|type=ALTERNATING_BN_FOUR_ATOM_BRIDGE|region=FOUR_ATOM_BRIDGE|degree=3|neighbor_elements=H:1,N:2|neighbor_types=ALTERNATING_BN_FOUR_ATOM_BRIDGE:2,BRIDGE_PASSIVANT_H:1"
BR4:UPPER:12:3,N,ALTERNATING_BN_FOUR_ATOM_BRIDGE,UPPER,FOUR_ATOM_BRIDGE,3,2,0,1,"center=N|type=ALTERNATING_BN_FOUR_ATOM_BRIDGE|region=FOUR_ATOM_BRIDGE|degree=3|neighbor_elements=B:2,H:1|neighbor_types=ALTERNATING_BN_FOUR_ATOM_BRIDGE:2,BRIDGE_PASSIVANT_H:1"
BR4:UPPER:12:4,B,ALTERNATING_BN_FOUR_ATOM_BRIDGE,UPPER,FOUR_ATOM_BRIDGE,3,0,2,1,"center=B|type=ALTERNATING_BN_FOUR_ATOM_BRIDGE|region=FOUR_ATOM_BRIDGE|degree=3|neighbor_elements=H:1,N:2|neighbor_types=ALTERNATING_BN_FOUR_ATOM_BRIDGE:1,ANNULUS_OUTER_BOUNDARY:1,BRIDGE_PASSIVANT_H:1"
BR4:UPPER:13:1,N,ALTERNATING_BN_FOUR_ATOM_BRIDGE,UPPER,FOUR_ATOM_BRIDGE,3,2,0,1,"center=N|type=ALTERNATING_BN_FOUR_ATOM_BRIDGE|region=FOUR_ATOM_BRIDGE|degree=3|neighbor_elements=B:2,H:1|neighbor_types=ALTERNATING_BN_FOUR_ATOM_BRIDGE:1,BRIDGE_PASSIVANT_H:1,HEXAGONAL_EDGE_COMPLETION_SEED:1"
BR4:UPPER:13:2,B,ALTERNATING_BN_FOUR_ATOM_BRIDGE,UPPER,FOUR_ATOM_BRIDGE,3,0,2,1,"center=B|type=ALTERNATING_BN_FOUR_ATOM_BRIDGE|region=FOUR_ATOM_BRIDGE|degree=3|neighbor_elements=H:1,N:2|neighbor_types=ALTERNATING_BN_FOUR_ATOM_BRIDGE:2,BRIDGE_PASSIVANT_H:1"
BR4:UPPER:13:3,N,ALTERNATING_BN_FOUR_ATOM_BRIDGE,UPPER,FOUR_ATOM_BRIDGE,3,2,0,1,"center=N|type=ALTERNATING_BN_FOUR_ATOM_BRIDGE|region=FOUR_ATOM_BRIDGE|degree=3|neighbor_elements=B:2,H:1|neighbor_types=ALTERNATING_BN_FOUR_ATOM_BRIDGE:2,BRIDGE_PASSIVANT_H:1"
BR4:UPPER:13:4,B,ALTERNATING_BN_FOUR_ATOM_BRIDGE,UPPER,FOUR_ATOM_BRIDGE,3,0,2,1,"center=B|type=ALTERNATING_BN_FOUR_ATOM_BRIDGE|region=FOUR_ATOM_BRIDGE|degree=3|neighbor_elements=H:1,N:2|neighbor_types=ALTERNATING_BN_FOUR_ATOM_BRIDGE:1,ANNULUS_OUTER_BOUNDARY:1,BRIDGE_PASSIVANT_H:1"
BR4:UPPER:14:1,N,ALTERNATING_BN_FOUR_ATOM_BRIDGE,UPPER,FOUR_ATOM_BRIDGE,3,2,0,1,"center=N|type=ALTERNATING_BN_FOUR_ATOM_BRIDGE|region=FOUR_ATOM_BRIDGE|degree=3|neighbor_elements=B:2,H:1|neighbor_types=ALTERNATING_BN_FOUR_ATOM_BRIDGE:1,BRIDGE_PASSIVANT_H:1,HEXAGONAL_EDGE_COMPLETION_SEED:1"
BR4:UPPER:14:2,B,ALTERNATING_BN_FOUR_ATOM_BRIDGE,UPPER,FOUR_ATOM_BRIDGE,3,0,2,1,"center=B|type=ALTERNATING_BN_FOUR_ATOM_BRIDGE|region=FOUR_ATOM_BRIDGE|degree=3|neighbor_elements=H:1,N:2|neighbor_types=ALTERNATING_BN_FOUR_ATOM_BRIDGE:2,BRIDGE_PASSIVANT_H:1"
BR4:UPPER:14:3,N,ALTERNATING_BN_FOUR_ATOM_BRIDGE,UPPER,FOUR_ATOM_BRIDGE,3,2,0,1,"center=N|type=ALTERNATING_BN_FOUR_ATOM_BRIDGE|region=FOUR_ATOM_BRIDGE|degree=3|neighbor_elements=B:2,H:1|neighbor_types=ALTERNATING_BN_FOUR_ATOM_BRIDGE:2,BRIDGE_PASSIVANT_H:1"
BR4:UPPER:14:4,B,ALTERNATING_BN_FOUR_ATOM_BRIDGE,UPPER,FOUR_ATOM_BRIDGE,3,0,2,1,"center=B|type=ALTERNATING_BN_FOUR_ATOM_BRIDGE|region=FOUR_ATOM_BRIDGE|degree=3|neighbor_elements=H:1,N:2|neighbor_types=ALTERNATING_BN_FOUR_ATOM_BRIDGE:1,ANNULUS_OUTER_BOUNDARY:1,BRIDGE_PASSIVANT_H:1"
H4:LOWER:0000:0,H,ANNULUS_OUTER_PASSIVANT_H,LOWER,EDGE_PASSIVANT,1,0,1,0,center=H|type=ANNULUS_OUTER_PASSIVANT_H|region=EDGE_PASSIVANT|degree=1|neighbor_elements=N:1|neighbor_types=ANNULUS_OUTER_BOUNDARY:1
H4:LOWER:0001:0,H,ANNULUS_OUTER_PASSIVANT_H,LOWER,EDGE_PASSIVANT,1,0,1,0,center=H|type=ANNULUS_OUTER_PASSIVANT_H|region=EDGE_PASSIVANT|degree=1|neighbor_elements=N:1|neighbor_types=ANNULUS_OUTER_BOUNDARY:1
H4:LOWER:0002:0,H,ANNULUS_OUTER_PASSIVANT_H,LOWER,EDGE_PASSIVANT,1,0,1,0,center=H|type=ANNULUS_OUTER_PASSIVANT_H|region=EDGE_PASSIVANT|degree=1|neighbor_elements=N:1|neighbor_types=ANNULUS_OUTER_BOUNDARY:1
H4:LOWER:0003:0,H,ANNULUS_OUTER_PASSIVANT_H,LOWER,EDGE_PASSIVANT,1,0,1,0,center=H|type=ANNULUS_OUTER_PASSIVANT_H|region=EDGE_PASSIVANT|degree=1|neighbor_elements=N:1|neighbor_types=ANNULUS_OUTER_BOUNDARY:1
H4:LOWER:0004:0,H,ANNULUS_OUTER_PASSIVANT_H,LOWER,EDGE_PASSIVANT,1,0,1,0,center=H|type=ANNULUS_OUTER_PASSIVANT_H|region=EDGE_PASSIVANT|degree=1|neighbor_elements=N:1|neighbor_types=ANNULUS_OUTER_BOUNDARY:1
H4:LOWER:0005:0,H,ANNULUS_OUTER_PASSIVANT_H,LOWER,EDGE_PASSIVANT,1,0,1,0,center=H|type=ANNULUS_OUTER_PASSIVANT_H|region=EDGE_PASSIVANT|degree=1|neighbor_elements=N:1|neighbor_types=ANNULUS_OUTER_BOUNDARY:1
H4:LOWER:0006:0,H,ANNULUS_INNER_PASSIVANT_H,LOWER,EDGE_PASSIVANT,1,1,0,0,center=H|type=ANNULUS_INNER_PASSIVANT_H|region=EDGE_PASSIVANT|degree=1|neighbor_elements=B:1|neighbor_types=ANNULUS_INNER_BOUNDARY:1
H4:LOWER:0007:0,H,ANNULUS_INNER_PASSIVANT_H,LOWER,EDGE_PASSIVANT,1,1,0,0,center=H|type=ANNULUS_INNER_PASSIVANT_H|region=EDGE_PASSIVANT|degree=1|neighbor_elements=B:1|neighbor_types=ANNULUS_INNER_BOUNDARY:1
H4:LOWER:0008:0,H,ANNULUS_OUTER_PASSIVANT_H,LOWER,EDGE_PASSIVANT,1,0,1,0,center=H|type=ANNULUS_OUTER_PASSIVANT_H|region=EDGE_PASSIVANT|degree=1|neighbor_elements=N:1|neighbor_types=ANNULUS_OUTER_BOUNDARY:1
H4:LOWER:0009:0,H,ANNULUS_OUTER_PASSIVANT_H,LOWER,EDGE_PASSIVANT,1,0,1,0,center=H|type=ANNULUS_OUTER_PASSIVANT_H|region=EDGE_PASSIVANT|degree=1|neighbor_elements=N:1|neighbor_types=ANNULUS_OUTER_BOUNDARY:1
H4:LOWER:0010:0,H,ANNULUS_INNER_PASSIVANT_H,LOWER,EDGE_PASSIVANT,1,1,0,0,center=H|type=ANNULUS_INNER_PASSIVANT_H|region=EDGE_PASSIVANT|degree=1|neighbor_elements=B:1|neighbor_types=ANNULUS_INNER_BOUNDARY:1
H4:LOWER:0011:0,H,ANNULUS_INNER_PASSIVANT_H,LOWER,EDGE_PASSIVANT,1,1,0,0,center=H|type=ANNULUS_INNER_PASSIVANT_H|region=EDGE_PASSIVANT|degree=1|neighbor_elements=B:1|neighbor_types=ANNULUS_INNER_BOUNDARY:1
H4:LOWER:0012:0,H,ANNULUS_INNER_PASSIVANT_H,LOWER,EDGE_PASSIVANT,1,0,1,0,center=H|type=ANNULUS_INNER_PASSIVANT_H|region=EDGE_PASSIVANT|degree=1|neighbor_elements=N:1|neighbor_types=ANNULUS_INNER_BOUNDARY:1
H4:LOWER:0013:0,H,ANNULUS_OUTER_PASSIVANT_H,LOWER,EDGE_PASSIVANT,1,0,1,0,center=H|type=ANNULUS_OUTER_PASSIVANT_H|region=EDGE_PASSIVANT|degree=1|neighbor_elements=N:1|neighbor_types=ANNULUS_OUTER_BOUNDARY:1
H4:LOWER:0014:0,H,ANNULUS_INNER_PASSIVANT_H,LOWER,EDGE_PASSIVANT,1,0,1,0,center=H|type=ANNULUS_INNER_PASSIVANT_H|region=EDGE_PASSIVANT|degree=1|neighbor_elements=N:1|neighbor_types=ANNULUS_INNER_BOUNDARY:1
H4:LOWER:0015:0,H,ANNULUS_OUTER_PASSIVANT_H,LOWER,EDGE_PASSIVANT,1,0,1,0,center=H|type=ANNULUS_OUTER_PASSIVANT_H|region=EDGE_PASSIVANT|degree=1|neighbor_elements=N:1|neighbor_types=ANNULUS_OUTER_BOUNDARY:1
H4:LOWER:0016:0,H,ANNULUS_OUTER_PASSIVANT_H,LOWER,EDGE_PASSIVANT,1,0,1,0,center=H|type=ANNULUS_OUTER_PASSIVANT_H|region=EDGE_PASSIVANT|degree=1|neighbor_elements=N:1|neighbor_types=ANNULUS_OUTER_BOUNDARY:1
H4:LOWER:0017:0,H,ANNULUS_OUTER_PASSIVANT_H,LOWER,EDGE_PASSIVANT,1,0,1,0,center=H|type=ANNULUS_OUTER_PASSIVANT_H|region=EDGE_PASSIVANT|degree=1|neighbor_elements=N:1|neighbor_types=ANNULUS_OUTER_BOUNDARY:1
H4:LOWER:0018:0,H,ANNULUS_OUTER_PASSIVANT_H,LOWER,EDGE_PASSIVANT,1,0,1,0,center=H|type=ANNULUS_OUTER_PASSIVANT_H|region=EDGE_PASSIVANT|degree=1|neighbor_elements=N:1|neighbor_types=ANNULUS_OUTER_BOUNDARY:1
H4:LOWER:0019:0,H,ANNULUS_OUTER_PASSIVANT_H,LOWER,EDGE_PASSIVANT,1,0,1,0,center=H|type=ANNULUS_OUTER_PASSIVANT_H|region=EDGE_PASSIVANT|degree=1|neighbor_elements=N:1|neighbor_types=ANNULUS_OUTER_BOUNDARY:1
H4:LOWER:0020:0,H,ANNULUS_OUTER_PASSIVANT_H,LOWER,EDGE_PASSIVANT,1,0,1,0,center=H|type=ANNULUS_OUTER_PASSIVANT_H|region=EDGE_PASSIVANT|degree=1|neighbor_elements=N:1|neighbor_types=ANNULUS_OUTER_BOUNDARY:1
H4:LOWER:0021:0,H,ANNULUS_INNER_PASSIVANT_H,LOWER,EDGE_PASSIVANT,1,0,1,0,center=H|type=ANNULUS_INNER_PASSIVANT_H|region=EDGE_PASSIVANT|degree=1|neighbor_elements=N:1|neighbor_types=ANNULUS_INNER_BOUNDARY:1
H4:LOWER:0022:0,H,ANNULUS_INNER_PASSIVANT_H,LOWER,EDGE_PASSIVANT,1,0,1,0,center=H|type=ANNULUS_INNER_PASSIVANT_H|region=EDGE_PASSIVANT|degree=1|neighbor_elements=N:1|neighbor_types=ANNULUS_INNER_BOUNDARY:1
H4:LOWER:0023:0,H,ANNULUS_INNER_PASSIVANT_H,LOWER,EDGE_PASSIVANT,1,0,1,0,center=H|type=ANNULUS_INNER_PASSIVANT_H|region=EDGE_PASSIVANT|degree=1|neighbor_elements=N:1|neighbor_types=ANNULUS_INNER_BOUNDARY:1
H4:LOWER:0024:0,H,ANNULUS_INNER_PASSIVANT_H,LOWER,EDGE_PASSIVANT,1,0,1,0,center=H|type=ANNULUS_INNER_PASSIVANT_H|region=EDGE_PASSIVANT|degree=1|neighbor_elements=N:1|neighbor_types=ANNULUS_INNER_BOUNDARY:1
H4:LOWER:0025:0,H,ANNULUS_INNER_PASSIVANT_H,LOWER,EDGE_PASSIVANT,1,1,0,0,center=H|type=ANNULUS_INNER_PASSIVANT_H|region=EDGE_PASSIVANT|degree=1|neighbor_elements=B:1|neighbor_types=ANNULUS_INNER_BOUNDARY:1
H4:LOWER:0026:0,H,ANNULUS_INNER_PASSIVANT_H,LOWER,EDGE_PASSIVANT,1,1,0,0,center=H|type=ANNULUS_INNER_PASSIVANT_H|region=EDGE_PASSIVANT|degree=1|neighbor_elements=B:1|neighbor_types=ANNULUS_INNER_BOUNDARY:1
H4:LOWER:0054:0,H,BRIDGE_PASSIVANT_H,LOWER,BRIDGE_PASSIVANT,1,1,0,0,center=H|type=BRIDGE_PASSIVANT_H|region=BRIDGE_PASSIVANT|degree=1|neighbor_elements=B:1|neighbor_types=ALTERNATING_BN_FOUR_ATOM_BRIDGE:1
H4:LOWER:0055:0,H,BRIDGE_PASSIVANT_H,LOWER,BRIDGE_PASSIVANT,1,0,1,0,center=H|type=BRIDGE_PASSIVANT_H|region=BRIDGE_PASSIVANT|degree=1|neighbor_elements=N:1|neighbor_types=ALTERNATING_BN_FOUR_ATOM_BRIDGE:1
H4:LOWER:0056:0,H,BRIDGE_PASSIVANT_H,LOWER,BRIDGE_PASSIVANT,1,1,0,0,center=H|type=BRIDGE_PASSIVANT_H|region=BRIDGE_PASSIVANT|degree=1|neighbor_elements=B:1|neighbor_types=ALTERNATING_BN_FOUR_ATOM_BRIDGE:1
H4:LOWER:0057:0,H,BRIDGE_PASSIVANT_H,LOWER,BRIDGE_PASSIVANT,1,0,1,0,center=H|type=BRIDGE_PASSIVANT_H|region=BRIDGE_PASSIVANT|degree=1|neighbor_elements=N:1|neighbor_types=ALTERNATING_BN_FOUR_ATOM_BRIDGE:1
H4:LOWER:0058:0,H,BRIDGE_PASSIVANT_H,LOWER,BRIDGE_PASSIVANT,1,1,0,0,center=H|type=BRIDGE_PASSIVANT_H|region=BRIDGE_PASSIVANT|degree=1|neighbor_elements=B:1|neighbor_types=ALTERNATING_BN_FOUR_ATOM_BRIDGE:1
H4:LOWER:0059:0,H,BRIDGE_PASSIVANT_H,LOWER,BRIDGE_PASSIVANT,1,0,1,0,center=H|type=BRIDGE_PASSIVANT_H|region=BRIDGE_PASSIVANT|degree=1|neighbor_elements=N:1|neighbor_types=ALTERNATING_BN_FOUR_ATOM_BRIDGE:1
H4:LOWER:0060:0,H,BRIDGE_PASSIVANT_H,LOWER,BRIDGE_PASSIVANT,1,1,0,0,center=H|type=BRIDGE_PASSIVANT_H|region=BRIDGE_PASSIVANT|degree=1|neighbor_elements=B:1|neighbor_types=ALTERNATING_BN_FOUR_ATOM_BRIDGE:1
H4:LOWER:0061:0,H,BRIDGE_PASSIVANT_H,LOWER,BRIDGE_PASSIVANT,1,0,1,0,center=H|type=BRIDGE_PASSIVANT_H|region=BRIDGE_PASSIVANT|degree=1|neighbor_elements=N:1|neighbor_types=ALTERNATING_BN_FOUR_ATOM_BRIDGE:1
H4:LOWER:0062:0,H,BRIDGE_PASSIVANT_H,LOWER,BRIDGE_PASSIVANT,1,1,0,0,center=H|type=BRIDGE_PASSIVANT_H|region=BRIDGE_PASSIVANT|degree=1|neighbor_elements=B:1|neighbor_types=ALTERNATING_BN_FOUR_ATOM_BRIDGE:1
H4:LOWER:0063:0,H,BRIDGE_PASSIVANT_H,LOWER,BRIDGE_PASSIVANT,1,0,1,0,center=H|type=BRIDGE_PASSIVANT_H|region=BRIDGE_PASSIVANT|degree=1|neighbor_elements=N:1|neighbor_types=ALTERNATING_BN_FOUR_ATOM_BRIDGE:1
H4:LOWER:0064:0,H,BRIDGE_PASSIVANT_H,LOWER,BRIDGE_PASSIVANT,1,1,0,0,center=H|type=BRIDGE_PASSIVANT_H|region=BRIDGE_PASSIVANT|degree=1|neighbor_elements=B:1|neighbor_types=ALTERNATING_BN_FOUR_ATOM_BRIDGE:1
H4:LOWER:0065:0,H,BRIDGE_PASSIVANT_H,LOWER,BRIDGE_PASSIVANT,1,0,1,0,center=H|type=BRIDGE_PASSIVANT_H|region=BRIDGE_PASSIVANT|degree=1|neighbor_elements=N:1|neighbor_types=ALTERNATING_BN_FOUR_ATOM_BRIDGE:1
H4:LOWER:0066:0,H,BRIDGE_PASSIVANT_H,LOWER,BRIDGE_PASSIVANT,1,1,0,0,center=H|type=BRIDGE_PASSIVANT_H|region=BRIDGE_PASSIVANT|degree=1|neighbor_elements=B:1|neighbor_types=ALTERNATING_BN_FOUR_ATOM_BRIDGE:1
H4:LOWER:0067:0,H,BRIDGE_PASSIVANT_H,LOWER,BRIDGE_PASSIVANT,1,0,1,0,center=H|type=BRIDGE_PASSIVANT_H|region=BRIDGE_PASSIVANT|degree=1|neighbor_elements=N:1|neighbor_types=ALTERNATING_BN_FOUR_ATOM_BRIDGE:1
H4:LOWER:0068:0,H,BRIDGE_PASSIVANT_H,LOWER,BRIDGE_PASSIVANT,1,1,0,0,center=H|type=BRIDGE_PASSIVANT_H|region=BRIDGE_PASSIVANT|degree=1|neighbor_elements=B:1|neighbor_types=ALTERNATING_BN_FOUR_ATOM_BRIDGE:1
H4:LOWER:0069:0,H,BRIDGE_PASSIVANT_H,LOWER,BRIDGE_PASSIVANT,1,0,1,0,center=H|type=BRIDGE_PASSIVANT_H|region=BRIDGE_PASSIVANT|degree=1|neighbor_elements=N:1|neighbor_types=ALTERNATING_BN_FOUR_ATOM_BRIDGE:1
H4:LOWER:0070:0,H,BRIDGE_PASSIVANT_H,LOWER,BRIDGE_PASSIVANT,1,1,0,0,center=H|type=BRIDGE_PASSIVANT_H|region=BRIDGE_PASSIVANT|degree=1|neighbor_elements=B:1|neighbor_types=ALTERNATING_BN_FOUR_ATOM_BRIDGE:1
H4:LOWER:0071:0,H,BRIDGE_PASSIVANT_H,LOWER,BRIDGE_PASSIVANT,1,0,1,0,center=H|type=BRIDGE_PASSIVANT_H|region=BRIDGE_PASSIVANT|degree=1|neighbor_elements=N:1|neighbor_types=ALTERNATING_BN_FOUR_ATOM_BRIDGE:1
H4:LOWER:0072:0,H,BRIDGE_PASSIVANT_H,LOWER,BRIDGE_PASSIVANT,1,1,0,0,center=H|type=BRIDGE_PASSIVANT_H|region=BRIDGE_PASSIVANT|degree=1|neighbor_elements=B:1|neighbor_types=ALTERNATING_BN_FOUR_ATOM_BRIDGE:1
H4:LOWER:0073:0,H,BRIDGE_PASSIVANT_H,LOWER,BRIDGE_PASSIVANT,1,0,1,0,center=H|type=BRIDGE_PASSIVANT_H|region=BRIDGE_PASSIVANT|degree=1|neighbor_elements=N:1|neighbor_types=ALTERNATING_BN_FOUR_ATOM_BRIDGE:1
H4:LOWER:0074:0,H,BRIDGE_PASSIVANT_H,LOWER,BRIDGE_PASSIVANT,1,1,0,0,center=H|type=BRIDGE_PASSIVANT_H|region=BRIDGE_PASSIVANT|degree=1|neighbor_elements=B:1|neighbor_types=ALTERNATING_BN_FOUR_ATOM_BRIDGE:1
H4:LOWER:0075:0,H,BRIDGE_PASSIVANT_H,LOWER,BRIDGE_PASSIVANT,1,0,1,0,center=H|type=BRIDGE_PASSIVANT_H|region=BRIDGE_PASSIVANT|degree=1|neighbor_elements=N:1|neighbor_types=ALTERNATING_BN_FOUR_ATOM_BRIDGE:1
H4:LOWER:0076:0,H,BRIDGE_PASSIVANT_H,LOWER,BRIDGE_PASSIVANT,1,1,0,0,center=H|type=BRIDGE_PASSIVANT_H|region=BRIDGE_PASSIVANT|degree=1|neighbor_elements=B:1|neighbor_types=ALTERNATING_BN_FOUR_ATOM_BRIDGE:1
H4:LOWER:0077:0,H,BRIDGE_PASSIVANT_H,LOWER,BRIDGE_PASSIVANT,1,0,1,0,center=H|type=BRIDGE_PASSIVANT_H|region=BRIDGE_PASSIVANT|degree=1|neighbor_elements=N:1|neighbor_types=ALTERNATING_BN_FOUR_ATOM_BRIDGE:1
H4:LOWER:0078:0,H,BRIDGE_PASSIVANT_H,LOWER,BRIDGE_PASSIVANT,1,1,0,0,center=H|type=BRIDGE_PASSIVANT_H|region=BRIDGE_PASSIVANT|degree=1|neighbor_elements=B:1|neighbor_types=ALTERNATING_BN_FOUR_ATOM_BRIDGE:1
H4:LOWER:0079:0,H,BRIDGE_PASSIVANT_H,LOWER,BRIDGE_PASSIVANT,1,0,1,0,center=H|type=BRIDGE_PASSIVANT_H|region=BRIDGE_PASSIVANT|degree=1|neighbor_elements=N:1|neighbor_types=ALTERNATING_BN_FOUR_ATOM_BRIDGE:1
H4:LOWER:0080:0,H,BRIDGE_PASSIVANT_H,LOWER,BRIDGE_PASSIVANT,1,1,0,0,center=H|type=BRIDGE_PASSIVANT_H|region=BRIDGE_PASSIVANT|degree=1|neighbor_elements=B:1|neighbor_types=ALTERNATING_BN_FOUR_ATOM_BRIDGE:1
H4:LOWER:0081:0,H,BRIDGE_PASSIVANT_H,LOWER,BRIDGE_PASSIVANT,1,0,1,0,center=H|type=BRIDGE_PASSIVANT_H|region=BRIDGE_PASSIVANT|degree=1|neighbor_elements=N:1|neighbor_types=ALTERNATING_BN_FOUR_ATOM_BRIDGE:1
H4:LOWER:0082:0,H,BRIDGE_PASSIVANT_H,LOWER,BRIDGE_PASSIVANT,1,1,0,0,center=H|type=BRIDGE_PASSIVANT_H|region=BRIDGE_PASSIVANT|degree=1|neighbor_elements=B:1|neighbor_types=ALTERNATING_BN_FOUR_ATOM_BRIDGE:1
H4:LOWER:0083:0,H,BRIDGE_PASSIVANT_H,LOWER,BRIDGE_PASSIVANT,1,0,1,0,center=H|type=BRIDGE_PASSIVANT_H|region=BRIDGE_PASSIVANT|degree=1|neighbor_elements=N:1|neighbor_types=ALTERNATING_BN_FOUR_ATOM_BRIDGE:1
H4:LOWER:0084:0,H,BRIDGE_PASSIVANT_H,LOWER,BRIDGE_PASSIVANT,1,1,0,0,center=H|type=BRIDGE_PASSIVANT_H|region=BRIDGE_PASSIVANT|degree=1|neighbor_elements=B:1|neighbor_types=ALTERNATING_BN_FOUR_ATOM_BRIDGE:1
H4:LOWER:0085:0,H,BRIDGE_PASSIVANT_H,LOWER,BRIDGE_PASSIVANT,1,0,1,0,center=H|type=BRIDGE_PASSIVANT_H|region=BRIDGE_PASSIVANT|degree=1|neighbor_elements=N:1|neighbor_types=ALTERNATING_BN_FOUR_ATOM_BRIDGE:1
H4:LOWER:0086:0,H,BRIDGE_PASSIVANT_H,LOWER,BRIDGE_PASSIVANT,1,1,0,0,center=H|type=BRIDGE_PASSIVANT_H|region=BRIDGE_PASSIVANT|degree=1|neighbor_elements=B:1|neighbor_types=ALTERNATING_BN_FOUR_ATOM_BRIDGE:1
H4:LOWER:0087:0,H,BRIDGE_PASSIVANT_H,LOWER,BRIDGE_PASSIVANT,1,0,1,0,center=H|type=BRIDGE_PASSIVANT_H|region=BRIDGE_PASSIVANT|degree=1|neighbor_elements=N:1|neighbor_types=ALTERNATING_BN_FOUR_ATOM_BRIDGE:1
H4:LOWER:0088:0,H,BRIDGE_PASSIVANT_H,LOWER,BRIDGE_PASSIVANT,1,1,0,0,center=H|type=BRIDGE_PASSIVANT_H|region=BRIDGE_PASSIVANT|degree=1|neighbor_elements=B:1|neighbor_types=ALTERNATING_BN_FOUR_ATOM_BRIDGE:1
H4:LOWER:0089:0,H,BRIDGE_PASSIVANT_H,LOWER,BRIDGE_PASSIVANT,1,0,1,0,center=H|type=BRIDGE_PASSIVANT_H|region=BRIDGE_PASSIVANT|degree=1|neighbor_elements=N:1|neighbor_types=ALTERNATING_BN_FOUR_ATOM_BRIDGE:1
H4:LOWER:0090:0,H,BRIDGE_PASSIVANT_H,LOWER,BRIDGE_PASSIVANT,1,1,0,0,center=H|type=BRIDGE_PASSIVANT_H|region=BRIDGE_PASSIVANT|degree=1|neighbor_elements=B:1|neighbor_types=ALTERNATING_BN_FOUR_ATOM_BRIDGE:1
H4:LOWER:0091:0,H,BRIDGE_PASSIVANT_H,LOWER,BRIDGE_PASSIVANT,1,0,1,0,center=H|type=BRIDGE_PASSIVANT_H|region=BRIDGE_PASSIVANT|degree=1|neighbor_elements=N:1|neighbor_types=ALTERNATING_BN_FOUR_ATOM_BRIDGE:1
H4:LOWER:0092:0,H,BRIDGE_PASSIVANT_H,LOWER,BRIDGE_PASSIVANT,1,1,0,0,center=H|type=BRIDGE_PASSIVANT_H|region=BRIDGE_PASSIVANT|degree=1|neighbor_elements=B:1|neighbor_types=ALTERNATING_BN_FOUR_ATOM_BRIDGE:1
H4:LOWER:0093:0,H,BRIDGE_PASSIVANT_H,LOWER,BRIDGE_PASSIVANT,1,0,1,0,center=H|type=BRIDGE_PASSIVANT_H|region=BRIDGE_PASSIVANT|degree=1|neighbor_elements=N:1|neighbor_types=ALTERNATING_BN_FOUR_ATOM_BRIDGE:1
H4:LOWER:0094:0,H,BRIDGE_PASSIVANT_H,LOWER,BRIDGE_PASSIVANT,1,1,0,0,center=H|type=BRIDGE_PASSIVANT_H|region=BRIDGE_PASSIVANT|degree=1|neighbor_elements=B:1|neighbor_types=ALTERNATING_BN_FOUR_ATOM_BRIDGE:1
H4:LOWER:0095:0,H,BRIDGE_PASSIVANT_H,LOWER,BRIDGE_PASSIVANT,1,0,1,0,center=H|type=BRIDGE_PASSIVANT_H|region=BRIDGE_PASSIVANT|degree=1|neighbor_elements=N:1|neighbor_types=ALTERNATING_BN_FOUR_ATOM_BRIDGE:1
H4:LOWER:0096:0,H,BRIDGE_PASSIVANT_H,LOWER,BRIDGE_PASSIVANT,1,1,0,0,center=H|type=BRIDGE_PASSIVANT_H|region=BRIDGE_PASSIVANT|degree=1|neighbor_elements=B:1|neighbor_types=ALTERNATING_BN_FOUR_ATOM_BRIDGE:1
H4:LOWER:0097:0,H,BRIDGE_PASSIVANT_H,LOWER,BRIDGE_PASSIVANT,1,0,1,0,center=H|type=BRIDGE_PASSIVANT_H|region=BRIDGE_PASSIVANT|degree=1|neighbor_elements=N:1|neighbor_types=ALTERNATING_BN_FOUR_ATOM_BRIDGE:1
H4:LOWER:0098:0,H,BRIDGE_PASSIVANT_H,LOWER,BRIDGE_PASSIVANT,1,1,0,0,center=H|type=BRIDGE_PASSIVANT_H|region=BRIDGE_PASSIVANT|degree=1|neighbor_elements=B:1|neighbor_types=ALTERNATING_BN_FOUR_ATOM_BRIDGE:1
H4:LOWER:0099:0,H,BRIDGE_PASSIVANT_H,LOWER,BRIDGE_PASSIVANT,1,0,1,0,center=H|type=BRIDGE_PASSIVANT_H|region=BRIDGE_PASSIVANT|degree=1|neighbor_elements=N:1|neighbor_types=ALTERNATING_BN_FOUR_ATOM_BRIDGE:1
H4:LOWER:0100:0,H,BRIDGE_PASSIVANT_H,LOWER,BRIDGE_PASSIVANT,1,1,0,0,center=H|type=BRIDGE_PASSIVANT_H|region=BRIDGE_PASSIVANT|degree=1|neighbor_elements=B:1|neighbor_types=ALTERNATING_BN_FOUR_ATOM_BRIDGE:1
H4:LOWER:0101:0,H,BRIDGE_PASSIVANT_H,LOWER,BRIDGE_PASSIVANT,1,0,1,0,center=H|type=BRIDGE_PASSIVANT_H|region=BRIDGE_PASSIVANT|degree=1|neighbor_elements=N:1|neighbor_types=ALTERNATING_BN_FOUR_ATOM_BRIDGE:1
H4:LOWER:0102:0,H,BRIDGE_PASSIVANT_H,LOWER,BRIDGE_PASSIVANT,1,1,0,0,center=H|type=BRIDGE_PASSIVANT_H|region=BRIDGE_PASSIVANT|degree=1|neighbor_elements=B:1|neighbor_types=ALTERNATING_BN_FOUR_ATOM_BRIDGE:1
H4:LOWER:0103:0,H,BRIDGE_PASSIVANT_H,LOWER,BRIDGE_PASSIVANT,1,0,1,0,center=H|type=BRIDGE_PASSIVANT_H|region=BRIDGE_PASSIVANT|degree=1|neighbor_elements=N:1|neighbor_types=ALTERNATING_BN_FOUR_ATOM_BRIDGE:1
H4:LOWER:0104:0,H,BRIDGE_PASSIVANT_H,LOWER,BRIDGE_PASSIVANT,1,1,0,0,center=H|type=BRIDGE_PASSIVANT_H|region=BRIDGE_PASSIVANT|degree=1|neighbor_elements=B:1|neighbor_types=ALTERNATING_BN_FOUR_ATOM_BRIDGE:1
H4:LOWER:0105:0,H,BRIDGE_PASSIVANT_H,LOWER,BRIDGE_PASSIVANT,1,0,1,0,center=H|type=BRIDGE_PASSIVANT_H|region=BRIDGE_PASSIVANT|degree=1|neighbor_elements=N:1|neighbor_types=ALTERNATING_BN_FOUR_ATOM_BRIDGE:1
H4:LOWER:0106:0,H,BRIDGE_PASSIVANT_H,LOWER,BRIDGE_PASSIVANT,1,1,0,0,center=H|type=BRIDGE_PASSIVANT_H|region=BRIDGE_PASSIVANT|degree=1|neighbor_elements=B:1|neighbor_types=ALTERNATING_BN_FOUR_ATOM_BRIDGE:1
H4:LOWER:0107:0,H,BRIDGE_PASSIVANT_H,LOWER,BRIDGE_PASSIVANT,1,0,1,0,center=H|type=BRIDGE_PASSIVANT_H|region=BRIDGE_PASSIVANT|degree=1|neighbor_elements=N:1|neighbor_types=ALTERNATING_BN_FOUR_ATOM_BRIDGE:1
H4:LOWER:0108:0,H,BRIDGE_PASSIVANT_H,LOWER,BRIDGE_PASSIVANT,1,1,0,0,center=H|type=BRIDGE_PASSIVANT_H|region=BRIDGE_PASSIVANT|degree=1|neighbor_elements=B:1|neighbor_types=ALTERNATING_BN_FOUR_ATOM_BRIDGE:1
H4:LOWER:0109:0,H,BRIDGE_PASSIVANT_H,LOWER,BRIDGE_PASSIVANT,1,0,1,0,center=H|type=BRIDGE_PASSIVANT_H|region=BRIDGE_PASSIVANT|degree=1|neighbor_elements=N:1|neighbor_types=ALTERNATING_BN_FOUR_ATOM_BRIDGE:1
H4:LOWER:0110:0,H,BRIDGE_PASSIVANT_H,LOWER,BRIDGE_PASSIVANT,1,1,0,0,center=H|type=BRIDGE_PASSIVANT_H|region=BRIDGE_PASSIVANT|degree=1|neighbor_elements=B:1|neighbor_types=ALTERNATING_BN_FOUR_ATOM_BRIDGE:1
H4:LOWER:0111:0,H,BRIDGE_PASSIVANT_H,LOWER,BRIDGE_PASSIVANT,1,0,1,0,center=H|type=BRIDGE_PASSIVANT_H|region=BRIDGE_PASSIVANT|degree=1|neighbor_elements=N:1|neighbor_types=ALTERNATING_BN_FOUR_ATOM_BRIDGE:1
H4:LOWER:0112:0,H,BRIDGE_PASSIVANT_H,LOWER,BRIDGE_PASSIVANT,1,1,0,0,center=H|type=BRIDGE_PASSIVANT_H|region=BRIDGE_PASSIVANT|degree=1|neighbor_elements=B:1|neighbor_types=ALTERNATING_BN_FOUR_ATOM_BRIDGE:1
H4:LOWER:0113:0,H,BRIDGE_PASSIVANT_H,LOWER,BRIDGE_PASSIVANT,1,0,1,0,center=H|type=BRIDGE_PASSIVANT_H|region=BRIDGE_PASSIVANT|degree=1|neighbor_elements=N:1|neighbor_types=ALTERNATING_BN_FOUR_ATOM_BRIDGE:1
H4:LOWER:0174:0,H,SEED_PASSIVANT_H,LOWER,EDGE_PASSIVANT,1,0,1,0,center=H|type=SEED_PASSIVANT_H|region=EDGE_PASSIVANT|degree=1|neighbor_elements=N:1|neighbor_types=HEXAGONAL_EDGE_COMPLETION_SEED:1
H4:LOWER:0175:0,H,SEED_PASSIVANT_H,LOWER,EDGE_PASSIVANT,1,0,1,0,center=H|type=SEED_PASSIVANT_H|region=EDGE_PASSIVANT|degree=1|neighbor_elements=N:1|neighbor_types=HEXAGONAL_EDGE_COMPLETION_SEED:1
H4:LOWER:0176:0,H,SEED_PASSIVANT_H,LOWER,EDGE_PASSIVANT,1,0,1,0,center=H|type=SEED_PASSIVANT_H|region=EDGE_PASSIVANT|degree=1|neighbor_elements=N:1|neighbor_types=HEXAGONAL_EDGE_COMPLETION_SEED:1
H4:LOWER:0177:0,H,SEED_PASSIVANT_H,LOWER,EDGE_PASSIVANT,1,0,1,0,center=H|type=SEED_PASSIVANT_H|region=EDGE_PASSIVANT|degree=1|neighbor_elements=N:1|neighbor_types=HEXAGONAL_EDGE_COMPLETION_SEED:1
H4:LOWER:0178:0,H,SEED_PASSIVANT_H,LOWER,EDGE_PASSIVANT,1,0,1,0,center=H|type=SEED_PASSIVANT_H|region=EDGE_PASSIVANT|degree=1|neighbor_elements=N:1|neighbor_types=HEXAGONAL_EDGE_COMPLETION_SEED:1
H4:LOWER:0179:0,H,SEED_PASSIVANT_H,LOWER,EDGE_PASSIVANT,1,0,1,0,center=H|type=SEED_PASSIVANT_H|region=EDGE_PASSIVANT|degree=1|neighbor_elements=N:1|neighbor_types=HEXAGONAL_EDGE_COMPLETION_SEED:1
H4:LOWER:0180:0,H,SEED_PASSIVANT_H,LOWER,EDGE_PASSIVANT,1,0,1,0,center=H|type=SEED_PASSIVANT_H|region=EDGE_PASSIVANT|degree=1|neighbor_elements=N:1|neighbor_types=HEXAGONAL_EDGE_COMPLETION_SEED:1
H4:LOWER:0181:0,H,SEED_PASSIVANT_H,LOWER,EDGE_PASSIVANT,1,0,1,0,center=H|type=SEED_PASSIVANT_H|region=EDGE_PASSIVANT|degree=1|neighbor_elements=N:1|neighbor_types=HEXAGONAL_EDGE_COMPLETION_SEED:1
H4:LOWER:0182:0,H,SEED_PASSIVANT_H,LOWER,EDGE_PASSIVANT,1,0,1,0,center=H|type=SEED_PASSIVANT_H|region=EDGE_PASSIVANT|degree=1|neighbor_elements=N:1|neighbor_types=HEXAGONAL_EDGE_COMPLETION_SEED:1
H4:LOWER:0183:0,H,SEED_PASSIVANT_H,LOWER,EDGE_PASSIVANT,1,0,1,0,center=H|type=SEED_PASSIVANT_H|region=EDGE_PASSIVANT|degree=1|neighbor_elements=N:1|neighbor_types=HEXAGONAL_EDGE_COMPLETION_SEED:1
H4:LOWER:0184:0,H,SEED_PASSIVANT_H,LOWER,EDGE_PASSIVANT,1,0,1,0,center=H|type=SEED_PASSIVANT_H|region=EDGE_PASSIVANT|degree=1|neighbor_elements=N:1|neighbor_types=HEXAGONAL_EDGE_COMPLETION_SEED:1
H4:LOWER:0185:0,H,SEED_PASSIVANT_H,LOWER,EDGE_PASSIVANT,1,0,1,0,center=H|type=SEED_PASSIVANT_H|region=EDGE_PASSIVANT|degree=1|neighbor_elements=N:1|neighbor_types=HEXAGONAL_EDGE_COMPLETION_SEED:1
H4:LOWER:0186:0,H,SEED_PASSIVANT_H,LOWER,EDGE_PASSIVANT,1,0,1,0,center=H|type=SEED_PASSIVANT_H|region=EDGE_PASSIVANT|degree=1|neighbor_elements=N:1|neighbor_types=HEXAGONAL_EDGE_COMPLETION_SEED:1
H4:LOWER:0187:0,H,SEED_PASSIVANT_H,LOWER,EDGE_PASSIVANT,1,0,1,0,center=H|type=SEED_PASSIVANT_H|region=EDGE_PASSIVANT|degree=1|neighbor_elements=N:1|neighbor_types=HEXAGONAL_EDGE_COMPLETION_SEED:1
H4:LOWER:0188:0,H,SEED_PASSIVANT_H,LOWER,EDGE_PASSIVANT,1,0,1,0,center=H|type=SEED_PASSIVANT_H|region=EDGE_PASSIVANT|degree=1|neighbor_elements=N:1|neighbor_types=HEXAGONAL_EDGE_COMPLETION_SEED:1
H4:UPPER:0027:0,H,ANNULUS_OUTER_PASSIVANT_H,UPPER,EDGE_PASSIVANT,1,1,0,0,center=H|type=ANNULUS_OUTER_PASSIVANT_H|region=EDGE_PASSIVANT|degree=1|neighbor_elements=B:1|neighbor_types=ANNULUS_OUTER_BOUNDARY:1
H4:UPPER:0028:0,H,ANNULUS_OUTER_PASSIVANT_H,UPPER,EDGE_PASSIVANT,1,1,0,0,center=H|type=ANNULUS_OUTER_PASSIVANT_H|region=EDGE_PASSIVANT|degree=1|neighbor_elements=B:1|neighbor_types=ANNULUS_OUTER_BOUNDARY:1
H4:UPPER:0029:0,H,ANNULUS_OUTER_PASSIVANT_H,UPPER,EDGE_PASSIVANT,1,1,0,0,center=H|type=ANNULUS_OUTER_PASSIVANT_H|region=EDGE_PASSIVANT|degree=1|neighbor_elements=B:1|neighbor_types=ANNULUS_OUTER_BOUNDARY:1
H4:UPPER:0030:0,H,ANNULUS_OUTER_PASSIVANT_H,UPPER,EDGE_PASSIVANT,1,1,0,0,center=H|type=ANNULUS_OUTER_PASSIVANT_H|region=EDGE_PASSIVANT|degree=1|neighbor_elements=B:1|neighbor_types=ANNULUS_OUTER_BOUNDARY:1
H4:UPPER:0031:0,H,ANNULUS_OUTER_PASSIVANT_H,UPPER,EDGE_PASSIVANT,1,1,0,0,center=H|type=ANNULUS_OUTER_PASSIVANT_H|region=EDGE_PASSIVANT|degree=1|neighbor_elements=B:1|neighbor_types=ANNULUS_OUTER_BOUNDARY:1
H4:UPPER:0032:0,H,ANNULUS_OUTER_PASSIVANT_H,UPPER,EDGE_PASSIVANT,1,1,0,0,center=H|type=ANNULUS_OUTER_PASSIVANT_H|region=EDGE_PASSIVANT|degree=1|neighbor_elements=B:1|neighbor_types=ANNULUS_OUTER_BOUNDARY:1
H4:UPPER:0033:0,H,ANNULUS_INNER_PASSIVANT_H,UPPER,EDGE_PASSIVANT,1,0,1,0,center=H|type=ANNULUS_INNER_PASSIVANT_H|region=EDGE_PASSIVANT|degree=1|neighbor_elements=N:1|neighbor_types=ANNULUS_INNER_BOUNDARY:1
H4:UPPER:0034:0,H,ANNULUS_INNER_PASSIVANT_H,UPPER,EDGE_PASSIVANT,1,0,1,0,center=H|type=ANNULUS_INNER_PASSIVANT_H|region=EDGE_PASSIVANT|degree=1|neighbor_elements=N:1|neighbor_types=ANNULUS_INNER_BOUNDARY:1
H4:UPPER:0035:0,H,ANNULUS_OUTER_PASSIVANT_H,UPPER,EDGE_PASSIVANT,1,1,0,0,center=H|type=ANNULUS_OUTER_PASSIVANT_H|region=EDGE_PASSIVANT|degree=1|neighbor_elements=B:1|neighbor_types=ANNULUS_OUTER_BOUNDARY:1
H4:UPPER:0036:0,H,ANNULUS_OUTER_PASSIVANT_H,UPPER,EDGE_PASSIVANT,1,1,0,0,center=H|type=ANNULUS_OUTER_PASSIVANT_H|region=EDGE_PASSIVANT|degree=1|neighbor_elements=B:1|neighbor_types=ANNULUS_OUTER_BOUNDARY:1
H4:UPPER:0037:0,H,ANNULUS_INNER_PASSIVANT_H,UPPER,EDGE_PASSIVANT,1,0,1,0,center=H|type=ANNULUS_INNER_PASSIVANT_H|region=EDGE_PASSIVANT|degree=1|neighbor_elements=N:1|neighbor_types=ANNULUS_INNER_BOUNDARY:1
H4:UPPER:0038:0,H,ANNULUS_INNER_PASSIVANT_H,UPPER,EDGE_PASSIVANT,1,0,1,0,center=H|type=ANNULUS_INNER_PASSIVANT_H|region=EDGE_PASSIVANT|degree=1|neighbor_elements=N:1|neighbor_types=ANNULUS_INNER_BOUNDARY:1
H4:UPPER:0039:0,H,ANNULUS_INNER_PASSIVANT_H,UPPER,EDGE_PASSIVANT,1,1,0,0,center=H|type=ANNULUS_INNER_PASSIVANT_H|region=EDGE_PASSIVANT|degree=1|neighbor_elements=B:1|neighbor_types=ANNULUS_INNER_BOUNDARY:1
H4:UPPER:0040:0,H,ANNULUS_OUTER_PASSIVANT_H,UPPER,EDGE_PASSIVANT,1,1,0,0,center=H|type=ANNULUS_OUTER_PASSIVANT_H|region=EDGE_PASSIVANT|degree=1|neighbor_elements=B:1|neighbor_types=ANNULUS_OUTER_BOUNDARY:1
H4:UPPER:0041:0,H,ANNULUS_INNER_PASSIVANT_H,UPPER,EDGE_PASSIVANT,1,1,0,0,center=H|type=ANNULUS_INNER_PASSIVANT_H|region=EDGE_PASSIVANT|degree=1|neighbor_elements=B:1|neighbor_types=ANNULUS_INNER_BOUNDARY:1
H4:UPPER:0042:0,H,ANNULUS_OUTER_PASSIVANT_H,UPPER,EDGE_PASSIVANT,1,1,0,0,center=H|type=ANNULUS_OUTER_PASSIVANT_H|region=EDGE_PASSIVANT|degree=1|neighbor_elements=B:1|neighbor_types=ANNULUS_OUTER_BOUNDARY:1
H4:UPPER:0043:0,H,ANNULUS_OUTER_PASSIVANT_H,UPPER,EDGE_PASSIVANT,1,1,0,0,center=H|type=ANNULUS_OUTER_PASSIVANT_H|region=EDGE_PASSIVANT|degree=1|neighbor_elements=B:1|neighbor_types=ANNULUS_OUTER_BOUNDARY:1
H4:UPPER:0044:0,H,ANNULUS_OUTER_PASSIVANT_H,UPPER,EDGE_PASSIVANT,1,1,0,0,center=H|type=ANNULUS_OUTER_PASSIVANT_H|region=EDGE_PASSIVANT|degree=1|neighbor_elements=B:1|neighbor_types=ANNULUS_OUTER_BOUNDARY:1
H4:UPPER:0045:0,H,ANNULUS_OUTER_PASSIVANT_H,UPPER,EDGE_PASSIVANT,1,1,0,0,center=H|type=ANNULUS_OUTER_PASSIVANT_H|region=EDGE_PASSIVANT|degree=1|neighbor_elements=B:1|neighbor_types=ANNULUS_OUTER_BOUNDARY:1
H4:UPPER:0046:0,H,ANNULUS_OUTER_PASSIVANT_H,UPPER,EDGE_PASSIVANT,1,1,0,0,center=H|type=ANNULUS_OUTER_PASSIVANT_H|region=EDGE_PASSIVANT|degree=1|neighbor_elements=B:1|neighbor_types=ANNULUS_OUTER_BOUNDARY:1
H4:UPPER:0047:0,H,ANNULUS_OUTER_PASSIVANT_H,UPPER,EDGE_PASSIVANT,1,1,0,0,center=H|type=ANNULUS_OUTER_PASSIVANT_H|region=EDGE_PASSIVANT|degree=1|neighbor_elements=B:1|neighbor_types=ANNULUS_OUTER_BOUNDARY:1
H4:UPPER:0048:0,H,ANNULUS_INNER_PASSIVANT_H,UPPER,EDGE_PASSIVANT,1,1,0,0,center=H|type=ANNULUS_INNER_PASSIVANT_H|region=EDGE_PASSIVANT|degree=1|neighbor_elements=B:1|neighbor_types=ANNULUS_INNER_BOUNDARY:1
H4:UPPER:0049:0,H,ANNULUS_INNER_PASSIVANT_H,UPPER,EDGE_PASSIVANT,1,1,0,0,center=H|type=ANNULUS_INNER_PASSIVANT_H|region=EDGE_PASSIVANT|degree=1|neighbor_elements=B:1|neighbor_types=ANNULUS_INNER_BOUNDARY:1
H4:UPPER:0050:0,H,ANNULUS_INNER_PASSIVANT_H,UPPER,EDGE_PASSIVANT,1,1,0,0,center=H|type=ANNULUS_INNER_PASSIVANT_H|region=EDGE_PASSIVANT|degree=1|neighbor_elements=B:1|neighbor_types=ANNULUS_INNER_BOUNDARY:1
H4:UPPER:0051:0,H,ANNULUS_INNER_PASSIVANT_H,UPPER,EDGE_PASSIVANT,1,1,0,0,center=H|type=ANNULUS_INNER_PASSIVANT_H|region=EDGE_PASSIVANT|degree=1|neighbor_elements=B:1|neighbor_types=ANNULUS_INNER_BOUNDARY:1
H4:UPPER:0052:0,H,ANNULUS_INNER_PASSIVANT_H,UPPER,EDGE_PASSIVANT,1,0,1,0,center=H|type=ANNULUS_INNER_PASSIVANT_H|region=EDGE_PASSIVANT|degree=1|neighbor_elements=N:1|neighbor_types=ANNULUS_INNER_BOUNDARY:1
H4:UPPER:0053:0,H,ANNULUS_INNER_PASSIVANT_H,UPPER,EDGE_PASSIVANT,1,0,1,0,center=H|type=ANNULUS_INNER_PASSIVANT_H|region=EDGE_PASSIVANT|degree=1|neighbor_elements=N:1|neighbor_types=ANNULUS_INNER_BOUNDARY:1
H4:UPPER:0114:0,H,BRIDGE_PASSIVANT_H,UPPER,BRIDGE_PASSIVANT,1,0,1,0,center=H|type=BRIDGE_PASSIVANT_H|region=BRIDGE_PASSIVANT|degree=1|neighbor_elements=N:1|neighbor_types=ALTERNATING_BN_FOUR_ATOM_BRIDGE:1
H4:UPPER:0115:0,H,BRIDGE_PASSIVANT_H,UPPER,BRIDGE_PASSIVANT,1,1,0,0,center=H|type=BRIDGE_PASSIVANT_H|region=BRIDGE_PASSIVANT|degree=1|neighbor_elements=B:1|neighbor_types=ALTERNATING_BN_FOUR_ATOM_BRIDGE:1
H4:UPPER:0116:0,H,BRIDGE_PASSIVANT_H,UPPER,BRIDGE_PASSIVANT,1,0,1,0,center=H|type=BRIDGE_PASSIVANT_H|region=BRIDGE_PASSIVANT|degree=1|neighbor_elements=N:1|neighbor_types=ALTERNATING_BN_FOUR_ATOM_BRIDGE:1
H4:UPPER:0117:0,H,BRIDGE_PASSIVANT_H,UPPER,BRIDGE_PASSIVANT,1,1,0,0,center=H|type=BRIDGE_PASSIVANT_H|region=BRIDGE_PASSIVANT|degree=1|neighbor_elements=B:1|neighbor_types=ALTERNATING_BN_FOUR_ATOM_BRIDGE:1
H4:UPPER:0118:0,H,BRIDGE_PASSIVANT_H,UPPER,BRIDGE_PASSIVANT,1,0,1,0,center=H|type=BRIDGE_PASSIVANT_H|region=BRIDGE_PASSIVANT|degree=1|neighbor_elements=N:1|neighbor_types=ALTERNATING_BN_FOUR_ATOM_BRIDGE:1
H4:UPPER:0119:0,H,BRIDGE_PASSIVANT_H,UPPER,BRIDGE_PASSIVANT,1,1,0,0,center=H|type=BRIDGE_PASSIVANT_H|region=BRIDGE_PASSIVANT|degree=1|neighbor_elements=B:1|neighbor_types=ALTERNATING_BN_FOUR_ATOM_BRIDGE:1
H4:UPPER:0120:0,H,BRIDGE_PASSIVANT_H,UPPER,BRIDGE_PASSIVANT,1,0,1,0,center=H|type=BRIDGE_PASSIVANT_H|region=BRIDGE_PASSIVANT|degree=1|neighbor_elements=N:1|neighbor_types=ALTERNATING_BN_FOUR_ATOM_BRIDGE:1
H4:UPPER:0121:0,H,BRIDGE_PASSIVANT_H,UPPER,BRIDGE_PASSIVANT,1,1,0,0,center=H|type=BRIDGE_PASSIVANT_H|region=BRIDGE_PASSIVANT|degree=1|neighbor_elements=B:1|neighbor_types=ALTERNATING_BN_FOUR_ATOM_BRIDGE:1
H4:UPPER:0122:0,H,BRIDGE_PASSIVANT_H,UPPER,BRIDGE_PASSIVANT,1,0,1,0,center=H|type=BRIDGE_PASSIVANT_H|region=BRIDGE_PASSIVANT|degree=1|neighbor_elements=N:1|neighbor_types=ALTERNATING_BN_FOUR_ATOM_BRIDGE:1
H4:UPPER:0123:0,H,BRIDGE_PASSIVANT_H,UPPER,BRIDGE_PASSIVANT,1,1,0,0,center=H|type=BRIDGE_PASSIVANT_H|region=BRIDGE_PASSIVANT|degree=1|neighbor_elements=B:1|neighbor_types=ALTERNATING_BN_FOUR_ATOM_BRIDGE:1
H4:UPPER:0124:0,H,BRIDGE_PASSIVANT_H,UPPER,BRIDGE_PASSIVANT,1,0,1,0,center=H|type=BRIDGE_PASSIVANT_H|region=BRIDGE_PASSIVANT|degree=1|neighbor_elements=N:1|neighbor_types=ALTERNATING_BN_FOUR_ATOM_BRIDGE:1
H4:UPPER:0125:0,H,BRIDGE_PASSIVANT_H,UPPER,BRIDGE_PASSIVANT,1,1,0,0,center=H|type=BRIDGE_PASSIVANT_H|region=BRIDGE_PASSIVANT|degree=1|neighbor_elements=B:1|neighbor_types=ALTERNATING_BN_FOUR_ATOM_BRIDGE:1
H4:UPPER:0126:0,H,BRIDGE_PASSIVANT_H,UPPER,BRIDGE_PASSIVANT,1,0,1,0,center=H|type=BRIDGE_PASSIVANT_H|region=BRIDGE_PASSIVANT|degree=1|neighbor_elements=N:1|neighbor_types=ALTERNATING_BN_FOUR_ATOM_BRIDGE:1
H4:UPPER:0127:0,H,BRIDGE_PASSIVANT_H,UPPER,BRIDGE_PASSIVANT,1,1,0,0,center=H|type=BRIDGE_PASSIVANT_H|region=BRIDGE_PASSIVANT|degree=1|neighbor_elements=B:1|neighbor_types=ALTERNATING_BN_FOUR_ATOM_BRIDGE:1
H4:UPPER:0128:0,H,BRIDGE_PASSIVANT_H,UPPER,BRIDGE_PASSIVANT,1,0,1,0,center=H|type=BRIDGE_PASSIVANT_H|region=BRIDGE_PASSIVANT|degree=1|neighbor_elements=N:1|neighbor_types=ALTERNATING_BN_FOUR_ATOM_BRIDGE:1
H4:UPPER:0129:0,H,BRIDGE_PASSIVANT_H,UPPER,BRIDGE_PASSIVANT,1,1,0,0,center=H|type=BRIDGE_PASSIVANT_H|region=BRIDGE_PASSIVANT|degree=1|neighbor_elements=B:1|neighbor_types=ALTERNATING_BN_FOUR_ATOM_BRIDGE:1
H4:UPPER:0130:0,H,BRIDGE_PASSIVANT_H,UPPER,BRIDGE_PASSIVANT,1,0,1,0,center=H|type=BRIDGE_PASSIVANT_H|region=BRIDGE_PASSIVANT|degree=1|neighbor_elements=N:1|neighbor_types=ALTERNATING_BN_FOUR_ATOM_BRIDGE:1
H4:UPPER:0131:0,H,BRIDGE_PASSIVANT_H,UPPER,BRIDGE_PASSIVANT,1,1,0,0,center=H|type=BRIDGE_PASSIVANT_H|region=BRIDGE_PASSIVANT|degree=1|neighbor_elements=B:1|neighbor_types=ALTERNATING_BN_FOUR_ATOM_BRIDGE:1
H4:UPPER:0132:0,H,BRIDGE_PASSIVANT_H,UPPER,BRIDGE_PASSIVANT,1,0,1,0,center=H|type=BRIDGE_PASSIVANT_H|region=BRIDGE_PASSIVANT|degree=1|neighbor_elements=N:1|neighbor_types=ALTERNATING_BN_FOUR_ATOM_BRIDGE:1
H4:UPPER:0133:0,H,BRIDGE_PASSIVANT_H,UPPER,BRIDGE_PASSIVANT,1,1,0,0,center=H|type=BRIDGE_PASSIVANT_H|region=BRIDGE_PASSIVANT|degree=1|neighbor_elements=B:1|neighbor_types=ALTERNATING_BN_FOUR_ATOM_BRIDGE:1
H4:UPPER:0134:0,H,BRIDGE_PASSIVANT_H,UPPER,BRIDGE_PASSIVANT,1,0,1,0,center=H|type=BRIDGE_PASSIVANT_H|region=BRIDGE_PASSIVANT|degree=1|neighbor_elements=N:1|neighbor_types=ALTERNATING_BN_FOUR_ATOM_BRIDGE:1
H4:UPPER:0135:0,H,BRIDGE_PASSIVANT_H,UPPER,BRIDGE_PASSIVANT,1,1,0,0,center=H|type=BRIDGE_PASSIVANT_H|region=BRIDGE_PASSIVANT|degree=1|neighbor_elements=B:1|neighbor_types=ALTERNATING_BN_FOUR_ATOM_BRIDGE:1
H4:UPPER:0136:0,H,BRIDGE_PASSIVANT_H,UPPER,BRIDGE_PASSIVANT,1,0,1,0,center=H|type=BRIDGE_PASSIVANT_H|region=BRIDGE_PASSIVANT|degree=1|neighbor_elements=N:1|neighbor_types=ALTERNATING_BN_FOUR_ATOM_BRIDGE:1
H4:UPPER:0137:0,H,BRIDGE_PASSIVANT_H,UPPER,BRIDGE_PASSIVANT,1,1,0,0,center=H|type=BRIDGE_PASSIVANT_H|region=BRIDGE_PASSIVANT|degree=1|neighbor_elements=B:1|neighbor_types=ALTERNATING_BN_FOUR_ATOM_BRIDGE:1
H4:UPPER:0138:0,H,BRIDGE_PASSIVANT_H,UPPER,BRIDGE_PASSIVANT,1,0,1,0,center=H|type=BRIDGE_PASSIVANT_H|region=BRIDGE_PASSIVANT|degree=1|neighbor_elements=N:1|neighbor_types=ALTERNATING_BN_FOUR_ATOM_BRIDGE:1
H4:UPPER:0139:0,H,BRIDGE_PASSIVANT_H,UPPER,BRIDGE_PASSIVANT,1,1,0,0,center=H|type=BRIDGE_PASSIVANT_H|region=BRIDGE_PASSIVANT|degree=1|neighbor_elements=B:1|neighbor_types=ALTERNATING_BN_FOUR_ATOM_BRIDGE:1
H4:UPPER:0140:0,H,BRIDGE_PASSIVANT_H,UPPER,BRIDGE_PASSIVANT,1,0,1,0,center=H|type=BRIDGE_PASSIVANT_H|region=BRIDGE_PASSIVANT|degree=1|neighbor_elements=N:1|neighbor_types=ALTERNATING_BN_FOUR_ATOM_BRIDGE:1
H4:UPPER:0141:0,H,BRIDGE_PASSIVANT_H,UPPER,BRIDGE_PASSIVANT,1,1,0,0,center=H|type=BRIDGE_PASSIVANT_H|region=BRIDGE_PASSIVANT|degree=1|neighbor_elements=B:1|neighbor_types=ALTERNATING_BN_FOUR_ATOM_BRIDGE:1
H4:UPPER:0142:0,H,BRIDGE_PASSIVANT_H,UPPER,BRIDGE_PASSIVANT,1,0,1,0,center=H|type=BRIDGE_PASSIVANT_H|region=BRIDGE_PASSIVANT|degree=1|neighbor_elements=N:1|neighbor_types=ALTERNATING_BN_FOUR_ATOM_BRIDGE:1
H4:UPPER:0143:0,H,BRIDGE_PASSIVANT_H,UPPER,BRIDGE_PASSIVANT,1,1,0,0,center=H|type=BRIDGE_PASSIVANT_H|region=BRIDGE_PASSIVANT|degree=1|neighbor_elements=B:1|neighbor_types=ALTERNATING_BN_FOUR_ATOM_BRIDGE:1
H4:UPPER:0144:0,H,BRIDGE_PASSIVANT_H,UPPER,BRIDGE_PASSIVANT,1,0,1,0,center=H|type=BRIDGE_PASSIVANT_H|region=BRIDGE_PASSIVANT|degree=1|neighbor_elements=N:1|neighbor_types=ALTERNATING_BN_FOUR_ATOM_BRIDGE:1
H4:UPPER:0145:0,H,BRIDGE_PASSIVANT_H,UPPER,BRIDGE_PASSIVANT,1,1,0,0,center=H|type=BRIDGE_PASSIVANT_H|region=BRIDGE_PASSIVANT|degree=1|neighbor_elements=B:1|neighbor_types=ALTERNATING_BN_FOUR_ATOM_BRIDGE:1
H4:UPPER:0146:0,H,BRIDGE_PASSIVANT_H,UPPER,BRIDGE_PASSIVANT,1,0,1,0,center=H|type=BRIDGE_PASSIVANT_H|region=BRIDGE_PASSIVANT|degree=1|neighbor_elements=N:1|neighbor_types=ALTERNATING_BN_FOUR_ATOM_BRIDGE:1
H4:UPPER:0147:0,H,BRIDGE_PASSIVANT_H,UPPER,BRIDGE_PASSIVANT,1,1,0,0,center=H|type=BRIDGE_PASSIVANT_H|region=BRIDGE_PASSIVANT|degree=1|neighbor_elements=B:1|neighbor_types=ALTERNATING_BN_FOUR_ATOM_BRIDGE:1
H4:UPPER:0148:0,H,BRIDGE_PASSIVANT_H,UPPER,BRIDGE_PASSIVANT,1,0,1,0,center=H|type=BRIDGE_PASSIVANT_H|region=BRIDGE_PASSIVANT|degree=1|neighbor_elements=N:1|neighbor_types=ALTERNATING_BN_FOUR_ATOM_BRIDGE:1
H4:UPPER:0149:0,H,BRIDGE_PASSIVANT_H,UPPER,BRIDGE_PASSIVANT,1,1,0,0,center=H|type=BRIDGE_PASSIVANT_H|region=BRIDGE_PASSIVANT|degree=1|neighbor_elements=B:1|neighbor_types=ALTERNATING_BN_FOUR_ATOM_BRIDGE:1
H4:UPPER:0150:0,H,BRIDGE_PASSIVANT_H,UPPER,BRIDGE_PASSIVANT,1,0,1,0,center=H|type=BRIDGE_PASSIVANT_H|region=BRIDGE_PASSIVANT|degree=1|neighbor_elements=N:1|neighbor_types=ALTERNATING_BN_FOUR_ATOM_BRIDGE:1
H4:UPPER:0151:0,H,BRIDGE_PASSIVANT_H,UPPER,BRIDGE_PASSIVANT,1,1,0,0,center=H|type=BRIDGE_PASSIVANT_H|region=BRIDGE_PASSIVANT|degree=1|neighbor_elements=B:1|neighbor_types=ALTERNATING_BN_FOUR_ATOM_BRIDGE:1
H4:UPPER:0152:0,H,BRIDGE_PASSIVANT_H,UPPER,BRIDGE_PASSIVANT,1,0,1,0,center=H|type=BRIDGE_PASSIVANT_H|region=BRIDGE_PASSIVANT|degree=1|neighbor_elements=N:1|neighbor_types=ALTERNATING_BN_FOUR_ATOM_BRIDGE:1
H4:UPPER:0153:0,H,BRIDGE_PASSIVANT_H,UPPER,BRIDGE_PASSIVANT,1,1,0,0,center=H|type=BRIDGE_PASSIVANT_H|region=BRIDGE_PASSIVANT|degree=1|neighbor_elements=B:1|neighbor_types=ALTERNATING_BN_FOUR_ATOM_BRIDGE:1
H4:UPPER:0154:0,H,BRIDGE_PASSIVANT_H,UPPER,BRIDGE_PASSIVANT,1,0,1,0,center=H|type=BRIDGE_PASSIVANT_H|region=BRIDGE_PASSIVANT|degree=1|neighbor_elements=N:1|neighbor_types=ALTERNATING_BN_FOUR_ATOM_BRIDGE:1
H4:UPPER:0155:0,H,BRIDGE_PASSIVANT_H,UPPER,BRIDGE_PASSIVANT,1,1,0,0,center=H|type=BRIDGE_PASSIVANT_H|region=BRIDGE_PASSIVANT|degree=1|neighbor_elements=B:1|neighbor_types=ALTERNATING_BN_FOUR_ATOM_BRIDGE:1
H4:UPPER:0156:0,H,BRIDGE_PASSIVANT_H,UPPER,BRIDGE_PASSIVANT,1,0,1,0,center=H|type=BRIDGE_PASSIVANT_H|region=BRIDGE_PASSIVANT|degree=1|neighbor_elements=N:1|neighbor_types=ALTERNATING_BN_FOUR_ATOM_BRIDGE:1
H4:UPPER:0157:0,H,BRIDGE_PASSIVANT_H,UPPER,BRIDGE_PASSIVANT,1,1,0,0,center=H|type=BRIDGE_PASSIVANT_H|region=BRIDGE_PASSIVANT|degree=1|neighbor_elements=B:1|neighbor_types=ALTERNATING_BN_FOUR_ATOM_BRIDGE:1
H4:UPPER:0158:0,H,BRIDGE_PASSIVANT_H,UPPER,BRIDGE_PASSIVANT,1,0,1,0,center=H|type=BRIDGE_PASSIVANT_H|region=BRIDGE_PASSIVANT|degree=1|neighbor_elements=N:1|neighbor_types=ALTERNATING_BN_FOUR_ATOM_BRIDGE:1
H4:UPPER:0159:0,H,BRIDGE_PASSIVANT_H,UPPER,BRIDGE_PASSIVANT,1,1,0,0,center=H|type=BRIDGE_PASSIVANT_H|region=BRIDGE_PASSIVANT|degree=1|neighbor_elements=B:1|neighbor_types=ALTERNATING_BN_FOUR_ATOM_BRIDGE:1
H4:UPPER:0160:0,H,BRIDGE_PASSIVANT_H,UPPER,BRIDGE_PASSIVANT,1,0,1,0,center=H|type=BRIDGE_PASSIVANT_H|region=BRIDGE_PASSIVANT|degree=1|neighbor_elements=N:1|neighbor_types=ALTERNATING_BN_FOUR_ATOM_BRIDGE:1
H4:UPPER:0161:0,H,BRIDGE_PASSIVANT_H,UPPER,BRIDGE_PASSIVANT,1,1,0,0,center=H|type=BRIDGE_PASSIVANT_H|region=BRIDGE_PASSIVANT|degree=1|neighbor_elements=B:1|neighbor_types=ALTERNATING_BN_FOUR_ATOM_BRIDGE:1
H4:UPPER:0162:0,H,BRIDGE_PASSIVANT_H,UPPER,BRIDGE_PASSIVANT,1,0,1,0,center=H|type=BRIDGE_PASSIVANT_H|region=BRIDGE_PASSIVANT|degree=1|neighbor_elements=N:1|neighbor_types=ALTERNATING_BN_FOUR_ATOM_BRIDGE:1
H4:UPPER:0163:0,H,BRIDGE_PASSIVANT_H,UPPER,BRIDGE_PASSIVANT,1,1,0,0,center=H|type=BRIDGE_PASSIVANT_H|region=BRIDGE_PASSIVANT|degree=1|neighbor_elements=B:1|neighbor_types=ALTERNATING_BN_FOUR_ATOM_BRIDGE:1
H4:UPPER:0164:0,H,BRIDGE_PASSIVANT_H,UPPER,BRIDGE_PASSIVANT,1,0,1,0,center=H|type=BRIDGE_PASSIVANT_H|region=BRIDGE_PASSIVANT|degree=1|neighbor_elements=N:1|neighbor_types=ALTERNATING_BN_FOUR_ATOM_BRIDGE:1
H4:UPPER:0165:0,H,BRIDGE_PASSIVANT_H,UPPER,BRIDGE_PASSIVANT,1,1,0,0,center=H|type=BRIDGE_PASSIVANT_H|region=BRIDGE_PASSIVANT|degree=1|neighbor_elements=B:1|neighbor_types=ALTERNATING_BN_FOUR_ATOM_BRIDGE:1
H4:UPPER:0166:0,H,BRIDGE_PASSIVANT_H,UPPER,BRIDGE_PASSIVANT,1,0,1,0,center=H|type=BRIDGE_PASSIVANT_H|region=BRIDGE_PASSIVANT|degree=1|neighbor_elements=N:1|neighbor_types=ALTERNATING_BN_FOUR_ATOM_BRIDGE:1
H4:UPPER:0167:0,H,BRIDGE_PASSIVANT_H,UPPER,BRIDGE_PASSIVANT,1,1,0,0,center=H|type=BRIDGE_PASSIVANT_H|region=BRIDGE_PASSIVANT|degree=1|neighbor_elements=B:1|neighbor_types=ALTERNATING_BN_FOUR_ATOM_BRIDGE:1
H4:UPPER:0168:0,H,BRIDGE_PASSIVANT_H,UPPER,BRIDGE_PASSIVANT,1,0,1,0,center=H|type=BRIDGE_PASSIVANT_H|region=BRIDGE_PASSIVANT|degree=1|neighbor_elements=N:1|neighbor_types=ALTERNATING_BN_FOUR_ATOM_BRIDGE:1
H4:UPPER:0169:0,H,BRIDGE_PASSIVANT_H,UPPER,BRIDGE_PASSIVANT,1,1,0,0,center=H|type=BRIDGE_PASSIVANT_H|region=BRIDGE_PASSIVANT|degree=1|neighbor_elements=B:1|neighbor_types=ALTERNATING_BN_FOUR_ATOM_BRIDGE:1
H4:UPPER:0170:0,H,BRIDGE_PASSIVANT_H,UPPER,BRIDGE_PASSIVANT,1,0,1,0,center=H|type=BRIDGE_PASSIVANT_H|region=BRIDGE_PASSIVANT|degree=1|neighbor_elements=N:1|neighbor_types=ALTERNATING_BN_FOUR_ATOM_BRIDGE:1
H4:UPPER:0171:0,H,BRIDGE_PASSIVANT_H,UPPER,BRIDGE_PASSIVANT,1,1,0,0,center=H|type=BRIDGE_PASSIVANT_H|region=BRIDGE_PASSIVANT|degree=1|neighbor_elements=B:1|neighbor_types=ALTERNATING_BN_FOUR_ATOM_BRIDGE:1
H4:UPPER:0172:0,H,BRIDGE_PASSIVANT_H,UPPER,BRIDGE_PASSIVANT,1,0,1,0,center=H|type=BRIDGE_PASSIVANT_H|region=BRIDGE_PASSIVANT|degree=1|neighbor_elements=N:1|neighbor_types=ALTERNATING_BN_FOUR_ATOM_BRIDGE:1
H4:UPPER:0173:0,H,BRIDGE_PASSIVANT_H,UPPER,BRIDGE_PASSIVANT,1,1,0,0,center=H|type=BRIDGE_PASSIVANT_H|region=BRIDGE_PASSIVANT|degree=1|neighbor_elements=B:1|neighbor_types=ALTERNATING_BN_FOUR_ATOM_BRIDGE:1
H4:UPPER:0189:0,H,SEED_PASSIVANT_H,UPPER,EDGE_PASSIVANT,1,1,0,0,center=H|type=SEED_PASSIVANT_H|region=EDGE_PASSIVANT|degree=1|neighbor_elements=B:1|neighbor_types=HEXAGONAL_EDGE_COMPLETION_SEED:1
H4:UPPER:0190:0,H,SEED_PASSIVANT_H,UPPER,EDGE_PASSIVANT,1,1,0,0,center=H|type=SEED_PASSIVANT_H|region=EDGE_PASSIVANT|degree=1|neighbor_elements=B:1|neighbor_types=HEXAGONAL_EDGE_COMPLETION_SEED:1
H4:UPPER:0191:0,H,SEED_PASSIVANT_H,UPPER,EDGE_PASSIVANT,1,1,0,0,center=H|type=SEED_PASSIVANT_H|region=EDGE_PASSIVANT|degree=1|neighbor_elements=B:1|neighbor_types=HEXAGONAL_EDGE_COMPLETION_SEED:1
H4:UPPER:0192:0,H,SEED_PASSIVANT_H,UPPER,EDGE_PASSIVANT,1,1,0,0,center=H|type=SEED_PASSIVANT_H|region=EDGE_PASSIVANT|degree=1|neighbor_elements=B:1|neighbor_types=HEXAGONAL_EDGE_COMPLETION_SEED:1
H4:UPPER:0193:0,H,SEED_PASSIVANT_H,UPPER,EDGE_PASSIVANT,1,1,0,0,center=H|type=SEED_PASSIVANT_H|region=EDGE_PASSIVANT|degree=1|neighbor_elements=B:1|neighbor_types=HEXAGONAL_EDGE_COMPLETION_SEED:1
H4:UPPER:0194:0,H,SEED_PASSIVANT_H,UPPER,EDGE_PASSIVANT,1,1,0,0,center=H|type=SEED_PASSIVANT_H|region=EDGE_PASSIVANT|degree=1|neighbor_elements=B:1|neighbor_types=HEXAGONAL_EDGE_COMPLETION_SEED:1
H4:UPPER:0195:0,H,SEED_PASSIVANT_H,UPPER,EDGE_PASSIVANT,1,1,0,0,center=H|type=SEED_PASSIVANT_H|region=EDGE_PASSIVANT|degree=1|neighbor_elements=B:1|neighbor_types=HEXAGONAL_EDGE_COMPLETION_SEED:1
H4:UPPER:0196:0,H,SEED_PASSIVANT_H,UPPER,EDGE_PASSIVANT,1,1,0,0,center=H|type=SEED_PASSIVANT_H|region=EDGE_PASSIVANT|degree=1|neighbor_elements=B:1|neighbor_types=HEXAGONAL_EDGE_COMPLETION_SEED:1
H4:UPPER:0197:0,H,SEED_PASSIVANT_H,UPPER,EDGE_PASSIVANT,1,1,0,0,center=H|type=SEED_PASSIVANT_H|region=EDGE_PASSIVANT|degree=1|neighbor_elements=B:1|neighbor_types=HEXAGONAL_EDGE_COMPLETION_SEED:1
H4:UPPER:0198:0,H,SEED_PASSIVANT_H,UPPER,EDGE_PASSIVANT,1,1,0,0,center=H|type=SEED_PASSIVANT_H|region=EDGE_PASSIVANT|degree=1|neighbor_elements=B:1|neighbor_types=HEXAGONAL_EDGE_COMPLETION_SEED:1
H4:UPPER:0199:0,H,SEED_PASSIVANT_H,UPPER,EDGE_PASSIVANT,1,1,0,0,center=H|type=SEED_PASSIVANT_H|region=EDGE_PASSIVANT|degree=1|neighbor_elements=B:1|neighbor_types=HEXAGONAL_EDGE_COMPLETION_SEED:1
H4:UPPER:0200:0,H,SEED_PASSIVANT_H,UPPER,EDGE_PASSIVANT,1,1,0,0,center=H|type=SEED_PASSIVANT_H|region=EDGE_PASSIVANT|degree=1|neighbor_elements=B:1|neighbor_types=HEXAGONAL_EDGE_COMPLETION_SEED:1
H4:UPPER:0201:0,H,SEED_PASSIVANT_H,UPPER,EDGE_PASSIVANT,1,1,0,0,center=H|type=SEED_PASSIVANT_H|region=EDGE_PASSIVANT|degree=1|neighbor_elements=B:1|neighbor_types=HEXAGONAL_EDGE_COMPLETION_SEED:1
H4:UPPER:0202:0,H,SEED_PASSIVANT_H,UPPER,EDGE_PASSIVANT,1,1,0,0,center=H|type=SEED_PASSIVANT_H|region=EDGE_PASSIVANT|degree=1|neighbor_elements=B:1|neighbor_types=HEXAGONAL_EDGE_COMPLETION_SEED:1
H4:UPPER:0203:0,H,SEED_PASSIVANT_H,UPPER,EDGE_PASSIVANT,1,1,0,0,center=H|type=SEED_PASSIVANT_H|region=EDGE_PASSIVANT|degree=1|neighbor_elements=B:1|neighbor_types=HEXAGONAL_EDGE_COMPLETION_SEED:1
P:0,B,PARENT_HBN,PARENT,PARENT_SEED_ATTACHMENT,3,0,3,0,"center=B|type=PARENT_HBN|region=PARENT_SEED_ATTACHMENT|degree=3|neighbor_elements=N:3|neighbor_types=HEXAGONAL_EDGE_COMPLETION_SEED:2,PARENT_HBN:1"
P:1,N,PARENT_HBN,PARENT,PARENT_HBN_BULK_LIKE,3,3,0,0,center=N|type=PARENT_HBN|region=PARENT_HBN_BULK_LIKE|degree=3|neighbor_elements=B:3|neighbor_types=PARENT_HBN:3
P:10,B,PARENT_HBN,PARENT,PARENT_SEED_ATTACHMENT,3,0,3,0,"center=B|type=PARENT_HBN|region=PARENT_SEED_ATTACHMENT|degree=3|neighbor_elements=N:3|neighbor_types=HEXAGONAL_EDGE_COMPLETION_SEED:2,PARENT_HBN:1"
P:100,B,PARENT_HBN,PARENT,PARENT_HBN_BULK_LIKE,3,0,3,0,center=B|type=PARENT_HBN|region=PARENT_HBN_BULK_LIKE|degree=3|neighbor_elements=N:3|neighbor_types=PARENT_HBN:3
P:1000,B,PARENT_HBN,PARENT,PARENT_HBN_BULK_LIKE,3,0,3,0,center=B|type=PARENT_HBN|region=PARENT_HBN_BULK_LIKE|degree=3|neighbor_elements=N:3|neighbor_types=PARENT_HBN:3
P:1001,N,PARENT_HBN,PARENT,PARENT_HBN_BULK_LIKE,3,3,0,0,center=N|type=PARENT_HBN|region=PARENT_HBN_BULK_LIKE|degree=3|neighbor_elements=B:3|neighbor_types=PARENT_HBN:3
P:1002,B,PARENT_HBN,PARENT,PARENT_HBN_BULK_LIKE,3,0,3,0,center=B|type=PARENT_HBN|region=PARENT_HBN_BULK_LIKE|degree=3|neighbor_elements=N:3|neighbor_types=PARENT_HBN:3
P:1003,N,PARENT_HBN,PARENT,PARENT_HBN_BULK_LIKE,3,3,0,0,center=N|type=PARENT_HBN|region=PARENT_HBN_BULK_LIKE|degree=3|neighbor_elements=B:3|neighbor_types=PARENT_HBN:3
P:1004,B,PARENT_HBN,PARENT,PARENT_HBN_BULK_LIKE,3,0,3,0,center=B|type=PARENT_HBN|region=PARENT_HBN_BULK_LIKE|degree=3|neighbor_elements=N:3|neighbor_types=PARENT_HBN:3
P:1005,N,PARENT_HBN,PARENT,PARENT_HBN_BULK_LIKE,3,3,0,0,center=N|type=PARENT_HBN|region=PARENT_HBN_BULK_LIKE|degree=3|neighbor_elements=B:3|neighbor_types=PARENT_HBN:3
P:1006,B,PARENT_HBN,PARENT,PARENT_HBN_BULK_LIKE,3,0,3,0,center=B|type=PARENT_HBN|region=PARENT_HBN_BULK_LIKE|degree=3|neighbor_elements=N:3|neighbor_types=PARENT_HBN:3
P:1007,N,PARENT_HBN,PARENT,PARENT_HBN_BULK_LIKE,3,3,0,0,center=N|type=PARENT_HBN|region=PARENT_HBN_BULK_LIKE|degree=3|neighbor_elements=B:3|neighbor_types=PARENT_HBN:3
P:1008,B,PARENT_HBN,PARENT,PARENT_HBN_BULK_LIKE,3,0,3,0,center=B|type=PARENT_HBN|region=PARENT_HBN_BULK_LIKE|degree=3|neighbor_elements=N:3|neighbor_types=PARENT_HBN:3
P:1009,N,PARENT_HBN,PARENT,PARENT_HBN_BULK_LIKE,3,3,0,0,center=N|type=PARENT_HBN|region=PARENT_HBN_BULK_LIKE|degree=3|neighbor_elements=B:3|neighbor_types=PARENT_HBN:3
P:101,N,PARENT_HBN,PARENT,PARENT_HBN_BULK_LIKE,3,3,0,0,center=N|type=PARENT_HBN|region=PARENT_HBN_BULK_LIKE|degree=3|neighbor_elements=B:3|neighbor_types=PARENT_HBN:3
P:1010,B,PARENT_HBN,PARENT,PARENT_HBN_BULK_LIKE,3,0,3,0,center=B|type=PARENT_HBN|region=PARENT_HBN_BULK_LIKE|degree=3|neighbor_elements=N:3|neighbor_types=PARENT_HBN:3
P:1011,N,PARENT_HBN,PARENT,PARENT_HBN_BULK_LIKE,3,3,0,0,center=N|type=PARENT_HBN|region=PARENT_HBN_BULK_LIKE|degree=3|neighbor_elements=B:3|neighbor_types=PARENT_HBN:3
P:1012,B,PARENT_HBN,PARENT,PARENT_HBN_BULK_LIKE,3,0,3,0,center=B|type=PARENT_HBN|region=PARENT_HBN_BULK_LIKE|degree=3|neighbor_elements=N:3|neighbor_types=PARENT_HBN:3
P:1013,N,PARENT_HBN,PARENT,PARENT_HBN_BULK_LIKE,3,3,0,0,center=N|type=PARENT_HBN|region=PARENT_HBN_BULK_LIKE|degree=3|neighbor_elements=B:3|neighbor_types=PARENT_HBN:3
P:1014,B,PARENT_HBN,PARENT,PARENT_HBN_BULK_LIKE,3,0,3,0,center=B|type=PARENT_HBN|region=PARENT_HBN_BULK_LIKE|degree=3|neighbor_elements=N:3|neighbor_types=PARENT_HBN:3
P:1015,N,PARENT_HBN,PARENT,PARENT_HBN_BULK_LIKE,3,3,0,0,center=N|type=PARENT_HBN|region=PARENT_HBN_BULK_LIKE|degree=3|neighbor_elements=B:3|neighbor_types=PARENT_HBN:3
P:1016,B,PARENT_HBN,PARENT,PARENT_HBN_BULK_LIKE,3,0,3,0,center=B|type=PARENT_HBN|region=PARENT_HBN_BULK_LIKE|degree=3|neighbor_elements=N:3|neighbor_types=PARENT_HBN:3
P:1017,N,PARENT_HBN,PARENT,PARENT_HBN_BULK_LIKE,3,3,0,0,center=N|type=PARENT_HBN|region=PARENT_HBN_BULK_LIKE|degree=3|neighbor_elements=B:3|neighbor_types=PARENT_HBN:3
P:1018,B,PARENT_HBN,PARENT,PARENT_HBN_BULK_LIKE,3,0,3,0,center=B|type=PARENT_HBN|region=PARENT_HBN_BULK_LIKE|degree=3|neighbor_elements=N:3|neighbor_types=PARENT_HBN:3
P:1019,N,PARENT_HBN,PARENT,PARENT_HBN_BULK_LIKE,3,3,0,0,center=N|type=PARENT_HBN|region=PARENT_HBN_BULK_LIKE|degree=3|neighbor_elements=B:3|neighbor_types=PARENT_HBN:3
P:102,B,PARENT_HBN,PARENT,PARENT_HBN_BULK_LIKE,3,0,3,0,center=B|type=PARENT_HBN|region=PARENT_HBN_BULK_LIKE|degree=3|neighbor_elements=N:3|neighbor_types=PARENT_HBN:3
P:1020,B,PARENT_HBN,PARENT,PARENT_HBN_BULK_LIKE,3,0,3,0,center=B|type=PARENT_HBN|region=PARENT_HBN_BULK_LIKE|degree=3|neighbor_elements=N:3|neighbor_types=PARENT_HBN:3
P:1021,N,PARENT_HBN,PARENT,PARENT_HBN_BULK_LIKE,3,3,0,0,center=N|type=PARENT_HBN|region=PARENT_HBN_BULK_LIKE|degree=3|neighbor_elements=B:3|neighbor_types=PARENT_HBN:3
P:1022,B,PARENT_HBN,PARENT,PARENT_HBN_BULK_LIKE,3,0,3,0,center=B|type=PARENT_HBN|region=PARENT_HBN_BULK_LIKE|degree=3|neighbor_elements=N:3|neighbor_types=PARENT_HBN:3
P:1023,N,PARENT_HBN,PARENT,PARENT_HBN_BULK_LIKE,3,3,0,0,center=N|type=PARENT_HBN|region=PARENT_HBN_BULK_LIKE|degree=3|neighbor_elements=B:3|neighbor_types=PARENT_HBN:3
P:1024,B,PARENT_HBN,PARENT,PARENT_HBN_BULK_LIKE,3,0,3,0,center=B|type=PARENT_HBN|region=PARENT_HBN_BULK_LIKE|degree=3|neighbor_elements=N:3|neighbor_types=PARENT_HBN:3
P:1025,N,PARENT_HBN,PARENT,PARENT_HBN_BULK_LIKE,3,3,0,0,center=N|type=PARENT_HBN|region=PARENT_HBN_BULK_LIKE|degree=3|neighbor_elements=B:3|neighbor_types=PARENT_HBN:3
P:1026,B,PARENT_HBN,PARENT,PARENT_HBN_BULK_LIKE,3,0,3,0,center=B|type=PARENT_HBN|region=PARENT_HBN_BULK_LIKE|degree=3|neighbor_elements=N:3|neighbor_types=PARENT_HBN:3
P:1027,N,PARENT_HBN,PARENT,PARENT_HBN_BULK_LIKE,3,3,0,0,center=N|type=PARENT_HBN|region=PARENT_HBN_BULK_LIKE|degree=3|neighbor_elements=B:3|neighbor_types=PARENT_HBN:3
P:1028,B,PARENT_HBN,PARENT,PARENT_HBN_BULK_LIKE,3,0,3,0,center=B|type=PARENT_HBN|region=PARENT_HBN_BULK_LIKE|degree=3|neighbor_elements=N:3|neighbor_types=PARENT_HBN:3
P:1029,N,PARENT_HBN,PARENT,PARENT_HBN_BULK_LIKE,3,3,0,0,center=N|type=PARENT_HBN|region=PARENT_HBN_BULK_LIKE|degree=3|neighbor_elements=B:3|neighbor_types=PARENT_HBN:3
P:103,N,PARENT_HBN,PARENT,PARENT_HBN_BULK_LIKE,3,3,0,0,center=N|type=PARENT_HBN|region=PARENT_HBN_BULK_LIKE|degree=3|neighbor_elements=B:3|neighbor_types=PARENT_HBN:3
P:1030,B,PARENT_HBN,PARENT,PARENT_HBN_BULK_LIKE,3,0,3,0,center=B|type=PARENT_HBN|region=PARENT_HBN_BULK_LIKE|degree=3|neighbor_elements=N:3|neighbor_types=PARENT_HBN:3
P:1031,N,PARENT_HBN,PARENT,PARENT_HBN_BULK_LIKE,3,3,0,0,center=N|type=PARENT_HBN|region=PARENT_HBN_BULK_LIKE|degree=3|neighbor_elements=B:3|neighbor_types=PARENT_HBN:3
P:1032,B,PARENT_HBN,PARENT,PARENT_HBN_BULK_LIKE,3,0,3,0,center=B|type=PARENT_HBN|region=PARENT_HBN_BULK_LIKE|degree=3|neighbor_elements=N:3|neighbor_types=PARENT_HBN:3
P:1033,N,PARENT_HBN,PARENT,PARENT_HBN_BULK_LIKE,3,3,0,0,center=N|type=PARENT_HBN|region=PARENT_HBN_BULK_LIKE|degree=3|neighbor_elements=B:3|neighbor_types=PARENT_HBN:3
P:1034,B,PARENT_HBN,PARENT,PARENT_HBN_BULK_LIKE,3,0,3,0,center=B|type=PARENT_HBN|region=PARENT_HBN_BULK_LIKE|degree=3|neighbor_elements=N:3|neighbor_types=PARENT_HBN:3
P:1035,N,PARENT_HBN,PARENT,PARENT_HBN_BULK_LIKE,3,3,0,0,center=N|type=PARENT_HBN|region=PARENT_HBN_BULK_LIKE|degree=3|neighbor_elements=B:3|neighbor_types=PARENT_HBN:3
P:1036,B,PARENT_HBN,PARENT,PARENT_HBN_BULK_LIKE,3,0,3,0,center=B|type=PARENT_HBN|region=PARENT_HBN_BULK_LIKE|degree=3|neighbor_elements=N:3|neighbor_types=PARENT_HBN:3
P:1037,N,PARENT_HBN,PARENT,PARENT_HBN_BULK_LIKE,3,3,0,0,center=N|type=PARENT_HBN|region=PARENT_HBN_BULK_LIKE|degree=3|neighbor_elements=B:3|neighbor_types=PARENT_HBN:3
P:1038,B,PARENT_HBN,PARENT,PARENT_HBN_BULK_LIKE,3,0,3,0,center=B|type=PARENT_HBN|region=PARENT_HBN_BULK_LIKE|degree=3|neighbor_elements=N:3|neighbor_types=PARENT_HBN:3
P:1039,N,PARENT_HBN,PARENT,PARENT_HBN_BULK_LIKE,3,3,0,0,center=N|type=PARENT_HBN|region=PARENT_HBN_BULK_LIKE|degree=3|neighbor_elements=B:3|neighbor_types=PARENT_HBN:3
P:104,B,PARENT_HBN,PARENT,PARENT_HBN_BULK_LIKE,3,0,3,0,center=B|type=PARENT_HBN|region=PARENT_HBN_BULK_LIKE|degree=3|neighbor_elements=N:3|neighbor_types=PARENT_HBN:3
P:1040,B,PARENT_HBN,PARENT,PARENT_HBN_BULK_LIKE,3,0,3,0,center=B|type=PARENT_HBN|region=PARENT_HBN_BULK_LIKE|degree=3|neighbor_elements=N:3|neighbor_types=PARENT_HBN:3
P:1041,N,PARENT_HBN,PARENT,PARENT_HBN_BULK_LIKE,3,3,0,0,center=N|type=PARENT_HBN|region=PARENT_HBN_BULK_LIKE|degree=3|neighbor_elements=B:3|neighbor_types=PARENT_HBN:3
P:1042,B,PARENT_HBN,PARENT,PARENT_HBN_BULK_LIKE,3,0,3,0,center=B|type=PARENT_HBN|region=PARENT_HBN_BULK_LIKE|degree=3|neighbor_elements=N:3|neighbor_types=PARENT_HBN:3
P:1043,N,PARENT_HBN,PARENT,PARENT_HBN_BULK_LIKE,3,3,0,0,center=N|type=PARENT_HBN|region=PARENT_HBN_BULK_LIKE|degree=3|neighbor_elements=B:3|neighbor_types=PARENT_HBN:3
P:1044,B,PARENT_HBN,PARENT,PARENT_HBN_BULK_LIKE,3,0,3,0,center=B|type=PARENT_HBN|region=PARENT_HBN_BULK_LIKE|degree=3|neighbor_elements=N:3|neighbor_types=PARENT_HBN:3
P:1045,N,PARENT_HBN,PARENT,PARENT_HBN_BULK_LIKE,3,3,0,0,center=N|type=PARENT_HBN|region=PARENT_HBN_BULK_LIKE|degree=3|neighbor_elements=B:3|neighbor_types=PARENT_HBN:3
P:1046,B,PARENT_HBN,PARENT,PARENT_HBN_BULK_LIKE,3,0,3,0,center=B|type=PARENT_HBN|region=PARENT_HBN_BULK_LIKE|degree=3|neighbor_elements=N:3|neighbor_types=PARENT_HBN:3
P:1047,N,PARENT_HBN,PARENT,PARENT_HBN_BULK_LIKE,3,3,0,0,center=N|type=PARENT_HBN|region=PARENT_HBN_BULK_LIKE|degree=3|neighbor_elements=B:3|neighbor_types=PARENT_HBN:3
P:1048,B,PARENT_HBN,PARENT,PARENT_HBN_BULK_LIKE,3,0,3,0,center=B|type=PARENT_HBN|region=PARENT_HBN_BULK_LIKE|degree=3|neighbor_elements=N:3|neighbor_types=PARENT_HBN:3
P:1049,N,PARENT_HBN,PARENT,PARENT_HBN_BULK_LIKE,3,3,0,0,center=N|type=PARENT_HBN|region=PARENT_HBN_BULK_LIKE|degree=3|neighbor_elements=B:3|neighbor_types=PARENT_HBN:3
P:105,N,PARENT_HBN,PARENT,PARENT_HBN_BULK_LIKE,3,3,0,0,center=N|type=PARENT_HBN|region=PARENT_HBN_BULK_LIKE|degree=3|neighbor_elements=B:3|neighbor_types=PARENT_HBN:3
P:1050,B,PARENT_HBN,PARENT,PARENT_HBN_BULK_LIKE,3,0,3,0,center=B|type=PARENT_HBN|region=PARENT_HBN_BULK_LIKE|degree=3|neighbor_elements=N:3|neighbor_types=PARENT_HBN:3
P:1051,N,PARENT_HBN,PARENT,PARENT_HBN_BULK_LIKE,3,3,0,0,center=N|type=PARENT_HBN|region=PARENT_HBN_BULK_LIKE|degree=3|neighbor_elements=B:3|neighbor_types=PARENT_HBN:3
P:1052,B,PARENT_HBN,PARENT,PARENT_HBN_BULK_LIKE,3,0,3,0,center=B|type=PARENT_HBN|region=PARENT_HBN_BULK_LIKE|degree=3|neighbor_elements=N:3|neighbor_types=PARENT_HBN:3
P:1053,N,PARENT_HBN,PARENT,PARENT_HBN_BULK_LIKE,3,3,0,0,center=N|type=PARENT_HBN|region=PARENT_HBN_BULK_LIKE|degree=3|neighbor_elements=B:3|neighbor_types=PARENT_HBN:3
P:1054,B,PARENT_HBN,PARENT,PARENT_HBN_BULK_LIKE,3,0,3,0,center=B|type=PARENT_HBN|region=PARENT_HBN_BULK_LIKE|degree=3|neighbor_elements=N:3|neighbor_types=PARENT_HBN:3
P:1055,N,PARENT_HBN,PARENT,PARENT_HBN_BULK_LIKE,3,3,0,0,center=N|type=PARENT_HBN|region=PARENT_HBN_BULK_LIKE|degree=3|neighbor_elements=B:3|neighbor_types=PARENT_HBN:3
P:1056,B,PARENT_HBN,PARENT,PARENT_HBN_BULK_LIKE,3,0,3,0,center=B|type=PARENT_HBN|region=PARENT_HBN_BULK_LIKE|degree=3|neighbor_elements=N:3|neighbor_types=PARENT_HBN:3
P:1057,N,PARENT_HBN,PARENT,PARENT_HBN_BULK_LIKE,3,3,0,0,center=N|type=PARENT_HBN|region=PARENT_HBN_BULK_LIKE|degree=3|neighbor_elements=B:3|neighbor_types=PARENT_HBN:3
P:1058,B,PARENT_HBN,PARENT,PARENT_HBN_BULK_LIKE,3,0,3,0,center=B|type=PARENT_HBN|region=PARENT_HBN_BULK_LIKE|degree=3|neighbor_elements=N:3|neighbor_types=PARENT_HBN:3
P:1059,N,PARENT_HBN,PARENT,PARENT_HBN_BULK_LIKE,3,3,0,0,center=N|type=PARENT_HBN|region=PARENT_HBN_BULK_LIKE|degree=3|neighbor_elements=B:3|neighbor_types=PARENT_HBN:3
P:106,B,PARENT_HBN,PARENT,PARENT_HBN_BULK_LIKE,3,0,3,0,center=B|type=PARENT_HBN|region=PARENT_HBN_BULK_LIKE|degree=3|neighbor_elements=N:3|neighbor_types=PARENT_HBN:3
P:1060,B,PARENT_HBN,PARENT,PARENT_HBN_BULK_LIKE,3,0,3,0,center=B|type=PARENT_HBN|region=PARENT_HBN_BULK_LIKE|degree=3|neighbor_elements=N:3|neighbor_types=PARENT_HBN:3
P:1061,N,PARENT_HBN,PARENT,PARENT_HBN_BULK_LIKE,3,3,0,0,center=N|type=PARENT_HBN|region=PARENT_HBN_BULK_LIKE|degree=3|neighbor_elements=B:3|neighbor_types=PARENT_HBN:3
P:1062,B,PARENT_HBN,PARENT,PARENT_HBN_BULK_LIKE,3,0,3,0,center=B|type=PARENT_HBN|region=PARENT_HBN_BULK_LIKE|degree=3|neighbor_elements=N:3|neighbor_types=PARENT_HBN:3
P:1063,N,PARENT_HBN,PARENT,PARENT_HBN_BULK_LIKE,3,3,0,0,center=N|type=PARENT_HBN|region=PARENT_HBN_BULK_LIKE|degree=3|neighbor_elements=B:3|neighbor_types=PARENT_HBN:3
P:1064,B,PARENT_HBN,PARENT,PARENT_HBN_BULK_LIKE,3,0,3,0,center=B|type=PARENT_HBN|region=PARENT_HBN_BULK_LIKE|degree=3|neighbor_elements=N:3|neighbor_types=PARENT_HBN:3
P:1065,N,PARENT_HBN,PARENT,PARENT_HBN_BULK_LIKE,3,3,0,0,center=N|type=PARENT_HBN|region=PARENT_HBN_BULK_LIKE|degree=3|neighbor_elements=B:3|neighbor_types=PARENT_HBN:3
P:1066,B,PARENT_HBN,PARENT,PARENT_HBN_BULK_LIKE,3,0,3,0,center=B|type=PARENT_HBN|region=PARENT_HBN_BULK_LIKE|degree=3|neighbor_elements=N:3|neighbor_types=PARENT_HBN:3
P:1067,N,PARENT_HBN,PARENT,PARENT_HBN_BULK_LIKE,3,3,0,0,center=N|type=PARENT_HBN|region=PARENT_HBN_BULK_LIKE|degree=3|neighbor_elements=B:3|neighbor_types=PARENT_HBN:3
P:1068,B,PARENT_HBN,PARENT,PARENT_HBN_BULK_LIKE,3,0,3,0,center=B|type=PARENT_HBN|region=PARENT_HBN_BULK_LIKE|degree=3|neighbor_elements=N:3|neighbor_types=PARENT_HBN:3
P:1069,N,PARENT_HBN,PARENT,PARENT_HBN_BULK_LIKE,3,3,0,0,center=N|type=PARENT_HBN|region=PARENT_HBN_BULK_LIKE|degree=3|neighbor_elements=B:3|neighbor_types=PARENT_HBN:3
P:107,N,PARENT_HBN,PARENT,PARENT_HBN_BULK_LIKE,3,3,0,0,center=N|type=PARENT_HBN|region=PARENT_HBN_BULK_LIKE|degree=3|neighbor_elements=B:3|neighbor_types=PARENT_HBN:3
P:1070,B,PARENT_HBN,PARENT,PARENT_HBN_BULK_LIKE,3,0,3,0,center=B|type=PARENT_HBN|region=PARENT_HBN_BULK_LIKE|degree=3|neighbor_elements=N:3|neighbor_types=PARENT_HBN:3
P:1071,N,PARENT_HBN,PARENT,PARENT_HBN_BULK_LIKE,3,3,0,0,center=N|type=PARENT_HBN|region=PARENT_HBN_BULK_LIKE|degree=3|neighbor_elements=B:3|neighbor_types=PARENT_HBN:3
P:1072,B,PARENT_HBN,PARENT,PARENT_HBN_BULK_LIKE,3,0,3,0,center=B|type=PARENT_HBN|region=PARENT_HBN_BULK_LIKE|degree=3|neighbor_elements=N:3|neighbor_types=PARENT_HBN:3
P:1073,N,PARENT_HBN,PARENT,PARENT_HBN_BULK_LIKE,3,3,0,0,center=N|type=PARENT_HBN|region=PARENT_HBN_BULK_LIKE|degree=3|neighbor_elements=B:3|neighbor_types=PARENT_HBN:3
P:1074,B,PARENT_HBN,PARENT,PARENT_HBN_BULK_LIKE,3,0,3,0,center=B|type=PARENT_HBN|region=PARENT_HBN_BULK_LIKE|degree=3|neighbor_elements=N:3|neighbor_types=PARENT_HBN:3
P:1075,N,PARENT_HBN,PARENT,PARENT_HBN_BULK_LIKE,3,3,0,0,center=N|type=PARENT_HBN|region=PARENT_HBN_BULK_LIKE|degree=3|neighbor_elements=B:3|neighbor_types=PARENT_HBN:3
P:1076,B,PARENT_HBN,PARENT,PARENT_HBN_BULK_LIKE,3,0,3,0,center=B|type=PARENT_HBN|region=PARENT_HBN_BULK_LIKE|degree=3|neighbor_elements=N:3|neighbor_types=PARENT_HBN:3
P:1077,N,PARENT_HBN,PARENT,PARENT_HBN_BULK_LIKE,3,3,0,0,center=N|type=PARENT_HBN|region=PARENT_HBN_BULK_LIKE|degree=3|neighbor_elements=B:3|neighbor_types=PARENT_HBN:3
P:1078,B,PARENT_HBN,PARENT,PARENT_HBN_BULK_LIKE,3,0,3,0,center=B|type=PARENT_HBN|region=PARENT_HBN_BULK_LIKE|degree=3|neighbor_elements=N:3|neighbor_types=PARENT_HBN:3
P:1079,N,PARENT_HBN,PARENT,PARENT_HBN_BULK_LIKE,3,3,0,0,center=N|type=PARENT_HBN|region=PARENT_HBN_BULK_LIKE|degree=3|neighbor_elements=B:3|neighbor_types=PARENT_HBN:3
P:108,B,PARENT_HBN,PARENT,PARENT_HBN_BULK_LIKE,3,0,3,0,center=B|type=PARENT_HBN|region=PARENT_HBN_BULK_LIKE|degree=3|neighbor_elements=N:3|neighbor_types=PARENT_HBN:3
P:1080,B,PARENT_HBN,PARENT,PARENT_HBN_BULK_LIKE,3,0,3,0,center=B|type=PARENT_HBN|region=PARENT_HBN_BULK_LIKE|degree=3|neighbor_elements=N:3|neighbor_types=PARENT_HBN:3
P:1081,N,PARENT_HBN,PARENT,PARENT_HBN_BULK_LIKE,3,3,0,0,center=N|type=PARENT_HBN|region=PARENT_HBN_BULK_LIKE|degree=3|neighbor_elements=B:3|neighbor_types=PARENT_HBN:3
P:1082,B,PARENT_HBN,PARENT,PARENT_HBN_BULK_LIKE,3,0,3,0,center=B|type=PARENT_HBN|region=PARENT_HBN_BULK_LIKE|degree=3|neighbor_elements=N:3|neighbor_types=PARENT_HBN:3
P:1083,N,PARENT_HBN,PARENT,PARENT_HBN_BULK_LIKE,3,3,0,0,center=N|type=PARENT_HBN|region=PARENT_HBN_BULK_LIKE|degree=3|neighbor_elements=B:3|neighbor_types=PARENT_HBN:3
P:1084,B,PARENT_HBN,PARENT,PARENT_HBN_BULK_LIKE,3,0,3,0,center=B|type=PARENT_HBN|region=PARENT_HBN_BULK_LIKE|degree=3|neighbor_elements=N:3|neighbor_types=PARENT_HBN:3
P:1085,N,PARENT_HBN,PARENT,PARENT_HBN_BULK_LIKE,3,3,0,0,center=N|type=PARENT_HBN|region=PARENT_HBN_BULK_LIKE|degree=3|neighbor_elements=B:3|neighbor_types=PARENT_HBN:3
P:1086,B,PARENT_HBN,PARENT,PARENT_HBN_BULK_LIKE,3,0,3,0,center=B|type=PARENT_HBN|region=PARENT_HBN_BULK_LIKE|degree=3|neighbor_elements=N:3|neighbor_types=PARENT_HBN:3
P:1087,N,PARENT_HBN,PARENT,PARENT_HBN_BULK_LIKE,3,3,0,0,center=N|type=PARENT_HBN|region=PARENT_HBN_BULK_LIKE|degree=3|neighbor_elements=B:3|neighbor_types=PARENT_HBN:3
P:1088,B,PARENT_HBN,PARENT,PARENT_HBN_BULK_LIKE,3,0,3,0,center=B|type=PARENT_HBN|region=PARENT_HBN_BULK_LIKE|degree=3|neighbor_elements=N:3|neighbor_types=PARENT_HBN:3
P:1089,N,PARENT_HBN,PARENT,PARENT_HBN_BULK_LIKE,3,3,0,0,center=N|type=PARENT_HBN|region=PARENT_HBN_BULK_LIKE|degree=3|neighbor_elements=B:3|neighbor_types=PARENT_HBN:3
P:109,N,PARENT_HBN,PARENT,PARENT_HBN_BULK_LIKE,3,3,0,0,center=N|type=PARENT_HBN|region=PARENT_HBN_BULK_LIKE|degree=3|neighbor_elements=B:3|neighbor_types=PARENT_HBN:3
P:1090,B,PARENT_HBN,PARENT,PARENT_HBN_BULK_LIKE,3,0,3,0,center=B|type=PARENT_HBN|region=PARENT_HBN_BULK_LIKE|degree=3|neighbor_elements=N:3|neighbor_types=PARENT_HBN:3
P:1091,N,PARENT_HBN,PARENT,PARENT_HBN_BULK_LIKE,3,3,0,0,center=N|type=PARENT_HBN|region=PARENT_HBN_BULK_LIKE|degree=3|neighbor_elements=B:3|neighbor_types=PARENT_HBN:3
P:1092,B,PARENT_HBN,PARENT,PARENT_HBN_BULK_LIKE,3,0,3,0,center=B|type=PARENT_HBN|region=PARENT_HBN_BULK_LIKE|degree=3|neighbor_elements=N:3|neighbor_types=PARENT_HBN:3
P:1093,N,PARENT_HBN,PARENT,PARENT_HBN_BULK_LIKE,3,3,0,0,center=N|type=PARENT_HBN|region=PARENT_HBN_BULK_LIKE|degree=3|neighbor_elements=B:3|neighbor_types=PARENT_HBN:3
P:1094,B,PARENT_HBN,PARENT,PARENT_HBN_BULK_LIKE,3,0,3,0,center=B|type=PARENT_HBN|region=PARENT_HBN_BULK_LIKE|degree=3|neighbor_elements=N:3|neighbor_types=PARENT_HBN:3
P:1095,N,PARENT_HBN,PARENT,PARENT_HBN_BULK_LIKE,3,3,0,0,center=N|type=PARENT_HBN|region=PARENT_HBN_BULK_LIKE|degree=3|neighbor_elements=B:3|neighbor_types=PARENT_HBN:3
P:1096,B,PARENT_HBN,PARENT,PARENT_HBN_BULK_LIKE,3,0,3,0,center=B|type=PARENT_HBN|region=PARENT_HBN_BULK_LIKE|degree=3|neighbor_elements=N:3|neighbor_types=PARENT_HBN:3
P:1097,N,PARENT_HBN,PARENT,PARENT_HBN_BULK_LIKE,3,3,0,0,center=N|type=PARENT_HBN|region=PARENT_HBN_BULK_LIKE|degree=3|neighbor_elements=B:3|neighbor_types=PARENT_HBN:3
P:1098,B,PARENT_HBN,PARENT,PARENT_HBN_BULK_LIKE,3,0,3,0,center=B|type=PARENT_HBN|region=PARENT_HBN_BULK_LIKE|degree=3|neighbor_elements=N:3|neighbor_types=PARENT_HBN:3
P:1099,N,PARENT_HBN,PARENT,PARENT_HBN_BULK_LIKE,3,3,0,0,center=N|type=PARENT_HBN|region=PARENT_HBN_BULK_LIKE|degree=3|neighbor_elements=B:3|neighbor_types=PARENT_HBN:3
P:11,N,PARENT_HBN,PARENT,PARENT_HBN_BULK_LIKE,3,3,0,0,center=N|type=PARENT_HBN|region=PARENT_HBN_BULK_LIKE|degree=3|neighbor_elements=B:3|neighbor_types=PARENT_HBN:3
P:110,B,PARENT_HBN,PARENT,PARENT_HBN_BULK_LIKE,3,0,3,0,center=B|type=PARENT_HBN|region=PARENT_HBN_BULK_LIKE|degree=3|neighbor_elements=N:3|neighbor_types=PARENT_HBN:3
P:1100,B,PARENT_HBN,PARENT,PARENT_HBN_BULK_LIKE,3,0,3,0,center=B|type=PARENT_HBN|region=PARENT_HBN_BULK_LIKE|degree=3|neighbor_elements=N:3|neighbor_types=PARENT_HBN:3
P:1101,N,PARENT_HBN,PARENT,PARENT_HBN_BULK_LIKE,3,3,0,0,center=N|type=PARENT_HBN|region=PARENT_HBN_BULK_LIKE|degree=3|neighbor_elements=B:3|neighbor_types=PARENT_HBN:3
P:1102,B,PARENT_HBN,PARENT,PARENT_HBN_BULK_LIKE,3,0,3,0,center=B|type=PARENT_HBN|region=PARENT_HBN_BULK_LIKE|degree=3|neighbor_elements=N:3|neighbor_types=PARENT_HBN:3
P:1103,N,PARENT_HBN,PARENT,PARENT_HBN_BULK_LIKE,3,3,0,0,center=N|type=PARENT_HBN|region=PARENT_HBN_BULK_LIKE|degree=3|neighbor_elements=B:3|neighbor_types=PARENT_HBN:3
P:1104,B,PARENT_HBN,PARENT,PARENT_HBN_BULK_LIKE,3,0,3,0,center=B|type=PARENT_HBN|region=PARENT_HBN_BULK_LIKE|degree=3|neighbor_elements=N:3|neighbor_types=PARENT_HBN:3
P:1105,N,PARENT_HBN,PARENT,PARENT_HBN_BULK_LIKE,3,3,0,0,center=N|type=PARENT_HBN|region=PARENT_HBN_BULK_LIKE|degree=3|neighbor_elements=B:3|neighbor_types=PARENT_HBN:3
P:1106,B,PARENT_HBN,PARENT,PARENT_HBN_BULK_LIKE,3,0,3,0,center=B|type=PARENT_HBN|region=PARENT_HBN_BULK_LIKE|degree=3|neighbor_elements=N:3|neighbor_types=PARENT_HBN:3
P:1107,N,PARENT_HBN,PARENT,PARENT_HBN_BULK_LIKE,3,3,0,0,center=N|type=PARENT_HBN|region=PARENT_HBN_BULK_LIKE|degree=3|neighbor_elements=B:3|neighbor_types=PARENT_HBN:3
P:1108,B,PARENT_HBN,PARENT,PARENT_HBN_BULK_LIKE,3,0,3,0,center=B|type=PARENT_HBN|region=PARENT_HBN_BULK_LIKE|degree=3|neighbor_elements=N:3|neighbor_types=PARENT_HBN:3
P:1109,N,PARENT_HBN,PARENT,PARENT_HBN_BULK_LIKE,3,3,0,0,center=N|type=PARENT_HBN|region=PARENT_HBN_BULK_LIKE|degree=3|neighbor_elements=B:3|neighbor_types=PARENT_HBN:3
P:111,N,PARENT_HBN,PARENT,PARENT_HBN_BULK_LIKE,3,3,0,0,center=N|type=PARENT_HBN|region=PARENT_HBN_BULK_LIKE|degree=3|neighbor_elements=B:3|neighbor_types=PARENT_HBN:3
P:1110,B,PARENT_HBN,PARENT,PARENT_HBN_BULK_LIKE,3,0,3,0,center=B|type=PARENT_HBN|region=PARENT_HBN_BULK_LIKE|degree=3|neighbor_elements=N:3|neighbor_types=PARENT_HBN:3
P:1111,N,PARENT_HBN,PARENT,PARENT_HBN_BULK_LIKE,3,3,0,0,center=N|type=PARENT_HBN|region=PARENT_HBN_BULK_LIKE|degree=3|neighbor_elements=B:3|neighbor_types=PARENT_HBN:3
P:1112,B,PARENT_HBN,PARENT,PARENT_HBN_BULK_LIKE,3,0,3,0,center=B|type=PARENT_HBN|region=PARENT_HBN_BULK_LIKE|degree=3|neighbor_elements=N:3|neighbor_types=PARENT_HBN:3
P:1113,N,PARENT_HBN,PARENT,PARENT_HBN_BULK_LIKE,3,3,0,0,center=N|type=PARENT_HBN|region=PARENT_HBN_BULK_LIKE|degree=3|neighbor_elements=B:3|neighbor_types=PARENT_HBN:3
P:1114,B,PARENT_HBN,PARENT,PARENT_HBN_BULK_LIKE,3,0,3,0,center=B|type=PARENT_HBN|region=PARENT_HBN_BULK_LIKE|degree=3|neighbor_elements=N:3|neighbor_types=PARENT_HBN:3
P:1115,N,PARENT_HBN,PARENT,PARENT_HBN_BULK_LIKE,3,3,0,0,center=N|type=PARENT_HBN|region=PARENT_HBN_BULK_LIKE|degree=3|neighbor_elements=B:3|neighbor_types=PARENT_HBN:3
P:1116,B,PARENT_HBN,PARENT,PARENT_HBN_BULK_LIKE,3,0,3,0,center=B|type=PARENT_HBN|region=PARENT_HBN_BULK_LIKE|degree=3|neighbor_elements=N:3|neighbor_types=PARENT_HBN:3
P:1117,N,PARENT_HBN,PARENT,PARENT_HBN_BULK_LIKE,3,3,0,0,center=N|type=PARENT_HBN|region=PARENT_HBN_BULK_LIKE|degree=3|neighbor_elements=B:3|neighbor_types=PARENT_HBN:3
P:1118,B,PARENT_HBN,PARENT,PARENT_HBN_BULK_LIKE,3,0,3,0,center=B|type=PARENT_HBN|region=PARENT_HBN_BULK_LIKE|degree=3|neighbor_elements=N:3|neighbor_types=PARENT_HBN:3
P:1119,N,PARENT_HBN,PARENT,PARENT_HBN_BULK_LIKE,3,3,0,0,center=N|type=PARENT_HBN|region=PARENT_HBN_BULK_LIKE|degree=3|neighbor_elements=B:3|neighbor_types=PARENT_HBN:3
P:112,B,PARENT_HBN,PARENT,PARENT_HBN_BULK_LIKE,3,0,3,0,center=B|type=PARENT_HBN|region=PARENT_HBN_BULK_LIKE|degree=3|neighbor_elements=N:3|neighbor_types=PARENT_HBN:3
P:1120,B,PARENT_HBN,PARENT,PARENT_HBN_BULK_LIKE,3,0,3,0,center=B|type=PARENT_HBN|region=PARENT_HBN_BULK_LIKE|degree=3|neighbor_elements=N:3|neighbor_types=PARENT_HBN:3
P:1121,N,PARENT_HBN,PARENT,PARENT_HBN_BULK_LIKE,3,3,0,0,center=N|type=PARENT_HBN|region=PARENT_HBN_BULK_LIKE|degree=3|neighbor_elements=B:3|neighbor_types=PARENT_HBN:3
P:1122,B,PARENT_HBN,PARENT,PARENT_HBN_BULK_LIKE,3,0,3,0,center=B|type=PARENT_HBN|region=PARENT_HBN_BULK_LIKE|degree=3|neighbor_elements=N:3|neighbor_types=PARENT_HBN:3
P:1123,N,PARENT_HBN,PARENT,PARENT_HBN_BULK_LIKE,3,3,0,0,center=N|type=PARENT_HBN|region=PARENT_HBN_BULK_LIKE|degree=3|neighbor_elements=B:3|neighbor_types=PARENT_HBN:3
P:1124,B,PARENT_HBN,PARENT,PARENT_HBN_BULK_LIKE,3,0,3,0,center=B|type=PARENT_HBN|region=PARENT_HBN_BULK_LIKE|degree=3|neighbor_elements=N:3|neighbor_types=PARENT_HBN:3
P:1125,N,PARENT_HBN,PARENT,PARENT_HBN_BULK_LIKE,3,3,0,0,center=N|type=PARENT_HBN|region=PARENT_HBN_BULK_LIKE|degree=3|neighbor_elements=B:3|neighbor_types=PARENT_HBN:3
P:1126,B,PARENT_HBN,PARENT,PARENT_HBN_BULK_LIKE,3,0,3,0,center=B|type=PARENT_HBN|region=PARENT_HBN_BULK_LIKE|degree=3|neighbor_elements=N:3|neighbor_types=PARENT_HBN:3
P:1127,N,PARENT_HBN,PARENT,PARENT_HBN_BULK_LIKE,3,3,0,0,center=N|type=PARENT_HBN|region=PARENT_HBN_BULK_LIKE|degree=3|neighbor_elements=B:3|neighbor_types=PARENT_HBN:3
P:1128,B,PARENT_HBN,PARENT,PARENT_HBN_BULK_LIKE,3,0,3,0,center=B|type=PARENT_HBN|region=PARENT_HBN_BULK_LIKE|degree=3|neighbor_elements=N:3|neighbor_types=PARENT_HBN:3
P:1129,N,PARENT_HBN,PARENT,PARENT_HBN_BULK_LIKE,3,3,0,0,center=N|type=PARENT_HBN|region=PARENT_HBN_BULK_LIKE|degree=3|neighbor_elements=B:3|neighbor_types=PARENT_HBN:3
P:113,N,PARENT_HBN,PARENT,PARENT_HBN_BULK_LIKE,3,3,0,0,center=N|type=PARENT_HBN|region=PARENT_HBN_BULK_LIKE|degree=3|neighbor_elements=B:3|neighbor_types=PARENT_HBN:3
P:1130,B,PARENT_HBN,PARENT,PARENT_HBN_BULK_LIKE,3,0,3,0,center=B|type=PARENT_HBN|region=PARENT_HBN_BULK_LIKE|degree=3|neighbor_elements=N:3|neighbor_types=PARENT_HBN:3
P:1131,N,PARENT_HBN,PARENT,PARENT_HBN_BULK_LIKE,3,3,0,0,center=N|type=PARENT_HBN|region=PARENT_HBN_BULK_LIKE|degree=3|neighbor_elements=B:3|neighbor_types=PARENT_HBN:3
P:1132,B,PARENT_HBN,PARENT,PARENT_HBN_BULK_LIKE,3,0,3,0,center=B|type=PARENT_HBN|region=PARENT_HBN_BULK_LIKE|degree=3|neighbor_elements=N:3|neighbor_types=PARENT_HBN:3
P:1133,N,PARENT_HBN,PARENT,PARENT_HBN_BULK_LIKE,3,3,0,0,center=N|type=PARENT_HBN|region=PARENT_HBN_BULK_LIKE|degree=3|neighbor_elements=B:3|neighbor_types=PARENT_HBN:3
P:1134,B,PARENT_HBN,PARENT,PARENT_HBN_BULK_LIKE,3,0,3,0,center=B|type=PARENT_HBN|region=PARENT_HBN_BULK_LIKE|degree=3|neighbor_elements=N:3|neighbor_types=PARENT_HBN:3
P:1135,N,PARENT_HBN,PARENT,PARENT_HBN_BULK_LIKE,3,3,0,0,center=N|type=PARENT_HBN|region=PARENT_HBN_BULK_LIKE|degree=3|neighbor_elements=B:3|neighbor_types=PARENT_HBN:3
P:1136,B,PARENT_HBN,PARENT,PARENT_HBN_BULK_LIKE,3,0,3,0,center=B|type=PARENT_HBN|region=PARENT_HBN_BULK_LIKE|degree=3|neighbor_elements=N:3|neighbor_types=PARENT_HBN:3
P:1137,N,PARENT_HBN,PARENT,PARENT_HBN_BULK_LIKE,3,3,0,0,center=N|type=PARENT_HBN|region=PARENT_HBN_BULK_LIKE|degree=3|neighbor_elements=B:3|neighbor_types=PARENT_HBN:3
P:1138,B,PARENT_HBN,PARENT,PARENT_HBN_BULK_LIKE,3,0,3,0,center=B|type=PARENT_HBN|region=PARENT_HBN_BULK_LIKE|degree=3|neighbor_elements=N:3|neighbor_types=PARENT_HBN:3
P:1139,N,PARENT_HBN,PARENT,PARENT_HBN_BULK_LIKE,3,3,0,0,center=N|type=PARENT_HBN|region=PARENT_HBN_BULK_LIKE|degree=3|neighbor_elements=B:3|neighbor_types=PARENT_HBN:3
P:114,B,PARENT_HBN,PARENT,PARENT_HBN_BULK_LIKE,3,0,3,0,center=B|type=PARENT_HBN|region=PARENT_HBN_BULK_LIKE|degree=3|neighbor_elements=N:3|neighbor_types=PARENT_HBN:3
P:1140,B,PARENT_HBN,PARENT,PARENT_HBN_BULK_LIKE,3,0,3,0,center=B|type=PARENT_HBN|region=PARENT_HBN_BULK_LIKE|degree=3|neighbor_elements=N:3|neighbor_types=PARENT_HBN:3
P:1141,N,PARENT_HBN,PARENT,PARENT_HBN_BULK_LIKE,3,3,0,0,center=N|type=PARENT_HBN|region=PARENT_HBN_BULK_LIKE|degree=3|neighbor_elements=B:3|neighbor_types=PARENT_HBN:3
P:1142,B,PARENT_HBN,PARENT,PARENT_HBN_BULK_LIKE,3,0,3,0,center=B|type=PARENT_HBN|region=PARENT_HBN_BULK_LIKE|degree=3|neighbor_elements=N:3|neighbor_types=PARENT_HBN:3
P:1143,N,PARENT_HBN,PARENT,PARENT_HBN_BULK_LIKE,3,3,0,0,center=N|type=PARENT_HBN|region=PARENT_HBN_BULK_LIKE|degree=3|neighbor_elements=B:3|neighbor_types=PARENT_HBN:3
P:1144,B,PARENT_HBN,PARENT,PARENT_HBN_BULK_LIKE,3,0,3,0,center=B|type=PARENT_HBN|region=PARENT_HBN_BULK_LIKE|degree=3|neighbor_elements=N:3|neighbor_types=PARENT_HBN:3
P:1145,N,PARENT_HBN,PARENT,PARENT_HBN_BULK_LIKE,3,3,0,0,center=N|type=PARENT_HBN|region=PARENT_HBN_BULK_LIKE|degree=3|neighbor_elements=B:3|neighbor_types=PARENT_HBN:3
P:1146,B,PARENT_HBN,PARENT,PARENT_HBN_BULK_LIKE,3,0,3,0,center=B|type=PARENT_HBN|region=PARENT_HBN_BULK_LIKE|degree=3|neighbor_elements=N:3|neighbor_types=PARENT_HBN:3
P:1147,N,PARENT_HBN,PARENT,PARENT_HBN_BULK_LIKE,3,3,0,0,center=N|type=PARENT_HBN|region=PARENT_HBN_BULK_LIKE|degree=3|neighbor_elements=B:3|neighbor_types=PARENT_HBN:3
P:1148,B,PARENT_HBN,PARENT,PARENT_HBN_BULK_LIKE,3,0,3,0,center=B|type=PARENT_HBN|region=PARENT_HBN_BULK_LIKE|degree=3|neighbor_elements=N:3|neighbor_types=PARENT_HBN:3
P:1149,N,PARENT_HBN,PARENT,PARENT_HBN_BULK_LIKE,3,3,0,0,center=N|type=PARENT_HBN|region=PARENT_HBN_BULK_LIKE|degree=3|neighbor_elements=B:3|neighbor_types=PARENT_HBN:3
P:115,N,PARENT_HBN,PARENT,PARENT_HBN_BULK_LIKE,3,3,0,0,center=N|type=PARENT_HBN|region=PARENT_HBN_BULK_LIKE|degree=3|neighbor_elements=B:3|neighbor_types=PARENT_HBN:3
P:1150,B,PARENT_HBN,PARENT,PARENT_HBN_BULK_LIKE,3,0,3,0,center=B|type=PARENT_HBN|region=PARENT_HBN_BULK_LIKE|degree=3|neighbor_elements=N:3|neighbor_types=PARENT_HBN:3
P:1151,N,PARENT_HBN,PARENT,PARENT_HBN_BULK_LIKE,3,3,0,0,center=N|type=PARENT_HBN|region=PARENT_HBN_BULK_LIKE|degree=3|neighbor_elements=B:3|neighbor_types=PARENT_HBN:3
P:1152,B,PARENT_HBN,PARENT,PARENT_HBN_BULK_LIKE,3,0,3,0,center=B|type=PARENT_HBN|region=PARENT_HBN_BULK_LIKE|degree=3|neighbor_elements=N:3|neighbor_types=PARENT_HBN:3
P:1153,N,PARENT_HBN,PARENT,PARENT_HBN_BULK_LIKE,3,3,0,0,center=N|type=PARENT_HBN|region=PARENT_HBN_BULK_LIKE|degree=3|neighbor_elements=B:3|neighbor_types=PARENT_HBN:3
P:1154,B,PARENT_HBN,PARENT,PARENT_HBN_BULK_LIKE,3,0,3,0,center=B|type=PARENT_HBN|region=PARENT_HBN_BULK_LIKE|degree=3|neighbor_elements=N:3|neighbor_types=PARENT_HBN:3
P:1155,N,PARENT_HBN,PARENT,PARENT_HBN_BULK_LIKE,3,3,0,0,center=N|type=PARENT_HBN|region=PARENT_HBN_BULK_LIKE|degree=3|neighbor_elements=B:3|neighbor_types=PARENT_HBN:3
P:1156,B,PARENT_HBN,PARENT,PARENT_HBN_BULK_LIKE,3,0,3,0,center=B|type=PARENT_HBN|region=PARENT_HBN_BULK_LIKE|degree=3|neighbor_elements=N:3|neighbor_types=PARENT_HBN:3
P:1157,N,PARENT_HBN,PARENT,PARENT_HBN_BULK_LIKE,3,3,0,0,center=N|type=PARENT_HBN|region=PARENT_HBN_BULK_LIKE|degree=3|neighbor_elements=B:3|neighbor_types=PARENT_HBN:3
P:1158,B,PARENT_HBN,PARENT,PARENT_HBN_BULK_LIKE,3,0,3,0,center=B|type=PARENT_HBN|region=PARENT_HBN_BULK_LIKE|degree=3|neighbor_elements=N:3|neighbor_types=PARENT_HBN:3
P:1159,N,PARENT_HBN,PARENT,PARENT_HBN_BULK_LIKE,3,3,0,0,center=N|type=PARENT_HBN|region=PARENT_HBN_BULK_LIKE|degree=3|neighbor_elements=B:3|neighbor_types=PARENT_HBN:3
P:116,B,PARENT_HBN,PARENT,PARENT_HBN_BULK_LIKE,3,0,3,0,center=B|type=PARENT_HBN|region=PARENT_HBN_BULK_LIKE|degree=3|neighbor_elements=N:3|neighbor_types=PARENT_HBN:3
P:1160,B,PARENT_HBN,PARENT,PARENT_HBN_BULK_LIKE,3,0,3,0,center=B|type=PARENT_HBN|region=PARENT_HBN_BULK_LIKE|degree=3|neighbor_elements=N:3|neighbor_types=PARENT_HBN:3
P:1161,N,PARENT_HBN,PARENT,PARENT_HBN_BULK_LIKE,3,3,0,0,center=N|type=PARENT_HBN|region=PARENT_HBN_BULK_LIKE|degree=3|neighbor_elements=B:3|neighbor_types=PARENT_HBN:3
P:1162,B,PARENT_HBN,PARENT,PARENT_HBN_BULK_LIKE,3,0,3,0,center=B|type=PARENT_HBN|region=PARENT_HBN_BULK_LIKE|degree=3|neighbor_elements=N:3|neighbor_types=PARENT_HBN:3
P:1163,N,PARENT_HBN,PARENT,PARENT_HBN_BULK_LIKE,3,3,0,0,center=N|type=PARENT_HBN|region=PARENT_HBN_BULK_LIKE|degree=3|neighbor_elements=B:3|neighbor_types=PARENT_HBN:3
P:1164,B,PARENT_HBN,PARENT,PARENT_HBN_BULK_LIKE,3,0,3,0,center=B|type=PARENT_HBN|region=PARENT_HBN_BULK_LIKE|degree=3|neighbor_elements=N:3|neighbor_types=PARENT_HBN:3
P:1165,N,PARENT_HBN,PARENT,PARENT_HBN_BULK_LIKE,3,3,0,0,center=N|type=PARENT_HBN|region=PARENT_HBN_BULK_LIKE|degree=3|neighbor_elements=B:3|neighbor_types=PARENT_HBN:3
P:1166,B,PARENT_HBN,PARENT,PARENT_HBN_BULK_LIKE,3,0,3,0,center=B|type=PARENT_HBN|region=PARENT_HBN_BULK_LIKE|degree=3|neighbor_elements=N:3|neighbor_types=PARENT_HBN:3
P:1167,N,PARENT_HBN,PARENT,PARENT_HBN_BULK_LIKE,3,3,0,0,center=N|type=PARENT_HBN|region=PARENT_HBN_BULK_LIKE|degree=3|neighbor_elements=B:3|neighbor_types=PARENT_HBN:3
P:1168,B,PARENT_HBN,PARENT,PARENT_HBN_BULK_LIKE,3,0,3,0,center=B|type=PARENT_HBN|region=PARENT_HBN_BULK_LIKE|degree=3|neighbor_elements=N:3|neighbor_types=PARENT_HBN:3
P:1169,N,PARENT_HBN,PARENT,PARENT_HBN_BULK_LIKE,3,3,0,0,center=N|type=PARENT_HBN|region=PARENT_HBN_BULK_LIKE|degree=3|neighbor_elements=B:3|neighbor_types=PARENT_HBN:3
P:117,N,PARENT_HBN,PARENT,PARENT_HBN_BULK_LIKE,3,3,0,0,center=N|type=PARENT_HBN|region=PARENT_HBN_BULK_LIKE|degree=3|neighbor_elements=B:3|neighbor_types=PARENT_HBN:3
P:1170,B,PARENT_HBN,PARENT,PARENT_HBN_BULK_LIKE,3,0,3,0,center=B|type=PARENT_HBN|region=PARENT_HBN_BULK_LIKE|degree=3|neighbor_elements=N:3|neighbor_types=PARENT_HBN:3
P:1171,N,PARENT_HBN,PARENT,PARENT_HBN_BULK_LIKE,3,3,0,0,center=N|type=PARENT_HBN|region=PARENT_HBN_BULK_LIKE|degree=3|neighbor_elements=B:3|neighbor_types=PARENT_HBN:3
P:1172,B,PARENT_HBN,PARENT,PARENT_HBN_BULK_LIKE,3,0,3,0,center=B|type=PARENT_HBN|region=PARENT_HBN_BULK_LIKE|degree=3|neighbor_elements=N:3|neighbor_types=PARENT_HBN:3
P:1173,N,PARENT_HBN,PARENT,PARENT_HBN_BULK_LIKE,3,3,0,0,center=N|type=PARENT_HBN|region=PARENT_HBN_BULK_LIKE|degree=3|neighbor_elements=B:3|neighbor_types=PARENT_HBN:3
P:1174,B,PARENT_HBN,PARENT,PARENT_HBN_BULK_LIKE,3,0,3,0,center=B|type=PARENT_HBN|region=PARENT_HBN_BULK_LIKE|degree=3|neighbor_elements=N:3|neighbor_types=PARENT_HBN:3
P:1175,N,PARENT_HBN,PARENT,PARENT_HBN_BULK_LIKE,3,3,0,0,center=N|type=PARENT_HBN|region=PARENT_HBN_BULK_LIKE|degree=3|neighbor_elements=B:3|neighbor_types=PARENT_HBN:3
P:1176,B,PARENT_HBN,PARENT,PARENT_HBN_BULK_LIKE,3,0,3,0,center=B|type=PARENT_HBN|region=PARENT_HBN_BULK_LIKE|degree=3|neighbor_elements=N:3|neighbor_types=PARENT_HBN:3
P:1177,N,PARENT_HBN,PARENT,PARENT_HBN_BULK_LIKE,3,3,0,0,center=N|type=PARENT_HBN|region=PARENT_HBN_BULK_LIKE|degree=3|neighbor_elements=B:3|neighbor_types=PARENT_HBN:3
P:1178,B,PARENT_HBN,PARENT,PARENT_HBN_BULK_LIKE,3,0,3,0,center=B|type=PARENT_HBN|region=PARENT_HBN_BULK_LIKE|degree=3|neighbor_elements=N:3|neighbor_types=PARENT_HBN:3
P:1179,N,PARENT_HBN,PARENT,PARENT_HBN_BULK_LIKE,3,3,0,0,center=N|type=PARENT_HBN|region=PARENT_HBN_BULK_LIKE|degree=3|neighbor_elements=B:3|neighbor_types=PARENT_HBN:3
P:118,B,PARENT_HBN,PARENT,PARENT_HBN_BULK_LIKE,3,0,3,0,center=B|type=PARENT_HBN|region=PARENT_HBN_BULK_LIKE|degree=3|neighbor_elements=N:3|neighbor_types=PARENT_HBN:3
P:1180,B,PARENT_HBN,PARENT,PARENT_HBN_BULK_LIKE,3,0,3,0,center=B|type=PARENT_HBN|region=PARENT_HBN_BULK_LIKE|degree=3|neighbor_elements=N:3|neighbor_types=PARENT_HBN:3
P:1181,N,PARENT_HBN,PARENT,PARENT_HBN_BULK_LIKE,3,3,0,0,center=N|type=PARENT_HBN|region=PARENT_HBN_BULK_LIKE|degree=3|neighbor_elements=B:3|neighbor_types=PARENT_HBN:3
P:1182,B,PARENT_HBN,PARENT,PARENT_HBN_BULK_LIKE,3,0,3,0,center=B|type=PARENT_HBN|region=PARENT_HBN_BULK_LIKE|degree=3|neighbor_elements=N:3|neighbor_types=PARENT_HBN:3
P:1183,N,PARENT_HBN,PARENT,PARENT_HBN_BULK_LIKE,3,3,0,0,center=N|type=PARENT_HBN|region=PARENT_HBN_BULK_LIKE|degree=3|neighbor_elements=B:3|neighbor_types=PARENT_HBN:3
P:1184,B,PARENT_HBN,PARENT,PARENT_HBN_BULK_LIKE,3,0,3,0,center=B|type=PARENT_HBN|region=PARENT_HBN_BULK_LIKE|degree=3|neighbor_elements=N:3|neighbor_types=PARENT_HBN:3
P:1185,N,PARENT_HBN,PARENT,PARENT_HBN_BULK_LIKE,3,3,0,0,center=N|type=PARENT_HBN|region=PARENT_HBN_BULK_LIKE|degree=3|neighbor_elements=B:3|neighbor_types=PARENT_HBN:3
P:1186,B,PARENT_HBN,PARENT,PARENT_HBN_BULK_LIKE,3,0,3,0,center=B|type=PARENT_HBN|region=PARENT_HBN_BULK_LIKE|degree=3|neighbor_elements=N:3|neighbor_types=PARENT_HBN:3
P:1187,N,PARENT_HBN,PARENT,PARENT_HBN_BULK_LIKE,3,3,0,0,center=N|type=PARENT_HBN|region=PARENT_HBN_BULK_LIKE|degree=3|neighbor_elements=B:3|neighbor_types=PARENT_HBN:3
P:1188,B,PARENT_HBN,PARENT,PARENT_HBN_BULK_LIKE,3,0,3,0,center=B|type=PARENT_HBN|region=PARENT_HBN_BULK_LIKE|degree=3|neighbor_elements=N:3|neighbor_types=PARENT_HBN:3
P:1189,N,PARENT_HBN,PARENT,PARENT_HBN_BULK_LIKE,3,3,0,0,center=N|type=PARENT_HBN|region=PARENT_HBN_BULK_LIKE|degree=3|neighbor_elements=B:3|neighbor_types=PARENT_HBN:3
P:119,N,PARENT_HBN,PARENT,PARENT_HBN_BULK_LIKE,3,3,0,0,center=N|type=PARENT_HBN|region=PARENT_HBN_BULK_LIKE|degree=3|neighbor_elements=B:3|neighbor_types=PARENT_HBN:3
P:1190,B,PARENT_HBN,PARENT,PARENT_HBN_BULK_LIKE,3,0,3,0,center=B|type=PARENT_HBN|region=PARENT_HBN_BULK_LIKE|degree=3|neighbor_elements=N:3|neighbor_types=PARENT_HBN:3
P:1191,N,PARENT_HBN,PARENT,PARENT_HBN_BULK_LIKE,3,3,0,0,center=N|type=PARENT_HBN|region=PARENT_HBN_BULK_LIKE|degree=3|neighbor_elements=B:3|neighbor_types=PARENT_HBN:3
P:1192,B,PARENT_HBN,PARENT,PARENT_HBN_BULK_LIKE,3,0,3,0,center=B|type=PARENT_HBN|region=PARENT_HBN_BULK_LIKE|degree=3|neighbor_elements=N:3|neighbor_types=PARENT_HBN:3
P:1193,N,PARENT_HBN,PARENT,PARENT_HBN_BULK_LIKE,3,3,0,0,center=N|type=PARENT_HBN|region=PARENT_HBN_BULK_LIKE|degree=3|neighbor_elements=B:3|neighbor_types=PARENT_HBN:3
P:1194,B,PARENT_HBN,PARENT,PARENT_HBN_BULK_LIKE,3,0,3,0,center=B|type=PARENT_HBN|region=PARENT_HBN_BULK_LIKE|degree=3|neighbor_elements=N:3|neighbor_types=PARENT_HBN:3
P:1195,N,PARENT_HBN,PARENT,PARENT_HBN_BULK_LIKE,3,3,0,0,center=N|type=PARENT_HBN|region=PARENT_HBN_BULK_LIKE|degree=3|neighbor_elements=B:3|neighbor_types=PARENT_HBN:3
P:1196,B,PARENT_HBN,PARENT,PARENT_HBN_BULK_LIKE,3,0,3,0,center=B|type=PARENT_HBN|region=PARENT_HBN_BULK_LIKE|degree=3|neighbor_elements=N:3|neighbor_types=PARENT_HBN:3
P:1197,N,PARENT_HBN,PARENT,PARENT_HBN_BULK_LIKE,3,3,0,0,center=N|type=PARENT_HBN|region=PARENT_HBN_BULK_LIKE|degree=3|neighbor_elements=B:3|neighbor_types=PARENT_HBN:3
P:1198,B,PARENT_HBN,PARENT,PARENT_HBN_BULK_LIKE,3,0,3,0,center=B|type=PARENT_HBN|region=PARENT_HBN_BULK_LIKE|degree=3|neighbor_elements=N:3|neighbor_types=PARENT_HBN:3
P:1199,N,PARENT_HBN,PARENT,PARENT_HBN_BULK_LIKE,3,3,0,0,center=N|type=PARENT_HBN|region=PARENT_HBN_BULK_LIKE|degree=3|neighbor_elements=B:3|neighbor_types=PARENT_HBN:3
P:12,B,PARENT_HBN,PARENT,PARENT_SEED_ATTACHMENT,3,0,3,0,"center=B|type=PARENT_HBN|region=PARENT_SEED_ATTACHMENT|degree=3|neighbor_elements=N:3|neighbor_types=HEXAGONAL_EDGE_COMPLETION_SEED:2,PARENT_HBN:1"
P:120,B,PARENT_HBN,PARENT,PARENT_HBN_BULK_LIKE,3,0,3,0,center=B|type=PARENT_HBN|region=PARENT_HBN_BULK_LIKE|degree=3|neighbor_elements=N:3|neighbor_types=PARENT_HBN:3
P:1200,B,PARENT_HBN,PARENT,PARENT_HBN_BULK_LIKE,3,0,3,0,center=B|type=PARENT_HBN|region=PARENT_HBN_BULK_LIKE|degree=3|neighbor_elements=N:3|neighbor_types=PARENT_HBN:3
P:1201,N,PARENT_HBN,PARENT,PARENT_HBN_BULK_LIKE,3,3,0,0,center=N|type=PARENT_HBN|region=PARENT_HBN_BULK_LIKE|degree=3|neighbor_elements=B:3|neighbor_types=PARENT_HBN:3
P:1202,B,PARENT_HBN,PARENT,PARENT_HBN_BULK_LIKE,3,0,3,0,center=B|type=PARENT_HBN|region=PARENT_HBN_BULK_LIKE|degree=3|neighbor_elements=N:3|neighbor_types=PARENT_HBN:3
P:1203,N,PARENT_HBN,PARENT,PARENT_HBN_BULK_LIKE,3,3,0,0,center=N|type=PARENT_HBN|region=PARENT_HBN_BULK_LIKE|degree=3|neighbor_elements=B:3|neighbor_types=PARENT_HBN:3
P:1204,B,PARENT_HBN,PARENT,PARENT_HBN_BULK_LIKE,3,0,3,0,center=B|type=PARENT_HBN|region=PARENT_HBN_BULK_LIKE|degree=3|neighbor_elements=N:3|neighbor_types=PARENT_HBN:3
P:1205,N,PARENT_HBN,PARENT,PARENT_HBN_BULK_LIKE,3,3,0,0,center=N|type=PARENT_HBN|region=PARENT_HBN_BULK_LIKE|degree=3|neighbor_elements=B:3|neighbor_types=PARENT_HBN:3
P:1206,B,PARENT_HBN,PARENT,PARENT_HBN_BULK_LIKE,3,0,3,0,center=B|type=PARENT_HBN|region=PARENT_HBN_BULK_LIKE|degree=3|neighbor_elements=N:3|neighbor_types=PARENT_HBN:3
P:1207,N,PARENT_HBN,PARENT,PARENT_HBN_BULK_LIKE,3,3,0,0,center=N|type=PARENT_HBN|region=PARENT_HBN_BULK_LIKE|degree=3|neighbor_elements=B:3|neighbor_types=PARENT_HBN:3
P:1208,B,PARENT_HBN,PARENT,PARENT_HBN_BULK_LIKE,3,0,3,0,center=B|type=PARENT_HBN|region=PARENT_HBN_BULK_LIKE|degree=3|neighbor_elements=N:3|neighbor_types=PARENT_HBN:3
P:1209,N,PARENT_HBN,PARENT,PARENT_HBN_BULK_LIKE,3,3,0,0,center=N|type=PARENT_HBN|region=PARENT_HBN_BULK_LIKE|degree=3|neighbor_elements=B:3|neighbor_types=PARENT_HBN:3
P:121,N,PARENT_HBN,PARENT,PARENT_HBN_BULK_LIKE,3,3,0,0,center=N|type=PARENT_HBN|region=PARENT_HBN_BULK_LIKE|degree=3|neighbor_elements=B:3|neighbor_types=PARENT_HBN:3
P:1210,B,PARENT_HBN,PARENT,PARENT_HBN_BULK_LIKE,3,0,3,0,center=B|type=PARENT_HBN|region=PARENT_HBN_BULK_LIKE|degree=3|neighbor_elements=N:3|neighbor_types=PARENT_HBN:3
P:1211,N,PARENT_HBN,PARENT,PARENT_HBN_BULK_LIKE,3,3,0,0,center=N|type=PARENT_HBN|region=PARENT_HBN_BULK_LIKE|degree=3|neighbor_elements=B:3|neighbor_types=PARENT_HBN:3
P:1212,B,PARENT_HBN,PARENT,PARENT_HBN_BULK_LIKE,3,0,3,0,center=B|type=PARENT_HBN|region=PARENT_HBN_BULK_LIKE|degree=3|neighbor_elements=N:3|neighbor_types=PARENT_HBN:3
P:1213,N,PARENT_HBN,PARENT,PARENT_HBN_BULK_LIKE,3,3,0,0,center=N|type=PARENT_HBN|region=PARENT_HBN_BULK_LIKE|degree=3|neighbor_elements=B:3|neighbor_types=PARENT_HBN:3
P:1214,B,PARENT_HBN,PARENT,PARENT_HBN_BULK_LIKE,3,0,3,0,center=B|type=PARENT_HBN|region=PARENT_HBN_BULK_LIKE|degree=3|neighbor_elements=N:3|neighbor_types=PARENT_HBN:3
P:1215,N,PARENT_HBN,PARENT,PARENT_HBN_BULK_LIKE,3,3,0,0,center=N|type=PARENT_HBN|region=PARENT_HBN_BULK_LIKE|degree=3|neighbor_elements=B:3|neighbor_types=PARENT_HBN:3
P:1216,B,PARENT_HBN,PARENT,PARENT_HBN_BULK_LIKE,3,0,3,0,center=B|type=PARENT_HBN|region=PARENT_HBN_BULK_LIKE|degree=3|neighbor_elements=N:3|neighbor_types=PARENT_HBN:3
P:1217,N,PARENT_HBN,PARENT,PARENT_HBN_BULK_LIKE,3,3,0,0,center=N|type=PARENT_HBN|region=PARENT_HBN_BULK_LIKE|degree=3|neighbor_elements=B:3|neighbor_types=PARENT_HBN:3
P:1218,B,PARENT_HBN,PARENT,PARENT_HBN_BULK_LIKE,3,0,3,0,center=B|type=PARENT_HBN|region=PARENT_HBN_BULK_LIKE|degree=3|neighbor_elements=N:3|neighbor_types=PARENT_HBN:3
P:1219,N,PARENT_HBN,PARENT,PARENT_HBN_BULK_LIKE,3,3,0,0,center=N|type=PARENT_HBN|region=PARENT_HBN_BULK_LIKE|degree=3|neighbor_elements=B:3|neighbor_types=PARENT_HBN:3
P:122,B,PARENT_HBN,PARENT,PARENT_HBN_BULK_LIKE,3,0,3,0,center=B|type=PARENT_HBN|region=PARENT_HBN_BULK_LIKE|degree=3|neighbor_elements=N:3|neighbor_types=PARENT_HBN:3
P:1220,B,PARENT_HBN,PARENT,PARENT_HBN_BULK_LIKE,3,0,3,0,center=B|type=PARENT_HBN|region=PARENT_HBN_BULK_LIKE|degree=3|neighbor_elements=N:3|neighbor_types=PARENT_HBN:3
P:1221,N,PARENT_HBN,PARENT,PARENT_HBN_BULK_LIKE,3,3,0,0,center=N|type=PARENT_HBN|region=PARENT_HBN_BULK_LIKE|degree=3|neighbor_elements=B:3|neighbor_types=PARENT_HBN:3
P:1222,B,PARENT_HBN,PARENT,PARENT_HBN_BULK_LIKE,3,0,3,0,center=B|type=PARENT_HBN|region=PARENT_HBN_BULK_LIKE|degree=3|neighbor_elements=N:3|neighbor_types=PARENT_HBN:3
P:1223,N,PARENT_HBN,PARENT,PARENT_HBN_BULK_LIKE,3,3,0,0,center=N|type=PARENT_HBN|region=PARENT_HBN_BULK_LIKE|degree=3|neighbor_elements=B:3|neighbor_types=PARENT_HBN:3
P:1224,B,PARENT_HBN,PARENT,PARENT_HBN_BULK_LIKE,3,0,3,0,center=B|type=PARENT_HBN|region=PARENT_HBN_BULK_LIKE|degree=3|neighbor_elements=N:3|neighbor_types=PARENT_HBN:3
P:1225,N,PARENT_HBN,PARENT,PARENT_HBN_BULK_LIKE,3,3,0,0,center=N|type=PARENT_HBN|region=PARENT_HBN_BULK_LIKE|degree=3|neighbor_elements=B:3|neighbor_types=PARENT_HBN:3
P:1226,B,PARENT_HBN,PARENT,PARENT_HBN_BULK_LIKE,3,0,3,0,center=B|type=PARENT_HBN|region=PARENT_HBN_BULK_LIKE|degree=3|neighbor_elements=N:3|neighbor_types=PARENT_HBN:3
P:1227,N,PARENT_HBN,PARENT,PARENT_HBN_BULK_LIKE,3,3,0,0,center=N|type=PARENT_HBN|region=PARENT_HBN_BULK_LIKE|degree=3|neighbor_elements=B:3|neighbor_types=PARENT_HBN:3
P:1228,B,PARENT_HBN,PARENT,PARENT_HBN_BULK_LIKE,3,0,3,0,center=B|type=PARENT_HBN|region=PARENT_HBN_BULK_LIKE|degree=3|neighbor_elements=N:3|neighbor_types=PARENT_HBN:3
P:1229,N,PARENT_HBN,PARENT,PARENT_HBN_BULK_LIKE,3,3,0,0,center=N|type=PARENT_HBN|region=PARENT_HBN_BULK_LIKE|degree=3|neighbor_elements=B:3|neighbor_types=PARENT_HBN:3
P:123,N,PARENT_HBN,PARENT,PARENT_HBN_BULK_LIKE,3,3,0,0,center=N|type=PARENT_HBN|region=PARENT_HBN_BULK_LIKE|degree=3|neighbor_elements=B:3|neighbor_types=PARENT_HBN:3
P:1230,B,PARENT_HBN,PARENT,PARENT_HBN_BULK_LIKE,3,0,3,0,center=B|type=PARENT_HBN|region=PARENT_HBN_BULK_LIKE|degree=3|neighbor_elements=N:3|neighbor_types=PARENT_HBN:3
P:1231,N,PARENT_HBN,PARENT,PARENT_HBN_BULK_LIKE,3,3,0,0,center=N|type=PARENT_HBN|region=PARENT_HBN_BULK_LIKE|degree=3|neighbor_elements=B:3|neighbor_types=PARENT_HBN:3
P:1232,B,PARENT_HBN,PARENT,PARENT_HBN_BULK_LIKE,3,0,3,0,center=B|type=PARENT_HBN|region=PARENT_HBN_BULK_LIKE|degree=3|neighbor_elements=N:3|neighbor_types=PARENT_HBN:3
P:1233,N,PARENT_HBN,PARENT,PARENT_HBN_BULK_LIKE,3,3,0,0,center=N|type=PARENT_HBN|region=PARENT_HBN_BULK_LIKE|degree=3|neighbor_elements=B:3|neighbor_types=PARENT_HBN:3
P:1234,B,PARENT_HBN,PARENT,PARENT_HBN_BULK_LIKE,3,0,3,0,center=B|type=PARENT_HBN|region=PARENT_HBN_BULK_LIKE|degree=3|neighbor_elements=N:3|neighbor_types=PARENT_HBN:3
P:1235,N,PARENT_HBN,PARENT,PARENT_HBN_BULK_LIKE,3,3,0,0,center=N|type=PARENT_HBN|region=PARENT_HBN_BULK_LIKE|degree=3|neighbor_elements=B:3|neighbor_types=PARENT_HBN:3
P:1236,B,PARENT_HBN,PARENT,PARENT_HBN_BULK_LIKE,3,0,3,0,center=B|type=PARENT_HBN|region=PARENT_HBN_BULK_LIKE|degree=3|neighbor_elements=N:3|neighbor_types=PARENT_HBN:3
P:1237,N,PARENT_HBN,PARENT,PARENT_HBN_BULK_LIKE,3,3,0,0,center=N|type=PARENT_HBN|region=PARENT_HBN_BULK_LIKE|degree=3|neighbor_elements=B:3|neighbor_types=PARENT_HBN:3
P:1238,B,PARENT_HBN,PARENT,PARENT_HBN_BULK_LIKE,3,0,3,0,center=B|type=PARENT_HBN|region=PARENT_HBN_BULK_LIKE|degree=3|neighbor_elements=N:3|neighbor_types=PARENT_HBN:3
P:1239,N,PARENT_HBN,PARENT,PARENT_HBN_BULK_LIKE,3,3,0,0,center=N|type=PARENT_HBN|region=PARENT_HBN_BULK_LIKE|degree=3|neighbor_elements=B:3|neighbor_types=PARENT_HBN:3
P:124,B,PARENT_HBN,PARENT,PARENT_HBN_BULK_LIKE,3,0,3,0,center=B|type=PARENT_HBN|region=PARENT_HBN_BULK_LIKE|degree=3|neighbor_elements=N:3|neighbor_types=PARENT_HBN:3
P:1240,B,PARENT_HBN,PARENT,PARENT_HBN_BULK_LIKE,3,0,3,0,center=B|type=PARENT_HBN|region=PARENT_HBN_BULK_LIKE|degree=3|neighbor_elements=N:3|neighbor_types=PARENT_HBN:3
P:1241,N,PARENT_HBN,PARENT,PARENT_HBN_BULK_LIKE,3,3,0,0,center=N|type=PARENT_HBN|region=PARENT_HBN_BULK_LIKE|degree=3|neighbor_elements=B:3|neighbor_types=PARENT_HBN:3
P:1242,B,PARENT_HBN,PARENT,PARENT_HBN_BULK_LIKE,3,0,3,0,center=B|type=PARENT_HBN|region=PARENT_HBN_BULK_LIKE|degree=3|neighbor_elements=N:3|neighbor_types=PARENT_HBN:3
P:1243,N,PARENT_HBN,PARENT,PARENT_HBN_BULK_LIKE,3,3,0,0,center=N|type=PARENT_HBN|region=PARENT_HBN_BULK_LIKE|degree=3|neighbor_elements=B:3|neighbor_types=PARENT_HBN:3
P:1244,B,PARENT_HBN,PARENT,PARENT_HBN_BULK_LIKE,3,0,3,0,center=B|type=PARENT_HBN|region=PARENT_HBN_BULK_LIKE|degree=3|neighbor_elements=N:3|neighbor_types=PARENT_HBN:3
P:1245,N,PARENT_HBN,PARENT,PARENT_HBN_BULK_LIKE,3,3,0,0,center=N|type=PARENT_HBN|region=PARENT_HBN_BULK_LIKE|degree=3|neighbor_elements=B:3|neighbor_types=PARENT_HBN:3
P:1246,B,PARENT_HBN,PARENT,PARENT_HBN_BULK_LIKE,3,0,3,0,center=B|type=PARENT_HBN|region=PARENT_HBN_BULK_LIKE|degree=3|neighbor_elements=N:3|neighbor_types=PARENT_HBN:3
P:1247,N,PARENT_HBN,PARENT,PARENT_HBN_BULK_LIKE,3,3,0,0,center=N|type=PARENT_HBN|region=PARENT_HBN_BULK_LIKE|degree=3|neighbor_elements=B:3|neighbor_types=PARENT_HBN:3
P:1248,B,PARENT_HBN,PARENT,PARENT_HBN_BULK_LIKE,3,0,3,0,center=B|type=PARENT_HBN|region=PARENT_HBN_BULK_LIKE|degree=3|neighbor_elements=N:3|neighbor_types=PARENT_HBN:3
P:1249,N,PARENT_HBN,PARENT,PARENT_HBN_BULK_LIKE,3,3,0,0,center=N|type=PARENT_HBN|region=PARENT_HBN_BULK_LIKE|degree=3|neighbor_elements=B:3|neighbor_types=PARENT_HBN:3
P:125,N,PARENT_HBN,PARENT,PARENT_HBN_BULK_LIKE,3,3,0,0,center=N|type=PARENT_HBN|region=PARENT_HBN_BULK_LIKE|degree=3|neighbor_elements=B:3|neighbor_types=PARENT_HBN:3
P:1250,B,PARENT_HBN,PARENT,PARENT_HBN_BULK_LIKE,3,0,3,0,center=B|type=PARENT_HBN|region=PARENT_HBN_BULK_LIKE|degree=3|neighbor_elements=N:3|neighbor_types=PARENT_HBN:3
P:1251,N,PARENT_HBN,PARENT,PARENT_HBN_BULK_LIKE,3,3,0,0,center=N|type=PARENT_HBN|region=PARENT_HBN_BULK_LIKE|degree=3|neighbor_elements=B:3|neighbor_types=PARENT_HBN:3
P:1252,B,PARENT_HBN,PARENT,PARENT_HBN_BULK_LIKE,3,0,3,0,center=B|type=PARENT_HBN|region=PARENT_HBN_BULK_LIKE|degree=3|neighbor_elements=N:3|neighbor_types=PARENT_HBN:3
P:1253,N,PARENT_HBN,PARENT,PARENT_HBN_BULK_LIKE,3,3,0,0,center=N|type=PARENT_HBN|region=PARENT_HBN_BULK_LIKE|degree=3|neighbor_elements=B:3|neighbor_types=PARENT_HBN:3
P:1254,B,PARENT_HBN,PARENT,PARENT_HBN_BULK_LIKE,3,0,3,0,center=B|type=PARENT_HBN|region=PARENT_HBN_BULK_LIKE|degree=3|neighbor_elements=N:3|neighbor_types=PARENT_HBN:3
P:1255,N,PARENT_HBN,PARENT,PARENT_HBN_BULK_LIKE,3,3,0,0,center=N|type=PARENT_HBN|region=PARENT_HBN_BULK_LIKE|degree=3|neighbor_elements=B:3|neighbor_types=PARENT_HBN:3
P:1256,B,PARENT_HBN,PARENT,PARENT_HBN_BULK_LIKE,3,0,3,0,center=B|type=PARENT_HBN|region=PARENT_HBN_BULK_LIKE|degree=3|neighbor_elements=N:3|neighbor_types=PARENT_HBN:3
P:1257,N,PARENT_HBN,PARENT,PARENT_HBN_BULK_LIKE,3,3,0,0,center=N|type=PARENT_HBN|region=PARENT_HBN_BULK_LIKE|degree=3|neighbor_elements=B:3|neighbor_types=PARENT_HBN:3
P:1258,B,PARENT_HBN,PARENT,PARENT_HBN_BULK_LIKE,3,0,3,0,center=B|type=PARENT_HBN|region=PARENT_HBN_BULK_LIKE|degree=3|neighbor_elements=N:3|neighbor_types=PARENT_HBN:3
P:1259,N,PARENT_HBN,PARENT,PARENT_HBN_BULK_LIKE,3,3,0,0,center=N|type=PARENT_HBN|region=PARENT_HBN_BULK_LIKE|degree=3|neighbor_elements=B:3|neighbor_types=PARENT_HBN:3
P:126,B,PARENT_HBN,PARENT,PARENT_HBN_BULK_LIKE,3,0,3,0,center=B|type=PARENT_HBN|region=PARENT_HBN_BULK_LIKE|degree=3|neighbor_elements=N:3|neighbor_types=PARENT_HBN:3
P:1260,B,PARENT_HBN,PARENT,PARENT_HBN_BULK_LIKE,3,0,3,0,center=B|type=PARENT_HBN|region=PARENT_HBN_BULK_LIKE|degree=3|neighbor_elements=N:3|neighbor_types=PARENT_HBN:3
P:1261,N,PARENT_HBN,PARENT,PARENT_HBN_BULK_LIKE,3,3,0,0,center=N|type=PARENT_HBN|region=PARENT_HBN_BULK_LIKE|degree=3|neighbor_elements=B:3|neighbor_types=PARENT_HBN:3
P:1262,B,PARENT_HBN,PARENT,PARENT_HBN_BULK_LIKE,3,0,3,0,center=B|type=PARENT_HBN|region=PARENT_HBN_BULK_LIKE|degree=3|neighbor_elements=N:3|neighbor_types=PARENT_HBN:3
P:1263,N,PARENT_HBN,PARENT,PARENT_HBN_BULK_LIKE,3,3,0,0,center=N|type=PARENT_HBN|region=PARENT_HBN_BULK_LIKE|degree=3|neighbor_elements=B:3|neighbor_types=PARENT_HBN:3
P:1264,B,PARENT_HBN,PARENT,PARENT_HBN_BULK_LIKE,3,0,3,0,center=B|type=PARENT_HBN|region=PARENT_HBN_BULK_LIKE|degree=3|neighbor_elements=N:3|neighbor_types=PARENT_HBN:3
P:1265,N,PARENT_HBN,PARENT,PARENT_HBN_BULK_LIKE,3,3,0,0,center=N|type=PARENT_HBN|region=PARENT_HBN_BULK_LIKE|degree=3|neighbor_elements=B:3|neighbor_types=PARENT_HBN:3
P:1266,B,PARENT_HBN,PARENT,PARENT_HBN_BULK_LIKE,3,0,3,0,center=B|type=PARENT_HBN|region=PARENT_HBN_BULK_LIKE|degree=3|neighbor_elements=N:3|neighbor_types=PARENT_HBN:3
P:1267,N,PARENT_HBN,PARENT,PARENT_HBN_BULK_LIKE,3,3,0,0,center=N|type=PARENT_HBN|region=PARENT_HBN_BULK_LIKE|degree=3|neighbor_elements=B:3|neighbor_types=PARENT_HBN:3
P:1268,B,PARENT_HBN,PARENT,PARENT_HBN_BULK_LIKE,3,0,3,0,center=B|type=PARENT_HBN|region=PARENT_HBN_BULK_LIKE|degree=3|neighbor_elements=N:3|neighbor_types=PARENT_HBN:3
P:1269,N,PARENT_HBN,PARENT,PARENT_HBN_BULK_LIKE,3,3,0,0,center=N|type=PARENT_HBN|region=PARENT_HBN_BULK_LIKE|degree=3|neighbor_elements=B:3|neighbor_types=PARENT_HBN:3
P:127,N,PARENT_HBN,PARENT,PARENT_HBN_BULK_LIKE,3,3,0,0,center=N|type=PARENT_HBN|region=PARENT_HBN_BULK_LIKE|degree=3|neighbor_elements=B:3|neighbor_types=PARENT_HBN:3
P:1270,B,PARENT_HBN,PARENT,PARENT_HBN_BULK_LIKE,3,0,3,0,center=B|type=PARENT_HBN|region=PARENT_HBN_BULK_LIKE|degree=3|neighbor_elements=N:3|neighbor_types=PARENT_HBN:3
P:1271,N,PARENT_HBN,PARENT,PARENT_HBN_BULK_LIKE,3,3,0,0,center=N|type=PARENT_HBN|region=PARENT_HBN_BULK_LIKE|degree=3|neighbor_elements=B:3|neighbor_types=PARENT_HBN:3
P:1272,B,PARENT_HBN,PARENT,PARENT_HBN_BULK_LIKE,3,0,3,0,center=B|type=PARENT_HBN|region=PARENT_HBN_BULK_LIKE|degree=3|neighbor_elements=N:3|neighbor_types=PARENT_HBN:3
P:1273,N,PARENT_HBN,PARENT,PARENT_HBN_BULK_LIKE,3,3,0,0,center=N|type=PARENT_HBN|region=PARENT_HBN_BULK_LIKE|degree=3|neighbor_elements=B:3|neighbor_types=PARENT_HBN:3
P:1274,B,PARENT_HBN,PARENT,PARENT_HBN_BULK_LIKE,3,0,3,0,center=B|type=PARENT_HBN|region=PARENT_HBN_BULK_LIKE|degree=3|neighbor_elements=N:3|neighbor_types=PARENT_HBN:3
P:1275,N,PARENT_HBN,PARENT,PARENT_HBN_BULK_LIKE,3,3,0,0,center=N|type=PARENT_HBN|region=PARENT_HBN_BULK_LIKE|degree=3|neighbor_elements=B:3|neighbor_types=PARENT_HBN:3
P:1276,B,PARENT_HBN,PARENT,PARENT_HBN_BULK_LIKE,3,0,3,0,center=B|type=PARENT_HBN|region=PARENT_HBN_BULK_LIKE|degree=3|neighbor_elements=N:3|neighbor_types=PARENT_HBN:3
P:1277,N,PARENT_HBN,PARENT,PARENT_HBN_BULK_LIKE,3,3,0,0,center=N|type=PARENT_HBN|region=PARENT_HBN_BULK_LIKE|degree=3|neighbor_elements=B:3|neighbor_types=PARENT_HBN:3
P:1278,B,PARENT_HBN,PARENT,PARENT_HBN_BULK_LIKE,3,0,3,0,center=B|type=PARENT_HBN|region=PARENT_HBN_BULK_LIKE|degree=3|neighbor_elements=N:3|neighbor_types=PARENT_HBN:3
P:1279,N,PARENT_HBN,PARENT,PARENT_HBN_BULK_LIKE,3,3,0,0,center=N|type=PARENT_HBN|region=PARENT_HBN_BULK_LIKE|degree=3|neighbor_elements=B:3|neighbor_types=PARENT_HBN:3
P:128,B,PARENT_HBN,PARENT,PARENT_HBN_BULK_LIKE,3,0,3,0,center=B|type=PARENT_HBN|region=PARENT_HBN_BULK_LIKE|degree=3|neighbor_elements=N:3|neighbor_types=PARENT_HBN:3
P:1280,B,PARENT_HBN,PARENT,PARENT_HBN_BULK_LIKE,3,0,3,0,center=B|type=PARENT_HBN|region=PARENT_HBN_BULK_LIKE|degree=3|neighbor_elements=N:3|neighbor_types=PARENT_HBN:3
P:1281,N,PARENT_HBN,PARENT,PARENT_HBN_BULK_LIKE,3,3,0,0,center=N|type=PARENT_HBN|region=PARENT_HBN_BULK_LIKE|degree=3|neighbor_elements=B:3|neighbor_types=PARENT_HBN:3
P:1282,B,PARENT_HBN,PARENT,PARENT_HBN_BULK_LIKE,3,0,3,0,center=B|type=PARENT_HBN|region=PARENT_HBN_BULK_LIKE|degree=3|neighbor_elements=N:3|neighbor_types=PARENT_HBN:3
P:1283,N,PARENT_HBN,PARENT,PARENT_HBN_BULK_LIKE,3,3,0,0,center=N|type=PARENT_HBN|region=PARENT_HBN_BULK_LIKE|degree=3|neighbor_elements=B:3|neighbor_types=PARENT_HBN:3
P:1284,B,PARENT_HBN,PARENT,PARENT_HBN_BULK_LIKE,3,0,3,0,center=B|type=PARENT_HBN|region=PARENT_HBN_BULK_LIKE|degree=3|neighbor_elements=N:3|neighbor_types=PARENT_HBN:3
P:1285,N,PARENT_HBN,PARENT,PARENT_HBN_BULK_LIKE,3,3,0,0,center=N|type=PARENT_HBN|region=PARENT_HBN_BULK_LIKE|degree=3|neighbor_elements=B:3|neighbor_types=PARENT_HBN:3
P:1286,B,PARENT_HBN,PARENT,PARENT_HBN_BULK_LIKE,3,0,3,0,center=B|type=PARENT_HBN|region=PARENT_HBN_BULK_LIKE|degree=3|neighbor_elements=N:3|neighbor_types=PARENT_HBN:3
P:1287,N,PARENT_HBN,PARENT,PARENT_HBN_BULK_LIKE,3,3,0,0,center=N|type=PARENT_HBN|region=PARENT_HBN_BULK_LIKE|degree=3|neighbor_elements=B:3|neighbor_types=PARENT_HBN:3
P:1288,B,PARENT_HBN,PARENT,PARENT_HBN_BULK_LIKE,3,0,3,0,center=B|type=PARENT_HBN|region=PARENT_HBN_BULK_LIKE|degree=3|neighbor_elements=N:3|neighbor_types=PARENT_HBN:3
P:1289,N,PARENT_HBN,PARENT,PARENT_HBN_BULK_LIKE,3,3,0,0,center=N|type=PARENT_HBN|region=PARENT_HBN_BULK_LIKE|degree=3|neighbor_elements=B:3|neighbor_types=PARENT_HBN:3
P:129,N,PARENT_HBN,PARENT,PARENT_HBN_BULK_LIKE,3,3,0,0,center=N|type=PARENT_HBN|region=PARENT_HBN_BULK_LIKE|degree=3|neighbor_elements=B:3|neighbor_types=PARENT_HBN:3
P:1290,B,PARENT_HBN,PARENT,PARENT_HBN_BULK_LIKE,3,0,3,0,center=B|type=PARENT_HBN|region=PARENT_HBN_BULK_LIKE|degree=3|neighbor_elements=N:3|neighbor_types=PARENT_HBN:3
P:1291,N,PARENT_HBN,PARENT,PARENT_HBN_BULK_LIKE,3,3,0,0,center=N|type=PARENT_HBN|region=PARENT_HBN_BULK_LIKE|degree=3|neighbor_elements=B:3|neighbor_types=PARENT_HBN:3
P:1292,B,PARENT_HBN,PARENT,PARENT_HBN_BULK_LIKE,3,0,3,0,center=B|type=PARENT_HBN|region=PARENT_HBN_BULK_LIKE|degree=3|neighbor_elements=N:3|neighbor_types=PARENT_HBN:3
P:1293,N,PARENT_HBN,PARENT,PARENT_HBN_BULK_LIKE,3,3,0,0,center=N|type=PARENT_HBN|region=PARENT_HBN_BULK_LIKE|degree=3|neighbor_elements=B:3|neighbor_types=PARENT_HBN:3
P:1294,B,PARENT_HBN,PARENT,PARENT_HBN_BULK_LIKE,3,0,3,0,center=B|type=PARENT_HBN|region=PARENT_HBN_BULK_LIKE|degree=3|neighbor_elements=N:3|neighbor_types=PARENT_HBN:3
P:1295,N,PARENT_HBN,PARENT,PARENT_HBN_BULK_LIKE,3,3,0,0,center=N|type=PARENT_HBN|region=PARENT_HBN_BULK_LIKE|degree=3|neighbor_elements=B:3|neighbor_types=PARENT_HBN:3
P:1296,B,PARENT_HBN,PARENT,PARENT_HBN_BULK_LIKE,3,0,3,0,center=B|type=PARENT_HBN|region=PARENT_HBN_BULK_LIKE|degree=3|neighbor_elements=N:3|neighbor_types=PARENT_HBN:3
P:1297,N,PARENT_HBN,PARENT,PARENT_HBN_BULK_LIKE,3,3,0,0,center=N|type=PARENT_HBN|region=PARENT_HBN_BULK_LIKE|degree=3|neighbor_elements=B:3|neighbor_types=PARENT_HBN:3
P:1298,B,PARENT_HBN,PARENT,PARENT_HBN_BULK_LIKE,3,0,3,0,center=B|type=PARENT_HBN|region=PARENT_HBN_BULK_LIKE|degree=3|neighbor_elements=N:3|neighbor_types=PARENT_HBN:3
P:1299,N,PARENT_HBN,PARENT,PARENT_HBN_BULK_LIKE,3,3,0,0,center=N|type=PARENT_HBN|region=PARENT_HBN_BULK_LIKE|degree=3|neighbor_elements=B:3|neighbor_types=PARENT_HBN:3
P:13,N,PARENT_HBN,PARENT,PARENT_HBN_BULK_LIKE,3,3,0,0,center=N|type=PARENT_HBN|region=PARENT_HBN_BULK_LIKE|degree=3|neighbor_elements=B:3|neighbor_types=PARENT_HBN:3
P:130,B,PARENT_HBN,PARENT,PARENT_HBN_BULK_LIKE,3,0,3,0,center=B|type=PARENT_HBN|region=PARENT_HBN_BULK_LIKE|degree=3|neighbor_elements=N:3|neighbor_types=PARENT_HBN:3
P:1300,B,PARENT_HBN,PARENT,PARENT_HBN_BULK_LIKE,3,0,3,0,center=B|type=PARENT_HBN|region=PARENT_HBN_BULK_LIKE|degree=3|neighbor_elements=N:3|neighbor_types=PARENT_HBN:3
P:1301,N,PARENT_HBN,PARENT,PARENT_HBN_BULK_LIKE,3,3,0,0,center=N|type=PARENT_HBN|region=PARENT_HBN_BULK_LIKE|degree=3|neighbor_elements=B:3|neighbor_types=PARENT_HBN:3
P:1302,B,PARENT_HBN,PARENT,PARENT_HBN_BULK_LIKE,3,0,3,0,center=B|type=PARENT_HBN|region=PARENT_HBN_BULK_LIKE|degree=3|neighbor_elements=N:3|neighbor_types=PARENT_HBN:3
P:1303,N,PARENT_HBN,PARENT,PARENT_HBN_BULK_LIKE,3,3,0,0,center=N|type=PARENT_HBN|region=PARENT_HBN_BULK_LIKE|degree=3|neighbor_elements=B:3|neighbor_types=PARENT_HBN:3
P:1304,B,PARENT_HBN,PARENT,PARENT_HBN_BULK_LIKE,3,0,3,0,center=B|type=PARENT_HBN|region=PARENT_HBN_BULK_LIKE|degree=3|neighbor_elements=N:3|neighbor_types=PARENT_HBN:3
P:1305,N,PARENT_HBN,PARENT,PARENT_HBN_BULK_LIKE,3,3,0,0,center=N|type=PARENT_HBN|region=PARENT_HBN_BULK_LIKE|degree=3|neighbor_elements=B:3|neighbor_types=PARENT_HBN:3
P:1306,B,PARENT_HBN,PARENT,PARENT_HBN_BULK_LIKE,3,0,3,0,center=B|type=PARENT_HBN|region=PARENT_HBN_BULK_LIKE|degree=3|neighbor_elements=N:3|neighbor_types=PARENT_HBN:3
P:1307,N,PARENT_HBN,PARENT,PARENT_HBN_BULK_LIKE,3,3,0,0,center=N|type=PARENT_HBN|region=PARENT_HBN_BULK_LIKE|degree=3|neighbor_elements=B:3|neighbor_types=PARENT_HBN:3
P:1308,B,PARENT_HBN,PARENT,PARENT_HBN_BULK_LIKE,3,0,3,0,center=B|type=PARENT_HBN|region=PARENT_HBN_BULK_LIKE|degree=3|neighbor_elements=N:3|neighbor_types=PARENT_HBN:3
P:1309,N,PARENT_HBN,PARENT,PARENT_HBN_BULK_LIKE,3,3,0,0,center=N|type=PARENT_HBN|region=PARENT_HBN_BULK_LIKE|degree=3|neighbor_elements=B:3|neighbor_types=PARENT_HBN:3
P:131,N,PARENT_HBN,PARENT,PARENT_HBN_BULK_LIKE,3,3,0,0,center=N|type=PARENT_HBN|region=PARENT_HBN_BULK_LIKE|degree=3|neighbor_elements=B:3|neighbor_types=PARENT_HBN:3
P:1310,B,PARENT_HBN,PARENT,PARENT_HBN_BULK_LIKE,3,0,3,0,center=B|type=PARENT_HBN|region=PARENT_HBN_BULK_LIKE|degree=3|neighbor_elements=N:3|neighbor_types=PARENT_HBN:3
P:1311,N,PARENT_HBN,PARENT,PARENT_HBN_BULK_LIKE,3,3,0,0,center=N|type=PARENT_HBN|region=PARENT_HBN_BULK_LIKE|degree=3|neighbor_elements=B:3|neighbor_types=PARENT_HBN:3
P:1312,B,PARENT_HBN,PARENT,PARENT_HBN_BULK_LIKE,3,0,3,0,center=B|type=PARENT_HBN|region=PARENT_HBN_BULK_LIKE|degree=3|neighbor_elements=N:3|neighbor_types=PARENT_HBN:3
P:1313,N,PARENT_HBN,PARENT,PARENT_HBN_BULK_LIKE,3,3,0,0,center=N|type=PARENT_HBN|region=PARENT_HBN_BULK_LIKE|degree=3|neighbor_elements=B:3|neighbor_types=PARENT_HBN:3
P:1314,B,PARENT_HBN,PARENT,PARENT_HBN_BULK_LIKE,3,0,3,0,center=B|type=PARENT_HBN|region=PARENT_HBN_BULK_LIKE|degree=3|neighbor_elements=N:3|neighbor_types=PARENT_HBN:3
P:1315,N,PARENT_HBN,PARENT,PARENT_HBN_BULK_LIKE,3,3,0,0,center=N|type=PARENT_HBN|region=PARENT_HBN_BULK_LIKE|degree=3|neighbor_elements=B:3|neighbor_types=PARENT_HBN:3
P:1316,B,PARENT_HBN,PARENT,PARENT_HBN_BULK_LIKE,3,0,3,0,center=B|type=PARENT_HBN|region=PARENT_HBN_BULK_LIKE|degree=3|neighbor_elements=N:3|neighbor_types=PARENT_HBN:3
P:1317,N,PARENT_HBN,PARENT,PARENT_HBN_BULK_LIKE,3,3,0,0,center=N|type=PARENT_HBN|region=PARENT_HBN_BULK_LIKE|degree=3|neighbor_elements=B:3|neighbor_types=PARENT_HBN:3
P:1318,B,PARENT_HBN,PARENT,PARENT_HBN_BULK_LIKE,3,0,3,0,center=B|type=PARENT_HBN|region=PARENT_HBN_BULK_LIKE|degree=3|neighbor_elements=N:3|neighbor_types=PARENT_HBN:3
P:1319,N,PARENT_HBN,PARENT,PARENT_HBN_BULK_LIKE,3,3,0,0,center=N|type=PARENT_HBN|region=PARENT_HBN_BULK_LIKE|degree=3|neighbor_elements=B:3|neighbor_types=PARENT_HBN:3
P:132,B,PARENT_HBN,PARENT,PARENT_HBN_BULK_LIKE,3,0,3,0,center=B|type=PARENT_HBN|region=PARENT_HBN_BULK_LIKE|degree=3|neighbor_elements=N:3|neighbor_types=PARENT_HBN:3
P:1320,B,PARENT_HBN,PARENT,PARENT_HBN_BULK_LIKE,3,0,3,0,center=B|type=PARENT_HBN|region=PARENT_HBN_BULK_LIKE|degree=3|neighbor_elements=N:3|neighbor_types=PARENT_HBN:3
P:1321,N,PARENT_HBN,PARENT,PARENT_HBN_BULK_LIKE,3,3,0,0,center=N|type=PARENT_HBN|region=PARENT_HBN_BULK_LIKE|degree=3|neighbor_elements=B:3|neighbor_types=PARENT_HBN:3
P:1322,B,PARENT_HBN,PARENT,PARENT_HBN_BULK_LIKE,3,0,3,0,center=B|type=PARENT_HBN|region=PARENT_HBN_BULK_LIKE|degree=3|neighbor_elements=N:3|neighbor_types=PARENT_HBN:3
P:1323,N,PARENT_HBN,PARENT,PARENT_HBN_BULK_LIKE,3,3,0,0,center=N|type=PARENT_HBN|region=PARENT_HBN_BULK_LIKE|degree=3|neighbor_elements=B:3|neighbor_types=PARENT_HBN:3
P:1324,B,PARENT_HBN,PARENT,PARENT_HBN_BULK_LIKE,3,0,3,0,center=B|type=PARENT_HBN|region=PARENT_HBN_BULK_LIKE|degree=3|neighbor_elements=N:3|neighbor_types=PARENT_HBN:3
P:1325,N,PARENT_HBN,PARENT,PARENT_HBN_BULK_LIKE,3,3,0,0,center=N|type=PARENT_HBN|region=PARENT_HBN_BULK_LIKE|degree=3|neighbor_elements=B:3|neighbor_types=PARENT_HBN:3
P:1326,B,PARENT_HBN,PARENT,PARENT_HBN_BULK_LIKE,3,0,3,0,center=B|type=PARENT_HBN|region=PARENT_HBN_BULK_LIKE|degree=3|neighbor_elements=N:3|neighbor_types=PARENT_HBN:3
P:1327,N,PARENT_HBN,PARENT,PARENT_HBN_BULK_LIKE,3,3,0,0,center=N|type=PARENT_HBN|region=PARENT_HBN_BULK_LIKE|degree=3|neighbor_elements=B:3|neighbor_types=PARENT_HBN:3
P:1328,B,PARENT_HBN,PARENT,PARENT_HBN_BULK_LIKE,3,0,3,0,center=B|type=PARENT_HBN|region=PARENT_HBN_BULK_LIKE|degree=3|neighbor_elements=N:3|neighbor_types=PARENT_HBN:3
P:1329,N,PARENT_HBN,PARENT,PARENT_HBN_BULK_LIKE,3,3,0,0,center=N|type=PARENT_HBN|region=PARENT_HBN_BULK_LIKE|degree=3|neighbor_elements=B:3|neighbor_types=PARENT_HBN:3
P:133,N,PARENT_HBN,PARENT,PARENT_HBN_BULK_LIKE,3,3,0,0,center=N|type=PARENT_HBN|region=PARENT_HBN_BULK_LIKE|degree=3|neighbor_elements=B:3|neighbor_types=PARENT_HBN:3
P:1330,B,PARENT_HBN,PARENT,PARENT_HBN_BULK_LIKE,3,0,3,0,center=B|type=PARENT_HBN|region=PARENT_HBN_BULK_LIKE|degree=3|neighbor_elements=N:3|neighbor_types=PARENT_HBN:3
P:1331,N,PARENT_HBN,PARENT,PARENT_HBN_BULK_LIKE,3,3,0,0,center=N|type=PARENT_HBN|region=PARENT_HBN_BULK_LIKE|degree=3|neighbor_elements=B:3|neighbor_types=PARENT_HBN:3
P:1332,B,PARENT_HBN,PARENT,PARENT_HBN_BULK_LIKE,3,0,3,0,center=B|type=PARENT_HBN|region=PARENT_HBN_BULK_LIKE|degree=3|neighbor_elements=N:3|neighbor_types=PARENT_HBN:3
P:1333,N,PARENT_HBN,PARENT,PARENT_HBN_BULK_LIKE,3,3,0,0,center=N|type=PARENT_HBN|region=PARENT_HBN_BULK_LIKE|degree=3|neighbor_elements=B:3|neighbor_types=PARENT_HBN:3
P:1334,B,PARENT_HBN,PARENT,PARENT_HBN_BULK_LIKE,3,0,3,0,center=B|type=PARENT_HBN|region=PARENT_HBN_BULK_LIKE|degree=3|neighbor_elements=N:3|neighbor_types=PARENT_HBN:3
P:1335,N,PARENT_HBN,PARENT,PARENT_HBN_BULK_LIKE,3,3,0,0,center=N|type=PARENT_HBN|region=PARENT_HBN_BULK_LIKE|degree=3|neighbor_elements=B:3|neighbor_types=PARENT_HBN:3
P:1336,B,PARENT_HBN,PARENT,PARENT_HBN_BULK_LIKE,3,0,3,0,center=B|type=PARENT_HBN|region=PARENT_HBN_BULK_LIKE|degree=3|neighbor_elements=N:3|neighbor_types=PARENT_HBN:3
P:1337,N,PARENT_HBN,PARENT,PARENT_HBN_BULK_LIKE,3,3,0,0,center=N|type=PARENT_HBN|region=PARENT_HBN_BULK_LIKE|degree=3|neighbor_elements=B:3|neighbor_types=PARENT_HBN:3
P:1338,B,PARENT_HBN,PARENT,PARENT_HBN_BULK_LIKE,3,0,3,0,center=B|type=PARENT_HBN|region=PARENT_HBN_BULK_LIKE|degree=3|neighbor_elements=N:3|neighbor_types=PARENT_HBN:3
P:1339,N,PARENT_HBN,PARENT,PARENT_HBN_BULK_LIKE,3,3,0,0,center=N|type=PARENT_HBN|region=PARENT_HBN_BULK_LIKE|degree=3|neighbor_elements=B:3|neighbor_types=PARENT_HBN:3
P:134,B,PARENT_HBN,PARENT,PARENT_HBN_BULK_LIKE,3,0,3,0,center=B|type=PARENT_HBN|region=PARENT_HBN_BULK_LIKE|degree=3|neighbor_elements=N:3|neighbor_types=PARENT_HBN:3
P:1340,B,PARENT_HBN,PARENT,PARENT_HBN_BULK_LIKE,3,0,3,0,center=B|type=PARENT_HBN|region=PARENT_HBN_BULK_LIKE|degree=3|neighbor_elements=N:3|neighbor_types=PARENT_HBN:3
P:1341,N,PARENT_HBN,PARENT,PARENT_HBN_BULK_LIKE,3,3,0,0,center=N|type=PARENT_HBN|region=PARENT_HBN_BULK_LIKE|degree=3|neighbor_elements=B:3|neighbor_types=PARENT_HBN:3
P:1342,B,PARENT_HBN,PARENT,PARENT_HBN_BULK_LIKE,3,0,3,0,center=B|type=PARENT_HBN|region=PARENT_HBN_BULK_LIKE|degree=3|neighbor_elements=N:3|neighbor_types=PARENT_HBN:3
P:1343,N,PARENT_HBN,PARENT,PARENT_HBN_BULK_LIKE,3,3,0,0,center=N|type=PARENT_HBN|region=PARENT_HBN_BULK_LIKE|degree=3|neighbor_elements=B:3|neighbor_types=PARENT_HBN:3
P:1344,B,PARENT_HBN,PARENT,PARENT_HBN_BULK_LIKE,3,0,3,0,center=B|type=PARENT_HBN|region=PARENT_HBN_BULK_LIKE|degree=3|neighbor_elements=N:3|neighbor_types=PARENT_HBN:3
P:1345,N,PARENT_HBN,PARENT,PARENT_HBN_BULK_LIKE,3,3,0,0,center=N|type=PARENT_HBN|region=PARENT_HBN_BULK_LIKE|degree=3|neighbor_elements=B:3|neighbor_types=PARENT_HBN:3
P:1346,B,PARENT_HBN,PARENT,PARENT_HBN_BULK_LIKE,3,0,3,0,center=B|type=PARENT_HBN|region=PARENT_HBN_BULK_LIKE|degree=3|neighbor_elements=N:3|neighbor_types=PARENT_HBN:3
P:1347,N,PARENT_HBN,PARENT,PARENT_HBN_BULK_LIKE,3,3,0,0,center=N|type=PARENT_HBN|region=PARENT_HBN_BULK_LIKE|degree=3|neighbor_elements=B:3|neighbor_types=PARENT_HBN:3
P:1348,B,PARENT_HBN,PARENT,PARENT_HBN_BULK_LIKE,3,0,3,0,center=B|type=PARENT_HBN|region=PARENT_HBN_BULK_LIKE|degree=3|neighbor_elements=N:3|neighbor_types=PARENT_HBN:3
P:1349,N,PARENT_HBN,PARENT,PARENT_HBN_BULK_LIKE,3,3,0,0,center=N|type=PARENT_HBN|region=PARENT_HBN_BULK_LIKE|degree=3|neighbor_elements=B:3|neighbor_types=PARENT_HBN:3
P:135,N,PARENT_HBN,PARENT,PARENT_HBN_BULK_LIKE,3,3,0,0,center=N|type=PARENT_HBN|region=PARENT_HBN_BULK_LIKE|degree=3|neighbor_elements=B:3|neighbor_types=PARENT_HBN:3
P:1350,B,PARENT_HBN,PARENT,PARENT_HBN_BULK_LIKE,3,0,3,0,center=B|type=PARENT_HBN|region=PARENT_HBN_BULK_LIKE|degree=3|neighbor_elements=N:3|neighbor_types=PARENT_HBN:3
P:1351,N,PARENT_HBN,PARENT,PARENT_HBN_BULK_LIKE,3,3,0,0,center=N|type=PARENT_HBN|region=PARENT_HBN_BULK_LIKE|degree=3|neighbor_elements=B:3|neighbor_types=PARENT_HBN:3
P:1352,B,PARENT_HBN,PARENT,PARENT_HBN_BULK_LIKE,3,0,3,0,center=B|type=PARENT_HBN|region=PARENT_HBN_BULK_LIKE|degree=3|neighbor_elements=N:3|neighbor_types=PARENT_HBN:3
P:1353,N,PARENT_HBN,PARENT,PARENT_HBN_BULK_LIKE,3,3,0,0,center=N|type=PARENT_HBN|region=PARENT_HBN_BULK_LIKE|degree=3|neighbor_elements=B:3|neighbor_types=PARENT_HBN:3
P:1354,B,PARENT_HBN,PARENT,PARENT_HBN_BULK_LIKE,3,0,3,0,center=B|type=PARENT_HBN|region=PARENT_HBN_BULK_LIKE|degree=3|neighbor_elements=N:3|neighbor_types=PARENT_HBN:3
P:1355,N,PARENT_HBN,PARENT,PARENT_HBN_BULK_LIKE,3,3,0,0,center=N|type=PARENT_HBN|region=PARENT_HBN_BULK_LIKE|degree=3|neighbor_elements=B:3|neighbor_types=PARENT_HBN:3
P:1356,B,PARENT_HBN,PARENT,PARENT_HBN_BULK_LIKE,3,0,3,0,center=B|type=PARENT_HBN|region=PARENT_HBN_BULK_LIKE|degree=3|neighbor_elements=N:3|neighbor_types=PARENT_HBN:3
P:1357,N,PARENT_HBN,PARENT,PARENT_HBN_BULK_LIKE,3,3,0,0,center=N|type=PARENT_HBN|region=PARENT_HBN_BULK_LIKE|degree=3|neighbor_elements=B:3|neighbor_types=PARENT_HBN:3
P:1358,B,PARENT_HBN,PARENT,PARENT_HBN_BULK_LIKE,3,0,3,0,center=B|type=PARENT_HBN|region=PARENT_HBN_BULK_LIKE|degree=3|neighbor_elements=N:3|neighbor_types=PARENT_HBN:3
P:1359,N,PARENT_HBN,PARENT,PARENT_HBN_BULK_LIKE,3,3,0,0,center=N|type=PARENT_HBN|region=PARENT_HBN_BULK_LIKE|degree=3|neighbor_elements=B:3|neighbor_types=PARENT_HBN:3
P:136,B,PARENT_HBN,PARENT,PARENT_HBN_BULK_LIKE,3,0,3,0,center=B|type=PARENT_HBN|region=PARENT_HBN_BULK_LIKE|degree=3|neighbor_elements=N:3|neighbor_types=PARENT_HBN:3
P:1360,B,PARENT_HBN,PARENT,PARENT_HBN_BULK_LIKE,3,0,3,0,center=B|type=PARENT_HBN|region=PARENT_HBN_BULK_LIKE|degree=3|neighbor_elements=N:3|neighbor_types=PARENT_HBN:3
P:1361,N,PARENT_HBN,PARENT,PARENT_HBN_BULK_LIKE,3,3,0,0,center=N|type=PARENT_HBN|region=PARENT_HBN_BULK_LIKE|degree=3|neighbor_elements=B:3|neighbor_types=PARENT_HBN:3
P:1362,B,PARENT_HBN,PARENT,PARENT_HBN_BULK_LIKE,3,0,3,0,center=B|type=PARENT_HBN|region=PARENT_HBN_BULK_LIKE|degree=3|neighbor_elements=N:3|neighbor_types=PARENT_HBN:3
P:1363,N,PARENT_HBN,PARENT,PARENT_HBN_BULK_LIKE,3,3,0,0,center=N|type=PARENT_HBN|region=PARENT_HBN_BULK_LIKE|degree=3|neighbor_elements=B:3|neighbor_types=PARENT_HBN:3
P:1364,B,PARENT_HBN,PARENT,PARENT_HBN_BULK_LIKE,3,0,3,0,center=B|type=PARENT_HBN|region=PARENT_HBN_BULK_LIKE|degree=3|neighbor_elements=N:3|neighbor_types=PARENT_HBN:3
P:1365,N,PARENT_HBN,PARENT,PARENT_HBN_BULK_LIKE,3,3,0,0,center=N|type=PARENT_HBN|region=PARENT_HBN_BULK_LIKE|degree=3|neighbor_elements=B:3|neighbor_types=PARENT_HBN:3
P:1366,B,PARENT_HBN,PARENT,PARENT_HBN_BULK_LIKE,3,0,3,0,center=B|type=PARENT_HBN|region=PARENT_HBN_BULK_LIKE|degree=3|neighbor_elements=N:3|neighbor_types=PARENT_HBN:3
P:1367,N,PARENT_HBN,PARENT,PARENT_HBN_BULK_LIKE,3,3,0,0,center=N|type=PARENT_HBN|region=PARENT_HBN_BULK_LIKE|degree=3|neighbor_elements=B:3|neighbor_types=PARENT_HBN:3
P:1368,B,PARENT_HBN,PARENT,PARENT_HBN_BULK_LIKE,3,0,3,0,center=B|type=PARENT_HBN|region=PARENT_HBN_BULK_LIKE|degree=3|neighbor_elements=N:3|neighbor_types=PARENT_HBN:3
P:1369,N,PARENT_HBN,PARENT,PARENT_HBN_BULK_LIKE,3,3,0,0,center=N|type=PARENT_HBN|region=PARENT_HBN_BULK_LIKE|degree=3|neighbor_elements=B:3|neighbor_types=PARENT_HBN:3
P:137,N,PARENT_HBN,PARENT,PARENT_HBN_BULK_LIKE,3,3,0,0,center=N|type=PARENT_HBN|region=PARENT_HBN_BULK_LIKE|degree=3|neighbor_elements=B:3|neighbor_types=PARENT_HBN:3
P:1370,B,PARENT_HBN,PARENT,PARENT_HBN_BULK_LIKE,3,0,3,0,center=B|type=PARENT_HBN|region=PARENT_HBN_BULK_LIKE|degree=3|neighbor_elements=N:3|neighbor_types=PARENT_HBN:3
P:1371,N,PARENT_HBN,PARENT,PARENT_HBN_BULK_LIKE,3,3,0,0,center=N|type=PARENT_HBN|region=PARENT_HBN_BULK_LIKE|degree=3|neighbor_elements=B:3|neighbor_types=PARENT_HBN:3
P:1372,B,PARENT_HBN,PARENT,PARENT_HBN_BULK_LIKE,3,0,3,0,center=B|type=PARENT_HBN|region=PARENT_HBN_BULK_LIKE|degree=3|neighbor_elements=N:3|neighbor_types=PARENT_HBN:3
P:1373,N,PARENT_HBN,PARENT,PARENT_HBN_BULK_LIKE,3,3,0,0,center=N|type=PARENT_HBN|region=PARENT_HBN_BULK_LIKE|degree=3|neighbor_elements=B:3|neighbor_types=PARENT_HBN:3
P:1374,B,PARENT_HBN,PARENT,PARENT_HBN_BULK_LIKE,3,0,3,0,center=B|type=PARENT_HBN|region=PARENT_HBN_BULK_LIKE|degree=3|neighbor_elements=N:3|neighbor_types=PARENT_HBN:3
P:1375,N,PARENT_HBN,PARENT,PARENT_HBN_BULK_LIKE,3,3,0,0,center=N|type=PARENT_HBN|region=PARENT_HBN_BULK_LIKE|degree=3|neighbor_elements=B:3|neighbor_types=PARENT_HBN:3
P:1376,B,PARENT_HBN,PARENT,PARENT_HBN_BULK_LIKE,3,0,3,0,center=B|type=PARENT_HBN|region=PARENT_HBN_BULK_LIKE|degree=3|neighbor_elements=N:3|neighbor_types=PARENT_HBN:3
P:1377,N,PARENT_HBN,PARENT,PARENT_HBN_BULK_LIKE,3,3,0,0,center=N|type=PARENT_HBN|region=PARENT_HBN_BULK_LIKE|degree=3|neighbor_elements=B:3|neighbor_types=PARENT_HBN:3
P:1378,B,PARENT_HBN,PARENT,PARENT_HBN_BULK_LIKE,3,0,3,0,center=B|type=PARENT_HBN|region=PARENT_HBN_BULK_LIKE|degree=3|neighbor_elements=N:3|neighbor_types=PARENT_HBN:3
P:1379,N,PARENT_HBN,PARENT,PARENT_HBN_BULK_LIKE,3,3,0,0,center=N|type=PARENT_HBN|region=PARENT_HBN_BULK_LIKE|degree=3|neighbor_elements=B:3|neighbor_types=PARENT_HBN:3
P:138,B,PARENT_HBN,PARENT,PARENT_HBN_BULK_LIKE,3,0,3,0,center=B|type=PARENT_HBN|region=PARENT_HBN_BULK_LIKE|degree=3|neighbor_elements=N:3|neighbor_types=PARENT_HBN:3
P:1380,B,PARENT_HBN,PARENT,PARENT_HBN_BULK_LIKE,3,0,3,0,center=B|type=PARENT_HBN|region=PARENT_HBN_BULK_LIKE|degree=3|neighbor_elements=N:3|neighbor_types=PARENT_HBN:3
P:1381,N,PARENT_HBN,PARENT,PARENT_HBN_BULK_LIKE,3,3,0,0,center=N|type=PARENT_HBN|region=PARENT_HBN_BULK_LIKE|degree=3|neighbor_elements=B:3|neighbor_types=PARENT_HBN:3
P:1382,B,PARENT_HBN,PARENT,PARENT_HBN_BULK_LIKE,3,0,3,0,center=B|type=PARENT_HBN|region=PARENT_HBN_BULK_LIKE|degree=3|neighbor_elements=N:3|neighbor_types=PARENT_HBN:3
P:1383,N,PARENT_HBN,PARENT,PARENT_HBN_BULK_LIKE,3,3,0,0,center=N|type=PARENT_HBN|region=PARENT_HBN_BULK_LIKE|degree=3|neighbor_elements=B:3|neighbor_types=PARENT_HBN:3
P:1384,B,PARENT_HBN,PARENT,PARENT_HBN_BULK_LIKE,3,0,3,0,center=B|type=PARENT_HBN|region=PARENT_HBN_BULK_LIKE|degree=3|neighbor_elements=N:3|neighbor_types=PARENT_HBN:3
P:1385,N,PARENT_HBN,PARENT,PARENT_HBN_BULK_LIKE,3,3,0,0,center=N|type=PARENT_HBN|region=PARENT_HBN_BULK_LIKE|degree=3|neighbor_elements=B:3|neighbor_types=PARENT_HBN:3
P:1386,B,PARENT_HBN,PARENT,PARENT_HBN_BULK_LIKE,3,0,3,0,center=B|type=PARENT_HBN|region=PARENT_HBN_BULK_LIKE|degree=3|neighbor_elements=N:3|neighbor_types=PARENT_HBN:3
P:1387,N,PARENT_HBN,PARENT,PARENT_HBN_BULK_LIKE,3,3,0,0,center=N|type=PARENT_HBN|region=PARENT_HBN_BULK_LIKE|degree=3|neighbor_elements=B:3|neighbor_types=PARENT_HBN:3
P:1388,B,PARENT_HBN,PARENT,PARENT_HBN_BULK_LIKE,3,0,3,0,center=B|type=PARENT_HBN|region=PARENT_HBN_BULK_LIKE|degree=3|neighbor_elements=N:3|neighbor_types=PARENT_HBN:3
P:1389,N,PARENT_HBN,PARENT,PARENT_HBN_BULK_LIKE,3,3,0,0,center=N|type=PARENT_HBN|region=PARENT_HBN_BULK_LIKE|degree=3|neighbor_elements=B:3|neighbor_types=PARENT_HBN:3
P:139,N,PARENT_HBN,PARENT,PARENT_HBN_BULK_LIKE,3,3,0,0,center=N|type=PARENT_HBN|region=PARENT_HBN_BULK_LIKE|degree=3|neighbor_elements=B:3|neighbor_types=PARENT_HBN:3
P:1390,B,PARENT_HBN,PARENT,PARENT_HBN_BULK_LIKE,3,0,3,0,center=B|type=PARENT_HBN|region=PARENT_HBN_BULK_LIKE|degree=3|neighbor_elements=N:3|neighbor_types=PARENT_HBN:3
P:1391,N,PARENT_HBN,PARENT,PARENT_HBN_BULK_LIKE,3,3,0,0,center=N|type=PARENT_HBN|region=PARENT_HBN_BULK_LIKE|degree=3|neighbor_elements=B:3|neighbor_types=PARENT_HBN:3
P:1392,B,PARENT_HBN,PARENT,PARENT_HBN_BULK_LIKE,3,0,3,0,center=B|type=PARENT_HBN|region=PARENT_HBN_BULK_LIKE|degree=3|neighbor_elements=N:3|neighbor_types=PARENT_HBN:3
P:1393,N,PARENT_HBN,PARENT,PARENT_HBN_BULK_LIKE,3,3,0,0,center=N|type=PARENT_HBN|region=PARENT_HBN_BULK_LIKE|degree=3|neighbor_elements=B:3|neighbor_types=PARENT_HBN:3
P:1394,B,PARENT_HBN,PARENT,PARENT_HBN_BULK_LIKE,3,0,3,0,center=B|type=PARENT_HBN|region=PARENT_HBN_BULK_LIKE|degree=3|neighbor_elements=N:3|neighbor_types=PARENT_HBN:3
P:1395,N,PARENT_HBN,PARENT,PARENT_HBN_BULK_LIKE,3,3,0,0,center=N|type=PARENT_HBN|region=PARENT_HBN_BULK_LIKE|degree=3|neighbor_elements=B:3|neighbor_types=PARENT_HBN:3
P:1396,B,PARENT_HBN,PARENT,PARENT_HBN_BULK_LIKE,3,0,3,0,center=B|type=PARENT_HBN|region=PARENT_HBN_BULK_LIKE|degree=3|neighbor_elements=N:3|neighbor_types=PARENT_HBN:3
P:1397,N,PARENT_HBN,PARENT,PARENT_HBN_BULK_LIKE,3,3,0,0,center=N|type=PARENT_HBN|region=PARENT_HBN_BULK_LIKE|degree=3|neighbor_elements=B:3|neighbor_types=PARENT_HBN:3
P:1398,B,PARENT_HBN,PARENT,PARENT_HBN_BULK_LIKE,3,0,3,0,center=B|type=PARENT_HBN|region=PARENT_HBN_BULK_LIKE|degree=3|neighbor_elements=N:3|neighbor_types=PARENT_HBN:3
P:1399,N,PARENT_HBN,PARENT,PARENT_HBN_BULK_LIKE,3,3,0,0,center=N|type=PARENT_HBN|region=PARENT_HBN_BULK_LIKE|degree=3|neighbor_elements=B:3|neighbor_types=PARENT_HBN:3
P:14,B,PARENT_HBN,PARENT,PARENT_SEED_ATTACHMENT,3,0,3,0,"center=B|type=PARENT_HBN|region=PARENT_SEED_ATTACHMENT|degree=3|neighbor_elements=N:3|neighbor_types=HEXAGONAL_EDGE_COMPLETION_SEED:2,PARENT_HBN:1"
P:140,B,PARENT_HBN,PARENT,PARENT_HBN_BULK_LIKE,3,0,3,0,center=B|type=PARENT_HBN|region=PARENT_HBN_BULK_LIKE|degree=3|neighbor_elements=N:3|neighbor_types=PARENT_HBN:3
P:1400,B,PARENT_HBN,PARENT,PARENT_HBN_BULK_LIKE,3,0,3,0,center=B|type=PARENT_HBN|region=PARENT_HBN_BULK_LIKE|degree=3|neighbor_elements=N:3|neighbor_types=PARENT_HBN:3
P:1401,N,PARENT_HBN,PARENT,PARENT_HBN_BULK_LIKE,3,3,0,0,center=N|type=PARENT_HBN|region=PARENT_HBN_BULK_LIKE|degree=3|neighbor_elements=B:3|neighbor_types=PARENT_HBN:3
P:1402,B,PARENT_HBN,PARENT,PARENT_HBN_BULK_LIKE,3,0,3,0,center=B|type=PARENT_HBN|region=PARENT_HBN_BULK_LIKE|degree=3|neighbor_elements=N:3|neighbor_types=PARENT_HBN:3
P:1403,N,PARENT_HBN,PARENT,PARENT_HBN_BULK_LIKE,3,3,0,0,center=N|type=PARENT_HBN|region=PARENT_HBN_BULK_LIKE|degree=3|neighbor_elements=B:3|neighbor_types=PARENT_HBN:3
P:1404,B,PARENT_HBN,PARENT,PARENT_HBN_BULK_LIKE,3,0,3,0,center=B|type=PARENT_HBN|region=PARENT_HBN_BULK_LIKE|degree=3|neighbor_elements=N:3|neighbor_types=PARENT_HBN:3
P:1405,N,PARENT_HBN,PARENT,PARENT_HBN_BULK_LIKE,3,3,0,0,center=N|type=PARENT_HBN|region=PARENT_HBN_BULK_LIKE|degree=3|neighbor_elements=B:3|neighbor_types=PARENT_HBN:3
P:1406,B,PARENT_HBN,PARENT,PARENT_HBN_BULK_LIKE,3,0,3,0,center=B|type=PARENT_HBN|region=PARENT_HBN_BULK_LIKE|degree=3|neighbor_elements=N:3|neighbor_types=PARENT_HBN:3
P:1407,N,PARENT_HBN,PARENT,PARENT_HBN_BULK_LIKE,3,3,0,0,center=N|type=PARENT_HBN|region=PARENT_HBN_BULK_LIKE|degree=3|neighbor_elements=B:3|neighbor_types=PARENT_HBN:3
P:1408,B,PARENT_HBN,PARENT,PARENT_HBN_BULK_LIKE,3,0,3,0,center=B|type=PARENT_HBN|region=PARENT_HBN_BULK_LIKE|degree=3|neighbor_elements=N:3|neighbor_types=PARENT_HBN:3
P:1409,N,PARENT_HBN,PARENT,PARENT_HBN_BULK_LIKE,3,3,0,0,center=N|type=PARENT_HBN|region=PARENT_HBN_BULK_LIKE|degree=3|neighbor_elements=B:3|neighbor_types=PARENT_HBN:3
P:141,N,PARENT_HBN,PARENT,PARENT_HBN_BULK_LIKE,3,3,0,0,center=N|type=PARENT_HBN|region=PARENT_HBN_BULK_LIKE|degree=3|neighbor_elements=B:3|neighbor_types=PARENT_HBN:3
P:1410,B,PARENT_HBN,PARENT,PARENT_HBN_BULK_LIKE,3,0,3,0,center=B|type=PARENT_HBN|region=PARENT_HBN_BULK_LIKE|degree=3|neighbor_elements=N:3|neighbor_types=PARENT_HBN:3
P:1411,N,PARENT_HBN,PARENT,PARENT_HBN_BULK_LIKE,3,3,0,0,center=N|type=PARENT_HBN|region=PARENT_HBN_BULK_LIKE|degree=3|neighbor_elements=B:3|neighbor_types=PARENT_HBN:3
P:1412,B,PARENT_HBN,PARENT,PARENT_HBN_BULK_LIKE,3,0,3,0,center=B|type=PARENT_HBN|region=PARENT_HBN_BULK_LIKE|degree=3|neighbor_elements=N:3|neighbor_types=PARENT_HBN:3
P:1413,N,PARENT_HBN,PARENT,PARENT_HBN_BULK_LIKE,3,3,0,0,center=N|type=PARENT_HBN|region=PARENT_HBN_BULK_LIKE|degree=3|neighbor_elements=B:3|neighbor_types=PARENT_HBN:3
P:1414,B,PARENT_HBN,PARENT,PARENT_HBN_BULK_LIKE,3,0,3,0,center=B|type=PARENT_HBN|region=PARENT_HBN_BULK_LIKE|degree=3|neighbor_elements=N:3|neighbor_types=PARENT_HBN:3
P:1415,N,PARENT_HBN,PARENT,PARENT_HBN_BULK_LIKE,3,3,0,0,center=N|type=PARENT_HBN|region=PARENT_HBN_BULK_LIKE|degree=3|neighbor_elements=B:3|neighbor_types=PARENT_HBN:3
P:1416,B,PARENT_HBN,PARENT,PARENT_HBN_BULK_LIKE,3,0,3,0,center=B|type=PARENT_HBN|region=PARENT_HBN_BULK_LIKE|degree=3|neighbor_elements=N:3|neighbor_types=PARENT_HBN:3
P:1417,N,PARENT_HBN,PARENT,PARENT_HBN_BULK_LIKE,3,3,0,0,center=N|type=PARENT_HBN|region=PARENT_HBN_BULK_LIKE|degree=3|neighbor_elements=B:3|neighbor_types=PARENT_HBN:3
P:1418,B,PARENT_HBN,PARENT,PARENT_HBN_BULK_LIKE,3,0,3,0,center=B|type=PARENT_HBN|region=PARENT_HBN_BULK_LIKE|degree=3|neighbor_elements=N:3|neighbor_types=PARENT_HBN:3
P:1419,N,PARENT_HBN,PARENT,PARENT_HBN_BULK_LIKE,3,3,0,0,center=N|type=PARENT_HBN|region=PARENT_HBN_BULK_LIKE|degree=3|neighbor_elements=B:3|neighbor_types=PARENT_HBN:3
P:142,B,PARENT_HBN,PARENT,PARENT_HBN_BULK_LIKE,3,0,3,0,center=B|type=PARENT_HBN|region=PARENT_HBN_BULK_LIKE|degree=3|neighbor_elements=N:3|neighbor_types=PARENT_HBN:3
P:1420,B,PARENT_HBN,PARENT,PARENT_HBN_BULK_LIKE,3,0,3,0,center=B|type=PARENT_HBN|region=PARENT_HBN_BULK_LIKE|degree=3|neighbor_elements=N:3|neighbor_types=PARENT_HBN:3
P:1421,N,PARENT_HBN,PARENT,PARENT_HBN_BULK_LIKE,3,3,0,0,center=N|type=PARENT_HBN|region=PARENT_HBN_BULK_LIKE|degree=3|neighbor_elements=B:3|neighbor_types=PARENT_HBN:3
P:1422,B,PARENT_HBN,PARENT,PARENT_HBN_BULK_LIKE,3,0,3,0,center=B|type=PARENT_HBN|region=PARENT_HBN_BULK_LIKE|degree=3|neighbor_elements=N:3|neighbor_types=PARENT_HBN:3
P:1423,N,PARENT_HBN,PARENT,PARENT_HBN_BULK_LIKE,3,3,0,0,center=N|type=PARENT_HBN|region=PARENT_HBN_BULK_LIKE|degree=3|neighbor_elements=B:3|neighbor_types=PARENT_HBN:3
P:1424,B,PARENT_HBN,PARENT,PARENT_HBN_BULK_LIKE,3,0,3,0,center=B|type=PARENT_HBN|region=PARENT_HBN_BULK_LIKE|degree=3|neighbor_elements=N:3|neighbor_types=PARENT_HBN:3
P:1425,N,PARENT_HBN,PARENT,PARENT_HBN_BULK_LIKE,3,3,0,0,center=N|type=PARENT_HBN|region=PARENT_HBN_BULK_LIKE|degree=3|neighbor_elements=B:3|neighbor_types=PARENT_HBN:3
P:1426,B,PARENT_HBN,PARENT,PARENT_HBN_BULK_LIKE,3,0,3,0,center=B|type=PARENT_HBN|region=PARENT_HBN_BULK_LIKE|degree=3|neighbor_elements=N:3|neighbor_types=PARENT_HBN:3
P:1427,N,PARENT_HBN,PARENT,PARENT_HBN_BULK_LIKE,3,3,0,0,center=N|type=PARENT_HBN|region=PARENT_HBN_BULK_LIKE|degree=3|neighbor_elements=B:3|neighbor_types=PARENT_HBN:3
P:1428,B,PARENT_HBN,PARENT,PARENT_HBN_BULK_LIKE,3,0,3,0,center=B|type=PARENT_HBN|region=PARENT_HBN_BULK_LIKE|degree=3|neighbor_elements=N:3|neighbor_types=PARENT_HBN:3
P:1429,N,PARENT_HBN,PARENT,PARENT_HBN_BULK_LIKE,3,3,0,0,center=N|type=PARENT_HBN|region=PARENT_HBN_BULK_LIKE|degree=3|neighbor_elements=B:3|neighbor_types=PARENT_HBN:3
P:143,N,PARENT_HBN,PARENT,PARENT_HBN_BULK_LIKE,3,3,0,0,center=N|type=PARENT_HBN|region=PARENT_HBN_BULK_LIKE|degree=3|neighbor_elements=B:3|neighbor_types=PARENT_HBN:3
P:1430,B,PARENT_HBN,PARENT,PARENT_HBN_BULK_LIKE,3,0,3,0,center=B|type=PARENT_HBN|region=PARENT_HBN_BULK_LIKE|degree=3|neighbor_elements=N:3|neighbor_types=PARENT_HBN:3
P:1431,N,PARENT_HBN,PARENT,PARENT_HBN_BULK_LIKE,3,3,0,0,center=N|type=PARENT_HBN|region=PARENT_HBN_BULK_LIKE|degree=3|neighbor_elements=B:3|neighbor_types=PARENT_HBN:3
P:1432,B,PARENT_HBN,PARENT,PARENT_HBN_BULK_LIKE,3,0,3,0,center=B|type=PARENT_HBN|region=PARENT_HBN_BULK_LIKE|degree=3|neighbor_elements=N:3|neighbor_types=PARENT_HBN:3
P:1433,N,PARENT_HBN,PARENT,PARENT_HBN_BULK_LIKE,3,3,0,0,center=N|type=PARENT_HBN|region=PARENT_HBN_BULK_LIKE|degree=3|neighbor_elements=B:3|neighbor_types=PARENT_HBN:3
P:1434,B,PARENT_HBN,PARENT,PARENT_HBN_BULK_LIKE,3,0,3,0,center=B|type=PARENT_HBN|region=PARENT_HBN_BULK_LIKE|degree=3|neighbor_elements=N:3|neighbor_types=PARENT_HBN:3
P:1435,N,PARENT_HBN,PARENT,PARENT_HBN_BULK_LIKE,3,3,0,0,center=N|type=PARENT_HBN|region=PARENT_HBN_BULK_LIKE|degree=3|neighbor_elements=B:3|neighbor_types=PARENT_HBN:3
P:1436,B,PARENT_HBN,PARENT,PARENT_HBN_BULK_LIKE,3,0,3,0,center=B|type=PARENT_HBN|region=PARENT_HBN_BULK_LIKE|degree=3|neighbor_elements=N:3|neighbor_types=PARENT_HBN:3
P:1437,N,PARENT_HBN,PARENT,PARENT_HBN_BULK_LIKE,3,3,0,0,center=N|type=PARENT_HBN|region=PARENT_HBN_BULK_LIKE|degree=3|neighbor_elements=B:3|neighbor_types=PARENT_HBN:3
P:1438,B,PARENT_HBN,PARENT,PARENT_HBN_BULK_LIKE,3,0,3,0,center=B|type=PARENT_HBN|region=PARENT_HBN_BULK_LIKE|degree=3|neighbor_elements=N:3|neighbor_types=PARENT_HBN:3
P:1439,N,PARENT_HBN,PARENT,PARENT_HBN_BULK_LIKE,3,3,0,0,center=N|type=PARENT_HBN|region=PARENT_HBN_BULK_LIKE|degree=3|neighbor_elements=B:3|neighbor_types=PARENT_HBN:3
P:144,B,PARENT_HBN,PARENT,PARENT_HBN_BULK_LIKE,3,0,3,0,center=B|type=PARENT_HBN|region=PARENT_HBN_BULK_LIKE|degree=3|neighbor_elements=N:3|neighbor_types=PARENT_HBN:3
P:1440,B,PARENT_HBN,PARENT,PARENT_HBN_BULK_LIKE,3,0,3,0,center=B|type=PARENT_HBN|region=PARENT_HBN_BULK_LIKE|degree=3|neighbor_elements=N:3|neighbor_types=PARENT_HBN:3
P:1441,N,PARENT_HBN,PARENT,PARENT_HBN_BULK_LIKE,3,3,0,0,center=N|type=PARENT_HBN|region=PARENT_HBN_BULK_LIKE|degree=3|neighbor_elements=B:3|neighbor_types=PARENT_HBN:3
P:1442,B,PARENT_HBN,PARENT,PARENT_HBN_BULK_LIKE,3,0,3,0,center=B|type=PARENT_HBN|region=PARENT_HBN_BULK_LIKE|degree=3|neighbor_elements=N:3|neighbor_types=PARENT_HBN:3
P:1443,N,PARENT_HBN,PARENT,PARENT_HBN_BULK_LIKE,3,3,0,0,center=N|type=PARENT_HBN|region=PARENT_HBN_BULK_LIKE|degree=3|neighbor_elements=B:3|neighbor_types=PARENT_HBN:3
P:1444,B,PARENT_HBN,PARENT,PARENT_HBN_BULK_LIKE,3,0,3,0,center=B|type=PARENT_HBN|region=PARENT_HBN_BULK_LIKE|degree=3|neighbor_elements=N:3|neighbor_types=PARENT_HBN:3
P:1445,N,PARENT_HBN,PARENT,PARENT_HBN_BULK_LIKE,3,3,0,0,center=N|type=PARENT_HBN|region=PARENT_HBN_BULK_LIKE|degree=3|neighbor_elements=B:3|neighbor_types=PARENT_HBN:3
P:1446,B,PARENT_HBN,PARENT,PARENT_HBN_BULK_LIKE,3,0,3,0,center=B|type=PARENT_HBN|region=PARENT_HBN_BULK_LIKE|degree=3|neighbor_elements=N:3|neighbor_types=PARENT_HBN:3
P:1447,N,PARENT_HBN,PARENT,PARENT_HBN_BULK_LIKE,3,3,0,0,center=N|type=PARENT_HBN|region=PARENT_HBN_BULK_LIKE|degree=3|neighbor_elements=B:3|neighbor_types=PARENT_HBN:3
P:1448,B,PARENT_HBN,PARENT,PARENT_HBN_BULK_LIKE,3,0,3,0,center=B|type=PARENT_HBN|region=PARENT_HBN_BULK_LIKE|degree=3|neighbor_elements=N:3|neighbor_types=PARENT_HBN:3
P:1449,N,PARENT_HBN,PARENT,PARENT_HBN_BULK_LIKE,3,3,0,0,center=N|type=PARENT_HBN|region=PARENT_HBN_BULK_LIKE|degree=3|neighbor_elements=B:3|neighbor_types=PARENT_HBN:3
P:145,N,PARENT_HBN,PARENT,PARENT_HBN_BULK_LIKE,3,3,0,0,center=N|type=PARENT_HBN|region=PARENT_HBN_BULK_LIKE|degree=3|neighbor_elements=B:3|neighbor_types=PARENT_HBN:3
P:1450,B,PARENT_HBN,PARENT,PARENT_HBN_BULK_LIKE,3,0,3,0,center=B|type=PARENT_HBN|region=PARENT_HBN_BULK_LIKE|degree=3|neighbor_elements=N:3|neighbor_types=PARENT_HBN:3
P:1451,N,PARENT_HBN,PARENT,PARENT_HBN_BULK_LIKE,3,3,0,0,center=N|type=PARENT_HBN|region=PARENT_HBN_BULK_LIKE|degree=3|neighbor_elements=B:3|neighbor_types=PARENT_HBN:3
P:1452,B,PARENT_HBN,PARENT,PARENT_HBN_BULK_LIKE,3,0,3,0,center=B|type=PARENT_HBN|region=PARENT_HBN_BULK_LIKE|degree=3|neighbor_elements=N:3|neighbor_types=PARENT_HBN:3
P:1453,N,PARENT_HBN,PARENT,PARENT_HBN_BULK_LIKE,3,3,0,0,center=N|type=PARENT_HBN|region=PARENT_HBN_BULK_LIKE|degree=3|neighbor_elements=B:3|neighbor_types=PARENT_HBN:3
P:1454,B,PARENT_HBN,PARENT,PARENT_HBN_BULK_LIKE,3,0,3,0,center=B|type=PARENT_HBN|region=PARENT_HBN_BULK_LIKE|degree=3|neighbor_elements=N:3|neighbor_types=PARENT_HBN:3
P:1455,N,PARENT_HBN,PARENT,PARENT_HBN_BULK_LIKE,3,3,0,0,center=N|type=PARENT_HBN|region=PARENT_HBN_BULK_LIKE|degree=3|neighbor_elements=B:3|neighbor_types=PARENT_HBN:3
P:1456,B,PARENT_HBN,PARENT,PARENT_HBN_BULK_LIKE,3,0,3,0,center=B|type=PARENT_HBN|region=PARENT_HBN_BULK_LIKE|degree=3|neighbor_elements=N:3|neighbor_types=PARENT_HBN:3
P:1457,N,PARENT_HBN,PARENT,PARENT_HBN_BULK_LIKE,3,3,0,0,center=N|type=PARENT_HBN|region=PARENT_HBN_BULK_LIKE|degree=3|neighbor_elements=B:3|neighbor_types=PARENT_HBN:3
P:1458,B,PARENT_HBN,PARENT,PARENT_HBN_BULK_LIKE,3,0,3,0,center=B|type=PARENT_HBN|region=PARENT_HBN_BULK_LIKE|degree=3|neighbor_elements=N:3|neighbor_types=PARENT_HBN:3
P:1459,N,PARENT_HBN,PARENT,PARENT_HBN_BULK_LIKE,3,3,0,0,center=N|type=PARENT_HBN|region=PARENT_HBN_BULK_LIKE|degree=3|neighbor_elements=B:3|neighbor_types=PARENT_HBN:3
P:146,B,PARENT_HBN,PARENT,PARENT_HBN_BULK_LIKE,3,0,3,0,center=B|type=PARENT_HBN|region=PARENT_HBN_BULK_LIKE|degree=3|neighbor_elements=N:3|neighbor_types=PARENT_HBN:3
P:1460,B,PARENT_HBN,PARENT,PARENT_HBN_BULK_LIKE,3,0,3,0,center=B|type=PARENT_HBN|region=PARENT_HBN_BULK_LIKE|degree=3|neighbor_elements=N:3|neighbor_types=PARENT_HBN:3
P:1461,N,PARENT_HBN,PARENT,PARENT_HBN_BULK_LIKE,3,3,0,0,center=N|type=PARENT_HBN|region=PARENT_HBN_BULK_LIKE|degree=3|neighbor_elements=B:3|neighbor_types=PARENT_HBN:3
P:1462,B,PARENT_HBN,PARENT,PARENT_HBN_BULK_LIKE,3,0,3,0,center=B|type=PARENT_HBN|region=PARENT_HBN_BULK_LIKE|degree=3|neighbor_elements=N:3|neighbor_types=PARENT_HBN:3
P:1463,N,PARENT_HBN,PARENT,PARENT_HBN_BULK_LIKE,3,3,0,0,center=N|type=PARENT_HBN|region=PARENT_HBN_BULK_LIKE|degree=3|neighbor_elements=B:3|neighbor_types=PARENT_HBN:3
P:1464,B,PARENT_HBN,PARENT,PARENT_HBN_BULK_LIKE,3,0,3,0,center=B|type=PARENT_HBN|region=PARENT_HBN_BULK_LIKE|degree=3|neighbor_elements=N:3|neighbor_types=PARENT_HBN:3
P:1465,N,PARENT_HBN,PARENT,PARENT_HBN_BULK_LIKE,3,3,0,0,center=N|type=PARENT_HBN|region=PARENT_HBN_BULK_LIKE|degree=3|neighbor_elements=B:3|neighbor_types=PARENT_HBN:3
P:1466,B,PARENT_HBN,PARENT,PARENT_HBN_BULK_LIKE,3,0,3,0,center=B|type=PARENT_HBN|region=PARENT_HBN_BULK_LIKE|degree=3|neighbor_elements=N:3|neighbor_types=PARENT_HBN:3
P:1467,N,PARENT_HBN,PARENT,PARENT_HBN_BULK_LIKE,3,3,0,0,center=N|type=PARENT_HBN|region=PARENT_HBN_BULK_LIKE|degree=3|neighbor_elements=B:3|neighbor_types=PARENT_HBN:3
P:1468,B,PARENT_HBN,PARENT,PARENT_HBN_BULK_LIKE,3,0,3,0,center=B|type=PARENT_HBN|region=PARENT_HBN_BULK_LIKE|degree=3|neighbor_elements=N:3|neighbor_types=PARENT_HBN:3
P:1469,N,PARENT_HBN,PARENT,PARENT_HBN_BULK_LIKE,3,3,0,0,center=N|type=PARENT_HBN|region=PARENT_HBN_BULK_LIKE|degree=3|neighbor_elements=B:3|neighbor_types=PARENT_HBN:3
P:147,N,PARENT_HBN,PARENT,PARENT_HBN_BULK_LIKE,3,3,0,0,center=N|type=PARENT_HBN|region=PARENT_HBN_BULK_LIKE|degree=3|neighbor_elements=B:3|neighbor_types=PARENT_HBN:3
P:1470,B,PARENT_HBN,PARENT,PARENT_HBN_BULK_LIKE,3,0,3,0,center=B|type=PARENT_HBN|region=PARENT_HBN_BULK_LIKE|degree=3|neighbor_elements=N:3|neighbor_types=PARENT_HBN:3
P:1471,N,PARENT_HBN,PARENT,PARENT_HBN_BULK_LIKE,3,3,0,0,center=N|type=PARENT_HBN|region=PARENT_HBN_BULK_LIKE|degree=3|neighbor_elements=B:3|neighbor_types=PARENT_HBN:3
P:1472,B,PARENT_HBN,PARENT,PARENT_HBN_BULK_LIKE,3,0,3,0,center=B|type=PARENT_HBN|region=PARENT_HBN_BULK_LIKE|degree=3|neighbor_elements=N:3|neighbor_types=PARENT_HBN:3
P:1473,N,PARENT_HBN,PARENT,PARENT_HBN_BULK_LIKE,3,3,0,0,center=N|type=PARENT_HBN|region=PARENT_HBN_BULK_LIKE|degree=3|neighbor_elements=B:3|neighbor_types=PARENT_HBN:3
P:1474,B,PARENT_HBN,PARENT,PARENT_HBN_BULK_LIKE,3,0,3,0,center=B|type=PARENT_HBN|region=PARENT_HBN_BULK_LIKE|degree=3|neighbor_elements=N:3|neighbor_types=PARENT_HBN:3
P:1475,N,PARENT_HBN,PARENT,PARENT_HBN_BULK_LIKE,3,3,0,0,center=N|type=PARENT_HBN|region=PARENT_HBN_BULK_LIKE|degree=3|neighbor_elements=B:3|neighbor_types=PARENT_HBN:3
P:1476,B,PARENT_HBN,PARENT,PARENT_HBN_BULK_LIKE,3,0,3,0,center=B|type=PARENT_HBN|region=PARENT_HBN_BULK_LIKE|degree=3|neighbor_elements=N:3|neighbor_types=PARENT_HBN:3
P:1477,N,PARENT_HBN,PARENT,PARENT_HBN_BULK_LIKE,3,3,0,0,center=N|type=PARENT_HBN|region=PARENT_HBN_BULK_LIKE|degree=3|neighbor_elements=B:3|neighbor_types=PARENT_HBN:3
P:1478,B,PARENT_HBN,PARENT,PARENT_HBN_BULK_LIKE,3,0,3,0,center=B|type=PARENT_HBN|region=PARENT_HBN_BULK_LIKE|degree=3|neighbor_elements=N:3|neighbor_types=PARENT_HBN:3
P:1479,N,PARENT_HBN,PARENT,PARENT_HBN_BULK_LIKE,3,3,0,0,center=N|type=PARENT_HBN|region=PARENT_HBN_BULK_LIKE|degree=3|neighbor_elements=B:3|neighbor_types=PARENT_HBN:3
P:148,B,PARENT_HBN,PARENT,PARENT_HBN_BULK_LIKE,3,0,3,0,center=B|type=PARENT_HBN|region=PARENT_HBN_BULK_LIKE|degree=3|neighbor_elements=N:3|neighbor_types=PARENT_HBN:3
P:1480,B,PARENT_HBN,PARENT,PARENT_HBN_BULK_LIKE,3,0,3,0,center=B|type=PARENT_HBN|region=PARENT_HBN_BULK_LIKE|degree=3|neighbor_elements=N:3|neighbor_types=PARENT_HBN:3
P:1481,N,PARENT_HBN,PARENT,PARENT_HBN_BULK_LIKE,3,3,0,0,center=N|type=PARENT_HBN|region=PARENT_HBN_BULK_LIKE|degree=3|neighbor_elements=B:3|neighbor_types=PARENT_HBN:3
P:1482,B,PARENT_HBN,PARENT,PARENT_HBN_BULK_LIKE,3,0,3,0,center=B|type=PARENT_HBN|region=PARENT_HBN_BULK_LIKE|degree=3|neighbor_elements=N:3|neighbor_types=PARENT_HBN:3
P:1483,N,PARENT_HBN,PARENT,PARENT_HBN_BULK_LIKE,3,3,0,0,center=N|type=PARENT_HBN|region=PARENT_HBN_BULK_LIKE|degree=3|neighbor_elements=B:3|neighbor_types=PARENT_HBN:3
P:1484,B,PARENT_HBN,PARENT,PARENT_HBN_BULK_LIKE,3,0,3,0,center=B|type=PARENT_HBN|region=PARENT_HBN_BULK_LIKE|degree=3|neighbor_elements=N:3|neighbor_types=PARENT_HBN:3
P:1485,N,PARENT_HBN,PARENT,PARENT_HBN_BULK_LIKE,3,3,0,0,center=N|type=PARENT_HBN|region=PARENT_HBN_BULK_LIKE|degree=3|neighbor_elements=B:3|neighbor_types=PARENT_HBN:3
P:1486,B,PARENT_HBN,PARENT,PARENT_HBN_BULK_LIKE,3,0,3,0,center=B|type=PARENT_HBN|region=PARENT_HBN_BULK_LIKE|degree=3|neighbor_elements=N:3|neighbor_types=PARENT_HBN:3
P:1487,N,PARENT_HBN,PARENT,PARENT_HBN_BULK_LIKE,3,3,0,0,center=N|type=PARENT_HBN|region=PARENT_HBN_BULK_LIKE|degree=3|neighbor_elements=B:3|neighbor_types=PARENT_HBN:3
P:1488,B,PARENT_HBN,PARENT,PARENT_HBN_BULK_LIKE,3,0,3,0,center=B|type=PARENT_HBN|region=PARENT_HBN_BULK_LIKE|degree=3|neighbor_elements=N:3|neighbor_types=PARENT_HBN:3
P:1489,N,PARENT_HBN,PARENT,PARENT_HBN_BULK_LIKE,3,3,0,0,center=N|type=PARENT_HBN|region=PARENT_HBN_BULK_LIKE|degree=3|neighbor_elements=B:3|neighbor_types=PARENT_HBN:3
P:149,N,PARENT_HBN,PARENT,PARENT_HBN_BULK_LIKE,3,3,0,0,center=N|type=PARENT_HBN|region=PARENT_HBN_BULK_LIKE|degree=3|neighbor_elements=B:3|neighbor_types=PARENT_HBN:3
P:1490,B,PARENT_HBN,PARENT,PARENT_HBN_BULK_LIKE,3,0,3,0,center=B|type=PARENT_HBN|region=PARENT_HBN_BULK_LIKE|degree=3|neighbor_elements=N:3|neighbor_types=PARENT_HBN:3
P:1491,N,PARENT_HBN,PARENT,PARENT_HBN_BULK_LIKE,3,3,0,0,center=N|type=PARENT_HBN|region=PARENT_HBN_BULK_LIKE|degree=3|neighbor_elements=B:3|neighbor_types=PARENT_HBN:3
P:1492,B,PARENT_HBN,PARENT,PARENT_HBN_BULK_LIKE,3,0,3,0,center=B|type=PARENT_HBN|region=PARENT_HBN_BULK_LIKE|degree=3|neighbor_elements=N:3|neighbor_types=PARENT_HBN:3
P:1493,N,PARENT_HBN,PARENT,PARENT_HBN_BULK_LIKE,3,3,0,0,center=N|type=PARENT_HBN|region=PARENT_HBN_BULK_LIKE|degree=3|neighbor_elements=B:3|neighbor_types=PARENT_HBN:3
P:1494,B,PARENT_HBN,PARENT,PARENT_HBN_BULK_LIKE,3,0,3,0,center=B|type=PARENT_HBN|region=PARENT_HBN_BULK_LIKE|degree=3|neighbor_elements=N:3|neighbor_types=PARENT_HBN:3
P:1495,N,PARENT_HBN,PARENT,PARENT_HBN_BULK_LIKE,3,3,0,0,center=N|type=PARENT_HBN|region=PARENT_HBN_BULK_LIKE|degree=3|neighbor_elements=B:3|neighbor_types=PARENT_HBN:3
P:1496,B,PARENT_HBN,PARENT,PARENT_HBN_BULK_LIKE,3,0,3,0,center=B|type=PARENT_HBN|region=PARENT_HBN_BULK_LIKE|degree=3|neighbor_elements=N:3|neighbor_types=PARENT_HBN:3
P:1497,N,PARENT_HBN,PARENT,PARENT_HBN_BULK_LIKE,3,3,0,0,center=N|type=PARENT_HBN|region=PARENT_HBN_BULK_LIKE|degree=3|neighbor_elements=B:3|neighbor_types=PARENT_HBN:3
P:1498,B,PARENT_HBN,PARENT,PARENT_HBN_BULK_LIKE,3,0,3,0,center=B|type=PARENT_HBN|region=PARENT_HBN_BULK_LIKE|degree=3|neighbor_elements=N:3|neighbor_types=PARENT_HBN:3
P:1499,N,PARENT_HBN,PARENT,PARENT_HBN_BULK_LIKE,3,3,0,0,center=N|type=PARENT_HBN|region=PARENT_HBN_BULK_LIKE|degree=3|neighbor_elements=B:3|neighbor_types=PARENT_HBN:3
P:15,N,PARENT_HBN,PARENT,PARENT_HBN_BULK_LIKE,3,3,0,0,center=N|type=PARENT_HBN|region=PARENT_HBN_BULK_LIKE|degree=3|neighbor_elements=B:3|neighbor_types=PARENT_HBN:3
P:150,B,PARENT_HBN,PARENT,PARENT_HBN_BULK_LIKE,3,0,3,0,center=B|type=PARENT_HBN|region=PARENT_HBN_BULK_LIKE|degree=3|neighbor_elements=N:3|neighbor_types=PARENT_HBN:3
P:1500,B,PARENT_HBN,PARENT,PARENT_HBN_BULK_LIKE,3,0,3,0,center=B|type=PARENT_HBN|region=PARENT_HBN_BULK_LIKE|degree=3|neighbor_elements=N:3|neighbor_types=PARENT_HBN:3
P:1501,N,PARENT_HBN,PARENT,PARENT_HBN_BULK_LIKE,3,3,0,0,center=N|type=PARENT_HBN|region=PARENT_HBN_BULK_LIKE|degree=3|neighbor_elements=B:3|neighbor_types=PARENT_HBN:3
P:1502,B,PARENT_HBN,PARENT,PARENT_HBN_BULK_LIKE,3,0,3,0,center=B|type=PARENT_HBN|region=PARENT_HBN_BULK_LIKE|degree=3|neighbor_elements=N:3|neighbor_types=PARENT_HBN:3
P:1503,N,PARENT_HBN,PARENT,PARENT_HBN_BULK_LIKE,3,3,0,0,center=N|type=PARENT_HBN|region=PARENT_HBN_BULK_LIKE|degree=3|neighbor_elements=B:3|neighbor_types=PARENT_HBN:3
P:1504,B,PARENT_HBN,PARENT,PARENT_HBN_BULK_LIKE,3,0,3,0,center=B|type=PARENT_HBN|region=PARENT_HBN_BULK_LIKE|degree=3|neighbor_elements=N:3|neighbor_types=PARENT_HBN:3
P:1505,N,PARENT_HBN,PARENT,PARENT_HBN_BULK_LIKE,3,3,0,0,center=N|type=PARENT_HBN|region=PARENT_HBN_BULK_LIKE|degree=3|neighbor_elements=B:3|neighbor_types=PARENT_HBN:3
P:1506,B,PARENT_HBN,PARENT,PARENT_HBN_BULK_LIKE,3,0,3,0,center=B|type=PARENT_HBN|region=PARENT_HBN_BULK_LIKE|degree=3|neighbor_elements=N:3|neighbor_types=PARENT_HBN:3
P:1507,N,PARENT_HBN,PARENT,PARENT_HBN_BULK_LIKE,3,3,0,0,center=N|type=PARENT_HBN|region=PARENT_HBN_BULK_LIKE|degree=3|neighbor_elements=B:3|neighbor_types=PARENT_HBN:3
P:1508,B,PARENT_HBN,PARENT,PARENT_HBN_BULK_LIKE,3,0,3,0,center=B|type=PARENT_HBN|region=PARENT_HBN_BULK_LIKE|degree=3|neighbor_elements=N:3|neighbor_types=PARENT_HBN:3
P:1509,N,PARENT_HBN,PARENT,PARENT_HBN_BULK_LIKE,3,3,0,0,center=N|type=PARENT_HBN|region=PARENT_HBN_BULK_LIKE|degree=3|neighbor_elements=B:3|neighbor_types=PARENT_HBN:3
P:151,N,PARENT_HBN,PARENT,PARENT_HBN_BULK_LIKE,3,3,0,0,center=N|type=PARENT_HBN|region=PARENT_HBN_BULK_LIKE|degree=3|neighbor_elements=B:3|neighbor_types=PARENT_HBN:3
P:1510,B,PARENT_HBN,PARENT,PARENT_HBN_BULK_LIKE,3,0,3,0,center=B|type=PARENT_HBN|region=PARENT_HBN_BULK_LIKE|degree=3|neighbor_elements=N:3|neighbor_types=PARENT_HBN:3
P:1511,N,PARENT_HBN,PARENT,PARENT_HBN_BULK_LIKE,3,3,0,0,center=N|type=PARENT_HBN|region=PARENT_HBN_BULK_LIKE|degree=3|neighbor_elements=B:3|neighbor_types=PARENT_HBN:3
P:1512,B,PARENT_HBN,PARENT,PARENT_HBN_BULK_LIKE,3,0,3,0,center=B|type=PARENT_HBN|region=PARENT_HBN_BULK_LIKE|degree=3|neighbor_elements=N:3|neighbor_types=PARENT_HBN:3
P:1513,N,PARENT_HBN,PARENT,PARENT_HBN_BULK_LIKE,3,3,0,0,center=N|type=PARENT_HBN|region=PARENT_HBN_BULK_LIKE|degree=3|neighbor_elements=B:3|neighbor_types=PARENT_HBN:3
P:1514,B,PARENT_HBN,PARENT,PARENT_HBN_BULK_LIKE,3,0,3,0,center=B|type=PARENT_HBN|region=PARENT_HBN_BULK_LIKE|degree=3|neighbor_elements=N:3|neighbor_types=PARENT_HBN:3
P:1515,N,PARENT_HBN,PARENT,PARENT_HBN_BULK_LIKE,3,3,0,0,center=N|type=PARENT_HBN|region=PARENT_HBN_BULK_LIKE|degree=3|neighbor_elements=B:3|neighbor_types=PARENT_HBN:3
P:1516,B,PARENT_HBN,PARENT,PARENT_HBN_BULK_LIKE,3,0,3,0,center=B|type=PARENT_HBN|region=PARENT_HBN_BULK_LIKE|degree=3|neighbor_elements=N:3|neighbor_types=PARENT_HBN:3
P:1517,N,PARENT_HBN,PARENT,PARENT_HBN_BULK_LIKE,3,3,0,0,center=N|type=PARENT_HBN|region=PARENT_HBN_BULK_LIKE|degree=3|neighbor_elements=B:3|neighbor_types=PARENT_HBN:3
P:1518,B,PARENT_HBN,PARENT,PARENT_HBN_BULK_LIKE,3,0,3,0,center=B|type=PARENT_HBN|region=PARENT_HBN_BULK_LIKE|degree=3|neighbor_elements=N:3|neighbor_types=PARENT_HBN:3
P:1519,N,PARENT_HBN,PARENT,PARENT_HBN_BULK_LIKE,3,3,0,0,center=N|type=PARENT_HBN|region=PARENT_HBN_BULK_LIKE|degree=3|neighbor_elements=B:3|neighbor_types=PARENT_HBN:3
P:152,B,PARENT_HBN,PARENT,PARENT_HBN_BULK_LIKE,3,0,3,0,center=B|type=PARENT_HBN|region=PARENT_HBN_BULK_LIKE|degree=3|neighbor_elements=N:3|neighbor_types=PARENT_HBN:3
P:1520,B,PARENT_HBN,PARENT,PARENT_HBN_BULK_LIKE,3,0,3,0,center=B|type=PARENT_HBN|region=PARENT_HBN_BULK_LIKE|degree=3|neighbor_elements=N:3|neighbor_types=PARENT_HBN:3
P:1521,N,PARENT_HBN,PARENT,PARENT_HBN_BULK_LIKE,3,3,0,0,center=N|type=PARENT_HBN|region=PARENT_HBN_BULK_LIKE|degree=3|neighbor_elements=B:3|neighbor_types=PARENT_HBN:3
P:1522,B,PARENT_HBN,PARENT,PARENT_HBN_BULK_LIKE,3,0,3,0,center=B|type=PARENT_HBN|region=PARENT_HBN_BULK_LIKE|degree=3|neighbor_elements=N:3|neighbor_types=PARENT_HBN:3
P:1523,N,PARENT_HBN,PARENT,PARENT_HBN_BULK_LIKE,3,3,0,0,center=N|type=PARENT_HBN|region=PARENT_HBN_BULK_LIKE|degree=3|neighbor_elements=B:3|neighbor_types=PARENT_HBN:3
P:1524,B,PARENT_HBN,PARENT,PARENT_HBN_BULK_LIKE,3,0,3,0,center=B|type=PARENT_HBN|region=PARENT_HBN_BULK_LIKE|degree=3|neighbor_elements=N:3|neighbor_types=PARENT_HBN:3
P:1525,N,PARENT_HBN,PARENT,PARENT_HBN_BULK_LIKE,3,3,0,0,center=N|type=PARENT_HBN|region=PARENT_HBN_BULK_LIKE|degree=3|neighbor_elements=B:3|neighbor_types=PARENT_HBN:3
P:1526,B,PARENT_HBN,PARENT,PARENT_HBN_BULK_LIKE,3,0,3,0,center=B|type=PARENT_HBN|region=PARENT_HBN_BULK_LIKE|degree=3|neighbor_elements=N:3|neighbor_types=PARENT_HBN:3
P:1527,N,PARENT_HBN,PARENT,PARENT_HBN_BULK_LIKE,3,3,0,0,center=N|type=PARENT_HBN|region=PARENT_HBN_BULK_LIKE|degree=3|neighbor_elements=B:3|neighbor_types=PARENT_HBN:3
P:1528,B,PARENT_HBN,PARENT,PARENT_HBN_BULK_LIKE,3,0,3,0,center=B|type=PARENT_HBN|region=PARENT_HBN_BULK_LIKE|degree=3|neighbor_elements=N:3|neighbor_types=PARENT_HBN:3
P:1529,N,PARENT_HBN,PARENT,PARENT_HBN_BULK_LIKE,3,3,0,0,center=N|type=PARENT_HBN|region=PARENT_HBN_BULK_LIKE|degree=3|neighbor_elements=B:3|neighbor_types=PARENT_HBN:3
P:153,N,PARENT_HBN,PARENT,PARENT_HBN_BULK_LIKE,3,3,0,0,center=N|type=PARENT_HBN|region=PARENT_HBN_BULK_LIKE|degree=3|neighbor_elements=B:3|neighbor_types=PARENT_HBN:3
P:1530,B,PARENT_HBN,PARENT,PARENT_HBN_BULK_LIKE,3,0,3,0,center=B|type=PARENT_HBN|region=PARENT_HBN_BULK_LIKE|degree=3|neighbor_elements=N:3|neighbor_types=PARENT_HBN:3
P:1531,N,PARENT_HBN,PARENT,PARENT_HBN_BULK_LIKE,3,3,0,0,center=N|type=PARENT_HBN|region=PARENT_HBN_BULK_LIKE|degree=3|neighbor_elements=B:3|neighbor_types=PARENT_HBN:3
P:1532,B,PARENT_HBN,PARENT,PARENT_HBN_BULK_LIKE,3,0,3,0,center=B|type=PARENT_HBN|region=PARENT_HBN_BULK_LIKE|degree=3|neighbor_elements=N:3|neighbor_types=PARENT_HBN:3
P:1533,N,PARENT_HBN,PARENT,PARENT_HBN_BULK_LIKE,3,3,0,0,center=N|type=PARENT_HBN|region=PARENT_HBN_BULK_LIKE|degree=3|neighbor_elements=B:3|neighbor_types=PARENT_HBN:3
P:1534,B,PARENT_HBN,PARENT,PARENT_HBN_BULK_LIKE,3,0,3,0,center=B|type=PARENT_HBN|region=PARENT_HBN_BULK_LIKE|degree=3|neighbor_elements=N:3|neighbor_types=PARENT_HBN:3
P:1535,N,PARENT_HBN,PARENT,PARENT_HBN_BULK_LIKE,3,3,0,0,center=N|type=PARENT_HBN|region=PARENT_HBN_BULK_LIKE|degree=3|neighbor_elements=B:3|neighbor_types=PARENT_HBN:3
P:1536,B,PARENT_HBN,PARENT,PARENT_HBN_BULK_LIKE,3,0,3,0,center=B|type=PARENT_HBN|region=PARENT_HBN_BULK_LIKE|degree=3|neighbor_elements=N:3|neighbor_types=PARENT_HBN:3
P:1537,N,PARENT_HBN,PARENT,PARENT_HBN_BULK_LIKE,3,3,0,0,center=N|type=PARENT_HBN|region=PARENT_HBN_BULK_LIKE|degree=3|neighbor_elements=B:3|neighbor_types=PARENT_HBN:3
P:1538,B,PARENT_HBN,PARENT,PARENT_HBN_BULK_LIKE,3,0,3,0,center=B|type=PARENT_HBN|region=PARENT_HBN_BULK_LIKE|degree=3|neighbor_elements=N:3|neighbor_types=PARENT_HBN:3
P:1539,N,PARENT_HBN,PARENT,PARENT_HBN_BULK_LIKE,3,3,0,0,center=N|type=PARENT_HBN|region=PARENT_HBN_BULK_LIKE|degree=3|neighbor_elements=B:3|neighbor_types=PARENT_HBN:3
P:154,B,PARENT_HBN,PARENT,PARENT_HBN_BULK_LIKE,3,0,3,0,center=B|type=PARENT_HBN|region=PARENT_HBN_BULK_LIKE|degree=3|neighbor_elements=N:3|neighbor_types=PARENT_HBN:3
P:1540,B,PARENT_HBN,PARENT,PARENT_HBN_BULK_LIKE,3,0,3,0,center=B|type=PARENT_HBN|region=PARENT_HBN_BULK_LIKE|degree=3|neighbor_elements=N:3|neighbor_types=PARENT_HBN:3
P:1541,N,PARENT_HBN,PARENT,PARENT_HBN_BULK_LIKE,3,3,0,0,center=N|type=PARENT_HBN|region=PARENT_HBN_BULK_LIKE|degree=3|neighbor_elements=B:3|neighbor_types=PARENT_HBN:3
P:1542,B,PARENT_HBN,PARENT,PARENT_HBN_BULK_LIKE,3,0,3,0,center=B|type=PARENT_HBN|region=PARENT_HBN_BULK_LIKE|degree=3|neighbor_elements=N:3|neighbor_types=PARENT_HBN:3
P:1543,N,PARENT_HBN,PARENT,PARENT_HBN_BULK_LIKE,3,3,0,0,center=N|type=PARENT_HBN|region=PARENT_HBN_BULK_LIKE|degree=3|neighbor_elements=B:3|neighbor_types=PARENT_HBN:3
P:1544,B,PARENT_HBN,PARENT,PARENT_HBN_BULK_LIKE,3,0,3,0,center=B|type=PARENT_HBN|region=PARENT_HBN_BULK_LIKE|degree=3|neighbor_elements=N:3|neighbor_types=PARENT_HBN:3
P:1545,N,PARENT_HBN,PARENT,PARENT_HBN_BULK_LIKE,3,3,0,0,center=N|type=PARENT_HBN|region=PARENT_HBN_BULK_LIKE|degree=3|neighbor_elements=B:3|neighbor_types=PARENT_HBN:3
P:1546,B,PARENT_HBN,PARENT,PARENT_HBN_BULK_LIKE,3,0,3,0,center=B|type=PARENT_HBN|region=PARENT_HBN_BULK_LIKE|degree=3|neighbor_elements=N:3|neighbor_types=PARENT_HBN:3
P:1547,N,PARENT_HBN,PARENT,PARENT_HBN_BULK_LIKE,3,3,0,0,center=N|type=PARENT_HBN|region=PARENT_HBN_BULK_LIKE|degree=3|neighbor_elements=B:3|neighbor_types=PARENT_HBN:3
P:1548,B,PARENT_HBN,PARENT,PARENT_HBN_BULK_LIKE,3,0,3,0,center=B|type=PARENT_HBN|region=PARENT_HBN_BULK_LIKE|degree=3|neighbor_elements=N:3|neighbor_types=PARENT_HBN:3
P:1549,N,PARENT_HBN,PARENT,PARENT_HBN_BULK_LIKE,3,3,0,0,center=N|type=PARENT_HBN|region=PARENT_HBN_BULK_LIKE|degree=3|neighbor_elements=B:3|neighbor_types=PARENT_HBN:3
P:155,N,PARENT_HBN,PARENT,PARENT_HBN_BULK_LIKE,3,3,0,0,center=N|type=PARENT_HBN|region=PARENT_HBN_BULK_LIKE|degree=3|neighbor_elements=B:3|neighbor_types=PARENT_HBN:3
P:1550,B,PARENT_HBN,PARENT,PARENT_HBN_BULK_LIKE,3,0,3,0,center=B|type=PARENT_HBN|region=PARENT_HBN_BULK_LIKE|degree=3|neighbor_elements=N:3|neighbor_types=PARENT_HBN:3
P:1551,N,PARENT_HBN,PARENT,PARENT_HBN_BULK_LIKE,3,3,0,0,center=N|type=PARENT_HBN|region=PARENT_HBN_BULK_LIKE|degree=3|neighbor_elements=B:3|neighbor_types=PARENT_HBN:3
P:1552,B,PARENT_HBN,PARENT,PARENT_HBN_BULK_LIKE,3,0,3,0,center=B|type=PARENT_HBN|region=PARENT_HBN_BULK_LIKE|degree=3|neighbor_elements=N:3|neighbor_types=PARENT_HBN:3
P:1553,N,PARENT_HBN,PARENT,PARENT_HBN_BULK_LIKE,3,3,0,0,center=N|type=PARENT_HBN|region=PARENT_HBN_BULK_LIKE|degree=3|neighbor_elements=B:3|neighbor_types=PARENT_HBN:3
P:1554,B,PARENT_HBN,PARENT,PARENT_HBN_BULK_LIKE,3,0,3,0,center=B|type=PARENT_HBN|region=PARENT_HBN_BULK_LIKE|degree=3|neighbor_elements=N:3|neighbor_types=PARENT_HBN:3
P:1555,N,PARENT_HBN,PARENT,PARENT_HBN_BULK_LIKE,3,3,0,0,center=N|type=PARENT_HBN|region=PARENT_HBN_BULK_LIKE|degree=3|neighbor_elements=B:3|neighbor_types=PARENT_HBN:3
P:1556,B,PARENT_HBN,PARENT,PARENT_HBN_BULK_LIKE,3,0,3,0,center=B|type=PARENT_HBN|region=PARENT_HBN_BULK_LIKE|degree=3|neighbor_elements=N:3|neighbor_types=PARENT_HBN:3
P:1557,N,PARENT_HBN,PARENT,PARENT_HBN_BULK_LIKE,3,3,0,0,center=N|type=PARENT_HBN|region=PARENT_HBN_BULK_LIKE|degree=3|neighbor_elements=B:3|neighbor_types=PARENT_HBN:3
P:1558,B,PARENT_HBN,PARENT,PARENT_HBN_BULK_LIKE,3,0,3,0,center=B|type=PARENT_HBN|region=PARENT_HBN_BULK_LIKE|degree=3|neighbor_elements=N:3|neighbor_types=PARENT_HBN:3
P:1559,N,PARENT_HBN,PARENT,PARENT_HBN_BULK_LIKE,3,3,0,0,center=N|type=PARENT_HBN|region=PARENT_HBN_BULK_LIKE|degree=3|neighbor_elements=B:3|neighbor_types=PARENT_HBN:3
P:156,B,PARENT_HBN,PARENT,PARENT_HBN_BULK_LIKE,3,0,3,0,center=B|type=PARENT_HBN|region=PARENT_HBN_BULK_LIKE|degree=3|neighbor_elements=N:3|neighbor_types=PARENT_HBN:3
P:1560,B,PARENT_HBN,PARENT,PARENT_HBN_BULK_LIKE,3,0,3,0,center=B|type=PARENT_HBN|region=PARENT_HBN_BULK_LIKE|degree=3|neighbor_elements=N:3|neighbor_types=PARENT_HBN:3
P:1561,N,PARENT_HBN,PARENT,PARENT_HBN_BULK_LIKE,3,3,0,0,center=N|type=PARENT_HBN|region=PARENT_HBN_BULK_LIKE|degree=3|neighbor_elements=B:3|neighbor_types=PARENT_HBN:3
P:1562,B,PARENT_HBN,PARENT,PARENT_HBN_BULK_LIKE,3,0,3,0,center=B|type=PARENT_HBN|region=PARENT_HBN_BULK_LIKE|degree=3|neighbor_elements=N:3|neighbor_types=PARENT_HBN:3
P:1563,N,PARENT_HBN,PARENT,PARENT_HBN_BULK_LIKE,3,3,0,0,center=N|type=PARENT_HBN|region=PARENT_HBN_BULK_LIKE|degree=3|neighbor_elements=B:3|neighbor_types=PARENT_HBN:3
P:1564,B,PARENT_HBN,PARENT,PARENT_HBN_BULK_LIKE,3,0,3,0,center=B|type=PARENT_HBN|region=PARENT_HBN_BULK_LIKE|degree=3|neighbor_elements=N:3|neighbor_types=PARENT_HBN:3
P:1565,N,PARENT_HBN,PARENT,PARENT_HBN_BULK_LIKE,3,3,0,0,center=N|type=PARENT_HBN|region=PARENT_HBN_BULK_LIKE|degree=3|neighbor_elements=B:3|neighbor_types=PARENT_HBN:3
P:1566,B,PARENT_HBN,PARENT,PARENT_HBN_BULK_LIKE,3,0,3,0,center=B|type=PARENT_HBN|region=PARENT_HBN_BULK_LIKE|degree=3|neighbor_elements=N:3|neighbor_types=PARENT_HBN:3
P:1567,N,PARENT_HBN,PARENT,PARENT_HBN_BULK_LIKE,3,3,0,0,center=N|type=PARENT_HBN|region=PARENT_HBN_BULK_LIKE|degree=3|neighbor_elements=B:3|neighbor_types=PARENT_HBN:3
P:1568,B,PARENT_HBN,PARENT,PARENT_HBN_BULK_LIKE,3,0,3,0,center=B|type=PARENT_HBN|region=PARENT_HBN_BULK_LIKE|degree=3|neighbor_elements=N:3|neighbor_types=PARENT_HBN:3
P:1569,N,PARENT_HBN,PARENT,PARENT_HBN_BULK_LIKE,3,3,0,0,center=N|type=PARENT_HBN|region=PARENT_HBN_BULK_LIKE|degree=3|neighbor_elements=B:3|neighbor_types=PARENT_HBN:3
P:157,N,PARENT_HBN,PARENT,PARENT_HBN_BULK_LIKE,3,3,0,0,center=N|type=PARENT_HBN|region=PARENT_HBN_BULK_LIKE|degree=3|neighbor_elements=B:3|neighbor_types=PARENT_HBN:3
P:1570,B,PARENT_HBN,PARENT,PARENT_HBN_BULK_LIKE,3,0,3,0,center=B|type=PARENT_HBN|region=PARENT_HBN_BULK_LIKE|degree=3|neighbor_elements=N:3|neighbor_types=PARENT_HBN:3
P:1571,N,PARENT_HBN,PARENT,PARENT_HBN_BULK_LIKE,3,3,0,0,center=N|type=PARENT_HBN|region=PARENT_HBN_BULK_LIKE|degree=3|neighbor_elements=B:3|neighbor_types=PARENT_HBN:3
P:1572,B,PARENT_HBN,PARENT,PARENT_HBN_BULK_LIKE,3,0,3,0,center=B|type=PARENT_HBN|region=PARENT_HBN_BULK_LIKE|degree=3|neighbor_elements=N:3|neighbor_types=PARENT_HBN:3
P:1573,N,PARENT_HBN,PARENT,PARENT_HBN_BULK_LIKE,3,3,0,0,center=N|type=PARENT_HBN|region=PARENT_HBN_BULK_LIKE|degree=3|neighbor_elements=B:3|neighbor_types=PARENT_HBN:3
P:1574,B,PARENT_HBN,PARENT,PARENT_HBN_BULK_LIKE,3,0,3,0,center=B|type=PARENT_HBN|region=PARENT_HBN_BULK_LIKE|degree=3|neighbor_elements=N:3|neighbor_types=PARENT_HBN:3
P:1575,N,PARENT_HBN,PARENT,PARENT_HBN_BULK_LIKE,3,3,0,0,center=N|type=PARENT_HBN|region=PARENT_HBN_BULK_LIKE|degree=3|neighbor_elements=B:3|neighbor_types=PARENT_HBN:3
P:1576,B,PARENT_HBN,PARENT,PARENT_HBN_BULK_LIKE,3,0,3,0,center=B|type=PARENT_HBN|region=PARENT_HBN_BULK_LIKE|degree=3|neighbor_elements=N:3|neighbor_types=PARENT_HBN:3
P:1577,N,PARENT_HBN,PARENT,PARENT_HBN_BULK_LIKE,3,3,0,0,center=N|type=PARENT_HBN|region=PARENT_HBN_BULK_LIKE|degree=3|neighbor_elements=B:3|neighbor_types=PARENT_HBN:3
P:1578,B,PARENT_HBN,PARENT,PARENT_HBN_BULK_LIKE,3,0,3,0,center=B|type=PARENT_HBN|region=PARENT_HBN_BULK_LIKE|degree=3|neighbor_elements=N:3|neighbor_types=PARENT_HBN:3
P:1579,N,PARENT_HBN,PARENT,PARENT_HBN_BULK_LIKE,3,3,0,0,center=N|type=PARENT_HBN|region=PARENT_HBN_BULK_LIKE|degree=3|neighbor_elements=B:3|neighbor_types=PARENT_HBN:3
P:158,B,PARENT_HBN,PARENT,PARENT_HBN_BULK_LIKE,3,0,3,0,center=B|type=PARENT_HBN|region=PARENT_HBN_BULK_LIKE|degree=3|neighbor_elements=N:3|neighbor_types=PARENT_HBN:3
P:1580,B,PARENT_HBN,PARENT,PARENT_HBN_BULK_LIKE,3,0,3,0,center=B|type=PARENT_HBN|region=PARENT_HBN_BULK_LIKE|degree=3|neighbor_elements=N:3|neighbor_types=PARENT_HBN:3
P:1581,N,PARENT_HBN,PARENT,PARENT_HBN_BULK_LIKE,3,3,0,0,center=N|type=PARENT_HBN|region=PARENT_HBN_BULK_LIKE|degree=3|neighbor_elements=B:3|neighbor_types=PARENT_HBN:3
P:1582,B,PARENT_HBN,PARENT,PARENT_HBN_BULK_LIKE,3,0,3,0,center=B|type=PARENT_HBN|region=PARENT_HBN_BULK_LIKE|degree=3|neighbor_elements=N:3|neighbor_types=PARENT_HBN:3
P:1583,N,PARENT_HBN,PARENT,PARENT_HBN_BULK_LIKE,3,3,0,0,center=N|type=PARENT_HBN|region=PARENT_HBN_BULK_LIKE|degree=3|neighbor_elements=B:3|neighbor_types=PARENT_HBN:3
P:1584,B,PARENT_HBN,PARENT,PARENT_HBN_BULK_LIKE,3,0,3,0,center=B|type=PARENT_HBN|region=PARENT_HBN_BULK_LIKE|degree=3|neighbor_elements=N:3|neighbor_types=PARENT_HBN:3
P:1585,N,PARENT_HBN,PARENT,PARENT_HBN_BULK_LIKE,3,3,0,0,center=N|type=PARENT_HBN|region=PARENT_HBN_BULK_LIKE|degree=3|neighbor_elements=B:3|neighbor_types=PARENT_HBN:3
P:1586,B,PARENT_HBN,PARENT,PARENT_HBN_BULK_LIKE,3,0,3,0,center=B|type=PARENT_HBN|region=PARENT_HBN_BULK_LIKE|degree=3|neighbor_elements=N:3|neighbor_types=PARENT_HBN:3
P:1587,N,PARENT_HBN,PARENT,PARENT_HBN_BULK_LIKE,3,3,0,0,center=N|type=PARENT_HBN|region=PARENT_HBN_BULK_LIKE|degree=3|neighbor_elements=B:3|neighbor_types=PARENT_HBN:3
P:1588,B,PARENT_HBN,PARENT,PARENT_HBN_BULK_LIKE,3,0,3,0,center=B|type=PARENT_HBN|region=PARENT_HBN_BULK_LIKE|degree=3|neighbor_elements=N:3|neighbor_types=PARENT_HBN:3
P:1589,N,PARENT_HBN,PARENT,PARENT_HBN_BULK_LIKE,3,3,0,0,center=N|type=PARENT_HBN|region=PARENT_HBN_BULK_LIKE|degree=3|neighbor_elements=B:3|neighbor_types=PARENT_HBN:3
P:159,N,PARENT_HBN,PARENT,PARENT_HBN_BULK_LIKE,3,3,0,0,center=N|type=PARENT_HBN|region=PARENT_HBN_BULK_LIKE|degree=3|neighbor_elements=B:3|neighbor_types=PARENT_HBN:3
P:1590,B,PARENT_HBN,PARENT,PARENT_HBN_BULK_LIKE,3,0,3,0,center=B|type=PARENT_HBN|region=PARENT_HBN_BULK_LIKE|degree=3|neighbor_elements=N:3|neighbor_types=PARENT_HBN:3
P:1591,N,PARENT_HBN,PARENT,PARENT_HBN_BULK_LIKE,3,3,0,0,center=N|type=PARENT_HBN|region=PARENT_HBN_BULK_LIKE|degree=3|neighbor_elements=B:3|neighbor_types=PARENT_HBN:3
P:1592,B,PARENT_HBN,PARENT,PARENT_HBN_BULK_LIKE,3,0,3,0,center=B|type=PARENT_HBN|region=PARENT_HBN_BULK_LIKE|degree=3|neighbor_elements=N:3|neighbor_types=PARENT_HBN:3
P:1593,N,PARENT_HBN,PARENT,PARENT_HBN_BULK_LIKE,3,3,0,0,center=N|type=PARENT_HBN|region=PARENT_HBN_BULK_LIKE|degree=3|neighbor_elements=B:3|neighbor_types=PARENT_HBN:3
P:1594,B,PARENT_HBN,PARENT,PARENT_HBN_BULK_LIKE,3,0,3,0,center=B|type=PARENT_HBN|region=PARENT_HBN_BULK_LIKE|degree=3|neighbor_elements=N:3|neighbor_types=PARENT_HBN:3
P:1595,N,PARENT_HBN,PARENT,PARENT_HBN_BULK_LIKE,3,3,0,0,center=N|type=PARENT_HBN|region=PARENT_HBN_BULK_LIKE|degree=3|neighbor_elements=B:3|neighbor_types=PARENT_HBN:3
P:1596,B,PARENT_HBN,PARENT,PARENT_HBN_BULK_LIKE,3,0,3,0,center=B|type=PARENT_HBN|region=PARENT_HBN_BULK_LIKE|degree=3|neighbor_elements=N:3|neighbor_types=PARENT_HBN:3
P:1597,N,PARENT_HBN,PARENT,PARENT_HBN_BULK_LIKE,3,3,0,0,center=N|type=PARENT_HBN|region=PARENT_HBN_BULK_LIKE|degree=3|neighbor_elements=B:3|neighbor_types=PARENT_HBN:3
P:1598,B,PARENT_HBN,PARENT,PARENT_HBN_BULK_LIKE,3,0,3,0,center=B|type=PARENT_HBN|region=PARENT_HBN_BULK_LIKE|degree=3|neighbor_elements=N:3|neighbor_types=PARENT_HBN:3
P:1599,N,PARENT_HBN,PARENT,PARENT_HBN_BULK_LIKE,3,3,0,0,center=N|type=PARENT_HBN|region=PARENT_HBN_BULK_LIKE|degree=3|neighbor_elements=B:3|neighbor_types=PARENT_HBN:3
P:16,B,PARENT_HBN,PARENT,PARENT_SEED_ATTACHMENT,3,0,3,0,"center=B|type=PARENT_HBN|region=PARENT_SEED_ATTACHMENT|degree=3|neighbor_elements=N:3|neighbor_types=HEXAGONAL_EDGE_COMPLETION_SEED:2,PARENT_HBN:1"
P:160,B,PARENT_HBN,PARENT,PARENT_HBN_BULK_LIKE,3,0,3,0,center=B|type=PARENT_HBN|region=PARENT_HBN_BULK_LIKE|degree=3|neighbor_elements=N:3|neighbor_types=PARENT_HBN:3
P:1600,B,PARENT_HBN,PARENT,PARENT_HBN_BULK_LIKE,3,0,3,0,center=B|type=PARENT_HBN|region=PARENT_HBN_BULK_LIKE|degree=3|neighbor_elements=N:3|neighbor_types=PARENT_HBN:3
P:1601,N,PARENT_HBN,PARENT,PARENT_HBN_BULK_LIKE,3,3,0,0,center=N|type=PARENT_HBN|region=PARENT_HBN_BULK_LIKE|degree=3|neighbor_elements=B:3|neighbor_types=PARENT_HBN:3
P:1602,B,PARENT_HBN,PARENT,PARENT_HBN_BULK_LIKE,3,0,3,0,center=B|type=PARENT_HBN|region=PARENT_HBN_BULK_LIKE|degree=3|neighbor_elements=N:3|neighbor_types=PARENT_HBN:3
P:1603,N,PARENT_HBN,PARENT,PARENT_HBN_BULK_LIKE,3,3,0,0,center=N|type=PARENT_HBN|region=PARENT_HBN_BULK_LIKE|degree=3|neighbor_elements=B:3|neighbor_types=PARENT_HBN:3
P:1604,B,PARENT_HBN,PARENT,PARENT_HBN_BULK_LIKE,3,0,3,0,center=B|type=PARENT_HBN|region=PARENT_HBN_BULK_LIKE|degree=3|neighbor_elements=N:3|neighbor_types=PARENT_HBN:3
P:1605,N,PARENT_HBN,PARENT,PARENT_HBN_BULK_LIKE,3,3,0,0,center=N|type=PARENT_HBN|region=PARENT_HBN_BULK_LIKE|degree=3|neighbor_elements=B:3|neighbor_types=PARENT_HBN:3
P:1606,B,PARENT_HBN,PARENT,PARENT_HBN_BULK_LIKE,3,0,3,0,center=B|type=PARENT_HBN|region=PARENT_HBN_BULK_LIKE|degree=3|neighbor_elements=N:3|neighbor_types=PARENT_HBN:3
P:1607,N,PARENT_HBN,PARENT,PARENT_HBN_BULK_LIKE,3,3,0,0,center=N|type=PARENT_HBN|region=PARENT_HBN_BULK_LIKE|degree=3|neighbor_elements=B:3|neighbor_types=PARENT_HBN:3
P:1608,B,PARENT_HBN,PARENT,PARENT_HBN_BULK_LIKE,3,0,3,0,center=B|type=PARENT_HBN|region=PARENT_HBN_BULK_LIKE|degree=3|neighbor_elements=N:3|neighbor_types=PARENT_HBN:3
P:1609,N,PARENT_HBN,PARENT,PARENT_HBN_BULK_LIKE,3,3,0,0,center=N|type=PARENT_HBN|region=PARENT_HBN_BULK_LIKE|degree=3|neighbor_elements=B:3|neighbor_types=PARENT_HBN:3
P:161,N,PARENT_HBN,PARENT,PARENT_HBN_BULK_LIKE,3,3,0,0,center=N|type=PARENT_HBN|region=PARENT_HBN_BULK_LIKE|degree=3|neighbor_elements=B:3|neighbor_types=PARENT_HBN:3
P:1610,B,PARENT_HBN,PARENT,PARENT_HBN_BULK_LIKE,3,0,3,0,center=B|type=PARENT_HBN|region=PARENT_HBN_BULK_LIKE|degree=3|neighbor_elements=N:3|neighbor_types=PARENT_HBN:3
P:1611,N,PARENT_HBN,PARENT,PARENT_HBN_BULK_LIKE,3,3,0,0,center=N|type=PARENT_HBN|region=PARENT_HBN_BULK_LIKE|degree=3|neighbor_elements=B:3|neighbor_types=PARENT_HBN:3
P:1612,B,PARENT_HBN,PARENT,PARENT_HBN_BULK_LIKE,3,0,3,0,center=B|type=PARENT_HBN|region=PARENT_HBN_BULK_LIKE|degree=3|neighbor_elements=N:3|neighbor_types=PARENT_HBN:3
P:1613,N,PARENT_HBN,PARENT,PARENT_HBN_BULK_LIKE,3,3,0,0,center=N|type=PARENT_HBN|region=PARENT_HBN_BULK_LIKE|degree=3|neighbor_elements=B:3|neighbor_types=PARENT_HBN:3
P:1614,B,PARENT_HBN,PARENT,PARENT_HBN_BULK_LIKE,3,0,3,0,center=B|type=PARENT_HBN|region=PARENT_HBN_BULK_LIKE|degree=3|neighbor_elements=N:3|neighbor_types=PARENT_HBN:3
P:1615,N,PARENT_HBN,PARENT,PARENT_HBN_BULK_LIKE,3,3,0,0,center=N|type=PARENT_HBN|region=PARENT_HBN_BULK_LIKE|degree=3|neighbor_elements=B:3|neighbor_types=PARENT_HBN:3
P:1616,B,PARENT_HBN,PARENT,PARENT_HBN_BULK_LIKE,3,0,3,0,center=B|type=PARENT_HBN|region=PARENT_HBN_BULK_LIKE|degree=3|neighbor_elements=N:3|neighbor_types=PARENT_HBN:3
P:1617,N,PARENT_HBN,PARENT,PARENT_HBN_BULK_LIKE,3,3,0,0,center=N|type=PARENT_HBN|region=PARENT_HBN_BULK_LIKE|degree=3|neighbor_elements=B:3|neighbor_types=PARENT_HBN:3
P:1618,B,PARENT_HBN,PARENT,PARENT_HBN_BULK_LIKE,3,0,3,0,center=B|type=PARENT_HBN|region=PARENT_HBN_BULK_LIKE|degree=3|neighbor_elements=N:3|neighbor_types=PARENT_HBN:3
P:1619,N,PARENT_HBN,PARENT,PARENT_HBN_BULK_LIKE,3,3,0,0,center=N|type=PARENT_HBN|region=PARENT_HBN_BULK_LIKE|degree=3|neighbor_elements=B:3|neighbor_types=PARENT_HBN:3
P:162,B,PARENT_HBN,PARENT,PARENT_HBN_BULK_LIKE,3,0,3,0,center=B|type=PARENT_HBN|region=PARENT_HBN_BULK_LIKE|degree=3|neighbor_elements=N:3|neighbor_types=PARENT_HBN:3
P:1620,B,PARENT_HBN,PARENT,PARENT_HBN_BULK_LIKE,3,0,3,0,center=B|type=PARENT_HBN|region=PARENT_HBN_BULK_LIKE|degree=3|neighbor_elements=N:3|neighbor_types=PARENT_HBN:3
P:1621,N,PARENT_HBN,PARENT,PARENT_SEED_ATTACHMENT,3,3,0,0,"center=N|type=PARENT_HBN|region=PARENT_SEED_ATTACHMENT|degree=3|neighbor_elements=B:3|neighbor_types=HEXAGONAL_EDGE_COMPLETION_SEED:2,PARENT_HBN:1"
P:1622,B,PARENT_HBN,PARENT,PARENT_HBN_BULK_LIKE,3,0,3,0,center=B|type=PARENT_HBN|region=PARENT_HBN_BULK_LIKE|degree=3|neighbor_elements=N:3|neighbor_types=PARENT_HBN:3
P:1623,N,PARENT_HBN,PARENT,PARENT_SEED_ATTACHMENT,3,3,0,0,"center=N|type=PARENT_HBN|region=PARENT_SEED_ATTACHMENT|degree=3|neighbor_elements=B:3|neighbor_types=HEXAGONAL_EDGE_COMPLETION_SEED:2,PARENT_HBN:1"
P:1624,B,PARENT_HBN,PARENT,PARENT_HBN_BULK_LIKE,3,0,3,0,center=B|type=PARENT_HBN|region=PARENT_HBN_BULK_LIKE|degree=3|neighbor_elements=N:3|neighbor_types=PARENT_HBN:3
P:1625,N,PARENT_HBN,PARENT,PARENT_SEED_ATTACHMENT,3,3,0,0,"center=N|type=PARENT_HBN|region=PARENT_SEED_ATTACHMENT|degree=3|neighbor_elements=B:3|neighbor_types=HEXAGONAL_EDGE_COMPLETION_SEED:2,PARENT_HBN:1"
P:1626,B,PARENT_HBN,PARENT,PARENT_HBN_BULK_LIKE,3,0,3,0,center=B|type=PARENT_HBN|region=PARENT_HBN_BULK_LIKE|degree=3|neighbor_elements=N:3|neighbor_types=PARENT_HBN:3
P:1627,N,PARENT_HBN,PARENT,PARENT_SEED_ATTACHMENT,3,3,0,0,"center=N|type=PARENT_HBN|region=PARENT_SEED_ATTACHMENT|degree=3|neighbor_elements=B:3|neighbor_types=HEXAGONAL_EDGE_COMPLETION_SEED:2,PARENT_HBN:1"
P:1628,B,PARENT_HBN,PARENT,PARENT_HBN_BULK_LIKE,3,0,3,0,center=B|type=PARENT_HBN|region=PARENT_HBN_BULK_LIKE|degree=3|neighbor_elements=N:3|neighbor_types=PARENT_HBN:3
P:1629,N,PARENT_HBN,PARENT,PARENT_SEED_ATTACHMENT,3,3,0,0,"center=N|type=PARENT_HBN|region=PARENT_SEED_ATTACHMENT|degree=3|neighbor_elements=B:3|neighbor_types=HEXAGONAL_EDGE_COMPLETION_SEED:2,PARENT_HBN:1"
P:163,N,PARENT_HBN,PARENT,PARENT_HBN_BULK_LIKE,3,3,0,0,center=N|type=PARENT_HBN|region=PARENT_HBN_BULK_LIKE|degree=3|neighbor_elements=B:3|neighbor_types=PARENT_HBN:3
P:1630,B,PARENT_HBN,PARENT,PARENT_HBN_BULK_LIKE,3,0,3,0,center=B|type=PARENT_HBN|region=PARENT_HBN_BULK_LIKE|degree=3|neighbor_elements=N:3|neighbor_types=PARENT_HBN:3
P:1631,N,PARENT_HBN,PARENT,PARENT_SEED_ATTACHMENT,3,3,0,0,"center=N|type=PARENT_HBN|region=PARENT_SEED_ATTACHMENT|degree=3|neighbor_elements=B:3|neighbor_types=HEXAGONAL_EDGE_COMPLETION_SEED:2,PARENT_HBN:1"
P:1632,B,PARENT_HBN,PARENT,PARENT_HBN_BULK_LIKE,3,0,3,0,center=B|type=PARENT_HBN|region=PARENT_HBN_BULK_LIKE|degree=3|neighbor_elements=N:3|neighbor_types=PARENT_HBN:3
P:1633,N,PARENT_HBN,PARENT,PARENT_SEED_ATTACHMENT,3,3,0,0,"center=N|type=PARENT_HBN|region=PARENT_SEED_ATTACHMENT|degree=3|neighbor_elements=B:3|neighbor_types=HEXAGONAL_EDGE_COMPLETION_SEED:2,PARENT_HBN:1"
P:1634,B,PARENT_HBN,PARENT,PARENT_HBN_BULK_LIKE,3,0,3,0,center=B|type=PARENT_HBN|region=PARENT_HBN_BULK_LIKE|degree=3|neighbor_elements=N:3|neighbor_types=PARENT_HBN:3
P:1635,N,PARENT_HBN,PARENT,PARENT_SEED_ATTACHMENT,3,3,0,0,"center=N|type=PARENT_HBN|region=PARENT_SEED_ATTACHMENT|degree=3|neighbor_elements=B:3|neighbor_types=HEXAGONAL_EDGE_COMPLETION_SEED:2,PARENT_HBN:1"
P:1636,B,PARENT_HBN,PARENT,PARENT_HBN_BULK_LIKE,3,0,3,0,center=B|type=PARENT_HBN|region=PARENT_HBN_BULK_LIKE|degree=3|neighbor_elements=N:3|neighbor_types=PARENT_HBN:3
P:1637,N,PARENT_HBN,PARENT,PARENT_SEED_ATTACHMENT,3,3,0,0,"center=N|type=PARENT_HBN|region=PARENT_SEED_ATTACHMENT|degree=3|neighbor_elements=B:3|neighbor_types=HEXAGONAL_EDGE_COMPLETION_SEED:2,PARENT_HBN:1"
P:1638,B,PARENT_HBN,PARENT,PARENT_HBN_BULK_LIKE,3,0,3,0,center=B|type=PARENT_HBN|region=PARENT_HBN_BULK_LIKE|degree=3|neighbor_elements=N:3|neighbor_types=PARENT_HBN:3
P:1639,N,PARENT_HBN,PARENT,PARENT_SEED_ATTACHMENT,3,3,0,0,"center=N|type=PARENT_HBN|region=PARENT_SEED_ATTACHMENT|degree=3|neighbor_elements=B:3|neighbor_types=HEXAGONAL_EDGE_COMPLETION_SEED:2,PARENT_HBN:1"
P:164,B,PARENT_HBN,PARENT,PARENT_HBN_BULK_LIKE,3,0,3,0,center=B|type=PARENT_HBN|region=PARENT_HBN_BULK_LIKE|degree=3|neighbor_elements=N:3|neighbor_types=PARENT_HBN:3
P:1640,B,PARENT_HBN,PARENT,PARENT_HBN_BULK_LIKE,3,0,3,0,center=B|type=PARENT_HBN|region=PARENT_HBN_BULK_LIKE|degree=3|neighbor_elements=N:3|neighbor_types=PARENT_HBN:3
P:1641,N,PARENT_HBN,PARENT,PARENT_SEED_ATTACHMENT,3,3,0,0,"center=N|type=PARENT_HBN|region=PARENT_SEED_ATTACHMENT|degree=3|neighbor_elements=B:3|neighbor_types=HEXAGONAL_EDGE_COMPLETION_SEED:2,PARENT_HBN:1"
P:1642,B,PARENT_HBN,PARENT,PARENT_HBN_BULK_LIKE,3,0,3,0,center=B|type=PARENT_HBN|region=PARENT_HBN_BULK_LIKE|degree=3|neighbor_elements=N:3|neighbor_types=PARENT_HBN:3
P:1643,N,PARENT_HBN,PARENT,PARENT_SEED_ATTACHMENT,3,3,0,0,"center=N|type=PARENT_HBN|region=PARENT_SEED_ATTACHMENT|degree=3|neighbor_elements=B:3|neighbor_types=HEXAGONAL_EDGE_COMPLETION_SEED:2,PARENT_HBN:1"
P:1644,B,PARENT_HBN,PARENT,PARENT_HBN_BULK_LIKE,3,0,3,0,center=B|type=PARENT_HBN|region=PARENT_HBN_BULK_LIKE|degree=3|neighbor_elements=N:3|neighbor_types=PARENT_HBN:3
P:1645,N,PARENT_HBN,PARENT,PARENT_SEED_ATTACHMENT,3,3,0,0,"center=N|type=PARENT_HBN|region=PARENT_SEED_ATTACHMENT|degree=3|neighbor_elements=B:3|neighbor_types=HEXAGONAL_EDGE_COMPLETION_SEED:2,PARENT_HBN:1"
P:1646,B,PARENT_HBN,PARENT,PARENT_HBN_BULK_LIKE,3,0,3,0,center=B|type=PARENT_HBN|region=PARENT_HBN_BULK_LIKE|degree=3|neighbor_elements=N:3|neighbor_types=PARENT_HBN:3
P:1647,N,PARENT_HBN,PARENT,PARENT_SEED_ATTACHMENT,3,3,0,0,"center=N|type=PARENT_HBN|region=PARENT_SEED_ATTACHMENT|degree=3|neighbor_elements=B:3|neighbor_types=HEXAGONAL_EDGE_COMPLETION_SEED:2,PARENT_HBN:1"
P:1648,B,PARENT_HBN,PARENT,PARENT_HBN_BULK_LIKE,3,0,3,0,center=B|type=PARENT_HBN|region=PARENT_HBN_BULK_LIKE|degree=3|neighbor_elements=N:3|neighbor_types=PARENT_HBN:3
P:1649,N,PARENT_HBN,PARENT,PARENT_SEED_ATTACHMENT,3,3,0,0,"center=N|type=PARENT_HBN|region=PARENT_SEED_ATTACHMENT|degree=3|neighbor_elements=B:3|neighbor_types=HEXAGONAL_EDGE_COMPLETION_SEED:2,PARENT_HBN:1"
P:165,N,PARENT_HBN,PARENT,PARENT_HBN_BULK_LIKE,3,3,0,0,center=N|type=PARENT_HBN|region=PARENT_HBN_BULK_LIKE|degree=3|neighbor_elements=B:3|neighbor_types=PARENT_HBN:3
P:1650,B,PARENT_HBN,PARENT,PARENT_HBN_BULK_LIKE,3,0,3,0,center=B|type=PARENT_HBN|region=PARENT_HBN_BULK_LIKE|degree=3|neighbor_elements=N:3|neighbor_types=PARENT_HBN:3
P:1651,N,PARENT_HBN,PARENT,PARENT_SEED_ATTACHMENT,3,3,0,0,"center=N|type=PARENT_HBN|region=PARENT_SEED_ATTACHMENT|degree=3|neighbor_elements=B:3|neighbor_types=HEXAGONAL_EDGE_COMPLETION_SEED:2,PARENT_HBN:1"
P:1652,B,PARENT_HBN,PARENT,PARENT_HBN_BULK_LIKE,3,0,3,0,center=B|type=PARENT_HBN|region=PARENT_HBN_BULK_LIKE|degree=3|neighbor_elements=N:3|neighbor_types=PARENT_HBN:3
P:1653,N,PARENT_HBN,PARENT,PARENT_SEED_ATTACHMENT,3,3,0,0,"center=N|type=PARENT_HBN|region=PARENT_SEED_ATTACHMENT|degree=3|neighbor_elements=B:3|neighbor_types=HEXAGONAL_EDGE_COMPLETION_SEED:2,PARENT_HBN:1"
P:1654,B,PARENT_HBN,PARENT,PARENT_HBN_BULK_LIKE,3,0,3,0,center=B|type=PARENT_HBN|region=PARENT_HBN_BULK_LIKE|degree=3|neighbor_elements=N:3|neighbor_types=PARENT_HBN:3
P:1655,N,PARENT_HBN,PARENT,PARENT_SEED_ATTACHMENT,3,3,0,0,"center=N|type=PARENT_HBN|region=PARENT_SEED_ATTACHMENT|degree=3|neighbor_elements=B:3|neighbor_types=HEXAGONAL_EDGE_COMPLETION_SEED:2,PARENT_HBN:1"
P:1656,B,PARENT_HBN,PARENT,PARENT_HBN_BULK_LIKE,3,0,3,0,center=B|type=PARENT_HBN|region=PARENT_HBN_BULK_LIKE|degree=3|neighbor_elements=N:3|neighbor_types=PARENT_HBN:3
P:1657,N,PARENT_HBN,PARENT,PARENT_SEED_ATTACHMENT,3,3,0,0,"center=N|type=PARENT_HBN|region=PARENT_SEED_ATTACHMENT|degree=3|neighbor_elements=B:3|neighbor_types=HEXAGONAL_EDGE_COMPLETION_SEED:2,PARENT_HBN:1"
P:1658,B,PARENT_HBN,PARENT,PARENT_HBN_BULK_LIKE,3,0,3,0,center=B|type=PARENT_HBN|region=PARENT_HBN_BULK_LIKE|degree=3|neighbor_elements=N:3|neighbor_types=PARENT_HBN:3
P:1659,N,PARENT_HBN,PARENT,PARENT_SEED_ATTACHMENT,3,3,0,0,"center=N|type=PARENT_HBN|region=PARENT_SEED_ATTACHMENT|degree=3|neighbor_elements=B:3|neighbor_types=HEXAGONAL_EDGE_COMPLETION_SEED:2,PARENT_HBN:1"
P:166,B,PARENT_HBN,PARENT,PARENT_HBN_BULK_LIKE,3,0,3,0,center=B|type=PARENT_HBN|region=PARENT_HBN_BULK_LIKE|degree=3|neighbor_elements=N:3|neighbor_types=PARENT_HBN:3
P:1660,B,PARENT_HBN,PARENT,PARENT_HBN_BULK_LIKE,3,0,3,0,center=B|type=PARENT_HBN|region=PARENT_HBN_BULK_LIKE|degree=3|neighbor_elements=N:3|neighbor_types=PARENT_HBN:3
P:1661,N,PARENT_HBN,PARENT,PARENT_SEED_ATTACHMENT,3,3,0,0,"center=N|type=PARENT_HBN|region=PARENT_SEED_ATTACHMENT|degree=3|neighbor_elements=B:3|neighbor_types=HEXAGONAL_EDGE_COMPLETION_SEED:2,PARENT_HBN:1"
P:1662,B,PARENT_HBN,PARENT,PARENT_HBN_BULK_LIKE,3,0,3,0,center=B|type=PARENT_HBN|region=PARENT_HBN_BULK_LIKE|degree=3|neighbor_elements=N:3|neighbor_types=PARENT_HBN:3
P:1663,N,PARENT_HBN,PARENT,PARENT_SEED_ATTACHMENT,3,3,0,0,"center=N|type=PARENT_HBN|region=PARENT_SEED_ATTACHMENT|degree=3|neighbor_elements=B:3|neighbor_types=HEXAGONAL_EDGE_COMPLETION_SEED:2,PARENT_HBN:1"
P:1664,B,PARENT_HBN,PARENT,PARENT_HBN_BULK_LIKE,3,0,3,0,center=B|type=PARENT_HBN|region=PARENT_HBN_BULK_LIKE|degree=3|neighbor_elements=N:3|neighbor_types=PARENT_HBN:3
P:1665,N,PARENT_HBN,PARENT,PARENT_SEED_ATTACHMENT,3,3,0,0,"center=N|type=PARENT_HBN|region=PARENT_SEED_ATTACHMENT|degree=3|neighbor_elements=B:3|neighbor_types=HEXAGONAL_EDGE_COMPLETION_SEED:2,PARENT_HBN:1"
P:1666,B,PARENT_HBN,PARENT,PARENT_HBN_BULK_LIKE,3,0,3,0,center=B|type=PARENT_HBN|region=PARENT_HBN_BULK_LIKE|degree=3|neighbor_elements=N:3|neighbor_types=PARENT_HBN:3
P:1667,N,PARENT_HBN,PARENT,PARENT_SEED_ATTACHMENT,3,3,0,0,"center=N|type=PARENT_HBN|region=PARENT_SEED_ATTACHMENT|degree=3|neighbor_elements=B:3|neighbor_types=HEXAGONAL_EDGE_COMPLETION_SEED:2,PARENT_HBN:1"
P:1668,B,PARENT_HBN,PARENT,PARENT_HBN_BULK_LIKE,3,0,3,0,center=B|type=PARENT_HBN|region=PARENT_HBN_BULK_LIKE|degree=3|neighbor_elements=N:3|neighbor_types=PARENT_HBN:3
P:1669,N,PARENT_HBN,PARENT,PARENT_SEED_ATTACHMENT,3,3,0,0,"center=N|type=PARENT_HBN|region=PARENT_SEED_ATTACHMENT|degree=3|neighbor_elements=B:3|neighbor_types=HEXAGONAL_EDGE_COMPLETION_SEED:2,PARENT_HBN:1"
P:167,N,PARENT_HBN,PARENT,PARENT_HBN_BULK_LIKE,3,3,0,0,center=N|type=PARENT_HBN|region=PARENT_HBN_BULK_LIKE|degree=3|neighbor_elements=B:3|neighbor_types=PARENT_HBN:3
P:1670,B,PARENT_HBN,PARENT,PARENT_HBN_BULK_LIKE,3,0,3,0,center=B|type=PARENT_HBN|region=PARENT_HBN_BULK_LIKE|degree=3|neighbor_elements=N:3|neighbor_types=PARENT_HBN:3
P:1671,N,PARENT_HBN,PARENT,PARENT_SEED_ATTACHMENT,3,3,0,0,"center=N|type=PARENT_HBN|region=PARENT_SEED_ATTACHMENT|degree=3|neighbor_elements=B:3|neighbor_types=HEXAGONAL_EDGE_COMPLETION_SEED:2,PARENT_HBN:1"
P:1672,B,PARENT_HBN,PARENT,PARENT_HBN_BULK_LIKE,3,0,3,0,center=B|type=PARENT_HBN|region=PARENT_HBN_BULK_LIKE|degree=3|neighbor_elements=N:3|neighbor_types=PARENT_HBN:3
P:1673,N,PARENT_HBN,PARENT,PARENT_SEED_ATTACHMENT,3,3,0,0,"center=N|type=PARENT_HBN|region=PARENT_SEED_ATTACHMENT|degree=3|neighbor_elements=B:3|neighbor_types=HEXAGONAL_EDGE_COMPLETION_SEED:2,PARENT_HBN:1"
P:1674,B,PARENT_HBN,PARENT,PARENT_HBN_BULK_LIKE,3,0,3,0,center=B|type=PARENT_HBN|region=PARENT_HBN_BULK_LIKE|degree=3|neighbor_elements=N:3|neighbor_types=PARENT_HBN:3
P:1675,N,PARENT_HBN,PARENT,PARENT_SEED_ATTACHMENT,3,3,0,0,"center=N|type=PARENT_HBN|region=PARENT_SEED_ATTACHMENT|degree=3|neighbor_elements=B:3|neighbor_types=HEXAGONAL_EDGE_COMPLETION_SEED:2,PARENT_HBN:1"
P:1676,B,PARENT_HBN,PARENT,PARENT_HBN_BULK_LIKE,3,0,3,0,center=B|type=PARENT_HBN|region=PARENT_HBN_BULK_LIKE|degree=3|neighbor_elements=N:3|neighbor_types=PARENT_HBN:3
P:1677,N,PARENT_HBN,PARENT,PARENT_SEED_ATTACHMENT,3,3,0,0,"center=N|type=PARENT_HBN|region=PARENT_SEED_ATTACHMENT|degree=3|neighbor_elements=B:3|neighbor_types=HEXAGONAL_EDGE_COMPLETION_SEED:2,PARENT_HBN:1"
P:1678,B,PARENT_HBN,PARENT,PARENT_HBN_BULK_LIKE,3,0,3,0,center=B|type=PARENT_HBN|region=PARENT_HBN_BULK_LIKE|degree=3|neighbor_elements=N:3|neighbor_types=PARENT_HBN:3
P:1679,N,PARENT_HBN,PARENT,PARENT_SEED_ATTACHMENT,3,3,0,0,"center=N|type=PARENT_HBN|region=PARENT_SEED_ATTACHMENT|degree=3|neighbor_elements=B:3|neighbor_types=HEXAGONAL_EDGE_COMPLETION_SEED:2,PARENT_HBN:1"
P:168,B,PARENT_HBN,PARENT,PARENT_HBN_BULK_LIKE,3,0,3,0,center=B|type=PARENT_HBN|region=PARENT_HBN_BULK_LIKE|degree=3|neighbor_elements=N:3|neighbor_types=PARENT_HBN:3
P:169,N,PARENT_HBN,PARENT,PARENT_HBN_BULK_LIKE,3,3,0,0,center=N|type=PARENT_HBN|region=PARENT_HBN_BULK_LIKE|degree=3|neighbor_elements=B:3|neighbor_types=PARENT_HBN:3
P:17,N,PARENT_HBN,PARENT,PARENT_HBN_BULK_LIKE,3,3,0,0,center=N|type=PARENT_HBN|region=PARENT_HBN_BULK_LIKE|degree=3|neighbor_elements=B:3|neighbor_types=PARENT_HBN:3
P:170,B,PARENT_HBN,PARENT,PARENT_HBN_BULK_LIKE,3,0,3,0,center=B|type=PARENT_HBN|region=PARENT_HBN_BULK_LIKE|degree=3|neighbor_elements=N:3|neighbor_types=PARENT_HBN:3
P:171,N,PARENT_HBN,PARENT,PARENT_HBN_BULK_LIKE,3,3,0,0,center=N|type=PARENT_HBN|region=PARENT_HBN_BULK_LIKE|degree=3|neighbor_elements=B:3|neighbor_types=PARENT_HBN:3
P:172,B,PARENT_HBN,PARENT,PARENT_HBN_BULK_LIKE,3,0,3,0,center=B|type=PARENT_HBN|region=PARENT_HBN_BULK_LIKE|degree=3|neighbor_elements=N:3|neighbor_types=PARENT_HBN:3
P:173,N,PARENT_HBN,PARENT,PARENT_HBN_BULK_LIKE,3,3,0,0,center=N|type=PARENT_HBN|region=PARENT_HBN_BULK_LIKE|degree=3|neighbor_elements=B:3|neighbor_types=PARENT_HBN:3
P:174,B,PARENT_HBN,PARENT,PARENT_HBN_BULK_LIKE,3,0,3,0,center=B|type=PARENT_HBN|region=PARENT_HBN_BULK_LIKE|degree=3|neighbor_elements=N:3|neighbor_types=PARENT_HBN:3
P:175,N,PARENT_HBN,PARENT,PARENT_HBN_BULK_LIKE,3,3,0,0,center=N|type=PARENT_HBN|region=PARENT_HBN_BULK_LIKE|degree=3|neighbor_elements=B:3|neighbor_types=PARENT_HBN:3
P:176,B,PARENT_HBN,PARENT,PARENT_HBN_BULK_LIKE,3,0,3,0,center=B|type=PARENT_HBN|region=PARENT_HBN_BULK_LIKE|degree=3|neighbor_elements=N:3|neighbor_types=PARENT_HBN:3
P:177,N,PARENT_HBN,PARENT,PARENT_HBN_BULK_LIKE,3,3,0,0,center=N|type=PARENT_HBN|region=PARENT_HBN_BULK_LIKE|degree=3|neighbor_elements=B:3|neighbor_types=PARENT_HBN:3
P:178,B,PARENT_HBN,PARENT,PARENT_HBN_BULK_LIKE,3,0,3,0,center=B|type=PARENT_HBN|region=PARENT_HBN_BULK_LIKE|degree=3|neighbor_elements=N:3|neighbor_types=PARENT_HBN:3
P:179,N,PARENT_HBN,PARENT,PARENT_HBN_BULK_LIKE,3,3,0,0,center=N|type=PARENT_HBN|region=PARENT_HBN_BULK_LIKE|degree=3|neighbor_elements=B:3|neighbor_types=PARENT_HBN:3
P:18,B,PARENT_HBN,PARENT,PARENT_SEED_ATTACHMENT,3,0,3,0,"center=B|type=PARENT_HBN|region=PARENT_SEED_ATTACHMENT|degree=3|neighbor_elements=N:3|neighbor_types=HEXAGONAL_EDGE_COMPLETION_SEED:2,PARENT_HBN:1"
P:180,B,PARENT_HBN,PARENT,PARENT_HBN_BULK_LIKE,3,0,3,0,center=B|type=PARENT_HBN|region=PARENT_HBN_BULK_LIKE|degree=3|neighbor_elements=N:3|neighbor_types=PARENT_HBN:3
P:181,N,PARENT_HBN,PARENT,PARENT_HBN_BULK_LIKE,3,3,0,0,center=N|type=PARENT_HBN|region=PARENT_HBN_BULK_LIKE|degree=3|neighbor_elements=B:3|neighbor_types=PARENT_HBN:3
P:182,B,PARENT_HBN,PARENT,PARENT_HBN_BULK_LIKE,3,0,3,0,center=B|type=PARENT_HBN|region=PARENT_HBN_BULK_LIKE|degree=3|neighbor_elements=N:3|neighbor_types=PARENT_HBN:3
P:183,N,PARENT_HBN,PARENT,PARENT_HBN_BULK_LIKE,3,3,0,0,center=N|type=PARENT_HBN|region=PARENT_HBN_BULK_LIKE|degree=3|neighbor_elements=B:3|neighbor_types=PARENT_HBN:3
P:184,B,PARENT_HBN,PARENT,PARENT_HBN_BULK_LIKE,3,0,3,0,center=B|type=PARENT_HBN|region=PARENT_HBN_BULK_LIKE|degree=3|neighbor_elements=N:3|neighbor_types=PARENT_HBN:3
P:185,N,PARENT_HBN,PARENT,PARENT_HBN_BULK_LIKE,3,3,0,0,center=N|type=PARENT_HBN|region=PARENT_HBN_BULK_LIKE|degree=3|neighbor_elements=B:3|neighbor_types=PARENT_HBN:3
P:186,B,PARENT_HBN,PARENT,PARENT_HBN_BULK_LIKE,3,0,3,0,center=B|type=PARENT_HBN|region=PARENT_HBN_BULK_LIKE|degree=3|neighbor_elements=N:3|neighbor_types=PARENT_HBN:3
P:187,N,PARENT_HBN,PARENT,PARENT_HBN_BULK_LIKE,3,3,0,0,center=N|type=PARENT_HBN|region=PARENT_HBN_BULK_LIKE|degree=3|neighbor_elements=B:3|neighbor_types=PARENT_HBN:3
P:188,B,PARENT_HBN,PARENT,PARENT_HBN_BULK_LIKE,3,0,3,0,center=B|type=PARENT_HBN|region=PARENT_HBN_BULK_LIKE|degree=3|neighbor_elements=N:3|neighbor_types=PARENT_HBN:3
P:189,N,PARENT_HBN,PARENT,PARENT_HBN_BULK_LIKE,3,3,0,0,center=N|type=PARENT_HBN|region=PARENT_HBN_BULK_LIKE|degree=3|neighbor_elements=B:3|neighbor_types=PARENT_HBN:3
P:19,N,PARENT_HBN,PARENT,PARENT_HBN_BULK_LIKE,3,3,0,0,center=N|type=PARENT_HBN|region=PARENT_HBN_BULK_LIKE|degree=3|neighbor_elements=B:3|neighbor_types=PARENT_HBN:3
P:190,B,PARENT_HBN,PARENT,PARENT_HBN_BULK_LIKE,3,0,3,0,center=B|type=PARENT_HBN|region=PARENT_HBN_BULK_LIKE|degree=3|neighbor_elements=N:3|neighbor_types=PARENT_HBN:3
P:191,N,PARENT_HBN,PARENT,PARENT_HBN_BULK_LIKE,3,3,0,0,center=N|type=PARENT_HBN|region=PARENT_HBN_BULK_LIKE|degree=3|neighbor_elements=B:3|neighbor_types=PARENT_HBN:3
P:192,B,PARENT_HBN,PARENT,PARENT_HBN_BULK_LIKE,3,0,3,0,center=B|type=PARENT_HBN|region=PARENT_HBN_BULK_LIKE|degree=3|neighbor_elements=N:3|neighbor_types=PARENT_HBN:3
P:193,N,PARENT_HBN,PARENT,PARENT_HBN_BULK_LIKE,3,3,0,0,center=N|type=PARENT_HBN|region=PARENT_HBN_BULK_LIKE|degree=3|neighbor_elements=B:3|neighbor_types=PARENT_HBN:3
P:194,B,PARENT_HBN,PARENT,PARENT_HBN_BULK_LIKE,3,0,3,0,center=B|type=PARENT_HBN|region=PARENT_HBN_BULK_LIKE|degree=3|neighbor_elements=N:3|neighbor_types=PARENT_HBN:3
P:195,N,PARENT_HBN,PARENT,PARENT_HBN_BULK_LIKE,3,3,0,0,center=N|type=PARENT_HBN|region=PARENT_HBN_BULK_LIKE|degree=3|neighbor_elements=B:3|neighbor_types=PARENT_HBN:3
P:196,B,PARENT_HBN,PARENT,PARENT_HBN_BULK_LIKE,3,0,3,0,center=B|type=PARENT_HBN|region=PARENT_HBN_BULK_LIKE|degree=3|neighbor_elements=N:3|neighbor_types=PARENT_HBN:3
P:197,N,PARENT_HBN,PARENT,PARENT_HBN_BULK_LIKE,3,3,0,0,center=N|type=PARENT_HBN|region=PARENT_HBN_BULK_LIKE|degree=3|neighbor_elements=B:3|neighbor_types=PARENT_HBN:3
P:198,B,PARENT_HBN,PARENT,PARENT_HBN_BULK_LIKE,3,0,3,0,center=B|type=PARENT_HBN|region=PARENT_HBN_BULK_LIKE|degree=3|neighbor_elements=N:3|neighbor_types=PARENT_HBN:3
P:199,N,PARENT_HBN,PARENT,PARENT_HBN_BULK_LIKE,3,3,0,0,center=N|type=PARENT_HBN|region=PARENT_HBN_BULK_LIKE|degree=3|neighbor_elements=B:3|neighbor_types=PARENT_HBN:3
P:2,B,PARENT_HBN,PARENT,PARENT_SEED_ATTACHMENT,3,0,3,0,"center=B|type=PARENT_HBN|region=PARENT_SEED_ATTACHMENT|degree=3|neighbor_elements=N:3|neighbor_types=HEXAGONAL_EDGE_COMPLETION_SEED:2,PARENT_HBN:1"
P:20,B,PARENT_HBN,PARENT,PARENT_SEED_ATTACHMENT,3,0,3,0,"center=B|type=PARENT_HBN|region=PARENT_SEED_ATTACHMENT|degree=3|neighbor_elements=N:3|neighbor_types=HEXAGONAL_EDGE_COMPLETION_SEED:2,PARENT_HBN:1"
P:200,B,PARENT_HBN,PARENT,PARENT_HBN_BULK_LIKE,3,0,3,0,center=B|type=PARENT_HBN|region=PARENT_HBN_BULK_LIKE|degree=3|neighbor_elements=N:3|neighbor_types=PARENT_HBN:3
P:201,N,PARENT_HBN,PARENT,PARENT_HBN_BULK_LIKE,3,3,0,0,center=N|type=PARENT_HBN|region=PARENT_HBN_BULK_LIKE|degree=3|neighbor_elements=B:3|neighbor_types=PARENT_HBN:3
P:202,B,PARENT_HBN,PARENT,PARENT_HBN_BULK_LIKE,3,0,3,0,center=B|type=PARENT_HBN|region=PARENT_HBN_BULK_LIKE|degree=3|neighbor_elements=N:3|neighbor_types=PARENT_HBN:3
P:203,N,PARENT_HBN,PARENT,PARENT_HBN_BULK_LIKE,3,3,0,0,center=N|type=PARENT_HBN|region=PARENT_HBN_BULK_LIKE|degree=3|neighbor_elements=B:3|neighbor_types=PARENT_HBN:3
P:204,B,PARENT_HBN,PARENT,PARENT_HBN_BULK_LIKE,3,0,3,0,center=B|type=PARENT_HBN|region=PARENT_HBN_BULK_LIKE|degree=3|neighbor_elements=N:3|neighbor_types=PARENT_HBN:3
P:205,N,PARENT_HBN,PARENT,PARENT_HBN_BULK_LIKE,3,3,0,0,center=N|type=PARENT_HBN|region=PARENT_HBN_BULK_LIKE|degree=3|neighbor_elements=B:3|neighbor_types=PARENT_HBN:3
P:206,B,PARENT_HBN,PARENT,PARENT_HBN_BULK_LIKE,3,0,3,0,center=B|type=PARENT_HBN|region=PARENT_HBN_BULK_LIKE|degree=3|neighbor_elements=N:3|neighbor_types=PARENT_HBN:3
P:207,N,PARENT_HBN,PARENT,PARENT_HBN_BULK_LIKE,3,3,0,0,center=N|type=PARENT_HBN|region=PARENT_HBN_BULK_LIKE|degree=3|neighbor_elements=B:3|neighbor_types=PARENT_HBN:3
P:208,B,PARENT_HBN,PARENT,PARENT_HBN_BULK_LIKE,3,0,3,0,center=B|type=PARENT_HBN|region=PARENT_HBN_BULK_LIKE|degree=3|neighbor_elements=N:3|neighbor_types=PARENT_HBN:3
P:209,N,PARENT_HBN,PARENT,PARENT_HBN_BULK_LIKE,3,3,0,0,center=N|type=PARENT_HBN|region=PARENT_HBN_BULK_LIKE|degree=3|neighbor_elements=B:3|neighbor_types=PARENT_HBN:3
P:21,N,PARENT_HBN,PARENT,PARENT_HBN_BULK_LIKE,3,3,0,0,center=N|type=PARENT_HBN|region=PARENT_HBN_BULK_LIKE|degree=3|neighbor_elements=B:3|neighbor_types=PARENT_HBN:3
P:210,B,PARENT_HBN,PARENT,PARENT_HBN_BULK_LIKE,3,0,3,0,center=B|type=PARENT_HBN|region=PARENT_HBN_BULK_LIKE|degree=3|neighbor_elements=N:3|neighbor_types=PARENT_HBN:3
P:211,N,PARENT_HBN,PARENT,PARENT_HBN_BULK_LIKE,3,3,0,0,center=N|type=PARENT_HBN|region=PARENT_HBN_BULK_LIKE|degree=3|neighbor_elements=B:3|neighbor_types=PARENT_HBN:3
P:212,B,PARENT_HBN,PARENT,PARENT_HBN_BULK_LIKE,3,0,3,0,center=B|type=PARENT_HBN|region=PARENT_HBN_BULK_LIKE|degree=3|neighbor_elements=N:3|neighbor_types=PARENT_HBN:3
P:213,N,PARENT_HBN,PARENT,PARENT_HBN_BULK_LIKE,3,3,0,0,center=N|type=PARENT_HBN|region=PARENT_HBN_BULK_LIKE|degree=3|neighbor_elements=B:3|neighbor_types=PARENT_HBN:3
P:214,B,PARENT_HBN,PARENT,PARENT_HBN_BULK_LIKE,3,0,3,0,center=B|type=PARENT_HBN|region=PARENT_HBN_BULK_LIKE|degree=3|neighbor_elements=N:3|neighbor_types=PARENT_HBN:3
P:215,N,PARENT_HBN,PARENT,PARENT_HBN_BULK_LIKE,3,3,0,0,center=N|type=PARENT_HBN|region=PARENT_HBN_BULK_LIKE|degree=3|neighbor_elements=B:3|neighbor_types=PARENT_HBN:3
P:216,B,PARENT_HBN,PARENT,PARENT_HBN_BULK_LIKE,3,0,3,0,center=B|type=PARENT_HBN|region=PARENT_HBN_BULK_LIKE|degree=3|neighbor_elements=N:3|neighbor_types=PARENT_HBN:3
P:217,N,PARENT_HBN,PARENT,PARENT_HBN_BULK_LIKE,3,3,0,0,center=N|type=PARENT_HBN|region=PARENT_HBN_BULK_LIKE|degree=3|neighbor_elements=B:3|neighbor_types=PARENT_HBN:3
P:218,B,PARENT_HBN,PARENT,PARENT_HBN_BULK_LIKE,3,0,3,0,center=B|type=PARENT_HBN|region=PARENT_HBN_BULK_LIKE|degree=3|neighbor_elements=N:3|neighbor_types=PARENT_HBN:3
P:219,N,PARENT_HBN,PARENT,PARENT_HBN_BULK_LIKE,3,3,0,0,center=N|type=PARENT_HBN|region=PARENT_HBN_BULK_LIKE|degree=3|neighbor_elements=B:3|neighbor_types=PARENT_HBN:3
P:22,B,PARENT_HBN,PARENT,PARENT_SEED_ATTACHMENT,3,0,3,0,"center=B|type=PARENT_HBN|region=PARENT_SEED_ATTACHMENT|degree=3|neighbor_elements=N:3|neighbor_types=HEXAGONAL_EDGE_COMPLETION_SEED:2,PARENT_HBN:1"
P:220,B,PARENT_HBN,PARENT,PARENT_HBN_BULK_LIKE,3,0,3,0,center=B|type=PARENT_HBN|region=PARENT_HBN_BULK_LIKE|degree=3|neighbor_elements=N:3|neighbor_types=PARENT_HBN:3
P:221,N,PARENT_HBN,PARENT,PARENT_HBN_BULK_LIKE,3,3,0,0,center=N|type=PARENT_HBN|region=PARENT_HBN_BULK_LIKE|degree=3|neighbor_elements=B:3|neighbor_types=PARENT_HBN:3
P:222,B,PARENT_HBN,PARENT,PARENT_HBN_BULK_LIKE,3,0,3,0,center=B|type=PARENT_HBN|region=PARENT_HBN_BULK_LIKE|degree=3|neighbor_elements=N:3|neighbor_types=PARENT_HBN:3
P:223,N,PARENT_HBN,PARENT,PARENT_HBN_BULK_LIKE,3,3,0,0,center=N|type=PARENT_HBN|region=PARENT_HBN_BULK_LIKE|degree=3|neighbor_elements=B:3|neighbor_types=PARENT_HBN:3
P:224,B,PARENT_HBN,PARENT,PARENT_HBN_BULK_LIKE,3,0,3,0,center=B|type=PARENT_HBN|region=PARENT_HBN_BULK_LIKE|degree=3|neighbor_elements=N:3|neighbor_types=PARENT_HBN:3
P:225,N,PARENT_HBN,PARENT,PARENT_HBN_BULK_LIKE,3,3,0,0,center=N|type=PARENT_HBN|region=PARENT_HBN_BULK_LIKE|degree=3|neighbor_elements=B:3|neighbor_types=PARENT_HBN:3
P:226,B,PARENT_HBN,PARENT,PARENT_HBN_BULK_LIKE,3,0,3,0,center=B|type=PARENT_HBN|region=PARENT_HBN_BULK_LIKE|degree=3|neighbor_elements=N:3|neighbor_types=PARENT_HBN:3
P:227,N,PARENT_HBN,PARENT,PARENT_HBN_BULK_LIKE,3,3,0,0,center=N|type=PARENT_HBN|region=PARENT_HBN_BULK_LIKE|degree=3|neighbor_elements=B:3|neighbor_types=PARENT_HBN:3
P:228,B,PARENT_HBN,PARENT,PARENT_HBN_BULK_LIKE,3,0,3,0,center=B|type=PARENT_HBN|region=PARENT_HBN_BULK_LIKE|degree=3|neighbor_elements=N:3|neighbor_types=PARENT_HBN:3
P:229,N,PARENT_HBN,PARENT,PARENT_HBN_BULK_LIKE,3,3,0,0,center=N|type=PARENT_HBN|region=PARENT_HBN_BULK_LIKE|degree=3|neighbor_elements=B:3|neighbor_types=PARENT_HBN:3
P:23,N,PARENT_HBN,PARENT,PARENT_HBN_BULK_LIKE,3,3,0,0,center=N|type=PARENT_HBN|region=PARENT_HBN_BULK_LIKE|degree=3|neighbor_elements=B:3|neighbor_types=PARENT_HBN:3
P:230,B,PARENT_HBN,PARENT,PARENT_HBN_BULK_LIKE,3,0,3,0,center=B|type=PARENT_HBN|region=PARENT_HBN_BULK_LIKE|degree=3|neighbor_elements=N:3|neighbor_types=PARENT_HBN:3
P:231,N,PARENT_HBN,PARENT,PARENT_HBN_BULK_LIKE,3,3,0,0,center=N|type=PARENT_HBN|region=PARENT_HBN_BULK_LIKE|degree=3|neighbor_elements=B:3|neighbor_types=PARENT_HBN:3
P:232,B,PARENT_HBN,PARENT,PARENT_HBN_BULK_LIKE,3,0,3,0,center=B|type=PARENT_HBN|region=PARENT_HBN_BULK_LIKE|degree=3|neighbor_elements=N:3|neighbor_types=PARENT_HBN:3
P:233,N,PARENT_HBN,PARENT,PARENT_HBN_BULK_LIKE,3,3,0,0,center=N|type=PARENT_HBN|region=PARENT_HBN_BULK_LIKE|degree=3|neighbor_elements=B:3|neighbor_types=PARENT_HBN:3
P:234,B,PARENT_HBN,PARENT,PARENT_HBN_BULK_LIKE,3,0,3,0,center=B|type=PARENT_HBN|region=PARENT_HBN_BULK_LIKE|degree=3|neighbor_elements=N:3|neighbor_types=PARENT_HBN:3
P:235,N,PARENT_HBN,PARENT,PARENT_HBN_BULK_LIKE,3,3,0,0,center=N|type=PARENT_HBN|region=PARENT_HBN_BULK_LIKE|degree=3|neighbor_elements=B:3|neighbor_types=PARENT_HBN:3
P:236,B,PARENT_HBN,PARENT,PARENT_HBN_BULK_LIKE,3,0,3,0,center=B|type=PARENT_HBN|region=PARENT_HBN_BULK_LIKE|degree=3|neighbor_elements=N:3|neighbor_types=PARENT_HBN:3
P:237,N,PARENT_HBN,PARENT,PARENT_HBN_BULK_LIKE,3,3,0,0,center=N|type=PARENT_HBN|region=PARENT_HBN_BULK_LIKE|degree=3|neighbor_elements=B:3|neighbor_types=PARENT_HBN:3
P:238,B,PARENT_HBN,PARENT,PARENT_HBN_BULK_LIKE,3,0,3,0,center=B|type=PARENT_HBN|region=PARENT_HBN_BULK_LIKE|degree=3|neighbor_elements=N:3|neighbor_types=PARENT_HBN:3
P:239,N,PARENT_HBN,PARENT,PARENT_HBN_BULK_LIKE,3,3,0,0,center=N|type=PARENT_HBN|region=PARENT_HBN_BULK_LIKE|degree=3|neighbor_elements=B:3|neighbor_types=PARENT_HBN:3
P:24,B,PARENT_HBN,PARENT,PARENT_SEED_ATTACHMENT,3,0,3,0,"center=B|type=PARENT_HBN|region=PARENT_SEED_ATTACHMENT|degree=3|neighbor_elements=N:3|neighbor_types=HEXAGONAL_EDGE_COMPLETION_SEED:2,PARENT_HBN:1"
P:240,B,PARENT_HBN,PARENT,PARENT_HBN_BULK_LIKE,3,0,3,0,center=B|type=PARENT_HBN|region=PARENT_HBN_BULK_LIKE|degree=3|neighbor_elements=N:3|neighbor_types=PARENT_HBN:3
P:241,N,PARENT_HBN,PARENT,PARENT_HBN_BULK_LIKE,3,3,0,0,center=N|type=PARENT_HBN|region=PARENT_HBN_BULK_LIKE|degree=3|neighbor_elements=B:3|neighbor_types=PARENT_HBN:3
P:242,B,PARENT_HBN,PARENT,PARENT_HBN_BULK_LIKE,3,0,3,0,center=B|type=PARENT_HBN|region=PARENT_HBN_BULK_LIKE|degree=3|neighbor_elements=N:3|neighbor_types=PARENT_HBN:3
P:243,N,PARENT_HBN,PARENT,PARENT_HBN_BULK_LIKE,3,3,0,0,center=N|type=PARENT_HBN|region=PARENT_HBN_BULK_LIKE|degree=3|neighbor_elements=B:3|neighbor_types=PARENT_HBN:3
P:244,B,PARENT_HBN,PARENT,PARENT_HBN_BULK_LIKE,3,0,3,0,center=B|type=PARENT_HBN|region=PARENT_HBN_BULK_LIKE|degree=3|neighbor_elements=N:3|neighbor_types=PARENT_HBN:3
P:245,N,PARENT_HBN,PARENT,PARENT_HBN_BULK_LIKE,3,3,0,0,center=N|type=PARENT_HBN|region=PARENT_HBN_BULK_LIKE|degree=3|neighbor_elements=B:3|neighbor_types=PARENT_HBN:3
P:246,B,PARENT_HBN,PARENT,PARENT_HBN_BULK_LIKE,3,0,3,0,center=B|type=PARENT_HBN|region=PARENT_HBN_BULK_LIKE|degree=3|neighbor_elements=N:3|neighbor_types=PARENT_HBN:3
P:247,N,PARENT_HBN,PARENT,PARENT_HBN_BULK_LIKE,3,3,0,0,center=N|type=PARENT_HBN|region=PARENT_HBN_BULK_LIKE|degree=3|neighbor_elements=B:3|neighbor_types=PARENT_HBN:3
P:248,B,PARENT_HBN,PARENT,PARENT_HBN_BULK_LIKE,3,0,3,0,center=B|type=PARENT_HBN|region=PARENT_HBN_BULK_LIKE|degree=3|neighbor_elements=N:3|neighbor_types=PARENT_HBN:3
P:249,N,PARENT_HBN,PARENT,PARENT_HBN_BULK_LIKE,3,3,0,0,center=N|type=PARENT_HBN|region=PARENT_HBN_BULK_LIKE|degree=3|neighbor_elements=B:3|neighbor_types=PARENT_HBN:3
P:25,N,PARENT_HBN,PARENT,PARENT_HBN_BULK_LIKE,3,3,0,0,center=N|type=PARENT_HBN|region=PARENT_HBN_BULK_LIKE|degree=3|neighbor_elements=B:3|neighbor_types=PARENT_HBN:3
P:250,B,PARENT_HBN,PARENT,PARENT_HBN_BULK_LIKE,3,0,3,0,center=B|type=PARENT_HBN|region=PARENT_HBN_BULK_LIKE|degree=3|neighbor_elements=N:3|neighbor_types=PARENT_HBN:3
P:251,N,PARENT_HBN,PARENT,PARENT_HBN_BULK_LIKE,3,3,0,0,center=N|type=PARENT_HBN|region=PARENT_HBN_BULK_LIKE|degree=3|neighbor_elements=B:3|neighbor_types=PARENT_HBN:3
P:252,B,PARENT_HBN,PARENT,PARENT_HBN_BULK_LIKE,3,0,3,0,center=B|type=PARENT_HBN|region=PARENT_HBN_BULK_LIKE|degree=3|neighbor_elements=N:3|neighbor_types=PARENT_HBN:3
P:253,N,PARENT_HBN,PARENT,PARENT_HBN_BULK_LIKE,3,3,0,0,center=N|type=PARENT_HBN|region=PARENT_HBN_BULK_LIKE|degree=3|neighbor_elements=B:3|neighbor_types=PARENT_HBN:3
P:254,B,PARENT_HBN,PARENT,PARENT_HBN_BULK_LIKE,3,0,3,0,center=B|type=PARENT_HBN|region=PARENT_HBN_BULK_LIKE|degree=3|neighbor_elements=N:3|neighbor_types=PARENT_HBN:3
P:255,N,PARENT_HBN,PARENT,PARENT_HBN_BULK_LIKE,3,3,0,0,center=N|type=PARENT_HBN|region=PARENT_HBN_BULK_LIKE|degree=3|neighbor_elements=B:3|neighbor_types=PARENT_HBN:3
P:256,B,PARENT_HBN,PARENT,PARENT_HBN_BULK_LIKE,3,0,3,0,center=B|type=PARENT_HBN|region=PARENT_HBN_BULK_LIKE|degree=3|neighbor_elements=N:3|neighbor_types=PARENT_HBN:3
P:257,N,PARENT_HBN,PARENT,PARENT_HBN_BULK_LIKE,3,3,0,0,center=N|type=PARENT_HBN|region=PARENT_HBN_BULK_LIKE|degree=3|neighbor_elements=B:3|neighbor_types=PARENT_HBN:3
P:258,B,PARENT_HBN,PARENT,PARENT_HBN_BULK_LIKE,3,0,3,0,center=B|type=PARENT_HBN|region=PARENT_HBN_BULK_LIKE|degree=3|neighbor_elements=N:3|neighbor_types=PARENT_HBN:3
P:259,N,PARENT_HBN,PARENT,PARENT_HBN_BULK_LIKE,3,3,0,0,center=N|type=PARENT_HBN|region=PARENT_HBN_BULK_LIKE|degree=3|neighbor_elements=B:3|neighbor_types=PARENT_HBN:3
P:26,B,PARENT_HBN,PARENT,PARENT_SEED_ATTACHMENT,3,0,3,0,"center=B|type=PARENT_HBN|region=PARENT_SEED_ATTACHMENT|degree=3|neighbor_elements=N:3|neighbor_types=HEXAGONAL_EDGE_COMPLETION_SEED:2,PARENT_HBN:1"
P:260,B,PARENT_HBN,PARENT,PARENT_HBN_BULK_LIKE,3,0,3,0,center=B|type=PARENT_HBN|region=PARENT_HBN_BULK_LIKE|degree=3|neighbor_elements=N:3|neighbor_types=PARENT_HBN:3
P:261,N,PARENT_HBN,PARENT,PARENT_HBN_BULK_LIKE,3,3,0,0,center=N|type=PARENT_HBN|region=PARENT_HBN_BULK_LIKE|degree=3|neighbor_elements=B:3|neighbor_types=PARENT_HBN:3
P:262,B,PARENT_HBN,PARENT,PARENT_HBN_BULK_LIKE,3,0,3,0,center=B|type=PARENT_HBN|region=PARENT_HBN_BULK_LIKE|degree=3|neighbor_elements=N:3|neighbor_types=PARENT_HBN:3
P:263,N,PARENT_HBN,PARENT,PARENT_HBN_BULK_LIKE,3,3,0,0,center=N|type=PARENT_HBN|region=PARENT_HBN_BULK_LIKE|degree=3|neighbor_elements=B:3|neighbor_types=PARENT_HBN:3
P:264,B,PARENT_HBN,PARENT,PARENT_HBN_BULK_LIKE,3,0,3,0,center=B|type=PARENT_HBN|region=PARENT_HBN_BULK_LIKE|degree=3|neighbor_elements=N:3|neighbor_types=PARENT_HBN:3
P:265,N,PARENT_HBN,PARENT,PARENT_HBN_BULK_LIKE,3,3,0,0,center=N|type=PARENT_HBN|region=PARENT_HBN_BULK_LIKE|degree=3|neighbor_elements=B:3|neighbor_types=PARENT_HBN:3
P:266,B,PARENT_HBN,PARENT,PARENT_HBN_BULK_LIKE,3,0,3,0,center=B|type=PARENT_HBN|region=PARENT_HBN_BULK_LIKE|degree=3|neighbor_elements=N:3|neighbor_types=PARENT_HBN:3
P:267,N,PARENT_HBN,PARENT,PARENT_HBN_BULK_LIKE,3,3,0,0,center=N|type=PARENT_HBN|region=PARENT_HBN_BULK_LIKE|degree=3|neighbor_elements=B:3|neighbor_types=PARENT_HBN:3
P:268,B,PARENT_HBN,PARENT,PARENT_HBN_BULK_LIKE,3,0,3,0,center=B|type=PARENT_HBN|region=PARENT_HBN_BULK_LIKE|degree=3|neighbor_elements=N:3|neighbor_types=PARENT_HBN:3
P:269,N,PARENT_HBN,PARENT,PARENT_HBN_BULK_LIKE,3,3,0,0,center=N|type=PARENT_HBN|region=PARENT_HBN_BULK_LIKE|degree=3|neighbor_elements=B:3|neighbor_types=PARENT_HBN:3
P:27,N,PARENT_HBN,PARENT,PARENT_HBN_BULK_LIKE,3,3,0,0,center=N|type=PARENT_HBN|region=PARENT_HBN_BULK_LIKE|degree=3|neighbor_elements=B:3|neighbor_types=PARENT_HBN:3
P:270,B,PARENT_HBN,PARENT,PARENT_HBN_BULK_LIKE,3,0,3,0,center=B|type=PARENT_HBN|region=PARENT_HBN_BULK_LIKE|degree=3|neighbor_elements=N:3|neighbor_types=PARENT_HBN:3
P:271,N,PARENT_HBN,PARENT,PARENT_HBN_BULK_LIKE,3,3,0,0,center=N|type=PARENT_HBN|region=PARENT_HBN_BULK_LIKE|degree=3|neighbor_elements=B:3|neighbor_types=PARENT_HBN:3
P:272,B,PARENT_HBN,PARENT,PARENT_HBN_BULK_LIKE,3,0,3,0,center=B|type=PARENT_HBN|region=PARENT_HBN_BULK_LIKE|degree=3|neighbor_elements=N:3|neighbor_types=PARENT_HBN:3
P:273,N,PARENT_HBN,PARENT,PARENT_HBN_BULK_LIKE,3,3,0,0,center=N|type=PARENT_HBN|region=PARENT_HBN_BULK_LIKE|degree=3|neighbor_elements=B:3|neighbor_types=PARENT_HBN:3
P:274,B,PARENT_HBN,PARENT,PARENT_HBN_BULK_LIKE,3,0,3,0,center=B|type=PARENT_HBN|region=PARENT_HBN_BULK_LIKE|degree=3|neighbor_elements=N:3|neighbor_types=PARENT_HBN:3
P:275,N,PARENT_HBN,PARENT,PARENT_HBN_BULK_LIKE,3,3,0,0,center=N|type=PARENT_HBN|region=PARENT_HBN_BULK_LIKE|degree=3|neighbor_elements=B:3|neighbor_types=PARENT_HBN:3
P:276,B,PARENT_HBN,PARENT,PARENT_HBN_BULK_LIKE,3,0,3,0,center=B|type=PARENT_HBN|region=PARENT_HBN_BULK_LIKE|degree=3|neighbor_elements=N:3|neighbor_types=PARENT_HBN:3
P:277,N,PARENT_HBN,PARENT,PARENT_HBN_BULK_LIKE,3,3,0,0,center=N|type=PARENT_HBN|region=PARENT_HBN_BULK_LIKE|degree=3|neighbor_elements=B:3|neighbor_types=PARENT_HBN:3
P:278,B,PARENT_HBN,PARENT,PARENT_HBN_BULK_LIKE,3,0,3,0,center=B|type=PARENT_HBN|region=PARENT_HBN_BULK_LIKE|degree=3|neighbor_elements=N:3|neighbor_types=PARENT_HBN:3
P:279,N,PARENT_HBN,PARENT,PARENT_HBN_BULK_LIKE,3,3,0,0,center=N|type=PARENT_HBN|region=PARENT_HBN_BULK_LIKE|degree=3|neighbor_elements=B:3|neighbor_types=PARENT_HBN:3
P:28,B,PARENT_HBN,PARENT,PARENT_SEED_ATTACHMENT,3,0,3,0,"center=B|type=PARENT_HBN|region=PARENT_SEED_ATTACHMENT|degree=3|neighbor_elements=N:3|neighbor_types=HEXAGONAL_EDGE_COMPLETION_SEED:2,PARENT_HBN:1"
P:280,B,PARENT_HBN,PARENT,PARENT_HBN_BULK_LIKE,3,0,3,0,center=B|type=PARENT_HBN|region=PARENT_HBN_BULK_LIKE|degree=3|neighbor_elements=N:3|neighbor_types=PARENT_HBN:3
P:281,N,PARENT_HBN,PARENT,PARENT_HBN_BULK_LIKE,3,3,0,0,center=N|type=PARENT_HBN|region=PARENT_HBN_BULK_LIKE|degree=3|neighbor_elements=B:3|neighbor_types=PARENT_HBN:3
P:282,B,PARENT_HBN,PARENT,PARENT_HBN_BULK_LIKE,3,0,3,0,center=B|type=PARENT_HBN|region=PARENT_HBN_BULK_LIKE|degree=3|neighbor_elements=N:3|neighbor_types=PARENT_HBN:3
P:283,N,PARENT_HBN,PARENT,PARENT_HBN_BULK_LIKE,3,3,0,0,center=N|type=PARENT_HBN|region=PARENT_HBN_BULK_LIKE|degree=3|neighbor_elements=B:3|neighbor_types=PARENT_HBN:3
P:284,B,PARENT_HBN,PARENT,PARENT_HBN_BULK_LIKE,3,0,3,0,center=B|type=PARENT_HBN|region=PARENT_HBN_BULK_LIKE|degree=3|neighbor_elements=N:3|neighbor_types=PARENT_HBN:3
P:285,N,PARENT_HBN,PARENT,PARENT_HBN_BULK_LIKE,3,3,0,0,center=N|type=PARENT_HBN|region=PARENT_HBN_BULK_LIKE|degree=3|neighbor_elements=B:3|neighbor_types=PARENT_HBN:3
P:286,B,PARENT_HBN,PARENT,PARENT_HBN_BULK_LIKE,3,0,3,0,center=B|type=PARENT_HBN|region=PARENT_HBN_BULK_LIKE|degree=3|neighbor_elements=N:3|neighbor_types=PARENT_HBN:3
P:287,N,PARENT_HBN,PARENT,PARENT_HBN_BULK_LIKE,3,3,0,0,center=N|type=PARENT_HBN|region=PARENT_HBN_BULK_LIKE|degree=3|neighbor_elements=B:3|neighbor_types=PARENT_HBN:3
P:288,B,PARENT_HBN,PARENT,PARENT_HBN_BULK_LIKE,3,0,3,0,center=B|type=PARENT_HBN|region=PARENT_HBN_BULK_LIKE|degree=3|neighbor_elements=N:3|neighbor_types=PARENT_HBN:3
P:289,N,PARENT_HBN,PARENT,PARENT_HBN_BULK_LIKE,3,3,0,0,center=N|type=PARENT_HBN|region=PARENT_HBN_BULK_LIKE|degree=3|neighbor_elements=B:3|neighbor_types=PARENT_HBN:3
P:29,N,PARENT_HBN,PARENT,PARENT_HBN_BULK_LIKE,3,3,0,0,center=N|type=PARENT_HBN|region=PARENT_HBN_BULK_LIKE|degree=3|neighbor_elements=B:3|neighbor_types=PARENT_HBN:3
P:290,B,PARENT_HBN,PARENT,PARENT_HBN_BULK_LIKE,3,0,3,0,center=B|type=PARENT_HBN|region=PARENT_HBN_BULK_LIKE|degree=3|neighbor_elements=N:3|neighbor_types=PARENT_HBN:3
P:291,N,PARENT_HBN,PARENT,PARENT_HBN_BULK_LIKE,3,3,0,0,center=N|type=PARENT_HBN|region=PARENT_HBN_BULK_LIKE|degree=3|neighbor_elements=B:3|neighbor_types=PARENT_HBN:3
P:292,B,PARENT_HBN,PARENT,PARENT_HBN_BULK_LIKE,3,0,3,0,center=B|type=PARENT_HBN|region=PARENT_HBN_BULK_LIKE|degree=3|neighbor_elements=N:3|neighbor_types=PARENT_HBN:3
P:293,N,PARENT_HBN,PARENT,PARENT_HBN_BULK_LIKE,3,3,0,0,center=N|type=PARENT_HBN|region=PARENT_HBN_BULK_LIKE|degree=3|neighbor_elements=B:3|neighbor_types=PARENT_HBN:3
P:294,B,PARENT_HBN,PARENT,PARENT_HBN_BULK_LIKE,3,0,3,0,center=B|type=PARENT_HBN|region=PARENT_HBN_BULK_LIKE|degree=3|neighbor_elements=N:3|neighbor_types=PARENT_HBN:3
P:295,N,PARENT_HBN,PARENT,PARENT_HBN_BULK_LIKE,3,3,0,0,center=N|type=PARENT_HBN|region=PARENT_HBN_BULK_LIKE|degree=3|neighbor_elements=B:3|neighbor_types=PARENT_HBN:3
P:296,B,PARENT_HBN,PARENT,PARENT_HBN_BULK_LIKE,3,0,3,0,center=B|type=PARENT_HBN|region=PARENT_HBN_BULK_LIKE|degree=3|neighbor_elements=N:3|neighbor_types=PARENT_HBN:3
P:297,N,PARENT_HBN,PARENT,PARENT_HBN_BULK_LIKE,3,3,0,0,center=N|type=PARENT_HBN|region=PARENT_HBN_BULK_LIKE|degree=3|neighbor_elements=B:3|neighbor_types=PARENT_HBN:3
P:298,B,PARENT_HBN,PARENT,PARENT_HBN_BULK_LIKE,3,0,3,0,center=B|type=PARENT_HBN|region=PARENT_HBN_BULK_LIKE|degree=3|neighbor_elements=N:3|neighbor_types=PARENT_HBN:3
P:299,N,PARENT_HBN,PARENT,PARENT_HBN_BULK_LIKE,3,3,0,0,center=N|type=PARENT_HBN|region=PARENT_HBN_BULK_LIKE|degree=3|neighbor_elements=B:3|neighbor_types=PARENT_HBN:3
P:3,N,PARENT_HBN,PARENT,PARENT_HBN_BULK_LIKE,3,3,0,0,center=N|type=PARENT_HBN|region=PARENT_HBN_BULK_LIKE|degree=3|neighbor_elements=B:3|neighbor_types=PARENT_HBN:3
P:30,B,PARENT_HBN,PARENT,PARENT_SEED_ATTACHMENT,3,0,3,0,"center=B|type=PARENT_HBN|region=PARENT_SEED_ATTACHMENT|degree=3|neighbor_elements=N:3|neighbor_types=HEXAGONAL_EDGE_COMPLETION_SEED:2,PARENT_HBN:1"
P:300,B,PARENT_HBN,PARENT,PARENT_HBN_BULK_LIKE,3,0,3,0,center=B|type=PARENT_HBN|region=PARENT_HBN_BULK_LIKE|degree=3|neighbor_elements=N:3|neighbor_types=PARENT_HBN:3
P:301,N,PARENT_HBN,PARENT,PARENT_HBN_BULK_LIKE,3,3,0,0,center=N|type=PARENT_HBN|region=PARENT_HBN_BULK_LIKE|degree=3|neighbor_elements=B:3|neighbor_types=PARENT_HBN:3
P:302,B,PARENT_HBN,PARENT,PARENT_HBN_BULK_LIKE,3,0,3,0,center=B|type=PARENT_HBN|region=PARENT_HBN_BULK_LIKE|degree=3|neighbor_elements=N:3|neighbor_types=PARENT_HBN:3
P:303,N,PARENT_HBN,PARENT,PARENT_HBN_BULK_LIKE,3,3,0,0,center=N|type=PARENT_HBN|region=PARENT_HBN_BULK_LIKE|degree=3|neighbor_elements=B:3|neighbor_types=PARENT_HBN:3
P:304,B,PARENT_HBN,PARENT,PARENT_HBN_BULK_LIKE,3,0,3,0,center=B|type=PARENT_HBN|region=PARENT_HBN_BULK_LIKE|degree=3|neighbor_elements=N:3|neighbor_types=PARENT_HBN:3
P:305,N,PARENT_HBN,PARENT,PARENT_HBN_BULK_LIKE,3,3,0,0,center=N|type=PARENT_HBN|region=PARENT_HBN_BULK_LIKE|degree=3|neighbor_elements=B:3|neighbor_types=PARENT_HBN:3
P:306,B,PARENT_HBN,PARENT,PARENT_HBN_BULK_LIKE,3,0,3,0,center=B|type=PARENT_HBN|region=PARENT_HBN_BULK_LIKE|degree=3|neighbor_elements=N:3|neighbor_types=PARENT_HBN:3
P:307,N,PARENT_HBN,PARENT,PARENT_HBN_BULK_LIKE,3,3,0,0,center=N|type=PARENT_HBN|region=PARENT_HBN_BULK_LIKE|degree=3|neighbor_elements=B:3|neighbor_types=PARENT_HBN:3
P:308,B,PARENT_HBN,PARENT,PARENT_HBN_BULK_LIKE,3,0,3,0,center=B|type=PARENT_HBN|region=PARENT_HBN_BULK_LIKE|degree=3|neighbor_elements=N:3|neighbor_types=PARENT_HBN:3
P:309,N,PARENT_HBN,PARENT,PARENT_HBN_BULK_LIKE,3,3,0,0,center=N|type=PARENT_HBN|region=PARENT_HBN_BULK_LIKE|degree=3|neighbor_elements=B:3|neighbor_types=PARENT_HBN:3
P:31,N,PARENT_HBN,PARENT,PARENT_HBN_BULK_LIKE,3,3,0,0,center=N|type=PARENT_HBN|region=PARENT_HBN_BULK_LIKE|degree=3|neighbor_elements=B:3|neighbor_types=PARENT_HBN:3
P:310,B,PARENT_HBN,PARENT,PARENT_HBN_BULK_LIKE,3,0,3,0,center=B|type=PARENT_HBN|region=PARENT_HBN_BULK_LIKE|degree=3|neighbor_elements=N:3|neighbor_types=PARENT_HBN:3
P:311,N,PARENT_HBN,PARENT,PARENT_HBN_BULK_LIKE,3,3,0,0,center=N|type=PARENT_HBN|region=PARENT_HBN_BULK_LIKE|degree=3|neighbor_elements=B:3|neighbor_types=PARENT_HBN:3
P:312,B,PARENT_HBN,PARENT,PARENT_HBN_BULK_LIKE,3,0,3,0,center=B|type=PARENT_HBN|region=PARENT_HBN_BULK_LIKE|degree=3|neighbor_elements=N:3|neighbor_types=PARENT_HBN:3
P:313,N,PARENT_HBN,PARENT,PARENT_HBN_BULK_LIKE,3,3,0,0,center=N|type=PARENT_HBN|region=PARENT_HBN_BULK_LIKE|degree=3|neighbor_elements=B:3|neighbor_types=PARENT_HBN:3
P:314,B,PARENT_HBN,PARENT,PARENT_HBN_BULK_LIKE,3,0,3,0,center=B|type=PARENT_HBN|region=PARENT_HBN_BULK_LIKE|degree=3|neighbor_elements=N:3|neighbor_types=PARENT_HBN:3
P:315,N,PARENT_HBN,PARENT,PARENT_HBN_BULK_LIKE,3,3,0,0,center=N|type=PARENT_HBN|region=PARENT_HBN_BULK_LIKE|degree=3|neighbor_elements=B:3|neighbor_types=PARENT_HBN:3
P:316,B,PARENT_HBN,PARENT,PARENT_HBN_BULK_LIKE,3,0,3,0,center=B|type=PARENT_HBN|region=PARENT_HBN_BULK_LIKE|degree=3|neighbor_elements=N:3|neighbor_types=PARENT_HBN:3
P:317,N,PARENT_HBN,PARENT,PARENT_HBN_BULK_LIKE,3,3,0,0,center=N|type=PARENT_HBN|region=PARENT_HBN_BULK_LIKE|degree=3|neighbor_elements=B:3|neighbor_types=PARENT_HBN:3
P:318,B,PARENT_HBN,PARENT,PARENT_HBN_BULK_LIKE,3,0,3,0,center=B|type=PARENT_HBN|region=PARENT_HBN_BULK_LIKE|degree=3|neighbor_elements=N:3|neighbor_types=PARENT_HBN:3
P:319,N,PARENT_HBN,PARENT,PARENT_HBN_BULK_LIKE,3,3,0,0,center=N|type=PARENT_HBN|region=PARENT_HBN_BULK_LIKE|degree=3|neighbor_elements=B:3|neighbor_types=PARENT_HBN:3
P:32,B,PARENT_HBN,PARENT,PARENT_SEED_ATTACHMENT,3,0,3,0,"center=B|type=PARENT_HBN|region=PARENT_SEED_ATTACHMENT|degree=3|neighbor_elements=N:3|neighbor_types=HEXAGONAL_EDGE_COMPLETION_SEED:2,PARENT_HBN:1"
P:320,B,PARENT_HBN,PARENT,PARENT_HBN_BULK_LIKE,3,0,3,0,center=B|type=PARENT_HBN|region=PARENT_HBN_BULK_LIKE|degree=3|neighbor_elements=N:3|neighbor_types=PARENT_HBN:3
P:321,N,PARENT_HBN,PARENT,PARENT_HBN_BULK_LIKE,3,3,0,0,center=N|type=PARENT_HBN|region=PARENT_HBN_BULK_LIKE|degree=3|neighbor_elements=B:3|neighbor_types=PARENT_HBN:3
P:322,B,PARENT_HBN,PARENT,PARENT_HBN_BULK_LIKE,3,0,3,0,center=B|type=PARENT_HBN|region=PARENT_HBN_BULK_LIKE|degree=3|neighbor_elements=N:3|neighbor_types=PARENT_HBN:3
P:323,N,PARENT_HBN,PARENT,PARENT_HBN_BULK_LIKE,3,3,0,0,center=N|type=PARENT_HBN|region=PARENT_HBN_BULK_LIKE|degree=3|neighbor_elements=B:3|neighbor_types=PARENT_HBN:3
P:324,B,PARENT_HBN,PARENT,PARENT_HBN_BULK_LIKE,3,0,3,0,center=B|type=PARENT_HBN|region=PARENT_HBN_BULK_LIKE|degree=3|neighbor_elements=N:3|neighbor_types=PARENT_HBN:3
P:325,N,PARENT_HBN,PARENT,PARENT_HBN_BULK_LIKE,3,3,0,0,center=N|type=PARENT_HBN|region=PARENT_HBN_BULK_LIKE|degree=3|neighbor_elements=B:3|neighbor_types=PARENT_HBN:3
P:326,B,PARENT_HBN,PARENT,PARENT_HBN_BULK_LIKE,3,0,3,0,center=B|type=PARENT_HBN|region=PARENT_HBN_BULK_LIKE|degree=3|neighbor_elements=N:3|neighbor_types=PARENT_HBN:3
P:327,N,PARENT_HBN,PARENT,PARENT_HBN_BULK_LIKE,3,3,0,0,center=N|type=PARENT_HBN|region=PARENT_HBN_BULK_LIKE|degree=3|neighbor_elements=B:3|neighbor_types=PARENT_HBN:3
P:328,B,PARENT_HBN,PARENT,PARENT_HBN_BULK_LIKE,3,0,3,0,center=B|type=PARENT_HBN|region=PARENT_HBN_BULK_LIKE|degree=3|neighbor_elements=N:3|neighbor_types=PARENT_HBN:3
P:329,N,PARENT_HBN,PARENT,PARENT_HBN_BULK_LIKE,3,3,0,0,center=N|type=PARENT_HBN|region=PARENT_HBN_BULK_LIKE|degree=3|neighbor_elements=B:3|neighbor_types=PARENT_HBN:3
P:33,N,PARENT_HBN,PARENT,PARENT_HBN_BULK_LIKE,3,3,0,0,center=N|type=PARENT_HBN|region=PARENT_HBN_BULK_LIKE|degree=3|neighbor_elements=B:3|neighbor_types=PARENT_HBN:3
P:330,B,PARENT_HBN,PARENT,PARENT_HBN_BULK_LIKE,3,0,3,0,center=B|type=PARENT_HBN|region=PARENT_HBN_BULK_LIKE|degree=3|neighbor_elements=N:3|neighbor_types=PARENT_HBN:3
P:331,N,PARENT_HBN,PARENT,PARENT_HBN_BULK_LIKE,3,3,0,0,center=N|type=PARENT_HBN|region=PARENT_HBN_BULK_LIKE|degree=3|neighbor_elements=B:3|neighbor_types=PARENT_HBN:3
P:332,B,PARENT_HBN,PARENT,PARENT_HBN_BULK_LIKE,3,0,3,0,center=B|type=PARENT_HBN|region=PARENT_HBN_BULK_LIKE|degree=3|neighbor_elements=N:3|neighbor_types=PARENT_HBN:3
P:333,N,PARENT_HBN,PARENT,PARENT_HBN_BULK_LIKE,3,3,0,0,center=N|type=PARENT_HBN|region=PARENT_HBN_BULK_LIKE|degree=3|neighbor_elements=B:3|neighbor_types=PARENT_HBN:3
P:334,B,PARENT_HBN,PARENT,PARENT_HBN_BULK_LIKE,3,0,3,0,center=B|type=PARENT_HBN|region=PARENT_HBN_BULK_LIKE|degree=3|neighbor_elements=N:3|neighbor_types=PARENT_HBN:3
P:335,N,PARENT_HBN,PARENT,PARENT_HBN_BULK_LIKE,3,3,0,0,center=N|type=PARENT_HBN|region=PARENT_HBN_BULK_LIKE|degree=3|neighbor_elements=B:3|neighbor_types=PARENT_HBN:3
P:336,B,PARENT_HBN,PARENT,PARENT_HBN_BULK_LIKE,3,0,3,0,center=B|type=PARENT_HBN|region=PARENT_HBN_BULK_LIKE|degree=3|neighbor_elements=N:3|neighbor_types=PARENT_HBN:3
P:337,N,PARENT_HBN,PARENT,PARENT_HBN_BULK_LIKE,3,3,0,0,center=N|type=PARENT_HBN|region=PARENT_HBN_BULK_LIKE|degree=3|neighbor_elements=B:3|neighbor_types=PARENT_HBN:3
P:338,B,PARENT_HBN,PARENT,PARENT_HBN_BULK_LIKE,3,0,3,0,center=B|type=PARENT_HBN|region=PARENT_HBN_BULK_LIKE|degree=3|neighbor_elements=N:3|neighbor_types=PARENT_HBN:3
P:339,N,PARENT_HBN,PARENT,PARENT_HBN_BULK_LIKE,3,3,0,0,center=N|type=PARENT_HBN|region=PARENT_HBN_BULK_LIKE|degree=3|neighbor_elements=B:3|neighbor_types=PARENT_HBN:3
P:34,B,PARENT_HBN,PARENT,PARENT_SEED_ATTACHMENT,3,0,3,0,"center=B|type=PARENT_HBN|region=PARENT_SEED_ATTACHMENT|degree=3|neighbor_elements=N:3|neighbor_types=HEXAGONAL_EDGE_COMPLETION_SEED:2,PARENT_HBN:1"
P:340,B,PARENT_HBN,PARENT,PARENT_HBN_BULK_LIKE,3,0,3,0,center=B|type=PARENT_HBN|region=PARENT_HBN_BULK_LIKE|degree=3|neighbor_elements=N:3|neighbor_types=PARENT_HBN:3
P:341,N,PARENT_HBN,PARENT,PARENT_HBN_BULK_LIKE,3,3,0,0,center=N|type=PARENT_HBN|region=PARENT_HBN_BULK_LIKE|degree=3|neighbor_elements=B:3|neighbor_types=PARENT_HBN:3
P:342,B,PARENT_HBN,PARENT,PARENT_HBN_BULK_LIKE,3,0,3,0,center=B|type=PARENT_HBN|region=PARENT_HBN_BULK_LIKE|degree=3|neighbor_elements=N:3|neighbor_types=PARENT_HBN:3
P:343,N,PARENT_HBN,PARENT,PARENT_HBN_BULK_LIKE,3,3,0,0,center=N|type=PARENT_HBN|region=PARENT_HBN_BULK_LIKE|degree=3|neighbor_elements=B:3|neighbor_types=PARENT_HBN:3
P:344,B,PARENT_HBN,PARENT,PARENT_HBN_BULK_LIKE,3,0,3,0,center=B|type=PARENT_HBN|region=PARENT_HBN_BULK_LIKE|degree=3|neighbor_elements=N:3|neighbor_types=PARENT_HBN:3
P:345,N,PARENT_HBN,PARENT,PARENT_HBN_BULK_LIKE,3,3,0,0,center=N|type=PARENT_HBN|region=PARENT_HBN_BULK_LIKE|degree=3|neighbor_elements=B:3|neighbor_types=PARENT_HBN:3
P:346,B,PARENT_HBN,PARENT,PARENT_HBN_BULK_LIKE,3,0,3,0,center=B|type=PARENT_HBN|region=PARENT_HBN_BULK_LIKE|degree=3|neighbor_elements=N:3|neighbor_types=PARENT_HBN:3
P:347,N,PARENT_HBN,PARENT,PARENT_HBN_BULK_LIKE,3,3,0,0,center=N|type=PARENT_HBN|region=PARENT_HBN_BULK_LIKE|degree=3|neighbor_elements=B:3|neighbor_types=PARENT_HBN:3
P:348,B,PARENT_HBN,PARENT,PARENT_HBN_BULK_LIKE,3,0,3,0,center=B|type=PARENT_HBN|region=PARENT_HBN_BULK_LIKE|degree=3|neighbor_elements=N:3|neighbor_types=PARENT_HBN:3
P:349,N,PARENT_HBN,PARENT,PARENT_HBN_BULK_LIKE,3,3,0,0,center=N|type=PARENT_HBN|region=PARENT_HBN_BULK_LIKE|degree=3|neighbor_elements=B:3|neighbor_types=PARENT_HBN:3
P:35,N,PARENT_HBN,PARENT,PARENT_HBN_BULK_LIKE,3,3,0,0,center=N|type=PARENT_HBN|region=PARENT_HBN_BULK_LIKE|degree=3|neighbor_elements=B:3|neighbor_types=PARENT_HBN:3
P:350,B,PARENT_HBN,PARENT,PARENT_HBN_BULK_LIKE,3,0,3,0,center=B|type=PARENT_HBN|region=PARENT_HBN_BULK_LIKE|degree=3|neighbor_elements=N:3|neighbor_types=PARENT_HBN:3
P:351,N,PARENT_HBN,PARENT,PARENT_HBN_BULK_LIKE,3,3,0,0,center=N|type=PARENT_HBN|region=PARENT_HBN_BULK_LIKE|degree=3|neighbor_elements=B:3|neighbor_types=PARENT_HBN:3
P:352,B,PARENT_HBN,PARENT,PARENT_HBN_BULK_LIKE,3,0,3,0,center=B|type=PARENT_HBN|region=PARENT_HBN_BULK_LIKE|degree=3|neighbor_elements=N:3|neighbor_types=PARENT_HBN:3
P:353,N,PARENT_HBN,PARENT,PARENT_HBN_BULK_LIKE,3,3,0,0,center=N|type=PARENT_HBN|region=PARENT_HBN_BULK_LIKE|degree=3|neighbor_elements=B:3|neighbor_types=PARENT_HBN:3
P:354,B,PARENT_HBN,PARENT,PARENT_HBN_BULK_LIKE,3,0,3,0,center=B|type=PARENT_HBN|region=PARENT_HBN_BULK_LIKE|degree=3|neighbor_elements=N:3|neighbor_types=PARENT_HBN:3
P:355,N,PARENT_HBN,PARENT,PARENT_HBN_BULK_LIKE,3,3,0,0,center=N|type=PARENT_HBN|region=PARENT_HBN_BULK_LIKE|degree=3|neighbor_elements=B:3|neighbor_types=PARENT_HBN:3
P:356,B,PARENT_HBN,PARENT,PARENT_HBN_BULK_LIKE,3,0,3,0,center=B|type=PARENT_HBN|region=PARENT_HBN_BULK_LIKE|degree=3|neighbor_elements=N:3|neighbor_types=PARENT_HBN:3
P:357,N,PARENT_HBN,PARENT,PARENT_HBN_BULK_LIKE,3,3,0,0,center=N|type=PARENT_HBN|region=PARENT_HBN_BULK_LIKE|degree=3|neighbor_elements=B:3|neighbor_types=PARENT_HBN:3
P:358,B,PARENT_HBN,PARENT,PARENT_HBN_BULK_LIKE,3,0,3,0,center=B|type=PARENT_HBN|region=PARENT_HBN_BULK_LIKE|degree=3|neighbor_elements=N:3|neighbor_types=PARENT_HBN:3
P:359,N,PARENT_HBN,PARENT,PARENT_HBN_BULK_LIKE,3,3,0,0,center=N|type=PARENT_HBN|region=PARENT_HBN_BULK_LIKE|degree=3|neighbor_elements=B:3|neighbor_types=PARENT_HBN:3
P:36,B,PARENT_HBN,PARENT,PARENT_SEED_ATTACHMENT,3,0,3,0,"center=B|type=PARENT_HBN|region=PARENT_SEED_ATTACHMENT|degree=3|neighbor_elements=N:3|neighbor_types=HEXAGONAL_EDGE_COMPLETION_SEED:2,PARENT_HBN:1"
P:360,B,PARENT_HBN,PARENT,PARENT_HBN_BULK_LIKE,3,0,3,0,center=B|type=PARENT_HBN|region=PARENT_HBN_BULK_LIKE|degree=3|neighbor_elements=N:3|neighbor_types=PARENT_HBN:3
P:361,N,PARENT_HBN,PARENT,PARENT_HBN_BULK_LIKE,3,3,0,0,center=N|type=PARENT_HBN|region=PARENT_HBN_BULK_LIKE|degree=3|neighbor_elements=B:3|neighbor_types=PARENT_HBN:3
P:362,B,PARENT_HBN,PARENT,PARENT_HBN_BULK_LIKE,3,0,3,0,center=B|type=PARENT_HBN|region=PARENT_HBN_BULK_LIKE|degree=3|neighbor_elements=N:3|neighbor_types=PARENT_HBN:3
P:363,N,PARENT_HBN,PARENT,PARENT_HBN_BULK_LIKE,3,3,0,0,center=N|type=PARENT_HBN|region=PARENT_HBN_BULK_LIKE|degree=3|neighbor_elements=B:3|neighbor_types=PARENT_HBN:3
P:364,B,PARENT_HBN,PARENT,PARENT_HBN_BULK_LIKE,3,0,3,0,center=B|type=PARENT_HBN|region=PARENT_HBN_BULK_LIKE|degree=3|neighbor_elements=N:3|neighbor_types=PARENT_HBN:3
P:365,N,PARENT_HBN,PARENT,PARENT_HBN_BULK_LIKE,3,3,0,0,center=N|type=PARENT_HBN|region=PARENT_HBN_BULK_LIKE|degree=3|neighbor_elements=B:3|neighbor_types=PARENT_HBN:3
P:366,B,PARENT_HBN,PARENT,PARENT_HBN_BULK_LIKE,3,0,3,0,center=B|type=PARENT_HBN|region=PARENT_HBN_BULK_LIKE|degree=3|neighbor_elements=N:3|neighbor_types=PARENT_HBN:3
P:367,N,PARENT_HBN,PARENT,PARENT_HBN_BULK_LIKE,3,3,0,0,center=N|type=PARENT_HBN|region=PARENT_HBN_BULK_LIKE|degree=3|neighbor_elements=B:3|neighbor_types=PARENT_HBN:3
P:368,B,PARENT_HBN,PARENT,PARENT_HBN_BULK_LIKE,3,0,3,0,center=B|type=PARENT_HBN|region=PARENT_HBN_BULK_LIKE|degree=3|neighbor_elements=N:3|neighbor_types=PARENT_HBN:3
P:369,N,PARENT_HBN,PARENT,PARENT_HBN_BULK_LIKE,3,3,0,0,center=N|type=PARENT_HBN|region=PARENT_HBN_BULK_LIKE|degree=3|neighbor_elements=B:3|neighbor_types=PARENT_HBN:3
P:37,N,PARENT_HBN,PARENT,PARENT_HBN_BULK_LIKE,3,3,0,0,center=N|type=PARENT_HBN|region=PARENT_HBN_BULK_LIKE|degree=3|neighbor_elements=B:3|neighbor_types=PARENT_HBN:3
P:370,B,PARENT_HBN,PARENT,PARENT_HBN_BULK_LIKE,3,0,3,0,center=B|type=PARENT_HBN|region=PARENT_HBN_BULK_LIKE|degree=3|neighbor_elements=N:3|neighbor_types=PARENT_HBN:3
P:371,N,PARENT_HBN,PARENT,PARENT_HBN_BULK_LIKE,3,3,0,0,center=N|type=PARENT_HBN|region=PARENT_HBN_BULK_LIKE|degree=3|neighbor_elements=B:3|neighbor_types=PARENT_HBN:3
P:372,B,PARENT_HBN,PARENT,PARENT_HBN_BULK_LIKE,3,0,3,0,center=B|type=PARENT_HBN|region=PARENT_HBN_BULK_LIKE|degree=3|neighbor_elements=N:3|neighbor_types=PARENT_HBN:3
P:373,N,PARENT_HBN,PARENT,PARENT_HBN_BULK_LIKE,3,3,0,0,center=N|type=PARENT_HBN|region=PARENT_HBN_BULK_LIKE|degree=3|neighbor_elements=B:3|neighbor_types=PARENT_HBN:3
P:374,B,PARENT_HBN,PARENT,PARENT_HBN_BULK_LIKE,3,0,3,0,center=B|type=PARENT_HBN|region=PARENT_HBN_BULK_LIKE|degree=3|neighbor_elements=N:3|neighbor_types=PARENT_HBN:3
P:375,N,PARENT_HBN,PARENT,PARENT_HBN_BULK_LIKE,3,3,0,0,center=N|type=PARENT_HBN|region=PARENT_HBN_BULK_LIKE|degree=3|neighbor_elements=B:3|neighbor_types=PARENT_HBN:3
P:376,B,PARENT_HBN,PARENT,PARENT_HBN_BULK_LIKE,3,0,3,0,center=B|type=PARENT_HBN|region=PARENT_HBN_BULK_LIKE|degree=3|neighbor_elements=N:3|neighbor_types=PARENT_HBN:3
P:377,N,PARENT_HBN,PARENT,PARENT_HBN_BULK_LIKE,3,3,0,0,center=N|type=PARENT_HBN|region=PARENT_HBN_BULK_LIKE|degree=3|neighbor_elements=B:3|neighbor_types=PARENT_HBN:3
P:378,B,PARENT_HBN,PARENT,PARENT_HBN_BULK_LIKE,3,0,3,0,center=B|type=PARENT_HBN|region=PARENT_HBN_BULK_LIKE|degree=3|neighbor_elements=N:3|neighbor_types=PARENT_HBN:3
P:379,N,PARENT_HBN,PARENT,PARENT_HBN_BULK_LIKE,3,3,0,0,center=N|type=PARENT_HBN|region=PARENT_HBN_BULK_LIKE|degree=3|neighbor_elements=B:3|neighbor_types=PARENT_HBN:3
P:38,B,PARENT_HBN,PARENT,PARENT_SEED_ATTACHMENT,3,0,3,0,"center=B|type=PARENT_HBN|region=PARENT_SEED_ATTACHMENT|degree=3|neighbor_elements=N:3|neighbor_types=HEXAGONAL_EDGE_COMPLETION_SEED:2,PARENT_HBN:1"
P:380,B,PARENT_HBN,PARENT,PARENT_HBN_BULK_LIKE,3,0,3,0,center=B|type=PARENT_HBN|region=PARENT_HBN_BULK_LIKE|degree=3|neighbor_elements=N:3|neighbor_types=PARENT_HBN:3
P:381,N,PARENT_HBN,PARENT,PARENT_HBN_BULK_LIKE,3,3,0,0,center=N|type=PARENT_HBN|region=PARENT_HBN_BULK_LIKE|degree=3|neighbor_elements=B:3|neighbor_types=PARENT_HBN:3
P:382,B,PARENT_HBN,PARENT,PARENT_HBN_BULK_LIKE,3,0,3,0,center=B|type=PARENT_HBN|region=PARENT_HBN_BULK_LIKE|degree=3|neighbor_elements=N:3|neighbor_types=PARENT_HBN:3
P:383,N,PARENT_HBN,PARENT,PARENT_HBN_BULK_LIKE,3,3,0,0,center=N|type=PARENT_HBN|region=PARENT_HBN_BULK_LIKE|degree=3|neighbor_elements=B:3|neighbor_types=PARENT_HBN:3
P:384,B,PARENT_HBN,PARENT,PARENT_HBN_BULK_LIKE,3,0,3,0,center=B|type=PARENT_HBN|region=PARENT_HBN_BULK_LIKE|degree=3|neighbor_elements=N:3|neighbor_types=PARENT_HBN:3
P:385,N,PARENT_HBN,PARENT,PARENT_HBN_BULK_LIKE,3,3,0,0,center=N|type=PARENT_HBN|region=PARENT_HBN_BULK_LIKE|degree=3|neighbor_elements=B:3|neighbor_types=PARENT_HBN:3
P:386,B,PARENT_HBN,PARENT,PARENT_HBN_BULK_LIKE,3,0,3,0,center=B|type=PARENT_HBN|region=PARENT_HBN_BULK_LIKE|degree=3|neighbor_elements=N:3|neighbor_types=PARENT_HBN:3
P:387,N,PARENT_HBN,PARENT,PARENT_HBN_BULK_LIKE,3,3,0,0,center=N|type=PARENT_HBN|region=PARENT_HBN_BULK_LIKE|degree=3|neighbor_elements=B:3|neighbor_types=PARENT_HBN:3
P:388,B,PARENT_HBN,PARENT,PARENT_HBN_BULK_LIKE,3,0,3,0,center=B|type=PARENT_HBN|region=PARENT_HBN_BULK_LIKE|degree=3|neighbor_elements=N:3|neighbor_types=PARENT_HBN:3
P:389,N,PARENT_HBN,PARENT,PARENT_HBN_BULK_LIKE,3,3,0,0,center=N|type=PARENT_HBN|region=PARENT_HBN_BULK_LIKE|degree=3|neighbor_elements=B:3|neighbor_types=PARENT_HBN:3
P:39,N,PARENT_HBN,PARENT,PARENT_HBN_BULK_LIKE,3,3,0,0,center=N|type=PARENT_HBN|region=PARENT_HBN_BULK_LIKE|degree=3|neighbor_elements=B:3|neighbor_types=PARENT_HBN:3
P:390,B,PARENT_HBN,PARENT,PARENT_HBN_BULK_LIKE,3,0,3,0,center=B|type=PARENT_HBN|region=PARENT_HBN_BULK_LIKE|degree=3|neighbor_elements=N:3|neighbor_types=PARENT_HBN:3
P:391,N,PARENT_HBN,PARENT,PARENT_HBN_BULK_LIKE,3,3,0,0,center=N|type=PARENT_HBN|region=PARENT_HBN_BULK_LIKE|degree=3|neighbor_elements=B:3|neighbor_types=PARENT_HBN:3
P:392,B,PARENT_HBN,PARENT,PARENT_HBN_BULK_LIKE,3,0,3,0,center=B|type=PARENT_HBN|region=PARENT_HBN_BULK_LIKE|degree=3|neighbor_elements=N:3|neighbor_types=PARENT_HBN:3
P:393,N,PARENT_HBN,PARENT,PARENT_HBN_BULK_LIKE,3,3,0,0,center=N|type=PARENT_HBN|region=PARENT_HBN_BULK_LIKE|degree=3|neighbor_elements=B:3|neighbor_types=PARENT_HBN:3
P:394,B,PARENT_HBN,PARENT,PARENT_HBN_BULK_LIKE,3,0,3,0,center=B|type=PARENT_HBN|region=PARENT_HBN_BULK_LIKE|degree=3|neighbor_elements=N:3|neighbor_types=PARENT_HBN:3
P:395,N,PARENT_HBN,PARENT,PARENT_HBN_BULK_LIKE,3,3,0,0,center=N|type=PARENT_HBN|region=PARENT_HBN_BULK_LIKE|degree=3|neighbor_elements=B:3|neighbor_types=PARENT_HBN:3
P:396,B,PARENT_HBN,PARENT,PARENT_HBN_BULK_LIKE,3,0,3,0,center=B|type=PARENT_HBN|region=PARENT_HBN_BULK_LIKE|degree=3|neighbor_elements=N:3|neighbor_types=PARENT_HBN:3
P:397,N,PARENT_HBN,PARENT,PARENT_HBN_BULK_LIKE,3,3,0,0,center=N|type=PARENT_HBN|region=PARENT_HBN_BULK_LIKE|degree=3|neighbor_elements=B:3|neighbor_types=PARENT_HBN:3
P:398,B,PARENT_HBN,PARENT,PARENT_HBN_BULK_LIKE,3,0,3,0,center=B|type=PARENT_HBN|region=PARENT_HBN_BULK_LIKE|degree=3|neighbor_elements=N:3|neighbor_types=PARENT_HBN:3
P:399,N,PARENT_HBN,PARENT,PARENT_HBN_BULK_LIKE,3,3,0,0,center=N|type=PARENT_HBN|region=PARENT_HBN_BULK_LIKE|degree=3|neighbor_elements=B:3|neighbor_types=PARENT_HBN:3
P:4,B,PARENT_HBN,PARENT,PARENT_SEED_ATTACHMENT,3,0,3,0,"center=B|type=PARENT_HBN|region=PARENT_SEED_ATTACHMENT|degree=3|neighbor_elements=N:3|neighbor_types=HEXAGONAL_EDGE_COMPLETION_SEED:2,PARENT_HBN:1"
P:40,B,PARENT_HBN,PARENT,PARENT_SEED_ATTACHMENT,3,0,3,0,"center=B|type=PARENT_HBN|region=PARENT_SEED_ATTACHMENT|degree=3|neighbor_elements=N:3|neighbor_types=HEXAGONAL_EDGE_COMPLETION_SEED:2,PARENT_HBN:1"
P:400,B,PARENT_HBN,PARENT,PARENT_HBN_BULK_LIKE,3,0,3,0,center=B|type=PARENT_HBN|region=PARENT_HBN_BULK_LIKE|degree=3|neighbor_elements=N:3|neighbor_types=PARENT_HBN:3
P:401,N,PARENT_HBN,PARENT,PARENT_HBN_BULK_LIKE,3,3,0,0,center=N|type=PARENT_HBN|region=PARENT_HBN_BULK_LIKE|degree=3|neighbor_elements=B:3|neighbor_types=PARENT_HBN:3
P:402,B,PARENT_HBN,PARENT,PARENT_HBN_BULK_LIKE,3,0,3,0,center=B|type=PARENT_HBN|region=PARENT_HBN_BULK_LIKE|degree=3|neighbor_elements=N:3|neighbor_types=PARENT_HBN:3
P:403,N,PARENT_HBN,PARENT,PARENT_HBN_BULK_LIKE,3,3,0,0,center=N|type=PARENT_HBN|region=PARENT_HBN_BULK_LIKE|degree=3|neighbor_elements=B:3|neighbor_types=PARENT_HBN:3
P:404,B,PARENT_HBN,PARENT,PARENT_HBN_BULK_LIKE,3,0,3,0,center=B|type=PARENT_HBN|region=PARENT_HBN_BULK_LIKE|degree=3|neighbor_elements=N:3|neighbor_types=PARENT_HBN:3
P:405,N,PARENT_HBN,PARENT,PARENT_HBN_BULK_LIKE,3,3,0,0,center=N|type=PARENT_HBN|region=PARENT_HBN_BULK_LIKE|degree=3|neighbor_elements=B:3|neighbor_types=PARENT_HBN:3
P:406,B,PARENT_HBN,PARENT,PARENT_HBN_BULK_LIKE,3,0,3,0,center=B|type=PARENT_HBN|region=PARENT_HBN_BULK_LIKE|degree=3|neighbor_elements=N:3|neighbor_types=PARENT_HBN:3
P:407,N,PARENT_HBN,PARENT,PARENT_HBN_BULK_LIKE,3,3,0,0,center=N|type=PARENT_HBN|region=PARENT_HBN_BULK_LIKE|degree=3|neighbor_elements=B:3|neighbor_types=PARENT_HBN:3
P:408,B,PARENT_HBN,PARENT,PARENT_HBN_BULK_LIKE,3,0,3,0,center=B|type=PARENT_HBN|region=PARENT_HBN_BULK_LIKE|degree=3|neighbor_elements=N:3|neighbor_types=PARENT_HBN:3
P:409,N,PARENT_HBN,PARENT,PARENT_HBN_BULK_LIKE,3,3,0,0,center=N|type=PARENT_HBN|region=PARENT_HBN_BULK_LIKE|degree=3|neighbor_elements=B:3|neighbor_types=PARENT_HBN:3
P:41,N,PARENT_HBN,PARENT,PARENT_HBN_BULK_LIKE,3,3,0,0,center=N|type=PARENT_HBN|region=PARENT_HBN_BULK_LIKE|degree=3|neighbor_elements=B:3|neighbor_types=PARENT_HBN:3
P:410,B,PARENT_HBN,PARENT,PARENT_HBN_BULK_LIKE,3,0,3,0,center=B|type=PARENT_HBN|region=PARENT_HBN_BULK_LIKE|degree=3|neighbor_elements=N:3|neighbor_types=PARENT_HBN:3
P:411,N,PARENT_HBN,PARENT,PARENT_HBN_BULK_LIKE,3,3,0,0,center=N|type=PARENT_HBN|region=PARENT_HBN_BULK_LIKE|degree=3|neighbor_elements=B:3|neighbor_types=PARENT_HBN:3
P:412,B,PARENT_HBN,PARENT,PARENT_HBN_BULK_LIKE,3,0,3,0,center=B|type=PARENT_HBN|region=PARENT_HBN_BULK_LIKE|degree=3|neighbor_elements=N:3|neighbor_types=PARENT_HBN:3
P:413,N,PARENT_HBN,PARENT,PARENT_HBN_BULK_LIKE,3,3,0,0,center=N|type=PARENT_HBN|region=PARENT_HBN_BULK_LIKE|degree=3|neighbor_elements=B:3|neighbor_types=PARENT_HBN:3
P:414,B,PARENT_HBN,PARENT,PARENT_HBN_BULK_LIKE,3,0,3,0,center=B|type=PARENT_HBN|region=PARENT_HBN_BULK_LIKE|degree=3|neighbor_elements=N:3|neighbor_types=PARENT_HBN:3
P:415,N,PARENT_HBN,PARENT,PARENT_HBN_BULK_LIKE,3,3,0,0,center=N|type=PARENT_HBN|region=PARENT_HBN_BULK_LIKE|degree=3|neighbor_elements=B:3|neighbor_types=PARENT_HBN:3
P:416,B,PARENT_HBN,PARENT,PARENT_HBN_BULK_LIKE,3,0,3,0,center=B|type=PARENT_HBN|region=PARENT_HBN_BULK_LIKE|degree=3|neighbor_elements=N:3|neighbor_types=PARENT_HBN:3
P:417,N,PARENT_HBN,PARENT,PARENT_HBN_BULK_LIKE,3,3,0,0,center=N|type=PARENT_HBN|region=PARENT_HBN_BULK_LIKE|degree=3|neighbor_elements=B:3|neighbor_types=PARENT_HBN:3
P:418,B,PARENT_HBN,PARENT,PARENT_HBN_BULK_LIKE,3,0,3,0,center=B|type=PARENT_HBN|region=PARENT_HBN_BULK_LIKE|degree=3|neighbor_elements=N:3|neighbor_types=PARENT_HBN:3
P:419,N,PARENT_HBN,PARENT,PARENT_HBN_BULK_LIKE,3,3,0,0,center=N|type=PARENT_HBN|region=PARENT_HBN_BULK_LIKE|degree=3|neighbor_elements=B:3|neighbor_types=PARENT_HBN:3
P:42,B,PARENT_HBN,PARENT,PARENT_SEED_ATTACHMENT,3,0,3,0,"center=B|type=PARENT_HBN|region=PARENT_SEED_ATTACHMENT|degree=3|neighbor_elements=N:3|neighbor_types=HEXAGONAL_EDGE_COMPLETION_SEED:2,PARENT_HBN:1"
P:420,B,PARENT_HBN,PARENT,PARENT_HBN_BULK_LIKE,3,0,3,0,center=B|type=PARENT_HBN|region=PARENT_HBN_BULK_LIKE|degree=3|neighbor_elements=N:3|neighbor_types=PARENT_HBN:3
P:421,N,PARENT_HBN,PARENT,PARENT_HBN_BULK_LIKE,3,3,0,0,center=N|type=PARENT_HBN|region=PARENT_HBN_BULK_LIKE|degree=3|neighbor_elements=B:3|neighbor_types=PARENT_HBN:3
P:422,B,PARENT_HBN,PARENT,PARENT_HBN_BULK_LIKE,3,0,3,0,center=B|type=PARENT_HBN|region=PARENT_HBN_BULK_LIKE|degree=3|neighbor_elements=N:3|neighbor_types=PARENT_HBN:3
P:423,N,PARENT_HBN,PARENT,PARENT_HBN_BULK_LIKE,3,3,0,0,center=N|type=PARENT_HBN|region=PARENT_HBN_BULK_LIKE|degree=3|neighbor_elements=B:3|neighbor_types=PARENT_HBN:3
P:424,B,PARENT_HBN,PARENT,PARENT_HBN_BULK_LIKE,3,0,3,0,center=B|type=PARENT_HBN|region=PARENT_HBN_BULK_LIKE|degree=3|neighbor_elements=N:3|neighbor_types=PARENT_HBN:3
P:425,N,PARENT_HBN,PARENT,PARENT_HBN_BULK_LIKE,3,3,0,0,center=N|type=PARENT_HBN|region=PARENT_HBN_BULK_LIKE|degree=3|neighbor_elements=B:3|neighbor_types=PARENT_HBN:3
P:426,B,PARENT_HBN,PARENT,PARENT_HBN_BULK_LIKE,3,0,3,0,center=B|type=PARENT_HBN|region=PARENT_HBN_BULK_LIKE|degree=3|neighbor_elements=N:3|neighbor_types=PARENT_HBN:3
P:427,N,PARENT_HBN,PARENT,PARENT_HBN_BULK_LIKE,3,3,0,0,center=N|type=PARENT_HBN|region=PARENT_HBN_BULK_LIKE|degree=3|neighbor_elements=B:3|neighbor_types=PARENT_HBN:3
P:428,B,PARENT_HBN,PARENT,PARENT_HBN_BULK_LIKE,3,0,3,0,center=B|type=PARENT_HBN|region=PARENT_HBN_BULK_LIKE|degree=3|neighbor_elements=N:3|neighbor_types=PARENT_HBN:3
P:429,N,PARENT_HBN,PARENT,PARENT_HBN_BULK_LIKE,3,3,0,0,center=N|type=PARENT_HBN|region=PARENT_HBN_BULK_LIKE|degree=3|neighbor_elements=B:3|neighbor_types=PARENT_HBN:3
P:43,N,PARENT_HBN,PARENT,PARENT_HBN_BULK_LIKE,3,3,0,0,center=N|type=PARENT_HBN|region=PARENT_HBN_BULK_LIKE|degree=3|neighbor_elements=B:3|neighbor_types=PARENT_HBN:3
P:430,B,PARENT_HBN,PARENT,PARENT_HBN_BULK_LIKE,3,0,3,0,center=B|type=PARENT_HBN|region=PARENT_HBN_BULK_LIKE|degree=3|neighbor_elements=N:3|neighbor_types=PARENT_HBN:3
P:431,N,PARENT_HBN,PARENT,PARENT_HBN_BULK_LIKE,3,3,0,0,center=N|type=PARENT_HBN|region=PARENT_HBN_BULK_LIKE|degree=3|neighbor_elements=B:3|neighbor_types=PARENT_HBN:3
P:432,B,PARENT_HBN,PARENT,PARENT_HBN_BULK_LIKE,3,0,3,0,center=B|type=PARENT_HBN|region=PARENT_HBN_BULK_LIKE|degree=3|neighbor_elements=N:3|neighbor_types=PARENT_HBN:3
P:433,N,PARENT_HBN,PARENT,PARENT_HBN_BULK_LIKE,3,3,0,0,center=N|type=PARENT_HBN|region=PARENT_HBN_BULK_LIKE|degree=3|neighbor_elements=B:3|neighbor_types=PARENT_HBN:3
P:434,B,PARENT_HBN,PARENT,PARENT_HBN_BULK_LIKE,3,0,3,0,center=B|type=PARENT_HBN|region=PARENT_HBN_BULK_LIKE|degree=3|neighbor_elements=N:3|neighbor_types=PARENT_HBN:3
P:435,N,PARENT_HBN,PARENT,PARENT_HBN_BULK_LIKE,3,3,0,0,center=N|type=PARENT_HBN|region=PARENT_HBN_BULK_LIKE|degree=3|neighbor_elements=B:3|neighbor_types=PARENT_HBN:3
P:436,B,PARENT_HBN,PARENT,PARENT_HBN_BULK_LIKE,3,0,3,0,center=B|type=PARENT_HBN|region=PARENT_HBN_BULK_LIKE|degree=3|neighbor_elements=N:3|neighbor_types=PARENT_HBN:3
P:437,N,PARENT_HBN,PARENT,PARENT_HBN_BULK_LIKE,3,3,0,0,center=N|type=PARENT_HBN|region=PARENT_HBN_BULK_LIKE|degree=3|neighbor_elements=B:3|neighbor_types=PARENT_HBN:3
P:438,B,PARENT_HBN,PARENT,PARENT_HBN_BULK_LIKE,3,0,3,0,center=B|type=PARENT_HBN|region=PARENT_HBN_BULK_LIKE|degree=3|neighbor_elements=N:3|neighbor_types=PARENT_HBN:3
P:439,N,PARENT_HBN,PARENT,PARENT_HBN_BULK_LIKE,3,3,0,0,center=N|type=PARENT_HBN|region=PARENT_HBN_BULK_LIKE|degree=3|neighbor_elements=B:3|neighbor_types=PARENT_HBN:3
P:44,B,PARENT_HBN,PARENT,PARENT_SEED_ATTACHMENT,3,0,3,0,"center=B|type=PARENT_HBN|region=PARENT_SEED_ATTACHMENT|degree=3|neighbor_elements=N:3|neighbor_types=HEXAGONAL_EDGE_COMPLETION_SEED:2,PARENT_HBN:1"
P:440,B,PARENT_HBN,PARENT,PARENT_HBN_BULK_LIKE,3,0,3,0,center=B|type=PARENT_HBN|region=PARENT_HBN_BULK_LIKE|degree=3|neighbor_elements=N:3|neighbor_types=PARENT_HBN:3
P:441,N,PARENT_HBN,PARENT,PARENT_HBN_BULK_LIKE,3,3,0,0,center=N|type=PARENT_HBN|region=PARENT_HBN_BULK_LIKE|degree=3|neighbor_elements=B:3|neighbor_types=PARENT_HBN:3
P:442,B,PARENT_HBN,PARENT,PARENT_HBN_BULK_LIKE,3,0,3,0,center=B|type=PARENT_HBN|region=PARENT_HBN_BULK_LIKE|degree=3|neighbor_elements=N:3|neighbor_types=PARENT_HBN:3
P:443,N,PARENT_HBN,PARENT,PARENT_HBN_BULK_LIKE,3,3,0,0,center=N|type=PARENT_HBN|region=PARENT_HBN_BULK_LIKE|degree=3|neighbor_elements=B:3|neighbor_types=PARENT_HBN:3
P:444,B,PARENT_HBN,PARENT,PARENT_HBN_BULK_LIKE,3,0,3,0,center=B|type=PARENT_HBN|region=PARENT_HBN_BULK_LIKE|degree=3|neighbor_elements=N:3|neighbor_types=PARENT_HBN:3
P:445,N,PARENT_HBN,PARENT,PARENT_HBN_BULK_LIKE,3,3,0,0,center=N|type=PARENT_HBN|region=PARENT_HBN_BULK_LIKE|degree=3|neighbor_elements=B:3|neighbor_types=PARENT_HBN:3
P:446,B,PARENT_HBN,PARENT,PARENT_HBN_BULK_LIKE,3,0,3,0,center=B|type=PARENT_HBN|region=PARENT_HBN_BULK_LIKE|degree=3|neighbor_elements=N:3|neighbor_types=PARENT_HBN:3
P:447,N,PARENT_HBN,PARENT,PARENT_HBN_BULK_LIKE,3,3,0,0,center=N|type=PARENT_HBN|region=PARENT_HBN_BULK_LIKE|degree=3|neighbor_elements=B:3|neighbor_types=PARENT_HBN:3
P:448,B,PARENT_HBN,PARENT,PARENT_HBN_BULK_LIKE,3,0,3,0,center=B|type=PARENT_HBN|region=PARENT_HBN_BULK_LIKE|degree=3|neighbor_elements=N:3|neighbor_types=PARENT_HBN:3
P:449,N,PARENT_HBN,PARENT,PARENT_HBN_BULK_LIKE,3,3,0,0,center=N|type=PARENT_HBN|region=PARENT_HBN_BULK_LIKE|degree=3|neighbor_elements=B:3|neighbor_types=PARENT_HBN:3
P:45,N,PARENT_HBN,PARENT,PARENT_HBN_BULK_LIKE,3,3,0,0,center=N|type=PARENT_HBN|region=PARENT_HBN_BULK_LIKE|degree=3|neighbor_elements=B:3|neighbor_types=PARENT_HBN:3
P:450,B,PARENT_HBN,PARENT,PARENT_HBN_BULK_LIKE,3,0,3,0,center=B|type=PARENT_HBN|region=PARENT_HBN_BULK_LIKE|degree=3|neighbor_elements=N:3|neighbor_types=PARENT_HBN:3
P:451,N,PARENT_HBN,PARENT,PARENT_HBN_BULK_LIKE,3,3,0,0,center=N|type=PARENT_HBN|region=PARENT_HBN_BULK_LIKE|degree=3|neighbor_elements=B:3|neighbor_types=PARENT_HBN:3
P:452,B,PARENT_HBN,PARENT,PARENT_HBN_BULK_LIKE,3,0,3,0,center=B|type=PARENT_HBN|region=PARENT_HBN_BULK_LIKE|degree=3|neighbor_elements=N:3|neighbor_types=PARENT_HBN:3
P:453,N,PARENT_HBN,PARENT,PARENT_HBN_BULK_LIKE,3,3,0,0,center=N|type=PARENT_HBN|region=PARENT_HBN_BULK_LIKE|degree=3|neighbor_elements=B:3|neighbor_types=PARENT_HBN:3
P:454,B,PARENT_HBN,PARENT,PARENT_HBN_BULK_LIKE,3,0,3,0,center=B|type=PARENT_HBN|region=PARENT_HBN_BULK_LIKE|degree=3|neighbor_elements=N:3|neighbor_types=PARENT_HBN:3
P:455,N,PARENT_HBN,PARENT,PARENT_HBN_BULK_LIKE,3,3,0,0,center=N|type=PARENT_HBN|region=PARENT_HBN_BULK_LIKE|degree=3|neighbor_elements=B:3|neighbor_types=PARENT_HBN:3
P:456,B,PARENT_HBN,PARENT,PARENT_HBN_BULK_LIKE,3,0,3,0,center=B|type=PARENT_HBN|region=PARENT_HBN_BULK_LIKE|degree=3|neighbor_elements=N:3|neighbor_types=PARENT_HBN:3
P:457,N,PARENT_HBN,PARENT,PARENT_HBN_BULK_LIKE,3,3,0,0,center=N|type=PARENT_HBN|region=PARENT_HBN_BULK_LIKE|degree=3|neighbor_elements=B:3|neighbor_types=PARENT_HBN:3
P:458,B,PARENT_HBN,PARENT,PARENT_HBN_BULK_LIKE,3,0,3,0,center=B|type=PARENT_HBN|region=PARENT_HBN_BULK_LIKE|degree=3|neighbor_elements=N:3|neighbor_types=PARENT_HBN:3
P:459,N,PARENT_HBN,PARENT,PARENT_HBN_BULK_LIKE,3,3,0,0,center=N|type=PARENT_HBN|region=PARENT_HBN_BULK_LIKE|degree=3|neighbor_elements=B:3|neighbor_types=PARENT_HBN:3
P:46,B,PARENT_HBN,PARENT,PARENT_SEED_ATTACHMENT,3,0,3,0,"center=B|type=PARENT_HBN|region=PARENT_SEED_ATTACHMENT|degree=3|neighbor_elements=N:3|neighbor_types=HEXAGONAL_EDGE_COMPLETION_SEED:2,PARENT_HBN:1"
P:460,B,PARENT_HBN,PARENT,PARENT_HBN_BULK_LIKE,3,0,3,0,center=B|type=PARENT_HBN|region=PARENT_HBN_BULK_LIKE|degree=3|neighbor_elements=N:3|neighbor_types=PARENT_HBN:3
P:461,N,PARENT_HBN,PARENT,PARENT_HBN_BULK_LIKE,3,3,0,0,center=N|type=PARENT_HBN|region=PARENT_HBN_BULK_LIKE|degree=3|neighbor_elements=B:3|neighbor_types=PARENT_HBN:3
P:462,B,PARENT_HBN,PARENT,PARENT_HBN_BULK_LIKE,3,0,3,0,center=B|type=PARENT_HBN|region=PARENT_HBN_BULK_LIKE|degree=3|neighbor_elements=N:3|neighbor_types=PARENT_HBN:3
P:463,N,PARENT_HBN,PARENT,PARENT_HBN_BULK_LIKE,3,3,0,0,center=N|type=PARENT_HBN|region=PARENT_HBN_BULK_LIKE|degree=3|neighbor_elements=B:3|neighbor_types=PARENT_HBN:3
P:464,B,PARENT_HBN,PARENT,PARENT_HBN_BULK_LIKE,3,0,3,0,center=B|type=PARENT_HBN|region=PARENT_HBN_BULK_LIKE|degree=3|neighbor_elements=N:3|neighbor_types=PARENT_HBN:3
P:465,N,PARENT_HBN,PARENT,PARENT_HBN_BULK_LIKE,3,3,0,0,center=N|type=PARENT_HBN|region=PARENT_HBN_BULK_LIKE|degree=3|neighbor_elements=B:3|neighbor_types=PARENT_HBN:3
P:466,B,PARENT_HBN,PARENT,PARENT_HBN_BULK_LIKE,3,0,3,0,center=B|type=PARENT_HBN|region=PARENT_HBN_BULK_LIKE|degree=3|neighbor_elements=N:3|neighbor_types=PARENT_HBN:3
P:467,N,PARENT_HBN,PARENT,PARENT_HBN_BULK_LIKE,3,3,0,0,center=N|type=PARENT_HBN|region=PARENT_HBN_BULK_LIKE|degree=3|neighbor_elements=B:3|neighbor_types=PARENT_HBN:3
P:468,B,PARENT_HBN,PARENT,PARENT_HBN_BULK_LIKE,3,0,3,0,center=B|type=PARENT_HBN|region=PARENT_HBN_BULK_LIKE|degree=3|neighbor_elements=N:3|neighbor_types=PARENT_HBN:3
P:469,N,PARENT_HBN,PARENT,PARENT_HBN_BULK_LIKE,3,3,0,0,center=N|type=PARENT_HBN|region=PARENT_HBN_BULK_LIKE|degree=3|neighbor_elements=B:3|neighbor_types=PARENT_HBN:3
P:47,N,PARENT_HBN,PARENT,PARENT_HBN_BULK_LIKE,3,3,0,0,center=N|type=PARENT_HBN|region=PARENT_HBN_BULK_LIKE|degree=3|neighbor_elements=B:3|neighbor_types=PARENT_HBN:3
P:470,B,PARENT_HBN,PARENT,PARENT_HBN_BULK_LIKE,3,0,3,0,center=B|type=PARENT_HBN|region=PARENT_HBN_BULK_LIKE|degree=3|neighbor_elements=N:3|neighbor_types=PARENT_HBN:3
P:471,N,PARENT_HBN,PARENT,PARENT_HBN_BULK_LIKE,3,3,0,0,center=N|type=PARENT_HBN|region=PARENT_HBN_BULK_LIKE|degree=3|neighbor_elements=B:3|neighbor_types=PARENT_HBN:3
P:472,B,PARENT_HBN,PARENT,PARENT_HBN_BULK_LIKE,3,0,3,0,center=B|type=PARENT_HBN|region=PARENT_HBN_BULK_LIKE|degree=3|neighbor_elements=N:3|neighbor_types=PARENT_HBN:3
P:473,N,PARENT_HBN,PARENT,PARENT_HBN_BULK_LIKE,3,3,0,0,center=N|type=PARENT_HBN|region=PARENT_HBN_BULK_LIKE|degree=3|neighbor_elements=B:3|neighbor_types=PARENT_HBN:3
P:474,B,PARENT_HBN,PARENT,PARENT_HBN_BULK_LIKE,3,0,3,0,center=B|type=PARENT_HBN|region=PARENT_HBN_BULK_LIKE|degree=3|neighbor_elements=N:3|neighbor_types=PARENT_HBN:3
P:475,N,PARENT_HBN,PARENT,PARENT_HBN_BULK_LIKE,3,3,0,0,center=N|type=PARENT_HBN|region=PARENT_HBN_BULK_LIKE|degree=3|neighbor_elements=B:3|neighbor_types=PARENT_HBN:3
P:476,B,PARENT_HBN,PARENT,PARENT_HBN_BULK_LIKE,3,0,3,0,center=B|type=PARENT_HBN|region=PARENT_HBN_BULK_LIKE|degree=3|neighbor_elements=N:3|neighbor_types=PARENT_HBN:3
P:477,N,PARENT_HBN,PARENT,PARENT_HBN_BULK_LIKE,3,3,0,0,center=N|type=PARENT_HBN|region=PARENT_HBN_BULK_LIKE|degree=3|neighbor_elements=B:3|neighbor_types=PARENT_HBN:3
P:478,B,PARENT_HBN,PARENT,PARENT_HBN_BULK_LIKE,3,0,3,0,center=B|type=PARENT_HBN|region=PARENT_HBN_BULK_LIKE|degree=3|neighbor_elements=N:3|neighbor_types=PARENT_HBN:3
P:479,N,PARENT_HBN,PARENT,PARENT_HBN_BULK_LIKE,3,3,0,0,center=N|type=PARENT_HBN|region=PARENT_HBN_BULK_LIKE|degree=3|neighbor_elements=B:3|neighbor_types=PARENT_HBN:3
P:48,B,PARENT_HBN,PARENT,PARENT_SEED_ATTACHMENT,3,0,3,0,"center=B|type=PARENT_HBN|region=PARENT_SEED_ATTACHMENT|degree=3|neighbor_elements=N:3|neighbor_types=HEXAGONAL_EDGE_COMPLETION_SEED:2,PARENT_HBN:1"
P:480,B,PARENT_HBN,PARENT,PARENT_HBN_BULK_LIKE,3,0,3,0,center=B|type=PARENT_HBN|region=PARENT_HBN_BULK_LIKE|degree=3|neighbor_elements=N:3|neighbor_types=PARENT_HBN:3
P:481,N,PARENT_HBN,PARENT,PARENT_HBN_BULK_LIKE,3,3,0,0,center=N|type=PARENT_HBN|region=PARENT_HBN_BULK_LIKE|degree=3|neighbor_elements=B:3|neighbor_types=PARENT_HBN:3
P:482,B,PARENT_HBN,PARENT,PARENT_HBN_BULK_LIKE,3,0,3,0,center=B|type=PARENT_HBN|region=PARENT_HBN_BULK_LIKE|degree=3|neighbor_elements=N:3|neighbor_types=PARENT_HBN:3
P:483,N,PARENT_HBN,PARENT,PARENT_HBN_BULK_LIKE,3,3,0,0,center=N|type=PARENT_HBN|region=PARENT_HBN_BULK_LIKE|degree=3|neighbor_elements=B:3|neighbor_types=PARENT_HBN:3
P:484,B,PARENT_HBN,PARENT,PARENT_HBN_BULK_LIKE,3,0,3,0,center=B|type=PARENT_HBN|region=PARENT_HBN_BULK_LIKE|degree=3|neighbor_elements=N:3|neighbor_types=PARENT_HBN:3
P:485,N,PARENT_HBN,PARENT,PARENT_HBN_BULK_LIKE,3,3,0,0,center=N|type=PARENT_HBN|region=PARENT_HBN_BULK_LIKE|degree=3|neighbor_elements=B:3|neighbor_types=PARENT_HBN:3
P:486,B,PARENT_HBN,PARENT,PARENT_HBN_BULK_LIKE,3,0,3,0,center=B|type=PARENT_HBN|region=PARENT_HBN_BULK_LIKE|degree=3|neighbor_elements=N:3|neighbor_types=PARENT_HBN:3
P:487,N,PARENT_HBN,PARENT,PARENT_HBN_BULK_LIKE,3,3,0,0,center=N|type=PARENT_HBN|region=PARENT_HBN_BULK_LIKE|degree=3|neighbor_elements=B:3|neighbor_types=PARENT_HBN:3
P:488,B,PARENT_HBN,PARENT,PARENT_HBN_BULK_LIKE,3,0,3,0,center=B|type=PARENT_HBN|region=PARENT_HBN_BULK_LIKE|degree=3|neighbor_elements=N:3|neighbor_types=PARENT_HBN:3
P:489,N,PARENT_HBN,PARENT,PARENT_HBN_BULK_LIKE,3,3,0,0,center=N|type=PARENT_HBN|region=PARENT_HBN_BULK_LIKE|degree=3|neighbor_elements=B:3|neighbor_types=PARENT_HBN:3
P:49,N,PARENT_HBN,PARENT,PARENT_HBN_BULK_LIKE,3,3,0,0,center=N|type=PARENT_HBN|region=PARENT_HBN_BULK_LIKE|degree=3|neighbor_elements=B:3|neighbor_types=PARENT_HBN:3
P:490,B,PARENT_HBN,PARENT,PARENT_HBN_BULK_LIKE,3,0,3,0,center=B|type=PARENT_HBN|region=PARENT_HBN_BULK_LIKE|degree=3|neighbor_elements=N:3|neighbor_types=PARENT_HBN:3
P:491,N,PARENT_HBN,PARENT,PARENT_HBN_BULK_LIKE,3,3,0,0,center=N|type=PARENT_HBN|region=PARENT_HBN_BULK_LIKE|degree=3|neighbor_elements=B:3|neighbor_types=PARENT_HBN:3
P:492,B,PARENT_HBN,PARENT,PARENT_HBN_BULK_LIKE,3,0,3,0,center=B|type=PARENT_HBN|region=PARENT_HBN_BULK_LIKE|degree=3|neighbor_elements=N:3|neighbor_types=PARENT_HBN:3
P:493,N,PARENT_HBN,PARENT,PARENT_HBN_BULK_LIKE,3,3,0,0,center=N|type=PARENT_HBN|region=PARENT_HBN_BULK_LIKE|degree=3|neighbor_elements=B:3|neighbor_types=PARENT_HBN:3
P:494,B,PARENT_HBN,PARENT,PARENT_HBN_BULK_LIKE,3,0,3,0,center=B|type=PARENT_HBN|region=PARENT_HBN_BULK_LIKE|degree=3|neighbor_elements=N:3|neighbor_types=PARENT_HBN:3
P:495,N,PARENT_HBN,PARENT,PARENT_HBN_BULK_LIKE,3,3,0,0,center=N|type=PARENT_HBN|region=PARENT_HBN_BULK_LIKE|degree=3|neighbor_elements=B:3|neighbor_types=PARENT_HBN:3
P:496,B,PARENT_HBN,PARENT,PARENT_HBN_BULK_LIKE,3,0,3,0,center=B|type=PARENT_HBN|region=PARENT_HBN_BULK_LIKE|degree=3|neighbor_elements=N:3|neighbor_types=PARENT_HBN:3
P:497,N,PARENT_HBN,PARENT,PARENT_HBN_BULK_LIKE,3,3,0,0,center=N|type=PARENT_HBN|region=PARENT_HBN_BULK_LIKE|degree=3|neighbor_elements=B:3|neighbor_types=PARENT_HBN:3
P:498,B,PARENT_HBN,PARENT,PARENT_HBN_BULK_LIKE,3,0,3,0,center=B|type=PARENT_HBN|region=PARENT_HBN_BULK_LIKE|degree=3|neighbor_elements=N:3|neighbor_types=PARENT_HBN:3
P:499,N,PARENT_HBN,PARENT,PARENT_HBN_BULK_LIKE,3,3,0,0,center=N|type=PARENT_HBN|region=PARENT_HBN_BULK_LIKE|degree=3|neighbor_elements=B:3|neighbor_types=PARENT_HBN:3
P:5,N,PARENT_HBN,PARENT,PARENT_HBN_BULK_LIKE,3,3,0,0,center=N|type=PARENT_HBN|region=PARENT_HBN_BULK_LIKE|degree=3|neighbor_elements=B:3|neighbor_types=PARENT_HBN:3
P:50,B,PARENT_HBN,PARENT,PARENT_SEED_ATTACHMENT,3,0,3,0,"center=B|type=PARENT_HBN|region=PARENT_SEED_ATTACHMENT|degree=3|neighbor_elements=N:3|neighbor_types=HEXAGONAL_EDGE_COMPLETION_SEED:2,PARENT_HBN:1"
P:500,B,PARENT_HBN,PARENT,PARENT_HBN_BULK_LIKE,3,0,3,0,center=B|type=PARENT_HBN|region=PARENT_HBN_BULK_LIKE|degree=3|neighbor_elements=N:3|neighbor_types=PARENT_HBN:3
P:501,N,PARENT_HBN,PARENT,PARENT_HBN_BULK_LIKE,3,3,0,0,center=N|type=PARENT_HBN|region=PARENT_HBN_BULK_LIKE|degree=3|neighbor_elements=B:3|neighbor_types=PARENT_HBN:3
P:502,B,PARENT_HBN,PARENT,PARENT_HBN_BULK_LIKE,3,0,3,0,center=B|type=PARENT_HBN|region=PARENT_HBN_BULK_LIKE|degree=3|neighbor_elements=N:3|neighbor_types=PARENT_HBN:3
P:503,N,PARENT_HBN,PARENT,PARENT_HBN_BULK_LIKE,3,3,0,0,center=N|type=PARENT_HBN|region=PARENT_HBN_BULK_LIKE|degree=3|neighbor_elements=B:3|neighbor_types=PARENT_HBN:3
P:504,B,PARENT_HBN,PARENT,PARENT_HBN_BULK_LIKE,3,0,3,0,center=B|type=PARENT_HBN|region=PARENT_HBN_BULK_LIKE|degree=3|neighbor_elements=N:3|neighbor_types=PARENT_HBN:3
P:505,N,PARENT_HBN,PARENT,PARENT_HBN_BULK_LIKE,3,3,0,0,center=N|type=PARENT_HBN|region=PARENT_HBN_BULK_LIKE|degree=3|neighbor_elements=B:3|neighbor_types=PARENT_HBN:3
P:506,B,PARENT_HBN,PARENT,PARENT_HBN_BULK_LIKE,3,0,3,0,center=B|type=PARENT_HBN|region=PARENT_HBN_BULK_LIKE|degree=3|neighbor_elements=N:3|neighbor_types=PARENT_HBN:3
P:507,N,PARENT_HBN,PARENT,PARENT_HBN_BULK_LIKE,3,3,0,0,center=N|type=PARENT_HBN|region=PARENT_HBN_BULK_LIKE|degree=3|neighbor_elements=B:3|neighbor_types=PARENT_HBN:3
P:508,B,PARENT_HBN,PARENT,PARENT_HBN_BULK_LIKE,3,0,3,0,center=B|type=PARENT_HBN|region=PARENT_HBN_BULK_LIKE|degree=3|neighbor_elements=N:3|neighbor_types=PARENT_HBN:3
P:509,N,PARENT_HBN,PARENT,PARENT_HBN_BULK_LIKE,3,3,0,0,center=N|type=PARENT_HBN|region=PARENT_HBN_BULK_LIKE|degree=3|neighbor_elements=B:3|neighbor_types=PARENT_HBN:3
P:51,N,PARENT_HBN,PARENT,PARENT_HBN_BULK_LIKE,3,3,0,0,center=N|type=PARENT_HBN|region=PARENT_HBN_BULK_LIKE|degree=3|neighbor_elements=B:3|neighbor_types=PARENT_HBN:3
P:510,B,PARENT_HBN,PARENT,PARENT_HBN_BULK_LIKE,3,0,3,0,center=B|type=PARENT_HBN|region=PARENT_HBN_BULK_LIKE|degree=3|neighbor_elements=N:3|neighbor_types=PARENT_HBN:3
P:511,N,PARENT_HBN,PARENT,PARENT_HBN_BULK_LIKE,3,3,0,0,center=N|type=PARENT_HBN|region=PARENT_HBN_BULK_LIKE|degree=3|neighbor_elements=B:3|neighbor_types=PARENT_HBN:3
P:512,B,PARENT_HBN,PARENT,PARENT_HBN_BULK_LIKE,3,0,3,0,center=B|type=PARENT_HBN|region=PARENT_HBN_BULK_LIKE|degree=3|neighbor_elements=N:3|neighbor_types=PARENT_HBN:3
P:513,N,PARENT_HBN,PARENT,PARENT_HBN_BULK_LIKE,3,3,0,0,center=N|type=PARENT_HBN|region=PARENT_HBN_BULK_LIKE|degree=3|neighbor_elements=B:3|neighbor_types=PARENT_HBN:3
P:514,B,PARENT_HBN,PARENT,PARENT_HBN_BULK_LIKE,3,0,3,0,center=B|type=PARENT_HBN|region=PARENT_HBN_BULK_LIKE|degree=3|neighbor_elements=N:3|neighbor_types=PARENT_HBN:3
P:515,N,PARENT_HBN,PARENT,PARENT_HBN_BULK_LIKE,3,3,0,0,center=N|type=PARENT_HBN|region=PARENT_HBN_BULK_LIKE|degree=3|neighbor_elements=B:3|neighbor_types=PARENT_HBN:3
P:516,B,PARENT_HBN,PARENT,PARENT_HBN_BULK_LIKE,3,0,3,0,center=B|type=PARENT_HBN|region=PARENT_HBN_BULK_LIKE|degree=3|neighbor_elements=N:3|neighbor_types=PARENT_HBN:3
P:517,N,PARENT_HBN,PARENT,PARENT_HBN_BULK_LIKE,3,3,0,0,center=N|type=PARENT_HBN|region=PARENT_HBN_BULK_LIKE|degree=3|neighbor_elements=B:3|neighbor_types=PARENT_HBN:3
P:518,B,PARENT_HBN,PARENT,PARENT_HBN_BULK_LIKE,3,0,3,0,center=B|type=PARENT_HBN|region=PARENT_HBN_BULK_LIKE|degree=3|neighbor_elements=N:3|neighbor_types=PARENT_HBN:3
P:519,N,PARENT_HBN,PARENT,PARENT_HBN_BULK_LIKE,3,3,0,0,center=N|type=PARENT_HBN|region=PARENT_HBN_BULK_LIKE|degree=3|neighbor_elements=B:3|neighbor_types=PARENT_HBN:3
P:52,B,PARENT_HBN,PARENT,PARENT_SEED_ATTACHMENT,3,0,3,0,"center=B|type=PARENT_HBN|region=PARENT_SEED_ATTACHMENT|degree=3|neighbor_elements=N:3|neighbor_types=HEXAGONAL_EDGE_COMPLETION_SEED:2,PARENT_HBN:1"
P:520,B,PARENT_HBN,PARENT,PARENT_HBN_BULK_LIKE,3,0,3,0,center=B|type=PARENT_HBN|region=PARENT_HBN_BULK_LIKE|degree=3|neighbor_elements=N:3|neighbor_types=PARENT_HBN:3
P:521,N,PARENT_HBN,PARENT,PARENT_HBN_BULK_LIKE,3,3,0,0,center=N|type=PARENT_HBN|region=PARENT_HBN_BULK_LIKE|degree=3|neighbor_elements=B:3|neighbor_types=PARENT_HBN:3
P:522,B,PARENT_HBN,PARENT,PARENT_HBN_BULK_LIKE,3,0,3,0,center=B|type=PARENT_HBN|region=PARENT_HBN_BULK_LIKE|degree=3|neighbor_elements=N:3|neighbor_types=PARENT_HBN:3
P:523,N,PARENT_HBN,PARENT,PARENT_HBN_BULK_LIKE,3,3,0,0,center=N|type=PARENT_HBN|region=PARENT_HBN_BULK_LIKE|degree=3|neighbor_elements=B:3|neighbor_types=PARENT_HBN:3
P:524,B,PARENT_HBN,PARENT,PARENT_HBN_BULK_LIKE,3,0,3,0,center=B|type=PARENT_HBN|region=PARENT_HBN_BULK_LIKE|degree=3|neighbor_elements=N:3|neighbor_types=PARENT_HBN:3
P:525,N,PARENT_HBN,PARENT,PARENT_HBN_BULK_LIKE,3,3,0,0,center=N|type=PARENT_HBN|region=PARENT_HBN_BULK_LIKE|degree=3|neighbor_elements=B:3|neighbor_types=PARENT_HBN:3
P:526,B,PARENT_HBN,PARENT,PARENT_HBN_BULK_LIKE,3,0,3,0,center=B|type=PARENT_HBN|region=PARENT_HBN_BULK_LIKE|degree=3|neighbor_elements=N:3|neighbor_types=PARENT_HBN:3
P:527,N,PARENT_HBN,PARENT,PARENT_HBN_BULK_LIKE,3,3,0,0,center=N|type=PARENT_HBN|region=PARENT_HBN_BULK_LIKE|degree=3|neighbor_elements=B:3|neighbor_types=PARENT_HBN:3
P:528,B,PARENT_HBN,PARENT,PARENT_HBN_BULK_LIKE,3,0,3,0,center=B|type=PARENT_HBN|region=PARENT_HBN_BULK_LIKE|degree=3|neighbor_elements=N:3|neighbor_types=PARENT_HBN:3
P:529,N,PARENT_HBN,PARENT,PARENT_HBN_BULK_LIKE,3,3,0,0,center=N|type=PARENT_HBN|region=PARENT_HBN_BULK_LIKE|degree=3|neighbor_elements=B:3|neighbor_types=PARENT_HBN:3
P:53,N,PARENT_HBN,PARENT,PARENT_HBN_BULK_LIKE,3,3,0,0,center=N|type=PARENT_HBN|region=PARENT_HBN_BULK_LIKE|degree=3|neighbor_elements=B:3|neighbor_types=PARENT_HBN:3
P:530,B,PARENT_HBN,PARENT,PARENT_HBN_BULK_LIKE,3,0,3,0,center=B|type=PARENT_HBN|region=PARENT_HBN_BULK_LIKE|degree=3|neighbor_elements=N:3|neighbor_types=PARENT_HBN:3
P:531,N,PARENT_HBN,PARENT,PARENT_HBN_BULK_LIKE,3,3,0,0,center=N|type=PARENT_HBN|region=PARENT_HBN_BULK_LIKE|degree=3|neighbor_elements=B:3|neighbor_types=PARENT_HBN:3
P:532,B,PARENT_HBN,PARENT,PARENT_HBN_BULK_LIKE,3,0,3,0,center=B|type=PARENT_HBN|region=PARENT_HBN_BULK_LIKE|degree=3|neighbor_elements=N:3|neighbor_types=PARENT_HBN:3
P:533,N,PARENT_HBN,PARENT,PARENT_HBN_BULK_LIKE,3,3,0,0,center=N|type=PARENT_HBN|region=PARENT_HBN_BULK_LIKE|degree=3|neighbor_elements=B:3|neighbor_types=PARENT_HBN:3
P:534,B,PARENT_HBN,PARENT,PARENT_HBN_BULK_LIKE,3,0,3,0,center=B|type=PARENT_HBN|region=PARENT_HBN_BULK_LIKE|degree=3|neighbor_elements=N:3|neighbor_types=PARENT_HBN:3
P:535,N,PARENT_HBN,PARENT,PARENT_HBN_BULK_LIKE,3,3,0,0,center=N|type=PARENT_HBN|region=PARENT_HBN_BULK_LIKE|degree=3|neighbor_elements=B:3|neighbor_types=PARENT_HBN:3
P:536,B,PARENT_HBN,PARENT,PARENT_HBN_BULK_LIKE,3,0,3,0,center=B|type=PARENT_HBN|region=PARENT_HBN_BULK_LIKE|degree=3|neighbor_elements=N:3|neighbor_types=PARENT_HBN:3
P:537,N,PARENT_HBN,PARENT,PARENT_HBN_BULK_LIKE,3,3,0,0,center=N|type=PARENT_HBN|region=PARENT_HBN_BULK_LIKE|degree=3|neighbor_elements=B:3|neighbor_types=PARENT_HBN:3
P:538,B,PARENT_HBN,PARENT,PARENT_HBN_BULK_LIKE,3,0,3,0,center=B|type=PARENT_HBN|region=PARENT_HBN_BULK_LIKE|degree=3|neighbor_elements=N:3|neighbor_types=PARENT_HBN:3
P:539,N,PARENT_HBN,PARENT,PARENT_HBN_BULK_LIKE,3,3,0,0,center=N|type=PARENT_HBN|region=PARENT_HBN_BULK_LIKE|degree=3|neighbor_elements=B:3|neighbor_types=PARENT_HBN:3
P:54,B,PARENT_HBN,PARENT,PARENT_SEED_ATTACHMENT,3,0,3,0,"center=B|type=PARENT_HBN|region=PARENT_SEED_ATTACHMENT|degree=3|neighbor_elements=N:3|neighbor_types=HEXAGONAL_EDGE_COMPLETION_SEED:2,PARENT_HBN:1"
P:540,B,PARENT_HBN,PARENT,PARENT_HBN_BULK_LIKE,3,0,3,0,center=B|type=PARENT_HBN|region=PARENT_HBN_BULK_LIKE|degree=3|neighbor_elements=N:3|neighbor_types=PARENT_HBN:3
P:541,N,PARENT_HBN,PARENT,PARENT_HBN_BULK_LIKE,3,3,0,0,center=N|type=PARENT_HBN|region=PARENT_HBN_BULK_LIKE|degree=3|neighbor_elements=B:3|neighbor_types=PARENT_HBN:3
P:542,B,PARENT_HBN,PARENT,PARENT_HBN_BULK_LIKE,3,0,3,0,center=B|type=PARENT_HBN|region=PARENT_HBN_BULK_LIKE|degree=3|neighbor_elements=N:3|neighbor_types=PARENT_HBN:3
P:543,N,PARENT_HBN,PARENT,PARENT_HBN_BULK_LIKE,3,3,0,0,center=N|type=PARENT_HBN|region=PARENT_HBN_BULK_LIKE|degree=3|neighbor_elements=B:3|neighbor_types=PARENT_HBN:3
P:544,B,PARENT_HBN,PARENT,PARENT_HBN_BULK_LIKE,3,0,3,0,center=B|type=PARENT_HBN|region=PARENT_HBN_BULK_LIKE|degree=3|neighbor_elements=N:3|neighbor_types=PARENT_HBN:3
P:545,N,PARENT_HBN,PARENT,PARENT_HBN_BULK_LIKE,3,3,0,0,center=N|type=PARENT_HBN|region=PARENT_HBN_BULK_LIKE|degree=3|neighbor_elements=B:3|neighbor_types=PARENT_HBN:3
P:546,B,PARENT_HBN,PARENT,PARENT_HBN_BULK_LIKE,3,0,3,0,center=B|type=PARENT_HBN|region=PARENT_HBN_BULK_LIKE|degree=3|neighbor_elements=N:3|neighbor_types=PARENT_HBN:3
P:547,N,PARENT_HBN,PARENT,PARENT_HBN_BULK_LIKE,3,3,0,0,center=N|type=PARENT_HBN|region=PARENT_HBN_BULK_LIKE|degree=3|neighbor_elements=B:3|neighbor_types=PARENT_HBN:3
P:548,B,PARENT_HBN,PARENT,PARENT_HBN_BULK_LIKE,3,0,3,0,center=B|type=PARENT_HBN|region=PARENT_HBN_BULK_LIKE|degree=3|neighbor_elements=N:3|neighbor_types=PARENT_HBN:3
P:549,N,PARENT_HBN,PARENT,PARENT_HBN_BULK_LIKE,3,3,0,0,center=N|type=PARENT_HBN|region=PARENT_HBN_BULK_LIKE|degree=3|neighbor_elements=B:3|neighbor_types=PARENT_HBN:3
P:55,N,PARENT_HBN,PARENT,PARENT_HBN_BULK_LIKE,3,3,0,0,center=N|type=PARENT_HBN|region=PARENT_HBN_BULK_LIKE|degree=3|neighbor_elements=B:3|neighbor_types=PARENT_HBN:3
P:550,B,PARENT_HBN,PARENT,PARENT_HBN_BULK_LIKE,3,0,3,0,center=B|type=PARENT_HBN|region=PARENT_HBN_BULK_LIKE|degree=3|neighbor_elements=N:3|neighbor_types=PARENT_HBN:3
P:551,N,PARENT_HBN,PARENT,PARENT_HBN_BULK_LIKE,3,3,0,0,center=N|type=PARENT_HBN|region=PARENT_HBN_BULK_LIKE|degree=3|neighbor_elements=B:3|neighbor_types=PARENT_HBN:3
P:552,B,PARENT_HBN,PARENT,PARENT_HBN_BULK_LIKE,3,0,3,0,center=B|type=PARENT_HBN|region=PARENT_HBN_BULK_LIKE|degree=3|neighbor_elements=N:3|neighbor_types=PARENT_HBN:3
P:553,N,PARENT_HBN,PARENT,PARENT_HBN_BULK_LIKE,3,3,0,0,center=N|type=PARENT_HBN|region=PARENT_HBN_BULK_LIKE|degree=3|neighbor_elements=B:3|neighbor_types=PARENT_HBN:3
P:554,B,PARENT_HBN,PARENT,PARENT_HBN_BULK_LIKE,3,0,3,0,center=B|type=PARENT_HBN|region=PARENT_HBN_BULK_LIKE|degree=3|neighbor_elements=N:3|neighbor_types=PARENT_HBN:3
P:555,N,PARENT_HBN,PARENT,PARENT_HBN_BULK_LIKE,3,3,0,0,center=N|type=PARENT_HBN|region=PARENT_HBN_BULK_LIKE|degree=3|neighbor_elements=B:3|neighbor_types=PARENT_HBN:3
P:556,B,PARENT_HBN,PARENT,PARENT_HBN_BULK_LIKE,3,0,3,0,center=B|type=PARENT_HBN|region=PARENT_HBN_BULK_LIKE|degree=3|neighbor_elements=N:3|neighbor_types=PARENT_HBN:3
P:557,N,PARENT_HBN,PARENT,PARENT_HBN_BULK_LIKE,3,3,0,0,center=N|type=PARENT_HBN|region=PARENT_HBN_BULK_LIKE|degree=3|neighbor_elements=B:3|neighbor_types=PARENT_HBN:3
P:558,B,PARENT_HBN,PARENT,PARENT_HBN_BULK_LIKE,3,0,3,0,center=B|type=PARENT_HBN|region=PARENT_HBN_BULK_LIKE|degree=3|neighbor_elements=N:3|neighbor_types=PARENT_HBN:3
P:559,N,PARENT_HBN,PARENT,PARENT_HBN_BULK_LIKE,3,3,0,0,center=N|type=PARENT_HBN|region=PARENT_HBN_BULK_LIKE|degree=3|neighbor_elements=B:3|neighbor_types=PARENT_HBN:3
P:56,B,PARENT_HBN,PARENT,PARENT_SEED_ATTACHMENT,3,0,3,0,"center=B|type=PARENT_HBN|region=PARENT_SEED_ATTACHMENT|degree=3|neighbor_elements=N:3|neighbor_types=HEXAGONAL_EDGE_COMPLETION_SEED:2,PARENT_HBN:1"
P:560,B,PARENT_HBN,PARENT,PARENT_HBN_BULK_LIKE,3,0,3,0,center=B|type=PARENT_HBN|region=PARENT_HBN_BULK_LIKE|degree=3|neighbor_elements=N:3|neighbor_types=PARENT_HBN:3
P:561,N,PARENT_HBN,PARENT,PARENT_HBN_BULK_LIKE,3,3,0,0,center=N|type=PARENT_HBN|region=PARENT_HBN_BULK_LIKE|degree=3|neighbor_elements=B:3|neighbor_types=PARENT_HBN:3
P:562,B,PARENT_HBN,PARENT,PARENT_HBN_BULK_LIKE,3,0,3,0,center=B|type=PARENT_HBN|region=PARENT_HBN_BULK_LIKE|degree=3|neighbor_elements=N:3|neighbor_types=PARENT_HBN:3
P:563,N,PARENT_HBN,PARENT,PARENT_HBN_BULK_LIKE,3,3,0,0,center=N|type=PARENT_HBN|region=PARENT_HBN_BULK_LIKE|degree=3|neighbor_elements=B:3|neighbor_types=PARENT_HBN:3
P:564,B,PARENT_HBN,PARENT,PARENT_HBN_BULK_LIKE,3,0,3,0,center=B|type=PARENT_HBN|region=PARENT_HBN_BULK_LIKE|degree=3|neighbor_elements=N:3|neighbor_types=PARENT_HBN:3
P:565,N,PARENT_HBN,PARENT,PARENT_HBN_BULK_LIKE,3,3,0,0,center=N|type=PARENT_HBN|region=PARENT_HBN_BULK_LIKE|degree=3|neighbor_elements=B:3|neighbor_types=PARENT_HBN:3
P:566,B,PARENT_HBN,PARENT,PARENT_HBN_BULK_LIKE,3,0,3,0,center=B|type=PARENT_HBN|region=PARENT_HBN_BULK_LIKE|degree=3|neighbor_elements=N:3|neighbor_types=PARENT_HBN:3
P:567,N,PARENT_HBN,PARENT,PARENT_HBN_BULK_LIKE,3,3,0,0,center=N|type=PARENT_HBN|region=PARENT_HBN_BULK_LIKE|degree=3|neighbor_elements=B:3|neighbor_types=PARENT_HBN:3
P:568,B,PARENT_HBN,PARENT,PARENT_HBN_BULK_LIKE,3,0,3,0,center=B|type=PARENT_HBN|region=PARENT_HBN_BULK_LIKE|degree=3|neighbor_elements=N:3|neighbor_types=PARENT_HBN:3
P:569,N,PARENT_HBN,PARENT,PARENT_HBN_BULK_LIKE,3,3,0,0,center=N|type=PARENT_HBN|region=PARENT_HBN_BULK_LIKE|degree=3|neighbor_elements=B:3|neighbor_types=PARENT_HBN:3
P:57,N,PARENT_HBN,PARENT,PARENT_HBN_BULK_LIKE,3,3,0,0,center=N|type=PARENT_HBN|region=PARENT_HBN_BULK_LIKE|degree=3|neighbor_elements=B:3|neighbor_types=PARENT_HBN:3
P:570,B,PARENT_HBN,PARENT,PARENT_HBN_BULK_LIKE,3,0,3,0,center=B|type=PARENT_HBN|region=PARENT_HBN_BULK_LIKE|degree=3|neighbor_elements=N:3|neighbor_types=PARENT_HBN:3
P:571,N,PARENT_HBN,PARENT,PARENT_HBN_BULK_LIKE,3,3,0,0,center=N|type=PARENT_HBN|region=PARENT_HBN_BULK_LIKE|degree=3|neighbor_elements=B:3|neighbor_types=PARENT_HBN:3
P:572,B,PARENT_HBN,PARENT,PARENT_HBN_BULK_LIKE,3,0,3,0,center=B|type=PARENT_HBN|region=PARENT_HBN_BULK_LIKE|degree=3|neighbor_elements=N:3|neighbor_types=PARENT_HBN:3
P:573,N,PARENT_HBN,PARENT,PARENT_HBN_BULK_LIKE,3,3,0,0,center=N|type=PARENT_HBN|region=PARENT_HBN_BULK_LIKE|degree=3|neighbor_elements=B:3|neighbor_types=PARENT_HBN:3
P:574,B,PARENT_HBN,PARENT,PARENT_HBN_BULK_LIKE,3,0,3,0,center=B|type=PARENT_HBN|region=PARENT_HBN_BULK_LIKE|degree=3|neighbor_elements=N:3|neighbor_types=PARENT_HBN:3
P:575,N,PARENT_HBN,PARENT,PARENT_HBN_BULK_LIKE,3,3,0,0,center=N|type=PARENT_HBN|region=PARENT_HBN_BULK_LIKE|degree=3|neighbor_elements=B:3|neighbor_types=PARENT_HBN:3
P:576,B,PARENT_HBN,PARENT,PARENT_HBN_BULK_LIKE,3,0,3,0,center=B|type=PARENT_HBN|region=PARENT_HBN_BULK_LIKE|degree=3|neighbor_elements=N:3|neighbor_types=PARENT_HBN:3
P:577,N,PARENT_HBN,PARENT,PARENT_HBN_BULK_LIKE,3,3,0,0,center=N|type=PARENT_HBN|region=PARENT_HBN_BULK_LIKE|degree=3|neighbor_elements=B:3|neighbor_types=PARENT_HBN:3
P:578,B,PARENT_HBN,PARENT,PARENT_HBN_BULK_LIKE,3,0,3,0,center=B|type=PARENT_HBN|region=PARENT_HBN_BULK_LIKE|degree=3|neighbor_elements=N:3|neighbor_types=PARENT_HBN:3
P:579,N,PARENT_HBN,PARENT,PARENT_HBN_BULK_LIKE,3,3,0,0,center=N|type=PARENT_HBN|region=PARENT_HBN_BULK_LIKE|degree=3|neighbor_elements=B:3|neighbor_types=PARENT_HBN:3
P:58,B,PARENT_HBN,PARENT,PARENT_SEED_ATTACHMENT,3,0,3,0,"center=B|type=PARENT_HBN|region=PARENT_SEED_ATTACHMENT|degree=3|neighbor_elements=N:3|neighbor_types=HEXAGONAL_EDGE_COMPLETION_SEED:2,PARENT_HBN:1"
P:580,B,PARENT_HBN,PARENT,PARENT_HBN_BULK_LIKE,3,0,3,0,center=B|type=PARENT_HBN|region=PARENT_HBN_BULK_LIKE|degree=3|neighbor_elements=N:3|neighbor_types=PARENT_HBN:3
P:581,N,PARENT_HBN,PARENT,PARENT_HBN_BULK_LIKE,3,3,0,0,center=N|type=PARENT_HBN|region=PARENT_HBN_BULK_LIKE|degree=3|neighbor_elements=B:3|neighbor_types=PARENT_HBN:3
P:582,B,PARENT_HBN,PARENT,PARENT_HBN_BULK_LIKE,3,0,3,0,center=B|type=PARENT_HBN|region=PARENT_HBN_BULK_LIKE|degree=3|neighbor_elements=N:3|neighbor_types=PARENT_HBN:3
P:583,N,PARENT_HBN,PARENT,PARENT_HBN_BULK_LIKE,3,3,0,0,center=N|type=PARENT_HBN|region=PARENT_HBN_BULK_LIKE|degree=3|neighbor_elements=B:3|neighbor_types=PARENT_HBN:3
P:584,B,PARENT_HBN,PARENT,PARENT_HBN_BULK_LIKE,3,0,3,0,center=B|type=PARENT_HBN|region=PARENT_HBN_BULK_LIKE|degree=3|neighbor_elements=N:3|neighbor_types=PARENT_HBN:3
P:585,N,PARENT_HBN,PARENT,PARENT_HBN_BULK_LIKE,3,3,0,0,center=N|type=PARENT_HBN|region=PARENT_HBN_BULK_LIKE|degree=3|neighbor_elements=B:3|neighbor_types=PARENT_HBN:3
P:586,B,PARENT_HBN,PARENT,PARENT_HBN_BULK_LIKE,3,0,3,0,center=B|type=PARENT_HBN|region=PARENT_HBN_BULK_LIKE|degree=3|neighbor_elements=N:3|neighbor_types=PARENT_HBN:3
P:587,N,PARENT_HBN,PARENT,PARENT_HBN_BULK_LIKE,3,3,0,0,center=N|type=PARENT_HBN|region=PARENT_HBN_BULK_LIKE|degree=3|neighbor_elements=B:3|neighbor_types=PARENT_HBN:3
P:588,B,PARENT_HBN,PARENT,PARENT_HBN_BULK_LIKE,3,0,3,0,center=B|type=PARENT_HBN|region=PARENT_HBN_BULK_LIKE|degree=3|neighbor_elements=N:3|neighbor_types=PARENT_HBN:3
P:589,N,PARENT_HBN,PARENT,PARENT_HBN_BULK_LIKE,3,3,0,0,center=N|type=PARENT_HBN|region=PARENT_HBN_BULK_LIKE|degree=3|neighbor_elements=B:3|neighbor_types=PARENT_HBN:3
P:59,N,PARENT_HBN,PARENT,PARENT_HBN_BULK_LIKE,3,3,0,0,center=N|type=PARENT_HBN|region=PARENT_HBN_BULK_LIKE|degree=3|neighbor_elements=B:3|neighbor_types=PARENT_HBN:3
P:590,B,PARENT_HBN,PARENT,PARENT_HBN_BULK_LIKE,3,0,3,0,center=B|type=PARENT_HBN|region=PARENT_HBN_BULK_LIKE|degree=3|neighbor_elements=N:3|neighbor_types=PARENT_HBN:3
P:591,N,PARENT_HBN,PARENT,PARENT_HBN_BULK_LIKE,3,3,0,0,center=N|type=PARENT_HBN|region=PARENT_HBN_BULK_LIKE|degree=3|neighbor_elements=B:3|neighbor_types=PARENT_HBN:3
P:592,B,PARENT_HBN,PARENT,PARENT_HBN_BULK_LIKE,3,0,3,0,center=B|type=PARENT_HBN|region=PARENT_HBN_BULK_LIKE|degree=3|neighbor_elements=N:3|neighbor_types=PARENT_HBN:3
P:593,N,PARENT_HBN,PARENT,PARENT_HBN_BULK_LIKE,3,3,0,0,center=N|type=PARENT_HBN|region=PARENT_HBN_BULK_LIKE|degree=3|neighbor_elements=B:3|neighbor_types=PARENT_HBN:3
P:594,B,PARENT_HBN,PARENT,PARENT_HBN_BULK_LIKE,3,0,3,0,center=B|type=PARENT_HBN|region=PARENT_HBN_BULK_LIKE|degree=3|neighbor_elements=N:3|neighbor_types=PARENT_HBN:3
P:595,N,PARENT_HBN,PARENT,PARENT_HBN_BULK_LIKE,3,3,0,0,center=N|type=PARENT_HBN|region=PARENT_HBN_BULK_LIKE|degree=3|neighbor_elements=B:3|neighbor_types=PARENT_HBN:3
P:596,B,PARENT_HBN,PARENT,PARENT_HBN_BULK_LIKE,3,0,3,0,center=B|type=PARENT_HBN|region=PARENT_HBN_BULK_LIKE|degree=3|neighbor_elements=N:3|neighbor_types=PARENT_HBN:3
P:597,N,PARENT_HBN,PARENT,PARENT_HBN_BULK_LIKE,3,3,0,0,center=N|type=PARENT_HBN|region=PARENT_HBN_BULK_LIKE|degree=3|neighbor_elements=B:3|neighbor_types=PARENT_HBN:3
P:598,B,PARENT_HBN,PARENT,PARENT_HBN_BULK_LIKE,3,0,3,0,center=B|type=PARENT_HBN|region=PARENT_HBN_BULK_LIKE|degree=3|neighbor_elements=N:3|neighbor_types=PARENT_HBN:3
P:599,N,PARENT_HBN,PARENT,PARENT_HBN_BULK_LIKE,3,3,0,0,center=N|type=PARENT_HBN|region=PARENT_HBN_BULK_LIKE|degree=3|neighbor_elements=B:3|neighbor_types=PARENT_HBN:3
P:6,B,PARENT_HBN,PARENT,PARENT_SEED_ATTACHMENT,3,0,3,0,"center=B|type=PARENT_HBN|region=PARENT_SEED_ATTACHMENT|degree=3|neighbor_elements=N:3|neighbor_types=HEXAGONAL_EDGE_COMPLETION_SEED:2,PARENT_HBN:1"
P:60,B,PARENT_HBN,PARENT,PARENT_HBN_BULK_LIKE,3,0,3,0,center=B|type=PARENT_HBN|region=PARENT_HBN_BULK_LIKE|degree=3|neighbor_elements=N:3|neighbor_types=PARENT_HBN:3
P:600,B,PARENT_HBN,PARENT,PARENT_HBN_BULK_LIKE,3,0,3,0,center=B|type=PARENT_HBN|region=PARENT_HBN_BULK_LIKE|degree=3|neighbor_elements=N:3|neighbor_types=PARENT_HBN:3
P:601,N,PARENT_HBN,PARENT,PARENT_HBN_BULK_LIKE,3,3,0,0,center=N|type=PARENT_HBN|region=PARENT_HBN_BULK_LIKE|degree=3|neighbor_elements=B:3|neighbor_types=PARENT_HBN:3
P:602,B,PARENT_HBN,PARENT,PARENT_HBN_BULK_LIKE,3,0,3,0,center=B|type=PARENT_HBN|region=PARENT_HBN_BULK_LIKE|degree=3|neighbor_elements=N:3|neighbor_types=PARENT_HBN:3
P:603,N,PARENT_HBN,PARENT,PARENT_HBN_BULK_LIKE,3,3,0,0,center=N|type=PARENT_HBN|region=PARENT_HBN_BULK_LIKE|degree=3|neighbor_elements=B:3|neighbor_types=PARENT_HBN:3
P:604,B,PARENT_HBN,PARENT,PARENT_HBN_BULK_LIKE,3,0,3,0,center=B|type=PARENT_HBN|region=PARENT_HBN_BULK_LIKE|degree=3|neighbor_elements=N:3|neighbor_types=PARENT_HBN:3
P:605,N,PARENT_HBN,PARENT,PARENT_HBN_BULK_LIKE,3,3,0,0,center=N|type=PARENT_HBN|region=PARENT_HBN_BULK_LIKE|degree=3|neighbor_elements=B:3|neighbor_types=PARENT_HBN:3
P:606,B,PARENT_HBN,PARENT,PARENT_HBN_BULK_LIKE,3,0,3,0,center=B|type=PARENT_HBN|region=PARENT_HBN_BULK_LIKE|degree=3|neighbor_elements=N:3|neighbor_types=PARENT_HBN:3
P:607,N,PARENT_HBN,PARENT,PARENT_HBN_BULK_LIKE,3,3,0,0,center=N|type=PARENT_HBN|region=PARENT_HBN_BULK_LIKE|degree=3|neighbor_elements=B:3|neighbor_types=PARENT_HBN:3
P:608,B,PARENT_HBN,PARENT,PARENT_HBN_BULK_LIKE,3,0,3,0,center=B|type=PARENT_HBN|region=PARENT_HBN_BULK_LIKE|degree=3|neighbor_elements=N:3|neighbor_types=PARENT_HBN:3
P:609,N,PARENT_HBN,PARENT,PARENT_HBN_BULK_LIKE,3,3,0,0,center=N|type=PARENT_HBN|region=PARENT_HBN_BULK_LIKE|degree=3|neighbor_elements=B:3|neighbor_types=PARENT_HBN:3
P:61,N,PARENT_HBN,PARENT,PARENT_HBN_BULK_LIKE,3,3,0,0,center=N|type=PARENT_HBN|region=PARENT_HBN_BULK_LIKE|degree=3|neighbor_elements=B:3|neighbor_types=PARENT_HBN:3
P:610,B,PARENT_HBN,PARENT,PARENT_HBN_BULK_LIKE,3,0,3,0,center=B|type=PARENT_HBN|region=PARENT_HBN_BULK_LIKE|degree=3|neighbor_elements=N:3|neighbor_types=PARENT_HBN:3
P:611,N,PARENT_HBN,PARENT,PARENT_HBN_BULK_LIKE,3,3,0,0,center=N|type=PARENT_HBN|region=PARENT_HBN_BULK_LIKE|degree=3|neighbor_elements=B:3|neighbor_types=PARENT_HBN:3
P:612,B,PARENT_HBN,PARENT,PARENT_HBN_BULK_LIKE,3,0,3,0,center=B|type=PARENT_HBN|region=PARENT_HBN_BULK_LIKE|degree=3|neighbor_elements=N:3|neighbor_types=PARENT_HBN:3
P:613,N,PARENT_HBN,PARENT,PARENT_HBN_BULK_LIKE,3,3,0,0,center=N|type=PARENT_HBN|region=PARENT_HBN_BULK_LIKE|degree=3|neighbor_elements=B:3|neighbor_types=PARENT_HBN:3
P:614,B,PARENT_HBN,PARENT,PARENT_HBN_BULK_LIKE,3,0,3,0,center=B|type=PARENT_HBN|region=PARENT_HBN_BULK_LIKE|degree=3|neighbor_elements=N:3|neighbor_types=PARENT_HBN:3
P:615,N,PARENT_HBN,PARENT,PARENT_HBN_BULK_LIKE,3,3,0,0,center=N|type=PARENT_HBN|region=PARENT_HBN_BULK_LIKE|degree=3|neighbor_elements=B:3|neighbor_types=PARENT_HBN:3
P:616,B,PARENT_HBN,PARENT,PARENT_HBN_BULK_LIKE,3,0,3,0,center=B|type=PARENT_HBN|region=PARENT_HBN_BULK_LIKE|degree=3|neighbor_elements=N:3|neighbor_types=PARENT_HBN:3
P:617,N,PARENT_HBN,PARENT,PARENT_HBN_BULK_LIKE,3,3,0,0,center=N|type=PARENT_HBN|region=PARENT_HBN_BULK_LIKE|degree=3|neighbor_elements=B:3|neighbor_types=PARENT_HBN:3
P:618,B,PARENT_HBN,PARENT,PARENT_HBN_BULK_LIKE,3,0,3,0,center=B|type=PARENT_HBN|region=PARENT_HBN_BULK_LIKE|degree=3|neighbor_elements=N:3|neighbor_types=PARENT_HBN:3
P:619,N,PARENT_HBN,PARENT,PARENT_HBN_BULK_LIKE,3,3,0,0,center=N|type=PARENT_HBN|region=PARENT_HBN_BULK_LIKE|degree=3|neighbor_elements=B:3|neighbor_types=PARENT_HBN:3
P:62,B,PARENT_HBN,PARENT,PARENT_HBN_BULK_LIKE,3,0,3,0,center=B|type=PARENT_HBN|region=PARENT_HBN_BULK_LIKE|degree=3|neighbor_elements=N:3|neighbor_types=PARENT_HBN:3
P:620,B,PARENT_HBN,PARENT,PARENT_HBN_BULK_LIKE,3,0,3,0,center=B|type=PARENT_HBN|region=PARENT_HBN_BULK_LIKE|degree=3|neighbor_elements=N:3|neighbor_types=PARENT_HBN:3
P:621,N,PARENT_HBN,PARENT,PARENT_HBN_BULK_LIKE,3,3,0,0,center=N|type=PARENT_HBN|region=PARENT_HBN_BULK_LIKE|degree=3|neighbor_elements=B:3|neighbor_types=PARENT_HBN:3
P:622,B,PARENT_HBN,PARENT,PARENT_HBN_BULK_LIKE,3,0,3,0,center=B|type=PARENT_HBN|region=PARENT_HBN_BULK_LIKE|degree=3|neighbor_elements=N:3|neighbor_types=PARENT_HBN:3
P:623,N,PARENT_HBN,PARENT,PARENT_HBN_BULK_LIKE,3,3,0,0,center=N|type=PARENT_HBN|region=PARENT_HBN_BULK_LIKE|degree=3|neighbor_elements=B:3|neighbor_types=PARENT_HBN:3
P:624,B,PARENT_HBN,PARENT,PARENT_HBN_BULK_LIKE,3,0,3,0,center=B|type=PARENT_HBN|region=PARENT_HBN_BULK_LIKE|degree=3|neighbor_elements=N:3|neighbor_types=PARENT_HBN:3
P:625,N,PARENT_HBN,PARENT,PARENT_HBN_BULK_LIKE,3,3,0,0,center=N|type=PARENT_HBN|region=PARENT_HBN_BULK_LIKE|degree=3|neighbor_elements=B:3|neighbor_types=PARENT_HBN:3
P:626,B,PARENT_HBN,PARENT,PARENT_HBN_BULK_LIKE,3,0,3,0,center=B|type=PARENT_HBN|region=PARENT_HBN_BULK_LIKE|degree=3|neighbor_elements=N:3|neighbor_types=PARENT_HBN:3
P:627,N,PARENT_HBN,PARENT,PARENT_HBN_BULK_LIKE,3,3,0,0,center=N|type=PARENT_HBN|region=PARENT_HBN_BULK_LIKE|degree=3|neighbor_elements=B:3|neighbor_types=PARENT_HBN:3
P:628,B,PARENT_HBN,PARENT,PARENT_HBN_BULK_LIKE,3,0,3,0,center=B|type=PARENT_HBN|region=PARENT_HBN_BULK_LIKE|degree=3|neighbor_elements=N:3|neighbor_types=PARENT_HBN:3
P:629,N,PARENT_HBN,PARENT,PARENT_HBN_BULK_LIKE,3,3,0,0,center=N|type=PARENT_HBN|region=PARENT_HBN_BULK_LIKE|degree=3|neighbor_elements=B:3|neighbor_types=PARENT_HBN:3
P:63,N,PARENT_HBN,PARENT,PARENT_HBN_BULK_LIKE,3,3,0,0,center=N|type=PARENT_HBN|region=PARENT_HBN_BULK_LIKE|degree=3|neighbor_elements=B:3|neighbor_types=PARENT_HBN:3
P:630,B,PARENT_HBN,PARENT,PARENT_HBN_BULK_LIKE,3,0,3,0,center=B|type=PARENT_HBN|region=PARENT_HBN_BULK_LIKE|degree=3|neighbor_elements=N:3|neighbor_types=PARENT_HBN:3
P:631,N,PARENT_HBN,PARENT,PARENT_HBN_BULK_LIKE,3,3,0,0,center=N|type=PARENT_HBN|region=PARENT_HBN_BULK_LIKE|degree=3|neighbor_elements=B:3|neighbor_types=PARENT_HBN:3
P:632,B,PARENT_HBN,PARENT,PARENT_HBN_BULK_LIKE,3,0,3,0,center=B|type=PARENT_HBN|region=PARENT_HBN_BULK_LIKE|degree=3|neighbor_elements=N:3|neighbor_types=PARENT_HBN:3
P:633,N,PARENT_HBN,PARENT,PARENT_HBN_BULK_LIKE,3,3,0,0,center=N|type=PARENT_HBN|region=PARENT_HBN_BULK_LIKE|degree=3|neighbor_elements=B:3|neighbor_types=PARENT_HBN:3
P:634,B,PARENT_HBN,PARENT,PARENT_HBN_BULK_LIKE,3,0,3,0,center=B|type=PARENT_HBN|region=PARENT_HBN_BULK_LIKE|degree=3|neighbor_elements=N:3|neighbor_types=PARENT_HBN:3
P:635,N,PARENT_HBN,PARENT,PARENT_HBN_BULK_LIKE,3,3,0,0,center=N|type=PARENT_HBN|region=PARENT_HBN_BULK_LIKE|degree=3|neighbor_elements=B:3|neighbor_types=PARENT_HBN:3
P:636,B,PARENT_HBN,PARENT,PARENT_HBN_BULK_LIKE,3,0,3,0,center=B|type=PARENT_HBN|region=PARENT_HBN_BULK_LIKE|degree=3|neighbor_elements=N:3|neighbor_types=PARENT_HBN:3
P:637,N,PARENT_HBN,PARENT,PARENT_HBN_BULK_LIKE,3,3,0,0,center=N|type=PARENT_HBN|region=PARENT_HBN_BULK_LIKE|degree=3|neighbor_elements=B:3|neighbor_types=PARENT_HBN:3
P:638,B,PARENT_HBN,PARENT,PARENT_HBN_BULK_LIKE,3,0,3,0,center=B|type=PARENT_HBN|region=PARENT_HBN_BULK_LIKE|degree=3|neighbor_elements=N:3|neighbor_types=PARENT_HBN:3
P:639,N,PARENT_HBN,PARENT,PARENT_HBN_BULK_LIKE,3,3,0,0,center=N|type=PARENT_HBN|region=PARENT_HBN_BULK_LIKE|degree=3|neighbor_elements=B:3|neighbor_types=PARENT_HBN:3
P:64,B,PARENT_HBN,PARENT,PARENT_HBN_BULK_LIKE,3,0,3,0,center=B|type=PARENT_HBN|region=PARENT_HBN_BULK_LIKE|degree=3|neighbor_elements=N:3|neighbor_types=PARENT_HBN:3
P:640,B,PARENT_HBN,PARENT,PARENT_HBN_BULK_LIKE,3,0,3,0,center=B|type=PARENT_HBN|region=PARENT_HBN_BULK_LIKE|degree=3|neighbor_elements=N:3|neighbor_types=PARENT_HBN:3
P:641,N,PARENT_HBN,PARENT,PARENT_HBN_BULK_LIKE,3,3,0,0,center=N|type=PARENT_HBN|region=PARENT_HBN_BULK_LIKE|degree=3|neighbor_elements=B:3|neighbor_types=PARENT_HBN:3
P:642,B,PARENT_HBN,PARENT,PARENT_HBN_BULK_LIKE,3,0,3,0,center=B|type=PARENT_HBN|region=PARENT_HBN_BULK_LIKE|degree=3|neighbor_elements=N:3|neighbor_types=PARENT_HBN:3
P:643,N,PARENT_HBN,PARENT,PARENT_HBN_BULK_LIKE,3,3,0,0,center=N|type=PARENT_HBN|region=PARENT_HBN_BULK_LIKE|degree=3|neighbor_elements=B:3|neighbor_types=PARENT_HBN:3
P:644,B,PARENT_HBN,PARENT,PARENT_HBN_BULK_LIKE,3,0,3,0,center=B|type=PARENT_HBN|region=PARENT_HBN_BULK_LIKE|degree=3|neighbor_elements=N:3|neighbor_types=PARENT_HBN:3
P:645,N,PARENT_HBN,PARENT,PARENT_HBN_BULK_LIKE,3,3,0,0,center=N|type=PARENT_HBN|region=PARENT_HBN_BULK_LIKE|degree=3|neighbor_elements=B:3|neighbor_types=PARENT_HBN:3
P:646,B,PARENT_HBN,PARENT,PARENT_HBN_BULK_LIKE,3,0,3,0,center=B|type=PARENT_HBN|region=PARENT_HBN_BULK_LIKE|degree=3|neighbor_elements=N:3|neighbor_types=PARENT_HBN:3
P:647,N,PARENT_HBN,PARENT,PARENT_HBN_BULK_LIKE,3,3,0,0,center=N|type=PARENT_HBN|region=PARENT_HBN_BULK_LIKE|degree=3|neighbor_elements=B:3|neighbor_types=PARENT_HBN:3
P:648,B,PARENT_HBN,PARENT,PARENT_HBN_BULK_LIKE,3,0,3,0,center=B|type=PARENT_HBN|region=PARENT_HBN_BULK_LIKE|degree=3|neighbor_elements=N:3|neighbor_types=PARENT_HBN:3
P:649,N,PARENT_HBN,PARENT,PARENT_HBN_BULK_LIKE,3,3,0,0,center=N|type=PARENT_HBN|region=PARENT_HBN_BULK_LIKE|degree=3|neighbor_elements=B:3|neighbor_types=PARENT_HBN:3
P:65,N,PARENT_HBN,PARENT,PARENT_HBN_BULK_LIKE,3,3,0,0,center=N|type=PARENT_HBN|region=PARENT_HBN_BULK_LIKE|degree=3|neighbor_elements=B:3|neighbor_types=PARENT_HBN:3
P:650,B,PARENT_HBN,PARENT,PARENT_HBN_BULK_LIKE,3,0,3,0,center=B|type=PARENT_HBN|region=PARENT_HBN_BULK_LIKE|degree=3|neighbor_elements=N:3|neighbor_types=PARENT_HBN:3
P:651,N,PARENT_HBN,PARENT,PARENT_HBN_BULK_LIKE,3,3,0,0,center=N|type=PARENT_HBN|region=PARENT_HBN_BULK_LIKE|degree=3|neighbor_elements=B:3|neighbor_types=PARENT_HBN:3
P:652,B,PARENT_HBN,PARENT,PARENT_HBN_BULK_LIKE,3,0,3,0,center=B|type=PARENT_HBN|region=PARENT_HBN_BULK_LIKE|degree=3|neighbor_elements=N:3|neighbor_types=PARENT_HBN:3
P:653,N,PARENT_HBN,PARENT,PARENT_HBN_BULK_LIKE,3,3,0,0,center=N|type=PARENT_HBN|region=PARENT_HBN_BULK_LIKE|degree=3|neighbor_elements=B:3|neighbor_types=PARENT_HBN:3
P:654,B,PARENT_HBN,PARENT,PARENT_HBN_BULK_LIKE,3,0,3,0,center=B|type=PARENT_HBN|region=PARENT_HBN_BULK_LIKE|degree=3|neighbor_elements=N:3|neighbor_types=PARENT_HBN:3
P:655,N,PARENT_HBN,PARENT,PARENT_HBN_BULK_LIKE,3,3,0,0,center=N|type=PARENT_HBN|region=PARENT_HBN_BULK_LIKE|degree=3|neighbor_elements=B:3|neighbor_types=PARENT_HBN:3
P:656,B,PARENT_HBN,PARENT,PARENT_HBN_BULK_LIKE,3,0,3,0,center=B|type=PARENT_HBN|region=PARENT_HBN_BULK_LIKE|degree=3|neighbor_elements=N:3|neighbor_types=PARENT_HBN:3
P:657,N,PARENT_HBN,PARENT,PARENT_HBN_BULK_LIKE,3,3,0,0,center=N|type=PARENT_HBN|region=PARENT_HBN_BULK_LIKE|degree=3|neighbor_elements=B:3|neighbor_types=PARENT_HBN:3
P:658,B,PARENT_HBN,PARENT,PARENT_HBN_BULK_LIKE,3,0,3,0,center=B|type=PARENT_HBN|region=PARENT_HBN_BULK_LIKE|degree=3|neighbor_elements=N:3|neighbor_types=PARENT_HBN:3
P:659,N,PARENT_HBN,PARENT,PARENT_HBN_BULK_LIKE,3,3,0,0,center=N|type=PARENT_HBN|region=PARENT_HBN_BULK_LIKE|degree=3|neighbor_elements=B:3|neighbor_types=PARENT_HBN:3
P:66,B,PARENT_HBN,PARENT,PARENT_HBN_BULK_LIKE,3,0,3,0,center=B|type=PARENT_HBN|region=PARENT_HBN_BULK_LIKE|degree=3|neighbor_elements=N:3|neighbor_types=PARENT_HBN:3
P:660,B,PARENT_HBN,PARENT,PARENT_HBN_BULK_LIKE,3,0,3,0,center=B|type=PARENT_HBN|region=PARENT_HBN_BULK_LIKE|degree=3|neighbor_elements=N:3|neighbor_types=PARENT_HBN:3
P:661,N,PARENT_HBN,PARENT,PARENT_HBN_BULK_LIKE,3,3,0,0,center=N|type=PARENT_HBN|region=PARENT_HBN_BULK_LIKE|degree=3|neighbor_elements=B:3|neighbor_types=PARENT_HBN:3
P:662,B,PARENT_HBN,PARENT,PARENT_HBN_BULK_LIKE,3,0,3,0,center=B|type=PARENT_HBN|region=PARENT_HBN_BULK_LIKE|degree=3|neighbor_elements=N:3|neighbor_types=PARENT_HBN:3
P:663,N,PARENT_HBN,PARENT,PARENT_HBN_BULK_LIKE,3,3,0,0,center=N|type=PARENT_HBN|region=PARENT_HBN_BULK_LIKE|degree=3|neighbor_elements=B:3|neighbor_types=PARENT_HBN:3
P:664,B,PARENT_HBN,PARENT,PARENT_HBN_BULK_LIKE,3,0,3,0,center=B|type=PARENT_HBN|region=PARENT_HBN_BULK_LIKE|degree=3|neighbor_elements=N:3|neighbor_types=PARENT_HBN:3
P:665,N,PARENT_HBN,PARENT,PARENT_HBN_BULK_LIKE,3,3,0,0,center=N|type=PARENT_HBN|region=PARENT_HBN_BULK_LIKE|degree=3|neighbor_elements=B:3|neighbor_types=PARENT_HBN:3
P:666,B,PARENT_HBN,PARENT,PARENT_HBN_BULK_LIKE,3,0,3,0,center=B|type=PARENT_HBN|region=PARENT_HBN_BULK_LIKE|degree=3|neighbor_elements=N:3|neighbor_types=PARENT_HBN:3
P:667,N,PARENT_HBN,PARENT,PARENT_HBN_BULK_LIKE,3,3,0,0,center=N|type=PARENT_HBN|region=PARENT_HBN_BULK_LIKE|degree=3|neighbor_elements=B:3|neighbor_types=PARENT_HBN:3
P:668,B,PARENT_HBN,PARENT,PARENT_HBN_BULK_LIKE,3,0,3,0,center=B|type=PARENT_HBN|region=PARENT_HBN_BULK_LIKE|degree=3|neighbor_elements=N:3|neighbor_types=PARENT_HBN:3
P:669,N,PARENT_HBN,PARENT,PARENT_HBN_BULK_LIKE,3,3,0,0,center=N|type=PARENT_HBN|region=PARENT_HBN_BULK_LIKE|degree=3|neighbor_elements=B:3|neighbor_types=PARENT_HBN:3
P:67,N,PARENT_HBN,PARENT,PARENT_HBN_BULK_LIKE,3,3,0,0,center=N|type=PARENT_HBN|region=PARENT_HBN_BULK_LIKE|degree=3|neighbor_elements=B:3|neighbor_types=PARENT_HBN:3
P:670,B,PARENT_HBN,PARENT,PARENT_HBN_BULK_LIKE,3,0,3,0,center=B|type=PARENT_HBN|region=PARENT_HBN_BULK_LIKE|degree=3|neighbor_elements=N:3|neighbor_types=PARENT_HBN:3
P:671,N,PARENT_HBN,PARENT,PARENT_HBN_BULK_LIKE,3,3,0,0,center=N|type=PARENT_HBN|region=PARENT_HBN_BULK_LIKE|degree=3|neighbor_elements=B:3|neighbor_types=PARENT_HBN:3
P:672,B,PARENT_HBN,PARENT,PARENT_HBN_BULK_LIKE,3,0,3,0,center=B|type=PARENT_HBN|region=PARENT_HBN_BULK_LIKE|degree=3|neighbor_elements=N:3|neighbor_types=PARENT_HBN:3
P:673,N,PARENT_HBN,PARENT,PARENT_HBN_BULK_LIKE,3,3,0,0,center=N|type=PARENT_HBN|region=PARENT_HBN_BULK_LIKE|degree=3|neighbor_elements=B:3|neighbor_types=PARENT_HBN:3
P:674,B,PARENT_HBN,PARENT,PARENT_HBN_BULK_LIKE,3,0,3,0,center=B|type=PARENT_HBN|region=PARENT_HBN_BULK_LIKE|degree=3|neighbor_elements=N:3|neighbor_types=PARENT_HBN:3
P:675,N,PARENT_HBN,PARENT,PARENT_HBN_BULK_LIKE,3,3,0,0,center=N|type=PARENT_HBN|region=PARENT_HBN_BULK_LIKE|degree=3|neighbor_elements=B:3|neighbor_types=PARENT_HBN:3
P:676,B,PARENT_HBN,PARENT,PARENT_HBN_BULK_LIKE,3,0,3,0,center=B|type=PARENT_HBN|region=PARENT_HBN_BULK_LIKE|degree=3|neighbor_elements=N:3|neighbor_types=PARENT_HBN:3
P:677,N,PARENT_HBN,PARENT,PARENT_HBN_BULK_LIKE,3,3,0,0,center=N|type=PARENT_HBN|region=PARENT_HBN_BULK_LIKE|degree=3|neighbor_elements=B:3|neighbor_types=PARENT_HBN:3
P:678,B,PARENT_HBN,PARENT,PARENT_HBN_BULK_LIKE,3,0,3,0,center=B|type=PARENT_HBN|region=PARENT_HBN_BULK_LIKE|degree=3|neighbor_elements=N:3|neighbor_types=PARENT_HBN:3
P:679,N,PARENT_HBN,PARENT,PARENT_HBN_BULK_LIKE,3,3,0,0,center=N|type=PARENT_HBN|region=PARENT_HBN_BULK_LIKE|degree=3|neighbor_elements=B:3|neighbor_types=PARENT_HBN:3
P:68,B,PARENT_HBN,PARENT,PARENT_HBN_BULK_LIKE,3,0,3,0,center=B|type=PARENT_HBN|region=PARENT_HBN_BULK_LIKE|degree=3|neighbor_elements=N:3|neighbor_types=PARENT_HBN:3
P:680,B,PARENT_HBN,PARENT,PARENT_HBN_BULK_LIKE,3,0,3,0,center=B|type=PARENT_HBN|region=PARENT_HBN_BULK_LIKE|degree=3|neighbor_elements=N:3|neighbor_types=PARENT_HBN:3
P:681,N,PARENT_HBN,PARENT,PARENT_HBN_BULK_LIKE,3,3,0,0,center=N|type=PARENT_HBN|region=PARENT_HBN_BULK_LIKE|degree=3|neighbor_elements=B:3|neighbor_types=PARENT_HBN:3
P:682,B,PARENT_HBN,PARENT,PARENT_HBN_BULK_LIKE,3,0,3,0,center=B|type=PARENT_HBN|region=PARENT_HBN_BULK_LIKE|degree=3|neighbor_elements=N:3|neighbor_types=PARENT_HBN:3
P:683,N,PARENT_HBN,PARENT,PARENT_HBN_BULK_LIKE,3,3,0,0,center=N|type=PARENT_HBN|region=PARENT_HBN_BULK_LIKE|degree=3|neighbor_elements=B:3|neighbor_types=PARENT_HBN:3
P:684,B,PARENT_HBN,PARENT,PARENT_HBN_BULK_LIKE,3,0,3,0,center=B|type=PARENT_HBN|region=PARENT_HBN_BULK_LIKE|degree=3|neighbor_elements=N:3|neighbor_types=PARENT_HBN:3
P:685,N,PARENT_HBN,PARENT,PARENT_HBN_BULK_LIKE,3,3,0,0,center=N|type=PARENT_HBN|region=PARENT_HBN_BULK_LIKE|degree=3|neighbor_elements=B:3|neighbor_types=PARENT_HBN:3
P:686,B,PARENT_HBN,PARENT,PARENT_HBN_BULK_LIKE,3,0,3,0,center=B|type=PARENT_HBN|region=PARENT_HBN_BULK_LIKE|degree=3|neighbor_elements=N:3|neighbor_types=PARENT_HBN:3
P:687,N,PARENT_HBN,PARENT,PARENT_HBN_BULK_LIKE,3,3,0,0,center=N|type=PARENT_HBN|region=PARENT_HBN_BULK_LIKE|degree=3|neighbor_elements=B:3|neighbor_types=PARENT_HBN:3
P:688,B,PARENT_HBN,PARENT,PARENT_HBN_BULK_LIKE,3,0,3,0,center=B|type=PARENT_HBN|region=PARENT_HBN_BULK_LIKE|degree=3|neighbor_elements=N:3|neighbor_types=PARENT_HBN:3
P:689,N,PARENT_HBN,PARENT,PARENT_HBN_BULK_LIKE,3,3,0,0,center=N|type=PARENT_HBN|region=PARENT_HBN_BULK_LIKE|degree=3|neighbor_elements=B:3|neighbor_types=PARENT_HBN:3
P:69,N,PARENT_HBN,PARENT,PARENT_HBN_BULK_LIKE,3,3,0,0,center=N|type=PARENT_HBN|region=PARENT_HBN_BULK_LIKE|degree=3|neighbor_elements=B:3|neighbor_types=PARENT_HBN:3
P:690,B,PARENT_HBN,PARENT,PARENT_HBN_BULK_LIKE,3,0,3,0,center=B|type=PARENT_HBN|region=PARENT_HBN_BULK_LIKE|degree=3|neighbor_elements=N:3|neighbor_types=PARENT_HBN:3
P:691,N,PARENT_HBN,PARENT,PARENT_HBN_BULK_LIKE,3,3,0,0,center=N|type=PARENT_HBN|region=PARENT_HBN_BULK_LIKE|degree=3|neighbor_elements=B:3|neighbor_types=PARENT_HBN:3
P:692,B,PARENT_HBN,PARENT,PARENT_HBN_BULK_LIKE,3,0,3,0,center=B|type=PARENT_HBN|region=PARENT_HBN_BULK_LIKE|degree=3|neighbor_elements=N:3|neighbor_types=PARENT_HBN:3
P:693,N,PARENT_HBN,PARENT,PARENT_HBN_BULK_LIKE,3,3,0,0,center=N|type=PARENT_HBN|region=PARENT_HBN_BULK_LIKE|degree=3|neighbor_elements=B:3|neighbor_types=PARENT_HBN:3
P:694,B,PARENT_HBN,PARENT,PARENT_HBN_BULK_LIKE,3,0,3,0,center=B|type=PARENT_HBN|region=PARENT_HBN_BULK_LIKE|degree=3|neighbor_elements=N:3|neighbor_types=PARENT_HBN:3
P:695,N,PARENT_HBN,PARENT,PARENT_HBN_BULK_LIKE,3,3,0,0,center=N|type=PARENT_HBN|region=PARENT_HBN_BULK_LIKE|degree=3|neighbor_elements=B:3|neighbor_types=PARENT_HBN:3
P:696,B,PARENT_HBN,PARENT,PARENT_HBN_BULK_LIKE,3,0,3,0,center=B|type=PARENT_HBN|region=PARENT_HBN_BULK_LIKE|degree=3|neighbor_elements=N:3|neighbor_types=PARENT_HBN:3
P:697,N,PARENT_HBN,PARENT,PARENT_HBN_BULK_LIKE,3,3,0,0,center=N|type=PARENT_HBN|region=PARENT_HBN_BULK_LIKE|degree=3|neighbor_elements=B:3|neighbor_types=PARENT_HBN:3
P:698,B,PARENT_HBN,PARENT,PARENT_HBN_BULK_LIKE,3,0,3,0,center=B|type=PARENT_HBN|region=PARENT_HBN_BULK_LIKE|degree=3|neighbor_elements=N:3|neighbor_types=PARENT_HBN:3
P:699,N,PARENT_HBN,PARENT,PARENT_HBN_BULK_LIKE,3,3,0,0,center=N|type=PARENT_HBN|region=PARENT_HBN_BULK_LIKE|degree=3|neighbor_elements=B:3|neighbor_types=PARENT_HBN:3
P:7,N,PARENT_HBN,PARENT,PARENT_HBN_BULK_LIKE,3,3,0,0,center=N|type=PARENT_HBN|region=PARENT_HBN_BULK_LIKE|degree=3|neighbor_elements=B:3|neighbor_types=PARENT_HBN:3
P:70,B,PARENT_HBN,PARENT,PARENT_HBN_BULK_LIKE,3,0,3,0,center=B|type=PARENT_HBN|region=PARENT_HBN_BULK_LIKE|degree=3|neighbor_elements=N:3|neighbor_types=PARENT_HBN:3
P:700,B,PARENT_HBN,PARENT,PARENT_HBN_BULK_LIKE,3,0,3,0,center=B|type=PARENT_HBN|region=PARENT_HBN_BULK_LIKE|degree=3|neighbor_elements=N:3|neighbor_types=PARENT_HBN:3
P:701,N,PARENT_HBN,PARENT,PARENT_HBN_BULK_LIKE,3,3,0,0,center=N|type=PARENT_HBN|region=PARENT_HBN_BULK_LIKE|degree=3|neighbor_elements=B:3|neighbor_types=PARENT_HBN:3
P:702,B,PARENT_HBN,PARENT,PARENT_HBN_BULK_LIKE,3,0,3,0,center=B|type=PARENT_HBN|region=PARENT_HBN_BULK_LIKE|degree=3|neighbor_elements=N:3|neighbor_types=PARENT_HBN:3
P:703,N,PARENT_HBN,PARENT,PARENT_HBN_BULK_LIKE,3,3,0,0,center=N|type=PARENT_HBN|region=PARENT_HBN_BULK_LIKE|degree=3|neighbor_elements=B:3|neighbor_types=PARENT_HBN:3
P:704,B,PARENT_HBN,PARENT,PARENT_HBN_BULK_LIKE,3,0,3,0,center=B|type=PARENT_HBN|region=PARENT_HBN_BULK_LIKE|degree=3|neighbor_elements=N:3|neighbor_types=PARENT_HBN:3
P:705,N,PARENT_HBN,PARENT,PARENT_HBN_BULK_LIKE,3,3,0,0,center=N|type=PARENT_HBN|region=PARENT_HBN_BULK_LIKE|degree=3|neighbor_elements=B:3|neighbor_types=PARENT_HBN:3
P:706,B,PARENT_HBN,PARENT,PARENT_HBN_BULK_LIKE,3,0,3,0,center=B|type=PARENT_HBN|region=PARENT_HBN_BULK_LIKE|degree=3|neighbor_elements=N:3|neighbor_types=PARENT_HBN:3
P:707,N,PARENT_HBN,PARENT,PARENT_HBN_BULK_LIKE,3,3,0,0,center=N|type=PARENT_HBN|region=PARENT_HBN_BULK_LIKE|degree=3|neighbor_elements=B:3|neighbor_types=PARENT_HBN:3
P:708,B,PARENT_HBN,PARENT,PARENT_HBN_BULK_LIKE,3,0,3,0,center=B|type=PARENT_HBN|region=PARENT_HBN_BULK_LIKE|degree=3|neighbor_elements=N:3|neighbor_types=PARENT_HBN:3
P:709,N,PARENT_HBN,PARENT,PARENT_HBN_BULK_LIKE,3,3,0,0,center=N|type=PARENT_HBN|region=PARENT_HBN_BULK_LIKE|degree=3|neighbor_elements=B:3|neighbor_types=PARENT_HBN:3
P:71,N,PARENT_HBN,PARENT,PARENT_HBN_BULK_LIKE,3,3,0,0,center=N|type=PARENT_HBN|region=PARENT_HBN_BULK_LIKE|degree=3|neighbor_elements=B:3|neighbor_types=PARENT_HBN:3
P:710,B,PARENT_HBN,PARENT,PARENT_HBN_BULK_LIKE,3,0,3,0,center=B|type=PARENT_HBN|region=PARENT_HBN_BULK_LIKE|degree=3|neighbor_elements=N:3|neighbor_types=PARENT_HBN:3
P:711,N,PARENT_HBN,PARENT,PARENT_HBN_BULK_LIKE,3,3,0,0,center=N|type=PARENT_HBN|region=PARENT_HBN_BULK_LIKE|degree=3|neighbor_elements=B:3|neighbor_types=PARENT_HBN:3
P:712,B,PARENT_HBN,PARENT,PARENT_HBN_BULK_LIKE,3,0,3,0,center=B|type=PARENT_HBN|region=PARENT_HBN_BULK_LIKE|degree=3|neighbor_elements=N:3|neighbor_types=PARENT_HBN:3
P:713,N,PARENT_HBN,PARENT,PARENT_HBN_BULK_LIKE,3,3,0,0,center=N|type=PARENT_HBN|region=PARENT_HBN_BULK_LIKE|degree=3|neighbor_elements=B:3|neighbor_types=PARENT_HBN:3
P:714,B,PARENT_HBN,PARENT,PARENT_HBN_BULK_LIKE,3,0,3,0,center=B|type=PARENT_HBN|region=PARENT_HBN_BULK_LIKE|degree=3|neighbor_elements=N:3|neighbor_types=PARENT_HBN:3
P:715,N,PARENT_HBN,PARENT,PARENT_HBN_BULK_LIKE,3,3,0,0,center=N|type=PARENT_HBN|region=PARENT_HBN_BULK_LIKE|degree=3|neighbor_elements=B:3|neighbor_types=PARENT_HBN:3
P:716,B,PARENT_HBN,PARENT,PARENT_HBN_BULK_LIKE,3,0,3,0,center=B|type=PARENT_HBN|region=PARENT_HBN_BULK_LIKE|degree=3|neighbor_elements=N:3|neighbor_types=PARENT_HBN:3
P:717,N,PARENT_HBN,PARENT,PARENT_HBN_BULK_LIKE,3,3,0,0,center=N|type=PARENT_HBN|region=PARENT_HBN_BULK_LIKE|degree=3|neighbor_elements=B:3|neighbor_types=PARENT_HBN:3
P:718,B,PARENT_HBN,PARENT,PARENT_HBN_BULK_LIKE,3,0,3,0,center=B|type=PARENT_HBN|region=PARENT_HBN_BULK_LIKE|degree=3|neighbor_elements=N:3|neighbor_types=PARENT_HBN:3
P:719,N,PARENT_HBN,PARENT,PARENT_HBN_BULK_LIKE,3,3,0,0,center=N|type=PARENT_HBN|region=PARENT_HBN_BULK_LIKE|degree=3|neighbor_elements=B:3|neighbor_types=PARENT_HBN:3
P:72,B,PARENT_HBN,PARENT,PARENT_HBN_BULK_LIKE,3,0,3,0,center=B|type=PARENT_HBN|region=PARENT_HBN_BULK_LIKE|degree=3|neighbor_elements=N:3|neighbor_types=PARENT_HBN:3
P:720,B,PARENT_HBN,PARENT,PARENT_HBN_BULK_LIKE,3,0,3,0,center=B|type=PARENT_HBN|region=PARENT_HBN_BULK_LIKE|degree=3|neighbor_elements=N:3|neighbor_types=PARENT_HBN:3
P:721,N,PARENT_HBN,PARENT,PARENT_HBN_BULK_LIKE,3,3,0,0,center=N|type=PARENT_HBN|region=PARENT_HBN_BULK_LIKE|degree=3|neighbor_elements=B:3|neighbor_types=PARENT_HBN:3
P:722,B,PARENT_HBN,PARENT,PARENT_HBN_BULK_LIKE,3,0,3,0,center=B|type=PARENT_HBN|region=PARENT_HBN_BULK_LIKE|degree=3|neighbor_elements=N:3|neighbor_types=PARENT_HBN:3
P:723,N,PARENT_HBN,PARENT,PARENT_HBN_BULK_LIKE,3,3,0,0,center=N|type=PARENT_HBN|region=PARENT_HBN_BULK_LIKE|degree=3|neighbor_elements=B:3|neighbor_types=PARENT_HBN:3
P:724,B,PARENT_HBN,PARENT,PARENT_HBN_BULK_LIKE,3,0,3,0,center=B|type=PARENT_HBN|region=PARENT_HBN_BULK_LIKE|degree=3|neighbor_elements=N:3|neighbor_types=PARENT_HBN:3
P:725,N,PARENT_HBN,PARENT,PARENT_HBN_BULK_LIKE,3,3,0,0,center=N|type=PARENT_HBN|region=PARENT_HBN_BULK_LIKE|degree=3|neighbor_elements=B:3|neighbor_types=PARENT_HBN:3
P:726,B,PARENT_HBN,PARENT,PARENT_HBN_BULK_LIKE,3,0,3,0,center=B|type=PARENT_HBN|region=PARENT_HBN_BULK_LIKE|degree=3|neighbor_elements=N:3|neighbor_types=PARENT_HBN:3
P:727,N,PARENT_HBN,PARENT,PARENT_HBN_BULK_LIKE,3,3,0,0,center=N|type=PARENT_HBN|region=PARENT_HBN_BULK_LIKE|degree=3|neighbor_elements=B:3|neighbor_types=PARENT_HBN:3
P:728,B,PARENT_HBN,PARENT,PARENT_HBN_BULK_LIKE,3,0,3,0,center=B|type=PARENT_HBN|region=PARENT_HBN_BULK_LIKE|degree=3|neighbor_elements=N:3|neighbor_types=PARENT_HBN:3
P:729,N,PARENT_HBN,PARENT,PARENT_HBN_BULK_LIKE,3,3,0,0,center=N|type=PARENT_HBN|region=PARENT_HBN_BULK_LIKE|degree=3|neighbor_elements=B:3|neighbor_types=PARENT_HBN:3
P:73,N,PARENT_HBN,PARENT,PARENT_HBN_BULK_LIKE,3,3,0,0,center=N|type=PARENT_HBN|region=PARENT_HBN_BULK_LIKE|degree=3|neighbor_elements=B:3|neighbor_types=PARENT_HBN:3
P:730,B,PARENT_HBN,PARENT,PARENT_HBN_BULK_LIKE,3,0,3,0,center=B|type=PARENT_HBN|region=PARENT_HBN_BULK_LIKE|degree=3|neighbor_elements=N:3|neighbor_types=PARENT_HBN:3
P:731,N,PARENT_HBN,PARENT,PARENT_HBN_BULK_LIKE,3,3,0,0,center=N|type=PARENT_HBN|region=PARENT_HBN_BULK_LIKE|degree=3|neighbor_elements=B:3|neighbor_types=PARENT_HBN:3
P:732,B,PARENT_HBN,PARENT,PARENT_HBN_BULK_LIKE,3,0,3,0,center=B|type=PARENT_HBN|region=PARENT_HBN_BULK_LIKE|degree=3|neighbor_elements=N:3|neighbor_types=PARENT_HBN:3
P:733,N,PARENT_HBN,PARENT,PARENT_HBN_BULK_LIKE,3,3,0,0,center=N|type=PARENT_HBN|region=PARENT_HBN_BULK_LIKE|degree=3|neighbor_elements=B:3|neighbor_types=PARENT_HBN:3
P:734,B,PARENT_HBN,PARENT,PARENT_HBN_BULK_LIKE,3,0,3,0,center=B|type=PARENT_HBN|region=PARENT_HBN_BULK_LIKE|degree=3|neighbor_elements=N:3|neighbor_types=PARENT_HBN:3
P:735,N,PARENT_HBN,PARENT,PARENT_HBN_BULK_LIKE,3,3,0,0,center=N|type=PARENT_HBN|region=PARENT_HBN_BULK_LIKE|degree=3|neighbor_elements=B:3|neighbor_types=PARENT_HBN:3
P:736,B,PARENT_HBN,PARENT,PARENT_HBN_BULK_LIKE,3,0,3,0,center=B|type=PARENT_HBN|region=PARENT_HBN_BULK_LIKE|degree=3|neighbor_elements=N:3|neighbor_types=PARENT_HBN:3
P:737,N,PARENT_HBN,PARENT,PARENT_HBN_BULK_LIKE,3,3,0,0,center=N|type=PARENT_HBN|region=PARENT_HBN_BULK_LIKE|degree=3|neighbor_elements=B:3|neighbor_types=PARENT_HBN:3
P:738,B,PARENT_HBN,PARENT,PARENT_HBN_BULK_LIKE,3,0,3,0,center=B|type=PARENT_HBN|region=PARENT_HBN_BULK_LIKE|degree=3|neighbor_elements=N:3|neighbor_types=PARENT_HBN:3
P:739,N,PARENT_HBN,PARENT,PARENT_HBN_BULK_LIKE,3,3,0,0,center=N|type=PARENT_HBN|region=PARENT_HBN_BULK_LIKE|degree=3|neighbor_elements=B:3|neighbor_types=PARENT_HBN:3
P:74,B,PARENT_HBN,PARENT,PARENT_HBN_BULK_LIKE,3,0,3,0,center=B|type=PARENT_HBN|region=PARENT_HBN_BULK_LIKE|degree=3|neighbor_elements=N:3|neighbor_types=PARENT_HBN:3
P:740,B,PARENT_HBN,PARENT,PARENT_HBN_BULK_LIKE,3,0,3,0,center=B|type=PARENT_HBN|region=PARENT_HBN_BULK_LIKE|degree=3|neighbor_elements=N:3|neighbor_types=PARENT_HBN:3
P:741,N,PARENT_HBN,PARENT,PARENT_HBN_BULK_LIKE,3,3,0,0,center=N|type=PARENT_HBN|region=PARENT_HBN_BULK_LIKE|degree=3|neighbor_elements=B:3|neighbor_types=PARENT_HBN:3
P:742,B,PARENT_HBN,PARENT,PARENT_HBN_BULK_LIKE,3,0,3,0,center=B|type=PARENT_HBN|region=PARENT_HBN_BULK_LIKE|degree=3|neighbor_elements=N:3|neighbor_types=PARENT_HBN:3
P:743,N,PARENT_HBN,PARENT,PARENT_HBN_BULK_LIKE,3,3,0,0,center=N|type=PARENT_HBN|region=PARENT_HBN_BULK_LIKE|degree=3|neighbor_elements=B:3|neighbor_types=PARENT_HBN:3
P:744,B,PARENT_HBN,PARENT,PARENT_HBN_BULK_LIKE,3,0,3,0,center=B|type=PARENT_HBN|region=PARENT_HBN_BULK_LIKE|degree=3|neighbor_elements=N:3|neighbor_types=PARENT_HBN:3
P:745,N,PARENT_HBN,PARENT,PARENT_HBN_BULK_LIKE,3,3,0,0,center=N|type=PARENT_HBN|region=PARENT_HBN_BULK_LIKE|degree=3|neighbor_elements=B:3|neighbor_types=PARENT_HBN:3
P:746,B,PARENT_HBN,PARENT,PARENT_HBN_BULK_LIKE,3,0,3,0,center=B|type=PARENT_HBN|region=PARENT_HBN_BULK_LIKE|degree=3|neighbor_elements=N:3|neighbor_types=PARENT_HBN:3
P:747,N,PARENT_HBN,PARENT,PARENT_HBN_BULK_LIKE,3,3,0,0,center=N|type=PARENT_HBN|region=PARENT_HBN_BULK_LIKE|degree=3|neighbor_elements=B:3|neighbor_types=PARENT_HBN:3
P:748,B,PARENT_HBN,PARENT,PARENT_HBN_BULK_LIKE,3,0,3,0,center=B|type=PARENT_HBN|region=PARENT_HBN_BULK_LIKE|degree=3|neighbor_elements=N:3|neighbor_types=PARENT_HBN:3
P:749,N,PARENT_HBN,PARENT,PARENT_HBN_BULK_LIKE,3,3,0,0,center=N|type=PARENT_HBN|region=PARENT_HBN_BULK_LIKE|degree=3|neighbor_elements=B:3|neighbor_types=PARENT_HBN:3
P:75,N,PARENT_HBN,PARENT,PARENT_HBN_BULK_LIKE,3,3,0,0,center=N|type=PARENT_HBN|region=PARENT_HBN_BULK_LIKE|degree=3|neighbor_elements=B:3|neighbor_types=PARENT_HBN:3
P:750,B,PARENT_HBN,PARENT,PARENT_HBN_BULK_LIKE,3,0,3,0,center=B|type=PARENT_HBN|region=PARENT_HBN_BULK_LIKE|degree=3|neighbor_elements=N:3|neighbor_types=PARENT_HBN:3
P:751,N,PARENT_HBN,PARENT,PARENT_HBN_BULK_LIKE,3,3,0,0,center=N|type=PARENT_HBN|region=PARENT_HBN_BULK_LIKE|degree=3|neighbor_elements=B:3|neighbor_types=PARENT_HBN:3
P:752,B,PARENT_HBN,PARENT,PARENT_HBN_BULK_LIKE,3,0,3,0,center=B|type=PARENT_HBN|region=PARENT_HBN_BULK_LIKE|degree=3|neighbor_elements=N:3|neighbor_types=PARENT_HBN:3
P:753,N,PARENT_HBN,PARENT,PARENT_HBN_BULK_LIKE,3,3,0,0,center=N|type=PARENT_HBN|region=PARENT_HBN_BULK_LIKE|degree=3|neighbor_elements=B:3|neighbor_types=PARENT_HBN:3
P:754,B,PARENT_HBN,PARENT,PARENT_HBN_BULK_LIKE,3,0,3,0,center=B|type=PARENT_HBN|region=PARENT_HBN_BULK_LIKE|degree=3|neighbor_elements=N:3|neighbor_types=PARENT_HBN:3
P:755,N,PARENT_HBN,PARENT,PARENT_HBN_BULK_LIKE,3,3,0,0,center=N|type=PARENT_HBN|region=PARENT_HBN_BULK_LIKE|degree=3|neighbor_elements=B:3|neighbor_types=PARENT_HBN:3
P:756,B,PARENT_HBN,PARENT,PARENT_HBN_BULK_LIKE,3,0,3,0,center=B|type=PARENT_HBN|region=PARENT_HBN_BULK_LIKE|degree=3|neighbor_elements=N:3|neighbor_types=PARENT_HBN:3
P:757,N,PARENT_HBN,PARENT,PARENT_HBN_BULK_LIKE,3,3,0,0,center=N|type=PARENT_HBN|region=PARENT_HBN_BULK_LIKE|degree=3|neighbor_elements=B:3|neighbor_types=PARENT_HBN:3
P:758,B,PARENT_HBN,PARENT,PARENT_HBN_BULK_LIKE,3,0,3,0,center=B|type=PARENT_HBN|region=PARENT_HBN_BULK_LIKE|degree=3|neighbor_elements=N:3|neighbor_types=PARENT_HBN:3
P:759,N,PARENT_HBN,PARENT,PARENT_HBN_BULK_LIKE,3,3,0,0,center=N|type=PARENT_HBN|region=PARENT_HBN_BULK_LIKE|degree=3|neighbor_elements=B:3|neighbor_types=PARENT_HBN:3
P:76,B,PARENT_HBN,PARENT,PARENT_HBN_BULK_LIKE,3,0,3,0,center=B|type=PARENT_HBN|region=PARENT_HBN_BULK_LIKE|degree=3|neighbor_elements=N:3|neighbor_types=PARENT_HBN:3
P:760,B,PARENT_HBN,PARENT,PARENT_HBN_BULK_LIKE,3,0,3,0,center=B|type=PARENT_HBN|region=PARENT_HBN_BULK_LIKE|degree=3|neighbor_elements=N:3|neighbor_types=PARENT_HBN:3
P:761,N,PARENT_HBN,PARENT,PARENT_HBN_BULK_LIKE,3,3,0,0,center=N|type=PARENT_HBN|region=PARENT_HBN_BULK_LIKE|degree=3|neighbor_elements=B:3|neighbor_types=PARENT_HBN:3
P:762,B,PARENT_HBN,PARENT,PARENT_HBN_BULK_LIKE,3,0,3,0,center=B|type=PARENT_HBN|region=PARENT_HBN_BULK_LIKE|degree=3|neighbor_elements=N:3|neighbor_types=PARENT_HBN:3
P:763,N,PARENT_HBN,PARENT,PARENT_HBN_BULK_LIKE,3,3,0,0,center=N|type=PARENT_HBN|region=PARENT_HBN_BULK_LIKE|degree=3|neighbor_elements=B:3|neighbor_types=PARENT_HBN:3
P:764,B,PARENT_HBN,PARENT,PARENT_HBN_BULK_LIKE,3,0,3,0,center=B|type=PARENT_HBN|region=PARENT_HBN_BULK_LIKE|degree=3|neighbor_elements=N:3|neighbor_types=PARENT_HBN:3
P:765,N,PARENT_HBN,PARENT,PARENT_HBN_BULK_LIKE,3,3,0,0,center=N|type=PARENT_HBN|region=PARENT_HBN_BULK_LIKE|degree=3|neighbor_elements=B:3|neighbor_types=PARENT_HBN:3
P:766,B,PARENT_HBN,PARENT,PARENT_HBN_BULK_LIKE,3,0,3,0,center=B|type=PARENT_HBN|region=PARENT_HBN_BULK_LIKE|degree=3|neighbor_elements=N:3|neighbor_types=PARENT_HBN:3
P:767,N,PARENT_HBN,PARENT,PARENT_HBN_BULK_LIKE,3,3,0,0,center=N|type=PARENT_HBN|region=PARENT_HBN_BULK_LIKE|degree=3|neighbor_elements=B:3|neighbor_types=PARENT_HBN:3
P:768,B,PARENT_HBN,PARENT,PARENT_HBN_BULK_LIKE,3,0,3,0,center=B|type=PARENT_HBN|region=PARENT_HBN_BULK_LIKE|degree=3|neighbor_elements=N:3|neighbor_types=PARENT_HBN:3
P:769,N,PARENT_HBN,PARENT,PARENT_HBN_BULK_LIKE,3,3,0,0,center=N|type=PARENT_HBN|region=PARENT_HBN_BULK_LIKE|degree=3|neighbor_elements=B:3|neighbor_types=PARENT_HBN:3
P:77,N,PARENT_HBN,PARENT,PARENT_HBN_BULK_LIKE,3,3,0,0,center=N|type=PARENT_HBN|region=PARENT_HBN_BULK_LIKE|degree=3|neighbor_elements=B:3|neighbor_types=PARENT_HBN:3
P:770,B,PARENT_HBN,PARENT,PARENT_HBN_BULK_LIKE,3,0,3,0,center=B|type=PARENT_HBN|region=PARENT_HBN_BULK_LIKE|degree=3|neighbor_elements=N:3|neighbor_types=PARENT_HBN:3
P:771,N,PARENT_HBN,PARENT,PARENT_HBN_BULK_LIKE,3,3,0,0,center=N|type=PARENT_HBN|region=PARENT_HBN_BULK_LIKE|degree=3|neighbor_elements=B:3|neighbor_types=PARENT_HBN:3
P:772,B,PARENT_HBN,PARENT,PARENT_HBN_BULK_LIKE,3,0,3,0,center=B|type=PARENT_HBN|region=PARENT_HBN_BULK_LIKE|degree=3|neighbor_elements=N:3|neighbor_types=PARENT_HBN:3
P:773,N,PARENT_HBN,PARENT,PARENT_HBN_BULK_LIKE,3,3,0,0,center=N|type=PARENT_HBN|region=PARENT_HBN_BULK_LIKE|degree=3|neighbor_elements=B:3|neighbor_types=PARENT_HBN:3
P:774,B,PARENT_HBN,PARENT,PARENT_HBN_BULK_LIKE,3,0,3,0,center=B|type=PARENT_HBN|region=PARENT_HBN_BULK_LIKE|degree=3|neighbor_elements=N:3|neighbor_types=PARENT_HBN:3
P:775,N,PARENT_HBN,PARENT,PARENT_HBN_BULK_LIKE,3,3,0,0,center=N|type=PARENT_HBN|region=PARENT_HBN_BULK_LIKE|degree=3|neighbor_elements=B:3|neighbor_types=PARENT_HBN:3
P:776,B,PARENT_HBN,PARENT,PARENT_HBN_BULK_LIKE,3,0,3,0,center=B|type=PARENT_HBN|region=PARENT_HBN_BULK_LIKE|degree=3|neighbor_elements=N:3|neighbor_types=PARENT_HBN:3
P:777,N,PARENT_HBN,PARENT,PARENT_HBN_BULK_LIKE,3,3,0,0,center=N|type=PARENT_HBN|region=PARENT_HBN_BULK_LIKE|degree=3|neighbor_elements=B:3|neighbor_types=PARENT_HBN:3
P:778,B,PARENT_HBN,PARENT,PARENT_HBN_BULK_LIKE,3,0,3,0,center=B|type=PARENT_HBN|region=PARENT_HBN_BULK_LIKE|degree=3|neighbor_elements=N:3|neighbor_types=PARENT_HBN:3
P:779,N,PARENT_HBN,PARENT,PARENT_HBN_BULK_LIKE,3,3,0,0,center=N|type=PARENT_HBN|region=PARENT_HBN_BULK_LIKE|degree=3|neighbor_elements=B:3|neighbor_types=PARENT_HBN:3
P:78,B,PARENT_HBN,PARENT,PARENT_HBN_BULK_LIKE,3,0,3,0,center=B|type=PARENT_HBN|region=PARENT_HBN_BULK_LIKE|degree=3|neighbor_elements=N:3|neighbor_types=PARENT_HBN:3
P:780,B,PARENT_HBN,PARENT,PARENT_HBN_BULK_LIKE,3,0,3,0,center=B|type=PARENT_HBN|region=PARENT_HBN_BULK_LIKE|degree=3|neighbor_elements=N:3|neighbor_types=PARENT_HBN:3
P:781,N,PARENT_HBN,PARENT,PARENT_HBN_BULK_LIKE,3,3,0,0,center=N|type=PARENT_HBN|region=PARENT_HBN_BULK_LIKE|degree=3|neighbor_elements=B:3|neighbor_types=PARENT_HBN:3
P:782,B,PARENT_HBN,PARENT,PARENT_HBN_BULK_LIKE,3,0,3,0,center=B|type=PARENT_HBN|region=PARENT_HBN_BULK_LIKE|degree=3|neighbor_elements=N:3|neighbor_types=PARENT_HBN:3
P:783,N,PARENT_HBN,PARENT,PARENT_HBN_BULK_LIKE,3,3,0,0,center=N|type=PARENT_HBN|region=PARENT_HBN_BULK_LIKE|degree=3|neighbor_elements=B:3|neighbor_types=PARENT_HBN:3
P:784,B,PARENT_HBN,PARENT,PARENT_HBN_BULK_LIKE,3,0,3,0,center=B|type=PARENT_HBN|region=PARENT_HBN_BULK_LIKE|degree=3|neighbor_elements=N:3|neighbor_types=PARENT_HBN:3
P:785,N,PARENT_HBN,PARENT,PARENT_HBN_BULK_LIKE,3,3,0,0,center=N|type=PARENT_HBN|region=PARENT_HBN_BULK_LIKE|degree=3|neighbor_elements=B:3|neighbor_types=PARENT_HBN:3
P:786,B,PARENT_HBN,PARENT,PARENT_HBN_BULK_LIKE,3,0,3,0,center=B|type=PARENT_HBN|region=PARENT_HBN_BULK_LIKE|degree=3|neighbor_elements=N:3|neighbor_types=PARENT_HBN:3
P:787,N,PARENT_HBN,PARENT,PARENT_HBN_BULK_LIKE,3,3,0,0,center=N|type=PARENT_HBN|region=PARENT_HBN_BULK_LIKE|degree=3|neighbor_elements=B:3|neighbor_types=PARENT_HBN:3
P:788,B,PARENT_HBN,PARENT,PARENT_HBN_BULK_LIKE,3,0,3,0,center=B|type=PARENT_HBN|region=PARENT_HBN_BULK_LIKE|degree=3|neighbor_elements=N:3|neighbor_types=PARENT_HBN:3
P:789,N,PARENT_HBN,PARENT,PARENT_HBN_BULK_LIKE,3,3,0,0,center=N|type=PARENT_HBN|region=PARENT_HBN_BULK_LIKE|degree=3|neighbor_elements=B:3|neighbor_types=PARENT_HBN:3
P:79,N,PARENT_HBN,PARENT,PARENT_HBN_BULK_LIKE,3,3,0,0,center=N|type=PARENT_HBN|region=PARENT_HBN_BULK_LIKE|degree=3|neighbor_elements=B:3|neighbor_types=PARENT_HBN:3
P:790,B,PARENT_HBN,PARENT,PARENT_HBN_BULK_LIKE,3,0,3,0,center=B|type=PARENT_HBN|region=PARENT_HBN_BULK_LIKE|degree=3|neighbor_elements=N:3|neighbor_types=PARENT_HBN:3
P:791,N,PARENT_HBN,PARENT,PARENT_HBN_BULK_LIKE,3,3,0,0,center=N|type=PARENT_HBN|region=PARENT_HBN_BULK_LIKE|degree=3|neighbor_elements=B:3|neighbor_types=PARENT_HBN:3
P:792,B,PARENT_HBN,PARENT,PARENT_HBN_BULK_LIKE,3,0,3,0,center=B|type=PARENT_HBN|region=PARENT_HBN_BULK_LIKE|degree=3|neighbor_elements=N:3|neighbor_types=PARENT_HBN:3
P:793,N,PARENT_HBN,PARENT,PARENT_HBN_BULK_LIKE,3,3,0,0,center=N|type=PARENT_HBN|region=PARENT_HBN_BULK_LIKE|degree=3|neighbor_elements=B:3|neighbor_types=PARENT_HBN:3
P:794,B,PARENT_HBN,PARENT,PARENT_HBN_BULK_LIKE,3,0,3,0,center=B|type=PARENT_HBN|region=PARENT_HBN_BULK_LIKE|degree=3|neighbor_elements=N:3|neighbor_types=PARENT_HBN:3
P:795,N,PARENT_HBN,PARENT,PARENT_HBN_BULK_LIKE,3,3,0,0,center=N|type=PARENT_HBN|region=PARENT_HBN_BULK_LIKE|degree=3|neighbor_elements=B:3|neighbor_types=PARENT_HBN:3
P:796,B,PARENT_HBN,PARENT,PARENT_HBN_BULK_LIKE,3,0,3,0,center=B|type=PARENT_HBN|region=PARENT_HBN_BULK_LIKE|degree=3|neighbor_elements=N:3|neighbor_types=PARENT_HBN:3
P:797,N,PARENT_HBN,PARENT,PARENT_HBN_BULK_LIKE,3,3,0,0,center=N|type=PARENT_HBN|region=PARENT_HBN_BULK_LIKE|degree=3|neighbor_elements=B:3|neighbor_types=PARENT_HBN:3
P:798,B,PARENT_HBN,PARENT,PARENT_HBN_BULK_LIKE,3,0,3,0,center=B|type=PARENT_HBN|region=PARENT_HBN_BULK_LIKE|degree=3|neighbor_elements=N:3|neighbor_types=PARENT_HBN:3
P:799,N,PARENT_HBN,PARENT,PARENT_HBN_BULK_LIKE,3,3,0,0,center=N|type=PARENT_HBN|region=PARENT_HBN_BULK_LIKE|degree=3|neighbor_elements=B:3|neighbor_types=PARENT_HBN:3
P:8,B,PARENT_HBN,PARENT,PARENT_SEED_ATTACHMENT,3,0,3,0,"center=B|type=PARENT_HBN|region=PARENT_SEED_ATTACHMENT|degree=3|neighbor_elements=N:3|neighbor_types=HEXAGONAL_EDGE_COMPLETION_SEED:2,PARENT_HBN:1"
P:80,B,PARENT_HBN,PARENT,PARENT_HBN_BULK_LIKE,3,0,3,0,center=B|type=PARENT_HBN|region=PARENT_HBN_BULK_LIKE|degree=3|neighbor_elements=N:3|neighbor_types=PARENT_HBN:3
P:800,B,PARENT_HBN,PARENT,PARENT_HBN_BULK_LIKE,3,0,3,0,center=B|type=PARENT_HBN|region=PARENT_HBN_BULK_LIKE|degree=3|neighbor_elements=N:3|neighbor_types=PARENT_HBN:3
P:801,N,PARENT_HBN,PARENT,PARENT_HBN_BULK_LIKE,3,3,0,0,center=N|type=PARENT_HBN|region=PARENT_HBN_BULK_LIKE|degree=3|neighbor_elements=B:3|neighbor_types=PARENT_HBN:3
P:802,B,PARENT_HBN,PARENT,PARENT_HBN_BULK_LIKE,3,0,3,0,center=B|type=PARENT_HBN|region=PARENT_HBN_BULK_LIKE|degree=3|neighbor_elements=N:3|neighbor_types=PARENT_HBN:3
P:803,N,PARENT_HBN,PARENT,PARENT_HBN_BULK_LIKE,3,3,0,0,center=N|type=PARENT_HBN|region=PARENT_HBN_BULK_LIKE|degree=3|neighbor_elements=B:3|neighbor_types=PARENT_HBN:3
P:804,B,PARENT_HBN,PARENT,PARENT_HBN_BULK_LIKE,3,0,3,0,center=B|type=PARENT_HBN|region=PARENT_HBN_BULK_LIKE|degree=3|neighbor_elements=N:3|neighbor_types=PARENT_HBN:3
P:805,N,PARENT_HBN,PARENT,PARENT_HBN_BULK_LIKE,3,3,0,0,center=N|type=PARENT_HBN|region=PARENT_HBN_BULK_LIKE|degree=3|neighbor_elements=B:3|neighbor_types=PARENT_HBN:3
P:806,B,PARENT_HBN,PARENT,PARENT_HBN_BULK_LIKE,3,0,3,0,center=B|type=PARENT_HBN|region=PARENT_HBN_BULK_LIKE|degree=3|neighbor_elements=N:3|neighbor_types=PARENT_HBN:3
P:807,N,PARENT_HBN,PARENT,PARENT_HBN_BULK_LIKE,3,3,0,0,center=N|type=PARENT_HBN|region=PARENT_HBN_BULK_LIKE|degree=3|neighbor_elements=B:3|neighbor_types=PARENT_HBN:3
P:808,B,PARENT_HBN,PARENT,PARENT_HBN_BULK_LIKE,3,0,3,0,center=B|type=PARENT_HBN|region=PARENT_HBN_BULK_LIKE|degree=3|neighbor_elements=N:3|neighbor_types=PARENT_HBN:3
P:809,N,PARENT_HBN,PARENT,PARENT_HBN_BULK_LIKE,3,3,0,0,center=N|type=PARENT_HBN|region=PARENT_HBN_BULK_LIKE|degree=3|neighbor_elements=B:3|neighbor_types=PARENT_HBN:3
P:81,N,PARENT_HBN,PARENT,PARENT_HBN_BULK_LIKE,3,3,0,0,center=N|type=PARENT_HBN|region=PARENT_HBN_BULK_LIKE|degree=3|neighbor_elements=B:3|neighbor_types=PARENT_HBN:3
P:810,B,PARENT_HBN,PARENT,PARENT_HBN_BULK_LIKE,3,0,3,0,center=B|type=PARENT_HBN|region=PARENT_HBN_BULK_LIKE|degree=3|neighbor_elements=N:3|neighbor_types=PARENT_HBN:3
P:811,N,PARENT_HBN,PARENT,PARENT_HBN_BULK_LIKE,3,3,0,0,center=N|type=PARENT_HBN|region=PARENT_HBN_BULK_LIKE|degree=3|neighbor_elements=B:3|neighbor_types=PARENT_HBN:3
P:812,B,PARENT_HBN,PARENT,PARENT_HBN_BULK_LIKE,3,0,3,0,center=B|type=PARENT_HBN|region=PARENT_HBN_BULK_LIKE|degree=3|neighbor_elements=N:3|neighbor_types=PARENT_HBN:3
P:813,N,PARENT_HBN,PARENT,PARENT_HBN_BULK_LIKE,3,3,0,0,center=N|type=PARENT_HBN|region=PARENT_HBN_BULK_LIKE|degree=3|neighbor_elements=B:3|neighbor_types=PARENT_HBN:3
P:814,B,PARENT_HBN,PARENT,PARENT_HBN_BULK_LIKE,3,0,3,0,center=B|type=PARENT_HBN|region=PARENT_HBN_BULK_LIKE|degree=3|neighbor_elements=N:3|neighbor_types=PARENT_HBN:3
P:815,N,PARENT_HBN,PARENT,PARENT_HBN_BULK_LIKE,3,3,0,0,center=N|type=PARENT_HBN|region=PARENT_HBN_BULK_LIKE|degree=3|neighbor_elements=B:3|neighbor_types=PARENT_HBN:3
P:816,B,PARENT_HBN,PARENT,PARENT_HBN_BULK_LIKE,3,0,3,0,center=B|type=PARENT_HBN|region=PARENT_HBN_BULK_LIKE|degree=3|neighbor_elements=N:3|neighbor_types=PARENT_HBN:3
P:817,N,PARENT_HBN,PARENT,PARENT_HBN_BULK_LIKE,3,3,0,0,center=N|type=PARENT_HBN|region=PARENT_HBN_BULK_LIKE|degree=3|neighbor_elements=B:3|neighbor_types=PARENT_HBN:3
P:818,B,PARENT_HBN,PARENT,PARENT_HBN_BULK_LIKE,3,0,3,0,center=B|type=PARENT_HBN|region=PARENT_HBN_BULK_LIKE|degree=3|neighbor_elements=N:3|neighbor_types=PARENT_HBN:3
P:819,N,PARENT_HBN,PARENT,PARENT_HBN_BULK_LIKE,3,3,0,0,center=N|type=PARENT_HBN|region=PARENT_HBN_BULK_LIKE|degree=3|neighbor_elements=B:3|neighbor_types=PARENT_HBN:3
P:82,B,PARENT_HBN,PARENT,PARENT_HBN_BULK_LIKE,3,0,3,0,center=B|type=PARENT_HBN|region=PARENT_HBN_BULK_LIKE|degree=3|neighbor_elements=N:3|neighbor_types=PARENT_HBN:3
P:820,B,PARENT_HBN,PARENT,PARENT_HBN_BULK_LIKE,3,0,3,0,center=B|type=PARENT_HBN|region=PARENT_HBN_BULK_LIKE|degree=3|neighbor_elements=N:3|neighbor_types=PARENT_HBN:3
P:821,N,PARENT_HBN,PARENT,PARENT_HBN_BULK_LIKE,3,3,0,0,center=N|type=PARENT_HBN|region=PARENT_HBN_BULK_LIKE|degree=3|neighbor_elements=B:3|neighbor_types=PARENT_HBN:3
P:822,B,PARENT_HBN,PARENT,PARENT_HBN_BULK_LIKE,3,0,3,0,center=B|type=PARENT_HBN|region=PARENT_HBN_BULK_LIKE|degree=3|neighbor_elements=N:3|neighbor_types=PARENT_HBN:3
P:823,N,PARENT_HBN,PARENT,PARENT_HBN_BULK_LIKE,3,3,0,0,center=N|type=PARENT_HBN|region=PARENT_HBN_BULK_LIKE|degree=3|neighbor_elements=B:3|neighbor_types=PARENT_HBN:3
P:824,B,PARENT_HBN,PARENT,PARENT_HBN_BULK_LIKE,3,0,3,0,center=B|type=PARENT_HBN|region=PARENT_HBN_BULK_LIKE|degree=3|neighbor_elements=N:3|neighbor_types=PARENT_HBN:3
P:825,N,PARENT_HBN,PARENT,PARENT_HBN_BULK_LIKE,3,3,0,0,center=N|type=PARENT_HBN|region=PARENT_HBN_BULK_LIKE|degree=3|neighbor_elements=B:3|neighbor_types=PARENT_HBN:3
P:826,B,PARENT_HBN,PARENT,PARENT_HBN_BULK_LIKE,3,0,3,0,center=B|type=PARENT_HBN|region=PARENT_HBN_BULK_LIKE|degree=3|neighbor_elements=N:3|neighbor_types=PARENT_HBN:3
P:827,N,PARENT_HBN,PARENT,PARENT_HBN_BULK_LIKE,3,3,0,0,center=N|type=PARENT_HBN|region=PARENT_HBN_BULK_LIKE|degree=3|neighbor_elements=B:3|neighbor_types=PARENT_HBN:3
P:828,B,PARENT_HBN,PARENT,PARENT_HBN_BULK_LIKE,3,0,3,0,center=B|type=PARENT_HBN|region=PARENT_HBN_BULK_LIKE|degree=3|neighbor_elements=N:3|neighbor_types=PARENT_HBN:3
P:829,N,PARENT_HBN,PARENT,PARENT_HBN_BULK_LIKE,3,3,0,0,center=N|type=PARENT_HBN|region=PARENT_HBN_BULK_LIKE|degree=3|neighbor_elements=B:3|neighbor_types=PARENT_HBN:3
P:83,N,PARENT_HBN,PARENT,PARENT_HBN_BULK_LIKE,3,3,0,0,center=N|type=PARENT_HBN|region=PARENT_HBN_BULK_LIKE|degree=3|neighbor_elements=B:3|neighbor_types=PARENT_HBN:3
P:830,B,PARENT_HBN,PARENT,PARENT_HBN_BULK_LIKE,3,0,3,0,center=B|type=PARENT_HBN|region=PARENT_HBN_BULK_LIKE|degree=3|neighbor_elements=N:3|neighbor_types=PARENT_HBN:3
P:831,N,PARENT_HBN,PARENT,PARENT_HBN_BULK_LIKE,3,3,0,0,center=N|type=PARENT_HBN|region=PARENT_HBN_BULK_LIKE|degree=3|neighbor_elements=B:3|neighbor_types=PARENT_HBN:3
P:832,B,PARENT_HBN,PARENT,PARENT_HBN_BULK_LIKE,3,0,3,0,center=B|type=PARENT_HBN|region=PARENT_HBN_BULK_LIKE|degree=3|neighbor_elements=N:3|neighbor_types=PARENT_HBN:3
P:833,N,PARENT_HBN,PARENT,PARENT_HBN_BULK_LIKE,3,3,0,0,center=N|type=PARENT_HBN|region=PARENT_HBN_BULK_LIKE|degree=3|neighbor_elements=B:3|neighbor_types=PARENT_HBN:3
P:834,B,PARENT_HBN,PARENT,PARENT_HBN_BULK_LIKE,3,0,3,0,center=B|type=PARENT_HBN|region=PARENT_HBN_BULK_LIKE|degree=3|neighbor_elements=N:3|neighbor_types=PARENT_HBN:3
P:835,N,PARENT_HBN,PARENT,PARENT_HBN_BULK_LIKE,3,3,0,0,center=N|type=PARENT_HBN|region=PARENT_HBN_BULK_LIKE|degree=3|neighbor_elements=B:3|neighbor_types=PARENT_HBN:3
P:836,B,PARENT_HBN,PARENT,PARENT_HBN_BULK_LIKE,3,0,3,0,center=B|type=PARENT_HBN|region=PARENT_HBN_BULK_LIKE|degree=3|neighbor_elements=N:3|neighbor_types=PARENT_HBN:3
P:837,N,PARENT_HBN,PARENT,PARENT_HBN_BULK_LIKE,3,3,0,0,center=N|type=PARENT_HBN|region=PARENT_HBN_BULK_LIKE|degree=3|neighbor_elements=B:3|neighbor_types=PARENT_HBN:3
P:838,B,PARENT_HBN,PARENT,PARENT_HBN_BULK_LIKE,3,0,3,0,center=B|type=PARENT_HBN|region=PARENT_HBN_BULK_LIKE|degree=3|neighbor_elements=N:3|neighbor_types=PARENT_HBN:3
P:839,N,PARENT_HBN,PARENT,PARENT_HBN_BULK_LIKE,3,3,0,0,center=N|type=PARENT_HBN|region=PARENT_HBN_BULK_LIKE|degree=3|neighbor_elements=B:3|neighbor_types=PARENT_HBN:3
P:84,B,PARENT_HBN,PARENT,PARENT_HBN_BULK_LIKE,3,0,3,0,center=B|type=PARENT_HBN|region=PARENT_HBN_BULK_LIKE|degree=3|neighbor_elements=N:3|neighbor_types=PARENT_HBN:3
P:840,B,PARENT_HBN,PARENT,PARENT_HBN_BULK_LIKE,3,0,3,0,center=B|type=PARENT_HBN|region=PARENT_HBN_BULK_LIKE|degree=3|neighbor_elements=N:3|neighbor_types=PARENT_HBN:3
P:841,N,PARENT_HBN,PARENT,PARENT_HBN_BULK_LIKE,3,3,0,0,center=N|type=PARENT_HBN|region=PARENT_HBN_BULK_LIKE|degree=3|neighbor_elements=B:3|neighbor_types=PARENT_HBN:3
P:842,B,PARENT_HBN,PARENT,PARENT_HBN_BULK_LIKE,3,0,3,0,center=B|type=PARENT_HBN|region=PARENT_HBN_BULK_LIKE|degree=3|neighbor_elements=N:3|neighbor_types=PARENT_HBN:3
P:843,N,PARENT_HBN,PARENT,PARENT_HBN_BULK_LIKE,3,3,0,0,center=N|type=PARENT_HBN|region=PARENT_HBN_BULK_LIKE|degree=3|neighbor_elements=B:3|neighbor_types=PARENT_HBN:3
P:844,B,PARENT_HBN,PARENT,PARENT_HBN_BULK_LIKE,3,0,3,0,center=B|type=PARENT_HBN|region=PARENT_HBN_BULK_LIKE|degree=3|neighbor_elements=N:3|neighbor_types=PARENT_HBN:3
P:845,N,PARENT_HBN,PARENT,PARENT_HBN_BULK_LIKE,3,3,0,0,center=N|type=PARENT_HBN|region=PARENT_HBN_BULK_LIKE|degree=3|neighbor_elements=B:3|neighbor_types=PARENT_HBN:3
P:846,B,PARENT_HBN,PARENT,PARENT_HBN_BULK_LIKE,3,0,3,0,center=B|type=PARENT_HBN|region=PARENT_HBN_BULK_LIKE|degree=3|neighbor_elements=N:3|neighbor_types=PARENT_HBN:3
P:847,N,PARENT_HBN,PARENT,PARENT_HBN_BULK_LIKE,3,3,0,0,center=N|type=PARENT_HBN|region=PARENT_HBN_BULK_LIKE|degree=3|neighbor_elements=B:3|neighbor_types=PARENT_HBN:3
P:848,B,PARENT_HBN,PARENT,PARENT_HBN_BULK_LIKE,3,0,3,0,center=B|type=PARENT_HBN|region=PARENT_HBN_BULK_LIKE|degree=3|neighbor_elements=N:3|neighbor_types=PARENT_HBN:3
P:849,N,PARENT_HBN,PARENT,PARENT_HBN_BULK_LIKE,3,3,0,0,center=N|type=PARENT_HBN|region=PARENT_HBN_BULK_LIKE|degree=3|neighbor_elements=B:3|neighbor_types=PARENT_HBN:3
P:85,N,PARENT_HBN,PARENT,PARENT_HBN_BULK_LIKE,3,3,0,0,center=N|type=PARENT_HBN|region=PARENT_HBN_BULK_LIKE|degree=3|neighbor_elements=B:3|neighbor_types=PARENT_HBN:3
P:850,B,PARENT_HBN,PARENT,PARENT_HBN_BULK_LIKE,3,0,3,0,center=B|type=PARENT_HBN|region=PARENT_HBN_BULK_LIKE|degree=3|neighbor_elements=N:3|neighbor_types=PARENT_HBN:3
P:851,N,PARENT_HBN,PARENT,PARENT_HBN_BULK_LIKE,3,3,0,0,center=N|type=PARENT_HBN|region=PARENT_HBN_BULK_LIKE|degree=3|neighbor_elements=B:3|neighbor_types=PARENT_HBN:3
P:852,B,PARENT_HBN,PARENT,PARENT_HBN_BULK_LIKE,3,0,3,0,center=B|type=PARENT_HBN|region=PARENT_HBN_BULK_LIKE|degree=3|neighbor_elements=N:3|neighbor_types=PARENT_HBN:3
P:853,N,PARENT_HBN,PARENT,PARENT_HBN_BULK_LIKE,3,3,0,0,center=N|type=PARENT_HBN|region=PARENT_HBN_BULK_LIKE|degree=3|neighbor_elements=B:3|neighbor_types=PARENT_HBN:3
P:854,B,PARENT_HBN,PARENT,PARENT_HBN_BULK_LIKE,3,0,3,0,center=B|type=PARENT_HBN|region=PARENT_HBN_BULK_LIKE|degree=3|neighbor_elements=N:3|neighbor_types=PARENT_HBN:3
P:855,N,PARENT_HBN,PARENT,PARENT_HBN_BULK_LIKE,3,3,0,0,center=N|type=PARENT_HBN|region=PARENT_HBN_BULK_LIKE|degree=3|neighbor_elements=B:3|neighbor_types=PARENT_HBN:3
P:856,B,PARENT_HBN,PARENT,PARENT_HBN_BULK_LIKE,3,0,3,0,center=B|type=PARENT_HBN|region=PARENT_HBN_BULK_LIKE|degree=3|neighbor_elements=N:3|neighbor_types=PARENT_HBN:3
P:857,N,PARENT_HBN,PARENT,PARENT_HBN_BULK_LIKE,3,3,0,0,center=N|type=PARENT_HBN|region=PARENT_HBN_BULK_LIKE|degree=3|neighbor_elements=B:3|neighbor_types=PARENT_HBN:3
P:858,B,PARENT_HBN,PARENT,PARENT_HBN_BULK_LIKE,3,0,3,0,center=B|type=PARENT_HBN|region=PARENT_HBN_BULK_LIKE|degree=3|neighbor_elements=N:3|neighbor_types=PARENT_HBN:3
P:859,N,PARENT_HBN,PARENT,PARENT_HBN_BULK_LIKE,3,3,0,0,center=N|type=PARENT_HBN|region=PARENT_HBN_BULK_LIKE|degree=3|neighbor_elements=B:3|neighbor_types=PARENT_HBN:3
P:86,B,PARENT_HBN,PARENT,PARENT_HBN_BULK_LIKE,3,0,3,0,center=B|type=PARENT_HBN|region=PARENT_HBN_BULK_LIKE|degree=3|neighbor_elements=N:3|neighbor_types=PARENT_HBN:3
P:860,B,PARENT_HBN,PARENT,PARENT_HBN_BULK_LIKE,3,0,3,0,center=B|type=PARENT_HBN|region=PARENT_HBN_BULK_LIKE|degree=3|neighbor_elements=N:3|neighbor_types=PARENT_HBN:3
P:861,N,PARENT_HBN,PARENT,PARENT_HBN_BULK_LIKE,3,3,0,0,center=N|type=PARENT_HBN|region=PARENT_HBN_BULK_LIKE|degree=3|neighbor_elements=B:3|neighbor_types=PARENT_HBN:3
P:862,B,PARENT_HBN,PARENT,PARENT_HBN_BULK_LIKE,3,0,3,0,center=B|type=PARENT_HBN|region=PARENT_HBN_BULK_LIKE|degree=3|neighbor_elements=N:3|neighbor_types=PARENT_HBN:3
P:863,N,PARENT_HBN,PARENT,PARENT_HBN_BULK_LIKE,3,3,0,0,center=N|type=PARENT_HBN|region=PARENT_HBN_BULK_LIKE|degree=3|neighbor_elements=B:3|neighbor_types=PARENT_HBN:3
P:864,B,PARENT_HBN,PARENT,PARENT_HBN_BULK_LIKE,3,0,3,0,center=B|type=PARENT_HBN|region=PARENT_HBN_BULK_LIKE|degree=3|neighbor_elements=N:3|neighbor_types=PARENT_HBN:3
P:865,N,PARENT_HBN,PARENT,PARENT_HBN_BULK_LIKE,3,3,0,0,center=N|type=PARENT_HBN|region=PARENT_HBN_BULK_LIKE|degree=3|neighbor_elements=B:3|neighbor_types=PARENT_HBN:3
P:866,B,PARENT_HBN,PARENT,PARENT_HBN_BULK_LIKE,3,0,3,0,center=B|type=PARENT_HBN|region=PARENT_HBN_BULK_LIKE|degree=3|neighbor_elements=N:3|neighbor_types=PARENT_HBN:3
P:867,N,PARENT_HBN,PARENT,PARENT_HBN_BULK_LIKE,3,3,0,0,center=N|type=PARENT_HBN|region=PARENT_HBN_BULK_LIKE|degree=3|neighbor_elements=B:3|neighbor_types=PARENT_HBN:3
P:868,B,PARENT_HBN,PARENT,PARENT_HBN_BULK_LIKE,3,0,3,0,center=B|type=PARENT_HBN|region=PARENT_HBN_BULK_LIKE|degree=3|neighbor_elements=N:3|neighbor_types=PARENT_HBN:3
P:869,N,PARENT_HBN,PARENT,PARENT_HBN_BULK_LIKE,3,3,0,0,center=N|type=PARENT_HBN|region=PARENT_HBN_BULK_LIKE|degree=3|neighbor_elements=B:3|neighbor_types=PARENT_HBN:3
P:87,N,PARENT_HBN,PARENT,PARENT_HBN_BULK_LIKE,3,3,0,0,center=N|type=PARENT_HBN|region=PARENT_HBN_BULK_LIKE|degree=3|neighbor_elements=B:3|neighbor_types=PARENT_HBN:3
P:870,B,PARENT_HBN,PARENT,PARENT_HBN_BULK_LIKE,3,0,3,0,center=B|type=PARENT_HBN|region=PARENT_HBN_BULK_LIKE|degree=3|neighbor_elements=N:3|neighbor_types=PARENT_HBN:3
P:871,N,PARENT_HBN,PARENT,PARENT_HBN_BULK_LIKE,3,3,0,0,center=N|type=PARENT_HBN|region=PARENT_HBN_BULK_LIKE|degree=3|neighbor_elements=B:3|neighbor_types=PARENT_HBN:3
P:872,B,PARENT_HBN,PARENT,PARENT_HBN_BULK_LIKE,3,0,3,0,center=B|type=PARENT_HBN|region=PARENT_HBN_BULK_LIKE|degree=3|neighbor_elements=N:3|neighbor_types=PARENT_HBN:3
P:873,N,PARENT_HBN,PARENT,PARENT_HBN_BULK_LIKE,3,3,0,0,center=N|type=PARENT_HBN|region=PARENT_HBN_BULK_LIKE|degree=3|neighbor_elements=B:3|neighbor_types=PARENT_HBN:3
P:874,B,PARENT_HBN,PARENT,PARENT_HBN_BULK_LIKE,3,0,3,0,center=B|type=PARENT_HBN|region=PARENT_HBN_BULK_LIKE|degree=3|neighbor_elements=N:3|neighbor_types=PARENT_HBN:3
P:875,N,PARENT_HBN,PARENT,PARENT_HBN_BULK_LIKE,3,3,0,0,center=N|type=PARENT_HBN|region=PARENT_HBN_BULK_LIKE|degree=3|neighbor_elements=B:3|neighbor_types=PARENT_HBN:3
P:876,B,PARENT_HBN,PARENT,PARENT_HBN_BULK_LIKE,3,0,3,0,center=B|type=PARENT_HBN|region=PARENT_HBN_BULK_LIKE|degree=3|neighbor_elements=N:3|neighbor_types=PARENT_HBN:3
P:877,N,PARENT_HBN,PARENT,PARENT_HBN_BULK_LIKE,3,3,0,0,center=N|type=PARENT_HBN|region=PARENT_HBN_BULK_LIKE|degree=3|neighbor_elements=B:3|neighbor_types=PARENT_HBN:3
P:878,B,PARENT_HBN,PARENT,PARENT_HBN_BULK_LIKE,3,0,3,0,center=B|type=PARENT_HBN|region=PARENT_HBN_BULK_LIKE|degree=3|neighbor_elements=N:3|neighbor_types=PARENT_HBN:3
P:879,N,PARENT_HBN,PARENT,PARENT_HBN_BULK_LIKE,3,3,0,0,center=N|type=PARENT_HBN|region=PARENT_HBN_BULK_LIKE|degree=3|neighbor_elements=B:3|neighbor_types=PARENT_HBN:3
P:88,B,PARENT_HBN,PARENT,PARENT_HBN_BULK_LIKE,3,0,3,0,center=B|type=PARENT_HBN|region=PARENT_HBN_BULK_LIKE|degree=3|neighbor_elements=N:3|neighbor_types=PARENT_HBN:3
P:880,B,PARENT_HBN,PARENT,PARENT_HBN_BULK_LIKE,3,0,3,0,center=B|type=PARENT_HBN|region=PARENT_HBN_BULK_LIKE|degree=3|neighbor_elements=N:3|neighbor_types=PARENT_HBN:3
P:881,N,PARENT_HBN,PARENT,PARENT_HBN_BULK_LIKE,3,3,0,0,center=N|type=PARENT_HBN|region=PARENT_HBN_BULK_LIKE|degree=3|neighbor_elements=B:3|neighbor_types=PARENT_HBN:3
P:882,B,PARENT_HBN,PARENT,PARENT_HBN_BULK_LIKE,3,0,3,0,center=B|type=PARENT_HBN|region=PARENT_HBN_BULK_LIKE|degree=3|neighbor_elements=N:3|neighbor_types=PARENT_HBN:3
P:883,N,PARENT_HBN,PARENT,PARENT_HBN_BULK_LIKE,3,3,0,0,center=N|type=PARENT_HBN|region=PARENT_HBN_BULK_LIKE|degree=3|neighbor_elements=B:3|neighbor_types=PARENT_HBN:3
P:884,B,PARENT_HBN,PARENT,PARENT_HBN_BULK_LIKE,3,0,3,0,center=B|type=PARENT_HBN|region=PARENT_HBN_BULK_LIKE|degree=3|neighbor_elements=N:3|neighbor_types=PARENT_HBN:3
P:885,N,PARENT_HBN,PARENT,PARENT_HBN_BULK_LIKE,3,3,0,0,center=N|type=PARENT_HBN|region=PARENT_HBN_BULK_LIKE|degree=3|neighbor_elements=B:3|neighbor_types=PARENT_HBN:3
P:886,B,PARENT_HBN,PARENT,PARENT_HBN_BULK_LIKE,3,0,3,0,center=B|type=PARENT_HBN|region=PARENT_HBN_BULK_LIKE|degree=3|neighbor_elements=N:3|neighbor_types=PARENT_HBN:3
P:887,N,PARENT_HBN,PARENT,PARENT_HBN_BULK_LIKE,3,3,0,0,center=N|type=PARENT_HBN|region=PARENT_HBN_BULK_LIKE|degree=3|neighbor_elements=B:3|neighbor_types=PARENT_HBN:3
P:888,B,PARENT_HBN,PARENT,PARENT_HBN_BULK_LIKE,3,0,3,0,center=B|type=PARENT_HBN|region=PARENT_HBN_BULK_LIKE|degree=3|neighbor_elements=N:3|neighbor_types=PARENT_HBN:3
P:889,N,PARENT_HBN,PARENT,PARENT_HBN_BULK_LIKE,3,3,0,0,center=N|type=PARENT_HBN|region=PARENT_HBN_BULK_LIKE|degree=3|neighbor_elements=B:3|neighbor_types=PARENT_HBN:3
P:89,N,PARENT_HBN,PARENT,PARENT_HBN_BULK_LIKE,3,3,0,0,center=N|type=PARENT_HBN|region=PARENT_HBN_BULK_LIKE|degree=3|neighbor_elements=B:3|neighbor_types=PARENT_HBN:3
P:890,B,PARENT_HBN,PARENT,PARENT_HBN_BULK_LIKE,3,0,3,0,center=B|type=PARENT_HBN|region=PARENT_HBN_BULK_LIKE|degree=3|neighbor_elements=N:3|neighbor_types=PARENT_HBN:3
P:891,N,PARENT_HBN,PARENT,PARENT_HBN_BULK_LIKE,3,3,0,0,center=N|type=PARENT_HBN|region=PARENT_HBN_BULK_LIKE|degree=3|neighbor_elements=B:3|neighbor_types=PARENT_HBN:3
P:892,B,PARENT_HBN,PARENT,PARENT_HBN_BULK_LIKE,3,0,3,0,center=B|type=PARENT_HBN|region=PARENT_HBN_BULK_LIKE|degree=3|neighbor_elements=N:3|neighbor_types=PARENT_HBN:3
P:893,N,PARENT_HBN,PARENT,PARENT_HBN_BULK_LIKE,3,3,0,0,center=N|type=PARENT_HBN|region=PARENT_HBN_BULK_LIKE|degree=3|neighbor_elements=B:3|neighbor_types=PARENT_HBN:3
P:894,B,PARENT_HBN,PARENT,PARENT_HBN_BULK_LIKE,3,0,3,0,center=B|type=PARENT_HBN|region=PARENT_HBN_BULK_LIKE|degree=3|neighbor_elements=N:3|neighbor_types=PARENT_HBN:3
P:895,N,PARENT_HBN,PARENT,PARENT_HBN_BULK_LIKE,3,3,0,0,center=N|type=PARENT_HBN|region=PARENT_HBN_BULK_LIKE|degree=3|neighbor_elements=B:3|neighbor_types=PARENT_HBN:3
P:896,B,PARENT_HBN,PARENT,PARENT_HBN_BULK_LIKE,3,0,3,0,center=B|type=PARENT_HBN|region=PARENT_HBN_BULK_LIKE|degree=3|neighbor_elements=N:3|neighbor_types=PARENT_HBN:3
P:897,N,PARENT_HBN,PARENT,PARENT_HBN_BULK_LIKE,3,3,0,0,center=N|type=PARENT_HBN|region=PARENT_HBN_BULK_LIKE|degree=3|neighbor_elements=B:3|neighbor_types=PARENT_HBN:3
P:898,B,PARENT_HBN,PARENT,PARENT_HBN_BULK_LIKE,3,0,3,0,center=B|type=PARENT_HBN|region=PARENT_HBN_BULK_LIKE|degree=3|neighbor_elements=N:3|neighbor_types=PARENT_HBN:3
P:899,N,PARENT_HBN,PARENT,PARENT_HBN_BULK_LIKE,3,3,0,0,center=N|type=PARENT_HBN|region=PARENT_HBN_BULK_LIKE|degree=3|neighbor_elements=B:3|neighbor_types=PARENT_HBN:3
P:9,N,PARENT_HBN,PARENT,PARENT_HBN_BULK_LIKE,3,3,0,0,center=N|type=PARENT_HBN|region=PARENT_HBN_BULK_LIKE|degree=3|neighbor_elements=B:3|neighbor_types=PARENT_HBN:3
P:90,B,PARENT_HBN,PARENT,PARENT_HBN_BULK_LIKE,3,0,3,0,center=B|type=PARENT_HBN|region=PARENT_HBN_BULK_LIKE|degree=3|neighbor_elements=N:3|neighbor_types=PARENT_HBN:3
P:900,B,PARENT_HBN,PARENT,PARENT_HBN_BULK_LIKE,3,0,3,0,center=B|type=PARENT_HBN|region=PARENT_HBN_BULK_LIKE|degree=3|neighbor_elements=N:3|neighbor_types=PARENT_HBN:3
P:901,N,PARENT_HBN,PARENT,PARENT_HBN_BULK_LIKE,3,3,0,0,center=N|type=PARENT_HBN|region=PARENT_HBN_BULK_LIKE|degree=3|neighbor_elements=B:3|neighbor_types=PARENT_HBN:3
P:902,B,PARENT_HBN,PARENT,PARENT_HBN_BULK_LIKE,3,0,3,0,center=B|type=PARENT_HBN|region=PARENT_HBN_BULK_LIKE|degree=3|neighbor_elements=N:3|neighbor_types=PARENT_HBN:3
P:903,N,PARENT_HBN,PARENT,PARENT_HBN_BULK_LIKE,3,3,0,0,center=N|type=PARENT_HBN|region=PARENT_HBN_BULK_LIKE|degree=3|neighbor_elements=B:3|neighbor_types=PARENT_HBN:3
P:904,B,PARENT_HBN,PARENT,PARENT_HBN_BULK_LIKE,3,0,3,0,center=B|type=PARENT_HBN|region=PARENT_HBN_BULK_LIKE|degree=3|neighbor_elements=N:3|neighbor_types=PARENT_HBN:3
P:905,N,PARENT_HBN,PARENT,PARENT_HBN_BULK_LIKE,3,3,0,0,center=N|type=PARENT_HBN|region=PARENT_HBN_BULK_LIKE|degree=3|neighbor_elements=B:3|neighbor_types=PARENT_HBN:3
P:906,B,PARENT_HBN,PARENT,PARENT_HBN_BULK_LIKE,3,0,3,0,center=B|type=PARENT_HBN|region=PARENT_HBN_BULK_LIKE|degree=3|neighbor_elements=N:3|neighbor_types=PARENT_HBN:3
P:907,N,PARENT_HBN,PARENT,PARENT_HBN_BULK_LIKE,3,3,0,0,center=N|type=PARENT_HBN|region=PARENT_HBN_BULK_LIKE|degree=3|neighbor_elements=B:3|neighbor_types=PARENT_HBN:3
P:908,B,PARENT_HBN,PARENT,PARENT_HBN_BULK_LIKE,3,0,3,0,center=B|type=PARENT_HBN|region=PARENT_HBN_BULK_LIKE|degree=3|neighbor_elements=N:3|neighbor_types=PARENT_HBN:3
P:909,N,PARENT_HBN,PARENT,PARENT_HBN_BULK_LIKE,3,3,0,0,center=N|type=PARENT_HBN|region=PARENT_HBN_BULK_LIKE|degree=3|neighbor_elements=B:3|neighbor_types=PARENT_HBN:3
P:91,N,PARENT_HBN,PARENT,PARENT_HBN_BULK_LIKE,3,3,0,0,center=N|type=PARENT_HBN|region=PARENT_HBN_BULK_LIKE|degree=3|neighbor_elements=B:3|neighbor_types=PARENT_HBN:3
P:910,B,PARENT_HBN,PARENT,PARENT_HBN_BULK_LIKE,3,0,3,0,center=B|type=PARENT_HBN|region=PARENT_HBN_BULK_LIKE|degree=3|neighbor_elements=N:3|neighbor_types=PARENT_HBN:3
P:911,N,PARENT_HBN,PARENT,PARENT_HBN_BULK_LIKE,3,3,0,0,center=N|type=PARENT_HBN|region=PARENT_HBN_BULK_LIKE|degree=3|neighbor_elements=B:3|neighbor_types=PARENT_HBN:3
P:912,B,PARENT_HBN,PARENT,PARENT_HBN_BULK_LIKE,3,0,3,0,center=B|type=PARENT_HBN|region=PARENT_HBN_BULK_LIKE|degree=3|neighbor_elements=N:3|neighbor_types=PARENT_HBN:3
P:913,N,PARENT_HBN,PARENT,PARENT_HBN_BULK_LIKE,3,3,0,0,center=N|type=PARENT_HBN|region=PARENT_HBN_BULK_LIKE|degree=3|neighbor_elements=B:3|neighbor_types=PARENT_HBN:3
P:914,B,PARENT_HBN,PARENT,PARENT_HBN_BULK_LIKE,3,0,3,0,center=B|type=PARENT_HBN|region=PARENT_HBN_BULK_LIKE|degree=3|neighbor_elements=N:3|neighbor_types=PARENT_HBN:3
P:915,N,PARENT_HBN,PARENT,PARENT_HBN_BULK_LIKE,3,3,0,0,center=N|type=PARENT_HBN|region=PARENT_HBN_BULK_LIKE|degree=3|neighbor_elements=B:3|neighbor_types=PARENT_HBN:3
P:916,B,PARENT_HBN,PARENT,PARENT_HBN_BULK_LIKE,3,0,3,0,center=B|type=PARENT_HBN|region=PARENT_HBN_BULK_LIKE|degree=3|neighbor_elements=N:3|neighbor_types=PARENT_HBN:3
P:917,N,PARENT_HBN,PARENT,PARENT_HBN_BULK_LIKE,3,3,0,0,center=N|type=PARENT_HBN|region=PARENT_HBN_BULK_LIKE|degree=3|neighbor_elements=B:3|neighbor_types=PARENT_HBN:3
P:918,B,PARENT_HBN,PARENT,PARENT_HBN_BULK_LIKE,3,0,3,0,center=B|type=PARENT_HBN|region=PARENT_HBN_BULK_LIKE|degree=3|neighbor_elements=N:3|neighbor_types=PARENT_HBN:3
P:919,N,PARENT_HBN,PARENT,PARENT_HBN_BULK_LIKE,3,3,0,0,center=N|type=PARENT_HBN|region=PARENT_HBN_BULK_LIKE|degree=3|neighbor_elements=B:3|neighbor_types=PARENT_HBN:3
P:92,B,PARENT_HBN,PARENT,PARENT_HBN_BULK_LIKE,3,0,3,0,center=B|type=PARENT_HBN|region=PARENT_HBN_BULK_LIKE|degree=3|neighbor_elements=N:3|neighbor_types=PARENT_HBN:3
P:920,B,PARENT_HBN,PARENT,PARENT_HBN_BULK_LIKE,3,0,3,0,center=B|type=PARENT_HBN|region=PARENT_HBN_BULK_LIKE|degree=3|neighbor_elements=N:3|neighbor_types=PARENT_HBN:3
P:921,N,PARENT_HBN,PARENT,PARENT_HBN_BULK_LIKE,3,3,0,0,center=N|type=PARENT_HBN|region=PARENT_HBN_BULK_LIKE|degree=3|neighbor_elements=B:3|neighbor_types=PARENT_HBN:3
P:922,B,PARENT_HBN,PARENT,PARENT_HBN_BULK_LIKE,3,0,3,0,center=B|type=PARENT_HBN|region=PARENT_HBN_BULK_LIKE|degree=3|neighbor_elements=N:3|neighbor_types=PARENT_HBN:3
P:923,N,PARENT_HBN,PARENT,PARENT_HBN_BULK_LIKE,3,3,0,0,center=N|type=PARENT_HBN|region=PARENT_HBN_BULK_LIKE|degree=3|neighbor_elements=B:3|neighbor_types=PARENT_HBN:3
P:924,B,PARENT_HBN,PARENT,PARENT_HBN_BULK_LIKE,3,0,3,0,center=B|type=PARENT_HBN|region=PARENT_HBN_BULK_LIKE|degree=3|neighbor_elements=N:3|neighbor_types=PARENT_HBN:3
P:925,N,PARENT_HBN,PARENT,PARENT_HBN_BULK_LIKE,3,3,0,0,center=N|type=PARENT_HBN|region=PARENT_HBN_BULK_LIKE|degree=3|neighbor_elements=B:3|neighbor_types=PARENT_HBN:3
P:926,B,PARENT_HBN,PARENT,PARENT_HBN_BULK_LIKE,3,0,3,0,center=B|type=PARENT_HBN|region=PARENT_HBN_BULK_LIKE|degree=3|neighbor_elements=N:3|neighbor_types=PARENT_HBN:3
P:927,N,PARENT_HBN,PARENT,PARENT_HBN_BULK_LIKE,3,3,0,0,center=N|type=PARENT_HBN|region=PARENT_HBN_BULK_LIKE|degree=3|neighbor_elements=B:3|neighbor_types=PARENT_HBN:3
P:928,B,PARENT_HBN,PARENT,PARENT_HBN_BULK_LIKE,3,0,3,0,center=B|type=PARENT_HBN|region=PARENT_HBN_BULK_LIKE|degree=3|neighbor_elements=N:3|neighbor_types=PARENT_HBN:3
P:929,N,PARENT_HBN,PARENT,PARENT_HBN_BULK_LIKE,3,3,0,0,center=N|type=PARENT_HBN|region=PARENT_HBN_BULK_LIKE|degree=3|neighbor_elements=B:3|neighbor_types=PARENT_HBN:3
P:93,N,PARENT_HBN,PARENT,PARENT_HBN_BULK_LIKE,3,3,0,0,center=N|type=PARENT_HBN|region=PARENT_HBN_BULK_LIKE|degree=3|neighbor_elements=B:3|neighbor_types=PARENT_HBN:3
P:930,B,PARENT_HBN,PARENT,PARENT_HBN_BULK_LIKE,3,0,3,0,center=B|type=PARENT_HBN|region=PARENT_HBN_BULK_LIKE|degree=3|neighbor_elements=N:3|neighbor_types=PARENT_HBN:3
P:931,N,PARENT_HBN,PARENT,PARENT_HBN_BULK_LIKE,3,3,0,0,center=N|type=PARENT_HBN|region=PARENT_HBN_BULK_LIKE|degree=3|neighbor_elements=B:3|neighbor_types=PARENT_HBN:3
P:932,B,PARENT_HBN,PARENT,PARENT_HBN_BULK_LIKE,3,0,3,0,center=B|type=PARENT_HBN|region=PARENT_HBN_BULK_LIKE|degree=3|neighbor_elements=N:3|neighbor_types=PARENT_HBN:3
P:933,N,PARENT_HBN,PARENT,PARENT_HBN_BULK_LIKE,3,3,0,0,center=N|type=PARENT_HBN|region=PARENT_HBN_BULK_LIKE|degree=3|neighbor_elements=B:3|neighbor_types=PARENT_HBN:3
P:934,B,PARENT_HBN,PARENT,PARENT_HBN_BULK_LIKE,3,0,3,0,center=B|type=PARENT_HBN|region=PARENT_HBN_BULK_LIKE|degree=3|neighbor_elements=N:3|neighbor_types=PARENT_HBN:3
P:935,N,PARENT_HBN,PARENT,PARENT_HBN_BULK_LIKE,3,3,0,0,center=N|type=PARENT_HBN|region=PARENT_HBN_BULK_LIKE|degree=3|neighbor_elements=B:3|neighbor_types=PARENT_HBN:3
P:936,B,PARENT_HBN,PARENT,PARENT_HBN_BULK_LIKE,3,0,3,0,center=B|type=PARENT_HBN|region=PARENT_HBN_BULK_LIKE|degree=3|neighbor_elements=N:3|neighbor_types=PARENT_HBN:3
P:937,N,PARENT_HBN,PARENT,PARENT_HBN_BULK_LIKE,3,3,0,0,center=N|type=PARENT_HBN|region=PARENT_HBN_BULK_LIKE|degree=3|neighbor_elements=B:3|neighbor_types=PARENT_HBN:3
P:938,B,PARENT_HBN,PARENT,PARENT_HBN_BULK_LIKE,3,0,3,0,center=B|type=PARENT_HBN|region=PARENT_HBN_BULK_LIKE|degree=3|neighbor_elements=N:3|neighbor_types=PARENT_HBN:3
P:939,N,PARENT_HBN,PARENT,PARENT_HBN_BULK_LIKE,3,3,0,0,center=N|type=PARENT_HBN|region=PARENT_HBN_BULK_LIKE|degree=3|neighbor_elements=B:3|neighbor_types=PARENT_HBN:3
P:94,B,PARENT_HBN,PARENT,PARENT_HBN_BULK_LIKE,3,0,3,0,center=B|type=PARENT_HBN|region=PARENT_HBN_BULK_LIKE|degree=3|neighbor_elements=N:3|neighbor_types=PARENT_HBN:3
P:940,B,PARENT_HBN,PARENT,PARENT_HBN_BULK_LIKE,3,0,3,0,center=B|type=PARENT_HBN|region=PARENT_HBN_BULK_LIKE|degree=3|neighbor_elements=N:3|neighbor_types=PARENT_HBN:3
P:941,N,PARENT_HBN,PARENT,PARENT_HBN_BULK_LIKE,3,3,0,0,center=N|type=PARENT_HBN|region=PARENT_HBN_BULK_LIKE|degree=3|neighbor_elements=B:3|neighbor_types=PARENT_HBN:3
P:942,B,PARENT_HBN,PARENT,PARENT_HBN_BULK_LIKE,3,0,3,0,center=B|type=PARENT_HBN|region=PARENT_HBN_BULK_LIKE|degree=3|neighbor_elements=N:3|neighbor_types=PARENT_HBN:3
P:943,N,PARENT_HBN,PARENT,PARENT_HBN_BULK_LIKE,3,3,0,0,center=N|type=PARENT_HBN|region=PARENT_HBN_BULK_LIKE|degree=3|neighbor_elements=B:3|neighbor_types=PARENT_HBN:3
P:944,B,PARENT_HBN,PARENT,PARENT_HBN_BULK_LIKE,3,0,3,0,center=B|type=PARENT_HBN|region=PARENT_HBN_BULK_LIKE|degree=3|neighbor_elements=N:3|neighbor_types=PARENT_HBN:3
P:945,N,PARENT_HBN,PARENT,PARENT_HBN_BULK_LIKE,3,3,0,0,center=N|type=PARENT_HBN|region=PARENT_HBN_BULK_LIKE|degree=3|neighbor_elements=B:3|neighbor_types=PARENT_HBN:3
P:946,B,PARENT_HBN,PARENT,PARENT_HBN_BULK_LIKE,3,0,3,0,center=B|type=PARENT_HBN|region=PARENT_HBN_BULK_LIKE|degree=3|neighbor_elements=N:3|neighbor_types=PARENT_HBN:3
P:947,N,PARENT_HBN,PARENT,PARENT_HBN_BULK_LIKE,3,3,0,0,center=N|type=PARENT_HBN|region=PARENT_HBN_BULK_LIKE|degree=3|neighbor_elements=B:3|neighbor_types=PARENT_HBN:3
P:948,B,PARENT_HBN,PARENT,PARENT_HBN_BULK_LIKE,3,0,3,0,center=B|type=PARENT_HBN|region=PARENT_HBN_BULK_LIKE|degree=3|neighbor_elements=N:3|neighbor_types=PARENT_HBN:3
P:949,N,PARENT_HBN,PARENT,PARENT_HBN_BULK_LIKE,3,3,0,0,center=N|type=PARENT_HBN|region=PARENT_HBN_BULK_LIKE|degree=3|neighbor_elements=B:3|neighbor_types=PARENT_HBN:3
P:95,N,PARENT_HBN,PARENT,PARENT_HBN_BULK_LIKE,3,3,0,0,center=N|type=PARENT_HBN|region=PARENT_HBN_BULK_LIKE|degree=3|neighbor_elements=B:3|neighbor_types=PARENT_HBN:3
P:950,B,PARENT_HBN,PARENT,PARENT_HBN_BULK_LIKE,3,0,3,0,center=B|type=PARENT_HBN|region=PARENT_HBN_BULK_LIKE|degree=3|neighbor_elements=N:3|neighbor_types=PARENT_HBN:3
P:951,N,PARENT_HBN,PARENT,PARENT_HBN_BULK_LIKE,3,3,0,0,center=N|type=PARENT_HBN|region=PARENT_HBN_BULK_LIKE|degree=3|neighbor_elements=B:3|neighbor_types=PARENT_HBN:3
P:952,B,PARENT_HBN,PARENT,PARENT_HBN_BULK_LIKE,3,0,3,0,center=B|type=PARENT_HBN|region=PARENT_HBN_BULK_LIKE|degree=3|neighbor_elements=N:3|neighbor_types=PARENT_HBN:3
P:953,N,PARENT_HBN,PARENT,PARENT_HBN_BULK_LIKE,3,3,0,0,center=N|type=PARENT_HBN|region=PARENT_HBN_BULK_LIKE|degree=3|neighbor_elements=B:3|neighbor_types=PARENT_HBN:3
P:954,B,PARENT_HBN,PARENT,PARENT_HBN_BULK_LIKE,3,0,3,0,center=B|type=PARENT_HBN|region=PARENT_HBN_BULK_LIKE|degree=3|neighbor_elements=N:3|neighbor_types=PARENT_HBN:3
P:955,N,PARENT_HBN,PARENT,PARENT_HBN_BULK_LIKE,3,3,0,0,center=N|type=PARENT_HBN|region=PARENT_HBN_BULK_LIKE|degree=3|neighbor_elements=B:3|neighbor_types=PARENT_HBN:3
P:956,B,PARENT_HBN,PARENT,PARENT_HBN_BULK_LIKE,3,0,3,0,center=B|type=PARENT_HBN|region=PARENT_HBN_BULK_LIKE|degree=3|neighbor_elements=N:3|neighbor_types=PARENT_HBN:3
P:957,N,PARENT_HBN,PARENT,PARENT_HBN_BULK_LIKE,3,3,0,0,center=N|type=PARENT_HBN|region=PARENT_HBN_BULK_LIKE|degree=3|neighbor_elements=B:3|neighbor_types=PARENT_HBN:3
P:958,B,PARENT_HBN,PARENT,PARENT_HBN_BULK_LIKE,3,0,3,0,center=B|type=PARENT_HBN|region=PARENT_HBN_BULK_LIKE|degree=3|neighbor_elements=N:3|neighbor_types=PARENT_HBN:3
P:959,N,PARENT_HBN,PARENT,PARENT_HBN_BULK_LIKE,3,3,0,0,center=N|type=PARENT_HBN|region=PARENT_HBN_BULK_LIKE|degree=3|neighbor_elements=B:3|neighbor_types=PARENT_HBN:3
P:96,B,PARENT_HBN,PARENT,PARENT_HBN_BULK_LIKE,3,0,3,0,center=B|type=PARENT_HBN|region=PARENT_HBN_BULK_LIKE|degree=3|neighbor_elements=N:3|neighbor_types=PARENT_HBN:3
P:960,B,PARENT_HBN,PARENT,PARENT_HBN_BULK_LIKE,3,0,3,0,center=B|type=PARENT_HBN|region=PARENT_HBN_BULK_LIKE|degree=3|neighbor_elements=N:3|neighbor_types=PARENT_HBN:3
P:961,N,PARENT_HBN,PARENT,PARENT_HBN_BULK_LIKE,3,3,0,0,center=N|type=PARENT_HBN|region=PARENT_HBN_BULK_LIKE|degree=3|neighbor_elements=B:3|neighbor_types=PARENT_HBN:3
P:962,B,PARENT_HBN,PARENT,PARENT_HBN_BULK_LIKE,3,0,3,0,center=B|type=PARENT_HBN|region=PARENT_HBN_BULK_LIKE|degree=3|neighbor_elements=N:3|neighbor_types=PARENT_HBN:3
P:963,N,PARENT_HBN,PARENT,PARENT_HBN_BULK_LIKE,3,3,0,0,center=N|type=PARENT_HBN|region=PARENT_HBN_BULK_LIKE|degree=3|neighbor_elements=B:3|neighbor_types=PARENT_HBN:3
P:964,B,PARENT_HBN,PARENT,PARENT_HBN_BULK_LIKE,3,0,3,0,center=B|type=PARENT_HBN|region=PARENT_HBN_BULK_LIKE|degree=3|neighbor_elements=N:3|neighbor_types=PARENT_HBN:3
P:965,N,PARENT_HBN,PARENT,PARENT_HBN_BULK_LIKE,3,3,0,0,center=N|type=PARENT_HBN|region=PARENT_HBN_BULK_LIKE|degree=3|neighbor_elements=B:3|neighbor_types=PARENT_HBN:3
P:966,B,PARENT_HBN,PARENT,PARENT_HBN_BULK_LIKE,3,0,3,0,center=B|type=PARENT_HBN|region=PARENT_HBN_BULK_LIKE|degree=3|neighbor_elements=N:3|neighbor_types=PARENT_HBN:3
P:967,N,PARENT_HBN,PARENT,PARENT_HBN_BULK_LIKE,3,3,0,0,center=N|type=PARENT_HBN|region=PARENT_HBN_BULK_LIKE|degree=3|neighbor_elements=B:3|neighbor_types=PARENT_HBN:3
P:968,B,PARENT_HBN,PARENT,PARENT_HBN_BULK_LIKE,3,0,3,0,center=B|type=PARENT_HBN|region=PARENT_HBN_BULK_LIKE|degree=3|neighbor_elements=N:3|neighbor_types=PARENT_HBN:3
P:969,N,PARENT_HBN,PARENT,PARENT_HBN_BULK_LIKE,3,3,0,0,center=N|type=PARENT_HBN|region=PARENT_HBN_BULK_LIKE|degree=3|neighbor_elements=B:3|neighbor_types=PARENT_HBN:3
P:97,N,PARENT_HBN,PARENT,PARENT_HBN_BULK_LIKE,3,3,0,0,center=N|type=PARENT_HBN|region=PARENT_HBN_BULK_LIKE|degree=3|neighbor_elements=B:3|neighbor_types=PARENT_HBN:3
P:970,B,PARENT_HBN,PARENT,PARENT_HBN_BULK_LIKE,3,0,3,0,center=B|type=PARENT_HBN|region=PARENT_HBN_BULK_LIKE|degree=3|neighbor_elements=N:3|neighbor_types=PARENT_HBN:3
P:971,N,PARENT_HBN,PARENT,PARENT_HBN_BULK_LIKE,3,3,0,0,center=N|type=PARENT_HBN|region=PARENT_HBN_BULK_LIKE|degree=3|neighbor_elements=B:3|neighbor_types=PARENT_HBN:3
P:972,B,PARENT_HBN,PARENT,PARENT_HBN_BULK_LIKE,3,0,3,0,center=B|type=PARENT_HBN|region=PARENT_HBN_BULK_LIKE|degree=3|neighbor_elements=N:3|neighbor_types=PARENT_HBN:3
P:973,N,PARENT_HBN,PARENT,PARENT_HBN_BULK_LIKE,3,3,0,0,center=N|type=PARENT_HBN|region=PARENT_HBN_BULK_LIKE|degree=3|neighbor_elements=B:3|neighbor_types=PARENT_HBN:3
P:974,B,PARENT_HBN,PARENT,PARENT_HBN_BULK_LIKE,3,0,3,0,center=B|type=PARENT_HBN|region=PARENT_HBN_BULK_LIKE|degree=3|neighbor_elements=N:3|neighbor_types=PARENT_HBN:3
P:975,N,PARENT_HBN,PARENT,PARENT_HBN_BULK_LIKE,3,3,0,0,center=N|type=PARENT_HBN|region=PARENT_HBN_BULK_LIKE|degree=3|neighbor_elements=B:3|neighbor_types=PARENT_HBN:3
P:976,B,PARENT_HBN,PARENT,PARENT_HBN_BULK_LIKE,3,0,3,0,center=B|type=PARENT_HBN|region=PARENT_HBN_BULK_LIKE|degree=3|neighbor_elements=N:3|neighbor_types=PARENT_HBN:3
P:977,N,PARENT_HBN,PARENT,PARENT_HBN_BULK_LIKE,3,3,0,0,center=N|type=PARENT_HBN|region=PARENT_HBN_BULK_LIKE|degree=3|neighbor_elements=B:3|neighbor_types=PARENT_HBN:3
P:978,B,PARENT_HBN,PARENT,PARENT_HBN_BULK_LIKE,3,0,3,0,center=B|type=PARENT_HBN|region=PARENT_HBN_BULK_LIKE|degree=3|neighbor_elements=N:3|neighbor_types=PARENT_HBN:3
P:979,N,PARENT_HBN,PARENT,PARENT_HBN_BULK_LIKE,3,3,0,0,center=N|type=PARENT_HBN|region=PARENT_HBN_BULK_LIKE|degree=3|neighbor_elements=B:3|neighbor_types=PARENT_HBN:3
P:98,B,PARENT_HBN,PARENT,PARENT_HBN_BULK_LIKE,3,0,3,0,center=B|type=PARENT_HBN|region=PARENT_HBN_BULK_LIKE|degree=3|neighbor_elements=N:3|neighbor_types=PARENT_HBN:3
P:980,B,PARENT_HBN,PARENT,PARENT_HBN_BULK_LIKE,3,0,3,0,center=B|type=PARENT_HBN|region=PARENT_HBN_BULK_LIKE|degree=3|neighbor_elements=N:3|neighbor_types=PARENT_HBN:3
P:981,N,PARENT_HBN,PARENT,PARENT_HBN_BULK_LIKE,3,3,0,0,center=N|type=PARENT_HBN|region=PARENT_HBN_BULK_LIKE|degree=3|neighbor_elements=B:3|neighbor_types=PARENT_HBN:3
P:982,B,PARENT_HBN,PARENT,PARENT_HBN_BULK_LIKE,3,0,3,0,center=B|type=PARENT_HBN|region=PARENT_HBN_BULK_LIKE|degree=3|neighbor_elements=N:3|neighbor_types=PARENT_HBN:3
P:983,N,PARENT_HBN,PARENT,PARENT_HBN_BULK_LIKE,3,3,0,0,center=N|type=PARENT_HBN|region=PARENT_HBN_BULK_LIKE|degree=3|neighbor_elements=B:3|neighbor_types=PARENT_HBN:3
P:984,B,PARENT_HBN,PARENT,PARENT_HBN_BULK_LIKE,3,0,3,0,center=B|type=PARENT_HBN|region=PARENT_HBN_BULK_LIKE|degree=3|neighbor_elements=N:3|neighbor_types=PARENT_HBN:3
P:985,N,PARENT_HBN,PARENT,PARENT_HBN_BULK_LIKE,3,3,0,0,center=N|type=PARENT_HBN|region=PARENT_HBN_BULK_LIKE|degree=3|neighbor_elements=B:3|neighbor_types=PARENT_HBN:3
P:986,B,PARENT_HBN,PARENT,PARENT_HBN_BULK_LIKE,3,0,3,0,center=B|type=PARENT_HBN|region=PARENT_HBN_BULK_LIKE|degree=3|neighbor_elements=N:3|neighbor_types=PARENT_HBN:3
P:987,N,PARENT_HBN,PARENT,PARENT_HBN_BULK_LIKE,3,3,0,0,center=N|type=PARENT_HBN|region=PARENT_HBN_BULK_LIKE|degree=3|neighbor_elements=B:3|neighbor_types=PARENT_HBN:3
P:988,B,PARENT_HBN,PARENT,PARENT_HBN_BULK_LIKE,3,0,3,0,center=B|type=PARENT_HBN|region=PARENT_HBN_BULK_LIKE|degree=3|neighbor_elements=N:3|neighbor_types=PARENT_HBN:3
P:989,N,PARENT_HBN,PARENT,PARENT_HBN_BULK_LIKE,3,3,0,0,center=N|type=PARENT_HBN|region=PARENT_HBN_BULK_LIKE|degree=3|neighbor_elements=B:3|neighbor_types=PARENT_HBN:3
P:99,N,PARENT_HBN,PARENT,PARENT_HBN_BULK_LIKE,3,3,0,0,center=N|type=PARENT_HBN|region=PARENT_HBN_BULK_LIKE|degree=3|neighbor_elements=B:3|neighbor_types=PARENT_HBN:3
P:990,B,PARENT_HBN,PARENT,PARENT_HBN_BULK_LIKE,3,0,3,0,center=B|type=PARENT_HBN|region=PARENT_HBN_BULK_LIKE|degree=3|neighbor_elements=N:3|neighbor_types=PARENT_HBN:3
P:991,N,PARENT_HBN,PARENT,PARENT_HBN_BULK_LIKE,3,3,0,0,center=N|type=PARENT_HBN|region=PARENT_HBN_BULK_LIKE|degree=3|neighbor_elements=B:3|neighbor_types=PARENT_HBN:3
P:992,B,PARENT_HBN,PARENT,PARENT_HBN_BULK_LIKE,3,0,3,0,center=B|type=PARENT_HBN|region=PARENT_HBN_BULK_LIKE|degree=3|neighbor_elements=N:3|neighbor_types=PARENT_HBN:3
P:993,N,PARENT_HBN,PARENT,PARENT_HBN_BULK_LIKE,3,3,0,0,center=N|type=PARENT_HBN|region=PARENT_HBN_BULK_LIKE|degree=3|neighbor_elements=B:3|neighbor_types=PARENT_HBN:3
P:994,B,PARENT_HBN,PARENT,PARENT_HBN_BULK_LIKE,3,0,3,0,center=B|type=PARENT_HBN|region=PARENT_HBN_BULK_LIKE|degree=3|neighbor_elements=N:3|neighbor_types=PARENT_HBN:3
P:995,N,PARENT_HBN,PARENT,PARENT_HBN_BULK_LIKE,3,3,0,0,center=N|type=PARENT_HBN|region=PARENT_HBN_BULK_LIKE|degree=3|neighbor_elements=B:3|neighbor_types=PARENT_HBN:3
P:996,B,PARENT_HBN,PARENT,PARENT_HBN_BULK_LIKE,3,0,3,0,center=B|type=PARENT_HBN|region=PARENT_HBN_BULK_LIKE|degree=3|neighbor_elements=N:3|neighbor_types=PARENT_HBN:3
P:997,N,PARENT_HBN,PARENT,PARENT_HBN_BULK_LIKE,3,3,0,0,center=N|type=PARENT_HBN|region=PARENT_HBN_BULK_LIKE|degree=3|neighbor_elements=B:3|neighbor_types=PARENT_HBN:3
P:998,B,PARENT_HBN,PARENT,PARENT_HBN_BULK_LIKE,3,0,3,0,center=B|type=PARENT_HBN|region=PARENT_HBN_BULK_LIKE|degree=3|neighbor_elements=N:3|neighbor_types=PARENT_HBN:3
P:999,N,PARENT_HBN,PARENT,PARENT_HBN_BULK_LIKE,3,3,0,0,center=N|type=PARENT_HBN|region=PARENT_HBN_BULK_LIKE|degree=3|neighbor_elements=B:3|neighbor_types=PARENT_HBN:3
S:1680,N,HEXAGONAL_EDGE_COMPLETION_SEED,LOWER,SEED_EDGE,3,3,0,0,"center=N|type=HEXAGONAL_EDGE_COMPLETION_SEED|region=SEED_EDGE|degree=3|neighbor_elements=B:3|neighbor_types=ALTERNATING_BN_FOUR_ATOM_BRIDGE:1,PARENT_HBN:2"
S:1681,N,HEXAGONAL_EDGE_COMPLETION_SEED,LOWER,SEED_EDGE,3,2,0,1,"center=N|type=HEXAGONAL_EDGE_COMPLETION_SEED|region=SEED_EDGE|degree=3|neighbor_elements=B:2,H:1|neighbor_types=PARENT_HBN:2,SEED_PASSIVANT_H:1"
S:1682,N,HEXAGONAL_EDGE_COMPLETION_SEED,LOWER,SEED_EDGE,3,3,0,0,"center=N|type=HEXAGONAL_EDGE_COMPLETION_SEED|region=SEED_EDGE|degree=3|neighbor_elements=B:3|neighbor_types=ALTERNATING_BN_FOUR_ATOM_BRIDGE:1,PARENT_HBN:2"
S:1683,N,HEXAGONAL_EDGE_COMPLETION_SEED,LOWER,SEED_EDGE,3,2,0,1,"center=N|type=HEXAGONAL_EDGE_COMPLETION_SEED|region=SEED_EDGE|degree=3|neighbor_elements=B:2,H:1|neighbor_types=PARENT_HBN:2,SEED_PASSIVANT_H:1"
S:1684,N,HEXAGONAL_EDGE_COMPLETION_SEED,LOWER,SEED_EDGE,3,3,0,0,"center=N|type=HEXAGONAL_EDGE_COMPLETION_SEED|region=SEED_EDGE|degree=3|neighbor_elements=B:3|neighbor_types=ALTERNATING_BN_FOUR_ATOM_BRIDGE:1,PARENT_HBN:2"
S:1685,N,HEXAGONAL_EDGE_COMPLETION_SEED,LOWER,SEED_EDGE,3,2,0,1,"center=N|type=HEXAGONAL_EDGE_COMPLETION_SEED|region=SEED_EDGE|degree=3|neighbor_elements=B:2,H:1|neighbor_types=PARENT_HBN:2,SEED_PASSIVANT_H:1"
S:1686,N,HEXAGONAL_EDGE_COMPLETION_SEED,LOWER,SEED_EDGE,3,3,0,0,"center=N|type=HEXAGONAL_EDGE_COMPLETION_SEED|region=SEED_EDGE|degree=3|neighbor_elements=B:3|neighbor_types=ALTERNATING_BN_FOUR_ATOM_BRIDGE:1,PARENT_HBN:2"
S:1687,N,HEXAGONAL_EDGE_COMPLETION_SEED,LOWER,SEED_EDGE,3,2,0,1,"center=N|type=HEXAGONAL_EDGE_COMPLETION_SEED|region=SEED_EDGE|degree=3|neighbor_elements=B:2,H:1|neighbor_types=PARENT_HBN:2,SEED_PASSIVANT_H:1"
S:1688,N,HEXAGONAL_EDGE_COMPLETION_SEED,LOWER,SEED_EDGE,3,3,0,0,"center=N|type=HEXAGONAL_EDGE_COMPLETION_SEED|region=SEED_EDGE|degree=3|neighbor_elements=B:3|neighbor_types=ALTERNATING_BN_FOUR_ATOM_BRIDGE:1,PARENT_HBN:2"
S:1689,N,HEXAGONAL_EDGE_COMPLETION_SEED,LOWER,SEED_EDGE,3,2,0,1,"center=N|type=HEXAGONAL_EDGE_COMPLETION_SEED|region=SEED_EDGE|degree=3|neighbor_elements=B:2,H:1|neighbor_types=PARENT_HBN:2,SEED_PASSIVANT_H:1"
S:1690,N,HEXAGONAL_EDGE_COMPLETION_SEED,LOWER,SEED_EDGE,3,3,0,0,"center=N|type=HEXAGONAL_EDGE_COMPLETION_SEED|region=SEED_EDGE|degree=3|neighbor_elements=B:3|neighbor_types=ALTERNATING_BN_FOUR_ATOM_BRIDGE:1,PARENT_HBN:2"
S:1691,N,HEXAGONAL_EDGE_COMPLETION_SEED,LOWER,SEED_EDGE,3,2,0,1,"center=N|type=HEXAGONAL_EDGE_COMPLETION_SEED|region=SEED_EDGE|degree=3|neighbor_elements=B:2,H:1|neighbor_types=PARENT_HBN:2,SEED_PASSIVANT_H:1"
S:1692,N,HEXAGONAL_EDGE_COMPLETION_SEED,LOWER,SEED_EDGE,3,3,0,0,"center=N|type=HEXAGONAL_EDGE_COMPLETION_SEED|region=SEED_EDGE|degree=3|neighbor_elements=B:3|neighbor_types=ALTERNATING_BN_FOUR_ATOM_BRIDGE:1,PARENT_HBN:2"
S:1693,N,HEXAGONAL_EDGE_COMPLETION_SEED,LOWER,SEED_EDGE,3,2,0,1,"center=N|type=HEXAGONAL_EDGE_COMPLETION_SEED|region=SEED_EDGE|degree=3|neighbor_elements=B:2,H:1|neighbor_types=PARENT_HBN:2,SEED_PASSIVANT_H:1"
S:1694,N,HEXAGONAL_EDGE_COMPLETION_SEED,LOWER,SEED_EDGE,3,3,0,0,"center=N|type=HEXAGONAL_EDGE_COMPLETION_SEED|region=SEED_EDGE|degree=3|neighbor_elements=B:3|neighbor_types=ALTERNATING_BN_FOUR_ATOM_BRIDGE:1,PARENT_HBN:2"
S:1695,N,HEXAGONAL_EDGE_COMPLETION_SEED,LOWER,SEED_EDGE,3,2,0,1,"center=N|type=HEXAGONAL_EDGE_COMPLETION_SEED|region=SEED_EDGE|degree=3|neighbor_elements=B:2,H:1|neighbor_types=PARENT_HBN:2,SEED_PASSIVANT_H:1"
S:1696,N,HEXAGONAL_EDGE_COMPLETION_SEED,LOWER,SEED_EDGE,3,3,0,0,"center=N|type=HEXAGONAL_EDGE_COMPLETION_SEED|region=SEED_EDGE|degree=3|neighbor_elements=B:3|neighbor_types=ALTERNATING_BN_FOUR_ATOM_BRIDGE:1,PARENT_HBN:2"
S:1697,N,HEXAGONAL_EDGE_COMPLETION_SEED,LOWER,SEED_EDGE,3,2,0,1,"center=N|type=HEXAGONAL_EDGE_COMPLETION_SEED|region=SEED_EDGE|degree=3|neighbor_elements=B:2,H:1|neighbor_types=PARENT_HBN:2,SEED_PASSIVANT_H:1"
S:1698,N,HEXAGONAL_EDGE_COMPLETION_SEED,LOWER,SEED_EDGE,3,3,0,0,"center=N|type=HEXAGONAL_EDGE_COMPLETION_SEED|region=SEED_EDGE|degree=3|neighbor_elements=B:3|neighbor_types=ALTERNATING_BN_FOUR_ATOM_BRIDGE:1,PARENT_HBN:2"
S:1699,N,HEXAGONAL_EDGE_COMPLETION_SEED,LOWER,SEED_EDGE,3,2,0,1,"center=N|type=HEXAGONAL_EDGE_COMPLETION_SEED|region=SEED_EDGE|degree=3|neighbor_elements=B:2,H:1|neighbor_types=PARENT_HBN:2,SEED_PASSIVANT_H:1"
S:1700,N,HEXAGONAL_EDGE_COMPLETION_SEED,LOWER,SEED_EDGE,3,3,0,0,"center=N|type=HEXAGONAL_EDGE_COMPLETION_SEED|region=SEED_EDGE|degree=3|neighbor_elements=B:3|neighbor_types=ALTERNATING_BN_FOUR_ATOM_BRIDGE:1,PARENT_HBN:2"
S:1701,N,HEXAGONAL_EDGE_COMPLETION_SEED,LOWER,SEED_EDGE,3,2,0,1,"center=N|type=HEXAGONAL_EDGE_COMPLETION_SEED|region=SEED_EDGE|degree=3|neighbor_elements=B:2,H:1|neighbor_types=PARENT_HBN:2,SEED_PASSIVANT_H:1"
S:1702,N,HEXAGONAL_EDGE_COMPLETION_SEED,LOWER,SEED_EDGE,3,3,0,0,"center=N|type=HEXAGONAL_EDGE_COMPLETION_SEED|region=SEED_EDGE|degree=3|neighbor_elements=B:3|neighbor_types=ALTERNATING_BN_FOUR_ATOM_BRIDGE:1,PARENT_HBN:2"
S:1703,N,HEXAGONAL_EDGE_COMPLETION_SEED,LOWER,SEED_EDGE,3,2,0,1,"center=N|type=HEXAGONAL_EDGE_COMPLETION_SEED|region=SEED_EDGE|degree=3|neighbor_elements=B:2,H:1|neighbor_types=PARENT_HBN:2,SEED_PASSIVANT_H:1"
S:1704,N,HEXAGONAL_EDGE_COMPLETION_SEED,LOWER,SEED_EDGE,3,3,0,0,"center=N|type=HEXAGONAL_EDGE_COMPLETION_SEED|region=SEED_EDGE|degree=3|neighbor_elements=B:3|neighbor_types=ALTERNATING_BN_FOUR_ATOM_BRIDGE:1,PARENT_HBN:2"
S:1705,N,HEXAGONAL_EDGE_COMPLETION_SEED,LOWER,SEED_EDGE,3,2,0,1,"center=N|type=HEXAGONAL_EDGE_COMPLETION_SEED|region=SEED_EDGE|degree=3|neighbor_elements=B:2,H:1|neighbor_types=PARENT_HBN:2,SEED_PASSIVANT_H:1"
S:1706,N,HEXAGONAL_EDGE_COMPLETION_SEED,LOWER,SEED_EDGE,3,3,0,0,"center=N|type=HEXAGONAL_EDGE_COMPLETION_SEED|region=SEED_EDGE|degree=3|neighbor_elements=B:3|neighbor_types=ALTERNATING_BN_FOUR_ATOM_BRIDGE:1,PARENT_HBN:2"
S:1707,N,HEXAGONAL_EDGE_COMPLETION_SEED,LOWER,SEED_EDGE,3,2,0,1,"center=N|type=HEXAGONAL_EDGE_COMPLETION_SEED|region=SEED_EDGE|degree=3|neighbor_elements=B:2,H:1|neighbor_types=PARENT_HBN:2,SEED_PASSIVANT_H:1"
S:1708,N,HEXAGONAL_EDGE_COMPLETION_SEED,LOWER,SEED_EDGE,3,3,0,0,"center=N|type=HEXAGONAL_EDGE_COMPLETION_SEED|region=SEED_EDGE|degree=3|neighbor_elements=B:3|neighbor_types=ALTERNATING_BN_FOUR_ATOM_BRIDGE:1,PARENT_HBN:2"
S:1709,N,HEXAGONAL_EDGE_COMPLETION_SEED,LOWER,SEED_EDGE,3,2,0,1,"center=N|type=HEXAGONAL_EDGE_COMPLETION_SEED|region=SEED_EDGE|degree=3|neighbor_elements=B:2,H:1|neighbor_types=PARENT_HBN:2,SEED_PASSIVANT_H:1"
S:1710,B,HEXAGONAL_EDGE_COMPLETION_SEED,UPPER,SEED_EDGE,3,0,3,0,"center=B|type=HEXAGONAL_EDGE_COMPLETION_SEED|region=SEED_EDGE|degree=3|neighbor_elements=N:3|neighbor_types=ALTERNATING_BN_FOUR_ATOM_BRIDGE:1,PARENT_HBN:2"
S:1711,B,HEXAGONAL_EDGE_COMPLETION_SEED,UPPER,SEED_EDGE,3,0,2,1,"center=B|type=HEXAGONAL_EDGE_COMPLETION_SEED|region=SEED_EDGE|degree=3|neighbor_elements=H:1,N:2|neighbor_types=PARENT_HBN:2,SEED_PASSIVANT_H:1"
S:1712,B,HEXAGONAL_EDGE_COMPLETION_SEED,UPPER,SEED_EDGE,3,0,3,0,"center=B|type=HEXAGONAL_EDGE_COMPLETION_SEED|region=SEED_EDGE|degree=3|neighbor_elements=N:3|neighbor_types=ALTERNATING_BN_FOUR_ATOM_BRIDGE:1,PARENT_HBN:2"
S:1713,B,HEXAGONAL_EDGE_COMPLETION_SEED,UPPER,SEED_EDGE,3,0,2,1,"center=B|type=HEXAGONAL_EDGE_COMPLETION_SEED|region=SEED_EDGE|degree=3|neighbor_elements=H:1,N:2|neighbor_types=PARENT_HBN:2,SEED_PASSIVANT_H:1"
S:1714,B,HEXAGONAL_EDGE_COMPLETION_SEED,UPPER,SEED_EDGE,3,0,3,0,"center=B|type=HEXAGONAL_EDGE_COMPLETION_SEED|region=SEED_EDGE|degree=3|neighbor_elements=N:3|neighbor_types=ALTERNATING_BN_FOUR_ATOM_BRIDGE:1,PARENT_HBN:2"
S:1715,B,HEXAGONAL_EDGE_COMPLETION_SEED,UPPER,SEED_EDGE,3,0,2,1,"center=B|type=HEXAGONAL_EDGE_COMPLETION_SEED|region=SEED_EDGE|degree=3|neighbor_elements=H:1,N:2|neighbor_types=PARENT_HBN:2,SEED_PASSIVANT_H:1"
S:1716,B,HEXAGONAL_EDGE_COMPLETION_SEED,UPPER,SEED_EDGE,3,0,3,0,"center=B|type=HEXAGONAL_EDGE_COMPLETION_SEED|region=SEED_EDGE|degree=3|neighbor_elements=N:3|neighbor_types=ALTERNATING_BN_FOUR_ATOM_BRIDGE:1,PARENT_HBN:2"
S:1717,B,HEXAGONAL_EDGE_COMPLETION_SEED,UPPER,SEED_EDGE,3,0,2,1,"center=B|type=HEXAGONAL_EDGE_COMPLETION_SEED|region=SEED_EDGE|degree=3|neighbor_elements=H:1,N:2|neighbor_types=PARENT_HBN:2,SEED_PASSIVANT_H:1"
S:1718,B,HEXAGONAL_EDGE_COMPLETION_SEED,UPPER,SEED_EDGE,3,0,3,0,"center=B|type=HEXAGONAL_EDGE_COMPLETION_SEED|region=SEED_EDGE|degree=3|neighbor_elements=N:3|neighbor_types=ALTERNATING_BN_FOUR_ATOM_BRIDGE:1,PARENT_HBN:2"
S:1719,B,HEXAGONAL_EDGE_COMPLETION_SEED,UPPER,SEED_EDGE,3,0,2,1,"center=B|type=HEXAGONAL_EDGE_COMPLETION_SEED|region=SEED_EDGE|degree=3|neighbor_elements=H:1,N:2|neighbor_types=PARENT_HBN:2,SEED_PASSIVANT_H:1"
S:1720,B,HEXAGONAL_EDGE_COMPLETION_SEED,UPPER,SEED_EDGE,3,0,3,0,"center=B|type=HEXAGONAL_EDGE_COMPLETION_SEED|region=SEED_EDGE|degree=3|neighbor_elements=N:3|neighbor_types=ALTERNATING_BN_FOUR_ATOM_BRIDGE:1,PARENT_HBN:2"
S:1721,B,HEXAGONAL_EDGE_COMPLETION_SEED,UPPER,SEED_EDGE,3,0,2,1,"center=B|type=HEXAGONAL_EDGE_COMPLETION_SEED|region=SEED_EDGE|degree=3|neighbor_elements=H:1,N:2|neighbor_types=PARENT_HBN:2,SEED_PASSIVANT_H:1"
S:1722,B,HEXAGONAL_EDGE_COMPLETION_SEED,UPPER,SEED_EDGE,3,0,3,0,"center=B|type=HEXAGONAL_EDGE_COMPLETION_SEED|region=SEED_EDGE|degree=3|neighbor_elements=N:3|neighbor_types=ALTERNATING_BN_FOUR_ATOM_BRIDGE:1,PARENT_HBN:2"
S:1723,B,HEXAGONAL_EDGE_COMPLETION_SEED,UPPER,SEED_EDGE,3,0,2,1,"center=B|type=HEXAGONAL_EDGE_COMPLETION_SEED|region=SEED_EDGE|degree=3|neighbor_elements=H:1,N:2|neighbor_types=PARENT_HBN:2,SEED_PASSIVANT_H:1"
S:1724,B,HEXAGONAL_EDGE_COMPLETION_SEED,UPPER,SEED_EDGE,3,0,3,0,"center=B|type=HEXAGONAL_EDGE_COMPLETION_SEED|region=SEED_EDGE|degree=3|neighbor_elements=N:3|neighbor_types=ALTERNATING_BN_FOUR_ATOM_BRIDGE:1,PARENT_HBN:2"
S:1725,B,HEXAGONAL_EDGE_COMPLETION_SEED,UPPER,SEED_EDGE,3,0,2,1,"center=B|type=HEXAGONAL_EDGE_COMPLETION_SEED|region=SEED_EDGE|degree=3|neighbor_elements=H:1,N:2|neighbor_types=PARENT_HBN:2,SEED_PASSIVANT_H:1"
S:1726,B,HEXAGONAL_EDGE_COMPLETION_SEED,UPPER,SEED_EDGE,3,0,3,0,"center=B|type=HEXAGONAL_EDGE_COMPLETION_SEED|region=SEED_EDGE|degree=3|neighbor_elements=N:3|neighbor_types=ALTERNATING_BN_FOUR_ATOM_BRIDGE:1,PARENT_HBN:2"
S:1727,B,HEXAGONAL_EDGE_COMPLETION_SEED,UPPER,SEED_EDGE,3,0,2,1,"center=B|type=HEXAGONAL_EDGE_COMPLETION_SEED|region=SEED_EDGE|degree=3|neighbor_elements=H:1,N:2|neighbor_types=PARENT_HBN:2,SEED_PASSIVANT_H:1"
S:1728,B,HEXAGONAL_EDGE_COMPLETION_SEED,UPPER,SEED_EDGE,3,0,3,0,"center=B|type=HEXAGONAL_EDGE_COMPLETION_SEED|region=SEED_EDGE|degree=3|neighbor_elements=N:3|neighbor_types=ALTERNATING_BN_FOUR_ATOM_BRIDGE:1,PARENT_HBN:2"
S:1729,B,HEXAGONAL_EDGE_COMPLETION_SEED,UPPER,SEED_EDGE,3,0,2,1,"center=B|type=HEXAGONAL_EDGE_COMPLETION_SEED|region=SEED_EDGE|degree=3|neighbor_elements=H:1,N:2|neighbor_types=PARENT_HBN:2,SEED_PASSIVANT_H:1"
S:1730,B,HEXAGONAL_EDGE_COMPLETION_SEED,UPPER,SEED_EDGE,3,0,3,0,"center=B|type=HEXAGONAL_EDGE_COMPLETION_SEED|region=SEED_EDGE|degree=3|neighbor_elements=N:3|neighbor_types=ALTERNATING_BN_FOUR_ATOM_BRIDGE:1,PARENT_HBN:2"
S:1731,B,HEXAGONAL_EDGE_COMPLETION_SEED,UPPER,SEED_EDGE,3,0,2,1,"center=B|type=HEXAGONAL_EDGE_COMPLETION_SEED|region=SEED_EDGE|degree=3|neighbor_elements=H:1,N:2|neighbor_types=PARENT_HBN:2,SEED_PASSIVANT_H:1"
S:1732,B,HEXAGONAL_EDGE_COMPLETION_SEED,UPPER,SEED_EDGE,3,0,3,0,"center=B|type=HEXAGONAL_EDGE_COMPLETION_SEED|region=SEED_EDGE|degree=3|neighbor_elements=N:3|neighbor_types=ALTERNATING_BN_FOUR_ATOM_BRIDGE:1,PARENT_HBN:2"
S:1733,B,HEXAGONAL_EDGE_COMPLETION_SEED,UPPER,SEED_EDGE,3,0,2,1,"center=B|type=HEXAGONAL_EDGE_COMPLETION_SEED|region=SEED_EDGE|degree=3|neighbor_elements=H:1,N:2|neighbor_types=PARENT_HBN:2,SEED_PASSIVANT_H:1"
S:1734,B,HEXAGONAL_EDGE_COMPLETION_SEED,UPPER,SEED_EDGE,3,0,3,0,"center=B|type=HEXAGONAL_EDGE_COMPLETION_SEED|region=SEED_EDGE|degree=3|neighbor_elements=N:3|neighbor_types=ALTERNATING_BN_FOUR_ATOM_BRIDGE:1,PARENT_HBN:2"
S:1735,B,HEXAGONAL_EDGE_COMPLETION_SEED,UPPER,SEED_EDGE,3,0,2,1,"center=B|type=HEXAGONAL_EDGE_COMPLETION_SEED|region=SEED_EDGE|degree=3|neighbor_elements=H:1,N:2|neighbor_types=PARENT_HBN:2,SEED_PASSIVANT_H:1"
S:1736,B,HEXAGONAL_EDGE_COMPLETION_SEED,UPPER,SEED_EDGE,3,0,3,0,"center=B|type=HEXAGONAL_EDGE_COMPLETION_SEED|region=SEED_EDGE|degree=3|neighbor_elements=N:3|neighbor_types=ALTERNATING_BN_FOUR_ATOM_BRIDGE:1,PARENT_HBN:2"
S:1737,B,HEXAGONAL_EDGE_COMPLETION_SEED,UPPER,SEED_EDGE,3,0,2,1,"center=B|type=HEXAGONAL_EDGE_COMPLETION_SEED|region=SEED_EDGE|degree=3|neighbor_elements=H:1,N:2|neighbor_types=PARENT_HBN:2,SEED_PASSIVANT_H:1"
S:1738,B,HEXAGONAL_EDGE_COMPLETION_SEED,UPPER,SEED_EDGE,3,0,3,0,"center=B|type=HEXAGONAL_EDGE_COMPLETION_SEED|region=SEED_EDGE|degree=3|neighbor_elements=N:3|neighbor_types=ALTERNATING_BN_FOUR_ATOM_BRIDGE:1,PARENT_HBN:2"
S:1739,B,HEXAGONAL_EDGE_COMPLETION_SEED,UPPER,SEED_EDGE,3,0,2,1,"center=B|type=HEXAGONAL_EDGE_COMPLETION_SEED|region=SEED_EDGE|degree=3|neighbor_elements=H:1,N:2|neighbor_types=PARENT_HBN:2,SEED_PASSIVANT_H:1"
