run,timestep,n_water,cos_theta_z_mean,cos_theta_z_std,abs_cos_theta_z_mean,S_z_mean,S_z_std,cos_theta_radial_mean,cos_theta_radial_std,abs_cos_theta_radial_mean
nvt300_contained_bn_like_chromophore_12dipoles_carved_5k,0,29987,-0.001841364626913813,0.5740867189619254,0.49599389038792535,-0.005648058653706975,0.4468242883580139,0.043561840898146235,0.5712919141416386,0.4949135822313708
nvt300_contained_bn_like_chromophore_12dipoles_carved_5k,1000,29987,6.871651271374482e-06,0.5726458933920575,0.4944953871086681,-0.008131424375035567,0.44587153720540923,0.04255921381269912,0.572120007072977,0.49532603870187286
nvt300_contained_bn_like_chromophore_12dipoles_carved_5k,2000,29987,0.0015448890180457006,0.5727207400048582,0.4943253892836147,-0.007999258491559608,0.4460266198992488,0.041940502138256584,0.571401224758497,0.49464210163484096
nvt300_contained_bn_like_chromophore_12dipoles_carved_5k,3000,29987,0.00024074192872838808,0.5741100120059425,0.4966776981780555,-0.005612941496564026,0.4450751890766852,0.042663652846829256,0.570801422150964,0.4939605884826549
nvt300_contained_bn_like_chromophore_12dipoles_carved_5k,4000,29987,0.001882789506754645,0.5723793746340696,0.4943846627618591,-0.008583847904672792,0.44431339333246345,0.040148310155144036,0.5717540786744012,0.49520893894851015
nvt300_contained_bn_like_chromophore_12dipoles_carved_5k,5000,29987,0.0025860366506441214,0.5745316376141034,0.4969127822589927,-0.004876576177454849,0.44623897681427865,0.041964744929241064,0.5713434122023361,0.4947169817921675
