run,timestep,n_water,cos_theta_z_mean,cos_theta_z_std,abs_cos_theta_z_mean,S_z_mean,S_z_std,cos_theta_radial_mean,cos_theta_radial_std,abs_cos_theta_radial_mean
nvt300_contained_bn_like_chromophore_12dipoles_carved_extend_5k_to_20k,6000,29987,0.0022514242735325292,0.5738689946487829,0.49538195294391313,-0.006020435523936348,0.4463349151046485,0.03898359807903038,0.5702514260503037,0.49280778177920387
nvt300_contained_bn_like_chromophore_12dipoles_carved_extend_5k_to_20k,8000,29987,0.004902208642833831,0.5745948625601568,0.4966615686950301,-0.004741583524200747,0.4462783870179539,0.04183755918802748,0.5695631481904206,0.4930097805949219
nvt300_contained_bn_like_chromophore_12dipoles_carved_extend_5k_to_20k,10000,29987,0.0038762885281559117,0.574020982238922,0.49604643976848806,-0.005743811651730627,0.44663770787326973,0.04425343510629231,0.5716633881967342,0.4950642563421169
nvt300_contained_bn_like_chromophore_12dipoles_carved_extend_5k_to_20k,12000,29987,0.003219289184546724,0.5740193920911532,0.49648005584315014,-0.005753542576022725,0.44647247034595827,0.041142257814469216,0.5712100828522223,0.49481387853759934
nvt300_contained_bn_like_chromophore_12dipoles_carved_extend_5k_to_20k,14000,29987,0.001772925878431418,0.5729988480868412,0.4948712385464304,-0.007520188738319859,0.445439133150142,0.043578960601470554,0.5704920885537011,0.4949504395525284
nvt300_contained_bn_like_chromophore_12dipoles_carved_extend_5k_to_20k,16000,29987,-0.0005377837778078918,0.5717714585879391,0.4942429580326924,-0.009632018115679984,0.4433246045398032,0.045003336257678876,0.5729737699923833,0.49730128341801677
nvt300_contained_bn_like_chromophore_12dipoles_carved_extend_5k_to_20k,18000,29987,0.0003176935345280746,0.5732033448047447,0.49495136509255677,-0.007173172088862514,0.4458672491347735,0.04480982706662993,0.5710225852411934,0.4944041420297225
nvt300_contained_bn_like_chromophore_12dipoles_carved_extend_5k_to_20k,20000,29987,0.0018728539932602085,0.5716064385219731,0.49400870447872625,-0.00991020156555056,0.44382700255315816,0.04608817352253027,0.5706633706773503,0.4942157889257315
