frame,trace_eV,mean_diag_eV
0,15.791,3.94775
10,15.805,3.95125
20,15.794,3.9485
