frame,trace_eV,mean_diag_eV,min_diag_eV,max_diag_eV,range_meV
0,15.791,3.94775,3.779,4.013,234.0
1,15.777000000000001,3.9442500000000003,3.756,4.017,261.00000000000057
2,15.822,3.9555,3.779,4.021,242.0
3,15.787999999999998,3.9469999999999996,3.75,4.019,269.0000000000001
10,15.805,3.95125,3.791,4.02,228.99999999999966
20,15.794,3.9485,3.768,4.016,248.00000000000023
