,PYR2,PYR3,PYR4,PYR5
PYR2,3.755,0.00237,0.0,0.0
PYR3,0.00237,3.7775,0.017,0.0
PYR4,0.0,0.017,3.7775,0.033
PYR5,0.0,0.0,0.033,3.7775
