label,n_frames,frame_spacing_fs,total_sampled_window_fs,positive_window_integral_C1_ps,positive_window_integral_C2_ps,positive_window_integral_connected_C1_ps,mean_collective_dipole_magnitude,initial_collective_z,final_collective_z
day007_fieldfree,8,100.0,700.0,0.5782181684982095,0.4201540126038769,0.5782198825435327,0.0057869695290047,0.0022514242735325,0.0018728539932602
day008_fieldfree_replica01,21,50.0,1000.0,0.7926771994485639,0.5412808427475334,0.7926786321078503,0.004895129188775,-0.0018413646269138,0.0019968443766812
day007_fieldZ_0_to_20k,21,50.0,1000.0,0.6826424261535506,0.4366773994215341,0.6691532904877006,0.3887600282995591,0.0018728539932602,0.5785644469126567
day008_fieldZ_replica01_0_to_20k,21,50.0,1000.0,0.6797677969553815,0.4321909543489489,0.6657304614457202,0.3882701650286689,0.0019968443766812,0.5791865327152536
