lag_index,lag_steps,lag_fs,lag_ps,n_time_origins,C1_raw,C2_raw,C1_connected
0,0,0.0,0.0,6,1.0,1.0,1.0
1,1000,50.0,0.05,5,0.9011634300096582,0.742478543755659,0.8582963735864394
2,2000,100.0,0.1,4,0.8838998158772822,0.7055149387851676,0.8340503655278296
3,3000,150.0,0.15,3,0.8635938441306724,0.663946178708495,0.8059867698256833
4,4000,200.0,0.2,2,0.8444767184559597,0.6278511796743633,0.7801927740891631
5,5000,250.0,0.25,1,0.8270223118031932,0.5978016739556856,0.7578773997380698
