lag_index,lag_steps,lag_fs,lag_ps,n_time_origins,C1_raw,C2_raw,C1_connected
0,0,0.0,0.0,6,1.0,1.0,1.0
1,1000,50.0,0.05,5,0.9032255505913187,0.7465663734348199,0.8617090893725216
2,2000,100.0,0.1,4,0.8855330031990022,0.709206344592715,0.8369510658402183
3,3000,150.0,0.15,3,0.8649010331660842,0.6675273428891776,0.8081983878041392
4,4000,200.0,0.2,2,0.8464052784024193,0.6322085834435982,0.7828013855374069
5,5000,250.0,0.25,1,0.8297575212407368,0.6049447452354657,0.7609175237056637
