lag_index,lag_steps,lag_fs,lag_ps,n_time_origins,C1_raw,C2_raw,C1_connected
0,0,0.0,0.0,6,1.0,1.0,1.0
1,1000,50.0,0.05,5,0.8847566216839473,0.7083017680601579,0.8818330287025352
2,2000,100.0,0.1,4,0.8508131627333728,0.6462774449920108,0.850707674711877
3,3000,150.0,0.15,3,0.8158068114338929,0.5852441264238198,0.8206330655592213
4,4000,200.0,0.2,2,0.7754634999865941,0.5218152709309851,0.7894039869575308
5,5000,250.0,0.25,1,0.7260570730435144,0.4546656162558031,0.7590701084155359
