lag_index,lag_steps,lag_fs,lag_ps,n_time_origins,C1_raw,C2_raw,C1_connected
0,0,0.0,0.0,8,1.0,1.0,1.0
1,2000,100.0,0.1,7,0.8773739633280477,0.6904394391305482,0.8773719429208908
2,4000,200.0,0.2,6,0.8458315416134887,0.6250631073266124,0.8458331941465241
3,6000,300.0,0.3,5,0.8228827003999919,0.5826850665804607,0.8228837855572018
4,8000,400.0,0.4,4,0.8033954095831406,0.5498215209031124,0.8033986984041152
5,10000,500.0,0.5,3,0.7859209826992751,0.5211978805966246,0.78592694072608
6,12000,600.0,0.6,2,0.769893464830036,0.49593002106944883,0.7698972106619002
7,14000,700.0,0.7,1,0.7537672450562306,0.47280618086392506,0.7537741060372308
