lag_index,lag_steps,lag_fs,lag_ps,n_time_origins,C1_raw,C2_raw,C1_connected
0,0,0.0,0.0,6,1.0,1.0,1.0
1,1000,50.0,0.05,5,0.883048905270021,0.7046484505883147,0.880202406911125
2,2000,100.0,0.1,4,0.8509070717983347,0.6458491882249306,0.8509032690917351
3,3000,150.0,0.15,3,0.815772616390036,0.585069811711409,0.8205480598938835
4,4000,200.0,0.2,2,0.7761908423576985,0.5236106199631636,0.789951057146695
5,5000,250.0,0.25,1,0.726356177380406,0.4550112003743068,0.7595438653897941
