run,timestep,n_water_oxygen,water_r_mean_A,water_r_min_A,water_r_max_A,water_abs_z_mean_A,water_abs_z_min_A,water_abs_z_max_A,fraction_inside_lumen_segment,fraction_radial_outside_lumen,fraction_axial_outside_segment,fraction_radial_outside_outer_radius,scaffold_r_min_A,scaffold_r_max_A,scaffold_r_mean_A
nvt300_contained_bn_like_chromophore_12dipoles_carved_5k,0,29987,40.825898905188,0.141013818845672,73.25115605708896,38.31126493771167,0.00161948,105.14,0.996131657051389,0.0038349951645713144,0.00010004335211925168,0.0,69.99996272434721,120.00007182431185,94.99996372291416
nvt300_contained_bn_like_chromophore_12dipoles_carved_5k,1000,29987,40.81189113718987,0.23393067592945138,73.41627918418367,38.28459256818555,0.00226159,104.988,0.9961983526194684,0.003768299596491813,0.00010004335211925168,0.0,69.99996272434721,120.00007182431185,94.99996372291416
nvt300_contained_bn_like_chromophore_12dipoles_carved_5k,2000,29987,40.797741767187716,0.2821220697588191,73.57611479094287,38.257831644799076,0.00524685,104.838,0.9960983092673492,0.0038349951645713144,0.00010004335211925168,0.0,69.99996272434721,120.00007182431185,94.99996372291416
nvt300_contained_bn_like_chromophore_12dipoles_carved_5k,3000,29987,40.783449129101605,0.1724018672604505,73.82715609692683,38.23186721623203,0.00604748,104.68,0.9961650048354287,0.003768299596491813,0.00010004335211925168,0.0,69.99996272434721,120.00007182431185,94.99996372291416
nvt300_contained_bn_like_chromophore_12dipoles_carved_5k,4000,29987,40.769154826633695,0.016552128184136927,74.05476182245135,38.20598405975256,0.011658,104.505,0.9961983526194684,0.0037349518124520625,0.00010004335211925168,0.0,69.99996272434721,120.00007182431185,94.99996372291416
nvt300_contained_bn_like_chromophore_12dipoles_carved_5k,5000,29987,40.754302417410386,0.013293371500921842,74.2419811272571,38.18004249057959,0.00565605,104.319,0.9962983959715876,0.0036015606762930604,0.00010004335211925168,0.0,69.99996272434721,120.00007182431185,94.99996372291416
