
reset_timestep 0

velocity all create 200 12345 mom yes rot yes dist gaussian

fix 1 all nvt temp 200 200 100.0

thermo 100

dump 1 all custom 100 heating.xyz id type x y z

dump_modify 1 sort id

run 200000
Generated 6 of 6 mixed pair_coeff terms from geometric mixing rule
Neighbor list info ...
  update: every = 1 steps, delay = 0 steps, check = yes
  max neighbors/atom: 2000, page size: 100000
  master list distance cutoff = 14
  ghost atom cutoff = 14
  binsize = 7, bins = 3 3 3
  1 neighbor lists, perpetual/occasional/extra = 1 0 0
  (1) pair lj/cut, perpetual
      attributes: half, newton on
      pair build: half/bin/newton
      stencil: half/bin/3d
      bin: standard
Per MPI rank memory allocation (min/avg/max) = 12.56 | 12.56 | 12.56 Mbytes
   Step          Temp          PotEng         KinEng         TotEng         E_bond        E_angle        E_dihed        E_impro         E_vdwl         Press     
         0   200            16.343312      21.461832      37.805144      0.21696368     0.78182367     0              0.041998877    15.302526      183.58145    
       100   122.43554      25.034505      13.138456      38.172961      4.2193189      3.5066398      0              1.9494933      15.359053      393.24989    
       200   101.57317      28.333282      10.899731      39.233013      6.3436415      4.5190061      0              1.6389496      15.831685      1119.8892    
       300   108.67027      29.096912      11.661315      40.758227      6.5219924      5.3081912      0              1.3332284      15.9335       -346.05204    
       400   106.60298      30.828265      11.439477      42.267742      5.0269148      7.3908549      0              2.1624426      16.248053      2843.0537    
       500   144.6759       27.95059       15.525049      43.475639      4.6627378      5.7611729      0              1.7695598      15.757119      232.22503    
       600   138.98419      29.787843      14.914277      44.702121      6.7452184      4.682859       0              2.2338717      16.125894     -579.73044    
       700   135.80979      31.576146      14.573634      46.149781      8.3078136      5.3771975      0              1.7524671      16.138668      720.31311    
       800   155.12333      31.107568      16.646154      47.753722      8.2626656      5.8594846      0              1.4687741      15.516644     -1895.5617    
       900   154.58077      32.905712      16.587933      49.493645      7.2004412      6.4598596      0              3.9901565      15.255255     -987.23338    
      1000   155.63626      34.629116      16.701197      51.330313      9.607699       6.1043525      0              3.7844207      15.132644     -2046.3929    
      1100   142.2154       37.907058      15.261016      53.168074      11.301961      7.1585162      0              4.2616934      15.184888     -165.71995    
      1200   176.42386      36.00356       18.931897      54.935457      10.22631       8.123306       0              2.5404263      15.113518     -1439.7318    
      1300   198.14862      35.337207      21.263162      56.600369      9.2223102      8.6503844      0              2.5407172      14.923795     -2883.5576    
      1400   191.56636      37.69271       20.556825      58.249535      13.001987      7.5730775      0              2.8518469      14.265798     -2981.5804    
      1500   178.67104      40.589943      19.17304       59.762983      16.479215      5.7893888      0              3.7556958      14.565643     -4783.4378    
      1600   203.28103      39.184715      21.813917      60.998633      13.690613      7.2678686      0              2.7085947      15.517639     -962.53708    
      1700   246.75495      35.382399      26.479067      61.861466      7.1747131      8.6649525      0              3.7927766      15.749957      1312.084     
      1800   240.39915      36.596821      25.797031      62.393852      8.1796413      6.9833175      0              5.2063521      16.22751       3157.8072    
      1900   228.55084      37.929851      24.525599      62.45545       10.07707       7.810573       0              3.3229769      16.719232      3109.021     
      2000   218.39321      38.601274      23.435592      62.036867      11.55919       7.5174707      0              2.9761224      16.548491      1362.0603    
      2100   198.92259      39.759005      21.346216      61.105221      10.878129      9.9555289      0              2.6844184      16.240928      3044.4427    
      2200   210.85743      37.151215      22.626934      59.77815       8.2486901      7.6018588      0              3.9610067      17.33966       4286.6546    
      2300   182.67618      38.681616      19.602828      58.284444      7.6168529      8.7442529      0              5.1349693      17.185541      2141.2501    
      2400   173.51889      38.203228      18.620167      56.823395      11.619196      8.1860441      0              2.2065907      16.191397     -922.69178    
      2500   200.57105      33.975409      21.523112      55.498521      8.9546166      5.6056842      0              3.082812       16.332296      878.19716    
      2600   232.93567      29.410338      24.996131      54.406469      5.7405814      6.0637692      0              1.1152859      16.490701      890.06306    
      2700   190.49239      33.166403      20.441578      53.607982      8.4416377      4.3103038      0              3.4682883      16.946174     -2403.7477    
      2800   175.8766       34.25754       18.87317       53.13071       10.537437      6.0885212      0              1.6285955      16.002987     -1874.1389    
      2900   174.14126      34.23974       18.686953      52.926693      9.9634716      5.7304128      0              2.691311       15.854545     -2302.6935    
      3000   179.3241       33.792165      19.243118      53.035283      7.8818884      6.7165878      0              2.8093332      16.384355     -2020.1069    
      3100   176.71836      34.51522       18.963499      53.478719      8.1455453      5.195843       0              4.2628144      16.911017     -1070.1978    
      3200   188.35277      34.123001      20.211978      54.334979      8.178554       6.1928645      0              2.9228522      16.82873      -1078.0217    
      3300   169.16121      37.463877      18.152548      55.616424      12.249519      7.7465501      0              2.3823909      15.085417     -3917.8152    
      3400   223.01371      33.420821      23.931415      57.352236      8.7259727      6.7651676      0              2.2654074      15.664274     -1231.0653    
      3500   238.38324      33.795977      25.580705      59.376682      6.7073093      7.9557743      0              2.9532767      16.179616     -39.591355    
      3600   223.06899      37.256069      23.937346      61.193415      9.9425333      6.7783541      0              3.1032004      17.431982      2332.9719    
      3700   228.68753      37.938927      24.540267      62.479195      9.8216174      7.0499565      0              3.9650627      17.102291      2526.0828    
      3800   217.2154       39.771955      23.309203      63.081158      11.402142      8.8596902      0              3.1571997      16.352924      2077.687     
      3900   202.28633      41.438184      21.707176      63.14536       11.561461      9.1864363      0              3.2635116      17.426775      1711.4203    
      4000   217.64933      39.451166      23.355767      62.806933      11.494563      7.8088159      0              3.0867583      17.061029      920.84144    
      4100   259.90803      34.325016      27.890513      62.215529      8.6635265      6.4860057      0              2.2543812      16.921103      1448.7599    
      4200   218.48475      38.061085      23.445415      61.506501      10.844436      8.0065138      0              2.8904875      16.319648     -426.40985    
      4300   248.07724      34.151319      26.62096       60.772279      8.6497844      5.836341       0              3.0703933      16.5948       -817.08959    
      4400   207.9664       37.705428      22.3167        60.022127      9.0146534      6.9040392      0              4.5520146      17.23472      -448.19393    
      4500   181.93896      39.782827      19.523717      59.306543      13.283642      7.9330637      0              3.4393113      15.12681      -2174.9152    
      4600   180.8274       39.231208      19.404437      58.635645      10.820826      9.786513       0              2.0764941      16.547376     -4113.8614    
      4700   192.30223      37.448442      20.635791      58.084234      11.252762      6.1970551      0              3.9236692      16.074956     -840.62015    
      4800   204.28674      35.658168      21.921839      57.580007      9.4387204      6.3372649      0              2.9196003      16.962583      464.55125    
      4900   224.34835      33.061172      24.074633      57.135805      9.6504639      4.4120652      0              3.8072848      15.191358     -4254.6219    
      5000   184.81844      36.917256      19.832712      56.749968      11.922644      5.8629199      0              3.26767        15.864022     -1559.1128    
      5100   188.47889      36.098889      20.225512      56.324401      11.164331      5.1689661      0              3.6172052      16.148386     -1186.8146    
      5200   200.27373      34.351798      21.491206      55.843004      7.9758237      6.1532544      0              2.9220319      17.300688      314.36731    
      5300   186.00278      35.392825      19.959802      55.352628      7.1813247      6.7096735      0              4.9445688      16.557258     -255.74068    
      5400   206.0042       32.633539      22.106138      54.739677      7.6099091      6.4682298      0              3.0752528      15.480147     -492.13515    
      5500   155.29664      37.22517       16.664753      53.889922      10.527698      5.7338086      0              5.091363       15.8723       -1444.4152    
      5600   167.2678       34.803154      17.949367      52.752521      6.8467076      8.1589646      0              3.6328928      16.164589      419.15705    
      5700   175.74843      32.71749       18.859417      51.576907      5.7317193      7.487281       0              3.244918       16.253571      2571.0199    
      5800   141.79031      35.288621      15.215399      50.50402       5.288369       8.8802318      0              4.8281059      16.291914      1684.5564    
      5900   137.11276      35.064654      14.713455      49.778109      8.5021777      6.3215586      0              3.6558913      16.585026      1946.228     
      6000   152.17112      33.144852      16.329355      49.474207      7.4346108      5.933801       0              3.7806454      15.995795      305.20278    
      6100   152.0447       33.353326      16.315789      49.669115      6.5134056      7.7794905      0              4.063752       14.996678     -638.1708     
      6200   187.521        30.282618      20.122722      50.405339      7.1155305      6.0554704      0              2.0296427      15.081974     -451.23096    
      6300   171.62387      33.244522      18.416814      51.661336      8.0583068      5.6434248      0              3.7005002      15.84229       611.66338    
      6400   157.47669      36.490068      16.898692      53.38876       10.578882      6.5469199      0              2.5996276      16.764639      1259.4969    
      6500   223.68506      31.246682      24.003456      55.250138      6.1534697      5.6572547      0              3.427582       16.008376      1026.5732    
      6600   212.6708       34.012099      22.821526      56.833625      7.3454033      7.1073683      0              4.0889407      15.470387     -843.9265     
      6700   191.50858      37.511597      20.550625      58.062222      10.092959      8.6283849      0              3.8339503      14.956303     -2369.6327    
      6800   196.0855       37.852313      21.04177       58.894083      10.487176      7.9890274      0              3.0576267      16.318483      1007.847     
      6900   196.87003      38.23417       21.125958      59.360128      8.2481164      10.756861      0              2.4685304      16.760663      930.28532    
      7000   252.0729       32.562368      27.049731      59.612099      6.0424253      7.2210291      0              3.5465514      15.752362     -788.50625    
      7100   200.02681      38.312557      21.464709      59.777266      10.722673      8.3625282      0              3.8234448      15.403911     -1296.9531    
      7200   200.42934      38.290322      21.507904      59.798226      7.9918138      11.134582      0              3.2395155      15.924411     -638.98685    
      7300   196.19081      38.739761      21.053071      59.792833      10.020696      6.1301557      0              5.6869413      16.901968     -436.70879    
      7400   188.44075      39.465205      20.221419      59.686624      10.889561      8.3124006      0              4.1336182      16.129626     -2659.9988    
      7500   193.41171      38.75713       20.754848      59.511978      9.9854906      8.1941481      0              3.7128106      16.86468       1800.9816    
      7600   223.31991      35.311608      23.964273      59.27588       7.4725538      8.3468089      0              2.7353441      16.756901     -413.60925    
      7700   226.97984      34.41854       24.357017      58.775557      7.9323019      6.2341492      0              3.5968192      16.65527       352.93947    
      7800   219.71161      34.427077      23.577069      58.004146      9.0395837      6.3405848      0              2.2080403      16.838869      2406.2939    
      7900   195.32368      35.864602      20.96002       56.824622      11.299261      4.8766253      0              3.4620746      16.226642     -1496.9248    
      8000   164.50145      37.653576      17.652512      55.306088      9.8395278      7.75269        0              2.3750403      17.686318      1300.7482    
      8100   158.17537      36.786373      16.973666      53.760039      12.264781      5.5260656      0              2.2804602      16.715067     -388.71212    
      8200   177.93472      33.201028      19.094026      52.295054      5.0110919      8.7319855      0              3.168784       16.289167      8.6333945    
      8300   179.77473      31.966317      19.291476      51.257793      7.136461       4.9024291      0              3.140989       16.786438     -779.47703    
      8400   165.80379      32.915947      17.792266      50.708213      5.1607465      6.5274858      0              3.8218734      17.405841      1114.2701    
      8500   155.61515      33.913088      16.698932      50.612019      7.1713361      6.5864961      0              2.5753921      17.579863      3711.7803    
      8600   164.87652      33.23925       17.692761      50.932012      7.89238        6.4915788      0              2.7251149      16.130177     -784.18755    
      8700   180.21825      32.389428      19.339069      51.728497      5.9141795      6.4899781      0              3.958631       16.02664      -1263.8632    
      8800   182.68517      33.463735      19.603792      53.067527      6.5142407      8.4184435      0              3.0471861      15.483865     -3153.1544    
      8900   152.49487      38.446018      16.364096      54.810114      8.2826638      9.9181229      0              3.7216382      16.523593      1394.9917    
      9000   174.67754      37.975463      18.7445        56.719963      9.8077766      8.2779365      0              4.5723157      15.317434     -2446.9879    
      9100   201.86103      36.557027      21.661538      58.218566      9.4483636      6.7605219      0              4.3458036      16.002338     -366.82246    
      9200   190.98346      38.551383      20.494275      59.045658      9.8150741      9.105879       0              3.9825978      15.647832     -157.78629    
      9300   223.55275      35.4428        23.989258      59.432057      9.4447658      6.8505606      0              4.0095351      15.137938     -2578.7789    
      9400   235.09454      34.307139      25.227798      59.534937      7.3500075      7.8517517      0              2.9359924      16.169388      323.26358    
      9500   190.06801      39.057059      20.396039      59.453098      5.6620567      9.9010618      0              6.0429269      17.451014      1794.5896    
      9600   185.71379      39.36431       19.928792      59.293101      10.813977      8.0028615      0              2.9134435      17.634028      1406.5457    
      9700   191.56442      38.528704      20.556618      59.085321      10.414871      8.8012127      0              2.2057872      17.106833      1208.6862    
      9800   200.78941      37.338389      21.546543      58.884932      8.5738369      9.8079076      0              2.0131638      16.943481     -73.621107    
      9900   238.50187      33.09957       25.593436      58.693006      6.5034127      7.4410981      0              1.9515684      17.203491      1119.1964    
     10000   229.77665      33.7929        24.65714       58.45004       7.3252064      7.8481636      0              2.7704287      15.849102     -1671.6672    
     10100   188.94785      37.819569      20.275836      58.095405      10.029664      7.08036        0              3.9614098      16.748135      887.22502    
     10200   220.20488      33.994387      23.630001      57.624388      7.4890335      5.7952645      0              4.0732801      16.636809     -609.13381    
     10300   187.0613       36.968973      20.073391      57.042365      9.5084992      7.6838261      0              2.8152244      16.961424      345.26481    
     10400   213.03254      33.437404      22.860344      56.297747      7.6708654      5.8543644      0              3.2975451      16.614629     -1202.8865    
     10500   192.72259      34.713638      20.680899      55.394537      7.1414818      5.1737299      0              5.5672361      16.83119       569.00242    
     10600   189.11336      34.046445      20.293596      54.340041      6.1682477      4.7323617      0              5.782656       17.363179      1037.4175    
     10700   167.97923      35.294359      18.02571       53.320069      6.4965123      7.6770038      0              3.7608115      17.360031     -124.29986    
     10800   174.55883      33.711817      18.731761      52.443579      7.8253022      5.3923218      0              2.7371794      17.757014      971.65147    
     10900   190.08277      31.375437      20.397623      51.773059      4.9526529      6.7782836      0              2.5376564      17.106844     -903.49173    
     11000   167.20689      33.515041      17.942831      51.457872      6.0922213      7.4583488      0              2.3222323      17.642238      2253.905     
     11100   171.14003      33.200957      18.364893      51.56585       5.7877484      6.9229213      0              3.4076682      17.082619      936.68685    
     11200   178.73528      33.047761      19.179933      52.227694      8.276183       5.8075569      0              2.441553       16.522468     -1850.9708    
     11300   167.06661      35.635698      17.927778      53.563476      6.102573       7.5918281      0              4.4227481      17.518548      235.16192    
     11400   190.01554      35.136373      20.390408      55.526781      6.6068881      6.4073152      0              4.8831632      17.239007      319.34801    
     11500   157.64066      40.723515      16.916287      57.639802      9.9172037      5.842651       0              7.8383319      17.125328      688.71422    
     11600   214.38355      36.372285      23.005319      59.377604      6.8427823      7.215256       0              4.4829265      17.83132       886.73188    
     11700   214.22207      37.526589      22.987991      60.51458       6.995228       10.169229      0              2.785897       17.576235      473.98948    
     11800   203.31946      39.439039      21.818041      61.257079      10.843325      9.921868       0              1.824439       16.849407     -2023.494     
     11900   220.07644      38.047779      23.616218      61.663998      8.708231       5.9488848      0              6.7424469      16.648217     -1209.699     
     12000   213.25435      38.871374      22.884146      61.75552       7.2745904      10.546038      0              4.5127339      16.538012     -1653.2234    
     12100   202.69406      39.937279      21.75093       61.688209      11.313968      7.6390717      0              5.1090972      15.875142     -3692.9722    
     12200   208.80584      39.068574      22.406779      61.475354      11.126272      5.7593027      0              5.891942       16.291058      1278.3914    
     12300   204.23435      39.108511      21.916217      61.024727      12.883288      6.6873338      0              4.1015555      15.436333     -2735.5013    
     12400   179.48444      41.172229      19.260325      60.432554      13.290867      7.8228719      0              4.1869157      15.871574     -769.72094    
     12500   208.24634      37.252105      22.34674       59.598844      10.45558       7.7226355      0              3.3366404      15.737249     -409.77885    
     12600   239.35006      32.767155      25.684454      58.451609      6.2051153      6.2300741      0              3.1514845      17.180481      2281.5643    
     12700   214.59998      34.14771       23.028544      57.176254      9.0517482      6.3546386      0              2.1270752      16.614248      36.983056    
     12800   175.75846      36.900885      18.860493      55.761378      9.0488428      9.0885363      0              2.477009       16.286497     -131.39716    
     12900   177.83666      35.237256      19.083503      54.320759      9.0539569      7.5754762      0              1.8299226      16.7779       -347.94102    
     13000   172.04719      34.651255      18.462239      53.113494      6.8383672      7.9348834      0              3.4148053      16.463199     -1015.9126    
     13100   167.28437      34.22956       17.951145      52.180705      7.6845405      6.0766372      0              2.5829506      17.885431      2658.8139    
     13200   155.34534      34.981587      16.669978      51.651566      6.2876703      8.3475758      0              2.9112435      17.435098      1787.7509    
     13300   165.71441      33.751618      17.782675      51.534293      9.6229303      4.9297413      0              2.7173697      16.481576      346.16877    
     13400   154.65411      35.246513      16.595803      51.842315      7.5407946      8.0806848      0              3.1945429      16.43049       138.30407    
     13500   177.87483      33.742659      19.087599      52.830258      9.7780552      6.2023559      0              2.4886408      15.273607     -2401.9401    
     13600   197.64284      33.791543      21.208887      55.00043       10.575161      5.4148824      0              1.8948553      15.906644      313.14384    
     13700   167.76185      40.321989      18.002384      58.324373      11.959307      7.1197661      0              5.3504943      15.892422     -1090.3438    
     13800   228.98463      36.551586      24.572149      61.123735      7.3836383      9.6601162      0              2.9238936      16.583938      3595.6136    
     13900   245.43834      36.243157      26.337782      62.580939      11.586863      6.1656773      0              3.2580598      15.232557     -2081.7928    
     14000   243.50383      36.898242      26.130191      63.028434      7.2605861      8.822383       0              5.2096457      15.605628     -1351.1988    
     14100   223.60796      38.965033      23.995182      62.960215      9.6511589      8.1841316      0              4.6512471      16.478495      2943.3952    
     14200   247.40682      35.982599      26.549019      62.531618      9.5602874      8.1003792      0              1.4377489      16.884184      1167.3578    
     14300   231.38637      36.991162      24.829877      61.821039      6.3573926      9.2811179      0              3.7113554      17.641296      2390.6703    
     14400   216.08204      37.703808      23.187583      60.891391      6.9442942      8.4294372      0              4.8893143      17.440762      2454.4758    
     14500   215.44703      36.73103       23.11944       59.850469      11.402994      5.9600867      0              3.1209811      16.246968     -1074.7278    
     14600   181.01883      39.348787      19.424979      58.773766      11.073392      8.8267673      0              1.9700267      17.478602      979.13284    
     14700   207.50288      35.552842      22.26696       57.819802      8.3883369      5.9163616      0              3.9752372      17.272906     -551.52664    
     14800   179.3598       37.760971      19.24695       57.007921      9.3122002      8.6617805      0              3.7438003      16.04319      -3896.4029    
     14900   197.79227      35.023448      21.224922      56.24837       5.5370528      7.452773       0              4.6700841      17.363538      3012.8348    
     15000   174.9725       36.930591      18.776152      55.706743      7.7440909      8.187245       0              4.4885645      16.510691     -1159.4545    
     15100   178.26911      36.18427       19.129909      55.314179      11.740169      4.1767674      0              3.2890256      16.978308     -756.63961    
     15200   168.4582       37.00914       18.077109      55.086248      10.503086      5.9944866      0              3.2100967      17.30147       1277.6986    
     15300   181.86917      35.544987      19.516228      55.061216      6.5998019      9.6521843      0              3.1983523      16.094649     -1708.9876    
     15400   170.47634      37.15043       18.293673      55.444103      8.8447302      7.7376252      0              3.5471783      17.020896      255.25402    
     15500   190.47069      35.925374      20.43925       56.364624      8.6743997      7.1926757      0              3.4535377      16.604761     -1321.1968    
     15600   194.55102      37.048469      20.877107      57.925576      7.6315257      6.8241383      0              4.8377972      17.755008     -15.277583    
     15700   210.49682      37.65537       22.588238      60.243608      7.9672101      5.721675       0              6.1030139      17.863471      1266.5986    
     15800   201.23597      40.953406      21.594463      62.547869      7.8212753      10.745525      0              5.1351627      17.251443     -89.361489    
     15900   214.91743      41.29787       23.062609      64.36048       10.645295      8.6371428      0              3.048724       18.966708      4981.2844    
     16000   243.80975      39.347634      26.16302       65.510654      9.4761759      7.5399869      0              5.4403137      16.891157     -316.25172    
     16100   256.76663      38.342711      27.553412      65.896123      7.7671007      9.1188383      0              4.6344691      16.822303      511.30211    
     16200   231.07546      40.906446      24.796514      65.702959      9.9731583      8.7483969      0              5.487534       16.697357      1446.7067    
     16300   204.11812      43.053935      21.903744      64.957679      10.68348       8.6634419      0              8.0900013      15.617012     -2475.0795    
     16400   220.09236      40.177099      23.617927      63.795026      9.328057       10.598702      0              3.7738461      16.476494     -2154.7606    
     16500   214.33022      39.287799      22.999597      62.287396      11.094551      8.0152239      0              3.979072       16.198953     -169.58883    
     16600   206.19477      38.530245      22.126588      60.656833      10.515198      8.3480177      0              3.3941205      16.272909      592.43538    
     16700   237.92534      33.628722      25.531568      59.16029       7.2650646      6.137342       0              3.0576001      17.168715      3271.1846    
     16800   213.13419      35.13378       22.871252      58.005031      10.6786        5.6006513      0              2.151744       16.702784     -1754.1221    
     16900   205.86855      35.148861      22.091581      57.240443      8.0100249      6.2869248      0              4.1534266      16.698485      1033.4546    
     17000   173.05928      38.28759       18.570846      56.858436      9.0043498      7.0326723      0              4.7159409      17.534627      2367.4454    
     17100   197.37047      35.457997      21.179659      56.637657      8.2122008      5.8299124      0              5.1889556      16.226929     -1506.4512    
     17200   207.03202      34.291206      22.216432      56.507638      6.1826118      7.558908       0              4.270365       16.279321     -305.86914    
     17300   177.13073      37.394406      19.00775       56.402156      7.1234296      7.1356813      0              7.1436776      15.991618      92.59933     
     17400   185.52756      36.528903      19.908806      56.437709      7.0275253      7.5806268      0              4.845044       17.075707      1570.5005    
     17500   205.72779      34.451469      22.076477      56.527946      5.7152212      5.4546176      0              6.0300022      17.251628      1206.0858    
     17600   195.14048      35.813341      20.940362      56.753703      7.3958284      6.5158451      0              5.9373618      15.964306     -1476.8319    
     17700   179.50044      37.825012      19.262041      57.087054      8.4552539      7.844326       0              6.1029781      15.422454     -3588.5029    
     17800   195.42907      36.427785      20.97133       57.399115      10.441446      7.7754201      0              3.3116508      14.899269     -3866.5748    
     17900   231.69715      32.876302      24.863227      57.739529      8.1359251      5.2413171      0              3.660195       15.838865     -1498.4731    
     18000   197.56662      36.931826      21.200708      58.132534      9.3832202      8.246801       0              3.114448       16.187357      2611.4866    
     18100   214.77524      35.510486      23.047351      58.557836      8.9447002      5.9956057      0              4.9422971      15.627883     -1838.8399    
     18200   195.89649      38.333039      21.021488      59.354528      9.8949509      8.4754556      0              4.6407471      15.321885     -301.67444    
     18300   186.81503      40.546578      20.046965      60.593543      11.997905      8.7515274      0              5.1788382      14.618307     -2474.6539    
     18400   221.80484      38.299937      23.801692      62.101629      8.1680284      7.3944917      0              6.0940965      16.643321     -447.996      
     18500   203.45837      41.86511       21.832947      63.698057      9.110703       10.446724      0              6.3225915      15.985092      963.62398    
     18600   268.74624      36.051412      28.838933      64.890345      8.4317286      5.4670745      0              5.6281008      16.524508      1248.3493    
     18700   233.3982       40.462268      25.045765      65.508032      8.657875       12.687197      0              3.4668833      15.650313     -1692.5604    
     18800   229.44096      40.922511      24.621117      65.543628      9.1478981      9.1833391      0              6.3457327      16.245541      2479.3172    
     18900   208.70235      42.493882      22.395674      64.889555      10.539162      10.735796      0              4.0896496      17.129274      3179.7978    
     19000   208.81568      41.406266      22.407836      63.814101      7.0791708      9.6618331      0              6.6517868      18.013475      2979.9081    
     19100   203.60136      40.540383      21.848291      62.388674      6.8515102      11.944466      0              5.0731644      16.671242     -1046.3216    
     19200   249.00582      33.867605      26.720606      60.58821       7.9202541      7.588066       0              3.2261207      15.133164     -552.81468    
     19300   212.95595      36.029657      22.852125      58.881782      7.4264778      6.8434863      0              5.1044014      16.655292      1097.9727    
     19400   183.08099      37.583303      19.646268      57.229571      6.473364       7.3944099      0              6.5274612      17.188068      646.75945    
     19500   183.99867      36.265406      19.744743      56.010149      5.7330901      8.5196736      0              6.1834847      15.829157     -68.888658    
     19600   194.76985      34.415159      20.900589      55.315748      4.7630729      10.272546      0              4.2324994      15.14704       218.30179    
     19700   218.08901      31.546699      23.402949      54.949648      4.4568988      6.2487977      0              4.9291634      15.911839      1536.2375    
     19800   155.33212      38.06669       16.66856       54.73525       7.275204       7.919356       0              5.3676508      17.50448       1012.9342    
     19900   172.67448      36.199258      18.529553      54.728812      7.1169467      7.8690227      0              5.2825656      15.930723      1117.4524    
     20000   183.48454      35.273614      19.689573      54.963187      6.2533411      9.749294       0              3.1360222      16.134957     -555.21913    
     20100   191.76937      34.816735      20.578611      55.395346      6.0442841      7.7121335      0              3.6315455      17.428772      2088.6241    
     20200   192.59071      35.371604      20.666747      56.038352      5.0276963      10.476311      0              2.4702691      17.397328      1501.016     
     20300   190.88862      36.362729      20.484098      56.846827      6.4332556      9.5341822      0              3.4959882      16.899303      1087.2619    
     20400   206.56326      35.509036      22.16613       57.675166      6.6264639      7.8408552      0              4.4860426      16.555674      1054.0633    
     20500   190.29749      38.049725      20.420664      58.470389      8.2597429      7.163635       0              6.1048178      16.521529     -884.71325    
     20600   190.06117      38.837593      20.395305      59.232898      7.6749618      9.1502959      0              6.2747322      15.737603      680.9049     
     20700   223.60525      36.215932      23.994892      60.210824      7.5236373      6.6052704      0              5.0451493      17.041875      2078.742     
     20800   217.53718      38.16377       23.343733      61.507503      9.8996982      6.7272006      0              5.1107707      16.426101     -1473.9988    
     20900   203.49855      41.246149      21.837259      63.083409      9.4249928      7.6258213      0              7.0900313      17.105304     -208.10626    
     21000   236.2153       40.020994      25.348066      65.369061      5.7022841      11.804128      0              4.8901804      17.624402     -591.51467    
     21100   313.32627      35.024793      33.622779      68.647572      5.7446864      9.0634082      0              2.8441131      17.372585      37.000644    
     21200   322.93805      36.703314      34.654212      71.357526      9.7806444      8.1874888      0              2.8110866      15.924094     -2826.5804    
     21300   267.18951      43.629969      28.671883      72.301851      12.326767      8.5720845      0              7.2486586      15.482458      122.58638    
     21400   292.952        40.321685      31.436434      71.758119      9.7192359      10.433486      0              3.6252286      16.543734     -2169.208     
     21500   283.68818      39.81482       30.44234       70.25716       10.277669      7.3592065      0              5.1929636      16.984981      1553.4334    
     21600   283.24087      37.315338      30.394341      67.709678      9.2240068      6.9000242      0              5.0916333      16.099674      1998.7417    
     21700   292.25625      33.445955      31.361773      64.807728      6.936046       6.2624906      0              4.0646256      16.182793      1950.1228    
     21800   208.56401      40.445093      22.380829      62.825922      8.5985527      10.864104      0              4.5055809      16.476855     -1192.6582    
     21900   188.26746      41.473796      20.202824      61.676619      8.555998       9.9485739      0              5.9806872      16.988537     -293.72712    
     22000   202.86505      39.062911      21.769278      60.832189      8.9571684      8.4513263      0              5.3847083      16.269708      671.47474    
     22100   198.95963      38.579399      21.350191      59.929589      8.7528208      8.2406978      0              5.0252115      16.560669     -945.97324    
     22200   204.78383      36.945492      21.975181      58.920674      8.5236318      6.9041443      0              5.0390578      16.478658      1457.8364    
     22300   175.59834      39.036467      18.843311      57.879779      8.5883137      8.681115       0              5.4309628      16.336076     -860.49325    
     22400   182.45266      37.50355       19.578842      57.082392      6.9529516      10.439153      0              4.5574762      15.553969     -758.62805    
     22500   195.75705      35.366109      21.006525      56.372635      11.65111       4.8759704      0              4.0921531      14.746876     -3842.6059    
     22600   172.10418      37.194354      18.468356      55.66271       10.244515      9.4448968      0              2.492419       15.012524     -1603.7241    
     22700   186.49998      35.07165       20.013156      55.084806      9.6473772      7.814082       0              2.4732339      15.136957     -2685.0922    
     22800   207.2689       32.463388      22.241852      54.705241      9.1753671      5.7750367      0              1.9335527      15.579432     -3456.0712    
     22900   185.69207      34.574951      19.92646       54.501411      7.0477053      7.3883868      0              3.7427286      16.39613       1206.6391    
     23000   196.88195      33.29874       21.127237      54.425977      7.3264489      6.8571981      0              3.0708274      16.044266     -1011.2718    
     23100   190.22998      34.064663      20.413419      54.478082      6.9650016      3.9219234      0              5.9302921      17.247446     -918.51417    
     23200   160.80768      37.546884      17.256137      54.803021      7.1061013      8.2374983      0              5.1854821      17.017802     -813.36028    
     23300   166.16864      37.793702      17.831417      55.625119      7.6312081      7.250691       0              6.1443257      16.767477     -682.74765    
     23400   187.78518      36.910737      20.151071      57.061808      7.5459764      8.9385057      0              3.4536681      16.972587      1943.4898    
     23500   199.08285      37.673057      21.363414      59.036471      8.5532672      6.7350716      0              5.2815871      17.103131      4130.6765    
     23600   212.16843      38.267854      22.767616      61.03547       7.3435791      9.7887185      0              3.9899431      17.145613      2624.8017    
     23700   211.35352      39.923018      22.680169      62.603187      8.7274753      8.3091775      0              6.0284712      16.857894      1171.6618    
     23800   226.47562      39.517644      24.302909      63.820553      8.079642       9.8937929      0              4.8530315      16.691178      1326.2377    
     23900   223.93553      40.47716       24.030334      64.507495      9.3323667      9.6211039      0              5.5249449      15.998745     -85.161582    
     24000   258.88425      36.751112      27.780652      64.531764      10.29287       7.8656847      0              2.1778677      16.41469      -928.09869    
     24100   231.9636       39.166136      24.89182       64.057956      10.091677      6.519355       0              4.8861429      17.668961      2055.3288    
     24200   216.20341      39.989118      23.200607      63.189725      10.648821      5.5609089      0              7.4981578      16.28123      -1781.603     
     24300   217.01394      38.686324      23.287584      61.973908      7.9503134      11.694347      0              3.6173038      15.424361     -419.32355    
     24400   253.27669      33.333048      27.17891       60.511958      6.9189331      5.8204822      0              3.0823185      17.511315     -1324.4547    
     24500   213.65726      36.301848      22.927381      59.229229      6.9124942      9.9025366      0              2.9239655      16.562851     -1342.6368    
     24600   173.96663      39.620621      18.668213      58.288834      9.6827145      9.4450225      0              4.5153606      15.977523     -1394.8983    
     24700   206.35306      35.486157      22.143574      57.629731      9.5690324      5.59706        0              5.160702       15.159363     -3987.6115    
     24800   175.51353      38.382359      18.83421       57.216569      9.6458561      7.8353108      0              4.0159979      16.885194      73.02135     
     24900   179.33896      37.658472      19.244713      56.903185      7.0693488      8.5638714      0              4.7498921      17.27536       133.979      
     25000   201.5315       35.177051      21.626176      56.803227      7.086317       7.8725977      0              3.6646475      16.553489      276.68331    
     25100   183.40126      37.176502      19.680635      56.857137      5.6806479      10.583563      0              4.3438112      16.568481     -201.89309    
     25200   193.88109      36.070171      20.805218      56.875388      8.0866942      6.1282442      0              5.3893915      16.465841     -598.11552    
     25300   187.43321      36.806801      20.113301      56.920102      6.4865252      6.7931446      0              6.4701546      17.056976      445.27323    
     25400   164.65388      39.453508      17.668869      57.122378      6.9324778      9.3319531      0              5.257217       17.93186       1521.0598    
     25500   198.80435      36.185895      21.333528      57.519423      6.1461611      7.871236       0              5.1256973      17.042801      3903.0073    
     25600   186.94665      37.894522      20.061088      57.955609      7.8902382      7.9887561      0              4.9512867      17.064241      1442.6765    
     25700   226.68873      33.984129      24.325777      58.309906      9.074024       6.4784768      0              2.4216562      16.009972      485.42169    
     25800   191.68634      38.153751      20.569701      58.723451      7.5284509      11.204023      0              4.4568343      14.964443     -2177.9439    
     25900   237.13198      33.971316      25.446434      59.41775       7.3751681      7.5066695      0              3.3529757      15.736503     -1286.1001    
     26000   247.87008      33.664562      26.59873       60.263292      6.2790875      5.9598021      0              4.6015416      16.82413       807.9082     
     26100   196.02846      40.237082      21.03565       61.272732      6.4319283      11.052133      0              4.2606639      18.492357     -216.31408    
     26200   195.95558      41.632584      21.027829      62.660413      8.5712779      10.473885      0              4.6184776      17.968944      935.2424     
     26300   207.67794      42.183206      22.285746      64.468952      12.183956      5.7936345      0              7.6030208      16.602595     -693.88781    
     26400   220.40578      42.560372      23.651559      66.211932      8.8270415      9.917974       0              7.8348781      15.980479     -230.41346    
     26500   246.09478      41.004943      26.408225      67.413168      11.574125      9.2935462      0              3.9197351      16.217537     -1082.8474    
     26600   288.59755      37.128786      30.969162      68.097948      9.1007889      8.0041563      0              2.9714659      17.052375      57.920298    
     26700   262.46283      40.159545      28.164667      68.324211      9.7909418      9.8737032      0              4.8715912      15.623308     -2398.4544    
     26800   223.97467      43.52096       24.034534      67.555494      14.246108      7.4596885      0              6.3707915      15.444372     -3958.6576    
     26900   207.25091      43.108236      22.239921      65.348157      10.968895      8.9994801      0              5.8080565      17.331805      1906.6175    
     27000   217.92319      39.023048      23.385155      62.408203      9.2536979      7.7794737      0              4.9218217      17.068054     -1886.3193    
     27100   206.84627      37.868159      22.196499      60.064659      8.284487       8.5563877      0              3.1135385      17.913746      1763.4333    
     27200   194.87471      37.701165      20.911842      58.613007      9.3811869      9.8862906      0              1.9557952      16.477892     -164.30679    
     27300   165.78408      39.957034      17.790151      57.747186      9.1444488      8.6471359      0              4.4113617      17.754088     -166.06598    
     27400   203.57099      35.329138      21.845032      57.17417       8.3205249      7.3649575      0              3.3390853      16.304571     -1106.6397    
     27500   206.05619      34.673706      22.111717      56.785423      6.8148421      7.7255497      0              2.9691682      17.164146      1503.006     
     27600   205.78988      34.526237      22.083139      56.609377      6.0360871      7.7383203      0              3.064554       17.687276      1145.2045    
     27700   193.30544      35.939695      20.743444      56.683139      8.217926       6.0999463      0              3.9293786      17.692444     -335.24958    
     27800   171.72548      38.454164      18.427718      56.881882      8.3326135      7.0103688      0              5.9973394      17.113843      1565.3497    
     27900   196.46196      36.128845      21.082168      57.211013      8.3899698      7.9469788      0              3.9391128      15.852783     -2955.7063    
     28000   216.70275      34.405198      23.25419       57.659388      8.1685083      5.212017       0              4.0282711      16.996401      1385.039     
     28100   214.25329      35.201838      22.991341      58.193179      7.1026234      6.5347499      0              4.7375789      16.826886      84.463106    
     28200   226.79668      34.437049      24.337361      58.77441       8.3964063      6.4784133      0              3.5374031      16.024826      679.1085     
     28300   191.95545      38.796888      20.598578      59.395466      9.5770102      9.3743037      0              3.9805411      15.865033     -1246.8485    
     28400   256.52371      32.62332       27.527345      60.150665      6.2835948      5.9553472      0              4.3946406      15.989737     -818.26084    
     28500   230.53528      36.330544      24.738548      61.069091      7.9206809      8.3840302      0              3.1233483      16.902484      2112.2047    
     28600   213.71869      38.990239      22.933973      61.924212      10.372249      7.569233       0              6.0312181      15.017539     -2702.2348    
     28700   228.76208      38.074156      24.548267      62.622423      12.034013      4.7905653      0              5.3563233      15.893254     -1162.8577    
     28800   229.30163      38.48172       24.606165      63.087886      9.2698195      8.5155012      0              4.1140604      16.582339      1827.91      
     28900   246.02365      37.040948      26.400592      63.44154       10.201047      5.8704804      0              3.6742666      17.295153      1467.2384    
     29000   236.0867       38.115235      25.334266      63.449501      8.0988608      8.1151341      0              3.3596275      18.541613      3846.914     
     29100   182.56496      43.520444      19.590893      63.111337      9.3018345      11.029492      0              4.938117       18.251001      1515.2733    
     29200   172.21316      43.926448      18.48005       62.406498      8.7858016      8.6752097      0              6.7726353      19.692801      861.71298    
     29300   208.83501      38.893433      22.40991       61.303343      6.0737478      9.202231       0              6.6274894      16.989964      622.59046    
     29400   173.95888      41.24494       18.667381      59.912321      6.8494835      13.225148      0              3.7551896      17.415119      2347.6663    
     29500   199.37995      37.054884      21.395295      58.450179      8.6454609      10.495639      0              1.8556846      16.058099     -380.44013    
     29600   216.6931       33.671062      23.253155      56.924217      6.0823606      6.0970447      0              3.9865452      17.505111      2320.1634    
     29700   179.25795      36.339885      19.23602       55.575905      8.3270799      7.7894218      0              3.7527961      16.470587      1775.8492    
     29800   186.57841      34.410494      20.021573      54.432067      6.4248756      9.0489395      0              3.6221716      15.314507     -1312.4818    
     29900   202.89571      31.846632      21.772569      53.619201      6.668396       3.7143511      0              5.2816084      16.182277     -1451.2497    
     30000   179.77977      33.90162       19.292017      53.193637      6.47661        6.6450314      0              3.5403291      17.23965      -783.99908    
     30100   184.13749      33.363571      19.75964       53.123211      7.9779781      7.8753727      0              1.5103244      15.999896     -2486.611     
     30200   187.71321      33.201874      20.143347      53.345221      8.2864359      6.6693485      0              3.306861       14.939228     -2469.5811    
     30300   188.3138       33.63659       20.207796      53.844386      9.0112148      6.3630501      0              2.5896859      15.672639     -1961.5725    
     30400   178.52665      35.441808      19.157545      54.599353      8.2691866      5.4078411      0              4.7655792      16.999201     -1029.4919    
     30500   172.84499      37.239627      18.547851      55.787477      6.7761013      9.6002557      0              4.1333349      16.729935      2203.5561    
     30600   186.95314      37.491391      20.061785      57.553176      7.935134       8.5956605      0              5.1413874      15.81921      -377.50405    
     30700   206.3057       37.628214      22.138491      59.766706      9.9832914      7.3144473      0              5.2377959      15.09268      -2675.4967    
     30800   207.12822      39.734157      22.226756      61.960913      10.010167      8.8221528      0              4.3686021      16.533235      672.5609     
     30900   212.88453      40.625065      22.844461      63.469526      10.201046      7.563097       0              6.2328838      16.628038      1836.7574    
     31000   247.28315      37.551341      26.535747      64.087088      8.3034331      9.3759275      0              4.4130655      15.458915     -2348.7315    
     31100   236.38014      38.722196      25.365754      64.08795       10.553768      5.9077967      0              5.8552113      16.40542       2142.2644    
     31200   190.30059      43.215545      20.420996      63.636542      12.353326      10.770768      0              4.3101864      15.781265     -1812.5013    
     31300   203.44907      41.062433      21.831949      62.894382      10.827131      8.5325582      0              4.5474072      17.155337     -97.884084    
     31400   253.38338      34.751507      27.190358      61.941865      7.0376006      8.1117323      0              3.2499118      16.352262      864.78913    
     31500   259.87595      33.011999      27.88707       60.899069      6.0193624      8.6905929      0              2.3449751      15.957069      727.29814    
     31600   209.22011      37.373286      22.451234      59.824521      9.4097798      7.3876414      0              3.8958119      16.680053      132.79914    
     31700   195.96833      37.78657       21.029197      58.815767      8.2863345      9.2247606      0              3.8309155      16.444559     -1368.9566    
     31800   174.5939       39.11012       18.735525      57.845645      9.625204       8.1356319      0              5.7485754      15.600709     -120.83894    
     31900   188.51449      36.783971      20.229332      57.013302      8.1471277      9.7467178      0              3.8150389      15.075086     -770.59333    
     32000   149.49347      40.291566      16.042019      56.333585      9.4497074      8.626859       0              4.8158213      17.399178      1763.3877    
     32100   172.06755      37.279627      18.464425      55.744051      7.471562       8.6871703      0              3.9595601      17.161334      1663.9848    
     32200   195.91489      34.416789      21.023463      55.440252      7.0918428      6.2902905      0              4.2500433      16.784612      279.16856    
     32300   165.4997       37.674137      17.759634      55.433771      8.6548262      8.6028855      0              4.1579748      16.258451     -404.52492    
     32400   179.24936      36.354669      19.235099      55.589768      7.0593043      9.9538694      0              3.2732885      16.068207      201.45195    
     32500   156.46707      39.182837      16.79035       55.973186      10.720698      7.6287039      0              5.3684014      15.465033      562.40454    
     32600   213.96244      33.823224      22.96013       56.783353      6.5168026      5.9452445      0              5.4117484      15.949428     -143.78303    
     32700   209.88059      35.758488      22.52211       58.280597      6.59272        7.7682003      0              6.0178665      15.379701     -1325.4506    
     32800   200.07012      39.055943      21.469357      60.5253        8.1557133      9.0549792      0              5.8256507      16.019599     -125.34586    
     32900   262.97101      34.760213      28.219199      62.979412      8.6676818      6.0340673      0              2.8684717      17.189993      970.11661    
     33000   248.48929      38.370011      26.665177      65.035188      7.4705691      9.9228417      0              3.8295755      17.147025     -90.603316    
     33100   211.00872      43.71796       22.643169      66.361128      10.241302      10.098183      0              6.3522646      17.02621      -869.4896     
     33200   211.51768      44.209686      22.697785      66.907471      11.681179      9.5049776      0              6.9761829      16.047347     -2046.9182    
     33300   229.021        42.18788       24.576052      66.763932      10.566396      8.8663913      0              6.1142399      16.640854     -64.946564    
     33400   217.75342      42.771381      23.366937      66.138318      9.589973       7.5986106      0              7.471726       18.111072      683.04257    
     33500   211.56259      42.440711      22.702604      65.143315      7.229922       6.1232372      0              11.570144      17.517408     -402.49058    
     33600   274.34732      34.366169      29.43998       63.80615       5.6245184      6.4436987      0              5.9139892      16.383963     -1286.7643    
     33700   207.32666      40.183846      22.24805       62.431896      11.464123      9.2715012      0              3.6112414      15.83698      -1925.6661    
     33800   188.91387      40.837362      20.272189      61.109551      12.141829      5.7110029      0              6.1698938      16.814636     -205.63052    
     33900   208.23764      37.529017      22.345806      59.874824      7.7987107      7.2234707      0              3.775259       18.731577      3402.3787    
     34000   207.62758      36.616848      22.280342      58.89719       9.5888193      7.6840496      0              3.6958401      15.648139     -1756.6863    
     34100   201.44336      36.48348       21.616718      58.100198      8.4974493      7.7016525      0              5.0867389      15.19764      -1039.5542    
     34200   199.88704      36.209474      21.449711      57.659184      7.2448168      7.0675544      0              6.5282981      15.368804      398.43968    
     34300   184.71492      37.553626      19.821604      57.37523       7.9654232      7.7162922      0              4.5176047      17.354306      2678.3138    
     34400   204.73188      35.252555      21.969607      57.222161      7.7045488      7.6609144      0              3.9505381      15.936553      764.26614    
     34500   193.57865      36.340335      20.772763      57.113097      8.9612207      7.7187861      0              4.3347197      15.325608     -49.438105    
     34600   193.11931      36.378796      20.723472      57.102268      7.8198348      6.0079761      0              6.5004377      16.050548      1105.6082    
     34700   201.30491      35.509089      21.601861      57.11095       7.6430886      5.9436411      0              4.4199753      17.502384      79.741032    
     34800   169.05465      39.080837      18.141113      57.22195       10.856117      6.4131137      0              4.4443169      17.36729       3670.0724    
     34900   227.6839       32.924933      24.432569      57.357502      6.0137264      7.5841063      0              3.0278899      16.299211     -174.60476    
     35000   181.81126      38.116672      19.510014      57.626686      10.341846      6.9728071      0              4.9827156      15.819303     -2371.3302    
     35100   214.14263      35.116853      22.979466      58.096318      6.5165886      7.2311087      0              4.3513636      17.017792     -1476.8304    
     35200   199.30304      37.403199      21.387042      58.790241      8.1377432      8.0152105      0              4.4760609      16.774184     -1589.0206    
     35300   187.63076      39.86747       20.134499      60.001969      10.788961      7.0557479      0              4.9854113      17.03735       951.28773    
     35400   211.34932      38.967313      22.679719      61.647032      12.89121       7.2267425      0              4.0237469      14.825613     -4863.6836    
     35500   256.81241      36.397319      27.558325      63.955643      7.6020316      7.0331622      0              5.3540945      16.40803       1249.5151    
     35600   242.26136      40.17065       25.996864      66.167514      11.826154      7.9510361      0              3.0783106      17.31515       521.09146    
     35700   244.85394      41.65309       26.275071      67.928161      11.834978      8.4655301      0              6.5323085      14.820274     -1822.5406    
     35800   242.28212      42.792528      25.999092      68.79162       13.174493      9.2073482      0              4.9328133      15.477874      671.74816    
     35900   229.67195      44.125407      24.645905      68.771311      10.96326       12.062323      0              5.6938248      15.405999     -2257.7703    
     36000   254.12151      40.622599      27.269566      67.892165      9.4032681      8.604624       0              5.2412199      17.373487     -531.30762    
     36100   244.72982      40.03603       26.261752      66.297781      7.0429642      11.705381      0              4.5567788      16.730906      2149.2103    
     36200   212.17436      41.521447      22.768253      64.2897        7.5566641      12.25144       0              4.2782411      17.435102      1382.4262    
     36300   209.44899      39.940776      22.475795      62.416572      9.5078468      8.7397561      0              4.723014       16.970159     -1499.3281    
     36400   217.86526      37.571398      23.378938      60.950336      10.41738       6.6128298      0              2.6578661      17.883323      1634.6707    
     36500   211.33403      37.363188      22.678078      60.041266      7.6137803      8.4018959      0              4.0112838      17.336228      1607.5419    
     36600   225.0121       35.299765      24.145859      59.445624      7.6467257      8.4362596      0              3.892846       15.323934     -2161.3581    
     36700   189.76375      38.626763      20.363389      58.990152      6.459927       9.2050445      0              6.0504941      16.911297      1123.1359    
     36800   149.06078      42.546749      15.995587      58.542336      12.401985      8.122746       0              5.6788071      16.343211      296.90704    
     36900   198.77223      36.725293      21.330081      58.055374      8.4967515      7.2550791      0              4.0797545      16.893708      1236.838     
     37000   184.75464      37.748886      19.825865      57.574751      9.2695011      9.3379939      0              3.928583       15.212808     -3118.6777    
     37100   189.91858      36.782812      20.380003      57.162815      10.236672      6.8824979      0              3.358928       16.304714     -740.7126     
     37200   214.96658      33.703754      23.067883      56.771637      7.3464765      5.2645692      0              4.7397142      16.352994     -877.09405    
     37300   169.24582      38.358687      18.161627      56.520315      10.119807      6.7136871      0              4.3050886      17.220104     -633.95193    
     37400   171.20204      38.05852       18.371547      56.430068      10.382037      6.3274859      0              4.333991       17.015007      519.48374    
     37500   182.30135      37.001849      19.562605      56.564454      7.6858718      9.0577866      0              3.2031849      17.055005      769.62138    
     37600   201.66115      35.313217      21.640089      56.953306      8.0437575      7.9939116      0              2.9931418      16.282406     -1323.1196    
     37700   201.44341      36.123246      21.616723      57.739969      6.871157       7.931106       0              3.6653506      17.655632      1953.6311    
     37800   216.27724      35.716288      23.208529      58.924817      8.3172939      8.1717904      0              2.9820579      16.245146     -2731.3713    
     37900   189.77753      40.201027      20.364868      60.565895      9.6824342      9.3519194      0              4.4506926      16.715981      245.95542    
     38000   184.08394      42.69482       19.753893      62.448713      9.1517475      9.729284       0              6.5173504      17.296438      2177.8832    
     38100   223.88867      40.251185      24.025306      64.276491      8.906722       7.967359       0              6.4653354      16.911769      503.45043    
     38200   219.63256      42.030763      23.568586      65.599349      12.114061      9.389648       0              4.8887444      15.638309     -2074.9884    
     38300   191.05522      45.814231      20.501975      66.316206      11.127485      9.2974715      0              7.5831934      17.806081      2936.879     
     38400   251.98941      39.381145      27.040772      66.421917      8.8155197      10.529927      0              4.0341832      16.001515     -1605.2655    
     38500   271.62861      36.769122      29.148238      65.91736       9.2716565      7.3823771      0              3.1978387      16.917249      1368.4087    
     38600   234.14047      39.647012      25.125417      64.772429      7.9906988      8.8727345      0              5.6426896      17.140889     -496.02442    
     38700   240.90242      37.147587      25.851036      62.998623      8.056056       8.4604546      0              4.5316659      16.09941      -1932.6047    
     38800   230.13547      36.105798      24.695644      60.801442      9.20161        5.6015377      0              4.0964028      17.206248      489.42399    
     38900   172.69525      40.187633      18.531783      58.719416      9.6076892      8.5299105      0              4.7429156      17.307118     -647.31238    
     39000   183.66511      37.560586      19.708949      57.269535      7.9843039      9.0645313      0              3.7109388      16.800811      469.94111    
     39100   219.50344      32.941585      23.55473       56.496315      6.7544104      7.3031112      0              3.455507       15.428556     -1791.7928    
     39200   194.67948      35.262841      20.890892      56.153733      5.3138527      9.6994236      0              3.9431572      16.306408      768.30233    
     39300   183.73142      36.391398      19.716065      56.107463      6.7271062      7.9980558      0              4.8708552      16.795381      381.96591    
     39400   216.35308      33.007191      23.216668      56.223859      7.6179475      6.3432849      0              2.9772694      16.068689     -767.44726    
     39500   133.28039      42.17933       14.302207      56.481536      9.7706031      10.4371        0              5.3255621      16.646065      2291.7374    
     39600   181.36141      37.411724      19.461741      56.873465      10.883189      5.1208793      0              4.744307       16.663348     -235.94775    
     39700   202.39471      35.637182      21.718806      57.355988      7.0521768      7.4296335      0              4.8236355      16.331736      460.56988    
     39800   194.72224      37.046308      20.89548       57.941788      7.282881       8.992107       0              5.0503238      15.720996      410.50536    
     39900   185.98719      38.650449      19.95813       58.608579      10.520374      7.6849649      0              5.6493473      14.795763     -2059.7305    
     40000   208.2202       36.912817      22.343935      59.256752      10.238576      7.6464651      0              3.137223       15.890552     -428.79797    
     40100   170.80298      41.559846      18.328725      59.888571      7.8896281      9.7538341      0              7.8763767      16.040007      1847.1784    
     40200   215.68504      37.4313        23.144981      60.576281      7.4020437      11.017586      0              2.9603237      16.051346     -238.32868    
     40300   201.97332      39.620283      21.673587      61.293871      11.916         8.6319878      0              3.7268811      15.345414     -1305.9835    
     40400   200.32059      40.557373      21.496235      62.053607      8.9237285      11.882365      0              3.5856653      16.165614      3093.1994    
     40500   196.75856      41.710122      21.113997      62.824118      11.511818      10.614747      0              3.1577367      16.425821      393.47784    
     40600   222.76501      39.703189      23.904727      63.607916      7.9350355      11.601797      0              3.9493661      16.21699       349.64079    
     40700   215.95391      41.216289      23.173833      64.390122      8.7577739      11.50661       0              4.6739894      16.277916      27.622606    
     40800   223.66053      41.141371      24.000824      65.142195      11.886247      9.2634857      0              3.0802295      16.911409     -1284.1154    
     40900   222.53722      41.71571       23.880282      65.595992      12.760161      7.2381649      0              3.0188454      18.698539      247.52704    
     41000   209.59623      43.145708      22.491596      65.637303      10.990092      8.1705548      0              6.7983781      17.186683     -412.17572    
     41100   261.67968      37.045061      28.080627      65.125687      8.1956171      8.1548482      0              3.9232243      16.771371      808.91378    
     41200   262.94201      35.827349      28.216086      64.043435      8.4580335      7.6799101      0              3.388743       16.300662     -2325.6289    
     41300   234.31145      37.302169      25.143765      62.445935      7.4464696      9.0995743      0              3.0846502      17.671475      1446.342     
     41400   206.91769      38.292562      22.204163      60.496725      8.2656616      7.8689317      0              4.9373817      17.220587      1918.112     
     41500   178.58295      39.534818      19.163587      58.698405      10.338986      10.190568      0              2.7343484      16.270916     -2116.7828    
     41600   207.1096       34.998056      22.224758      57.222813      7.5229805      6.7137075      0              4.0927462      16.668621     -998.78063    
     41700   206.20074      33.978522      22.127229      56.105751      7.6326412      6.3945902      0              2.1619907      17.789299      691.78075    
     41800   161.86488      37.996223      17.369584      55.365807      9.8812029      7.2046989      0              3.2285536      17.681767     -816.10152    
     41900   205.62327      32.732114      22.065261      54.797374      7.7097602      6.3114723      0              2.9788336      15.732048     -1072.3602    
     42000   158.83039      37.47696       17.043956      54.520915      8.6601639      8.3769801      0              4.4253713      16.014444     -729.14202    
     42100   202.24613      32.748231      21.702862      54.451094      9.4235646      4.3760805      0              1.9137283      17.034858      905.71278    
     42200   189.53737      34.273271      20.339097      54.612368      8.4530662      6.0422526      0              2.766743       17.011209      1259.5734    
     42300   187.06528      34.857598      20.073819      54.931417      6.7648896      8.6896827      0              3.0217503      16.381276      1108.7944    
     42400   211.51277      32.768998      22.697258      55.466256      7.2345151      5.8144447      0              3.8707667      15.849271     -245.33005    
     42500   180.33387      36.903353      19.351476      56.254829      7.3141233      8.9264155      0              3.7722748      16.890539      220.03058    
     42600   177.05903      38.589866      19.000056      57.589922      12.892188      7.3761917      0              2.5310215      15.790465     -54.35725     
     42700   246.41339      33.0479        26.442415      59.490315      7.1447315      6.6087642      0              3.5719945      15.72241      -104.15031    
     42800   211.1162       39.148323      22.654703      61.803026      9.1294272      10.532625      0              3.245406       16.240865     -687.57629    
     42900   214.66377      41.095481      23.035389      64.13087       12.147331      10.584175      0              2.2662255      16.097749     -1545.0673    
     43000   205.31778      43.84726       22.032479      65.879738      11.870132      12.808517      0              3.5983896      15.570221      1522.4181    
     43100   256.27488      39.23942       27.500642      66.740063      10.766887      10.781942      0              2.8682726      14.822319     -1999.6108    
     43200   245.04604      40.529596      26.295686      66.825282      13.386593      7.934615       0              3.0992274      16.109161     -1785.8978    
     43300   241.73099      40.427765      25.93995       66.367715      10.951809      8.9687106      0              3.2683314      17.238915      2337.2848    
     43400   218.87233      41.974927      23.487006      65.461933      13.932152      8.4815492      0              3.2109835      16.350242      1651.8421    
     43500   250.44252      37.375955      26.874777      64.250731      8.1187215      9.718378       0              4.0003847      15.53847       269.52297    
     43600   208.10179      40.666162      22.331229      62.997391      13.0034        7.7457803      0              3.0120607      16.904922     -713.29293    
     43700   235.0575       36.470035      25.223823      61.693858      9.7463519      7.6921734      0              3.5706917      15.460818     -2869.03      
     43800   228.24875      35.961115      24.493182      60.454297      7.2562931      10.126218      0              2.2714293      16.307175      818.42634    
     43900   190.13702      38.952447      20.403445      59.355891      8.8290858      10.154006      0              3.1178884      16.851466      1680.3201    
     44000   219.63288      34.893252      23.56862       58.461872      10.651395      6.0755701      0              1.4327736      16.733513     -1099.8597    
     44100   209.15369      35.291828      22.444107      57.735935      6.5487645      7.7328633      0              3.6208645      17.389336      1858.9459    
     44200   180.12166      37.894862      19.328704      57.223566      9.797454       8.7697769      0              3.2268637      16.100768      2284.9651    
     44300   191.30537      36.335654      20.528819      56.864473      8.4710658      9.2601805      0              2.1927544      16.411653     -70.755045    
     44400   149.98833      40.56345       16.095122      56.658572      11.198216      10.057533      0              3.4717037      15.835998      88.908188    
     44500   187.80551      36.45305       20.153251      56.606301      7.3452614      7.8269452      0              4.5602394      16.720604      1330.1772    
     44600   187.76179      36.612482      20.14856       56.761042      8.2339528      9.2784565      0              3.0512116      16.048861      25.364682    
     44700   204.66499      35.128857      21.962428      57.091285      7.5183672      7.6495017      0              4.0186433      15.942345     -1782.1848    
     44800   226.41704      33.361394      24.296622      57.658017      6.8928405      7.5981782      0              2.5997091      16.270667     -1020.3188    
     44900   170.15216      40.408865      18.258885      58.66775       9.7495296      10.421209      0              4.4411902      15.796936     -443.90364    
     45000   217.45546      36.876363      23.334963      60.211327      9.8781114      5.8007424      0              3.4196617      17.777848      798.70599    
     45100   235.13079      37.183821      25.231688      62.415509      10.488048      7.4960516      0              2.435481       16.764241      840.51593    
     45200   221.19257      41.132735      23.73599       64.868724      10.758683      11.567927      0              3.0390912      15.767034     -2118.5223    
     45300   253.64039      39.582974      27.217938      66.800912      10.14027       10.865921      0              2.6283267      15.948456     -586.99093    
     45400   231.02975      43.189269      24.791609      67.980878      7.8126062      14.925196      0              4.2078491      16.243618      2729.3046    
     45500   276.39881      38.731046      29.660124      68.39117       8.6561017      10.318555      0              3.8741793      15.88221      -720.84449    
     45600   235.69405      42.741799      25.292131      68.03393       11.724255      8.8141751      0              6.2582639      15.945106     -1072.6737    
     45700   259.14066      39.161034      27.808167      66.969201      11.112843      7.091851       0              4.8569489      16.099391      1037.84      
     45800   241.76142      39.493326      25.943215      65.436541      10.085948      10.013924      0              3.1513958      16.242059      122.31911    
     45900   210.85459      41.13293       22.626629      63.759559      10.503377      10.891098      0              4.3421636      15.396292     -1933.4306    
     46000   167.52804      44.303934      17.977293      62.281227      14.900604      9.2759207      0              3.7221851      16.405224     -694.06702    
     46100   180.35463      41.763946      19.353705      61.117651      12.786266      9.6633108      0              3.4324576      15.881911      1502.7819    
     46200   226.75623      35.928075      24.333021      60.261096      11.701734      6.4259061      0              2.3371833      15.463252     -681.83318    
     46300   221.62045      35.848408      23.781905      59.630313      9.1303543      6.9635081      0              4.0589386      15.695607      179.46814    
     46400   216.29222      35.890532      23.210137      59.100669      8.7852285      9.7164342      0              1.5674456      15.821424     -266.79661    
     46500   221.1932       34.832121      23.736057      58.568178      9.8919681      5.5715495      0              2.6019262      16.766677     -811.52368    
     46600   178.69753      38.797474      19.175882      57.973355      10.01272       9.6063315      0              3.7154349      15.462987     -890.25859    
     46700   194.22726      36.49264       20.842365      57.335004      8.292489       9.3434712      0              2.3965566      16.460123      15.10426     
     46800   237.74327      31.208432      25.512031      56.720463      6.5027946      6.8750127      0              1.2486052      16.582019      222.94358    
     46900   190.15973      35.895953      20.405881      56.301834      8.7739938      7.8546437      0              2.1628438      17.104471     -291.74766    
     47000   177.29074      37.012374      19.024921      56.037295      8.1760447      8.671564       0              3.07733        17.087435      2220.883     
     47100   191.11907      35.416911      20.508827      55.925738      9.482594       7.2380302      0              2.385052       16.311235     -495.77966    
     47200   184.81306      36.127353      19.832135      55.959488      10.34922       5.5147804      0              2.1771215      18.086231      1755.5597    
     47300   190.46215      35.721712      20.438334      56.160046      8.5741551      6.3760769      0              4.5208187      16.250662     -1298.1312    
     47400   202.61433      34.913212      21.742374      56.655585      8.0336545      6.9685502      0              3.2104738      16.700533      650.26717    
     47500   198.1069       36.276372      21.258685      57.535057      8.6536624      6.9102539      0              3.2206019      17.491854      1243.0179    
     47600   200.71558      37.360032      21.538621      58.898653      9.4550103      7.2382569      0              3.9843798      16.682385     -2112.3503    
     47700   175.21551      42.018023      18.80223       60.820253      10.962875      8.1416207      0              5.3616676      17.55186       3432.5565    
     47800   234.41374      37.748035      25.154742      62.902777      10.784077      7.2303589      0              3.9417538      15.791846     -1850.2007    
     47900   214.25629      41.648665      22.991663      64.640328      12.294547      8.3658781      0              4.3009484      16.687292     -1863.5885    
     48000   241.80715      39.845265      25.948123      65.793388      10.931183      7.179737       0              3.9455472      17.788798      1403.0781    
     48100   262.61278      38.172244      28.180758      66.353002      11.699696      5.7692452      0              3.147701       17.555603     -1154.0425    
     48200   233.26103      41.255411      25.031046      66.286457      11.587927      7.4628277      0              4.1590556      18.045601      257.78997    
     48300   243.87179      39.311446      26.169677      65.481123      8.691368       9.403954       0              4.3023348      16.913789      482.93168    
     48400   223.30729      40.247969      23.962918      64.210887      9.9395054      10.127547      0              2.0666437      18.114274      400.08352    
     48500   208.67234      40.183608      22.392453      62.576062      11.622801      6.268755       0              4.3029398      17.989112      867.61058    
     48600   199.57026      39.33786       21.415717      60.753577      11.476083      7.4620938      0              3.6671887      16.732494     -109.68777    
     48700   188.42502      38.968379      20.219731      59.18811       11.602063      7.4284841      0              3.1414572      16.796375     -741.66317    
     48800   229.4394       33.391461      24.62095       58.012411      8.5721309      5.8842118      0              2.8512666      16.083852     -477.53123    
     48900   203.19171      35.486322      21.804332      57.290654      10.136961      3.790735       0              4.6576915      16.900934      130.1578     
     49000   186.46065      36.87154       20.008936      56.880477      8.2715592      9.1833123      0              3.1269117      16.289757      1603.4686    
     49100   212.7055       33.809434      22.825249      56.634683      6.9770912      5.6268035      0              4.6747232      16.530817      738.56923    
     49200   154.62208      39.995016      16.592365      56.587381      12.521912      8.7142457      0              2.6924198      16.066438     -2712.6331    
     49300   155.91257      39.840261      16.730847      56.571108      11.375837      7.7526267      0              3.2845442      17.427252      2856.4292    
     49400   204.439        34.76162       21.938178      56.699798      9.2123842      6.1086014      0              2.1831356      17.257499      240.1371     
     49500   171.32293      38.631077      18.38452       57.015597      10.937431      7.0338554      0              3.6017873      17.058003      1085.8665    
     49600   174.47338      38.730417      18.722592      57.453009      10.787137      7.4000795      0              4.5706272      15.972573      2208.4152    
     49700   215.42696      34.840805      23.117287      57.958092      10.702432      6.0415684      0              2.6461023      15.450702      23.160805    
     49800   220.47484      34.76871       23.65897       58.42768       7.4235138      7.5006384      0              4.1836188      15.660939      1119.1694    
     49900   214.11511      35.970967      22.976513      58.947479      11.152965      6.673389       0              2.9483144      15.196298      1856.0429    
     50000   202.59148      37.78812       21.739922      59.528042      11.407131      6.8213168      0              3.848586       15.711086     -699.61389    
     50100   193.07854      39.418746      20.719097      60.137843      10.526758      7.5836568      0              4.2458912      17.06244      -938.27515    
     50200   211.28286      38.186851      22.672587      60.859438      9.5302885      9.0089159      0              3.1223609      16.525285      583.49967    
     50300   237.78158      36.197997      25.516142      61.714139      9.2982884      9.4642273      0              1.3695599      16.065921     -2283.9834    
     50400   229.91336      38.056661      24.67181       62.728471      13.395334      6.2513167      0              2.3538904      16.056119     -1554.5512    
     50500   241.48077      37.682728      25.913099      63.595827      12.131941      7.0530865      0              2.6090602      15.88864      -1921.373     
     50600   260.5862       36.232592      27.963287      64.195878      7.8685825      9.4661538      0              2.4408315      16.457024     -1454.1242    
     50700   224.41095      40.522246      24.081351      64.603596      13.507795      8.4917642      0              1.6977904      16.824896      1359.399     
     50800   225.08155      40.503515      24.153312      64.656827      10.404509      9.5228523      0              3.2789286      17.297226      1606.1704    
     50900   247.42823      37.695904      26.551316      64.24722       11.051489      7.1856673      0              2.5132907      16.945457     -315.34926    
     51000   242.07789      37.308427      25.977175      63.285603      9.4779372      8.4146046      0              2.4679894      16.947896      635.25371    
     51100   234.22975      36.680451      25.134998      61.81545       12.021955      5.2582925      0              2.1476159      17.252588      166.88083    
     51200   181.47675      40.452258      19.474118      59.926376      12.489794      7.6171346      0              2.7332756      17.612054      1000.7622    
     51300   216.38704      34.649889      23.220312      57.870201      10.006832      6.2973859      0              2.1742992      16.171373     -1050.3301    
     51400   223.83118      32.138784      24.019136      56.15792       8.9719183      4.9755957      0              2.2873245      15.903945      308.44854    
     51500   173.73229      36.264808      18.643066      54.907874      10.260546      6.7912255      0              2.4035123      16.809524      1012.2052    
     51600   193.5734       33.344974      20.7722        54.117173      8.2456612      6.5055626      0              3.1177852      15.475965      1598.7358    
     51700   222.93082      29.773975      23.92252       53.696495      7.2921777      5.097085       0              2.0215118      15.363201     -397.91875    
     51800   184.0727       33.804437      19.752687      53.557124      7.9427145      7.7065812      0              2.7749484      15.380193     -2324.4067    
     51900   128.92045      39.825682      13.834345      53.660027      10.298685      8.3851975      0              4.4788398      16.66296      -1139.435     
     52000   185.10787      34.136128      19.86377       53.999898      10.380361      3.9580118      0              2.987911       16.809844     -3061.705     
     52100   181.06877      35.194796      19.430338      54.625133      8.1804934      6.3551249      0              4.1039041      16.555273      385.86616    
     52200   156.70885      38.618012      16.816296      55.434308      11.676027      7.6687397      0              3.5823912      15.690854     -1938.9566    
     52300   187.30589      36.234651      20.099638      56.334289      7.0774529      9.3409694      0              4.135291       15.680937      245.72444    
     52400   187.89273      37.280614      20.162612      57.443225      7.9398467      9.3383541      0              3.6042399      16.398173      799.80543    
     52500   236.94723      33.419325      25.426609      58.845934      8.2349518      5.3548961      0              3.7492655      16.080212      763.1295     
     52600   238.21869      34.988296      25.563048      60.551344      10.019291      6.2575084      0              2.8044976      15.906999      1469.2884    
     52700   193.10918      41.498521      20.722384      62.220905      12.265597      7.7357115      0              5.3566541      16.140558      2001.0098    
     52800   230.93178      38.768444      24.781095      63.549539      9.5576708      8.9341562      0              3.6626947      16.613922      1422.9093    
     52900   218.20217      41.234729      23.415092      64.649821      10.312328      8.3435808      0              4.9817938      17.597026      249.59205    
     53000   227.23958      41.145327      24.384889      65.530216      13.192884      9.1542392      0              3.2301785      15.568026      1619.4263    
     53100   230.01887      41.313857      24.683132      65.99699       12.65413       9.6953101      0              4.1679806      14.796436     -1943.8532    
     53200   284.79286      35.383186      30.560883      65.944069      9.9920202      6.3889743      0              3.4747713      15.52742      -1139.3856    
     53300   257.4543       37.328764      27.627205      64.955969      11.36741       6.0289096      0              2.535916       17.396529      850.84387    
     53400   206.86033      40.588137      22.198009      62.786146      14.290435      7.6956529      0              2.3969564      16.205092     -2385.479     
     53500   223.72206      36.186151      24.007427      60.193577      7.4010244      10.03516       0              2.5839077      16.166058      1269.4346    
     53600   192.03723      37.26755       20.607354      57.874904      9.479238       7.2298239      0              3.6628949      16.895594     -2138.5978    
     53700   185.09171      36.34551       19.862036      56.207546      8.6349592      6.473306       0              4.6914992      16.545745     -1329.3486    
     53800   184.67996      35.201474      19.817851      55.019325      9.7817079      7.8833548      0              2.8039619      14.732449     -4126.5671    
     53900   194.20553      33.268395      20.840032      54.108427      7.1148217      7.8171439      0              2.6931936      15.643236     -1051.1545    
     54000   186.14338      33.47632       19.97489       53.451209      7.5585518      5.4321768      0              4.4135214      16.072069     -718.47121    
     54100   148.53645      37.178753      15.939322      53.118075      8.9958953      6.4424029      0              4.5894364      17.151019      3659.9239    
     54200   164.211        35.446685      17.621345      53.068029      8.4699898      7.1441129      0              4.2121282      15.620454      596.06749    
     54300   184.43814      33.59107       19.791903      53.382973      7.9921604      6.5772232      0              2.8985691      16.123117      880.92157    
     54400   177.18958      35.006465      19.014065      54.02053       6.3768359      6.7968588      0              5.2361012      16.596669      2522.207     
     54500   195.08484      34.042907      20.934391      54.977298      6.960542       7.8997728      0              3.1097989      16.072793      312.84389    
     54600   196.8837       35.01264       21.127425      56.140065      8.1521184      6.7791164      0              4.3971072      15.684298      99.245995    
     54700   192.75355      36.847289      20.684222      57.531511      10.267351      8.0070393      0              1.9545652      16.618334      733.22267    
     54800   185.69642      39.087301      19.926928      59.014228      12.031188      6.2256294      0              3.766079       17.064405     -484.13714    
     54900   160.5299       43.050167      17.226329      60.276496      12.077194      9.5801552      0              4.6017845      16.791033      864.93609    
     55000   229.93869      36.64181       24.674528      61.316338      10.551163      6.4039902      0              4.1609003      15.525756     -5350.0868    
     55100   250.62099      35.222678      26.893928      62.116606      6.3770936      9.1819161      0              3.3593641      16.304304     -945.9101     
     55200   244.2311       36.182712      26.208234      62.390946      8.4087093      8.7953352      0              3.0842566      15.894411     -1280.311     
     55300   197.5342       41.008097      21.19723       62.205326      11.991505      9.8227503      0              2.7179013      16.47594      -860.24302    
     55400   224.33165      37.521559      24.072841      61.5944        9.3922106      7.1035194      0              4.9131359      16.112693     -1568.6225    
     55500   222.4594       36.832066      23.871932      60.703998      10.55053       5.462398       0              4.1148767      16.704262     -875.49567    
     55600   216.85335      36.074802      23.270351      59.345154      8.8726372      7.0342545      0              3.8392281      16.328683      244.15585    
     55700   207.72007      35.077486      22.290267      57.367752      8.9483711      6.9217969      0              2.4301753      16.777142      2563.5432    
     55800   188.07795      35.039435      20.182487      55.221921      7.2705283      6.1717785      0              4.8731577      16.72397      -580.8974     
     55900   185.30039      33.440431      19.88443       53.32486       7.6032811      6.7638641      0              3.1994723      15.873813     -1603.7538    
     56000   164.84055      34.362895      17.688902      52.051797      8.1682765      6.9379591      0              2.3690271      16.887633      3450.5204    
     56100   181.52111      31.976621      19.478878      51.455499      7.8717728      5.9187333      0              2.9139543      15.272161      253.06817    
     56200   171.16099      33.026891      18.367142      51.394033      7.3363147      7.5267977      0              2.7461474      15.417631     -255.38241    
     56300   134.11153      37.279409      14.391395      51.670804      9.6843548      8.8360271      0              3.5054996      15.253527      268.43006    
     56400   193.63855      31.359716      20.779191      52.138907      6.6489861      6.2598735      0              2.7923932      15.658463     -972.3011     
     56500   211.22124      30.156653      22.665974      52.822627      5.4502612      6.1615137      0              2.4442199      16.100658      2130.9681    
     56600   202.07818      31.977031      21.68484       53.661871      6.0003736      8.6998193      0              1.9590044      15.317834     -499.04626    
     56700   153.46434      38.21304       16.46813       54.68117       10.649433      8.4737295      0              3.5394847      15.550394     -2804.9573    
     56800   185.44469      35.947615      19.899914      55.847529      8.2796941      9.3621991      0              2.4614111      15.84431      -728.06005    
     56900   187.12148      36.950561      20.079849      57.03041       8.5462181      8.676488       0              3.7184782      16.009377     -699.22867    
     57000   186.06687      38.198888      19.96668       58.165568      9.657448       7.5986197      0              5.2134922      15.729328      551.4723     
     57100   189.94835      38.805665      20.383199      59.188864      10.319247      7.63683        0              4.703198       16.14639       860.77707    
     57200   222.82012      36.159193      23.91064       60.069833      7.7393085      7.2071292      0              5.0290324      16.183723      575.92141    
     57300   226.69193      36.351073      24.326121      60.677194      7.081576       4.8062851      0              8.1031577      16.360055      1294.4158    
     57400   250.68153      34.073499      26.900425      60.973924      6.6634976      7.2032884      0              4.1299911      16.076722      1166.5981    
     57500   193.69228      40.219198      20.784956      61.004154      11.768448      7.3451146      0              4.2141643      16.891471     -2079.2804    
     57600   213.26606      37.856306      22.885402      60.741708      9.1863384      6.8603709      0              4.7886721      17.020925     -1144.726     
     57700   181.52596      40.706551      19.479398      60.18595       9.4133904      10.377314      0              3.5009112      17.414936      3416.9208    
     57800   161.86133      41.888895      17.369204      59.258098      11.008671      11.866251      0              2.9904639      16.023508     -89.385664    
     57900   192.95604      37.162136      20.705951      57.868087      7.880327       7.9152191      0              3.6647027      17.701887      936.39643    
     58000   221.87748      32.215646      23.809486      56.025132      7.9206065      5.7976263      0              2.1346229      16.362791     -1527.5733    
     58100   188.98534      33.733255      20.279858      54.013113      7.0527595      8.6959229      0              2.2451229      15.739449     -715.22778    
     58200   173.55717      33.748282      18.624274      52.372557      8.9780992      5.1694641      0              2.7447689      16.85595       434.82803    
     58300   155.97392      34.498395      16.737431      51.235825      8.263924       6.171941       0              2.7186216      17.343908     -1475.2973    
     58400   155.80785      33.95084       16.719609      50.67045       8.0472693      5.8712472      0              3.1418542      16.89047       848.33097    
     58500   168.19191      32.582415      18.048533      50.630948      9.0249632      5.222058       0              2.6942704      15.641123     -1257.2078    
     58600   159.50225      33.852254      17.116053      50.968307      7.9083725      7.6954817      0              2.5864825      15.661917     -1421.8429    
     58700   180.27271      32.215362      19.344914      51.560276      7.1349536      4.9305708      0              3.8494511      16.300387     -2539.9148    
     58800   195.38274      31.351075      20.966358      52.317433      5.2278116      6.2412753      0              3.7730573      16.108931     -1745.2903    
     58900   196.04125      32.099346      21.037022      53.136368      5.7655829      6.1986417      0              3.2295256      16.905596     -473.28468    
     59000   160.42552      36.757294      17.215128      53.972422      8.9643873      7.4624641      0              4.0398407      16.290602     -1200.3791    
     59100   156.4075       37.961739      16.783958      54.745697      10.752779      7.0390211      0              3.4983786      16.671561     -932.00297    
     59200   162.26448      38.00346       17.412466      55.415925      9.9254281      8.592658       0              2.5636948      16.921679     -1206.6334    
     59300   188.36406      35.845333      20.213189      56.058523      10.020626      6.5924637      0              3.0758613      16.156382     -604.34334    
     59400   189.01905      36.43117       20.283476      56.714646      6.5105991      9.8119993      0              3.7043425      16.404229      177.36212    
     59500   239.54973      31.63499       25.705881      57.340871      6.3715764      5.4500464      0              2.7515391      17.061828      1647.531     
     59600   207.65425      35.611014      22.283203      57.894217      5.7995925      7.5812186      0              3.9318473      18.298356      1051.8643    
     59700   181.09867      38.949268      19.433546      58.382814      9.2841155      9.4436189      0              3.2724556      16.949077      1599.6923    
     59800   172.21161      40.24848       18.479884      58.728364      10.835148      8.2153203      0              4.2514947      16.946517      2775.9328    
     59900   205.87192      36.944457      22.091943      59.036401      9.885569       6.7179238      0              2.407861       17.933104      275.30911    
     60000   210.59405      36.626487      22.598671      59.225158      8.6914579      5.7140312      0              5.0910448      17.129953      127.30346    
     60100   216.12184      36.110027      23.191854      59.30188       10.572933      4.4341671      0              4.7975951      16.305331      1311.2387    
     60200   225.28184      34.940001      24.174806      59.114806      9.8455237      7.2427349      0              2.141607       15.710135     -1838.9787    
     60300   231.34181      33.765962      24.825095      58.591057      7.5243353      5.9950948      0              3.9348488      16.311683     -473.60476    
     60400   189.59942      37.404214      20.345755      57.749969      7.7201311      8.8540819      0              4.5238041      16.306197     -702.14962    
     60500   172.85251      38.003909      18.548658      56.552566      9.0434627      8.4026943      0              5.3525285      15.205223     -3110.1451    
     60600   171.27397      36.805066      18.379267      55.184332      6.9628239      9.2246326      0              4.2560047      16.361605     -1377.4098    
     60700   197.4409       32.606732      21.187217      53.793949      6.8587913      6.5976725      0              2.7554608      16.394808     -117.65382    
     60800   174.3218       33.915855      18.706327      52.622182      6.8539989      8.0721757      0              2.1529889      16.836692     -1121.5097    
     60900   166.56062      33.874652      17.873481      51.748133      6.370068       6.841371       0              3.9034947      16.759718     -386.06506    
     61000   158.98641      34.218891      17.060699      51.279589      7.056138       6.2302083      0              4.4669726      16.465572      240.37298    
     61100   144.41698      35.727442      15.497265      51.224707      7.9842756      6.1666897      0              4.0283741      17.548103     -869.19012    
     61200   154.73518      35.042508      16.604503      51.64701       8.1943906      6.501968       0              2.8781061      17.468043     -488.41938    
     61300   150.5832       36.514621      16.158957      52.673578      9.3858564      6.9857258      0              3.3183383      16.8247        252.25026    
     61400   157.72664      37.332987      16.925514      54.258501      7.8392035      8.8931629      0              3.8187533      16.781867      171.42832    
     61500   208.05886      33.911247      22.326622      56.23787       4.5410498      6.8846421      0              4.6907467      17.794809      1760.3667    
     61600   224.82668      33.905115      24.125963      58.031078      7.3993396      6.3493613      0              1.9838126      18.172602      4301.3711    
     61700   218.55437      35.877119      23.452886      59.330004      9.0618587      7.3351025      0              4.3107143      15.169443     -963.54878    
     61800   232.03043      35.163906      24.898991      60.062897      9.3639856      8.2791702      0              1.9751503      15.5456       -576.87882    
     61900   232.82195      35.385082      24.983928      60.369011      7.1493592      7.7145849      0              3.8234576      16.697681      3805.4173    
     62000   200.92222      38.788673      21.560795      60.349468      11.207476      6.4299163      0              3.746376       17.404905      412.57821    
     62100   206.99644      37.899027      22.212614      60.111641      7.8687083      9.9970421      0              4.6864735      15.346803     -1058.5721    
     62200   177.98369      40.736391      19.099281      59.835672      8.9215349      10.810289      0              4.9000881      16.104479      2109.8824    
     62300   201.32797      37.888432      21.604335      59.492767      10.417549      6.0332358      0              5.1607936      16.276853     -1528.1597    
     62400   191.47667      38.463449      20.547201      59.01065       11.611657      8.0467749      0              3.2641531      15.540863     -1911.18      
     62500   201.20793      36.739357      21.591454      58.330811      9.4321459      7.3070911      0              3.9495537      16.050566      1263.6406    
     62600   212.13011      34.761497      22.763504      57.525001      8.6655708      7.2489048      0              3.5763918      15.27063      -2046.5282    
     62700   220.1274       33.021108      23.621687      56.642794      7.2126845      5.5580943      0              3.6973544      16.552974     -1634.6735    
     62800   187.13991      35.663587      20.081827      55.745414      7.237517       8.567413       0              3.1880193      16.670638      1516.23      
     62900   171.82465      36.369605      18.438359      54.807964      7.7370061      9.0069933      0              3.360087       16.265518     -1318.5774    
     63000   153.259        37.433871      16.446095      53.879966      8.0921574      7.4696243      0              4.5641965      17.307893     -142.82608    
     63100   164.40172      35.279263      17.64181       52.921073      7.1686783      7.5389634      0              3.8468018      16.724819      1218.0031    
     63200   152.21945      35.543952      16.334541      51.878493      6.4585366      8.2054826      0              3.8338483      17.046084     -595.81245    
     63300   161.53531      33.427998      17.334219      50.762217      6.8560926      7.5620085      0              2.2502591      16.759638      926.25886    
     63400   143.83047      34.326767      15.434327      49.761095      9.1536425      4.970159       0              3.1990788      17.003887     -925.96541    
     63500   159.35551      31.801822      17.100306      48.902128      6.9719225      6.0874832      0              2.9293709      15.813046     -820.89323    
     63600   156.22007      31.65664       16.763845      48.420485      5.1443411      6.4749291      0              3.2857698      16.7516        1420.2561    
     63700   157.80729      31.437341      16.934168      48.371509      5.4997214      5.2379775      0              3.3055893      17.394053      479.49818    
     63800   127.59637      35.267541      13.69226       48.959801      6.418976       8.0338231      0              3.7487289      17.066013      1387.9664    
     63900   138.51884      35.413076      14.864341      50.277417      8.345615       6.8722343      0              3.4075536      16.787673      504.47168    
     64000   158.52767      35.245033      17.011472      52.256505      7.3391078      5.5795086      0              5.0407358      17.285681      2021.5634    
     64100   164.11529      36.783789      17.611074      54.394863      6.5117353      6.6230846      0              6.3194725      17.329496     -113.9016     
     64200   168.82715      38.019203      18.116699      56.135902      8.6873419      7.5766907      0              4.1006084      17.654562     -257.47509    
     64300   191.09805      36.918159      20.506572      57.424731      10.063267      5.9233906      0              4.1254366      16.806065      1402.3642    
     64400   208.93198      35.928925      22.420316      58.349241      7.4922497      7.4121461      0              4.1842102      16.840319     -628.26281    
     64500   216.77038      35.857688      23.261448      59.119136      7.5248516      6.2389105      0              3.1669605      18.926966      3322.9122    
     64600   215.34448      36.691388      23.108436      59.799823      7.1930354      7.9430517      0              4.9847043      16.570596     -1887.3895    
     64700   222.12686      36.500673      23.836247      60.33692       9.640541       6.5437562      0              3.9641664      16.35221       1416.5368    
     64800   203.92516      38.716748      21.883038      60.599786      11.541612      6.011029       0              4.3235024      16.840604     -1283.1999    
     64900   210.38326      38.049374      22.576051      60.625425      8.7742119      7.7618237      0              3.3872175      18.126121      1268.3518    
     65000   221.36403      36.79616       23.754388      60.550549      8.2956378      6.3459915      0              3.4939792      18.660552      181.5077     
     65100   191.32854      39.909802      20.531305      60.441107      12.467799      6.295004       0              3.6969406      17.450058     -2010.0292    
     65200   189.48631      39.968188      20.333617      60.301804      8.87316        9.0377583      0              3.8056113      18.251658     -473.6221     
     65300   202.58208      38.313708      21.738913      60.052621      10.908455      5.9946855      0              3.6759921      17.734576     -1139.0044    
     65400   180.34634      40.334868      19.352815      59.687683      10.632679      6.6131327      0              6.9290157      16.160041     -2142.074     
     65500   201.81541      37.559121      21.656643      59.215764      11.273314      6.9389249      0              3.0073706      16.339512     -2302.9411    
     65600   211.07584      36.020819      22.650371      58.67119       9.9138301      4.126756       0              5.7038279      16.276405     -2602.4236    
     65700   176.52405      39.023892      18.942648      57.966539      8.1143578      8.6929901      0              5.2873023      16.929242     -891.38477    
     65800   179.36934      37.852364      19.247974      57.100338      9.799456       7.9035015      0              4.343018       15.806388     -1666.5829    
     65900   169.16303      37.98366       18.152743      56.136403      8.9047633      9.4843743      0              3.2424463      16.352076     -2931.4137    
     66000   144.02421      39.810944      15.455118      55.266062      9.1030716      8.1106686      0              6.0111876      16.586016     -1583.5488    
     66100   168.59649      36.396148      18.091948      54.488096      9.683755       5.0477151      0              4.9296098      16.735068      2033.4057    
     66200   206.3105       31.656564      22.139007      53.795571      7.4225317      5.8567605      0              1.9380301      16.439242     -2676.3385    
     66300   187.24762      33.125338      20.093385      53.218723      7.2208641      6.7800908      0              3.2621743      15.862209      964.23328    
     66400   186.4362       32.842981      20.006313      52.849294      6.1068034      6.5259549      0              3.1783441      17.031879      790.46106    
     66500   175.77763      33.911449      18.86255       52.773998      6.6477349      7.0761809      0              2.7010214      17.486511      2136.5947    
     66600   167.54899      35.094805      17.979542      53.074347      7.7649526      7.2263736      0              2.5604242      17.543055      3290.9828    
     66700   173.8484       35.18162       18.655526      53.837145      7.5548407      8.2337043      0              3.1462814      16.246793     -1234.2623    
     66800   195.54887      34.124414      20.984185      55.108599      7.2092185      6.4228821      0              3.3705759      17.121737      4037.776     
     66900   192.04497      36.234662      20.608185      56.842847      8.8491492      4.9493566      0              4.9350351      17.501121      1035.7971    
     67000   195.10849      37.914868      20.936929      58.851797      7.8538451      8.7070695      0              4.7360476      16.617906     -1152.779     
     67100   237.31067      35.2102        25.465609      60.675808      6.2172985      5.9543262      0              6.6230288      16.415546      449.39194    
     67200   239.18945      36.433461      25.66722       62.100681      5.9231308      6.7971839      0              7.7670609      15.946085     -1730.6287    
     67300   231.15966      38.150928      24.805549      62.956477      9.2855183      5.2472937      0              7.1093282      16.508788      491.81266    
     67400   203.19184      41.449947      21.804346      63.254293      10.630326      9.3289813      0              5.4023878      16.088252     -1107.8477    
     67500   221.14959      39.274552      23.731377      63.00593       12.797824      6.966672       0              4.2757735      15.234283     -1998.6993    
     67600   224.59897      38.39472       24.101527      62.496247      9.2482243      8.0470701      0              4.4336906      16.665735     -447.37556    
     67700   236.10515      36.418946      25.336246      61.755192      7.9541823      7.2704407      0              4.0908411      17.103482      1183.2103    
     67800   220.31911      37.070974      23.642259      60.713234      8.5657682      7.2560431      0              6.1170064      15.132157     -2281.5501    
     67900   227.47641      35.036065      24.410303      59.446368      9.5701562      4.3007782      0              6.3733706      14.79176      -2947.7536    
     68000   217.378        34.878166      23.326651      58.204817      7.7299372      7.7036273      0              1.952805       17.491797      703.7311     
     68100   166.94094      39.328332      17.914293      57.242625      9.2778702      8.8783662      0              3.471194       17.700902     -437.34718    
     68200   186.44511      36.469786      20.007268      56.477054      9.2421368      7.3230512      0              3.4898645      16.414733      1477.6052    
     68300   214.97898      32.94421       23.069214      56.013425      8.7698045      4.0459496      0              2.954882       17.173574     -455.60233    
     68400   171.70801      37.362816      18.425842      55.788659      8.6438181      6.7811322      0              3.3085533      18.629313      354.36216    
     68500   163.98164      38.194333      17.596733      55.791066      9.004632       8.6771382      0              3.259401       17.253162      146.00996    
     68600   152.4562       39.619788      16.359947      55.979735      7.6976531      9.5112106      0              4.9598228      17.451101      2118.1532    
     68700   192.72553      35.635086      20.681215      56.3163        8.6740371      5.2675919      0              4.3798771      17.31358       949.42054    
     68800   181.01354      37.191102      19.424412      56.615514      8.6125414      7.4354443      0              4.8919861      16.25113      -2101.0678    
     68900   187.11193      36.759864      20.078824      56.838688      10.569342      6.8356426      0              3.4448051      15.910074      1097.0334    
     69000   186.95931      36.913907      20.062447      56.976354      7.9879511      9.2146389      0              3.4831136      16.228203      892.34011    
     69100   207.26389      34.891112      22.241315      57.132427      9.0362212      5.6318977      0              3.1150768      17.107916     -566.58919    
     69200   189.07504      37.060408      20.289484      57.349892      9.4658682      7.1879203      0              3.8899276      16.516692      1777.0623    
     69300   194.39733      36.70198       20.860615      57.562595      9.6373153      6.6641023      0              5.0413199      15.359242     -1979.9687    
     69400   210.45366      35.11976       22.583606      57.703366      8.3684027      6.717248       0              4.6836324      15.350477     -401.81819    
     69500   199.6139       36.39397       21.4204        57.81437       9.0997123      5.4076722      0              5.9896313      15.896954      218.78614    
     69600   191.34739      37.448859      20.533328      57.982187      8.9514207      8.7983697      0              4.4021387      15.29693      -2723.6683    
     69700   186.90179      38.25831       20.056275      58.314585      7.5542192      10.901134      0              4.2287639      15.574194     -1507.1451    
     69800   202.45722      37.041726      21.725515      58.767241      8.3700396      8.6683215      0              4.7563545      15.247011      508.52491    
     69900   227.01077      34.928539      24.360336      59.288875      8.6343637      7.2094978      0              2.9591894      16.125488      466.19838    
     70000   202.92821      38.101782      21.776056      59.877838      10.082669      7.9861841      0              4.9333779      15.09955      -3964.0394    
     70100   218.27562      37.173963      23.422974      60.596936      8.9282345      9.8103669      0              2.6824042      15.752957      877.69149    
     70200   238.03765      35.989261      25.54362       61.532881      7.4528204      6.9165681      0              5.8467967      15.773076      247.92371    
     70300   216.96976      39.317116      23.282843      62.599959      9.8388146      7.6356752      0              5.0215086      16.821118      1315.4232    
     70400   241.84807      37.42043       25.952514      63.372944      9.0461545      6.7477287      0              4.8895698      16.736977      1241.8795    
     70500   241.77485      37.720243      25.944657      63.6649        8.3717126      6.5623551      0              6.1595113      16.626664      1073.8951    
     70600   235.58956      38.172055      25.280919      63.452973      7.8175609      6.851853       0              7.3617566      16.140884      672.04043    
     70700   272.16942      33.555611      29.206272      62.761883      7.613793       5.4628241      0              3.946513       16.532481     -187.42937    
     70800   211.56495      38.815458      22.702858      61.518316      10.169696      7.4102557      0              5.14299        16.092517      1066.5794    
     70900   214.2079       36.728052      22.98647       59.714523      7.1808388      7.0094907      0              5.9481807      16.589542      941.45321    
     71000   219.72962      34.337357      23.579002      57.916359      6.8043553      7.4154395      0              3.3889135      16.728648      229.53101    
     71100   174.31568      37.725138      18.70567       56.430808      7.636804       9.7988634      0              3.2580943      17.031377      1831.7769    
     71200   186.47301      35.303735      20.010262      55.313997      11.404118      5.2688214      0              3.0212669      15.609529     -2533.8917    
     71300   193.37961      33.722714      20.751404      54.474118      7.8029845      7.6245372      0              2.7233435      15.571849     -1000.9179    
     71400   203.66605      32.025924      21.855233      53.881157      9.2599678      4.2844794      0              1.7459282      16.735548      1658.3599    
     71500   192.77535      32.863134      20.686561      53.549695      6.2923335      6.495965       0              3.9489463      16.125889     -479.37879    
     71600   188.70871      33.277962      20.250174      53.528136      5.9118843      8.406668       0              2.9353796      16.02403      -2513.289     
     71700   160.78766      36.51475       17.253989      53.768739      10.734972      7.9620694      0              2.804566       15.013142     -2787.3183    
     71800   177.53535      35.151891      19.05117       54.203061      11.367255      5.2637745      0              2.7480413      15.77282      -1565.0972    
     71900   158.50799      37.872174      17.00936       54.881534      11.157966      6.8721228      0              3.986644       15.855442     -1368.8794    
     72000   177.98724      36.785801      19.099661      55.885462      9.8954915      5.5193185      0              4.7790623      16.591928      1014.9832    
     72100   194.51691      36.506063      20.873447      57.37951       10.320875      6.1798031      0              4.4905119      15.514873     -3252.7175    
     72200   231.59465      34.519659      24.852228      59.371887      6.9507418      8.8317181      0              2.906238       15.830961      1580.353     
     72300   249.51586      34.797796      26.775338      61.573134      8.2101336      6.7039411      0              3.3863158      16.497405      3037.4626    
     72400   245.67336      37.274173      26.363003      63.637176      7.9027899      8.759529       0              3.767814       16.84404       695.69669    
     72500   201.33793      43.52208       21.605404      65.127485      10.691662      12.673659      0              3.1764703      16.980289      1602.5977    
     72600   227.97249      41.260336      24.463536      65.723873      8.838262       10.357098      0              5.4987464      16.56623      -684.32238    
     72700   181.01115      46.233702      19.424155      65.657858      12.463284      11.440778      0              4.912765       17.416876      1651.0744    
     72800   215.69644      41.933465      23.146204      65.079669      11.786465      6.8607818      0              4.4265949      18.859624     -2.5393579    
     72900   235.46226      39.02393       25.267258      64.291187      7.8148512      8.7112866      0              5.7627477      16.735044     -185.24216    
     73000   228.38724      39.011489      24.508043      63.519533      12.833932      7.7160989      0              2.8500597      15.611398     -2063.5288    
     73100   209.10388      40.355916      22.438763      62.794679      10.3928        7.5602626      0              5.3242026      17.078651      1699.3752    
     73200   213.61133      39.159813      22.922453      62.082266      11.222094      8.2345904      0              2.5903324      17.112797     -1624.1282    
     73300   192.13121      40.678754      20.617439      61.296194      14.056962      8.468156       0              2.8490978      15.304538     -3753.2974    
     73400   218.3246       36.972816      23.42823       60.401045      8.5709813      8.4766571      0              3.3912455      16.533932      1126.3054    
     73500   183.47142      39.818247      19.688164      59.506411      8.5997782      9.8287002      0              5.1353431      16.254425     -1164.786     
     73600   217.98901      35.114197      23.392218      58.506415      8.0925745      5.7929956      0              4.2723507      16.956277      1745.2583    
     73700   200.36813      35.877688      21.501336      57.379024      9.4188388      8.5129264      0              2.5050245      15.440898     -634.88152    
     73800   198.32469      34.978481      21.282056      56.260537      11.564928      5.3675366      0              2.4175224      15.628494     -2718.7812    
     73900   180.86917      35.859749      19.408919      55.268668      9.2284476      7.2372646      0              3.4201399      15.973897     -256.76076    
     74000   177.6259       35.38396       19.060887      54.444847      8.2313661      6.2129918      0              4.4473682      16.492234      797.19352    
     74100   207.00395      31.575617      22.21342       53.789037      4.4800803      8.0297295      0              2.6112597      16.454547      2260.6844    
     74200   206.04664      31.288477      22.110692      53.399169      4.5769888      6.909749       0              3.2399082      16.561831      637.36842    
     74300   165.79242      35.401552      17.791045      53.192598      8.8809349      6.4990262      0              3.5403473      16.481244      2428.889     
     74400   192.42343      32.526126      20.648797      53.174923      6.9279987      5.8771606      0              3.4243899      16.296577      578.90047    
     74500   169.95337      35.14579       18.237554      53.383344      8.9775923      6.5148074      0              3.5697128      16.083678     -1250.7404    
     74600   215.18887      30.811982      23.091737      53.903719      4.8998523      5.2885932      0              4.5221823      16.101354      1749.7763    
     74700   214.72348      31.99998       23.041797      55.041777      4.7221174      7.4166064      0              3.0226419      16.838615      1204.5794    
     74800   189.00319      36.658245      20.281774      56.940019      10.043592      7.9432124      0              2.2050875      16.466354     -788.28076    
     74900   243.10823      33.410989      26.08774       59.49873       6.903029       6.159791       0              4.3585031      15.989666      374.38719    
     75000   223.67885      37.968269      24.00279       61.971059      11.72594       6.0925634      0              5.0165058      15.13326      -1814.1981    
     75100   208.4093       41.022314      22.364227      63.386541      14.194707      8.4833795      0              2.8209965      15.523231     -1791.3151    
     75200   229.67898      39.220511      24.646659      63.86717       9.1659704      9.3537189      0              3.5085808      17.19224      -1227.3988    
     75300   220.92152      39.947959      23.706903      63.654862      10.148128      8.3006019      0              5.6479303      15.851299     -2082.032     
     75400   230.57261      38.23314       24.742553      62.975693      10.695801      8.2438304      0              3.1144116      16.179097     -1878.7717    
     75500   240.66291      36.096842      25.825335      61.922177      9.4434931      6.6042946      0              4.2262882      15.822766     -2773.8385    
     75600   243.18955      34.421402      26.096467      60.517869      7.4883513      5.9875068      0              4.4501003      16.495444      615.4814     
     75700   154.28704      42.569768      16.556413      59.126181      11.576319      11.532642      0              2.6456026      16.815204      422.43841    
     75800   172.73036      39.459038      18.53555       57.994587      10.064996      7.8135979      0              5.0076494      16.572795      776.94392    
     75900   188.64405      36.793402      20.243235      57.036637      10.857114      5.9905619      0              3.7761556      16.16957      -147.11531    
     76000   212.64152      33.404114      22.818383      56.222497      7.7389013      5.2060542      0              2.6769068      17.782251      4444.2702    
     76100   198.18225      34.408319      21.266771      55.675091      5.7807118      7.0450912      0              3.7134163      17.8691       -1.3660695    
     76200   187.09181      35.446504      20.076665      55.523169      4.9125052      7.7873915      0              4.8878733      17.858734      603.37161    
     76300   192.85982      34.999155      20.695626      55.69478       6.856849       8.2448222      0              2.0317086      17.865775      527.13601    
     76400   179.82908      36.64689       19.297307      55.944197      9.3129287      5.9174051      0              4.9465026      16.470054     -1881.5261    
     76500   200.53505      34.727867      21.519249      56.247115      7.048478       6.2163104      0              4.9110354      16.552043      862.52482    
     76600   192.01597      35.917155      20.605073      56.522228      7.8365348      7.216058       0              4.3565162      16.508046     -120.69702    
     76700   184.29968      36.995381      19.777045      56.772426      6.4677479      9.8112037      0              3.9745242      16.741905      2853.3955    
     76800   201.07204      35.503627      21.576872      57.080499      6.6097663      7.29256        0              4.5312982      17.070003      3886.9281    
     76900   219.39343      33.802554      23.542925      57.345479      8.3126919      6.910043       0              3.3965261      15.183293     -1199.3525    
     77000   210.46076      34.924526      22.584368      57.508894      8.9318049      7.4331933      0              3.0439573      15.51557      -1418.4319    
     77100   198.38848      36.375748      21.288901      57.664649      9.5511486      5.8403823      0              4.3485894      16.635627      33.305234    
     77200   193.97035      37.003186      20.814795      57.817982      11.279131      4.4323619      0              4.2005239      17.091169      985.79183    
     77300   175.06145      39.134488      18.785698      57.920186      10.879869      6.6964918      0              3.5968388      17.961288      1634.032     
     77400   210.9382       35.355835      22.635601      57.991437      8.2491638      7.4548859      0              3.439973       16.211813      720.01819    
     77500   243.6502       31.87083       26.145898      58.016728      5.9064222      6.7062891      0              2.8405527      16.417566      1974.2364    
     77600   206.99544      35.736182      22.212507      57.948689      6.5793085      9.8872629      0              3.3981058      15.871505     -832.48533    
     77700   205.53831      35.898581      22.056144      57.954725      4.8288603      11.782415      0              3.5123716      15.774935      872.89438    
     77800   190.6943       37.490093      20.463246      57.953338      9.1121294      10.066976      0              1.9028588      16.408129      2087.5313    
     77900   191.40199      37.291017      20.539188      57.830204      9.5020423      9.0522156      0              2.7849335      15.951825     -1331.2338    
     78000   236.20275      32.378136      25.34672       57.724856      7.9182323      6.3116636      0              2.1332974      16.014943      730.49997    
     78100   202.75079      35.872161      21.757018      57.629178      7.2266676      10.50879       0              3.3129866      14.823716     -2676.8825    
     78200   179.89862      38.329229      19.304771      57.634         9.8008728      11.376624      0              1.4293553      15.722377     -3093.2315    
     78300   190.66636      37.161557      20.460248      57.621804      9.2657908      8.9603928      0              3.824336       15.111037     -1720.5645    
     78400   202.29246      35.913176      21.707834      57.62101       10.482796      5.8193831      0              3.1155607      16.495436     -400.27158    
     78500   178.9677       38.456396      19.204874      57.66127       10.485779      9.2067998      0              2.6529846      16.110833      755.89672    
     78600   168.90588      39.544844      18.125148      57.669992      12.124437      8.3576879      0              3.3767228      15.685996     -1160.2357    
     78700   210.4514       35.183541      22.583363      57.766904      8.5483863      9.1133313      0              2.178534       15.343289      46.90858     
     78800   207.00731      35.675622      22.213781      57.889403      7.6212403      6.105999       0              5.7224449      16.225938     -1388.6599    
     78900   190.83534      37.479052      20.478381      57.957433      8.6010948      9.4691497      0              3.3628084      16.045999      281.09391    
     79000   204.67902      35.998207      21.963935      57.962141      6.9656713      8.4446168      0              3.7960717      16.791847     -1081.6523    
     79100   174.46317      39.199647      18.721496      57.921143      7.3718387      11.198571      0              3.2542429      17.374994      2456.2438    
     79200   164.79563      40.169528      17.684081      57.85361       8.5347748      8.1291608      0              5.2503679      18.255225      699.97193    
     79300   225.48471      33.476268      24.196576      57.672844      6.640378       6.6239979      0              4.2411444      15.970748     -789.46967    
     79400   223.11164      33.252074      23.941924      57.193998      4.8408331      8.0162182      0              5.4395174      14.955506     -725.09189    
     79500   203.76462      34.816997      21.865811      56.682808      6.5875001      8.2641416      0              3.7174982      16.247857     -936.4663     
     79600   179.23734      36.833908      19.233809      56.067717      8.2237942      7.0172556      0              4.3243585      17.2685        1725.4328    
     79700   184.45082      35.437927      19.793263      55.231189      8.9087869      7.4020884      0              2.676004       16.451047      991.68543    
     79800   162.40986      37.019443      17.428066      54.44751       10.939142      7.3670933      0              3.9009472      14.812261     -2377.295     
     79900   185.42603      33.825154      19.897912      53.723066      7.2038456      4.4001469      0              5.0548163      17.166345      1088.2432    
     80000   180.8506       33.690187      19.406926      53.097114      8.361161       3.6363817      0              2.8781417      18.814503     -1181.6441    
     80100   184.45227      32.871204      19.793418      52.664623      6.3239294      6.852356       0              3.2159011      16.479018     -1516.7465    
     80200   159.5294       35.32694       17.118966      52.445906      7.8440504      9.3416649      0              2.8831381      15.258087     -2263.795     
     80300   180.05049      33.270967      19.321067      52.592033      8.2094628      6.5330134      0              2.3964458      16.132044     -698.51744    
     80400   170.47585      34.823951      18.293621      53.117572      5.4835007      7.3446989      0              3.9255214      18.07023      -577.52522    
     80500   204.03866      32.226554      21.895218      54.121771      6.6121822      5.6961721      0              3.5338859      16.384313      2783.8486    
     80600   154.35479      39.0659        16.563683      55.629582      9.9526388      9.2867011      0              5.3156212      14.510938     -1828.6721    
     80700   232.30082      32.623989      24.928006      57.551995      5.6697696      6.4101449      0              4.5710339      15.973041     -909.45292    
     80800   184.56609      39.547482      19.805632      59.353114      7.1607954      10.546936      0              4.5112216      17.328529      1262.9903    
     80900   193.97211      40.091512      20.814984      60.906496      10.802448      8.9048379      0              4.3942605      15.989966     -346.65567    
     81000   225.85076      37.670466      24.235856      61.906322      6.737054       9.6157029      0              5.6796165      15.638093      1047.5914    
     81100   201.78926      40.837775      21.653837      62.491612      8.3353701      10.965891      0              3.4495941      18.086919      152.91739    
     81200   223.53688      38.702465      23.987555      62.69002       10.161343      5.7239928      0              5.9195764      16.897553      906.49663    
     81300   243.09187      36.415297      26.085985      62.501282      9.1984823      5.751627       0              5.5117706      15.953417      1570.0548    
     81400   206.71277      39.787917      22.182174      61.970092      12.142634      7.2804133      0              5.5558274      14.809043     -4544.0829    
     81500   218.73244      37.703489      23.471995      61.175484      10.291646      8.0608042      0              3.151101       16.199938     -280.9508     
     81600   224.6712       36.086237      24.109279      60.195516      8.1673632      7.2390421      0              3.6763268      17.003505      761.0484     
     81700   215.37378      36.031679      23.11158       59.143259      9.0791026      8.8020976      0              2.6827359      15.467743      637.18999    
     81800   177.08311      38.96138       19.00264       57.96402       8.7757744      9.5724125      0              4.3787111      16.234482      5.9692547    
     81900   204.89835      34.902412      21.98747       56.889882      7.0353738      8.4573606      0              3.4273595      15.982318     -783.96836    
     82000   166.07682      38.270419      17.821564      56.091983      8.5374683      9.6428414      0              3.584078       16.506032     -2400.6019    
     82100   174.88909      36.733863      18.767202      55.501065      8.1799236      9.2279121      0              3.5761192      15.749908      480.19102    
     82200   163.65421      37.638005      17.561597      55.199601      8.0541274      7.1725815      0              6.1656012      16.245695      3425.2882    
     82300   162.57573      37.700518      17.445866      55.146384      7.6077819      10.929748      0              3.3709301      15.792058     -102.56737    
     82400   181.39131      35.796955      19.464949      55.261905      8.2786618      7.3651841      0              3.8153077      16.337802      2176.5317    
     82500   193.0404       34.769314      20.715003      55.484318      8.5798278      8.0354682      0              2.3529026      15.801116      141.23005    
     82600   152.5206       39.358701      16.366858      55.725559      8.0093965      10.17065       0              4.9397022      16.238952      319.60199    
     82700   186.67886      36.014417      20.032352      56.046769      6.0375869      8.249209       0              5.7700941      15.957527      1254.2693    
     82800   182.11827      36.839324      19.542959      56.382282      8.0792744      8.6681558      0              2.7721214      17.319772     -837.28276    
     82900   192.75372      36.187798      20.68424       56.872038      9.8607203      6.9148735      0              2.8615554      16.550649     -148.98281    
     83000   184.35616      37.656955      19.783105      57.44006       8.9560659      9.2906124      0              3.6826243      15.727653     -1050.0034    
     83100   185.84258      38.111248      19.942612      58.05386       7.1778707      11.294096      0              3.8581399      15.781142      184.99672    
     83200   155.55813      42.014342      16.692812      58.707154      9.4735465      11.541662      0              5.0236725      15.97546      -2919.3267    
     83300   200.19152      37.913519      21.482384      59.395904      6.0667299      10.414202      0              5.1462876      16.2863        701.00446    
     83400   215.53166      37.035773      23.128522      60.164294      7.3683017      7.4538594      0              6.7615138      15.452098      116.96983    
     83500   226.33037      36.655254      24.287322      60.942576      6.1302953      8.0685157      0              5.7198522      16.736591      1136.0327    
     83600   201.81637      40.051063      21.656746      61.707809      7.9180799      10.009518      0              5.1085728      17.014893      771.55546    
     83700   194.79184      41.64135       20.90295       62.544299      8.2761814      11.289083      0              6.189206       15.88688      -2383.6631    
     83800   204.53471      41.399203      21.948448      63.347651      12.536856      5.6166975      0              7.4361107      15.809538     -1758.7313    
     83900   219.81467      40.486006      23.588128      64.074134      9.2596629      9.0034568      0              5.1161653      17.106721      1170.4012    
     84000   261.42631      36.496553      28.053438      64.549991      8.5824385      7.5432699      0              4.2333088      16.137536      430.04951    
     84100   220.46274      40.978637      23.657672      64.63631       8.0579685      11.856566      0              5.4689886      15.595114     -373.00282    
     84200   235.14878      39.019737      25.233618      64.253356      9.1530049      12.365538      0              1.5012537      15.99994       221.42017    
     84300   262.42769      35.055096      28.160896      63.215992      8.6982608      7.1232007      0              2.3445206      16.889114      4364.4089    
     84400   167.75872      43.423839      18.002048      61.425887      9.9729502      12.06063       0              4.6290365      16.761223     -27.32962     
     84500   170.6701       41.123193      18.314465      59.437658      12.161372      7.0372427      0              4.4126337      17.511944      964.40351    
     84600   195.6258       36.549652      20.992441      57.542093      5.9769975      9.7238794      0              4.103643       16.745132      1554.9989    
     84700   191.34618      35.561321      20.533198      56.094519      6.637142       9.1129593      0              3.3701262      16.441093     -68.857343    
     84800   233.22428      30.049998      25.027102      55.0771        5.4619154      6.6040354      0              1.9520113      16.032036      1161.4228    
     84900   198.79921      33.047073      21.332976      54.380049      6.129409       8.1418593      0              2.6171697      16.158635      1973.802     
     85000   142.43671      38.655538      15.284764      53.940303      7.2813009      11.434785      0              3.7427885      16.196664      1209.2254    
     85100   194.20609      32.996617      20.840092      53.83671       10.026086      5.6523326      0              2.5231591      14.79504      -3133.9917    
     85200   156.34417      37.167233      16.777162      53.944395      11.039699      5.6268665      0              4.7320835      15.768584     -631.97476    
     85300   181.0979       34.807804      19.433464      54.241268      6.041654       8.520519       0              4.2272397      16.018392     -1193.8783    
     85400   196.73529      33.76911       21.111499      54.880609      9.2345358      5.7881687      0              2.6947243      16.051681     -2290.9763    
     85500   178.23418      36.786295      19.12616       55.912456      5.7069575      10.248942      0              4.2541364      16.57626      -507.92419    
     85600   199.434        36.014142      21.401096      57.415238      9.1925407      8.36376        0              2.932542       15.5253       -4416.2302    
     85700   186.60094      39.17616       20.02399       59.20015       8.5699414      13.169223      0              2.5917792      14.845217     -2824.5857    
     85800   216.54881      37.815579      23.237672      61.05325       10.698832      8.9117616      0              3.063488       15.141497     -3719.6739    
     85900   203.53058      40.673381      21.840696      62.514077      10.242262      11.036274      0              3.333545       16.0613       -1782.5408    
     86000   224.78125      39.346303      24.121088      63.467391      9.3914104      10.3796        0              2.7054788      16.869814      2084.358     
     86100   255.45523      36.544767      27.412687      63.957454      7.0656831      8.6700285      0              4.2358727      16.573183      256.77805    
     86200   227.22802      39.629539      24.383649      64.013187      11.487777      9.41126        0              2.6472245      16.083277     -125.27768    
     86300   195.2204       42.675479      20.948937      63.624416      8.784824       11.680634      0              5.2914826      16.918538      63.00375     
     86400   222.41177      39.124672      23.866821      62.991493      10.677158      7.5658267      0              3.4977958      17.383891      2292.1181    
     86500   219.44855      38.723676      23.54884       62.272516      6.7805884      12.30147       0              1.9976987      17.64392       2691.7388    
     86600   210.6858       38.890098      22.608517      61.498615      9.3792107      7.3120995      0              5.3994048      16.799383      1510.1515    
     86700   251.56779      33.856528      26.995528      60.852057      7.7778731      6.453147       0              2.3764109      17.249097      2414.609     
     86800   204.39617      38.361188      21.933582      60.294771      8.0510042      9.2671143      0              4.8691527      16.173917     -2767.5719    
     86900   223.342        35.850176      23.966642      59.816818      7.297744       8.6991152      0              2.7192434      17.134073     -49.966133    
     87000   182.94703      39.70219       19.631893      59.334083      9.2883618      7.9693204      0              5.7843637      16.660144      2003.7295    
     87100   152.48942      42.582266      16.363512      58.945778      11.126441      8.9881031      0              5.9885056      16.479217      955.32339    
     87200   209.00239      36.157853      22.427871      58.585724      8.9851267      7.1925771      0              3.1338483      16.846301     -1317.8545    
     87300   194.60739      37.323949      20.883156      58.207105      7.0458241      8.7026312      0              4.4933398      17.082154      1076.0731    
     87400   230.32716      33.082838      24.716215      57.799053      7.0097707      5.9000969      0              5.0066049      15.166366     -3253.6287    
     87500   210.15374      34.863179      22.551421      57.4146        9.9969799      6.6973742      0              3.1647639      15.004061     -2762.6311    
     87600   184.78717      37.132782      19.829357      56.962138      10.312239      5.958986       0              3.7611767      17.10038       894.78751    
     87700   165.93522      38.625731      17.806369      56.4321        12.190847      6.5893371      0              2.405426       17.440121     -980.15252    
     87800   158.28588      38.841535      16.985525      55.82706       9.8981154      10.682643      0              2.6497556      15.611021      912.97345    
     87900   201.1219       33.505798      21.582222      55.088021      8.160145       7.0623817      0              2.3777934      15.905478      287.56684    
     88000   216.61333      30.932095      23.244595      54.176689      8.2841363      4.9165432      0              1.774089       15.957326     -1780.6976    
     88100   183.53769      33.503755      19.695275      53.19903       7.01657        6.702543       0              3.3317644      16.452878      433.91766    
     88200   154.84985      35.570455      16.616808      52.187262      8.182242       7.0389959      0              4.1707923      16.178425      860.05242    
     88300   173.6997       32.60063       18.639569      51.240199      8.8307377      6.3763293      0              1.666678       15.726885      21.092868    
     88400   180.13264      31.099927      19.329883      50.42981       7.791204       5.3493911      0              2.080175       15.879157     -2109.4476    
     88500   155.90605      33.194448      16.730147      49.924595      8.730818       6.212113       0              1.5277631      16.723754      1078.6721    
     88600   180.09357      30.418208      19.32569       49.743898      5.1271711      6.1536949      0              4.2075341      14.929808     -516.81597    
     88700   172.71601      31.424128      18.53401       49.958137      4.8799208      8.6645319      0              2.3532933      15.526382      1395.6252    
     88800   138.7784       35.851525      14.892194      50.743718      7.1870441      9.3429415      0              3.5068808      15.814658     -534.02772    
     88900   171.81671      33.783362      18.437507      52.220869      8.9622396      5.0034513      0              4.0443357      15.773335      1571.0633    
     89000   166.73876      36.439253      17.892597      54.33185       11.960132      6.1110885      0              3.4968327      14.8712       -1769.5906    
     89100   177.6475       37.325517      19.063205      56.388722      9.4161389      8.4076841      0              4.3826543      15.11904      -664.55031    
     89200   202.72786      36.223494      21.754557      57.978051      8.7961768      8.8101118      0              2.5548098      16.062395      271.45787    
     89300   198.01623      37.848905      21.248956      59.097861      9.6274825      9.6205413      0              3.0431109      15.557771     -2599.2097    
     89400   233.93982      34.812156      25.103886      59.916042      8.2964541      5.7842072      0              3.8275881      16.903907      3604.6371    
     89500   239.18242      34.919603      25.666465      60.586068      8.2047339      6.648695       0              4.0807887      15.985386      1364.296     
     89600   203.69081      39.081267      21.85789       60.939157      9.5684018      8.58474        0              5.9817468      14.946378     -1095.4857    
     89700   176.40249      42.035753      18.929603      60.965356      14.935171      9.7122566      0              2.0353315      15.352994      1078.3562    
     89800   198.25727      39.496053      21.274822      60.770875      10.021189      9.8654061      0              3.9288876      15.680571      86.014507    
     89900   226.36354      36.161041      24.290882      60.451924      8.2077023      9.8047848      0              3.2503488      14.898206     -484.14504    
     90000   208.60562      37.666819      22.385294      60.052113      11.183683      9.4609286      0              2.1900707      14.832136      938.53198    
     90100   241.43683      33.527962      25.908384      59.436347      7.0165362      8.2822353      0              2.8864908      15.3427       -1277.7701    
     90200   209.05849      36.283301      22.433892      58.717192      9.0914649      8.7099127      0              2.9171585      15.564765     -2318.2927    
     90300   193.69939      37.049524      20.785719      57.835244      9.9337538      6.8623608      0              3.4373552      16.816055      1920.4037    
     90400   216.31265      33.284045      23.212329      56.496374      9.9524086      4.69133        0              2.5902098      16.050096     -681.42799    
     90500   173.22346      36.285321      18.588464      54.873786      10.198602      7.3013349      0              2.7573734      16.028011     -485.31716    
     90600   171.81002      34.76258       18.43679       53.19937       8.8955081      7.433467       0              1.8657578      16.567847      2398.4863    
     90700   175.00602      32.95766       18.779749      51.737409      6.8817907      7.3753843      0              2.1788674      16.521617      411.90408    
     90800   185.09728      30.811747      19.862633      50.67438       6.0242709      8.0646603      0              1.485994       15.236822     -1725.3694    
     90900   163.21504      32.567923      17.514469      50.082391      5.9806879      8.4370002      0              3.2334213      14.916813     -228.15594    
     91000   167.30008      31.942553      17.952831      49.895384      9.8915671      5.5051786      0              1.2016242      15.344183     -2834.5961    
     91100   150.01679      33.919749      16.098176      50.017925      9.5916339      5.6362739      0              2.7781334      15.913707      226.13734    
     91200   159.31103      33.395949      17.095533      50.491482      7.0543689      7.3102133      0              2.444539       16.586827     -722.49667    
     91300   184.28102      31.716248      19.775042      51.49129       5.1086432      9.3431004      0              2.2942333      14.970271     -1527.535     
     91400   176.1228       34.193984      18.89959       53.093573      8.4906965      8.2077923      0              2.0248519      15.470643     -1202.6739    
     91500   182.38576      35.586043      19.571663      55.157706      9.419833       5.7079008      0              3.7922485      16.666061     -1390.4297    
     91600   185.66933      37.295153      19.924021      57.219174      8.3505787      10.017918      0              2.4652339      16.461423     -404.69302    
     91700   218.28878      35.063151      23.424386      58.487538      8.9993716      7.5319064      0              3.6185268      14.913346     -1901.913     
     91800   214.38571      35.954691      23.005551      58.960241      9.3973194      7.2435563      0              3.6604074      15.653408      911.77044    
     91900   178.09129      39.992925      19.110828      59.103753      10.510352      7.0488791      0              5.5977191      16.835975      1915.4932    
     92000   244.39821      32.892426      26.226168      59.118594      5.4444189      6.7763918      0              4.3024026      16.369213      2348.5571    
     92100   247.25583      32.489734      26.532816      59.02255       6.6008812      6.5298025      0              3.544136       15.814914     -750.70229    
     92200   175.79551      39.981154      18.864468      58.845622      8.5352477      10.604082      0              3.7946693      17.047155      539.75167    
     92300   212.41189      35.756178      22.793742      58.54992       8.9304279      7.0311845      0              2.2366973      17.557868      1925.3298    
     92400   191.59946      37.466396      20.560377      58.026773      9.6502753      7.9091729      0              3.5322261      16.374722     -950.30328    
     92500   199.06484      35.848941      21.361482      57.210423      11.899038      5.6293107      0              2.2671345      16.053458      2940.0195    
     92600   192.1143       35.681197      20.615625      56.296821      9.5621277      6.9292553      0              2.5810185      16.608795      446.43147    
     92700   195.69077      34.326286      20.999412      55.325698      8.6140139      7.9418964      0              1.1988554      16.571521     -1267.3719    
     92800   202.47267      32.815673      21.727173      54.542846      6.9793017      5.8588426      0              2.360815       17.616714      3697.5474    
     92900   177.77841      34.924453      19.077252      54.001706      6.1544788      7.7379328      0              4.0402897      16.991752      1177.7349    
     93000   180.15788      34.301094      19.332591      53.633685      8.4155684      5.808287       0              2.8589389      17.2183        1098.3113    
     93100   145.71523      37.799879      15.63658       53.436458      9.803725       8.9980944      0              1.7942967      17.203763     -2037.073     
     93200   179.59077      34.16904       19.271735      53.440774      9.069525       7.623864       0              1.0287016      16.446949     -853.45804    
     93300   187.29427      33.629112      20.098391      53.727503      9.4673641      5.7044751      0              2.6371877      15.820085     -2617.6373    
     93400   197.92654      33.092126      21.239331      54.331457      9.4458869      5.473605       0              2.8364419      15.336192     -1654.4821    
     93500   214.59528      32.286928      23.02804       55.314968      5.905627       6.7907943      0              3.7937835      15.796723     -1089.7975    
     93600   165.71905      39.174007      17.783173      56.957179      11.419382      6.4424028      0              4.8922078      16.420015      3.3725847    
     93700   190.61596      38.526602      20.454839      58.981441      11.732831      8.5837221      0              1.8018944      16.408154      427.70022    
     93800   238.86061      35.277497      25.631932      60.909428      8.0900781      8.1541116      0              3.0313199      16.001987     -1162.1909    
     93900   228.76588      37.892459      24.548674      62.441133      9.3293749      9.5756757      0              2.9646239      16.022785     -1557.4102    
     94000   240.88325      37.596987      25.84898       63.445966      8.4133178      7.8662938      0              4.3140709      17.003304     -1724.4095    
     94100   227.90156      39.431851      24.455926      63.887777      9.5349442      10.108989      0              3.1127206      16.675197     -1108.8062    
     94200   245.85415      37.448624      26.382403      63.831027      8.4148585      8.1628861      0              3.4401124      17.430767      1432.2573    
     94300   247.64605      36.795425      26.57469       63.370115      9.615568       4.1925203      0              6.1709543      16.816382      252.08268    
     94400   202.6003       40.794393      21.740868      62.535261      10.208575      6.5851695      0              5.5802         18.420448      2625.7547    
     94500   239.00268      35.718266      25.647177      61.365443      7.4364554      7.004056       0              4.3178096      16.959945     -1307.0697    
     94600   200.12686      38.415877      21.475446      59.891322      8.7184035      9.2170157      0              3.5842714      16.896186      2750.122     
     94700   206.62617      36.25661       22.172881      58.429491      8.6752824      6.5945305      0              4.1071454      16.879652     -665.5478     
     94800   206.71881      35.034285      22.182822      57.217107      6.2436475      7.8554504      0              3.3066479      17.628539      2210.4672    
     94900   189.04455      36.135088      20.286212      56.4213        8.9886949      7.1128017      0              2.6287308      17.40486       2349.5763    
     95000   173.14391      37.385913      18.579928      55.965841      7.7708424      11.327034      0              2.3426786      15.945359     -79.451629    
     95100   183.69469      36.135129      19.712124      55.847253      7.933666       9.331264       0              1.7586382      17.111561      2377.905     
     95200   203.29218      33.994671      21.815114      55.809785      9.0982997      5.9336444      0              2.2802452      16.682482     -539.73096    
     95300   214.46272      32.769235      23.013815      55.78305       10.315199      4.6614679      0              2.5628809      15.229687     -1034.5777    
     95400   195.51589      34.752729      20.980646      55.733375      7.4610708      9.0875977      0              3.312407       14.891653     -1252.9715    
     95500   191.87874      35.140415      20.590347      55.730762      9.8349414      5.5962863      0              4.3265877      15.3826       -3113.5584    
     95600   160.13864      38.604488      17.184343      55.788831      10.015947      7.3446275      0              4.2954864      16.948427      588.55331    
     95700   154.95326      39.316292      16.627904      55.944196      10.408126      9.6653866      0              2.8569359      16.385843      43.784091    
     95800   175.12085      37.506144      18.792072      56.298215      11.113344      8.0031657      0              2.0662042      16.32343       1035.6957    
     95900   233.14829      31.909055      25.018948      56.928003      8.2755119      6.1133782      0              1.14816        16.372005     -1769.4698    
     96000   223.17283      33.63044       23.948489      57.578929      6.7465345      7.8401807      0              2.8411015      16.202623     -1644.7726    
     96100   227.98189      33.855629      24.464546      58.320175      8.7272267      5.6404568      0              3.1551589      16.332786     -663.18385    
     96200   204.13752      37.192438      21.905826      59.098265      8.176493       8.3649234      0              4.9635876      15.687434      505.26513    
     96300   174.83847      41.026386      18.761769      59.788155      11.276829      7.1352365      0              5.1121076      17.502213      3664.1915    
     96400   177.06809      41.544579      19.001029      60.545608      10.485043      7.3365232      0              5.7199304      18.003083      3246.5188    
     96500   217.37151      38.408085      23.325954      61.734039      10.171374      8.3361484      0              3.1342072      16.766355      803.49709    
     96600   222.4623       39.571993      23.872243      63.444236      8.7419347      8.9285156      0              4.9064676      16.995075     -811.86677    
     96700   236.32498      40.002118      25.359836      65.361953      8.0615282      10.276323      0              4.4673388      17.196927      235.57305    
     96800   275.8508       37.589829      29.601318      67.191147      9.633396       8.5931328      0              2.6997249      16.663575     -839.39064    
     96900   284.77501      37.761859      30.558968      68.320827      8.2450038      7.5482922      0              5.5321048      16.436458      2014.4859    
     97000   223.51038      44.616304      23.984712      68.601016      12.600064      6.7074366      0              7.4229518      17.885851      2543.0071    
     97100   239.39215      42.136         25.688971      67.82497       10.1952        9.6120081      0              6.4165626      15.91223      -1820.7101    
     97200   218.18002      42.311579      23.412715      65.724294      11.988806      12.315137      0              2.0929123      15.914723      2517.6094    
     97300   235.66765      37.646168      25.289298      62.935466      8.0424505      10.404743      0              3.5001411      15.698833     -1777.5553    
     97400   241.67464      34.460366      25.933903      60.394269      7.8812129      7.8616338      0              2.1856721      16.531848     -299.91843    
     97500   224.20826      34.521766      24.059601      58.581366      7.2837004      7.8385208      0              1.9358921      17.463652      2701.4311    
     97600   187.6814       37.481807      20.139933      57.62174       10.479713      8.1820166      0              2.4097138      16.410363     -986.51564    
     97700   190.80585      36.580149      20.475216      57.055364      7.6236613      8.4253163      0              4.2001947      16.330976      882.12406    
     97800   207.32439      34.341915      22.247806      56.589722      8.0739442      8.2938548      0              1.6593227      16.314793     -2424.2111    
     97900   210.17812      33.618056      22.554037      56.172093      8.7535963      6.052267       0              1.9119089      16.900284     -353.03739    
     98000   196.01594      34.829882      21.034306      55.864188      8.1372037      7.911366       0              2.117373       16.663939     -51.392212    
     98100   188.2848       35.475766      20.204684      55.68045       8.3168324      9.3106106      0              1.9090726      15.939251     -1014.3847    
     98200   170.33276      37.428493      18.278265      55.706758      7.485436       8.4569429      0              3.590199       17.895915      3442.2138    
     98300   194.09216      35.142926      20.827867      55.970793      7.6119645      7.7266902      0              2.5654547      17.238817      2146.0058    
     98400   214.67743      33.445659      23.036855      56.482514      7.8398041      6.6112125      0              2.4955036      16.499139      956.19677    
     98500   182.36094      37.628478      19.569         57.197478      11.061781      8.4931415      0              1.9297767      16.143779     -463.44678    
     98600   184.19329      38.334174      19.765627      58.099801      10.339827      8.9734468      0              2.9761565      16.044743     -1756.0192    
     98700   225.34157      34.955991      24.181215      59.137206      7.9032422      6.6446054      0              3.7804827      16.627661     -1124.2022    
     98800   228.41907      35.832332      24.511459      60.343791      8.8959454      6.9878133      0              3.5557565      16.392817     -1918.4553    
     98900   194.98986      40.620994      20.924199      61.545193      10.485663      9.3304804      0              3.5678706      17.23698      -224.98713    
     99000   209.33291      40.395676      22.463339      62.859015      10.284944      7.5593645      0              4.4005114      18.150856      999.35852    
     99100   224.26685      39.995562      24.065887      64.06145       12.487377      7.3820292      0              3.0742684      17.051888     -666.70836    
     99200   217.67207      41.757897      23.358207      65.116104      12.163542      10.078215      0              2.1359219      17.380218     -1533.6376    
     99300   265.32082      37.628499      28.471355      66.099854      10.122659      8.2767051      0              2.6167703      16.612365     -466.51089    
     99400   253.41169      39.716816      27.193396      66.910212      8.3922685      9.3112073      0              4.8019135      17.211427      1457.7083    
     99500   254.50234      39.602741      27.310432      66.913174      12.232965      6.2756064      0              4.5778964      16.516273     -337.77008    
     99600   222.16414      41.966607      23.840248      65.806855      10.430608      12.265516      0              3.4660619      15.80442       1328.8054    
     99700   207.34485      40.887025      22.250002      63.137026      11.646607      7.887741       0              4.532212       16.820465      337.16452    
     99800   199.62792      38.235148      21.421905      59.657053      10.321177      6.6980408      0              4.5936242      16.622306      1714.9148    
     99900   225.52911      32.943633      24.20134       57.144973      7.7810136      6.9817166      0              1.5232816      16.657622      300.3718     
    100000   179.60045      36.609497      19.272774      55.882271      7.4934533      10.70172       0              2.3135806      16.100744     -376.51328    
    100100   170.96239      36.873037      18.34583       55.218867      9.7956168      7.4609702      0              3.2583475      16.358102     -228.77238    
    100200   163.93033      37.304986      17.591226      54.896212      6.0430949      10.070403      0              4.7273091      16.464179      1001.202     
    100300   211.48657      32.103233      22.694447      54.79768       7.5098381      5.8973626      0              2.9198112      15.776221     -400.0216     
    100400   194.14874      33.995019      20.833938      54.828957      8.3314919      6.7731054      0              2.5391674      16.351254     -1078.837     
    100500   156.97836      38.039205      16.845216      54.884421      8.4174065      8.3582152      0              4.3865724      16.877011      636.8409     
    100600   190.18137      34.663566      20.408203      55.071769      11.137377      4.9560124      0              1.6991056      16.87107      -575.27471    
    100700   181.75479      35.851382      19.503954      55.355336      9.2178374      8.4937483      0              1.2095248      16.930272      588.38714    
    100800   205.69534      33.71674       22.072995      55.789734      7.5321919      7.9777544      0              1.8794022      16.327391     -94.159373    
    100900   214.9109       33.490948      23.061909      56.552857      6.6215382      7.0773949      0              3.8712936      15.920721     -2316.3693    
    101000   199.94134      36.163111      21.455537      57.618649      8.6685208      8.6442634      0              2.8041764      16.046151      828.64474    
    101100   211.95528      36.202948      22.744743      58.947691      9.7845603      6.0288291      0              2.3693412      18.020218      863.32653    
    101200   200.24375      38.943164      21.487989      60.431152      7.0984458      11.027982      0              3.2540824      17.562654      1173.5806    
    101300   232.18244      36.946121      24.915303      61.861425      8.9167919      5.8370118      0              5.1929947      16.999323     -390.67824    
    101400   227.92818      38.707336      24.458782      63.166118      8.2034578      9.8719441      0              3.083347       17.548587     -862.36072    
    101500   272.11783      34.829048      29.200736      64.029784      7.9116872      7.8394536      0              2.4402245      16.637683     -1153.2371    
    101600   254.67715      37.061309      27.329192      64.390501      9.0752382      7.2915357      0              3.2146508      17.479884      1425.7167    
    101700   234.61895      39.024926      25.176763      64.201688      10.272977      7.9289634      0              5.0561901      15.766795     -2062.2199    
    101800   216.68859      40.091202      23.252671      63.343874      10.759284      7.3724842      0              5.6295699      16.329864     -1481.9136    
    101900   225.73716      37.587174      24.223666      61.81084       6.9136659      10.885841      0              2.8453795      16.942288     -183.27343    
    102000   218.89908      35.945053      23.489877      59.434931      7.4094952      8.0646541      0              4.8039491      15.666955     -804.64134    
    102100   209.34689      34.157583      22.464839      56.622422      7.2499177      7.0583477      0              3.007983       16.841335      1612.2421    
    102200   181.91208      34.937063      19.520833      54.457896      7.7718406      7.83091        0              3.2720857      16.062227     -99.664401    
    102300   172.31129      34.682519      18.49058       53.173099      9.7509994      5.6026161      0              2.6206636      16.70824      -161.20812    
    102400   174.67997      33.859662      18.744762      52.604424      7.1506201      6.6142883      0              2.478775       17.615979      1667.5128    
    102500   190.04814      32.159416      20.393907      52.553322      5.8216095      6.7868998      0              1.9540096      17.596897      404.30142    
    102600   172.43458      34.35201       18.50381       52.85582       6.2967382      7.7754544      0              1.9358206      18.343996      1522.1145    
    102700   150.5095       37.357319      16.151048      53.508366      8.85681        6.8754406      0              3.8128216      17.812246     -1474.6023    
    102800   156.97262      37.674721      16.8446        54.519321      8.6587843      7.194936       0              5.0826199      16.73838       62.95247     
    102900   220.22613      32.096186      23.632281      55.728467      7.1622124      6.0502746      0              2.1680024      16.715696      2938.4317    
    103000   231.69532      32.106712      24.863031      56.969743      7.9256741      5.1866614      0              2.2047497      16.789627     -1567.4694    
    103100   242.61978      31.974963      26.035325      58.010288      6.0228402      7.0378185      0              1.7841564      17.130148      2396.434     
    103200   248.81545      32.129444      26.700178      58.829622      5.9783564      6.3723076      0              2.9742133      16.804567      1917.0458    
    103300   221.80242      35.679238      23.801431      59.480669      10.385198      6.1328425      0              2.4629965      16.698201     -521.23744    
    103400   214.06797      36.887844      22.971455      59.859299      7.0167299      8.506402       0              4.2604684      17.104244      590.14562    
    103500   190.14729      39.72742       20.404547      60.131967      8.9116911      8.7389965      0              4.5111436      17.565589      1712.6272    
    103600   220.74167      36.65904       23.687603      60.346643      10.440706      7.6441627      0              2.2696815      16.30449       526.29491    
    103700   195.39448      39.405403      20.967618      60.37302       11.862915      9.4009171      0              1.9278867      16.213684      16.269151    
    103800   214.18672      37.143299      22.984198      60.127497      7.6174358      9.1416653      0              3.1786372      17.205561      1474.0052    
    103900   238.6694       33.962162      25.611413      59.573575      6.9287036      7.4587298      0              3.30201        16.272719     -1027.8286    
    104000   205.73246      36.482508      22.076978      58.559486      10.696869      6.5188965      0              2.3120306      16.954712     -742.81713    
    104100   178.29145      37.900456      19.132306      57.032762      9.9413109      8.8955139      0              2.0279553      17.035676     -1977.0536    
    104200   205.50091      33.206046      22.05213       55.258176      8.4392909      4.6871843      0              2.0976344      17.981936     -1640.2872    
    104300   172.99898      35.139488      18.564375      53.703864      7.4125654      6.9756693      0              2.5741454      18.177108     -436.98259    
    104400   167.19969      34.64673       17.942059      52.588789      10.402753      4.4538714      0              1.5752525      18.214852     -2414.4692    
    104500   127.70502      38.226963      13.703919      51.930882      8.7358517      8.0122893      0              3.0102446      18.468578      1836.6956    
    104600   165.85139      33.932872      17.797374      51.730246      6.7661228      6.8500646      0              2.4381455      17.87854      -1129.9664    
    104700   183.79375      32.224376      19.722753      51.947129      6.071535       5.4235486      0              2.2311784      18.498114      1781.3355    
    104800   179.62505      33.36146       19.275413      52.636873      8.6844873      5.2395525      0              1.9503998      17.48702       203.84727    
    104900   168.59419      35.721269      18.091701      53.81297       9.7153314      6.5111805      0              3.1455933      16.349164     -803.22153    
    105000   195.58426      34.252841      20.987983      55.240824      8.4541853      6.7292997      0              2.5193582      16.549998     -441.70709    
    105100   208.23946      34.451399      22.346002      56.797401      7.4764528      7.435304       0              3.6700665      15.869576     -557.6708     
    105200   185.18258      38.459446      19.871787      58.331234      10.019786      6.8660479      0              5.1221546      16.451458     -389.89973    
    105300   191.8053       38.890785      20.582466      59.473251      11.732887      7.8288372      0              3.5202495      15.808811     -1345.1071    
    105400   234.76021      34.931813      25.191922      60.123735      8.54483        7.1710298      0              2.9216569      16.294296      981.55717    
    105500   268.70173      31.538941      28.834158      60.373099      7.3719741      6.4221487      0              2.0963054      15.648513     -1310.2799    
    105600   215.78802      37.175182      23.156031      60.331213      10.17873       6.8471107      0              3.3508218      16.798519     -36.378225    
    105700   210.80759      37.558685      22.621586      60.180271      9.787545       8.4358652      0              1.8626526      17.472622      2635.3022    
    105800   202.2398       38.232131      21.702183      59.934314      8.159472       10.687673      0              2.7092642      16.675721      399.48993    
    105900   192.76304      38.920991      20.68524       59.606231      9.6583051      8.087961       0              3.4167183      17.758007      4400.9129    
    106000   192.77689      38.521017      20.686726      59.207743      9.3025284      8.2637374      0              3.9526015      17.002149      576.50994    
    106100   226.28569      34.457102      24.282527      58.739629      4.2186469      10.684376      0              2.5993712      16.954708      3408.7305    
    106200   216.81282      34.937094      23.266001      58.203095      5.4992843      7.6660262      0              5.0632077      16.708576      25.241116    
    106300   184.59094      37.84744       19.808299      57.655738      10.046843      7.5250705      0              3.5029446      16.772582      1150.9377    
    106400   192.58963      36.398907      20.666631      57.065539      7.7493247      9.0985736      0              2.1965466      17.354463      2008.7446    
    106500   214.97675      33.463708      23.068975      56.532684      9.1529213      5.0422678      0              1.5974375      17.671082      1010.1979    
    106600   203.57819      34.339311      21.845804      56.185115      6.0944672      8.9051631      0              1.479132       17.860549      233.34846    
    106700   199.33175      34.634352      21.390123      56.024475      7.3058102      7.0824127      0              2.3420579      17.904071      599.33774    
    106800   185.75682      36.166976      19.933409      56.100384      8.0035822      7.2453965      0              2.9312528      17.986744      490.93529    
    106900   190.20441      35.955438      20.410675      56.366113      8.3815521      6.2506937      0              4.5570522      16.76614      -525.1569     
    107000   183.39751      37.153914      19.680233      56.834147      11.774753      7.3216694      0              2.1657613      15.89173      -2690.6099    
    107100   201.03078      36.031403      21.572444      57.603847      8.8537115      6.5159604      0              3.8964468      16.765284     -2104.4526    
    107200   255.09496      31.628616      27.374026      59.002642      8.0078055      4.373131       0              2.3660913      16.881588      1362.8256    
    107300   233.6159       35.961773      25.069127      61.0309        6.7857443      8.7414939      0              3.3683545      17.06618      -402.80109    
    107400   200.13631      41.950185      21.476459      63.426644      10.998131      11.009486      0              4.2959869      15.646581     -2684.4259    
    107500   227.56026      41.1349        24.419301      65.554201      10.304313      10.519038      0              3.8590225      16.452526     -1051.6899    
    107600   271.5625       37.730728      29.141144      66.871872      9.3057498      5.898851       0              4.3634471      18.16268      -46.54563     
    107700   271.38249      38.263028      29.121827      67.384855      7.9133729      7.9626249      0              4.5711515      17.815878      1705.0129    
    107800   240.44231      40.960489      25.801663      66.762152      8.8279371      11.154929      0              3.1261258      17.851496      3787.4427    
    107900   242.15719      39.270368      25.985685      65.256053      8.9058726      10.402942      0              2.7731161      17.188437      2419.1623    
    108000   224.51711      39.087733      24.092743      63.180476      7.4702114      11.502459      0              2.8777366      17.237326      1667.2865    
    108100   200.00428      39.663798      21.462291      61.12609       7.7609066      11.952026      0              2.494513       17.456352      3192.9267    
    108200   243.34624      33.224503      26.113281      59.337784      5.3455633      8.4282928      0              2.9813144      16.469333      1082.2243    
    108300   226.07693      33.658056      24.260126      57.918182      6.5750404      7.169897       0              2.8831702      17.029949      2478.2234    
    108400   233.69851      31.802414      25.077991      56.880406      6.249493       5.9572043      0              3.0078057      16.587911      1636.1319    
    108500   173.03441      37.553687      18.568177      56.121865      10.465874      8.510722       0              3.1074659      15.469625     -2294.3507    
    108600   162.84657      38.086827      17.474929      55.561756      9.2788588      9.6493825      0              3.5159862      15.642599      1075.5465    
    108700   190.60735      34.731912      20.453915      55.185827      6.4408134      8.216461       0              4.7889001      15.285738     -681.46681    
    108800   214.69368      31.956508      23.038599      54.995106      4.4361444      7.7013607      0              3.6947325      16.12427       1669.2322    
    108900   199.56451      33.573044      21.4151        54.988145      7.8345952      6.7451099      0              3.1318909      15.861449      949.41145    
    109000   171.79458      36.697621      18.435133      55.132753      7.1017669      8.3024301      0              5.7476993      15.545724     -932.04108    
    109100   208.2308       33.054774      22.345073      55.399847      6.4632373      5.9677635      0              4.3393444      16.284429      269.61093    
    109200   193.91956      34.983169      20.809346      55.792514      6.8080976      8.5973087      0              3.0867816      16.490981      582.22811    
    109300   212.33332      33.611821      22.785311      56.397132      7.4316498      7.1765888      0              2.8540174      16.149565     -395.07345    
    109400   176.7602       38.334505      18.967989      57.302494      8.6869123      10.128923      0              2.971254       16.547416      1812.8429    
    109500   199.03951      37.478232      21.358763      58.836995      8.073895       9.4938533      0              4.1025676      15.807916      569.98118    
    109600   192.98982      40.271873      20.709576      60.981449      10.55158       8.3374011      0              4.6775277      16.705365      1689.2577    
    109700   248.62824      36.485634      26.680087      63.165722      8.3452592      9.4186479      0              3.215118       15.506609     -555.47507    
    109800   301.80807      32.634107      32.386771      65.020878      6.6783712      9.032055       0              2.3687268      14.554954     -741.12242    
    109900   249.69286      39.16195       26.794332      65.956281      10.2519        10.297193      0              2.6936997      15.919157      66.420318    
    110000   204.05991      44.097093      21.897498      65.994591      10.31447       15.120683      0              2.9388525      15.723087      1888.4521    
    110100   220.08921      41.564687      23.617589      65.182275      8.3144913      11.887349      0              5.5052471      15.857599      398.31451    
    110200   263.45488      35.668992      28.271122      63.940114      9.1064277      8.5644307      0              3.3972799      14.600854     -1676.1972    
    110300   274.91672      32.75185       29.501083      62.252932      6.372732       7.3961338      0              3.161739       15.821245      40.475909    
    110400   234.97231      35.529941      25.214681      60.744623      7.0642467      7.3780805      0              5.0657228      16.021892      257.71256    
    110500   204.11411      37.373362      21.903314      59.276676      7.6064662      8.7532064      0              5.4476812      15.566008     -2072.005     
    110600   209.42744      35.72306       22.473483      58.196543      5.2416184      10.623212      0              3.005531       16.852699      14.929747    
    110700   215.58787      34.286862      23.134554      57.421415      7.9913221      5.5052118      0              3.3629815      17.427346      894.62855    
    110800   174.41836      38.046279      18.716688      56.762967      7.5876519      9.1698322      0              4.8626656      16.426129     -2398.5717    
    110900   196.36178      35.262609      21.071418      56.334028      7.8741087      5.5788189      0              5.452257       16.357425      926.15055    
    111000   187.05148      35.911424      20.072337      55.983762      9.6961998      7.3378099      0              2.9662374      15.911177     -1206.7558    
    111100   186.25702      35.701694      19.987084      55.688778      7.9178884      7.3707237      0              2.6264177      17.786664      2254.3634    
    111200   207.44301      33.267807      22.260536      55.528343      6.8686822      6.9353965      0              2.352753       17.110975      2892.8486    
    111300   195.39474      34.463028      20.967645      55.430673      7.0305799      8.3225586      0              1.994788       17.115101      1990.0142    
    111400   178.15962      36.439992      19.118159      55.558152      9.482          6.7022051      0              3.6645934      16.591194     -218.31655    
    111500   186.79772      35.785972      20.045106      55.831078      8.8259803      7.3120839      0              2.3091008      17.338807      362.63576    
    111600   199.1963       34.960506      21.375587      56.336093      8.6979314      5.5204955      0              2.7786918      17.963387      3330.2392    
    111700   223.15673      33.24078       23.946762      57.187542      7.650796       5.1121351      0              3.3124533      17.165396      980.81013    
    111800   232.42049      33.440389      24.940848      58.381236      5.939585       9.0566249      0              1.9473391      16.49684      -88.664988    
    111900   202.63825      38.170853      21.74494       59.915793      9.0639081      9.9560192      0              4.2700792      14.880847     -2160.925     
    112000   206.61396      39.404196      22.171571      61.575767      8.8705322      9.5520693      0              4.5230336      16.458561      476.96362    
    112100   200.62604      41.722055      21.529013      63.251068      7.9507602      11.133476      0              6.3357512      16.302068      1696.7728    
    112200   250.08658      38.159382      26.836581      64.995963      9.3731694      10.681201      0              2.8800319      15.22498      -1520.7998    
    112300   214.27139      43.151352      22.993283      66.144635      10.054059      12.752623      0              5.1835433      15.161126     -1473.5717    
    112400   283.16686      36.116045      30.386398      66.502443      9.4551206      6.9365296      0              3.6417704      16.082624     -648.05442    
    112500   209.8017       43.406773      22.513644      65.920417      12.383969      9.2543791      0              4.9522769      16.816148     -1175.1162    
    112600   227.35155      40.280419      24.396904      64.677323      10.168541      10.821813      0              2.8906906      16.399375     -896.64935    
    112700   234.07447      37.643179      25.118335      62.761514      8.7843878      9.7153172      0              4.0283886      15.115085     -2910.3621    
    112800   185.1033       40.704958      19.863279      60.568237      11.028384      10.698849      0              2.9498096      16.027915     -193.97143    
    112900   217.16062      35.239405      23.303324      58.542729      6.5407091      9.317932       0              3.0911421      16.289622      990.50275    
    113000   238.20795      31.498172      25.561896      57.060067      7.2636491      6.5931239      0              2.2633471      15.378051     -2820.6865    
    113100   196.01431      35.172883      21.034131      56.207014      6.2859402      8.7776801      0              3.3093616      16.799901      412.58043    
    113200   212.87634      32.857976      22.843581      55.701557      6.0598194      6.9423136      0              2.6998263      17.156017      1115.1837    
    113300   178.22497      36.329131      19.125173      55.454304      6.8331278      8.8761066      0              3.7011254      16.918771     -593.72955    
    113400   188.79192      35.178237      20.259103      55.43734       7.8977384      6.497777       0              3.2790342      17.503688      260.59256    
    113500   205.91809      33.528153      22.096898      55.625051      5.2827404      8.392734       0              3.4533007      16.399378      630.12745    
    113600   187.04433      36.001374      20.071571      56.072945      8.42774        9.2331862      0              2.1915397      16.148908      607.12873    
    113700   208.27901      34.231507      22.350246      56.581753      9.5075935      7.2665168      0              1.2968875      16.160509      1551.9451    
    113800   216.11606      33.723349      23.191234      56.914582      7.9749508      7.8051219      0              2.6678166      15.275459     -1975.722     
    113900   198.16241      35.892861      21.264642      57.157503      5.5030643      8.7754389      0              5.367343       16.247015     -62.897331    
    114000   197.61469      36.225377      21.205866      57.431243      6.098636       8.871146       0              5.408073       15.847522      656.35664    
    114100   213.85447      34.766363      22.948544      57.714907      6.7183775      7.7453341      0              3.1330672      17.169584      2486.5916    
    114200   200.78479      36.459351      21.546047      58.005399      9.5479655      9.1642587      0              1.9022519      15.844875     -644.28988    
    114300   210.51798      35.777068      22.590508      58.367577      9.6752766      7.4341581      0              2.9404418      15.727192     -1655.7376    
    114400   217.53529      35.443291      23.34353       58.786821      7.8506625      7.2197982      0              3.144187       17.228644      1726.9402    
    114500   200.47331      37.707663      21.512623      59.220286      9.5737307      6.1629595      0              3.2455055      18.725468      1961.8957    
    114600   244.90557      33.239208      26.280611      59.519819      8.0149147      6.1342711      0              2.411278       16.678744     -475.16852    
    114700   188.84117      39.17056       20.264388      59.434947      10.701407      8.8359688      0              4.836328       14.796856     -3348.0732    
    114800   214.61858      35.857302      23.03054       58.887842      8.3996452      8.833877       0              2.5680257      16.055754     -895.45504    
    114900   188.8548       37.699679      20.265851      57.965529      6.8660677      9.4276969      0              4.4575558      16.948358      1072.398     
    115000   194.46636      36.119217      20.868022      56.987239      8.1849899      7.1470431      0              4.0058659      16.781318      52.301296    
    115100   178.66082      36.983562      19.171943      56.155505      8.3020929      10.864124      0              2.3413748      15.475969     -166.78151    
    115200   180.30981      36.058139      19.348895      55.407034      8.9965522      8.462055       0              1.966935       16.632597     -277.05708    
    115300   200.12839      33.203648      21.475609      54.679258      6.1164578      7.4806003      0              2.897943       16.708647     -175.27217    
    115400   181.65437      34.473901      19.493178      53.967079      5.5392501      7.3034358      0              4.8979196      16.733296      1615.8094    
    115500   187.8257       33.136028      20.155419      53.291446      7.4685791      7.0409381      0              2.9442284      15.682282     -1375.8201    
    115600   168.37237      34.693791      18.067898      52.761689      5.9303137      7.154532       0              4.8738665      16.735079      1400.8608    
    115700   149.94388      36.393992      16.090352      52.484345      8.9350317      6.070829       0              4.206596       17.181535      669.88557    
    115800   174.76928      33.76005       18.754345      52.514395      6.8066147      7.4452542      0              3.0775417      16.430639      91.16469     
    115900   187.4302       32.869642      20.112978      52.98262       5.9871832      8.0386427      0              1.7274529      17.116363      1703.8179    
    116000   193.55312      33.241799      20.770023      54.011822      6.6570345      5.383533       0              3.9954036      17.205828      1386.2325    
    116100   198.98311      34.178089      21.352711      55.5308        8.753496       4.3869495      0              4.2795099      16.758133      141.24187    
    116200   226.53907      33.219704      24.309718      57.529422      6.993403       7.5205249      0              2.63907        16.066706      746.97867    
    116300   246.52185      33.139679      26.454053      59.593732      7.1302099      6.7415503      0              3.3548789      15.91304      -1421.5905    
    116400   220.13976      37.509926      23.623013      61.132938      9.4711099      7.2896965      0              5.0536415      15.695478     -2430.5477    
    116500   270.31036      33.060887      29.006778      62.067666      6.532407       6.0921229      0              3.9393274      16.49703       833.2281     
    116600   228.63276      37.762131      24.53439       62.296521      8.5579667      10.464393      0              2.7024353      16.037336     -2242.7942    
    116700   205.03278      39.995318      22.001896      61.997213      9.2982119      9.9248646      0              4.1036531      16.668588      1104.8518    
    116800   205.40012      39.460478      22.041314      61.501793      10.371215      8.7567949      0              3.1448625      17.187606      359.30833    
    116900   232.92699      35.916779      24.9952        60.911979      7.1604448      7.4464254      0              4.3686143      16.941295      1254.2082    
    117000   181.53049      40.786278      19.479884      60.266162      8.8179687      9.6913863      0              6.1017703      16.175152      1181.1688    
    117100   221.02575      35.692395      23.718088      59.410483      10.515215      6.4104197      0              2.1520023      16.614758     -1021.499     
    117200   202.47755      36.424553      21.727696      58.152249      8.013219       8.0763615      0              1.993928       18.341044      4699.764     
    117300   203.02471      34.851501      21.786411      56.637912      7.8874685      6.7715982      0              2.9481246      17.24431       1196.7483    
    117400   197.76782      33.964823      21.222299      55.187123      7.4833055      6.3810844      0              4.0324656      16.067968     -2557.8665    
    117500   197.6391       32.630252      21.208487      53.838739      4.9250592      7.2304288      0              3.355963       17.118801      199.75707    
    117600   144.55283      37.400438      15.511843      52.912281      7.6947217      8.2272411      0              4.3736177      17.104857      89.594088    
    117700   158.34022      35.584262      16.991356      52.575618      8.4590853      6.5195683      0              3.1320391      17.473569      889.29806    
    117800   150.84049      36.431465      16.186567      52.618032      8.3031797      9.1982525      0              2.4007271      16.529305     -2595.2632    
    117900   214.87613      29.82157       23.058178      52.879748      6.5574645      5.1922283      0              1.7838725      16.288005     -1966.5393    
    118000   184.0945       33.494675      19.755026      53.249701      8.2260268      5.3129222      0              2.5905928      17.365133      2187.2904    
    118100   197.79301      32.419731      21.225002      53.644733      8.5906722      5.2410426      0              1.7920452      16.795971     -873.06088    
    118200   173.18533      35.436486      18.584373      54.020859      8.6339675      7.6295676      0              3.3712944      15.801657     -2661.7619    
    118300   176.81298      35.551597      18.973653      54.525249      6.2997824      9.9370612      0              2.0989496      17.215803      1869.9987    
    118400   189.77439      34.849759      20.36453       55.214289      5.3247786      8.1263307      0              4.5109752      16.887674     -654.92696    
    118500   217.12602      32.735992      23.299612      56.035604      8.1164693      4.9340547      0              3.5614288      16.12404      -1090.1521    
    118600   189.52924      36.517707      20.338223      56.85593       10.116738      6.4291293      0              3.5722005      16.39964       12.416343    
    118700   218.37106      34.16847       23.433216      57.601686      8.7368349      6.1650388      0              2.9791562      16.28744      -1509.0077    
    118800   195.72169      37.211432      21.002731      58.214163      8.5530586      5.7931972      0              5.6355423      17.229634      219.0704     
    118900   245.44515      32.25701       26.338513      58.595523      6.2467892      5.3392054      0              3.6901248      16.980891      1814.6805    
    119000   228.84094      34.164709      24.556729      58.721438      7.6291029      7.4990899      0              3.6456888      15.390828     -3261.9715    
    119100   235.37877      33.374975      25.258299      58.633273      6.3881511      5.1706404      0              5.9833025      15.83288       316.45906    
    119200   211.19534      35.634018      22.663195      58.297212      7.7273502      7.5706342      0              4.4990258      15.837007     -954.89088    
    119300   188.95415      37.415924      20.276511      57.692435      9.7814531      7.1870316      0              3.4663247      16.981114      315.4971     
    119400   209.36453      34.473103      22.466732      56.939835      7.1050859      8.3168955      0              3.1787199      15.872402      1537.1381    
    119500   220.9134       32.291841      23.706032      55.997873      6.9384917      7.7447331      0              3.0113728      14.597243     -3392.8295    
    119600   206.9531       32.660586      22.207964      54.868549      6.6284195      7.5114561      0              2.7347158      15.785994     -2674.1968    
    119700   153.40167      37.209083      16.461405      53.670487      7.4232361      10.254896      0              2.8550113      16.675939      1613.7695    
    119800   144.93636      36.959923      15.553         52.512923      8.8931135      9.0353892      0              2.6669107      16.36451       112.33239    
    119900   178.38889      32.340766      19.142762      51.483527      6.6551316      7.3137105      0              2.4003542      15.971569     -1300.8195    
    120000   133.93606      36.416595      14.372567      50.789162      5.5231209      10.184142      0              3.1564057      17.552926      983.38881    
    120100   168.91515      32.390437      18.126143      50.51658       7.1636003      6.0014132      0              3.113989       16.111434     -2753.3612    
    120200   157.4899       33.796829      16.900109      50.696938      4.9810391      8.6938558      0              3.9537593      16.168175      19.719258    
    120300   177.3849       32.279143      19.035025      51.314168      5.8061338      5.9528197      0              4.5097037      16.010485      1094.7634    
    120400   160.46121      35.359022      17.218958      52.57798       7.0706931      8.361224       0              3.33419        16.592915     -2149.8378    
    120500   201.42546      32.991594      21.614797      54.606391      5.885237       7.1948041      0              3.5067978      16.404755     -52.886155    
    120600   196.24424      35.947596      21.058805      57.006401      8.9253937      6.0365853      0              4.8302241      16.155393      2021.7394    
    120700   235.02653      33.690864      25.2205        58.911365      7.2645752      7.3133415      0              3.1542611      15.958687     -929.70355    
    120800   172.38149      41.69375       18.498114      60.191863      8.4614901      9.6353437      0              6.4088852      17.188031      214.81815    
    120900   216.80868      37.672213      23.265558      60.937771      9.8294649      8.2755345      0              4.0836226      15.483591     -2716.0882    
    121000   195.85211      40.344467      21.016726      61.361192      7.335659       10.926602      0              5.4994632      16.582743      1134.9481    
    121100   216.84756      38.269568      23.26973       61.539298      8.3803598      9.3896327      0              4.8254846      15.674091     -1245.8363    
    121200   214.3831       38.458326      23.005271      61.463597      11.217136      9.6164803      0              1.7623039      15.862406     -1420.8256    
    121300   220.65808      37.468898      23.678634      61.147531      6.6064091      7.5858104      0              5.5356704      17.741008      3528.7963    
    121400   205.46636      38.632182      22.048423      60.680604      8.727603       10.84105       0              2.7136331      16.349896     -506.75582    
    121500   211.93431      37.366195      22.742493      60.108689      8.1720366      8.10001        0              3.8532806      17.240868      2032.6418    
    121600   208.88409      36.944218      22.415176      59.359395      9.250729       6.6666644      0              3.4253323      17.601493      1290.6331    
    121700   205.80816      36.335416      22.085101      58.420517      6.609364       8.1600331      0              5.5283987      16.03762      -293.07725    
    121800   234.79017      32.039162      25.195136      57.234298      7.6628543      6.3382526      0              2.9773285      15.060726     -1664.9788    
    121900   227.32355      31.287567      24.3939        55.681466      4.8592233      7.1541506      0              3.4006235      15.873569     -614.28705    
    122000   203.49415      32.004573      21.836787      53.84136       7.9679492      6.7560194      0              2.3760713      14.904533     -3835.1885    
    122100   169.54411      34.011882      18.193637      52.205518      7.1990295      6.0474486      0              4.4439531      16.32145      -959.41001    
    122200   159.69298      33.976077      17.13652       51.112597      6.6041323      8.3750459      0              2.0831582      16.913741      1363.0836    
    122300   158.43441      33.643048      17.001464      50.644512      5.9216212      8.4738312      0              3.0474727      16.200122      592.67321    
    122400   180.23061      31.292417      19.340396      50.632813      7.9455351      6.0402508      0              1.4613984      15.845233     -41.599287    
    122500   159.01652      33.823604      17.063929      50.887533      7.1733583      8.5397076      0              3.2858807      14.824658     -3356.1485    
    122600   208.47158      28.85097       22.370911      51.22188       7.1379411      4.4336164      0              1.6678251      15.611587      466.08407    
    122700   182.58207      31.979748      19.592729      51.572477      7.5113191      6.6484218      0              2.306849       15.513158     -1333.5297    
    122800   187.60016      31.869933      20.131216      52.001149      5.136667       6.925493       0              3.2639555      16.543818      2420.1796    
    122900   163.66329      35.097389      17.56257       52.65996       9.9492821      5.4425584      0              2.4999568      17.205592      4241.2742    
    123000   158.86842      36.440521      17.048037      53.488558      10.765606      6.8122271      0              2.6274417      16.235247     -1981.3492    
    123100   203.12218      32.597777      21.796871      54.394648      8.6035986      4.6917061      0              2.5946189      16.707854      656.73041    
    123200   185.92866      35.350603      19.951849      55.302451      8.5121455      6.1266556      0              2.8911633      17.820638      2447.9615    
    123300   179.09998      37.037807      19.219069      56.256876      9.7534564      9.3742438      0              1.5339954      16.376112     -2618.9936    
    123400   191.21437      36.728042      20.519054      57.247096      8.1461601      8.6681565      0              2.8056096      17.108116     -1473.4117    
    123500   208.56114      36.006357      22.380521      58.386877      6.0442221      10.444503      0              3.7230428      15.794589     -1134.9819    
    123600   217.88967      36.107469      23.381558      59.489027      6.5145104      9.1755838      0              3.7999385      16.617437      2372.1635    
    123700   174.82211      41.745335      18.760014      60.505349      13.203603      8.349728       0              4.0413022      16.150702      573.6994     
    123800   222.93274      37.4301        23.922725      61.352825      9.3134124      8.7340573      0              4.4216718      14.960958     -1719.6387    
    123900   187.07328      41.958353      20.074676      62.03303       10.827294      12.443945      0              3.1370474      15.550067     -3112.1296    
    124000   242.77621      36.193087      26.052112      62.245199      6.9047351      10.33322       0              3.5785081      15.376624      857.69262    
    124100   217.41062      38.618291      23.330151      61.948442      7.5203681      8.9200259      0              6.2546627      15.923235     -1038.865     
    124200   257.62909      33.647374      27.645962      61.293336      6.1065274      7.2281437      0              3.5803138      16.732389      937.30909    
    124300   195.64931      39.456357      20.994964      60.45132       10.893533      9.4565557      0              2.977944       16.128324     -1661.2742    
    124400   215.19479      36.280618      23.092372      59.37299       6.2690669      7.2996436      0              5.2623373      17.44957       1541.929     
    124500   185.27646      38.120053      19.881862      58.001915      10.682003      7.9303572      0              2.7543741      16.753319      3161.8467    
    124600   217.52565      33.209348      23.342496      56.551844      8.2510264      5.4899354      0              3.138712       16.329675     -1681.6569    
    124700   204.33488      33.307231      21.927005      55.234236      9.2417282      6.0986431      0              1.9656424      16.001217     -1836.4096    
    124800   220.88622      30.504291      23.703115      54.207407      7.1150657      5.2306863      0              1.3775182      16.781021      516.63821    
    124900   165.84505      35.777757      17.796693      53.574451      7.9482495      9.6253898      0              1.2431532      16.960965      1320.6584    
    125000   197.17079      32.186234      21.158232      53.344466      4.0905734      7.8564838      0              3.3515503      16.887627      1802.7727    
    125100   182.34847      33.909187      19.567661      53.476848      5.2761077      7.5357048      0              3.8461866      17.251188      504.64701    
    125200   189.17897      33.494617      20.300637      53.795254      7.1771038      3.9712136      0              5.3907937      16.955506      72.083572    
    125300   140.57998      39.163998      15.085519      54.249518      8.3029902      9.3149241      0              4.5786513      16.967433     -505.96127    
    125400   206.54294      32.584282      22.16395       54.748232      6.0416211      6.0144588      0              4.4343485      16.093854      424.73211    
    125500   192.46977      34.63811       20.65377       55.29188       6.5907836      6.3213425      0              3.3668         18.359184      2528.674     
    125600   191.44902      35.356885      20.544234      55.901119      8.9149586      5.4314521      0              3.4572743      17.5532        808.84447    
    125700   198.814        35.249002      21.334563      56.583565      8.0731291      7.2611856      0              3.2891292      16.625558     -496.75654    
    125800   178.05526      38.249668      19.10696       57.356628      10.365043      9.3234852      0              3.0329203      15.528219     -1124.9768    
    125900   209.32782      35.838756      22.462793      58.301548      8.0770934      9.9331506      0              2.7925115      15.036        -2742.2823    
    126000   223.96585      35.299917      24.033587      59.333505      9.6252111      7.6862807      0              1.9957176      15.992708     -3331.6775    
    126100   224.56025      36.199398      24.097372      60.29677       8.3913523      8.9266225      0              2.9940651      15.887358      2072.742     
    126200   225.19724      36.916859      24.165728      61.082586      8.7580937      8.5385065      0              2.725755       16.894504      2392.9091    
    126300   237.01227      36.10756       25.433588      61.541148      10.05716       6.4663546      0              2.9905572      16.593488      145.85536    
    126400   232.13587      36.560738      24.910306      61.471044      6.8372794      10.691075      0              3.6499009      15.382483     -768.57863    
    126500   249.76276      33.969716      26.801832      60.771548      7.6010401      8.0118378      0              2.783751       15.573087      372.11479    
    126600   219.19118      36.022753      23.521222      59.543974      7.449099       11.215297      0              1.5717905      15.786566     -564.32126    
    126700   182.45888      38.463403      19.579509      58.042912      9.2598893      9.7033555      0              2.6380073      16.862151      1019.1277    
    126800   155.37444      39.853162      16.673101      56.526264      10.915235      9.63328        0              2.9932594      16.311388     -93.507524    
    126900   177.92975      35.926918      19.093492      55.02041       5.7172142      11.310085      0              3.6967838      15.202836     -1251.8302    
    127000   182.06324      34.151311      19.537053      53.688364      7.5685471      7.3994562      0              2.5990555      16.584252      4545.965     
    127100   188.35437      32.358954      20.21215       52.571104      5.2681177      7.8496306      0              3.3804723      15.860734      2609.6029    
    127200   175.5728       32.941944      18.84057       51.782514      7.3240725      8.8010758      0              2.3135555      14.50324      -2872.2025    
    127300   146.29264      35.710974      15.698541      51.409515      6.7400064      10.797213      0              2.6265557      15.547199     -570.4609     
    127400   179.26342      32.242045      19.236608      51.478652      6.5282155      7.2753623      0              2.6815601      15.756907     -1031.8491    
    127500   142.80599      36.676167      15.324392      52.000558      6.8487986      10.788579      0              3.2256184      15.81317      -848.10968    
    127600   204.36015      30.984338      21.929717      52.914055      6.4190365      7.1135042      0              1.9044871      15.54731      -529.72224    
    127700   157.91164      37.186002      16.945365      54.131367      8.1577175      10.472646      0              3.2963901      15.259249     -2635.0437    
    127800   175.8184       36.569612      18.866926      55.436538      9.2581039      7.9289303      0              3.6912833      15.691295     -1104.9051    
    127900   224.24311      32.436002      24.06334       56.499342      8.5786184      4.4966884      0              2.6532589      16.707436      549.87096    
    128000   224.7505       32.984064      24.117787      57.101851      6.4696211      6.2147355      0              3.7677964      16.531911      3568.5766    
    128100   195.65586      36.322475      20.995667      57.318142      8.9981008      9.0926521      0              3.2368951      14.994827     -1133.9527    
    128200   181.14147      37.957825      19.43814       57.395964      8.4641275      10.317252      0              2.7598512      16.416594      2406.3224    
    128300   175.25336      38.718376      18.806291      57.524668      6.9319813      9.7102643      0              5.2735248      16.802606      3118.4286    
    128400   202.85836      36.090134      21.768561      57.858694      5.3601691      12.273835      0              1.8609322      16.595197      767.13243    
    128500   203.28187      36.514372      21.814008      58.328379      6.4214552      11.163271      0              3.1456609      15.783984      366.62898    
    128600   206.73558      36.554704      22.184622      58.739326      6.0721695      10.562687      0              3.363354       16.556494      1562.6563    
    128700   244.41793      32.704319      26.228283      58.932602      7.4118089      5.2931999      0              2.3595642      17.639746      894.86127    
    128800   206.80568      36.695594      22.192144      58.887739      7.6585999      7.4965812      0              4.6642407      16.876173      1923.83      
    128900   210.07165      36.083049      22.542613      58.625662      7.555389       9.2317803      0              3.5829548      15.712925     -26.544517    
    129000   206.82731      36.062427      22.194465      58.256893      10.07405       8.6780581      0              2.6411948      14.669125     -4937.8626    
    129100   207.96987      35.459611      22.317073      57.776684      6.4011086      7.7184619      0              4.2294976      17.110543      78.342141    
    129200   232.1057       32.313759      24.907068      57.220828      6.2042451      7.8438115      0              1.9730007      16.292702     -695.35899    
    129300   164.04735      38.922624      17.603783      56.526407      9.8228599      11.428589      0              2.6679265      15.003248     -2879.8944    
    129400   211.6929       32.986582      22.716588      55.70317       8.3837637      7.2037951      0              0.99678549     16.402238     -175.0961     
    129500   177.46062      35.784715      19.04315       54.827865      7.5474299      9.6551164      0              1.5652271      17.016942     -2618.411     
    129600   205.08139      31.931411      22.007112      53.938523      5.1419181      7.7720214      0              2.089388       16.928084     -847.60535    
    129700   165.66603      35.243534      17.777483      53.021017      8.1485272      8.1785554      0              2.4116871      16.504764      1933.1112    
    129800   186.74749      32.137127      20.039717      52.176843      6.9759665      5.6844589      0              1.7891342      17.687567      1338.372     
    129900   161.32804      34.104523      17.311977      51.416501      5.3341049      8.3763014      0              2.3309094      18.063208      886.8681     
    130000   175.70556      31.996948      18.854816      50.851764      7.1431158      6.0998054      0              1.8174933      16.936534      1851.9487    
    130100   153.65064      34.065067      16.488122      50.553189      5.7436886      9.6568561      0              2.7792798      15.885243      47.566912    
    130200   169.55097      32.469283      18.194373      50.663656      6.5818613      6.7201103      0              2.4859544      16.681357      339.87433    
    130300   160.10521      34.145156      17.180756      51.325912      7.9457683      5.8486419      0              2.8150127      17.535733      1248.0831    
    130400   188.66113      32.464163      20.245068      52.709231      5.7980587      8.3294884      0              2.7291477      15.607468     -501.75508    
    130500   211.21292      32.082554      22.665081      54.747636      5.5284268      9.1631694      0              1.9316303      15.459328      1009.8763    
    130600   222.0137       33.077285      23.824104      56.901389      6.1772001      8.7375306      0              2.5466992      15.615855     -895.96718    
    130700   207.6383       36.382917      22.281492      58.664409      8.9669455      6.5446108      0              4.2079908      16.66337       86.240465    
    130800   195.65534      38.860129      20.995611      59.85574       11.404265      7.1358085      0              4.1810181      16.139038     -247.1763     
    130900   139.71811      45.543546      14.993033      60.536579      13.170127      10.490514      0              5.4463068      16.436598     -1639.691     
    131000   207.50301      38.719083      22.266974      60.986057      7.5240199      8.7210467      0              4.1931416      18.280875      458.77236    
    131100   212.39992      38.463483      22.792457      61.25594       6.276189       9.5522293      0              4.9989539      17.636111      569.3574     
    131200   214.67052      38.322519      23.036114      61.358633      8.9254053      9.0915665      0              3.4344596      16.871088     -2461.8054    
    131300   228.37585      36.487274      24.506821      60.994095      8.5376899      9.6459502      0              3.4426306      14.861003     -1215.5017    
    131400   228.0593       35.738484      24.472852      60.211336      5.4772752      10.756962      0              3.9962575      15.50799      -197.64554    
    131500   199.45611      37.701829      21.403467      59.105296      7.4953293      8.4669829      0              4.806279       16.933238      1858.4554    
    131600   228.02526      33.42443       24.469199      57.89363       6.7396296      5.8718074      0              4.5572273      16.255766      2389.5691    
    131700   194.50542      35.734055      20.872213      56.606268      6.2267897      11.24654       0              2.1514362      16.109289     -122.9928     
    131800   151.83341      39.068853      16.293116      55.361969      8.7957059      7.5709731      0              6.2599803      16.442194      1668.9063    
    131900   188.25636      33.994446      20.201633      54.196079      5.4372088      8.0226032      0              3.5582988      16.976336      15.582624    
    132000   165.3656       35.606719      17.745244      53.351962      5.6503485      8.0255868      0              4.3994508      17.531333      984.97065    
    132100   174.89198      34.01346       18.767512      52.780972      4.7360801      8.1184961      0              5.5390828      15.619801     -1694.9683    
    132200   163.44454      34.858377      17.539096      52.397473      5.3266808      7.9997207      0              5.5427413      15.989234      2106.1472    
    132300   134.84239      37.705033      14.469824      52.174857      8.4519979      9.107976       0              3.0362807      17.108778      2763.29      
    132400   172.2579       33.763816      18.484851      52.248666      5.0290841      9.3906705      0              3.3919962      15.952065      1111.189     
    132500   190.45284      32.457536      20.437335      52.894871      4.8839998      7.5204643      0              4.4455941      15.607478      17.640946    
    132600   178.72357      35.040667      19.178677      54.219344      7.9625793      7.2405631      0              3.4611074      16.376417     -1064.8463    
    132700   206.53829      33.869232      22.16345       56.032682      8.2445583      6.3312032      0              2.1273914      17.166079      1338.5458    
    132800   182.87129      38.287853      19.623764      57.911617      9.4304682      7.3948466      0              4.6008078      16.86173       1550.9299    
    132900   218.00104      36.271801      23.393509      59.66531       10.456629      6.8633449      0              2.7085751      16.243252      1233.712     
    133000   234.49034      35.850003      25.162961      61.012964      8.7290085      7.0050592      0              4.3543221      15.761613     -1500.946     
    133100   194.64526      40.936742      20.88722       61.823962      11.971541      7.7675463      0              6.0170072      15.180648     -4173.0241    
    133200   201.25801      40.607543      21.596829      62.204372      10.869508      8.6153458      0              3.2021636      17.920525      488.43694    
    133300   213.25698      39.401706      22.884427      62.286134      7.7550707      11.085082      0              2.9265768      17.634977      1784.3383    
    133400   223.08899      38.249844      23.939492      62.189337      8.2282381      11.574788      0              3.1930297      15.253788     -1632.887     
    133500   214.59297      38.698497      23.027792      61.726289      7.1764876      8.3843563      0              6.0915269      17.046126      1091.1598    
    133600   213.60356      37.94815       22.921619      60.869769      8.5614593      9.7655958      0              3.1010379      16.520057      1469.1063    
    133700   216.15731      36.430912      23.195659      59.626571      8.8743402      5.9576659      0              5.0354915      16.563415      1177.938     
    133800   212.99164      35.091992      22.855954      57.947946      7.6883345      7.2466791      0              4.1165975      16.040381     -698.20805    
    133900   197.80844      34.994543      21.226658      56.221201      8.0732713      5.3034494      0              4.2375966      17.380226      1656.5005    
    134000   170.44833      36.465514      18.290667      54.756181      10.297515      5.1329385      0              2.9798244      18.055236      4663.7632    
    134100   192.70774      32.917404      20.679306      53.596709      6.6071694      5.5110432      0              4.0186527      16.780538      1260.379     
    134200   173.29121      34.317192      18.595734      52.912926      8.946505       6.4895165      0              2.4522595      16.428911     -278.57551    
    134300   191.82668      32.00264       20.584761      52.587401      6.2140414      5.8406686      0              3.2507588      16.697171     -524.48142    
    134400   185.86155      32.664612      19.944647      52.609258      8.704026       6.2406534      0              2.0086529      15.711279     -2113.2793    
    134500   158.21779      35.914545      16.978219      52.892763      8.4250678      7.7944878      0              3.9830848      15.711904     -1686.8915    
    134600   180.22532      34.076914      19.339828      53.416742      7.827622       7.6495798      0              2.3296656      16.270047     -1683.2437    
    134700   192.70691      33.497341      20.679217      54.176558      8.6957301      6.0616838      0              2.2740006      16.465927     -3213.5747    
    134800   176.87503      36.15334       18.980311      55.133651      5.4565375      9.2477382      0              5.0167118      16.432352      1971.7139    
    134900   208.94326      33.679431      22.421526      56.100956      6.0604488      9.1458128      0              2.6321433      15.841026     -1611.68      
    135000   216.10012      33.814254      23.189522      57.003777      7.1571839      8.391246       0              2.4711101      15.794714     -3278.6885    
    135100   189.40077      37.423807      20.324438      57.748245      6.4469809      10.039858      0              3.5470604      17.389908     -227.43268    
    135200   242.4376       32.365737      26.015776      58.381512      5.6272435      7.7958302      0              2.5564092      16.386254     -2242.9874    
    135300   223.97817      34.827812      24.03491       58.862722      7.0735846      8.9633241      0              2.4194036      16.3715        1114.9485    
    135400   222.8253       35.271495      23.911196      59.182691      7.5036213      6.0885551      0              4.0894897      17.589829      2380.1475    
    135500   182.02699      39.878623      19.533164      59.411786      9.9864728      7.9955684      0              2.628005       19.268577      1917.939     
    135600   196.40304      38.78373       21.075846      59.859576      6.1768879      7.5052945      0              6.7119902      18.389558      907.33639    
    135700   183.88963      41.286671      19.733042      61.019713      8.6373728      9.2073977      0              6.1861529      17.255747      1649.0415    
    135800   223.60461      39.800119      23.994823      63.794942      8.4935602      8.7137641      0              4.4103548      18.18244       1456.4859    
    135900   282.27246      37.283092      30.290421      67.573514      8.6432086      7.9221153      0              2.5438441      18.173924     -225.40345    
    136000   292.56252      39.17582       31.394639      70.570459      9.1987984      7.8809869      0              4.0042697      18.091765     -669.66465    
    136100   254.26131      44.459878      27.284568      71.744446      7.8487384      13.38332       0              6.3176942      16.910126      1109.2964    
    136200   305.0584       38.619831      32.735561      71.355391      12.295041      7.4000463      0              1.9901968      16.934546     -1014.5191    
    136300   247.57949      43.182712      26.567547      69.750259      12.649505      9.4231626      0              3.9019737      17.208071     -3897.1872    
    136400   233.45454      42.504382      25.051811      67.556192      9.5866146      12.797947      0              3.725955       16.393865     -1717.8963    
    136500   212.54772      42.351736      22.808317      65.160054      9.269941       11.098864      0              5.303722       16.679209      446.58952    
    136600   213.52756      39.893352      22.913464      62.806815      7.0181925      9.3613068      0              5.6598863      17.853966      1798.8394    
    136700   182.11788      41.272475      19.542917      60.815392      9.2377162      8.3324699      0              5.8852451      17.817044     -811.03208    
    136800   224.97057      35.06773       24.141403      59.209133      6.4331213      6.3645438      0              5.3107348      16.95933      -1722.9325    
    136900   227.43806      33.57307       24.406187      57.979257      6.5237472      6.4624083      0              4.1774546      16.40946      -964.63487    
    137000   220.51892      33.373993      23.663701      57.037694      8.1984857      6.2745045      0              2.9231248      15.977878     -4312.3708    
    137100   206.20132      34.050706      22.12729       56.177996      8.5265406      5.4989782      0              3.6244222      16.400765     -1401.9708    
    137200   198.58607      34.032503      21.310105      55.342608      9.3049604      6.0997229      0              2.5687276      16.059092      241.75346    
    137300   168.71683      36.551115      18.104862      54.655977      6.2454434      9.0619055      0              4.2713345      16.972432      1655.5572    
    137400   223.14031      30.129242      23.945         54.074242      4.4071999      3.7190231      0              5.1052155      16.897804      1507.5341    
    137500   203.01277      31.848273      21.78513       53.633404      6.572794       5.6390465      0              3.2020106      16.434422     -951.8819     
    137600   188.65334      32.985209      20.244232      53.229441      6.7261734      5.2329997      0              5.006362       16.019674     -1633.863     
    137700   191.41643      32.401887      20.540736      52.942624      6.911654       6.3538386      0              2.9578538      16.178541      258.35358    
    137800   151.37016      36.578194      16.243405      52.821599      6.0759594      7.1184747      0              5.971032       17.412728      2322.9795    
    137900   171.60183      34.563304      18.414448      52.977752      6.0144832      9.5414977      0              2.6931089      16.314215     -1534.9095    
    138000   147.8709       37.738729      15.867902      53.606631      9.4463819      7.6068088      0              3.9382229      16.747315      820.45971    
    138100   178.20203      35.691013      19.12271       54.813723      8.6462424      6.5398451      0              3.3405451      17.164381      1048.5517    
    138200   187.29891      36.544086      20.098889      56.642975      7.6163269      8.0585362      0              3.2416883      17.627535      4100.7632    
    138300   205.62794      36.775142      22.065762      58.840904      5.8810745      10.854291      0              3.32403        16.715746      3020.7312    
    138400   211.20137      38.251022      22.663842      60.914865      10.764057      7.3357531      0              4.8782928      15.27292      -2092.4212    
    138500   236.70703      36.932971      25.400833      62.333804      10.867713      5.4326408      0              3.4290261      17.20359       3083.479     
    138600   239.04333      37.287833      25.651539      62.939372      7.3775301      8.3060256      0              5.0476346      16.556642      2190.4325    
    138700   268.46792      34.137919      28.809067      62.946986      7.9040477      7.3602637      0              3.6588921      15.214715     -1362.8104    
    138800   212.29426      39.737596      22.781119      62.518715      10.27734       8.8567342      0              5.6590466      14.944475     -3485.2955    
    138900   243.01039      35.501114      26.077242      61.578355      7.5580057      7.9940131      0              4.5486785      15.400416     -2979.7059    
    139000   226.76954      36.034617      24.334449      60.369067      6.9149085      10.431192      0              2.8868271      15.80169      -1738.1342    
    139100   192.33932      38.522214      20.639772      59.161985      6.7949831      11.394117      0              4.326139       16.006974     -1342.7181    
    139200   190.45288      37.730612      20.437339      58.16795       10.567913      7.1109454      0              4.7382431      15.313511     -2267.1057    
    139300   196.53118      36.203246      21.089597      57.292843      10.737067      7.5942173      0              2.6331201      15.238841     -940.9738     
    139400   185.45135      36.634654      19.900629      56.535283      9.0740118      5.0621996      0              6.8343895      15.664053     -58.976866    
    139500   173.68339      37.362947      18.637819      56.000766      5.6367819      9.6181836      0              5.2585036      16.849478      1091.5884    
    139600   186.79321      35.708727      20.044622      55.753349      6.9124571      5.2176882      0              6.4931635      17.085418      2090.8548    
    139700   170.45726      37.415114      18.291625      55.706739      8.1503192      9.2391537      0              3.9660777      16.059563     -1368.3987    
    139800   183.5751       36.143328      19.69929       55.842618      7.4223128      7.4609992      0              4.2613408      16.998675      1675.8155    
    139900   200.25786      34.555685      21.489503      56.045188      8.1510357      5.5046708      0              3.1370762      17.762903      3833.5975    
    140000   192.54606      35.622933      20.661956      56.284889      8.8903501      7.5173884      0              2.947766       16.267428     -1380.3177    
    140100   184.06429      36.832321      19.751785      56.584106      7.8394524      7.2911091      0              4.4509347      17.250825      1324.68      
    140200   242.26639      30.950631      25.997403      56.948034      7.2213696      4.4898147      0              2.1880966      17.05135       437.94188    
    140300   232.55344      32.259778      24.955114      57.214892      6.2524739      5.2317424      0              3.342901       17.432661      1913.8324    
    140400   198.01175      36.085712      21.248475      57.334187      9.2509415      7.5654344      0              2.4114796      16.857856      1566.697     
    140500   204.85989      35.303838      21.983343      57.287182      7.9681087      7.4511018      0              4.0511956      15.833432     -2517.8851    
    140600   221.63541      33.514513      23.78351       57.298023      5.2055709      7.4841945      0              3.8924831      16.932265      106.38979    
    140700   194.73864      36.432111      20.897241      57.329351      7.4471327      7.7230469      0              3.9665685      17.295363      878.57906    
    140800   216.47873      34.126206      23.230151      57.356357      11.009804      5.3645174      0              2.0206035      15.731282     -3339.5723    
    140900   186.56312      37.319518      20.019932      57.33945       11.230867      7.1476731      0              2.7720805      16.168897     -3272.8904    
    141000   199.9246       35.869606      21.453742      57.323348      9.5426674      7.8755939      0              2.1152283      16.336117     -1965.893     
    141100   193.31142      36.609126      20.744087      57.353213      9.1947423      8.2449177      0              1.4197972      17.749669     -2055.825     
    141200   211.70796      34.738794      22.718204      57.456998      8.6423084      5.0154307      0              3.684917       17.396138      814.98097    
    141300   186.00343      37.691119      19.959872      57.650991      11.845102      6.4804138      0              3.5724415      15.793161     -332.21901    
    141400   194.22591      36.93543       20.84222       57.777649      8.356672       9.0426205      0              2.9548633      16.581274     -756.67839    
    141500   193.16569      37.048524      20.728448      57.776972      10.069749      8.2622223      0              2.3951526      16.3214        1336.6957    
    141600   175.86362      38.801653      18.871778      57.673431      12.129083      6.5782892      0              2.8782972      17.215983      1669.8105    
    141700   193.12211      36.856884      20.723772      57.580656      8.2774736      8.7553755      0              3.3197652      16.50427       1785.9882    
    141800   190.78074      37.042693      20.472522      57.515214      8.6282037      7.9791023      0              2.9211294      17.514257      2733.4802    
    141900   181.78952      37.948704      19.507681      57.456385      8.1339532      8.3594653      0              3.3020259      18.15326       1878.1908    
    142000   210.32209      34.781156      22.569487      57.350642      6.3643606      9.715649       0              1.5305645      17.170582      2139.2991    
    142100   179.36731      38.024063      19.247755      57.271818      10.370904      8.4443304      0              2.3938636      16.814965      1507.2873    
    142200   215.50368      33.991895      23.125519      57.117414      8.4769166      7.0874403      0              2.8854529      15.542085     -2174.9055    
    142300   208.1013       34.511304      22.331176      56.84248       7.6667829      8.1158314      0              1.7583773      16.970312      644.87783    
    142400   215.75268      33.190375      23.15224       56.342614      7.6215363      7.3608137      0              2.2683573      15.939667      152.43294    
    142500   202.37573      33.890785      21.71677       55.607555      9.3534085      6.7831026      0              3.2385527      14.515721     -4001.622     
    142600   186.29211      34.746877      19.99085       54.737727      6.9833177      9.3031318      0              2.7780775      15.68235      -1680.3758    
    142700   175.22286      35.077508      18.803018      53.880527      6.596737       9.8798053      0              2.7175547      15.883412     -2692.8443    
    142800   192.23559      32.539278      20.62864       53.167918      5.15557        6.4789765      0              4.6714439      16.233287      728.58897    
    142900   173.58171      34.065817      18.626907      52.692724      8.3225634      5.7352891      0              4.2815436      15.726421      2376.091     
    143000   163.85793      34.84431       17.583458      52.427767      5.4039059      10.855925      0              3.0381066      15.546372     -783.87497    
    143100   156.39811      35.676237      16.78295       52.459187      6.4796291      10.749125      0              1.0153369      17.432146      2968.4538    
    143200   190.09454      32.438713      20.398886      52.837599      6.8669235      6.4900613      0              2.64213        16.439598      795.49104    
    143300   163.30653      36.154383      17.524286      53.678669      9.1874602      9.0939114      0              1.4421211      16.43089       1294.8691    
    143400   181.64631      35.411015      19.492313      54.903328      7.4827235      8.9522221      0              2.0329454      16.943124      686.43572    
    143500   155.50266      39.951071      16.68686       56.63793       6.2930138      12.161031      0              4.3270843      17.169942      1393.7852    
    143600   175.87225      39.746641      18.872704      58.619345      10.003125      6.6959052      0              3.670907       19.376704      3755.0734    
    143700   232.918        35.342817      24.994236      60.337053      7.2026945      9.239399       0              2.4593466      16.441377      2345.7248    
    143800   211.70012      38.798817      22.717362      61.516179      7.2363448      9.9977119      0              5.6594705      15.90529       2545.7081    
    143900   210.87698      39.543144      22.629032      62.172176      10.82419       8.0280012      0              4.9591798      15.731773     -1212.566     
    144000   224.74477      38.161717      24.117173      62.27889       8.8926411      11.500731      0              2.7026026      15.065743     -1765.4605    
    144100   177.46303      43.112215      19.043409      62.155623      8.9957068      12.790443      0              4.8777463      16.448318      2623.0733    
    144200   233.10683      36.746436      25.014498      61.760934      6.8676267      11.911884      0              2.8252755      15.141649     -2181.2729    
    144300   220.32115      37.485761      23.642478      61.128239      12.978113      6.6301383      0              2.2007792      15.676731     -2081.7582    
    144400   207.35957      37.951389      22.251581      60.20297       11.473412      9.8272032      0              1.1658981      15.484876     -3214.9695    
    144500   202.95121      37.28797       21.778524      59.066495      10.435226      8.5063874      0              3.2415444      15.104812     -2025.0987    
    144600   193.53713      37.14024       20.768307      57.908547      6.2083383      11.453798      0              3.8471877      15.630916     -957.9209     
    144700   221.54112      33.108975      23.773392      56.882367      5.7919118      8.7744162      0              2.3109233      16.231724      553.93459    
    144800   238.86324      30.356339      25.632214      55.988553      6.72537        5.0391667      0              1.8533716      16.73843       1880.7395    
    144900   144.36976      39.815694      15.492198      55.307893      9.4678102      11.481768      0              3.1961097      15.670007      1491.0598    
    145000   196.08206      33.803656      21.041402      54.845058      5.4192072      10.042961      0              2.4184019      15.923086      725.06371    
    145100   184.00782      34.960353      19.745725      54.706078      8.1815645      7.9230287      0              1.5972111      17.258549      1709.4254    
    145200   171.8981       36.311147      18.446241      54.757388      8.4398972      10.175539      0              1.0974067      16.598304      2489.6686    
    145300   188.58353      34.708455      20.236741      54.945196      6.7283414      9.5033555      0              1.9591848      16.517573      2496.6425    
    145400   212.87532      32.372166      22.843472      55.215638      7.0068151      5.603039       0              3.1298224      16.632489      2141.8647    
    145500   186.6277       35.533027      20.026862      55.559889      7.8491911      8.1334663      0              3.6377234      15.912647     -921.13956    
    145600   187.15078      35.944373      20.082993      56.027367      8.4534484      8.180056       0              3.4273304      15.883539     -472.83341    
    145700   197.34416      35.302662      21.176837      56.479499      7.9559379      8.6138106      0              3.7821933      14.95072      -532.66752    
    145800   221.29997      33.151159      23.747514      56.898673      6.2477903      8.5746039      0              2.1700585      16.158706     -1076.3937    
    145900   217.04452      34.035308      23.290866      57.326174      6.757809       8.0942755      0              2.5212757      16.661948      196.95831    
    146000   212.87652      34.904114      22.843601      57.747715      7.8112817      8.5472458      0              2.3362372      16.20935      -162.43099    
    146100   181.43238      38.735852      19.469357      58.205209      9.6022247      9.6612158      0              3.6748598      15.797552     -4473.5591    
    146200   188.81912      38.458136      20.262022      58.720158      9.0809063      9.3678166      0              3.1780655      16.831347      1062.9097    
    146300   202.09721      37.537927      21.686882      59.224809      8.669677       6.9718217      0              4.5663981      17.330031      459.29737    
    146400   192.76578      39.00935       20.685535      59.694884      11.481189      8.1669836      0              3.6944988      15.666679     -4602.3013    
    146500   243.71875      34.021261      26.153255      60.174517      6.4791939      7.5116517      0              3.3270008      16.703415     -829.09067    
    146600   204.23158      38.680774      21.915919      60.596693      7.3642324      9.7450045      0              4.7881659      16.783371      1553.723     
    146700   196.16401      39.986587      21.050196      61.036783      8.2756914      8.492398       0              5.1849188      18.033579      22.270214    
    146800   241.49139      35.519802      25.914238      61.43404       6.2718107      6.8053047      0              4.335665       18.107022      439.83205    
    146900   223.72949      37.803115      24.008224      61.811339      8.0505962      9.6669393      0              2.6892444      17.396335      1196.7216    
    147000   203.82719      40.198025      21.872525      62.07055       7.8986662      10.147926      0              4.6319309      17.519502     -209.57173    
    147100   236.04758      36.705863      25.330068      62.035931      7.9929508      8.4721518      0              3.3976139      16.843147     -291.45942    
    147200   226.31087      37.270719      24.28523       61.555949      8.1750237      10.751572      0              1.8589784      16.485145     -1751.9474    
    147300   212.36418      37.739054      22.788622      60.527676      7.1288954      11.262381      0              3.3724826      15.975295     -2142.2627    
    147400   193.06267      38.51787       20.717393      59.235264      7.6757097      8.7764357      0              5.5823567      16.483368     -1556.6123    
    147500   201.26644      36.225409      21.597733      57.823142      6.1598351      7.3257003      0              5.6149532      17.124921      51.6672      
    147600   192.70836      35.782445      20.679373      56.461817      4.6245025      9.3968418      0              4.2638318      17.497268      733.3204     
    147700   190.97018      34.73423       20.49285       55.22708       6.0680114      7.940281       0              4.3857192      16.340218      540.61711    
    147800   211.67873      31.438273      22.715067      54.15334       7.0732418      5.0054991      0              2.7499077      16.609624      527.91999    
    147900   179.86074      34.004818      19.300705      53.305522      6.5593591      6.3405991      0              2.4781777      18.626682      2588.251     
    148000   180.58319      33.373316      19.378231      52.751547      5.5934364      6.1013951      0              4.6279346      17.05055      -51.944078    
    148100   157.77527      35.522658      16.930732      52.45339       6.8352711      7.6475912      0              4.7507612      16.289035     -1433.849     
    148200   192.63088      31.748021      20.671059      52.41908       8.0955548      4.5147012      0              2.8759286      16.261836     -1565.1137    
    148300   162.45874      35.250768      17.433311      52.684079      8.9647855      7.4658524      0              3.0131852      15.806945     -2810.7209    
    148400   153.65435      36.874217      16.48852       53.362736      10.201237      7.1790546      0              2.9524671      16.541458     -299.37948    
    148500   206.56943      32.316979      22.166793      54.483772      8.6414594      6.1331751      0              2.4929828      15.049362     -1318.8458    
    148600   214.16209      33.18583       22.981555      56.167385      8.2446304      6.2500015      0              3.3359562      15.355242     -1427.9819    
    148700   202.41138      36.822862      21.720596      58.543458      7.0688722      7.2303874      0              6.5837285      15.939874     -1772.3756    
    148800   211.01032      38.418381      22.643341      61.061722      7.6595163      8.170276       0              5.6599201      16.928669      1897.2546    
    148900   221.26891      39.174568      23.744181      62.918748      10.112275      8.403731       0              3.7317632      16.926799     -2088.8664    
    149000   242.85177      37.848086      26.06022       63.908306      8.6628555      7.4219716      0              5.2793363      16.483923     -785.16621    
    149100   209.61316      41.671481      22.493412      64.164894      7.6653464      11.287816      0              5.2160056      17.502313      1119.3417    
    149200   237.3673       38.403211      25.471686      63.874897      9.3310149      7.8521676      0              5.1012578      16.118771     -1045.0617    
    149300   234.30402      37.976723      25.142968      63.119691      9.1047321      9.6870938      0              3.5817149      15.603182     -1850.1299    
    149400   239.4176       36.446801      25.691702      62.138503      5.5740598      10.67206       0              3.113319       17.087362      64.56197     
    149500   228.46014      36.566741      24.515867      61.082608      8.1357938      8.1690877      0              3.1641429      17.097716      1852.3307    
    149600   171.27584      41.711435      18.379467      60.090902      7.6998521      12.64527       0              3.7207339      17.64558       1583.4016    
    149700   202.15105      37.498131      21.69266       59.190791      9.765359       8.2548949      0              3.1915768      16.286301      610.94969    
    149800   204.28876      36.283767      21.922056      58.205823      6.6853344      8.3072403      0              3.6977451      17.593448      338.46857    
    149900   192.10633      36.6479        20.614769      57.262669      6.6561188      8.8703432      0              5.0137601      16.107678     -2416.5273    
    150000   200.23694      34.979553      21.487258      56.466811      7.5991852      7.3672201      0              3.2026093      16.810539      1776.4218    
    150100   179.88532      36.522127      19.303343      55.825469      8.0918142      9.2125717      0              1.5762225      17.641518      431.76332    
    150200   165.22287      37.670552      17.729927      55.400479      7.6115931      11.206089      0              2.6618056      16.191064     -101.62904    
    150300   185.5268       35.31985       19.908726      55.228575      6.0024583      9.6380503      0              3.3236913      16.35565      -487.70363    
    150400   201.59537      33.686607      21.63303       55.319637      5.6705205      9.3508616      0              1.9332096      16.732015      971.90558    
    150500   164.62873      37.944028      17.666171      55.610199      7.6471598      9.1995316      0              4.5484035      16.548933     -310.63521    
    150600   168.98403      37.906217      18.133535      56.039752      6.7680444      10.015463      0              4.8263042      16.296405     -1514.5613    
    150700   219.89043      33.161424      23.596258      56.757682      4.5860199      7.6755473      0              3.2470982      17.652758      1842.5752    
    150800   222.9282       34.128114      23.922238      58.050352      7.1318061      8.5979714      0              1.5577479      16.840588      1687.1104    
    150900   203.36537      38.556176      21.822967      60.379143      8.3076091      10.37951       0              3.1758495      16.693208     -403.35344    
    151000   226.05975      39.476922      24.258283      63.735204      8.5753202      8.4317231      0              5.8909985      16.57888       1216.0531    
    151100   253.9147       39.398444      27.247373      66.645818      11.032528      9.6096783      0              4.3523799      14.403858     -1245.1751    
    151200   241.37758      42.130793      25.902026      68.032819      10.151929      12.474833      0              3.6287052      15.875326      941.43744    
    151300   294.16466      36.563648      31.566563      68.130211      8.6137204      8.9591265      0              3.2185527      15.772248      687.65925    
    151400   225.30376      43.193971      24.177158      67.371129      11.00422       11.358421      0              4.6091946      16.222136     -253.84914    
    151500   228.39682      41.548269      24.509071      66.05734       8.2925353      12.737648      0              4.4059988      16.112087     -58.171501    
    151600   256.5546       36.767222      27.530659      64.297881      7.4333595      8.5363076      0              4.782228       16.015327      285.56359    
    151700   225.18934      38.17347       24.16488       62.338349      9.3570644      8.28138        0              3.8030259      16.732        -1873.5862    
    151800   221.73328      36.787734      23.794012      60.581746      7.1916887      10.686956      0              3.0701866      15.838903     -639.51345    
    151900   228.7223       34.672355      24.543999      59.216354      8.2169611      5.1872427      0              4.7633092      16.504842     -1727.4543    
    152000   216.55382      34.96754       23.238209      58.205749      6.5015122      7.0458415      0              4.6217025      16.798484     -666.71066    
    152100   206.47334      35.230419      22.156481      57.3869        7.9907148      7.859988       0              2.8729484      16.506767      1112.6567    
    152200   213.98923      33.660837      22.963005      56.623843      8.3290268      4.6128202      0              4.6316117      16.087379      279.5371     
    152300   159.61981      38.85029       17.128669      55.978959      8.8181791      10.213144      0              4.4424672      15.3765       -1420.7805    
    152400   197.3573       34.26954       21.178246      55.447787      6.0692802      5.9028309      0              4.9459888      17.35144       1603.7018    
    152500   186.37831      35.061761      20.0001        55.061861      9.7122011      5.954071       0              3.4427833      15.952706     -2433.7701    
    152600   155.68324      38.072709      16.706238      54.778947      7.2264959      9.3172047      0              5.2312106      16.297798      408.91195    
    152700   174.21398      35.879791      18.694757      54.574548      7.0020145      8.3448593      0              4.1067078      16.42621       534.96091    
    152800   199.31214      33.081441      21.388018      54.469459      5.6620307      8.1873531      0              2.7759118      16.456145     -359.62669    
    152900   204.96012      32.630876      21.994098      54.624974      5.264067       6.8716625      0              3.8251158      16.670031     -992.69738    
    153000   197.721        33.981526      21.217275      55.198801      6.3307568      7.6540544      0              3.4836616      16.513053     -1241.0546    
    153100   179.589        37.073867      19.271545      56.345411      7.1875823      9.2776192      0              3.023655       17.58501       280.03556    
    153200   185.54548      38.282583      19.91073       58.193313      9.0178901      7.8321055      0              4.1532609      17.279327     -878.28852    
    153300   163.31116      42.985322      17.524784      60.510105      8.1940212      11.337482      0              5.499949       17.953869     -1027.6677    
    153400   201.53108      41.139736      21.626131      62.765867      8.5373601      9.4360033      0              4.2258238      18.940549      2159.581     
    153500   257.49565      36.763513      27.631643      64.395155      9.8039218      7.7668469      0              2.0940381      17.098706     -2552.6942    
    153600   278.87876      35.337741      29.926246      65.263987      8.6678718      7.4295556      0              2.2628867      16.977427     -2578.1897    
    153700   219.1914       41.84539       23.521246      65.366636      6.7069408      12.514216      0              5.9003624      16.723871     -476.28648    
    153800   206.46296      42.868468      22.155367      65.023835      7.1950001      13.684295      0              4.7435581      17.245615     -2210.8466    
    153900   216.24448      41.043096      23.205014      64.24811       9.3528022      10.356262      0              4.6359112      16.698121     -638.74713    
    154000   202.05134      41.415807      21.68196       63.097767      9.5847574      8.7257853      0              4.4076908      18.697574      3135.0559    
    154100   221.92908      37.923368      23.815024      61.738391      10.441409      5.0890113      0              5.0611874      17.33176      -992.61935    
    154200   242.24201      34.402756      25.994787      60.397543      5.669853       7.9689992      0              3.8574855      16.906419      640.85001    
    154300   235.6263       33.869603      25.284861      59.154464      8.1787938      6.6054494      0              2.1303965      16.954963      1114.4656    
    154400   162.64556      40.782674      17.453359      58.236033      11.733693      9.4666213      0              2.919863       16.662497     -2649.3277    
    154500   180.3647       38.249143      19.354785      57.603928      8.6622482      9.6566211      0              2.7096515      17.220622      1740.6987    
    154600   191.25359      36.543017      20.523262      57.066279      8.2702317      9.5237419      0              3.0301732      15.71887      -902.70761    
    154700   193.96566      35.834519      20.814292      56.648811      10.391743      5.762476       0              3.6098705      16.07043      -2328.3271    
    154800   182.84367      36.784592      19.620801      56.405393      11.634004      5.4806713      0              3.4564707      16.213446     -378.60729    
    154900   195.47813      35.310531      20.976594      56.287125      7.2002736      8.1611206      0              3.6267044      16.322432     -1276.2111    
    155000   221.17255      32.48793       23.733841      56.221771      8.6845064      5.5739005      0              2.9433251      15.286198      246.73072    
    155100   204.46428      34.238542      21.940891      56.179433      7.7487264      7.8027902      0              2.9901423      15.696883      133.84413    
    155200   174.82932      37.440978      18.760788      56.201766      8.775834       9.9970039      0              2.5819175      16.086223     -1742.7838    
    155300   190.75435      35.894359      20.46969       56.364049      8.0588302      8.8796578      0              2.3576356      16.598235      4267.6256    
    155400   238.83594      30.992035      25.629285      56.62132       6.1205852      7.2841888      0              1.4815352      16.105725      372.07868    
    155500   221.06398      33.205403      23.72219       56.927593      6.7804707      7.992203       0              3.4320073      15.000722     -1937.7468    
    155600   194.45951      36.461399      20.867287      57.328686      8.0133258      9.1382197      0              2.2959548      17.013899      2518.3888    
    155700   200.29015      36.34324       21.492968      57.836208      8.0579165      11.550909      0              1.2345505      15.499864     -1486.765     
    155800   237.2115       33.131886      25.454967      58.586854      4.8742221      7.1630837      0              5.4253808      15.669199      1859.2656    
    155900   232.91412      34.711552      24.993819      59.705371      8.4457889      8.3845995      0              2.560901       15.320262      336.35632    
    156000   178.13556      42.163914      19.115578      61.279491      11.549087      11.684986      0              3.2612339      15.668606     -2024.398     
    156100   230.24739      38.629158      24.707654      63.336812      8.4037442      8.1532197      0              5.3493084      16.722885      62.498706    
    156200   245.81881      38.977764      26.37861       65.356374      9.3849444      10.001724      0              2.1505564      17.440539      259.78625    
    156300   235.9421       41.686818      25.318749      67.005567      10.106755      9.9956891      0              4.6960166      16.888358     -4578.3998    
    156400   227.64753      43.80101       24.428665      68.229676      7.9411846      14.280524      0              4.7873119      16.79199       358.40308    
    156500   237.59764      43.160128      25.496404      68.656531      11.319438      11.747353      0              4.7546132      15.338723     -1473.2258    
    156600   206.97187      45.923393      22.209977      68.133371      9.9522525      15.359259      0              5.2495101      15.362371      668.09165    
    156700   245.95187      40.149745      26.392889      66.542634      8.8372439      10.823871      0              4.6955417      15.793089      190.7303     
    156800   224.26138      40.249049      24.065301      64.314351      10.718585      11.443345      0              3.373731       14.713388     -3180.4514    
    156900   203.26208      40.132507      21.811883      61.94439       7.8518321      11.072638      0              5.0699479      16.138089      467.87269    
    157000   191.55283      39.541186      20.555373      60.096559      9.2399003      10.89987       0              3.647269       15.754146      105.53577    
    157100   178.85265      39.6184        19.192528      58.810928      8.6320955      10.176389      0              4.3498664      16.460049      1239.2781    
    157200   202.54164      36.079882      21.734574      57.814456      8.6945016      6.4755201      0              4.2986712      16.611189      890.7693     
    157300   197.49241      35.854553      21.192745      57.047298      8.1672245      6.8791832      0              3.7045938      17.103552     -362.77381    
    157400   178.83404      37.259444      19.190531      56.449975      8.0408851      8.7551899      0              3.9069052      16.556464     -447.25671    
    157500   180.45062      36.570899      19.364005      55.934905      9.6086725      7.8412689      0              3.3000633      15.820895     -1418.2959    
    157600   204.45619      33.543594      21.940023      55.483617      7.8649035      6.7982682      0              2.9217582      15.958665     -519.72184    
    157700   225.59268      30.837117      24.208161      55.045279      6.498381       5.3849396      0              2.6641898      16.289607     -208.94927    
    157800   178.65172      35.561022      19.170967      54.731989      6.7523556      9.468786       0              3.8266933      15.513187      650.42272    
    157900   186.61013      34.450124      20.024976      54.475101      6.7748136      8.0136872      0              3.0070889      16.654535      3010.7749    
    158000   176.98828      35.349235      18.992464      54.341698      8.1446816      7.6342943      0              3.3398255      16.230433     -2443.1585    
    158100   171.521        36.061788      18.405775      54.467563      8.1568312      9.1612157      0              2.2771235      16.466617     -2069.7153    
    158200   140.92268      39.830811      15.122294      54.953105      10.503797      10.736136      0              2.7990083      15.791869      194.05465    
    158300   173.92192      37.217205      18.663416      55.880621      9.0008605      10.010109      0              3.0355504      15.170685     -1820.829     
    158400   195.76425      36.367231      21.007298      57.374528      8.3780964      8.2496218      0              4.0391836      15.700329     -1055.9835    
    158500   207.97455      37.040472      22.317574      59.358047      6.7252285      6.7594012      0              7.9182769      15.637566     -1254.4165    
    158600   258.99155      33.755551      27.792166      61.547717      8.1751779      7.7542874      0              2.0922692      15.733817     -1050.2285    
    158700   231.78506      38.520203      24.87266       63.392863      9.720276       10.137487      0              2.8005106      15.861929     -409.67849    
    158800   242.33562      38.31361       26.004832      64.318442      9.6208661      7.267308       0              5.1595222      16.265914     -856.10895    
    158900   218.98578      41.071737      23.49918       64.570917      9.222822       8.8448596      0              4.5749524      18.429103     -942.29973    
    159000   258.15847      36.498496      27.702769      64.201266      8.9024787      8.3410307      0              3.0506009      16.204386      177.80992    
    159100   215.66717      40.077103      23.143064      63.220166      9.500063       9.1673679      0              3.8680711      17.541601      3112.2737    
    159200   261.80897      33.784957      28.094501      61.879458      7.4031899      6.2217525      0              2.6045295      17.555485      213.75287    
    159300   201.83757      38.766794      21.65902       60.425814      7.8119174      8.4123519      0              4.3962191      18.146305     -1435.2232    
    159400   222.28432      35.238843      23.853144      59.091988      8.0347353      7.5445734      0              2.8275052      16.832029     -2622.71      
    159500   185.84364      38.255         19.942726      58.197725      9.7153082      8.6283977      0              3.4583152      16.452979     -2191.1872    
    159600   174.46555      38.829601      18.721752      57.551353      6.7612082      9.3918497      0              2.9260802      19.750463     -839.82577    
    159700   194.7911       36.309994      20.90287       57.212863      9.1269264      6.4543735      0              2.6647359      18.063958     -934.05901    
    159800   182.37153      37.52361       19.570136      57.093746      8.3539171      8.1344175      0              3.7951178      17.240158     -485.51795    
    159900   199.57251      35.809541      21.415959      57.2255        6.8224376      7.7114317      0              4.4406362      16.835035     -1478.1631    
    160000   181.50676      38.052287      19.477338      57.529626      6.6735632      9.2849922      0              4.441409       17.652323     -1545.1336    
    160100   178.90047      38.732337      19.197659      57.929996      6.2126831      10.420754      0              3.5569986      18.541901      593.42496    
    160200   204.94088      36.303884      21.992034      58.295918      7.6090552      8.45762        0              3.8487294      16.38848      -961.00225    
    160300   218.80633      35.27856       23.479924      58.758484      7.734697       5.6035106      0              4.7589569      17.181396     -471.1876     
    160400   204.83443      37.12357       21.980611      59.104181      7.9974112      7.4440745      0              3.1588193      18.523265      1481.5177    
    160500   235.87615      34.103949      25.311672      59.415621      6.6612575      7.2196862      0              2.9637477      17.259258      762.81031    
    160600   261.76911      31.450873      28.090224      59.541096      5.9165281      7.4512532      0              2.4527752      15.630316     -156.50329    
    160700   215.02397      36.426811      23.074042      59.500853      6.8614251      9.5087712      0              2.6910396      17.365575      654.28621    
    160800   216.23179      35.997114      23.203652      59.200766      8.6801956      6.59919        0              2.7410256      17.976703     -516.29416    
    160900   196.52946      37.486009      21.089411      58.575421      7.5867096      6.8219877      0              6.1011688      16.976143      1020.1497    
    161000   217.42048      34.101964      23.33121       57.433174      6.0565162      9.1650338      0              3.3151489      15.565265      424.84304    
    161100   185.09342      36.007178      19.86222       55.869398      4.847681       10.814358      0              4.0804109      16.264728      587.00944    
    161200   161.55701      36.746035      17.336547      54.082582      7.3252635      8.7731429      0              2.435273       18.212356      1355.0382    
    161300   169.73237      34.511731      18.213838      52.725569      7.3666927      6.0361667      0              4.0468063      17.062065      153.92372    
    161400   150.39307      35.597025      16.138555      51.73558       6.3137674      9.1303201      0              4.2816943      15.871244     -1164.4023    
    161500   184.54178      31.3751        19.803024      51.178124      5.7731519      7.37212        0              2.6144209      15.615407     -872.26958    
    161600   177.62904      31.982499      19.061224      51.043723      6.1120908      6.9933041      0              1.8568498      17.020255      1432.4914    
    161700   167.65616      33.233518      17.991042      51.22456       7.2773808      6.3941932      0              2.2813165      17.280627      1799.0365    
    161800   176.48882      32.851972      18.938868      51.79084       6.4665176      7.2930537      0              2.9633027      16.129099      1170.9831    
    161900   188.24441      32.612601      20.20035       52.81295       7.0990617      8.7197469      0              1.8701525      14.92364      -888.4563     
    162000   188.74588      34.141361      20.254162      54.395523      8.9610545      6.6910191      0              2.9682719      15.521016      567.68871    
    162100   166.67215      38.242982      17.885448      56.128431      6.6265506      12.081328      0              2.8430409      16.692063      545.85347    
    162200   208.24642      35.533766      22.346749      57.880514      10.293682      6.9260528      0              3.394677       14.919354     -1531.7256    
    162300   217.77143      35.744217      23.36887       59.113087      8.6659698      7.711484       0              3.7022939      15.66447       1357.8168    
    162400   197.13866      38.777553      21.154784      59.932337      7.1960029      10.437327      0              4.6440266      16.500197      753.3668     
    162500   234.90831      35.180349      25.207814      60.388163      6.0987051      8.5738611      0              3.4797261      17.028057      270.59904    
    162600   192.82474      39.970007      20.691861      60.661868      9.1286414      12.522403      0              2.1256003      16.193362      2047.4065    
    162700   190.32304      40.351858      20.423406      60.775264      9.9053555      9.0898455      0              5.3264549      16.030202      1023.2192    
    162800   199.47388      39.461231      21.405375      60.866606      7.1567118      9.6742924      0              4.2861504      18.344077      3492.623     
    162900   184.05379      41.132428      19.750658      60.883086      7.1510135      12.126931      0              4.5853845      17.269099      1894.4577    
    163000   193.08448      40.128581      20.719734      60.848315      8.4607078      9.2940858      0              5.7919298      16.581858      1963.0215    
    163100   213.16454      37.781529      22.874508      60.656037      6.8018522      10.39844       0              4.5338818      16.047355     -66.364855    
    163200   221.28225      36.5194        23.745613      60.265013      7.4537079      7.4400763      0              5.4200196      16.205596     -822.75031    
    163300   207.39869      37.473893      22.25578       59.729673      8.1919252      8.492422       0              3.8461137      16.943432     -97.216195    
    163400   203.72904      37.025873      21.861993      58.887865      10.941085      7.5574081      0              3.5048329      15.022547     -1530.4232    
    163500   188.21439      37.477199      20.197128      57.674327      9.3895114      8.3363807      0              3.8309822      15.920324      1940.2401    
    163600   193.46988      35.326111      20.761091      56.087201      6.7558449      7.8382788      0              3.9644952      16.767492      871.85799    
    163700   187.0831       34.036877      20.075731      54.112607      6.3935283      6.525361       0              4.484061       16.633926      1616.6551    
    163800   165.08062      34.393782      17.714663      52.108445      7.082257       9.0682337      0              2.7625678      15.480724      533.28649    
    163900   165.13855      32.872509      17.72088       50.593388      7.367567       7.6506104      0              3.1824969      14.671834     -2256.9591    
    164000   164.47495      31.984016      17.649669      49.633685      4.7949104      6.0036229      0              5.2223692      15.963113      675.18986    
    164100   190.93087      28.869345      20.488632      49.357977      3.7419256      4.3050689      0              4.2155253      16.606825      1721.8219    
    164200   156.36609      32.78578       16.779514      49.565294      6.2627381      6.4127017      0              4.1189081      15.991432      1429.0545    
    164300   145.08298      34.489345      15.568733      50.058078      6.23384        9.3174093      0              3.5057341      15.432362     -25.524319    
    164400   163.28233      33.261941      17.52169       50.783631      8.3192049      5.359705       0              3.8601559      15.722876     -36.903232    
    164500   152.08621      35.25859       16.320244      51.578834      8.2012442      7.456551       0              3.4136429      16.187152     -509.95523    
    164600   195.89758      31.525835      21.021605      52.547439      7.5448515      6.7104664      0              2.0886017      15.181915     -310.34041    
    164700   165.79292      35.735157      17.791099      53.526256      8.000487       8.4285357      0              3.7212308      15.584903      668.90097    
    164800   205.26882      32.550403      22.027225      54.577628      8.9162098      4.6634225      0              2.9704789      16.000291      1103.2815    
    164900   176.41733      36.636166      18.931196      55.567362      8.272263       6.9753903      0              4.8104728      16.57804      -400.90715    
    165000   210.33477      34.012724      22.570848      56.583572      8.780022       7.0867418      0              2.2269159      15.919044     -802.77026    
    165100   172.61239      39.034451      18.522891      57.557342      9.555676       9.3188984      0              4.4457533      15.714124     -1040.4098    
    165200   217.56411      35.205214      23.346623      58.551837      10.497815      6.7810539      0              2.6293061      15.297039     -1688.955     
    165300   221.80137      35.699793      23.801319      59.501112      6.7911499      7.5484393      0              4.6919489      16.668255     -710.16734    
    165400   205.30482      38.319923      22.031088      60.351012      8.6081377      10.505157      0              2.8380523      16.368577     -1582.3083    
    165500   198.02924      39.773804      21.250351      61.024155      9.3480145      9.0526223      0              6.1004181      15.272749     -690.61883    
    165600   202.0423       39.852883      21.68099       61.533873      10.096405      8.101417       0              5.6285426      16.026518     -2.0311753    
    165700   184.92833      41.996629      19.844504      61.841133      10.786261      7.4810915      0              6.092094       17.637182      705.45811    
    165800   182.30583      42.403065      19.563086      61.966151      12.136017      7.3110607      0              5.8933641      17.062623     -732.5414     
    165900   217.62841      38.444315      23.353522      61.797837      8.9847806      9.7505598      0              2.7875444      16.92143       1295.9554    
    166000   233.28262      36.426044      25.033363      61.459407      7.789659       7.2642739      0              3.8056714      17.56644       3548.6304    
    166100   219.24806      37.213556      23.527326      60.740882      8.3008843      8.0128315      0              2.7287984      18.171042      3545.7682    
    166200   209.07455      36.872618      22.435615      59.308233      6.84181        8.8422164      0              5.1677448      16.020847      2275.3619    
    166300   175.30653      38.103108      18.811996      56.915105      10.142419      8.7900489      0              3.8645842      15.306056      129.05386    
    166400   181.94781      34.785185      19.524667      54.309852      9.7483056      4.4385619      0              4.3676863      16.230631     -36.739211    
    166500   175.9888       33.541104      18.885211      52.426315      7.5384527      4.712284       0              2.26855        19.021817      721.08471    
    166600   170.7798       33.052587      18.326238      51.378825      8.1286714      7.2971959      0              1.633832       15.992888      156.80066    
    166700   171.30568      32.553312      18.382669      50.93598       6.110551       8.9872896      0              2.7065074      14.748963     -981.6362     
    166800   160.25963      33.708489      17.197327      50.905816      8.6226402      4.7435119      0              3.8310928      16.511244     -657.13889    
    166900   168.5375       33.174292      18.085618      51.25991       7.3763563      7.606612       0              2.56148        15.629844     -1232.9754    
    167000   187.9707       31.776572      20.170979      51.94755       6.0585639      8.0786497      0              2.661071       14.978287     -1012.6108    
    167100   179.78614      33.728343      19.2927        53.021043      10.247145      5.3159165      0              2.9597059      15.205576     -2763.1409    
    167200   200.29469      32.827676      21.493455      54.321131      6.6420304      6.4681661      0              1.6424361      18.075043      1648.9215    
    167300   176.91787      36.713801      18.984909      55.698709      8.8114734      8.710464       0              2.6070516      16.584812     -332.10241    
    167400   202.13023      35.357337      21.690425      57.047762      7.8351761      9.5686652      0              3.3156208      14.637874     -1230.3303    
    167500   233.68956      33.126045      25.077031      58.203075      5.6050278      7.2940001      0              4.1392343      16.087782      345.79614    
    167600   218.48684      35.712521      23.44564       59.158161      5.6382351      9.4808802      0              3.7863048      16.807101     -526.78044    
    167700   193.91499      39.041045      20.808855      59.8499        7.9338332      10.743987      0              3.9093745      16.45385       1252.6896    
    167800   203.31503      38.439856      21.817565      60.257421      7.3176828      11.428865      0              3.3087522      16.384555      1026.1359    
    167900   206.36853      38.318643      22.145234      60.463877      9.5388513      8.0859775      0              4.4526669      16.241147      2096.6201    
    168000   234.49052      35.281935      25.162982      60.444916      6.9085025      7.579906       0              3.9385693      16.854957     -590.6422     
    168100   223.82145      36.259281      24.018092      60.277372      8.80153        5.4754753      0              5.2211307      16.761145      2273.4669    
    168200   194.93804      39.045377      20.918637      59.964014      8.0012442      9.024393       0              6.8731095      15.146631     -375.75255    
    168300   210.3526       37.0813        22.572761      59.654061      8.8939535      8.8747838      0              4.4456759      14.866887     -1288.2481    
    168400   225.40544      34.954852      24.188069      59.142921      5.8788123      9.1466918      0              3.9829296      15.946418     -1928.7668    
    168500   196.50599      37.529642      21.086893      58.616535      8.2836176      9.3737568      0              3.4031298      16.469138     -333.82463    
    168600   201.50064      36.292533      21.622865      57.915398      9.55784        8.4188477      0              2.3754153      15.94043       1182.4158    
    168700   243.76869      30.838747      26.158613      56.99736       7.0014166      5.8422167      0              2.1630446      15.832069     -973.90018    
    168800   206.47         33.492962      22.156123      55.649085      6.520186       7.0933045      0              3.5786135      16.300858      411.75172    
    168900   187.70127      33.786638      20.142066      53.928704      9.0664463      5.9088991      0              2.9495677      15.861725     -2495.5845    
    169000   177.88399      32.795041      19.088581      51.883623      5.0884542      9.1461744      0              2.9110639      15.649349      1026.8176    
    169100   189.43934      29.857285      20.328577      50.185862      4.8074754      6.8456735      0              2.0045693      16.199567      1086.1368    
    169200   178.26669      29.910641      19.129649      49.04029       5.9797319      4.6645449      0              1.8146323      17.451732      608.39865    
    169300   165.89985      30.746059      17.802574      48.548633      5.4547333      6.0946903      0              2.0885194      17.108116      2343.0223    
    169400   131.8535       34.442667      14.149088      48.591756      7.7658499      6.8415755      0              4.0474835      15.787759      84.74899     
    169500   147.87929      33.217322      15.868803      49.086125      7.5306406      6.1945074      0              3.1963195      16.295854      813.85404    
    169600   133.57552      35.609744      14.333877      49.943621      8.6442447      7.1249735      0              3.4136668      16.426859     -2172.1964    
    169700   156.42274      34.324974      16.785593      51.110567      6.6028027      5.6995638      0              4.7470013      17.275606      3367.9013    
    169800   182.5345       32.799322      19.587625      52.386946      5.6598484      8.572169       0              2.9304871      15.636817      1442.255     
    169900   188.69975      33.330417      20.249212      53.579629      7.9666635      6.3164182      0              3.0507284      15.996607     -2436.1731    
    170000   175.57867      35.620568      18.8412        54.461768      7.6504888      7.7326282      0              3.4085004      16.828951     -782.2405     
    170100   203.45984      33.359868      21.833105      55.192973      7.8173724      6.865772       0              2.7982992      15.878424     -934.92696    
    170200   171.00809      37.472849      18.350734      55.823583      9.3214071      8.4073423      0              3.5706107      16.173489     -366.42641    
    170300   188.53847      36.273655      20.231905      56.505561      8.8140112      7.1776285      0              3.2046506      17.077365      185.32478    
    170400   171.34621      38.86955       18.387018      57.256568      8.9479588      8.3658466      0              3.9956033      17.560141      290.80714    
    170500   216.64275      34.835961      23.247752      58.083713      8.4094839      8.6237493      0              2.4682698      15.334458     -1905.8384    
    170600   203.97538      36.989488      21.888427      58.877915      6.3099218      11.039076      0              3.706908       15.933582      2564.86      
    170700   240.70528      33.975709      25.829882      59.805591      8.797575       8.174181       0              1.1430349      15.860918     -879.89697    
    170800   219.75777      37.09755       23.582022      60.679572      7.5267465      8.7637436      0              3.5265504      17.280509      864.10429    
    170900   169.4737       43.302763      18.186081      61.488844      11.237347      11.626346      0              2.7541398      17.68493       2621.5285    
    171000   198.64581      40.834324      21.316515      62.15084       10.662679      10.181226      0              3.7660692      16.22435       366.84753    
    171100   208.23814      40.351587      22.345861      62.697448      8.0442479      10.473785      0              4.1028158      17.730738      3729.9453    
    171200   236.88422      37.605794      25.419847      63.025641      9.0914932      6.7753327      0              3.9453666      17.793602     -401.22496    
    171300   225.18679      39.076415      24.164606      63.241021      9.2437352      7.4935927      0              6.8588422      15.480244     -4676.0421    
    171400   227.53816      38.870472      24.416929      63.287401      9.5920275      10.483647      0              3.218804       15.575993     -1399.2105    
    171500   230.11935      38.234984      24.693915      62.928899      8.6112516      9.0875444      0              3.8220117      16.714177     -2418.9214    
    171600   213.31355      39.058072      22.890499      61.948571      7.5875989      10.181095      0              2.8404221      18.448956     -180.54254    
    171700   221.8859       36.477467      23.81039       60.287857      8.9524363      5.8507993      0              4.9819087      16.692323     -137.73719    
    171800   243.89045      31.918655      26.17168       58.090335      6.8864615      8.3478271      0              0.86403076     15.820336     -516.45735    
    171900   169.81739      37.977604      18.222962      56.200566      7.4402626      7.1522248      0              4.9481984      18.436919      3447.2274    
    172000   175.39182      35.924365      18.821149      54.745514      8.1604484      7.4281326      0              2.4778715      17.857912     -153.5849     
    172100   195.68923      32.861071      20.999247      53.860318      5.4466646      8.6913467      0              2.0316344      16.691425     -397.41253    
    172200   150.10387      37.231802      16.10752       53.339323      8.0171828      7.4957782      0              4.8402787      16.878563     -1075.52      
    172300   212.38733      30.453142      22.791106      53.244248      5.8096931      5.9960562      0              1.5206451      17.126748      357.42806    
    172400   164.95123      35.752176      17.700778      53.452955      5.9786142      5.6376294      0              5.8464413      18.289492      2421.7309    
    172500   189.94682      33.551777      20.383034      53.934812      5.1719159      7.9982013      0              4.1828522      16.198808      414.1137     
    172600   155.26706      38.089688      16.661578      54.751266      8.2183872      8.4152695      0              5.3833089      16.072722     -1477.4537    
    172700   221.79581      32.029543      23.800722      55.830265      7.5598407      5.0654021      0              2.5911746      16.813126      3491.4284    
    172800   175.66504      38.390064      18.850468      57.240532      10.396917      7.2392482      0              4.3336606      16.420238     -494.59766    
    172900   227.58171      34.2038        24.421603      58.625402      9.7849015      5.0515234      0              2.4012612      16.966113      5.0102261    
    173000   175.52374      41.174141      18.835305      60.009446      9.2828839      8.9930347      0              6.6271761      16.271046      1991.157     
    173100   208.41246      38.878979      22.364567      61.243546      9.170167       9.8716942      0              4.2173076      15.61981      -1817.6382    
    173200   217.86548      38.781821      23.378962      62.160782      7.6181904      10.953906      0              3.2409055      16.968818      3551.8327    
    173300   245.12933      36.425365      26.304623      62.729988      8.3845543      9.3109007      0              1.2832594      17.446651      2507.452     
    173400   216.30905      39.720462      23.211943      62.932405      11.53031       9.2835419      0              3.3624847      15.544125     -2115.0232    
    173500   204.53816      40.757248      21.948818      62.706066      10.495709      9.7589328      0              4.2815473      16.221059      1537.7349    
    173600   204.4865       40.175244      21.943275      62.118519      10.685559      8.4754219      0              5.1309316      15.883331     -581.15742    
    173700   214.95546      37.866775      23.06669       60.933465      6.6587264      10.253519      0              5.0519726      15.902557      389.95165    
    173800   174.18505      40.25212       18.691652      58.943772      7.7689702      10.064116      0              6.5547313      15.864303      1596.8033    
    173900   176.0978       36.959707      18.896908      55.856615      8.4838941      10.267278      0              3.7928061      14.415729     -1194.903     
    174000   176.12498      33.993083      18.899824      52.892907      9.3959373      6.4634892      0              2.3965467      15.73711       462.89011    
    174100   158.27529      34.460686      16.984388      51.445074      7.3288117      7.9122544      0              3.1224103      16.097209      1286.4239    
    174200   188.38853      30.737556      20.215815      50.953372      7.0109676      6.3140896      0              2.3792879      15.033211     -2241.6475    
    174300   182.76741      31.282173      19.612617      50.89479       6.4567771      7.7821731      0              1.5767075      15.466515      65.785018    
    174400   177.13318      32.18711       19.008013      51.195124      7.5335553      7.8506569      0              1.2827696      15.520129     -1796.9953    
    174500   184.87718      31.948609      19.839015      51.787624      8.6883673      4.006181       0              2.155017       17.099044      728.86009    
    174600   152.61196      36.330653      16.376662      52.707315      5.4145882      10.555838      0              4.1287222      16.231504      1054.6707    
    174700   186.20956      33.915072      19.981992      53.897063      7.3578405      7.7988264      0              2.8686338      15.889771      583.86726    
    174800   180.87868      35.884418      19.40994       55.294358      7.8123961      8.0361854      0              3.3477049      16.688132      1006.6534    
    174900   204.1744       34.778062      21.909784      56.687846      7.9988268      7.2329255      0              1.8152281      17.731082      2828.1721    
    175000   182.81229      38.361043      19.617434      57.978476      9.4049231      9.0769752      0              3.8461515      16.032993      1126.8171    
    175100   214.84751      36.014126      23.055106      59.069232      7.6809672      7.4922677      0              4.8401384      16.000753      389.66392    
    175200   207.98501      37.582305      22.318697      59.901002      8.7882887      9.6429251      0              2.2852578      16.865833     -1107.1071    
    175300   212.63843      37.727439      22.818052      60.54549       8.8090148      10.567348      0              2.145718       16.205358     -2107.9015    
    175400   216.94587      37.803467      23.280279      61.083747      6.5538243      6.9483077      0              6.8719385      17.429397      592.89072    
    175500   215.78925      38.340889      23.156163      61.497052      9.3097746      7.1193553      0              4.938346       16.973413      218.48834    
    175600   204.81056      39.738274      21.97805       61.716324      12.145377      9.0396412      0              2.5431712      16.010085     -3965.6925    
    175700   191.52794      41.03245       20.552703      61.585153      13.465526      7.6548984      0              2.7697192      17.142306      126.21348    
    175800   165.69387      43.380025      17.780471      61.160496      10.667481      12.891401      0              3.2568913      16.564251      1274.6955    
    175900   186.89015      40.438552      20.055025      60.493577      11.107631      9.2169206      0              3.4873355      16.626664     -801.65267    
    176000   184.6938       39.492107      19.819336      59.311444      8.1986132      11.409902      0              3.3794248      16.504167     -3706.6046    
    176100   201.03814      36.014647      21.573234      57.587881      10.817041      4.1368003      0              3.5519741      17.508832      210.43766    
    176200   181.31311      35.867874      19.456557      55.324431      6.5404018      6.9996143      0              5.4141914      16.913667      521.20017    
    176300   170.38152      34.977385      18.283498      53.260884      7.199146       8.4921309      0              3.1196244      16.166484     -1585.032     
    176400   157.64513      34.966674      16.916766      51.88344       9.1825019      5.2628399      0              3.0573477      17.463984     -308.50867    
    176500   165.17026      33.435397      17.724282      51.159679      7.2176329      4.4502085      0              4.1644294      17.603127     -44.947133    
    176600   149.68311      34.883637      16.062369      50.946006      7.6169718      5.8137244      0              3.8254944      17.627446      2813.0143    
    176700   147.47501      35.311304      15.82542       51.136724      6.4897455      9.1780293      0              2.7590087      16.88452       709.72269    
    176800   167.01356      33.809048      17.922085      51.731133      5.3753997      8.7815751      0              2.7136071      16.938466      1695.7781    
    176900   162.88472      35.170136      17.479022      52.649158      5.3846151      9.7987611      0              2.8505077      17.136252     -840.29787    
    177000   211.94724      31.045279      22.74388       53.789159      5.7346694      6.2113873      0              2.4418706      16.657352      775.42964    
    177100   196.23833      33.966303      21.05817       55.024474      7.616254       6.4943893      0              3.8276733      16.027987      652.26441    
    177200   212.13451      33.3609        22.763976      56.124876      7.298149       6.2855007      0              3.5689541      16.208296     -116.62966    
    177300   202.04399      35.311278      21.681171      56.992449      9.3815195      7.3601371      0              1.4370985      17.132523      1606.7706    
    177400   200.27284      36.169508      21.49111       57.660618      7.7447035      8.3888584      0              4.2049909      15.830955     -277.17728    
    177500   183.5843       38.362746      19.700277      58.063023      7.3996282      9.7207486      0              5.9992864      15.243083     -539.39477    
    177600   210.82818      35.777054      22.623795      58.400849      7.8009646      9.4726233      0              2.8650418      15.638424     -1067.2012    
    177700   198.91898      37.302617      21.345829      58.648446      7.2649446      10.981801      0              2.7557551      16.300117     -840.00282    
    177800   209.46579      36.435171      22.477598      58.91277       7.7070985      7.1036602      0              6.1897401      15.434672     -1526.7387    
    177900   188.18695      39.01741       20.194183      59.211593      8.6104051      8.7195981      0              5.4348816      16.252525      1600.6846    
    178000   213.51108      36.567898      22.911695      59.479593      8.9663785      5.7628919      0              5.9059345      15.932693     -1126.1789    
    178100   188.77029      39.468553      20.256782      59.725334      9.8162287      9.6721351      0              4.2203049      15.759884     -1838.88      
    178200   192.01108      39.285537      20.604548      59.890085      10.035363      9.6989017      0              4.0171735      15.5341       -881.99071    
    178300   175.70748      41.101141      18.855023      59.956164      5.4065492      14.168305      0              5.9301304      15.596156     -1209.1595    
    178400   227.84163      35.507937      24.449495      59.957432      10.130524      5.2805339      0              3.4520176      16.644861      2951.5174    
    178500   212.41721      36.825402      22.794312      59.619715      7.012468       9.0957425      0              3.7805639      16.936628      679.41652    
    178600   227.63217      34.42462       24.427017      58.851637      8.479762       7.0645207      0              2.5356332      16.344704     -2012.3155    
    178700   205.52322      35.261231      22.054525      57.315755      7.2975705      7.8048999      0              4.232894       15.925866      857.22933    
    178800   170.50374      36.934901      18.296614      55.231515      8.7462482      7.4478389      0              4.9334997      15.807314     -1671.919     
    178900   178.97056      34.084347      19.205181      53.289528      6.0782421      7.7553389      0              3.3922908      16.858475     -37.013249    
    179000   141.25224      36.722611      15.15766       51.88027       7.6511167      7.8010024      0              3.8327941      17.437697      946.97203    
    179100   154.08305      34.545454      16.534523      51.079978      4.1599002      10.794417      0              3.2329177      16.358219     -324.86332    
    179200   182.45305      31.310966      19.578884      50.889849      5.5966881      5.9250096      0              2.9575582      16.83171       202.04471    
    179300   150.81822      34.949232      16.184177      51.133409      5.4866329      5.984629       0              5.4997472      17.978223      733.21445    
    179400   165.20234      34.057409      17.727725      51.785134      6.3195148      4.5037682      0              5.0579962      18.17613       103.25016    
    179500   169.56397      34.666741      18.195767      52.862509      8.1135873      7.0491479      0              2.8471299      16.656876      516.45617    
    179600   185.82046      34.307664      19.940238      54.247902      8.3571839      6.070414       0              3.0149966      16.86507      -203.04277    
    179700   211.4296       33.103515      22.688333      55.791848      7.0754731      6.4978506      0              1.5920218      17.938169      112.0165     
    179800   197.56548      36.031481      21.200586      57.232067      7.6970847      8.233012       0              3.1629846      16.9384        496.14482    
    179900   205.1034       36.369429      22.009474      58.378903      9.1288728      7.3976996      0              4.1662698      15.676587     -2100.0427    
    180000   190.76838      38.723298      20.471195      59.194493      7.8423197      11.603145      0              2.9234586      16.354375      1365.7767    
    180100   186.6144       39.750202      20.025435      59.775637      11.897182      7.0871105      0              4.7678469      15.998062      473.34866    
    180200   214.86058      37.017524      23.056508      60.074032      9.1339471      7.9030753      0              2.37744        17.603061      1791.7135    
    180300   220.22436      36.518339      23.632091      60.15043       8.2079326      6.1987995      0              4.990471       17.121136      3616.9672    
    180400   212.35983      37.258847      22.788155      60.047001      8.8375693      7.5684341      0              4.4414401      16.411403      178.9721     
    180500   212.69987      36.990857      22.824644      59.815502      7.2520175      7.9150355      0              5.1577072      16.666097      53.740879    
    180600   230.10639      34.778093      24.692523      59.470616      8.0189843      5.1796641      0              3.6869975      17.892447     -192.12556    
    180700   180.9796       39.725525      19.42077       59.146295      9.6702182      6.2695623      0              6.5875791      17.198165     -877.82521    
    180800   212.08935      35.954701      22.759131      58.713832      5.0143446      9.9791906      0              4.4014898      16.559676      285.35007    
    180900   202.24591      36.556409      21.702839      58.259248      10.591385      7.2611961      0              2.2145118      16.489316     -2190.5699    
    181000   186.3645       37.727737      19.998618      57.726355      12.582336      7.3267772      0              2.3287234      15.4899       -3286.841     
    181100   165.04712      39.349392      17.711068      57.06046       13.075366      6.6140455      0              3.31342        16.34656      -2096.7995    
    181200   173.74099      37.449425      18.644         56.093426      9.5798621      7.4918845      0              4.1425397      16.235139      1587.3128    
    181300   181.01584      35.469742      19.424658      54.894401      7.8583436      6.8877713      0              5.093637       15.62999      -3310.5528    
    181400   166.46805      35.70114       17.863546      53.564687      7.8704571      5.6974085      0              4.5863731      17.546902      880.10833    
    181500   171.79938      33.930849      18.435647      52.366496      8.4226372      6.2777388      0              3.3144055      15.916068     -1915.7582    
    181600   144.23007      35.844403      15.477208      51.32161       9.7157696      7.3549273      0              3.6586588      15.115047     -2237.5633    
    181700   141.49024      35.425151      15.183199      50.60835       9.6797708      6.96908        0              2.574792       16.201508     -6.3198383    
    181800   169.48585      32.009094      18.187385      50.196479      6.4218616      5.5491385      0              2.6605613      17.377533      444.45017    
    181900   146.39525      34.485134      15.709551      50.194685      8.4576099      6.5147706      0              3.5855819      15.927172      523.00848    
    182000   164.71858      32.936237      17.675813      50.61205       6.9432226      7.4179553      0              2.471238       16.103821      69.174444    
    182100   159.4043       34.537502      17.105542      51.643044      8.1921279      7.6744378      0              2.019159       16.651777      556.69648    
    182200   185.28693      33.464013      19.882985      53.346998      6.3140242      6.5922065      0              3.2274623      17.33032       284.19524    
    182300   190.49309      35.084634      20.441653      55.526288      7.1924226      7.090917       0              4.2192321      16.582063     -750.76833    
    182400   204.34433      35.511222      21.928019      57.439241      5.4413524      9.5028347      0              4.4868443      16.080191      2405.7072    
    182500   199.20281      37.395096      21.376286      58.771382      10.367492      8.0132169      0              2.4285457      16.585842     -2475.2799    
    182600   208.15337      37.145124      22.336763      59.481888      11.010651      6.1080157      0              3.0872204      16.939238     -401.21114    
    182700   213.08722      36.997847      22.866211      59.864058      9.5347192      9.5256997      0              1.3741043      16.563324      604.36646    
    182800   203.11221      38.250742      21.795801      60.046543      7.8110467      9.3511807      0              3.8130071      17.275507      1689.4065    
    182900   235.8954       34.788347      25.313738      60.102084      7.6641427      6.6695937      0              3.2608107      17.1938       -559.54971    
    183000   228.47606      35.467539      24.517575      59.985113      7.4064893      8.0716152      0              2.7596909      17.229743     -118.9539     
    183100   153.16746      43.239448      16.436271      59.675719      11.105946      13.081899      0              2.3278345      16.723768      307.64057    
    183200   183.3347       39.608639      19.673493      59.282133      7.0083408      12.991256      0              1.6681277      17.940915     -1141.8644    
    183300   213.13916      35.975426      22.871785      58.84721       10.169077      6.8281002      0              2.0925177      16.885731     -133.72155    
    183400   179.75226      38.965551      19.289065      58.254615      11.889065      7.2127702      0              3.4685244      16.395191     -1697.9998    
    183500   168.69141      39.50719       18.102134      57.609324      10.352614      8.6934968      0              4.2136629      16.247416      1543.4784    
    183600   204.22395      34.906629      21.915101      56.82173       5.7393846      9.5336035      0              2.6080563      17.025584      1500.5946    
    183700   183.85867      36.20714       19.729719      55.936859      7.5314654      8.9276732      0              3.1948556      16.553145     -1258.068     
    183800   190.59676      34.444066      20.452779      54.896845      5.3296978      10.388358      0              2.8569074      15.869103      423.08265    
    183900   174.58126      35.043639      18.734169      53.777807      7.7479207      7.4516014      0              4.3959608      15.448156     -697.43611    
    184000   174.38603      33.953594      18.713219      52.666814      6.9685824      5.9618755      0              4.4555856      16.567551      420.29557    
    184100   152.10887      35.383737      16.322676      51.706413      6.514771       6.0329928      0              5.5775127      17.25846      -246.60296    
    184200   160.47864      33.813383      17.220828      51.034211      6.7266205      7.4836637      0              3.6187682      15.984331     -1317.1311    
    184300   156.89609      33.840823      16.836388      50.677211      5.6411609      9.5593587      0              3.0963307      15.543972     -751.49217    
    184400   157.67325      33.788376      16.919784      50.708159      6.8625303      6.4579783      0              3.7444714      16.723396      122.88522    
    184500   159.29609      34.088988      17.09393       51.182918      4.8561715      8.7139535      0              2.9919664      17.526897     -192.65161    
    184600   181.94536      32.886204      19.524404      52.410608      6.1864788      8.4806204      0              2.3954656      15.823639     -2569.3717    
    184700   175.08012      35.605922      18.787701      54.393622      8.7754363      8.7121577      0              2.2113927      15.906935     -2080.7081    
    184800   185.22873      36.901795      19.876739      56.778535      10.280703      5.8494248      0              3.771155       17.000513     -1718.801     
    184900   187.93483      38.595195      20.167129      58.762324      6.821218       6.0437906      0              6.4288516      19.301335      3707.3236    
    185000   223.02556      36.158807      23.932685      60.091493      6.4525523      6.850803       0              5.4668103      17.388642      1501.8721    
    185100   200.34452      39.425027      21.498802      60.923829      5.7634493      9.8654874      0              7.4261907      16.369899      222.94856    
    185200   224.49511      37.441893      24.090382      61.532275      7.4588205      8.983031       0              4.4690492      16.530993      408.26415    
    185300   224.40954      37.814455      24.081199      61.895654      6.0349518      9.8284963      0              3.1896699      18.761337      984.96024    
    185400   204.45759      40.214422      21.940172      62.154595      10.086192      7.0901439      0              4.8518633      18.186223      1218.5806    
    185500   231.56332      37.34519       24.848866      62.194056      10.628714      7.0629159      0              2.8847169      16.768843     -421.7637     
    185600   239.06521      36.320603      25.653887      61.97449       9.9951757      7.4998101      0              3.3309308      15.494686     -2257.0125    
    185700   243.86111      35.271818      26.168531      61.440349      7.0779715      5.4032737      0              5.3229998      17.467573     -455.75117    
    185800   193.63916      39.789088      20.779256      60.568344      7.0064261      9.2902276      0              5.0913748      18.401059      1665.9977    
    185900   202.03898      37.63129       21.680634      59.311924      7.906714       9.5381965      0              3.8462076      16.340172      1357.8915    
    186000   208.22283      35.646707      22.344218      57.990925      7.9429822      8.6178339      0              2.8596043      16.226287     -308.26371    
    186100   214.47757      33.46889       23.015408      56.484297      7.8948899      5.9745846      0              3.3215121      16.277903     -1707.8088    
    186200   176.08335      36.238017      18.895356      55.133374      10.673157      6.6166377      0              2.3881751      16.560048     -74.562432    
    186300   170.84921      35.677893      18.333685      54.011578      9.6479042      7.6080858      0              2.7732356      15.648668     -76.544211    
    186400   154.05459      36.651049      16.531469      53.182518      8.7226832      7.8132955      0              3.9590649      16.156005      205.46201    
    186500   170.95509      34.258574      18.345048      52.603622      6.5814169      6.399159       0              3.581494       17.696504      3545.685     
    186600   168.98752      34.230586      18.133909      52.364494      5.5681418      8.8598051      0              3.4841996      16.318439      781.39161    
    186700   175.22128      33.64523       18.802849      52.448079      6.4812634      8.1178627      0              3.0254415      16.020663      116.67635    
    186800   184.65421      32.959322      19.815088      52.77441       7.9778809      7.1943677      0              2.1806711      15.606402      1183.0261    
    186900   175.60616      34.595294      18.84415       53.439444      7.0319949      7.9134676      0              2.3772419      17.27259       1075.7892    
    187000   200.41134      33.288648      21.505973      54.794621      6.8204612      6.1777593      0              4.6207354      15.669692     -2167.3853    
    187100   191.54663      36.885123      20.554708      57.439831      6.7589025      11.656414      0              2.985751       15.484056     -853.7005     
    187200   226.85756      36.520138      24.343894      60.864032      7.0233434      10.230041      0              3.6079672      15.658786      1126.2356    
    187300   215.84556      40.201302      23.162206      63.363509      8.4306532      12.247328      0              3.9335561      15.589765     -357.06533    
    187400   284.67087      33.776828      30.547792      64.32462       7.5570341      6.6200064      0              2.8051361      16.794651      1575.4878    
    187500   204.52014      42.449241      21.946885      64.396125      10.87785       12.450444      0              3.0361446      16.084802     -248.39214    
    187600   236.10229      38.720413      25.335939      64.056352      7.4269592      13.573696      0              2.1438543      15.575904     -803.72681    
    187700   217.528        40.034528      23.342748      63.377275      8.4052856      12.603054      0              2.8963579      16.12983       2167.151     
    187800   238.52607      36.739039      25.596033      62.335072      8.1518803      8.856037       0              3.052196       16.678926     -1215.9535    
    187900   229.47559      36.401743      24.624833      61.026576      9.7129643      9.0145498      0              2.0174439      15.656785     -690.86059    
    188000   228.05089      35.067527      24.47195       59.539477      9.0382726      9.3615022      0              1.6904225      14.97733      -1578.893     
    188100   173.82259      39.325266      18.652756      57.978022      10.04919       7.5425329      0              4.4957528      17.23779       714.19881    
    188200   196.51302      35.490618      21.087647      56.578266      7.1291245      7.5149749      0              3.3791756      17.467343     -883.10055    
    188300   207.88268      33.282386      22.307717      55.590103      6.1385352      8.9614786      0              1.7877262      16.394646      136.73707    
    188400   180.16596      35.637007      19.333458      54.970465      4.2988644      9.1791991      0              5.7900992      16.368844      1296.1588    
    188500   198.99211      33.237064      21.353677      54.590741      6.0375593      7.2786209      0              2.6938945      17.226989      990.36238    
    188600   194.21742      33.544375      20.841309      54.385684      8.3214896      5.9932393      0              2.5804683      16.649178      1494.75      
    188700   138.34301      39.478565      14.845472      54.324037      9.9529776      8.9833478      0              4.6511568      15.891083      1591.9304    
    188800   178.28266      35.355925      19.131363      54.487288      8.0632099      9.2908723      0              2.9270995      15.074743     -1078.5496    
    188900   175.34063      36.280946      18.815656      55.096602      7.3166505      8.7047251      0              2.8784857      17.381084      1565.8646    
    189000   164.96347      38.465534      17.702092      56.167626      9.0395793      7.3098967      0              4.56682        17.549238      2970.7988    
    189100   182.75252      38.081754      19.61102       57.692774      9.3689728      8.6665654      0              3.8620971      16.184119     -776.89329    
    189200   191.55442      38.996994      20.555544      59.552538      7.0779347      9.2583415      0              6.1511119      16.509606     -1490.1317    
    189300   223.32263      37.753947      23.964565      61.718512      8.6423237      8.915161       0              3.0727401      17.123723     -285.35601    
    189400   181.99733      44.266851      19.52998       63.796832      9.4112794      11.198883      0              6.9571766      16.699512     -732.06076    
    189500   243.93114      39.06778       26.176046      65.243825      9.8059376      10.180145      0              2.4508915      16.630806      552.56289    
    189600   192.34833      45.289478      20.640738      65.930216      12.768446      13.367426      0              3.9885303      15.165076     -4629.8531    
    189700   214.92666      42.88944       23.0636        65.95304       8.0304913      13.947302      0              4.5685998      16.343047      541.74575    
    189800   258.17615      37.594013      27.704666      65.29868       7.1778035      10.561662      0              4.3887453      15.465803     -615.74495    
    189900   219.71642      40.713894      23.577585      64.291478      10.224457      8.6351948      0              5.9099026      15.944339     -1187.0782    
    190000   219.30015      39.5355        23.532915      63.068416      7.3889196      10.719088      0              4.6205028      16.80699      -318.67648    
    190100   205.91451      39.842653      22.096513      61.939166      8.3048506      11.140374      0              4.6620664      15.735362     -1560.0186    
    190200   183.09274      41.242271      19.647529      60.8898        9.15788        11.812483      0              4.9423394      15.329568     -1391.6083    
    190300   191.97539      39.371165      20.600719      59.971883      7.5193518      10.551919      0              5.1752103      16.124684      1456.5038    
    190400   196.90279      37.905073      21.129474      59.034546      9.4440561      7.9590638      0              5.2398596      15.262093     -1224.2292    
    190500   187.97767      38.033775      20.171726      58.205501      6.5459053      10.06829       0              5.4627697      15.95681      -1190.1881    
    190600   156.94897      40.681324      16.842062      57.523386      7.7267147      10.227931      0              7.1661353      15.560543      742.45219    
    190700   188.23402      36.713344      20.199235      56.912579      6.4057453      8.1296006      0              5.0801436      17.097855      3095.9893    
    190800   178.44294      37.315162      19.148563      56.463725      6.9878185      10.297713      0              3.4975803      16.532051     -219.63301    
    190900   164.51187      38.504041      17.653631      56.157671      6.8390882      8.5228467      0              5.4370694      17.705036      2295.6046    
    191000   187.86433      35.780781      20.159564      55.940346      8.4768944      8.3496094      0              2.6465511      16.307727     -272.48269    
    191100   179.48261      36.627605      19.260128      55.887734      7.5648371      8.7462423      0              3.6136539      16.702872      2781.4076    
    191200   164.84532      38.214657      17.689413      55.90407       7.8237042      10.559745      0              3.8614618      15.969746      139.6283     
    191300   183.44507      36.467398      19.685337      56.152735      7.6730291      9.2099727      0              4.2219346      15.362462     -561.31218    
    191400   218.21214      33.242168      23.416161      56.658329      7.6487255      7.1012801      0              3.8534604      14.638702     -1860.8107    
    191500   193.96274      36.756757      20.81398       57.570737      9.5851331      7.6411162      0              2.7038481      16.82666       999.29854    
    191600   196.51188      38.059238      21.087525      59.146763      9.0186343      8.5522994      0              3.803438       16.684867      694.89894    
    191700   214.32435      38.302087      22.998967      61.301054      9.811007       9.7284866      0              2.5199404      16.242653      788.02612    
    191800   212.92686      40.50168       22.849003      63.350683      13.646864      9.0506936      0              2.8484989      14.955623     -3680.8566    
    191900   250.17603      38.023025      26.84618       64.869205      9.2779662      9.9151515      0              1.6080893      17.221818      102.49619    
    192000   242.84146      39.496638      26.059113      65.555751      7.1641348      11.629994      0              4.2987955      16.403714     -137.58591    
    192100   232.94596      40.803307      24.997236      65.800542      10.00321       8.6713179      0              5.6579261      16.470852     -9.6239305    
    192200   260.96617      37.368221      28.004061      65.372282      9.0252355      10.057903      0              2.5559666      15.729115     -1638.27      
    192300   206.18955      42.183992      22.126028      64.310019      13.042432      9.884328       0              2.7988571      16.458375     -1762.1491    
    192400   215.12388      39.632766      23.084763      62.717529      7.8878452      8.4190066      0              4.5311919      18.794722      540.34078    
    192500   173.43559      42.293445      18.611228      60.904673      8.6690888      10.372043      0              5.7710521      17.481262      3794.7951    
    192600   271.34685      30.07901       29.118003      59.197014      5.962691       5.2887186      0              2.1816095      16.645991      211.63954    
    192700   192.60338      37.098227      20.668108      57.766335      9.0202707      8.665739       0              2.9753997      16.436818     -1794.383     
    192800   184.73705      37.030375      19.823978      56.854354      8.5571742      8.9244688      0              3.7277972      15.820935     -360.41274    
    192900   196.07381      35.116271      21.040516      56.156787      10.481545      5.5758015      0              2.9927277      16.066197      851.29738    
    193000   202.59457      33.829152      21.740254      55.569406      7.4961552      7.1338359      0              2.991096       16.208064      1027.3172    
    193100   191.6064       34.64216       20.561122      55.203282      6.9876583      5.9747674      0              3.5784673      18.101267      3702.3454    
    193200   160.66146      37.734289      17.240447      54.974736      7.5075352      10.176316      0              3.4551748      16.595263      1186.7781    
    193300   155.55621      38.253224      16.692606      54.94583       6.3867599      8.27701        0              6.6450197      16.944434      1653.6853    
    193400   169.18818      37.04329       18.155441      55.198732      8.4898527      7.6743759      0              3.624829       17.254233      2921.328     
    193500   211.90559      32.886378      22.739411      55.625789      7.0271549      5.9443487      0              2.8671519      17.047722     -706.40322    
    193600   208.04643      33.880963      22.325288      56.206251      8.6729335      4.4137166      0              4.5314806      16.262833     -370.19365    
    193700   201.07977      35.32614       21.577702      56.903842      8.627914       5.9273802      0              3.9826207      16.788225      155.34286    
    193800   174.97569      38.948428      18.776494      57.724923      10.40936       7.1406919      0              4.5095362      16.88884      -1267.8938    
    193900   213.80747      35.562624      22.9435        58.506125      5.7741268      8.4827289      0              3.4307574      17.875011      2300.3068    
    194000   182.24891      39.70436       19.556978      59.261338      9.6991318      9.3792994      0              4.7423686      15.88356      -2031.538     
    194100   230.23717      35.517689      24.706558      60.224247      5.5259644      9.4674639      0              4.1908039      16.333457     -1943.8432    
    194200   193.17777      40.85401       20.729744      61.583755      9.3300405      8.1872461      0              6.3934648      16.943259     -541.03417    
    194300   226.59538      39.327286      24.31576       63.643046      9.5005907      7.239923       0              5.8918987      16.694874      194.80695    
    194400   230.64087      41.726628      24.749878      66.476506      10.276649      10.13525       0              5.6039446      15.710784     -1401.3497    
    194500   256.29367      41.984717      27.502659      69.487376      8.7893376      10.075485      0              7.5876387      15.532256     -2557.9704    
    194600   234.92331      46.468928      25.209423      71.678351      7.8004173      12.217393      0              9.7349804      16.716137     -826.05064    
    194700   286.36097      41.895982      30.729155      72.625138      5.9348776      8.5222076      0              11.442807      15.99609      -134.58226    
    194800   295.25142      40.561522      31.683183      72.244705      8.4474183      10.830167      0              5.772776       15.511161     -2374.8785    
    194900   226.77702      46.679571      24.335252      71.014824      9.6572534      13.18287       0              7.3680438      16.471405     -1747.6307    
    195000   264.62974      40.856457      28.397196      69.253653      7.904983       11.985008      0              5.5196879      15.446779     -85.147362    
    195100   225.52235      43.061117      24.200614      67.261731      9.1894011      9.6457369      0              7.9506784      16.275301     -2697.7788    
    195200   253.94422      38.216447      27.250541      65.466989      7.8462296      7.2043849      0              7.4297446      15.736088     -1138.2992    
    195300   223.83125      40.085825      24.019144      64.104969      5.8263266      13.043874      0              4.5461915      16.669433      418.25532    
    195400   234.07231      37.862231      25.118104      62.980335      7.2329122      8.2689782      0              5.8225486      16.537792     -1806.8598    
    195500   212.81127      39.09928       22.836599      61.935878      5.3529799      11.063687      0              5.818645       16.863968      1451.0983    
    195600   244.03931      34.786678      26.187653      60.974331      6.6802695      7.6940576      0              3.5637905      16.84856       650.38821    
    195700   179.64578      40.616699      19.277639      59.894338      10.304956      9.2007443      0              5.0164976      16.094501     -388.39818    
    195800   212.86142      35.990761      22.841981      58.832742      9.8589106      4.5725335      0              4.3635868      17.19573       2915.4952    
    195900   220.97449      33.961276      23.712587      57.673864      5.1626311      6.1959849      0              5.5964724      17.006188      2534.7564    
    196000   194.46998      35.713231      20.86841       56.581641      5.8564993      9.0837879      0              4.0489046      16.724039     -734.05061    
    196100   209.43341      33.254631      22.474123      55.728754      8.3001233      4.6403165      0              3.3738671      16.940324      1094.7628    
    196200   179.89339      35.763225      19.304209      55.067434      5.0847634      11.183065      0              2.400267       17.09513      -587.32649    
    196300   212.37205      31.924471      22.789466      54.713937      4.8153548      6.8267117      0              1.851923       18.430482      2248.4249    
    196400   183.81082      34.871659      19.724585      54.596244      6.1596648      8.1274287      0              2.9975845      17.586981      1801.9026    
    196500   169.07731      36.514966      18.143544      54.65851       7.4802625      8.0047847      0              4.3394151      16.690504     -1522.8422    
    196600   196.90953      33.890165      21.130197      55.020362      6.0322159      7.1620719      0              4.1155656      16.580312     -919.52172    
    196700   176.50591      36.795286      18.940701      55.735987      7.7908896      8.5298924      0              4.4437477      16.030757     -1959.7053    
    196800   187.32899      36.689272      20.102117      56.791389      7.5356186      7.4887512      0              5.3394789      16.325423     -1192.4714    
    196900   186.54117      38.371706      20.017576      58.389282      6.0234077      10.058667      0              5.6165586      16.673073      1829.8556    
    197000   238.71432      34.655116      25.616234      60.27135       6.2625284      9.1576149      0              2.4391761      16.795797      571.40469    
    197100   247.04185      35.771396      26.509854      62.28125       6.8212691      9.4993265      0              3.4547544      15.996046      78.744913    
    197200   248.44585      37.169505      26.660516      63.830021      8.8746078      8.1634277      0              4.0878325      16.043637      152.94142    
    197300   251.00619      37.821298      26.935264      64.756562      9.1706461      9.1052961      0              3.6848991      15.860457     -534.81182    
    197400   230.35872      40.270621      24.719601      64.990223      10.907541      5.5672599      0              8.0061087      15.789712     -2386.9641    
    197500   205.34581      42.354583      22.035487      64.39007       11.727858      10.530287      0              3.9037935      16.192646     -221.73831    
    197600   238.52517      37.636298      25.595936      63.232234      7.4618759      9.1798922      0              4.5850839      16.409446     -1236.4273    
    197700   217.4032       38.4484        23.329355      61.777755      11.915974      7.5571661      0              3.4214688      15.553791     -1916.4531    
    197800   213.49098      37.392248      22.909538      60.301787      8.2491545      11.040881      0              1.8978527      16.20436      -1365.2257    
    197900   189.88151      38.674124      20.376026      59.05015       9.502156       10.114775      0              3.8134604      15.243733     -2028.5902    
    198000   219.05276      34.639586      23.506368      58.145954      7.2936212      6.8319015      0              3.7588851      16.755178      1111.6533    
    198100   199.51229      36.170359      21.409497      57.579855      6.4021312      10.46612       0              1.785038       17.517069      1282.9486    
    198200   183.38459      37.676416      19.678847      57.355262      7.9346309      9.9656828      0              2.9614708      16.814631     -899.47998    
    198300   188.18396      37.205783      20.193863      57.399646      8.5687306      10.421322      0              2.8950813      15.320649     -3387.5352    
    198400   195.67308      36.394424      20.997514      57.391938      8.4519834      7.9901891      0              4.4740916      15.47816      -1808.6479    
    198500   203.01242      35.612017      21.785093      57.39711       7.0206863      7.7231202      0              3.4009567      17.467253      114.97862    
    198600   189.89051      37.007986      20.376991      57.384977      8.3644004      7.678958       0              4.762645       16.201982     -1682.4119    
    198700   186.14304      37.345682      19.974853      57.320535      6.9764121      8.8893699      0              4.7767339      16.703166      505.22053    
    198800   172.25825      38.862969      18.484889      57.347858      10.12191       8.434698       0              3.9272514      16.379109     -1967.1553    
    198900   183.29709      37.822713      19.669457      57.49217       7.1728164      8.126634       0              5.8084627      16.714799     -943.90035    
    199000   228.88033      33.073076      24.560957      57.634032      6.4568781      8.3199821      0              2.0183873      16.277828      662.41481    
    199100   217.49793      34.431529      23.339521      57.77105       5.8892378      10.101821      0              2.9193304      15.521139     -1444.1181    
    199200   232.94906      33.026463      24.997568      58.024032      7.9211922      5.640583       0              3.1768212      16.287867     -489.23319    
    199300   157.76826      41.227859      16.929979      58.157838      8.5889651      11.304464      0              4.7085933      16.625837     -9.8071231    
    199400   229.34156      33.581679      24.61045       58.192129      5.5597163      7.6559776      0              4.0159297      16.350055      1092.944     
    199500   188.63495      38.053555      20.242258      58.295813      8.2168737      12.245169      0              3.1410787      14.450433     -2901.3031    
    199600   225.76625      34.122691      24.226787      58.349479      7.7619373      7.3432225      0              3.5579634      15.459568      735.42202    
    199700   214.92428      35.252947      23.063344      58.316292      6.8384201      10.648259      0              2.0854482      15.68082      -276.2697     
    199800   217.24255      34.871954      23.312116      58.18407       7.8634525      7.6701985      0              3.1220845      16.216219      1535.3065    
    199900   222.15211      33.880381      23.838956      57.719338      6.5716738      7.044895       0              4.835843       15.427969      514.85301    
    200000   202.49048      35.26379       21.729084      56.992874      4.1091087      9.9000269      0              5.6304744      15.62418      -608.12079    
Loop time of 5.60761 on 1 procs for 200000 steps with 37 atoms

Performance: 770.381 ns/day, 0.031 hours/ns, 35665.787 timesteps/s, 1.320 Matom-step/s
98.4% CPU use with 1 MPI tasks x no OpenMP threads

MPI task timing breakdown:
Section |  min time  |  avg time  |  max time  |%varavg| %total
---------------------------------------------------------------
Pair    | 2.3887     | 2.3887     | 2.3887     |   0.0 | 42.60
Bond    | 1.6022     | 1.6022     | 1.6022     |   0.0 | 28.57
Neigh   | 0.12578    | 0.12578    | 0.12578    |   0.0 |  2.24
Comm    | 0.84974    | 0.84974    | 0.84974    |   0.0 | 15.15
Output  | 0.15735    | 0.15735    | 0.15735    |   0.0 |  2.81
Modify  | 0.27277    | 0.27277    | 0.27277    |   0.0 |  4.86
Other   |            | 0.2111     |            |       |  3.76

Nlocal:             37 ave          37 max          37 min
Histogram: 1 0 0 0 0 0 0 0 0 0
Nghost:            962 ave         962 max         962 min
Histogram: 1 0 0 0 0 0 0 0 0 0
Neighs:            948 ave         948 max         948 min
Histogram: 1 0 0 0 0 0 0 0 0 0

Total # of neighbors = 948
Ave neighs/atom = 25.621622
Ave special neighs/atom = 10
Neighbor list builds = 759
Dangerous builds = 0

write_data heated.data
System init for write_data ...
Generated 6 of 6 mixed pair_coeff terms from geometric mixing rule

unfix 1
Total wall time: 0:00:05
