site,X1,X2,X3,X4
PYR2,0.47771125,0.74724995,-0.41270447,0.20756807
PYR3,-0.17811522,-0.43196711,-0.76801045,0.43799466
PYR4,0.23892187,-0.11624353,0.48509621,0.83311791
PYR5,-0.82642802,0.49143603,0.06720595,0.26644084
