
reset_timestep 0

velocity all create 150 12345 mom yes rot yes dist gaussian

fix 1 all nvt temp 150 150 100.0

thermo 100

dump 1 all custom 100 heating.xyz id type x y z

dump_modify 1 sort id

run 200000
Generated 6 of 6 mixed pair_coeff terms from geometric mixing rule
Neighbor list info ...
  update: every = 1 steps, delay = 0 steps, check = yes
  max neighbors/atom: 2000, page size: 100000
  master list distance cutoff = 14
  ghost atom cutoff = 14
  binsize = 7, bins = 3 3 3
  1 neighbor lists, perpetual/occasional/extra = 1 0 0
  (1) pair lj/cut, perpetual
      attributes: half, newton on
      pair build: half/bin/newton
      stencil: half/bin/3d
      bin: standard
Per MPI rank memory allocation (min/avg/max) = 12.56 | 12.56 | 12.56 Mbytes
   Step          Temp          PotEng         KinEng         TotEng         E_bond        E_angle        E_dihed        E_impro         E_vdwl         Press     
         0   150            16.343312      16.096374      32.439686      0.21696368     0.78182367     0              0.041998877    15.302526      139.28725    
       100   91.776901      22.866837      9.8485023      32.71534       3.1836923      2.8592278      0              1.4919542      15.331963      335.22352    
       200   75.935515      25.360143      8.1485765      33.50872       4.7682834      3.6223594      0              1.228026       15.741474      990.75259    
       300   80.867503      25.969125      8.677824       34.646949      4.9249064      4.1621467      0              1.0445258      15.837546     -321.21223    
       400   79.630201      27.23309       8.5450502      35.77814       3.7057238      5.7914955      0              1.6198487      16.116022      2459.2096    
       500   108.22793      25.071423      11.613848      36.685271      3.4416736      4.6889902      0              1.3099045      15.630855      241.29552    
       600   101.76682      26.679035      10.920512      37.599548      5.1850074      3.6529652      0              1.8177353      16.023327     -505.57535    
       700   101.12859      27.832244      10.852024      38.684268      6.410509       4.2782514      0              1.167848       15.975636      306.97198    
       800   117.81535      27.249989      12.642666      39.892655      6.0240011      4.5607622      0              1.147119       15.518106     -1301.4595    
       900   115.54282      28.806293      12.398803      41.205096      5.4138146      5.1883447      0              3.1341667      15.069967     -1025.0704    
      1000   112.14953      30.547836      12.034672      42.582508      7.2849238      5.2884334      0              2.9350735      15.039405     -2061.295     
      1100   100.50216      33.179022      10.784803      43.963825      8.2279575      6.484748       0              3.1662339      15.300082     -306.46431    
      1200   131.29165      31.212992      14.088797      45.301789      7.9928275      6.0534882      0              2.0988093      15.067867     -1430.3983    
      1300   147.76898      30.709853      15.856966      46.566819      7.9428825      6.6259292      0              1.3842097      14.756832     -2685.1411    
      1400   149.17474      31.767177      16.007817      47.774994      8.9318961      5.8074971      0              2.4801218      14.547662     -2204.0277    
      1500   138.9193       34.00143       14.907314      48.908744      12.193854      4.1587085      0              2.9770486      14.67182      -3647.784     
      1600   160.20831      32.649054      17.191819      49.840873      9.8313139      5.2829453      0              1.9456698      15.589125     -645.88112    
      1700   193.26277      29.737823      20.738866      50.476689      5.6407836      6.6649188      0              2.038373       15.393747      989.93366    
      1800   172.31273      32.370399      18.490734      50.861134      6.0499405      5.7919788      0              4.2082461      16.320234      3597.9864    
      1900   171.88017      32.457978      18.444317      50.902294      7.8079727      6.521632       0              1.6510157      16.477357      2143.763     
      2000   171.17172      32.208584      18.368294      50.576878      8.0178378      6.5602812      0              1.8909176      15.739547      766.90938    
      2100   169.65369      31.667729      18.205395      49.873125      7.0898694      6.4392903      0              2.4362991      15.70227       1655.5488    
      2200   171.86249      30.421043      18.44242       48.863463      5.2400855      6.0642606      0              2.3140535      16.802644      2646.071     
      2300   154.02112      31.157543      16.527877      47.685421      5.2792663      5.0728997      0              3.678124       17.127253      1152.714     
      2400   118.79124      33.781448      12.747388      46.528836      10.164082      5.5078597      0              2.6154468      15.49406      -2241.1352    
      2500   140.7722       30.356288      15.106147      45.462435      6.1981752      5.0074015      0              3.0764553      16.074256      649.64458    
      2600   162.06145      27.214699      17.390679      44.605377      4.7858726      5.342842       0              1.2452887      15.840695      308.35135    
      2700   146.05227      28.303879      15.672747      43.976626      5.3492869      4.6212116      0              1.5551179      16.778263     -771.64503    
      2800   144.82222      28.050559      15.540751      43.591309      6.3980611      4.3284813      0              1.5007889      15.823228     -1321.4597    
      2900   125.16504      29.993558      13.431355      43.424914      8.1705427      4.0723821      0              2.6295584      15.121075     -2514.5919    
      3000   124.34638      30.130304      13.343505      43.47381       6.2209667      4.5088254      0              3.7230587      15.677454     -1561.8076    
      3100   144.72566      28.17829       15.530389      43.708679      4.9662187      4.631319       0              2.2473717      16.33338       490.06179    
      3200   134.63293      29.760035      14.447347      44.207382      5.6985792      4.7828176      0              2.3435595      16.935078      1021.1838    
      3300   127.32807      31.363593      13.663469      45.027061      8.736167       6.4013683      0              1.0007514      15.225306     -1668.2675    
      3400   137.80243      31.379123      14.787463      46.166586      7.8650535      5.1299112      0              2.5550063      15.829152      1439.0405    
      3500   176.16436      28.700349      18.90405       47.604398      4.8123276      4.7519136      0              2.3980823      16.738025      55.73276     
      3600   168.13209      31.060554      18.042114      49.102668      5.6583697      4.6413518      0              3.5775001      17.183332      1162.8281    
      3700   143.05146      35.01452       15.350733      50.365253      9.6904854      4.9295684      0              4.0498145      16.344652      2514.7474    
      3800   134.00486      36.729811      14.37995       51.109761      8.4249979      7.0508474      0              5.3538652      15.900101      839.28748    
      3900   155.0821       34.72747       16.64173       51.3692        8.3510721      4.1449464      0              4.3199309      17.911521      1942.6082    
      4000   162.77086      33.831483      17.466804      51.298288      7.0420565      6.1713175      0              3.6885974      16.929512      1105.5049    
      4100   163.30758      33.464749      17.5244        50.989149      9.2369159      4.7548568      0              2.7983504      16.674626      1008.1658    
      4200   153.33432      34.100707      16.454177      50.554885      9.0662353      6.4573714      0              2.4455822      16.131518      201.09103    
      4300   178.18093      30.910141      19.120446      50.030587      6.3151268      5.168909       0              2.5565233      16.869582      609.60417    
      4400   168.00739      31.445918      18.028732      49.47465       6.1733316      6.207578       0              2.0663832      16.998625      46.785353    
      4500   127.50312      35.18092       13.682253      48.863174      9.672847       7.3824292      0              2.9554947      15.17015      -1665.3715    
      4600   150.14573      32.166827      16.112012      48.278839      8.8742393      5.0043218      0              2.1797103      16.108556     -1916.9991    
      4700   130.86899      33.682602      14.043441      47.726043      9.5904708      5.0273565      0              3.2466128      15.818162     -2518.8659    
      4800   149.74938      31.125565      16.069481      47.195045      6.2700345      4.6074494      0              3.3704008      16.87768       577.80729    
      4900   151.06705      30.522577      16.210878      46.733455      7.409188       4.3610718      0              3.2235417      15.528775     -2129.5019    
      5000   118.07365      33.694944      12.670385      46.365328      7.7549224      6.1323788      0              4.238109       15.569533     -2154.8379    
      5100   146.8561       30.321758      15.759005      46.080763      7.5283414      4.005503       0              2.4835126      16.304401     -896.68776    
      5200   133.95162      31.474875      14.374236      45.849111      6.4306721      5.5485302      0              2.6423226      16.85335      -97.513486    
      5300   162.43358      28.293833      17.430611      45.724444      5.9589723      3.8967122      0              2.0491313      16.389017      1252.7788    
      5400   138.11825      30.833015      14.821354      45.654369      8.2841088      5.6210527      0              1.8281255      15.099728     -896.72316    
      5500   126.81634      32.041744      13.608555      45.650299      7.9273318      5.3670073      0              2.2331821      16.514222     -213.4004     
      5600   160.46558      28.573914      17.219427      45.793341      5.2354839      4.8862437      0              2.3789373      16.073249      1370.7717    
      5700   165.38439      28.462693      17.74726       46.209953      4.8869859      5.2967772      0              2.0482826      16.230647      2366.7061    
      5800   159.27119      29.775738      17.091258      46.866996      4.9651144      6.765804       0              2.4215316      15.623288      106.12154    
      5900   151.0601       31.464026      16.210132      47.674158      8.0878287      4.4616003      0              2.725547       16.18905       2188.9994    
      6000   143.8249       33.066379      15.43373       48.500109      9.1678389      5.8806435      0              2.2943321      15.723565     -659.3425     
      6100   170.77037      30.908042      18.325226      49.233268      5.166904       7.6723424      0              2.3714308      15.697365      106.96371    
      6200   161.20335      32.544104      17.298597      49.842701      5.5839887      8.4826647      0              2.4000765      16.077374      1618.5052    
      6300   133.58749      36.102028      14.335162      50.43719       9.0220238      7.5175713      0              3.9277945      15.634638      966.70264    
      6400   176.44696      31.983838      18.934375      50.918213      6.6863254      5.7284627      0              3.7527159      15.816334      145.48002    
      6500   169.49857      33.040531      18.18875       51.229281      9.2774087      6.6970242      0              2.4119989      14.6541       -868.08432    
      6600   158.26635      34.284337      16.983429      51.267766      10.92786       6.0126771      0              3.0488935      14.294906     -3984.849     
      6700   146.78132      35.152166      15.750981      50.903147      9.2145978      8.5987557      0              2.1683695      15.170443     -2382.587     
      6800   157.03255      33.239979      16.851031      50.09101       7.0306915      6.5092541      0              2.9459038      16.75413       991.46608    
      6900   150.60195      32.854446      16.160969      49.015415      6.810778       7.2629441      0              1.6365246      17.144199      1954.1326    
      7000   180.42226      28.409825      19.360961      47.770786      4.2358756      5.8503352      0              3.1326811      15.190933      67.593061    
      7100   140.54275      31.448857      15.081525      46.530382      7.0655309      5.8055317      0              2.9070592      15.670735      381.86687    
      7200   139.98239      30.384179      15.021392      45.405571      5.8824677      6.2350961      0              2.445267       15.821348     -1109.2592    
      7300   157.14941      27.724468      16.863571      44.588039      5.6772169      4.4095294      0              1.626429       16.011292      2120.9131    
      7400   146.76859      28.241613      15.749614      43.991227      4.819708       6.0069675      0              1.637383       15.777555      161.89436    
      7500   138.68142      28.739652      14.881787      43.621439      6.4946719      3.795217       0              2.5050383      15.944725      810.39583    
      7600   124.89295      30.06954       13.402158      43.471698      7.4538581      3.749882       0              2.3492242      16.516576     -971.16936    
      7700   128.43362      29.742739      13.782104      43.524843      5.7848491      5.4317949      0              2.6113616      15.914734      638.86936    
      7800   114.32219      31.531962      12.267819      43.79978       5.3091177      6.7660853      0              2.514667       16.942092      2140.8394    
      7900   135.3264       29.761335      14.521762      44.283098      6.9679188      5.5516958      0              1.1646762      16.077045     -1208.8356    
      8000   143.42269      29.556062      15.390569      44.946631      6.0106574      6.0974539      0              1.1821228      16.265828     -330.52938    
      8100   147.68         29.804072      15.847417      45.651489      7.001279       5.6021729      0              1.3610754      15.839545     -1160.9924    
      8200   138.80192      31.436314      14.894717      46.331031      5.3663408      7.5926657      0              3.1064648      15.370843     -741.57739    
      8300   157.74088      29.974178      16.927042      46.90122       5.3626996      6.0804254      0              3.2043336      15.32672      -2375.5898    
      8400   134.14067      32.91169       14.394523      47.306213      7.3210379      6.7111537      0              3.1966061      15.682893     -1067.0126    
      8500   149.8504       31.466871      16.080321      47.547192      6.6515099      6.2781526      0              2.0127524      16.524456      618.21238    
      8600   163.90062      30.04573       17.588038      47.633768      6.0634486      6.6936929      0              1.1492479      16.139341      44.478957    
      8700   147.04985      31.898112      15.779796      47.677908      5.4064951      7.0968583      0              3.360435       16.034323     -419.84179    
      8800   152.7225       31.359253      16.388523      47.747776      8.0195413      5.5437888      0              2.050167       15.745756     -2289.0142    
      8900   147.45456      31.905909      15.823225      47.729134      7.8770949      5.0272308      0              2.6211436      16.38044       483.77584    
      9000   160.03125      30.387265      17.172819      47.560085      5.7236759      5.9652975      0              3.3105934      15.387698     -1422.0386    
      9100   150.27723      31.242909      16.126124      47.369033      5.6817215      7.0604004      0              2.5689234      15.931864      2369.9167    
      9200   161.16648      29.853554      17.29464       47.148195      6.504903       4.9377315      0              2.6528756      15.758044     -1722.8871    
      9300   141.41275      31.668008      15.174883      46.842891      6.8013856      6.5690156      0              2.3861983      15.911409      1064.8424    
      9400   132.71271      32.315724      14.241289      46.557013      7.0504423      6.3891185      0              2.538101       16.338062      4106.9546    
      9500   133.26019      31.951023      14.30004       46.251062      6.4189834      6.785202       0              2.6305341      16.116303     -68.848999    
      9600   125.48784      32.435308      13.465995      45.901302      5.4238612      5.4908993      0              4.3475085      17.173039      4591.9727    
      9700   129.56075      31.658074      13.903056      45.56113       4.7038243      8.5291763      0              2.4774112      15.947662      1737.6278    
      9800   118.87379      32.36635       12.756247      45.122596      5.4881454      7.4160213      0              4.014796       15.447387     -642.91513    
      9900   155.97846      27.854377      16.737918      44.592295      4.5153338      4.6968152      0              2.6433632      15.998865      248.67442    
     10000   143.55607      28.659577      15.404881      44.064459      6.4929906      5.8571161      0              0.52527739     15.784193     -15.324006    
     10100   128.3473       29.715147      13.772842      43.487988      7.1945932      3.6372117      0              2.5057261      16.377616      1014.6927    
     10200   114.83023      30.654757      12.322336      42.977093      4.5853053      5.2759461      0              4.5685496      16.224956      325.73565    
     10300   117.66041      30.069323      12.62604       42.695364      5.5522701      4.7734063      0              3.1884994      16.555148      1249.259     
     10400   151.90735      26.31473       16.30105       42.61578       5.2042762      3.4602362      0              1.5111141      16.139104     -3613.6245    
     10500   129.35959      28.940362      13.881469      42.821831      4.9519991      4.7925837      0              2.7896077      16.406172     -348.3542     
     10600   134.21818      28.963326      14.402841      43.366167      6.1868954      4.9120768      0              2.2243168      15.640037     -1849.6296    
     10700   149.8192       28.136574      16.076973      44.213546      4.7247659      4.9977731      0              1.5690723      16.844962     -383.68643    
     10800   153.73664      28.839627      16.49735       45.336977      5.2181347      4.6386694      0              2.0702048      16.912618      676.64761    
     10900   129.70106      32.792194      13.918112      46.710306      7.4045643      6.2027847      0              3.577763       15.607082     -3523.2698    
     11000   143.3622       32.59767       15.384077      47.981747      6.4617981      7.7864188      0              2.1110635      16.23839      -7.5212709    
     11100   130.73577      35.0174        14.029146      49.046547      6.7954775      8.7230473      0              2.4756864      17.023189      1081.422     
     11200   180.41327      30.492175      19.359997      49.852171      6.1848832      4.965668       0              2.2197325      17.121891      99.012679    
     11300   169.2525       32.179067      18.162344      50.341411      6.3936889      6.4820627      0              3.2160709      16.087244     -2396.9316    
     11400   192.35802      29.886831      20.641778      50.528609      5.0121033      5.7220387      0              2.1652686      16.987421      1830.748     
     11500   134.76219      36.001799      14.461217      50.463016      8.7568         7.9123572      0              1.9525053      17.380137      1286.238     
     11600   160.7428       32.9078        17.249175      50.156975      6.7237882      6.6122455      0              1.9272809      17.644486      865.51464    
     11700   162.39406      32.41915       17.42637       49.84552       6.7328474      5.9321379      0              2.7511264      17.003038      1165.5837    
     11800   166.41427      31.608905      17.857776      49.466682      6.5348249      6.7481176      0              2.3164965      16.009466     -2558.4786    
     11900   159.83763      31.808965      17.152042      48.961007      6.5833161      5.8957083      0              2.4299389      16.900001      1083.1446    
     12000   170.74802      29.913448      18.322827      48.236275      7.1574849      4.6098904      0              2.4380588      15.708013     -641.07465    
     12100   145.36307      31.659596      15.598789      47.258386      6.3748262      6.2180759      0              3.3652546      15.701439     -1626.6868    
     12200   136.52667      31.393075      14.650563      46.043638      7.392246       5.6180488      0              2.2665834      16.116197     -61.94608     
     12300   124.76302      31.312241      13.388215      44.700456      6.5801429      5.2872532      0              2.9655211      16.479324      781.59705    
     12400   122.46922      30.30224       13.142069      43.444309      6.0543542      5.3811657      0              2.3359994      16.530721      2039.8226    
     12500   108.01814      30.98512       11.591336      42.576456      4.8071506      6.8512375      0              2.7963194      16.530413      293.35313    
     12600   124.82039      28.729757      13.394372      42.124128      3.9145394      5.6515225      0              2.0068375      17.156857      346.19251    
     12700   118.82254      29.289938      12.750748      42.040686      5.1730368      5.1149147      0              1.5024765      17.49951       3128.8042    
     12800   100.8627       31.409617      10.823492      42.233109      7.7453262      4.3555869      0              1.662723       17.645981      1433.841     
     12900   112.48133      30.547408      12.070278      42.617686      6.0907849      6.421523       0              1.1099382      16.925162      996.4185     
     13000   116.75364      30.614842      12.528735      43.143577      5.3282909      6.3388029      0              1.6789484      17.268799     -214.58191    
     13100   144.50099      28.16763       15.506281      43.673911      4.7394595      4.1753793      0              1.4145156      17.838276      2703.7906    
     13200   118.54836      31.449351      12.721326      44.170676      6.0067132      6.3491318      0              1.8946126      17.198893      1398.5166    
     13300   148.59734      28.660105      15.945856      44.605962      5.3087993      5.2082859      0              1.8833422      16.259678      150.58577    
     13400   140.65592      29.937339      15.093668      45.031007      6.0491663      5.6382473      0              2.349251       15.900675     -2799.8489    
     13500   140.12345      30.480892      15.03653       45.517422      5.9946631      7.1725283      0              1.4391276      15.874573     -917.03809    
     13600   126.70386      32.51294       13.596485      46.109425      6.6429792      6.9979301      0              2.5011378      16.370893      486.59626    
     13700   128.80182      32.920759      13.821615      46.742375      8.4423432      6.1322435      0              2.4985603      15.847612     -984.31982    
     13800   146.96554      31.60672       15.770749      47.377468      7.5242382      5.6381805      0              3.149699       15.294602     -1718.5358    
     13900   143.36865      32.61583       15.38477       48.0006        7.4944556      7.3084434      0              2.1987345      15.614197     -3746.6352    
     14000   171.89741      30.18691       18.446167      48.633077      5.6842891      5.4103548      0              2.1749806      16.917285     -176.0298     
     14100   160.83636      32.003113      17.259215      49.262328      7.5710311      5.9240792      0              1.4700754      17.037927      1473.3195    
     14200   174.78087      31.026643      18.755589      49.782232      5.1825935      6.7974682      0              1.7510613      17.29552       837.22061    
     14300   170.35651      31.847384      18.280815      50.128198      4.7598039      7.1497609      0              3.027203       16.910616      495.50311    
     14400   165.25251      32.51472       17.733108      50.247828      6.9676086      7.227701       0              1.6515341      16.667877      482.3768     
     14500   132.50559      35.952035      14.219064      50.171099      8.4343103      8.9058424      0              2.0055319      16.606351      1849.3212    
     14600   155.10182      33.312296      16.643846      49.956143      6.273691       7.7435677      0              3.5015772      15.793461      434.88402    
     14700   161.97973      32.149476      17.381909      49.531385      4.587976       7.7704459      0              3.7014368      16.089618      1537.843     
     14800   169.65201      30.532268      18.205215      48.737484      4.8042966      6.3456009      0              3.4415615      15.940809      1451.7034    
     14900   166.31868      29.719661      17.847518      47.567179      4.7161524      5.8414227      0              2.8445777      16.317508      1972.2453    
     15000   132.9803       31.899282      14.270005      46.169286      7.4095116      6.2581412      0              2.9858016      15.245827      186.15312    
     15100   129.93372      30.891031      13.943079      44.83411       6.1719473      5.0052076      0              4.1235563      15.59032      -1828.5001    
     15200   149.35797      27.820311      16.027479      43.84779       5.1892681      4.2140843      0              2.772593       15.644365     -418.56161    
     15300   120.67302      30.309696      12.94932       43.259016      5.2962609      6.6415876      0              2.3284772      16.043371      547.77543    
     15400   122.11695      29.873476      13.104267      42.977744      5.9827941      5.3490856      0              2.887585       15.654012     -1793.2049    
     15500   133.32002      28.695929      14.30646       43.002389      5.5917538      5.3429385      0              2.3476593      15.413578     -1378.8841    
     15600   126.63089      29.719549      13.588655      43.308204      4.2035017      6.79829        0              2.6577312      16.060027      242.04428    
     15700   131.85587      29.72235       14.149343      43.871693      5.2161001      4.2106944      0              4.4648878      15.830668     -130.30976    
     15800   136.54929      30.010315      14.652989      44.663305      5.6972595      6.2090261      0              2.447972       15.656058      866.08123    
     15900   152.70233      29.231768      16.386359      45.618127      5.3075234      4.7352318      0              3.6785976      15.510415     -568.09925    
     16000   155.32164      30.066102      16.667435      46.733537      4.8431425      6.1448592      0              3.2016052      15.876495     -953.68218    
     16100   165.49689      30.139697      17.759332      47.899029      4.1050983      6.1330553      0              4.0130848      15.888458      31.819565    
     16200   160.59086      31.729476      17.23287       48.962347      5.2538493      6.7977283      0              4.0243346      15.653564      316.97654    
     16300   164.15391      32.100546      17.615218      49.715764      6.1312388      5.8181498      0              3.633535       16.517623      983.59883    
     16400   137.66283      35.359788      14.772483      50.132271      5.3937906      8.814397       0              5.1084911      16.043109      1219.4327    
     16500   139.92391      35.23166       15.015118      50.246778      8.1437978      6.8219185      0              4.1991101      16.066834     -2248.7889    
     16600   156.11477      33.372509      16.752545      50.125054      6.7104774      6.6053887      0              3.8607934      16.19585       1872.9144    
     16700   159.034        32.773139      17.065805      49.838944      4.7459531      9.1793132      0              2.8541687      15.993704      320.06896    
     16800   161.46758      32.053154      17.326951      49.380105      7.3161136      5.0455309      0              2.5556728      17.135836      2906.7564    
     16900   149.25115      32.830074      16.016015      48.84609       6.8777083      7.903497       0              2.0484069      16.000462      991.7961     
     17000   132.22542      34.165406      14.188999      48.354406      6.1716658      6.8050764      0              5.3985524      15.790112     -159.31079    
     17100   139.38986      32.835749      14.957809      47.793558      8.2831057      5.0508531      0              3.9904188      15.511371     -239.28153    
     17200   156.28004      30.395259      16.770281      47.165539      6.8417399      5.1492846      0              1.8095586      16.594676     -394.40417    
     17300   160.33445      29.383888      17.205355      46.589243      5.6924382      4.973935       0              2.0002437      16.717271      628.40947    
     17400   154.47048      29.519705      16.576097      46.095802      4.7943625      7.6019722      0              1.4920729      15.631297     -2550.9007    
     17500   141.91362      30.533852      15.228632      45.762484      4.8793801      6.9820125      0              2.7827687      15.889691     -1483.7754    
     17600   145.74593      29.888373      15.639874      45.528247      5.8303244      6.5996169      0              1.936703       15.521729     -348.56087    
     17700   132.63447      31.10445       14.232894      45.337343      6.2669719      6.5904287      0              2.8602778      15.386772     -557.73871    
     17800   144.66951      29.727281      15.524364      45.251645      5.6475126      6.2331746      0              2.3823108      15.464283     -50.557963    
     17900   149.81907      29.119689      16.076958      45.196647      6.1158307      5.5302013      0              1.6019153      15.871742     -1570.6929    
     18000   131.21131      31.10827       14.080176      45.188446      6.088457       5.8316099      0              2.425749       16.762454     -1271.573     
     18100   145.08952      29.883118      15.569434      45.452552      6.2362176      5.9695482      0              2.2238626      15.45349      -2609.9191    
     18200   146.34969      30.326091      15.704663      46.030754      5.3729117      6.0242716      0              2.0917909      16.837117      1937.4651    
     18300   150.3421       30.802706      16.133085      46.935791      2.8131155      9.5601008      0              2.3572885      16.072201      1632.3543    
     18400   135.86498      33.568052      14.579557      48.147609      6.3552747      7.6669719      0              3.1855934      16.360212     -287.34297    
     18500   167.96859      31.387759      18.024569      49.412327      5.3183065      8.659072       0              1.1213169      16.289063      2191.5545    
     18600   165.05631      32.781548      17.712054      50.493602      6.058785       7.8392212      0              2.7722827      16.111259      542.54819    
     18700   165.37089      33.494595      17.745811      51.240406      8.0947822      6.7069602      0              2.6172805      16.075572      171.35095    
     18800   191.17377      31.046787      20.514697      51.561484      5.5857952      5.7711397      0              2.371941       17.317911      1128.6054    
     18900   192.06         30.982561      20.609798      51.592359      6.1966842      5.8841727      0              2.7419452      16.159759     -277.24257    
     19000   176.83725      32.289602      18.976257      51.265858      5.9041281      5.2466741      0              5.3314078      15.807391     -797.45879    
     19100   164.94721      32.881091      17.700347      50.581438      5.092094       8.0191819      0              3.5763609      16.193454      818.0381     
     19200   143.61421      34.155063      15.41112       49.566183      6.9324505      7.2447435      0              3.4035363      16.574332     -845.34683    
     19300   150.11807      32.277004      16.109044      48.386048      6.9623912      5.6878305      0              3.2119905      16.414792     -906.97551    
     19400   154.91766      30.520717      16.624084      47.144801      7.7695391      6.7596953      0              1.2315733      14.759909     -3663.9981    
     19500   142.15024      30.809669      15.254023      46.063693      6.372107       5.6673097      0              3.077856       15.692396     -402.53383    
     19600   160.96102      27.948627      17.272592      45.221219      4.8168274      4.0602973      0              2.6890222      16.38248       169.24213    
     19700   119.73009      31.910421      12.848135      44.758557      5.3536425      7.1534053      0              2.6539189      16.749455      937.23081    
     19800   111.77313      32.588504      11.994281      44.582784      7.4750692      6.6290953      0              2.4998035      15.984536      1190.8504    
     19900   155.95683      27.849114      16.735597      44.584711      4.3559265      5.993032       0              2.1227853      15.377371     -595.96546    
     20000   155.199        28.043928      16.654274      44.698202      5.2921004      4.2574472      0              2.4325849      16.061795     -1797.2725    
     20100   121.82582      31.858397      13.073027      44.931424      6.1250438      6.5070812      0              1.8096927      17.416579      2261.4141    
     20200   135.65896      30.743206      14.55745       45.300656      6.2377028      5.5503147      0              2.4354523      16.519736     -589.8059     
     20300   149.61715      29.728362      16.055291      45.783654      6.0072274      5.3767256      0              1.6791552      16.665254     -225.70458    
     20400   129.80362      32.417458      13.929118      46.346576      7.0681617      6.1330751      0              2.9936641      16.222558     -12.661649    
     20500   145.97282      31.254391      15.664221      46.918612      7.4668992      4.6116474      0              1.8450603      17.330784      1774.2067    
     20600   119.26729      34.626965      12.798473      47.425438      6.8054753      8.9248112      0              2.7897775      16.106901      1859.6432    
     20700   149.56869      31.66487       16.05009       47.71496       5.5886362      6.5850621      0              3.3435702      16.147602      896.84115    
     20800   198.16075      26.544542      21.264464      47.809006      4.089324       2.9866524      0              2.560452       16.908114      225.50505    
     20900   152.45046      31.446151      16.359331      47.805482      5.9017137      5.7044748      0              2.9580715      16.881891     -736.42625    
     21000   149.23365      31.717185      16.014137      47.731323      4.367596       6.8266121      0              3.8078249      16.715152     -678.2492     
     21100   160.63545      30.471705      17.237655      47.70936       5.1471639      6.469661       0              1.6694708      17.185409      724.50244    
     21200   152.67265      31.357129      16.383174      47.740303      4.8370721      7.000804       0              2.6658589      16.853394     -1040.8255    
     21300   159.40277      30.654862      17.105378      47.76024       6.5951281      4.6108226      0              2.9222984      16.526613      2357.9596    
     21400   136.3397       33.122174      14.630499      47.752673      8.4178918      5.0745508      0              3.4388092      16.190922      1677.2595    
     21500   164.89305      29.923637      17.694535      47.618173      5.8717713      7.0205957      0              1.4011338      15.630137     -631.7514     
     21600   155.9332       30.691404      16.733061      47.424465      4.3382155      6.6136587      0              3.6348913      16.104638     -1400.5791    
     21700   139.09725      32.340476      14.92641       47.266886      4.1402091      7.6626907      0              3.4516062      17.08597       1006.0617    
     21800   144.12938      31.707984      15.466403      47.174387      6.157953       6.2014349      0              2.4062172      16.942379     -897.69414    
     21900   143.97058      31.732522      15.449362      47.181884      6.7083298      5.966969       0              2.5350573      16.522166     -607.15806    
     22000   159.86986      30.028416      17.1555        47.183916      5.4910001      6.0945145      0              2.2064236      16.236478      1063.6046    
     22100   143.97053      31.705628      15.449357      47.154985      6.6375719      7.1503662      0              1.4220871      16.495603      1365.5999    
     22200   132.64594      32.794429      14.234125      47.028554      5.1579867      7.3795899      0              4.2370152      16.019837      1207.4029    
     22300   131.5866       32.721484      14.120448      46.841932      6.2711565      6.7134896      0              3.1095945      16.627244      1564.1888    
     22400   141.87834      31.335496      15.224846      46.560342      7.4934859      5.2483188      0              2.3479754      16.245716     -2658.0552    
     22500   154.31486      29.711016      16.559399      46.270415      5.5111047      6.2525334      0              1.4015096      16.545868     -631.75096    
     22600   164.21795      28.438093      17.62209       46.060183      3.8184767      5.5322571      0              2.5808385      16.50652       392.47891    
     22700   152.18681      29.593793      16.331038      45.924832      5.2070941      6.298484       0              1.8591225      16.229093     -845.88772    
     22800   135.23176      31.289265      14.511607      45.800873      5.1834162      6.835984       0              2.5192745      16.750591      95.198164    
     22900   141.28127      30.578481      15.160775      45.739256      5.3617141      5.7356036      0              3.330645       16.150518     -814.99107    
     23000   147.46716      29.90725       15.824578      45.731828      6.3396733      5.1172863      0              2.8393789      15.610911     -1352.5848    
     23100   156.64569      29.043465      16.809518      45.852983      4.729743       6.3504903      0              2.1978188      15.765413     -257.80961    
     23200   131.55674      32.095632      14.117243      46.212875      4.8446972      6.1118034      0              4.2810843      16.858047      955.81721    
     23300   153.03948      30.386416      16.422539      46.808955      4.6186638      5.8784152      0              3.7338158      16.155522     -818.21336    
     23400   165.23143      29.944263      17.730846      47.675109      5.7318036      6.2495184      0              2.1987973      15.764144      1008.9818    
     23500   142.75398      33.282621      15.31881       48.601431      6.4765512      8.0423975      0              3.4459018      15.31777       30.363899    
     23600   158.74235      32.317916      17.034509      49.352425      6.9331891      7.1377333      0              1.7108701      16.536124      289.96641    
     23700   170.07395      31.666103      18.250492      49.916595      6.1642044      5.7942759      0              1.5867354      18.120887      4387.9335    
     23800   189.21704      30.023181      20.304722      50.327903      4.6840739      5.3268877      0              2.8722719      17.139947      3085.2424    
     23900   167.7109       32.577309      17.996916      50.574225      7.1268346      4.9281535      0              4.4345733      16.087747     -671.1751     
     24000   167.24782      32.772478      17.947223      50.719701      8.6816676      6.384618       0              1.4073983      16.298794     -2899.4938    
     24100   150.39639      34.456401      16.13891       50.595311      6.9775688      5.7079454      0              3.5693261      18.201561     -524.21212    
     24200   159.88653      33.117666      17.15729       50.274956      6.4892627      6.7444305      0              2.2404662      17.643507     -407.2099     
     24300   172.43591      31.252691      18.503953      49.756644      5.3565563      7.1920033      0              1.7317484      16.972383      2193.641     
     24400   173.32825      30.200313      18.599709      48.800022      5.3762453      7.3732405      0              1.3336158      16.117211      904.16023    
     24500   157.76476      30.428651      16.929604      47.358255      5.4222972      5.5263908      0              3.4693851      16.010578      110.00579    
     24600   137.48369      31.0996        14.75326       45.852859      4.8917266      7.0613684      0              3.2525991      15.893905      28.602168    
     24700   147.06984      28.857215      15.781941      44.639156      5.7860023      5.7114187      0              1.3141202      16.045674      49.470502    
     24800   119.17436      31.008066      12.788501      43.796566      6.8566073      6.4822879      0              1.821384       15.847786      128.05594    
     24900   134.21969      28.832715      14.403003      43.235718      4.6676538      5.4505162      0              2.2274818      16.487064     -915.46913    
     25000   130.30307      28.991045      13.982713      42.973758      5.3118626      4.4933643      0              2.0475032      17.138315     -1129.703     
     25100   108.37317      31.343558      11.629434      42.972992      5.1274084      8.2358356      0              2.1614502      15.818863     -1247.5006    
     25200   127.24088      29.591736      13.654112      43.245848      5.6471555      5.7204081      0              2.2226719      16.001501     -1061.83      
     25300   117.73021      31.227143      12.63353       43.860674      5.4230924      5.0643668      0              3.429135       17.310549      491.95685    
     25400   110.10429      32.884345      11.815199      44.699544      5.0220819      8.2444517      0              2.895296       16.722516      770.9358     
     25500   150.13956      29.669067      16.11135       45.780418      3.6819839      7.0489148      0              2.9551214      15.983047      1435.5642    
     25600   136.94511      32.298419      14.695465      46.993884      7.7450218      6.4667333      0              2.6890676      15.397597     -2580.4123    
     25700   135.69741      33.395002      14.561576      47.956578      6.6604955      6.8666558      0              2.9562085      16.911642      73.733504    
     25800   163.58913      30.962372      17.554613      48.516985      5.3223173      6.2158851      0              2.2695467      17.154623      937.32243    
     25900   168.61351      30.688034      18.093774      48.781809      4.5542247      8.932749       0              0.95686235     16.244198      646.70202    
     26000   136.95024      34.181448      14.696015      48.877463      6.5137968      9.1591249      0              2.5204042      15.988122     -915.13625    
     26100   164.22887      31.186828      17.623263      48.810091      4.3999566      6.3088849      0              3.1019736      17.376013      945.63832    
     26200   138.4992       33.784474      14.862234      48.646708      6.7245016      5.6232891      0              3.5372708      17.899413      2610.5061    
     26300   132.96761      34.267597      14.268643      48.53624       7.1897594      8.0922894      0              3.2986832      15.686865     -453.94668    
     26400   159.14537      31.28547       17.077757      48.363227      6.496501       5.1437978      0              2.7365876      16.908584      926.94862    
     26500   158.06825      31.074136      16.962172      48.036307      7.4134106      3.8237365      0              3.0142369      16.822752     -1717.0973    
     26600   156.98802      30.801514      16.846252      47.647767      4.965356       4.3516932      0              4.6728056      16.81166       651.93703    
     26700   125.48767      33.817764      13.465976      47.28374       6.457218       6.6196896      0              3.1376108      17.603245      2606.7578    
     26800   167.74938      28.973253      18.001045      46.974298      4.7317668      5.0010636      0              2.1306106      17.109812     -1443.4618    
     26900   158.49095      29.670818      17.007531      46.678349      5.2579187      3.9903883      0              3.7877306      16.63478       531.8037     
     27000   126.62098      32.742921      13.587591      46.330512      6.4327103      7.9948825      0              2.7998626      15.515466     -1517.7927    
     27100   134.49141      31.41114       14.43216       45.843301      7.1911637      6.3704827      0              1.7883163      16.061178      52.235346    
     27200   159.31488      28.07233       17.095946      45.168276      3.7500325      6.0512365      0              1.232485       17.038576      907.62374    
     27300   122.76367      31.179811      13.173666      44.353477      5.2371357      7.1424209      0              1.8835346      16.91672       1445.3972    
     27400   132.46611      29.210959      14.214828      43.425786      4.0204888      5.9869326      0              2.8659612      16.337576      301.38787    
     27500   132.0423       28.376689      14.169348      42.546038      4.7574294      4.7616672      0              3.1840182      15.673575     -1012.9289    
     27600   132.72357      27.547908      14.242455      41.790363      4.9249864      3.9520364      0              2.5674495      16.103436     -239.42409    
     27700   136.59         26.590408      14.657359      41.247767      5.8916816      2.5530356      0              1.8884006      16.25729      -1187.4873    
     27800   116.76178      28.433399      12.529608      40.963007      5.9888809      4.6158182      0              1.9857245      15.842975     -2551.4395    
     27900   105.28304      29.704802      11.297834      41.002637      4.4491842      5.2033291      0              3.5276781      16.524611     -442.15124    
     28000   126.99021      27.8124        13.627213      41.439612      3.6130749      3.3393444      0              3.8742281      16.985752     -709.38235    
     28100   121.33051      29.389747      13.019875      42.409622      5.0024878      4.9456894      0              2.3717075      17.069863     -335.93686    
     28200   132.85503      29.645502      14.256562      43.902064      5.8781792      5.30088        0              1.9560963      16.510347     -1788.4917    
     28300   136.47291      30.776277      14.644793      45.42107       7.1229475      5.5609503      0              1.6599354      16.432443     -366.80281    
     28400   121.5008       33.52492       13.038149      46.563068      6.9664363      7.6419416      0              1.3704497      17.546092      735.39426    
     28500   133.5244       33.037941      14.328391      47.366332      6.489228       6.72413        0              2.8593984      16.965184     -414.99307    
     28600   147.82688      32.141387      15.863179      48.004566      5.2679085      7.6654946      0              2.9183457      16.289639      194.46291    
     28700   175.88973      29.536997      18.87458       48.411577      5.1960595      5.4259494      0              2.4769311      16.438057      1201.945     
     28800   165.8464       30.837048      17.796839      48.633886      4.3036355      5.6659763      0              3.7314834      17.135952      2953.51      
     28900   159.57923      31.623028      17.124313      48.747341      5.5127294      5.0284453      0              4.7096297      16.372224      393.7931     
     29000   140.61994      33.731325      15.089808      48.821133      7.400505       8.2130283      0              2.3267332      15.791059     -9.5031447    
     29100   137.12657      34.144997      14.714937      48.859935      6.3004639      6.7927889      0              5.2978645      15.75388      -1953.1191    
     29200   181.36273      29.321707      19.461883      48.78359       4.7581198      5.1460108      0              2.0454733      17.372103      2756.2281    
     29300   149.11006      32.569787      16.000876      48.570663      6.2158434      6.1025897      0              1.9739146      18.27744       1439.1059    
     29400   147.27582      32.4216        15.804044      48.225644      4.0908282      7.8232304      0              2.9970408      17.5105       -713.08177    
     29500   176.28167      28.780103      18.916638      47.696742      3.2659424      5.677345       0              3.0766175      16.760198      472.03864    
     29600   150.37114      30.733851      16.136201      46.870052      5.5915528      6.4062431      0              2.7332096      16.002846     -1994.7992    
     29700   157.51623      29.007542      16.902935      45.910477      4.8705785      6.2860442      0              1.7439589      16.10696      -1831.416     
     29800   148.40991      29.026701      15.925743      44.952444      4.9211595      6.8457211      0              1.4441925      15.815628     -303.48566    
     29900   131.24451      29.915774      14.083739      43.999513      5.6344877      5.9620258      0              2.6328586      15.686402      157.61392    
     30000   135.1478       28.623015      14.502597      43.125612      3.6261819      6.5724867      0              1.4652565      16.95909       2386.53      
     30100   136.31968      27.808829      14.628351      42.437179      4.1800806      4.7175628      0              1.79508        17.116105      409.18523    
     30200   106.5924       30.630004      11.438341      42.068345      4.0336392      5.8461592      0              4.8082524      15.941953     -513.19159    
     30300   107.23687      30.477633      11.507499      41.985131      4.9411317      5.8359943      0              4.1698858      15.530621     -955.61747    
     30400   142.04691      26.925746      15.242934      42.168681      3.7273344      4.6284839      0              2.194827       16.375101      188.04498    
     30500   108.90648      30.992571      11.686663      42.679234      5.9287103      5.9149641      0              2.2958203      16.853076     -78.94785     
     30600   129.26658      29.80543       13.871489      43.676919      4.4672565      6.6560255      0              2.1395171      16.542631      1813.9419    
     30700   154.41981      28.821638      16.57066       45.392299      4.794468       5.3041218      0              2.6685601      16.054488     -735.23612    
     30800   153.23009      31.057757      16.442993      47.500749      4.3140487      6.321079       0              2.7554469      17.667182      204.00944    
     30900   153.77942      32.514811      16.501941      49.016752      5.3660248      7.4274222      0              3.1177882      16.603576      395.23134    
     31000   163.90749      32.263809      17.588776      49.852585      4.0574379      7.7638575      0              4.1134008      16.329113     -180.35859    
     31100   167.8208       32.269351      18.008709      50.27806       5.0767002      6.2474082      0              4.0121289      16.933113      1221.0802    
     31200   176.25347      31.462203      18.913612      50.375815      4.4947988      6.9522199      0              2.725629       17.289555      993.05776    
     31300   158.90053      33.080753      17.051483      50.132236      5.5972347      5.6531288      0              4.4325737      17.397816      2396.6827    
     31400   159.80736      32.471951      17.148794      49.620745      5.2930495      7.6870652      0              2.1280718      17.363765      1935.8715    
     31500   138.77421      34.095398      14.891744      48.987142      4.9076576      6.9640409      0              3.8839245      18.339775      2003.0856    
     31600   130.1573       34.340844      13.967071      48.307916      7.4828415      5.5818686      0              4.5720459      16.704088     -891.65357    
     31700   122.70587      34.438697      13.167464      47.606161      5.4235576      6.8691117      0              4.9644153      17.181612      1373.0394    
     31800   141.94345      31.747393      15.231833      46.979226      5.2936174      6.6092787      0              3.565414       16.279083     -456.42105    
     31900   152.82665      30.003744      16.3997        46.403444      5.930194       5.4911718      0              2.195748       16.38663      -199.87351    
     32000   145.28907      30.169003      15.590848      45.759851      5.4302818      4.7710541      0              3.6844858      16.283181      84.636688    
     32100   172.18802      26.548802      18.477352      45.026154      3.0750072      5.5845391      0              1.4443302      16.444926      1995.166     
     32200   141.92071      29.118994      15.229393      44.348387      5.6944464      3.8570394      0              3.2542979      16.31321      -947.24647    
     32300   146.58446      27.91486       15.729855      43.644715      4.202726       6.4854793      0              1.7227099      15.503945     -1765.2698    
     32400   138.37567      28.104423      14.848977      42.953399      3.3472069      6.0021071      0              2.5820221      16.173087     -700.22025    
     32500   128.97428      28.543856      13.840122      42.383979      4.5860108      4.6100579      0              3.4658465      15.881941     -1832.7602    
     32600   114.63568      29.641979      12.301459      41.943438      5.3633252      4.9826944      0              2.5384707      16.757489      536.98118    
     32700   103.47636      30.519036      11.103962      41.622998      7.0001048      4.6409396      0              2.7191106      16.158881     -1584.7476    
     32800   123.20726      28.183148      13.221268      41.404416      6.0014808      4.5740757      0              1.573561       16.034031      236.79836    
     32900   135.56066      26.778179      14.546901      41.32508       4.0758416      2.9153672      0              3.7935313      15.993439     -1466.4168    
     33000   118.06565      28.844035      12.669526      41.513561      2.7200188      6.6169828      0              3.1541609      16.352872     -163.48788    
     33100   136.89272      27.432837      14.689843      42.122679      4.154523       4.7489576      0              2.0527022      16.476654     -140.53895    
     33200   138.96524      28.280494      14.912243      43.192737      4.6036489      5.4405947      0              1.9778072      16.258443     -1156.1077    
     33300   152.30526      28.20433       16.34375       44.54808       4.5626144      4.7750669      0              2.4201535      16.446495     -157.40651    
     33400   141.66724      30.760284      15.202193      45.962477      6.7178964      5.2294532      0              2.8573319      15.955603     -572.41206    
     33500   122.90952      33.987617      13.189318      47.176935      8.1175879      7.6811893      0              2.1728624      16.015978     -1326.327     
     33600   153.75788      31.707436      16.499629      48.207065      6.7454493      5.641523       0              3.3434404      15.977023      1414.9409    
     33700   171.73362      30.626819      18.428591      49.05541       5.5586778      5.4486155      0              3.6802957      15.93923      -18.690721    
     33800   163.59577      32.015389      17.555325      49.570715      5.990267       6.5196299      0              2.8451098      16.660383      2372.2237    
     33900   141.2669       34.620887      15.159232      49.780119      8.2200459      6.3606504      0              4.0682032      15.971987      190.35829    
     34000   127.33541      36.133698      13.664257      49.797955      6.9979785      8.9850539      0              3.0097215      17.140944     -277.09944    
     34100   131.35421      35.635423      14.09551       49.730933      7.2746434      8.512265       0              3.4012686      16.447246     -1593.7568    
     34200   145.97696      33.932698      15.664665      49.597363      6.4072217      7.0844909      0              3.2147608      17.226225      540.6665     
     34300   160.62091      32.031096      17.236095      49.267191      8.4101404      4.0902473      0              3.4819634      16.048745     -2511.9778    
     34400   169.27984      30.434464      18.165278      48.599742      6.2250299      4.3023547      0              2.8121403      17.094939      1191.1826    
     34500   147.91049      31.775091      15.87215       47.647242      6.3502795      5.0829168      0              3.0664898      17.275405      2136.6537    
     34600   140.17468      31.456793      15.042028      46.49882       4.8366388      6.8847834      0              2.4477807      17.28759       723.20435    
     34700   141.29369      30.138306      15.162108      45.300414      6.1922534      4.8309445      0              2.3309832      16.784125      730.69118    
     34800   114.14659      31.962919      12.248975      44.211894      6.2752578      6.9244634      0              3.3807127      15.382486     -1029.5703    
     34900   128.48868      29.58722       13.788013      43.375233      4.9416835      3.9896921      0              3.4489454      17.206899      847.01612    
     35000   121.54903      29.840885      13.043325      42.88421       4.8157058      4.5391693      0              3.9116283      16.574382     -780.55066    
     35100   137.66715      27.965818      14.772947      42.738765      4.314893       4.0763798      0              2.8492889      16.725257     -987.13125    
     35200   133.33063      28.595165      14.307598      42.902763      4.7695752      4.0435147      0              3.278506       16.503569     -253.10372    
     35300   111.60515      31.379448      11.976255      43.355703      7.3959978      5.3354976      0              3.1176585      15.530294     -949.82424    
     35400   128.91057      30.237988      13.833285      44.071273      5.1649572      5.5719846      0              2.6660913      16.834955      750.51687    
     35500   126.5893       31.439831      13.584192      45.024022      7.714528       6.1017733      0              2.546376       15.077153     -2329.1431    
     35600   136.68526      31.45997       14.66758       46.127551      7.0766661      5.0138939      0              3.9986504      15.37076      -1823.229     
     35700   159.8404       29.997906      17.15234       47.150246      6.3858015      5.0623991      0              3.3029517      15.246754     -2016.3691    
     35800   175.70123      28.974221      18.854352      47.828573      4.1711397      4.4164288      0              4.1458381      16.240814     -1062.1154    
     35900   153.41665      31.701002      16.463012      48.164014      5.0045162      5.7421219      0              5.3646505      15.589713     -1175.0288    
     36000   132.50323      34.061779      14.218811      48.28059       6.933199       5.7811265      0              5.3030266      16.044427      745.97525    
     36100   137.19527      33.556255      14.72231       48.278565      6.4340773      6.5468003      0              4.7362947      15.839083      410.91644    
     36200   153.34837      31.75092       16.455685      48.206606      4.2255277      5.1286226      0              5.5485612      16.848209      1215.7598    
     36300   148.3995       32.166799      15.924626      48.091425      5.5323876      6.6866921      0              3.6020011      16.345718      57.931161    
     36400   178.66281      28.786825      19.172156      47.958981      3.959428       5.9845902      0              2.6468987      16.195908     -468.71975    
     36500   165.97358      30.075971      17.810486      47.886456      4.3332         6.6487376      0              1.9378035      17.156229      109.09433    
     36600   155.33144      31.128115      16.668487      47.796602      5.1690336      5.7035089      0              3.4064292      16.849144      209.56759    
     36700   168.98779      29.517603      18.133938      47.651541      6.1513745      4.1495377      0              1.8467548      17.369936     -15.572171    
     36800   165.39778      29.634567      17.748697      47.383264      6.5514835      5.9444696      0              1.3896893      15.748925     -727.50188    
     36900   155.16105      30.375561      16.650202      47.025763      6.2001801      5.8095518      0              1.9106349      16.455194      55.2855      
     37000   145.09669      31.06684       15.570204      46.637044      5.195673       6.6515226      0              1.9389051      17.280739      1808.1638    
     37100   157.24943      29.299158      16.874305      46.173462      4.9898206      5.3405445      0              2.8701672      16.098625      1095.1243    
     37200   135.50635      31.023495      14.541073      45.564568      6.5949769      5.4523354      0              2.8993073      16.076875     -261.56905    
     37300   132.39431      30.623101      14.207122      44.830223      5.9645838      6.206503       0              3.0139514      15.438063     -574.91311    
     37400   140.53318      28.951763      15.080498      44.032261      4.8611084      4.2413681      0              1.324798       18.524488      2215.5948    
     37500   156.36655      26.528264      16.779563      43.307827      3.6152754      4.8658208      0              1.3216392      16.725529      970.67417    
     37600   135.11933      28.224377      14.499542      42.723919      3.7476937      5.2273193      0              2.5312816      16.718082      1151.1258    
     37700   129.84877      28.393464      13.933963      42.327428      4.7217166      3.8539545      0              2.1980562      17.619737      1381.6455    
     37800   135.09098      27.620755      14.4965        42.117255      3.9331239      4.479785       0              2.0887947      17.119052      179.90715    
     37900   133.89704      27.806486      14.368379      42.174866      2.6740159      5.172238       0              2.9797879      16.980445      676.30575    
     38000   133.89476      28.272613      14.368134      42.640747      4.0670082      5.136493       0              2.9334466      16.135665     -1278.2864    
     38100   137.30026      28.943448      14.733576      43.677024      4.942559       4.6512833      0              2.4006841      16.948921      185.15166    
     38200   120.88308      32.277516      12.971862      45.249378      5.3679198      6.2688949      0              3.3143942      17.326307     -499.25332    
     38300   143.60911      31.616285      15.410573      47.026859      7.2513699      5.2056051      0              2.4138309      16.745479     -1375.7541    
     38400   166.03414      30.607111      17.816984      48.424095      7.7135156      6.0492473      0              1.0167513      15.827597     -1262.0727    
     38500   181.81512      29.868355      19.510428      49.378783      8.7964824      3.5291611      0              1.6716322      15.871079     -4053.7202    
     38600   169.6232       31.673866      18.202123      49.875989      5.8895641      4.7959462      0              4.2891767      16.699179     -451.80502    
     38700   162.35782      32.556067      17.422482      49.978549      6.5560278      5.1855222      0              4.2739028      16.540614      1133.7156    
     38800   159.52601      32.643285      17.118602      49.761888      6.1380828      7.4824557      0              3.1510747      15.871672     -337.46061    
     38900   149.33074      33.406981      16.024556      49.431538      6.6792413      5.6219345      0              4.8738727      16.231933     -247.08465    
     39000   156.43969      32.216665      16.787412      49.004076      5.0086882      6.4718924      0              3.5467107      17.189374      2027.1763    
     39100   150.34349      32.181426      16.133234      48.31466       6.3106823      5.9593276      0              3.8615563      16.049859     -355.17079    
     39200   144.52204      31.86836       15.508539      47.376898      4.3615393      7.939198       0              3.3208929      16.246729      1419.2381    
     39300   134.67058      31.927681      14.451387      46.379068      4.820796       6.5565877      0              3.1546484      17.395649      598.68299    
     39400   133.42418      31.217616      14.317637      45.535253      5.5912447      4.99209        0              3.0887346      17.545546      888.73878    
     39500   153.80911      28.352038      16.505127      44.857165      3.5909653      4.2473591      0              2.8289636      17.68475       2806.0725    
     39600   143.24799      29.015768      15.371822      44.38759       4.9035972      5.084689       0              2.8263522      16.201129      18.271727    
     39700   151.79341      27.785113      16.288823      44.073937      5.4902256      3.5845603      0              2.1758837      16.534443      1043.7648    
     39800   119.81482      30.952716      12.857228      43.809944      4.7732032      5.3865658      0              3.5340146      17.258932     -770.76823    
     39900   107.61998      32.129088      11.548609      43.677698      4.8561279      7.25992        0              4.4454423      15.567598      523.97437    
     40000   113.7725       31.538203      12.208832      43.747035      6.1980761      6.6059813      0              3.0449466      15.689199      98.925199    
     40100   155.25324      27.505305      16.660095      44.1654        5.1018096      4.5687505      0              2.2981807      15.536564     -1373.027     
     40200   152.15514      28.791493      16.327641      45.119133      4.8216024      5.6555904      0              1.9681321      16.346168     -310.90615    
     40300   142.74045      31.315882      15.317358      46.63324       3.7167968      6.8660388      0              4.5017417      16.231305      2332.0392    
     40400   148.74         32.585186      15.961165      48.546351      7.0975519      6.261308       0              3.5083975      15.717929     -435.54024    
     40500   168.41169      32.211865      18.072117      50.283982      7.3053524      6.2894237      0              2.3603443      16.256744      1571.3929    
     40600   177.44276      32.356948      19.041234      51.398182      7.4517003      5.7564926      0              2.9132112      16.235544     -423.50941    
     40700   170.36879      33.7577        18.282132      52.039832      5.895343       8.5031805      0              2.8520312      16.507145     -1095.7625    
     40800   187.8733       32.194097      20.160526      52.354623      4.6434692      6.2309603      0              3.7502787      17.569389      380.15996    
     40900   150.18185      36.306533      16.115889      52.422422      7.8714533      5.4518877      0              4.0715574      18.911635     -1545.8303    
     41000   170.02554      34.141009      18.245298      52.386307      6.1008137      6.5220229      0              2.7614688      18.756704      1631.9163    
     41100   171.03733      33.881376      18.353873      52.235248      6.2131852      8.3690026      0              2.18078        17.118408      1135.0913    
     41200   171.45187      33.455804      18.398357      51.854161      6.2287532      5.7458824      0              3.7885623      17.692606      515.89089    
     41300   180.51998      31.698293      19.371448      51.069741      4.0650741      5.2215773      0              4.8611235      17.550518      1603.1605    
     41400   154.06253      33.319929      16.532321      49.85225       6.448245       7.0422999      0              3.9633118      15.866072     -1006.5359    
     41500   140.68084      33.408038      15.096343      48.504382      6.1694852      7.7260815      0              3.3260577      16.186414      654.90199    
     41600   140.71381      32.182555      15.099881      47.282437      4.6030268      7.7338307      0              3.2102075      16.63549       874.54967    
     41700   137.67951      31.482524      14.774273      46.256797      6.125151       5.7238197      0              3.7466683      15.886885     -685.07294    
     41800   117.02956      33.022808      12.558344      45.581153      5.4615997      7.1879215      0              3.9912023      16.382085      1038.8293    
     41900   108.79394      33.539565      11.674586      45.214151      6.2607083      8.1953375      0              3.1518513      15.931668     -750.70817    
     42000   127.52908      31.349586      13.685039      45.034626      6.2023354      5.7098497      0              3.3549769      16.082424     -1340.1445    
     42100   133.82739      30.648499      14.360905      45.009404      5.5506905      5.7148969      0              2.4002936      16.982618      439.53913    
     42200   147.27646      29.289181      15.804114      45.093294      7.1756422      4.1545083      0              1.9301849      16.028845     -1595.9145    
     42300   141.09985      30.128167      15.141306      45.269473      6.7715903      5.320719       0              2.1682665      15.867591     -2497.44      
     42400   141.79023      30.283503      15.215391      45.498894      5.3144178      5.8970778      0              2.0516589      17.020348      1204.5018    
     42500   143.32614      30.366368      15.380208      45.746576      7.174968       4.907796       0              1.7315595      16.552045     -874.84108    
     42600   154.68087      29.470217      16.598674      46.068891      6.0369028      4.9744957      0              2.1266645      16.332154     -563.08667    
     42700   169.25781      28.216995      18.162913      46.379908      5.6414426      4.6647491      0              1.5746695      16.336134      953.945      
     42800   158.25446      29.597212      16.982153      46.579365      6.5263519      5.960546       0              1.6272976      15.483017     -834.15172    
     42900   167.52877      28.6563        17.977372      46.633672      6.6390305      4.8246478      0              1.0392109      16.153411      1736.6326    
     43000   169.2049       28.404642      18.157236      46.561878      5.888633       3.9913445      0              2.1936274      16.331037      1541.7513    
     43100   149.12404      30.48155       16.002375      46.483926      6.4349074      6.2155689      0              1.576084       16.25499       460.36703    
     43200   137.49649      31.759876      14.754633      46.514509      5.2700193      7.6035816      0              2.6019189      16.284356      1785.3423    
     43300   142.80105      31.270771      15.323861      46.594632      7.1031747      5.3159081      0              2.3409501      16.510738     -64.054039    
     43400   150.75837      30.439511      16.177754      46.617266      7.5280186      3.7756796      0              2.2869491      16.848864      473.48363    
     43500   158.44824      29.586521      17.002947      46.589469      6.3514645      4.7172923      0              2.7345041      15.783261     -1022.3624    
     43600   146.21184      30.86138       15.689871      46.551251      7.4649293      5.6029602      0              1.3696291      16.423862     -2555.5703    
     43700   132.19711      32.383714      14.185961      46.569675      7.1713062      6.791839       0              1.3154438      17.105125     -784.17983    
     43800   149.83569      30.610002      16.078742      46.688744      6.0718866      4.4078321      0              3.2618568      16.868426      290.11891    
     43900   156.72516      30.020148      16.818046      46.838193      6.8461794      5.0678734      0              2.147712       15.958383     -1272.5903    
     44000   157.86612      29.95349       16.940481      46.893971      5.0785651      4.3063293      0              3.4661634      17.102432      896.78116    
     44100   167.24059      28.892512      17.946448      46.83896       6.3136755      4.3547004      0              1.7204652      16.503671     -152.85713    
     44200   136.28292      32.11095       14.624406      46.735355      5.7089272      6.8355035      0              2.8458088      16.72071      -705.5889     
     44300   155.08634      30.050037      16.642186      46.692223      4.1415599      5.9966134      0              1.7225716      18.189292      2003.3604    
     44400   128.12968      33.105834      13.749488      46.855322      6.196697       7.1178453      0              2.4549869      17.336305     -705.05963    
     44500   118.96098      34.396387      12.765603      47.16199       8.9559484      5.6905259      0              2.7056421      17.044271     -1433.819     
     44600   162.21185      30.107239      17.406818      47.514057      5.4353835      4.1007854      0              3.4507748      17.120295      1437.8285    
     44700   166.68051      29.963018      17.886346      47.849364      5.6939413      5.2039533      0              2.116083       16.94904       393.04839    
     44800   153.47707      31.638859      16.469496      48.108355      8.1718828      4.6992465      0              1.4690452      17.298685      1139.8444    
     44900   148.56322      32.427494      15.942195      48.369689      5.9409664      6.7877001      0              2.9835263      16.715301     -739.79949    
     45000   158.59025      31.775343      17.018187      48.79353       4.5447285      6.8227537      0              3.1821613      17.2257        1713.0545    
     45100   177.20038      30.518036      19.015224      49.53326       5.3412914      4.7251133      0              3.6574741      16.794157     -276.42795    
     45200   177.12917      31.412855      19.007582      50.420438      6.0581995      6.7190194      0              1.6833373      16.952299     -831.3641     
     45300   169.23171      32.984486      18.160113      51.144599      9.2878099      3.9988685      0              2.6602986      17.037509      285.6889     
     45400   184.18262      31.775334      19.764482      51.539816      6.4902498      5.2213021      0              2.5002426      17.563539      306.86375    
     45500   176.47875      32.62897       18.937787      51.566757      5.9005706      7.7431374      0              2.3769306      16.608332      154.03638    
     45600   169.31918      33.078311      18.169499      51.24781       6.6083056      7.1648707      0              2.9147929      16.390342     -414.62367    
     45700   169.91196      32.252114      18.23311       50.485224      7.0804312      7.0774728      0              2.7925819      15.301628     -848.45318    
     45800   155.53554      32.458979      16.690388      49.149367      5.2283259      8.1511667      0              3.5425067      15.53698      -321.8791     
     45900   157.03554      30.740026      16.851352      47.591378      6.2356645      5.6617085      0              3.3336363      15.509016      320.40049    
     46000   138.2157       31.315577      14.831811      46.147388      5.6520368      7.8549688      0              3.3815877      14.426984     -2013.9611    
     46100   135.29364      30.53717       14.518247      45.055418      6.2323289      6.9564971      0              1.4241618      15.924183      441.08644    
     46200   113.56022      32.25516       12.186052      44.441212      8.5968218      6.4558794      0              2.751706       14.450753     -2388.0207    
     46300   144.44113      28.614735      15.499857      44.114592      4.8507626      7.2129733      0              1.6919684      14.859031     -1599.7752    
     46400   152.15733      27.76998       16.327875      44.097856      3.5665506      6.9172538      0              1.7395769      15.546599      191.36088    
     46500   138.43244      29.545879      14.855069      44.400949      7.0468598      5.0613547      0              2.0081489      15.429516     -730.35986    
     46600   134.69235      30.448368      14.453723      44.90209       6.7051046      4.8409814      0              2.4541415      16.44814       2037.2103    
     46700   149.74088      29.431448      16.068568      45.500016      5.3247015      6.254225       0              2.5600782      15.292444      359.33933    
     46800   162.71538      28.692191      17.460851      46.153042      5.180199       5.6017051      0              2.3737687      15.536519     -1027.4126    
     46900   138.60257      32.030983      14.873326      46.904309      7.184466       6.3631742      0              2.1691224      16.31422       1918.8577    
     47000   134.95836      33.300868      14.482268      47.783136      7.1144948      7.2232598      0              2.2466874      16.716426     -764.43713    
     47100   166.72094      30.697655      17.890684      48.588339      6.9580678      5.9057811      0              1.3734268      16.460379      932.26436    
     47200   173.34468      30.581683      18.601473      49.183155      6.3465744      5.3327876      0              2.7488315      16.153489      1860.4716    
     47300   157.39351      32.683299      16.889766      49.573065      6.9199745      7.1025982      0              2.032911       16.627816     -321.9965     
     47400   156.68656      32.836682      16.813904      49.650586      6.7678896      7.421709       0              2.3497323      16.297351      902.86625    
     47500   152.57792      33.003642      16.373008      49.376651      7.313862       6.6937176      0              2.2707739      16.725289      1569.4952    
     47600   160.82064      31.675534      17.257528      48.933062      4.954209       7.5902281      0              2.8581304      16.272967      1614.6634    
     47700   158.66002      31.483397      17.025673      48.50907       6.1696234      6.5261097      0              2.7410823      16.046581      315.6762     
     47800   179.15423      28.973506      19.22489       48.198396      5.1469778      5.6687369      0              1.9798118      16.177979      440.98576    
     47900   175.69931      29.037953      18.854146      47.892099      5.5166114      4.9955091      0              2.2882411      16.237592      1880.1379    
     48000   175.69707      28.686824      18.853905      47.540729      5.2880737      5.3314331      0              2.1800924      15.887224     -1165.9436    
     48100   157.74414      30.251929      16.927392      47.179321      6.39903        5.7113725      0              1.586812       16.554714     -394.52799    
     48200   142.55343      31.543299      15.297289      46.840588      7.4230619      5.6785122      0              1.5462757      16.895449     -1456.1526    
     48300   146.48722      30.899145      15.719421      46.618566      5.8127226      6.3834819      0              2.1914444      16.511496      406.3289     
     48400   147.79689      30.721439      15.859961      46.5814        6.847903       4.8689573      0              1.9267728      17.077806     -415.51118    
     48500   144.08561      31.179301      15.461706      46.641007      6.4323137      7.2653312      0              1.3524241      16.129232     -2147.1531    
     48600   154.5408       30.076246      16.583643      46.659889      5.5717641      5.9432803      0              2.1131193      16.448082      726.51186    
     48700   157.88157      29.664785      16.942139      46.606923      5.9492179      5.4971467      0              2.1000347      16.118385      108.03986    
     48800   150.42189      30.311724      16.141647      46.453371      6.4019516      6.2982922      0              1.5039884      16.107492     -1350.2349    
     48900   137.67677      31.446469      14.773979      46.220447      5.5195238      7.4202256      0              1.6550478      16.851671     -379.9825     
     49000   140.66356      30.887599      15.094489      45.982088      7.8719254      3.9432503      0              2.1883017      16.884122      1569.0154    
     49100   145.99923      30.043749      15.667055      45.710805      4.9860576      6.4829834      0              2.258395       16.316313     -937.98792    
     49200   143.77867      29.998103      15.428769      45.426872      5.5890679      5.6046019      0              2.436151       16.368282      545.50222    
     49300   134.15139      30.786637      14.395673      45.18231       6.9033931      5.8739551      0              1.8153263      16.193962      495.96177    
     49400   141.58321      29.829537      15.193176      45.022713      5.5964751      5.3640739      0              2.5748182      16.29417      -392.62485    
     49500   157.45702      27.938565      16.896581      44.835146      4.9165921      5.587997       0              1.1396295      16.294346      433.49614    
     49600   144.3364       29.125262      15.488618      44.61388       5.1679946      4.8255303      0              2.3254176      16.806319     -474.79724    
     49700   124.38437      31.212642      13.347583      44.560225      5.3259692      7.2471456      0              1.7810409      16.858486      851.24668    
     49800   138.35735      29.885593      14.847011      44.732605      4.6144956      6.8656983      0              2.4484362      15.956963     -1211.243     
     49900   147.6676       29.266984      15.846086      45.11307       5.7813728      6.7871638      0              1.2663519      15.432095     -2322.2248    
     50000   151.04546      29.371088      16.208561      45.57965       6.0738135      5.2464692      0              2.1484619      15.902344      72.716122    
     50100   150.8678       29.952847      16.189497      46.142344      4.9464644      6.606439       0              2.065195       16.334748      1445.2499    
     50200   159.50827      29.66865       17.116699      46.785349      5.7555177      5.5940356      0              2.3087334      16.010363     -172.45075    
     50300   137.47628      32.753206      14.752464      47.50567       6.8003277      7.8418408      0              2.5326155      15.578422     -854.30293    
     50400   177.37566      29.280881      19.034033      48.314914      5.6932279      5.4708884      0              2.0157729      16.100992      365.70386    
     50500   179.76969      29.805994      19.290934      49.096928      4.4843333      6.4355238      0              2.0612405      16.824896      1159.6283    
     50600   148.80877      33.790598      15.968544      49.759142      6.2775132      7.7114774      0              2.7162944      17.085313      741.35723    
     50700   149.79035      34.299578      16.073877      50.373455      6.3608796      9.717485       0              1.4728021      16.748411      198.65791    
     50800   189.31906      30.654979      20.315669      50.970648      6.2356727      6.1663383      0              1.3988683      16.8541        422.10746    
     50900   182.96801      31.681498      19.634144      51.315642      6.7453879      5.9404587      0              2.6892761      16.306375     -264.10541    
     51000   183.18003      31.603541      19.656895      51.260436      6.67015        6.9261197      0              2.1474134      15.859858     -509.96428    
     51100   167.58797      32.650283      17.983725      50.634008      8.2318079      6.2897565      0              1.888273       16.240445      328.36369    
     51200   150.77169      33.182732      16.179183      49.361915      8.1216121      7.4953511      0              1.9573276      15.608441     -759.77921    
     51300   162.59559      30.35748       17.447997      47.805477      6.0599427      6.6311852      0              1.1538766      16.512475      1268.2305    
     51400   151.37477      29.845855      16.243899      46.089754      4.7981506      8.3806046      0              1.2137094      15.45339       318.94978    
     51500   139.22617      29.711639      14.940244      44.651883      6.5797114      4.9042804      0              2.0174201      16.210227     -76.524961    
     51600   129.11653      29.902846      13.855387      43.758233      6.1027141      5.3425205      0              1.9406709      16.51694      -1486.1251    
     51700   142.9827       27.993815      15.343354      43.337169      4.0242307      5.3153814      0              1.9435889      16.710613      634.6216     
     51800   127.30431      29.571082      13.660919      43.232001      5.2733111      5.0420358      0              2.2293431      17.026392      2010.6946    
     51900   118.07822      30.697123      12.670875      43.367998      5.7234217      6.4964138      0              2.1515288      16.325758     -881.62828    
     52000   152.97148      27.348843      16.415242      43.764085      4.9517308      3.7453611      0              1.905844       16.745907     -152.80718    
     52100   153.53945      27.955037      16.476189      44.431226      5.6280321      4.7012644      0              1.3063572      16.319383     -730.85811    
     52200   134.23996      30.778764      14.405178      45.183942      7.5402024      6.4826035      0              1.3925672      15.36339      -1441.5484    
     52300   137.00888      31.193848      14.702309      45.896156      8.0052725      4.9267453      0              2.2587632      16.003067      1184.9642    
     52400   127.51473      32.926376      13.683499      46.609876      7.3261289      8.3445235      0              1.3821232      15.873601     -2530.0722    
     52500   168.39869      29.128685      18.070722      47.199407      5.99499        5.3058156      0              1.6251304      16.202749      220.20515    
     52600   146.25948      32.066796      15.694982      47.761778      6.7942662      6.8933653      0              2.2458775      16.133287      533.54436    
     52700   171.61822      29.909155      18.416207      48.325362      7.9005522      5.434489       0              1.0851373      15.488976     -2429.2019    
     52800   160.27437      31.539993      17.198908      48.738901      5.4558708      8.2930875      0              1.0849116      16.706123      871.89842    
     52900   165.3537       31.244966      17.743966      48.988932      5.0372286      7.6788237      0              2.0731849      16.455729      842.59778    
     53000   144.75879      33.640504      15.533944      49.174448      7.432791       7.0529476      0              2.0945533      17.060212      1140.4987    
     53100   157.78815      32.252766      16.932114      49.18488       6.5405585      6.781753       0              2.6001343      16.33032       863.01029    
     53200   164.91662      31.11115       17.697064      48.808214      6.6060394      6.1998116      0              1.5779431      16.727356      2291.7465    
     53300   162.10435      30.360389      17.395282      47.75567       7.0646615      6.063208       0              1.3995782      15.832941     -822.24362    
     53400   144.441        30.458965      15.499842      45.958807      5.5876318      7.2707277      0              0.90779346     16.692812      935.50156    
     53500   115.0249       31.724221      12.343225      44.067447      7.4365311      4.9222667      0              2.0281266      17.337297      518.75667    
     53600   113.49986      30.614166      12.179575      42.793741      6.4359354      7.0490734      0              0.66658858     16.462569     -2567.0057    
     53700   138.09289      27.188885      14.818632      42.007516      5.1471648      3.9691548      0              1.6333588      16.439206     -768.89318    
     53800   114.15118      29.366054      12.249468      41.615521      5.087364       4.6380496      0              2.6170391      17.023601     -830.85693    
     53900   130.86217      27.496837      14.04271       41.539546      6.3442522      2.6322716      0              1.3046953      17.215618     -309.38008    
     54000   117.69436      29.13581       12.629683      41.765493      7.4123207      3.6086136      0              1.2479218      16.866954     -2186.4297    
     54100   134.16174      27.860013      14.396784      42.256797      5.8757003      4.1437581      0              1.0974135      16.743141      320.29009    
     54200   128.81272      29.232043      13.822785      43.054827      6.3992086      4.4489553      0              1.2614562      17.122423      1630.2811    
     54300   144.2429       28.650617      15.478585      44.129202      4.1120015      6.4873208      0              0.8082968      17.242998     -106.4108     
     54400   121.80139      32.194346      13.070405      45.264751      6.3852182      5.2633101      0              2.0234236      18.522394      1781.1912    
     54500   137.64182      31.632334      14.770229      46.402563      8.5779245      5.4450245      0              1.3615271      16.247858     -3264.4069    
     54600   154.98303      30.797589      16.631099      47.428688      6.5008666      5.5565603      0              3.131038       15.609124     -2015.6194    
     54700   142.87932      32.880716      15.33226       48.212975      7.5567946      6.2491079      0              2.2112589      16.863554      1486.6186    
     54800   155.43211      31.945386      16.679289      48.624675      6.2954727      6.9229784      0              2.1372974      16.589637     -904.59055    
     54900   176.08095      29.886219      18.8951        48.781318      5.8539828      5.8718614      0              2.1743792      15.985995     -773.98257    
     55000   167.19115      30.739446      17.941142      48.680588      4.9884146      7.6175149      0              2.504903       15.628613      1281.8424    
     55100   150.85551      32.100352      16.188179      48.288531      7.0743051      4.2569362      0              4.0818019      16.687309      111.37685    
     55200   160.33588      30.472665      17.205509      47.678175      6.9712635      4.5479927      0              1.9523498      17.00106       321.375      
     55300   139.60479      32.00986       14.980873      46.990734      7.1768096      4.4525807      0              3.1596765      17.220793      281.30547    
     55400   162.06745      28.900289      17.391322      46.291611      5.7167896      4.3640982      0              2.6465903      16.172811     -1299.1164    
     55500   142.01771      30.424226      15.239801      45.664028      7.1527406      3.9667493      0              2.49746        16.807276      1074.5372    
     55600   147.17357      29.272134      15.793072      45.065206      6.7229308      3.7262347      0              2.4348761      16.388092     -366.28423    
     55700   129.86304      30.563266      13.935494      44.49876       6.520282       4.2689404      0              3.8236336      15.95041      -1814.2162    
     55800   132.69344      29.70805       14.239222      43.947272      4.9980134      6.2601974      0              2.8447677      15.605072      1354.6415    
     55900   142.43712      28.188635      15.284808      43.473443      4.5185604      3.6938585      0              3.7987707      16.177445     -663.94915    
     56000   129.83598      29.039602      13.932591      42.972192      5.4030316      3.6351536      0              3.9926441      16.008772      138.71805    
     56100   120.84512      29.261281      12.967788      42.22907       6.7224395      5.0362223      0              2.6093407      14.893279     -1477.2505    
     56200   122.54524      28.048377      13.150227      41.198605      5.8436924      5.2416487      0              1.9352214      15.027815     -2720.2224    
     56300   126.58394      26.483495      13.583616      40.067111      5.6098731      3.293254       0              1.9499797      15.630388     -1373.1045    
     56400   113.67115      26.964763      12.197956      39.162719      4.1340813      4.5509652      0              2.1241639      16.155553     -833.64722    
     56500   98.699206      27.977747      10.591329      38.569076      4.9736276      5.4280573      0              1.7684088      15.807654     -438.68272    
     56600   103.93252      27.21572       11.152912      38.368632      3.8485385      5.7694144      0              2.0057942      15.591973      413.70485    
     56700   121.0257       25.617105      12.987167      38.604272      3.2583254      4.5708036      0              1.5794291      16.208547      430.18663    
     56800   93.799177      29.259393      10.065511      39.324904      4.0876949      5.5430826      0              2.9782394      16.650376      1093.4828    
     56900   90.273963      30.832993      9.6872233      40.520217      6.042691       6.1194896      0              2.5265043      16.144309      1009.4724    
     57000   108.59767      30.265509      11.653525      41.919034      4.6017371      6.5969062      0              3.8029405      15.263925     -1009.5634    
     57100   143.13383      27.83815       15.359572      43.197722      4.3758264      5.5581752      0              1.6180109      16.286137     -539.04112    
     57200   145.06427      28.608354      15.566725      44.175079      3.1975615      6.2836209      0              3.387716       15.739456      537.54928    
     57300   133.96053      30.653263      14.375192      45.028455      7.1878171      6.647964       0              2.1087899      14.708692     -2944.9795    
     57400   146.89384      30.011286      15.763055      45.774341      6.9691394      4.8820077      0              3.0765767      15.083562     -547.62209    
     57500   175.89876      27.545118      18.875549      46.420667      6.6605735      3.3272822      0              2.5395188      15.017744     -2620.8805    
     57600   165.82932      29.193887      17.795005      46.988892      4.9893019      5.9931192      0              2.121747       16.089719      123.81293    
     57700   133.81246      33.180482      14.359302      47.539784      7.7589727      5.3977731      0              4.604549       15.419187      625.83372    
     57800   142.51339      32.638163      15.292992      47.931156      6.7077304      6.3737907      0              4.1764198      15.380222     -654.99625    
     57900   137.60796      33.457527      14.766594      48.224121      7.0325447      7.1237825      0              3.4451548      15.856045      1453.7343    
     58000   146.44003      32.706866      15.714357      48.421223      7.1408845      4.7885708      0              3.4430963      17.334314      3998.8578    
     58100   139.74701      33.559455      14.996135      48.55559       7.1894159      5.8576969      0              4.1201794      16.392163      1673.8839    
     58200   166.80036      30.722066      17.899207      48.621273      6.2986809      6.5378231      0              1.3301643      16.555398      1839.8898    
     58300   162.7357       31.207761      17.463032      48.670793      6.6188429      5.59764        0              2.6625012      16.328777     -914.39507    
     58400   169.49171      30.474314      18.188014      48.662327      6.197736       6.4331757      0              1.3528992      16.490503     -207.35285    
     58500   145.41929      33.003504      15.604822      48.608327      7.4553717      6.7722534      0              2.4402774      16.335602     -2046.5599    
     58600   163.68606      30.849754      17.565014      48.414768      7.6052404      5.511194       0              2.2370901      15.496229     -1523.4066    
     58700   167.11724      30.109058      17.933211      48.042269      5.3048871      4.4944605      0              3.1551793      17.154531      1918.2382    
     58800   135.69867      32.953498      14.56171       47.515209      5.4394957      6.1038225      0              5.1281366      16.282043     -904.34368    
     58900   136.2509       32.317158      14.62097       46.938128      7.2595814      5.0001192      0              2.8041154      17.253342      2303.7313    
     59000   117.39716      33.672988      12.59779       46.270778      7.8851263      5.9481516      0              3.255266       16.584444     -1131.9916    
     59100   148.94852      29.610877      15.983541      45.594418      4.8874107      4.1370583      0              4.1842401      16.402168     -507.62034    
     59200   147.66419      29.122827      15.845721      44.968548      4.7764579      3.2980829      0              4.3483033      16.699983     -1186.8681    
     59300   152.1897       28.054787      16.331349      44.386136      4.0232617      6.0437071      0              1.2789434      16.708875     -740.59685    
     59400   136.43022      29.273918      14.640212      43.91413       4.2111222      6.3423714      0              2.473742       16.246682      115.58257    
     59500   137.50793      28.804662      14.75586       43.560523      5.4011254      4.7918928      0              2.2105861      16.401058     -665.33732    
     59600   129.00619      29.540054      13.843546      43.3836        5.6278935      3.5132924      0              3.2550708      17.143797      2060.8582    
     59700   125.51475      29.946394      13.468882      43.415276      4.8374149      5.1281351      0              3.1704953      16.810349     -1336.1247    
     59800   116.46632      31.232419      12.497903      43.730321      5.2562149      7.8477998      0              1.5328312      16.595573     -580.7915     
     59900   132.72709      30.196402      14.242832      44.439234      4.4722655      8.0808466      0              1.2958054      16.347485     -1248.6279    
     60000   143.93718      30.204905      15.445778      45.650683      6.1880663      6.9039121      0              1.4272595      15.685668     -2925.387     
     60100   155.50722      30.500685      16.687349      47.188034      7.3838489      5.9209189      0              1.3363006      15.859616     -2326.5318    
     60200   161.3437       31.384493      17.313657      48.69815       6.5153712      5.9249067      0              2.536356       16.407859      966.37608    
     60300   152.11133      33.570123      16.322939      49.893062      7.2719274      7.1475119      0              2.833356       16.317327     -236.17944    
     60400   189.18871      30.266735      20.301681      50.568417      5.9928312      4.429246       0              3.1207654      16.723893      1317.2652    
     60500   184.82146      30.952579      19.833036      50.785615      6.1251446      5.3249672      0              2.8437764      16.658691      3103.2324    
     60600   181.1097       31.200941      19.43473       50.635671      8.4413176      4.9440357      0              1.8363218      15.979266     -404.20226    
     60700   173.78594      31.459612      18.648824      50.108436      7.7371591      6.241929       0              1.7681171      15.712407      348.95815    
     60800   174.77838      30.586192      18.755321      49.341513      5.2345039      5.6148395      0              3.9164676      15.820381      919.75636    
     60900   167.72886      30.47041       17.998843      48.469254      5.7008178      5.303888       0              3.7321544      15.73355      -1377.2609    
     61000   152.70831      31.116637      16.387001      47.503638      5.200628       5.3396661      0              4.4088513      16.167492      1079.7248    
     61100   155.60459      29.890837      16.697798      46.588635      6.4209325      4.77767        0              3.4866886      15.205546     -1629.4097    
     61200   163.49789      28.268948      17.544821      45.813769      5.6100113      3.8126501      0              2.7328551      16.113432     -313.87537    
     61300   149.24094      29.263519      16.01492       45.278439      5.2750288      3.7777039      0              3.9875902      16.223196     -1732.7597    
     61400   141.13784      29.832653      15.145383      44.978036      4.7002574      4.15183        0              5.0116573      15.968908     -554.86201    
     61500   147.55351      29.022578      15.833844      44.856421      4.6273325      4.6424231      0              3.1678875      16.584935      923.55164    
     61600   140.80472      29.771662      15.109636      44.881299      4.8523951      5.5306542      0              2.6330954      16.755518      1738.5057    
     61700   120.74755      32.079219      12.957318      45.036537      5.3210212      5.9171806      0              3.6768438      17.164173      1840.0554    
     61800   127.9221       31.596207      13.727213      45.32342       4.7530654      6.7708667      0              3.7259952      16.34628      -671.17898    
     61900   143.02617      30.372631      15.348019      45.72065       5.7817455      6.9052388      0              1.8983076      15.787339     -1538.7799    
     62000   153.47212      29.754925      16.468965      46.223889      4.5713789      6.5640559      0              2.1309228      16.488567     -978.16096    
     62100   113.08528      34.649805      12.135087      46.784892      6.518623       7.2702312      0              4.5733408      16.28761       1276.0511    
     62200   125.95809      33.791106      13.516458      47.307564      4.1914682      8.104742       0              5.1115895      16.383307      1144.5289    
     62300   171.63357      29.414052      18.417855      47.831907      4.7251693      4.7691038      0              3.4662723      16.453507     -32.655676    
     62400   168.37043      30.178742      18.06769       48.246432      4.5234029      6.9083182      0              2.732615       16.014406     -280.92021    
     62500   184.15381      28.717297      19.761391      48.478688      3.6210486      5.695324       0              2.1185511      17.282374      484.43698    
     62600   149.33537      32.599602      16.025053      48.624655      6.5198479      5.1352003      0              4.7845347      16.160019     -756.32292    
     62700   111.17106      36.72632       11.929673      48.655994      5.1766449      7.7563429      0              7.2074617      16.585871      1278.3731    
     62800   170.06558      30.323302      18.249595      48.572897      6.4836204      5.0115554      0              2.4630169      16.36511      -13.061873    
     62900   170.1891       30.166425      18.26285       48.429275      6.3046835      5.3834523      0              1.5239437      16.954346     -1112.7272    
     63000   153.10756      31.76044       16.429844      48.190284      5.2323465      6.8651053      0              3.4793631      16.183626     -1550.0142    
     63100   142.87904      32.536887      15.33223       47.869117      6.9630314      7.3477427      0              2.9440604      15.282052     -2093.1657    
     63200   156.96376      30.681439      16.843649      47.525088      5.9873233      3.5127634      0              4.0517122      17.12964       1094.9764    
     63300   155.5427       30.535761      16.691157      47.226918      5.8535241      4.6122982      0              3.0629476      17.006991      763.56629    
     63400   128.14011      33.243832      13.750608      46.994441      5.6419699      6.0300624      0              4.1738884      17.397912      2449.1251    
     63500   153.27029      30.283639      16.447307      46.730946      5.9509399      4.9663975      0              3.3466164      16.019686      377.41811    
     63600   174.75265      27.70217       18.75256       46.45473       4.9843656      4.2574196      0              2.3350775      16.125307      1321.546     
     63700   139.70198      31.180294      14.991303      46.171597      4.1066918      5.6644247      0              4.4900912      16.919087      1671.1403    
     63800   135.42751      31.246646      14.532613      45.779259      6.1390037      5.1275709      0              3.4449899      16.535082      1832.3909    
     63900   128.0244       31.267399      13.738191      45.00559       4.3473515      8.1614051      0              2.2983354      16.460307      518.3369     
     64000   131.57625      29.454062      14.119337      43.573399      4.48375        4.6995769      0              3.6216263      16.649109      2425.3887    
     64100   120.70643      28.962685      12.952906      41.915591      4.0549195      4.1535952      0              4.0509931      16.703177      157.63576    
     64200   117.78997      28.08618       12.639943      40.726123      4.7853634      5.1893856      0              1.7905233      16.320907     -1666.9607    
     64300   106.80942      28.608163      11.461629      40.069792      5.4638866      5.2462243      0              2.2696479      15.628404     -2639.427     
     64400   110.21006      28.002764      11.826549      39.829313      6.3935485      3.7775664      0              1.7825153      16.049134     -2010.066     
     64500   116.2342       27.512979      12.472995      39.985974      4.5944637      4.372183       0              1.7643779      16.781955     -1026.486     
     64600   128.47189      26.76773       13.786211      40.553941      3.4337546      5.3892061      0              1.2920167      16.652753     -453.11038    
     64700   105.34543      30.238628      11.304529      41.543157      5.3246139      6.6032065      0              1.9536861      16.357122     -1498.1672    
     64800   133.09229      28.535697      14.282022      42.817719      2.7877592      5.1477062      0              3.7108515      16.88938       269.63449    
     64900   117.68505      31.562         12.628684      44.190684      4.8551045      5.3457975      0              4.1830434      17.178054      1159.5478    
     65000   138.68898      30.4883        14.882598      45.370898      6.0300296      4.24089        0              4.0679808      16.1494       -444.46062    
     65100   165.68649      28.64941       17.779678      46.429088      5.1456374      5.7153672      0              1.8107248      15.977681      846.47509    
     65200   169.89567      29.076649      18.231362      47.308011      5.7739692      4.1461442      0              2.7755779      16.380958      1707.4736    
     65300   163.58889      30.438223      17.554587      47.99281       5.7000493      4.515811       0              3.4739516      16.748411      2098.8965    
     65400   157.67663      31.707646      16.920147      48.627793      5.7774121      5.6632502      0              3.2181772      17.048806      4370.6336    
     65500   157.66342      32.300584      16.91873       49.219313      6.4159011      7.9655033      0              3.0488391      14.87034      -2232.0448    
     65600   161.34134      32.334467      17.313404      49.647871      5.8135476      6.9729948      0              3.4633028      16.084622      734.6339     
     65700   170.3713       31.542222      18.282402      49.824624      6.6340526      4.7473447      0              4.1287021      16.032123      838.09793    
     65800   164.67748      32.067873      17.671402      49.739275      7.2334097      5.787921       0              3.5489377      15.497605     -1838.9099    
     65900   167.89291      31.327668      18.016448      49.344116      6.0147393      6.4345087      0              2.9599062      15.918514     -634.03111    
     66000   155.93207      31.940615      16.73294       48.673554      7.1283753      6.0260908      0              3.3471226      15.439026      406.95603    
     66100   146.29131      32.068109      15.698397      47.766506      8.4020067      5.6804453      0              2.4743418      15.511315     -2011.9002    
     66200   155.58032      29.980595      16.695193      46.675789      6.3982267      5.376186       0              2.4673167      15.738866     -460.97958    
     66300   167.66559      27.556578      17.992054      45.548632      5.3345061      5.1921807      0              1.8398136      15.190077     -327.68814    
     66400   129.5952       30.63245       13.906753      44.539203      6.6114344      6.5303689      0              2.252462       15.238185     -1813.1879    
     66500   130.59447      29.694815      14.013983      43.708797      6.0280362      5.1240042      0              2.5615081      15.981266      995.75838    
     66600   116.79965      30.635458      12.533672      43.169131      5.1587909      5.0817938      0              3.3938935      17.00098       513.52974    
     66700   118.78562      30.187673      12.746786      42.934459      6.3134213      5.6035917      0              2.4210499      15.84961      -2781.495     
     66800   120.43657      30.067375      12.923947      42.991322      5.0312858      5.6537598      0              3.1575458      16.224784      1094.4169    
     66900   143.94175      27.888772      15.446269      43.335041      4.0753495      3.9409039      0              3.0032415      16.869277      1491.6708    
     67000   121.50251      30.980019      13.038333      44.018352      4.9748282      7.2828016      0              1.8433898      16.878999      2231.5273    
     67100   139.75281      30.113193      14.996757      45.10995       6.2163412      5.1129981      0              2.2740882      16.509766      3023.7359    
     67200   152.11148      30.185693      16.322955      46.508648      6.0858347      5.6044889      0              2.408378       16.086991      757.85289    
     67300   141.08377      32.684552      15.139581      47.824134      6.2866285      4.9110548      0              4.4962392      16.99063      -9.8353781    
     67400   188.52782      28.431604      20.230763      48.662366      3.8698329      5.290162       0              3.2736958      15.997913     -60.070404    
     67500   175.65365      30.20959       18.849246      49.058836      3.9576089      5.8203841      0              4.4464033      15.985194     -1248.3049    
     67600   146.32484      33.573027      15.701996      49.275023      6.9717988      5.6244154      0              4.6134932      16.36332      -994.03728    
     67700   143.57422      33.976427      15.406829      49.383256      9.235566       6.1113112      0              2.2883652      16.341185     -452.37202    
     67800   161.33057      32.070887      17.312248      49.383135      5.6047585      7.2945249      0              2.4434749      16.728128     -472.714      
     67900   187.93674      29.126834      20.167334      49.294168      4.695409       5.5882848      0              3.1166303      15.72651      -966.11069    
     68000   134.00642      34.773525      14.380117      49.153642      5.9104921      7.8413099      0              4.2786727      16.74305      -938.96595    
     68100   151.4273       32.560014      16.249537      48.809551      7.2473056      4.4512862      0              4.2031377      16.658285      179.81923    
     68200   138.02891      33.520709      14.811767      48.332475      5.3712732      8.252883       0              3.8000375      16.096515      50.176165    
     68300   157.13521      30.903524      16.862048      47.765572      7.1672329      4.4172588      0              3.6752211      15.643811     -1715.6636    
     68400   134.89964      32.630722      14.475967      47.10669       7.8181652      5.5646432      0              3.2149642      16.03295      -1994.9193    
     68500   141.0548       31.258274      15.136472      46.394746      5.978209       5.2038712      0              3.8218608      16.254333      318.78535    
     68600   128.13801      31.927427      13.750382      45.677809      7.7821175      5.9870767      0              2.5106056      15.647628     -1182.1717    
     68700   150.58078      28.806445      16.158697      44.965142      4.433065       5.209477       0              3.128971       16.034931      1026.7719    
     68800   143.67686      28.877332      15.417843      44.295176      4.0828398      6.2324241      0              2.5623278      15.99974       1279.7046    
     68900   121.7005       30.688421      13.059578      43.747999      5.5237769      5.6530633      0              3.454685       16.056896     -74.258796    
     69000   132.57501      29.097396      14.226513      43.323909      5.061243       5.9226868      0              2.2115439      15.901923      2226.3471    
     69100   119.64496      30.183276      12.839         43.022276      6.1953324      5.1818388      0              3.1274428      15.678662      1049.1873    
     69200   127.39876      29.180413      13.671054      42.851467      5.182757       5.5383871      0              2.5481091      15.91116      -1591.4804    
     69300   144.34762      27.421617      15.489822      42.911439      4.831146       3.9940776      0              2.4047796      16.191614      1326.8318    
     69400   123.55096      30.095154      13.25815       43.353304      5.59337        7.1279207      0              1.3893897      15.984473      1825.5745    
     69500   134.07788      29.937683      14.387785      44.325468      4.8000516      7.0712962      0              2.3080036      15.758332      8.4924841    
     69600   148.9445       29.848033      15.98311       45.831142      5.9030902      4.4021593      0              3.3800277      16.162756      876.56941    
     69700   153.4945       31.114112      16.471366      47.585478      5.7768548      6.6880564      0              2.1404735      16.508727     -536.79795    
     69800   172.24664      30.584255      18.483642      49.067897      7.0050489      5.1650033      0              2.5653089      15.848894     -406.62387    
     69900   175.13626      31.343018      18.793725      50.136743      7.3872007      6.1016457      0              1.9108007      15.94337       140.68826    
     70000   177.71769      31.702942      19.070736      50.773678      6.6691107      6.0243235      0              2.9057315      16.103776     -1260.7739    
     70100   155.04789      34.485988      16.638059      51.124047      7.1568699      5.8823767      0              4.849337       16.597404     -219.86402    
     70200   174.40211      32.612945      18.714944      51.327889      9.1776848      5.5288906      0              2.2829234      15.623446     -1666.3646    
     70300   180.54752      31.853206      19.374403      51.227608      6.6444442      6.7506662      0              2.2365819      16.221513      1060.8917    
     70400   184.63634      31.028868      19.813171      50.842039      6.6551088      6.6601337      0              1.5855155      16.128109      803.74215    
     70500   185.3705       30.300607      19.891953      50.19256       5.1308552      6.5841508      0              2.7268537      15.858747     -1344.2068    
     70600   169.33749      31.138437      18.171464      49.3099        7.282228       5.1361308      0              3.0807968      15.639281     -437.44438    
     70700   157.11359      31.359269      16.859728      48.218997      6.10909        6.8376141      0              2.700349       15.712216     -336.69383    
     70800   122.85105      33.94564       13.183044      47.128684      7.5127494      6.6051005      0              3.8582011      15.969589     -14.07083     
     70900   159.06085      29.027927      17.068686      46.096613      4.6787982      5.8798356      0              1.3699873      17.099306      792.38735    
     71000   147.04818      29.496572      15.779617      45.276189      4.9896643      5.4140246      0              2.2325399      16.860343      488.44265    
     71100   151.94193      28.403232      16.304762      44.707994      6.0775764      4.5844752      0              1.7185791      16.022602     -1147.0446    
     71200   111.40677      32.486378      11.954967      44.441345      8.6926426      4.7250139      0              2.0043758      17.064346      3312.9874    
     71300   145.45435      28.794937      15.608585      44.403521      5.0222646      4.2663293      0              3.2625222      16.24382       56.194844    
     71400   124.19045      31.216725      13.326773      44.543498      6.3571294      6.9028561      0              2.1060173      15.850722     -2057.7155    
     71500   133.85956      30.43524       14.364357      44.799597      5.5658829      5.025367       0              3.4405732      16.403417      958.12704    
     71600   135.85448      30.553278      14.57843       45.131708      5.4956703      6.3558565      0              2.6498979      16.051854      138.53989    
     71700   157.21189      28.602859      16.870276      45.473136      4.8366689      6.0331579      0              1.8734352      15.859597     -1017.8291    
     71800   142.66946      30.477163      15.30974       45.786903      5.6459717      6.6030173      0              2.2701629      15.958012     -518.84697    
     71900   120.37809      33.122186      12.917672      46.039858      7.5821058      7.521643       0              2.5461713      15.472266     -1280.3797    
     72000   145.26637      30.617297      15.588413      46.20571       6.2622868      5.4436999      0              2.995543       15.915767      2093.3779    
     72100   177.2457       27.318316      19.020087      46.338403      3.7438989      4.5404745      0              3.1995766      15.834366      535.80462    
     72200   147.42107      30.716783      15.819632      46.536415      6.9999888      5.6439441      0              2.2342068      15.838643     -2353.1065    
     72300   146.79155      31.000394      15.752078      46.752471      7.6297841      5.4816083      0              2.9156146      14.973387     -811.4178     
     72400   134.37635      32.485334      14.419813      46.905147      6.0904814      7.4999994      0              3.1380678      15.756785      1545.7001    
     72500   169.42569      28.828797      18.180929      47.009726      5.7439258      4.7561228      0              2.467889       15.86086       449.16464    
     72600   150.3523       31.0134        16.134179      47.147579      6.6573005      6.089183       0              2.0254149      16.241502      1504.2842    
     72700   145.74818      31.657271      15.640115      47.297386      6.5518697      6.1159276      0              3.4450996      15.544374      404.18872    
     72800   146.53109      31.731015      15.724129      47.455144      6.3524664      6.7308558      0              2.7367738      15.910919      1901.4484    
     72900   167.35971      29.684306      17.95923       47.643536      5.2243945      5.470419       0              2.7315513      16.257941      1410.6818    
     73000   134.30283      33.529985      14.411924      47.941909      6.6534104      8.1333918      0              2.9073338      15.835849     -925.14011    
     73100   155.55416      31.666809      16.692387      48.359196      5.6899766      6.6366357      0              3.0444563      16.295741      1005.3753    
     73200   133.50741      34.665803      14.326568      48.992371      8.6851289      7.3255929      0              3.0441151      15.610966     -907.23514    
     73300   152.88781      33.371886      16.406263      49.778149      7.9478958      7.1708017      0              2.9724865      15.280702     -1043.5337    
     73400   153.06713      34.266862      16.425505      50.692367      8.056907       8.3430838      0              3.0199785      14.846893     -2184.6881    
     73500   182.54303      32.058137      19.588539      51.646676      5.9231654      6.9783326      0              3.8228148      15.333824     -1911.1315    
     73600   187.48207      32.280411      20.118544      52.398955      5.524373       7.5683311      0              3.6381799      15.549527      1870.541     
     73700   186.54386      32.754836      20.017865      52.772702      6.8139564      8.5274076      0              2.2952597      15.118213      621.74684    
     73800   183.11191      33.041483      19.649585      52.691068      6.3824272      7.1201292      0              3.4967853      16.042141      240.83518    
     73900   197.89441      30.853066      21.235883      52.088949      5.76538        7.1875109      0              2.0270151      15.87316       677.59419    
     74000   159.128        33.89983       17.075892      50.975722      7.8020463      7.3237545      0              3.2107542      15.563275     -743.50218    
     74100   153.20115      32.943273      16.439887      49.38316       7.532582       6.2727441      0              2.5822762      16.555671      314.04777    
     74200   145.06019      32.197091      15.566287      47.763379      6.0566437      6.4712652      0              3.48173        16.187452     -95.486242    
     74300   126.1631       32.857601      13.538456      46.396058      5.7690103      6.5952799      0              3.7885567      16.704755     -1328.9626    
     74400   135.97967      30.926415      14.591865      45.51828       5.4097416      6.4958644      0              1.8852438      17.135565      3088.5147    
     74500   139.16049      30.0509        14.933196      44.984096      4.6565511      5.4991137      0              3.3430505      16.552185      1564.4365    
     74600   141.66578      29.521019      15.202036      44.723055      5.910745       5.5563608      0              1.940074       16.113839      350.2227     
     74700   151.67835      28.374821      16.276477      44.651299      5.0057293      4.8265785      0              1.860146       16.682368     -135.27473    
     74800   130.84165      30.715836      14.040508      44.756344      6.2725128      5.3750926      0              3.0716049      15.996626     -335.61391    
     74900   116.29984      32.466972      12.480038      44.94701       10.084913      4.9249058      0              2.41739        15.039762     -3141.3238    
     75000   167.151        27.343704      17.936834      45.280537      5.3223006      4.4290889      0              1.4509456      16.141368      1269.7052    
     75100   153.59963      29.317358      16.482648      45.800006      6.7999806      5.1229717      0              1.620404       15.774002     -3146.0273    
     75200   145.41371      30.890068      15.604223      46.494291      6.0131179      7.3450267      0              1.7072992      15.824624     -958.91352    
     75300   125.74272      33.899717      13.493346      47.393063      8.3953244      7.6500169      0              1.4959166      16.358459      3193.102     
     75400   157.53352      31.519884      16.90479       48.424674      6.5317257      7.243677       0              2.0494134      15.695068     -964.26817    
     75500   111.92927      37.503368      12.011036      49.514404      7.7146979      8.3243003      0              5.1644657      16.299904     -3367.3585    
     75600   171.56093      32.111806      18.41006       50.521866      6.8948029      6.1494808      0              3.5739268      15.493596     -1767.9479    
     75700   160.74671      34.082021      17.249595      51.331615      8.4976         8.4196674      0              1.6755473      15.489206     -235.74665    
     75800   204.7349       29.934937      21.96993       51.904868      6.8536412      4.2236121      0              1.8296393      17.028045      1823.8688    
     75900   178.65099      33.064949      19.170888      52.235838      7.4940239      6.5500956      0              1.6891074      17.331723      330.82221    
     76000   175.88664      33.407737      18.874248      52.281985      5.309137       8.8179236      0              3.3282077      15.952469      1190.6467    
     76100   186.72529      31.866584      20.037335      51.903918      6.3519216      7.4560126      0              2.7379646      15.320685      207.90935    
     76200   164.18961      33.048407      17.619049      50.667456      6.5684867      5.8210634      0              4.8661432      15.792713     -1087.8493    
     76300   163.60101      30.823312      17.555888      48.379199      8.0988484      4.4883248      0              2.9133677      15.322771     -2237.5196    
     76400   153.7519       29.460343      16.498987      45.95933       5.2331596      5.2574254      0              3.318198       15.65156       719.64349    
     76500   127.29195      30.741589      13.659592      44.401181      5.7572893      6.7027889      0              2.4624761      15.819035     -511.43372    
     76600   125.9813       29.967563      13.518948      43.486511      4.9993664      6.7099809      0              1.7332898      16.524926     -499.76839    
     76700   113.90822      30.772729      12.223396      42.996125      6.2968523      4.7759755      0              2.9223023      16.777598      1100.4556    
     76800   125.65076      29.314309      13.483478      42.797787      5.5253682      5.2857291      0              3.4284077      15.074804     -2345.8644    
     76900   137.74918      28.077661      14.781749      42.85941       4.0869908      5.6743207      0              2.5668068      15.749543     -737.47106    
     77000   136.6601       28.511476      14.664881      43.176357      5.6713434      3.3037249      0              3.5981666      15.938241      2695.7163    
     77100   125.44728      30.299933      13.461643      43.761575      5.2797507      7.5742101      0              1.7724506      15.673521     -60.584321    
     77200   137.76053      29.819521      14.782967      44.602488      6.494697       6.7385719      0              1.5021205      15.084132     -1160.2033    
     77300   133.79884      31.25297       14.357841      45.610811      5.6555667      6.8820392      0              3.3674722      15.347892      208.86325    
     77400   171.20044      28.292797      18.371376      46.664173      4.6426082      5.3131809      0              2.4988179      15.83819       475.51361    
     77500   139.81122      32.640742      15.003025      47.643767      7.2462616      5.3751033      0              3.9088872      16.11049       1245.9027    
     77600   128.37971      34.734601      13.776319      48.51092       8.3253347      6.0292441      0              4.0271944      16.352828     -18.137057    
     77700   150.88891      32.998157      16.191762      49.18992       8.5226561      5.2269571      0              3.838649       15.409895     -761.36252    
     77800   158.77673      32.687447      17.038197      49.725644      6.9554346      5.892523       0              3.71277        16.126719      866.74256    
     77900   168.20845      32.06667       18.050307      50.116978      6.4155512      5.8997754      0              3.8467603      15.904583     -505.82298    
     78000   153.4118       33.938911      16.462492      50.401402      4.5392796      9.7818487      0              3.9293431      15.68844       1615.5833    
     78100   148.90917      34.494153      15.979319      50.473472      7.6885166      8.3723201      0              2.4833569      15.94996       1573.388     
     78200   149.32064      34.302834      16.023472      50.326306      8.510154       6.3143077      0              2.8631387      16.615234      2652.9021    
     78300   152.04807      33.597604      16.316151      49.913755      8.2314601      5.2168248      0              3.5267425      16.622577     -196.35577    
     78400   165.39156      31.393573      17.74803       49.141603      5.0213477      6.003498       0              4.422071       15.946656     -1165.0575    
     78500   154.4615       31.374301      16.575134      47.949434      5.6235005      5.4429564      0              3.9418336      16.36601       502.91677    
     78600   149.65679      30.282961      16.059545      46.342505      5.3960117      4.3820602      0              4.2170178      16.287871      645.41019    
     78700   117.51702      32.127123      12.610653      44.737776      6.8978419      5.0968873      0              3.0926066      17.039787     -122.74787    
     78800   108.24801      31.998692      11.616004      43.614695      6.9557164      5.0996861      0              3.4924296      16.45086      -872.89213    
     78900   145.36293      27.347151      15.598775      42.945926      5.2088162      4.5646205      0              1.7417084      15.832006      246.8336     
     79000   127.30373      29.010468      13.660857      42.671325      6.3236064      5.174738       0              2.2764006      15.235723     -2052.166     
     79100   137.4912       27.941989      14.754066      42.696055      4.6403157      4.4115897      0              2.1051066      16.784977      179.16462    
     79200   133.89192      28.612168      14.36783       42.979998      4.853228       4.9972988      0              2.9451149      15.816526     -366.35371    
     79300   131.043        29.420526      14.062114      43.48264       6.5114861      4.5639871      0              2.2174758      16.127577      689.53088    
     79400   107.89989      32.601219      11.578647      44.179865      5.7706975      5.4326995      0              4.4237819      16.97404       2911.6438    
     79500   161.10905      27.678905      17.288477      44.967382      5.2260083      3.5215871      0              2.542474       16.388836     -446.70501    
     79600   129.57887      31.879137      13.905         45.784138      6.7786833      4.8919074      0              4.1030288      16.105518     -249.01716    
     79700   142.6297       31.184386      15.305474      46.48986       5.6391038      6.5610926      0              3.421898       15.562292     -652.5218     
     79800   131.79769      32.852091      14.1431        46.99519       6.7751449      7.4776549      0              3.0171629      15.582128      29.140157    
     79900   170.10872      29.063239      18.254224      47.317463      5.5480693      5.4449439      0              2.3835993      15.686627     -363.65336    
     80000   148.82756      31.612598      15.970561      47.583159      4.2637558      5.982012       0              4.3396493      17.027181      1872.5741    
     80100   143.96026      32.391347      15.448254      47.839601      7.1045211      5.7723381      0              3.3186393      16.195848     -159.68753    
     80200   156.28846      31.239263      16.771183      48.010447      7.1423844      6.2094634      0              2.1780295      15.709386     -1779.8889    
     80300   154.58603      31.522981      16.588497      48.111478      7.610768       5.6706791      0              1.6487835      16.592751     -180.86629    
     80400   157.06321      31.332444      16.854321      48.186765      6.0526398      5.7970343      0              3.3786877      16.104082     -4514.7854    
     80500   179.65312      29.001918      19.278426      48.280344      7.76369        3.9948478      0              1.0785818      16.164798     -3118.4238    
     80600   146.93712      32.601988      15.7677        48.369687      5.1695302      8.5109132      0              2.4249982      16.496546      398.24491    
     80700   161.26148      31.135604      17.304835      48.440438      8.1950934      4.2624902      0              1.4267169      17.251303     -1352.735     
     80800   151.4336       32.250929      16.250213      48.501142      7.3732639      5.2008594      0              2.613846       17.062959      31.970754    
     80900   150.75953      32.404275      16.177879      48.582154      5.3337734      6.8999693      0              3.6944139      16.476118      1056.9575    
     81000   128.51752      34.939599      13.791107      48.730706      8.166782       6.7528043      0              3.1805573      16.839455      2537.9581    
     81100   173.66252      30.241952      18.63558       48.877532      5.6908875      6.0337612      0              1.5615241      16.955779      796.9344     
     81200   124.21543      35.73975       13.329454      49.069204      7.7834624      5.8131933      0              4.9015749      17.241519      3294.0246    
     81300   172.91833      30.762116      18.555721      49.317837      5.8698551      4.9240795      0              3.7900596      16.178122     -426.51795    
     81400   149.15887      33.630127      16.006113      49.636239      6.9132895      5.1451068      0              5.1686993      16.403031      1077.7945    
     81500   131.32742      35.856269      14.092635      49.948904      6.5686325      8.7547553      0              3.6591773      16.873704      2067.5702    
     81600   145.93666      34.665631      15.660341      50.325972      7.381396       5.0537001      0              5.265922       16.964613     -1873.6657    
     81700   177.38728      31.689544      19.03528       50.724824      5.4914823      6.4894322      0              3.1053409      16.603288      278.88832    
     81800   150.68574      34.873807      16.16996       51.043767      8.1447003      3.746057       0              5.9453508      17.037699     -699.33813    
     81900   138.72437      36.344097      14.886396      51.230493      9.8909633      5.6691139      0              4.0380637      16.745956     -536.40266    
     82000   159.61685      34.134161      17.128351      51.262512      8.8132483      5.8444048      0              3.1108145      16.365694     -2688.5274    
     82100   157.80927      34.099247      16.93438       51.033627      8.0423188      6.4682037      0              3.3772553      16.211469     -2204.2132    
     82200   131.31906      36.561024      14.091738      50.652762      10.658599      5.9257633      0              3.8441999      16.132461     -2945.2163    
     82300   164.91657      32.355678      17.697059      50.052737      7.3917177      5.9189284      0              2.4035986      16.641433     -897.99818    
     82400   149.47793      33.187978      16.040351      49.228329      8.2069096      5.4797582      0              3.407524       16.093786     -1142.4575    
     82500   146.55843      32.465804      15.727063      48.192867      7.1740432      5.9314452      0              4.1340158      15.2263       -2386.4695    
     82600   163.85857      29.494607      17.583526      47.078133      3.0011373      7.4358422      0              2.6030475      16.45458       2505.6922    
     82700   165.10773      28.246202      17.717572      45.963774      5.4898181      3.038356       0              3.3584883      16.359539      1780.6786    
     82800   131.5622       30.818957      14.117829      44.936787      5.2396809      5.4223236      0              4.5060834      15.650869      2193.7342    
     82900   136.62165      29.490556      14.660754      44.15131       4.8996407      6.3133549      0              2.5122627      15.765298      3250.7491    
     83000   155.21986      26.980895      16.656513      43.637407      5.6554131      4.2188152      0              1.5118805      15.594786      1179.1621    
     83100   130.45293      29.366609      13.998795      43.365404      5.2701773      4.4898229      0              3.7322248      15.874384      2198.8592    
     83200   114.20127      31.135814      12.254843      43.390657      5.9480916      5.9322563      0              3.7639323      15.491534      770.26352    
     83300   137.19071      28.919046      14.72182       43.640866      6.4231766      4.5645305      0              2.9112299      15.020109     -1701.1096    
     83400   141.91419      28.917076      15.228693      44.145769      5.9754718      5.5061482      0              2.5428616      14.892595     -1943.4465    
     83500   147.46813      29.05962       15.824681      44.884301      5.043807       6.6009763      0              1.5253852      15.889451      107.16105    
     83600   179.41847      26.597121      19.253246      45.850367      5.3415046      5.2227181      0              0.61384264     15.419056     -1213.7468    
     83700   156.66017      30.252451      16.811071      47.063523      6.6876814      4.9233189      0              3.0990331      15.542418     -1785.1095    
     83800   157.47615      31.440968      16.898634      48.339603      6.1870987      6.0621021      0              3.6652179      15.52655      -787.35883    
     83900   166.44755      31.578481      17.861347      49.439828      6.7779696      6.7278884      0              2.4239113      15.648712     -1317.2111    
     84000   151.82616      33.948626      16.292337      50.240964      6.9096995      7.2140398      0              3.9295152      15.895372     -654.81392    
     84100   170.23378      32.37473       18.267644      50.642375      6.4814193      6.1415137      0              4.2886148      15.463183     -850.63168    
     84200   166.98379      32.855402      17.918891      50.774293      7.2740539      4.9136759      0              5.1302707      15.537402     -632.83108    
     84300   168.1914       32.604992      18.048478      50.65347       7.9248329      3.8391815      0              4.2339932      16.606984      1083.8333    
     84400   164.02458      32.742628      17.601341      50.343969      6.9704463      4.5674979      0              4.175221       17.029463      1901.7064    
     84500   143.91115      34.442309      15.442985      49.885294      6.2132016      9.6378786      0              2.7200924      15.871136      1278.9885    
     84600   168.00312      31.25794       18.028274      49.286214      5.3989152      6.4314125      0              2.9801017      16.44751       2172.4286    
     84700   150.90863      32.447596      16.193878      48.641474      7.276986       6.357953       0              1.798202       17.014454      612.54197    
     84800   150.39315      31.820247      16.138562      47.95881       6.2839529      6.9509647      0              2.1314734      16.453856      1489.7247    
     84900   156.06996      30.466005      16.747736      47.213742      6.1728652      5.5443995      0              2.5509308      16.19781       182.10637    
     85000   153.13652      30.040534      16.432952      46.473485      6.7883081      5.9492773      0              1.8400007      15.462948      83.038297    
     85100   130.32436      31.783439      13.984998      45.768436      8.0185474      5.4945265      0              2.0850065      16.185358     -1096.2382    
     85200   137.85405      30.304534      14.793003      45.097537      5.0332874      5.4929405      0              4.2444881      15.533818     -539.03116    
     85300   143.05575      29.192372      15.351192      44.543564      6.5735194      4.1821913      0              2.2934906      16.143171      167.57138    
     85400   128.64689      30.35982       13.80499       44.16481       8.8428875      4.3500823      0              1.3697862      15.797064     -1418.5971    
     85500   102.84032      32.941174      11.035708      43.976882      8.2808285      4.2940812      0              3.1373999      17.228864     -407.84612    
     85600   157.2249       27.120301      16.871672      43.991973      4.0427223      3.9736745      0              2.7042834      16.399621      657.36253    
     85700   152.94394      27.874096      16.412286      44.286382      5.1178785      5.034326       0              1.83346        15.888432      1160.4712    
     85800   123.84209      31.621504      13.289391      44.910895      6.4556932      3.9779366      0              5.2014451      15.986429     -1586.4912    
     85900   136.67949      31.444955      14.666962      46.111917      7.3962826      3.4129248      0              4.0968565      16.538891      2181.333     
     86000   157.61822      31.009959      16.913879      47.923838      6.1454103      5.80276        0              2.6974142      16.364375      473.55511    
     86100   196.78108      28.716604      21.116412      49.833017      5.5875963      3.6180535      0              3.3812456      16.129709     -113.285      
     86200   189.62174      30.923811      20.348151      51.271962      4.919688       6.1791171      0              3.8341856      15.990821     -558.8368     
     86300   157.4007       35.163281      16.890537      52.053818      6.9688946      6.9008193      0              5.2530533      16.040514     -1848.8761    
     86400   191.1784       31.783747      20.515193      52.29894       7.1878079      6.0538187      0              2.0828596      16.45926       1055.4303    
     86500   161.65508      34.749707      17.347071      52.096778      6.6188599      8.0666191      0              4.2900481      15.77418       1157.1275    
     86600   172.52555      32.941686      18.513573      51.455259      7.8279428      5.3453992      0              4.1439914      15.624353     -240.96858    
     86700   168.19185      32.467578      18.048527      50.516104      6.2046818      6.5922531      0              3.4925347      16.178108      683.12489    
     86800   170.28158      31.19638       18.272774      49.469153      6.3090833      6.3387627      0              2.5761574      15.972376      145.22802    
     86900   119.86611      35.605258      12.862732      48.46799       8.0659846      8.5080766      0              2.8510587      16.180138     -356.06175    
     87000   135.85336      33.00467       14.57831       47.582981      8.0043702      6.3114951      0              2.7242505      15.964555     -847.90517    
     87100   154.40432      30.250071      16.568998      46.819069      5.4770351      5.0568185      0              2.8711366      16.84508       1902.0491    
     87200   177.0563       27.222337      18.999763      46.222101      4.6823089      4.7448846      0              1.6694956      16.125648     -1295.5577    
     87300   151.16663      29.655601      16.221564      45.877164      6.5889956      4.1656528      0              2.219025       16.681927      2343.1172    
     87400   134.10903      31.233155      14.391127      45.624282      5.9362488      5.9707301      0              3.2740472      16.052129      2758.4088    
     87500   127.77606      31.776591      13.711542      45.488133      7.6641628      5.9727104      0              3.1652541      14.974464     -1009.7358    
     87600   158.12754      28.467402      16.968533      45.435935      4.1186922      5.018512       0              2.8092226      16.520975      1532.2824    
     87700   141.60167      30.281185      15.195157      45.476341      4.7593516      6.2782781      0              2.7497131      16.493842     -305.12552    
     87800   136.44245      30.972778      14.641525      45.614303      7.2989732      5.0411463      0              3.3854991      15.24716      -1434.8888    
     87900   150.28632      29.704759      16.127099      45.831858      5.3656393      5.8377966      0              2.4353444      16.065979     -825.46065    
     88000   137.58936      31.366748      14.764599      46.131347      6.8303247      6.0098227      0              2.4989405      16.02766      -1384.8791    
     88100   142.41155      31.215109      15.282064      46.497173      7.2514066      4.9215286      0              2.5378878      16.504286     -616.34435    
     88200   125.3768       33.558993      13.454079      47.013072      5.9039083      9.0172892      0              2.7359221      15.901873     -267.26964    
     88300   157.63303      30.738518      16.915469      47.653987      6.9068934      5.5553093      0              2.4687096      15.807606      458.29765    
     88400   151.79991      32.146837      16.289522      48.436359      9.6894509      4.3665754      0              2.3061586      15.784652     -2224.7355    
     88500   141.45791      34.179819      15.17973       49.359549      7.1794003      7.1945268      0              2.7560019      17.04989       3147.9196    
     88600   185.40084      30.781838      19.895209      50.677047      6.3675239      5.0544674      0              3.1167363      16.24311      -245.24677    
     88700   180.17051      33.656262      19.333947      52.990209      6.4731207      9.1027167      0              2.7122581      15.368167     -2270.5527    
     88800   184.38072      36.423328      19.78574       56.209068      7.7925802      8.7567237      0              2.7624898      17.111534      713.59149    
     88900   192.4724       37.637959      20.654051      58.292011      9.3123549      7.1207017      0              5.0309131      16.17399      -296.71738    
     89000   195.16656      37.880944      20.94316       58.824104      7.853906       12.197012      0              1.5461088      16.283917      705.61589    
     89100   205.82323      36.246696      22.086718      58.333414      7.8152011      9.2395471      0              1.6832059      17.508742      2163.9068    
     89200   191.36179      36.709902      20.534874      57.244776      8.2865493      9.0838479      0              2.4598111      16.879694      2000.2152    
     89300   189.87374      35.397255      20.375191      55.772446      8.2407116      8.4824087      0              1.3484822      17.325652      1267.4611    
     89400   171.40119      35.578694      18.392918      53.971612      7.4021932      9.4724207      0              2.8198896      15.884191      1166.5841    
     89500   159.90953      35.069185      17.159758      52.228943      9.5883463      8.8052489      0              1.8549198      14.82067      -3910.7332    
     89600   177.43912      31.685617      19.040843      50.72646       7.5728736      5.6240681      0              2.9003431      15.588332      718.51512    
     89700   165.62082      31.71946       17.772631      49.492092      6.3743475      6.2564677      0              2.985989       16.102656      1932.6838    
     89800   150.99989      32.335945      16.203672      48.539617      6.5818292      7.1578168      0              3.0664991      15.5298       -1004.0428    
     89900   136.57873      33.129322      14.65615       47.785471      6.7296964      5.8033161      0              4.8061847      15.790125      1089.2486    
     90000   121.83196      34.062215      13.073686      47.135901      7.1828475      7.4254035      0              3.3105821      16.143382      44.484193    
     90100   162.15612      29.18018       17.400838      46.581018      6.8063857      5.8895007      0              1.1904934      15.2938       -1639.1698    
     90200   153.54863      29.673656      16.477174      46.15083       5.7421474      5.7558078      0              2.6266397      15.549061     -3242.9589    
     90300   138.79683      30.938914      14.894172      45.833085      7.1276934      5.9375369      0              2.0785302      15.795153      289.72331    
     90400   118.92427      32.88395       12.761664      45.645615      7.2711371      6.2734807      0              2.4424423      16.89689       837.2978     
     90500   152.46613      29.285341      16.361013      45.646353      4.7999162      5.7381297      0              2.2509603      16.496334     -476.88929    
     90600   126.40967      32.364749      13.564916      45.929665      6.1933141      5.2431637      0              4.4690577      16.459214      538.4651     
     90700   136.97524      31.770622      14.698698      46.46932       6.719156       4.4334816      0              4.5090806      16.108904     -942.8375     
     90800   143.50736      31.834072      15.399654      47.233727      7.0325698      4.0818954      0              4.3669204      16.352687      1178.045     
     90900   142.84391      32.859785      15.328461      48.188246      7.4138586      5.4692432      0              3.2269612      16.749722      24.297472    
     91000   165.23347      31.584205      17.731065      49.31527       7.3398957      4.8735799      0              3.4086514      15.962078      1149.4649    
     91100   191.13461      29.977284      20.510495      50.487779      7.244711       5.3840398      0              2.0490666      15.299467     -710.56429    
     91200   162.52335      34.238747      17.440245      51.678991      7.1523758      6.9098086      0              4.4246077      15.751955      18.509049    
     91300   178.67715      33.421078      19.173696      52.594774      6.2114318      6.2547265      0              4.1313172      16.823603     -1174.7549    
     91400   188.52417      33.045279      20.230371      53.27565       7.4217534      6.1884114      0              3.6377473      15.797367     -1577.988     
     91500   144.27155      38.058071      15.481659      53.53973       8.8680137      7.421461       0              5.5731006      16.195496      1428.1268    
     91600   184.91335      33.487509      19.842897      53.330406      5.7694225      7.6773462      0              3.0144307      17.02631      -1420.1955    
     91700   206.73084      30.33235       22.184113      52.516463      5.6459757      4.1510245      0              3.8302546      16.705095     -627.37387    
     91800   170.22658      32.741682      18.266872      51.008553      7.7758356      6.7087378      0              1.5798514      16.677257      1635.803     
     91900   123.06219      35.618419      13.2057        48.824119      6.3776464      9.9366647      0              3.3128162      15.991291      330.56291    
     92000   152.48446      30.378931      16.362979      46.74191       5.9066021      6.2108077      0              1.8024321      16.459089      2313.9636    
     92100   118.01712      32.752418      12.664318      45.416736      6.6252075      6.2441337      0              2.9056256      16.977451      3168.5493    
     92200   139.25023      29.879354      14.942825      44.822179      4.6624471      6.2712048      0              2.8897756      16.055926      773.0067     
     92300   138.44173      29.756184      14.856066      44.612251      5.7666662      4.6936104      0              3.6175528      15.678355      8.0784109    
     92400   136.73835      29.953612      14.673278      44.626889      5.0469093      6.328466       0              2.0199407      16.558295      2244.7771    
     92500   142.34259      29.580266      15.274664      44.854931      5.139678       3.9230095      0              3.520055       16.997524     -316.87224    
     92600   147.78372      29.445288      15.858547      45.303834      6.2645282      4.616865       0              2.376556       16.187339     -1603.4402    
     92700   132.57274      31.725859      14.22627       45.952129      5.6750682      4.8311632      0              4.6420345      16.577593      1345.273     
     92800   166.65341      28.90264       17.883438      46.786078      6.3749642      3.97961        0              2.245472       16.302594     -2877.5866    
     92900   145.92861      32.033822      15.659477      47.693299      8.3314189      5.3521488      0              2.4636962      15.886558     -486.79178    
     93000   137.1402       33.853761      14.7164        48.570161      10.010252      5.5199192      0              1.9003264      16.423264     -863.11044    
     93100   128.75113      35.570676      13.816176      49.386853      11.386604      5.2133198      0              2.9742768      15.996476     -2506.9599    
     93200   185.22678      30.212266      19.876531      50.088797      4.9727904      5.8471549      0              2.515995       16.876326      574.83714    
     93300   177.41057      31.554528      19.037779      50.592307      6.9499637      6.4933745      0              1.5480002      16.563189     -314.11062    
     93400   144.84253      35.383078      15.54293       50.926008      12.397999      4.5961605      0              3.1650767      15.223842     -2782.6388    
     93500   180.36595      31.652862      19.354919      51.007781      7.3673265      6.1228913      0              2.268992       15.893652     -998.99579    
     93600   177.10248      31.860365      19.004719      50.865084      6.7572385      5.1994353      0              3.7697811      16.13391       975.3559     
     93700   147.962        34.541842      15.877678      50.419521      8.1281383      6.9049591      0              3.5614337      15.947311      1425.8581    
     93800   154.97533      32.872223      16.630273      49.502496      4.2355894      9.4521876      0              3.2985667      15.885879      2065.2987    
     93900   154.34601      31.476284      16.562741      48.039025      5.5413105      6.0788013      0              3.2582576      16.597915      841.90128    
     94000   138.04831      31.311164      14.813848      46.125013      7.6946108      5.6298921      0              2.7041985      15.282463      599.98154    
     94100   112.52004      32.322501      12.074431      44.396931      6.8167307      6.9911938      0              2.4920992      16.022477      2646.63      
     94200   142.08318      28.069557      15.246827      43.316384      6.1919372      3.888439       0              2.0217514      15.967429     -2058.2637    
     94300   148.9589       26.849344      15.984655      42.833999      4.3074268      4.7386148      0              1.475671       16.327632      302.24881    
     94400   122.24451      29.66907       13.117956      42.787026      5.4009816      5.3368638      0              2.4876695      16.443555     -523.76841    
     94500   130.21027      29.055853      13.972755      43.028608      6.9663912      4.705697       0              2.1503209      15.233444     -2567.6672    
     94600   136.84342      28.829453      14.684553      43.514005      6.1877591      4.9543344      0              1.6672575      16.020102     -565.01963    
     94700   137.84573      29.419682      14.79211       44.211792      5.8677744      5.0681678      0              2.9914943      15.492245     -2609.9826    
     94800   158.96564      27.951354      17.058469      45.009824      5.1014823      5.4380849      0              1.804039       15.607748      598.09932    
     94900   134.22332      31.452954      14.403392      45.856346      6.2683253      5.9856001      0              3.6305799      15.568448      1726.3793    
     95000   146.95361      30.890274      15.769469      46.659742      5.0685951      6.9688775      0              3.3623481      15.490453      599.38912    
     95100   151.51262      31.116445      16.258692      47.375137      5.9333741      6.6189586      0              2.0275744      16.536538      1654.5006    
     95200   129.43438      34.103482      13.889495      47.992977      7.3241457      8.6379918      0              2.1559016      15.985443     -928.49683    
     95300   146.24066      32.791795      15.692962      48.484757      5.4757057      7.7544512      0              3.6877952      15.873842      59.422561    
     95400   187.35039      28.730583      20.104414      48.834996      5.1255291      6.0961311      0              2.2377217      15.271201     -758.93181    
     95500   167.83441      31.006583      18.01017       49.016753      5.5012508      5.6658925      0              3.4749199      16.36452       393.69809    
     95600   149.76609      32.94136       16.071274      49.012634      7.8277653      6.3056035      0              2.2847271      16.523264      555.39575    
     95700   167.78448      30.906832      18.004812      48.911645      5.3727658      6.828305       0              2.049411       16.656351      1978.198     
     95800   153.22619      32.35993       16.442573      48.802503      6.177354       6.7658655      0              2.9451205      16.47159       1788.7006    
     95900   156.86246      31.824864      16.832779      48.657642      6.1864755      5.6001566      0              2.9867376      17.051494      1423.9733    
     96000   138.83923      33.467452      14.898722      48.366173      7.9016686      6.0809132      0              3.5744003      15.91047      -3658.165     
     96100   139.91539      32.930817      15.014203      47.94502       5.9632173      8.0486067      0              2.4635445      16.455449     -1.2316223    
     96200   131.77695      33.266316      14.140874      47.40719       5.2429694      8.8596009      0              2.9466168      16.217129      391.78128    
     96300   133.40231      32.08065       14.31529       46.39594       7.6342023      6.1017921      0              2.6183008      15.726355     -2777.5422    
     96400   160.13198      27.545705      17.183629      44.729334      4.0794738      4.8512575      0              2.1238338      16.49114       1393.1973    
     96500   145.52761      27.329365      15.616446      42.945811      3.9309043      5.8330826      0              1.8288083      15.73657       2144.4441    
     96600   114.33742      29.34233       12.269453      41.611783      3.7477264      6.8783013      0              3.2776364      15.438666      889.4553     
     96700   115.67528      28.443965      12.413017      40.856982      6.2679028      4.7140447      0              2.4999952      14.962022      509.3808     
     96800   103.13145      29.434126      11.06695       40.501076      4.9388746      5.0607269      0              3.6333102      15.801214     -290.21967    
     96900   126.71247      26.933821      13.597409      40.53123       4.3697636      6.1178841      0              1.3206404      15.125533     -580.08719    
     97000   101.8277       29.981255      10.927045      40.9083        6.3071965      5.0378745      0              3.0874739      15.54871      -604.19109    
     97100   113.68194      29.459706      12.199113      41.65882       5.648328       4.5406839      0              2.4078231      16.862871      887.06373    
     97200   119.95846      29.843593      12.872642      42.716235      5.9764206      5.2424687      0              2.3202111      16.304493     -482.00318    
     97300   159.56347      26.852647      17.122622      43.975269      4.229525       4.3081053      0              2.6243813      15.690635     -1165.5971    
     97400   153.12891      28.643947      16.432134      45.076081      5.7008905      5.840386       0              1.9931178      15.109553     -1732.4165    
     97500   138.06068      31.213029      14.815175      46.028204      5.2693079      7.8612626      0              1.7428711      16.339587     -171.3691     
     97600   154.87801      30.152855      16.619829      46.772684      5.2553048      5.9393212      0              1.5697513      17.388478     -25.992702    
     97700   131.65241      33.331476      14.12751       47.458985      8.4626121      4.3653852      0              4.4182531      16.085225     -2175.5046    
     97800   114.97429      35.710485      12.337795      48.048279      6.5346212      6.781402       0              5.846278       16.548184      1538.7387    
     97900   132.64824      34.339373      14.234372      48.573745      6.0507419      5.2725096      0              6.5424697      16.473652      342.63239    
     98000   151.29152      32.790589      16.234966      49.025556      4.695525       5.4049904      0              4.1515093      18.538565      3251.493     
     98100   158.6649       32.401178      17.026197      49.427375      4.8548862      5.6848817      0              4.9931427      16.868267      1300.035     
     98200   140.1308       34.728035      15.037319      49.765355      8.8495096      8.024815       0              2.0388595      15.814851     -2191.6126    
     98300   159.59444      32.854653      17.125945      49.980599      5.8417633      6.1118969      0              4.7484974      16.152496      776.5507     
     98400   180.15174      30.724858      19.331932      50.05679       5.3942902      4.6673208      0              3.4836051      17.179641     -268.73376    
     98500   153.66309      33.500827      16.489457      49.990284      7.717181       5.0739785      0              3.6036823      17.105985     -911.63153    
     98600   162.95857      32.17762       17.486948      49.664568      7.1977111      6.8055897      0              2.4033386      15.770981     -599.30208    
     98700   175.71794      30.242964      18.856145      49.099109      7.3002777      5.8565044      0              1.6590933      15.427089     -1423.5942    
     98800   175.33232      29.387511      18.814764      48.202275      3.757086       5.2286071      0              3.0929518      17.308866      308.03401    
     98900   167.94436      28.942591      18.021969      46.96456       3.7103413      5.7359808      0              2.3390782      17.157191      917.10147    
     99000   143.62327      30.122036      15.412092      45.534128      5.3532364      6.6667312      0              2.5981949      15.503873     -938.31692    
     99100   139.50582      29.305922      14.970253      44.276175      6.7952142      5.2072366      0              2.6341873      14.669283     -1965.7531    
     99200   113.19765      31.185546      12.147145      43.332691      7.402111       3.4649458      0              3.47795        16.840539      965.23359    
     99300   103.62124      31.683317      11.119509      42.802826      7.1192279      4.1794008      0              4.0204734      16.364215      543.78085    
     99400   140.27067      27.535522      15.052328      42.58785       6.0991592      4.872285       0              0.91461348     15.649464      163.95391    
     99500   105.55164      31.387233      11.326659      42.713891      6.4010406      7.8255173      0              2.0367309      15.123944      190.53432    
     99600   121.35069      30.135219      13.022041      43.15726       6.7522877      5.1058423      0              2.720101       15.556988     -1738.816     
     99700   123.16093      30.621115      13.216296      43.837412      5.7644065      6.0250983      0              2.3910987      16.440512      1275.4587    
     99800   135.62119      30.202413      14.553396      44.755809      5.3950979      7.4720303      0              1.6689234      15.666361      1812.9257    
     99900   148.67008      29.78894       15.953662      45.742602      5.5133616      5.9562464      0              2.9261137      15.393219     -822.91408    
    100000   161.76578      29.316097      17.35895       46.675047      6.1334954      5.3361488      0              1.6917318      16.154721     -85.860292    
    100100   143.88382      31.89404       15.440052      47.334092      5.5759292      6.8094119      0              2.3576346      17.151064      1459.3291    
    100200   160.32806      30.621056      17.20467       47.825726      6.6613413      6.3455051      0              1.5271114      16.087098     -390.10594    
    100300   172.91112      29.594382      18.554947      48.149329      6.9514008      5.0535874      0              1.2832856      16.306108      31.615807    
    100400   137.44021      33.568999      14.748594      48.317593      8.6486393      4.632445       0              3.1850528      17.102862      1421.7562    
    100500   149.85983      32.257321      16.081332      48.338653      7.5412309      4.4122713      0              3.3864912      16.917327     -416.90063    
    100600   147.49651      32.439838      15.827727      48.267565      6.7420752      6.794815       0              2.8799847      16.022963     -672.96127    
    100700   142.54425      32.822076      15.296304      48.118381      6.4076725      8.1619522      0              2.7795704      15.472881     -1561.3849    
    100800   172.84561      29.410144      18.547918      47.958062      6.337966       4.5313682      0              2.5638446      15.976965     -2908.5746    
    100900   170.77719      29.428568      18.325957      47.754525      5.2013205      4.3568399      0              3.3281321      16.542276      74.319502    
    101000   157.1129       30.717158      16.859653      47.576811      6.7454971      5.6736203      0              2.9818415      15.316199     -2233.3603    
    101100   146.33781      31.69039       15.703387      47.393778      7.9190358      4.6301815      0              3.6555274      15.485646     -1065.7477    
    101200   119.01412      34.448982      12.771305      47.220287      8.5919639      6.9419969      0              2.8507629      16.064258     -61.336714    
    101300   132.74599      32.811856      14.244861      47.056717      8.4150634      5.041181       0              2.1956168      17.159995      872.6737     
    101400   174.45493      28.112445      18.720612      46.833057      5.9019172      4.368546       0              1.9878053      15.854177      1498.8753    
    101500   152.06337      30.14749       16.317793      46.465283      7.0744067      5.594269       0              1.8550103      15.623804      2977.4286    
    101600   161.63023      28.604247      17.344404      45.948651      5.9058124      5.667073       0              1.9976561      15.033706     -421.85399    
    101700   166.73015      27.460612      17.891672      45.352284      5.417923       5.8795252      0              0.82421335     15.33895      -1683.965     
    101800   124.92576      31.319837      13.405678      44.725515      6.9707287      6.7303767      0              1.4348668      16.183864      2001.1642    
    101900   124.31503      30.793943      13.340142      44.134085      5.0657917      7.6535699      0              2.1432055      15.931376     -939.14972    
    102000   138.25965      28.822         14.836527      43.658527      5.2459777      6.1632551      0              1.5915083      15.821259      1301.9398    
    102100   121.14792      30.347075      13.000282      43.347357      7.5479223      4.476993       0              2.2341219      16.088038     -180.391      
    102200   127.23446      29.614946      13.653423      43.268369      6.3804301      5.0799184      0              1.4521312      16.702467      523.00608    
    102300   134.51438      28.95236       14.434626      43.386985      5.0927794      6.3804454      0              1.8015697      15.677565      932.4817     
    102400   138.94387      28.784696      14.90995       43.694646      4.6068753      6.0039658      0              2.849375       15.32448      -1799.9045    
    102500   139.30351      29.392335      14.948543      44.340878      6.5501193      5.7179369      0              1.8254486      15.29883      -1387.5419    
    102600   131.78067      31.181022      14.141273      45.322295      6.396627       6.6740492      0              2.1223378      15.988008     -919.9084     
    102700   140.76755      31.45843       15.105648      46.564077      7.7547622      5.2040355      0              2.4351238      16.064508      1481.2671    
    102800   143.1929       32.556844      15.36591       47.922754      6.6593103      8.7584244      0              1.6078082      15.531301     -175.21113    
    102900   146.41228      33.421632      15.711379      49.133011      5.8803855      9.3304425      0              1.8237253      16.387079      1413.3427    
    103000   148.39011      34.05562       15.923618      49.979238      10.75635       5.8447768      0              1.4058088      16.048684     -569.28102    
    103100   163.52867      32.973694      17.548124      50.521818      6.3839199      8.9648962      0              1.6399826      15.984895      1513.2097    
    103200   191.1046       30.179706      20.507275      50.68698       5.8074369      7.2785676      0              1.6483349      15.445366      145.77518    
    103300   158.32041      33.646554      16.98923       50.635784      8.8785866      6.4994866      0              2.0065323      16.261948      184.71459    
    103400   191.16407      29.804892      20.513656      50.318548      7.6114054      4.069832       0              1.5355864      16.588068      1922.2207    
    103500   173.95944      31.141637      18.667442      49.809079      6.3071966      6.6107464      0              2.12509        16.098604     -475.55894    
    103600   183.16024      29.549107      19.654771      49.203879      6.639096       5.8296156      0              0.64353356     16.436862      1770.7635    
    103700   165.73482      30.627191      17.784865      48.412056      7.4972306      4.2059662      0              1.9209487      17.003045     -2515.8537    
    103800   137.95354      32.818551      14.803679      47.62223       8.059818       6.0647186      0              2.2885127      16.405502     -3695.7701    
    103900   162.24375      29.377269      17.41024       46.78751       5.5660705      5.6366094      0              1.7513721      16.423217      1000.094     
    104000   143.14461      30.739987      15.360728      46.100716      5.7761295      7.1395823      0              0.95977797     16.864498      274.78529    
    104100   127.48182      31.916651      13.679967      45.596618      7.4139116      4.7278983      0              3.3479393      16.426902     -649.99212    
    104200   162.91595      27.658719      17.482374      45.141093      5.116204       3.7666719      0              3.0996225      15.676221     -1217.5306    
    104300   142.37816      29.524226      15.278481      44.802707      4.8172401      7.1285473      0              1.4325369      16.145901      3252.6661    
    104400   159.46251      27.37811       17.111789      44.489899      4.2101224      3.7623759      0              3.5472454      15.858366      458.83176    
    104500   132.03734      29.926821      14.168816      44.095638      4.2995664      6.3456831      0              3.0013196      16.280252     -243.6898     
    104600   113.49287      31.367566      12.178825      43.546391      5.8831202      7.04174        0              2.6294639      15.813241     -1105.2856    
    104700   109.68443      31.091164      11.770145      42.861308      6.2050531      4.8638038      0              3.6984247      16.323882      251.69035    
    104800   93.819434      32.209808      10.067685      42.277493      7.6731366      4.353343       0              3.313662       16.869667      1847.8606    
    104900   141.7332       26.708487      15.209271      41.917758      4.9138743      3.9678944      0              1.4276879      16.399031      457.25938    
    105000   147.95608      25.904898      15.877043      41.781941      4.8691173      3.830389       0              1.9900535      15.215338     -577.75694    
    105100   120.52122      29.031149      12.933031      41.96418       4.8843334      5.2751981      0              3.1419682      15.729649      368.09045    
    105200   138.4769       27.630298      14.85984       42.490138      4.8573904      3.9708743      0              2.9558201      15.846213     -921.8969     
    105300   137.30135      28.58481       14.733693      43.318503      5.577607       3.543433       0              3.2272862      16.236483      201.19359    
    105400   128.85997      30.513114      13.827856      44.34097       6.5325418      6.1204968      0              1.8610596      15.999016     -2576.568     
    105500   120.62076      32.632526      12.943713      45.576239      8.5628022      5.7496017      0              2.4975296      15.822593     -2187.5418    
    105600   104.95381      35.530282      11.262505      46.792788      9.4728267      7.4615338      0              0.94360673     17.652315     -829.41316    
    105700   164.01902      30.265861      17.600744      47.866604      6.254748       5.3879349      0              1.5250024      17.098175      1947.0101    
    105800   198.48654      27.56753       21.299424      48.866954      4.0641504      5.7987024      0              2.1771432      15.527534     -604.85824    
    105900   176.58176      30.626126      18.94884       49.574967      4.1931753      7.6681251      0              3.6973079      15.067518     -1002.265     
    106000   159.60171      32.916075      17.126725      50.042801      5.1964813      8.8715371      0              2.6056459      16.242411     -11.556918    
    106100   167.41542      32.323626      17.965208      50.288835      7.3007624      5.9002824      0              2.9917799      16.130802     -24.477411    
    106200   176.81049      31.283473      18.973385      50.256858      6.2092723      6.3344354      0              2.8748233      15.864942      232.8627     
    106300   155.77455      33.398135      16.716036      50.114171      5.424277       6.7035984      0              4.9061537      16.364106      24.705646    
    106400   142.02385      34.552718      15.240461      49.793178      6.6621558      6.5617105      0              3.7787285      17.550123      1608.8956    
    106500   179.48172      30.011341      19.260033      49.271374      5.679451       4.6642733      0              3.1013746      16.566242      359.22038    
    106600   211.02756      25.760661      22.645191      48.405851      4.0495878      3.4981034      0              2.6461308      15.566839     -257.68258    
    106700   164.18605      29.652919      17.618667      47.271586      5.8509536      6.5377607      0              1.9402483      15.323957     -1073.8719    
    106800   140.40338      30.909742      15.066569      45.97631       5.3437804      6.1303958      0              3.1941928      16.241372     -279.59729    
    106900   167.60223      26.826419      17.985254      44.811673      4.9404861      3.8851492      0              1.9240336      16.07675       2242.3708    
    107000   139.89389      28.903836      15.011896      43.915732      4.9886332      6.1544331      0              1.5825741      16.178196      1325.6429    
    107100   120.88616      30.427236      12.972192      43.399428      6.4274591      6.3455348      0              1.8421287      15.812113      1361.8595    
    107200   141.33097      27.956119      15.166108      43.122226      5.4128475      4.0991188      0              2.4978158      15.946337      769.39161    
    107300   137.33644      28.344407      14.737458      43.081866      4.4846954      5.6502593      0              2.2079694      16.001483     -78.189984    
    107400   141.70438      28.076129      15.206179      43.282307      4.7814437      5.2675824      0              2.7157199      15.311383     -597.68724    
    107500   115.37704      31.294785      12.381014      43.675799      6.9854614      6.4907022      0              3.1082661      14.710355     -2460.5992    
    107600   129.89189      30.316305      13.93859       44.254895      6.2834936      5.6769957      0              3.2224642      15.133352     -841.59206    
    107700   134.11885      30.641686      14.392182      45.033868      5.3525283      5.9854485      0              2.7600573      16.543652      2013.1726    
    107800   127.84808      32.248492      13.71927       45.967762      5.2866141      9.6209686      0              1.8190769      15.521832      806.63861    
    107900   155.83454      30.222059      16.722474      46.944533      5.9989149      5.9149034      0              2.9184908      15.38975       926.11268    
    108000   154.88784      31.096121      16.620885      47.717006      6.0283088      4.8630576      0              4.6894269      15.515328      1409.651     
    108100   122.13819      34.997696      13.106547      48.104243      8.5341248      8.3049206      0              2.711428       15.447222     -1310.1608    
    108200   144.02616      32.747785      15.455327      48.203112      7.5618554      6.0906537      0              3.3386608      15.756616     -592.38472    
    108300   155.03904      31.484124      16.63711       48.121233      6.0214         6.4650911      0              2.9724869      16.025146      257.12279    
    108400   160.55186      30.773934      17.228685      48.002619      5.6922223      7.3714816      0              1.3985168      16.311713     -1608.5332    
    108500   145.31493      32.325304      15.593623      47.918927      5.9247264      6.9553065      0              3.3187096      16.126561     -775.3069     
    108600   124.28451      34.523549      13.336867      47.860416      6.832315       8.5733665      0              2.7700826      16.347785     -379.02563    
    108700   149.90051      31.738608      16.085698      47.824306      5.75994        7.3760892      0              1.8525113      16.750067      406.30104    
    108800   167.37591      29.898891      17.960968      47.85986       6.0182963      5.4169014      0              2.227391       16.236303     -1140.5088    
    108900   141.02959      32.746537      15.133767      47.880304      8.5838358      3.9669675      0              3.9284514      16.267282     -177.56947    
    109000   159.5565       30.709985      17.121874      47.831859      7.8128553      5.196637       0              2.5092219      15.191271     -2623.54      
    109100   153.38383      31.218619      16.45949       47.678108      6.4763575      6.0095907      0              3.0764064      15.656264      22.527626    
    109200   163.70503      29.749238      17.56705       47.316288      4.8654518      6.3851795      0              2.3225767      16.17603       1957.2399    
    109300   143.58085      31.502579      15.407541      46.91012       3.8600067      8.6725256      0              2.9308569      16.03919       707.85084    
    109400   154.09991      29.968244      16.536332      46.504576      4.4729037      6.2615476      0              3.2979129      15.93588       2499.8886    
    109500   150.65319      29.915438      16.166468      46.081906      4.505923       6.5527256      0              2.972183       15.884606      423.35874    
    109600   165.59267      27.887021      17.769611      45.656632      6.8984399      4.4181962      0              1.0202023      15.550183     -257.21972    
    109700   146.96866      29.333113      15.771084      45.104196      7.7039601      4.4779526      0              2.0228007      15.128399     -1547.707     
    109800   139.16868      29.559349      14.934075      44.493424      7.1823015      4.0343413      0              2.7268466      15.61586      -1425.6227    
    109900   131.22485      29.86595       14.081629      43.947579      6.4976668      4.6067731      0              2.6232308      16.13828       85.797596    
    110000   136.78707      28.821869      14.678506      43.500375      3.8749313      6.4881446      0              1.5369868      16.921806      512.40069    
    110100   141.56008      28.078686      15.190694      43.269379      5.1364977      4.8581575      0              2.0779483      16.006082     -886.56728    
    110200   127.42792      29.519425      13.674183      43.193609      5.4385503      4.4363635      0              3.9347167      15.709795     -1913.2048    
    110300   129.97152      29.385251      13.947135      43.332386      5.1164697      5.0381078      0              2.9869969      16.243676     -659.78919    
    110400   130.16786      29.882454      13.968204      43.850658      8.1372128      4.5336273      0              1.5247322      15.686882     -2463.7404    
    110500   145.1793       29.207048      15.579069      44.786117      7.5607806      3.4952531      0              2.6407486      15.510266     -3223.9629    
    110600   144.60205      30.640507      15.517125      46.157632      4.3034001      7.34319        0              3.0987005      15.895216      984.78306    
    110700   154.27284      31.165155      16.554889      47.720044      6.5255391      6.3538431      0              1.9031666      16.382606      1987.1207    
    110800   175.22821      30.25346       18.803592      49.057052      6.1522503      6.0811748      0              1.9840061      16.036028     -253.69647    
    110900   161.51215      32.731073      17.331733      50.062806      5.5435852      8.3286558      0              2.7897113      16.06912       726.13905    
    111000   182.98622      31.015565      19.636098      50.651663      6.6403871      6.0957868      0              2.8879567      15.391435      483.89029    
    111100   168.7801       32.821141      18.111651      50.932792      5.8563548      7.7319152      0              3.0906124      16.142259      1135.4149    
    111200   146.32965      35.278156      15.702513      50.980668      8.9653201      7.1803571      0              1.3119027      17.820576      3866.7443    
    111300   169.54106      32.535012      18.193309      50.728321      5.3962091      8.6693139      0              2.1623781      16.307111      795.09014    
    111400   178.5494       31.166714      19.159987      50.326701      5.4962973      6.4140226      0              2.9370561      16.319338      750.86349    
    111500   164.09474      32.124954      17.608869      49.733823      5.1199591      7.5115795      0              1.9670176      17.526398      2945.6978    
    111600   145.86376      33.307077      15.652518      48.959596      7.6140609      7.0199878      0              2.5819824      16.091046     -443.44781    
    111700   149.47628      32.131666      16.040175      48.171841      7.4775545      6.3477201      0              2.6162521      15.690139     -1647.3105    
    111800   167.90299      29.255019      18.017529      47.272548      5.1575444      4.5620094      0              3.8816539      15.653811      481.66064    
    111900   147.56348      30.446432      15.834913      46.281345      4.6239626      6.7582114      0              2.8969693      16.167289     -1171.3364    
    112000   131.16707      31.264254      14.075429      45.339683      6.0735839      6.1931672      0              2.5982912      16.399211      1287.6295    
    112100   154.70361      27.906368      16.601115      44.507483      4.0909382      4.3051172      0              3.5248152      15.985497     -1147.3075    
    112200   141.75465      28.643578      15.211573      43.855151      5.7865801      3.643984       0              3.3387281      15.874286     -1360.5354    
    112300   115.96915      30.842621      12.444552      43.287173      4.929648       6.3892211      0              3.1612888      16.362463      328.5036     
    112400   125.41464      29.369938      13.45814       42.828078      4.7029238      6.1228669      0              1.892434       16.651713      906.12261    
    112500   142.77942      27.188665      15.32154       42.510204      5.8989072      3.2584906      0              1.7054924      16.325775      1005.9637    
    112600   121.29919      29.234645      13.016514      42.25116       5.8766652      5.8115207      0              1.4893481      16.057111      510.79809    
    112700   103.63904      31.080479      11.121419      42.201898      5.6847673      7.1285797      0              2.6883661      15.578766      702.90201    
    112800   126.33028      28.979854      13.556397      42.536251      5.1777177      4.3977093      0              3.1164431      16.287984      2216.0093    
    112900   126.89412      29.702243      13.616902      43.319144      4.9845958      4.7073694      0              4.1454728      15.864804      410.63893    
    113000   132.99273      30.238926      14.271339      44.510265      8.8452954      4.1273106      0              2.1282724      15.138048     -2644.2528    
    113100   129.77385      31.969709      13.925923      45.895631      7.7564091      6.3555065      0              2.5809908      15.276802     -740.06259    
    113200   127.79683      33.482745      13.71377       47.196516      8.7229324      5.51964        0              2.7990404      16.441133     -253.92039    
    113300   153.50632      31.847372      16.472635      48.320007      7.9777766      3.9232121      0              3.3869531      16.55943      -1345.8178    
    113400   148.3813       33.364539      15.922673      49.287212      8.5467519      6.9467675      0              1.2671771      16.603842      1097.0558    
    113500   157.32575      33.142661      16.882495      50.025156      7.0046362      6.7692059      0              3.0897403      16.279079     -344.10847    
    113600   173.60301      32.019048      18.629193      50.648241      5.2573556      7.8726753      0              2.7693715      16.119646      1459.7411    
    113700   149.26391      35.046018      16.017385      51.063403      6.2385672      8.9823511      0              3.1760139      16.649085      1628.8055    
    113800   192.12104      30.654759      20.616348      51.271107      6.6173296      7.4662175      0              1.5981291      14.973083     -1218.7637    
    113900   188.43998      30.947105      20.221336      51.168441      5.3537717      7.7436632      0              2.0097562      15.839913      1247.8724    
    114000   151.8946       34.451306      16.299682      50.750989      6.2016725      8.4581087      0              3.2322711      16.559254      747.96962    
    114100   175.3479       31.264455      18.816437      50.080891      6.3263012      6.0746507      0              2.5011925      16.36231       1244.2833    
    114200   155.73615      32.443291      16.711915      49.155207      6.2590646      8.0527684      0              2.7354849      15.395974     -277.3609     
    114300   163.02524      30.598248      17.494102      48.09235       5.600691       7.6635122      0              2.2275135      15.106532     -1895.1987    
    114400   180.40368      27.638446      19.358967      46.997414      5.2907844      4.2023716      0              2.7333818      15.411909     -1181.2225    
    114500   136.6369       31.235489      14.662391      45.89788       5.3824202      7.9976267      0              1.7683707      16.087072     -151.14273    
    114600   122.9266       31.810237      13.19115       45.001387      5.3579003      8.8479205      0              2.3668521      15.237564     -1256.2377    
    114700   124.06298      30.996743      13.313095      44.309837      6.7155504      7.1931836      0              2.0478348      15.040174     -1640.7669    
    114800   154.65415      27.213224      16.595808      43.809032      5.6622123      4.843322       0              1.6269422      15.080748     -2030.3895    
    114900   131.12151      29.494147      14.070539      43.564686      5.4338552      4.7805335      0              2.9717793      16.307979     -41.22106     
    115000   138.39195      28.691788      14.850724      43.542512      3.5542733      4.9345331      0              3.1910973      17.011884      2233.9731    
    115100   141.28928      28.583028      15.161635      43.744663      3.8559184      6.1287582      0              2.3554063      16.242945      660.26723    
    115200   114.00923      31.968699      12.234235      44.202935      3.8811297      8.2937317      0              2.900066       16.893772      2113.4238    
    115300   123.34396      31.686142      13.235936      44.922079      6.5535852      5.3206129      0              2.5504264      17.261518      2193.1722    
    115400   135.95164      31.131795      14.588856      45.720651      6.0997206      5.7442712      0              2.3411715      16.946631      877.54429    
    115500   136.5491       31.833661      14.65297       46.486631      6.0726406      7.4054039      0              2.1014717      16.254145      3196.4337    
    115600   145.91691      31.363142      15.658222      47.021364      5.7781069      6.231208       0              3.5318075      15.82202       511.05873    
    115700   164.61695      29.641098      17.664907      47.306005      5.5089022      6.5567122      0              1.582745       15.992739     -130.22967    
    115800   148.37193      31.5401        15.921668      47.461767      4.14063        7.8054471      0              3.8798595      15.714163      718.21394    
    115900   163.50408      29.934905      17.545486      47.480391      6.0426385      6.1411343      0              2.3744622      15.37667      -3889.2125    
    116000   157.18027      30.689834      16.866883      47.556717      4.5302501      6.3423329      0              3.5367212      16.28053       1210.4499    
    116100   148.79798      31.619063      15.967387      47.58645       6.0984231      7.4401624      0              2.1608037      15.919674     -1859.3974    
    116200   153.97207      31.020576      16.522614      47.543189      6.3194602      5.998994       0              2.5553225      16.146799     -1883.2959    
    116300   143.05111      32.135051      15.350695      47.485746      6.7215987      7.5842643      0              1.9148849      15.914303      77.379872    
    116400   154.28931      30.806752      16.556657      47.363409      7.0977929      5.509172       0              2.786379       15.413408     -1440.2407    
    116500   162.11719      29.812174      17.396659      47.208833      5.0154854      7.0875633      0              1.2899514      16.419174      409.22895    
    116600   163.50502      29.553945      17.545587      47.099531      5.5693822      4.9241063      0              2.9454093      16.115047      26.778361    
    116700   151.4482       30.756233      16.251779      47.008012      5.9970334      5.7182193      0              2.9313234      16.109657     -738.08619    
    116800   156.39355      30.169849      16.78246       46.952309      5.1277104      4.7171125      0              3.7356601      16.589366      768.26559    
    116900   153.60168      30.471848      16.482868      46.954716      6.307127       4.4491827      0              1.9036444      17.811894      5467.7538    
    117000   128.46471      33.282706      13.785441      47.068147      8.2480194      5.8800684      0              2.8711594      16.283459     -375.0846     
    117100   137.8031       32.464366      14.787535      47.251901      7.4835843      6.699631       0              1.9191081      16.362042      1867.5709    
    117200   149.67574      31.433221      16.061578      47.494799      4.8139005      8.2020654      0              2.0941014      16.323154      2488.4064    
    117300   147.51032      32.008302      15.829209      47.837511      6.75993        8.7999218      0              1.2841829      15.164267     -842.75834    
    117400   171.31342      29.883451      18.383499      48.26695       6.1124605      4.9788103      0              2.6841067      16.108073      582.79951    
    117500   130.87446      34.831793      14.044029      48.875822      8.3283277      7.4760366      0              3.5597365      15.467692     -2405.2989    
    117600   155.67691      32.856405      16.705559      49.561965      6.5011221      7.2717406      0              2.7467291      16.336814     -869.02542    
    117700   149.91931      34.146501      16.087716      50.234217      6.616795       7.3736712      0              3.5624331      16.593602     -732.91915    
    117800   160.47482      33.547039      17.220418      50.767457      9.2273813      4.8611742      0              4.2022608      15.256223     -3808.4376    
    117900   151.63146      34.805957      16.271445      51.077402      11.114977      4.5654659      0              3.7791645      15.346349     -1879.3039    
    118000   154.96207      34.497843      16.62885       51.126693      8.9669862      6.9787244      0              1.9610182      16.591115     -1515.1035    
    118100   146.09583      35.317498      15.677421      50.994919      9.8029316      5.1754941      0              2.4418943      17.897178      1990.1329    
    118200   154.58115      34.094911      16.587974      50.682885      8.7622552      6.271098       0              2.920821       16.140737      222.02353    
    118300   148.83445      34.096854      15.9713        50.068154      7.8761514      6.3948611      0              3.518576       16.307266      2221.5445    
    118400   159.4591       31.903717      17.111422      49.01514       4.462409       6.8595719      0              3.3722412      17.209495      94.286308    
    118500   148.80238      31.761126      15.967858      47.728985      6.5817285      5.2943205      0              2.9032661      16.981811      1065.2394    
    118600   116.8724       34.00463       12.541479      46.54611       8.0667532      5.3381852      0              3.9479251      16.651767      657.03917    
    118700   143.66796      30.151787      15.416888      45.568675      3.8709759      6.7158918      0              2.9837123      16.581207     -3.1498965    
    118800   137.81056      30.075616      14.788336      44.863952      5.6390224      4.8837665      0              2.1112947      17.441532      3045.5225    
    118900   136.17242      29.776857      14.612549      44.389406      4.9757285      5.7443793      0              2.8596179      16.197131      374.8294     
    119000   139.70426      29.095835      14.991547      44.087382      4.9481564      5.9307116      0              2.3998247      15.817142      616.88737    
    119100   150.5288       27.804629      16.15312       43.957749      3.9845229      5.3683944      0              2.2935967      16.158115     -360.63881    
    119200   134.80581      29.584648      14.465899      44.050547      4.5443586      5.9067448      0              3.0501479      16.083396     -1707.7439    
    119300   114.58834      32.180182      12.296379      44.476561      7.5229622      5.6032726      0              3.2623873      15.79156      -1404.0805    
    119400   133.61692      30.953622      14.33832       45.291942      8.2449568      5.5534021      0              2.3875049      14.767758     -4369.5068    
    119500   136.96496      31.847723      14.697595      46.545318      7.153362       5.9490315      0              3.3136301      15.4317       -1606.3127    
    119600   148.31608      32.233063      15.915675      48.148738      6.2819545      7.4025926      0              2.5468237      16.001692     -2264.4319    
    119700   204.3486       27.871201      21.928477      49.799678      4.9711071      4.0352297      0              2.6099249      16.254939     -938.73904    
    119800   193.43953      30.267895      20.757833      51.025729      5.0768127      6.3697496      0              2.6971306      16.124202      9.4717961    
    119900   206.32582      29.457759      22.14065       51.598409      4.1308174      7.5811565      0              2.0041712      15.741614      491.32083    
    120000   174.80152      32.936285      18.757804      51.694089      6.4603966      5.7079167      0              4.4203812      16.34759       1304.2287    
    120100   180.36646      32.105259      19.354973      51.460232      8.1547401      5.046254       0              2.8374048      16.06686       201.86792    
    120200   135.6638       36.467015      14.557969      51.024984      8.0688043      6.5628492      0              4.1290253      17.706336      6425.6337    
    120300   161.06005      33.299074      17.283219      50.582292      5.710256       6.8798149      0              4.1255926      16.58341       1012.0368    
    120400   153.64105      33.605807      16.487092      50.092899      6.4769608      8.7257705      0              1.6756775      16.727398      2392.1353    
    120500   162.96043      31.980011      17.487147      49.467158      6.6628815      5.530857       0              3.2850516      16.50122       1972.4897    
    120600   161.25358      31.521933      17.303987      48.825919      5.7656911      5.645065       0              3.1086497      17.002527      1487.127     
    120700   156.38851      31.427544      16.78192       48.209464      6.2997996      5.549581       0              2.6537116      16.924452     -270.10187    
    120800   152.3435       31.287448      16.347853      47.635301      6.4205614      5.5644443      0              2.2817837      17.020658      647.8935     
    120900   132.44213      32.870047      14.212254      47.082301      7.4827214      5.9420908      0              3.3735755      16.071659      124.45009    
    121000   108.29388      34.945062      11.620925      46.565987      7.0743438      7.3660448      0              4.8456402      15.659033     -2353.2884    
    121100   117.00736      33.60276       12.555961      46.158721      7.4098299      6.7239905      0              3.5763056      15.892634     -714.91722    
    121200   131.57334      31.684473      14.119025      45.803498      9.8440965      4.7032245      0              1.5804297      15.556723     -3543.5266    
    121300   151.66464      29.255512      16.275005      45.530517      5.2688867      6.5608877      0              1.9045334      15.521204     -1424.6695    
    121400   137.18883      30.580602      14.721619      45.302221      5.2319757      6.9372239      0              2.3629353      16.048467     -1020.1073    
    121500   154.50794      28.5595        16.580118      45.139618      5.5825278      4.6511025      0              1.9702077      16.355662     -1435.2568    
    121600   146.95027      29.288052      15.76911       45.057163      5.0204827      4.6477832      0              3.0821696      16.537617      1039.6123    
    121700   148.57941      29.197553      15.943932      45.141485      4.3334648      5.1441117      0              2.878717       16.841259      140.53411    
    121800   157.14246      28.628013      16.862826      45.490839      4.5102785      5.6048513      0              1.3821369      17.130747      2235.5473    
    121900   121.77651      33.070562      13.067736      46.138297      5.9310672      7.749419       0              2.8958829      16.494193      2323.822     
    122000   147.23049      31.179693      15.79918       46.978873      5.490143       6.7541381      0              2.6967779      16.238634      626.97832    
    122100   123.88156      34.656462      13.293626      47.950088      9.9564151      6.3965132      0              2.8655806      15.437953     -1040.0637    
    122200   138.54827      34.187054      14.867499      49.054552      5.9837142      7.4814154      0              4.2353135      16.486611      1686.4656    
    122300   169.36146      31.975856      18.174036      50.149892      5.8637444      6.2233133      0              3.0544751      16.834323      1274.9863    
    122400   165.51859      33.222828      17.761661      50.984489      6.8567768      5.3682539      0              4.1684285      16.829369     -494.48923    
    122500   220.02593      27.939245      23.610798      51.550043      3.0556441      5.9333482      0              3.2226646      15.727588      75.19144     
    122600   168.37581      33.753498      18.068267      51.821765      10.265971      5.0406518      0              2.9520777      15.494798     -850.58789    
    122700   150.40707      35.681218      16.140057      51.821275      8.2341481      6.8301303      0              4.4797861      16.137154      765.62151    
    122800   156.95599      34.752427      16.842816      51.595242      9.4412534      7.3141792      0              1.9870599      16.009934      783.24445    
    122900   131.58027      36.937548      14.119768      51.057316      9.5744337      7.8857807      0              2.9573003      16.520034      3780.9576    
    123000   192.92406      29.384826      20.702519      50.087345      6.2308052      5.7789715      0              1.9227754      15.452274      450.19256    
    123100   155.83793      32.064209      16.722838      48.787047      5.95757        6.6035612      0              3.6837609      15.819317     -965.86729    
    123200   170.71634      28.890471      18.319427      47.209899      5.9337861      5.6234043      0              1.5117638      15.821517     -2144.0586    
    123300   150.71358      29.67915       16.172948      45.852098      5.6508813      6.5528592      0              2.219447       15.255963     -577.84976    
    123400   135.68761      30.234967      14.560524      44.795491      7.3446413      4.7948846      0              2.5567054      15.538735     -2118.9344    
    123500   122.38363      31.030794      13.132885      44.163679      5.4060234      7.6328032      0              2.1947048      15.797263     -478.31523    
    123600   135.73333      29.359729      14.56543       43.925159      5.4827134      6.1908622      0              1.0493354      16.636818     -641.78629    
    123700   129.58317      30.04728       13.905461      43.952742      5.3652854      6.3683888      0              2.573663       15.739943     -1218.9909    
    123800   152.64911      27.811919      16.380648      44.192567      4.0319469      4.6942272      0              2.8475322      16.238213     -1416.1429    
    123900   127.63327      30.873809      13.69622       44.570028      4.8212489      6.6115347      0              2.7015047      16.73952       1234.2072    
    124000   145.44083      29.503321      15.607133      45.110454      4.2102302      5.1263212      0              4.1821866      15.984583     -427.57167    
    124100   134.54439      31.367877      14.437846      45.805723      5.8254954      4.6625416      0              3.3289643      17.550876      2647.9856    
    124200   132.71105      32.207828      14.241111      46.448939      7.0244182      5.0766885      0              3.0189064      17.087815      2159.7627    
    124300   149.20639      31.082634      16.011212      47.093846      5.6851818      7.8434679      0              1.854475       15.699509     -1768.1028    
    124400   139.18334      32.806077      14.935647      47.741724      6.77704        7.5322567      0              2.1167156      16.380064     -224.89528    
    124500   170.74026      30.025497      18.321994      48.347491      5.7379901      4.9681288      0              2.3901877      16.92919       689.46105    
    124600   159.87126      31.724272      17.155651      48.879923      5.5989655      7.8152799      0              2.2020138      16.108013      27.622506    
    124700   160.59187      31.957519      17.232979      49.190498      7.1801444      6.7617849      0              2.5607404      15.454849     -407.90477    
    124800   150.95587      33.193285      16.198948      49.392233      8.3500168      6.1755316      0              2.599865       16.067872      54.783599    
    124900   148.84579      33.464155      15.972517      49.436672      9.0252168      5.9643452      0              2.7673712      15.707222     -369.07448    
    125000   150.5433       33.147912      16.154675      49.302587      8.5744536      7.2537958      0              2.5227196      14.796943     -3366.7577    
    125100   143.70068      33.657581      15.4204        49.077981      7.0755294      5.9214269      0              4.5216995      16.138925     -724.91241    
    125200   152.46597      32.328385      16.360996      48.689381      6.2896332      5.6714079      0              4.0717382      16.295606     -936.56527    
    125300   149.51361      32.169138      16.044181      48.213319      6.4276722      7.3332763      0              2.1671176      16.241072     -1176.5007    
    125400   147.40047      32.061022      15.817421      47.878442      6.9302382      4.8813593      0              3.8343438      16.41508       1188.9202    
    125500   137.57352      32.780738      14.762899      47.543636      7.3090429      5.3191896      0              2.7927041      17.359801      1473.7856    
    125600   118.99171      34.508853      12.7689        47.277753      7.4720536      5.3701568      0              4.3172872      17.349355      1986.598     
    125700   134.92742      32.59531       14.478949      47.074258      7.1889216      6.152515       0              3.1092751      16.144598     -30.951414    
    125800   142.80629      31.645254      15.324424      46.969678      4.9619592      6.4126129      0              3.5932802      16.677402      3183.1155    
    125900   162.60105      29.475939      17.448583      46.924522      4.8117035      6.1162148      0              2.4059157      16.142105     -1229.3194    
    126000   138.84007      32.04331       14.898811      46.942122      5.9156303      7.2454848      0              3.0025643      15.879631     -907.37356    
    126100   149.47847      30.994875      16.040409      47.035285      6.0114866      6.0122678      0              2.820402       16.150719     -432.27128    
    126200   128.08883      33.412747      13.745105      47.157852      7.2981058      7.809667       0              2.7698111      15.535163     -279.95452    
    126300   161.66635      29.900045      17.348281      47.248326      4.8860277      5.9074488      0              2.9048778      16.201691     -442.49443    
    126400   147.19549      31.507165      15.795425      47.302589      5.651056       5.3166683      0              4.5827659      15.956675     -1091.4073    
    126500   187.12442      27.278368      20.080164      47.358532      3.3620179      5.0144666      0              2.9329059      15.968978      505.83849    
    126600   173.09095      28.850163      18.574244      47.424408      4.1341587      4.461101       0              3.6839889      16.570915      2101.2475    
    126700   153.06944      31.024436      16.425753      47.450189      6.4441323      3.6338574      0              4.7553092      16.191137      195.27695    
    126800   149.48309      31.382054      16.040905      47.422959      6.8987417      3.8997396      0              3.5361927      17.04738       28.49965     
    126900   136.90066      32.734122      14.690695      47.424816      5.6137307      7.0195384      0              3.5438105      16.557042      787.52186    
    127000   169.39667      29.26877       18.177815      47.446585      3.33581        6.1797556      0              2.5889571      17.164248      1323.5496    
    127100   169.61832      29.299633      18.2016        47.501233      4.9124022      5.5404119      0              1.8346805      17.012139     -578.36096    
    127200   170.4392       29.338352      18.289687      47.628039      5.1958615      5.2876469      0              1.5864015      17.268442      1845.7218    
    127300   144.21515      32.302664      15.475607      47.778271      4.8048689      7.16182        0              2.6570764      17.678899      2795.4039    
    127400   136.37939      33.26898       14.634758      47.903738      7.4639278      7.9795353      0              1.9517614      15.873755     -843.00718    
    127500   142.37024      32.774247      15.277632      48.051879      7.7504888      4.6620266      0              3.2888799      17.072852      3282.0012    
    127600   169.52965      29.995131      18.192084      48.187215      4.8362168      3.9969782      0              5.1648599      15.997076     -1963.1291    
    127700   167.82719      30.36227       18.009395      48.371665      5.0241895      7.4276723      0              1.6233138      16.287094     -1026.8013    
    127800   158.86211      31.512463      17.04736       48.559824      6.1854276      6.4356939      0              2.9810931      15.910249     -1445.2908    
    127900   161.48643      31.36832       17.328974      48.697294      4.5119956      8.7833657      0              2.413697       15.659262     -1927.2142    
    128000   119.79681      35.97619       12.855295      48.831485      8.0175981      8.4462832      0              3.1754287      16.33688      -2504.307     
    128100   143.6104       33.538302      15.410711      48.949013      7.2624149      7.7397788      0              3.0304138      15.505694     -1156.7301    
    128200   131.02409      34.923379      14.060085      48.983464      7.2631225      9.678906       0              2.5617586      15.419592     -251.46995    
    128300   164.33746      31.222838      17.634915      48.857753      8.7773474      6.0870526      0              1.2745057      15.083933     -1132.6414    
    128400   170.73573      30.200988      18.321508      48.522496      6.0673127      6.6418587      0              1.3299926      16.161824      660.67716    
    128500   160.90985      30.699874      17.267101      47.966975      5.5869432      6.8345327      0              2.2947439      15.983655      941.18718    
    128600   123.17271      34.03988       13.21756       47.257441      5.7231446      7.7049487      0              4.1279868      16.4838        3840.6367    
    128700   146.36475      30.798581      15.706278      46.504859      6.3408411      5.9546225      0              2.0018021      16.501315      717.3241     
    128800   130.93989      31.672752      14.051049      45.723802      6.3441834      5.6815012      0              3.0754298      16.571638      586.9791     
    128900   135.62511      30.411136      14.553817      44.964953      6.128134       6.7916585      0              1.4532809      16.038062      3165.4897    
    129000   126.42537      30.749048      13.566601      44.315649      5.1680977      5.7228514      0              3.9407225      15.917377      612.70206    
    129100   141.22743      28.561575      15.154998      43.716572      4.2073045      5.7414777      0              2.8069028      15.805889      689.41687    
    129200   150.73026      27.065785      16.174738      43.240523      4.7680083      4.5416543      0              1.888891       15.867231     -778.94104    
    129300   144.10092      27.483897      15.463348      42.947245      4.8651565      4.1844305      0              2.2252918      16.209018      1002.464     
    129400   137.97961      28.060786      14.806476      42.867261      3.9688723      5.2192834      0              2.1578541      16.714776     -119.77398    
    129500   125.60018      29.598112      13.47805       43.076161      5.7832398      5.1302539      0              1.6787325      17.005886     -538.35016    
    129600   110.75618      31.800835      11.885153      43.685987      5.8995355      7.8279042      0              2.1596997      15.913695     -1120.9009    
    129700   116.51763      32.409696      12.503409      44.913106      5.4471889      7.2846959      0              3.3519225      16.325889     -802.68986    
    129800   126.0819       33.120899      13.529743      46.650643      7.9292304      5.8581954      0              3.6282303      15.705243     -2340.2994    
    129900   158.42245      31.370948      17.000181      48.371128      5.0760792      7.0254782      0              2.570791       16.698599      780.15455    
    130000   158.5193       32.605237      17.010573      49.61581       8.2300262      6.5463965      0              1.9540668      15.874747     -1574.4674    
    130100   191.81088      29.873087      20.583065      50.456152      6.6920647      6.4857163      0              1.1516206      15.543686     -1834.3422    
    130200   176.98102      31.856587      18.991685      50.848272      6.3619874      7.1130705      0              1.773969       16.60756       1637.7923    
    130300   170.26415      32.753616      18.270903      51.024519      5.4508003      8.4470871      0              1.7442023      17.111527      787.47859    
    130400   157.91294      34.130827      16.945506      51.076332      6.172243       7.0546355      0              3.3887134      17.515235      3526.1044    
    130500   150.27189      34.956586      16.125551      51.082137      6.5241165      9.2495392      0              2.1865735      16.996357      895.77872    
    130600   151.69357      34.734086      16.27811       51.012196      6.1982661      10.031318      0              2.1479055      16.356596      1552.2498    
    130700   172.68406      32.211688      18.530581      50.742269      6.2846238      7.6485609      0              1.834455       16.444048      1630.9632    
    130800   167.09299      32.289124      17.930609      50.219733      6.4490554      6.7289677      0              3.0384823      16.072619      821.60184    
    130900   158.34293      32.492234      16.991647      49.483881      6.3315399      6.3307636      0              3.2577842      16.572146      1027.7933    
    131000   139.15841      33.641089      14.932973      48.574062      8.920694       5.2407333      0              3.8118876      15.667774     -1591.7512    
    131100   138.96633      32.498072      14.91236       47.410432      6.7315077      5.356516       0              5.1781614      15.231887     -1767.2726    
    131200   148.99866      30.221076      15.988921      46.209997      5.3924796      6.5215019      0              2.6964188      15.610676     -1367.0491    
    131300   121.14287      32.062517      12.99974       45.062257      7.3745079      6.248186       0              2.4564926      15.983331     -2060.4396    
    131400   146.29526      28.461675      15.698822      44.160497      6.3528465      4.6254027      0              1.7722331      15.711193     -3187.369     
    131500   125.27376      30.124783      13.443022      43.567805      5.8908774      5.707794       0              3.0095338      15.516578     -1483.7494    
    131600   134.65026      28.778708      14.449207      43.227914      6.4626907      3.7330784      0              3.2812892      15.301649     -1657.6379    
    131700   133.53135      28.78545       14.329137      43.114587      5.7049369      4.9070099      0              2.3480605      15.825443     -545.32771    
    131800   132.03275      29.025691      14.168323      43.194014      7.552127       2.878678       0              2.7983404      15.796546      1025.8087    
    131900   147.17027      27.694868      15.792718      43.487586      5.4761293      5.3135152      0              1.9703745      14.934849      481.72962    
    132000   130.78361      29.974228      14.034279      44.008507      5.2578094      6.6581707      0              2.2720633      15.786184      2893.0693    
    132100   145.11851      29.058362      15.572546      44.630908      4.0230064      7.904977       0              1.4974212      15.632958      1146.5609    
    132200   121.18814      32.235814      13.004598      45.240412      5.9829434      7.2524679      0              2.4301811      16.570222      4033.503     
    132300   118.85045      32.955561      12.753742      45.709303      5.9082653      7.4999098      0              3.220661       16.326725      3831.6798    
    132400   129.61286      32.125769      13.908648      46.034417      6.3905113      6.1327176      0              3.5358809      16.06666       916.56579    
    132500   132.23519      32.111007      14.190047      46.301054      6.2122603      7.1746194      0              2.0501594      16.673968      1648.2839    
    132600   153.63676      30.051313      16.486632      46.537945      5.9790643      5.007684       0              3.4855891      15.578976      1324.5235    
    132700   159.22533      29.70059       17.086337      46.786927      6.0656771      6.6382365      0              1.513582       15.483095     -462.28123    
    132800   162.5919       29.693495      17.4476        47.141095      6.2564149      5.6494884      0              2.1876963      15.599895     -985.64444    
    132900   138.92274      32.619769      14.907683      47.527452      7.7893975      5.5847469      0              1.8991739      17.346451      1496.0231    
    133000   156.03716      31.154198      16.744217      47.898414      6.7849067      5.627412       0              3.0854225      15.656457     -1150.594     
    133100   154.01289      31.728973      16.526994      48.255968      7.9020167      5.3018338      0              2.7547062      15.770417     -1446.3273    
    133200   151.76654      32.319767      16.285941      48.605708      7.541176       4.8257973      0              3.8530674      16.099727     -2867.2686    
    133300   173.26489      30.339205      18.59291       48.932115      7.3675941      4.7352696      0              2.423505       15.812836     -2789.8981    
    133400   169.95717      31.035069      18.237962      49.27303       7.8596345      5.299364       0              1.9270396      15.949031     -2297.0793    
    133500   165.93289      31.723713      17.806119      49.529832      7.6940893      5.8516173      0              2.3328112      15.845195     -653.76808    
    133600   138.80033      34.750724      14.894547      49.64527       6.9257046      8.5823914      0              2.8510096      16.391618     -47.630172    
    133700   142.14744      34.341965      15.253722      49.595687      5.8822394      8.8407493      0              3.2219295      16.397046      149.77562    
    133800   149.48994      33.417143      16.041641      49.458783      6.3903317      7.7537909      0              3.3357063      15.937314      684.06097    
    133900   146.20569      33.401624      15.68921       49.090834      7.0720736      6.5774432      0              3.88915        15.862957      582.93704    
    134000   156.15523      31.680507      16.756887      48.437394      6.3100921      7.3426563      0              2.1324025      15.895356     -1780.3637    
    134100   141.45356      32.489438      15.179263      47.668702      4.7229693      6.8025453      0              3.3913234      17.5726        1622.9655    
    134200   161.77219      29.494854      17.359638      46.854493      4.7021615      5.6073808      0              2.8548957      16.330417     -938.74416    
    134300   143.14445      30.7208        15.360711      46.08151       4.161498       5.1157366      0              4.8768474      16.566718     -628.09951    
    134400   124.83689      32.032244      13.396142      45.428385      7.3898579      4.9783037      0              3.5674835      16.096599     -979.3745     
    134500   136.0209       30.220042      14.596289      44.816331      5.2361878      4.1490578      0              4.366825       16.467971     -833.17736    
    134600   120.18176      31.435316      12.896604      44.33192       6.1868054      5.7899224      0              2.9603187      16.498269      723.03399    
    134700   130.31028      30.035716      13.983486      44.019202      4.0475466      5.2312517      0              4.347681       16.409237     -227.906      
    134800   130.02948      29.92437       13.953355      43.877725      6.3452034      4.3028173      0              3.0037307      16.272618     -610.50005    
    134900   133.39624      29.612407      14.314639      43.927046      6.983049       5.0198533      0              1.360067       16.249438     -303.63071    
    135000   158.99654      27.152898      17.061786      44.214684      4.3933078      4.83658        0              1.649656       16.273354      66.101928    
    135100   142.84548      29.586627      15.328629      44.915256      6.049825       5.2571406      0              1.9066099      16.373051      461.21716    
    135200   141.31374      30.941643      15.164259      46.105902      6.2746041      5.3053751      0              2.544628       16.817036      1298.119     
    135300   135.1044       33.227117      14.49794       47.725057      7.6347247      5.2270385      0              3.385148       16.980206      1625.3227    
    135400   161.87398      31.948889      17.370561      49.31945       6.6020068      4.7324069      0              4.6881349      15.92634      -1122.4212    
    135500   168.36721      32.421596      18.067344      50.48894       6.2090035      7.895897       0              2.8321182      15.484577     -557.6484     
    135600   136.59239      36.577282      14.657615      51.234896      8.9148922      7.2916183      0              3.5042483      16.866523      522.09356    
    135700   181.96528      31.986173      19.526542      51.512715      5.2637289      6.7907061      0              2.9833841      16.948354      698.44228    
    135800   177.06402      32.518035      19.000592      51.518627      5.6145601      7.3598403      0              2.5380393      17.005595      325.27085    
    135900   170.31906      32.988956      18.276795      51.265751      6.2091329      9.0567379      0              1.7464818      15.976603     -469.63738    
    136000   180.90012      31.378647      19.412241      50.790888      6.5164968      5.7664469      0              2.1026531      16.993051      1992.9439    
    136100   137.90013      35.373165      14.797948      50.171113      6.4952447      8.321666       0              3.7357322      16.820522     -878.42706    
    136200   158.57927      32.39562       17.017008      49.412628      6.7958342      6.3563866      0              3.4642714      15.779128      1050.5508    
    136300   134.33125      34.072508      14.414974      48.487482      6.3733426      9.1166098      0              2.8292386      15.753317     -415.84358    
    136400   137.37058      32.828544      14.741122      47.569666      6.0761306      6.2257312      0              4.1010308      16.425651      1123.1493    
    136500   140.15592      31.707897      15.040014      46.747911      3.7453868      6.0743704      0              3.9780157      17.910124      3076.8568    
    136600   149.21703      30.097577      16.012355      46.109932      6.4555015      5.0942559      0              1.8836184      16.664201      2865.6018    
    136700   147.8521       29.771504      15.865885      45.637389      6.2362989      6.6961425      0              0.99520103     15.843862      627.83405    
    136800   147.21974      29.500459      15.798026      45.298485      4.7533514      6.6241518      0              1.1747881      16.948168      2816.7885    
    136900   134.88302      30.574964      14.474183      45.049147      4.7693726      6.1453432      0              2.7270352      16.933213      1348.8403    
    137000   136.92775      30.258348      14.693602      44.95195       5.7524062      6.6340349      0              1.714374       16.157533      223.86113    
    137100   132.78454      30.835704      14.248997      45.084701      7.0323213      5.0936626      0              2.4599389      16.249781      582.96802    
    137200   124.00855      32.366392      13.307254      45.673646      6.2742093      5.7410246      0              3.2924805      17.058677     -527.07019    
    137300   138.06882      32.205719      14.81605       47.021768      4.9985381      7.5376783      0              2.5540084      17.115494      238.89072    
    137400   129.80926      34.988959      13.929722      48.918681      6.7355648      6.4466551      0              4.9514532      16.855286      592.44874    
    137500   178.1263       31.63723       19.114584      50.751814      5.7257713      8.1216331      0              1.7396633      16.050162     -425.52982    
    137600   174.47522      33.525731      18.72279       52.248521      5.979014       8.7438195      0              2.3565763      16.446321      810.18854    
    137700   201.36631      31.51034       21.60845       53.11879       5.4848043      6.4992887      0              2.9654682      16.560779      768.91513    
    137800   163.233        35.869181      17.516397      53.385577      7.7247083      10.466707      0              1.9934515      15.684314      1307.4255    
    137900   173.35227      34.576929      18.602287      53.179216      6.5085154      8.4991046      0              3.3024764      16.266832      710.37419    
    138000   154.89322      35.957996      16.621462      52.579458      6.767057       10.326172      0              2.7063034      16.158464     -233.30018    
    138100   160.71889      34.259654      17.246609      51.506263      6.0813327      9.8396624      0              2.7255185      15.61314      -1166.0299    
    138200   132.38971      36.023462      14.206628      50.23009       8.5322334      8.4140852      0              3.4566001      15.620543     -1924.6348    
    138300   147.14476      33.181366      15.789981      48.971347      4.5071385      9.5758724      0              2.3837639      16.714591      1089.5683    
    138400   145.97497      32.216501      15.664451      47.880952      7.2220375      5.8226604      0              2.7336098      16.438193     -64.618507    
    138500   153.98794      30.389849      16.524317      46.914166      4.964982       6.5980491      0              3.0714375      15.75538      -441.81427    
    138600   167.72902      28.144099      17.998861      46.14296       4.1091545      4.9273907      0              3.5621562      15.545398      805.06282    
    138700   157.08544      28.728449      16.856707      45.585156      6.0126738      4.5787995      0              2.139441       15.997535      283.52562    
    138800   154.29948      28.640754      16.557748      45.198502      5.2087411      4.811262       0              2.1459379      16.474813      1183.718     
    138900   133.37732      30.6676        14.312609      44.980209      7.0906918      4.9447013      0              3.0041294      15.628077     -1829.6279    
    139000   142.32841      29.576726      15.273142      44.849869      6.7702808      5.0570386      0              2.4013667      15.34804      -587.95142    
    139100   144.2675       29.34648       15.481224      44.827704      5.2731759      5.7391362      0              2.4532846      15.880883     -216.48598    
    139200   161.49771      27.639818      17.330184      44.970002      5.3970566      2.956903       0              3.036268       16.24959       250.70993    
    139300   163.53739      27.741732      17.549061      45.290793      6.2918512      4.8413758      0              1.8268027      14.781703     -1674.5829    
    139400   127.92225      32.138662      13.72723       45.865892      6.3181751      8.5992224      0              2.282058       14.939206     -1117.988     
    139500   137.21251      32.030389      14.724159      46.754548      9.1205098      4.9312681      0              1.7519663      16.226645      2033.6393    
    139600   154.74701      31.465282      16.605772      48.071054      6.4120183      4.0089349      0              4.4917914      16.552538     -550.38271    
    139700   171.67619      31.339544      18.422428      49.761973      6.9356793      6.3314083      0              1.9483082      16.124148      1478.4859    
    139800   152.58947      34.946794      16.374248      51.321042      8.8423811      7.3157687      0              2.4772068      16.311437      481.87629    
    139900   131.9924       38.43162       14.163994      52.595614      8.2625132      6.6785611      0              5.2708346      18.219711      1862.3513    
    140000   163.78435      35.828862      17.575561      53.404423      7.8463423      6.4854832      0              3.4254576      18.071579      332.99589    
    140100   183.63861      34.096762      19.706105      53.802867      8.2611267      6.3035182      0              2.8890866      16.64303       164.58997    
    140200   204.26052      31.889571      21.919026      53.808597      6.4540628      6.3690322      0              2.1141897      16.952286      2348.7487    
    140300   127.67507      39.698325      13.700705      53.39903       6.7557585      12.871225      0              3.0321615      17.03918      -1076.3143    
    140400   172.85923      34.169873      18.549379      52.719252      7.6408002      6.7311663      0              2.4885785      17.309328      1197.925     
    140500   170.72477      33.513584      18.320332      51.833916      8.8898451      6.4064024      0              1.876606       16.340731      79.047261    
    140600   168.71682      32.717131      18.10486       50.821991      7.4301299      6.5998943      0              2.0757581      16.611348     -796.58986    
    140700   168.6327       31.757381      18.095834      49.853215      8.5616934      5.4632509      0              1.7373444      15.995093     -1053.3719    
    140800   173.41618      30.307809      18.609145      48.916954      6.9185427      4.7316531      0              2.7216193      15.935994     -142.85082    
    140900   149.5623       32.161522      16.049405      48.210927      4.9383722      7.6674401      0              2.9114733      16.644236     -209.93767    
    141000   136.03545      33.118001      14.597851      47.715851      4.6558872      9.1174621      0              3.0647356      16.279916     -524.91366    
    141100   166.20996      29.514674      17.835851      47.350526      6.5489819      5.6084395      0              1.6722465      15.685006      1232.1453    
    141200   155.48557      30.390671      16.685026      47.075697      5.9092068      6.4641531      0              2.5836238      15.433687      563.49173    
    141300   153.40007      30.341187      16.461233      46.80242       8.1067546      4.7138699      0              2.3130345      15.207528     -2144.0864    
    141400   165.09494      28.783767      17.7162        46.499967      6.3367166      3.8167377      0              2.9822854      15.648027      682.34652    
    141500   167.39677      28.259369      17.963207      46.222576      5.5483563      6.1424424      0              1.2128157      15.355755      124.44334    
    141600   157.74028      29.032645      16.926977      45.959622      6.7824004      4.0896062      0              2.4537207      15.706917     -2473.5293    
    141700   126.8658       32.242454      13.613863      45.856317      6.9887366      6.9570993      0              1.6048647      16.691753     -603.93689    
    141800   154.13992      29.365825      16.540626      45.906451      6.2993883      4.8154606      0              1.9774428      16.273533     -1725.4634    
    141900   150.27423      29.942059      16.125802      46.067861      6.6672639      5.6474979      0              1.6173939      16.009903      752.43273    
    142000   139.08824      31.390713      14.925443      46.316155      6.4167969      7.2185867      0              1.9136078      15.841721     -1192.3812    
    142100   126.71153      33.196995      13.597308      46.794303      7.2407746      7.4857682      0              2.8333561      15.637096     -922.14783    
    142200   129.0899       33.775403      13.852529      47.627932      6.7068262      8.9263383      0              2.5732688      15.56897      -1055.6491    
    142300   152.35158      32.541472      16.348721      48.890193      5.6409061      6.8480447      0              4.0455366      16.006985      583.35224    
    142400   186.71664      30.430993      20.036406      50.467399      5.059113       6.4808297      0              2.6878855      16.203165      135.18957    
    142500   183.90424      32.283321      19.73461       52.01793       5.7979616      6.814181       0              3.3804195      16.290759     -1105.7558    
    142600   186.73062      33.081035      20.037906      53.118941      5.7651687      6.7781027      0              4.4746123      16.063151     -1581.6577    
    142700   180.64276      34.378641      19.384624      53.763265      7.0032139      7.7875621      0              3.1576771      16.430188     -1899.6008    
    142800   172.60329      35.373063      18.521915      53.894978      10.610211      5.9442796      0              2.53522        16.283353     -639.51958    
    142900   203.32483      31.664709      21.818617      53.483326      7.377298       4.5545921      0              3.0136283      16.719191      544.29519    
    143000   174.73754      33.730199      18.750939      52.481138      5.9143639      7.6263079      0              3.2817511      16.907776      1137.3972    
    143100   165.08026      33.439623      17.714624      51.154247      6.3076207      6.8452763      0              3.0078084      17.278917      1786.1266    
    143200   140.98409      34.554036      15.128885      49.68292       6.1111118      8.5898589      0              3.0017736      16.851291      1743.6544    
    143300   155.39247      31.693042      16.675036      48.368078      4.4036178      7.9068414      0              1.9717431      17.41084       2016.1251    
    143400   149.85709      31.486454      16.081039      47.567493      6.2479553      6.1040708      0              2.0176618      17.116766      550.19719    
    143500   131.3234       33.019133      14.092204      47.111337      8.4070185      4.8327691      0              2.4553558      17.323989      1780.047     
    143600   145.08808      31.254786      15.56928       46.824066      5.6401829      6.8212467      0              2.7044353      16.088921     -1694.2697    
    143700   125.98933      33.180465      13.519809      46.700274      5.3690365      8.645072       0              2.5849083      16.581448      34.560769    
    143800   128.28336      32.947288      13.76598       46.713267      7.9104986      6.1660333      0              2.6159058      16.25485      -1030.6381    
    143900   162.48747      29.352631      17.436395      46.789026      7.0050673      3.420279       0              1.918436       17.008849     -1246.3057    
    144000   127.30573      33.293185      13.661072      46.954256      8.8160158      7.1313942      0              2.0185679      15.327207     -2268.4982    
    144100   144.99424      31.516189      15.55921       47.0754        7.5011196      6.6681957      0              2.1376284      15.209246     -2377.8443    
    144200   139.54589      32.239048      14.974553      47.213601      8.275519       6.4457982      0              1.9982124      15.519519     -1976.6781    
    144300   137.50787      32.533763      14.755854      47.289617      8.9369469      4.7340608      0              2.0231818      16.839573     -1595.7732    
    144400   163.64081      29.790865      17.560158      47.351024      3.8768638      8.0086692      0              1.9839901      15.921342     -747.59524    
    144500   149.52603      31.441922      16.045513      47.487434      6.1409174      7.931204       0              1.4722851      15.897515     -994.39398    
    144600   132.40691      33.545216      14.208474      47.753691      7.0059498      8.1668107      0              1.8610708      16.511385     -482.72078    
    144700   163.28972      30.580569      17.522483      48.103053      5.238344       6.2683324      0              1.4625467      17.611346      2472.3771    
    144800   145.49718      33.045121      15.61318       48.658301      8.4262368      6.4298475      0              1.3301154      16.858921      1577.0249    
    144900   142.11122      34.169351      15.249835      49.419187      7.7810082      7.6736419      0              2.3428106      16.371891      1141.484     
    145000   146.62474      34.658271      15.734178      50.39245       9.8490885      5.314929       0              2.3576949      17.136559      3002.6325    
    145100   166.10114      33.479802      17.824174      51.303976      6.5085082      6.286457       0              3.1095799      17.575257      2183.4547    
    145200   164.36767      34.449186      17.638157      52.087343      7.6589493      7.5300996      0              2.3728323      16.887305     -699.75905    
    145300   191.11091      32.196938      20.507951      52.704889      6.0545208      6.6701861      0              2.5732383      16.898993      674.1141     
    145400   185.14806      33.095149      19.868084      52.963233      5.6671486      8.1290255      0              2.8791751      16.4198       -724.79421    
    145500   175.56124      33.867872      18.83933       52.707202      6.4844262      6.6789979      0              3.327866       17.376582      385.88844    
    145600   163.6941       34.399893      17.565876      51.965769      9.3972423      6.5387003      0              1.840437       16.623513      90.474782    
    145700   165.52251      32.965633      17.762082      50.727715      7.9610246      5.530453       0              3.1233295      16.350825     -286.28151    
    145800   157.35687      32.427753      16.885834      49.313587      7.9048581      6.2434408      0              2.5632504      15.716204     -354.17293    
    145900   151.65343      31.67825       16.273803      47.952053      6.361259       6.2326307      0              2.9671731      16.117187      546.39797    
    146000   148.68522      30.859509      15.955286      46.814795      4.6889017      7.0623708      0              2.9460222      16.162215     -1395.015     
    146100   150.94705      29.691191      16.198001      45.889192      7.2029454      5.2702282      0              1.9181963      15.299821     -609.26517    
    146200   146.89391      29.541076      15.763063      45.304138      7.5889028      5.683163       0              1.0030088      15.266001     -1431.1777    
    146300   138.7923       30.08134       14.893685      44.975025      6.4986534      4.3481674      0              2.7011689      16.53335      -90.292395    
    146400   135.54251      30.270233      14.544953      44.815186      7.1982106      5.225315       0              1.278385       16.568322      1309.4103    
    146500   130.48073      30.798377      14.001778      44.800155      5.8752592      6.6405065      0              1.8694507      16.413161      1093.0299    
    146600   158.15839      27.897029      16.971844      44.868873      4.7474963      4.9484442      0              2.1258338      16.075255      2053.6374    
    146700   144.50616      29.564742      15.506835      45.071577      5.4306537      6.029426       0              1.7186855      16.385977     -94.752618    
    146800   145.133        29.788876      15.574101      45.362977      5.1116624      6.360065       0              1.8512204      16.465929      1215.3415    
    146900   162.85073      28.292799      17.475376      45.768174      4.4043839      6.0385941      0              1.7793034      16.070517      1192.6979    
    147000   158.23276      29.289997      16.979825      46.269822      6.9164501      4.5234263      0              1.8069925      16.043128      531.24071    
    147100   150.38968      30.778462      16.138191      46.916653      7.1577248      5.1983575      0              1.8248197      16.59756       281.79835    
    147200   178.44694      28.5765        19.148991      47.725491      5.7332531      4.4726533      0              1.9380535      16.43254       298.25874    
    147300   152.85351      32.333572      16.402582      48.736153      8.5626703      5.6905874      0              2.4494283      15.630886     -1758.5285    
    147400   153.81904      33.474519      16.506192      49.980711      8.8904383      7.2908955      0              1.713251       15.579934     -3262.8584    
    147500   189.35521      31.263812      20.319548      51.583361      7.9268496      5.1368657      0              2.1326027      16.067494     -818.99889    
    147600   182.57945      33.913612      19.592448      53.50606       7.188202       7.5286103      0              1.9057287      17.291071     -2605.0767    
    147700   197.09761      34.302769      21.150379      55.453148      7.2312658      4.9405514      0              4.5693086      17.561643     -71.791982    
    147800   180.70332      37.718456      19.391121      57.109577      13.066692      6.5504729      0              2.3818512      15.71944      -1811.9299    
    147900   172.28532      39.323027      18.487793      57.81082       10.699941      8.2240004      0              4.601112       15.797973     -1830.9605    
    148000   211.59243      34.804523      22.705807      57.51033       8.7014119      5.1215941      0              3.5170782      17.464439      1171.9818    
    148100   173.732        37.808856      18.643035      56.451891      9.1832278      6.9730239      0              3.7534486      17.899155      1373.9655    
    148200   200.04986      33.4091        21.467182      54.876283      5.9467134      6.8816788      0              3.3676629      17.213045      2424.5836    
    148300   200.35904      31.80666       21.500361      53.307021      4.6217811      7.960485       0              2.1320251      17.092369      926.22132    
    148400   182.0404       32.658905      19.534602      52.193507      5.8101285      5.7687076      0              3.3435846      17.736484      1053.7963    
    148500   160.76843      34.239833      17.251925      51.491758      7.7694614      5.268726       0              2.9328363      18.268809      12.551843    
    148600   134.3835       36.493566      14.420581      50.914147      6.7256422      9.1401189      0              3.0414652      17.58634       505.05775    
    148700   151.46972      34.159132      16.254089      50.41322       7.9609032      5.5754481      0              2.4946993      18.128081      1926.9559    
    148800   131.46057      35.901815      14.106924      50.008739      6.8304421      7.083885       0              4.7959264      17.191562     -965.78046    
    148900   135.5478       35.076878      14.545521      49.622399      8.1214962      6.053197       0              3.4420522      17.460133      1683.8424    
    149000   133.61177      34.843557      14.337767      49.181325      6.7740302      6.5637675      0              3.4363385      18.069421      1006.5791    
    149100   158.95239      31.718766      17.057047      48.775813      5.0183025      6.5524793      0              2.6143308      17.533653      2165.0615    
    149200   178.91765      29.126874      19.199503      48.326377      3.9032987      5.1020667      0              2.5575979      17.563911      1654.9828    
    149300   151.94627      31.566239      16.305227      47.871466      7.2419362      4.9517314      0              2.3903946      16.982176     -1402.931     
    149400   162.39051      30.006668      17.425989      47.432657      4.0233089      5.0886248      0              3.0748038      17.819931      1545.8157    
    149500   168.63229      28.998475      18.095789      47.094264      3.5702602      5.9320146      0              2.4344965      17.061704      1827.5671    
    149600   146.64356      31.065535      15.736198      46.801733      6.5964615      5.7608266      0              2.5078595      16.200388     -131.426      
    149700   128.50086      32.698385      13.78932       46.487705      6.9059286      6.3914814      0              2.7259872      16.674988     -730.48825    
    149800   125.69344      32.719567      13.488057      46.207625      5.7194655      7.566575       0              2.5216693      16.911858      2625.8387    
    149900   141.67466      30.687983      15.202989      45.890973      5.9281069      6.7359614      0              2.4373428      15.586572     -188.3294     
    150000   138.82496      30.712642      14.89719       45.609832      5.6072118      6.1136944      0              2.4140638      16.577672      206.35435    
    150100   143.27108      30.005505      15.3743        45.379805      4.6429934      7.0941686      0              1.6707066      16.597636      374.03133    
    150200   154.65023      28.710686      16.595387      45.306073      6.2477819      4.9417087      0              1.2154437      16.305752     -1972.7363    
    150300   144.4203       29.907245      15.497622      45.404867      4.1044245      5.7761559      0              4.0199629      16.006702     -178.55812    
    150400   135.73741      31.175746      14.565868      45.741614      6.2880975      6.4921354      0              2.9750377      15.420475     -2643.4106    
    150500   138.88165      31.473408      14.903274      46.376682      6.0508306      5.080022       0              3.7886774      16.553878     -802.04328    
    150600   137.92732      32.565019      14.800865      47.365884      8.2032424      4.8829325      0              3.6702662      15.808578     -1846.2527    
    150700   143.68392      33.152542      15.418601      48.571143      6.9386807      8.2037278      0              2.4657256      15.544408      319.73283    
    150800   168.67051      31.616045      18.099891      49.715936      5.9965778      8.5239843      0              2.0415924      15.05389       66.566256    
    150900   184.45272      30.889228      19.793466      50.682695      7.2694965      6.4485135      0              2.0777234      15.093495     -2514.3972    
    151000   191.84482      30.833758      20.586707      51.420465      6.8998856      5.0676826      0              3.1827497      15.68344      -158.44077    
    151100   207.17137      29.565359      22.231386      51.796745      6.9418908      4.9924953      0              2.1290779      15.501895      1215.4208    
    151200   145.31982      36.136361      15.594148      51.730508      6.7199204      8.7274784      0              4.9209536      15.768008      1394.3595    
    151300   147.94274      35.465535      15.875611      51.341146      7.3755462      7.0204391      0              5.0644467      16.005103     -783.262      
    151400   170.63021      32.291724      18.310185      50.601909      6.3448159      6.5875894      0              2.6290229      16.730296      2900.0483    
    151500   175.65226      30.473213      18.849097      49.32231       6.8110309      6.1552445      0              1.9632664      15.543671     -11.104655    
    151600   135.16375      33.15913       14.504309      47.663439      6.4618975      7.1124487      0              3.629157       15.955627     -383.13644    
    151700   147.15868      30.246409      15.791475      46.037883      6.3275867      4.7381237      0              1.6334187      17.54728       2056.0608    
    151800   154.96605      28.227928      16.629277      44.857205      4.1310432      4.554968       0              2.3438091      17.198108     -505.3609     
    151900   121.02071      31.249404      12.986631      44.236035      5.5776422      6.8263304      0              2.4631693      16.382262      408.33508    
    152000   108.6318       32.380423      11.657187      44.03761       6.6701025      5.9153211      0              3.3025556      16.492444      852.8638     
    152100   138.85193      29.152051      14.900084      44.052135      6.0596662      4.9642846      0              1.5545601      16.57354      -247.39104    
    152200   141.76959      28.972297      15.213175      44.185472      5.3353769      4.1490275      0              2.4925376      16.995355     -230.55709    
    152300   139.15266      29.47939       14.932355      44.411745      6.7184343      4.6455517      0              2.5656826      15.549721     -40.116141    
    152400   146.82217      28.947443      15.755364      44.702807      4.7164871      6.2606431      0              2.2551034      15.71521      -491.91182    
    152500   151.71968      28.90125       16.280912      45.182162      5.9754383      4.9060836      0              1.3685783      16.65115      -2015.9412    
    152600   144.86159      30.255323      15.544976      45.800299      6.5543621      4.1263595      0              2.4406745      17.133927      313.6897     
    152700   157.24612      29.662755      16.873949      46.536704      5.6456318      4.3958393      0              2.7464942      16.87479       1763.0261    
    152800   161.54147      30.000758      17.334879      47.335637      5.7649562      5.4924205      0              2.3101992      16.433182      932.56879    
    152900   152.46447      31.809667      16.360834      48.170501      6.3666348      6.1680887      0              1.5674181      17.707525      858.31233    
    153000   150.118        32.850345      16.109036      48.959381      8.067378       5.4861895      0              2.2215548      17.075222      1663.5328    
    153100   159.52872      32.555484      17.118893      49.674376      8.1185598      6.2339776      0              1.9114685      16.291478      371.87486    
    153200   159.21739      33.044265      17.085485      50.12975       5.3889593      7.8910539      0              3.4226314      16.34162       1990.2717    
    153300   181.66586      30.89903       19.494411      50.393442      5.0057168      5.8585457      0              4.0121484      16.022619      736.90688    
    153400   144.56769      34.937793      15.513438      50.451231      6.2378301      7.0116919      0              4.238483       17.449788      5.5771009    
    153500   149.26593      34.319708      16.017601      50.33731       8.1795426      6.7619191      0              2.7594968      16.61875      -652.28164    
    153600   170.9517       31.719756      18.344683      50.064439      5.7024964      6.1868933      0              3.3123945      16.517972      188.94825    
    153700   137.12125      35.122777      14.714366      49.837143      9.21625        7.681249       0              3.18584        15.039438     -1919.1771    
    153800   178.26871      30.390174      19.129866      49.52004       5.5196778      5.4457993      0              2.5714656      16.853232      843.00568    
    153900   153.83176      32.720409      16.507557      49.227966      6.1095236      6.456247       0              4.041027       16.113611     -1242.2617    
    154000   145.39167      33.363781      15.601858      48.965639      8.7390808      6.0528419      0              3.5130584      15.0588       -2889.7306    
    154100   140.86971      33.651792      15.116611      48.768403      8.7017524      5.6693911      0              4.2857206      14.994928     -2894.4993    
    154200   160.51409      31.246045      17.224632      48.470678      6.4569686      5.4917834      0              2.5873285      16.709965      218.27695    
    154300   129.32189      34.277793      13.877424      48.155216      8.2900386      6.1561227      0              2.6176314      17.214        -1599.1248    
    154400   146.57634      32.136219      15.728984      47.865203      6.493388       6.2800914      0              3.3590335      16.003706     -54.037296    
    154500   128.80179      33.81787       13.821612      47.639482      5.0954795      7.3130531      0              5.2537204      16.155617     -92.525334    
    154600   152.07555      31.138588      16.3191        47.457687      6.2390966      6.0528047      0              2.7313039      16.115383      37.715592    
    154700   149.52631      31.331216      16.045543      47.376759      4.8115865      6.9051672      0              2.9745466      16.639915      426.7484     
    154800   169.17707      29.161285      18.15425       47.315535      6.1732095      4.6098638      0              2.7038744      15.674337      1148.5146    
    154900   149.65244      31.230179      16.059078      47.289257      6.385844       5.5998576      0              3.8076057      15.436872      604.99403    
    155000   155.20074      30.640548      16.654461      47.295009      4.962669       7.2346531      0              2.1252356      16.31799       2360.2036    
    155100   140.99664      32.298722      15.130231      47.428954      6.3044195      6.282151       0              4.1510358      15.561116      248.13194    
    155200   147.15716      31.910133      15.791312      47.701444      6.3143288      7.8365383      0              2.2238381      15.535427      769.83634    
    155300   146.92228      32.424367      15.766107      48.190474      4.9362223      7.5008316      0              4.2285728      15.75874       1765.1944    
    155400   160.76201      31.657223      17.251236      48.908459      7.5000026      5.2190203      0              3.8622057      15.075994     -694.8979     
    155500   126.94186      36.241033      13.622025      49.863058      8.2898612      8.1173731      0              4.436078       15.397721     -845.47279    
    155600   175.4243       32.048033      18.824634      50.872668      8.9397323      5.5418166      0              1.9836434      15.582841     -1120.6198    
    155700   143.98652      36.262773      15.451073      51.713846      6.0243196      10.51435       0              3.5101614      16.213942      1680.5996    
    155800   174.23806      33.582812      18.697341      52.280152      9.3593045      6.0171832      0              2.3711569      15.835167     -515.79983    
    155900   157.89335      35.554002      16.943403      52.497405      8.2890422      5.8044097      0              5.415039       16.045511     -1262.6368    
    156000   181.93626      32.735221      19.523427      52.258648      8.0783201      7.1773009      0              2.0834498      15.39615      -1860.6309    
    156100   179.70457      32.338959      19.283947      51.622906      6.6997474      6.1000968      0              3.9239095      15.615205     -399.02766    
    156200   157.69275      33.728209      16.921876      50.650086      9.3887239      4.9856822      0              2.00142        17.352383     -4.2835168    
    156300   156.26844      32.643066      16.769035      49.412101      5.6896807      6.5532855      0              4.2406124      16.159487      1905.3056    
    156400   166.9773       30.124635      17.918194      48.042829      4.2815476      7.084645       0              2.6191565      16.139286     -158.94265    
    156500   117.25747      34.236004      12.582801      46.818806      7.1174824      7.52811        0              3.7611674      15.829245     -352.04349    
    156600   129.64991      31.975681      13.912623      45.888305      8.3501973      4.1612992      0              3.306519       16.157666     -556.53891    
    156700   142.58278      29.975745      15.300438      45.276183      4.2922021      6.9289947      0              2.4531628      16.301385      1134.3631    
    156800   121.45625      31.863397      13.033369      44.896765      5.8046034      6.7799833      0              2.4716507      16.807159      1696.0087    
    156900   129.28374      30.882782      13.87333       44.756112      5.4863424      5.1690673      0              3.1201163      17.107256      2120.7311    
    157000   137.10305      30.118195      14.712413      44.830608      5.2100563      6.8606885      0              2.0411792      16.006271      11.003012    
    157100   141.54334      29.89618       15.188897      45.085077      4.7171741      5.961951       0              2.8609841      16.356071      1790.3103    
    157200   150.30641      29.359395      16.129255      45.488649      4.5010006      5.9432224      0              3.5089048      15.406267      1117.2328    
    157300   150.28299      29.841125      16.126742      45.967866      5.7483592      5.1560462      0              2.4877481      16.448971      863.57582    
    157400   145.92405      30.835635      15.658987      46.494622      7.4459861      4.5968318      0              2.5831107      16.209706     -1107.3837    
    157500   155.39031      30.394129      16.674804      47.068933      5.8472359      4.6086184      0              4.4030233      15.535252     -2106.0135    
    157600   151.35482      31.398328      16.241759      47.640087      6.2261459      7.1482784      0              2.3563498      15.667554     -459.2348     
    157700   181.18324      28.669881      19.442622      48.112503      6.4268705      4.7615031      0              1.3814324      16.100075      342.47694    
    157800   153.83353      31.972774      16.507748      48.480521      5.8853532      6.5345076      0              3.2862696      16.266643     -406.18105    
    157900   177.41111      29.70533       19.037838      48.743168      5.0094183      6.0542268      0              2.8346088      15.807076      432.00895    
    158000   131.32997      34.836897      14.09291       48.929806      9.1996341      7.1990726      0              2.8352169      15.602973     -766.01478    
    158100   168.1464       30.966118      18.04365       49.009768      6.5309443      6.1668595      0              2.4898836      15.778431     -1188.0553    
    158200   146.2477       33.389224      15.693718      49.082943      5.8890846      6.2200352      0              4.8178087      16.462296     -297.63846    
    158300   184.0243       29.342462      19.747493      49.089955      6.0325032      5.1690553      0              1.9879188      16.152985     -1010.5185    
    158400   163.84063      31.458517      17.581601      49.040117      3.7759093      8.233348       0              3.2317305      16.217529     -603.0648     
    158500   162.36372      31.49749       17.423115      48.920605      5.1901985      7.2364214      0              2.2979689      16.772902      1331.8383    
    158600   168.33487      30.684141      18.063874      48.748015      6.1463717      6.0014935      0              2.3717991      16.164477     -350.47928    
    158700   168.08305      30.50171       18.036851      48.538561      5.9651696      5.7398128      0              1.9007912      16.895937      1510.1122    
    158800   133.35814      34.01986       14.31055       48.33041       8.9552333      5.6959747      0              2.8701756      16.498476     -586.77076    
    158900   171.38686      29.741195      18.39138       48.132575      6.6700727      4.7865755      0              2.0700678      16.214479     -795.04253    
    159000   153.81698      31.389517      16.505971      47.895488      6.5405626      4.7734487      0              4.2318593      15.843646     -1280.4965    
    159100   175.32546      28.74267       18.814029      47.556698      5.2453227      4.5462572      0              2.5049345      16.446155     -546.19768    
    159200   160.93751      29.815689      17.270069      47.085758      3.9469236      6.7357519      0              2.4984855      16.634528      837.44213    
    159300   158.21214      29.550519      16.977612      46.528131      5.0150594      4.8324249      0              2.6889111      17.014124      584.13185    
    159400   146.62286      30.059432      15.733976      45.793408      4.812279       7.3070997      0              1.6703842      16.269669      1016.3842    
    159500   112.59906      32.861718      12.082911      44.944629      7.6794851      6.1297155      0              2.9615795      16.090938     -1231.1127    
    159600   142.08345      28.806188      15.246856      44.053043      4.3758466      6.6435329      0              1.2388373      16.547971      2645.1155    
    159700   108.78737      31.607612      11.673881      43.281494      6.0606957      6.249505       0              3.0217674      16.275644      634.61882    
    159800   133.68301      28.371167      14.345411      42.716578      4.2756971      4.915991       0              2.0285988      17.15088       510.01971    
    159900   116.81565      29.886812      12.53539       42.422202      4.6173146      5.3992562      0              2.677575       17.192667      1657.3721    
    160000   115.19255      30.079815      12.361216      42.441031      7.0915125      4.2052534      0              1.5962531      17.186796      1489.2562    
    160100   107.35612      31.297699      11.520295      42.817994      5.9338139      5.37711        0              3.0930287      16.893746     -244.34716    
    160200   117.46089      31.042078      12.60463       43.646707      5.8157571      6.6198275      0              1.4446108      17.161882     -359.1085     
    160300   140.17961      29.922549      15.042556      44.965105      6.6483861      4.3487933      0              1.7551312      17.170238     -201.84851    
    160400   124.76528      33.178938      13.388458      46.567396      6.1059426      9.2433272      0              1.9364599      15.893208     -1567.9179    
    160500   156.18212      31.202947      16.759772      47.96272       7.9542907      4.2753327      0              3.3493941      15.62393      -1923.2792    
    160600   134.94726      34.412503      14.481077      48.89358       7.1408583      7.8635297      0              4.3296494      15.078465     -2889.0642    
    160700   144.59901      33.890476      15.516799      49.407275      7.2655885      6.5090963      0              3.8477726      16.268019     -3739.7798    
    160800   157.52494      32.737225      16.903869      49.641094      7.093446       6.2459333      0              2.7546515      16.643194      893.63579    
    160900   154.05396      33.181505      16.531401      49.712906      8.4190507      6.6616056      0              2.3551925      15.745656     -2734.2997    
    161000   134.68484      35.148385      14.452918      49.601302      10.279554      5.5006979      0              4.0699814      15.298151     -3492.8704    
    161100   160.73683      32.034482      17.248535      49.283017      8.7443372      4.0769032      0              2.2760164      16.937225     -123.70403    
    161200   166.4669       30.888093      17.863423      48.751516      5.9510229      5.9947347      0              2.8713095      16.071026      832.21297    
    161300   144.52007      32.571892      15.508328      48.08022       7.069815       7.4041868      0              2.7225967      15.375293     -2982.7032    
    161400   148.21789      31.459612      15.905138      47.36475       5.8848216      7.4373558      0              2.6997421      15.437693     -797.20914    
    161500   134.41566      32.312894      14.424032      46.736926      5.4836309      6.7413854      0              3.431358       16.65652      -488.95851    
    161600   153.83402      29.70129       16.507799      46.20909       5.0764611      5.9420591      0              2.6241863      16.058584     -223.87999    
    161700   140.67737      30.674602      15.095971      45.770573      6.4538484      6.1156675      0              2.5781431      15.526943     -765.53493    
    161800   140.58406      30.350824      15.085958      45.436782      5.1265648      5.7872637      0              2.7352599      16.701736     -96.971319    
    161900   140.2677       30.126452      15.052009      45.178461      6.4018311      5.2638523      0              1.8772092      16.58356       599.4288     
    162000   133.03264      30.747265      14.275621      45.022886      5.4950882      6.3132654      0              2.3075389      16.631372      282.53632    
    162100   140.90668      29.903951      15.120577      45.024528      4.4059853      6.8171127      0              2.622839       16.058014     -949.24611    
    162200   155.19564      28.598744      16.653914      45.252658      5.1876672      4.3774365      0              2.7012356      16.332405     -2034.1872    
    162300   136.64052      31.164643      14.662779      45.827422      5.6069849      6.323948       0              2.5646628      16.669047     -2558.4599    
    162400   146.39554      31.027183      15.709583      46.736766      6.2456495      5.0712949      0              2.3659837      17.344255      776.66265    
    162500   156.97159      31.119346      16.84449       47.963836      3.9685729      8.1875544      0              1.9250343      17.038184      713.74266    
    162600   167.98731      31.197901      18.026577      49.224478      4.8730476      7.2009503      0              2.6620194      16.461884      1249.1044    
    162700   174.57087      31.661652      18.733054      50.394706      5.5014456      6.4413413      0              2.2836039      17.435261      3960.265     
    162800   174.42106      32.524926      18.716977      51.241904      7.4098462      6.2503074      0              1.8502145      17.014558      2186.5582    
    162900   181.215        32.292298      19.44603       51.738327      9.026757       4.8994248      0              1.2477096      17.118406      3095.5852    
    163000   157.65308      34.966566      16.91762       51.884186      8.5358268      9.2006783      0              1.4409814      15.78908       204.89214    
    163100   152.03939      35.365203      16.31522       51.680423      9.5264965      7.8358913      0              2.2896642      15.713151      1006.1804    
    163200   138.21184      36.175594      14.831396      51.00699       6.5335316      8.626559       0              3.6946011      17.320902      500.29452    
    163300   155.18259      33.301776      16.652514      49.95429       7.780242       5.2878688      0              3.7633248      16.47034      -433.33698    
    163400   138.69277      33.782438      14.883005      48.665443      8.0765332      6.4233648      0              3.071113       16.211427      1422.7054    
    163500   127.88925      33.785114      13.723688      47.508801      6.3710411      8.6486397      0              2.0709098      16.694523     -2351.4777    
    163600   146.49696      30.798356      15.720466      46.518822      6.7204814      4.967339       0              2.9282997      16.182236     -28.825868    
    163700   133.91289      31.388177      14.37008       45.758257      5.6427412      7.2911138      0              2.4371285      16.017194      1196.9033    
    163800   126.6794       31.607939      13.59386       45.201798      6.1947485      8.6891066      0              1.6845089      15.039575     -1259.5977    
    163900   129.15072      31.033116      13.859055      44.892171      5.6393656      7.7617718      0              2.4588601      15.173118      252.24309    
    164000   125.53816      31.339128      13.471395      44.810523      5.6266849      8.1430227      0              2.5920337      14.977387     -2446.8928    
    164100   133.24939      30.618228      14.29888       44.917108      5.8610169      7.0204456      0              2.0727982      15.663967      855.87557    
    164200   142.34287      29.888689      15.274694      45.163383      5.5704478      7.9984984      0              1.0476527      15.27209      -197.1184     
    164300   145.05284      29.838914      15.565499      45.404413      6.7808276      4.3011625      0              3.3131063      15.443818     -41.244617    
    164400   134.48997      31.222255      14.432006      45.654261      5.6200268      6.309483       0              3.2389404      16.053805     -250.42775    
    164500   140.50987      30.87201       15.077997      45.950007      5.0816924      7.3896243      0              2.3839649      16.016729     -306.51439    
    164600   145.61873      30.681918      15.626224      46.308141      5.541352       6.5960995      0              2.546851       15.997615     -1464.423     
    164700   146.24679      30.984841      15.693621      46.678462      4.6202303      6.7963701      0              3.126563       16.441677      1723.0877    
    164800   161.83451      29.697594      17.366325      47.063919      5.6569155      5.7035586      0              2.1356184      16.201501     -978.70758    
    164900   154.23586      30.887714      16.550921      47.438635      4.8526408      8.0024445      0              1.8618956      16.170733     -1962.4116    
    165000   149.73306      31.760132      16.067729      47.827861      7.4884238      6.8089232      0              1.6093505      15.853435     -19.867412    
    165100   170.95327      29.696428      18.344852      48.04128       7.0528984      5.4727091      0              1.7673192      15.403501     -2852.8255    
    165200   160.78287      30.867979      17.253475      48.121454      6.8492494      5.087105       0              2.497077       16.434548     -691.49117    
    165300   171.28782      29.761584      18.380753      48.142337      5.3945077      5.6257471      0              1.3702575      17.371072     -544.01008    
    165400   128.9146       34.347941      13.833717      48.181658      8.464073       6.8542252      0              2.9368756      16.092767     -2294.686     
    165500   162.13564      30.82676       17.398639      48.225399      5.6708061      6.0757229      0              2.5294478      16.550783      1888.7504    
    165600   145.74162      32.584877      15.639411      48.224288      6.3100827      5.5627818      0              3.2851695      17.426843      1644.5993    
    165700   166.3945       30.227716      17.855655      48.083371      4.8670385      6.6572504      0              1.3579846      17.345443      760.43394    
    165800   165.38318      30.251597      17.74713       47.998728      5.7055762      5.5910449      0              2.25955        16.695426      1940.1335    
    165900   153.73076      31.465292      16.496719      47.962012      7.5434351      6.3582537      0              1.4166546      16.146949      870.45943    
    166000   139.04343      32.987363      14.920634      47.907997      7.2707689      6.7007337      0              2.0384024      16.977458     -766.31669    
    166100   148.40939      31.914645      15.925688      47.840332      6.3161701      5.4388453      0              2.741951       17.417679      2399.088     
    166200   140.43416      32.711389      15.069872      47.781261      7.131677       6.7232687      0              2.2521305      16.604313      1604.2108    
    166300   138.37753      32.936421      14.849176      47.785597      7.7592828      7.415692       0              1.9917441      15.769702     -1617.1842    
    166400   133.56672      33.558086      14.332933      47.891019      7.5113762      6.4532842      0              2.2241406      17.369285      601.82455    
    166500   143.53582      32.704178      15.402708      48.106886      9.4655541      4.2012562      0              2.5770372      16.46033      -1060.2486    
    166600   149.18321      32.546204      16.008725      48.554929      6.2053375      8.0315096      0              2.6198628      15.689494     -1835.8415    
    166700   180.38037      29.930752      19.356466      49.287218      6.242041       5.8802775      0              1.8702657      15.938168     -11.190806    
    166800   151.92052      33.901357      16.302464      50.20382       8.2290475      6.6659607      0              2.134313       16.872036     -387.47522    
    166900   161.24668      33.744135      17.303246      51.047381      9.7652427      5.1066967      0              2.2750723      16.597123     -1675.5245    
    167000   166.58539      33.91081       17.876139      51.786949      5.6712599      10.014773      0              2.8460603      15.378717     -1649.1348    
    167100   158.32756      35.286648      16.989998      52.276646      7.0165749      10.169243      0              2.1427529      15.958077     -648.34027    
    167200   160.87949      35.206612      17.263843      52.470455      6.4944033      6.9767287      0              5.4642619      16.271218     -1461.1362    
    167300   195.00033      31.480921      20.925322      52.406243      7.1714861      4.8629382      0              2.5353315      16.911165      378.34757    
    167400   178.18335      32.81528       19.120706      51.935986      5.4892571      8.4359242      0              2.6841644      16.205935      2371.9693    
    167500   152.99173      34.764042      16.417414      51.181455      9.2128556      7.4847749      0              1.1925565      16.873854      509.24193    
    167600   164.31584      32.542826      17.632595      50.175421      7.1737417      5.6275375      0              1.8643896      17.877158      2331.7284    
    167700   137.69419      34.315385      14.775848      49.091233      8.2629157      5.9897136      0              2.9511809      17.111575     -814.31872    
    167800   146.47722      32.323291      15.718347      48.041639      7.3613844      5.552761       0              2.4243409      16.984805      1252.7255    
    167900   140.94248      31.985249      15.12442       47.109669      8.535757       6.3886228      0              1.5267894      15.53408      -3084.4303    
    168000   119.98542      33.440391      12.875534      46.315926      6.0151642      7.147459       0              3.7476642      16.530104      1196.8765    
    168100   108.89282      34.074164      11.685197      45.759361      6.9699         6.2206352      0              3.6113764      17.272252      2862.0945    
    168200   143.30829      29.993836      15.378292      45.372128      4.2618912      5.5536139      0              3.679996       16.498335      276.38847    
    168300   146.19083      29.462815      15.687615      45.150431      7.1237212      4.1903773      0              2.3263         15.822417     -948.1055     
    168400   135.5397       30.505939      14.544652      45.050591      6.0824389      5.1627041      0              2.3218891      16.938907      992.71087    
    168500   142.77923      29.76272       15.321519      45.084239      7.6455259      3.1069153      0              2.4671311      16.543147     -1514.5193    
    168600   166.31572      27.432754      17.8472        45.279954      5.5618241      3.887543       0              2.194194       15.789193     -1228.6972    
    168700   137.1046       30.983036      14.712579      45.695615      6.5883166      6.5665353      0              1.8544329      15.973751      716.8609     
    168800   155.04608      29.769006      16.637865      46.406871      6.7893698      5.2244051      0              1.5904862      16.164745     -1583.0513    
    168900   161.03113      30.300112      17.280115      47.580227      5.2339519      6.5319794      0              2.3616319      16.172549      817.75478    
    169000   144.31794      33.751129      15.486637      49.237766      5.4893732      10.512823      0              2.4963375      15.252595     -177.2327     
    169100   140.68287      35.900927      15.09656       50.997488      5.9717292      10.583157      0              3.7904832      15.555558     -218.34785    
    169200   179.57024      33.138161      19.269532      52.407693      6.3266053      7.8585809      0              2.3654858      16.587489      618.50116    
    169300   175.71288      34.428113      18.855602      53.283716      6.6911618      7.7204535      0              3.2307796      16.785719      1308.5178    
    169400   194.64945      32.778         20.887669      53.665669      7.5617044      7.0750709      0              2.5114744      15.629751     -1008.8442    
    169500   161.51581      36.240416      17.332126      53.572542      7.3193448      8.9076633      0              4.4073568      15.606051      112.62022    
    169600   185.1451       33.215397      19.867766      53.083163      5.8131311      8.6440981      0              2.1893902      16.568778      160.62311    
    169700   161.43156      35.019542      17.323086      52.342628      6.8054621      7.3545491      0              4.1510332      16.708498      1213.8509    
    169800   174.26399      32.547546      18.700122      51.247668      5.6108137      7.4650152      0              3.7850688      15.686648      499.85069    
    169900   139.89817      35.071756      15.012355      50.084111      7.4453298      7.4440889      0              3.9156915      16.266646     -1026.6591    
    170000   180.97998      29.630295      19.42081       49.051105      5.7643042      5.5154967      0              1.9314967      16.418997      1157.4103    
    170100   166.25163      30.435282      17.840323      48.275605      3.8506838      6.1306867      0              3.1861941      17.267717      1533.1319    
    170200   134.6098       33.36032       14.444864      47.805185      6.5902793      7.5541985      0              2.1800072      17.035835      658.98783    
    170300   118.74933      34.788855      12.742891      47.531746      8.0651348      8.4735212      0              2.4550702      15.795129      1437.7544    
    170400   145.39327      31.821064      15.60203       47.423094      5.5472597      7.9753917      0              1.1586959      17.139717      1782.813     
    170500   145.90612      31.757247      15.657063      47.414311      4.7891313      5.4836216      0              4.0689579      17.415537      2105.9478    
    170600   143.23691      32.115018      15.370633      47.485651      5.053671       6.0446837      0              3.7251786      17.291484      1977.2397    
    170700   147.74997      31.68078       15.854926      47.535705      4.6768193      8.5597305      0              2.1126459      16.331584      2158.8888    
    170800   141.70976      32.432961      15.206755      47.639716      7.1609215      4.8320172      0              4.9606819      15.47934      -2426.6058    
    170900   158.14591      30.779988      16.970505      47.750494      5.9619199      4.843955       0              2.4445693      17.529544      1267.1415    
    171000   138.40009      33.080611      14.851598      47.93221       6.3649643      6.6131103      0              3.5241588      16.578378     -389.20304    
    171100   139.29326      33.203951      14.947443      48.151393      5.7379275      8.800285       0              2.0289179      16.63682       2594.1679    
    171200   128.10551      34.701438      13.746895      48.448333      5.8173034      7.2253865      0              5.5832256      16.075522     -441.3753     
    171300   151.97699      32.55938       16.308523      48.867904      5.7681823      6.8586594      0              3.2489721      16.683566      809.47607    
    171400   155.77513      32.81469       16.716098      49.530788      5.8485019      7.4432419      0              3.4751715      16.047774      907.44687    
    171500   177.45388      31.483827      19.042428      50.526254      5.4289812      7.4863816      0              3.045684       15.52278      -668.75843    
    171600   183.07363      32.096841      19.645478      51.742318      7.318799       5.7605749      0              3.4139448      15.603522     -615.90925    
    171700   176.58957      34.02617       18.949679      52.975849      7.3340789      7.2603018      0              2.849701       16.582088      620.09779    
    171800   174.57654      35.246574      18.733662      53.980236      6.2342907      8.0189212      0              4.2074472      16.785915      126.23229    
    171900   214.19703      31.646588      22.985304      54.631892      7.2560287      4.559508       0              4.5814959      15.249556     -1504.6179    
    172000   168.52669      36.624684      18.084458      54.709142      8.5978618      10.134183      0              2.6153089      15.27733      -526.98929    
    172100   189.36865      33.641201      20.320991      53.962192      8.2202109      6.3516858      0              3.714401       15.354903     -1192.7923    
    172200   156.38037      35.577234      16.781046      52.358281      8.9753885      5.294814       0              4.7174956      16.589536     -1396.6185    
    172300   175.03971      31.527978      18.783365      50.311343      5.4761628      8.3313997      0              1.5213885      16.199027      2960.0357    
    172400   151.90216      32.195008      16.300493      48.495502      7.0144275      8.4378252      0              1.68329        15.059466     -2346.781     
    172500   151.55933      30.967674      16.263705      47.231379      5.1470943      7.8049545      0              2.237973       15.777652      162.36299    
    172600   133.77389      32.09405       14.355164      46.449214      3.6634019      7.982617       0              3.8324793      16.615552      187.54278    
    172700   148.30304      30.04016       15.914275      45.954436      4.3904551      7.4404032      0              2.296943       15.912359      997.78373    
    172800   136.92289      30.960365      14.693081      45.653446      4.5430404      7.9233043      0              2.8591474      15.634873      263.36023    
    172900   140.80751      30.408488      15.109936      45.518424      5.0669577      6.2903568      0              2.3510244      16.700149      1540.6612    
    173000   128.53366      31.765535      13.792839      45.558374      5.0841432      7.0946315      0              2.18699        17.399771      531.09701    
    173100   151.16084      29.512769      16.220943      45.733712      4.9559973      5.6617022      0              2.4338076      16.461262      52.565486    
    173200   159.06701      28.989308      17.069348      46.058656      5.0838252      6.0124268      0              2.0084326      15.884624      635.08357    
    173300   166.36591      28.684824      17.852587      46.537411      5.6209666      4.8601447      0              2.4083405      15.795373     -1183.9502    
    173400   122.21502      34.031103      13.114791      47.145894      7.4717767      5.976332       0              3.969257       16.613737     -109.50802    
    173500   162.07916      30.480422      17.392578      47.873         6.0861049      4.5518672      0              3.7175306      16.124919     -1241.5701    
    173600   170.28802      30.418379      18.273465      48.691844      5.035833       6.2691305      0              3.4213513      15.692064     -279.84358    
    173700   155.54288      32.85047       16.691176      49.541645      6.6869356      6.9972857      0              2.7700639      16.396184     -206.333      
    173800   149.97251      34.302781      16.093425      50.396206      6.9527718      7.0804385      0              2.659249       17.610322      498.22098    
    173900   160.53717      33.924113      17.227109      51.151222      5.540488       8.0587314      0              2.6200205      17.704873      905.8802     
    174000   164.9099       34.137169      17.696343      51.833513      5.1619586      8.6287903      0              3.8317363      16.514684     -1197.7992    
    174100   171.71711      33.999582      18.426819      52.426401      6.1111975      7.6239644      0              3.1236353      17.140785      561.79808    
    174200   163.65265      35.36962       17.561429      52.931049      7.1992543      7.1057842      0              3.4249042      17.639677      2814.7939    
    174300   143.02211      37.92084       15.347583      53.268423      8.2813693      9.7310888      0              2.6651846      17.243198     -974.75366    
    174400   180.38546      33.931624      19.357012      53.288636      5.8517917      9.1862238      0              2.3780279      16.515581      2669.74      
    174500   175.44937      34.087118      18.827325      52.914443      6.5165864      8.1336746      0              2.9834031      16.453453     -220.33501    
    174600   182.15966      32.446032      19.5474        51.993433      7.0983165      6.1682355      0              2.3929105      16.78657      -425.84084    
    174700   135.13267      36.1126        14.500974      50.613574      6.8568319      8.2070956      0              4.5961806      16.452492      48.732101    
    174800   132.65301      34.867006      14.234883      49.101889      5.4990193      8.2813191      0              4.7852954      16.301372      213.83619    
    174900   153.12255      31.319938      16.431452      47.75139       5.6791954      5.4032177      0              3.916583       16.320942      806.49439    
    175000   162.84318      29.166669      17.474565      46.641234      4.4295033      5.8278556      0              2.426735       16.482575      929.2176     
    175100   133.62234      31.559612      14.338902      45.898514      5.2163866      6.2221962      0              3.7576159      16.363414      1792.2239    
    175200   149.8161       29.35513       16.07664       45.43177       4.6700778      5.6631934      0              2.6103525      16.411506      750.78906    
    175300   118.22535      32.550449      12.686664      45.237112      4.3204965      7.5305282      0              3.2782226      17.421201      31.93293     
    175400   145.56595      29.621837      15.620561      45.242397      4.2849213      4.8955578      0              2.7626869      17.678671      1169.067     
    175500   121.6799       32.462897      13.057368      45.520265      6.2174092      4.5640477      0              4.4558558      17.225584     -1700.2204    
    175600   137.76856      31.301907      14.783829      46.085736      6.9399534      5.4476157      0              2.0538183      16.86052      -365.60513    
    175700   161.5652       29.617509      17.337426      46.954936      5.7596409      4.9408205      0              2.0174426      16.899605     -904.00492    
    175800   153.52612      31.548657      16.474759      48.023416      5.2548769      5.726949       0              4.331595       16.235236     -1023.3856    
    175900   151.6795       32.756974      16.2766        49.033573      5.8962507      8.5987411      0              2.4046052      15.857377     -152.76439    
    176000   164.43039      32.305159      17.644888      49.950047      5.9694247      6.8175235      0              2.4683023      17.049909     -668.85525    
    176100   189.57421      30.269385      20.343049      50.612434      6.3805542      3.3504072      0              2.7886426      17.749781     -1499.0472    
    176200   183.5961       31.369991      19.701543      51.071534      5.2355586      6.912954       0              2.6674579      16.55402      -1271.0176    
    176300   175.9623       32.372875      18.882367      51.255242      5.1052989      6.7220547      0              3.9390859      16.606436     -246.70769    
    176400   175.48876      32.346722      18.831552      51.178273      7.2072955      5.1364603      0              2.765358       17.237608      191.78844    
    176500   160.99804      33.471871      17.276565      50.748436      6.6403083      4.1150523      0              4.3065833      18.409927      2091.2871    
    176600   180.58788      30.450622      19.378734      49.829356      7.0818179      3.8567891      0              2.8348863      16.677129      1106.8358    
    176700   158.30994      30.940033      16.988107      47.92814       5.7573863      7.4429626      0              1.9958643      15.74382       88.458685    
    176800   130.32707      31.537602      13.985289      45.522891      5.4597991      4.9051945      0              3.7262823      17.446326      559.17656    
    176900   108.02072      32.2101        11.591613      43.801713      5.7412745      4.9032869      0              3.8955197      17.670019     -1030.9585    
    177000   132.8494       28.716396      14.255958      42.972354      5.5556512      4.5477343      0              1.5647621      17.048248     -576.09527    
    177100   137.62697      27.857207      14.768634      42.625842      4.6078624      4.9201127      0              2.3195033      16.009729     -1080.2475    
    177200   131.86055      28.498743      14.149845      42.648589      3.8302272      3.2727455      0              4.431927       16.963844     -726.08178    
    177300   133.62647      28.582084      14.339344      42.921428      4.3361232      3.217274       0              2.316192       18.712495      1423.4339    
    177400   147.10563      27.706818      15.785782      43.492601      5.7025104      3.3336344      0              1.7631883      16.907485     -492.16219    
    177500   114.45937      32.018397      12.282539      44.300937      4.2247686      9.2130771      0              1.7186865      16.861865      733.82341    
    177600   132.58641      31.089675      14.227736      45.317411      4.2986548      6.8981441      0              2.9554121      16.937464      734.26596    
    177700   141.79759      31.162813      15.216181      46.378994      5.1427656      5.1065894      0              2.5322289      18.381229      2501.813     
    177800   138.60612      32.512667      14.873706      47.386373      5.9117496      6.3120947      0              2.885843       17.40298       774.4828     
    177900   138.56052      33.393588      14.868813      48.262401      5.1607337      8.0685682      0              3.318108       16.846178      364.80132    
    178000   180.7205       29.628118      19.392966      49.021083      5.2317405      4.6231697      0              1.7727397      18.000468      19.869826    
    178100   160.5662       32.391919      17.230224      49.622143      4.4847481      7.2392683      0              3.1976987      17.470203     -789.18026    
    178200   184.57681      30.297126      19.806782      50.103909      6.0727494      5.1500035      0              1.9404944      17.133879      907.02181    
    178300   155.6179       33.557032      16.699226      50.256258      7.6070272      8.2298435      0              1.8374905      15.882671     -726.39886    
    178400   170.28311      31.892669      18.272938      50.165608      6.5756018      5.9907502      0              2.8536456      16.472672     -129.58086    
    178500   172.94453      31.266703      18.558532      49.825235      4.4627324      7.9804587      0              1.5074889      17.316022      481.4973     
    178600   155.0209       32.601332      16.635163      49.236495      6.2020273      7.0554043      0              3.7654827      15.578418     -2269.0661    
    178700   116.43763      35.893232      12.494824      48.388057      7.496263       8.1405185      0              4.9993711      15.25708      -849.73212    
    178800   151.26593      31.066824      16.23222       47.299044      6.1567026      4.2091713      0              4.5546505      16.1463       -1942.2905    
    178900   146.42565      30.37042       15.712813      46.083233      3.8244099      5.8691745      0              3.1197803      17.557055      1470.8615    
    179000   141.35071      29.799531      15.168226      44.967757      5.9820814      4.413914       0              2.5593832      16.844152     -323.25514    
    179100   118.44266      31.209237      12.709983      43.91922       6.614609       6.082296       0              2.6685478      15.843785     -1246.5323    
    179200   116.21159      30.725025      12.470569      43.195594      4.0228663      7.654749       0              2.1948119      16.852598      2001.7397    
    179300   123.44615      29.548995      13.246903      42.795897      4.0015919      5.7435208      0              3.1870428      16.616839      825.18253    
    179400   118.83772      30.016831      12.752376      42.769206      6.0444521      5.5860403      0              1.8708124      16.515526     -852.95279    
    179500   124.19322      29.766931      13.32707       43.094002      5.0831796      6.7418392      0              2.2297921      15.712121      277.75278    
    179600   144.81302      28.282161      15.539763      43.821924      5.1217013      4.761787       0              2.5021301      15.896542      867.23164    
    179700   164.52661      27.595314      17.655212      45.250526      4.1574207      4.8807029      0              1.8835548      16.673635      953.87102    
    179800   149.5522       31.747757      16.048321      47.796077      5.8725339      5.3030491      0              3.1481851      17.423988      1771.9563    
    179900   180.49104      31.198057      19.368342      50.566399      5.2319136      7.0054437      0              3.1473222      15.813377     -1429.9443    
    180000   140.42744      36.813         15.06915       51.882151      8.2841147      6.7236975      0              6.8156881      14.9895       -3577.1944    
    180100   207.32367      29.918837      22.24773       52.166567      5.9648102      5.0533742      0              2.6147294      16.285924     -64.899048    
    180200   178.87249      32.865536      19.194657      52.060194      5.7683751      7.2589903      0              2.3470387      17.491132      452.81486    
    180300   181.11832      32.298651      19.435655      51.734307      6.8819139      5.8390989      0              2.9580206      16.619618      1031.3633    
    180400   138.3666       36.294104      14.848003      51.142108      6.7573569      9.116193       0              3.9264318      16.494122      56.847907    
    180500   171.4522       32.009458      18.398392      50.40785       6.4612893      7.6117897      0              1.2612764      16.675102      2630.6079    
    180600   183.73699      29.762928      19.716662      49.479591      4.2030522      5.5738889      0              2.3338365      17.652151      1499.6819    
    180700   172.49803      29.943464      18.510619      48.454084      6.0585854      6.1544381      0              1.6633901      16.067051     -909.23039    
    180800   148.50132      31.383931      15.935552      47.319483      8.2867713      4.6749708      0              2.4254915      15.996697      281.86184    
    180900   145.17692      30.664086      15.578814      46.2429        6.986525       6.1501954      0              2.1162252      15.411141     -379.60415    
    181000   158.8411       28.191686      17.045105      45.236792      3.8348905      5.0726604      0              3.4189376      15.865198      969.8211     
    181100   163.21436      26.903752      17.514397      44.418149      3.9649807      4.1434017      0              2.7141126      16.081257      1879.004     
    181200   139.14642      28.914246      14.931685      43.845931      4.2651542      6.114946       0              3.1365699      15.397576      337.07986    
    181300   114.73185      31.198553      12.311779      43.510332      4.7588793      8.4773697      0              2.7259124      15.236392      1435.6141    
    181400   137.62533      28.605658      14.768459      43.374117      4.8027812      5.6393025      0              2.8168514      15.346723      291.15396    
    181500   131.62077      29.312768      14.124115      43.436882      4.375473       5.7667723      0              2.6499289      16.520593     -29.443232    
    181600   154.21591      27.15118       16.54878       43.699959      4.3075052      5.1002262      0              1.6732655      16.070183      513.08858    
    181700   142.4392       28.933186      15.285032      44.218217      5.4695989      6.2097502      0              1.6817766      15.57206      -1224.0518    
    181800   167.0821       27.121933      17.92944       45.051373      4.5465342      4.5683911      0              1.892682       16.114326     -9.7122648    
    181900   153.69664      29.739257      16.493057      46.232315      3.738715       6.4264923      0              3.3816985      16.192352     -869.9536     
    182000   159.05751      30.491463      17.068328      47.559792      4.6059728      6.3757027      0              3.9739019      15.535886     -1816.2705    
    182100   153.70305      32.371792      16.493746      48.865537      6.9095644      5.3180682      0              4.6757973      15.468362     -362.0733     
    182200   184.1139       30.232786      19.757109      49.989895      5.5737575      4.618187       0              3.6811416      16.3597        349.31452    
    182300   136.89506      35.974954      14.690094      50.665048      6.0498139      8.9317114      0              4.4154311      16.577997     -1342.0497    
    182400   183.92572      31.148352      19.736915      50.885267      4.3903074      5.9679334      0              3.4195421      17.370569      1068.656     
    182500   153.90292      34.287495      16.515193      50.802688      6.0234475      7.3884712      0              4.3870463      16.48853      -95.421611    
    182600   166.32483      32.644418      17.848178      50.492596      8.1361672      5.4625381      0              3.4991684      15.546544     -2568.0024    
    182700   123.59696      36.735669      13.263086      49.998755      8.3212309      6.2834995      0              5.1322271      16.998712      2316.7774    
    182800   155.45504      32.756613      16.681751      49.438364      6.7880814      4.8256147      0              4.453498       16.689419     -2045.7973    
    182900   151.76413      32.676107      16.285681      48.961788      8.4958836      4.6744103      0              3.8355692      15.670244      352.79673    
    183000   159.18016      31.447571      17.08149       48.529061      6.3714974      4.4610786      0              3.7821942      16.832801      33.608831    
    183100   148.29729      32.287585      15.913658      48.201243      6.9969259      4.9308679      0              2.7125308      17.647261     -1006.7727    
    183200   139.71867      33.009564      14.993093      48.002657      6.7547486      4.919711       0              3.979737       17.355367     -456.21542    
    183300   154.6593       31.329823      16.596359      47.926183      5.0540588      6.2617055      0              3.0039347      17.010124      394.42678    
    183400   164.72783      30.243621      17.676805      47.920427      5.4691658      5.0428838      0              2.4509294      17.280642      836.81647    
    183500   131.2997       33.819187      14.08966       47.908847      7.2484379      7.4151837      0              2.766066       16.389499     -807.47137    
    183600   125.04874      34.480914      13.418876      47.89979       8.9496649      4.8585248      0              2.3322168      18.340507      3637.398     
    183700   169.34938      29.77461       18.17274       47.94735       5.8930048      4.6825251      0              2.431279       16.767801      743.39442    
    183800   135.10063      33.543053      14.497536      48.040589      8.4984719      5.315043       0              2.5087777      17.22076       143.78562    
    183900   157.93929      31.186444      16.948333      48.134777      6.5662885      5.433175       0              1.6956705      17.49131      -375.83268    
    184000   145.16835      32.776408      15.577894      48.354302      4.5555889      6.6256178      0              3.1998036      18.395397     -80.665196    
    184100   157.65356      31.853604      16.917671      48.771275      5.2170467      4.4436702      0              3.8850867      18.3078        539.9861     
    184200   151.86332      33.276276      16.296326      49.572602      7.2294341      4.1682582      0              4.2846988      17.593885     -1601.1696    
    184300   149.84265      34.849631      16.079489      50.92912       7.8242801      5.5851302      0              3.7636097      17.676611     -927.66424    
    184400   154.26633      36.369031      16.554191      52.923222      10.561607      6.9057425      0              1.4291268      17.472555     -2173.6286    
    184500   183.55013      35.273086      19.696611      54.969697      7.6924302      7.5094765      0              2.6754086      17.395771      1020.3236    
    184600   208.96574      33.924202      22.423938      56.34814       8.6258521      8.08231        0              1.0001003      16.215939     -2767.1729    
    184700   195.64669      35.780651      20.994683      56.775333      7.0649764      6.1898539      0              4.9604241      17.565396     -244.58157    
    184800   175.27338      37.614998      18.80844       56.423438      7.0128239      10.189212      0              2.5932758      17.819686      2149.2267    
    184900   218.13344      32.072078      23.407716      55.479795      5.9167209      6.903388       0              1.8296931      17.422277     -320.75012    
    185000   217.8781       30.840713      23.380316      54.221029      5.3948164      5.3947245      0              2.3488371      17.702335      2412.1756    
    185100   178.95747      33.57916       19.203776      52.782937      7.0452708      5.9959881      0              2.5467387      17.991163      1971.1       
    185200   182.98486      31.811147      19.635952      51.447099      7.0455297      7.1573452      0              1.0122744      16.595997      881.12853    
    185300   155.74029      33.596138      16.71236       50.308498      5.799697       7.3831607      0              4.3318041      16.081477      1202.803     
    185400   142.72306      34.154183      15.315492      49.469676      5.3700003      7.1450634      0              4.4975764      17.141543      527.89239    
    185500   173.26468      30.229876      18.592888      48.822763      7.3406815      4.6949707      0              2.2995597      15.894664     -1547.043     
    185600   134.29219      33.822963      14.410783      48.233746      6.616958       6.0434598      0              4.845947       16.316598      463.22911    
    185700   143.56745      32.219356      15.406102      47.625458      6.2224787      7.8174461      0              2.2189956      15.960436     -258.02884    
    185800   147.55592      31.233538      15.834102      47.06764       5.6495731      5.1417404      0              3.4001904      17.042034      752.55424    
    185900   138.80367      31.648129      14.894906      46.543035      6.5770669      5.9803886      0              2.9691987      16.121475     -1395.3187    
    186000   135.21583      31.618298      14.509897      46.128195      6.4549329      6.8628758      0              1.9838024      16.316687      172.6788     
    186100   122.64693      32.656761      13.161139      45.8179        7.6350259      7.4074099      0              1.9038304      15.710495     -1165.597     
    186200   135.47158      31.006559      14.537341      45.5439        5.7097132      6.5104825      0              2.5738254      16.212538     -769.19332    
    186300   135.77459      30.823676      14.569857      45.393534      6.1395635      6.0666152      0              2.9536196      15.663878     -1394.9253    
    186400   150.75826      29.161506      16.177742      45.339249      5.3642121      5.3021087      0              3.0765614      15.418624      441.60764    
    186500   143.09066      30.039663      15.354939      45.394602      4.2747485      5.6693356      0              4.253868       15.841711     -796.28873    
    186600   142.00472      30.343911      15.238407      45.582318      4.1587176      5.8497132      0              3.5518802      16.7836        1118.8544    
    186700   141.86669      30.834496      15.223596      46.058092      5.2549193      4.1302295      0              4.7469886      16.702359      2076.9513    
    186800   166.27645      29.135336      17.842986      46.978323      4.3712377      6.0358091      0              2.782959       15.945331     -660.65137    
    186900   152.41434      32.056186      16.355455      48.411641      5.0264494      7.5566902      0              3.529456       15.94359       2143.1637    
    187000   180.40768      30.632707      19.359396      49.992104      7.6642189      5.539301       0              2.3733427      15.055845     -2600.7115    
    187100   196.20816      30.259624      21.054933      51.314556      7.4954629      4.789166       0              2.4945322      15.480462      955.09669    
    187200   214.53879      29.117305      23.021978      52.139282      4.8939672      6.7907525      0              1.2195274      16.213058      3611.7748    
    187300   161.17628      35.369152      17.295691      52.664844      5.5962634      10.44466       0              3.2886945      16.039534      69.051358    
    187400   179.22365      33.564484      19.232339      52.796824      6.4132746      6.5148603      0              3.8007975      16.835552      2541.6361    
    187500   149.16439      36.612137      16.006705      52.618842      8.5747807      7.2899286      0              3.8006201      16.946808      954.85785    
    187600   170.51712      33.798745      18.298049      52.096794      7.1608304      6.5525055      0              4.1440706      15.941338     -1791.5611    
    187700   193.48201      30.424076      20.762393      51.186468      7.0395         4.8538898      0              2.2536025      16.277083     -152.96913    
    187800   165.22932      32.101548      17.730619      49.832167      6.2771247      5.3424163      0              3.4811389      17.000868      2377.1114    
    187900   140.64264      33.157648      15.092243      48.249891      6.7938231      6.9382129      0              2.3646062      17.061005      399.59066    
    188000   146.39218      31.104826      15.709222      46.814048      4.6015256      5.691329       0              3.782724       17.029247     -8.5109281    
    188100   128.84861      32.056663      13.826636      45.883299      6.0660485      4.4717718      0              4.579958       16.938884     -44.298826    
    188200   148.79829      29.44447       15.96742       45.41189       6.2465576      3.8562364      0              3.4224538      15.919222     -2794.9245    
    188300   135.34454      30.700226      14.52371       45.223935      6.2265026      6.6471314      0              1.9616743      15.864917     -715.34013    
    188400   139.95031      30.173404      15.01795       45.191354      5.7743018      5.3421743      0              2.6057101      16.451218     -997.66242    
    188500   144.10819      29.870127      15.464129      45.334256      4.9453167      6.0330821      0              2.4749985      16.416729     -1119.213     
    188600   139.40233      30.684163      14.959147      45.64331       5.0279263      6.2054347      0              2.6009646      16.849837     -656.47347    
    188700   113.34378      33.984871      12.162826      46.147697      6.9055563      7.5383593      0              2.1282045      17.412751      2152.8839    
    188800   120.14463      33.884184      12.892619      46.776804      6.8129532      6.0231205      0              3.8967153      17.151395     -377.53865    
    188900   131.86827      33.38325       14.150674      47.533924      6.7203296      5.6927478      0              4.4537003      16.516472     -1768.6091    
    189000   146.27275      32.622742      15.696406      48.319149      4.5960084      6.4924415      0              4.4772549      17.057038      353.53492    
    189100   126.96057      35.47678       13.624032      49.100812      9.1888931      7.7965538      0              2.3830493      16.108284     -1410.3399    
    189200   156.01195      33.03302       16.741512      49.774532      8.3953744      5.8612552      0              2.04191        16.73448      -1652.6399    
    189300   157.80353      33.344311      16.933765      50.278076      7.3069725      7.5557184      0              2.101933       16.379687     -239.7396     
    189400   190.86996      29.962223      20.482096      50.444319      4.972803       6.0831806      0              2.8213852      16.084854     -1914.9457    
    189500   173.37766      31.76142       18.605011      50.366431      4.0380809      8.6312799      0              1.8693648      17.222694      915.48557    
    189600   164.72972      32.266429      17.677008      49.943437      6.1251517      7.0585786      0              3.168206       15.914493     -2062.7325    
    189700   124.74137      35.830964      13.385892      49.216856      8.7697358      7.6135503      0              3.630909       15.816769     -2464.818     
    189800   163.76456      30.473687      17.573438      48.047124      6.6136631      4.7688195      0              3.4285548      15.66265      -666.98634    
    189900   142.90554      31.017814      15.335074      46.352888      6.4716973      5.1001696      0              3.0658933      16.380054      601.84019    
    190000   155.94978      27.629757      16.73484       44.364596      3.4443053      5.5541567      0              2.7497697      15.881525     -226.0973     
    190100   142.47303      27.556992      15.288661      42.845653      4.6764998      4.6482654      0              2.6937241      15.538502     -788.71581    
    190200   126.35679      28.489339      13.559241      42.048579      4.8835002      4.6488312      0              2.4447275      16.51228       203.45107    
    190300   114.20127      29.583406      12.254843      41.838248      4.6412884      5.3262202      0              2.5787487      17.037148      991.44797    
    190400   135.97263      27.366594      14.591109      41.957703      3.6143824      4.9512919      0              1.794873       17.006047      2354.0454    
    190500   125.90922      28.811479      13.511213      42.322692      3.869958       5.858718       0              2.9531873      16.129616      1576.1419    
    190600   135.83398      28.252314      14.57623       42.828544      4.615121       4.6889945      0              3.1314038      15.816794      1274.1824    
    190700   131.07239      29.423672      14.065268      43.48894       5.5849818      5.1305974      0              3.2032263      15.504867     -252.93225    
    190800   139.05607      29.318103      14.921991      44.240093      4.6138165      6.4244049      0              2.5595332      15.720348      817.13638    
    190900   137.38574      30.424263      14.742749      45.167011      6.6112984      5.7466351      0              2.585074       15.481255     -658.20681    
    191000   133.21643      31.837899      14.295344      46.133242      6.7060793      6.5516541      0              3.2433816      15.336784     -1300.4927    
    191100   149.84696      30.891791      16.079951      46.971742      5.9215103      7.679316       0              1.8621506      15.428814     -313.77267    
    191200   165.76426      29.872949      17.788024      47.660973      5.5565339      5.6238599      0              3.4285815      15.263974     -1303.169     
    191300   147.76591      32.348562      15.856636      48.205198      8.7177194      6.1209797      0              1.9833557      15.526507     -3072.2677    
    191400   139.21158      33.748407      14.938678      48.687084      7.129436       8.7374014      0              2.3070678      15.574502     -1422.0419    
    191500   162.91635      31.559944      17.482417      49.042361      7.706635       6.843993       0              2.1538246      14.855491     -1869.753     
    191600   154.8057       32.677669      16.61207       49.28974       5.8266674      7.6767864      0              3.4716585      15.702557      606.81046    
    191700   144.27444      33.880238      15.48197       49.362208      8.5218484      6.1568444      0              2.783301       16.418244      356.63093    
    191800   180.81571      29.912371      19.403182      49.315553      6.2160953      5.9319204      0              2.7305651      15.03379       43.14033     
    191900   170.14761      30.876924      18.258398      49.135322      5.9727887      6.4768864      0              2.7009682      15.726281     -24.666562    
    192000   151.24956      32.51129       16.230464      48.741754      6.138583       7.6635717      0              2.2397687      16.469367      1863.657     
    192100   153.61355      31.62993       16.484141      48.114072      5.2710914      7.1620845      0              2.7598494      16.436905      1490.406     
    192200   142.80892      31.741206      15.324706      47.065912      5.9683478      7.1704998      0              1.4611547      17.141204      3381.3403    
    192300   129.5235       31.715898      13.899058      45.614956      6.816233       5.994298       0              2.1468821      16.758485      2925.6994    
    192400   110.62536      32.314125      11.871115      44.185239      6.5131055      6.8358852      0              2.2603629      16.704771      1288.6459    
    192500   140.82045      27.982471      15.111324      43.093795      5.1685867      4.5195457      0              1.7028263      16.591512      882.89764    
    192600   147.25412      26.569633      15.801716      42.371348      4.3370247      5.3700101      0              0.51074717     16.351851      1789.4727    
    192700   112.80943      29.885998      12.105485      41.991483      5.1750782      6.9208605      0              1.686566       16.103493     -533.86797    
    192800   140.67857      26.814336      15.0961        41.910435      4.2953052      3.4450775      0              1.9383646      17.135588      782.51338    
    192900   147.67047      26.266077      15.846394      42.112472      3.8932157      4.3168718      0              1.684741       16.371249     -2770.6004    
    193000   112.88956      30.513571      12.114084      42.627655      6.5364022      5.2721832      0              3.1269059      15.57808      -3819.4893    
    193100   113.87067      31.22726       12.219366      43.446626      6.1933128      5.5144983      0              3.2631543      16.256295     -1353.603     
    193200   134.64888      30.101937      14.449059      44.550996      7.5250519      4.5104823      0              1.7758239      16.290579     -3159.6225    
    193300   173.60164      27.193779      18.629047      45.822826      5.7401392      4.4218388      0              1.225983       15.805818     -3345.0827    
    193400   143.7848       31.596163      15.429426      47.02559       6.9668778      5.6713932      0              2.9071413      16.050751     -1608.667     
    193500   142.96877      32.5423        15.341858      47.884159      6.7172207      6.7868894      0              2.9152037      16.122986     -1938.9985    
    193600   150.8884       32.23624       16.191708      48.427949      6.3813722      6.826616       0              2.6596424      16.36861      -903.91709    
    193700   148.27602      32.823311      15.911375      48.734686      5.8442037      6.8830836      0              3.2268929      16.86913       1975.6105    
    193800   160.51098      31.664153      17.224298      48.888451      5.9788416      7.2335301      0              2.8703568      15.581424     -925.76471    
    193900   158.88329      31.842083      17.049632      48.891716      7.0543955      6.0319227      0              2.3879888      16.367776      1318.5473    
    194000   166.94909      30.880471      17.915167      48.795638      5.8965585      6.3128365      0              2.1438218      16.527254      1874.1972    
    194100   156.5006       31.739883      16.793948      48.533831      6.76511        5.2911926      0              3.1427307      16.540849     -31.725744    
    194200   148.76687      32.148204      15.964048      48.112252      6.640472       7.2104596      0              1.769932       16.527341      2049.8755    
    194300   159.9409       30.449992      17.163124      47.613116      4.9966335      5.7490388      0              2.7200586      16.984262      2085.9096    
    194400   139.55726      32.105381      14.975772      47.081154      5.9491075      5.1663934      0              3.8193795      17.170501      733.4639     
    194500   152.48113      30.059848      16.362622      46.42247       6.2388354      3.8764776      0              2.9149866      17.029549      809.54529    
    194600   135.75327      31.101747      14.56757       45.669317      5.1782712      6.3923055      0              3.1084103      16.42276       224.13289    
    194700   147.48821      29.003001      15.826836      44.829838      5.1596859      4.642952       0              3.3163412      15.884022     -2323.6968    
    194800   115.27558      31.514693      12.370126      43.884819      7.1584727      4.4270757      0              3.2808228      16.648322     -1387.3225    
    194900   108.98049      31.205045      11.694605      42.89965       6.1830218      4.7055793      0              3.6886638      16.62778       1160.6286    
    195000   139.23187      27.007732      14.940855      41.948587      5.0175226      4.1702895      0              2.1698703      15.65005      -2951.4834    
    195100   139.77154      26.151394      14.998767      41.150161      4.7689386      3.985847       0              1.7365416      15.660066     -208.23412    
    195200   121.43876      27.51276       13.031492      40.544251      4.2299194      6.2054729      0              1.5360666      15.541301     -995.83293    
    195300   125.51281      26.670348      13.468675      40.139022      5.1235569      3.7189111      0              2.0538976      15.773982      169.59609    
    195400   126.23227      26.402467      13.545879      39.948346      3.2936304      6.4244223      0              1.1368216      15.547592      214.68158    
    195500   112.74642      28.029041      12.098724      40.127764      3.6785766      5.154341       0              3.0838609      16.112262      1393.0229    
    195600   110.10799      29.103253      11.815596      40.918849      5.2816879      6.6274913      0              1.2790366      15.915037      1738.7804    
    195700   122.96952      29.350632      13.195756      42.546388      4.0002787      6.0706901      0              3.1633132      16.11635       1379.7957    
    195800   137.92607      29.736841      14.800731      44.537572      5.6403974      5.6138498      0              2.9429486      15.539645     -775.37014    
    195900   140.93738      30.968747      15.123872      46.092619      5.3698269      6.2419048      0              3.530627       15.826388     -545.01638    
    196000   159.6912       30.009847      17.136329      47.146176      4.7532991      4.5982964      0              2.957033       17.701218      2456.9348    
    196100   168.45944      29.886636      18.077241      47.963877      5.5384995      3.9607279      0              3.6612086      16.7262       -980.26662    
    196200   136.78926      33.981801      14.678741      48.660542      7.1645795      5.1181893      0              4.7356019      16.963431      2128.4577    
    196300   134.60802      34.75896       14.444674      49.203633      7.7205352      7.343676       0              3.7811719      15.913577     -1472.8846    
    196400   147.11831      33.804643      15.787142      49.591786      6.1564334      7.1809198      0              3.8650136      16.602277     -678.83329    
    196500   168.67144      31.68018       18.099991      49.78017       6.0302891      5.2693618      0              3.6227618      16.757767      1664.4779    
    196600   185.03086      29.899252      19.855506      49.754759      5.2708961      5.4836172      0              2.879264       16.265475     -811.903      
    196700   173.98066      30.834964      18.669719      49.504683      6.4311455      6.2118758      0              1.9664075      16.225536      58.561942    
    196800   164.36901      31.311442      17.638301      48.949743      6.3042604      6.0855233      0              3.2592425      15.662415     -38.237458    
    196900   160.26727      30.843789      17.198147      48.041936      5.6140986      5.7727335      0              3.7884558      15.668501      244.44182    
    197000   146.34717      31.194191      15.704392      46.898583      6.3658227      7.1911619      0              2.0360435      15.601163      1800.4626    
    197100   125.04139      32.378822      13.418087      45.796909      6.9732155      6.93084        0              2.7062673      15.768499      492.86737    
    197200   128.66553      31.037055      13.80699       44.844045      3.957253       6.4834705      0              4.2675416      16.32879       1492.3394    
    197300   129.02912      30.345738      13.846007      44.191745      5.8247376      4.9509306      0              3.5826278      15.987442     -132.04127    
    197400   114.94992      31.50061       12.335179      43.835789      3.5199372      7.8583787      0              4.1865645      15.93573      -1323.3978    
    197500   125.01164      30.383923      13.414894      43.798817      5.7309981      5.0942819      0              2.9436817      16.614962     -618.02818    
    197600   126.01644      30.51355       13.522719      44.036269      5.3316226      4.4535414      0              4.4153921      16.312994     -930.80048    
    197700   131.12867      30.453888      14.071308      44.525196      5.5834042      5.4543033      0              3.3650763      16.051104     -1729.0851    
    197800   131.61819      31.164637      14.123838      45.288475      5.3595312      4.760869       0              3.9466031      17.097633      749.93715    
    197900   139.03697      31.465515      14.91994       46.385455      5.6149472      6.1326937      0              3.288648       16.429226     -1157.9753    
    198000   162.20302      30.459669      17.40587       47.865539      4.1807386      6.3029773      0              3.104146       16.871807      1735.7795    
    198100   158.26003      32.653932      16.982751      49.636684      6.2546782      6.3607382      0              2.5115808      17.526935      621.70425    
    198200   168.21464      32.961799      18.050972      51.01277       5.6736574      5.7511038      0              4.3853551      17.151683      1019.9411    
    198300   160.97958      34.436979      17.274584      51.711563      8.2411129      7.3082395      0              1.9770252      16.910601      489.37251    
    198400   178.73306      32.692153      19.179695      51.871848      6.2953114      5.9737589      0              3.7372488      16.685834      407.88462    
    198500   152.61161      35.299267      16.376624      51.675891      6.7615658      5.2481257      0              5.8812102      17.408365      392.03419    
    198600   168.29075      33.203096      18.05914       51.262236      5.2418097      5.2932527      0              5.7498277      16.918206      374.58276    
    198700   172.54657      32.187571      18.515827      50.703399      5.7954166      5.6431281      0              4.4310702      16.317957     -372.09452    
    198800   148.03434      34.082779      15.885441      49.96822       6.2936554      8.1850394      0              3.2676407      16.336443     -26.586055    
    198900   152.52529      32.729014      16.367361      49.096375      5.8334148      6.4071116      0              3.3925106      17.095977      318.75243    
    199000   154.6686       31.634308      16.597358      48.231666      6.397095       5.2139898      0              4.2836218      15.739601     -1310.5011    
    199100   153.35715      30.829254      16.456627      47.285881      4.2776105      7.0586785      0              4.165244       15.327721     -229.2688     
    199200   168.87335      28.191967      18.121658      46.313625      3.179868       5.2380763      0              3.7137155      16.060307     -272.13649    
    199300   131.48592      31.359123      14.109643      45.468766      5.5571375      4.9432449      0              4.3046752      16.554065     -1473.2244    
    199400   153.58279      28.420198      16.480841      44.901039      4.1223806      4.6667147      0              3.5504586      16.080644      1717.0754    
    199500   122.26529      31.416583      13.120186      44.536769      3.4593117      4.5835721      0              7.3946334      15.979065     -985.57988    
    199600   126.80992      30.713994      13.607866      44.32186       6.0150597      3.9024251      0              4.1793113      16.617198      215.72312    
    199700   111.49345      32.325086      11.964269      44.289355      5.2836223      5.3135951      0              5.1214173      16.606452     -1115.7476    
    199800   163.23483      26.946138      17.516593      44.462731      3.2082213      5.4406595      0              2.1158214      16.181436      631.22674    
    199900   143.12131      29.478653      15.358228      44.836881      3.7844746      5.0425875      0              4.9794041      15.672187      194.85571    
    200000   169.8092       27.184803      18.222083      45.406886      4.5150458      5.0590453      0              1.7985709      15.812141      409.37725    
Loop time of 5.50213 on 1 procs for 200000 steps with 37 atoms

Performance: 785.151 ns/day, 0.031 hours/ns, 36349.585 timesteps/s, 1.345 Matom-step/s
99.4% CPU use with 1 MPI tasks x no OpenMP threads

MPI task timing breakdown:
Section |  min time  |  avg time  |  max time  |%varavg| %total
---------------------------------------------------------------
Pair    | 2.4258     | 2.4258     | 2.4258     |   0.0 | 44.09
Bond    | 1.5551     | 1.5551     | 1.5551     |   0.0 | 28.26
Neigh   | 0.11381    | 0.11381    | 0.11381    |   0.0 |  2.07
Comm    | 0.80669    | 0.80669    | 0.80669    |   0.0 | 14.66
Output  | 0.13515    | 0.13515    | 0.13515    |   0.0 |  2.46
Modify  | 0.26396    | 0.26396    | 0.26396    |   0.0 |  4.80
Other   |            | 0.2016     |            |       |  3.66

Nlocal:             37 ave          37 max          37 min
Histogram: 1 0 0 0 0 0 0 0 0 0
Nghost:            926 ave         926 max         926 min
Histogram: 1 0 0 0 0 0 0 0 0 0
Neighs:            945 ave         945 max         945 min
Histogram: 1 0 0 0 0 0 0 0 0 0

Total # of neighbors = 945
Ave neighs/atom = 25.540541
Ave special neighs/atom = 10
Neighbor list builds = 686
Dangerous builds = 0

write_data heated.data
System init for write_data ...
Generated 6 of 6 mixed pair_coeff terms from geometric mixing rule

unfix 1
Total wall time: 0:00:05
