system,condition,timestep,n_water,final_water_r_mean_A,final_water_r_max_A,final_water_abs_z_mean_A,final_fraction_inside_lumen_segment,final_fraction_radial_outside_lumen,final_fraction_axial_outside_segment,final_fraction_outside_outer_radius,final_mean_cos_theta_z,final_abs_cos_theta_z_mean,final_S_z,final_mean_cos_theta_radial,final_abs_cos_theta_radial_mean
BN-like polar scaffold-water,no_field_20k,20000,,41.79317478856423,73.34019537429663,40.08439278006,0.9973666666666666,0.0026,0.0001333333333333,,0.0024434056119728,0.4975675112830209,-0.0029879009159495,0.0399230568758268,0.4949304498509124
BN-neutralized scaffold-water,no_field_20k,20000,,40.72054088383069,95.24639215172404,38.837961961659,0.9976666666666668,0.0022333333333333,0.0002,,0.0026019702178204,0.4965864258440652,-0.0049110107499011,0.0366761207949018,0.4929455593456623
carbon-like neutral scaffold-water,no_field_20k,20000,,40.75943548867026,97.11875001568956,38.838866373328,0.9975,0.0023666666666666,0.0002333333333333,,0.0035465740908419,0.4985966481232344,-0.0020303043522233,0.0465691039173434,0.4943931766409876
water-only contained,no_field_20k,20000,,40.87637251639246,89.83603153946639,38.814851024835,0.9972333333333332,0.0026666666666666,0.0001666666666666,,0.0043557038852007,0.496691273364112,-0.0048670177450458,0.0419312441409975,0.4944943346223509
BN-like polar scaffold-water,fieldZ_10k,10000,,41.50056189089718,72.82327894025372,39.54901844302553,0.9968666666666668,0.0030666666666666,0.0001333333333333,,0.5879816816600225,0.655325459522768,0.2566973402656798,0.0326360194128197,0.4158175845110156
BN-neutralized scaffold-water,fieldZ_10k,10000,,40.24855777718231,105.12021147586223,38.328472152736666,0.9977,0.0021666666666666,0.0002333333333333,,0.5891478757967495,0.6568665470012793,0.2592027469938345,0.0242664681881614,0.4135398540053274
carbon-like neutral scaffold-water,fieldZ_10k,10000,,40.26469693570359,107.7839620954806,38.372415297845,0.9974666666666666,0.0024,0.0002333333333333,,0.5949191716282236,0.6576080294303489,0.2604799623179191,0.0326998758718431,0.4122195905213781
water-only contained,fieldZ_10k,10000,,40.358072611834224,97.1468855715406,38.29360415309233,0.9974666666666666,0.0024333333333333,0.0001666666666666,,0.5962408298222829,0.6599842621857812,0.2652287244233599,0.0344273832561873,0.4081000987439764
