case,step,n_water,water_r_mean_A,water_r_max_A,water_abs_z_mean_A,fraction_inside_lumen_segment,fraction_radial_outside_lumen,fraction_axial_outside_segment,fraction_outside_outer_radius,cos_theta_z_mean,abs_cos_theta_z_mean,S_z_mean,c_twater_K,PotEng_kcal_mol,TotEng_kcal_mol,Press,water_msd_A2
hybrid_field_free_5k,5000,29987,40.75430241741039,74.2419811272571,38.18004249057959,0.9962983959715876,0.003601560676293,0.0001000433521192,0.0,0.0025860366506441,0.4969127822589927,-0.0048765761774548,300.4293,-255724.96,-202017.77,-71.986488,0.60109626
hybrid_field_free_20k,20000,29987,40.535624982110185,72.80204749826753,37.80057328151399,0.99596491813119,0.00400173408477,0.0001000433521192,0.0,0.0018728539932602,0.4940087044787262,-0.0099102015655505,301.41839,-252142.01,-198258.01,-65.90464,1.5699119
hybrid_fieldZ_10k,10000,29987,40.40967352338372,73.04468272673925,37.588589751878814,0.9957981792109916,0.004135125220929,0.000133391136159,0.0,0.4226978691180419,0.5786812537884548,0.1278751411784985,300.24641,-266559.12,-212884.64,-135.27375,1.2717839
hybrid_fieldZ_20k,20000,29987,40.25803206337459,73.53820806220396,37.395178823789976,0.995464701370594,0.0045019508453663,6.669556807950112e-05,0.0,0.5785644469126557,0.6528754890709241,0.2524525260785043,299.50398,-270628.82,-217087.05,-163.99315,1.3137668
hybrid_fieldZ_30k,30000,29987,40.05647784063133,73.67186542181486,37.19968869456832,0.9958648747790708,0.0040350818688098,0.0001000433521192,0.0,0.6622411212197515,0.7037103416240366,0.3423924013524079,300.65056,-232903.41,-179156.68,-121.48454,1.2807448
