
reset_timestep 0

velocity all create 250 12345 mom yes rot yes dist gaussian

fix 1 all nvt temp 250 250 100.0

thermo 100

dump 1 all custom 100 heating.xyz id type x y z

dump_modify 1 sort id

run 200000
Generated 6 of 6 mixed pair_coeff terms from geometric mixing rule
Neighbor list info ...
  update: every = 1 steps, delay = 0 steps, check = yes
  max neighbors/atom: 2000, page size: 100000
  master list distance cutoff = 14
  ghost atom cutoff = 14
  binsize = 7, bins = 3 3 3
  1 neighbor lists, perpetual/occasional/extra = 1 0 0
  (1) pair lj/cut, perpetual
      attributes: half, newton on
      pair build: half/bin/newton
      stencil: half/bin/3d
      bin: standard
Per MPI rank memory allocation (min/avg/max) = 12.56 | 12.56 | 12.56 Mbytes
   Step          Temp          PotEng         KinEng         TotEng         E_bond        E_angle        E_dihed        E_impro         E_vdwl         Press     
         0   250            16.343312      26.82729       43.170602      0.21696368     0.78182367     0              0.041998877    15.302526      227.87566    
       100   153.10789      27.200905      16.42988       43.630785      5.2582017      4.1502643      0              2.405243       15.387196      446.26039    
       200   127.47606      31.278543      13.679349      44.957891      7.9159029      5.4074446      0              2.0550051      15.90019       1229.5047    
       300   136.51046      32.220073      14.648823      46.868896      8.1387972      6.4610171      0              1.5968021      16.023457     -367.35358    
       400   133.22145      34.465994      14.295882      48.761877      6.3805484      9.0317944      0              2.66474        16.388912      3167.1792    
       500   181.34882      30.807596      19.46039       50.267986      5.8998021      6.7238521      0              2.3004096      15.883532      240.99268    
       600   176.31455      32.889346      18.920166      51.809512      8.3599412      5.6203375      0              2.721824       16.187243     -695.74688    
       700   168.71583      35.512165      18.104755      53.61692       10.181955      6.4760279      0              2.5880924      16.266089      1087.0942    
       800   192.74901      34.923938      20.683734      55.607672      10.040087      7.2515436      0              2.0979676      15.53434      -2145.0153    
       900   191.89727      37.175623      20.592335      57.767958      8.898551       7.7084085      0              5.1967134      15.37195      -836.39078    
      1000   203.20179      38.269351      21.805414      60.074765      11.410179      7.2931177      0              4.4091876      15.156867     -1838.0406    
      1100   188.24372      42.146642      20.200276      62.346918      14.417147      8.1107474      0              4.2653325      15.353416      156.18287    
      1200   234.72951      39.346254      25.188627      64.534881      11.733047      9.4626433      0              3.0979077      15.052655     -1964.1541    
      1300   256.76182      39.089236      27.552896      66.642132      10.652449      10.400113      0              3.249147       14.787526     -3394.9791    
      1400   225.86469      44.454557      24.237351      68.691908      17.205798      9.4017407      0              3.5616119      14.285407     -3367.1998    
      1500   227.22719      46.165017      24.383559      70.548576      20.641696      6.9713719      0              4.0458385      14.50611      -5953.4993    
      1600   249.14724      45.358541      26.735781      72.094322      17.495093      9.3898091      0              3.0927549      15.380884     -1441.7372    
      1700   302.60017      40.727812      32.47177       73.199583      9.7641591      10.456544      0              4.9890659      15.518044      323.47664    
      1800   314.04204      40.160836      33.699588      73.860424      10.045393      8.8249785      0              4.9201065      16.370359      3090.8899    
      1900   275.10603      44.434945      29.521397      73.956342      12.496192      9.8891863      0              5.4934963      16.556071      3152.4749    
      2000   278.99792      43.484962      29.939033      73.423995      14.279844      7.8594618      0              4.7392528      16.606403      3054.0679    
      2100   251.19193      45.292878      26.955196      72.248074      11.874984      13.637783      0              3.6487561      16.131355      2411.1175    
      2200   261.45977      42.503092      28.057029      70.560121      8.6377052      10.532996      0              6.2348453      17.097546      4773.6306    
      2300   228.66443      44.12437       24.537789      68.662159      10.610643      8.8458658      0              7.469518       17.198343      3472.0266    
      2400   233.4669       41.704448      25.053137      66.757585      14.101745      8.4004618      0              3.0832023      16.119039      312.33384    
      2500   269.79035      36.085784      28.950976      65.03676       10.26727       7.2786826      0              1.9204501      16.619381      2133.362     
      2600   298.08382      31.694808      31.987125      63.681933      6.7295684      6.2556002      0              2.5347753      16.174864      683.61691    
      2700   247.70661      36.152976      26.581189      62.734165      9.4817966      5.4893303      0              4.2280673      16.953782     -1551.8709    
      2800   222.36138      38.317789      23.861413      62.179202      13.439439      7.5905253      0              1.6903556      15.59747      -2744.2842    
      2900   214.49606      38.963889      23.017392      61.981281      12.638193      8.2011675      0              2.929811       15.194717     -3356.3609    
      3000   203.14001      40.363892      21.798784      62.162676      9.3522664      10.788699      0              4.537986       15.68494      -2946.012     
      3100   228.62321      38.194535      24.533365      62.7279        8.4214928      9.4131799      0              4.272617       16.087245     -1735.0462    
      3200   224.52367      39.684731      24.093447      63.778178      9.739333       10.242827      0              2.7365428      16.966028     -958.65104    
      3300   220.77408      41.670106      23.691081      65.361187      14.826455      8.7196651      0              2.6708118      15.453174     -2913.4255    
      3400   257.98311      39.84485       27.683951      67.528801      11.923819      8.2753056      0              3.7269167      15.918809     -1791.2013    
      3500   273.95666      40.69321       29.39806       70.09127       10.061247      10.07104       0              4.4365067      16.124416     -1608.0959    
      3600   287.57208      41.496272      30.859118      72.35539       13.538599      5.8383304      0              3.4272504      18.692092      3237.0079    
      3700   284.99459      43.35141       30.582531      73.933941      16.230012      5.9715859      0              3.6280714      17.521741      2403.1176    
      3800   284.64767      44.113422      30.545303      74.658725      16.173028      10.254142      0              1.6872195      15.999033      1695.9788    
      3900   302.42117      42.177848      32.452562      74.63041       13.294038      9.3073822      0              2.9335899      16.642838      2375.1742    
      4000   269.53628      45.209415      28.923712      74.133127      11.202508      13.736133      0              3.6441388      16.626636      1614.2598    
      4100   296.19122      41.552608      31.784031      73.336639      13.893986      7.2191409      0              3.3915631      17.047918      1742.3853    
      4200   259.58707      44.465063      27.85607       72.321133      11.737515      12.886467      0              3.6901707      16.150911     -913.56222    
      4300   315.7272       37.347957      33.880421      71.228378      10.24995       7.9752208      0              2.3556407      16.767145     -483.75117    
      4400   307.89127      37.149915      33.039554      70.189468      10.465714      6.7107082      0              2.895545       17.077947      712.64879    
      4500   205.53388      47.162136      22.055668      69.217803      17.83255       9.7801602      0              4.5547123      14.994714     -3452.2936    
      4600   237.95189      42.774818      25.534418      68.309236      14.164491      9.2518226      0              3.7332246      15.62528      -5170.8454    
      4700   239.88258      41.74394       25.741599      67.485539      13.070712      10.584296      0              2.1212551      15.967677     -587.76419    
      4800   234.99457      41.569681      25.217071      66.786751      11.584572      9.5118621      0              3.5048557      16.968391     -2105.0933    
      4900   253.68386      39.132999      27.222602      66.355601      11.422908      6.1209641      0              4.8622051      16.726922     -2666.6933    
      5000   205.06352      44.163084      22.005194      66.168278      15.527861      7.8278126      0              4.7517458      16.055664     -1340.9975    
      5100   216.64197      42.886         23.247669      66.133669      11.218871      10.205095      0              4.8788104      16.583223     -21.969189    
      5200   247.27829      39.827465      26.535226      66.362691      11.418947      7.2094508      0              3.8430324      17.356035      1014.3162    
      5300   218.95874      43.449477      23.496278      66.945755      10.855183      9.9488375      0              5.5095776      17.135879     -381.7216     
      5400   260.86739      40.043162      27.993461      68.036624      10.389089      9.5870829      0              3.7671862      16.299804      1592.0982    
      5500   271.69097      40.895416      29.15493       70.050347      11.091857      8.5718039      0              5.3692162      15.862539     -1599.5301    
      5600   281.67777      42.986023      30.226605      73.212628      11.603191      12.407384      0              3.6117998      15.363648     -2343.7179    
      5700   343.85245      39.523092      36.898518      76.42161       11.406889      7.8236827      0              3.955069       16.337451      1806.7896    
      5800   275.11852      49.308936      29.522738      78.831674      14.843534      12.641228      0              5.6937323      16.130442      2309.8991    
      5900   282.87117      49.6581        30.354668      80.012768      15.843416      12.796571      0              4.7558468      16.262266      1045.6889    
      6000   317.767        45.944097      34.09931       80.043407      13.221549      11.49543       0              4.9117222      16.315396     -1180.7739    
      6100   325.05675      44.234075      34.881568      79.115643      8.6397047      17.802214      0              1.969777       15.822379     -1585.8943    
      6200   253.55678      50.234211      27.208966      77.443177      12.562142      16.059495      0              4.8150923      16.797482     -1351.1301    
      6300   282.55632      44.957307      30.320882      75.278189      19.176393      8.9602467      0              1.6936176      15.127049     -3214.249     
      6400   252.06243      45.819225      27.048608      72.867834      14.105041      10.29343       0              5.0097053      16.411049      380.10112    
      6500   279.40092      40.831585      29.982278      70.813863      9.7097894      10.096076      0              3.6905052      17.335214     -584.27835    
      6600   291.48002      38.121174      31.278477      69.399651      11.203657      7.6742709      0              3.0148739      16.228373      561.40725    
      6700   228.21832      43.913981      24.489916      68.403897      14.768681      9.6727032      0              4.0017319      15.470865     -3221.083     
      6800   256.63841      40.165189      27.539653      67.704843      15.096521      8.3163866      0              1.6512687      15.101013     -3396.9112    
      6900   283.91844      36.679108      30.46705       67.146158      8.7396244      9.0082047      0              2.1443083      16.786971      865.03986    
      7000   228.04132      42.223307      24.470922      66.694229      9.6417433      11.831105      0              4.2642101      16.486248     -1012.6231    
      7100   263.12774      38.181289      28.236017      66.417306      11.685946      7.5804718      0              2.9135729      16.001297     -23.185244    
      7200   220.52924      42.565802      23.664807      66.230609      16.192088      8.212807       0              2.7080133      15.452894     -5023.635     
      7300   272.36168      36.870526      29.226904      66.09743       10.285473      7.109859       0              2.9603918      16.514802     -1251.5978    
      7400   282.60213      35.766808      30.325798      66.092606      11.69236       4.5719333      0              2.5478965      16.954618      304.05607    
      7500   229.22691      41.573947      24.598147      66.172095      9.8854625      10.966175      0              3.8135031      16.908807      1147.3787    
      7600   238.07076      40.824527      25.547174      66.371701      9.2105902      11.437665      0              3.4111019      16.76517       1378.5295    
      7700   223.51705      42.729697      23.985427      66.715124      11.273336      10.279063      0              4.0197579      17.157541     -36.97385     
      7800   241.81184      41.435912      25.948626      67.384538      10.554927      9.2137938      0              4.5303161      17.136875      2113.2818    
      7900   227.6893       44.26151       24.433148      68.694658      11.756622      9.8021231      0              5.9937911      16.708973      566.79053    
      8000   244.91478      44.146577      26.2816        70.428176      13.323521      9.6706639      0              4.6277105      16.524682      803.72605    
      8100   254.22918      45.320872      27.28112       72.601992      12.259088      8.9744207      0              5.3877375      18.699626      667.89724    
      8200   359.12385      36.318072      38.537279      74.855351      9.8559486      7.5086878      0              1.926056       17.02738       1081.3516    
      8300   351.87451      38.953215      37.759359      76.712574      9.9597618      8.8004924      0              4.4608545      15.732107      1766.0614    
      8400   289.66129      46.712286      31.083311      77.795597      15.412748      13.259459      0              2.5890919      15.450987     -178.66932    
      8500   283.28098      47.485868      30.398645      77.884512      11.779654      12.383294      0              6.5862498      16.73667       1664.6166    
      8600   314.01865      43.271693      33.697078      76.968771      8.6188197      13.305621      0              4.5656823      16.78157       2612.7531    
      8700   293.0763       43.679851      31.449772      75.129623      12.253483      11.11953       0              4.0027088      16.30413       3578.1117    
      8800   258.4233       45.018811      27.731188      72.749999      11.526414      11.997912      0              6.1620341      15.332452     -2617.9099    
      8900   173.03654      51.528997      18.568406      70.097403      19.081911      13.480195      0              3.3718404      15.595051     -1833.0484    
      9000   232.05134      42.975193      24.901234      67.876428      15.160953      8.2133467      0              4.2398502      15.361044     -130.46672    
      9100   235.75394      41.070623      25.298558      66.369181      7.6215758      13.852226      0              3.5795847      16.017237      771.50937    
      9200   230.41469      40.831669      24.725608      65.557277      9.2866344      12.078198      0              3.2827234      16.184114      1848.0776    
      9300   220.62942      41.510802      23.675558      65.18636       13.943114      9.423128       0              3.0846279      15.059932     -3981.3823    
      9400   245.33662      38.745251      26.326867      65.072118      11.648273      8.3721894      0              3.2268961      15.497892     -1496.5903    
      9500   238.35376      39.532399      25.577543      65.109941      10.229959      9.579569       0              3.8956426      15.827228     -134.144      
      9600   239.42973      39.59778       25.693003      65.290783      9.1015162      11.634542      0              2.3093721      16.55235       702.59954    
      9700   237.52123      40.17997       25.488204      65.668174      11.554115      10.341025      0              2.0318111      16.253019      1943.2429    
      9800   251.84138      39.179351      27.024888      66.204239      9.6787503      10.092484      0              2.4161266      16.991989      1064.7366    
      9900   256.60626      39.407948      27.536203      66.944151      10.802206      9.1423862      0              2.6184779      16.844877     -1196.8191    
     10000   241.41274      42.076771      25.905799      67.98257       7.1426305      12.816599      0              5.7142513      16.40329       1706.7642    
     10100   249.21592      42.629945      26.743152      69.373097      12.402905      8.998152       0              3.5750833      17.653805      2552.9012    
     10200   229.40009      46.331825      24.616731      70.948557      12.956656      10.293845      0              5.475534       17.60579       281.41177    
     10300   300.98667      40.447949      32.298627      72.746577      10.255359      9.6928134      0              3.2685007      17.231276      1668.2046    
     10400   328.19458      39.299766      35.218285      74.518051      8.3386479      7.1945684      0              6.8695938      16.896956      2477.4181    
     10500   284.03724      45.595604      30.479798      76.075402      13.061504      9.1409082      0              5.4626792      17.930512      3619.9182    
     10600   287.62313      46.37657       30.864597      77.241167      14.012333      12.387321      0              2.6004079      17.376508      1943.039     
     10700   277.46115      48.209919      29.774123      77.984043      12.323475      14.333062      0              4.0565073      17.496875     -387.87584    
     10800   292.65834      46.923795      31.404921      78.328717      9.6964061      13.067297      0              6.617083       17.543009      330.50077    
     10900   275.64043      48.37592       29.578743      77.954663      14.172636      12.990292      0              3.7640514      17.44894       164.41494    
     11000   277.09085      46.708265      29.734387      76.442652      14.415819      9.4172992      0              4.4590932      18.416053     -1017.8263    
     11100   261.74114      45.596297      28.087223      73.68352       11.384458      10.529138      0              5.9275179      17.755183     -1790.75      
     11200   276.60691      40.69603       29.682456      70.378486      10.708754      10.4365        0              3.0033179      16.547458      555.30759    
     11300   253.6897       40.457531      27.223229      67.68076       10.031128      9.6910474      0              4.1162436      16.619113      609.39822    
     11400   245.41798      39.516645      26.335597      65.852242      11.019425      8.4981732      0              3.1978084      16.801238     -66.953624    
     11500   184.44842      44.904243      19.793005      64.697249      12.825571      9.3432994      0              6.4895548      16.245818     -1342.7754    
     11600   229.72457      39.325997      24.651551      63.977548      12.011199      7.3447229      0              4.2389057      15.73117      -2278.5217    
     11700   246.43792      37.239228      26.445046      63.684274      7.7941669      7.8360425      0              5.2722855      16.336733     -446.33528    
     11800   195.80187      42.757808      21.011335      63.769143      11.230507      11.99642       0              3.1202775      16.410604     -2922.15      
     11900   191.57658      43.623908      20.557923      64.181831      11.518925      11.140081      0              4.3343196      16.630582     -474.43642    
     12000   194.45803      44.026765      20.867129      64.893894      14.603931      10.192246      0              3.7326155      15.497972     -1875.2157    
     12100   262.33355      37.657899      28.150793      65.808692      7.3931238      10.155623      0              4.3682857      15.740866     -74.214172    
     12200   258.25546      39.311466      27.713177      67.024643      13.07401       6.5523668      0              2.9029565      16.782133     -1001.8479    
     12300   265.50184      40.018915      28.49078       68.509695      10.944014      10.288101      0              2.8087743      15.978025     -1238.7807    
     12400   254.75969      42.790735      27.338049      70.128783      11.385029      10.618614      0              4.6590484      16.128043     -1530.5661    
     12500   272.77635      42.486745      29.271401      71.758147      11.574617      8.6287584      0              5.9842746      16.299095     -1552.9271    
     12600   285.05563      42.749918      30.58908       73.338999      11.075954      10.356597      0              4.3671287      16.950239      2015.476     
     12700   225.01468      50.526148      24.146136      74.672285      13.777267      14.038174      0              4.5916326      18.119075     -264.16081    
     12800   243.76653      49.527726      26.158382      75.686108      17.025074      11.657574      0              4.9596279      15.88545      -1947.1459    
     12900   278.43874      46.43986       29.879028      76.318888      14.447254      10.943071      0              4.0153064      17.034229      2981.1839    
     13000   313.44928      42.960207      33.635979      76.596186      9.1358414      12.858888      0              4.6367078      16.328769     -891.66432    
     13100   260.27455      48.449331      27.929844      76.379174      13.379403      11.910136      0              6.3307524      16.829039      2.6607558    
     13200   284.16248      44.794304      30.493237      75.287542      11.724575      11.488267      0              5.2513571      16.330105      1957.1815    
     13300   279.90523      42.721289      30.036395      72.757685      11.390429      10.525395      0              4.7304421      16.075023      714.73121    
     13400   244.73735      42.735424      26.26256       68.997984      7.3972941      12.807236      0              5.9621445      16.56875       2948.7043    
     13500   268.03597      36.939162      28.762715      65.701877      8.6669714      8.3418675      0              2.9032807      17.027043      2039.4336    
     13600   225.77847      39.45336       24.228098      63.681458      10.858597      8.1954365      0              4.1803898      16.218936     -981.60453    
     13700   217.78867      39.210372      23.37072       62.581092      9.1951482      10.027656      0              3.6591533      16.328415     -641.24186    
     13800   229.81684      37.453787      24.661452      62.115239      8.391873       10.418384      0              1.6283751      17.015155     -81.963745    
     13900   259.60758      34.186769      27.858272      62.04504       7.8692232      6.5273319      0              2.7282851      17.061928      701.60943    
     14000   236.32984      37.037086      25.360357      62.397443      10.310985      7.9155135      0              2.4071588      16.403429      527.63161    
     14100   187.22114      43.036701      20.090544      63.127245      13.120735      10.98181       0              2.3426331      16.591524     -2314.244     
     14200   257.26521      36.587723      27.606914      64.194638      11.903259      7.4483791      0              1.4176914      15.818394     -4546.8806    
     14300   237.10426      40.198327      25.443459      65.641786      10.96032       9.3028619      0              3.4846142      16.450531      439.60724    
     14400   275.85393      37.749444      29.601654      67.351098      10.205477      9.9628128      0              0.68215619     16.898998     -789.57007    
     14500   244.5355       42.85341       26.2409        69.09431       12.972943      10.385156      0              3.5292427      15.966068     -3084.9517    
     14600   266.18657      42.293544      28.564257      70.857802      11.202641      11.743175      0              3.9064403      15.441288     -1714.6508    
     14700   257.49602      44.625284      27.631683      72.256966      8.9275103      15.429868      0              4.6729445      15.594961      447.54544    
     14800   264.71712      44.738421      28.406572      73.144993      10.889601      11.650079      0              5.6287478      16.569994      808.81354    
     14900   257.19208      45.859174      27.599066      73.458241      13.148298      13.180478      0              3.350674       16.179725     -495.99767    
     15000   229.74881      48.759348      24.654152      73.4135        15.653364      15.847677      0              1.5863434      15.671964     -266.63152    
     15100   250.73555      46.174789      26.906221      73.081011      11.020751      14.663847      0              4.1935653      16.296626      1419.7312    
     15200   250.78221      45.652633      26.911228      72.563861      11.735088      12.057063      0              5.5669333      16.293549     -1326.7459    
     15300   251.66633      44.916531      27.006103      71.922634      10.28181       10.455862      0              6.5782468      17.600613      5448.8925    
     15400   246.65046      44.622448      26.467854      71.090302      11.654917      13.089265      0              5.275254       14.603012     -2733.7989    
     15500   278.99895      40.069044      29.939143      70.008187      12.703611      8.4581433      0              2.5917782      16.315512      530.15933    
     15600   280.50608      38.461774      30.100872      68.562646      8.3975543      7.3274862      0              6.1705854      16.566148      755.01446    
     15700   252.38674      39.84054       27.083409      66.923949      10.470911      10.67126       0              3.2450142      15.453355     -1755.8271    
     15800   200.98041      43.252894      21.56704       64.819934      15.323139      7.7357354      0              3.7816708      16.41235       161.95133    
     15900   218.85101      38.884728      23.484718      62.369446      8.9473772      9.8480001      0              3.9378194      16.151532      408.14161    
     16000   193.66105      38.986702      20.781605      59.768307      6.8091209      11.452079      0              3.1508391      17.574664      1551.078     
     16100   201.08798      36.089753      21.578583      57.668336      7.8691482      8.4894275      0              3.1939327      16.537245     -115.65858    
     16200   191.6946       35.72489       20.570587      56.295477      11.132202      7.6266511      0              1.4275833      15.538454     -1028.2735    
     16300   192.71073      35.140977      20.679627      55.820604      7.9184395      9.3608088      0              2.61849        15.243239      359.88406    
     16400   191.96293      35.362083      20.599382      55.961465      10.649684      6.3680423      0              1.5161253      16.828232      2831.0561    
     16500   193.06129      35.740794      20.717246      56.45804       8.3829525      7.5120627      0              3.304529       16.54125       1899.113     
     16600   154.36022      40.642727      16.564266      57.206993      10.760607      10.080346      0              3.9626645      15.839109      1053.956     
     16700   183.45383      38.498529      19.686277      58.184806      9.8249542      8.812835       0              3.8315895      16.02915       1774.0316    
     16800   206.39785      37.323557      22.148381      59.471938      7.8355199      6.2025308      0              5.0430409      18.242466      1660.5114    
     16900   209.02411      38.65079       22.430202      61.080991      7.7145427      9.9952926      0              3.2734172      17.667537      2797.7025    
     17000   248.6623       36.246802      26.683743      62.930546      8.5212951      9.0502893      0              2.8026457      15.872572      877.73926    
     17100   251.25876      37.829906      26.962367      64.792273      10.480224      9.6976048      0              2.5783123      15.073765      541.01452    
     17200   253.1407       39.381496      27.164316      66.545812      12.377758      6.6296392      0              3.3279853      17.046114      1129.5663    
     17300   297.1836       36.199955      31.890523      68.090479      7.6146332      9.2642902      0              2.554672       16.76636       1355.3006    
     17400   252.80156      42.460479      27.127924      69.588403      7.8471845      14.406934      0              4.6683578      15.538003      600.02419    
     17500   287.09379      40.072193      30.807794      70.879987      11.384905      9.7937443      0              3.2159866      15.677557     -1832.4246    
     17600   277.30523      42.248535      29.757392      72.005927      13.833723      8.1353133      0              4.1927311      16.086768     -3318.1261    
     17700   277.26421      43.119458      29.75299       72.872449      9.9975252      13.306624      0              4.1863463      15.628963     -4070.9428    
     17800   305.65652      40.576692      32.799745      73.376437      9.3940186      10.758129      0              5.7704229      14.654122     -961.43644    
     17900   288.47662      42.608186      30.956184      73.56437       9.5231308      11.937869      0              5.3948294      15.752357     -131.76155    
     18000   306.08193      40.57755       32.845395      73.422945      10.489937      10.624627      0              3.2229002      16.240086     -1053.1684    
     18100   235.71351      47.611106      25.294219      72.905325      12.072213      12.271873      0              6.9972081      16.269811     -1888.4727    
     18200   264.19888      43.591631      28.350961      71.942592      9.228267       14.132217      0              4.8781397      15.353008     -192.97609    
     18300   256.02139      43.114867      27.47344       70.588307      12.335425      9.4591048      0              5.3387383      15.981599     -255.87389    
     18400   219.43566      45.089504      23.547457      68.636961      13.916677      9.7862664      0              5.2774631      16.109098     -1468.7186    
     18500   215.30784      43.224285      23.104503      66.328788      11.302126      11.544705      0              4.6096142      15.76784       249.43288    
     18600   257.61749      36.458664      27.644717      64.10338       10.844742      7.500188       0              2.7856689      15.328065     -1314.375     
     18700   233.02422      37.433382      25.005633      62.439015      8.9443859      7.9084107      0              4.7703879      15.810197     -1363.8413    
     18800   191.00194      40.946084      20.496258      61.442342      13.708541      7.5808455      0              4.5511615      15.105536     -672.81581    
     18900   208.62357      38.607467      22.38722       60.994688      14.181799      5.4732501      0              3.3655         15.586919     -717.72438    
     19000   212.40794      38.19418       22.793318      60.987498      10.961659      6.5456672      0              4.5504317      16.136422      2361.3637    
     19100   196.42556      40.294617      21.078262      61.372879      11.191935      7.0643968      0              6.0543322      15.983953     -1897.2689    
     19200   232.6004       37.03687       24.960154      61.997024      9.6744653      8.4125575      0              3.0513088      15.898538      238.81834    
     19300   232.05513      37.979794      24.901642      62.881436      8.3114503      10.735149      0              3.3611482      15.572047     -31.067452    
     19400   216.07717      40.608103      23.18706       63.795163      8.9934596      8.7157717      0              6.8071005      16.091772     -71.53478     
     19500   277.42319      35.028824      29.770051      64.798875      7.6151144      7.3103588      0              4.4725044      15.630847     -42.221647    
     19600   260.10854      37.816503      27.912029      65.728532      8.2107898      9.2085887      0              4.618813       15.778312      516.62245    
     19700   226.35282      42.113133      24.289732      66.402865      10.588155      10.663724      0              5.1295731      15.731681      718.82763    
     19800   273.20258      37.587337      29.317139      66.904476      11.03705       6.7876236      0              3.4895854      16.273078      2354.2591    
     19900   235.04762      42.06808       25.222763      67.290842      11.792988      10.666083      0              2.7274892      16.881519      1446.2416    
     20000   230.64082      42.920146      24.749873      67.670019      12.392859      10.299287      0              4.2921002      15.9359       -2825.0484    
     20100   234.82757      42.945186      25.19915       68.144335      11.641812      12.321665      0              4.0701848      14.911524     -2608.9346    
     20200   272.30353      39.489782      29.220663      68.710445      9.7112872      10.034288      0              3.6917671      16.052439      217.87103    
     20300   278.12015      39.446526      29.84484       69.291366      10.669105      7.6228843      0              3.2661655      17.888371      2368.2728    
     20400   290.99806      38.622326      31.226758      69.849084      8.6181767      9.8551066      0              2.4259701      17.723072      2603.2796    
     20500   271.47224      41.246483      29.131459      70.377942      14.317092      7.6653995      0              3.5859475      15.678045     -3155.1294    
     20600   227.62414      46.463859      24.426156      70.890015      15.674347      9.3142746      0              5.3646629      16.110575     -336.69115    
     20700   270.12302      42.435721      28.986675      71.422396      11.03765       8.5010274      0              5.4083658      17.488679     -476.99926    
     20800   289.80147      40.910717      31.098352      72.00907       7.9951974      11.624748      0              1.8544541      19.436317      5176.7835    
     20900   306.7189       39.819742      32.913748      72.733489      8.3642342      10.690005      0              4.0569823      16.70852       939.28976    
     21000   330.35885      38.233109      35.450531      73.68364       7.8563159      10.77111       0              3.7486945      15.856988     -1591.3461    
     21100   291.13779      43.487598      31.241753      74.72935       12.280378      8.6946581      0              5.4758192      17.036742      4212.4246    
     21200   263.2046       47.342804      28.244265      75.587069      12.482226      11.868179      0              6.2381771      16.754222     -595.8647     
     21300   302.65857      43.643604      32.478038      76.121642      11.427862      8.0442844      0              7.2880878      16.88337       1134.8364    
     21400   270.45248      47.218694      29.022029      76.240724      10.895047      14.849703      0              4.8493344      16.62461      -184.50495    
     21500   276.7049       46.222085      29.692971      75.915056      10.558214      11.669366      0              6.2959316      17.698574      4313.6816    
     21600   296.20951      43.166702      31.785995      74.952697      10.683582      9.9491341      0              5.6830297      16.850957      1151.6623    
     21700   247.18621      46.868549      26.525345      73.393894      11.307313      13.471881      0              6.8778027      15.211552     -616.59484    
     21800   238.11604      45.715005      25.552032      71.267038      13.253913      12.083384      0              4.6437267      15.733982      307.90174    
     21900   255.16026      41.611425      27.381033      68.992458      11.895619      8.1857135      0              5.8536936      15.676399     -1794.9419    
     22000   201.66833      45.253805      21.64086       66.894665      12.703917      10.491395      0              5.5421996      16.516294      3260.9981    
     22100   256.98919      37.759901      27.577294      65.337195      7.6895099      7.8318949      0              5.9870501      16.251446     -283.92532    
     22200   215.28316      41.246691      23.101855      64.348546      11.074373      8.7035061      0              5.4737995      15.995012     -2597.304     
     22300   225.79194      39.575105      24.229544      63.804649      8.2756126      8.8009601      0              6.7607007      15.737832     -868.46281    
     22400   197.9342       42.366624      21.240153      63.606777      10.059608      12.256483      0              4.4140876      15.636445     -1026.2839    
     22500   228.4028       39.193773      24.509713      63.703486      10.497231      8.8284295      0              4.5405231      15.32759      -443.13273    
     22600   180.28304      44.805261      19.346022      64.151282      11.442999      13.375286      0              4.235819       15.751156     -1558.964     
     22700   235.68749      39.615355      25.291427      64.906782      9.0550858      9.7408331      0              4.7006533      16.118783      238.65335    
     22800   219.91282      42.571305      23.59866       66.169964      10.43772       11.047475      0              4.9776309      16.108479      738.77912    
     22900   265.54851      39.320029      28.495788      67.815817      9.4578073      9.6925751      0              4.1928181      15.976828     -219.59269    
     23000   260.12182      42.061744      27.913454      69.975198      10.843454      9.9535972      0              4.8005471      16.464146     -2620.9392    
     23100   259.76902      44.431326      27.875596      72.306922      11.555373      10.690805      0              4.1705142      18.014634      577.1684     
     23200   221.23306      50.801402      23.740334      74.541736      12.829764      15.432606      0              5.7397739      16.799258      1551.6822    
     23300   306.64812      43.019604      32.906152      75.925756      7.7898988      13.835794      0              5.8048727      15.589038     -403.69527    
     23400   251.65474      49.600946      27.004859      76.605805      15.372642      12.041722      0              6.5744833      15.612099     -739.85126    
     23500   305.72285      43.806615      32.806863      76.613478      9.7903394      11.882112      0              5.0494833      17.08468      -631.58208    
     23600   279.2687       46.347951      29.96809       76.316041      12.812367      12.10645       0              5.3630685      16.066065      1217.0562    
     23700   229.23496      51.059163      24.599012      75.658175      15.700363      14.473633      0              5.9226007      14.962566     -2404.1037    
     23800   303.32799      42.326689      32.549872      74.876562      12.251334      8.414805       0              5.5254295      16.13512      -1276.2116    
     23900   238.12047      48.411915      25.552508      73.964423      12.171656      12.814123      0              5.8231896      17.602946      1837.9123    
     24000   281.80264      42.694327      30.240005      72.934332      9.318703       13.148477      0              4.1952538      16.031892     -999.85472    
     24100   275.78256      42.116856      29.593995      71.710851      10.219528      12.51197       0              3.5457146      15.839644      1394.5106    
     24200   256.71076      42.878522      27.547416      70.425939      7.4183722      11.545278      0              7.3451761      16.569696      661.57035    
     24300   247.83814      42.524471      26.595303      69.119774      7.8478617      8.6090918      0              7.0051957      19.062322      4260.8594    
     24400   228.68155      43.595491      24.539625      68.135116      10.351641      12.579372      0              3.9197511      16.744726      902.01449    
     24500   253.40941      40.020232      27.193151      67.213383      11.063731      7.4772924      0              5.4094728      16.069735      1344.7153    
     24600   259.40936      38.646182      27.837001      66.483183      11.499614      7.30067        0              4.0038822      15.842016      3036.2009    
     24700   249.64515      38.99078       26.789212      65.779992      8.158695       9.1906957      0              5.2668501      16.374539     -982.91662    
     24800   254.94722      37.822541      27.358173      65.180713      10.393912      6.4096889      0              4.3634584      16.655481      2083.7138    
     24900   224.9501       40.615774      24.139207      64.754981      13.578045      7.592657       0              2.9763589      16.468714      732.33176    
     25000   216.51388      41.303826      23.233923      64.537749      13.389896      8.6791622      0              4.2187727      15.015994     -5519.1611    
     25100   239.24148      38.973299      25.672803      64.646102      10.3363        8.7040316      0              3.2809812      16.651987     -2281.0994    
     25200   211.70009      42.488647      22.717359      65.206006      12.264412      9.1543306      0              4.5936042      16.4763       -454.44087    
     25300   217.98381      43.141841      23.39166       66.533501      17.671296      7.349965       0              2.4113679      15.709212     -2215.5922    
     25400   265.72692      40.162273      28.514933      68.677206      13.115466      6.6980379      0              4.409494       15.939275     -4018.199     
     25500   254.39747      44.04954       27.29918       71.34872       10.756361      11.370789      0              4.4922572      17.430133      536.42347    
     25600   291.14808      42.634709      31.242856      73.877565      11.196424      12.650585      0              3.1708249      15.616875     -3630.5204    
     25700   268.67653      47.183785      28.831453      76.015238      12.978259      13.165892      0              5.2660557      15.773579      940.7666     
     25800   293.0734       46.040194      31.449461      77.489656      14.875353      7.0129209      0              6.6310979      17.520823      1090.2507    
     25900   280.10304      47.912589      30.057623      77.970211      14.918155      11.542692      0              4.3531533      17.098588     -2671.3406    
     26000   336.75247      41.445757      36.136625      77.582383      14.273811      8.1567913      0              2.6212174      16.393938      1992.397     
     26100   218.41644      53.031333      23.438085      76.469417      14.819611      16.574678      0              5.6301798      16.006863     -624.02114    
     26200   307.22936      41.975429      32.968525      74.943954      10.134204      9.1520888      0              4.527599       18.161537      1448.1574    
     26300   207.31184      50.802615      22.24646       73.049075      14.970464      11.641257      0              4.5595525      19.631341      2487.7155    
     26400   260.5028       43.003301      27.954337      70.957638      10.178033      10.612275      0              4.6149226      17.59807       1628.1369    
     26500   212.08011      46.165415      22.758138      68.923553      12.178355      13.280243      0              4.1451265      16.561691      2422.2337    
     26600   250.7372       40.374298      26.906399      67.280698      13.644501      6.5337946      0              4.3452254      15.850777     -1908.7172    
     26700   216.68137      42.841851      23.251896      66.093747      10.773757      10.286641      0              4.4229198      17.358533     -188.93203    
     26800   228.14311      40.928115      24.481846      65.409961      11.166167      9.6076865      0              4.2624808      15.891781     -3162.8555    
     26900   231.702        40.182142      24.863748      65.04589       8.4814643      11.379953      0              4.5763591      15.744366     -534.03856    
     27000   228.55675      40.505825      24.526233      65.032058      8.515935       12.811707      0              2.5268128      16.65137       1956.9038    
     27100   233.57275      40.075197      25.064496      65.139693      10.354081      9.5994101      0              3.4542782      16.667427     -2442.3973    
     27200   292.66237      33.955009      31.405354      65.360363      7.5628783      7.4607945      0              2.8572195      16.074117     -1434.2662    
     27300   209.89505      43.144708      22.523661      65.668369      11.191927      11.048716      0              5.4714824      15.432582      1147.3793    
     27400   280.4467       36.043352      30.0945        66.137852      7.2613809      9.8409375      0              2.1990075      16.742026      1258.1827    
     27500   231.97496      41.853725      24.893039      66.746764      9.1200959      10.758259      0              5.3235401      16.65183      -1468.851     
     27600   220.51828      43.890116      23.663632      67.553748      8.2902712      9.2033097      0              10.171039      16.225497      32.531903    
     27700   297.72104      36.622249      31.948196      68.570445      7.5831634      8.3387006      0              4.6431295      16.057256     -791.55307    
     27800   228.58713      45.338884      24.529494      69.868377      12.022836      11.109802      0              5.7952889      16.410956     -747.10474    
     27900   275.70024      41.905804      29.585162      71.490966      9.0543327      9.7410658      0              6.8578597      16.252546      290.22071    
     28000   250.28019      46.922793      26.857357      73.78015       15.351183      10.892321      0              5.6210289      15.05826      -3851.3158    
     28100   273.61255      47.635424      29.361134      76.996558      16.804985      11.832651      0              4.308078       14.68971      -2671.0459    
     28200   235.23143      55.370218      25.242488      80.612705      14.799543      15.776825      0              8.5852499      16.2086        2166.8308    
     28300   362.90363      44.965761      38.942884      83.908645      11.044565      10.364368      0              7.2976461      16.259181      1685.0945    
     28400   317.36995      51.398886      34.056703      85.455589      10.342463      19.706319      0              5.3576401      15.992463     -2076.9216    
     28500   359.53051      46.853105      38.580918      85.434023      11.180642      15.590513      0              4.8978763      15.184074     -1712.3705    
     28600   405.06259      40.892801      43.466927      84.359727      8.6116689      12.820742      0              2.8619215      16.598468      1613.4554    
     28700   306.36443      49.57283       32.875711      82.44854       15.815549      12.136754      0              6.0076215      15.612906     -1529.6408    
     28800   285.27043      49.546696      30.612131      80.158827      15.762429      11.271278      0              7.185089       15.3279       -2023.8033    
     28900   265.40623      49.573649      28.48052       78.05417       15.596673      12.516096      0              5.2571944      16.203687     -154.72653    
     29000   292.60667      44.84685       31.399376      76.246226      11.980538      11.671594      0              4.7833746      16.411344      1699.177     
     29100   358.82013      35.891042      38.504687      74.395728      9.5586416      6.8817164      0              3.0391813      16.411502      3112.0516    
     29200   230.97335      47.797642      24.785556      72.583198      12.138548      10.154709      0              8.6124299      16.891956      2756.1829    
     29300   239.32834      45.275109      25.682124      70.957233      13.429564      12.646932      0              3.463709       15.734904     -3359.9092    
     29400   232.11054      44.631072      24.907587      69.53866       13.492301      10.679791      0              4.1690612      16.289919     -234.51072    
     29500   274.52064      38.861934      29.45858       68.320514      7.7643064      11.032506      0              3.7883113      16.276811      797.78199    
     29600   235.74499      41.993612      25.297597      67.291209      10.55228       9.2721526      0              7.6041483      14.565032     -1892.0902    
     29700   245.76393      39.984136      26.372721      66.356858      10.68487       7.4788779      0              6.0143012      15.806087      329.91028    
     29800   234.96255      40.234024      25.213635      65.447659      7.8213757      9.9595683      0              5.0854121      17.367668      2087.543     
     29900   268.1809       35.874979      28.778268      64.653247      9.2195577      5.6642659      0              4.7496086      16.241547     -673.82192    
     30000   243.63252      37.991163      26.144002      64.135165      10.519971      8.4681564      0              2.2889673      16.714068     -1027.6857    
     30100   208.48396      41.573451      22.372239      63.94569       7.9116513      11.305295      0              4.6583353      17.69817       1780.7998    
     30200   203.75186      42.211828      21.864442      64.07627       13.220254      7.2752572      0              3.5237458      18.192571      1643.8443    
     30300   248.32223      37.923253      26.64725       64.570504      10.457193      7.9210817      0              3.0603249      16.484654     -729.56056    
     30400   208.82552      43.133713      22.408892      65.542604      11.126536      13.417505      0              2.7817058      15.807966     -349.91168    
     30500   243.77111      41.135525      26.158874      67.294399      12.05591       8.8197105      0              4.1621038      16.097801     -865.18815    
     30600   266.39821      41.250756      28.586968      69.837724      11.986339      10.531636      0              2.662995       16.069786     -526.24488    
     30700   235.50567      47.340704      25.271917      72.612621      16.792997      9.7089492      0              4.4774873      16.361271     -2429.8081    
     30800   284.54088      44.554031      30.533843      75.087875      14.461649      12.013371      0              3.4354228      14.643588     -4701.0798    
     30900   263.99052      48.49762       28.328602      76.826222      16.965069      11.584009      0              4.7867276      15.161814     -2795.9949    
     31000   362.40638      38.795906      38.889525      77.685431      12.500745      8.3209153      0              2.8671824      15.107063     -4152.6553    
     31100   295.84292      45.810337      31.746656      77.556993      14.114685      11.877285      0              3.94692        15.871447      1449.8696    
     31200   281.26007      46.411631      30.181782      76.593413      14.964807      11.565082      0              4.0540909      15.827651      1218.2106    
     31300   314.49291      41.522938      33.747971      75.270909      11.471838      8.316684       0              6.1400476      15.594369     -908.88353    
     31400   239.28106      48.039921      25.67705       73.716972      10.951232      14.094053      0              6.138604       16.856033     -73.20303     
     31500   294.28532      40.71453       31.579511      72.294041      10.819091      9.0456187      0              4.6681888      16.181632     -1899.5403    
     31600   233.19321      46.054742      25.023768      71.07851       13.775762      11.530548      0              3.7545921      16.99384      -935.74518    
     31700   292.46219      38.707933      31.383873      70.091806      8.9626567      6.4123913      0              4.5866125      18.746273      2493.0683    
     31800   227.21028      44.931132      24.381744      69.312876      10.56185       11.776898      0              4.4196962      18.172688      2005.8884    
     31900   260.08312      40.835657      27.909302      68.74496       12.691707      8.3180059      0              2.8160422      17.009902      2026.1659    
     32000   212.93132      45.407401      22.849482      68.256882      7.0233934      13.11159       0              7.4494466      17.822971      2881.9449    
     32100   232.77652      42.906403      24.979053      67.885456      9.9097421      9.7393336      0              4.2745702      18.982757      3511.5561    
     32200   203.58722      45.811041      21.846774      67.657815      7.6819693      15.550603      0              5.4174149      17.161054      2439.1891    
     32300   252.69583      40.438952      27.116578      67.55553       8.1843246      11.513365      0              4.7211551      16.020107      232.03575    
     32400   282.33202      37.230674      30.296812      67.527487      7.5455525      8.7710088      0              3.6640657      17.250047      19.816997    
     32500   257.38844      39.935877      27.620138      67.556015      8.3851436      10.194962      0              4.3548078      17.000964      289.59459    
     32600   255.65567      40.165426      27.434196      67.599622      10.818742      8.6787772      0              3.8015873      16.866319      232.90306    
     32700   284.00003      37.227044      30.475806      67.70285       7.5036336      8.4924332      0              5.2845183      15.946459     -1111.2596    
     32800   249.58664      41.170971      26.782933      67.953904      9.4329256      10.284977      0              5.3347222      16.118346     -1096.3752    
     32900   245.19542      42.176566      26.311715      68.488281      15.668377      7.0586539      0              4.8549221      14.594613     -7478.179     
     33000   273.05641      40.089675      29.301454      69.391129      12.099947      8.7201888      0              2.5561079      16.713431      72.988436    
     33100   219.61307      47.380332      23.566494      70.946826      12.610516      9.4685642      0              8.2156402      17.085611     -1162.5375    
     33200   312.89772      39.509658      33.576793      73.086451      10.909618      7.4923486      0              4.6598832      16.447809     -2644.6741    
     33300   223.67542      51.524207      24.002422      75.526628      15.607847      14.335621      0              6.2544037      15.326335     -2158.5048    
     33400   307.36096      44.591042      32.982647      77.573689      14.291577      9.2595527      0              6.260688       14.779224     -5322.6187    
     33500   255.10536      51.476887      27.375143      78.85203       12.500857      14.400731      0              8.2191799      16.356119      69.129467    
     33600   298.81559      47.123558      32.065651      79.189209      11.149191      15.304215      0              5.1575588      15.512594     -1199.2052    
     33700   252.29932      51.45521       27.074028      78.529239      13.995869      14.260506      0              7.7244134      15.474422     -2196.6257    
     33800   278.85772      46.8549        29.923988      76.778888      12.641662      11.159512      0              5.5884662      17.46526       1920.469     
     33900   239.96129      48.484369      25.750045      74.234414      13.689196      9.8661025      0              6.2181603      18.71091       3967.0046    
     34000   261.49391      43.411275      28.060692      71.471967      10.529711      7.09296        0              7.4687926      18.319811      1040.7285    
     34100   239.0179       43.578305      25.648811      69.227116      9.6464861      9.7166858      0              6.5082755      17.706858     -524.72609    
     34200   284.30671      37.24368       30.508715      67.752395      8.0293355      10.201821      0              2.1073455      16.905178     -735.98652    
     34300   228.80803      42.35132       24.553198      66.904518      11.035677      8.7947691      0              4.9655195      17.555354     -413.06511    
     34400   265.33428      37.872488      28.4728        66.345287      8.6044494      7.3546721      0              4.2975985      17.615768      5247.5266    
     34500   233.71479      40.879477      25.079738      65.959215      8.4304728      12.422764      0              3.9993517      16.026888     -1723.168     
     34600   243.13527      39.594524      26.090642      65.685167      9.9240928      9.5090963      0              4.2110053      15.95033       2363.4088    
     34700   231.5456       40.714479      24.846964      65.561443      6.3139106      10.658607      0              6.3112181      17.430744      5600.93      
     34800   231.9575       40.705782      24.891165      65.596947      7.2289217      14.090498      0              3.72863        15.657732     -871.35403    
     34900   226.75751      41.47927       24.333159      65.812429      11.094943      11.117276      0              3.9164672      15.350584     -785.15442    
     35000   214.44516      43.165125      23.01193       66.177055      11.329518      11.090447      0              5.5536954      15.191466     -4471.177     
     35100   290.89337      35.507979      31.215524      66.723503      8.8977349      8.4599922      0              1.7592858      16.390966      1172.99      
     35200   254.42287      40.154847      27.301905      67.456752      11.187347      9.4080589      0              3.2330997      16.326341      166.19456    
     35300   252.99572      41.340643      27.148758      68.489402      11.924055      7.5120013      0              5.9431189      15.961468     -1436.2488    
     35400   271.27131      40.877109      29.109897      69.987006      8.419438       10.700828      0              6.3088116      15.448031     -2306.8721    
     35500   309.49033      38.852534      33.211148      72.063682      8.0510798      9.3396944      0              6.0399351      15.421824     -1419.4025    
     35600   324.5401       39.842813      34.826126      74.668939      7.6391799      7.378093       0              8.2417482      16.583792      3692.0335    
     35700   350.4714       39.741025      37.608792      77.349817      12.462158      6.2736022      0              3.7869124      17.218352      3431.2798    
     35800   324.16164      44.475889      34.785514      79.261403      10.299754      11.121438      0              6.7982374      16.256459      1017.1029    
     35900   317.21292      46.203399      34.039853      80.243251      10.502421      13.35083       0              6.1444872      16.205661     -493.18325    
     36000   339.33909      43.709161      36.414194      80.123355      8.2168114      11.115474      0              8.0029948      16.373881      668.31744    
     36100   266.78192      50.249094      28.628144      78.877238      12.035234      13.017307      0              7.962552       17.234001      1354.2716    
     36200   299.15679      44.546449      32.102264      76.648713      10.369661      13.892565      0              4.2061482      16.078076     -765.80251    
     36300   276.20395      44.462396      29.639214      74.101611      11.144042      14.45103       0              3.1493391      15.717985     -450.71252    
     36400   255.39509      44.315508      27.406233      71.721741      11.529973      11.508859      0              5.165111       16.111564     -3071.1091    
     36500   231.37483      45.139356      24.828639      69.967995      9.9061906      13.039866      0              6.3962413      15.797058     -1102.853     
     36600   260.44633      40.953111      27.948277      68.901388      9.7656673      11.182724      0              4.5641443      15.440576     -3188.1144    
     36700   197.52335      47.111726      21.196065      68.307792      13.713342      10.400385      0              6.8370247      16.160975     -2606.2846    
     36800   227.70866      43.470782      24.435226      67.906008      9.7606867      12.037726      0              4.5514759      17.120894     -1314.7203    
     36900   247.08304      41.145549      26.514274      67.659823      13.530104      8.1512798      0              3.7840254      15.680139     -4420.2435    
     37000   239.7372       41.765539      25.725998      67.491537      9.1437278      10.258263      0              4.6948341      17.668714      2915.3272    
     37100   207.2284       45.289831      22.237506      67.527337      13.971963      9.8482143      0              4.5391966      16.930457     -1936.9799    
     37200   240.3511       41.92352       25.791875      67.715395      12.855105      9.9678971      0              1.7216353      17.378882      1117.0815    
     37300   181.08059      48.581918      19.431606      68.013524      11.635178      11.790697      0              7.4332974      17.722745      3924.1855    
     37400   244.63028      42.201103      26.25107       68.452173      8.8460876      9.5532711      0              6.9483615      16.853382      18.333352    
     37500   266.63771      40.435015      28.61267       69.047685      9.943263       8.4723567      0              5.1592061      16.86019       743.86533    
     37600   255.46187      42.300711      27.4134        69.714111      8.3324184      13.094386      0              3.0589469      17.81496       4273.9106    
     37700   242.91176      44.31129       26.066658      70.377948      8.3977418      12.896863      0              6.3245837      16.692102      1271.5912    
     37800   300.53771      38.929167      32.25045       71.179618      9.1749901      9.9114692      0              3.7893031      16.053405      192.32044    
     37900   244.51888      45.765173      26.239116      72.004289      10.97514       13.928594      0              5.1620567      15.699382      439.41906    
     38000   276.13287      43.209427      29.631587      72.841014      10.970598      9.3884998      0              7.223555       15.626774     -4016.4384    
     38100   251.03528      46.576631      26.938386      73.515017      12.684241      13.275255      0              4.7432771      15.873857     -40.517453    
     38200   294.99454      42.036001      31.655616      73.691617      8.4618984      10.911954      0              6.029758       16.632391      1651.9115    
     38300   315.02086      39.544897      33.804625      73.349522      8.1887069      9.6014071      0              4.5435877      17.211196     -3026.9396    
     38400   300.74617      40.099982      32.27282       72.372802      7.3915919      8.2929853      0              7.2041283      17.211277      21.226925    
     38500   266.2484       42.303494      28.570893      70.874386      8.4493859      12.470133      0              3.7580563      17.625918      375.44712    
     38600   250.99282      42.000617      26.933829      68.934445      8.1617781      12.287829      0              4.6877885      16.863221      1191.2576    
     38700   212.31028      44.049376      22.782838      66.832214      8.9566764      10.90054       0              7.3592444      16.832916     -686.66163    
     38800   212.70722      42.175213      22.825434      65.000647      9.6278272      10.374761      0              4.9307956      17.241829      523.89401    
     38900   213.55704      40.618443      22.916627      63.53507       7.2399148      5.4740419      0              10.01794       17.886546      1423.7978    
     39000   192.34444      42.002233      20.640321      62.642554      9.7396207      11.409539      0              2.4258889      18.427185     -698.52105    
     39100   245.75329      35.894586      26.371579      62.266165      6.8590441      6.5398944      0              5.0856491      17.409998     -292.4442     
     39200   244.22654      36.155122      26.207745      62.362867      8.3256815      5.9408272      0              4.0312993      17.857314      1476.355     
     39300   241.88333      36.907004      25.956298      62.863302      7.6926979      7.7161495      0              5.1702602      16.327896      1045.9243    
     39400   236.45504      38.291957      25.373792      63.665749      8.2738482      9.1992143      0              4.2540682      16.564827      3041.8011    
     39500   243.90461      38.735538      26.1732        64.908738      9.4405844      6.1090181      0              6.7668759      16.41906       2170.787     
     39600   261.12803      38.485204      28.02143       66.506634      9.8749904      9.7228971      0              3.6183447      15.268972     -789.80672    
     39700   268.89758      39.455132      28.855174      68.310306      6.953485       11.650694      0              4.7054828      16.14547       605.58866    
     39800   271.27337      41.469993      29.110117      70.580111      6.4468032      14.598321      0              4.0259925      16.398877      1275.6291    
     39900   260.53227      45.052236      27.957499      73.009735      13.365733      10.476806      0              5.392775       15.816922     -704.1414     
     40000   276.38479      45.270433      29.65862       74.929052      12.696061      10.020716      0              5.5506012      17.003054      56.507346    
     40100   321.81696      41.474157      34.533909      76.008066      10.340216      9.9285151      0              5.3953327      15.810094     -104.97793    
     40200   305.04488      43.371465      32.73411       76.105576      9.5026712      10.50572       0              7.5603337      15.80274      -255.34737    
     40300   287.50617      44.686798      30.852047      75.538845      11.841527      10.037906      0              7.3367468      15.470619     -344.32082    
     40400   293.40804      43.218478      31.485371      74.703849      7.5881661      14.102765      0              5.2266684      16.300878     -588.57218    
     40500   245.26917      47.53807       26.319629      73.857699      14.076433      13.728491      0              3.7779608      15.955186     -3444.4365    
     40600   260.81139      45.176017      27.987452      73.163469      11.436219      10.963262      0              6.6330352      16.1435       -1352.8706    
     40700   269.54897      43.599314      28.925074      72.524388      11.016364      12.141492      0              4.8752078      15.56625       137.89779    
     40800   225.01056      47.534194      24.145694      71.679889      13.25184       12.27772       0              5.873995       16.130639     -4960.4684    
     40900   259.80278      42.865429      27.879218      70.744648      9.8476711      13.098207      0              4.2528462      15.666705     -1962.4647    
     41000   266.40258      41.270964      28.587437      69.858401      10.395072      8.3720556      0              7.0757474      15.428088     -3056.3532    
     41100   212.31909      46.185598      22.783783      68.969381      11.566261      10.965619      0              7.8812092      15.772509     -1958.5516    
     41200   248.54291      41.497539      26.670931      68.16847       5.9451129      11.914012      0              6.2326357      17.405778     -392.09528    
     41300   207.81541      45.228655      22.300498      67.529153      9.8563237      11.17934       0              8.4097201      15.783271     -1656.8314    
     41400   213.27667      43.980158      22.886541      66.866699      11.7406        9.3205508      0              6.594024       16.324984     -962.64643    
     41500   250.10573      39.352931      26.838636      66.191567      8.4857434      7.1670077      0              6.7087621      16.991418      1903.1453    
     41600   214.98126      42.517962      23.069459      65.587421      7.1243626      8.9783694      0              9.4394672      16.975763      949.01191    
     41700   219.3226       41.614148      23.535325      65.149473      8.3048137      10.008103      0              7.2384906      16.06274       727.012      
     41800   237.15031      39.440738      25.448401      64.889139      12.420418      7.5397131      0              4.7890975      14.69151      -3025.8126    
     41900   202.62586      43.069198      21.743611      64.81281       9.2452497      9.9820881      0              6.9427479      16.899112      3168.4922    
     42000   248.5525       38.239159      26.67196       64.91112       6.7639511      8.4453076      0              6.7136245      16.316276      961.42335    
     42100   248.11916      38.629617      26.625459      65.255076      10.493278      9.3658293      0              3.4763404      15.294169     -1299.478     
     42200   249.86488      39.034381      26.81279       65.847171      9.0409599      9.7548288      0              3.3405797      16.898012      4109.9398    
     42300   250.26043      39.974776      26.855237      66.830013      7.8499322      8.5517388      0              6.4828188      17.090286      2308.936     
     42400   274.0238       38.75745       29.405264      68.162714      8.1355909      7.2488095      0              5.7932773      17.579772      478.97189    
     42500   258.8588       42.071671      27.777921      69.849592      10.391699      10.513766      0              5.8275207      15.338685     -1390.3443    
     42600   297.34904      39.576481      31.908277      71.484757      10.291395      9.1359173      0              4.0689323      16.080236      729.40566    
     42700   284.52216      42.604243      30.531835      73.136078      11.015981      9.8073643      0              4.1127834      17.668115      1189.6527    
     42800   314.75003      40.618977      33.775561      74.394539      10.797759      5.4562865      0              5.0030003      19.361931      3607.3325    
     42900   292.07845      43.907245      31.342694      75.249939      10.365787      10.973576      0              5.4430298      17.124852      355.20024    
     43000   246.60259      49.192575      26.462717      75.655292      12.045722      18.453704      0              2.8170811      15.876068     -928.15052    
     43100   257.81309      47.998413      27.665707      75.664119      8.9893387      14.128624      0              6.840783       18.039667      1800.3159    
     43200   232.83954      50.192472      24.985816      75.178288      11.679977      14.640115      0              6.8521402      17.020241     -379.73319    
     43300   214.90426      50.875909      23.061196      73.937105      8.5659609      17.281233      0              8.1040523      16.924663      4541.9666    
     43400   240.57409      45.982076      25.815804      71.79788       13.431282      9.6618406      0              7.5756721      15.313281     -2308.1735    
     43500   312.29355      35.338589      33.511959      68.850549      8.0968724      7.4718751      0              2.4024309      17.367411     -262.68826    
     43600   246.35021      39.653715      26.435635      66.08935       8.2175654      11.002936      0              3.1182524      17.314961     -1171.8345    
     43700   236.79387      38.70441       25.410152      64.114562      11.100198      6.9733353      0              4.0588746      16.572003     -4493.4036    
     43800   235.97658      37.596792      25.32245       62.919242      8.5101564      8.7956222      0              4.7850473      15.505966     -3446.8817    
     43900   252.82228      35.199284      27.130147      62.329431      7.7623521      7.6118009      0              3.3826663      16.442464     -1147.5949    
     44000   223.81031      38.082843      24.016896      62.099739      7.6915355      9.1663878      0              3.6332018      17.591718      78.422998    
     44100   211.08557      39.536932      22.651416      62.188348      11.450333      6.7310202      0              5.011855       16.343724     -987.49611    
     44200   209.04091      40.135687      22.432005      62.567691      7.7565495      10.757086      0              5.6301076      15.991944     -3.7841559    
     44300   270.80136      34.256477      29.059467      63.315945      6.2972708      7.0151394      0              4.9433861      16.000681      192.40929    
     44400   261.72038      36.342017      28.084995      64.427012      6.5429957      6.8368103      0              4.6117394      18.350472      3189.6553    
     44500   227.2665       41.306372      24.387777      65.694149      11.101222      7.5894859      0              5.7290539      16.88661       115.30324    
     44600   202.82749      45.120724      21.765248      66.885972      10.128147      13.801721      0              4.5166817      16.674174      1317.5264    
     44700   203.66431      46.288227      21.855046      68.143273      10.4605        11.813056      0              5.4718298      18.542842      1679.1061    
     44800   259.73768      41.464552      27.872233      69.336785      9.3892805      11.373033      0              2.5409589      18.16128       1146.0759    
     44900   287.93407      39.640728      30.897963      70.538692      9.0348087      9.2843509      0              3.5216783      17.79989       5072.4538    
     45000   294.1646       40.018817      31.566557      71.585374      7.6412538      9.2708724      0              5.4831969      17.623494      4698.7007    
     45100   282.00669      41.81529       30.261901      72.077191      12.592033      6.820217       0              6.6433199      15.759721     -1534.8868    
     45200   268.15752      43.294519      28.775758      72.070277      8.3323256      14.550576      0              4.4783158      15.933301      446.53088    
     45300   268.99091      42.984265      28.865189      71.849455      7.9915114      14.11455       0              4.6160702      16.262134      845.1266     
     45400   283.41598      41.07785       30.413131      71.490981      8.5521351      12.918094      0              2.1206331      17.486987      39.704668    
     45500   295.07942      39.282461      31.664726      70.947186      9.9680769      10.309194      0              2.9570372      16.048153     -3131.5397    
     45600   282.59462      39.989495      30.324992      70.314487      6.7331015      10.554211      0              5.3715137      17.330669      49.90825     
     45700   243.35112      43.666662      26.113805      69.780467      11.980893      10.387609      0              5.5500008      15.748159     -3968.9863    
     45800   248.9228       42.692774      26.711698      69.404472      12.673277      10.994182      0              3.1567081      15.868607     -2166.9011    
     45900   242.0577       43.120939      25.975009      69.095948      10.840437      11.296133      0              5.5246958      15.459674     -1656.4517    
     46000   242.91615      42.700437      26.067129      68.767566      12.068075      11.507802      0              3.6377612      15.486799     -1270.9326    
     46100   249.17639      41.764379      26.73891       68.503289      8.4326071      11.874618      0              4.9378537      16.519301      2307.723     
     46200   241.29767      42.432115      25.89345       68.325566      9.4824541      10.460075      0              5.5325067      16.957079      2943.9526    
     46300   242.93152      41.981724      26.068777      68.050502      14.545553      7.2963259      0              4.593992       15.545853     -1420.12      
     46400   249.41379      40.873377      26.764384      67.637761      8.2475711      12.667022      0              3.9200738      16.03871      -1664.6791    
     46500   235.07017      42.055754      25.225183      67.280937      11.420178      9.4142292      0              4.3794021      16.841945      1038.5457    
     46600   218.09799      43.632056      23.403913      67.035968      11.382537      10.765134      0              3.4243479      18.060037      1632.362     
     46700   226.39207      42.504517      24.293943      66.79846       10.687744      12.161697      0              4.7675193      14.887557     -2590.7028    
     46800   224.0273       42.584536      24.040182      66.624718      12.756696      9.8522814      0              3.6036258      16.371933      2139.3518    
     46900   255.32784      39.151047      27.399016      66.550063      10.195873      9.233992       0              3.7017345      16.019448     -981.26222    
     47000   248.21861      39.961877      26.636131      66.598008      10.959165      9.5421719      0              2.9097687      16.550771      1137.2953    
     47100   251.03922      39.721261      26.938809      66.66007       8.0013504      10.365343      0              5.2354808      16.119086     -450.17243    
     47200   242.29951      40.971192      26.000958      66.972149      9.7227165      10.728613      0              4.2295951      16.290267     -678.2586     
     47300   212.82436      44.780421      22.838004      67.618425      10.222759      10.253938      0              6.4670523      17.836672     -3617.1431    
     47400   247.70682      42.210084      26.581211      68.791296      14.114592      6.4609148      0              5.5044657      16.130112     -2084.2544    
     47500   237.38858      44.765662      25.473969      70.239631      9.8252995      13.645339      0              5.046399       16.248624      2506.1632    
     47600   263.2435       43.532439      28.248439      71.780878      12.854349      9.9882634      0              5.6158048      15.074022     -3975.7483    
     47700   286.85679      42.433549      30.782361      73.215911      11.158377      8.484722       0              6.0170117      16.773438     -716.49327    
     47800   287.04794      43.645654      30.802874      74.448528      13.299088      8.4867776      0              4.79935        17.060439      3998.1338    
     47900   309.71046      41.969179      33.23477       75.203949      11.496597      10.710431      0              4.52612        15.236031     -386.64117    
     48000   290.1281       44.427368      31.133403      75.560771      9.8954099      13.060364      0              5.0177981      16.453795      519.07156    
     48100   273.48938      46.00744       29.347916      75.355356      10.834694      7.7936506      0              8.2013714      19.177724      6984.0037    
     48200   275.0908       45.192987      29.519763      74.71275       9.408476       10.69912       0              8.0131616      17.07223       4165.501     
     48300   254.62076      45.902946      27.32314       73.226086      8.667623       14.605625      0              7.0191408      15.610557     -989.77899    
     48400   254.06759      43.906157      27.26378       71.169938      10.606501      15.547806      0              2.6676651      15.084186     -832.58307    
     48500   262.99329      40.26193       28.22159       68.48352       9.5803588      8.7874741      0              5.4762097      16.417887     -2453.6784    
     48600   244.62512      39.795675      26.250516      66.046191      8.5047156      11.269862      0              3.9001169      16.12098       492.67389    
     48700   244.94305      37.771608      26.284633      64.056241      8.5825947      7.8822833      0              4.4935694      16.813161      2020.7025    
     48800   203.71707      41.062202      21.860708      62.92291       9.2463539      12.250433      0              4.2417614      15.323654     -835.5491     
     48900   214.99634      39.288263      23.071077      62.35934       9.1610789      6.8126961      0              6.6903766      16.624112     -418.04895    
     49000   232.91032      37.285742      24.993411      62.279154      9.8362958      6.8735111      0              3.497437       17.078498     -508.58839    
     49100   246.9721       36.015489      26.502369      62.517858      9.0066556      8.6024479      0              2.7811789      15.625207     -2287.8933    
     49200   218.2089       39.579646      23.415814      62.99546       12.485087      8.5793419      0              2.9680848      15.547132     -3381.7763    
     49300   237.32323      38.259455      25.466957      63.726413      11.136718      7.8723714      0              4.2326032      15.017763     -2738.9378    
     49400   256.99448      36.990532      27.577862      64.568394      6.4925012      8.2751838      0              4.2940147      17.928832      3930.7175    
     49500   207.70375      43.314833      22.288515      65.603348      10.938055      10.819837      0              5.3814911      16.17545      -1264.9857    
     49600   244.69016      40.368677      26.257495      66.626172      8.7415006      9.8680538      0              5.3838798      16.375243      1344.3852    
     49700   195.12653      46.857639      20.938864      67.796503      13.288888      12.061552      0              5.8806241      15.626575     -1213.9543    
     49800   233.53772      43.745162      25.060737      68.805899      9.9241229      11.681259      0              5.7695342      16.370245      441.47595    
     49900   220.88654      46.027957      23.703149      69.731106      10.137628      10.324808      0              8.8026864      16.762833      680.92845    
     50000   255.23146      43.253601      27.388674      70.642276      9.2944479      11.116112      0              6.3176519      16.52539       2490.8299    
     50100   210.64529      48.766666      22.60417       71.370836      11.629585      12.351127      0              8.3765545      16.4094       -1269.7286    
     50200   270.34526      42.900711      29.010523      71.911234      6.9841644      9.0473242      0              9.6097112      17.259512      66.149088    
     50300   282.00322      41.909827      30.261529      72.171356      10.580324      11.250962      0              3.9009155      16.177626      1922.2633    
     50400   230.17902      47.412938      24.700318      72.113256      12.52397       11.084966      0              6.9636993      16.840303      779.50313    
     50500   241.93357      45.83108       25.961689      71.792768      11.530772      11.122885      0              6.9282898      16.249133     -1391.9841    
     50600   271.14551      42.354462      29.096397      71.450859      8.9413002      11.071583      0              5.934684       16.406896     -390.78264    
     50700   274.99369      41.513986      29.509343      71.023329      6.654431       10.554969      0              7.9350788      16.369508      1108.3728    
     50800   248.97473      43.975744      26.71727       70.693014      11.344747      8.9497803      0              6.6687352      17.012481      2896.0172    
     50900   277.52375      40.628133      29.780841      70.408974      10.268023      7.3260093      0              6.5205178      16.513582     -1378.2485    
     51000   232.80091      45.281526      24.98167       70.263196      10.376221      12.30016       0              6.7678543      15.83729      -2516.3819    
     51100   267.59507      41.423734      28.715403      70.139137      11.027078      9.7284392      0              4.4239971      16.24422      -1392.3259    
     51200   223.27232      45.901672      23.959165      69.860837      10.856873      12.781239      0              6.6841902      15.57937      -1489.9769    
     51300   280.83253      39.330264      30.135904      69.466167      7.8651287      9.9069505      0              5.4806504      16.077534     -2284.5119    
     51400   273.29795      39.627174      29.327374      68.954548      9.2685189      8.477853       0              6.0634403      15.817362     -1577.9766    
     51500   252.5912       41.399324      27.10535       68.504674      7.098764       12.489398      0              5.5715982      16.239564      528.55521    
     51600   216.21516      44.924616      23.201868      68.126484      11.278621      9.5639157      0              7.0842932      16.997786      2930.8147    
     51700   229.66807      43.095294      24.645488      67.740782      8.4480279      9.3335482      0              8.2572764      17.056441      2925.8606    
     51800   204.75773      45.481532      21.972381      67.453913      9.0994677      15.194891      0              4.2435706      16.943603     -1109.8564    
     51900   212.56456      44.354647      22.810125      67.164772      8.9804197      11.46953       0              7.806046       16.098651      568.71548    
     52000   239.67669      41.368852      25.719505      67.088356      8.5827998      11.017077      0              4.9137309      16.855245      699.90498    
     52100   237.05343      41.681892      25.438005      67.119897      9.2996763      11.758179      0              4.1421357      16.481901     -700.48608    
     52200   223.80445      43.245074      24.016268      67.261341      10.253978      12.586892      0              4.7534199      15.650784     -2774.0174    
     52300   265.73595      39.054551      28.515902      67.570453      8.4713254      9.0710506      0              6.0042966      15.507879     -2031.7324    
     52400   257.53844      40.439419      27.636234      68.075654      12.154744      8.49157        0              4.3972232      15.395882      1114.4312    
     52500   224.78247      44.697717      24.121218      68.818935      10.729906      10.901594      0              6.0840393      16.982177      1002.7758    
     52600   245.26991      43.550571      26.319709      69.87028       12.016838      9.3746763      0              6.2187338      15.940323     -785.73568    
     52700   255.27139      43.727308      27.392959      71.120267      6.6185375      12.996923      0              7.2849683      16.826879      912.21011    
     52800   299.88349      40.356825      32.180246      72.537071      7.9491073      8.9351976      0              7.3805044      16.092015      1302.4398    
     52900   319.97329      39.649906      34.336065      73.985972      7.8317913      7.7720122      0              6.9167425      17.12936      -1301.6587    
     53000   184.27446      55.464782      19.774337      75.23912       13.025196      10.613555      0              14.283911      17.54212      -1008.2706    
     53100   273.06555      46.939519      29.302435      76.241954      15.922047      10.130805      0              5.3462336      15.540433     -3018.264     
     53200   297.70826      44.888375      31.946824      76.835199      12.231488      11.217798      0              5.5773841      15.861705     -335.75994    
     53300   272.29302      47.63676       29.219536      76.856296      11.769847      10.199494      0              9.3734678      16.293951     -22.757267    
     53400   279.90029      46.246556      30.035866      76.282422      12.067084      11.221682      0              5.2780948      17.679696      823.01822    
     53500   296.88947      43.130917      31.85896       74.989877      11.341797      10.338452      0              4.5717727      16.878894      1483.3672    
     53600   226.12795      48.628755      24.265601      72.894356      13.083338      17.455561      0              2.925583       15.164274      407.39371    
     53700   246.98567      43.985296      26.503825      70.489122      13.014898      8.7194125      0              5.7303566      16.52063       844.65168    
     53800   229.05884      43.352799      24.580112      67.932912      10.294851      11.075114      0              5.611219       16.371615      1811.7352    
     53900   210.34906      43.286279      22.572381      65.858661      8.6383449      13.02877       0              6.0123359      15.606828     -1283.1226    
     54000   221.65496      40.728614      23.785607      64.514221      8.633113       10.45108       0              5.6297695      16.014652      580.58607    
     54100   209.06648      41.370853      22.434749      63.805602      6.5724863      14.983612      0              2.9142976      16.900457      1951.7836    
     54200   211.31071      40.863258      22.675575      63.538833      9.4045847      10.118362      0              5.3588088      15.981502      179.35262    
     54300   275.61878      34.081791      29.57642       63.658211      7.3359355      6.5112694      0              3.8268351      16.407751     -633.04431    
     54400   223.13295      40.118335      23.94421       64.062545      9.0869392      10.823643      0              3.6808452      16.526908      1540.3873    
     54500   263.7928       36.351334      28.307385      64.658719      11.752461      7.0879615      0              2.3682878      15.142624     -1299.1189    
     54600   259.39179      37.57815       27.835115      65.413265      9.6054212      9.4356736      0              3.0899754      15.44708      -842.17291    
     54700   222.49195      42.414925      23.875425      66.29035       10.982677      9.8181936      0              5.0719446      16.54211      -2935.0633    
     54800   267.16261      38.716635      28.668996      67.385631      10.022916      9.2039627      0              4.2216059      15.26815      -3795.91      
     54900   262.69986      40.411943      28.190102      68.602045      10.458075      10.677715      0              3.5819303      15.694223     -1630.0864    
     55000   215.5346       46.674164      23.128838      69.803002      10.54401       15.326684      0              3.4916009      17.311869      411.67114    
     55100   285.96711      40.206774      30.686891      70.893665      9.3062672      10.605246      0              3.8262659      16.468995     -1654.593     
     55200   245.93473      45.47462       26.391049      71.865669      11.945564      11.675465      0              5.4982025      16.355388      154.21607    
     55300   299.6389       40.432523      32.153999      72.586522      7.8733195      11.248014      0              5.166764       16.144426     -173.93824    
     55400   301.19221      40.734391      32.320684      73.055075      8.6676268      12.661197      0              3.7936818      15.611885     -731.13789    
     55500   261.13472      45.118389      28.022148      73.140537      9.094475       12.208209      0              7.499461       16.316244      2541.1155    
     55600   324.84163      37.746089      34.858483      72.604573      8.5749862      8.0136098      0              4.9369188      16.220574     -691.04435    
     55700   272.18285      41.709678      29.207714      70.917392      6.0666968      16.313822      0              3.7337515      15.595408      981.80888    
     55800   238.09637      42.042283      25.549922      67.592205      14.254519      8.0733042      0              4.8238181      14.890641     -1737.3711    
     55900   227.78595      39.685789      24.44352       64.129309      10.14961       9.470602       0              3.3684216      16.697156     -444.34729    
     56000   223.1714       37.926643      23.948335      61.874979      7.1119278      9.747932       0              4.0247151      17.042069      272.69601    
     56100   224.65331      36.279231      24.107358      60.386589      5.743885       7.7078029      0              5.5449816      17.282561      3010.5331    
     56200   192.91301      39.054899      20.701334      59.756232      9.6437818      9.3694361      0              2.6874694      17.354211      1331.0631    
     56300   211.64845      36.891265      22.711818      59.603083      10.683796      4.8330811      0              2.8177528      18.556635     -852.05304    
     56400   209.06115      37.444211      22.434177      59.878388      8.9132942      8.0461478      0              2.9054334      17.579336     -1108.676     
     56500   183.31693      41.00655       19.671586      60.678136      10.346069      8.2664645      0              6.2894847      16.104532     -2676.3196    
     56600   212.90156      39.287184      22.846288      62.133473      9.6928459      7.5210348      0              4.7686243      17.304679     -875.64835    
     56700   189.93932      43.499146      20.382229      63.881375      10.764011      10.50606       0              3.6187793      18.610296     -1003.5142    
     56800   220.3497       42.277323      23.645542      65.922865      9.1141688      11.383555      0              4.8884345      16.891165      763.24342    
     56900   292.11096      36.416776      31.346182      67.762958      7.0187875      8.2564362      0              4.0286655      17.112886      1534.3499    
     57000   251.16078      42.601249      26.951853      69.553103      11.496861      10.131684      0              4.6728842      16.29982      -1656.945     
     57100   244.69323      44.600311      26.257825      70.858136      10.92843       11.9887        0              4.2503856      17.432796      857.33571    
     57200   260.95067      43.750244      28.002397      71.752641      14.303052      9.8531619      0              3.8415637      15.752467     -2065.1905    
     57300   268.18873      43.473038      28.779108      72.252146      11.131018      8.4075157      0              6.9285874      17.005917     -972.5863     
     57400   292.68938      41.236098      31.408252      72.644349      10.639694      9.1445053      0              2.5546683      18.89723       3301.7846    
     57500   274.77309      43.226305      29.485669      72.711974      10.124709      12.356038      0              4.1024366      16.643121      178.23218    
     57600   284.81942      41.897112      30.563733      72.460845      9.8080362      9.4008571      0              5.0631029      17.625116     -818.93709    
     57700   245.37652      45.53923       26.331149      71.870379      14.943317      10.597545      0              3.9000183      16.098349     -1348.387     
     57800   254.71086      43.669097      27.332809      71.001906      12.433009      11.416574      0              3.0449512      16.774562     -170.06131    
     57900   296.25512      37.858108      31.790889      69.648997      12.458884      4.0494486      0              4.430967       16.918809     -1659.4427    
     58000   204.41874      45.767751      21.936003      67.703755      9.340414       11.373072      0              7.7298858      17.32438       2129.3246    
     58100   246.08621      39.076185      26.407305      65.483489      7.4029341      11.43236       0              3.3074054      16.933485     -1886.6199    
     58200   219.31925      39.716713      23.534965      63.251678      10.07949       9.08944        0              3.890198       16.657585     -551.91105    
     58300   197.63589      40.301791      21.208142      61.509932      10.132904      9.6384819      0              2.4748061      18.055599      3750.8112    
     58400   214.24367      37.326803      22.990309      60.317112      6.6179808      10.444278      0              3.4905096      16.774035     -14.453263    
     58500   205.66895      37.631594      22.070163      59.701757      9.2110917      7.9198729      0              4.3647691      16.13586       2356.4776    
     58600   217.21157      36.195168      23.308792      59.50396       6.9979394      8.4956343      0              4.2177961      16.483798      775.68069    
     58700   208.32893      37.316794      22.355603      59.672397      9.1490565      6.178614       0              5.1886156      16.800508     -753.71297    
     58800   233.75452      35.139102      25.084002      60.223104      7.6688092      8.0749986      0              3.1896618      16.205632     -1407.8169    
     58900   255.40322      33.694071      27.407105      61.101176      7.2408597      7.9944495      0              2.6372212      15.82154      -1080.8537    
     59000   204.28475      40.319935      21.921625      62.24156       9.7051956      8.9377732      0              4.695469       16.981497      552.03823    
     59100   234.78361      38.076006      25.194432      63.270438      12.338989      6.7518387      0              3.0015583      15.983619     -2575.9307    
     59200   212.03937      41.228406      22.753767      63.982172      10.821193      11.045062      0              3.5862641      15.775887      113.44768    
     59300   201.39871      42.97554       21.611927      64.587467      12.974172      9.3007508      0              4.6096037      16.091014     -3062.053     
     59400   258.83748      37.377467      27.775633      65.1531        9.8772185      7.8070766      0              2.6646685      17.028504     -1981.1808    
     59500   236.42016      40.393378      25.370049      65.763427      10.311006      9.6356874      0              3.1868024      17.259883     -2563.2228    
     59600   215.3726       43.464146      23.111453      66.575599      9.7674575      12.680236      0              2.4342599      18.582193      4523.5932    
     59700   229.8578       42.882203      24.665848      67.54805       12.544375      10.681138      0              2.8454263      16.811263     -1340.2564    
     59800   291.42525      37.189183      31.272599      68.461782      8.1058309      6.7194978      0              4.5294969      17.834358     -195.01559    
     59900   257.61291      41.820128      27.644226      69.464354      10.314806      11.164538      0              3.4821333      16.858651      4285.2493    
     60000   232.32605      45.511965      24.930714      70.442679      12.889234      11.612798      0              3.6953093      17.314624      1982.4992    
     60100   291.37944      40.100373      31.267683      71.368056      8.097284       12.231065      0              3.3421142      16.42991       3362.7625    
     60200   280.86961      41.926224      30.139883      72.066107      13.382979      9.3018514      0              2.8766329      16.364761      3754.0051    
     60300   268.63455      43.706218      28.826948      72.533166      10.109683      15.149162      0              2.9532637      15.494109     -916.87372    
     60400   236.71067      47.548368      25.401223      72.949591      12.941695      13.283174      0              5.8102163      15.513282     -1020.1372    
     60500   248.01429      46.589015      26.614206      73.203221      16.103453      9.2476552      0              5.0205234      16.217384     -49.467446    
     60600   318.79846      38.781753      34.209996      72.991749      10.628654      9.0951445      0              3.6741815      15.383773     -805.3256     
     60700   241.08469      46.093401      25.870596      71.963997      16.763383      10.372734      0              3.6786768      15.278608     -3557.5395    
     60800   242.90452      44.432601      26.06588       70.498481      11.070919      12.169194      0              4.8699723      16.322516     -528.62734    
     60900   247.46717      41.868126      26.555494      68.423621      9.8953193      9.0058212      0              5.4963523      17.470634     -505.93165    
     61000   201.70541      44.572644      21.644838      66.217482      12.505906      10.444235      0              4.8211646      16.801339     -2201.2609    
     61100   195.81328      43.273237      21.012559      64.285796      10.453063      10.759534      0              5.8290998      16.231541     -1663.824     
     61200   243.31985      36.628077      26.110449      62.738526      7.8139208      9.5144325      0              3.7780953      15.521628     -1673.012     
     61300   203.6697       39.860133      21.855625      61.715757      11.991594      7.5306658      0              4.2068477      16.131025     -1254.4226    
     61400   233.27654      36.083263      25.03271       61.115973      8.0256999      7.0392862      0              4.734317       16.28396      -33.090769    
     61500   204.89452      39.075672      21.98706       61.062732      9.0591161      9.9799476      0              3.9907298      16.045879      1004.332     
     61600   223.86531      37.465203      24.022799      61.488001      7.6783608      10.695607      0              3.3937911      15.697444     -663.31238    
     61700   189.43635      41.942897      20.328256      62.271153      10.647545      9.0599424      0              4.8941429      17.341267      4326.5381    
     61800   202.34672      41.749251      21.713657      63.462908      13.41194       8.1426704      0              3.9005574      16.294083      1294.6115    
     61900   243.51171      38.88102       26.131037      65.012057      10.441396      6.6890006      0              4.8069343      16.943689      1312.4775    
     62000   234.2401       41.945079      25.136109      67.081187      11.325057      8.8523386      0              4.4329453      17.334738      1804.3637    
     62100   281.5407       39.201957      30.211897      69.413854      12.660237      5.3056777      0              4.5369324      16.699111      1037.4068    
     62200   252.06392      44.300243      27.048768      71.349011      10.842431      14.489667      0              2.7841638      16.183981      1265.4018    
     62300   263.95949      44.413769      28.325272      72.739041      13.98601       8.8770973      0              4.7550747      16.795587      4264.2439    
     62400   307.92776      40.386031      33.043469      73.4295        10.72148       8.8914146      0              3.5218962      17.25124       191.60838    
     62500   265.01741      45.110634      28.438796      73.54943       12.168399      12.755772      0              4.1462321      16.040231     -2736.3867    
     62600   293.11154      41.931242      31.453553      73.384795      12.067926      9.7328971      0              4.4420455      15.688373      1793.0628    
     62700   271.54796      43.854696      29.139584      72.99428       11.511828      11.543278      0              4.6010747      16.198516      552.6617     
     62800   256.2223       44.879248      27.495         72.374248      10.071082      12.606511      0              5.5367482      16.664906     -1470.512     
     62900   246.15457      45.367295      26.414641      71.781936      9.9965941      14.584994      0              4.9253212      15.860386     -701.79665    
     63000   278.04747      41.264601      29.837041      71.101642      10.453772      11.881791      0              2.8656369      16.063401      452.45585    
     63100   265.5473       41.844947      28.495659      70.340606      9.6251084      8.3697023      0              5.9956957      17.854441     -2862.0073    
     63200   267.72386      40.942736      28.729223      69.671958      9.6470183      8.9517276      0              5.4873188      16.856671     -267.8989     
     63300   213.27312      46.105461      22.88616       68.991621      12.484912      9.3836688      0              7.9000056      16.336875     -189.30095    
     63400   250.73812      41.334859      26.906497      68.241356      13.645943      8.3488831      0              2.2866418      17.053391     -2412.7426    
     63500   243.60605      41.27865       26.141161      67.419811      10.332548      10.835689      0              3.9842009      16.126213      883.14395    
     63600   267.23007      37.777957      28.676235      66.454192      7.8800519      12.419115      0              1.9983232      15.480466     -359.7423     
     63700   231.68067      40.578229      24.861459      65.439688      11.611054      10.385261      0              3.172698       15.409216     -2754.9421    
     63800   217.09943      40.998917      23.296758      64.295675      9.1815581      10.61144       0              4.0884839      17.117435      1628.4612    
     63900   253.85818      35.748962      27.241309      62.990271      8.1839811      8.8311347      0              2.4996649      16.234181     -206.63402    
     64000   246.66196      35.046362      26.469088      61.51545       6.9333939      7.4437337      0              4.151045       16.51819       145.4458     
     64100   169.38311      41.577868      18.176359      59.754227      11.134904      7.9624017      0              5.8258852      16.654677     -2467.5208    
     64200   192.68044      37.314045      20.676377      57.990422      11.916         5.8120045      0              3.3732413      16.212799     -1884.3633    
     64300   179.31891      37.2467        19.242562      56.489262      10.063513      6.825846       0              4.0529966      16.304345     -2187.1104    
     64400   177.21952      36.366579      19.017278      55.383857      6.0379546      10.831494      0              3.192325       16.304806     -71.166372    
     64500   191.23863      34.429126      20.521657      54.950784      10.177348      5.7432265      0              2.2178183      16.290733     -2350.7981    
     64600   208.4958       32.760665      22.37351       55.134175      6.2107629      7.1604802      0              3.1499532      16.239469      979.75704    
     64700   172.21638      37.679015      18.480396      56.15941       7.8884903      8.1115553      0              4.9216754      16.757294      37.37195     
     64800   203.45918      36.355588      21.833034      58.188622      7.6617959      7.2688557      0              4.9368809      16.488056      1248.6648    
     64900   211.36968      38.384207      22.681904      61.06611       7.7943263      9.7983731      0              4.8299025      15.961605      2368.3968    
     65000   230.6859       39.04418       24.75471       63.79889       9.9699671      8.9590535      0              3.9164597      16.1987        2011.7591    
     65100   238.74323      39.85072       25.619336      65.470056      10.875592      10.012525      0              4.2953382      14.667265     -3160.9925    
     65200   209.01607      44.07097       22.429339      66.500309      8.8269088      13.916015      0              5.749447       15.578599     -3087.5478    
     65300   227.02074      43.002028      24.361405      67.363434      12.088078      8.8885616      0              6.6394088      15.38598      -813.43535    
     65400   252.79806      41.016009      27.127548      68.143557      12.015593      8.6134333      0              4.2998288      16.087154     -529.08823    
     65500   251.56573      41.98472       26.995307      68.980027      9.6155422      9.6104262      0              5.2677806      17.490971      1682.7938    
     65600   244.85169      43.571385      26.27483       69.846215      10.652759      10.264898      0              5.2971892      17.356539      2146.557     
     65700   296.10493      38.820964      31.774772      70.595736      9.8030318      8.7357073      0              3.8327458      16.449479     -1045.3865    
     65800   276.92793      41.505472      29.716904      71.222376      10.519927      12.942845      0              2.5603176      15.482383     -4778.8911    
     65900   241.82601      45.736934      25.950147      71.687081      10.917109      13.891199      0              3.5158858      17.41274      -210.5711     
     66000   285.2203       41.448001      30.606752      72.054752      10.860283      9.9781058      0              3.4001271      17.209484     -1595.0056    
     66100   288.7904       41.391065      30.989856      72.380921      9.2049304      9.4333784      0              4.5383349      18.214421      2294.0575    
     66200   285.45351      41.826436      30.631777      72.458213      11.036745      7.6809449      0              4.9935153      18.11523       3292.9028    
     66300   305.76446      39.253687      32.811328      72.065016      8.6432523      9.7249333      0              4.4157335      16.469768      1096.7578    
     66400   263.20401      42.861752      28.244201      71.105953      11.739853      10.263601      0              3.8388116      17.019486      3338.5735    
     66500   286.52257      38.706612      30.746497      69.453108      9.5982754      7.2558184      0              6.3223171      15.530201     -595.09606    
     66600   286.7217       36.614878      30.767865      67.382743      8.0098475      8.9932721      0              4.8287424      14.783016     -1543.9793    
     66700   216.1628       42.079303      23.196249      65.275552      9.1263114      10.751761      0              5.7404897      16.460742      2985.2285    
     66800   209.17972      41.025187      22.446901      63.472088      7.3765976      8.1676995      0              10.135281      15.345609     -1944.598     
     66900   219.36592      38.646647      23.539973      62.18662       9.978738       8.4348083      0              3.8714459      16.361655     -1127.5188    
     67000   206.26321      39.229428      22.133932      61.363359      9.9230284      10.047745      0              2.729629       16.529025      519.38337    
     67100   212.19142      38.254829      22.770083      61.024913      9.6681866      8.6317651      0              3.5639501      16.390928      1419.9752    
     67200   223.27178      37.082371      23.959108      61.041478      6.6703523      9.7054978      0              3.9772324      16.729288     -2034.966     
     67300   214.43274      38.487601      23.010597      61.498198      8.0869299      8.1240491      0              4.1439285      18.132693      1706.5851    
     67400   230.75068      37.626042      24.761662      62.387703      10.752878      8.9185948      0              2.4028548      15.551714     -1730.1651    
     67500   211.39786      41.201786      22.684927      63.886713      10.773422      11.889729      0              2.8600287      15.678606     -1329.7449    
     67600   202.03477      44.314118      21.680182      65.9943        11.865957      11.380006      0              4.3155515      16.752604     -1046.6374    
     67700   237.19008      42.873929      25.452669      68.326598      10.400483      8.413886       0              6.6931443      17.366416      1670.8267    
     67800   225.3959       46.301377      24.187046      70.488422      13.147284      12.715248      0              3.9616801      16.477165     -44.371099    
     67900   248.12763      45.297186      26.626368      71.923554      10.349866      14.073151      0              5.0828028      15.791366     -264.65734    
     68000   241.463        46.709435      25.911192      72.620628      13.028975      9.361049       0              6.6456909      17.67372      -551.23588    
     68100   270.09612      43.859078      28.983788      72.842866      9.6023244      10.36636       0              7.3203298      16.570064     -3235.908     
     68200   274.0388       43.489458      29.406874      72.896332      12.913696      9.8548582      0              4.2849974      16.435906     -2110.6927    
     68300   272.12372      43.57725       29.201368      72.778618      8.766456       13.619675      0              4.0725483      17.118571     -319.82928    
     68400   264.92619      43.91964       28.429007      72.348647      9.9377509      9.0460679      0              7.3653572      17.570464      306.08016    
     68500   262.24063      43.421277      28.140822      71.562098      12.223336      8.4331154      0              5.0126856      17.75214       575.88272    
     68600   289.56142      39.476821      31.072594      70.549415      10.745051      9.7171087      0              2.3530661      16.661595     -1428.3618    
     68700   272.99102      40.186743      29.294438      69.481181      6.873576       10.889357      0              4.7721747      17.651636     -31.601833    
     68800   220.52913      44.829443      23.664796      68.494239      8.536601       13.342729      0              4.723096       18.227017      1902.8499    
     68900   232.95329      42.516692      24.998022      67.514714      9.0336725      11.470711      0              3.2854802      18.726828      1865.5884    
     69000   217.28624      43.317034      23.316804      66.633838      9.5169926      12.800534      0              3.7822748      17.217233     -1381.0029    
     69100   254.37724      38.530457      27.297008      65.827465      7.0164315      9.0189594      0              4.0678354      18.42723       2561.3034    
     69200   268.18382      36.216236      28.778581      64.994816      8.1955044      6.3930821      0              4.1632143      17.464435      305.31266    
     69300   251.88161      37.190775      27.029205      64.219979      5.6267536      10.293882      0              3.8488647      17.421274      479.72351    
     69400   250.76119      36.62253       26.908973      63.531503      7.3158731      7.7102457      0              3.9158068      17.680604      1974.4536    
     69500   258.5478       35.135868      27.744547      62.880416      7.6772404      7.1612832      0              2.5325651      17.764779      850.57179    
     69600   213.37828      39.443385      22.897445      62.34083       7.0194761      11.322057      0              3.4094747      17.692378     -102.88347    
     69700   227.71477      37.509169      24.435881      61.945049      8.9988498      9.0377691      0              2.8466844      16.625865     -2614.6002    
     69800   230.26605      37.177726      24.709657      61.887383      6.6190353      7.9778987      0              4.3534922      18.2273        111.18791    
     69900   228.24036      37.80427       24.492282      62.296552      10.513625      7.2211574      0              4.0725475      15.99694      -2970.0054    
     70000   254.01697      35.995569      27.258348      63.253917      7.0487475      8.6845376      0              2.8507175      17.411566      980.89085    
     70100   278.43151      34.982527      29.878252      64.860778      7.672965       8.5078979      0              3.0015474      15.800116      299.97279    
     70200   246.75162      40.414497      26.478709      66.893206      9.4014443      9.4849621      0              5.0199639      16.508126      249.5295     
     70300   258.10757      41.301918      27.697307      68.999225      8.3288844      9.552822       0              6.7800465      16.640165      235.53827    
     70400   248.99311      44.176981      26.719242      70.896222      12.721192      10.986599      0              4.8474028      15.621786     -698.56772    
     70500   247.90409      45.78328       26.60238       72.385659      9.6074104      15.181433      0              4.3356352      16.658801      463.67614    
     70600   247.90127      46.943315      26.602077      73.545392      9.0287944      18.582519      0              3.5366608      15.795341     -2561.1875    
     70700   303.05686      41.786667      32.520778      74.307445      11.350678      9.2406723      0              3.477962       17.717354      1825.262     
     70800   264.79751      46.052272      28.415199      74.467471      12.880213      12.136395      0              5.0788068      15.956857     -911.94575    
     70900   324.10362      39.121492      34.779288      73.90078       7.7939729      10.71758       0              3.2654167      17.344522      2012.4661    
     71000   265.72591      44.021645      28.514825      72.536469      7.5683978      13.173087      0              6.199317       17.080843     -440.73556    
     71100   203.32877      48.974145      21.819039      70.793184      14.099687      11.824107      0              7.1638799      15.886471     -92.426658    
     71200   243.59376      42.810743      26.139842      68.950586      11.513973      10.498644      0              3.7151818      17.082945     -502.63306    
     71300   264.9028       38.59788       28.426497      67.024378      8.0220519      7.2745627      0              6.6641267      16.637139     -725.36656    
     71400   210.96126      42.693536      22.638076      65.331613      8.8469223      13.838671      0              3.7359472      16.271996     -356.51302    
     71500   243.55382      38.085112      26.135556      64.220668      7.2140425      10.114724      0              3.6714131      17.084932      1043.7566    
     71600   237.24627      38.192416      25.458698      63.651114      6.9234256      10.567325      0              3.9827654      16.718899     -688.35495    
     71700   211.69273      40.716531      22.716569      63.4331        10.21077       9.5617426      0              4.0845193      16.8595        865.91165    
     71800   217.44943      40.100461      23.334316      63.434776      8.5038779      13.222846      0              2.5250863      15.848651      1054.3612    
     71900   239.86126      37.98425       25.739311      63.72356       7.2669659      9.2640094      0              4.724683       16.728591      1531.8184    
     72000   246.42176      37.697567      26.443313      64.14088       8.6903051      6.9722939      0              5.2249042      16.810064      252.04836    
     72100   245.90057      38.157491      26.387384      64.544875      9.099921       8.2399554      0              3.4115652      17.406049      2097.1526    
     72200   235.01364      39.811278      25.219117      65.030395      7.7668532      12.589271      0              3.735397       15.719757     -589.24809    
     72300   250.15618      38.75425       26.84405       65.5983        7.4724524      11.295011      0              2.9424908      17.044296     -846.07004    
     72400   227.29777      41.74699       24.391133      66.138124      10.939185      11.815725      0              1.7320641      17.260015     -1176.0274    
     72500   243.53667      40.589426      26.133716      66.723143      11.28904       8.3823184      0              5.0509027      15.867165     -2367.6068    
     72600   272.98411      38.017639      29.293696      67.311335      9.7692953      7.3240451      0              4.6027693      16.32153      -861.08231    
     72700   286.19939      36.940878      30.711817      67.652694      9.8660107      6.4626998      0              2.8956198      17.716547      1273.2325    
     72800   259.48987      40.123357      27.845641      67.968998      7.2509149      11.781594      0              4.8600055      16.230843     -1574.971     
     72900   225.91531      44.073983      24.242782      68.316765      11.587864      12.355898      0              4.0349457      16.095275     -1308.2448    
     73000   261.43462      40.542266      28.05433       68.596596      7.9903449      11.904147      0              4.3992194      16.248554     -587.6323     
     73100   259.28964      41.115735      27.824154      68.939889      10.068148      12.787381      0              1.8297607      16.430445     -3049.6333    
     73200   254.48905      41.994328      27.309007      69.303335      11.768198      11.370506      0              2.4465765      16.409047      1655.5033    
     73300   220.18357      45.979315      23.627714      69.60703       9.8727029      15.684491      0              4.5518         15.870322      470.84053    
     73400   297.68179      38.410613      31.943983      70.354596      8.0222098      10.418404      0              3.3160013      16.653997     -312.46693    
     73500   296.64616      39.385334      31.832851      71.218185      10.610818      8.4032193      0              3.6312446      16.740052      73.897772    
     73600   289.10975      40.94093       31.024125      71.965055      8.5193068      12.442354      0              4.3433233      15.635946      1236.8211    
     73700   279.15586      42.424834      29.955981      72.380815      13.107223      10.154483      0              4.4474967      14.715631     -2915.7116    
     73800   289.38867      41.05724       31.054055      72.111295      9.3538484      9.2815169      0              5.6396678      16.782207     -227.34444    
     73900   267.5281       42.680236      28.708216      71.388452      9.6552327      10.080565      0              4.4040507      18.540388      1467.8934    
     74000   269.78261      41.449506      28.950146      70.399652      9.9387103      9.5872514      0              4.1282356      17.795309      210.8247     
     74100   227.19952      44.704183      24.38059       69.084773      9.1907171      14.409326      0              3.284382       17.819758      1789.797     
     74200   277.97298      37.803565      29.829048      67.632613      5.5407258      6.6220882      0              6.9030231      18.737728      4318.3181    
     74300   263.17598      37.88075       28.241193      66.121943      8.4176257      7.8313293      0              4.4636101      17.168185     -558.46011    
     74400   253.43037      37.492669      27.1954        64.688069      8.5191332      8.356997       0              4.25822        16.358319     -1313.0079    
     74500   206.0749       41.62103       22.113725      63.734755      9.9643596      11.414621      0              3.3789417      16.863107      1076.7705    
     74600   239.36763      37.437569      25.68634       63.123909      7.2112326      9.6919665      0              3.8739426      16.660427     -44.878597    
     74700   203.46986      41.050621      21.83418       62.884801      10.250441      11.620174      0              3.3512127      15.828793     -2075.042     
     74800   217.87703      39.538464      23.380202      62.918666      10.882924      9.483402       0              3.628743       15.543395     -523.2907     
     74900   262.72893      35.05121       28.193222      63.244431      7.5524909      9.1960841      0              2.9748329      15.327802     -3155.4502    
     75000   199.40099      42.522812      21.397553      63.920365      9.0533943      11.266454      0              5.5214975      16.681466     -1341.6323    
     75100   239.91584      39.377468      25.745168      65.122636      9.9259877      8.9217242      0              3.8666901      16.663066     -1558.5185    
     75200   223.8276       43.209747      24.018752      67.228499      12.088447      8.8395063      0              5.5218735      16.759919     -1751.2776    
     75300   242.99607      43.958596      26.075705      70.034301      11.906583      11.3433        0              4.2885783      16.420135     -2327.2118    
     75400   297.28874      40.791373      31.901806      72.693179      8.4882313      11.611966      0              3.1572241      17.533952     -2268.2255    
     75500   245.58649      48.500374      26.35368       74.854054      13.355311      12.025238      0              5.1489206      17.970904      1411.2776    
     75600   301.32255      44.142933      32.33467       76.477602      8.8617106      13.79501       0              5.1022889      16.383923     -1241.9638    
     75700   253.67426      50.112898      27.221573      77.334471      12.798711      13.151831      0              8.2793417      15.883015     -2467.096     
     75800   297.11105      45.431754      31.882738      77.314492      11.939725      10.656428      0              5.8677516      16.96785       315.13571    
     75900   278.57538      46.806067      29.893691      76.699758      9.8498094      12.536155      0              5.913393       18.506709      1394.3572    
     76000   280.96537      45.580205      30.150158      75.730363      10.215164      13.093348      0              5.7240588      16.547634      451.91542    
     76100   339.63789      37.805354      36.446257      74.251611      7.4780735      9.0882261      0              5.6542443      15.58481      -197.72663    
     76200   325.76563      37.187881      34.957637      72.145518      8.2674586      6.4496638      0              5.5801877      16.890571      693.29808    
     76300   259.97714      42.24432       27.897929      70.142249      10.465754      9.3287663      0              5.493817       16.955983      893.59638    
     76400   277.08295      38.869786      29.733539      68.603325      11.146366      6.7397261      0              5.8496804      15.134013     -3898.5294    
     76500   233.95825      42.434576      25.105864      67.54044       10.35718       10.689817      0              4.9793837      16.408196     -2139.2884    
     76600   234.10908      41.60962       25.122049      66.731669      8.5425008      9.5822789      0              4.9563466      18.528494     -1818.2213    
     76700   246.51645      39.815118      26.453474      66.268592      5.495424       8.9525209      0              7.5198428      17.84733      -1700.7368    
     76800   223.27256      42.144413      23.959191      66.103604      5.730326       10.75669       0              7.0001811      18.657216      3295.3416    
     76900   234.82695      40.913047      25.199083      66.112131      7.9756299      10.920347      0              5.0914091      16.925661     -1425.1528    
     77000   265.77803      37.711499      28.520417      66.231917      9.2184026      6.3279686      0              5.6460622      16.519066      1266.3522    
     77100   275.57506      36.794605      29.571729      66.366333      6.8884308      9.2348331      0              3.2348177      17.436523      1390.0099    
     77200   257.0425       38.849452      27.583016      66.432468      8.816829       7.221602       0              6.5023654      16.308656     -2645.8782    
     77300   255.32153      38.990308      27.398339      66.388647      8.1033084      9.3127394      0              4.7293217      16.844938     -1550.2494    
     77400   273.63934      37.048585      29.364009      66.412594      8.3506376      7.0170127      0              4.6582473      17.022687     -354.2842     
     77500   260.16319      38.479256      27.917894      66.39715       7.7936433      7.3293425      0              6.2109516      17.145319     -182.51545    
     77600   227.527        41.846256      24.415732      66.261988      10.818036      9.649935       0              3.960766       17.417519      657.47194    
     77700   225.07064      41.863369      24.152142      66.015511      9.2667015      12.561383      0              3.6217965      16.413488     -1196.407     
     77800   230.17229      41.370828      24.699595      66.070424      7.1914938      11.750948      0              5.8329835      16.595403     -1264.1531    
     77900   262.42636      38.291825      28.160753      66.452578      8.7987024      9.9125217      0              3.6011958      15.979406     -2183.6588    
     78000   266.29932      38.309125      28.576357      66.885482      10.220781      7.3913682      0              4.3143762      16.3826       -3287.5468    
     78100   230.01206      42.784191      24.682402      67.466593      10.026592      11.30066       0              5.3993731      16.057565     -217.13173    
     78200   226.55822      44.016517      24.311772      68.328289      12.484553      10.7303        0              4.2258665      16.575797     -3445.8595    
     78300   264.06849      40.901834      28.336969      69.238803      10.640052      9.5131703      0              3.0962747      17.652337     -343.92106    
     78400   269.59511      41.00209       28.930025      69.932116      10.125058      9.0802387      0              4.7617932      17.035         616.37171    
     78500   235.09999      45.264381      25.228383      70.492763      9.7327692      14.615846      0              4.5476763      16.368089     -1553.5115    
     78600   278.90729      40.968135      29.929307      70.897443      8.517947       9.3777365      0              6.8193769      16.253075     -257.02835    
     78700   278.32549      41.222639      29.866875      71.089514      9.4713422      9.8403576      0              4.8579137      17.053025      2419.2742    
     78800   245.1586       44.725178      26.307764      71.032942      12.757824      10.003957      0              5.1013468      16.862051     -2033.846     
     78900   257.90552      43.260071      27.675625      70.935696      13.913561      8.4941595      0              3.9128332      16.939518     -2279.5717    
     79000   304.68816      37.92497       32.695831      70.620801      9.0121309      7.6318881      0              3.7903352      17.490616      1011.3705    
     79100   240.96814      44.232835      25.85809       70.090924      10.772692      9.0108441      0              6.8440959      17.605203      1366.6336    
     79200   313.16541      35.632148      33.605518      69.237666      7.172687       7.5748014      0              2.9175812      17.967078     -1454.0038    
     79300   272.65591      38.659808      29.258477      67.918285      10.555131      7.738901       0              4.7316065      15.63417      -4836.9207    
     79400   219.4681       42.83194       23.550937      66.382877      10.213425      10.677258      0              6.5456613      15.395596     -1371.0387    
     79500   237.97637      39.184651      25.537045      64.721696      7.5235645      8.6158294      0              6.7059386      16.339319     -385.78639    
     79600   249.13477      36.311377      26.734443      63.04582       9.0961406      6.1184312      0              4.4875558      16.609249      677.93236    
     79700   227.12397      37.253714      24.372482      61.626197      6.6178636      10.27476       0              4.4691553      15.891935     -107.48207    
     79800   251.06216      33.677676      26.94127       60.618946      5.3714653      8.5335901      0              3.7113955      16.061225      336.77811    
     79900   198.40765      38.696424      21.290959      59.987383      6.7836962      8.5353438      0              6.6357698      16.741614     -433.84041    
     80000   187.16514      39.785895      20.084534      59.87043       6.8569467      11.119284      0              3.0262321      18.783432      1518.7134    
     80100   252.28806      33.15505       27.07282       60.22787       7.1205711      7.0398946      0              2.4309659      16.563619     -489.02136    
     80200   207.82515      38.863649      22.301543      61.165192      9.2364328      10.778406      0              2.8135521      16.035258      38.059368    
     80300   256.84142      35.363736      27.561437      62.925173      8.1330786      5.8022965      0              4.4127108      17.01565       2505.1804    
     80400   240.79824      39.591721      25.839857      65.431578      8.4695854      7.625402       0              6.4141331      17.0826        1755.5737    
     80500   253.16064      41.3846        27.166456      68.551056      10.570964      8.4178095      0              5.4682724      16.927555      283.86654    
     80600   281.58699      41.03888       30.216864      71.255745      11.470749      8.636232       0              4.5830435      16.348856     -1090.0855    
     80700   300.20874      40.754012      32.215148      72.969161      7.2117399      8.652744       0              8.051499       16.838029     -383.85616    
     80800   269.66092      44.936012      28.937087      73.873099      9.9303844      10.576392      0              7.1565685      17.272667      852.63736    
     80900   298.89038      42.030528      32.073676      74.104205      10.2284        10.168589      0              5.9469147      15.686624     -2529.8171    
     81000   262.46673      45.768361      28.165085      73.933446      12.201843      12.952958      0              3.8932271      16.720333     -1197.2139    
     81100   218.91587      49.94197       23.491678      73.433649      12.447227      11.806092      0              8.1874628      17.501188     -2761.4494    
     81200   277.50002      43.062337      29.778295      72.840631      7.4291943      12.389491      0              4.6724808      18.571171      2638.389     
     81300   280.69406      41.884687      30.121044      72.005731      8.8706047      10.547117      0              5.6143366      16.852629     -59.923267    
     81400   290.78738      39.854982      31.204151      71.059133      9.3198975      10.56077       0              2.5524217      17.421893      428.13031    
     81500   271.72969      40.983199      29.159086      70.142285      7.8946488      9.8848154      0              3.9422084      19.261526      3068.1763    
     81600   262.71718      41.028382      28.19196       69.220342      6.7262942      8.2488839      0              6.632886       19.420318      2532.2349    
     81700   275.44027      38.699346      29.557264      68.25661       8.1914411      6.2247602      0              6.549923       17.733222      1065.6029    
     81800   218.69466      43.982436      23.467941      67.450377      11.596607      11.65676       0              4.3597877      16.369281     -2205.9879    
     81900   245.05927      40.376241      26.297105      66.673346      8.0924844      7.9900042      0              6.7217185      17.572034     -1428.3864    
     82000   212.9583       43.230498      22.852376      66.082874      9.6716509      8.5401257      0              6.2526869      18.766035      1359.4545    
     82100   211.7423       42.95906       22.721888      65.680949      11.898019      10.158462      0              4.2615648      16.641014     -399.11845    
     82200   247.15002      38.995257      26.521461      65.516719      8.8119039      10.091127      0              3.7906151      16.301611     -1138.5135    
     82300   215.27767      42.471367      23.101267      65.572634      11.043241      7.6987351      0              6.2061038      17.523287     -1953.5115    
     82400   233.80614      40.75476       25.089541      65.844301      11.710649      10.55346       0              3.0032114      15.487439     -4463.9535    
     82500   236.7861       40.958915      25.409318      66.368233      8.7970065      12.825081      0              3.0380919      16.298736      921.37033    
     82600   236.07237      42.013614      25.332728      67.346342      11.883465      10.81036       0              2.9694956      16.350293     -1432.9408    
     82700   194.48241      48.653756      20.869744      69.5235        11.48135       16.170354      0              3.8952109      17.106841     -2461.608     
     82800   290.5295       42.426038      31.176477      73.602515      9.0307516      12.38912       0              3.3246787      17.681487      1190.6054    
     82900   256.18776      50.299445      27.491294      77.790739      16.489643      12.522043      0              5.3559884      15.931771     -616.93222    
     83000   335.88236      44.447745      36.043255      80.491         12.918425      9.4369773      0              5.0833136      17.009029     -478.14936    
     83100   347.01365      43.976869      37.237744      81.214613      6.9013785      12.045793      0              6.0787128      18.950985      1362.2915    
     83200   337.55642      44.250421      36.222896      80.473317      12.519799      7.5248624      0              7.1729636      17.032796      777.79701    
     83300   299.73922      46.375685      32.164764      78.540449      10.234459      14.147704      0              4.9309224      17.062599      2584.5376    
     83400   294.03209      44.151691      31.552337      75.704029      8.8224088      12.570248      0              4.7290797      18.029954      3056.3143    
     83500   290.44291      41.630075      31.167185      72.797261      9.5270192      10.876632      0              2.6058056      18.620619      1397.7088    
     83600   253.49949      43.149603      27.202817      70.35242       10.695494      13.898385      0              2.4275226      16.128201     -1865.8093    
     83700   279.2567       38.769214      29.966803      68.736017      8.082173       9.8415802      0              3.6355753      17.209885     -280.61703    
     83800   241.40403      41.623543      25.904864      67.528407      12.210231      7.4585991      0              4.0027908      17.951922      233.2479     
     83900   288.78614      35.432774      30.989399      66.422173      8.6157059      6.5790492      0              3.1856138      17.052405     -905.62919    
     84000   250.15875      38.734401      26.844325      65.578726      9.803716       9.5220986      0              2.6162811      16.792305     -2524.623     
     84100   227.78653      40.563943      24.443582      65.007525      10.726241      8.4891155      0              4.1153384      17.233248     -883.7235     
     84200   231.71839      39.895607      24.865506      64.761113      7.3070055      9.9035234      0              4.7234518      17.961626      1541.6766    
     84300   227.31748      40.490954      24.393249      64.884203      9.0788346      9.7852179      0              5.0659672      16.560935     -393.21445    
     84400   210.90827      42.568261      22.63239       65.200651      12.600862      9.5736974      0              4.3426602      16.051041     -866.02187    
     84500   271.96654      36.459563      29.184502      65.644065      8.3596839      6.2661629      0              4.9726261      16.86109      -2140.7977    
     84600   248.50547      39.584103      26.666914      66.251016      8.1547918      7.3722844      0              4.2667766      19.79025       2860.5701    
     84700   282.64403      36.739304      30.330294      67.069599      10.036088      7.849154       0              2.9408128      15.91325      -1963.163     
     84800   256.62977      40.53323       27.538725      68.071955      6.9235482      12.404856      0              5.306146       15.89868       1471.812     
     84900   264.15952      41.067068      28.346737      69.413805      8.9468706      9.7197381      0              4.2974881      18.102972     -115.09213    
     85000   265.89816      42.527805      28.533308      71.061113      10.989407      10.467794      0              2.3463643      18.72424       1442.5967    
     85100   288.08348      42.110976      30.913997      73.024972      6.7706912      8.9872693      0              6.6158691      19.737146      3680.1623    
     85200   277.25781      45.419466      29.752303      75.17177       11.944641      10.738086      0              5.6037087      17.133031      1129.9102    
     85300   299.73307      44.840189      32.164105      77.004294      12.549813      10.531113      0              4.9997498      16.759514     -811.00339    
     85400   301.03541      45.610919      32.303858      77.914777      12.119347      10.185278      0              5.1319934      18.174301      1865.1218    
     85500   283.54029      47.31977       30.426471      77.746241      9.8777745      13.712034      0              7.9018272      15.828134     -62.255426    
     85600   298.73504      44.151762      32.057006      76.208769      13.051987      9.7757259      0              3.9989065      17.325143     -1160.7805    
     85700   308.89799      40.331077      33.147584      73.478662      10.661936      7.8819359      0              4.5236555      17.263549     -1956.0189    
     85800   276.441        40.633103      29.664652      70.297755      6.7579986      10.497258      0              3.9558767      19.42197       1449.1692    
     85900   268.49556      38.669749      28.812033      67.481782      8.6045612      9.2625926      0              3.5696898      17.232905     -2447.1921    
     86000   254.222        38.396225      27.280349      65.676574      8.9039675      9.8381517      0              3.6905035      15.963602      552.81788    
     86100   241.73452      38.689159      25.940329      64.629488      9.6332348      10.174764      0              2.7723772      16.108783     -368.40658    
     86200   180.59165      44.58849       19.379139      63.967628      14.343806      9.2760349      0              5.5016212      15.467028     -2590.3883    
     86300   243.18734      37.592736      26.096229      63.688965      6.8242417      11.722951      0              2.5906455      16.454898      1110.3609    
     86400   258.25066      35.857517      27.712662      63.570179      6.753105       9.8570043      0              2.9838417      16.263566      688.06539    
     86500   239.54875      37.943489      25.705775      63.649264      7.4300455      8.8822484      0              3.5496849      18.08151       478.21095    
     86600   225.10052      39.872749      24.155349      64.028098      7.7657303      7.5685101      0              4.7623095      19.7762       -1062.1606    
     86700   196.19132      43.597545      21.053126      64.650671      8.9479493      10.943535      0              5.6633463      18.042714      2270.99      
     86800   220.65123      41.843224      23.677899      65.521123      9.7925866      10.739886      0              4.5757088      16.735043     -1205.2105    
     86900   236.35241      41.175891      25.362779      66.53867       11.905143      6.9323798      0              6.851928       15.486441     -1116.3285    
     87000   264.01013      39.444177      28.330706      67.774882      8.6347055      8.9225042      0              5.2575074      16.62946       2232.4369    
     87100   290.39027      37.766522      31.161537      68.928059      8.5710517      9.7441933      0              3.0230409      16.428237     -670.59956    
     87200   268.40567      41.317164      28.802387      70.119551      10.812204      10.568027      0              3.9251504      16.011783     -1337.1495    
     87300   280.14962      41.15042       30.062621      71.21304       10.053338      8.0307264      0              6.228022       16.838334      713.81671    
     87400   277.47498      42.684111      29.775608      72.459719      10.343028      8.931445       0              6.1714435      17.238195      774.568      
     87500   276.61296      44.198197      29.683105      73.881302      8.011765       10.470848      0              6.9544386      18.761146     -696.45533    
     87600   231.31971      50.735854      24.822724      75.558578      9.2298119      15.884652      0              8.1162348      17.505156     -1737.1148    
     87700   267.36651      48.932775      28.690876      77.623651      10.73439       17.336062      0              3.9807781      16.881546     -1673.02      
     87800   300.4504       47.764975      32.24108       80.006055      8.7806234      14.930654      0              4.886525       19.167173      22.224461    
     87900   349.96487      44.394117      37.554436      81.948553      12.362403      8.8984084      0              5.5596012      17.573705     -796.21443    
     88000   343.05846      46.108475      36.813316      82.921791      11.077073      13.427787      0              3.6737048      17.92991      -169.05954    
     88100   345.59088      45.497072      37.085067      82.58214       12.425586      10.199745      0              5.5929675      17.278774     -2840.47      
     88200   350.35196      43.02789       37.595976      80.623866      7.3145949      12.162686      0              5.3502878      18.200321      397.94444    
     88300   281.57386      46.648909      30.215455      76.864363      8.2944482      11.079618      0              10.031527      17.243315      1510.4872    
     88400   309.8649       39.847989      33.251343      73.099332      10.450323      9.1623309      0              3.071769       17.163567      946.27864    
     88500   275.83101      40.487148      29.599194      70.086342      9.159563       10.713373      0              4.0633993      16.550813     -734.49696    
     88600   241.28602      42.327507      25.892201      68.219707      8.8192528      11.339478      0              5.3902431      16.778532      945.79997    
     88700   284.9746       36.545468      30.580386      67.125854      8.3174966      7.1901192      0              3.8400758      17.197777      415.51286    
     88800   296.84019      34.50345       31.853672      66.357123      6.6487326      7.7891569      0              2.6057977      17.459763      2376.6491    
     88900   244.9352       39.494826      26.283791      65.778617      8.3089948      9.4881123      0              1.993192       19.704527      5507.5586    
     89000   258.44265      37.584922      27.733264      65.318186      11.215735      7.4862096      0              2.3800468      16.50293       194.29759    
     89100   260.50572      36.926282      27.954651      64.880933      9.8102297      7.12153        0              3.7086915      16.28583       1078.4309    
     89200   207.369        42.388693      22.252593      64.641286      8.2485715      11.175756      0              5.3739912      17.590374      493.73117    
     89300   213.88443      41.655826      22.951759      64.607585      9.4532881      8.31841        0              6.0314055      17.852722     -1436.2457    
     89400   249.49846      38.101501      26.773471      64.874972      7.4995382      9.4967419      0              3.770663       17.334558      373.2941     
     89500   231.38414      40.537059      24.829639      65.366697      9.445293       11.782429      0              2.4687803      16.840557     -1246.22      
     89600   261.4467       38.063983      28.055626      66.119609      8.2450797      10.027043      0              2.6955928      17.096267     -1096.708     
     89700   256.45975      39.496333      27.520481      67.016814      8.0112416      11.629781      0              1.9674357      17.887875     -1335.8929    
     89800   262.7491       40.018883      28.195385      68.214269      8.4911656      9.8109911      0              4.6818655      17.034861      860.4807     
     89900   208.80523      47.496201      22.406714      69.902915      8.9157286      17.382586      0              5.0577187      16.140167     -1643.3769    
     90000   231.48357      47.066397      24.840308      71.906705      8.9181994      18.179051      0              4.2041029      15.765044     -1313.2662    
     90100   292.25874      42.623172      31.362041      73.985212      9.2745149      9.0231481      0              7.5368031      16.788706     -642.59248    
     90200   340.14208      39.134833      36.500361      75.635194      10.083358      10.454785      0              2.5774128      16.019278     -512.89673    
     90300   342.97561      39.557489      36.804426      76.361914      8.407053       12.355626      0              2.4101261      16.384683      3217.0763    
     90400   314.13445      42.296221      33.709504      76.005725      9.2031087      11.870912      0              6.2553447      14.966856     -767.58151    
     90500   299.99001      42.288949      32.191676      74.480625      8.9352456      9.3008163      0              7.7839528      16.268934      663.45746    
     90600   230.5753       47.609335      24.742843      72.352178      11.136487      12.310552      0              7.368055       16.794241      1279.7888    
     90700   236.51235      44.697207      25.379942      70.077149      13.699894      12.031856      0              4.3750555      14.590401     -3200.0538    
     90800   257.85995      40.591186      27.670735      68.261921      11.802556      9.0040833      0              3.5178298      16.266717      700.92851    
     90900   237.59264      41.427996      25.495867      66.923863      10.871642      9.335598       0              2.9054092      18.315347      1031.9014    
     91000   248.22803      39.656137      26.637142      66.293279      10.643175      8.96215        0              2.3125913      17.738221      2097.6029    
     91100   222.86645      42.070548      23.915612      65.98616       11.067044      9.8058907      0              4.1635403      17.034073      2127.1193    
     91200   242.23634      39.99174       25.994178      65.985918      8.9150093      8.7520347      0              4.3981876      17.926508      2698.6622    
     91300   177.52909      47.134373      19.050497      66.184871      11.650946      11.236961      0              6.4193141      17.827152     -1073.0402    
     91400   239.19531      40.946227      25.667848      66.614076      9.1805141      11.174374      0              3.7196137      16.871726     -1180.8975    
     91500   228.2813       42.690405      24.496675      67.18708       8.5545406      11.387969      0              6.6409054      16.10699       178.89756    
     91600   278.48736      37.931719      29.884245      67.815964      8.7287649      9.1069165      0              3.9309666      16.165071     -586.08588    
     91700   240.60467      42.53588       25.819085      68.354965      6.6488038      13.953855      0              3.5980362      18.335185      2599.0775    
     91800   230.49128      44.155115      24.733827      68.888941      10.536222      12.610303      0              3.8334752      17.175115     -93.111614    
     91900   299.98541      37.220609      32.191182      69.411791      6.2832123      11.217876      0              4.387962       15.331559      375.54653    
     92000   256.44792      42.283972      27.519211      69.803183      8.4676136      14.001438      0              4.0757788      15.739141      491.39333    
     92100   225.30447      46.043284      24.177233      70.220517      9.1100537      12.620219      0              7.1747842      17.138227      2071.9387    
     92200   283.90326      40.22772       30.465421      70.693142      9.3591917      10.573371      0              4.0854175      16.209741     -711.92712    
     92300   235.09419      45.648956      25.22776       70.876716      12.137799      12.139833      0              5.2558429      16.115481     -2227.2265    
     92400   221.02902      47.054335      23.718439      70.772774      11.634902      12.970738      0              5.8732739      16.575421     -284.14569    
     92500   251.51295      43.695576      26.989644      70.68522       11.735923      9.3923043      0              3.7768576      18.790491     -904.46984    
     92600   240.1543       44.82972       25.770756      70.600477      11.028664      10.311846      0              6.723541       16.765669     -3891.4507    
     92700   268.26268      41.263727      28.787043      70.050771      6.4782941      12.413292      0              6.5104744      15.861667      191.46049    
     92800   277.66243      39.159829      29.795723      68.955552      6.5794504      9.4316023      0              6.9696205      16.179156      1541.0823    
     92900   276.3715       37.797978      29.657194      67.455172      8.6184508      9.8355413      0              3.2366692      16.107317     -759.12971    
     93000   242.09804      39.648373      25.979338      65.627711      9.2423291      9.6703201      0              4.1778507      16.557873      1070.6699    
     93100   240.66672      38.075987      25.825744      63.901731      8.7087723      9.5801158      0              5.009948       14.777151     -535.8115     
     93200   204.3543       40.521572      21.929089      62.450661      7.3988292      10.614205      0              5.3927401      17.115798     -881.51574    
     93300   172.3831       43.063486      18.498286      61.561772      11.477366      8.5647382      0              6.031397       16.989985     -654.60155    
     93400   225.97604      36.779118      24.2493        61.028418      7.3335459      6.9259777      0              5.2782466      17.241348     -1767.8777    
     93500   220.46427      37.259391      23.657836      60.917227      7.766242       8.8983646      0              3.7470837      16.8477        548.43207    
     93600   239.98466      35.446536      25.752553      61.199089      7.109793       8.1410737      0              2.0381863      18.157483      2521.5259    
     93700   197.70907      40.73306       21.215995      61.949055      9.5396051      8.304585       0              5.0284792      17.860391     -889.05921    
     93800   230.09873      38.837255      24.691702      63.528957      8.2881675      9.3891003      0              3.6730966      17.486891      2502.6248    
     93900   244.03073      39.629881      26.186733      65.816614      10.213758      8.8251198      0              3.623111       16.967892     -420.11627    
     94000   237.88245      42.829205      25.526966      68.356171      12.122115      11.61353       0              2.826804       16.266756     -2073.3533    
     94100   253.65903      43.333711      27.219938      70.553649      8.5856815      9.9853506      0              7.3530353      17.409644      2918.122     
     94200   279.40359      41.873261      29.982565      71.855825      7.6063589      12.327511      0              4.7299551      17.209436     -736.15618    
     94300   348.65761      35.105869      37.414155      72.520025      8.5068146      8.0375946      0              2.2204126      16.341047     -1002.7068    
     94400   274.16967      43.348508      29.420918      72.769426      11.96781       11.153415      0              4.7195543      15.507729      713.80591    
     94500   274.62535      43.101787      29.469816      72.571603      12.393339      9.4182609      0              5.5144628      15.775724     -606.44622    
     94600   227.69752      47.370858      24.43403       71.804888      11.651284      10.595705      0              7.0378535      18.086016      3218.6451    
     94700   270.61673      41.728813      29.039654      70.768467      12.440513      8.4085917      0              5.4192423      15.460467      312.70335    
     94800   251.51448      42.598968      26.989808      69.588775      10.213896      10.126806      0              6.4334352      15.82483      -33.039274    
     94900   263.18149      40.185175      28.241785      68.42696       7.3591411      12.314589      0              3.8318104      16.679634      1537.5242    
     95000   298.59498      35.469269      32.041977      67.511246      5.7463282      10.05648       0              3.7818507      15.88461      -445.66556    
     95100   251.57643      39.597862      26.996455      66.594317      7.8662558      10.843236      0              4.5294441      16.358926     -641.34081    
     95200   257.99125      38.015562      27.684825      65.700388      10.314429      6.4803848      0              5.2894834      15.931265     -352.16596    
     95300   173.90673      46.162034      18.661785      64.823819      6.6766516      13.138509      0              8.19169        18.155184     -2937.8033    
     95400   255.77118      36.787682      27.446591      64.234273      6.9998887      9.019333       0              3.935468       16.832992      479.71363    
     95500   230.98263      38.928741      24.786552      63.715294      8.97341        9.4700232      0              4.0605119      16.424796      626.18029    
     95600   266.81321      34.612333      28.631502      63.243835      8.0091466      7.2728895      0              3.0385995      16.291697      133.02195    
     95700   232.86196      37.846421      24.988221      62.834642      5.9127061      7.9469548      0              5.4424744      18.544286      1392.0401    
     95800   217.88742      39.276587      23.381317      62.657904      6.0319205      10.035366      0              5.1679743      18.041326      2621.4996    
     95900   168.45187      44.771786      18.076429      62.848215      9.8102397      10.359298      0              8.4751514      16.127097     -186.31912    
     96000   232.90827      38.682732      24.993191      63.675923      9.2983557      9.2620354      0              4.0569788      16.065362      1434.1059    
     96100   232.81048      40.204322      24.982697      65.187019      7.1447243      11.434416      0              3.6785239      17.946657      3008.2003    
     96200   268.95079      38.336477      28.860884      67.197361      7.5323208      9.7157335      0              3.7020166      17.386406      643.44641    
     96300   253.03715      42.286375      27.153204      69.439579      12.436524      8.8010566      0              4.063177       16.985617      1808.2414    
     96400   236.2701       45.972832      25.353946      71.326778      9.2223619      15.003723      0              5.2375479      16.5092        1438.4341    
     96500   221.53488      49.216721      23.772722      72.989443      11.727601      10.151348      0              10.081064      17.256708     -1224.5385    
     96600   272.23835      45.053912      29.21367       74.267581      9.5127067      11.549027      0              6.5413658      17.450812     -623.03217    
     96700   285.94384      44.479173      30.684393      75.163567      9.0313627      12.261422      0              7.1733735      16.013015     -1472.629     
     96800   343.41398      38.56658       36.851467      75.418047      9.722394       4.8079158      0              8.4431684      15.593102     -1733.0693    
     96900   301.70586      42.435177      32.375802      74.810979      12.341803      9.2883381      0              4.4483462      16.356689     -1802.7263    
     97000   240.54408      47.592369      25.812584      73.404953      13.701026      10.855878      0              6.1317453      16.903719     -2533.8455    
     97100   249.98519      44.899679      26.825702      71.725381      10.447036      10.227912      0              7.5893442      16.635387     -1138.4201    
     97200   237.55626      44.473402      25.491963      69.965365      10.748826      10.4575        0              7.628066       15.63901       3074.53      
     97300   269.67654      39.32025       28.938763      68.259014      7.6571551      9.2775684      0              6.4843934      15.901133      1740.8187    
     97400   258.70297      38.876868      27.761199      66.638067      7.6491593      8.2260273      0              5.9175555      17.084126     -651.14842    
     97500   256.77129      37.700197      27.553912      65.254109      8.1235169      12.329019      0              2.0930174      15.154643      777.93584    
     97600   222.11555      40.335765      23.835033      64.170799      11.266108      9.6782067      0              4.0891595      15.302291      114.10085    
     97700   255.78578      35.968377      27.448158      63.416535      7.1835088      9.602916       0              2.2981429      16.883809      479.78371    
     97800   225.34767      38.855892      24.181869      63.037761      7.7651218      6.2009335      0              7.66918        17.220656      345.80958    
     97900   233.89285      38.020877      25.098846      63.119723      8.1050728      8.4659418      0              4.7487557      16.701107      1483.5165    
     98000   272.20002      34.264146      29.209556      63.473702      7.137567       7.8056807      0              3.8931361      15.427762     -963.31663    
     98100   251.32916      36.9474        26.969921      63.917321      9.9946609      7.1367825      0              3.6567399      16.159216     -1253.4481    
     98200   237.68458      38.914395      25.505734      64.420129      8.414422       11.486823      0              2.7583213      16.254829     -2705.9387    
     98300   240.18479      39.310799      25.774028      65.084828      8.9089785      8.3527235      0              5.3029415      16.746156      492.29454    
     98400   226.49184      41.293672      24.304649      65.598322      10.195213      8.5461777      0              6.832402       15.71988      -3830.2482    
     98500   225.87223      41.727348      24.23816       65.965507      9.9983742      10.044581      0              5.6033066      16.081086     -461.11072    
     98600   236.38103      40.974145      25.36585       66.339996      7.5378498      9.5022825      0              7.2978321      16.636181     -701.67295    
     98700   235.15386      41.465615      25.234163      66.699778      9.3606028      9.3176054      0              6.1202421      16.667165     -629.24825    
     98800   274.80308      37.489935      29.488888      66.978823      9.6947352      8.4233239      0              4.1404354      15.231441     -2242.7312    
     98900   261.97336      39.125188      28.112142      67.23733       7.8069902      11.132248      0              4.0391229      16.146827      936.04638    
     99000   260.59854      39.419116      27.964611      67.383727      9.6184589      7.6694919      0              4.5915606      17.539605      1542.3235    
     99100   232.20345      42.476314      24.917558      67.393872      9.875608       8.1877531      0              6.2945263      18.118426      2259.7852    
     99200   262.16954      39.225419      28.133194      67.358613      7.7991439      9.1159121      0              5.5031796      16.807184      719.92884    
     99300   233.69652      42.202228      25.077777      67.280005      8.3574312      11.242686      0              6.4558769      16.146233     -1085.4125    
     99400   199.71402      45.799339      21.431144      67.230483      12.597034      11.235214      0              4.6093879      17.357704      2592.1627    
     99500   259.01982      39.5372        27.795199      67.332399      10.323499      8.0797579      0              4.6780572      16.455886     -83.023544    
     99600   277.59049      37.651096      29.788003      67.439099      8.8296845      9.1251739      0              3.7761622      15.920075     -953.15988    
     99700   206.73813      45.314927      22.184896      67.499823      10.568344      12.314303      0              6.3979207      16.034359     -1938.7551    
     99800   248.94321      40.804611      26.713887      67.518498      11.2729        8.9299811      0              4.9145524      15.687178     -2315.043     
     99900   266.96146      38.893186      28.647411      67.540597      10.129349      8.3004787      0              4.8317494      15.631609     -265.96754    
    100000   226.91498      43.284328      24.350056      67.634384      9.0597697      14.677387      0              3.3796205      16.167551     -2184.1494    
    100100   254.08965      40.702114      27.266148      67.968262      11.180323      6.802536       0              5.9420848      16.77717       2323.0184    
    100200   280.49557      38.399018      30.099744      68.498763      7.3306545      9.273522       0              4.733566       17.061276      1684.3386    
    100300   226.67934      44.709351      24.32477       69.034121      10.253698      12.484312      0              3.5436717      18.42767       3663.5542    
    100400   221.7487       45.881872      23.795667      69.677539      8.5227141      14.385857      0              6.1345002      16.8388        1676.2524    
    100500   255.75739      42.982115      27.445111      70.427226      11.130125      7.8694721      0              6.9768551      17.005663     -338.38026    
    100600   272.73784      41.662145      29.267269      70.929413      9.5667987      10.027244      0              4.3083606      17.759741      138.73602    
    100700   276.86948      41.510548      29.710632      71.22118       8.2082874      10.36014       0              5.1777299      17.764391      1975.4972    
    100800   319.10741      37.058332      34.243149      71.301481      7.6769081      8.2234057      0              5.0670057      16.091012     -1402.6748    
    100900   303.85492      38.305863      32.606417      70.91228       6.1594433      11.002568      0              5.0440269      16.099824     -1250.2629    
    101000   211.15227      47.540985      22.658573      70.199558      11.490677      14.153911      0              4.5024705      17.393927      2669.9814    
    101100   252.76159      41.794713      27.123635      68.918348      11.836885      11.037984      0              3.6503555      15.269489     -2856.8063    
    101200   258.15383      39.351808      27.702271      67.054079      8.6156057      10.557838      0              3.6838256      16.494538      3538.822     
    101300   270.18278      36.133395      28.993088      65.126483      5.6313629      12.139752      0              2.6384414      15.723839     -999.68276    
    101400   242.63401      37.285028      26.036853      63.32188       7.8238969      8.483332       0              4.2479451      16.729854      1227.679     
    101500   186.49907      42.055923      20.013059      62.068982      8.1321097      10.141264      0              6.7836676      16.998882      4092.7879    
    101600   236.48927      36.057055      25.377466      61.434521      9.1966655      7.0085635      0              3.1211933      16.730633      1710.7521    
    101700   238.81549      35.495013      25.62709       61.122103      8.8726089      7.630787       0              2.8440199      16.147597     -525.67345    
    101800   255.17883      33.646924      27.383027      61.02995       6.2816756      7.9512345      0              3.6646639      15.74935       2384.2015    
    101900   240.01344      35.468218      25.755641      61.223859      6.642462       10.863684      0              2.5368874      15.425185      100.19422    
    102000   225.39875      37.669021      24.187351      61.856371      6.0612507      11.298893      0              5.4296762      14.879201     -1190.372     
    102100   226.47029      38.761605      24.302337      63.063942      9.210158       9.5996796      0              4.1918526      15.759915      1259.5435    
    102200   197.44464      44.10979       21.187618      65.297409      11.06243       11.714769      0              5.3807021      15.951889     -2686.8668    
    102300   224.29753      44.664543      24.06918       68.733723      10.203301      12.131477      0              7.0351775      15.294588     -101.10551    
    102400   274.95674      42.442852      29.505377      71.948229      12.963352      8.0686757      0              6.1562355      15.254589     -2030.3939    
    102500   303.18815      41.138189      32.534866      73.673055      11.262419      11.019852      0              3.0268903      15.829028     -928.03507    
    102600   304.10689      41.502305      32.633455      74.13576       12.71342       10.405228      0              3.3337533      15.049903     -3393.5191    
    102700   264.21608      45.479895      28.352806      73.832701      8.6670388      15.118887      0              5.8253403      15.868629     -1472.436     
    102800   298.80791      41.225306      32.064826      73.290132      9.8534271      10.067932      0              5.0346987      16.269247      1564.4371    
    102900   299.78781      40.332399      32.169978      72.502377      10.475193      7.8323108      0              4.3412537      17.683641      767.80264    
    103000   232.76831      46.464108      24.978173      71.44228       9.690916       14.477912      0              4.4029278      17.892352      3372.2483    
    103100   235.17813      44.979103      25.236768      70.215871      11.291758      8.7200348      0              8.4690811      16.498229      1023.8925    
    103200   246.29004      42.447396      26.429178      68.876574      9.6849233      7.1458903      0              8.2080792      17.408503      724.64562    
    103300   273.24579      38.186663      29.321777      67.50844       7.5840805      9.8036284      0              3.5970508      17.201903     -791.86336    
    103400   238.06581      40.724863      25.546643      66.271506      7.3722746      11.548847      0              4.0339742      17.769768      2978.1076    
    103500   233.65473      40.3365        25.073293      65.409793      10.426377      11.639813      0              2.3987529      15.871557     -3137.8841    
    103600   241.5182       38.775211      25.917115      64.692327      9.5915001      7.0671831      0              4.6659901      17.450538      505.24593    
    103700   213.51935      41.132437      22.912583      64.04502       11.344301      9.9028844      0              3.392559       16.492693     -1220.1471    
    103800   243.58079      37.376291      26.138451      63.514742      8.6208724      7.9404006      0              4.8481887      15.96683      -2652.1845    
    103900   236.40179      37.730932      25.368078      63.09901       7.1135654      9.2725535      0              4.4457435      16.899069      1405.5753    
    104000   232.90156      37.873383      24.992471      62.865855      6.7089148      8.5204454      0              5.8158916      16.828132      1354.1205    
    104100   226.51037      38.700699      24.306638      63.007337      8.6040748      7.8589679      0              4.8381203      17.399536      726.39468    
    104200   201.88685      42.112415      21.664308      63.776724      10.792749      9.4929412      0              3.9133698      17.913356      2519.3602    
    104300   220.51886      41.73336       23.663694      65.397054      7.0045859      12.439879      0              5.8883553      16.400539     -178.96491    
    104400   233.48725      42.850819      25.055321      67.906139      7.4873905      11.401004      0              6.7333557      17.229069     -408.03931    
    104500   280.85346      40.602916      30.138149      70.741065      8.5869346      7.0150158      0              8.0934352      16.90753      -846.89692    
    104600   281.9566       42.847645      30.256526      73.104171      11.074057      8.2490524      0              6.1200888      17.404448      47.977863    
    104700   262.23787      46.482882      28.140526      74.623408      13.081084      10.718026      0              5.7747438      16.909029     -2944.4965    
    104800   297.77195      43.455086      31.953659      75.408745      10.570665      10.829437      0              3.7178203      18.337164      1516.6028    
    104900   283.49129      45.246214      30.421213      75.667427      12.463704      10.845983      0              3.8992436      18.037283      1607.1354    
    105000   272.2721       46.30512       29.217291      75.522411      14.141215      12.487289      0              3.1175373      16.559079      259.02363    
    105100   328.92311      39.503234      35.296463      74.799697      8.2016673      10.497522      0              3.4323664      17.371678     -761.94279    
    105200   268.92972      44.575182      28.858623      73.433806      12.39498       11.556726      0              4.1176054      16.505871      32.547407    
    105300   279.02237      41.529191      29.941657      71.470848      12.068005      7.1316958      0              5.7247071      16.604783     -1530.6756    
    105400   266.60393      40.500445      28.609045      69.10949       11.189663      6.8288937      0              5.9931         16.488788     -1333.2448    
    105500   201.65097      45.114445      21.638997      66.753442      11.173705      11.196844      0              6.1744746      16.569422     -305.67093    
    105600   202.35459      43.405573      21.714501      65.120074      12.088219      9.4594085      0              5.8831814      15.974764     -651.63093    
    105700   251.89333      37.199096      27.030462      64.229558      10.450684      6.782244       0              3.2769827      16.689185     -1872.6548    
    105800   262.18496      35.696241      28.134848      63.83109       6.1893984      8.2925468      0              4.8773142      16.336982     -540.31398    
    105900   257.66763      36.086819      27.650097      63.736916      5.7860879      10.724404      0              2.4869848      17.089342      2583.6696    
    106000   239.97548      38.117776      25.751568      63.869343      7.6785046      7.2564795      0              5.2631883      17.919603      3119.6501    
    106100   226.70455      39.895498      24.327475      64.222973      9.339475       8.0030309      0              5.5174881      17.035504      1209.0884    
    106200   219.30297      41.191664      23.533218      64.724882      7.2095749      12.699234      0              4.9608865      16.321969     -1472.3522    
    106300   238.8631       39.69513       25.632199      65.327329      10.499945      6.0722984      0              6.4842866      16.6386       -1882.7383    
    106400   239.66767      40.363029      25.718537      66.081565      8.9268545      9.8696132      0              4.4347         17.131861     -372.84671    
    106500   249.3073       40.20604       26.752957      66.958997      8.550895       7.600803       0              6.5410986      17.513243      2753.862     
    106600   228.77849      43.506236      24.550028      68.056264      7.4750531      12.537064      0              7.3840627      16.110056     -1381.8803    
    106700   254.15431      41.966749      27.273086      69.239834      9.3513587      10.61775       0              5.1999139      16.797726      320.27943    
    106800   275.23008      40.772646      29.534709      70.307356      8.5606142      12.30462       0              4.1044885      15.802923     -795.78688    
    106900   304.08376      38.389684      32.630973      71.020657      8.2182934      9.6681013      0              4.8559993      15.64729      -1704.6691    
    107000   274.08366      41.985512      29.411688      71.397199      7.0655015      13.604947      0              5.318324       15.99674      -375.08273    
    107100   232.23835      46.749814      24.921302      71.671116      12.181549      12.378753      0              6.9181577      15.271354     -3658.3888    
    107200   242.37778      46.110122      26.009356      72.119478      12.385768      12.802679      0              4.2497959      16.67188       1041.2543    
    107300   256.02717      45.315463      27.474061      72.789524      11.452009      14.174301      0              4.4012331      15.28792      -2670.4721    
    107400   302.56887      41.504306      32.468411      73.972717      10.857344      9.327213       0              4.5976613      16.722087      2969.4413    
    107500   330.28272      39.887553      35.442362      75.329915      9.2077122      10.924569      0              4.13023        15.625043     -2047.3184    
    107600   285.13586      45.840729      30.59769       76.438419      11.130338      13.821279      0              3.9444233      16.944688      3350.1831    
    107700   253.09076      49.923757      27.158958      77.082715      15.518984      11.795642      0              5.7401133      16.869018      801.10839    
    107800   276.34514      47.701473      29.654365      77.355839      13.985588      8.4740726      0              8.7477917      16.494021     -1075.151     
    107900   321.16345      42.755492      34.463781      77.219273      11.8861        9.0254021      0              4.3229336      17.521056      952.40933    
    108000   272.75502      47.218493      29.269113      76.487606      11.50191       13.715857      0              5.5882232      16.412503     -435.85489    
    108100   240.46517      49.173891      25.804116      74.978006      12.881769      13.180487      0              6.6024124      16.509222     -548.42476    
    108200   272.70603      43.584801      29.263855      72.848656      11.208753      10.529355      0              5.5042597      16.342433      1451.2216    
    108300   247.57082      44.164431      26.566617      70.731048      12.553264      11.467944      0              4.3848484      15.758374     -3110.8164    
    108400   238.58507      43.224323      25.602364      68.826687      10.031882      11.397001      0              5.2950859      16.500354      54.40538     
    108500   251.24397      40.19622       26.96078       67.157         12.438973      6.5864495      0              5.1270359      16.043761     -516.37995    
    108600   251.93371      38.70568       27.034796      65.740476      8.3751855      9.2423074      0              3.278903       17.809284      2601.5271    
    108700   254.13792      37.42673       27.271327      64.698057      9.3453416      8.3783324      0              2.8338679      16.869188     -1219.1017    
    108800   250.92631      37.125463      26.926692      64.052155      8.3445384      8.2900525      0              3.0225682      17.468304      636.5764     
    108900   241.84285      37.830578      25.951953      63.782531      8.5614698      10.306172      0              1.6700338      17.292903      1079.9932    
    109000   229.97619      39.230388      24.678552      63.90894       8.2278892      9.8678404      0              4.008571       17.126087      1408.2904    
    109100   232.00763      39.604301      24.896544      64.500845      9.7071905      8.7152253      0              4.7960881      16.385797      406.8887     
    109200   239.71607      39.775217      25.723731      65.498947      9.8192677      9.1114569      0              5.7798005      15.064692     -3029.532     
    109300   280.20419      36.771008      30.068476      66.839485      8.1409976      7.3016231      0              4.2495862      17.078801      1726.0002    
    109400   272.23169      39.283337      29.212955      68.496292      9.0323141      11.679449      0              2.3563475      16.215226     -309.07915    
    109500   261.48477      42.273402      28.059711      70.333113      11.372482      10.267108      0              3.5170691      17.116743      1402.7857    
    109600   237.32342      46.835327      25.466978      72.302304      13.144494      13.035362      0              5.0689123      15.586558     -1428.2591    
    109700   225.48235      50.165911      24.196322      74.362232      14.399957      12.547128      0              6.2093569      17.009468      116.48657    
    109800   313.12074      42.922136      33.600724      76.522859      14.237481      8.4959751      0              3.7503809      16.438298     -667.88432    
    109900   345.26868      41.157896      37.050493      78.208388      10.247765      10.042446      0              6.1370791      14.730605     -776.98402    
    110000   324.5681       43.83043       34.829131      78.659561      12.463351      7.7421633      0              8.4335577      15.191358     -2289.5619    
    110100   290.45399      46.658985      31.168374      77.827359      12.218243      9.8612491      0              7.3536406      17.225852      3399.771     
    110200   243.44055      49.653986      26.123402      75.777387      14.766388      11.234074      0              6.1530441      17.500479      981.13364    
    110300   250.49571      46.038039      26.880485      72.918523      13.703438      13.294971      0              2.5455179      16.494112      843.77425    
    110400   239.26902      44.218075      25.675758      69.893833      10.780675      12.36364       0              4.6439145      16.429846     -1332.0603    
    110500   232.4027       42.836183      24.938939      67.775121      11.299858      10.725558      0              4.4419988      16.368768      999.05521    
    110600   242.78401      40.711041      26.052948      66.763989      12.046663      7.4357444      0              4.6495461      16.579087     -706.91366    
    110700   254.52062      38.971941      27.312394      66.284336      9.6302376      10.336907      0              2.9198872      16.08491       2000.6586    
    110800   240.70547      40.138542      25.829902      65.968444      11.132542      6.8471282      0              7.02297        15.135902     -2907.5648    
    110900   240.94413      39.870066      25.855512      65.725578      11.404362      8.1716128      0              4.3697103      15.924381     -3048.6199    
    111000   225.938        41.318438      24.245217      65.563655      10.014747      12.629986      0              1.5984471      17.075257     -10.05237     
    111100   246.8941       39.081541      26.493999      65.57554       10.946281      8.4874463      0              3.2652615      16.382552     -1313.1474    
    111200   218.09748      42.516768      23.403858      65.920625      11.624305      10.802471      0              3.8125231      16.277469     -2981.1885    
    111300   243.36947      40.523557      26.115774      66.639332      9.4527202      9.1907135      0              4.2652778      17.614846      2664.1663    
    111400   271.49614      38.600124      29.134023      67.734148      11.337108      7.7283949      0              3.1246649      16.409957      22.58197     
    111500   232.56142      44.04222       24.955971      68.998191      12.734101      11.299718      0              4.4830454      15.525356     -1675.0593    
    111600   243.61932      44.152497      26.142585      70.295082      14.946637      8.6465495      0              4.3859975      16.173313      2785.1289    
    111700   270.62264      42.352161      29.040289      71.39245       9.8109737      10.745905      0              5.1770933      16.618189     -323.62343    
    111800   267.2764       43.466156      28.681207      72.147363      13.108338      8.3322955      0              3.8596282      18.165894      2279.3419    
    111900   308.87671      39.358144      33.145301      72.503445      8.5427037      11.852294      0              2.2411496      16.721996      4142.4845    
    112000   316.37688      38.67609       33.950138      72.626229      8.6270194      10.904836      0              2.2427016      16.901533     -1086.632     
    112100   307.7517       39.643252      33.024577      72.667829      9.8534443      8.3563643      0              4.747151       16.686292     -2422.919     
    112200   279.00095      42.68987       29.939358      72.629228      11.602101      8.68281        0              6.1196414      16.285318     -994.26109    
    112300   273.61698      42.817333      29.361608      72.178942      11.840729      10.146874      0              5.1423902      15.687339     -1428.93      
    112400   274.30877      41.516022      29.435844      70.951865      12.587223      6.6132981      0              5.6576461      16.657855     -2366.6267    
    112500   264.01621      40.492161      28.331359      68.82352       8.6768054      9.6836003      0              5.1220876      17.009668      485.30067    
    112600   195.22205      45.465181      20.949114      66.414295      12.859421      11.740217      0              4.8791626      15.98638      -14.856057    
    112700   206.85935      41.899843      22.197903      64.097746      8.6502975      11.571073      0              5.5876641      16.090808     -1438.225     
    112800   206.83659      40.18767       22.195461      62.383131      8.4572942      10.714644      0              4.8971111      16.11862      -1737.6755    
    112900   224.65504      37.21886       24.107544      61.326404      6.7711516      9.2735635      0              4.260524       16.913621      737.32677    
    113000   198.60272      39.591866      21.311891      60.903758      10.011671      10.423179      0              2.7011054      16.455911     -71.730047    
    113100   196.03169      39.947848      21.035997      60.983845      11.854629      8.2045955      0              4.8492652      15.039359     -215.31501    
    113200   193.30941      40.763116      20.743871      61.506987      11.559719      9.9681869      0              3.6044563      15.630753     -1606.1249    
    113300   229.57746      37.671356      24.635765      62.307121      11.442711      8.0265738      0              1.818149       16.383923      3821.1778    
    113400   230.98301      38.588499      24.786593      63.375091      7.5212939      10.950334      0              3.4262819      16.690589      3649.835     
    113500   230.2365       40.025522      24.706486      64.732008      7.704325       10.443238      0              6.081218       15.79674       2342.6155    
    113600   259.61079      38.665251      27.858616      66.523867      11.037174      9.0345801      0              2.2548374      16.338659      105.83616    
    113700   237.46444      42.934962      25.48211       68.417072      13.912491      10.235211      0              2.8468378      15.940423     -1661.8769    
    113800   225.45418      45.635156      24.193299      69.828454      12.329592      13.342094      0              4.254246       15.709224     -468.79819    
    113900   256.36888      43.225401      27.51073       70.73613       8.4900709      12.570478      0              4.6529477      17.511904      2270.0278    
    114000   255.33902      43.746045      27.400216      71.146261      13.017739      10.349209      0              4.0965957      16.282501     -225.37557    
    114100   230.30161      46.506923      24.713472      71.220395      11.895521      10.927578      0              6.5855831      17.09824       663.34881    
    114200   268.60668      42.225049      28.823958      71.049007      11.252521      10.030017      0              4.5915008      16.35101       443.0797     
    114300   285.19687      40.160527      30.604237      70.764765      9.6316733      10.537859      0              4.1721158      15.818879     -886.03614    
    114400   259.43567      42.640749      27.839824      70.480573      10.584623      11.664113      0              4.5439926      15.84802      -1592.0795    
    114500   297.04038      38.111393      31.875154      69.986547      10.576239      8.1457165      0              3.8670329      15.522404     -2135.6426    
    114600   271.92354      40.030098      29.179887      69.209985      8.7368002      11.47117       0              4.3162543      15.505873     -3835.5164    
    114700   256.88953      40.732584      27.5666        68.299184      9.5381995      12.168367      0              2.3901252      16.635892      2030.4892    
    114800   220.92         43.698021      23.706741      67.404761      10.025483      10.548475      0              7.2348944      15.889168     -4127.4453    
    114900   239.39075      40.857791      25.68882       66.546612      9.6580545      10.547642      0              3.7043841      16.947711      1346.1105    
    115000   255.77715      38.153064      27.447232      65.600296      8.4398228      8.0850908      0              3.8569673      17.771184      3244.5753    
    115100   224.06075      40.480893      24.043772      64.524665      10.223268      11.608989      0              2.6876847      15.960952     -540.45173    
    115200   181.43007      43.907462      19.469109      63.376571      11.524593      11.317083      0              5.3134124      15.752374      994.87528    
    115300   172.40636      43.701242      18.500782      62.202024      11.189986      11.436318      0              4.7057842      16.369153     -1337.1099    
    115400   225.42084      36.831517      24.189722      61.021239      9.1828896      8.6367312      0              2.3249904      16.686906      99.691484    
    115500   247.82872      33.214939      26.594292      59.809231      6.1159528      7.2828496      0              2.8369964      16.97914       1585.2797    
    115600   198.77233      37.347686      21.330092      58.677778      6.178927       9.8529275      0              4.293679       17.022152      590.44869    
    115700   214.57515      34.622334      23.025879      57.648213      6.6474054      6.6572806      0              3.5657198      17.751928      2668.2278    
    115800   211.49878      34.125408      22.695757      56.821165      8.6074303      6.2630257      0              2.9851217      16.269831     -816.00377    
    115900   201.10801      34.752696      21.580732      56.333428      9.7498801      6.3574683      0              2.9785738      15.666774      476.11465    
    116000   177.85324      37.320158      19.085282      56.40544       8.0493421      8.6826032      0              4.8826142      15.705598      266.49881    
    116100   185.33382      37.266802      19.888017      57.154819      11.277986      8.0926684      0              2.6925747      15.203573     -1234.2427    
    116200   233.51086      33.734207      25.057855      58.792061      7.9702433      6.4552232      0              3.4647657      15.843974     -862.98341    
    116300   179.36279      41.870232      19.247271      61.117503      9.4674748      11.919337      0              4.1624177      16.321002      2329.4538    
    116400   246.17844      37.264132      26.417202      63.681334      6.5652351      10.116748      0              3.8777396      16.704409     -247.1186     
    116500   239.82753      40.16619       25.735691      65.901881      7.5977532      10.581605      0              4.6288764      17.357955      90.316357    
    116600   228.75113      43.108592      24.547093      67.655684      13.381618      7.9197023      0              5.4614407      16.345831     -268.56978    
    116700   240.90887      43.068851      25.851729      68.92058       16.188052      6.9518628      0              3.9664534      15.962483     -2041.2454    
    116800   237.03358      44.283954      25.435875      69.719829      11.722423      8.2304648      0              8.6500822      15.680984     -1009.0694    
    116900   245.36078      43.835446      26.329459      70.164905      10.725335      13.326108      0              3.0047357      16.779267      54.986564    
    117000   250.17156      43.626657      26.845701      70.472358      8.2904894      14.386646      0              5.6387152      15.310806      595.89308    
    117100   298.09045      38.852341      31.987836      70.840178      9.9620316      9.1585012      0              3.6687905      16.063018      2707.5037    
    117200   259.57123      43.144215      27.854371      70.998585      11.146143      11.945892      0              4.4707745      15.581405     -512.91525    
    117300   264.90695      42.234081      28.426943      70.661024      13.749428      8.9676596      0              3.6742865      15.842707      1591.9884    
    117400   249.28119      43.247133      26.750155      69.997288      9.9086781      12.08945       0              4.8684171      16.380588     -1457.3297    
    117500   204.49309      47.33817       21.943982      69.282152      11.574935      13.41348       0              6.0656879      16.284066     -677.9098     
    117600   251.93763      41.312646      27.035216      68.347861      10.65109       8.663091       0              3.6217834      18.376682      2392.7872    
    117700   260.19926      39.148463      27.921765      67.070228      12.251881      7.368034       0              2.7236684      16.80488      -2161.4338    
    117800   218.00915      42.214515      23.39438       65.608894      9.0860855      11.782972      0              4.822529       16.522929     -331.89903    
    117900   225.8458       39.910079      24.235323      64.145403      7.797414       9.2569648      0              5.5296939      17.326007     -1039.6768    
    118000   216.03098      39.674547      23.182104      62.856651      8.0360314      10.390437      0              3.6685687      17.57951       256.45726    
    118100   211.08046      39.11166       22.650868      61.762527      6.2440932      9.3832267      0              7.164154       16.320186     -1034.3056    
    118200   192.27034      40.231135      20.632369      60.863503      9.2252327      8.7302401      0              6.7048697      15.570792     -1933.6459    
    118300   185.21029      40.43079       19.874761      60.305551      12.567102      6.5071276      0              5.4441826      15.912378     -3324.6359    
    118400   169.90729      41.922893      18.232608      60.155501      11.294772      9.4895569      0              3.8176391      17.320925      138.19395    
    118500   223.77942      36.592369      24.013582      60.605951      9.349445       6.7483542      0              3.5607913      16.933778      761.95374    
    118600   238.52928      36.32804       25.596378      61.924418      10.722861      5.5943561      0              3.9726448      16.038178     -2456.3738    
    118700   252.92871      37.119102      27.141568      64.26067       7.613231       10.101839      0              3.5384857      15.865547     -775.92673    
    118800   263.25508      39.014515      28.249682      67.264198      11.282699      5.596698       0              3.4859266      18.649192      2328.2473    
    118900   289.16802      38.944057      31.030378      69.974434      8.9183597      7.4620074      0              5.3059927      17.257697      1011.2968    
    119000   256.13275      44.34167       27.48539       71.827061      13.803208      9.7749961      0              4.959974       15.803492     -2306.2706    
    119100   280.83922      42.854077      30.136622      72.990698      11.022275      9.4511895      0              5.1342037      17.246408      1122.9575    
    119200   241.59482      47.703274      25.925337      73.628611      8.7193298      15.283032      0              6.46948        17.231432      2114.8014    
    119300   230.82706      49.002227      24.769859      73.772085      15.3418        11.859888      0              4.7046783      17.095861     -1810.0939    
    119400   276.27161      43.800813      29.646475      73.447288      11.421117      11.889158      0              4.0293088      16.461229     -109.69682    
    119500   306.62229      39.7321        32.903381      72.635481      10.149407      8.7095018      0              4.0615146      16.811677     -1189.4469    
    119600   274.78252      42.090923      29.486682      71.577605      13.874427      6.7878962      0              4.9197456      16.508854     -3827.1937    
    119700   319.52142      35.999341      34.287576      70.286917      7.9639539      9.3537232      0              2.2265412      16.455123     -800.83343    
    119800   294.62754      37.152261      31.616234      68.768495      7.1825868      9.3300698      0              3.9372759      16.702329      446.78078    
    119900   263.81594      38.782779      28.309868      67.092646      8.4266774      9.587901       0              3.6980222      17.070178     -287.46487    
    120000   223.04806      41.534334      23.9351        65.469434      10.322109      6.4607203      0              6.5910778      18.160427      1020.7169    
    120100   209.10499      41.632796      22.438881      64.071677      9.3298524      9.0764539      0              6.2449692      16.98152       1883.906     
    120200   258.88075      35.357622      27.780276      63.137898      9.7691646      5.2905241      0              2.6928394      17.605094      605.58156    
    120300   230.80653      37.85276       24.767655      62.620415      6.6597374      9.45166        0              3.8523215      17.889041      1273.3924    
    120400   236.89807      37.098815      25.421333      62.520148      8.5802022      8.3348564      0              1.9283205      18.255436      1127.9752    
    120500   168.65752      44.641853      18.098498      62.74035       10.52231       12.847594      0              4.3381126      16.933836      1963.4736    
    120600   212.75067      40.43324       22.830096      63.263337      9.3988493      10.677641      0              3.2777111      17.079039      561.81023    
    120700   251.07226      37.276589      26.942354      64.218942      6.375186       7.7085853      0              4.6815729      18.511245      3333.3737    
    120800   249.2267       39.276664      26.744308      66.020971      9.0471285      6.2659947      0              6.8156563      17.147884      1556.7808    
    120900   245.3288       42.679755      26.326028      69.005783      12.108769      9.3022114      0              5.0776041      16.191171     -114.06205    
    121000   265.44615      44.785027      28.484804      73.269831      12.131456      10.123519      0              7.1375313      15.392521     -623.97402    
    121100   309.85346      43.79479       33.250115      77.044904      11.391173      10.529428      0              5.1153085      16.75888       1913.261     
    121200   309.97227      45.633959      33.262864      78.896823      10.836702      11.286732      0              6.9133557      16.59717      -318.22918    
    121300   249.72691      52.456745      26.797985      79.254731      15.288164      15.204623      0              6.0562368      15.907722     -2540.3763    
    121400   253.51202      51.414413      27.204162      78.618575      11.402801      11.50563       0              11.371547      17.134435     -1446.6591    
    121500   327.54198      42.251986      35.148256      77.400241      8.1563567      12.758334      0              4.5544349      16.78286      -745.50475    
    121600   269.87072      46.778648      28.9596        75.738248      11.805518      10.170922      0              8.3395723      16.462635     -1075.5749    
    121700   249.18122      47.112276      26.739428      73.851704      11.902552      11.561978      0              7.6084353      16.039311     -465.28317    
    121800   235.64487      46.721078      25.286853      72.007931      7.5283428      10.937721      0              12.452057      15.802957      2509.2497    
    121900   300.24869      38.112474      32.219435      70.331909      7.6318046      7.9291685      0              6.127769       16.423732      739.62864    
    122000   226.59887      44.45947       24.316135      68.775605      10.364627      10.430096      0              6.7684152      16.896332      5459.5393    
    122100   229.05161      42.698848      24.579336      67.278184      10.722513      8.5726018      0              6.8367869      16.566947      2559.8187    
    122200   284.51703      35.5293        30.531284      66.060585      7.5679616      8.0885605      0              4.2576523      15.615126      183.51946    
    122300   250.12669      38.166143      26.840886      65.007028      7.5708748      11.427655      0              3.0186239      16.148989     -375.91201    
    122400   251.53056      37.114402      26.991534      64.105935      6.8200628      8.8330775      0              6.2447848      15.216477     -2394.1026    
    122500   255.64591      35.903516      27.433148      63.336665      6.6683869      8.6871054      0              4.9791569      15.568867      1219.3346    
    122600   252.85719      35.642599      27.133894      62.776492      6.3727866      8.8213814      0              5.7133863      14.735044     -2923.1207    
    122700   243.40531      36.287007      26.11962       62.406627      9.1212522      4.9036444      0              5.6865361      16.575574      44.452699    
    122800   252.51807      35.203243      27.097503      62.300746      6.203246       9.8098754      0              2.1143524      17.075769     -955.19433    
    122900   211.83921      39.834477      22.732288      62.566764      7.7846016      9.7458418      0              5.2615529      17.04248      -2056.1479    
    123000   220.68499      39.799139      23.681521      63.48066       9.3433154      9.8809676      0              3.4679357      17.10692      -1853.4507    
    123100   219.20223      41.861636      23.522407      65.384043      12.37184       7.6735296      0              4.937347       16.878919     -2860.6755    
    123200   228.70146      43.800474      24.541762      68.342236      10.446259      12.502242      0              2.5700962      18.281877     -142.93012    
    123300   254.35505      44.299736      27.294627      71.594363      10.183319      10.777753      0              5.4750033      17.86366      -1201.2927    
    123400   289.85643      42.826641      31.10425       73.930892      8.7515296      11.881711      0              4.6740183      17.519382      1705.5567    
    123500   246.27952      48.77025       26.428049      75.198299      13.65107       10.854428      0              6.3221105      17.942642     -1843.3329    
    123600   291.05172      44.384281      31.232516      75.616797      8.1793919      10.538429      0              7.6789584      17.987501      1641.3776    
    123700   260.88209      47.466541      27.995039      75.46158       11.985891      12.056106      0              5.3085364      18.116008      2812.6857    
    123800   234.42351      49.611994      25.15579       74.767784      11.601499      12.331168      0              8.6277199      17.051607      1257.8922    
    123900   313.32397      39.910398      33.622533      73.532931      8.565469       9.8276338      0              4.1539609      17.363334      552.5014     
    124000   280.89457      41.74176       30.142561      71.884321      7.9657098      10.34795       0              6.7022592      16.725841      766.66414    
    124100   279.10509      40.107372      29.950533      70.057904      10.54643       9.0969843      0              3.5913141      16.872643      1468.6883    
    124200   233.36474      43.267129      25.042175      68.309304      10.871999      11.966673      0              5.0678826      15.360574     -1232.1863    
    124300   203.80138      44.959793      21.869755      66.829548      12.027251      12.726787      0              3.3614868      16.844269      963.38932    
    124400   237.95413      40.081463      25.534658      65.616122      11.903399      9.5199834      0              2.7534994      15.904582     -1883.9115    
    124500   247.92859      38.133038      26.605009      64.738046      9.8140463      8.0090893      0              4.5662386      15.743663     -142.18596    
    124600   255.17075      36.774145      27.38216       64.156305      7.6799693      10.325621      0              2.8522973      15.916257     -203.16871    
    124700   210.00276      41.239516      22.535221      63.774736      12.973737      8.9260585      0              4.3427206      14.996999     -3137.3064    
    124800   228.16486      38.989684      24.48418       63.473863      10.848694      8.5329824      0              2.2090444      17.398963      541.08561    
    124900   275.05141      33.814874      29.515536      63.33041       9.7401509      6.3876118      0              1.5122318      16.174879     -656.98696    
    125000   212.39533      40.566584      22.791965      63.358549      8.8269442      9.695381       0              4.7547146      17.289544     -1184.6788    
    125100   236.69281      38.304863      25.399308      63.70417       7.8317996      8.3799159      0              4.0987377      17.99441       2265.0332    
    125200   203.63877      42.594251      21.852305      64.446556      10.882966      9.6792313      0              4.3405964      17.691458     -1021.1311    
    125300   241.75599      39.715561      25.942633      65.658194      8.0328415      10.138132      0              4.9608602      16.583727      370.00137    
    125400   275.77202      38.203508      29.592865      67.796372      7.9795148      11.198959      0              3.2577186      15.767315      77.555995    
    125500   261.32831      43.182897      28.042922      71.225819      11.38794       8.393668       0              6.6501842      16.751104     -2221.9042    
    125600   271.29585      45.783765      29.11253       74.896294      10.90296       12.356064      0              5.0146424      17.510098      2729.1744    
    125700   254.222        50.182963      27.28035       77.463313      10.929033      18.675422      0              5.2443969      15.334111     -3200.3718    
    125800   323.04114      43.733658      34.665274      78.398932      12.676765      9.3302105      0              4.8250809      16.901601     -56.477657    
    125900   348.19208      40.786081      37.3642        78.150281      7.8263862      10.883982      0              4.3741988      17.701513     -492.7671     
    126000   333.38656      41.623542      35.775433      77.398974      7.8929709      12.333014      0              3.3215933      18.075963      1286.8489    
    126100   267.2069       47.467057      28.673749      76.140806      13.455698      13.963142      0              3.7912774      16.256939     -3376.1287    
    126200   281.85409      44.231082      30.245526      74.476608      10.038901      11.868129      0              4.1429061      18.181145      1098.1503    
    126300   287.89041      41.643288      30.893278      72.536567      9.3009385      8.9545722      0              5.363447       18.024331     -892.8225     
    126400   245.48736      44.349026      26.343042      70.692069      12.470394      10.08879       0              3.9363128      17.85353      -1143.3133    
    126500   231.40275      44.26816       24.831636      69.099796      9.9319659      14.124875      0              3.1163426      17.094977      2188.5197    
    126600   223.4347       43.867005      23.976591      67.843596      11.989783      9.2060847      0              3.9918507      18.679287      463.13013    
    126700   237.338        41.398863      25.468542      66.867405      11.17422       7.3839377      0              4.1634583      18.677247      1938.2249    
    126800   246.76645      39.775872      26.480301      66.256173      7.7240323      11.903764      0              3.7466566      16.401419     -19.01251     
    126900   206.80674      43.670109      22.192257      65.862366      10.392118      10.57282       0              6.5716193      16.133552     -1608.8428    
    127000   199.31579      44.324503      21.38841       65.712913      9.9797097      9.9444782      0              8.0751257      16.325189     -1952.2519    
    127100   252.45945      38.676907      27.091212      65.768119      7.1262045      9.1685835      0              4.8914625      17.490656      315.27016    
    127200   212.34103      43.348529      22.786138      66.134667      10.062552      11.553517      0              3.8328813      17.899579      421.19912    
    127300   236.98297      41.406156      25.430444      66.8366        10.887013      9.8591222      0              3.2007348      17.459286      995.86057    
    127400   219.23644      44.425577      23.526078      67.951655      11.134083      12.491976      0              4.0190722      16.780446      3549.1275    
    127500   264.09393      41.220292      28.339698      69.55999       10.141453      11.084517      0              2.7165279      17.277794      3606.1241    
    127600   273.89395      42.172032      29.39133       71.563362      8.6249793      12.00703       0              4.2024578      17.337565      569.91151    
    127700   284.33762      43.663657      30.512032      74.175688      12.342513      9.5119872      0              6.0497553      15.759401     -2112.1177    
    127800   281.56809      46.527666      30.214836      76.742502      10.25011       17.909792      0              2.6117333      15.756031     -1515.9241    
    127900   279.59281      48.665818      30.00287       78.668687      11.469002      15.158428      0              6.3421244      15.696263     -359.66844    
    128000   315.37676      45.739575      33.842816      79.582391      12.499476      9.6836838      0              5.3231617      18.233253     -1552.5574    
    128100   340.52791      42.857119      36.541765      79.398883      7.9714912      13.486702      0              4.2376344      17.161292     -263.20423    
    128200   334.62767      41.965608      35.908615      77.874223      8.1916497      12.341191      0              5.7335116      15.699256      1569.0645    
    128300   310.24223      41.961509      33.291833      75.253343      9.9103663      12.168485      0              3.234356       16.648302      261.18035    
    128400   262.70557      44.001078      28.190714      72.191792      10.364721      10.701426      0              4.794925       18.140005      1167.0389    
    128500   261.47306      41.597836      28.058455      69.656291      9.0945419      11.965384      0              3.7975621      16.740348     -587.92557    
    128600   239.57515      42.256515      25.708609      67.965124      13.346213      9.2866715      0              3.511749       16.111881     -1947.8253    
    128700   268.31446      38.333979      28.7926        67.126579      7.6739483      10.360265      0              3.1024935      17.197272      2503.9589    
    128800   242.76523      40.581452      26.050933      66.632385      12.005135      9.3333162      0              1.6404021      17.602599     -1149.1131    
    128900   245.92871      39.932228      26.390404      66.322633      10.079962      11.210577      0              3.4300992      15.21159      -3096.1463    
    129000   248.24691      39.536507      26.639168      66.175675      9.3464653      11.54969       0              3.3088904      15.331461     -2349.4432    
    129100   214.83011      43.2325        23.05324       66.28574       9.1333191      14.313468      0              3.8924841      15.893229     -1463.6396    
    129200   242.774        40.509157      26.051874      66.561031      7.807585       9.7656371      0              5.3383717      17.597563      1992.8096    
    129300   258.33774      39.43269       27.722006      67.154696      10.151926      8.5780195      0              4.1329784      16.569766      2954.754     
    129400   244.96804      41.619905      26.287315      67.90722       8.8067756      11.616033      0              5.5811673      15.615929     -287.18816    
    129500   281.46974      38.523126      30.204282      68.727409      10.607456      7.5437832      0              4.6550187      15.716869      97.319537    
    129600   249.29168      42.734013      26.751281      69.485294      11.447652      10.148484      0              3.9212781      17.216599      807.20056    
    129700   276.68559      40.61725       29.690898      70.308148      8.5056996      11.34129       0              3.2638866      17.506374      1138.5944    
    129800   265.41014      42.76436       28.48094       71.245301      9.0397212      13.013852      0              5.3266047      15.384183     -884.1251     
    129900   240.0606       46.287422      25.760702      72.048124      14.520176      11.305035      0              4.125687       16.336523     -4938.4133    
    130000   250.81428      45.599204      26.91467       72.513874      14.660519      11.330532      0              4.4812381      15.126915     -1193.606     
    130100   297.16215      40.717206      31.888222      72.605427      10.622328      11.517217      0              4.031631       14.546029     -1962.9978    
    130200   257.6901       44.653501      27.652508      72.306009      12.319377      10.33569       0              5.8957335      16.102701      1870.5457    
    130300   193.71516      50.80878       20.787412      71.596192      17.1479        13.275352      0              4.8165703      15.568957      1204.7223    
    130400   272.97409      41.109544      29.292621      70.402165      11.571813      10.025616      0              2.8290302      16.683085      1818.4823    
    130500   270.99144      39.677812      29.079864      68.757677      9.03294        9.3424211      0              3.7158827      17.586569      2537.9301    
    130600   223.25396      42.654766      23.957195      66.611961      12.317786      9.108749       0              4.3074365      16.920794     -1132.248     
    130700   232.66242      39.514818      24.966809      64.481627      9.2812342      7.0955612      0              4.3687677      18.769255      829.58881    
    130800   231.05133      37.925287      24.793924      62.719212      9.3841484      4.978169       0              5.3112348      18.251735     -1648.3146    
    130900   218.36707      37.961243      23.432787      61.39403       9.291212       7.3563931      0              4.3109946      17.002643     -1771.2283    
    131000   214.16813      37.588489      22.982202      60.570691      8.0398687      8.5177612      0              4.2565325      16.774327      1483.2786    
    131100   185.33223      40.381597      19.887846      60.269444      9.9637926      6.9666975      0              6.3440558      17.107052      1649.0675    
    131200   217.03263      37.124285      23.289589      60.413874      9.2389343      6.5032718      0              4.8413287      16.54075      -208.78286    
    131300   248.08424      34.277171      26.621712      60.898883      7.6394657      7.2539722      0              3.2037949      16.179938      881.18569    
    131400   241.34424      35.793806      25.898448      61.692254      6.2441626      10.0539        0              3.7050207      15.790722      2181.3904    
    131500   238.92656      37.329114      25.639009      62.968122      7.4889891      7.3338771      0              5.9296465      16.576601     -1264.4856    
    131600   230.96773      39.954516      24.784954      64.73947       7.6291571      11.40363       0              4.6100494      16.31168      -1170.2234    
    131700   268.6262       38.208899      28.826053      67.034952      9.3464306      8.0146568      0              4.8027425      16.045069      97.849905    
    131800   270.35581      40.443194      29.011656      69.45485       9.131004       10.577897      0              4.5660804      16.168212     -215.45436    
    131900   328.25197      36.145359      35.224444      71.369803      7.8242055      8.4363364      0              3.8464507      16.038366     -634.00307    
    132000   290.54015      41.336007      31.17762       72.513627      7.5411505      10.336953      0              6.7635183      16.694385      65.819924    
    132100   263.19503      44.615124      28.243238      72.858363      14.075052      8.8393341      0              5.9520744      15.748664     -1112.3814    
    132200   274.17697      43.251964      29.421701      72.673665      12.670409      11.249336      0              4.2251524      15.107067     -2142.9004    
    132300   278.20546      42.381064      29.853995      72.235059      13.446865      9.5602703      0              2.9897013      16.384228     -1716.7084    
    132400   236.41124      46.309163      25.369092      71.678254      9.8502926      11.173866      0              7.4267475      17.858256      137.30863    
    132500   300.43844      38.913965      32.239797      71.153762      10.273191      6.805824       0              4.1266048      17.708345      2119.4678    
    132600   251.41383      43.700396      26.979007      70.679403      10.80025       11.900297      0              4.2531263      16.746723     -693.32683    
    132700   234.18051      45.237424      25.129714      70.367139      8.8932308      14.453055      0              4.64134        17.249799      2396.7378    
    132800   271.71041      40.987191      29.157016      70.144207      9.873821       11.100827      0              2.7626693      17.249874      2792.5935    
    132900   209.07285      47.460024      22.435432      69.895456      15.394022      11.319317      0              4.5628224      16.183863     -2661.7183    
    133000   213.19117      46.67487       22.877366      69.552236      12.792533      12.353262      0              4.5677598      16.961315      1582.8733    
    133100   239.72074      43.314483      25.724232      69.038715      9.7926199      11.777285      0              4.9516353      16.792943      2150.1677    
    133200   207.0387       46.030713      22.217149      68.247863      10.498154      13.253288      0              5.1885715      17.0907       -534.29592    
    133300   246.68667      40.788846      26.47174       67.260586      7.4531759      12.019781      0              4.0040232      17.311866      3526.0584    
    133400   253.2842       38.828629      27.179715      66.008344      8.0196506      12.048136      0              2.9293187      15.831523      2292.3857    
    133500   212.56864      41.57192       22.810563      64.382483      11.721144      9.7559724      0              4.8548299      15.239974     -4236.2382    
    133600   218.40087      38.97147       23.436414      62.407884      9.6242176      10.451088      0              2.7800127      16.116152     -1562.1002    
    133700   227.09848      36.053175      24.369747      60.422922      9.4975863      7.1768543      0              3.3145665      16.064168      1129.0896    
    133800   187.80815      38.653808      20.153535      58.807343      11.803131      8.4410983      0              3.3137134      15.095866     -1216.0413    
    133900   200.08479      36.200245      21.470931      57.671176      8.48629        8.3200078      0              2.6321735      16.761774      722.21966    
    134000   203.31994      35.168919      21.818092      56.987011      8.4985286      7.3735752      0              3.0835412      16.213274     -417.77757    
    134100   228.09488      32.386394      24.47667       56.863064      5.8701403      8.06095        0              3.0005645      15.454739     -2277.3605    
    134200   180.15877      38.051993      19.332687      57.38468       6.6391041      10.233009      0              4.7305868      16.449294      1500.722     
    134300   196.24237      37.558003      21.058605      58.616608      9.703524       8.0921796      0              4.0601482      15.702152     -3270.031     
    134400   238.63566      35.122146      25.607792      60.729939      7.9932326      6.9704134      0              3.6579412      16.500559     -327.38599    
    134500   263.87486      34.928592      28.31619       63.244783      7.583135       7.8789651      0              2.7510863      16.715406      669.29907    
    134600   242.81707      39.283265      26.056497      65.339762      9.6750661      8.9512021      0              3.451487       17.20551       827.32508    
    134700   244.49494      40.650886      26.236547      66.887433      13.203184      7.5116787      0              2.8229076      17.113116     -1851.1285    
    134800   213.38322      44.769661      22.897974      67.667635      8.6079284      13.061362      0              4.5435866      18.556783     -1284.705     
    134900   275.42923      38.608463      29.55608       68.164543      6.8751251      9.9430106      0              3.3045163      18.485811      2543.377     
    135000   273.45505      39.249537      29.344232      68.593769      6.7824744      9.570458       0              4.5330637      18.363541      2293.656     
    135100   262.66997      40.849991      28.186895      69.036886      9.5218686      9.3470048      0              4.830568       17.15055       2708.1334    
    135200   242.97961      43.139867      26.073939      69.213806      11.162951      10.400608      0              4.4747337      17.101575      981.93806    
    135300   267.69428      40.44331       28.726049      69.16936       10.691258      11.301236      0              2.09154        16.359277      1077.0814    
    135400   257.61898      41.418833      27.644876      69.063709      10.119626      10.070744      0              4.2570105      16.971452      2209.5924    
    135500   226.43052      44.609569      24.298069      68.907638      10.805543      13.047957      0              4.0547523      16.701316     -2428.9218    
    135600   257.80481      41.060986      27.664818      68.725805      11.222943      11.106065      0              3.1556655      15.576313     -3023.6103    
    135700   252.1226       41.31888       27.055064      68.373944      10.746265      9.6810772      0              4.5957398      16.295797     -1577.419     
    135800   216.93491      44.57007       23.279103      67.849173      14.481594      10.088736      0              4.1208281      15.878912     -990.64869    
    135900   241.0389       41.201601      25.865682      67.067284      15.207604      7.2079347      0              2.3883423      16.397721     -1651.9789    
    136000   264.47848      37.557907      28.380964      65.938871      11.730689      7.5761405      0              2.1014116      16.149666     -2324.3915    
    136100   212.29515      41.930419      22.781215      64.711634      8.9289439      11.999938      0              4.3583381      16.643199      2066.9973    
    136200   227.15236      38.954511      24.375529      63.33004       8.9030242      11.917655      0              2.2189581      15.914873     -806.50916    
    136300   229.99225      37.288533      24.680275      61.968808      10.097573      6.3429897      0              3.446038       17.401932      2194.6442    
    136400   201.46818      39.048319      21.619382      60.6677        9.729339       8.9138671      0              3.7563046      16.648808      598.60994    
    136500   252.23362      32.476226      27.066979      59.543204      6.6794641      7.7620869      0              2.1587249      15.87595       153.29968    
    136600   200.2271       37.395292      21.486202      58.881494      8.5698106      10.25903       0              2.0983436      16.468107      1751.7843    
    136700   185.92993      38.553944      19.951985      58.505929      8.784948       9.6500427      0              3.0184422      17.100511      2124.3334    
    136800   203.70249      36.685592      21.859144      58.544736      8.7227848      7.9345393      0              2.9323249      17.095943     -345.93772    
    136900   240.33999      33.321717      25.790683      59.112401      5.419503       7.6042826      0              3.6694623      16.62847       859.2504     
    137000   196.10197      39.473808      21.043538      60.517346      7.6272663      11.280431      0              2.8161978      17.749912     -1079.7133    
    137100   235.6966       37.767578      25.292404      63.059982      8.9243493      7.3951121      0              3.9745696      17.473547      50.335458    
    137200   262.31184      38.079288      28.148463      66.227751      11.794759      6.9639212      0              2.0101776      17.31043      -229.77267    
    137300   227.32519      44.328531      24.394076      68.722607      15.71739       7.804275       0              2.9677504      17.839116     -578.86525    
    137400   266.10132      41.742113      28.55511       70.297223      9.3834903      9.6260134      0              4.4693223      18.263287      700.65495    
    137500   282.96658      41.01944       30.364907      71.384347      8.6479614      13.625358      0              1.4873144      17.258806     -3594.9858    
    137600   257.30443      44.746066      27.611123      72.357189      11.879416      11.504128      0              2.9460754      18.416446     -1617.9399    
    137700   302.92881      40.499058      32.507037      73.006095      12.995054      8.8570315      0              2.1251156      16.521856     -4244.4069    
    137800   220.43206      49.467529      23.654379      73.121908      19.125478      10.232834      0              3.9131367      16.19608      -2014.229     
    137900   253.35522      45.745681      27.187336      72.933017      13.484531      9.0042184      0              4.3351978      18.921733      3983.4726    
    138000   262.74333      44.517493      28.194766      72.712259      12.504038      12.163867      0              1.4963979      18.353191      1622.1225    
    138100   288.83467      41.326351      30.994606      72.320957      9.9659655      10.459748      0              3.8436688      17.056968      565.72806    
    138200   287.07821      40.822653      30.806122      71.628775      10.910458      9.9926233      0              2.5439196      17.375652      1285.2075    
    138300   246.20438      44.038623      26.419985      70.458609      9.3243416      14.904488      0              2.4586093      17.351185      1426.5156    
    138400   217.92922      45.561625      23.385802      68.947427      8.7723261      16.861157      0              1.8252342      18.102907      1599.5553    
    138500   214.95878      44.303932      23.067047      67.370978      10.833295      12.957329      0              2.0346875      18.47862       1132.0588    
    138600   232.90008      40.760348      24.992313      65.752661      8.618996       11.169385      0              2.9597599      18.012207      1806.1697    
    138700   215.91299      41.142804      23.169442      64.312246      10.62512       9.903194       0              3.2690524      17.345438      3257.2239    
    138800   201.15295      41.402212      21.585554      62.987766      13.752146      7.1648712      0              3.6380033      16.847192      2504.6955    
    138900   214.83802      38.919298      23.054088      61.973386      7.5503268      11.801414      0              2.6597694      16.907788      1191.2021    
    139000   194.64583      40.406516      20.887281      61.293797      8.1212558      11.299435      0              4.3155994      16.670227      1611.6417    
    139100   218.68679      37.428394      23.467097      60.89549       6.7819323      11.024621      0              3.1514035      16.470437     -1185.5036    
    139200   236.13922      35.537332      25.339901      60.877234      6.3451274      8.0677368      0              4.0914188      17.033049      295.01696    
    139300   194.05429      40.668112      20.823803      61.491916      11.992265      9.1740601      0              2.7332252      16.768563     -2976.2535    
    139400   189.80719      42.646856      20.36805       63.014907      8.1376433      14.335023      0              2.8762217      17.297969     -2683.6515    
    139500   209.4783       43.621659      22.47894       66.100599      8.4599375      12.832793      0              4.8903052      17.438623      800.22924    
    139600   285.53384      38.976875      30.640397      69.617272      8.2838993      9.6124904      0              3.802041       17.278444     -185.4726     
    139700   284.254        41.776532      30.503059      72.279591      10.838267      9.4962034      0              2.7018497      18.740212      2774.8821    
    139800   329.48313      38.541956      35.356559      73.898515      10.361952      8.521666       0              3.5118248      16.146513     -740.75545    
    139900   288.66294      43.638633      30.976179      74.614812      7.4795431      15.042714      0              4.6582842      16.458092      143.50861    
    140000   316.99479      40.891003      34.016445      74.907448      11.352814      11.65055       0              1.2969303      16.590709      2157.6804    
    140100   330.43806      39.235518      35.459031      74.694549      10.055912      6.0476517      0              6.5481563      16.583798     -333.17553    
    140200   326.00836      38.85706       34.983683      73.840744      7.0154273      11.598954      0              3.6474528      16.595226      2572.2821    
    140300   252.72428      45.338005      27.119631      72.457636      13.980543      10.479578      0              4.5403363      16.337547      1052.7507    
    140400   243.28866      44.594382      26.107102      70.701484      13.500647      9.4382334      0              4.3468016      17.3087        827.85987    
    140500   259.17646      41.01674       27.812008      68.828749      11.584915      6.5764346      0              5.2761249      17.579266      2834.9123    
    140600   257.91983      39.406243      27.677161      67.083404      13.055624      7.1311733      0              3.5033031      15.716143     -3948.4013    
    140700   230.40593      40.837864      24.724667      65.562531      11.901029      8.0744119      0              3.6510118      17.211411     -1829.1875    
    140800   230.15209      39.765266      24.697428      64.462694      11.921473      5.6447395      0              4.618101       17.580953     -917.68895    
    140900   241.3455       37.865634      25.898583      63.764217      8.7733037      8.9684952      0              3.1406214      16.983213     -1170.5869    
    141000   276.00046      33.759106      29.617378      63.376484      8.9017027      4.9613386      0              2.8200476      17.076017     -128.15546    
    141100   235.02608      37.962898      25.220452      63.18335       9.9785902      7.3829724      0              4.166722       16.434613      700.11393    
    141200   195.05248      42.290119      20.930918      63.221037      10.795976      10.527628      0              4.6051371      16.361378     -1650.8306    
    141300   211.69946      40.822176      22.717292      63.539468      9.1288618      10.149881      0              4.7802094      16.763224      3736.5788    
    141400   211.92251      41.390105      22.741227      64.131332      9.750313       12.260513      0              3.6935357      15.685743      807.69598    
    141500   224.75001      40.917525      24.117735      65.035261      12.211919      8.8715466      0              3.7754097      16.05865      -48.619737    
    141600   281.55706      36.243607      30.213652      66.457259      10.506388      7.0775381      0              2.4534671      16.206214      2262.4442    
    141700   291.41346      37.55612       31.271334      68.827454      11.00111       7.2689646      0              3.0712322      16.214813      262.09633    
    141800   246.78225      45.831865      26.481996      72.313861      13.073399      10.728201      0              5.1726455      16.85762      -1576.6896    
    141900   227.39304      51.665346      24.401356      76.066702      17.432105      12.042639      0              5.2534438      16.937157     -2368.457     
    142000   329.5696       43.388049      35.365838      78.753886      9.4779155      10.435389      0              5.5039487      17.970795      806.70175    
    142100   308.99152      46.668347      33.157621      79.825969      13.436312      11.571885      0              5.6945413      15.965609     -4498.4       
    142200   320.99456      45.137261      34.445657      79.582918      13.600606      9.3229136      0              5.8759891      16.337751     -1816.6175    
    142300   335.51604      42.451518      36.003945      78.455463      10.300855      9.5518559      0              6.7466044      15.852202     -1781.5696    
    142400   280.7854       46.614554      30.130846      76.7454        11.362407      13.630907      0              4.740621       16.88062       279.38803    
    142500   279.69296      44.758323      30.013617      74.771939      11.131995      11.475144      0              5.5663338      16.58485       1692.6734    
    142600   266.73773      44.198383      28.623402      72.821786      8.4605735      12.414002      0              7.1554227      16.168385      90.312632    
    142700   238.93928      45.332812      25.640373      70.973185      10.781233      10.626069      0              7.9006895      16.024821      1201.3834    
    142800   243.10605      43.135695      26.087506      69.223201      8.0565781      12.258611      0              6.61562        16.204886      1066.8478    
    142900   237.08909      42.340475      25.441832      67.782307      9.3850868      9.8782966      0              6.9677828      16.109309      2638.9597    
    143000   279.1929       36.701345      29.959956      66.661301      8.1752928      8.9939611      0              3.5666189      15.965472      874.62401    
    143100   307.03437      32.999167      32.947601      65.946768      7.6744086      6.7808328      0              2.9936971      15.550229     -1583.8506    
    143200   251.69625      38.511398      27.009313      65.520711      7.7941348      9.783987       0              4.638177       16.295099      492.21384    
    143300   230.11021      40.637751      24.692934      65.330685      10.915654      7.6083394      0              5.3811275      16.732631     -1018.9042    
    143400   205.16253      43.239727      22.015819      65.255547      12.454943      10.008012      0              3.2315748      17.545198      1505.1197    
    143500   215.689        42.239145      23.145405      65.38455       10.56775       10.464222      0              3.6103844      17.596788     -184.94867    
    143600   223.19153      41.827779      23.950496      65.778275      10.68816       9.6760594      0              3.7960581      17.667501      1886.7105    
    143700   268.11462      37.656699      28.771156      66.427854      9.6885391      8.6241178      0              2.5758419      16.7682        778.65877    
    143800   276.9981       37.759586      29.724434      67.48402       9.6404966      7.7042422      0              3.8905089      16.524338      592.3139     
    143900   260.54405      41.002376      27.958764      68.96114       12.005954      11.033303      0              1.952324       16.010796     -1294.7316    
    144000   257.00989      43.242383      27.579516      70.821899      13.731063      9.0326346      0              5.1827736      15.295912     -3011.3935    
    144100   286.35871      42.522181      30.728913      73.251094      14.173845      7.9056263      0              3.4068581      17.035851      1939.6151    
    144200   239.37719      50.009266      25.687365      75.696631      18.169634      12.250349      0              2.0421301      17.547153      609.90192    
    144300   311.31103      44.374516      33.406526      77.781042      12.598078      10.742446      0              3.7657619      17.26823       4329.3689    
    144400   310.13893      45.845588      33.280749      79.126337      11.431648      13.779211      0              4.6184972      16.016231     -1338.8935    
    144500   336.23673      43.483208      36.081282      79.56449       10.090455      9.7595351      0              7.4214671      16.211751     -1169.3543    
    144600   261.87559      51.097427      28.10165       79.199077      13.798297      12.764661      0              7.0845165      17.449952     -211.09048    
    144700   290.18663      46.631474      31.139684      77.771158      12.335862      13.042663      0              6.1084329      15.144517     -3911.0764    
    144800   255.69853      47.92964       27.438794      75.368435      15.157288      12.48731       0              3.6204648      16.664578     -314.62769    
    144900   275.9647       42.522364      29.613541      72.135905      12.544094      9.3961365      0              3.8386103      16.743523     -1104.8695    
    145000   236.31479      43.92011       25.358742      69.278852      8.6645989      15.068048      0              2.7382137      17.449249     -580.00139    
    145100   211.58983      44.712888      22.705527      67.418416      14.697409      10.999892      0              3.2087697      15.806818     -333.49242    
    145200   285.42628      35.894725      30.628855      66.52358       9.2246427      8.0521883      0              2.9128837      15.705011     -1831.3646    
    145300   239.76657      40.365572      25.72915       66.094722      11.048942      8.9010134      0              4.2424404      16.173177     -1867.3732    
    145400   227.53522      41.539809      24.416614      65.956422      9.9337617      9.0076088      0              5.4879134      17.110525      773.9517     
    145500   240.33751      40.217277      25.790417      66.007694      9.1260004      8.814079       0              3.9230738      18.354124      1224.9658    
    145600   253.71288      39.138402      27.225717      66.364119      12.093766      8.028971       0              1.4351006      17.580564     -1272.5259    
    145700   257.69441      39.252625      27.652971      66.905596      8.9208259      7.1295244      0              4.7685379      18.433737      1709.0064    
    145800   230.85606      42.866299      24.772971      67.63927       11.728268      10.91043       0              3.5969654      16.630636      865.68078    
    145900   230.4449       43.814895      24.728849      68.543744      12.133886      10.982381      0              2.9162721      17.782356      2080.6853    
    146000   240.16703      43.84131       25.772122      69.613432      13.488674      8.4384165      0              3.822671       18.091548      2161.9694    
    146100   307.55833      37.749559      33.003827      70.753386      11.419563      7.1305474      0              2.3099917      16.889457     -2699.6434    
    146200   292.0057       40.546327      31.334887      71.881214      13.109322      8.7557576      0              1.6131274      17.06812      -967.02973    
    146300   318.23988      38.788046      34.150055      72.938101      10.846033      9.9864347      0              1.9947203      15.960858     -1616.3932    
    146400   276.76678      44.227874      29.699611      73.927485      11.29771       10.113074      0              4.9833543      17.833735      1294.8679    
    146500   284.51365      44.397084      30.530921      74.928006      13.236249      10.760961      0              2.9953337      17.404541     -650.94827    
    146600   280.42977      45.690944      30.092683      75.783627      16.796498      8.5763538      0              3.8255089      16.492583     -885.41208    
    146700   274.74416      46.847961      29.482566      76.330527      11.68345       9.9279969      0              7.3609785      17.875535      217.90454    
    146800   299.3216       44.239176      32.11995       76.359126      14.081643      10.446074      0              3.8525854      15.858873     -2248.7276    
    146900   283.83384      45.14037       30.457971      75.598341      12.925644      8.82174        0              5.3644113      18.028574      1432.1371    
    147000   286.26992      43.159266      30.719385      73.878651      14.600221      8.94229        0              3.1722244      16.44453      -850.93783    
    147100   262.94733      43.194097      28.216658      71.410754      14.132319      8.6204531      0              3.4265294      17.014795      1760.3322    
    147200   279.70297      38.685025      30.014691      68.699717      10.547761      7.5827575      0              2.9991943      17.555313      4928.0096    
    147300   256.46031      38.91388       27.520541      66.434421      10.446421      7.3506727      0              4.4475632      16.669223      3206.3197    
    147400   259.83798      36.805658      27.882996      64.688654      9.529934       6.2067675      0              4.2703506      16.798606      2507.665     
    147500   258.21748      35.774904      27.709102      63.484006      9.4716968      8.4286519      0              2.5904177      15.284137     -1806.8857    
    147600   213.36243      39.771353      22.895744      62.667096      13.189958      6.8471639      0              4.3612675      15.372963     -2668.1712    
    147700   231.35168      37.414925      24.826155      62.24108       12.229548      7.0241054      0              2.7671516      15.39412      -3758.9244    
    147800   216.34618      39.025257      23.215927      62.241184      8.5145173      9.9210258      0              3.7867011      16.803012      245.76134    
    147900   238.90292      37.000587      25.636472      62.637058      9.0842333      9.9251282      0              1.7409243      16.250301     -543.03798    
    148000   245.17485      37.093171      26.309508      63.402679      9.8757684      8.0464631      0              3.3829507      15.787989      204.3474     
    148100   271.91772      35.30688       29.179263      64.486143      9.4727442      6.2378228      0              3.8100945      15.786218      62.795228    
    148200   266.83         37.313852      28.633303      65.947156      9.1224159      8.7487253      0              3.5372327      15.905478      103.49433    
    148300   260.31659      39.850425      27.934355      67.78478       5.9283419      13.182613      0              3.9583701      16.7811        116.08113    
    148400   245.79572      43.509064      26.376133      69.885197      9.7944259      12.699743      0              4.4095967      16.605299      1802.8792    
    148500   273.85187      42.485361      29.386814      71.872175      15.308147      7.3608413      0              2.5706769      17.245696      1884.726     
    148600   268.59664      44.575175      28.82288       73.398055      14.055815      9.4817074      0              3.0043414      18.033311      860.7095     
    148700   269.41575      45.469094      28.910778      74.379872      12.682213      8.2394304      0              7.1809037      17.366546      5542.286     
    148800   240.42858      49.032306      25.800189      74.832495      15.510563      9.1486623      0              7.4764211      16.89666       2054.4657    
    148900   247.78761      48.252724      26.58988       74.842605      10.753244      15.053293      0              5.614377       16.831811      1548.1407    
    149000   277.34936      44.769756      29.762127      74.531884      12.83038       9.5386491      0              3.6544121      18.746316      3657.8123    
    149100   327.79425      38.828826      35.175326      74.004153      11.003443      8.074416       0              2.9157272      16.83524       118.48008    
    149200   261.58324      45.371956      28.070278      73.442234      13.945491      11.527521      0              3.1644662      16.734478      670.71796    
    149300   312.4274       39.302318      33.526323      72.828641      8.0828801      12.046245      0              2.2878137      16.885379     -1139.224     
    149400   268.30558      43.307006      28.791647      72.098653      17.033586      6.0911481      0              3.0178177      17.164455     -3306.3435    
    149500   260.74049      43.266871      27.979843      71.246714      10.738734      11.84659       0              4.4027209      16.278827     -1226.4165    
    149600   220.12835      46.807402      23.621788      70.42919       14.631672      12.488973      0              3.0341079      16.65265      -373.03109    
    149700   210.47184      47.234888      22.585556      69.820445      10.178246      15.600255      0              4.6618489      16.794539     -2714.6194    
    149800   224.55509      45.369138      24.096819      69.465957      11.041401      9.566717       0              6.3755177      18.385502     -1563.7549    
    149900   240.50758      43.517063      25.808667      69.32573       14.287821      7.4159732      0              4.4937069      17.319561     -1836.4586    
    150000   226.47021      44.897946      24.302328      69.200274      13.327104      10.211769      0              5.0020151      16.357057     -829.85905    
    150100   250.10454      42.117327      26.838509      68.955837      13.339776      9.4972297      0              3.2788514      16.00147      -2982.6484    
    150200   281.58395      38.312956      30.216538      68.529494      12.924814      5.8923318      0              2.6868995      16.808911     -2849.9732    
    150300   258.5371       40.128515      27.743399      67.871914      10.285296      7.9016021      0              4.1777011      17.763916      2032.2145    
    150400   206.90615      44.719408      22.202925      66.922333      10.853916      12.334007      0              3.1718746      18.359609      535.91327    
    150500   196.83777      44.578111      21.122496      65.700608      11.492877      10.075643      0              4.7742613      18.23533       1048.1354    
    150600   279.50108      34.214947      29.993026      64.207973      6.6750255      7.7628603      0              1.6672198      18.109841      325.79224    
    150700   236.93439      37.246477      25.425231      62.671708      9.4505126      5.5872191      0              4.6702183      17.538527      970.84955    
    150800   189.67898      40.853412      20.354293      61.207705      11.068997      8.0898905      0              4.5217778      17.172747      104.5626     
    150900   202.76353      38.245759      21.758385      60.004144      11.59888       6.8083111      0              3.4171611      16.421407     -1417.3745    
    151000   199.46146      37.742675      21.404042      59.146718      10.129772      7.8362617      0              3.4309843      16.345657      932.08484    
    151100   210.79598      36.104845      22.62034       58.725185      9.1967586      7.9529633      0              3.2195267      15.735597     -2098.9079    
    151200   185.04723      38.920902      19.857263      58.778165      12.602427      8.1324922      0              2.6626855      15.523297     -373.36427    
    151300   177.04694      40.37632       18.998759      59.375079      10.749964      10.176948      0              3.4545742      15.994834      637.87656    
    151400   248.28024      33.978631      26.642744      60.621375      6.8159498      7.5456988      0              3.7763927      15.840589      514.34206    
    151500   263.43697      34.438731      28.269201      62.707932      9.7399237      6.749515       0              2.3411803      15.608112     -666.34731    
    151600   243.46522      39.124551      26.126049      65.2506        9.9856403      9.4914876      0              2.9347826      16.712641      2519.2965    
    151700   235.17536      42.448321      25.23647       67.684792      12.351704      9.868955       0              3.5855355      16.642126      2140.1801    
    151800   238.18068      43.810721      25.558969      69.36969       14.656463      8.7965745      0              3.8729456      16.484738     -1586.9254    
    151900   295.04349      38.662248      31.66087       70.323118      9.8519419      9.222408       0              3.330826       16.257073      1506.0231    
    152000   283.73115      40.394163      30.446952      70.841115      13.402992      6.7125236      0              3.8632633      16.415384     -1064.4247    
    152100   221.92376      47.272592      23.814453      71.087045      15.097093      11.195156      0              2.7402239      18.240118      1354.6252    
    152200   257.50613      43.417387      27.632767      71.050154      11.423624      9.4152905      0              5.3667458      17.211727      1543.3702    
    152300   271.26077      41.776748      29.108766      70.885514      11.407167      9.560804       0              4.1823051      16.626472      916.83019    
    152400   271.961        41.396019      29.183907      70.579926      11.087772      10.662655      0              3.571652       16.07394       458.48652    
    152500   267.61382      41.36132       28.717415      70.078735      8.9416504      12.967993      0              2.6346092      16.817067      871.46941    
    152600   295.45328      37.665096      31.704844      69.369939      7.5005212      8.7479492      0              4.1973362      17.219289      2237.5524    
    152700   244.95476      42.156266      26.28589       68.442156      11.839705      9.5180381      0              4.190388       16.608135      1741.924     
    152800   223.33604      43.257099      23.966003      67.223102      8.8705346      13.349485      0              3.983892       17.053187      2210.5666    
    152900   295.19148      33.97898       31.676751      65.655731      6.6868789      7.525248       0              2.7391075      17.027746      1186.7652    
    153000   237.83601      38.534453      25.521983      64.056436      8.3840447      8.2959316      0              4.8325775      17.021899     -2901.2507    
    153100   178.52607      43.454089      19.157483      62.611572      11.82364       10.518438      0              4.4601462      16.651865     -1372.7629    
    153200   199.1866       39.974914      21.374547      61.34946       7.8579073      11.04378       0              4.0918117      16.981415     -1838.9831    
    153300   202.6161       38.610131      21.742564      60.352695      8.464502       8.4166966      0              4.5013698      17.227563     -296.83011    
    153400   211.17685      36.998201      22.661211      59.659412      9.0983466      7.7823277      0              3.5220716      16.595455     -1511.3659    
    153500   205.36887      37.337438      22.037962      59.375399      9.6521205      8.2951979      0              3.1203621      16.269757     -1717.7657    
    153600   219.13241      36.004958      23.514915      59.519873      8.4332696      8.555576       0              3.2067873      15.809325     -1361.1999    
    153700   211.83186      37.600832      22.731499      60.332332      7.794626       10.473609      0              3.2972681      16.035329     -1472.0598    
    153800   214.88094      38.986165      23.058694      62.044858      12.405498      6.2402364      0              4.4509199      15.889511     -97.213733    
    153900   209.3105       42.12695       22.460935      64.587884      9.5969501      11.882799      0              4.7029036      15.944297     -1072.9889    
    154000   224.03141      43.503492      24.040622      67.544115      10.142281      12.885862      0              4.6561843      15.819165     -163.94987    
    154100   231.25788      45.193943      24.81609       70.010032      13.444706      13.157604      0              2.5844027      16.00723      -304.16615    
    154200   272.63897      42.543887      29.256659      71.800546      10.812455      11.160437      0              3.1692381      17.401756      1595.6221    
    154300   238.30953      47.44229       25.572796      73.015086      14.260316      13.458617      0              2.30642        17.416937      510.57139    
    154400   259.02912      45.971524      27.796197      73.767721      12.28887       13.099816      0              3.2843976      17.29844      -182.47456    
    154500   279.14999      44.175865      29.955351      74.131217      12.041788      12.508648      0              3.3562717      16.269158      1287.1975    
    154600   284.5471       43.505005      30.534511      74.039515      11.677641      10.455482      0              3.9767309      17.395151      1915.0652    
    154700   271.88236      44.387119      29.175468      73.562588      12.033149      11.032972      0              3.4082293      17.912769      3474.4735    
    154800   244.43355      46.361         26.22996       72.59096       14.447822      13.716148      0              2.139278       16.057752      675.07819    
    154900   260.51028      43.210685      27.95514       71.165826      12.593962      12.276778      0              1.9279955      16.41195       515.81931    
    155000   249.69558      42.693945      26.794624      69.488568      12.182615      10.757107      0              3.0976168      16.656606      594.2393     
    155100   238.01397      42.13253       25.541079      67.673609      10.517258      11.630799      0              3.2851918      16.699281      206.89563    
    155200   241.64675      40.056879      25.930911      65.98779       10.652449      11.640055      0              2.2751307      15.489244     -2105.098     
    155300   247.59048      38.011474      26.568727      64.580201      9.431141       8.9538645      0              4.2069032      15.419566     -165.36141    
    155400   246.94748      36.945165      26.499727      63.444892      10.6875        8.0174084      0              2.1121465      16.12811      -1186.592     
    155500   183.2799       42.935885      19.667612      62.603497      11.465884      10.225385      0              4.5234972      16.721119      1766.4024    
    155600   223.60768      38.0531        23.995153      62.048253      10.955729      6.6062927      0              2.5716613      17.919417      1955.081     
    155700   209.83763      39.410066      22.5175        61.927566      11.622799      8.7503019      0              2.2843771      16.752589     -2006.6164    
    155800   198.11191      41.018967      21.259222      62.278189      10.473008      10.618921      0              2.8195681      17.10747      -1761.5553    
    155900   226.24152      38.825836      24.277787      63.103624      9.5223867      8.1662546      0              3.4528327      17.684362     -131.00719    
    156000   271.90478      35.235874      29.177874      64.413748      8.5806467      5.6460928      0              2.827612       18.181523     -628.13388    
    156100   237.14816      40.850666      25.44817       66.298836      10.866694      7.426778       0              5.5319695      17.025224     -1301.9318    
    156200   230.88774      43.796152      24.77637       68.572522      14.277976      7.7609158      0              5.3430076      16.414253     -1648.7536    
    156300   234.22361      45.539802      25.134339      70.674141      14.239872      7.8100248      0              6.0721434      17.417762     -270.28712    
    156400   267.00325      43.299303      28.651895      71.951199      12.02658       9.9875229      0              4.3593737      16.925827     -1866.2375    
    156500   256.23521      44.846646      27.496385      72.343031      11.047618      11.972395      0              4.2986816      17.527952     -885.38641    
    156600   267.77571      43.640416      28.734787      72.375204      13.266772      10.008048      0              3.800245       16.565351     -2022.1688    
    156700   291.52437      41.046809      31.283236      72.330044      10.995206      9.4121929      0              2.6107549      18.028655      1461.6344    
    156800   260.39813      44.231482      27.943105      72.174587      14.659796      7.8347033      0              3.1609314      18.576051     -551.62621    
    156900   266.06609      43.29574       28.551329      71.847068      12.466714      9.5935428      0              4.361871       16.873612     -396.38866    
    157000   259.48399      43.391743      27.84501       71.236752      14.702545      7.3039519      0              4.9017458      16.4835       -2711.2588    
    157100   275.39502      40.819819      29.552409      70.372228      10.901399      9.4017904      0              3.6139153      16.902715      80.717826    
    157200   250.43937      42.489307      26.874439      69.363746      10.881497      10.632312      0              3.1392085      17.83629      -988.23256    
    157300   229.64721      43.656449      24.643249      68.299698      11.567671      10.513784      0              4.7392578      16.835736     -1031.0581    
    157400   253.57449      39.928076      27.210866      67.138942      12.342442      6.6009881      0              4.6005282      16.384118     -768.17013    
    157500   276.20604      36.265334      29.639439      65.904772      8.2787654      7.7100849      0              3.9564003      16.320083      1149.5171    
    157600   263.26123      36.501411      28.250342      64.751753      9.2677197      7.0489543      0              4.2441008      15.940636     -610.91253    
    157700   189.86164      43.484218      20.373894      63.858111      12.278681      10.238015      0              4.117627       16.849895      132.00239    
    157800   205.67165      41.175726      22.070453      63.246179      10.504401      9.898193       0              4.5360156      16.237117      157.05663    
    157900   223.8514       38.888483      24.021306      62.909789      9.7046188      7.5728287      0              5.0223374      16.588698      2469.5747    
    158000   211.64105      40.24902       22.711024      62.960044      13.407723      8.8826586      0              1.551731       16.406908     -292.03988    
    158100   221.21056      39.765014      23.73792       63.502934      12.116515      8.2061663      0              2.751286       16.691047      1864.4439    
    158200   221.39538      40.873196      23.757752      64.630948      14.417301      7.5619478      0              3.0288537      15.865094     -1271.723     
    158300   237.84169      40.976545      25.522592      66.499137      11.680363      9.4237937      0              3.9356494      15.936738      412.86402    
    158400   224.46416      44.97534       24.087061      69.062401      15.486104      9.8414068      0              3.0568907      16.590938      746.09827    
    158500   238.59967      46.226547      25.603931      71.830478      12.973761      11.025771      0              6.0267838      16.200231      1476.7335    
    158600   321.26828      39.755557      34.47503       74.230588      8.6177244      9.1646994      0              5.625019       16.348115     -712.32943    
    158700   304.69178      43.165056      32.69622       75.861276      13.171072      11.012041      0              2.2451104      16.736833     -1807.6954    
    158800   246.21477      50.263382      26.4211        76.684482      19.645056      10.292642      0              3.3060384      17.019646      84.697554    
    158900   257.85131      48.936621      27.669808      76.606429      17.73779       11.347469      0              3.5821256      16.269237      1249.3164    
    159000   301.03242      43.347826      32.303536      75.651363      13.913373      7.6595495      0              5.1285124      16.646391     -362.83439    
    159100   271.09361      45.079294      29.090828      74.170122      10.917021      10.978149      0              6.5329338      16.651191      377.84878    
    159200   260.36081      44.758249      27.939101      72.69735       12.691178      11.561386      0              3.7605413      16.745144     -403.53215    
    159300   273.20533      42.077351      29.317435      71.394787      11.76448       10.442079      0              3.4301267      16.440666      171.91839    
    159400   284.45622      39.741833      30.524759      70.266592      10.744481      10.102425      0              2.0615431      16.833384      154.54235    
    159500   281.2196       38.984595      30.17744       69.162035      11.163673      8.8602059      0              2.3233839      16.637332      1477.7171    
    159600   215.87486      45.010456      23.165351      68.175806      17.954999      7.6172431      0              2.7039219      16.734292     -512.40463    
    159700   227.88666      43.024089      24.454327      67.478416      12.75551       10.761309      0              2.6109152      16.896354      1323.536     
    159800   255.23219      39.765445      27.388752      67.154198      10.158996      9.5342809      0              2.4750393      17.597129     -601.17242    
    159900   225.40263      43.002461      24.187768      67.190229      10.508634      15.202199      0              0.81266777     16.47896      -3455.4861    
    160000   236.17403      42.147478      25.343637      67.491115      14.330988      9.3764338      0              1.7557126      16.684343     -230.30993    
    160100   269.86355      38.904171      28.958831      67.863002      12.39056       7.8792783      0              1.8994109      16.734922     -2100.2114    
    160200   273.78329      38.774181      29.379456      68.153636      11.456371      7.8929751      0              2.3295433      17.095291      1706.6097    
    160300   222.96586      44.355165      23.926279      68.281444      14.583115      9.7305861      0              2.853031       17.188433      1069.0559    
    160400   232.42991      43.329459      24.941859      68.271318      11.72485       12.994872      0              3.4786672      15.131069     -2152.9785    
    160500   289.97664      37.247157      31.11715       68.364307      8.0415977      9.2943088      0              3.0570045      16.854246     -53.715417    
    160600   254.60812      41.252607      27.321784      68.574391      10.219989      12.062243      0              1.4900921      17.480283      1711.1867    
    160700   235.38938      43.498364      25.259437      68.757802      13.803204      10.367055      0              3.1239023      16.204203     -1205.3883    
    160800   243.42057      42.756048      26.121257      68.877306      13.1269        10.763424      0              1.74188        17.123844      1281.3657    
    160900   257.32315      41.349641      27.613131      68.962772      12.566067      9.458044       0              2.2735933      17.051937      2483.7559    
    161000   227.97717      44.470912      24.464039      68.934951      13.555024      9.4495523      0              3.971698       17.494638      2119.0942    
    161100   237.36327      43.380093      25.471253      68.851347      12.912504      10.007844      0              3.3275035      17.132242      2684.5526    
    161200   245.85379      42.26662       26.382364      68.648984      9.6896372      12.7023        0              3.5346101      16.340073      1630.0074    
    161300   255.42322      41.01331       27.409251      68.422562      9.8048402      9.7905573      0              4.5306194      16.887294      2551.6756    
    161400   218.76004      44.733257      23.474957      68.208214      14.514969      7.8800547      0              5.7402545      16.597979      2443.5722    
    161500   242.04486      41.694232      25.973631      67.667862      13.258075      9.4820738      0              2.3537059      16.600378     -562.0732     
    161600   244.40115      40.446385      26.226482      66.672867      12.000829      9.2844068      0              2.7337985      16.42735       734.76699    
    161700   209.95293      42.997936      22.529873      65.52781       12.070953      11.169967      0              3.3333361      16.42368      -187.69878    
    161800   230.39915      39.85356       24.72394       64.5775        9.279524       9.842876       0              3.6824924      17.048668     -1060.0172    
    161900   236.24395      38.587523      25.351141      63.938664      10.738597      8.8835892      0              2.3296957      16.635642     -1764.6002    
    162000   241.707        37.667788      25.937375      63.605163      10.007707      8.9231157      0              2.0277928      16.709173      480.23376    
    162100   241.76834      37.582628      25.943958      63.526586      10.651056      5.8841531      0              3.9801452      17.067274     -804.64526    
    162200   197.76388      42.49784       21.221876      63.719716      12.555049      9.884368       0              2.9277638      17.13066      -1469.2021    
    162300   177.63338      45.237164      19.061689      64.298853      11.658357      11.74544       0              5.4062941      16.427072     -2275.7169    
    162400   246.5896       38.854764      26.461323      65.316087      10.643523      8.3489321      0              4.5590699      15.303238     -4691.2357    
    162500   241.92616      40.823281      25.960893      66.784174      11.93611       7.1991477      0              4.7494263      16.938597     -1754.2547    
    162600   267.87941      39.622716      28.745915      68.36863       11.479393      8.5463674      0              3.5541489      16.042806     -1587.4416    
    162700   294.80188      38.231141      31.634943      69.866083      11.551196      5.1337106      0              5.1708025      16.375431     -602.33803    
    162800   297.59352      39.272145      31.934511      71.206656      10.793392      5.0457848      0              7.1335016      16.299466      267.42401    
    162900   273.05081      42.907877      29.300853      72.20873       12.699896      8.0940383      0              5.5560191      16.557923     -1953.4554    
    163000   258.12518      45.244075      27.699197      72.943272      12.392753      9.2477354      0              6.6432481      16.960338     -557.06495    
    163100   306.36309      40.501111      32.875566      73.376677      10.402105      8.9796568      0              4.8740786      16.24527      -1573.8837    
    163200   334.78881      37.660493      35.925907      73.5864        9.1861914      5.4151085      0              6.2344379      16.824755     -1304.1044    
    163300   293.46262      41.96736       31.491228      73.458588      11.76963       7.5925623      0              4.6815169      17.92365       835.37507    
    163400   227.34351      48.486061      24.396042      72.882103      15.705077      11.612957      0              3.1059866      18.06204       2815.6288    
    163500   277.55134      41.914766      29.783802      71.698567      13.51635       6.5287427      0              4.5218886      17.347784      707.02339    
    163600   276.15088      40.144029      29.633519      69.777548      10.879175      8.4807317      0              4.3539002      16.430222     -4435.01      
    163700   205.33214      45.465573      22.034019      67.499592      18.653128      5.5200316      0              2.658638       18.633775      4248.602     
    163800   185.85492      45.248409      19.943936      65.192345      14.212319      7.5286526      0              4.8393453      18.668093      419.0001     
    163900   226.31607      39.094022      24.285788      63.37981       7.5516241      8.6203144      0              4.9283997      17.993684      593.56579    
    164000   213.67165      39.530545      22.928926      62.459472      10.470904      8.1880551      0              2.6458387      18.225747      377.02622    
    164100   214.89892      39.03816       23.060623      62.098783      12.40112       6.0679385      0              2.4635741      18.105527      1494.2959    
    164200   192.98002      41.509908      20.708525      62.218432      12.408069      7.5326751      0              4.0359174      17.533246      527.37988    
    164300   213.75237      39.692736      22.937588      62.630324      11.948056      5.8141706      0              4.2120309      17.718478     -217.86019    
    164400   223.25053      39.365502      23.956827      63.322329      8.2931205      9.7814757      0              4.2156926      17.075213      792.52036    
    164500   209.25949      41.81041       22.45546       64.265871      10.720008      10.074506      0              4.1499786      16.865918     -3273.5301    
    164600   239.93037      39.640748      25.746727      65.387475      12.26632       7.4797228      0              3.3548417      16.539864     -1981.5876    
    164700   236.00557      41.283684      25.32556       66.609244      12.128305      9.4811752      0              2.9402297      16.733974     -780.83622    
    164800   258.34765      40.018017      27.723069      67.741087      15.494158      5.5623933      0              1.9592021      17.002263     -1747.5197    
    164900   257.03059      40.986534      27.581737      68.568271      12.742882      7.5312875      0              3.3812299      17.331135     -578.89852    
    165000   269.2035       40.18535       28.888002      69.073352      10.516553      8.7669224      0              3.202187       17.699688      1252.1481    
    165100   270.40616      40.407507      29.017059      69.424566      9.1367858      11.641159      0              2.6921567      16.937406      704.34021    
    165200   230.21897      45.005826      24.704605      69.710431      12.993697      10.490878      0              4.9109943      16.610256     -431.98587    
    165300   279.53322      39.748242      29.996476      69.744717      12.76692       8.0543223      0              1.9585942      16.968405      3349.7474    
    165400   302.05896      37.211655      32.413694      69.625349      9.6906141      8.8142987      0              3.4842695      15.222472     -897.5674     
    165500   250.3925       42.553459      26.86941       69.422869      12.427086      12.144739      0              2.3471222      15.634512     -429.86946    
    165600   247.8661       42.60465       26.598304      69.202954      12.96864       9.5499105      0              3.4527281      16.633372      2037.364     
    165700   272.41104      39.750258      29.232201      68.982459      9.5762348      9.6668123      0              4.9633023      15.543909      828.06125    
    165800   219.66934      45.036326      23.572533      68.608859      11.437555      10.995951      0              7.4645002      15.138319     -147.45572    
    165900   264.49019      39.703298      28.382221      68.085519      7.2968823      9.5079078      0              6.8169033      16.081604      939.23789    
    166000   271.22529      38.390115      29.104958      67.495074      8.78979        9.5980188      0              3.7388841      16.263423     -709.00042    
    166100   252.63364      39.795969      27.109904      66.905873      12.120213      7.8567349      0              3.6003332      16.218689     -1759.2672    
    166200   238.75498      40.605297      25.620597      66.225894      11.474134      8.223763       0              5.3374459      15.569954     -1602.5811    
    166300   232.16425      40.51822       24.913351      65.431571      9.34971        7.7099814      0              6.9480828      16.510445     -595.71308    
    166400   220.55984      40.879238      23.668091      64.547329      11.460781      8.2198054      0              4.194895       17.003757      378.74419    
    166500   249.07755      36.829542      26.728304      63.557846      9.8503757      5.0743354      0              4.6584426      17.246389      1055.6505    
    166600   237.17235      37.162662      25.450766      62.613429      8.8094052      8.9369975      0              3.238547       16.177713      3317.3529    
    166700   177.68379      42.750623      19.067099      61.817721      15.453456      8.9039176      0              3.196446       15.196803     -438.84797    
    166800   226.19294      36.910244      24.272575      61.182819      10.551167      8.2929574      0              1.4759617      16.590157      2222.0905    
    166900   230.23422      36.17147       24.706242      60.877712      9.2583806      7.4685686      0              3.8001604      15.64436      -148.99147    
    167000   200.6739       39.512845      21.534148      61.046993      8.8860891      11.686582      0              2.162465       16.777708      1736.7652    
    167100   204.00339      39.82544       21.891433      61.716873      8.6394163      10.396966      0              4.0972645      16.691793      2080.0101    
    167200   217.09844      39.704012      23.296651      63.000663      9.9424945      8.2452864      0              3.2017432      18.314488      1312.3721    
    167300   226.60667      40.550845      24.316972      64.867817      7.4078584      12.005952      0              3.6282001      17.508834      1078.6533    
    167400   233.61561      42.213805      25.069096      67.282901      17.465208      5.5682159      0              3.0649406      16.115441     -122.53255    
    167500   220.87408      45.847954      23.701813      69.549767      14.34783       11.756594      0              3.3432655      16.400264      426.13206    
    167600   259.08982      43.492818      27.802711      71.295529      16.845798      7.5450914      0              3.0347082      16.06722      -340.34434    
    167700   294.93886      40.831856      31.649642      72.481498      11.337736      8.6283372      0              4.0467536      16.819029     -1047.3665    
    167800   246.06666      46.914943      26.405207      73.32015       17.597196      10.32581       0              3.0149164      15.977021     -4451.6289    
    167900   286.20733      42.947698      30.712668      73.660366      10.905163      13.399027      0              2.671076       15.972432     -3183.4873    
    168000   345.43666      36.46115       37.068518      73.529668      7.6045953      7.0215903      0              5.7751669      16.059798     -589.04405    
    168100   302.29812      40.529843      32.439358      72.969201      13.29878       7.0136047      0              3.148481       17.068977     -357.40463    
    168200   248.50837      45.262691      26.667225      71.929916      16.578754      6.3627674      0              5.5402209      16.780948      648.94232    
    168300   253.54094      43.283887      27.207266      70.491153      13.347253      7.5560257      0              5.8558412      16.524768      469.83912    
    168400   231.70121      43.935659      24.863663      68.799321      14.43699       7.8243645      0              5.157139       16.517165      187.59844    
    168500   248.0816       40.468244      26.621428      67.089673      10.66531       9.2844091      0              3.6428297      16.875695      2743.401     
    168600   251.17792      38.719626      26.953692      65.673319      9.8509487      7.4034399      0              3.755897       17.709341      1710.6337    
    168700   210.1784       42.094706      22.554068      64.648774      9.8891217      10.671525      0              4.6493969      16.884663      3047.1944    
    168800   240.4892       38.245794      25.806694      64.052488      10.026212      7.5411449      0              3.2838076      17.394629      1875.5531    
    168900   265.08277      35.359784      28.44581       63.805594      7.8643516      9.424271       0              1.549064       16.522098      91.325917    
    169000   235.03533      38.635045      25.221444      63.856489      8.9126474      9.1411618      0              4.2365991      16.344637     -198.54023    
    169100   221.5353       40.327859      23.772767      64.100626      13.128163      9.6326544      0              2.2248077      15.342233     -1822.4514    
    169200   246.74147      37.958273      26.477621      64.435894      9.7430004      9.7404264      0              2.8318595      15.642987     -2270.7285    
    169300   231.53772      40.088398      24.846119      64.934516      13.711299      6.8181378      0              3.5750478      15.983913     -1946.9309    
    169400   224.81566      41.413328      24.12478       65.538108      13.685142      9.6598335      0              2.0159864      16.052365     -870.22789    
    169500   213.87885      43.233405      22.95116       66.184564      11.757519      12.343268      0              3.7414437      15.391174     -3414.118     
    169600   233.27169      41.842252      25.03219       66.874442      14.727367      8.8706752      0              2.4391514      15.805058     -285.36962    
    169700   225.62171      43.277703      24.211276      67.488979      15.15179       5.9166763      0              6.3442118      15.865025      238.27013    
    169800   213.58158      45.129296      22.91926       68.048556      11.511545      13.945095      0              4.1956565      15.477        -2275.0636    
    169900   243.58128      42.42647       26.138502      68.564973      10.657291      11.217519      0              4.0367716      16.514889      1283.8666    
    170000   248.74533      42.389927      26.692653      69.08258       11.585919      10.148828      0              4.7632586      15.891921     -3916.4481    
    170100   262.41269      41.567653      28.159286      69.726939      10.310853      7.9228935      0              6.4341091      16.899797     -1476.9146    
    170200   259.67529      42.615201      27.865538      70.480739      14.764644      7.1718967      0              4.1388102      16.53985      -710.69215    
    170300   249.39064      44.446283      26.7619        71.208183      11.574842      9.7589338      0              5.9657579      17.146749      1375.6957    
    170400   265.22323      43.414172      28.460883      71.875054      12.298224      9.7903557      0              4.3468886      16.978704      1602.1653    
    170500   237.88037      47.068894      25.526743      72.595637      10.54435       12.307255      0              7.8207081      16.39658       391.64141    
    170600   282.10714      43.06494       30.272681      73.33762       9.503018       10.037655      0              6.8826039      16.641663      3027.4897    
    170700   273.42555      44.786423      29.341067      74.12749       12.827105      10.01772       0              6.1428078      15.798791     -1575.6751    
    170800   253.97992      47.640748      27.254372      74.89512       17.866932      9.9464283      0              3.0456415      16.781747      367.00797    
    170900   292.44787      44.099659      31.382335      75.481994      12.811142      10.739993      0              3.3297944      17.218729     -545.33552    
    171000   234.61283      50.633305      25.176106      75.809411      12.974874      13.062254      0              6.5693738      18.026804      1910.3404    
    171100   351.40363      37.960121      37.708829      75.66895       7.6943281      7.6001377      0              4.4359453      18.22971       1492.3362    
    171200   320.88114      40.639608      34.433486      75.073094      11.222253      9.2202408      0              3.5728689      16.624246     -639.80916    
    171300   273.57024      44.594379      29.356593      73.950973      14.037639      9.9549853      0              3.3811713      17.220584     -836.66643    
    171400   238.06157      46.837743      25.546188      72.383931      12.745013      9.4146494      0              6.8990292      17.779052      2108.1004    
    171500   245.22716      44.166066      26.315121      70.481188      11.269504      8.0614979      0              7.2078361      17.627228      2243.4991    
    171600   252.86144      41.535994      27.134349      68.670342      10.121998      9.459227       0              5.2194064      16.735363     -1399.0797    
    171700   249.66939      40.251109      26.791813      67.042921      11.43081       8.4522293      0              4.0039187      16.36415      -205.53593    
    171800   272.68554      36.544071      29.261656      65.805727      10.614765      4.0788412      0              4.3773014      17.473164      1221.4869    
    171900   221.94205      41.10379       23.816415      64.920206      10.980857      8.0700901      0              5.4067674      16.646076      216.4084     
    172000   199.71366      42.897566      21.431106      64.328672      12.389244      8.6374759      0              6.6153768      15.25547      -8.3050456    
    172100   250.1792       37.049706      26.846521      63.896226      8.8129564      6.8288309      0              5.1008228      16.307096      1.4922441    
    172200   252.12547      36.714633      27.055373      63.770006      9.58821        7.7044086      0              2.7333146      16.688699      794.85514    
    172300   240.51457      38.12029       25.809417      63.929707      9.3201037      7.2254681      0              5.0161896      16.558528      199.67307    
    172400   188.45313      44.19164       20.222747      64.414387      10.542879      11.048128      0              6.0038917      16.596741      905.0218     
    172500   232.61677      40.292197      24.961911      65.254108      11.583987      8.0084839      0              4.556063       16.143663     -2151.2188    
    172600   291.57776      35.526903      31.288965      66.815868      6.9576561      5.9175616      0              6.2398539      16.411831     -505.5064     
    172700   238.63079      43.826096      25.60727       69.433366      13.896368      6.1500369      0              7.5753058      16.204386      90.735055    
    172800   251.20349      45.651796      26.956436      72.608232      12.771214      8.277051       0              8.3731901      16.230342     -1836.8764    
    172900   247.70161      48.830402      26.580652      75.411054      17.158188      12.066314      0              3.2784447      16.327455     -176.24868    
    173000   257.93368      49.622614      27.678647      77.301261      14.524296      13.857959      0              5.7473006      15.493059     -2174.6858    
    173100   259.13432      50.521145      27.807486      78.328631      11.976314      15.049334      0              7.3252016      16.170294      2144.1456    
    173200   269.16382      49.544506      28.883744      78.42825       14.416688      12.10174       0              7.1885347      15.837544     -2116.6822    
    173300   336.09024      41.733781      36.065562      77.799343      10.039168      7.9160425      0              7.2327687      16.545802      120.79744    
    173400   285.80895      45.95787       30.669919      76.627789      14.812129      8.8111563      0              5.1803647      17.15422       1986.5587    
    173500   247.5952       48.549231      26.569233      75.118464      13.813396      9.8780242      0              7.8341138      17.023697      848.90277    
    173600   276.12935      43.890199      29.631209      73.521408      11.015452      7.5981986      0              8.0877969      17.188751      138.43243    
    173700   267.52463      43.451798      28.707844      72.159642      9.4443456      10.672409      0              4.936175       18.398868      533.17417    
    173800   283.56425      40.547248      30.429042      70.97629       8.6496727      11.496595      0              3.4118174      16.989163     -1460.207     
    173900   249.31818      43.261671      26.754125      70.015796      12.109567      9.5725945      0              4.2534157      17.326093      299.77088    
    174000   309.41909      36.042677      33.203503      69.24618       7.4717118      7.1731745      0              4.9291663      16.468625      336.80309    
    174100   271.03252      39.59832       29.084272      68.682593      9.6491558      7.0444375      0              6.623356       16.281371     -2520.97      
    174200   258.30175      40.564979      27.718145      68.283123      11.242446      7.9330963      0              4.4294955      16.95994       2608.0788    
    174300   227.13935      43.628057      24.374133      68.00219       12.131364      9.3520755      0              5.8300072      16.31461       1759.7164    
    174400   242.38776      41.888262      26.010428      67.89869       11.769694      8.362389       0              5.5302893      16.22589       1010.8674    
    174500   235.57765      42.666342      25.27964       67.945982      11.307406      11.065754      0              4.2919902      16.001193     -493.63593    
    174600   203.14444      46.294742      21.79926       68.094002      13.727275      11.503268      0              4.1237138      16.940486      1392.7989    
    174700   240.10592      42.529709      25.765565      68.295275      11.958442      8.8731659      0              5.4951021      16.203        -84.532308    
    174800   271.19302      39.366217      29.101495      68.467713      10.149912      7.5444917      0              4.8681683      16.803645      3474.2794    
    174900   254.79787      41.332666      27.342146      68.674812      12.594014      8.6894939      0              3.915695       16.133463     -550.54859    
    175000   295.04082      37.196428      31.660583      68.85701       9.6246598      8.3707989      0              2.9216718      16.279297      1044.0012    
    175100   250.9394       42.273635      26.928097      69.201732      11.312058      7.6206067      0              7.4834564      15.857514      846.84198    
    175200   253.15893      42.514756      27.166272      69.681029      12.832818      9.4788836      0              3.3218458      16.881209      1262.8114    
    175300   220.23921      46.976504      23.633685      70.61019       14.296075      7.944741       0              6.9782607      17.757427      3978.8699    
    175400   264.81693      43.621855      28.417282      72.039137      12.426456      8.0185628      0              5.4212503      17.755586      1664.9158    
    175500   292.91943      42.407657      31.432939      73.840595      7.892851       10.634386      0              6.2296166      17.650803      1016.9946    
    175600   323.26885      41.01511       34.689709      75.704819      11.588713      9.2910332      0              3.1755135      16.959851      1244.1854    
    175700   268.41149      48.374919      28.803012      77.177931      12.410769      14.494171      0              5.4410795      16.0289       -2003.6418    
    175800   304.22999      45.500515      32.646665      78.14718       11.589814      10.125026      0              6.5775312      17.208143      573.73163    
    175900   290.71217      47.356897      31.196079      78.552977      13.143747      11.539501      0              5.9430814      16.730568      881.63103    
    176000   268.09009      49.430543      28.768523      78.199066      14.109565      10.618533      0              8.1134797      16.588965      890.75644    
    176100   282.38051      46.685494      30.302016      76.98751       16.684966      9.6116981      0              4.2153063      16.173524      1357.9056    
    176200   303.18653      42.304244      32.534692      74.838937      10.822887      9.4650763      0              5.1788871      16.837394      812.62131    
    176300   291.66523      41.045135      31.298351      72.343486      14.578751      8.7676388      0              1.6478253      16.05092      -3959.1411    
    176400   248.93261      43.263043      26.712749      69.975793      11.055444      13.310129      0              2.8613206      16.036149     -2711.51      
    176500   256.13139      40.615199      27.485245      68.100444      12.71222       8.2553542      0              3.5154677      16.132157     -4022.6607    
    176600   203.59045      44.899377      21.847121      66.746497      12.17862       10.677608      0              7.1914689      14.851681     -6682.6052    
    176700   239.05926      40.188249      25.653249      65.841498      10.872737      10.318599      0              1.8560579      17.140855      831.1875     
    176800   214.47882      42.22299       23.015542      65.238533      13.842492      7.2020349      0              3.8428382      17.335625      1985.5525    
    176900   247.07464      38.307184      26.513372      64.820557      8.6892886      10.014565      0              2.8716772      16.731653     -805.40529    
    177000   261.37486      36.636296      28.047918      64.684213      8.3195346      8.2805253      0              2.6685827      17.367653      2814.8009    
    177100   212.90193      41.957949      22.846328      64.804277      12.183103      10.03943       0              4.2658643      15.469552     -321.239      
    177200   218.49643      41.71922       23.446669      65.165889      9.1077516      11.774138      0              4.9297604      15.90757      -654.9106     
    177300   240.47992      39.97835       25.805698      65.784049      10.163826      8.1965674      0              5.5749976      16.042959      467.91106    
    177400   249.02378      39.993219      26.722533      66.715752      9.7615877      8.8764626      0              3.6433477      17.711821      2214.2128    
    177500   233.55548      42.943763      25.062642      68.006405      12.509177      9.6034827      0              3.3677804      17.463323     -674.2671     
    177600   243.04761      43.577786      26.081236      69.659022      9.6787582      12.104253      0              3.7099941      18.084781     -1476.4151    
    177700   282.94919      41.461722      30.36304       71.824762      7.7612594      13.965483      0              2.0047302      17.730249     -229.64581    
    177800   280.31764      44.529663      30.080651      74.610315      8.8821008      13.933244      0              4.4548605      17.259458     -2178.1487    
    177900   314.9042       43.869828      33.792105      77.661933      13.067217      8.4168174      0              6.5040958      15.881698     -2185.3538    
    178000   285.74987      49.382432      30.663579      80.04601       20.285858      7.8747199      0              5.4057906      15.816063     -1194.9148    
    178100   283.54583      50.624375      30.427065      81.05144       14.660919      11.31682       0              7.8929889      16.753647     -301.2459     
    178200   310.71644      47.591615      33.342721      80.934335      15.067201      11.167381      0              4.2575937      17.099438      1058.9949    
    178300   260.99062      52.029678      28.006685      80.036363      14.244268      14.841793      0              6.2400412      16.703576      1804.5685    
    178400   304.52619      45.988061      32.67845       78.666511      15.603021      10.687558      0              4.1586185      15.538862     -1843.0176    
    178500   252.62628      50.084508      27.109114      77.193623      12.338729      15.675505      0              6.0424539      16.02782      -31.492563    
    178600   323.8229       40.999235      34.749164      75.748399      10.482079      9.4052125      0              5.1415281      15.970415      2048.8567    
    178700   267.98596      45.734411      28.757349      74.491759      13.957816      10.595805      0              4.6766048      16.504185     -113.62597    
    178800   273.37012      44.061334      29.335119      73.396453      10.722362      10.438275      0              6.0640985      16.836599      2287.3761    
    178900   258.09512      44.711781      27.695971      72.407752      10.606449      11.411698      0              6.3060661      16.387568      2741.6935    
    179000   240.47304      45.688277      25.80496       71.493237      12.084987      10.577809      0              5.7670699      17.25841       871.02171    
    179100   241.75479      44.735868      25.942504      70.678372      9.7159101      11.545684      0              5.0981269      18.376147      1139.0116    
    179200   295.87946      38.220647      31.750577      69.971224      9.2773216      7.8522257      0              4.0456034      17.045496      145.85262    
    179300   282.84164      38.929705      30.351499      69.281204      10.016617      10.422095      0              2.6887223      15.802271      664.23753    
    179400   275.45496      38.941499      29.558841      68.50034       7.9207314      10.829161      0              4.5158339      15.675773     -2161.3546    
    179500   311.79704      34.105017      33.458679      67.563697      8.8242448      6.4114906      0              3.4333736      15.435908     -2258.9506    
    179600   253.02276      39.468986      27.151661      66.620647      8.9907956      11.005402      0              4.0129167      15.459872     -1408.7065    
    179700   254.06697      38.404814      27.263714      65.668527      11.946983      7.4871811      0              2.9440443      16.026605     -1791.7522    
    179800   224.512        40.643445      24.092195      64.73564       14.689899      8.9657749      0              1.345557       15.642214     -2823.7659    
    179900   236.93907      38.306365      25.425733      63.732098      12.446479      7.7501141      0              2.2635382      15.846234      666.19368    
    180000   200.78572      41.030735      21.546148      62.576883      14.945046      8.1363781      0              2.2431502      15.706161      485.19101    
    180100   222.16218      37.474849      23.840037      61.314886      7.1202903      8.7046059      0              5.2208769      16.429075     -1167.3574    
    180200   252.98468      32.8648        27.147574      60.012374      5.8934935      6.6949349      0              4.3710449      15.905326     -436.84475    
    180300   210.46886      36.063046      22.585237      58.648283      11.07599       6.5291819      0              3.0665153      15.391359     -1565.4011    
    180400   133.07793      43.184821      14.280481      57.465302      14.060903      10.577488      0              2.6113697      15.93506      -2823.0656    
    180500   194.79675      35.595321      20.903476      56.498797      11.229018      5.0998901      0              3.5476288      15.718784     -1672.9039    
    180600   169.41468      37.857794      18.179747      56.037542      10.471982      7.5284423      0              3.0915893      16.765781      374.5532     
    180700   143.0144       40.851755      15.346756      56.198511      11.450111      9.5590352      0              3.5617351      16.280873      1022.3319    
    180800   177.30594      38.222853      19.026552      57.249405      9.7319222      8.0677728      0              3.4688939      16.954264      1978.463     
    180900   198.83743      37.947797      21.337078      59.284875      7.7273557      8.910619       0              3.9206207      17.389201      3778.0027    
    181000   236.53075      36.566294      25.381916      61.948211      6.4735022      10.811488      0              3.1686733      16.11263       894.81958    
    181100   222.43426      40.563063      23.869234      64.432298      9.7862133      10.816584      0              3.3867641      16.573502      280.8931     
    181200   213.128        43.528266      22.870587      66.398853      13.099922      10.179513      0              2.4891872      17.759644      1645.2234    
    181300   268.22926      39.022831      28.783458      67.806289      10.511585      8.5592767      0              3.0174721      16.934497     -1642.3476    
    181400   210.72269      46.354941      22.612475      68.967416      15.322785      11.234792      0              3.0802901      16.717074     -1693.0362    
    181500   261.15627      41.927204      28.024461      69.951665      10.720577      12.363501      0              2.1878625      16.655264      329.69563    
    181600   261.64202      42.717279      28.076586      70.793865      9.5507463      12.959222      0              2.8619179      17.345393      2118.6003    
    181700   290.7188       40.329047      31.196791      71.525837      8.4255821      11.58836       0              3.9770127      16.338092      1015.9264    
    181800   307.21122      39.145664      32.966578      72.112242      9.8081793      10.108283      0              3.1004644      16.128737      1286.6665    
    181900   243.09869      46.387943      26.086717      72.47466       18.559724      8.0393862      0              3.2050355      16.583797      2986.9291    
    182000   252.44169      45.500172      27.089306      72.589478      12.272476      12.540096      0              3.2051571      17.482443      929.20448    
    182100   248.72863      45.802627      26.690861      72.493488      13.584844      10.904222      0              4.964286       16.349275     -1334.9913    
    182200   274.20636      42.62316       29.424855      72.048015      12.05718       9.7816194      0              4.4668643      16.317497     -27.751111    
    182300   276.2657       41.599461      29.64584       71.245301      11.22983       8.4255559      0              6.2907986      15.653277      658.97844    
    182400   252.85299      42.843042      27.133442      69.976484      10.177322      10.356309      0              4.599757       17.709654      393.35261    
    182500   282.69557      38.030974      30.335825      68.366798      8.8648074      8.0659984      0              4.4345349      16.665633      1099.4147    
    182600   253.11462      39.521167      27.161518      66.682685      10.955009      7.9183398      0              5.0308429      15.616976     -241.36014    
    182700   236.89886      39.573784      25.421418      64.995202      10.657448      7.2322792      0              6.3028356      15.381221     -4421.2722    
    182800   220.90025      39.71266       23.704621      63.417281      9.8164911      8.6837052      0              4.0122384      17.200225     -479.08283    
    182900   217.12054      38.908471      23.299023      62.207494      10.626219      7.9688101      0              2.3614986      17.951943     -3813.1884    
    183000   197.99781      40.168438      21.246979      61.415417      10.637775      10.443107      0              1.8413504      17.246206     -1272.8716    
    183100   204.1597       39.154301      21.908206      61.062507      10.477876      7.8015242      0              3.8030374      17.071863     -858.28095    
    183200   215.95099      37.953218      23.17352       61.126738      11.740461      6.1118024      0              3.4225874      16.678368     -102.16028    
    183300   224.46738      37.660544      24.087406      61.74795       9.8883588      8.4204938      0              3.4344954      15.917196     -1440.5282    
    183400   234.03171      38.080916      25.113747      63.194663      11.32167       6.6011056      0              2.945549       17.212591      2397.8818    
    183500   212.14197      43.116874      22.764777      65.881651      11.405051      10.706103      0              5.2477976      15.757923      1221.0675    
    183600   225.87144      45.310495      24.238075      69.54857       17.227976      6.8708262      0              3.4505255      17.761167      3892.6191    
    183700   256.29196      45.104174      27.502475      72.606649      15.05462       9.1165712      0              3.5464751      17.386508      782.89891    
    183800   265.84269      45.750865      28.527356      74.278221      15.009762      10.335982      0              3.9880829      16.417038      325.59754    
    183900   302.60887      42.427409      32.472704      74.900113      14.414287      9.086375       0              2.9061956      16.020552     -1977.5606    
    184000   282.87428      44.571017      30.355002      74.926019      11.785507      11.365291      0              4.9872231      16.432995     -1337.8988    
    184100   292.13069      43.154423      31.3483        74.502723      11.441773      9.4920214      0              4.2441437      17.976485      1658.4726    
    184200   262.00044      45.633133      28.115048      73.748181      12.364913      11.515159      0              5.4178524      16.335208     -1759.487     
    184300   312.29545      39.162505      33.512163      72.674668      9.5556087      9.5552534      0              3.013854       17.037789     -3314.4432    
    184400   304.29045      38.734918      32.653153      71.388071      10.207369      9.4904754      0              1.728509       17.308565      1990.392     
    184500   234.25278      44.824726      25.13747       69.962195      15.240329      8.265324       0              5.4693967      15.849675     -2395.1998    
    184600   230.62995      43.744807      24.748706      68.493514      13.314091      7.7053292      0              5.0965933      17.628794     -362.83508    
    184700   230.30723      42.39834       24.714076      67.112416      9.8107589      9.6247345      0              5.728948       17.233899      104.40554    
    184800   246.74164      39.609058      26.477639      66.086697      10.094946      8.2983997      0              3.9450087      17.270704     -496.78571    
    184900   232.65629      40.362418      24.966152      65.32857       7.6235431      11.022278      0              4.0870442      17.629552      239.34197    
    185000   229.49123      40.148698      24.626512      64.77521       12.87956       6.001779       0              3.6422809      17.625078     -850.15116    
    185100   227.92045      39.953053      24.457953      64.411005      13.968229      7.4373053      0              2.8855215      15.661997     -3234.2793    
    185200   199.48621      42.843859      21.406698      64.250557      13.966459      9.7959368      0              3.7599437      15.32152      -4930.4781    
    185300   206.86891      42.117092      22.198929      64.316021      9.8465853      12.506423      0              2.4090405      17.355044      496.49512    
    185400   233.55768      39.790664      25.062878      64.853542      9.4917857      11.491911      0              2.4419866      16.364981      65.33643     
    185500   238.77626      40.605884      25.62288       66.228765      11.767825      9.3436219      0              4.2679648      15.226472     -1316.4739    
    185600   225.64483      44.607511      24.213758      68.821268      10.949174      12.107357      0              4.2123102      17.338669      962.43331    
    185700   245.73182      45.673428      26.369276      72.042704      12.805448      9.5656468      0              4.3833028      18.91903       707.37126    
    185800   279.19264      45.158684      29.959928      75.118612      13.827687      8.9193588      0              4.530752       17.880886     -399.39213    
    185900   267.09023      48.476614      28.661229      77.137843      14.929814      12.291884      0              4.6066993      16.648217     -462.8388     
    186000   288.4699       47.408378      30.955463      78.363841      14.801177      8.9355165      0              5.90294        17.768744     -455.08531    
    186100   309.34785      45.506084      33.195859      78.701943      13.251633      9.6843076      0              4.5953259      17.974818     -1840.8183    
    186200   274.57895      48.87981       29.464836      78.344647      16.875708      10.065639      0              4.8902478      17.048216      3274.6998    
    186300   289.2117       46.335464      31.035065      77.370529      11.832081      9.7014013      0              8.4646626      16.337319      92.192555    
    186400   266.9264       47.096629      28.643648      75.740277      16.440641      6.6116027      0              7.7062852      16.3381       -568.3893     
    186500   268.03096      44.884744      28.762177      73.646921      12.611311      10.400921      0              5.1046929      16.767819      2750.6656    
    186600   290.82835      40.18389       31.208547      71.392436      8.0293523      10.622717      0              5.8022857      15.729535      382.82006    
    186700   236.46199      43.986655      25.374538      69.361193      13.958936      9.2428675      0              5.5085467      15.276304     -1761.5541    
    186800   265.41971      39.301417      28.481966      67.783383      9.8397648      7.4075247      0              5.3753542      16.678773      3045.2044    
    186900   247.16343      40.213355      26.5229        66.736255      11.354401      9.7306699      0              3.1940482      15.934236     -444.13793    
    187000   256.96059      38.494101      27.574225      66.068326      10.577514      9.8391346      0              2.1128733      15.964579     -1153.5094    
    187100   280.28963      35.643065      30.077645      65.72071       6.8101533      8.3009661      0              5.1406374      15.391308     -218.89902    
    187200   264.51104      37.258439      28.384458      65.642897      11.685234      7.8190297      0              2.4152712      15.338904     -1539.7455    
    187300   267.2014       37.067009      28.673158      65.740167      7.8621112      8.2407026      0              4.5976137      16.366582      815.55983    
    187400   249.143        39.263807      26.735326      65.999133      13.72156       5.8903483      0              3.8214187      15.83048       834.45425    
    187500   240.2769       40.570772      25.783912      66.354684      11.99942       7.2280806      0              4.9665892      16.376682      2950.3183    
    187600   235.68056      41.51361       25.290684      66.804294      10.407422      9.981927       0              5.3094207      15.81484       702.25199    
    187700   218.10966      44.131894      23.405165      67.537059      13.050164      9.8215494      0              4.4529058      16.807275     -147.41466    
    187800   274.40823      39.123035      29.446517      68.569553      9.6757779      10.387321      0              2.6308068      16.42913       1128.7659    
    187900   242.33302      44.042387      26.004553      70.04694       11.240096      12.076612      0              4.9856479      15.740031     -1545.4696    
    188000   329.74268      36.605477      35.384411      71.989888      11.380914      6.1808463      0              3.0339028      16.009814     -2365.7436    
    188100   290.66954      43.360324      31.191504      74.551828      14.405687      6.5410858      0              5.3240325      17.089518      909.3155     
    188200   256.19754      50.1349        27.492343      77.627242      11.595153      13.835497      0              8.0695689      16.634681     -2524.4845    
    188300   215.25682      57.380328      23.099029      80.479358      16.977288      11.426035      0              13.748589      15.228416     -1706.5566    
    188400   295.20823      50.78607       31.678548      82.464617      11.329135      15.042759      0              6.9760121      17.438164     -680.72183    
    188500   292.49728      51.863959      31.387638      83.251597      16.152687      9.8616008      0              9.3633345      16.486337     -4053.2571    
    188600   288.31118      52.013445      30.938431      82.951876      18.124378      10.577179      0              6.5348076      16.77708       699.3332     
    188700   317.1537       47.717736      34.033497      81.751233      14.948359      12.552945      0              4.6402416      15.57619      -3886.3218    
    188800   274.57234      50.53384       29.464127      79.997968      17.151434      12.633272      0              4.8376837      15.911451     -1110.3537    
    188900   241.47307      52.230433      25.912273      78.142706      13.959552      14.527364      0              6.0365088      17.707008      1020.7982    
    189000   266.26217      48.065943      28.572371      76.638314      15.545772      13.036592      0              3.1652667      16.318313     -224.92004    
    189100   230.52577      50.78336       24.737527      75.520887      14.217911      12.731714      0              6.9358966      16.897839      806.19172    
    189200   234.25556      49.406672      25.137767      74.544439      12.735395      13.14723       0              8.0566664      15.467381      362.3241     
    189300   233.84085      48.539129      25.093266      73.632395      16.792265      9.1212632      0              6.5316513      16.093949     -1157.3197    
    189400   304.71364      39.951393      32.698565      72.649958      9.7272371      8.7591613      0              4.6890926      16.775902      3657.3374    
    189500   291.86552      40.233735      31.319844      71.553579      9.7306305      8.3671589      0              5.4213622      16.714583      1825.4304    
    189600   276.75592      40.727236      29.698446      70.425682      10.55128       8.2334886      0              4.6040572      17.33841      -1064.8006    
    189700   208.65259      46.965577      22.390335      69.355912      10.705004      10.76948       0              7.6077859      17.883308      2222.1212    
    189800   210.51555      45.679689      22.590247      68.269936      12.127876      10.040082      0              6.0366056      17.475126      157.13207    
    189900   209.53443      44.750635      22.484964      67.235599      10.425056      12.29075       0              5.517208       16.517621     -308.23157    
    190000   203.60375      44.44122       21.848547      66.289768      7.862509       9.2937942      0              10.98417       16.300747      874.39765    
    190100   219.71216      41.9067        23.577127      65.483827      8.055344       9.6854039      0              6.7466166      17.419336      1313.5928    
    190200   242.6196       38.831295      26.035305      64.8666        8.7993986      9.7783001      0              3.1767165      17.076879      2277.4714    
    190300   269.75863      35.528802      28.947572      64.476374      8.5145645      6.8254618      0              3.2774214      16.911354     -1416.9243    
    190400   271.21199      35.201219      29.103531      64.304751      7.1006793      8.3052093      0              2.5339957      17.261335      3469.4079    
    190500   213.89217      41.471525      22.952589      64.424115      11.304731      4.8730264      0              8.9518655      16.341902     -2132.2289    
    190600   207.64988      42.577197      22.282735      64.859932      11.296994      9.4274212      0              5.4722865      16.380495     -1071.0591    
    190700   206.77781      43.625847      22.189154      65.815001      13.651015      7.6883664      0              6.1921469      16.094318      129.67621    
    190800   257.08909      39.904229      27.588014      67.492244      9.0214739      8.7041999      0              6.1389068      16.039649     -874.79673    
    190900   247.66253      43.304824      26.576459      69.881282      13.4855        9.3544009      0              3.8678309      16.597092     -1441.8082    
    191000   280.17413      42.472705      30.065251      72.537956      12.810576      10.083611      0              3.1101829      16.468335     -14.418513    
    191100   231.64574      50.00553       24.85771       74.86324       11.240495      15.128578      0              8.1792575      15.4572       -608.31555    
    191200   296.29636      44.536543      31.795314      76.331857      12.892938      11.142839      0              5.2044987      15.296267     -1033.7905    
    191300   310.86293      43.518263      33.35844       76.876703      12.569998      8.0429493      0              6.9697458      15.93557       148.59218    
    191400   332.16783      40.889911      35.644651      76.534563      11.112404      9.5027396      0              3.8576855      16.417082      242.88705    
    191500   297.3592       43.60446       31.909366      75.513826      15.31892       7.4639002      0              4.2172803      16.604359      503.72501    
    191600   228.68103      49.410589      24.53957       73.950159      17.61387       9.3802211      0              5.0423396      17.374158     -983.29009    
    191700   248.64198      45.388669      26.681562      72.070231      14.444309      8.0600665      0              5.7225661      17.161728     -2316.2013    
    191800   181.9922       50.639798      19.529431      70.169229      15.540371      10.470374      0              6.7501627      17.878891      661.02486    
    191900   269.12515      39.67095       28.879594      68.550544      12.379833      7.0550425      0              2.9733018      17.262773     -2880.3326    
    192000   228.68007      42.835814      24.539466      67.37528       9.7428452      10.485227      0              5.118093       17.489649      35.438629    
    192100   215.5923       43.489627      23.135029      66.624656      12.055789      10.194136      0              3.2196576      18.020045      730.8441     
    192200   208.45917      43.802239      22.369579      66.171818      11.120761      11.370294      0              3.4498407      17.861342      440.57415    
    192300   252.19441      38.929001      27.06277       65.991771      7.9025515      9.5773514      0              4.1631641      17.285934      2166.6874    
    192400   258.34885      38.381902      27.723199      66.1051        10.150638      9.0278957      0              2.3105178      16.89285      -331.82296    
    192500   203.5828       44.621775      21.846299      66.468075      10.76701       10.360178      0              6.3832665      17.111321     -2320.0125    
    192600   257.84366      39.272839      27.668987      66.941825      9.7040312      7.4696956      0              5.0716211      17.027491     -1369.0332    
    192700   193.99354      46.654331      20.817284      67.471616      11.010283      10.647304      0              8.7599973      16.236747     -1910.3754    
    192800   259.39729      40.082144      27.835706      67.91785       13.918192      5.9317039      0              4.0894851      16.142763     -1829.1092    
    192900   257.91595      40.661322      27.676745      68.338067      8.6501206      10.021509      0              4.4246312      17.565061     -467.10935    
    193000   246.56565      42.332475      26.458753      68.791228      10.106515      12.369876      0              3.075346       16.780737     -1178.7332    
    193100   238.29644      43.664494      25.571391      69.235885      11.780177      13.6058        0              2.4577447      15.820773     -678.25005    
    193200   260.82187      41.749419      27.988576      69.737995      9.7976529      9.4079534      0              3.5476058      18.996206      3391.4416    
    193300   268.061        41.473564      28.765401      70.238965      12.545173      9.2627829      0              2.4948665      17.170741     -1539.5149    
    193400   246.23078      44.323925      26.422819      70.746744      7.1774096      12.133324      0              7.9124652      17.100726      1166.203     
    193500   234.34776      46.136171      25.147662      71.283832      12.126338      13.450423      0              3.8065529      16.752856     -444.20089    
    193600   203.32741      50.06864       21.818894      71.887534      12.012029      14.811817      0              6.1853957      17.059398     -2136.5159    
    193700   267.55844      43.91927       28.711472      72.630742      11.094682      12.20408       0              4.7865338      15.833974     -920.11613    
    193800   307.91485      40.770372      33.042084      73.812457      9.1276297      10.19649       0              5.2390994      16.207154      1321.9839    
    193900   308.21152      42.741992      33.07392       75.815912      9.6265591      11.813754      0              5.0905268      16.211153      812.93783    
    194000   290.16114      47.489948      31.136949      78.626897      11.916156      10.322259      0              8.1403891      17.111144      2741.451     
    194100   292.6633       50.175518      31.405453      81.580971      11.806485      10.690806      0              10.286403      17.391823      2672.9294    
    194200   349.24537      46.232734      37.477228      83.709963      16.581157      9.4507082      0              4.298851       15.902018     -326.75335    
    194300   334.24041      48.747965      35.867058      84.615023      16.495526      9.6885122      0              6.7637024      15.800224     -1529.7326    
    194400   361.80994      45.322722      38.825522      84.148243      14.387448      9.0795929      0              4.6080854      17.247595     -1073.0133    
    194500   369.73667      42.533444      39.676132      82.209575      8.7826972      11.951262      0              3.7659798      18.033505      1311.7995    
    194600   322.86519      44.566771      34.646393      79.213164      13.327832      11.001913      0              2.8171582      17.419868     -820.60501    
    194700   238.09677      50.409941      25.549965      75.959907      14.204255      14.429173      0              4.9932837      16.783229     -2746.4957    
    194800   261.78363      45.191371      28.091782      73.283153      11.780296      12.118698      0              4.4367105      16.855667     -474.98146    
    194900   263.8854       43.225916      28.317321      71.543238      10.220792      12.536899      0              3.5260048      16.942221      156.94459    
    195000   254.55673      43.025728      27.31627       70.341997      9.5736311      12.426608      0              4.213539       16.81195       825.59609    
    195100   250.46146      42.569164      26.876809      69.445973      13.723577      8.397959       0              3.8320883      16.61554       2567.8362    
    195200   217.37958      45.286298      23.32682       68.613119      14.690745      9.5567932      0              3.7520514      17.286709      4370.4443    
    195300   250.78096      40.863923      26.911094      67.775017      12.200606      8.0472474      0              3.7156942      16.900375      3750.0138    
    195400   257.7068       39.235231      27.654301      66.889532      8.9451251      11.15522       0              3.3545903      15.780296      1905.7678    
    195500   241.30662      40.170989      25.894411      66.065399      7.7788216      10.283996      0              5.9779527      16.130219      1638.9563    
    195600   261.9984       37.289633      28.114828      65.404462      8.816578       7.470176       0              4.5388124      16.464067      1084.8473    
    195700   221.98332      41.142729      23.820844      64.963573      10.119837      11.138663      0              3.9906208      15.893608      415.26285    
    195800   245.5706       38.387915      26.351975      64.73989       11.297964      7.5241648      0              3.7807907      15.784996     -2467.1317    
    195900   233.45624      39.652682      25.051994      64.704676      11.888443      8.4429386      0              2.7857472      16.535553      717.51492    
    196000   192.0059       44.275798      20.603993      64.87979       12.434498      9.212624       0              6.1027091      16.525966     -4516.9051    
    196100   236.09629      40.02666       25.335295      65.361955      10.181644      9.4467493      0              3.9246224      16.473643     -2199.1665    
    196200   220.07152      42.859309      23.61569       66.474999      9.9198407      10.14712       0              5.5203113      17.272036     -619.18125    
    196300   250.10247      41.493958      26.838286      68.332245      8.9132036      7.4454678      0              7.6725327      17.462754     -1477.687     
    196400   275.06861      41.433835      29.517382      70.951217      10.747558      8.7124925      0              4.9654041      17.00838      -970.33689    
    196500   271.232        44.462522      29.105679      73.568201      11.738823      9.4118337      0              6.5336519      16.778214     -2389.9698    
    196600   313.95213      42.215731      33.68994       75.905671      10.061367      10.145879      0              4.700587       17.307898      1917.8336    
    196700   303.10319      44.864106      32.52575       77.389856      11.386491      10.636975      0              5.1210628      17.719578      1226.5968    
    196800   294.9281       46.418389      31.648488      78.066876      12.556414      10.63975       0              5.0461382      18.176086      4334.8024    
    196900   285.56641      47.357058      30.643892      78.000949      13.92107       11.146841      0              5.1056062      17.18354       1759.3109    
    197000   277.05193      47.380776      29.73021       77.110986      7.7029584      12.59743       0              10.229327      16.851061      4132.1998    
    197100   279.82335      45.607379      30.027609      75.634988      12.311749      10.618939      0              5.7329154      16.943775      2723.8391    
    197200   274.55705      44.242087      29.462487      73.704574      8.9787907      13.412371      0              5.7391582      16.111767     -572.72565    
    197300   283.64432      41.226571      30.437634      71.664205      11.197166      9.5452128      0              3.3956169      17.088575      2659.8674    
    197400   291.79781      38.556301      31.312578      69.868879      9.11269        8.97712        0              3.2430944      17.223397      790.06757    
    197500   253.55051      41.292445      27.208293      68.500738      9.5967326      7.9435488      0              6.7916886      16.960475     -1161.9456    
    197600   289.77136      36.507184      31.095122      67.602306      9.5873122      6.0473878      0              5.3657893      15.506694     -1976.1646    
    197700   228.71738      42.463046      24.54347       67.006516      10.040561      12.130718      0              4.7601924      15.531575     -2646.9856    
    197800   239.66809      40.887966      25.718581      66.606548      11.087927      9.3359742      0              4.1252082      16.338857     -64.348837    
    197900   200.55033      44.838183      21.520888      66.359071      11.530104      10.586533      0              6.663111       16.058435     -2365.5417    
    198000   237.94517      40.706933      25.533697      66.24063       10.141348      11.442208      0              2.9358734      16.187504      96.186273    
    198100   225.6791       42.056853      24.217435      66.274287      12.086956      10.06473       0              4.6735827      15.231584     -3874.8814    
    198200   231.28899      41.558929      24.819428      66.378357      12.227431      10.374513      0              3.3421296      15.614856     -4539.843     
    198300   229.78185      41.957903      24.657697      66.6156        11.102098      7.0842071      0              6.9463424      16.825255     -376.22945    
    198400   235.79608      41.706555      25.30308       67.009636      9.7730973      7.9945753      0              7.3182206      16.620662     -26.91264     
    198500   259.71419      39.817555      27.869712      67.687267      8.6817194      8.2045649      0              6.2406741      16.690596     -408.36278    
    198600   255.90497      41.327626      27.460947      68.788573      10.725615      9.4769365      0              4.4492427      16.675832      532.58828    
    198700   259.72767      42.651352      27.871158      70.522511      11.634276      8.1761298      0              4.6586489      18.182298     -529.96746    
    198800   241.68336      47.123925      25.934839      73.058764      10.305402      14.259991      0              4.432033       18.126499      1170.6944    
    198900   252.90855      49.214548      27.139405      76.353953      11.548076      11.965093      0              7.3925697      18.308809      367.954      
    199000   259.02862      51.495837      27.796144      79.291981      18.11077       9.2118635      0              7.1031706      17.070033     -3525.8166    
    199100   316.79227      47.064626      33.994713      81.059339      13.333111      11.041032      0              5.0964156      17.594068     -861.65896    
    199200   355.10735      43.387904      38.106272      81.494176      10.641413      10.324843      0              4.6424152      17.779232     -42.193021    
    199300   364.06551      41.726615      39.067564      80.794179      12.851037      8.1955497      0              4.6118577      16.068171     -1031.592     
    199400   352.01875      41.4885        37.774837      79.263337      11.914386      8.0829778      0              4.5284031      16.962733      1640.9983    
    199500   277.9803       47.561534      29.829833      77.391367      18.491355      6.948433       0              5.6490779      16.472668      2074.3434    
    199600   217.43089      52.219347      23.332326      75.551673      20.302617      11.816964      0              3.9238931      16.175873     -1069.1061    
    199700   274.58298      44.323107      29.465269      73.788376      13.160022      8.0259279      0              5.831898       17.305259      1871.6903    
    199800   245.46368      45.908666      26.340502      72.249168      14.533038      9.3312167      0              4.9785502      17.065861     -256.21048    
    199900   283.25913      40.644256      30.3963        71.040556      11.516514      7.0829164      0              3.907478       18.137348     -684.24397    
    200000   288.49179      39.126368      30.957812      70.08418       8.0900375      6.1871152      0              6.6135854      18.23563       901.91618    
Loop time of 5.4483 on 1 procs for 200000 steps with 37 atoms

Performance: 792.908 ns/day, 0.030 hours/ns, 36708.687 timesteps/s, 1.358 Matom-step/s
99.5% CPU use with 1 MPI tasks x no OpenMP threads

MPI task timing breakdown:
Section |  min time  |  avg time  |  max time  |%varavg| %total
---------------------------------------------------------------
Pair    | 2.4416     | 2.4416     | 2.4416     |   0.0 | 44.81
Bond    | 1.4547     | 1.4547     | 1.4547     |   0.0 | 26.70
Neigh   | 0.13246    | 0.13246    | 0.13246    |   0.0 |  2.43
Comm    | 0.81486    | 0.81486    | 0.81486    |   0.0 | 14.96
Output  | 0.13815    | 0.13815    | 0.13815    |   0.0 |  2.54
Modify  | 0.26591    | 0.26591    | 0.26591    |   0.0 |  4.88
Other   |            | 0.2007     |            |       |  3.68

Nlocal:             37 ave          37 max          37 min
Histogram: 1 0 0 0 0 0 0 0 0 0
Nghost:            935 ave         935 max         935 min
Histogram: 1 0 0 0 0 0 0 0 0 0
Neighs:            945 ave         945 max         945 min
Histogram: 1 0 0 0 0 0 0 0 0 0

Total # of neighbors = 945
Ave neighs/atom = 25.540541
Ave special neighs/atom = 10
Neighbor list builds = 784
Dangerous builds = 0

write_data heated.data
System init for write_data ...
Generated 6 of 6 mixed pair_coeff terms from geometric mixing rule

unfix 1
Total wall time: 0:00:05
