exciton,energy_eV
X1,3.7403380535360453
X2,3.7548350426867567
X3,3.777695582869639
X4,3.8146313209075586
