k_down_ps,final_PYR2,expected_PYR2,abs_error_PYR2,final_PYR3,expected_PYR3,abs_error_PYR3,final_PYR4,expected_PYR4,abs_error_PYR4,final_PYR5,expected_PYR5,abs_error_PYR5
0.1,0.2883321442754765,0.30543168844591556,0.017099544170439074,0.1770134479503914,0.16091885145754245,0.016094596492848945,0.2812795077318735,0.28315751981825105,0.0018780120863775562,0.2533749000422604,0.25049194027829125,0.0028829597639691285
1.0,0.3054316892071267,0.30543168844591556,7.612111496690943e-10,0.1609188509778943,0.16091885145754245,4.796481545277231e-10,0.2831575222023031,0.28315751981825105,2.384052066872755e-09,0.2504919376126745,0.25049194027829125,2.665616727348663e-09
5.0,0.3054316884481723,0.30543168844591556,2.2567503421555557e-12,0.1609188511065294,0.16091885145754245,3.5101305195794907e-10,0.283157521472731,0.28315751981825105,1.6544799419371259e-09,0.2504919389725643,0.25049194027829125,1.3057269709904062e-09
10.0,0.305431688446681,0.30543168844591556,7.654432643278142e-13,0.1609188513387439,0.16091885145754245,1.187985543271708e-10,0.2831575203782093,0.28315751981825105,5.599582464377306e-10,0.2504919398363647,0.25049194027829125,4.4192655090924404e-10
