======================================================================
R2 APERTURE TARGET SEMANTICS PREFLIGHT
======================================================================
Thu Jul  9 15:08:00 CDT 2026

------------------------------------------------------------------
EXACT TARGET OCCURRENCES
------------------------------------------------------------------
scripts/phase1A/build_and_validate_day024_r2_selected_four_atom_heavy_coordinate_embedding.py:148:TARGET_APERTURE_DIAMETER_NM = 0.839406
scripts/phase1A/audit_day024_r2_aperture_metric_consistency.py:124:TARGET_APERTURE_NM = 0.839406
scripts/phase1A/audit_day024_r2_aperture_metric_consistency.py.before_out_fix:119:TARGET_APERTURE_NM = 0.839406
runs/phase1A/day024_chemical_end_rim_design/02_r2_polar_end_specific_candidate_ranking/r2_polar_end_specific_candidate_selection_summary.csv:2:R2_POLAR_END_SPECIFIC_VALENCE_COMPLETION_CANDIDATES_RANKED,7,C2_GRADED_HETEROPOLAR_BN_COLLAR_ANNULUS,1,92.19999999999999,14.5,77.69999999999999,False,C3_RECONSTRUCTED_EDGE_PLUS_GRADED_BN_ANNULUS,2,60,30,60,120,B,N,N,B,0.8394062099300137,0.14292804047662536,,True,False,False,False,False,False,BUILD_AND_VALIDATE_R2_GRADED_HETEROPOLAR_COLLAR_CONNECTIVITY_BLUEPRINT
runs/phase1A/day024_chemical_end_rim_design/02_r2_polar_end_specific_candidate_ranking/R2_POLAR_END_SPECIFIC_VALENCE_COMPLETION_RANKING_DAY024.md:37:  **0.839406 nm**
runs/phase1A/day024_chemical_end_rim_design/02_r2_polar_end_specific_candidate_ranking/R2_POLAR_END_SPECIFIC_VALENCE_COMPLETION_RANKING_DAY024.md:39:  **0.419703 nm**
runs/phase1A/day024_chemical_end_rim_design/02_r2_polar_end_specific_candidate_ranking/R2_POLAR_END_SPECIFIC_VALENCE_COMPLETION_RANKING_DAY024.md:41:  **0.142928**
runs/phase1A/day024_chemical_end_rim_design/02_r2_polar_end_specific_candidate_ranking/R2_POLAR_END_SPECIFIC_VALENCE_COMPLETION_RANKING_DAY024.md:45:  **0.779423 nm**
runs/phase1A/day024_chemical_end_rim_design/02_r2_polar_end_specific_candidate_ranking/r2_primary_graded_bn_collar_design_contract.json:28:  "target_aperture_diameter_nm": 0.8394062099300137,
runs/phase1A/day024_chemical_end_rim_design/02_r2_polar_end_specific_candidate_ranking/r2_primary_graded_bn_collar_design_contract.json:29:  "target_aperture_radius_nm": 0.41970310496500685,
runs/phase1A/day024_chemical_end_rim_design/02_r2_polar_end_specific_candidate_ranking/r2_primary_graded_bn_collar_design_contract.json:30:  "target_open_area_fraction": 0.14292804047662536,
runs/phase1A/day024_chemical_end_rim_design/08_r2_partial_attachment_annulus_static_coordinate_embedding/r2_partial_attachment_static_embedding.json:206:    "target_aperture_diameter_nm": 0.8394062099300137,
runs/phase1A/day024_chemical_end_rim_design/08_r2_partial_attachment_annulus_static_coordinate_embedding/r2_partial_attachment_static_embedding_summary.csv:2:R2_PARTIAL_ATTACHMENT_ANNULUS_STATIC_COORDINATE_EMBEDDING_REQUIRES_CONSTRAINED_GEOMETRIC_OPTIMIZATION,2076,1680,312,84,0.0,1.2028547845173372e-17,1.0,7.39453,7.39453,10.0175,2.75501178052474e-16,6.38378239159465e-16,0.3101853369792484,0.17756267641436654,0.44124470408375904,0.19828265232691053,0.296271704083759,0.5190403609170178,167.74575397039382,113.33804451569522,28.810639556579435,0.0,2e-05,0.8074151701156814,0.8074151701156809,0.8394062099300137,0.03811151196629764,0.038111511966298306,0.07617490611056497,A:LOWER:-14:4 | S:1686,0.04773706429462159,H:UPPER:OUTER:26 | S:1724,0.11891853399644853,H:LOWER:OUTER:28 | H:LOWER:SEED:10,24,21,0,0.00017192862436329892,False,False,False,False,False,False,False,False,False,seed_annulus_attachment_RMS_deviation_within_0p020nm | seed_annulus_attachment_max_deviation_within_0p035nm | junction_angle_minimum_is_at_least_70deg | attachment_plane_gap_is_positive_and_at_most_0p250nm | no_nonbonded_heavy_heavy_clashes | no_nonbonded_H_heavy_clashes | lower_and_upper_embeddings_are_symmetric,OPTIMIZE_R2_PARTIAL_ATTACHMENT_STATIC_EMBEDDING_WITH_CONSTRAINED_GEOMETRY
runs/phase1A/day024_chemical_end_rim_design/08_r2_partial_attachment_annulus_static_coordinate_embedding/R2_PARTIAL_ATTACHMENT_STATIC_COORDINATE_EMBEDDING_DAY024.md:54:  **0.839406 nm**
runs/phase1A/day024_chemical_end_rim_design/03_r2_graded_heteropolar_bn_collar_connectivity_blueprint/r2_graded_collar_connectivity_blueprint_summary.csv:2:R2_GRADED_HETEROPOLAR_BN_COLLAR_CONNECTIVITY_BLUEPRINT_VALIDATED,C2_GRADED_HETEROPOLAR_BN_COLLAR_ANNULUS,False,1,30-30-30-22-20-12,6,93.60264485476024,145.1329066507616,144,0.007805994359968031,12,0.2197560318744819,0.2511442994800745,0.12498100761424175,0.8394062099300137,0.41970310496500685,0.14292804047662536,64,80,12,80,64,12,144,144,24,120,0,0,0.06666666666666671,True,True,True,False,False,False,False,False,False,False,False,,BUILD_AND_VALIDATE_R2_GRADED_HETEROPOLAR_COLLAR_STATIC_COORDINATE_EMBEDDING
runs/phase1A/day024_chemical_end_rim_design/03_r2_graded_heteropolar_bn_collar_connectivity_blueprint/r2_graded_collar_connectivity_blueprint.json:105:    "target_aperture_diameter_nm": 0.8394062099300137,
runs/phase1A/day024_chemical_end_rim_design/03_r2_graded_heteropolar_bn_collar_connectivity_blueprint/r2_graded_collar_connectivity_blueprint.json:106:    "target_aperture_radius_nm": 0.41970310496500685,
runs/phase1A/day024_chemical_end_rim_design/03_r2_graded_heteropolar_bn_collar_connectivity_blueprint/r2_graded_collar_connectivity_blueprint.json:108:    "target_open_area_fraction": 0.14292804047662536,
runs/phase1A/day024_chemical_end_rim_design/07_r2_reconstruction_vs_partial_attachment_contingency/r2_reconstruction_vs_partial_attachment_summary.csv:2:R2_PARTIAL_HETEROPOLAR_ANNULUS_ATTACHMENT_AND_COMPLEMENTARY_PASSIVATION_GRAPH_VALIDATED,0,N5_M2_HEXAGONAL_BN_ANNULUS_WITH_15_ALTERNATING_HETEROPOLAR_ATTACHMENTS_AND_COMPLEMENTARY_H_PASSIVATION,5,2,126,30,156,145.1329066507616,0.07487683944336797,15,15,15,12,42,312,84,1,True,6,0,0,0,0,1.0740412851132826,0.5227089898747374,1.1991257007481553,0.41970310496500685,0.8394062099300137,0.10431301368724762,0.2454255965495388,False,True,False,False,False,False,False,False,False,False,,BUILD_AND_VALIDATE_R2_PARTIAL_ATTACHMENT_ANNULUS_STATIC_COORDINATE_EMBEDDING
runs/phase1A/day024_chemical_end_rim_design/07_r2_reconstruction_vs_partial_attachment_contingency/r2_partial_attachment_passivated_annulus_design.json:156:    "target_aperture_diameter_nm": 0.8394062099300137,
runs/phase1A/day024_chemical_end_rim_design/07_r2_reconstruction_vs_partial_attachment_contingency/r2_partial_attachment_passivated_annulus_design.json:157:    "target_aperture_radius_nm": 0.41970310496500685,
runs/phase1A/day024_chemical_end_rim_design/07_r2_reconstruction_vs_partial_attachment_contingency/R2_RECONSTRUCTION_VS_PARTIAL_ATTACHMENT_CONTINGENCY_DAY024.md:87:  **0.419703 nm**
runs/phase1A/day024_chemical_end_rim_design/19_r2_selected_four_atom_heavy_coordinate_embedding/r2_selected_four_atom_heavy_end_summary.csv:2:LOWER,60,1.045415170115679,0.24542256085336428,1.0740383985523587,0.10431564443406381
runs/phase1A/day024_chemical_end_rim_design/19_r2_selected_four_atom_heavy_coordinate_embedding/r2_selected_four_atom_heavy_end_summary.csv:3:UPPER,60,1.045415170115679,0.24542256085336428,1.0740383985523587,0.10431564443406381
runs/phase1A/day024_chemical_end_rim_design/19_r2_selected_four_atom_heavy_coordinate_embedding/R2_SELECTED_FOUR_ATOM_HEAVY_COORDINATE_EMBEDDING_DAY024.md:43:  **1.045415170/
runs/phase1A/day024_chemical_end_rim_design/19_r2_selected_four_atom_heavy_coordinate_embedding/R2_SELECTED_FOUR_ATOM_HEAVY_COORDINATE_EMBEDDING_DAY024.md:44:  1.045415170 nm**
runs/phase1A/day024_chemical_end_rim_design/19_r2_selected_four_atom_heavy_coordinate_embedding/r2_selected_four_atom_heavy_embedding_summary.csv:2:R2_SELECTED_FOUR_ATOM_BN_BRIDGE_HEAVY_COORDINATE_EMBEDDING_REQUIRES_REVIEW,2112,1992,120,30,3066,0.0011953939551086479,4.410696145812354e-05,70.89983978777892,117.35353360923618,168.1814725624514,16.11053625375514,0.15974739665991966,0,1.045415170115679,1.045415170115679,0.0,True,False,False,False,False,False,False,False,False,aperture_errors_are_within10percent,REVIEW_R2_SELECTED_FOUR_ATOM_HEAVY_COORDINATE_EMBEDDING_FAILURES
runs/phase1A/day024_chemical_end_rim_design/19_r2_selected_four_atom_heavy_coordinate_embedding/r2_selected_four_atom_heavy_embedding.json:6:      "nuclear_aperture_diameter_nm": 1.045415170115679,
runs/phase1A/day024_chemical_end_rim_design/19_r2_selected_four_atom_heavy_coordinate_embedding/r2_selected_four_atom_heavy_embedding.json:14:      "nuclear_aperture_diameter_nm": 1.045415170115679,
runs/phase1A/day024_chemical_end_rim_design/19_r2_selected_four_atom_heavy_coordinate_embedding/r2_selected_four_atom_heavy_embedding.json:66:    "lower_aperture_diameter_nm": 1.045415170115679,
runs/phase1A/day024_chemical_end_rim_design/19_r2_selected_four_atom_heavy_coordinate_embedding/r2_selected_four_atom_heavy_embedding.json:73:    "upper_aperture_diameter_nm": 1.045415170115679
runs/phase1A/day024_chemical_end_rim_design/13_r2_trimer_bridge_conformer_and_h_refinement/r2_trimer_bridge_refinement.json:103:    "target_aperture_diameter_nm": 0.8394062099300137,
runs/phase1A/day024_chemical_end_rim_design/13_r2_trimer_bridge_conformer_and_h_refinement/R2_TRIMER_BRIDGE_CONFORMER_AND_H_REFINEMENT_DAY024.md:62:  **0.839406 nm**
runs/phase1A/day024_chemical_end_rim_design/13_r2_trimer_bridge_conformer_and_h_refinement/r2_trimer_bridge_refinement_summary.csv:2:R2_ALTERNATING_BN_TRIMER_BRIDGE_REFINEMENT_REQUIRES_BRIDGE_TOPOLOGY_REDESIGN,2256,30,174,40176,0.0009221846508326303,0.0011953939551086479,0.0001986924531297285,8.326672684688674e-16,57.21978718779359,117.22155679453272,154.79484215496637,12.206314615459519,0.1375622558131456,0.09015389365209321,0.08161876072981158,0,0,0,0.8163864537754137,0.8163864537754137,0.8394062099300137,0.0007939035403979888,False,True,False,False,False,False,False,False,False,False,False,library_endpoint_errors_are_within_0p0005nm | critical_angle_minimum_is_at_least70deg,EVALUATE_R2_LONGER_OR_TOPOLOGICALLY_REVISED_BRIDGE_ARCHITECTURE
runs/phase1A/day024_chemical_end_rim_design/01_r2_parent_rim_chemical_audit/R2_PARENT_RIM_AND_CHEMICAL_CONSTRAINTS_AUDIT_DAY024.md:100:  **0.839406 nm**
runs/phase1A/day024_chemical_end_rim_design/01_r2_parent_rim_chemical_audit/R2_PARENT_RIM_AND_CHEMICAL_CONSTRAINTS_AUDIT_DAY024.md:102:  **0.419703 nm**
runs/phase1A/day024_chemical_end_rim_design/01_r2_parent_rim_chemical_audit/R2_PARENT_RIM_AND_CHEMICAL_CONSTRAINTS_AUDIT_DAY024.md:104:  **0.142928**
runs/phase1A/day024_chemical_end_rim_design/01_r2_parent_rim_chemical_audit/R2_PARENT_RIM_AND_CHEMICAL_CONSTRAINTS_AUDIT_DAY024.md:108:  **0.779423 nm**
runs/phase1A/day024_chemical_end_rim_design/01_r2_parent_rim_chemical_audit/R2_PARENT_RIM_AND_CHEMICAL_CONSTRAINTS_AUDIT_DAY024.md:125:**0.779423 nm**.
runs/phase1A/day024_chemical_end_rim_design/01_r2_parent_rim_chemical_audit/r2_preliminary_chemical_candidate_classes.csv:2:C0_SIMPLE_EDGE_PASSIVATION_ONLY,Attempt to passivate the existing degree-1 polar BN termini using only small terminal groups.,"Small-group BN edge passivation is chemically plausible in general, but the accepted parent sites are degree 1 rather than conventional degree-2 edge sites.",Insufficient as a direct R2-cap replacement because it neither reproduces the required inward radial closure of 0.779423 nm nor by itself resolves the full parent-side coordination deficit.,0,REJECT_AS_STANDALONE_CAP_REPLACEMENT,Leaves a pore much wider than the validated 0.84 nm aperture and may leave the degree-1 polar termini chemically under-resolved.,10.1021/jp805790s; 10.1039/C9NA00530G
runs/phase1A/day024_chemical_end_rim_design/01_r2_parent_rim_chemical_audit/r2_parent_rim_chemical_audit_summary.csv:2:R2_PARENT_RIM_AND_CHEMICAL_CONSTRAINTS_AUDITED,68332,1680,840,840,1680,2460,2460,0.14497338962610404,0.14500000000000002,0.14377760604489134,0.14603424255975045,60,0,1620,0,0,60,30,30,0,1.1991257007481553,1.0199084774608823e-17,B,1.0,0.0,30,0,30,1.1991257007481553,1.019916563546444e-17,N,1.0,0.0,LOWER_B_TERMINATED_UPPER_N_TERMINATED,120,0.20000000000000018,0.19999999999999885,0.8394062099300137,0.41970310496500685,0.14292804047662536,1.1991257007481553,0.7794225957831484,3.9639100280691797,145.1329066507616,144,0.166949158747368,False,False,True,False,False,False,False,False,False,,DEFINE_AND_RANK_R2_POLAR_END_SPECIFIC_VALENCE_COMPLETION_CANDIDATES
runs/phase1A/day024_chemical_end_rim_design/01_r2_parent_rim_chemical_audit/r2_chemical_end_rim_design_constraints.csv:9:target_effective_aperture_diameter,0.8394062099300137,nm,Validated R2 screening geometry,TARGET
runs/phase1A/day024_chemical_end_rim_design/01_r2_parent_rim_chemical_audit/r2_chemical_end_rim_design_constraints.csv:10:target_effective_aperture_radius,0.41970310496500685,nm,Half of validated aperture diameter,TARGET
runs/phase1A/day024_chemical_end_rim_design/01_r2_parent_rim_chemical_audit/r2_chemical_end_rim_design_constraints.csv:11:validated_open_area_fraction,0.14292804047662536,dimensionless,Validated R2 screening geometry,TARGET
runs/phase1A/day024_chemical_end_rim_design/12_r2_alternating_bn_trimer_bridge_static_coordinate_embedding/R2_ALTERNATING_BN_TRIMER_BRIDGE_STATIC_EMBEDDING_DAY024.md:51:  **0.839406 nm**
runs/phase1A/day024_chemical_end_rim_design/12_r2_alternating_bn_trimer_bridge_static_coordinate_embedding/r2_trimer_bridge_static_embedding_summary.csv:2:R2_ALTERNATING_BN_TRIMER_BRIDGE_STATIC_COORDINATE_EMBEDDING_REQUIRES_CONFORMER_REFINEMENT,2256,1680,2082,174,30,40176,0.00013353410331456983,0.0011953939551086479,2.9140683467959727e-05,8.465450562766819e-16,23.68903765340406,117.33107293515945,171.5676425886728,15.628486292671067,0.05951338697271288,0.029396084874328265,0.06047275940215483,6,19,0,0.8163864537754161,0.8163864537754154,0.8394062099300137,7.494005416219807e-16,False,False,False,False,False,False,False,False,False,critical_valence_angle_minimum_is_at_least_70deg | no_nonbonded_heavy_heavy_clashes | no_nonbonded_H_heavy_clashes,REFINE_R2_TRIMER_BRIDGE_CONFORMERS_AND_H_PASSIVANT_ORIENTATIONS
runs/phase1A/day024_chemical_end_rim_design/12_r2_alternating_bn_trimer_bridge_static_coordinate_embedding/r2_trimer_bridge_static_embedding.json:113:    "target_aperture_diameter_nm": 0.8394062099300137,
runs/phase1A/day024_chemical_end_rim_design/20_r2_aperture_metric_consistency_audit/r2_aperture_source_definition_extracts.txt:1536:000148: TARGET_APERTURE_DIAMETER_NM = 0.839406
runs/phase1A/day024_chemical_end_rim_design/20_r2_aperture_metric_consistency_audit/r2_aperture_source_definition_extracts.txt:1556:000148: TARGET_APERTURE_DIAMETER_NM = 0.839406
runs/phase1A/day024_chemical_end_rim_design/20_r2_aperture_metric_consistency_audit/r2_aperture_metric_consistency.json:17:      "diameter_nm": 1.0454151701156797,
runs/phase1A/day024_chemical_end_rim_design/20_r2_aperture_metric_consistency_audit/r2_aperture_metric_consistency.json:21:      "target_nm": 0.839406,
runs/phase1A/day024_chemical_end_rim_design/20_r2_aperture_metric_consistency_audit/r2_aperture_metric_consistency.json:25:      "diameter_nm": 1.0454151701156817,
runs/phase1A/day024_chemical_end_rim_design/20_r2_aperture_metric_consistency_audit/r2_aperture_metric_consistency.json:29:      "target_nm": 0.839406,
runs/phase1A/day024_chemical_end_rim_design/20_r2_aperture_metric_consistency_audit/r2_aperture_metric_consistency.json:33:      "diameter_nm": 1.045415170115682,
runs/phase1A/day024_chemical_end_rim_design/20_r2_aperture_metric_consistency_audit/r2_aperture_metric_consistency.json:37:      "target_nm": 0.839406,
runs/phase1A/day024_chemical_end_rim_design/20_r2_aperture_metric_consistency_audit/r2_aperture_metric_consistency.json:41:      "diameter_nm": 1.0044035414484607,
runs/phase1A/day024_chemical_end_rim_design/20_r2_aperture_metric_consistency_audit/r2_aperture_metric_consistency.json:45:      "target_nm": 0.839406,
runs/phase1A/day024_chemical_end_rim_design/20_r2_aperture_metric_consistency_audit/r2_aperture_metric_consistency.json:49:      "diameter_nm": 1.0454151701156789,
runs/phase1A/day024_chemical_end_rim_design/20_r2_aperture_metric_consistency_audit/r2_aperture_metric_consistency.json:53:      "target_nm": 0.839406,
runs/phase1A/day024_chemical_end_rim_design/20_r2_aperture_metric_consistency_audit/r2_aperture_metric_consistency.json:57:      "diameter_nm": 1.0454151701156817,
runs/phase1A/day024_chemical_end_rim_design/20_r2_aperture_metric_consistency_audit/r2_aperture_metric_consistency.json:61:      "target_nm": 0.839406,
runs/phase1A/day024_chemical_end_rim_design/20_r2_aperture_metric_consistency_audit/r2_aperture_metric_consistency.json:65:      "diameter_nm": 1.045415170115682,
runs/phase1A/day024_chemical_end_rim_design/20_r2_aperture_metric_consistency_audit/r2_aperture_metric_consistency.json:69:      "target_nm": 0.839406,
runs/phase1A/day024_chemical_end_rim_design/20_r2_aperture_metric_consistency_audit/r2_aperture_metric_consistency.json:73:      "diameter_nm": 1.0044035414484607,
runs/phase1A/day024_chemical_end_rim_design/20_r2_aperture_metric_consistency_audit/r2_aperture_metric_consistency.json:77:      "target_nm": 0.839406,
runs/phase1A/day024_chemical_end_rim_design/20_r2_aperture_metric_consistency_audit/r2_aperture_metric_consistency.json:82:    "Gate3O_radial_aperture_lower_nm": 1.0454151701156797,
runs/phase1A/day024_chemical_end_rim_design/20_r2_aperture_metric_consistency_audit/r2_aperture_metric_consistency.json:83:    "Gate3O_radial_aperture_upper_nm": 1.0454151701156789,
runs/phase1A/day024_chemical_end_rim_design/20_r2_aperture_metric_consistency_audit/r2_aperture_metric_consistency_summary.csv:2:R2_APERTURE_METRIC_AUDIT_REQUIRES_FURTHER_REVIEW,0.0,NONE,,,1.0454151701156797,1.0454151701156789,False,False,False,False,False,False,False,False,False,at_least_one_geometric_free_aperture_metric_passes_both_ends,REVIEW_R2_APERTURE_METRIC_DEFINITION_AND_TARGET
runs/phase1A/day024_chemical_end_rim_design/20_r2_aperture_metric_consistency_audit/R2_APERTURE_METRIC_CONSISTENCY_AUDIT_DAY024.md:15:- LOWER / TWO_TIMES_MINIMUM_RADIAL_DISTANCE: 1.045415170 nm; relative error=0.245423; pass=False
runs/phase1A/day024_chemical_end_rim_design/20_r2_aperture_metric_consistency_audit/R2_APERTURE_METRIC_CONSISTENCY_AUDIT_DAY024.md:16:- LOWER / MINIMUM_OPPOSITE_PAIR_DISTANCE: 1.045415170 nm; relative error=0.245423; pass=False
runs/phase1A/day024_chemical_end_rim_design/20_r2_aperture_metric_consistency_audit/R2_APERTURE_METRIC_CONSISTENCY_AUDIT_DAY024.md:17:- LOWER / MEAN_OPPOSITE_PAIR_DISTANCE: 1.045415170 nm; relative error=0.245423; pass=False
runs/phase1A/day024_chemical_end_rim_design/20_r2_aperture_metric_consistency_audit/R2_APERTURE_METRIC_CONSISTENCY_AUDIT_DAY024.md:18:- LOWER / MINIMUM_PROJECTED_WIDTH: 1.004403541 nm; relative error=0.196565; pass=False
runs/phase1A/day024_chemical_end_rim_design/20_r2_aperture_metric_consistency_audit/R2_APERTURE_METRIC_CONSISTENCY_AUDIT_DAY024.md:19:- UPPER / TWO_TIMES_MINIMUM_RADIAL_DISTANCE: 1.045415170 nm; relative error=0.245423; pass=False
runs/phase1A/day024_chemical_end_rim_design/20_r2_aperture_metric_consistency_audit/R2_APERTURE_METRIC_CONSISTENCY_AUDIT_DAY024.md:20:- UPPER / MINIMUM_OPPOSITE_PAIR_DISTANCE: 1.045415170 nm; relative error=0.245423; pass=False
runs/phase1A/day024_chemical_end_rim_design/20_r2_aperture_metric_consistency_audit/R2_APERTURE_METRIC_CONSISTENCY_AUDIT_DAY024.md:21:- UPPER / MEAN_OPPOSITE_PAIR_DISTANCE: 1.045415170 nm; relative error=0.245423; pass=False
runs/phase1A/day024_chemical_end_rim_design/20_r2_aperture_metric_consistency_audit/R2_APERTURE_METRIC_CONSISTENCY_AUDIT_DAY024.md:22:- UPPER / MINIMUM_PROJECTED_WIDTH: 1.004403541 nm; relative error=0.196565; pass=False
runs/phase1A/day024_chemical_end_rim_design/20_r2_aperture_metric_consistency_audit/r2_aperture_opposite_pair_details.csv:2:LOWER,A:LOWER:-2:-4,A:LOWER:2:4,0.5227075850578408,0.5227075850578414,2.5444437451708134e-13,1.0454151701156822
runs/phase1A/day024_chemical_end_rim_design/20_r2_aperture_metric_consistency_audit/r2_aperture_opposite_pair_details.csv:3:LOWER,A:LOWER:-2:4,A:LOWER:2:-4,0.5227075850578409,0.5227075850578409,1.8952208101659532e-13,1.0454151701156817
runs/phase1A/day024_chemical_end_rim_design/20_r2_aperture_metric_consistency_audit/r2_aperture_opposite_pair_details.csv:4:LOWER,A:LOWER:-5:-3,A:LOWER:5:3,0.5227075850578402,0.5227075850578417,1.7811106216195694e-13,1.045415170115682
runs/phase1A/day024_chemical_end_rim_design/20_r2_aperture_metric_consistency_audit/r2_aperture_opposite_pair_details.csv:5:LOWER,A:LOWER:-5:3,A:LOWER:5:-3,0.5227075850578402,0.5227075850578414,1.8952208101659532e-13,1.0454151701156817
runs/phase1A/day024_chemical_end_rim_design/20_r2_aperture_metric_consistency_audit/r2_aperture_opposite_pair_details.csv:6:LOWER,A:LOWER:-7:-1,A:LOWER:7:1,0.5227075850578399,0.5227075850578422,2.5444437451708134e-14,1.045415170115682
runs/phase1A/day024_chemical_end_rim_design/20_r2_aperture_metric_consistency_audit/r2_aperture_opposite_pair_details.csv:7:LOWER,A:LOWER:-7:1,A:LOWER:7:-1,0.5227075850578403,0.522707585057842,3.685545630634652e-14,1.0454151701156822
runs/phase1A/day024_chemical_end_rim_design/20_r2_aperture_metric_consistency_audit/r2_aperture_opposite_pair_details.csv:8:UPPER,A:UPPER:-2:-4,A:UPPER:2:4,0.5227075850578395,0.5227075850578423,1.526666247102488e-13,1.045415170115682
runs/phase1A/day024_chemical_end_rim_design/20_r2_aperture_metric_consistency_audit/r2_aperture_opposite_pair_details.csv:9:UPPER,A:UPPER:-2:4,A:UPPER:2:-4,0.5227075850578426,0.5227075850578394,1.4033418597069752e-14,1.0454151701156822
runs/phase1A/day024_chemical_end_rim_design/20_r2_aperture_metric_consistency_audit/r2_aperture_opposite_pair_details.csv:10:UPPER,A:UPPER:-5:-3,A:UPPER:5:3,0.5227075850578403,0.522707585057842,2.2899993706537323e-13,1.0454151701156822
runs/phase1A/day024_chemical_end_rim_design/20_r2_aperture_metric_consistency_audit/r2_aperture_opposite_pair_details.csv:11:UPPER,A:UPPER:-5:3,A:UPPER:5:-3,0.5227075850578422,0.52270758505784,1.8952208101659532e-13,1.0454151701156822
runs/phase1A/day024_chemical_end_rim_design/20_r2_aperture_metric_consistency_audit/r2_aperture_opposite_pair_details.csv:12:UPPER,A:UPPER:-7:-1,A:UPPER:7:1,0.5227075850578407,0.522707585057841,3.930775806302604e-13,1.0454151701156817
runs/phase1A/day024_chemical_end_rim_design/20_r2_aperture_metric_consistency_audit/r2_aperture_opposite_pair_details.csv:13:UPPER,A:UPPER:-7:1,A:UPPER:7:-1,0.5227075850578414,0.5227075850578402,3.4218870572684415e-13,1.0454151701156817
runs/phase1A/day024_chemical_end_rim_design/20_r2_aperture_metric_consistency_audit/r2_aperture_metric_comparison.csv:2:LOWER,TWO_TIMES_MINIMUM_RADIAL_DISTANCE,1.0454151701156797,0.839406,0.24542256085336508,False
runs/phase1A/day024_chemical_end_rim_design/20_r2_aperture_metric_consistency_audit/r2_aperture_metric_comparison.csv:3:LOWER,MINIMUM_OPPOSITE_PAIR_DISTANCE,1.0454151701156817,0.839406,0.24542256085336747,False
runs/phase1A/day024_chemical_end_rim_design/20_r2_aperture_metric_consistency_audit/r2_aperture_metric_comparison.csv:4:LOWER,MEAN_OPPOSITE_PAIR_DISTANCE,1.045415170115682,0.839406,0.24542256085336772,False
runs/phase1A/day024_chemical_end_rim_design/20_r2_aperture_metric_consistency_audit/r2_aperture_metric_comparison.csv:5:LOWER,MINIMUM_PROJECTED_WIDTH,1.0044035414484607,0.839406,0.19656464386537706,False
runs/phase1A/day024_chemical_end_rim_design/20_r2_aperture_metric_consistency_audit/r2_aperture_metric_comparison.csv:6:UPPER,TWO_TIMES_MINIMUM_RADIAL_DISTANCE,1.0454151701156789,0.839406,0.24542256085336403,False
runs/phase1A/day024_chemical_end_rim_design/20_r2_aperture_metric_consistency_audit/r2_aperture_metric_comparison.csv:7:UPPER,MINIMUM_OPPOSITE_PAIR_DISTANCE,1.0454151701156817,0.839406,0.24542256085336747,False
runs/phase1A/day024_chemical_end_rim_design/20_r2_aperture_metric_consistency_audit/r2_aperture_metric_comparison.csv:8:UPPER,MEAN_OPPOSITE_PAIR_DISTANCE,1.045415170115682,0.839406,0.24542256085336772,False
runs/phase1A/day024_chemical_end_rim_design/20_r2_aperture_metric_consistency_audit/r2_aperture_metric_comparison.csv:9:UPPER,MINIMUM_PROJECTED_WIDTH,1.0044035414484607,0.839406,0.19656464386537706,False
runs/phase1A/day024_chemical_end_rim_design/06_r2_hexagonal_annulus_attachment_feasibility/R2_HEXAGONAL_ANNULUS_ATTACHMENT_FEASIBILITY_DAY024.md:17:  **0.419703/
runs/phase1A/day024_chemical_end_rim_design/06_r2_hexagonal_annulus_attachment_feasibility/R2_HEXAGONAL_ANNULUS_ATTACHMENT_FEASIBILITY_DAY024.md:18:  0.839406 nm**
runs/phase1A/day024_chemical_end_rim_design/06_r2_hexagonal_annulus_attachment_feasibility/r2_hexagonal_annulus_attachment_feasibility_summary.csv:2:R2_PURE_HEXAGONAL_BN_ANNULUS_DIRECT_ATTACHMENT_NOT_FEASIBLE_WITH_CURRENT_HOMOPOLAR_DEGREE2_RIM,45,0,9,0.14497338962610404,1.1991257007481553,0.41970310496500685,0.8394062099300137,145.1329066507616,5,2,126,156,30,15,15,15,15,1.0740412851132826,0.5227089898747374,0.07487683944336797,0.10431301368724762,0.2454255965495388,10,2,2.220059168360799,0.5227089898747374,606,,,True,False,True,False,False,False,False,False,False,False,,EVALUATE_C3_PARENT_RIM_RECONSTRUCTION_AND_HYBRID_LINKER_CONTINGENCIES
runs/phase1A/day024_chemical_end_rim_design/06_r2_hexagonal_annulus_attachment_feasibility/r2_hexagonal_annulus_attachment_feasibility.json:125:    "target_aperture_diameter_nm": 0.8394062099300137,
runs/phase1A/day024_chemical_end_rim_design/06_r2_hexagonal_annulus_attachment_feasibility/r2_hexagonal_annulus_attachment_feasibility.json:126:    "target_aperture_radius_nm": 0.41970310496500685,

------------------------------------------------------------------
APERTURE AND EXCLUSION TERMINOLOGY
------------------------------------------------------------------
scripts/phase1A/build_and_validate_day024_r2_selected_four_atom_heavy_coordinate_embedding.py:959:        nuclear_aperture = (
scripts/phase1A/build_and_validate_day024_r2_selected_four_atom_heavy_coordinate_embedding.py:980:                "nuclear_aperture_diameter_nm": (
scripts/phase1A/build_and_validate_day024_r2_selected_four_atom_heavy_coordinate_embedding.py:981:                    nuclear_aperture
scripts/phase1A/build_and_validate_day024_r2_selected_four_atom_heavy_coordinate_embedding.py:983:                "nuclear_aperture_relative_error": abs(
scripts/phase1A/build_and_validate_day024_r2_selected_four_atom_heavy_coordinate_embedding.py:984:                    nuclear_aperture
scripts/phase1A/build_and_validate_day024_r2_selected_four_atom_heavy_coordinate_embedding.py:1018:                    "nuclear_aperture_diameter_nm"
scripts/phase1A/build_and_validate_day024_r2_selected_four_atom_heavy_coordinate_embedding.py:1023:                    "nuclear_aperture_diameter_nm"
scripts/phase1A/build_and_validate_day024_r2_selected_four_atom_heavy_coordinate_embedding.py:1153:        "aperture_errors_are_within10percent": all(
scripts/phase1A/build_and_validate_day024_r2_selected_four_atom_heavy_coordinate_embedding.py:1156:                    "nuclear_aperture_relative_error"
scripts/phase1A/build_and_validate_day024_r2_selected_four_atom_heavy_coordinate_embedding.py:1245:        "lower_aperture_diameter_nm": (
scripts/phase1A/build_and_validate_day024_r2_selected_four_atom_heavy_coordinate_embedding.py:1247:                "nuclear_aperture_diameter_nm"
scripts/phase1A/build_and_validate_day024_r2_selected_four_atom_heavy_coordinate_embedding.py:1250:        "upper_aperture_diameter_nm": (
scripts/phase1A/build_and_validate_day024_r2_selected_four_atom_heavy_coordinate_embedding.py:1252:                "nuclear_aperture_diameter_nm"
scripts/phase1A/build_and_validate_day024_r2_selected_four_atom_heavy_coordinate_embedding.py:1533:## Heavy-atom clearance
scripts/phase1A/build_and_validate_day024_r2_selected_four_atom_heavy_coordinate_embedding.py:1542:- Lower/upper aperture:
scripts/phase1A/build_and_validate_day024_r2_selected_four_atom_heavy_coordinate_embedding.py:1543:  **{float(lower['nuclear_aperture_diameter_nm']):.9f}/
scripts/phase1A/build_and_validate_day024_r2_selected_four_atom_heavy_coordinate_embedding.py:1544:  {float(upper['nuclear_aperture_diameter_nm']):.9f} nm**
scripts/phase1A/build_and_validate_day024_r2_selected_four_atom_heavy_coordinate_embedding.py:1614:            f"{row['end']} bridge atoms / aperture/error / "
scripts/phase1A/build_and_validate_day024_r2_selected_four_atom_heavy_coordinate_embedding.py:1617:            f"{float(row['nuclear_aperture_diameter_nm']):.9f}/"
scripts/phase1A/build_and_validate_day024_r2_selected_four_atom_heavy_coordinate_embedding.py:1618:            f"{float(row['nuclear_aperture_relative_error']):.9f}/"
scripts/phase1A/audit_day024_r2_hexagonal_annulus_attachment_feasibility.py:592:    target_aperture_radius_nm: float,
scripts/phase1A/audit_day024_r2_hexagonal_annulus_attachment_feasibility.py:765:        - target_aperture_radius_nm
scripts/phase1A/audit_day024_r2_hexagonal_annulus_attachment_feasibility.py:766:    ) / target_aperture_radius_nm
scripts/phase1A/audit_day024_r2_hexagonal_annulus_attachment_feasibility.py:1034:    target_aperture_radius_nm = parse_float(
scripts/phase1A/audit_day024_r2_hexagonal_annulus_attachment_feasibility.py:1036:        "target_aperture_radius_nm",
scripts/phase1A/audit_day024_r2_hexagonal_annulus_attachment_feasibility.py:1039:    target_aperture_diameter_nm = parse_float(
scripts/phase1A/audit_day024_r2_hexagonal_annulus_attachment_feasibility.py:1041:        "target_aperture_diameter_nm",
scripts/phase1A/audit_day024_r2_hexagonal_annulus_attachment_feasibility.py:1081:                    target_aperture_radius_nm,
scripts/phase1A/audit_day024_r2_hexagonal_annulus_attachment_feasibility.py:1376:        "target_aperture_radius_nm": (
scripts/phase1A/audit_day024_r2_hexagonal_annulus_attachment_feasibility.py:1377:            target_aperture_radius_nm
scripts/phase1A/audit_day024_r2_hexagonal_annulus_attachment_feasibility.py:1379:        "target_aperture_diameter_nm": (
scripts/phase1A/audit_day024_r2_hexagonal_annulus_attachment_feasibility.py:1380:            target_aperture_diameter_nm
scripts/phase1A/audit_day024_r2_hexagonal_annulus_attachment_feasibility.py:1679:  **{target_aperture_radius_nm:.6f}/
scripts/phase1A/audit_day024_r2_hexagonal_annulus_attachment_feasibility.py:1680:  {target_aperture_diameter_nm:.6f} nm**
scripts/phase1A/audit_day024_r2_hexagonal_annulus_attachment_feasibility.py:1763:radius, aperture, and atom-population constraints in the screened
scripts/phase1A/audit_day024_r2_hexagonal_annulus_attachment_feasibility.py:1787:        "Targets bond / outer radius / aperture radius / "
scripts/phase1A/audit_day024_r2_hexagonal_annulus_attachment_feasibility.py:1791:        f"{target_aperture_radius_nm:.6f}/"
scripts/phase1A/audit_day024_r2_parent_rim_and_chemical_constraints.before_declared_atom_array_fix_20260709_094223.py:1172:    target_aperture_diameter_nm = (
scripts/phase1A/audit_day024_r2_parent_rim_and_chemical_constraints.before_declared_atom_array_fix_20260709_094223.py:1175:            "R2_effective_aperture_diameter_nm",
scripts/phase1A/audit_day024_r2_parent_rim_and_chemical_constraints.before_declared_atom_array_fix_20260709_094223.py:1179:    target_aperture_radius_nm = (
scripts/phase1A/audit_day024_r2_parent_rim_and_chemical_constraints.before_declared_atom_array_fix_20260709_094223.py:1180:        target_aperture_diameter_nm
scripts/phase1A/audit_day024_r2_parent_rim_and_chemical_constraints.before_declared_atom_array_fix_20260709_094223.py:1608:    required_radial_occlusion_nm = (
scripts/phase1A/audit_day024_r2_parent_rim_and_chemical_constraints.before_declared_atom_array_fix_20260709_094223.py:1610:        - target_aperture_radius_nm
scripts/phase1A/audit_day024_r2_parent_rim_and_chemical_constraints.before_declared_atom_array_fix_20260709_094223.py:1630:            - target_aperture_radius_nm
scripts/phase1A/audit_day024_r2_parent_rim_and_chemical_constraints.before_declared_atom_array_fix_20260709_094223.py:1631:            * target_aperture_radius_nm
scripts/phase1A/audit_day024_r2_parent_rim_and_chemical_constraints.before_declared_atom_array_fix_20260709_094223.py:1852:                "target_effective_aperture_diameter"
scripts/phase1A/audit_day024_r2_parent_rim_and_chemical_constraints.before_declared_atom_array_fix_20260709_094223.py:1855:                target_aperture_diameter_nm
scripts/phase1A/audit_day024_r2_parent_rim_and_chemical_constraints.before_declared_atom_array_fix_20260709_094223.py:1865:                "target_effective_aperture_radius"
scripts/phase1A/audit_day024_r2_parent_rim_and_chemical_constraints.before_declared_atom_array_fix_20260709_094223.py:1868:                target_aperture_radius_nm
scripts/phase1A/audit_day024_r2_parent_rim_and_chemical_constraints.before_declared_atom_array_fix_20260709_094223.py:1872:                "Half of validated aperture diameter"
scripts/phase1A/audit_day024_r2_parent_rim_and_chemical_constraints.before_declared_atom_array_fix_20260709_094223.py:1904:                "required_radial_occlusion"
scripts/phase1A/audit_day024_r2_parent_rim_and_chemical_constraints.before_declared_atom_array_fix_20260709_094223.py:1907:                required_radial_occlusion_nm
scripts/phase1A/audit_day024_r2_parent_rim_and_chemical_constraints.before_declared_atom_array_fix_20260709_094223.py:1912:                "aperture radius"
scripts/phase1A/audit_day024_r2_parent_rim_and_chemical_constraints.before_declared_atom_array_fix_20260709_094223.py:1946:                "validated_steric_beads_per_end"
scripts/phase1A/audit_day024_r2_parent_rim_and_chemical_constraints.before_declared_atom_array_fix_20260709_094223.py:2028:                f"{required_radial_occlusion_nm:.6f} nm."
scripts/phase1A/audit_day024_r2_parent_rim_and_chemical_constraints.before_declared_atom_array_fix_20260709_094223.py:2036:                "validated 0.84 nm aperture."
scripts/phase1A/audit_day024_r2_parent_rim_and_chemical_constraints.before_declared_atom_array_fix_20260709_094223.py:2060:                "validated planar annular steric cap; "
scripts/phase1A/audit_day024_r2_parent_rim_and_chemical_constraints.before_declared_atom_array_fix_20260709_094223.py:2125:                "Can reduce the effective aperture but "
scripts/phase1A/audit_day024_r2_parent_rim_and_chemical_constraints.before_declared_atom_array_fix_20260709_094223.py:2127:                "planar exclusion surface."
scripts/phase1A/audit_day024_r2_parent_rim_and_chemical_constraints.before_declared_atom_array_fix_20260709_094223.py:2418:        "validated_aperture_is_finite_and_open": (
scripts/phase1A/audit_day024_r2_parent_rim_and_chemical_constraints.before_declared_atom_array_fix_20260709_094223.py:2420:                target_aperture_diameter_nm
scripts/phase1A/audit_day024_r2_parent_rim_and_chemical_constraints.before_declared_atom_array_fix_20260709_094223.py:2422:            and target_aperture_diameter_nm
scripts/phase1A/audit_day024_r2_parent_rim_and_chemical_constraints.before_declared_atom_array_fix_20260709_094223.py:2424:            and target_aperture_radius_nm
scripts/phase1A/audit_day024_r2_parent_rim_and_chemical_constraints.before_declared_atom_array_fix_20260709_094223.py:2435:        "required_radial_occlusion_is_positive": (
scripts/phase1A/audit_day024_r2_parent_rim_and_chemical_constraints.before_declared_atom_array_fix_20260709_094223.py:2436:            required_radial_occlusion_nm
scripts/phase1A/audit_day024_r2_parent_rim_and_chemical_constraints.before_declared_atom_array_fix_20260709_094223.py:2667:        "target_aperture_diameter_nm": (
scripts/phase1A/audit_day024_r2_parent_rim_and_chemical_constraints.before_declared_atom_array_fix_20260709_094223.py:2668:            target_aperture_diameter_nm
scripts/phase1A/audit_day024_r2_parent_rim_and_chemical_constraints.before_declared_atom_array_fix_20260709_094223.py:2670:        "target_aperture_radius_nm": (
scripts/phase1A/audit_day024_r2_parent_rim_and_chemical_constraints.before_declared_atom_array_fix_20260709_094223.py:2671:            target_aperture_radius_nm
scripts/phase1A/audit_day024_r2_parent_rim_and_chemical_constraints.before_declared_atom_array_fix_20260709_094223.py:2679:        "required_radial_occlusion_nm": (
scripts/phase1A/audit_day024_r2_parent_rim_and_chemical_constraints.before_declared_atom_array_fix_20260709_094223.py:2680:            required_radial_occlusion_nm
scripts/phase1A/audit_day024_r2_parent_rim_and_chemical_constraints.before_declared_atom_array_fix_20260709_094223.py:2758:the validated steric-cap geometry into chemical and atomistic design
scripts/phase1A/audit_day024_r2_parent_rim_and_chemical_constraints.before_declared_atom_array_fix_20260709_094223.py:2842:- Effective aperture diameter:
scripts/phase1A/audit_day024_r2_parent_rim_and_chemical_constraints.before_declared_atom_array_fix_20260709_094223.py:2843:  **{target_aperture_diameter_nm:.6f} nm**
scripts/phase1A/audit_day024_r2_parent_rim_and_chemical_constraints.before_declared_atom_array_fix_20260709_094223.py:2844:- Effective aperture radius:
scripts/phase1A/audit_day024_r2_parent_rim_and_chemical_constraints.before_declared_atom_array_fix_20260709_094223.py:2845:  **{target_aperture_radius_nm:.6f} nm**
scripts/phase1A/audit_day024_r2_parent_rim_and_chemical_constraints.before_declared_atom_array_fix_20260709_094223.py:2850:- Required radial occlusion:
scripts/phase1A/audit_day024_r2_parent_rim_and_chemical_constraints.before_declared_atom_array_fix_20260709_094223.py:2851:  **{required_radial_occlusion_nm:.6f} nm**
scripts/phase1A/audit_day024_r2_parent_rim_and_chemical_constraints.before_declared_atom_array_fix_20260709_094223.py:2856:- Validated steric beads:
scripts/phase1A/audit_day024_r2_parent_rim_and_chemical_constraints.before_declared_atom_array_fix_20260709_094223.py:2862:itself reproduce the validated aperture because the required inward
scripts/phase1A/audit_day024_r2_parent_rim_and_chemical_constraints.before_declared_atom_array_fix_20260709_094223.py:2864:**{required_radial_occlusion_nm:.6f} nm**.
scripts/phase1A/audit_day024_r2_parent_rim_and_chemical_constraints.before_declared_atom_array_fix_20260709_094223.py:2951:        "Lower rim atoms / B / N / radius / "
scripts/phase1A/audit_day024_r2_parent_rim_and_chemical_constraints.before_declared_atom_array_fix_20260709_094223.py:2962:        "Upper rim atoms / B / N / radius / "
scripts/phase1A/audit_day024_r2_parent_rim_and_chemical_constraints.before_declared_atom_array_fix_20260709_094223.py:2979:        "Target aperture diameter / radius / "
scripts/phase1A/audit_day024_r2_parent_rim_and_chemical_constraints.before_declared_atom_array_fix_20260709_094223.py:2981:        f"{target_aperture_diameter_nm:.6f}/"
scripts/phase1A/audit_day024_r2_parent_rim_and_chemical_constraints.before_declared_atom_array_fix_20260709_094223.py:2982:        f"{target_aperture_radius_nm:.6f}/"
scripts/phase1A/audit_day024_r2_parent_rim_and_chemical_constraints.before_declared_atom_array_fix_20260709_094223.py:2987:        "Parent rim radius / required radial occlusion: "
scripts/phase1A/audit_day024_r2_parent_rim_and_chemical_constraints.before_declared_atom_array_fix_20260709_094223.py:2989:        f"{required_radial_occlusion_nm:.6f} nm"
scripts/phase1A/build_and_validate_day024_r2_graded_heteropolar_bn_collar_connectivity_blueprint.py:744:    aperture_radius_nm: float,
scripts/phase1A/build_and_validate_day024_r2_graded_heteropolar_bn_collar_connectivity_blueprint.py:771:            * aperture_radius_nm
scripts/phase1A/build_and_validate_day024_r2_graded_heteropolar_bn_collar_connectivity_blueprint.py:1972:    aperture_diameter_nm = parse_float(
scripts/phase1A/build_and_validate_day024_r2_graded_heteropolar_bn_collar_connectivity_blueprint.py:1974:        "target_aperture_diameter_nm",
scripts/phase1A/build_and_validate_day024_r2_graded_heteropolar_bn_collar_connectivity_blueprint.py:1977:    aperture_radius_nm = parse_float(
scripts/phase1A/build_and_validate_day024_r2_graded_heteropolar_bn_collar_connectivity_blueprint.py:1979:        "target_aperture_radius_nm",
scripts/phase1A/build_and_validate_day024_r2_graded_heteropolar_bn_collar_connectivity_blueprint.py:2001:            aperture_radius_nm,
scripts/phase1A/build_and_validate_day024_r2_graded_heteropolar_bn_collar_connectivity_blueprint.py:2231:        "total_added_heavy_atoms_match_288_R2_steric_beads": (
scripts/phase1A/build_and_validate_day024_r2_graded_heteropolar_bn_collar_connectivity_blueprint.py:2482:        "target_aperture_diameter_nm": (
scripts/phase1A/build_and_validate_day024_r2_graded_heteropolar_bn_collar_connectivity_blueprint.py:2483:            aperture_diameter_nm
scripts/phase1A/build_and_validate_day024_r2_graded_heteropolar_bn_collar_connectivity_blueprint.py:2485:        "target_aperture_radius_nm": (
scripts/phase1A/build_and_validate_day024_r2_graded_heteropolar_bn_collar_connectivity_blueprint.py:2486:            aperture_radius_nm
scripts/phase1A/build_and_validate_day024_r2_graded_heteropolar_bn_collar_connectivity_blueprint.py:2628:                "The target aperture is represented by "
scripts/phase1A/build_and_validate_day024_r2_graded_heteropolar_bn_collar_connectivity_blueprint.py:2750:matching the 144 steric R2 beads per end.
scripts/phase1A/build_and_validate_day024_r2_graded_heteropolar_bn_collar_connectivity_blueprint.py:2839:bond lengths, bond angles, strain, planarity, aperture size, or
scripts/phase1A/prepare_day023_r1_nvt_checkpoint_continuation_to_50ps.py:1415:The continuation remains part of the R1 frozen steric positive-control
scripts/phase1A/build_and_validate_day023_r2_topology_static_scan.py:37:    / "02_r1_steric_cap_prototype"
scripts/phase1A/build_and_validate_day023_r2_topology_static_scan.py:67:    / "r1_selected_steric_cap_definition.json"
scripts/phase1A/build_and_validate_day023_r2_topology_static_scan.py:152:    / "r2_selected_5kBT_aperture_radial_profile.csv"
scripts/phase1A/build_and_validate_day023_r2_topology_static_scan.py:157:    / "r2_selected_5kBT_aperture_axial_profile.csv"
scripts/phase1A/build_and_validate_day023_r2_topology_static_scan.py:1493:def aperture_profiles(
scripts/phase1A/build_and_validate_day023_r2_topology_static_scan.py:1602:    lower_aperture_radius = first_threshold_crossing(
scripts/phase1A/build_and_validate_day023_r2_topology_static_scan.py:1608:    upper_aperture_radius = first_threshold_crossing(
scripts/phase1A/build_and_validate_day023_r2_topology_static_scan.py:1723:        "lower_actual_aperture_radius_5kBT_nm": (
scripts/phase1A/build_and_validate_day023_r2_topology_static_scan.py:1724:            lower_aperture_radius
scripts/phase1A/build_and_validate_day023_r2_topology_static_scan.py:1726:        "upper_actual_aperture_radius_5kBT_nm": (
scripts/phase1A/build_and_validate_day023_r2_topology_static_scan.py:1727:            upper_aperture_radius
scripts/phase1A/build_and_validate_day023_r2_topology_static_scan.py:1729:        "mean_actual_aperture_radius_5kBT_nm": (
scripts/phase1A/build_and_validate_day023_r2_topology_static_scan.py:1732:                lower_aperture_radius
scripts/phase1A/build_and_validate_day023_r2_topology_static_scan.py:1733:                + upper_aperture_radius
scripts/phase1A/build_and_validate_day023_r2_topology_static_scan.py:2427:        aperture_metrics,
scripts/phase1A/build_and_validate_day023_r2_topology_static_scan.py:2428:    ) = aperture_profiles(
scripts/phase1A/build_and_validate_day023_r2_topology_static_scan.py:2478:            strength_aperture,
scripts/phase1A/build_and_validate_day023_r2_topology_static_scan.py:2479:        ) = aperture_profiles(
scripts/phase1A/build_and_validate_day023_r2_topology_static_scan.py:2518:                "lower_actual_5kBT_aperture_radius_nm": (
scripts/phase1A/build_and_validate_day023_r2_topology_static_scan.py:2519:                    strength_aperture[
scripts/phase1A/build_and_validate_day023_r2_topology_static_scan.py:2520:                        "lower_actual_aperture_radius_5kBT_nm"
scripts/phase1A/build_and_validate_day023_r2_topology_static_scan.py:2523:                "upper_actual_5kBT_aperture_radius_nm": (
scripts/phase1A/build_and_validate_day023_r2_topology_static_scan.py:2524:                    strength_aperture[
scripts/phase1A/build_and_validate_day023_r2_topology_static_scan.py:2525:                        "upper_actual_aperture_radius_5kBT_nm"
scripts/phase1A/build_and_validate_day023_r2_topology_static_scan.py:2529:                    strength_aperture[
scripts/phase1A/build_and_validate_day023_r2_topology_static_scan.py:2534:                    strength_aperture[
scripts/phase1A/build_and_validate_day023_r2_topology_static_scan.py:2710:    lower_aperture = float(
scripts/phase1A/build_and_validate_day023_r2_topology_static_scan.py:2711:        aperture_metrics[
scripts/phase1A/build_and_validate_day023_r2_topology_static_scan.py:2712:            "lower_actual_aperture_radius_5kBT_nm"
scripts/phase1A/build_and_validate_day023_r2_topology_static_scan.py:2716:    upper_aperture = float(
scripts/phase1A/build_and_validate_day023_r2_topology_static_scan.py:2717:        aperture_metrics[
scripts/phase1A/build_and_validate_day023_r2_topology_static_scan.py:2718:            "upper_actual_aperture_radius_5kBT_nm"
scripts/phase1A/build_and_validate_day023_r2_topology_static_scan.py:2724:            aperture_metrics[
scripts/phase1A/build_and_validate_day023_r2_topology_static_scan.py:2729:            aperture_metrics[
scripts/phase1A/build_and_validate_day023_r2_topology_static_scan.py:2897:        "lower_actual_aperture_radius_is_0p20_to_0p45nm": (
scripts/phase1A/build_and_validate_day023_r2_topology_static_scan.py:2899:            <= lower_aperture
scripts/phase1A/build_and_validate_day023_r2_topology_static_scan.py:2902:        "upper_actual_aperture_radius_is_0p20_to_0p45nm": (
scripts/phase1A/build_and_validate_day023_r2_topology_static_scan.py:2904:            <= upper_aperture
scripts/phase1A/build_and_validate_day023_r2_topology_static_scan.py:2907:        "lower_upper_aperture_radii_are_symmetric": (
scripts/phase1A/build_and_validate_day023_r2_topology_static_scan.py:2909:                lower_aperture
scripts/phase1A/build_and_validate_day023_r2_topology_static_scan.py:2910:                - upper_aperture
scripts/phase1A/build_and_validate_day023_r2_topology_static_scan.py:2914:        "central_axial_path_barrier_is_at_most_5kBT": (
scripts/phase1A/build_and_validate_day023_r2_topology_static_scan.py:3008:        "lower_actual_aperture_radius_5kBT_nm": (
scripts/phase1A/build_and_validate_day023_r2_topology_static_scan.py:3009:            lower_aperture
scripts/phase1A/build_and_validate_day023_r2_topology_static_scan.py:3011:        "upper_actual_aperture_radius_5kBT_nm": (
scripts/phase1A/build_and_validate_day023_r2_topology_static_scan.py:3012:            upper_aperture
scripts/phase1A/build_and_validate_day023_r2_topology_static_scan.py:3014:        "mean_actual_aperture_radius_5kBT_nm": (
scripts/phase1A/build_and_validate_day023_r2_topology_static_scan.py:3015:            aperture_metrics[
scripts/phase1A/build_and_validate_day023_r2_topology_static_scan.py:3016:                "mean_actual_aperture_radius_5kBT_nm"
scripts/phase1A/build_and_validate_day023_r2_topology_static_scan.py:3020:            aperture_metrics[
scripts/phase1A/build_and_validate_day023_r2_topology_static_scan.py:3025:            aperture_metrics[
scripts/phase1A/build_and_validate_day023_r2_topology_static_scan.py:3131:## Actual potential-defined aperture
scripts/phase1A/build_and_validate_day023_r2_topology_static_scan.py:3133:At the selected 5 kBT CAP–OW model:
scripts/phase1A/build_and_validate_day023_r2_topology_static_scan.py:3135:- Lower aperture radius:
scripts/phase1A/build_and_validate_day023_r2_topology_static_scan.py:3136:  **{lower_aperture:.6f} nm**
scripts/phase1A/build_and_validate_day023_r2_topology_static_scan.py:3137:- Upper aperture radius:
scripts/phase1A/build_and_validate_day023_r2_topology_static_scan.py:3138:  **{upper_aperture:.6f} nm**
scripts/phase1A/build_and_validate_day023_r2_topology_static_scan.py:3139:- Mean aperture diameter:
scripts/phase1A/build_and_validate_day023_r2_topology_static_scan.py:3140:  **{2.0 * float(aperture_metrics['mean_actual_aperture_radius_5kBT_nm']):.6f}
scripts/phase1A/build_and_validate_day023_r2_topology_static_scan.py:3143:  **{float(aperture_metrics['lower_centerline_maximum_barrier_kBT']):.6f}
scripts/phase1A/build_and_validate_day023_r2_topology_static_scan.py:3146:  **{float(aperture_metrics['upper_centerline_maximum_barrier_kBT']):.6f}
scripts/phase1A/build_and_validate_day023_r2_topology_static_scan.py:3149:The potential-defined aperture incorporates the summed interaction of
scripts/phase1A/build_and_validate_day023_r2_topology_static_scan.py:3176:R2 remains a frozen neutral steric screening design. Static acceptance
scripts/phase1A/build_and_validate_day023_r2_topology_static_scan.py:3244:        "Actual lower/upper 5kBT aperture radius: "
scripts/phase1A/build_and_validate_day023_r2_topology_static_scan.py:3245:        f"{lower_aperture:.6f}/"
scripts/phase1A/build_and_validate_day023_r2_topology_static_scan.py:3246:        f"{upper_aperture:.6f} nm"
scripts/phase1A/build_and_validate_day023_r2_topology_static_scan.py:3250:        "Actual mean 5kBT aperture diameter: "
scripts/phase1A/build_and_validate_day023_r2_topology_static_scan.py:3251:        f"{2.0 * float(aperture_metrics['mean_actual_aperture_radius_5kBT_nm']):.6f} nm"
scripts/phase1A/build_and_validate_day023_r2_topology_static_scan.py:3256:        f"{float(aperture_metrics['lower_centerline_maximum_barrier_kBT']):.6f}/"
scripts/phase1A/build_and_validate_day023_r2_topology_static_scan.py:3257:        f"{float(aperture_metrics['upper_centerline_maximum_barrier_kBT']):.6f} kBT"
scripts/phase1A/replay_day024_r2_selected_four_atom_exact_conformers.py:300:        "minimum_interbridge_clearance_nm",
scripts/phase1A/replay_day024_r2_selected_four_atom_exact_conformers.py:303:        "minimum_local_clearance_nm",
scripts/phase1A/replay_day024_r2_selected_four_atom_exact_conformers.py:515:                        "minimum_local_clearance_nm": float(
scripts/phase1A/replay_day024_r2_selected_four_atom_exact_conformers.py:516:                            candidate["minimum_clearance_nm"]
scripts/phase1A/replay_day024_r2_selected_four_atom_exact_conformers.py:762:    minimum_local_clearance = min(
scripts/phase1A/replay_day024_r2_selected_four_atom_exact_conformers.py:765:            "minimum_local_clearance_nm",
scripts/phase1A/replay_day024_r2_selected_four_atom_exact_conformers.py:865:        "minimum_selected_local_clearance_is_at_least0p120nm": (
scripts/phase1A/replay_day024_r2_selected_four_atom_exact_conformers.py:866:            minimum_local_clearance >= 0.120
scripts/phase1A/replay_day024_r2_selected_four_atom_exact_conformers.py:952:        "minimum_selected_local_clearance_nm": (
scripts/phase1A/replay_day024_r2_selected_four_atom_exact_conformers.py:953:            minimum_local_clearance
scripts/phase1A/replay_day024_r2_selected_four_atom_exact_conformers.py:1164:- Minimum local clearance:
scripts/phase1A/replay_day024_r2_selected_four_atom_exact_conformers.py:1165:  **{minimum_local_clearance:.9f} nm**
scripts/phase1A/replay_day024_r2_selected_four_atom_exact_conformers.py:1240:        "Minimum angle / local clearance / "
scripts/phase1A/replay_day024_r2_selected_four_atom_exact_conformers.py:1243:        f"{minimum_local_clearance:.9f}/"
scripts/phase1A/audit_day024_r2_alternating_bn_oligomer_bridge_feasibility.py:1727:                "heavy_atom_relative_error_from_steric_estimate": (
scripts/phase1A/audit_day024_r2_alternating_bn_oligomer_bridge_feasibility.py:1985:                "heavy_atom_relative_error_from_steric_estimate"
scripts/phase1A/audit_day024_r2_alternating_bn_oligomer_bridge_feasibility.py:2048:        "selected_heavy_atom_relative_error_from_steric_estimate": (
scripts/phase1A/audit_day024_r2_alternating_bn_oligomer_bridge_feasibility.py:2116:                        "without steric clashes."
scripts/phase1A/audit_day024_r2_aperture_metric_consistency.py:24:    / "20_r2_aperture_metric_consistency_audit"
scripts/phase1A/audit_day024_r2_aperture_metric_consistency.py:72:    / "r2_aperture_metric_comparison.csv"
scripts/phase1A/audit_day024_r2_aperture_metric_consistency.py:77:    / "r2_aperture_opposite_pair_details.csv"
scripts/phase1A/audit_day024_r2_aperture_metric_consistency.py:82:    / "r2_aperture_source_definition_extracts.txt"
scripts/phase1A/audit_day024_r2_aperture_metric_consistency.py:87:    / "r2_aperture_metric_consistency_summary.csv"
scripts/phase1A/audit_day024_r2_aperture_metric_consistency.py:92:    / "r2_aperture_metric_consistency_gates.csv"
scripts/phase1A/audit_day024_r2_aperture_metric_consistency.py:97:    / "r2_aperture_metric_consistency.json"
scripts/phase1A/audit_day024_r2_aperture_metric_consistency.py:102:    / "r2_aperture_metric_consistency_manifest.csv"
scripts/phase1A/audit_day024_r2_aperture_metric_consistency.py:462:def extract_aperture_code(path: Path) -> str:
scripts/phase1A/audit_day024_r2_aperture_metric_consistency.py:473:            r"aperture|inner_radii|inner_radius|diameter",
scripts/phase1A/audit_day024_r2_aperture_metric_consistency.py:698:                    "lower_nuclear_aperture_diameter_nm"
scripts/phase1A/audit_day024_r2_aperture_metric_consistency.py:700:                    else "upper_nuclear_aperture_diameter_nm"
scripts/phase1A/audit_day024_r2_aperture_metric_consistency.py:705:                    "lower_nuclear_aperture_diameter_nm"
scripts/phase1A/audit_day024_r2_aperture_metric_consistency.py:707:                    else "upper_nuclear_aperture_diameter_nm"
scripts/phase1A/audit_day024_r2_aperture_metric_consistency.py:765:            f"{extract_aperture_code(path)}"
scripts/phase1A/audit_day024_r2_aperture_metric_consistency.py:853:        "Gate3O_has_expected_aperture_only_review_decision": (
scripts/phase1A/audit_day024_r2_aperture_metric_consistency.py:861:            == "aperture_errors_are_within10percent"
scripts/phase1A/audit_day024_r2_aperture_metric_consistency.py:870:        "at_least_one_geometric_free_aperture_metric_passes_both_ends": (
scripts/phase1A/audit_day024_r2_aperture_metric_consistency.py:873:        "all_aperture_metrics_are_lower_upper_symmetric": all(
scripts/phase1A/audit_day024_r2_aperture_metric_consistency.py:879:        "heavy_geometry_other_than_aperture_remains_accepted": (
scripts/phase1A/audit_day024_r2_aperture_metric_consistency.py:947:        "preferred_aperture_metric": (
scripts/phase1A/audit_day024_r2_aperture_metric_consistency.py:950:        "lower_preferred_aperture_nm": (
scripts/phase1A/audit_day024_r2_aperture_metric_consistency.py:960:        "upper_preferred_aperture_nm": (
scripts/phase1A/audit_day024_r2_aperture_metric_consistency.py:970:        "Gate3O_radial_aperture_lower_nm": grouped[
scripts/phase1A/audit_day024_r2_aperture_metric_consistency.py:976:        "Gate3O_radial_aperture_upper_nm": grouped[
scripts/phase1A/audit_day024_r2_aperture_metric_consistency.py:982:        "aperture_metric_inconsistency_identified": (
scripts/phase1A/audit_day024_r2_aperture_metric_consistency.py:1027:                        "This gate audits aperture definitions only."
scripts/phase1A/audit_day024_r2_aperture_metric_consistency.py:1119:This gate investigates the isolated aperture failure reported by Gate 3O.
scripts/phase1A/audit_day024_r2_aperture_metric_consistency.py:1127:## Compared aperture metrics
scripts/phase1A/audit_day024_r2_aperture_metric_consistency.py:1136:  **{summary['lower_preferred_aperture_nm']} nm**
scripts/phase1A/audit_day024_r2_aperture_metric_consistency.py:1138:  **{summary['upper_preferred_aperture_nm']} nm**
scripts/phase1A/audit_day024_r2_aperture_metric_consistency.py:1168:        "Day024 R2 aperture metric consistency "
scripts/phase1A/audit_day024_r2_aperture_metric_consistency.py:1187:        f"Preferred aperture metric: {preferred_metric}"
scripts/phase1A/audit_day024_r2_parent_rim_and_chemical_constraints.py:1317:    target_aperture_diameter_nm = (
scripts/phase1A/audit_day024_r2_parent_rim_and_chemical_constraints.py:1320:            "R2_effective_aperture_diameter_nm",
scripts/phase1A/audit_day024_r2_parent_rim_and_chemical_constraints.py:1324:    target_aperture_radius_nm = (
scripts/phase1A/audit_day024_r2_parent_rim_and_chemical_constraints.py:1325:        target_aperture_diameter_nm
scripts/phase1A/audit_day024_r2_parent_rim_and_chemical_constraints.py:1757:    required_radial_occlusion_nm = (
scripts/phase1A/audit_day024_r2_parent_rim_and_chemical_constraints.py:1759:        - target_aperture_radius_nm
scripts/phase1A/audit_day024_r2_parent_rim_and_chemical_constraints.py:1779:            - target_aperture_radius_nm
scripts/phase1A/audit_day024_r2_parent_rim_and_chemical_constraints.py:1780:            * target_aperture_radius_nm
scripts/phase1A/audit_day024_r2_parent_rim_and_chemical_constraints.py:2042:                "target_effective_aperture_diameter"
scripts/phase1A/audit_day024_r2_parent_rim_and_chemical_constraints.py:2045:                target_aperture_diameter_nm
scripts/phase1A/audit_day024_r2_parent_rim_and_chemical_constraints.py:2055:                "target_effective_aperture_radius"
scripts/phase1A/audit_day024_r2_parent_rim_and_chemical_constraints.py:2058:                target_aperture_radius_nm
scripts/phase1A/audit_day024_r2_parent_rim_and_chemical_constraints.py:2062:                "Half of validated aperture diameter"
scripts/phase1A/audit_day024_r2_parent_rim_and_chemical_constraints.py:2094:                "required_radial_occlusion"
scripts/phase1A/audit_day024_r2_parent_rim_and_chemical_constraints.py:2097:                required_radial_occlusion_nm
scripts/phase1A/audit_day024_r2_parent_rim_and_chemical_constraints.py:2102:                "aperture radius"
scripts/phase1A/audit_day024_r2_parent_rim_and_chemical_constraints.py:2136:                "validated_steric_beads_per_end"
scripts/phase1A/audit_day024_r2_parent_rim_and_chemical_constraints.py:2221:                f"{required_radial_occlusion_nm:.6f} nm "
scripts/phase1A/audit_day024_r2_parent_rim_and_chemical_constraints.py:2231:                "validated 0.84 nm aperture and may leave "
scripts/phase1A/audit_day024_r2_parent_rim_and_chemical_constraints.py:2258:                "validated planar annular steric cap; "
scripts/phase1A/audit_day024_r2_parent_rim_and_chemical_constraints.py:2323:                "Can reduce the effective aperture but "
scripts/phase1A/audit_day024_r2_parent_rim_and_chemical_constraints.py:2325:                "planar exclusion surface."
scripts/phase1A/audit_day024_r2_parent_rim_and_chemical_constraints.py:2644:        "validated_aperture_is_finite_and_open": (
scripts/phase1A/audit_day024_r2_parent_rim_and_chemical_constraints.py:2646:                target_aperture_diameter_nm
scripts/phase1A/audit_day024_r2_parent_rim_and_chemical_constraints.py:2648:            and target_aperture_diameter_nm
scripts/phase1A/audit_day024_r2_parent_rim_and_chemical_constraints.py:2650:            and target_aperture_radius_nm
scripts/phase1A/audit_day024_r2_parent_rim_and_chemical_constraints.py:2661:        "required_radial_occlusion_is_positive": (
scripts/phase1A/audit_day024_r2_parent_rim_and_chemical_constraints.py:2662:            required_radial_occlusion_nm
scripts/phase1A/audit_day024_r2_parent_rim_and_chemical_constraints.py:2935:        "target_aperture_diameter_nm": (
scripts/phase1A/audit_day024_r2_parent_rim_and_chemical_constraints.py:2936:            target_aperture_diameter_nm
scripts/phase1A/audit_day024_r2_parent_rim_and_chemical_constraints.py:2938:        "target_aperture_radius_nm": (
scripts/phase1A/audit_day024_r2_parent_rim_and_chemical_constraints.py:2939:            target_aperture_radius_nm
scripts/phase1A/audit_day024_r2_parent_rim_and_chemical_constraints.py:2947:        "required_radial_occlusion_nm": (
scripts/phase1A/audit_day024_r2_parent_rim_and_chemical_constraints.py:2948:            required_radial_occlusion_nm
scripts/phase1A/audit_day024_r2_parent_rim_and_chemical_constraints.py:3026:the validated steric-cap geometry into chemical and atomistic design
scripts/phase1A/audit_day024_r2_parent_rim_and_chemical_constraints.py:3119:- Effective aperture diameter:
scripts/phase1A/audit_day024_r2_parent_rim_and_chemical_constraints.py:3120:  **{target_aperture_diameter_nm:.6f} nm**
scripts/phase1A/audit_day024_r2_parent_rim_and_chemical_constraints.py:3121:- Effective aperture radius:
scripts/phase1A/audit_day024_r2_parent_rim_and_chemical_constraints.py:3122:  **{target_aperture_radius_nm:.6f} nm**
scripts/phase1A/audit_day024_r2_parent_rim_and_chemical_constraints.py:3127:- Required radial occlusion:
scripts/phase1A/audit_day024_r2_parent_rim_and_chemical_constraints.py:3128:  **{required_radial_occlusion_nm:.6f} nm**
scripts/phase1A/audit_day024_r2_parent_rim_and_chemical_constraints.py:3133:- Validated steric beads:
scripts/phase1A/audit_day024_r2_parent_rim_and_chemical_constraints.py:3139:chemical replacement. It cannot reproduce the validated aperture, and
scripts/phase1A/audit_day024_r2_parent_rim_and_chemical_constraints.py:3145:**{required_radial_occlusion_nm:.6f} nm**.
scripts/phase1A/audit_day024_r2_parent_rim_and_chemical_constraints.py:3235:        "Lower rim atoms / B / N / radius / "
scripts/phase1A/audit_day024_r2_parent_rim_and_chemical_constraints.py:3247:        "Upper rim atoms / B / N / radius / "
scripts/phase1A/audit_day024_r2_parent_rim_and_chemical_constraints.py:3265:        "Target aperture diameter / radius / "
scripts/phase1A/audit_day024_r2_parent_rim_and_chemical_constraints.py:3267:        f"{target_aperture_diameter_nm:.6f}/"
scripts/phase1A/audit_day024_r2_parent_rim_and_chemical_constraints.py:3268:        f"{target_aperture_radius_nm:.6f}/"
scripts/phase1A/audit_day024_r2_parent_rim_and_chemical_constraints.py:3273:        "Parent rim radius / required radial occlusion: "
scripts/phase1A/audit_day024_r2_parent_rim_and_chemical_constraints.py:3275:        f"{required_radial_occlusion_nm:.6f} nm"
scripts/phase1A/repair_day024_r2_parent_rim_auditor_for_degree1_polar_termini.py:659:                f"{required_radial_occlusion_nm:.6f} nm."
scripts/phase1A/repair_day024_r2_parent_rim_auditor_for_degree1_polar_termini.py:664:                f"{required_radial_occlusion_nm:.6f} nm "
scripts/phase1A/repair_day024_r2_parent_rim_auditor_for_degree1_polar_termini.py:674:                "validated 0.84 nm aperture."
scripts/phase1A/repair_day024_r2_parent_rim_auditor_for_degree1_polar_termini.py:677:                "validated 0.84 nm aperture and may leave "
scripts/phase1A/repair_day024_r2_parent_rim_auditor_for_degree1_polar_termini.py:1072:itself reproduce the validated aperture because the required inward
scripts/phase1A/repair_day024_r2_parent_rim_auditor_for_degree1_polar_termini.py:1074:**{required_radial_occlusion_nm:.6f} nm**.
scripts/phase1A/repair_day024_r2_parent_rim_auditor_for_degree1_polar_termini.py:1077:chemical replacement. It cannot reproduce the validated aperture, and
scripts/phase1A/repair_day024_r2_parent_rim_auditor_for_degree1_polar_termini.py:1083:**{required_radial_occlusion_nm:.6f} nm**.
scripts/phase1A/repair_day024_r2_parent_rim_auditor_for_degree1_polar_termini.py:1141:        '''        "Lower rim atoms / B / N / radius / "
scripts/phase1A/repair_day024_r2_parent_rim_auditor_for_degree1_polar_termini.py:1144:        '''        "Lower rim atoms / B / N / radius / "
scripts/phase1A/repair_day024_r2_parent_rim_auditor_for_degree1_polar_termini.py:1166:        '''        "Upper rim atoms / B / N / radius / "
scripts/phase1A/repair_day024_r2_parent_rim_auditor_for_degree1_polar_termini.py:1169:        '''        "Upper rim atoms / B / N / radius / "
scripts/phase1A/design_and_validate_day023_r2_partial_cap_geometry.py:28:    / "02_r1_steric_cap_prototype"
scripts/phase1A/design_and_validate_day023_r2_partial_cap_geometry.py:53:    / "r1_selected_steric_caps_only.gro"
scripts/phase1A/design_and_validate_day023_r2_partial_cap_geometry.py:58:    / "r1_selected_steric_cap_definition.json"
scripts/phase1A/design_and_validate_day023_r2_partial_cap_geometry.py:888:    effective_aperture_radius = max(
scripts/phase1A/design_and_validate_day023_r2_partial_cap_geometry.py:894:    conservative_aperture_radius = max(
scripts/phase1A/design_and_validate_day023_r2_partial_cap_geometry.py:901:        effective_aperture_radius
scripts/phase1A/design_and_validate_day023_r2_partial_cap_geometry.py:992:        "effective_aperture_radius_in_target_range": (
scripts/phase1A/design_and_validate_day023_r2_partial_cap_geometry.py:994:            <= effective_aperture_radius
scripts/phase1A/design_and_validate_day023_r2_partial_cap_geometry.py:997:        "conservative_aperture_is_open": (
scripts/phase1A/design_and_validate_day023_r2_partial_cap_geometry.py:998:            conservative_aperture_radius
scripts/phase1A/design_and_validate_day023_r2_partial_cap_geometry.py:1045:            effective_aperture_radius
scripts/phase1A/design_and_validate_day023_r2_partial_cap_geometry.py:1101:        "effective_aperture_radius_5kBT_nm": (
scripts/phase1A/design_and_validate_day023_r2_partial_cap_geometry.py:1102:            effective_aperture_radius
scripts/phase1A/design_and_validate_day023_r2_partial_cap_geometry.py:1104:        "effective_aperture_diameter_5kBT_nm": (
scripts/phase1A/design_and_validate_day023_r2_partial_cap_geometry.py:1106:            * effective_aperture_radius
scripts/phase1A/design_and_validate_day023_r2_partial_cap_geometry.py:1108:        "conservative_aperture_radius_nm": (
scripts/phase1A/design_and_validate_day023_r2_partial_cap_geometry.py:1109:            conservative_aperture_radius
scripts/phase1A/design_and_validate_day023_r2_partial_cap_geometry.py:1111:        "conservative_aperture_diameter_nm": (
scripts/phase1A/design_and_validate_day023_r2_partial_cap_geometry.py:1113:            * conservative_aperture_radius
scripts/phase1A/design_and_validate_day023_r2_partial_cap_geometry.py:1720:            "central axial apertures"
scripts/phase1A/design_and_validate_day023_r2_partial_cap_geometry.py:1723:            "neutral frozen steric screening design"
scripts/phase1A/design_and_validate_day023_r2_partial_cap_geometry.py:1738:        "selection_target_effective_aperture_radius_nm": (
scripts/phase1A/design_and_validate_day023_r2_partial_cap_geometry.py:1744:        "cap_water_5kBT_distance_nm": (
scripts/phase1A/design_and_validate_day023_r2_partial_cap_geometry.py:1762:        "effective_aperture_radius_5kBT_nm": (
scripts/phase1A/design_and_validate_day023_r2_partial_cap_geometry.py:1764:                "effective_aperture_radius_5kBT_nm"
scripts/phase1A/design_and_validate_day023_r2_partial_cap_geometry.py:1767:        "effective_aperture_diameter_5kBT_nm": (
scripts/phase1A/design_and_validate_day023_r2_partial_cap_geometry.py:1769:                "effective_aperture_diameter_5kBT_nm"
scripts/phase1A/design_and_validate_day023_r2_partial_cap_geometry.py:1772:        "conservative_aperture_radius_nm": (
scripts/phase1A/design_and_validate_day023_r2_partial_cap_geometry.py:1774:                "conservative_aperture_radius_nm"
scripts/phase1A/design_and_validate_day023_r2_partial_cap_geometry.py:1777:        "conservative_aperture_diameter_nm": (
scripts/phase1A/design_and_validate_day023_r2_partial_cap_geometry.py:1779:                "conservative_aperture_diameter_nm"
scripts/phase1A/design_and_validate_day023_r2_partial_cap_geometry.py:1990:        "selected_effective_aperture_radius_5kBT_nm": (
scripts/phase1A/design_and_validate_day023_r2_partial_cap_geometry.py:1992:                "effective_aperture_radius_5kBT_nm"
scripts/phase1A/design_and_validate_day023_r2_partial_cap_geometry.py:1995:        "selected_effective_aperture_diameter_5kBT_nm": (
scripts/phase1A/design_and_validate_day023_r2_partial_cap_geometry.py:1997:                "effective_aperture_diameter_5kBT_nm"
scripts/phase1A/design_and_validate_day023_r2_partial_cap_geometry.py:2000:        "selected_conservative_aperture_radius_nm": (
scripts/phase1A/design_and_validate_day023_r2_partial_cap_geometry.py:2002:                "conservative_aperture_radius_nm"
scripts/phase1A/design_and_validate_day023_r2_partial_cap_geometry.py:2005:        "selected_conservative_aperture_diameter_nm": (
scripts/phase1A/design_and_validate_day023_r2_partial_cap_geometry.py:2007:                "conservative_aperture_diameter_nm"
scripts/phase1A/design_and_validate_day023_r2_partial_cap_geometry.py:2093:            f"effective aperture radius="
scripts/phase1A/design_and_validate_day023_r2_partial_cap_geometry.py:2094:            f"{candidate['effective_aperture_radius_5kBT_nm']:.6f} nm; "
scripts/phase1A/design_and_validate_day023_r2_partial_cap_geometry.py:2119:R2 introduces symmetric central axial apertures into the validated R1
scripts/phase1A/design_and_validate_day023_r2_partial_cap_geometry.py:2120:steric-cap lattice.
scripts/phase1A/design_and_validate_day023_r2_partial_cap_geometry.py:2122:R2 remains a neutral frozen steric screening architecture. This gate
scripts/phase1A/design_and_validate_day023_r2_partial_cap_geometry.py:2136:- CAP–OW 5 kBT distance:
scripts/phase1A/design_and_validate_day023_r2_partial_cap_geometry.py:2140:- Target effective aperture radius:
scripts/phase1A/design_and_validate_day023_r2_partial_cap_geometry.py:2158:- Effective 5 kBT aperture radius/diameter:
scripts/phase1A/design_and_validate_day023_r2_partial_cap_geometry.py:2159:  **{selected['effective_aperture_radius_5kBT_nm']:.6f}/
scripts/phase1A/design_and_validate_day023_r2_partial_cap_geometry.py:2160:  {selected['effective_aperture_diameter_5kBT_nm']:.6f} nm**
scripts/phase1A/design_and_validate_day023_r2_partial_cap_geometry.py:2161:- Conservative aperture radius/diameter:
scripts/phase1A/design_and_validate_day023_r2_partial_cap_geometry.py:2162:  **{selected['conservative_aperture_radius_nm']:.6f}/
scripts/phase1A/design_and_validate_day023_r2_partial_cap_geometry.py:2163:  {selected['conservative_aperture_diameter_nm']:.6f} nm**
scripts/phase1A/design_and_validate_day023_r2_partial_cap_geometry.py:2202:The selected aperture is a geometry-screening target. Actual water
scripts/phase1A/design_and_validate_day023_r2_partial_cap_geometry.py:2240:        "Effective aperture radius/diameter at 5 kBT: "
scripts/phase1A/design_and_validate_day023_r2_partial_cap_geometry.py:2241:        f"{selected['effective_aperture_radius_5kBT_nm']:.6f}/"
scripts/phase1A/design_and_validate_day023_r2_partial_cap_geometry.py:2242:        f"{selected['effective_aperture_diameter_5kBT_nm']:.6f} nm"
scripts/phase1A/design_and_validate_day023_r2_partial_cap_geometry.py:2246:        "Conservative aperture radius/diameter: "
scripts/phase1A/design_and_validate_day023_r2_partial_cap_geometry.py:2247:        f"{selected['conservative_aperture_radius_nm']:.6f}/"
scripts/phase1A/design_and_validate_day023_r2_partial_cap_geometry.py:2248:        f"{selected['conservative_aperture_diameter_nm']:.6f} nm"
scripts/phase1A/audit_day024_r2_parent_rim_and_chemical_constraints.before_moltype_boundary_fix_20260709_093335.py:1085:    target_aperture_diameter_nm = (
scripts/phase1A/audit_day024_r2_parent_rim_and_chemical_constraints.before_moltype_boundary_fix_20260709_093335.py:1088:            "R2_effective_aperture_diameter_nm",
scripts/phase1A/audit_day024_r2_parent_rim_and_chemical_constraints.before_moltype_boundary_fix_20260709_093335.py:1092:    target_aperture_radius_nm = (
scripts/phase1A/audit_day024_r2_parent_rim_and_chemical_constraints.before_moltype_boundary_fix_20260709_093335.py:1093:        target_aperture_diameter_nm
scripts/phase1A/audit_day024_r2_parent_rim_and_chemical_constraints.before_moltype_boundary_fix_20260709_093335.py:1521:    required_radial_occlusion_nm = (
scripts/phase1A/audit_day024_r2_parent_rim_and_chemical_constraints.before_moltype_boundary_fix_20260709_093335.py:1523:        - target_aperture_radius_nm
scripts/phase1A/audit_day024_r2_parent_rim_and_chemical_constraints.before_moltype_boundary_fix_20260709_093335.py:1543:            - target_aperture_radius_nm
scripts/phase1A/audit_day024_r2_parent_rim_and_chemical_constraints.before_moltype_boundary_fix_20260709_093335.py:1544:            * target_aperture_radius_nm
scripts/phase1A/audit_day024_r2_parent_rim_and_chemical_constraints.before_moltype_boundary_fix_20260709_093335.py:1765:                "target_effective_aperture_diameter"
scripts/phase1A/audit_day024_r2_parent_rim_and_chemical_constraints.before_moltype_boundary_fix_20260709_093335.py:1768:                target_aperture_diameter_nm
scripts/phase1A/audit_day024_r2_parent_rim_and_chemical_constraints.before_moltype_boundary_fix_20260709_093335.py:1778:                "target_effective_aperture_radius"
scripts/phase1A/audit_day024_r2_parent_rim_and_chemical_constraints.before_moltype_boundary_fix_20260709_093335.py:1781:                target_aperture_radius_nm
scripts/phase1A/audit_day024_r2_parent_rim_and_chemical_constraints.before_moltype_boundary_fix_20260709_093335.py:1785:                "Half of validated aperture diameter"
scripts/phase1A/audit_day024_r2_parent_rim_and_chemical_constraints.before_moltype_boundary_fix_20260709_093335.py:1817:                "required_radial_occlusion"
scripts/phase1A/audit_day024_r2_parent_rim_and_chemical_constraints.before_moltype_boundary_fix_20260709_093335.py:1820:                required_radial_occlusion_nm
scripts/phase1A/audit_day024_r2_parent_rim_and_chemical_constraints.before_moltype_boundary_fix_20260709_093335.py:1825:                "aperture radius"
scripts/phase1A/audit_day024_r2_parent_rim_and_chemical_constraints.before_moltype_boundary_fix_20260709_093335.py:1859:                "validated_steric_beads_per_end"
scripts/phase1A/audit_day024_r2_parent_rim_and_chemical_constraints.before_moltype_boundary_fix_20260709_093335.py:1941:                f"{required_radial_occlusion_nm:.6f} nm."
scripts/phase1A/audit_day024_r2_parent_rim_and_chemical_constraints.before_moltype_boundary_fix_20260709_093335.py:1949:                "validated 0.84 nm aperture."
scripts/phase1A/audit_day024_r2_parent_rim_and_chemical_constraints.before_moltype_boundary_fix_20260709_093335.py:1973:                "validated planar annular steric cap; "
scripts/phase1A/audit_day024_r2_parent_rim_and_chemical_constraints.before_moltype_boundary_fix_20260709_093335.py:2038:                "Can reduce the effective aperture but "
scripts/phase1A/audit_day024_r2_parent_rim_and_chemical_constraints.before_moltype_boundary_fix_20260709_093335.py:2040:                "planar exclusion surface."
scripts/phase1A/audit_day024_r2_parent_rim_and_chemical_constraints.before_moltype_boundary_fix_20260709_093335.py:2331:        "validated_aperture_is_finite_and_open": (
scripts/phase1A/audit_day024_r2_parent_rim_and_chemical_constraints.before_moltype_boundary_fix_20260709_093335.py:2333:                target_aperture_diameter_nm
scripts/phase1A/audit_day024_r2_parent_rim_and_chemical_constraints.before_moltype_boundary_fix_20260709_093335.py:2335:            and target_aperture_diameter_nm
scripts/phase1A/audit_day024_r2_parent_rim_and_chemical_constraints.before_moltype_boundary_fix_20260709_093335.py:2337:            and target_aperture_radius_nm
scripts/phase1A/audit_day024_r2_parent_rim_and_chemical_constraints.before_moltype_boundary_fix_20260709_093335.py:2348:        "required_radial_occlusion_is_positive": (
scripts/phase1A/audit_day024_r2_parent_rim_and_chemical_constraints.before_moltype_boundary_fix_20260709_093335.py:2349:            required_radial_occlusion_nm
scripts/phase1A/audit_day024_r2_parent_rim_and_chemical_constraints.before_moltype_boundary_fix_20260709_093335.py:2580:        "target_aperture_diameter_nm": (
scripts/phase1A/audit_day024_r2_parent_rim_and_chemical_constraints.before_moltype_boundary_fix_20260709_093335.py:2581:            target_aperture_diameter_nm
scripts/phase1A/audit_day024_r2_parent_rim_and_chemical_constraints.before_moltype_boundary_fix_20260709_093335.py:2583:        "target_aperture_radius_nm": (
scripts/phase1A/audit_day024_r2_parent_rim_and_chemical_constraints.before_moltype_boundary_fix_20260709_093335.py:2584:            target_aperture_radius_nm
scripts/phase1A/audit_day024_r2_parent_rim_and_chemical_constraints.before_moltype_boundary_fix_20260709_093335.py:2592:        "required_radial_occlusion_nm": (
scripts/phase1A/audit_day024_r2_parent_rim_and_chemical_constraints.before_moltype_boundary_fix_20260709_093335.py:2593:            required_radial_occlusion_nm
scripts/phase1A/audit_day024_r2_parent_rim_and_chemical_constraints.before_moltype_boundary_fix_20260709_093335.py:2671:the validated steric-cap geometry into chemical and atomistic design
scripts/phase1A/audit_day024_r2_parent_rim_and_chemical_constraints.before_moltype_boundary_fix_20260709_093335.py:2755:- Effective aperture diameter:
scripts/phase1A/audit_day024_r2_parent_rim_and_chemical_constraints.before_moltype_boundary_fix_20260709_093335.py:2756:  **{target_aperture_diameter_nm:.6f} nm**
scripts/phase1A/audit_day024_r2_parent_rim_and_chemical_constraints.before_moltype_boundary_fix_20260709_093335.py:2757:- Effective aperture radius:
scripts/phase1A/audit_day024_r2_parent_rim_and_chemical_constraints.before_moltype_boundary_fix_20260709_093335.py:2758:  **{target_aperture_radius_nm:.6f} nm**
scripts/phase1A/audit_day024_r2_parent_rim_and_chemical_constraints.before_moltype_boundary_fix_20260709_093335.py:2763:- Required radial occlusion:
scripts/phase1A/audit_day024_r2_parent_rim_and_chemical_constraints.before_moltype_boundary_fix_20260709_093335.py:2764:  **{required_radial_occlusion_nm:.6f} nm**
scripts/phase1A/audit_day024_r2_parent_rim_and_chemical_constraints.before_moltype_boundary_fix_20260709_093335.py:2769:- Validated steric beads:
scripts/phase1A/audit_day024_r2_parent_rim_and_chemical_constraints.before_moltype_boundary_fix_20260709_093335.py:2775:itself reproduce the validated aperture because the required inward
scripts/phase1A/audit_day024_r2_parent_rim_and_chemical_constraints.before_moltype_boundary_fix_20260709_093335.py:2777:**{required_radial_occlusion_nm:.6f} nm**.
scripts/phase1A/audit_day024_r2_parent_rim_and_chemical_constraints.before_moltype_boundary_fix_20260709_093335.py:2864:        "Lower rim atoms / B / N / radius / "
scripts/phase1A/audit_day024_r2_parent_rim_and_chemical_constraints.before_moltype_boundary_fix_20260709_093335.py:2875:        "Upper rim atoms / B / N / radius / "
scripts/phase1A/audit_day024_r2_parent_rim_and_chemical_constraints.before_moltype_boundary_fix_20260709_093335.py:2892:        "Target aperture diameter / radius / "
scripts/phase1A/audit_day024_r2_parent_rim_and_chemical_constraints.before_moltype_boundary_fix_20260709_093335.py:2894:        f"{target_aperture_diameter_nm:.6f}/"
scripts/phase1A/audit_day024_r2_parent_rim_and_chemical_constraints.before_moltype_boundary_fix_20260709_093335.py:2895:        f"{target_aperture_radius_nm:.6f}/"
scripts/phase1A/audit_day024_r2_parent_rim_and_chemical_constraints.before_moltype_boundary_fix_20260709_093335.py:2900:        "Parent rim radius / required radial occlusion: "
scripts/phase1A/audit_day024_r2_parent_rim_and_chemical_constraints.before_moltype_boundary_fix_20260709_093335.py:2902:        f"{required_radial_occlusion_nm:.6f} nm"
scripts/phase1A/audit_day021_mobile_bonded_topology_transition.py:390:        "exclusions",
scripts/phase1A/audit_day021_mobile_bonded_topology_transition.py:903:        "mobile_HBN_exclusions": (
scripts/phase1A/audit_day021_mobile_bonded_topology_transition.py:904:            mobile_counts["exclusions"]
scripts/phase1A/run_and_validate_day023_r1_water_only_em.py:32:    / "02_r1_steric_cap_prototype"
scripts/phase1A/run_and_validate_day023_r1_water_only_em.py:47:    / "r1_t0_hydrated_with_steric_caps_geometry_only.gro"
scripts/phase1A/run_and_validate_day023_r1_water_only_em.py:52:    / "r1_selected_steric_cap_definition.json"
scripts/phase1A/run_and_validate_day023_r1_water_only_em.py:1519:- both steric caps frozen;
scripts/phase1A/generate_day023_r1_steric_cap_prototype.py:30:    / "02_r1_steric_cap_prototype"
scripts/phase1A/generate_day023_r1_steric_cap_prototype.py:45:    / "r1_steric_cap_candidate_scan.csv"
scripts/phase1A/generate_day023_r1_steric_cap_prototype.py:50:    / "r1_selected_steric_caps_only.gro"
scripts/phase1A/generate_day023_r1_steric_cap_prototype.py:55:    / "r1_t0_hydrated_with_steric_caps_geometry_only.gro"
scripts/phase1A/generate_day023_r1_steric_cap_prototype.py:70:    / "r1_selected_steric_cap_definition.json"
scripts/phase1A/generate_day023_r1_steric_cap_prototype.py:75:    / "r1_steric_cap_prototype_summary.csv"
scripts/phase1A/generate_day023_r1_steric_cap_prototype.py:1333:        axial_steric_overlap_nm = (
scripts/phase1A/generate_day023_r1_steric_cap_prototype.py:1462:                "axial_steric_overlap": (
scripts/phase1A/generate_day023_r1_steric_cap_prototype.py:1463:                    axial_steric_overlap_nm
scripts/phase1A/generate_day023_r1_steric_cap_prototype.py:1514:                "axial_steric_overlap_nm": (
scripts/phase1A/generate_day023_r1_steric_cap_prototype.py:1515:                    axial_steric_overlap_nm
scripts/phase1A/generate_day023_r1_steric_cap_prototype.py:1592:Review `r1_steric_cap_candidate_scan.csv`.
scripts/phase1A/generate_day023_r1_steric_cap_prototype.py:1599:            "No R1 steric-cap candidate passed."
scripts/phase1A/generate_day023_r1_steric_cap_prototype.py:1885:            "R1 neutral frozen steric cap geometry; "
scripts/phase1A/generate_day023_r1_steric_cap_prototype.py:2028:            "neutral_frozen_steric_positive_control"
scripts/phase1A/generate_day023_r1_steric_cap_prototype.py:2080:        "provisional_cap_water_exclusion_nm": (
scripts/phase1A/generate_day023_r1_steric_cap_prototype.py:2200:R1 is a **neutral, frozen steric positive control** designed to test
scripts/phase1A/generate_day023_r1_steric_cap_prototype.py:2256:- Provisional axial steric overlap:
scripts/phase1A/generate_day023_r1_steric_cap_prototype.py:2257:  **{selected_row['axial_steric_overlap_nm']:.6f} nm**
scripts/phase1A/generate_day023_r1_steric_cap_prototype.py:2308:2. cap-cap exclusions or zero cap-cap interaction;
scripts/phase1A/generate_day023_r1_steric_cap_prototype.py:2309:3. a water-oxygen steric interaction;
scripts/phase1A/generate_day023_r1_steric_cap_prototype.py:2318:        "Day023 R1 steric-cap prototype generation completed."
scripts/phase1A/generate_day023_r1_steric_cap_prototype.py:2345:        "Coverage hole / axial steric overlap: "
scripts/phase1A/generate_day023_r1_steric_cap_prototype.py:2347:        f"{selected_row['axial_steric_overlap_nm']:.6f} nm"
scripts/phase1A/screen_day024_r2_full_density_longer_bn_bridge_classes.py:306:    minimum_clearance = float(np.min(nonbonded))
scripts/phase1A/screen_day024_r2_full_density_longer_bn_bridge_classes.py:319:        "minimum_clearance_nm": minimum_clearance,
scripts/phase1A/screen_day024_r2_full_density_longer_bn_bridge_classes.py:320:        "clearance_penalty": soft_penalty(nonbonded),
scripts/phase1A/screen_day024_r2_full_density_longer_bn_bridge_classes.py:328:        float(candidate["clearance_penalty"]),
scripts/phase1A/screen_day024_r2_full_density_longer_bn_bridge_classes.py:330:        -float(candidate["minimum_clearance_nm"]),
scripts/phase1A/screen_day024_r2_full_density_longer_bn_bridge_classes.py:513:            "best_minimum_clearance_nm": float(best["minimum_clearance_nm"]),
scripts/phase1A/screen_day024_r2_full_density_longer_bn_bridge_classes.py:527:                "minimum_interbridge_clearance_nm": 0.0,
scripts/phase1A/screen_day024_r2_full_density_longer_bn_bridge_classes.py:530:                "minimum_local_clearance_nm": min(float(result["best_minimum_clearance_nm"]) for result in pair_results),
scripts/phase1A/screen_day024_r2_full_density_longer_bn_bridge_classes.py:554:                            -min(float(candidate["minimum_clearance_nm"]), float(np.min(distances))),
scripts/phase1A/screen_day024_r2_full_density_longer_bn_bridge_classes.py:582:            "minimum_interbridge_clearance_nm": float(np.min(inter_values)),
scripts/phase1A/screen_day024_r2_full_density_longer_bn_bridge_classes.py:585:            "minimum_local_clearance_nm": min(float(candidate["minimum_clearance_nm"]) for candidate in selected),
scripts/phase1A/screen_day024_r2_full_density_longer_bn_bridge_classes.py:654:                                "minimum_interbridge_clearance_nm": 0.0,
scripts/phase1A/screen_day024_r2_full_density_longer_bn_bridge_classes.py:657:                                "minimum_local_clearance_nm": min(float(item["best_minimum_clearance_nm"]) for item in pair_results),
scripts/phase1A/screen_day024_r2_full_density_longer_bn_bridge_classes.py:677:                            "minimum_interbridge_clearance_nm": float(result["minimum_interbridge_clearance_nm"]),
scripts/phase1A/screen_day024_r2_full_density_longer_bn_bridge_classes.py:680:                            "minimum_local_clearance_nm": float(result["minimum_local_clearance_nm"]),
scripts/phase1A/screen_day024_r2_full_density_longer_bn_bridge_classes.py:701:                            float(item["row"]["minimum_local_clearance_nm"]),
scripts/phase1A/screen_day024_r2_full_density_longer_bn_bridge_classes.py:702:                            float(item["row"]["minimum_interbridge_clearance_nm"]),
scripts/phase1A/screen_day024_r2_full_density_longer_bn_bridge_classes.py:714:            minimum_clearance = min(
scripts/phase1A/screen_day024_r2_full_density_longer_bn_bridge_classes.py:715:                float(lower["minimum_local_clearance_nm"]),
scripts/phase1A/screen_day024_r2_full_density_longer_bn_bridge_classes.py:716:                float(lower["minimum_interbridge_clearance_nm"]),
scripts/phase1A/screen_day024_r2_full_density_longer_bn_bridge_classes.py:717:                float(upper["minimum_local_clearance_nm"]),
scripts/phase1A/screen_day024_r2_full_density_longer_bn_bridge_classes.py:718:                float(upper["minimum_interbridge_clearance_nm"]),
scripts/phase1A/screen_day024_r2_full_density_longer_bn_bridge_classes.py:726:            minimum_clearance = 0.0
scripts/phase1A/screen_day024_r2_full_density_longer_bn_bridge_classes.py:737:                "class_minimum_clearance_nm": minimum_clearance,
scripts/phase1A/screen_day024_r2_full_density_longer_bn_bridge_classes.py:759:                -float(row["class_minimum_clearance_nm"]),
scripts/phase1A/screen_day024_r2_full_density_longer_bn_bridge_classes.py:848:                    "best_minimum_clearance_nm",
scripts/phase1A/screen_day024_r2_full_density_longer_bn_bridge_classes.py:885:        "selected_minimum_clearance_nm": "" if selected_class is None else selected_class["class_minimum_clearance_nm"],
scripts/phase1A/screen_day024_r2_full_density_longer_bn_bridge_classes.py:968:- Selected minimum clearance: **{summary['selected_minimum_clearance_nm'] or 'N/A'}**
scripts/phase1A/screen_day024_r2_full_density_longer_bn_bridge_classes.py:994:            "Bridge atoms / lower feasible / upper feasible / class feasible / minimum angle / minimum clearance: "
scripts/phase1A/screen_day024_r2_full_density_longer_bn_bridge_classes.py:1000:            f"{row['class_minimum_clearance_nm']}"
scripts/phase1A/screen_day024_r2_full_density_longer_bn_bridge_classes.py:1003:        "Selected bridge atoms / attachments per end / minimum angle / minimum clearance / maximum bond deviation: "
scripts/phase1A/screen_day024_r2_full_density_longer_bn_bridge_classes.py:1007:        f"{summary['selected_minimum_clearance_nm'] or 'N/A'}/"
scripts/phase1A/build_and_validate_day024_r2_partial_attachment_annulus_static_coordinate_embedding.py:814:    target_aperture_diameter_nm = parse_float(
scripts/phase1A/build_and_validate_day024_r2_partial_attachment_annulus_static_coordinate_embedding.py:816:        "target_aperture_diameter_nm",
scripts/phase1A/build_and_validate_day024_r2_partial_attachment_annulus_static_coordinate_embedding.py:819:    target_aperture_radius_nm = parse_float(
scripts/phase1A/build_and_validate_day024_r2_partial_attachment_annulus_static_coordinate_embedding.py:821:        "target_aperture_radius_nm",
scripts/phase1A/build_and_validate_day024_r2_partial_attachment_annulus_static_coordinate_embedding.py:2335:        nuclear_aperture_diameter_nm = (
scripts/phase1A/build_and_validate_day024_r2_partial_attachment_annulus_static_coordinate_embedding.py:2363:            "nuclear_aperture_diameter_nm"
scripts/phase1A/build_and_validate_day024_r2_partial_attachment_annulus_static_coordinate_embedding.py:2365:            nuclear_aperture_diameter_nm
scripts/phase1A/build_and_validate_day024_r2_partial_attachment_annulus_static_coordinate_embedding.py:2369:            "nuclear_aperture_relative_error"
scripts/phase1A/build_and_validate_day024_r2_partial_attachment_annulus_static_coordinate_embedding.py:2371:            nuclear_aperture_diameter_nm
scripts/phase1A/build_and_validate_day024_r2_partial_attachment_annulus_static_coordinate_embedding.py:2372:            - target_aperture_diameter_nm
scripts/phase1A/build_and_validate_day024_r2_partial_attachment_annulus_static_coordinate_embedding.py:2373:        ) / target_aperture_diameter_nm
scripts/phase1A/build_and_validate_day024_r2_partial_attachment_annulus_static_coordinate_embedding.py:2485:        "nuclear_aperture_diameter_nm": abs(
scripts/phase1A/build_and_validate_day024_r2_partial_attachment_annulus_static_coordinate_embedding.py:2488:                    "nuclear_aperture_diameter_nm"
scripts/phase1A/build_and_validate_day024_r2_partial_attachment_annulus_static_coordinate_embedding.py:2493:                    "nuclear_aperture_diameter_nm"
scripts/phase1A/build_and_validate_day024_r2_partial_attachment_annulus_static_coordinate_embedding.py:2652:        "nuclear_aperture_error_is_within10percent": all(
scripts/phase1A/build_and_validate_day024_r2_partial_attachment_annulus_static_coordinate_embedding.py:2655:                    "nuclear_aperture_relative_error"
scripts/phase1A/build_and_validate_day024_r2_partial_attachment_annulus_static_coordinate_embedding.py:2818:        "lower_nuclear_aperture_diameter_nm": (
scripts/phase1A/build_and_validate_day024_r2_partial_attachment_annulus_static_coordinate_embedding.py:2820:                "nuclear_aperture_diameter_nm"
scripts/phase1A/build_and_validate_day024_r2_partial_attachment_annulus_static_coordinate_embedding.py:2823:        "upper_nuclear_aperture_diameter_nm": (
scripts/phase1A/build_and_validate_day024_r2_partial_attachment_annulus_static_coordinate_embedding.py:2825:                "nuclear_aperture_diameter_nm"
scripts/phase1A/build_and_validate_day024_r2_partial_attachment_annulus_static_coordinate_embedding.py:2828:        "target_aperture_diameter_nm": (
scripts/phase1A/build_and_validate_day024_r2_partial_attachment_annulus_static_coordinate_embedding.py:2829:            target_aperture_diameter_nm
scripts/phase1A/build_and_validate_day024_r2_partial_attachment_annulus_static_coordinate_embedding.py:2831:        "lower_nuclear_aperture_relative_error": (
scripts/phase1A/build_and_validate_day024_r2_partial_attachment_annulus_static_coordinate_embedding.py:2833:                "nuclear_aperture_relative_error"
scripts/phase1A/build_and_validate_day024_r2_partial_attachment_annulus_static_coordinate_embedding.py:2836:        "upper_nuclear_aperture_relative_error": (
scripts/phase1A/build_and_validate_day024_r2_partial_attachment_annulus_static_coordinate_embedding.py:2838:                "nuclear_aperture_relative_error"
scripts/phase1A/build_and_validate_day024_r2_partial_attachment_annulus_static_coordinate_embedding.py:2959:                        "The nuclear aperture does not equal a "
scripts/phase1A/build_and_validate_day024_r2_partial_attachment_annulus_static_coordinate_embedding.py:2960:                        "hydrated free-energy or 5-kBT aperture."
scripts/phase1A/build_and_validate_day024_r2_partial_attachment_annulus_static_coordinate_embedding.py:3235:  **{target_aperture_diameter_nm:.6f} nm**
scripts/phase1A/build_and_validate_day024_r2_partial_attachment_annulus_static_coordinate_embedding.py:3236:- Lower nuclear H-defined diameter:
scripts/phase1A/build_and_validate_day024_r2_partial_attachment_annulus_static_coordinate_embedding.py:3237:  **{float(lower['nuclear_aperture_diameter_nm']):.6f} nm**
scripts/phase1A/build_and_validate_day024_r2_partial_attachment_annulus_static_coordinate_embedding.py:3238:- Upper nuclear H-defined diameter:
scripts/phase1A/build_and_validate_day024_r2_partial_attachment_annulus_static_coordinate_embedding.py:3239:  **{float(upper['nuclear_aperture_diameter_nm']):.6f} nm**
scripts/phase1A/build_and_validate_day024_r2_partial_attachment_annulus_static_coordinate_embedding.py:3241:  **{float(lower['nuclear_aperture_relative_error']):.6f}/
scripts/phase1A/build_and_validate_day024_r2_partial_attachment_annulus_static_coordinate_embedding.py:3242:  {float(upper['nuclear_aperture_relative_error']):.6f}**
scripts/phase1A/build_and_validate_day024_r2_partial_attachment_annulus_static_coordinate_embedding.py:3245:aperture and cannot replace an excluded-volume or PMF calculation.
scripts/phase1A/build_and_validate_day024_r2_partial_attachment_annulus_static_coordinate_embedding.py:3342:            "nuclear-aperture/error/outer-radius/error: "
scripts/phase1A/build_and_validate_day024_r2_partial_attachment_annulus_static_coordinate_embedding.py:3345:            f"{float(row['nuclear_aperture_diameter_nm']):.6f}/"
scripts/phase1A/build_and_validate_day024_r2_partial_attachment_annulus_static_coordinate_embedding.py:3346:            f"{float(row['nuclear_aperture_relative_error']):.6f}/"
scripts/phase1A/audit_day024_r2_trimer_bridge_search_completeness.py:879:    minimum_clearance = float(
scripts/phase1A/audit_day024_r2_trimer_bridge_search_completeness.py:940:        "minimum_clearance_nm": (
scripts/phase1A/audit_day024_r2_trimer_bridge_search_completeness.py:941:            minimum_clearance
scripts/phase1A/audit_day024_r2_trimer_bridge_search_completeness.py:985:                "minimum_clearance_nm"
scripts/phase1A/audit_day024_r2_trimer_bridge_search_completeness.py:1703:                "best_minimum_clearance_nm": (
scripts/phase1A/audit_day024_r2_trimer_bridge_search_completeness.py:1705:                        "minimum_clearance_nm"
scripts/phase1A/audit_day024_r2_trimer_bridge_search_completeness.py:1947:                    "best_minimum_clearance_nm",
scripts/phase1A/audit_day024_r2_trimer_bridge_search_completeness.py:2072:        "best_global_minimum_clearance_nm": min(
scripts/phase1A/audit_day024_r2_trimer_bridge_search_completeness.py:2075:                    "best_minimum_clearance_nm"
scripts/phase1A/audit_day024_r2_trimer_bridge_search_completeness.py:2395:        "max bond deviation / minimum clearance: "
scripts/phase1A/audit_day024_r2_trimer_bridge_search_completeness.py:2398:        f"{summary['best_global_minimum_clearance_nm']:.6f}"
scripts/phase1A/prepare_and_validate_day023_r1_frozen_solute_nvt_20ps.py:43:    / "02_r1_steric_cap_prototype"
scripts/phase1A/prepare_and_validate_day023_r1_frozen_solute_nvt_20ps.py:73:    / "r1_selected_steric_cap_definition.json"
scripts/phase1A/audit_day024_r2_parent_rim_and_chemical_constraints.before_tpr_atom_parser_fix_20260709_092314.py:1084:    target_aperture_diameter_nm = (
scripts/phase1A/audit_day024_r2_parent_rim_and_chemical_constraints.before_tpr_atom_parser_fix_20260709_092314.py:1087:            "R2_effective_aperture_diameter_nm",
scripts/phase1A/audit_day024_r2_parent_rim_and_chemical_constraints.before_tpr_atom_parser_fix_20260709_092314.py:1091:    target_aperture_radius_nm = (
scripts/phase1A/audit_day024_r2_parent_rim_and_chemical_constraints.before_tpr_atom_parser_fix_20260709_092314.py:1092:        target_aperture_diameter_nm
scripts/phase1A/audit_day024_r2_parent_rim_and_chemical_constraints.before_tpr_atom_parser_fix_20260709_092314.py:1520:    required_radial_occlusion_nm = (
scripts/phase1A/audit_day024_r2_parent_rim_and_chemical_constraints.before_tpr_atom_parser_fix_20260709_092314.py:1522:        - target_aperture_radius_nm
scripts/phase1A/audit_day024_r2_parent_rim_and_chemical_constraints.before_tpr_atom_parser_fix_20260709_092314.py:1542:            - target_aperture_radius_nm
scripts/phase1A/audit_day024_r2_parent_rim_and_chemical_constraints.before_tpr_atom_parser_fix_20260709_092314.py:1543:            * target_aperture_radius_nm
scripts/phase1A/audit_day024_r2_parent_rim_and_chemical_constraints.before_tpr_atom_parser_fix_20260709_092314.py:1764:                "target_effective_aperture_diameter"
scripts/phase1A/audit_day024_r2_parent_rim_and_chemical_constraints.before_tpr_atom_parser_fix_20260709_092314.py:1767:                target_aperture_diameter_nm
scripts/phase1A/audit_day024_r2_parent_rim_and_chemical_constraints.before_tpr_atom_parser_fix_20260709_092314.py:1777:                "target_effective_aperture_radius"
scripts/phase1A/audit_day024_r2_parent_rim_and_chemical_constraints.before_tpr_atom_parser_fix_20260709_092314.py:1780:                target_aperture_radius_nm
scripts/phase1A/audit_day024_r2_parent_rim_and_chemical_constraints.before_tpr_atom_parser_fix_20260709_092314.py:1784:                "Half of validated aperture diameter"
scripts/phase1A/audit_day024_r2_parent_rim_and_chemical_constraints.before_tpr_atom_parser_fix_20260709_092314.py:1816:                "required_radial_occlusion"
scripts/phase1A/audit_day024_r2_parent_rim_and_chemical_constraints.before_tpr_atom_parser_fix_20260709_092314.py:1819:                required_radial_occlusion_nm
scripts/phase1A/audit_day024_r2_parent_rim_and_chemical_constraints.before_tpr_atom_parser_fix_20260709_092314.py:1824:                "aperture radius"
scripts/phase1A/audit_day024_r2_parent_rim_and_chemical_constraints.before_tpr_atom_parser_fix_20260709_092314.py:1858:                "validated_steric_beads_per_end"
scripts/phase1A/audit_day024_r2_parent_rim_and_chemical_constraints.before_tpr_atom_parser_fix_20260709_092314.py:1940:                f"{required_radial_occlusion_nm:.6f} nm."
scripts/phase1A/audit_day024_r2_parent_rim_and_chemical_constraints.before_tpr_atom_parser_fix_20260709_092314.py:1948:                "validated 0.84 nm aperture."
scripts/phase1A/audit_day024_r2_parent_rim_and_chemical_constraints.before_tpr_atom_parser_fix_20260709_092314.py:1972:                "validated planar annular steric cap; "
scripts/phase1A/audit_day024_r2_parent_rim_and_chemical_constraints.before_tpr_atom_parser_fix_20260709_092314.py:2037:                "Can reduce the effective aperture but "
scripts/phase1A/audit_day024_r2_parent_rim_and_chemical_constraints.before_tpr_atom_parser_fix_20260709_092314.py:2039:                "planar exclusion surface."
scripts/phase1A/audit_day024_r2_parent_rim_and_chemical_constraints.before_tpr_atom_parser_fix_20260709_092314.py:2330:        "validated_aperture_is_finite_and_open": (
scripts/phase1A/audit_day024_r2_parent_rim_and_chemical_constraints.before_tpr_atom_parser_fix_20260709_092314.py:2332:                target_aperture_diameter_nm
scripts/phase1A/audit_day024_r2_parent_rim_and_chemical_constraints.before_tpr_atom_parser_fix_20260709_092314.py:2334:            and target_aperture_diameter_nm
scripts/phase1A/audit_day024_r2_parent_rim_and_chemical_constraints.before_tpr_atom_parser_fix_20260709_092314.py:2336:            and target_aperture_radius_nm
scripts/phase1A/audit_day024_r2_parent_rim_and_chemical_constraints.before_tpr_atom_parser_fix_20260709_092314.py:2347:        "required_radial_occlusion_is_positive": (
scripts/phase1A/audit_day024_r2_parent_rim_and_chemical_constraints.before_tpr_atom_parser_fix_20260709_092314.py:2348:            required_radial_occlusion_nm
scripts/phase1A/audit_day024_r2_parent_rim_and_chemical_constraints.before_tpr_atom_parser_fix_20260709_092314.py:2579:        "target_aperture_diameter_nm": (
scripts/phase1A/audit_day024_r2_parent_rim_and_chemical_constraints.before_tpr_atom_parser_fix_20260709_092314.py:2580:            target_aperture_diameter_nm
scripts/phase1A/audit_day024_r2_parent_rim_and_chemical_constraints.before_tpr_atom_parser_fix_20260709_092314.py:2582:        "target_aperture_radius_nm": (
scripts/phase1A/audit_day024_r2_parent_rim_and_chemical_constraints.before_tpr_atom_parser_fix_20260709_092314.py:2583:            target_aperture_radius_nm
scripts/phase1A/audit_day024_r2_parent_rim_and_chemical_constraints.before_tpr_atom_parser_fix_20260709_092314.py:2591:        "required_radial_occlusion_nm": (
scripts/phase1A/audit_day024_r2_parent_rim_and_chemical_constraints.before_tpr_atom_parser_fix_20260709_092314.py:2592:            required_radial_occlusion_nm
scripts/phase1A/audit_day024_r2_parent_rim_and_chemical_constraints.before_tpr_atom_parser_fix_20260709_092314.py:2670:the validated steric-cap geometry into chemical and atomistic design
scripts/phase1A/audit_day024_r2_parent_rim_and_chemical_constraints.before_tpr_atom_parser_fix_20260709_092314.py:2754:- Effective aperture diameter:
scripts/phase1A/audit_day024_r2_parent_rim_and_chemical_constraints.before_tpr_atom_parser_fix_20260709_092314.py:2755:  **{target_aperture_diameter_nm:.6f} nm**
scripts/phase1A/audit_day024_r2_parent_rim_and_chemical_constraints.before_tpr_atom_parser_fix_20260709_092314.py:2756:- Effective aperture radius:
scripts/phase1A/audit_day024_r2_parent_rim_and_chemical_constraints.before_tpr_atom_parser_fix_20260709_092314.py:2757:  **{target_aperture_radius_nm:.6f} nm**
scripts/phase1A/audit_day024_r2_parent_rim_and_chemical_constraints.before_tpr_atom_parser_fix_20260709_092314.py:2762:- Required radial occlusion:
scripts/phase1A/audit_day024_r2_parent_rim_and_chemical_constraints.before_tpr_atom_parser_fix_20260709_092314.py:2763:  **{required_radial_occlusion_nm:.6f} nm**
scripts/phase1A/audit_day024_r2_parent_rim_and_chemical_constraints.before_tpr_atom_parser_fix_20260709_092314.py:2768:- Validated steric beads:
scripts/phase1A/audit_day024_r2_parent_rim_and_chemical_constraints.before_tpr_atom_parser_fix_20260709_092314.py:2774:itself reproduce the validated aperture because the required inward
scripts/phase1A/audit_day024_r2_parent_rim_and_chemical_constraints.before_tpr_atom_parser_fix_20260709_092314.py:2776:**{required_radial_occlusion_nm:.6f} nm**.
scripts/phase1A/audit_day024_r2_parent_rim_and_chemical_constraints.before_tpr_atom_parser_fix_20260709_092314.py:2863:        "Lower rim atoms / B / N / radius / "
scripts/phase1A/audit_day024_r2_parent_rim_and_chemical_constraints.before_tpr_atom_parser_fix_20260709_092314.py:2874:        "Upper rim atoms / B / N / radius / "
scripts/phase1A/audit_day024_r2_parent_rim_and_chemical_constraints.before_tpr_atom_parser_fix_20260709_092314.py:2891:        "Target aperture diameter / radius / "
scripts/phase1A/audit_day024_r2_parent_rim_and_chemical_constraints.before_tpr_atom_parser_fix_20260709_092314.py:2893:        f"{target_aperture_diameter_nm:.6f}/"
scripts/phase1A/audit_day024_r2_parent_rim_and_chemical_constraints.before_tpr_atom_parser_fix_20260709_092314.py:2894:        f"{target_aperture_radius_nm:.6f}/"
scripts/phase1A/audit_day024_r2_parent_rim_and_chemical_constraints.before_tpr_atom_parser_fix_20260709_092314.py:2899:        "Parent rim radius / required radial occlusion: "
scripts/phase1A/audit_day024_r2_parent_rim_and_chemical_constraints.before_tpr_atom_parser_fix_20260709_092314.py:2901:        f"{required_radial_occlusion_nm:.6f} nm"
scripts/phase1A/audit_day023_r1_cap_topology_requirements.py:30:    "02_r1_steric_cap_prototype"
scripts/phase1A/audit_day023_r1_cap_topology_requirements.py:35:    / "r1_t0_hydrated_with_steric_caps_geometry_only.gro"
scripts/phase1A/audit_day023_r1_cap_topology_requirements.py:40:    / "r1_selected_steric_cap_definition.json"
scripts/phase1A/audit_day023_r1_cap_topology_requirements.py:1646:add the two R1 steric caps without introducing uncontrolled attraction,
scripts/phase1A/run_and_validate_day023_r2_frozen_solute_nvt_20ps.py:27:    / "02_r1_steric_cap_prototype"
scripts/phase1A/run_and_validate_day023_r2_frozen_solute_nvt_20ps.py:67:    / "r1_selected_steric_cap_definition.json"
scripts/phase1A/run_and_validate_day023_r2_frozen_solute_nvt_20ps.py:2121:R2 remains a neutral frozen steric screening architecture. Passing
scripts/phase1A/analyze_cube_fragment_localization_radialmask_broken_day014.py:53:def classify_cube(cube_path, atom_radius=2.0):
scripts/phase1A/analyze_cube_fragment_localization_radialmask_broken_day014.py:58:    rcut2 = atom_radius ** 2
scripts/phase1A/analyze_cube_fragment_localization_radialmask_broken_day014.py:79:                # radial mask: assign only density within atom_radius of any atom.
scripts/phase1A/analyze_cube_fragment_localization_radialmask_broken_day014.py:127:    ap.add_argument("--atom-radius", type=float, default=2.0)
scripts/phase1A/analyze_cube_fragment_localization_radialmask_broken_day014.py:139:        frac = classify_cube(cube, atom_radius=args.atom_radius)
scripts/phase1A/run_and_validate_day023_r2_water_only_em.py:26:    / "02_r1_steric_cap_prototype"
scripts/phase1A/run_and_validate_day023_r2_water_only_em.py:77:    / "r1_selected_steric_cap_definition.json"
scripts/phase1A/run_and_validate_day023_r2_water_only_em.py:2041:This result applies only to the neutral frozen steric R2 screening
scripts/phase1A/replay_day024_r2_selected_four_atom_exact_conformers.py.before_root_fix:300:        "minimum_interbridge_clearance_nm",
scripts/phase1A/replay_day024_r2_selected_four_atom_exact_conformers.py.before_root_fix:303:        "minimum_local_clearance_nm",
scripts/phase1A/replay_day024_r2_selected_four_atom_exact_conformers.py.before_root_fix:494:                        "minimum_local_clearance_nm": float(
scripts/phase1A/replay_day024_r2_selected_four_atom_exact_conformers.py.before_root_fix:495:                            candidate["minimum_clearance_nm"]
scripts/phase1A/replay_day024_r2_selected_four_atom_exact_conformers.py.before_root_fix:741:    minimum_local_clearance = min(
scripts/phase1A/replay_day024_r2_selected_four_atom_exact_conformers.py.before_root_fix:744:            "minimum_local_clearance_nm",
scripts/phase1A/replay_day024_r2_selected_four_atom_exact_conformers.py.before_root_fix:844:        "minimum_selected_local_clearance_is_at_least0p120nm": (
scripts/phase1A/replay_day024_r2_selected_four_atom_exact_conformers.py.before_root_fix:845:            minimum_local_clearance >= 0.120
scripts/phase1A/replay_day024_r2_selected_four_atom_exact_conformers.py.before_root_fix:931:        "minimum_selected_local_clearance_nm": (
scripts/phase1A/replay_day024_r2_selected_four_atom_exact_conformers.py.before_root_fix:932:            minimum_local_clearance
scripts/phase1A/replay_day024_r2_selected_four_atom_exact_conformers.py.before_root_fix:1143:- Minimum local clearance:
scripts/phase1A/replay_day024_r2_selected_four_atom_exact_conformers.py.before_root_fix:1144:  **{minimum_local_clearance:.9f} nm**
scripts/phase1A/replay_day024_r2_selected_four_atom_exact_conformers.py.before_root_fix:1219:        "Minimum angle / local clearance / "
scripts/phase1A/replay_day024_r2_selected_four_atom_exact_conformers.py.before_root_fix:1222:        f"{minimum_local_clearance:.9f}/"
scripts/phase1A/evaluate_day024_r2_reconstruction_vs_partial_attachment_contingency.py:926:    target_aperture_radius_nm = parse_float(
scripts/phase1A/evaluate_day024_r2_reconstruction_vs_partial_attachment_contingency.py:928:        "target_aperture_radius_nm",
scripts/phase1A/evaluate_day024_r2_reconstruction_vs_partial_attachment_contingency.py:931:    target_aperture_diameter_nm = parse_float(
scripts/phase1A/evaluate_day024_r2_reconstruction_vs_partial_attachment_contingency.py:933:        "target_aperture_diameter_nm",
scripts/phase1A/evaluate_day024_r2_reconstruction_vs_partial_attachment_contingency.py:2631:            - target_aperture_radius_nm
scripts/phase1A/evaluate_day024_r2_reconstruction_vs_partial_attachment_contingency.py:2633:        / target_aperture_radius_nm
scripts/phase1A/evaluate_day024_r2_reconstruction_vs_partial_attachment_contingency.py:2988:        "target_aperture_radius_nm": (
scripts/phase1A/evaluate_day024_r2_reconstruction_vs_partial_attachment_contingency.py:2989:            target_aperture_radius_nm
scripts/phase1A/evaluate_day024_r2_reconstruction_vs_partial_attachment_contingency.py:2991:        "target_aperture_diameter_nm": (
scripts/phase1A/evaluate_day024_r2_reconstruction_vs_partial_attachment_contingency.py:2992:            target_aperture_diameter_nm
scripts/phase1A/evaluate_day024_r2_reconstruction_vs_partial_attachment_contingency.py:3068:                        "The effective hydrated aperture must be measured "
scripts/phase1A/evaluate_day024_r2_reconstruction_vs_partial_attachment_contingency.py:3244:  **{target_aperture_radius_nm:.6f} nm**
scripts/phase1A/evaluate_day024_r2_reconstruction_vs_partial_attachment_contingency.py:3249:effective steric aperture after inward H termination must be measured
scripts/phase1A/evaluate_day024_r2_reconstruction_vs_partial_attachment_contingency.py:3390:        f"{target_aperture_radius_nm:.6f}/"
scripts/phase1A/inventory_day021_hydrated_topology_candidates.py:60:    "exclusions",
scripts/phase1A/define_and_rank_day024_r2_polar_end_specific_valence_completion_candidates.py:142:    "aperture_fidelity_score": 0.18,
scripts/phase1A/define_and_rank_day024_r2_polar_end_specific_valence_completion_candidates.py:480:    aperture_diameter_nm = parse_float(
scripts/phase1A/define_and_rank_day024_r2_polar_end_specific_valence_completion_candidates.py:482:        "target_aperture_diameter_nm",
scripts/phase1A/define_and_rank_day024_r2_polar_end_specific_valence_completion_candidates.py:485:    aperture_radius_nm = parse_float(
scripts/phase1A/define_and_rank_day024_r2_polar_end_specific_valence_completion_candidates.py:487:        "target_aperture_radius_nm",
scripts/phase1A/define_and_rank_day024_r2_polar_end_specific_valence_completion_candidates.py:500:    required_radial_occlusion_nm = parse_float(
scripts/phase1A/define_and_rank_day024_r2_polar_end_specific_valence_completion_candidates.py:502:        "required_radial_occlusion_nm",
scripts/phase1A/define_and_rank_day024_r2_polar_end_specific_valence_completion_candidates.py:619:            "preserves_target_aperture": False,
scripts/phase1A/define_and_rank_day024_r2_polar_end_specific_valence_completion_candidates.py:623:            "aperture_fidelity_score": 0,
scripts/phase1A/define_and_rank_day024_r2_polar_end_specific_valence_completion_candidates.py:641:                "steric surface or 0.84 nm pore."
scripts/phase1A/define_and_rank_day024_r2_polar_end_specific_valence_completion_candidates.py:665:            "preserves_target_aperture": True,
scripts/phase1A/define_and_rank_day024_r2_polar_end_specific_valence_completion_candidates.py:669:            "aperture_fidelity_score": 5,
scripts/phase1A/define_and_rank_day024_r2_polar_end_specific_valence_completion_candidates.py:685:                "Reproduces the steric annulus but assumes "
scripts/phase1A/define_and_rank_day024_r2_polar_end_specific_valence_completion_candidates.py:710:            "preserves_target_aperture": True,
scripts/phase1A/define_and_rank_day024_r2_polar_end_specific_valence_completion_candidates.py:714:            "aperture_fidelity_score": 5,
scripts/phase1A/define_and_rank_day024_r2_polar_end_specific_valence_completion_candidates.py:733:                "validated annular aperture."
scripts/phase1A/define_and_rank_day024_r2_polar_end_specific_valence_completion_candidates.py:756:            "preserves_target_aperture": True,
scripts/phase1A/define_and_rank_day024_r2_polar_end_specific_valence_completion_candidates.py:760:            "aperture_fidelity_score": 4,
scripts/phase1A/define_and_rank_day024_r2_polar_end_specific_valence_completion_candidates.py:802:            "preserves_target_aperture": True,
scripts/phase1A/define_and_rank_day024_r2_polar_end_specific_valence_completion_candidates.py:806:            "aperture_fidelity_score": 4,
scripts/phase1A/define_and_rank_day024_r2_polar_end_specific_valence_completion_candidates.py:845:            "preserves_target_aperture": False,
scripts/phase1A/define_and_rank_day024_r2_polar_end_specific_valence_completion_candidates.py:849:            "aperture_fidelity_score": 2,
scripts/phase1A/define_and_rank_day024_r2_polar_end_specific_valence_completion_candidates.py:866:                "effective pore or rigid steric envelope."
scripts/phase1A/define_and_rank_day024_r2_polar_end_specific_valence_completion_candidates.py:887:            "preserves_target_aperture": True,
scripts/phase1A/define_and_rank_day024_r2_polar_end_specific_valence_completion_candidates.py:891:            "aperture_fidelity_score": 4,
scripts/phase1A/define_and_rank_day024_r2_polar_end_specific_valence_completion_candidates.py:1047:        "target_aperture_is_finite_and_open": (
scripts/phase1A/define_and_rank_day024_r2_polar_end_specific_valence_completion_candidates.py:1048:            aperture_diameter_nm > 0.0
scripts/phase1A/define_and_rank_day024_r2_polar_end_specific_valence_completion_candidates.py:1049:            and aperture_radius_nm > 0.0
scripts/phase1A/define_and_rank_day024_r2_polar_end_specific_valence_completion_candidates.py:1050:            and aperture_radius_nm
scripts/phase1A/define_and_rank_day024_r2_polar_end_specific_valence_completion_candidates.py:1093:        "primary_candidate_preserves_target_aperture": (
scripts/phase1A/define_and_rank_day024_r2_polar_end_specific_valence_completion_candidates.py:1096:                    "preserves_target_aperture"
scripts/phase1A/define_and_rank_day024_r2_polar_end_specific_valence_completion_candidates.py:1211:        "target_aperture_diameter_nm": (
scripts/phase1A/define_and_rank_day024_r2_polar_end_specific_valence_completion_candidates.py:1212:            aperture_diameter_nm
scripts/phase1A/define_and_rank_day024_r2_polar_end_specific_valence_completion_candidates.py:1214:        "target_aperture_radius_nm": (
scripts/phase1A/define_and_rank_day024_r2_polar_end_specific_valence_completion_candidates.py:1215:            aperture_radius_nm
scripts/phase1A/define_and_rank_day024_r2_polar_end_specific_valence_completion_candidates.py:1223:        "required_radial_occlusion_nm": (
scripts/phase1A/define_and_rank_day024_r2_polar_end_specific_valence_completion_candidates.py:1224:            required_radial_occlusion_nm
scripts/phase1A/define_and_rank_day024_r2_polar_end_specific_valence_completion_candidates.py:1246:            "and graph-level aperture constraints."
scripts/phase1A/define_and_rank_day024_r2_polar_end_specific_valence_completion_candidates.py:1316:        "target_aperture_diameter_nm": (
scripts/phase1A/define_and_rank_day024_r2_polar_end_specific_valence_completion_candidates.py:1317:            aperture_diameter_nm
scripts/phase1A/define_and_rank_day024_r2_polar_end_specific_valence_completion_candidates.py:1446:validated neutral steric R2 cap.
scripts/phase1A/define_and_rank_day024_r2_polar_end_specific_valence_completion_candidates.py:1477:  **{aperture_diameter_nm:.6f} nm**
scripts/phase1A/define_and_rank_day024_r2_polar_end_specific_valence_completion_candidates.py:1479:  **{aperture_radius_nm:.6f} nm**
scripts/phase1A/define_and_rank_day024_r2_polar_end_specific_valence_completion_candidates.py:1484:- Required radial occlusion:
scripts/phase1A/define_and_rank_day024_r2_polar_end_specific_valence_completion_candidates.py:1485:  **{required_radial_occlusion_nm:.6f} nm**
scripts/phase1A/define_and_rank_day024_r2_polar_end_specific_valence_completion_candidates.py:1507:- target central aperture preserved.
scripts/phase1A/define_and_rank_day024_r2_polar_end_specific_valence_completion_candidates.py:1598:        "Target aperture diameter / open-area fraction: "
scripts/phase1A/define_and_rank_day024_r2_polar_end_specific_valence_completion_candidates.py:1599:        f"{aperture_diameter_nm:.6f}/"
scripts/phase1A/audit_day024_r2_aperture_metric_consistency.py.before_out_fix:67:    / "r2_aperture_metric_comparison.csv"
scripts/phase1A/audit_day024_r2_aperture_metric_consistency.py.before_out_fix:72:    / "r2_aperture_opposite_pair_details.csv"
scripts/phase1A/audit_day024_r2_aperture_metric_consistency.py.before_out_fix:77:    / "r2_aperture_source_definition_extracts.txt"
scripts/phase1A/audit_day024_r2_aperture_metric_consistency.py.before_out_fix:82:    / "r2_aperture_metric_consistency_summary.csv"
scripts/phase1A/audit_day024_r2_aperture_metric_consistency.py.before_out_fix:87:    / "r2_aperture_metric_consistency_gates.csv"
scripts/phase1A/audit_day024_r2_aperture_metric_consistency.py.before_out_fix:92:    / "r2_aperture_metric_consistency.json"
scripts/phase1A/audit_day024_r2_aperture_metric_consistency.py.before_out_fix:97:    / "r2_aperture_metric_consistency_manifest.csv"
scripts/phase1A/audit_day024_r2_aperture_metric_consistency.py.before_out_fix:457:def extract_aperture_code(path: Path) -> str:
scripts/phase1A/audit_day024_r2_aperture_metric_consistency.py.before_out_fix:468:            r"aperture|inner_radii|inner_radius|diameter",
scripts/phase1A/audit_day024_r2_aperture_metric_consistency.py.before_out_fix:693:                    "lower_nuclear_aperture_diameter_nm"
scripts/phase1A/audit_day024_r2_aperture_metric_consistency.py.before_out_fix:695:                    else "upper_nuclear_aperture_diameter_nm"
scripts/phase1A/audit_day024_r2_aperture_metric_consistency.py.before_out_fix:700:                    "lower_nuclear_aperture_diameter_nm"
scripts/phase1A/audit_day024_r2_aperture_metric_consistency.py.before_out_fix:702:                    else "upper_nuclear_aperture_diameter_nm"
scripts/phase1A/audit_day024_r2_aperture_metric_consistency.py.before_out_fix:760:            f"{extract_aperture_code(path)}"
scripts/phase1A/audit_day024_r2_aperture_metric_consistency.py.before_out_fix:848:        "Gate3O_has_expected_aperture_only_review_decision": (
scripts/phase1A/audit_day024_r2_aperture_metric_consistency.py.before_out_fix:856:            == "aperture_errors_are_within10percent"
scripts/phase1A/audit_day024_r2_aperture_metric_consistency.py.before_out_fix:865:        "at_least_one_geometric_free_aperture_metric_passes_both_ends": (
scripts/phase1A/audit_day024_r2_aperture_metric_consistency.py.before_out_fix:868:        "all_aperture_metrics_are_lower_upper_symmetric": all(
scripts/phase1A/audit_day024_r2_aperture_metric_consistency.py.before_out_fix:874:        "heavy_geometry_other_than_aperture_remains_accepted": (
scripts/phase1A/audit_day024_r2_aperture_metric_consistency.py.before_out_fix:942:        "preferred_aperture_metric": (
scripts/phase1A/audit_day024_r2_aperture_metric_consistency.py.before_out_fix:945:        "lower_preferred_aperture_nm": (
scripts/phase1A/audit_day024_r2_aperture_metric_consistency.py.before_out_fix:955:        "upper_preferred_aperture_nm": (
scripts/phase1A/audit_day024_r2_aperture_metric_consistency.py.before_out_fix:965:        "Gate3O_radial_aperture_lower_nm": grouped[
scripts/phase1A/audit_day024_r2_aperture_metric_consistency.py.before_out_fix:971:        "Gate3O_radial_aperture_upper_nm": grouped[
scripts/phase1A/audit_day024_r2_aperture_metric_consistency.py.before_out_fix:977:        "aperture_metric_inconsistency_identified": (
scripts/phase1A/audit_day024_r2_aperture_metric_consistency.py.before_out_fix:1022:                        "This gate audits aperture definitions only."
scripts/phase1A/audit_day024_r2_aperture_metric_consistency.py.before_out_fix:1114:This gate investigates the isolated aperture failure reported by Gate 3O.
scripts/phase1A/audit_day024_r2_aperture_metric_consistency.py.before_out_fix:1122:## Compared aperture metrics
scripts/phase1A/audit_day024_r2_aperture_metric_consistency.py.before_out_fix:1131:  **{summary['lower_preferred_aperture_nm']} nm**
scripts/phase1A/audit_day024_r2_aperture_metric_consistency.py.before_out_fix:1133:  **{summary['upper_preferred_aperture_nm']} nm**
scripts/phase1A/audit_day024_r2_aperture_metric_consistency.py.before_out_fix:1163:        "Day024 R2 aperture metric consistency "
scripts/phase1A/audit_day024_r2_aperture_metric_consistency.py.before_out_fix:1182:        f"Preferred aperture metric: {preferred_metric}"
scripts/phase1A/build_and_validate_day023_r1_full_static_candidates.py:34:    / "02_r1_steric_cap_prototype"
scripts/phase1A/build_and_validate_day023_r1_full_static_candidates.py:49:    / "r1_t0_hydrated_with_steric_caps_geometry_only.gro"
scripts/phase1A/build_and_validate_day023_r1_full_static_candidates.py:54:    / "r1_selected_steric_cap_definition.json"
scripts/phase1A/build_and_validate_day023_r1_full_static_candidates.py:59:    / "r1_steric_cap_prototype_summary.csv"
scripts/phase1A/build_and_validate_day023_r1_full_static_candidates.py:2112:    # large steric barrier at the largest planar coverage hole.
scripts/phase1A/build_and_validate_day024_r2_selected_full_density_longer_bn_bridge_graph.py:1606:                "screen_minimum_local_clearance_nm": (
scripts/phase1A/build_and_validate_day024_r2_selected_full_density_longer_bn_bridge_graph.py:1608:                        "minimum_local_clearance_nm"
scripts/phase1A/build_and_validate_day024_r2_selected_full_density_longer_bn_bridge_graph.py:1611:                "screen_minimum_interbridge_clearance_nm": (
scripts/phase1A/build_and_validate_day024_r2_selected_full_density_longer_bn_bridge_graph.py:1613:                        "minimum_interbridge_clearance_nm"
scripts/phase1A/run_and_validate_day023_r2_nvt_checkpoint_continuation_to_50ps.py:28:    / "02_r1_steric_cap_prototype"
scripts/phase1A/run_and_validate_day023_r2_nvt_checkpoint_continuation_to_50ps.py:88:    / "r1_selected_steric_cap_definition.json"
scripts/phase1A/run_and_validate_day023_r2_nvt_checkpoint_continuation_to_50ps.py:2832:R2 remains a neutral frozen steric screening architecture. Even if the
scripts/phase1A/run_and_validate_day023_r1_nvt_checkpoint_continuation_to_50ps.py:48:    / "02_r1_steric_cap_prototype"
scripts/phase1A/run_and_validate_day023_r1_nvt_checkpoint_continuation_to_50ps.py:108:    / "r1_selected_steric_cap_definition.json"
scripts/phase1A/run_and_validate_day023_r1_nvt_checkpoint_continuation_to_50ps.py:2742:The R1 fully capped neutral steric positive control was continued from
scripts/phase1A/run_and_validate_day023_r1_nvt_checkpoint_continuation_to_50ps.py:2868:A passing result validates R1 only as a frozen neutral steric positive
scripts/phase1A/compare_and_select_day023_r1_r2_architecture.py:1019:    r2_aperture_diameter = find_value_containing(
scripts/phase1A/compare_and_select_day023_r1_r2_architecture.py:1022:            "aperture",
scripts/phase1A/compare_and_select_day023_r1_r2_architecture.py:1028:        r2_aperture_diameter
scripts/phase1A/compare_and_select_day023_r1_r2_architecture.py:1034:                "aperture",
scripts/phase1A/compare_and_select_day023_r1_r2_architecture.py:1043:                "aperture",
scripts/phase1A/compare_and_select_day023_r1_r2_architecture.py:1056:            r2_aperture_diameter = (
scripts/phase1A/compare_and_select_day023_r1_r2_architecture.py:1139:                "closed neutral frozen steric "
scripts/phase1A/compare_and_select_day023_r1_r2_architecture.py:1144:                "frozen steric screening architecture"
scripts/phase1A/compare_and_select_day023_r1_r2_architecture.py:1283:                "exchange through the R2 apertures."
scripts/phase1A/compare_and_select_day023_r1_r2_architecture.py:1301:            "metric": "effective_aperture_diameter_nm",
scripts/phase1A/compare_and_select_day023_r1_r2_architecture.py:1304:                r2_aperture_diameter
scripts/phase1A/compare_and_select_day023_r1_r2_architecture.py:1306:                    r2_aperture_diameter
scripts/phase1A/compare_and_select_day023_r1_r2_architecture.py:1311:                "R1 is closed; R2 provides a central exchange aperture."
scripts/phase1A/compare_and_select_day023_r1_r2_architecture.py:1337:                "Both use ideal neutral frozen steric beads; "
scripts/phase1A/compare_and_select_day023_r1_r2_architecture.py:1364:    aperture_is_open = (
scripts/phase1A/compare_and_select_day023_r1_r2_architecture.py:1366:            r2_aperture_diameter
scripts/phase1A/compare_and_select_day023_r1_r2_architecture.py:1368:        and r2_aperture_diameter
scripts/phase1A/compare_and_select_day023_r1_r2_architecture.py:1471:        "R2_aperture_is_open": (
scripts/phase1A/compare_and_select_day023_r1_r2_architecture.py:1472:            aperture_is_open
scripts/phase1A/compare_and_select_day023_r1_r2_architecture.py:1648:        "R2_effective_aperture_diameter_nm": (
scripts/phase1A/compare_and_select_day023_r1_r2_architecture.py:1649:            r2_aperture_diameter
scripts/phase1A/compare_and_select_day023_r1_r2_architecture.py:1791:R1 remains the neutral frozen closed steric positive control. Its role
scripts/phase1A/compare_and_select_day023_r1_r2_architecture.py:1800:central aperture while maintaining a highly hydrated lumen and allowing
scripts/phase1A/compare_and_select_day023_r1_r2_architecture.py:1804:by ideal neutral frozen steric beads.
scripts/phase1A/compare_and_select_day023_r1_r2_architecture.py:1843:## Aperture and steric safety
scripts/phase1A/compare_and_select_day023_r1_r2_architecture.py:1845:- R1 effective aperture diameter:
scripts/phase1A/compare_and_select_day023_r1_r2_architecture.py:1847:- R2 effective aperture diameter:
scripts/phase1A/compare_and_select_day023_r1_r2_architecture.py:1848:  **{r2_aperture_diameter:.6f} nm**
scripts/phase1A/compare_and_select_day023_r1_r2_architecture.py:1893:The next stage must replace the ideal steric partial cap with a
scripts/phase1A/compare_and_select_day023_r1_r2_architecture.py:1895:preserving the validated aperture and confinement envelope.
scripts/phase1A/compare_and_select_day023_r1_r2_architecture.py:1991:        "R2 effective aperture diameter / open-area fraction: "
scripts/phase1A/compare_and_select_day023_r1_r2_architecture.py:1992:        f"{r2_aperture_diameter:.6f}/"
scripts/phase1A/run_and_validate_day023_r1_frozen_solute_nvt_20ps.py:33:    / "02_r1_steric_cap_prototype"
scripts/phase1A/run_and_validate_day023_r1_frozen_solute_nvt_20ps.py:68:    / "r1_selected_steric_cap_definition.json"
scripts/phase1A/run_and_validate_day023_r1_frozen_solute_nvt_20ps.py:2313:The R1 fully capped steric positive control was simulated for
scripts/phase1A/run_and_validate_day023_r1_frozen_solute_nvt_20ps.py:2320:- both steric caps.
scripts/phase1A/run_and_validate_day023_r1_frozen_solute_nvt_20ps.py:2425:The R1 caps remain a neutral frozen steric positive control. A positive
scripts/phase1A/build_and_validate_day024_r2_alternating_bn_trimer_bridge_static_coordinate_embedding.py:1047:def clearance_score(
scripts/phase1A/build_and_validate_day024_r2_alternating_bn_trimer_bridge_static_coordinate_embedding.py:1425:    target_aperture = as_float(
scripts/phase1A/build_and_validate_day024_r2_alternating_bn_trimer_bridge_static_coordinate_embedding.py:1427:        "target_aperture_diameter_nm",
scripts/phase1A/build_and_validate_day024_r2_alternating_bn_trimer_bridge_static_coordinate_embedding.py:1914:                score = clearance_score(
scripts/phase1A/build_and_validate_day024_r2_alternating_bn_trimer_bridge_static_coordinate_embedding.py:2044:                "minimum_preexisting_heavy_clearance_nm": (
scripts/phase1A/build_and_validate_day024_r2_alternating_bn_trimer_bridge_static_coordinate_embedding.py:3057:        aperture = (
scripts/phase1A/build_and_validate_day024_r2_alternating_bn_trimer_bridge_static_coordinate_embedding.py:3123:                "minimum_selected_conformer_clearance_nm": min(
scripts/phase1A/build_and_validate_day024_r2_alternating_bn_trimer_bridge_static_coordinate_embedding.py:3126:                            "minimum_preexisting_heavy_clearance_nm"
scripts/phase1A/build_and_validate_day024_r2_alternating_bn_trimer_bridge_static_coordinate_embedding.py:3137:                "nuclear_aperture_diameter_nm": (
scripts/phase1A/build_and_validate_day024_r2_alternating_bn_trimer_bridge_static_coordinate_embedding.py:3138:                    aperture
scripts/phase1A/build_and_validate_day024_r2_alternating_bn_trimer_bridge_static_coordinate_embedding.py:3140:                "nuclear_aperture_relative_error": abs(
scripts/phase1A/build_and_validate_day024_r2_alternating_bn_trimer_bridge_static_coordinate_embedding.py:3141:                    aperture
scripts/phase1A/build_and_validate_day024_r2_alternating_bn_trimer_bridge_static_coordinate_embedding.py:3142:                    - target_aperture
scripts/phase1A/build_and_validate_day024_r2_alternating_bn_trimer_bridge_static_coordinate_embedding.py:3143:                ) / target_aperture,
scripts/phase1A/build_and_validate_day024_r2_alternating_bn_trimer_bridge_static_coordinate_embedding.py:3193:                    "nuclear_aperture_diameter_nm"
scripts/phase1A/build_and_validate_day024_r2_alternating_bn_trimer_bridge_static_coordinate_embedding.py:3198:                    "nuclear_aperture_diameter_nm"
scripts/phase1A/build_and_validate_day024_r2_alternating_bn_trimer_bridge_static_coordinate_embedding.py:3337:        "aperture_errors_are_within10percent": all(
scripts/phase1A/build_and_validate_day024_r2_alternating_bn_trimer_bridge_static_coordinate_embedding.py:3340:                    "nuclear_aperture_relative_error"
scripts/phase1A/build_and_validate_day024_r2_alternating_bn_trimer_bridge_static_coordinate_embedding.py:3486:        "lower_nuclear_aperture_diameter_nm": (
scripts/phase1A/build_and_validate_day024_r2_alternating_bn_trimer_bridge_static_coordinate_embedding.py:3488:                "nuclear_aperture_diameter_nm"
scripts/phase1A/build_and_validate_day024_r2_alternating_bn_trimer_bridge_static_coordinate_embedding.py:3491:        "upper_nuclear_aperture_diameter_nm": (
scripts/phase1A/build_and_validate_day024_r2_alternating_bn_trimer_bridge_static_coordinate_embedding.py:3493:                "nuclear_aperture_diameter_nm"
scripts/phase1A/build_and_validate_day024_r2_alternating_bn_trimer_bridge_static_coordinate_embedding.py:3496:        "target_aperture_diameter_nm": (
scripts/phase1A/build_and_validate_day024_r2_alternating_bn_trimer_bridge_static_coordinate_embedding.py:3497:            target_aperture
scripts/phase1A/build_and_validate_day024_r2_alternating_bn_trimer_bridge_static_coordinate_embedding.py:3567:                        "geometric clearance, not an energetic potential."
scripts/phase1A/build_and_validate_day024_r2_alternating_bn_trimer_bridge_static_coordinate_embedding.py:3865:  **{target_aperture:.6f} nm**
scripts/phase1A/build_and_validate_day024_r2_alternating_bn_trimer_bridge_static_coordinate_embedding.py:3867:  **{float(lower['nuclear_aperture_diameter_nm']):.6f}/
scripts/phase1A/build_and_validate_day024_r2_alternating_bn_trimer_bridge_static_coordinate_embedding.py:3868:  {float(upper['nuclear_aperture_diameter_nm']):.6f} nm**
scripts/phase1A/build_and_validate_day024_r2_alternating_bn_trimer_bridge_static_coordinate_embedding.py:3947:            "aperture/error/outer-radius/error: "
scripts/phase1A/build_and_validate_day024_r2_alternating_bn_trimer_bridge_static_coordinate_embedding.py:3953:            f"{float(row['nuclear_aperture_diameter_nm']):.6f}/"
scripts/phase1A/build_and_validate_day024_r2_alternating_bn_trimer_bridge_static_coordinate_embedding.py:3954:            f"{float(row['nuclear_aperture_relative_error']):.6f}/"
scripts/phase1A/build_and_validate_day024_r2_alternating_bn_trimer_bridge_static_coordinate_embedding.py:3961:            "heavy clashes / minimum selected clearance: "
scripts/phase1A/build_and_validate_day024_r2_alternating_bn_trimer_bridge_static_coordinate_embedding.py:3963:            f"{float(row['minimum_selected_conformer_clearance_nm']):.6f} nm"
scripts/phase1A/prepare_and_validate_day023_r2_frozen_solute_nvt_20ps.py:1726:R2 remains a frozen neutral steric screening design. Preparation of
scripts/phase1A/refine_day024_r2_trimer_bridge_conformers_and_h_orientations.py:931:def clearance_penalty(
scripts/phase1A/refine_day024_r2_trimer_bridge_conformers_and_h_orientations.py:1076:    all_clearances = np.concatenate(
scripts/phase1A/refine_day024_r2_trimer_bridge_conformers_and_h_orientations.py:1085:            all_clearances
scripts/phase1A/refine_day024_r2_trimer_bridge_conformers_and_h_orientations.py:1090:    minimum_clearance = float(
scripts/phase1A/refine_day024_r2_trimer_bridge_conformers_and_h_orientations.py:1092:            all_clearances
scripts/phase1A/refine_day024_r2_trimer_bridge_conformers_and_h_orientations.py:1096:    soft_penalty = clearance_penalty(
scripts/phase1A/refine_day024_r2_trimer_bridge_conformers_and_h_orientations.py:1097:        all_clearances,
scripts/phase1A/refine_day024_r2_trimer_bridge_conformers_and_h_orientations.py:1130:        "minimum_clearance_nm": (
scripts/phase1A/refine_day024_r2_trimer_bridge_conformers_and_h_orientations.py:1131:            minimum_clearance
scripts/phase1A/refine_day024_r2_trimer_bridge_conformers_and_h_orientations.py:1133:        "clearance_penalty": (
scripts/phase1A/refine_day024_r2_trimer_bridge_conformers_and_h_orientations.py:1163:                "clearance_penalty"
scripts/phase1A/refine_day024_r2_trimer_bridge_conformers_and_h_orientations.py:1173:                "minimum_clearance_nm"
scripts/phase1A/refine_day024_r2_trimer_bridge_conformers_and_h_orientations.py:1212:        inter_penalty = clearance_penalty(
scripts/phase1A/refine_day024_r2_trimer_bridge_conformers_and_h_orientations.py:1236:    minimum_clearance = min(
scripts/phase1A/refine_day024_r2_trimer_bridge_conformers_and_h_orientations.py:1239:                "minimum_clearance_nm"
scripts/phase1A/refine_day024_r2_trimer_bridge_conformers_and_h_orientations.py:1259:                "clearance_penalty"
scripts/phase1A/refine_day024_r2_trimer_bridge_conformers_and_h_orientations.py:1268:        -minimum_clearance,
scripts/phase1A/refine_day024_r2_trimer_bridge_conformers_and_h_orientations.py:1500:    heavy_penalty = clearance_penalty(
scripts/phase1A/refine_day024_r2_trimer_bridge_conformers_and_h_orientations.py:1505:    minimum_heavy_clearance = float(
scripts/phase1A/refine_day024_r2_trimer_bridge_conformers_and_h_orientations.py:1541:        "minimum_heavy_clearance_nm": (
scripts/phase1A/refine_day024_r2_trimer_bridge_conformers_and_h_orientations.py:1542:            minimum_heavy_clearance
scripts/phase1A/refine_day024_r2_trimer_bridge_conformers_and_h_orientations.py:1581:                "minimum_heavy_clearance_nm"
scripts/phase1A/refine_day024_r2_trimer_bridge_conformers_and_h_orientations.py:1609:        hh_penalty = clearance_penalty(
scripts/phase1A/refine_day024_r2_trimer_bridge_conformers_and_h_orientations.py:1659:                    "minimum_heavy_clearance_nm"
scripts/phase1A/refine_day024_r2_trimer_bridge_conformers_and_h_orientations.py:2033:    target_aperture_diameter_nm = parse_float(
scripts/phase1A/refine_day024_r2_trimer_bridge_conformers_and_h_orientations.py:2035:        "target_aperture_diameter_nm",
scripts/phase1A/refine_day024_r2_trimer_bridge_conformers_and_h_orientations.py:2579:                "local_minimum_clearance_nm": (
scripts/phase1A/refine_day024_r2_trimer_bridge_conformers_and_h_orientations.py:2581:                        "minimum_clearance_nm"
scripts/phase1A/refine_day024_r2_trimer_bridge_conformers_and_h_orientations.py:3063:                "minimum_heavy_clearance_nm": (
scripts/phase1A/refine_day024_r2_trimer_bridge_conformers_and_h_orientations.py:3065:                        "minimum_heavy_clearance_nm"
scripts/phase1A/refine_day024_r2_trimer_bridge_conformers_and_h_orientations.py:3793:        nuclear_aperture = (
scripts/phase1A/refine_day024_r2_trimer_bridge_conformers_and_h_orientations.py:3832:                "minimum_local_bridge_clearance_nm": min(
scripts/phase1A/refine_day024_r2_trimer_bridge_conformers_and_h_orientations.py:3835:                            "local_minimum_clearance_nm"
scripts/phase1A/refine_day024_r2_trimer_bridge_conformers_and_h_orientations.py:3848:                "nuclear_aperture_diameter_nm": (
scripts/phase1A/refine_day024_r2_trimer_bridge_conformers_and_h_orientations.py:3849:                    nuclear_aperture
scripts/phase1A/refine_day024_r2_trimer_bridge_conformers_and_h_orientations.py:3851:                "nuclear_aperture_relative_error": abs(
scripts/phase1A/refine_day024_r2_trimer_bridge_conformers_and_h_orientations.py:3852:                    nuclear_aperture
scripts/phase1A/refine_day024_r2_trimer_bridge_conformers_and_h_orientations.py:3853:                    - target_aperture_diameter_nm
scripts/phase1A/refine_day024_r2_trimer_bridge_conformers_and_h_orientations.py:3854:                ) / target_aperture_diameter_nm,
scripts/phase1A/refine_day024_r2_trimer_bridge_conformers_and_h_orientations.py:3892:                    "nuclear_aperture_diameter_nm"
scripts/phase1A/refine_day024_r2_trimer_bridge_conformers_and_h_orientations.py:3897:                    "nuclear_aperture_diameter_nm"
scripts/phase1A/refine_day024_r2_trimer_bridge_conformers_and_h_orientations.py:3916:                    "minimum_local_bridge_clearance_nm"
scripts/phase1A/refine_day024_r2_trimer_bridge_conformers_and_h_orientations.py:3921:                    "minimum_local_bridge_clearance_nm"
scripts/phase1A/refine_day024_r2_trimer_bridge_conformers_and_h_orientations.py:4093:        "aperture_errors_are_within10percent": all(
scripts/phase1A/refine_day024_r2_trimer_bridge_conformers_and_h_orientations.py:4096:                    "nuclear_aperture_relative_error"
scripts/phase1A/refine_day024_r2_trimer_bridge_conformers_and_h_orientations.py:4237:        "lower_nuclear_aperture_diameter_nm": (
scripts/phase1A/refine_day024_r2_trimer_bridge_conformers_and_h_orientations.py:4239:                "nuclear_aperture_diameter_nm"
scripts/phase1A/refine_day024_r2_trimer_bridge_conformers_and_h_orientations.py:4242:        "upper_nuclear_aperture_diameter_nm": (
scripts/phase1A/refine_day024_r2_trimer_bridge_conformers_and_h_orientations.py:4244:                "nuclear_aperture_diameter_nm"
scripts/phase1A/refine_day024_r2_trimer_bridge_conformers_and_h_orientations.py:4247:        "target_aperture_diameter_nm": (
scripts/phase1A/refine_day024_r2_trimer_bridge_conformers_and_h_orientations.py:4248:            target_aperture_diameter_nm
scripts/phase1A/refine_day024_r2_trimer_bridge_conformers_and_h_orientations.py:4644:  **{target_aperture_diameter_nm:.6f} nm**
scripts/phase1A/refine_day024_r2_trimer_bridge_conformers_and_h_orientations.py:4646:  **{float(lower['nuclear_aperture_diameter_nm']):.6f}/
scripts/phase1A/refine_day024_r2_trimer_bridge_conformers_and_h_orientations.py:4647:  {float(upper['nuclear_aperture_diameter_nm']):.6f} nm**
scripts/phase1A/refine_day024_r2_trimer_bridge_conformers_and_h_orientations.py:4730:            "local-clash conformers / min-clearance / "
scripts/phase1A/refine_day024_r2_trimer_bridge_conformers_and_h_orientations.py:4731:            "aperture/error / outer-radius/error: "
scripts/phase1A/refine_day024_r2_trimer_bridge_conformers_and_h_orientations.py:4734:            f"{float(row['minimum_local_bridge_clearance_nm']):.6f}/"
scripts/phase1A/refine_day024_r2_trimer_bridge_conformers_and_h_orientations.py:4735:            f"{float(row['nuclear_aperture_diameter_nm']):.6f}/"
scripts/phase1A/refine_day024_r2_trimer_bridge_conformers_and_h_orientations.py:4736:            f"{float(row['nuclear_aperture_relative_error']):.6f}/"
scripts/phase1A/build_and_validate_day024_r2_alternating_bn_trimer_bridge_graph.py:2868:conformers can be embedded without steric clashes, unacceptable bond
scripts/phase1A/build_and_validate_day024_r2_alternating_bn_trimer_bridge_graph.py:2872:while preserving the parent scaffold, annulus aperture, H passivation,
scripts/phase1A/prepare_day019_transition_density_pilot.py:291:        all_atom_radius = float(
scripts/phase1A/prepare_day019_transition_density_pilot.py:312:            "all_atom_radius_A": all_atom_radius,
scripts/phase1A/prepare_day019_transition_density_pilot.py:333:                "all_atom_radius_A": all_atom_radius,
scripts/phase1A/prepare_day019_transition_density_pilot.py:343:            f"radius={all_atom_radius:.6f} A"
scripts/phase1A/prepare_day019_transition_density_pilot.py:379:            geometry[site_a]["all_atom_radius_A"]
scripts/phase1A/prepare_day019_transition_density_pilot.py:380:            + geometry[site_b]["all_atom_radius_A"]
scripts/phase1A/prepare_day019_transition_density_pilot.py:395:                "all_atom_radius_a_A": geometry[site_a][
scripts/phase1A/prepare_day019_transition_density_pilot.py:396:                    "all_atom_radius_A"
scripts/phase1A/prepare_day019_transition_density_pilot.py:398:                "all_atom_radius_b_A": geometry[site_b][
scripts/phase1A/prepare_day019_transition_density_pilot.py:399:                    "all_atom_radius_A"
scripts/phase1A/prepare_day019_transition_density_pilot.py:493:            "All-atom radius (A) | Status |\n"
scripts/phase1A/prepare_day019_transition_density_pilot.py:503:                f"| {float(row['all_atom_radius_A']):.6f} "
runs/phase1A/day024_chemical_end_rim_design/02_r2_polar_end_specific_candidate_ranking/r2_polar_end_specific_candidate_selection_summary.csv:1:decision,candidate_count,primary_candidate,primary_rank,primary_base_score,primary_risk_penalty,primary_final_score,primary_is_final_chemistry,contingency_candidate,contingency_rank,terminal_sites_total,terminal_sites_per_end,required_new_parent_bonds_per_end,required_new_parent_bonds_total,lower_parent_element,lower_first_junction_element,upper_parent_element,upper_first_junction_element,target_aperture_diameter_nm,target_open_area_fraction,failed_gates,connectivity_blueprint_authorized,explicit_geometry_generation_authorized,topology_generation_authorized,energy_minimization_authorized,MD_authorized,QM_authorized,required_next_step
runs/phase1A/day024_chemical_end_rim_design/02_r2_polar_end_specific_candidate_ranking/R2_POLAR_END_SPECIFIC_VALENCE_COMPLETION_RANKING_DAY024.md:6:validated neutral steric R2 cap.
runs/phase1A/day024_chemical_end_rim_design/02_r2_polar_end_specific_candidate_ranking/R2_POLAR_END_SPECIFIC_VALENCE_COMPLETION_RANKING_DAY024.md:44:- Required radial occlusion:
runs/phase1A/day024_chemical_end_rim_design/02_r2_polar_end_specific_candidate_ranking/R2_POLAR_END_SPECIFIC_VALENCE_COMPLETION_RANKING_DAY024.md:73:- target central aperture preserved.
runs/phase1A/day024_chemical_end_rim_design/02_r2_polar_end_specific_candidate_ranking/R2_POLAR_END_SPECIFIC_VALENCE_COMPLETION_RANKING_DAY024.md:101:- `target_aperture_is_finite_and_open`: **PASS**
runs/phase1A/day024_chemical_end_rim_design/02_r2_polar_end_specific_candidate_ranking/R2_POLAR_END_SPECIFIC_VALENCE_COMPLETION_RANKING_DAY024.md:108:- `primary_candidate_preserves_target_aperture`: **PASS**
runs/phase1A/day024_chemical_end_rim_design/02_r2_polar_end_specific_candidate_ranking/r2_polar_end_specific_candidate_ranking.csv:1:candidate_id,candidate_name,lower_end_strategy,upper_end_strategy,structural_role,parent_bonds_per_terminal_site,expected_new_parent_bonds_total,preserves_target_aperture,resolves_end_asymmetry,requires_parent_rim_reconstruction,valence_completion_score,aperture_fidelity_score,end_specificity_score,neutrality_feasibility_score,heteropolar_junction_score,rigidity_score,minimal_electronic_perturbation_score,topological_constructability_score,chemical_precedent_score,junction_strain_risk,charge_uncertainty_risk,flexibility_risk,forcefield_novelty_risk,status,reason,base_weighted_score_0_100,risk_penalty_points,final_screening_score,rank
runs/phase1A/day024_chemical_end_rim_design/02_r2_polar_end_specific_candidate_ranking/r2_polar_end_specific_candidate_ranking.csv:2:C2_GRADED_HETEROPOLAR_BN_COLLAR_ANNULUS,Graded heteropolar BN collar connected to a planar BN annulus,B-terminated parent couples first to an N-rich transition collar; the collar progressively joins the annular BN plate.,N-terminated parent couples first to a B-rich transition collar; the collar progressively joins the annular BN plate.,Primary static topological-design hypothesis,2,120,True,True,False,5,5,5,4,5,5,4,4,2,3,2,0,3,ADVANCE_TO_CONNECTIVITY_BLUEPRINT_GATE,"Best balance between parent valence completion, heteropolar bonding, rigidity, end specificity, and preservation of the validated annular aperture.",92.19999999999999,14.5,77.69999999999999,1
runs/phase1A/day024_chemical_end_rim_design/02_r2_polar_end_specific_candidate_ranking/r2_polar_end_specific_candidate_ranking.csv:4:C1_DIRECT_PLANAR_BN_ANNULUS_DUAL_LINK,Direct planar BN annulus attached by two junction bonds per parent terminal atom,B parent sites connect directly to N-rich annulus-interface atoms.,N parent sites connect directly to B-rich annulus-interface atoms.,Direct inorganic annular candidate,2,120,True,True,False,5,5,5,3,5,5,4,2,1,5,2,0,4,DEFER_DIRECT_SEAM_HIGH_STRAIN,Reproduces the steric annulus but assumes a highly strained abrupt tube-to-plane junction.,86.8,20.0,66.8,3
runs/phase1A/day024_chemical_end_rim_design/02_r2_polar_end_specific_candidate_ranking/r2_polar_end_specific_candidate_ranking.csv:7:C0_SMALL_GROUP_PASSIVATION_ONLY,Small-group termination without annulus,Conceptual two-ligand completion of each degree-1 B terminal site.,Conceptual two-ligand completion of each degree-1 N terminal site.,Valence-reference control only,2,120,False,True,False,4,0,4,2,1,1,3,4,3,1,3,2,1,REJECT_AS_R2_CAP_REPLACEMENT,May terminate dangling valence conceptually but cannot reproduce the validated annular steric surface or 0.84 nm pore.,47.6,12.5,35.1,6
runs/phase1A/day024_chemical_end_rim_design/02_r2_polar_end_specific_candidate_ranking/r2_polar_end_specific_candidate_ranking.csv:8:C5_INWARD_FLEXIBLE_TETHER_CORONA,Flexible inward tether corona,B-specific tether anchors with inward groups.,N-specific tether anchors with inward groups.,Flexible confinement concept,2,120,False,True,False,3,2,4,2,2,1,1,3,3,2,3,5,3,DEFER_PORE_NOT_STRUCTURALLY_FIXED,Cannot guarantee a persistent 0.839 nm effective pore or rigid steric envelope.,49.0,22.0,27.0,7
runs/phase1A/day024_chemical_end_rim_design/02_r2_polar_end_specific_candidate_ranking/r2_primary_graded_bn_collar_design_contract.json:16:  "next_gate_scope": "Connectivity blueprint only: enumerate parent-to-collar bonds, collar-ring composition, coordination closure, atom counts, ring topology, and graph-level aperture constraints.",
runs/phase1A/day024_chemical_end_rim_design/02_r2_polar_end_specific_candidate_ranking/r2_primary_graded_bn_collar_design_contract.json:25:  "required_radial_occlusion_nm": 0.7794225957831484,
runs/phase1A/day024_chemical_end_rim_design/02_r2_polar_end_specific_candidate_ranking/r2_primary_graded_bn_collar_design_contract.json:28:  "target_aperture_diameter_nm": 0.8394062099300137,
runs/phase1A/day024_chemical_end_rim_design/02_r2_polar_end_specific_candidate_ranking/r2_primary_graded_bn_collar_design_contract.json:29:  "target_aperture_radius_nm": 0.41970310496500685,
runs/phase1A/day024_chemical_end_rim_design/02_r2_polar_end_specific_candidate_ranking/r2_polar_end_specific_candidate_matrix.csv:1:candidate_id,candidate_name,lower_end_strategy,upper_end_strategy,structural_role,parent_bonds_per_terminal_site,expected_new_parent_bonds_total,preserves_target_aperture,resolves_end_asymmetry,requires_parent_rim_reconstruction,valence_completion_score,aperture_fidelity_score,end_specificity_score,neutrality_feasibility_score,heteropolar_junction_score,rigidity_score,minimal_electronic_perturbation_score,topological_constructability_score,chemical_precedent_score,junction_strain_risk,charge_uncertainty_risk,flexibility_risk,forcefield_novelty_risk,status,reason,base_weighted_score_0_100,risk_penalty_points,final_screening_score
runs/phase1A/day024_chemical_end_rim_design/02_r2_polar_end_specific_candidate_ranking/r2_polar_end_specific_candidate_matrix.csv:2:C0_SMALL_GROUP_PASSIVATION_ONLY,Small-group termination without annulus,Conceptual two-ligand completion of each degree-1 B terminal site.,Conceptual two-ligand completion of each degree-1 N terminal site.,Valence-reference control only,2,120,False,True,False,4,0,4,2,1,1,3,4,3,1,3,2,1,REJECT_AS_R2_CAP_REPLACEMENT,May terminate dangling valence conceptually but cannot reproduce the validated annular steric surface or 0.84 nm pore.,47.6,12.5,35.1
runs/phase1A/day024_chemical_end_rim_design/02_r2_polar_end_specific_candidate_ranking/r2_polar_end_specific_candidate_matrix.csv:3:C1_DIRECT_PLANAR_BN_ANNULUS_DUAL_LINK,Direct planar BN annulus attached by two junction bonds per parent terminal atom,B parent sites connect directly to N-rich annulus-interface atoms.,N parent sites connect directly to B-rich annulus-interface atoms.,Direct inorganic annular candidate,2,120,True,True,False,5,5,5,3,5,5,4,2,1,5,2,0,4,DEFER_DIRECT_SEAM_HIGH_STRAIN,Reproduces the steric annulus but assumes a highly strained abrupt tube-to-plane junction.,86.8,20.0,66.8
runs/phase1A/day024_chemical_end_rim_design/02_r2_polar_end_specific_candidate_ranking/r2_polar_end_specific_candidate_matrix.csv:4:C2_GRADED_HETEROPOLAR_BN_COLLAR_ANNULUS,Graded heteropolar BN collar connected to a planar BN annulus,B-terminated parent couples first to an N-rich transition collar; the collar progressively joins the annular BN plate.,N-terminated parent couples first to a B-rich transition collar; the collar progressively joins the annular BN plate.,Primary static topological-design hypothesis,2,120,True,True,False,5,5,5,4,5,5,4,4,2,3,2,0,3,ADVANCE_TO_CONNECTIVITY_BLUEPRINT_GATE,"Best balance between parent valence completion, heteropolar bonding, rigidity, end specificity, and preservation of the validated annular aperture.",92.19999999999999,14.5,77.69999999999999
runs/phase1A/day024_chemical_end_rim_design/02_r2_polar_end_specific_candidate_ranking/r2_polar_end_specific_candidate_matrix.csv:7:C5_INWARD_FLEXIBLE_TETHER_CORONA,Flexible inward tether corona,B-specific tether anchors with inward groups.,N-specific tether anchors with inward groups.,Flexible confinement concept,2,120,False,True,False,3,2,4,2,2,1,1,3,3,2,3,5,3,DEFER_PORE_NOT_STRUCTURALLY_FIXED,Cannot guarantee a persistent 0.839 nm effective pore or rigid steric envelope.,49.0,22.0,27.0
runs/phase1A/day024_chemical_end_rim_design/02_r2_polar_end_specific_candidate_ranking/r2_polar_end_specific_candidate_ranking_gates.csv:13:target_aperture_is_finite_and_open,True
runs/phase1A/day024_chemical_end_rim_design/02_r2_polar_end_specific_candidate_ranking/r2_polar_end_specific_candidate_ranking_gates.csv:20:primary_candidate_preserves_target_aperture,True
runs/phase1A/day024_chemical_end_rim_design/15_r2_full_density_longer_bn_bridge_screen/r2_full_density_longer_bridge_selected_candidate.csv:1:classification,mapping_id,bridge_atoms_per_attachment,attachments_per_end,end,seed_element,bridge_element_sequence,annulus_endpoint_element,seed_parity,orientation,rotation,endpoint_pairs_evaluated,all_endpoint_pairs_locally_feasible,mapping_geometrically_feasible,interbridge_clashes,minimum_interbridge_clearance_nm,minimum_angle_deg,maximum_bond_deviation_nm,minimum_local_clearance_nm,seed_nodes,annulus_nodes,bonds_per_path,lower_feasible_mapping_count,upper_feasible_mapping_count,uniform_class_feasible,class_minimum_angle_deg,class_minimum_clearance_nm,class_maximum_bond_deviation_nm,added_bridge_heavy_atoms_per_end,total_added_heavy_atoms_per_end,total_H_atoms_per_end,candidate_is_final_chemistry,selected_heavy_nodes,selected_components,selected_bipartite,selected_four_cycles,selected_nonheteropolar_edges,selected_degree_over3,selected_degree_below2,selected_H_required,selected_paths_without_cycle,selected_cycle_minimum,selected_cycle_maximum
runs/phase1A/day024_chemical_end_rim_design/15_r2_full_density_longer_bn_bridge_screen/r2_full_density_longer_bridge_class_summary.csv:1:bridge_atoms_per_attachment,bonds_per_path,attachments_per_end,lower_feasible_mapping_count,upper_feasible_mapping_count,uniform_class_feasible,class_minimum_angle_deg,class_minimum_clearance_nm,class_maximum_bond_deviation_nm,added_bridge_heavy_atoms_per_end,total_added_heavy_atoms_per_end,total_H_atoms_per_end,candidate_is_final_chemistry
runs/phase1A/day024_chemical_end_rim_design/15_r2_full_density_longer_bn_bridge_screen/r2_full_density_longer_bridge_mapping_screen.csv:1:mapping_id,bridge_atoms_per_attachment,attachments_per_end,end,seed_element,bridge_element_sequence,annulus_endpoint_element,seed_parity,orientation,rotation,endpoint_pairs_evaluated,all_endpoint_pairs_locally_feasible,mapping_geometrically_feasible,interbridge_clashes,minimum_interbridge_clearance_nm,minimum_angle_deg,maximum_bond_deviation_nm,minimum_local_clearance_nm,seed_nodes,annulus_nodes
runs/phase1A/day024_chemical_end_rim_design/15_r2_full_density_longer_bn_bridge_screen/r2_full_density_longer_bridge_screen.json:18:      "class_minimum_clearance_nm": 0.15974739665991966,
runs/phase1A/day024_chemical_end_rim_design/15_r2_full_density_longer_bn_bridge_screen/r2_full_density_longer_bridge_screen.json:33:      "class_minimum_clearance_nm": 0.1623175344592471,
runs/phase1A/day024_chemical_end_rim_design/15_r2_full_density_longer_bn_bridge_screen/r2_full_density_longer_bridge_screen.json:48:      "class_minimum_clearance_nm": 0.17955359428726847,
runs/phase1A/day024_chemical_end_rim_design/15_r2_full_density_longer_bn_bridge_screen/r2_full_density_longer_bridge_screen.json:78:      "minimum_interbridge_clearance_nm": 0.1676174158174238,
runs/phase1A/day024_chemical_end_rim_design/15_r2_full_density_longer_bn_bridge_screen/r2_full_density_longer_bridge_screen.json:79:      "minimum_local_clearance_nm": 0.15974739665991966,
runs/phase1A/day024_chemical_end_rim_design/15_r2_full_density_longer_bn_bridge_screen/r2_full_density_longer_bridge_screen.json:101:      "minimum_interbridge_clearance_nm": 0.16093662470718767,
runs/phase1A/day024_chemical_end_rim_design/15_r2_full_density_longer_bn_bridge_screen/r2_full_density_longer_bridge_screen.json:102:      "minimum_local_clearance_nm": 0.1621259061649665,
runs/phase1A/day024_chemical_end_rim_design/15_r2_full_density_longer_bn_bridge_screen/r2_full_density_longer_bridge_screen.json:117:      "class_minimum_clearance_nm": 0.15974739665991966,
runs/phase1A/day024_chemical_end_rim_design/15_r2_full_density_longer_bn_bridge_screen/r2_full_density_longer_bridge_screen.json:168:    "selected_minimum_clearance_nm": 0.15974739665991966,
runs/phase1A/day024_chemical_end_rim_design/15_r2_full_density_longer_bn_bridge_screen/r2_full_density_longer_bridge_screen_summary.csv:1:decision,bridge_classes_screened,endpoint_pairs_screened,mappings_screened,feasible_class_count,selected_bridge_atoms_per_attachment,selected_attachments_per_end,selected_minimum_angle_deg,selected_minimum_clearance_nm,selected_maximum_bond_deviation_nm,selected_heavy_nodes,selected_components,selected_bipartite,selected_four_cycles,selected_nonheteropolar_edges,selected_degree_over3,selected_degree_below2,selected_H_required,selected_paths_without_cycle,selected_cycle_minimum,selected_cycle_maximum,audit_integrity_pass,selected_topology_graph_checks_pass,candidate_is_final_chemistry,selected_graph_generation_authorized,coordinate_generation_authorized,molecular_topology_generation_authorized,formal_charge_assignment_authorized,force_field_parameterization_authorized,energy_minimization_authorized,MD_authorized,QM_authorized,failed_audit_gates,required_next_step
runs/phase1A/day024_chemical_end_rim_design/15_r2_full_density_longer_bn_bridge_screen/r2_full_density_longer_bridge_pair_screen.csv:1:end,bridge_atoms,seed_node,annulus_node,target_distance_nm,local_fixed_heavy_atoms,candidates_tested,pair_feasible,retained_feasible_candidates,best_library_distance_error_nm,best_minimum_angle_deg,best_maximum_angle_deg,best_maximum_bond_deviation_nm,best_minimum_clearance_nm,best_angle_violations,best_clash_count
runs/phase1A/day024_chemical_end_rim_design/15_r2_full_density_longer_bn_bridge_screen/R2_FULL_DENSITY_LONGER_BN_BRIDGE_SCREEN_DAY024.md:23:- Selected minimum clearance: **0.15974739665991966**
runs/phase1A/day024_chemical_end_rim_design/08_r2_partial_attachment_annulus_static_coordinate_embedding/r2_partial_attachment_static_embedding_gates.csv:19:nuclear_aperture_error_is_within10percent,True
runs/phase1A/day024_chemical_end_rim_design/08_r2_partial_attachment_annulus_static_coordinate_embedding/r2_partial_attachment_static_embedding.json:92:      "nuclear_aperture_diameter_nm": 0.8074151701156814,
runs/phase1A/day024_chemical_end_rim_design/08_r2_partial_attachment_annulus_static_coordinate_embedding/r2_partial_attachment_static_embedding.json:93:      "nuclear_aperture_relative_error": 0.03811151196629764,
runs/phase1A/day024_chemical_end_rim_design/08_r2_partial_attachment_annulus_static_coordinate_embedding/r2_partial_attachment_static_embedding.json:117:      "nuclear_aperture_diameter_nm": 0.8074151701156809,
runs/phase1A/day024_chemical_end_rim_design/08_r2_partial_attachment_annulus_static_coordinate_embedding/r2_partial_attachment_static_embedding.json:118:      "nuclear_aperture_relative_error": 0.038111511966298306,
runs/phase1A/day024_chemical_end_rim_design/08_r2_partial_attachment_annulus_static_coordinate_embedding/r2_partial_attachment_static_embedding.json:144:    "nuclear_aperture_error_is_within10percent": true,
runs/phase1A/day024_chemical_end_rim_design/08_r2_partial_attachment_annulus_static_coordinate_embedding/r2_partial_attachment_static_embedding.json:154:    "The nuclear aperture does not equal a hydrated free-energy or 5-kBT aperture.",
runs/phase1A/day024_chemical_end_rim_design/08_r2_partial_attachment_annulus_static_coordinate_embedding/r2_partial_attachment_static_embedding.json:190:    "lower_nuclear_aperture_diameter_nm": 0.8074151701156814,
runs/phase1A/day024_chemical_end_rim_design/08_r2_partial_attachment_annulus_static_coordinate_embedding/r2_partial_attachment_static_embedding.json:191:    "lower_nuclear_aperture_relative_error": 0.03811151196629764,
runs/phase1A/day024_chemical_end_rim_design/08_r2_partial_attachment_annulus_static_coordinate_embedding/r2_partial_attachment_static_embedding.json:206:    "target_aperture_diameter_nm": 0.8394062099300137,
runs/phase1A/day024_chemical_end_rim_design/08_r2_partial_attachment_annulus_static_coordinate_embedding/r2_partial_attachment_static_embedding.json:211:    "upper_nuclear_aperture_diameter_nm": 0.8074151701156809,
runs/phase1A/day024_chemical_end_rim_design/08_r2_partial_attachment_annulus_static_coordinate_embedding/r2_partial_attachment_static_embedding.json:212:    "upper_nuclear_aperture_relative_error": 0.038111511966298306
runs/phase1A/day024_chemical_end_rim_design/08_r2_partial_attachment_annulus_static_coordinate_embedding/r2_partial_attachment_static_embedding_summary.csv:1:decision,coordinate_nodes,parent_atoms,added_heavy_atoms,added_H_atoms,tube_axis_x,tube_axis_y,tube_axis_z,box_x_nm,box_y_nm,box_z_nm,parent_seed_bond_RMS_deviation_nm,parent_seed_bond_max_deviation_nm,attachment_bond_mean_nm,attachment_bond_minimum_nm,attachment_bond_maximum_nm,attachment_bond_RMS_deviation_nm,attachment_bond_max_deviation_nm,junction_angle_minimum_deg,junction_angle_maximum_deg,junction_angle_mean_deg,junction_angle_RMS_deviation_deg,lower_attachment_plane_gap_nm,upper_attachment_plane_gap_nm,lower_nuclear_aperture_diameter_nm,upper_nuclear_aperture_diameter_nm,target_aperture_diameter_nm,lower_nuclear_aperture_relative_error,upper_nuclear_aperture_relative_error,minimum_nonbonded_heavy_heavy_nm,minimum_nonbonded_heavy_heavy_pair,minimum_nonbonded_H_heavy_nm,minimum_nonbonded_H_heavy_pair,minimum_nonbonded_H_H_nm,minimum_nonbonded_H_H_pair,heavy_heavy_clash_count,H_heavy_clash_count,H_H_clash_count,maximum_lower_upper_asymmetry_nm,candidate_is_final_chemistry,molecular_topology_generation_authorized,formal_charge_assignment_authorized,force_field_parameterization_authorized,energy_minimization_authorized,MD_authorized,mobile_MD_authorized,multitemperature_MD_authorized,QM_authorized,failed_gates,required_next_step
runs/phase1A/day024_chemical_end_rim_design/08_r2_partial_attachment_annulus_static_coordinate_embedding/r2_partial_attachment_static_embedding_end_summary.csv:1:end,seed_atoms,annulus_atoms,attachment_edges,mean_parent_pair_distance_nm,minimum_parent_pair_distance_nm,maximum_parent_pair_distance_nm,Procrustes_RMS_lateral_residual_nm,maximum_lateral_residual_nm,annulus_rotation_determinant,annulus_center_offset_nm,attachment_plane_gap_nm,predicted_attachment_RMS_deviation_nm,predicted_attachment_max_deviation_nm,annulus_axial_coordinate_from_parent_plane_nm,inner_H_atoms,minimum_inner_H_radius_nm,mean_inner_H_radius_nm,nuclear_aperture_diameter_nm,nuclear_aperture_relative_error,outer_annulus_radius_mean_nm,outer_annulus_radius_relative_error,annulus_plane_axial_std_nm
runs/phase1A/day024_chemical_end_rim_design/08_r2_partial_attachment_annulus_static_coordinate_embedding/R2_PARTIAL_ATTACHMENT_STATIC_COORDINATE_EMBEDDING_DAY024.md:55:- Lower nuclear H-defined diameter:
runs/phase1A/day024_chemical_end_rim_design/08_r2_partial_attachment_annulus_static_coordinate_embedding/R2_PARTIAL_ATTACHMENT_STATIC_COORDINATE_EMBEDDING_DAY024.md:57:- Upper nuclear H-defined diameter:
runs/phase1A/day024_chemical_end_rim_design/08_r2_partial_attachment_annulus_static_coordinate_embedding/R2_PARTIAL_ATTACHMENT_STATIC_COORDINATE_EMBEDDING_DAY024.md:64:aperture and cannot replace an excluded-volume or PMF calculation.
runs/phase1A/day024_chemical_end_rim_design/08_r2_partial_attachment_annulus_static_coordinate_embedding/R2_PARTIAL_ATTACHMENT_STATIC_COORDINATE_EMBEDDING_DAY024.md:97:- `nuclear_aperture_error_is_within10percent`: **PASS**
runs/phase1A/day024_chemical_end_rim_design/16_r2_selected_full_density_longer_bn_bridge_graph/r2_selected_longer_bn_bridge_graph.json:20:      "screen_minimum_interbridge_clearance_nm": "0.1676174158174238",
runs/phase1A/day024_chemical_end_rim_design/16_r2_selected_full_density_longer_bn_bridge_graph/r2_selected_longer_bn_bridge_graph.json:21:      "screen_minimum_local_clearance_nm": "0.15974739665991966",
runs/phase1A/day024_chemical_end_rim_design/16_r2_selected_full_density_longer_bn_bridge_graph/r2_selected_longer_bn_bridge_graph.json:43:      "screen_minimum_interbridge_clearance_nm": "0.16093662470718767",
runs/phase1A/day024_chemical_end_rim_design/16_r2_selected_full_density_longer_bn_bridge_graph/r2_selected_longer_bn_bridge_graph.json:44:      "screen_minimum_local_clearance_nm": "0.1621259061649665",
runs/phase1A/day024_chemical_end_rim_design/16_r2_selected_full_density_longer_bn_bridge_graph/r2_selected_longer_bn_bridge_end_summary.csv:1:end,mapping_id,seed_element,bridge_sequence,annulus_endpoint_element,bridge_paths,bridge_atoms,bridge_B_atoms,bridge_N_atoms,seed_H_passivants,outer_H_passivants,inner_H_passivants,bridge_H_passivants,other_H_passivants,total_H_passivants,cycle_minimum,cycle_maximum,screen_minimum_angle_deg,screen_minimum_local_clearance_nm,screen_minimum_interbridge_clearance_nm,screen_maximum_bond_deviation_nm
runs/phase1A/day024_chemical_end_rim_design/11_r2_alternating_bn_trimer_bridge_graph/R2_ALTERNATING_BN_TRIMER_BRIDGE_GRAPH_DAY024.md:136:conformers can be embedded without steric clashes, unacceptable bond
runs/phase1A/day024_chemical_end_rim_design/11_r2_alternating_bn_trimer_bridge_graph/R2_ALTERNATING_BN_TRIMER_BRIDGE_GRAPH_DAY024.md:140:while preserving the parent scaffold, annulus aperture, H passivation,
runs/phase1A/day024_chemical_end_rim_design/11_r2_alternating_bn_trimer_bridge_graph/r2_alternating_bn_trimer_bridge_graph.json:120:      "heavy_atom_relative_error_from_steric_estimate": "",
runs/phase1A/day024_chemical_end_rim_design/11_r2_alternating_bn_trimer_bridge_graph/r2_alternating_bn_trimer_bridge_graph.json:157:      "heavy_atom_relative_error_from_steric_estimate": "",
runs/phase1A/day024_chemical_end_rim_design/03_r2_graded_heteropolar_bn_collar_connectivity_blueprint/r2_graded_collar_connectivity_blueprint_summary.csv:1:decision,primary_candidate,primary_candidate_is_final_chemistry,selected_sequence_rank,selected_ring_populations,selected_layer_count,selected_sequence_score,target_heavy_atoms_per_end,selected_heavy_atoms_per_end,heavy_atom_relative_error,inner_boundary_population,inner_boundary_spacing_nm,parent_terminal_spacing_nm,inner_spacing_relative_error,target_aperture_diameter_nm,target_aperture_radius_nm,target_open_area_fraction,lower_added_B_atoms,lower_added_N_atoms,lower_added_H_atoms,upper_added_B_atoms,upper_added_N_atoms,upper_added_H_atoms,combined_added_B_atoms,combined_added_N_atoms,combined_added_H_atoms,total_parent_to_collar_edges,total_same_element_heavy_edges,total_coordination_failures,maximum_interface_angular_span_turns,lower_end_connected,upper_end_connected,static_coordinate_embedding_authorized,molecular_topology_generation_authorized,formal_charge_assignment_authorized,force_field_parameterization_authorized,energy_minimization_authorized,MD_authorized,mobile_MD_authorized,multitemperature_MD_authorized,QM_recalculation_authorized,failed_gates,required_next_step
runs/phase1A/day024_chemical_end_rim_design/03_r2_graded_heteropolar_bn_collar_connectivity_blueprint/R2_GRADED_HETEROPOLAR_BN_COLLAR_CONNECTIVITY_BLUEPRINT_DAY024.md:34:matching the 144 steric R2 beads per end.
runs/phase1A/day024_chemical_end_rim_design/03_r2_graded_heteropolar_bn_collar_connectivity_blueprint/R2_GRADED_HETEROPOLAR_BN_COLLAR_CONNECTIVITY_BLUEPRINT_DAY024.md:108:- `total_added_heavy_atoms_match_288_R2_steric_beads`: **PASS**
runs/phase1A/day024_chemical_end_rim_design/03_r2_graded_heteropolar_bn_collar_connectivity_blueprint/R2_GRADED_HETEROPOLAR_BN_COLLAR_CONNECTIVITY_BLUEPRINT_DAY024.md:160:bond lengths, bond angles, strain, planarity, aperture size, or
runs/phase1A/day024_chemical_end_rim_design/03_r2_graded_heteropolar_bn_collar_connectivity_blueprint/r2_graded_collar_connectivity_blueprint.json:24:    "total_added_heavy_atoms_match_288_R2_steric_beads": true,
runs/phase1A/day024_chemical_end_rim_design/03_r2_graded_heteropolar_bn_collar_connectivity_blueprint/r2_graded_collar_connectivity_blueprint.json:33:    "The target aperture is represented by the selected inner-boundary population and inherited geometric constraints only."
runs/phase1A/day024_chemical_end_rim_design/03_r2_graded_heteropolar_bn_collar_connectivity_blueprint/r2_graded_collar_connectivity_blueprint.json:105:    "target_aperture_diameter_nm": 0.8394062099300137,
runs/phase1A/day024_chemical_end_rim_design/03_r2_graded_heteropolar_bn_collar_connectivity_blueprint/r2_graded_collar_connectivity_blueprint.json:106:    "target_aperture_radius_nm": 0.41970310496500685,
runs/phase1A/day024_chemical_end_rim_design/03_r2_graded_heteropolar_bn_collar_connectivity_blueprint/r2_graded_collar_connectivity_blueprint_gates.csv:8:total_added_heavy_atoms_match_288_R2_steric_beads,True
runs/phase1A/day024_chemical_end_rim_design/07_r2_reconstruction_vs_partial_attachment_contingency/r2_reconstruction_vs_partial_attachment_summary.csv:1:decision,simple_full_shell_reconstruction_candidate_count,selected_architecture,annulus_outer_shell,annulus_inner_shell,annulus_heavy_atoms_per_end,edge_completion_seed_atoms_per_end,total_added_heavy_atoms_per_end,target_heavy_atoms_per_end,heavy_atom_relative_error,covalent_seed_annulus_attachments_per_end,seed_H_passivants_per_end,outer_annulus_H_passivants_per_end,inner_annulus_H_passivants_per_end,total_H_passivants_per_end,combined_added_heavy_atoms,combined_added_H_atoms,heavy_graph_components,heavy_graph_bipartite,heavy_graph_girth,heavy_graph_four_member_cycles,BN_coordination_failures,H_coordination_failures,nonheteropolar_heavy_edges,outer_radius_mean_nm,inner_radius_mean_nm,target_parent_rim_radius_nm,target_aperture_radius_nm,target_aperture_diameter_nm,outer_radius_relative_error,inner_radius_relative_error,candidate_is_final_chemistry,static_coordinate_embedding_authorized,molecular_topology_generation_authorized,formal_charge_assignment_authorized,force_field_parameterization_authorized,energy_minimization_authorized,MD_authorized,mobile_MD_authorized,multitemperature_MD_authorized,QM_authorized,failed_gates,required_next_step
runs/phase1A/day024_chemical_end_rim_design/07_r2_reconstruction_vs_partial_attachment_contingency/r2_partial_attachment_passivated_annulus_end_summary.csv:1:end,seed_element,annulus_attachment_element,seed_sites,covalently_attached_seed_sites,H_passivated_seed_sites,annulus_heavy_atoms,annulus_outer_boundary_atoms,annulus_inner_boundary_atoms,covalently_attached_outer_sites,H_passivated_outer_sites,H_passivated_inner_sites,total_H_passivants,total_added_heavy_atoms,mapping_seed_parity,mapping_orientation,mapping_rotation,mapping_maximum_angular_residual_turns,minimum_attachment_created_cycle_length,outer_radius_mean_nm,inner_radius_mean_nm
runs/phase1A/day024_chemical_end_rim_design/07_r2_reconstruction_vs_partial_attachment_contingency/r2_partial_attachment_passivated_annulus_design.json:86:    "The effective hydrated aperture must be measured after static three-dimensional embedding."
runs/phase1A/day024_chemical_end_rim_design/07_r2_reconstruction_vs_partial_attachment_contingency/r2_partial_attachment_passivated_annulus_design.json:156:    "target_aperture_diameter_nm": 0.8394062099300137,
runs/phase1A/day024_chemical_end_rim_design/07_r2_reconstruction_vs_partial_attachment_contingency/r2_partial_attachment_passivated_annulus_design.json:157:    "target_aperture_radius_nm": 0.41970310496500685,
runs/phase1A/day024_chemical_end_rim_design/07_r2_reconstruction_vs_partial_attachment_contingency/R2_RECONSTRUCTION_VS_PARTIAL_ATTACHMENT_CONTINGENCY_DAY024.md:92:effective steric aperture after inward H termination must be measured
runs/phase1A/day024_chemical_end_rim_design/19_r2_selected_four_atom_heavy_coordinate_embedding/r2_selected_four_atom_heavy_end_summary.csv:1:end,bridge_atoms,nuclear_aperture_diameter_nm,nuclear_aperture_relative_error,outer_annulus_radius_mean_nm,outer_annulus_radius_relative_error
runs/phase1A/day024_chemical_end_rim_design/19_r2_selected_four_atom_heavy_coordinate_embedding/R2_SELECTED_FOUR_ATOM_HEAVY_COORDINATE_EMBEDDING_DAY024.md:33:## Heavy-atom clearance
runs/phase1A/day024_chemical_end_rim_design/19_r2_selected_four_atom_heavy_coordinate_embedding/R2_SELECTED_FOUR_ATOM_HEAVY_COORDINATE_EMBEDDING_DAY024.md:42:- Lower/upper aperture:
runs/phase1A/day024_chemical_end_rim_design/19_r2_selected_four_atom_heavy_coordinate_embedding/R2_SELECTED_FOUR_ATOM_HEAVY_COORDINATE_EMBEDDING_DAY024.md:63:- `aperture_errors_are_within10percent`: **FAIL**
runs/phase1A/day024_chemical_end_rim_design/19_r2_selected_four_atom_heavy_coordinate_embedding/R2_SELECTED_FOUR_ATOM_HEAVY_COORDINATE_EMBEDDING_DAY024.md:72:  **aperture_errors_are_within10percent**
runs/phase1A/day024_chemical_end_rim_design/19_r2_selected_four_atom_heavy_coordinate_embedding/r2_selected_four_atom_heavy_embedding_summary.csv:1:decision,heavy_nodes,fixed_heavy_nodes,exact_bridge_nodes,bridge_paths,heavy_edges,maximum_BN_bond_deviation_nm,maximum_bridge_BN_bond_deviation_nm,critical_angle_minimum_deg,critical_angle_mean_deg,critical_angle_maximum_deg,critical_angle_RMS_deviation_deg,minimum_nonbonded_heavy_heavy_nm,heavy_heavy_clash_count,lower_aperture_diameter_nm,upper_aperture_diameter_nm,maximum_lower_upper_asymmetry_nm,fixed_coordinates_unchanged,hydrogen_coordinates_generated,candidate_is_final_chemistry,molecular_topology_generation_authorized,formal_charge_assignment_authorized,force_field_parameterization_authorized,energy_minimization_authorized,MD_authorized,QM_authorized,failed_gates,required_next_step
runs/phase1A/day024_chemical_end_rim_design/19_r2_selected_four_atom_heavy_coordinate_embedding/r2_selected_four_atom_heavy_embedding_summary.csv:2:R2_SELECTED_FOUR_ATOM_BN_BRIDGE_HEAVY_COORDINATE_EMBEDDING_REQUIRES_REVIEW,2112,1992,120,30,3066,0.0011953939551086479,4.410696145812354e-05,70.89983978777892,117.35353360923618,168.1814725624514,16.11053625375514,0.15974739665991966,0,1.045415170115679,1.045415170115679,0.0,True,False,False,False,False,False,False,False,False,aperture_errors_are_within10percent,REVIEW_R2_SELECTED_FOUR_ATOM_HEAVY_COORDINATE_EMBEDDING_FAILURES
runs/phase1A/day024_chemical_end_rim_design/19_r2_selected_four_atom_heavy_coordinate_embedding/r2_selected_four_atom_heavy_embedding_gates.csv:15:aperture_errors_are_within10percent,False
runs/phase1A/day024_chemical_end_rim_design/19_r2_selected_four_atom_heavy_coordinate_embedding/r2_selected_four_atom_heavy_embedding.json:6:      "nuclear_aperture_diameter_nm": 1.045415170115679,
runs/phase1A/day024_chemical_end_rim_design/19_r2_selected_four_atom_heavy_coordinate_embedding/r2_selected_four_atom_heavy_embedding.json:7:      "nuclear_aperture_relative_error": 0.24542256085336428,
runs/phase1A/day024_chemical_end_rim_design/19_r2_selected_four_atom_heavy_coordinate_embedding/r2_selected_four_atom_heavy_embedding.json:14:      "nuclear_aperture_diameter_nm": 1.045415170115679,
runs/phase1A/day024_chemical_end_rim_design/19_r2_selected_four_atom_heavy_coordinate_embedding/r2_selected_four_atom_heavy_embedding.json:15:      "nuclear_aperture_relative_error": 0.24542256085336428,
runs/phase1A/day024_chemical_end_rim_design/19_r2_selected_four_atom_heavy_coordinate_embedding/r2_selected_four_atom_heavy_embedding.json:30:    "aperture_errors_are_within10percent": false,
runs/phase1A/day024_chemical_end_rim_design/19_r2_selected_four_atom_heavy_coordinate_embedding/r2_selected_four_atom_heavy_embedding.json:57:    "failed_gates": "aperture_errors_are_within10percent",
runs/phase1A/day024_chemical_end_rim_design/19_r2_selected_four_atom_heavy_coordinate_embedding/r2_selected_four_atom_heavy_embedding.json:66:    "lower_aperture_diameter_nm": 1.045415170115679,
runs/phase1A/day024_chemical_end_rim_design/19_r2_selected_four_atom_heavy_coordinate_embedding/r2_selected_four_atom_heavy_embedding.json:73:    "upper_aperture_diameter_nm": 1.045415170115679
runs/phase1A/day024_chemical_end_rim_design/13_r2_trimer_bridge_conformer_and_h_refinement/r2_trimer_bridge_refinement_gates.csv:21:aperture_errors_are_within10percent,True
runs/phase1A/day024_chemical_end_rim_design/13_r2_trimer_bridge_conformer_and_h_refinement/r2_trimer_bridge_refinement.json:9:      "minimum_local_bridge_clearance_nm": 0.1375622558131456,
runs/phase1A/day024_chemical_end_rim_design/13_r2_trimer_bridge_conformer_and_h_refinement/r2_trimer_bridge_refinement.json:10:      "nuclear_aperture_diameter_nm": 0.8163864537754137,
runs/phase1A/day024_chemical_end_rim_design/13_r2_trimer_bridge_conformer_and_h_refinement/r2_trimer_bridge_refinement.json:11:      "nuclear_aperture_relative_error": 0.027423857343775476,
runs/phase1A/day024_chemical_end_rim_design/13_r2_trimer_bridge_conformer_and_h_refinement/r2_trimer_bridge_refinement.json:21:      "minimum_local_bridge_clearance_nm": 0.1383561593535436,
runs/phase1A/day024_chemical_end_rim_design/13_r2_trimer_bridge_conformer_and_h_refinement/r2_trimer_bridge_refinement.json:22:      "nuclear_aperture_diameter_nm": 0.8163864537754137,
runs/phase1A/day024_chemical_end_rim_design/13_r2_trimer_bridge_conformer_and_h_refinement/r2_trimer_bridge_refinement.json:23:      "nuclear_aperture_relative_error": 0.027423857343775476,
runs/phase1A/day024_chemical_end_rim_design/13_r2_trimer_bridge_conformer_and_h_refinement/r2_trimer_bridge_refinement.json:39:    "aperture_errors_are_within10percent": true,
runs/phase1A/day024_chemical_end_rim_design/13_r2_trimer_bridge_conformer_and_h_refinement/r2_trimer_bridge_refinement.json:90:    "lower_nuclear_aperture_diameter_nm": 0.8163864537754137,
runs/phase1A/day024_chemical_end_rim_design/13_r2_trimer_bridge_conformer_and_h_refinement/r2_trimer_bridge_refinement.json:103:    "target_aperture_diameter_nm": 0.8394062099300137,
runs/phase1A/day024_chemical_end_rim_design/13_r2_trimer_bridge_conformer_and_h_refinement/r2_trimer_bridge_refinement.json:104:    "upper_nuclear_aperture_diameter_nm": 0.8163864537754137
runs/phase1A/day024_chemical_end_rim_design/13_r2_trimer_bridge_conformer_and_h_refinement/r2_trimer_bridge_refined_hydrogen_orientations.csv:1:hydrogen_node,end,hydrogen_role,attached_heavy_node,direction_x,direction_y,direction_z,local_angle_violations,local_heavy_clashes,minimum_heavy_clearance_nm,heavy_neighbor_angle_1_deg,heavy_neighbor_angle_2_deg
runs/phase1A/day024_chemical_end_rim_design/13_r2_trimer_bridge_conformer_and_h_refinement/R2_TRIMER_BRIDGE_CONFORMER_AND_H_REFINEMENT_DAY024.md:88:- `aperture_errors_are_within10percent`: **PASS**
runs/phase1A/day024_chemical_end_rim_design/13_r2_trimer_bridge_conformer_and_h_refinement/r2_trimer_bridge_refinement_summary.csv:1:decision,coordinate_nodes,bridge_conformers_refined,H_orientations_refined,conformer_library_size,maximum_library_distance_error_nm,maximum_BN_bond_deviation_nm,maximum_bridge_BN_bond_deviation_nm,maximum_XH_bond_deviation_nm,critical_angle_minimum_deg,critical_angle_mean_deg,critical_angle_maximum_deg,critical_angle_RMS_deviation_deg,minimum_nonbonded_heavy_heavy_nm,minimum_nonbonded_H_heavy_nm,minimum_nonbonded_H_H_nm,heavy_heavy_clash_count,H_heavy_clash_count,H_H_clash_count,lower_nuclear_aperture_diameter_nm,upper_nuclear_aperture_diameter_nm,target_aperture_diameter_nm,maximum_lower_upper_asymmetry_nm,heavy_geometry_pass,hydrogen_geometry_pass,candidate_is_final_chemistry,molecular_topology_generation_authorized,formal_charge_assignment_authorized,force_field_parameterization_authorized,energy_minimization_authorized,MD_authorized,mobile_MD_authorized,multitemperature_MD_authorized,QM_authorized,failed_gates,required_next_step
runs/phase1A/day024_chemical_end_rim_design/13_r2_trimer_bridge_conformer_and_h_refinement/r2_trimer_bridge_refined_conformers.csv:1:bridge_path_id,end,bridge_index,seed_node,annulus_node,library_angle_deg,library_phi1_deg,library_phi2_deg,library_distance_nm,library_distance_error_nm,selected_mirror,selected_azimuth_deg,local_angle_violations,local_heavy_clashes,local_minimum_clearance_nm,bond_1_nm,bond_2_nm,bond_3_nm,bond_4_nm,internal_angle_1_deg,internal_angle_2_deg,internal_angle_3_deg,seed_junction_angle_1_deg,seed_junction_angle_2_deg,annulus_junction_angle_1_deg,annulus_junction_angle_2_deg
runs/phase1A/day024_chemical_end_rim_design/13_r2_trimer_bridge_conformer_and_h_refinement/r2_trimer_bridge_refined_end_summary.csv:1:end,bridge_conformers,conformers_with_local_angle_violations,conformers_with_local_heavy_clashes,minimum_local_bridge_clearance_nm,maximum_library_distance_error_nm,nuclear_aperture_diameter_nm,nuclear_aperture_relative_error,outer_annulus_radius_mean_nm,outer_annulus_radius_relative_error
runs/phase1A/day024_chemical_end_rim_design/01_r2_parent_rim_chemical_audit/R2_PARENT_RIM_AND_CHEMICAL_CONSTRAINTS_AUDIT_DAY024.md:6:the validated steric-cap geometry into chemical and atomistic design
runs/phase1A/day024_chemical_end_rim_design/01_r2_parent_rim_chemical_audit/R2_PARENT_RIM_AND_CHEMICAL_CONSTRAINTS_AUDIT_DAY024.md:99:- Effective aperture diameter:
runs/phase1A/day024_chemical_end_rim_design/01_r2_parent_rim_chemical_audit/R2_PARENT_RIM_AND_CHEMICAL_CONSTRAINTS_AUDIT_DAY024.md:101:- Effective aperture radius:
runs/phase1A/day024_chemical_end_rim_design/01_r2_parent_rim_chemical_audit/R2_PARENT_RIM_AND_CHEMICAL_CONSTRAINTS_AUDIT_DAY024.md:107:- Required radial occlusion:
runs/phase1A/day024_chemical_end_rim_design/01_r2_parent_rim_chemical_audit/R2_PARENT_RIM_AND_CHEMICAL_CONSTRAINTS_AUDIT_DAY024.md:113:- Validated steric beads:
runs/phase1A/day024_chemical_end_rim_design/01_r2_parent_rim_chemical_audit/R2_PARENT_RIM_AND_CHEMICAL_CONSTRAINTS_AUDIT_DAY024.md:119:chemical replacement. It cannot reproduce the validated aperture, and
runs/phase1A/day024_chemical_end_rim_design/01_r2_parent_rim_chemical_audit/R2_PARENT_RIM_AND_CHEMICAL_CONSTRAINTS_AUDIT_DAY024.md:177:- `validated_aperture_is_finite_and_open`: **PASS**
runs/phase1A/day024_chemical_end_rim_design/01_r2_parent_rim_chemical_audit/R2_PARENT_RIM_AND_CHEMICAL_CONSTRAINTS_AUDIT_DAY024.md:179:- `required_radial_occlusion_is_positive`: **PASS**
runs/phase1A/day024_chemical_end_rim_design/01_r2_parent_rim_chemical_audit/r2_preliminary_chemical_candidate_classes.csv:2:C0_SIMPLE_EDGE_PASSIVATION_ONLY,Attempt to passivate the existing degree-1 polar BN termini using only small terminal groups.,"Small-group BN edge passivation is chemically plausible in general, but the accepted parent sites are degree 1 rather than conventional degree-2 edge sites.",Insufficient as a direct R2-cap replacement because it neither reproduces the required inward radial closure of 0.779423 nm nor by itself resolves the full parent-side coordination deficit.,0,REJECT_AS_STANDALONE_CAP_REPLACEMENT,Leaves a pore much wider than the validated 0.84 nm aperture and may leave the degree-1 polar termini chemically under-resolved.,10.1021/jp805790s; 10.1039/C9NA00530G
runs/phase1A/day024_chemical_end_rim_design/01_r2_parent_rim_chemical_audit/r2_preliminary_chemical_candidate_classes.csv:3:C1_LINKED_BN_ANNULAR_NANOFLAKE,Coaxial atomically thin BN annular nanoflake placed at the validated cap plane and attached through end-specific junction networks: one for the B-terminated lower rim and one for the N-terminated upper rim.,Preserves the BN material family and permits H or mixed edge passivation.,Closest atomistic analogue to the validated planar annular steric cap; estimated monolayer population 145.1 atoms/end.,1,ADVANCE_TO_EXPLICIT_GEOMETRY_AND_JUNCTION_DESIGN,"B-end and N-end linker chemistry, charge compensation, and junction strain must be resolved independently; a direct 90-degree seamless sp2 seam is not assumed.",10.1021/jp805790s; 10.1039/C9NA00530G
runs/phase1A/day024_chemical_end_rim_design/01_r2_parent_rim_chemical_audit/r2_preliminary_chemical_candidate_classes.csv:5:C3_INWARD_TETHERED_FUNCTIONAL_CORONA,Multiple inward-pointing tethered aromatic or polar groups attached around the terminal BN rim.,Uses established covalent BNNT functionalization concepts.,Can reduce the effective aperture but does not naturally reproduce the rigid planar exclusion surface.,3,DEFER_UNLESS_RIGID_ANNULAR_CANDIDATES_FAIL,"Flexibility, pore intermittency, collapse, and strong hydration dependence.",10.1021/ja063653+
runs/phase1A/day024_chemical_end_rim_design/01_r2_parent_rim_chemical_audit/r2_parent_terminal_end_summary.csv:1:end,atom_count,B_count,N_count,center_x_nm,center_y_nm,center_z_nm,center_axial_coordinate_nm,axial_standard_deviation_nm,radius_mean_nm,radius_standard_deviation_nm,radius_minimum_nm,radius_maximum_nm,angular_gap_mean_rad,angular_gap_standard_deviation_rad,angular_gap_maximum_rad,element_alternation_fraction,dominant_element,element_purity_fraction
runs/phase1A/day024_chemical_end_rim_design/01_r2_parent_rim_chemical_audit/r2_parent_rim_chemical_audit_summary.csv:1:decision,system_atoms,HBN_atoms,HBN_B_atoms,HBN_N_atoms,HBN_zero_charge_atoms,geometry_derived_BN_bonds,expected_geometry_BN_bonds,BN_bond_mean_nm,BN_bond_median_nm,BN_bond_minimum_nm,BN_bond_maximum_nm,degree1_terminal_atoms,degree2_atoms,degree3_interior_atoms,coordination_anomaly_atoms,edge_edge_bonds,edge_interior_bonds,lower_end_atoms,lower_end_B_atoms,lower_end_N_atoms,lower_end_radius_mean_nm,lower_end_axial_std_nm,lower_end_dominant_element,lower_end_element_purity_fraction,lower_end_alternation_fraction,upper_end_atoms,upper_end_B_atoms,upper_end_N_atoms,upper_end_radius_mean_nm,upper_end_axial_std_nm,upper_end_dominant_element,upper_end_element_purity_fraction,upper_end_alternation_fraction,terminal_polarity,terminal_coordination_deficit_to_degree3,lower_cap_plane_offset_nm,upper_cap_plane_offset_nm,target_aperture_diameter_nm,target_aperture_radius_nm,target_open_area_fraction,parent_rim_mean_radius_nm,required_radial_occlusion_nm,annular_area_per_end_nm2,estimated_monolayer_hBN_atoms_per_end,validated_R2_beads_per_end,validated_minimum_CAP_OW_distance_nm,current_parent_rim_is_chemically_passivated,current_parent_rim_is_final_chemistry,static_candidate_design_authorized,geometry_generation_authorized,energy_minimization_authorized,new_MD_authorized,mobile_MD_authorized,multitemperature_MD_authorized,QM_recalculation_authorized,failed_gates,required_next_step
runs/phase1A/day024_chemical_end_rim_design/01_r2_parent_rim_chemical_audit/topology_terminal_classification/hbn_explicit_topology_terminal_end_summary.csv:1:end,terminal_atom_count,B_count,N_count,axial_mean_nm,axial_minimum_nm,axial_maximum_nm,axial_standard_deviation_nm,radius_mean_nm,radius_standard_deviation_nm,radius_minimum_nm,radius_maximum_nm
runs/phase1A/day024_chemical_end_rim_design/01_r2_parent_rim_chemical_audit/topology_terminal_classification/hbn_terminal_coordination_classification_summary.csv:1:decision,selected_topology,local_include_files,HBN_topology_atoms,explicit_bonds,geometry_bonds,explicit_only_bonds,geometry_only_bonds,explicit_degree0_atoms,explicit_degree1_atoms,explicit_degree2_atoms,explicit_degree3_atoms,geometry_degree_counts,terminal_B_atoms_total,terminal_N_atoms_total,lower_terminal_atoms,lower_terminal_B_atoms,lower_terminal_N_atoms,lower_terminal_axial_mean_nm,lower_terminal_axial_std_nm,lower_terminal_radius_mean_nm,upper_terminal_atoms,upper_terminal_B_atoms,upper_terminal_N_atoms,upper_terminal_axial_mean_nm,upper_terminal_axial_std_nm,upper_terminal_radius_mean_nm,explicit_bond_mean_nm,explicit_bond_median_nm,explicit_bond_minimum_nm,explicit_bond_maximum_nm,parent_auditor_repair_authorized,geometry_generation_authorized,energy_minimization_authorized,MD_authorized,QM_authorized,failed_gates,required_next_step
runs/phase1A/day024_chemical_end_rim_design/01_r2_parent_rim_chemical_audit/pre_degree1_polar_terminal_repair_20260709_100303/audit_day024_r2_parent_rim_and_chemical_constraints.before_repair.py:1263:    target_aperture_diameter_nm = (
runs/phase1A/day024_chemical_end_rim_design/01_r2_parent_rim_chemical_audit/pre_degree1_polar_terminal_repair_20260709_100303/audit_day024_r2_parent_rim_and_chemical_constraints.before_repair.py:1266:            "R2_effective_aperture_diameter_nm",
runs/phase1A/day024_chemical_end_rim_design/01_r2_parent_rim_chemical_audit/pre_degree1_polar_terminal_repair_20260709_100303/audit_day024_r2_parent_rim_and_chemical_constraints.before_repair.py:1270:    target_aperture_radius_nm = (
runs/phase1A/day024_chemical_end_rim_design/01_r2_parent_rim_chemical_audit/pre_degree1_polar_terminal_repair_20260709_100303/audit_day024_r2_parent_rim_and_chemical_constraints.before_repair.py:1271:        target_aperture_diameter_nm
runs/phase1A/day024_chemical_end_rim_design/01_r2_parent_rim_chemical_audit/pre_degree1_polar_terminal_repair_20260709_100303/audit_day024_r2_parent_rim_and_chemical_constraints.before_repair.py:1699:    required_radial_occlusion_nm = (
runs/phase1A/day024_chemical_end_rim_design/01_r2_parent_rim_chemical_audit/pre_degree1_polar_terminal_repair_20260709_100303/audit_day024_r2_parent_rim_and_chemical_constraints.before_repair.py:1701:        - target_aperture_radius_nm
runs/phase1A/day024_chemical_end_rim_design/01_r2_parent_rim_chemical_audit/pre_degree1_polar_terminal_repair_20260709_100303/audit_day024_r2_parent_rim_and_chemical_constraints.before_repair.py:1721:            - target_aperture_radius_nm
runs/phase1A/day024_chemical_end_rim_design/01_r2_parent_rim_chemical_audit/pre_degree1_polar_terminal_repair_20260709_100303/audit_day024_r2_parent_rim_and_chemical_constraints.before_repair.py:1722:            * target_aperture_radius_nm
runs/phase1A/day024_chemical_end_rim_design/01_r2_parent_rim_chemical_audit/pre_degree1_polar_terminal_repair_20260709_100303/audit_day024_r2_parent_rim_and_chemical_constraints.before_repair.py:1943:                "target_effective_aperture_diameter"
runs/phase1A/day024_chemical_end_rim_design/01_r2_parent_rim_chemical_audit/pre_degree1_polar_terminal_repair_20260709_100303/audit_day024_r2_parent_rim_and_chemical_constraints.before_repair.py:1946:                target_aperture_diameter_nm
runs/phase1A/day024_chemical_end_rim_design/01_r2_parent_rim_chemical_audit/pre_degree1_polar_terminal_repair_20260709_100303/audit_day024_r2_parent_rim_and_chemical_constraints.before_repair.py:1956:                "target_effective_aperture_radius"
runs/phase1A/day024_chemical_end_rim_design/01_r2_parent_rim_chemical_audit/pre_degree1_polar_terminal_repair_20260709_100303/audit_day024_r2_parent_rim_and_chemical_constraints.before_repair.py:1959:                target_aperture_radius_nm
runs/phase1A/day024_chemical_end_rim_design/01_r2_parent_rim_chemical_audit/pre_degree1_polar_terminal_repair_20260709_100303/audit_day024_r2_parent_rim_and_chemical_constraints.before_repair.py:1963:                "Half of validated aperture diameter"
runs/phase1A/day024_chemical_end_rim_design/01_r2_parent_rim_chemical_audit/pre_degree1_polar_terminal_repair_20260709_100303/audit_day024_r2_parent_rim_and_chemical_constraints.before_repair.py:1995:                "required_radial_occlusion"
runs/phase1A/day024_chemical_end_rim_design/01_r2_parent_rim_chemical_audit/pre_degree1_polar_terminal_repair_20260709_100303/audit_day024_r2_parent_rim_and_chemical_constraints.before_repair.py:1998:                required_radial_occlusion_nm
runs/phase1A/day024_chemical_end_rim_design/01_r2_parent_rim_chemical_audit/pre_degree1_polar_terminal_repair_20260709_100303/audit_day024_r2_parent_rim_and_chemical_constraints.before_repair.py:2003:                "aperture radius"
runs/phase1A/day024_chemical_end_rim_design/01_r2_parent_rim_chemical_audit/pre_degree1_polar_terminal_repair_20260709_100303/audit_day024_r2_parent_rim_and_chemical_constraints.before_repair.py:2037:                "validated_steric_beads_per_end"
runs/phase1A/day024_chemical_end_rim_design/01_r2_parent_rim_chemical_audit/pre_degree1_polar_terminal_repair_20260709_100303/audit_day024_r2_parent_rim_and_chemical_constraints.before_repair.py:2119:                f"{required_radial_occlusion_nm:.6f} nm."
runs/phase1A/day024_chemical_end_rim_design/01_r2_parent_rim_chemical_audit/pre_degree1_polar_terminal_repair_20260709_100303/audit_day024_r2_parent_rim_and_chemical_constraints.before_repair.py:2127:                "validated 0.84 nm aperture."
runs/phase1A/day024_chemical_end_rim_design/01_r2_parent_rim_chemical_audit/pre_degree1_polar_terminal_repair_20260709_100303/audit_day024_r2_parent_rim_and_chemical_constraints.before_repair.py:2151:                "validated planar annular steric cap; "
runs/phase1A/day024_chemical_end_rim_design/01_r2_parent_rim_chemical_audit/pre_degree1_polar_terminal_repair_20260709_100303/audit_day024_r2_parent_rim_and_chemical_constraints.before_repair.py:2216:                "Can reduce the effective aperture but "
runs/phase1A/day024_chemical_end_rim_design/01_r2_parent_rim_chemical_audit/pre_degree1_polar_terminal_repair_20260709_100303/audit_day024_r2_parent_rim_and_chemical_constraints.before_repair.py:2218:                "planar exclusion surface."
runs/phase1A/day024_chemical_end_rim_design/01_r2_parent_rim_chemical_audit/pre_degree1_polar_terminal_repair_20260709_100303/audit_day024_r2_parent_rim_and_chemical_constraints.before_repair.py:2509:        "validated_aperture_is_finite_and_open": (
runs/phase1A/day024_chemical_end_rim_design/01_r2_parent_rim_chemical_audit/pre_degree1_polar_terminal_repair_20260709_100303/audit_day024_r2_parent_rim_and_chemical_constraints.before_repair.py:2511:                target_aperture_diameter_nm
runs/phase1A/day024_chemical_end_rim_design/01_r2_parent_rim_chemical_audit/pre_degree1_polar_terminal_repair_20260709_100303/audit_day024_r2_parent_rim_and_chemical_constraints.before_repair.py:2513:            and target_aperture_diameter_nm
runs/phase1A/day024_chemical_end_rim_design/01_r2_parent_rim_chemical_audit/pre_degree1_polar_terminal_repair_20260709_100303/audit_day024_r2_parent_rim_and_chemical_constraints.before_repair.py:2515:            and target_aperture_radius_nm
runs/phase1A/day024_chemical_end_rim_design/01_r2_parent_rim_chemical_audit/pre_degree1_polar_terminal_repair_20260709_100303/audit_day024_r2_parent_rim_and_chemical_constraints.before_repair.py:2526:        "required_radial_occlusion_is_positive": (
runs/phase1A/day024_chemical_end_rim_design/01_r2_parent_rim_chemical_audit/pre_degree1_polar_terminal_repair_20260709_100303/audit_day024_r2_parent_rim_and_chemical_constraints.before_repair.py:2527:            required_radial_occlusion_nm
runs/phase1A/day024_chemical_end_rim_design/01_r2_parent_rim_chemical_audit/pre_degree1_polar_terminal_repair_20260709_100303/audit_day024_r2_parent_rim_and_chemical_constraints.before_repair.py:2758:        "target_aperture_diameter_nm": (
runs/phase1A/day024_chemical_end_rim_design/01_r2_parent_rim_chemical_audit/pre_degree1_polar_terminal_repair_20260709_100303/audit_day024_r2_parent_rim_and_chemical_constraints.before_repair.py:2759:            target_aperture_diameter_nm
runs/phase1A/day024_chemical_end_rim_design/01_r2_parent_rim_chemical_audit/pre_degree1_polar_terminal_repair_20260709_100303/audit_day024_r2_parent_rim_and_chemical_constraints.before_repair.py:2761:        "target_aperture_radius_nm": (
runs/phase1A/day024_chemical_end_rim_design/01_r2_parent_rim_chemical_audit/pre_degree1_polar_terminal_repair_20260709_100303/audit_day024_r2_parent_rim_and_chemical_constraints.before_repair.py:2762:            target_aperture_radius_nm
runs/phase1A/day024_chemical_end_rim_design/01_r2_parent_rim_chemical_audit/pre_degree1_polar_terminal_repair_20260709_100303/audit_day024_r2_parent_rim_and_chemical_constraints.before_repair.py:2770:        "required_radial_occlusion_nm": (
runs/phase1A/day024_chemical_end_rim_design/01_r2_parent_rim_chemical_audit/pre_degree1_polar_terminal_repair_20260709_100303/audit_day024_r2_parent_rim_and_chemical_constraints.before_repair.py:2771:            required_radial_occlusion_nm
runs/phase1A/day024_chemical_end_rim_design/01_r2_parent_rim_chemical_audit/pre_degree1_polar_terminal_repair_20260709_100303/audit_day024_r2_parent_rim_and_chemical_constraints.before_repair.py:2849:the validated steric-cap geometry into chemical and atomistic design
runs/phase1A/day024_chemical_end_rim_design/01_r2_parent_rim_chemical_audit/pre_degree1_polar_terminal_repair_20260709_100303/audit_day024_r2_parent_rim_and_chemical_constraints.before_repair.py:2933:- Effective aperture diameter:
runs/phase1A/day024_chemical_end_rim_design/01_r2_parent_rim_chemical_audit/pre_degree1_polar_terminal_repair_20260709_100303/audit_day024_r2_parent_rim_and_chemical_constraints.before_repair.py:2934:  **{target_aperture_diameter_nm:.6f} nm**
runs/phase1A/day024_chemical_end_rim_design/01_r2_parent_rim_chemical_audit/pre_degree1_polar_terminal_repair_20260709_100303/audit_day024_r2_parent_rim_and_chemical_constraints.before_repair.py:2935:- Effective aperture radius:
runs/phase1A/day024_chemical_end_rim_design/01_r2_parent_rim_chemical_audit/pre_degree1_polar_terminal_repair_20260709_100303/audit_day024_r2_parent_rim_and_chemical_constraints.before_repair.py:2936:  **{target_aperture_radius_nm:.6f} nm**
runs/phase1A/day024_chemical_end_rim_design/01_r2_parent_rim_chemical_audit/pre_degree1_polar_terminal_repair_20260709_100303/audit_day024_r2_parent_rim_and_chemical_constraints.before_repair.py:2941:- Required radial occlusion:
runs/phase1A/day024_chemical_end_rim_design/01_r2_parent_rim_chemical_audit/pre_degree1_polar_terminal_repair_20260709_100303/audit_day024_r2_parent_rim_and_chemical_constraints.before_repair.py:2942:  **{required_radial_occlusion_nm:.6f} nm**
runs/phase1A/day024_chemical_end_rim_design/01_r2_parent_rim_chemical_audit/pre_degree1_polar_terminal_repair_20260709_100303/audit_day024_r2_parent_rim_and_chemical_constraints.before_repair.py:2947:- Validated steric beads:
runs/phase1A/day024_chemical_end_rim_design/01_r2_parent_rim_chemical_audit/pre_degree1_polar_terminal_repair_20260709_100303/audit_day024_r2_parent_rim_and_chemical_constraints.before_repair.py:2953:itself reproduce the validated aperture because the required inward
runs/phase1A/day024_chemical_end_rim_design/01_r2_parent_rim_chemical_audit/pre_degree1_polar_terminal_repair_20260709_100303/audit_day024_r2_parent_rim_and_chemical_constraints.before_repair.py:2955:**{required_radial_occlusion_nm:.6f} nm**.
runs/phase1A/day024_chemical_end_rim_design/01_r2_parent_rim_chemical_audit/pre_degree1_polar_terminal_repair_20260709_100303/audit_day024_r2_parent_rim_and_chemical_constraints.before_repair.py:3042:        "Lower rim atoms / B / N / radius / "
runs/phase1A/day024_chemical_end_rim_design/01_r2_parent_rim_chemical_audit/pre_degree1_polar_terminal_repair_20260709_100303/audit_day024_r2_parent_rim_and_chemical_constraints.before_repair.py:3053:        "Upper rim atoms / B / N / radius / "
runs/phase1A/day024_chemical_end_rim_design/01_r2_parent_rim_chemical_audit/pre_degree1_polar_terminal_repair_20260709_100303/audit_day024_r2_parent_rim_and_chemical_constraints.before_repair.py:3070:        "Target aperture diameter / radius / "
runs/phase1A/day024_chemical_end_rim_design/01_r2_parent_rim_chemical_audit/pre_degree1_polar_terminal_repair_20260709_100303/audit_day024_r2_parent_rim_and_chemical_constraints.before_repair.py:3072:        f"{target_aperture_diameter_nm:.6f}/"
runs/phase1A/day024_chemical_end_rim_design/01_r2_parent_rim_chemical_audit/pre_degree1_polar_terminal_repair_20260709_100303/audit_day024_r2_parent_rim_and_chemical_constraints.before_repair.py:3073:        f"{target_aperture_radius_nm:.6f}/"
runs/phase1A/day024_chemical_end_rim_design/01_r2_parent_rim_chemical_audit/pre_degree1_polar_terminal_repair_20260709_100303/audit_day024_r2_parent_rim_and_chemical_constraints.before_repair.py:3078:        "Parent rim radius / required radial occlusion: "
runs/phase1A/day024_chemical_end_rim_design/01_r2_parent_rim_chemical_audit/pre_degree1_polar_terminal_repair_20260709_100303/audit_day024_r2_parent_rim_and_chemical_constraints.before_repair.py:3080:        f"{required_radial_occlusion_nm:.6f} nm"
runs/phase1A/day024_chemical_end_rim_design/01_r2_parent_rim_chemical_audit/r2_chemical_end_rim_design_constraints.csv:9:target_effective_aperture_diameter,0.8394062099300137,nm,Validated R2 screening geometry,TARGET
runs/phase1A/day024_chemical_end_rim_design/01_r2_parent_rim_chemical_audit/r2_chemical_end_rim_design_constraints.csv:10:target_effective_aperture_radius,0.41970310496500685,nm,Half of validated aperture diameter,TARGET
runs/phase1A/day024_chemical_end_rim_design/01_r2_parent_rim_chemical_audit/r2_chemical_end_rim_design_constraints.csv:13:required_radial_occlusion,0.7794225957831484,nm,Parent rim radius minus target aperture radius,REQUIRED
runs/phase1A/day024_chemical_end_rim_design/01_r2_parent_rim_chemical_audit/r2_chemical_end_rim_design_constraints.csv:16:validated_steric_beads_per_end,144,beads/end,Accepted R2 screening model,REFERENCE
runs/phase1A/day024_chemical_end_rim_design/01_r2_parent_rim_chemical_audit/r2_parent_rim_chemical_audit_gates.csv:33:validated_aperture_is_finite_and_open,True
runs/phase1A/day024_chemical_end_rim_design/01_r2_parent_rim_chemical_audit/r2_parent_rim_chemical_audit_gates.csv:35:required_radial_occlusion_is_positive,True
runs/phase1A/day024_chemical_end_rim_design/12_r2_alternating_bn_trimer_bridge_static_coordinate_embedding/r2_trimer_bridge_selected_conformers.csv:1:bridge_path_id,end,bridge_index,seed_node,annulus_node,target_endpoint_distance_nm,library_angle_deg,library_torsion_1_deg,library_torsion_2_deg,library_distance_nm,library_distance_error_nm,selected_mirror,selected_azimuth_deg,preexisting_heavy_clash_count,minimum_preexisting_heavy_clearance_nm,bond_1_nm,bond_2_nm,bond_3_nm,bond_4_nm,angle_1_deg,angle_2_deg,angle_3_deg
runs/phase1A/day024_chemical_end_rim_design/12_r2_alternating_bn_trimer_bridge_static_coordinate_embedding/R2_ALTERNATING_BN_TRIMER_BRIDGE_STATIC_EMBEDDING_DAY024.md:73:- `aperture_errors_are_within10percent`: **PASS**
runs/phase1A/day024_chemical_end_rim_design/12_r2_alternating_bn_trimer_bridge_static_coordinate_embedding/r2_trimer_bridge_static_embedding_gates.csv:17:aperture_errors_are_within10percent,True
runs/phase1A/day024_chemical_end_rim_design/12_r2_alternating_bn_trimer_bridge_static_coordinate_embedding/r2_trimer_bridge_static_embedding_summary.csv:1:decision,coordinate_nodes,parent_atoms,total_heavy_atoms,total_H_atoms,bridge_conformers,conformer_library_size,maximum_library_distance_error_nm,maximum_BN_bond_deviation_nm,maximum_bridge_BN_bond_deviation_nm,maximum_XH_bond_deviation_nm,critical_angle_minimum_deg,critical_angle_mean_deg,critical_angle_maximum_deg,critical_angle_RMS_deviation_deg,minimum_nonbonded_heavy_heavy_nm,minimum_nonbonded_H_heavy_nm,minimum_nonbonded_H_H_nm,heavy_heavy_clash_count,H_heavy_clash_count,H_H_clash_count,lower_nuclear_aperture_diameter_nm,upper_nuclear_aperture_diameter_nm,target_aperture_diameter_nm,maximum_lower_upper_asymmetry_nm,candidate_is_final_chemistry,molecular_topology_generation_authorized,formal_charge_assignment_authorized,force_field_parameterization_authorized,energy_minimization_authorized,MD_authorized,mobile_MD_authorized,multitemperature_MD_authorized,QM_authorized,failed_gates,required_next_step
runs/phase1A/day024_chemical_end_rim_design/12_r2_alternating_bn_trimer_bridge_static_coordinate_embedding/r2_trimer_bridge_static_embedding_end_summary.csv:1:end,bridge_paths,selected_gap_nm,annulus_center_offset_nm,annulus_endpoint_fit_RMS_nm,endpoint_distance_minimum_nm,endpoint_distance_mean_nm,endpoint_distance_maximum_nm,maximum_bridge_bond_deviation_nm,conformers_with_preexisting_heavy_clashes,minimum_selected_conformer_clearance_nm,inner_H_atoms,nuclear_aperture_diameter_nm,nuclear_aperture_relative_error,outer_annulus_radius_mean_nm,outer_annulus_radius_relative_error
runs/phase1A/day024_chemical_end_rim_design/12_r2_alternating_bn_trimer_bridge_static_coordinate_embedding/r2_trimer_bridge_static_embedding.json:24:      "minimum_selected_conformer_clearance_nm": 0.05951338697271288,
runs/phase1A/day024_chemical_end_rim_design/12_r2_alternating_bn_trimer_bridge_static_coordinate_embedding/r2_trimer_bridge_static_embedding.json:25:      "nuclear_aperture_diameter_nm": 0.8163864537754161,
runs/phase1A/day024_chemical_end_rim_design/12_r2_alternating_bn_trimer_bridge_static_coordinate_embedding/r2_trimer_bridge_static_embedding.json:26:      "nuclear_aperture_relative_error": 0.0274238573437727,
runs/phase1A/day024_chemical_end_rim_design/12_r2_alternating_bn_trimer_bridge_static_coordinate_embedding/r2_trimer_bridge_static_embedding.json:42:      "minimum_selected_conformer_clearance_nm": 0.07917119058405774,
runs/phase1A/day024_chemical_end_rim_design/12_r2_alternating_bn_trimer_bridge_static_coordinate_embedding/r2_trimer_bridge_static_embedding.json:43:      "nuclear_aperture_diameter_nm": 0.8163864537754154,
runs/phase1A/day024_chemical_end_rim_design/12_r2_alternating_bn_trimer_bridge_static_coordinate_embedding/r2_trimer_bridge_static_embedding.json:44:      "nuclear_aperture_relative_error": 0.027423857343773495,
runs/phase1A/day024_chemical_end_rim_design/12_r2_alternating_bn_trimer_bridge_static_coordinate_embedding/r2_trimer_bridge_static_embedding.json:61:    "aperture_errors_are_within10percent": true,
runs/phase1A/day024_chemical_end_rim_design/12_r2_alternating_bn_trimer_bridge_static_coordinate_embedding/r2_trimer_bridge_static_embedding.json:75:    "The conformer-selection score is based on geometric clearance, not an energetic potential.",
runs/phase1A/day024_chemical_end_rim_design/12_r2_alternating_bn_trimer_bridge_static_coordinate_embedding/r2_trimer_bridge_static_embedding.json:99:    "lower_nuclear_aperture_diameter_nm": 0.8163864537754161,
runs/phase1A/day024_chemical_end_rim_design/12_r2_alternating_bn_trimer_bridge_static_coordinate_embedding/r2_trimer_bridge_static_embedding.json:113:    "target_aperture_diameter_nm": 0.8394062099300137,
runs/phase1A/day024_chemical_end_rim_design/12_r2_alternating_bn_trimer_bridge_static_coordinate_embedding/r2_trimer_bridge_static_embedding.json:116:    "upper_nuclear_aperture_diameter_nm": 0.8163864537754154
runs/phase1A/day024_chemical_end_rim_design/18_r2_selected_four_atom_exact_conformer_replay/r2_selected_four_atom_exact_conformers.csv:1:bridge_path_id,end,bridge_index,mapping_id,seed_node,annulus_node,selected_pool_index,library_index,library_random_seed,library_distance_error_nm,mirror,azimuth_deg,minimum_angle_deg,maximum_angle_deg,maximum_bond_deviation_nm,minimum_local_clearance_nm,local_clash_count,local_angle_violations,chain_point_count
runs/phase1A/day024_chemical_end_rim_design/18_r2_selected_four_atom_exact_conformer_replay/r2_full_density_longer_bridge_selected_candidate.csv:1:classification,mapping_id,bridge_atoms_per_attachment,attachments_per_end,end,seed_element,bridge_element_sequence,annulus_endpoint_element,seed_parity,orientation,rotation,endpoint_pairs_evaluated,all_endpoint_pairs_locally_feasible,mapping_geometrically_feasible,interbridge_clashes,minimum_interbridge_clearance_nm,minimum_angle_deg,maximum_bond_deviation_nm,minimum_local_clearance_nm,seed_nodes,annulus_nodes,bonds_per_path,lower_feasible_mapping_count,upper_feasible_mapping_count,uniform_class_feasible,class_minimum_angle_deg,class_minimum_clearance_nm,class_maximum_bond_deviation_nm,added_bridge_heavy_atoms_per_end,total_added_heavy_atoms_per_end,total_H_atoms_per_end,candidate_is_final_chemistry,selected_heavy_nodes,selected_components,selected_bipartite,selected_four_cycles,selected_nonheteropolar_edges,selected_degree_over3,selected_degree_below2,selected_H_required,selected_paths_without_cycle,selected_cycle_minimum,selected_cycle_maximum
runs/phase1A/day024_chemical_end_rim_design/18_r2_selected_four_atom_exact_conformer_replay/r2_selected_four_atom_exact_conformer_replay.json:19:    "minimum_selected_local_clearance_is_at_least0p120nm": true,
runs/phase1A/day024_chemical_end_rim_design/18_r2_selected_four_atom_exact_conformer_replay/r2_selected_four_atom_exact_conformer_replay.json:45:    "minimum_selected_local_clearance_nm": 0.15974739665991966,
runs/phase1A/day024_chemical_end_rim_design/18_r2_selected_four_atom_exact_conformer_replay/r2_selected_four_atom_exact_conformer_replay_summary.csv:1:decision,source_script_sha256,library_random_seed,selected_conformers,selected_conformers_lower,selected_conformers_upper,recovered_bridge_coordinates,recovered_bridge_coordinates_lower,recovered_bridge_coordinates_upper,minimum_selected_angle_deg,minimum_selected_local_clearance_nm,maximum_selected_bond_deviation_nm,maximum_library_distance_error_nm,local_clash_count,local_angle_violation_count,selected_mapping_rows_match_original,selected_mapping_differences,candidate_coordinates_applied_to_complete_structure,hydrogen_coordinates_generated,molecular_topology_generation_authorized,formal_charge_assignment_authorized,force_field_parameterization_authorized,energy_minimization_authorized,MD_authorized,QM_authorized,failed_gates,required_next_step
runs/phase1A/day024_chemical_end_rim_design/18_r2_selected_four_atom_exact_conformer_replay/screen_day024_r2_four_atom_instrumented_replay.py:306:    minimum_clearance = float(np.min(nonbonded))
runs/phase1A/day024_chemical_end_rim_design/18_r2_selected_four_atom_exact_conformer_replay/screen_day024_r2_four_atom_instrumented_replay.py:319:        "minimum_clearance_nm": minimum_clearance,
runs/phase1A/day024_chemical_end_rim_design/18_r2_selected_four_atom_exact_conformer_replay/screen_day024_r2_four_atom_instrumented_replay.py:320:        "clearance_penalty": soft_penalty(nonbonded),
runs/phase1A/day024_chemical_end_rim_design/18_r2_selected_four_atom_exact_conformer_replay/screen_day024_r2_four_atom_instrumented_replay.py:328:        float(candidate["clearance_penalty"]),
runs/phase1A/day024_chemical_end_rim_design/18_r2_selected_four_atom_exact_conformer_replay/screen_day024_r2_four_atom_instrumented_replay.py:330:        -float(candidate["minimum_clearance_nm"]),
runs/phase1A/day024_chemical_end_rim_design/18_r2_selected_four_atom_exact_conformer_replay/screen_day024_r2_four_atom_instrumented_replay.py:513:            "best_minimum_clearance_nm": float(best["minimum_clearance_nm"]),
runs/phase1A/day024_chemical_end_rim_design/18_r2_selected_four_atom_exact_conformer_replay/screen_day024_r2_four_atom_instrumented_replay.py:527:                "minimum_interbridge_clearance_nm": 0.0,
runs/phase1A/day024_chemical_end_rim_design/18_r2_selected_four_atom_exact_conformer_replay/screen_day024_r2_four_atom_instrumented_replay.py:530:                "minimum_local_clearance_nm": min(float(result["best_minimum_clearance_nm"]) for result in pair_results),
runs/phase1A/day024_chemical_end_rim_design/18_r2_selected_four_atom_exact_conformer_replay/screen_day024_r2_four_atom_instrumented_replay.py:554:                            -min(float(candidate["minimum_clearance_nm"]), float(np.min(distances))),
runs/phase1A/day024_chemical_end_rim_design/18_r2_selected_four_atom_exact_conformer_replay/screen_day024_r2_four_atom_instrumented_replay.py:582:            "minimum_interbridge_clearance_nm": float(np.min(inter_values)),
runs/phase1A/day024_chemical_end_rim_design/18_r2_selected_four_atom_exact_conformer_replay/screen_day024_r2_four_atom_instrumented_replay.py:585:            "minimum_local_clearance_nm": min(float(candidate["minimum_clearance_nm"]) for candidate in selected),
runs/phase1A/day024_chemical_end_rim_design/18_r2_selected_four_atom_exact_conformer_replay/screen_day024_r2_four_atom_instrumented_replay.py:654:                                "minimum_interbridge_clearance_nm": 0.0,
runs/phase1A/day024_chemical_end_rim_design/18_r2_selected_four_atom_exact_conformer_replay/screen_day024_r2_four_atom_instrumented_replay.py:657:                                "minimum_local_clearance_nm": min(float(item["best_minimum_clearance_nm"]) for item in pair_results),
runs/phase1A/day024_chemical_end_rim_design/18_r2_selected_four_atom_exact_conformer_replay/screen_day024_r2_four_atom_instrumented_replay.py:677:                            "minimum_interbridge_clearance_nm": float(result["minimum_interbridge_clearance_nm"]),
runs/phase1A/day024_chemical_end_rim_design/18_r2_selected_four_atom_exact_conformer_replay/screen_day024_r2_four_atom_instrumented_replay.py:680:                            "minimum_local_clearance_nm": float(result["minimum_local_clearance_nm"]),
runs/phase1A/day024_chemical_end_rim_design/18_r2_selected_four_atom_exact_conformer_replay/screen_day024_r2_four_atom_instrumented_replay.py:701:                            float(item["row"]["minimum_local_clearance_nm"]),
runs/phase1A/day024_chemical_end_rim_design/18_r2_selected_four_atom_exact_conformer_replay/screen_day024_r2_four_atom_instrumented_replay.py:702:                            float(item["row"]["minimum_interbridge_clearance_nm"]),
runs/phase1A/day024_chemical_end_rim_design/18_r2_selected_four_atom_exact_conformer_replay/screen_day024_r2_four_atom_instrumented_replay.py:714:            minimum_clearance = min(
runs/phase1A/day024_chemical_end_rim_design/18_r2_selected_four_atom_exact_conformer_replay/screen_day024_r2_four_atom_instrumented_replay.py:715:                float(lower["minimum_local_clearance_nm"]),
runs/phase1A/day024_chemical_end_rim_design/18_r2_selected_four_atom_exact_conformer_replay/screen_day024_r2_four_atom_instrumented_replay.py:716:                float(lower["minimum_interbridge_clearance_nm"]),
runs/phase1A/day024_chemical_end_rim_design/18_r2_selected_four_atom_exact_conformer_replay/screen_day024_r2_four_atom_instrumented_replay.py:717:                float(upper["minimum_local_clearance_nm"]),
runs/phase1A/day024_chemical_end_rim_design/18_r2_selected_four_atom_exact_conformer_replay/screen_day024_r2_four_atom_instrumented_replay.py:718:                float(upper["minimum_interbridge_clearance_nm"]),
runs/phase1A/day024_chemical_end_rim_design/18_r2_selected_four_atom_exact_conformer_replay/screen_day024_r2_four_atom_instrumented_replay.py:726:            minimum_clearance = 0.0
runs/phase1A/day024_chemical_end_rim_design/18_r2_selected_four_atom_exact_conformer_replay/screen_day024_r2_four_atom_instrumented_replay.py:737:                "class_minimum_clearance_nm": minimum_clearance,
runs/phase1A/day024_chemical_end_rim_design/18_r2_selected_four_atom_exact_conformer_replay/screen_day024_r2_four_atom_instrumented_replay.py:759:                -float(row["class_minimum_clearance_nm"]),
runs/phase1A/day024_chemical_end_rim_design/18_r2_selected_four_atom_exact_conformer_replay/screen_day024_r2_four_atom_instrumented_replay.py:833:                        "minimum_local_clearance_nm": float(
runs/phase1A/day024_chemical_end_rim_design/18_r2_selected_four_atom_exact_conformer_replay/screen_day024_r2_four_atom_instrumented_replay.py:834:                            candidate["minimum_clearance_nm"]
runs/phase1A/day024_chemical_end_rim_design/18_r2_selected_four_atom_exact_conformer_replay/screen_day024_r2_four_atom_instrumented_replay.py:999:                    "best_minimum_clearance_nm",
runs/phase1A/day024_chemical_end_rim_design/18_r2_selected_four_atom_exact_conformer_replay/screen_day024_r2_four_atom_instrumented_replay.py:1036:        "selected_minimum_clearance_nm": "" if selected_class is None else selected_class["class_minimum_clearance_nm"],
runs/phase1A/day024_chemical_end_rim_design/18_r2_selected_four_atom_exact_conformer_replay/screen_day024_r2_four_atom_instrumented_replay.py:1119:- Selected minimum clearance: **{summary['selected_minimum_clearance_nm'] or 'N/A'}**
runs/phase1A/day024_chemical_end_rim_design/18_r2_selected_four_atom_exact_conformer_replay/screen_day024_r2_four_atom_instrumented_replay.py:1145:            "Bridge atoms / lower feasible / upper feasible / class feasible / minimum angle / minimum clearance: "
runs/phase1A/day024_chemical_end_rim_design/18_r2_selected_four_atom_exact_conformer_replay/screen_day024_r2_four_atom_instrumented_replay.py:1151:            f"{row['class_minimum_clearance_nm']}"
runs/phase1A/day024_chemical_end_rim_design/18_r2_selected_four_atom_exact_conformer_replay/screen_day024_r2_four_atom_instrumented_replay.py:1154:        "Selected bridge atoms / attachments per end / minimum angle / minimum clearance / maximum bond deviation: "
runs/phase1A/day024_chemical_end_rim_design/18_r2_selected_four_atom_exact_conformer_replay/screen_day024_r2_four_atom_instrumented_replay.py:1158:        f"{summary['selected_minimum_clearance_nm'] or 'N/A'}/"
runs/phase1A/day024_chemical_end_rim_design/18_r2_selected_four_atom_exact_conformer_replay/R2_SELECTED_FOUR_ATOM_EXACT_CONFORMER_REPLAY_DAY024.md:24:- Minimum local clearance:
runs/phase1A/day024_chemical_end_rim_design/18_r2_selected_four_atom_exact_conformer_replay/R2_SELECTED_FOUR_ATOM_EXACT_CONFORMER_REPLAY_DAY024.md:58:- `minimum_selected_local_clearance_is_at_least0p120nm`: **PASS**
runs/phase1A/day024_chemical_end_rim_design/18_r2_selected_four_atom_exact_conformer_replay/r2_full_density_longer_bridge_class_summary.csv:1:bridge_atoms_per_attachment,bonds_per_path,attachments_per_end,lower_feasible_mapping_count,upper_feasible_mapping_count,uniform_class_feasible,class_minimum_angle_deg,class_minimum_clearance_nm,class_maximum_bond_deviation_nm,added_bridge_heavy_atoms_per_end,total_added_heavy_atoms_per_end,total_H_atoms_per_end,candidate_is_final_chemistry
runs/phase1A/day024_chemical_end_rim_design/18_r2_selected_four_atom_exact_conformer_replay/r2_full_density_longer_bridge_mapping_screen.csv:1:mapping_id,bridge_atoms_per_attachment,attachments_per_end,end,seed_element,bridge_element_sequence,annulus_endpoint_element,seed_parity,orientation,rotation,endpoint_pairs_evaluated,all_endpoint_pairs_locally_feasible,mapping_geometrically_feasible,interbridge_clashes,minimum_interbridge_clearance_nm,minimum_angle_deg,maximum_bond_deviation_nm,minimum_local_clearance_nm,seed_nodes,annulus_nodes
runs/phase1A/day024_chemical_end_rim_design/18_r2_selected_four_atom_exact_conformer_replay/r2_full_density_longer_bridge_screen.json:18:      "class_minimum_clearance_nm": 0.15974739665991966,
runs/phase1A/day024_chemical_end_rim_design/18_r2_selected_four_atom_exact_conformer_replay/r2_full_density_longer_bridge_screen.json:33:      "class_minimum_clearance_nm": 0.1623175344592471,
runs/phase1A/day024_chemical_end_rim_design/18_r2_selected_four_atom_exact_conformer_replay/r2_full_density_longer_bridge_screen.json:48:      "class_minimum_clearance_nm": 0.17955359428726847,
runs/phase1A/day024_chemical_end_rim_design/18_r2_selected_four_atom_exact_conformer_replay/r2_full_density_longer_bridge_screen.json:78:      "minimum_interbridge_clearance_nm": 0.1676174158174238,
runs/phase1A/day024_chemical_end_rim_design/18_r2_selected_four_atom_exact_conformer_replay/r2_full_density_longer_bridge_screen.json:79:      "minimum_local_clearance_nm": 0.15974739665991966,
runs/phase1A/day024_chemical_end_rim_design/18_r2_selected_four_atom_exact_conformer_replay/r2_full_density_longer_bridge_screen.json:101:      "minimum_interbridge_clearance_nm": 0.16093662470718767,
runs/phase1A/day024_chemical_end_rim_design/18_r2_selected_four_atom_exact_conformer_replay/r2_full_density_longer_bridge_screen.json:102:      "minimum_local_clearance_nm": 0.1621259061649665,
runs/phase1A/day024_chemical_end_rim_design/18_r2_selected_four_atom_exact_conformer_replay/r2_full_density_longer_bridge_screen.json:117:      "class_minimum_clearance_nm": 0.15974739665991966,
runs/phase1A/day024_chemical_end_rim_design/18_r2_selected_four_atom_exact_conformer_replay/r2_full_density_longer_bridge_screen.json:168:    "selected_minimum_clearance_nm": 0.15974739665991966,
runs/phase1A/day024_chemical_end_rim_design/18_r2_selected_four_atom_exact_conformer_replay/r2_full_density_longer_bridge_screen_summary.csv:1:decision,bridge_classes_screened,endpoint_pairs_screened,mappings_screened,feasible_class_count,selected_bridge_atoms_per_attachment,selected_attachments_per_end,selected_minimum_angle_deg,selected_minimum_clearance_nm,selected_maximum_bond_deviation_nm,selected_heavy_nodes,selected_components,selected_bipartite,selected_four_cycles,selected_nonheteropolar_edges,selected_degree_over3,selected_degree_below2,selected_H_required,selected_paths_without_cycle,selected_cycle_minimum,selected_cycle_maximum,audit_integrity_pass,selected_topology_graph_checks_pass,candidate_is_final_chemistry,selected_graph_generation_authorized,coordinate_generation_authorized,molecular_topology_generation_authorized,formal_charge_assignment_authorized,force_field_parameterization_authorized,energy_minimization_authorized,MD_authorized,QM_authorized,failed_audit_gates,required_next_step
runs/phase1A/day024_chemical_end_rim_design/18_r2_selected_four_atom_exact_conformer_replay/r2_full_density_longer_bridge_pair_screen.csv:1:end,bridge_atoms,seed_node,annulus_node,target_distance_nm,local_fixed_heavy_atoms,candidates_tested,pair_feasible,retained_feasible_candidates,best_library_distance_error_nm,best_minimum_angle_deg,best_maximum_angle_deg,best_maximum_bond_deviation_nm,best_minimum_clearance_nm,best_angle_violations,best_clash_count
runs/phase1A/day024_chemical_end_rim_design/18_r2_selected_four_atom_exact_conformer_replay/R2_FULL_DENSITY_LONGER_BN_BRIDGE_SCREEN_DAY024.md:23:- Selected minimum clearance: **0.15974739665991966**
runs/phase1A/day024_chemical_end_rim_design/18_r2_selected_four_atom_exact_conformer_replay/r2_selected_four_atom_exact_conformer_replay_gates.csv:16:minimum_selected_local_clearance_is_at_least0p120nm,True
runs/phase1A/day024_chemical_end_rim_design/20_r2_aperture_metric_consistency_audit/r2_aperture_source_definition_extracts.txt:35:001425:     target_aperture = as_float(
runs/phase1A/day024_chemical_end_rim_design/20_r2_aperture_metric_consistency_audit/r2_aperture_source_definition_extracts.txt:37:001427:         "target_aperture_diameter_nm",
runs/phase1A/day024_chemical_end_rim_design/20_r2_aperture_metric_consistency_audit/r2_aperture_source_definition_extracts.txt:56:001425:     target_aperture = as_float(
runs/phase1A/day024_chemical_end_rim_design/20_r2_aperture_metric_consistency_audit/r2_aperture_source_definition_extracts.txt:58:001427:         "target_aperture_diameter_nm",
runs/phase1A/day024_chemical_end_rim_design/20_r2_aperture_metric_consistency_audit/r2_aperture_source_definition_extracts.txt:127:003057:         aperture = (
runs/phase1A/day024_chemical_end_rim_design/20_r2_aperture_metric_consistency_audit/r2_aperture_source_definition_extracts.txt:147:003057:         aperture = (
runs/phase1A/day024_chemical_end_rim_design/20_r2_aperture_metric_consistency_audit/r2_aperture_source_definition_extracts.txt:173:003137:                 "nuclear_aperture_diameter_nm": (
runs/phase1A/day024_chemical_end_rim_design/20_r2_aperture_metric_consistency_audit/r2_aperture_source_definition_extracts.txt:174:003138:                     aperture
runs/phase1A/day024_chemical_end_rim_design/20_r2_aperture_metric_consistency_audit/r2_aperture_source_definition_extracts.txt:176:003140:                 "nuclear_aperture_relative_error": abs(
runs/phase1A/day024_chemical_end_rim_design/20_r2_aperture_metric_consistency_audit/r2_aperture_source_definition_extracts.txt:177:003141:                     aperture
runs/phase1A/day024_chemical_end_rim_design/20_r2_aperture_metric_consistency_audit/r2_aperture_source_definition_extracts.txt:178:003142:                     - target_aperture
runs/phase1A/day024_chemical_end_rim_design/20_r2_aperture_metric_consistency_audit/r2_aperture_source_definition_extracts.txt:179:003143:                 ) / target_aperture,
runs/phase1A/day024_chemical_end_rim_design/20_r2_aperture_metric_consistency_audit/r2_aperture_source_definition_extracts.txt:195:003137:                 "nuclear_aperture_diameter_nm": (
runs/phase1A/day024_chemical_end_rim_design/20_r2_aperture_metric_consistency_audit/r2_aperture_source_definition_extracts.txt:196:003138:                     aperture
runs/phase1A/day024_chemical_end_rim_design/20_r2_aperture_metric_consistency_audit/r2_aperture_source_definition_extracts.txt:198:003140:                 "nuclear_aperture_relative_error": abs(
runs/phase1A/day024_chemical_end_rim_design/20_r2_aperture_metric_consistency_audit/r2_aperture_source_definition_extracts.txt:199:003141:                     aperture
runs/phase1A/day024_chemical_end_rim_design/20_r2_aperture_metric_consistency_audit/r2_aperture_source_definition_extracts.txt:200:003142:                     - target_aperture
runs/phase1A/day024_chemical_end_rim_design/20_r2_aperture_metric_consistency_audit/r2_aperture_source_definition_extracts.txt:201:003143:                 ) / target_aperture,
runs/phase1A/day024_chemical_end_rim_design/20_r2_aperture_metric_consistency_audit/r2_aperture_source_definition_extracts.txt:216:003137:                 "nuclear_aperture_diameter_nm": (
runs/phase1A/day024_chemical_end_rim_design/20_r2_aperture_metric_consistency_audit/r2_aperture_source_definition_extracts.txt:217:003138:                     aperture
runs/phase1A/day024_chemical_end_rim_design/20_r2_aperture_metric_consistency_audit/r2_aperture_source_definition_extracts.txt:219:003140:                 "nuclear_aperture_relative_error": abs(
runs/phase1A/day024_chemical_end_rim_design/20_r2_aperture_metric_consistency_audit/r2_aperture_source_definition_extracts.txt:220:003141:                     aperture
runs/phase1A/day024_chemical_end_rim_design/20_r2_aperture_metric_consistency_audit/r2_aperture_source_definition_extracts.txt:221:003142:                     - target_aperture
runs/phase1A/day024_chemical_end_rim_design/20_r2_aperture_metric_consistency_audit/r2_aperture_source_definition_extracts.txt:222:003143:                 ) / target_aperture,
runs/phase1A/day024_chemical_end_rim_design/20_r2_aperture_metric_consistency_audit/r2_aperture_source_definition_extracts.txt:238:003137:                 "nuclear_aperture_diameter_nm": (
runs/phase1A/day024_chemical_end_rim_design/20_r2_aperture_metric_consistency_audit/r2_aperture_source_definition_extracts.txt:239:003138:                     aperture
runs/phase1A/day024_chemical_end_rim_design/20_r2_aperture_metric_consistency_audit/r2_aperture_source_definition_extracts.txt:241:003140:                 "nuclear_aperture_relative_error": abs(
runs/phase1A/day024_chemical_end_rim_design/20_r2_aperture_metric_consistency_audit/r2_aperture_source_definition_extracts.txt:242:003141:                     aperture
runs/phase1A/day024_chemical_end_rim_design/20_r2_aperture_metric_consistency_audit/r2_aperture_source_definition_extracts.txt:243:003142:                     - target_aperture
runs/phase1A/day024_chemical_end_rim_design/20_r2_aperture_metric_consistency_audit/r2_aperture_source_definition_extracts.txt:244:003143:                 ) / target_aperture,
runs/phase1A/day024_chemical_end_rim_design/20_r2_aperture_metric_consistency_audit/r2_aperture_source_definition_extracts.txt:260:003137:                 "nuclear_aperture_diameter_nm": (
runs/phase1A/day024_chemical_end_rim_design/20_r2_aperture_metric_consistency_audit/r2_aperture_source_definition_extracts.txt:261:003138:                     aperture
runs/phase1A/day024_chemical_end_rim_design/20_r2_aperture_metric_consistency_audit/r2_aperture_source_definition_extracts.txt:263:003140:                 "nuclear_aperture_relative_error": abs(
runs/phase1A/day024_chemical_end_rim_design/20_r2_aperture_metric_consistency_audit/r2_aperture_source_definition_extracts.txt:264:003141:                     aperture
runs/phase1A/day024_chemical_end_rim_design/20_r2_aperture_metric_consistency_audit/r2_aperture_source_definition_extracts.txt:265:003142:                     - target_aperture
runs/phase1A/day024_chemical_end_rim_design/20_r2_aperture_metric_consistency_audit/r2_aperture_source_definition_extracts.txt:266:003143:                 ) / target_aperture,
runs/phase1A/day024_chemical_end_rim_design/20_r2_aperture_metric_consistency_audit/r2_aperture_source_definition_extracts.txt:282:003137:                 "nuclear_aperture_diameter_nm": (
runs/phase1A/day024_chemical_end_rim_design/20_r2_aperture_metric_consistency_audit/r2_aperture_source_definition_extracts.txt:283:003138:                     aperture
runs/phase1A/day024_chemical_end_rim_design/20_r2_aperture_metric_consistency_audit/r2_aperture_source_definition_extracts.txt:285:003140:                 "nuclear_aperture_relative_error": abs(
runs/phase1A/day024_chemical_end_rim_design/20_r2_aperture_metric_consistency_audit/r2_aperture_source_definition_extracts.txt:286:003141:                     aperture
runs/phase1A/day024_chemical_end_rim_design/20_r2_aperture_metric_consistency_audit/r2_aperture_source_definition_extracts.txt:287:003142:                     - target_aperture
runs/phase1A/day024_chemical_end_rim_design/20_r2_aperture_metric_consistency_audit/r2_aperture_source_definition_extracts.txt:288:003143:                 ) / target_aperture,
runs/phase1A/day024_chemical_end_rim_design/20_r2_aperture_metric_consistency_audit/r2_aperture_source_definition_extracts.txt:311:003193:                     "nuclear_aperture_diameter_nm"
runs/phase1A/day024_chemical_end_rim_design/20_r2_aperture_metric_consistency_audit/r2_aperture_source_definition_extracts.txt:316:003198:                     "nuclear_aperture_diameter_nm"
runs/phase1A/day024_chemical_end_rim_design/20_r2_aperture_metric_consistency_audit/r2_aperture_source_definition_extracts.txt:329:003193:                     "nuclear_aperture_diameter_nm"
runs/phase1A/day024_chemical_end_rim_design/20_r2_aperture_metric_consistency_audit/r2_aperture_source_definition_extracts.txt:334:003198:                     "nuclear_aperture_diameter_nm"
runs/phase1A/day024_chemical_end_rim_design/20_r2_aperture_metric_consistency_audit/r2_aperture_source_definition_extracts.txt:357:003337:         "aperture_errors_are_within10percent": all(
runs/phase1A/day024_chemical_end_rim_design/20_r2_aperture_metric_consistency_audit/r2_aperture_source_definition_extracts.txt:360:003340:                     "nuclear_aperture_relative_error"
runs/phase1A/day024_chemical_end_rim_design/20_r2_aperture_metric_consistency_audit/r2_aperture_source_definition_extracts.txt:377:003337:         "aperture_errors_are_within10percent": all(
runs/phase1A/day024_chemical_end_rim_design/20_r2_aperture_metric_consistency_audit/r2_aperture_source_definition_extracts.txt:380:003340:                     "nuclear_aperture_relative_error"
runs/phase1A/day024_chemical_end_rim_design/20_r2_aperture_metric_consistency_audit/r2_aperture_source_definition_extracts.txt:397:003337:         "aperture_errors_are_within10percent": all(
runs/phase1A/day024_chemical_end_rim_design/20_r2_aperture_metric_consistency_audit/r2_aperture_source_definition_extracts.txt:400:003340:                     "nuclear_aperture_relative_error"
runs/phase1A/day024_chemical_end_rim_design/20_r2_aperture_metric_consistency_audit/r2_aperture_source_definition_extracts.txt:426:003486:         "lower_nuclear_aperture_diameter_nm": (
runs/phase1A/day024_chemical_end_rim_design/20_r2_aperture_metric_consistency_audit/r2_aperture_source_definition_extracts.txt:428:003488:                 "nuclear_aperture_diameter_nm"
runs/phase1A/day024_chemical_end_rim_design/20_r2_aperture_metric_consistency_audit/r2_aperture_source_definition_extracts.txt:431:003491:         "upper_nuclear_aperture_diameter_nm": (
runs/phase1A/day024_chemical_end_rim_design/20_r2_aperture_metric_consistency_audit/r2_aperture_source_definition_extracts.txt:433:003493:                 "nuclear_aperture_diameter_nm"
runs/phase1A/day024_chemical_end_rim_design/20_r2_aperture_metric_consistency_audit/r2_aperture_source_definition_extracts.txt:436:003496:         "target_aperture_diameter_nm": (
runs/phase1A/day024_chemical_end_rim_design/20_r2_aperture_metric_consistency_audit/r2_aperture_source_definition_extracts.txt:437:003497:             target_aperture
runs/phase1A/day024_chemical_end_rim_design/20_r2_aperture_metric_consistency_audit/r2_aperture_source_definition_extracts.txt:447:003486:         "lower_nuclear_aperture_diameter_nm": (
runs/phase1A/day024_chemical_end_rim_design/20_r2_aperture_metric_consistency_audit/r2_aperture_source_definition_extracts.txt:449:003488:                 "nuclear_aperture_diameter_nm"
runs/phase1A/day024_chemical_end_rim_design/20_r2_aperture_metric_consistency_audit/r2_aperture_source_definition_extracts.txt:452:003491:         "upper_nuclear_aperture_diameter_nm": (
runs/phase1A/day024_chemical_end_rim_design/20_r2_aperture_metric_consistency_audit/r2_aperture_source_definition_extracts.txt:454:003493:                 "nuclear_aperture_diameter_nm"
runs/phase1A/day024_chemical_end_rim_design/20_r2_aperture_metric_consistency_audit/r2_aperture_source_definition_extracts.txt:457:003496:         "target_aperture_diameter_nm": (
runs/phase1A/day024_chemical_end_rim_design/20_r2_aperture_metric_consistency_audit/r2_aperture_source_definition_extracts.txt:458:003497:             target_aperture
runs/phase1A/day024_chemical_end_rim_design/20_r2_aperture_metric_consistency_audit/r2_aperture_source_definition_extracts.txt:467:003486:         "lower_nuclear_aperture_diameter_nm": (
runs/phase1A/day024_chemical_end_rim_design/20_r2_aperture_metric_consistency_audit/r2_aperture_source_definition_extracts.txt:469:003488:                 "nuclear_aperture_diameter_nm"
runs/phase1A/day024_chemical_end_rim_design/20_r2_aperture_metric_consistency_audit/r2_aperture_source_definition_extracts.txt:472:003491:         "upper_nuclear_aperture_diameter_nm": (
runs/phase1A/day024_chemical_end_rim_design/20_r2_aperture_metric_consistency_audit/r2_aperture_source_definition_extracts.txt:474:003493:                 "nuclear_aperture_diameter_nm"
runs/phase1A/day024_chemical_end_rim_design/20_r2_aperture_metric_consistency_audit/r2_aperture_source_definition_extracts.txt:477:003496:         "target_aperture_diameter_nm": (
runs/phase1A/day024_chemical_end_rim_design/20_r2_aperture_metric_consistency_audit/r2_aperture_source_definition_extracts.txt:478:003497:             target_aperture
runs/phase1A/day024_chemical_end_rim_design/20_r2_aperture_metric_consistency_audit/r2_aperture_source_definition_extracts.txt:488:003486:         "lower_nuclear_aperture_diameter_nm": (
runs/phase1A/day024_chemical_end_rim_design/20_r2_aperture_metric_consistency_audit/r2_aperture_source_definition_extracts.txt:490:003488:                 "nuclear_aperture_diameter_nm"
runs/phase1A/day024_chemical_end_rim_design/20_r2_aperture_metric_consistency_audit/r2_aperture_source_definition_extracts.txt:493:003491:         "upper_nuclear_aperture_diameter_nm": (
runs/phase1A/day024_chemical_end_rim_design/20_r2_aperture_metric_consistency_audit/r2_aperture_source_definition_extracts.txt:495:003493:                 "nuclear_aperture_diameter_nm"
runs/phase1A/day024_chemical_end_rim_design/20_r2_aperture_metric_consistency_audit/r2_aperture_source_definition_extracts.txt:498:003496:         "target_aperture_diameter_nm": (
runs/phase1A/day024_chemical_end_rim_design/20_r2_aperture_metric_consistency_audit/r2_aperture_source_definition_extracts.txt:499:003497:             target_aperture
runs/phase1A/day024_chemical_end_rim_design/20_r2_aperture_metric_consistency_audit/r2_aperture_source_definition_extracts.txt:510:003488:                 "nuclear_aperture_diameter_nm"
runs/phase1A/day024_chemical_end_rim_design/20_r2_aperture_metric_consistency_audit/r2_aperture_source_definition_extracts.txt:513:003491:         "upper_nuclear_aperture_diameter_nm": (
runs/phase1A/day024_chemical_end_rim_design/20_r2_aperture_metric_consistency_audit/r2_aperture_source_definition_extracts.txt:515:003493:                 "nuclear_aperture_diameter_nm"
runs/phase1A/day024_chemical_end_rim_design/20_r2_aperture_metric_consistency_audit/r2_aperture_source_definition_extracts.txt:518:003496:         "target_aperture_diameter_nm": (
runs/phase1A/day024_chemical_end_rim_design/20_r2_aperture_metric_consistency_audit/r2_aperture_source_definition_extracts.txt:519:003497:             target_aperture
runs/phase1A/day024_chemical_end_rim_design/20_r2_aperture_metric_consistency_audit/r2_aperture_source_definition_extracts.txt:535:003491:         "upper_nuclear_aperture_diameter_nm": (
runs/phase1A/day024_chemical_end_rim_design/20_r2_aperture_metric_consistency_audit/r2_aperture_source_definition_extracts.txt:537:003493:                 "nuclear_aperture_diameter_nm"
runs/phase1A/day024_chemical_end_rim_design/20_r2_aperture_metric_consistency_audit/r2_aperture_source_definition_extracts.txt:540:003496:         "target_aperture_diameter_nm": (
runs/phase1A/day024_chemical_end_rim_design/20_r2_aperture_metric_consistency_audit/r2_aperture_source_definition_extracts.txt:541:003497:             target_aperture
runs/phase1A/day024_chemical_end_rim_design/20_r2_aperture_metric_consistency_audit/r2_aperture_source_definition_extracts.txt:567:003865:   **{target_aperture:.6f} nm**
runs/phase1A/day024_chemical_end_rim_design/20_r2_aperture_metric_consistency_audit/r2_aperture_source_definition_extracts.txt:569:003867:   **{float(lower['nuclear_aperture_diameter_nm']):.6f}/
runs/phase1A/day024_chemical_end_rim_design/20_r2_aperture_metric_consistency_audit/r2_aperture_source_definition_extracts.txt:570:003868:   {float(upper['nuclear_aperture_diameter_nm']):.6f} nm**
runs/phase1A/day024_chemical_end_rim_design/20_r2_aperture_metric_consistency_audit/r2_aperture_source_definition_extracts.txt:588:003865:   **{target_aperture:.6f} nm**
runs/phase1A/day024_chemical_end_rim_design/20_r2_aperture_metric_consistency_audit/r2_aperture_source_definition_extracts.txt:590:003867:   **{float(lower['nuclear_aperture_diameter_nm']):.6f}/
runs/phase1A/day024_chemical_end_rim_design/20_r2_aperture_metric_consistency_audit/r2_aperture_source_definition_extracts.txt:591:003868:   {float(upper['nuclear_aperture_diameter_nm']):.6f} nm**
runs/phase1A/day024_chemical_end_rim_design/20_r2_aperture_metric_consistency_audit/r2_aperture_source_definition_extracts.txt:610:003865:   **{target_aperture:.6f} nm**
runs/phase1A/day024_chemical_end_rim_design/20_r2_aperture_metric_consistency_audit/r2_aperture_source_definition_extracts.txt:612:003867:   **{float(lower['nuclear_aperture_diameter_nm']):.6f}/
runs/phase1A/day024_chemical_end_rim_design/20_r2_aperture_metric_consistency_audit/r2_aperture_source_definition_extracts.txt:613:003868:   {float(upper['nuclear_aperture_diameter_nm']):.6f} nm**
runs/phase1A/day024_chemical_end_rim_design/20_r2_aperture_metric_consistency_audit/r2_aperture_source_definition_extracts.txt:632:003865:   **{target_aperture:.6f} nm**
runs/phase1A/day024_chemical_end_rim_design/20_r2_aperture_metric_consistency_audit/r2_aperture_source_definition_extracts.txt:634:003867:   **{float(lower['nuclear_aperture_diameter_nm']):.6f}/
runs/phase1A/day024_chemical_end_rim_design/20_r2_aperture_metric_consistency_audit/r2_aperture_source_definition_extracts.txt:635:003868:   {float(upper['nuclear_aperture_diameter_nm']):.6f} nm**

------------------------------------------------------------------
RELEVANT SUMMARY FILE CONTENTS
------------------------------------------------------------------

==================================================================
FILE=runs/phase1A/day024_chemical_end_rim_design/02_r2_polar_end_specific_candidate_ranking/r2_polar_end_specific_candidate_selection_summary.csv
==================================================================
decision,candidate_count,primary_candidate,primary_rank,primary_base_score,primary_risk_penalty,primary_final_score,primary_is_final_chemistry,contingency_candidate,contingency_rank,terminal_sites_total,terminal_sites_per_end,required_new_parent_bonds_per_end,required_new_parent_bonds_total,lower_parent_element,lower_first_junction_element,upper_parent_element,upper_first_junction_element,target_aperture_diameter_nm,target_open_area_fraction,failed_gates,connectivity_blueprint_authorized,explicit_geometry_generation_authorized,topology_generation_authorized,energy_minimization_authorized,MD_authorized,QM_authorized,required_next_step
R2_POLAR_END_SPECIFIC_VALENCE_COMPLETION_CANDIDATES_RANKED,7,C2_GRADED_HETEROPOLAR_BN_COLLAR_ANNULUS,1,92.19999999999999,14.5,77.69999999999999,False,C3_RECONSTRUCTED_EDGE_PLUS_GRADED_BN_ANNULUS,2,60,30,60,120,B,N,N,B,0.8394062099300137,0.14292804047662536,,True,False,False,False,False,False,BUILD_AND_VALIDATE_R2_GRADED_HETEROPOLAR_COLLAR_CONNECTIVITY_BLUEPRINT

==================================================================
FILE=runs/phase1A/day024_chemical_end_rim_design/02_r2_polar_end_specific_candidate_ranking/r2_polar_end_specific_candidate_ranking.csv
==================================================================
candidate_id,candidate_name,lower_end_strategy,upper_end_strategy,structural_role,parent_bonds_per_terminal_site,expected_new_parent_bonds_total,preserves_target_aperture,resolves_end_asymmetry,requires_parent_rim_reconstruction,valence_completion_score,aperture_fidelity_score,end_specificity_score,neutrality_feasibility_score,heteropolar_junction_score,rigidity_score,minimal_electronic_perturbation_score,topological_constructability_score,chemical_precedent_score,junction_strain_risk,charge_uncertainty_risk,flexibility_risk,forcefield_novelty_risk,status,reason,base_weighted_score_0_100,risk_penalty_points,final_screening_score,rank
C2_GRADED_HETEROPOLAR_BN_COLLAR_ANNULUS,Graded heteropolar BN collar connected to a planar BN annulus,B-terminated parent couples first to an N-rich transition collar; the collar progressively joins the annular BN plate.,N-terminated parent couples first to a B-rich transition collar; the collar progressively joins the annular BN plate.,Primary static topological-design hypothesis,2,120,True,True,False,5,5,5,4,5,5,4,4,2,3,2,0,3,ADVANCE_TO_CONNECTIVITY_BLUEPRINT_GATE,"Best balance between parent valence completion, heteropolar bonding, rigidity, end specificity, and preservation of the validated annular aperture.",92.19999999999999,14.5,77.69999999999999,1
C3_RECONSTRUCTED_EDGE_PLUS_GRADED_BN_ANNULUS,Parent-edge reconstruction followed by graded BN collar and annulus,Reconstruct or remove the degree-1 B row before building an N-complementary collar.,Reconstruct or remove the degree-1 N row before building a B-complementary collar.,Contingency if direct degree-1-site completion is topologically infeasible,0,0,True,True,True,5,4,5,4,5,5,3,3,3,2,2,0,3,RETAIN_AS_PARENT_RECONSTRUCTION_CONTINGENCY,Potentially cleaner chemistry but changes the accepted parent scaffold and therefore requires a separate structural-comparability gate.,87.2,18.5,68.7,2
C1_DIRECT_PLANAR_BN_ANNULUS_DUAL_LINK,Direct planar BN annulus attached by two junction bonds per parent terminal atom,B parent sites connect directly to N-rich annulus-interface atoms.,N parent sites connect directly to B-rich annulus-interface atoms.,Direct inorganic annular candidate,2,120,True,True,False,5,5,5,3,5,5,4,2,1,5,2,0,4,DEFER_DIRECT_SEAM_HIGH_STRAIN,Reproduces the steric annulus but assumes a highly strained abrupt tube-to-plane junction.,86.8,20.0,66.8,3
C4_END_SPECIFIC_ORGANIC_MACROCYCLE,Rigid organic or hybrid macrocycle with different B-end and N-end anchors,N/O-donor-rich anchors directed toward the B-terminated parent end.,Electrophilic or B-containing anchors directed toward the N-terminated parent end.,Organic fallback candidate,2,120,True,True,False,4,4,5,2,3,4,1,2,3,3,4,1,4,FALLBACK_AFTER_INORGANIC_CANDIDATE_FAILURE,"Potentially modular but introduces larger chemical, electrostatic, and force-field perturbations near the confined water.",69.0,21.5,47.5,4
C6_METAL_OR_SPIN_ACTIVE_COORDINATED_CAP,Metal-coordinated or spin-active annular cap,Coordination network at B-terminated end.,Coordination network at N-terminated end.,Out-of-scope electronic architecture,2,120,True,True,False,4,4,5,1,3,4,0,2,2,3,5,0,5,REJECT_AT_CURRENT_GATE,"Introduces unvalidated charge, spin, and electronic degrees of freedom before the confinement architecture is chemically resolved.",64.19999999999999,23.5,40.69999999999999,5
C0_SMALL_GROUP_PASSIVATION_ONLY,Small-group termination without annulus,Conceptual two-ligand completion of each degree-1 B terminal site.,Conceptual two-ligand completion of each degree-1 N terminal site.,Valence-reference control only,2,120,False,True,False,4,0,4,2,1,1,3,4,3,1,3,2,1,REJECT_AS_R2_CAP_REPLACEMENT,May terminate dangling valence conceptually but cannot reproduce the validated annular steric surface or 0.84 nm pore.,47.6,12.5,35.1,6
C5_INWARD_FLEXIBLE_TETHER_CORONA,Flexible inward tether corona,B-specific tether anchors with inward groups.,N-specific tether anchors with inward groups.,Flexible confinement concept,2,120,False,True,False,3,2,4,2,2,1,1,3,3,2,3,5,3,DEFER_PORE_NOT_STRUCTURALLY_FIXED,Cannot guarantee a persistent 0.839 nm effective pore or rigid steric envelope.,49.0,22.0,27.0,7

==================================================================
FILE=runs/phase1A/day024_chemical_end_rim_design/02_r2_polar_end_specific_candidate_ranking/r2_polar_end_specific_candidate_matrix.csv
==================================================================
candidate_id,candidate_name,lower_end_strategy,upper_end_strategy,structural_role,parent_bonds_per_terminal_site,expected_new_parent_bonds_total,preserves_target_aperture,resolves_end_asymmetry,requires_parent_rim_reconstruction,valence_completion_score,aperture_fidelity_score,end_specificity_score,neutrality_feasibility_score,heteropolar_junction_score,rigidity_score,minimal_electronic_perturbation_score,topological_constructability_score,chemical_precedent_score,junction_strain_risk,charge_uncertainty_risk,flexibility_risk,forcefield_novelty_risk,status,reason,base_weighted_score_0_100,risk_penalty_points,final_screening_score
C0_SMALL_GROUP_PASSIVATION_ONLY,Small-group termination without annulus,Conceptual two-ligand completion of each degree-1 B terminal site.,Conceptual two-ligand completion of each degree-1 N terminal site.,Valence-reference control only,2,120,False,True,False,4,0,4,2,1,1,3,4,3,1,3,2,1,REJECT_AS_R2_CAP_REPLACEMENT,May terminate dangling valence conceptually but cannot reproduce the validated annular steric surface or 0.84 nm pore.,47.6,12.5,35.1
C1_DIRECT_PLANAR_BN_ANNULUS_DUAL_LINK,Direct planar BN annulus attached by two junction bonds per parent terminal atom,B parent sites connect directly to N-rich annulus-interface atoms.,N parent sites connect directly to B-rich annulus-interface atoms.,Direct inorganic annular candidate,2,120,True,True,False,5,5,5,3,5,5,4,2,1,5,2,0,4,DEFER_DIRECT_SEAM_HIGH_STRAIN,Reproduces the steric annulus but assumes a highly strained abrupt tube-to-plane junction.,86.8,20.0,66.8
C2_GRADED_HETEROPOLAR_BN_COLLAR_ANNULUS,Graded heteropolar BN collar connected to a planar BN annulus,B-terminated parent couples first to an N-rich transition collar; the collar progressively joins the annular BN plate.,N-terminated parent couples first to a B-rich transition collar; the collar progressively joins the annular BN plate.,Primary static topological-design hypothesis,2,120,True,True,False,5,5,5,4,5,5,4,4,2,3,2,0,3,ADVANCE_TO_CONNECTIVITY_BLUEPRINT_GATE,"Best balance between parent valence completion, heteropolar bonding, rigidity, end specificity, and preservation of the validated annular aperture.",92.19999999999999,14.5,77.69999999999999
C3_RECONSTRUCTED_EDGE_PLUS_GRADED_BN_ANNULUS,Parent-edge reconstruction followed by graded BN collar and annulus,Reconstruct or remove the degree-1 B row before building an N-complementary collar.,Reconstruct or remove the degree-1 N row before building a B-complementary collar.,Contingency if direct degree-1-site completion is topologically infeasible,0,0,True,True,True,5,4,5,4,5,5,3,3,3,2,2,0,3,RETAIN_AS_PARENT_RECONSTRUCTION_CONTINGENCY,Potentially cleaner chemistry but changes the accepted parent scaffold and therefore requires a separate structural-comparability gate.,87.2,18.5,68.7
C4_END_SPECIFIC_ORGANIC_MACROCYCLE,Rigid organic or hybrid macrocycle with different B-end and N-end anchors,N/O-donor-rich anchors directed toward the B-terminated parent end.,Electrophilic or B-containing anchors directed toward the N-terminated parent end.,Organic fallback candidate,2,120,True,True,False,4,4,5,2,3,4,1,2,3,3,4,1,4,FALLBACK_AFTER_INORGANIC_CANDIDATE_FAILURE,"Potentially modular but introduces larger chemical, electrostatic, and force-field perturbations near the confined water.",69.0,21.5,47.5
C5_INWARD_FLEXIBLE_TETHER_CORONA,Flexible inward tether corona,B-specific tether anchors with inward groups.,N-specific tether anchors with inward groups.,Flexible confinement concept,2,120,False,True,False,3,2,4,2,2,1,1,3,3,2,3,5,3,DEFER_PORE_NOT_STRUCTURALLY_FIXED,Cannot guarantee a persistent 0.839 nm effective pore or rigid steric envelope.,49.0,22.0,27.0
C6_METAL_OR_SPIN_ACTIVE_COORDINATED_CAP,Metal-coordinated or spin-active annular cap,Coordination network at B-terminated end.,Coordination network at N-terminated end.,Out-of-scope electronic architecture,2,120,True,True,False,4,4,5,1,3,4,0,2,2,3,5,0,5,REJECT_AT_CURRENT_GATE,"Introduces unvalidated charge, spin, and electronic degrees of freedom before the confinement architecture is chemically resolved.",64.19999999999999,23.5,40.69999999999999

==================================================================
FILE=runs/phase1A/day024_chemical_end_rim_design/02_r2_polar_end_specific_candidate_ranking/r2_polar_end_specific_candidate_ranking_gates.csv
==================================================================
gate,pass
Gate3A_parent_audit_is_accepted,True
Gate3A_has_no_failed_gates,True
explicit_topology_classification_is_accepted,True
parent_has_60_degree1_terminal_atoms,True
parent_has_zero_degree2_atoms,True
parent_has_1620_degree3_atoms,True
lower_end_is_30B_0N,True
upper_end_is_0B_30N,True
terminal_coordination_deficit_is_120,True
lower_end_requires_60_new_parent_bonds,True
upper_end_requires_60_new_parent_bonds,True
target_aperture_is_finite_and_open,True
open_area_fraction_is_valid,True
candidate_set_contains_at_least_six_classes,True
all_candidate_scores_are_finite,True
primary_candidate_is_highest_ranked,True
primary_candidate_requires_two_bonds_per_site,True
primary_candidate_accounts_for_120_parent_bonds,True
primary_candidate_preserves_target_aperture,True
primary_candidate_resolves_end_asymmetry,True
primary_candidate_does_not_require_parent_reconstruction,True
parent_reconstruction_is_retained_as_contingency,True
small_group_passivation_is_not_selected_as_cap,True
metal_spin_active_candidate_is_rejected,True

==================================================================
FILE=runs/phase1A/day024_chemical_end_rim_design/08_r2_partial_attachment_annulus_static_coordinate_embedding/r2_partial_attachment_static_embedding.json
==================================================================
{
  "bond_type_summaries": [
    {
      "RMS_deviation_nm": 3.6410857743245307e-16,
      "edge_count": 336,
      "edge_type": "ANNULUS_BN",
      "maximum_absolute_deviation_nm": 1.3322676295501878e-15,
      "maximum_length_nm": 0.14497300000000132,
      "mean_length_nm": 0.14497300000000002,
      "mean_target_length_nm": 0.144973,
      "minimum_length_nm": 0.14497299999999902
    },
    {
      "RMS_deviation_nm": 2.0933927233778002e-16,
      "edge_count": 24,
      "edge_type": "ANNULUS_INNER_H_PASSIVATION",
      "maximum_absolute_deviation_nm": 4.0245584642661925e-16,
      "maximum_length_nm": 0.11900000000000034,
      "mean_length_nm": 0.11,
      "mean_target_length_nm": 0.10999999999999999,
      "minimum_length_nm": 0.10099999999999969
    },
    {
      "RMS_deviation_nm": 1.7768627283779713e-16,
      "edge_count": 30,
      "edge_type": "ANNULUS_OUTER_H_PASSIVATION",
      "maximum_absolute_deviation_nm": 3.7470027081099033e-16,
      "maximum_length_nm": 0.11900000000000037,
      "mean_length_nm": 0.11000000000000001,
      "mean_target_length_nm": 0.10999999999999996,
      "minimum_length_nm": 0.1009999999999997
    },
    {
      "RMS_deviation_nm": 0.00040025355546859743,
      "edge_count": 2460,
      "edge_type": "PARENT_BN",
      "maximum_absolute_deviation_nm": 0.0011953939551086479,
      "maximum_length_nm": 0.14603424255975045,
      "mean_length_nm": 0.14497338962610404,
      "mean_target_length_nm": 0.14497300000000002,
      "minimum_length_nm": 0.14377760604489134
    },
    {
      "RMS_deviation_nm": 2.75501178052474e-16,
      "edge_count": 120,
      "edge_type": "PARENT_TO_COMPLETION_SEED",
      "maximum_absolute_deviation_nm": 6.38378239159465e-16,
      "maximum_length_nm": 0.14497300000000057,
      "mean_length_nm": 0.14497299999999994,
      "mean_target_length_nm": 0.14497299999999996,
      "minimum_length_nm": 0.14497299999999935
    },
    {
      "RMS_deviation_nm": 0.19828265232691053,
      "edge_count": 30,
      "edge_type": "PARTIAL_HETEROPOLAR_SEED_TO_ANNULUS",
      "maximum_absolute_deviation_nm": 0.296271704083759,
      "maximum_length_nm": 0.44124470408375904,
      "mean_length_nm": 0.3101853369792484,
      "mean_target_length_nm": 0.14497299999999996,
      "minimum_length_nm": 0.17756267641436654
    },
    {
      "RMS_deviation_nm": 1.5823112613210482e-16,
      "edge_count": 30,
      "edge_type": "SEED_H_PASSIVATION",
      "maximum_absolute_deviation_nm": 2.220446049250313e-16,
      "maximum_length_nm": 0.11899999999999977,
      "mean_length_nm": 0.10999999999999988,
      "mean_target_length_nm": 0.10999999999999996,
      "minimum_length_nm": 0.10099999999999998
    }
  ],
  "end_summaries": [
    {
      "Procrustes_RMS_lateral_residual_nm": 0.3290575805821305,
      "annulus_atoms": 126,
      "annulus_axial_coordinate_from_parent_plane_nm": 0.07288435456541342,
      "annulus_center_offset_nm": 1.5999905622286487e-16,
      "annulus_plane_axial_std_nm": 7.398379055984204e-18,
      "annulus_rotation_determinant": 1.0000000000000007,
      "attachment_edges": 15,
      "attachment_plane_gap_nm": 0.0,
      "end": "LOWER",
      "inner_H_atoms": 12,
      "maximum_lateral_residual_nm": 0.4412445946240302,
      "maximum_parent_pair_distance_nm": 0.25179356624028354,
      "mean_inner_H_radius_nm": 0.41270758505784105,
      "mean_parent_pair_distance_nm": 0.2506857576156429,
      "minimum_inner_H_radius_nm": 0.4037075850578407,
      "minimum_parent_pair_distance_nm": 0.2499699981997838,
      "nuclear_aperture_diameter_nm": 0.8074151701156814,
      "nuclear_aperture_relative_error": 0.03811151196629764,
      "outer_annulus_radius_mean_nm": 1.0740383985523592,
      "outer_annulus_radius_relative_error": 0.1043154209085436,
      "predicted_attachment_RMS_deviation_nm": 0.19836859800442289,
      "predicted_attachment_max_deviation_nm": 0.29627170408375914,
      "seed_atoms": 30
    },
    {
      "Procrustes_RMS_lateral_residual_nm": 0.3289262827525763,
      "annulus_atoms": 126,
      "annulus_axial_coordinate_from_parent_plane_nm": 0.07290435456541329,
      "annulus_center_offset_nm": 2.607394380274776e-16,
      "annulus_plane_axial_std_nm": 7.398379055984204e-18,
      "annulus_rotation_determinant": 1.0000000000000004,
      "attachment_edges": 15,
      "attachment_plane_gap_nm": 2e-05,
      "end": "UPPER",
      "inner_H_atoms": 12,
      "maximum_lateral_residual_nm": 0.44112094792421663,
      "maximum_parent_pair_distance_nm": 0.25179356624028354,
      "mean_inner_H_radius_nm": 0.41270758505784105,
      "mean_parent_pair_distance_nm": 0.2506857576156429,
      "minimum_inner_H_radius_nm": 0.40370758505784043,
      "minimum_parent_pair_distance_nm": 0.2499699981997838,
      "nuclear_aperture_diameter_nm": 0.8074151701156809,
      "nuclear_aperture_relative_error": 0.038111511966298306,
      "outer_annulus_radius_mean_nm": 1.0740383985523592,
      "outer_annulus_radius_relative_error": 0.1043154209085436,
      "predicted_attachment_RMS_deviation_nm": 0.1981966693800596,
      "predicted_attachment_max_deviation_nm": 0.2961479482248047,
      "seed_atoms": 30
    }
  ],
  "gates": {
    "Gate3A_parent_audit_is_accepted": true,
    "Gate3F_graph_design_is_accepted": true,
    "Gate3F_has_no_failed_gates": true,
    "all_2076_nodes_received_finite_coordinates": true,
    "all_XH_bonds_match_provisional_targets_within_0p002nm": true,
    "annulus_center_offset_is_at_most_0p050nm": true,
    "annulus_internal_bonds_match_target_within_0p002nm": true,
    "annulus_is_planar_to_numerical_precision": true,
    "attachment_plane_gap_is_positive_and_at_most_0p250nm": false,
    "junction_angle_RMS_deviation_is_at_most_35deg": true,
    "junction_angle_maximum_is_at_most_170deg": true,
    "junction_angle_minimum_is_at_least_70deg": false,
    "junction_nodes_all_have_three_neighbors": true,
    "lower_and_upper_embeddings_are_symmetric": false,
    "no_nonbonded_H_H_clashes": true,
    "no_nonbonded_H_heavy_clashes": false,
    "no_nonbonded_heavy_heavy_clashes": false,
    "nuclear_aperture_error_is_within10percent": true,
    "outer_radius_error_is_within15percent": true,
    "parent_coordinates_are_unchanged": true,
    "parent_seed_bonds_match_target_within_0p003nm": true,
    "seed_annulus_attachment_RMS_deviation_within_0p020nm": false,
    "seed_annulus_attachment_max_deviation_within_0p035nm": false
  },
  "limitations": [
    "This is an analytic static coordinate embedding, not an energy-minimized structure.",
    "B-H and N-H lengths are provisional geometry targets, not force-field parameters.",
    "The nuclear aperture does not equal a hydrated free-energy or 5-kBT aperture.",
    "Passing this gate does not prove energetic stability or synthetic realizability."
  ],
  "provisional_geometry_targets_nm": {
    "B_H": 0.119,
    "B_N": 0.144973,
    "N_H": 0.101
  },
  "summary": {
    "H_H_clash_count": 0,
    "H_heavy_clash_count": 21,
    "MD_authorized": false,
    "QM_authorized": false,
    "added_H_atoms": 84,
    "added_heavy_atoms": 312,
    "attachment_bond_RMS_deviation_nm": 0.19828265232691053,
    "attachment_bond_max_deviation_nm": 0.296271704083759,
    "attachment_bond_maximum_nm": 0.44124470408375904,
    "attachment_bond_mean_nm": 0.3101853369792484,
    "attachment_bond_minimum_nm": 0.17756267641436654,
    "box_x_nm": 7.39453,
    "box_y_nm": 7.39453,
    "box_z_nm": 10.0175,
    "candidate_is_final_chemistry": false,
    "coordinate_nodes": 2076,
    "decision": "R2_PARTIAL_ATTACHMENT_ANNULUS_STATIC_COORDINATE_EMBEDDING_REQUIRES_CONSTRAINED_GEOMETRIC_OPTIMIZATION",
    "energy_minimization_authorized": false,
    "failed_gates": "seed_annulus_attachment_RMS_deviation_within_0p020nm | seed_annulus_attachment_max_deviation_within_0p035nm | junction_angle_minimum_is_at_least_70deg | attachment_plane_gap_is_positive_and_at_most_0p250nm | no_nonbonded_heavy_heavy_clashes | no_nonbonded_H_heavy_clashes | lower_and_upper_embeddings_are_symmetric",
    "force_field_parameterization_authorized": false,
    "formal_charge_assignment_authorized": false,
    "heavy_heavy_clash_count": 24,
    "junction_angle_RMS_deviation_deg": 28.810639556579435,
    "junction_angle_maximum_deg": 167.74575397039382,
    "junction_angle_mean_deg": 113.33804451569522,
    "junction_angle_minimum_deg": 0.5190403609170178,
    "lower_attachment_plane_gap_nm": 0.0,
    "lower_nuclear_aperture_diameter_nm": 0.8074151701156814,
    "lower_nuclear_aperture_relative_error": 0.03811151196629764,
    "maximum_lower_upper_asymmetry_nm": 0.00017192862436329892,
    "minimum_nonbonded_H_H_nm": 0.11891853399644853,
    "minimum_nonbonded_H_H_pair": "H:LOWER:OUTER:28 | H:LOWER:SEED:10",
    "minimum_nonbonded_H_heavy_nm": 0.04773706429462159,
    "minimum_nonbonded_H_heavy_pair": "H:UPPER:OUTER:26 | S:1724",
    "minimum_nonbonded_heavy_heavy_nm": 0.07617490611056497,
    "minimum_nonbonded_heavy_heavy_pair": "A:LOWER:-14:4 | S:1686",
    "mobile_MD_authorized": false,
    "molecular_topology_generation_authorized": false,
    "multitemperature_MD_authorized": false,
    "parent_atoms": 1680,
    "parent_seed_bond_RMS_deviation_nm": 2.75501178052474e-16,
    "parent_seed_bond_max_deviation_nm": 6.38378239159465e-16,
    "required_next_step": "OPTIMIZE_R2_PARTIAL_ATTACHMENT_STATIC_EMBEDDING_WITH_CONSTRAINED_GEOMETRY",
    "target_aperture_diameter_nm": 0.8394062099300137,
    "tube_axis_x": 0.0,
    "tube_axis_y": 1.2028547845173372e-17,
    "tube_axis_z": 1.0,
    "upper_attachment_plane_gap_nm": 2e-05,
    "upper_nuclear_aperture_diameter_nm": 0.8074151701156809,
    "upper_nuclear_aperture_relative_error": 0.038111511966298306
  }
}

==================================================================
FILE=runs/phase1A/day024_chemical_end_rim_design/08_r2_partial_attachment_annulus_static_coordinate_embedding/r2_partial_attachment_static_embedding_summary.csv
==================================================================
decision,coordinate_nodes,parent_atoms,added_heavy_atoms,added_H_atoms,tube_axis_x,tube_axis_y,tube_axis_z,box_x_nm,box_y_nm,box_z_nm,parent_seed_bond_RMS_deviation_nm,parent_seed_bond_max_deviation_nm,attachment_bond_mean_nm,attachment_bond_minimum_nm,attachment_bond_maximum_nm,attachment_bond_RMS_deviation_nm,attachment_bond_max_deviation_nm,junction_angle_minimum_deg,junction_angle_maximum_deg,junction_angle_mean_deg,junction_angle_RMS_deviation_deg,lower_attachment_plane_gap_nm,upper_attachment_plane_gap_nm,lower_nuclear_aperture_diameter_nm,upper_nuclear_aperture_diameter_nm,target_aperture_diameter_nm,lower_nuclear_aperture_relative_error,upper_nuclear_aperture_relative_error,minimum_nonbonded_heavy_heavy_nm,minimum_nonbonded_heavy_heavy_pair,minimum_nonbonded_H_heavy_nm,minimum_nonbonded_H_heavy_pair,minimum_nonbonded_H_H_nm,minimum_nonbonded_H_H_pair,heavy_heavy_clash_count,H_heavy_clash_count,H_H_clash_count,maximum_lower_upper_asymmetry_nm,candidate_is_final_chemistry,molecular_topology_generation_authorized,formal_charge_assignment_authorized,force_field_parameterization_authorized,energy_minimization_authorized,MD_authorized,mobile_MD_authorized,multitemperature_MD_authorized,QM_authorized,failed_gates,required_next_step
R2_PARTIAL_ATTACHMENT_ANNULUS_STATIC_COORDINATE_EMBEDDING_REQUIRES_CONSTRAINED_GEOMETRIC_OPTIMIZATION,2076,1680,312,84,0.0,1.2028547845173372e-17,1.0,7.39453,7.39453,10.0175,2.75501178052474e-16,6.38378239159465e-16,0.3101853369792484,0.17756267641436654,0.44124470408375904,0.19828265232691053,0.296271704083759,0.5190403609170178,167.74575397039382,113.33804451569522,28.810639556579435,0.0,2e-05,0.8074151701156814,0.8074151701156809,0.8394062099300137,0.03811151196629764,0.038111511966298306,0.07617490611056497,A:LOWER:-14:4 | S:1686,0.04773706429462159,H:UPPER:OUTER:26 | S:1724,0.11891853399644853,H:LOWER:OUTER:28 | H:LOWER:SEED:10,24,21,0,0.00017192862436329892,False,False,False,False,False,False,False,False,False,seed_annulus_attachment_RMS_deviation_within_0p020nm | seed_annulus_attachment_max_deviation_within_0p035nm | junction_angle_minimum_is_at_least_70deg | attachment_plane_gap_is_positive_and_at_most_0p250nm | no_nonbonded_heavy_heavy_clashes | no_nonbonded_H_heavy_clashes | lower_and_upper_embeddings_are_symmetric,OPTIMIZE_R2_PARTIAL_ATTACHMENT_STATIC_EMBEDDING_WITH_CONSTRAINED_GEOMETRY

==================================================================
FILE=runs/phase1A/day024_chemical_end_rim_design/08_r2_partial_attachment_annulus_static_coordinate_embedding/r2_partial_attachment_static_embedding_end_summary.csv
==================================================================
end,seed_atoms,annulus_atoms,attachment_edges,mean_parent_pair_distance_nm,minimum_parent_pair_distance_nm,maximum_parent_pair_distance_nm,Procrustes_RMS_lateral_residual_nm,maximum_lateral_residual_nm,annulus_rotation_determinant,annulus_center_offset_nm,attachment_plane_gap_nm,predicted_attachment_RMS_deviation_nm,predicted_attachment_max_deviation_nm,annulus_axial_coordinate_from_parent_plane_nm,inner_H_atoms,minimum_inner_H_radius_nm,mean_inner_H_radius_nm,nuclear_aperture_diameter_nm,nuclear_aperture_relative_error,outer_annulus_radius_mean_nm,outer_annulus_radius_relative_error,annulus_plane_axial_std_nm
LOWER,30,126,15,0.2506857576156429,0.2499699981997838,0.25179356624028354,0.3290575805821305,0.4412445946240302,1.0000000000000007,1.5999905622286487e-16,0.0,0.19836859800442289,0.29627170408375914,0.07288435456541342,12,0.4037075850578407,0.41270758505784105,0.8074151701156814,0.03811151196629764,1.0740383985523592,0.1043154209085436,7.398379055984204e-18
UPPER,30,126,15,0.2506857576156429,0.2499699981997838,0.25179356624028354,0.3289262827525763,0.44112094792421663,1.0000000000000004,2.607394380274776e-16,2e-05,0.1981966693800596,0.2961479482248047,0.07290435456541329,12,0.40370758505784043,0.41270758505784105,0.8074151701156809,0.038111511966298306,1.0740383985523592,0.1043154209085436,7.398379055984204e-18

==================================================================
FILE=runs/phase1A/day024_chemical_end_rim_design/03_r2_graded_heteropolar_bn_collar_connectivity_blueprint/r2_graded_collar_connectivity_blueprint_summary.csv
==================================================================
decision,primary_candidate,primary_candidate_is_final_chemistry,selected_sequence_rank,selected_ring_populations,selected_layer_count,selected_sequence_score,target_heavy_atoms_per_end,selected_heavy_atoms_per_end,heavy_atom_relative_error,inner_boundary_population,inner_boundary_spacing_nm,parent_terminal_spacing_nm,inner_spacing_relative_error,target_aperture_diameter_nm,target_aperture_radius_nm,target_open_area_fraction,lower_added_B_atoms,lower_added_N_atoms,lower_added_H_atoms,upper_added_B_atoms,upper_added_N_atoms,upper_added_H_atoms,combined_added_B_atoms,combined_added_N_atoms,combined_added_H_atoms,total_parent_to_collar_edges,total_same_element_heavy_edges,total_coordination_failures,maximum_interface_angular_span_turns,lower_end_connected,upper_end_connected,static_coordinate_embedding_authorized,molecular_topology_generation_authorized,formal_charge_assignment_authorized,force_field_parameterization_authorized,energy_minimization_authorized,MD_authorized,mobile_MD_authorized,multitemperature_MD_authorized,QM_recalculation_authorized,failed_gates,required_next_step
R2_GRADED_HETEROPOLAR_BN_COLLAR_CONNECTIVITY_BLUEPRINT_VALIDATED,C2_GRADED_HETEROPOLAR_BN_COLLAR_ANNULUS,False,1,30-30-30-22-20-12,6,93.60264485476024,145.1329066507616,144,0.007805994359968031,12,0.2197560318744819,0.2511442994800745,0.12498100761424175,0.8394062099300137,0.41970310496500685,0.14292804047662536,64,80,12,80,64,12,144,144,24,120,0,0,0.06666666666666671,True,True,True,False,False,False,False,False,False,False,False,,BUILD_AND_VALIDATE_R2_GRADED_HETEROPOLAR_COLLAR_STATIC_COORDINATE_EMBEDDING

==================================================================
FILE=runs/phase1A/day024_chemical_end_rim_design/07_r2_reconstruction_vs_partial_attachment_contingency/r2_reconstruction_vs_partial_attachment_summary.csv
==================================================================
decision,simple_full_shell_reconstruction_candidate_count,selected_architecture,annulus_outer_shell,annulus_inner_shell,annulus_heavy_atoms_per_end,edge_completion_seed_atoms_per_end,total_added_heavy_atoms_per_end,target_heavy_atoms_per_end,heavy_atom_relative_error,covalent_seed_annulus_attachments_per_end,seed_H_passivants_per_end,outer_annulus_H_passivants_per_end,inner_annulus_H_passivants_per_end,total_H_passivants_per_end,combined_added_heavy_atoms,combined_added_H_atoms,heavy_graph_components,heavy_graph_bipartite,heavy_graph_girth,heavy_graph_four_member_cycles,BN_coordination_failures,H_coordination_failures,nonheteropolar_heavy_edges,outer_radius_mean_nm,inner_radius_mean_nm,target_parent_rim_radius_nm,target_aperture_radius_nm,target_aperture_diameter_nm,outer_radius_relative_error,inner_radius_relative_error,candidate_is_final_chemistry,static_coordinate_embedding_authorized,molecular_topology_generation_authorized,formal_charge_assignment_authorized,force_field_parameterization_authorized,energy_minimization_authorized,MD_authorized,mobile_MD_authorized,multitemperature_MD_authorized,QM_authorized,failed_gates,required_next_step
R2_PARTIAL_HETEROPOLAR_ANNULUS_ATTACHMENT_AND_COMPLEMENTARY_PASSIVATION_GRAPH_VALIDATED,0,N5_M2_HEXAGONAL_BN_ANNULUS_WITH_15_ALTERNATING_HETEROPOLAR_ATTACHMENTS_AND_COMPLEMENTARY_H_PASSIVATION,5,2,126,30,156,145.1329066507616,0.07487683944336797,15,15,15,12,42,312,84,1,True,6,0,0,0,0,1.0740412851132826,0.5227089898747374,1.1991257007481553,0.41970310496500685,0.8394062099300137,0.10431301368724762,0.2454255965495388,False,True,False,False,False,False,False,False,False,False,,BUILD_AND_VALIDATE_R2_PARTIAL_ATTACHMENT_ANNULUS_STATIC_COORDINATE_EMBEDDING

==================================================================
FILE=runs/phase1A/day024_chemical_end_rim_design/19_r2_selected_four_atom_heavy_coordinate_embedding/r2_selected_four_atom_heavy_end_summary.csv
==================================================================
end,bridge_atoms,nuclear_aperture_diameter_nm,nuclear_aperture_relative_error,outer_annulus_radius_mean_nm,outer_annulus_radius_relative_error
LOWER,60,1.045415170115679,0.24542256085336428,1.0740383985523587,0.10431564443406381
UPPER,60,1.045415170115679,0.24542256085336428,1.0740383985523587,0.10431564443406381

==================================================================
FILE=runs/phase1A/day024_chemical_end_rim_design/19_r2_selected_four_atom_heavy_coordinate_embedding/r2_selected_four_atom_heavy_embedding_summary.csv
==================================================================
decision,heavy_nodes,fixed_heavy_nodes,exact_bridge_nodes,bridge_paths,heavy_edges,maximum_BN_bond_deviation_nm,maximum_bridge_BN_bond_deviation_nm,critical_angle_minimum_deg,critical_angle_mean_deg,critical_angle_maximum_deg,critical_angle_RMS_deviation_deg,minimum_nonbonded_heavy_heavy_nm,heavy_heavy_clash_count,lower_aperture_diameter_nm,upper_aperture_diameter_nm,maximum_lower_upper_asymmetry_nm,fixed_coordinates_unchanged,hydrogen_coordinates_generated,candidate_is_final_chemistry,molecular_topology_generation_authorized,formal_charge_assignment_authorized,force_field_parameterization_authorized,energy_minimization_authorized,MD_authorized,QM_authorized,failed_gates,required_next_step
R2_SELECTED_FOUR_ATOM_BN_BRIDGE_HEAVY_COORDINATE_EMBEDDING_REQUIRES_REVIEW,2112,1992,120,30,3066,0.0011953939551086479,4.410696145812354e-05,70.89983978777892,117.35353360923618,168.1814725624514,16.11053625375514,0.15974739665991966,0,1.045415170115679,1.045415170115679,0.0,True,False,False,False,False,False,False,False,False,aperture_errors_are_within10percent,REVIEW_R2_SELECTED_FOUR_ATOM_HEAVY_COORDINATE_EMBEDDING_FAILURES

==================================================================
FILE=runs/phase1A/day024_chemical_end_rim_design/19_r2_selected_four_atom_heavy_coordinate_embedding/r2_selected_four_atom_heavy_embedding.json
==================================================================
{
  "end_summaries": [
    {
      "bridge_atoms": 60,
      "end": "LOWER",
      "nuclear_aperture_diameter_nm": 1.045415170115679,
      "nuclear_aperture_relative_error": 0.24542256085336428,
      "outer_annulus_radius_mean_nm": 1.0740383985523587,
      "outer_annulus_radius_relative_error": 0.10431564443406381
    },
    {
      "bridge_atoms": 60,
      "end": "UPPER",
      "nuclear_aperture_diameter_nm": 1.045415170115679,
      "nuclear_aperture_relative_error": 0.24542256085336428,
      "outer_annulus_radius_mean_nm": 1.0740383985523587,
      "outer_annulus_radius_relative_error": 0.10431564443406381
    }
  ],
  "gates": {
    "120_exact_bridge_coordinates_were_applied": true,
    "1992_fixed_heavy_nodes_were_preserved": true,
    "2112_heavy_nodes_received_coordinates": true,
    "3066_heavy_edges_were_audited": true,
    "30_graph_paths_match_coordinate_paths": true,
    "Gate3M_graph_is_accepted": true,
    "Gate3N_exact_replay_is_accepted": true,
    "all_BN_bonds_are_within_0p003nm": true,
    "all_four_atom_bridge_BN_bonds_are_within_0p003nm": true,
    "aperture_errors_are_within10percent": false,
    "critical_angle_RMS_deviation_is_at_most30deg": true,
    "critical_angle_maximum_is_at_most175deg": true,
    "critical_angle_minimum_is_at_least70deg": true,
    "lower_upper_asymmetry_is_within0p010nm": true,
    "no_H_coordinates_were_generated": true,
    "no_nonbonded_heavy_heavy_clashes": true,
    "outer_radius_errors_are_within15percent": true
  },
  "limitations": [
    "This gate assembles and validates only the 2112 heavy-atom coordinates.",
    "The 120 bridge coordinates are the exact deterministic Gate 3L selection recovered by Gate 3N.",
    "Hydrogen coordinates have not yet been generated.",
    "No molecular topology, charges, force-field parameters, minimization, MD or QM calculation was generated."
  ],
  "summary": {
    "MD_authorized": false,
    "QM_authorized": false,
    "bridge_paths": 30,
    "candidate_is_final_chemistry": false,
    "critical_angle_RMS_deviation_deg": 16.11053625375514,
    "critical_angle_maximum_deg": 168.1814725624514,
    "critical_angle_mean_deg": 117.35353360923618,
    "critical_angle_minimum_deg": 70.89983978777892,
    "decision": "R2_SELECTED_FOUR_ATOM_BN_BRIDGE_HEAVY_COORDINATE_EMBEDDING_REQUIRES_REVIEW",
    "energy_minimization_authorized": false,
    "exact_bridge_nodes": 120,
    "failed_gates": "aperture_errors_are_within10percent",
    "fixed_coordinates_unchanged": true,
    "fixed_heavy_nodes": 1992,
    "force_field_parameterization_authorized": false,
    "formal_charge_assignment_authorized": false,
    "heavy_edges": 3066,
    "heavy_heavy_clash_count": 0,
    "heavy_nodes": 2112,
    "hydrogen_coordinates_generated": false,
    "lower_aperture_diameter_nm": 1.045415170115679,
    "maximum_BN_bond_deviation_nm": 0.0011953939551086479,
    "maximum_bridge_BN_bond_deviation_nm": 4.410696145812354e-05,
    "maximum_lower_upper_asymmetry_nm": 0.0,
    "minimum_nonbonded_heavy_heavy_nm": 0.15974739665991966,
    "molecular_topology_generation_authorized": false,
    "required_next_step": "REVIEW_R2_SELECTED_FOUR_ATOM_HEAVY_COORDINATE_EMBEDDING_FAILURES",
    "upper_aperture_diameter_nm": 1.045415170115679
  }
}

==================================================================
FILE=runs/phase1A/day024_chemical_end_rim_design/13_r2_trimer_bridge_conformer_and_h_refinement/r2_trimer_bridge_refinement_summary.csv
==================================================================
decision,coordinate_nodes,bridge_conformers_refined,H_orientations_refined,conformer_library_size,maximum_library_distance_error_nm,maximum_BN_bond_deviation_nm,maximum_bridge_BN_bond_deviation_nm,maximum_XH_bond_deviation_nm,critical_angle_minimum_deg,critical_angle_mean_deg,critical_angle_maximum_deg,critical_angle_RMS_deviation_deg,minimum_nonbonded_heavy_heavy_nm,minimum_nonbonded_H_heavy_nm,minimum_nonbonded_H_H_nm,heavy_heavy_clash_count,H_heavy_clash_count,H_H_clash_count,lower_nuclear_aperture_diameter_nm,upper_nuclear_aperture_diameter_nm,target_aperture_diameter_nm,maximum_lower_upper_asymmetry_nm,heavy_geometry_pass,hydrogen_geometry_pass,candidate_is_final_chemistry,molecular_topology_generation_authorized,formal_charge_assignment_authorized,force_field_parameterization_authorized,energy_minimization_authorized,MD_authorized,mobile_MD_authorized,multitemperature_MD_authorized,QM_authorized,failed_gates,required_next_step
R2_ALTERNATING_BN_TRIMER_BRIDGE_REFINEMENT_REQUIRES_BRIDGE_TOPOLOGY_REDESIGN,2256,30,174,40176,0.0009221846508326303,0.0011953939551086479,0.0001986924531297285,8.326672684688674e-16,57.21978718779359,117.22155679453272,154.79484215496637,12.206314615459519,0.1375622558131456,0.09015389365209321,0.08161876072981158,0,0,0,0.8163864537754137,0.8163864537754137,0.8394062099300137,0.0007939035403979888,False,True,False,False,False,False,False,False,False,False,False,library_endpoint_errors_are_within_0p0005nm | critical_angle_minimum_is_at_least70deg,EVALUATE_R2_LONGER_OR_TOPOLOGICALLY_REVISED_BRIDGE_ARCHITECTURE

==================================================================
FILE=runs/phase1A/day024_chemical_end_rim_design/13_r2_trimer_bridge_conformer_and_h_refinement/r2_trimer_bridge_refined_end_summary.csv
==================================================================
end,bridge_conformers,conformers_with_local_angle_violations,conformers_with_local_heavy_clashes,minimum_local_bridge_clearance_nm,maximum_library_distance_error_nm,nuclear_aperture_diameter_nm,nuclear_aperture_relative_error,outer_annulus_radius_mean_nm,outer_annulus_radius_relative_error
LOWER,15,6,0,0.1375622558131456,0.0009221846508320197,0.8163864537754137,0.027423857343775476,1.0740383985523587,0.10431542090854397
UPPER,15,6,0,0.1383561593535436,0.0009221846508326303,0.8163864537754137,0.027423857343775476,1.0740383985523587,0.10431542090854397

==================================================================
FILE=runs/phase1A/day024_chemical_end_rim_design/01_r2_parent_rim_chemical_audit/r2_preliminary_chemical_candidate_classes.csv
==================================================================
candidate_id,structural_concept,chemical_basis,geometric_assessment,priority,status,principal_risk,literature_basis
C0_SIMPLE_EDGE_PASSIVATION_ONLY,Attempt to passivate the existing degree-1 polar BN termini using only small terminal groups.,"Small-group BN edge passivation is chemically plausible in general, but the accepted parent sites are degree 1 rather than conventional degree-2 edge sites.",Insufficient as a direct R2-cap replacement because it neither reproduces the required inward radial closure of 0.779423 nm nor by itself resolves the full parent-side coordination deficit.,0,REJECT_AS_STANDALONE_CAP_REPLACEMENT,Leaves a pore much wider than the validated 0.84 nm aperture and may leave the degree-1 polar termini chemically under-resolved.,10.1021/jp805790s; 10.1039/C9NA00530G
C1_LINKED_BN_ANNULAR_NANOFLAKE,Coaxial atomically thin BN annular nanoflake placed at the validated cap plane and attached through end-specific junction networks: one for the B-terminated lower rim and one for the N-terminated upper rim.,Preserves the BN material family and permits H or mixed edge passivation.,Closest atomistic analogue to the validated planar annular steric cap; estimated monolayer population 145.1 atoms/end.,1,ADVANCE_TO_EXPLICIT_GEOMETRY_AND_JUNCTION_DESIGN,"B-end and N-end linker chemistry, charge compensation, and junction strain must be resolved independently; a direct 90-degree seamless sp2 seam is not assumed.",10.1021/jp805790s; 10.1039/C9NA00530G
C2_RIGID_ORGANIC_OR_HYBRID_MACROCYCLE,"Rigid aromatic or heteroaromatic annulus with an approximately 0.84 nm central pore, multiply anchored to the BNNT rim.",Covalent amine and organic functionalization of BNNTs is documented.,"Potentially synthetically modular, but requires explicit anchor placement and force-field parameterization.",2,ADVANCE_AS_FALLBACK_CANDIDATE_CLASS,"Greater dielectric, dipolar, and electronic perturbation near the lumen.",10.1021/ja063653+
C3_INWARD_TETHERED_FUNCTIONAL_CORONA,Multiple inward-pointing tethered aromatic or polar groups attached around the terminal BN rim.,Uses established covalent BNNT functionalization concepts.,Can reduce the effective aperture but does not naturally reproduce the rigid planar exclusion surface.,3,DEFER_UNLESS_RIGID_ANNULAR_CANDIDATES_FAIL,"Flexibility, pore intermittency, collapse, and strong hydration dependence.",10.1021/ja063653+
C4_METAL_OR_SPIN_ACTIVE_CAP,Metal-coordinated or radical-containing terminal annulus.,Potentially realizable in a broader device architecture.,Outside the current minimal-perturbation confinement gate.,4,REJECT_AT_CURRENT_GATE,Introduces new electronic and spin-active degrees of freedom before they are physically justified.,Not required for current R2 gate

==================================================================
FILE=runs/phase1A/day024_chemical_end_rim_design/01_r2_parent_rim_chemical_audit/r2_parent_rim_chemical_audit_summary.csv
==================================================================
decision,system_atoms,HBN_atoms,HBN_B_atoms,HBN_N_atoms,HBN_zero_charge_atoms,geometry_derived_BN_bonds,expected_geometry_BN_bonds,BN_bond_mean_nm,BN_bond_median_nm,BN_bond_minimum_nm,BN_bond_maximum_nm,degree1_terminal_atoms,degree2_atoms,degree3_interior_atoms,coordination_anomaly_atoms,edge_edge_bonds,edge_interior_bonds,lower_end_atoms,lower_end_B_atoms,lower_end_N_atoms,lower_end_radius_mean_nm,lower_end_axial_std_nm,lower_end_dominant_element,lower_end_element_purity_fraction,lower_end_alternation_fraction,upper_end_atoms,upper_end_B_atoms,upper_end_N_atoms,upper_end_radius_mean_nm,upper_end_axial_std_nm,upper_end_dominant_element,upper_end_element_purity_fraction,upper_end_alternation_fraction,terminal_polarity,terminal_coordination_deficit_to_degree3,lower_cap_plane_offset_nm,upper_cap_plane_offset_nm,target_aperture_diameter_nm,target_aperture_radius_nm,target_open_area_fraction,parent_rim_mean_radius_nm,required_radial_occlusion_nm,annular_area_per_end_nm2,estimated_monolayer_hBN_atoms_per_end,validated_R2_beads_per_end,validated_minimum_CAP_OW_distance_nm,current_parent_rim_is_chemically_passivated,current_parent_rim_is_final_chemistry,static_candidate_design_authorized,geometry_generation_authorized,energy_minimization_authorized,new_MD_authorized,mobile_MD_authorized,multitemperature_MD_authorized,QM_recalculation_authorized,failed_gates,required_next_step
R2_PARENT_RIM_AND_CHEMICAL_CONSTRAINTS_AUDITED,68332,1680,840,840,1680,2460,2460,0.14497338962610404,0.14500000000000002,0.14377760604489134,0.14603424255975045,60,0,1620,0,0,60,30,30,0,1.1991257007481553,1.0199084774608823e-17,B,1.0,0.0,30,0,30,1.1991257007481553,1.019916563546444e-17,N,1.0,0.0,LOWER_B_TERMINATED_UPPER_N_TERMINATED,120,0.20000000000000018,0.19999999999999885,0.8394062099300137,0.41970310496500685,0.14292804047662536,1.1991257007481553,0.7794225957831484,3.9639100280691797,145.1329066507616,144,0.166949158747368,False,False,True,False,False,False,False,False,False,,DEFINE_AND_RANK_R2_POLAR_END_SPECIFIC_VALENCE_COMPLETION_CANDIDATES

==================================================================
FILE=runs/phase1A/day024_chemical_end_rim_design/01_r2_parent_rim_chemical_audit/r2_chemical_end_rim_design_constraints.csv
==================================================================
constraint,value,unit,basis,status
parent_HBN_atoms,1680,atoms,Accepted R2 parent scaffold,FIXED
terminal_anchor_atoms_per_end,30,atoms/end,Explicit topology and geometry: degree-1 terminal sites,FIXED
lower_terminal_B_anchor_atoms,30,atoms/end,Lower end is purely B-terminated,FIXED
lower_terminal_N_anchor_atoms,0,atoms/end,Lower end is purely B-terminated,FIXED
upper_terminal_B_anchor_atoms,0,atoms/end,Upper end is purely N-terminated,FIXED
upper_terminal_N_anchor_atoms,30,atoms/end,Upper end is purely N-terminated,FIXED
parent_terminal_coordination_deficit_to_degree3,120,missing neighbor incidences,60 degree-1 termini relative to three-coordinate interior sites,REQUIRES_CHEMICAL_RESOLUTION
target_effective_aperture_diameter,0.8394062099300137,nm,Validated R2 screening geometry,TARGET
target_effective_aperture_radius,0.41970310496500685,nm,Half of validated aperture diameter,TARGET
validated_open_area_fraction,0.14292804047662536,dimensionless,Validated R2 screening geometry,TARGET
parent_rim_mean_radius,1.1991257007481553,nm,Mean of both terminal rims,MEASURED
required_radial_occlusion,0.7794225957831484,nm,Parent rim radius minus target aperture radius,REQUIRED
annular_area_to_replace_per_end,3.9639100280691797,nm^2,Geometric annulus between parent rim and target pore,MEASURED
estimated_hBN_monolayer_atoms_per_end,145.1329066507616,atoms/end,Annulus area divided by h-BN area per atom,SCREENING_ESTIMATE
validated_steric_beads_per_end,144,beads/end,Accepted R2 screening model,REFERENCE
minimum_validated_CAP_OW_distance,0.166949158747368,nm,Validated R2 50 ps trajectory,LOWER_REFERENCE
initial_candidate_total_charge,0,e,Minimal-perturbation first candidate,DESIGN_TARGET
unpaired_electrons_in_initial_candidate,0,electrons,No radical or spin-active chemistry at this gate,DESIGN_TARGET
new_MD_or_QM_execution,0,authorized calculations,Static chemical-design gate only,BLOCKED

==================================================================
FILE=runs/phase1A/day024_chemical_end_rim_design/12_r2_alternating_bn_trimer_bridge_static_coordinate_embedding/r2_trimer_bridge_static_embedding_summary.csv
==================================================================
decision,coordinate_nodes,parent_atoms,total_heavy_atoms,total_H_atoms,bridge_conformers,conformer_library_size,maximum_library_distance_error_nm,maximum_BN_bond_deviation_nm,maximum_bridge_BN_bond_deviation_nm,maximum_XH_bond_deviation_nm,critical_angle_minimum_deg,critical_angle_mean_deg,critical_angle_maximum_deg,critical_angle_RMS_deviation_deg,minimum_nonbonded_heavy_heavy_nm,minimum_nonbonded_H_heavy_nm,minimum_nonbonded_H_H_nm,heavy_heavy_clash_count,H_heavy_clash_count,H_H_clash_count,lower_nuclear_aperture_diameter_nm,upper_nuclear_aperture_diameter_nm,target_aperture_diameter_nm,maximum_lower_upper_asymmetry_nm,candidate_is_final_chemistry,molecular_topology_generation_authorized,formal_charge_assignment_authorized,force_field_parameterization_authorized,energy_minimization_authorized,MD_authorized,mobile_MD_authorized,multitemperature_MD_authorized,QM_authorized,failed_gates,required_next_step
R2_ALTERNATING_BN_TRIMER_BRIDGE_STATIC_COORDINATE_EMBEDDING_REQUIRES_CONFORMER_REFINEMENT,2256,1680,2082,174,30,40176,0.00013353410331456983,0.0011953939551086479,2.9140683467959727e-05,8.465450562766819e-16,23.68903765340406,117.33107293515945,171.5676425886728,15.628486292671067,0.05951338697271288,0.029396084874328265,0.06047275940215483,6,19,0,0.8163864537754161,0.8163864537754154,0.8394062099300137,7.494005416219807e-16,False,False,False,False,False,False,False,False,False,critical_valence_angle_minimum_is_at_least_70deg | no_nonbonded_heavy_heavy_clashes | no_nonbonded_H_heavy_clashes,REFINE_R2_TRIMER_BRIDGE_CONFORMERS_AND_H_PASSIVANT_ORIENTATIONS

==================================================================
FILE=runs/phase1A/day024_chemical_end_rim_design/12_r2_alternating_bn_trimer_bridge_static_coordinate_embedding/r2_trimer_bridge_static_embedding_end_summary.csv
==================================================================
end,bridge_paths,selected_gap_nm,annulus_center_offset_nm,annulus_endpoint_fit_RMS_nm,endpoint_distance_minimum_nm,endpoint_distance_mean_nm,endpoint_distance_maximum_nm,maximum_bridge_bond_deviation_nm,conformers_with_preexisting_heavy_clashes,minimum_selected_conformer_clearance_nm,inner_H_atoms,nuclear_aperture_diameter_nm,nuclear_aperture_relative_error,outer_annulus_radius_mean_nm,outer_annulus_radius_relative_error
LOWER,15,0.1771,9.446039886660751e-16,0.3289083878224277,0.2507185000620844,0.3613390793800051,0.47534325545471523,2.9140683467959727e-05,3,0.05951338697271288,12,0.8163864537754161,0.0274238573437727,1.0740383985523592,0.1043154209085436
UPPER,15,0.1771,5.600497462059774e-16,0.3289083878224277,0.2507185000620844,0.36133907938000537,0.4753432554547158,2.9140683467210327e-05,3,0.07917119058405774,12,0.8163864537754154,0.027423857343773495,1.0740383985523587,0.10431542090854397

==================================================================
FILE=runs/phase1A/day024_chemical_end_rim_design/12_r2_alternating_bn_trimer_bridge_static_coordinate_embedding/r2_trimer_bridge_static_embedding.json
==================================================================
{
  "conformer_model": {
    "B_N_bond_nm": 0.144973,
    "azimuth_grid_deg": 10.0,
    "internal_angle_grid_deg": [
      105.0,
      135.0,
      1.0
    ],
    "torsion_grid_deg": 10.0
  },
  "end_summaries": [
    {
      "annulus_center_offset_nm": 9.446039886660751e-16,
      "annulus_endpoint_fit_RMS_nm": 0.3289083878224277,
      "bridge_paths": 15,
      "conformers_with_preexisting_heavy_clashes": 3,
      "end": "LOWER",
      "endpoint_distance_maximum_nm": 0.47534325545471523,
      "endpoint_distance_mean_nm": 0.3613390793800051,
      "endpoint_distance_minimum_nm": 0.2507185000620844,
      "inner_H_atoms": 12,
      "maximum_bridge_bond_deviation_nm": 2.9140683467959727e-05,
      "minimum_selected_conformer_clearance_nm": 0.05951338697271288,
      "nuclear_aperture_diameter_nm": 0.8163864537754161,
      "nuclear_aperture_relative_error": 0.0274238573437727,
      "outer_annulus_radius_mean_nm": 1.0740383985523592,
      "outer_annulus_radius_relative_error": 0.1043154209085436,
      "selected_gap_nm": 0.1771
    },
    {
      "annulus_center_offset_nm": 5.600497462059774e-16,
      "annulus_endpoint_fit_RMS_nm": 0.3289083878224277,
      "bridge_paths": 15,
      "conformers_with_preexisting_heavy_clashes": 3,
      "end": "UPPER",
      "endpoint_distance_maximum_nm": 0.4753432554547158,
      "endpoint_distance_mean_nm": 0.36133907938000537,
      "endpoint_distance_minimum_nm": 0.2507185000620844,
      "inner_H_atoms": 12,
      "maximum_bridge_bond_deviation_nm": 2.9140683467210327e-05,
      "minimum_selected_conformer_clearance_nm": 0.07917119058405774,
      "nuclear_aperture_diameter_nm": 0.8163864537754154,
      "nuclear_aperture_relative_error": 0.027423857343773495,
      "outer_annulus_radius_mean_nm": 1.0740383985523587,
      "outer_annulus_radius_relative_error": 0.10431542090854397,
      "selected_gap_nm": 0.1771
    }
  ],
  "gates": {
    "30_explicit_trimer_conformers_were_embedded": true,
    "Gate3A_parent_audit_is_accepted": true,
    "Gate3G1_direct_junction_is_rejected": true,
    "Gate3I_has_no_failed_gates": true,
    "Gate3I_trimer_bridge_graph_is_accepted": true,
    "all_2256_nodes_received_finite_coordinates": true,
    "all_BN_bonds_are_within_0p003nm_of_target": true,
    "all_XH_bonds_are_within_0p002nm_of_target": true,
    "all_bridge_BN_bonds_are_within_0p003nm_of_target": true,
    "annulus_center_offsets_are_within_0p050nm": true,
    "aperture_errors_are_within10percent": true,
    "critical_valence_angle_RMS_deviation_is_at_most_30deg": true,
    "critical_valence_angle_maximum_is_at_most_175deg": true,
    "critical_valence_angle_minimum_is_at_least_70deg": false,
    "library_endpoint_distance_error_is_within_0p0005nm": true,
    "lower_and_upper_embeddings_are_symmetric_within_0p010nm": true,
    "no_nonbonded_H_H_clashes": true,
    "no_nonbonded_H_heavy_clashes": false,
    "no_nonbonded_heavy_heavy_clashes": false,
    "outer_radius_errors_are_within15percent": true,
    "parent_coordinates_are_unchanged": true
  },
  "limitations": [
    "This is a deterministic static conformer embedding, not an energy minimization.",
    "The conformer-selection score is based on geometric clearance, not an energetic potential.",
    "B-H and N-H distances are provisional geometry targets, not force-field parameters.",
    "Passing this gate does not establish chemical stability or synthetic feasibility.",
    "No topology, charges, force-field parameters, minimization, MD, or QM calculation was generated."
  ],
  "summary": {
    "H_H_clash_count": 0,
    "H_heavy_clash_count": 19,
    "MD_authorized": false,
    "QM_authorized": false,
    "bridge_conformers": 30,
    "candidate_is_final_chemistry": false,
    "conformer_library_size": 40176,
    "coordinate_nodes": 2256,
    "critical_angle_RMS_deviation_deg": 15.628486292671067,
    "critical_angle_maximum_deg": 171.5676425886728,
    "critical_angle_mean_deg": 117.33107293515945,
    "critical_angle_minimum_deg": 23.68903765340406,
    "decision": "R2_ALTERNATING_BN_TRIMER_BRIDGE_STATIC_COORDINATE_EMBEDDING_REQUIRES_CONFORMER_REFINEMENT",
    "energy_minimization_authorized": false,
    "failed_gates": "critical_valence_angle_minimum_is_at_least_70deg | no_nonbonded_heavy_heavy_clashes | no_nonbonded_H_heavy_clashes",
    "force_field_parameterization_authorized": false,
    "formal_charge_assignment_authorized": false,
    "heavy_heavy_clash_count": 6,
    "lower_nuclear_aperture_diameter_nm": 0.8163864537754161,
    "maximum_BN_bond_deviation_nm": 0.0011953939551086479,
    "maximum_XH_bond_deviation_nm": 8.465450562766819e-16,
    "maximum_bridge_BN_bond_deviation_nm": 2.9140683467959727e-05,
    "maximum_library_distance_error_nm": 0.00013353410331456983,
    "maximum_lower_upper_asymmetry_nm": 7.494005416219807e-16,
    "minimum_nonbonded_H_H_nm": 0.06047275940215483,
    "minimum_nonbonded_H_heavy_nm": 0.029396084874328265,
    "minimum_nonbonded_heavy_heavy_nm": 0.05951338697271288,
    "mobile_MD_authorized": false,
    "molecular_topology_generation_authorized": false,
    "multitemperature_MD_authorized": false,
    "parent_atoms": 1680,
    "required_next_step": "REFINE_R2_TRIMER_BRIDGE_CONFORMERS_AND_H_PASSIVANT_ORIENTATIONS",
    "target_aperture_diameter_nm": 0.8394062099300137,
    "total_H_atoms": 174,
    "total_heavy_atoms": 2082,
    "upper_nuclear_aperture_diameter_nm": 0.8163864537754154
  }
}

==================================================================
FILE=runs/phase1A/day024_chemical_end_rim_design/20_r2_aperture_metric_consistency_audit/r2_aperture_metric_consistency_summary.csv
==================================================================
decision,maximum_fixed_coordinate_difference_nm,preferred_aperture_metric,lower_preferred_aperture_nm,upper_preferred_aperture_nm,Gate3O_radial_aperture_lower_nm,Gate3O_radial_aperture_upper_nm,aperture_metric_inconsistency_identified,heavy_coordinate_embedding_retained,hydrogen_coordinate_generation_authorized,molecular_topology_generation_authorized,formal_charge_assignment_authorized,force_field_parameterization_authorized,energy_minimization_authorized,MD_authorized,QM_authorized,failed_gates,required_next_step
R2_APERTURE_METRIC_AUDIT_REQUIRES_FURTHER_REVIEW,0.0,NONE,,,1.0454151701156797,1.0454151701156789,False,False,False,False,False,False,False,False,False,at_least_one_geometric_free_aperture_metric_passes_both_ends,REVIEW_R2_APERTURE_METRIC_DEFINITION_AND_TARGET

==================================================================
FILE=runs/phase1A/day024_chemical_end_rim_design/06_r2_hexagonal_annulus_attachment_feasibility/r2_hexagonal_annulus_attachment_feasibility_summary.csv
==================================================================
decision,templates_screened,direct_candidates_passing_all_constraints,attachment_capable_templates,target_BN_bond_length_nm,target_parent_rim_radius_nm,target_aperture_radius_nm,target_aperture_diameter_nm,target_total_added_heavy_atoms_per_end,best_geometry_outer_shell,best_geometry_inner_shell,best_geometry_annulus_heavy_atoms,best_geometry_total_added_heavy_atoms_per_end,best_geometry_outer_boundary_atoms,best_geometry_outer_boundary_color0,best_geometry_outer_boundary_color1,best_geometry_maximum_heteropolar_attachments,best_geometry_homopolar_bonds_required,best_geometry_outer_radius_mean_nm,best_geometry_inner_radius_mean_nm,best_geometry_total_heavy_relative_error,best_geometry_outer_radius_relative_error,best_geometry_inner_radius_relative_error,best_attachment_capable_outer_shell,best_attachment_capable_inner_shell,best_attachment_capable_outer_radius_mean_nm,best_attachment_capable_inner_radius_mean_nm,best_attachment_capable_total_added_heavy_atoms,selected_outer_shell,selected_inner_shell,audit_integrity_pass,direct_pure_BN_annulus_attachment_feasible,current_homopolar_degree2_seed_retained,coordinate_generation_authorized,molecular_topology_generation_authorized,formal_charge_assignment_authorized,force_field_parameterization_authorized,energy_minimization_authorized,MD_authorized,QM_authorized,failed_audit_gates,required_next_step
R2_PURE_HEXAGONAL_BN_ANNULUS_DIRECT_ATTACHMENT_NOT_FEASIBLE_WITH_CURRENT_HOMOPOLAR_DEGREE2_RIM,45,0,9,0.14497338962610404,1.1991257007481553,0.41970310496500685,0.8394062099300137,145.1329066507616,5,2,126,156,30,15,15,15,15,1.0740412851132826,0.5227089898747374,0.07487683944336797,0.10431301368724762,0.2454255965495388,10,2,2.220059168360799,0.5227089898747374,606,,,True,False,True,False,False,False,False,False,False,False,,EVALUATE_C3_PARENT_RIM_RECONSTRUCTION_AND_HYBRID_LINKER_CONTINGENCIES

------------------------------------------------------------------
SOURCE SECTIONS DEFINING THE TARGET
------------------------------------------------------------------

======================================================================
SOURCE=scripts/phase1A/analyze_day020_confined_water_profile_guided_regions.py
======================================================================
----- LINES 101-136 -----
000101: 
000102: REPORT_MD = (
000103:     OUTPUT_ROOT
000104:     / "CONFINED_WATER_PROFILE_GUIDED_ANALYSIS_DAY020.md"
000105: )
000106: 
000107: MANIFEST_MD = (
000108:     OUTPUT_ROOT
000109:     / "PROFILE_GUIDED_ANALYSIS_MANIFEST_DAY020.md"
000110: )
000111: 
000112: # Profile construction.
000113: END_EXCLUSION_NM = 0.50
000114: RADIAL_SMOOTHING_SIGMA_NM = 0.10
000115: AXIAL_SMOOTHING_SIGMA_NM = 0.15
000116: 
000117: # Radial depletion-shell definition.
000118: MAIN_RADIAL_RECOVERY_FRACTION = 0.50
000119: RADIAL_RECOVERY_FRACTIONS = (
000120:     0.40,
000121:     0.50,
000122:     0.60,
000123: )
000124: 
000125: # Axial mouth-transition definition.
000126: MAIN_AXIAL_INNER_FRACTION = 0.80
000127: MAIN_AXIAL_OUTER_FRACTION = 0.20
000128: 
000129: AXIAL_INNER_FRACTIONS = (
000130:     0.75,
000131:     0.80,
000132:     0.85,
000133: )
000134: 
000135: AXIAL_SEARCH_HALF_WIDTH_NM = 1.00
000136: OUTSIDE_PLATEAU_OFFSET_NM = 0.35
----- LINES 2041-2076 -----
002041:     segment_upper = hbn_geometry[
002042:         "upper_boundary_nm"
002043:     ]
002044: 
002045:     wall_radius = hbn_geometry[
002046:         "mean_radius_nm"
002047:     ]
002048: 
002049:     central_profile_mask = (
002050:         axial_centers
002051:         >= (
002052:             segment_lower
002053:             + END_EXCLUSION_NM
002054:         )
002055:     ) & (
002056:         axial_centers
002057:         <= (
002058:             segment_upper
002059:             - END_EXCLUSION_NM
002060:         )
002061:     )
002062: 
002063:     radial_profile_raw = (
002064:         axial_average_radial_profile(
002065:             density,
002066:             axial_edges,
002067:             central_profile_mask,
002068:         )
002069:     )
002070: 
002071:     radial_spacing = float(
002072:         np.median(
002073:             np.diff(
002074:                 radial_centers
002075:             )
002076:         )

======================================================================
SOURCE=scripts/phase1A/audit_day021_mobile_bonded_topology_transition.py
======================================================================
----- LINES 378-413 -----
000378:         )
000379:     ]
000380: 
000381:     counts: dict[str, int] = {}
000382: 
000383:     for section_name in (
000384:         "atoms",
000385:         "bonds",
000386:         "angles",
000387:         "dihedrals",
000388:         "pairs",
000389:         "constraints",
000390:         "exclusions",
000391:     ):
000392:         counts[section_name] = sum(
000393:             1
000394:             for fields in sections.get(
000395:                 section_name,
000396:                 [],
000397:             )
000398:             if (
000399:                 fields
000400:                 and fields[0].isdigit()
000401:             )
000402:         )
000403: 
000404:     return {
000405:         "molecule_name": (
000406:             moleculetype[0]
000407:         ),
000408:         "nrexcl": (
000409:             int(moleculetype[1])
000410:             if len(moleculetype) > 1
000411:             else None
000412:         ),
000413:         "atom_rows": atom_rows,
----- LINES 891-926 -----
000891:         "mobile_HBN_angles": (
000892:             mobile_counts["angles"]
000893:         ),
000894:         "mobile_HBN_dihedrals": (
000895:             mobile_counts["dihedrals"]
000896:         ),
000897:         "mobile_HBN_pairs": (
000898:             mobile_counts["pairs"]
000899:         ),
000900:         "mobile_HBN_constraints": (
000901:             mobile_counts["constraints"]
000902:         ),
000903:         "mobile_HBN_exclusions": (
000904:             mobile_counts["exclusions"]
000905:         ),
000906:         "pyrene_semantic_equal": (
000907:             pyrene_semantic_equal
000908:         ),
000909:         "water_semantic_equal": (
000910:             water_semantic_equal
000911:         ),
000912:         "grompp_return_code": (
000913:             grompp_result.returncode
000914:         ),
000915:         "grompp_pass": (
000916:             grompp_pass
000917:         ),
000918:         "rebuilt_TPR_atoms": (
000919:             rebuilt_natoms
000920:         ),
000921:         "rebuilt_TPR_ntypes": (
000922:             rebuilt_ntypes
000923:         ),
000924:         "intended_model_transition_validation": (
000925:             "PASS"
000926:             if intended_transition_pass

======================================================================
SOURCE=scripts/phase1A/audit_day024_r2_aperture_metric_consistency.py
======================================================================
----- LINES 12-47 -----
000012: import numpy as np
000013: 
000014: 
000015: ROOT = Path(__file__).resolve().parents[2]
000016: BASE = ROOT / "runs/phase1A/day024_chemical_end_rim_design"
000017: 
000018: GATE3J = BASE / "12_r2_alternating_bn_trimer_bridge_static_coordinate_embedding"
000019: GATE3K = BASE / "13_r2_trimer_bridge_conformer_and_h_refinement"
000020: GATE3O = BASE / "19_r2_selected_four_atom_heavy_coordinate_embedding"
000021: 
000022: OUT = (
000023:     BASE
000024:     / "20_r2_aperture_metric_consistency_audit"
000025: )
000026: 
000027: SCRIPT3J = (
000028:     ROOT
000029:     / "scripts/phase1A/"
000030:     "build_and_validate_day024_r2_alternating_bn_trimer_bridge_static_coordinate_embedding.py"
000031: )
000032: 
000033: SCRIPT3K = (
000034:     ROOT
000035:     / "scripts/phase1A/"
000036:     "refine_day024_r2_trimer_bridge_conformers_and_h_orientations.py"
000037: )
000038: 
000039: SCRIPT3O = (
000040:     ROOT
000041:     / "scripts/phase1A/"
000042:     "build_and_validate_day024_r2_selected_four_atom_heavy_coordinate_embedding.py"
000043: )
000044: 
000045: COORD3K = (
000046:     GATE3K
000047:     / "r2_trimer_bridge_refined_coordinates.csv"
----- LINES 60-95 -----
000060: SUMMARY3K = (
000061:     GATE3K
000062:     / "r2_trimer_bridge_refinement_summary.csv"
000063: )
000064: 
000065: SUMMARY3O = (
000066:     GATE3O
000067:     / "r2_selected_four_atom_heavy_embedding_summary.csv"
000068: )
000069: 
000070: METRICS = (
000071:     OUT
000072:     / "r2_aperture_metric_comparison.csv"
000073: )
000074: 
000075: PAIR_DETAILS = (
000076:     OUT
000077:     / "r2_aperture_opposite_pair_details.csv"
000078: )
000079: 
000080: SOURCE_DEFINITIONS = (
000081:     OUT
000082:     / "r2_aperture_source_definition_extracts.txt"
000083: )
000084: 
000085: SUMMARY = (
000086:     OUT
000087:     / "r2_aperture_metric_consistency_summary.csv"
000088: )
000089: 
000090: GATES = (
000091:     OUT
000092:     / "r2_aperture_metric_consistency_gates.csv"
000093: )
000094: 
000095: JSON_OUT = (
----- LINES 104-139 -----
000104: 
000105: REPORT = (
000106:     OUT
000107:     / "R2_APERTURE_METRIC_CONSISTENCY_AUDIT_DAY024.md"
000108: )
000109: 
000110: EXPECTED_GATE3O_DECISION = (
000111:     "R2_SELECTED_FOUR_ATOM_BN_BRIDGE_"
000112:     "HEAVY_COORDINATE_EMBEDDING_REQUIRES_REVIEW"
000113: )
000114: 
000115: PASS_DECISION = (
000116:     "R2_APERTURE_METRIC_INCONSISTENCY_IDENTIFIED_"
000117:     "HEAVY_EMBEDDING_GEOMETRY_RETAINED"
000118: )
000119: 
000120: FAIL_DECISION = (
000121:     "R2_APERTURE_METRIC_AUDIT_REQUIRES_FURTHER_REVIEW"
000122: )
000123: 
000124: TARGET_APERTURE_NM = 0.839406
000125: MAX_ACCEPTED_RELATIVE_ERROR = 0.10
000126: COORDINATE_TOLERANCE_NM = 1.0e-12
000127: 
000128: 
000129: def require_file(path: Path) -> None:
000130:     if not path.is_file() or path.stat().st_size == 0:
000131:         raise RuntimeError(
000132:             f"Missing or empty required file: {path}"
000133:         )
000134: 
000135: 
000136: def relative(path: Path) -> str:
000137:     return str(path.resolve().relative_to(ROOT))
000138: 
000139: 
----- LINES 450-485 -----
000450:     pair_distances = [
000451:         float(row["pair_distance_nm"])
000452:         for row in unique_pairs.values()
000453:     ]
000454: 
000455:     return (
000456:         min(pair_distances),
000457:         float(np.mean(pair_distances)),
000458:         list(unique_pairs.values()),
000459:     )
000460: 
000461: 
000462: def extract_aperture_code(path: Path) -> str:
000463:     require_file(path)
000464: 
000465:     lines = path.read_text(
000466:         encoding="utf-8",
000467:     ).splitlines()
000468: 
000469:     hits = [
000470:         index
000471:         for index, line in enumerate(lines)
000472:         if re.search(
000473:             r"aperture|inner_radii|inner_radius|diameter",
000474:             line,
000475:             re.IGNORECASE,
000476:         )
000477:     ]
000478: 
000479:     blocks = []
000480: 
000481:     for hit in hits:
000482:         start = max(
000483:             0,
000484:             hit - 8,
000485:         )
----- LINES 686-721 -----
000686:         for row in details:
000687:             pair_rows.append(
000688:                 {
000689:                     "end": end,
000690:                     **row,
000691:                 }
000692:             )
000693: 
000694:         previous_value = (
000695:             parse_float(
000696:                 summary3k,
000697:                 (
000698:                     "lower_nuclear_aperture_diameter_nm"
000699:                     if end == "LOWER"
000700:                     else "upper_nuclear_aperture_diameter_nm"
000701:                 ),
000702:             )
000703:             if (
000704:                 (
000705:                     "lower_nuclear_aperture_diameter_nm"
000706:                     if end == "LOWER"
000707:                     else "upper_nuclear_aperture_diameter_nm"
000708:                 )
000709:                 in summary3k
000710:             )
000711:             else math.nan
000712:         )
000713: 
000714:         for metric_name, value in (
000715:             (
000716:                 "TWO_TIMES_MINIMUM_RADIAL_DISTANCE",
000717:                 radial_diameter,
000718:             ),
000719:             (
000720:                 "MINIMUM_OPPOSITE_PAIR_DISTANCE",
000721:                 minimum_pair,
----- LINES 725-760 -----
000725:                 mean_pair,
000726:             ),
000727:             (
000728:                 "MINIMUM_PROJECTED_WIDTH",
000729:                 width,
000730:             ),
000731:         ):
000732:             metric_rows.append(
000733:                 {
000734:                     "end": end,
000735:                     "metric": metric_name,
000736:                     "diameter_nm": value,
000737:                     "target_nm": TARGET_APERTURE_NM,
000738:                     "relative_error": abs(
000739:                         value
000740:                         - TARGET_APERTURE_NM
000741:                     ) / TARGET_APERTURE_NM,
000742:                     "within10percent": abs(
000743:                         value
000744:                         - TARGET_APERTURE_NM
000745:                     ) / TARGET_APERTURE_NM
000746:                     <= MAX_ACCEPTED_RELATIVE_ERROR,
000747:                 }
000748:             )
000749: 
000750:     write_rows(
000751:         METRICS,
000752:         metric_rows,
000753:     )
000754: 
000755:     write_rows(
000756:         PAIR_DETAILS,
000757:         pair_rows,
000758:     )
000759: 
000760:     source_text = "\n\n".join(
----- LINES 841-876 -----
000841:         all(
000842:             bool(row["within10percent"])
000843:             for row in metric_rows
000844:             if row["metric"] == metric
000845:         )
000846:         for metric in (
000847:             "MINIMUM_OPPOSITE_PAIR_DISTANCE",
000848:             "MINIMUM_PROJECTED_WIDTH",
000849:         )
000850:     )
000851: 
000852:     gates = {
000853:         "Gate3O_has_expected_aperture_only_review_decision": (
000854:             summary3o.get(
000855:                 "decision"
000856:             )
000857:             == EXPECTED_GATE3O_DECISION
000858:             and summary3o.get(
000859:                 "failed_gates"
000860:             )
000861:             == "aperture_errors_are_within10percent"
000862:         ),
000863:         "fixed_annulus_coordinates_are_unchanged_from_Gate3K": (
000864:             maximum_fixed_coordinate_difference
000865:             <= COORDINATE_TOLERANCE_NM
000866:         ),
000867:         "Gate3O_radial_metric_fails_both_ends": (
000868:             radial_metric_fails
000869:         ),
000870:         "at_least_one_geometric_free_aperture_metric_passes_both_ends": (
000871:             alternative_metric_passes_both_ends
000872:         ),
000873:         "all_aperture_metrics_are_lower_upper_symmetric": all(
000874:             difference
000875:             <= 1.0e-9
000876:             for difference
----- LINES 924-959 -----
000924:             if row["metric"] == metric
000925:         ]
000926: 
000927:         if rows and all(
000928:             bool(row["within10percent"])
000929:             for row in rows
000930:         ):
000931:             preferred_metric = metric
000932:             break
000933: 
000934:     required_next_step = (
000935:         "PATCH_AND_REVALIDATE_R2_HEAVY_EMBEDDING_"
000936:         "WITH_CONSISTENT_APERTURE_METRIC"
000937:         if accepted
000938:         else
000939:         "REVIEW_R2_APERTURE_METRIC_DEFINITION_AND_TARGET"
000940:     )
000941: 
000942:     summary = {
000943:         "decision": decision,
000944:         "maximum_fixed_coordinate_difference_nm": (
000945:             maximum_fixed_coordinate_difference
000946:         ),
000947:         "preferred_aperture_metric": (
000948:             preferred_metric
000949:         ),
000950:         "lower_preferred_aperture_nm": (
000951:             ""
000952:             if preferred_metric == "NONE"
000953:             else grouped[
000954:                 (
000955:                     "LOWER",
000956:                     preferred_metric,
000957:                 )
000958:             ]
000959:         ),
----- LINES 964-999 -----
000964:                 (
000965:                     "UPPER",
000966:                     preferred_metric,
000967:                 )
000968:             ]
000969:         ),
000970:         "Gate3O_radial_aperture_lower_nm": grouped[
000971:             (
000972:                 "LOWER",
000973:                 "TWO_TIMES_MINIMUM_RADIAL_DISTANCE",
000974:             )
000975:         ],
000976:         "Gate3O_radial_aperture_upper_nm": grouped[
000977:             (
000978:                 "UPPER",
000979:                 "TWO_TIMES_MINIMUM_RADIAL_DISTANCE",
000980:             )
000981:         ],
000982:         "aperture_metric_inconsistency_identified": (
000983:             accepted
000984:         ),
000985:         "heavy_coordinate_embedding_retained": (
000986:             accepted
000987:         ),
000988:         "hydrogen_coordinate_generation_authorized": False,
000989:         "molecular_topology_generation_authorized": False,
000990:         "formal_charge_assignment_authorized": False,
000991:         "force_field_parameterization_authorized": False,
000992:         "energy_minimization_authorized": False,
000993:         "MD_authorized": False,
000994:         "QM_authorized": False,
000995:         "failed_gates": (
000996:             " | ".join(failed_gates)
000997:         ),
000998:         "required_next_step": (
000999:             required_next_step
----- LINES 1015-1050 -----
001015:             for name, passed in gates.items()
001016:         ],
001017:     )
001018: 
001019:     JSON_OUT.write_text(
001020:         json.dumps(
001021:             {
001022:                 "summary": summary,
001023:                 "metric_rows": metric_rows,
001024:                 "gates": gates,
001025:                 "limitations": [
001026:                     (
001027:                         "This gate audits aperture definitions only."
001028:                     ),
001029:                     (
001030:                         "No coordinates are changed."
001031:                     ),
001032:                     (
001033:                         "No hydrogen coordinates, topology, charges, "
001034:                         "force-field parameters, minimization, MD or QM "
001035:                         "calculation are generated."
001036:                     ),
001037:                 ],
001038:             },
001039:             indent=2,
001040:             sort_keys=True,
001041:         )
001042:         + "\n",
001043:         encoding="utf-8",
001044:     )
001045: 
001046:     manifest_rows = [
001047:         {
001048:             "role": "Gate3J_script",
001049:             "file": relative(SCRIPT3J),
001050:             "sha256": sha256(SCRIPT3J),
----- LINES 1103-1138 -----
001103:     )
001104: 
001105:     gate_lines = "\n".join(
001106:         (
001107:             f"- `{name}`: "
001108:             f"**{'PASS' if passed else 'FAIL'}**"
001109:         )
001110:         for name, passed
001111:         in gates.items()
001112:     )
001113: 
001114:     REPORT.write_text(
001115:         f"""# R2 Aperture Metric Consistency Audit
001116: 
001117: ## Scope
001118: 
001119: This gate investigates the isolated aperture failure reported by Gate 3O.
001120: No coordinates are modified.
001121: 
001122: ## Coordinate consistency
001123: 
001124: - Maximum fixed-coordinate difference between Gate 3K and Gate 3O:
001125:   **{maximum_fixed_coordinate_difference:.12e} nm**
001126: 
001127: ## Compared aperture metrics
001128: 
001129: {metric_lines}
001130: 
001131: ## Preferred metric
001132: 
001133: - Preferred metric:
001134:   **{preferred_metric}**
001135: - Lower value:
001136:   **{summary['lower_preferred_aperture_nm']} nm**
001137: - Upper value:
001138:   **{summary['upper_preferred_aperture_nm']} nm**
----- LINES 1156-1191 -----
001156:   **NO**
001157: - MD authorized:
001158:   **NO**
001159: - QM authorized:
001160:   **NO**
001161: - Required next step:
001162:   `{required_next_step}`
001163: """,
001164:         encoding="utf-8",
001165:     )
001166: 
001167:     print(
001168:         "Day024 R2 aperture metric consistency "
001169:         "audit completed."
001170:     )
001171: 
001172:     print(
001173:         "Maximum fixed-coordinate difference Gate3K/Gate3O: "
001174:         f"{maximum_fixed_coordinate_difference:.12e} nm"
001175:     )
001176: 
001177:     for row in metric_rows:
001178:         print(
001179:             f"{row['end']} {row['metric']} / "
001180:             "diameter / relative error / pass: "
001181:             f"{float(row['diameter_nm']):.9f}/"
001182:             f"{float(row['relative_error']):.9f}/"
001183:             f"{row['within10percent']}"
001184:         )
001185: 
001186:     print(
001187:         f"Preferred aperture metric: {preferred_metric}"
001188:     )
001189: 
001190:     print(
001191:         "Aperture metric inconsistency identified: "

======================================================================
SOURCE=scripts/phase1A/audit_day024_r2_hexagonal_annulus_attachment_feasibility.py
======================================================================
----- LINES 580-615 -----
000580:         raise RuntimeError(
000581:             "Cannot calculate the mean of an empty list."
000582:         )
000583: 
000584:     return sum(values) / len(values)
000585: 
000586: 
000587: def build_annulus_template(
000588:     outer_shell: int,
000589:     inner_shell: int,
000590:     bond_length_nm: float,
000591:     parent_rim_radius_nm: float,
000592:     target_aperture_radius_nm: float,
000593:     target_total_added_heavy_atoms_per_end: float,
000594: ) -> dict[str, Any]:
000595:     (
000596:         outer_vertices,
000597:         outer_edges,
000598:     ) = build_hexagonal_flake(
000599:         outer_shell
000600:     )
000601: 
000602:     (
000603:         removed_vertices,
000604:         _,
000605:     ) = build_hexagonal_flake(
000606:         inner_shell
000607:     )
000608: 
000609:     annulus_vertices = (
000610:         outer_vertices
000611:         - removed_vertices
000612:     )
000613: 
000614:     annulus_edges = {
000615:         edge
----- LINES 753-788 -----
000753:         mean_value(
000754:             inner_radii
000755:         )
000756:     )
000757: 
000758:     outer_radius_relative_error = abs(
000759:         outer_radius_mean_nm
000760:         - parent_rim_radius_nm
000761:     ) / parent_rim_radius_nm
000762: 
000763:     inner_radius_relative_error = abs(
000764:         inner_radius_mean_nm
000765:         - target_aperture_radius_nm
000766:     ) / target_aperture_radius_nm
000767: 
000768:     total_added_heavy_atoms_per_end = (
000769:         EXPECTED_SEED_ATOMS_PER_END
000770:         + len(
000771:             annulus_vertices
000772:         )
000773:     )
000774: 
000775:     total_heavy_relative_error = abs(
000776:         total_added_heavy_atoms_per_end
000777:         - target_total_added_heavy_atoms_per_end
000778:     ) / target_total_added_heavy_atoms_per_end
000779: 
000780:     direct_30_site_heteropolar_attachment_possible = (
000781:         max_heteropolar_attachments
000782:         >= EXPECTED_ATTACHMENT_SITES_PER_END
000783:     )
000784: 
000785:     geometric_and_population_constraints_pass = (
000786:         total_heavy_relative_error
000787:         <= MAX_TOTAL_HEAVY_RELATIVE_ERROR
000788:         and outer_radius_relative_error
----- LINES 1022-1057 -----
001022:         )
001023: 
001024:     bond_length_nm = parse_float(
001025:         parent,
001026:         "BN_bond_mean_nm",
001027:     )
001028: 
001029:     parent_rim_radius_nm = parse_float(
001030:         parent,
001031:         "parent_rim_mean_radius_nm",
001032:     )
001033: 
001034:     target_aperture_radius_nm = parse_float(
001035:         parent,
001036:         "target_aperture_radius_nm",
001037:     )
001038: 
001039:     target_aperture_diameter_nm = parse_float(
001040:         parent,
001041:         "target_aperture_diameter_nm",
001042:     )
001043: 
001044:     target_total_added_heavy_atoms_per_end = parse_float(
001045:         parent,
001046:         "estimated_monolayer_hBN_atoms_per_end",
001047:     )
001048: 
001049:     if parse_int(
001050:         seed,
001051:         "added_atoms_lower",
001052:     ) != EXPECTED_SEED_ATOMS_PER_END:
001053:         raise RuntimeError(
001054:             "Unexpected lower seed atom count."
001055:         )
001056: 
001057:     if parse_int(
----- LINES 1069-1104 -----
001069:         MAX_OUTER_SHELL + 1,
001070:     ):
001071:         for inner_shell in range(
001072:             1,
001073:             outer_shell,
001074:         ):
001075:             template_rows.append(
001076:                 build_annulus_template(
001077:                     outer_shell,
001078:                     inner_shell,
001079:                     bond_length_nm,
001080:                     parent_rim_radius_nm,
001081:                     target_aperture_radius_nm,
001082:                     target_total_added_heavy_atoms_per_end,
001083:                 )
001084:             )
001085: 
001086:     template_rows.sort(
001087:         key=lambda row: (
001088:             not bool(
001089:                 row[
001090:                     "direct_candidate_pass"
001091:                 ]
001092:             ),
001093:             float(
001094:                 row[
001095:                     "screening_penalty"
001096:                 ]
001097:             ),
001098:             int(
001099:                 row[
001100:                     "outer_shell_n"
001101:                 ]
001102:             ),
001103:             int(
001104:                 row[
----- LINES 1364-1399 -----
001364:         ),
001365:         "attachment_capable_templates": (
001366:             len(
001367:                 attachment_capable
001368:             )
001369:         ),
001370:         "target_BN_bond_length_nm": (
001371:             bond_length_nm
001372:         ),
001373:         "target_parent_rim_radius_nm": (
001374:             parent_rim_radius_nm
001375:         ),
001376:         "target_aperture_radius_nm": (
001377:             target_aperture_radius_nm
001378:         ),
001379:         "target_aperture_diameter_nm": (
001380:             target_aperture_diameter_nm
001381:         ),
001382:         "target_total_added_heavy_atoms_per_end": (
001383:             target_total_added_heavy_atoms_per_end
001384:         ),
001385:         "best_geometry_outer_shell": (
001386:             best_geometry_population[
001387:                 "outer_shell_n"
001388:             ]
001389:         ),
001390:         "best_geometry_inner_shell": (
001391:             best_geometry_population[
001392:                 "inner_shell_m"
001393:             ]
001394:         ),
001395:         "best_geometry_annulus_heavy_atoms": (
001396:             best_geometry_population[
001397:                 "annulus_heavy_atoms"
001398:             ]
001399:         ),
----- LINES 1666-1701 -----
001666: 
001667: This gate screens exact graph templates constructed as a hexagonal
001668: benzenoid flake with a concentric inner flake removed.
001669: 
001670: No molecular coordinates, bond orders, partial charges, force-field
001671: parameters, topology, minimization, MD, or QM calculation were
001672: generated.
001673: 
001674: ## Targets
001675: 
001676: - Parent-rim radius:
001677:   **{parent_rim_radius_nm:.6f} nm**
001678: - Aperture radius/diameter:
001679:   **{target_aperture_radius_nm:.6f}/
001680:   {target_aperture_diameter_nm:.6f} nm**
001681: - BN bond-length reference:
001682:   **{bond_length_nm:.6f} nm**
001683: - Edge-completion atoms already added:
001684:   **{EXPECTED_SEED_ATOMS_PER_END} per end**
001685: - Total heavy-atom screening target:
001686:   **{target_total_added_heavy_atoms_per_end:.3f} per end**
001687: - Required heteropolar attachment sites:
001688:   **{EXPECTED_ATTACHMENT_SITES_PER_END} per end**
001689: 
001690: ## Template family
001691: 
001692: - Outer shell indices:
001693:   **{MIN_OUTER_SHELL}–{MAX_OUTER_SHELL}**
001694: - Templates screened:
001695:   **{len(template_rows)}**
001696: - Attachment-capable templates:
001697:   **{len(attachment_capable)}**
001698: - Templates satisfying every constraint:
001699:   **{len(direct_candidates)}**
001700: 
001701: ## Best geometry/population template
----- LINES 1751-1786 -----
001751:   **NO**
001752: - QM authorized:
001753:   **NO**
001754: - Required next step:
001755:   `{required_next_step}`
001756: 
001757: ## Interpretation
001758: 
001759: A negative result does not invalidate the hexagonal edge-completion
001760: seed. It shows that a closed, pure-hexagonal BN annulus cannot be
001761: attached directly to the resulting elementally homogeneous degree-2
001762: rim while simultaneously satisfying the 30-site heteropolar-junction,
001763: radius, aperture, and atom-population constraints in the screened
001764: template family.
001765: 
001766: The next comparison must therefore examine the previously retained
001767: parent-rim reconstruction contingency and an explicitly end-specific
001768: hybrid-linker architecture.
001769: """,
001770:         encoding="utf-8",
001771:     )
001772: 
001773:     print(
001774:         "Day024 R2 hexagonal-annulus attachment "
001775:         "feasibility audit completed."
001776:     )
001777: 
001778:     print(
001779:         "Templates screened / attachment-capable / "
001780:         "fully feasible: "
001781:         f"{len(template_rows)}/"
001782:         f"{len(attachment_capable)}/"
001783:         f"{len(direct_candidates)}"
001784:     )
001785: 
001786:     print(

======================================================================
SOURCE=scripts/phase1A/audit_day024_r2_parent_rim_and_chemical_constraints.before_declared_atom_array_fix_20260709_094223.py
======================================================================
----- LINES 1160-1195 -----
001160:     if (
001161:         selection.get(
001162:             "decision",
001163:             "",
001164:         )
001165:         != EXPECTED_SELECTION_DECISION
001166:     ):
001167:         raise RuntimeError(
001168:             "R2 is not in the accepted "
001169:             "architecture-selection state."
001170:         )
001171: 
001172:     target_aperture_diameter_nm = (
001173:         parse_float(
001174:             selection,
001175:             "R2_effective_aperture_diameter_nm",
001176:         )
001177:     )
001178: 
001179:     target_aperture_radius_nm = (
001180:         target_aperture_diameter_nm
001181:         / 2.0
001182:     )
001183: 
001184:     target_open_area_fraction = (
001185:         parse_float(
001186:             selection,
001187:             "R2_open_area_fraction",
001188:         )
001189:     )
001190: 
001191:     validated_minimum_cap_ow_nm = (
001192:         parse_float(
001193:             selection,
001194:             "R2_minimum_CAP_OW_distance_nm",
001195:         )
----- LINES 1596-1631 -----
001596:             "radius_mean_nm"
001597:         ]
001598:     )
001599: 
001600:     mean_parent_rim_radius_nm = (
001601:         0.5
001602:         * (
001603:             lower_radius_nm
001604:             + upper_radius_nm
001605:         )
001606:     )
001607: 
001608:     required_radial_occlusion_nm = (
001609:         mean_parent_rim_radius_nm
001610:         - target_aperture_radius_nm
001611:     )
001612: 
001613:     median_bn_bond_nm = float(
001614:         np.median(
001615:             bond_distances
001616:         )
001617:     )
001618: 
001619:     mean_bn_bond_nm = float(
001620:         np.mean(
001621:             bond_distances
001622:         )
001623:     )
001624: 
001625:     annulus_area_nm2 = (
001626:         math.pi
001627:         * (
001628:             mean_parent_rim_radius_nm
001629:             * mean_parent_rim_radius_nm
001630:             - target_aperture_radius_nm
001631:             * target_aperture_radius_nm
----- LINES 1840-1875 -----
001840:             ),
001841:             "value": (
001842:                 EXPECTED_EDGE_N_PER_END
001843:             ),
001844:             "unit": "atoms/end",
001845:             "basis": (
001846:                 "Balanced armchair-like BN rim"
001847:             ),
001848:             "status": "FIXED",
001849:         },
001850:         {
001851:             "constraint": (
001852:                 "target_effective_aperture_diameter"
001853:             ),
001854:             "value": (
001855:                 target_aperture_diameter_nm
001856:             ),
001857:             "unit": "nm",
001858:             "basis": (
001859:                 "Validated R2 screening geometry"
001860:             ),
001861:             "status": "TARGET",
001862:         },
001863:         {
001864:             "constraint": (
001865:                 "target_effective_aperture_radius"
001866:             ),
001867:             "value": (
001868:                 target_aperture_radius_nm
001869:             ),
001870:             "unit": "nm",
001871:             "basis": (
001872:                 "Half of validated aperture diameter"
001873:             ),
001874:             "status": "TARGET",
001875:         },
----- LINES 1892-1927 -----
001892:             ),
001893:             "value": (
001894:                 mean_parent_rim_radius_nm
001895:             ),
001896:             "unit": "nm",
001897:             "basis": (
001898:                 "Mean of both terminal rims"
001899:             ),
001900:             "status": "MEASURED",
001901:         },
001902:         {
001903:             "constraint": (
001904:                 "required_radial_occlusion"
001905:             ),
001906:             "value": (
001907:                 required_radial_occlusion_nm
001908:             ),
001909:             "unit": "nm",
001910:             "basis": (
001911:                 "Parent rim radius minus target "
001912:                 "aperture radius"
001913:             ),
001914:             "status": "REQUIRED",
001915:         },
001916:         {
001917:             "constraint": (
001918:                 "annular_area_to_replace_per_end"
001919:             ),
001920:             "value": (
001921:                 annulus_area_nm2
001922:             ),
001923:             "unit": "nm^2",
001924:             "basis": (
001925:                 "Geometric annulus between parent "
001926:                 "rim and target pore"
001927:             ),
----- LINES 2016-2051 -----
002016:             "structural_concept": (
002017:                 "Passivate the existing BNNT rim "
002018:                 "using only terminal H, OH, or NHx groups."
002019:             ),
002020:             "chemical_basis": (
002021:                 "BN edge passivation is chemically "
002022:                 "documented."
002023:             ),
002024:             "geometric_assessment": (
002025:                 "Insufficient as a direct R2-cap "
002026:                 "replacement because the required "
002027:                 f"inward radial closure is "
002028:                 f"{required_radial_occlusion_nm:.6f} nm."
002029:             ),
002030:             "priority": 0,
002031:             "status": (
002032:                 "REJECT_AS_STANDALONE_CAP_REPLACEMENT"
002033:             ),
002034:             "principal_risk": (
002035:                 "Leaves a pore much wider than the "
002036:                 "validated 0.84 nm aperture."
002037:             ),
002038:             "literature_basis": (
002039:                 "10.1021/jp805790s; "
002040:                 "10.1039/C9NA00530G"
002041:             ),
002042:         },
002043:         {
002044:             "candidate_id": (
002045:                 "C1_LINKED_BN_ANNULAR_NANOFLAKE"
002046:             ),
002047:             "structural_concept": (
002048:                 "Coaxial atomically thin BN annular "
002049:                 "nanoflake placed at the validated cap "
002050:                 "plane and attached to the terminal rim "
002051:                 "through a chemically defined linker "
----- LINES 2113-2148 -----
002113:                 "C3_INWARD_TETHERED_FUNCTIONAL_CORONA"
002114:             ),
002115:             "structural_concept": (
002116:                 "Multiple inward-pointing tethered "
002117:                 "aromatic or polar groups attached around "
002118:                 "the terminal BN rim."
002119:             ),
002120:             "chemical_basis": (
002121:                 "Uses established covalent BNNT "
002122:                 "functionalization concepts."
002123:             ),
002124:             "geometric_assessment": (
002125:                 "Can reduce the effective aperture but "
002126:                 "does not naturally reproduce the rigid "
002127:                 "planar exclusion surface."
002128:             ),
002129:             "priority": 3,
002130:             "status": (
002131:                 "DEFER_UNLESS_RIGID_ANNULAR_CANDIDATES_FAIL"
002132:             ),
002133:             "principal_risk": (
002134:                 "Flexibility, pore intermittency, "
002135:                 "collapse, and strong hydration dependence."
002136:             ),
002137:             "literature_basis": (
002138:                 "10.1021/ja063653+"
002139:             ),
002140:         },
002141:         {
002142:             "candidate_id": (
002143:                 "C4_METAL_OR_SPIN_ACTIVE_CAP"
002144:             ),
002145:             "structural_concept": (
002146:                 "Metal-coordinated or radical-containing "
002147:                 "terminal annulus."
002148:             ),
----- LINES 2406-2441 -----
002406:                 ]
002407:             )
002408:             >= MIN_EDGE_ALTERNATION_FRACTION
002409:         ),
002410:         "upper_end_element_sequence_is_alternating": (
002411:             float(
002412:                 upper_metrics[
002413:                     "element_alternation_fraction"
002414:                 ]
002415:             )
002416:             >= MIN_EDGE_ALTERNATION_FRACTION
002417:         ),
002418:         "validated_aperture_is_finite_and_open": (
002419:             math.isfinite(
002420:                 target_aperture_diameter_nm
002421:             )
002422:             and target_aperture_diameter_nm
002423:             > 0.0
002424:             and target_aperture_radius_nm
002425:             < mean_parent_rim_radius_nm
002426:         ),
002427:         "validated_open_area_fraction_is_valid": (
002428:             math.isfinite(
002429:                 target_open_area_fraction
002430:             )
002431:             and 0.0
002432:             < target_open_area_fraction
002433:             < 1.0
002434:         ),
002435:         "required_radial_occlusion_is_positive": (
002436:             required_radial_occlusion_nm
002437:             > 0.0
002438:         ),
002439:         "monolayer_annulus_population_is_comparable_to_R2_beads": (
002440:             (
002441:                 0.70
----- LINES 2655-2690 -----
002655:         ),
002656:         "upper_end_alternation_fraction": (
002657:             upper_metrics[
002658:                 "element_alternation_fraction"
002659:             ]
002660:         ),
002661:         "lower_cap_plane_offset_nm": (
002662:             lower_cap_offset_nm
002663:         ),
002664:         "upper_cap_plane_offset_nm": (
002665:             upper_cap_offset_nm
002666:         ),
002667:         "target_aperture_diameter_nm": (
002668:             target_aperture_diameter_nm
002669:         ),
002670:         "target_aperture_radius_nm": (
002671:             target_aperture_radius_nm
002672:         ),
002673:         "target_open_area_fraction": (
002674:             target_open_area_fraction
002675:         ),
002676:         "parent_rim_mean_radius_nm": (
002677:             mean_parent_rim_radius_nm
002678:         ),
002679:         "required_radial_occlusion_nm": (
002680:             required_radial_occlusion_nm
002681:         ),
002682:         "annular_area_per_end_nm2": (
002683:             annulus_area_nm2
002684:         ),
002685:         "estimated_monolayer_hBN_atoms_per_end": (
002686:             estimated_monolayer_annulus_atoms
002687:         ),
002688:         "validated_R2_beads_per_end": (
002689:             EXPECTED_CAPS_PER_END
002690:         ),
----- LINES 2830-2865 -----
002830:   **{upper_metrics['B_count']}/{upper_metrics['N_count']}**
002831: - Mean radius:
002832:   **{upper_metrics['radius_mean_nm']:.6f} nm**
002833: - Axial standard deviation:
002834:   **{upper_metrics['axial_standard_deviation_nm']:.6f} nm**
002835: - Element-alternation fraction:
002836:   **{upper_metrics['element_alternation_fraction']:.6f}**
002837: - Cap-plane offset:
002838:   **{upper_cap_offset_nm:.6f} nm**
002839: 
002840: ## Validated R2 target
002841: 
002842: - Effective aperture diameter:
002843:   **{target_aperture_diameter_nm:.6f} nm**
002844: - Effective aperture radius:
002845:   **{target_aperture_radius_nm:.6f} nm**
002846: - Open-area fraction:
002847:   **{target_open_area_fraction:.6f}**
002848: - Mean parent-rim radius:
002849:   **{mean_parent_rim_radius_nm:.6f} nm**
002850: - Required radial occlusion:
002851:   **{required_radial_occlusion_nm:.6f} nm**
002852: - Annular area per end:
002853:   **{annulus_area_nm2:.6f} nm²**
002854: - Estimated one-layer h-BN annular population:
002855:   **{estimated_monolayer_annulus_atoms:.3f} atoms/end**
002856: - Validated steric beads:
002857:   **{EXPECTED_CAPS_PER_END} beads/end**
002858: - Validated minimum CAP–OW separation:
002859:   **{validated_minimum_cap_ow_nm:.6f} nm**
002860: 
002861: Simple H/OH/NHx passivation of the existing terminal atoms cannot by
002862: itself reproduce the validated aperture because the required inward
002863: radial closure is approximately
002864: **{required_radial_occlusion_nm:.6f} nm**.
002865: 
----- LINES 2967-3002 -----
002967:         f"{upper_metrics['radius_mean_nm']:.6f}/"
002968:         f"{upper_metrics['axial_standard_deviation_nm']:.6f}/"
002969:         f"{upper_metrics['element_alternation_fraction']:.6f}"
002970:     )
002971: 
002972:     print(
002973:         "Lower / upper cap-plane offsets: "
002974:         f"{lower_cap_offset_nm:.6f}/"
002975:         f"{upper_cap_offset_nm:.6f} nm"
002976:     )
002977: 
002978:     print(
002979:         "Target aperture diameter / radius / "
002980:         "open-area fraction: "
002981:         f"{target_aperture_diameter_nm:.6f}/"
002982:         f"{target_aperture_radius_nm:.6f}/"
002983:         f"{target_open_area_fraction:.6f}"
002984:     )
002985: 
002986:     print(
002987:         "Parent rim radius / required radial occlusion: "
002988:         f"{mean_parent_rim_radius_nm:.6f}/"
002989:         f"{required_radial_occlusion_nm:.6f} nm"
002990:     )
002991: 
002992:     print(
002993:         "Annulus area / estimated hBN atoms / "
002994:         "validated beads per end: "
002995:         f"{annulus_area_nm2:.6f} nm^2 / "
002996:         f"{estimated_monolayer_annulus_atoms:.3f} / "
002997:         f"{EXPECTED_CAPS_PER_END}"
002998:     )
002999: 
003000:     print(
003001:         "Current parent rim chemically passivated: NO"
003002:     )

======================================================================
SOURCE=scripts/phase1A/audit_day024_r2_parent_rim_and_chemical_constraints.before_moltype_boundary_fix_20260709_093335.py
======================================================================
----- LINES 1073-1108 -----
001073:     if (
001074:         selection.get(
001075:             "decision",
001076:             "",
001077:         )
001078:         != EXPECTED_SELECTION_DECISION
001079:     ):
001080:         raise RuntimeError(
001081:             "R2 is not in the accepted "
001082:             "architecture-selection state."
001083:         )
001084: 
001085:     target_aperture_diameter_nm = (
001086:         parse_float(
001087:             selection,
001088:             "R2_effective_aperture_diameter_nm",
001089:         )
001090:     )
001091: 
001092:     target_aperture_radius_nm = (
001093:         target_aperture_diameter_nm
001094:         / 2.0
001095:     )
001096: 
001097:     target_open_area_fraction = (
001098:         parse_float(
001099:             selection,
001100:             "R2_open_area_fraction",
001101:         )
001102:     )
001103: 
001104:     validated_minimum_cap_ow_nm = (
001105:         parse_float(
001106:             selection,
001107:             "R2_minimum_CAP_OW_distance_nm",
001108:         )
----- LINES 1509-1544 -----
001509:             "radius_mean_nm"
001510:         ]
001511:     )
001512: 
001513:     mean_parent_rim_radius_nm = (
001514:         0.5
001515:         * (
001516:             lower_radius_nm
001517:             + upper_radius_nm
001518:         )
001519:     )
001520: 
001521:     required_radial_occlusion_nm = (
001522:         mean_parent_rim_radius_nm
001523:         - target_aperture_radius_nm
001524:     )
001525: 
001526:     median_bn_bond_nm = float(
001527:         np.median(
001528:             bond_distances
001529:         )
001530:     )
001531: 
001532:     mean_bn_bond_nm = float(
001533:         np.mean(
001534:             bond_distances
001535:         )
001536:     )
001537: 
001538:     annulus_area_nm2 = (
001539:         math.pi
001540:         * (
001541:             mean_parent_rim_radius_nm
001542:             * mean_parent_rim_radius_nm
001543:             - target_aperture_radius_nm
001544:             * target_aperture_radius_nm
----- LINES 1753-1788 -----
001753:             ),
001754:             "value": (
001755:                 EXPECTED_EDGE_N_PER_END
001756:             ),
001757:             "unit": "atoms/end",
001758:             "basis": (
001759:                 "Balanced armchair-like BN rim"
001760:             ),
001761:             "status": "FIXED",
001762:         },
001763:         {
001764:             "constraint": (
001765:                 "target_effective_aperture_diameter"
001766:             ),
001767:             "value": (
001768:                 target_aperture_diameter_nm
001769:             ),
001770:             "unit": "nm",
001771:             "basis": (
001772:                 "Validated R2 screening geometry"
001773:             ),
001774:             "status": "TARGET",
001775:         },
001776:         {
001777:             "constraint": (
001778:                 "target_effective_aperture_radius"
001779:             ),
001780:             "value": (
001781:                 target_aperture_radius_nm
001782:             ),
001783:             "unit": "nm",
001784:             "basis": (
001785:                 "Half of validated aperture diameter"
001786:             ),
001787:             "status": "TARGET",
001788:         },
----- LINES 1805-1840 -----
001805:             ),
001806:             "value": (
001807:                 mean_parent_rim_radius_nm
001808:             ),
001809:             "unit": "nm",
001810:             "basis": (
001811:                 "Mean of both terminal rims"
001812:             ),
001813:             "status": "MEASURED",
001814:         },
001815:         {
001816:             "constraint": (
001817:                 "required_radial_occlusion"
001818:             ),
001819:             "value": (
001820:                 required_radial_occlusion_nm
001821:             ),
001822:             "unit": "nm",
001823:             "basis": (
001824:                 "Parent rim radius minus target "
001825:                 "aperture radius"
001826:             ),
001827:             "status": "REQUIRED",
001828:         },
001829:         {
001830:             "constraint": (
001831:                 "annular_area_to_replace_per_end"
001832:             ),
001833:             "value": (
001834:                 annulus_area_nm2
001835:             ),
001836:             "unit": "nm^2",
001837:             "basis": (
001838:                 "Geometric annulus between parent "
001839:                 "rim and target pore"
001840:             ),
----- LINES 1929-1964 -----
001929:             "structural_concept": (
001930:                 "Passivate the existing BNNT rim "
001931:                 "using only terminal H, OH, or NHx groups."
001932:             ),
001933:             "chemical_basis": (
001934:                 "BN edge passivation is chemically "
001935:                 "documented."
001936:             ),
001937:             "geometric_assessment": (
001938:                 "Insufficient as a direct R2-cap "
001939:                 "replacement because the required "
001940:                 f"inward radial closure is "
001941:                 f"{required_radial_occlusion_nm:.6f} nm."
001942:             ),
001943:             "priority": 0,
001944:             "status": (
001945:                 "REJECT_AS_STANDALONE_CAP_REPLACEMENT"
001946:             ),
001947:             "principal_risk": (
001948:                 "Leaves a pore much wider than the "
001949:                 "validated 0.84 nm aperture."
001950:             ),
001951:             "literature_basis": (
001952:                 "10.1021/jp805790s; "
001953:                 "10.1039/C9NA00530G"
001954:             ),
001955:         },
001956:         {
001957:             "candidate_id": (
001958:                 "C1_LINKED_BN_ANNULAR_NANOFLAKE"
001959:             ),
001960:             "structural_concept": (
001961:                 "Coaxial atomically thin BN annular "
001962:                 "nanoflake placed at the validated cap "
001963:                 "plane and attached to the terminal rim "
001964:                 "through a chemically defined linker "
----- LINES 2026-2061 -----
002026:                 "C3_INWARD_TETHERED_FUNCTIONAL_CORONA"
002027:             ),
002028:             "structural_concept": (
002029:                 "Multiple inward-pointing tethered "
002030:                 "aromatic or polar groups attached around "
002031:                 "the terminal BN rim."
002032:             ),
002033:             "chemical_basis": (
002034:                 "Uses established covalent BNNT "
002035:                 "functionalization concepts."
002036:             ),
002037:             "geometric_assessment": (
002038:                 "Can reduce the effective aperture but "
002039:                 "does not naturally reproduce the rigid "
002040:                 "planar exclusion surface."
002041:             ),
002042:             "priority": 3,
002043:             "status": (
002044:                 "DEFER_UNLESS_RIGID_ANNULAR_CANDIDATES_FAIL"
002045:             ),
002046:             "principal_risk": (
002047:                 "Flexibility, pore intermittency, "
002048:                 "collapse, and strong hydration dependence."
002049:             ),
002050:             "literature_basis": (
002051:                 "10.1021/ja063653+"
002052:             ),
002053:         },
002054:         {
002055:             "candidate_id": (
002056:                 "C4_METAL_OR_SPIN_ACTIVE_CAP"
002057:             ),
002058:             "structural_concept": (
002059:                 "Metal-coordinated or radical-containing "
002060:                 "terminal annulus."
002061:             ),
----- LINES 2319-2354 -----
002319:                 ]
002320:             )
002321:             >= MIN_EDGE_ALTERNATION_FRACTION
002322:         ),
002323:         "upper_end_element_sequence_is_alternating": (
002324:             float(
002325:                 upper_metrics[
002326:                     "element_alternation_fraction"
002327:                 ]
002328:             )
002329:             >= MIN_EDGE_ALTERNATION_FRACTION
002330:         ),
002331:         "validated_aperture_is_finite_and_open": (
002332:             math.isfinite(
002333:                 target_aperture_diameter_nm
002334:             )
002335:             and target_aperture_diameter_nm
002336:             > 0.0
002337:             and target_aperture_radius_nm
002338:             < mean_parent_rim_radius_nm
002339:         ),
002340:         "validated_open_area_fraction_is_valid": (
002341:             math.isfinite(
002342:                 target_open_area_fraction
002343:             )
002344:             and 0.0
002345:             < target_open_area_fraction
002346:             < 1.0
002347:         ),
002348:         "required_radial_occlusion_is_positive": (
002349:             required_radial_occlusion_nm
002350:             > 0.0
002351:         ),
002352:         "monolayer_annulus_population_is_comparable_to_R2_beads": (
002353:             (
002354:                 0.70
----- LINES 2568-2603 -----
002568:         ),
002569:         "upper_end_alternation_fraction": (
002570:             upper_metrics[
002571:                 "element_alternation_fraction"
002572:             ]
002573:         ),
002574:         "lower_cap_plane_offset_nm": (
002575:             lower_cap_offset_nm
002576:         ),
002577:         "upper_cap_plane_offset_nm": (
002578:             upper_cap_offset_nm
002579:         ),
002580:         "target_aperture_diameter_nm": (
002581:             target_aperture_diameter_nm
002582:         ),
002583:         "target_aperture_radius_nm": (
002584:             target_aperture_radius_nm
002585:         ),
002586:         "target_open_area_fraction": (
002587:             target_open_area_fraction
002588:         ),
002589:         "parent_rim_mean_radius_nm": (
002590:             mean_parent_rim_radius_nm
002591:         ),
002592:         "required_radial_occlusion_nm": (
002593:             required_radial_occlusion_nm
002594:         ),
002595:         "annular_area_per_end_nm2": (
002596:             annulus_area_nm2
002597:         ),
002598:         "estimated_monolayer_hBN_atoms_per_end": (
002599:             estimated_monolayer_annulus_atoms
002600:         ),
002601:         "validated_R2_beads_per_end": (
002602:             EXPECTED_CAPS_PER_END
002603:         ),
----- LINES 2743-2778 -----
002743:   **{upper_metrics['B_count']}/{upper_metrics['N_count']}**
002744: - Mean radius:
002745:   **{upper_metrics['radius_mean_nm']:.6f} nm**
002746: - Axial standard deviation:
002747:   **{upper_metrics['axial_standard_deviation_nm']:.6f} nm**
002748: - Element-alternation fraction:
002749:   **{upper_metrics['element_alternation_fraction']:.6f}**
002750: - Cap-plane offset:
002751:   **{upper_cap_offset_nm:.6f} nm**
002752: 
002753: ## Validated R2 target
002754: 
002755: - Effective aperture diameter:
002756:   **{target_aperture_diameter_nm:.6f} nm**
002757: - Effective aperture radius:
002758:   **{target_aperture_radius_nm:.6f} nm**
002759: - Open-area fraction:
002760:   **{target_open_area_fraction:.6f}**
002761: - Mean parent-rim radius:
002762:   **{mean_parent_rim_radius_nm:.6f} nm**
002763: - Required radial occlusion:
002764:   **{required_radial_occlusion_nm:.6f} nm**
002765: - Annular area per end:
002766:   **{annulus_area_nm2:.6f} nm²**
002767: - Estimated one-layer h-BN annular population:
002768:   **{estimated_monolayer_annulus_atoms:.3f} atoms/end**
002769: - Validated steric beads:
002770:   **{EXPECTED_CAPS_PER_END} beads/end**
002771: - Validated minimum CAP–OW separation:
002772:   **{validated_minimum_cap_ow_nm:.6f} nm**
002773: 
002774: Simple H/OH/NHx passivation of the existing terminal atoms cannot by
002775: itself reproduce the validated aperture because the required inward
002776: radial closure is approximately
002777: **{required_radial_occlusion_nm:.6f} nm**.
002778: 
----- LINES 2880-2915 -----
002880:         f"{upper_metrics['radius_mean_nm']:.6f}/"
002881:         f"{upper_metrics['axial_standard_deviation_nm']:.6f}/"
002882:         f"{upper_metrics['element_alternation_fraction']:.6f}"
002883:     )
002884: 
002885:     print(
002886:         "Lower / upper cap-plane offsets: "
002887:         f"{lower_cap_offset_nm:.6f}/"
002888:         f"{upper_cap_offset_nm:.6f} nm"
002889:     )
002890: 
002891:     print(
002892:         "Target aperture diameter / radius / "
002893:         "open-area fraction: "
002894:         f"{target_aperture_diameter_nm:.6f}/"
002895:         f"{target_aperture_radius_nm:.6f}/"
002896:         f"{target_open_area_fraction:.6f}"
002897:     )
002898: 
002899:     print(
002900:         "Parent rim radius / required radial occlusion: "
002901:         f"{mean_parent_rim_radius_nm:.6f}/"
002902:         f"{required_radial_occlusion_nm:.6f} nm"
002903:     )
002904: 
002905:     print(
002906:         "Annulus area / estimated hBN atoms / "
002907:         "validated beads per end: "
002908:         f"{annulus_area_nm2:.6f} nm^2 / "
002909:         f"{estimated_monolayer_annulus_atoms:.3f} / "
002910:         f"{EXPECTED_CAPS_PER_END}"
002911:     )
002912: 
002913:     print(
002914:         "Current parent rim chemically passivated: NO"
002915:     )

======================================================================
SOURCE=scripts/phase1A/audit_day024_r2_parent_rim_and_chemical_constraints.before_tpr_atom_parser_fix_20260709_092314.py
======================================================================
----- LINES 1072-1107 -----
001072:     if (
001073:         selection.get(
001074:             "decision",
001075:             "",
001076:         )
001077:         != EXPECTED_SELECTION_DECISION
001078:     ):
001079:         raise RuntimeError(
001080:             "R2 is not in the accepted "
001081:             "architecture-selection state."
001082:         )
001083: 
001084:     target_aperture_diameter_nm = (
001085:         parse_float(
001086:             selection,
001087:             "R2_effective_aperture_diameter_nm",
001088:         )
001089:     )
001090: 
001091:     target_aperture_radius_nm = (
001092:         target_aperture_diameter_nm
001093:         / 2.0
001094:     )
001095: 
001096:     target_open_area_fraction = (
001097:         parse_float(
001098:             selection,
001099:             "R2_open_area_fraction",
001100:         )
001101:     )
001102: 
001103:     validated_minimum_cap_ow_nm = (
001104:         parse_float(
001105:             selection,
001106:             "R2_minimum_CAP_OW_distance_nm",
001107:         )
----- LINES 1508-1543 -----
001508:             "radius_mean_nm"
001509:         ]
001510:     )
001511: 
001512:     mean_parent_rim_radius_nm = (
001513:         0.5
001514:         * (
001515:             lower_radius_nm
001516:             + upper_radius_nm
001517:         )
001518:     )
001519: 
001520:     required_radial_occlusion_nm = (
001521:         mean_parent_rim_radius_nm
001522:         - target_aperture_radius_nm
001523:     )
001524: 
001525:     median_bn_bond_nm = float(
001526:         np.median(
001527:             bond_distances
001528:         )
001529:     )
001530: 
001531:     mean_bn_bond_nm = float(
001532:         np.mean(
001533:             bond_distances
001534:         )
001535:     )
001536: 
001537:     annulus_area_nm2 = (
001538:         math.pi
001539:         * (
001540:             mean_parent_rim_radius_nm
001541:             * mean_parent_rim_radius_nm
001542:             - target_aperture_radius_nm
001543:             * target_aperture_radius_nm
----- LINES 1752-1787 -----
001752:             ),
001753:             "value": (
001754:                 EXPECTED_EDGE_N_PER_END
001755:             ),
001756:             "unit": "atoms/end",
001757:             "basis": (
001758:                 "Balanced armchair-like BN rim"
001759:             ),
001760:             "status": "FIXED",
001761:         },
001762:         {
001763:             "constraint": (
001764:                 "target_effective_aperture_diameter"
001765:             ),
001766:             "value": (
001767:                 target_aperture_diameter_nm
001768:             ),
001769:             "unit": "nm",
001770:             "basis": (
001771:                 "Validated R2 screening geometry"
001772:             ),
001773:             "status": "TARGET",
001774:         },
001775:         {
001776:             "constraint": (
001777:                 "target_effective_aperture_radius"
001778:             ),
001779:             "value": (
001780:                 target_aperture_radius_nm
001781:             ),
001782:             "unit": "nm",
001783:             "basis": (
001784:                 "Half of validated aperture diameter"
001785:             ),
001786:             "status": "TARGET",
001787:         },
----- LINES 1804-1839 -----
001804:             ),
001805:             "value": (
001806:                 mean_parent_rim_radius_nm
001807:             ),
001808:             "unit": "nm",
001809:             "basis": (
001810:                 "Mean of both terminal rims"
001811:             ),
001812:             "status": "MEASURED",
001813:         },
001814:         {
001815:             "constraint": (
001816:                 "required_radial_occlusion"
001817:             ),
001818:             "value": (
001819:                 required_radial_occlusion_nm
001820:             ),
001821:             "unit": "nm",
001822:             "basis": (
001823:                 "Parent rim radius minus target "
001824:                 "aperture radius"
001825:             ),
001826:             "status": "REQUIRED",
001827:         },
001828:         {
001829:             "constraint": (
001830:                 "annular_area_to_replace_per_end"
001831:             ),
001832:             "value": (
001833:                 annulus_area_nm2
001834:             ),
001835:             "unit": "nm^2",
001836:             "basis": (
001837:                 "Geometric annulus between parent "
001838:                 "rim and target pore"
001839:             ),
----- LINES 1928-1963 -----
001928:             "structural_concept": (
001929:                 "Passivate the existing BNNT rim "
001930:                 "using only terminal H, OH, or NHx groups."
001931:             ),
001932:             "chemical_basis": (
001933:                 "BN edge passivation is chemically "
001934:                 "documented."
001935:             ),
001936:             "geometric_assessment": (
001937:                 "Insufficient as a direct R2-cap "
001938:                 "replacement because the required "
001939:                 f"inward radial closure is "
001940:                 f"{required_radial_occlusion_nm:.6f} nm."
001941:             ),
001942:             "priority": 0,
001943:             "status": (
001944:                 "REJECT_AS_STANDALONE_CAP_REPLACEMENT"
001945:             ),
001946:             "principal_risk": (
001947:                 "Leaves a pore much wider than the "
001948:                 "validated 0.84 nm aperture."
001949:             ),
001950:             "literature_basis": (
001951:                 "10.1021/jp805790s; "
001952:                 "10.1039/C9NA00530G"
001953:             ),
001954:         },
001955:         {
001956:             "candidate_id": (
001957:                 "C1_LINKED_BN_ANNULAR_NANOFLAKE"
001958:             ),
001959:             "structural_concept": (
001960:                 "Coaxial atomically thin BN annular "
001961:                 "nanoflake placed at the validated cap "
001962:                 "plane and attached to the terminal rim "
001963:                 "through a chemically defined linker "
----- LINES 2025-2060 -----
002025:                 "C3_INWARD_TETHERED_FUNCTIONAL_CORONA"
002026:             ),
002027:             "structural_concept": (
002028:                 "Multiple inward-pointing tethered "
002029:                 "aromatic or polar groups attached around "
002030:                 "the terminal BN rim."
002031:             ),
002032:             "chemical_basis": (
002033:                 "Uses established covalent BNNT "
002034:                 "functionalization concepts."
002035:             ),
002036:             "geometric_assessment": (
002037:                 "Can reduce the effective aperture but "
002038:                 "does not naturally reproduce the rigid "
002039:                 "planar exclusion surface."
002040:             ),
002041:             "priority": 3,
002042:             "status": (
002043:                 "DEFER_UNLESS_RIGID_ANNULAR_CANDIDATES_FAIL"
002044:             ),
002045:             "principal_risk": (
002046:                 "Flexibility, pore intermittency, "
002047:                 "collapse, and strong hydration dependence."
002048:             ),
002049:             "literature_basis": (
002050:                 "10.1021/ja063653+"
002051:             ),
002052:         },
002053:         {
002054:             "candidate_id": (
002055:                 "C4_METAL_OR_SPIN_ACTIVE_CAP"
002056:             ),
002057:             "structural_concept": (
002058:                 "Metal-coordinated or radical-containing "
002059:                 "terminal annulus."
002060:             ),
----- LINES 2318-2353 -----
002318:                 ]
002319:             )
002320:             >= MIN_EDGE_ALTERNATION_FRACTION
002321:         ),
002322:         "upper_end_element_sequence_is_alternating": (
002323:             float(
002324:                 upper_metrics[
002325:                     "element_alternation_fraction"
002326:                 ]
002327:             )
002328:             >= MIN_EDGE_ALTERNATION_FRACTION
002329:         ),
002330:         "validated_aperture_is_finite_and_open": (
002331:             math.isfinite(
002332:                 target_aperture_diameter_nm
002333:             )
002334:             and target_aperture_diameter_nm
002335:             > 0.0
002336:             and target_aperture_radius_nm
002337:             < mean_parent_rim_radius_nm
002338:         ),
002339:         "validated_open_area_fraction_is_valid": (
002340:             math.isfinite(
002341:                 target_open_area_fraction
002342:             )
002343:             and 0.0
002344:             < target_open_area_fraction
002345:             < 1.0
002346:         ),
002347:         "required_radial_occlusion_is_positive": (
002348:             required_radial_occlusion_nm
002349:             > 0.0
002350:         ),
002351:         "monolayer_annulus_population_is_comparable_to_R2_beads": (
002352:             (
002353:                 0.70
----- LINES 2567-2602 -----
002567:         ),
002568:         "upper_end_alternation_fraction": (
002569:             upper_metrics[
002570:                 "element_alternation_fraction"
002571:             ]
002572:         ),
002573:         "lower_cap_plane_offset_nm": (
002574:             lower_cap_offset_nm
002575:         ),
002576:         "upper_cap_plane_offset_nm": (
002577:             upper_cap_offset_nm
002578:         ),
002579:         "target_aperture_diameter_nm": (
002580:             target_aperture_diameter_nm
002581:         ),
002582:         "target_aperture_radius_nm": (
002583:             target_aperture_radius_nm
002584:         ),
002585:         "target_open_area_fraction": (
002586:             target_open_area_fraction
002587:         ),
002588:         "parent_rim_mean_radius_nm": (
002589:             mean_parent_rim_radius_nm
002590:         ),
002591:         "required_radial_occlusion_nm": (
002592:             required_radial_occlusion_nm
002593:         ),
002594:         "annular_area_per_end_nm2": (
002595:             annulus_area_nm2
002596:         ),
002597:         "estimated_monolayer_hBN_atoms_per_end": (
002598:             estimated_monolayer_annulus_atoms
002599:         ),
002600:         "validated_R2_beads_per_end": (
002601:             EXPECTED_CAPS_PER_END
002602:         ),
----- LINES 2742-2777 -----
002742:   **{upper_metrics['B_count']}/{upper_metrics['N_count']}**
002743: - Mean radius:
002744:   **{upper_metrics['radius_mean_nm']:.6f} nm**
002745: - Axial standard deviation:
002746:   **{upper_metrics['axial_standard_deviation_nm']:.6f} nm**
002747: - Element-alternation fraction:
002748:   **{upper_metrics['element_alternation_fraction']:.6f}**
002749: - Cap-plane offset:
002750:   **{upper_cap_offset_nm:.6f} nm**
002751: 
002752: ## Validated R2 target
002753: 
002754: - Effective aperture diameter:
002755:   **{target_aperture_diameter_nm:.6f} nm**
002756: - Effective aperture radius:
002757:   **{target_aperture_radius_nm:.6f} nm**
002758: - Open-area fraction:
002759:   **{target_open_area_fraction:.6f}**
002760: - Mean parent-rim radius:
002761:   **{mean_parent_rim_radius_nm:.6f} nm**
002762: - Required radial occlusion:
002763:   **{required_radial_occlusion_nm:.6f} nm**
002764: - Annular area per end:
002765:   **{annulus_area_nm2:.6f} nm²**
002766: - Estimated one-layer h-BN annular population:
002767:   **{estimated_monolayer_annulus_atoms:.3f} atoms/end**
002768: - Validated steric beads:
002769:   **{EXPECTED_CAPS_PER_END} beads/end**
002770: - Validated minimum CAP–OW separation:
002771:   **{validated_minimum_cap_ow_nm:.6f} nm**
002772: 
002773: Simple H/OH/NHx passivation of the existing terminal atoms cannot by
002774: itself reproduce the validated aperture because the required inward
002775: radial closure is approximately
002776: **{required_radial_occlusion_nm:.6f} nm**.
002777: 
----- LINES 2879-2914 -----
002879:         f"{upper_metrics['radius_mean_nm']:.6f}/"
002880:         f"{upper_metrics['axial_standard_deviation_nm']:.6f}/"
002881:         f"{upper_metrics['element_alternation_fraction']:.6f}"
002882:     )
002883: 
002884:     print(
002885:         "Lower / upper cap-plane offsets: "
002886:         f"{lower_cap_offset_nm:.6f}/"
002887:         f"{upper_cap_offset_nm:.6f} nm"
002888:     )
002889: 
002890:     print(
002891:         "Target aperture diameter / radius / "
002892:         "open-area fraction: "
002893:         f"{target_aperture_diameter_nm:.6f}/"
002894:         f"{target_aperture_radius_nm:.6f}/"
002895:         f"{target_open_area_fraction:.6f}"
002896:     )
002897: 
002898:     print(
002899:         "Parent rim radius / required radial occlusion: "
002900:         f"{mean_parent_rim_radius_nm:.6f}/"
002901:         f"{required_radial_occlusion_nm:.6f} nm"
002902:     )
002903: 
002904:     print(
002905:         "Annulus area / estimated hBN atoms / "
002906:         "validated beads per end: "
002907:         f"{annulus_area_nm2:.6f} nm^2 / "
002908:         f"{estimated_monolayer_annulus_atoms:.3f} / "
002909:         f"{EXPECTED_CAPS_PER_END}"
002910:     )
002911: 
002912:     print(
002913:         "Current parent rim chemically passivated: NO"
002914:     )

======================================================================
SOURCE=scripts/phase1A/audit_day024_r2_parent_rim_and_chemical_constraints.py
======================================================================
----- LINES 1305-1340 -----
001305:     if (
001306:         selection.get(
001307:             "decision",
001308:             "",
001309:         )
001310:         != EXPECTED_SELECTION_DECISION
001311:     ):
001312:         raise RuntimeError(
001313:             "R2 is not in the accepted "
001314:             "architecture-selection state."
001315:         )
001316: 
001317:     target_aperture_diameter_nm = (
001318:         parse_float(
001319:             selection,
001320:             "R2_effective_aperture_diameter_nm",
001321:         )
001322:     )
001323: 
001324:     target_aperture_radius_nm = (
001325:         target_aperture_diameter_nm
001326:         / 2.0
001327:     )
001328: 
001329:     target_open_area_fraction = (
001330:         parse_float(
001331:             selection,
001332:             "R2_open_area_fraction",
001333:         )
001334:     )
001335: 
001336:     validated_minimum_cap_ow_nm = (
001337:         parse_float(
001338:             selection,
001339:             "R2_minimum_CAP_OW_distance_nm",
001340:         )
----- LINES 1745-1780 -----
001745:             "radius_mean_nm"
001746:         ]
001747:     )
001748: 
001749:     mean_parent_rim_radius_nm = (
001750:         0.5
001751:         * (
001752:             lower_radius_nm
001753:             + upper_radius_nm
001754:         )
001755:     )
001756: 
001757:     required_radial_occlusion_nm = (
001758:         mean_parent_rim_radius_nm
001759:         - target_aperture_radius_nm
001760:     )
001761: 
001762:     median_bn_bond_nm = float(
001763:         np.median(
001764:             bond_distances
001765:         )
001766:     )
001767: 
001768:     mean_bn_bond_nm = float(
001769:         np.mean(
001770:             bond_distances
001771:         )
001772:     )
001773: 
001774:     annulus_area_nm2 = (
001775:         math.pi
001776:         * (
001777:             mean_parent_rim_radius_nm
001778:             * mean_parent_rim_radius_nm
001779:             - target_aperture_radius_nm
001780:             * target_aperture_radius_nm
----- LINES 2030-2065 -----
002030:             "value": (
002031:                 EXPECTED_TERMINAL_COORDINATION_DEFICIT_TO_DEGREE3
002032:             ),
002033:             "unit": "missing neighbor incidences",
002034:             "basis": (
002035:                 "60 degree-1 termini relative to "
002036:                 "three-coordinate interior sites"
002037:             ),
002038:             "status": "REQUIRES_CHEMICAL_RESOLUTION",
002039:         },
002040:         {
002041:             "constraint": (
002042:                 "target_effective_aperture_diameter"
002043:             ),
002044:             "value": (
002045:                 target_aperture_diameter_nm
002046:             ),
002047:             "unit": "nm",
002048:             "basis": (
002049:                 "Validated R2 screening geometry"
002050:             ),
002051:             "status": "TARGET",
002052:         },
002053:         {
002054:             "constraint": (
002055:                 "target_effective_aperture_radius"
002056:             ),
002057:             "value": (
002058:                 target_aperture_radius_nm
002059:             ),
002060:             "unit": "nm",
002061:             "basis": (
002062:                 "Half of validated aperture diameter"
002063:             ),
002064:             "status": "TARGET",
002065:         },
----- LINES 2082-2117 -----
002082:             ),
002083:             "value": (
002084:                 mean_parent_rim_radius_nm
002085:             ),
002086:             "unit": "nm",
002087:             "basis": (
002088:                 "Mean of both terminal rims"
002089:             ),
002090:             "status": "MEASURED",
002091:         },
002092:         {
002093:             "constraint": (
002094:                 "required_radial_occlusion"
002095:             ),
002096:             "value": (
002097:                 required_radial_occlusion_nm
002098:             ),
002099:             "unit": "nm",
002100:             "basis": (
002101:                 "Parent rim radius minus target "
002102:                 "aperture radius"
002103:             ),
002104:             "status": "REQUIRED",
002105:         },
002106:         {
002107:             "constraint": (
002108:                 "annular_area_to_replace_per_end"
002109:             ),
002110:             "value": (
002111:                 annulus_area_nm2
002112:             ),
002113:             "unit": "nm^2",
002114:             "basis": (
002115:                 "Geometric annulus between parent "
002116:                 "rim and target pore"
002117:             ),
----- LINES 2209-2244 -----
002209:                 "small terminal groups."
002210:             ),
002211:             "chemical_basis": (
002212:                 "Small-group BN edge passivation is "
002213:                 "chemically plausible in general, but the "
002214:                 "accepted parent sites are degree 1 rather "
002215:                 "than conventional degree-2 edge sites."
002216:             ),
002217:             "geometric_assessment": (
002218:                 "Insufficient as a direct R2-cap "
002219:                 "replacement because it neither reproduces "
002220:                 "the required inward radial closure of "
002221:                 f"{required_radial_occlusion_nm:.6f} nm "
002222:                 "nor by itself resolves the full parent-side "
002223:                 "coordination deficit."
002224:             ),
002225:             "priority": 0,
002226:             "status": (
002227:                 "REJECT_AS_STANDALONE_CAP_REPLACEMENT"
002228:             ),
002229:             "principal_risk": (
002230:                 "Leaves a pore much wider than the "
002231:                 "validated 0.84 nm aperture and may leave "
002232:                 "the degree-1 polar termini chemically "
002233:                 "under-resolved."
002234:             ),
002235:             "literature_basis": (
002236:                 "10.1021/jp805790s; "
002237:                 "10.1039/C9NA00530G"
002238:             ),
002239:         },
002240:         {
002241:             "candidate_id": (
002242:                 "C1_LINKED_BN_ANNULAR_NANOFLAKE"
002243:             ),
002244:             "structural_concept": (
----- LINES 2311-2346 -----
002311:                 "C3_INWARD_TETHERED_FUNCTIONAL_CORONA"
002312:             ),
002313:             "structural_concept": (
002314:                 "Multiple inward-pointing tethered "
002315:                 "aromatic or polar groups attached around "
002316:                 "the terminal BN rim."
002317:             ),
002318:             "chemical_basis": (
002319:                 "Uses established covalent BNNT "
002320:                 "functionalization concepts."
002321:             ),
002322:             "geometric_assessment": (
002323:                 "Can reduce the effective aperture but "
002324:                 "does not naturally reproduce the rigid "
002325:                 "planar exclusion surface."
002326:             ),
002327:             "priority": 3,
002328:             "status": (
002329:                 "DEFER_UNLESS_RIGID_ANNULAR_CANDIDATES_FAIL"
002330:             ),
002331:             "principal_risk": (
002332:                 "Flexibility, pore intermittency, "
002333:                 "collapse, and strong hydration dependence."
002334:             ),
002335:             "literature_basis": (
002336:                 "10.1021/ja063653+"
002337:             ),
002338:         },
002339:         {
002340:             "candidate_id": (
002341:                 "C4_METAL_OR_SPIN_ACTIVE_CAP"
002342:             ),
002343:             "structural_concept": (
002344:                 "Metal-coordinated or radical-containing "
002345:                 "terminal annulus."
002346:             ),
----- LINES 2632-2667 -----
002632:                     "element_purity_fraction"
002633:                 ]
002634:             )
002635:             >= MIN_TERMINAL_ELEMENT_PURITY_FRACTION
002636:         ),
002637:         "terminal_to_terminal_bond_count_is_zero": (
002638:             edge_edge_bonds == 0
002639:         ),
002640:         "terminal_to_interior_bond_count_is_60": (
002641:             edge_interior_bonds
002642:             == EXPECTED_EDGE_ATOMS
002643:         ),
002644:         "validated_aperture_is_finite_and_open": (
002645:             math.isfinite(
002646:                 target_aperture_diameter_nm
002647:             )
002648:             and target_aperture_diameter_nm
002649:             > 0.0
002650:             and target_aperture_radius_nm
002651:             < mean_parent_rim_radius_nm
002652:         ),
002653:         "validated_open_area_fraction_is_valid": (
002654:             math.isfinite(
002655:                 target_open_area_fraction
002656:             )
002657:             and 0.0
002658:             < target_open_area_fraction
002659:             < 1.0
002660:         ),
002661:         "required_radial_occlusion_is_positive": (
002662:             required_radial_occlusion_nm
002663:             > 0.0
002664:         ),
002665:         "monolayer_annulus_population_is_comparable_to_R2_beads": (
002666:             (
002667:                 0.70
----- LINES 2923-2958 -----
002923:         "terminal_polarity": (
002924:             "LOWER_B_TERMINATED_UPPER_N_TERMINATED"
002925:         ),
002926:         "terminal_coordination_deficit_to_degree3": (
002927:             EXPECTED_TERMINAL_COORDINATION_DEFICIT_TO_DEGREE3
002928:         ),
002929:         "lower_cap_plane_offset_nm": (
002930:             lower_cap_offset_nm
002931:         ),
002932:         "upper_cap_plane_offset_nm": (
002933:             upper_cap_offset_nm
002934:         ),
002935:         "target_aperture_diameter_nm": (
002936:             target_aperture_diameter_nm
002937:         ),
002938:         "target_aperture_radius_nm": (
002939:             target_aperture_radius_nm
002940:         ),
002941:         "target_open_area_fraction": (
002942:             target_open_area_fraction
002943:         ),
002944:         "parent_rim_mean_radius_nm": (
002945:             mean_parent_rim_radius_nm
002946:         ),
002947:         "required_radial_occlusion_nm": (
002948:             required_radial_occlusion_nm
002949:         ),
002950:         "annular_area_per_end_nm2": (
002951:             annulus_area_nm2
002952:         ),
002953:         "estimated_monolayer_hBN_atoms_per_end": (
002954:             estimated_monolayer_annulus_atoms
002955:         ),
002956:         "validated_R2_beads_per_end": (
002957:             EXPECTED_CAPS_PER_END
002958:         ),
----- LINES 3107-3142 -----
003107: - Axial standard deviation:
003108:   **{upper_metrics['axial_standard_deviation_nm']:.6f} nm**
003109: - Dominant element/purity:
003110:   **{upper_metrics['dominant_element']}/
003111:   {upper_metrics['element_purity_fraction']:.6f}**
003112: - Element-alternation fraction:
003113:   **{upper_metrics['element_alternation_fraction']:.6f}**
003114: - Cap-plane offset:
003115:   **{upper_cap_offset_nm:.6f} nm**
003116: 
003117: ## Validated R2 target
003118: 
003119: - Effective aperture diameter:
003120:   **{target_aperture_diameter_nm:.6f} nm**
003121: - Effective aperture radius:
003122:   **{target_aperture_radius_nm:.6f} nm**
003123: - Open-area fraction:
003124:   **{target_open_area_fraction:.6f}**
003125: - Mean parent-rim radius:
003126:   **{mean_parent_rim_radius_nm:.6f} nm**
003127: - Required radial occlusion:
003128:   **{required_radial_occlusion_nm:.6f} nm**
003129: - Annular area per end:
003130:   **{annulus_area_nm2:.6f} nm²**
003131: - Estimated one-layer h-BN annular population:
003132:   **{estimated_monolayer_annulus_atoms:.3f} atoms/end**
003133: - Validated steric beads:
003134:   **{EXPECTED_CAPS_PER_END} beads/end**
003135: - Validated minimum CAP–OW separation:
003136:   **{validated_minimum_cap_ow_nm:.6f} nm**
003137: 
003138: Simple H/OH/NHx termination cannot be promoted directly as the R2
003139: chemical replacement. It cannot reproduce the validated aperture, and
003140: the parent atoms are degree-1 polar termini rather than conventional
003141: degree-2 edge sites. The chemical design must therefore resolve an
003142: aggregate parent-side coordination deficit of
----- LINES 3253-3288 -----
003253:         f"{upper_metrics['axial_standard_deviation_nm']:.6f}/"
003254:         f"{upper_metrics['dominant_element']}/"
003255:         f"{upper_metrics['element_purity_fraction']:.6f}"
003256:     )
003257: 
003258:     print(
003259:         "Lower / upper cap-plane offsets: "
003260:         f"{lower_cap_offset_nm:.6f}/"
003261:         f"{upper_cap_offset_nm:.6f} nm"
003262:     )
003263: 
003264:     print(
003265:         "Target aperture diameter / radius / "
003266:         "open-area fraction: "
003267:         f"{target_aperture_diameter_nm:.6f}/"
003268:         f"{target_aperture_radius_nm:.6f}/"
003269:         f"{target_open_area_fraction:.6f}"
003270:     )
003271: 
003272:     print(
003273:         "Parent rim radius / required radial occlusion: "
003274:         f"{mean_parent_rim_radius_nm:.6f}/"
003275:         f"{required_radial_occlusion_nm:.6f} nm"
003276:     )
003277: 
003278:     print(
003279:         "Annulus area / estimated hBN atoms / "
003280:         "validated beads per end: "
003281:         f"{annulus_area_nm2:.6f} nm^2 / "
003282:         f"{estimated_monolayer_annulus_atoms:.3f} / "
003283:         f"{EXPECTED_CAPS_PER_END}"
003284:     )
003285: 
003286:     print(
003287:         "Current parent rim chemically passivated: NO"
003288:     )

======================================================================
SOURCE=scripts/phase1A/build_and_validate_day023_r2_topology_static_scan.py
======================================================================
----- LINES 140-175 -----
000140: STATIC_ENERGY_CSV = (
000141:     OUTPUT_ROOT
000142:     / "r2_static_gromacs_energy.csv"
000143: )
000144: 
000145: STRENGTH_SCAN_CSV = (
000146:     OUTPUT_ROOT
000147:     / "r2_cap_water_strength_scan.csv"
000148: )
000149: 
000150: RADIAL_PROFILE_CSV = (
000151:     OUTPUT_ROOT
000152:     / "r2_selected_5kBT_aperture_radial_profile.csv"
000153: )
000154: 
000155: AXIAL_PROFILE_CSV = (
000156:     OUTPUT_ROOT
000157:     / "r2_selected_5kBT_aperture_axial_profile.csv"
000158: )
000159: 
000160: TOPOLOGY_AUDIT_CSV = (
000161:     OUTPUT_ROOT
000162:     / "r2_topology_audit.csv"
000163: )
000164: 
000165: SUMMARY_CSV = (
000166:     OUTPUT_ROOT
000167:     / "r2_topology_static_scan_summary.csv"
000168: )
000169: 
000170: GATE_CSV = (
000171:     OUTPUT_ROOT
000172:     / "r2_topology_static_scan_gates.csv"
000173: )
000174: 
000175: REPORT_MD = (
----- LINES 222-257 -----
000222:     20.0,
000223:     40.0,
000224: )
000225: 
000226: RADIAL_SCAN_MAX_NM = 0.80
000227: RADIAL_SCAN_POINTS = 801
000228: 
000229: AXIAL_SCAN_HALF_WIDTH_NM = 0.60
000230: AXIAL_SCAN_POINTS = 601
000231: 
000232: MIN_CAP_OW_DISTANCE_NM = 0.2195
000233: 
000234: MIN_ACTUAL_APERTURE_RADIUS_NM = 0.20
000235: MAX_ACTUAL_APERTURE_RADIUS_NM = 0.45
000236: 
000237: MAX_LOWER_UPPER_APERTURE_DIFFERENCE_NM = 0.01
000238: 
000239: MAX_CENTERLINE_BARRIER_KBT = 5.0
000240: 
000241: MAX_GROMACS_ANALYTIC_ABSOLUTE_ERROR_KJ_MOL = 0.10
000242: MAX_GROMACS_ANALYTIC_RELATIVE_ERROR = 5.0e-4
000243: 
000244: ZERO_ENERGY_TOLERANCE_KJ_MOL = 1.0e-4
000245: 
000246: MAX_SELECTED_CAP_SOL_LJ_KJ_MOL = 100.0
000247: MAX_SELECTED_WATER_FORCE_KJ_MOL_NM = 250.0
000248: 
000249: 
000250: def relative(path: Path) -> str:
000251:     return str(
000252:         path.resolve().relative_to(ROOT)
000253:     )
000254: 
000255: 
000256: def require_file(path: Path) -> None:
000257:     if (
----- LINES 1481-1516 -----
001481:         y1 - y0
001482:     )
001483: 
001484:     return (
001485:         x0
001486:         + fraction
001487:         * (
001488:             x1 - x0
001489:         )
001490:     )
001491: 
001492: 
001493: def aperture_profiles(
001494:     *,
001495:     center: np.ndarray,
001496:     axis: np.ndarray,
001497:     lower_caps: np.ndarray,
001498:     upper_caps: np.ndarray,
001499:     box: np.ndarray,
001500:     c12: float,
001501:     threshold_kJ_mol: float,
001502: ) -> tuple[
001503:     list[dict[str, Any]],
001504:     list[dict[str, Any]],
001505:     dict[str, float],
001506: ]:
001507:     axis = (
001508:         axis
001509:         / np.linalg.norm(axis)
001510:     )
001511: 
001512:     radial_basis, _ = orthogonal_basis(
001513:         axis
001514:     )
001515: 
001516:     center_relative_lower = minimum_image(
----- LINES 1590-1625 -----
001590:         lower_caps,
001591:         box,
001592:         c12,
001593:     )
001594: 
001595:     upper_radial_energy = probe_energy(
001596:         upper_radial_points,
001597:         upper_caps,
001598:         box,
001599:         c12,
001600:     )
001601: 
001602:     lower_aperture_radius = first_threshold_crossing(
001603:         radial_coordinates,
001604:         lower_radial_energy,
001605:         threshold_kJ_mol,
001606:     )
001607: 
001608:     upper_aperture_radius = first_threshold_crossing(
001609:         radial_coordinates,
001610:         upper_radial_energy,
001611:         threshold_kJ_mol,
001612:     )
001613: 
001614:     radial_rows = []
001615: 
001616:     for index, radius in enumerate(
001617:         radial_coordinates
001618:     ):
001619:         radial_rows.append(
001620:             {
001621:                 "radius_nm": float(radius),
001622:                 "lower_energy_kJ_mol": float(
001623:                     lower_radial_energy[index]
001624:                 ),
001625:                 "lower_energy_kBT": float(
----- LINES 1711-1746 -----
001711:                     / KBT_KJ_MOL
001712:                 ),
001713:             }
001714:         )
001715: 
001716:     metrics = {
001717:         "lower_cap_axial_coordinate_nm": (
001718:             lower_axial
001719:         ),
001720:         "upper_cap_axial_coordinate_nm": (
001721:             upper_axial
001722:         ),
001723:         "lower_actual_aperture_radius_5kBT_nm": (
001724:             lower_aperture_radius
001725:         ),
001726:         "upper_actual_aperture_radius_5kBT_nm": (
001727:             upper_aperture_radius
001728:         ),
001729:         "mean_actual_aperture_radius_5kBT_nm": (
001730:             0.5
001731:             * (
001732:                 lower_aperture_radius
001733:                 + upper_aperture_radius
001734:             )
001735:         ),
001736:         "lower_centerline_maximum_barrier_kBT": float(
001737:             np.max(
001738:                 lower_axial_energy
001739:             )
001740:             / KBT_KJ_MOL
001741:         ),
001742:         "upper_centerline_maximum_barrier_kBT": float(
001743:             np.max(
001744:                 upper_axial_energy
001745:             )
001746:             / KBT_KJ_MOL
----- LINES 2415-2450 -----
002415:             "tube_axis"
002416:         ],
002417:         dtype=float,
002418:     )
002419: 
002420:     axis /= np.linalg.norm(
002421:         axis
002422:     )
002423: 
002424:     (
002425:         radial_rows,
002426:         axial_rows,
002427:         aperture_metrics,
002428:     ) = aperture_profiles(
002429:         center=center,
002430:         axis=axis,
002431:         lower_caps=lower_caps,
002432:         upper_caps=upper_caps,
002433:         box=box,
002434:         c12=c12_selected,
002435:         threshold_kJ_mol=(
002436:             SELECTED_STRENGTH_KBT
002437:             * KBT_KJ_MOL
002438:         ),
002439:     )
002440: 
002441:     write_csv(
002442:         RADIAL_PROFILE_CSV,
002443:         radial_rows,
002444:     )
002445: 
002446:     write_csv(
002447:         AXIAL_PROFILE_CSV,
002448:         axial_rows,
002449:     )
002450: 
----- LINES 2466-2501 -----
002466:         )
002467: 
002468:         analytic = analytic_cap_water(
002469:             water_positions,
002470:             cap_positions,
002471:             box,
002472:             c12,
002473:         )
002474: 
002475:         (
002476:             _,
002477:             _,
002478:             strength_aperture,
002479:         ) = aperture_profiles(
002480:             center=center,
002481:             axis=axis,
002482:             lower_caps=lower_caps,
002483:             upper_caps=upper_caps,
002484:             box=box,
002485:             c12=c12,
002486:             threshold_kJ_mol=(
002487:                 SELECTED_STRENGTH_KBT
002488:                 * KBT_KJ_MOL
002489:             ),
002490:         )
002491: 
002492:         strength_rows.append(
002493:             {
002494:                 "strength_kBT_at_sigma": (
002495:                     strength_kbt
002496:                 ),
002497:                 "epsilon_kJ_mol": (
002498:                     epsilon
002499:                 ),
002500:                 "C12_kJ_mol_nm12": (
002501:                     c12
----- LINES 2506-2541 -----
002506:                     ]
002507:                 ),
002508:                 "minimum_CAP_OW_distance_nm": (
002509:                     analytic[
002510:                         "minimum_distance_nm"
002511:                     ]
002512:                 ),
002513:                 "maximum_water_force_kJ_mol_nm": (
002514:                     analytic[
002515:                         "maximum_water_force_kJ_mol_nm"
002516:                     ]
002517:                 ),
002518:                 "lower_actual_5kBT_aperture_radius_nm": (
002519:                     strength_aperture[
002520:                         "lower_actual_aperture_radius_5kBT_nm"
002521:                     ]
002522:                 ),
002523:                 "upper_actual_5kBT_aperture_radius_nm": (
002524:                     strength_aperture[
002525:                         "upper_actual_aperture_radius_5kBT_nm"
002526:                     ]
002527:                 ),
002528:                 "lower_centerline_maximum_barrier_kBT": (
002529:                     strength_aperture[
002530:                         "lower_centerline_maximum_barrier_kBT"
002531:                     ]
002532:                 ),
002533:                 "upper_centerline_maximum_barrier_kBT": (
002534:                     strength_aperture[
002535:                         "upper_centerline_maximum_barrier_kBT"
002536:                     ]
002537:                 ),
002538:             }
002539:         )
002540: 
002541:     write_csv(
----- LINES 2698-2733 -----
002698:         {
002699:             "item": "TPR_atoms",
002700:             "observed": tpr_atoms,
002701:             "expected": EXPECTED_ATOMS,
002702:         },
002703:     ]
002704: 
002705:     write_csv(
002706:         TOPOLOGY_AUDIT_CSV,
002707:         topology_audit_rows,
002708:     )
002709: 
002710:     lower_aperture = float(
002711:         aperture_metrics[
002712:             "lower_actual_aperture_radius_5kBT_nm"
002713:         ]
002714:     )
002715: 
002716:     upper_aperture = float(
002717:         aperture_metrics[
002718:             "upper_actual_aperture_radius_5kBT_nm"
002719:         ]
002720:     )
002721: 
002722:     maximum_centerline_barrier = max(
002723:         float(
002724:             aperture_metrics[
002725:                 "lower_centerline_maximum_barrier_kBT"
002726:             ]
002727:         ),
002728:         float(
002729:             aperture_metrics[
002730:                 "upper_centerline_maximum_barrier_kBT"
002731:             ]
002732:         ),
002733:     )
----- LINES 2885-2920 -----
002885:         "CAP_HBNPYR_Coulomb_is_zero": (
002886:             abs(
002887:                 float(
002888:                     gromacs_energies[
002889:                         "Coul_HBNPYR_CAPS"
002890:                     ][
002891:                         "value_kJ_mol"
002892:                     ]
002893:                 )
002894:             )
002895:             <= ZERO_ENERGY_TOLERANCE_KJ_MOL
002896:         ),
002897:         "lower_actual_aperture_radius_is_0p20_to_0p45nm": (
002898:             MIN_ACTUAL_APERTURE_RADIUS_NM
002899:             <= lower_aperture
002900:             <= MAX_ACTUAL_APERTURE_RADIUS_NM
002901:         ),
002902:         "upper_actual_aperture_radius_is_0p20_to_0p45nm": (
002903:             MIN_ACTUAL_APERTURE_RADIUS_NM
002904:             <= upper_aperture
002905:             <= MAX_ACTUAL_APERTURE_RADIUS_NM
002906:         ),
002907:         "lower_upper_aperture_radii_are_symmetric": (
002908:             abs(
002909:                 lower_aperture
002910:                 - upper_aperture
002911:             )
002912:             <= MAX_LOWER_UPPER_APERTURE_DIFFERENCE_NM
002913:         ),
002914:         "central_axial_path_barrier_is_at_most_5kBT": (
002915:             maximum_centerline_barrier
002916:             <= MAX_CENTERLINE_BARRIER_KBT
002917:         ),
002918:     }
002919: 
002920:     failed_gates = [
----- LINES 2996-3031 -----
002996:                 "LJ_HBNPYR_CAPS"
002997:             ][
002998:                 "value_kJ_mol"
002999:             ]
003000:         ),
003001:         "CAP_HBNPYR_Coulomb_kJ_mol": (
003002:             gromacs_energies[
003003:                 "Coul_HBNPYR_CAPS"
003004:             ][
003005:                 "value_kJ_mol"
003006:             ]
003007:         ),
003008:         "lower_actual_aperture_radius_5kBT_nm": (
003009:             lower_aperture
003010:         ),
003011:         "upper_actual_aperture_radius_5kBT_nm": (
003012:             upper_aperture
003013:         ),
003014:         "mean_actual_aperture_radius_5kBT_nm": (
003015:             aperture_metrics[
003016:                 "mean_actual_aperture_radius_5kBT_nm"
003017:             ]
003018:         ),
003019:         "lower_centerline_maximum_barrier_kBT": (
003020:             aperture_metrics[
003021:                 "lower_centerline_maximum_barrier_kBT"
003022:             ]
003023:         ),
003024:         "upper_centerline_maximum_barrier_kBT": (
003025:             aperture_metrics[
003026:                 "upper_centerline_maximum_barrier_kBT"
003027:             ]
003028:         ),
003029:         "failed_gates": (
003030:             " | ".join(
003031:                 failed_gates
----- LINES 3119-3154 -----
003119:   **{selected_analytic['maximum_water_force_kJ_mol_nm']:.6f}
003120:   kJ mol^-1 nm^-1**
003121: - CAP–SOL Coulomb:
003122:   **{float(gromacs_energies['Coul_CAPS_SOL']['value_kJ_mol']):.9f}
003123:   kJ/mol**
003124: - CAP–HBN/PYR LJ:
003125:   **{float(gromacs_energies['LJ_HBNPYR_CAPS']['value_kJ_mol']):.9f}
003126:   kJ/mol**
003127: - CAP–HBN/PYR Coulomb:
003128:   **{float(gromacs_energies['Coul_HBNPYR_CAPS']['value_kJ_mol']):.9f}
003129:   kJ/mol**
003130: 
003131: ## Actual potential-defined aperture
003132: 
003133: At the selected 5 kBT CAP–OW model:
003134: 
003135: - Lower aperture radius:
003136:   **{lower_aperture:.6f} nm**
003137: - Upper aperture radius:
003138:   **{upper_aperture:.6f} nm**
003139: - Mean aperture diameter:
003140:   **{2.0 * float(aperture_metrics['mean_actual_aperture_radius_5kBT_nm']):.6f}
003141:   nm**
003142: - Lower maximum centerline barrier:
003143:   **{float(aperture_metrics['lower_centerline_maximum_barrier_kBT']):.6f}
003144:   kBT**
003145: - Upper maximum centerline barrier:
003146:   **{float(aperture_metrics['upper_centerline_maximum_barrier_kBT']):.6f}
003147:   kBT**
003148: 
003149: The potential-defined aperture incorporates the summed interaction of
003150: all cap beads and is therefore stricter than the nearest-bead geometric
003151: estimate.
003152: 
003153: ## Gates
003154: 
----- LINES 3232-3267 -----
003232:     )
003233: 
003234:     print(
003235:         "CAP-SOL Coulomb / CAP-HBNPYR LJ / "
003236:         "CAP-HBNPYR Coulomb: "
003237:         f"{float(gromacs_energies['Coul_CAPS_SOL']['value_kJ_mol']):.9f}/"
003238:         f"{float(gromacs_energies['LJ_HBNPYR_CAPS']['value_kJ_mol']):.9f}/"
003239:         f"{float(gromacs_energies['Coul_HBNPYR_CAPS']['value_kJ_mol']):.9f} "
003240:         "kJ/mol"
003241:     )
003242: 
003243:     print(
003244:         "Actual lower/upper 5kBT aperture radius: "
003245:         f"{lower_aperture:.6f}/"
003246:         f"{upper_aperture:.6f} nm"
003247:     )
003248: 
003249:     print(
003250:         "Actual mean 5kBT aperture diameter: "
003251:         f"{2.0 * float(aperture_metrics['mean_actual_aperture_radius_5kBT_nm']):.6f} nm"
003252:     )
003253: 
003254:     print(
003255:         "Lower/upper centerline maximum barrier: "
003256:         f"{float(aperture_metrics['lower_centerline_maximum_barrier_kBT']):.6f}/"
003257:         f"{float(aperture_metrics['upper_centerline_maximum_barrier_kBT']):.6f} kBT"
003258:     )
003259: 
003260:     print(
003261:         f"Decision: {decision}"
003262:     )
003263: 
003264:     print(
003265:         "Failed gates: "
003266:         + (
003267:             "NONE"

======================================================================
SOURCE=scripts/phase1A/build_and_validate_day024_r2_alternating_bn_trimer_bridge_graph.py
======================================================================
----- LINES 2860-2895 -----
002860:   **NO**
002861: - Required next step:
002862:   `{required_next_step}`
002863: 
002864: ## Interpretation
002865: 
002866: This gate establishes graph-level valence completion for the selected
002867: three-atom bridge class. It does not prove that 30 simultaneous bridge
002868: conformers can be embedded without steric clashes, unacceptable bond
002869: angles or excessive strain.
002870: 
002871: The next gate must construct explicit bridge conformers for both ends
002872: while preserving the parent scaffold, annulus aperture, H passivation,
002873: and the selected axial separation.
002874: """,
002875:         encoding="utf-8",
002876:     )
002877: 
002878:     print(
002879:         "Day024 R2 alternating BN trimer-bridge "
002880:         "graph completed."
002881:     )
002882: 
002883:     print(
002884:         "Rejected direct seed-annulus edges "
002885:         "removed / remaining: "
002886:         f"{direct_edges_removed}/"
002887:         f"{len(direct_seed_annulus_edges_remaining)}"
002888:     )
002889: 
002890:     print(
002891:         "Bridge paths lower/upper/total: "
002892:         f"{sum(row['end'] == 'LOWER' for row in bridge_path_rows)}/"
002893:         f"{sum(row['end'] == 'UPPER' for row in bridge_path_rows)}/"
002894:         f"{len(bridge_path_rows)}"
002895:     )

======================================================================
SOURCE=scripts/phase1A/build_and_validate_day024_r2_alternating_bn_trimer_bridge_static_coordinate_embedding.py
======================================================================
----- LINES 178-213 -----
000178: MAX_XH_DEV = 0.002
000179: MAX_LIBRARY_DISTANCE_ERROR = 0.0005
000180: 
000181: MIN_CRITICAL_ANGLE = 70.0
000182: MAX_CRITICAL_ANGLE = 175.0
000183: MAX_CRITICAL_RMS = 30.0
000184: 
000185: MIN_HH = 0.120
000186: MIN_HX = 0.070
000187: MIN_HYD_HYD = 0.060
000188: 
000189: MAX_CENTER_OFFSET = 0.050
000190: MAX_APERTURE_ERROR = 0.10
000191: MAX_OUTER_RADIUS_ERROR = 0.15
000192: MAX_END_ASYMMETRY = 0.010
000193: 
000194: CRITICAL_TYPES = {
000195:     "HEXAGONAL_EDGE_COMPLETION_SEED",
000196:     "ALTERNATING_BN_TRIMER_BRIDGE",
000197:     "ANNULUS_OUTER_BOUNDARY",
000198:     "ANNULUS_INNER_BOUNDARY",
000199: }
000200: 
000201: 
000202: def rel(path: Path) -> str:
000203:     return str(
000204:         path.resolve().relative_to(ROOT)
000205:     )
000206: 
000207: 
000208: def require(path: Path) -> None:
000209:     if (
000210:         not path.is_file()
000211:         or path.stat().st_size == 0
000212:     ):
000213:         raise RuntimeError(
----- LINES 1413-1448 -----
001413:             positions[
001414:                 node_id
001415:             ]
001416:             for node_id in parent_ids
001417:         ],
001418:         dtype=float,
001419:     )
001420: 
001421:     tube_center, tube_axis = determine_axis(
001422:         parent_positions
001423:     )
001424: 
001425:     target_aperture = as_float(
001426:         parent_summary,
001427:         "target_aperture_diameter_nm",
001428:     )
001429: 
001430:     target_outer_radius = as_float(
001431:         parent_summary,
001432:         "parent_rim_mean_radius_nm",
001433:     )
001434: 
001435:     library = conformer_library()
001436: 
001437:     end_geometry: dict[
001438:         str,
001439:         dict[str, Any]
001440:     ] = {}
001441: 
001442:     for end in (
001443:         "LOWER",
001444:         "UPPER",
001445:     ):
001446:         end_paths = sorted(
001447:             [
001448:                 row
----- LINES 3045-3080 -----
003045:                         "bond_1_nm",
003046:                         "bond_2_nm",
003047:                         "bond_3_nm",
003048:                         "bond_4_nm",
003049:                     )
003050:                 )
003051:                 for row
003052:                 in end_conformers
003053:             ],
003054:             dtype=float,
003055:         )
003056: 
003057:         aperture = (
003058:             2.0
003059:             * min(
003060:                 inner_radii
003061:             )
003062:         )
003063: 
003064:         outer_radius = float(
003065:             np.mean(
003066:                 outer_radii
003067:             )
003068:         )
003069: 
003070:         end_rows.append(
003071:             {
003072:                 "end": end,
003073:                 "bridge_paths": (
003074:                     len(
003075:                         end_conformers
003076:                     )
003077:                 ),
003078:                 "selected_gap_nm": (
003079:                     geometry[
003080:                         "selected_gap_nm"
----- LINES 3125-3160 -----
003125:                         row[
003126:                             "minimum_preexisting_heavy_clearance_nm"
003127:                         ]
003128:                     )
003129:                     for row
003130:                     in end_conformers
003131:                 ),
003132:                 "inner_H_atoms": (
003133:                     len(
003134:                         inner_h_ids
003135:                     )
003136:                 ),
003137:                 "nuclear_aperture_diameter_nm": (
003138:                     aperture
003139:                 ),
003140:                 "nuclear_aperture_relative_error": abs(
003141:                     aperture
003142:                     - target_aperture
003143:                 ) / target_aperture,
003144:                 "outer_annulus_radius_mean_nm": (
003145:                     outer_radius
003146:                 ),
003147:                 "outer_annulus_radius_relative_error": abs(
003148:                     outer_radius
003149:                     - target_outer_radius
003150:                 ) / target_outer_radius,
003151:             }
003152:         )
003153: 
003154:     write_rows(
003155:         END_SUMMARY_OUT,
003156:         end_rows,
003157:     )
003158: 
003159:     lower = next(
003160:         row
----- LINES 3181-3216 -----
003181:                     "endpoint_distance_mean_nm"
003182:                 ]
003183:             )
003184:             - float(
003185:                 upper[
003186:                     "endpoint_distance_mean_nm"
003187:                 ]
003188:             )
003189:         ),
003190:         abs(
003191:             float(
003192:                 lower[
003193:                     "nuclear_aperture_diameter_nm"
003194:                 ]
003195:             )
003196:             - float(
003197:                 upper[
003198:                     "nuclear_aperture_diameter_nm"
003199:                 ]
003200:             )
003201:         ),
003202:         abs(
003203:             float(
003204:                 lower[
003205:                     "outer_annulus_radius_mean_nm"
003206:                 ]
003207:             )
003208:             - float(
003209:                 upper[
003210:                     "outer_annulus_radius_mean_nm"
003211:                 ]
003212:             )
003213:         ),
003214:         abs(
003215:             float(
003216:                 lower[
----- LINES 3325-3360 -----
003325:             <= MAX_CRITICAL_RMS
003326:         ),
003327:         "annulus_center_offsets_are_within_0p050nm": all(
003328:             float(
003329:                 row[
003330:                     "annulus_center_offset_nm"
003331:                 ]
003332:             )
003333:             <= MAX_CENTER_OFFSET
003334:             for row
003335:             in end_rows
003336:         ),
003337:         "aperture_errors_are_within10percent": all(
003338:             float(
003339:                 row[
003340:                     "nuclear_aperture_relative_error"
003341:                 ]
003342:             )
003343:             <= MAX_APERTURE_ERROR
003344:             for row
003345:             in end_rows
003346:         ),
003347:         "outer_radius_errors_are_within15percent": all(
003348:             float(
003349:                 row[
003350:                     "outer_annulus_radius_relative_error"
003351:                 ]
003352:             )
003353:             <= MAX_OUTER_RADIUS_ERROR
003354:             for row
003355:             in end_rows
003356:         ),
003357:         "no_nonbonded_heavy_heavy_clashes": (
003358:             clash_counts[
003359:                 "HEAVY_HEAVY"
003360:             ]
----- LINES 3474-3509 -----
003474:             ]
003475:         ),
003476:         "H_heavy_clash_count": (
003477:             clash_counts[
003478:                 "H_HEAVY"
003479:             ]
003480:         ),
003481:         "H_H_clash_count": (
003482:             clash_counts[
003483:                 "H_H"
003484:             ]
003485:         ),
003486:         "lower_nuclear_aperture_diameter_nm": (
003487:             lower[
003488:                 "nuclear_aperture_diameter_nm"
003489:             ]
003490:         ),
003491:         "upper_nuclear_aperture_diameter_nm": (
003492:             upper[
003493:                 "nuclear_aperture_diameter_nm"
003494:             ]
003495:         ),
003496:         "target_aperture_diameter_nm": (
003497:             target_aperture
003498:         ),
003499:         "maximum_lower_upper_asymmetry_nm": (
003500:             asymmetry
003501:         ),
003502:         "candidate_is_final_chemistry": False,
003503:         "molecular_topology_generation_authorized": False,
003504:         "formal_charge_assignment_authorized": False,
003505:         "force_field_parameterization_authorized": False,
003506:         "energy_minimization_authorized": False,
003507:         "MD_authorized": False,
003508:         "mobile_MD_authorized": False,
003509:         "multitemperature_MD_authorized": False,
----- LINES 3850-3885 -----
003850: - RMS deviation from 120 degrees:
003851:   **{critical_rms:.3f} degrees**
003852: 
003853: ## Nonbonded contacts
003854: 
003855: - Heavy-heavy minimum/clashes:
003856:   **{minima['HEAVY_HEAVY']:.6f}/{clash_counts['HEAVY_HEAVY']}**
003857: - H-heavy minimum/clashes:
003858:   **{minima['H_HEAVY']:.6f}/{clash_counts['H_HEAVY']}**
003859: - H-H minimum/clashes:
003860:   **{minima['H_H']:.6f}/{clash_counts['H_H']}**
003861: 
003862: ## Aperture
003863: 
003864: - Target diameter:
003865:   **{target_aperture:.6f} nm**
003866: - Lower/upper H-defined diameter:
003867:   **{float(lower['nuclear_aperture_diameter_nm']):.6f}/
003868:   {float(upper['nuclear_aperture_diameter_nm']):.6f} nm**
003869: 
003870: ## Gates
003871: 
003872: {gate_lines}
003873: 
003874: ## Decision
003875: 
003876: - Decision:
003877:   **{decision}**
003878: - Failed gates:
003879:   **{'NONE' if not failed else ' | '.join(failed)}**
003880: - Candidate is final chemistry:
003881:   **NO**
003882: - Molecular topology generation authorized:
003883:   **NO**
003884: - Energy minimization authorized:
003885:   **NO**
----- LINES 3935-3970 -----
003935:     print(
003936:         "Critical angles min/mean/max/RMSdev120: "
003937:         f"{critical_min:.3f}/"
003938:         f"{critical_mean:.3f}/"
003939:         f"{critical_max:.3f}/"
003940:         f"{critical_rms:.3f} deg"
003941:     )
003942: 
003943:     for row in end_rows:
003944:         print(
003945:             f"{row['end']} gap/center-offset/"
003946:             "endpoint-fit-RMS/endpoint-distance-min-max/"
003947:             "aperture/error/outer-radius/error: "
003948:             f"{float(row['selected_gap_nm']):.6f}/"
003949:             f"{float(row['annulus_center_offset_nm']):.6f}/"
003950:             f"{float(row['annulus_endpoint_fit_RMS_nm']):.6f}/"
003951:             f"{float(row['endpoint_distance_minimum_nm']):.6f}-"
003952:             f"{float(row['endpoint_distance_maximum_nm']):.6f}/"
003953:             f"{float(row['nuclear_aperture_diameter_nm']):.6f}/"
003954:             f"{float(row['nuclear_aperture_relative_error']):.6f}/"
003955:             f"{float(row['outer_annulus_radius_mean_nm']):.6f}/"
003956:             f"{float(row['outer_annulus_radius_relative_error']):.6f}"
003957:         )
003958: 
003959:         print(
003960:             f"{row['end']} conformers with preexisting "
003961:             "heavy clashes / minimum selected clearance: "
003962:             f"{row['conformers_with_preexisting_heavy_clashes']}/"
003963:             f"{float(row['minimum_selected_conformer_clearance_nm']):.6f} nm"
003964:         )
003965: 
003966:     print(
003967:         "Minimum nonbonded heavy-heavy / H-heavy / H-H: "
003968:         f"{minima['HEAVY_HEAVY']:.6f}/"
003969:         f"{minima['H_HEAVY']:.6f}/"
003970:         f"{minima['H_H']:.6f} nm"

======================================================================
SOURCE=scripts/phase1A/build_and_validate_day024_r2_graded_heteropolar_bn_collar_connectivity_blueprint.py
======================================================================
----- LINES 732-767 -----
000732: 
000733:         return pairs, maximum_span
000734: 
000735:     raise RuntimeError(
000736:         "No local simple bipartite interface realization "
000737:         "was found."
000738:     )
000739: 
000740: 
000741: def enumerate_population_sequences(
000742:     target_heavy_atoms: float,
000743:     parent_radius_nm: float,
000744:     aperture_radius_nm: float,
000745: ) -> list[dict[str, Any]]:
000746:     parent_spacing_nm = (
000747:         2.0
000748:         * math.pi
000749:         * parent_radius_nm
000750:         / EXPECTED_PARENT_TERMINALS_PER_END
000751:     )
000752: 
000753:     rows: list[
000754:         dict[str, Any]
000755:     ] = []
000756: 
000757:     def record_sequence(
000758:         sequence: list[int],
000759:     ) -> None:
000760:         total_heavy_atoms = sum(
000761:             sequence
000762:         )
000763: 
000764:         inner_population = (
000765:             sequence[-1]
000766:         )
000767: 
----- LINES 1960-1995 -----
001960: 
001961:     if bool(
001962:         contract.get(
001963:             "explicit_coordinate_generation_authorized",
001964:             True,
001965:         )
001966:     ):
001967:         raise RuntimeError(
001968:             "Upstream contract unexpectedly authorizes "
001969:             "coordinate generation."
001970:         )
001971: 
001972:     aperture_diameter_nm = parse_float(
001973:         parent,
001974:         "target_aperture_diameter_nm",
001975:     )
001976: 
001977:     aperture_radius_nm = parse_float(
001978:         parent,
001979:         "target_aperture_radius_nm",
001980:     )
001981: 
001982:     open_area_fraction = parse_float(
001983:         parent,
001984:         "target_open_area_fraction",
001985:     )
001986: 
001987:     parent_rim_radius_nm = parse_float(
001988:         parent,
001989:         "parent_rim_mean_radius_nm",
001990:     )
001991: 
001992:     target_heavy_atoms_per_end = parse_float(
001993:         parent,
001994:         "estimated_monolayer_hBN_atoms_per_end",
001995:     )
----- LINES 2470-2505 -----
002470:             selected_sequence_row[
002471:                 "inner_boundary_spacing_nm"
002472:             ]
002473:         ),
002474:         "parent_terminal_spacing_nm": (
002475:             selected_sequence_row[
002476:                 "parent_terminal_spacing_nm"
002477:             ]
002478:         ),
002479:         "inner_spacing_relative_error": (
002480:             inner_spacing_relative_error
002481:         ),
002482:         "target_aperture_diameter_nm": (
002483:             aperture_diameter_nm
002484:         ),
002485:         "target_aperture_radius_nm": (
002486:             aperture_radius_nm
002487:         ),
002488:         "target_open_area_fraction": (
002489:             open_area_fraction
002490:         ),
002491:         "lower_added_B_atoms": (
002492:             lower_metrics[
002493:                 "added_B_atoms"
002494:             ]
002495:         ),
002496:         "lower_added_N_atoms": (
002497:             lower_metrics[
002498:                 "added_N_atoms"
002499:             ]
002500:         ),
002501:         "lower_added_H_atoms": (
002502:             lower_metrics[
002503:                 "added_H_atoms"
002504:             ]
002505:         ),
----- LINES 2616-2651 -----
002616:                 "coordinate embedding."
002617:             ),
002618:             (
002619:                 "No bond lengths, bond angles, dihedrals, "
002620:                 "formal bond orders, or partial charges "
002621:                 "have been assigned."
002622:             ),
002623:             (
002624:                 "Graph feasibility does not establish "
002625:                 "energetic stability or synthetic realizability."
002626:             ),
002627:             (
002628:                 "The target aperture is represented by "
002629:                 "the selected inner-boundary population "
002630:                 "and inherited geometric constraints only."
002631:             ),
002632:         ],
002633:     }
002634: 
002635:     BLUEPRINT_JSON.write_text(
002636:         json.dumps(
002637:             blueprint_payload,
002638:             indent=2,
002639:             sort_keys=True,
002640:         )
002641:         + "\n",
002642:         encoding="utf-8",
002643:     )
002644: 
002645:     source_rows = [
002646:         {
002647:             "role": (
002648:                 "Gate3A_parent_summary"
002649:             ),
002650:             "file": relative(
002651:                 PARENT_SUMMARY
----- LINES 2827-2862 -----
002827: - QM authorized:
002828:   **NO**
002829: - Required next step:
002830:   `{required_next_step}`
002831: 
002832: ## Interpretation limitation
002833: 
002834: The graph demonstrates that the parent valence deficits, end
002835: asymmetry, heavy-atom population, connectivity, and heteropolar
002836: bonding constraints can be satisfied simultaneously at the abstract
002837: topological level. It does not establish that the graph can be
002838: embedded in three dimensions with chemically acceptable B–N and X–H
002839: bond lengths, bond angles, strain, planarity, aperture size, or
002840: energetic stability.
002841: """,
002842:         encoding="utf-8",
002843:     )
002844: 
002845:     print(
002846:         "Day024 R2 graded heteropolar BN collar "
002847:         "connectivity blueprint completed."
002848:     )
002849: 
002850:     print(
002851:         "Feasible population sequences retained: "
002852:         f"{len(sequence_rows)}"
002853:     )
002854: 
002855:     print(
002856:         "Selected sequence rank / populations / score: "
002857:         f"{selected_sequence_row['rank']}/"
002858:         f"{selected_sequence_row['ring_populations']}/"
002859:         f"{float(selected_sequence_row['sequence_screening_score']):.6f}"
002860:     )
002861: 
002862:     print(

======================================================================
SOURCE=scripts/phase1A/build_and_validate_day024_r2_partial_attachment_annulus_static_coordinate_embedding.py
======================================================================
----- LINES 174-209 -----
000174: MAX_ATTACHMENT_BOND_RMS_DEVIATION_NM = 0.020
000175: MAX_ATTACHMENT_BOND_MAX_DEVIATION_NM = 0.035
000176: 
000177: MAX_XH_BOND_DEVIATION_NM = 0.002
000178: 
000179: MIN_JUNCTION_ANGLE_DEG = 70.0
000180: MAX_JUNCTION_ANGLE_DEG = 170.0
000181: MAX_JUNCTION_ANGLE_RMS_DEVIATION_DEG = 35.0
000182: 
000183: MAX_ANNULUS_CENTER_OFFSET_NM = 0.050
000184: MAX_ATTACHMENT_PLANE_GAP_NM = 0.250
000185: 
000186: MAX_NUCLEAR_APERTURE_RELATIVE_ERROR = 0.10
000187: MAX_OUTER_RADIUS_RELATIVE_ERROR = 0.15
000188: 
000189: MIN_NONBONDED_HEAVY_HEAVY_NM = 0.120
000190: MIN_NONBONDED_H_HEAVY_NM = 0.070
000191: MIN_NONBONDED_H_H_NM = 0.060
000192: 
000193: MAX_END_ASYMMETRY_NM = 1.0e-5
000194: 
000195: 
000196: def relative(path: Path) -> str:
000197:     return str(
000198:         path.resolve().relative_to(ROOT)
000199:     )
000200: 
000201: 
000202: def require_file(path: Path) -> None:
000203:     if (
000204:         not path.exists()
000205:         or not path.is_file()
000206:         or path.stat().st_size == 0
000207:     ):
000208:         raise RuntimeError(
000209:             f"Missing or empty required file: {path}"
----- LINES 802-837 -----
000802:             )
000803:         )
000804:     ]
000805: 
000806:     if failed_design_gates:
000807:         raise RuntimeError(
000808:             "Gate 3F still contains failed gates: "
000809:             + " | ".join(
000810:                 failed_design_gates
000811:             )
000812:         )
000813: 
000814:     target_aperture_diameter_nm = parse_float(
000815:         parent_summary,
000816:         "target_aperture_diameter_nm",
000817:     )
000818: 
000819:     target_aperture_radius_nm = parse_float(
000820:         parent_summary,
000821:         "target_aperture_radius_nm",
000822:     )
000823: 
000824:     target_parent_rim_radius_nm = parse_float(
000825:         parent_summary,
000826:         "parent_rim_mean_radius_nm",
000827:     )
000828: 
000829:     parent_positions = np.asarray(
000830:         [
000831:             gro_atoms[index][
000832:                 "position_nm"
000833:             ]
000834:             for index in range(
000835:                 EXPECTED_PARENT_ATOMS
000836:             )
000837:         ],
----- LINES 2323-2358 -----
002323:             float(
002324:                 np.dot(
002325:                     positions[
002326:                         node_id
002327:                     ]
002328:                     - annulus_center,
002329:                     outward,
002330:                 )
002331:             )
002332:             for node_id in annulus_ids
002333:         ]
002334: 
002335:         nuclear_aperture_diameter_nm = (
002336:             2.0
002337:             * min(
002338:                 inner_h_radii
002339:             )
002340:         )
002341: 
002342:         end_row[
002343:             "inner_H_atoms"
002344:         ] = len(
002345:             inner_h_ids
002346:         )
002347: 
002348:         end_row[
002349:             "minimum_inner_H_radius_nm"
002350:         ] = min(
002351:             inner_h_radii
002352:         )
002353: 
002354:         end_row[
002355:             "mean_inner_H_radius_nm"
002356:         ] = float(
002357:             np.mean(
002358:                 inner_h_radii
----- LINES 2360-2395 -----
002360:         )
002361: 
002362:         end_row[
002363:             "nuclear_aperture_diameter_nm"
002364:         ] = (
002365:             nuclear_aperture_diameter_nm
002366:         )
002367: 
002368:         end_row[
002369:             "nuclear_aperture_relative_error"
002370:         ] = abs(
002371:             nuclear_aperture_diameter_nm
002372:             - target_aperture_diameter_nm
002373:         ) / target_aperture_diameter_nm
002374: 
002375:         end_row[
002376:             "outer_annulus_radius_mean_nm"
002377:         ] = float(
002378:             np.mean(
002379:                 outer_radii
002380:             )
002381:         )
002382: 
002383:         end_row[
002384:             "outer_annulus_radius_relative_error"
002385:         ] = abs(
002386:             float(
002387:                 np.mean(
002388:                     outer_radii
002389:                 )
002390:             )
002391:             - target_parent_rim_radius_nm
002392:         ) / target_parent_rim_radius_nm
002393: 
002394:         end_row[
002395:             "annulus_plane_axial_std_nm"
----- LINES 2473-2508 -----
002473:         "attachment_RMS_deviation_nm": abs(
002474:             float(
002475:                 lower[
002476:                     "predicted_attachment_RMS_deviation_nm"
002477:                 ]
002478:             )
002479:             - float(
002480:                 upper[
002481:                     "predicted_attachment_RMS_deviation_nm"
002482:                 ]
002483:             )
002484:         ),
002485:         "nuclear_aperture_diameter_nm": abs(
002486:             float(
002487:                 lower[
002488:                     "nuclear_aperture_diameter_nm"
002489:                 ]
002490:             )
002491:             - float(
002492:                 upper[
002493:                     "nuclear_aperture_diameter_nm"
002494:                 ]
002495:             )
002496:         ),
002497:         "outer_annulus_radius_mean_nm": abs(
002498:             float(
002499:                 lower[
002500:                     "outer_annulus_radius_mean_nm"
002501:                 ]
002502:             )
002503:             - float(
002504:                 upper[
002505:                     "outer_annulus_radius_mean_nm"
002506:                 ]
002507:             )
002508:         ),
----- LINES 2640-2675 -----
002640:             <= MAX_ATTACHMENT_PLANE_GAP_NM
002641:             for row in embedding_end_rows
002642:         ),
002643:         "annulus_is_planar_to_numerical_precision": all(
002644:             float(
002645:                 row[
002646:                     "annulus_plane_axial_std_nm"
002647:                 ]
002648:             )
002649:             <= 1.0e-10
002650:             for row in embedding_end_rows
002651:         ),
002652:         "nuclear_aperture_error_is_within10percent": all(
002653:             float(
002654:                 row[
002655:                     "nuclear_aperture_relative_error"
002656:                 ]
002657:             )
002658:             <= MAX_NUCLEAR_APERTURE_RELATIVE_ERROR
002659:             for row in embedding_end_rows
002660:         ),
002661:         "outer_radius_error_is_within15percent": all(
002662:             float(
002663:                 row[
002664:                     "outer_annulus_radius_relative_error"
002665:                 ]
002666:             )
002667:             <= MAX_OUTER_RADIUS_RELATIVE_ERROR
002668:             for row in embedding_end_rows
002669:         ),
002670:         "no_nonbonded_heavy_heavy_clashes": (
002671:             clash_counts[
002672:                 "HEAVY_HEAVY"
002673:             ]
002674:             == 0
002675:         ),
----- LINES 2806-2841 -----
002806:             angle_rms_deviation_deg
002807:         ),
002808:         "lower_attachment_plane_gap_nm": (
002809:             lower[
002810:                 "attachment_plane_gap_nm"
002811:             ]
002812:         ),
002813:         "upper_attachment_plane_gap_nm": (
002814:             upper[
002815:                 "attachment_plane_gap_nm"
002816:             ]
002817:         ),
002818:         "lower_nuclear_aperture_diameter_nm": (
002819:             lower[
002820:                 "nuclear_aperture_diameter_nm"
002821:             ]
002822:         ),
002823:         "upper_nuclear_aperture_diameter_nm": (
002824:             upper[
002825:                 "nuclear_aperture_diameter_nm"
002826:             ]
002827:         ),
002828:         "target_aperture_diameter_nm": (
002829:             target_aperture_diameter_nm
002830:         ),
002831:         "lower_nuclear_aperture_relative_error": (
002832:             lower[
002833:                 "nuclear_aperture_relative_error"
002834:             ]
002835:         ),
002836:         "upper_nuclear_aperture_relative_error": (
002837:             upper[
002838:                 "nuclear_aperture_relative_error"
002839:             ]
002840:         ),
002841:         "minimum_nonbonded_heavy_heavy_nm": (
----- LINES 2947-2982 -----
002947:                     ),
002948:                 },
002949:                 "limitations": [
002950:                     (
002951:                         "This is an analytic static coordinate "
002952:                         "embedding, not an energy-minimized structure."
002953:                     ),
002954:                     (
002955:                         "B-H and N-H lengths are provisional "
002956:                         "geometry targets, not force-field parameters."
002957:                     ),
002958:                     (
002959:                         "The nuclear aperture does not equal a "
002960:                         "hydrated free-energy or 5-kBT aperture."
002961:                     ),
002962:                     (
002963:                         "Passing this gate does not prove energetic "
002964:                         "stability or synthetic realizability."
002965:                     ),
002966:                 ],
002967:             },
002968:             indent=2,
002969:             sort_keys=True,
002970:         )
002971:         + "\n",
002972:         encoding="utf-8",
002973:     )
002974: 
002975:     source_rows = [
002976:         {
002977:             "role": (
002978:                 "accepted_parent_GRO"
002979:             ),
002980:             "file": relative(
002981:                 SYSTEM_GRO
002982:             ),
----- LINES 3220-3255 -----
003220: 
003221: ## Junction angles
003222: 
003223: - Minimum/mean/maximum:
003224:   **{float(np.min(angle_values)):.3f}/
003225:   {float(np.mean(angle_values)):.3f}/
003226:   {float(np.max(angle_values)):.3f} degrees**
003227: - RMS deviation from 120 degrees:
003228:   **{angle_rms_deviation_deg:.3f} degrees**
003229: - Junction degree failures:
003230:   **{len(junction_degree_failures)}**
003231: 
003232: ## Aperture proxy
003233: 
003234: - Target diameter:
003235:   **{target_aperture_diameter_nm:.6f} nm**
003236: - Lower nuclear H-defined diameter:
003237:   **{float(lower['nuclear_aperture_diameter_nm']):.6f} nm**
003238: - Upper nuclear H-defined diameter:
003239:   **{float(upper['nuclear_aperture_diameter_nm']):.6f} nm**
003240: - Lower/upper relative error:
003241:   **{float(lower['nuclear_aperture_relative_error']):.6f}/
003242:   {float(upper['nuclear_aperture_relative_error']):.6f}**
003243: 
003244: This is a nucleus-position proxy. It is not a hydrated free-energy
003245: aperture and cannot replace an excluded-volume or PMF calculation.
003246: 
003247: ## Nonbonded contacts
003248: 
003249: - Heavy–heavy minimum/count below threshold:
003250:   **{minimum_nonbonded['HEAVY_HEAVY']:.6f}/
003251:   {clash_counts['HEAVY_HEAVY']}**
003252: - H–heavy minimum/count below threshold:
003253:   **{minimum_nonbonded['H_HEAVY']:.6f}/
003254:   {clash_counts['H_HEAVY']}**
003255: - H–H minimum/count below threshold:
----- LINES 3330-3365 -----
003330: 
003331:     print(
003332:         "Junction angles min/mean/max/RMSdev120: "
003333:         f"{float(np.min(angle_values)):.3f}/"
003334:         f"{float(np.mean(angle_values)):.3f}/"
003335:         f"{float(np.max(angle_values)):.3f}/"
003336:         f"{angle_rms_deviation_deg:.3f} deg"
003337:     )
003338: 
003339:     for row in embedding_end_rows:
003340:         print(
003341:             f"{row['end']} center-offset/gap/"
003342:             "nuclear-aperture/error/outer-radius/error: "
003343:             f"{float(row['annulus_center_offset_nm']):.6f}/"
003344:             f"{float(row['attachment_plane_gap_nm']):.6f}/"
003345:             f"{float(row['nuclear_aperture_diameter_nm']):.6f}/"
003346:             f"{float(row['nuclear_aperture_relative_error']):.6f}/"
003347:             f"{float(row['outer_annulus_radius_mean_nm']):.6f}/"
003348:             f"{float(row['outer_annulus_radius_relative_error']):.6f}"
003349:         )
003350: 
003351:     print(
003352:         "Minimum nonbonded heavy-heavy / H-heavy / H-H: "
003353:         f"{minimum_nonbonded['HEAVY_HEAVY']:.6f}/"
003354:         f"{minimum_nonbonded['H_HEAVY']:.6f}/"
003355:         f"{minimum_nonbonded['H_H']:.6f} nm"
003356:     )
003357: 
003358:     print(
003359:         "Clash counts heavy-heavy / H-heavy / H-H: "
003360:         f"{clash_counts['HEAVY_HEAVY']}/"
003361:         f"{clash_counts['H_HEAVY']}/"
003362:         f"{clash_counts['H_H']}"
003363:     )
003364: 
003365:     print(

======================================================================
SOURCE=scripts/phase1A/build_and_validate_day024_r2_selected_four_atom_heavy_coordinate_embedding.py
======================================================================
----- LINES 136-171 -----
000136: EXPECTED_BRIDGE_PATHS = 30
000137: EXPECTED_HEAVY_EDGES = 3066
000138: 
000139: BN_TARGET_NM = 0.144973
000140: MAX_BN_DEVIATION_NM = 0.003
000141: 
000142: MIN_ANGLE_DEG = 70.0
000143: MAX_ANGLE_DEG = 175.0
000144: MAX_ANGLE_RMS_DEVIATION_DEG = 30.0
000145: 
000146: MIN_NONBONDED_HEAVY_DISTANCE_NM = 0.120
000147: 
000148: TARGET_APERTURE_DIAMETER_NM = 0.839406
000149: TARGET_OUTER_RADIUS_NM = 1.199126
000150: 
000151: MAX_APERTURE_RELATIVE_ERROR = 0.10
000152: MAX_OUTER_RADIUS_RELATIVE_ERROR = 0.15
000153: MAX_END_ASYMMETRY_NM = 0.010
000154: 
000155: CRITICAL_NODE_TYPES = {
000156:     "HEXAGONAL_EDGE_COMPLETION_SEED",
000157:     "ALTERNATING_BN_FOUR_ATOM_BRIDGE",
000158:     "ANNULUS_OUTER_BOUNDARY",
000159:     "ANNULUS_INNER_BOUNDARY",
000160: }
000161: 
000162: 
000163: def require_file(path: Path) -> None:
000164:     if not path.is_file() or path.stat().st_size == 0:
000165:         raise RuntimeError(
000166:             f"Missing or empty required file: {path}"
000167:         )
000168: 
000169: 
000170: def relative(path: Path) -> str:
000171:     return str(path.resolve().relative_to(ROOT))
----- LINES 947-982 -----
000947:             for node_id in inner_ids
000948:         ]
000949: 
000950:         outer_radii = [
000951:             radial_distance(
000952:                 coordinates[node_id],
000953:                 annulus_center,
000954:                 tube_axis,
000955:             )
000956:             for node_id in outer_ids
000957:         ]
000958: 
000959:         nuclear_aperture = (
000960:             2.0
000961:             * min(inner_radii)
000962:         )
000963: 
000964:         mean_outer_radius = float(
000965:             np.mean(outer_radii)
000966:         )
000967: 
000968:         bridge_ids_end = [
000969:             node_id
000970:             for node_id in bridge_nodes
000971:             if heavy_nodes[node_id]["end"] == end
000972:         ]
000973: 
000974:         end_rows.append(
000975:             {
000976:                 "end": end,
000977:                 "bridge_atoms": len(
000978:                     bridge_ids_end
000979:                 ),
000980:                 "nuclear_aperture_diameter_nm": (
000981:                     nuclear_aperture
000982:                 ),
----- LINES 1006-1041 -----
001006:     )
001007: 
001008:     upper = next(
001009:         row
001010:         for row in end_rows
001011:         if row["end"] == "UPPER"
001012:     )
001013: 
001014:     end_asymmetry = max(
001015:         abs(
001016:             float(
001017:                 lower[
001018:                     "nuclear_aperture_diameter_nm"
001019:                 ]
001020:             )
001021:             - float(
001022:                 upper[
001023:                     "nuclear_aperture_diameter_nm"
001024:                 ]
001025:             )
001026:         ),
001027:         abs(
001028:             float(
001029:                 lower[
001030:                     "outer_annulus_radius_mean_nm"
001031:                 ]
001032:             )
001033:             - float(
001034:                 upper[
001035:                     "outer_annulus_radius_mean_nm"
001036:                 ]
001037:             )
001038:         ),
001039:     )
001040: 
001041:     fixed_coordinates_unchanged = all(
----- LINES 1141-1176 -----
001141:         ),
001142:         "critical_angle_maximum_is_at_most175deg": (
001143:             critical_maximum
001144:             <= MAX_ANGLE_DEG
001145:         ),
001146:         "critical_angle_RMS_deviation_is_at_most30deg": (
001147:             critical_rms
001148:             <= MAX_ANGLE_RMS_DEVIATION_DEG
001149:         ),
001150:         "no_nonbonded_heavy_heavy_clashes": (
001151:             clash_count == 0
001152:         ),
001153:         "aperture_errors_are_within10percent": all(
001154:             float(
001155:                 row[
001156:                     "nuclear_aperture_relative_error"
001157:                 ]
001158:             )
001159:             <= MAX_APERTURE_RELATIVE_ERROR
001160:             for row in end_rows
001161:         ),
001162:         "outer_radius_errors_are_within15percent": all(
001163:             float(
001164:                 row[
001165:                     "outer_annulus_radius_relative_error"
001166:                 ]
001167:             )
001168:             <= MAX_OUTER_RADIUS_RELATIVE_ERROR
001169:             for row in end_rows
001170:         ),
001171:         "lower_upper_asymmetry_is_within0p010nm": (
001172:             end_asymmetry
001173:             <= MAX_END_ASYMMETRY_NM
001174:         ),
001175:         "no_H_coordinates_were_generated": (
001176:             len(coordinates)
----- LINES 1233-1268 -----
001233:         "critical_angle_maximum_deg": (
001234:             critical_maximum
001235:         ),
001236:         "critical_angle_RMS_deviation_deg": (
001237:             critical_rms
001238:         ),
001239:         "minimum_nonbonded_heavy_heavy_nm": (
001240:             minimum_nonbonded_distance
001241:         ),
001242:         "heavy_heavy_clash_count": (
001243:             clash_count
001244:         ),
001245:         "lower_aperture_diameter_nm": (
001246:             lower[
001247:                 "nuclear_aperture_diameter_nm"
001248:             ]
001249:         ),
001250:         "upper_aperture_diameter_nm": (
001251:             upper[
001252:                 "nuclear_aperture_diameter_nm"
001253:             ]
001254:         ),
001255:         "maximum_lower_upper_asymmetry_nm": (
001256:             end_asymmetry
001257:         ),
001258:         "fixed_coordinates_unchanged": (
001259:             fixed_coordinates_unchanged
001260:         ),
001261:         "hydrogen_coordinates_generated": False,
001262:         "candidate_is_final_chemistry": False,
001263:         "molecular_topology_generation_authorized": False,
001264:         "formal_charge_assignment_authorized": False,
001265:         "force_field_parameterization_authorized": False,
001266:         "energy_minimization_authorized": False,
001267:         "MD_authorized": False,
001268:         "QM_authorized": False,
----- LINES 1528-1563 -----
001528:   {critical_mean:.6f}/
001529:   {critical_maximum:.6f} degrees**
001530: - RMS deviation from 120 degrees:
001531:   **{critical_rms:.6f} degrees**
001532: 
001533: ## Heavy-atom clearance
001534: 
001535: - Minimum nonbonded heavy-heavy distance:
001536:   **{minimum_nonbonded_distance:.9f} nm**
001537: - Heavy-heavy clashes:
001538:   **{clash_count}**
001539: 
001540: ## Aperture and symmetry
001541: 
001542: - Lower/upper aperture:
001543:   **{float(lower['nuclear_aperture_diameter_nm']):.9f}/
001544:   {float(upper['nuclear_aperture_diameter_nm']):.9f} nm**
001545: - Maximum lower-upper asymmetry:
001546:   **{end_asymmetry:.9f} nm**
001547: 
001548: ## Gates
001549: 
001550: {gate_lines}
001551: 
001552: ## Decision
001553: 
001554: - Decision: **{decision}**
001555: - Failed gates:
001556:   **{'NONE' if not failed_gates else ' | '.join(failed_gates)}**
001557: - Hydrogen coordinates generated: **NO**
001558: - Candidate is final chemistry: **NO**
001559: - Molecular topology generation authorized: **NO**
001560: - Energy minimization authorized: **NO**
001561: - MD authorized: **NO**
001562: - QM authorized: **NO**
001563: - Required next step:
----- LINES 1602-1637 -----
001602:         f"{critical_maximum:.6f}/"
001603:         f"{critical_rms:.6f} deg"
001604:     )
001605: 
001606:     print(
001607:         "Minimum nonbonded heavy-heavy / clash count: "
001608:         f"{minimum_nonbonded_distance:.9f}/"
001609:         f"{clash_count}"
001610:     )
001611: 
001612:     for row in end_rows:
001613:         print(
001614:             f"{row['end']} bridge atoms / aperture/error / "
001615:             "outer-radius/error: "
001616:             f"{row['bridge_atoms']}/"
001617:             f"{float(row['nuclear_aperture_diameter_nm']):.9f}/"
001618:             f"{float(row['nuclear_aperture_relative_error']):.9f}/"
001619:             f"{float(row['outer_annulus_radius_mean_nm']):.9f}/"
001620:             f"{float(row['outer_annulus_radius_relative_error']):.9f}"
001621:         )
001622: 
001623:     print(
001624:         "Maximum lower-upper asymmetry: "
001625:         f"{end_asymmetry:.9f} nm"
001626:     )
001627: 
001628:     print(
001629:         f"Decision: {decision}"
001630:     )
001631: 
001632:     print(
001633:         "Failed gates: "
001634:         + (
001635:             "NONE"
001636:             if not failed_gates
001637:             else " | ".join(failed_gates)

======================================================================
SOURCE=scripts/phase1A/compare_and_select_day023_r1_r2_architecture.py
======================================================================
----- LINES 1007-1042 -----
001007:         ),
001008:         required=False,
001009:     )
001010: 
001011:     r1_stationarity_slope = float(
001012:         r1[
001013:             "final20"
001014:         ][
001015:             "slope"
001016:         ]
001017:     )
001018: 
001019:     r2_aperture_diameter = find_value_containing(
001020:         r2_static_summary,
001021:         (
001022:             "aperture",
001023:             "diameter",
001024:         ),
001025:     )
001026: 
001027:     if not math.isfinite(
001028:         r2_aperture_diameter
001029:     ):
001030:         lower_radius = find_value_containing(
001031:             r2_static_summary,
001032:             (
001033:                 "lower",
001034:                 "aperture",
001035:                 "radius",
001036:             ),
001037:         )
001038: 
001039:         upper_radius = find_value_containing(
001040:             r2_static_summary,
001041:             (
001042:                 "upper",
----- LINES 1044-1079 -----
001044:                 "radius",
001045:             ),
001046:         )
001047: 
001048:         if (
001049:             math.isfinite(
001050:                 lower_radius
001051:             )
001052:             and math.isfinite(
001053:                 upper_radius
001054:             )
001055:         ):
001056:             r2_aperture_diameter = (
001057:                 lower_radius
001058:                 + upper_radius
001059:             )
001060: 
001061:     r2_open_area_fraction = find_value_containing(
001062:         r2_static_summary,
001063:         (
001064:             "open",
001065:             "area",
001066:             "fraction",
001067:         ),
001068:     )
001069: 
001070:     if not math.isfinite(
001071:         r2_open_area_fraction
001072:     ):
001073:         r2_open_area_fraction = find_value_containing(
001074:             r2_geometry_summary,
001075:             (
001076:                 "open",
001077:                 "area",
001078:                 "fraction",
001079:             ),
----- LINES 1271-1306 -----
001271:                 if math.isfinite(
001272:                     float(
001273:                         r1[
001274:                             "maximum_noninitial"
001275:                         ]
001276:                     )
001277:                 )
001278:                 else ""
001279:             ),
001280:             "R2": r2["maximum_noninitial"],
001281:             "interpretation": (
001282:                 "Noninitial lumen waters demonstrate "
001283:                 "exchange through the R2 apertures."
001284:             ),
001285:         },
001286:         {
001287:             "metric": "minimum_CAP_OW_distance_nm",
001288:             "R1": (
001289:                 r1_min_cap_distance
001290:                 if math.isfinite(
001291:                     r1_min_cap_distance
001292:                 )
001293:                 else ""
001294:             ),
001295:             "R2": r2_min_cap_distance,
001296:             "interpretation": (
001297:                 "Both remain above the predefined safety threshold."
001298:             ),
001299:         },
001300:         {
001301:             "metric": "effective_aperture_diameter_nm",
001302:             "R1": 0.0,
001303:             "R2": (
001304:                 r2_aperture_diameter
001305:                 if math.isfinite(
001306:                     r2_aperture_diameter
----- LINES 1352-1387 -----
001352:                     "maximum_noninitial"
001353:                 ]
001354:             )
001355:         )
001356:         and float(
001357:             r2[
001358:                 "maximum_noninitial"
001359:             ]
001360:         )
001361:         > 0.0
001362:     )
001363: 
001364:     aperture_is_open = (
001365:         math.isfinite(
001366:             r2_aperture_diameter
001367:         )
001368:         and r2_aperture_diameter
001369:         > 0.0
001370:     )
001371: 
001372:     gates = {
001373:         "R1_closed_positive_control_is_validated": (
001374:             r1_summary.get(
001375:                 "decision",
001376:                 "",
001377:             )
001378:             == R1_DECISION
001379:         ),
001380:         "R2_frozen_solute_50ps_is_validated": (
001381:             r2_summary.get(
001382:                 "decision",
001383:                 "",
001384:             )
001385:             == R2_DECISION
001386:         ),
001387:         "R2_static_partial_cap_model_is_validated": (
----- LINES 1459-1494 -----
001459:                     r2[
001460:                         "final10"
001461:                     ][
001462:                         "change"
001463:                     ]
001464:                 )
001465:             )
001466:             <= MAXIMUM_FINAL10_NET_CHANGE
001467:         ),
001468:         "R2_demonstrates_water_exchange": (
001469:             r2_has_exchange
001470:         ),
001471:         "R2_aperture_is_open": (
001472:             aperture_is_open
001473:         ),
001474:         "R2_open_area_fraction_is_valid": (
001475:             math.isfinite(
001476:                 r2_open_area_fraction
001477:             )
001478:             and r2_open_area_fraction > 0.0
001479:             and r2_open_area_fraction < 1.0
001480:         ),
001481:         "R2_minimum_CAP_OW_distance_is_safe": (
001482:             r2_min_cap_distance
001483:             >= MINIMUM_CAP_OW_DISTANCE_NM
001484:         ),
001485:         "R2_HBN_remained_frozen": (
001486:             r2_hbn_displacement
001487:             <= FROZEN_TOLERANCE_NM
001488:         ),
001489:         "R2_PYR_remained_frozen": (
001490:             r2_pyr_displacement
001491:             <= FROZEN_TOLERANCE_NM
001492:         ),
001493:         "R2_CAPS_remained_frozen": (
001494:             r2_caps_displacement
----- LINES 1636-1671 -----
001636:                 "final10"
001637:             ][
001638:                 "change"
001639:             ]
001640:         ),
001641:         "R2_final10_occupancy_slope_water_ps": (
001642:             r2[
001643:                 "final10"
001644:             ][
001645:                 "slope"
001646:             ]
001647:         ),
001648:         "R2_effective_aperture_diameter_nm": (
001649:             r2_aperture_diameter
001650:         ),
001651:         "R2_open_area_fraction": (
001652:             r2_open_area_fraction
001653:         ),
001654:         "R2_minimum_CAP_OW_distance_nm": (
001655:             r2_min_cap_distance
001656:         ),
001657:         "R2_execution_OpenMP_threads": (
001658:             actual_openmp_threads
001659:         ),
001660:         "R2_chemical_realizability_established": False,
001661:         "failed_gates": (
001662:             " | ".join(
001663:                 failed_gates
001664:             )
001665:         ),
001666:         "chemical_realization_static_design_authorized": (
001667:             accepted
001668:         ),
001669:         "new_MD_execution_authorized": False,
001670:         "short_mobile_MD_authorized": False,
001671:         "long_mobile_MD_authorized": False,
----- LINES 1788-1823 -----
001788: 
001789: ### R1
001790: 
001791: R1 remains the neutral frozen closed steric positive control. Its role
001792: is to demonstrate that the confinement-detection method identifies
001793: stable lumen hydration when the end boundary is closed.
001794: 
001795: R1 is not promoted as a chemically realizable architecture.
001796: 
001797: ### R2
001798: 
001799: R2 is the symmetric partial-cap screening architecture. It introduces a
001800: central aperture while maintaining a highly hydrated lumen and allowing
001801: measurable exchange.
001802: 
001803: R2 is also not yet chemically realizable because its cap is represented
001804: by ideal neutral frozen steric beads.
001805: 
001806: ## Hydration comparison
001807: 
001808: - R1 initial/mean/minimum/endpoint:
001809:   **{r1['initial']}/{r1['mean']:.4f}/
001810:   {r1['minimum']}/{r1['endpoint']}**
001811: - R2 initial/mean/minimum/endpoint:
001812:   **{r2['initial']}/{r2['mean']:.4f}/
001813:   {r2['minimum']}/{r2['endpoint']}**
001814: - R1 endpoint fraction:
001815:   **{r1_endpoint_fraction:.6f}**
001816: - R2 endpoint fraction:
001817:   **{r2_endpoint_fraction:.6f}**
001818: - R2 endpoint relative to R1:
001819:   **{r2_relative_to_r1_endpoint:.6f}**
001820: - R2 retention penalty versus R1:
001821:   **{r2_retention_penalty_percentage_points:.4f} percentage points**
001822: - R2 endpoint initial-identity retention:
001823:   **{r2_endpoint_identity_fraction:.6f}**
----- LINES 1831-1866 -----
001831:   **{r1_stationarity_slope:.6f} waters/ps**
001832: - R2 final 20 ps mean/slope:
001833:   **{r2['final20']['mean']:.4f}/
001834:   {r2['final20']['slope']:.6f} waters, waters/ps**
001835: - R2 final 15 ps mean/slope:
001836:   **{r2['final15']['mean']:.4f}/
001837:   {r2['final15']['slope']:.6f} waters, waters/ps**
001838: - R2 final 10 ps mean/change/slope:
001839:   **{r2['final10']['mean']:.4f}/
001840:   {int(r2['final10']['change']):+d}/
001841:   {r2['final10']['slope']:.6f} waters, waters, waters/ps**
001842: 
001843: ## Aperture and steric safety
001844: 
001845: - R1 effective aperture diameter:
001846:   **0.000000 nm**
001847: - R2 effective aperture diameter:
001848:   **{r2_aperture_diameter:.6f} nm**
001849: - R2 open-area fraction:
001850:   **{r2_open_area_fraction:.6f}**
001851: - R2 minimum CAP–OW distance:
001852:   **{r2_min_cap_distance:.6f} nm**
001853: 
001854: ## Execution metadata
001855: 
001856: - R2 continuation OpenMP threads:
001857:   **{actual_openmp_threads}**
001858: 
001859: Thread count is recorded as computational metadata. It does not modify
001860: the TPR physical parameters or checkpoint state.
001861: 
001862: ## Selection gates
001863: 
001864: {gate_lines}
001865: 
001866: ## Decision
----- LINES 1883-1918 -----
001883:   **NO**
001884: - Long mobile MD authorized:
001885:   **NO**
001886: - Multitemperature MD authorized:
001887:   **NO**
001888: - QM recalculation authorized:
001889:   **NO**
001890: - Required next step:
001891:   `{required_next_step}`
001892: 
001893: The next stage must replace the ideal steric partial cap with a
001894: chemically defensible end-rim or terminal-ring realization while
001895: preserving the validated aperture and confinement envelope.
001896: """,
001897:         encoding="utf-8",
001898:     )
001899: 
001900:     print(
001901:         "Day023 R1-R2 architecture comparison "
001902:         "and selection completed."
001903:     )
001904: 
001905:     print(
001906:         "R1 summary source: "
001907:         f"{relative(r1_summary_path)}"
001908:     )
001909: 
001910:     print(
001911:         "R1 occupancy source: "
001912:         f"{r1_metric_source}"
001913:     )
001914: 
001915:     print(
001916:         "R2 summary source: "
001917:         f"{relative(R2_SUMMARY)}"
001918:     )
----- LINES 1979-2014 -----
001979:         f"{int(r2['endpoint_retained'])}/"
001980:         f"{r2['initial']} "
001981:         f"({r2_endpoint_identity_fraction:.6f})"
001982:     )
001983: 
001984:     print(
001985:         "R2 endpoint / maximum noninitial lumen waters: "
001986:         f"{int(r2['endpoint_noninitial'])}/"
001987:         f"{int(r2['maximum_noninitial'])}"
001988:     )
001989: 
001990:     print(
001991:         "R2 effective aperture diameter / open-area fraction: "
001992:         f"{r2_aperture_diameter:.6f}/"
001993:         f"{r2_open_area_fraction:.6f}"
001994:     )
001995: 
001996:     print(
001997:         "R2 minimum CAP-OW distance: "
001998:         f"{r2_min_cap_distance:.6f} nm"
001999:     )
002000: 
002001:     print(
002002:         "R2 continuation OpenMP threads: "
002003:         f"{actual_openmp_threads}"
002004:     )
002005: 
002006:     print(
002007:         f"Decision: {decision}"
002008:     )
002009: 
002010:     print(
002011:         "Failed gates: "
002012:         + (
002013:             "NONE"
002014:             if not failed_gates

======================================================================
SOURCE=scripts/phase1A/define_and_rank_day024_r2_polar_end_specific_valence_completion_candidates.py
======================================================================
----- LINES 130-165 -----
000130: EXPECTED_NEW_PARENT_BONDS_PER_END = (
000131:     EXPECTED_TERMINAL_ATOMS_PER_END
000132:     * MISSING_BONDS_PER_TERMINAL_SITE
000133: )
000134: 
000135: EXPECTED_NEW_PARENT_BONDS_TOTAL = (
000136:     EXPECTED_TERMINAL_ATOMS_TOTAL
000137:     * MISSING_BONDS_PER_TERMINAL_SITE
000138: )
000139: 
000140: SCORE_WEIGHTS = {
000141:     "valence_completion_score": 0.20,
000142:     "aperture_fidelity_score": 0.18,
000143:     "end_specificity_score": 0.15,
000144:     "neutrality_feasibility_score": 0.12,
000145:     "heteropolar_junction_score": 0.10,
000146:     "rigidity_score": 0.08,
000147:     "minimal_electronic_perturbation_score": 0.07,
000148:     "topological_constructability_score": 0.05,
000149:     "chemical_precedent_score": 0.05,
000150: }
000151: 
000152: RISK_PENALTIES = {
000153:     "junction_strain_risk": 2.0,
000154:     "charge_uncertainty_risk": 2.0,
000155:     "flexibility_risk": 1.5,
000156:     "forcefield_novelty_risk": 1.5,
000157: }
000158: 
000159: PARENT_RECONSTRUCTION_PENALTY = 6.0
000160: 
000161: 
000162: def relative(path: Path) -> str:
000163:     return str(
000164:         path.resolve().relative_to(ROOT)
000165:     )
----- LINES 468-503 -----
000468:     )
000469: 
000470:     upper_b = parse_int(
000471:         parent,
000472:         "upper_end_B_atoms",
000473:     )
000474: 
000475:     upper_n = parse_int(
000476:         parent,
000477:         "upper_end_N_atoms",
000478:     )
000479: 
000480:     aperture_diameter_nm = parse_float(
000481:         parent,
000482:         "target_aperture_diameter_nm",
000483:     )
000484: 
000485:     aperture_radius_nm = parse_float(
000486:         parent,
000487:         "target_aperture_radius_nm",
000488:     )
000489: 
000490:     open_area_fraction = parse_float(
000491:         parent,
000492:         "target_open_area_fraction",
000493:     )
000494: 
000495:     parent_rim_radius_nm = parse_float(
000496:         parent,
000497:         "parent_rim_mean_radius_nm",
000498:     )
000499: 
000500:     required_radial_occlusion_nm = parse_float(
000501:         parent,
000502:         "required_radial_occlusion_nm",
000503:     )
----- LINES 607-642 -----
000607:                 "Conceptual two-ligand completion of each "
000608:                 "degree-1 B terminal site."
000609:             ),
000610:             "upper_end_strategy": (
000611:                 "Conceptual two-ligand completion of each "
000612:                 "degree-1 N terminal site."
000613:             ),
000614:             "structural_role": (
000615:                 "Valence-reference control only"
000616:             ),
000617:             "parent_bonds_per_terminal_site": 2,
000618:             "expected_new_parent_bonds_total": 120,
000619:             "preserves_target_aperture": False,
000620:             "resolves_end_asymmetry": True,
000621:             "requires_parent_rim_reconstruction": False,
000622:             "valence_completion_score": 4,
000623:             "aperture_fidelity_score": 0,
000624:             "end_specificity_score": 4,
000625:             "neutrality_feasibility_score": 2,
000626:             "heteropolar_junction_score": 1,
000627:             "rigidity_score": 1,
000628:             "minimal_electronic_perturbation_score": 3,
000629:             "topological_constructability_score": 4,
000630:             "chemical_precedent_score": 3,
000631:             "junction_strain_risk": 1,
000632:             "charge_uncertainty_risk": 3,
000633:             "flexibility_risk": 2,
000634:             "forcefield_novelty_risk": 1,
000635:             "status": (
000636:                 "REJECT_AS_R2_CAP_REPLACEMENT"
000637:             ),
000638:             "reason": (
000639:                 "May terminate dangling valence conceptually "
000640:                 "but cannot reproduce the validated annular "
000641:                 "steric surface or 0.84 nm pore."
000642:             ),
----- LINES 653-688 -----
000653:                 "B parent sites connect directly to "
000654:                 "N-rich annulus-interface atoms."
000655:             ),
000656:             "upper_end_strategy": (
000657:                 "N parent sites connect directly to "
000658:                 "B-rich annulus-interface atoms."
000659:             ),
000660:             "structural_role": (
000661:                 "Direct inorganic annular candidate"
000662:             ),
000663:             "parent_bonds_per_terminal_site": 2,
000664:             "expected_new_parent_bonds_total": 120,
000665:             "preserves_target_aperture": True,
000666:             "resolves_end_asymmetry": True,
000667:             "requires_parent_rim_reconstruction": False,
000668:             "valence_completion_score": 5,
000669:             "aperture_fidelity_score": 5,
000670:             "end_specificity_score": 5,
000671:             "neutrality_feasibility_score": 3,
000672:             "heteropolar_junction_score": 5,
000673:             "rigidity_score": 5,
000674:             "minimal_electronic_perturbation_score": 4,
000675:             "topological_constructability_score": 2,
000676:             "chemical_precedent_score": 1,
000677:             "junction_strain_risk": 5,
000678:             "charge_uncertainty_risk": 2,
000679:             "flexibility_risk": 0,
000680:             "forcefield_novelty_risk": 4,
000681:             "status": (
000682:                 "DEFER_DIRECT_SEAM_HIGH_STRAIN"
000683:             ),
000684:             "reason": (
000685:                 "Reproduces the steric annulus but assumes "
000686:                 "a highly strained abrupt tube-to-plane junction."
000687:             ),
000688:         },
----- LINES 698-733 -----
000698:                 "progressively joins the annular BN plate."
000699:             ),
000700:             "upper_end_strategy": (
000701:                 "N-terminated parent couples first to a "
000702:                 "B-rich transition collar; the collar "
000703:                 "progressively joins the annular BN plate."
000704:             ),
000705:             "structural_role": (
000706:                 "Primary static topological-design hypothesis"
000707:             ),
000708:             "parent_bonds_per_terminal_site": 2,
000709:             "expected_new_parent_bonds_total": 120,
000710:             "preserves_target_aperture": True,
000711:             "resolves_end_asymmetry": True,
000712:             "requires_parent_rim_reconstruction": False,
000713:             "valence_completion_score": 5,
000714:             "aperture_fidelity_score": 5,
000715:             "end_specificity_score": 5,
000716:             "neutrality_feasibility_score": 4,
000717:             "heteropolar_junction_score": 5,
000718:             "rigidity_score": 5,
000719:             "minimal_electronic_perturbation_score": 4,
000720:             "topological_constructability_score": 4,
000721:             "chemical_precedent_score": 2,
000722:             "junction_strain_risk": 3,
000723:             "charge_uncertainty_risk": 2,
000724:             "flexibility_risk": 0,
000725:             "forcefield_novelty_risk": 3,
000726:             "status": (
000727:                 "ADVANCE_TO_CONNECTIVITY_BLUEPRINT_GATE"
000728:             ),
000729:             "reason": (
000730:                 "Best balance between parent valence "
000731:                 "completion, heteropolar bonding, rigidity, "
000732:                 "end specificity, and preservation of the "
000733:                 "validated annular aperture."
----- LINES 744-779 -----
000744:                 "before building an N-complementary collar."
000745:             ),
000746:             "upper_end_strategy": (
000747:                 "Reconstruct or remove the degree-1 N row "
000748:                 "before building a B-complementary collar."
000749:             ),
000750:             "structural_role": (
000751:                 "Contingency if direct degree-1-site "
000752:                 "completion is topologically infeasible"
000753:             ),
000754:             "parent_bonds_per_terminal_site": 0,
000755:             "expected_new_parent_bonds_total": 0,
000756:             "preserves_target_aperture": True,
000757:             "resolves_end_asymmetry": True,
000758:             "requires_parent_rim_reconstruction": True,
000759:             "valence_completion_score": 5,
000760:             "aperture_fidelity_score": 4,
000761:             "end_specificity_score": 5,
000762:             "neutrality_feasibility_score": 4,
000763:             "heteropolar_junction_score": 5,
000764:             "rigidity_score": 5,
000765:             "minimal_electronic_perturbation_score": 3,
000766:             "topological_constructability_score": 3,
000767:             "chemical_precedent_score": 3,
000768:             "junction_strain_risk": 2,
000769:             "charge_uncertainty_risk": 2,
000770:             "flexibility_risk": 0,
000771:             "forcefield_novelty_risk": 3,
000772:             "status": (
000773:                 "RETAIN_AS_PARENT_RECONSTRUCTION_CONTINGENCY"
000774:             ),
000775:             "reason": (
000776:                 "Potentially cleaner chemistry but changes "
000777:                 "the accepted parent scaffold and therefore "
000778:                 "requires a separate structural-comparability gate."
000779:             ),
----- LINES 790-825 -----
000790:                 "N/O-donor-rich anchors directed toward "
000791:                 "the B-terminated parent end."
000792:             ),
000793:             "upper_end_strategy": (
000794:                 "Electrophilic or B-containing anchors "
000795:                 "directed toward the N-terminated parent end."
000796:             ),
000797:             "structural_role": (
000798:                 "Organic fallback candidate"
000799:             ),
000800:             "parent_bonds_per_terminal_site": 2,
000801:             "expected_new_parent_bonds_total": 120,
000802:             "preserves_target_aperture": True,
000803:             "resolves_end_asymmetry": True,
000804:             "requires_parent_rim_reconstruction": False,
000805:             "valence_completion_score": 4,
000806:             "aperture_fidelity_score": 4,
000807:             "end_specificity_score": 5,
000808:             "neutrality_feasibility_score": 2,
000809:             "heteropolar_junction_score": 3,
000810:             "rigidity_score": 4,
000811:             "minimal_electronic_perturbation_score": 1,
000812:             "topological_constructability_score": 2,
000813:             "chemical_precedent_score": 3,
000814:             "junction_strain_risk": 3,
000815:             "charge_uncertainty_risk": 4,
000816:             "flexibility_risk": 1,
000817:             "forcefield_novelty_risk": 4,
000818:             "status": (
000819:                 "FALLBACK_AFTER_INORGANIC_CANDIDATE_FAILURE"
000820:             ),
000821:             "reason": (
000822:                 "Potentially modular but introduces larger "
000823:                 "chemical, electrostatic, and force-field "
000824:                 "perturbations near the confined water."
000825:             ),
----- LINES 833-868 -----
000833:             ),
000834:             "lower_end_strategy": (
000835:                 "B-specific tether anchors with inward groups."
000836:             ),
000837:             "upper_end_strategy": (
000838:                 "N-specific tether anchors with inward groups."
000839:             ),
000840:             "structural_role": (
000841:                 "Flexible confinement concept"
000842:             ),
000843:             "parent_bonds_per_terminal_site": 2,
000844:             "expected_new_parent_bonds_total": 120,
000845:             "preserves_target_aperture": False,
000846:             "resolves_end_asymmetry": True,
000847:             "requires_parent_rim_reconstruction": False,
000848:             "valence_completion_score": 3,
000849:             "aperture_fidelity_score": 2,
000850:             "end_specificity_score": 4,
000851:             "neutrality_feasibility_score": 2,
000852:             "heteropolar_junction_score": 2,
000853:             "rigidity_score": 1,
000854:             "minimal_electronic_perturbation_score": 1,
000855:             "topological_constructability_score": 3,
000856:             "chemical_precedent_score": 3,
000857:             "junction_strain_risk": 2,
000858:             "charge_uncertainty_risk": 3,
000859:             "flexibility_risk": 5,
000860:             "forcefield_novelty_risk": 3,
000861:             "status": (
000862:                 "DEFER_PORE_NOT_STRUCTURALLY_FIXED"
000863:             ),
000864:             "reason": (
000865:                 "Cannot guarantee a persistent 0.839 nm "
000866:                 "effective pore or rigid steric envelope."
000867:             ),
000868:         },
----- LINES 875-910 -----
000875:             ),
000876:             "lower_end_strategy": (
000877:                 "Coordination network at B-terminated end."
000878:             ),
000879:             "upper_end_strategy": (
000880:                 "Coordination network at N-terminated end."
000881:             ),
000882:             "structural_role": (
000883:                 "Out-of-scope electronic architecture"
000884:             ),
000885:             "parent_bonds_per_terminal_site": 2,
000886:             "expected_new_parent_bonds_total": 120,
000887:             "preserves_target_aperture": True,
000888:             "resolves_end_asymmetry": True,
000889:             "requires_parent_rim_reconstruction": False,
000890:             "valence_completion_score": 4,
000891:             "aperture_fidelity_score": 4,
000892:             "end_specificity_score": 5,
000893:             "neutrality_feasibility_score": 1,
000894:             "heteropolar_junction_score": 3,
000895:             "rigidity_score": 4,
000896:             "minimal_electronic_perturbation_score": 0,
000897:             "topological_constructability_score": 2,
000898:             "chemical_precedent_score": 2,
000899:             "junction_strain_risk": 3,
000900:             "charge_uncertainty_risk": 5,
000901:             "flexibility_risk": 0,
000902:             "forcefield_novelty_risk": 5,
000903:             "status": (
000904:                 "REJECT_AT_CURRENT_GATE"
000905:             ),
000906:             "reason": (
000907:                 "Introduces unvalidated charge, spin, and "
000908:                 "electronic degrees of freedom before the "
000909:                 "confinement architecture is chemically resolved."
000910:             ),
----- LINES 1035-1070 -----
001035:                 ]
001036:             )
001037:             == EXPECTED_NEW_PARENT_BONDS_PER_END
001038:         ),
001039:         "upper_end_requires_60_new_parent_bonds": (
001040:             int(
001041:                 valence_rows[1][
001042:                     "required_new_parent_junction_bonds"
001043:                 ]
001044:             )
001045:             == EXPECTED_NEW_PARENT_BONDS_PER_END
001046:         ),
001047:         "target_aperture_is_finite_and_open": (
001048:             aperture_diameter_nm > 0.0
001049:             and aperture_radius_nm > 0.0
001050:             and aperture_radius_nm
001051:             < parent_rim_radius_nm
001052:         ),
001053:         "open_area_fraction_is_valid": (
001054:             0.0
001055:             < open_area_fraction
001056:             < 1.0
001057:         ),
001058:         "candidate_set_contains_at_least_six_classes": (
001059:             len(candidates) >= 6
001060:         ),
001061:         "all_candidate_scores_are_finite": all(
001062:             math.isfinite(
001063:                 float(
001064:                     row[
001065:                         "final_screening_score"
001066:                     ]
001067:                 )
001068:             )
001069:             for row in ranking_rows
001070:         ),
----- LINES 1081-1116 -----
001081:                 ]
001082:             )
001083:             == MISSING_BONDS_PER_TERMINAL_SITE
001084:         ),
001085:         "primary_candidate_accounts_for_120_parent_bonds": (
001086:             int(
001087:                 primary[
001088:                     "expected_new_parent_bonds_total"
001089:                 ]
001090:             )
001091:             == EXPECTED_NEW_PARENT_BONDS_TOTAL
001092:         ),
001093:         "primary_candidate_preserves_target_aperture": (
001094:             bool(
001095:                 primary[
001096:                     "preserves_target_aperture"
001097:                 ]
001098:             )
001099:         ),
001100:         "primary_candidate_resolves_end_asymmetry": (
001101:             bool(
001102:                 primary[
001103:                     "resolves_end_asymmetry"
001104:                 ]
001105:             )
001106:         ),
001107:         "primary_candidate_does_not_require_parent_reconstruction": (
001108:             not bool(
001109:                 primary[
001110:                     "requires_parent_rim_reconstruction"
001111:                 ]
001112:             )
001113:         ),
001114:         "parent_reconstruction_is_retained_as_contingency": (
001115:             contingency[
001116:                 "status"
----- LINES 1199-1234 -----
001199:         "missing_bond_incidences_per_site": (
001200:             MISSING_BONDS_PER_TERMINAL_SITE
001201:         ),
001202:         "required_new_parent_bonds_lower": (
001203:             EXPECTED_NEW_PARENT_BONDS_PER_END
001204:         ),
001205:         "required_new_parent_bonds_upper": (
001206:             EXPECTED_NEW_PARENT_BONDS_PER_END
001207:         ),
001208:         "required_new_parent_bonds_total": (
001209:             EXPECTED_NEW_PARENT_BONDS_TOTAL
001210:         ),
001211:         "target_aperture_diameter_nm": (
001212:             aperture_diameter_nm
001213:         ),
001214:         "target_aperture_radius_nm": (
001215:             aperture_radius_nm
001216:         ),
001217:         "target_open_area_fraction": (
001218:             open_area_fraction
001219:         ),
001220:         "parent_rim_radius_nm": (
001221:             parent_rim_radius_nm
001222:         ),
001223:         "required_radial_occlusion_nm": (
001224:             required_radial_occlusion_nm
001225:         ),
001226:         "annular_area_per_end_nm2": (
001227:             annular_area_nm2
001228:         ),
001229:         "screening_estimated_BN_atoms_per_end": (
001230:             estimated_bn_atoms_per_end
001231:         ),
001232:         "same_element_parent_junction_bonds_authorized": False,
001233:         "abrupt_unstrained_90_degree_seam_assumed": False,
001234:         "formal_charge_assignment_authorized": False,
----- LINES 1304-1339 -----
001304:             EXPECTED_TERMINAL_ATOMS_PER_END
001305:         ),
001306:         "required_new_parent_bonds_per_end": (
001307:             EXPECTED_NEW_PARENT_BONDS_PER_END
001308:         ),
001309:         "required_new_parent_bonds_total": (
001310:             EXPECTED_NEW_PARENT_BONDS_TOTAL
001311:         ),
001312:         "lower_parent_element": "B",
001313:         "lower_first_junction_element": "N",
001314:         "upper_parent_element": "N",
001315:         "upper_first_junction_element": "B",
001316:         "target_aperture_diameter_nm": (
001317:             aperture_diameter_nm
001318:         ),
001319:         "target_open_area_fraction": (
001320:             open_area_fraction
001321:         ),
001322:         "failed_gates": (
001323:             " | ".join(
001324:                 failed_gates
001325:             )
001326:         ),
001327:         "connectivity_blueprint_authorized": (
001328:             accepted
001329:         ),
001330:         "explicit_geometry_generation_authorized": False,
001331:         "topology_generation_authorized": False,
001332:         "energy_minimization_authorized": False,
001333:         "MD_authorized": False,
001334:         "QM_authorized": False,
001335:         "required_next_step": (
001336:             required_next_step
001337:         ),
001338:     }
001339: 
----- LINES 1464-1499 -----
001464: - Required new parent–junction bonds per end:
001465:   **{EXPECTED_NEW_PARENT_BONDS_PER_END}**
001466: - Required new parent–junction bonds total:
001467:   **{EXPECTED_NEW_PARENT_BONDS_TOTAL}**
001468: 
001469: The lower B-terminated end requires an N-complementary first junction
001470: layer. The upper N-terminated end requires a B-complementary first
001471: junction layer. Same-element primary parent-junction bonds are not
001472: authorized by this gate.
001473: 
001474: ## Geometric target
001475: 
001476: - Aperture diameter:
001477:   **{aperture_diameter_nm:.6f} nm**
001478: - Aperture radius:
001479:   **{aperture_radius_nm:.6f} nm**
001480: - Open-area fraction:
001481:   **{open_area_fraction:.6f}**
001482: - Parent-rim radius:
001483:   **{parent_rim_radius_nm:.6f} nm**
001484: - Required radial occlusion:
001485:   **{required_radial_occlusion_nm:.6f} nm**
001486: - Annular area per end:
001487:   **{annular_area_nm2:.6f} nm²**
001488: - Screening estimate:
001489:   **{estimated_bn_atoms_per_end:.3f} BN atoms/end**
001490: 
001491: ## Candidate ranking
001492: 
001493: {rank_lines}
001494: 
001495: ## Primary hypothesis
001496: 
001497: `{PRIMARY_CANDIDATE}`
001498: 
001499: This candidate uses a graded, end-specific, heteropolar BN collar
----- LINES 1586-1621 -----
001586:         f"{upper_n}"
001587:     )
001588: 
001589:     print(
001590:         "Required new parent bonds "
001591:         "lower/upper/total: "
001592:         f"{EXPECTED_NEW_PARENT_BONDS_PER_END}/"
001593:         f"{EXPECTED_NEW_PARENT_BONDS_PER_END}/"
001594:         f"{EXPECTED_NEW_PARENT_BONDS_TOTAL}"
001595:     )
001596: 
001597:     print(
001598:         "Target aperture diameter / open-area fraction: "
001599:         f"{aperture_diameter_nm:.6f}/"
001600:         f"{open_area_fraction:.6f}"
001601:     )
001602: 
001603:     print(
001604:         "Candidate ranking:"
001605:     )
001606: 
001607:     for row in ranking_rows:
001608:         print(
001609:             f"  Rank {row['rank']} | "
001610:             f"{row['candidate_id']} | "
001611:             f"base={row['base_weighted_score_0_100']:.2f} | "
001612:             f"penalty={row['risk_penalty_points']:.2f} | "
001613:             f"final={row['final_screening_score']:.2f} | "
001614:             f"{row['status']}"
001615:         )
001616: 
001617:     print(
001618:         f"Primary candidate: {PRIMARY_CANDIDATE}"
001619:     )
001620: 
001621:     print(

======================================================================
SOURCE=scripts/phase1A/design_and_validate_day023_r2_partial_cap_geometry.py
======================================================================
----- LINES 116-151 -----
000116: WATER_SITES = 4
000117: 
000118: R1_CAP_BEADS_PER_END = 163
000119: R1_TOTAL_CAP_BEADS = 326
000120: 
000121: EXPECTED_R0_ATOMS = (
000122:     SOLUTE_ATOMS
000123:     + R0_WATERS * WATER_SITES
000124: )
000125: 
000126: INITIAL_LUMEN_WATERS = 428
000127: 
000128: CAP_WATER_5KBT_DISTANCE_NM = 0.17
000129: WATER_OVERLAP_CUTOFF_NM = 0.22
000130: 
000131: TARGET_EFFECTIVE_APERTURE_RADIUS_NM = 0.30
000132: 
000133: CANDIDATE_REMOVAL_RADII_NM = [
000134:     round(
000135:         0.20 + 0.05 * index,
000136:         2,
000137:     )
000138:     for index in range(10)
000139: ]
000140: 
000141: MIN_CAP_BEADS_PER_END = 80
000142: 
000143: MIN_EFFECTIVE_APERTURE_RADIUS_NM = 0.20
000144: MAX_EFFECTIVE_APERTURE_RADIUS_NM = 0.45
000145: 
000146: MIN_CONSERVATIVE_APERTURE_RADIUS_NM = 0.15
000147: MAX_OPEN_AREA_FRACTION = 0.16
000148: 
000149: MIN_LUMEN_RETENTION_FRACTION = 0.98
000150: 
000151: MIN_CAP_HBN_DISTANCE_NM = 0.19
----- LINES 876-911 -----
000876:         np.min(
000877:             radial[
000878:                 retained_upper_indices
000879:             ]
000880:         )
000881:     )
000882: 
000883:     limiting_nearest_radial = min(
000884:         lower_nearest_radial,
000885:         upper_nearest_radial,
000886:     )
000887: 
000888:     effective_aperture_radius = max(
000889:         0.0,
000890:         limiting_nearest_radial
000891:         - CAP_WATER_5KBT_DISTANCE_NM,
000892:     )
000893: 
000894:     conservative_aperture_radius = max(
000895:         0.0,
000896:         limiting_nearest_radial
000897:         - WATER_OVERLAP_CUTOFF_NM,
000898:     )
000899: 
000900:     open_area_fraction = (
000901:         effective_aperture_radius
000902:         / accessible_radius_nm
000903:     ) ** 2
000904: 
000905:     water_cap_distances = nearest_distances(
000906:         water_oxygen_positions,
000907:         retained_cap_positions,
000908:         box,
000909:     )
000910: 
000911:     remove_water_mask = (
----- LINES 980-1015 -----
000980: 
000981:     candidate_gates = {
000982:         "symmetric_cap_counts": (
000983:             lower_count
000984:             == upper_count
000985:         ),
000986:         "minimum_cap_beads_per_end": (
000987:             lower_count
000988:             >= MIN_CAP_BEADS_PER_END
000989:             and upper_count
000990:             >= MIN_CAP_BEADS_PER_END
000991:         ),
000992:         "effective_aperture_radius_in_target_range": (
000993:             MIN_EFFECTIVE_APERTURE_RADIUS_NM
000994:             <= effective_aperture_radius
000995:             <= MAX_EFFECTIVE_APERTURE_RADIUS_NM
000996:         ),
000997:         "conservative_aperture_is_open": (
000998:             conservative_aperture_radius
000999:             >= MIN_CONSERVATIVE_APERTURE_RADIUS_NM
001000:         ),
001001:         "open_area_fraction_is_limited": (
001002:             open_area_fraction
001003:             <= MAX_OPEN_AREA_FRACTION
001004:         ),
001005:         "lumen_water_retention_is_at_least_98_percent": (
001006:             lumen_retention_fraction
001007:             >= MIN_LUMEN_RETENTION_FRACTION
001008:         ),
001009:         "CAP_HBN_distance_is_valid": (
001010:             minimum_cap_hbn_distance
001011:             >= MIN_CAP_HBN_DISTANCE_NM
001012:         ),
001013:         "CAP_PYR_distance_is_valid": (
001014:             minimum_cap_pyr_distance
001015:             >= MIN_CAP_PYR_DISTANCE_NM
----- LINES 1033-1068 -----
001033: 
001034:     candidate_id = (
001035:         "remove_r"
001036:         + f"{removal_radius_nm:.2f}"
001037:         .replace(
001038:             ".",
001039:             "p",
001040:         )
001041:     )
001042: 
001043:     score = (
001044:         abs(
001045:             effective_aperture_radius
001046:             - TARGET_EFFECTIVE_APERTURE_RADIUS_NM
001047:         ),
001048:         -min(
001049:             lower_count,
001050:             upper_count,
001051:         ),
001052:         removed_water_count,
001053:     )
001054: 
001055:     return {
001056:         "candidate_id": candidate_id,
001057:         "removal_radius_nm": (
001058:             removal_radius_nm
001059:         ),
001060:         "retained_lower_indices": (
001061:             retained_lower_indices
001062:         ),
001063:         "retained_upper_indices": (
001064:             retained_upper_indices
001065:         ),
001066:         "retained_indices": (
001067:             retained_indices
001068:         ),
----- LINES 1089-1124 -----
001089:             - lower_count
001090:             - upper_count
001091:         ),
001092:         "nearest_lower_cap_radial_nm": (
001093:             lower_nearest_radial
001094:         ),
001095:         "nearest_upper_cap_radial_nm": (
001096:             upper_nearest_radial
001097:         ),
001098:         "limiting_nearest_cap_radial_nm": (
001099:             limiting_nearest_radial
001100:         ),
001101:         "effective_aperture_radius_5kBT_nm": (
001102:             effective_aperture_radius
001103:         ),
001104:         "effective_aperture_diameter_5kBT_nm": (
001105:             2.0
001106:             * effective_aperture_radius
001107:         ),
001108:         "conservative_aperture_radius_nm": (
001109:             conservative_aperture_radius
001110:         ),
001111:         "conservative_aperture_diameter_nm": (
001112:             2.0
001113:             * conservative_aperture_radius
001114:         ),
001115:         "open_area_fraction": (
001116:             open_area_fraction
001117:         ),
001118:         "removed_water_molecules": (
001119:             removed_water_count
001120:         ),
001121:         "retained_water_molecules": (
001122:             retained_water_count
001123:         ),
001124:         "removed_lumen_water_molecules": (
----- LINES 1708-1743 -----
001708:                 "nearest_CAP_distance_nm,"
001709:                 "initially_luminal\n"
001710:             ),
001711:             encoding="utf-8",
001712:         )
001713: 
001714:     selected_definition = {
001715:         "decision": (
001716:             "R2_PARTIAL_CAP_GEOMETRY_SELECTED"
001717:         ),
001718:         "architecture_label": (
001719:             "R2 symmetric partial caps with "
001720:             "central axial apertures"
001721:         ),
001722:         "model_class": (
001723:             "neutral frozen steric screening design"
001724:         ),
001725:         "chemically_realizable_final_model": False,
001726:         "source_R0_geometry": relative(
001727:             R0_T0_GRO
001728:         ),
001729:         "source_R1_cap_lattice": relative(
001730:             R1_CAPS_GRO
001731:         ),
001732:         "source_R1_validation_summary": relative(
001733:             R1_50PS_SUMMARY
001734:         ),
001735:         "candidate_id": selected[
001736:             "candidate_id"
001737:         ],
001738:         "selection_target_effective_aperture_radius_nm": (
001739:             TARGET_EFFECTIVE_APERTURE_RADIUS_NM
001740:         ),
001741:         "removal_radius_nm": selected[
001742:             "removal_radius_nm"
001743:         ],
----- LINES 1750-1785 -----
001750:         "cap_beads_lower": selected[
001751:             "cap_beads_lower"
001752:         ],
001753:         "cap_beads_upper": selected[
001754:             "cap_beads_upper"
001755:         ],
001756:         "cap_beads_total": selected[
001757:             "cap_beads_total"
001758:         ],
001759:         "removed_cap_beads_total": selected[
001760:             "removed_cap_beads_total"
001761:         ],
001762:         "effective_aperture_radius_5kBT_nm": (
001763:             selected[
001764:                 "effective_aperture_radius_5kBT_nm"
001765:             ]
001766:         ),
001767:         "effective_aperture_diameter_5kBT_nm": (
001768:             selected[
001769:                 "effective_aperture_diameter_5kBT_nm"
001770:             ]
001771:         ),
001772:         "conservative_aperture_radius_nm": (
001773:             selected[
001774:                 "conservative_aperture_radius_nm"
001775:             ]
001776:         ),
001777:         "conservative_aperture_diameter_nm": (
001778:             selected[
001779:                 "conservative_aperture_diameter_nm"
001780:             ]
001781:         ),
001782:         "open_area_fraction": selected[
001783:             "open_area_fraction"
001784:         ],
001785:         "initial_water_molecules": (
----- LINES 1978-2013 -----
001978:             ]
001979:         ),
001980:         "selected_cap_beads_total": (
001981:             selected[
001982:                 "cap_beads_total"
001983:             ]
001984:         ),
001985:         "selected_removed_cap_beads_total": (
001986:             selected[
001987:                 "removed_cap_beads_total"
001988:             ]
001989:         ),
001990:         "selected_effective_aperture_radius_5kBT_nm": (
001991:             selected[
001992:                 "effective_aperture_radius_5kBT_nm"
001993:             ]
001994:         ),
001995:         "selected_effective_aperture_diameter_5kBT_nm": (
001996:             selected[
001997:                 "effective_aperture_diameter_5kBT_nm"
001998:             ]
001999:         ),
002000:         "selected_conservative_aperture_radius_nm": (
002001:             selected[
002002:                 "conservative_aperture_radius_nm"
002003:             ]
002004:         ),
002005:         "selected_conservative_aperture_diameter_nm": (
002006:             selected[
002007:                 "conservative_aperture_diameter_nm"
002008:             ]
002009:         ),
002010:         "selected_open_area_fraction": (
002011:             selected[
002012:                 "open_area_fraction"
002013:             ]
----- LINES 2081-2116 -----
002081:             in global_gates.items()
002082:         ],
002083:     )
002084: 
002085:     candidate_lines = "\n".join(
002086:         (
002087:             f"- `{candidate['candidate_id']}`: "
002088:             f"remove radius="
002089:             f"{candidate['removal_radius_nm']:.3f} nm; "
002090:             f"caps="
002091:             f"{candidate['cap_beads_lower']}/"
002092:             f"{candidate['cap_beads_upper']}; "
002093:             f"effective aperture radius="
002094:             f"{candidate['effective_aperture_radius_5kBT_nm']:.6f} nm; "
002095:             f"open area="
002096:             f"{candidate['open_area_fraction']:.6f}; "
002097:             f"retained lumen waters="
002098:             f"{candidate['retained_lumen_water_molecules']}/428; "
002099:             f"status="
002100:             f"{'PASS' if candidate['candidate_pass'] else 'FAIL'}"
002101:         )
002102:         for candidate in candidates
002103:     )
002104: 
002105:     gate_lines = "\n".join(
002106:         (
002107:             f"- `{name}`: "
002108:             f"**{'PASS' if passed else 'FAIL'}**"
002109:         )
002110:         for name, passed
002111:         in global_gates.items()
002112:     )
002113: 
002114:     REPORT_MD.write_text(
002115:         f"""# R2 Partial-Cap Geometry Design
002116: 
----- LINES 2124-2159 -----
002124: dynamics.
002125: 
002126: ## Design basis
002127: 
002128: - Authoritative hydrated source:
002129:   `{relative(R0_T0_GRO)}`
002130: - Validated R1 cap lattice:
002131:   `{relative(R1_CAPS_GRO)}`
002132: - Initial lumen occupancy:
002133:   **{initial_lumen_count} waters**
002134: - R1 cap beads:
002135:   **{R1_CAP_BEADS_PER_END} per end**
002136: - CAP–OW 5 kBT distance:
002137:   **{CAP_WATER_5KBT_DISTANCE_NM:.3f} nm**
002138: - Initial-overlap cutoff:
002139:   **{WATER_OVERLAP_CUTOFF_NM:.3f} nm**
002140: - Target effective aperture radius:
002141:   **{TARGET_EFFECTIVE_APERTURE_RADIUS_NM:.3f} nm**
002142: 
002143: ## Candidate scan
002144: 
002145: {candidate_lines}
002146: 
002147: ## Selected R2 candidate
002148: 
002149: - Candidate:
002150:   **{selected['candidate_id']}**
002151: - Nominal cap-bead removal radius:
002152:   **{selected['removal_radius_nm']:.6f} nm**
002153: - Lower/upper cap beads:
002154:   **{selected['cap_beads_lower']}/
002155:   {selected['cap_beads_upper']}**
002156: - Removed cap beads:
002157:   **{selected['removed_cap_beads_total']}**
002158: - Effective 5 kBT aperture radius/diameter:
002159:   **{selected['effective_aperture_radius_5kBT_nm']:.6f}/
----- LINES 2190-2225 -----
002190:   **{decision}**
002191: - Failed gates:
002192:   **{'NONE' if not failed_global_gates else ' | '.join(failed_global_gates)}**
002193: - Topology generation authorized:
002194:   **{'YES' if accepted else 'NO'}**
002195: - Energy minimization authorized:
002196:   **NO**
002197: - Molecular dynamics authorized:
002198:   **NO**
002199: - Required next step:
002200:   `{required_next_step}`
002201: 
002202: The selected aperture is a geometry-screening target. Actual water
002203: exchange and retention must be established through a subsequent
002204: validated topology, static interaction scan, water-only minimization,
002205: and short frozen-solute trajectory.
002206: """,
002207:         encoding="utf-8",
002208:     )
002209: 
002210:     print(
002211:         "Day023 R2 partial-cap geometry design "
002212:         "and static validation completed."
002213:     )
002214: 
002215:     print(
002216:         "Candidates evaluated / passing: "
002217:         f"{len(candidates)}/"
002218:         f"{len(passing_candidates)}"
002219:     )
002220: 
002221:     print(
002222:         "Selected candidate / removal radius: "
002223:         f"{selected['candidate_id']} / "
002224:         f"{selected['removal_radius_nm']:.6f} nm"
002225:     )
----- LINES 2228-2263 -----
002228:         "Selected lower/upper/total cap beads: "
002229:         f"{selected['cap_beads_lower']}/"
002230:         f"{selected['cap_beads_upper']}/"
002231:         f"{selected['cap_beads_total']}"
002232:     )
002233: 
002234:     print(
002235:         "Removed cap beads: "
002236:         f"{selected['removed_cap_beads_total']}"
002237:     )
002238: 
002239:     print(
002240:         "Effective aperture radius/diameter at 5 kBT: "
002241:         f"{selected['effective_aperture_radius_5kBT_nm']:.6f}/"
002242:         f"{selected['effective_aperture_diameter_5kBT_nm']:.6f} nm"
002243:     )
002244: 
002245:     print(
002246:         "Conservative aperture radius/diameter: "
002247:         f"{selected['conservative_aperture_radius_nm']:.6f}/"
002248:         f"{selected['conservative_aperture_diameter_nm']:.6f} nm"
002249:     )
002250: 
002251:     print(
002252:         "Open-area fraction: "
002253:         f"{selected['open_area_fraction']:.6f}"
002254:     )
002255: 
002256:     print(
002257:         "Removed / retained waters: "
002258:         f"{selected['removed_water_molecules']}/"
002259:         f"{selected['retained_water_molecules']}"
002260:     )
002261: 
002262:     print(
002263:         "Retained lumen waters / fraction: "

======================================================================
SOURCE=scripts/phase1A/evaluate_day024_r2_reconstruction_vs_partial_attachment_contingency.py
======================================================================
----- LINES 914-949 -----
000914:         )
000915: 
000916:     bond_length_nm = parse_float(
000917:         parent_summary,
000918:         "BN_bond_mean_nm",
000919:     )
000920: 
000921:     parent_rim_radius_nm = parse_float(
000922:         parent_summary,
000923:         "parent_rim_mean_radius_nm",
000924:     )
000925: 
000926:     target_aperture_radius_nm = parse_float(
000927:         parent_summary,
000928:         "target_aperture_radius_nm",
000929:     )
000930: 
000931:     target_aperture_diameter_nm = parse_float(
000932:         parent_summary,
000933:         "target_aperture_diameter_nm",
000934:     )
000935: 
000936:     target_heavy_atoms_per_end = parse_float(
000937:         parent_summary,
000938:         "estimated_monolayer_hBN_atoms_per_end",
000939:     )
000940: 
000941:     outer_shell = parse_int(
000942:         annulus_summary,
000943:         "best_geometry_outer_shell",
000944:     )
000945: 
000946:     inner_shell = parse_int(
000947:         annulus_summary,
000948:         "best_geometry_inner_shell",
000949:     )
----- LINES 2619-2654 -----
002619:             - parent_rim_radius_nm
002620:         )
002621:         / parent_rim_radius_nm
002622:     )
002623: 
002624:     inner_radius_relative_error = (
002625:         abs(
002626:             float(
002627:                 lower_summary[
002628:                     "inner_radius_mean_nm"
002629:                 ]
002630:             )
002631:             - target_aperture_radius_nm
002632:         )
002633:         / target_aperture_radius_nm
002634:     )
002635: 
002636:     reconstruction_feasible = (
002637:         len(
002638:             reconstruction_candidates
002639:         )
002640:         > 0
002641:     )
002642: 
002643:     gates = {
002644:         "Gate3A_parent_audit_is_accepted": (
002645:             parent_summary.get(
002646:                 "decision"
002647:             )
002648:             == EXPECTED_PARENT_DECISION
002649:         ),
002650:         "Gate3D_hexagonal_edge_completion_seed_is_accepted": (
002651:             seed_summary.get(
002652:                 "decision"
002653:             )
002654:             == EXPECTED_SEED_DECISION
----- LINES 2976-3011 -----
002976:             lower_summary[
002977:                 "outer_radius_mean_nm"
002978:             ]
002979:         ),
002980:         "inner_radius_mean_nm": (
002981:             lower_summary[
002982:                 "inner_radius_mean_nm"
002983:             ]
002984:         ),
002985:         "target_parent_rim_radius_nm": (
002986:             parent_rim_radius_nm
002987:         ),
002988:         "target_aperture_radius_nm": (
002989:             target_aperture_radius_nm
002990:         ),
002991:         "target_aperture_diameter_nm": (
002992:             target_aperture_diameter_nm
002993:         ),
002994:         "outer_radius_relative_error": (
002995:             outer_radius_relative_error
002996:         ),
002997:         "inner_radius_relative_error": (
002998:             inner_radius_relative_error
002999:         ),
003000:         "candidate_is_final_chemistry": False,
003001:         "static_coordinate_embedding_authorized": (
003002:             accepted
003003:         ),
003004:         "molecular_topology_generation_authorized": False,
003005:         "formal_charge_assignment_authorized": False,
003006:         "force_field_parameterization_authorized": False,
003007:         "energy_minimization_authorized": False,
003008:         "MD_authorized": False,
003009:         "mobile_MD_authorized": False,
003010:         "multitemperature_MD_authorized": False,
003011:         "QM_authorized": False,
----- LINES 3056-3091 -----
003056:                         "embedded relative to the BNNT in three dimensions."
003057:                     ),
003058:                     (
003059:                         "Hydrogen orientations, B-H and N-H bond lengths, "
003060:                         "bond angles, partial charges, and force-field "
003061:                         "parameters have not been assigned."
003062:                     ),
003063:                     (
003064:                         "Graph-level valence completion does not establish "
003065:                         "energetic stability or synthetic realizability."
003066:                     ),
003067:                     (
003068:                         "The effective hydrated aperture must be measured "
003069:                         "after static three-dimensional embedding."
003070:                     ),
003071:                 ],
003072:             },
003073:             indent=2,
003074:             sort_keys=True,
003075:         )
003076:         + "\n",
003077:         encoding="utf-8",
003078:     )
003079: 
003080:     source_rows = [
003081:         {
003082:             "role": (
003083:                 "Gate3A_parent_atoms"
003084:             ),
003085:             "file": relative(
003086:                 PARENT_ATOMS_CSV
003087:             ),
003088:             "sha256": sha256(
003089:                 PARENT_ATOMS_CSV
003090:             ),
003091:         },
----- LINES 3231-3266 -----
003231:   **{len(nonheteropolar_heavy_edges)}**
003232: 
003233: ## Geometric proxies
003234: 
003235: - Outer radius:
003236:   **{float(lower_summary['outer_radius_mean_nm']):.6f} nm**
003237: - Parent-rim target:
003238:   **{parent_rim_radius_nm:.6f} nm**
003239: - Outer-radius relative error:
003240:   **{outer_radius_relative_error:.6f}**
003241: - Inner radius:
003242:   **{float(lower_summary['inner_radius_mean_nm']):.6f} nm**
003243: - Aperture-radius target:
003244:   **{target_aperture_radius_nm:.6f} nm**
003245: - Inner-radius relative error:
003246:   **{inner_radius_relative_error:.6f}**
003247: 
003248: The inner-radius value is a nucleus-position lattice proxy. The
003249: effective steric aperture after inward H termination must be measured
003250: during the static coordinate-embedding gate.
003251: 
003252: ## Gates
003253: 
003254: {gate_lines}
003255: 
003256: ## Decision
003257: 
003258: - Decision:
003259:   **{decision}**
003260: - Failed gates:
003261:   **{'NONE' if not failed_gates else ' | '.join(failed_gates)}**
003262: - Candidate is final chemistry:
003263:   **NO**
003264: - Static coordinate embedding authorized:
003265:   **{'YES' if accepted else 'NO'}**
003266: - Molecular topology generation authorized:
----- LINES 3378-3413 -----
003378:     )
003379: 
003380:     print(
003381:         "Outer radius / target / relative error: "
003382:         f"{float(lower_summary['outer_radius_mean_nm']):.6f}/"
003383:         f"{parent_rim_radius_nm:.6f}/"
003384:         f"{outer_radius_relative_error:.6f}"
003385:     )
003386: 
003387:     print(
003388:         "Inner radius / target / relative error: "
003389:         f"{float(lower_summary['inner_radius_mean_nm']):.6f}/"
003390:         f"{target_aperture_radius_nm:.6f}/"
003391:         f"{inner_radius_relative_error:.6f}"
003392:     )
003393: 
003394:     print(
003395:         f"Decision: {decision}"
003396:     )
003397: 
003398:     print(
003399:         "Failed gates: "
003400:         + (
003401:             "NONE"
003402:             if not failed_gates
003403:             else " | ".join(
003404:                 failed_gates
003405:             )
003406:         )
003407:     )
003408: 
003409:     print(
003410:         "Candidate is final chemistry: NO"
003411:     )
003412: 
003413:     print(

======================================================================
SOURCE=scripts/phase1A/extract_and_audit_day023_r0_t0_hydrated_state.py
======================================================================
----- LINES 85-120 -----
000085: PYR_ATOMS = 104
000086: SOLUTE_ATOMS = HBN_ATOMS + PYR_ATOMS
000087: WATER_ATOMS = EXPECTED_ATOMS - SOLUTE_ATOMS
000088: WATER_SITES = 4
000089: EXPECTED_WATERS = WATER_ATOMS // WATER_SITES
000090: 
000091: FRAME_INTERVAL_PS = 0.5
000092: TIME_TOLERANCE_PS = 1.0e-6
000093: SOLUTE_MATCH_TOLERANCE_NM = 0.0020
000094: 
000095: END_RING_WIDTH_NM = 0.15
000096: END_ZONE_WIDTH_NM = 0.30
000097: PROVISIONAL_WALL_EXCLUSION_NM = 0.25
000098: 
000099: 
000100: def relative(path: Path) -> str:
000101:     return str(
000102:         path.resolve().relative_to(ROOT)
000103:     )
000104: 
000105: 
000106: def require_file(path: Path) -> None:
000107:     if (
000108:         not path.exists()
000109:         or not path.is_file()
000110:         or path.stat().st_size == 0
000111:     ):
000112:         raise RuntimeError(
000113:             f"Missing or empty file: {path}"
000114:         )
000115: 
000116: 
000117: def sha256_file(path: Path) -> str:
000118:     digest = hashlib.sha256()
000119: 
000120:     with path.open("rb") as handle:
----- LINES 1163-1198 -----
001163:     )
001164: 
001165:     wall_radius_q99 = float(
001166:         np.quantile(
001167:             hbn_radial,
001168:             0.99,
001169:         )
001170:     )
001171: 
001172:     accessible_radius_provisional = max(
001173:         0.0,
001174:         wall_radius_median
001175:         - PROVISIONAL_WALL_EXCLUSION_NM,
001176:     )
001177: 
001178:     accessible_volume_provisional = (
001179:         math.pi
001180:         * accessible_radius_provisional
001181:         * accessible_radius_provisional
001182:         * tube_length_p98
001183:     )
001184: 
001185:     eigenvalue_ratio = float(
001186:         eigenvalues[
001187:             0
001188:         ]
001189:         / max(
001190:             eigenvalues[
001191:                 1
001192:             ],
001193:             1.0e-15,
001194:         )
001195:     )
001196: 
001197:     # Transform water oxygen positions into the same
001198:     # periodic local coordinate system as HBN.

======================================================================
SOURCE=scripts/phase1A/generate_day023_r1_steric_cap_prototype.py
======================================================================
----- LINES 95-130 -----
000095: )
000096: 
000097: LATTICE_SPACINGS_NM = (
000098:     0.18,
000099:     0.20,
000100:     0.22,
000101: )
000102: 
000103: CAP_EDGE_MARGIN_NM = 0.16
000104: 
000105: # Provisional geometric parameters only. They will be replaced by
000106: # explicitly validated nonbonded parameters before any MD execution.
000107: CAP_EFFECTIVE_WATER_EXCLUSION_NM = 0.17
000108: R0_END_EFFECTIVE_WATER_EXCLUSION_NM = 0.17
000109: CAP_WATER_PRUNING_CUTOFF_NM = 0.22
000110: 
000111: MIN_CAP_SOLUTE_DISTANCE_NM = 0.20
000112: MAX_COVERAGE_HOLE_NM = 0.14
000113: MIN_RETAINED_LUMEN_FRACTION = 0.90
000114: MAX_REMOVED_TOTAL_WATER_FRACTION = 0.02
000115: MIN_AXIAL_STERIC_OVERLAP_NM = 0.02
000116: MIN_DISK_EDGE_MARGIN_NM = 0.10
000117: 
000118: COVERAGE_GRID_SPACING_NM = 0.025
000119: 
000120: 
000121: def relative(path: Path) -> str:
000122:     return str(
000123:         path.resolve().relative_to(ROOT)
000124:     )
000125: 
000126: 
000127: def require_file(path: Path) -> None:
000128:     if (
000129:         not path.exists()
000130:         or not path.is_file()
----- LINES 1322-1357 -----
001322:     )
001323: 
001324:     candidate_rows: list[
001325:         dict[str, Any]
001326:     ] = []
001327: 
001328:     candidate_objects: list[
001329:         dict[str, Any]
001330:     ] = []
001331: 
001332:     for offset_nm in OFFSETS_NM:
001333:         axial_steric_overlap_nm = (
001334:             CAP_EFFECTIVE_WATER_EXCLUSION_NM
001335:             + R0_END_EFFECTIVE_WATER_EXCLUSION_NM
001336:             - offset_nm
001337:         )
001338: 
001339:         for spacing_nm in LATTICE_SPACINGS_NM:
001340:             disk_points = triangular_disk(
001341:                 disk_radius_nm,
001342:                 spacing_nm,
001343:             )
001344: 
001345:             (
001346:                 lower_cap,
001347:                 upper_cap,
001348:             ) = build_cap_positions(
001349:                 tube_center_wrapped,
001350:                 tube_axis,
001351:                 basis_first,
001352:                 basis_second,
001353:                 axial_low,
001354:                 axial_high,
001355:                 offset_nm,
001356:                 disk_points,
001357:                 box_lengths,
----- LINES 2068-2103 -----
002068:                 "spacing_nm"
002069:             ]
002070:         ),
002071:         "cap_disk_radius_nm": (
002072:             disk_radius_nm
002073:         ),
002074:         "cap_beads_per_end": len(
002075:             lower_cap
002076:         ),
002077:         "total_cap_beads": len(
002078:             all_cap_positions
002079:         ),
002080:         "provisional_cap_water_exclusion_nm": (
002081:             CAP_EFFECTIVE_WATER_EXCLUSION_NM
002082:         ),
002083:         "water_pruning_cutoff_nm": (
002084:             CAP_WATER_PRUNING_CUTOFF_NM
002085:         ),
002086:         "initial_water_molecules": (
002087:             EXPECTED_WATERS
002088:         ),
002089:         "removed_water_molecules": int(
002090:             selected_row[
002091:                 "removed_total_water_molecules"
002092:             ]
002093:         ),
002094:         "retained_water_molecules": (
002095:             retained_water_count
002096:         ),
002097:         "initial_lumen_water_molecules": (
002098:             AUTHORITATIVE_LUMEN_WATERS
002099:         ),
002100:         "removed_lumen_water_molecules": (
002101:             removed_lumen_count
002102:         ),
002103:         "retained_lumen_water_molecules": (
----- LINES 2296-2331 -----
002296: 
002297: - Geometry prototype accepted: **YES**
002298: - Topology construction authorized: **YES**
002299: - Energy minimization authorized: **NO**
002300: - MD execution authorized: **NO**
002301: - QM execution authorized: **NO**
002302: - Required next step:
002303:   `DEFINE_R1_CAP_NONBONDED_MODEL_AND_BUILD_TOPOLOGY`
002304: 
002305: Before simulation, the cap model must explicitly define:
002306: 
002307: 1. zero net charge;
002308: 2. cap-cap exclusions or zero cap-cap interaction;
002309: 3. a water-oxygen steric interaction;
002310: 4. interactions with HBN and PYR;
002311: 5. frozen coordinate groups;
002312: 6. static energy and overlap validation.
002313: """,
002314:         encoding="utf-8",
002315:     )
002316: 
002317:     print(
002318:         "Day023 R1 steric-cap prototype generation completed."
002319:     )
002320: 
002321:     print(
002322:         "Candidates evaluated / passing: "
002323:         f"{len(candidate_rows)}/{passing_count}"
002324:     )
002325: 
002326:     print(
002327:         "Selected candidate: "
002328:         f"{selected_row['candidate_id']}"
002329:     )
002330: 
002331:     print(

======================================================================
SOURCE=scripts/phase1A/inventory_day021_hydrated_topology_candidates.py
======================================================================
----- LINES 48-83 -----
000048: INCLUDE_PATTERN = re.compile(
000049:     r'^\s*#include\s+[<"]([^>"]+)[>"]'
000050: )
000051: 
000052: HBN_SECTIONS = (
000053:     "atoms",
000054:     "bonds",
000055:     "angles",
000056:     "dihedrals",
000057:     "pairs",
000058:     "pairs_nb",
000059:     "constraints",
000060:     "exclusions",
000061:     "settles",
000062:     "virtual_sites2",
000063:     "virtual_sites3",
000064:     "virtual_sites4",
000065: )
000066: 
000067: 
000068: def log(message: str = "") -> None:
000069:     print(message, flush=True)
000070: 
000071: 
000072: def relative(path: Path) -> str:
000073:     try:
000074:         return str(
000075:             path.resolve().relative_to(
000076:                 PROJECT_ROOT
000077:             )
000078:         )
000079:     except ValueError:
000080:         return str(path.resolve())
000081: 
000082: 
000083: def sha256(path: Path) -> str:

======================================================================
SOURCE=scripts/phase1A/refine_day024_r2_trimer_bridge_conformers_and_h_orientations.py
======================================================================
----- LINES 200-235 -----
000200: MIN_CRITICAL_ANGLE_DEG = 70.0
000201: MAX_CRITICAL_ANGLE_DEG = 175.0
000202: MAX_CRITICAL_RMS_DEVIATION_DEG = 30.0
000203: 
000204: MIN_NONBONDED_HEAVY_HEAVY_NM = 0.120
000205: MIN_NONBONDED_H_HEAVY_NM = 0.070
000206: MIN_NONBONDED_H_H_NM = 0.060
000207: 
000208: SOFT_HEAVY_CLEARANCE_NM = 0.140
000209: SOFT_H_HEAVY_CLEARANCE_NM = 0.090
000210: SOFT_H_H_CLEARANCE_NM = 0.080
000211: 
000212: MAX_APERTURE_ERROR = 0.10
000213: MAX_OUTER_RADIUS_ERROR = 0.15
000214: MAX_END_ASYMMETRY_NM = 0.010
000215: 
000216: CRITICAL_NODE_TYPES = {
000217:     "HEXAGONAL_EDGE_COMPLETION_SEED",
000218:     "ALTERNATING_BN_TRIMER_BRIDGE",
000219:     "ANNULUS_OUTER_BOUNDARY",
000220:     "ANNULUS_INNER_BOUNDARY",
000221: }
000222: 
000223: 
000224: def relative(path: Path) -> str:
000225:     return str(
000226:         path.resolve().relative_to(ROOT)
000227:     )
000228: 
000229: 
000230: def require_file(path: Path) -> None:
000231:     if (
000232:         not path.is_file()
000233:         or path.stat().st_size == 0
000234:     ):
000235:         raise RuntimeError(
----- LINES 2021-2056 -----
002021:             positions[
002022:                 node_id
002023:             ]
002024:             for node_id in parent_ids
002025:         ],
002026:         dtype=float,
002027:     )
002028: 
002029:     tube_center, tube_axis = determine_axis(
002030:         parent_positions
002031:     )
002032: 
002033:     target_aperture_diameter_nm = parse_float(
002034:         parent_summary,
002035:         "target_aperture_diameter_nm",
002036:     )
002037: 
002038:     target_outer_radius_nm = parse_float(
002039:         parent_summary,
002040:         "parent_rim_mean_radius_nm",
002041:     )
002042: 
002043:     library = build_conformer_library()
002044: 
002045:     bridge_paths = sorted(
002046:         bridge_path_rows,
002047:         key=lambda row: (
002048:             row[
002049:                 "end"
002050:             ],
002051:             parse_int(
002052:                 row,
002053:                 "bridge_index",
002054:             ),
002055:         ),
002056:     )
----- LINES 3781-3816 -----
003781:                 )
003782:             )
003783: 
003784:         end_conformer_rows = [
003785:             row
003786:             for row in refined_conformer_rows
003787:             if row[
003788:                 "end"
003789:             ]
003790:             == end
003791:         ]
003792: 
003793:         nuclear_aperture = (
003794:             2.0
003795:             * min(
003796:                 inner_radii
003797:             )
003798:         )
003799: 
003800:         outer_radius = float(
003801:             np.mean(
003802:                 outer_radii
003803:             )
003804:         )
003805: 
003806:         end_rows.append(
003807:             {
003808:                 "end": end,
003809:                 "bridge_conformers": (
003810:                     len(
003811:                         end_conformer_rows
003812:                     )
003813:                 ),
003814:                 "conformers_with_local_angle_violations": sum(
003815:                     int(
003816:                         row[
----- LINES 3836-3871 -----
003836:                         ]
003837:                     )
003838:                     for row in end_conformer_rows
003839:                 ),
003840:                 "maximum_library_distance_error_nm": max(
003841:                     float(
003842:                         row[
003843:                             "library_distance_error_nm"
003844:                         ]
003845:                     )
003846:                     for row in end_conformer_rows
003847:                 ),
003848:                 "nuclear_aperture_diameter_nm": (
003849:                     nuclear_aperture
003850:                 ),
003851:                 "nuclear_aperture_relative_error": abs(
003852:                     nuclear_aperture
003853:                     - target_aperture_diameter_nm
003854:                 ) / target_aperture_diameter_nm,
003855:                 "outer_annulus_radius_mean_nm": (
003856:                     outer_radius
003857:                 ),
003858:                 "outer_annulus_radius_relative_error": abs(
003859:                     outer_radius
003860:                     - target_outer_radius_nm
003861:                 ) / target_outer_radius_nm,
003862:             }
003863:         )
003864: 
003865:     write_rows(
003866:         END_SUMMARY,
003867:         end_rows,
003868:     )
003869: 
003870:     lower = next(
003871:         row
----- LINES 3880-3915 -----
003880:         row
003881:         for row in end_rows
003882:         if row[
003883:             "end"
003884:         ]
003885:         == "UPPER"
003886:     )
003887: 
003888:     end_asymmetry = max(
003889:         abs(
003890:             float(
003891:                 lower[
003892:                     "nuclear_aperture_diameter_nm"
003893:                 ]
003894:             )
003895:             - float(
003896:                 upper[
003897:                     "nuclear_aperture_diameter_nm"
003898:                 ]
003899:             )
003900:         ),
003901:         abs(
003902:             float(
003903:                 lower[
003904:                     "outer_annulus_radius_mean_nm"
003905:                 ]
003906:             )
003907:             - float(
003908:                 upper[
003909:                     "outer_annulus_radius_mean_nm"
003910:                 ]
003911:             )
003912:         ),
003913:         abs(
003914:             float(
003915:                 lower[
----- LINES 4081-4116 -----
004081:         "no_nonbonded_H_heavy_clashes": (
004082:             clash_counts[
004083:                 "H_HEAVY"
004084:             ]
004085:             == 0
004086:         ),
004087:         "no_nonbonded_H_H_clashes": (
004088:             clash_counts[
004089:                 "H_H"
004090:             ]
004091:             == 0
004092:         ),
004093:         "aperture_errors_are_within10percent": all(
004094:             float(
004095:                 row[
004096:                     "nuclear_aperture_relative_error"
004097:                 ]
004098:             )
004099:             <= MAX_APERTURE_ERROR
004100:             for row in end_rows
004101:         ),
004102:         "outer_radius_errors_are_within15percent": all(
004103:             float(
004104:                 row[
004105:                     "outer_annulus_radius_relative_error"
004106:                 ]
004107:             )
004108:             <= MAX_OUTER_RADIUS_ERROR
004109:             for row in end_rows
004110:         ),
004111:         "lower_upper_asymmetry_is_within0p010nm": (
004112:             end_asymmetry
004113:             <= MAX_END_ASYMMETRY_NM
004114:         ),
004115:     }
004116: 
----- LINES 4225-4260 -----
004225:             ]
004226:         ),
004227:         "H_heavy_clash_count": (
004228:             clash_counts[
004229:                 "H_HEAVY"
004230:             ]
004231:         ),
004232:         "H_H_clash_count": (
004233:             clash_counts[
004234:                 "H_H"
004235:             ]
004236:         ),
004237:         "lower_nuclear_aperture_diameter_nm": (
004238:             lower[
004239:                 "nuclear_aperture_diameter_nm"
004240:             ]
004241:         ),
004242:         "upper_nuclear_aperture_diameter_nm": (
004243:             upper[
004244:                 "nuclear_aperture_diameter_nm"
004245:             ]
004246:         ),
004247:         "target_aperture_diameter_nm": (
004248:             target_aperture_diameter_nm
004249:         ),
004250:         "maximum_lower_upper_asymmetry_nm": (
004251:             end_asymmetry
004252:         ),
004253:         "heavy_geometry_pass": (
004254:             heavy_geometry_pass
004255:         ),
004256:         "hydrogen_geometry_pass": (
004257:             hydrogen_geometry_pass
004258:         ),
004259:         "candidate_is_final_chemistry": False,
004260:         "molecular_topology_generation_authorized": False,
----- LINES 4629-4664 -----
004629: ## Nonbonded contacts
004630: 
004631: - Heavy-heavy minimum/clashes:
004632:   **{minimum_distances['HEAVY_HEAVY']:.6f}/
004633:   {clash_counts['HEAVY_HEAVY']}**
004634: - H-heavy minimum/clashes:
004635:   **{minimum_distances['H_HEAVY']:.6f}/
004636:   {clash_counts['H_HEAVY']}**
004637: - H-H minimum/clashes:
004638:   **{minimum_distances['H_H']:.6f}/
004639:   {clash_counts['H_H']}**
004640: 
004641: ## Aperture
004642: 
004643: - Target diameter:
004644:   **{target_aperture_diameter_nm:.6f} nm**
004645: - Lower/upper refined diameter:
004646:   **{float(lower['nuclear_aperture_diameter_nm']):.6f}/
004647:   {float(upper['nuclear_aperture_diameter_nm']):.6f} nm**
004648: 
004649: ## Gates
004650: 
004651: {gate_lines}
004652: 
004653: ## Decision
004654: 
004655: - Decision:
004656:   **{decision}**
004657: - Failed gates:
004658:   **{'NONE' if not failed_gates else ' | '.join(failed_gates)}**
004659: - Heavy geometry pass:
004660:   **{heavy_geometry_pass}**
004661: - Hydrogen geometry pass:
004662:   **{hydrogen_geometry_pass}**
004663: - Candidate is final chemistry:
004664:   **NO**
----- LINES 4719-4754 -----
004719: 
004720:     print(
004721:         "Clash counts heavy-heavy / H-heavy / H-H: "
004722:         f"{clash_counts['HEAVY_HEAVY']}/"
004723:         f"{clash_counts['H_HEAVY']}/"
004724:         f"{clash_counts['H_H']}"
004725:     )
004726: 
004727:     for row in end_rows:
004728:         print(
004729:             f"{row['end']} local-angle-fail conformers / "
004730:             "local-clash conformers / min-clearance / "
004731:             "aperture/error / outer-radius/error: "
004732:             f"{row['conformers_with_local_angle_violations']}/"
004733:             f"{row['conformers_with_local_heavy_clashes']}/"
004734:             f"{float(row['minimum_local_bridge_clearance_nm']):.6f}/"
004735:             f"{float(row['nuclear_aperture_diameter_nm']):.6f}/"
004736:             f"{float(row['nuclear_aperture_relative_error']):.6f}/"
004737:             f"{float(row['outer_annulus_radius_mean_nm']):.6f}/"
004738:             f"{float(row['outer_annulus_radius_relative_error']):.6f}"
004739:         )
004740: 
004741:     print(
004742:         "Maximum lower-upper asymmetry: "
004743:         f"{end_asymmetry:.6f} nm"
004744:     )
004745: 
004746:     print(
004747:         f"Decision: {decision}"
004748:     )
004749: 
004750:     print(
004751:         "Failed gates: "
004752:         + (
004753:             "NONE"
004754:             if not failed_gates

======================================================================
SOURCE=scripts/phase1A/repair_day024_r2_parent_rim_auditor_for_degree1_polar_termini.py
======================================================================
----- LINES 647-682 -----
000647:                 "chemically plausible in general, but the "
000648:                 "accepted parent sites are degree 1 rather "
000649:                 "than conventional degree-2 edge sites."
000650: ''',
000651:         "C0 chemical basis",
000652:     )
000653: 
000654:     text = replace_once(
000655:         text,
000656:         '''                "Insufficient as a direct R2-cap "
000657:                 "replacement because the required "
000658:                 f"inward radial closure is "
000659:                 f"{required_radial_occlusion_nm:.6f} nm."
000660: ''',
000661:         '''                "Insufficient as a direct R2-cap "
000662:                 "replacement because it neither reproduces "
000663:                 "the required inward radial closure of "
000664:                 f"{required_radial_occlusion_nm:.6f} nm "
000665:                 "nor by itself resolves the full parent-side "
000666:                 "coordination deficit."
000667: ''',
000668:         "C0 geometric assessment",
000669:     )
000670: 
000671:     text = replace_once(
000672:         text,
000673:         '''                "Leaves a pore much wider than the "
000674:                 "validated 0.84 nm aperture."
000675: ''',
000676:         '''                "Leaves a pore much wider than the "
000677:                 "validated 0.84 nm aperture and may leave "
000678:                 "the degree-1 polar termini chemically "
000679:                 "under-resolved."
000680: ''',
000681:         "C0 principal risk",
000682:     )
----- LINES 1060-1095 -----
001060:         '''- Dominant element/purity:
001061:   **{upper_metrics['dominant_element']}/
001062:   {upper_metrics['element_purity_fraction']:.6f}**
001063: - Element-alternation fraction:
001064:   **{upper_metrics['element_alternation_fraction']:.6f}**
001065: ''',
001066:         "upper report polarity",
001067:     )
001068: 
001069:     text = replace_once(
001070:         text,
001071:         '''Simple H/OH/NHx passivation of the existing terminal atoms cannot by
001072: itself reproduce the validated aperture because the required inward
001073: radial closure is approximately
001074: **{required_radial_occlusion_nm:.6f} nm**.
001075: ''',
001076:         '''Simple H/OH/NHx termination cannot be promoted directly as the R2
001077: chemical replacement. It cannot reproduce the validated aperture, and
001078: the parent atoms are degree-1 polar termini rather than conventional
001079: degree-2 edge sites. The chemical design must therefore resolve an
001080: aggregate parent-side coordination deficit of
001081: **{EXPECTED_TERMINAL_COORDINATION_DEFICIT_TO_DEGREE3} missing neighbor
001082: incidences**, while also providing an inward radial closure of
001083: **{required_radial_occlusion_nm:.6f} nm**.
001084: ''',
001085:         "report passivation conclusion",
001086:     )
001087: 
001088:     text = replace_once(
001089:         text,
001090:         '''The leading geometric analogue is a separately defined annular
001091: nanoflake or rigid macrocycle positioned at the validated cap plane
001092: and attached through an explicit chemically valid junction. A direct
001093: unstrained 90-degree seamless sp2 junction is not assumed.
001094: ''',
001095:         '''The leading geometric analogue remains a separately defined annular

------------------------------------------------------------------
NUMERICAL RELATIONSHIP CHECK
------------------------------------------------------------------
RADIAL_OR_OPPOSITE_PAIR: nuclear=1.045415170 nm; target=0.839406000 nm; total_reduction=0.206009170 nm; per_side_exclusion=0.103004585 nm
MINIMUM_PROJECTED_WIDTH: nuclear=1.004403541 nm; target=0.839406000 nm; total_reduction=0.164997541 nm; per_side_exclusion=0.082498771 nm

------------------------------------------------------------------
SOURCE HASHES
------------------------------------------------------------------
069eebc40d551b99850090118190bccc9870183f1b02cbd562d96b24ce58dbd4  scripts/phase1A/audit_day024_r2_parent_rim_and_chemical_constraints.py
0ea1008b0818002e8fd2d068391dbe4e2981a10dbb945f8db263f6f09ed0ed5a  scripts/phase1A/build_and_validate_day024_r2_partial_attachment_annulus_static_coordinate_embedding.py
08bb11b7c8850a3c767cab811137a03a10b182e0d2029b43ead2e87753893f6e  scripts/phase1A/build_and_validate_day024_r2_alternating_bn_trimer_bridge_static_coordinate_embedding.py
46d6553fefb4d210396b501dfdf7de3cd848909ce6f4dfd1bda972b8f54a0d7f  scripts/phase1A/refine_day024_r2_trimer_bridge_conformers_and_h_orientations.py
3ba9e213625cd6520be4dcff5141baf5afdd7a9006d6dbdc8cfb2e64ff27b087  scripts/phase1A/build_and_validate_day024_r2_selected_four_atom_heavy_coordinate_embedding.py
453f70175f811bff06956deaf63fd3621c407666df3f577a3c4c11dbda0b88af  scripts/phase1A/audit_day024_r2_aperture_metric_consistency.py

R2 aperture target semantics preflight: COMPLETE
