mapping_id,bridge_atoms_per_attachment,attachments_per_end,end,seed_element,bridge_element_sequence,annulus_endpoint_element,seed_parity,orientation,rotation,endpoint_pairs_evaluated,all_endpoint_pairs_locally_feasible,mapping_geometrically_feasible,interbridge_clashes,minimum_interbridge_clearance_nm,minimum_angle_deg,maximum_bond_deviation_nm,minimum_local_clearance_nm,seed_nodes,annulus_nodes
M4:LOWER:P0:O1:R0,4,15,LOWER,N,B-N-B-N,B,0,1,0,1,False,False,-1,0.0,39.691182061326025,0.0526531815903539,0.1249796463197066,S:1680 | S:1682 | S:1684 | S:1686 | S:1688 | S:1690 | S:1692 | S:1694 | S:1696 | S:1698 | S:1700 | S:1702 | S:1704 | S:1706 | S:1708,A:LOWER:13:5 | A:LOWER:10:6 | A:LOWER:7:7 | A:LOWER:4:8 | A:LOWER:1:9 | A:LOWER:-14:4 | A:LOWER:-14:2 | A:LOWER:-14:0 | A:LOWER:-14:-2 | A:LOWER:-14:-4 | A:LOWER:1:-9 | A:LOWER:4:-8 | A:LOWER:7:-7 | A:LOWER:10:-6 | A:LOWER:13:-5
M4:LOWER:P0:O1:R1,4,15,LOWER,N,B-N-B-N,B,0,1,1,1,False,False,-1,0.0,28.94804471616406,0.09274612284163078,0.12501772619711762,S:1680 | S:1682 | S:1684 | S:1686 | S:1688 | S:1690 | S:1692 | S:1694 | S:1696 | S:1698 | S:1700 | S:1702 | S:1704 | S:1706 | S:1708,A:LOWER:10:6 | A:LOWER:7:7 | A:LOWER:4:8 | A:LOWER:1:9 | A:LOWER:-14:4 | A:LOWER:-14:2 | A:LOWER:-14:0 | A:LOWER:-14:-2 | A:LOWER:-14:-4 | A:LOWER:1:-9 | A:LOWER:4:-8 | A:LOWER:7:-7 | A:LOWER:10:-6 | A:LOWER:13:-5 | A:LOWER:13:5
M4:LOWER:P0:O1:R2,4,15,LOWER,N,B-N-B-N,B,0,1,2,1,False,False,-1,0.0,23.014327660408636,0.12833573462903783,0.1412747697671874,S:1680 | S:1682 | S:1684 | S:1686 | S:1688 | S:1690 | S:1692 | S:1694 | S:1696 | S:1698 | S:1700 | S:1702 | S:1704 | S:1706 | S:1708,A:LOWER:7:7 | A:LOWER:4:8 | A:LOWER:1:9 | A:LOWER:-14:4 | A:LOWER:-14:2 | A:LOWER:-14:0 | A:LOWER:-14:-2 | A:LOWER:-14:-4 | A:LOWER:1:-9 | A:LOWER:4:-8 | A:LOWER:7:-7 | A:LOWER:10:-6 | A:LOWER:13:-5 | A:LOWER:13:5 | A:LOWER:10:6
M4:LOWER:P0:O1:R3,4,15,LOWER,N,B-N-B-N,B,0,1,3,1,False,False,-1,0.0,13.240492088102966,0.1750581976051596,0.14264518703969334,S:1680 | S:1682 | S:1684 | S:1686 | S:1688 | S:1690 | S:1692 | S:1694 | S:1696 | S:1698 | S:1700 | S:1702 | S:1704 | S:1706 | S:1708,A:LOWER:4:8 | A:LOWER:1:9 | A:LOWER:-14:4 | A:LOWER:-14:2 | A:LOWER:-14:0 | A:LOWER:-14:-2 | A:LOWER:-14:-4 | A:LOWER:1:-9 | A:LOWER:4:-8 | A:LOWER:7:-7 | A:LOWER:10:-6 | A:LOWER:13:-5 | A:LOWER:13:5 | A:LOWER:10:6 | A:LOWER:7:7
M4:LOWER:P0:O1:R4,4,15,LOWER,N,B-N-B-N,B,0,1,4,1,False,False,-1,0.0,18.23236267619705,0.2241073369765377,0.14012353085185975,S:1680 | S:1682 | S:1684 | S:1686 | S:1688 | S:1690 | S:1692 | S:1694 | S:1696 | S:1698 | S:1700 | S:1702 | S:1704 | S:1706 | S:1708,A:LOWER:1:9 | A:LOWER:-14:4 | A:LOWER:-14:2 | A:LOWER:-14:0 | A:LOWER:-14:-2 | A:LOWER:-14:-4 | A:LOWER:1:-9 | A:LOWER:4:-8 | A:LOWER:7:-7 | A:LOWER:10:-6 | A:LOWER:13:-5 | A:LOWER:13:5 | A:LOWER:10:6 | A:LOWER:7:7 | A:LOWER:4:8
M4:LOWER:P0:O1:R5,4,15,LOWER,N,B-N-B-N,B,0,1,5,1,False,False,-1,0.0,41.69830159708827,0.332881731637904,0.14106741782884366,S:1680 | S:1682 | S:1684 | S:1686 | S:1688 | S:1690 | S:1692 | S:1694 | S:1696 | S:1698 | S:1700 | S:1702 | S:1704 | S:1706 | S:1708,A:LOWER:-14:4 | A:LOWER:-14:2 | A:LOWER:-14:0 | A:LOWER:-14:-2 | A:LOWER:-14:-4 | A:LOWER:1:-9 | A:LOWER:4:-8 | A:LOWER:7:-7 | A:LOWER:10:-6 | A:LOWER:13:-5 | A:LOWER:13:5 | A:LOWER:10:6 | A:LOWER:7:7 | A:LOWER:4:8 | A:LOWER:1:9
M4:LOWER:P0:O1:R6,4,15,LOWER,N,B-N-B-N,B,0,1,6,1,False,False,-1,0.0,49.67129191017769,0.31585421580694684,0.14112000371606473,S:1680 | S:1682 | S:1684 | S:1686 | S:1688 | S:1690 | S:1692 | S:1694 | S:1696 | S:1698 | S:1700 | S:1702 | S:1704 | S:1706 | S:1708,A:LOWER:-14:2 | A:LOWER:-14:0 | A:LOWER:-14:-2 | A:LOWER:-14:-4 | A:LOWER:1:-9 | A:LOWER:4:-8 | A:LOWER:7:-7 | A:LOWER:10:-6 | A:LOWER:13:-5 | A:LOWER:13:5 | A:LOWER:10:6 | A:LOWER:7:7 | A:LOWER:4:8 | A:LOWER:1:9 | A:LOWER:-14:4
M4:LOWER:P0:O1:R7,4,15,LOWER,N,B-N-B-N,B,0,1,7,1,False,False,-1,0.0,49.74407224327459,0.30745628399062097,0.1335671531700309,S:1680 | S:1682 | S:1684 | S:1686 | S:1688 | S:1690 | S:1692 | S:1694 | S:1696 | S:1698 | S:1700 | S:1702 | S:1704 | S:1706 | S:1708,A:LOWER:-14:0 | A:LOWER:-14:-2 | A:LOWER:-14:-4 | A:LOWER:1:-9 | A:LOWER:4:-8 | A:LOWER:7:-7 | A:LOWER:10:-6 | A:LOWER:13:-5 | A:LOWER:13:5 | A:LOWER:10:6 | A:LOWER:7:7 | A:LOWER:4:8 | A:LOWER:1:9 | A:LOWER:-14:4 | A:LOWER:-14:2
M4:LOWER:P0:O1:R8,4,15,LOWER,N,B-N-B-N,B,0,1,8,1,False,False,-1,0.0,61.03352971460039,0.3046660660598227,0.11156970819333699,S:1680 | S:1682 | S:1684 | S:1686 | S:1688 | S:1690 | S:1692 | S:1694 | S:1696 | S:1698 | S:1700 | S:1702 | S:1704 | S:1706 | S:1708,A:LOWER:-14:-2 | A:LOWER:-14:-4 | A:LOWER:1:-9 | A:LOWER:4:-8 | A:LOWER:7:-7 | A:LOWER:10:-6 | A:LOWER:13:-5 | A:LOWER:13:5 | A:LOWER:10:6 | A:LOWER:7:7 | A:LOWER:4:8 | A:LOWER:1:9 | A:LOWER:-14:4 | A:LOWER:-14:2 | A:LOWER:-14:0
M4:LOWER:P0:O1:R9,4,15,LOWER,N,B-N-B-N,B,0,1,9,1,False,False,-1,0.0,49.56125912217483,0.31215933577725286,0.13297807323306987,S:1680 | S:1682 | S:1684 | S:1686 | S:1688 | S:1690 | S:1692 | S:1694 | S:1696 | S:1698 | S:1700 | S:1702 | S:1704 | S:1706 | S:1708,A:LOWER:-14:-4 | A:LOWER:1:-9 | A:LOWER:4:-8 | A:LOWER:7:-7 | A:LOWER:10:-6 | A:LOWER:13:-5 | A:LOWER:13:5 | A:LOWER:10:6 | A:LOWER:7:7 | A:LOWER:4:8 | A:LOWER:1:9 | A:LOWER:-14:4 | A:LOWER:-14:2 | A:LOWER:-14:0 | A:LOWER:-14:-2
M4:LOWER:P0:O1:R10,4,15,LOWER,N,B-N-B-N,B,0,1,10,1,False,False,-1,0.0,17.619054463786384,0.15390536903974775,0.1291355308236549,S:1680 | S:1682 | S:1684 | S:1686 | S:1688 | S:1690 | S:1692 | S:1694 | S:1696 | S:1698 | S:1700 | S:1702 | S:1704 | S:1706 | S:1708,A:LOWER:1:-9 | A:LOWER:4:-8 | A:LOWER:7:-7 | A:LOWER:10:-6 | A:LOWER:13:-5 | A:LOWER:13:5 | A:LOWER:10:6 | A:LOWER:7:7 | A:LOWER:4:8 | A:LOWER:1:9 | A:LOWER:-14:4 | A:LOWER:-14:2 | A:LOWER:-14:0 | A:LOWER:-14:-2 | A:LOWER:-14:-4
M4:LOWER:P0:O1:R11,4,15,LOWER,N,B-N-B-N,B,0,1,11,1,False,False,-1,0.0,29.056073213320737,0.10586565298252756,0.12931666077692067,S:1680 | S:1682 | S:1684 | S:1686 | S:1688 | S:1690 | S:1692 | S:1694 | S:1696 | S:1698 | S:1700 | S:1702 | S:1704 | S:1706 | S:1708,A:LOWER:4:-8 | A:LOWER:7:-7 | A:LOWER:10:-6 | A:LOWER:13:-5 | A:LOWER:13:5 | A:LOWER:10:6 | A:LOWER:7:7 | A:LOWER:4:8 | A:LOWER:1:9 | A:LOWER:-14:4 | A:LOWER:-14:2 | A:LOWER:-14:0 | A:LOWER:-14:-2 | A:LOWER:-14:-4 | A:LOWER:1:-9
M4:LOWER:P0:O1:R12,4,15,LOWER,N,B-N-B-N,B,0,1,12,1,False,False,-1,0.0,39.31286822564901,0.057123098752809354,0.12485824576554673,S:1680 | S:1682 | S:1684 | S:1686 | S:1688 | S:1690 | S:1692 | S:1694 | S:1696 | S:1698 | S:1700 | S:1702 | S:1704 | S:1706 | S:1708,A:LOWER:7:-7 | A:LOWER:10:-6 | A:LOWER:13:-5 | A:LOWER:13:5 | A:LOWER:10:6 | A:LOWER:7:7 | A:LOWER:4:8 | A:LOWER:1:9 | A:LOWER:-14:4 | A:LOWER:-14:2 | A:LOWER:-14:0 | A:LOWER:-14:-2 | A:LOWER:-14:-4 | A:LOWER:1:-9 | A:LOWER:4:-8
M4:LOWER:P0:O1:R13,4,15,LOWER,N,B-N-B-N,B,0,1,13,1,False,False,-1,0.0,38.9726403611898,0.010406350049471519,0.10049234815984812,S:1680 | S:1682 | S:1684 | S:1686 | S:1688 | S:1690 | S:1692 | S:1694 | S:1696 | S:1698 | S:1700 | S:1702 | S:1704 | S:1706 | S:1708,A:LOWER:10:-6 | A:LOWER:13:-5 | A:LOWER:13:5 | A:LOWER:10:6 | A:LOWER:7:7 | A:LOWER:4:8 | A:LOWER:1:9 | A:LOWER:-14:4 | A:LOWER:-14:2 | A:LOWER:-14:0 | A:LOWER:-14:-2 | A:LOWER:-14:-4 | A:LOWER:1:-9 | A:LOWER:4:-8 | A:LOWER:7:-7
M4:LOWER:P0:O1:R14,4,15,LOWER,N,B-N-B-N,B,0,1,14,2,False,False,-1,0.0,30.97757638110524,0.13892137560452686,0.10888079201657759,S:1680 | S:1682 | S:1684 | S:1686 | S:1688 | S:1690 | S:1692 | S:1694 | S:1696 | S:1698 | S:1700 | S:1702 | S:1704 | S:1706 | S:1708,A:LOWER:13:-5 | A:LOWER:13:5 | A:LOWER:10:6 | A:LOWER:7:7 | A:LOWER:4:8 | A:LOWER:1:9 | A:LOWER:-14:4 | A:LOWER:-14:2 | A:LOWER:-14:0 | A:LOWER:-14:-2 | A:LOWER:-14:-4 | A:LOWER:1:-9 | A:LOWER:4:-8 | A:LOWER:7:-7 | A:LOWER:10:-6
M4:LOWER:P0:O-1:R0,4,15,LOWER,N,B-N-B-N,B,0,-1,0,1,False,False,-1,0.0,39.691182061326025,0.0526531815903539,0.1249796463197066,S:1680 | S:1682 | S:1684 | S:1686 | S:1688 | S:1690 | S:1692 | S:1694 | S:1696 | S:1698 | S:1700 | S:1702 | S:1704 | S:1706 | S:1708,A:LOWER:13:5 | A:LOWER:13:-5 | A:LOWER:10:-6 | A:LOWER:7:-7 | A:LOWER:4:-8 | A:LOWER:1:-9 | A:LOWER:-14:-4 | A:LOWER:-14:-2 | A:LOWER:-14:0 | A:LOWER:-14:2 | A:LOWER:-14:4 | A:LOWER:1:9 | A:LOWER:4:8 | A:LOWER:7:7 | A:LOWER:10:6
M4:LOWER:P0:O-1:R1,4,15,LOWER,N,B-N-B-N,B,0,-1,1,1,False,False,-1,0.0,28.94804471616406,0.09274612284163078,0.12501772619711762,S:1680 | S:1682 | S:1684 | S:1686 | S:1688 | S:1690 | S:1692 | S:1694 | S:1696 | S:1698 | S:1700 | S:1702 | S:1704 | S:1706 | S:1708,A:LOWER:10:6 | A:LOWER:13:5 | A:LOWER:13:-5 | A:LOWER:10:-6 | A:LOWER:7:-7 | A:LOWER:4:-8 | A:LOWER:1:-9 | A:LOWER:-14:-4 | A:LOWER:-14:-2 | A:LOWER:-14:0 | A:LOWER:-14:2 | A:LOWER:-14:4 | A:LOWER:1:9 | A:LOWER:4:8 | A:LOWER:7:7
M4:LOWER:P0:O-1:R2,4,15,LOWER,N,B-N-B-N,B,0,-1,2,1,False,False,-1,0.0,23.014327660408636,0.12833573462903783,0.1412747697671874,S:1680 | S:1682 | S:1684 | S:1686 | S:1688 | S:1690 | S:1692 | S:1694 | S:1696 | S:1698 | S:1700 | S:1702 | S:1704 | S:1706 | S:1708,A:LOWER:7:7 | A:LOWER:10:6 | A:LOWER:13:5 | A:LOWER:13:-5 | A:LOWER:10:-6 | A:LOWER:7:-7 | A:LOWER:4:-8 | A:LOWER:1:-9 | A:LOWER:-14:-4 | A:LOWER:-14:-2 | A:LOWER:-14:0 | A:LOWER:-14:2 | A:LOWER:-14:4 | A:LOWER:1:9 | A:LOWER:4:8
M4:LOWER:P0:O-1:R3,4,15,LOWER,N,B-N-B-N,B,0,-1,3,1,False,False,-1,0.0,13.240492088102966,0.1750581976051596,0.14264518703969334,S:1680 | S:1682 | S:1684 | S:1686 | S:1688 | S:1690 | S:1692 | S:1694 | S:1696 | S:1698 | S:1700 | S:1702 | S:1704 | S:1706 | S:1708,A:LOWER:4:8 | A:LOWER:7:7 | A:LOWER:10:6 | A:LOWER:13:5 | A:LOWER:13:-5 | A:LOWER:10:-6 | A:LOWER:7:-7 | A:LOWER:4:-8 | A:LOWER:1:-9 | A:LOWER:-14:-4 | A:LOWER:-14:-2 | A:LOWER:-14:0 | A:LOWER:-14:2 | A:LOWER:-14:4 | A:LOWER:1:9
M4:LOWER:P0:O-1:R4,4,15,LOWER,N,B-N-B-N,B,0,-1,4,1,False,False,-1,0.0,18.23236267619705,0.2241073369765377,0.14012353085185975,S:1680 | S:1682 | S:1684 | S:1686 | S:1688 | S:1690 | S:1692 | S:1694 | S:1696 | S:1698 | S:1700 | S:1702 | S:1704 | S:1706 | S:1708,A:LOWER:1:9 | A:LOWER:4:8 | A:LOWER:7:7 | A:LOWER:10:6 | A:LOWER:13:5 | A:LOWER:13:-5 | A:LOWER:10:-6 | A:LOWER:7:-7 | A:LOWER:4:-8 | A:LOWER:1:-9 | A:LOWER:-14:-4 | A:LOWER:-14:-2 | A:LOWER:-14:0 | A:LOWER:-14:2 | A:LOWER:-14:4
M4:LOWER:P0:O-1:R5,4,15,LOWER,N,B-N-B-N,B,0,-1,5,1,False,False,-1,0.0,41.69830159708827,0.332881731637904,0.14106741782884366,S:1680 | S:1682 | S:1684 | S:1686 | S:1688 | S:1690 | S:1692 | S:1694 | S:1696 | S:1698 | S:1700 | S:1702 | S:1704 | S:1706 | S:1708,A:LOWER:-14:4 | A:LOWER:1:9 | A:LOWER:4:8 | A:LOWER:7:7 | A:LOWER:10:6 | A:LOWER:13:5 | A:LOWER:13:-5 | A:LOWER:10:-6 | A:LOWER:7:-7 | A:LOWER:4:-8 | A:LOWER:1:-9 | A:LOWER:-14:-4 | A:LOWER:-14:-2 | A:LOWER:-14:0 | A:LOWER:-14:2
M4:LOWER:P0:O-1:R6,4,15,LOWER,N,B-N-B-N,B,0,-1,6,1,False,False,-1,0.0,49.67129191017769,0.31585421580694684,0.14112000371606473,S:1680 | S:1682 | S:1684 | S:1686 | S:1688 | S:1690 | S:1692 | S:1694 | S:1696 | S:1698 | S:1700 | S:1702 | S:1704 | S:1706 | S:1708,A:LOWER:-14:2 | A:LOWER:-14:4 | A:LOWER:1:9 | A:LOWER:4:8 | A:LOWER:7:7 | A:LOWER:10:6 | A:LOWER:13:5 | A:LOWER:13:-5 | A:LOWER:10:-6 | A:LOWER:7:-7 | A:LOWER:4:-8 | A:LOWER:1:-9 | A:LOWER:-14:-4 | A:LOWER:-14:-2 | A:LOWER:-14:0
M4:LOWER:P0:O-1:R7,4,15,LOWER,N,B-N-B-N,B,0,-1,7,1,False,False,-1,0.0,49.74407224327459,0.30745628399062097,0.1335671531700309,S:1680 | S:1682 | S:1684 | S:1686 | S:1688 | S:1690 | S:1692 | S:1694 | S:1696 | S:1698 | S:1700 | S:1702 | S:1704 | S:1706 | S:1708,A:LOWER:-14:0 | A:LOWER:-14:2 | A:LOWER:-14:4 | A:LOWER:1:9 | A:LOWER:4:8 | A:LOWER:7:7 | A:LOWER:10:6 | A:LOWER:13:5 | A:LOWER:13:-5 | A:LOWER:10:-6 | A:LOWER:7:-7 | A:LOWER:4:-8 | A:LOWER:1:-9 | A:LOWER:-14:-4 | A:LOWER:-14:-2
M4:LOWER:P0:O-1:R8,4,15,LOWER,N,B-N-B-N,B,0,-1,8,1,False,False,-1,0.0,61.03352971460039,0.3046660660598227,0.11156970819333699,S:1680 | S:1682 | S:1684 | S:1686 | S:1688 | S:1690 | S:1692 | S:1694 | S:1696 | S:1698 | S:1700 | S:1702 | S:1704 | S:1706 | S:1708,A:LOWER:-14:-2 | A:LOWER:-14:0 | A:LOWER:-14:2 | A:LOWER:-14:4 | A:LOWER:1:9 | A:LOWER:4:8 | A:LOWER:7:7 | A:LOWER:10:6 | A:LOWER:13:5 | A:LOWER:13:-5 | A:LOWER:10:-6 | A:LOWER:7:-7 | A:LOWER:4:-8 | A:LOWER:1:-9 | A:LOWER:-14:-4
M4:LOWER:P0:O-1:R9,4,15,LOWER,N,B-N-B-N,B,0,-1,9,1,False,False,-1,0.0,49.56125912217483,0.31215933577725286,0.13297807323306987,S:1680 | S:1682 | S:1684 | S:1686 | S:1688 | S:1690 | S:1692 | S:1694 | S:1696 | S:1698 | S:1700 | S:1702 | S:1704 | S:1706 | S:1708,A:LOWER:-14:-4 | A:LOWER:-14:-2 | A:LOWER:-14:0 | A:LOWER:-14:2 | A:LOWER:-14:4 | A:LOWER:1:9 | A:LOWER:4:8 | A:LOWER:7:7 | A:LOWER:10:6 | A:LOWER:13:5 | A:LOWER:13:-5 | A:LOWER:10:-6 | A:LOWER:7:-7 | A:LOWER:4:-8 | A:LOWER:1:-9
M4:LOWER:P0:O-1:R10,4,15,LOWER,N,B-N-B-N,B,0,-1,10,1,False,False,-1,0.0,17.619054463786384,0.15390536903974775,0.1291355308236549,S:1680 | S:1682 | S:1684 | S:1686 | S:1688 | S:1690 | S:1692 | S:1694 | S:1696 | S:1698 | S:1700 | S:1702 | S:1704 | S:1706 | S:1708,A:LOWER:1:-9 | A:LOWER:-14:-4 | A:LOWER:-14:-2 | A:LOWER:-14:0 | A:LOWER:-14:2 | A:LOWER:-14:4 | A:LOWER:1:9 | A:LOWER:4:8 | A:LOWER:7:7 | A:LOWER:10:6 | A:LOWER:13:5 | A:LOWER:13:-5 | A:LOWER:10:-6 | A:LOWER:7:-7 | A:LOWER:4:-8
M4:LOWER:P0:O-1:R11,4,15,LOWER,N,B-N-B-N,B,0,-1,11,1,False,False,-1,0.0,29.056073213320737,0.10586565298252756,0.12931666077692067,S:1680 | S:1682 | S:1684 | S:1686 | S:1688 | S:1690 | S:1692 | S:1694 | S:1696 | S:1698 | S:1700 | S:1702 | S:1704 | S:1706 | S:1708,A:LOWER:4:-8 | A:LOWER:1:-9 | A:LOWER:-14:-4 | A:LOWER:-14:-2 | A:LOWER:-14:0 | A:LOWER:-14:2 | A:LOWER:-14:4 | A:LOWER:1:9 | A:LOWER:4:8 | A:LOWER:7:7 | A:LOWER:10:6 | A:LOWER:13:5 | A:LOWER:13:-5 | A:LOWER:10:-6 | A:LOWER:7:-7
M4:LOWER:P0:O-1:R12,4,15,LOWER,N,B-N-B-N,B,0,-1,12,1,False,False,-1,0.0,39.31286822564901,0.057123098752809354,0.12485824576554673,S:1680 | S:1682 | S:1684 | S:1686 | S:1688 | S:1690 | S:1692 | S:1694 | S:1696 | S:1698 | S:1700 | S:1702 | S:1704 | S:1706 | S:1708,A:LOWER:7:-7 | A:LOWER:4:-8 | A:LOWER:1:-9 | A:LOWER:-14:-4 | A:LOWER:-14:-2 | A:LOWER:-14:0 | A:LOWER:-14:2 | A:LOWER:-14:4 | A:LOWER:1:9 | A:LOWER:4:8 | A:LOWER:7:7 | A:LOWER:10:6 | A:LOWER:13:5 | A:LOWER:13:-5 | A:LOWER:10:-6
M4:LOWER:P0:O-1:R13,4,15,LOWER,N,B-N-B-N,B,0,-1,13,1,False,False,-1,0.0,38.9726403611898,0.010406350049471519,0.10049234815984812,S:1680 | S:1682 | S:1684 | S:1686 | S:1688 | S:1690 | S:1692 | S:1694 | S:1696 | S:1698 | S:1700 | S:1702 | S:1704 | S:1706 | S:1708,A:LOWER:10:-6 | A:LOWER:7:-7 | A:LOWER:4:-8 | A:LOWER:1:-9 | A:LOWER:-14:-4 | A:LOWER:-14:-2 | A:LOWER:-14:0 | A:LOWER:-14:2 | A:LOWER:-14:4 | A:LOWER:1:9 | A:LOWER:4:8 | A:LOWER:7:7 | A:LOWER:10:6 | A:LOWER:13:5 | A:LOWER:13:-5
M4:LOWER:P0:O-1:R14,4,15,LOWER,N,B-N-B-N,B,0,-1,14,15,True,True,0,0.1676174158174238,70.89983978777892,3.042762437002744e-05,0.15974739665991966,S:1680 | S:1682 | S:1684 | S:1686 | S:1688 | S:1690 | S:1692 | S:1694 | S:1696 | S:1698 | S:1700 | S:1702 | S:1704 | S:1706 | S:1708,A:LOWER:13:-5 | A:LOWER:10:-6 | A:LOWER:7:-7 | A:LOWER:4:-8 | A:LOWER:1:-9 | A:LOWER:-14:-4 | A:LOWER:-14:-2 | A:LOWER:-14:0 | A:LOWER:-14:2 | A:LOWER:-14:4 | A:LOWER:1:9 | A:LOWER:4:8 | A:LOWER:7:7 | A:LOWER:10:6 | A:LOWER:13:5
M4:LOWER:P1:O1:R0,4,15,LOWER,N,B-N-B-N,B,1,1,0,1,False,False,-1,0.0,29.875781715280517,0.09827120698517725,0.12109874512779818,S:1681 | S:1683 | S:1685 | S:1687 | S:1689 | S:1691 | S:1693 | S:1695 | S:1697 | S:1699 | S:1701 | S:1703 | S:1705 | S:1707 | S:1709,A:LOWER:13:5 | A:LOWER:10:6 | A:LOWER:7:7 | A:LOWER:4:8 | A:LOWER:1:9 | A:LOWER:-14:4 | A:LOWER:-14:2 | A:LOWER:-14:0 | A:LOWER:-14:-2 | A:LOWER:-14:-4 | A:LOWER:1:-9 | A:LOWER:4:-8 | A:LOWER:7:-7 | A:LOWER:10:-6 | A:LOWER:13:-5
M4:LOWER:P1:O1:R1,4,15,LOWER,N,B-N-B-N,B,1,1,1,1,False,False,-1,0.0,20.979030885897927,0.12789778232068147,0.12293208112768511,S:1681 | S:1683 | S:1685 | S:1687 | S:1689 | S:1691 | S:1693 | S:1695 | S:1697 | S:1699 | S:1701 | S:1703 | S:1705 | S:1707 | S:1709,A:LOWER:10:6 | A:LOWER:7:7 | A:LOWER:4:8 | A:LOWER:1:9 | A:LOWER:-14:4 | A:LOWER:-14:2 | A:LOWER:-14:0 | A:LOWER:-14:-2 | A:LOWER:-14:-4 | A:LOWER:1:-9 | A:LOWER:4:-8 | A:LOWER:7:-7 | A:LOWER:10:-6 | A:LOWER:13:-5 | A:LOWER:13:5
M4:LOWER:P1:O1:R2,4,15,LOWER,N,B-N-B-N,B,1,1,2,1,False,False,-1,0.0,6.187977191074336,0.16597929466651726,0.12244873375518643,S:1681 | S:1683 | S:1685 | S:1687 | S:1689 | S:1691 | S:1693 | S:1695 | S:1697 | S:1699 | S:1701 | S:1703 | S:1705 | S:1707 | S:1709,A:LOWER:7:7 | A:LOWER:4:8 | A:LOWER:1:9 | A:LOWER:-14:4 | A:LOWER:-14:2 | A:LOWER:-14:0 | A:LOWER:-14:-2 | A:LOWER:-14:-4 | A:LOWER:1:-9 | A:LOWER:4:-8 | A:LOWER:7:-7 | A:LOWER:10:-6 | A:LOWER:13:-5 | A:LOWER:13:5 | A:LOWER:10:6
M4:LOWER:P1:O1:R3,4,15,LOWER,N,B-N-B-N,B,1,1,3,1,False,False,-1,0.0,17.14970409749932,0.20379661983532368,0.1289959011253891,S:1681 | S:1683 | S:1685 | S:1687 | S:1689 | S:1691 | S:1693 | S:1695 | S:1697 | S:1699 | S:1701 | S:1703 | S:1705 | S:1707 | S:1709,A:LOWER:4:8 | A:LOWER:1:9 | A:LOWER:-14:4 | A:LOWER:-14:2 | A:LOWER:-14:0 | A:LOWER:-14:-2 | A:LOWER:-14:-4 | A:LOWER:1:-9 | A:LOWER:4:-8 | A:LOWER:7:-7 | A:LOWER:10:-6 | A:LOWER:13:-5 | A:LOWER:13:5 | A:LOWER:10:6 | A:LOWER:7:7
M4:LOWER:P1:O1:R4,4,15,LOWER,N,B-N-B-N,B,1,1,4,1,False,False,-1,0.0,16.84775026135766,0.25067927928440037,0.12955624325342296,S:1681 | S:1683 | S:1685 | S:1687 | S:1689 | S:1691 | S:1693 | S:1695 | S:1697 | S:1699 | S:1701 | S:1703 | S:1705 | S:1707 | S:1709,A:LOWER:1:9 | A:LOWER:-14:4 | A:LOWER:-14:2 | A:LOWER:-14:0 | A:LOWER:-14:-2 | A:LOWER:-14:-4 | A:LOWER:1:-9 | A:LOWER:4:-8 | A:LOWER:7:-7 | A:LOWER:10:-6 | A:LOWER:13:-5 | A:LOWER:13:5 | A:LOWER:10:6 | A:LOWER:7:7 | A:LOWER:4:8
M4:LOWER:P1:O1:R5,4,15,LOWER,N,B-N-B-N,B,1,1,5,1,False,False,-1,0.0,40.219521928666865,0.33640480603754697,0.13416642805037762,S:1681 | S:1683 | S:1685 | S:1687 | S:1689 | S:1691 | S:1693 | S:1695 | S:1697 | S:1699 | S:1701 | S:1703 | S:1705 | S:1707 | S:1709,A:LOWER:-14:4 | A:LOWER:-14:2 | A:LOWER:-14:0 | A:LOWER:-14:-2 | A:LOWER:-14:-4 | A:LOWER:1:-9 | A:LOWER:4:-8 | A:LOWER:7:-7 | A:LOWER:10:-6 | A:LOWER:13:-5 | A:LOWER:13:5 | A:LOWER:10:6 | A:LOWER:7:7 | A:LOWER:4:8 | A:LOWER:1:9
M4:LOWER:P1:O1:R6,4,15,LOWER,N,B-N-B-N,B,1,1,6,1,False,False,-1,0.0,44.70025566762738,0.3188096714705283,0.1405793910557397,S:1681 | S:1683 | S:1685 | S:1687 | S:1689 | S:1691 | S:1693 | S:1695 | S:1697 | S:1699 | S:1701 | S:1703 | S:1705 | S:1707 | S:1709,A:LOWER:-14:2 | A:LOWER:-14:0 | A:LOWER:-14:-2 | A:LOWER:-14:-4 | A:LOWER:1:-9 | A:LOWER:4:-8 | A:LOWER:7:-7 | A:LOWER:10:-6 | A:LOWER:13:-5 | A:LOWER:13:5 | A:LOWER:10:6 | A:LOWER:7:7 | A:LOWER:4:8 | A:LOWER:1:9 | A:LOWER:-14:4
M4:LOWER:P1:O1:R7,4,15,LOWER,N,B-N-B-N,B,1,1,7,1,False,False,-1,0.0,50.02395749427874,0.3035786587362046,0.14007481984245113,S:1681 | S:1683 | S:1685 | S:1687 | S:1689 | S:1691 | S:1693 | S:1695 | S:1697 | S:1699 | S:1701 | S:1703 | S:1705 | S:1707 | S:1709,A:LOWER:-14:0 | A:LOWER:-14:-2 | A:LOWER:-14:-4 | A:LOWER:1:-9 | A:LOWER:4:-8 | A:LOWER:7:-7 | A:LOWER:10:-6 | A:LOWER:13:-5 | A:LOWER:13:5 | A:LOWER:10:6 | A:LOWER:7:7 | A:LOWER:4:8 | A:LOWER:1:9 | A:LOWER:-14:4 | A:LOWER:-14:2
M4:LOWER:P1:O1:R8,4,15,LOWER,N,B-N-B-N,B,1,1,8,1,False,False,-1,0.0,47.38348736686871,0.2919769837507199,0.1365826973356881,S:1681 | S:1683 | S:1685 | S:1687 | S:1689 | S:1691 | S:1693 | S:1695 | S:1697 | S:1699 | S:1701 | S:1703 | S:1705 | S:1707 | S:1709,A:LOWER:-14:-2 | A:LOWER:-14:-4 | A:LOWER:1:-9 | A:LOWER:4:-8 | A:LOWER:7:-7 | A:LOWER:10:-6 | A:LOWER:13:-5 | A:LOWER:13:5 | A:LOWER:10:6 | A:LOWER:7:7 | A:LOWER:4:8 | A:LOWER:1:9 | A:LOWER:-14:4 | A:LOWER:-14:2 | A:LOWER:-14:0
M4:LOWER:P1:O1:R9,4,15,LOWER,N,B-N-B-N,B,1,1,9,1,False,False,-1,0.0,60.96576463245793,0.29260990591699043,0.1127664504188022,S:1681 | S:1683 | S:1685 | S:1687 | S:1689 | S:1691 | S:1693 | S:1695 | S:1697 | S:1699 | S:1701 | S:1703 | S:1705 | S:1707 | S:1709,A:LOWER:-14:-4 | A:LOWER:1:-9 | A:LOWER:4:-8 | A:LOWER:7:-7 | A:LOWER:10:-6 | A:LOWER:13:-5 | A:LOWER:13:5 | A:LOWER:10:6 | A:LOWER:7:7 | A:LOWER:4:8 | A:LOWER:1:9 | A:LOWER:-14:4 | A:LOWER:-14:2 | A:LOWER:-14:0 | A:LOWER:-14:-2
M4:LOWER:P1:O1:R10,4,15,LOWER,N,B-N-B-N,B,1,1,10,1,False,False,-1,0.0,37.40142415426887,0.11428150813083107,0.11248009180904359,S:1681 | S:1683 | S:1685 | S:1687 | S:1689 | S:1691 | S:1693 | S:1695 | S:1697 | S:1699 | S:1701 | S:1703 | S:1705 | S:1707 | S:1709,A:LOWER:1:-9 | A:LOWER:4:-8 | A:LOWER:7:-7 | A:LOWER:10:-6 | A:LOWER:13:-5 | A:LOWER:13:5 | A:LOWER:10:6 | A:LOWER:7:7 | A:LOWER:4:8 | A:LOWER:1:9 | A:LOWER:-14:4 | A:LOWER:-14:2 | A:LOWER:-14:0 | A:LOWER:-14:-2 | A:LOWER:-14:-4
M4:LOWER:P1:O1:R11,4,15,LOWER,N,B-N-B-N,B,1,1,11,1,False,False,-1,0.0,44.95534168533154,0.06513465145127573,0.12887226784286568,S:1681 | S:1683 | S:1685 | S:1687 | S:1689 | S:1691 | S:1693 | S:1695 | S:1697 | S:1699 | S:1701 | S:1703 | S:1705 | S:1707 | S:1709,A:LOWER:4:-8 | A:LOWER:7:-7 | A:LOWER:10:-6 | A:LOWER:13:-5 | A:LOWER:13:5 | A:LOWER:10:6 | A:LOWER:7:7 | A:LOWER:4:8 | A:LOWER:1:9 | A:LOWER:-14:4 | A:LOWER:-14:2 | A:LOWER:-14:0 | A:LOWER:-14:-2 | A:LOWER:-14:-4 | A:LOWER:1:-9
M4:LOWER:P1:O1:R12,4,15,LOWER,N,B-N-B-N,B,1,1,12,1,False,False,-1,0.0,46.82942331262195,0.014853751467018866,0.12175446980419534,S:1681 | S:1683 | S:1685 | S:1687 | S:1689 | S:1691 | S:1693 | S:1695 | S:1697 | S:1699 | S:1701 | S:1703 | S:1705 | S:1707 | S:1709,A:LOWER:7:-7 | A:LOWER:10:-6 | A:LOWER:13:-5 | A:LOWER:13:5 | A:LOWER:10:6 | A:LOWER:7:7 | A:LOWER:4:8 | A:LOWER:1:9 | A:LOWER:-14:4 | A:LOWER:-14:2 | A:LOWER:-14:0 | A:LOWER:-14:-2 | A:LOWER:-14:-4 | A:LOWER:1:-9 | A:LOWER:4:-8
M4:LOWER:P1:O1:R13,4,15,LOWER,N,B-N-B-N,B,1,1,13,3,False,False,-1,0.0,45.183804482403566,0.2394376104630284,0.1422370662087369,S:1681 | S:1683 | S:1685 | S:1687 | S:1689 | S:1691 | S:1693 | S:1695 | S:1697 | S:1699 | S:1701 | S:1703 | S:1705 | S:1707 | S:1709,A:LOWER:10:-6 | A:LOWER:13:-5 | A:LOWER:13:5 | A:LOWER:10:6 | A:LOWER:7:7 | A:LOWER:4:8 | A:LOWER:1:9 | A:LOWER:-14:4 | A:LOWER:-14:2 | A:LOWER:-14:0 | A:LOWER:-14:-2 | A:LOWER:-14:-4 | A:LOWER:1:-9 | A:LOWER:4:-8 | A:LOWER:7:-7
M4:LOWER:P1:O1:R14,4,15,LOWER,N,B-N-B-N,B,1,1,14,2,False,False,-1,0.0,44.18913921928023,0.17416963035597346,0.12411415575794593,S:1681 | S:1683 | S:1685 | S:1687 | S:1689 | S:1691 | S:1693 | S:1695 | S:1697 | S:1699 | S:1701 | S:1703 | S:1705 | S:1707 | S:1709,A:LOWER:13:-5 | A:LOWER:13:5 | A:LOWER:10:6 | A:LOWER:7:7 | A:LOWER:4:8 | A:LOWER:1:9 | A:LOWER:-14:4 | A:LOWER:-14:2 | A:LOWER:-14:0 | A:LOWER:-14:-2 | A:LOWER:-14:-4 | A:LOWER:1:-9 | A:LOWER:4:-8 | A:LOWER:7:-7 | A:LOWER:10:-6
M4:LOWER:P1:O-1:R0,4,15,LOWER,N,B-N-B-N,B,1,-1,0,1,False,False,-1,0.0,29.875781715280517,0.09827120698517725,0.12109874512779818,S:1681 | S:1683 | S:1685 | S:1687 | S:1689 | S:1691 | S:1693 | S:1695 | S:1697 | S:1699 | S:1701 | S:1703 | S:1705 | S:1707 | S:1709,A:LOWER:13:5 | A:LOWER:13:-5 | A:LOWER:10:-6 | A:LOWER:7:-7 | A:LOWER:4:-8 | A:LOWER:1:-9 | A:LOWER:-14:-4 | A:LOWER:-14:-2 | A:LOWER:-14:0 | A:LOWER:-14:2 | A:LOWER:-14:4 | A:LOWER:1:9 | A:LOWER:4:8 | A:LOWER:7:7 | A:LOWER:10:6
M4:LOWER:P1:O-1:R1,4,15,LOWER,N,B-N-B-N,B,1,-1,1,1,False,False,-1,0.0,20.979030885897927,0.12789778232068147,0.12293208112768511,S:1681 | S:1683 | S:1685 | S:1687 | S:1689 | S:1691 | S:1693 | S:1695 | S:1697 | S:1699 | S:1701 | S:1703 | S:1705 | S:1707 | S:1709,A:LOWER:10:6 | A:LOWER:13:5 | A:LOWER:13:-5 | A:LOWER:10:-6 | A:LOWER:7:-7 | A:LOWER:4:-8 | A:LOWER:1:-9 | A:LOWER:-14:-4 | A:LOWER:-14:-2 | A:LOWER:-14:0 | A:LOWER:-14:2 | A:LOWER:-14:4 | A:LOWER:1:9 | A:LOWER:4:8 | A:LOWER:7:7
M4:LOWER:P1:O-1:R2,4,15,LOWER,N,B-N-B-N,B,1,-1,2,1,False,False,-1,0.0,6.187977191074336,0.16597929466651726,0.12244873375518643,S:1681 | S:1683 | S:1685 | S:1687 | S:1689 | S:1691 | S:1693 | S:1695 | S:1697 | S:1699 | S:1701 | S:1703 | S:1705 | S:1707 | S:1709,A:LOWER:7:7 | A:LOWER:10:6 | A:LOWER:13:5 | A:LOWER:13:-5 | A:LOWER:10:-6 | A:LOWER:7:-7 | A:LOWER:4:-8 | A:LOWER:1:-9 | A:LOWER:-14:-4 | A:LOWER:-14:-2 | A:LOWER:-14:0 | A:LOWER:-14:2 | A:LOWER:-14:4 | A:LOWER:1:9 | A:LOWER:4:8
M4:LOWER:P1:O-1:R3,4,15,LOWER,N,B-N-B-N,B,1,-1,3,1,False,False,-1,0.0,17.14970409749932,0.20379661983532368,0.1289959011253891,S:1681 | S:1683 | S:1685 | S:1687 | S:1689 | S:1691 | S:1693 | S:1695 | S:1697 | S:1699 | S:1701 | S:1703 | S:1705 | S:1707 | S:1709,A:LOWER:4:8 | A:LOWER:7:7 | A:LOWER:10:6 | A:LOWER:13:5 | A:LOWER:13:-5 | A:LOWER:10:-6 | A:LOWER:7:-7 | A:LOWER:4:-8 | A:LOWER:1:-9 | A:LOWER:-14:-4 | A:LOWER:-14:-2 | A:LOWER:-14:0 | A:LOWER:-14:2 | A:LOWER:-14:4 | A:LOWER:1:9
M4:LOWER:P1:O-1:R4,4,15,LOWER,N,B-N-B-N,B,1,-1,4,1,False,False,-1,0.0,16.84775026135766,0.25067927928440037,0.12955624325342296,S:1681 | S:1683 | S:1685 | S:1687 | S:1689 | S:1691 | S:1693 | S:1695 | S:1697 | S:1699 | S:1701 | S:1703 | S:1705 | S:1707 | S:1709,A:LOWER:1:9 | A:LOWER:4:8 | A:LOWER:7:7 | A:LOWER:10:6 | A:LOWER:13:5 | A:LOWER:13:-5 | A:LOWER:10:-6 | A:LOWER:7:-7 | A:LOWER:4:-8 | A:LOWER:1:-9 | A:LOWER:-14:-4 | A:LOWER:-14:-2 | A:LOWER:-14:0 | A:LOWER:-14:2 | A:LOWER:-14:4
M4:LOWER:P1:O-1:R5,4,15,LOWER,N,B-N-B-N,B,1,-1,5,1,False,False,-1,0.0,40.219521928666865,0.33640480603754697,0.13416642805037762,S:1681 | S:1683 | S:1685 | S:1687 | S:1689 | S:1691 | S:1693 | S:1695 | S:1697 | S:1699 | S:1701 | S:1703 | S:1705 | S:1707 | S:1709,A:LOWER:-14:4 | A:LOWER:1:9 | A:LOWER:4:8 | A:LOWER:7:7 | A:LOWER:10:6 | A:LOWER:13:5 | A:LOWER:13:-5 | A:LOWER:10:-6 | A:LOWER:7:-7 | A:LOWER:4:-8 | A:LOWER:1:-9 | A:LOWER:-14:-4 | A:LOWER:-14:-2 | A:LOWER:-14:0 | A:LOWER:-14:2
M4:LOWER:P1:O-1:R6,4,15,LOWER,N,B-N-B-N,B,1,-1,6,1,False,False,-1,0.0,44.70025566762738,0.3188096714705283,0.1405793910557397,S:1681 | S:1683 | S:1685 | S:1687 | S:1689 | S:1691 | S:1693 | S:1695 | S:1697 | S:1699 | S:1701 | S:1703 | S:1705 | S:1707 | S:1709,A:LOWER:-14:2 | A:LOWER:-14:4 | A:LOWER:1:9 | A:LOWER:4:8 | A:LOWER:7:7 | A:LOWER:10:6 | A:LOWER:13:5 | A:LOWER:13:-5 | A:LOWER:10:-6 | A:LOWER:7:-7 | A:LOWER:4:-8 | A:LOWER:1:-9 | A:LOWER:-14:-4 | A:LOWER:-14:-2 | A:LOWER:-14:0
M4:LOWER:P1:O-1:R7,4,15,LOWER,N,B-N-B-N,B,1,-1,7,1,False,False,-1,0.0,50.02395749427874,0.3035786587362046,0.14007481984245113,S:1681 | S:1683 | S:1685 | S:1687 | S:1689 | S:1691 | S:1693 | S:1695 | S:1697 | S:1699 | S:1701 | S:1703 | S:1705 | S:1707 | S:1709,A:LOWER:-14:0 | A:LOWER:-14:2 | A:LOWER:-14:4 | A:LOWER:1:9 | A:LOWER:4:8 | A:LOWER:7:7 | A:LOWER:10:6 | A:LOWER:13:5 | A:LOWER:13:-5 | A:LOWER:10:-6 | A:LOWER:7:-7 | A:LOWER:4:-8 | A:LOWER:1:-9 | A:LOWER:-14:-4 | A:LOWER:-14:-2
M4:LOWER:P1:O-1:R8,4,15,LOWER,N,B-N-B-N,B,1,-1,8,1,False,False,-1,0.0,47.38348736686871,0.2919769837507199,0.1365826973356881,S:1681 | S:1683 | S:1685 | S:1687 | S:1689 | S:1691 | S:1693 | S:1695 | S:1697 | S:1699 | S:1701 | S:1703 | S:1705 | S:1707 | S:1709,A:LOWER:-14:-2 | A:LOWER:-14:0 | A:LOWER:-14:2 | A:LOWER:-14:4 | A:LOWER:1:9 | A:LOWER:4:8 | A:LOWER:7:7 | A:LOWER:10:6 | A:LOWER:13:5 | A:LOWER:13:-5 | A:LOWER:10:-6 | A:LOWER:7:-7 | A:LOWER:4:-8 | A:LOWER:1:-9 | A:LOWER:-14:-4
M4:LOWER:P1:O-1:R9,4,15,LOWER,N,B-N-B-N,B,1,-1,9,1,False,False,-1,0.0,60.96576463245793,0.29260990591699043,0.1127664504188022,S:1681 | S:1683 | S:1685 | S:1687 | S:1689 | S:1691 | S:1693 | S:1695 | S:1697 | S:1699 | S:1701 | S:1703 | S:1705 | S:1707 | S:1709,A:LOWER:-14:-4 | A:LOWER:-14:-2 | A:LOWER:-14:0 | A:LOWER:-14:2 | A:LOWER:-14:4 | A:LOWER:1:9 | A:LOWER:4:8 | A:LOWER:7:7 | A:LOWER:10:6 | A:LOWER:13:5 | A:LOWER:13:-5 | A:LOWER:10:-6 | A:LOWER:7:-7 | A:LOWER:4:-8 | A:LOWER:1:-9
M4:LOWER:P1:O-1:R10,4,15,LOWER,N,B-N-B-N,B,1,-1,10,1,False,False,-1,0.0,37.40142415426887,0.11428150813083107,0.11248009180904359,S:1681 | S:1683 | S:1685 | S:1687 | S:1689 | S:1691 | S:1693 | S:1695 | S:1697 | S:1699 | S:1701 | S:1703 | S:1705 | S:1707 | S:1709,A:LOWER:1:-9 | A:LOWER:-14:-4 | A:LOWER:-14:-2 | A:LOWER:-14:0 | A:LOWER:-14:2 | A:LOWER:-14:4 | A:LOWER:1:9 | A:LOWER:4:8 | A:LOWER:7:7 | A:LOWER:10:6 | A:LOWER:13:5 | A:LOWER:13:-5 | A:LOWER:10:-6 | A:LOWER:7:-7 | A:LOWER:4:-8
M4:LOWER:P1:O-1:R11,4,15,LOWER,N,B-N-B-N,B,1,-1,11,1,False,False,-1,0.0,44.95534168533154,0.06513465145127573,0.12887226784286568,S:1681 | S:1683 | S:1685 | S:1687 | S:1689 | S:1691 | S:1693 | S:1695 | S:1697 | S:1699 | S:1701 | S:1703 | S:1705 | S:1707 | S:1709,A:LOWER:4:-8 | A:LOWER:1:-9 | A:LOWER:-14:-4 | A:LOWER:-14:-2 | A:LOWER:-14:0 | A:LOWER:-14:2 | A:LOWER:-14:4 | A:LOWER:1:9 | A:LOWER:4:8 | A:LOWER:7:7 | A:LOWER:10:6 | A:LOWER:13:5 | A:LOWER:13:-5 | A:LOWER:10:-6 | A:LOWER:7:-7
M4:LOWER:P1:O-1:R12,4,15,LOWER,N,B-N-B-N,B,1,-1,12,1,False,False,-1,0.0,46.82942331262195,0.014853751467018866,0.12175446980419534,S:1681 | S:1683 | S:1685 | S:1687 | S:1689 | S:1691 | S:1693 | S:1695 | S:1697 | S:1699 | S:1701 | S:1703 | S:1705 | S:1707 | S:1709,A:LOWER:7:-7 | A:LOWER:4:-8 | A:LOWER:1:-9 | A:LOWER:-14:-4 | A:LOWER:-14:-2 | A:LOWER:-14:0 | A:LOWER:-14:2 | A:LOWER:-14:4 | A:LOWER:1:9 | A:LOWER:4:8 | A:LOWER:7:7 | A:LOWER:10:6 | A:LOWER:13:5 | A:LOWER:13:-5 | A:LOWER:10:-6
M4:LOWER:P1:O-1:R13,4,15,LOWER,N,B-N-B-N,B,1,-1,13,5,False,False,-1,0.0,41.49379728196591,0.009646304303435077,0.1063870657663201,S:1681 | S:1683 | S:1685 | S:1687 | S:1689 | S:1691 | S:1693 | S:1695 | S:1697 | S:1699 | S:1701 | S:1703 | S:1705 | S:1707 | S:1709,A:LOWER:10:-6 | A:LOWER:7:-7 | A:LOWER:4:-8 | A:LOWER:1:-9 | A:LOWER:-14:-4 | A:LOWER:-14:-2 | A:LOWER:-14:0 | A:LOWER:-14:2 | A:LOWER:-14:4 | A:LOWER:1:9 | A:LOWER:4:8 | A:LOWER:7:7 | A:LOWER:10:6 | A:LOWER:13:5 | A:LOWER:13:-5
M4:LOWER:P1:O-1:R14,4,15,LOWER,N,B-N-B-N,B,1,-1,14,5,False,False,-1,0.0,41.695843281517355,0.009632075878339752,0.10687230229885239,S:1681 | S:1683 | S:1685 | S:1687 | S:1689 | S:1691 | S:1693 | S:1695 | S:1697 | S:1699 | S:1701 | S:1703 | S:1705 | S:1707 | S:1709,A:LOWER:13:-5 | A:LOWER:10:-6 | A:LOWER:7:-7 | A:LOWER:4:-8 | A:LOWER:1:-9 | A:LOWER:-14:-4 | A:LOWER:-14:-2 | A:LOWER:-14:0 | A:LOWER:-14:2 | A:LOWER:-14:4 | A:LOWER:1:9 | A:LOWER:4:8 | A:LOWER:7:7 | A:LOWER:10:6 | A:LOWER:13:5
M4:UPPER:P0:O1:R0,4,15,UPPER,B,N-B-N-B,N,0,1,0,2,False,False,-1,0.0,28.25706867607836,0.09266368193924174,0.12340087453924202,S:1710 | S:1712 | S:1714 | S:1716 | S:1718 | S:1720 | S:1722 | S:1724 | S:1726 | S:1728 | S:1730 | S:1732 | S:1734 | S:1736 | S:1738,A:UPPER:13:5 | A:UPPER:10:6 | A:UPPER:7:7 | A:UPPER:4:8 | A:UPPER:1:9 | A:UPPER:-14:4 | A:UPPER:-14:2 | A:UPPER:-14:0 | A:UPPER:-14:-2 | A:UPPER:-14:-4 | A:UPPER:1:-9 | A:UPPER:4:-8 | A:UPPER:7:-7 | A:UPPER:10:-6 | A:UPPER:13:-5
M4:UPPER:P0:O1:R1,4,15,UPPER,B,N-B-N-B,N,0,1,1,1,False,False,-1,0.0,39.37590541262253,0.010489664947924915,0.10151524847239288,S:1710 | S:1712 | S:1714 | S:1716 | S:1718 | S:1720 | S:1722 | S:1724 | S:1726 | S:1728 | S:1730 | S:1732 | S:1734 | S:1736 | S:1738,A:UPPER:10:6 | A:UPPER:7:7 | A:UPPER:4:8 | A:UPPER:1:9 | A:UPPER:-14:4 | A:UPPER:-14:2 | A:UPPER:-14:0 | A:UPPER:-14:-2 | A:UPPER:-14:-4 | A:UPPER:1:-9 | A:UPPER:4:-8 | A:UPPER:7:-7 | A:UPPER:10:-6 | A:UPPER:13:-5 | A:UPPER:13:5
M4:UPPER:P0:O1:R2,4,15,UPPER,B,N-B-N-B,N,0,1,2,1,False,False,-1,0.0,39.10057999092114,0.05721077296902982,0.12437748890390354,S:1710 | S:1712 | S:1714 | S:1716 | S:1718 | S:1720 | S:1722 | S:1724 | S:1726 | S:1728 | S:1730 | S:1732 | S:1734 | S:1736 | S:1738,A:UPPER:7:7 | A:UPPER:4:8 | A:UPPER:1:9 | A:UPPER:-14:4 | A:UPPER:-14:2 | A:UPPER:-14:0 | A:UPPER:-14:-2 | A:UPPER:-14:-4 | A:UPPER:1:-9 | A:UPPER:4:-8 | A:UPPER:7:-7 | A:UPPER:10:-6 | A:UPPER:13:-5 | A:UPPER:13:5 | A:UPPER:10:6
M4:UPPER:P0:O1:R3,4,15,UPPER,B,N-B-N-B,N,0,1,3,1,False,False,-1,0.0,30.278856643981573,0.1059551055441372,0.12719654227710314,S:1710 | S:1712 | S:1714 | S:1716 | S:1718 | S:1720 | S:1722 | S:1724 | S:1726 | S:1728 | S:1730 | S:1732 | S:1734 | S:1736 | S:1738,A:UPPER:4:8 | A:UPPER:1:9 | A:UPPER:-14:4 | A:UPPER:-14:2 | A:UPPER:-14:0 | A:UPPER:-14:-2 | A:UPPER:-14:-4 | A:UPPER:1:-9 | A:UPPER:4:-8 | A:UPPER:7:-7 | A:UPPER:10:-6 | A:UPPER:13:-5 | A:UPPER:13:5 | A:UPPER:10:6 | A:UPPER:7:7
M4:UPPER:P0:O1:R4,4,15,UPPER,B,N-B-N-B,N,0,1,4,1,False,False,-1,0.0,18.28473029473951,0.1539949970072099,0.12920504267339705,S:1710 | S:1712 | S:1714 | S:1716 | S:1718 | S:1720 | S:1722 | S:1724 | S:1726 | S:1728 | S:1730 | S:1732 | S:1734 | S:1736 | S:1738,A:UPPER:1:9 | A:UPPER:-14:4 | A:UPPER:-14:2 | A:UPPER:-14:0 | A:UPPER:-14:-2 | A:UPPER:-14:-4 | A:UPPER:1:-9 | A:UPPER:4:-8 | A:UPPER:7:-7 | A:UPPER:10:-6 | A:UPPER:13:-5 | A:UPPER:13:5 | A:UPPER:10:6 | A:UPPER:7:7 | A:UPPER:4:8
M4:UPPER:P0:O1:R5,4,15,UPPER,B,N-B-N-B,N,0,1,5,1,False,False,-1,0.0,50.19054666627681,0.3122372032394173,0.13193534136419316,S:1710 | S:1712 | S:1714 | S:1716 | S:1718 | S:1720 | S:1722 | S:1724 | S:1726 | S:1728 | S:1730 | S:1732 | S:1734 | S:1736 | S:1738,A:UPPER:-14:4 | A:UPPER:-14:2 | A:UPPER:-14:0 | A:UPPER:-14:-2 | A:UPPER:-14:-4 | A:UPPER:1:-9 | A:UPPER:4:-8 | A:UPPER:7:-7 | A:UPPER:10:-6 | A:UPPER:13:-5 | A:UPPER:13:5 | A:UPPER:10:6 | A:UPPER:7:7 | A:UPPER:4:8 | A:UPPER:1:9
M4:UPPER:P0:O1:R6,4,15,UPPER,B,N-B-N-B,N,0,1,6,1,False,False,-1,0.0,61.05664496662835,0.3047377965318194,0.11156431243292333,S:1710 | S:1712 | S:1714 | S:1716 | S:1718 | S:1720 | S:1722 | S:1724 | S:1726 | S:1728 | S:1730 | S:1732 | S:1734 | S:1736 | S:1738,A:UPPER:-14:2 | A:UPPER:-14:0 | A:UPPER:-14:-2 | A:UPPER:-14:-4 | A:UPPER:1:-9 | A:UPPER:4:-8 | A:UPPER:7:-7 | A:UPPER:10:-6 | A:UPPER:13:-5 | A:UPPER:13:5 | A:UPPER:10:6 | A:UPPER:7:7 | A:UPPER:4:8 | A:UPPER:1:9 | A:UPPER:-14:4
M4:UPPER:P0:O1:R7,4,15,UPPER,B,N-B-N-B,N,0,1,7,1,False,False,-1,0.0,49.31579688510448,0.3075213318403246,0.1341679116442694,S:1710 | S:1712 | S:1714 | S:1716 | S:1718 | S:1720 | S:1722 | S:1724 | S:1726 | S:1728 | S:1730 | S:1732 | S:1734 | S:1736 | S:1738,A:UPPER:-14:0 | A:UPPER:-14:-2 | A:UPPER:-14:-4 | A:UPPER:1:-9 | A:UPPER:4:-8 | A:UPPER:7:-7 | A:UPPER:10:-6 | A:UPPER:13:-5 | A:UPPER:13:5 | A:UPPER:10:6 | A:UPPER:7:7 | A:UPPER:4:8 | A:UPPER:1:9 | A:UPPER:-14:4 | A:UPPER:-14:2
M4:UPPER:P0:O1:R8,4,15,UPPER,B,N-B-N-B,N,0,1,8,1,False,False,-1,0.0,48.54720323750134,0.3159119380927322,0.14059588694016714,S:1710 | S:1712 | S:1714 | S:1716 | S:1718 | S:1720 | S:1722 | S:1724 | S:1726 | S:1728 | S:1730 | S:1732 | S:1734 | S:1736 | S:1738,A:UPPER:-14:-2 | A:UPPER:-14:-4 | A:UPPER:1:-9 | A:UPPER:4:-8 | A:UPPER:7:-7 | A:UPPER:10:-6 | A:UPPER:13:-5 | A:UPPER:13:5 | A:UPPER:10:6 | A:UPPER:7:7 | A:UPPER:4:8 | A:UPPER:1:9 | A:UPPER:-14:4 | A:UPPER:-14:2 | A:UPPER:-14:0
M4:UPPER:P0:O1:R9,4,15,UPPER,B,N-B-N-B,N,0,1,9,1,False,False,-1,0.0,41.92749796902248,0.3342792826015334,0.14004287634867432,S:1710 | S:1712 | S:1714 | S:1716 | S:1718 | S:1720 | S:1722 | S:1724 | S:1726 | S:1728 | S:1730 | S:1732 | S:1734 | S:1736 | S:1738,A:UPPER:-14:-4 | A:UPPER:1:-9 | A:UPPER:4:-8 | A:UPPER:7:-7 | A:UPPER:10:-6 | A:UPPER:13:-5 | A:UPPER:13:5 | A:UPPER:10:6 | A:UPPER:7:7 | A:UPPER:4:8 | A:UPPER:1:9 | A:UPPER:-14:4 | A:UPPER:-14:2 | A:UPPER:-14:0 | A:UPPER:-14:-2
M4:UPPER:P0:O1:R10,4,15,UPPER,B,N-B-N-B,N,0,1,10,1,False,False,-1,0.0,18.288531534040576,0.22410921349216542,0.14009106807105362,S:1710 | S:1712 | S:1714 | S:1716 | S:1718 | S:1720 | S:1722 | S:1724 | S:1726 | S:1728 | S:1730 | S:1732 | S:1734 | S:1736 | S:1738,A:UPPER:1:-9 | A:UPPER:4:-8 | A:UPPER:7:-7 | A:UPPER:10:-6 | A:UPPER:13:-5 | A:UPPER:13:5 | A:UPPER:10:6 | A:UPPER:7:7 | A:UPPER:4:8 | A:UPPER:1:9 | A:UPPER:-14:4 | A:UPPER:-14:2 | A:UPPER:-14:0 | A:UPPER:-14:-2 | A:UPPER:-14:-4
M4:UPPER:P0:O1:R11,4,15,UPPER,B,N-B-N-B,N,0,1,11,1,False,False,-1,0.0,12.820073940239938,0.17505466934957117,0.14201097995026515,S:1710 | S:1712 | S:1714 | S:1716 | S:1718 | S:1720 | S:1722 | S:1724 | S:1726 | S:1728 | S:1730 | S:1732 | S:1734 | S:1736 | S:1738,A:UPPER:4:-8 | A:UPPER:7:-7 | A:UPPER:10:-6 | A:UPPER:13:-5 | A:UPPER:13:5 | A:UPPER:10:6 | A:UPPER:7:7 | A:UPPER:4:8 | A:UPPER:1:9 | A:UPPER:-14:4 | A:UPPER:-14:2 | A:UPPER:-14:0 | A:UPPER:-14:-2 | A:UPPER:-14:-4 | A:UPPER:1:-9
M4:UPPER:P0:O1:R12,4,15,UPPER,B,N-B-N-B,N,0,1,12,1,False,False,-1,0.0,22.899274951341607,0.12832515690216437,0.14142137513694988,S:1710 | S:1712 | S:1714 | S:1716 | S:1718 | S:1720 | S:1722 | S:1724 | S:1726 | S:1728 | S:1730 | S:1732 | S:1734 | S:1736 | S:1738,A:UPPER:7:-7 | A:UPPER:10:-6 | A:UPPER:13:-5 | A:UPPER:13:5 | A:UPPER:10:6 | A:UPPER:7:7 | A:UPPER:4:8 | A:UPPER:1:9 | A:UPPER:-14:4 | A:UPPER:-14:2 | A:UPPER:-14:0 | A:UPPER:-14:-2 | A:UPPER:-14:-4 | A:UPPER:1:-9 | A:UPPER:4:-8
M4:UPPER:P0:O1:R13,4,15,UPPER,B,N-B-N-B,N,0,1,13,1,False,False,-1,0.0,28.78596322541579,0.09272538745124176,0.12463607640977228,S:1710 | S:1712 | S:1714 | S:1716 | S:1718 | S:1720 | S:1722 | S:1724 | S:1726 | S:1728 | S:1730 | S:1732 | S:1734 | S:1736 | S:1738,A:UPPER:10:-6 | A:UPPER:13:-5 | A:UPPER:13:5 | A:UPPER:10:6 | A:UPPER:7:7 | A:UPPER:4:8 | A:UPPER:1:9 | A:UPPER:-14:4 | A:UPPER:-14:2 | A:UPPER:-14:0 | A:UPPER:-14:-2 | A:UPPER:-14:-4 | A:UPPER:1:-9 | A:UPPER:4:-8 | A:UPPER:7:-7
M4:UPPER:P0:O1:R14,4,15,UPPER,B,N-B-N-B,N,0,1,14,1,False,False,-1,0.0,40.015591119989516,0.05261996585564879,0.12247030982797347,S:1710 | S:1712 | S:1714 | S:1716 | S:1718 | S:1720 | S:1722 | S:1724 | S:1726 | S:1728 | S:1730 | S:1732 | S:1734 | S:1736 | S:1738,A:UPPER:13:-5 | A:UPPER:13:5 | A:UPPER:10:6 | A:UPPER:7:7 | A:UPPER:4:8 | A:UPPER:1:9 | A:UPPER:-14:4 | A:UPPER:-14:2 | A:UPPER:-14:0 | A:UPPER:-14:-2 | A:UPPER:-14:-4 | A:UPPER:1:-9 | A:UPPER:4:-8 | A:UPPER:7:-7 | A:UPPER:10:-6
M4:UPPER:P0:O-1:R0,4,15,UPPER,B,N-B-N-B,N,0,-1,0,15,True,True,0,0.16093662470718767,70.9389521089501,4.410696145812354e-05,0.1621259061649665,S:1710 | S:1712 | S:1714 | S:1716 | S:1718 | S:1720 | S:1722 | S:1724 | S:1726 | S:1728 | S:1730 | S:1732 | S:1734 | S:1736 | S:1738,A:UPPER:13:5 | A:UPPER:13:-5 | A:UPPER:10:-6 | A:UPPER:7:-7 | A:UPPER:4:-8 | A:UPPER:1:-9 | A:UPPER:-14:-4 | A:UPPER:-14:-2 | A:UPPER:-14:0 | A:UPPER:-14:2 | A:UPPER:-14:4 | A:UPPER:1:9 | A:UPPER:4:8 | A:UPPER:7:7 | A:UPPER:10:6
M4:UPPER:P0:O-1:R1,4,15,UPPER,B,N-B-N-B,N,0,-1,1,1,False,False,-1,0.0,39.37590541262253,0.010489664947924915,0.10151524847239288,S:1710 | S:1712 | S:1714 | S:1716 | S:1718 | S:1720 | S:1722 | S:1724 | S:1726 | S:1728 | S:1730 | S:1732 | S:1734 | S:1736 | S:1738,A:UPPER:10:6 | A:UPPER:13:5 | A:UPPER:13:-5 | A:UPPER:10:-6 | A:UPPER:7:-7 | A:UPPER:4:-8 | A:UPPER:1:-9 | A:UPPER:-14:-4 | A:UPPER:-14:-2 | A:UPPER:-14:0 | A:UPPER:-14:2 | A:UPPER:-14:4 | A:UPPER:1:9 | A:UPPER:4:8 | A:UPPER:7:7
M4:UPPER:P0:O-1:R2,4,15,UPPER,B,N-B-N-B,N,0,-1,2,1,False,False,-1,0.0,39.10057999092114,0.05721077296902982,0.12437748890390354,S:1710 | S:1712 | S:1714 | S:1716 | S:1718 | S:1720 | S:1722 | S:1724 | S:1726 | S:1728 | S:1730 | S:1732 | S:1734 | S:1736 | S:1738,A:UPPER:7:7 | A:UPPER:10:6 | A:UPPER:13:5 | A:UPPER:13:-5 | A:UPPER:10:-6 | A:UPPER:7:-7 | A:UPPER:4:-8 | A:UPPER:1:-9 | A:UPPER:-14:-4 | A:UPPER:-14:-2 | A:UPPER:-14:0 | A:UPPER:-14:2 | A:UPPER:-14:4 | A:UPPER:1:9 | A:UPPER:4:8
M4:UPPER:P0:O-1:R3,4,15,UPPER,B,N-B-N-B,N,0,-1,3,1,False,False,-1,0.0,30.278856643981573,0.1059551055441372,0.12719654227710314,S:1710 | S:1712 | S:1714 | S:1716 | S:1718 | S:1720 | S:1722 | S:1724 | S:1726 | S:1728 | S:1730 | S:1732 | S:1734 | S:1736 | S:1738,A:UPPER:4:8 | A:UPPER:7:7 | A:UPPER:10:6 | A:UPPER:13:5 | A:UPPER:13:-5 | A:UPPER:10:-6 | A:UPPER:7:-7 | A:UPPER:4:-8 | A:UPPER:1:-9 | A:UPPER:-14:-4 | A:UPPER:-14:-2 | A:UPPER:-14:0 | A:UPPER:-14:2 | A:UPPER:-14:4 | A:UPPER:1:9
M4:UPPER:P0:O-1:R4,4,15,UPPER,B,N-B-N-B,N,0,-1,4,1,False,False,-1,0.0,18.28473029473951,0.1539949970072099,0.12920504267339705,S:1710 | S:1712 | S:1714 | S:1716 | S:1718 | S:1720 | S:1722 | S:1724 | S:1726 | S:1728 | S:1730 | S:1732 | S:1734 | S:1736 | S:1738,A:UPPER:1:9 | A:UPPER:4:8 | A:UPPER:7:7 | A:UPPER:10:6 | A:UPPER:13:5 | A:UPPER:13:-5 | A:UPPER:10:-6 | A:UPPER:7:-7 | A:UPPER:4:-8 | A:UPPER:1:-9 | A:UPPER:-14:-4 | A:UPPER:-14:-2 | A:UPPER:-14:0 | A:UPPER:-14:2 | A:UPPER:-14:4
M4:UPPER:P0:O-1:R5,4,15,UPPER,B,N-B-N-B,N,0,-1,5,1,False,False,-1,0.0,50.19054666627681,0.3122372032394173,0.13193534136419316,S:1710 | S:1712 | S:1714 | S:1716 | S:1718 | S:1720 | S:1722 | S:1724 | S:1726 | S:1728 | S:1730 | S:1732 | S:1734 | S:1736 | S:1738,A:UPPER:-14:4 | A:UPPER:1:9 | A:UPPER:4:8 | A:UPPER:7:7 | A:UPPER:10:6 | A:UPPER:13:5 | A:UPPER:13:-5 | A:UPPER:10:-6 | A:UPPER:7:-7 | A:UPPER:4:-8 | A:UPPER:1:-9 | A:UPPER:-14:-4 | A:UPPER:-14:-2 | A:UPPER:-14:0 | A:UPPER:-14:2
M4:UPPER:P0:O-1:R6,4,15,UPPER,B,N-B-N-B,N,0,-1,6,1,False,False,-1,0.0,61.05664496662835,0.3047377965318194,0.11156431243292333,S:1710 | S:1712 | S:1714 | S:1716 | S:1718 | S:1720 | S:1722 | S:1724 | S:1726 | S:1728 | S:1730 | S:1732 | S:1734 | S:1736 | S:1738,A:UPPER:-14:2 | A:UPPER:-14:4 | A:UPPER:1:9 | A:UPPER:4:8 | A:UPPER:7:7 | A:UPPER:10:6 | A:UPPER:13:5 | A:UPPER:13:-5 | A:UPPER:10:-6 | A:UPPER:7:-7 | A:UPPER:4:-8 | A:UPPER:1:-9 | A:UPPER:-14:-4 | A:UPPER:-14:-2 | A:UPPER:-14:0
M4:UPPER:P0:O-1:R7,4,15,UPPER,B,N-B-N-B,N,0,-1,7,1,False,False,-1,0.0,49.31579688510448,0.3075213318403246,0.1341679116442694,S:1710 | S:1712 | S:1714 | S:1716 | S:1718 | S:1720 | S:1722 | S:1724 | S:1726 | S:1728 | S:1730 | S:1732 | S:1734 | S:1736 | S:1738,A:UPPER:-14:0 | A:UPPER:-14:2 | A:UPPER:-14:4 | A:UPPER:1:9 | A:UPPER:4:8 | A:UPPER:7:7 | A:UPPER:10:6 | A:UPPER:13:5 | A:UPPER:13:-5 | A:UPPER:10:-6 | A:UPPER:7:-7 | A:UPPER:4:-8 | A:UPPER:1:-9 | A:UPPER:-14:-4 | A:UPPER:-14:-2
M4:UPPER:P0:O-1:R8,4,15,UPPER,B,N-B-N-B,N,0,-1,8,1,False,False,-1,0.0,48.54720323750134,0.3159119380927322,0.14059588694016714,S:1710 | S:1712 | S:1714 | S:1716 | S:1718 | S:1720 | S:1722 | S:1724 | S:1726 | S:1728 | S:1730 | S:1732 | S:1734 | S:1736 | S:1738,A:UPPER:-14:-2 | A:UPPER:-14:0 | A:UPPER:-14:2 | A:UPPER:-14:4 | A:UPPER:1:9 | A:UPPER:4:8 | A:UPPER:7:7 | A:UPPER:10:6 | A:UPPER:13:5 | A:UPPER:13:-5 | A:UPPER:10:-6 | A:UPPER:7:-7 | A:UPPER:4:-8 | A:UPPER:1:-9 | A:UPPER:-14:-4
M4:UPPER:P0:O-1:R9,4,15,UPPER,B,N-B-N-B,N,0,-1,9,1,False,False,-1,0.0,41.92749796902248,0.3342792826015334,0.14004287634867432,S:1710 | S:1712 | S:1714 | S:1716 | S:1718 | S:1720 | S:1722 | S:1724 | S:1726 | S:1728 | S:1730 | S:1732 | S:1734 | S:1736 | S:1738,A:UPPER:-14:-4 | A:UPPER:-14:-2 | A:UPPER:-14:0 | A:UPPER:-14:2 | A:UPPER:-14:4 | A:UPPER:1:9 | A:UPPER:4:8 | A:UPPER:7:7 | A:UPPER:10:6 | A:UPPER:13:5 | A:UPPER:13:-5 | A:UPPER:10:-6 | A:UPPER:7:-7 | A:UPPER:4:-8 | A:UPPER:1:-9
M4:UPPER:P0:O-1:R10,4,15,UPPER,B,N-B-N-B,N,0,-1,10,1,False,False,-1,0.0,18.288531534040576,0.22410921349216542,0.14009106807105362,S:1710 | S:1712 | S:1714 | S:1716 | S:1718 | S:1720 | S:1722 | S:1724 | S:1726 | S:1728 | S:1730 | S:1732 | S:1734 | S:1736 | S:1738,A:UPPER:1:-9 | A:UPPER:-14:-4 | A:UPPER:-14:-2 | A:UPPER:-14:0 | A:UPPER:-14:2 | A:UPPER:-14:4 | A:UPPER:1:9 | A:UPPER:4:8 | A:UPPER:7:7 | A:UPPER:10:6 | A:UPPER:13:5 | A:UPPER:13:-5 | A:UPPER:10:-6 | A:UPPER:7:-7 | A:UPPER:4:-8
M4:UPPER:P0:O-1:R11,4,15,UPPER,B,N-B-N-B,N,0,-1,11,1,False,False,-1,0.0,12.820073940239938,0.17505466934957117,0.14201097995026515,S:1710 | S:1712 | S:1714 | S:1716 | S:1718 | S:1720 | S:1722 | S:1724 | S:1726 | S:1728 | S:1730 | S:1732 | S:1734 | S:1736 | S:1738,A:UPPER:4:-8 | A:UPPER:1:-9 | A:UPPER:-14:-4 | A:UPPER:-14:-2 | A:UPPER:-14:0 | A:UPPER:-14:2 | A:UPPER:-14:4 | A:UPPER:1:9 | A:UPPER:4:8 | A:UPPER:7:7 | A:UPPER:10:6 | A:UPPER:13:5 | A:UPPER:13:-5 | A:UPPER:10:-6 | A:UPPER:7:-7
M4:UPPER:P0:O-1:R12,4,15,UPPER,B,N-B-N-B,N,0,-1,12,1,False,False,-1,0.0,22.899274951341607,0.12832515690216437,0.14142137513694988,S:1710 | S:1712 | S:1714 | S:1716 | S:1718 | S:1720 | S:1722 | S:1724 | S:1726 | S:1728 | S:1730 | S:1732 | S:1734 | S:1736 | S:1738,A:UPPER:7:-7 | A:UPPER:4:-8 | A:UPPER:1:-9 | A:UPPER:-14:-4 | A:UPPER:-14:-2 | A:UPPER:-14:0 | A:UPPER:-14:2 | A:UPPER:-14:4 | A:UPPER:1:9 | A:UPPER:4:8 | A:UPPER:7:7 | A:UPPER:10:6 | A:UPPER:13:5 | A:UPPER:13:-5 | A:UPPER:10:-6
M4:UPPER:P0:O-1:R13,4,15,UPPER,B,N-B-N-B,N,0,-1,13,1,False,False,-1,0.0,28.78596322541579,0.09272538745124176,0.12463607640977228,S:1710 | S:1712 | S:1714 | S:1716 | S:1718 | S:1720 | S:1722 | S:1724 | S:1726 | S:1728 | S:1730 | S:1732 | S:1734 | S:1736 | S:1738,A:UPPER:10:-6 | A:UPPER:7:-7 | A:UPPER:4:-8 | A:UPPER:1:-9 | A:UPPER:-14:-4 | A:UPPER:-14:-2 | A:UPPER:-14:0 | A:UPPER:-14:2 | A:UPPER:-14:4 | A:UPPER:1:9 | A:UPPER:4:8 | A:UPPER:7:7 | A:UPPER:10:6 | A:UPPER:13:5 | A:UPPER:13:-5
M4:UPPER:P0:O-1:R14,4,15,UPPER,B,N-B-N-B,N,0,-1,14,1,False,False,-1,0.0,40.015591119989516,0.05261996585564879,0.12247030982797347,S:1710 | S:1712 | S:1714 | S:1716 | S:1718 | S:1720 | S:1722 | S:1724 | S:1726 | S:1728 | S:1730 | S:1732 | S:1734 | S:1736 | S:1738,A:UPPER:13:-5 | A:UPPER:10:-6 | A:UPPER:7:-7 | A:UPPER:4:-8 | A:UPPER:1:-9 | A:UPPER:-14:-4 | A:UPPER:-14:-2 | A:UPPER:-14:0 | A:UPPER:-14:2 | A:UPPER:-14:4 | A:UPPER:1:9 | A:UPPER:4:8 | A:UPPER:7:7 | A:UPPER:10:6 | A:UPPER:13:5
M4:UPPER:P1:O1:R0,4,15,UPPER,B,N-B-N-B,N,1,1,0,1,False,False,-1,0.0,41.208961708688506,0.009608993567064489,0.10567853273351842,S:1711 | S:1713 | S:1715 | S:1717 | S:1719 | S:1721 | S:1723 | S:1725 | S:1727 | S:1729 | S:1731 | S:1733 | S:1735 | S:1737 | S:1739,A:UPPER:13:5 | A:UPPER:10:6 | A:UPPER:7:7 | A:UPPER:4:8 | A:UPPER:1:9 | A:UPPER:-14:4 | A:UPPER:-14:2 | A:UPPER:-14:0 | A:UPPER:-14:-2 | A:UPPER:-14:-4 | A:UPPER:1:-9 | A:UPPER:4:-8 | A:UPPER:7:-7 | A:UPPER:10:-6 | A:UPPER:13:-5
M4:UPPER:P1:O1:R1,4,15,UPPER,B,N-B-N-B,N,1,1,1,1,False,False,-1,0.0,34.48547300856427,0.052157462316404696,0.10959903380059749,S:1711 | S:1713 | S:1715 | S:1717 | S:1719 | S:1721 | S:1723 | S:1725 | S:1727 | S:1729 | S:1731 | S:1733 | S:1735 | S:1737 | S:1739,A:UPPER:10:6 | A:UPPER:7:7 | A:UPPER:4:8 | A:UPPER:1:9 | A:UPPER:-14:4 | A:UPPER:-14:2 | A:UPPER:-14:0 | A:UPPER:-14:-2 | A:UPPER:-14:-4 | A:UPPER:1:-9 | A:UPPER:4:-8 | A:UPPER:7:-7 | A:UPPER:10:-6 | A:UPPER:13:-5 | A:UPPER:13:5
M4:UPPER:P1:O1:R2,4,15,UPPER,B,N-B-N-B,N,1,1,2,1,False,False,-1,0.0,29.019273993618935,0.09731672173086064,0.12817851720427662,S:1711 | S:1713 | S:1715 | S:1717 | S:1719 | S:1721 | S:1723 | S:1725 | S:1727 | S:1729 | S:1731 | S:1733 | S:1735 | S:1737 | S:1739,A:UPPER:7:7 | A:UPPER:4:8 | A:UPPER:1:9 | A:UPPER:-14:4 | A:UPPER:-14:2 | A:UPPER:-14:0 | A:UPPER:-14:-2 | A:UPPER:-14:-4 | A:UPPER:1:-9 | A:UPPER:4:-8 | A:UPPER:7:-7 | A:UPPER:10:-6 | A:UPPER:13:-5 | A:UPPER:13:5 | A:UPPER:10:6
M4:UPPER:P1:O1:R3,4,15,UPPER,B,N-B-N-B,N,1,1,3,1,False,False,-1,0.0,22.02631367872467,0.1387534311503361,0.1461323557714805,S:1711 | S:1713 | S:1715 | S:1717 | S:1719 | S:1721 | S:1723 | S:1725 | S:1727 | S:1729 | S:1731 | S:1733 | S:1735 | S:1737 | S:1739,A:UPPER:4:8 | A:UPPER:1:9 | A:UPPER:-14:4 | A:UPPER:-14:2 | A:UPPER:-14:0 | A:UPPER:-14:-2 | A:UPPER:-14:-4 | A:UPPER:1:-9 | A:UPPER:4:-8 | A:UPPER:7:-7 | A:UPPER:10:-6 | A:UPPER:13:-5 | A:UPPER:13:5 | A:UPPER:10:6 | A:UPPER:7:7
M4:UPPER:P1:O1:R4,4,15,UPPER,B,N-B-N-B,N,1,1,4,1,False,False,-1,0.0,14.232774899263237,0.19069045032024332,0.13663742731194403,S:1711 | S:1713 | S:1715 | S:1717 | S:1719 | S:1721 | S:1723 | S:1725 | S:1727 | S:1729 | S:1731 | S:1733 | S:1735 | S:1737 | S:1739,A:UPPER:1:9 | A:UPPER:-14:4 | A:UPPER:-14:2 | A:UPPER:-14:0 | A:UPPER:-14:-2 | A:UPPER:-14:-4 | A:UPPER:1:-9 | A:UPPER:4:-8 | A:UPPER:7:-7 | A:UPPER:10:-6 | A:UPPER:13:-5 | A:UPPER:13:5 | A:UPPER:10:6 | A:UPPER:7:7 | A:UPPER:4:8
M4:UPPER:P1:O1:R5,4,15,UPPER,B,N-B-N-B,N,1,1,5,1,False,False,-1,0.0,50.45821248790875,0.3210478940589282,0.13823200778420636,S:1711 | S:1713 | S:1715 | S:1717 | S:1719 | S:1721 | S:1723 | S:1725 | S:1727 | S:1729 | S:1731 | S:1733 | S:1735 | S:1737 | S:1739,A:UPPER:-14:4 | A:UPPER:-14:2 | A:UPPER:-14:0 | A:UPPER:-14:-2 | A:UPPER:-14:-4 | A:UPPER:1:-9 | A:UPPER:4:-8 | A:UPPER:7:-7 | A:UPPER:10:-6 | A:UPPER:13:-5 | A:UPPER:13:5 | A:UPPER:10:6 | A:UPPER:7:7 | A:UPPER:4:8 | A:UPPER:1:9
M4:UPPER:P1:O1:R6,4,15,UPPER,B,N-B-N-B,N,1,1,6,1,False,False,-1,0.0,50.39982155153957,0.3126840744724504,0.1324920257846535,S:1711 | S:1713 | S:1715 | S:1717 | S:1719 | S:1721 | S:1723 | S:1725 | S:1727 | S:1729 | S:1731 | S:1733 | S:1735 | S:1737 | S:1739,A:UPPER:-14:2 | A:UPPER:-14:0 | A:UPPER:-14:-2 | A:UPPER:-14:-4 | A:UPPER:1:-9 | A:UPPER:4:-8 | A:UPPER:7:-7 | A:UPPER:10:-6 | A:UPPER:13:-5 | A:UPPER:13:5 | A:UPPER:10:6 | A:UPPER:7:7 | A:UPPER:4:8 | A:UPPER:1:9 | A:UPPER:-14:4
M4:UPPER:P1:O1:R7,4,15,UPPER,B,N-B-N-B,N,1,1,7,1,False,False,-1,0.0,60.93279823474488,0.3098629614576216,0.11125121718131936,S:1711 | S:1713 | S:1715 | S:1717 | S:1719 | S:1721 | S:1723 | S:1725 | S:1727 | S:1729 | S:1731 | S:1733 | S:1735 | S:1737 | S:1739,A:UPPER:-14:0 | A:UPPER:-14:-2 | A:UPPER:-14:-4 | A:UPPER:1:-9 | A:UPPER:4:-8 | A:UPPER:7:-7 | A:UPPER:10:-6 | A:UPPER:13:-5 | A:UPPER:13:5 | A:UPPER:10:6 | A:UPPER:7:7 | A:UPPER:4:8 | A:UPPER:1:9 | A:UPPER:-14:4 | A:UPPER:-14:2
M4:UPPER:P1:O1:R8,4,15,UPPER,B,N-B-N-B,N,1,1,8,1,False,False,-1,0.0,49.330088324028004,0.31268929929633105,0.13229275575516,S:1711 | S:1713 | S:1715 | S:1717 | S:1719 | S:1721 | S:1723 | S:1725 | S:1727 | S:1729 | S:1731 | S:1733 | S:1735 | S:1737 | S:1739,A:UPPER:-14:-2 | A:UPPER:-14:-4 | A:UPPER:1:-9 | A:UPPER:4:-8 | A:UPPER:7:-7 | A:UPPER:10:-6 | A:UPPER:13:-5 | A:UPPER:13:5 | A:UPPER:10:6 | A:UPPER:7:7 | A:UPPER:4:8 | A:UPPER:1:9 | A:UPPER:-14:4 | A:UPPER:-14:2 | A:UPPER:-14:0
M4:UPPER:P1:O1:R9,4,15,UPPER,B,N-B-N-B,N,1,1,9,1,False,False,-1,0.0,48.56340288708918,0.3210581520973559,0.13747901953347347,S:1711 | S:1713 | S:1715 | S:1717 | S:1719 | S:1721 | S:1723 | S:1725 | S:1727 | S:1729 | S:1731 | S:1733 | S:1735 | S:1737 | S:1739,A:UPPER:-14:-4 | A:UPPER:1:-9 | A:UPPER:4:-8 | A:UPPER:7:-7 | A:UPPER:10:-6 | A:UPPER:13:-5 | A:UPPER:13:5 | A:UPPER:10:6 | A:UPPER:7:7 | A:UPPER:4:8 | A:UPPER:1:9 | A:UPPER:-14:4 | A:UPPER:-14:2 | A:UPPER:-14:0 | A:UPPER:-14:-2
M4:UPPER:P1:O1:R10,4,15,UPPER,B,N-B-N-B,N,1,1,10,1,False,False,-1,0.0,14.556474232423676,0.19072323836325353,0.13600768853263795,S:1711 | S:1713 | S:1715 | S:1717 | S:1719 | S:1721 | S:1723 | S:1725 | S:1727 | S:1729 | S:1731 | S:1733 | S:1735 | S:1737 | S:1739,A:UPPER:1:-9 | A:UPPER:4:-8 | A:UPPER:7:-7 | A:UPPER:10:-6 | A:UPPER:13:-5 | A:UPPER:13:5 | A:UPPER:10:6 | A:UPPER:7:7 | A:UPPER:4:8 | A:UPPER:1:9 | A:UPPER:-14:4 | A:UPPER:-14:2 | A:UPPER:-14:0 | A:UPPER:-14:-2 | A:UPPER:-14:-4
M4:UPPER:P1:O1:R11,4,15,UPPER,B,N-B-N-B,N,1,1,11,1,False,False,-1,0.0,21.517071097856252,0.1387872548796408,0.14769613854347052,S:1711 | S:1713 | S:1715 | S:1717 | S:1719 | S:1721 | S:1723 | S:1725 | S:1727 | S:1729 | S:1731 | S:1733 | S:1735 | S:1737 | S:1739,A:UPPER:4:-8 | A:UPPER:7:-7 | A:UPPER:10:-6 | A:UPPER:13:-5 | A:UPPER:13:5 | A:UPPER:10:6 | A:UPPER:7:7 | A:UPPER:4:8 | A:UPPER:1:9 | A:UPPER:-14:4 | A:UPPER:-14:2 | A:UPPER:-14:0 | A:UPPER:-14:-2 | A:UPPER:-14:-4 | A:UPPER:1:-9
M4:UPPER:P1:O1:R12,4,15,UPPER,B,N-B-N-B,N,1,1,12,1,False,False,-1,0.0,30.099480481456634,0.09666840062025162,0.1300463220012985,S:1711 | S:1713 | S:1715 | S:1717 | S:1719 | S:1721 | S:1723 | S:1725 | S:1727 | S:1729 | S:1731 | S:1733 | S:1735 | S:1737 | S:1739,A:UPPER:7:-7 | A:UPPER:10:-6 | A:UPPER:13:-5 | A:UPPER:13:5 | A:UPPER:10:6 | A:UPPER:7:7 | A:UPPER:4:8 | A:UPPER:1:9 | A:UPPER:-14:4 | A:UPPER:-14:2 | A:UPPER:-14:0 | A:UPPER:-14:-2 | A:UPPER:-14:-4 | A:UPPER:1:-9 | A:UPPER:4:-8
M4:UPPER:P1:O1:R13,4,15,UPPER,B,N-B-N-B,N,1,1,13,1,False,False,-1,0.0,34.44964826822424,0.052195913153595425,0.10953275029116992,S:1711 | S:1713 | S:1715 | S:1717 | S:1719 | S:1721 | S:1723 | S:1725 | S:1727 | S:1729 | S:1731 | S:1733 | S:1735 | S:1737 | S:1739,A:UPPER:10:-6 | A:UPPER:13:-5 | A:UPPER:13:5 | A:UPPER:10:6 | A:UPPER:7:7 | A:UPPER:4:8 | A:UPPER:1:9 | A:UPPER:-14:4 | A:UPPER:-14:2 | A:UPPER:-14:0 | A:UPPER:-14:-2 | A:UPPER:-14:-4 | A:UPPER:1:-9 | A:UPPER:4:-8 | A:UPPER:7:-7
M4:UPPER:P1:O1:R14,4,15,UPPER,B,N-B-N-B,N,1,1,14,1,False,False,-1,0.0,41.379930435135165,0.00964798714744125,0.1061108057123702,S:1711 | S:1713 | S:1715 | S:1717 | S:1719 | S:1721 | S:1723 | S:1725 | S:1727 | S:1729 | S:1731 | S:1733 | S:1735 | S:1737 | S:1739,A:UPPER:13:-5 | A:UPPER:13:5 | A:UPPER:10:6 | A:UPPER:7:7 | A:UPPER:4:8 | A:UPPER:1:9 | A:UPPER:-14:4 | A:UPPER:-14:2 | A:UPPER:-14:0 | A:UPPER:-14:-2 | A:UPPER:-14:-4 | A:UPPER:1:-9 | A:UPPER:4:-8 | A:UPPER:7:-7 | A:UPPER:10:-6
M4:UPPER:P1:O-1:R0,4,15,UPPER,B,N-B-N-B,N,1,-1,0,1,False,False,-1,0.0,41.208961708688506,0.009608993567064489,0.10567853273351842,S:1711 | S:1713 | S:1715 | S:1717 | S:1719 | S:1721 | S:1723 | S:1725 | S:1727 | S:1729 | S:1731 | S:1733 | S:1735 | S:1737 | S:1739,A:UPPER:13:5 | A:UPPER:13:-5 | A:UPPER:10:-6 | A:UPPER:7:-7 | A:UPPER:4:-8 | A:UPPER:1:-9 | A:UPPER:-14:-4 | A:UPPER:-14:-2 | A:UPPER:-14:0 | A:UPPER:-14:2 | A:UPPER:-14:4 | A:UPPER:1:9 | A:UPPER:4:8 | A:UPPER:7:7 | A:UPPER:10:6
M4:UPPER:P1:O-1:R1,4,15,UPPER,B,N-B-N-B,N,1,-1,1,1,False,False,-1,0.0,34.48547300856427,0.052157462316404696,0.10959903380059749,S:1711 | S:1713 | S:1715 | S:1717 | S:1719 | S:1721 | S:1723 | S:1725 | S:1727 | S:1729 | S:1731 | S:1733 | S:1735 | S:1737 | S:1739,A:UPPER:10:6 | A:UPPER:13:5 | A:UPPER:13:-5 | A:UPPER:10:-6 | A:UPPER:7:-7 | A:UPPER:4:-8 | A:UPPER:1:-9 | A:UPPER:-14:-4 | A:UPPER:-14:-2 | A:UPPER:-14:0 | A:UPPER:-14:2 | A:UPPER:-14:4 | A:UPPER:1:9 | A:UPPER:4:8 | A:UPPER:7:7
M4:UPPER:P1:O-1:R2,4,15,UPPER,B,N-B-N-B,N,1,-1,2,1,False,False,-1,0.0,29.019273993618935,0.09731672173086064,0.12817851720427662,S:1711 | S:1713 | S:1715 | S:1717 | S:1719 | S:1721 | S:1723 | S:1725 | S:1727 | S:1729 | S:1731 | S:1733 | S:1735 | S:1737 | S:1739,A:UPPER:7:7 | A:UPPER:10:6 | A:UPPER:13:5 | A:UPPER:13:-5 | A:UPPER:10:-6 | A:UPPER:7:-7 | A:UPPER:4:-8 | A:UPPER:1:-9 | A:UPPER:-14:-4 | A:UPPER:-14:-2 | A:UPPER:-14:0 | A:UPPER:-14:2 | A:UPPER:-14:4 | A:UPPER:1:9 | A:UPPER:4:8
M4:UPPER:P1:O-1:R3,4,15,UPPER,B,N-B-N-B,N,1,-1,3,1,False,False,-1,0.0,22.02631367872467,0.1387534311503361,0.1461323557714805,S:1711 | S:1713 | S:1715 | S:1717 | S:1719 | S:1721 | S:1723 | S:1725 | S:1727 | S:1729 | S:1731 | S:1733 | S:1735 | S:1737 | S:1739,A:UPPER:4:8 | A:UPPER:7:7 | A:UPPER:10:6 | A:UPPER:13:5 | A:UPPER:13:-5 | A:UPPER:10:-6 | A:UPPER:7:-7 | A:UPPER:4:-8 | A:UPPER:1:-9 | A:UPPER:-14:-4 | A:UPPER:-14:-2 | A:UPPER:-14:0 | A:UPPER:-14:2 | A:UPPER:-14:4 | A:UPPER:1:9
M4:UPPER:P1:O-1:R4,4,15,UPPER,B,N-B-N-B,N,1,-1,4,1,False,False,-1,0.0,14.232774899263237,0.19069045032024332,0.13663742731194403,S:1711 | S:1713 | S:1715 | S:1717 | S:1719 | S:1721 | S:1723 | S:1725 | S:1727 | S:1729 | S:1731 | S:1733 | S:1735 | S:1737 | S:1739,A:UPPER:1:9 | A:UPPER:4:8 | A:UPPER:7:7 | A:UPPER:10:6 | A:UPPER:13:5 | A:UPPER:13:-5 | A:UPPER:10:-6 | A:UPPER:7:-7 | A:UPPER:4:-8 | A:UPPER:1:-9 | A:UPPER:-14:-4 | A:UPPER:-14:-2 | A:UPPER:-14:0 | A:UPPER:-14:2 | A:UPPER:-14:4
M4:UPPER:P1:O-1:R5,4,15,UPPER,B,N-B-N-B,N,1,-1,5,1,False,False,-1,0.0,50.45821248790875,0.3210478940589282,0.13823200778420636,S:1711 | S:1713 | S:1715 | S:1717 | S:1719 | S:1721 | S:1723 | S:1725 | S:1727 | S:1729 | S:1731 | S:1733 | S:1735 | S:1737 | S:1739,A:UPPER:-14:4 | A:UPPER:1:9 | A:UPPER:4:8 | A:UPPER:7:7 | A:UPPER:10:6 | A:UPPER:13:5 | A:UPPER:13:-5 | A:UPPER:10:-6 | A:UPPER:7:-7 | A:UPPER:4:-8 | A:UPPER:1:-9 | A:UPPER:-14:-4 | A:UPPER:-14:-2 | A:UPPER:-14:0 | A:UPPER:-14:2
M4:UPPER:P1:O-1:R6,4,15,UPPER,B,N-B-N-B,N,1,-1,6,1,False,False,-1,0.0,50.39982155153957,0.3126840744724504,0.1324920257846535,S:1711 | S:1713 | S:1715 | S:1717 | S:1719 | S:1721 | S:1723 | S:1725 | S:1727 | S:1729 | S:1731 | S:1733 | S:1735 | S:1737 | S:1739,A:UPPER:-14:2 | A:UPPER:-14:4 | A:UPPER:1:9 | A:UPPER:4:8 | A:UPPER:7:7 | A:UPPER:10:6 | A:UPPER:13:5 | A:UPPER:13:-5 | A:UPPER:10:-6 | A:UPPER:7:-7 | A:UPPER:4:-8 | A:UPPER:1:-9 | A:UPPER:-14:-4 | A:UPPER:-14:-2 | A:UPPER:-14:0
M4:UPPER:P1:O-1:R7,4,15,UPPER,B,N-B-N-B,N,1,-1,7,1,False,False,-1,0.0,60.93279823474488,0.3098629614576216,0.11125121718131936,S:1711 | S:1713 | S:1715 | S:1717 | S:1719 | S:1721 | S:1723 | S:1725 | S:1727 | S:1729 | S:1731 | S:1733 | S:1735 | S:1737 | S:1739,A:UPPER:-14:0 | A:UPPER:-14:2 | A:UPPER:-14:4 | A:UPPER:1:9 | A:UPPER:4:8 | A:UPPER:7:7 | A:UPPER:10:6 | A:UPPER:13:5 | A:UPPER:13:-5 | A:UPPER:10:-6 | A:UPPER:7:-7 | A:UPPER:4:-8 | A:UPPER:1:-9 | A:UPPER:-14:-4 | A:UPPER:-14:-2
M4:UPPER:P1:O-1:R8,4,15,UPPER,B,N-B-N-B,N,1,-1,8,1,False,False,-1,0.0,49.330088324028004,0.31268929929633105,0.13229275575516,S:1711 | S:1713 | S:1715 | S:1717 | S:1719 | S:1721 | S:1723 | S:1725 | S:1727 | S:1729 | S:1731 | S:1733 | S:1735 | S:1737 | S:1739,A:UPPER:-14:-2 | A:UPPER:-14:0 | A:UPPER:-14:2 | A:UPPER:-14:4 | A:UPPER:1:9 | A:UPPER:4:8 | A:UPPER:7:7 | A:UPPER:10:6 | A:UPPER:13:5 | A:UPPER:13:-5 | A:UPPER:10:-6 | A:UPPER:7:-7 | A:UPPER:4:-8 | A:UPPER:1:-9 | A:UPPER:-14:-4
M4:UPPER:P1:O-1:R9,4,15,UPPER,B,N-B-N-B,N,1,-1,9,1,False,False,-1,0.0,48.56340288708918,0.3210581520973559,0.13747901953347347,S:1711 | S:1713 | S:1715 | S:1717 | S:1719 | S:1721 | S:1723 | S:1725 | S:1727 | S:1729 | S:1731 | S:1733 | S:1735 | S:1737 | S:1739,A:UPPER:-14:-4 | A:UPPER:-14:-2 | A:UPPER:-14:0 | A:UPPER:-14:2 | A:UPPER:-14:4 | A:UPPER:1:9 | A:UPPER:4:8 | A:UPPER:7:7 | A:UPPER:10:6 | A:UPPER:13:5 | A:UPPER:13:-5 | A:UPPER:10:-6 | A:UPPER:7:-7 | A:UPPER:4:-8 | A:UPPER:1:-9
M4:UPPER:P1:O-1:R10,4,15,UPPER,B,N-B-N-B,N,1,-1,10,1,False,False,-1,0.0,14.556474232423676,0.19072323836325353,0.13600768853263795,S:1711 | S:1713 | S:1715 | S:1717 | S:1719 | S:1721 | S:1723 | S:1725 | S:1727 | S:1729 | S:1731 | S:1733 | S:1735 | S:1737 | S:1739,A:UPPER:1:-9 | A:UPPER:-14:-4 | A:UPPER:-14:-2 | A:UPPER:-14:0 | A:UPPER:-14:2 | A:UPPER:-14:4 | A:UPPER:1:9 | A:UPPER:4:8 | A:UPPER:7:7 | A:UPPER:10:6 | A:UPPER:13:5 | A:UPPER:13:-5 | A:UPPER:10:-6 | A:UPPER:7:-7 | A:UPPER:4:-8
M4:UPPER:P1:O-1:R11,4,15,UPPER,B,N-B-N-B,N,1,-1,11,1,False,False,-1,0.0,21.517071097856252,0.1387872548796408,0.14769613854347052,S:1711 | S:1713 | S:1715 | S:1717 | S:1719 | S:1721 | S:1723 | S:1725 | S:1727 | S:1729 | S:1731 | S:1733 | S:1735 | S:1737 | S:1739,A:UPPER:4:-8 | A:UPPER:1:-9 | A:UPPER:-14:-4 | A:UPPER:-14:-2 | A:UPPER:-14:0 | A:UPPER:-14:2 | A:UPPER:-14:4 | A:UPPER:1:9 | A:UPPER:4:8 | A:UPPER:7:7 | A:UPPER:10:6 | A:UPPER:13:5 | A:UPPER:13:-5 | A:UPPER:10:-6 | A:UPPER:7:-7
M4:UPPER:P1:O-1:R12,4,15,UPPER,B,N-B-N-B,N,1,-1,12,1,False,False,-1,0.0,30.099480481456634,0.09666840062025162,0.1300463220012985,S:1711 | S:1713 | S:1715 | S:1717 | S:1719 | S:1721 | S:1723 | S:1725 | S:1727 | S:1729 | S:1731 | S:1733 | S:1735 | S:1737 | S:1739,A:UPPER:7:-7 | A:UPPER:4:-8 | A:UPPER:1:-9 | A:UPPER:-14:-4 | A:UPPER:-14:-2 | A:UPPER:-14:0 | A:UPPER:-14:2 | A:UPPER:-14:4 | A:UPPER:1:9 | A:UPPER:4:8 | A:UPPER:7:7 | A:UPPER:10:6 | A:UPPER:13:5 | A:UPPER:13:-5 | A:UPPER:10:-6
M4:UPPER:P1:O-1:R13,4,15,UPPER,B,N-B-N-B,N,1,-1,13,1,False,False,-1,0.0,34.44964826822424,0.052195913153595425,0.10953275029116992,S:1711 | S:1713 | S:1715 | S:1717 | S:1719 | S:1721 | S:1723 | S:1725 | S:1727 | S:1729 | S:1731 | S:1733 | S:1735 | S:1737 | S:1739,A:UPPER:10:-6 | A:UPPER:7:-7 | A:UPPER:4:-8 | A:UPPER:1:-9 | A:UPPER:-14:-4 | A:UPPER:-14:-2 | A:UPPER:-14:0 | A:UPPER:-14:2 | A:UPPER:-14:4 | A:UPPER:1:9 | A:UPPER:4:8 | A:UPPER:7:7 | A:UPPER:10:6 | A:UPPER:13:5 | A:UPPER:13:-5
M4:UPPER:P1:O-1:R14,4,15,UPPER,B,N-B-N-B,N,1,-1,14,1,False,False,-1,0.0,41.379930435135165,0.00964798714744125,0.1061108057123702,S:1711 | S:1713 | S:1715 | S:1717 | S:1719 | S:1721 | S:1723 | S:1725 | S:1727 | S:1729 | S:1731 | S:1733 | S:1735 | S:1737 | S:1739,A:UPPER:13:-5 | A:UPPER:10:-6 | A:UPPER:7:-7 | A:UPPER:4:-8 | A:UPPER:1:-9 | A:UPPER:-14:-4 | A:UPPER:-14:-2 | A:UPPER:-14:0 | A:UPPER:-14:2 | A:UPPER:-14:4 | A:UPPER:1:9 | A:UPPER:4:8 | A:UPPER:7:7 | A:UPPER:10:6 | A:UPPER:13:5
M5:LOWER:P0:O1:R0,5,15,LOWER,N,B-N-B-N-B,N,0,1,0,2,False,False,-1,0.0,54.76718660348335,0.033973786155711366,0.14201320057908853,S:1680 | S:1682 | S:1684 | S:1686 | S:1688 | S:1690 | S:1692 | S:1694 | S:1696 | S:1698 | S:1700 | S:1702 | S:1704 | S:1706 | S:1708,A:LOWER:14:0 | A:LOWER:14:2 | A:LOWER:14:4 | A:LOWER:-1:9 | A:LOWER:-4:8 | A:LOWER:-7:7 | A:LOWER:-10:6 | A:LOWER:-13:5 | A:LOWER:-13:-5 | A:LOWER:-10:-6 | A:LOWER:-7:-7 | A:LOWER:-4:-8 | A:LOWER:-1:-9 | A:LOWER:14:-4 | A:LOWER:14:-2
M5:LOWER:P0:O1:R1,5,15,LOWER,N,B-N-B-N-B,N,0,1,1,2,False,False,-1,0.0,54.12654344201453,0.07487725147403368,0.14142993328630873,S:1680 | S:1682 | S:1684 | S:1686 | S:1688 | S:1690 | S:1692 | S:1694 | S:1696 | S:1698 | S:1700 | S:1702 | S:1704 | S:1706 | S:1708,A:LOWER:14:2 | A:LOWER:14:4 | A:LOWER:-1:9 | A:LOWER:-4:8 | A:LOWER:-7:7 | A:LOWER:-10:6 | A:LOWER:-13:5 | A:LOWER:-13:-5 | A:LOWER:-10:-6 | A:LOWER:-7:-7 | A:LOWER:-4:-8 | A:LOWER:-1:-9 | A:LOWER:14:-4 | A:LOWER:14:-2 | A:LOWER:14:0
M5:LOWER:P0:O1:R2,5,15,LOWER,N,B-N-B-N-B,N,0,1,2,1,False,False,-1,0.0,60.82069457376722,0.004125062490662773,0.13195984034602065,S:1680 | S:1682 | S:1684 | S:1686 | S:1688 | S:1690 | S:1692 | S:1694 | S:1696 | S:1698 | S:1700 | S:1702 | S:1704 | S:1706 | S:1708,A:LOWER:14:4 | A:LOWER:-1:9 | A:LOWER:-4:8 | A:LOWER:-7:7 | A:LOWER:-10:6 | A:LOWER:-13:5 | A:LOWER:-13:-5 | A:LOWER:-10:-6 | A:LOWER:-7:-7 | A:LOWER:-4:-8 | A:LOWER:-1:-9 | A:LOWER:14:-4 | A:LOWER:14:-2 | A:LOWER:14:0 | A:LOWER:14:2
M5:LOWER:P0:O1:R3,5,15,LOWER,N,B-N-B-N-B,N,0,1,3,1,False,False,-1,0.0,51.723285431679294,0.18174878691103122,0.141193775527567,S:1680 | S:1682 | S:1684 | S:1686 | S:1688 | S:1690 | S:1692 | S:1694 | S:1696 | S:1698 | S:1700 | S:1702 | S:1704 | S:1706 | S:1708,A:LOWER:-1:9 | A:LOWER:-4:8 | A:LOWER:-7:7 | A:LOWER:-10:6 | A:LOWER:-13:5 | A:LOWER:-13:-5 | A:LOWER:-10:-6 | A:LOWER:-7:-7 | A:LOWER:-4:-8 | A:LOWER:-1:-9 | A:LOWER:14:-4 | A:LOWER:14:-2 | A:LOWER:14:0 | A:LOWER:14:2 | A:LOWER:14:4
M5:LOWER:P0:O1:R4,5,15,LOWER,N,B-N-B-N-B,N,0,1,4,1,False,False,-1,0.0,48.26022319527626,0.18946968037220888,0.14176164268261485,S:1680 | S:1682 | S:1684 | S:1686 | S:1688 | S:1690 | S:1692 | S:1694 | S:1696 | S:1698 | S:1700 | S:1702 | S:1704 | S:1706 | S:1708,A:LOWER:-4:8 | A:LOWER:-7:7 | A:LOWER:-10:6 | A:LOWER:-13:5 | A:LOWER:-13:-5 | A:LOWER:-10:-6 | A:LOWER:-7:-7 | A:LOWER:-4:-8 | A:LOWER:-1:-9 | A:LOWER:14:-4 | A:LOWER:14:-2 | A:LOWER:14:0 | A:LOWER:14:2 | A:LOWER:14:4 | A:LOWER:-1:9
M5:LOWER:P0:O1:R5,5,15,LOWER,N,B-N-B-N-B,N,0,1,5,1,False,False,-1,0.0,45.63080986767475,0.2051308877539922,0.140326287477291,S:1680 | S:1682 | S:1684 | S:1686 | S:1688 | S:1690 | S:1692 | S:1694 | S:1696 | S:1698 | S:1700 | S:1702 | S:1704 | S:1706 | S:1708,A:LOWER:-7:7 | A:LOWER:-10:6 | A:LOWER:-13:5 | A:LOWER:-13:-5 | A:LOWER:-10:-6 | A:LOWER:-7:-7 | A:LOWER:-4:-8 | A:LOWER:-1:-9 | A:LOWER:14:-4 | A:LOWER:14:-2 | A:LOWER:14:0 | A:LOWER:14:2 | A:LOWER:14:4 | A:LOWER:-1:9 | A:LOWER:-4:8
M5:LOWER:P0:O1:R6,5,15,LOWER,N,B-N-B-N-B,N,0,1,6,1,False,False,-1,0.0,41.512335313074175,0.22925432650516656,0.14110280079221751,S:1680 | S:1682 | S:1684 | S:1686 | S:1688 | S:1690 | S:1692 | S:1694 | S:1696 | S:1698 | S:1700 | S:1702 | S:1704 | S:1706 | S:1708,A:LOWER:-10:6 | A:LOWER:-13:5 | A:LOWER:-13:-5 | A:LOWER:-10:-6 | A:LOWER:-7:-7 | A:LOWER:-4:-8 | A:LOWER:-1:-9 | A:LOWER:14:-4 | A:LOWER:14:-2 | A:LOWER:14:0 | A:LOWER:14:2 | A:LOWER:14:4 | A:LOWER:-1:9 | A:LOWER:-4:8 | A:LOWER:-7:7
M5:LOWER:P0:O1:R7,5,15,LOWER,N,B-N-B-N-B,N,0,1,7,1,False,False,-1,0.0,35.69726480383344,0.2530184440363411,0.1378294209361312,S:1680 | S:1682 | S:1684 | S:1686 | S:1688 | S:1690 | S:1692 | S:1694 | S:1696 | S:1698 | S:1700 | S:1702 | S:1704 | S:1706 | S:1708,A:LOWER:-13:5 | A:LOWER:-13:-5 | A:LOWER:-10:-6 | A:LOWER:-7:-7 | A:LOWER:-4:-8 | A:LOWER:-1:-9 | A:LOWER:14:-4 | A:LOWER:14:-2 | A:LOWER:14:0 | A:LOWER:14:2 | A:LOWER:14:4 | A:LOWER:-1:9 | A:LOWER:-4:8 | A:LOWER:-7:7 | A:LOWER:-10:6
M5:LOWER:P0:O1:R8,5,15,LOWER,N,B-N-B-N-B,N,0,1,8,1,False,False,-1,0.0,24.263143461204635,0.22967863457377755,0.14235350043090178,S:1680 | S:1682 | S:1684 | S:1686 | S:1688 | S:1690 | S:1692 | S:1694 | S:1696 | S:1698 | S:1700 | S:1702 | S:1704 | S:1706 | S:1708,A:LOWER:-13:-5 | A:LOWER:-10:-6 | A:LOWER:-7:-7 | A:LOWER:-4:-8 | A:LOWER:-1:-9 | A:LOWER:14:-4 | A:LOWER:14:-2 | A:LOWER:14:0 | A:LOWER:14:2 | A:LOWER:14:4 | A:LOWER:-1:9 | A:LOWER:-4:8 | A:LOWER:-7:7 | A:LOWER:-10:6 | A:LOWER:-13:5
M5:LOWER:P0:O1:R9,5,15,LOWER,N,B-N-B-N-B,N,0,1,9,1,False,False,-1,0.0,25.97841874714802,0.1990283790804814,0.14063493698860288,S:1680 | S:1682 | S:1684 | S:1686 | S:1688 | S:1690 | S:1692 | S:1694 | S:1696 | S:1698 | S:1700 | S:1702 | S:1704 | S:1706 | S:1708,A:LOWER:-10:-6 | A:LOWER:-7:-7 | A:LOWER:-4:-8 | A:LOWER:-1:-9 | A:LOWER:14:-4 | A:LOWER:14:-2 | A:LOWER:14:0 | A:LOWER:14:2 | A:LOWER:14:4 | A:LOWER:-1:9 | A:LOWER:-4:8 | A:LOWER:-7:7 | A:LOWER:-10:6 | A:LOWER:-13:5 | A:LOWER:-13:-5
M5:LOWER:P0:O1:R10,5,15,LOWER,N,B-N-B-N-B,N,0,1,10,1,False,False,-1,0.0,26.68402959228838,0.17109138890216805,0.14320870405090425,S:1680 | S:1682 | S:1684 | S:1686 | S:1688 | S:1690 | S:1692 | S:1694 | S:1696 | S:1698 | S:1700 | S:1702 | S:1704 | S:1706 | S:1708,A:LOWER:-7:-7 | A:LOWER:-4:-8 | A:LOWER:-1:-9 | A:LOWER:14:-4 | A:LOWER:14:-2 | A:LOWER:14:0 | A:LOWER:14:2 | A:LOWER:14:4 | A:LOWER:-1:9 | A:LOWER:-4:8 | A:LOWER:-7:7 | A:LOWER:-10:6 | A:LOWER:-13:5 | A:LOWER:-13:-5 | A:LOWER:-10:-6
M5:LOWER:P0:O1:R11,5,15,LOWER,N,B-N-B-N-B,N,0,1,11,1,False,False,-1,0.0,31.40298643536402,0.14669245635863645,0.1279045205732378,S:1680 | S:1682 | S:1684 | S:1686 | S:1688 | S:1690 | S:1692 | S:1694 | S:1696 | S:1698 | S:1700 | S:1702 | S:1704 | S:1706 | S:1708,A:LOWER:-4:-8 | A:LOWER:-1:-9 | A:LOWER:14:-4 | A:LOWER:14:-2 | A:LOWER:14:0 | A:LOWER:14:2 | A:LOWER:14:4 | A:LOWER:-1:9 | A:LOWER:-4:8 | A:LOWER:-7:7 | A:LOWER:-10:6 | A:LOWER:-13:5 | A:LOWER:-13:-5 | A:LOWER:-10:-6 | A:LOWER:-7:-7
M5:LOWER:P0:O1:R12,5,15,LOWER,N,B-N-B-N-B,N,0,1,12,1,False,False,-1,0.0,49.74980317983239,0.12684428899700437,0.13158599090595022,S:1680 | S:1682 | S:1684 | S:1686 | S:1688 | S:1690 | S:1692 | S:1694 | S:1696 | S:1698 | S:1700 | S:1702 | S:1704 | S:1706 | S:1708,A:LOWER:-1:-9 | A:LOWER:14:-4 | A:LOWER:14:-2 | A:LOWER:14:0 | A:LOWER:14:2 | A:LOWER:14:4 | A:LOWER:-1:9 | A:LOWER:-4:8 | A:LOWER:-7:7 | A:LOWER:-10:6 | A:LOWER:-13:5 | A:LOWER:-13:-5 | A:LOWER:-10:-6 | A:LOWER:-7:-7 | A:LOWER:-4:-8
M5:LOWER:P0:O1:R13,5,15,LOWER,N,B-N-B-N-B,N,0,1,13,3,False,False,-1,0.0,42.336593920318315,0.06015534640944409,0.1306626526502601,S:1680 | S:1682 | S:1684 | S:1686 | S:1688 | S:1690 | S:1692 | S:1694 | S:1696 | S:1698 | S:1700 | S:1702 | S:1704 | S:1706 | S:1708,A:LOWER:14:-4 | A:LOWER:14:-2 | A:LOWER:14:0 | A:LOWER:14:2 | A:LOWER:14:4 | A:LOWER:-1:9 | A:LOWER:-4:8 | A:LOWER:-7:7 | A:LOWER:-10:6 | A:LOWER:-13:5 | A:LOWER:-13:-5 | A:LOWER:-10:-6 | A:LOWER:-7:-7 | A:LOWER:-4:-8 | A:LOWER:-1:-9
M5:LOWER:P0:O1:R14,5,15,LOWER,N,B-N-B-N-B,N,0,1,14,3,False,False,-1,0.0,31.883242338661834,0.09809369507709684,0.13398571587719874,S:1680 | S:1682 | S:1684 | S:1686 | S:1688 | S:1690 | S:1692 | S:1694 | S:1696 | S:1698 | S:1700 | S:1702 | S:1704 | S:1706 | S:1708,A:LOWER:14:-2 | A:LOWER:14:0 | A:LOWER:14:2 | A:LOWER:14:4 | A:LOWER:-1:9 | A:LOWER:-4:8 | A:LOWER:-7:7 | A:LOWER:-10:6 | A:LOWER:-13:5 | A:LOWER:-13:-5 | A:LOWER:-10:-6 | A:LOWER:-7:-7 | A:LOWER:-4:-8 | A:LOWER:-1:-9 | A:LOWER:14:-4
M5:LOWER:P0:O-1:R0,5,15,LOWER,N,B-N-B-N-B,N,0,-1,0,8,False,False,-1,0.0,69.1916757542706,9.387945357808292e-05,0.12241045063746421,S:1680 | S:1682 | S:1684 | S:1686 | S:1688 | S:1690 | S:1692 | S:1694 | S:1696 | S:1698 | S:1700 | S:1702 | S:1704 | S:1706 | S:1708,A:LOWER:14:0 | A:LOWER:14:-2 | A:LOWER:14:-4 | A:LOWER:-1:-9 | A:LOWER:-4:-8 | A:LOWER:-7:-7 | A:LOWER:-10:-6 | A:LOWER:-13:-5 | A:LOWER:-13:5 | A:LOWER:-10:6 | A:LOWER:-7:7 | A:LOWER:-4:8 | A:LOWER:-1:9 | A:LOWER:14:4 | A:LOWER:14:2
M5:LOWER:P0:O-1:R1,5,15,LOWER,N,B-N-B-N-B,N,0,-1,1,3,False,False,-1,0.0,48.38396064136663,0.02315549993921623,0.1270108049452668,S:1680 | S:1682 | S:1684 | S:1686 | S:1688 | S:1690 | S:1692 | S:1694 | S:1696 | S:1698 | S:1700 | S:1702 | S:1704 | S:1706 | S:1708,A:LOWER:14:2 | A:LOWER:14:0 | A:LOWER:14:-2 | A:LOWER:14:-4 | A:LOWER:-1:-9 | A:LOWER:-4:-8 | A:LOWER:-7:-7 | A:LOWER:-10:-6 | A:LOWER:-13:-5 | A:LOWER:-13:5 | A:LOWER:-10:6 | A:LOWER:-7:7 | A:LOWER:-4:8 | A:LOWER:-1:9 | A:LOWER:14:4
M5:LOWER:P0:O-1:R2,5,15,LOWER,N,B-N-B-N-B,N,0,-1,2,1,False,False,-1,0.0,60.82069457376722,0.004125062490662773,0.13195984034602065,S:1680 | S:1682 | S:1684 | S:1686 | S:1688 | S:1690 | S:1692 | S:1694 | S:1696 | S:1698 | S:1700 | S:1702 | S:1704 | S:1706 | S:1708,A:LOWER:14:4 | A:LOWER:14:2 | A:LOWER:14:0 | A:LOWER:14:-2 | A:LOWER:14:-4 | A:LOWER:-1:-9 | A:LOWER:-4:-8 | A:LOWER:-7:-7 | A:LOWER:-10:-6 | A:LOWER:-13:-5 | A:LOWER:-13:5 | A:LOWER:-10:6 | A:LOWER:-7:7 | A:LOWER:-4:8 | A:LOWER:-1:9
M5:LOWER:P0:O-1:R3,5,15,LOWER,N,B-N-B-N-B,N,0,-1,3,1,False,False,-1,0.0,51.723285431679294,0.18174878691103122,0.141193775527567,S:1680 | S:1682 | S:1684 | S:1686 | S:1688 | S:1690 | S:1692 | S:1694 | S:1696 | S:1698 | S:1700 | S:1702 | S:1704 | S:1706 | S:1708,A:LOWER:-1:9 | A:LOWER:14:4 | A:LOWER:14:2 | A:LOWER:14:0 | A:LOWER:14:-2 | A:LOWER:14:-4 | A:LOWER:-1:-9 | A:LOWER:-4:-8 | A:LOWER:-7:-7 | A:LOWER:-10:-6 | A:LOWER:-13:-5 | A:LOWER:-13:5 | A:LOWER:-10:6 | A:LOWER:-7:7 | A:LOWER:-4:8
M5:LOWER:P0:O-1:R4,5,15,LOWER,N,B-N-B-N-B,N,0,-1,4,1,False,False,-1,0.0,48.26022319527626,0.18946968037220888,0.14176164268261485,S:1680 | S:1682 | S:1684 | S:1686 | S:1688 | S:1690 | S:1692 | S:1694 | S:1696 | S:1698 | S:1700 | S:1702 | S:1704 | S:1706 | S:1708,A:LOWER:-4:8 | A:LOWER:-1:9 | A:LOWER:14:4 | A:LOWER:14:2 | A:LOWER:14:0 | A:LOWER:14:-2 | A:LOWER:14:-4 | A:LOWER:-1:-9 | A:LOWER:-4:-8 | A:LOWER:-7:-7 | A:LOWER:-10:-6 | A:LOWER:-13:-5 | A:LOWER:-13:5 | A:LOWER:-10:6 | A:LOWER:-7:7
M5:LOWER:P0:O-1:R5,5,15,LOWER,N,B-N-B-N-B,N,0,-1,5,1,False,False,-1,0.0,45.63080986767475,0.2051308877539922,0.140326287477291,S:1680 | S:1682 | S:1684 | S:1686 | S:1688 | S:1690 | S:1692 | S:1694 | S:1696 | S:1698 | S:1700 | S:1702 | S:1704 | S:1706 | S:1708,A:LOWER:-7:7 | A:LOWER:-4:8 | A:LOWER:-1:9 | A:LOWER:14:4 | A:LOWER:14:2 | A:LOWER:14:0 | A:LOWER:14:-2 | A:LOWER:14:-4 | A:LOWER:-1:-9 | A:LOWER:-4:-8 | A:LOWER:-7:-7 | A:LOWER:-10:-6 | A:LOWER:-13:-5 | A:LOWER:-13:5 | A:LOWER:-10:6
M5:LOWER:P0:O-1:R6,5,15,LOWER,N,B-N-B-N-B,N,0,-1,6,1,False,False,-1,0.0,41.512335313074175,0.22925432650516656,0.14110280079221751,S:1680 | S:1682 | S:1684 | S:1686 | S:1688 | S:1690 | S:1692 | S:1694 | S:1696 | S:1698 | S:1700 | S:1702 | S:1704 | S:1706 | S:1708,A:LOWER:-10:6 | A:LOWER:-7:7 | A:LOWER:-4:8 | A:LOWER:-1:9 | A:LOWER:14:4 | A:LOWER:14:2 | A:LOWER:14:0 | A:LOWER:14:-2 | A:LOWER:14:-4 | A:LOWER:-1:-9 | A:LOWER:-4:-8 | A:LOWER:-7:-7 | A:LOWER:-10:-6 | A:LOWER:-13:-5 | A:LOWER:-13:5
M5:LOWER:P0:O-1:R7,5,15,LOWER,N,B-N-B-N-B,N,0,-1,7,1,False,False,-1,0.0,35.69726480383344,0.2530184440363411,0.1378294209361312,S:1680 | S:1682 | S:1684 | S:1686 | S:1688 | S:1690 | S:1692 | S:1694 | S:1696 | S:1698 | S:1700 | S:1702 | S:1704 | S:1706 | S:1708,A:LOWER:-13:5 | A:LOWER:-10:6 | A:LOWER:-7:7 | A:LOWER:-4:8 | A:LOWER:-1:9 | A:LOWER:14:4 | A:LOWER:14:2 | A:LOWER:14:0 | A:LOWER:14:-2 | A:LOWER:14:-4 | A:LOWER:-1:-9 | A:LOWER:-4:-8 | A:LOWER:-7:-7 | A:LOWER:-10:-6 | A:LOWER:-13:-5
M5:LOWER:P0:O-1:R8,5,15,LOWER,N,B-N-B-N-B,N,0,-1,8,1,False,False,-1,0.0,24.263143461204635,0.22967863457377755,0.14235350043090178,S:1680 | S:1682 | S:1684 | S:1686 | S:1688 | S:1690 | S:1692 | S:1694 | S:1696 | S:1698 | S:1700 | S:1702 | S:1704 | S:1706 | S:1708,A:LOWER:-13:-5 | A:LOWER:-13:5 | A:LOWER:-10:6 | A:LOWER:-7:7 | A:LOWER:-4:8 | A:LOWER:-1:9 | A:LOWER:14:4 | A:LOWER:14:2 | A:LOWER:14:0 | A:LOWER:14:-2 | A:LOWER:14:-4 | A:LOWER:-1:-9 | A:LOWER:-4:-8 | A:LOWER:-7:-7 | A:LOWER:-10:-6
M5:LOWER:P0:O-1:R9,5,15,LOWER,N,B-N-B-N-B,N,0,-1,9,1,False,False,-1,0.0,25.97841874714802,0.1990283790804814,0.14063493698860288,S:1680 | S:1682 | S:1684 | S:1686 | S:1688 | S:1690 | S:1692 | S:1694 | S:1696 | S:1698 | S:1700 | S:1702 | S:1704 | S:1706 | S:1708,A:LOWER:-10:-6 | A:LOWER:-13:-5 | A:LOWER:-13:5 | A:LOWER:-10:6 | A:LOWER:-7:7 | A:LOWER:-4:8 | A:LOWER:-1:9 | A:LOWER:14:4 | A:LOWER:14:2 | A:LOWER:14:0 | A:LOWER:14:-2 | A:LOWER:14:-4 | A:LOWER:-1:-9 | A:LOWER:-4:-8 | A:LOWER:-7:-7
M5:LOWER:P0:O-1:R10,5,15,LOWER,N,B-N-B-N-B,N,0,-1,10,1,False,False,-1,0.0,26.68402959228838,0.17109138890216805,0.14320870405090425,S:1680 | S:1682 | S:1684 | S:1686 | S:1688 | S:1690 | S:1692 | S:1694 | S:1696 | S:1698 | S:1700 | S:1702 | S:1704 | S:1706 | S:1708,A:LOWER:-7:-7 | A:LOWER:-10:-6 | A:LOWER:-13:-5 | A:LOWER:-13:5 | A:LOWER:-10:6 | A:LOWER:-7:7 | A:LOWER:-4:8 | A:LOWER:-1:9 | A:LOWER:14:4 | A:LOWER:14:2 | A:LOWER:14:0 | A:LOWER:14:-2 | A:LOWER:14:-4 | A:LOWER:-1:-9 | A:LOWER:-4:-8
M5:LOWER:P0:O-1:R11,5,15,LOWER,N,B-N-B-N-B,N,0,-1,11,1,False,False,-1,0.0,31.40298643536402,0.14669245635863645,0.1279045205732378,S:1680 | S:1682 | S:1684 | S:1686 | S:1688 | S:1690 | S:1692 | S:1694 | S:1696 | S:1698 | S:1700 | S:1702 | S:1704 | S:1706 | S:1708,A:LOWER:-4:-8 | A:LOWER:-7:-7 | A:LOWER:-10:-6 | A:LOWER:-13:-5 | A:LOWER:-13:5 | A:LOWER:-10:6 | A:LOWER:-7:7 | A:LOWER:-4:8 | A:LOWER:-1:9 | A:LOWER:14:4 | A:LOWER:14:2 | A:LOWER:14:0 | A:LOWER:14:-2 | A:LOWER:14:-4 | A:LOWER:-1:-9
M5:LOWER:P0:O-1:R12,5,15,LOWER,N,B-N-B-N-B,N,0,-1,12,1,False,False,-1,0.0,49.74980317983239,0.12684428899700437,0.13158599090595022,S:1680 | S:1682 | S:1684 | S:1686 | S:1688 | S:1690 | S:1692 | S:1694 | S:1696 | S:1698 | S:1700 | S:1702 | S:1704 | S:1706 | S:1708,A:LOWER:-1:-9 | A:LOWER:-4:-8 | A:LOWER:-7:-7 | A:LOWER:-10:-6 | A:LOWER:-13:-5 | A:LOWER:-13:5 | A:LOWER:-10:6 | A:LOWER:-7:7 | A:LOWER:-4:8 | A:LOWER:-1:9 | A:LOWER:14:4 | A:LOWER:14:2 | A:LOWER:14:0 | A:LOWER:14:-2 | A:LOWER:14:-4
M5:LOWER:P0:O-1:R13,5,15,LOWER,N,B-N-B-N-B,N,0,-1,13,2,False,False,-1,0.0,43.76420815792556,0.062295142159324635,0.13809720701522368,S:1680 | S:1682 | S:1684 | S:1686 | S:1688 | S:1690 | S:1692 | S:1694 | S:1696 | S:1698 | S:1700 | S:1702 | S:1704 | S:1706 | S:1708,A:LOWER:14:-4 | A:LOWER:-1:-9 | A:LOWER:-4:-8 | A:LOWER:-7:-7 | A:LOWER:-10:-6 | A:LOWER:-13:-5 | A:LOWER:-13:5 | A:LOWER:-10:6 | A:LOWER:-7:7 | A:LOWER:-4:8 | A:LOWER:-1:9 | A:LOWER:14:4 | A:LOWER:14:2 | A:LOWER:14:0 | A:LOWER:14:-2
M5:LOWER:P0:O-1:R14,5,15,LOWER,N,B-N-B-N-B,N,0,-1,14,3,False,False,-1,0.0,58.37933560858807,4.3027873699863495e-05,0.13537720736471676,S:1680 | S:1682 | S:1684 | S:1686 | S:1688 | S:1690 | S:1692 | S:1694 | S:1696 | S:1698 | S:1700 | S:1702 | S:1704 | S:1706 | S:1708,A:LOWER:14:-2 | A:LOWER:14:-4 | A:LOWER:-1:-9 | A:LOWER:-4:-8 | A:LOWER:-7:-7 | A:LOWER:-10:-6 | A:LOWER:-13:-5 | A:LOWER:-13:5 | A:LOWER:-10:6 | A:LOWER:-7:7 | A:LOWER:-4:8 | A:LOWER:-1:9 | A:LOWER:14:4 | A:LOWER:14:2 | A:LOWER:14:0
M5:LOWER:P1:O1:R0,5,15,LOWER,N,B-N-B-N-B,N,1,1,0,2,False,False,-1,0.0,46.994680070220866,0.06721662594318936,0.14117431251555582,S:1681 | S:1683 | S:1685 | S:1687 | S:1689 | S:1691 | S:1693 | S:1695 | S:1697 | S:1699 | S:1701 | S:1703 | S:1705 | S:1707 | S:1709,A:LOWER:14:0 | A:LOWER:14:2 | A:LOWER:14:4 | A:LOWER:-1:9 | A:LOWER:-4:8 | A:LOWER:-7:7 | A:LOWER:-10:6 | A:LOWER:-13:5 | A:LOWER:-13:-5 | A:LOWER:-10:-6 | A:LOWER:-7:-7 | A:LOWER:-4:-8 | A:LOWER:-1:-9 | A:LOWER:14:-4 | A:LOWER:14:-2
M5:LOWER:P1:O1:R1,5,15,LOWER,N,B-N-B-N-B,N,1,1,1,1,False,False,-1,0.0,65.97669983451345,0.0012092785191958055,0.12981869638726937,S:1681 | S:1683 | S:1685 | S:1687 | S:1689 | S:1691 | S:1693 | S:1695 | S:1697 | S:1699 | S:1701 | S:1703 | S:1705 | S:1707 | S:1709,A:LOWER:14:2 | A:LOWER:14:4 | A:LOWER:-1:9 | A:LOWER:-4:8 | A:LOWER:-7:7 | A:LOWER:-10:6 | A:LOWER:-13:5 | A:LOWER:-13:-5 | A:LOWER:-10:-6 | A:LOWER:-7:-7 | A:LOWER:-4:-8 | A:LOWER:-1:-9 | A:LOWER:14:-4 | A:LOWER:14:-2 | A:LOWER:14:0
M5:LOWER:P1:O1:R2,5,15,LOWER,N,B-N-B-N-B,N,1,1,2,1,False,False,-1,0.0,46.65490961240714,0.04021271923331379,0.12201758973578163,S:1681 | S:1683 | S:1685 | S:1687 | S:1689 | S:1691 | S:1693 | S:1695 | S:1697 | S:1699 | S:1701 | S:1703 | S:1705 | S:1707 | S:1709,A:LOWER:14:4 | A:LOWER:-1:9 | A:LOWER:-4:8 | A:LOWER:-7:7 | A:LOWER:-10:6 | A:LOWER:-13:5 | A:LOWER:-13:-5 | A:LOWER:-10:-6 | A:LOWER:-7:-7 | A:LOWER:-4:-8 | A:LOWER:-1:-9 | A:LOWER:14:-4 | A:LOWER:14:-2 | A:LOWER:14:0 | A:LOWER:14:2
M5:LOWER:P1:O1:R3,5,15,LOWER,N,B-N-B-N-B,N,1,1,3,1,False,False,-1,0.0,52.79253162040891,0.2043423394825802,0.12935125459984262,S:1681 | S:1683 | S:1685 | S:1687 | S:1689 | S:1691 | S:1693 | S:1695 | S:1697 | S:1699 | S:1701 | S:1703 | S:1705 | S:1707 | S:1709,A:LOWER:-1:9 | A:LOWER:-4:8 | A:LOWER:-7:7 | A:LOWER:-10:6 | A:LOWER:-13:5 | A:LOWER:-13:-5 | A:LOWER:-10:-6 | A:LOWER:-7:-7 | A:LOWER:-4:-8 | A:LOWER:-1:-9 | A:LOWER:14:-4 | A:LOWER:14:-2 | A:LOWER:14:0 | A:LOWER:14:2 | A:LOWER:14:4
M5:LOWER:P1:O1:R4,5,15,LOWER,N,B-N-B-N-B,N,1,1,4,1,False,False,-1,0.0,49.98094772067061,0.2110485777664424,0.14658197526663974,S:1681 | S:1683 | S:1685 | S:1687 | S:1689 | S:1691 | S:1693 | S:1695 | S:1697 | S:1699 | S:1701 | S:1703 | S:1705 | S:1707 | S:1709,A:LOWER:-4:8 | A:LOWER:-7:7 | A:LOWER:-10:6 | A:LOWER:-13:5 | A:LOWER:-13:-5 | A:LOWER:-10:-6 | A:LOWER:-7:-7 | A:LOWER:-4:-8 | A:LOWER:-1:-9 | A:LOWER:14:-4 | A:LOWER:14:-2 | A:LOWER:14:0 | A:LOWER:14:2 | A:LOWER:14:4 | A:LOWER:-1:9
M5:LOWER:P1:O1:R5,5,15,LOWER,N,B-N-B-N-B,N,1,1,5,1,False,False,-1,0.0,50.50950942462038,0.22263520204650486,0.14011966762993391,S:1681 | S:1683 | S:1685 | S:1687 | S:1689 | S:1691 | S:1693 | S:1695 | S:1697 | S:1699 | S:1701 | S:1703 | S:1705 | S:1707 | S:1709,A:LOWER:-7:7 | A:LOWER:-10:6 | A:LOWER:-13:5 | A:LOWER:-13:-5 | A:LOWER:-10:-6 | A:LOWER:-7:-7 | A:LOWER:-4:-8 | A:LOWER:-1:-9 | A:LOWER:14:-4 | A:LOWER:14:-2 | A:LOWER:14:0 | A:LOWER:14:2 | A:LOWER:14:4 | A:LOWER:-1:9 | A:LOWER:-4:8
M5:LOWER:P1:O1:R6,5,15,LOWER,N,B-N-B-N-B,N,1,1,6,1,False,False,-1,0.0,46.91656907462073,0.2386415589793646,0.14660944606920773,S:1681 | S:1683 | S:1685 | S:1687 | S:1689 | S:1691 | S:1693 | S:1695 | S:1697 | S:1699 | S:1701 | S:1703 | S:1705 | S:1707 | S:1709,A:LOWER:-10:6 | A:LOWER:-13:5 | A:LOWER:-13:-5 | A:LOWER:-10:-6 | A:LOWER:-7:-7 | A:LOWER:-4:-8 | A:LOWER:-1:-9 | A:LOWER:14:-4 | A:LOWER:14:-2 | A:LOWER:14:0 | A:LOWER:14:2 | A:LOWER:14:4 | A:LOWER:-1:9 | A:LOWER:-4:8 | A:LOWER:-7:7
M5:LOWER:P1:O1:R7,5,15,LOWER,N,B-N-B-N-B,N,1,1,7,1,False,False,-1,0.0,43.74497497652307,0.2585209397640478,0.1450472031811907,S:1681 | S:1683 | S:1685 | S:1687 | S:1689 | S:1691 | S:1693 | S:1695 | S:1697 | S:1699 | S:1701 | S:1703 | S:1705 | S:1707 | S:1709,A:LOWER:-13:5 | A:LOWER:-13:-5 | A:LOWER:-10:-6 | A:LOWER:-7:-7 | A:LOWER:-4:-8 | A:LOWER:-1:-9 | A:LOWER:14:-4 | A:LOWER:14:-2 | A:LOWER:14:0 | A:LOWER:14:2 | A:LOWER:14:4 | A:LOWER:-1:9 | A:LOWER:-4:8 | A:LOWER:-7:7 | A:LOWER:-10:6
M5:LOWER:P1:O1:R8,5,15,LOWER,N,B-N-B-N-B,N,1,1,8,1,False,False,-1,0.0,20.685856033704678,0.2108070574840806,0.14887877714641312,S:1681 | S:1683 | S:1685 | S:1687 | S:1689 | S:1691 | S:1693 | S:1695 | S:1697 | S:1699 | S:1701 | S:1703 | S:1705 | S:1707 | S:1709,A:LOWER:-13:-5 | A:LOWER:-10:-6 | A:LOWER:-7:-7 | A:LOWER:-4:-8 | A:LOWER:-1:-9 | A:LOWER:14:-4 | A:LOWER:14:-2 | A:LOWER:14:0 | A:LOWER:14:2 | A:LOWER:14:4 | A:LOWER:-1:9 | A:LOWER:-4:8 | A:LOWER:-7:7 | A:LOWER:-10:6 | A:LOWER:-13:5
M5:LOWER:P1:O1:R9,5,15,LOWER,N,B-N-B-N-B,N,1,1,9,1,False,False,-1,0.0,24.392769320203357,0.17738391731100098,0.14731515254623065,S:1681 | S:1683 | S:1685 | S:1687 | S:1689 | S:1691 | S:1693 | S:1695 | S:1697 | S:1699 | S:1701 | S:1703 | S:1705 | S:1707 | S:1709,A:LOWER:-10:-6 | A:LOWER:-7:-7 | A:LOWER:-4:-8 | A:LOWER:-1:-9 | A:LOWER:14:-4 | A:LOWER:14:-2 | A:LOWER:14:0 | A:LOWER:14:2 | A:LOWER:14:4 | A:LOWER:-1:9 | A:LOWER:-4:8 | A:LOWER:-7:7 | A:LOWER:-10:6 | A:LOWER:-13:5 | A:LOWER:-13:-5
M5:LOWER:P1:O1:R10,5,15,LOWER,N,B-N-B-N-B,N,1,1,10,1,False,False,-1,0.0,6.761013947156186,0.14503210016398208,0.13566657310770358,S:1681 | S:1683 | S:1685 | S:1687 | S:1689 | S:1691 | S:1693 | S:1695 | S:1697 | S:1699 | S:1701 | S:1703 | S:1705 | S:1707 | S:1709,A:LOWER:-7:-7 | A:LOWER:-4:-8 | A:LOWER:-1:-9 | A:LOWER:14:-4 | A:LOWER:14:-2 | A:LOWER:14:0 | A:LOWER:14:2 | A:LOWER:14:4 | A:LOWER:-1:9 | A:LOWER:-4:8 | A:LOWER:-7:7 | A:LOWER:-10:6 | A:LOWER:-13:5 | A:LOWER:-13:-5 | A:LOWER:-10:-6
M5:LOWER:P1:O1:R11,5,15,LOWER,N,B-N-B-N-B,N,1,1,11,1,False,False,-1,0.0,22.253404295159008,0.1176714761355627,0.12210173333353147,S:1681 | S:1683 | S:1685 | S:1687 | S:1689 | S:1691 | S:1693 | S:1695 | S:1697 | S:1699 | S:1701 | S:1703 | S:1705 | S:1707 | S:1709,A:LOWER:-4:-8 | A:LOWER:-1:-9 | A:LOWER:14:-4 | A:LOWER:14:-2 | A:LOWER:14:0 | A:LOWER:14:2 | A:LOWER:14:4 | A:LOWER:-1:9 | A:LOWER:-4:8 | A:LOWER:-7:7 | A:LOWER:-10:6 | A:LOWER:-13:5 | A:LOWER:-13:-5 | A:LOWER:-10:-6 | A:LOWER:-7:-7
M5:LOWER:P1:O1:R12,5,15,LOWER,N,B-N-B-N-B,N,1,1,12,1,False,False,-1,0.0,40.733142904036846,0.09527679568706329,0.14007451968451584,S:1681 | S:1683 | S:1685 | S:1687 | S:1689 | S:1691 | S:1693 | S:1695 | S:1697 | S:1699 | S:1701 | S:1703 | S:1705 | S:1707 | S:1709,A:LOWER:-1:-9 | A:LOWER:14:-4 | A:LOWER:14:-2 | A:LOWER:14:0 | A:LOWER:14:2 | A:LOWER:14:4 | A:LOWER:-1:9 | A:LOWER:-4:8 | A:LOWER:-7:7 | A:LOWER:-10:6 | A:LOWER:-13:5 | A:LOWER:-13:-5 | A:LOWER:-10:-6 | A:LOWER:-7:-7 | A:LOWER:-4:-8
M5:LOWER:P1:O1:R13,5,15,LOWER,N,B-N-B-N-B,N,1,1,13,2,False,False,-1,0.0,61.67970290686322,5.192312904597762e-05,0.1486568117332312,S:1681 | S:1683 | S:1685 | S:1687 | S:1689 | S:1691 | S:1693 | S:1695 | S:1697 | S:1699 | S:1701 | S:1703 | S:1705 | S:1707 | S:1709,A:LOWER:14:-4 | A:LOWER:14:-2 | A:LOWER:14:0 | A:LOWER:14:2 | A:LOWER:14:4 | A:LOWER:-1:9 | A:LOWER:-4:8 | A:LOWER:-7:7 | A:LOWER:-10:6 | A:LOWER:-13:5 | A:LOWER:-13:-5 | A:LOWER:-10:-6 | A:LOWER:-7:-7 | A:LOWER:-4:-8 | A:LOWER:-1:-9
M5:LOWER:P1:O1:R14,5,15,LOWER,N,B-N-B-N-B,N,1,1,14,2,False,False,-1,0.0,50.14173039776639,0.027256473916481117,0.13328861397765895,S:1681 | S:1683 | S:1685 | S:1687 | S:1689 | S:1691 | S:1693 | S:1695 | S:1697 | S:1699 | S:1701 | S:1703 | S:1705 | S:1707 | S:1709,A:LOWER:14:-2 | A:LOWER:14:0 | A:LOWER:14:2 | A:LOWER:14:4 | A:LOWER:-1:9 | A:LOWER:-4:8 | A:LOWER:-7:7 | A:LOWER:-10:6 | A:LOWER:-13:5 | A:LOWER:-13:-5 | A:LOWER:-10:-6 | A:LOWER:-7:-7 | A:LOWER:-4:-8 | A:LOWER:-1:-9 | A:LOWER:14:-4
M5:LOWER:P1:O-1:R0,5,15,LOWER,N,B-N-B-N-B,N,1,-1,0,2,False,False,-1,0.0,61.67970290686322,5.192312904597762e-05,0.1486568117332312,S:1681 | S:1683 | S:1685 | S:1687 | S:1689 | S:1691 | S:1693 | S:1695 | S:1697 | S:1699 | S:1701 | S:1703 | S:1705 | S:1707 | S:1709,A:LOWER:14:0 | A:LOWER:14:-2 | A:LOWER:14:-4 | A:LOWER:-1:-9 | A:LOWER:-4:-8 | A:LOWER:-7:-7 | A:LOWER:-10:-6 | A:LOWER:-13:-5 | A:LOWER:-13:5 | A:LOWER:-10:6 | A:LOWER:-7:7 | A:LOWER:-4:8 | A:LOWER:-1:9 | A:LOWER:14:4 | A:LOWER:14:2
M5:LOWER:P1:O-1:R1,5,15,LOWER,N,B-N-B-N-B,N,1,-1,1,1,False,False,-1,0.0,65.97669983451345,0.0012092785191958055,0.12981869638726937,S:1681 | S:1683 | S:1685 | S:1687 | S:1689 | S:1691 | S:1693 | S:1695 | S:1697 | S:1699 | S:1701 | S:1703 | S:1705 | S:1707 | S:1709,A:LOWER:14:2 | A:LOWER:14:0 | A:LOWER:14:-2 | A:LOWER:14:-4 | A:LOWER:-1:-9 | A:LOWER:-4:-8 | A:LOWER:-7:-7 | A:LOWER:-10:-6 | A:LOWER:-13:-5 | A:LOWER:-13:5 | A:LOWER:-10:6 | A:LOWER:-7:7 | A:LOWER:-4:8 | A:LOWER:-1:9 | A:LOWER:14:4
M5:LOWER:P1:O-1:R2,5,15,LOWER,N,B-N-B-N-B,N,1,-1,2,1,False,False,-1,0.0,46.65490961240714,0.04021271923331379,0.12201758973578163,S:1681 | S:1683 | S:1685 | S:1687 | S:1689 | S:1691 | S:1693 | S:1695 | S:1697 | S:1699 | S:1701 | S:1703 | S:1705 | S:1707 | S:1709,A:LOWER:14:4 | A:LOWER:14:2 | A:LOWER:14:0 | A:LOWER:14:-2 | A:LOWER:14:-4 | A:LOWER:-1:-9 | A:LOWER:-4:-8 | A:LOWER:-7:-7 | A:LOWER:-10:-6 | A:LOWER:-13:-5 | A:LOWER:-13:5 | A:LOWER:-10:6 | A:LOWER:-7:7 | A:LOWER:-4:8 | A:LOWER:-1:9
M5:LOWER:P1:O-1:R3,5,15,LOWER,N,B-N-B-N-B,N,1,-1,3,1,False,False,-1,0.0,52.79253162040891,0.2043423394825802,0.12935125459984262,S:1681 | S:1683 | S:1685 | S:1687 | S:1689 | S:1691 | S:1693 | S:1695 | S:1697 | S:1699 | S:1701 | S:1703 | S:1705 | S:1707 | S:1709,A:LOWER:-1:9 | A:LOWER:14:4 | A:LOWER:14:2 | A:LOWER:14:0 | A:LOWER:14:-2 | A:LOWER:14:-4 | A:LOWER:-1:-9 | A:LOWER:-4:-8 | A:LOWER:-7:-7 | A:LOWER:-10:-6 | A:LOWER:-13:-5 | A:LOWER:-13:5 | A:LOWER:-10:6 | A:LOWER:-7:7 | A:LOWER:-4:8
M5:LOWER:P1:O-1:R4,5,15,LOWER,N,B-N-B-N-B,N,1,-1,4,1,False,False,-1,0.0,49.98094772067061,0.2110485777664424,0.14658197526663974,S:1681 | S:1683 | S:1685 | S:1687 | S:1689 | S:1691 | S:1693 | S:1695 | S:1697 | S:1699 | S:1701 | S:1703 | S:1705 | S:1707 | S:1709,A:LOWER:-4:8 | A:LOWER:-1:9 | A:LOWER:14:4 | A:LOWER:14:2 | A:LOWER:14:0 | A:LOWER:14:-2 | A:LOWER:14:-4 | A:LOWER:-1:-9 | A:LOWER:-4:-8 | A:LOWER:-7:-7 | A:LOWER:-10:-6 | A:LOWER:-13:-5 | A:LOWER:-13:5 | A:LOWER:-10:6 | A:LOWER:-7:7
M5:LOWER:P1:O-1:R5,5,15,LOWER,N,B-N-B-N-B,N,1,-1,5,1,False,False,-1,0.0,50.50950942462038,0.22263520204650486,0.14011966762993391,S:1681 | S:1683 | S:1685 | S:1687 | S:1689 | S:1691 | S:1693 | S:1695 | S:1697 | S:1699 | S:1701 | S:1703 | S:1705 | S:1707 | S:1709,A:LOWER:-7:7 | A:LOWER:-4:8 | A:LOWER:-1:9 | A:LOWER:14:4 | A:LOWER:14:2 | A:LOWER:14:0 | A:LOWER:14:-2 | A:LOWER:14:-4 | A:LOWER:-1:-9 | A:LOWER:-4:-8 | A:LOWER:-7:-7 | A:LOWER:-10:-6 | A:LOWER:-13:-5 | A:LOWER:-13:5 | A:LOWER:-10:6
M5:LOWER:P1:O-1:R6,5,15,LOWER,N,B-N-B-N-B,N,1,-1,6,1,False,False,-1,0.0,46.91656907462073,0.2386415589793646,0.14660944606920773,S:1681 | S:1683 | S:1685 | S:1687 | S:1689 | S:1691 | S:1693 | S:1695 | S:1697 | S:1699 | S:1701 | S:1703 | S:1705 | S:1707 | S:1709,A:LOWER:-10:6 | A:LOWER:-7:7 | A:LOWER:-4:8 | A:LOWER:-1:9 | A:LOWER:14:4 | A:LOWER:14:2 | A:LOWER:14:0 | A:LOWER:14:-2 | A:LOWER:14:-4 | A:LOWER:-1:-9 | A:LOWER:-4:-8 | A:LOWER:-7:-7 | A:LOWER:-10:-6 | A:LOWER:-13:-5 | A:LOWER:-13:5
M5:LOWER:P1:O-1:R7,5,15,LOWER,N,B-N-B-N-B,N,1,-1,7,1,False,False,-1,0.0,43.74497497652307,0.2585209397640478,0.1450472031811907,S:1681 | S:1683 | S:1685 | S:1687 | S:1689 | S:1691 | S:1693 | S:1695 | S:1697 | S:1699 | S:1701 | S:1703 | S:1705 | S:1707 | S:1709,A:LOWER:-13:5 | A:LOWER:-10:6 | A:LOWER:-7:7 | A:LOWER:-4:8 | A:LOWER:-1:9 | A:LOWER:14:4 | A:LOWER:14:2 | A:LOWER:14:0 | A:LOWER:14:-2 | A:LOWER:14:-4 | A:LOWER:-1:-9 | A:LOWER:-4:-8 | A:LOWER:-7:-7 | A:LOWER:-10:-6 | A:LOWER:-13:-5
M5:LOWER:P1:O-1:R8,5,15,LOWER,N,B-N-B-N-B,N,1,-1,8,1,False,False,-1,0.0,20.685856033704678,0.2108070574840806,0.14887877714641312,S:1681 | S:1683 | S:1685 | S:1687 | S:1689 | S:1691 | S:1693 | S:1695 | S:1697 | S:1699 | S:1701 | S:1703 | S:1705 | S:1707 | S:1709,A:LOWER:-13:-5 | A:LOWER:-13:5 | A:LOWER:-10:6 | A:LOWER:-7:7 | A:LOWER:-4:8 | A:LOWER:-1:9 | A:LOWER:14:4 | A:LOWER:14:2 | A:LOWER:14:0 | A:LOWER:14:-2 | A:LOWER:14:-4 | A:LOWER:-1:-9 | A:LOWER:-4:-8 | A:LOWER:-7:-7 | A:LOWER:-10:-6
M5:LOWER:P1:O-1:R9,5,15,LOWER,N,B-N-B-N-B,N,1,-1,9,1,False,False,-1,0.0,24.392769320203357,0.17738391731100098,0.14731515254623065,S:1681 | S:1683 | S:1685 | S:1687 | S:1689 | S:1691 | S:1693 | S:1695 | S:1697 | S:1699 | S:1701 | S:1703 | S:1705 | S:1707 | S:1709,A:LOWER:-10:-6 | A:LOWER:-13:-5 | A:LOWER:-13:5 | A:LOWER:-10:6 | A:LOWER:-7:7 | A:LOWER:-4:8 | A:LOWER:-1:9 | A:LOWER:14:4 | A:LOWER:14:2 | A:LOWER:14:0 | A:LOWER:14:-2 | A:LOWER:14:-4 | A:LOWER:-1:-9 | A:LOWER:-4:-8 | A:LOWER:-7:-7
M5:LOWER:P1:O-1:R10,5,15,LOWER,N,B-N-B-N-B,N,1,-1,10,1,False,False,-1,0.0,6.761013947156186,0.14503210016398208,0.13566657310770358,S:1681 | S:1683 | S:1685 | S:1687 | S:1689 | S:1691 | S:1693 | S:1695 | S:1697 | S:1699 | S:1701 | S:1703 | S:1705 | S:1707 | S:1709,A:LOWER:-7:-7 | A:LOWER:-10:-6 | A:LOWER:-13:-5 | A:LOWER:-13:5 | A:LOWER:-10:6 | A:LOWER:-7:7 | A:LOWER:-4:8 | A:LOWER:-1:9 | A:LOWER:14:4 | A:LOWER:14:2 | A:LOWER:14:0 | A:LOWER:14:-2 | A:LOWER:14:-4 | A:LOWER:-1:-9 | A:LOWER:-4:-8
M5:LOWER:P1:O-1:R11,5,15,LOWER,N,B-N-B-N-B,N,1,-1,11,1,False,False,-1,0.0,22.253404295159008,0.1176714761355627,0.12210173333353147,S:1681 | S:1683 | S:1685 | S:1687 | S:1689 | S:1691 | S:1693 | S:1695 | S:1697 | S:1699 | S:1701 | S:1703 | S:1705 | S:1707 | S:1709,A:LOWER:-4:-8 | A:LOWER:-7:-7 | A:LOWER:-10:-6 | A:LOWER:-13:-5 | A:LOWER:-13:5 | A:LOWER:-10:6 | A:LOWER:-7:7 | A:LOWER:-4:8 | A:LOWER:-1:9 | A:LOWER:14:4 | A:LOWER:14:2 | A:LOWER:14:0 | A:LOWER:14:-2 | A:LOWER:14:-4 | A:LOWER:-1:-9
M5:LOWER:P1:O-1:R12,5,15,LOWER,N,B-N-B-N-B,N,1,-1,12,1,False,False,-1,0.0,40.733142904036846,0.09527679568706329,0.14007451968451584,S:1681 | S:1683 | S:1685 | S:1687 | S:1689 | S:1691 | S:1693 | S:1695 | S:1697 | S:1699 | S:1701 | S:1703 | S:1705 | S:1707 | S:1709,A:LOWER:-1:-9 | A:LOWER:-4:-8 | A:LOWER:-7:-7 | A:LOWER:-10:-6 | A:LOWER:-13:-5 | A:LOWER:-13:5 | A:LOWER:-10:6 | A:LOWER:-7:7 | A:LOWER:-4:8 | A:LOWER:-1:9 | A:LOWER:14:4 | A:LOWER:14:2 | A:LOWER:14:0 | A:LOWER:14:-2 | A:LOWER:14:-4
M5:LOWER:P1:O-1:R13,5,15,LOWER,N,B-N-B-N-B,N,1,-1,13,2,False,False,-1,0.0,50.1788249255542,0.02726367698886442,0.13446705534377146,S:1681 | S:1683 | S:1685 | S:1687 | S:1689 | S:1691 | S:1693 | S:1695 | S:1697 | S:1699 | S:1701 | S:1703 | S:1705 | S:1707 | S:1709,A:LOWER:14:-4 | A:LOWER:-1:-9 | A:LOWER:-4:-8 | A:LOWER:-7:-7 | A:LOWER:-10:-6 | A:LOWER:-13:-5 | A:LOWER:-13:5 | A:LOWER:-10:6 | A:LOWER:-7:7 | A:LOWER:-4:8 | A:LOWER:-1:9 | A:LOWER:14:4 | A:LOWER:14:2 | A:LOWER:14:0 | A:LOWER:14:-2
M5:LOWER:P1:O-1:R14,5,15,LOWER,N,B-N-B-N-B,N,1,-1,14,15,True,True,0,0.1747024071974785,79.0540642299529,3.2951759770333267e-05,0.1623175344592471,S:1681 | S:1683 | S:1685 | S:1687 | S:1689 | S:1691 | S:1693 | S:1695 | S:1697 | S:1699 | S:1701 | S:1703 | S:1705 | S:1707 | S:1709,A:LOWER:14:-2 | A:LOWER:14:-4 | A:LOWER:-1:-9 | A:LOWER:-4:-8 | A:LOWER:-7:-7 | A:LOWER:-10:-6 | A:LOWER:-13:-5 | A:LOWER:-13:5 | A:LOWER:-10:6 | A:LOWER:-7:7 | A:LOWER:-4:8 | A:LOWER:-1:9 | A:LOWER:14:4 | A:LOWER:14:2 | A:LOWER:14:0
M5:UPPER:P0:O1:R0,5,15,UPPER,B,N-B-N-B-N,B,0,1,0,3,False,False,-1,0.0,52.65699718616047,0.0748961270109931,0.14417964221624333,S:1710 | S:1712 | S:1714 | S:1716 | S:1718 | S:1720 | S:1722 | S:1724 | S:1726 | S:1728 | S:1730 | S:1732 | S:1734 | S:1736 | S:1738,A:UPPER:14:0 | A:UPPER:14:2 | A:UPPER:14:4 | A:UPPER:-1:9 | A:UPPER:-4:8 | A:UPPER:-7:7 | A:UPPER:-10:6 | A:UPPER:-13:5 | A:UPPER:-13:-5 | A:UPPER:-10:-6 | A:UPPER:-7:-7 | A:UPPER:-4:-8 | A:UPPER:-1:-9 | A:UPPER:14:-4 | A:UPPER:14:-2
M5:UPPER:P0:O1:R1,5,15,UPPER,B,N-B-N-B-N,B,0,1,1,2,False,False,-1,0.0,61.39875167940379,0.004052807889442733,0.1331030443029168,S:1710 | S:1712 | S:1714 | S:1716 | S:1718 | S:1720 | S:1722 | S:1724 | S:1726 | S:1728 | S:1730 | S:1732 | S:1734 | S:1736 | S:1738,A:UPPER:14:2 | A:UPPER:14:4 | A:UPPER:-1:9 | A:UPPER:-4:8 | A:UPPER:-7:7 | A:UPPER:-10:6 | A:UPPER:-13:5 | A:UPPER:-13:-5 | A:UPPER:-10:-6 | A:UPPER:-7:-7 | A:UPPER:-4:-8 | A:UPPER:-1:-9 | A:UPPER:14:-4 | A:UPPER:14:-2 | A:UPPER:14:0
M5:UPPER:P0:O1:R2,5,15,UPPER,B,N-B-N-B-N,B,0,1,2,2,False,False,-1,0.0,50.601075022329695,0.1816961505067994,0.14376780049366777,S:1710 | S:1712 | S:1714 | S:1716 | S:1718 | S:1720 | S:1722 | S:1724 | S:1726 | S:1728 | S:1730 | S:1732 | S:1734 | S:1736 | S:1738,A:UPPER:14:4 | A:UPPER:-1:9 | A:UPPER:-4:8 | A:UPPER:-7:7 | A:UPPER:-10:6 | A:UPPER:-13:5 | A:UPPER:-13:-5 | A:UPPER:-10:-6 | A:UPPER:-7:-7 | A:UPPER:-4:-8 | A:UPPER:-1:-9 | A:UPPER:14:-4 | A:UPPER:14:-2 | A:UPPER:14:0 | A:UPPER:14:2
M5:UPPER:P0:O1:R3,5,15,UPPER,B,N-B-N-B-N,B,0,1,3,1,False,False,-1,0.0,49.58198817800753,0.12691905084523722,0.13241401321113141,S:1710 | S:1712 | S:1714 | S:1716 | S:1718 | S:1720 | S:1722 | S:1724 | S:1726 | S:1728 | S:1730 | S:1732 | S:1734 | S:1736 | S:1738,A:UPPER:-1:9 | A:UPPER:-4:8 | A:UPPER:-7:7 | A:UPPER:-10:6 | A:UPPER:-13:5 | A:UPPER:-13:-5 | A:UPPER:-10:-6 | A:UPPER:-7:-7 | A:UPPER:-4:-8 | A:UPPER:-1:-9 | A:UPPER:14:-4 | A:UPPER:14:-2 | A:UPPER:14:0 | A:UPPER:14:2 | A:UPPER:14:4
M5:UPPER:P0:O1:R4,5,15,UPPER,B,N-B-N-B-N,B,0,1,4,1,False,False,-1,0.0,30.111294379029925,0.14676628036471032,0.12785423126614456,S:1710 | S:1712 | S:1714 | S:1716 | S:1718 | S:1720 | S:1722 | S:1724 | S:1726 | S:1728 | S:1730 | S:1732 | S:1734 | S:1736 | S:1738,A:UPPER:-4:8 | A:UPPER:-7:7 | A:UPPER:-10:6 | A:UPPER:-13:5 | A:UPPER:-13:-5 | A:UPPER:-10:-6 | A:UPPER:-7:-7 | A:UPPER:-4:-8 | A:UPPER:-1:-9 | A:UPPER:14:-4 | A:UPPER:14:-2 | A:UPPER:14:0 | A:UPPER:14:2 | A:UPPER:14:4 | A:UPPER:-1:9
M5:UPPER:P0:O1:R5,5,15,UPPER,B,N-B-N-B-N,B,0,1,5,1,False,False,-1,0.0,28.303792944203327,0.17116329562864321,0.14091775460606204,S:1710 | S:1712 | S:1714 | S:1716 | S:1718 | S:1720 | S:1722 | S:1724 | S:1726 | S:1728 | S:1730 | S:1732 | S:1734 | S:1736 | S:1738,A:UPPER:-7:7 | A:UPPER:-10:6 | A:UPPER:-13:5 | A:UPPER:-13:-5 | A:UPPER:-10:-6 | A:UPPER:-7:-7 | A:UPPER:-4:-8 | A:UPPER:-1:-9 | A:UPPER:14:-4 | A:UPPER:14:-2 | A:UPPER:14:0 | A:UPPER:14:2 | A:UPPER:14:4 | A:UPPER:-1:9 | A:UPPER:-4:8
M5:UPPER:P0:O1:R6,5,15,UPPER,B,N-B-N-B-N,B,0,1,6,1,False,False,-1,0.0,26.483386566411564,0.1990978998944358,0.14185977010313364,S:1710 | S:1712 | S:1714 | S:1716 | S:1718 | S:1720 | S:1722 | S:1724 | S:1726 | S:1728 | S:1730 | S:1732 | S:1734 | S:1736 | S:1738,A:UPPER:-10:6 | A:UPPER:-13:5 | A:UPPER:-13:-5 | A:UPPER:-10:-6 | A:UPPER:-7:-7 | A:UPPER:-4:-8 | A:UPPER:-1:-9 | A:UPPER:14:-4 | A:UPPER:14:-2 | A:UPPER:14:0 | A:UPPER:14:2 | A:UPPER:14:4 | A:UPPER:-1:9 | A:UPPER:-4:8 | A:UPPER:-7:7
M5:UPPER:P0:O1:R7,5,15,UPPER,B,N-B-N-B-N,B,0,1,7,1,False,False,-1,0.0,24.28710961074035,0.22974563380969246,0.14214927852159617,S:1710 | S:1712 | S:1714 | S:1716 | S:1718 | S:1720 | S:1722 | S:1724 | S:1726 | S:1728 | S:1730 | S:1732 | S:1734 | S:1736 | S:1738,A:UPPER:-13:5 | A:UPPER:-13:-5 | A:UPPER:-10:-6 | A:UPPER:-7:-7 | A:UPPER:-4:-8 | A:UPPER:-1:-9 | A:UPPER:14:-4 | A:UPPER:14:-2 | A:UPPER:14:0 | A:UPPER:14:2 | A:UPPER:14:4 | A:UPPER:-1:9 | A:UPPER:-4:8 | A:UPPER:-7:7 | A:UPPER:-10:6
M5:UPPER:P0:O1:R8,5,15,UPPER,B,N-B-N-B-N,B,0,1,8,1,False,False,-1,0.0,36.37500516913341,0.25305631080092983,0.13767171222366903,S:1710 | S:1712 | S:1714 | S:1716 | S:1718 | S:1720 | S:1722 | S:1724 | S:1726 | S:1728 | S:1730 | S:1732 | S:1734 | S:1736 | S:1738,A:UPPER:-13:-5 | A:UPPER:-10:-6 | A:UPPER:-7:-7 | A:UPPER:-4:-8 | A:UPPER:-1:-9 | A:UPPER:14:-4 | A:UPPER:14:-2 | A:UPPER:14:0 | A:UPPER:14:2 | A:UPPER:14:4 | A:UPPER:-1:9 | A:UPPER:-4:8 | A:UPPER:-7:7 | A:UPPER:-10:6 | A:UPPER:-13:5
M5:UPPER:P0:O1:R9,5,15,UPPER,B,N-B-N-B-N,B,0,1,9,1,False,False,-1,0.0,40.15315053721687,0.2292859450823513,0.14315481943763037,S:1710 | S:1712 | S:1714 | S:1716 | S:1718 | S:1720 | S:1722 | S:1724 | S:1726 | S:1728 | S:1730 | S:1732 | S:1734 | S:1736 | S:1738,A:UPPER:-10:-6 | A:UPPER:-7:-7 | A:UPPER:-4:-8 | A:UPPER:-1:-9 | A:UPPER:14:-4 | A:UPPER:14:-2 | A:UPPER:14:0 | A:UPPER:14:2 | A:UPPER:14:4 | A:UPPER:-1:9 | A:UPPER:-4:8 | A:UPPER:-7:7 | A:UPPER:-10:6 | A:UPPER:-13:5 | A:UPPER:-13:-5
M5:UPPER:P0:O1:R10,5,15,UPPER,B,N-B-N-B-N,B,0,1,10,1,False,False,-1,0.0,46.429867848595066,0.20903851807728105,0.14296590150434016,S:1710 | S:1712 | S:1714 | S:1716 | S:1718 | S:1720 | S:1722 | S:1724 | S:1726 | S:1728 | S:1730 | S:1732 | S:1734 | S:1736 | S:1738,A:UPPER:-7:-7 | A:UPPER:-4:-8 | A:UPPER:-1:-9 | A:UPPER:14:-4 | A:UPPER:14:-2 | A:UPPER:14:0 | A:UPPER:14:2 | A:UPPER:14:4 | A:UPPER:-1:9 | A:UPPER:-4:8 | A:UPPER:-7:7 | A:UPPER:-10:6 | A:UPPER:-13:5 | A:UPPER:-13:-5 | A:UPPER:-10:-6
M5:UPPER:P0:O1:R11,5,15,UPPER,B,N-B-N-B-N,B,0,1,11,1,False,False,-1,0.0,47.3239051083552,0.19171990498700345,0.14073011320519008,S:1710 | S:1712 | S:1714 | S:1716 | S:1718 | S:1720 | S:1722 | S:1724 | S:1726 | S:1728 | S:1730 | S:1732 | S:1734 | S:1736 | S:1738,A:UPPER:-4:-8 | A:UPPER:-1:-9 | A:UPPER:14:-4 | A:UPPER:14:-2 | A:UPPER:14:0 | A:UPPER:14:2 | A:UPPER:14:4 | A:UPPER:-1:9 | A:UPPER:-4:8 | A:UPPER:-7:7 | A:UPPER:-10:6 | A:UPPER:-13:5 | A:UPPER:-13:-5 | A:UPPER:-10:-6 | A:UPPER:-7:-7
M5:UPPER:P0:O1:R12,5,15,UPPER,B,N-B-N-B-N,B,0,1,12,1,False,False,-1,0.0,50.28411197952339,0.18175494969475978,0.1444264124307257,S:1710 | S:1712 | S:1714 | S:1716 | S:1718 | S:1720 | S:1722 | S:1724 | S:1726 | S:1728 | S:1730 | S:1732 | S:1734 | S:1736 | S:1738,A:UPPER:-1:-9 | A:UPPER:14:-4 | A:UPPER:14:-2 | A:UPPER:14:0 | A:UPPER:14:2 | A:UPPER:14:4 | A:UPPER:-1:9 | A:UPPER:-4:8 | A:UPPER:-7:7 | A:UPPER:-10:6 | A:UPPER:-13:5 | A:UPPER:-13:-5 | A:UPPER:-10:-6 | A:UPPER:-7:-7 | A:UPPER:-4:-8
M5:UPPER:P0:O1:R13,5,15,UPPER,B,N-B-N-B-N,B,0,1,13,1,False,False,-1,0.0,64.4229903606196,0.004094046891794462,0.1342567300597057,S:1710 | S:1712 | S:1714 | S:1716 | S:1718 | S:1720 | S:1722 | S:1724 | S:1726 | S:1728 | S:1730 | S:1732 | S:1734 | S:1736 | S:1738,A:UPPER:14:-4 | A:UPPER:14:-2 | A:UPPER:14:0 | A:UPPER:14:2 | A:UPPER:14:4 | A:UPPER:-1:9 | A:UPPER:-4:8 | A:UPPER:-7:7 | A:UPPER:-10:6 | A:UPPER:-13:5 | A:UPPER:-13:-5 | A:UPPER:-10:-6 | A:UPPER:-7:-7 | A:UPPER:-4:-8 | A:UPPER:-1:-9
M5:UPPER:P0:O1:R14,5,15,UPPER,B,N-B-N-B-N,B,0,1,14,3,False,False,-1,0.0,53.58881963108039,0.03399298654020011,0.1444138752960046,S:1710 | S:1712 | S:1714 | S:1716 | S:1718 | S:1720 | S:1722 | S:1724 | S:1726 | S:1728 | S:1730 | S:1732 | S:1734 | S:1736 | S:1738,A:UPPER:14:-2 | A:UPPER:14:0 | A:UPPER:14:2 | A:UPPER:14:4 | A:UPPER:-1:9 | A:UPPER:-4:8 | A:UPPER:-7:7 | A:UPPER:-10:6 | A:UPPER:-13:5 | A:UPPER:-13:-5 | A:UPPER:-10:-6 | A:UPPER:-7:-7 | A:UPPER:-4:-8 | A:UPPER:-1:-9 | A:UPPER:14:-4
M5:UPPER:P0:O-1:R0,5,15,UPPER,B,N-B-N-B-N,B,0,-1,0,4,False,False,-1,0.0,69.1808681946986,9.38794535787213e-05,0.1397165255936074,S:1710 | S:1712 | S:1714 | S:1716 | S:1718 | S:1720 | S:1722 | S:1724 | S:1726 | S:1728 | S:1730 | S:1732 | S:1734 | S:1736 | S:1738,A:UPPER:14:0 | A:UPPER:14:-2 | A:UPPER:14:-4 | A:UPPER:-1:-9 | A:UPPER:-4:-8 | A:UPPER:-7:-7 | A:UPPER:-10:-6 | A:UPPER:-13:-5 | A:UPPER:-13:5 | A:UPPER:-10:6 | A:UPPER:-7:7 | A:UPPER:-4:8 | A:UPPER:-1:9 | A:UPPER:14:4 | A:UPPER:14:2
M5:UPPER:P0:O-1:R1,5,15,UPPER,B,N-B-N-B-N,B,0,-1,1,4,False,False,-1,0.0,58.315133519435456,5.220199694966343e-05,0.1346350711709029,S:1710 | S:1712 | S:1714 | S:1716 | S:1718 | S:1720 | S:1722 | S:1724 | S:1726 | S:1728 | S:1730 | S:1732 | S:1734 | S:1736 | S:1738,A:UPPER:14:2 | A:UPPER:14:0 | A:UPPER:14:-2 | A:UPPER:14:-4 | A:UPPER:-1:-9 | A:UPPER:-4:-8 | A:UPPER:-7:-7 | A:UPPER:-10:-6 | A:UPPER:-13:-5 | A:UPPER:-13:5 | A:UPPER:-10:6 | A:UPPER:-7:7 | A:UPPER:-4:8 | A:UPPER:-1:9 | A:UPPER:14:4
M5:UPPER:P0:O-1:R2,5,15,UPPER,B,N-B-N-B-N,B,0,-1,2,4,False,False,-1,0.0,48.34556950586371,0.023187629461076137,0.12678236894500908,S:1710 | S:1712 | S:1714 | S:1716 | S:1718 | S:1720 | S:1722 | S:1724 | S:1726 | S:1728 | S:1730 | S:1732 | S:1734 | S:1736 | S:1738,A:UPPER:14:4 | A:UPPER:14:2 | A:UPPER:14:0 | A:UPPER:14:-2 | A:UPPER:14:-4 | A:UPPER:-1:-9 | A:UPPER:-4:-8 | A:UPPER:-7:-7 | A:UPPER:-10:-6 | A:UPPER:-13:-5 | A:UPPER:-13:5 | A:UPPER:-10:6 | A:UPPER:-7:7 | A:UPPER:-4:8 | A:UPPER:-1:9
M5:UPPER:P0:O-1:R3,5,15,UPPER,B,N-B-N-B-N,B,0,-1,3,1,False,False,-1,0.0,49.58198817800753,0.12691905084523722,0.13241401321113141,S:1710 | S:1712 | S:1714 | S:1716 | S:1718 | S:1720 | S:1722 | S:1724 | S:1726 | S:1728 | S:1730 | S:1732 | S:1734 | S:1736 | S:1738,A:UPPER:-1:9 | A:UPPER:14:4 | A:UPPER:14:2 | A:UPPER:14:0 | A:UPPER:14:-2 | A:UPPER:14:-4 | A:UPPER:-1:-9 | A:UPPER:-4:-8 | A:UPPER:-7:-7 | A:UPPER:-10:-6 | A:UPPER:-13:-5 | A:UPPER:-13:5 | A:UPPER:-10:6 | A:UPPER:-7:7 | A:UPPER:-4:8
M5:UPPER:P0:O-1:R4,5,15,UPPER,B,N-B-N-B-N,B,0,-1,4,1,False,False,-1,0.0,30.111294379029925,0.14676628036471032,0.12785423126614456,S:1710 | S:1712 | S:1714 | S:1716 | S:1718 | S:1720 | S:1722 | S:1724 | S:1726 | S:1728 | S:1730 | S:1732 | S:1734 | S:1736 | S:1738,A:UPPER:-4:8 | A:UPPER:-1:9 | A:UPPER:14:4 | A:UPPER:14:2 | A:UPPER:14:0 | A:UPPER:14:-2 | A:UPPER:14:-4 | A:UPPER:-1:-9 | A:UPPER:-4:-8 | A:UPPER:-7:-7 | A:UPPER:-10:-6 | A:UPPER:-13:-5 | A:UPPER:-13:5 | A:UPPER:-10:6 | A:UPPER:-7:7
M5:UPPER:P0:O-1:R5,5,15,UPPER,B,N-B-N-B-N,B,0,-1,5,1,False,False,-1,0.0,28.303792944203327,0.17116329562864321,0.14091775460606204,S:1710 | S:1712 | S:1714 | S:1716 | S:1718 | S:1720 | S:1722 | S:1724 | S:1726 | S:1728 | S:1730 | S:1732 | S:1734 | S:1736 | S:1738,A:UPPER:-7:7 | A:UPPER:-4:8 | A:UPPER:-1:9 | A:UPPER:14:4 | A:UPPER:14:2 | A:UPPER:14:0 | A:UPPER:14:-2 | A:UPPER:14:-4 | A:UPPER:-1:-9 | A:UPPER:-4:-8 | A:UPPER:-7:-7 | A:UPPER:-10:-6 | A:UPPER:-13:-5 | A:UPPER:-13:5 | A:UPPER:-10:6
M5:UPPER:P0:O-1:R6,5,15,UPPER,B,N-B-N-B-N,B,0,-1,6,1,False,False,-1,0.0,26.483386566411564,0.1990978998944358,0.14185977010313364,S:1710 | S:1712 | S:1714 | S:1716 | S:1718 | S:1720 | S:1722 | S:1724 | S:1726 | S:1728 | S:1730 | S:1732 | S:1734 | S:1736 | S:1738,A:UPPER:-10:6 | A:UPPER:-7:7 | A:UPPER:-4:8 | A:UPPER:-1:9 | A:UPPER:14:4 | A:UPPER:14:2 | A:UPPER:14:0 | A:UPPER:14:-2 | A:UPPER:14:-4 | A:UPPER:-1:-9 | A:UPPER:-4:-8 | A:UPPER:-7:-7 | A:UPPER:-10:-6 | A:UPPER:-13:-5 | A:UPPER:-13:5
M5:UPPER:P0:O-1:R7,5,15,UPPER,B,N-B-N-B-N,B,0,-1,7,1,False,False,-1,0.0,24.28710961074035,0.22974563380969246,0.14214927852159617,S:1710 | S:1712 | S:1714 | S:1716 | S:1718 | S:1720 | S:1722 | S:1724 | S:1726 | S:1728 | S:1730 | S:1732 | S:1734 | S:1736 | S:1738,A:UPPER:-13:5 | A:UPPER:-10:6 | A:UPPER:-7:7 | A:UPPER:-4:8 | A:UPPER:-1:9 | A:UPPER:14:4 | A:UPPER:14:2 | A:UPPER:14:0 | A:UPPER:14:-2 | A:UPPER:14:-4 | A:UPPER:-1:-9 | A:UPPER:-4:-8 | A:UPPER:-7:-7 | A:UPPER:-10:-6 | A:UPPER:-13:-5
M5:UPPER:P0:O-1:R8,5,15,UPPER,B,N-B-N-B-N,B,0,-1,8,1,False,False,-1,0.0,36.37500516913341,0.25305631080092983,0.13767171222366903,S:1710 | S:1712 | S:1714 | S:1716 | S:1718 | S:1720 | S:1722 | S:1724 | S:1726 | S:1728 | S:1730 | S:1732 | S:1734 | S:1736 | S:1738,A:UPPER:-13:-5 | A:UPPER:-13:5 | A:UPPER:-10:6 | A:UPPER:-7:7 | A:UPPER:-4:8 | A:UPPER:-1:9 | A:UPPER:14:4 | A:UPPER:14:2 | A:UPPER:14:0 | A:UPPER:14:-2 | A:UPPER:14:-4 | A:UPPER:-1:-9 | A:UPPER:-4:-8 | A:UPPER:-7:-7 | A:UPPER:-10:-6
M5:UPPER:P0:O-1:R9,5,15,UPPER,B,N-B-N-B-N,B,0,-1,9,1,False,False,-1,0.0,40.15315053721687,0.2292859450823513,0.14315481943763037,S:1710 | S:1712 | S:1714 | S:1716 | S:1718 | S:1720 | S:1722 | S:1724 | S:1726 | S:1728 | S:1730 | S:1732 | S:1734 | S:1736 | S:1738,A:UPPER:-10:-6 | A:UPPER:-13:-5 | A:UPPER:-13:5 | A:UPPER:-10:6 | A:UPPER:-7:7 | A:UPPER:-4:8 | A:UPPER:-1:9 | A:UPPER:14:4 | A:UPPER:14:2 | A:UPPER:14:0 | A:UPPER:14:-2 | A:UPPER:14:-4 | A:UPPER:-1:-9 | A:UPPER:-4:-8 | A:UPPER:-7:-7
M5:UPPER:P0:O-1:R10,5,15,UPPER,B,N-B-N-B-N,B,0,-1,10,1,False,False,-1,0.0,46.429867848595066,0.20903851807728105,0.14296590150434016,S:1710 | S:1712 | S:1714 | S:1716 | S:1718 | S:1720 | S:1722 | S:1724 | S:1726 | S:1728 | S:1730 | S:1732 | S:1734 | S:1736 | S:1738,A:UPPER:-7:-7 | A:UPPER:-10:-6 | A:UPPER:-13:-5 | A:UPPER:-13:5 | A:UPPER:-10:6 | A:UPPER:-7:7 | A:UPPER:-4:8 | A:UPPER:-1:9 | A:UPPER:14:4 | A:UPPER:14:2 | A:UPPER:14:0 | A:UPPER:14:-2 | A:UPPER:14:-4 | A:UPPER:-1:-9 | A:UPPER:-4:-8
M5:UPPER:P0:O-1:R11,5,15,UPPER,B,N-B-N-B-N,B,0,-1,11,1,False,False,-1,0.0,47.3239051083552,0.19171990498700345,0.14073011320519008,S:1710 | S:1712 | S:1714 | S:1716 | S:1718 | S:1720 | S:1722 | S:1724 | S:1726 | S:1728 | S:1730 | S:1732 | S:1734 | S:1736 | S:1738,A:UPPER:-4:-8 | A:UPPER:-7:-7 | A:UPPER:-10:-6 | A:UPPER:-13:-5 | A:UPPER:-13:5 | A:UPPER:-10:6 | A:UPPER:-7:7 | A:UPPER:-4:8 | A:UPPER:-1:9 | A:UPPER:14:4 | A:UPPER:14:2 | A:UPPER:14:0 | A:UPPER:14:-2 | A:UPPER:14:-4 | A:UPPER:-1:-9
M5:UPPER:P0:O-1:R12,5,15,UPPER,B,N-B-N-B-N,B,0,-1,12,1,False,False,-1,0.0,50.28411197952339,0.18175494969475978,0.1444264124307257,S:1710 | S:1712 | S:1714 | S:1716 | S:1718 | S:1720 | S:1722 | S:1724 | S:1726 | S:1728 | S:1730 | S:1732 | S:1734 | S:1736 | S:1738,A:UPPER:-1:-9 | A:UPPER:-4:-8 | A:UPPER:-7:-7 | A:UPPER:-10:-6 | A:UPPER:-13:-5 | A:UPPER:-13:5 | A:UPPER:-10:6 | A:UPPER:-7:7 | A:UPPER:-4:8 | A:UPPER:-1:9 | A:UPPER:14:4 | A:UPPER:14:2 | A:UPPER:14:0 | A:UPPER:14:-2 | A:UPPER:14:-4
M5:UPPER:P0:O-1:R13,5,15,UPPER,B,N-B-N-B-N,B,0,-1,13,1,False,False,-1,0.0,64.4229903606196,0.004094046891794462,0.1342567300597057,S:1710 | S:1712 | S:1714 | S:1716 | S:1718 | S:1720 | S:1722 | S:1724 | S:1726 | S:1728 | S:1730 | S:1732 | S:1734 | S:1736 | S:1738,A:UPPER:14:-4 | A:UPPER:-1:-9 | A:UPPER:-4:-8 | A:UPPER:-7:-7 | A:UPPER:-10:-6 | A:UPPER:-13:-5 | A:UPPER:-13:5 | A:UPPER:-10:6 | A:UPPER:-7:7 | A:UPPER:-4:8 | A:UPPER:-1:9 | A:UPPER:14:4 | A:UPPER:14:2 | A:UPPER:14:0 | A:UPPER:14:-2
M5:UPPER:P0:O-1:R14,5,15,UPPER,B,N-B-N-B-N,B,0,-1,14,3,False,False,-1,0.0,43.9107593682472,0.06227090859218082,0.13845277285263596,S:1710 | S:1712 | S:1714 | S:1716 | S:1718 | S:1720 | S:1722 | S:1724 | S:1726 | S:1728 | S:1730 | S:1732 | S:1734 | S:1736 | S:1738,A:UPPER:14:-2 | A:UPPER:14:-4 | A:UPPER:-1:-9 | A:UPPER:-4:-8 | A:UPPER:-7:-7 | A:UPPER:-10:-6 | A:UPPER:-13:-5 | A:UPPER:-13:5 | A:UPPER:-10:6 | A:UPPER:-7:7 | A:UPPER:-4:8 | A:UPPER:-1:9 | A:UPPER:14:4 | A:UPPER:14:2 | A:UPPER:14:0
M5:UPPER:P1:O1:R0,5,15,UPPER,B,N-B-N-B-N,B,1,1,0,2,False,False,-1,0.0,65.78623480793058,0.0012023302958960869,0.13543532639634803,S:1711 | S:1713 | S:1715 | S:1717 | S:1719 | S:1721 | S:1723 | S:1725 | S:1727 | S:1729 | S:1731 | S:1733 | S:1735 | S:1737 | S:1739,A:UPPER:14:0 | A:UPPER:14:2 | A:UPPER:14:4 | A:UPPER:-1:9 | A:UPPER:-4:8 | A:UPPER:-7:7 | A:UPPER:-10:6 | A:UPPER:-13:5 | A:UPPER:-13:-5 | A:UPPER:-10:-6 | A:UPPER:-7:-7 | A:UPPER:-4:-8 | A:UPPER:-1:-9 | A:UPPER:14:-4 | A:UPPER:14:-2
M5:UPPER:P1:O1:R1,5,15,UPPER,B,N-B-N-B-N,B,1,1,1,2,False,False,-1,0.0,47.82572626572764,0.040201583641791994,0.12203786901317222,S:1711 | S:1713 | S:1715 | S:1717 | S:1719 | S:1721 | S:1723 | S:1725 | S:1727 | S:1729 | S:1731 | S:1733 | S:1735 | S:1737 | S:1739,A:UPPER:14:2 | A:UPPER:14:4 | A:UPPER:-1:9 | A:UPPER:-4:8 | A:UPPER:-7:7 | A:UPPER:-10:6 | A:UPPER:-13:5 | A:UPPER:-13:-5 | A:UPPER:-10:-6 | A:UPPER:-7:-7 | A:UPPER:-4:-8 | A:UPPER:-1:-9 | A:UPPER:14:-4 | A:UPPER:14:-2 | A:UPPER:14:0
M5:UPPER:P1:O1:R2,5,15,UPPER,B,N-B-N-B-N,B,1,1,2,2,False,False,-1,0.0,50.74722944367243,0.20432290529431116,0.12176993033789167,S:1711 | S:1713 | S:1715 | S:1717 | S:1719 | S:1721 | S:1723 | S:1725 | S:1727 | S:1729 | S:1731 | S:1733 | S:1735 | S:1737 | S:1739,A:UPPER:14:4 | A:UPPER:-1:9 | A:UPPER:-4:8 | A:UPPER:-7:7 | A:UPPER:-10:6 | A:UPPER:-13:5 | A:UPPER:-13:-5 | A:UPPER:-10:-6 | A:UPPER:-7:-7 | A:UPPER:-4:-8 | A:UPPER:-1:-9 | A:UPPER:14:-4 | A:UPPER:14:-2 | A:UPPER:14:0 | A:UPPER:14:2
M5:UPPER:P1:O1:R3,5,15,UPPER,B,N-B-N-B-N,B,1,1,3,1,False,False,-1,0.0,47.9637936214954,0.15545976218953442,0.1229019615218788,S:1711 | S:1713 | S:1715 | S:1717 | S:1719 | S:1721 | S:1723 | S:1725 | S:1727 | S:1729 | S:1731 | S:1733 | S:1735 | S:1737 | S:1739,A:UPPER:-1:9 | A:UPPER:-4:8 | A:UPPER:-7:7 | A:UPPER:-10:6 | A:UPPER:-13:5 | A:UPPER:-13:-5 | A:UPPER:-10:-6 | A:UPPER:-7:-7 | A:UPPER:-4:-8 | A:UPPER:-1:-9 | A:UPPER:14:-4 | A:UPPER:14:-2 | A:UPPER:14:0 | A:UPPER:14:2 | A:UPPER:14:4
M5:UPPER:P1:O1:R4,5,15,UPPER,B,N-B-N-B-N,B,1,1,4,1,False,False,-1,0.0,46.757896612511104,0.1698757774331713,0.1276961770136965,S:1711 | S:1713 | S:1715 | S:1717 | S:1719 | S:1721 | S:1723 | S:1725 | S:1727 | S:1729 | S:1731 | S:1733 | S:1735 | S:1737 | S:1739,A:UPPER:-4:8 | A:UPPER:-7:7 | A:UPPER:-10:6 | A:UPPER:-13:5 | A:UPPER:-13:-5 | A:UPPER:-10:-6 | A:UPPER:-7:-7 | A:UPPER:-4:-8 | A:UPPER:-1:-9 | A:UPPER:14:-4 | A:UPPER:14:-2 | A:UPPER:14:0 | A:UPPER:14:2 | A:UPPER:14:4 | A:UPPER:-1:9
M5:UPPER:P1:O1:R5,5,15,UPPER,B,N-B-N-B-N,B,1,1,5,1,False,False,-1,0.0,35.8720796353571,0.19176831182614215,0.13170841194157754,S:1711 | S:1713 | S:1715 | S:1717 | S:1719 | S:1721 | S:1723 | S:1725 | S:1727 | S:1729 | S:1731 | S:1733 | S:1735 | S:1737 | S:1739,A:UPPER:-7:7 | A:UPPER:-10:6 | A:UPPER:-13:5 | A:UPPER:-13:-5 | A:UPPER:-10:-6 | A:UPPER:-7:-7 | A:UPPER:-4:-8 | A:UPPER:-1:-9 | A:UPPER:14:-4 | A:UPPER:14:-2 | A:UPPER:14:0 | A:UPPER:14:2 | A:UPPER:14:4 | A:UPPER:-1:9 | A:UPPER:-4:8
M5:UPPER:P1:O1:R6,5,15,UPPER,B,N-B-N-B-N,B,1,1,6,1,False,False,-1,0.0,32.06786702353898,0.21600679623117328,0.1427513792517032,S:1711 | S:1713 | S:1715 | S:1717 | S:1719 | S:1721 | S:1723 | S:1725 | S:1727 | S:1729 | S:1731 | S:1733 | S:1735 | S:1737 | S:1739,A:UPPER:-10:6 | A:UPPER:-13:5 | A:UPPER:-13:-5 | A:UPPER:-10:-6 | A:UPPER:-7:-7 | A:UPPER:-4:-8 | A:UPPER:-1:-9 | A:UPPER:14:-4 | A:UPPER:14:-2 | A:UPPER:14:0 | A:UPPER:14:2 | A:UPPER:14:4 | A:UPPER:-1:9 | A:UPPER:-4:8 | A:UPPER:-7:7
M5:UPPER:P1:O1:R7,5,15,UPPER,B,N-B-N-B-N,B,1,1,7,1,False,False,-1,0.0,21.991247749591725,0.2433798760041013,0.13714532173806637,S:1711 | S:1713 | S:1715 | S:1717 | S:1719 | S:1721 | S:1723 | S:1725 | S:1727 | S:1729 | S:1731 | S:1733 | S:1735 | S:1737 | S:1739,A:UPPER:-13:5 | A:UPPER:-13:-5 | A:UPPER:-10:-6 | A:UPPER:-7:-7 | A:UPPER:-4:-8 | A:UPPER:-1:-9 | A:UPPER:14:-4 | A:UPPER:14:-2 | A:UPPER:14:0 | A:UPPER:14:2 | A:UPPER:14:4 | A:UPPER:-1:9 | A:UPPER:-4:8 | A:UPPER:-7:7 | A:UPPER:-10:6
M5:UPPER:P1:O1:R8,5,15,UPPER,B,N-B-N-B-N,B,1,1,8,1,False,False,-1,0.0,21.546767554528568,0.24339077510151205,0.13643990385850124,S:1711 | S:1713 | S:1715 | S:1717 | S:1719 | S:1721 | S:1723 | S:1725 | S:1727 | S:1729 | S:1731 | S:1733 | S:1735 | S:1737 | S:1739,A:UPPER:-13:-5 | A:UPPER:-10:-6 | A:UPPER:-7:-7 | A:UPPER:-4:-8 | A:UPPER:-1:-9 | A:UPPER:14:-4 | A:UPPER:14:-2 | A:UPPER:14:0 | A:UPPER:14:2 | A:UPPER:14:4 | A:UPPER:-1:9 | A:UPPER:-4:8 | A:UPPER:-7:7 | A:UPPER:-10:6 | A:UPPER:-13:5
M5:UPPER:P1:O1:R9,5,15,UPPER,B,N-B-N-B-N,B,1,1,9,1,False,False,-1,0.0,32.74793094443213,0.21602091158019635,0.1409719368348767,S:1711 | S:1713 | S:1715 | S:1717 | S:1719 | S:1721 | S:1723 | S:1725 | S:1727 | S:1729 | S:1731 | S:1733 | S:1735 | S:1737 | S:1739,A:UPPER:-10:-6 | A:UPPER:-7:-7 | A:UPPER:-4:-8 | A:UPPER:-1:-9 | A:UPPER:14:-4 | A:UPPER:14:-2 | A:UPPER:14:0 | A:UPPER:14:2 | A:UPPER:14:4 | A:UPPER:-1:9 | A:UPPER:-4:8 | A:UPPER:-7:7 | A:UPPER:-10:6 | A:UPPER:-13:5 | A:UPPER:-13:-5
M5:UPPER:P1:O1:R10,5,15,UPPER,B,N-B-N-B-N,B,1,1,10,1,False,False,-1,0.0,33.57291337483352,0.19178602253014052,0.1329451614687918,S:1711 | S:1713 | S:1715 | S:1717 | S:1719 | S:1721 | S:1723 | S:1725 | S:1727 | S:1729 | S:1731 | S:1733 | S:1735 | S:1737 | S:1739,A:UPPER:-7:-7 | A:UPPER:-4:-8 | A:UPPER:-1:-9 | A:UPPER:14:-4 | A:UPPER:14:-2 | A:UPPER:14:0 | A:UPPER:14:2 | A:UPPER:14:4 | A:UPPER:-1:9 | A:UPPER:-4:8 | A:UPPER:-7:7 | A:UPPER:-10:6 | A:UPPER:-13:5 | A:UPPER:-13:-5 | A:UPPER:-10:-6
M5:UPPER:P1:O1:R11,5,15,UPPER,B,N-B-N-B-N,B,1,1,11,1,False,False,-1,0.0,46.87177856665269,0.1698972077503819,0.12774874571743833,S:1711 | S:1713 | S:1715 | S:1717 | S:1719 | S:1721 | S:1723 | S:1725 | S:1727 | S:1729 | S:1731 | S:1733 | S:1735 | S:1737 | S:1739,A:UPPER:-4:-8 | A:UPPER:-1:-9 | A:UPPER:14:-4 | A:UPPER:14:-2 | A:UPPER:14:0 | A:UPPER:14:2 | A:UPPER:14:4 | A:UPPER:-1:9 | A:UPPER:-4:8 | A:UPPER:-7:7 | A:UPPER:-10:6 | A:UPPER:-13:5 | A:UPPER:-13:-5 | A:UPPER:-10:-6 | A:UPPER:-7:-7
M5:UPPER:P1:O1:R12,5,15,UPPER,B,N-B-N-B-N,B,1,1,12,1,False,False,-1,0.0,49.25029289919247,0.15548533675958362,0.12180827044616821,S:1711 | S:1713 | S:1715 | S:1717 | S:1719 | S:1721 | S:1723 | S:1725 | S:1727 | S:1729 | S:1731 | S:1733 | S:1735 | S:1737 | S:1739,A:UPPER:-1:-9 | A:UPPER:14:-4 | A:UPPER:14:-2 | A:UPPER:14:0 | A:UPPER:14:2 | A:UPPER:14:4 | A:UPPER:-1:9 | A:UPPER:-4:8 | A:UPPER:-7:7 | A:UPPER:-10:6 | A:UPPER:-13:5 | A:UPPER:-13:-5 | A:UPPER:-10:-6 | A:UPPER:-7:-7 | A:UPPER:-4:-8
M5:UPPER:P1:O1:R13,5,15,UPPER,B,N-B-N-B-N,B,1,1,13,3,False,False,-1,0.0,50.58049797130083,0.02732894599403468,0.13438344801232283,S:1711 | S:1713 | S:1715 | S:1717 | S:1719 | S:1721 | S:1723 | S:1725 | S:1727 | S:1729 | S:1731 | S:1733 | S:1735 | S:1737 | S:1739,A:UPPER:14:-4 | A:UPPER:14:-2 | A:UPPER:14:0 | A:UPPER:14:2 | A:UPPER:14:4 | A:UPPER:-1:9 | A:UPPER:-4:8 | A:UPPER:-7:7 | A:UPPER:-10:6 | A:UPPER:-13:5 | A:UPPER:-13:-5 | A:UPPER:-10:-6 | A:UPPER:-7:-7 | A:UPPER:-4:-8 | A:UPPER:-1:-9
M5:UPPER:P1:O1:R14,5,15,UPPER,B,N-B-N-B-N,B,1,1,14,3,False,False,-1,0.0,45.84846581569405,0.06728449002096581,0.14375859081098413,S:1711 | S:1713 | S:1715 | S:1717 | S:1719 | S:1721 | S:1723 | S:1725 | S:1727 | S:1729 | S:1731 | S:1733 | S:1735 | S:1737 | S:1739,A:UPPER:14:-2 | A:UPPER:14:0 | A:UPPER:14:2 | A:UPPER:14:4 | A:UPPER:-1:9 | A:UPPER:-4:8 | A:UPPER:-7:7 | A:UPPER:-10:6 | A:UPPER:-13:5 | A:UPPER:-13:-5 | A:UPPER:-10:-6 | A:UPPER:-7:-7 | A:UPPER:-4:-8 | A:UPPER:-1:-9 | A:UPPER:14:-4
M5:UPPER:P1:O-1:R0,5,15,UPPER,B,N-B-N-B-N,B,1,-1,0,15,True,True,0,0.18553547341323182,78.39152277407291,2.4693192040403655e-05,0.16924720340452992,S:1711 | S:1713 | S:1715 | S:1717 | S:1719 | S:1721 | S:1723 | S:1725 | S:1727 | S:1729 | S:1731 | S:1733 | S:1735 | S:1737 | S:1739,A:UPPER:14:0 | A:UPPER:14:-2 | A:UPPER:14:-4 | A:UPPER:-1:-9 | A:UPPER:-4:-8 | A:UPPER:-7:-7 | A:UPPER:-10:-6 | A:UPPER:-13:-5 | A:UPPER:-13:5 | A:UPPER:-10:6 | A:UPPER:-7:7 | A:UPPER:-4:8 | A:UPPER:-1:9 | A:UPPER:14:4 | A:UPPER:14:2
M5:UPPER:P1:O-1:R1,5,15,UPPER,B,N-B-N-B-N,B,1,-1,1,3,False,False,-1,0.0,60.27408809762639,3.362823459235331e-05,0.14064824202370033,S:1711 | S:1713 | S:1715 | S:1717 | S:1719 | S:1721 | S:1723 | S:1725 | S:1727 | S:1729 | S:1731 | S:1733 | S:1735 | S:1737 | S:1739,A:UPPER:14:2 | A:UPPER:14:0 | A:UPPER:14:-2 | A:UPPER:14:-4 | A:UPPER:-1:-9 | A:UPPER:-4:-8 | A:UPPER:-7:-7 | A:UPPER:-10:-6 | A:UPPER:-13:-5 | A:UPPER:-13:5 | A:UPPER:-10:6 | A:UPPER:-7:7 | A:UPPER:-4:8 | A:UPPER:-1:9 | A:UPPER:14:4
M5:UPPER:P1:O-1:R2,5,15,UPPER,B,N-B-N-B-N,B,1,-1,2,2,False,False,-1,0.0,65.78623480793058,0.0012023302958960869,0.13543532639634803,S:1711 | S:1713 | S:1715 | S:1717 | S:1719 | S:1721 | S:1723 | S:1725 | S:1727 | S:1729 | S:1731 | S:1733 | S:1735 | S:1737 | S:1739,A:UPPER:14:4 | A:UPPER:14:2 | A:UPPER:14:0 | A:UPPER:14:-2 | A:UPPER:14:-4 | A:UPPER:-1:-9 | A:UPPER:-4:-8 | A:UPPER:-7:-7 | A:UPPER:-10:-6 | A:UPPER:-13:-5 | A:UPPER:-13:5 | A:UPPER:-10:6 | A:UPPER:-7:7 | A:UPPER:-4:8 | A:UPPER:-1:9
M5:UPPER:P1:O-1:R3,5,15,UPPER,B,N-B-N-B-N,B,1,-1,3,1,False,False,-1,0.0,47.9637936214954,0.15545976218953442,0.1229019615218788,S:1711 | S:1713 | S:1715 | S:1717 | S:1719 | S:1721 | S:1723 | S:1725 | S:1727 | S:1729 | S:1731 | S:1733 | S:1735 | S:1737 | S:1739,A:UPPER:-1:9 | A:UPPER:14:4 | A:UPPER:14:2 | A:UPPER:14:0 | A:UPPER:14:-2 | A:UPPER:14:-4 | A:UPPER:-1:-9 | A:UPPER:-4:-8 | A:UPPER:-7:-7 | A:UPPER:-10:-6 | A:UPPER:-13:-5 | A:UPPER:-13:5 | A:UPPER:-10:6 | A:UPPER:-7:7 | A:UPPER:-4:8
M5:UPPER:P1:O-1:R4,5,15,UPPER,B,N-B-N-B-N,B,1,-1,4,1,False,False,-1,0.0,46.757896612511104,0.1698757774331713,0.1276961770136965,S:1711 | S:1713 | S:1715 | S:1717 | S:1719 | S:1721 | S:1723 | S:1725 | S:1727 | S:1729 | S:1731 | S:1733 | S:1735 | S:1737 | S:1739,A:UPPER:-4:8 | A:UPPER:-1:9 | A:UPPER:14:4 | A:UPPER:14:2 | A:UPPER:14:0 | A:UPPER:14:-2 | A:UPPER:14:-4 | A:UPPER:-1:-9 | A:UPPER:-4:-8 | A:UPPER:-7:-7 | A:UPPER:-10:-6 | A:UPPER:-13:-5 | A:UPPER:-13:5 | A:UPPER:-10:6 | A:UPPER:-7:7
M5:UPPER:P1:O-1:R5,5,15,UPPER,B,N-B-N-B-N,B,1,-1,5,1,False,False,-1,0.0,35.8720796353571,0.19176831182614215,0.13170841194157754,S:1711 | S:1713 | S:1715 | S:1717 | S:1719 | S:1721 | S:1723 | S:1725 | S:1727 | S:1729 | S:1731 | S:1733 | S:1735 | S:1737 | S:1739,A:UPPER:-7:7 | A:UPPER:-4:8 | A:UPPER:-1:9 | A:UPPER:14:4 | A:UPPER:14:2 | A:UPPER:14:0 | A:UPPER:14:-2 | A:UPPER:14:-4 | A:UPPER:-1:-9 | A:UPPER:-4:-8 | A:UPPER:-7:-7 | A:UPPER:-10:-6 | A:UPPER:-13:-5 | A:UPPER:-13:5 | A:UPPER:-10:6
M5:UPPER:P1:O-1:R6,5,15,UPPER,B,N-B-N-B-N,B,1,-1,6,1,False,False,-1,0.0,32.06786702353898,0.21600679623117328,0.1427513792517032,S:1711 | S:1713 | S:1715 | S:1717 | S:1719 | S:1721 | S:1723 | S:1725 | S:1727 | S:1729 | S:1731 | S:1733 | S:1735 | S:1737 | S:1739,A:UPPER:-10:6 | A:UPPER:-7:7 | A:UPPER:-4:8 | A:UPPER:-1:9 | A:UPPER:14:4 | A:UPPER:14:2 | A:UPPER:14:0 | A:UPPER:14:-2 | A:UPPER:14:-4 | A:UPPER:-1:-9 | A:UPPER:-4:-8 | A:UPPER:-7:-7 | A:UPPER:-10:-6 | A:UPPER:-13:-5 | A:UPPER:-13:5
M5:UPPER:P1:O-1:R7,5,15,UPPER,B,N-B-N-B-N,B,1,-1,7,1,False,False,-1,0.0,21.991247749591725,0.2433798760041013,0.13714532173806637,S:1711 | S:1713 | S:1715 | S:1717 | S:1719 | S:1721 | S:1723 | S:1725 | S:1727 | S:1729 | S:1731 | S:1733 | S:1735 | S:1737 | S:1739,A:UPPER:-13:5 | A:UPPER:-10:6 | A:UPPER:-7:7 | A:UPPER:-4:8 | A:UPPER:-1:9 | A:UPPER:14:4 | A:UPPER:14:2 | A:UPPER:14:0 | A:UPPER:14:-2 | A:UPPER:14:-4 | A:UPPER:-1:-9 | A:UPPER:-4:-8 | A:UPPER:-7:-7 | A:UPPER:-10:-6 | A:UPPER:-13:-5
M5:UPPER:P1:O-1:R8,5,15,UPPER,B,N-B-N-B-N,B,1,-1,8,1,False,False,-1,0.0,21.546767554528568,0.24339077510151205,0.13643990385850124,S:1711 | S:1713 | S:1715 | S:1717 | S:1719 | S:1721 | S:1723 | S:1725 | S:1727 | S:1729 | S:1731 | S:1733 | S:1735 | S:1737 | S:1739,A:UPPER:-13:-5 | A:UPPER:-13:5 | A:UPPER:-10:6 | A:UPPER:-7:7 | A:UPPER:-4:8 | A:UPPER:-1:9 | A:UPPER:14:4 | A:UPPER:14:2 | A:UPPER:14:0 | A:UPPER:14:-2 | A:UPPER:14:-4 | A:UPPER:-1:-9 | A:UPPER:-4:-8 | A:UPPER:-7:-7 | A:UPPER:-10:-6
M5:UPPER:P1:O-1:R9,5,15,UPPER,B,N-B-N-B-N,B,1,-1,9,1,False,False,-1,0.0,32.74793094443213,0.21602091158019635,0.1409719368348767,S:1711 | S:1713 | S:1715 | S:1717 | S:1719 | S:1721 | S:1723 | S:1725 | S:1727 | S:1729 | S:1731 | S:1733 | S:1735 | S:1737 | S:1739,A:UPPER:-10:-6 | A:UPPER:-13:-5 | A:UPPER:-13:5 | A:UPPER:-10:6 | A:UPPER:-7:7 | A:UPPER:-4:8 | A:UPPER:-1:9 | A:UPPER:14:4 | A:UPPER:14:2 | A:UPPER:14:0 | A:UPPER:14:-2 | A:UPPER:14:-4 | A:UPPER:-1:-9 | A:UPPER:-4:-8 | A:UPPER:-7:-7
M5:UPPER:P1:O-1:R10,5,15,UPPER,B,N-B-N-B-N,B,1,-1,10,1,False,False,-1,0.0,33.57291337483352,0.19178602253014052,0.1329451614687918,S:1711 | S:1713 | S:1715 | S:1717 | S:1719 | S:1721 | S:1723 | S:1725 | S:1727 | S:1729 | S:1731 | S:1733 | S:1735 | S:1737 | S:1739,A:UPPER:-7:-7 | A:UPPER:-10:-6 | A:UPPER:-13:-5 | A:UPPER:-13:5 | A:UPPER:-10:6 | A:UPPER:-7:7 | A:UPPER:-4:8 | A:UPPER:-1:9 | A:UPPER:14:4 | A:UPPER:14:2 | A:UPPER:14:0 | A:UPPER:14:-2 | A:UPPER:14:-4 | A:UPPER:-1:-9 | A:UPPER:-4:-8
M5:UPPER:P1:O-1:R11,5,15,UPPER,B,N-B-N-B-N,B,1,-1,11,1,False,False,-1,0.0,46.87177856665269,0.1698972077503819,0.12774874571743833,S:1711 | S:1713 | S:1715 | S:1717 | S:1719 | S:1721 | S:1723 | S:1725 | S:1727 | S:1729 | S:1731 | S:1733 | S:1735 | S:1737 | S:1739,A:UPPER:-4:-8 | A:UPPER:-7:-7 | A:UPPER:-10:-6 | A:UPPER:-13:-5 | A:UPPER:-13:5 | A:UPPER:-10:6 | A:UPPER:-7:7 | A:UPPER:-4:8 | A:UPPER:-1:9 | A:UPPER:14:4 | A:UPPER:14:2 | A:UPPER:14:0 | A:UPPER:14:-2 | A:UPPER:14:-4 | A:UPPER:-1:-9
M5:UPPER:P1:O-1:R12,5,15,UPPER,B,N-B-N-B-N,B,1,-1,12,1,False,False,-1,0.0,49.25029289919247,0.15548533675958362,0.12180827044616821,S:1711 | S:1713 | S:1715 | S:1717 | S:1719 | S:1721 | S:1723 | S:1725 | S:1727 | S:1729 | S:1731 | S:1733 | S:1735 | S:1737 | S:1739,A:UPPER:-1:-9 | A:UPPER:-4:-8 | A:UPPER:-7:-7 | A:UPPER:-10:-6 | A:UPPER:-13:-5 | A:UPPER:-13:5 | A:UPPER:-10:6 | A:UPPER:-7:7 | A:UPPER:-4:8 | A:UPPER:-1:9 | A:UPPER:14:4 | A:UPPER:14:2 | A:UPPER:14:0 | A:UPPER:14:-2 | A:UPPER:14:-4
M5:UPPER:P1:O-1:R13,5,15,UPPER,B,N-B-N-B-N,B,1,-1,13,2,False,False,-1,0.0,40.223740357723365,0.09528954488726413,0.14012658263668004,S:1711 | S:1713 | S:1715 | S:1717 | S:1719 | S:1721 | S:1723 | S:1725 | S:1727 | S:1729 | S:1731 | S:1733 | S:1735 | S:1737 | S:1739,A:UPPER:14:-4 | A:UPPER:-1:-9 | A:UPPER:-4:-8 | A:UPPER:-7:-7 | A:UPPER:-10:-6 | A:UPPER:-13:-5 | A:UPPER:-13:5 | A:UPPER:-10:6 | A:UPPER:-7:7 | A:UPPER:-4:8 | A:UPPER:-1:9 | A:UPPER:14:4 | A:UPPER:14:2 | A:UPPER:14:0 | A:UPPER:14:-2
M5:UPPER:P1:O-1:R14,5,15,UPPER,B,N-B-N-B-N,B,1,-1,14,3,False,False,-1,0.0,50.07627503505102,0.025985950383064588,0.1336364781820916,S:1711 | S:1713 | S:1715 | S:1717 | S:1719 | S:1721 | S:1723 | S:1725 | S:1727 | S:1729 | S:1731 | S:1733 | S:1735 | S:1737 | S:1739,A:UPPER:14:-2 | A:UPPER:14:-4 | A:UPPER:-1:-9 | A:UPPER:-4:-8 | A:UPPER:-7:-7 | A:UPPER:-10:-6 | A:UPPER:-13:-5 | A:UPPER:-13:5 | A:UPPER:-10:6 | A:UPPER:-7:7 | A:UPPER:-4:8 | A:UPPER:-1:9 | A:UPPER:14:4 | A:UPPER:14:2 | A:UPPER:14:0
M6:LOWER:P0:O1:R0,6,15,LOWER,N,B-N-B-N-B-N,B,0,1,0,1,False,False,-1,0.0,52.01172665344716,0.008407812947880344,0.12540387269518952,S:1680 | S:1682 | S:1684 | S:1686 | S:1688 | S:1690 | S:1692 | S:1694 | S:1696 | S:1698 | S:1700 | S:1702 | S:1704 | S:1706 | S:1708,A:LOWER:13:5 | A:LOWER:10:6 | A:LOWER:7:7 | A:LOWER:4:8 | A:LOWER:1:9 | A:LOWER:-14:4 | A:LOWER:-14:2 | A:LOWER:-14:0 | A:LOWER:-14:-2 | A:LOWER:-14:-4 | A:LOWER:1:-9 | A:LOWER:4:-8 | A:LOWER:7:-7 | A:LOWER:10:-6 | A:LOWER:13:-5
M6:LOWER:P0:O1:R1,6,15,LOWER,N,B-N-B-N-B-N,B,0,1,1,1,False,False,-1,0.0,47.7786694184562,0.032791712776703036,0.12993239039069374,S:1680 | S:1682 | S:1684 | S:1686 | S:1688 | S:1690 | S:1692 | S:1694 | S:1696 | S:1698 | S:1700 | S:1702 | S:1704 | S:1706 | S:1708,A:LOWER:10:6 | A:LOWER:7:7 | A:LOWER:4:8 | A:LOWER:1:9 | A:LOWER:-14:4 | A:LOWER:-14:2 | A:LOWER:-14:0 | A:LOWER:-14:-2 | A:LOWER:-14:-4 | A:LOWER:1:-9 | A:LOWER:4:-8 | A:LOWER:7:-7 | A:LOWER:10:-6 | A:LOWER:13:-5 | A:LOWER:13:5
M6:LOWER:P0:O1:R2,6,15,LOWER,N,B-N-B-N-B-N,B,0,1,2,1,False,False,-1,0.0,40.45368084952177,0.061522474887653,0.12652311149914622,S:1680 | S:1682 | S:1684 | S:1686 | S:1688 | S:1690 | S:1692 | S:1694 | S:1696 | S:1698 | S:1700 | S:1702 | S:1704 | S:1706 | S:1708,A:LOWER:7:7 | A:LOWER:4:8 | A:LOWER:1:9 | A:LOWER:-14:4 | A:LOWER:-14:2 | A:LOWER:-14:0 | A:LOWER:-14:-2 | A:LOWER:-14:-4 | A:LOWER:1:-9 | A:LOWER:4:-8 | A:LOWER:7:-7 | A:LOWER:10:-6 | A:LOWER:13:-5 | A:LOWER:13:5 | A:LOWER:10:6
M6:LOWER:P0:O1:R3,6,15,LOWER,N,B-N-B-N-B-N,B,0,1,3,1,False,False,-1,0.0,36.3536267605634,0.09229636432714963,0.1360313275186374,S:1680 | S:1682 | S:1684 | S:1686 | S:1688 | S:1690 | S:1692 | S:1694 | S:1696 | S:1698 | S:1700 | S:1702 | S:1704 | S:1706 | S:1708,A:LOWER:4:8 | A:LOWER:1:9 | A:LOWER:-14:4 | A:LOWER:-14:2 | A:LOWER:-14:0 | A:LOWER:-14:-2 | A:LOWER:-14:-4 | A:LOWER:1:-9 | A:LOWER:4:-8 | A:LOWER:7:-7 | A:LOWER:10:-6 | A:LOWER:13:-5 | A:LOWER:13:5 | A:LOWER:10:6 | A:LOWER:7:7
M6:LOWER:P0:O1:R4,6,15,LOWER,N,B-N-B-N-B-N,B,0,1,4,1,False,False,-1,0.0,20.65340485610525,0.12510464649839023,0.1360207664319722,S:1680 | S:1682 | S:1684 | S:1686 | S:1688 | S:1690 | S:1692 | S:1694 | S:1696 | S:1698 | S:1700 | S:1702 | S:1704 | S:1706 | S:1708,A:LOWER:1:9 | A:LOWER:-14:4 | A:LOWER:-14:2 | A:LOWER:-14:0 | A:LOWER:-14:-2 | A:LOWER:-14:-4 | A:LOWER:1:-9 | A:LOWER:4:-8 | A:LOWER:7:-7 | A:LOWER:10:-6 | A:LOWER:13:-5 | A:LOWER:13:5 | A:LOWER:10:6 | A:LOWER:7:7 | A:LOWER:4:8
M6:LOWER:P0:O1:R5,6,15,LOWER,N,B-N-B-N-B-N,B,0,1,5,1,False,False,-1,0.0,50.64036302625808,0.20113551300506247,0.14236748276495478,S:1680 | S:1682 | S:1684 | S:1686 | S:1688 | S:1690 | S:1692 | S:1694 | S:1696 | S:1698 | S:1700 | S:1702 | S:1704 | S:1706 | S:1708,A:LOWER:-14:4 | A:LOWER:-14:2 | A:LOWER:-14:0 | A:LOWER:-14:-2 | A:LOWER:-14:-4 | A:LOWER:1:-9 | A:LOWER:4:-8 | A:LOWER:7:-7 | A:LOWER:10:-6 | A:LOWER:13:-5 | A:LOWER:13:5 | A:LOWER:10:6 | A:LOWER:7:7 | A:LOWER:4:8 | A:LOWER:1:9
M6:LOWER:P0:O1:R6,6,15,LOWER,N,B-N-B-N-B-N,B,0,1,6,1,False,False,-1,0.0,52.09426290055744,0.19141312523456025,0.142525413373634,S:1680 | S:1682 | S:1684 | S:1686 | S:1688 | S:1690 | S:1692 | S:1694 | S:1696 | S:1698 | S:1700 | S:1702 | S:1704 | S:1706 | S:1708,A:LOWER:-14:2 | A:LOWER:-14:0 | A:LOWER:-14:-2 | A:LOWER:-14:-4 | A:LOWER:1:-9 | A:LOWER:4:-8 | A:LOWER:7:-7 | A:LOWER:10:-6 | A:LOWER:13:-5 | A:LOWER:13:5 | A:LOWER:10:6 | A:LOWER:7:7 | A:LOWER:4:8 | A:LOWER:1:9 | A:LOWER:-14:4
M6:LOWER:P0:O1:R7,6,15,LOWER,N,B-N-B-N-B-N,B,0,1,7,1,False,False,-1,0.0,49.45821125969559,0.18545605390790834,0.14117835520706837,S:1680 | S:1682 | S:1684 | S:1686 | S:1688 | S:1690 | S:1692 | S:1694 | S:1696 | S:1698 | S:1700 | S:1702 | S:1704 | S:1706 | S:1708,A:LOWER:-14:0 | A:LOWER:-14:-2 | A:LOWER:-14:-4 | A:LOWER:1:-9 | A:LOWER:4:-8 | A:LOWER:7:-7 | A:LOWER:10:-6 | A:LOWER:13:-5 | A:LOWER:13:5 | A:LOWER:10:6 | A:LOWER:7:7 | A:LOWER:4:8 | A:LOWER:1:9 | A:LOWER:-14:4 | A:LOWER:-14:2
M6:LOWER:P0:O1:R8,6,15,LOWER,N,B-N-B-N-B-N,B,0,1,8,1,False,False,-1,0.0,55.196790595745966,0.18347714345695718,0.12717798878245654,S:1680 | S:1682 | S:1684 | S:1686 | S:1688 | S:1690 | S:1692 | S:1694 | S:1696 | S:1698 | S:1700 | S:1702 | S:1704 | S:1706 | S:1708,A:LOWER:-14:-2 | A:LOWER:-14:-4 | A:LOWER:1:-9 | A:LOWER:4:-8 | A:LOWER:7:-7 | A:LOWER:10:-6 | A:LOWER:13:-5 | A:LOWER:13:5 | A:LOWER:10:6 | A:LOWER:7:7 | A:LOWER:4:8 | A:LOWER:1:9 | A:LOWER:-14:4 | A:LOWER:-14:2 | A:LOWER:-14:0
M6:LOWER:P0:O1:R9,6,15,LOWER,N,B-N-B-N-B-N,B,0,1,9,1,False,False,-1,0.0,48.68541938795675,0.18485371152773902,0.13588252519777416,S:1680 | S:1682 | S:1684 | S:1686 | S:1688 | S:1690 | S:1692 | S:1694 | S:1696 | S:1698 | S:1700 | S:1702 | S:1704 | S:1706 | S:1708,A:LOWER:-14:-4 | A:LOWER:1:-9 | A:LOWER:4:-8 | A:LOWER:7:-7 | A:LOWER:10:-6 | A:LOWER:13:-5 | A:LOWER:13:5 | A:LOWER:10:6 | A:LOWER:7:7 | A:LOWER:4:8 | A:LOWER:1:9 | A:LOWER:-14:4 | A:LOWER:-14:2 | A:LOWER:-14:0 | A:LOWER:-14:-2
M6:LOWER:P0:O1:R10,6,15,LOWER,N,B-N-B-N-B-N,B,0,1,10,1,False,False,-1,0.0,43.36137701330431,0.07468476795628168,0.14352248214255495,S:1680 | S:1682 | S:1684 | S:1686 | S:1688 | S:1690 | S:1692 | S:1694 | S:1696 | S:1698 | S:1700 | S:1702 | S:1704 | S:1706 | S:1708,A:LOWER:1:-9 | A:LOWER:4:-8 | A:LOWER:7:-7 | A:LOWER:10:-6 | A:LOWER:13:-5 | A:LOWER:13:5 | A:LOWER:10:6 | A:LOWER:7:7 | A:LOWER:4:8 | A:LOWER:1:9 | A:LOWER:-14:4 | A:LOWER:-14:2 | A:LOWER:-14:0 | A:LOWER:-14:-2 | A:LOWER:-14:-4
M6:LOWER:P0:O1:R11,6,15,LOWER,N,B-N-B-N-B-N,B,0,1,11,1,False,False,-1,0.0,52.401422087735746,0.04133539776734299,0.1477773335647877,S:1680 | S:1682 | S:1684 | S:1686 | S:1688 | S:1690 | S:1692 | S:1694 | S:1696 | S:1698 | S:1700 | S:1702 | S:1704 | S:1706 | S:1708,A:LOWER:4:-8 | A:LOWER:7:-7 | A:LOWER:10:-6 | A:LOWER:13:-5 | A:LOWER:13:5 | A:LOWER:10:6 | A:LOWER:7:7 | A:LOWER:4:8 | A:LOWER:1:9 | A:LOWER:-14:4 | A:LOWER:-14:2 | A:LOWER:-14:0 | A:LOWER:-14:-2 | A:LOWER:-14:-4 | A:LOWER:1:-9
M6:LOWER:P0:O1:R12,6,15,LOWER,N,B-N-B-N-B-N,B,0,1,12,1,False,False,-1,0.0,50.97896160705361,0.008419134542630907,0.12761420979482624,S:1680 | S:1682 | S:1684 | S:1686 | S:1688 | S:1690 | S:1692 | S:1694 | S:1696 | S:1698 | S:1700 | S:1702 | S:1704 | S:1706 | S:1708,A:LOWER:7:-7 | A:LOWER:10:-6 | A:LOWER:13:-5 | A:LOWER:13:5 | A:LOWER:10:6 | A:LOWER:7:7 | A:LOWER:4:8 | A:LOWER:1:9 | A:LOWER:-14:4 | A:LOWER:-14:2 | A:LOWER:-14:0 | A:LOWER:-14:-2 | A:LOWER:-14:-4 | A:LOWER:1:-9 | A:LOWER:4:-8
M6:LOWER:P0:O1:R13,6,15,LOWER,N,B-N-B-N-B-N,B,0,1,13,3,False,False,-1,0.0,41.71225854888761,0.11556524369671414,0.14112140199984877,S:1680 | S:1682 | S:1684 | S:1686 | S:1688 | S:1690 | S:1692 | S:1694 | S:1696 | S:1698 | S:1700 | S:1702 | S:1704 | S:1706 | S:1708,A:LOWER:10:-6 | A:LOWER:13:-5 | A:LOWER:13:5 | A:LOWER:10:6 | A:LOWER:7:7 | A:LOWER:4:8 | A:LOWER:1:9 | A:LOWER:-14:4 | A:LOWER:-14:2 | A:LOWER:-14:0 | A:LOWER:-14:-2 | A:LOWER:-14:-4 | A:LOWER:1:-9 | A:LOWER:4:-8 | A:LOWER:7:-7
M6:LOWER:P0:O1:R14,6,15,LOWER,N,B-N-B-N-B-N,B,0,1,14,2,False,False,-1,0.0,56.463769892733225,0.06476280018929212,0.1533258982348138,S:1680 | S:1682 | S:1684 | S:1686 | S:1688 | S:1690 | S:1692 | S:1694 | S:1696 | S:1698 | S:1700 | S:1702 | S:1704 | S:1706 | S:1708,A:LOWER:13:-5 | A:LOWER:13:5 | A:LOWER:10:6 | A:LOWER:7:7 | A:LOWER:4:8 | A:LOWER:1:9 | A:LOWER:-14:4 | A:LOWER:-14:2 | A:LOWER:-14:0 | A:LOWER:-14:-2 | A:LOWER:-14:-4 | A:LOWER:1:-9 | A:LOWER:4:-8 | A:LOWER:7:-7 | A:LOWER:10:-6
M6:LOWER:P0:O-1:R0,6,15,LOWER,N,B-N-B-N-B-N,B,0,-1,0,1,False,False,-1,0.0,52.01172665344716,0.008407812947880344,0.12540387269518952,S:1680 | S:1682 | S:1684 | S:1686 | S:1688 | S:1690 | S:1692 | S:1694 | S:1696 | S:1698 | S:1700 | S:1702 | S:1704 | S:1706 | S:1708,A:LOWER:13:5 | A:LOWER:13:-5 | A:LOWER:10:-6 | A:LOWER:7:-7 | A:LOWER:4:-8 | A:LOWER:1:-9 | A:LOWER:-14:-4 | A:LOWER:-14:-2 | A:LOWER:-14:0 | A:LOWER:-14:2 | A:LOWER:-14:4 | A:LOWER:1:9 | A:LOWER:4:8 | A:LOWER:7:7 | A:LOWER:10:6
M6:LOWER:P0:O-1:R1,6,15,LOWER,N,B-N-B-N-B-N,B,0,-1,1,1,False,False,-1,0.0,47.7786694184562,0.032791712776703036,0.12993239039069374,S:1680 | S:1682 | S:1684 | S:1686 | S:1688 | S:1690 | S:1692 | S:1694 | S:1696 | S:1698 | S:1700 | S:1702 | S:1704 | S:1706 | S:1708,A:LOWER:10:6 | A:LOWER:13:5 | A:LOWER:13:-5 | A:LOWER:10:-6 | A:LOWER:7:-7 | A:LOWER:4:-8 | A:LOWER:1:-9 | A:LOWER:-14:-4 | A:LOWER:-14:-2 | A:LOWER:-14:0 | A:LOWER:-14:2 | A:LOWER:-14:4 | A:LOWER:1:9 | A:LOWER:4:8 | A:LOWER:7:7
M6:LOWER:P0:O-1:R2,6,15,LOWER,N,B-N-B-N-B-N,B,0,-1,2,1,False,False,-1,0.0,40.45368084952177,0.061522474887653,0.12652311149914622,S:1680 | S:1682 | S:1684 | S:1686 | S:1688 | S:1690 | S:1692 | S:1694 | S:1696 | S:1698 | S:1700 | S:1702 | S:1704 | S:1706 | S:1708,A:LOWER:7:7 | A:LOWER:10:6 | A:LOWER:13:5 | A:LOWER:13:-5 | A:LOWER:10:-6 | A:LOWER:7:-7 | A:LOWER:4:-8 | A:LOWER:1:-9 | A:LOWER:-14:-4 | A:LOWER:-14:-2 | A:LOWER:-14:0 | A:LOWER:-14:2 | A:LOWER:-14:4 | A:LOWER:1:9 | A:LOWER:4:8
M6:LOWER:P0:O-1:R3,6,15,LOWER,N,B-N-B-N-B-N,B,0,-1,3,1,False,False,-1,0.0,36.3536267605634,0.09229636432714963,0.1360313275186374,S:1680 | S:1682 | S:1684 | S:1686 | S:1688 | S:1690 | S:1692 | S:1694 | S:1696 | S:1698 | S:1700 | S:1702 | S:1704 | S:1706 | S:1708,A:LOWER:4:8 | A:LOWER:7:7 | A:LOWER:10:6 | A:LOWER:13:5 | A:LOWER:13:-5 | A:LOWER:10:-6 | A:LOWER:7:-7 | A:LOWER:4:-8 | A:LOWER:1:-9 | A:LOWER:-14:-4 | A:LOWER:-14:-2 | A:LOWER:-14:0 | A:LOWER:-14:2 | A:LOWER:-14:4 | A:LOWER:1:9
M6:LOWER:P0:O-1:R4,6,15,LOWER,N,B-N-B-N-B-N,B,0,-1,4,1,False,False,-1,0.0,20.65340485610525,0.12510464649839023,0.1360207664319722,S:1680 | S:1682 | S:1684 | S:1686 | S:1688 | S:1690 | S:1692 | S:1694 | S:1696 | S:1698 | S:1700 | S:1702 | S:1704 | S:1706 | S:1708,A:LOWER:1:9 | A:LOWER:4:8 | A:LOWER:7:7 | A:LOWER:10:6 | A:LOWER:13:5 | A:LOWER:13:-5 | A:LOWER:10:-6 | A:LOWER:7:-7 | A:LOWER:4:-8 | A:LOWER:1:-9 | A:LOWER:-14:-4 | A:LOWER:-14:-2 | A:LOWER:-14:0 | A:LOWER:-14:2 | A:LOWER:-14:4
M6:LOWER:P0:O-1:R5,6,15,LOWER,N,B-N-B-N-B-N,B,0,-1,5,1,False,False,-1,0.0,50.64036302625808,0.20113551300506247,0.14236748276495478,S:1680 | S:1682 | S:1684 | S:1686 | S:1688 | S:1690 | S:1692 | S:1694 | S:1696 | S:1698 | S:1700 | S:1702 | S:1704 | S:1706 | S:1708,A:LOWER:-14:4 | A:LOWER:1:9 | A:LOWER:4:8 | A:LOWER:7:7 | A:LOWER:10:6 | A:LOWER:13:5 | A:LOWER:13:-5 | A:LOWER:10:-6 | A:LOWER:7:-7 | A:LOWER:4:-8 | A:LOWER:1:-9 | A:LOWER:-14:-4 | A:LOWER:-14:-2 | A:LOWER:-14:0 | A:LOWER:-14:2
M6:LOWER:P0:O-1:R6,6,15,LOWER,N,B-N-B-N-B-N,B,0,-1,6,1,False,False,-1,0.0,52.09426290055744,0.19141312523456025,0.142525413373634,S:1680 | S:1682 | S:1684 | S:1686 | S:1688 | S:1690 | S:1692 | S:1694 | S:1696 | S:1698 | S:1700 | S:1702 | S:1704 | S:1706 | S:1708,A:LOWER:-14:2 | A:LOWER:-14:4 | A:LOWER:1:9 | A:LOWER:4:8 | A:LOWER:7:7 | A:LOWER:10:6 | A:LOWER:13:5 | A:LOWER:13:-5 | A:LOWER:10:-6 | A:LOWER:7:-7 | A:LOWER:4:-8 | A:LOWER:1:-9 | A:LOWER:-14:-4 | A:LOWER:-14:-2 | A:LOWER:-14:0
M6:LOWER:P0:O-1:R7,6,15,LOWER,N,B-N-B-N-B-N,B,0,-1,7,1,False,False,-1,0.0,49.45821125969559,0.18545605390790834,0.14117835520706837,S:1680 | S:1682 | S:1684 | S:1686 | S:1688 | S:1690 | S:1692 | S:1694 | S:1696 | S:1698 | S:1700 | S:1702 | S:1704 | S:1706 | S:1708,A:LOWER:-14:0 | A:LOWER:-14:2 | A:LOWER:-14:4 | A:LOWER:1:9 | A:LOWER:4:8 | A:LOWER:7:7 | A:LOWER:10:6 | A:LOWER:13:5 | A:LOWER:13:-5 | A:LOWER:10:-6 | A:LOWER:7:-7 | A:LOWER:4:-8 | A:LOWER:1:-9 | A:LOWER:-14:-4 | A:LOWER:-14:-2
M6:LOWER:P0:O-1:R8,6,15,LOWER,N,B-N-B-N-B-N,B,0,-1,8,1,False,False,-1,0.0,55.196790595745966,0.18347714345695718,0.12717798878245654,S:1680 | S:1682 | S:1684 | S:1686 | S:1688 | S:1690 | S:1692 | S:1694 | S:1696 | S:1698 | S:1700 | S:1702 | S:1704 | S:1706 | S:1708,A:LOWER:-14:-2 | A:LOWER:-14:0 | A:LOWER:-14:2 | A:LOWER:-14:4 | A:LOWER:1:9 | A:LOWER:4:8 | A:LOWER:7:7 | A:LOWER:10:6 | A:LOWER:13:5 | A:LOWER:13:-5 | A:LOWER:10:-6 | A:LOWER:7:-7 | A:LOWER:4:-8 | A:LOWER:1:-9 | A:LOWER:-14:-4
M6:LOWER:P0:O-1:R9,6,15,LOWER,N,B-N-B-N-B-N,B,0,-1,9,1,False,False,-1,0.0,48.68541938795675,0.18485371152773902,0.13588252519777416,S:1680 | S:1682 | S:1684 | S:1686 | S:1688 | S:1690 | S:1692 | S:1694 | S:1696 | S:1698 | S:1700 | S:1702 | S:1704 | S:1706 | S:1708,A:LOWER:-14:-4 | A:LOWER:-14:-2 | A:LOWER:-14:0 | A:LOWER:-14:2 | A:LOWER:-14:4 | A:LOWER:1:9 | A:LOWER:4:8 | A:LOWER:7:7 | A:LOWER:10:6 | A:LOWER:13:5 | A:LOWER:13:-5 | A:LOWER:10:-6 | A:LOWER:7:-7 | A:LOWER:4:-8 | A:LOWER:1:-9
M6:LOWER:P0:O-1:R10,6,15,LOWER,N,B-N-B-N-B-N,B,0,-1,10,1,False,False,-1,0.0,43.36137701330431,0.07468476795628168,0.14352248214255495,S:1680 | S:1682 | S:1684 | S:1686 | S:1688 | S:1690 | S:1692 | S:1694 | S:1696 | S:1698 | S:1700 | S:1702 | S:1704 | S:1706 | S:1708,A:LOWER:1:-9 | A:LOWER:-14:-4 | A:LOWER:-14:-2 | A:LOWER:-14:0 | A:LOWER:-14:2 | A:LOWER:-14:4 | A:LOWER:1:9 | A:LOWER:4:8 | A:LOWER:7:7 | A:LOWER:10:6 | A:LOWER:13:5 | A:LOWER:13:-5 | A:LOWER:10:-6 | A:LOWER:7:-7 | A:LOWER:4:-8
M6:LOWER:P0:O-1:R11,6,15,LOWER,N,B-N-B-N-B-N,B,0,-1,11,1,False,False,-1,0.0,52.401422087735746,0.04133539776734299,0.1477773335647877,S:1680 | S:1682 | S:1684 | S:1686 | S:1688 | S:1690 | S:1692 | S:1694 | S:1696 | S:1698 | S:1700 | S:1702 | S:1704 | S:1706 | S:1708,A:LOWER:4:-8 | A:LOWER:1:-9 | A:LOWER:-14:-4 | A:LOWER:-14:-2 | A:LOWER:-14:0 | A:LOWER:-14:2 | A:LOWER:-14:4 | A:LOWER:1:9 | A:LOWER:4:8 | A:LOWER:7:7 | A:LOWER:10:6 | A:LOWER:13:5 | A:LOWER:13:-5 | A:LOWER:10:-6 | A:LOWER:7:-7
M6:LOWER:P0:O-1:R12,6,15,LOWER,N,B-N-B-N-B-N,B,0,-1,12,1,False,False,-1,0.0,50.97896160705361,0.008419134542630907,0.12761420979482624,S:1680 | S:1682 | S:1684 | S:1686 | S:1688 | S:1690 | S:1692 | S:1694 | S:1696 | S:1698 | S:1700 | S:1702 | S:1704 | S:1706 | S:1708,A:LOWER:7:-7 | A:LOWER:4:-8 | A:LOWER:1:-9 | A:LOWER:-14:-4 | A:LOWER:-14:-2 | A:LOWER:-14:0 | A:LOWER:-14:2 | A:LOWER:-14:4 | A:LOWER:1:9 | A:LOWER:4:8 | A:LOWER:7:7 | A:LOWER:10:6 | A:LOWER:13:5 | A:LOWER:13:-5 | A:LOWER:10:-6
M6:LOWER:P0:O-1:R13,6,15,LOWER,N,B-N-B-N-B-N,B,0,-1,13,5,False,False,-1,0.0,53.81507533530873,0.008361864149494441,0.1240966913015283,S:1680 | S:1682 | S:1684 | S:1686 | S:1688 | S:1690 | S:1692 | S:1694 | S:1696 | S:1698 | S:1700 | S:1702 | S:1704 | S:1706 | S:1708,A:LOWER:10:-6 | A:LOWER:7:-7 | A:LOWER:4:-8 | A:LOWER:1:-9 | A:LOWER:-14:-4 | A:LOWER:-14:-2 | A:LOWER:-14:0 | A:LOWER:-14:2 | A:LOWER:-14:4 | A:LOWER:1:9 | A:LOWER:4:8 | A:LOWER:7:7 | A:LOWER:10:6 | A:LOWER:13:5 | A:LOWER:13:-5
M6:LOWER:P0:O-1:R14,6,15,LOWER,N,B-N-B-N-B-N,B,0,-1,14,15,True,True,0,0.17955359428726847,81.08854922785966,2.9756683552789598e-05,0.18785290627536444,S:1680 | S:1682 | S:1684 | S:1686 | S:1688 | S:1690 | S:1692 | S:1694 | S:1696 | S:1698 | S:1700 | S:1702 | S:1704 | S:1706 | S:1708,A:LOWER:13:-5 | A:LOWER:10:-6 | A:LOWER:7:-7 | A:LOWER:4:-8 | A:LOWER:1:-9 | A:LOWER:-14:-4 | A:LOWER:-14:-2 | A:LOWER:-14:0 | A:LOWER:-14:2 | A:LOWER:-14:4 | A:LOWER:1:9 | A:LOWER:4:8 | A:LOWER:7:7 | A:LOWER:10:6 | A:LOWER:13:5
M6:LOWER:P1:O1:R0,6,15,LOWER,N,B-N-B-N-B-N,B,1,1,0,1,False,False,-1,0.0,52.959176643199704,0.03619975345465104,0.14187957811700977,S:1681 | S:1683 | S:1685 | S:1687 | S:1689 | S:1691 | S:1693 | S:1695 | S:1697 | S:1699 | S:1701 | S:1703 | S:1705 | S:1707 | S:1709,A:LOWER:13:5 | A:LOWER:10:6 | A:LOWER:7:7 | A:LOWER:4:8 | A:LOWER:1:9 | A:LOWER:-14:4 | A:LOWER:-14:2 | A:LOWER:-14:0 | A:LOWER:-14:-2 | A:LOWER:-14:-4 | A:LOWER:1:-9 | A:LOWER:4:-8 | A:LOWER:7:-7 | A:LOWER:10:-6 | A:LOWER:13:-5
M6:LOWER:P1:O1:R1,6,15,LOWER,N,B-N-B-N-B-N,B,1,1,1,1,False,False,-1,0.0,42.93577076120465,0.059061066028097325,0.13269608707285052,S:1681 | S:1683 | S:1685 | S:1687 | S:1689 | S:1691 | S:1693 | S:1695 | S:1697 | S:1699 | S:1701 | S:1703 | S:1705 | S:1707 | S:1709,A:LOWER:10:6 | A:LOWER:7:7 | A:LOWER:4:8 | A:LOWER:1:9 | A:LOWER:-14:4 | A:LOWER:-14:2 | A:LOWER:-14:0 | A:LOWER:-14:-2 | A:LOWER:-14:-4 | A:LOWER:1:-9 | A:LOWER:4:-8 | A:LOWER:7:-7 | A:LOWER:10:-6 | A:LOWER:13:-5 | A:LOWER:13:5
M6:LOWER:P1:O1:R2,6,15,LOWER,N,B-N-B-N-B-N,B,1,1,2,1,False,False,-1,0.0,38.505956864584526,0.08596662369270311,0.13288392091942758,S:1681 | S:1683 | S:1685 | S:1687 | S:1689 | S:1691 | S:1693 | S:1695 | S:1697 | S:1699 | S:1701 | S:1703 | S:1705 | S:1707 | S:1709,A:LOWER:7:7 | A:LOWER:4:8 | A:LOWER:1:9 | A:LOWER:-14:4 | A:LOWER:-14:2 | A:LOWER:-14:0 | A:LOWER:-14:-2 | A:LOWER:-14:-4 | A:LOWER:1:-9 | A:LOWER:4:-8 | A:LOWER:7:-7 | A:LOWER:10:-6 | A:LOWER:13:-5 | A:LOWER:13:5 | A:LOWER:10:6
M6:LOWER:P1:O1:R3,6,15,LOWER,N,B-N-B-N-B-N,B,1,1,3,1,False,False,-1,0.0,31.936138499572134,0.11477556840068301,0.14091183853373696,S:1681 | S:1683 | S:1685 | S:1687 | S:1689 | S:1691 | S:1693 | S:1695 | S:1697 | S:1699 | S:1701 | S:1703 | S:1705 | S:1707 | S:1709,A:LOWER:4:8 | A:LOWER:1:9 | A:LOWER:-14:4 | A:LOWER:-14:2 | A:LOWER:-14:0 | A:LOWER:-14:-2 | A:LOWER:-14:-4 | A:LOWER:1:-9 | A:LOWER:4:-8 | A:LOWER:7:-7 | A:LOWER:10:-6 | A:LOWER:13:-5 | A:LOWER:13:5 | A:LOWER:10:6 | A:LOWER:7:7
M6:LOWER:P1:O1:R4,6,15,LOWER,N,B-N-B-N-B-N,B,1,1,4,1,False,False,-1,0.0,26.65490951572211,0.14457787801640984,0.1581689024661838,S:1681 | S:1683 | S:1685 | S:1687 | S:1689 | S:1691 | S:1693 | S:1695 | S:1697 | S:1699 | S:1701 | S:1703 | S:1705 | S:1707 | S:1709,A:LOWER:1:9 | A:LOWER:-14:4 | A:LOWER:-14:2 | A:LOWER:-14:0 | A:LOWER:-14:-2 | A:LOWER:-14:-4 | A:LOWER:1:-9 | A:LOWER:4:-8 | A:LOWER:7:-7 | A:LOWER:10:-6 | A:LOWER:13:-5 | A:LOWER:13:5 | A:LOWER:10:6 | A:LOWER:7:7 | A:LOWER:4:8
M6:LOWER:P1:O1:R5,6,15,LOWER,N,B-N-B-N-B-N,B,1,1,5,1,False,False,-1,0.0,46.410842817177205,0.2087862014756036,0.14173305004987158,S:1681 | S:1683 | S:1685 | S:1687 | S:1689 | S:1691 | S:1693 | S:1695 | S:1697 | S:1699 | S:1701 | S:1703 | S:1705 | S:1707 | S:1709,A:LOWER:-14:4 | A:LOWER:-14:2 | A:LOWER:-14:0 | A:LOWER:-14:-2 | A:LOWER:-14:-4 | A:LOWER:1:-9 | A:LOWER:4:-8 | A:LOWER:7:-7 | A:LOWER:10:-6 | A:LOWER:13:-5 | A:LOWER:13:5 | A:LOWER:10:6 | A:LOWER:7:7 | A:LOWER:4:8 | A:LOWER:1:9
M6:LOWER:P1:O1:R6,6,15,LOWER,N,B-N-B-N-B-N,B,1,1,6,1,False,False,-1,0.0,50.798532947891616,0.1902451020640252,0.1418134739500144,S:1681 | S:1683 | S:1685 | S:1687 | S:1689 | S:1691 | S:1693 | S:1695 | S:1697 | S:1699 | S:1701 | S:1703 | S:1705 | S:1707 | S:1709,A:LOWER:-14:2 | A:LOWER:-14:0 | A:LOWER:-14:-2 | A:LOWER:-14:-4 | A:LOWER:1:-9 | A:LOWER:4:-8 | A:LOWER:7:-7 | A:LOWER:10:-6 | A:LOWER:13:-5 | A:LOWER:13:5 | A:LOWER:10:6 | A:LOWER:7:7 | A:LOWER:4:8 | A:LOWER:1:9 | A:LOWER:-14:4
M6:LOWER:P1:O1:R7,6,15,LOWER,N,B-N-B-N-B-N,B,1,1,7,1,False,False,-1,0.0,51.154467094363206,0.17972385703972368,0.14002899362501653,S:1681 | S:1683 | S:1685 | S:1687 | S:1689 | S:1691 | S:1693 | S:1695 | S:1697 | S:1699 | S:1701 | S:1703 | S:1705 | S:1707 | S:1709,A:LOWER:-14:0 | A:LOWER:-14:-2 | A:LOWER:-14:-4 | A:LOWER:1:-9 | A:LOWER:4:-8 | A:LOWER:7:-7 | A:LOWER:10:-6 | A:LOWER:13:-5 | A:LOWER:13:5 | A:LOWER:10:6 | A:LOWER:7:7 | A:LOWER:4:8 | A:LOWER:1:9 | A:LOWER:-14:4 | A:LOWER:-14:2
M6:LOWER:P1:O1:R8,6,15,LOWER,N,B-N-B-N-B-N,B,1,1,8,1,False,False,-1,0.0,49.54880201083421,0.1744798322953163,0.13951410474611559,S:1681 | S:1683 | S:1685 | S:1687 | S:1689 | S:1691 | S:1693 | S:1695 | S:1697 | S:1699 | S:1701 | S:1703 | S:1705 | S:1707 | S:1709,A:LOWER:-14:-2 | A:LOWER:-14:-4 | A:LOWER:1:-9 | A:LOWER:4:-8 | A:LOWER:7:-7 | A:LOWER:10:-6 | A:LOWER:13:-5 | A:LOWER:13:5 | A:LOWER:10:6 | A:LOWER:7:7 | A:LOWER:4:8 | A:LOWER:1:9 | A:LOWER:-14:4 | A:LOWER:-14:2 | A:LOWER:-14:0
M6:LOWER:P1:O1:R9,6,15,LOWER,N,B-N-B-N-B-N,B,1,1,9,1,False,False,-1,0.0,55.44689363616674,0.17266621218670866,0.12789663315589803,S:1681 | S:1683 | S:1685 | S:1687 | S:1689 | S:1691 | S:1693 | S:1695 | S:1697 | S:1699 | S:1701 | S:1703 | S:1705 | S:1707 | S:1709,A:LOWER:-14:-4 | A:LOWER:1:-9 | A:LOWER:4:-8 | A:LOWER:7:-7 | A:LOWER:10:-6 | A:LOWER:13:-5 | A:LOWER:13:5 | A:LOWER:10:6 | A:LOWER:7:7 | A:LOWER:4:8 | A:LOWER:1:9 | A:LOWER:-14:4 | A:LOWER:-14:2 | A:LOWER:-14:0 | A:LOWER:-14:-2
M6:LOWER:P1:O1:R10,6,15,LOWER,N,B-N-B-N-B-N,B,1,1,10,1,False,False,-1,0.0,55.83195213250271,0.05053673494645791,0.14087595766998565,S:1681 | S:1683 | S:1685 | S:1687 | S:1689 | S:1691 | S:1693 | S:1695 | S:1697 | S:1699 | S:1701 | S:1703 | S:1705 | S:1707 | S:1709,A:LOWER:1:-9 | A:LOWER:4:-8 | A:LOWER:7:-7 | A:LOWER:10:-6 | A:LOWER:13:-5 | A:LOWER:13:5 | A:LOWER:10:6 | A:LOWER:7:7 | A:LOWER:4:8 | A:LOWER:1:9 | A:LOWER:-14:4 | A:LOWER:-14:2 | A:LOWER:-14:0 | A:LOWER:-14:-2 | A:LOWER:-14:-4
M6:LOWER:P1:O1:R11,6,15,LOWER,N,B-N-B-N-B-N,B,1,1,11,1,False,False,-1,0.0,56.731962104509165,0.013871227875024594,0.13960809473649238,S:1681 | S:1683 | S:1685 | S:1687 | S:1689 | S:1691 | S:1693 | S:1695 | S:1697 | S:1699 | S:1701 | S:1703 | S:1705 | S:1707 | S:1709,A:LOWER:4:-8 | A:LOWER:7:-7 | A:LOWER:10:-6 | A:LOWER:13:-5 | A:LOWER:13:5 | A:LOWER:10:6 | A:LOWER:7:7 | A:LOWER:4:8 | A:LOWER:1:9 | A:LOWER:-14:4 | A:LOWER:-14:2 | A:LOWER:-14:0 | A:LOWER:-14:-2 | A:LOWER:-14:-4 | A:LOWER:1:-9
M6:LOWER:P1:O1:R12,6,15,LOWER,N,B-N-B-N-B-N,B,1,1,12,4,False,False,-1,0.0,53.36079566700306,0.17264712037578464,0.12684321670408916,S:1681 | S:1683 | S:1685 | S:1687 | S:1689 | S:1691 | S:1693 | S:1695 | S:1697 | S:1699 | S:1701 | S:1703 | S:1705 | S:1707 | S:1709,A:LOWER:7:-7 | A:LOWER:10:-6 | A:LOWER:13:-5 | A:LOWER:13:5 | A:LOWER:10:6 | A:LOWER:7:7 | A:LOWER:4:8 | A:LOWER:1:9 | A:LOWER:-14:4 | A:LOWER:-14:2 | A:LOWER:-14:0 | A:LOWER:-14:-2 | A:LOWER:-14:-4 | A:LOWER:1:-9 | A:LOWER:4:-8
M6:LOWER:P1:O1:R13,6,15,LOWER,N,B-N-B-N-B-N,B,1,1,13,3,False,False,-1,0.0,54.50252824455759,0.13745416568878568,0.14091355624810611,S:1681 | S:1683 | S:1685 | S:1687 | S:1689 | S:1691 | S:1693 | S:1695 | S:1697 | S:1699 | S:1701 | S:1703 | S:1705 | S:1707 | S:1709,A:LOWER:10:-6 | A:LOWER:13:-5 | A:LOWER:13:5 | A:LOWER:10:6 | A:LOWER:7:7 | A:LOWER:4:8 | A:LOWER:1:9 | A:LOWER:-14:4 | A:LOWER:-14:2 | A:LOWER:-14:0 | A:LOWER:-14:-2 | A:LOWER:-14:-4 | A:LOWER:1:-9 | A:LOWER:4:-8 | A:LOWER:7:-7
M6:LOWER:P1:O1:R14,6,15,LOWER,N,B-N-B-N-B-N,B,1,1,14,2,False,False,-1,0.0,54.77272444189068,0.09118574789502709,0.14185286060372965,S:1681 | S:1683 | S:1685 | S:1687 | S:1689 | S:1691 | S:1693 | S:1695 | S:1697 | S:1699 | S:1701 | S:1703 | S:1705 | S:1707 | S:1709,A:LOWER:13:-5 | A:LOWER:13:5 | A:LOWER:10:6 | A:LOWER:7:7 | A:LOWER:4:8 | A:LOWER:1:9 | A:LOWER:-14:4 | A:LOWER:-14:2 | A:LOWER:-14:0 | A:LOWER:-14:-2 | A:LOWER:-14:-4 | A:LOWER:1:-9 | A:LOWER:4:-8 | A:LOWER:7:-7 | A:LOWER:10:-6
M6:LOWER:P1:O-1:R0,6,15,LOWER,N,B-N-B-N-B-N,B,1,-1,0,1,False,False,-1,0.0,52.959176643199704,0.03619975345465104,0.14187957811700977,S:1681 | S:1683 | S:1685 | S:1687 | S:1689 | S:1691 | S:1693 | S:1695 | S:1697 | S:1699 | S:1701 | S:1703 | S:1705 | S:1707 | S:1709,A:LOWER:13:5 | A:LOWER:13:-5 | A:LOWER:10:-6 | A:LOWER:7:-7 | A:LOWER:4:-8 | A:LOWER:1:-9 | A:LOWER:-14:-4 | A:LOWER:-14:-2 | A:LOWER:-14:0 | A:LOWER:-14:2 | A:LOWER:-14:4 | A:LOWER:1:9 | A:LOWER:4:8 | A:LOWER:7:7 | A:LOWER:10:6
M6:LOWER:P1:O-1:R1,6,15,LOWER,N,B-N-B-N-B-N,B,1,-1,1,1,False,False,-1,0.0,42.93577076120465,0.059061066028097325,0.13269608707285052,S:1681 | S:1683 | S:1685 | S:1687 | S:1689 | S:1691 | S:1693 | S:1695 | S:1697 | S:1699 | S:1701 | S:1703 | S:1705 | S:1707 | S:1709,A:LOWER:10:6 | A:LOWER:13:5 | A:LOWER:13:-5 | A:LOWER:10:-6 | A:LOWER:7:-7 | A:LOWER:4:-8 | A:LOWER:1:-9 | A:LOWER:-14:-4 | A:LOWER:-14:-2 | A:LOWER:-14:0 | A:LOWER:-14:2 | A:LOWER:-14:4 | A:LOWER:1:9 | A:LOWER:4:8 | A:LOWER:7:7
M6:LOWER:P1:O-1:R2,6,15,LOWER,N,B-N-B-N-B-N,B,1,-1,2,1,False,False,-1,0.0,38.505956864584526,0.08596662369270311,0.13288392091942758,S:1681 | S:1683 | S:1685 | S:1687 | S:1689 | S:1691 | S:1693 | S:1695 | S:1697 | S:1699 | S:1701 | S:1703 | S:1705 | S:1707 | S:1709,A:LOWER:7:7 | A:LOWER:10:6 | A:LOWER:13:5 | A:LOWER:13:-5 | A:LOWER:10:-6 | A:LOWER:7:-7 | A:LOWER:4:-8 | A:LOWER:1:-9 | A:LOWER:-14:-4 | A:LOWER:-14:-2 | A:LOWER:-14:0 | A:LOWER:-14:2 | A:LOWER:-14:4 | A:LOWER:1:9 | A:LOWER:4:8
M6:LOWER:P1:O-1:R3,6,15,LOWER,N,B-N-B-N-B-N,B,1,-1,3,1,False,False,-1,0.0,31.936138499572134,0.11477556840068301,0.14091183853373696,S:1681 | S:1683 | S:1685 | S:1687 | S:1689 | S:1691 | S:1693 | S:1695 | S:1697 | S:1699 | S:1701 | S:1703 | S:1705 | S:1707 | S:1709,A:LOWER:4:8 | A:LOWER:7:7 | A:LOWER:10:6 | A:LOWER:13:5 | A:LOWER:13:-5 | A:LOWER:10:-6 | A:LOWER:7:-7 | A:LOWER:4:-8 | A:LOWER:1:-9 | A:LOWER:-14:-4 | A:LOWER:-14:-2 | A:LOWER:-14:0 | A:LOWER:-14:2 | A:LOWER:-14:4 | A:LOWER:1:9
M6:LOWER:P1:O-1:R4,6,15,LOWER,N,B-N-B-N-B-N,B,1,-1,4,1,False,False,-1,0.0,26.65490951572211,0.14457787801640984,0.1581689024661838,S:1681 | S:1683 | S:1685 | S:1687 | S:1689 | S:1691 | S:1693 | S:1695 | S:1697 | S:1699 | S:1701 | S:1703 | S:1705 | S:1707 | S:1709,A:LOWER:1:9 | A:LOWER:4:8 | A:LOWER:7:7 | A:LOWER:10:6 | A:LOWER:13:5 | A:LOWER:13:-5 | A:LOWER:10:-6 | A:LOWER:7:-7 | A:LOWER:4:-8 | A:LOWER:1:-9 | A:LOWER:-14:-4 | A:LOWER:-14:-2 | A:LOWER:-14:0 | A:LOWER:-14:2 | A:LOWER:-14:4
M6:LOWER:P1:O-1:R5,6,15,LOWER,N,B-N-B-N-B-N,B,1,-1,5,1,False,False,-1,0.0,46.410842817177205,0.2087862014756036,0.14173305004987158,S:1681 | S:1683 | S:1685 | S:1687 | S:1689 | S:1691 | S:1693 | S:1695 | S:1697 | S:1699 | S:1701 | S:1703 | S:1705 | S:1707 | S:1709,A:LOWER:-14:4 | A:LOWER:1:9 | A:LOWER:4:8 | A:LOWER:7:7 | A:LOWER:10:6 | A:LOWER:13:5 | A:LOWER:13:-5 | A:LOWER:10:-6 | A:LOWER:7:-7 | A:LOWER:4:-8 | A:LOWER:1:-9 | A:LOWER:-14:-4 | A:LOWER:-14:-2 | A:LOWER:-14:0 | A:LOWER:-14:2
M6:LOWER:P1:O-1:R6,6,15,LOWER,N,B-N-B-N-B-N,B,1,-1,6,1,False,False,-1,0.0,50.798532947891616,0.1902451020640252,0.1418134739500144,S:1681 | S:1683 | S:1685 | S:1687 | S:1689 | S:1691 | S:1693 | S:1695 | S:1697 | S:1699 | S:1701 | S:1703 | S:1705 | S:1707 | S:1709,A:LOWER:-14:2 | A:LOWER:-14:4 | A:LOWER:1:9 | A:LOWER:4:8 | A:LOWER:7:7 | A:LOWER:10:6 | A:LOWER:13:5 | A:LOWER:13:-5 | A:LOWER:10:-6 | A:LOWER:7:-7 | A:LOWER:4:-8 | A:LOWER:1:-9 | A:LOWER:-14:-4 | A:LOWER:-14:-2 | A:LOWER:-14:0
M6:LOWER:P1:O-1:R7,6,15,LOWER,N,B-N-B-N-B-N,B,1,-1,7,1,False,False,-1,0.0,51.154467094363206,0.17972385703972368,0.14002899362501653,S:1681 | S:1683 | S:1685 | S:1687 | S:1689 | S:1691 | S:1693 | S:1695 | S:1697 | S:1699 | S:1701 | S:1703 | S:1705 | S:1707 | S:1709,A:LOWER:-14:0 | A:LOWER:-14:2 | A:LOWER:-14:4 | A:LOWER:1:9 | A:LOWER:4:8 | A:LOWER:7:7 | A:LOWER:10:6 | A:LOWER:13:5 | A:LOWER:13:-5 | A:LOWER:10:-6 | A:LOWER:7:-7 | A:LOWER:4:-8 | A:LOWER:1:-9 | A:LOWER:-14:-4 | A:LOWER:-14:-2
M6:LOWER:P1:O-1:R8,6,15,LOWER,N,B-N-B-N-B-N,B,1,-1,8,1,False,False,-1,0.0,49.54880201083421,0.1744798322953163,0.13951410474611559,S:1681 | S:1683 | S:1685 | S:1687 | S:1689 | S:1691 | S:1693 | S:1695 | S:1697 | S:1699 | S:1701 | S:1703 | S:1705 | S:1707 | S:1709,A:LOWER:-14:-2 | A:LOWER:-14:0 | A:LOWER:-14:2 | A:LOWER:-14:4 | A:LOWER:1:9 | A:LOWER:4:8 | A:LOWER:7:7 | A:LOWER:10:6 | A:LOWER:13:5 | A:LOWER:13:-5 | A:LOWER:10:-6 | A:LOWER:7:-7 | A:LOWER:4:-8 | A:LOWER:1:-9 | A:LOWER:-14:-4
M6:LOWER:P1:O-1:R9,6,15,LOWER,N,B-N-B-N-B-N,B,1,-1,9,1,False,False,-1,0.0,55.44689363616674,0.17266621218670866,0.12789663315589803,S:1681 | S:1683 | S:1685 | S:1687 | S:1689 | S:1691 | S:1693 | S:1695 | S:1697 | S:1699 | S:1701 | S:1703 | S:1705 | S:1707 | S:1709,A:LOWER:-14:-4 | A:LOWER:-14:-2 | A:LOWER:-14:0 | A:LOWER:-14:2 | A:LOWER:-14:4 | A:LOWER:1:9 | A:LOWER:4:8 | A:LOWER:7:7 | A:LOWER:10:6 | A:LOWER:13:5 | A:LOWER:13:-5 | A:LOWER:10:-6 | A:LOWER:7:-7 | A:LOWER:4:-8 | A:LOWER:1:-9
M6:LOWER:P1:O-1:R10,6,15,LOWER,N,B-N-B-N-B-N,B,1,-1,10,1,False,False,-1,0.0,55.83195213250271,0.05053673494645791,0.14087595766998565,S:1681 | S:1683 | S:1685 | S:1687 | S:1689 | S:1691 | S:1693 | S:1695 | S:1697 | S:1699 | S:1701 | S:1703 | S:1705 | S:1707 | S:1709,A:LOWER:1:-9 | A:LOWER:-14:-4 | A:LOWER:-14:-2 | A:LOWER:-14:0 | A:LOWER:-14:2 | A:LOWER:-14:4 | A:LOWER:1:9 | A:LOWER:4:8 | A:LOWER:7:7 | A:LOWER:10:6 | A:LOWER:13:5 | A:LOWER:13:-5 | A:LOWER:10:-6 | A:LOWER:7:-7 | A:LOWER:4:-8
M6:LOWER:P1:O-1:R11,6,15,LOWER,N,B-N-B-N-B-N,B,1,-1,11,1,False,False,-1,0.0,56.731962104509165,0.013871227875024594,0.13960809473649238,S:1681 | S:1683 | S:1685 | S:1687 | S:1689 | S:1691 | S:1693 | S:1695 | S:1697 | S:1699 | S:1701 | S:1703 | S:1705 | S:1707 | S:1709,A:LOWER:4:-8 | A:LOWER:1:-9 | A:LOWER:-14:-4 | A:LOWER:-14:-2 | A:LOWER:-14:0 | A:LOWER:-14:2 | A:LOWER:-14:4 | A:LOWER:1:9 | A:LOWER:4:8 | A:LOWER:7:7 | A:LOWER:10:6 | A:LOWER:13:5 | A:LOWER:13:-5 | A:LOWER:10:-6 | A:LOWER:7:-7
M6:LOWER:P1:O-1:R12,6,15,LOWER,N,B-N-B-N-B-N,B,1,-1,12,4,False,False,-1,0.0,52.36142759811265,0.03616994390833417,0.1435681760893998,S:1681 | S:1683 | S:1685 | S:1687 | S:1689 | S:1691 | S:1693 | S:1695 | S:1697 | S:1699 | S:1701 | S:1703 | S:1705 | S:1707 | S:1709,A:LOWER:7:-7 | A:LOWER:4:-8 | A:LOWER:1:-9 | A:LOWER:-14:-4 | A:LOWER:-14:-2 | A:LOWER:-14:0 | A:LOWER:-14:2 | A:LOWER:-14:4 | A:LOWER:1:9 | A:LOWER:4:8 | A:LOWER:7:7 | A:LOWER:10:6 | A:LOWER:13:5 | A:LOWER:13:-5 | A:LOWER:10:-6
M6:LOWER:P1:O-1:R13,6,15,LOWER,N,B-N-B-N-B-N,B,1,-1,13,15,True,True,0,0.1749142616204,71.01655279764077,5.79973110649834e-05,0.16697310461801404,S:1681 | S:1683 | S:1685 | S:1687 | S:1689 | S:1691 | S:1693 | S:1695 | S:1697 | S:1699 | S:1701 | S:1703 | S:1705 | S:1707 | S:1709,A:LOWER:10:-6 | A:LOWER:7:-7 | A:LOWER:4:-8 | A:LOWER:1:-9 | A:LOWER:-14:-4 | A:LOWER:-14:-2 | A:LOWER:-14:0 | A:LOWER:-14:2 | A:LOWER:-14:4 | A:LOWER:1:9 | A:LOWER:4:8 | A:LOWER:7:7 | A:LOWER:10:6 | A:LOWER:13:5 | A:LOWER:13:-5
M6:LOWER:P1:O-1:R14,6,15,LOWER,N,B-N-B-N-B-N,B,1,-1,14,15,True,True,0,0.1776135286676147,71.05691974774241,5.8578601414199793e-05,0.16300392654061946,S:1681 | S:1683 | S:1685 | S:1687 | S:1689 | S:1691 | S:1693 | S:1695 | S:1697 | S:1699 | S:1701 | S:1703 | S:1705 | S:1707 | S:1709,A:LOWER:13:-5 | A:LOWER:10:-6 | A:LOWER:7:-7 | A:LOWER:4:-8 | A:LOWER:1:-9 | A:LOWER:-14:-4 | A:LOWER:-14:-2 | A:LOWER:-14:0 | A:LOWER:-14:2 | A:LOWER:-14:4 | A:LOWER:1:9 | A:LOWER:4:8 | A:LOWER:7:7 | A:LOWER:10:6 | A:LOWER:13:5
M6:UPPER:P0:O1:R0,6,15,UPPER,B,N-B-N-B-N-B,N,0,1,0,2,False,False,-1,0.0,47.720466173840414,0.032734961851409144,0.12976293583372342,S:1710 | S:1712 | S:1714 | S:1716 | S:1718 | S:1720 | S:1722 | S:1724 | S:1726 | S:1728 | S:1730 | S:1732 | S:1734 | S:1736 | S:1738,A:UPPER:13:5 | A:UPPER:10:6 | A:UPPER:7:7 | A:UPPER:4:8 | A:UPPER:1:9 | A:UPPER:-14:4 | A:UPPER:-14:2 | A:UPPER:-14:0 | A:UPPER:-14:-2 | A:UPPER:-14:-4 | A:UPPER:1:-9 | A:UPPER:4:-8 | A:UPPER:7:-7 | A:UPPER:10:-6 | A:UPPER:13:-5
M6:UPPER:P0:O1:R1,6,15,UPPER,B,N-B-N-B-N-B,N,0,1,1,2,False,False,-1,0.0,40.464957532085734,0.061469186832929734,0.12652068622469978,S:1710 | S:1712 | S:1714 | S:1716 | S:1718 | S:1720 | S:1722 | S:1724 | S:1726 | S:1728 | S:1730 | S:1732 | S:1734 | S:1736 | S:1738,A:UPPER:10:6 | A:UPPER:7:7 | A:UPPER:4:8 | A:UPPER:1:9 | A:UPPER:-14:4 | A:UPPER:-14:2 | A:UPPER:-14:0 | A:UPPER:-14:-2 | A:UPPER:-14:-4 | A:UPPER:1:-9 | A:UPPER:4:-8 | A:UPPER:7:-7 | A:UPPER:10:-6 | A:UPPER:13:-5 | A:UPPER:13:5
M6:UPPER:P0:O1:R2,6,15,UPPER,B,N-B-N-B-N-B,N,0,1,2,1,False,False,-1,0.0,50.102913290315755,0.008478693023020317,0.12559022332577838,S:1710 | S:1712 | S:1714 | S:1716 | S:1718 | S:1720 | S:1722 | S:1724 | S:1726 | S:1728 | S:1730 | S:1732 | S:1734 | S:1736 | S:1738,A:UPPER:7:7 | A:UPPER:4:8 | A:UPPER:1:9 | A:UPPER:-14:4 | A:UPPER:-14:2 | A:UPPER:-14:0 | A:UPPER:-14:-2 | A:UPPER:-14:-4 | A:UPPER:1:-9 | A:UPPER:4:-8 | A:UPPER:7:-7 | A:UPPER:10:-6 | A:UPPER:13:-5 | A:UPPER:13:5 | A:UPPER:10:6
M6:UPPER:P0:O1:R3,6,15,UPPER,B,N-B-N-B-N-B,N,0,1,3,1,False,False,-1,0.0,51.09070887771277,0.04139686830385861,0.14227215750457325,S:1710 | S:1712 | S:1714 | S:1716 | S:1718 | S:1720 | S:1722 | S:1724 | S:1726 | S:1728 | S:1730 | S:1732 | S:1734 | S:1736 | S:1738,A:UPPER:4:8 | A:UPPER:1:9 | A:UPPER:-14:4 | A:UPPER:-14:2 | A:UPPER:-14:0 | A:UPPER:-14:-2 | A:UPPER:-14:-4 | A:UPPER:1:-9 | A:UPPER:4:-8 | A:UPPER:7:-7 | A:UPPER:10:-6 | A:UPPER:13:-5 | A:UPPER:13:5 | A:UPPER:10:6 | A:UPPER:7:7
M6:UPPER:P0:O1:R4,6,15,UPPER,B,N-B-N-B-N-B,N,0,1,4,1,False,False,-1,0.0,43.223699106989386,0.07474712820000734,0.1432152198058796,S:1710 | S:1712 | S:1714 | S:1716 | S:1718 | S:1720 | S:1722 | S:1724 | S:1726 | S:1728 | S:1730 | S:1732 | S:1734 | S:1736 | S:1738,A:UPPER:1:9 | A:UPPER:-14:4 | A:UPPER:-14:2 | A:UPPER:-14:0 | A:UPPER:-14:-2 | A:UPPER:-14:-4 | A:UPPER:1:-9 | A:UPPER:4:-8 | A:UPPER:7:-7 | A:UPPER:10:-6 | A:UPPER:13:-5 | A:UPPER:13:5 | A:UPPER:10:6 | A:UPPER:7:7 | A:UPPER:4:8
M6:UPPER:P0:O1:R5,6,15,UPPER,B,N-B-N-B-N-B,N,0,1,5,1,False,False,-1,0.0,51.1292779735658,0.18490861073235612,0.1348053715225596,S:1710 | S:1712 | S:1714 | S:1716 | S:1718 | S:1720 | S:1722 | S:1724 | S:1726 | S:1728 | S:1730 | S:1732 | S:1734 | S:1736 | S:1738,A:UPPER:-14:4 | A:UPPER:-14:2 | A:UPPER:-14:0 | A:UPPER:-14:-2 | A:UPPER:-14:-4 | A:UPPER:1:-9 | A:UPPER:4:-8 | A:UPPER:7:-7 | A:UPPER:10:-6 | A:UPPER:13:-5 | A:UPPER:13:5 | A:UPPER:10:6 | A:UPPER:7:7 | A:UPPER:4:8 | A:UPPER:1:9
M6:UPPER:P0:O1:R6,6,15,UPPER,B,N-B-N-B-N-B,N,0,1,6,1,False,False,-1,0.0,52.548083625880636,0.18352801485639306,0.12633948254182303,S:1710 | S:1712 | S:1714 | S:1716 | S:1718 | S:1720 | S:1722 | S:1724 | S:1726 | S:1728 | S:1730 | S:1732 | S:1734 | S:1736 | S:1738,A:UPPER:-14:2 | A:UPPER:-14:0 | A:UPPER:-14:-2 | A:UPPER:-14:-4 | A:UPPER:1:-9 | A:UPPER:4:-8 | A:UPPER:7:-7 | A:UPPER:10:-6 | A:UPPER:13:-5 | A:UPPER:13:5 | A:UPPER:10:6 | A:UPPER:7:7 | A:UPPER:4:8 | A:UPPER:1:9 | A:UPPER:-14:4
M6:UPPER:P0:O1:R7,6,15,UPPER,B,N-B-N-B-N-B,N,0,1,7,1,False,False,-1,0.0,52.11588874904127,0.18550218989065567,0.13877762371899657,S:1710 | S:1712 | S:1714 | S:1716 | S:1718 | S:1720 | S:1722 | S:1724 | S:1726 | S:1728 | S:1730 | S:1732 | S:1734 | S:1736 | S:1738,A:UPPER:-14:0 | A:UPPER:-14:-2 | A:UPPER:-14:-4 | A:UPPER:1:-9 | A:UPPER:4:-8 | A:UPPER:7:-7 | A:UPPER:10:-6 | A:UPPER:13:-5 | A:UPPER:13:5 | A:UPPER:10:6 | A:UPPER:7:7 | A:UPPER:4:8 | A:UPPER:1:9 | A:UPPER:-14:4 | A:UPPER:-14:2
M6:UPPER:P0:O1:R8,6,15,UPPER,B,N-B-N-B-N-B,N,0,1,8,1,False,False,-1,0.0,51.2243062118216,0.1914540755671371,0.1448297386828045,S:1710 | S:1712 | S:1714 | S:1716 | S:1718 | S:1720 | S:1722 | S:1724 | S:1726 | S:1728 | S:1730 | S:1732 | S:1734 | S:1736 | S:1738,A:UPPER:-14:-2 | A:UPPER:-14:-4 | A:UPPER:1:-9 | A:UPPER:4:-8 | A:UPPER:7:-7 | A:UPPER:10:-6 | A:UPPER:13:-5 | A:UPPER:13:5 | A:UPPER:10:6 | A:UPPER:7:7 | A:UPPER:4:8 | A:UPPER:1:9 | A:UPPER:-14:4 | A:UPPER:-14:2 | A:UPPER:-14:0
M6:UPPER:P0:O1:R9,6,15,UPPER,B,N-B-N-B-N-B,N,0,1,9,1,False,False,-1,0.0,49.865472222712945,0.20045829299207144,0.1401901992126927,S:1710 | S:1712 | S:1714 | S:1716 | S:1718 | S:1720 | S:1722 | S:1724 | S:1726 | S:1728 | S:1730 | S:1732 | S:1734 | S:1736 | S:1738,A:UPPER:-14:-4 | A:UPPER:1:-9 | A:UPPER:4:-8 | A:UPPER:7:-7 | A:UPPER:10:-6 | A:UPPER:13:-5 | A:UPPER:13:5 | A:UPPER:10:6 | A:UPPER:7:7 | A:UPPER:4:8 | A:UPPER:1:9 | A:UPPER:-14:4 | A:UPPER:-14:2 | A:UPPER:-14:0 | A:UPPER:-14:-2
M6:UPPER:P0:O1:R10,6,15,UPPER,B,N-B-N-B-N-B,N,0,1,10,1,False,False,-1,0.0,19.56000587465177,0.1251059748124708,0.13393076836706988,S:1710 | S:1712 | S:1714 | S:1716 | S:1718 | S:1720 | S:1722 | S:1724 | S:1726 | S:1728 | S:1730 | S:1732 | S:1734 | S:1736 | S:1738,A:UPPER:1:-9 | A:UPPER:4:-8 | A:UPPER:7:-7 | A:UPPER:10:-6 | A:UPPER:13:-5 | A:UPPER:13:5 | A:UPPER:10:6 | A:UPPER:7:7 | A:UPPER:4:8 | A:UPPER:1:9 | A:UPPER:-14:4 | A:UPPER:-14:2 | A:UPPER:-14:0 | A:UPPER:-14:-2 | A:UPPER:-14:-4
M6:UPPER:P0:O1:R11,6,15,UPPER,B,N-B-N-B-N-B,N,0,1,11,1,False,False,-1,0.0,36.39590279255269,0.09229387392386124,0.13613317611171682,S:1710 | S:1712 | S:1714 | S:1716 | S:1718 | S:1720 | S:1722 | S:1724 | S:1726 | S:1728 | S:1730 | S:1732 | S:1734 | S:1736 | S:1738,A:UPPER:4:-8 | A:UPPER:7:-7 | A:UPPER:10:-6 | A:UPPER:13:-5 | A:UPPER:13:5 | A:UPPER:10:6 | A:UPPER:7:7 | A:UPPER:4:8 | A:UPPER:1:9 | A:UPPER:-14:4 | A:UPPER:-14:2 | A:UPPER:-14:0 | A:UPPER:-14:-2 | A:UPPER:-14:-4 | A:UPPER:1:-9
M6:UPPER:P0:O1:R12,6,15,UPPER,B,N-B-N-B-N-B,N,0,1,12,1,False,False,-1,0.0,40.423223936726586,0.061514955424579965,0.1264417074827035,S:1710 | S:1712 | S:1714 | S:1716 | S:1718 | S:1720 | S:1722 | S:1724 | S:1726 | S:1728 | S:1730 | S:1732 | S:1734 | S:1736 | S:1738,A:UPPER:7:-7 | A:UPPER:10:-6 | A:UPPER:13:-5 | A:UPPER:13:5 | A:UPPER:10:6 | A:UPPER:7:7 | A:UPPER:4:8 | A:UPPER:1:9 | A:UPPER:-14:4 | A:UPPER:-14:2 | A:UPPER:-14:0 | A:UPPER:-14:-2 | A:UPPER:-14:-4 | A:UPPER:1:-9 | A:UPPER:4:-8
M6:UPPER:P0:O1:R13,6,15,UPPER,B,N-B-N-B-N-B,N,0,1,13,1,False,False,-1,0.0,48.182685252238954,0.0327774387535088,0.1309191736809969,S:1710 | S:1712 | S:1714 | S:1716 | S:1718 | S:1720 | S:1722 | S:1724 | S:1726 | S:1728 | S:1730 | S:1732 | S:1734 | S:1736 | S:1738,A:UPPER:10:-6 | A:UPPER:13:-5 | A:UPPER:13:5 | A:UPPER:10:6 | A:UPPER:7:7 | A:UPPER:4:8 | A:UPPER:1:9 | A:UPPER:-14:4 | A:UPPER:-14:2 | A:UPPER:-14:0 | A:UPPER:-14:-2 | A:UPPER:-14:-4 | A:UPPER:1:-9 | A:UPPER:4:-8 | A:UPPER:7:-7
M6:UPPER:P0:O1:R14,6,15,UPPER,B,N-B-N-B-N-B,N,0,1,14,1,False,False,-1,0.0,54.28194062791174,0.008383688672446044,0.12151914095004611,S:1710 | S:1712 | S:1714 | S:1716 | S:1718 | S:1720 | S:1722 | S:1724 | S:1726 | S:1728 | S:1730 | S:1732 | S:1734 | S:1736 | S:1738,A:UPPER:13:-5 | A:UPPER:13:5 | A:UPPER:10:6 | A:UPPER:7:7 | A:UPPER:4:8 | A:UPPER:1:9 | A:UPPER:-14:4 | A:UPPER:-14:2 | A:UPPER:-14:0 | A:UPPER:-14:-2 | A:UPPER:-14:-4 | A:UPPER:1:-9 | A:UPPER:4:-8 | A:UPPER:7:-7 | A:UPPER:10:-6
M6:UPPER:P0:O-1:R0,6,15,UPPER,B,N-B-N-B-N-B,N,0,-1,0,15,True,True,0,0.1891763872920917,78.49067978421664,2.9756683552623064e-05,0.18343350761622648,S:1710 | S:1712 | S:1714 | S:1716 | S:1718 | S:1720 | S:1722 | S:1724 | S:1726 | S:1728 | S:1730 | S:1732 | S:1734 | S:1736 | S:1738,A:UPPER:13:5 | A:UPPER:13:-5 | A:UPPER:10:-6 | A:UPPER:7:-7 | A:UPPER:4:-8 | A:UPPER:1:-9 | A:UPPER:-14:-4 | A:UPPER:-14:-2 | A:UPPER:-14:0 | A:UPPER:-14:2 | A:UPPER:-14:4 | A:UPPER:1:9 | A:UPPER:4:8 | A:UPPER:7:7 | A:UPPER:10:6
M6:UPPER:P0:O-1:R1,6,15,UPPER,B,N-B-N-B-N-B,N,0,-1,1,2,False,False,-1,0.0,54.1210819197598,0.008345516945813758,0.12265342971928456,S:1710 | S:1712 | S:1714 | S:1716 | S:1718 | S:1720 | S:1722 | S:1724 | S:1726 | S:1728 | S:1730 | S:1732 | S:1734 | S:1736 | S:1738,A:UPPER:10:6 | A:UPPER:13:5 | A:UPPER:13:-5 | A:UPPER:10:-6 | A:UPPER:7:-7 | A:UPPER:4:-8 | A:UPPER:1:-9 | A:UPPER:-14:-4 | A:UPPER:-14:-2 | A:UPPER:-14:0 | A:UPPER:-14:2 | A:UPPER:-14:4 | A:UPPER:1:9 | A:UPPER:4:8 | A:UPPER:7:7
M6:UPPER:P0:O-1:R2,6,15,UPPER,B,N-B-N-B-N-B,N,0,-1,2,1,False,False,-1,0.0,50.102913290315755,0.008478693023020317,0.12559022332577838,S:1710 | S:1712 | S:1714 | S:1716 | S:1718 | S:1720 | S:1722 | S:1724 | S:1726 | S:1728 | S:1730 | S:1732 | S:1734 | S:1736 | S:1738,A:UPPER:7:7 | A:UPPER:10:6 | A:UPPER:13:5 | A:UPPER:13:-5 | A:UPPER:10:-6 | A:UPPER:7:-7 | A:UPPER:4:-8 | A:UPPER:1:-9 | A:UPPER:-14:-4 | A:UPPER:-14:-2 | A:UPPER:-14:0 | A:UPPER:-14:2 | A:UPPER:-14:4 | A:UPPER:1:9 | A:UPPER:4:8
M6:UPPER:P0:O-1:R3,6,15,UPPER,B,N-B-N-B-N-B,N,0,-1,3,1,False,False,-1,0.0,51.09070887771277,0.04139686830385861,0.14227215750457325,S:1710 | S:1712 | S:1714 | S:1716 | S:1718 | S:1720 | S:1722 | S:1724 | S:1726 | S:1728 | S:1730 | S:1732 | S:1734 | S:1736 | S:1738,A:UPPER:4:8 | A:UPPER:7:7 | A:UPPER:10:6 | A:UPPER:13:5 | A:UPPER:13:-5 | A:UPPER:10:-6 | A:UPPER:7:-7 | A:UPPER:4:-8 | A:UPPER:1:-9 | A:UPPER:-14:-4 | A:UPPER:-14:-2 | A:UPPER:-14:0 | A:UPPER:-14:2 | A:UPPER:-14:4 | A:UPPER:1:9
M6:UPPER:P0:O-1:R4,6,15,UPPER,B,N-B-N-B-N-B,N,0,-1,4,1,False,False,-1,0.0,43.223699106989386,0.07474712820000734,0.1432152198058796,S:1710 | S:1712 | S:1714 | S:1716 | S:1718 | S:1720 | S:1722 | S:1724 | S:1726 | S:1728 | S:1730 | S:1732 | S:1734 | S:1736 | S:1738,A:UPPER:1:9 | A:UPPER:4:8 | A:UPPER:7:7 | A:UPPER:10:6 | A:UPPER:13:5 | A:UPPER:13:-5 | A:UPPER:10:-6 | A:UPPER:7:-7 | A:UPPER:4:-8 | A:UPPER:1:-9 | A:UPPER:-14:-4 | A:UPPER:-14:-2 | A:UPPER:-14:0 | A:UPPER:-14:2 | A:UPPER:-14:4
M6:UPPER:P0:O-1:R5,6,15,UPPER,B,N-B-N-B-N-B,N,0,-1,5,1,False,False,-1,0.0,51.1292779735658,0.18490861073235612,0.1348053715225596,S:1710 | S:1712 | S:1714 | S:1716 | S:1718 | S:1720 | S:1722 | S:1724 | S:1726 | S:1728 | S:1730 | S:1732 | S:1734 | S:1736 | S:1738,A:UPPER:-14:4 | A:UPPER:1:9 | A:UPPER:4:8 | A:UPPER:7:7 | A:UPPER:10:6 | A:UPPER:13:5 | A:UPPER:13:-5 | A:UPPER:10:-6 | A:UPPER:7:-7 | A:UPPER:4:-8 | A:UPPER:1:-9 | A:UPPER:-14:-4 | A:UPPER:-14:-2 | A:UPPER:-14:0 | A:UPPER:-14:2
M6:UPPER:P0:O-1:R6,6,15,UPPER,B,N-B-N-B-N-B,N,0,-1,6,1,False,False,-1,0.0,52.548083625880636,0.18352801485639306,0.12633948254182303,S:1710 | S:1712 | S:1714 | S:1716 | S:1718 | S:1720 | S:1722 | S:1724 | S:1726 | S:1728 | S:1730 | S:1732 | S:1734 | S:1736 | S:1738,A:UPPER:-14:2 | A:UPPER:-14:4 | A:UPPER:1:9 | A:UPPER:4:8 | A:UPPER:7:7 | A:UPPER:10:6 | A:UPPER:13:5 | A:UPPER:13:-5 | A:UPPER:10:-6 | A:UPPER:7:-7 | A:UPPER:4:-8 | A:UPPER:1:-9 | A:UPPER:-14:-4 | A:UPPER:-14:-2 | A:UPPER:-14:0
M6:UPPER:P0:O-1:R7,6,15,UPPER,B,N-B-N-B-N-B,N,0,-1,7,1,False,False,-1,0.0,52.11588874904127,0.18550218989065567,0.13877762371899657,S:1710 | S:1712 | S:1714 | S:1716 | S:1718 | S:1720 | S:1722 | S:1724 | S:1726 | S:1728 | S:1730 | S:1732 | S:1734 | S:1736 | S:1738,A:UPPER:-14:0 | A:UPPER:-14:2 | A:UPPER:-14:4 | A:UPPER:1:9 | A:UPPER:4:8 | A:UPPER:7:7 | A:UPPER:10:6 | A:UPPER:13:5 | A:UPPER:13:-5 | A:UPPER:10:-6 | A:UPPER:7:-7 | A:UPPER:4:-8 | A:UPPER:1:-9 | A:UPPER:-14:-4 | A:UPPER:-14:-2
M6:UPPER:P0:O-1:R8,6,15,UPPER,B,N-B-N-B-N-B,N,0,-1,8,1,False,False,-1,0.0,51.2243062118216,0.1914540755671371,0.1448297386828045,S:1710 | S:1712 | S:1714 | S:1716 | S:1718 | S:1720 | S:1722 | S:1724 | S:1726 | S:1728 | S:1730 | S:1732 | S:1734 | S:1736 | S:1738,A:UPPER:-14:-2 | A:UPPER:-14:0 | A:UPPER:-14:2 | A:UPPER:-14:4 | A:UPPER:1:9 | A:UPPER:4:8 | A:UPPER:7:7 | A:UPPER:10:6 | A:UPPER:13:5 | A:UPPER:13:-5 | A:UPPER:10:-6 | A:UPPER:7:-7 | A:UPPER:4:-8 | A:UPPER:1:-9 | A:UPPER:-14:-4
M6:UPPER:P0:O-1:R9,6,15,UPPER,B,N-B-N-B-N-B,N,0,-1,9,1,False,False,-1,0.0,49.865472222712945,0.20045829299207144,0.1401901992126927,S:1710 | S:1712 | S:1714 | S:1716 | S:1718 | S:1720 | S:1722 | S:1724 | S:1726 | S:1728 | S:1730 | S:1732 | S:1734 | S:1736 | S:1738,A:UPPER:-14:-4 | A:UPPER:-14:-2 | A:UPPER:-14:0 | A:UPPER:-14:2 | A:UPPER:-14:4 | A:UPPER:1:9 | A:UPPER:4:8 | A:UPPER:7:7 | A:UPPER:10:6 | A:UPPER:13:5 | A:UPPER:13:-5 | A:UPPER:10:-6 | A:UPPER:7:-7 | A:UPPER:4:-8 | A:UPPER:1:-9
M6:UPPER:P0:O-1:R10,6,15,UPPER,B,N-B-N-B-N-B,N,0,-1,10,1,False,False,-1,0.0,19.56000587465177,0.1251059748124708,0.13393076836706988,S:1710 | S:1712 | S:1714 | S:1716 | S:1718 | S:1720 | S:1722 | S:1724 | S:1726 | S:1728 | S:1730 | S:1732 | S:1734 | S:1736 | S:1738,A:UPPER:1:-9 | A:UPPER:-14:-4 | A:UPPER:-14:-2 | A:UPPER:-14:0 | A:UPPER:-14:2 | A:UPPER:-14:4 | A:UPPER:1:9 | A:UPPER:4:8 | A:UPPER:7:7 | A:UPPER:10:6 | A:UPPER:13:5 | A:UPPER:13:-5 | A:UPPER:10:-6 | A:UPPER:7:-7 | A:UPPER:4:-8
M6:UPPER:P0:O-1:R11,6,15,UPPER,B,N-B-N-B-N-B,N,0,-1,11,1,False,False,-1,0.0,36.39590279255269,0.09229387392386124,0.13613317611171682,S:1710 | S:1712 | S:1714 | S:1716 | S:1718 | S:1720 | S:1722 | S:1724 | S:1726 | S:1728 | S:1730 | S:1732 | S:1734 | S:1736 | S:1738,A:UPPER:4:-8 | A:UPPER:1:-9 | A:UPPER:-14:-4 | A:UPPER:-14:-2 | A:UPPER:-14:0 | A:UPPER:-14:2 | A:UPPER:-14:4 | A:UPPER:1:9 | A:UPPER:4:8 | A:UPPER:7:7 | A:UPPER:10:6 | A:UPPER:13:5 | A:UPPER:13:-5 | A:UPPER:10:-6 | A:UPPER:7:-7
M6:UPPER:P0:O-1:R12,6,15,UPPER,B,N-B-N-B-N-B,N,0,-1,12,1,False,False,-1,0.0,40.423223936726586,0.061514955424579965,0.1264417074827035,S:1710 | S:1712 | S:1714 | S:1716 | S:1718 | S:1720 | S:1722 | S:1724 | S:1726 | S:1728 | S:1730 | S:1732 | S:1734 | S:1736 | S:1738,A:UPPER:7:-7 | A:UPPER:4:-8 | A:UPPER:1:-9 | A:UPPER:-14:-4 | A:UPPER:-14:-2 | A:UPPER:-14:0 | A:UPPER:-14:2 | A:UPPER:-14:4 | A:UPPER:1:9 | A:UPPER:4:8 | A:UPPER:7:7 | A:UPPER:10:6 | A:UPPER:13:5 | A:UPPER:13:-5 | A:UPPER:10:-6
M6:UPPER:P0:O-1:R13,6,15,UPPER,B,N-B-N-B-N-B,N,0,-1,13,1,False,False,-1,0.0,48.182685252238954,0.0327774387535088,0.1309191736809969,S:1710 | S:1712 | S:1714 | S:1716 | S:1718 | S:1720 | S:1722 | S:1724 | S:1726 | S:1728 | S:1730 | S:1732 | S:1734 | S:1736 | S:1738,A:UPPER:10:-6 | A:UPPER:7:-7 | A:UPPER:4:-8 | A:UPPER:1:-9 | A:UPPER:-14:-4 | A:UPPER:-14:-2 | A:UPPER:-14:0 | A:UPPER:-14:2 | A:UPPER:-14:4 | A:UPPER:1:9 | A:UPPER:4:8 | A:UPPER:7:7 | A:UPPER:10:6 | A:UPPER:13:5 | A:UPPER:13:-5
M6:UPPER:P0:O-1:R14,6,15,UPPER,B,N-B-N-B-N-B,N,0,-1,14,1,False,False,-1,0.0,54.28194062791174,0.008383688672446044,0.12151914095004611,S:1710 | S:1712 | S:1714 | S:1716 | S:1718 | S:1720 | S:1722 | S:1724 | S:1726 | S:1728 | S:1730 | S:1732 | S:1734 | S:1736 | S:1738,A:UPPER:13:-5 | A:UPPER:10:-6 | A:UPPER:7:-7 | A:UPPER:4:-8 | A:UPPER:1:-9 | A:UPPER:-14:-4 | A:UPPER:-14:-2 | A:UPPER:-14:0 | A:UPPER:-14:2 | A:UPPER:-14:4 | A:UPPER:1:9 | A:UPPER:4:8 | A:UPPER:7:7 | A:UPPER:10:6 | A:UPPER:13:5
M6:UPPER:P1:O1:R0,6,15,UPPER,B,N-B-N-B-N-B,N,1,1,0,2,False,False,-1,0.0,44.330765656159535,0.05904772137929151,0.13556727001404972,S:1711 | S:1713 | S:1715 | S:1717 | S:1719 | S:1721 | S:1723 | S:1725 | S:1727 | S:1729 | S:1731 | S:1733 | S:1735 | S:1737 | S:1739,A:UPPER:13:5 | A:UPPER:10:6 | A:UPPER:7:7 | A:UPPER:4:8 | A:UPPER:1:9 | A:UPPER:-14:4 | A:UPPER:-14:2 | A:UPPER:-14:0 | A:UPPER:-14:-2 | A:UPPER:-14:-4 | A:UPPER:1:-9 | A:UPPER:4:-8 | A:UPPER:7:-7 | A:UPPER:10:-6 | A:UPPER:13:-5
M6:UPPER:P1:O1:R1,6,15,UPPER,B,N-B-N-B-N-B,N,1,1,1,1,False,False,-1,0.0,56.539317071064815,0.005049966166482567,0.13400941903194166,S:1711 | S:1713 | S:1715 | S:1717 | S:1719 | S:1721 | S:1723 | S:1725 | S:1727 | S:1729 | S:1731 | S:1733 | S:1735 | S:1737 | S:1739,A:UPPER:10:6 | A:UPPER:7:7 | A:UPPER:4:8 | A:UPPER:1:9 | A:UPPER:-14:4 | A:UPPER:-14:2 | A:UPPER:-14:0 | A:UPPER:-14:-2 | A:UPPER:-14:-4 | A:UPPER:1:-9 | A:UPPER:4:-8 | A:UPPER:7:-7 | A:UPPER:10:-6 | A:UPPER:13:-5 | A:UPPER:13:5
M6:UPPER:P1:O1:R2,6,15,UPPER,B,N-B-N-B-N-B,N,1,1,2,1,False,False,-1,0.0,48.941612823838454,0.035468465017991585,0.13538296446335665,S:1711 | S:1713 | S:1715 | S:1717 | S:1719 | S:1721 | S:1723 | S:1725 | S:1727 | S:1729 | S:1731 | S:1733 | S:1735 | S:1737 | S:1739,A:UPPER:7:7 | A:UPPER:4:8 | A:UPPER:1:9 | A:UPPER:-14:4 | A:UPPER:-14:2 | A:UPPER:-14:0 | A:UPPER:-14:-2 | A:UPPER:-14:-4 | A:UPPER:1:-9 | A:UPPER:4:-8 | A:UPPER:7:-7 | A:UPPER:10:-6 | A:UPPER:13:-5 | A:UPPER:13:5 | A:UPPER:10:6
M6:UPPER:P1:O1:R3,6,15,UPPER,B,N-B-N-B-N-B,N,1,1,3,1,False,False,-1,0.0,44.13165543698075,0.06766902629738997,0.1394727488145088,S:1711 | S:1713 | S:1715 | S:1717 | S:1719 | S:1721 | S:1723 | S:1725 | S:1727 | S:1729 | S:1731 | S:1733 | S:1735 | S:1737 | S:1739,A:UPPER:4:8 | A:UPPER:1:9 | A:UPPER:-14:4 | A:UPPER:-14:2 | A:UPPER:-14:0 | A:UPPER:-14:-2 | A:UPPER:-14:-4 | A:UPPER:1:-9 | A:UPPER:4:-8 | A:UPPER:7:-7 | A:UPPER:10:-6 | A:UPPER:13:-5 | A:UPPER:13:5 | A:UPPER:10:6 | A:UPPER:7:7
M6:UPPER:P1:O1:R4,6,15,UPPER,B,N-B-N-B-N-B,N,1,1,4,1,False,False,-1,0.0,35.02085016999742,0.10035046194460609,0.14078658970300378,S:1711 | S:1713 | S:1715 | S:1717 | S:1719 | S:1721 | S:1723 | S:1725 | S:1727 | S:1729 | S:1731 | S:1733 | S:1735 | S:1737 | S:1739,A:UPPER:1:9 | A:UPPER:-14:4 | A:UPPER:-14:2 | A:UPPER:-14:0 | A:UPPER:-14:-2 | A:UPPER:-14:-4 | A:UPPER:1:-9 | A:UPPER:4:-8 | A:UPPER:7:-7 | A:UPPER:10:-6 | A:UPPER:13:-5 | A:UPPER:13:5 | A:UPPER:10:6 | A:UPPER:7:7 | A:UPPER:4:8
M6:UPPER:P1:O1:R5,6,15,UPPER,B,N-B-N-B-N-B,N,1,1,5,1,False,False,-1,0.0,50.85117640418727,0.19509798114847018,0.145732854662667,S:1711 | S:1713 | S:1715 | S:1717 | S:1719 | S:1721 | S:1723 | S:1725 | S:1727 | S:1729 | S:1731 | S:1733 | S:1735 | S:1737 | S:1739,A:UPPER:-14:4 | A:UPPER:-14:2 | A:UPPER:-14:0 | A:UPPER:-14:-2 | A:UPPER:-14:-4 | A:UPPER:1:-9 | A:UPPER:4:-8 | A:UPPER:7:-7 | A:UPPER:10:-6 | A:UPPER:13:-5 | A:UPPER:13:5 | A:UPPER:10:6 | A:UPPER:7:7 | A:UPPER:4:8 | A:UPPER:1:9
M6:UPPER:P1:O1:R6,6,15,UPPER,B,N-B-N-B-N-B,N,1,1,6,1,False,False,-1,0.0,49.284922806770844,0.18916421378576856,0.1412118178708092,S:1711 | S:1713 | S:1715 | S:1717 | S:1719 | S:1721 | S:1723 | S:1725 | S:1727 | S:1729 | S:1731 | S:1733 | S:1735 | S:1737 | S:1739,A:UPPER:-14:2 | A:UPPER:-14:0 | A:UPPER:-14:-2 | A:UPPER:-14:-4 | A:UPPER:1:-9 | A:UPPER:4:-8 | A:UPPER:7:-7 | A:UPPER:10:-6 | A:UPPER:13:-5 | A:UPPER:13:5 | A:UPPER:10:6 | A:UPPER:7:7 | A:UPPER:4:8 | A:UPPER:1:9 | A:UPPER:-14:4
M6:UPPER:P1:O1:R7,6,15,UPPER,B,N-B-N-B-N-B,N,1,1,7,1,False,False,-1,0.0,54.98525539727543,0.18716307930841472,0.12700512944573414,S:1711 | S:1713 | S:1715 | S:1717 | S:1719 | S:1721 | S:1723 | S:1725 | S:1727 | S:1729 | S:1731 | S:1733 | S:1735 | S:1737 | S:1739,A:UPPER:-14:0 | A:UPPER:-14:-2 | A:UPPER:-14:-4 | A:UPPER:1:-9 | A:UPPER:4:-8 | A:UPPER:7:-7 | A:UPPER:10:-6 | A:UPPER:13:-5 | A:UPPER:13:5 | A:UPPER:10:6 | A:UPPER:7:7 | A:UPPER:4:8 | A:UPPER:1:9 | A:UPPER:-14:4 | A:UPPER:-14:2
M6:UPPER:P1:O1:R8,6,15,UPPER,B,N-B-N-B-N-B,N,1,1,8,1,False,False,-1,0.0,49.97055971949682,0.18916792012753073,0.1406527482169641,S:1711 | S:1713 | S:1715 | S:1717 | S:1719 | S:1721 | S:1723 | S:1725 | S:1727 | S:1729 | S:1731 | S:1733 | S:1735 | S:1737 | S:1739,A:UPPER:-14:-2 | A:UPPER:-14:-4 | A:UPPER:1:-9 | A:UPPER:4:-8 | A:UPPER:7:-7 | A:UPPER:10:-6 | A:UPPER:13:-5 | A:UPPER:13:5 | A:UPPER:10:6 | A:UPPER:7:7 | A:UPPER:4:8 | A:UPPER:1:9 | A:UPPER:-14:4 | A:UPPER:-14:2 | A:UPPER:-14:0
M6:UPPER:P1:O1:R9,6,15,UPPER,B,N-B-N-B-N-B,N,1,1,9,1,False,False,-1,0.0,50.97291999566766,0.19439848019462527,0.1402957870202086,S:1711 | S:1713 | S:1715 | S:1717 | S:1719 | S:1721 | S:1723 | S:1725 | S:1727 | S:1729 | S:1731 | S:1733 | S:1735 | S:1737 | S:1739,A:UPPER:-14:-4 | A:UPPER:1:-9 | A:UPPER:4:-8 | A:UPPER:7:-7 | A:UPPER:10:-6 | A:UPPER:13:-5 | A:UPPER:13:5 | A:UPPER:10:6 | A:UPPER:7:7 | A:UPPER:4:8 | A:UPPER:1:9 | A:UPPER:-14:4 | A:UPPER:-14:2 | A:UPPER:-14:0 | A:UPPER:-14:-2
M6:UPPER:P1:O1:R10,6,15,UPPER,B,N-B-N-B-N-B,N,1,1,10,1,False,False,-1,0.0,37.94445550757641,0.10094739077031453,0.1449959472434526,S:1711 | S:1713 | S:1715 | S:1717 | S:1719 | S:1721 | S:1723 | S:1725 | S:1727 | S:1729 | S:1731 | S:1733 | S:1735 | S:1737 | S:1739,A:UPPER:1:-9 | A:UPPER:4:-8 | A:UPPER:7:-7 | A:UPPER:10:-6 | A:UPPER:13:-5 | A:UPPER:13:5 | A:UPPER:10:6 | A:UPPER:7:7 | A:UPPER:4:8 | A:UPPER:1:9 | A:UPPER:-14:4 | A:UPPER:-14:2 | A:UPPER:-14:0 | A:UPPER:-14:-2 | A:UPPER:-14:-4
M6:UPPER:P1:O1:R11,6,15,UPPER,B,N-B-N-B-N-B,N,1,1,11,1,False,False,-1,0.0,43.96726598569435,0.06769285019929389,0.1390712198356703,S:1711 | S:1713 | S:1715 | S:1717 | S:1719 | S:1721 | S:1723 | S:1725 | S:1727 | S:1729 | S:1731 | S:1733 | S:1735 | S:1737 | S:1739,A:UPPER:4:-8 | A:UPPER:7:-7 | A:UPPER:10:-6 | A:UPPER:13:-5 | A:UPPER:13:5 | A:UPPER:10:6 | A:UPPER:7:7 | A:UPPER:4:8 | A:UPPER:1:9 | A:UPPER:-14:4 | A:UPPER:-14:2 | A:UPPER:-14:0 | A:UPPER:-14:-2 | A:UPPER:-14:-4 | A:UPPER:1:-9
M6:UPPER:P1:O1:R12,6,15,UPPER,B,N-B-N-B-N-B,N,1,1,12,1,False,False,-1,0.0,49.131534715863495,0.03549332109420425,0.1345319356082131,S:1711 | S:1713 | S:1715 | S:1717 | S:1719 | S:1721 | S:1723 | S:1725 | S:1727 | S:1729 | S:1731 | S:1733 | S:1735 | S:1737 | S:1739,A:UPPER:7:-7 | A:UPPER:10:-6 | A:UPPER:13:-5 | A:UPPER:13:5 | A:UPPER:10:6 | A:UPPER:7:7 | A:UPPER:4:8 | A:UPPER:1:9 | A:UPPER:-14:4 | A:UPPER:-14:2 | A:UPPER:-14:0 | A:UPPER:-14:-2 | A:UPPER:-14:-4 | A:UPPER:1:-9 | A:UPPER:4:-8
M6:UPPER:P1:O1:R13,6,15,UPPER,B,N-B-N-B-N-B,N,1,1,13,1,False,False,-1,0.0,56.23117021204222,0.005076023535760588,0.1382740230004199,S:1711 | S:1713 | S:1715 | S:1717 | S:1719 | S:1721 | S:1723 | S:1725 | S:1727 | S:1729 | S:1731 | S:1733 | S:1735 | S:1737 | S:1739,A:UPPER:10:-6 | A:UPPER:13:-5 | A:UPPER:13:5 | A:UPPER:10:6 | A:UPPER:7:7 | A:UPPER:4:8 | A:UPPER:1:9 | A:UPPER:-14:4 | A:UPPER:-14:2 | A:UPPER:-14:0 | A:UPPER:-14:-2 | A:UPPER:-14:-4 | A:UPPER:1:-9 | A:UPPER:4:-8 | A:UPPER:7:-7
M6:UPPER:P1:O1:R14,6,15,UPPER,B,N-B-N-B-N-B,N,1,1,14,2,False,False,-1,0.0,52.50621550555277,0.036188531087519404,0.14355424517330093,S:1711 | S:1713 | S:1715 | S:1717 | S:1719 | S:1721 | S:1723 | S:1725 | S:1727 | S:1729 | S:1731 | S:1733 | S:1735 | S:1737 | S:1739,A:UPPER:13:-5 | A:UPPER:13:5 | A:UPPER:10:6 | A:UPPER:7:7 | A:UPPER:4:8 | A:UPPER:1:9 | A:UPPER:-14:4 | A:UPPER:-14:2 | A:UPPER:-14:0 | A:UPPER:-14:-2 | A:UPPER:-14:-4 | A:UPPER:1:-9 | A:UPPER:4:-8 | A:UPPER:7:-7 | A:UPPER:10:-6
M6:UPPER:P1:O-1:R0,6,15,UPPER,B,N-B-N-B-N-B,N,1,-1,0,15,True,True,0,0.16621370248325695,70.26966490414269,5.7997311064345025e-05,0.15763585105832462,S:1711 | S:1713 | S:1715 | S:1717 | S:1719 | S:1721 | S:1723 | S:1725 | S:1727 | S:1729 | S:1731 | S:1733 | S:1735 | S:1737 | S:1739,A:UPPER:13:5 | A:UPPER:13:-5 | A:UPPER:10:-6 | A:UPPER:7:-7 | A:UPPER:4:-8 | A:UPPER:1:-9 | A:UPPER:-14:-4 | A:UPPER:-14:-2 | A:UPPER:-14:0 | A:UPPER:-14:2 | A:UPPER:-14:4 | A:UPPER:1:9 | A:UPPER:4:8 | A:UPPER:7:7 | A:UPPER:10:6
M6:UPPER:P1:O-1:R1,6,15,UPPER,B,N-B-N-B-N-B,N,1,-1,1,1,False,False,-1,0.0,56.539317071064815,0.005049966166482567,0.13400941903194166,S:1711 | S:1713 | S:1715 | S:1717 | S:1719 | S:1721 | S:1723 | S:1725 | S:1727 | S:1729 | S:1731 | S:1733 | S:1735 | S:1737 | S:1739,A:UPPER:10:6 | A:UPPER:13:5 | A:UPPER:13:-5 | A:UPPER:10:-6 | A:UPPER:7:-7 | A:UPPER:4:-8 | A:UPPER:1:-9 | A:UPPER:-14:-4 | A:UPPER:-14:-2 | A:UPPER:-14:0 | A:UPPER:-14:2 | A:UPPER:-14:4 | A:UPPER:1:9 | A:UPPER:4:8 | A:UPPER:7:7
M6:UPPER:P1:O-1:R2,6,15,UPPER,B,N-B-N-B-N-B,N,1,-1,2,1,False,False,-1,0.0,48.941612823838454,0.035468465017991585,0.13538296446335665,S:1711 | S:1713 | S:1715 | S:1717 | S:1719 | S:1721 | S:1723 | S:1725 | S:1727 | S:1729 | S:1731 | S:1733 | S:1735 | S:1737 | S:1739,A:UPPER:7:7 | A:UPPER:10:6 | A:UPPER:13:5 | A:UPPER:13:-5 | A:UPPER:10:-6 | A:UPPER:7:-7 | A:UPPER:4:-8 | A:UPPER:1:-9 | A:UPPER:-14:-4 | A:UPPER:-14:-2 | A:UPPER:-14:0 | A:UPPER:-14:2 | A:UPPER:-14:4 | A:UPPER:1:9 | A:UPPER:4:8
M6:UPPER:P1:O-1:R3,6,15,UPPER,B,N-B-N-B-N-B,N,1,-1,3,1,False,False,-1,0.0,44.13165543698075,0.06766902629738997,0.1394727488145088,S:1711 | S:1713 | S:1715 | S:1717 | S:1719 | S:1721 | S:1723 | S:1725 | S:1727 | S:1729 | S:1731 | S:1733 | S:1735 | S:1737 | S:1739,A:UPPER:4:8 | A:UPPER:7:7 | A:UPPER:10:6 | A:UPPER:13:5 | A:UPPER:13:-5 | A:UPPER:10:-6 | A:UPPER:7:-7 | A:UPPER:4:-8 | A:UPPER:1:-9 | A:UPPER:-14:-4 | A:UPPER:-14:-2 | A:UPPER:-14:0 | A:UPPER:-14:2 | A:UPPER:-14:4 | A:UPPER:1:9
M6:UPPER:P1:O-1:R4,6,15,UPPER,B,N-B-N-B-N-B,N,1,-1,4,1,False,False,-1,0.0,35.02085016999742,0.10035046194460609,0.14078658970300378,S:1711 | S:1713 | S:1715 | S:1717 | S:1719 | S:1721 | S:1723 | S:1725 | S:1727 | S:1729 | S:1731 | S:1733 | S:1735 | S:1737 | S:1739,A:UPPER:1:9 | A:UPPER:4:8 | A:UPPER:7:7 | A:UPPER:10:6 | A:UPPER:13:5 | A:UPPER:13:-5 | A:UPPER:10:-6 | A:UPPER:7:-7 | A:UPPER:4:-8 | A:UPPER:1:-9 | A:UPPER:-14:-4 | A:UPPER:-14:-2 | A:UPPER:-14:0 | A:UPPER:-14:2 | A:UPPER:-14:4
M6:UPPER:P1:O-1:R5,6,15,UPPER,B,N-B-N-B-N-B,N,1,-1,5,1,False,False,-1,0.0,50.85117640418727,0.19509798114847018,0.145732854662667,S:1711 | S:1713 | S:1715 | S:1717 | S:1719 | S:1721 | S:1723 | S:1725 | S:1727 | S:1729 | S:1731 | S:1733 | S:1735 | S:1737 | S:1739,A:UPPER:-14:4 | A:UPPER:1:9 | A:UPPER:4:8 | A:UPPER:7:7 | A:UPPER:10:6 | A:UPPER:13:5 | A:UPPER:13:-5 | A:UPPER:10:-6 | A:UPPER:7:-7 | A:UPPER:4:-8 | A:UPPER:1:-9 | A:UPPER:-14:-4 | A:UPPER:-14:-2 | A:UPPER:-14:0 | A:UPPER:-14:2
M6:UPPER:P1:O-1:R6,6,15,UPPER,B,N-B-N-B-N-B,N,1,-1,6,1,False,False,-1,0.0,49.284922806770844,0.18916421378576856,0.1412118178708092,S:1711 | S:1713 | S:1715 | S:1717 | S:1719 | S:1721 | S:1723 | S:1725 | S:1727 | S:1729 | S:1731 | S:1733 | S:1735 | S:1737 | S:1739,A:UPPER:-14:2 | A:UPPER:-14:4 | A:UPPER:1:9 | A:UPPER:4:8 | A:UPPER:7:7 | A:UPPER:10:6 | A:UPPER:13:5 | A:UPPER:13:-5 | A:UPPER:10:-6 | A:UPPER:7:-7 | A:UPPER:4:-8 | A:UPPER:1:-9 | A:UPPER:-14:-4 | A:UPPER:-14:-2 | A:UPPER:-14:0
M6:UPPER:P1:O-1:R7,6,15,UPPER,B,N-B-N-B-N-B,N,1,-1,7,1,False,False,-1,0.0,54.98525539727543,0.18716307930841472,0.12700512944573414,S:1711 | S:1713 | S:1715 | S:1717 | S:1719 | S:1721 | S:1723 | S:1725 | S:1727 | S:1729 | S:1731 | S:1733 | S:1735 | S:1737 | S:1739,A:UPPER:-14:0 | A:UPPER:-14:2 | A:UPPER:-14:4 | A:UPPER:1:9 | A:UPPER:4:8 | A:UPPER:7:7 | A:UPPER:10:6 | A:UPPER:13:5 | A:UPPER:13:-5 | A:UPPER:10:-6 | A:UPPER:7:-7 | A:UPPER:4:-8 | A:UPPER:1:-9 | A:UPPER:-14:-4 | A:UPPER:-14:-2
M6:UPPER:P1:O-1:R8,6,15,UPPER,B,N-B-N-B-N-B,N,1,-1,8,1,False,False,-1,0.0,49.97055971949682,0.18916792012753073,0.1406527482169641,S:1711 | S:1713 | S:1715 | S:1717 | S:1719 | S:1721 | S:1723 | S:1725 | S:1727 | S:1729 | S:1731 | S:1733 | S:1735 | S:1737 | S:1739,A:UPPER:-14:-2 | A:UPPER:-14:0 | A:UPPER:-14:2 | A:UPPER:-14:4 | A:UPPER:1:9 | A:UPPER:4:8 | A:UPPER:7:7 | A:UPPER:10:6 | A:UPPER:13:5 | A:UPPER:13:-5 | A:UPPER:10:-6 | A:UPPER:7:-7 | A:UPPER:4:-8 | A:UPPER:1:-9 | A:UPPER:-14:-4
M6:UPPER:P1:O-1:R9,6,15,UPPER,B,N-B-N-B-N-B,N,1,-1,9,1,False,False,-1,0.0,50.97291999566766,0.19439848019462527,0.1402957870202086,S:1711 | S:1713 | S:1715 | S:1717 | S:1719 | S:1721 | S:1723 | S:1725 | S:1727 | S:1729 | S:1731 | S:1733 | S:1735 | S:1737 | S:1739,A:UPPER:-14:-4 | A:UPPER:-14:-2 | A:UPPER:-14:0 | A:UPPER:-14:2 | A:UPPER:-14:4 | A:UPPER:1:9 | A:UPPER:4:8 | A:UPPER:7:7 | A:UPPER:10:6 | A:UPPER:13:5 | A:UPPER:13:-5 | A:UPPER:10:-6 | A:UPPER:7:-7 | A:UPPER:4:-8 | A:UPPER:1:-9
M6:UPPER:P1:O-1:R10,6,15,UPPER,B,N-B-N-B-N-B,N,1,-1,10,1,False,False,-1,0.0,37.94445550757641,0.10094739077031453,0.1449959472434526,S:1711 | S:1713 | S:1715 | S:1717 | S:1719 | S:1721 | S:1723 | S:1725 | S:1727 | S:1729 | S:1731 | S:1733 | S:1735 | S:1737 | S:1739,A:UPPER:1:-9 | A:UPPER:-14:-4 | A:UPPER:-14:-2 | A:UPPER:-14:0 | A:UPPER:-14:2 | A:UPPER:-14:4 | A:UPPER:1:9 | A:UPPER:4:8 | A:UPPER:7:7 | A:UPPER:10:6 | A:UPPER:13:5 | A:UPPER:13:-5 | A:UPPER:10:-6 | A:UPPER:7:-7 | A:UPPER:4:-8
M6:UPPER:P1:O-1:R11,6,15,UPPER,B,N-B-N-B-N-B,N,1,-1,11,1,False,False,-1,0.0,43.96726598569435,0.06769285019929389,0.1390712198356703,S:1711 | S:1713 | S:1715 | S:1717 | S:1719 | S:1721 | S:1723 | S:1725 | S:1727 | S:1729 | S:1731 | S:1733 | S:1735 | S:1737 | S:1739,A:UPPER:4:-8 | A:UPPER:1:-9 | A:UPPER:-14:-4 | A:UPPER:-14:-2 | A:UPPER:-14:0 | A:UPPER:-14:2 | A:UPPER:-14:4 | A:UPPER:1:9 | A:UPPER:4:8 | A:UPPER:7:7 | A:UPPER:10:6 | A:UPPER:13:5 | A:UPPER:13:-5 | A:UPPER:10:-6 | A:UPPER:7:-7
M6:UPPER:P1:O-1:R12,6,15,UPPER,B,N-B-N-B-N-B,N,1,-1,12,1,False,False,-1,0.0,49.131534715863495,0.03549332109420425,0.1345319356082131,S:1711 | S:1713 | S:1715 | S:1717 | S:1719 | S:1721 | S:1723 | S:1725 | S:1727 | S:1729 | S:1731 | S:1733 | S:1735 | S:1737 | S:1739,A:UPPER:7:-7 | A:UPPER:4:-8 | A:UPPER:1:-9 | A:UPPER:-14:-4 | A:UPPER:-14:-2 | A:UPPER:-14:0 | A:UPPER:-14:2 | A:UPPER:-14:4 | A:UPPER:1:9 | A:UPPER:4:8 | A:UPPER:7:7 | A:UPPER:10:6 | A:UPPER:13:5 | A:UPPER:13:-5 | A:UPPER:10:-6
M6:UPPER:P1:O-1:R13,6,15,UPPER,B,N-B-N-B-N-B,N,1,-1,13,1,False,False,-1,0.0,56.23117021204222,0.005076023535760588,0.1382740230004199,S:1711 | S:1713 | S:1715 | S:1717 | S:1719 | S:1721 | S:1723 | S:1725 | S:1727 | S:1729 | S:1731 | S:1733 | S:1735 | S:1737 | S:1739,A:UPPER:10:-6 | A:UPPER:7:-7 | A:UPPER:4:-8 | A:UPPER:1:-9 | A:UPPER:-14:-4 | A:UPPER:-14:-2 | A:UPPER:-14:0 | A:UPPER:-14:2 | A:UPPER:-14:4 | A:UPPER:1:9 | A:UPPER:4:8 | A:UPPER:7:7 | A:UPPER:10:6 | A:UPPER:13:5 | A:UPPER:13:-5
M6:UPPER:P1:O-1:R14,6,15,UPPER,B,N-B-N-B-N-B,N,1,-1,14,15,True,True,0,0.18779461948550277,70.57389811350879,5.724176508353773e-05,0.1559681629540804,S:1711 | S:1713 | S:1715 | S:1717 | S:1719 | S:1721 | S:1723 | S:1725 | S:1727 | S:1729 | S:1731 | S:1733 | S:1735 | S:1737 | S:1739,A:UPPER:13:-5 | A:UPPER:10:-6 | A:UPPER:7:-7 | A:UPPER:4:-8 | A:UPPER:1:-9 | A:UPPER:-14:-4 | A:UPPER:-14:-2 | A:UPPER:-14:0 | A:UPPER:-14:2 | A:UPPER:-14:4 | A:UPPER:1:9 | A:UPPER:4:8 | A:UPPER:7:7 | A:UPPER:10:6 | A:UPPER:13:5
