                      :-) GROMACS - gmx mdrun, 2025.4 (-:

Copyright 1991-2025 The GROMACS Authors.
GROMACS is free software; you can redistribute it and/or modify it
under the terms of the GNU Lesser General Public License
as published by the Free Software Foundation; either version 2.1
of the License, or (at your option) any later version.

                         Current GROMACS contributors:
       Mark Abraham           Andrey Alekseenko           Brian Andrews       
      Vladimir Basov              Paul Bauer                Hugh Bird         
      Eliane Briand               Ania Brown              Mahesh Doijade      
      Giacomo Fiorin          Stefan Fleischmann          Sergey Gorelov      
   Gilles Gouaillardet            Alan Gray              M. Eric Irrgang      
   Farzaneh Jalalypour         Petter Johansson          Carsten Kutzner      
    Grzegorz Łazarski         Justin A. Lemkul          Magnus Lundborg      
       Pascal Merz             Vedran Miletić            Dmitry Morozov      
     Lukas Müllender            Julien Nabet             Szilárd Páll      
 Andrea Pasquadibisceglie     Michele Pellegrino         Nicola Piasentin     
     Daniele Rapetti         Muhammad Umair Sadiq         Hubert Santuz       
      Roland Schulz             Michael Shirts           Tatiana Shugaeva     
     Alexey Shvetsov            Philip Turner            Alessandra Villa     
 Sebastian Wingbermühle  

                         Previous GROMACS contributors:
        Emile Apol             Rossen Apostolov           James Barnett       
  Herman J.C. Berendsen         Cathrine Bergh             Par Bjelkmar       
      Christian Blau          Viacheslav Bolnykh            Kevin Boyd        
    Aldert van Buuren          Carlo Camilloni           Rudi van Drunen      
      Anton Feenstra           Oliver Fleetwood            Vytas Gapsys       
       Gaurav Garg             Gerrit Groenhof            Bert de Groot       
      Anca Hamuraru           Vincent Hindriksen          Victor Holanda      
     Aleksei Iupinov              Joe Jordan            Christoph Junghans    
    Prashanth Kanduri        Dimitrios Karkoulis           Peter Kasson       
      Sebastian Kehl           Sebastian Keller             Jiri Kraus        
       Per Larsson              Viveca Lindahl            Erik Marklund       
    Pieter Meulenhoff           Teemu Murtola              Sander Pronk       
      Alfons Sijbers            Balint Soproni         David van der Spoel    
      Peter Tieleman            Carsten Uphoff             Jon Vincent        
     Teemu Virolainen         Christian Wennberg           Maarten Wolf       
      Artem Zhmurov       

                  Coordinated by the GROMACS project leaders:
                           Berk Hess and Erik Lindahl

GROMACS:      gmx mdrun, version 2025.4
Executable:   /usr/local/gromacs/bin/gmx
Data prefix:  /usr/local/gromacs
Working dir:  /Users/alejandro/projects/Multiscale-Simulation-Project/Microtubule_Inspired_Phase0/runs/phase1A/day023_confinement_design/19_r2_frozen_solute_nvt_20_to_50ps
Process ID:   19868
Command line:
  gmx mdrun -s /Users/alejandro/projects/Multiscale-Simulation-Project/Microtubule_Inspired_Phase0/runs/phase1A/day023_confinement_design/18_r2_nvt_50ps_checkpoint_continuation_preparation/r2_frozen_solute_nvt_to_50ps.tpr -cpi /Users/alejandro/projects/Multiscale-Simulation-Project/Microtubule_Inspired_Phase0/runs/phase1A/day023_confinement_design/18_r2_nvt_50ps_checkpoint_continuation_preparation/r2_20ps_source_checkpoint.cpt -deffnm /Users/alejandro/projects/Multiscale-Simulation-Project/Microtubule_Inspired_Phase0/runs/phase1A/day023_confinement_design/19_r2_frozen_solute_nvt_20_to_50ps/r2_frozen_solute_nvt_20_to_50ps -noappend -ntmpi 1 -ntomp 12

GROMACS version:     2025.4
Precision:           mixed
Memory model:        64 bit
MPI library:         thread_mpi
OpenMP support:      enabled (GMX_OPENMP_MAX_THREADS = 128)
GPU support:         disabled
SIMD instructions:   AVX2_256
CPU FFT library:     fftw-3.3.10-sse2
GPU FFT library:     none
Multi-GPU FFT:       none
RDTSCP usage:        enabled
TNG support:         enabled
Hwloc support:       disabled
Tracing support:     disabled
C compiler:          /usr/bin/gcc AppleClang 14.0.0.14000029
C compiler flags:    -mavx2 -mfma -Wno-missing-field-initializers -fno-stack-check -O3 -DNDEBUG
C++ compiler:        /usr/bin/g++ AppleClang 14.0.0.14000029
C++ compiler flags:  -mavx2 -mfma -Wno-reserved-identifier -Wno-missing-field-initializers -fno-stack-check -Weverything -Wno-c++98-compat -Wno-c++98-compat-pedantic -Wno-source-uses-openmp -Wno-c++17-extensions -Wno-documentation-unknown-command -Wno-covered-switch-default -Wno-switch-enum -Wno-switch-default -Wno-extra-semi-stmt -Wno-weak-vtables -Wno-shadow -Wno-padded -Wno-reserved-id-macro -Wno-double-promotion -Wno-exit-time-destructors -Wno-global-constructors -Wno-documentation -Wno-format-nonliteral -Wno-used-but-marked-unused -Wno-float-equal -Wno-conditional-uninitialized -Wno-conversion -Wno-disabled-macro-expansion -Wno-unused-macros SHELL:-Xpreprocessor -fopenmp -I/usr/local/opt/libomp/include -O3 -DNDEBUG
BLAS library:        External - detected on the system
LAPACK library:      External - detected on the system


Running on 1 node with total 0 processing units
Hardware detected on host Alejandros-MacBook-Pro-2.local:
  CPU info:
    Vendor: Intel
    Brand:  Intel(R) Core(TM) i7-9750H CPU @ 2.60GHz
    Family: 6   Model: 158   Stepping: 10
    Features: aes apic avx avx2 clfsh cmov cx8 cx16 f16c fma htt intel lahf mmx msr nonstop_tsc pcid pclmuldq pdcm pdpe1gb popcnt pse rdrnd rdtscp sse2 sse3 sse4.1 sse4.2 ssse3 tdt x2apic
  Hardware topology: Only logical processor count
    CPU limit set by OS: -1   Recommended max number of threads: 12


++++ PLEASE READ AND CITE THE FOLLOWING REFERENCE ++++
M. J. Abraham, T. Murtola, R. Schulz, S. Páll, J. C. Smith, B. Hess, E.
Lindahl
GROMACS: High performance molecular simulations through multi-level
parallelism from laptops to supercomputers
SoftwareX (2015)
DOI: 10.1016/j.softx.2015.06.001
-------- -------- --- Thank You --- -------- --------


++++ PLEASE READ AND CITE THE FOLLOWING REFERENCE ++++
S. Páll, M. J. Abraham, C. Kutzner, B. Hess, E. Lindahl
Tackling Exascale Software Challenges in Molecular Dynamics Simulations with
GROMACS
In S. Markidis & E. Laure (Eds.), Solving Software Challenges for Exascale (2015)
DOI: 10.1007/978-3-319-15976-8_1
-------- -------- --- Thank You --- -------- --------


++++ PLEASE READ AND CITE THE FOLLOWING REFERENCE ++++
S. Pronk, S. Páll, R. Schulz, P. Larsson, P. Bjelkmar, R. Apostolov, M. R.
Shirts, J. C. Smith, P. M. Kasson, D. van der Spoel, B. Hess, E. Lindahl
GROMACS 4.5: a high-throughput and highly parallel open source molecular
simulation toolkit
Bioinformatics (2013)
DOI: 10.1093/bioinformatics/btt055
-------- -------- --- Thank You --- -------- --------


++++ PLEASE READ AND CITE THE FOLLOWING REFERENCE ++++
B. Hess, C. Kutzner, D. van der Spoel, E. Lindahl
GROMACS 4: Algorithms for highly efficient, load-balanced, and scalable
molecular simulation
J. Chem. Theory Comput. (2008)
DOI: 10.1021/ct700301q
-------- -------- --- Thank You --- -------- --------


++++ PLEASE READ AND CITE THE FOLLOWING REFERENCE ++++
D. van der Spoel, E. Lindahl, B. Hess, G. Groenhof, A. E. Mark, H. J. C.
Berendsen
GROMACS: Fast, Flexible and Free
J. Comp. Chem. (2005)
DOI: 10.1002/jcc.20291
-------- -------- --- Thank You --- -------- --------


++++ PLEASE READ AND CITE THE FOLLOWING REFERENCE ++++
E. Lindahl, B. Hess, D. van der Spoel
GROMACS 3.0: A package for molecular simulation and trajectory analysis
J. Mol. Mod. (2001)
DOI: 10.1007/s008940100045
-------- -------- --- Thank You --- -------- --------


++++ PLEASE READ AND CITE THE FOLLOWING REFERENCE ++++
H. J. C. Berendsen, D. van der Spoel and R. van Drunen
GROMACS: A message-passing parallel molecular dynamics implementation
Comp. Phys. Comm. (1995)
DOI: 10.1016/0010-4655(95)00042-E
-------- -------- --- Thank You --- -------- --------


++++ PLEASE CITE THE DOI FOR THIS VERSION OF GROMACS ++++
https://doi.org/10.5281/zenodo.17671793
-------- -------- --- Thank You --- -------- --------

Multiple energy groups is not implemented for GPUs, falling back to the CPU. For better performance, run on the GPU without energy groups and then do gmx mdrun -rerun option on the trajectory with an energy group .tpr file.
Input Parameters:
   integrator                     = md
   tinit                          = 0
   dt                             = 0.0005
   nsteps                         = 100000
   init-step                      = 0
   simulation-part                = 1
   mts                            = false
   mass-repartition-factor        = 1
   comm-mode                      = Linear
   nstcomm                        = 100
   bd-fric                        = 0
   ld-seed                        = -33925131
   emtol                          = 10
   emstep                         = 0.01
   niter                          = 20
   fcstep                         = 0
   nstcgsteep                     = 1000
   nbfgscorr                      = 10
   rtpi                           = 0.05
   nstxout                        = 0
   nstvout                        = 0
   nstfout                        = 0
   nstlog                         = 100
   nstcalcenergy                  = 100
   nstenergy                      = 100
   nstxout-compressed             = 1000
   compressed-x-precision         = 1000
   cutoff-scheme                  = Verlet
   nstlist                        = 20
   pbc                            = xyz
   periodic-molecules             = false
   verlet-buffer-tolerance        = 0.005
   verlet-buffer-pressure-tolerance = 0.5
   rlist                          = 1.2
   coulombtype                    = PME
   coulomb-modifier               = Potential-shift
   rcoulomb-switch                = 0
   rcoulomb                       = 1.2
   epsilon-r                      = 1
   epsilon-rf                     = inf
   vdw-type                       = Cut-off
   vdw-modifier                   = Potential-shift
   rvdw-switch                    = 0
   rvdw                           = 1.2
   DispCorr                       = EnerPres
   table-extension                = 1
   fourierspacing                 = 0.12
   fourier-nx                     = 64
   fourier-ny                     = 64
   fourier-nz                     = 84
   pme-order                      = 4
   ewald-rtol                     = 1e-05
   ewald-rtol-lj                  = 0.001
   lj-pme-comb-rule               = Geometric
   ewald-geometry                 = 3d
   epsilon-surface                = 0
   ensemble-temperature-setting   = constant
   ensemble-temperature           = 300
   tcoupl                         = V-rescale
   nsttcouple                     = 25
   nh-chain-length                = 0
   print-nose-hoover-chain-variables = false
   pcoupl                         = No
   refcoord-scaling               = No
   posres-com: not available
   posres-comB: not available
   QMMM                           = false
qm-opts:
   ngQM                           = 0
   constraint-algorithm           = Lincs
   continuation                   = false
   Shake-SOR                      = false
   shake-tol                      = 0.0001
   lincs-order                    = 4
   lincs-iter                     = 1
   lincs-warnangle                = 30
   nwall                          = 0
   wall-type                      = 9-3
   wall-r-linpot                  = -1
   wall-atomtype[0]               = -1
   wall-atomtype[1]               = -1
   wall-density[0]                = 0
   wall-density[1]                = 0
   wall-ewald-zfac                = 3
   pull                           = false
   awh                            = false
   rotation                       = false
   interactiveMD                  = false
   disre                          = No
   disre-weighting                = Conservative
   disre-mixed                    = false
   dr-fc                          = 1000
   dr-tau                         = 0
   nstdisreout                    = 100
   orire-fc                       = 0
   orire-tau                      = 0
   nstorireout                    = 100
   free-energy                    = no
   cos-acceleration               = 0
   deform (3x3):
      deform[    0]={ 0.00000e+00,  0.00000e+00,  0.00000e+00}
      deform[    1]={ 0.00000e+00,  0.00000e+00,  0.00000e+00}
      deform[    2]={ 0.00000e+00,  0.00000e+00,  0.00000e+00}
   simulated-tempering            = false
   swapcoords                     = no
   userint1                       = 0
   userint2                       = 0
   userint3                       = 0
   userint4                       = 0
   userreal1                      = 0
   userreal2                      = 0
   userreal3                      = 0
   userreal4                      = 0
   applied-forces:
     electric-field:
       x:
         E0                       = 0
         omega                    = 0
         t0                       = 0
         sigma                    = 0
       y:
         E0                       = 0
         omega                    = 0
         t0                       = 0
         sigma                    = 0
       z:
         E0                       = 0
         omega                    = 0
         t0                       = 0
         sigma                    = 0
     density-guided-simulation:
       active                     = false
       group                      = protein
       similarity-measure         = inner-product
       atom-spreading-weight      = unity
       force-constant             = 1e+09
       gaussian-transform-spreading-width = 0.2
       gaussian-transform-spreading-range-in-multiples-of-width = 4
       reference-density-filename = reference.mrc
       nst                        = 1
       normalize-densities        = true
       adaptive-force-scaling     = false
       adaptive-force-scaling-time-constant = 4
       shift-vector               = 
       transformation-matrix      = 
     qmmm-cp2k:
       active                     = false
       qmgroup                    = System
       qmmethod                   = PBE
       qmfilenames                = 
       qmcharge                   = 0
       qmmultiplicity             = 1
     colvars:
       active                     = false
       configfile                 = 
       seed                       = -1
     nnpot:
       active                     = false
       modelfile                  = model.pt
       input-group                = System
       model-input1               = 
       model-input2               = 
       model-input3               = 
       model-input4               = 
grpopts:
   nrdf:       99387           0           0
   ref-t:         300         300         300
   tau-t:         0.1          -1          -1
annealing:          No          No          No
annealing-npoints:           0           0           0
   acc:	           0           0           0
   nfreeze:           Y           Y           Y           Y           Y           Y           N           N           N
   energygrp-flags[  0]: 0 0 0
   energygrp-flags[  1]: 0 0 0
   energygrp-flags[  2]: 0 0 0


Reading checkpoint file /Users/alejandro/projects/Multiscale-Simulation-Project/Microtubule_Inspired_Phase0/runs/phase1A/day023_confinement_design/18_r2_nvt_50ps_checkpoint_continuation_preparation/r2_20ps_source_checkpoint.cpt
  file generated by:     /usr/local/gromacs/bin/gmx
  file generated at:     Wed Jul  8 13:35:25 2026

  GROMACS double prec.:  0
  simulation part #:     1
  step:                  40000
  time:                  20.000000

Changing nstlist from 20 to 100, rlist from 1.2 to 1.252


Update groups can not be used for this system because atoms that are (in)directly constrained together are interdispersed with other atoms

Initializing Domain Decomposition on 1 ranks
Dynamic load balancing: auto
Minimum cell size due to atom displacement: 0.319 nm
Initial maximum distances in bonded interactions:
    two-body bonded interactions: 0.387 nm, LJ-14, atoms 1760 1774
  multi-body bonded interactions: 0.387 nm, Proper Dih., atoms 1760 1774
Minimum cell size due to bonded interactions: 0.426 nm
Maximum distance for 5 constraints, at 120 deg. angles, all-trans: 0.109 nm
Estimated maximum distance required for P-LINCS: 0.109 nm
Using 0 separate PME ranks because: there are too few total ranks for efficient splitting
Optimizing the DD grid for 1 cells with a minimum initial size of 0.426 nm
The maximum allowed number of cells is: X 17 Y 17 Z 23
Domain decomposition grid 1 x 1 x 1, separate PME ranks 0
PME domain decomposition: 1 x 1 x 1

The initial number of communication pulses is:
The initial domain decomposition cell size is:

The maximum allowed distance for atoms involved in interactions is:
                 non-bonded interactions           1.252 nm
            two-body bonded interactions  (-rdd)   1.252 nm
          multi-body bonded interactions  (-rdd)   1.252 nm
              virtual site constructions  (-rcon)  7.395 nm
  atoms separated by up to 5 constraints  (-rcon)  7.395 nm

When dynamic load balancing gets turned on, these settings will change to:
The maximum number of communication pulses is:
The minimum size for domain decomposition cells is 1.252 nm
The requested allowed shrink of DD cells (option -dds) is: 0.80
The allowed shrink of domain decomposition cells is:
The maximum allowed distance for atoms involved in interactions is:
                 non-bonded interactions           1.252 nm
            two-body bonded interactions  (-rdd)   1.252 nm
          multi-body bonded interactions  (-rdd)   1.252 nm
              virtual site constructions  (-rcon)  1.252 nm
  atoms separated by up to 5 constraints  (-rcon)  1.252 nm

Local state does not use filler particles

Using 1 MPI thread
Using 12 OpenMP threads 

System total charge: -0.000
Will do PME sum in reciprocal space for electrostatic interactions.

++++ PLEASE READ AND CITE THE FOLLOWING REFERENCE ++++
U. Essmann, L. Perera, M. L. Berkowitz, T. Darden, H. Lee, L. G. Pedersen 
A smooth particle mesh Ewald method
J. Chem. Phys. (1995)
DOI: 10.1063/1.470117
-------- -------- --- Thank You --- -------- --------

Using a Gaussian width (1/beta) of 0.384195 nm for Ewald
Potential shift: LJ r^-12: -1.122e-01 r^-6: -3.349e-01, Ewald -8.333e-06
Initialized non-bonded Coulomb Ewald tables, spacing: 1.02e-03 size: 1176

Generated table with 1126 data points for 1-4 COUL.
Tabscale = 500 points/nm
Generated table with 1126 data points for 1-4 LJ6.
Tabscale = 500 points/nm
Generated table with 1126 data points for 1-4 LJ12.
Tabscale = 500 points/nm
Long Range LJ corr.: <C6> 1.8950e-04


Using SIMD4xM 4x8 nonbonded short-range kernels

Using a dual 4x8 pair-list setup updated with dynamic pruning:
  outer list: updated every 100 steps, buffer 0.052 nm, rlist 1.252 nm
  inner list: updated every  34 steps, buffer 0.000 nm, rlist 1.200 nm
At tolerance 0.005 kJ/mol/ps per atom, equivalent classical 1x1 list would be:
  outer list: updated every 100 steps, buffer 0.139 nm, rlist 1.339 nm
  inner list: updated every  34 steps, buffer 0.034 nm, rlist 1.234 nm

The average pressure is off by at most 0.15 bar due to missing LJ interactions

Using full Lennard-Jones parameter combination matrix

Linking all bonded interactions to atoms
There are 16565 inter update-group virtual sites,
will perform an extra communication step for selected coordinates and forces


Initializing Parallel LINear Constraint Solver

++++ PLEASE READ AND CITE THE FOLLOWING REFERENCE ++++
B. Hess
P-LINCS: A Parallel Linear Constraint Solver for molecular simulation
J. Chem. Theory Comput. (2008)
DOI: 10.1021/ct700200b
-------- -------- --- Thank You --- -------- --------

The number of constraints is 40
There are constraints between atoms in different decomposition domains,
will communicate selected coordinates each lincs iteration

++++ PLEASE READ AND CITE THE FOLLOWING REFERENCE ++++
S. Miyamoto, P. A. Kollman
SETTLE: An Analytical Version of the SHAKE and RATTLE Algorithms for Rigid
Water Models
J. Comp. Chem. (1992)
DOI: 10.1002/jcc.540130805
-------- -------- --- Thank You --- -------- --------


++++ PLEASE READ AND CITE THE FOLLOWING REFERENCE ++++
G. Bussi, D. Donadio, M. Parrinello
Canonical sampling through velocity rescaling
J. Chem. Phys. (2007)
DOI: 10.1063/1.2408420
-------- -------- --- Thank You --- -------- --------

There are: 51767 Atoms
There are: 16565 VSites

Atom distribution over 1 domains: av 68332 stddev 0 min 68332 max 68332
Center of mass motion removal mode is Linear
We have the following groups for center of mass motion removal:
  0:  SOL

Started mdrun on rank 0 Wed Jul  8 14:35:25 2026

           Step           Time
          40000       20.00000

   Energies (kJ/mol)
           Bond          Angle    Proper Dih.  Improper Dih. Per. Imp. Dih.
    5.38935e+01    1.74526e+01    4.76750e-01    3.58390e+03    4.43967e-02
          LJ-14     Coulomb-14        LJ (SR)  Disper. corr.   Coulomb (SR)
    1.60878e+02    5.03293e+01    1.50980e+05   -3.91363e+03   -9.20934e+05
   Coul. recip.      Potential    Kinetic En.   Total Energy  Conserved En.
    2.36602e+03   -7.67635e+05    1.23815e+05   -6.43820e+05   -7.80694e+05
    Temperature Pres. DC (bar) Pressure (bar)   Constr. rmsd
    2.99669e+02   -1.18711e+02    6.78077e+27    1.95924e-06

           Step           Time
          40100       20.05000

   Energies (kJ/mol)
           Bond          Angle    Proper Dih.  Improper Dih. Per. Imp. Dih.
    5.38935e+01    1.74526e+01    4.76750e-01    3.58390e+03    4.43967e-02
          LJ-14     Coulomb-14        LJ (SR)  Disper. corr.   Coulomb (SR)
    1.60878e+02    5.03293e+01    1.50621e+05   -3.91363e+03   -9.21285e+05
   Coul. recip.      Potential    Kinetic En.   Total Energy  Conserved En.
    2.39925e+03   -7.68311e+05    1.23757e+05   -6.44554e+05   -7.80690e+05
    Temperature Pres. DC (bar) Pressure (bar)   Constr. rmsd
    2.99527e+02   -1.18711e+02    6.78077e+27    1.95924e-06

           Step           Time
          40200       20.10000

   Energies (kJ/mol)
           Bond          Angle    Proper Dih.  Improper Dih. Per. Imp. Dih.
    5.38935e+01    1.74526e+01    4.76750e-01    3.58390e+03    4.43967e-02
          LJ-14     Coulomb-14        LJ (SR)  Disper. corr.   Coulomb (SR)
    1.60878e+02    5.03293e+01    1.49931e+05   -3.91363e+03   -9.21225e+05
   Coul. recip.      Potential    Kinetic En.   Total Energy  Conserved En.
    2.39127e+03   -7.68950e+05    1.24284e+05   -6.44666e+05   -7.80688e+05
    Temperature Pres. DC (bar) Pressure (bar)   Constr. rmsd
    3.00802e+02   -1.18711e+02    6.78077e+27    1.95924e-06

           Step           Time
          40300       20.15000

   Energies (kJ/mol)
           Bond          Angle    Proper Dih.  Improper Dih. Per. Imp. Dih.
    5.38935e+01    1.74526e+01    4.76750e-01    3.58390e+03    4.43967e-02
          LJ-14     Coulomb-14        LJ (SR)  Disper. corr.   Coulomb (SR)
    1.60878e+02    5.03293e+01    1.51295e+05   -3.91363e+03   -9.22276e+05
   Coul. recip.      Potential    Kinetic En.   Total Energy  Conserved En.
    2.35573e+03   -7.68672e+05    1.23237e+05   -6.45435e+05   -7.80694e+05
    Temperature Pres. DC (bar) Pressure (bar)   Constr. rmsd
    2.98269e+02   -1.18711e+02    6.78077e+27    1.95924e-06

           Step           Time
          40400       20.20000

   Energies (kJ/mol)
           Bond          Angle    Proper Dih.  Improper Dih. Per. Imp. Dih.
    5.38935e+01    1.74526e+01    4.76750e-01    3.58390e+03    4.43967e-02
          LJ-14     Coulomb-14        LJ (SR)  Disper. corr.   Coulomb (SR)
    1.60878e+02    5.03293e+01    1.51819e+05   -3.91363e+03   -9.23912e+05
   Coul. recip.      Potential    Kinetic En.   Total Energy  Conserved En.
    2.40481e+03   -7.69735e+05    1.24122e+05   -6.45612e+05   -7.80699e+05
    Temperature Pres. DC (bar) Pressure (bar)   Constr. rmsd
    3.00411e+02   -1.18711e+02    6.78077e+27    1.95924e-06

           Step           Time
          40500       20.25000

   Energies (kJ/mol)
           Bond          Angle    Proper Dih.  Improper Dih. Per. Imp. Dih.
    5.38935e+01    1.74526e+01    4.76750e-01    3.58390e+03    4.43967e-02
          LJ-14     Coulomb-14        LJ (SR)  Disper. corr.   Coulomb (SR)
    1.60878e+02    5.03293e+01    1.51217e+05   -3.91363e+03   -9.23164e+05
   Coul. recip.      Potential    Kinetic En.   Total Energy  Conserved En.
    2.30640e+03   -7.69687e+05    1.23502e+05   -6.46185e+05   -7.80697e+05
    Temperature Pres. DC (bar) Pressure (bar)   Constr. rmsd
    2.98909e+02   -1.18711e+02    6.78077e+27    1.95924e-06

           Step           Time
          40600       20.30000

   Energies (kJ/mol)
           Bond          Angle    Proper Dih.  Improper Dih. Per. Imp. Dih.
    5.38935e+01    1.74526e+01    4.76750e-01    3.58390e+03    4.43967e-02
          LJ-14     Coulomb-14        LJ (SR)  Disper. corr.   Coulomb (SR)
    1.60878e+02    5.03293e+01    1.49892e+05   -3.91363e+03   -9.21321e+05
   Coul. recip.      Potential    Kinetic En.   Total Energy  Conserved En.
    2.30357e+03   -7.69172e+05    1.23947e+05   -6.45225e+05   -7.80699e+05
    Temperature Pres. DC (bar) Pressure (bar)   Constr. rmsd
    2.99987e+02   -1.18711e+02    6.78077e+27    1.95924e-06

           Step           Time
          40700       20.35000

   Energies (kJ/mol)
           Bond          Angle    Proper Dih.  Improper Dih. Per. Imp. Dih.
    5.38935e+01    1.74526e+01    4.76750e-01    3.58390e+03    4.43967e-02
          LJ-14     Coulomb-14        LJ (SR)  Disper. corr.   Coulomb (SR)
    1.60878e+02    5.03293e+01    1.49633e+05   -3.91363e+03   -9.21248e+05
   Coul. recip.      Potential    Kinetic En.   Total Energy  Conserved En.
    2.35927e+03   -7.69303e+05    1.24075e+05   -6.45228e+05   -7.80690e+05
    Temperature Pres. DC (bar) Pressure (bar)   Constr. rmsd
    3.00297e+02   -1.18711e+02    6.78077e+27    1.95924e-06

           Step           Time
          40800       20.40000

   Energies (kJ/mol)
           Bond          Angle    Proper Dih.  Improper Dih. Per. Imp. Dih.
    5.38935e+01    1.74526e+01    4.76750e-01    3.58390e+03    4.43967e-02
          LJ-14     Coulomb-14        LJ (SR)  Disper. corr.   Coulomb (SR)
    1.60878e+02    5.03293e+01    1.52445e+05   -3.91363e+03   -9.23064e+05
   Coul. recip.      Potential    Kinetic En.   Total Energy  Conserved En.
    2.34422e+03   -7.68321e+05    1.23158e+05   -6.45163e+05   -7.80700e+05
    Temperature Pres. DC (bar) Pressure (bar)   Constr. rmsd
    2.98078e+02   -1.18711e+02    6.78077e+27    1.95924e-06

           Step           Time
          40900       20.45000

   Energies (kJ/mol)
           Bond          Angle    Proper Dih.  Improper Dih. Per. Imp. Dih.
    5.38935e+01    1.74526e+01    4.76750e-01    3.58390e+03    4.43967e-02
          LJ-14     Coulomb-14        LJ (SR)  Disper. corr.   Coulomb (SR)
    1.60878e+02    5.03293e+01    1.51485e+05   -3.91363e+03   -9.23013e+05
   Coul. recip.      Potential    Kinetic En.   Total Energy  Conserved En.
    2.46126e+03   -7.69113e+05    1.23762e+05   -6.45350e+05   -7.80696e+05
    Temperature Pres. DC (bar) Pressure (bar)   Constr. rmsd
    2.99540e+02   -1.18711e+02    6.78077e+27    1.95924e-06

           Step           Time
          41000       20.50000

   Energies (kJ/mol)
           Bond          Angle    Proper Dih.  Improper Dih. Per. Imp. Dih.
    5.38935e+01    1.74526e+01    4.76750e-01    3.58390e+03    4.43967e-02
          LJ-14     Coulomb-14        LJ (SR)  Disper. corr.   Coulomb (SR)
    1.60878e+02    5.03293e+01    1.51361e+05   -3.91363e+03   -9.22512e+05
   Coul. recip.      Potential    Kinetic En.   Total Energy  Conserved En.
    2.46074e+03   -7.68736e+05    1.23973e+05   -6.44763e+05   -7.80695e+05
    Temperature Pres. DC (bar) Pressure (bar)   Constr. rmsd
    3.00050e+02   -1.18711e+02    6.78077e+27    1.95924e-06

           Step           Time
          41100       20.55000

   Energies (kJ/mol)
           Bond          Angle    Proper Dih.  Improper Dih. Per. Imp. Dih.
    5.38935e+01    1.74526e+01    4.76750e-01    3.58390e+03    4.43967e-02
          LJ-14     Coulomb-14        LJ (SR)  Disper. corr.   Coulomb (SR)
    1.60878e+02    5.03293e+01    1.51268e+05   -3.91363e+03   -9.23225e+05
   Coul. recip.      Potential    Kinetic En.   Total Energy  Conserved En.
    2.37097e+03   -7.69633e+05    1.24789e+05   -6.44843e+05   -7.80696e+05
    Temperature Pres. DC (bar) Pressure (bar)   Constr. rmsd
    3.02026e+02   -1.18711e+02    6.78077e+27    1.95924e-06

           Step           Time
          41200       20.60000

   Energies (kJ/mol)
           Bond          Angle    Proper Dih.  Improper Dih. Per. Imp. Dih.
    5.38935e+01    1.74526e+01    4.76750e-01    3.58390e+03    4.43967e-02
          LJ-14     Coulomb-14        LJ (SR)  Disper. corr.   Coulomb (SR)
    1.60878e+02    5.03293e+01    1.50022e+05   -3.91363e+03   -9.21332e+05
   Coul. recip.      Potential    Kinetic En.   Total Energy  Conserved En.
    2.45733e+03   -7.68900e+05    1.24436e+05   -6.44463e+05   -7.80694e+05
    Temperature Pres. DC (bar) Pressure (bar)   Constr. rmsd
    3.01172e+02   -1.18711e+02    6.78077e+27    1.95924e-06

           Step           Time
          41300       20.65000

   Energies (kJ/mol)
           Bond          Angle    Proper Dih.  Improper Dih. Per. Imp. Dih.
    5.38935e+01    1.74526e+01    4.76750e-01    3.58390e+03    4.43967e-02
          LJ-14     Coulomb-14        LJ (SR)  Disper. corr.   Coulomb (SR)
    1.60878e+02    5.03293e+01    1.49753e+05   -3.91363e+03   -9.21625e+05
   Coul. recip.      Potential    Kinetic En.   Total Energy  Conserved En.
    2.43411e+03   -7.69485e+05    1.24609e+05   -6.44876e+05   -7.80702e+05
    Temperature Pres. DC (bar) Pressure (bar)   Constr. rmsd
    3.01588e+02   -1.18711e+02    6.78077e+27    1.95924e-06

           Step           Time
          41400       20.70000

   Energies (kJ/mol)
           Bond          Angle    Proper Dih.  Improper Dih. Per. Imp. Dih.
    5.38935e+01    1.74526e+01    4.76750e-01    3.58390e+03    4.43967e-02
          LJ-14     Coulomb-14        LJ (SR)  Disper. corr.   Coulomb (SR)
    1.60878e+02    5.03293e+01    1.51347e+05   -3.91363e+03   -9.22476e+05
   Coul. recip.      Potential    Kinetic En.   Total Energy  Conserved En.
    2.43455e+03   -7.68741e+05    1.23957e+05   -6.44784e+05   -7.80696e+05
    Temperature Pres. DC (bar) Pressure (bar)   Constr. rmsd
    3.00010e+02   -1.18711e+02    6.78077e+27    1.95924e-06

           Step           Time
          41500       20.75000

   Energies (kJ/mol)
           Bond          Angle    Proper Dih.  Improper Dih. Per. Imp. Dih.
    5.38935e+01    1.74526e+01    4.76750e-01    3.58390e+03    4.43967e-02
          LJ-14     Coulomb-14        LJ (SR)  Disper. corr.   Coulomb (SR)
    1.60878e+02    5.03293e+01    1.50484e+05   -3.91363e+03   -9.22020e+05
   Coul. recip.      Potential    Kinetic En.   Total Energy  Conserved En.
    2.40914e+03   -7.69174e+05    1.24787e+05   -6.44387e+05   -7.80696e+05
    Temperature Pres. DC (bar) Pressure (bar)   Constr. rmsd
    3.02020e+02   -1.18711e+02    6.78077e+27    1.95924e-06

           Step           Time
          41600       20.80000

   Energies (kJ/mol)
           Bond          Angle    Proper Dih.  Improper Dih. Per. Imp. Dih.
    5.38935e+01    1.74526e+01    4.76750e-01    3.58390e+03    4.43967e-02
          LJ-14     Coulomb-14        LJ (SR)  Disper. corr.   Coulomb (SR)
    1.60878e+02    5.03293e+01    1.50249e+05   -3.91363e+03   -9.21633e+05
   Coul. recip.      Potential    Kinetic En.   Total Energy  Conserved En.
    2.44278e+03   -7.68988e+05    1.24142e+05   -6.44846e+05   -7.80699e+05
    Temperature Pres. DC (bar) Pressure (bar)   Constr. rmsd
    3.00459e+02   -1.18711e+02    6.78077e+27    1.95924e-06

           Step           Time
          41700       20.85000

   Energies (kJ/mol)
           Bond          Angle    Proper Dih.  Improper Dih. Per. Imp. Dih.
    5.38935e+01    1.74526e+01    4.76750e-01    3.58390e+03    4.43967e-02
          LJ-14     Coulomb-14        LJ (SR)  Disper. corr.   Coulomb (SR)
    1.60878e+02    5.03293e+01    1.50944e+05   -3.91363e+03   -9.22382e+05
   Coul. recip.      Potential    Kinetic En.   Total Energy  Conserved En.
    2.36870e+03   -7.69116e+05    1.24243e+05   -6.44872e+05   -7.80698e+05
    Temperature Pres. DC (bar) Pressure (bar)   Constr. rmsd
    3.00704e+02   -1.18711e+02    6.78077e+27    1.95924e-06

           Step           Time
          41800       20.90000

   Energies (kJ/mol)
           Bond          Angle    Proper Dih.  Improper Dih. Per. Imp. Dih.
    5.38935e+01    1.74526e+01    4.76750e-01    3.58390e+03    4.43967e-02
          LJ-14     Coulomb-14        LJ (SR)  Disper. corr.   Coulomb (SR)
    1.60878e+02    5.03293e+01    1.49775e+05   -3.91363e+03   -9.20882e+05
   Coul. recip.      Potential    Kinetic En.   Total Energy  Conserved En.
    2.31924e+03   -7.68834e+05    1.24001e+05   -6.44833e+05   -7.80693e+05
    Temperature Pres. DC (bar) Pressure (bar)   Constr. rmsd
    3.00118e+02   -1.18711e+02    6.78077e+27    1.95924e-06

           Step           Time
          41900       20.95000

   Energies (kJ/mol)
           Bond          Angle    Proper Dih.  Improper Dih. Per. Imp. Dih.
    5.38935e+01    1.74526e+01    4.76750e-01    3.58390e+03    4.43967e-02
          LJ-14     Coulomb-14        LJ (SR)  Disper. corr.   Coulomb (SR)
    1.60878e+02    5.03293e+01    1.51009e+05   -3.91363e+03   -9.22666e+05
   Coul. recip.      Potential    Kinetic En.   Total Energy  Conserved En.
    2.42627e+03   -7.69278e+05    1.24066e+05   -6.45212e+05   -7.80701e+05
    Temperature Pres. DC (bar) Pressure (bar)   Constr. rmsd
    3.00274e+02   -1.18711e+02    6.78077e+27    1.95924e-06

           Step           Time
          42000       21.00000

   Energies (kJ/mol)
           Bond          Angle    Proper Dih.  Improper Dih. Per. Imp. Dih.
    5.38935e+01    1.74526e+01    4.76750e-01    3.58390e+03    4.43967e-02
          LJ-14     Coulomb-14        LJ (SR)  Disper. corr.   Coulomb (SR)
    1.60878e+02    5.03293e+01    1.50376e+05   -3.91363e+03   -9.21873e+05
   Coul. recip.      Potential    Kinetic En.   Total Energy  Conserved En.
    2.40980e+03   -7.69134e+05    1.23493e+05   -6.45641e+05   -7.80697e+05
    Temperature Pres. DC (bar) Pressure (bar)   Constr. rmsd
    2.98889e+02   -1.18711e+02    6.78077e+27    1.95924e-06

           Step           Time
          42100       21.05000

   Energies (kJ/mol)
           Bond          Angle    Proper Dih.  Improper Dih. Per. Imp. Dih.
    5.38935e+01    1.74526e+01    4.76750e-01    3.58390e+03    4.43967e-02
          LJ-14     Coulomb-14        LJ (SR)  Disper. corr.   Coulomb (SR)
    1.60878e+02    5.03293e+01    1.50889e+05   -3.91363e+03   -9.21302e+05
   Coul. recip.      Potential    Kinetic En.   Total Energy  Conserved En.
    2.34558e+03   -7.68114e+05    1.23291e+05   -6.44823e+05   -7.80697e+05
    Temperature Pres. DC (bar) Pressure (bar)   Constr. rmsd
    2.98399e+02   -1.18711e+02    6.78077e+27    1.95924e-06

           Step           Time
          42200       21.10000

   Energies (kJ/mol)
           Bond          Angle    Proper Dih.  Improper Dih. Per. Imp. Dih.
    5.38935e+01    1.74526e+01    4.76750e-01    3.58390e+03    4.43967e-02
          LJ-14     Coulomb-14        LJ (SR)  Disper. corr.   Coulomb (SR)
    1.60878e+02    5.03293e+01    1.50223e+05   -3.91363e+03   -9.22542e+05
   Coul. recip.      Potential    Kinetic En.   Total Energy  Conserved En.
    2.38321e+03   -7.69983e+05    1.24057e+05   -6.45926e+05   -7.80704e+05
    Temperature Pres. DC (bar) Pressure (bar)   Constr. rmsd
    3.00253e+02   -1.18711e+02    6.78077e+27    1.95924e-06

           Step           Time
          42300       21.15000

   Energies (kJ/mol)
           Bond          Angle    Proper Dih.  Improper Dih. Per. Imp. Dih.
    5.38935e+01    1.74526e+01    4.76750e-01    3.58390e+03    4.43967e-02
          LJ-14     Coulomb-14        LJ (SR)  Disper. corr.   Coulomb (SR)
    1.60878e+02    5.03293e+01    1.50874e+05   -3.91363e+03   -9.23225e+05
   Coul. recip.      Potential    Kinetic En.   Total Energy  Conserved En.
    2.31625e+03   -7.70081e+05    1.23873e+05   -6.46208e+05   -7.80699e+05
    Temperature Pres. DC (bar) Pressure (bar)   Constr. rmsd
    2.99807e+02   -1.18711e+02    6.78077e+27    1.95924e-06

           Step           Time
          42400       21.20000

   Energies (kJ/mol)
           Bond          Angle    Proper Dih.  Improper Dih. Per. Imp. Dih.
    5.38935e+01    1.74526e+01    4.76750e-01    3.58390e+03    4.43967e-02
          LJ-14     Coulomb-14        LJ (SR)  Disper. corr.   Coulomb (SR)
    1.60878e+02    5.03293e+01    1.51662e+05   -3.91363e+03   -9.23696e+05
   Coul. recip.      Potential    Kinetic En.   Total Energy  Conserved En.
    2.29776e+03   -7.69783e+05    1.23656e+05   -6.46126e+05   -7.80699e+05
    Temperature Pres. DC (bar) Pressure (bar)   Constr. rmsd
    2.99283e+02   -1.18711e+02    6.78077e+27    1.95924e-06

           Step           Time
          42500       21.25000

   Energies (kJ/mol)
           Bond          Angle    Proper Dih.  Improper Dih. Per. Imp. Dih.
    5.38935e+01    1.74526e+01    4.76750e-01    3.58390e+03    4.43967e-02
          LJ-14     Coulomb-14        LJ (SR)  Disper. corr.   Coulomb (SR)
    1.60878e+02    5.03293e+01    1.50770e+05   -3.91363e+03   -9.23727e+05
   Coul. recip.      Potential    Kinetic En.   Total Energy  Conserved En.
    2.46539e+03   -7.70539e+05    1.23852e+05   -6.46687e+05   -7.80710e+05
    Temperature Pres. DC (bar) Pressure (bar)   Constr. rmsd
    2.99757e+02   -1.18711e+02    6.78077e+27    1.95924e-06

           Step           Time
          42600       21.30000

   Energies (kJ/mol)
           Bond          Angle    Proper Dih.  Improper Dih. Per. Imp. Dih.
    5.38935e+01    1.74526e+01    4.76750e-01    3.58390e+03    4.43967e-02
          LJ-14     Coulomb-14        LJ (SR)  Disper. corr.   Coulomb (SR)
    1.60878e+02    5.03293e+01    1.50409e+05   -3.91363e+03   -9.22827e+05
   Coul. recip.      Potential    Kinetic En.   Total Energy  Conserved En.
    2.34619e+03   -7.70119e+05    1.23738e+05   -6.46380e+05   -7.80702e+05
    Temperature Pres. DC (bar) Pressure (bar)   Constr. rmsd
    2.99482e+02   -1.18711e+02    6.78077e+27    1.95924e-06

           Step           Time
          42700       21.35000

   Energies (kJ/mol)
           Bond          Angle    Proper Dih.  Improper Dih. Per. Imp. Dih.
    5.38935e+01    1.74526e+01    4.76750e-01    3.58390e+03    4.43967e-02
          LJ-14     Coulomb-14        LJ (SR)  Disper. corr.   Coulomb (SR)
    1.60878e+02    5.03293e+01    1.50932e+05   -3.91363e+03   -9.22747e+05
   Coul. recip.      Potential    Kinetic En.   Total Energy  Conserved En.
    2.33454e+03   -7.69526e+05    1.23031e+05   -6.46495e+05   -7.80700e+05
    Temperature Pres. DC (bar) Pressure (bar)   Constr. rmsd
    2.97770e+02   -1.18711e+02    6.78077e+27    1.95924e-06

           Step           Time
          42800       21.40000

   Energies (kJ/mol)
           Bond          Angle    Proper Dih.  Improper Dih. Per. Imp. Dih.
    5.38935e+01    1.74526e+01    4.76750e-01    3.58390e+03    4.43967e-02
          LJ-14     Coulomb-14        LJ (SR)  Disper. corr.   Coulomb (SR)
    1.60878e+02    5.03293e+01    1.51080e+05   -3.91363e+03   -9.24924e+05
   Coul. recip.      Potential    Kinetic En.   Total Energy  Conserved En.
    2.42030e+03   -7.71470e+05    1.24060e+05   -6.47410e+05   -7.80712e+05
    Temperature Pres. DC (bar) Pressure (bar)   Constr. rmsd
    3.00261e+02   -1.18711e+02    6.78077e+27    1.95924e-06

           Step           Time
          42900       21.45000

   Energies (kJ/mol)
           Bond          Angle    Proper Dih.  Improper Dih. Per. Imp. Dih.
    5.38935e+01    1.74526e+01    4.76750e-01    3.58390e+03    4.43967e-02
          LJ-14     Coulomb-14        LJ (SR)  Disper. corr.   Coulomb (SR)
    1.60878e+02    5.03293e+01    1.50893e+05   -3.91363e+03   -9.24035e+05
   Coul. recip.      Potential    Kinetic En.   Total Energy  Conserved En.
    2.37619e+03   -7.70813e+05    1.23590e+05   -6.47222e+05   -7.80709e+05
    Temperature Pres. DC (bar) Pressure (bar)   Constr. rmsd
    2.99123e+02   -1.18711e+02    6.78077e+27    1.95924e-06

           Step           Time
          43000       21.50000

   Energies (kJ/mol)
           Bond          Angle    Proper Dih.  Improper Dih. Per. Imp. Dih.
    5.38935e+01    1.74526e+01    4.76750e-01    3.58390e+03    4.43967e-02
          LJ-14     Coulomb-14        LJ (SR)  Disper. corr.   Coulomb (SR)
    1.60878e+02    5.03293e+01    1.50790e+05   -3.91363e+03   -9.22978e+05
   Coul. recip.      Potential    Kinetic En.   Total Energy  Conserved En.
    2.37268e+03   -7.69861e+05    1.23704e+05   -6.46158e+05   -7.80703e+05
    Temperature Pres. DC (bar) Pressure (bar)   Constr. rmsd
    2.99398e+02   -1.18711e+02    6.78077e+27    1.95924e-06

           Step           Time
          43100       21.55000

   Energies (kJ/mol)
           Bond          Angle    Proper Dih.  Improper Dih. Per. Imp. Dih.
    5.38935e+01    1.74526e+01    4.76750e-01    3.58390e+03    4.43967e-02
          LJ-14     Coulomb-14        LJ (SR)  Disper. corr.   Coulomb (SR)
    1.60878e+02    5.03293e+01    1.50641e+05   -3.91363e+03   -9.22885e+05
   Coul. recip.      Potential    Kinetic En.   Total Energy  Conserved En.
    2.37421e+03   -7.69917e+05    1.23402e+05   -6.46515e+05   -7.80711e+05
    Temperature Pres. DC (bar) Pressure (bar)   Constr. rmsd
    2.98668e+02   -1.18711e+02    6.78077e+27    1.95924e-06

           Step           Time
          43200       21.60000

   Energies (kJ/mol)
           Bond          Angle    Proper Dih.  Improper Dih. Per. Imp. Dih.
    5.38935e+01    1.74526e+01    4.76750e-01    3.58390e+03    4.43967e-02
          LJ-14     Coulomb-14        LJ (SR)  Disper. corr.   Coulomb (SR)
    1.60878e+02    5.03293e+01    1.49880e+05   -3.91363e+03   -9.21454e+05
   Coul. recip.      Potential    Kinetic En.   Total Energy  Conserved En.
    2.30541e+03   -7.69316e+05    1.22974e+05   -6.46341e+05   -7.80707e+05
    Temperature Pres. DC (bar) Pressure (bar)   Constr. rmsd
    2.97633e+02   -1.18711e+02    6.78077e+27    1.95924e-06

           Step           Time
          43300       21.65000

   Energies (kJ/mol)
           Bond          Angle    Proper Dih.  Improper Dih. Per. Imp. Dih.
    5.38935e+01    1.74526e+01    4.76750e-01    3.58390e+03    4.43967e-02
          LJ-14     Coulomb-14        LJ (SR)  Disper. corr.   Coulomb (SR)
    1.60878e+02    5.03293e+01    1.49666e+05   -3.91363e+03   -9.21821e+05
   Coul. recip.      Potential    Kinetic En.   Total Energy  Conserved En.
    2.30637e+03   -7.69896e+05    1.23790e+05   -6.46105e+05   -7.80701e+05
    Temperature Pres. DC (bar) Pressure (bar)   Constr. rmsd
    2.99608e+02   -1.18711e+02    6.78077e+27    1.95924e-06

           Step           Time
          43400       21.70000

   Energies (kJ/mol)
           Bond          Angle    Proper Dih.  Improper Dih. Per. Imp. Dih.
    5.38935e+01    1.74526e+01    4.76750e-01    3.58390e+03    4.43967e-02
          LJ-14     Coulomb-14        LJ (SR)  Disper. corr.   Coulomb (SR)
    1.60878e+02    5.03293e+01    1.49301e+05   -3.91363e+03   -9.20990e+05
   Coul. recip.      Potential    Kinetic En.   Total Energy  Conserved En.
    2.39736e+03   -7.69338e+05    1.23397e+05   -6.45940e+05   -7.80699e+05
    Temperature Pres. DC (bar) Pressure (bar)   Constr. rmsd
    2.98657e+02   -1.18711e+02    6.78077e+27    1.95924e-06

           Step           Time
          43500       21.75000

   Energies (kJ/mol)
           Bond          Angle    Proper Dih.  Improper Dih. Per. Imp. Dih.
    5.38935e+01    1.74526e+01    4.76750e-01    3.58390e+03    4.43967e-02
          LJ-14     Coulomb-14        LJ (SR)  Disper. corr.   Coulomb (SR)
    1.60878e+02    5.03293e+01    1.49855e+05   -3.91363e+03   -9.21368e+05
   Coul. recip.      Potential    Kinetic En.   Total Energy  Conserved En.
    2.37312e+03   -7.69186e+05    1.23700e+05   -6.45487e+05   -7.80703e+05
    Temperature Pres. DC (bar) Pressure (bar)   Constr. rmsd
    2.99388e+02   -1.18711e+02    6.78077e+27    1.95924e-06

           Step           Time
          43600       21.80000

   Energies (kJ/mol)
           Bond          Angle    Proper Dih.  Improper Dih. Per. Imp. Dih.
    5.38935e+01    1.74526e+01    4.76750e-01    3.58390e+03    4.43967e-02
          LJ-14     Coulomb-14        LJ (SR)  Disper. corr.   Coulomb (SR)
    1.60878e+02    5.03293e+01    1.50713e+05   -3.91363e+03   -9.22488e+05
   Coul. recip.      Potential    Kinetic En.   Total Energy  Conserved En.
    2.31983e+03   -7.69502e+05    1.24475e+05   -6.45027e+05   -7.80709e+05
    Temperature Pres. DC (bar) Pressure (bar)   Constr. rmsd
    3.01265e+02   -1.18711e+02    6.78077e+27    1.95924e-06

           Step           Time
          43700       21.85000

   Energies (kJ/mol)
           Bond          Angle    Proper Dih.  Improper Dih. Per. Imp. Dih.
    5.38935e+01    1.74526e+01    4.76750e-01    3.58390e+03    4.43967e-02
          LJ-14     Coulomb-14        LJ (SR)  Disper. corr.   Coulomb (SR)
    1.60878e+02    5.03293e+01    1.51131e+05   -3.91363e+03   -9.22968e+05
   Coul. recip.      Potential    Kinetic En.   Total Energy  Conserved En.
    2.35705e+03   -7.69527e+05    1.24813e+05   -6.44713e+05   -7.80706e+05
    Temperature Pres. DC (bar) Pressure (bar)   Constr. rmsd
    3.02083e+02   -1.18711e+02    6.78077e+27    1.95924e-06

           Step           Time
          43800       21.90000

   Energies (kJ/mol)
           Bond          Angle    Proper Dih.  Improper Dih. Per. Imp. Dih.
    5.38935e+01    1.74526e+01    4.76750e-01    3.58390e+03    4.43967e-02
          LJ-14     Coulomb-14        LJ (SR)  Disper. corr.   Coulomb (SR)
    1.60878e+02    5.03293e+01    1.51382e+05   -3.91363e+03   -9.22839e+05
   Coul. recip.      Potential    Kinetic En.   Total Energy  Conserved En.
    2.42615e+03   -7.69078e+05    1.25102e+05   -6.43976e+05   -7.80709e+05
    Temperature Pres. DC (bar) Pressure (bar)   Constr. rmsd
    3.02783e+02   -1.18711e+02    6.78077e+27    1.95924e-06

           Step           Time
          43900       21.95000

   Energies (kJ/mol)
           Bond          Angle    Proper Dih.  Improper Dih. Per. Imp. Dih.
    5.38935e+01    1.74526e+01    4.76750e-01    3.58390e+03    4.43967e-02
          LJ-14     Coulomb-14        LJ (SR)  Disper. corr.   Coulomb (SR)
    1.60878e+02    5.03293e+01    1.50137e+05   -3.91363e+03   -9.21030e+05
   Coul. recip.      Potential    Kinetic En.   Total Energy  Conserved En.
    2.39998e+03   -7.68540e+05    1.24116e+05   -6.44424e+05   -7.80711e+05
    Temperature Pres. DC (bar) Pressure (bar)   Constr. rmsd
    3.00395e+02   -1.18711e+02    6.78077e+27    1.95924e-06

           Step           Time
          44000       22.00000

   Energies (kJ/mol)
           Bond          Angle    Proper Dih.  Improper Dih. Per. Imp. Dih.
    5.38935e+01    1.74526e+01    4.76750e-01    3.58390e+03    4.43967e-02
          LJ-14     Coulomb-14        LJ (SR)  Disper. corr.   Coulomb (SR)
    1.60878e+02    5.03293e+01    1.50471e+05   -3.91363e+03   -9.21412e+05
   Coul. recip.      Potential    Kinetic En.   Total Energy  Conserved En.
    2.43661e+03   -7.68551e+05    1.24763e+05   -6.43788e+05   -7.80713e+05
    Temperature Pres. DC (bar) Pressure (bar)   Constr. rmsd
    3.01961e+02   -1.18711e+02    6.78077e+27    1.95924e-06

           Step           Time
          44100       22.05000

   Energies (kJ/mol)
           Bond          Angle    Proper Dih.  Improper Dih. Per. Imp. Dih.
    5.38935e+01    1.74526e+01    4.76750e-01    3.58390e+03    4.43967e-02
          LJ-14     Coulomb-14        LJ (SR)  Disper. corr.   Coulomb (SR)
    1.60878e+02    5.03293e+01    1.50583e+05   -3.91363e+03   -9.22277e+05
   Coul. recip.      Potential    Kinetic En.   Total Energy  Conserved En.
    2.40304e+03   -7.69337e+05    1.24432e+05   -6.44905e+05   -7.80705e+05
    Temperature Pres. DC (bar) Pressure (bar)   Constr. rmsd
    3.01161e+02   -1.18711e+02    6.78077e+27    1.95924e-06

           Step           Time
          44200       22.10000

   Energies (kJ/mol)
           Bond          Angle    Proper Dih.  Improper Dih. Per. Imp. Dih.
    5.38935e+01    1.74526e+01    4.76750e-01    3.58390e+03    4.43967e-02
          LJ-14     Coulomb-14        LJ (SR)  Disper. corr.   Coulomb (SR)
    1.60878e+02    5.03293e+01    1.49653e+05   -3.91363e+03   -9.21430e+05
   Coul. recip.      Potential    Kinetic En.   Total Energy  Conserved En.
    2.35712e+03   -7.69467e+05    1.25318e+05   -6.44149e+05   -7.80709e+05
    Temperature Pres. DC (bar) Pressure (bar)   Constr. rmsd
    3.03305e+02   -1.18711e+02    6.78077e+27    1.95924e-06

           Step           Time
          44300       22.15000

   Energies (kJ/mol)
           Bond          Angle    Proper Dih.  Improper Dih. Per. Imp. Dih.
    5.38935e+01    1.74526e+01    4.76750e-01    3.58390e+03    4.43967e-02
          LJ-14     Coulomb-14        LJ (SR)  Disper. corr.   Coulomb (SR)
    1.60878e+02    5.03293e+01    1.51092e+05   -3.91363e+03   -9.22205e+05
   Coul. recip.      Potential    Kinetic En.   Total Energy  Conserved En.
    2.39173e+03   -7.68768e+05    1.24728e+05   -6.44040e+05   -7.80706e+05
    Temperature Pres. DC (bar) Pressure (bar)   Constr. rmsd
    3.01876e+02   -1.18711e+02    6.78077e+27    1.95924e-06

           Step           Time
          44400       22.20000

   Energies (kJ/mol)
           Bond          Angle    Proper Dih.  Improper Dih. Per. Imp. Dih.
    5.38935e+01    1.74526e+01    4.76750e-01    3.58390e+03    4.43967e-02
          LJ-14     Coulomb-14        LJ (SR)  Disper. corr.   Coulomb (SR)
    1.60878e+02    5.03293e+01    1.51008e+05   -3.91363e+03   -9.22149e+05
   Coul. recip.      Potential    Kinetic En.   Total Energy  Conserved En.
    2.35913e+03   -7.68828e+05    1.24047e+05   -6.44782e+05   -7.80706e+05
    Temperature Pres. DC (bar) Pressure (bar)   Constr. rmsd
    3.00229e+02   -1.18711e+02    6.78077e+27    1.95924e-06

           Step           Time
          44500       22.25000

   Energies (kJ/mol)
           Bond          Angle    Proper Dih.  Improper Dih. Per. Imp. Dih.
    5.38935e+01    1.74526e+01    4.76750e-01    3.58390e+03    4.43967e-02
          LJ-14     Coulomb-14        LJ (SR)  Disper. corr.   Coulomb (SR)
    1.60878e+02    5.03293e+01    1.49705e+05   -3.91363e+03   -9.20723e+05
   Coul. recip.      Potential    Kinetic En.   Total Energy  Conserved En.
    2.36819e+03   -7.68696e+05    1.24159e+05   -6.44538e+05   -7.80709e+05
    Temperature Pres. DC (bar) Pressure (bar)   Constr. rmsd
    3.00499e+02   -1.18711e+02    6.78077e+27    1.95924e-06

           Step           Time
          44600       22.30000

   Energies (kJ/mol)
           Bond          Angle    Proper Dih.  Improper Dih. Per. Imp. Dih.
    5.38935e+01    1.74526e+01    4.76750e-01    3.58390e+03    4.43967e-02
          LJ-14     Coulomb-14        LJ (SR)  Disper. corr.   Coulomb (SR)
    1.60878e+02    5.03293e+01    1.50207e+05   -3.91363e+03   -9.21780e+05
   Coul. recip.      Potential    Kinetic En.   Total Energy  Conserved En.
    2.42861e+03   -7.69190e+05    1.24168e+05   -6.45022e+05   -7.80711e+05
    Temperature Pres. DC (bar) Pressure (bar)   Constr. rmsd
    3.00523e+02   -1.18711e+02    6.78077e+27    1.95924e-06

           Step           Time
          44700       22.35000

   Energies (kJ/mol)
           Bond          Angle    Proper Dih.  Improper Dih. Per. Imp. Dih.
    5.38935e+01    1.74526e+01    4.76750e-01    3.58390e+03    4.43967e-02
          LJ-14     Coulomb-14        LJ (SR)  Disper. corr.   Coulomb (SR)
    1.60878e+02    5.03293e+01    1.51297e+05   -3.91363e+03   -9.22643e+05
   Coul. recip.      Potential    Kinetic En.   Total Energy  Conserved En.
    2.33716e+03   -7.69056e+05    1.24181e+05   -6.44874e+05   -7.80709e+05
    Temperature Pres. DC (bar) Pressure (bar)   Constr. rmsd
    3.00554e+02   -1.18711e+02    6.78077e+27    1.95924e-06

           Step           Time
          44800       22.40000

   Energies (kJ/mol)
           Bond          Angle    Proper Dih.  Improper Dih. Per. Imp. Dih.
    5.38935e+01    1.74526e+01    4.76750e-01    3.58390e+03    4.43967e-02
          LJ-14     Coulomb-14        LJ (SR)  Disper. corr.   Coulomb (SR)
    1.60878e+02    5.03293e+01    1.51886e+05   -3.91363e+03   -9.22967e+05
   Coul. recip.      Potential    Kinetic En.   Total Energy  Conserved En.
    2.35538e+03   -7.68772e+05    1.23868e+05   -6.44904e+05   -7.80715e+05
    Temperature Pres. DC (bar) Pressure (bar)   Constr. rmsd
    2.99796e+02   -1.18711e+02    6.78077e+27    1.95924e-06

           Step           Time
          44900       22.45000

   Energies (kJ/mol)
           Bond          Angle    Proper Dih.  Improper Dih. Per. Imp. Dih.
    5.38935e+01    1.74526e+01    4.76750e-01    3.58390e+03    4.43967e-02
          LJ-14     Coulomb-14        LJ (SR)  Disper. corr.   Coulomb (SR)
    1.60878e+02    5.03293e+01    1.51017e+05   -3.91363e+03   -9.22831e+05
   Coul. recip.      Potential    Kinetic En.   Total Energy  Conserved En.
    2.38361e+03   -7.69477e+05    1.24229e+05   -6.45248e+05   -7.80716e+05
    Temperature Pres. DC (bar) Pressure (bar)   Constr. rmsd
    3.00670e+02   -1.18711e+02    6.78077e+27    1.95924e-06

           Step           Time
          45000       22.50000

   Energies (kJ/mol)
           Bond          Angle    Proper Dih.  Improper Dih. Per. Imp. Dih.
    5.38935e+01    1.74526e+01    4.76750e-01    3.58390e+03    4.43967e-02
          LJ-14     Coulomb-14        LJ (SR)  Disper. corr.   Coulomb (SR)
    1.60878e+02    5.03293e+01    1.49972e+05   -3.91363e+03   -9.21071e+05
   Coul. recip.      Potential    Kinetic En.   Total Energy  Conserved En.
    2.37876e+03   -7.68767e+05    1.23916e+05   -6.44851e+05   -7.80716e+05
    Temperature Pres. DC (bar) Pressure (bar)   Constr. rmsd
    2.99913e+02   -1.18711e+02    6.78077e+27    1.95924e-06

           Step           Time
          45100       22.55000

   Energies (kJ/mol)
           Bond          Angle    Proper Dih.  Improper Dih. Per. Imp. Dih.
    5.38935e+01    1.74526e+01    4.76750e-01    3.58390e+03    4.43967e-02
          LJ-14     Coulomb-14        LJ (SR)  Disper. corr.   Coulomb (SR)
    1.60878e+02    5.03293e+01    1.50743e+05   -3.91363e+03   -9.22062e+05
   Coul. recip.      Potential    Kinetic En.   Total Energy  Conserved En.
    2.40090e+03   -7.68964e+05    1.23824e+05   -6.45140e+05   -7.80714e+05
    Temperature Pres. DC (bar) Pressure (bar)   Constr. rmsd
    2.99689e+02   -1.18711e+02    6.78077e+27    1.95924e-06

           Step           Time
          45200       22.60000

   Energies (kJ/mol)
           Bond          Angle    Proper Dih.  Improper Dih. Per. Imp. Dih.
    5.38935e+01    1.74526e+01    4.76750e-01    3.58390e+03    4.43967e-02
          LJ-14     Coulomb-14        LJ (SR)  Disper. corr.   Coulomb (SR)
    1.60878e+02    5.03293e+01    1.49142e+05   -3.91363e+03   -9.20518e+05
   Coul. recip.      Potential    Kinetic En.   Total Energy  Conserved En.
    2.35556e+03   -7.69068e+05    1.24262e+05   -6.44806e+05   -7.80715e+05
    Temperature Pres. DC (bar) Pressure (bar)   Constr. rmsd
    3.00748e+02   -1.18711e+02    6.78077e+27    1.95924e-06

           Step           Time
          45300       22.65000

   Energies (kJ/mol)
           Bond          Angle    Proper Dih.  Improper Dih. Per. Imp. Dih.
    5.38935e+01    1.74526e+01    4.76750e-01    3.58390e+03    4.43967e-02
          LJ-14     Coulomb-14        LJ (SR)  Disper. corr.   Coulomb (SR)
    1.60878e+02    5.03293e+01    1.50324e+05   -3.91363e+03   -9.21984e+05
   Coul. recip.      Potential    Kinetic En.   Total Energy  Conserved En.
    2.37385e+03   -7.69333e+05    1.24902e+05   -6.44431e+05   -7.80713e+05
    Temperature Pres. DC (bar) Pressure (bar)   Constr. rmsd
    3.02298e+02   -1.18711e+02    6.78077e+27    1.95924e-06

           Step           Time
          45400       22.70000

   Energies (kJ/mol)
           Bond          Angle    Proper Dih.  Improper Dih. Per. Imp. Dih.
    5.38935e+01    1.74526e+01    4.76750e-01    3.58390e+03    4.43967e-02
          LJ-14     Coulomb-14        LJ (SR)  Disper. corr.   Coulomb (SR)
    1.60878e+02    5.03293e+01    1.51126e+05   -3.91363e+03   -9.22715e+05
   Coul. recip.      Potential    Kinetic En.   Total Energy  Conserved En.
    2.38021e+03   -7.69256e+05    1.24519e+05   -6.44737e+05   -7.80719e+05
    Temperature Pres. DC (bar) Pressure (bar)   Constr. rmsd
    3.01371e+02   -1.18711e+02    6.78077e+27    1.95924e-06

           Step           Time
          45500       22.75000

   Energies (kJ/mol)
           Bond          Angle    Proper Dih.  Improper Dih. Per. Imp. Dih.
    5.38935e+01    1.74526e+01    4.76750e-01    3.58390e+03    4.43967e-02
          LJ-14     Coulomb-14        LJ (SR)  Disper. corr.   Coulomb (SR)
    1.60878e+02    5.03293e+01    1.50326e+05   -3.91363e+03   -9.21163e+05
   Coul. recip.      Potential    Kinetic En.   Total Energy  Conserved En.
    2.36956e+03   -7.68515e+05    1.24082e+05   -6.44432e+05   -7.80714e+05
    Temperature Pres. DC (bar) Pressure (bar)   Constr. rmsd
    3.00315e+02   -1.18711e+02    6.78077e+27    1.95924e-06

           Step           Time
          45600       22.80000

   Energies (kJ/mol)
           Bond          Angle    Proper Dih.  Improper Dih. Per. Imp. Dih.
    5.38935e+01    1.74526e+01    4.76750e-01    3.58390e+03    4.43967e-02
          LJ-14     Coulomb-14        LJ (SR)  Disper. corr.   Coulomb (SR)
    1.60878e+02    5.03293e+01    1.50764e+05   -3.91363e+03   -9.22385e+05
   Coul. recip.      Potential    Kinetic En.   Total Energy  Conserved En.
    2.38073e+03   -7.69288e+05    1.24081e+05   -6.45207e+05   -7.80721e+05
    Temperature Pres. DC (bar) Pressure (bar)   Constr. rmsd
    3.00310e+02   -1.18711e+02    6.78077e+27    1.95924e-06

           Step           Time
          45700       22.85000

   Energies (kJ/mol)
           Bond          Angle    Proper Dih.  Improper Dih. Per. Imp. Dih.
    5.38935e+01    1.74526e+01    4.76750e-01    3.58390e+03    4.43967e-02
          LJ-14     Coulomb-14        LJ (SR)  Disper. corr.   Coulomb (SR)
    1.60878e+02    5.03293e+01    1.50143e+05   -3.91363e+03   -9.21820e+05
   Coul. recip.      Potential    Kinetic En.   Total Energy  Conserved En.
    2.37253e+03   -7.69350e+05    1.23904e+05   -6.45447e+05   -7.80717e+05
    Temperature Pres. DC (bar) Pressure (bar)   Constr. rmsd
    2.99882e+02   -1.18711e+02    6.78077e+27    1.95924e-06

           Step           Time
          45800       22.90000

   Energies (kJ/mol)
           Bond          Angle    Proper Dih.  Improper Dih. Per. Imp. Dih.
    5.38935e+01    1.74526e+01    4.76750e-01    3.58390e+03    4.43967e-02
          LJ-14     Coulomb-14        LJ (SR)  Disper. corr.   Coulomb (SR)
    1.60878e+02    5.03293e+01    1.47832e+05   -3.91363e+03   -9.19544e+05
   Coul. recip.      Potential    Kinetic En.   Total Energy  Conserved En.
    2.30001e+03   -7.69459e+05    1.24052e+05   -6.45408e+05   -7.80718e+05
    Temperature Pres. DC (bar) Pressure (bar)   Constr. rmsd
    3.00240e+02   -1.18711e+02    6.78077e+27    1.95924e-06

           Step           Time
          45900       22.95000

   Energies (kJ/mol)
           Bond          Angle    Proper Dih.  Improper Dih. Per. Imp. Dih.
    5.38935e+01    1.74526e+01    4.76750e-01    3.58390e+03    4.43967e-02
          LJ-14     Coulomb-14        LJ (SR)  Disper. corr.   Coulomb (SR)
    1.60878e+02    5.03293e+01    1.48679e+05   -3.91363e+03   -9.19428e+05
   Coul. recip.      Potential    Kinetic En.   Total Energy  Conserved En.
    2.35850e+03   -7.68437e+05    1.23165e+05   -6.45273e+05   -7.80719e+05
    Temperature Pres. DC (bar) Pressure (bar)   Constr. rmsd
    2.98093e+02   -1.18711e+02    6.78077e+27    1.95924e-06

           Step           Time
          46000       23.00000

   Energies (kJ/mol)
           Bond          Angle    Proper Dih.  Improper Dih. Per. Imp. Dih.
    5.38935e+01    1.74526e+01    4.76750e-01    3.58390e+03    4.43967e-02
          LJ-14     Coulomb-14        LJ (SR)  Disper. corr.   Coulomb (SR)
    1.60878e+02    5.03293e+01    1.49335e+05   -3.91363e+03   -9.20242e+05
   Coul. recip.      Potential    Kinetic En.   Total Energy  Conserved En.
    2.33681e+03   -7.68617e+05    1.23572e+05   -6.45045e+05   -7.80726e+05
    Temperature Pres. DC (bar) Pressure (bar)   Constr. rmsd
    2.99078e+02   -1.18711e+02    6.78077e+27    1.95924e-06

           Step           Time
          46100       23.05000

   Energies (kJ/mol)
           Bond          Angle    Proper Dih.  Improper Dih. Per. Imp. Dih.
    5.38935e+01    1.74526e+01    4.76750e-01    3.58390e+03    4.43967e-02
          LJ-14     Coulomb-14        LJ (SR)  Disper. corr.   Coulomb (SR)
    1.60878e+02    5.03293e+01    1.50153e+05   -3.91363e+03   -9.21800e+05
   Coul. recip.      Potential    Kinetic En.   Total Energy  Conserved En.
    2.37644e+03   -7.69317e+05    1.24623e+05   -6.44695e+05   -7.80719e+05
    Temperature Pres. DC (bar) Pressure (bar)   Constr. rmsd
    3.01622e+02   -1.18711e+02    6.78077e+27    1.95924e-06

           Step           Time
          46200       23.10000

   Energies (kJ/mol)
           Bond          Angle    Proper Dih.  Improper Dih. Per. Imp. Dih.
    5.38935e+01    1.74526e+01    4.76750e-01    3.58390e+03    4.43967e-02
          LJ-14     Coulomb-14        LJ (SR)  Disper. corr.   Coulomb (SR)
    1.60878e+02    5.03293e+01    1.51334e+05   -3.91363e+03   -9.21434e+05
   Coul. recip.      Potential    Kinetic En.   Total Energy  Conserved En.
    2.34465e+03   -7.67803e+05    1.24087e+05   -6.43716e+05   -7.80723e+05
    Temperature Pres. DC (bar) Pressure (bar)   Constr. rmsd
    3.00325e+02   -1.18711e+02    6.78077e+27    1.95924e-06

           Step           Time
          46300       23.15000

   Energies (kJ/mol)
           Bond          Angle    Proper Dih.  Improper Dih. Per. Imp. Dih.
    5.38935e+01    1.74526e+01    4.76750e-01    3.58390e+03    4.43967e-02
          LJ-14     Coulomb-14        LJ (SR)  Disper. corr.   Coulomb (SR)
    1.60878e+02    5.03293e+01    1.50227e+05   -3.91363e+03   -9.20986e+05
   Coul. recip.      Potential    Kinetic En.   Total Energy  Conserved En.
    2.32953e+03   -7.68476e+05    1.24323e+05   -6.44153e+05   -7.80726e+05
    Temperature Pres. DC (bar) Pressure (bar)   Constr. rmsd
    3.00897e+02   -1.18711e+02    6.78077e+27    1.95924e-06

           Step           Time
          46400       23.20000

   Energies (kJ/mol)
           Bond          Angle    Proper Dih.  Improper Dih. Per. Imp. Dih.
    5.38935e+01    1.74526e+01    4.76750e-01    3.58390e+03    4.43967e-02
          LJ-14     Coulomb-14        LJ (SR)  Disper. corr.   Coulomb (SR)
    1.60878e+02    5.03293e+01    1.48848e+05   -3.91363e+03   -9.18705e+05
   Coul. recip.      Potential    Kinetic En.   Total Energy  Conserved En.
    2.44620e+03   -7.67457e+05    1.23522e+05   -6.43935e+05   -7.80718e+05
    Temperature Pres. DC (bar) Pressure (bar)   Constr. rmsd
    2.98959e+02   -1.18711e+02    6.78077e+27    1.95924e-06

           Step           Time
          46500       23.25000

   Energies (kJ/mol)
           Bond          Angle    Proper Dih.  Improper Dih. Per. Imp. Dih.
    5.38935e+01    1.74526e+01    4.76750e-01    3.58390e+03    4.43967e-02
          LJ-14     Coulomb-14        LJ (SR)  Disper. corr.   Coulomb (SR)
    1.60878e+02    5.03293e+01    1.49736e+05   -3.91363e+03   -9.19530e+05
   Coul. recip.      Potential    Kinetic En.   Total Energy  Conserved En.
    2.32918e+03   -7.67512e+05    1.24344e+05   -6.43168e+05   -7.80715e+05
    Temperature Pres. DC (bar) Pressure (bar)   Constr. rmsd
    3.00948e+02   -1.18711e+02    6.78077e+27    1.95924e-06

           Step           Time
          46600       23.30000

   Energies (kJ/mol)
           Bond          Angle    Proper Dih.  Improper Dih. Per. Imp. Dih.
    5.38935e+01    1.74526e+01    4.76750e-01    3.58390e+03    4.43967e-02
          LJ-14     Coulomb-14        LJ (SR)  Disper. corr.   Coulomb (SR)
    1.60878e+02    5.03293e+01    1.47874e+05   -3.91363e+03   -9.17919e+05
   Coul. recip.      Potential    Kinetic En.   Total Energy  Conserved En.
    2.35986e+03   -7.67731e+05    1.24215e+05   -6.43517e+05   -7.80718e+05
    Temperature Pres. DC (bar) Pressure (bar)   Constr. rmsd
    3.00634e+02   -1.18711e+02    6.78077e+27    1.95924e-06

           Step           Time
          46700       23.35000

   Energies (kJ/mol)
           Bond          Angle    Proper Dih.  Improper Dih. Per. Imp. Dih.
    5.38935e+01    1.74526e+01    4.76750e-01    3.58390e+03    4.43967e-02
          LJ-14     Coulomb-14        LJ (SR)  Disper. corr.   Coulomb (SR)
    1.60878e+02    5.03293e+01    1.48973e+05   -3.91363e+03   -9.18300e+05
   Coul. recip.      Potential    Kinetic En.   Total Energy  Conserved En.
    2.39010e+03   -7.66983e+05    1.24063e+05   -6.42920e+05   -7.80729e+05
    Temperature Pres. DC (bar) Pressure (bar)   Constr. rmsd
    3.00267e+02   -1.18711e+02    6.78077e+27    1.95924e-06

           Step           Time
          46800       23.40000

   Energies (kJ/mol)
           Bond          Angle    Proper Dih.  Improper Dih. Per. Imp. Dih.
    5.38935e+01    1.74526e+01    4.76750e-01    3.58390e+03    4.43967e-02
          LJ-14     Coulomb-14        LJ (SR)  Disper. corr.   Coulomb (SR)
    1.60878e+02    5.03293e+01    1.50850e+05   -3.91363e+03   -9.20663e+05
   Coul. recip.      Potential    Kinetic En.   Total Energy  Conserved En.
    2.35876e+03   -7.67501e+05    1.23826e+05   -6.43675e+05   -7.80723e+05
    Temperature Pres. DC (bar) Pressure (bar)   Constr. rmsd
    2.99694e+02   -1.18711e+02    6.78077e+27    1.95924e-06

           Step           Time
          46900       23.45000

   Energies (kJ/mol)
           Bond          Angle    Proper Dih.  Improper Dih. Per. Imp. Dih.
    5.38935e+01    1.74526e+01    4.76750e-01    3.58390e+03    4.43967e-02
          LJ-14     Coulomb-14        LJ (SR)  Disper. corr.   Coulomb (SR)
    1.60878e+02    5.03293e+01    1.49870e+05   -3.91363e+03   -9.20493e+05
   Coul. recip.      Potential    Kinetic En.   Total Energy  Conserved En.
    2.36855e+03   -7.68302e+05    1.24640e+05   -6.43662e+05   -7.80726e+05
    Temperature Pres. DC (bar) Pressure (bar)   Constr. rmsd
    3.01665e+02   -1.18711e+02    6.78077e+27    1.95924e-06

           Step           Time
          47000       23.50000

   Energies (kJ/mol)
           Bond          Angle    Proper Dih.  Improper Dih. Per. Imp. Dih.
    5.38935e+01    1.74526e+01    4.76750e-01    3.58390e+03    4.43967e-02
          LJ-14     Coulomb-14        LJ (SR)  Disper. corr.   Coulomb (SR)
    1.60878e+02    5.03293e+01    1.49655e+05   -3.91363e+03   -9.19775e+05
   Coul. recip.      Potential    Kinetic En.   Total Energy  Conserved En.
    2.40013e+03   -7.67767e+05    1.24592e+05   -6.43174e+05   -7.80729e+05
    Temperature Pres. DC (bar) Pressure (bar)   Constr. rmsd
    3.01548e+02   -1.18711e+02    6.78077e+27    1.95924e-06

           Step           Time
          47100       23.55000

   Energies (kJ/mol)
           Bond          Angle    Proper Dih.  Improper Dih. Per. Imp. Dih.
    5.38935e+01    1.74526e+01    4.76750e-01    3.58390e+03    4.43967e-02
          LJ-14     Coulomb-14        LJ (SR)  Disper. corr.   Coulomb (SR)
    1.60878e+02    5.03293e+01    1.52184e+05   -3.91363e+03   -9.21383e+05
   Coul. recip.      Potential    Kinetic En.   Total Energy  Conserved En.
    2.41621e+03   -7.66830e+05    1.23909e+05   -6.42920e+05   -7.80725e+05
    Temperature Pres. DC (bar) Pressure (bar)   Constr. rmsd
    2.99895e+02   -1.18711e+02    6.78077e+27    1.95924e-06

           Step           Time
          47200       23.60000

   Energies (kJ/mol)
           Bond          Angle    Proper Dih.  Improper Dih. Per. Imp. Dih.
    5.38935e+01    1.74526e+01    4.76750e-01    3.58390e+03    4.43967e-02
          LJ-14     Coulomb-14        LJ (SR)  Disper. corr.   Coulomb (SR)
    1.60878e+02    5.03293e+01    1.50712e+05   -3.91363e+03   -9.20103e+05
   Coul. recip.      Potential    Kinetic En.   Total Energy  Conserved En.
    2.31475e+03   -7.67123e+05    1.24189e+05   -6.42933e+05   -7.80719e+05
    Temperature Pres. DC (bar) Pressure (bar)   Constr. rmsd
    3.00574e+02   -1.18711e+02    6.78077e+27    1.95924e-06

           Step           Time
          47300       23.65000

   Energies (kJ/mol)
           Bond          Angle    Proper Dih.  Improper Dih. Per. Imp. Dih.
    5.38935e+01    1.74526e+01    4.76750e-01    3.58390e+03    4.43967e-02
          LJ-14     Coulomb-14        LJ (SR)  Disper. corr.   Coulomb (SR)
    1.60878e+02    5.03293e+01    1.50231e+05   -3.91363e+03   -9.20232e+05
   Coul. recip.      Potential    Kinetic En.   Total Energy  Conserved En.
    2.44852e+03   -7.67599e+05    1.23477e+05   -6.44122e+05   -7.80731e+05
    Temperature Pres. DC (bar) Pressure (bar)   Constr. rmsd
    2.98849e+02   -1.18711e+02    6.78077e+27    1.95924e-06

           Step           Time
          47400       23.70000

   Energies (kJ/mol)
           Bond          Angle    Proper Dih.  Improper Dih. Per. Imp. Dih.
    5.38935e+01    1.74526e+01    4.76750e-01    3.58390e+03    4.43967e-02
          LJ-14     Coulomb-14        LJ (SR)  Disper. corr.   Coulomb (SR)
    1.60878e+02    5.03293e+01    1.50245e+05   -3.91363e+03   -9.21343e+05
   Coul. recip.      Potential    Kinetic En.   Total Energy  Conserved En.
    2.39361e+03   -7.68751e+05    1.24409e+05   -6.44342e+05   -7.80730e+05
    Temperature Pres. DC (bar) Pressure (bar)   Constr. rmsd
    3.01106e+02   -1.18711e+02    6.78077e+27    1.95924e-06

           Step           Time
          47500       23.75000

   Energies (kJ/mol)
           Bond          Angle    Proper Dih.  Improper Dih. Per. Imp. Dih.
    5.38935e+01    1.74526e+01    4.76750e-01    3.58390e+03    4.43967e-02
          LJ-14     Coulomb-14        LJ (SR)  Disper. corr.   Coulomb (SR)
    1.60878e+02    5.03293e+01    1.51459e+05   -3.91363e+03   -9.22928e+05
   Coul. recip.      Potential    Kinetic En.   Total Energy  Conserved En.
    2.43976e+03   -7.69076e+05    1.24802e+05   -6.44274e+05   -7.80731e+05
    Temperature Pres. DC (bar) Pressure (bar)   Constr. rmsd
    3.02057e+02   -1.18711e+02    6.78077e+27    1.95924e-06

           Step           Time
          47600       23.80000

   Energies (kJ/mol)
           Bond          Angle    Proper Dih.  Improper Dih. Per. Imp. Dih.
    5.38935e+01    1.74526e+01    4.76750e-01    3.58390e+03    4.43967e-02
          LJ-14     Coulomb-14        LJ (SR)  Disper. corr.   Coulomb (SR)
    1.60878e+02    5.03293e+01    1.50982e+05   -3.91363e+03   -9.21436e+05
   Coul. recip.      Potential    Kinetic En.   Total Energy  Conserved En.
    2.43235e+03   -7.68068e+05    1.23729e+05   -6.44339e+05   -7.80720e+05
    Temperature Pres. DC (bar) Pressure (bar)   Constr. rmsd
    2.99460e+02   -1.18711e+02    6.78077e+27    1.95924e-06

           Step           Time
          47700       23.85000

   Energies (kJ/mol)
           Bond          Angle    Proper Dih.  Improper Dih. Per. Imp. Dih.
    5.38935e+01    1.74526e+01    4.76750e-01    3.58390e+03    4.43967e-02
          LJ-14     Coulomb-14        LJ (SR)  Disper. corr.   Coulomb (SR)
    1.60878e+02    5.03293e+01    1.49606e+05   -3.91363e+03   -9.19937e+05
   Coul. recip.      Potential    Kinetic En.   Total Energy  Conserved En.
    2.42419e+03   -7.67953e+05    1.23572e+05   -6.44382e+05   -7.80732e+05
    Temperature Pres. DC (bar) Pressure (bar)   Constr. rmsd
    2.99078e+02   -1.18711e+02    6.78077e+27    1.95924e-06

           Step           Time
          47800       23.90000

   Energies (kJ/mol)
           Bond          Angle    Proper Dih.  Improper Dih. Per. Imp. Dih.
    5.38935e+01    1.74526e+01    4.76750e-01    3.58390e+03    4.43967e-02
          LJ-14     Coulomb-14        LJ (SR)  Disper. corr.   Coulomb (SR)
    1.60878e+02    5.03293e+01    1.48828e+05   -3.91363e+03   -9.18523e+05
   Coul. recip.      Potential    Kinetic En.   Total Energy  Conserved En.
    2.40181e+03   -7.67340e+05    1.23668e+05   -6.43672e+05   -7.80730e+05
    Temperature Pres. DC (bar) Pressure (bar)   Constr. rmsd
    2.99310e+02   -1.18711e+02    6.78077e+27    1.95924e-06

           Step           Time
          47900       23.95000

   Energies (kJ/mol)
           Bond          Angle    Proper Dih.  Improper Dih. Per. Imp. Dih.
    5.38935e+01    1.74526e+01    4.76750e-01    3.58390e+03    4.43967e-02
          LJ-14     Coulomb-14        LJ (SR)  Disper. corr.   Coulomb (SR)
    1.60878e+02    5.03293e+01    1.49147e+05   -3.91363e+03   -9.19635e+05
   Coul. recip.      Potential    Kinetic En.   Total Energy  Conserved En.
    2.40058e+03   -7.68135e+05    1.24162e+05   -6.43973e+05   -7.80728e+05
    Temperature Pres. DC (bar) Pressure (bar)   Constr. rmsd
    3.00506e+02   -1.18711e+02    6.78077e+27    1.95924e-06

           Step           Time
          48000       24.00000

   Energies (kJ/mol)
           Bond          Angle    Proper Dih.  Improper Dih. Per. Imp. Dih.
    5.38935e+01    1.74526e+01    4.76750e-01    3.58390e+03    4.43967e-02
          LJ-14     Coulomb-14        LJ (SR)  Disper. corr.   Coulomb (SR)
    1.60878e+02    5.03293e+01    1.50760e+05   -3.91363e+03   -9.20715e+05
   Coul. recip.      Potential    Kinetic En.   Total Energy  Conserved En.
    2.43113e+03   -7.67571e+05    1.23743e+05   -6.43828e+05   -7.80726e+05
    Temperature Pres. DC (bar) Pressure (bar)   Constr. rmsd
    2.99494e+02   -1.18711e+02    6.78077e+27    1.95924e-06

           Step           Time
          48100       24.05000

   Energies (kJ/mol)
           Bond          Angle    Proper Dih.  Improper Dih. Per. Imp. Dih.
    5.38935e+01    1.74526e+01    4.76750e-01    3.58390e+03    4.43967e-02
          LJ-14     Coulomb-14        LJ (SR)  Disper. corr.   Coulomb (SR)
    1.60878e+02    5.03293e+01    1.50209e+05   -3.91363e+03   -9.20334e+05
   Coul. recip.      Potential    Kinetic En.   Total Energy  Conserved En.
    2.42893e+03   -7.67742e+05    1.24290e+05   -6.43452e+05   -7.80728e+05
    Temperature Pres. DC (bar) Pressure (bar)   Constr. rmsd
    3.00817e+02   -1.18711e+02    6.78077e+27    1.95924e-06

           Step           Time
          48200       24.10000

   Energies (kJ/mol)
           Bond          Angle    Proper Dih.  Improper Dih. Per. Imp. Dih.
    5.38935e+01    1.74526e+01    4.76750e-01    3.58390e+03    4.43967e-02
          LJ-14     Coulomb-14        LJ (SR)  Disper. corr.   Coulomb (SR)
    1.60878e+02    5.03293e+01    1.50773e+05   -3.91363e+03   -9.21485e+05
   Coul. recip.      Potential    Kinetic En.   Total Energy  Conserved En.
    2.41168e+03   -7.68347e+05    1.24629e+05   -6.43718e+05   -7.80720e+05
    Temperature Pres. DC (bar) Pressure (bar)   Constr. rmsd
    3.01638e+02   -1.18711e+02    6.78077e+27    1.95924e-06

           Step           Time
          48300       24.15000

   Energies (kJ/mol)
           Bond          Angle    Proper Dih.  Improper Dih. Per. Imp. Dih.
    5.38935e+01    1.74526e+01    4.76750e-01    3.58390e+03    4.43967e-02
          LJ-14     Coulomb-14        LJ (SR)  Disper. corr.   Coulomb (SR)
    1.60878e+02    5.03293e+01    1.49414e+05   -3.91363e+03   -9.19884e+05
   Coul. recip.      Potential    Kinetic En.   Total Energy  Conserved En.
    2.42874e+03   -7.68087e+05    1.24610e+05   -6.43477e+05   -7.80731e+05
    Temperature Pres. DC (bar) Pressure (bar)   Constr. rmsd
    3.01591e+02   -1.18711e+02    6.78077e+27    1.95924e-06

           Step           Time
          48400       24.20000

   Energies (kJ/mol)
           Bond          Angle    Proper Dih.  Improper Dih. Per. Imp. Dih.
    5.38935e+01    1.74526e+01    4.76750e-01    3.58390e+03    4.43967e-02
          LJ-14     Coulomb-14        LJ (SR)  Disper. corr.   Coulomb (SR)
    1.60878e+02    5.03293e+01    1.48841e+05   -3.91363e+03   -9.19116e+05
   Coul. recip.      Potential    Kinetic En.   Total Energy  Conserved En.
    2.42727e+03   -7.67894e+05    1.23797e+05   -6.44098e+05   -7.80740e+05
    Temperature Pres. DC (bar) Pressure (bar)   Constr. rmsd
    2.99623e+02   -1.18711e+02    6.78077e+27    1.95924e-06

           Step           Time
          48500       24.25000

   Energies (kJ/mol)
           Bond          Angle    Proper Dih.  Improper Dih. Per. Imp. Dih.
    5.38935e+01    1.74526e+01    4.76750e-01    3.58390e+03    4.43967e-02
          LJ-14     Coulomb-14        LJ (SR)  Disper. corr.   Coulomb (SR)
    1.60878e+02    5.03293e+01    1.50190e+05   -3.91363e+03   -9.20134e+05
   Coul. recip.      Potential    Kinetic En.   Total Energy  Conserved En.
    2.43628e+03   -7.67555e+05    1.24934e+05   -6.42621e+05   -7.80729e+05
    Temperature Pres. DC (bar) Pressure (bar)   Constr. rmsd
    3.02376e+02   -1.18711e+02    6.78077e+27    1.95924e-06

           Step           Time
          48600       24.30000

   Energies (kJ/mol)
           Bond          Angle    Proper Dih.  Improper Dih. Per. Imp. Dih.
    5.38935e+01    1.74526e+01    4.76750e-01    3.58390e+03    4.43967e-02
          LJ-14     Coulomb-14        LJ (SR)  Disper. corr.   Coulomb (SR)
    1.60878e+02    5.03293e+01    1.49934e+05   -3.91363e+03   -9.20799e+05
   Coul. recip.      Potential    Kinetic En.   Total Energy  Conserved En.
    2.34423e+03   -7.68567e+05    1.24680e+05   -6.43887e+05   -7.80727e+05
    Temperature Pres. DC (bar) Pressure (bar)   Constr. rmsd
    3.01762e+02   -1.18711e+02    6.78077e+27    1.95924e-06

           Step           Time
          48700       24.35000

   Energies (kJ/mol)
           Bond          Angle    Proper Dih.  Improper Dih. Per. Imp. Dih.
    5.38935e+01    1.74526e+01    4.76750e-01    3.58390e+03    4.43967e-02
          LJ-14     Coulomb-14        LJ (SR)  Disper. corr.   Coulomb (SR)
    1.60878e+02    5.03293e+01    1.49727e+05   -3.91363e+03   -9.20354e+05
   Coul. recip.      Potential    Kinetic En.   Total Energy  Conserved En.
    2.34532e+03   -7.68328e+05    1.23974e+05   -6.44354e+05   -7.80736e+05
    Temperature Pres. DC (bar) Pressure (bar)   Constr. rmsd
    3.00052e+02   -1.18711e+02    6.78077e+27    1.95924e-06

           Step           Time
          48800       24.40000

   Energies (kJ/mol)
           Bond          Angle    Proper Dih.  Improper Dih. Per. Imp. Dih.
    5.38935e+01    1.74526e+01    4.76750e-01    3.58390e+03    4.43967e-02
          LJ-14     Coulomb-14        LJ (SR)  Disper. corr.   Coulomb (SR)
    1.60878e+02    5.03293e+01    1.48381e+05   -3.91363e+03   -9.18328e+05
   Coul. recip.      Potential    Kinetic En.   Total Energy  Conserved En.
    2.31593e+03   -7.67678e+05    1.23358e+05   -6.44321e+05   -7.80718e+05
    Temperature Pres. DC (bar) Pressure (bar)   Constr. rmsd
    2.98560e+02   -1.18711e+02    6.78077e+27    1.95924e-06

           Step           Time
          48900       24.45000

   Energies (kJ/mol)
           Bond          Angle    Proper Dih.  Improper Dih. Per. Imp. Dih.
    5.38935e+01    1.74526e+01    4.76750e-01    3.58390e+03    4.43967e-02
          LJ-14     Coulomb-14        LJ (SR)  Disper. corr.   Coulomb (SR)
    1.60878e+02    5.03293e+01    1.48476e+05   -3.91363e+03   -9.19284e+05
   Coul. recip.      Potential    Kinetic En.   Total Energy  Conserved En.
    2.38938e+03   -7.68464e+05    1.24377e+05   -6.44087e+05   -7.80731e+05
    Temperature Pres. DC (bar) Pressure (bar)   Constr. rmsd
    3.01028e+02   -1.18711e+02    6.78077e+27    1.95924e-06

           Step           Time
          49000       24.50000

   Energies (kJ/mol)
           Bond          Angle    Proper Dih.  Improper Dih. Per. Imp. Dih.
    5.38935e+01    1.74526e+01    4.76750e-01    3.58390e+03    4.43967e-02
          LJ-14     Coulomb-14        LJ (SR)  Disper. corr.   Coulomb (SR)
    1.60878e+02    5.03293e+01    1.48498e+05   -3.91363e+03   -9.19498e+05
   Coul. recip.      Potential    Kinetic En.   Total Energy  Conserved En.
    2.36300e+03   -7.68683e+05    1.24465e+05   -6.44218e+05   -7.80726e+05
    Temperature Pres. DC (bar) Pressure (bar)   Constr. rmsd
    3.01241e+02   -1.18711e+02    6.78077e+27    1.95924e-06

           Step           Time
          49100       24.55000

   Energies (kJ/mol)
           Bond          Angle    Proper Dih.  Improper Dih. Per. Imp. Dih.
    5.38935e+01    1.74526e+01    4.76750e-01    3.58390e+03    4.43967e-02
          LJ-14     Coulomb-14        LJ (SR)  Disper. corr.   Coulomb (SR)
    1.60878e+02    5.03293e+01    1.48349e+05   -3.91363e+03   -9.18840e+05
   Coul. recip.      Potential    Kinetic En.   Total Energy  Conserved En.
    2.30324e+03   -7.68235e+05    1.23019e+05   -6.45216e+05   -7.80732e+05
    Temperature Pres. DC (bar) Pressure (bar)   Constr. rmsd
    2.97740e+02   -1.18711e+02    6.78077e+27    1.95924e-06

           Step           Time
          49200       24.60000

   Energies (kJ/mol)
           Bond          Angle    Proper Dih.  Improper Dih. Per. Imp. Dih.
    5.38935e+01    1.74526e+01    4.76750e-01    3.58390e+03    4.43967e-02
          LJ-14     Coulomb-14        LJ (SR)  Disper. corr.   Coulomb (SR)
    1.60878e+02    5.03293e+01    1.48606e+05   -3.91363e+03   -9.19220e+05
   Coul. recip.      Potential    Kinetic En.   Total Energy  Conserved En.
    2.29450e+03   -7.68366e+05    1.23330e+05   -6.45036e+05   -7.80730e+05
    Temperature Pres. DC (bar) Pressure (bar)   Constr. rmsd
    2.98493e+02   -1.18711e+02    6.78077e+27    1.95924e-06

           Step           Time
          49300       24.65000

   Energies (kJ/mol)
           Bond          Angle    Proper Dih.  Improper Dih. Per. Imp. Dih.
    5.38935e+01    1.74526e+01    4.76750e-01    3.58390e+03    4.43967e-02
          LJ-14     Coulomb-14        LJ (SR)  Disper. corr.   Coulomb (SR)
    1.60878e+02    5.03293e+01    1.49618e+05   -3.91363e+03   -9.20830e+05
   Coul. recip.      Potential    Kinetic En.   Total Energy  Conserved En.
    2.35678e+03   -7.68903e+05    1.23223e+05   -6.45680e+05   -7.80737e+05
    Temperature Pres. DC (bar) Pressure (bar)   Constr. rmsd
    2.98235e+02   -1.18711e+02    6.78077e+27    1.95924e-06

           Step           Time
          49400       24.70000

   Energies (kJ/mol)
           Bond          Angle    Proper Dih.  Improper Dih. Per. Imp. Dih.
    5.38935e+01    1.74526e+01    4.76750e-01    3.58390e+03    4.43967e-02
          LJ-14     Coulomb-14        LJ (SR)  Disper. corr.   Coulomb (SR)
    1.60878e+02    5.03293e+01    1.50251e+05   -3.91363e+03   -9.21975e+05
   Coul. recip.      Potential    Kinetic En.   Total Energy  Conserved En.
    2.31453e+03   -7.69456e+05    1.23831e+05   -6.45625e+05   -7.80738e+05
    Temperature Pres. DC (bar) Pressure (bar)   Constr. rmsd
    2.99705e+02   -1.18711e+02    6.78077e+27    1.95924e-06

           Step           Time
          49500       24.75000

   Energies (kJ/mol)
           Bond          Angle    Proper Dih.  Improper Dih. Per. Imp. Dih.
    5.38935e+01    1.74526e+01    4.76750e-01    3.58390e+03    4.43967e-02
          LJ-14     Coulomb-14        LJ (SR)  Disper. corr.   Coulomb (SR)
    1.60878e+02    5.03293e+01    1.49421e+05   -3.91363e+03   -9.20787e+05
   Coul. recip.      Potential    Kinetic En.   Total Energy  Conserved En.
    2.36792e+03   -7.69045e+05    1.23029e+05   -6.46016e+05   -7.80738e+05
    Temperature Pres. DC (bar) Pressure (bar)   Constr. rmsd
    2.97765e+02   -1.18711e+02    6.78077e+27    1.95924e-06

           Step           Time
          49600       24.80000

   Energies (kJ/mol)
           Bond          Angle    Proper Dih.  Improper Dih. Per. Imp. Dih.
    5.38935e+01    1.74526e+01    4.76750e-01    3.58390e+03    4.43967e-02
          LJ-14     Coulomb-14        LJ (SR)  Disper. corr.   Coulomb (SR)
    1.60878e+02    5.03293e+01    1.49198e+05   -3.91363e+03   -9.20655e+05
   Coul. recip.      Potential    Kinetic En.   Total Energy  Conserved En.
    2.38794e+03   -7.69115e+05    1.22996e+05   -6.46119e+05   -7.80739e+05
    Temperature Pres. DC (bar) Pressure (bar)   Constr. rmsd
    2.97686e+02   -1.18711e+02    6.78077e+27    1.95924e-06

           Step           Time
          49700       24.85000

   Energies (kJ/mol)
           Bond          Angle    Proper Dih.  Improper Dih. Per. Imp. Dih.
    5.38935e+01    1.74526e+01    4.76750e-01    3.58390e+03    4.43967e-02
          LJ-14     Coulomb-14        LJ (SR)  Disper. corr.   Coulomb (SR)
    1.60878e+02    5.03293e+01    1.50264e+05   -3.91363e+03   -9.21716e+05
   Coul. recip.      Potential    Kinetic En.   Total Energy  Conserved En.
    2.37554e+03   -7.69123e+05    1.23942e+05   -6.45181e+05   -7.80734e+05
    Temperature Pres. DC (bar) Pressure (bar)   Constr. rmsd
    2.99974e+02   -1.18711e+02    6.78077e+27    1.95924e-06

           Step           Time
          49800       24.90000

   Energies (kJ/mol)
           Bond          Angle    Proper Dih.  Improper Dih. Per. Imp. Dih.
    5.38935e+01    1.74526e+01    4.76750e-01    3.58390e+03    4.43967e-02
          LJ-14     Coulomb-14        LJ (SR)  Disper. corr.   Coulomb (SR)
    1.60878e+02    5.03293e+01    1.50249e+05   -3.91363e+03   -9.22146e+05
   Coul. recip.      Potential    Kinetic En.   Total Energy  Conserved En.
    2.34331e+03   -7.69600e+05    1.24480e+05   -6.45120e+05   -7.80734e+05
    Temperature Pres. DC (bar) Pressure (bar)   Constr. rmsd
    3.01276e+02   -1.18711e+02    6.78077e+27    1.95924e-06

           Step           Time
          49900       24.95000

   Energies (kJ/mol)
           Bond          Angle    Proper Dih.  Improper Dih. Per. Imp. Dih.
    5.38935e+01    1.74526e+01    4.76750e-01    3.58390e+03    4.43967e-02
          LJ-14     Coulomb-14        LJ (SR)  Disper. corr.   Coulomb (SR)
    1.60878e+02    5.03293e+01    1.50856e+05   -3.91363e+03   -9.22757e+05
   Coul. recip.      Potential    Kinetic En.   Total Energy  Conserved En.
    2.36512e+03   -7.69583e+05    1.23527e+05   -6.46055e+05   -7.80729e+05
    Temperature Pres. DC (bar) Pressure (bar)   Constr. rmsd
    2.98971e+02   -1.18711e+02    6.78077e+27    1.95924e-06

           Step           Time
          50000       25.00000

   Energies (kJ/mol)
           Bond          Angle    Proper Dih.  Improper Dih. Per. Imp. Dih.
    5.38935e+01    1.74526e+01    4.76750e-01    3.58390e+03    4.43967e-02
          LJ-14     Coulomb-14        LJ (SR)  Disper. corr.   Coulomb (SR)
    1.60878e+02    5.03293e+01    1.50065e+05   -3.91363e+03   -9.21516e+05
   Coul. recip.      Potential    Kinetic En.   Total Energy  Conserved En.
    2.28016e+03   -7.69218e+05    1.23291e+05   -6.45926e+05   -7.80741e+05
    Temperature Pres. DC (bar) Pressure (bar)   Constr. rmsd
    2.98400e+02   -1.18711e+02    6.78077e+27    1.95924e-06

           Step           Time
          50100       25.05000

   Energies (kJ/mol)
           Bond          Angle    Proper Dih.  Improper Dih. Per. Imp. Dih.
    5.38935e+01    1.74526e+01    4.76750e-01    3.58390e+03    4.43967e-02
          LJ-14     Coulomb-14        LJ (SR)  Disper. corr.   Coulomb (SR)
    1.60878e+02    5.03293e+01    1.49526e+05   -3.91363e+03   -9.20986e+05
   Coul. recip.      Potential    Kinetic En.   Total Energy  Conserved En.
    2.38513e+03   -7.69122e+05    1.23764e+05   -6.45357e+05   -7.80736e+05
    Temperature Pres. DC (bar) Pressure (bar)   Constr. rmsd
    2.99545e+02   -1.18711e+02    6.78077e+27    1.95924e-06

           Step           Time
          50200       25.10000

   Energies (kJ/mol)
           Bond          Angle    Proper Dih.  Improper Dih. Per. Imp. Dih.
    5.38935e+01    1.74526e+01    4.76750e-01    3.58390e+03    4.43967e-02
          LJ-14     Coulomb-14        LJ (SR)  Disper. corr.   Coulomb (SR)
    1.60878e+02    5.03293e+01    1.51017e+05   -3.91363e+03   -9.22223e+05
   Coul. recip.      Potential    Kinetic En.   Total Energy  Conserved En.
    2.40342e+03   -7.68849e+05    1.24137e+05   -6.44711e+05   -7.80734e+05
    Temperature Pres. DC (bar) Pressure (bar)   Constr. rmsd
    3.00447e+02   -1.18711e+02    6.78077e+27    1.95924e-06

           Step           Time
          50300       25.15000

   Energies (kJ/mol)
           Bond          Angle    Proper Dih.  Improper Dih. Per. Imp. Dih.
    5.38935e+01    1.74526e+01    4.76750e-01    3.58390e+03    4.43967e-02
          LJ-14     Coulomb-14        LJ (SR)  Disper. corr.   Coulomb (SR)
    1.60878e+02    5.03293e+01    1.49702e+05   -3.91363e+03   -9.21471e+05
   Coul. recip.      Potential    Kinetic En.   Total Energy  Conserved En.
    2.40278e+03   -7.69413e+05    1.23881e+05   -6.45532e+05   -7.80736e+05
    Temperature Pres. DC (bar) Pressure (bar)   Constr. rmsd
    2.99827e+02   -1.18711e+02    6.78077e+27    1.95924e-06

           Step           Time
          50400       25.20000

   Energies (kJ/mol)
           Bond          Angle    Proper Dih.  Improper Dih. Per. Imp. Dih.
    5.38935e+01    1.74526e+01    4.76750e-01    3.58390e+03    4.43967e-02
          LJ-14     Coulomb-14        LJ (SR)  Disper. corr.   Coulomb (SR)
    1.60878e+02    5.03293e+01    1.51605e+05   -3.91363e+03   -9.22644e+05
   Coul. recip.      Potential    Kinetic En.   Total Energy  Conserved En.
    2.39281e+03   -7.68694e+05    1.23770e+05   -6.44924e+05   -7.80736e+05
    Temperature Pres. DC (bar) Pressure (bar)   Constr. rmsd
    2.99557e+02   -1.18711e+02    6.78077e+27    1.95924e-06

           Step           Time
          50500       25.25000

   Energies (kJ/mol)
           Bond          Angle    Proper Dih.  Improper Dih. Per. Imp. Dih.
    5.38935e+01    1.74526e+01    4.76750e-01    3.58390e+03    4.43967e-02
          LJ-14     Coulomb-14        LJ (SR)  Disper. corr.   Coulomb (SR)
    1.60878e+02    5.03293e+01    1.51288e+05   -3.91363e+03   -9.22675e+05
   Coul. recip.      Potential    Kinetic En.   Total Energy  Conserved En.
    2.35482e+03   -7.69080e+05    1.23928e+05   -6.45152e+05   -7.80741e+05
    Temperature Pres. DC (bar) Pressure (bar)   Constr. rmsd
    2.99940e+02   -1.18711e+02    6.78077e+27    1.95924e-06

           Step           Time
          50600       25.30000

   Energies (kJ/mol)
           Bond          Angle    Proper Dih.  Improper Dih. Per. Imp. Dih.
    5.38935e+01    1.74526e+01    4.76750e-01    3.58390e+03    4.43967e-02
          LJ-14     Coulomb-14        LJ (SR)  Disper. corr.   Coulomb (SR)
    1.60878e+02    5.03293e+01    1.49228e+05   -3.91363e+03   -9.20626e+05
   Coul. recip.      Potential    Kinetic En.   Total Energy  Conserved En.
    2.39371e+03   -7.69051e+05    1.24476e+05   -6.44575e+05   -7.80743e+05
    Temperature Pres. DC (bar) Pressure (bar)   Constr. rmsd
    3.01268e+02   -1.18711e+02    6.78077e+27    1.95924e-06

           Step           Time
          50700       25.35000

   Energies (kJ/mol)
           Bond          Angle    Proper Dih.  Improper Dih. Per. Imp. Dih.
    5.38935e+01    1.74526e+01    4.76750e-01    3.58390e+03    4.43967e-02
          LJ-14     Coulomb-14        LJ (SR)  Disper. corr.   Coulomb (SR)
    1.60878e+02    5.03293e+01    1.49116e+05   -3.91363e+03   -9.20133e+05
   Coul. recip.      Potential    Kinetic En.   Total Energy  Conserved En.
    2.35436e+03   -7.68710e+05    1.24660e+05   -6.44050e+05   -7.80738e+05
    Temperature Pres. DC (bar) Pressure (bar)   Constr. rmsd
    3.01713e+02   -1.18711e+02    6.78077e+27    1.95924e-06

           Step           Time
          50800       25.40000

   Energies (kJ/mol)
           Bond          Angle    Proper Dih.  Improper Dih. Per. Imp. Dih.
    5.38935e+01    1.74526e+01    4.76750e-01    3.58390e+03    4.43967e-02
          LJ-14     Coulomb-14        LJ (SR)  Disper. corr.   Coulomb (SR)
    1.60878e+02    5.03293e+01    1.48849e+05   -3.91363e+03   -9.20058e+05
   Coul. recip.      Potential    Kinetic En.   Total Energy  Conserved En.
    2.33058e+03   -7.68925e+05    1.24148e+05   -6.44777e+05   -7.80733e+05
    Temperature Pres. DC (bar) Pressure (bar)   Constr. rmsd
    3.00474e+02   -1.18711e+02    6.78077e+27    1.95924e-06

           Step           Time
          50900       25.45000

   Energies (kJ/mol)
           Bond          Angle    Proper Dih.  Improper Dih. Per. Imp. Dih.
    5.38935e+01    1.74526e+01    4.76750e-01    3.58390e+03    4.43967e-02
          LJ-14     Coulomb-14        LJ (SR)  Disper. corr.   Coulomb (SR)
    1.60878e+02    5.03293e+01    1.49873e+05   -3.91363e+03   -9.21012e+05
   Coul. recip.      Potential    Kinetic En.   Total Energy  Conserved En.
    2.32253e+03   -7.68863e+05    1.23669e+05   -6.45195e+05   -7.80739e+05
    Temperature Pres. DC (bar) Pressure (bar)   Constr. rmsd
    2.99313e+02   -1.18711e+02    6.78077e+27    1.95924e-06

           Step           Time
          51000       25.50000

   Energies (kJ/mol)
           Bond          Angle    Proper Dih.  Improper Dih. Per. Imp. Dih.
    5.38935e+01    1.74526e+01    4.76750e-01    3.58390e+03    4.43967e-02
          LJ-14     Coulomb-14        LJ (SR)  Disper. corr.   Coulomb (SR)
    1.60878e+02    5.03293e+01    1.50065e+05   -3.91363e+03   -9.21142e+05
   Coul. recip.      Potential    Kinetic En.   Total Energy  Conserved En.
    2.34234e+03   -7.68781e+05    1.23427e+05   -6.45354e+05   -7.80741e+05
    Temperature Pres. DC (bar) Pressure (bar)   Constr. rmsd
    2.98729e+02   -1.18711e+02    6.78077e+27    1.95924e-06

           Step           Time
          51100       25.55000

   Energies (kJ/mol)
           Bond          Angle    Proper Dih.  Improper Dih. Per. Imp. Dih.
    5.38935e+01    1.74526e+01    4.76750e-01    3.58390e+03    4.43967e-02
          LJ-14     Coulomb-14        LJ (SR)  Disper. corr.   Coulomb (SR)
    1.60878e+02    5.03293e+01    1.49307e+05   -3.91363e+03   -9.20371e+05
   Coul. recip.      Potential    Kinetic En.   Total Energy  Conserved En.
    2.32440e+03   -7.68786e+05    1.23860e+05   -6.44927e+05   -7.80739e+05
    Temperature Pres. DC (bar) Pressure (bar)   Constr. rmsd
    2.99776e+02   -1.18711e+02    6.78077e+27    1.95924e-06

           Step           Time
          51200       25.60000

   Energies (kJ/mol)
           Bond          Angle    Proper Dih.  Improper Dih. Per. Imp. Dih.
    5.38935e+01    1.74526e+01    4.76750e-01    3.58390e+03    4.43967e-02
          LJ-14     Coulomb-14        LJ (SR)  Disper. corr.   Coulomb (SR)
    1.60878e+02    5.03293e+01    1.48665e+05   -3.91363e+03   -9.19426e+05
   Coul. recip.      Potential    Kinetic En.   Total Energy  Conserved En.
    2.42986e+03   -7.68378e+05    1.22306e+05   -6.46072e+05   -7.80745e+05
    Temperature Pres. DC (bar) Pressure (bar)   Constr. rmsd
    2.96014e+02   -1.18711e+02    6.78077e+27    1.95924e-06

           Step           Time
          51300       25.65000

   Energies (kJ/mol)
           Bond          Angle    Proper Dih.  Improper Dih. Per. Imp. Dih.
    5.38935e+01    1.74526e+01    4.76750e-01    3.58390e+03    4.43967e-02
          LJ-14     Coulomb-14        LJ (SR)  Disper. corr.   Coulomb (SR)
    1.60878e+02    5.03293e+01    1.50742e+05   -3.91363e+03   -9.22498e+05
   Coul. recip.      Potential    Kinetic En.   Total Energy  Conserved En.
    2.36576e+03   -7.69436e+05    1.23350e+05   -6.46086e+05   -7.80743e+05
    Temperature Pres. DC (bar) Pressure (bar)   Constr. rmsd
    2.98541e+02   -1.18711e+02    6.78077e+27    1.95924e-06

           Step           Time
          51400       25.70000

   Energies (kJ/mol)
           Bond          Angle    Proper Dih.  Improper Dih. Per. Imp. Dih.
    5.38935e+01    1.74526e+01    4.76750e-01    3.58390e+03    4.43967e-02
          LJ-14     Coulomb-14        LJ (SR)  Disper. corr.   Coulomb (SR)
    1.60878e+02    5.03293e+01    1.50368e+05   -3.91363e+03   -9.22926e+05
   Coul. recip.      Potential    Kinetic En.   Total Energy  Conserved En.
    2.37114e+03   -7.70233e+05    1.24167e+05   -6.46066e+05   -7.80741e+05
    Temperature Pres. DC (bar) Pressure (bar)   Constr. rmsd
    3.00520e+02   -1.18711e+02    6.78077e+27    1.95924e-06

           Step           Time
          51500       25.75000

   Energies (kJ/mol)
           Bond          Angle    Proper Dih.  Improper Dih. Per. Imp. Dih.
    5.38935e+01    1.74526e+01    4.76750e-01    3.58390e+03    4.43967e-02
          LJ-14     Coulomb-14        LJ (SR)  Disper. corr.   Coulomb (SR)
    1.60878e+02    5.03293e+01    1.50303e+05   -3.91363e+03   -9.21757e+05
   Coul. recip.      Potential    Kinetic En.   Total Energy  Conserved En.
    2.39472e+03   -7.69106e+05    1.23537e+05   -6.45569e+05   -7.80747e+05
    Temperature Pres. DC (bar) Pressure (bar)   Constr. rmsd
    2.98994e+02   -1.18711e+02    6.78077e+27    1.95924e-06

           Step           Time
          51600       25.80000

   Energies (kJ/mol)
           Bond          Angle    Proper Dih.  Improper Dih. Per. Imp. Dih.
    5.38935e+01    1.74526e+01    4.76750e-01    3.58390e+03    4.43967e-02
          LJ-14     Coulomb-14        LJ (SR)  Disper. corr.   Coulomb (SR)
    1.60878e+02    5.03293e+01    1.49925e+05   -3.91363e+03   -9.21056e+05
   Coul. recip.      Potential    Kinetic En.   Total Energy  Conserved En.
    2.33203e+03   -7.68846e+05    1.23267e+05   -6.45579e+05   -7.80740e+05
    Temperature Pres. DC (bar) Pressure (bar)   Constr. rmsd
    2.98340e+02   -1.18711e+02    6.78077e+27    1.95924e-06

           Step           Time
          51700       25.85000

   Energies (kJ/mol)
           Bond          Angle    Proper Dih.  Improper Dih. Per. Imp. Dih.
    5.38935e+01    1.74526e+01    4.76750e-01    3.58390e+03    4.43967e-02
          LJ-14     Coulomb-14        LJ (SR)  Disper. corr.   Coulomb (SR)
    1.60878e+02    5.03293e+01    1.49641e+05   -3.91363e+03   -9.21112e+05
   Coul. recip.      Potential    Kinetic En.   Total Energy  Conserved En.
    2.40747e+03   -7.69111e+05    1.23728e+05   -6.45383e+05   -7.80737e+05
    Temperature Pres. DC (bar) Pressure (bar)   Constr. rmsd
    2.99456e+02   -1.18711e+02    6.78077e+27    1.95924e-06

           Step           Time
          51800       25.90000

   Energies (kJ/mol)
           Bond          Angle    Proper Dih.  Improper Dih. Per. Imp. Dih.
    5.38935e+01    1.74526e+01    4.76750e-01    3.58390e+03    4.43967e-02
          LJ-14     Coulomb-14        LJ (SR)  Disper. corr.   Coulomb (SR)
    1.60878e+02    5.03293e+01    1.48731e+05   -3.91363e+03   -9.20071e+05
   Coul. recip.      Potential    Kinetic En.   Total Energy  Conserved En.
    2.34495e+03   -7.69042e+05    1.23881e+05   -6.45161e+05   -7.80744e+05
    Temperature Pres. DC (bar) Pressure (bar)   Constr. rmsd
    2.99827e+02   -1.18711e+02    6.78077e+27    1.95924e-06

           Step           Time
          51900       25.95000

   Energies (kJ/mol)
           Bond          Angle    Proper Dih.  Improper Dih. Per. Imp. Dih.
    5.38935e+01    1.74526e+01    4.76750e-01    3.58390e+03    4.43967e-02
          LJ-14     Coulomb-14        LJ (SR)  Disper. corr.   Coulomb (SR)
    1.60878e+02    5.03293e+01    1.50155e+05   -3.91363e+03   -9.21517e+05
   Coul. recip.      Potential    Kinetic En.   Total Energy  Conserved En.
    2.46841e+03   -7.68940e+05    1.23427e+05   -6.45513e+05   -7.80738e+05
    Temperature Pres. DC (bar) Pressure (bar)   Constr. rmsd
    2.98729e+02   -1.18711e+02    6.78077e+27    1.95924e-06

           Step           Time
          52000       26.00000

   Energies (kJ/mol)
           Bond          Angle    Proper Dih.  Improper Dih. Per. Imp. Dih.
    5.38935e+01    1.74526e+01    4.76750e-01    3.58390e+03    4.43967e-02
          LJ-14     Coulomb-14        LJ (SR)  Disper. corr.   Coulomb (SR)
    1.60878e+02    5.03293e+01    1.50821e+05   -3.91363e+03   -9.21957e+05
   Coul. recip.      Potential    Kinetic En.   Total Energy  Conserved En.
    2.39135e+03   -7.68791e+05    1.24134e+05   -6.44657e+05   -7.80753e+05
    Temperature Pres. DC (bar) Pressure (bar)   Constr. rmsd
    3.00439e+02   -1.18711e+02    6.78077e+27    1.95924e-06

           Step           Time
          52100       26.05000

   Energies (kJ/mol)
           Bond          Angle    Proper Dih.  Improper Dih. Per. Imp. Dih.
    5.38935e+01    1.74526e+01    4.76750e-01    3.58390e+03    4.43967e-02
          LJ-14     Coulomb-14        LJ (SR)  Disper. corr.   Coulomb (SR)
    1.60878e+02    5.03293e+01    1.50250e+05   -3.91363e+03   -9.20846e+05
   Coul. recip.      Potential    Kinetic En.   Total Energy  Conserved En.
    2.42083e+03   -7.68222e+05    1.23888e+05   -6.44335e+05   -7.80747e+05
    Temperature Pres. DC (bar) Pressure (bar)   Constr. rmsd
    2.99843e+02   -1.18711e+02    6.78077e+27    1.95924e-06

           Step           Time
          52200       26.10000

   Energies (kJ/mol)
           Bond          Angle    Proper Dih.  Improper Dih. Per. Imp. Dih.
    5.38935e+01    1.74526e+01    4.76750e-01    3.58390e+03    4.43967e-02
          LJ-14     Coulomb-14        LJ (SR)  Disper. corr.   Coulomb (SR)
    1.60878e+02    5.03293e+01    1.50701e+05   -3.91363e+03   -9.20894e+05
   Coul. recip.      Potential    Kinetic En.   Total Energy  Conserved En.
    2.40752e+03   -7.67832e+05    1.23778e+05   -6.44054e+05   -7.80747e+05
    Temperature Pres. DC (bar) Pressure (bar)   Constr. rmsd
    2.99578e+02   -1.18711e+02    6.78077e+27    1.95924e-06

           Step           Time
          52300       26.15000

   Energies (kJ/mol)
           Bond          Angle    Proper Dih.  Improper Dih. Per. Imp. Dih.
    5.38935e+01    1.74526e+01    4.76750e-01    3.58390e+03    4.43967e-02
          LJ-14     Coulomb-14        LJ (SR)  Disper. corr.   Coulomb (SR)
    1.60878e+02    5.03293e+01    1.49233e+05   -3.91363e+03   -9.19882e+05
   Coul. recip.      Potential    Kinetic En.   Total Energy  Conserved En.
    2.41471e+03   -7.68280e+05    1.23970e+05   -6.44310e+05   -7.80748e+05
    Temperature Pres. DC (bar) Pressure (bar)   Constr. rmsd
    3.00043e+02   -1.18711e+02    6.78077e+27    1.95924e-06

           Step           Time
          52400       26.20000

   Energies (kJ/mol)
           Bond          Angle    Proper Dih.  Improper Dih. Per. Imp. Dih.
    5.38935e+01    1.74526e+01    4.76750e-01    3.58390e+03    4.43967e-02
          LJ-14     Coulomb-14        LJ (SR)  Disper. corr.   Coulomb (SR)
    1.60878e+02    5.03293e+01    1.49766e+05   -3.91363e+03   -9.20219e+05
   Coul. recip.      Potential    Kinetic En.   Total Energy  Conserved En.
    2.41701e+03   -7.68082e+05    1.23626e+05   -6.44456e+05   -7.80756e+05
    Temperature Pres. DC (bar) Pressure (bar)   Constr. rmsd
    2.99209e+02   -1.18711e+02    6.78077e+27    1.95924e-06

           Step           Time
          52500       26.25000

   Energies (kJ/mol)
           Bond          Angle    Proper Dih.  Improper Dih. Per. Imp. Dih.
    5.38935e+01    1.74526e+01    4.76750e-01    3.58390e+03    4.43967e-02
          LJ-14     Coulomb-14        LJ (SR)  Disper. corr.   Coulomb (SR)
    1.60878e+02    5.03293e+01    1.50499e+05   -3.91363e+03   -9.21240e+05
   Coul. recip.      Potential    Kinetic En.   Total Energy  Conserved En.
    2.26575e+03   -7.68522e+05    1.24561e+05   -6.43962e+05   -7.80747e+05
    Temperature Pres. DC (bar) Pressure (bar)   Constr. rmsd
    3.01472e+02   -1.18711e+02    6.78077e+27    1.95924e-06

           Step           Time
          52600       26.30000

   Energies (kJ/mol)
           Bond          Angle    Proper Dih.  Improper Dih. Per. Imp. Dih.
    5.38935e+01    1.74526e+01    4.76750e-01    3.58390e+03    4.43967e-02
          LJ-14     Coulomb-14        LJ (SR)  Disper. corr.   Coulomb (SR)
    1.60878e+02    5.03293e+01    1.50562e+05   -3.91363e+03   -9.20880e+05
   Coul. recip.      Potential    Kinetic En.   Total Energy  Conserved En.
    2.42258e+03   -7.67942e+05    1.24219e+05   -6.43723e+05   -7.80755e+05
    Temperature Pres. DC (bar) Pressure (bar)   Constr. rmsd
    3.00645e+02   -1.18711e+02    6.78077e+27    1.95924e-06

           Step           Time
          52700       26.35000

   Energies (kJ/mol)
           Bond          Angle    Proper Dih.  Improper Dih. Per. Imp. Dih.
    5.38935e+01    1.74526e+01    4.76750e-01    3.58390e+03    4.43967e-02
          LJ-14     Coulomb-14        LJ (SR)  Disper. corr.   Coulomb (SR)
    1.60878e+02    5.03293e+01    1.51893e+05   -3.91363e+03   -9.21517e+05
   Coul. recip.      Potential    Kinetic En.   Total Energy  Conserved En.
    2.44523e+03   -7.67226e+05    1.24381e+05   -6.42845e+05   -7.80751e+05
    Temperature Pres. DC (bar) Pressure (bar)   Constr. rmsd
    3.01037e+02   -1.18711e+02    6.78077e+27    1.95924e-06

           Step           Time
          52800       26.40000

   Energies (kJ/mol)
           Bond          Angle    Proper Dih.  Improper Dih. Per. Imp. Dih.
    5.38935e+01    1.74526e+01    4.76750e-01    3.58390e+03    4.43967e-02
          LJ-14     Coulomb-14        LJ (SR)  Disper. corr.   Coulomb (SR)
    1.60878e+02    5.03293e+01    1.51587e+05   -3.91363e+03   -9.21883e+05
   Coul. recip.      Potential    Kinetic En.   Total Energy  Conserved En.
    2.40105e+03   -7.67942e+05    1.25028e+05   -6.42914e+05   -7.80741e+05
    Temperature Pres. DC (bar) Pressure (bar)   Constr. rmsd
    3.02604e+02   -1.18711e+02    6.78077e+27    1.95924e-06

           Step           Time
          52900       26.45000

   Energies (kJ/mol)
           Bond          Angle    Proper Dih.  Improper Dih. Per. Imp. Dih.
    5.38935e+01    1.74526e+01    4.76750e-01    3.58390e+03    4.43967e-02
          LJ-14     Coulomb-14        LJ (SR)  Disper. corr.   Coulomb (SR)
    1.60878e+02    5.03293e+01    1.49736e+05   -3.91363e+03   -9.19224e+05
   Coul. recip.      Potential    Kinetic En.   Total Energy  Conserved En.
    2.42850e+03   -7.67107e+05    1.24567e+05   -6.42539e+05   -7.80753e+05
    Temperature Pres. DC (bar) Pressure (bar)   Constr. rmsd
    3.01488e+02   -1.18711e+02    6.78077e+27    1.95924e-06

           Step           Time
          53000       26.50000

   Energies (kJ/mol)
           Bond          Angle    Proper Dih.  Improper Dih. Per. Imp. Dih.
    5.38935e+01    1.74526e+01    4.76750e-01    3.58390e+03    4.43967e-02
          LJ-14     Coulomb-14        LJ (SR)  Disper. corr.   Coulomb (SR)
    1.60878e+02    5.03293e+01    1.50505e+05   -3.91363e+03   -9.20020e+05
   Coul. recip.      Potential    Kinetic En.   Total Energy  Conserved En.
    2.37273e+03   -7.67189e+05    1.24701e+05   -6.42488e+05   -7.80753e+05
    Temperature Pres. DC (bar) Pressure (bar)   Constr. rmsd
    3.01813e+02   -1.18711e+02    6.78077e+27    1.95924e-06

           Step           Time
          53100       26.55000

   Energies (kJ/mol)
           Bond          Angle    Proper Dih.  Improper Dih. Per. Imp. Dih.
    5.38935e+01    1.74526e+01    4.76750e-01    3.58390e+03    4.43967e-02
          LJ-14     Coulomb-14        LJ (SR)  Disper. corr.   Coulomb (SR)
    1.60878e+02    5.03293e+01    1.49110e+05   -3.91363e+03   -9.19006e+05
   Coul. recip.      Potential    Kinetic En.   Total Energy  Conserved En.
    2.43640e+03   -7.67507e+05    1.24879e+05   -6.42628e+05   -7.80756e+05
    Temperature Pres. DC (bar) Pressure (bar)   Constr. rmsd
    3.02243e+02   -1.18711e+02    6.78077e+27    1.95924e-06

           Step           Time
          53200       26.60000

   Energies (kJ/mol)
           Bond          Angle    Proper Dih.  Improper Dih. Per. Imp. Dih.
    5.38935e+01    1.74526e+01    4.76750e-01    3.58390e+03    4.43967e-02
          LJ-14     Coulomb-14        LJ (SR)  Disper. corr.   Coulomb (SR)
    1.60878e+02    5.03293e+01    1.48948e+05   -3.91363e+03   -9.18047e+05
   Coul. recip.      Potential    Kinetic En.   Total Energy  Conserved En.
    2.42049e+03   -7.66726e+05    1.23750e+05   -6.42976e+05   -7.80751e+05
    Temperature Pres. DC (bar) Pressure (bar)   Constr. rmsd
    2.99509e+02   -1.18711e+02    6.78077e+27    1.95924e-06

           Step           Time
          53300       26.65000

   Energies (kJ/mol)
           Bond          Angle    Proper Dih.  Improper Dih. Per. Imp. Dih.
    5.38935e+01    1.74526e+01    4.76750e-01    3.58390e+03    4.43967e-02
          LJ-14     Coulomb-14        LJ (SR)  Disper. corr.   Coulomb (SR)
    1.60878e+02    5.03293e+01    1.47665e+05   -3.91363e+03   -9.17960e+05
   Coul. recip.      Potential    Kinetic En.   Total Energy  Conserved En.
    2.38465e+03   -7.67958e+05    1.24475e+05   -6.43483e+05   -7.80759e+05
    Temperature Pres. DC (bar) Pressure (bar)   Constr. rmsd
    3.01265e+02   -1.18711e+02    6.78077e+27    1.95924e-06

           Step           Time
          53400       26.70000

   Energies (kJ/mol)
           Bond          Angle    Proper Dih.  Improper Dih. Per. Imp. Dih.
    5.38935e+01    1.74526e+01    4.76750e-01    3.58390e+03    4.43967e-02
          LJ-14     Coulomb-14        LJ (SR)  Disper. corr.   Coulomb (SR)
    1.60878e+02    5.03293e+01    1.48224e+05   -3.91363e+03   -9.17919e+05
   Coul. recip.      Potential    Kinetic En.   Total Energy  Conserved En.
    2.39471e+03   -7.67347e+05    1.24343e+05   -6.43004e+05   -7.80750e+05
    Temperature Pres. DC (bar) Pressure (bar)   Constr. rmsd
    3.00946e+02   -1.18711e+02    6.78077e+27    1.95924e-06

           Step           Time
          53500       26.75000

   Energies (kJ/mol)
           Bond          Angle    Proper Dih.  Improper Dih. Per. Imp. Dih.
    5.38935e+01    1.74526e+01    4.76750e-01    3.58390e+03    4.43967e-02
          LJ-14     Coulomb-14        LJ (SR)  Disper. corr.   Coulomb (SR)
    1.60878e+02    5.03293e+01    1.49299e+05   -3.91363e+03   -9.20145e+05
   Coul. recip.      Potential    Kinetic En.   Total Energy  Conserved En.
    2.45052e+03   -7.68442e+05    1.24924e+05   -6.43518e+05   -7.80760e+05
    Temperature Pres. DC (bar) Pressure (bar)   Constr. rmsd
    3.02352e+02   -1.18711e+02    6.78077e+27    1.95924e-06

           Step           Time
          53600       26.80000

   Energies (kJ/mol)
           Bond          Angle    Proper Dih.  Improper Dih. Per. Imp. Dih.
    5.38935e+01    1.74526e+01    4.76750e-01    3.58390e+03    4.43967e-02
          LJ-14     Coulomb-14        LJ (SR)  Disper. corr.   Coulomb (SR)
    1.60878e+02    5.03293e+01    1.51974e+05   -3.91363e+03   -9.22442e+05
   Coul. recip.      Potential    Kinetic En.   Total Energy  Conserved En.
    2.45041e+03   -7.68065e+05    1.24128e+05   -6.43937e+05   -7.80751e+05
    Temperature Pres. DC (bar) Pressure (bar)   Constr. rmsd
    3.00424e+02   -1.18711e+02    6.78077e+27    1.95924e-06

           Step           Time
          53700       26.85000

   Energies (kJ/mol)
           Bond          Angle    Proper Dih.  Improper Dih. Per. Imp. Dih.
    5.38935e+01    1.74526e+01    4.76750e-01    3.58390e+03    4.43967e-02
          LJ-14     Coulomb-14        LJ (SR)  Disper. corr.   Coulomb (SR)
    1.60878e+02    5.03293e+01    1.51583e+05   -3.91363e+03   -9.22081e+05
   Coul. recip.      Potential    Kinetic En.   Total Energy  Conserved En.
    2.42226e+03   -7.68123e+05    1.24361e+05   -6.43761e+05   -7.80750e+05
    Temperature Pres. DC (bar) Pressure (bar)   Constr. rmsd
    3.00990e+02   -1.18711e+02    6.78077e+27    1.95924e-06

           Step           Time
          53800       26.90000

   Energies (kJ/mol)
           Bond          Angle    Proper Dih.  Improper Dih. Per. Imp. Dih.
    5.38935e+01    1.74526e+01    4.76750e-01    3.58390e+03    4.43967e-02
          LJ-14     Coulomb-14        LJ (SR)  Disper. corr.   Coulomb (SR)
    1.60878e+02    5.03293e+01    1.50285e+05   -3.91363e+03   -9.21412e+05
   Coul. recip.      Potential    Kinetic En.   Total Energy  Conserved En.
    2.36246e+03   -7.68812e+05    1.24879e+05   -6.43933e+05   -7.80756e+05
    Temperature Pres. DC (bar) Pressure (bar)   Constr. rmsd
    3.02243e+02   -1.18711e+02    6.78077e+27    1.95924e-06

           Step           Time
          53900       26.95000

   Energies (kJ/mol)
           Bond          Angle    Proper Dih.  Improper Dih. Per. Imp. Dih.
    5.38935e+01    1.74526e+01    4.76750e-01    3.58390e+03    4.43967e-02
          LJ-14     Coulomb-14        LJ (SR)  Disper. corr.   Coulomb (SR)
    1.60878e+02    5.03293e+01    1.50177e+05   -3.91363e+03   -9.20510e+05
   Coul. recip.      Potential    Kinetic En.   Total Energy  Conserved En.
    2.47901e+03   -7.67900e+05    1.23362e+05   -6.44538e+05   -7.80753e+05
    Temperature Pres. DC (bar) Pressure (bar)   Constr. rmsd
    2.98572e+02   -1.18711e+02    6.78077e+27    1.95924e-06

           Step           Time
          54000       27.00000

   Energies (kJ/mol)
           Bond          Angle    Proper Dih.  Improper Dih. Per. Imp. Dih.
    5.38935e+01    1.74526e+01    4.76750e-01    3.58390e+03    4.43967e-02
          LJ-14     Coulomb-14        LJ (SR)  Disper. corr.   Coulomb (SR)
    1.60878e+02    5.03293e+01    1.50283e+05   -3.91363e+03   -9.20820e+05
   Coul. recip.      Potential    Kinetic En.   Total Energy  Conserved En.
    2.43858e+03   -7.68145e+05    1.23638e+05   -6.44507e+05   -7.80757e+05
    Temperature Pres. DC (bar) Pressure (bar)   Constr. rmsd
    2.99239e+02   -1.18711e+02    6.78077e+27    1.95924e-06

           Step           Time
          54100       27.05000

   Energies (kJ/mol)
           Bond          Angle    Proper Dih.  Improper Dih. Per. Imp. Dih.
    5.38935e+01    1.74526e+01    4.76750e-01    3.58390e+03    4.43967e-02
          LJ-14     Coulomb-14        LJ (SR)  Disper. corr.   Coulomb (SR)
    1.60878e+02    5.03293e+01    1.49992e+05   -3.91363e+03   -9.20520e+05
   Coul. recip.      Potential    Kinetic En.   Total Energy  Conserved En.
    2.39699e+03   -7.68177e+05    1.24699e+05   -6.43478e+05   -7.80760e+05
    Temperature Pres. DC (bar) Pressure (bar)   Constr. rmsd
    3.01807e+02   -1.18711e+02    6.78077e+27    1.95924e-06

           Step           Time
          54200       27.10000

   Energies (kJ/mol)
           Bond          Angle    Proper Dih.  Improper Dih. Per. Imp. Dih.
    5.38935e+01    1.74526e+01    4.76750e-01    3.58390e+03    4.43967e-02
          LJ-14     Coulomb-14        LJ (SR)  Disper. corr.   Coulomb (SR)
    1.60878e+02    5.03293e+01    1.48735e+05   -3.91363e+03   -9.19226e+05
   Coul. recip.      Potential    Kinetic En.   Total Energy  Conserved En.
    2.37992e+03   -7.68158e+05    1.23262e+05   -6.44896e+05   -7.80752e+05
    Temperature Pres. DC (bar) Pressure (bar)   Constr. rmsd
    2.98328e+02   -1.18711e+02    6.78077e+27    1.95924e-06

           Step           Time
          54300       27.15000

   Energies (kJ/mol)
           Bond          Angle    Proper Dih.  Improper Dih. Per. Imp. Dih.
    5.38935e+01    1.74526e+01    4.76750e-01    3.58390e+03    4.43967e-02
          LJ-14     Coulomb-14        LJ (SR)  Disper. corr.   Coulomb (SR)
    1.60878e+02    5.03293e+01    1.48573e+05   -3.91363e+03   -9.19878e+05
   Coul. recip.      Potential    Kinetic En.   Total Energy  Conserved En.
    2.34962e+03   -7.69002e+05    1.23963e+05   -6.45038e+05   -7.80758e+05
    Temperature Pres. DC (bar) Pressure (bar)   Constr. rmsd
    3.00027e+02   -1.18711e+02    6.78077e+27    1.95924e-06

           Step           Time
          54400       27.20000

   Energies (kJ/mol)
           Bond          Angle    Proper Dih.  Improper Dih. Per. Imp. Dih.
    5.38935e+01    1.74526e+01    4.76750e-01    3.58390e+03    4.43967e-02
          LJ-14     Coulomb-14        LJ (SR)  Disper. corr.   Coulomb (SR)
    1.60878e+02    5.03293e+01    1.50350e+05   -3.91363e+03   -9.20936e+05
   Coul. recip.      Potential    Kinetic En.   Total Energy  Conserved En.
    2.32953e+03   -7.68303e+05    1.23905e+05   -6.44397e+05   -7.80758e+05
    Temperature Pres. DC (bar) Pressure (bar)   Constr. rmsd
    2.99886e+02   -1.18711e+02    6.78077e+27    1.95924e-06

           Step           Time
          54500       27.25000

   Energies (kJ/mol)
           Bond          Angle    Proper Dih.  Improper Dih. Per. Imp. Dih.
    5.38935e+01    1.74526e+01    4.76750e-01    3.58390e+03    4.43967e-02
          LJ-14     Coulomb-14        LJ (SR)  Disper. corr.   Coulomb (SR)
    1.60878e+02    5.03293e+01    1.50143e+05   -3.91363e+03   -9.21165e+05
   Coul. recip.      Potential    Kinetic En.   Total Energy  Conserved En.
    2.36324e+03   -7.68706e+05    1.24787e+05   -6.43918e+05   -7.80758e+05
    Temperature Pres. DC (bar) Pressure (bar)   Constr. rmsd
    3.02021e+02   -1.18711e+02    6.78077e+27    1.95924e-06

           Step           Time
          54600       27.30000

   Energies (kJ/mol)
           Bond          Angle    Proper Dih.  Improper Dih. Per. Imp. Dih.
    5.38935e+01    1.74526e+01    4.76750e-01    3.58390e+03    4.43967e-02
          LJ-14     Coulomb-14        LJ (SR)  Disper. corr.   Coulomb (SR)
    1.60878e+02    5.03293e+01    1.51628e+05   -3.91363e+03   -9.22868e+05
   Coul. recip.      Potential    Kinetic En.   Total Energy  Conserved En.
    2.32448e+03   -7.68961e+05    1.23956e+05   -6.45006e+05   -7.80765e+05
    Temperature Pres. DC (bar) Pressure (bar)   Constr. rmsd
    3.00008e+02   -1.18711e+02    6.78077e+27    1.95924e-06

           Step           Time
          54700       27.35000

   Energies (kJ/mol)
           Bond          Angle    Proper Dih.  Improper Dih. Per. Imp. Dih.
    5.38935e+01    1.74526e+01    4.76750e-01    3.58390e+03    4.43967e-02
          LJ-14     Coulomb-14        LJ (SR)  Disper. corr.   Coulomb (SR)
    1.60878e+02    5.03293e+01    1.52316e+05   -3.91363e+03   -9.23990e+05
   Coul. recip.      Potential    Kinetic En.   Total Energy  Conserved En.
    2.32942e+03   -7.69391e+05    1.23925e+05   -6.45466e+05   -7.80769e+05
    Temperature Pres. DC (bar) Pressure (bar)   Constr. rmsd
    2.99933e+02   -1.18711e+02    6.78077e+27    1.95924e-06

           Step           Time
          54800       27.40000

   Energies (kJ/mol)
           Bond          Angle    Proper Dih.  Improper Dih. Per. Imp. Dih.
    5.38935e+01    1.74526e+01    4.76750e-01    3.58390e+03    4.43967e-02
          LJ-14     Coulomb-14        LJ (SR)  Disper. corr.   Coulomb (SR)
    1.60878e+02    5.03293e+01    1.51640e+05   -3.91363e+03   -9.23530e+05
   Coul. recip.      Potential    Kinetic En.   Total Energy  Conserved En.
    2.37977e+03   -7.69557e+05    1.23129e+05   -6.46428e+05   -7.80756e+05
    Temperature Pres. DC (bar) Pressure (bar)   Constr. rmsd
    2.98008e+02   -1.18711e+02    6.78077e+27    1.95924e-06

           Step           Time
          54900       27.45000

   Energies (kJ/mol)
           Bond          Angle    Proper Dih.  Improper Dih. Per. Imp. Dih.
    5.38935e+01    1.74526e+01    4.76750e-01    3.58390e+03    4.43967e-02
          LJ-14     Coulomb-14        LJ (SR)  Disper. corr.   Coulomb (SR)
    1.60878e+02    5.03293e+01    1.51875e+05   -3.91363e+03   -9.24571e+05
   Coul. recip.      Potential    Kinetic En.   Total Energy  Conserved En.
    2.36442e+03   -7.70378e+05    1.24158e+05   -6.46220e+05   -7.80757e+05
    Temperature Pres. DC (bar) Pressure (bar)   Constr. rmsd
    3.00497e+02   -1.18711e+02    6.78077e+27    1.95924e-06

           Step           Time
          55000       27.50000

   Energies (kJ/mol)
           Bond          Angle    Proper Dih.  Improper Dih. Per. Imp. Dih.
    5.38935e+01    1.74526e+01    4.76750e-01    3.58390e+03    4.43967e-02
          LJ-14     Coulomb-14        LJ (SR)  Disper. corr.   Coulomb (SR)
    1.60878e+02    5.03293e+01    1.51110e+05   -3.91363e+03   -9.22973e+05
   Coul. recip.      Potential    Kinetic En.   Total Energy  Conserved En.
    2.32845e+03   -7.69582e+05    1.22875e+05   -6.46707e+05   -7.80761e+05
    Temperature Pres. DC (bar) Pressure (bar)   Constr. rmsd
    2.97392e+02   -1.18711e+02    6.78077e+27    1.95924e-06

           Step           Time
          55100       27.55000

   Energies (kJ/mol)
           Bond          Angle    Proper Dih.  Improper Dih. Per. Imp. Dih.
    5.38935e+01    1.74526e+01    4.76750e-01    3.58390e+03    4.43967e-02
          LJ-14     Coulomb-14        LJ (SR)  Disper. corr.   Coulomb (SR)
    1.60878e+02    5.03293e+01    1.49101e+05   -3.91363e+03   -9.21234e+05
   Coul. recip.      Potential    Kinetic En.   Total Energy  Conserved En.
    2.33470e+03   -7.69845e+05    1.23052e+05   -6.46793e+05   -7.80770e+05
    Temperature Pres. DC (bar) Pressure (bar)   Constr. rmsd
    2.97821e+02   -1.18711e+02    6.78077e+27    1.95924e-06

           Step           Time
          55200       27.60000

   Energies (kJ/mol)
           Bond          Angle    Proper Dih.  Improper Dih. Per. Imp. Dih.
    5.38935e+01    1.74526e+01    4.76750e-01    3.58390e+03    4.43967e-02
          LJ-14     Coulomb-14        LJ (SR)  Disper. corr.   Coulomb (SR)
    1.60878e+02    5.03293e+01    1.50253e+05   -3.91363e+03   -9.21818e+05
   Coul. recip.      Potential    Kinetic En.   Total Energy  Conserved En.
    2.40922e+03   -7.69202e+05    1.23494e+05   -6.45709e+05   -7.80762e+05
    Temperature Pres. DC (bar) Pressure (bar)   Constr. rmsd
    2.98889e+02   -1.18711e+02    6.78077e+27    1.95924e-06

           Step           Time
          55300       27.65000

   Energies (kJ/mol)
           Bond          Angle    Proper Dih.  Improper Dih. Per. Imp. Dih.
    5.38935e+01    1.74526e+01    4.76750e-01    3.58390e+03    4.43967e-02
          LJ-14     Coulomb-14        LJ (SR)  Disper. corr.   Coulomb (SR)
    1.60878e+02    5.03293e+01    1.51341e+05   -3.91363e+03   -9.23139e+05
   Coul. recip.      Potential    Kinetic En.   Total Energy  Conserved En.
    2.37142e+03   -7.69474e+05    1.23516e+05   -6.45958e+05   -7.80756e+05
    Temperature Pres. DC (bar) Pressure (bar)   Constr. rmsd
    2.98943e+02   -1.18711e+02    6.78077e+27    1.95924e-06

           Step           Time
          55400       27.70000

   Energies (kJ/mol)
           Bond          Angle    Proper Dih.  Improper Dih. Per. Imp. Dih.
    5.38935e+01    1.74526e+01    4.76750e-01    3.58390e+03    4.43967e-02
          LJ-14     Coulomb-14        LJ (SR)  Disper. corr.   Coulomb (SR)
    1.60878e+02    5.03293e+01    1.50007e+05   -3.91363e+03   -9.23273e+05
   Coul. recip.      Potential    Kinetic En.   Total Energy  Conserved En.
    2.36399e+03   -7.70948e+05    1.24677e+05   -6.46271e+05   -7.80756e+05
    Temperature Pres. DC (bar) Pressure (bar)   Constr. rmsd
    3.01754e+02   -1.18711e+02    6.78077e+27    1.95924e-06

           Step           Time
          55500       27.75000

   Energies (kJ/mol)
           Bond          Angle    Proper Dih.  Improper Dih. Per. Imp. Dih.
    5.38935e+01    1.74526e+01    4.76750e-01    3.58390e+03    4.43967e-02
          LJ-14     Coulomb-14        LJ (SR)  Disper. corr.   Coulomb (SR)
    1.60878e+02    5.03293e+01    1.49231e+05   -3.91363e+03   -9.20706e+05
   Coul. recip.      Potential    Kinetic En.   Total Energy  Conserved En.
    2.42122e+03   -7.69100e+05    1.22756e+05   -6.46345e+05   -7.80762e+05
    Temperature Pres. DC (bar) Pressure (bar)   Constr. rmsd
    2.97104e+02   -1.18711e+02    6.78077e+27    1.95924e-06

           Step           Time
          55600       27.80000

   Energies (kJ/mol)
           Bond          Angle    Proper Dih.  Improper Dih. Per. Imp. Dih.
    5.38935e+01    1.74526e+01    4.76750e-01    3.58390e+03    4.43967e-02
          LJ-14     Coulomb-14        LJ (SR)  Disper. corr.   Coulomb (SR)
    1.60878e+02    5.03293e+01    1.49386e+05   -3.91363e+03   -9.21295e+05
   Coul. recip.      Potential    Kinetic En.   Total Energy  Conserved En.
    2.38615e+03   -7.69569e+05    1.23974e+05   -6.45595e+05   -7.80763e+05
    Temperature Pres. DC (bar) Pressure (bar)   Constr. rmsd
    3.00051e+02   -1.18711e+02    6.78077e+27    1.95924e-06

           Step           Time
          55700       27.85000

   Energies (kJ/mol)
           Bond          Angle    Proper Dih.  Improper Dih. Per. Imp. Dih.
    5.38935e+01    1.74526e+01    4.76750e-01    3.58390e+03    4.43967e-02
          LJ-14     Coulomb-14        LJ (SR)  Disper. corr.   Coulomb (SR)
    1.60878e+02    5.03293e+01    1.51106e+05   -3.91363e+03   -9.22924e+05
   Coul. recip.      Potential    Kinetic En.   Total Energy  Conserved En.
    2.38410e+03   -7.69481e+05    1.23701e+05   -6.45780e+05   -7.80761e+05
    Temperature Pres. DC (bar) Pressure (bar)   Constr. rmsd
    2.99392e+02   -1.18711e+02    6.78077e+27    1.95924e-06

           Step           Time
          55800       27.90000

   Energies (kJ/mol)
           Bond          Angle    Proper Dih.  Improper Dih. Per. Imp. Dih.
    5.38935e+01    1.74526e+01    4.76750e-01    3.58390e+03    4.43967e-02
          LJ-14     Coulomb-14        LJ (SR)  Disper. corr.   Coulomb (SR)
    1.60878e+02    5.03293e+01    1.50498e+05   -3.91363e+03   -9.21464e+05
   Coul. recip.      Potential    Kinetic En.   Total Energy  Conserved En.
    2.44118e+03   -7.68571e+05    1.23010e+05   -6.45561e+05   -7.80766e+05
    Temperature Pres. DC (bar) Pressure (bar)   Constr. rmsd
    2.97720e+02   -1.18711e+02    6.78077e+27    1.95924e-06

           Step           Time
          55900       27.95000

   Energies (kJ/mol)
           Bond          Angle    Proper Dih.  Improper Dih. Per. Imp. Dih.
    5.38935e+01    1.74526e+01    4.76750e-01    3.58390e+03    4.43967e-02
          LJ-14     Coulomb-14        LJ (SR)  Disper. corr.   Coulomb (SR)
    1.60878e+02    5.03293e+01    1.50571e+05   -3.91363e+03   -9.21050e+05
   Coul. recip.      Potential    Kinetic En.   Total Energy  Conserved En.
    2.38267e+03   -7.68143e+05    1.22227e+05   -6.45915e+05   -7.80763e+05
    Temperature Pres. DC (bar) Pressure (bar)   Constr. rmsd
    2.95825e+02   -1.18711e+02    6.78077e+27    1.95924e-06

           Step           Time
          56000       28.00000

   Energies (kJ/mol)
           Bond          Angle    Proper Dih.  Improper Dih. Per. Imp. Dih.
    5.38935e+01    1.74526e+01    4.76750e-01    3.58390e+03    4.43967e-02
          LJ-14     Coulomb-14        LJ (SR)  Disper. corr.   Coulomb (SR)
    1.60878e+02    5.03293e+01    1.49816e+05   -3.91363e+03   -9.21338e+05
   Coul. recip.      Potential    Kinetic En.   Total Energy  Conserved En.
    2.29918e+03   -7.69269e+05    1.23795e+05   -6.45474e+05   -7.80774e+05
    Temperature Pres. DC (bar) Pressure (bar)   Constr. rmsd
    2.99619e+02   -1.18711e+02    6.78077e+27    1.95924e-06

           Step           Time
          56100       28.05000

   Energies (kJ/mol)
           Bond          Angle    Proper Dih.  Improper Dih. Per. Imp. Dih.
    5.38935e+01    1.74526e+01    4.76750e-01    3.58390e+03    4.43967e-02
          LJ-14     Coulomb-14        LJ (SR)  Disper. corr.   Coulomb (SR)
    1.60878e+02    5.03293e+01    1.49460e+05   -3.91363e+03   -9.20337e+05
   Coul. recip.      Potential    Kinetic En.   Total Energy  Conserved En.
    2.32884e+03   -7.68595e+05    1.23312e+05   -6.45282e+05   -7.80763e+05
    Temperature Pres. DC (bar) Pressure (bar)   Constr. rmsd
    2.98450e+02   -1.18711e+02    6.78077e+27    1.95924e-06

           Step           Time
          56200       28.10000

   Energies (kJ/mol)
           Bond          Angle    Proper Dih.  Improper Dih. Per. Imp. Dih.
    5.38935e+01    1.74526e+01    4.76750e-01    3.58390e+03    4.43967e-02
          LJ-14     Coulomb-14        LJ (SR)  Disper. corr.   Coulomb (SR)
    1.60878e+02    5.03293e+01    1.50293e+05   -3.91363e+03   -9.21628e+05
   Coul. recip.      Potential    Kinetic En.   Total Energy  Conserved En.
    2.29401e+03   -7.69088e+05    1.23515e+05   -6.45573e+05   -7.80765e+05
    Temperature Pres. DC (bar) Pressure (bar)   Constr. rmsd
    2.98941e+02   -1.18711e+02    6.78077e+27    1.95924e-06

           Step           Time
          56300       28.15000

   Energies (kJ/mol)
           Bond          Angle    Proper Dih.  Improper Dih. Per. Imp. Dih.
    5.38935e+01    1.74526e+01    4.76750e-01    3.58390e+03    4.43967e-02
          LJ-14     Coulomb-14        LJ (SR)  Disper. corr.   Coulomb (SR)
    1.60878e+02    5.03293e+01    1.51213e+05   -3.91363e+03   -9.23255e+05
   Coul. recip.      Potential    Kinetic En.   Total Energy  Conserved En.
    2.39353e+03   -7.69695e+05    1.24321e+05   -6.45374e+05   -7.80770e+05
    Temperature Pres. DC (bar) Pressure (bar)   Constr. rmsd
    3.00891e+02   -1.18711e+02    6.78077e+27    1.95924e-06

           Step           Time
          56400       28.20000

   Energies (kJ/mol)
           Bond          Angle    Proper Dih.  Improper Dih. Per. Imp. Dih.
    5.38935e+01    1.74526e+01    4.76750e-01    3.58390e+03    4.43967e-02
          LJ-14     Coulomb-14        LJ (SR)  Disper. corr.   Coulomb (SR)
    1.60878e+02    5.03293e+01    1.50792e+05   -3.91363e+03   -9.22649e+05
   Coul. recip.      Potential    Kinetic En.   Total Energy  Conserved En.
    2.38825e+03   -7.69516e+05    1.24214e+05   -6.45302e+05   -7.80768e+05
    Temperature Pres. DC (bar) Pressure (bar)   Constr. rmsd
    3.00632e+02   -1.18711e+02    6.78077e+27    1.95924e-06

           Step           Time
          56500       28.25000

   Energies (kJ/mol)
           Bond          Angle    Proper Dih.  Improper Dih. Per. Imp. Dih.
    5.38935e+01    1.74526e+01    4.76750e-01    3.58390e+03    4.43967e-02
          LJ-14     Coulomb-14        LJ (SR)  Disper. corr.   Coulomb (SR)
    1.60878e+02    5.03293e+01    1.50486e+05   -3.91363e+03   -9.21660e+05
   Coul. recip.      Potential    Kinetic En.   Total Energy  Conserved En.
    2.37457e+03   -7.68846e+05    1.24209e+05   -6.44638e+05   -7.80766e+05
    Temperature Pres. DC (bar) Pressure (bar)   Constr. rmsd
    3.00620e+02   -1.18711e+02    6.78077e+27    1.95924e-06

           Step           Time
          56600       28.30000

   Energies (kJ/mol)
           Bond          Angle    Proper Dih.  Improper Dih. Per. Imp. Dih.
    5.38935e+01    1.74526e+01    4.76750e-01    3.58390e+03    4.43967e-02
          LJ-14     Coulomb-14        LJ (SR)  Disper. corr.   Coulomb (SR)
    1.60878e+02    5.03293e+01    1.50513e+05   -3.91363e+03   -9.21578e+05
   Coul. recip.      Potential    Kinetic En.   Total Energy  Conserved En.
    2.30153e+03   -7.68810e+05    1.24432e+05   -6.44378e+05   -7.80766e+05
    Temperature Pres. DC (bar) Pressure (bar)   Constr. rmsd
    3.01160e+02   -1.18711e+02    6.78077e+27    1.95924e-06

           Step           Time
          56700       28.35000

   Energies (kJ/mol)
           Bond          Angle    Proper Dih.  Improper Dih. Per. Imp. Dih.
    5.38935e+01    1.74526e+01    4.76750e-01    3.58390e+03    4.43967e-02
          LJ-14     Coulomb-14        LJ (SR)  Disper. corr.   Coulomb (SR)
    1.60878e+02    5.03293e+01    1.49376e+05   -3.91363e+03   -9.19910e+05
   Coul. recip.      Potential    Kinetic En.   Total Energy  Conserved En.
    2.38826e+03   -7.68193e+05    1.24758e+05   -6.43434e+05   -7.80770e+05
    Temperature Pres. DC (bar) Pressure (bar)   Constr. rmsd
    3.01951e+02   -1.18711e+02    6.78077e+27    1.95924e-06

           Step           Time
          56800       28.40000

   Energies (kJ/mol)
           Bond          Angle    Proper Dih.  Improper Dih. Per. Imp. Dih.
    5.38935e+01    1.74526e+01    4.76750e-01    3.58390e+03    4.43967e-02
          LJ-14     Coulomb-14        LJ (SR)  Disper. corr.   Coulomb (SR)
    1.60878e+02    5.03293e+01    1.49655e+05   -3.91363e+03   -9.20136e+05
   Coul. recip.      Potential    Kinetic En.   Total Energy  Conserved En.
    2.36582e+03   -7.68161e+05    1.24606e+05   -6.43555e+05   -7.80772e+05
    Temperature Pres. DC (bar) Pressure (bar)   Constr. rmsd
    3.01582e+02   -1.18711e+02    6.78077e+27    1.95924e-06

           Step           Time
          56900       28.45000

   Energies (kJ/mol)
           Bond          Angle    Proper Dih.  Improper Dih. Per. Imp. Dih.
    5.38935e+01    1.74526e+01    4.76750e-01    3.58390e+03    4.43967e-02
          LJ-14     Coulomb-14        LJ (SR)  Disper. corr.   Coulomb (SR)
    1.60878e+02    5.03293e+01    1.48770e+05   -3.91363e+03   -9.18768e+05
   Coul. recip.      Potential    Kinetic En.   Total Energy  Conserved En.
    2.38010e+03   -7.67665e+05    1.24103e+05   -6.43562e+05   -7.80776e+05
    Temperature Pres. DC (bar) Pressure (bar)   Constr. rmsd
    3.00365e+02   -1.18711e+02    6.78077e+27    1.95924e-06

           Step           Time
          57000       28.50000

   Energies (kJ/mol)
           Bond          Angle    Proper Dih.  Improper Dih. Per. Imp. Dih.
    5.38935e+01    1.74526e+01    4.76750e-01    3.58390e+03    4.43967e-02
          LJ-14     Coulomb-14        LJ (SR)  Disper. corr.   Coulomb (SR)
    1.60878e+02    5.03293e+01    1.49282e+05   -3.91363e+03   -9.18842e+05
   Coul. recip.      Potential    Kinetic En.   Total Energy  Conserved En.
    2.39428e+03   -7.67213e+05    1.24418e+05   -6.42795e+05   -7.80771e+05
    Temperature Pres. DC (bar) Pressure (bar)   Constr. rmsd
    3.01126e+02   -1.18711e+02    6.78077e+27    1.95924e-06

           Step           Time
          57100       28.55000

   Energies (kJ/mol)
           Bond          Angle    Proper Dih.  Improper Dih. Per. Imp. Dih.
    5.38935e+01    1.74526e+01    4.76750e-01    3.58390e+03    4.43967e-02
          LJ-14     Coulomb-14        LJ (SR)  Disper. corr.   Coulomb (SR)
    1.60878e+02    5.03293e+01    1.49869e+05   -3.91363e+03   -9.19908e+05
   Coul. recip.      Potential    Kinetic En.   Total Energy  Conserved En.
    2.41762e+03   -7.67668e+05    1.24707e+05   -6.42962e+05   -7.80769e+05
    Temperature Pres. DC (bar) Pressure (bar)   Constr. rmsd
    3.01825e+02   -1.18711e+02    6.78077e+27    1.95924e-06

           Step           Time
          57200       28.60000

   Energies (kJ/mol)
           Bond          Angle    Proper Dih.  Improper Dih. Per. Imp. Dih.
    5.38935e+01    1.74526e+01    4.76750e-01    3.58390e+03    4.43967e-02
          LJ-14     Coulomb-14        LJ (SR)  Disper. corr.   Coulomb (SR)
    1.60878e+02    5.03293e+01    1.50607e+05   -3.91363e+03   -9.20409e+05
   Coul. recip.      Potential    Kinetic En.   Total Energy  Conserved En.
    2.41106e+03   -7.67437e+05    1.23700e+05   -6.43737e+05   -7.80772e+05
    Temperature Pres. DC (bar) Pressure (bar)   Constr. rmsd
    2.99388e+02   -1.18711e+02    6.78077e+27    1.95924e-06

           Step           Time
          57300       28.65000

   Energies (kJ/mol)
           Bond          Angle    Proper Dih.  Improper Dih. Per. Imp. Dih.
    5.38935e+01    1.74526e+01    4.76750e-01    3.58390e+03    4.43967e-02
          LJ-14     Coulomb-14        LJ (SR)  Disper. corr.   Coulomb (SR)
    1.60878e+02    5.03293e+01    1.48766e+05   -3.91363e+03   -9.19862e+05
   Coul. recip.      Potential    Kinetic En.   Total Energy  Conserved En.
    2.29845e+03   -7.68844e+05    1.24776e+05   -6.44068e+05   -7.80767e+05
    Temperature Pres. DC (bar) Pressure (bar)   Constr. rmsd
    3.01993e+02   -1.18711e+02    6.78077e+27    1.95924e-06

           Step           Time
          57400       28.70000

   Energies (kJ/mol)
           Bond          Angle    Proper Dih.  Improper Dih. Per. Imp. Dih.
    5.38935e+01    1.74526e+01    4.76750e-01    3.58390e+03    4.43967e-02
          LJ-14     Coulomb-14        LJ (SR)  Disper. corr.   Coulomb (SR)
    1.60878e+02    5.03293e+01    1.49269e+05   -3.91363e+03   -9.20852e+05
   Coul. recip.      Potential    Kinetic En.   Total Energy  Conserved En.
    2.43735e+03   -7.69193e+05    1.24741e+05   -6.44451e+05   -7.80769e+05
    Temperature Pres. DC (bar) Pressure (bar)   Constr. rmsd
    3.01909e+02   -1.18711e+02    6.78077e+27    1.95924e-06

           Step           Time
          57500       28.75000

   Energies (kJ/mol)
           Bond          Angle    Proper Dih.  Improper Dih. Per. Imp. Dih.
    5.38935e+01    1.74526e+01    4.76750e-01    3.58390e+03    4.43967e-02
          LJ-14     Coulomb-14        LJ (SR)  Disper. corr.   Coulomb (SR)
    1.60878e+02    5.03293e+01    1.49618e+05   -3.91363e+03   -9.21359e+05
   Coul. recip.      Potential    Kinetic En.   Total Energy  Conserved En.
    2.39000e+03   -7.69398e+05    1.24112e+05   -6.45286e+05   -7.80774e+05
    Temperature Pres. DC (bar) Pressure (bar)   Constr. rmsd
    3.00386e+02   -1.18711e+02    6.78077e+27    1.95924e-06

           Step           Time
          57600       28.80000

   Energies (kJ/mol)
           Bond          Angle    Proper Dih.  Improper Dih. Per. Imp. Dih.
    5.38935e+01    1.74526e+01    4.76750e-01    3.58390e+03    4.43967e-02
          LJ-14     Coulomb-14        LJ (SR)  Disper. corr.   Coulomb (SR)
    1.60878e+02    5.03293e+01    1.48999e+05   -3.91363e+03   -9.20140e+05
   Coul. recip.      Potential    Kinetic En.   Total Energy  Conserved En.
    2.40434e+03   -7.68784e+05    1.23485e+05   -6.45299e+05   -7.80775e+05
    Temperature Pres. DC (bar) Pressure (bar)   Constr. rmsd
    2.98868e+02   -1.18711e+02    6.78077e+27    1.95924e-06

           Step           Time
          57700       28.85000

   Energies (kJ/mol)
           Bond          Angle    Proper Dih.  Improper Dih. Per. Imp. Dih.
    5.38935e+01    1.74526e+01    4.76750e-01    3.58390e+03    4.43967e-02
          LJ-14     Coulomb-14        LJ (SR)  Disper. corr.   Coulomb (SR)
    1.60878e+02    5.03293e+01    1.49082e+05   -3.91363e+03   -9.20686e+05
   Coul. recip.      Potential    Kinetic En.   Total Energy  Conserved En.
    2.37941e+03   -7.69272e+05    1.23641e+05   -6.45631e+05   -7.80771e+05
    Temperature Pres. DC (bar) Pressure (bar)   Constr. rmsd
    2.99246e+02   -1.18711e+02    6.78077e+27    1.95924e-06

           Step           Time
          57800       28.90000

   Energies (kJ/mol)
           Bond          Angle    Proper Dih.  Improper Dih. Per. Imp. Dih.
    5.38935e+01    1.74526e+01    4.76750e-01    3.58390e+03    4.43967e-02
          LJ-14     Coulomb-14        LJ (SR)  Disper. corr.   Coulomb (SR)
    1.60878e+02    5.03293e+01    1.48575e+05   -3.91363e+03   -9.20323e+05
   Coul. recip.      Potential    Kinetic En.   Total Energy  Conserved En.
    2.38091e+03   -7.69414e+05    1.23633e+05   -6.45781e+05   -7.80776e+05
    Temperature Pres. DC (bar) Pressure (bar)   Constr. rmsd
    2.99227e+02   -1.18711e+02    6.78077e+27    1.95924e-06

           Step           Time
          57900       28.95000

   Energies (kJ/mol)
           Bond          Angle    Proper Dih.  Improper Dih. Per. Imp. Dih.
    5.38935e+01    1.74526e+01    4.76750e-01    3.58390e+03    4.43967e-02
          LJ-14     Coulomb-14        LJ (SR)  Disper. corr.   Coulomb (SR)
    1.60878e+02    5.03293e+01    1.48115e+05   -3.91363e+03   -9.20049e+05
   Coul. recip.      Potential    Kinetic En.   Total Energy  Conserved En.
    2.40994e+03   -7.69571e+05    1.23595e+05   -6.45976e+05   -7.80776e+05
    Temperature Pres. DC (bar) Pressure (bar)   Constr. rmsd
    2.99136e+02   -1.18711e+02    6.78077e+27    1.95924e-06

           Step           Time
          58000       29.00000

   Energies (kJ/mol)
           Bond          Angle    Proper Dih.  Improper Dih. Per. Imp. Dih.
    5.38935e+01    1.74526e+01    4.76750e-01    3.58390e+03    4.43967e-02
          LJ-14     Coulomb-14        LJ (SR)  Disper. corr.   Coulomb (SR)
    1.60878e+02    5.03293e+01    1.49463e+05   -3.91363e+03   -9.21054e+05
   Coul. recip.      Potential    Kinetic En.   Total Energy  Conserved En.
    2.46369e+03   -7.69174e+05    1.23333e+05   -6.45842e+05   -7.80774e+05
    Temperature Pres. DC (bar) Pressure (bar)   Constr. rmsd
    2.98500e+02   -1.18711e+02    6.78077e+27    1.95924e-06

           Step           Time
          58100       29.05000

   Energies (kJ/mol)
           Bond          Angle    Proper Dih.  Improper Dih. Per. Imp. Dih.
    5.38935e+01    1.74526e+01    4.76750e-01    3.58390e+03    4.43967e-02
          LJ-14     Coulomb-14        LJ (SR)  Disper. corr.   Coulomb (SR)
    1.60878e+02    5.03293e+01    1.49279e+05   -3.91363e+03   -9.20878e+05
   Coul. recip.      Potential    Kinetic En.   Total Energy  Conserved En.
    2.33115e+03   -7.69315e+05    1.23542e+05   -6.45773e+05   -7.80775e+05
    Temperature Pres. DC (bar) Pressure (bar)   Constr. rmsd
    2.99006e+02   -1.18711e+02    6.78077e+27    1.95924e-06

           Step           Time
          58200       29.10000

   Energies (kJ/mol)
           Bond          Angle    Proper Dih.  Improper Dih. Per. Imp. Dih.
    5.38935e+01    1.74526e+01    4.76750e-01    3.58390e+03    4.43967e-02
          LJ-14     Coulomb-14        LJ (SR)  Disper. corr.   Coulomb (SR)
    1.60878e+02    5.03293e+01    1.48988e+05   -3.91363e+03   -9.20625e+05
   Coul. recip.      Potential    Kinetic En.   Total Energy  Conserved En.
    2.33112e+03   -7.69353e+05    1.23212e+05   -6.46141e+05   -7.80777e+05
    Temperature Pres. DC (bar) Pressure (bar)   Constr. rmsd
    2.98208e+02   -1.18711e+02    6.78077e+27    1.95924e-06

           Step           Time
          58300       29.15000

   Energies (kJ/mol)
           Bond          Angle    Proper Dih.  Improper Dih. Per. Imp. Dih.
    5.38935e+01    1.74526e+01    4.76750e-01    3.58390e+03    4.43967e-02
          LJ-14     Coulomb-14        LJ (SR)  Disper. corr.   Coulomb (SR)
    1.60878e+02    5.03293e+01    1.49220e+05   -3.91363e+03   -9.20935e+05
   Coul. recip.      Potential    Kinetic En.   Total Energy  Conserved En.
    2.39025e+03   -7.69372e+05    1.23603e+05   -6.45769e+05   -7.80786e+05
    Temperature Pres. DC (bar) Pressure (bar)   Constr. rmsd
    2.99154e+02   -1.18711e+02    6.78077e+27    1.95924e-06

           Step           Time
          58400       29.20000

   Energies (kJ/mol)
           Bond          Angle    Proper Dih.  Improper Dih. Per. Imp. Dih.
    5.38935e+01    1.74526e+01    4.76750e-01    3.58390e+03    4.43967e-02
          LJ-14     Coulomb-14        LJ (SR)  Disper. corr.   Coulomb (SR)
    1.60878e+02    5.03293e+01    1.49130e+05   -3.91363e+03   -9.20239e+05
   Coul. recip.      Potential    Kinetic En.   Total Energy  Conserved En.
    2.35345e+03   -7.68802e+05    1.24320e+05   -6.44482e+05   -7.80766e+05
    Temperature Pres. DC (bar) Pressure (bar)   Constr. rmsd
    3.00890e+02   -1.18711e+02    6.78077e+27    1.95924e-06

           Step           Time
          58500       29.25000

   Energies (kJ/mol)
           Bond          Angle    Proper Dih.  Improper Dih. Per. Imp. Dih.
    5.38935e+01    1.74526e+01    4.76750e-01    3.58390e+03    4.43967e-02
          LJ-14     Coulomb-14        LJ (SR)  Disper. corr.   Coulomb (SR)
    1.60878e+02    5.03293e+01    1.50731e+05   -3.91363e+03   -9.20623e+05
   Coul. recip.      Potential    Kinetic En.   Total Energy  Conserved En.
    2.40914e+03   -7.67530e+05    1.23188e+05   -6.44342e+05   -7.80772e+05
    Temperature Pres. DC (bar) Pressure (bar)   Constr. rmsd
    2.98150e+02   -1.18711e+02    6.78077e+27    1.95924e-06

           Step           Time
          58600       29.30000

   Energies (kJ/mol)
           Bond          Angle    Proper Dih.  Improper Dih. Per. Imp. Dih.
    5.38935e+01    1.74526e+01    4.76750e-01    3.58390e+03    4.43967e-02
          LJ-14     Coulomb-14        LJ (SR)  Disper. corr.   Coulomb (SR)
    1.60878e+02    5.03293e+01    1.50789e+05   -3.91363e+03   -9.20827e+05
   Coul. recip.      Potential    Kinetic En.   Total Energy  Conserved En.
    2.38484e+03   -7.67700e+05    1.24029e+05   -6.43672e+05   -7.80782e+05
    Temperature Pres. DC (bar) Pressure (bar)   Constr. rmsd
    3.00184e+02   -1.18711e+02    6.78077e+27    1.95924e-06

           Step           Time
          58700       29.35000

   Energies (kJ/mol)
           Bond          Angle    Proper Dih.  Improper Dih. Per. Imp. Dih.
    5.38935e+01    1.74526e+01    4.76750e-01    3.58390e+03    4.43967e-02
          LJ-14     Coulomb-14        LJ (SR)  Disper. corr.   Coulomb (SR)
    1.60878e+02    5.03293e+01    1.50514e+05   -3.91363e+03   -9.20480e+05
   Coul. recip.      Potential    Kinetic En.   Total Energy  Conserved En.
    2.47286e+03   -7.67540e+05    1.24380e+05   -6.43161e+05   -7.80776e+05
    Temperature Pres. DC (bar) Pressure (bar)   Constr. rmsd
    3.01034e+02   -1.18711e+02    6.78077e+27    1.95924e-06

           Step           Time
          58800       29.40000

   Energies (kJ/mol)
           Bond          Angle    Proper Dih.  Improper Dih. Per. Imp. Dih.
    5.38935e+01    1.74526e+01    4.76750e-01    3.58390e+03    4.43967e-02
          LJ-14     Coulomb-14        LJ (SR)  Disper. corr.   Coulomb (SR)
    1.60878e+02    5.03293e+01    1.50866e+05   -3.91363e+03   -9.20502e+05
   Coul. recip.      Potential    Kinetic En.   Total Energy  Conserved En.
    2.35996e+03   -7.67323e+05    1.23706e+05   -6.43618e+05   -7.80782e+05
    Temperature Pres. DC (bar) Pressure (bar)   Constr. rmsd
    2.99403e+02   -1.18711e+02    6.78077e+27    1.95924e-06

           Step           Time
          58900       29.45000

   Energies (kJ/mol)
           Bond          Angle    Proper Dih.  Improper Dih. Per. Imp. Dih.
    5.38935e+01    1.74526e+01    4.76750e-01    3.58390e+03    4.43967e-02
          LJ-14     Coulomb-14        LJ (SR)  Disper. corr.   Coulomb (SR)
    1.60878e+02    5.03293e+01    1.50965e+05   -3.91363e+03   -9.20753e+05
   Coul. recip.      Potential    Kinetic En.   Total Energy  Conserved En.
    2.44994e+03   -7.67384e+05    1.23911e+05   -6.43473e+05   -7.80781e+05
    Temperature Pres. DC (bar) Pressure (bar)   Constr. rmsd
    2.99899e+02   -1.18711e+02    6.78077e+27    1.95924e-06

           Step           Time
          59000       29.50000

   Energies (kJ/mol)
           Bond          Angle    Proper Dih.  Improper Dih. Per. Imp. Dih.
    5.38935e+01    1.74526e+01    4.76750e-01    3.58390e+03    4.43967e-02
          LJ-14     Coulomb-14        LJ (SR)  Disper. corr.   Coulomb (SR)
    1.60878e+02    5.03293e+01    1.49854e+05   -3.91363e+03   -9.19728e+05
   Coul. recip.      Potential    Kinetic En.   Total Energy  Conserved En.
    2.36612e+03   -7.67554e+05    1.24233e+05   -6.43322e+05   -7.80775e+05
    Temperature Pres. DC (bar) Pressure (bar)   Constr. rmsd
    3.00679e+02   -1.18711e+02    6.78077e+27    1.95924e-06

           Step           Time
          59100       29.55000

   Energies (kJ/mol)
           Bond          Angle    Proper Dih.  Improper Dih. Per. Imp. Dih.
    5.38935e+01    1.74526e+01    4.76750e-01    3.58390e+03    4.43967e-02
          LJ-14     Coulomb-14        LJ (SR)  Disper. corr.   Coulomb (SR)
    1.60878e+02    5.03293e+01    1.50456e+05   -3.91363e+03   -9.20565e+05
   Coul. recip.      Potential    Kinetic En.   Total Energy  Conserved En.
    2.34040e+03   -7.67816e+05    1.24049e+05   -6.43767e+05   -7.80782e+05
    Temperature Pres. DC (bar) Pressure (bar)   Constr. rmsd
    3.00234e+02   -1.18711e+02    6.78077e+27    1.95924e-06

           Step           Time
          59200       29.60000

   Energies (kJ/mol)
           Bond          Angle    Proper Dih.  Improper Dih. Per. Imp. Dih.
    5.38935e+01    1.74526e+01    4.76750e-01    3.58390e+03    4.43967e-02
          LJ-14     Coulomb-14        LJ (SR)  Disper. corr.   Coulomb (SR)
    1.60878e+02    5.03293e+01    1.49587e+05   -3.91363e+03   -9.20632e+05
   Coul. recip.      Potential    Kinetic En.   Total Energy  Conserved En.
    2.38447e+03   -7.68708e+05    1.24086e+05   -6.44621e+05   -7.80777e+05
    Temperature Pres. DC (bar) Pressure (bar)   Constr. rmsd
    3.00324e+02   -1.18711e+02    6.78077e+27    1.95924e-06

           Step           Time
          59300       29.65000

   Energies (kJ/mol)
           Bond          Angle    Proper Dih.  Improper Dih. Per. Imp. Dih.
    5.38935e+01    1.74526e+01    4.76750e-01    3.58390e+03    4.43967e-02
          LJ-14     Coulomb-14        LJ (SR)  Disper. corr.   Coulomb (SR)
    1.60878e+02    5.03293e+01    1.49233e+05   -3.91363e+03   -9.19590e+05
   Coul. recip.      Potential    Kinetic En.   Total Energy  Conserved En.
    2.39351e+03   -7.68011e+05    1.23131e+05   -6.44880e+05   -7.80781e+05
    Temperature Pres. DC (bar) Pressure (bar)   Constr. rmsd
    2.98012e+02   -1.18711e+02    6.78077e+27    1.95924e-06

           Step           Time
          59400       29.70000

   Energies (kJ/mol)
           Bond          Angle    Proper Dih.  Improper Dih. Per. Imp. Dih.
    5.38935e+01    1.74526e+01    4.76750e-01    3.58390e+03    4.43967e-02
          LJ-14     Coulomb-14        LJ (SR)  Disper. corr.   Coulomb (SR)
    1.60878e+02    5.03293e+01    1.48727e+05   -3.91363e+03   -9.20287e+05
   Coul. recip.      Potential    Kinetic En.   Total Energy  Conserved En.
    2.32305e+03   -7.69284e+05    1.24334e+05   -6.44949e+05   -7.80774e+05
    Temperature Pres. DC (bar) Pressure (bar)   Constr. rmsd
    3.00924e+02   -1.18711e+02    6.78077e+27    1.95924e-06

           Step           Time
          59500       29.75000

   Energies (kJ/mol)
           Bond          Angle    Proper Dih.  Improper Dih. Per. Imp. Dih.
    5.38935e+01    1.74526e+01    4.76750e-01    3.58390e+03    4.43967e-02
          LJ-14     Coulomb-14        LJ (SR)  Disper. corr.   Coulomb (SR)
    1.60878e+02    5.03293e+01    1.49933e+05   -3.91363e+03   -9.21181e+05
   Coul. recip.      Potential    Kinetic En.   Total Energy  Conserved En.
    2.36444e+03   -7.68931e+05    1.23449e+05   -6.45482e+05   -7.80779e+05
    Temperature Pres. DC (bar) Pressure (bar)   Constr. rmsd
    2.98780e+02   -1.18711e+02    6.78077e+27    1.95924e-06

           Step           Time
          59600       29.80000

   Energies (kJ/mol)
           Bond          Angle    Proper Dih.  Improper Dih. Per. Imp. Dih.
    5.38935e+01    1.74526e+01    4.76750e-01    3.58390e+03    4.43967e-02
          LJ-14     Coulomb-14        LJ (SR)  Disper. corr.   Coulomb (SR)
    1.60878e+02    5.03293e+01    1.51519e+05   -3.91363e+03   -9.23484e+05
   Coul. recip.      Potential    Kinetic En.   Total Energy  Conserved En.
    2.30317e+03   -7.69708e+05    1.23577e+05   -6.46131e+05   -7.80786e+05
    Temperature Pres. DC (bar) Pressure (bar)   Constr. rmsd
    2.99092e+02   -1.18711e+02    6.78077e+27    1.95924e-06

           Step           Time
          59700       29.85000

   Energies (kJ/mol)
           Bond          Angle    Proper Dih.  Improper Dih. Per. Imp. Dih.
    5.38935e+01    1.74526e+01    4.76750e-01    3.58390e+03    4.43967e-02
          LJ-14     Coulomb-14        LJ (SR)  Disper. corr.   Coulomb (SR)
    1.60878e+02    5.03293e+01    1.51323e+05   -3.91363e+03   -9.23301e+05
   Coul. recip.      Potential    Kinetic En.   Total Energy  Conserved En.
    2.39800e+03   -7.69627e+05    1.23450e+05   -6.46177e+05   -7.80780e+05
    Temperature Pres. DC (bar) Pressure (bar)   Constr. rmsd
    2.98783e+02   -1.18711e+02    6.78077e+27    1.95924e-06

           Step           Time
          59800       29.90000

   Energies (kJ/mol)
           Bond          Angle    Proper Dih.  Improper Dih. Per. Imp. Dih.
    5.38935e+01    1.74526e+01    4.76750e-01    3.58390e+03    4.43967e-02
          LJ-14     Coulomb-14        LJ (SR)  Disper. corr.   Coulomb (SR)
    1.60878e+02    5.03293e+01    1.50562e+05   -3.91363e+03   -9.22697e+05
   Coul. recip.      Potential    Kinetic En.   Total Energy  Conserved En.
    2.41217e+03   -7.69770e+05    1.23901e+05   -6.45869e+05   -7.80783e+05
    Temperature Pres. DC (bar) Pressure (bar)   Constr. rmsd
    2.99876e+02   -1.18711e+02    6.78077e+27    1.95924e-06

           Step           Time
          59900       29.95000

   Energies (kJ/mol)
           Bond          Angle    Proper Dih.  Improper Dih. Per. Imp. Dih.
    5.38935e+01    1.74526e+01    4.76750e-01    3.58390e+03    4.43967e-02
          LJ-14     Coulomb-14        LJ (SR)  Disper. corr.   Coulomb (SR)
    1.60878e+02    5.03293e+01    1.51098e+05   -3.91363e+03   -9.23458e+05
   Coul. recip.      Potential    Kinetic En.   Total Energy  Conserved En.
    2.39227e+03   -7.70014e+05    1.23669e+05   -6.46345e+05   -7.80784e+05
    Temperature Pres. DC (bar) Pressure (bar)   Constr. rmsd
    2.99315e+02   -1.18711e+02    6.78077e+27    1.95924e-06

           Step           Time
          60000       30.00000

   Energies (kJ/mol)
           Bond          Angle    Proper Dih.  Improper Dih. Per. Imp. Dih.
    5.38935e+01    1.74526e+01    4.76750e-01    3.58390e+03    4.43967e-02
          LJ-14     Coulomb-14        LJ (SR)  Disper. corr.   Coulomb (SR)
    1.60878e+02    5.03293e+01    1.50356e+05   -3.91363e+03   -9.22847e+05
   Coul. recip.      Potential    Kinetic En.   Total Energy  Conserved En.
    2.25743e+03   -7.70281e+05    1.23894e+05   -6.46387e+05   -7.80782e+05
    Temperature Pres. DC (bar) Pressure (bar)   Constr. rmsd
    2.99858e+02   -1.18711e+02    6.78077e+27    1.95924e-06

           Step           Time
          60100       30.05000

   Energies (kJ/mol)
           Bond          Angle    Proper Dih.  Improper Dih. Per. Imp. Dih.
    5.38935e+01    1.74526e+01    4.76750e-01    3.58390e+03    4.43967e-02
          LJ-14     Coulomb-14        LJ (SR)  Disper. corr.   Coulomb (SR)
    1.60878e+02    5.03293e+01    1.50226e+05   -3.91363e+03   -9.21930e+05
   Coul. recip.      Potential    Kinetic En.   Total Energy  Conserved En.
    2.37840e+03   -7.69372e+05    1.22890e+05   -6.46483e+05   -7.80786e+05
    Temperature Pres. DC (bar) Pressure (bar)   Constr. rmsd
    2.97428e+02   -1.18711e+02    6.78077e+27    1.95924e-06

           Step           Time
          60200       30.10000

   Energies (kJ/mol)
           Bond          Angle    Proper Dih.  Improper Dih. Per. Imp. Dih.
    5.38935e+01    1.74526e+01    4.76750e-01    3.58390e+03    4.43967e-02
          LJ-14     Coulomb-14        LJ (SR)  Disper. corr.   Coulomb (SR)
    1.60878e+02    5.03293e+01    1.49244e+05   -3.91363e+03   -9.21091e+05
   Coul. recip.      Potential    Kinetic En.   Total Energy  Conserved En.
    2.42899e+03   -7.69465e+05    1.22356e+05   -6.47109e+05   -7.80786e+05
    Temperature Pres. DC (bar) Pressure (bar)   Constr. rmsd
    2.96136e+02   -1.18711e+02    6.78077e+27    1.95924e-06

           Step           Time
          60300       30.15000

   Energies (kJ/mol)
           Bond          Angle    Proper Dih.  Improper Dih. Per. Imp. Dih.
    5.38935e+01    1.74526e+01    4.76750e-01    3.58390e+03    4.43967e-02
          LJ-14     Coulomb-14        LJ (SR)  Disper. corr.   Coulomb (SR)
    1.60878e+02    5.03293e+01    1.49303e+05   -3.91363e+03   -9.21704e+05
   Coul. recip.      Potential    Kinetic En.   Total Energy  Conserved En.
    2.40363e+03   -7.70044e+05    1.23751e+05   -6.46294e+05   -7.80782e+05
    Temperature Pres. DC (bar) Pressure (bar)   Constr. rmsd
    2.99512e+02   -1.18711e+02    6.78077e+27    1.95924e-06

           Step           Time
          60400       30.20000

   Energies (kJ/mol)
           Bond          Angle    Proper Dih.  Improper Dih. Per. Imp. Dih.
    5.38935e+01    1.74526e+01    4.76750e-01    3.58390e+03    4.43967e-02
          LJ-14     Coulomb-14        LJ (SR)  Disper. corr.   Coulomb (SR)
    1.60878e+02    5.03293e+01    1.49049e+05   -3.91363e+03   -9.21723e+05
   Coul. recip.      Potential    Kinetic En.   Total Energy  Conserved En.
    2.43003e+03   -7.70291e+05    1.24040e+05   -6.46251e+05   -7.80784e+05
    Temperature Pres. DC (bar) Pressure (bar)   Constr. rmsd
    3.00212e+02   -1.18711e+02    6.78077e+27    1.95924e-06

           Step           Time
          60500       30.25000

   Energies (kJ/mol)
           Bond          Angle    Proper Dih.  Improper Dih. Per. Imp. Dih.
    5.38935e+01    1.74526e+01    4.76750e-01    3.58390e+03    4.43967e-02
          LJ-14     Coulomb-14        LJ (SR)  Disper. corr.   Coulomb (SR)
    1.60878e+02    5.03293e+01    1.50339e+05   -3.91363e+03   -9.22138e+05
   Coul. recip.      Potential    Kinetic En.   Total Energy  Conserved En.
    2.33164e+03   -7.69514e+05    1.23664e+05   -6.45850e+05   -7.80788e+05
    Temperature Pres. DC (bar) Pressure (bar)   Constr. rmsd
    2.99302e+02   -1.18711e+02    6.78077e+27    1.95924e-06

           Step           Time
          60600       30.30000

   Energies (kJ/mol)
           Bond          Angle    Proper Dih.  Improper Dih. Per. Imp. Dih.
    5.38935e+01    1.74526e+01    4.76750e-01    3.58390e+03    4.43967e-02
          LJ-14     Coulomb-14        LJ (SR)  Disper. corr.   Coulomb (SR)
    1.60878e+02    5.03293e+01    1.50045e+05   -3.91363e+03   -9.21811e+05
   Coul. recip.      Potential    Kinetic En.   Total Energy  Conserved En.
    2.29851e+03   -7.69514e+05    1.23238e+05   -6.46277e+05   -7.80790e+05
    Temperature Pres. DC (bar) Pressure (bar)   Constr. rmsd
    2.98270e+02   -1.18711e+02    6.78077e+27    1.95924e-06

           Step           Time
          60700       30.35000

   Energies (kJ/mol)
           Bond          Angle    Proper Dih.  Improper Dih. Per. Imp. Dih.
    5.38935e+01    1.74526e+01    4.76750e-01    3.58390e+03    4.43967e-02
          LJ-14     Coulomb-14        LJ (SR)  Disper. corr.   Coulomb (SR)
    1.60878e+02    5.03293e+01    1.49494e+05   -3.91363e+03   -9.20912e+05
   Coul. recip.      Potential    Kinetic En.   Total Energy  Conserved En.
    2.41690e+03   -7.69048e+05    1.23651e+05   -6.45397e+05   -7.80787e+05
    Temperature Pres. DC (bar) Pressure (bar)   Constr. rmsd
    2.99270e+02   -1.18711e+02    6.78077e+27    1.95924e-06

           Step           Time
          60800       30.40000

   Energies (kJ/mol)
           Bond          Angle    Proper Dih.  Improper Dih. Per. Imp. Dih.
    5.38935e+01    1.74526e+01    4.76750e-01    3.58390e+03    4.43967e-02
          LJ-14     Coulomb-14        LJ (SR)  Disper. corr.   Coulomb (SR)
    1.60878e+02    5.03293e+01    1.51178e+05   -3.91363e+03   -9.22622e+05
   Coul. recip.      Potential    Kinetic En.   Total Energy  Conserved En.
    2.35970e+03   -7.69130e+05    1.23302e+05   -6.45828e+05   -7.80786e+05
    Temperature Pres. DC (bar) Pressure (bar)   Constr. rmsd
    2.98427e+02   -1.18711e+02    6.78077e+27    1.95924e-06

           Step           Time
          60900       30.45000

   Energies (kJ/mol)
           Bond          Angle    Proper Dih.  Improper Dih. Per. Imp. Dih.
    5.38935e+01    1.74526e+01    4.76750e-01    3.58390e+03    4.43967e-02
          LJ-14     Coulomb-14        LJ (SR)  Disper. corr.   Coulomb (SR)
    1.60878e+02    5.03293e+01    1.50996e+05   -3.91363e+03   -9.23316e+05
   Coul. recip.      Potential    Kinetic En.   Total Energy  Conserved En.
    2.42238e+03   -7.69945e+05    1.23775e+05   -6.46170e+05   -7.80792e+05
    Temperature Pres. DC (bar) Pressure (bar)   Constr. rmsd
    2.99570e+02   -1.18711e+02    6.78077e+27    1.95924e-06

           Step           Time
          61000       30.50000

   Energies (kJ/mol)
           Bond          Angle    Proper Dih.  Improper Dih. Per. Imp. Dih.
    5.38935e+01    1.74526e+01    4.76750e-01    3.58390e+03    4.43967e-02
          LJ-14     Coulomb-14        LJ (SR)  Disper. corr.   Coulomb (SR)
    1.60878e+02    5.03293e+01    1.50705e+05   -3.91363e+03   -9.22316e+05
   Coul. recip.      Potential    Kinetic En.   Total Energy  Conserved En.
    2.31971e+03   -7.69337e+05    1.23609e+05   -6.45728e+05   -7.80787e+05
    Temperature Pres. DC (bar) Pressure (bar)   Constr. rmsd
    2.99170e+02   -1.18711e+02    6.78077e+27    1.95924e-06

           Step           Time
          61100       30.55000

   Energies (kJ/mol)
           Bond          Angle    Proper Dih.  Improper Dih. Per. Imp. Dih.
    5.38935e+01    1.74526e+01    4.76750e-01    3.58390e+03    4.43967e-02
          LJ-14     Coulomb-14        LJ (SR)  Disper. corr.   Coulomb (SR)
    1.60878e+02    5.03293e+01    1.49638e+05   -3.91363e+03   -9.20122e+05
   Coul. recip.      Potential    Kinetic En.   Total Energy  Conserved En.
    2.42333e+03   -7.68108e+05    1.22555e+05   -6.45553e+05   -7.80787e+05
    Temperature Pres. DC (bar) Pressure (bar)   Constr. rmsd
    2.96617e+02   -1.18711e+02    6.78077e+27    1.95924e-06

           Step           Time
          61200       30.60000

   Energies (kJ/mol)
           Bond          Angle    Proper Dih.  Improper Dih. Per. Imp. Dih.
    5.38935e+01    1.74526e+01    4.76750e-01    3.58390e+03    4.43967e-02
          LJ-14     Coulomb-14        LJ (SR)  Disper. corr.   Coulomb (SR)
    1.60878e+02    5.03293e+01    1.47953e+05   -3.91363e+03   -9.18680e+05
   Coul. recip.      Potential    Kinetic En.   Total Energy  Conserved En.
    2.31524e+03   -7.68458e+05    1.23204e+05   -6.45254e+05   -7.80788e+05
    Temperature Pres. DC (bar) Pressure (bar)   Constr. rmsd
    2.98188e+02   -1.18711e+02    6.78077e+27    1.95924e-06

           Step           Time
          61300       30.65000

   Energies (kJ/mol)
           Bond          Angle    Proper Dih.  Improper Dih. Per. Imp. Dih.
    5.38935e+01    1.74526e+01    4.76750e-01    3.58390e+03    4.43967e-02
          LJ-14     Coulomb-14        LJ (SR)  Disper. corr.   Coulomb (SR)
    1.60878e+02    5.03293e+01    1.48947e+05   -3.91363e+03   -9.19681e+05
   Coul. recip.      Potential    Kinetic En.   Total Energy  Conserved En.
    2.26484e+03   -7.68516e+05    1.23151e+05   -6.45365e+05   -7.80794e+05
    Temperature Pres. DC (bar) Pressure (bar)   Constr. rmsd
    2.98061e+02   -1.18711e+02    6.78077e+27    1.95924e-06

           Step           Time
          61400       30.70000

   Energies (kJ/mol)
           Bond          Angle    Proper Dih.  Improper Dih. Per. Imp. Dih.
    5.38935e+01    1.74526e+01    4.76750e-01    3.58390e+03    4.43967e-02
          LJ-14     Coulomb-14        LJ (SR)  Disper. corr.   Coulomb (SR)
    1.60878e+02    5.03293e+01    1.48691e+05   -3.91363e+03   -9.20401e+05
   Coul. recip.      Potential    Kinetic En.   Total Energy  Conserved En.
    2.31098e+03   -7.69445e+05    1.24373e+05   -6.45072e+05   -7.80792e+05
    Temperature Pres. DC (bar) Pressure (bar)   Constr. rmsd
    3.01017e+02   -1.18711e+02    6.78077e+27    1.95924e-06

           Step           Time
          61500       30.75000

   Energies (kJ/mol)
           Bond          Angle    Proper Dih.  Improper Dih. Per. Imp. Dih.
    5.38935e+01    1.74526e+01    4.76750e-01    3.58390e+03    4.43967e-02
          LJ-14     Coulomb-14        LJ (SR)  Disper. corr.   Coulomb (SR)
    1.60878e+02    5.03293e+01    1.49459e+05   -3.91363e+03   -9.20633e+05
   Coul. recip.      Potential    Kinetic En.   Total Energy  Conserved En.
    2.30603e+03   -7.68915e+05    1.24234e+05   -6.44681e+05   -7.80788e+05
    Temperature Pres. DC (bar) Pressure (bar)   Constr. rmsd
    3.00681e+02   -1.18711e+02    6.78077e+27    1.95924e-06

           Step           Time
          61600       30.80000

   Energies (kJ/mol)
           Bond          Angle    Proper Dih.  Improper Dih. Per. Imp. Dih.
    5.38935e+01    1.74526e+01    4.76750e-01    3.58390e+03    4.43967e-02
          LJ-14     Coulomb-14        LJ (SR)  Disper. corr.   Coulomb (SR)
    1.60878e+02    5.03293e+01    1.50656e+05   -3.91363e+03   -9.21516e+05
   Coul. recip.      Potential    Kinetic En.   Total Energy  Conserved En.
    2.31282e+03   -7.68594e+05    1.24072e+05   -6.44522e+05   -7.80791e+05
    Temperature Pres. DC (bar) Pressure (bar)   Constr. rmsd
    3.00289e+02   -1.18711e+02    6.78077e+27    1.95924e-06

           Step           Time
          61700       30.85000

   Energies (kJ/mol)
           Bond          Angle    Proper Dih.  Improper Dih. Per. Imp. Dih.
    5.38935e+01    1.74526e+01    4.76750e-01    3.58390e+03    4.43967e-02
          LJ-14     Coulomb-14        LJ (SR)  Disper. corr.   Coulomb (SR)
    1.60878e+02    5.03293e+01    1.51309e+05   -3.91363e+03   -9.22723e+05
   Coul. recip.      Potential    Kinetic En.   Total Energy  Conserved En.
    2.35593e+03   -7.69105e+05    1.24305e+05   -6.44800e+05   -7.80791e+05
    Temperature Pres. DC (bar) Pressure (bar)   Constr. rmsd
    3.00853e+02   -1.18711e+02    6.78077e+27    1.95924e-06

           Step           Time
          61800       30.90000

   Energies (kJ/mol)
           Bond          Angle    Proper Dih.  Improper Dih. Per. Imp. Dih.
    5.38935e+01    1.74526e+01    4.76750e-01    3.58390e+03    4.43967e-02
          LJ-14     Coulomb-14        LJ (SR)  Disper. corr.   Coulomb (SR)
    1.60878e+02    5.03293e+01    1.50138e+05   -3.91363e+03   -9.21289e+05
   Coul. recip.      Potential    Kinetic En.   Total Energy  Conserved En.
    2.31679e+03   -7.68880e+05    1.24320e+05   -6.44561e+05   -7.80800e+05
    Temperature Pres. DC (bar) Pressure (bar)   Constr. rmsd
    3.00889e+02   -1.18711e+02    6.78077e+27    1.95924e-06

           Step           Time
          61900       30.95000

   Energies (kJ/mol)
           Bond          Angle    Proper Dih.  Improper Dih. Per. Imp. Dih.
    5.38935e+01    1.74526e+01    4.76750e-01    3.58390e+03    4.43967e-02
          LJ-14     Coulomb-14        LJ (SR)  Disper. corr.   Coulomb (SR)
    1.60878e+02    5.03293e+01    1.48869e+05   -3.91363e+03   -9.19948e+05
   Coul. recip.      Potential    Kinetic En.   Total Energy  Conserved En.
    2.40024e+03   -7.68726e+05    1.23680e+05   -6.45045e+05   -7.80788e+05
    Temperature Pres. DC (bar) Pressure (bar)   Constr. rmsd
    2.99341e+02   -1.18711e+02    6.78077e+27    1.95924e-06

           Step           Time
          62000       31.00000

   Energies (kJ/mol)
           Bond          Angle    Proper Dih.  Improper Dih. Per. Imp. Dih.
    5.38935e+01    1.74526e+01    4.76750e-01    3.58390e+03    4.43967e-02
          LJ-14     Coulomb-14        LJ (SR)  Disper. corr.   Coulomb (SR)
    1.60878e+02    5.03293e+01    1.49749e+05   -3.91363e+03   -9.21286e+05
   Coul. recip.      Potential    Kinetic En.   Total Energy  Conserved En.
    2.36981e+03   -7.69214e+05    1.24157e+05   -6.45057e+05   -7.80792e+05
    Temperature Pres. DC (bar) Pressure (bar)   Constr. rmsd
    3.00496e+02   -1.18711e+02    6.78077e+27    1.95924e-06

           Step           Time
          62100       31.05000

   Energies (kJ/mol)
           Bond          Angle    Proper Dih.  Improper Dih. Per. Imp. Dih.
    5.38935e+01    1.74526e+01    4.76750e-01    3.58390e+03    4.43967e-02
          LJ-14     Coulomb-14        LJ (SR)  Disper. corr.   Coulomb (SR)
    1.60878e+02    5.03293e+01    1.51192e+05   -3.91363e+03   -9.22736e+05
   Coul. recip.      Potential    Kinetic En.   Total Energy  Conserved En.
    2.40861e+03   -7.69182e+05    1.24026e+05   -6.45156e+05   -7.80797e+05
    Temperature Pres. DC (bar) Pressure (bar)   Constr. rmsd
    3.00178e+02   -1.18711e+02    6.78077e+27    1.95924e-06

           Step           Time
          62200       31.10000

   Energies (kJ/mol)
           Bond          Angle    Proper Dih.  Improper Dih. Per. Imp. Dih.
    5.38935e+01    1.74526e+01    4.76750e-01    3.58390e+03    4.43967e-02
          LJ-14     Coulomb-14        LJ (SR)  Disper. corr.   Coulomb (SR)
    1.60878e+02    5.03293e+01    1.50999e+05   -3.91363e+03   -9.22282e+05
   Coul. recip.      Potential    Kinetic En.   Total Energy  Conserved En.
    2.38996e+03   -7.68940e+05    1.24424e+05   -6.44516e+05   -7.80796e+05
    Temperature Pres. DC (bar) Pressure (bar)   Constr. rmsd
    3.01142e+02   -1.18711e+02    6.78077e+27    1.95924e-06

           Step           Time
          62300       31.15000

   Energies (kJ/mol)
           Bond          Angle    Proper Dih.  Improper Dih. Per. Imp. Dih.
    5.38935e+01    1.74526e+01    4.76750e-01    3.58390e+03    4.43967e-02
          LJ-14     Coulomb-14        LJ (SR)  Disper. corr.   Coulomb (SR)
    1.60878e+02    5.03293e+01    1.50734e+05   -3.91363e+03   -9.21014e+05
   Coul. recip.      Potential    Kinetic En.   Total Energy  Conserved En.
    2.48098e+03   -7.67846e+05    1.22876e+05   -6.44970e+05   -7.80792e+05
    Temperature Pres. DC (bar) Pressure (bar)   Constr. rmsd
    2.97395e+02   -1.18711e+02    6.78077e+27    1.95924e-06

           Step           Time
          62400       31.20000

   Energies (kJ/mol)
           Bond          Angle    Proper Dih.  Improper Dih. Per. Imp. Dih.
    5.38935e+01    1.74526e+01    4.76750e-01    3.58390e+03    4.43967e-02
          LJ-14     Coulomb-14        LJ (SR)  Disper. corr.   Coulomb (SR)
    1.60878e+02    5.03293e+01    1.49088e+05   -3.91363e+03   -9.19330e+05
   Coul. recip.      Potential    Kinetic En.   Total Energy  Conserved En.
    2.37170e+03   -7.67917e+05    1.23577e+05   -6.44340e+05   -7.80800e+05
    Temperature Pres. DC (bar) Pressure (bar)   Constr. rmsd
    2.99091e+02   -1.18711e+02    6.78077e+27    1.95924e-06

           Step           Time
          62500       31.25000

   Energies (kJ/mol)
           Bond          Angle    Proper Dih.  Improper Dih. Per. Imp. Dih.
    5.38935e+01    1.74526e+01    4.76750e-01    3.58390e+03    4.43967e-02
          LJ-14     Coulomb-14        LJ (SR)  Disper. corr.   Coulomb (SR)
    1.60878e+02    5.03293e+01    1.48448e+05   -3.91363e+03   -9.18774e+05
   Coul. recip.      Potential    Kinetic En.   Total Energy  Conserved En.
    2.38379e+03   -7.67988e+05    1.24382e+05   -6.43607e+05   -7.80800e+05
    Temperature Pres. DC (bar) Pressure (bar)   Constr. rmsd
    3.01039e+02   -1.18711e+02    6.78077e+27    1.95924e-06

           Step           Time
          62600       31.30000

   Energies (kJ/mol)
           Bond          Angle    Proper Dih.  Improper Dih. Per. Imp. Dih.
    5.38935e+01    1.74526e+01    4.76750e-01    3.58390e+03    4.43967e-02
          LJ-14     Coulomb-14        LJ (SR)  Disper. corr.   Coulomb (SR)
    1.60878e+02    5.03293e+01    1.47619e+05   -3.91363e+03   -9.17890e+05
   Coul. recip.      Potential    Kinetic En.   Total Energy  Conserved En.
    2.39254e+03   -7.67926e+05    1.24067e+05   -6.43858e+05   -7.80804e+05
    Temperature Pres. DC (bar) Pressure (bar)   Constr. rmsd
    3.00278e+02   -1.18711e+02    6.78077e+27    1.95924e-06

           Step           Time
          62700       31.35000

   Energies (kJ/mol)
           Bond          Angle    Proper Dih.  Improper Dih. Per. Imp. Dih.
    5.38935e+01    1.74526e+01    4.76750e-01    3.58390e+03    4.43967e-02
          LJ-14     Coulomb-14        LJ (SR)  Disper. corr.   Coulomb (SR)
    1.60878e+02    5.03293e+01    1.47293e+05   -3.91363e+03   -9.17330e+05
   Coul. recip.      Potential    Kinetic En.   Total Energy  Conserved En.
    2.45898e+03   -7.67625e+05    1.23614e+05   -6.44011e+05   -7.80794e+05
    Temperature Pres. DC (bar) Pressure (bar)   Constr. rmsd
    2.99181e+02   -1.18711e+02    6.78077e+27    1.95924e-06

           Step           Time
          62800       31.40000

   Energies (kJ/mol)
           Bond          Angle    Proper Dih.  Improper Dih. Per. Imp. Dih.
    5.38935e+01    1.74526e+01    4.76750e-01    3.58390e+03    4.43967e-02
          LJ-14     Coulomb-14        LJ (SR)  Disper. corr.   Coulomb (SR)
    1.60878e+02    5.03293e+01    1.49818e+05   -3.91363e+03   -9.20140e+05
   Coul. recip.      Potential    Kinetic En.   Total Energy  Conserved En.
    2.42534e+03   -7.67944e+05    1.24095e+05   -6.43849e+05   -7.80786e+05
    Temperature Pres. DC (bar) Pressure (bar)   Constr. rmsd
    3.00344e+02   -1.18711e+02    6.78077e+27    1.95924e-06

           Step           Time
          62900       31.45000

   Energies (kJ/mol)
           Bond          Angle    Proper Dih.  Improper Dih. Per. Imp. Dih.
    5.38935e+01    1.74526e+01    4.76750e-01    3.58390e+03    4.43967e-02
          LJ-14     Coulomb-14        LJ (SR)  Disper. corr.   Coulomb (SR)
    1.60878e+02    5.03293e+01    1.49730e+05   -3.91363e+03   -9.19780e+05
   Coul. recip.      Potential    Kinetic En.   Total Energy  Conserved En.
    2.46072e+03   -7.67635e+05    1.23909e+05   -6.43726e+05   -7.80796e+05
    Temperature Pres. DC (bar) Pressure (bar)   Constr. rmsd
    2.99895e+02   -1.18711e+02    6.78077e+27    1.95924e-06

           Step           Time
          63000       31.50000

   Energies (kJ/mol)
           Bond          Angle    Proper Dih.  Improper Dih. Per. Imp. Dih.
    5.38935e+01    1.74526e+01    4.76750e-01    3.58390e+03    4.43967e-02
          LJ-14     Coulomb-14        LJ (SR)  Disper. corr.   Coulomb (SR)
    1.60878e+02    5.03293e+01    1.50501e+05   -3.91363e+03   -9.20206e+05
   Coul. recip.      Potential    Kinetic En.   Total Energy  Conserved En.
    2.44575e+03   -7.67306e+05    1.23785e+05   -6.43521e+05   -7.80800e+05
    Temperature Pres. DC (bar) Pressure (bar)   Constr. rmsd
    2.99596e+02   -1.18711e+02    6.78077e+27    1.95924e-06

           Step           Time
          63100       31.55000

   Energies (kJ/mol)
           Bond          Angle    Proper Dih.  Improper Dih. Per. Imp. Dih.
    5.38935e+01    1.74526e+01    4.76750e-01    3.58390e+03    4.43967e-02
          LJ-14     Coulomb-14        LJ (SR)  Disper. corr.   Coulomb (SR)
    1.60878e+02    5.03293e+01    1.50442e+05   -3.91363e+03   -9.20380e+05
   Coul. recip.      Potential    Kinetic En.   Total Energy  Conserved En.
    2.32799e+03   -7.67656e+05    1.23011e+05   -6.44645e+05   -7.80800e+05
    Temperature Pres. DC (bar) Pressure (bar)   Constr. rmsd
    2.97722e+02   -1.18711e+02    6.78077e+27    1.95924e-06

           Step           Time
          63200       31.60000

   Energies (kJ/mol)
           Bond          Angle    Proper Dih.  Improper Dih. Per. Imp. Dih.
    5.38935e+01    1.74526e+01    4.76750e-01    3.58390e+03    4.43967e-02
          LJ-14     Coulomb-14        LJ (SR)  Disper. corr.   Coulomb (SR)
    1.60878e+02    5.03293e+01    1.49507e+05   -3.91363e+03   -9.20183e+05
   Coul. recip.      Potential    Kinetic En.   Total Energy  Conserved En.
    2.38262e+03   -7.68341e+05    1.23596e+05   -6.44744e+05   -7.80800e+05
    Temperature Pres. DC (bar) Pressure (bar)   Constr. rmsd
    2.99138e+02   -1.18711e+02    6.78077e+27    1.95924e-06

           Step           Time
          63300       31.65000

   Energies (kJ/mol)
           Bond          Angle    Proper Dih.  Improper Dih. Per. Imp. Dih.
    5.38935e+01    1.74526e+01    4.76750e-01    3.58390e+03    4.43967e-02
          LJ-14     Coulomb-14        LJ (SR)  Disper. corr.   Coulomb (SR)
    1.60878e+02    5.03293e+01    1.50149e+05   -3.91363e+03   -9.21357e+05
   Coul. recip.      Potential    Kinetic En.   Total Energy  Conserved En.
    2.38997e+03   -7.68865e+05    1.23900e+05   -6.44965e+05   -7.80798e+05
    Temperature Pres. DC (bar) Pressure (bar)   Constr. rmsd
    2.99874e+02   -1.18711e+02    6.78077e+27    1.95924e-06

           Step           Time
          63400       31.70000

   Energies (kJ/mol)
           Bond          Angle    Proper Dih.  Improper Dih. Per. Imp. Dih.
    5.38935e+01    1.74526e+01    4.76750e-01    3.58390e+03    4.43967e-02
          LJ-14     Coulomb-14        LJ (SR)  Disper. corr.   Coulomb (SR)
    1.60878e+02    5.03293e+01    1.50309e+05   -3.91363e+03   -9.22004e+05
   Coul. recip.      Potential    Kinetic En.   Total Energy  Conserved En.
    2.34606e+03   -7.69395e+05    1.23872e+05   -6.45523e+05   -7.80802e+05
    Temperature Pres. DC (bar) Pressure (bar)   Constr. rmsd
    2.99805e+02   -1.18711e+02    6.78077e+27    1.95924e-06

           Step           Time
          63500       31.75000

   Energies (kJ/mol)
           Bond          Angle    Proper Dih.  Improper Dih. Per. Imp. Dih.
    5.38935e+01    1.74526e+01    4.76750e-01    3.58390e+03    4.43967e-02
          LJ-14     Coulomb-14        LJ (SR)  Disper. corr.   Coulomb (SR)
    1.60878e+02    5.03293e+01    1.49893e+05   -3.91363e+03   -9.21059e+05
   Coul. recip.      Potential    Kinetic En.   Total Energy  Conserved En.
    2.41165e+03   -7.68801e+05    1.23363e+05   -6.45438e+05   -7.80804e+05
    Temperature Pres. DC (bar) Pressure (bar)   Constr. rmsd
    2.98574e+02   -1.18711e+02    6.78077e+27    1.95924e-06

           Step           Time
          63600       31.80000

   Energies (kJ/mol)
           Bond          Angle    Proper Dih.  Improper Dih. Per. Imp. Dih.
    5.38935e+01    1.74526e+01    4.76750e-01    3.58390e+03    4.43967e-02
          LJ-14     Coulomb-14        LJ (SR)  Disper. corr.   Coulomb (SR)
    1.60878e+02    5.03293e+01    1.48734e+05   -3.91363e+03   -9.20351e+05
   Coul. recip.      Potential    Kinetic En.   Total Energy  Conserved En.
    2.41877e+03   -7.69246e+05    1.23556e+05   -6.45690e+05   -7.80793e+05
    Temperature Pres. DC (bar) Pressure (bar)   Constr. rmsd
    2.99040e+02   -1.18711e+02    6.78077e+27    1.95924e-06

           Step           Time
          63700       31.85000

   Energies (kJ/mol)
           Bond          Angle    Proper Dih.  Improper Dih. Per. Imp. Dih.
    5.38935e+01    1.74526e+01    4.76750e-01    3.58390e+03    4.43967e-02
          LJ-14     Coulomb-14        LJ (SR)  Disper. corr.   Coulomb (SR)
    1.60878e+02    5.03293e+01    1.50113e+05   -3.91363e+03   -9.22417e+05
   Coul. recip.      Potential    Kinetic En.   Total Energy  Conserved En.
    2.36160e+03   -7.69989e+05    1.24089e+05   -6.45900e+05   -7.80798e+05
    Temperature Pres. DC (bar) Pressure (bar)   Constr. rmsd
    3.00331e+02   -1.18711e+02    6.78077e+27    1.95924e-06

           Step           Time
          63800       31.90000

   Energies (kJ/mol)
           Bond          Angle    Proper Dih.  Improper Dih. Per. Imp. Dih.
    5.38935e+01    1.74526e+01    4.76750e-01    3.58390e+03    4.43967e-02
          LJ-14     Coulomb-14        LJ (SR)  Disper. corr.   Coulomb (SR)
    1.60878e+02    5.03293e+01    1.49947e+05   -3.91363e+03   -9.22307e+05
   Coul. recip.      Potential    Kinetic En.   Total Energy  Conserved En.
    2.32975e+03   -7.70076e+05    1.24293e+05   -6.45784e+05   -7.80806e+05
    Temperature Pres. DC (bar) Pressure (bar)   Constr. rmsd
    3.00823e+02   -1.18711e+02    6.78077e+27    1.95924e-06

           Step           Time
          63900       31.95000

   Energies (kJ/mol)
           Bond          Angle    Proper Dih.  Improper Dih. Per. Imp. Dih.
    5.38935e+01    1.74526e+01    4.76750e-01    3.58390e+03    4.43967e-02
          LJ-14     Coulomb-14        LJ (SR)  Disper. corr.   Coulomb (SR)
    1.60878e+02    5.03293e+01    1.51184e+05   -3.91363e+03   -9.22436e+05
   Coul. recip.      Potential    Kinetic En.   Total Energy  Conserved En.
    2.30413e+03   -7.68995e+05    1.23763e+05   -6.45231e+05   -7.80802e+05
    Temperature Pres. DC (bar) Pressure (bar)   Constr. rmsd
    2.99543e+02   -1.18711e+02    6.78077e+27    1.95924e-06

           Step           Time
          64000       32.00000

   Energies (kJ/mol)
           Bond          Angle    Proper Dih.  Improper Dih. Per. Imp. Dih.
    5.38935e+01    1.74526e+01    4.76750e-01    3.58390e+03    4.43967e-02
          LJ-14     Coulomb-14        LJ (SR)  Disper. corr.   Coulomb (SR)
    1.60878e+02    5.03293e+01    1.50596e+05   -3.91363e+03   -9.21664e+05
   Coul. recip.      Potential    Kinetic En.   Total Energy  Conserved En.
    2.30345e+03   -7.68811e+05    1.23332e+05   -6.45479e+05   -7.80799e+05
    Temperature Pres. DC (bar) Pressure (bar)   Constr. rmsd
    2.98498e+02   -1.18711e+02    6.78077e+27    1.95924e-06

           Step           Time
          64100       32.05000

   Energies (kJ/mol)
           Bond          Angle    Proper Dih.  Improper Dih. Per. Imp. Dih.
    5.38935e+01    1.74526e+01    4.76750e-01    3.58390e+03    4.43967e-02
          LJ-14     Coulomb-14        LJ (SR)  Disper. corr.   Coulomb (SR)
    1.60878e+02    5.03293e+01    1.49375e+05   -3.91363e+03   -9.20322e+05
   Coul. recip.      Potential    Kinetic En.   Total Energy  Conserved En.
    2.30560e+03   -7.68689e+05    1.23753e+05   -6.44936e+05   -7.80806e+05
    Temperature Pres. DC (bar) Pressure (bar)   Constr. rmsd
    2.99517e+02   -1.18711e+02    6.78077e+27    1.95924e-06

           Step           Time
          64200       32.10000

   Energies (kJ/mol)
           Bond          Angle    Proper Dih.  Improper Dih. Per. Imp. Dih.
    5.38935e+01    1.74526e+01    4.76750e-01    3.58390e+03    4.43967e-02
          LJ-14     Coulomb-14        LJ (SR)  Disper. corr.   Coulomb (SR)
    1.60878e+02    5.03293e+01    1.49688e+05   -3.91363e+03   -9.20348e+05
   Coul. recip.      Potential    Kinetic En.   Total Energy  Conserved En.
    2.28807e+03   -7.68419e+05    1.23669e+05   -6.44750e+05   -7.80804e+05
    Temperature Pres. DC (bar) Pressure (bar)   Constr. rmsd
    2.99313e+02   -1.18711e+02    6.78077e+27    1.95924e-06

           Step           Time
          64300       32.15000

   Energies (kJ/mol)
           Bond          Angle    Proper Dih.  Improper Dih. Per. Imp. Dih.
    5.38935e+01    1.74526e+01    4.76750e-01    3.58390e+03    4.43967e-02
          LJ-14     Coulomb-14        LJ (SR)  Disper. corr.   Coulomb (SR)
    1.60878e+02    5.03293e+01    1.49374e+05   -3.91363e+03   -9.20177e+05
   Coul. recip.      Potential    Kinetic En.   Total Energy  Conserved En.
    2.37680e+03   -7.68473e+05    1.23569e+05   -6.44904e+05   -7.80804e+05
    Temperature Pres. DC (bar) Pressure (bar)   Constr. rmsd
    2.99072e+02   -1.18711e+02    6.78077e+27    1.95924e-06

           Step           Time
          64400       32.20000

   Energies (kJ/mol)
           Bond          Angle    Proper Dih.  Improper Dih. Per. Imp. Dih.
    5.38935e+01    1.74526e+01    4.76750e-01    3.58390e+03    4.43967e-02
          LJ-14     Coulomb-14        LJ (SR)  Disper. corr.   Coulomb (SR)
    1.60878e+02    5.03293e+01    1.49038e+05   -3.91363e+03   -9.20546e+05
   Coul. recip.      Potential    Kinetic En.   Total Energy  Conserved En.
    2.32950e+03   -7.69226e+05    1.24336e+05   -6.44890e+05   -7.80809e+05
    Temperature Pres. DC (bar) Pressure (bar)   Constr. rmsd
    3.00928e+02   -1.18711e+02    6.78077e+27    1.95924e-06

           Step           Time
          64500       32.25000

   Energies (kJ/mol)
           Bond          Angle    Proper Dih.  Improper Dih. Per. Imp. Dih.
    5.38935e+01    1.74526e+01    4.76750e-01    3.58390e+03    4.43967e-02
          LJ-14     Coulomb-14        LJ (SR)  Disper. corr.   Coulomb (SR)
    1.60878e+02    5.03293e+01    1.49881e+05   -3.91363e+03   -9.21115e+05
   Coul. recip.      Potential    Kinetic En.   Total Energy  Conserved En.
    2.31726e+03   -7.68963e+05    1.24443e+05   -6.44521e+05   -7.80806e+05
    Temperature Pres. DC (bar) Pressure (bar)   Constr. rmsd
    3.01186e+02   -1.18711e+02    6.78077e+27    1.95924e-06

           Step           Time
          64600       32.30000

   Energies (kJ/mol)
           Bond          Angle    Proper Dih.  Improper Dih. Per. Imp. Dih.
    5.38935e+01    1.74526e+01    4.76750e-01    3.58390e+03    4.43967e-02
          LJ-14     Coulomb-14        LJ (SR)  Disper. corr.   Coulomb (SR)
    1.60878e+02    5.03293e+01    1.49904e+05   -3.91363e+03   -9.21463e+05
   Coul. recip.      Potential    Kinetic En.   Total Energy  Conserved En.
    2.34155e+03   -7.69264e+05    1.24909e+05   -6.44355e+05   -7.80802e+05
    Temperature Pres. DC (bar) Pressure (bar)   Constr. rmsd
    3.02315e+02   -1.18711e+02    6.78077e+27    1.95924e-06

           Step           Time
          64700       32.35000

   Energies (kJ/mol)
           Bond          Angle    Proper Dih.  Improper Dih. Per. Imp. Dih.
    5.38935e+01    1.74526e+01    4.76750e-01    3.58390e+03    4.43967e-02
          LJ-14     Coulomb-14        LJ (SR)  Disper. corr.   Coulomb (SR)
    1.60878e+02    5.03293e+01    1.50276e+05   -3.91363e+03   -9.20947e+05
   Coul. recip.      Potential    Kinetic En.   Total Energy  Conserved En.
    2.36777e+03   -7.68350e+05    1.24578e+05   -6.43772e+05   -7.80809e+05
    Temperature Pres. DC (bar) Pressure (bar)   Constr. rmsd
    3.01514e+02   -1.18711e+02    6.78077e+27    1.95924e-06

           Step           Time
          64800       32.40000

   Energies (kJ/mol)
           Bond          Angle    Proper Dih.  Improper Dih. Per. Imp. Dih.
    5.38935e+01    1.74526e+01    4.76750e-01    3.58390e+03    4.43967e-02
          LJ-14     Coulomb-14        LJ (SR)  Disper. corr.   Coulomb (SR)
    1.60878e+02    5.03293e+01    1.49846e+05   -3.91363e+03   -9.21262e+05
   Coul. recip.      Potential    Kinetic En.   Total Energy  Conserved En.
    2.35766e+03   -7.69105e+05    1.24006e+05   -6.45099e+05   -7.80807e+05
    Temperature Pres. DC (bar) Pressure (bar)   Constr. rmsd
    3.00129e+02   -1.18711e+02    6.78077e+27    1.95924e-06

           Step           Time
          64900       32.45000

   Energies (kJ/mol)
           Bond          Angle    Proper Dih.  Improper Dih. Per. Imp. Dih.
    5.38935e+01    1.74526e+01    4.76750e-01    3.58390e+03    4.43967e-02
          LJ-14     Coulomb-14        LJ (SR)  Disper. corr.   Coulomb (SR)
    1.60878e+02    5.03293e+01    1.49995e+05   -3.91363e+03   -9.21082e+05
   Coul. recip.      Potential    Kinetic En.   Total Energy  Conserved En.
    2.35004e+03   -7.68784e+05    1.23513e+05   -6.45271e+05   -7.80804e+05
    Temperature Pres. DC (bar) Pressure (bar)   Constr. rmsd
    2.98936e+02   -1.18711e+02    6.78077e+27    1.95924e-06

           Step           Time
          65000       32.50000

   Energies (kJ/mol)
           Bond          Angle    Proper Dih.  Improper Dih. Per. Imp. Dih.
    5.38935e+01    1.74526e+01    4.76750e-01    3.58390e+03    4.43967e-02
          LJ-14     Coulomb-14        LJ (SR)  Disper. corr.   Coulomb (SR)
    1.60878e+02    5.03293e+01    1.49483e+05   -3.91363e+03   -9.20762e+05
   Coul. recip.      Potential    Kinetic En.   Total Energy  Conserved En.
    2.35545e+03   -7.68971e+05    1.23058e+05   -6.45913e+05   -7.80804e+05
    Temperature Pres. DC (bar) Pressure (bar)   Constr. rmsd
    2.97834e+02   -1.18711e+02    6.78077e+27    1.95924e-06

           Step           Time
          65100       32.55000

   Energies (kJ/mol)
           Bond          Angle    Proper Dih.  Improper Dih. Per. Imp. Dih.
    5.38935e+01    1.74526e+01    4.76750e-01    3.58390e+03    4.43967e-02
          LJ-14     Coulomb-14        LJ (SR)  Disper. corr.   Coulomb (SR)
    1.60878e+02    5.03293e+01    1.49699e+05   -3.91363e+03   -9.20808e+05
   Coul. recip.      Potential    Kinetic En.   Total Energy  Conserved En.
    2.35255e+03   -7.68803e+05    1.23115e+05   -6.45689e+05   -7.80806e+05
    Temperature Pres. DC (bar) Pressure (bar)   Constr. rmsd
    2.97973e+02   -1.18711e+02    6.78077e+27    1.95924e-06

           Step           Time
          65200       32.60000

   Energies (kJ/mol)
           Bond          Angle    Proper Dih.  Improper Dih. Per. Imp. Dih.
    5.38935e+01    1.74526e+01    4.76750e-01    3.58390e+03    4.43967e-02
          LJ-14     Coulomb-14        LJ (SR)  Disper. corr.   Coulomb (SR)
    1.60878e+02    5.03293e+01    1.48859e+05   -3.91363e+03   -9.20237e+05
   Coul. recip.      Potential    Kinetic En.   Total Energy  Conserved En.
    2.43223e+03   -7.68993e+05    1.23326e+05   -6.45667e+05   -7.80808e+05
    Temperature Pres. DC (bar) Pressure (bar)   Constr. rmsd
    2.98484e+02   -1.18711e+02    6.78077e+27    1.95924e-06

           Step           Time
          65300       32.65000

   Energies (kJ/mol)
           Bond          Angle    Proper Dih.  Improper Dih. Per. Imp. Dih.
    5.38935e+01    1.74526e+01    4.76750e-01    3.58390e+03    4.43967e-02
          LJ-14     Coulomb-14        LJ (SR)  Disper. corr.   Coulomb (SR)
    1.60878e+02    5.03293e+01    1.49692e+05   -3.91363e+03   -9.21567e+05
   Coul. recip.      Potential    Kinetic En.   Total Energy  Conserved En.
    2.35059e+03   -7.69571e+05    1.23103e+05   -6.46468e+05   -7.80811e+05
    Temperature Pres. DC (bar) Pressure (bar)   Constr. rmsd
    2.97945e+02   -1.18711e+02    6.78077e+27    1.95924e-06

           Step           Time
          65400       32.70000

   Energies (kJ/mol)
           Bond          Angle    Proper Dih.  Improper Dih. Per. Imp. Dih.
    5.38935e+01    1.74526e+01    4.76750e-01    3.58390e+03    4.43967e-02
          LJ-14     Coulomb-14        LJ (SR)  Disper. corr.   Coulomb (SR)
    1.60878e+02    5.03293e+01    1.48986e+05   -3.91363e+03   -9.20651e+05
   Coul. recip.      Potential    Kinetic En.   Total Energy  Conserved En.
    2.42778e+03   -7.69284e+05    1.23241e+05   -6.46043e+05   -7.80811e+05
    Temperature Pres. DC (bar) Pressure (bar)   Constr. rmsd
    2.98278e+02   -1.18711e+02    6.78077e+27    1.95924e-06

           Step           Time
          65500       32.75000

   Energies (kJ/mol)
           Bond          Angle    Proper Dih.  Improper Dih. Per. Imp. Dih.
    5.38935e+01    1.74526e+01    4.76750e-01    3.58390e+03    4.43967e-02
          LJ-14     Coulomb-14        LJ (SR)  Disper. corr.   Coulomb (SR)
    1.60878e+02    5.03293e+01    1.50005e+05   -3.91363e+03   -9.20999e+05
   Coul. recip.      Potential    Kinetic En.   Total Energy  Conserved En.
    2.37489e+03   -7.68666e+05    1.24005e+05   -6.44661e+05   -7.80809e+05
    Temperature Pres. DC (bar) Pressure (bar)   Constr. rmsd
    3.00128e+02   -1.18711e+02    6.78077e+27    1.95924e-06

           Step           Time
          65600       32.80000

   Energies (kJ/mol)
           Bond          Angle    Proper Dih.  Improper Dih. Per. Imp. Dih.
    5.38935e+01    1.74526e+01    4.76750e-01    3.58390e+03    4.43967e-02
          LJ-14     Coulomb-14        LJ (SR)  Disper. corr.   Coulomb (SR)
    1.60878e+02    5.03293e+01    1.50318e+05   -3.91363e+03   -9.21343e+05
   Coul. recip.      Potential    Kinetic En.   Total Energy  Conserved En.
    2.36389e+03   -7.68707e+05    1.23048e+05   -6.45659e+05   -7.80809e+05
    Temperature Pres. DC (bar) Pressure (bar)   Constr. rmsd
    2.97811e+02   -1.18711e+02    6.78077e+27    1.95924e-06

           Step           Time
          65700       32.85000

   Energies (kJ/mol)
           Bond          Angle    Proper Dih.  Improper Dih. Per. Imp. Dih.
    5.38935e+01    1.74526e+01    4.76750e-01    3.58390e+03    4.43967e-02
          LJ-14     Coulomb-14        LJ (SR)  Disper. corr.   Coulomb (SR)
    1.60878e+02    5.03293e+01    1.50467e+05   -3.91363e+03   -9.22658e+05
   Coul. recip.      Potential    Kinetic En.   Total Energy  Conserved En.
    2.41510e+03   -7.69822e+05    1.24640e+05   -6.45182e+05   -7.80807e+05
    Temperature Pres. DC (bar) Pressure (bar)   Constr. rmsd
    3.01664e+02   -1.18711e+02    6.78077e+27    1.95924e-06

           Step           Time
          65800       32.90000

   Energies (kJ/mol)
           Bond          Angle    Proper Dih.  Improper Dih. Per. Imp. Dih.
    5.38935e+01    1.74526e+01    4.76750e-01    3.58390e+03    4.43967e-02
          LJ-14     Coulomb-14        LJ (SR)  Disper. corr.   Coulomb (SR)
    1.60878e+02    5.03293e+01    1.51125e+05   -3.91363e+03   -9.22840e+05
   Coul. recip.      Potential    Kinetic En.   Total Energy  Conserved En.
    2.33901e+03   -7.69423e+05    1.23581e+05   -6.45842e+05   -7.80813e+05
    Temperature Pres. DC (bar) Pressure (bar)   Constr. rmsd
    2.99100e+02   -1.18711e+02    6.78077e+27    1.95924e-06

           Step           Time
          65900       32.95000

   Energies (kJ/mol)
           Bond          Angle    Proper Dih.  Improper Dih. Per. Imp. Dih.
    5.38935e+01    1.74526e+01    4.76750e-01    3.58390e+03    4.43967e-02
          LJ-14     Coulomb-14        LJ (SR)  Disper. corr.   Coulomb (SR)
    1.60878e+02    5.03293e+01    1.50382e+05   -3.91363e+03   -9.22392e+05
   Coul. recip.      Potential    Kinetic En.   Total Energy  Conserved En.
    2.39220e+03   -7.69664e+05    1.23952e+05   -6.45712e+05   -7.80816e+05
    Temperature Pres. DC (bar) Pressure (bar)   Constr. rmsd
    2.99999e+02   -1.18711e+02    6.78077e+27    1.95924e-06

           Step           Time
          66000       33.00000

   Energies (kJ/mol)
           Bond          Angle    Proper Dih.  Improper Dih. Per. Imp. Dih.
    5.38935e+01    1.74526e+01    4.76750e-01    3.58390e+03    4.43967e-02
          LJ-14     Coulomb-14        LJ (SR)  Disper. corr.   Coulomb (SR)
    1.60878e+02    5.03293e+01    1.49838e+05   -3.91363e+03   -9.21523e+05
   Coul. recip.      Potential    Kinetic En.   Total Energy  Conserved En.
    2.43283e+03   -7.69298e+05    1.23546e+05   -6.45752e+05   -7.80812e+05
    Temperature Pres. DC (bar) Pressure (bar)   Constr. rmsd
    2.99017e+02   -1.18711e+02    6.78077e+27    1.95924e-06

           Step           Time
          66100       33.05000

   Energies (kJ/mol)
           Bond          Angle    Proper Dih.  Improper Dih. Per. Imp. Dih.
    5.38935e+01    1.74526e+01    4.76750e-01    3.58390e+03    4.43967e-02
          LJ-14     Coulomb-14        LJ (SR)  Disper. corr.   Coulomb (SR)
    1.60878e+02    5.03293e+01    1.49528e+05   -3.91363e+03   -9.21199e+05
   Coul. recip.      Potential    Kinetic En.   Total Energy  Conserved En.
    2.38787e+03   -7.69330e+05    1.23803e+05   -6.45526e+05   -7.80810e+05
    Temperature Pres. DC (bar) Pressure (bar)   Constr. rmsd
    2.99639e+02   -1.18711e+02    6.78077e+27    1.95924e-06

           Step           Time
          66200       33.10000

   Energies (kJ/mol)
           Bond          Angle    Proper Dih.  Improper Dih. Per. Imp. Dih.
    5.38935e+01    1.74526e+01    4.76750e-01    3.58390e+03    4.43967e-02
          LJ-14     Coulomb-14        LJ (SR)  Disper. corr.   Coulomb (SR)
    1.60878e+02    5.03293e+01    1.50137e+05   -3.91363e+03   -9.20916e+05
   Coul. recip.      Potential    Kinetic En.   Total Energy  Conserved En.
    2.41854e+03   -7.68407e+05    1.23087e+05   -6.45320e+05   -7.80811e+05
    Temperature Pres. DC (bar) Pressure (bar)   Constr. rmsd
    2.97905e+02   -1.18711e+02    6.78077e+27    1.95924e-06

           Step           Time
          66300       33.15000

   Energies (kJ/mol)
           Bond          Angle    Proper Dih.  Improper Dih. Per. Imp. Dih.
    5.38935e+01    1.74526e+01    4.76750e-01    3.58390e+03    4.43967e-02
          LJ-14     Coulomb-14        LJ (SR)  Disper. corr.   Coulomb (SR)
    1.60878e+02    5.03293e+01    1.49126e+05   -3.91363e+03   -9.20458e+05
   Coul. recip.      Potential    Kinetic En.   Total Energy  Conserved En.
    2.35771e+03   -7.69021e+05    1.24144e+05   -6.44877e+05   -7.80814e+05
    Temperature Pres. DC (bar) Pressure (bar)   Constr. rmsd
    3.00462e+02   -1.18711e+02    6.78077e+27    1.95924e-06

           Step           Time
          66400       33.20000

   Energies (kJ/mol)
           Bond          Angle    Proper Dih.  Improper Dih. Per. Imp. Dih.
    5.38935e+01    1.74526e+01    4.76750e-01    3.58390e+03    4.43967e-02
          LJ-14     Coulomb-14        LJ (SR)  Disper. corr.   Coulomb (SR)
    1.60878e+02    5.03293e+01    1.49644e+05   -3.91363e+03   -9.20447e+05
   Coul. recip.      Potential    Kinetic En.   Total Energy  Conserved En.
    2.28587e+03   -7.68564e+05    1.23609e+05   -6.44955e+05   -7.80818e+05
    Temperature Pres. DC (bar) Pressure (bar)   Constr. rmsd
    2.99168e+02   -1.18711e+02    6.78077e+27    1.95924e-06

           Step           Time
          66500       33.25000

   Energies (kJ/mol)
           Bond          Angle    Proper Dih.  Improper Dih. Per. Imp. Dih.
    5.38935e+01    1.74526e+01    4.76750e-01    3.58390e+03    4.43967e-02
          LJ-14     Coulomb-14        LJ (SR)  Disper. corr.   Coulomb (SR)
    1.60878e+02    5.03293e+01    1.49346e+05   -3.91363e+03   -9.20718e+05
   Coul. recip.      Potential    Kinetic En.   Total Energy  Conserved En.
    2.44856e+03   -7.68970e+05    1.23766e+05   -6.45205e+05   -7.80823e+05
    Temperature Pres. DC (bar) Pressure (bar)   Constr. rmsd
    2.99548e+02   -1.18711e+02    6.78077e+27    1.95924e-06

           Step           Time
          66600       33.30000

   Energies (kJ/mol)
           Bond          Angle    Proper Dih.  Improper Dih. Per. Imp. Dih.
    5.38935e+01    1.74526e+01    4.76750e-01    3.58390e+03    4.43967e-02
          LJ-14     Coulomb-14        LJ (SR)  Disper. corr.   Coulomb (SR)
    1.60878e+02    5.03293e+01    1.48919e+05   -3.91363e+03   -9.20600e+05
   Coul. recip.      Potential    Kinetic En.   Total Energy  Conserved En.
    2.37878e+03   -7.69349e+05    1.23714e+05   -6.45635e+05   -7.80815e+05
    Temperature Pres. DC (bar) Pressure (bar)   Constr. rmsd
    2.99423e+02   -1.18711e+02    6.78077e+27    1.95924e-06

           Step           Time
          66700       33.35000

   Energies (kJ/mol)
           Bond          Angle    Proper Dih.  Improper Dih. Per. Imp. Dih.
    5.38935e+01    1.74526e+01    4.76750e-01    3.58390e+03    4.43967e-02
          LJ-14     Coulomb-14        LJ (SR)  Disper. corr.   Coulomb (SR)
    1.60878e+02    5.03293e+01    1.48577e+05   -3.91363e+03   -9.20142e+05
   Coul. recip.      Potential    Kinetic En.   Total Energy  Conserved En.
    2.32961e+03   -7.69282e+05    1.23444e+05   -6.45838e+05   -7.80816e+05
    Temperature Pres. DC (bar) Pressure (bar)   Constr. rmsd
    2.98771e+02   -1.18711e+02    6.78077e+27    1.95924e-06

           Step           Time
          66800       33.40000

   Energies (kJ/mol)
           Bond          Angle    Proper Dih.  Improper Dih. Per. Imp. Dih.
    5.38935e+01    1.74526e+01    4.76750e-01    3.58390e+03    4.43967e-02
          LJ-14     Coulomb-14        LJ (SR)  Disper. corr.   Coulomb (SR)
    1.60878e+02    5.03293e+01    1.48386e+05   -3.91363e+03   -9.20358e+05
   Coul. recip.      Potential    Kinetic En.   Total Energy  Conserved En.
    2.34984e+03   -7.69669e+05    1.24100e+05   -6.45569e+05   -7.80820e+05
    Temperature Pres. DC (bar) Pressure (bar)   Constr. rmsd
    3.00356e+02   -1.18711e+02    6.78077e+27    1.95924e-06

           Step           Time
          66900       33.45000

   Energies (kJ/mol)
           Bond          Angle    Proper Dih.  Improper Dih. Per. Imp. Dih.
    5.38935e+01    1.74526e+01    4.76750e-01    3.58390e+03    4.43967e-02
          LJ-14     Coulomb-14        LJ (SR)  Disper. corr.   Coulomb (SR)
    1.60878e+02    5.03293e+01    1.50050e+05   -3.91363e+03   -9.21352e+05
   Coul. recip.      Potential    Kinetic En.   Total Energy  Conserved En.
    2.40456e+03   -7.68944e+05    1.23987e+05   -6.44957e+05   -7.80815e+05
    Temperature Pres. DC (bar) Pressure (bar)   Constr. rmsd
    3.00084e+02   -1.18711e+02    6.78077e+27    1.95924e-06

           Step           Time
          67000       33.50000

   Energies (kJ/mol)
           Bond          Angle    Proper Dih.  Improper Dih. Per. Imp. Dih.
    5.38935e+01    1.74526e+01    4.76750e-01    3.58390e+03    4.43967e-02
          LJ-14     Coulomb-14        LJ (SR)  Disper. corr.   Coulomb (SR)
    1.60878e+02    5.03293e+01    1.50447e+05   -3.91363e+03   -9.21853e+05
   Coul. recip.      Potential    Kinetic En.   Total Energy  Conserved En.
    2.33340e+03   -7.69120e+05    1.24436e+05   -6.44683e+05   -7.80827e+05
    Temperature Pres. DC (bar) Pressure (bar)   Constr. rmsd
    3.01171e+02   -1.18711e+02    6.78077e+27    1.95924e-06

           Step           Time
          67100       33.55000

   Energies (kJ/mol)
           Bond          Angle    Proper Dih.  Improper Dih. Per. Imp. Dih.
    5.38935e+01    1.74526e+01    4.76750e-01    3.58390e+03    4.43967e-02
          LJ-14     Coulomb-14        LJ (SR)  Disper. corr.   Coulomb (SR)
    1.60878e+02    5.03293e+01    1.49436e+05   -3.91363e+03   -9.20982e+05
   Coul. recip.      Potential    Kinetic En.   Total Energy  Conserved En.
    2.32054e+03   -7.69273e+05    1.24181e+05   -6.45091e+05   -7.80822e+05
    Temperature Pres. DC (bar) Pressure (bar)   Constr. rmsd
    3.00554e+02   -1.18711e+02    6.78077e+27    1.95924e-06

           Step           Time
          67200       33.60000

   Energies (kJ/mol)
           Bond          Angle    Proper Dih.  Improper Dih. Per. Imp. Dih.
    5.38935e+01    1.74526e+01    4.76750e-01    3.58390e+03    4.43967e-02
          LJ-14     Coulomb-14        LJ (SR)  Disper. corr.   Coulomb (SR)
    1.60878e+02    5.03293e+01    1.49892e+05   -3.91363e+03   -9.21759e+05
   Coul. recip.      Potential    Kinetic En.   Total Energy  Conserved En.
    2.36370e+03   -7.69550e+05    1.24659e+05   -6.44891e+05   -7.80815e+05
    Temperature Pres. DC (bar) Pressure (bar)   Constr. rmsd
    3.01709e+02   -1.18711e+02    6.78077e+27    1.95924e-06

           Step           Time
          67300       33.65000

   Energies (kJ/mol)
           Bond          Angle    Proper Dih.  Improper Dih. Per. Imp. Dih.
    5.38935e+01    1.74526e+01    4.76750e-01    3.58390e+03    4.43967e-02
          LJ-14     Coulomb-14        LJ (SR)  Disper. corr.   Coulomb (SR)
    1.60878e+02    5.03293e+01    1.51991e+05   -3.91363e+03   -9.22315e+05
   Coul. recip.      Potential    Kinetic En.   Total Energy  Conserved En.
    2.36513e+03   -7.68005e+05    1.22965e+05   -6.45040e+05   -7.80820e+05
    Temperature Pres. DC (bar) Pressure (bar)   Constr. rmsd
    2.97611e+02   -1.18711e+02    6.78077e+27    1.95924e-06

           Step           Time
          67400       33.70000

   Energies (kJ/mol)
           Bond          Angle    Proper Dih.  Improper Dih. Per. Imp. Dih.
    5.38935e+01    1.74526e+01    4.76750e-01    3.58390e+03    4.43967e-02
          LJ-14     Coulomb-14        LJ (SR)  Disper. corr.   Coulomb (SR)
    1.60878e+02    5.03293e+01    1.50888e+05   -3.91363e+03   -9.21991e+05
   Coul. recip.      Potential    Kinetic En.   Total Energy  Conserved En.
    2.38756e+03   -7.68762e+05    1.24470e+05   -6.44292e+05   -7.80826e+05
    Temperature Pres. DC (bar) Pressure (bar)   Constr. rmsd
    3.01252e+02   -1.18711e+02    6.78077e+27    1.95924e-06

           Step           Time
          67500       33.75000

   Energies (kJ/mol)
           Bond          Angle    Proper Dih.  Improper Dih. Per. Imp. Dih.
    5.38935e+01    1.74526e+01    4.76750e-01    3.58390e+03    4.43967e-02
          LJ-14     Coulomb-14        LJ (SR)  Disper. corr.   Coulomb (SR)
    1.60878e+02    5.03293e+01    1.50312e+05   -3.91363e+03   -9.20470e+05
   Coul. recip.      Potential    Kinetic En.   Total Energy  Conserved En.
    2.41445e+03   -7.67791e+05    1.23968e+05   -6.43823e+05   -7.80822e+05
    Temperature Pres. DC (bar) Pressure (bar)   Constr. rmsd
    3.00038e+02   -1.18711e+02    6.78077e+27    1.95924e-06

           Step           Time
          67600       33.80000

   Energies (kJ/mol)
           Bond          Angle    Proper Dih.  Improper Dih. Per. Imp. Dih.
    5.38935e+01    1.74526e+01    4.76750e-01    3.58390e+03    4.43967e-02
          LJ-14     Coulomb-14        LJ (SR)  Disper. corr.   Coulomb (SR)
    1.60878e+02    5.03293e+01    1.50246e+05   -3.91363e+03   -9.21806e+05
   Coul. recip.      Potential    Kinetic En.   Total Energy  Conserved En.
    2.40374e+03   -7.69203e+05    1.25028e+05   -6.44174e+05   -7.80828e+05
    Temperature Pres. DC (bar) Pressure (bar)   Constr. rmsd
    3.02604e+02   -1.18711e+02    6.78077e+27    1.95924e-06

           Step           Time
          67700       33.85000

   Energies (kJ/mol)
           Bond          Angle    Proper Dih.  Improper Dih. Per. Imp. Dih.
    5.38935e+01    1.74526e+01    4.76750e-01    3.58390e+03    4.43967e-02
          LJ-14     Coulomb-14        LJ (SR)  Disper. corr.   Coulomb (SR)
    1.60878e+02    5.03293e+01    1.51278e+05   -3.91363e+03   -9.21776e+05
   Coul. recip.      Potential    Kinetic En.   Total Energy  Conserved En.
    2.41065e+03   -7.68134e+05    1.24087e+05   -6.44047e+05   -7.80824e+05
    Temperature Pres. DC (bar) Pressure (bar)   Constr. rmsd
    3.00327e+02   -1.18711e+02    6.78077e+27    1.95924e-06

           Step           Time
          67800       33.90000

   Energies (kJ/mol)
           Bond          Angle    Proper Dih.  Improper Dih. Per. Imp. Dih.
    5.38935e+01    1.74526e+01    4.76750e-01    3.58390e+03    4.43967e-02
          LJ-14     Coulomb-14        LJ (SR)  Disper. corr.   Coulomb (SR)
    1.60878e+02    5.03293e+01    1.48710e+05   -3.91363e+03   -9.19841e+05
   Coul. recip.      Potential    Kinetic En.   Total Energy  Conserved En.
    2.39777e+03   -7.68779e+05    1.24211e+05   -6.44568e+05   -7.80828e+05
    Temperature Pres. DC (bar) Pressure (bar)   Constr. rmsd
    3.00625e+02   -1.18711e+02    6.78077e+27    1.95924e-06

           Step           Time
          67900       33.95000

   Energies (kJ/mol)
           Bond          Angle    Proper Dih.  Improper Dih. Per. Imp. Dih.
    5.38935e+01    1.74526e+01    4.76750e-01    3.58390e+03    4.43967e-02
          LJ-14     Coulomb-14        LJ (SR)  Disper. corr.   Coulomb (SR)
    1.60878e+02    5.03293e+01    1.48542e+05   -3.91363e+03   -9.18027e+05
   Coul. recip.      Potential    Kinetic En.   Total Energy  Conserved En.
    2.32749e+03   -7.67205e+05    1.22903e+05   -6.44302e+05   -7.80820e+05
    Temperature Pres. DC (bar) Pressure (bar)   Constr. rmsd
    2.97459e+02   -1.18711e+02    6.78077e+27    1.95924e-06

           Step           Time
          68000       34.00000

   Energies (kJ/mol)
           Bond          Angle    Proper Dih.  Improper Dih. Per. Imp. Dih.
    5.38935e+01    1.74526e+01    4.76750e-01    3.58390e+03    4.43967e-02
          LJ-14     Coulomb-14        LJ (SR)  Disper. corr.   Coulomb (SR)
    1.60878e+02    5.03293e+01    1.49707e+05   -3.91363e+03   -9.19590e+05
   Coul. recip.      Potential    Kinetic En.   Total Energy  Conserved En.
    2.37071e+03   -7.67559e+05    1.24557e+05   -6.43002e+05   -7.80829e+05
    Temperature Pres. DC (bar) Pressure (bar)   Constr. rmsd
    3.01463e+02   -1.18711e+02    6.78077e+27    1.95924e-06

           Step           Time
          68100       34.05000

   Energies (kJ/mol)
           Bond          Angle    Proper Dih.  Improper Dih. Per. Imp. Dih.
    5.38935e+01    1.74526e+01    4.76750e-01    3.58390e+03    4.43967e-02
          LJ-14     Coulomb-14        LJ (SR)  Disper. corr.   Coulomb (SR)
    1.60878e+02    5.03293e+01    1.49150e+05   -3.91363e+03   -9.19854e+05
   Coul. recip.      Potential    Kinetic En.   Total Energy  Conserved En.
    2.42575e+03   -7.68325e+05    1.24667e+05   -6.43658e+05   -7.80825e+05
    Temperature Pres. DC (bar) Pressure (bar)   Constr. rmsd
    3.01728e+02   -1.18711e+02    6.78077e+27    1.95924e-06

           Step           Time
          68200       34.10000

   Energies (kJ/mol)
           Bond          Angle    Proper Dih.  Improper Dih. Per. Imp. Dih.
    5.38935e+01    1.74526e+01    4.76750e-01    3.58390e+03    4.43967e-02
          LJ-14     Coulomb-14        LJ (SR)  Disper. corr.   Coulomb (SR)
    1.60878e+02    5.03293e+01    1.49688e+05   -3.91363e+03   -9.20324e+05
   Coul. recip.      Potential    Kinetic En.   Total Energy  Conserved En.
    2.39407e+03   -7.68289e+05    1.23998e+05   -6.44290e+05   -7.80814e+05
    Temperature Pres. DC (bar) Pressure (bar)   Constr. rmsd
    3.00111e+02   -1.18711e+02    6.78077e+27    1.95924e-06

           Step           Time
          68300       34.15000

   Energies (kJ/mol)
           Bond          Angle    Proper Dih.  Improper Dih. Per. Imp. Dih.
    5.38935e+01    1.74526e+01    4.76750e-01    3.58390e+03    4.43967e-02
          LJ-14     Coulomb-14        LJ (SR)  Disper. corr.   Coulomb (SR)
    1.60878e+02    5.03293e+01    1.50065e+05   -3.91363e+03   -9.20608e+05
   Coul. recip.      Potential    Kinetic En.   Total Energy  Conserved En.
    2.34640e+03   -7.68244e+05    1.24777e+05   -6.43467e+05   -7.80819e+05
    Temperature Pres. DC (bar) Pressure (bar)   Constr. rmsd
    3.01996e+02   -1.18711e+02    6.78077e+27    1.95924e-06

           Step           Time
          68400       34.20000

   Energies (kJ/mol)
           Bond          Angle    Proper Dih.  Improper Dih. Per. Imp. Dih.
    5.38935e+01    1.74526e+01    4.76750e-01    3.58390e+03    4.43967e-02
          LJ-14     Coulomb-14        LJ (SR)  Disper. corr.   Coulomb (SR)
    1.60878e+02    5.03293e+01    1.50929e+05   -3.91363e+03   -9.22089e+05
   Coul. recip.      Potential    Kinetic En.   Total Energy  Conserved En.
    2.35417e+03   -7.68852e+05    1.24865e+05   -6.43987e+05   -7.80829e+05
    Temperature Pres. DC (bar) Pressure (bar)   Constr. rmsd
    3.02208e+02   -1.18711e+02    6.78077e+27    1.95924e-06

           Step           Time
          68500       34.25000

   Energies (kJ/mol)
           Bond          Angle    Proper Dih.  Improper Dih. Per. Imp. Dih.
    5.38935e+01    1.74526e+01    4.76750e-01    3.58390e+03    4.43967e-02
          LJ-14     Coulomb-14        LJ (SR)  Disper. corr.   Coulomb (SR)
    1.60878e+02    5.03293e+01    1.50469e+05   -3.91363e+03   -9.21607e+05
   Coul. recip.      Potential    Kinetic En.   Total Energy  Conserved En.
    2.46016e+03   -7.68724e+05    1.24101e+05   -6.44623e+05   -7.80823e+05
    Temperature Pres. DC (bar) Pressure (bar)   Constr. rmsd
    3.00361e+02   -1.18711e+02    6.78077e+27    1.95924e-06

           Step           Time
          68600       34.30000

   Energies (kJ/mol)
           Bond          Angle    Proper Dih.  Improper Dih. Per. Imp. Dih.
    5.38935e+01    1.74526e+01    4.76750e-01    3.58390e+03    4.43967e-02
          LJ-14     Coulomb-14        LJ (SR)  Disper. corr.   Coulomb (SR)
    1.60878e+02    5.03293e+01    1.50169e+05   -3.91363e+03   -9.21633e+05
   Coul. recip.      Potential    Kinetic En.   Total Energy  Conserved En.
    2.34669e+03   -7.69164e+05    1.23613e+05   -6.45551e+05   -7.80822e+05
    Temperature Pres. DC (bar) Pressure (bar)   Constr. rmsd
    2.99178e+02   -1.18711e+02    6.78077e+27    1.95924e-06

           Step           Time
          68700       34.35000

   Energies (kJ/mol)
           Bond          Angle    Proper Dih.  Improper Dih. Per. Imp. Dih.
    5.38935e+01    1.74526e+01    4.76750e-01    3.58390e+03    4.43967e-02
          LJ-14     Coulomb-14        LJ (SR)  Disper. corr.   Coulomb (SR)
    1.60878e+02    5.03293e+01    1.50331e+05   -3.91363e+03   -9.22889e+05
   Coul. recip.      Potential    Kinetic En.   Total Energy  Conserved En.
    2.41170e+03   -7.70193e+05    1.24145e+05   -6.46047e+05   -7.80822e+05
    Temperature Pres. DC (bar) Pressure (bar)   Constr. rmsd
    3.00467e+02   -1.18711e+02    6.78077e+27    1.95924e-06

           Step           Time
          68800       34.40000

   Energies (kJ/mol)
           Bond          Angle    Proper Dih.  Improper Dih. Per. Imp. Dih.
    5.38935e+01    1.74526e+01    4.76750e-01    3.58390e+03    4.43967e-02
          LJ-14     Coulomb-14        LJ (SR)  Disper. corr.   Coulomb (SR)
    1.60878e+02    5.03293e+01    1.50154e+05   -3.91363e+03   -9.22064e+05
   Coul. recip.      Potential    Kinetic En.   Total Energy  Conserved En.
    2.41392e+03   -7.69543e+05    1.23814e+05   -6.45729e+05   -7.80826e+05
    Temperature Pres. DC (bar) Pressure (bar)   Constr. rmsd
    2.99664e+02   -1.18711e+02    6.78077e+27    1.95924e-06

           Step           Time
          68900       34.45000

   Energies (kJ/mol)
           Bond          Angle    Proper Dih.  Improper Dih. Per. Imp. Dih.
    5.38935e+01    1.74526e+01    4.76750e-01    3.58390e+03    4.43967e-02
          LJ-14     Coulomb-14        LJ (SR)  Disper. corr.   Coulomb (SR)
    1.60878e+02    5.03293e+01    1.50320e+05   -3.91363e+03   -9.22774e+05
   Coul. recip.      Potential    Kinetic En.   Total Energy  Conserved En.
    2.46419e+03   -7.70036e+05    1.23624e+05   -6.46412e+05   -7.80829e+05
    Temperature Pres. DC (bar) Pressure (bar)   Constr. rmsd
    2.99206e+02   -1.18711e+02    6.78077e+27    1.95924e-06

           Step           Time
          69000       34.50000

   Energies (kJ/mol)
           Bond          Angle    Proper Dih.  Improper Dih. Per. Imp. Dih.
    5.38935e+01    1.74526e+01    4.76750e-01    3.58390e+03    4.43967e-02
          LJ-14     Coulomb-14        LJ (SR)  Disper. corr.   Coulomb (SR)
    1.60878e+02    5.03293e+01    1.49473e+05   -3.91363e+03   -9.21691e+05
   Coul. recip.      Potential    Kinetic En.   Total Energy  Conserved En.
    2.38676e+03   -7.69878e+05    1.23995e+05   -6.45884e+05   -7.80830e+05
    Temperature Pres. DC (bar) Pressure (bar)   Constr. rmsd
    3.00102e+02   -1.18711e+02    6.78077e+27    1.95924e-06

           Step           Time
          69100       34.55000

   Energies (kJ/mol)
           Bond          Angle    Proper Dih.  Improper Dih. Per. Imp. Dih.
    5.38935e+01    1.74526e+01    4.76750e-01    3.58390e+03    4.43967e-02
          LJ-14     Coulomb-14        LJ (SR)  Disper. corr.   Coulomb (SR)
    1.60878e+02    5.03293e+01    1.49669e+05   -3.91363e+03   -9.21275e+05
   Coul. recip.      Potential    Kinetic En.   Total Energy  Conserved En.
    2.36025e+03   -7.69292e+05    1.24016e+05   -6.45275e+05   -7.80827e+05
    Temperature Pres. DC (bar) Pressure (bar)   Constr. rmsd
    3.00155e+02   -1.18711e+02    6.78077e+27    1.95924e-06

           Step           Time
          69200       34.60000

   Energies (kJ/mol)
           Bond          Angle    Proper Dih.  Improper Dih. Per. Imp. Dih.
    5.38935e+01    1.74526e+01    4.76750e-01    3.58390e+03    4.43967e-02
          LJ-14     Coulomb-14        LJ (SR)  Disper. corr.   Coulomb (SR)
    1.60878e+02    5.03293e+01    1.49552e+05   -3.91363e+03   -9.21548e+05
   Coul. recip.      Potential    Kinetic En.   Total Energy  Conserved En.
    2.36171e+03   -7.69681e+05    1.24423e+05   -6.45257e+05   -7.80823e+05
    Temperature Pres. DC (bar) Pressure (bar)   Constr. rmsd
    3.01140e+02   -1.18711e+02    6.78077e+27    1.95924e-06

           Step           Time
          69300       34.65000

   Energies (kJ/mol)
           Bond          Angle    Proper Dih.  Improper Dih. Per. Imp. Dih.
    5.38935e+01    1.74526e+01    4.76750e-01    3.58390e+03    4.43967e-02
          LJ-14     Coulomb-14        LJ (SR)  Disper. corr.   Coulomb (SR)
    1.60878e+02    5.03293e+01    1.50497e+05   -3.91363e+03   -9.22094e+05
   Coul. recip.      Potential    Kinetic En.   Total Energy  Conserved En.
    2.44591e+03   -7.69197e+05    1.23252e+05   -6.45945e+05   -7.80834e+05
    Temperature Pres. DC (bar) Pressure (bar)   Constr. rmsd
    2.98306e+02   -1.18711e+02    6.78077e+27    1.95924e-06

           Step           Time
          69400       34.70000

   Energies (kJ/mol)
           Bond          Angle    Proper Dih.  Improper Dih. Per. Imp. Dih.
    5.38935e+01    1.74526e+01    4.76750e-01    3.58390e+03    4.43967e-02
          LJ-14     Coulomb-14        LJ (SR)  Disper. corr.   Coulomb (SR)
    1.60878e+02    5.03293e+01    1.50309e+05   -3.91363e+03   -9.22106e+05
   Coul. recip.      Potential    Kinetic En.   Total Energy  Conserved En.
    2.30806e+03   -7.69536e+05    1.23611e+05   -6.45925e+05   -7.80824e+05
    Temperature Pres. DC (bar) Pressure (bar)   Constr. rmsd
    2.99173e+02   -1.18711e+02    6.78077e+27    1.95924e-06

           Step           Time
          69500       34.75000

   Energies (kJ/mol)
           Bond          Angle    Proper Dih.  Improper Dih. Per. Imp. Dih.
    5.38935e+01    1.74526e+01    4.76750e-01    3.58390e+03    4.43967e-02
          LJ-14     Coulomb-14        LJ (SR)  Disper. corr.   Coulomb (SR)
    1.60878e+02    5.03293e+01    1.51206e+05   -3.91363e+03   -9.23070e+05
   Coul. recip.      Potential    Kinetic En.   Total Energy  Conserved En.
    2.29518e+03   -7.69616e+05    1.24420e+05   -6.45196e+05   -7.80831e+05
    Temperature Pres. DC (bar) Pressure (bar)   Constr. rmsd
    3.01131e+02   -1.18711e+02    6.78077e+27    1.95924e-06

           Step           Time
          69600       34.80000

   Energies (kJ/mol)
           Bond          Angle    Proper Dih.  Improper Dih. Per. Imp. Dih.
    5.38935e+01    1.74526e+01    4.76750e-01    3.58390e+03    4.43967e-02
          LJ-14     Coulomb-14        LJ (SR)  Disper. corr.   Coulomb (SR)
    1.60878e+02    5.03293e+01    1.50732e+05   -3.91363e+03   -9.22177e+05
   Coul. recip.      Potential    Kinetic En.   Total Energy  Conserved En.
    2.31951e+03   -7.69172e+05    1.23847e+05   -6.45326e+05   -7.80829e+05
    Temperature Pres. DC (bar) Pressure (bar)   Constr. rmsd
    2.99744e+02   -1.18711e+02    6.78077e+27    1.95924e-06

           Step           Time
          69700       34.85000

   Energies (kJ/mol)
           Bond          Angle    Proper Dih.  Improper Dih. Per. Imp. Dih.
    5.38935e+01    1.74526e+01    4.76750e-01    3.58390e+03    4.43967e-02
          LJ-14     Coulomb-14        LJ (SR)  Disper. corr.   Coulomb (SR)
    1.60878e+02    5.03293e+01    1.50963e+05   -3.91363e+03   -9.21969e+05
   Coul. recip.      Potential    Kinetic En.   Total Energy  Conserved En.
    2.29753e+03   -7.68754e+05    1.23618e+05   -6.45137e+05   -7.80829e+05
    Temperature Pres. DC (bar) Pressure (bar)   Constr. rmsd
    2.99190e+02   -1.18711e+02    6.78077e+27    1.95924e-06

           Step           Time
          69800       34.90000

   Energies (kJ/mol)
           Bond          Angle    Proper Dih.  Improper Dih. Per. Imp. Dih.
    5.38935e+01    1.74526e+01    4.76750e-01    3.58390e+03    4.43967e-02
          LJ-14     Coulomb-14        LJ (SR)  Disper. corr.   Coulomb (SR)
    1.60878e+02    5.03293e+01    1.49949e+05   -3.91363e+03   -9.20713e+05
   Coul. recip.      Potential    Kinetic En.   Total Energy  Conserved En.
    2.38415e+03   -7.68427e+05    1.23508e+05   -6.44919e+05   -7.80830e+05
    Temperature Pres. DC (bar) Pressure (bar)   Constr. rmsd
    2.98924e+02   -1.18711e+02    6.78077e+27    1.95924e-06

           Step           Time
          69900       34.95000

   Energies (kJ/mol)
           Bond          Angle    Proper Dih.  Improper Dih. Per. Imp. Dih.
    5.38935e+01    1.74526e+01    4.76750e-01    3.58390e+03    4.43967e-02
          LJ-14     Coulomb-14        LJ (SR)  Disper. corr.   Coulomb (SR)
    1.60878e+02    5.03293e+01    1.49452e+05   -3.91363e+03   -9.20462e+05
   Coul. recip.      Potential    Kinetic En.   Total Energy  Conserved En.
    2.35458e+03   -7.68702e+05    1.23013e+05   -6.45688e+05   -7.80829e+05
    Temperature Pres. DC (bar) Pressure (bar)   Constr. rmsd
    2.97727e+02   -1.18711e+02    6.78077e+27    1.95924e-06

           Step           Time
          70000       35.00000

   Energies (kJ/mol)
           Bond          Angle    Proper Dih.  Improper Dih. Per. Imp. Dih.
    5.38935e+01    1.74526e+01    4.76750e-01    3.58390e+03    4.43967e-02
          LJ-14     Coulomb-14        LJ (SR)  Disper. corr.   Coulomb (SR)
    1.60878e+02    5.03293e+01    1.48840e+05   -3.91363e+03   -9.19595e+05
   Coul. recip.      Potential    Kinetic En.   Total Energy  Conserved En.
    2.33857e+03   -7.68463e+05    1.24565e+05   -6.43898e+05   -7.80837e+05
    Temperature Pres. DC (bar) Pressure (bar)   Constr. rmsd
    3.01482e+02   -1.18711e+02    6.78077e+27    1.95924e-06

           Step           Time
          70100       35.05000

   Energies (kJ/mol)
           Bond          Angle    Proper Dih.  Improper Dih. Per. Imp. Dih.
    5.38935e+01    1.74526e+01    4.76750e-01    3.58390e+03    4.43967e-02
          LJ-14     Coulomb-14        LJ (SR)  Disper. corr.   Coulomb (SR)
    1.60878e+02    5.03293e+01    1.49129e+05   -3.91363e+03   -9.20327e+05
   Coul. recip.      Potential    Kinetic En.   Total Energy  Conserved En.
    2.33634e+03   -7.68908e+05    1.24519e+05   -6.44390e+05   -7.80841e+05
    Temperature Pres. DC (bar) Pressure (bar)   Constr. rmsd
    3.01371e+02   -1.18711e+02    6.78077e+27    1.95924e-06

           Step           Time
          70200       35.10000

   Energies (kJ/mol)
           Bond          Angle    Proper Dih.  Improper Dih. Per. Imp. Dih.
    5.38935e+01    1.74526e+01    4.76750e-01    3.58390e+03    4.43967e-02
          LJ-14     Coulomb-14        LJ (SR)  Disper. corr.   Coulomb (SR)
    1.60878e+02    5.03293e+01    1.49782e+05   -3.91363e+03   -9.20453e+05
   Coul. recip.      Potential    Kinetic En.   Total Energy  Conserved En.
    2.31816e+03   -7.68399e+05    1.24181e+05   -6.44218e+05   -7.80836e+05
    Temperature Pres. DC (bar) Pressure (bar)   Constr. rmsd
    3.00553e+02   -1.18711e+02    6.78077e+27    1.95924e-06

           Step           Time
          70300       35.15000

   Energies (kJ/mol)
           Bond          Angle    Proper Dih.  Improper Dih. Per. Imp. Dih.
    5.38935e+01    1.74526e+01    4.76750e-01    3.58390e+03    4.43967e-02
          LJ-14     Coulomb-14        LJ (SR)  Disper. corr.   Coulomb (SR)
    1.60878e+02    5.03293e+01    1.49975e+05   -3.91363e+03   -9.20526e+05
   Coul. recip.      Potential    Kinetic En.   Total Energy  Conserved En.
    2.32907e+03   -7.68269e+05    1.24303e+05   -6.43966e+05   -7.80835e+05
    Temperature Pres. DC (bar) Pressure (bar)   Constr. rmsd
    3.00848e+02   -1.18711e+02    6.78077e+27    1.95924e-06

           Step           Time
          70400       35.20000

   Energies (kJ/mol)
           Bond          Angle    Proper Dih.  Improper Dih. Per. Imp. Dih.
    5.38935e+01    1.74526e+01    4.76750e-01    3.58390e+03    4.43967e-02
          LJ-14     Coulomb-14        LJ (SR)  Disper. corr.   Coulomb (SR)
    1.60878e+02    5.03293e+01    1.50148e+05   -3.91363e+03   -9.20374e+05
   Coul. recip.      Potential    Kinetic En.   Total Energy  Conserved En.
    2.31627e+03   -7.67956e+05    1.24122e+05   -6.43834e+05   -7.80843e+05
    Temperature Pres. DC (bar) Pressure (bar)   Constr. rmsd
    3.00412e+02   -1.18711e+02    6.78077e+27    1.95924e-06

           Step           Time
          70500       35.25000

   Energies (kJ/mol)
           Bond          Angle    Proper Dih.  Improper Dih. Per. Imp. Dih.
    5.38935e+01    1.74526e+01    4.76750e-01    3.58390e+03    4.43967e-02
          LJ-14     Coulomb-14        LJ (SR)  Disper. corr.   Coulomb (SR)
    1.60878e+02    5.03293e+01    1.50680e+05   -3.91363e+03   -9.21577e+05
   Coul. recip.      Potential    Kinetic En.   Total Energy  Conserved En.
    2.38850e+03   -7.68555e+05    1.24646e+05   -6.43909e+05   -7.80848e+05
    Temperature Pres. DC (bar) Pressure (bar)   Constr. rmsd
    3.01678e+02   -1.18711e+02    6.78077e+27    1.95924e-06

           Step           Time
          70600       35.30000

   Energies (kJ/mol)
           Bond          Angle    Proper Dih.  Improper Dih. Per. Imp. Dih.
    5.38935e+01    1.74526e+01    4.76750e-01    3.58390e+03    4.43967e-02
          LJ-14     Coulomb-14        LJ (SR)  Disper. corr.   Coulomb (SR)
    1.60878e+02    5.03293e+01    1.49200e+05   -3.91363e+03   -9.20247e+05
   Coul. recip.      Potential    Kinetic En.   Total Energy  Conserved En.
    2.39948e+03   -7.68694e+05    1.23432e+05   -6.45262e+05   -7.80831e+05
    Temperature Pres. DC (bar) Pressure (bar)   Constr. rmsd
    2.98741e+02   -1.18711e+02    6.78077e+27    1.95924e-06

           Step           Time
          70700       35.35000

   Energies (kJ/mol)
           Bond          Angle    Proper Dih.  Improper Dih. Per. Imp. Dih.
    5.38935e+01    1.74526e+01    4.76750e-01    3.58390e+03    4.43967e-02
          LJ-14     Coulomb-14        LJ (SR)  Disper. corr.   Coulomb (SR)
    1.60878e+02    5.03293e+01    1.48559e+05   -3.91363e+03   -9.19248e+05
   Coul. recip.      Potential    Kinetic En.   Total Energy  Conserved En.
    2.37738e+03   -7.68359e+05    1.23249e+05   -6.45110e+05   -7.80845e+05
    Temperature Pres. DC (bar) Pressure (bar)   Constr. rmsd
    2.98297e+02   -1.18711e+02    6.78077e+27    1.95924e-06

           Step           Time
          70800       35.40000

   Energies (kJ/mol)
           Bond          Angle    Proper Dih.  Improper Dih. Per. Imp. Dih.
    5.38935e+01    1.74526e+01    4.76750e-01    3.58390e+03    4.43967e-02
          LJ-14     Coulomb-14        LJ (SR)  Disper. corr.   Coulomb (SR)
    1.60878e+02    5.03293e+01    1.48900e+05   -3.91363e+03   -9.20095e+05
   Coul. recip.      Potential    Kinetic En.   Total Energy  Conserved En.
    2.35316e+03   -7.68888e+05    1.23606e+05   -6.45283e+05   -7.80839e+05
    Temperature Pres. DC (bar) Pressure (bar)   Constr. rmsd
    2.99160e+02   -1.18711e+02    6.78077e+27    1.95924e-06

           Step           Time
          70900       35.45000

   Energies (kJ/mol)
           Bond          Angle    Proper Dih.  Improper Dih. Per. Imp. Dih.
    5.38935e+01    1.74526e+01    4.76750e-01    3.58390e+03    4.43967e-02
          LJ-14     Coulomb-14        LJ (SR)  Disper. corr.   Coulomb (SR)
    1.60878e+02    5.03293e+01    1.49051e+05   -3.91363e+03   -9.19830e+05
   Coul. recip.      Potential    Kinetic En.   Total Energy  Conserved En.
    2.37317e+03   -7.68453e+05    1.23536e+05   -6.44918e+05   -7.80840e+05
    Temperature Pres. DC (bar) Pressure (bar)   Constr. rmsd
    2.98991e+02   -1.18711e+02    6.78077e+27    1.95924e-06

           Step           Time
          71000       35.50000

   Energies (kJ/mol)
           Bond          Angle    Proper Dih.  Improper Dih. Per. Imp. Dih.
    5.38935e+01    1.74526e+01    4.76750e-01    3.58390e+03    4.43967e-02
          LJ-14     Coulomb-14        LJ (SR)  Disper. corr.   Coulomb (SR)
    1.60878e+02    5.03293e+01    1.48912e+05   -3.91363e+03   -9.19403e+05
   Coul. recip.      Potential    Kinetic En.   Total Energy  Conserved En.
    2.44517e+03   -7.68093e+05    1.23863e+05   -6.44230e+05   -7.80836e+05
    Temperature Pres. DC (bar) Pressure (bar)   Constr. rmsd
    2.99783e+02   -1.18711e+02    6.78077e+27    1.95924e-06

           Step           Time
          71100       35.55000

   Energies (kJ/mol)
           Bond          Angle    Proper Dih.  Improper Dih. Per. Imp. Dih.
    5.38935e+01    1.74526e+01    4.76750e-01    3.58390e+03    4.43967e-02
          LJ-14     Coulomb-14        LJ (SR)  Disper. corr.   Coulomb (SR)
    1.60878e+02    5.03293e+01    1.49578e+05   -3.91363e+03   -9.20272e+05
   Coul. recip.      Potential    Kinetic En.   Total Energy  Conserved En.
    2.40229e+03   -7.68338e+05    1.24338e+05   -6.44001e+05   -7.80844e+05
    Temperature Pres. DC (bar) Pressure (bar)   Constr. rmsd
    3.00932e+02   -1.18711e+02    6.78077e+27    1.95924e-06

           Step           Time
          71200       35.60000

   Energies (kJ/mol)
           Bond          Angle    Proper Dih.  Improper Dih. Per. Imp. Dih.
    5.38935e+01    1.74526e+01    4.76750e-01    3.58390e+03    4.43967e-02
          LJ-14     Coulomb-14        LJ (SR)  Disper. corr.   Coulomb (SR)
    1.60878e+02    5.03293e+01    1.48819e+05   -3.91363e+03   -9.19978e+05
   Coul. recip.      Potential    Kinetic En.   Total Energy  Conserved En.
    2.39228e+03   -7.68814e+05    1.24386e+05   -6.44428e+05   -7.80838e+05
    Temperature Pres. DC (bar) Pressure (bar)   Constr. rmsd
    3.01048e+02   -1.18711e+02    6.78077e+27    1.95924e-06

           Step           Time
          71300       35.65000

   Energies (kJ/mol)
           Bond          Angle    Proper Dih.  Improper Dih. Per. Imp. Dih.
    5.38935e+01    1.74526e+01    4.76750e-01    3.58390e+03    4.43967e-02
          LJ-14     Coulomb-14        LJ (SR)  Disper. corr.   Coulomb (SR)
    1.60878e+02    5.03293e+01    1.49116e+05   -3.91363e+03   -9.19880e+05
   Coul. recip.      Potential    Kinetic En.   Total Energy  Conserved En.
    2.24757e+03   -7.68563e+05    1.24610e+05   -6.43953e+05   -7.80844e+05
    Temperature Pres. DC (bar) Pressure (bar)   Constr. rmsd
    3.01591e+02   -1.18711e+02    6.78077e+27    1.95924e-06

           Step           Time
          71400       35.70000

   Energies (kJ/mol)
           Bond          Angle    Proper Dih.  Improper Dih. Per. Imp. Dih.
    5.38935e+01    1.74526e+01    4.76750e-01    3.58390e+03    4.43967e-02
          LJ-14     Coulomb-14        LJ (SR)  Disper. corr.   Coulomb (SR)
    1.60878e+02    5.03293e+01    1.49232e+05   -3.91363e+03   -9.19445e+05
   Coul. recip.      Potential    Kinetic En.   Total Energy  Conserved En.
    2.34897e+03   -7.67911e+05    1.24152e+05   -6.43759e+05   -7.80828e+05
    Temperature Pres. DC (bar) Pressure (bar)   Constr. rmsd
    3.00483e+02   -1.18711e+02    6.78077e+27    1.95924e-06

           Step           Time
          71500       35.75000

   Energies (kJ/mol)
           Bond          Angle    Proper Dih.  Improper Dih. Per. Imp. Dih.
    5.38935e+01    1.74526e+01    4.76750e-01    3.58390e+03    4.43967e-02
          LJ-14     Coulomb-14        LJ (SR)  Disper. corr.   Coulomb (SR)
    1.60878e+02    5.03293e+01    1.48590e+05   -3.91363e+03   -9.18820e+05
   Coul. recip.      Potential    Kinetic En.   Total Energy  Conserved En.
    2.41899e+03   -7.67858e+05    1.23684e+05   -6.44174e+05   -7.80845e+05
    Temperature Pres. DC (bar) Pressure (bar)   Constr. rmsd
    2.99351e+02   -1.18711e+02    6.78077e+27    1.95924e-06

           Step           Time
          71600       35.80000

   Energies (kJ/mol)
           Bond          Angle    Proper Dih.  Improper Dih. Per. Imp. Dih.
    5.38935e+01    1.74526e+01    4.76750e-01    3.58390e+03    4.43967e-02
          LJ-14     Coulomb-14        LJ (SR)  Disper. corr.   Coulomb (SR)
    1.60878e+02    5.03293e+01    1.48476e+05   -3.91363e+03   -9.18677e+05
   Coul. recip.      Potential    Kinetic En.   Total Energy  Conserved En.
    2.35603e+03   -7.67892e+05    1.23405e+05   -6.44486e+05   -7.80834e+05
    Temperature Pres. DC (bar) Pressure (bar)   Constr. rmsd
    2.98676e+02   -1.18711e+02    6.78077e+27    1.95924e-06

           Step           Time
          71700       35.85000

   Energies (kJ/mol)
           Bond          Angle    Proper Dih.  Improper Dih. Per. Imp. Dih.
    5.38935e+01    1.74526e+01    4.76750e-01    3.58390e+03    4.43967e-02
          LJ-14     Coulomb-14        LJ (SR)  Disper. corr.   Coulomb (SR)
    1.60878e+02    5.03293e+01    1.49064e+05   -3.91363e+03   -9.18532e+05
   Coul. recip.      Potential    Kinetic En.   Total Energy  Conserved En.
    2.40971e+03   -7.67105e+05    1.23271e+05   -6.43834e+05   -7.80845e+05
    Temperature Pres. DC (bar) Pressure (bar)   Constr. rmsd
    2.98351e+02   -1.18711e+02    6.78077e+27    1.95924e-06

           Step           Time
          71800       35.90000

   Energies (kJ/mol)
           Bond          Angle    Proper Dih.  Improper Dih. Per. Imp. Dih.
    5.38935e+01    1.74526e+01    4.76750e-01    3.58390e+03    4.43967e-02
          LJ-14     Coulomb-14        LJ (SR)  Disper. corr.   Coulomb (SR)
    1.60878e+02    5.03293e+01    1.49060e+05   -3.91363e+03   -9.18519e+05
   Coul. recip.      Potential    Kinetic En.   Total Energy  Conserved En.
    2.39980e+03   -7.67106e+05    1.23926e+05   -6.43180e+05   -7.80840e+05
    Temperature Pres. DC (bar) Pressure (bar)   Constr. rmsd
    2.99937e+02   -1.18711e+02    6.78077e+27    1.95924e-06

           Step           Time
          71900       35.95000

   Energies (kJ/mol)
           Bond          Angle    Proper Dih.  Improper Dih. Per. Imp. Dih.
    5.38935e+01    1.74526e+01    4.76750e-01    3.58390e+03    4.43967e-02
          LJ-14     Coulomb-14        LJ (SR)  Disper. corr.   Coulomb (SR)
    1.60878e+02    5.03293e+01    1.48034e+05   -3.91363e+03   -9.18114e+05
   Coul. recip.      Potential    Kinetic En.   Total Energy  Conserved En.
    2.31026e+03   -7.67817e+05    1.24370e+05   -6.43447e+05   -7.80849e+05
    Temperature Pres. DC (bar) Pressure (bar)   Constr. rmsd
    3.01010e+02   -1.18711e+02    6.78077e+27    1.95924e-06

           Step           Time
          72000       36.00000

   Energies (kJ/mol)
           Bond          Angle    Proper Dih.  Improper Dih. Per. Imp. Dih.
    5.38935e+01    1.74526e+01    4.76750e-01    3.58390e+03    4.43967e-02
          LJ-14     Coulomb-14        LJ (SR)  Disper. corr.   Coulomb (SR)
    1.60878e+02    5.03293e+01    1.49464e+05   -3.91363e+03   -9.19032e+05
   Coul. recip.      Potential    Kinetic En.   Total Energy  Conserved En.
    2.33066e+03   -7.67284e+05    1.24125e+05   -6.43159e+05   -7.80840e+05
    Temperature Pres. DC (bar) Pressure (bar)   Constr. rmsd
    3.00418e+02   -1.18711e+02    6.78077e+27    1.95924e-06

           Step           Time
          72100       36.05000

   Energies (kJ/mol)
           Bond          Angle    Proper Dih.  Improper Dih. Per. Imp. Dih.
    5.38935e+01    1.74526e+01    4.76750e-01    3.58390e+03    4.43967e-02
          LJ-14     Coulomb-14        LJ (SR)  Disper. corr.   Coulomb (SR)
    1.60878e+02    5.03293e+01    1.47220e+05   -3.91363e+03   -9.17422e+05
   Coul. recip.      Potential    Kinetic En.   Total Energy  Conserved En.
    2.40159e+03   -7.67848e+05    1.23519e+05   -6.44329e+05   -7.80842e+05
    Temperature Pres. DC (bar) Pressure (bar)   Constr. rmsd
    2.98951e+02   -1.18711e+02    6.78077e+27    1.95924e-06

           Step           Time
          72200       36.10000

   Energies (kJ/mol)
           Bond          Angle    Proper Dih.  Improper Dih. Per. Imp. Dih.
    5.38935e+01    1.74526e+01    4.76750e-01    3.58390e+03    4.43967e-02
          LJ-14     Coulomb-14        LJ (SR)  Disper. corr.   Coulomb (SR)
    1.60878e+02    5.03293e+01    1.47254e+05   -3.91363e+03   -9.17339e+05
   Coul. recip.      Potential    Kinetic En.   Total Energy  Conserved En.
    2.39826e+03   -7.67733e+05    1.24224e+05   -6.43509e+05   -7.80850e+05
    Temperature Pres. DC (bar) Pressure (bar)   Constr. rmsd
    3.00658e+02   -1.18711e+02    6.78077e+27    1.95924e-06

           Step           Time
          72300       36.15000

   Energies (kJ/mol)
           Bond          Angle    Proper Dih.  Improper Dih. Per. Imp. Dih.
    5.38935e+01    1.74526e+01    4.76750e-01    3.58390e+03    4.43967e-02
          LJ-14     Coulomb-14        LJ (SR)  Disper. corr.   Coulomb (SR)
    1.60878e+02    5.03293e+01    1.47987e+05   -3.91363e+03   -9.17983e+05
   Coul. recip.      Potential    Kinetic En.   Total Energy  Conserved En.
    2.33152e+03   -7.67711e+05    1.23621e+05   -6.44089e+05   -7.80832e+05
    Temperature Pres. DC (bar) Pressure (bar)   Constr. rmsd
    2.99199e+02   -1.18711e+02    6.78077e+27    1.95924e-06

           Step           Time
          72400       36.20000

   Energies (kJ/mol)
           Bond          Angle    Proper Dih.  Improper Dih. Per. Imp. Dih.
    5.38935e+01    1.74526e+01    4.76750e-01    3.58390e+03    4.43967e-02
          LJ-14     Coulomb-14        LJ (SR)  Disper. corr.   Coulomb (SR)
    1.60878e+02    5.03293e+01    1.47824e+05   -3.91363e+03   -9.17704e+05
   Coul. recip.      Potential    Kinetic En.   Total Energy  Conserved En.
    2.38453e+03   -7.67543e+05    1.24602e+05   -6.42941e+05   -7.80840e+05
    Temperature Pres. DC (bar) Pressure (bar)   Constr. rmsd
    3.01571e+02   -1.18711e+02    6.78077e+27    1.95924e-06

           Step           Time
          72500       36.25000

   Energies (kJ/mol)
           Bond          Angle    Proper Dih.  Improper Dih. Per. Imp. Dih.
    5.38935e+01    1.74526e+01    4.76750e-01    3.58390e+03    4.43967e-02
          LJ-14     Coulomb-14        LJ (SR)  Disper. corr.   Coulomb (SR)
    1.60878e+02    5.03293e+01    1.48820e+05   -3.91363e+03   -9.18576e+05
   Coul. recip.      Potential    Kinetic En.   Total Energy  Conserved En.
    2.42986e+03   -7.67372e+05    1.23891e+05   -6.43482e+05   -7.80838e+05
    Temperature Pres. DC (bar) Pressure (bar)   Constr. rmsd
    2.99851e+02   -1.18711e+02    6.78077e+27    1.95924e-06

           Step           Time
          72600       36.30000

   Energies (kJ/mol)
           Bond          Angle    Proper Dih.  Improper Dih. Per. Imp. Dih.
    5.38935e+01    1.74526e+01    4.76750e-01    3.58390e+03    4.43967e-02
          LJ-14     Coulomb-14        LJ (SR)  Disper. corr.   Coulomb (SR)
    1.60878e+02    5.03293e+01    1.49998e+05   -3.91363e+03   -9.20114e+05
   Coul. recip.      Potential    Kinetic En.   Total Energy  Conserved En.
    2.36591e+03   -7.67797e+05    1.24862e+05   -6.42935e+05   -7.80849e+05
    Temperature Pres. DC (bar) Pressure (bar)   Constr. rmsd
    3.02201e+02   -1.18711e+02    6.78077e+27    1.95924e-06

           Step           Time
          72700       36.35000

   Energies (kJ/mol)
           Bond          Angle    Proper Dih.  Improper Dih. Per. Imp. Dih.
    5.38935e+01    1.74526e+01    4.76750e-01    3.58390e+03    4.43967e-02
          LJ-14     Coulomb-14        LJ (SR)  Disper. corr.   Coulomb (SR)
    1.60878e+02    5.03293e+01    1.50448e+05   -3.91363e+03   -9.20712e+05
   Coul. recip.      Potential    Kinetic En.   Total Energy  Conserved En.
    2.36457e+03   -7.67946e+05    1.24614e+05   -6.43332e+05   -7.80846e+05
    Temperature Pres. DC (bar) Pressure (bar)   Constr. rmsd
    3.01602e+02   -1.18711e+02    6.78077e+27    1.95924e-06

           Step           Time
          72800       36.40000

   Energies (kJ/mol)
           Bond          Angle    Proper Dih.  Improper Dih. Per. Imp. Dih.
    5.38935e+01    1.74526e+01    4.76750e-01    3.58390e+03    4.43967e-02
          LJ-14     Coulomb-14        LJ (SR)  Disper. corr.   Coulomb (SR)
    1.60878e+02    5.03293e+01    1.47896e+05   -3.91363e+03   -9.18749e+05
   Coul. recip.      Potential    Kinetic En.   Total Energy  Conserved En.
    2.38989e+03   -7.68511e+05    1.23980e+05   -6.44530e+05   -7.80847e+05
    Temperature Pres. DC (bar) Pressure (bar)   Constr. rmsd
    3.00068e+02   -1.18711e+02    6.78077e+27    1.95924e-06

           Step           Time
          72900       36.45000

   Energies (kJ/mol)
           Bond          Angle    Proper Dih.  Improper Dih. Per. Imp. Dih.
    5.38935e+01    1.74526e+01    4.76750e-01    3.58390e+03    4.43967e-02
          LJ-14     Coulomb-14        LJ (SR)  Disper. corr.   Coulomb (SR)
    1.60878e+02    5.03293e+01    1.48186e+05   -3.91363e+03   -9.18364e+05
   Coul. recip.      Potential    Kinetic En.   Total Energy  Conserved En.
    2.37465e+03   -7.67850e+05    1.23805e+05   -6.44046e+05   -7.80848e+05
    Temperature Pres. DC (bar) Pressure (bar)   Constr. rmsd
    2.99642e+02   -1.18711e+02    6.78077e+27    1.95924e-06

           Step           Time
          73000       36.50000

   Energies (kJ/mol)
           Bond          Angle    Proper Dih.  Improper Dih. Per. Imp. Dih.
    5.38935e+01    1.74526e+01    4.76750e-01    3.58390e+03    4.43967e-02
          LJ-14     Coulomb-14        LJ (SR)  Disper. corr.   Coulomb (SR)
    1.60878e+02    5.03293e+01    1.48014e+05   -3.91363e+03   -9.18128e+05
   Coul. recip.      Potential    Kinetic En.   Total Energy  Conserved En.
    2.37108e+03   -7.67790e+05    1.24265e+05   -6.43524e+05   -7.80848e+05
    Temperature Pres. DC (bar) Pressure (bar)   Constr. rmsd
    3.00757e+02   -1.18711e+02    6.78077e+27    1.95924e-06

           Step           Time
          73100       36.55000

   Energies (kJ/mol)
           Bond          Angle    Proper Dih.  Improper Dih. Per. Imp. Dih.
    5.38935e+01    1.74526e+01    4.76750e-01    3.58390e+03    4.43967e-02
          LJ-14     Coulomb-14        LJ (SR)  Disper. corr.   Coulomb (SR)
    1.60878e+02    5.03293e+01    1.48559e+05   -3.91363e+03   -9.18543e+05
   Coul. recip.      Potential    Kinetic En.   Total Energy  Conserved En.
    2.32424e+03   -7.67707e+05    1.25148e+05   -6.42558e+05   -7.80852e+05
    Temperature Pres. DC (bar) Pressure (bar)   Constr. rmsd
    3.02895e+02   -1.18711e+02    6.78077e+27    1.95924e-06

           Step           Time
          73200       36.60000

   Energies (kJ/mol)
           Bond          Angle    Proper Dih.  Improper Dih. Per. Imp. Dih.
    5.38935e+01    1.74526e+01    4.76750e-01    3.58390e+03    4.43967e-02
          LJ-14     Coulomb-14        LJ (SR)  Disper. corr.   Coulomb (SR)
    1.60878e+02    5.03293e+01    1.48916e+05   -3.91363e+03   -9.19116e+05
   Coul. recip.      Potential    Kinetic En.   Total Energy  Conserved En.
    2.39693e+03   -7.67849e+05    1.24413e+05   -6.43436e+05   -7.80848e+05
    Temperature Pres. DC (bar) Pressure (bar)   Constr. rmsd
    3.01116e+02   -1.18711e+02    6.78077e+27    1.95924e-06

           Step           Time
          73300       36.65000

   Energies (kJ/mol)
           Bond          Angle    Proper Dih.  Improper Dih. Per. Imp. Dih.
    5.38935e+01    1.74526e+01    4.76750e-01    3.58390e+03    4.43967e-02
          LJ-14     Coulomb-14        LJ (SR)  Disper. corr.   Coulomb (SR)
    1.60878e+02    5.03293e+01    1.48448e+05   -3.91363e+03   -9.18986e+05
   Coul. recip.      Potential    Kinetic En.   Total Energy  Conserved En.
    2.32196e+03   -7.68262e+05    1.24303e+05   -6.43959e+05   -7.80846e+05
    Temperature Pres. DC (bar) Pressure (bar)   Constr. rmsd
    3.00849e+02   -1.18711e+02    6.78077e+27    1.95924e-06

           Step           Time
          73400       36.70000

   Energies (kJ/mol)
           Bond          Angle    Proper Dih.  Improper Dih. Per. Imp. Dih.
    5.38935e+01    1.74526e+01    4.76750e-01    3.58390e+03    4.43967e-02
          LJ-14     Coulomb-14        LJ (SR)  Disper. corr.   Coulomb (SR)
    1.60878e+02    5.03293e+01    1.48799e+05   -3.91363e+03   -9.19362e+05
   Coul. recip.      Potential    Kinetic En.   Total Energy  Conserved En.
    2.38645e+03   -7.68223e+05    1.24260e+05   -6.43963e+05   -7.80849e+05
    Temperature Pres. DC (bar) Pressure (bar)   Constr. rmsd
    3.00745e+02   -1.18711e+02    6.78077e+27    1.95924e-06

           Step           Time
          73500       36.75000

   Energies (kJ/mol)
           Bond          Angle    Proper Dih.  Improper Dih. Per. Imp. Dih.
    5.38935e+01    1.74526e+01    4.76750e-01    3.58390e+03    4.43967e-02
          LJ-14     Coulomb-14        LJ (SR)  Disper. corr.   Coulomb (SR)
    1.60878e+02    5.03293e+01    1.48553e+05   -3.91363e+03   -9.19253e+05
   Coul. recip.      Potential    Kinetic En.   Total Energy  Conserved En.
    2.30431e+03   -7.68442e+05    1.23724e+05   -6.44718e+05   -7.80848e+05
    Temperature Pres. DC (bar) Pressure (bar)   Constr. rmsd
    2.99447e+02   -1.18711e+02    6.78077e+27    1.95924e-06

           Step           Time
          73600       36.80000

   Energies (kJ/mol)
           Bond          Angle    Proper Dih.  Improper Dih. Per. Imp. Dih.
    5.38935e+01    1.74526e+01    4.76750e-01    3.58390e+03    4.43967e-02
          LJ-14     Coulomb-14        LJ (SR)  Disper. corr.   Coulomb (SR)
    1.60878e+02    5.03293e+01    1.48408e+05   -3.91363e+03   -9.19392e+05
   Coul. recip.      Potential    Kinetic En.   Total Energy  Conserved En.
    2.39613e+03   -7.68634e+05    1.24104e+05   -6.44530e+05   -7.80845e+05
    Temperature Pres. DC (bar) Pressure (bar)   Constr. rmsd
    3.00367e+02   -1.18711e+02    6.78077e+27    1.95924e-06

           Step           Time
          73700       36.85000

   Energies (kJ/mol)
           Bond          Angle    Proper Dih.  Improper Dih. Per. Imp. Dih.
    5.38935e+01    1.74526e+01    4.76750e-01    3.58390e+03    4.43967e-02
          LJ-14     Coulomb-14        LJ (SR)  Disper. corr.   Coulomb (SR)
    1.60878e+02    5.03293e+01    1.49518e+05   -3.91363e+03   -9.20240e+05
   Coul. recip.      Potential    Kinetic En.   Total Energy  Conserved En.
    2.38469e+03   -7.68384e+05    1.24067e+05   -6.44316e+05   -7.80851e+05
    Temperature Pres. DC (bar) Pressure (bar)   Constr. rmsd
    3.00278e+02   -1.18711e+02    6.78077e+27    1.95924e-06

           Step           Time
          73800       36.90000

   Energies (kJ/mol)
           Bond          Angle    Proper Dih.  Improper Dih. Per. Imp. Dih.
    5.38935e+01    1.74526e+01    4.76750e-01    3.58390e+03    4.43967e-02
          LJ-14     Coulomb-14        LJ (SR)  Disper. corr.   Coulomb (SR)
    1.60878e+02    5.03293e+01    1.49186e+05   -3.91363e+03   -9.20065e+05
   Coul. recip.      Potential    Kinetic En.   Total Energy  Conserved En.
    2.40879e+03   -7.68517e+05    1.24524e+05   -6.43993e+05   -7.80847e+05
    Temperature Pres. DC (bar) Pressure (bar)   Constr. rmsd
    3.01385e+02   -1.18711e+02    6.78077e+27    1.95924e-06

           Step           Time
          73900       36.95000

   Energies (kJ/mol)
           Bond          Angle    Proper Dih.  Improper Dih. Per. Imp. Dih.
    5.38935e+01    1.74526e+01    4.76750e-01    3.58390e+03    4.43967e-02
          LJ-14     Coulomb-14        LJ (SR)  Disper. corr.   Coulomb (SR)
    1.60878e+02    5.03293e+01    1.49714e+05   -3.91363e+03   -9.20519e+05
   Coul. recip.      Potential    Kinetic En.   Total Energy  Conserved En.
    2.41326e+03   -7.68439e+05    1.24739e+05   -6.43700e+05   -7.80845e+05
    Temperature Pres. DC (bar) Pressure (bar)   Constr. rmsd
    3.01903e+02   -1.18711e+02    6.78077e+27    1.95924e-06

           Step           Time
          74000       37.00000

   Energies (kJ/mol)
           Bond          Angle    Proper Dih.  Improper Dih. Per. Imp. Dih.
    5.38935e+01    1.74526e+01    4.76750e-01    3.58390e+03    4.43967e-02
          LJ-14     Coulomb-14        LJ (SR)  Disper. corr.   Coulomb (SR)
    1.60878e+02    5.03293e+01    1.49406e+05   -3.91363e+03   -9.19106e+05
   Coul. recip.      Potential    Kinetic En.   Total Energy  Conserved En.
    2.39655e+03   -7.67350e+05    1.24191e+05   -6.43159e+05   -7.80850e+05
    Temperature Pres. DC (bar) Pressure (bar)   Constr. rmsd
    3.00577e+02   -1.18711e+02    6.78077e+27    1.95924e-06

           Step           Time
          74100       37.05000

   Energies (kJ/mol)
           Bond          Angle    Proper Dih.  Improper Dih. Per. Imp. Dih.
    5.38935e+01    1.74526e+01    4.76750e-01    3.58390e+03    4.43967e-02
          LJ-14     Coulomb-14        LJ (SR)  Disper. corr.   Coulomb (SR)
    1.60878e+02    5.03293e+01    1.49343e+05   -3.91363e+03   -9.19110e+05
   Coul. recip.      Potential    Kinetic En.   Total Energy  Conserved En.
    2.36471e+03   -7.67449e+05    1.24135e+05   -6.43314e+05   -7.80853e+05
    Temperature Pres. DC (bar) Pressure (bar)   Constr. rmsd
    3.00443e+02   -1.18711e+02    6.78077e+27    1.95924e-06

           Step           Time
          74200       37.10000

   Energies (kJ/mol)
           Bond          Angle    Proper Dih.  Improper Dih. Per. Imp. Dih.
    5.38935e+01    1.74526e+01    4.76750e-01    3.58390e+03    4.43967e-02
          LJ-14     Coulomb-14        LJ (SR)  Disper. corr.   Coulomb (SR)
    1.60878e+02    5.03293e+01    1.50960e+05   -3.91363e+03   -9.21032e+05
   Coul. recip.      Potential    Kinetic En.   Total Energy  Conserved En.
    2.43501e+03   -7.67684e+05    1.24298e+05   -6.43386e+05   -7.80848e+05
    Temperature Pres. DC (bar) Pressure (bar)   Constr. rmsd
    3.00836e+02   -1.18711e+02    6.78077e+27    1.95924e-06

           Step           Time
          74300       37.15000

   Energies (kJ/mol)
           Bond          Angle    Proper Dih.  Improper Dih. Per. Imp. Dih.
    5.38935e+01    1.74526e+01    4.76750e-01    3.58390e+03    4.43967e-02
          LJ-14     Coulomb-14        LJ (SR)  Disper. corr.   Coulomb (SR)
    1.60878e+02    5.03293e+01    1.51258e+05   -3.91363e+03   -9.21094e+05
   Coul. recip.      Potential    Kinetic En.   Total Energy  Conserved En.
    2.34292e+03   -7.67540e+05    1.24102e+05   -6.43438e+05   -7.80861e+05
    Temperature Pres. DC (bar) Pressure (bar)   Constr. rmsd
    3.00361e+02   -1.18711e+02    6.78077e+27    1.95924e-06

           Step           Time
          74400       37.20000

   Energies (kJ/mol)
           Bond          Angle    Proper Dih.  Improper Dih. Per. Imp. Dih.
    5.38935e+01    1.74526e+01    4.76750e-01    3.58390e+03    4.43967e-02
          LJ-14     Coulomb-14        LJ (SR)  Disper. corr.   Coulomb (SR)
    1.60878e+02    5.03293e+01    1.49754e+05   -3.91363e+03   -9.20034e+05
   Coul. recip.      Potential    Kinetic En.   Total Energy  Conserved En.
    2.42139e+03   -7.67905e+05    1.24177e+05   -6.43728e+05   -7.80860e+05
    Temperature Pres. DC (bar) Pressure (bar)   Constr. rmsd
    3.00544e+02   -1.18711e+02    6.78077e+27    1.95924e-06

           Step           Time
          74500       37.25000

   Energies (kJ/mol)
           Bond          Angle    Proper Dih.  Improper Dih. Per. Imp. Dih.
    5.38935e+01    1.74526e+01    4.76750e-01    3.58390e+03    4.43967e-02
          LJ-14     Coulomb-14        LJ (SR)  Disper. corr.   Coulomb (SR)
    1.60878e+02    5.03293e+01    1.48447e+05   -3.91363e+03   -9.18996e+05
   Coul. recip.      Potential    Kinetic En.   Total Energy  Conserved En.
    2.40294e+03   -7.68193e+05    1.24484e+05   -6.43708e+05   -7.80854e+05
    Temperature Pres. DC (bar) Pressure (bar)   Constr. rmsd
    3.01287e+02   -1.18711e+02    6.78077e+27    1.95924e-06

           Step           Time
          74600       37.30000

   Energies (kJ/mol)
           Bond          Angle    Proper Dih.  Improper Dih. Per. Imp. Dih.
    5.38935e+01    1.74526e+01    4.76750e-01    3.58390e+03    4.43967e-02
          LJ-14     Coulomb-14        LJ (SR)  Disper. corr.   Coulomb (SR)
    1.60878e+02    5.03293e+01    1.47552e+05   -3.91363e+03   -9.17743e+05
   Coul. recip.      Potential    Kinetic En.   Total Energy  Conserved En.
    2.36006e+03   -7.67877e+05    1.24400e+05   -6.43477e+05   -7.80857e+05
    Temperature Pres. DC (bar) Pressure (bar)   Constr. rmsd
    3.01083e+02   -1.18711e+02    6.78077e+27    1.95924e-06

           Step           Time
          74700       37.35000

   Energies (kJ/mol)
           Bond          Angle    Proper Dih.  Improper Dih. Per. Imp. Dih.
    5.38935e+01    1.74526e+01    4.76750e-01    3.58390e+03    4.43967e-02
          LJ-14     Coulomb-14        LJ (SR)  Disper. corr.   Coulomb (SR)
    1.60878e+02    5.03293e+01    1.47127e+05   -3.91363e+03   -9.16979e+05
   Coul. recip.      Potential    Kinetic En.   Total Energy  Conserved En.
    2.35363e+03   -7.67545e+05    1.24651e+05   -6.42894e+05   -7.80865e+05
    Temperature Pres. DC (bar) Pressure (bar)   Constr. rmsd
    3.01690e+02   -1.18711e+02    6.78077e+27    1.95924e-06

           Step           Time
          74800       37.40000

   Energies (kJ/mol)
           Bond          Angle    Proper Dih.  Improper Dih. Per. Imp. Dih.
    5.38935e+01    1.74526e+01    4.76750e-01    3.58390e+03    4.43967e-02
          LJ-14     Coulomb-14        LJ (SR)  Disper. corr.   Coulomb (SR)
    1.60878e+02    5.03293e+01    1.48920e+05   -3.91363e+03   -9.18264e+05
   Coul. recip.      Potential    Kinetic En.   Total Energy  Conserved En.
    2.48573e+03   -7.66905e+05    1.24227e+05   -6.42678e+05   -7.80852e+05
    Temperature Pres. DC (bar) Pressure (bar)   Constr. rmsd
    3.00665e+02   -1.18711e+02    6.78077e+27    1.95924e-06

           Step           Time
          74900       37.45000

   Energies (kJ/mol)
           Bond          Angle    Proper Dih.  Improper Dih. Per. Imp. Dih.
    5.38935e+01    1.74526e+01    4.76750e-01    3.58390e+03    4.43967e-02
          LJ-14     Coulomb-14        LJ (SR)  Disper. corr.   Coulomb (SR)
    1.60878e+02    5.03293e+01    1.49279e+05   -3.91363e+03   -9.19594e+05
   Coul. recip.      Potential    Kinetic En.   Total Energy  Conserved En.
    2.43347e+03   -7.67929e+05    1.24771e+05   -6.43158e+05   -7.80860e+05
    Temperature Pres. DC (bar) Pressure (bar)   Constr. rmsd
    3.01981e+02   -1.18711e+02    6.78077e+27    1.95924e-06

           Step           Time
          75000       37.50000

   Energies (kJ/mol)
           Bond          Angle    Proper Dih.  Improper Dih. Per. Imp. Dih.
    5.38935e+01    1.74526e+01    4.76750e-01    3.58390e+03    4.43967e-02
          LJ-14     Coulomb-14        LJ (SR)  Disper. corr.   Coulomb (SR)
    1.60878e+02    5.03293e+01    1.49491e+05   -3.91363e+03   -9.19349e+05
   Coul. recip.      Potential    Kinetic En.   Total Energy  Conserved En.
    2.41011e+03   -7.67495e+05    1.24781e+05   -6.42715e+05   -7.80863e+05
    Temperature Pres. DC (bar) Pressure (bar)   Constr. rmsd
    3.02004e+02   -1.18711e+02    6.78077e+27    1.95924e-06

           Step           Time
          75100       37.55000

   Energies (kJ/mol)
           Bond          Angle    Proper Dih.  Improper Dih. Per. Imp. Dih.
    5.38935e+01    1.74526e+01    4.76750e-01    3.58390e+03    4.43967e-02
          LJ-14     Coulomb-14        LJ (SR)  Disper. corr.   Coulomb (SR)
    1.60878e+02    5.03293e+01    1.49307e+05   -3.91363e+03   -9.19402e+05
   Coul. recip.      Potential    Kinetic En.   Total Energy  Conserved En.
    2.35595e+03   -7.67786e+05    1.24556e+05   -6.43230e+05   -7.80858e+05
    Temperature Pres. DC (bar) Pressure (bar)   Constr. rmsd
    3.01462e+02   -1.18711e+02    6.78077e+27    1.95924e-06

           Step           Time
          75200       37.60000

   Energies (kJ/mol)
           Bond          Angle    Proper Dih.  Improper Dih. Per. Imp. Dih.
    5.38935e+01    1.74526e+01    4.76750e-01    3.58390e+03    4.43967e-02
          LJ-14     Coulomb-14        LJ (SR)  Disper. corr.   Coulomb (SR)
    1.60878e+02    5.03293e+01    1.50399e+05   -3.91363e+03   -9.20728e+05
   Coul. recip.      Potential    Kinetic En.   Total Energy  Conserved En.
    2.38927e+03   -7.67986e+05    1.24277e+05   -6.43709e+05   -7.80860e+05
    Temperature Pres. DC (bar) Pressure (bar)   Constr. rmsd
    3.00787e+02   -1.18711e+02    6.78077e+27    1.95924e-06

           Step           Time
          75300       37.65000

   Energies (kJ/mol)
           Bond          Angle    Proper Dih.  Improper Dih. Per. Imp. Dih.
    5.38935e+01    1.74526e+01    4.76750e-01    3.58390e+03    4.43967e-02
          LJ-14     Coulomb-14        LJ (SR)  Disper. corr.   Coulomb (SR)
    1.60878e+02    5.03293e+01    1.49249e+05   -3.91363e+03   -9.19337e+05
   Coul. recip.      Potential    Kinetic En.   Total Energy  Conserved En.
    2.36726e+03   -7.67767e+05    1.23896e+05   -6.43871e+05   -7.80860e+05
    Temperature Pres. DC (bar) Pressure (bar)   Constr. rmsd
    2.99863e+02   -1.18711e+02    6.78077e+27    1.95924e-06

           Step           Time
          75400       37.70000

   Energies (kJ/mol)
           Bond          Angle    Proper Dih.  Improper Dih. Per. Imp. Dih.
    5.38935e+01    1.74526e+01    4.76750e-01    3.58390e+03    4.43967e-02
          LJ-14     Coulomb-14        LJ (SR)  Disper. corr.   Coulomb (SR)
    1.60878e+02    5.03293e+01    1.48992e+05   -3.91363e+03   -9.19704e+05
   Coul. recip.      Potential    Kinetic En.   Total Energy  Conserved En.
    2.35428e+03   -7.68405e+05    1.23834e+05   -6.44571e+05   -7.80854e+05
    Temperature Pres. DC (bar) Pressure (bar)   Constr. rmsd
    2.99713e+02   -1.18711e+02    6.78077e+27    1.95924e-06

           Step           Time
          75500       37.75000

   Energies (kJ/mol)
           Bond          Angle    Proper Dih.  Improper Dih. Per. Imp. Dih.
    5.38935e+01    1.74526e+01    4.76750e-01    3.58390e+03    4.43967e-02
          LJ-14     Coulomb-14        LJ (SR)  Disper. corr.   Coulomb (SR)
    1.60878e+02    5.03293e+01    1.49806e+05   -3.91363e+03   -9.20256e+05
   Coul. recip.      Potential    Kinetic En.   Total Energy  Conserved En.
    2.43930e+03   -7.68057e+05    1.23766e+05   -6.44291e+05   -7.80866e+05
    Temperature Pres. DC (bar) Pressure (bar)   Constr. rmsd
    2.99549e+02   -1.18711e+02    6.78077e+27    1.95924e-06

           Step           Time
          75600       37.80000

   Energies (kJ/mol)
           Bond          Angle    Proper Dih.  Improper Dih. Per. Imp. Dih.
    5.38935e+01    1.74526e+01    4.76750e-01    3.58390e+03    4.43967e-02
          LJ-14     Coulomb-14        LJ (SR)  Disper. corr.   Coulomb (SR)
    1.60878e+02    5.03293e+01    1.49715e+05   -3.91363e+03   -9.19949e+05
   Coul. recip.      Potential    Kinetic En.   Total Energy  Conserved En.
    2.35835e+03   -7.67922e+05    1.24355e+05   -6.43567e+05   -7.80853e+05
    Temperature Pres. DC (bar) Pressure (bar)   Constr. rmsd
    3.00974e+02   -1.18711e+02    6.78077e+27    1.95924e-06

           Step           Time
          75700       37.85000

   Energies (kJ/mol)
           Bond          Angle    Proper Dih.  Improper Dih. Per. Imp. Dih.
    5.38935e+01    1.74526e+01    4.76750e-01    3.58390e+03    4.43967e-02
          LJ-14     Coulomb-14        LJ (SR)  Disper. corr.   Coulomb (SR)
    1.60878e+02    5.03293e+01    1.49744e+05   -3.91363e+03   -9.20025e+05
   Coul. recip.      Potential    Kinetic En.   Total Energy  Conserved En.
    2.29481e+03   -7.68033e+05    1.24473e+05   -6.43560e+05   -7.80854e+05
    Temperature Pres. DC (bar) Pressure (bar)   Constr. rmsd
    3.01260e+02   -1.18711e+02    6.78077e+27    1.95924e-06

           Step           Time
          75800       37.90000

   Energies (kJ/mol)
           Bond          Angle    Proper Dih.  Improper Dih. Per. Imp. Dih.
    5.38935e+01    1.74526e+01    4.76750e-01    3.58390e+03    4.43967e-02
          LJ-14     Coulomb-14        LJ (SR)  Disper. corr.   Coulomb (SR)
    1.60878e+02    5.03293e+01    1.49114e+05   -3.91363e+03   -9.19173e+05
   Coul. recip.      Potential    Kinetic En.   Total Energy  Conserved En.
    2.39468e+03   -7.67711e+05    1.24113e+05   -6.43598e+05   -7.80860e+05
    Temperature Pres. DC (bar) Pressure (bar)   Constr. rmsd
    3.00388e+02   -1.18711e+02    6.78077e+27    1.95924e-06

           Step           Time
          75900       37.95000

   Energies (kJ/mol)
           Bond          Angle    Proper Dih.  Improper Dih. Per. Imp. Dih.
    5.38935e+01    1.74526e+01    4.76750e-01    3.58390e+03    4.43967e-02
          LJ-14     Coulomb-14        LJ (SR)  Disper. corr.   Coulomb (SR)
    1.60878e+02    5.03293e+01    1.48597e+05   -3.91363e+03   -9.19072e+05
   Coul. recip.      Potential    Kinetic En.   Total Energy  Conserved En.
    2.35121e+03   -7.68170e+05    1.24211e+05   -6.43960e+05   -7.80864e+05
    Temperature Pres. DC (bar) Pressure (bar)   Constr. rmsd
    3.00625e+02   -1.18711e+02    6.78077e+27    1.95924e-06

           Step           Time
          76000       38.00000

   Energies (kJ/mol)
           Bond          Angle    Proper Dih.  Improper Dih. Per. Imp. Dih.
    5.38935e+01    1.74526e+01    4.76750e-01    3.58390e+03    4.43967e-02
          LJ-14     Coulomb-14        LJ (SR)  Disper. corr.   Coulomb (SR)
    1.60878e+02    5.03293e+01    1.47878e+05   -3.91363e+03   -9.18618e+05
   Coul. recip.      Potential    Kinetic En.   Total Energy  Conserved En.
    2.32067e+03   -7.68467e+05    1.23786e+05   -6.44680e+05   -7.80859e+05
    Temperature Pres. DC (bar) Pressure (bar)   Constr. rmsd
    2.99598e+02   -1.18711e+02    6.78077e+27    1.95924e-06

           Step           Time
          76100       38.05000

   Energies (kJ/mol)
           Bond          Angle    Proper Dih.  Improper Dih. Per. Imp. Dih.
    5.38935e+01    1.74526e+01    4.76750e-01    3.58390e+03    4.43967e-02
          LJ-14     Coulomb-14        LJ (SR)  Disper. corr.   Coulomb (SR)
    1.60878e+02    5.03293e+01    1.47666e+05   -3.91363e+03   -9.17749e+05
   Coul. recip.      Potential    Kinetic En.   Total Energy  Conserved En.
    2.42865e+03   -7.67701e+05    1.23381e+05   -6.44320e+05   -7.80860e+05
    Temperature Pres. DC (bar) Pressure (bar)   Constr. rmsd
    2.98617e+02   -1.18711e+02    6.78077e+27    1.95924e-06

           Step           Time
          76200       38.10000

   Energies (kJ/mol)
           Bond          Angle    Proper Dih.  Improper Dih. Per. Imp. Dih.
    5.38935e+01    1.74526e+01    4.76750e-01    3.58390e+03    4.43967e-02
          LJ-14     Coulomb-14        LJ (SR)  Disper. corr.   Coulomb (SR)
    1.60878e+02    5.03293e+01    1.48755e+05   -3.91363e+03   -9.18988e+05
   Coul. recip.      Potential    Kinetic En.   Total Energy  Conserved En.
    2.43270e+03   -7.67847e+05    1.23806e+05   -6.44041e+05   -7.80864e+05
    Temperature Pres. DC (bar) Pressure (bar)   Constr. rmsd
    2.99646e+02   -1.18711e+02    6.78077e+27    1.95924e-06

           Step           Time
          76300       38.15000

   Energies (kJ/mol)
           Bond          Angle    Proper Dih.  Improper Dih. Per. Imp. Dih.
    5.38935e+01    1.74526e+01    4.76750e-01    3.58390e+03    4.43967e-02
          LJ-14     Coulomb-14        LJ (SR)  Disper. corr.   Coulomb (SR)
    1.60878e+02    5.03293e+01    1.50662e+05   -3.91363e+03   -9.21910e+05
   Coul. recip.      Potential    Kinetic En.   Total Energy  Conserved En.
    2.32733e+03   -7.68967e+05    1.24367e+05   -6.44600e+05   -7.80870e+05
    Temperature Pres. DC (bar) Pressure (bar)   Constr. rmsd
    3.01004e+02   -1.18711e+02    6.78077e+27    1.95924e-06

           Step           Time
          76400       38.20000

   Energies (kJ/mol)
           Bond          Angle    Proper Dih.  Improper Dih. Per. Imp. Dih.
    5.38935e+01    1.74526e+01    4.76750e-01    3.58390e+03    4.43967e-02
          LJ-14     Coulomb-14        LJ (SR)  Disper. corr.   Coulomb (SR)
    1.60878e+02    5.03293e+01    1.50102e+05   -3.91363e+03   -9.21014e+05
   Coul. recip.      Potential    Kinetic En.   Total Energy  Conserved En.
    2.46831e+03   -7.68491e+05    1.23655e+05   -6.44836e+05   -7.80865e+05
    Temperature Pres. DC (bar) Pressure (bar)   Constr. rmsd
    2.99280e+02   -1.18711e+02    6.78077e+27    1.95924e-06

           Step           Time
          76500       38.25000

   Energies (kJ/mol)
           Bond          Angle    Proper Dih.  Improper Dih. Per. Imp. Dih.
    5.38935e+01    1.74526e+01    4.76750e-01    3.58390e+03    4.43967e-02
          LJ-14     Coulomb-14        LJ (SR)  Disper. corr.   Coulomb (SR)
    1.60878e+02    5.03293e+01    1.50033e+05   -3.91363e+03   -9.20882e+05
   Coul. recip.      Potential    Kinetic En.   Total Energy  Conserved En.
    2.41441e+03   -7.68482e+05    1.23235e+05   -6.45246e+05   -7.80866e+05
    Temperature Pres. DC (bar) Pressure (bar)   Constr. rmsd
    2.98264e+02   -1.18711e+02    6.78077e+27    1.95924e-06

           Step           Time
          76600       38.30000

   Energies (kJ/mol)
           Bond          Angle    Proper Dih.  Improper Dih. Per. Imp. Dih.
    5.38935e+01    1.74526e+01    4.76750e-01    3.58390e+03    4.43967e-02
          LJ-14     Coulomb-14        LJ (SR)  Disper. corr.   Coulomb (SR)
    1.60878e+02    5.03293e+01    1.50453e+05   -3.91363e+03   -9.21638e+05
   Coul. recip.      Potential    Kinetic En.   Total Energy  Conserved En.
    2.35376e+03   -7.68877e+05    1.24470e+05   -6.44407e+05   -7.80870e+05
    Temperature Pres. DC (bar) Pressure (bar)   Constr. rmsd
    3.01253e+02   -1.18711e+02    6.78077e+27    1.95924e-06

           Step           Time
          76700       38.35000

   Energies (kJ/mol)
           Bond          Angle    Proper Dih.  Improper Dih. Per. Imp. Dih.
    5.38935e+01    1.74526e+01    4.76750e-01    3.58390e+03    4.43967e-02
          LJ-14     Coulomb-14        LJ (SR)  Disper. corr.   Coulomb (SR)
    1.60878e+02    5.03293e+01    1.50201e+05   -3.91363e+03   -9.20817e+05
   Coul. recip.      Potential    Kinetic En.   Total Energy  Conserved En.
    2.29108e+03   -7.68372e+05    1.23276e+05   -6.45096e+05   -7.80865e+05
    Temperature Pres. DC (bar) Pressure (bar)   Constr. rmsd
    2.98362e+02   -1.18711e+02    6.78077e+27    1.95924e-06

           Step           Time
          76800       38.40000

   Energies (kJ/mol)
           Bond          Angle    Proper Dih.  Improper Dih. Per. Imp. Dih.
    5.38935e+01    1.74526e+01    4.76750e-01    3.58390e+03    4.43967e-02
          LJ-14     Coulomb-14        LJ (SR)  Disper. corr.   Coulomb (SR)
    1.60878e+02    5.03293e+01    1.49142e+05   -3.91363e+03   -9.20718e+05
   Coul. recip.      Potential    Kinetic En.   Total Energy  Conserved En.
    2.30590e+03   -7.69316e+05    1.24148e+05   -6.45168e+05   -7.80863e+05
    Temperature Pres. DC (bar) Pressure (bar)   Constr. rmsd
    3.00473e+02   -1.18711e+02    6.78077e+27    1.95924e-06

           Step           Time
          76900       38.45000

   Energies (kJ/mol)
           Bond          Angle    Proper Dih.  Improper Dih. Per. Imp. Dih.
    5.38935e+01    1.74526e+01    4.76750e-01    3.58390e+03    4.43967e-02
          LJ-14     Coulomb-14        LJ (SR)  Disper. corr.   Coulomb (SR)
    1.60878e+02    5.03293e+01    1.49090e+05   -3.91363e+03   -9.20640e+05
   Coul. recip.      Potential    Kinetic En.   Total Energy  Conserved En.
    2.31437e+03   -7.69282e+05    1.24303e+05   -6.44978e+05   -7.80864e+05
    Temperature Pres. DC (bar) Pressure (bar)   Constr. rmsd
    3.00849e+02   -1.18711e+02    6.78077e+27    1.95924e-06

           Step           Time
          77000       38.50000

   Energies (kJ/mol)
           Bond          Angle    Proper Dih.  Improper Dih. Per. Imp. Dih.
    5.38935e+01    1.74526e+01    4.76750e-01    3.58390e+03    4.43967e-02
          LJ-14     Coulomb-14        LJ (SR)  Disper. corr.   Coulomb (SR)
    1.60878e+02    5.03293e+01    1.48699e+05   -3.91363e+03   -9.19964e+05
   Coul. recip.      Potential    Kinetic En.   Total Energy  Conserved En.
    2.35715e+03   -7.68954e+05    1.23732e+05   -6.45223e+05   -7.80864e+05
    Temperature Pres. DC (bar) Pressure (bar)   Constr. rmsd
    2.99466e+02   -1.18711e+02    6.78077e+27    1.95924e-06

           Step           Time
          77100       38.55000

   Energies (kJ/mol)
           Bond          Angle    Proper Dih.  Improper Dih. Per. Imp. Dih.
    5.38935e+01    1.74526e+01    4.76750e-01    3.58390e+03    4.43967e-02
          LJ-14     Coulomb-14        LJ (SR)  Disper. corr.   Coulomb (SR)
    1.60878e+02    5.03293e+01    1.50128e+05   -3.91363e+03   -9.20839e+05
   Coul. recip.      Potential    Kinetic En.   Total Energy  Conserved En.
    2.33683e+03   -7.68421e+05    1.23458e+05   -6.44963e+05   -7.80871e+05
    Temperature Pres. DC (bar) Pressure (bar)   Constr. rmsd
    2.98803e+02   -1.18711e+02    6.78077e+27    1.95924e-06

           Step           Time
          77200       38.60000

   Energies (kJ/mol)
           Bond          Angle    Proper Dih.  Improper Dih. Per. Imp. Dih.
    5.38935e+01    1.74526e+01    4.76750e-01    3.58390e+03    4.43967e-02
          LJ-14     Coulomb-14        LJ (SR)  Disper. corr.   Coulomb (SR)
    1.60878e+02    5.03293e+01    1.51246e+05   -3.91363e+03   -9.22236e+05
   Coul. recip.      Potential    Kinetic En.   Total Energy  Conserved En.
    2.27395e+03   -7.68763e+05    1.23367e+05   -6.45396e+05   -7.80868e+05
    Temperature Pres. DC (bar) Pressure (bar)   Constr. rmsd
    2.98584e+02   -1.18711e+02    6.78077e+27    1.95924e-06

           Step           Time
          77300       38.65000

   Energies (kJ/mol)
           Bond          Angle    Proper Dih.  Improper Dih. Per. Imp. Dih.
    5.38935e+01    1.74526e+01    4.76750e-01    3.58390e+03    4.43967e-02
          LJ-14     Coulomb-14        LJ (SR)  Disper. corr.   Coulomb (SR)
    1.60878e+02    5.03293e+01    1.50413e+05   -3.91363e+03   -9.21911e+05
   Coul. recip.      Potential    Kinetic En.   Total Energy  Conserved En.
    2.31969e+03   -7.69226e+05    1.24121e+05   -6.45104e+05   -7.80868e+05
    Temperature Pres. DC (bar) Pressure (bar)   Constr. rmsd
    3.00409e+02   -1.18711e+02    6.78077e+27    1.95924e-06

           Step           Time
          77400       38.70000

   Energies (kJ/mol)
           Bond          Angle    Proper Dih.  Improper Dih. Per. Imp. Dih.
    5.38935e+01    1.74526e+01    4.76750e-01    3.58390e+03    4.43967e-02
          LJ-14     Coulomb-14        LJ (SR)  Disper. corr.   Coulomb (SR)
    1.60878e+02    5.03293e+01    1.49560e+05   -3.91363e+03   -9.20726e+05
   Coul. recip.      Potential    Kinetic En.   Total Energy  Conserved En.
    2.37722e+03   -7.68836e+05    1.24044e+05   -6.44792e+05   -7.80879e+05
    Temperature Pres. DC (bar) Pressure (bar)   Constr. rmsd
    3.00221e+02   -1.18711e+02    6.78077e+27    1.95924e-06

           Step           Time
          77500       38.75000

   Energies (kJ/mol)
           Bond          Angle    Proper Dih.  Improper Dih. Per. Imp. Dih.
    5.38935e+01    1.74526e+01    4.76750e-01    3.58390e+03    4.43967e-02
          LJ-14     Coulomb-14        LJ (SR)  Disper. corr.   Coulomb (SR)
    1.60878e+02    5.03293e+01    1.48758e+05   -3.91363e+03   -9.19637e+05
   Coul. recip.      Potential    Kinetic En.   Total Energy  Conserved En.
    2.37521e+03   -7.68550e+05    1.23867e+05   -6.44683e+05   -7.80870e+05
    Temperature Pres. DC (bar) Pressure (bar)   Constr. rmsd
    2.99793e+02   -1.18711e+02    6.78077e+27    1.95924e-06

           Step           Time
          77600       38.80000

   Energies (kJ/mol)
           Bond          Angle    Proper Dih.  Improper Dih. Per. Imp. Dih.
    5.38935e+01    1.74526e+01    4.76750e-01    3.58390e+03    4.43967e-02
          LJ-14     Coulomb-14        LJ (SR)  Disper. corr.   Coulomb (SR)
    1.60878e+02    5.03293e+01    1.50212e+05   -3.91363e+03   -9.21718e+05
   Coul. recip.      Potential    Kinetic En.   Total Energy  Conserved En.
    2.30226e+03   -7.69250e+05    1.23835e+05   -6.45415e+05   -7.80869e+05
    Temperature Pres. DC (bar) Pressure (bar)   Constr. rmsd
    2.99716e+02   -1.18711e+02    6.78077e+27    1.95924e-06

           Step           Time
          77700       38.85000

   Energies (kJ/mol)
           Bond          Angle    Proper Dih.  Improper Dih. Per. Imp. Dih.
    5.38935e+01    1.74526e+01    4.76750e-01    3.58390e+03    4.43967e-02
          LJ-14     Coulomb-14        LJ (SR)  Disper. corr.   Coulomb (SR)
    1.60878e+02    5.03293e+01    1.50327e+05   -3.91363e+03   -9.22411e+05
   Coul. recip.      Potential    Kinetic En.   Total Energy  Conserved En.
    2.34768e+03   -7.69784e+05    1.24617e+05   -6.45167e+05   -7.80866e+05
    Temperature Pres. DC (bar) Pressure (bar)   Constr. rmsd
    3.01608e+02   -1.18711e+02    6.78077e+27    1.95924e-06

           Step           Time
          77800       38.90000

   Energies (kJ/mol)
           Bond          Angle    Proper Dih.  Improper Dih. Per. Imp. Dih.
    5.38935e+01    1.74526e+01    4.76750e-01    3.58390e+03    4.43967e-02
          LJ-14     Coulomb-14        LJ (SR)  Disper. corr.   Coulomb (SR)
    1.60878e+02    5.03293e+01    1.50779e+05   -3.91363e+03   -9.22241e+05
   Coul. recip.      Potential    Kinetic En.   Total Energy  Conserved En.
    2.35088e+03   -7.69158e+05    1.23956e+05   -6.45202e+05   -7.80868e+05
    Temperature Pres. DC (bar) Pressure (bar)   Constr. rmsd
    3.00010e+02   -1.18711e+02    6.78077e+27    1.95924e-06

           Step           Time
          77900       38.95000

   Energies (kJ/mol)
           Bond          Angle    Proper Dih.  Improper Dih. Per. Imp. Dih.
    5.38935e+01    1.74526e+01    4.76750e-01    3.58390e+03    4.43967e-02
          LJ-14     Coulomb-14        LJ (SR)  Disper. corr.   Coulomb (SR)
    1.60878e+02    5.03293e+01    1.51260e+05   -3.91363e+03   -9.23397e+05
   Coul. recip.      Potential    Kinetic En.   Total Energy  Conserved En.
    2.44280e+03   -7.69740e+05    1.23739e+05   -6.46001e+05   -7.80870e+05
    Temperature Pres. DC (bar) Pressure (bar)   Constr. rmsd
    2.99483e+02   -1.18711e+02    6.78077e+27    1.95924e-06

           Step           Time
          78000       39.00000

   Energies (kJ/mol)
           Bond          Angle    Proper Dih.  Improper Dih. Per. Imp. Dih.
    5.38935e+01    1.74526e+01    4.76750e-01    3.58390e+03    4.43967e-02
          LJ-14     Coulomb-14        LJ (SR)  Disper. corr.   Coulomb (SR)
    1.60878e+02    5.03293e+01    1.49182e+05   -3.91363e+03   -9.20513e+05
   Coul. recip.      Potential    Kinetic En.   Total Energy  Conserved En.
    2.41724e+03   -7.68960e+05    1.22742e+05   -6.46219e+05   -7.80869e+05
    Temperature Pres. DC (bar) Pressure (bar)   Constr. rmsd
    2.97070e+02   -1.18711e+02    6.78077e+27    1.95924e-06

           Step           Time
          78100       39.05000

   Energies (kJ/mol)
           Bond          Angle    Proper Dih.  Improper Dih. Per. Imp. Dih.
    5.38935e+01    1.74526e+01    4.76750e-01    3.58390e+03    4.43967e-02
          LJ-14     Coulomb-14        LJ (SR)  Disper. corr.   Coulomb (SR)
    1.60878e+02    5.03293e+01    1.48773e+05   -3.91363e+03   -9.20947e+05
   Coul. recip.      Potential    Kinetic En.   Total Energy  Conserved En.
    2.38548e+03   -7.69835e+05    1.24534e+05   -6.45300e+05   -7.80874e+05
    Temperature Pres. DC (bar) Pressure (bar)   Constr. rmsd
    3.01409e+02   -1.18711e+02    6.78077e+27    1.95924e-06

           Step           Time
          78200       39.10000

   Energies (kJ/mol)
           Bond          Angle    Proper Dih.  Improper Dih. Per. Imp. Dih.
    5.38935e+01    1.74526e+01    4.76750e-01    3.58390e+03    4.43967e-02
          LJ-14     Coulomb-14        LJ (SR)  Disper. corr.   Coulomb (SR)
    1.60878e+02    5.03293e+01    1.49651e+05   -3.91363e+03   -9.20255e+05
   Coul. recip.      Potential    Kinetic En.   Total Energy  Conserved En.
    2.42094e+03   -7.68229e+05    1.23113e+05   -6.45117e+05   -7.80873e+05
    Temperature Pres. DC (bar) Pressure (bar)   Constr. rmsd
    2.97967e+02   -1.18711e+02    6.78077e+27    1.95924e-06

           Step           Time
          78300       39.15000

   Energies (kJ/mol)
           Bond          Angle    Proper Dih.  Improper Dih. Per. Imp. Dih.
    5.38935e+01    1.74526e+01    4.76750e-01    3.58390e+03    4.43967e-02
          LJ-14     Coulomb-14        LJ (SR)  Disper. corr.   Coulomb (SR)
    1.60878e+02    5.03293e+01    1.47575e+05   -3.91363e+03   -9.18177e+05
   Coul. recip.      Potential    Kinetic En.   Total Energy  Conserved En.
    2.28857e+03   -7.68360e+05    1.23911e+05   -6.44449e+05   -7.80866e+05
    Temperature Pres. DC (bar) Pressure (bar)   Constr. rmsd
    2.99901e+02   -1.18711e+02    6.78077e+27    1.95924e-06

           Step           Time
          78400       39.20000

   Energies (kJ/mol)
           Bond          Angle    Proper Dih.  Improper Dih. Per. Imp. Dih.
    5.38935e+01    1.74526e+01    4.76750e-01    3.58390e+03    4.43967e-02
          LJ-14     Coulomb-14        LJ (SR)  Disper. corr.   Coulomb (SR)
    1.60878e+02    5.03293e+01    1.48453e+05   -3.91363e+03   -9.19082e+05
   Coul. recip.      Potential    Kinetic En.   Total Energy  Conserved En.
    2.33496e+03   -7.68341e+05    1.24364e+05   -6.43977e+05   -7.80880e+05
    Temperature Pres. DC (bar) Pressure (bar)   Constr. rmsd
    3.00995e+02   -1.18711e+02    6.78077e+27    1.95924e-06

           Step           Time
          78500       39.25000

   Energies (kJ/mol)
           Bond          Angle    Proper Dih.  Improper Dih. Per. Imp. Dih.
    5.38935e+01    1.74526e+01    4.76750e-01    3.58390e+03    4.43967e-02
          LJ-14     Coulomb-14        LJ (SR)  Disper. corr.   Coulomb (SR)
    1.60878e+02    5.03293e+01    1.48833e+05   -3.91363e+03   -9.19314e+05
   Coul. recip.      Potential    Kinetic En.   Total Energy  Conserved En.
    2.36735e+03   -7.68160e+05    1.24008e+05   -6.44153e+05   -7.80869e+05
    Temperature Pres. DC (bar) Pressure (bar)   Constr. rmsd
    3.00133e+02   -1.18711e+02    6.78077e+27    1.95924e-06

           Step           Time
          78600       39.30000

   Energies (kJ/mol)
           Bond          Angle    Proper Dih.  Improper Dih. Per. Imp. Dih.
    5.38935e+01    1.74526e+01    4.76750e-01    3.58390e+03    4.43967e-02
          LJ-14     Coulomb-14        LJ (SR)  Disper. corr.   Coulomb (SR)
    1.60878e+02    5.03293e+01    1.49006e+05   -3.91363e+03   -9.18669e+05
   Coul. recip.      Potential    Kinetic En.   Total Energy  Conserved En.
    2.34781e+03   -7.67362e+05    1.23518e+05   -6.43844e+05   -7.80874e+05
    Temperature Pres. DC (bar) Pressure (bar)   Constr. rmsd
    2.98949e+02   -1.18711e+02    6.78077e+27    1.95924e-06

           Step           Time
          78700       39.35000

   Energies (kJ/mol)
           Bond          Angle    Proper Dih.  Improper Dih. Per. Imp. Dih.
    5.38935e+01    1.74526e+01    4.76750e-01    3.58390e+03    4.43967e-02
          LJ-14     Coulomb-14        LJ (SR)  Disper. corr.   Coulomb (SR)
    1.60878e+02    5.03293e+01    1.49039e+05   -3.91363e+03   -9.18916e+05
   Coul. recip.      Potential    Kinetic En.   Total Energy  Conserved En.
    2.32982e+03   -7.67594e+05    1.23500e+05   -6.44093e+05   -7.80870e+05
    Temperature Pres. DC (bar) Pressure (bar)   Constr. rmsd
    2.98905e+02   -1.18711e+02    6.78077e+27    1.95924e-06

           Step           Time
          78800       39.40000

   Energies (kJ/mol)
           Bond          Angle    Proper Dih.  Improper Dih. Per. Imp. Dih.
    5.38935e+01    1.74526e+01    4.76750e-01    3.58390e+03    4.43967e-02
          LJ-14     Coulomb-14        LJ (SR)  Disper. corr.   Coulomb (SR)
    1.60878e+02    5.03293e+01    1.48850e+05   -3.91363e+03   -9.19510e+05
   Coul. recip.      Potential    Kinetic En.   Total Energy  Conserved En.
    2.34442e+03   -7.68362e+05    1.24068e+05   -6.44293e+05   -7.80881e+05
    Temperature Pres. DC (bar) Pressure (bar)   Constr. rmsd
    3.00281e+02   -1.18711e+02    6.78077e+27    1.95924e-06

           Step           Time
          78900       39.45000

   Energies (kJ/mol)
           Bond          Angle    Proper Dih.  Improper Dih. Per. Imp. Dih.
    5.38935e+01    1.74526e+01    4.76750e-01    3.58390e+03    4.43967e-02
          LJ-14     Coulomb-14        LJ (SR)  Disper. corr.   Coulomb (SR)
    1.60878e+02    5.03293e+01    1.50078e+05   -3.91363e+03   -9.20537e+05
   Coul. recip.      Potential    Kinetic En.   Total Energy  Conserved En.
    2.31460e+03   -7.68191e+05    1.23171e+05   -6.45020e+05   -7.80874e+05
    Temperature Pres. DC (bar) Pressure (bar)   Constr. rmsd
    2.98108e+02   -1.18711e+02    6.78077e+27    1.95924e-06

           Step           Time
          79000       39.50000

   Energies (kJ/mol)
           Bond          Angle    Proper Dih.  Improper Dih. Per. Imp. Dih.
    5.38935e+01    1.74526e+01    4.76750e-01    3.58390e+03    4.43967e-02
          LJ-14     Coulomb-14        LJ (SR)  Disper. corr.   Coulomb (SR)
    1.60878e+02    5.03293e+01    1.48955e+05   -3.91363e+03   -9.19603e+05
   Coul. recip.      Potential    Kinetic En.   Total Energy  Conserved En.
    2.46750e+03   -7.68226e+05    1.23456e+05   -6.44770e+05   -7.80869e+05
    Temperature Pres. DC (bar) Pressure (bar)   Constr. rmsd
    2.98800e+02   -1.18711e+02    6.78077e+27    1.95924e-06

           Step           Time
          79100       39.55000

   Energies (kJ/mol)
           Bond          Angle    Proper Dih.  Improper Dih. Per. Imp. Dih.
    5.38935e+01    1.74526e+01    4.76750e-01    3.58390e+03    4.43967e-02
          LJ-14     Coulomb-14        LJ (SR)  Disper. corr.   Coulomb (SR)
    1.60878e+02    5.03293e+01    1.48654e+05   -3.91363e+03   -9.20151e+05
   Coul. recip.      Potential    Kinetic En.   Total Energy  Conserved En.
    2.39337e+03   -7.69150e+05    1.24570e+05   -6.44580e+05   -7.80877e+05
    Temperature Pres. DC (bar) Pressure (bar)   Constr. rmsd
    3.01495e+02   -1.18711e+02    6.78077e+27    1.95924e-06

           Step           Time
          79200       39.60000

   Energies (kJ/mol)
           Bond          Angle    Proper Dih.  Improper Dih. Per. Imp. Dih.
    5.38935e+01    1.74526e+01    4.76750e-01    3.58390e+03    4.43967e-02
          LJ-14     Coulomb-14        LJ (SR)  Disper. corr.   Coulomb (SR)
    1.60878e+02    5.03293e+01    1.48960e+05   -3.91363e+03   -9.20407e+05
   Coul. recip.      Potential    Kinetic En.   Total Energy  Conserved En.
    2.35963e+03   -7.69134e+05    1.23366e+05   -6.45768e+05   -7.80876e+05
    Temperature Pres. DC (bar) Pressure (bar)   Constr. rmsd
    2.98581e+02   -1.18711e+02    6.78077e+27    1.95924e-06

           Step           Time
          79300       39.65000

   Energies (kJ/mol)
           Bond          Angle    Proper Dih.  Improper Dih. Per. Imp. Dih.
    5.38935e+01    1.74526e+01    4.76750e-01    3.58390e+03    4.43967e-02
          LJ-14     Coulomb-14        LJ (SR)  Disper. corr.   Coulomb (SR)
    1.60878e+02    5.03293e+01    1.49498e+05   -3.91363e+03   -9.21191e+05
   Coul. recip.      Potential    Kinetic En.   Total Energy  Conserved En.
    2.37354e+03   -7.69366e+05    1.23044e+05   -6.46322e+05   -7.80869e+05
    Temperature Pres. DC (bar) Pressure (bar)   Constr. rmsd
    2.97801e+02   -1.18711e+02    6.78077e+27    1.95924e-06

           Step           Time
          79400       39.70000

   Energies (kJ/mol)
           Bond          Angle    Proper Dih.  Improper Dih. Per. Imp. Dih.
    5.38935e+01    1.74526e+01    4.76750e-01    3.58390e+03    4.43967e-02
          LJ-14     Coulomb-14        LJ (SR)  Disper. corr.   Coulomb (SR)
    1.60878e+02    5.03293e+01    1.50199e+05   -3.91363e+03   -9.22285e+05
   Coul. recip.      Potential    Kinetic En.   Total Energy  Conserved En.
    2.30642e+03   -7.69825e+05    1.23438e+05   -6.46387e+05   -7.80872e+05
    Temperature Pres. DC (bar) Pressure (bar)   Constr. rmsd
    2.98755e+02   -1.18711e+02    6.78077e+27    1.95924e-06

           Step           Time
          79500       39.75000

   Energies (kJ/mol)
           Bond          Angle    Proper Dih.  Improper Dih. Per. Imp. Dih.
    5.38935e+01    1.74526e+01    4.76750e-01    3.58390e+03    4.43967e-02
          LJ-14     Coulomb-14        LJ (SR)  Disper. corr.   Coulomb (SR)
    1.60878e+02    5.03293e+01    1.50584e+05   -3.91363e+03   -9.22804e+05
   Coul. recip.      Potential    Kinetic En.   Total Energy  Conserved En.
    2.37006e+03   -7.69897e+05    1.23168e+05   -6.46729e+05   -7.80872e+05
    Temperature Pres. DC (bar) Pressure (bar)   Constr. rmsd
    2.98103e+02   -1.18711e+02    6.78077e+27    1.95924e-06

           Step           Time
          79600       39.80000

   Energies (kJ/mol)
           Bond          Angle    Proper Dih.  Improper Dih. Per. Imp. Dih.
    5.38935e+01    1.74526e+01    4.76750e-01    3.58390e+03    4.43967e-02
          LJ-14     Coulomb-14        LJ (SR)  Disper. corr.   Coulomb (SR)
    1.60878e+02    5.03293e+01    1.51092e+05   -3.91363e+03   -9.23516e+05
   Coul. recip.      Potential    Kinetic En.   Total Energy  Conserved En.
    2.40052e+03   -7.70071e+05    1.23214e+05   -6.46857e+05   -7.80870e+05
    Temperature Pres. DC (bar) Pressure (bar)   Constr. rmsd
    2.98212e+02   -1.18711e+02    6.78077e+27    1.95924e-06

           Step           Time
          79700       39.85000

   Energies (kJ/mol)
           Bond          Angle    Proper Dih.  Improper Dih. Per. Imp. Dih.
    5.38935e+01    1.74526e+01    4.76750e-01    3.58390e+03    4.43967e-02
          LJ-14     Coulomb-14        LJ (SR)  Disper. corr.   Coulomb (SR)
    1.60878e+02    5.03293e+01    1.51291e+05   -3.91363e+03   -9.23146e+05
   Coul. recip.      Potential    Kinetic En.   Total Energy  Conserved En.
    2.39945e+03   -7.69502e+05    1.22736e+05   -6.46766e+05   -7.80874e+05
    Temperature Pres. DC (bar) Pressure (bar)   Constr. rmsd
    2.97056e+02   -1.18711e+02    6.78077e+27    1.95924e-06

           Step           Time
          79800       39.90000

   Energies (kJ/mol)
           Bond          Angle    Proper Dih.  Improper Dih. Per. Imp. Dih.
    5.38935e+01    1.74526e+01    4.76750e-01    3.58390e+03    4.43967e-02
          LJ-14     Coulomb-14        LJ (SR)  Disper. corr.   Coulomb (SR)
    1.60878e+02    5.03293e+01    1.50610e+05   -3.91363e+03   -9.22178e+05
   Coul. recip.      Potential    Kinetic En.   Total Energy  Conserved En.
    2.30754e+03   -7.69308e+05    1.22856e+05   -6.46452e+05   -7.80881e+05
    Temperature Pres. DC (bar) Pressure (bar)   Constr. rmsd
    2.97345e+02   -1.18711e+02    6.78077e+27    1.95924e-06

           Step           Time
          79900       39.95000

   Energies (kJ/mol)
           Bond          Angle    Proper Dih.  Improper Dih. Per. Imp. Dih.
    5.38935e+01    1.74526e+01    4.76750e-01    3.58390e+03    4.43967e-02
          LJ-14     Coulomb-14        LJ (SR)  Disper. corr.   Coulomb (SR)
    1.60878e+02    5.03293e+01    1.49009e+05   -3.91363e+03   -9.21510e+05
   Coul. recip.      Potential    Kinetic En.   Total Energy  Conserved En.
    2.35249e+03   -7.70196e+05    1.24150e+05   -6.46046e+05   -7.80887e+05
    Temperature Pres. DC (bar) Pressure (bar)   Constr. rmsd
    3.00478e+02   -1.18711e+02    6.78077e+27    1.95924e-06

           Step           Time
          80000       40.00000

   Energies (kJ/mol)
           Bond          Angle    Proper Dih.  Improper Dih. Per. Imp. Dih.
    5.38935e+01    1.74526e+01    4.76750e-01    3.58390e+03    4.43967e-02
          LJ-14     Coulomb-14        LJ (SR)  Disper. corr.   Coulomb (SR)
    1.60878e+02    5.03293e+01    1.49673e+05   -3.91363e+03   -9.21817e+05
   Coul. recip.      Potential    Kinetic En.   Total Energy  Conserved En.
    2.28755e+03   -7.69903e+05    1.23283e+05   -6.46621e+05   -7.80882e+05
    Temperature Pres. DC (bar) Pressure (bar)   Constr. rmsd
    2.98379e+02   -1.18711e+02    6.78077e+27    1.95924e-06

           Step           Time
          80100       40.05000

   Energies (kJ/mol)
           Bond          Angle    Proper Dih.  Improper Dih. Per. Imp. Dih.
    5.38935e+01    1.74526e+01    4.76750e-01    3.58390e+03    4.43967e-02
          LJ-14     Coulomb-14        LJ (SR)  Disper. corr.   Coulomb (SR)
    1.60878e+02    5.03293e+01    1.49555e+05   -3.91363e+03   -9.22703e+05
   Coul. recip.      Potential    Kinetic En.   Total Energy  Conserved En.
    2.36427e+03   -7.70831e+05    1.24269e+05   -6.46562e+05   -7.80886e+05
    Temperature Pres. DC (bar) Pressure (bar)   Constr. rmsd
    3.00765e+02   -1.18711e+02    6.78077e+27    1.95924e-06

           Step           Time
          80200       40.10000

   Energies (kJ/mol)
           Bond          Angle    Proper Dih.  Improper Dih. Per. Imp. Dih.
    5.38935e+01    1.74526e+01    4.76750e-01    3.58390e+03    4.43967e-02
          LJ-14     Coulomb-14        LJ (SR)  Disper. corr.   Coulomb (SR)
    1.60878e+02    5.03293e+01    1.50541e+05   -3.91363e+03   -9.22622e+05
   Coul. recip.      Potential    Kinetic En.   Total Energy  Conserved En.
    2.29244e+03   -7.69835e+05    1.23678e+05   -6.46157e+05   -7.80890e+05
    Temperature Pres. DC (bar) Pressure (bar)   Constr. rmsd
    2.99336e+02   -1.18711e+02    6.78077e+27    1.95924e-06

           Step           Time
          80300       40.15000

   Energies (kJ/mol)
           Bond          Angle    Proper Dih.  Improper Dih. Per. Imp. Dih.
    5.38935e+01    1.74526e+01    4.76750e-01    3.58390e+03    4.43967e-02
          LJ-14     Coulomb-14        LJ (SR)  Disper. corr.   Coulomb (SR)
    1.60878e+02    5.03293e+01    1.50456e+05   -3.91363e+03   -9.21953e+05
   Coul. recip.      Potential    Kinetic En.   Total Energy  Conserved En.
    2.31782e+03   -7.69226e+05    1.23253e+05   -6.45973e+05   -7.80882e+05
    Temperature Pres. DC (bar) Pressure (bar)   Constr. rmsd
    2.98306e+02   -1.18711e+02    6.78077e+27    1.95924e-06

           Step           Time
          80400       40.20000

   Energies (kJ/mol)
           Bond          Angle    Proper Dih.  Improper Dih. Per. Imp. Dih.
    5.38935e+01    1.74526e+01    4.76750e-01    3.58390e+03    4.43967e-02
          LJ-14     Coulomb-14        LJ (SR)  Disper. corr.   Coulomb (SR)
    1.60878e+02    5.03293e+01    1.50581e+05   -3.91363e+03   -9.22927e+05
   Coul. recip.      Potential    Kinetic En.   Total Energy  Conserved En.
    2.36657e+03   -7.70026e+05    1.24442e+05   -6.45584e+05   -7.80884e+05
    Temperature Pres. DC (bar) Pressure (bar)   Constr. rmsd
    3.01185e+02   -1.18711e+02    6.78077e+27    1.95924e-06

           Step           Time
          80500       40.25000

   Energies (kJ/mol)
           Bond          Angle    Proper Dih.  Improper Dih. Per. Imp. Dih.
    5.38935e+01    1.74526e+01    4.76750e-01    3.58390e+03    4.43967e-02
          LJ-14     Coulomb-14        LJ (SR)  Disper. corr.   Coulomb (SR)
    1.60878e+02    5.03293e+01    1.49788e+05   -3.91363e+03   -9.21560e+05
   Coul. recip.      Potential    Kinetic En.   Total Energy  Conserved En.
    2.37578e+03   -7.69444e+05    1.23569e+05   -6.45875e+05   -7.80888e+05
    Temperature Pres. DC (bar) Pressure (bar)   Constr. rmsd
    2.99072e+02   -1.18711e+02    6.78077e+27    1.95924e-06

           Step           Time
          80600       40.30000

   Energies (kJ/mol)
           Bond          Angle    Proper Dih.  Improper Dih. Per. Imp. Dih.
    5.38935e+01    1.74526e+01    4.76750e-01    3.58390e+03    4.43967e-02
          LJ-14     Coulomb-14        LJ (SR)  Disper. corr.   Coulomb (SR)
    1.60878e+02    5.03293e+01    1.49254e+05   -3.91363e+03   -9.21033e+05
   Coul. recip.      Potential    Kinetic En.   Total Energy  Conserved En.
    2.44025e+03   -7.69385e+05    1.23054e+05   -6.46331e+05   -7.80884e+05
    Temperature Pres. DC (bar) Pressure (bar)   Constr. rmsd
    2.97826e+02   -1.18711e+02    6.78077e+27    1.95924e-06

           Step           Time
          80700       40.35000

   Energies (kJ/mol)
           Bond          Angle    Proper Dih.  Improper Dih. Per. Imp. Dih.
    5.38935e+01    1.74526e+01    4.76750e-01    3.58390e+03    4.43967e-02
          LJ-14     Coulomb-14        LJ (SR)  Disper. corr.   Coulomb (SR)
    1.60878e+02    5.03293e+01    1.48952e+05   -3.91363e+03   -9.20902e+05
   Coul. recip.      Potential    Kinetic En.   Total Energy  Conserved En.
    2.41270e+03   -7.69584e+05    1.23623e+05   -6.45961e+05   -7.80885e+05
    Temperature Pres. DC (bar) Pressure (bar)   Constr. rmsd
    2.99202e+02   -1.18711e+02    6.78077e+27    1.95924e-06

           Step           Time
          80800       40.40000

   Energies (kJ/mol)
           Bond          Angle    Proper Dih.  Improper Dih. Per. Imp. Dih.
    5.38935e+01    1.74526e+01    4.76750e-01    3.58390e+03    4.43967e-02
          LJ-14     Coulomb-14        LJ (SR)  Disper. corr.   Coulomb (SR)
    1.60878e+02    5.03293e+01    1.49408e+05   -3.91363e+03   -9.21244e+05
   Coul. recip.      Potential    Kinetic En.   Total Energy  Conserved En.
    2.30003e+03   -7.69582e+05    1.23304e+05   -6.46278e+05   -7.80884e+05
    Temperature Pres. DC (bar) Pressure (bar)   Constr. rmsd
    2.98431e+02   -1.18711e+02    6.78077e+27    1.95924e-06

           Step           Time
          80900       40.45000

   Energies (kJ/mol)
           Bond          Angle    Proper Dih.  Improper Dih. Per. Imp. Dih.
    5.38935e+01    1.74526e+01    4.76750e-01    3.58390e+03    4.43967e-02
          LJ-14     Coulomb-14        LJ (SR)  Disper. corr.   Coulomb (SR)
    1.60878e+02    5.03293e+01    1.49807e+05   -3.91363e+03   -9.21898e+05
   Coul. recip.      Potential    Kinetic En.   Total Energy  Conserved En.
    2.40658e+03   -7.69730e+05    1.24317e+05   -6.45414e+05   -7.80892e+05
    Temperature Pres. DC (bar) Pressure (bar)   Constr. rmsd
    3.00882e+02   -1.18711e+02    6.78077e+27    1.95924e-06

           Step           Time
          81000       40.50000

   Energies (kJ/mol)
           Bond          Angle    Proper Dih.  Improper Dih. Per. Imp. Dih.
    5.38935e+01    1.74526e+01    4.76750e-01    3.58390e+03    4.43967e-02
          LJ-14     Coulomb-14        LJ (SR)  Disper. corr.   Coulomb (SR)
    1.60878e+02    5.03293e+01    1.48533e+05   -3.91363e+03   -9.20685e+05
   Coul. recip.      Potential    Kinetic En.   Total Energy  Conserved En.
    2.29884e+03   -7.69900e+05    1.23900e+05   -6.46000e+05   -7.80886e+05
    Temperature Pres. DC (bar) Pressure (bar)   Constr. rmsd
    2.99873e+02   -1.18711e+02    6.78077e+27    1.95924e-06

           Step           Time
          81100       40.55000

   Energies (kJ/mol)
           Bond          Angle    Proper Dih.  Improper Dih. Per. Imp. Dih.
    5.38935e+01    1.74526e+01    4.76750e-01    3.58390e+03    4.43967e-02
          LJ-14     Coulomb-14        LJ (SR)  Disper. corr.   Coulomb (SR)
    1.60878e+02    5.03293e+01    1.48037e+05   -3.91363e+03   -9.19762e+05
   Coul. recip.      Potential    Kinetic En.   Total Energy  Conserved En.
    2.36453e+03   -7.69407e+05    1.22993e+05   -6.46414e+05   -7.80893e+05
    Temperature Pres. DC (bar) Pressure (bar)   Constr. rmsd
    2.97678e+02   -1.18711e+02    6.78077e+27    1.95924e-06

           Step           Time
          81200       40.60000

   Energies (kJ/mol)
           Bond          Angle    Proper Dih.  Improper Dih. Per. Imp. Dih.
    5.38935e+01    1.74526e+01    4.76750e-01    3.58390e+03    4.43967e-02
          LJ-14     Coulomb-14        LJ (SR)  Disper. corr.   Coulomb (SR)
    1.60878e+02    5.03293e+01    1.49158e+05   -3.91363e+03   -9.21382e+05
   Coul. recip.      Potential    Kinetic En.   Total Energy  Conserved En.
    2.34576e+03   -7.69925e+05    1.23666e+05   -6.46259e+05   -7.80893e+05
    Temperature Pres. DC (bar) Pressure (bar)   Constr. rmsd
    2.99308e+02   -1.18711e+02    6.78077e+27    1.95924e-06

           Step           Time
          81300       40.65000

   Energies (kJ/mol)
           Bond          Angle    Proper Dih.  Improper Dih. Per. Imp. Dih.
    5.38935e+01    1.74526e+01    4.76750e-01    3.58390e+03    4.43967e-02
          LJ-14     Coulomb-14        LJ (SR)  Disper. corr.   Coulomb (SR)
    1.60878e+02    5.03293e+01    1.48963e+05   -3.91363e+03   -9.21499e+05
   Coul. recip.      Potential    Kinetic En.   Total Energy  Conserved En.
    2.29973e+03   -7.70283e+05    1.24330e+05   -6.45953e+05   -7.80899e+05
    Temperature Pres. DC (bar) Pressure (bar)   Constr. rmsd
    3.00913e+02   -1.18711e+02    6.78077e+27    1.95924e-06

           Step           Time
          81400       40.70000

   Energies (kJ/mol)
           Bond          Angle    Proper Dih.  Improper Dih. Per. Imp. Dih.
    5.38935e+01    1.74526e+01    4.76750e-01    3.58390e+03    4.43967e-02
          LJ-14     Coulomb-14        LJ (SR)  Disper. corr.   Coulomb (SR)
    1.60878e+02    5.03293e+01    1.49082e+05   -3.91363e+03   -9.22232e+05
   Coul. recip.      Potential    Kinetic En.   Total Energy  Conserved En.
    2.35678e+03   -7.70841e+05    1.23841e+05   -6.47000e+05   -7.80883e+05
    Temperature Pres. DC (bar) Pressure (bar)   Constr. rmsd
    2.99730e+02   -1.18711e+02    6.78077e+27    1.95924e-06

           Step           Time
          81500       40.75000

   Energies (kJ/mol)
           Bond          Angle    Proper Dih.  Improper Dih. Per. Imp. Dih.
    5.38935e+01    1.74526e+01    4.76750e-01    3.58390e+03    4.43967e-02
          LJ-14     Coulomb-14        LJ (SR)  Disper. corr.   Coulomb (SR)
    1.60878e+02    5.03293e+01    1.49298e+05   -3.91363e+03   -9.21538e+05
   Coul. recip.      Potential    Kinetic En.   Total Energy  Conserved En.
    2.41075e+03   -7.69875e+05    1.22839e+05   -6.47036e+05   -7.80881e+05
    Temperature Pres. DC (bar) Pressure (bar)   Constr. rmsd
    2.97305e+02   -1.18711e+02    6.78077e+27    1.95924e-06

           Step           Time
          81600       40.80000

   Energies (kJ/mol)
           Bond          Angle    Proper Dih.  Improper Dih. Per. Imp. Dih.
    5.38935e+01    1.74526e+01    4.76750e-01    3.58390e+03    4.43967e-02
          LJ-14     Coulomb-14        LJ (SR)  Disper. corr.   Coulomb (SR)
    1.60878e+02    5.03293e+01    1.50438e+05   -3.91363e+03   -9.21550e+05
   Coul. recip.      Potential    Kinetic En.   Total Energy  Conserved En.
    2.34777e+03   -7.68811e+05    1.23088e+05   -6.45723e+05   -7.80894e+05
    Temperature Pres. DC (bar) Pressure (bar)   Constr. rmsd
    2.97909e+02   -1.18711e+02    6.78077e+27    1.95924e-06

           Step           Time
          81700       40.85000

   Energies (kJ/mol)
           Bond          Angle    Proper Dih.  Improper Dih. Per. Imp. Dih.
    5.38935e+01    1.74526e+01    4.76750e-01    3.58390e+03    4.43967e-02
          LJ-14     Coulomb-14        LJ (SR)  Disper. corr.   Coulomb (SR)
    1.60878e+02    5.03293e+01    1.49311e+05   -3.91363e+03   -9.21394e+05
   Coul. recip.      Potential    Kinetic En.   Total Energy  Conserved En.
    2.46483e+03   -7.69664e+05    1.24202e+05   -6.45462e+05   -7.80887e+05
    Temperature Pres. DC (bar) Pressure (bar)   Constr. rmsd
    3.00605e+02   -1.18711e+02    6.78077e+27    1.95924e-06

           Step           Time
          81800       40.90000

   Energies (kJ/mol)
           Bond          Angle    Proper Dih.  Improper Dih. Per. Imp. Dih.
    5.38935e+01    1.74526e+01    4.76750e-01    3.58390e+03    4.43967e-02
          LJ-14     Coulomb-14        LJ (SR)  Disper. corr.   Coulomb (SR)
    1.60878e+02    5.03293e+01    1.50638e+05   -3.91363e+03   -9.21902e+05
   Coul. recip.      Potential    Kinetic En.   Total Energy  Conserved En.
    2.48517e+03   -7.68825e+05    1.23726e+05   -6.45099e+05   -7.80886e+05
    Temperature Pres. DC (bar) Pressure (bar)   Constr. rmsd
    2.99453e+02   -1.18711e+02    6.78077e+27    1.95924e-06

           Step           Time
          81900       40.95000

   Energies (kJ/mol)
           Bond          Angle    Proper Dih.  Improper Dih. Per. Imp. Dih.
    5.38935e+01    1.74526e+01    4.76750e-01    3.58390e+03    4.43967e-02
          LJ-14     Coulomb-14        LJ (SR)  Disper. corr.   Coulomb (SR)
    1.60878e+02    5.03293e+01    1.50816e+05   -3.91363e+03   -9.21854e+05
   Coul. recip.      Potential    Kinetic En.   Total Energy  Conserved En.
    2.41467e+03   -7.68669e+05    1.23682e+05   -6.44988e+05   -7.80892e+05
    Temperature Pres. DC (bar) Pressure (bar)   Constr. rmsd
    2.99345e+02   -1.18711e+02    6.78077e+27    1.95924e-06

           Step           Time
          82000       41.00000

   Energies (kJ/mol)
           Bond          Angle    Proper Dih.  Improper Dih. Per. Imp. Dih.
    5.38935e+01    1.74526e+01    4.76750e-01    3.58390e+03    4.43967e-02
          LJ-14     Coulomb-14        LJ (SR)  Disper. corr.   Coulomb (SR)
    1.60878e+02    5.03293e+01    1.50236e+05   -3.91363e+03   -9.21297e+05
   Coul. recip.      Potential    Kinetic En.   Total Energy  Conserved En.
    2.42449e+03   -7.68683e+05    1.24325e+05   -6.44357e+05   -7.80885e+05
    Temperature Pres. DC (bar) Pressure (bar)   Constr. rmsd
    3.00902e+02   -1.18711e+02    6.78077e+27    1.95924e-06

           Step           Time
          82100       41.05000

   Energies (kJ/mol)
           Bond          Angle    Proper Dih.  Improper Dih. Per. Imp. Dih.
    5.38935e+01    1.74526e+01    4.76750e-01    3.58390e+03    4.43967e-02
          LJ-14     Coulomb-14        LJ (SR)  Disper. corr.   Coulomb (SR)
    1.60878e+02    5.03293e+01    1.49854e+05   -3.91363e+03   -9.21187e+05
   Coul. recip.      Potential    Kinetic En.   Total Energy  Conserved En.
    2.41651e+03   -7.68964e+05    1.24655e+05   -6.44309e+05   -7.80891e+05
    Temperature Pres. DC (bar) Pressure (bar)   Constr. rmsd
    3.01699e+02   -1.18711e+02    6.78077e+27    1.95924e-06

           Step           Time
          82200       41.10000

   Energies (kJ/mol)
           Bond          Angle    Proper Dih.  Improper Dih. Per. Imp. Dih.
    5.38935e+01    1.74526e+01    4.76750e-01    3.58390e+03    4.43967e-02
          LJ-14     Coulomb-14        LJ (SR)  Disper. corr.   Coulomb (SR)
    1.60878e+02    5.03293e+01    1.49887e+05   -3.91363e+03   -9.20671e+05
   Coul. recip.      Potential    Kinetic En.   Total Energy  Conserved En.
    2.37379e+03   -7.68457e+05    1.23890e+05   -6.44567e+05   -7.80890e+05
    Temperature Pres. DC (bar) Pressure (bar)   Constr. rmsd
    2.99848e+02   -1.18711e+02    6.78077e+27    1.95924e-06

           Step           Time
          82300       41.15000

   Energies (kJ/mol)
           Bond          Angle    Proper Dih.  Improper Dih. Per. Imp. Dih.
    5.38935e+01    1.74526e+01    4.76750e-01    3.58390e+03    4.43967e-02
          LJ-14     Coulomb-14        LJ (SR)  Disper. corr.   Coulomb (SR)
    1.60878e+02    5.03293e+01    1.49325e+05   -3.91363e+03   -9.20949e+05
   Coul. recip.      Potential    Kinetic En.   Total Energy  Conserved En.
    2.38067e+03   -7.69290e+05    1.24140e+05   -6.45150e+05   -7.80896e+05
    Temperature Pres. DC (bar) Pressure (bar)   Constr. rmsd
    3.00454e+02   -1.18711e+02    6.78077e+27    1.95924e-06

           Step           Time
          82400       41.20000

   Energies (kJ/mol)
           Bond          Angle    Proper Dih.  Improper Dih. Per. Imp. Dih.
    5.38935e+01    1.74526e+01    4.76750e-01    3.58390e+03    4.43967e-02
          LJ-14     Coulomb-14        LJ (SR)  Disper. corr.   Coulomb (SR)
    1.60878e+02    5.03293e+01    1.49463e+05   -3.91363e+03   -9.20802e+05
   Coul. recip.      Potential    Kinetic En.   Total Energy  Conserved En.
    2.39898e+03   -7.68987e+05    1.24270e+05   -6.44717e+05   -7.80893e+05
    Temperature Pres. DC (bar) Pressure (bar)   Constr. rmsd
    3.00768e+02   -1.18711e+02    6.78077e+27    1.95924e-06

           Step           Time
          82500       41.25000

   Energies (kJ/mol)
           Bond          Angle    Proper Dih.  Improper Dih. Per. Imp. Dih.
    5.38935e+01    1.74526e+01    4.76750e-01    3.58390e+03    4.43967e-02
          LJ-14     Coulomb-14        LJ (SR)  Disper. corr.   Coulomb (SR)
    1.60878e+02    5.03293e+01    1.49217e+05   -3.91363e+03   -9.20626e+05
   Coul. recip.      Potential    Kinetic En.   Total Energy  Conserved En.
    2.43563e+03   -7.69020e+05    1.23907e+05   -6.45113e+05   -7.80884e+05
    Temperature Pres. DC (bar) Pressure (bar)   Constr. rmsd
    2.99891e+02   -1.18711e+02    6.78077e+27    1.95924e-06

           Step           Time
          82600       41.30000

   Energies (kJ/mol)
           Bond          Angle    Proper Dih.  Improper Dih. Per. Imp. Dih.
    5.38935e+01    1.74526e+01    4.76750e-01    3.58390e+03    4.43967e-02
          LJ-14     Coulomb-14        LJ (SR)  Disper. corr.   Coulomb (SR)
    1.60878e+02    5.03293e+01    1.51231e+05   -3.91363e+03   -9.21764e+05
   Coul. recip.      Potential    Kinetic En.   Total Energy  Conserved En.
    2.46063e+03   -7.68120e+05    1.22433e+05   -6.45686e+05   -7.80885e+05
    Temperature Pres. DC (bar) Pressure (bar)   Constr. rmsd
    2.96324e+02   -1.18711e+02    6.78077e+27    1.95924e-06

           Step           Time
          82700       41.35000

   Energies (kJ/mol)
           Bond          Angle    Proper Dih.  Improper Dih. Per. Imp. Dih.
    5.38935e+01    1.74526e+01    4.76750e-01    3.58390e+03    4.43967e-02
          LJ-14     Coulomb-14        LJ (SR)  Disper. corr.   Coulomb (SR)
    1.60878e+02    5.03293e+01    1.49187e+05   -3.91363e+03   -9.20751e+05
   Coul. recip.      Potential    Kinetic En.   Total Energy  Conserved En.
    2.38465e+03   -7.69226e+05    1.23395e+05   -6.45831e+05   -7.80891e+05
    Temperature Pres. DC (bar) Pressure (bar)   Constr. rmsd
    2.98651e+02   -1.18711e+02    6.78077e+27    1.95924e-06

           Step           Time
          82800       41.40000

   Energies (kJ/mol)
           Bond          Angle    Proper Dih.  Improper Dih. Per. Imp. Dih.
    5.38935e+01    1.74526e+01    4.76750e-01    3.58390e+03    4.43967e-02
          LJ-14     Coulomb-14        LJ (SR)  Disper. corr.   Coulomb (SR)
    1.60878e+02    5.03293e+01    1.50769e+05   -3.91363e+03   -9.21751e+05
   Coul. recip.      Potential    Kinetic En.   Total Energy  Conserved En.
    2.38709e+03   -7.68641e+05    1.22950e+05   -6.45691e+05   -7.80891e+05
    Temperature Pres. DC (bar) Pressure (bar)   Constr. rmsd
    2.97574e+02   -1.18711e+02    6.78077e+27    1.95924e-06

           Step           Time
          82900       41.45000

   Energies (kJ/mol)
           Bond          Angle    Proper Dih.  Improper Dih. Per. Imp. Dih.
    5.38935e+01    1.74526e+01    4.76750e-01    3.58390e+03    4.43967e-02
          LJ-14     Coulomb-14        LJ (SR)  Disper. corr.   Coulomb (SR)
    1.60878e+02    5.03293e+01    1.49308e+05   -3.91363e+03   -9.20842e+05
   Coul. recip.      Potential    Kinetic En.   Total Energy  Conserved En.
    2.42426e+03   -7.69156e+05    1.23478e+05   -6.45678e+05   -7.80889e+05
    Temperature Pres. DC (bar) Pressure (bar)   Constr. rmsd
    2.98852e+02   -1.18711e+02    6.78077e+27    1.95924e-06

           Step           Time
          83000       41.50000

   Energies (kJ/mol)
           Bond          Angle    Proper Dih.  Improper Dih. Per. Imp. Dih.
    5.38935e+01    1.74526e+01    4.76750e-01    3.58390e+03    4.43967e-02
          LJ-14     Coulomb-14        LJ (SR)  Disper. corr.   Coulomb (SR)
    1.60878e+02    5.03293e+01    1.49771e+05   -3.91363e+03   -9.20725e+05
   Coul. recip.      Potential    Kinetic En.   Total Energy  Conserved En.
    2.39262e+03   -7.68608e+05    1.22733e+05   -6.45875e+05   -7.80891e+05
    Temperature Pres. DC (bar) Pressure (bar)   Constr. rmsd
    2.97048e+02   -1.18711e+02    6.78077e+27    1.95924e-06

           Step           Time
          83100       41.55000

   Energies (kJ/mol)
           Bond          Angle    Proper Dih.  Improper Dih. Per. Imp. Dih.
    5.38935e+01    1.74526e+01    4.76750e-01    3.58390e+03    4.43967e-02
          LJ-14     Coulomb-14        LJ (SR)  Disper. corr.   Coulomb (SR)
    1.60878e+02    5.03293e+01    1.50564e+05   -3.91363e+03   -9.21761e+05
   Coul. recip.      Potential    Kinetic En.   Total Energy  Conserved En.
    2.39452e+03   -7.68850e+05    1.23623e+05   -6.45227e+05   -7.80894e+05
    Temperature Pres. DC (bar) Pressure (bar)   Constr. rmsd
    2.99202e+02   -1.18711e+02    6.78077e+27    1.95924e-06

           Step           Time
          83200       41.60000

   Energies (kJ/mol)
           Bond          Angle    Proper Dih.  Improper Dih. Per. Imp. Dih.
    5.38935e+01    1.74526e+01    4.76750e-01    3.58390e+03    4.43967e-02
          LJ-14     Coulomb-14        LJ (SR)  Disper. corr.   Coulomb (SR)
    1.60878e+02    5.03293e+01    1.48817e+05   -3.91363e+03   -9.20606e+05
   Coul. recip.      Potential    Kinetic En.   Total Energy  Conserved En.
    2.43062e+03   -7.69405e+05    1.23991e+05   -6.45414e+05   -7.80903e+05
    Temperature Pres. DC (bar) Pressure (bar)   Constr. rmsd
    3.00093e+02   -1.18711e+02    6.78077e+27    1.95924e-06

           Step           Time
          83300       41.65000

   Energies (kJ/mol)
           Bond          Angle    Proper Dih.  Improper Dih. Per. Imp. Dih.
    5.38935e+01    1.74526e+01    4.76750e-01    3.58390e+03    4.43967e-02
          LJ-14     Coulomb-14        LJ (SR)  Disper. corr.   Coulomb (SR)
    1.60878e+02    5.03293e+01    1.49551e+05   -3.91363e+03   -9.21535e+05
   Coul. recip.      Potential    Kinetic En.   Total Energy  Conserved En.
    2.40104e+03   -7.69630e+05    1.23545e+05   -6.46085e+05   -7.80901e+05
    Temperature Pres. DC (bar) Pressure (bar)   Constr. rmsd
    2.99013e+02   -1.18711e+02    6.78077e+27    1.95924e-06

           Step           Time
          83400       41.70000

   Energies (kJ/mol)
           Bond          Angle    Proper Dih.  Improper Dih. Per. Imp. Dih.
    5.38935e+01    1.74526e+01    4.76750e-01    3.58390e+03    4.43967e-02
          LJ-14     Coulomb-14        LJ (SR)  Disper. corr.   Coulomb (SR)
    1.60878e+02    5.03293e+01    1.50852e+05   -3.91363e+03   -9.23519e+05
   Coul. recip.      Potential    Kinetic En.   Total Energy  Conserved En.
    2.29901e+03   -7.70415e+05    1.24032e+05   -6.46383e+05   -7.80899e+05
    Temperature Pres. DC (bar) Pressure (bar)   Constr. rmsd
    3.00192e+02   -1.18711e+02    6.78077e+27    1.95924e-06

           Step           Time
          83500       41.75000

   Energies (kJ/mol)
           Bond          Angle    Proper Dih.  Improper Dih. Per. Imp. Dih.
    5.38935e+01    1.74526e+01    4.76750e-01    3.58390e+03    4.43967e-02
          LJ-14     Coulomb-14        LJ (SR)  Disper. corr.   Coulomb (SR)
    1.60878e+02    5.03293e+01    1.50245e+05   -3.91363e+03   -9.23123e+05
   Coul. recip.      Potential    Kinetic En.   Total Energy  Conserved En.
    2.34372e+03   -7.70581e+05    1.23661e+05   -6.46920e+05   -7.80898e+05
    Temperature Pres. DC (bar) Pressure (bar)   Constr. rmsd
    2.99295e+02   -1.18711e+02    6.78077e+27    1.95924e-06

           Step           Time
          83600       41.80000

   Energies (kJ/mol)
           Bond          Angle    Proper Dih.  Improper Dih. Per. Imp. Dih.
    5.38935e+01    1.74526e+01    4.76750e-01    3.58390e+03    4.43967e-02
          LJ-14     Coulomb-14        LJ (SR)  Disper. corr.   Coulomb (SR)
    1.60878e+02    5.03293e+01    1.49947e+05   -3.91363e+03   -9.22556e+05
   Coul. recip.      Potential    Kinetic En.   Total Energy  Conserved En.
    2.32674e+03   -7.70329e+05    1.22854e+05   -6.47475e+05   -7.80897e+05
    Temperature Pres. DC (bar) Pressure (bar)   Constr. rmsd
    2.97342e+02   -1.18711e+02    6.78077e+27    1.95924e-06

           Step           Time
          83700       41.85000

   Energies (kJ/mol)
           Bond          Angle    Proper Dih.  Improper Dih. Per. Imp. Dih.
    5.38935e+01    1.74526e+01    4.76750e-01    3.58390e+03    4.43967e-02
          LJ-14     Coulomb-14        LJ (SR)  Disper. corr.   Coulomb (SR)
    1.60878e+02    5.03293e+01    1.49985e+05   -3.91363e+03   -9.22510e+05
   Coul. recip.      Potential    Kinetic En.   Total Energy  Conserved En.
    2.31597e+03   -7.70256e+05    1.22759e+05   -6.47497e+05   -7.80907e+05
    Temperature Pres. DC (bar) Pressure (bar)   Constr. rmsd
    2.97112e+02   -1.18711e+02    6.78077e+27    1.95924e-06

           Step           Time
          83800       41.90000

   Energies (kJ/mol)
           Bond          Angle    Proper Dih.  Improper Dih. Per. Imp. Dih.
    5.38935e+01    1.74526e+01    4.76750e-01    3.58390e+03    4.43967e-02
          LJ-14     Coulomb-14        LJ (SR)  Disper. corr.   Coulomb (SR)
    1.60878e+02    5.03293e+01    1.49978e+05   -3.91363e+03   -9.22760e+05
   Coul. recip.      Potential    Kinetic En.   Total Energy  Conserved En.
    2.44602e+03   -7.70383e+05    1.23573e+05   -6.46810e+05   -7.80902e+05
    Temperature Pres. DC (bar) Pressure (bar)   Constr. rmsd
    2.99082e+02   -1.18711e+02    6.78077e+27    1.95924e-06

           Step           Time
          83900       41.95000

   Energies (kJ/mol)
           Bond          Angle    Proper Dih.  Improper Dih. Per. Imp. Dih.
    5.38935e+01    1.74526e+01    4.76750e-01    3.58390e+03    4.43967e-02
          LJ-14     Coulomb-14        LJ (SR)  Disper. corr.   Coulomb (SR)
    1.60878e+02    5.03293e+01    1.50945e+05   -3.91363e+03   -9.23145e+05
   Coul. recip.      Potential    Kinetic En.   Total Energy  Conserved En.
    2.39135e+03   -7.69855e+05    1.23994e+05   -6.45861e+05   -7.80904e+05
    Temperature Pres. DC (bar) Pressure (bar)   Constr. rmsd
    3.00101e+02   -1.18711e+02    6.78077e+27    1.95924e-06

           Step           Time
          84000       42.00000

   Energies (kJ/mol)
           Bond          Angle    Proper Dih.  Improper Dih. Per. Imp. Dih.
    5.38935e+01    1.74526e+01    4.76750e-01    3.58390e+03    4.43967e-02
          LJ-14     Coulomb-14        LJ (SR)  Disper. corr.   Coulomb (SR)
    1.60878e+02    5.03293e+01    1.49089e+05   -3.91363e+03   -9.20616e+05
   Coul. recip.      Potential    Kinetic En.   Total Energy  Conserved En.
    2.44233e+03   -7.69132e+05    1.24162e+05   -6.44970e+05   -7.80900e+05
    Temperature Pres. DC (bar) Pressure (bar)   Constr. rmsd
    3.00508e+02   -1.18711e+02    6.78077e+27    1.95924e-06

           Step           Time
          84100       42.05000

   Energies (kJ/mol)
           Bond          Angle    Proper Dih.  Improper Dih. Per. Imp. Dih.
    5.38935e+01    1.74526e+01    4.76750e-01    3.58390e+03    4.43967e-02
          LJ-14     Coulomb-14        LJ (SR)  Disper. corr.   Coulomb (SR)
    1.60878e+02    5.03293e+01    1.48423e+05   -3.91363e+03   -9.20202e+05
   Coul. recip.      Potential    Kinetic En.   Total Energy  Conserved En.
    2.42448e+03   -7.69402e+05    1.24218e+05   -6.45183e+05   -7.80909e+05
    Temperature Pres. DC (bar) Pressure (bar)   Constr. rmsd
    3.00644e+02   -1.18711e+02    6.78077e+27    1.95924e-06

           Step           Time
          84200       42.10000

   Energies (kJ/mol)
           Bond          Angle    Proper Dih.  Improper Dih. Per. Imp. Dih.
    5.38935e+01    1.74526e+01    4.76750e-01    3.58390e+03    4.43967e-02
          LJ-14     Coulomb-14        LJ (SR)  Disper. corr.   Coulomb (SR)
    1.60878e+02    5.03293e+01    1.49326e+05   -3.91363e+03   -9.19925e+05
   Coul. recip.      Potential    Kinetic En.   Total Energy  Conserved En.
    2.37813e+03   -7.68267e+05    1.23201e+05   -6.45066e+05   -7.80902e+05
    Temperature Pres. DC (bar) Pressure (bar)   Constr. rmsd
    2.98181e+02   -1.18711e+02    6.78077e+27    1.95924e-06

           Step           Time
          84300       42.15000

   Energies (kJ/mol)
           Bond          Angle    Proper Dih.  Improper Dih. Per. Imp. Dih.
    5.38935e+01    1.74526e+01    4.76750e-01    3.58390e+03    4.43967e-02
          LJ-14     Coulomb-14        LJ (SR)  Disper. corr.   Coulomb (SR)
    1.60878e+02    5.03293e+01    1.49890e+05   -3.91363e+03   -9.20669e+05
   Coul. recip.      Potential    Kinetic En.   Total Energy  Conserved En.
    2.35468e+03   -7.68471e+05    1.23976e+05   -6.44495e+05   -7.80902e+05
    Temperature Pres. DC (bar) Pressure (bar)   Constr. rmsd
    3.00056e+02   -1.18711e+02    6.78077e+27    1.95924e-06

           Step           Time
          84400       42.20000

   Energies (kJ/mol)
           Bond          Angle    Proper Dih.  Improper Dih. Per. Imp. Dih.
    5.38935e+01    1.74526e+01    4.76750e-01    3.58390e+03    4.43967e-02
          LJ-14     Coulomb-14        LJ (SR)  Disper. corr.   Coulomb (SR)
    1.60878e+02    5.03293e+01    1.48574e+05   -3.91363e+03   -9.18741e+05
   Coul. recip.      Potential    Kinetic En.   Total Energy  Conserved En.
    2.34425e+03   -7.67870e+05    1.24128e+05   -6.43742e+05   -7.80904e+05
    Temperature Pres. DC (bar) Pressure (bar)   Constr. rmsd
    3.00425e+02   -1.18711e+02    6.78077e+27    1.95924e-06

           Step           Time
          84500       42.25000

   Energies (kJ/mol)
           Bond          Angle    Proper Dih.  Improper Dih. Per. Imp. Dih.
    5.38935e+01    1.74526e+01    4.76750e-01    3.58390e+03    4.43967e-02
          LJ-14     Coulomb-14        LJ (SR)  Disper. corr.   Coulomb (SR)
    1.60878e+02    5.03293e+01    1.48763e+05   -3.91363e+03   -9.19488e+05
   Coul. recip.      Potential    Kinetic En.   Total Energy  Conserved En.
    2.39234e+03   -7.68379e+05    1.24534e+05   -6.43845e+05   -7.80911e+05
    Temperature Pres. DC (bar) Pressure (bar)   Constr. rmsd
    3.01408e+02   -1.18711e+02    6.78077e+27    1.95924e-06

           Step           Time
          84600       42.30000

   Energies (kJ/mol)
           Bond          Angle    Proper Dih.  Improper Dih. Per. Imp. Dih.
    5.38935e+01    1.74526e+01    4.76750e-01    3.58390e+03    4.43967e-02
          LJ-14     Coulomb-14        LJ (SR)  Disper. corr.   Coulomb (SR)
    1.60878e+02    5.03293e+01    1.48105e+05   -3.91363e+03   -9.18183e+05
   Coul. recip.      Potential    Kinetic En.   Total Energy  Conserved En.
    2.33252e+03   -7.67792e+05    1.24300e+05   -6.43492e+05   -7.80904e+05
    Temperature Pres. DC (bar) Pressure (bar)   Constr. rmsd
    3.00840e+02   -1.18711e+02    6.78077e+27    1.95924e-06

           Step           Time
          84700       42.35000

   Energies (kJ/mol)
           Bond          Angle    Proper Dih.  Improper Dih. Per. Imp. Dih.
    5.38935e+01    1.74526e+01    4.76750e-01    3.58390e+03    4.43967e-02
          LJ-14     Coulomb-14        LJ (SR)  Disper. corr.   Coulomb (SR)
    1.60878e+02    5.03293e+01    1.47671e+05   -3.91363e+03   -9.18127e+05
   Coul. recip.      Potential    Kinetic En.   Total Energy  Conserved En.
    2.39099e+03   -7.68112e+05    1.24177e+05   -6.43935e+05   -7.80914e+05
    Temperature Pres. DC (bar) Pressure (bar)   Constr. rmsd
    3.00543e+02   -1.18711e+02    6.78077e+27    1.95924e-06

           Step           Time
          84800       42.40000

   Energies (kJ/mol)
           Bond          Angle    Proper Dih.  Improper Dih. Per. Imp. Dih.
    5.38935e+01    1.74526e+01    4.76750e-01    3.58390e+03    4.43967e-02
          LJ-14     Coulomb-14        LJ (SR)  Disper. corr.   Coulomb (SR)
    1.60878e+02    5.03293e+01    1.49103e+05   -3.91363e+03   -9.18872e+05
   Coul. recip.      Potential    Kinetic En.   Total Energy  Conserved En.
    2.37182e+03   -7.67444e+05    1.23668e+05   -6.43776e+05   -7.80906e+05
    Temperature Pres. DC (bar) Pressure (bar)   Constr. rmsd
    2.99312e+02   -1.18711e+02    6.78077e+27    1.95924e-06

           Step           Time
          84900       42.45000

   Energies (kJ/mol)
           Bond          Angle    Proper Dih.  Improper Dih. Per. Imp. Dih.
    5.38935e+01    1.74526e+01    4.76750e-01    3.58390e+03    4.43967e-02
          LJ-14     Coulomb-14        LJ (SR)  Disper. corr.   Coulomb (SR)
    1.60878e+02    5.03293e+01    1.48709e+05   -3.91363e+03   -9.18721e+05
   Coul. recip.      Potential    Kinetic En.   Total Energy  Conserved En.
    2.32977e+03   -7.67729e+05    1.24042e+05   -6.43687e+05   -7.80904e+05
    Temperature Pres. DC (bar) Pressure (bar)   Constr. rmsd
    3.00217e+02   -1.18711e+02    6.78077e+27    1.95924e-06

           Step           Time
          85000       42.50000

   Energies (kJ/mol)
           Bond          Angle    Proper Dih.  Improper Dih. Per. Imp. Dih.
    5.38935e+01    1.74526e+01    4.76750e-01    3.58390e+03    4.43967e-02
          LJ-14     Coulomb-14        LJ (SR)  Disper. corr.   Coulomb (SR)
    1.60878e+02    5.03293e+01    1.47268e+05   -3.91363e+03   -9.17607e+05
   Coul. recip.      Potential    Kinetic En.   Total Energy  Conserved En.
    2.36635e+03   -7.68019e+05    1.23764e+05   -6.44256e+05   -7.80908e+05
    Temperature Pres. DC (bar) Pressure (bar)   Constr. rmsd
    2.99543e+02   -1.18711e+02    6.78077e+27    1.95924e-06

           Step           Time
          85100       42.55000

   Energies (kJ/mol)
           Bond          Angle    Proper Dih.  Improper Dih. Per. Imp. Dih.
    5.38935e+01    1.74526e+01    4.76750e-01    3.58390e+03    4.43967e-02
          LJ-14     Coulomb-14        LJ (SR)  Disper. corr.   Coulomb (SR)
    1.60878e+02    5.03293e+01    1.48143e+05   -3.91363e+03   -9.18204e+05
   Coul. recip.      Potential    Kinetic En.   Total Energy  Conserved En.
    2.32840e+03   -7.67779e+05    1.23177e+05   -6.44602e+05   -7.80916e+05
    Temperature Pres. DC (bar) Pressure (bar)   Constr. rmsd
    2.98122e+02   -1.18711e+02    6.78077e+27    1.95924e-06

           Step           Time
          85200       42.60000

   Energies (kJ/mol)
           Bond          Angle    Proper Dih.  Improper Dih. Per. Imp. Dih.
    5.38935e+01    1.74526e+01    4.76750e-01    3.58390e+03    4.43967e-02
          LJ-14     Coulomb-14        LJ (SR)  Disper. corr.   Coulomb (SR)
    1.60878e+02    5.03293e+01    1.49612e+05   -3.91363e+03   -9.20503e+05
   Coul. recip.      Potential    Kinetic En.   Total Energy  Conserved En.
    2.35503e+03   -7.68583e+05    1.23736e+05   -6.44847e+05   -7.80902e+05
    Temperature Pres. DC (bar) Pressure (bar)   Constr. rmsd
    2.99477e+02   -1.18711e+02    6.78077e+27    1.95924e-06

           Step           Time
          85300       42.65000

   Energies (kJ/mol)
           Bond          Angle    Proper Dih.  Improper Dih. Per. Imp. Dih.
    5.38935e+01    1.74526e+01    4.76750e-01    3.58390e+03    4.43967e-02
          LJ-14     Coulomb-14        LJ (SR)  Disper. corr.   Coulomb (SR)
    1.60878e+02    5.03293e+01    1.49182e+05   -3.91363e+03   -9.20384e+05
   Coul. recip.      Potential    Kinetic En.   Total Energy  Conserved En.
    2.37801e+03   -7.68870e+05    1.24465e+05   -6.44405e+05   -7.80911e+05
    Temperature Pres. DC (bar) Pressure (bar)   Constr. rmsd
    3.01242e+02   -1.18711e+02    6.78077e+27    1.95924e-06

           Step           Time
          85400       42.70000

   Energies (kJ/mol)
           Bond          Angle    Proper Dih.  Improper Dih. Per. Imp. Dih.
    5.38935e+01    1.74526e+01    4.76750e-01    3.58390e+03    4.43967e-02
          LJ-14     Coulomb-14        LJ (SR)  Disper. corr.   Coulomb (SR)
    1.60878e+02    5.03293e+01    1.48940e+05   -3.91363e+03   -9.21089e+05
   Coul. recip.      Potential    Kinetic En.   Total Energy  Conserved En.
    2.31287e+03   -7.69883e+05    1.24762e+05   -6.45121e+05   -7.80909e+05
    Temperature Pres. DC (bar) Pressure (bar)   Constr. rmsd
    3.01959e+02   -1.18711e+02    6.78077e+27    1.95924e-06

           Step           Time
          85500       42.75000

   Energies (kJ/mol)
           Bond          Angle    Proper Dih.  Improper Dih. Per. Imp. Dih.
    5.38935e+01    1.74526e+01    4.76750e-01    3.58390e+03    4.43967e-02
          LJ-14     Coulomb-14        LJ (SR)  Disper. corr.   Coulomb (SR)
    1.60878e+02    5.03293e+01    1.49786e+05   -3.91363e+03   -9.21012e+05
   Coul. recip.      Potential    Kinetic En.   Total Energy  Conserved En.
    2.37305e+03   -7.68899e+05    1.23994e+05   -6.44905e+05   -7.80913e+05
    Temperature Pres. DC (bar) Pressure (bar)   Constr. rmsd
    3.00101e+02   -1.18711e+02    6.78077e+27    1.95924e-06

           Step           Time
          85600       42.80000

   Energies (kJ/mol)
           Bond          Angle    Proper Dih.  Improper Dih. Per. Imp. Dih.
    5.38935e+01    1.74526e+01    4.76750e-01    3.58390e+03    4.43967e-02
          LJ-14     Coulomb-14        LJ (SR)  Disper. corr.   Coulomb (SR)
    1.60878e+02    5.03293e+01    1.49721e+05   -3.91363e+03   -9.20479e+05
   Coul. recip.      Potential    Kinetic En.   Total Energy  Conserved En.
    2.43332e+03   -7.68372e+05    1.23122e+05   -6.45250e+05   -7.80916e+05
    Temperature Pres. DC (bar) Pressure (bar)   Constr. rmsd
    2.97991e+02   -1.18711e+02    6.78077e+27    1.95924e-06

           Step           Time
          85700       42.85000

   Energies (kJ/mol)
           Bond          Angle    Proper Dih.  Improper Dih. Per. Imp. Dih.
    5.38935e+01    1.74526e+01    4.76750e-01    3.58390e+03    4.43967e-02
          LJ-14     Coulomb-14        LJ (SR)  Disper. corr.   Coulomb (SR)
    1.60878e+02    5.03293e+01    1.48539e+05   -3.91363e+03   -9.19378e+05
   Coul. recip.      Potential    Kinetic En.   Total Energy  Conserved En.
    2.41526e+03   -7.68470e+05    1.24035e+05   -6.44435e+05   -7.80912e+05
    Temperature Pres. DC (bar) Pressure (bar)   Constr. rmsd
    3.00200e+02   -1.18711e+02    6.78077e+27    1.95924e-06

           Step           Time
          85800       42.90000

   Energies (kJ/mol)
           Bond          Angle    Proper Dih.  Improper Dih. Per. Imp. Dih.
    5.38935e+01    1.74526e+01    4.76750e-01    3.58390e+03    4.43967e-02
          LJ-14     Coulomb-14        LJ (SR)  Disper. corr.   Coulomb (SR)
    1.60878e+02    5.03293e+01    1.49523e+05   -3.91363e+03   -9.19775e+05
   Coul. recip.      Potential    Kinetic En.   Total Energy  Conserved En.
    2.32428e+03   -7.67974e+05    1.24378e+05   -6.43597e+05   -7.80914e+05
    Temperature Pres. DC (bar) Pressure (bar)   Constr. rmsd
    3.01029e+02   -1.18711e+02    6.78077e+27    1.95924e-06

           Step           Time
          85900       42.95000

   Energies (kJ/mol)
           Bond          Angle    Proper Dih.  Improper Dih. Per. Imp. Dih.
    5.38935e+01    1.74526e+01    4.76750e-01    3.58390e+03    4.43967e-02
          LJ-14     Coulomb-14        LJ (SR)  Disper. corr.   Coulomb (SR)
    1.60878e+02    5.03293e+01    1.48699e+05   -3.91363e+03   -9.18422e+05
   Coul. recip.      Potential    Kinetic En.   Total Energy  Conserved En.
    2.41956e+03   -7.67350e+05    1.24011e+05   -6.43339e+05   -7.80912e+05
    Temperature Pres. DC (bar) Pressure (bar)   Constr. rmsd
    3.00142e+02   -1.18711e+02    6.78077e+27    1.95924e-06

           Step           Time
          86000       43.00000

   Energies (kJ/mol)
           Bond          Angle    Proper Dih.  Improper Dih. Per. Imp. Dih.
    5.38935e+01    1.74526e+01    4.76750e-01    3.58390e+03    4.43967e-02
          LJ-14     Coulomb-14        LJ (SR)  Disper. corr.   Coulomb (SR)
    1.60878e+02    5.03293e+01    1.49634e+05   -3.91363e+03   -9.19314e+05
   Coul. recip.      Potential    Kinetic En.   Total Energy  Conserved En.
    2.42953e+03   -7.67297e+05    1.24187e+05   -6.43110e+05   -7.80915e+05
    Temperature Pres. DC (bar) Pressure (bar)   Constr. rmsd
    3.00568e+02   -1.18711e+02    6.78077e+27    1.95924e-06

           Step           Time
          86100       43.05000

   Energies (kJ/mol)
           Bond          Angle    Proper Dih.  Improper Dih. Per. Imp. Dih.
    5.38935e+01    1.74526e+01    4.76750e-01    3.58390e+03    4.43967e-02
          LJ-14     Coulomb-14        LJ (SR)  Disper. corr.   Coulomb (SR)
    1.60878e+02    5.03293e+01    1.50131e+05   -3.91363e+03   -9.20240e+05
   Coul. recip.      Potential    Kinetic En.   Total Energy  Conserved En.
    2.46909e+03   -7.67686e+05    1.24923e+05   -6.42764e+05   -7.80922e+05
    Temperature Pres. DC (bar) Pressure (bar)   Constr. rmsd
    3.02349e+02   -1.18711e+02    6.78077e+27    1.95924e-06

           Step           Time
          86200       43.10000

   Energies (kJ/mol)
           Bond          Angle    Proper Dih.  Improper Dih. Per. Imp. Dih.
    5.38935e+01    1.74526e+01    4.76750e-01    3.58390e+03    4.43967e-02
          LJ-14     Coulomb-14        LJ (SR)  Disper. corr.   Coulomb (SR)
    1.60878e+02    5.03293e+01    1.49731e+05   -3.91363e+03   -9.19359e+05
   Coul. recip.      Potential    Kinetic En.   Total Energy  Conserved En.
    2.39185e+03   -7.67283e+05    1.24227e+05   -6.43055e+05   -7.80911e+05
    Temperature Pres. DC (bar) Pressure (bar)   Constr. rmsd
    3.00666e+02   -1.18711e+02    6.78077e+27    1.95924e-06

           Step           Time
          86300       43.15000

   Energies (kJ/mol)
           Bond          Angle    Proper Dih.  Improper Dih. Per. Imp. Dih.
    5.38935e+01    1.74526e+01    4.76750e-01    3.58390e+03    4.43967e-02
          LJ-14     Coulomb-14        LJ (SR)  Disper. corr.   Coulomb (SR)
    1.60878e+02    5.03293e+01    1.48398e+05   -3.91363e+03   -9.18108e+05
   Coul. recip.      Potential    Kinetic En.   Total Energy  Conserved En.
    2.41322e+03   -7.67343e+05    1.24975e+05   -6.42368e+05   -7.80912e+05
    Temperature Pres. DC (bar) Pressure (bar)   Constr. rmsd
    3.02475e+02   -1.18711e+02    6.78077e+27    1.95924e-06

           Step           Time
          86400       43.20000

   Energies (kJ/mol)
           Bond          Angle    Proper Dih.  Improper Dih. Per. Imp. Dih.
    5.38935e+01    1.74526e+01    4.76750e-01    3.58390e+03    4.43967e-02
          LJ-14     Coulomb-14        LJ (SR)  Disper. corr.   Coulomb (SR)
    1.60878e+02    5.03293e+01    1.48168e+05   -3.91363e+03   -9.17272e+05
   Coul. recip.      Potential    Kinetic En.   Total Energy  Conserved En.
    2.41669e+03   -7.66734e+05    1.24479e+05   -6.42255e+05   -7.80920e+05
    Temperature Pres. DC (bar) Pressure (bar)   Constr. rmsd
    3.01275e+02   -1.18711e+02    6.78077e+27    1.95924e-06

           Step           Time
          86500       43.25000

   Energies (kJ/mol)
           Bond          Angle    Proper Dih.  Improper Dih. Per. Imp. Dih.
    5.38935e+01    1.74526e+01    4.76750e-01    3.58390e+03    4.43967e-02
          LJ-14     Coulomb-14        LJ (SR)  Disper. corr.   Coulomb (SR)
    1.60878e+02    5.03293e+01    1.47477e+05   -3.91363e+03   -9.16940e+05
   Coul. recip.      Potential    Kinetic En.   Total Energy  Conserved En.
    2.43068e+03   -7.67079e+05    1.24667e+05   -6.42412e+05   -7.80913e+05
    Temperature Pres. DC (bar) Pressure (bar)   Constr. rmsd
    3.01730e+02   -1.18711e+02    6.78077e+27    1.95924e-06

           Step           Time
          86600       43.30000

   Energies (kJ/mol)
           Bond          Angle    Proper Dih.  Improper Dih. Per. Imp. Dih.
    5.38935e+01    1.74526e+01    4.76750e-01    3.58390e+03    4.43967e-02
          LJ-14     Coulomb-14        LJ (SR)  Disper. corr.   Coulomb (SR)
    1.60878e+02    5.03293e+01    1.48328e+05   -3.91363e+03   -9.17976e+05
   Coul. recip.      Potential    Kinetic En.   Total Energy  Conserved En.
    2.32235e+03   -7.67373e+05    1.24995e+05   -6.42377e+05   -7.80915e+05
    Temperature Pres. DC (bar) Pressure (bar)   Constr. rmsd
    3.02524e+02   -1.18711e+02    6.78077e+27    1.95924e-06

           Step           Time
          86700       43.35000

   Energies (kJ/mol)
           Bond          Angle    Proper Dih.  Improper Dih. Per. Imp. Dih.
    5.38935e+01    1.74526e+01    4.76750e-01    3.58390e+03    4.43967e-02
          LJ-14     Coulomb-14        LJ (SR)  Disper. corr.   Coulomb (SR)
    1.60878e+02    5.03293e+01    1.48424e+05   -3.91363e+03   -9.18129e+05
   Coul. recip.      Potential    Kinetic En.   Total Energy  Conserved En.
    2.36279e+03   -7.67389e+05    1.24951e+05   -6.42438e+05   -7.80916e+05
    Temperature Pres. DC (bar) Pressure (bar)   Constr. rmsd
    3.02417e+02   -1.18711e+02    6.78077e+27    1.95924e-06

           Step           Time
          86800       43.40000

   Energies (kJ/mol)
           Bond          Angle    Proper Dih.  Improper Dih. Per. Imp. Dih.
    5.38935e+01    1.74526e+01    4.76750e-01    3.58390e+03    4.43967e-02
          LJ-14     Coulomb-14        LJ (SR)  Disper. corr.   Coulomb (SR)
    1.60878e+02    5.03293e+01    1.47735e+05   -3.91363e+03   -9.18364e+05
   Coul. recip.      Potential    Kinetic En.   Total Energy  Conserved En.
    2.42968e+03   -7.68246e+05    1.24464e+05   -6.43781e+05   -7.80922e+05
    Temperature Pres. DC (bar) Pressure (bar)   Constr. rmsd
    3.01239e+02   -1.18711e+02    6.78077e+27    1.95924e-06

           Step           Time
          86900       43.45000

Writing checkpoint, step 86900 at Wed Jul  8 14:50:27 2026


   Energies (kJ/mol)
           Bond          Angle    Proper Dih.  Improper Dih. Per. Imp. Dih.
    5.38935e+01    1.74526e+01    4.76750e-01    3.58390e+03    4.43967e-02
          LJ-14     Coulomb-14        LJ (SR)  Disper. corr.   Coulomb (SR)
    1.60878e+02    5.03293e+01    1.47842e+05   -3.91363e+03   -9.18393e+05
   Coul. recip.      Potential    Kinetic En.   Total Energy  Conserved En.
    2.34650e+03   -7.68251e+05    1.23781e+05   -6.44470e+05   -7.80920e+05
    Temperature Pres. DC (bar) Pressure (bar)   Constr. rmsd
    2.99586e+02   -1.18711e+02    6.78077e+27    1.95924e-06

           Step           Time
          87000       43.50000

   Energies (kJ/mol)
           Bond          Angle    Proper Dih.  Improper Dih. Per. Imp. Dih.
    5.38935e+01    1.74526e+01    4.76750e-01    3.58390e+03    4.43967e-02
          LJ-14     Coulomb-14        LJ (SR)  Disper. corr.   Coulomb (SR)
    1.60878e+02    5.03293e+01    1.48207e+05   -3.91363e+03   -9.17853e+05
   Coul. recip.      Potential    Kinetic En.   Total Energy  Conserved En.
    2.39364e+03   -7.67300e+05    1.23886e+05   -6.43414e+05   -7.80913e+05
    Temperature Pres. DC (bar) Pressure (bar)   Constr. rmsd
    2.99838e+02   -1.18711e+02    6.78077e+27    1.95924e-06

           Step           Time
          87100       43.55000

   Energies (kJ/mol)
           Bond          Angle    Proper Dih.  Improper Dih. Per. Imp. Dih.
    5.38935e+01    1.74526e+01    4.76750e-01    3.58390e+03    4.43967e-02
          LJ-14     Coulomb-14        LJ (SR)  Disper. corr.   Coulomb (SR)
    1.60878e+02    5.03293e+01    1.48335e+05   -3.91363e+03   -9.17819e+05
   Coul. recip.      Potential    Kinetic En.   Total Energy  Conserved En.
    2.39636e+03   -7.67134e+05    1.23909e+05   -6.43225e+05   -7.80921e+05
    Temperature Pres. DC (bar) Pressure (bar)   Constr. rmsd
    2.99895e+02   -1.18711e+02    6.78077e+27    1.95924e-06

           Step           Time
          87200       43.60000

   Energies (kJ/mol)
           Bond          Angle    Proper Dih.  Improper Dih. Per. Imp. Dih.
    5.38935e+01    1.74526e+01    4.76750e-01    3.58390e+03    4.43967e-02
          LJ-14     Coulomb-14        LJ (SR)  Disper. corr.   Coulomb (SR)
    1.60878e+02    5.03293e+01    1.50106e+05   -3.91363e+03   -9.19612e+05
   Coul. recip.      Potential    Kinetic En.   Total Energy  Conserved En.
    2.32948e+03   -7.67224e+05    1.23353e+05   -6.43871e+05   -7.80917e+05
    Temperature Pres. DC (bar) Pressure (bar)   Constr. rmsd
    2.98549e+02   -1.18711e+02    6.78077e+27    1.95924e-06

           Step           Time
          87300       43.65000

   Energies (kJ/mol)
           Bond          Angle    Proper Dih.  Improper Dih. Per. Imp. Dih.
    5.38935e+01    1.74526e+01    4.76750e-01    3.58390e+03    4.43967e-02
          LJ-14     Coulomb-14        LJ (SR)  Disper. corr.   Coulomb (SR)
    1.60878e+02    5.03293e+01    1.49226e+05   -3.91363e+03   -9.19254e+05
   Coul. recip.      Potential    Kinetic En.   Total Energy  Conserved En.
    2.41614e+03   -7.67659e+05    1.23993e+05   -6.43665e+05   -7.80919e+05
    Temperature Pres. DC (bar) Pressure (bar)   Constr. rmsd
    3.00099e+02   -1.18711e+02    6.78077e+27    1.95924e-06

           Step           Time
          87400       43.70000

   Energies (kJ/mol)
           Bond          Angle    Proper Dih.  Improper Dih. Per. Imp. Dih.
    5.38935e+01    1.74526e+01    4.76750e-01    3.58390e+03    4.43967e-02
          LJ-14     Coulomb-14        LJ (SR)  Disper. corr.   Coulomb (SR)
    1.60878e+02    5.03293e+01    1.49121e+05   -3.91363e+03   -9.19472e+05
   Coul. recip.      Potential    Kinetic En.   Total Energy  Conserved En.
    2.31642e+03   -7.68081e+05    1.23554e+05   -6.44527e+05   -7.80922e+05
    Temperature Pres. DC (bar) Pressure (bar)   Constr. rmsd
    2.99036e+02   -1.18711e+02    6.78077e+27    1.95924e-06

           Step           Time
          87500       43.75000

   Energies (kJ/mol)
           Bond          Angle    Proper Dih.  Improper Dih. Per. Imp. Dih.
    5.38935e+01    1.74526e+01    4.76750e-01    3.58390e+03    4.43967e-02
          LJ-14     Coulomb-14        LJ (SR)  Disper. corr.   Coulomb (SR)
    1.60878e+02    5.03293e+01    1.48556e+05   -3.91363e+03   -9.19564e+05
   Coul. recip.      Potential    Kinetic En.   Total Energy  Conserved En.
    2.32658e+03   -7.68728e+05    1.23358e+05   -6.45369e+05   -7.80923e+05
    Temperature Pres. DC (bar) Pressure (bar)   Constr. rmsd
    2.98562e+02   -1.18711e+02    6.78077e+27    1.95924e-06

           Step           Time
          87600       43.80000

   Energies (kJ/mol)
           Bond          Angle    Proper Dih.  Improper Dih. Per. Imp. Dih.
    5.38935e+01    1.74526e+01    4.76750e-01    3.58390e+03    4.43967e-02
          LJ-14     Coulomb-14        LJ (SR)  Disper. corr.   Coulomb (SR)
    1.60878e+02    5.03293e+01    1.48273e+05   -3.91363e+03   -9.19447e+05
   Coul. recip.      Potential    Kinetic En.   Total Energy  Conserved En.
    2.39130e+03   -7.68829e+05    1.23959e+05   -6.44870e+05   -7.80918e+05
    Temperature Pres. DC (bar) Pressure (bar)   Constr. rmsd
    3.00015e+02   -1.18711e+02    6.78077e+27    1.95924e-06

           Step           Time
          87700       43.85000

   Energies (kJ/mol)
           Bond          Angle    Proper Dih.  Improper Dih. Per. Imp. Dih.
    5.38935e+01    1.74526e+01    4.76750e-01    3.58390e+03    4.43967e-02
          LJ-14     Coulomb-14        LJ (SR)  Disper. corr.   Coulomb (SR)
    1.60878e+02    5.03293e+01    1.49768e+05   -3.91363e+03   -9.19754e+05
   Coul. recip.      Potential    Kinetic En.   Total Energy  Conserved En.
    2.29616e+03   -7.67737e+05    1.23482e+05   -6.44255e+05   -7.80911e+05
    Temperature Pres. DC (bar) Pressure (bar)   Constr. rmsd
    2.98861e+02   -1.18711e+02    6.78077e+27    1.95924e-06

           Step           Time
          87800       43.90000

   Energies (kJ/mol)
           Bond          Angle    Proper Dih.  Improper Dih. Per. Imp. Dih.
    5.38935e+01    1.74526e+01    4.76750e-01    3.58390e+03    4.43967e-02
          LJ-14     Coulomb-14        LJ (SR)  Disper. corr.   Coulomb (SR)
    1.60878e+02    5.03293e+01    1.48852e+05   -3.91363e+03   -9.19305e+05
   Coul. recip.      Potential    Kinetic En.   Total Energy  Conserved En.
    2.41811e+03   -7.68081e+05    1.24143e+05   -6.43938e+05   -7.80924e+05
    Temperature Pres. DC (bar) Pressure (bar)   Constr. rmsd
    3.00461e+02   -1.18711e+02    6.78077e+27    1.95924e-06

           Step           Time
          87900       43.95000

   Energies (kJ/mol)
           Bond          Angle    Proper Dih.  Improper Dih. Per. Imp. Dih.
    5.38935e+01    1.74526e+01    4.76750e-01    3.58390e+03    4.43967e-02
          LJ-14     Coulomb-14        LJ (SR)  Disper. corr.   Coulomb (SR)
    1.60878e+02    5.03293e+01    1.50669e+05   -3.91363e+03   -9.20956e+05
   Coul. recip.      Potential    Kinetic En.   Total Energy  Conserved En.
    2.38537e+03   -7.67948e+05    1.23548e+05   -6.44400e+05   -7.80925e+05
    Temperature Pres. DC (bar) Pressure (bar)   Constr. rmsd
    2.99022e+02   -1.18711e+02    6.78077e+27    1.95924e-06

           Step           Time
          88000       44.00000

   Energies (kJ/mol)
           Bond          Angle    Proper Dih.  Improper Dih. Per. Imp. Dih.
    5.38935e+01    1.74526e+01    4.76750e-01    3.58390e+03    4.43967e-02
          LJ-14     Coulomb-14        LJ (SR)  Disper. corr.   Coulomb (SR)
    1.60878e+02    5.03293e+01    1.49185e+05   -3.91363e+03   -9.19793e+05
   Coul. recip.      Potential    Kinetic En.   Total Energy  Conserved En.
    2.43504e+03   -7.68219e+05    1.24471e+05   -6.43749e+05   -7.80925e+05
    Temperature Pres. DC (bar) Pressure (bar)   Constr. rmsd
    3.01254e+02   -1.18711e+02    6.78077e+27    1.95924e-06

           Step           Time
          88100       44.05000

   Energies (kJ/mol)
           Bond          Angle    Proper Dih.  Improper Dih. Per. Imp. Dih.
    5.38935e+01    1.74526e+01    4.76750e-01    3.58390e+03    4.43967e-02
          LJ-14     Coulomb-14        LJ (SR)  Disper. corr.   Coulomb (SR)
    1.60878e+02    5.03293e+01    1.49104e+05   -3.91363e+03   -9.19519e+05
   Coul. recip.      Potential    Kinetic En.   Total Energy  Conserved En.
    2.40866e+03   -7.68053e+05    1.24613e+05   -6.43440e+05   -7.80917e+05
    Temperature Pres. DC (bar) Pressure (bar)   Constr. rmsd
    3.01600e+02   -1.18711e+02    6.78077e+27    1.95924e-06

           Step           Time
          88200       44.10000

   Energies (kJ/mol)
           Bond          Angle    Proper Dih.  Improper Dih. Per. Imp. Dih.
    5.38935e+01    1.74526e+01    4.76750e-01    3.58390e+03    4.43967e-02
          LJ-14     Coulomb-14        LJ (SR)  Disper. corr.   Coulomb (SR)
    1.60878e+02    5.03293e+01    1.49025e+05   -3.91363e+03   -9.19782e+05
   Coul. recip.      Potential    Kinetic En.   Total Energy  Conserved En.
    2.35739e+03   -7.68446e+05    1.24657e+05   -6.43789e+05   -7.80922e+05
    Temperature Pres. DC (bar) Pressure (bar)   Constr. rmsd
    3.01705e+02   -1.18711e+02    6.78077e+27    1.95924e-06

           Step           Time
          88300       44.15000

   Energies (kJ/mol)
           Bond          Angle    Proper Dih.  Improper Dih. Per. Imp. Dih.
    5.38935e+01    1.74526e+01    4.76750e-01    3.58390e+03    4.43967e-02
          LJ-14     Coulomb-14        LJ (SR)  Disper. corr.   Coulomb (SR)
    1.60878e+02    5.03293e+01    1.48397e+05   -3.91363e+03   -9.17702e+05
   Coul. recip.      Potential    Kinetic En.   Total Energy  Conserved En.
    2.34540e+03   -7.67006e+05    1.23112e+05   -6.43894e+05   -7.80918e+05
    Temperature Pres. DC (bar) Pressure (bar)   Constr. rmsd
    2.97966e+02   -1.18711e+02    6.78077e+27    1.95924e-06

           Step           Time
          88400       44.20000

   Energies (kJ/mol)
           Bond          Angle    Proper Dih.  Improper Dih. Per. Imp. Dih.
    5.38935e+01    1.74526e+01    4.76750e-01    3.58390e+03    4.43967e-02
          LJ-14     Coulomb-14        LJ (SR)  Disper. corr.   Coulomb (SR)
    1.60878e+02    5.03293e+01    1.47899e+05   -3.91363e+03   -9.18253e+05
   Coul. recip.      Potential    Kinetic En.   Total Energy  Conserved En.
    2.38874e+03   -7.68011e+05    1.23846e+05   -6.44166e+05   -7.80921e+05
    Temperature Pres. DC (bar) Pressure (bar)   Constr. rmsd
    2.99741e+02   -1.18711e+02    6.78077e+27    1.95924e-06

           Step           Time
          88500       44.25000

   Energies (kJ/mol)
           Bond          Angle    Proper Dih.  Improper Dih. Per. Imp. Dih.
    5.38935e+01    1.74526e+01    4.76750e-01    3.58390e+03    4.43967e-02
          LJ-14     Coulomb-14        LJ (SR)  Disper. corr.   Coulomb (SR)
    1.60878e+02    5.03293e+01    1.49483e+05   -3.91363e+03   -9.20735e+05
   Coul. recip.      Potential    Kinetic En.   Total Energy  Conserved En.
    2.39316e+03   -7.68906e+05    1.24199e+05   -6.44707e+05   -7.80928e+05
    Temperature Pres. DC (bar) Pressure (bar)   Constr. rmsd
    3.00597e+02   -1.18711e+02    6.78077e+27    1.95924e-06

           Step           Time
          88600       44.30000

   Energies (kJ/mol)
           Bond          Angle    Proper Dih.  Improper Dih. Per. Imp. Dih.
    5.38935e+01    1.74526e+01    4.76750e-01    3.58390e+03    4.43967e-02
          LJ-14     Coulomb-14        LJ (SR)  Disper. corr.   Coulomb (SR)
    1.60878e+02    5.03293e+01    1.49661e+05   -3.91363e+03   -9.20428e+05
   Coul. recip.      Potential    Kinetic En.   Total Energy  Conserved En.
    2.37122e+03   -7.68443e+05    1.23075e+05   -6.45368e+05   -7.80927e+05
    Temperature Pres. DC (bar) Pressure (bar)   Constr. rmsd
    2.97875e+02   -1.18711e+02    6.78077e+27    1.95924e-06

           Step           Time
          88700       44.35000

   Energies (kJ/mol)
           Bond          Angle    Proper Dih.  Improper Dih. Per. Imp. Dih.
    5.38935e+01    1.74526e+01    4.76750e-01    3.58390e+03    4.43967e-02
          LJ-14     Coulomb-14        LJ (SR)  Disper. corr.   Coulomb (SR)
    1.60878e+02    5.03293e+01    1.48220e+05   -3.91363e+03   -9.19372e+05
   Coul. recip.      Potential    Kinetic En.   Total Energy  Conserved En.
    2.38742e+03   -7.68811e+05    1.24550e+05   -6.44261e+05   -7.80926e+05
    Temperature Pres. DC (bar) Pressure (bar)   Constr. rmsd
    3.01446e+02   -1.18711e+02    6.78077e+27    1.95924e-06

           Step           Time
          88800       44.40000

   Energies (kJ/mol)
           Bond          Angle    Proper Dih.  Improper Dih. Per. Imp. Dih.
    5.38935e+01    1.74526e+01    4.76750e-01    3.58390e+03    4.43967e-02
          LJ-14     Coulomb-14        LJ (SR)  Disper. corr.   Coulomb (SR)
    1.60878e+02    5.03293e+01    1.47654e+05   -3.91363e+03   -9.18370e+05
   Coul. recip.      Potential    Kinetic En.   Total Energy  Conserved En.
    2.34534e+03   -7.68417e+05    1.23568e+05   -6.44849e+05   -7.80929e+05
    Temperature Pres. DC (bar) Pressure (bar)   Constr. rmsd
    2.99069e+02   -1.18711e+02    6.78077e+27    1.95924e-06

           Step           Time
          88900       44.45000

   Energies (kJ/mol)
           Bond          Angle    Proper Dih.  Improper Dih. Per. Imp. Dih.
    5.38935e+01    1.74526e+01    4.76750e-01    3.58390e+03    4.43967e-02
          LJ-14     Coulomb-14        LJ (SR)  Disper. corr.   Coulomb (SR)
    1.60878e+02    5.03293e+01    1.48239e+05   -3.91363e+03   -9.18643e+05
   Coul. recip.      Potential    Kinetic En.   Total Energy  Conserved En.
    2.35289e+03   -7.68097e+05    1.24550e+05   -6.43548e+05   -7.80919e+05
    Temperature Pres. DC (bar) Pressure (bar)   Constr. rmsd
    3.01445e+02   -1.18711e+02    6.78077e+27    1.95924e-06

           Step           Time
          89000       44.50000

   Energies (kJ/mol)
           Bond          Angle    Proper Dih.  Improper Dih. Per. Imp. Dih.
    5.38935e+01    1.74526e+01    4.76750e-01    3.58390e+03    4.43967e-02
          LJ-14     Coulomb-14        LJ (SR)  Disper. corr.   Coulomb (SR)
    1.60878e+02    5.03293e+01    1.48419e+05   -3.91363e+03   -9.18552e+05
   Coul. recip.      Potential    Kinetic En.   Total Energy  Conserved En.
    2.30015e+03   -7.67879e+05    1.23611e+05   -6.44269e+05   -7.80932e+05
    Temperature Pres. DC (bar) Pressure (bar)   Constr. rmsd
    2.99173e+02   -1.18711e+02    6.78077e+27    1.95924e-06

           Step           Time
          89100       44.55000

   Energies (kJ/mol)
           Bond          Angle    Proper Dih.  Improper Dih. Per. Imp. Dih.
    5.38935e+01    1.74526e+01    4.76750e-01    3.58390e+03    4.43967e-02
          LJ-14     Coulomb-14        LJ (SR)  Disper. corr.   Coulomb (SR)
    1.60878e+02    5.03293e+01    1.48865e+05   -3.91363e+03   -9.19504e+05
   Coul. recip.      Potential    Kinetic En.   Total Energy  Conserved En.
    2.32350e+03   -7.68361e+05    1.24489e+05   -6.43872e+05   -7.80931e+05
    Temperature Pres. DC (bar) Pressure (bar)   Constr. rmsd
    3.01298e+02   -1.18711e+02    6.78077e+27    1.95924e-06

           Step           Time
          89200       44.60000

   Energies (kJ/mol)
           Bond          Angle    Proper Dih.  Improper Dih. Per. Imp. Dih.
    5.38935e+01    1.74526e+01    4.76750e-01    3.58390e+03    4.43967e-02
          LJ-14     Coulomb-14        LJ (SR)  Disper. corr.   Coulomb (SR)
    1.60878e+02    5.03293e+01    1.49683e+05   -3.91363e+03   -9.19794e+05
   Coul. recip.      Potential    Kinetic En.   Total Energy  Conserved En.
    2.29461e+03   -7.67862e+05    1.23165e+05   -6.44697e+05   -7.80930e+05
    Temperature Pres. DC (bar) Pressure (bar)   Constr. rmsd
    2.98095e+02   -1.18711e+02    6.78077e+27    1.95924e-06

           Step           Time
          89300       44.65000

   Energies (kJ/mol)
           Bond          Angle    Proper Dih.  Improper Dih. Per. Imp. Dih.
    5.38935e+01    1.74526e+01    4.76750e-01    3.58390e+03    4.43967e-02
          LJ-14     Coulomb-14        LJ (SR)  Disper. corr.   Coulomb (SR)
    1.60878e+02    5.03293e+01    1.49104e+05   -3.91363e+03   -9.18885e+05
   Coul. recip.      Potential    Kinetic En.   Total Energy  Conserved En.
    2.39453e+03   -7.67434e+05    1.23338e+05   -6.44095e+05   -7.80921e+05
    Temperature Pres. DC (bar) Pressure (bar)   Constr. rmsd
    2.98514e+02   -1.18711e+02    6.78077e+27    1.95924e-06

           Step           Time
          89400       44.70000

   Energies (kJ/mol)
           Bond          Angle    Proper Dih.  Improper Dih. Per. Imp. Dih.
    5.38935e+01    1.74526e+01    4.76750e-01    3.58390e+03    4.43967e-02
          LJ-14     Coulomb-14        LJ (SR)  Disper. corr.   Coulomb (SR)
    1.60878e+02    5.03293e+01    1.50130e+05   -3.91363e+03   -9.20743e+05
   Coul. recip.      Potential    Kinetic En.   Total Energy  Conserved En.
    2.46261e+03   -7.68197e+05    1.24707e+05   -6.43490e+05   -7.80925e+05
    Temperature Pres. DC (bar) Pressure (bar)   Constr. rmsd
    3.01825e+02   -1.18711e+02    6.78077e+27    1.95924e-06

           Step           Time
          89500       44.75000

   Energies (kJ/mol)
           Bond          Angle    Proper Dih.  Improper Dih. Per. Imp. Dih.
    5.38935e+01    1.74526e+01    4.76750e-01    3.58390e+03    4.43967e-02
          LJ-14     Coulomb-14        LJ (SR)  Disper. corr.   Coulomb (SR)
    1.60878e+02    5.03293e+01    1.51610e+05   -3.91363e+03   -9.20930e+05
   Coul. recip.      Potential    Kinetic En.   Total Energy  Conserved En.
    2.43586e+03   -7.66930e+05    1.23981e+05   -6.42949e+05   -7.80930e+05
    Temperature Pres. DC (bar) Pressure (bar)   Constr. rmsd
    3.00070e+02   -1.18711e+02    6.78077e+27    1.95924e-06

           Step           Time
          89600       44.80000

   Energies (kJ/mol)
           Bond          Angle    Proper Dih.  Improper Dih. Per. Imp. Dih.
    5.38935e+01    1.74526e+01    4.76750e-01    3.58390e+03    4.43967e-02
          LJ-14     Coulomb-14        LJ (SR)  Disper. corr.   Coulomb (SR)
    1.60878e+02    5.03293e+01    1.51082e+05   -3.91363e+03   -9.21266e+05
   Coul. recip.      Potential    Kinetic En.   Total Energy  Conserved En.
    2.41169e+03   -7.67819e+05    1.24527e+05   -6.43292e+05   -7.80927e+05
    Temperature Pres. DC (bar) Pressure (bar)   Constr. rmsd
    3.01390e+02   -1.18711e+02    6.78077e+27    1.95924e-06

           Step           Time
          89700       44.85000

   Energies (kJ/mol)
           Bond          Angle    Proper Dih.  Improper Dih. Per. Imp. Dih.
    5.38935e+01    1.74526e+01    4.76750e-01    3.58390e+03    4.43967e-02
          LJ-14     Coulomb-14        LJ (SR)  Disper. corr.   Coulomb (SR)
    1.60878e+02    5.03293e+01    1.49683e+05   -3.91363e+03   -9.19695e+05
   Coul. recip.      Potential    Kinetic En.   Total Energy  Conserved En.
    2.36720e+03   -7.67692e+05    1.24424e+05   -6.43268e+05   -7.80928e+05
    Temperature Pres. DC (bar) Pressure (bar)   Constr. rmsd
    3.01141e+02   -1.18711e+02    6.78077e+27    1.95924e-06

           Step           Time
          89800       44.90000

   Energies (kJ/mol)
           Bond          Angle    Proper Dih.  Improper Dih. Per. Imp. Dih.
    5.38935e+01    1.74526e+01    4.76750e-01    3.58390e+03    4.43967e-02
          LJ-14     Coulomb-14        LJ (SR)  Disper. corr.   Coulomb (SR)
    1.60878e+02    5.03293e+01    1.49787e+05   -3.91363e+03   -9.20268e+05
   Coul. recip.      Potential    Kinetic En.   Total Energy  Conserved En.
    2.29165e+03   -7.68236e+05    1.24251e+05   -6.43985e+05   -7.80922e+05
    Temperature Pres. DC (bar) Pressure (bar)   Constr. rmsd
    3.00722e+02   -1.18711e+02    6.78077e+27    1.95924e-06

           Step           Time
          89900       44.95000

   Energies (kJ/mol)
           Bond          Angle    Proper Dih.  Improper Dih. Per. Imp. Dih.
    5.38935e+01    1.74526e+01    4.76750e-01    3.58390e+03    4.43967e-02
          LJ-14     Coulomb-14        LJ (SR)  Disper. corr.   Coulomb (SR)
    1.60878e+02    5.03293e+01    1.49026e+05   -3.91363e+03   -9.18902e+05
   Coul. recip.      Potential    Kinetic En.   Total Energy  Conserved En.
    2.35175e+03   -7.67571e+05    1.24077e+05   -6.43495e+05   -7.80927e+05
    Temperature Pres. DC (bar) Pressure (bar)   Constr. rmsd
    3.00300e+02   -1.18711e+02    6.78077e+27    1.95924e-06

           Step           Time
          90000       45.00000

   Energies (kJ/mol)
           Bond          Angle    Proper Dih.  Improper Dih. Per. Imp. Dih.
    5.38935e+01    1.74526e+01    4.76750e-01    3.58390e+03    4.43967e-02
          LJ-14     Coulomb-14        LJ (SR)  Disper. corr.   Coulomb (SR)
    1.60878e+02    5.03293e+01    1.49260e+05   -3.91363e+03   -9.19775e+05
   Coul. recip.      Potential    Kinetic En.   Total Energy  Conserved En.
    2.36114e+03   -7.68200e+05    1.24548e+05   -6.43652e+05   -7.80927e+05
    Temperature Pres. DC (bar) Pressure (bar)   Constr. rmsd
    3.01441e+02   -1.18711e+02    6.78077e+27    1.95924e-06

           Step           Time
          90100       45.05000

   Energies (kJ/mol)
           Bond          Angle    Proper Dih.  Improper Dih. Per. Imp. Dih.
    5.38935e+01    1.74526e+01    4.76750e-01    3.58390e+03    4.43967e-02
          LJ-14     Coulomb-14        LJ (SR)  Disper. corr.   Coulomb (SR)
    1.60878e+02    5.03293e+01    1.49315e+05   -3.91363e+03   -9.20484e+05
   Coul. recip.      Potential    Kinetic En.   Total Energy  Conserved En.
    2.30889e+03   -7.68907e+05    1.24669e+05   -6.44238e+05   -7.80931e+05
    Temperature Pres. DC (bar) Pressure (bar)   Constr. rmsd
    3.01735e+02   -1.18711e+02    6.78077e+27    1.95924e-06

           Step           Time
          90200       45.10000

   Energies (kJ/mol)
           Bond          Angle    Proper Dih.  Improper Dih. Per. Imp. Dih.
    5.38935e+01    1.74526e+01    4.76750e-01    3.58390e+03    4.43967e-02
          LJ-14     Coulomb-14        LJ (SR)  Disper. corr.   Coulomb (SR)
    1.60878e+02    5.03293e+01    1.50415e+05   -3.91363e+03   -9.21163e+05
   Coul. recip.      Potential    Kinetic En.   Total Energy  Conserved En.
    2.34871e+03   -7.68446e+05    1.24221e+05   -6.44225e+05   -7.80925e+05
    Temperature Pres. DC (bar) Pressure (bar)   Constr. rmsd
    3.00650e+02   -1.18711e+02    6.78077e+27    1.95924e-06

           Step           Time
          90300       45.15000

   Energies (kJ/mol)
           Bond          Angle    Proper Dih.  Improper Dih. Per. Imp. Dih.
    5.38935e+01    1.74526e+01    4.76750e-01    3.58390e+03    4.43967e-02
          LJ-14     Coulomb-14        LJ (SR)  Disper. corr.   Coulomb (SR)
    1.60878e+02    5.03293e+01    1.50556e+05   -3.91363e+03   -9.20983e+05
   Coul. recip.      Potential    Kinetic En.   Total Energy  Conserved En.
    2.33596e+03   -7.68138e+05    1.23665e+05   -6.44472e+05   -7.80934e+05
    Temperature Pres. DC (bar) Pressure (bar)   Constr. rmsd
    2.99305e+02   -1.18711e+02    6.78077e+27    1.95924e-06

           Step           Time
          90400       45.20000

   Energies (kJ/mol)
           Bond          Angle    Proper Dih.  Improper Dih. Per. Imp. Dih.
    5.38935e+01    1.74526e+01    4.76750e-01    3.58390e+03    4.43967e-02
          LJ-14     Coulomb-14        LJ (SR)  Disper. corr.   Coulomb (SR)
    1.60878e+02    5.03293e+01    1.50132e+05   -3.91363e+03   -9.21107e+05
   Coul. recip.      Potential    Kinetic En.   Total Energy  Conserved En.
    2.28008e+03   -7.68741e+05    1.24938e+05   -6.43802e+05   -7.80938e+05
    Temperature Pres. DC (bar) Pressure (bar)   Constr. rmsd
    3.02386e+02   -1.18711e+02    6.78077e+27    1.95924e-06

           Step           Time
          90500       45.25000

   Energies (kJ/mol)
           Bond          Angle    Proper Dih.  Improper Dih. Per. Imp. Dih.
    5.38935e+01    1.74526e+01    4.76750e-01    3.58390e+03    4.43967e-02
          LJ-14     Coulomb-14        LJ (SR)  Disper. corr.   Coulomb (SR)
    1.60878e+02    5.03293e+01    1.50245e+05   -3.91363e+03   -9.21499e+05
   Coul. recip.      Potential    Kinetic En.   Total Energy  Conserved En.
    2.29730e+03   -7.69004e+05    1.24397e+05   -6.44606e+05   -7.80933e+05
    Temperature Pres. DC (bar) Pressure (bar)   Constr. rmsd
    3.01077e+02   -1.18711e+02    6.78077e+27    1.95924e-06

           Step           Time
          90600       45.30000

   Energies (kJ/mol)
           Bond          Angle    Proper Dih.  Improper Dih. Per. Imp. Dih.
    5.38935e+01    1.74526e+01    4.76750e-01    3.58390e+03    4.43967e-02
          LJ-14     Coulomb-14        LJ (SR)  Disper. corr.   Coulomb (SR)
    1.60878e+02    5.03293e+01    1.50154e+05   -3.91363e+03   -9.19669e+05
   Coul. recip.      Potential    Kinetic En.   Total Energy  Conserved En.
    2.36592e+03   -7.67196e+05    1.23043e+05   -6.44153e+05   -7.80929e+05
    Temperature Pres. DC (bar) Pressure (bar)   Constr. rmsd
    2.97800e+02   -1.18711e+02    6.78077e+27    1.95924e-06

           Step           Time
          90700       45.35000

   Energies (kJ/mol)
           Bond          Angle    Proper Dih.  Improper Dih. Per. Imp. Dih.
    5.38935e+01    1.74526e+01    4.76750e-01    3.58390e+03    4.43967e-02
          LJ-14     Coulomb-14        LJ (SR)  Disper. corr.   Coulomb (SR)
    1.60878e+02    5.03293e+01    1.49721e+05   -3.91363e+03   -9.20542e+05
   Coul. recip.      Potential    Kinetic En.   Total Energy  Conserved En.
    2.42852e+03   -7.68440e+05    1.24403e+05   -6.44036e+05   -7.80939e+05
    Temperature Pres. DC (bar) Pressure (bar)   Constr. rmsd
    3.01091e+02   -1.18711e+02    6.78077e+27    1.95924e-06

           Step           Time
          90800       45.40000

   Energies (kJ/mol)
           Bond          Angle    Proper Dih.  Improper Dih. Per. Imp. Dih.
    5.38935e+01    1.74526e+01    4.76750e-01    3.58390e+03    4.43967e-02
          LJ-14     Coulomb-14        LJ (SR)  Disper. corr.   Coulomb (SR)
    1.60878e+02    5.03293e+01    1.49416e+05   -3.91363e+03   -9.20143e+05
   Coul. recip.      Potential    Kinetic En.   Total Energy  Conserved En.
    2.28150e+03   -7.68492e+05    1.23698e+05   -6.44795e+05   -7.80940e+05
    Temperature Pres. DC (bar) Pressure (bar)   Constr. rmsd
    2.99383e+02   -1.18711e+02    6.78077e+27    1.95924e-06

           Step           Time
          90900       45.45000

   Energies (kJ/mol)
           Bond          Angle    Proper Dih.  Improper Dih. Per. Imp. Dih.
    5.38935e+01    1.74526e+01    4.76750e-01    3.58390e+03    4.43967e-02
          LJ-14     Coulomb-14        LJ (SR)  Disper. corr.   Coulomb (SR)
    1.60878e+02    5.03293e+01    1.49438e+05   -3.91363e+03   -9.20865e+05
   Coul. recip.      Potential    Kinetic En.   Total Energy  Conserved En.
    2.34570e+03   -7.69128e+05    1.24162e+05   -6.44967e+05   -7.80930e+05
    Temperature Pres. DC (bar) Pressure (bar)   Constr. rmsd
    3.00506e+02   -1.18711e+02    6.78077e+27    1.95924e-06

           Step           Time
          91000       45.50000

   Energies (kJ/mol)
           Bond          Angle    Proper Dih.  Improper Dih. Per. Imp. Dih.
    5.38935e+01    1.74526e+01    4.76750e-01    3.58390e+03    4.43967e-02
          LJ-14     Coulomb-14        LJ (SR)  Disper. corr.   Coulomb (SR)
    1.60878e+02    5.03293e+01    1.49008e+05   -3.91363e+03   -9.20011e+05
   Coul. recip.      Potential    Kinetic En.   Total Energy  Conserved En.
    2.43113e+03   -7.68619e+05    1.23424e+05   -6.45195e+05   -7.80932e+05
    Temperature Pres. DC (bar) Pressure (bar)   Constr. rmsd
    2.98721e+02   -1.18711e+02    6.78077e+27    1.95924e-06

           Step           Time
          91100       45.55000

   Energies (kJ/mol)
           Bond          Angle    Proper Dih.  Improper Dih. Per. Imp. Dih.
    5.38935e+01    1.74526e+01    4.76750e-01    3.58390e+03    4.43967e-02
          LJ-14     Coulomb-14        LJ (SR)  Disper. corr.   Coulomb (SR)
    1.60878e+02    5.03293e+01    1.51045e+05   -3.91363e+03   -9.22072e+05
   Coul. recip.      Potential    Kinetic En.   Total Energy  Conserved En.
    2.36649e+03   -7.68708e+05    1.23635e+05   -6.45072e+05   -7.80931e+05
    Temperature Pres. DC (bar) Pressure (bar)   Constr. rmsd
    2.99233e+02   -1.18711e+02    6.78077e+27    1.95924e-06

           Step           Time
          91200       45.60000

   Energies (kJ/mol)
           Bond          Angle    Proper Dih.  Improper Dih. Per. Imp. Dih.
    5.38935e+01    1.74526e+01    4.76750e-01    3.58390e+03    4.43967e-02
          LJ-14     Coulomb-14        LJ (SR)  Disper. corr.   Coulomb (SR)
    1.60878e+02    5.03293e+01    1.49994e+05   -3.91363e+03   -9.21548e+05
   Coul. recip.      Potential    Kinetic En.   Total Energy  Conserved En.
    2.43480e+03   -7.69166e+05    1.23936e+05   -6.45230e+05   -7.80939e+05
    Temperature Pres. DC (bar) Pressure (bar)   Constr. rmsd
    2.99961e+02   -1.18711e+02    6.78077e+27    1.95924e-06

           Step           Time
          91300       45.65000

   Energies (kJ/mol)
           Bond          Angle    Proper Dih.  Improper Dih. Per. Imp. Dih.
    5.38935e+01    1.74526e+01    4.76750e-01    3.58390e+03    4.43967e-02
          LJ-14     Coulomb-14        LJ (SR)  Disper. corr.   Coulomb (SR)
    1.60878e+02    5.03293e+01    1.49333e+05   -3.91363e+03   -9.20039e+05
   Coul. recip.      Potential    Kinetic En.   Total Energy  Conserved En.
    2.36546e+03   -7.68387e+05    1.22893e+05   -6.45494e+05   -7.80938e+05
    Temperature Pres. DC (bar) Pressure (bar)   Constr. rmsd
    2.97435e+02   -1.18711e+02    6.78077e+27    1.95924e-06

           Step           Time
          91400       45.70000

   Energies (kJ/mol)
           Bond          Angle    Proper Dih.  Improper Dih. Per. Imp. Dih.
    5.38935e+01    1.74526e+01    4.76750e-01    3.58390e+03    4.43967e-02
          LJ-14     Coulomb-14        LJ (SR)  Disper. corr.   Coulomb (SR)
    1.60878e+02    5.03293e+01    1.50539e+05   -3.91363e+03   -9.21733e+05
   Coul. recip.      Potential    Kinetic En.   Total Energy  Conserved En.
    2.45119e+03   -7.68789e+05    1.23256e+05   -6.45533e+05   -7.80941e+05
    Temperature Pres. DC (bar) Pressure (bar)   Constr. rmsd
    2.98315e+02   -1.18711e+02    6.78077e+27    1.95924e-06

           Step           Time
          91500       45.75000

   Energies (kJ/mol)
           Bond          Angle    Proper Dih.  Improper Dih. Per. Imp. Dih.
    5.38935e+01    1.74526e+01    4.76750e-01    3.58390e+03    4.43967e-02
          LJ-14     Coulomb-14        LJ (SR)  Disper. corr.   Coulomb (SR)
    1.60878e+02    5.03293e+01    1.49737e+05   -3.91363e+03   -9.20860e+05
   Coul. recip.      Potential    Kinetic En.   Total Energy  Conserved En.
    2.39942e+03   -7.68770e+05    1.23354e+05   -6.45416e+05   -7.80935e+05
    Temperature Pres. DC (bar) Pressure (bar)   Constr. rmsd
    2.98551e+02   -1.18711e+02    6.78077e+27    1.95924e-06

           Step           Time
          91600       45.80000

   Energies (kJ/mol)
           Bond          Angle    Proper Dih.  Improper Dih. Per. Imp. Dih.
    5.38935e+01    1.74526e+01    4.76750e-01    3.58390e+03    4.43967e-02
          LJ-14     Coulomb-14        LJ (SR)  Disper. corr.   Coulomb (SR)
    1.60878e+02    5.03293e+01    1.49571e+05   -3.91363e+03   -9.20853e+05
   Coul. recip.      Potential    Kinetic En.   Total Energy  Conserved En.
    2.39497e+03   -7.68933e+05    1.23390e+05   -6.45543e+05   -7.80943e+05
    Temperature Pres. DC (bar) Pressure (bar)   Constr. rmsd
    2.98639e+02   -1.18711e+02    6.78077e+27    1.95924e-06

           Step           Time
          91700       45.85000

   Energies (kJ/mol)
           Bond          Angle    Proper Dih.  Improper Dih. Per. Imp. Dih.
    5.38935e+01    1.74526e+01    4.76750e-01    3.58390e+03    4.43967e-02
          LJ-14     Coulomb-14        LJ (SR)  Disper. corr.   Coulomb (SR)
    1.60878e+02    5.03293e+01    1.50019e+05   -3.91363e+03   -9.21442e+05
   Coul. recip.      Potential    Kinetic En.   Total Energy  Conserved En.
    2.37449e+03   -7.69095e+05    1.23855e+05   -6.45240e+05   -7.80945e+05
    Temperature Pres. DC (bar) Pressure (bar)   Constr. rmsd
    2.99763e+02   -1.18711e+02    6.78077e+27    1.95924e-06

           Step           Time
          91800       45.90000

   Energies (kJ/mol)
           Bond          Angle    Proper Dih.  Improper Dih. Per. Imp. Dih.
    5.38935e+01    1.74526e+01    4.76750e-01    3.58390e+03    4.43967e-02
          LJ-14     Coulomb-14        LJ (SR)  Disper. corr.   Coulomb (SR)
    1.60878e+02    5.03293e+01    1.51626e+05   -3.91363e+03   -9.23009e+05
   Coul. recip.      Potential    Kinetic En.   Total Energy  Conserved En.
    2.38289e+03   -7.69047e+05    1.23181e+05   -6.45866e+05   -7.80940e+05
    Temperature Pres. DC (bar) Pressure (bar)   Constr. rmsd
    2.98133e+02   -1.18711e+02    6.78077e+27    1.95924e-06

           Step           Time
          91900       45.95000

   Energies (kJ/mol)
           Bond          Angle    Proper Dih.  Improper Dih. Per. Imp. Dih.
    5.38935e+01    1.74526e+01    4.76750e-01    3.58390e+03    4.43967e-02
          LJ-14     Coulomb-14        LJ (SR)  Disper. corr.   Coulomb (SR)
    1.60878e+02    5.03293e+01    1.50073e+05   -3.91363e+03   -9.22065e+05
   Coul. recip.      Potential    Kinetic En.   Total Energy  Conserved En.
    2.33152e+03   -7.69707e+05    1.24083e+05   -6.45625e+05   -7.80940e+05
    Temperature Pres. DC (bar) Pressure (bar)   Constr. rmsd
    3.00315e+02   -1.18711e+02    6.78077e+27    1.95924e-06

           Step           Time
          92000       46.00000

   Energies (kJ/mol)
           Bond          Angle    Proper Dih.  Improper Dih. Per. Imp. Dih.
    5.38935e+01    1.74526e+01    4.76750e-01    3.58390e+03    4.43967e-02
          LJ-14     Coulomb-14        LJ (SR)  Disper. corr.   Coulomb (SR)
    1.60878e+02    5.03293e+01    1.50134e+05   -3.91363e+03   -9.20859e+05
   Coul. recip.      Potential    Kinetic En.   Total Energy  Conserved En.
    2.35016e+03   -7.68422e+05    1.23000e+05   -6.45422e+05   -7.80940e+05
    Temperature Pres. DC (bar) Pressure (bar)   Constr. rmsd
    2.97695e+02   -1.18711e+02    6.78077e+27    1.95924e-06

           Step           Time
          92100       46.05000

   Energies (kJ/mol)
           Bond          Angle    Proper Dih.  Improper Dih. Per. Imp. Dih.
    5.38935e+01    1.74526e+01    4.76750e-01    3.58390e+03    4.43967e-02
          LJ-14     Coulomb-14        LJ (SR)  Disper. corr.   Coulomb (SR)
    1.60878e+02    5.03293e+01    1.50474e+05   -3.91363e+03   -9.20597e+05
   Coul. recip.      Potential    Kinetic En.   Total Energy  Conserved En.
    2.41237e+03   -7.67758e+05    1.22609e+05   -6.45149e+05   -7.80940e+05
    Temperature Pres. DC (bar) Pressure (bar)   Constr. rmsd
    2.96749e+02   -1.18711e+02    6.78077e+27    1.95924e-06

           Step           Time
          92200       46.10000

   Energies (kJ/mol)
           Bond          Angle    Proper Dih.  Improper Dih. Per. Imp. Dih.
    5.38935e+01    1.74526e+01    4.76750e-01    3.58390e+03    4.43967e-02
          LJ-14     Coulomb-14        LJ (SR)  Disper. corr.   Coulomb (SR)
    1.60878e+02    5.03293e+01    1.49855e+05   -3.91363e+03   -9.20998e+05
   Coul. recip.      Potential    Kinetic En.   Total Energy  Conserved En.
    2.35555e+03   -7.68834e+05    1.23514e+05   -6.45319e+05   -7.80942e+05
    Temperature Pres. DC (bar) Pressure (bar)   Constr. rmsd
    2.98940e+02   -1.18711e+02    6.78077e+27    1.95924e-06

           Step           Time
          92300       46.15000

   Energies (kJ/mol)
           Bond          Angle    Proper Dih.  Improper Dih. Per. Imp. Dih.
    5.38935e+01    1.74526e+01    4.76750e-01    3.58390e+03    4.43967e-02
          LJ-14     Coulomb-14        LJ (SR)  Disper. corr.   Coulomb (SR)
    1.60878e+02    5.03293e+01    1.50573e+05   -3.91363e+03   -9.21453e+05
   Coul. recip.      Potential    Kinetic En.   Total Energy  Conserved En.
    2.29411e+03   -7.68633e+05    1.23744e+05   -6.44888e+05   -7.80935e+05
    Temperature Pres. DC (bar) Pressure (bar)   Constr. rmsd
    2.99496e+02   -1.18711e+02    6.78077e+27    1.95924e-06

           Step           Time
          92400       46.20000

   Energies (kJ/mol)
           Bond          Angle    Proper Dih.  Improper Dih. Per. Imp. Dih.
    5.38935e+01    1.74526e+01    4.76750e-01    3.58390e+03    4.43967e-02
          LJ-14     Coulomb-14        LJ (SR)  Disper. corr.   Coulomb (SR)
    1.60878e+02    5.03293e+01    1.49427e+05   -3.91363e+03   -9.20093e+05
   Coul. recip.      Potential    Kinetic En.   Total Energy  Conserved En.
    2.32548e+03   -7.68387e+05    1.23583e+05   -6.44804e+05   -7.80940e+05
    Temperature Pres. DC (bar) Pressure (bar)   Constr. rmsd
    2.99106e+02   -1.18711e+02    6.78077e+27    1.95924e-06

           Step           Time
          92500       46.25000

   Energies (kJ/mol)
           Bond          Angle    Proper Dih.  Improper Dih. Per. Imp. Dih.
    5.38935e+01    1.74526e+01    4.76750e-01    3.58390e+03    4.43967e-02
          LJ-14     Coulomb-14        LJ (SR)  Disper. corr.   Coulomb (SR)
    1.60878e+02    5.03293e+01    1.49323e+05   -3.91363e+03   -9.20361e+05
   Coul. recip.      Potential    Kinetic En.   Total Energy  Conserved En.
    2.50815e+03   -7.68577e+05    1.24015e+05   -6.44563e+05   -7.80940e+05
    Temperature Pres. DC (bar) Pressure (bar)   Constr. rmsd
    3.00151e+02   -1.18711e+02    6.78077e+27    1.95924e-06

           Step           Time
          92600       46.30000

   Energies (kJ/mol)
           Bond          Angle    Proper Dih.  Improper Dih. Per. Imp. Dih.
    5.38935e+01    1.74526e+01    4.76750e-01    3.58390e+03    4.43967e-02
          LJ-14     Coulomb-14        LJ (SR)  Disper. corr.   Coulomb (SR)
    1.60878e+02    5.03293e+01    1.49149e+05   -3.91363e+03   -9.19166e+05
   Coul. recip.      Potential    Kinetic En.   Total Energy  Conserved En.
    2.38211e+03   -7.67682e+05    1.22988e+05   -6.44693e+05   -7.80939e+05
    Temperature Pres. DC (bar) Pressure (bar)   Constr. rmsd
    2.97667e+02   -1.18711e+02    6.78077e+27    1.95924e-06

           Step           Time
          92700       46.35000

   Energies (kJ/mol)
           Bond          Angle    Proper Dih.  Improper Dih. Per. Imp. Dih.
    5.38935e+01    1.74526e+01    4.76750e-01    3.58390e+03    4.43967e-02
          LJ-14     Coulomb-14        LJ (SR)  Disper. corr.   Coulomb (SR)
    1.60878e+02    5.03293e+01    1.50024e+05   -3.91363e+03   -9.20625e+05
   Coul. recip.      Potential    Kinetic En.   Total Energy  Conserved En.
    2.34572e+03   -7.68302e+05    1.24220e+05   -6.44082e+05   -7.80947e+05
    Temperature Pres. DC (bar) Pressure (bar)   Constr. rmsd
    3.00648e+02   -1.18711e+02    6.78077e+27    1.95924e-06

           Step           Time
          92800       46.40000

   Energies (kJ/mol)
           Bond          Angle    Proper Dih.  Improper Dih. Per. Imp. Dih.
    5.38935e+01    1.74526e+01    4.76750e-01    3.58390e+03    4.43967e-02
          LJ-14     Coulomb-14        LJ (SR)  Disper. corr.   Coulomb (SR)
    1.60878e+02    5.03293e+01    1.50234e+05   -3.91363e+03   -9.20044e+05
   Coul. recip.      Potential    Kinetic En.   Total Energy  Conserved En.
    2.36129e+03   -7.67496e+05    1.24251e+05   -6.43245e+05   -7.80946e+05
    Temperature Pres. DC (bar) Pressure (bar)   Constr. rmsd
    3.00723e+02   -1.18711e+02    6.78077e+27    1.95924e-06

           Step           Time
          92900       46.45000

   Energies (kJ/mol)
           Bond          Angle    Proper Dih.  Improper Dih. Per. Imp. Dih.
    5.38935e+01    1.74526e+01    4.76750e-01    3.58390e+03    4.43967e-02
          LJ-14     Coulomb-14        LJ (SR)  Disper. corr.   Coulomb (SR)
    1.60878e+02    5.03293e+01    1.51014e+05   -3.91363e+03   -9.21032e+05
   Coul. recip.      Potential    Kinetic En.   Total Energy  Conserved En.
    2.33130e+03   -7.67733e+05    1.24464e+05   -6.43270e+05   -7.80936e+05
    Temperature Pres. DC (bar) Pressure (bar)   Constr. rmsd
    3.01238e+02   -1.18711e+02    6.78077e+27    1.95924e-06

           Step           Time
          93000       46.50000

   Energies (kJ/mol)
           Bond          Angle    Proper Dih.  Improper Dih. Per. Imp. Dih.
    5.38935e+01    1.74526e+01    4.76750e-01    3.58390e+03    4.43967e-02
          LJ-14     Coulomb-14        LJ (SR)  Disper. corr.   Coulomb (SR)
    1.60878e+02    5.03293e+01    1.49266e+05   -3.91363e+03   -9.19112e+05
   Coul. recip.      Potential    Kinetic En.   Total Energy  Conserved En.
    2.30891e+03   -7.67584e+05    1.23917e+05   -6.43667e+05   -7.80950e+05
    Temperature Pres. DC (bar) Pressure (bar)   Constr. rmsd
    2.99914e+02   -1.18711e+02    6.78077e+27    1.95924e-06

           Step           Time
          93100       46.55000

   Energies (kJ/mol)
           Bond          Angle    Proper Dih.  Improper Dih. Per. Imp. Dih.
    5.38935e+01    1.74526e+01    4.76750e-01    3.58390e+03    4.43967e-02
          LJ-14     Coulomb-14        LJ (SR)  Disper. corr.   Coulomb (SR)
    1.60878e+02    5.03293e+01    1.48792e+05   -3.91363e+03   -9.18726e+05
   Coul. recip.      Potential    Kinetic En.   Total Energy  Conserved En.
    2.30260e+03   -7.67678e+05    1.24640e+05   -6.43038e+05   -7.80947e+05
    Temperature Pres. DC (bar) Pressure (bar)   Constr. rmsd
    3.01663e+02   -1.18711e+02    6.78077e+27    1.95924e-06

           Step           Time
          93200       46.60000

   Energies (kJ/mol)
           Bond          Angle    Proper Dih.  Improper Dih. Per. Imp. Dih.
    5.38935e+01    1.74526e+01    4.76750e-01    3.58390e+03    4.43967e-02
          LJ-14     Coulomb-14        LJ (SR)  Disper. corr.   Coulomb (SR)
    1.60878e+02    5.03293e+01    1.49779e+05   -3.91363e+03   -9.20006e+05
   Coul. recip.      Potential    Kinetic En.   Total Energy  Conserved En.
    2.41567e+03   -7.67858e+05    1.24376e+05   -6.43482e+05   -7.80945e+05
    Temperature Pres. DC (bar) Pressure (bar)   Constr. rmsd
    3.01025e+02   -1.18711e+02    6.78077e+27    1.95924e-06

           Step           Time
          93300       46.65000

   Energies (kJ/mol)
           Bond          Angle    Proper Dih.  Improper Dih. Per. Imp. Dih.
    5.38935e+01    1.74526e+01    4.76750e-01    3.58390e+03    4.43967e-02
          LJ-14     Coulomb-14        LJ (SR)  Disper. corr.   Coulomb (SR)
    1.60878e+02    5.03293e+01    1.49478e+05   -3.91363e+03   -9.19546e+05
   Coul. recip.      Potential    Kinetic En.   Total Energy  Conserved En.
    2.42610e+03   -7.67689e+05    1.23612e+05   -6.44077e+05   -7.80939e+05
    Temperature Pres. DC (bar) Pressure (bar)   Constr. rmsd
    2.99177e+02   -1.18711e+02    6.78077e+27    1.95924e-06

           Step           Time
          93400       46.70000

   Energies (kJ/mol)
           Bond          Angle    Proper Dih.  Improper Dih. Per. Imp. Dih.
    5.38935e+01    1.74526e+01    4.76750e-01    3.58390e+03    4.43967e-02
          LJ-14     Coulomb-14        LJ (SR)  Disper. corr.   Coulomb (SR)
    1.60878e+02    5.03293e+01    1.50260e+05   -3.91363e+03   -9.20567e+05
   Coul. recip.      Potential    Kinetic En.   Total Energy  Conserved En.
    2.36554e+03   -7.67988e+05    1.23473e+05   -6.44514e+05   -7.80950e+05
    Temperature Pres. DC (bar) Pressure (bar)   Constr. rmsd
    2.98841e+02   -1.18711e+02    6.78077e+27    1.95924e-06

           Step           Time
          93500       46.75000

   Energies (kJ/mol)
           Bond          Angle    Proper Dih.  Improper Dih. Per. Imp. Dih.
    5.38935e+01    1.74526e+01    4.76750e-01    3.58390e+03    4.43967e-02
          LJ-14     Coulomb-14        LJ (SR)  Disper. corr.   Coulomb (SR)
    1.60878e+02    5.03293e+01    1.50931e+05   -3.91363e+03   -9.22072e+05
   Coul. recip.      Potential    Kinetic En.   Total Energy  Conserved En.
    2.34927e+03   -7.68838e+05    1.23158e+05   -6.45680e+05   -7.80940e+05
    Temperature Pres. DC (bar) Pressure (bar)   Constr. rmsd
    2.98078e+02   -1.18711e+02    6.78077e+27    1.95924e-06

           Step           Time
          93600       46.80000

   Energies (kJ/mol)
           Bond          Angle    Proper Dih.  Improper Dih. Per. Imp. Dih.
    5.38935e+01    1.74526e+01    4.76750e-01    3.58390e+03    4.43967e-02
          LJ-14     Coulomb-14        LJ (SR)  Disper. corr.   Coulomb (SR)
    1.60878e+02    5.03293e+01    1.50848e+05   -3.91363e+03   -9.22550e+05
   Coul. recip.      Potential    Kinetic En.   Total Energy  Conserved En.
    2.34164e+03   -7.69408e+05    1.23214e+05   -6.46194e+05   -7.80943e+05
    Temperature Pres. DC (bar) Pressure (bar)   Constr. rmsd
    2.98213e+02   -1.18711e+02    6.78077e+27    1.95924e-06

           Step           Time
          93700       46.85000

   Energies (kJ/mol)
           Bond          Angle    Proper Dih.  Improper Dih. Per. Imp. Dih.
    5.38935e+01    1.74526e+01    4.76750e-01    3.58390e+03    4.43967e-02
          LJ-14     Coulomb-14        LJ (SR)  Disper. corr.   Coulomb (SR)
    1.60878e+02    5.03293e+01    1.49459e+05   -3.91363e+03   -9.20891e+05
   Coul. recip.      Potential    Kinetic En.   Total Energy  Conserved En.
    2.44861e+03   -7.69030e+05    1.23114e+05   -6.45916e+05   -7.80951e+05
    Temperature Pres. DC (bar) Pressure (bar)   Constr. rmsd
    2.97970e+02   -1.18711e+02    6.78077e+27    1.95924e-06

           Step           Time
          93800       46.90000

   Energies (kJ/mol)
           Bond          Angle    Proper Dih.  Improper Dih. Per. Imp. Dih.
    5.38935e+01    1.74526e+01    4.76750e-01    3.58390e+03    4.43967e-02
          LJ-14     Coulomb-14        LJ (SR)  Disper. corr.   Coulomb (SR)
    1.60878e+02    5.03293e+01    1.49453e+05   -3.91363e+03   -9.20228e+05
   Coul. recip.      Potential    Kinetic En.   Total Energy  Conserved En.
    2.33730e+03   -7.68484e+05    1.22471e+05   -6.46013e+05   -7.80955e+05
    Temperature Pres. DC (bar) Pressure (bar)   Constr. rmsd
    2.96415e+02   -1.18711e+02    6.78077e+27    1.95924e-06

           Step           Time
          93900       46.95000

   Energies (kJ/mol)
           Bond          Angle    Proper Dih.  Improper Dih. Per. Imp. Dih.
    5.38935e+01    1.74526e+01    4.76750e-01    3.58390e+03    4.43967e-02
          LJ-14     Coulomb-14        LJ (SR)  Disper. corr.   Coulomb (SR)
    1.60878e+02    5.03293e+01    1.49075e+05   -3.91363e+03   -9.20934e+05
   Coul. recip.      Potential    Kinetic En.   Total Energy  Conserved En.
    2.33120e+03   -7.69575e+05    1.23404e+05   -6.46171e+05   -7.80943e+05
    Temperature Pres. DC (bar) Pressure (bar)   Constr. rmsd
    2.98673e+02   -1.18711e+02    6.78077e+27    1.95924e-06

           Step           Time
          94000       47.00000

   Energies (kJ/mol)
           Bond          Angle    Proper Dih.  Improper Dih. Per. Imp. Dih.
    5.38935e+01    1.74526e+01    4.76750e-01    3.58390e+03    4.43967e-02
          LJ-14     Coulomb-14        LJ (SR)  Disper. corr.   Coulomb (SR)
    1.60878e+02    5.03293e+01    1.48581e+05   -3.91363e+03   -9.19860e+05
   Coul. recip.      Potential    Kinetic En.   Total Energy  Conserved En.
    2.36475e+03   -7.68961e+05    1.22561e+05   -6.46400e+05   -7.80951e+05
    Temperature Pres. DC (bar) Pressure (bar)   Constr. rmsd
    2.96632e+02   -1.18711e+02    6.78077e+27    1.95924e-06

           Step           Time
          94100       47.05000

   Energies (kJ/mol)
           Bond          Angle    Proper Dih.  Improper Dih. Per. Imp. Dih.
    5.38935e+01    1.74526e+01    4.76750e-01    3.58390e+03    4.43967e-02
          LJ-14     Coulomb-14        LJ (SR)  Disper. corr.   Coulomb (SR)
    1.60878e+02    5.03293e+01    1.49088e+05   -3.91363e+03   -9.21252e+05
   Coul. recip.      Potential    Kinetic En.   Total Energy  Conserved En.
    2.35278e+03   -7.69857e+05    1.23896e+05   -6.45962e+05   -7.80941e+05
    Temperature Pres. DC (bar) Pressure (bar)   Constr. rmsd
    2.99863e+02   -1.18711e+02    6.78077e+27    1.95924e-06

           Step           Time
          94200       47.10000

   Energies (kJ/mol)
           Bond          Angle    Proper Dih.  Improper Dih. Per. Imp. Dih.
    5.38935e+01    1.74526e+01    4.76750e-01    3.58390e+03    4.43967e-02
          LJ-14     Coulomb-14        LJ (SR)  Disper. corr.   Coulomb (SR)
    1.60878e+02    5.03293e+01    1.49843e+05   -3.91363e+03   -9.21370e+05
   Coul. recip.      Potential    Kinetic En.   Total Energy  Conserved En.
    2.29663e+03   -7.69277e+05    1.23348e+05   -6.45930e+05   -7.80953e+05
    Temperature Pres. DC (bar) Pressure (bar)   Constr. rmsd
    2.98536e+02   -1.18711e+02    6.78077e+27    1.95924e-06

           Step           Time
          94300       47.15000

   Energies (kJ/mol)
           Bond          Angle    Proper Dih.  Improper Dih. Per. Imp. Dih.
    5.38935e+01    1.74526e+01    4.76750e-01    3.58390e+03    4.43967e-02
          LJ-14     Coulomb-14        LJ (SR)  Disper. corr.   Coulomb (SR)
    1.60878e+02    5.03293e+01    1.49983e+05   -3.91363e+03   -9.21787e+05
   Coul. recip.      Potential    Kinetic En.   Total Energy  Conserved En.
    2.41263e+03   -7.69438e+05    1.23342e+05   -6.46096e+05   -7.80948e+05
    Temperature Pres. DC (bar) Pressure (bar)   Constr. rmsd
    2.98522e+02   -1.18711e+02    6.78077e+27    1.95924e-06

           Step           Time
          94400       47.20000

   Energies (kJ/mol)
           Bond          Angle    Proper Dih.  Improper Dih. Per. Imp. Dih.
    5.38935e+01    1.74526e+01    4.76750e-01    3.58390e+03    4.43967e-02
          LJ-14     Coulomb-14        LJ (SR)  Disper. corr.   Coulomb (SR)
    1.60878e+02    5.03293e+01    1.50612e+05   -3.91363e+03   -9.22518e+05
   Coul. recip.      Potential    Kinetic En.   Total Energy  Conserved En.
    2.40183e+03   -7.69551e+05    1.23740e+05   -6.45811e+05   -7.80949e+05
    Temperature Pres. DC (bar) Pressure (bar)   Constr. rmsd
    2.99486e+02   -1.18711e+02    6.78077e+27    1.95924e-06

           Step           Time
          94500       47.25000

   Energies (kJ/mol)
           Bond          Angle    Proper Dih.  Improper Dih. Per. Imp. Dih.
    5.38935e+01    1.74526e+01    4.76750e-01    3.58390e+03    4.43967e-02
          LJ-14     Coulomb-14        LJ (SR)  Disper. corr.   Coulomb (SR)
    1.60878e+02    5.03293e+01    1.50300e+05   -3.91363e+03   -9.22364e+05
   Coul. recip.      Potential    Kinetic En.   Total Energy  Conserved En.
    2.34573e+03   -7.69765e+05    1.24088e+05   -6.45677e+05   -7.80953e+05
    Temperature Pres. DC (bar) Pressure (bar)   Constr. rmsd
    3.00328e+02   -1.18711e+02    6.78077e+27    1.95924e-06

           Step           Time
          94600       47.30000

   Energies (kJ/mol)
           Bond          Angle    Proper Dih.  Improper Dih. Per. Imp. Dih.
    5.38935e+01    1.74526e+01    4.76750e-01    3.58390e+03    4.43967e-02
          LJ-14     Coulomb-14        LJ (SR)  Disper. corr.   Coulomb (SR)
    1.60878e+02    5.03293e+01    1.49373e+05   -3.91363e+03   -9.20751e+05
   Coul. recip.      Potential    Kinetic En.   Total Energy  Conserved En.
    2.32384e+03   -7.69100e+05    1.24320e+05   -6.44780e+05   -7.80950e+05
    Temperature Pres. DC (bar) Pressure (bar)   Constr. rmsd
    3.00890e+02   -1.18711e+02    6.78077e+27    1.95924e-06

           Step           Time
          94700       47.35000

   Energies (kJ/mol)
           Bond          Angle    Proper Dih.  Improper Dih. Per. Imp. Dih.
    5.38935e+01    1.74526e+01    4.76750e-01    3.58390e+03    4.43967e-02
          LJ-14     Coulomb-14        LJ (SR)  Disper. corr.   Coulomb (SR)
    1.60878e+02    5.03293e+01    1.49800e+05   -3.91363e+03   -9.20155e+05
   Coul. recip.      Potential    Kinetic En.   Total Energy  Conserved En.
    2.40651e+03   -7.67995e+05    1.23998e+05   -6.43997e+05   -7.80951e+05
    Temperature Pres. DC (bar) Pressure (bar)   Constr. rmsd
    3.00111e+02   -1.18711e+02    6.78077e+27    1.95924e-06

           Step           Time
          94800       47.40000

   Energies (kJ/mol)
           Bond          Angle    Proper Dih.  Improper Dih. Per. Imp. Dih.
    5.38935e+01    1.74526e+01    4.76750e-01    3.58390e+03    4.43967e-02
          LJ-14     Coulomb-14        LJ (SR)  Disper. corr.   Coulomb (SR)
    1.60878e+02    5.03293e+01    1.50591e+05   -3.91363e+03   -9.20860e+05
   Coul. recip.      Potential    Kinetic En.   Total Energy  Conserved En.
    2.30482e+03   -7.68011e+05    1.24118e+05   -6.43893e+05   -7.80948e+05
    Temperature Pres. DC (bar) Pressure (bar)   Constr. rmsd
    3.00400e+02   -1.18711e+02    6.78077e+27    1.95924e-06

           Step           Time
          94900       47.45000

   Energies (kJ/mol)
           Bond          Angle    Proper Dih.  Improper Dih. Per. Imp. Dih.
    5.38935e+01    1.74526e+01    4.76750e-01    3.58390e+03    4.43967e-02
          LJ-14     Coulomb-14        LJ (SR)  Disper. corr.   Coulomb (SR)
    1.60878e+02    5.03293e+01    1.49059e+05   -3.91363e+03   -9.19455e+05
   Coul. recip.      Potential    Kinetic En.   Total Energy  Conserved En.
    2.34491e+03   -7.68098e+05    1.23715e+05   -6.44384e+05   -7.80954e+05
    Temperature Pres. DC (bar) Pressure (bar)   Constr. rmsd
    2.99424e+02   -1.18711e+02    6.78077e+27    1.95924e-06

           Step           Time
          95000       47.50000

   Energies (kJ/mol)
           Bond          Angle    Proper Dih.  Improper Dih. Per. Imp. Dih.
    5.38935e+01    1.74526e+01    4.76750e-01    3.58390e+03    4.43967e-02
          LJ-14     Coulomb-14        LJ (SR)  Disper. corr.   Coulomb (SR)
    1.60878e+02    5.03293e+01    1.50488e+05   -3.91363e+03   -9.21667e+05
   Coul. recip.      Potential    Kinetic En.   Total Energy  Conserved En.
    2.37523e+03   -7.68850e+05    1.24623e+05   -6.44227e+05   -7.80942e+05
    Temperature Pres. DC (bar) Pressure (bar)   Constr. rmsd
    3.01624e+02   -1.18711e+02    6.78077e+27    1.95924e-06

           Step           Time
          95100       47.55000

   Energies (kJ/mol)
           Bond          Angle    Proper Dih.  Improper Dih. Per. Imp. Dih.
    5.38935e+01    1.74526e+01    4.76750e-01    3.58390e+03    4.43967e-02
          LJ-14     Coulomb-14        LJ (SR)  Disper. corr.   Coulomb (SR)
    1.60878e+02    5.03293e+01    1.50611e+05   -3.91363e+03   -9.22428e+05
   Coul. recip.      Potential    Kinetic En.   Total Energy  Conserved En.
    2.42947e+03   -7.69434e+05    1.24671e+05   -6.44763e+05   -7.80946e+05
    Temperature Pres. DC (bar) Pressure (bar)   Constr. rmsd
    3.01740e+02   -1.18711e+02    6.78077e+27    1.95924e-06

           Step           Time
          95200       47.60000

   Energies (kJ/mol)
           Bond          Angle    Proper Dih.  Improper Dih. Per. Imp. Dih.
    5.38935e+01    1.74526e+01    4.76750e-01    3.58390e+03    4.43967e-02
          LJ-14     Coulomb-14        LJ (SR)  Disper. corr.   Coulomb (SR)
    1.60878e+02    5.03293e+01    1.50398e+05   -3.91363e+03   -9.21405e+05
   Coul. recip.      Potential    Kinetic En.   Total Energy  Conserved En.
    2.35003e+03   -7.68703e+05    1.23937e+05   -6.44766e+05   -7.80955e+05
    Temperature Pres. DC (bar) Pressure (bar)   Constr. rmsd
    2.99963e+02   -1.18711e+02    6.78077e+27    1.95924e-06

           Step           Time
          95300       47.65000

   Energies (kJ/mol)
           Bond          Angle    Proper Dih.  Improper Dih. Per. Imp. Dih.
    5.38935e+01    1.74526e+01    4.76750e-01    3.58390e+03    4.43967e-02
          LJ-14     Coulomb-14        LJ (SR)  Disper. corr.   Coulomb (SR)
    1.60878e+02    5.03293e+01    1.49463e+05   -3.91363e+03   -9.21315e+05
   Coul. recip.      Potential    Kinetic En.   Total Energy  Conserved En.
    2.34292e+03   -7.69556e+05    1.23730e+05   -6.45826e+05   -7.80953e+05
    Temperature Pres. DC (bar) Pressure (bar)   Constr. rmsd
    2.99461e+02   -1.18711e+02    6.78077e+27    1.95924e-06

           Step           Time
          95400       47.70000

   Energies (kJ/mol)
           Bond          Angle    Proper Dih.  Improper Dih. Per. Imp. Dih.
    5.38935e+01    1.74526e+01    4.76750e-01    3.58390e+03    4.43967e-02
          LJ-14     Coulomb-14        LJ (SR)  Disper. corr.   Coulomb (SR)
    1.60878e+02    5.03293e+01    1.49789e+05   -3.91363e+03   -9.21334e+05
   Coul. recip.      Potential    Kinetic En.   Total Energy  Conserved En.
    2.32675e+03   -7.69265e+05    1.23511e+05   -6.45754e+05   -7.80958e+05
    Temperature Pres. DC (bar) Pressure (bar)   Constr. rmsd
    2.98932e+02   -1.18711e+02    6.78077e+27    1.95924e-06

           Step           Time
          95500       47.75000

   Energies (kJ/mol)
           Bond          Angle    Proper Dih.  Improper Dih. Per. Imp. Dih.
    5.38935e+01    1.74526e+01    4.76750e-01    3.58390e+03    4.43967e-02
          LJ-14     Coulomb-14        LJ (SR)  Disper. corr.   Coulomb (SR)
    1.60878e+02    5.03293e+01    1.49972e+05   -3.91363e+03   -9.21435e+05
   Coul. recip.      Potential    Kinetic En.   Total Energy  Conserved En.
    2.37238e+03   -7.69137e+05    1.22730e+05   -6.46406e+05   -7.80950e+05
    Temperature Pres. DC (bar) Pressure (bar)   Constr. rmsd
    2.97042e+02   -1.18711e+02    6.78077e+27    1.95924e-06

           Step           Time
          95600       47.80000

   Energies (kJ/mol)
           Bond          Angle    Proper Dih.  Improper Dih. Per. Imp. Dih.
    5.38935e+01    1.74526e+01    4.76750e-01    3.58390e+03    4.43967e-02
          LJ-14     Coulomb-14        LJ (SR)  Disper. corr.   Coulomb (SR)
    1.60878e+02    5.03293e+01    1.50403e+05   -3.91363e+03   -9.22113e+05
   Coul. recip.      Potential    Kinetic En.   Total Energy  Conserved En.
    2.43495e+03   -7.69322e+05    1.23256e+05   -6.46065e+05   -7.80955e+05
    Temperature Pres. DC (bar) Pressure (bar)   Constr. rmsd
    2.98315e+02   -1.18711e+02    6.78077e+27    1.95924e-06

           Step           Time
          95700       47.85000

   Energies (kJ/mol)
           Bond          Angle    Proper Dih.  Improper Dih. Per. Imp. Dih.
    5.38935e+01    1.74526e+01    4.76750e-01    3.58390e+03    4.43967e-02
          LJ-14     Coulomb-14        LJ (SR)  Disper. corr.   Coulomb (SR)
    1.60878e+02    5.03293e+01    1.49679e+05   -3.91363e+03   -9.20768e+05
   Coul. recip.      Potential    Kinetic En.   Total Energy  Conserved En.
    2.36619e+03   -7.68770e+05    1.23993e+05   -6.44778e+05   -7.80955e+05
    Temperature Pres. DC (bar) Pressure (bar)   Constr. rmsd
    3.00098e+02   -1.18711e+02    6.78077e+27    1.95924e-06

           Step           Time
          95800       47.90000

   Energies (kJ/mol)
           Bond          Angle    Proper Dih.  Improper Dih. Per. Imp. Dih.
    5.38935e+01    1.74526e+01    4.76750e-01    3.58390e+03    4.43967e-02
          LJ-14     Coulomb-14        LJ (SR)  Disper. corr.   Coulomb (SR)
    1.60878e+02    5.03293e+01    1.48491e+05   -3.91363e+03   -9.18968e+05
   Coul. recip.      Potential    Kinetic En.   Total Energy  Conserved En.
    2.45961e+03   -7.68064e+05    1.23668e+05   -6.44395e+05   -7.80956e+05
    Temperature Pres. DC (bar) Pressure (bar)   Constr. rmsd
    2.99312e+02   -1.18711e+02    6.78077e+27    1.95924e-06

           Step           Time
          95900       47.95000

   Energies (kJ/mol)
           Bond          Angle    Proper Dih.  Improper Dih. Per. Imp. Dih.
    5.38935e+01    1.74526e+01    4.76750e-01    3.58390e+03    4.43967e-02
          LJ-14     Coulomb-14        LJ (SR)  Disper. corr.   Coulomb (SR)
    1.60878e+02    5.03293e+01    1.48459e+05   -3.91363e+03   -9.18818e+05
   Coul. recip.      Potential    Kinetic En.   Total Energy  Conserved En.
    2.44081e+03   -7.67964e+05    1.23605e+05   -6.44359e+05   -7.80959e+05
    Temperature Pres. DC (bar) Pressure (bar)   Constr. rmsd
    2.99159e+02   -1.18711e+02    6.78077e+27    1.95924e-06

           Step           Time
          96000       48.00000

   Energies (kJ/mol)
           Bond          Angle    Proper Dih.  Improper Dih. Per. Imp. Dih.
    5.38935e+01    1.74526e+01    4.76750e-01    3.58390e+03    4.43967e-02
          LJ-14     Coulomb-14        LJ (SR)  Disper. corr.   Coulomb (SR)
    1.60878e+02    5.03293e+01    1.47784e+05   -3.91363e+03   -9.17509e+05
   Coul. recip.      Potential    Kinetic En.   Total Energy  Conserved En.
    2.38945e+03   -7.67383e+05    1.23129e+05   -6.44254e+05   -7.80953e+05
    Temperature Pres. DC (bar) Pressure (bar)   Constr. rmsd
    2.98007e+02   -1.18711e+02    6.78077e+27    1.95924e-06

           Step           Time
          96100       48.05000

   Energies (kJ/mol)
           Bond          Angle    Proper Dih.  Improper Dih. Per. Imp. Dih.
    5.38935e+01    1.74526e+01    4.76750e-01    3.58390e+03    4.43967e-02
          LJ-14     Coulomb-14        LJ (SR)  Disper. corr.   Coulomb (SR)
    1.60878e+02    5.03293e+01    1.48091e+05   -3.91363e+03   -9.18336e+05
   Coul. recip.      Potential    Kinetic En.   Total Energy  Conserved En.
    2.39165e+03   -7.67899e+05    1.24011e+05   -6.43888e+05   -7.80954e+05
    Temperature Pres. DC (bar) Pressure (bar)   Constr. rmsd
    3.00142e+02   -1.18711e+02    6.78077e+27    1.95924e-06

           Step           Time
          96200       48.10000

   Energies (kJ/mol)
           Bond          Angle    Proper Dih.  Improper Dih. Per. Imp. Dih.
    5.38935e+01    1.74526e+01    4.76750e-01    3.58390e+03    4.43967e-02
          LJ-14     Coulomb-14        LJ (SR)  Disper. corr.   Coulomb (SR)
    1.60878e+02    5.03293e+01    1.48123e+05   -3.91363e+03   -9.18764e+05
   Coul. recip.      Potential    Kinetic En.   Total Energy  Conserved En.
    2.39287e+03   -7.68295e+05    1.24871e+05   -6.43424e+05   -7.80960e+05
    Temperature Pres. DC (bar) Pressure (bar)   Constr. rmsd
    3.02222e+02   -1.18711e+02    6.78077e+27    1.95924e-06

           Step           Time
          96300       48.15000

   Energies (kJ/mol)
           Bond          Angle    Proper Dih.  Improper Dih. Per. Imp. Dih.
    5.38935e+01    1.74526e+01    4.76750e-01    3.58390e+03    4.43967e-02
          LJ-14     Coulomb-14        LJ (SR)  Disper. corr.   Coulomb (SR)
    1.60878e+02    5.03293e+01    1.48386e+05   -3.91363e+03   -9.17690e+05
   Coul. recip.      Potential    Kinetic En.   Total Energy  Conserved En.
    2.41484e+03   -7.66936e+05    1.23598e+05   -6.43338e+05   -7.80966e+05
    Temperature Pres. DC (bar) Pressure (bar)   Constr. rmsd
    2.99142e+02   -1.18711e+02    6.78077e+27    1.95924e-06

           Step           Time
          96400       48.20000

   Energies (kJ/mol)
           Bond          Angle    Proper Dih.  Improper Dih. Per. Imp. Dih.
    5.38935e+01    1.74526e+01    4.76750e-01    3.58390e+03    4.43967e-02
          LJ-14     Coulomb-14        LJ (SR)  Disper. corr.   Coulomb (SR)
    1.60878e+02    5.03293e+01    1.47817e+05   -3.91363e+03   -9.17524e+05
   Coul. recip.      Potential    Kinetic En.   Total Energy  Conserved En.
    2.33695e+03   -7.67417e+05    1.24412e+05   -6.43005e+05   -7.80954e+05
    Temperature Pres. DC (bar) Pressure (bar)   Constr. rmsd
    3.01112e+02   -1.18711e+02    6.78077e+27    1.95924e-06

           Step           Time
          96500       48.25000

   Energies (kJ/mol)
           Bond          Angle    Proper Dih.  Improper Dih. Per. Imp. Dih.
    5.38935e+01    1.74526e+01    4.76750e-01    3.58390e+03    4.43967e-02
          LJ-14     Coulomb-14        LJ (SR)  Disper. corr.   Coulomb (SR)
    1.60878e+02    5.03293e+01    1.48940e+05   -3.91363e+03   -9.18346e+05
   Coul. recip.      Potential    Kinetic En.   Total Energy  Conserved En.
    2.36084e+03   -7.67092e+05    1.23740e+05   -6.43352e+05   -7.80956e+05
    Temperature Pres. DC (bar) Pressure (bar)   Constr. rmsd
    2.99485e+02   -1.18711e+02    6.78077e+27    1.95924e-06

           Step           Time
          96600       48.30000

   Energies (kJ/mol)
           Bond          Angle    Proper Dih.  Improper Dih. Per. Imp. Dih.
    5.38935e+01    1.74526e+01    4.76750e-01    3.58390e+03    4.43967e-02
          LJ-14     Coulomb-14        LJ (SR)  Disper. corr.   Coulomb (SR)
    1.60878e+02    5.03293e+01    1.49432e+05   -3.91363e+03   -9.19131e+05
   Coul. recip.      Potential    Kinetic En.   Total Energy  Conserved En.
    2.34623e+03   -7.67399e+05    1.24520e+05   -6.42878e+05   -7.80967e+05
    Temperature Pres. DC (bar) Pressure (bar)   Constr. rmsd
    3.01374e+02   -1.18711e+02    6.78077e+27    1.95924e-06

           Step           Time
          96700       48.35000

   Energies (kJ/mol)
           Bond          Angle    Proper Dih.  Improper Dih. Per. Imp. Dih.
    5.38935e+01    1.74526e+01    4.76750e-01    3.58390e+03    4.43967e-02
          LJ-14     Coulomb-14        LJ (SR)  Disper. corr.   Coulomb (SR)
    1.60878e+02    5.03293e+01    1.50221e+05   -3.91363e+03   -9.20990e+05
   Coul. recip.      Potential    Kinetic En.   Total Energy  Conserved En.
    2.36739e+03   -7.68448e+05    1.24644e+05   -6.43803e+05   -7.80965e+05
    Temperature Pres. DC (bar) Pressure (bar)   Constr. rmsd
    3.01674e+02   -1.18711e+02    6.78077e+27    1.95924e-06

           Step           Time
          96800       48.40000

   Energies (kJ/mol)
           Bond          Angle    Proper Dih.  Improper Dih. Per. Imp. Dih.
    5.38935e+01    1.74526e+01    4.76750e-01    3.58390e+03    4.43967e-02
          LJ-14     Coulomb-14        LJ (SR)  Disper. corr.   Coulomb (SR)
    1.60878e+02    5.03293e+01    1.49425e+05   -3.91363e+03   -9.20146e+05
   Coul. recip.      Potential    Kinetic En.   Total Energy  Conserved En.
    2.34056e+03   -7.68427e+05    1.25331e+05   -6.43097e+05   -7.80963e+05
    Temperature Pres. DC (bar) Pressure (bar)   Constr. rmsd
    3.03336e+02   -1.18711e+02    6.78077e+27    1.95924e-06

           Step           Time
          96900       48.45000

   Energies (kJ/mol)
           Bond          Angle    Proper Dih.  Improper Dih. Per. Imp. Dih.
    5.38935e+01    1.74526e+01    4.76750e-01    3.58390e+03    4.43967e-02
          LJ-14     Coulomb-14        LJ (SR)  Disper. corr.   Coulomb (SR)
    1.60878e+02    5.03293e+01    1.49406e+05   -3.91363e+03   -9.19690e+05
   Coul. recip.      Potential    Kinetic En.   Total Energy  Conserved En.
    2.38700e+03   -7.67944e+05    1.24238e+05   -6.43706e+05   -7.80970e+05
    Temperature Pres. DC (bar) Pressure (bar)   Constr. rmsd
    3.00691e+02   -1.18711e+02    6.78077e+27    1.95924e-06

           Step           Time
          97000       48.50000

   Energies (kJ/mol)
           Bond          Angle    Proper Dih.  Improper Dih. Per. Imp. Dih.
    5.38935e+01    1.74526e+01    4.76750e-01    3.58390e+03    4.43967e-02
          LJ-14     Coulomb-14        LJ (SR)  Disper. corr.   Coulomb (SR)
    1.60878e+02    5.03293e+01    1.48486e+05   -3.91363e+03   -9.20042e+05
   Coul. recip.      Potential    Kinetic En.   Total Energy  Conserved En.
    2.37467e+03   -7.69227e+05    1.24173e+05   -6.45054e+05   -7.80967e+05
    Temperature Pres. DC (bar) Pressure (bar)   Constr. rmsd
    3.00533e+02   -1.18711e+02    6.78077e+27    1.95924e-06

           Step           Time
          97100       48.55000

   Energies (kJ/mol)
           Bond          Angle    Proper Dih.  Improper Dih. Per. Imp. Dih.
    5.38935e+01    1.74526e+01    4.76750e-01    3.58390e+03    4.43967e-02
          LJ-14     Coulomb-14        LJ (SR)  Disper. corr.   Coulomb (SR)
    1.60878e+02    5.03293e+01    1.48994e+05   -3.91363e+03   -9.20100e+05
   Coul. recip.      Potential    Kinetic En.   Total Energy  Conserved En.
    2.42138e+03   -7.68731e+05    1.23794e+05   -6.44937e+05   -7.80963e+05
    Temperature Pres. DC (bar) Pressure (bar)   Constr. rmsd
    2.99616e+02   -1.18711e+02    6.78077e+27    1.95924e-06

           Step           Time
          97200       48.60000

   Energies (kJ/mol)
           Bond          Angle    Proper Dih.  Improper Dih. Per. Imp. Dih.
    5.38935e+01    1.74526e+01    4.76750e-01    3.58390e+03    4.43967e-02
          LJ-14     Coulomb-14        LJ (SR)  Disper. corr.   Coulomb (SR)
    1.60878e+02    5.03293e+01    1.49881e+05   -3.91363e+03   -9.21211e+05
   Coul. recip.      Potential    Kinetic En.   Total Energy  Conserved En.
    2.35917e+03   -7.69017e+05    1.24000e+05   -6.45017e+05   -7.80969e+05
    Temperature Pres. DC (bar) Pressure (bar)   Constr. rmsd
    3.00115e+02   -1.18711e+02    6.78077e+27    1.95924e-06

           Step           Time
          97300       48.65000

   Energies (kJ/mol)
           Bond          Angle    Proper Dih.  Improper Dih. Per. Imp. Dih.
    5.38935e+01    1.74526e+01    4.76750e-01    3.58390e+03    4.43967e-02
          LJ-14     Coulomb-14        LJ (SR)  Disper. corr.   Coulomb (SR)
    1.60878e+02    5.03293e+01    1.49247e+05   -3.91363e+03   -9.20274e+05
   Coul. recip.      Potential    Kinetic En.   Total Energy  Conserved En.
    2.40493e+03   -7.68668e+05    1.23779e+05   -6.44889e+05   -7.80964e+05
    Temperature Pres. DC (bar) Pressure (bar)   Constr. rmsd
    2.99581e+02   -1.18711e+02    6.78077e+27    1.95924e-06

           Step           Time
          97400       48.70000

   Energies (kJ/mol)
           Bond          Angle    Proper Dih.  Improper Dih. Per. Imp. Dih.
    5.38935e+01    1.74526e+01    4.76750e-01    3.58390e+03    4.43967e-02
          LJ-14     Coulomb-14        LJ (SR)  Disper. corr.   Coulomb (SR)
    1.60878e+02    5.03293e+01    1.49257e+05   -3.91363e+03   -9.19479e+05
   Coul. recip.      Potential    Kinetic En.   Total Energy  Conserved En.
    2.43880e+03   -7.67829e+05    1.23135e+05   -6.44695e+05   -7.80952e+05
    Temperature Pres. DC (bar) Pressure (bar)   Constr. rmsd
    2.98021e+02   -1.18711e+02    6.78077e+27    1.95924e-06

           Step           Time
          97500       48.75000

   Energies (kJ/mol)
           Bond          Angle    Proper Dih.  Improper Dih. Per. Imp. Dih.
    5.38935e+01    1.74526e+01    4.76750e-01    3.58390e+03    4.43967e-02
          LJ-14     Coulomb-14        LJ (SR)  Disper. corr.   Coulomb (SR)
    1.60878e+02    5.03293e+01    1.50287e+05   -3.91363e+03   -9.20928e+05
   Coul. recip.      Potential    Kinetic En.   Total Energy  Conserved En.
    2.34963e+03   -7.68338e+05    1.24393e+05   -6.43945e+05   -7.80961e+05
    Temperature Pres. DC (bar) Pressure (bar)   Constr. rmsd
    3.01066e+02   -1.18711e+02    6.78077e+27    1.95924e-06

           Step           Time
          97600       48.80000

   Energies (kJ/mol)
           Bond          Angle    Proper Dih.  Improper Dih. Per. Imp. Dih.
    5.38935e+01    1.74526e+01    4.76750e-01    3.58390e+03    4.43967e-02
          LJ-14     Coulomb-14        LJ (SR)  Disper. corr.   Coulomb (SR)
    1.60878e+02    5.03293e+01    1.49534e+05   -3.91363e+03   -9.20349e+05
   Coul. recip.      Potential    Kinetic En.   Total Energy  Conserved En.
    2.39078e+03   -7.68471e+05    1.24756e+05   -6.43715e+05   -7.80967e+05
    Temperature Pres. DC (bar) Pressure (bar)   Constr. rmsd
    3.01945e+02   -1.18711e+02    6.78077e+27    1.95924e-06

           Step           Time
          97700       48.85000

   Energies (kJ/mol)
           Bond          Angle    Proper Dih.  Improper Dih. Per. Imp. Dih.
    5.38935e+01    1.74526e+01    4.76750e-01    3.58390e+03    4.43967e-02
          LJ-14     Coulomb-14        LJ (SR)  Disper. corr.   Coulomb (SR)
    1.60878e+02    5.03293e+01    1.48637e+05   -3.91363e+03   -9.19064e+05
   Coul. recip.      Potential    Kinetic En.   Total Energy  Conserved En.
    2.41157e+03   -7.68063e+05    1.23997e+05   -6.44066e+05   -7.80956e+05
    Temperature Pres. DC (bar) Pressure (bar)   Constr. rmsd
    3.00107e+02   -1.18711e+02    6.78077e+27    1.95924e-06

           Step           Time
          97800       48.90000

   Energies (kJ/mol)
           Bond          Angle    Proper Dih.  Improper Dih. Per. Imp. Dih.
    5.38935e+01    1.74526e+01    4.76750e-01    3.58390e+03    4.43967e-02
          LJ-14     Coulomb-14        LJ (SR)  Disper. corr.   Coulomb (SR)
    1.60878e+02    5.03293e+01    1.48149e+05   -3.91363e+03   -9.18729e+05
   Coul. recip.      Potential    Kinetic En.   Total Energy  Conserved En.
    2.37840e+03   -7.68249e+05    1.24096e+05   -6.44153e+05   -7.80967e+05
    Temperature Pres. DC (bar) Pressure (bar)   Constr. rmsd
    3.00347e+02   -1.18711e+02    6.78077e+27    1.95924e-06

           Step           Time
          97900       48.95000

   Energies (kJ/mol)
           Bond          Angle    Proper Dih.  Improper Dih. Per. Imp. Dih.
    5.38935e+01    1.74526e+01    4.76750e-01    3.58390e+03    4.43967e-02
          LJ-14     Coulomb-14        LJ (SR)  Disper. corr.   Coulomb (SR)
    1.60878e+02    5.03293e+01    1.48716e+05   -3.91363e+03   -9.19184e+05
   Coul. recip.      Potential    Kinetic En.   Total Energy  Conserved En.
    2.30124e+03   -7.68214e+05    1.24299e+05   -6.43915e+05   -7.80966e+05
    Temperature Pres. DC (bar) Pressure (bar)   Constr. rmsd
    3.00839e+02   -1.18711e+02    6.78077e+27    1.95924e-06

           Step           Time
          98000       49.00000

   Energies (kJ/mol)
           Bond          Angle    Proper Dih.  Improper Dih. Per. Imp. Dih.
    5.38935e+01    1.74526e+01    4.76750e-01    3.58390e+03    4.43967e-02
          LJ-14     Coulomb-14        LJ (SR)  Disper. corr.   Coulomb (SR)
    1.60878e+02    5.03293e+01    1.50379e+05   -3.91363e+03   -9.21222e+05
   Coul. recip.      Potential    Kinetic En.   Total Energy  Conserved En.
    2.39314e+03   -7.68496e+05    1.24201e+05   -6.44295e+05   -7.80969e+05
    Temperature Pres. DC (bar) Pressure (bar)   Constr. rmsd
    3.00601e+02   -1.18711e+02    6.78077e+27    1.95924e-06

           Step           Time
          98100       49.05000

   Energies (kJ/mol)
           Bond          Angle    Proper Dih.  Improper Dih. Per. Imp. Dih.
    5.38935e+01    1.74526e+01    4.76750e-01    3.58390e+03    4.43967e-02
          LJ-14     Coulomb-14        LJ (SR)  Disper. corr.   Coulomb (SR)
    1.60878e+02    5.03293e+01    1.50788e+05   -3.91363e+03   -9.21272e+05
   Coul. recip.      Potential    Kinetic En.   Total Energy  Conserved En.
    2.34092e+03   -7.68189e+05    1.23729e+05   -6.44460e+05   -7.80961e+05
    Temperature Pres. DC (bar) Pressure (bar)   Constr. rmsd
    2.99459e+02   -1.18711e+02    6.78077e+27    1.95924e-06

           Step           Time
          98200       49.10000

   Energies (kJ/mol)
           Bond          Angle    Proper Dih.  Improper Dih. Per. Imp. Dih.
    5.38935e+01    1.74526e+01    4.76750e-01    3.58390e+03    4.43967e-02
          LJ-14     Coulomb-14        LJ (SR)  Disper. corr.   Coulomb (SR)
    1.60878e+02    5.03293e+01    1.50356e+05   -3.91363e+03   -9.21324e+05
   Coul. recip.      Potential    Kinetic En.   Total Energy  Conserved En.
    2.40915e+03   -7.68606e+05    1.24429e+05   -6.44177e+05   -7.80973e+05
    Temperature Pres. DC (bar) Pressure (bar)   Constr. rmsd
    3.01153e+02   -1.18711e+02    6.78077e+27    1.95924e-06

           Step           Time
          98300       49.15000

   Energies (kJ/mol)
           Bond          Angle    Proper Dih.  Improper Dih. Per. Imp. Dih.
    5.38935e+01    1.74526e+01    4.76750e-01    3.58390e+03    4.43967e-02
          LJ-14     Coulomb-14        LJ (SR)  Disper. corr.   Coulomb (SR)
    1.60878e+02    5.03293e+01    1.50431e+05   -3.91363e+03   -9.21140e+05
   Coul. recip.      Potential    Kinetic En.   Total Energy  Conserved En.
    2.36193e+03   -7.68394e+05    1.23510e+05   -6.44884e+05   -7.80969e+05
    Temperature Pres. DC (bar) Pressure (bar)   Constr. rmsd
    2.98929e+02   -1.18711e+02    6.78077e+27    1.95924e-06

           Step           Time
          98400       49.20000

   Energies (kJ/mol)
           Bond          Angle    Proper Dih.  Improper Dih. Per. Imp. Dih.
    5.38935e+01    1.74526e+01    4.76750e-01    3.58390e+03    4.43967e-02
          LJ-14     Coulomb-14        LJ (SR)  Disper. corr.   Coulomb (SR)
    1.60878e+02    5.03293e+01    1.50523e+05   -3.91363e+03   -9.22500e+05
   Coul. recip.      Potential    Kinetic En.   Total Energy  Conserved En.
    2.35088e+03   -7.69673e+05    1.24441e+05   -6.45232e+05   -7.80974e+05
    Temperature Pres. DC (bar) Pressure (bar)   Constr. rmsd
    3.01183e+02   -1.18711e+02    6.78077e+27    1.95924e-06

           Step           Time
          98500       49.25000

   Energies (kJ/mol)
           Bond          Angle    Proper Dih.  Improper Dih. Per. Imp. Dih.
    5.38935e+01    1.74526e+01    4.76750e-01    3.58390e+03    4.43967e-02
          LJ-14     Coulomb-14        LJ (SR)  Disper. corr.   Coulomb (SR)
    1.60878e+02    5.03293e+01    1.50709e+05   -3.91363e+03   -9.22744e+05
   Coul. recip.      Potential    Kinetic En.   Total Energy  Conserved En.
    2.39885e+03   -7.69683e+05    1.23754e+05   -6.45929e+05   -7.80961e+05
    Temperature Pres. DC (bar) Pressure (bar)   Constr. rmsd
    2.99521e+02   -1.18711e+02    6.78077e+27    1.95924e-06

           Step           Time
          98600       49.30000

   Energies (kJ/mol)
           Bond          Angle    Proper Dih.  Improper Dih. Per. Imp. Dih.
    5.38935e+01    1.74526e+01    4.76750e-01    3.58390e+03    4.43967e-02
          LJ-14     Coulomb-14        LJ (SR)  Disper. corr.   Coulomb (SR)
    1.60878e+02    5.03293e+01    1.50527e+05   -3.91363e+03   -9.22223e+05
   Coul. recip.      Potential    Kinetic En.   Total Energy  Conserved En.
    2.41795e+03   -7.69324e+05    1.24342e+05   -6.44982e+05   -7.80973e+05
    Temperature Pres. DC (bar) Pressure (bar)   Constr. rmsd
    3.00943e+02   -1.18711e+02    6.78077e+27    1.95924e-06

           Step           Time
          98700       49.35000

   Energies (kJ/mol)
           Bond          Angle    Proper Dih.  Improper Dih. Per. Imp. Dih.
    5.38935e+01    1.74526e+01    4.76750e-01    3.58390e+03    4.43967e-02
          LJ-14     Coulomb-14        LJ (SR)  Disper. corr.   Coulomb (SR)
    1.60878e+02    5.03293e+01    1.49560e+05   -3.91363e+03   -9.20915e+05
   Coul. recip.      Potential    Kinetic En.   Total Energy  Conserved En.
    2.38921e+03   -7.69012e+05    1.23244e+05   -6.45768e+05   -7.80964e+05
    Temperature Pres. DC (bar) Pressure (bar)   Constr. rmsd
    2.98286e+02   -1.18711e+02    6.78077e+27    1.95924e-06

           Step           Time
          98800       49.40000

   Energies (kJ/mol)
           Bond          Angle    Proper Dih.  Improper Dih. Per. Imp. Dih.
    5.38935e+01    1.74526e+01    4.76750e-01    3.58390e+03    4.43967e-02
          LJ-14     Coulomb-14        LJ (SR)  Disper. corr.   Coulomb (SR)
    1.60878e+02    5.03293e+01    1.50880e+05   -3.91363e+03   -9.21757e+05
   Coul. recip.      Potential    Kinetic En.   Total Energy  Conserved En.
    2.38566e+03   -7.68538e+05    1.23081e+05   -6.45457e+05   -7.80972e+05
    Temperature Pres. DC (bar) Pressure (bar)   Constr. rmsd
    2.97892e+02   -1.18711e+02    6.78077e+27    1.95924e-06

           Step           Time
          98900       49.45000

   Energies (kJ/mol)
           Bond          Angle    Proper Dih.  Improper Dih. Per. Imp. Dih.
    5.38935e+01    1.74526e+01    4.76750e-01    3.58390e+03    4.43967e-02
          LJ-14     Coulomb-14        LJ (SR)  Disper. corr.   Coulomb (SR)
    1.60878e+02    5.03293e+01    1.50935e+05   -3.91363e+03   -9.22662e+05
   Coul. recip.      Potential    Kinetic En.   Total Energy  Conserved En.
    2.37220e+03   -7.69402e+05    1.23114e+05   -6.46288e+05   -7.80968e+05
    Temperature Pres. DC (bar) Pressure (bar)   Constr. rmsd
    2.97971e+02   -1.18711e+02    6.78077e+27    1.95924e-06

           Step           Time
          99000       49.50000

   Energies (kJ/mol)
           Bond          Angle    Proper Dih.  Improper Dih. Per. Imp. Dih.
    5.38935e+01    1.74526e+01    4.76750e-01    3.58390e+03    4.43967e-02
          LJ-14     Coulomb-14        LJ (SR)  Disper. corr.   Coulomb (SR)
    1.60878e+02    5.03293e+01    1.49979e+05   -3.91363e+03   -9.21272e+05
   Coul. recip.      Potential    Kinetic En.   Total Energy  Conserved En.
    2.33810e+03   -7.69002e+05    1.23485e+05   -6.45517e+05   -7.80964e+05
    Temperature Pres. DC (bar) Pressure (bar)   Constr. rmsd
    2.98869e+02   -1.18711e+02    6.78077e+27    1.95924e-06

           Step           Time
          99100       49.55000

   Energies (kJ/mol)
           Bond          Angle    Proper Dih.  Improper Dih. Per. Imp. Dih.
    5.38935e+01    1.74526e+01    4.76750e-01    3.58390e+03    4.43967e-02
          LJ-14     Coulomb-14        LJ (SR)  Disper. corr.   Coulomb (SR)
    1.60878e+02    5.03293e+01    1.49183e+05   -3.91363e+03   -9.20504e+05
   Coul. recip.      Potential    Kinetic En.   Total Energy  Conserved En.
    2.34407e+03   -7.69024e+05    1.23922e+05   -6.45101e+05   -7.80976e+05
    Temperature Pres. DC (bar) Pressure (bar)   Constr. rmsd
    2.99927e+02   -1.18711e+02    6.78077e+27    1.95924e-06

           Step           Time
          99200       49.60000

   Energies (kJ/mol)
           Bond          Angle    Proper Dih.  Improper Dih. Per. Imp. Dih.
    5.38935e+01    1.74526e+01    4.76750e-01    3.58390e+03    4.43967e-02
          LJ-14     Coulomb-14        LJ (SR)  Disper. corr.   Coulomb (SR)
    1.60878e+02    5.03293e+01    1.49964e+05   -3.91363e+03   -9.20276e+05
   Coul. recip.      Potential    Kinetic En.   Total Energy  Conserved En.
    2.34753e+03   -7.68011e+05    1.23811e+05   -6.44200e+05   -7.80969e+05
    Temperature Pres. DC (bar) Pressure (bar)   Constr. rmsd
    2.99657e+02   -1.18711e+02    6.78077e+27    1.95924e-06

           Step           Time
          99300       49.65000

   Energies (kJ/mol)
           Bond          Angle    Proper Dih.  Improper Dih. Per. Imp. Dih.
    5.38935e+01    1.74526e+01    4.76750e-01    3.58390e+03    4.43967e-02
          LJ-14     Coulomb-14        LJ (SR)  Disper. corr.   Coulomb (SR)
    1.60878e+02    5.03293e+01    1.49339e+05   -3.91363e+03   -9.20916e+05
   Coul. recip.      Potential    Kinetic En.   Total Energy  Conserved En.
    2.33495e+03   -7.69289e+05    1.23816e+05   -6.45472e+05   -7.80972e+05
    Temperature Pres. DC (bar) Pressure (bar)   Constr. rmsd
    2.99670e+02   -1.18711e+02    6.78077e+27    1.95924e-06

           Step           Time
          99400       49.70000

   Energies (kJ/mol)
           Bond          Angle    Proper Dih.  Improper Dih. Per. Imp. Dih.
    5.38935e+01    1.74526e+01    4.76750e-01    3.58390e+03    4.43967e-02
          LJ-14     Coulomb-14        LJ (SR)  Disper. corr.   Coulomb (SR)
    1.60878e+02    5.03293e+01    1.49202e+05   -3.91363e+03   -9.20400e+05
   Coul. recip.      Potential    Kinetic En.   Total Energy  Conserved En.
    2.30905e+03   -7.68936e+05    1.23176e+05   -6.45760e+05   -7.80966e+05
    Temperature Pres. DC (bar) Pressure (bar)   Constr. rmsd
    2.98121e+02   -1.18711e+02    6.78077e+27    1.95924e-06

           Step           Time
          99500       49.75000

   Energies (kJ/mol)
           Bond          Angle    Proper Dih.  Improper Dih. Per. Imp. Dih.
    5.38935e+01    1.74526e+01    4.76750e-01    3.58390e+03    4.43967e-02
          LJ-14     Coulomb-14        LJ (SR)  Disper. corr.   Coulomb (SR)
    1.60878e+02    5.03293e+01    1.50588e+05   -3.91363e+03   -9.22188e+05
   Coul. recip.      Potential    Kinetic En.   Total Energy  Conserved En.
    2.52440e+03   -7.69123e+05    1.23415e+05   -6.45708e+05   -7.80969e+05
    Temperature Pres. DC (bar) Pressure (bar)   Constr. rmsd
    2.98699e+02   -1.18711e+02    6.78077e+27    1.95924e-06

           Step           Time
          99600       49.80000

   Energies (kJ/mol)
           Bond          Angle    Proper Dih.  Improper Dih. Per. Imp. Dih.
    5.38935e+01    1.74526e+01    4.76750e-01    3.58390e+03    4.43967e-02
          LJ-14     Coulomb-14        LJ (SR)  Disper. corr.   Coulomb (SR)
    1.60878e+02    5.03293e+01    1.50112e+05   -3.91363e+03   -9.21655e+05
   Coul. recip.      Potential    Kinetic En.   Total Energy  Conserved En.
    2.34985e+03   -7.69240e+05    1.22355e+05   -6.46885e+05   -7.80974e+05
    Temperature Pres. DC (bar) Pressure (bar)   Constr. rmsd
    2.96134e+02   -1.18711e+02    6.78077e+27    1.95924e-06

           Step           Time
          99700       49.85000

   Energies (kJ/mol)
           Bond          Angle    Proper Dih.  Improper Dih. Per. Imp. Dih.
    5.38935e+01    1.74526e+01    4.76750e-01    3.58390e+03    4.43967e-02
          LJ-14     Coulomb-14        LJ (SR)  Disper. corr.   Coulomb (SR)
    1.60878e+02    5.03293e+01    1.50807e+05   -3.91363e+03   -9.23624e+05
   Coul. recip.      Potential    Kinetic En.   Total Energy  Conserved En.
    2.28797e+03   -7.70576e+05    1.24104e+05   -6.46472e+05   -7.80972e+05
    Temperature Pres. DC (bar) Pressure (bar)   Constr. rmsd
    3.00367e+02   -1.18711e+02    6.78077e+27    1.95924e-06

           Step           Time
          99800       49.90000

   Energies (kJ/mol)
           Bond          Angle    Proper Dih.  Improper Dih. Per. Imp. Dih.
    5.38935e+01    1.74526e+01    4.76750e-01    3.58390e+03    4.43967e-02
          LJ-14     Coulomb-14        LJ (SR)  Disper. corr.   Coulomb (SR)
    1.60878e+02    5.03293e+01    1.49166e+05   -3.91363e+03   -9.21185e+05
   Coul. recip.      Potential    Kinetic En.   Total Energy  Conserved En.
    2.44477e+03   -7.69621e+05    1.23092e+05   -6.46529e+05   -7.80971e+05
    Temperature Pres. DC (bar) Pressure (bar)   Constr. rmsd
    2.97918e+02   -1.18711e+02    6.78077e+27    1.95924e-06

           Step           Time
          99900       49.95000

   Energies (kJ/mol)
           Bond          Angle    Proper Dih.  Improper Dih. Per. Imp. Dih.
    5.38935e+01    1.74526e+01    4.76750e-01    3.58390e+03    4.43967e-02
          LJ-14     Coulomb-14        LJ (SR)  Disper. corr.   Coulomb (SR)
    1.60878e+02    5.03293e+01    1.49941e+05   -3.91363e+03   -9.21530e+05
   Coul. recip.      Potential    Kinetic En.   Total Energy  Conserved En.
    2.39104e+03   -7.69245e+05    1.23682e+05   -6.45563e+05   -7.80976e+05
    Temperature Pres. DC (bar) Pressure (bar)   Constr. rmsd
    2.99345e+02   -1.18711e+02    6.78077e+27    1.95924e-06

           Step           Time
         100000       50.00000

Writing checkpoint, step 100000 at Wed Jul  8 14:54:52 2026


   Energies (kJ/mol)
           Bond          Angle    Proper Dih.  Improper Dih. Per. Imp. Dih.
    5.38935e+01    1.74526e+01    4.76750e-01    3.58390e+03    4.43967e-02
          LJ-14     Coulomb-14        LJ (SR)  Disper. corr.   Coulomb (SR)
    1.60878e+02    5.03293e+01    1.50508e+05   -3.91363e+03   -9.21810e+05
   Coul. recip.      Potential    Kinetic En.   Total Energy  Conserved En.
    2.35753e+03   -7.68991e+05    1.23501e+05   -6.45490e+05   -7.80975e+05
    Temperature Pres. DC (bar) Pressure (bar)   Constr. rmsd
    2.98907e+02   -1.18711e+02    6.78077e+27    1.95924e-06


Energy conservation over simulation part #2 of length 30 ps, time 20 to 50 ps
  Conserved energy drift: -1.37e-04 kJ/mol/ps per atom


	<======  ###############  ==>
	<====  A V E R A G E S  ====>
	<==  ###############  ======>

	Statistics over 60001 steps using 601 frames

   Energies (kJ/mol)
           Bond          Angle    Proper Dih.  Improper Dih. Per. Imp. Dih.
    5.38935e+01    1.74526e+01    4.76750e-01    3.58390e+03    4.43967e-02
          LJ-14     Coulomb-14        LJ (SR)  Disper. corr.   Coulomb (SR)
    1.60878e+02    5.03293e+01    1.49746e+05   -3.91363e+03   -9.20746e+05
   Coul. recip.      Potential    Kinetic En.   Total Energy  Conserved En.
    2.37445e+03   -7.68672e+05    1.23900e+05   -6.44773e+05   -7.80833e+05
    Temperature Pres. DC (bar) Pressure (bar)   Constr. rmsd
    2.99873e+02   -1.18711e+02    6.78077e+27    0.00000e+00

   Total Virial (kJ/mol)
   -1.25382e+29    2.25619e+28    7.69305e+28
    2.25619e+28    1.01933e+29   -9.88347e+27
    7.69305e+28   -9.88348e+27   -3.12058e+29

   Pressure (bar)
    7.60209e+27   -1.36796e+27   -4.66442e+27
   -1.36796e+27   -6.18035e+27    5.99250e+26
   -4.66442e+27    5.99250e+26    1.89206e+28

  Epot (kJ/mol)        Coul-SR          LJ-SR        Coul-14          LJ-14   
HBN_PYR-HBN_PYR   -4.91129e+01    1.14086e+04    5.03293e+01    1.60878e+02
   HBN_PYR-CAPS    0.00000e+00    0.00000e+00    0.00000e+00    0.00000e+00
    HBN_PYR-SOL   -1.24504e+02   -9.68010e+02    0.00000e+00    0.00000e+00
      CAPS-CAPS    0.00000e+00    0.00000e+00    0.00000e+00    0.00000e+00
       CAPS-SOL    0.00000e+00    2.61317e+01    0.00000e+00    0.00000e+00
        SOL-SOL   -9.20573e+05    1.39279e+05    0.00000e+00    0.00000e+00

          T-SOL      T-HBN_PYR         T-CAPS
    2.99873e+02    0.00000e+00    0.00000e+00


	M E G A - F L O P S   A C C O U N T I N G

 NB=Group-cutoff nonbonded kernels    NxN=N-by-N cluster Verlet kernels
 RF=Reaction-Field  VdW=Van der Waals  QSTab=quadratic-spline table
 W3=SPC/TIP3p  W4=TIP4p (single or pairs)
 V&F=Potential and force  V=Potential only  F=Force only

 Computing:                               M-Number         M-Flops  % Flops
-----------------------------------------------------------------------------
 Pair Search distance check           23491.562358      211424.061     0.1
 NxN Ewald Elec. + LJ [F]           1802191.792896   118944658.331    48.9
 NxN Ewald Elec. + LJ [V&F]           18234.332416     1951073.569     0.8
 NxN LJ [F]                           78646.756320     2595342.959     1.1
 NxN LJ [V&F]                           795.729184       34216.355     0.0
 NxN Ewald Elec. [F]                1776718.364256   108379820.220    44.5
 NxN Ewald Elec. [V&F]                17976.591008     1510033.645     0.6
 1,4 nonbonded interactions              15.360256        1382.423     0.0
 Calc Weights                         12299.964996      442798.740     0.2
 Spread Q Bspline                    262399.253248      524798.506     0.2
 Gather F Bspline                    262399.253248     1574395.519     0.6
 3D-FFT                              759388.736268     6075109.890     2.5
 Solve PME                            10567.856128      676342.792     0.3
 Reset In Box                            40.999200         122.998     0.0
 CG-CoM                                  41.067532         123.203     0.0
 Bonds                                  152.162536        8977.590     0.0
 Angles                                 303.125052       50925.009     0.0
 Propers                                 18.240304        4177.030     0.0
 Impropers                              101.041684       21016.670     0.0
 Virial                                  41.094577         739.702     0.0
 Stop-CM                                 41.067532         410.675     0.0
 Calc-Ekin                              328.061932        8857.672     0.0
 Lincs                                    2.400040         144.002     0.0
 Constraint-V                          2986.549775       26878.948     0.0
 Constraint-Vir                          29.890735         717.378     0.0
 Settle                                 993.916565      367749.129     0.2
 Virtual Site 3                        1003.872130       37143.269     0.0
-----------------------------------------------------------------------------
 Total                                               243449380.284   100.0
-----------------------------------------------------------------------------


    D O M A I N   D E C O M P O S I T I O N   S T A T I S T I C S

 av. #atoms communicated per step for force:  2 x 0.0
 av. #atoms communicated per step for vsites: 3 x 0.0
 av. #atoms communicated per step for LINCS:  2 x 0.0


      R E A L   C Y C L E   A N D   T I M E   A C C O U N T I N G

On 1 MPI rank, each using 12 OpenMP threads

 Activity:              Num   Num      Call    Wall time         Giga-Cycles
                        Ranks Threads  Count      (s)         total sum    %
--------------------------------------------------------------------------------
 Domain decomp.            1   12        600       3.537        110.031   0.3
 Vsite constr.             1   12      60001       8.095        251.799   0.7
 Neighbor search           1   12        601      12.741        396.310   1.1
 Force                     1   12      60001     939.960      29238.020  80.5
 PME mesh                  1   12      60001     162.559       5056.486  13.9
 NB X/F buffer ops.        1   12     120002      11.109        345.558   1.0
 Vsite spread              1   12      60602       6.555        203.900   0.6
 Write traj.               1   12         62       0.601         18.683   0.1
 Update                    1   12      60001      10.689        332.482   0.9
 Constraints               1   12      60001       7.504        233.408   0.6
 Kinetic energy            1   12       4801       0.532         16.549   0.0
 Rest                                              3.049         94.833   0.3
--------------------------------------------------------------------------------
 Total                                          1166.930      36298.060 100.0
--------------------------------------------------------------------------------
 Breakdown of PME mesh activities
--------------------------------------------------------------------------------
 PME spread                1   12      60001      65.289       2030.855   5.6
 PME gather                1   12      60001      39.353       1224.093   3.4
 PME 3D-FFT                1   12     120002      54.098       1682.747   4.6
 PME solve Elec            1   12      60001       3.560        110.748   0.3
--------------------------------------------------------------------------------

               Core t (s)   Wall t (s)        (%)
       Time:    14003.158     1166.930     1200.0
                 (ns/day)    (hour/ns)
Performance:        2.221       10.805
Finished mdrun on rank 0 Wed Jul  8 14:54:52 2026

