MO,PYR4_fraction,PYR5_fraction,WATER_fraction
315a,0.994578,0.000000,0.005422
316a,0.000000,0.967723,0.032277
