detuning_meV,E_PYR2_eV,gamma_ps,solver_success,max_trace_error,min_density_eigenvalue,max_PYR2,time_max_PYR2_fs,final_PYR2,t_PYR2_1pct_fs,t_PYR2_5pct_fs,t_PYR2_10pct_fs
0.0,3.7775,10.0,True,1.5543122344752192e-15,0.0,0.24999999989551439,10000.0,0.24999999989551439,70.0,190.0,330.0
5.0,3.7725,10.0,True,3.885780586188048e-15,0.0,0.24999986736198365,10000.0,0.24999986736198365,70.0,210.0,400.0
10.0,3.7675,10.0,True,1.1102230246251565e-15,0.0,0.24987427341173557,10000.0,0.24987427341173557,70.0,300.0,690.0
15.0,3.7624999999999997,10.0,True,6.661338147750939e-16,0.0,0.24714753509298878,10000.0,0.24714753509298878,80.0,490.0,1130.0
20.0,3.7575,10.0,True,1.5543122344752192e-15,0.0,0.23861404625597726,10000.0,0.23861404625597726,80.0,690.0,1620.0
22.5,3.755,10.0,True,8.881784197001252e-16,0.0,0.234131013707095,10000.0,0.234131013707095,80.0,760.0,1810.0
30.0,3.7475,10.0,True,1.4432899320127035e-15,0.0,0.23728031416430878,10000.0,0.23728031416430878,100.0,700.0,1670.0
40.0,3.7375,10.0,True,1.1102230246251565e-15,0.0,0.24413031321010648,10000.0,0.24413031321010648,170.0,630.0,1400.0
