                      :-) GROMACS - gmx mdrun, 2025.4 (-:

Copyright 1991-2025 The GROMACS Authors.
GROMACS is free software; you can redistribute it and/or modify it
under the terms of the GNU Lesser General Public License
as published by the Free Software Foundation; either version 2.1
of the License, or (at your option) any later version.

                         Current GROMACS contributors:
       Mark Abraham           Andrey Alekseenko           Brian Andrews       
      Vladimir Basov              Paul Bauer                Hugh Bird         
      Eliane Briand               Ania Brown              Mahesh Doijade      
      Giacomo Fiorin          Stefan Fleischmann          Sergey Gorelov      
   Gilles Gouaillardet            Alan Gray              M. Eric Irrgang      
   Farzaneh Jalalypour         Petter Johansson          Carsten Kutzner      
    Grzegorz Łazarski         Justin A. Lemkul          Magnus Lundborg      
       Pascal Merz             Vedran Miletić            Dmitry Morozov      
     Lukas Müllender            Julien Nabet             Szilárd Páll      
 Andrea Pasquadibisceglie     Michele Pellegrino         Nicola Piasentin     
     Daniele Rapetti         Muhammad Umair Sadiq         Hubert Santuz       
      Roland Schulz             Michael Shirts           Tatiana Shugaeva     
     Alexey Shvetsov            Philip Turner            Alessandra Villa     
 Sebastian Wingbermühle  

                         Previous GROMACS contributors:
        Emile Apol             Rossen Apostolov           James Barnett       
  Herman J.C. Berendsen         Cathrine Bergh             Par Bjelkmar       
      Christian Blau          Viacheslav Bolnykh            Kevin Boyd        
    Aldert van Buuren          Carlo Camilloni           Rudi van Drunen      
      Anton Feenstra           Oliver Fleetwood            Vytas Gapsys       
       Gaurav Garg             Gerrit Groenhof            Bert de Groot       
      Anca Hamuraru           Vincent Hindriksen          Victor Holanda      
     Aleksei Iupinov              Joe Jordan            Christoph Junghans    
    Prashanth Kanduri        Dimitrios Karkoulis           Peter Kasson       
      Sebastian Kehl           Sebastian Keller             Jiri Kraus        
       Per Larsson              Viveca Lindahl            Erik Marklund       
    Pieter Meulenhoff           Teemu Murtola              Sander Pronk       
      Alfons Sijbers            Balint Soproni         David van der Spoel    
      Peter Tieleman            Carsten Uphoff             Jon Vincent        
     Teemu Virolainen         Christian Wennberg           Maarten Wolf       
      Artem Zhmurov       

                  Coordinated by the GROMACS project leaders:
                           Berk Hess and Erik Lindahl

GROMACS:      gmx mdrun, version 2025.4
Executable:   /usr/local/gromacs/bin/gmx
Data prefix:  /usr/local/gromacs
Working dir:  /Users/alejandro/projects/Multiscale-Simulation-Project/Microtubule_Inspired_Phase0/runs/phase1A/day021_mobile_restraint_protocol/matched_frozen_control_144ps/execution
Process ID:   5846
Command line:
  gmx mdrun -deffnm matched_frozen_control_144ps

GROMACS version:     2025.4
Precision:           mixed
Memory model:        64 bit
MPI library:         thread_mpi
OpenMP support:      enabled (GMX_OPENMP_MAX_THREADS = 128)
GPU support:         disabled
SIMD instructions:   AVX2_256
CPU FFT library:     fftw-3.3.10-sse2
GPU FFT library:     none
Multi-GPU FFT:       none
RDTSCP usage:        enabled
TNG support:         enabled
Hwloc support:       disabled
Tracing support:     disabled
C compiler:          /usr/bin/gcc AppleClang 14.0.0.14000029
C compiler flags:    -mavx2 -mfma -Wno-missing-field-initializers -fno-stack-check -O3 -DNDEBUG
C++ compiler:        /usr/bin/g++ AppleClang 14.0.0.14000029
C++ compiler flags:  -mavx2 -mfma -Wno-reserved-identifier -Wno-missing-field-initializers -fno-stack-check -Weverything -Wno-c++98-compat -Wno-c++98-compat-pedantic -Wno-source-uses-openmp -Wno-c++17-extensions -Wno-documentation-unknown-command -Wno-covered-switch-default -Wno-switch-enum -Wno-switch-default -Wno-extra-semi-stmt -Wno-weak-vtables -Wno-shadow -Wno-padded -Wno-reserved-id-macro -Wno-double-promotion -Wno-exit-time-destructors -Wno-global-constructors -Wno-documentation -Wno-format-nonliteral -Wno-used-but-marked-unused -Wno-float-equal -Wno-conditional-uninitialized -Wno-conversion -Wno-disabled-macro-expansion -Wno-unused-macros SHELL:-Xpreprocessor -fopenmp -I/usr/local/opt/libomp/include -O3 -DNDEBUG
BLAS library:        External - detected on the system
LAPACK library:      External - detected on the system


Running on 1 node with total 0 processing units
Hardware detected on host Alejandros-MacBook-Pro-2.local:
  CPU info:
    Vendor: Intel
    Brand:  Intel(R) Core(TM) i7-9750H CPU @ 2.60GHz
    Family: 6   Model: 158   Stepping: 10
    Features: aes apic avx avx2 clfsh cmov cx8 cx16 f16c fma htt intel lahf mmx msr nonstop_tsc pcid pclmuldq pdcm pdpe1gb popcnt pse rdrnd rdtscp sse2 sse3 sse4.1 sse4.2 ssse3 tdt x2apic
  Hardware topology: Only logical processor count
    CPU limit set by OS: -1   Recommended max number of threads: 12


++++ PLEASE READ AND CITE THE FOLLOWING REFERENCE ++++
M. J. Abraham, T. Murtola, R. Schulz, S. Páll, J. C. Smith, B. Hess, E.
Lindahl
GROMACS: High performance molecular simulations through multi-level
parallelism from laptops to supercomputers
SoftwareX (2015)
DOI: 10.1016/j.softx.2015.06.001
-------- -------- --- Thank You --- -------- --------


++++ PLEASE READ AND CITE THE FOLLOWING REFERENCE ++++
S. Páll, M. J. Abraham, C. Kutzner, B. Hess, E. Lindahl
Tackling Exascale Software Challenges in Molecular Dynamics Simulations with
GROMACS
In S. Markidis & E. Laure (Eds.), Solving Software Challenges for Exascale (2015)
DOI: 10.1007/978-3-319-15976-8_1
-------- -------- --- Thank You --- -------- --------


++++ PLEASE READ AND CITE THE FOLLOWING REFERENCE ++++
S. Pronk, S. Páll, R. Schulz, P. Larsson, P. Bjelkmar, R. Apostolov, M. R.
Shirts, J. C. Smith, P. M. Kasson, D. van der Spoel, B. Hess, E. Lindahl
GROMACS 4.5: a high-throughput and highly parallel open source molecular
simulation toolkit
Bioinformatics (2013)
DOI: 10.1093/bioinformatics/btt055
-------- -------- --- Thank You --- -------- --------


++++ PLEASE READ AND CITE THE FOLLOWING REFERENCE ++++
B. Hess, C. Kutzner, D. van der Spoel, E. Lindahl
GROMACS 4: Algorithms for highly efficient, load-balanced, and scalable
molecular simulation
J. Chem. Theory Comput. (2008)
DOI: 10.1021/ct700301q
-------- -------- --- Thank You --- -------- --------


++++ PLEASE READ AND CITE THE FOLLOWING REFERENCE ++++
D. van der Spoel, E. Lindahl, B. Hess, G. Groenhof, A. E. Mark, H. J. C.
Berendsen
GROMACS: Fast, Flexible and Free
J. Comp. Chem. (2005)
DOI: 10.1002/jcc.20291
-------- -------- --- Thank You --- -------- --------


++++ PLEASE READ AND CITE THE FOLLOWING REFERENCE ++++
E. Lindahl, B. Hess, D. van der Spoel
GROMACS 3.0: A package for molecular simulation and trajectory analysis
J. Mol. Mod. (2001)
DOI: 10.1007/s008940100045
-------- -------- --- Thank You --- -------- --------


++++ PLEASE READ AND CITE THE FOLLOWING REFERENCE ++++
H. J. C. Berendsen, D. van der Spoel and R. van Drunen
GROMACS: A message-passing parallel molecular dynamics implementation
Comp. Phys. Comm. (1995)
DOI: 10.1016/0010-4655(95)00042-E
-------- -------- --- Thank You --- -------- --------


++++ PLEASE CITE THE DOI FOR THIS VERSION OF GROMACS ++++
https://doi.org/10.5281/zenodo.17671793
-------- -------- --- Thank You --- -------- --------

Input Parameters:
   integrator                     = md
   tinit                          = 0
   dt                             = 0.0005
   nsteps                         = 288000
   init-step                      = 0
   simulation-part                = 1
   mts                            = false
   mass-repartition-factor        = 1
   comm-mode                      = None
   nstcomm                        = 0
   bd-fric                        = 0
   ld-seed                        = -269030921
   emtol                          = 10
   emstep                         = 0.01
   niter                          = 20
   fcstep                         = 0
   nstcgsteep                     = 1000
   nbfgscorr                      = 10
   rtpi                           = 0.05
   nstxout                        = 0
   nstvout                        = 0
   nstfout                        = 0
   nstlog                         = 1000
   nstcalcenergy                  = 100
   nstenergy                      = 200
   nstxout-compressed             = 1000
   compressed-x-precision         = 1000
   cutoff-scheme                  = Verlet
   nstlist                        = 20
   pbc                            = xyz
   periodic-molecules             = false
   verlet-buffer-tolerance        = 0.005
   verlet-buffer-pressure-tolerance = 0.5
   rlist                          = 1.2
   coulombtype                    = PME
   coulomb-modifier               = Potential-shift
   rcoulomb-switch                = 0
   rcoulomb                       = 1.2
   epsilon-r                      = 1
   epsilon-rf                     = inf
   vdw-type                       = Cut-off
   vdw-modifier                   = Potential-shift
   rvdw-switch                    = 0
   rvdw                           = 1.2
   DispCorr                       = No
   table-extension                = 1
   fourierspacing                 = 0.12
   fourier-nx                     = 64
   fourier-ny                     = 64
   fourier-nz                     = 84
   pme-order                      = 4
   ewald-rtol                     = 1e-05
   ewald-rtol-lj                  = 0.001
   lj-pme-comb-rule               = Geometric
   ewald-geometry                 = 3d
   epsilon-surface                = 0
   ensemble-temperature-setting   = constant
   ensemble-temperature           = 300
   tcoupl                         = V-rescale
   nsttcouple                     = 100
   nh-chain-length                = 0
   print-nose-hoover-chain-variables = false
   pcoupl                         = No
   refcoord-scaling               = No
   posres-com: not available
   posres-comB: not available
   QMMM                           = false
qm-opts:
   ngQM                           = 0
   constraint-algorithm           = Lincs
   continuation                   = false
   Shake-SOR                      = false
   shake-tol                      = 0.0001
   lincs-order                    = 4
   lincs-iter                     = 1
   lincs-warnangle                = 30
   nwall                          = 0
   wall-type                      = 9-3
   wall-r-linpot                  = -1
   wall-atomtype[0]               = -1
   wall-atomtype[1]               = -1
   wall-density[0]                = 0
   wall-density[1]                = 0
   wall-ewald-zfac                = 3
   pull                           = false
   awh                            = false
   rotation                       = false
   interactiveMD                  = false
   disre                          = No
   disre-weighting                = Conservative
   disre-mixed                    = false
   dr-fc                          = 1000
   dr-tau                         = 0
   nstdisreout                    = 100
   orire-fc                       = 0
   orire-tau                      = 0
   nstorireout                    = 100
   free-energy                    = no
   cos-acceleration               = 0
   deform (3x3):
      deform[    0]={ 0.00000e+00,  0.00000e+00,  0.00000e+00}
      deform[    1]={ 0.00000e+00,  0.00000e+00,  0.00000e+00}
      deform[    2]={ 0.00000e+00,  0.00000e+00,  0.00000e+00}
   simulated-tempering            = false
   swapcoords                     = no
   userint1                       = 0
   userint2                       = 0
   userint3                       = 0
   userint4                       = 0
   userreal1                      = 0
   userreal2                      = 0
   userreal3                      = 0
   userreal4                      = 0
   applied-forces:
     electric-field:
       x:
         E0                       = 0
         omega                    = 0
         t0                       = 0
         sigma                    = 0
       y:
         E0                       = 0
         omega                    = 0
         t0                       = 0
         sigma                    = 0
       z:
         E0                       = 0
         omega                    = 0
         t0                       = 0
         sigma                    = 0
     density-guided-simulation:
       active                     = false
       group                      = protein
       similarity-measure         = inner-product
       atom-spreading-weight      = unity
       force-constant             = 1e+09
       gaussian-transform-spreading-width = 0.2
       gaussian-transform-spreading-range-in-multiples-of-width = 4
       reference-density-filename = reference.mrc
       nst                        = 1
       normalize-densities        = true
       adaptive-force-scaling     = false
       adaptive-force-scaling-time-constant = 4
       shift-vector               = 
       transformation-matrix      = 
     qmmm-cp2k:
       active                     = false
       qmgroup                    = System
       qmmethod                   = PBE
       qmfilenames                = 
       qmcharge                   = 0
       qmmultiplicity             = 1
     colvars:
       active                     = false
       configfile                 = 
       seed                       = -1
     nnpot:
       active                     = false
       modelfile                  = model.pt
       input-group                = System
       model-input1               = 
       model-input2               = 
       model-input3               = 
       model-input4               = 
grpopts:
   nrdf:       99804
   ref-t:         300
   tau-t:           1
annealing:          No
annealing-npoints:           0
   acc:	           0           0           0
   nfreeze:           Y           Y           Y           N           N           N
   energygrp-flags[  0]: 0

Changing nstlist from 20 to 100, rlist from 1.2 to 1.253


Initializing Domain Decomposition on 1 ranks
Dynamic load balancing: auto
Using update groups, nr 18418, average size 3.7 atoms, max. radius 0.078 nm
Minimum cell size due to atom displacement: 0.446 nm
Initial maximum distances in bonded interactions:
    two-body bonded interactions: 0.385 nm, LJ-14, atoms 1760 1774
  multi-body bonded interactions: 0.385 nm, Proper Dih., atoms 1760 1774
Minimum cell size due to bonded interactions: 0.424 nm
Using 0 separate PME ranks because: there are too few total ranks for efficient splitting
Optimizing the DD grid for 1 cells with a minimum initial size of 0.446 nm
The maximum allowed number of cells is: X 16 Y 16 Z 22
Domain decomposition grid 1 x 1 x 1, separate PME ranks 0
PME domain decomposition: 1 x 1 x 1

The initial number of communication pulses is:
The initial domain decomposition cell size is:

The maximum allowed distance for atom groups involved in interactions is:
                 non-bonded interactions           1.409 nm
            two-body bonded interactions  (-rdd)   1.409 nm
          multi-body bonded interactions  (-rdd)   1.409 nm

When dynamic load balancing gets turned on, these settings will change to:
The maximum number of communication pulses is:
The minimum size for domain decomposition cells is 1.409 nm
The requested allowed shrink of DD cells (option -dds) is: 0.80
The allowed shrink of domain decomposition cells is:
The maximum allowed distance for atom groups involved in interactions is:
                 non-bonded interactions           1.409 nm
            two-body bonded interactions  (-rdd)   1.409 nm
          multi-body bonded interactions  (-rdd)   1.409 nm

Local state does not use filler particles

Using 1 MPI thread
Using 12 OpenMP threads 

System total charge: -0.000
Will do PME sum in reciprocal space for electrostatic interactions.

++++ PLEASE READ AND CITE THE FOLLOWING REFERENCE ++++
U. Essmann, L. Perera, M. L. Berkowitz, T. Darden, H. Lee, L. G. Pedersen 
A smooth particle mesh Ewald method
J. Chem. Phys. (1995)
DOI: 10.1063/1.470117
-------- -------- --- Thank You --- -------- --------

Using a Gaussian width (1/beta) of 0.384195 nm for Ewald
Potential shift: LJ r^-12: -1.122e-01 r^-6: -3.349e-01, Ewald -8.333e-06
Initialized non-bonded Coulomb Ewald tables, spacing: 1.02e-03 size: 1176

Generated table with 1126 data points for 1-4 COUL.
Tabscale = 500 points/nm
Generated table with 1126 data points for 1-4 LJ6.
Tabscale = 500 points/nm
Generated table with 1126 data points for 1-4 LJ12.
Tabscale = 500 points/nm


Using SIMD4xM 4x8 nonbonded short-range kernels

Using a dual 4x8 pair-list setup updated with dynamic pruning:
  outer list: updated every 100 steps, buffer 0.053 nm, rlist 1.253 nm
  inner list: updated every  34 steps, buffer 0.000 nm, rlist 1.200 nm
At tolerance 0.005 kJ/mol/ps per atom, equivalent classical 1x1 list would be:
  outer list: updated every 100 steps, buffer 0.139 nm, rlist 1.339 nm
  inner list: updated every  34 steps, buffer 0.034 nm, rlist 1.234 nm

The average pressure is off by at most 0.16 bar due to missing LJ interactions

Using Lorentz-Berthelot Lennard-Jones combination rule
Removing pbc first time

Linking all bonded interactions to atoms


++++ PLEASE READ AND CITE THE FOLLOWING REFERENCE ++++
S. Miyamoto, P. A. Kollman
SETTLE: An Analytical Version of the SHAKE and RATTLE Algorithms for Rigid
Water Models
J. Comp. Chem. (1992)
DOI: 10.1002/jcc.540130805
-------- -------- --- Thank You --- -------- --------


++++ PLEASE READ AND CITE THE FOLLOWING REFERENCE ++++
G. Bussi, D. Donadio, M. Parrinello
Canonical sampling through velocity rescaling
J. Chem. Phys. (2007)
DOI: 10.1063/1.2408420
-------- -------- --- Thank You --- -------- --------

There are: 51686 Atoms
There are: 16634 VSites

Atom distribution over 1 domains: av 68320 stddev 0 min 68320 max 68320

Constraining the starting coordinates (step 0)

Constraining the coordinates at t0-dt (step 0)
RMS relative constraint deviation after constraining: 0.00e+00
Initial temperature: 298.976 K

Started mdrun on rank 0 Tue Jul  7 12:16:03 2026

           Step           Time
              0        0.00000

   Energies (kJ/mol)
           Bond          Angle    Proper Dih.  Improper Dih. Per. Imp. Dih.
    4.80195e+01    3.92877e+01    4.76679e-01    3.55699e+03    4.03021e-02
          LJ-14     Coulomb-14        LJ (SR)   Coulomb (SR)   Coul. recip.
    1.62861e+02    5.04800e+01    1.43705e+05   -9.37606e+05    1.95084e+03
      Potential    Kinetic En.   Total Energy  Conserved En.    Temperature
   -7.88092e+05    1.24102e+05   -6.63991e+05   -6.63991e+05    2.99106e+02
 Pressure (bar)
    2.78158e+01

           Step           Time
           1000        0.50000

   Energies (kJ/mol)
           Bond          Angle    Proper Dih.  Improper Dih. Per. Imp. Dih.
    4.80195e+01    3.92877e+01    4.76679e-01    3.55699e+03    4.03021e-02
          LJ-14     Coulomb-14        LJ (SR)   Coulomb (SR)   Coul. recip.
    1.62861e+02    5.04800e+01    1.53996e+05   -9.39244e+05    2.16621e+03
      Potential    Kinetic En.   Total Energy  Conserved En.    Temperature
   -7.79223e+05    1.17921e+05   -6.61302e+05   -6.63952e+05    2.84209e+02
 Pressure (bar)
    1.28551e+03

           Step           Time
           2000        1.00000

   Energies (kJ/mol)
           Bond          Angle    Proper Dih.  Improper Dih. Per. Imp. Dih.
    4.80195e+01    3.92877e+01    4.76679e-01    3.55699e+03    4.03021e-02
          LJ-14     Coulomb-14        LJ (SR)   Coulomb (SR)   Coul. recip.
    1.62861e+02    5.04800e+01    1.55394e+05   -9.40819e+05    2.24887e+03
      Potential    Kinetic En.   Total Energy  Conserved En.    Temperature
   -7.79318e+05    1.20673e+05   -6.58645e+05   -6.63930e+05    2.90843e+02
 Pressure (bar)
    1.43420e+03

           Step           Time
           3000        1.50000

   Energies (kJ/mol)
           Bond          Angle    Proper Dih.  Improper Dih. Per. Imp. Dih.
    4.80195e+01    3.92877e+01    4.76679e-01    3.55699e+03    4.03021e-02
          LJ-14     Coulomb-14        LJ (SR)   Coulomb (SR)   Coul. recip.
    1.62861e+02    5.04800e+01    1.55217e+05   -9.39888e+05    2.16383e+03
      Potential    Kinetic En.   Total Energy  Conserved En.    Temperature
   -7.78650e+05    1.21340e+05   -6.57310e+05   -6.63908e+05    2.92450e+02
 Pressure (bar)
    1.43267e+03

           Step           Time
           4000        2.00000

   Energies (kJ/mol)
           Bond          Angle    Proper Dih.  Improper Dih. Per. Imp. Dih.
    4.80195e+01    3.92877e+01    4.76679e-01    3.55699e+03    4.03021e-02
          LJ-14     Coulomb-14        LJ (SR)   Coulomb (SR)   Coul. recip.
    1.62861e+02    5.04800e+01    1.52730e+05   -9.37056e+05    2.20407e+03
      Potential    Kinetic En.   Total Energy  Conserved En.    Temperature
   -7.78264e+05    1.21976e+05   -6.56288e+05   -6.63887e+05    2.93982e+02
 Pressure (bar)
    1.20302e+03

           Step           Time
           5000        2.50000

   Energies (kJ/mol)
           Bond          Angle    Proper Dih.  Improper Dih. Per. Imp. Dih.
    4.80195e+01    3.92877e+01    4.76679e-01    3.55699e+03    4.03021e-02
          LJ-14     Coulomb-14        LJ (SR)   Coulomb (SR)   Coul. recip.
    1.62861e+02    5.04800e+01    1.54516e+05   -9.38492e+05    2.24191e+03
      Potential    Kinetic En.   Total Energy  Conserved En.    Temperature
   -7.77875e+05    1.22879e+05   -6.54996e+05   -6.63865e+05    2.96160e+02
 Pressure (bar)
    1.37779e+03

           Step           Time
           6000        3.00000

   Energies (kJ/mol)
           Bond          Angle    Proper Dih.  Improper Dih. Per. Imp. Dih.
    4.80195e+01    3.92877e+01    4.76679e-01    3.55699e+03    4.03021e-02
          LJ-14     Coulomb-14        LJ (SR)   Coulomb (SR)   Coul. recip.
    1.62861e+02    5.04800e+01    1.54119e+05   -9.36517e+05    2.25684e+03
      Potential    Kinetic En.   Total Energy  Conserved En.    Temperature
   -7.76283e+05    1.21970e+05   -6.54314e+05   -6.63845e+05    2.93968e+02
 Pressure (bar)
    1.43956e+03

           Step           Time
           7000        3.50000

   Energies (kJ/mol)
           Bond          Angle    Proper Dih.  Improper Dih. Per. Imp. Dih.
    4.80195e+01    3.92877e+01    4.76679e-01    3.55699e+03    4.03021e-02
          LJ-14     Coulomb-14        LJ (SR)   Coulomb (SR)   Coul. recip.
    1.62861e+02    5.04800e+01    1.54568e+05   -9.36798e+05    2.25952e+03
      Potential    Kinetic En.   Total Energy  Conserved En.    Temperature
   -7.76113e+05    1.23117e+05   -6.52996e+05   -6.63823e+05    2.96732e+02
 Pressure (bar)
    1.47520e+03

           Step           Time
           8000        4.00000

   Energies (kJ/mol)
           Bond          Angle    Proper Dih.  Improper Dih. Per. Imp. Dih.
    4.80195e+01    3.92877e+01    4.76679e-01    3.55699e+03    4.03021e-02
          LJ-14     Coulomb-14        LJ (SR)   Coulomb (SR)   Coul. recip.
    1.62861e+02    5.04800e+01    1.55056e+05   -9.35470e+05    2.23911e+03
      Potential    Kinetic En.   Total Energy  Conserved En.    Temperature
   -7.74316e+05    1.22430e+05   -6.51886e+05   -6.63801e+05    2.95077e+02
 Pressure (bar)
    1.61616e+03

           Step           Time
           9000        4.50000

   Energies (kJ/mol)
           Bond          Angle    Proper Dih.  Improper Dih. Per. Imp. Dih.
    4.80195e+01    3.92877e+01    4.76679e-01    3.55699e+03    4.03021e-02
          LJ-14     Coulomb-14        LJ (SR)   Coulomb (SR)   Coul. recip.
    1.62861e+02    5.04800e+01    1.51728e+05   -9.32600e+05    2.27866e+03
      Potential    Kinetic En.   Total Energy  Conserved En.    Temperature
   -7.74736e+05    1.23168e+05   -6.51567e+05   -6.63780e+05    2.96857e+02
 Pressure (bar)
    1.29023e+03

           Step           Time
          10000        5.00000

   Energies (kJ/mol)
           Bond          Angle    Proper Dih.  Improper Dih. Per. Imp. Dih.
    4.80195e+01    3.92877e+01    4.76679e-01    3.55699e+03    4.03021e-02
          LJ-14     Coulomb-14        LJ (SR)   Coulomb (SR)   Coul. recip.
    1.62861e+02    5.04800e+01    1.53716e+05   -9.34222e+05    2.24765e+03
      Potential    Kinetic En.   Total Energy  Conserved En.    Temperature
   -7.74400e+05    1.24537e+05   -6.49864e+05   -6.63758e+05    3.00155e+02
 Pressure (bar)
    1.50279e+03

           Step           Time
          11000        5.50000

   Energies (kJ/mol)
           Bond          Angle    Proper Dih.  Improper Dih. Per. Imp. Dih.
    4.80195e+01    3.92877e+01    4.76679e-01    3.55699e+03    4.03021e-02
          LJ-14     Coulomb-14        LJ (SR)   Coulomb (SR)   Coul. recip.
    1.62861e+02    5.04800e+01    1.52416e+05   -9.31769e+05    2.30505e+03
      Potential    Kinetic En.   Total Energy  Conserved En.    Temperature
   -7.73190e+05    1.23936e+05   -6.49254e+05   -6.63736e+05    2.98707e+02
 Pressure (bar)
    1.43552e+03

           Step           Time
          12000        6.00000

   Energies (kJ/mol)
           Bond          Angle    Proper Dih.  Improper Dih. Per. Imp. Dih.
    4.80195e+01    3.92877e+01    4.76679e-01    3.55699e+03    4.03021e-02
          LJ-14     Coulomb-14        LJ (SR)   Coulomb (SR)   Coul. recip.
    1.62861e+02    5.04800e+01    1.52217e+05   -9.30912e+05    2.20913e+03
      Potential    Kinetic En.   Total Energy  Conserved En.    Temperature
   -7.72627e+05    1.23788e+05   -6.48839e+05   -6.63715e+05    2.98350e+02
 Pressure (bar)
    1.43951e+03

           Step           Time
          13000        6.50000

   Energies (kJ/mol)
           Bond          Angle    Proper Dih.  Improper Dih. Per. Imp. Dih.
    4.80195e+01    3.92877e+01    4.76679e-01    3.55699e+03    4.03021e-02
          LJ-14     Coulomb-14        LJ (SR)   Coulomb (SR)   Coul. recip.
    1.62861e+02    5.04800e+01    1.52606e+05   -9.30849e+05    2.29678e+03
      Potential    Kinetic En.   Total Energy  Conserved En.    Temperature
   -7.72088e+05    1.23799e+05   -6.48289e+05   -6.63693e+05    2.98376e+02
 Pressure (bar)
    1.48415e+03

           Step           Time
          14000        7.00000

   Energies (kJ/mol)
           Bond          Angle    Proper Dih.  Improper Dih. Per. Imp. Dih.
    4.80195e+01    3.92877e+01    4.76679e-01    3.55699e+03    4.03021e-02
          LJ-14     Coulomb-14        LJ (SR)   Coulomb (SR)   Coul. recip.
    1.62861e+02    5.04800e+01    1.52443e+05   -9.31153e+05    2.33602e+03
      Potential    Kinetic En.   Total Energy  Conserved En.    Temperature
   -7.72515e+05    1.24031e+05   -6.48484e+05   -6.63673e+05    2.98937e+02
 Pressure (bar)
    1.45840e+03

           Step           Time
          15000        7.50000

   Energies (kJ/mol)
           Bond          Angle    Proper Dih.  Improper Dih. Per. Imp. Dih.
    4.80195e+01    3.92877e+01    4.76679e-01    3.55699e+03    4.03021e-02
          LJ-14     Coulomb-14        LJ (SR)   Coulomb (SR)   Coul. recip.
    1.62861e+02    5.04800e+01    1.51182e+05   -9.29016e+05    2.30124e+03
      Potential    Kinetic En.   Total Energy  Conserved En.    Temperature
   -7.71674e+05    1.23475e+05   -6.48200e+05   -6.63652e+05    2.97595e+02
 Pressure (bar)
    1.35409e+03

           Step           Time
          16000        8.00000

   Energies (kJ/mol)
           Bond          Angle    Proper Dih.  Improper Dih. Per. Imp. Dih.
    4.80195e+01    3.92877e+01    4.76679e-01    3.55699e+03    4.03021e-02
          LJ-14     Coulomb-14        LJ (SR)   Coulomb (SR)   Coul. recip.
    1.62861e+02    5.04800e+01    1.51421e+05   -9.29473e+05    2.26556e+03
      Potential    Kinetic En.   Total Energy  Conserved En.    Temperature
   -7.71929e+05    1.24046e+05   -6.47883e+05   -6.63630e+05    2.98973e+02
 Pressure (bar)
    1.35412e+03

           Step           Time
          17000        8.50000

   Energies (kJ/mol)
           Bond          Angle    Proper Dih.  Improper Dih. Per. Imp. Dih.
    4.80195e+01    3.92877e+01    4.76679e-01    3.55699e+03    4.03021e-02
          LJ-14     Coulomb-14        LJ (SR)   Coulomb (SR)   Coul. recip.
    1.62861e+02    5.04800e+01    1.52019e+05   -9.29643e+05    2.21888e+03
      Potential    Kinetic En.   Total Energy  Conserved En.    Temperature
   -7.71548e+05    1.23960e+05   -6.47588e+05   -6.63608e+05    2.98764e+02
 Pressure (bar)
    1.45028e+03

           Step           Time
          18000        9.00000

   Energies (kJ/mol)
           Bond          Angle    Proper Dih.  Improper Dih. Per. Imp. Dih.
    4.80195e+01    3.92877e+01    4.76679e-01    3.55699e+03    4.03021e-02
          LJ-14     Coulomb-14        LJ (SR)   Coulomb (SR)   Coul. recip.
    1.62861e+02    5.04800e+01    1.53230e+05   -9.31883e+05    2.23222e+03
      Potential    Kinetic En.   Total Energy  Conserved En.    Temperature
   -7.72562e+05    1.23793e+05   -6.48769e+05   -6.63586e+05    2.98362e+02
 Pressure (bar)
    1.52989e+03

           Step           Time
          19000        9.50000

   Energies (kJ/mol)
           Bond          Angle    Proper Dih.  Improper Dih. Per. Imp. Dih.
    4.80195e+01    3.92877e+01    4.76679e-01    3.55699e+03    4.03021e-02
          LJ-14     Coulomb-14        LJ (SR)   Coulomb (SR)   Coul. recip.
    1.62861e+02    5.04800e+01    1.50975e+05   -9.30015e+05    2.24830e+03
      Potential    Kinetic En.   Total Energy  Conserved En.    Temperature
   -7.72934e+05    1.23792e+05   -6.49142e+05   -6.63564e+05    2.98359e+02
 Pressure (bar)
    1.30758e+03

           Step           Time
          20000       10.00000

   Energies (kJ/mol)
           Bond          Angle    Proper Dih.  Improper Dih. Per. Imp. Dih.
    4.80195e+01    3.92877e+01    4.76679e-01    3.55699e+03    4.03021e-02
          LJ-14     Coulomb-14        LJ (SR)   Coulomb (SR)   Coul. recip.
    1.62861e+02    5.04800e+01    1.54099e+05   -9.34051e+05    2.24795e+03
      Potential    Kinetic En.   Total Energy  Conserved En.    Temperature
   -7.73846e+05    1.25019e+05   -6.48827e+05   -6.63543e+05    3.01316e+02
 Pressure (bar)
    1.57763e+03

           Step           Time
          21000       10.50000

   Energies (kJ/mol)
           Bond          Angle    Proper Dih.  Improper Dih. Per. Imp. Dih.
    4.80195e+01    3.92877e+01    4.76679e-01    3.55699e+03    4.03021e-02
          LJ-14     Coulomb-14        LJ (SR)   Coulomb (SR)   Coul. recip.
    1.62861e+02    5.04800e+01    1.51648e+05   -9.30370e+05    2.32618e+03
      Potential    Kinetic En.   Total Energy  Conserved En.    Temperature
   -7.72538e+05    1.24285e+05   -6.48253e+05   -6.63521e+05    2.99547e+02
 Pressure (bar)
    1.39814e+03

           Step           Time
          22000       11.00000

   Energies (kJ/mol)
           Bond          Angle    Proper Dih.  Improper Dih. Per. Imp. Dih.
    4.80195e+01    3.92877e+01    4.76679e-01    3.55699e+03    4.03021e-02
          LJ-14     Coulomb-14        LJ (SR)   Coulomb (SR)   Coul. recip.
    1.62861e+02    5.04800e+01    1.51962e+05   -9.31048e+05    2.20632e+03
      Potential    Kinetic En.   Total Energy  Conserved En.    Temperature
   -7.73022e+05    1.24384e+05   -6.48638e+05   -6.63501e+05    2.99786e+02
 Pressure (bar)
    1.41161e+03

           Step           Time
          23000       11.50000

   Energies (kJ/mol)
           Bond          Angle    Proper Dih.  Improper Dih. Per. Imp. Dih.
    4.80195e+01    3.92877e+01    4.76679e-01    3.55699e+03    4.03021e-02
          LJ-14     Coulomb-14        LJ (SR)   Coulomb (SR)   Coul. recip.
    1.62861e+02    5.04800e+01    1.52946e+05   -9.32192e+05    2.22332e+03
      Potential    Kinetic En.   Total Energy  Conserved En.    Temperature
   -7.73165e+05    1.23742e+05   -6.49423e+05   -6.63478e+05    2.98240e+02
 Pressure (bar)
    1.48159e+03

           Step           Time
          24000       12.00000

   Energies (kJ/mol)
           Bond          Angle    Proper Dih.  Improper Dih. Per. Imp. Dih.
    4.80195e+01    3.92877e+01    4.76679e-01    3.55699e+03    4.03021e-02
          LJ-14     Coulomb-14        LJ (SR)   Coulomb (SR)   Coul. recip.
    1.62861e+02    5.04800e+01    1.52015e+05   -9.30078e+05    2.26862e+03
      Potential    Kinetic En.   Total Energy  Conserved En.    Temperature
   -7.71937e+05    1.23621e+05   -6.48316e+05   -6.63456e+05    2.97947e+02
 Pressure (bar)
    1.44434e+03

           Step           Time
          25000       12.50000

   Energies (kJ/mol)
           Bond          Angle    Proper Dih.  Improper Dih. Per. Imp. Dih.
    4.80195e+01    3.92877e+01    4.76679e-01    3.55699e+03    4.03021e-02
          LJ-14     Coulomb-14        LJ (SR)   Coulomb (SR)   Coul. recip.
    1.62861e+02    5.04800e+01    1.51410e+05   -9.29550e+05    2.24206e+03
      Potential    Kinetic En.   Total Energy  Conserved En.    Temperature
   -7.72040e+05    1.23515e+05   -6.48525e+05   -6.63434e+05    2.97693e+02
 Pressure (bar)
    1.38414e+03

           Step           Time
          26000       13.00000

   Energies (kJ/mol)
           Bond          Angle    Proper Dih.  Improper Dih. Per. Imp. Dih.
    4.80195e+01    3.92877e+01    4.76679e-01    3.55699e+03    4.03021e-02
          LJ-14     Coulomb-14        LJ (SR)   Coulomb (SR)   Coul. recip.
    1.62861e+02    5.04800e+01    1.51853e+05   -9.30259e+05    2.29619e+03
      Potential    Kinetic En.   Total Energy  Conserved En.    Temperature
   -7.72251e+05    1.24524e+05   -6.47728e+05   -6.63413e+05    3.00124e+02
 Pressure (bar)
    1.40752e+03

           Step           Time
          27000       13.50000

   Energies (kJ/mol)
           Bond          Angle    Proper Dih.  Improper Dih. Per. Imp. Dih.
    4.80195e+01    3.92877e+01    4.76679e-01    3.55699e+03    4.03021e-02
          LJ-14     Coulomb-14        LJ (SR)   Coulomb (SR)   Coul. recip.
    1.62861e+02    5.04800e+01    1.50366e+05   -9.28470e+05    2.21261e+03
      Potential    Kinetic En.   Total Energy  Conserved En.    Temperature
   -7.72033e+05    1.23733e+05   -6.48300e+05   -6.63392e+05    2.98217e+02
 Pressure (bar)
    1.28246e+03

           Step           Time
          28000       14.00000

   Energies (kJ/mol)
           Bond          Angle    Proper Dih.  Improper Dih. Per. Imp. Dih.
    4.80195e+01    3.92877e+01    4.76679e-01    3.55699e+03    4.03021e-02
          LJ-14     Coulomb-14        LJ (SR)   Coulomb (SR)   Coul. recip.
    1.62861e+02    5.04800e+01    1.49875e+05   -9.28336e+05    2.24584e+03
      Potential    Kinetic En.   Total Energy  Conserved En.    Temperature
   -7.72357e+05    1.24688e+05   -6.47669e+05   -6.63370e+05    3.00521e+02
 Pressure (bar)
    1.25967e+03

           Step           Time
          29000       14.50000

   Energies (kJ/mol)
           Bond          Angle    Proper Dih.  Improper Dih. Per. Imp. Dih.
    4.80195e+01    3.92877e+01    4.76679e-01    3.55699e+03    4.03021e-02
          LJ-14     Coulomb-14        LJ (SR)   Coulomb (SR)   Coul. recip.
    1.62861e+02    5.04800e+01    1.50996e+05   -9.29140e+05    2.20751e+03
      Potential    Kinetic En.   Total Energy  Conserved En.    Temperature
   -7.72078e+05    1.24604e+05   -6.47474e+05   -6.63348e+05    3.00318e+02
 Pressure (bar)
    1.34708e+03

           Step           Time
          30000       15.00000

   Energies (kJ/mol)
           Bond          Angle    Proper Dih.  Improper Dih. Per. Imp. Dih.
    4.80195e+01    3.92877e+01    4.76679e-01    3.55699e+03    4.03021e-02
          LJ-14     Coulomb-14        LJ (SR)   Coulomb (SR)   Coul. recip.
    1.62861e+02    5.04800e+01    1.51107e+05   -9.28636e+05    2.26882e+03
      Potential    Kinetic En.   Total Energy  Conserved En.    Temperature
   -7.71402e+05    1.24450e+05   -6.46952e+05   -6.63325e+05    2.99946e+02
 Pressure (bar)
    1.38193e+03

           Step           Time
          31000       15.50000

   Energies (kJ/mol)
           Bond          Angle    Proper Dih.  Improper Dih. Per. Imp. Dih.
    4.80195e+01    3.92877e+01    4.76679e-01    3.55699e+03    4.03021e-02
          LJ-14     Coulomb-14        LJ (SR)   Coulomb (SR)   Coul. recip.
    1.62861e+02    5.04800e+01    1.53388e+05   -9.30726e+05    2.22816e+03
      Potential    Kinetic En.   Total Energy  Conserved En.    Temperature
   -7.71252e+05    1.25043e+05   -6.46209e+05   -6.63303e+05    3.01374e+02
 Pressure (bar)
    1.60898e+03

           Step           Time
          32000       16.00000

   Energies (kJ/mol)
           Bond          Angle    Proper Dih.  Improper Dih. Per. Imp. Dih.
    4.80195e+01    3.92877e+01    4.76679e-01    3.55699e+03    4.03021e-02
          LJ-14     Coulomb-14        LJ (SR)   Coulomb (SR)   Coul. recip.
    1.62861e+02    5.04800e+01    1.52770e+05   -9.29951e+05    2.22163e+03
      Potential    Kinetic En.   Total Energy  Conserved En.    Temperature
   -7.71101e+05    1.24407e+05   -6.46694e+05   -6.63282e+05    2.99841e+02
 Pressure (bar)
    1.57777e+03

           Step           Time
          33000       16.50000

   Energies (kJ/mol)
           Bond          Angle    Proper Dih.  Improper Dih. Per. Imp. Dih.
    4.80195e+01    3.92877e+01    4.76679e-01    3.55699e+03    4.03021e-02
          LJ-14     Coulomb-14        LJ (SR)   Coulomb (SR)   Coul. recip.
    1.62861e+02    5.04800e+01    1.51034e+05   -9.28127e+05    2.19202e+03
      Potential    Kinetic En.   Total Energy  Conserved En.    Temperature
   -7.71043e+05    1.23896e+05   -6.47147e+05   -6.63260e+05    2.98611e+02
 Pressure (bar)
    1.40886e+03

           Step           Time
          34000       17.00000

   Energies (kJ/mol)
           Bond          Angle    Proper Dih.  Improper Dih. Per. Imp. Dih.
    4.80195e+01    3.92877e+01    4.76679e-01    3.55699e+03    4.03021e-02
          LJ-14     Coulomb-14        LJ (SR)   Coulomb (SR)   Coul. recip.
    1.62861e+02    5.04800e+01    1.50386e+05   -9.27536e+05    2.32512e+03
      Potential    Kinetic En.   Total Energy  Conserved En.    Temperature
   -7.70966e+05    1.24250e+05   -6.46716e+05   -6.63239e+05    2.99464e+02
 Pressure (bar)
    1.34546e+03

           Step           Time
          35000       17.50000

   Energies (kJ/mol)
           Bond          Angle    Proper Dih.  Improper Dih. Per. Imp. Dih.
    4.80195e+01    3.92877e+01    4.76679e-01    3.55699e+03    4.03021e-02
          LJ-14     Coulomb-14        LJ (SR)   Coulomb (SR)   Coul. recip.
    1.62861e+02    5.04800e+01    1.51084e+05   -9.28318e+05    2.26173e+03
      Potential    Kinetic En.   Total Energy  Conserved En.    Temperature
   -7.71114e+05    1.24238e+05   -6.46876e+05   -6.63217e+05    2.99436e+02
 Pressure (bar)
    1.41647e+03

           Step           Time
          36000       18.00000

   Energies (kJ/mol)
           Bond          Angle    Proper Dih.  Improper Dih. Per. Imp. Dih.
    4.80195e+01    3.92877e+01    4.76679e-01    3.55699e+03    4.03021e-02
          LJ-14     Coulomb-14        LJ (SR)   Coulomb (SR)   Coul. recip.
    1.62861e+02    5.04800e+01    1.51530e+05   -9.29788e+05    2.23598e+03
      Potential    Kinetic En.   Total Energy  Conserved En.    Temperature
   -7.72164e+05    1.24954e+05   -6.47210e+05   -6.63197e+05    3.01160e+02
 Pressure (bar)
    1.39956e+03

           Step           Time
          37000       18.50000

   Energies (kJ/mol)
           Bond          Angle    Proper Dih.  Improper Dih. Per. Imp. Dih.
    4.80195e+01    3.92877e+01    4.76679e-01    3.55699e+03    4.03021e-02
          LJ-14     Coulomb-14        LJ (SR)   Coulomb (SR)   Coul. recip.
    1.62861e+02    5.04800e+01    1.52659e+05   -9.30162e+05    2.30265e+03
      Potential    Kinetic En.   Total Energy  Conserved En.    Temperature
   -7.71342e+05    1.24270e+05   -6.47072e+05   -6.63173e+05    2.99513e+02
 Pressure (bar)
    1.57545e+03

           Step           Time
          38000       19.00000

   Energies (kJ/mol)
           Bond          Angle    Proper Dih.  Improper Dih. Per. Imp. Dih.
    4.80195e+01    3.92877e+01    4.76679e-01    3.55699e+03    4.03021e-02
          LJ-14     Coulomb-14        LJ (SR)   Coulomb (SR)   Coul. recip.
    1.62861e+02    5.04800e+01    1.51627e+05   -9.29362e+05    2.32931e+03
      Potential    Kinetic En.   Total Energy  Conserved En.    Temperature
   -7.71548e+05    1.24389e+05   -6.47159e+05   -6.63152e+05    2.99799e+02
 Pressure (bar)
    1.44540e+03

           Step           Time
          39000       19.50000

   Energies (kJ/mol)
           Bond          Angle    Proper Dih.  Improper Dih. Per. Imp. Dih.
    4.80195e+01    3.92877e+01    4.76679e-01    3.55699e+03    4.03021e-02
          LJ-14     Coulomb-14        LJ (SR)   Coulomb (SR)   Coul. recip.
    1.62861e+02    5.04800e+01    1.52987e+05   -9.29996e+05    2.35858e+03
      Potential    Kinetic En.   Total Energy  Conserved En.    Temperature
   -7.70792e+05    1.24137e+05   -6.46655e+05   -6.63129e+05    2.99191e+02
 Pressure (bar)
    1.61166e+03

           Step           Time
          40000       20.00000

   Energies (kJ/mol)
           Bond          Angle    Proper Dih.  Improper Dih. Per. Imp. Dih.
    4.80195e+01    3.92877e+01    4.76679e-01    3.55699e+03    4.03021e-02
          LJ-14     Coulomb-14        LJ (SR)   Coulomb (SR)   Coul. recip.
    1.62861e+02    5.04800e+01    1.53283e+05   -9.31656e+05    2.31319e+03
      Potential    Kinetic En.   Total Energy  Conserved En.    Temperature
   -7.72202e+05    1.24605e+05   -6.47596e+05   -6.63108e+05    3.00320e+02
 Pressure (bar)
    1.62123e+03

           Step           Time
          41000       20.50000

   Energies (kJ/mol)
           Bond          Angle    Proper Dih.  Improper Dih. Per. Imp. Dih.
    4.80195e+01    3.92877e+01    4.76679e-01    3.55699e+03    4.03021e-02
          LJ-14     Coulomb-14        LJ (SR)   Coulomb (SR)   Coul. recip.
    1.62861e+02    5.04800e+01    1.51168e+05   -9.28589e+05    2.28392e+03
      Potential    Kinetic En.   Total Energy  Conserved En.    Temperature
   -7.71279e+05    1.24226e+05   -6.47052e+05   -6.63086e+05    2.99407e+02
 Pressure (bar)
    1.44495e+03

           Step           Time
          42000       21.00000

   Energies (kJ/mol)
           Bond          Angle    Proper Dih.  Improper Dih. Per. Imp. Dih.
    4.80195e+01    3.92877e+01    4.76679e-01    3.55699e+03    4.03021e-02
          LJ-14     Coulomb-14        LJ (SR)   Coulomb (SR)   Coul. recip.
    1.62861e+02    5.04800e+01    1.50505e+05   -9.27533e+05    2.31263e+03
      Potential    Kinetic En.   Total Energy  Conserved En.    Temperature
   -7.70858e+05    1.23635e+05   -6.47223e+05   -6.63064e+05    2.97981e+02
 Pressure (bar)
    1.38561e+03

           Step           Time
          43000       21.50000

   Energies (kJ/mol)
           Bond          Angle    Proper Dih.  Improper Dih. Per. Imp. Dih.
    4.80195e+01    3.92877e+01    4.76679e-01    3.55699e+03    4.03021e-02
          LJ-14     Coulomb-14        LJ (SR)   Coulomb (SR)   Coul. recip.
    1.62861e+02    5.04800e+01    1.50672e+05   -9.27324e+05    2.24201e+03
      Potential    Kinetic En.   Total Energy  Conserved En.    Temperature
   -7.70552e+05    1.23765e+05   -6.46786e+05   -6.63043e+05    2.98296e+02
 Pressure (bar)
    1.38951e+03

           Step           Time
          44000       22.00000

   Energies (kJ/mol)
           Bond          Angle    Proper Dih.  Improper Dih. Per. Imp. Dih.
    4.80195e+01    3.92877e+01    4.76679e-01    3.55699e+03    4.03021e-02
          LJ-14     Coulomb-14        LJ (SR)   Coulomb (SR)   Coul. recip.
    1.62861e+02    5.04800e+01    1.52502e+05   -9.29713e+05    2.21630e+03
      Potential    Kinetic En.   Total Energy  Conserved En.    Temperature
   -7.71137e+05    1.24244e+05   -6.46892e+05   -6.63019e+05    2.99450e+02
 Pressure (bar)
    1.54168e+03

           Step           Time
          45000       22.50000

   Energies (kJ/mol)
           Bond          Angle    Proper Dih.  Improper Dih. Per. Imp. Dih.
    4.80195e+01    3.92877e+01    4.76679e-01    3.55699e+03    4.03021e-02
          LJ-14     Coulomb-14        LJ (SR)   Coulomb (SR)   Coul. recip.
    1.62861e+02    5.04800e+01    1.50854e+05   -9.28293e+05    2.26321e+03
      Potential    Kinetic En.   Total Energy  Conserved En.    Temperature
   -7.71318e+05    1.24317e+05   -6.47001e+05   -6.62998e+05    2.99624e+02
 Pressure (bar)
    1.38828e+03

           Step           Time
          46000       23.00000

   Energies (kJ/mol)
           Bond          Angle    Proper Dih.  Improper Dih. Per. Imp. Dih.
    4.80195e+01    3.92877e+01    4.76679e-01    3.55699e+03    4.03021e-02
          LJ-14     Coulomb-14        LJ (SR)   Coulomb (SR)   Coul. recip.
    1.62861e+02    5.04800e+01    1.52073e+05   -9.29456e+05    2.24464e+03
      Potential    Kinetic En.   Total Energy  Conserved En.    Temperature
   -7.71280e+05    1.24080e+05   -6.47200e+05   -6.62976e+05    2.99053e+02
 Pressure (bar)
    1.50735e+03

           Step           Time
          47000       23.50000

   Energies (kJ/mol)
           Bond          Angle    Proper Dih.  Improper Dih. Per. Imp. Dih.
    4.80195e+01    3.92877e+01    4.76679e-01    3.55699e+03    4.03021e-02
          LJ-14     Coulomb-14        LJ (SR)   Coulomb (SR)   Coul. recip.
    1.62861e+02    5.04800e+01    1.51259e+05   -9.28196e+05    2.30067e+03
      Potential    Kinetic En.   Total Energy  Conserved En.    Temperature
   -7.70778e+05    1.23985e+05   -6.46793e+05   -6.62955e+05    2.98825e+02
 Pressure (bar)
    1.47627e+03

           Step           Time
          48000       24.00000

   Energies (kJ/mol)
           Bond          Angle    Proper Dih.  Improper Dih. Per. Imp. Dih.
    4.80195e+01    3.92877e+01    4.76679e-01    3.55699e+03    4.03021e-02
          LJ-14     Coulomb-14        LJ (SR)   Coulomb (SR)   Coul. recip.
    1.62861e+02    5.04800e+01    1.50164e+05   -9.26473e+05    2.31506e+03
      Potential    Kinetic En.   Total Energy  Conserved En.    Temperature
   -7.70135e+05    1.23281e+05   -6.46854e+05   -6.62932e+05    2.97128e+02
 Pressure (bar)
    1.37229e+03

           Step           Time
          49000       24.50000

   Energies (kJ/mol)
           Bond          Angle    Proper Dih.  Improper Dih. Per. Imp. Dih.
    4.80195e+01    3.92877e+01    4.76679e-01    3.55699e+03    4.03021e-02
          LJ-14     Coulomb-14        LJ (SR)   Coulomb (SR)   Coul. recip.
    1.62861e+02    5.04800e+01    1.49875e+05   -9.26651e+05    2.30457e+03
      Potential    Kinetic En.   Total Energy  Conserved En.    Temperature
   -7.70613e+05    1.24169e+05   -6.46444e+05   -6.62911e+05    2.99269e+02
 Pressure (bar)
    1.33262e+03

           Step           Time
          50000       25.00000

   Energies (kJ/mol)
           Bond          Angle    Proper Dih.  Improper Dih. Per. Imp. Dih.
    4.80195e+01    3.92877e+01    4.76679e-01    3.55699e+03    4.03021e-02
          LJ-14     Coulomb-14        LJ (SR)   Coulomb (SR)   Coul. recip.
    1.62861e+02    5.04800e+01    1.51688e+05   -9.28988e+05    2.26604e+03
      Potential    Kinetic En.   Total Energy  Conserved En.    Temperature
   -7.71175e+05    1.24772e+05   -6.46403e+05   -6.62888e+05    3.00723e+02
 Pressure (bar)
    1.51423e+03

           Step           Time
          51000       25.50000

   Energies (kJ/mol)
           Bond          Angle    Proper Dih.  Improper Dih. Per. Imp. Dih.
    4.80195e+01    3.92877e+01    4.76679e-01    3.55699e+03    4.03021e-02
          LJ-14     Coulomb-14        LJ (SR)   Coulomb (SR)   Coul. recip.
    1.62861e+02    5.04800e+01    1.52695e+05   -9.29877e+05    2.24956e+03
      Potential    Kinetic En.   Total Energy  Conserved En.    Temperature
   -7.71074e+05    1.24262e+05   -6.46812e+05   -6.62868e+05    2.99493e+02
 Pressure (bar)
    1.57873e+03

Writing checkpoint, step 51700 at Tue Jul  7 12:31:06 2026


           Step           Time
          52000       26.00000

   Energies (kJ/mol)
           Bond          Angle    Proper Dih.  Improper Dih. Per. Imp. Dih.
    4.80195e+01    3.92877e+01    4.76679e-01    3.55699e+03    4.03021e-02
          LJ-14     Coulomb-14        LJ (SR)   Coulomb (SR)   Coul. recip.
    1.62861e+02    5.04800e+01    1.51778e+05   -9.29069e+05    2.24870e+03
      Potential    Kinetic En.   Total Energy  Conserved En.    Temperature
   -7.71184e+05    1.24695e+05   -6.46488e+05   -6.62845e+05    3.00537e+02
 Pressure (bar)
    1.49078e+03

           Step           Time
          53000       26.50000

   Energies (kJ/mol)
           Bond          Angle    Proper Dih.  Improper Dih. Per. Imp. Dih.
    4.80195e+01    3.92877e+01    4.76679e-01    3.55699e+03    4.03021e-02
          LJ-14     Coulomb-14        LJ (SR)   Coulomb (SR)   Coul. recip.
    1.62861e+02    5.04800e+01    1.50808e+05   -9.28563e+05    2.22018e+03
      Potential    Kinetic En.   Total Energy  Conserved En.    Temperature
   -7.71676e+05    1.24218e+05   -6.47458e+05   -6.62822e+05    2.99386e+02
 Pressure (bar)
    1.37962e+03

           Step           Time
          54000       27.00000

   Energies (kJ/mol)
           Bond          Angle    Proper Dih.  Improper Dih. Per. Imp. Dih.
    4.80195e+01    3.92877e+01    4.76679e-01    3.55699e+03    4.03021e-02
          LJ-14     Coulomb-14        LJ (SR)   Coulomb (SR)   Coul. recip.
    1.62861e+02    5.04800e+01    1.51666e+05   -9.29616e+05    2.31569e+03
      Potential    Kinetic En.   Total Energy  Conserved En.    Temperature
   -7.71776e+05    1.24429e+05   -6.47346e+05   -6.62801e+05    2.99896e+02
 Pressure (bar)
    1.46435e+03

           Step           Time
          55000       27.50000

   Energies (kJ/mol)
           Bond          Angle    Proper Dih.  Improper Dih. Per. Imp. Dih.
    4.80195e+01    3.92877e+01    4.76679e-01    3.55699e+03    4.03021e-02
          LJ-14     Coulomb-14        LJ (SR)   Coulomb (SR)   Coul. recip.
    1.62861e+02    5.04800e+01    1.51041e+05   -9.27795e+05    2.22329e+03
      Potential    Kinetic En.   Total Energy  Conserved En.    Temperature
   -7.70672e+05    1.24296e+05   -6.46377e+05   -6.62778e+05    2.99574e+02
 Pressure (bar)
    1.42175e+03

           Step           Time
          56000       28.00000

   Energies (kJ/mol)
           Bond          Angle    Proper Dih.  Improper Dih. Per. Imp. Dih.
    4.80195e+01    3.92877e+01    4.76679e-01    3.55699e+03    4.03021e-02
          LJ-14     Coulomb-14        LJ (SR)   Coulomb (SR)   Coul. recip.
    1.62861e+02    5.04800e+01    1.51348e+05   -9.28181e+05    2.30394e+03
      Potential    Kinetic En.   Total Energy  Conserved En.    Temperature
   -7.70671e+05    1.24975e+05   -6.45697e+05   -6.62756e+05    3.01210e+02
 Pressure (bar)
    1.46899e+03

           Step           Time
          57000       28.50000

   Energies (kJ/mol)
           Bond          Angle    Proper Dih.  Improper Dih. Per. Imp. Dih.
    4.80195e+01    3.92877e+01    4.76679e-01    3.55699e+03    4.03021e-02
          LJ-14     Coulomb-14        LJ (SR)   Coulomb (SR)   Coul. recip.
    1.62861e+02    5.04800e+01    1.51586e+05   -9.28088e+05    2.20308e+03
      Potential    Kinetic En.   Total Energy  Conserved En.    Temperature
   -7.70440e+05    1.24845e+05   -6.45596e+05   -6.62735e+05    3.00897e+02
 Pressure (bar)
    1.48436e+03

           Step           Time
          58000       29.00000

   Energies (kJ/mol)
           Bond          Angle    Proper Dih.  Improper Dih. Per. Imp. Dih.
    4.80195e+01    3.92877e+01    4.76679e-01    3.55699e+03    4.03021e-02
          LJ-14     Coulomb-14        LJ (SR)   Coulomb (SR)   Coul. recip.
    1.62861e+02    5.04800e+01    1.50729e+05   -9.27471e+05    2.22326e+03
      Potential    Kinetic En.   Total Energy  Conserved En.    Temperature
   -7.70661e+05    1.24425e+05   -6.46235e+05   -6.62712e+05    2.99887e+02
 Pressure (bar)
    1.40683e+03

           Step           Time
          59000       29.50000

   Energies (kJ/mol)
           Bond          Angle    Proper Dih.  Improper Dih. Per. Imp. Dih.
    4.80195e+01    3.92877e+01    4.76679e-01    3.55699e+03    4.03021e-02
          LJ-14     Coulomb-14        LJ (SR)   Coulomb (SR)   Coul. recip.
    1.62861e+02    5.04800e+01    1.51703e+05   -9.27448e+05    2.29272e+03
      Potential    Kinetic En.   Total Energy  Conserved En.    Temperature
   -7.69594e+05    1.24194e+05   -6.45400e+05   -6.62691e+05    2.99328e+02
 Pressure (bar)
    1.53847e+03

           Step           Time
          60000       30.00000

   Energies (kJ/mol)
           Bond          Angle    Proper Dih.  Improper Dih. Per. Imp. Dih.
    4.80195e+01    3.92877e+01    4.76679e-01    3.55699e+03    4.03021e-02
          LJ-14     Coulomb-14        LJ (SR)   Coulomb (SR)   Coul. recip.
    1.62861e+02    5.04800e+01    1.50896e+05   -9.26555e+05    2.30425e+03
      Potential    Kinetic En.   Total Energy  Conserved En.    Temperature
   -7.69496e+05    1.24777e+05   -6.44719e+05   -6.62670e+05    3.00734e+02
 Pressure (bar)
    1.47252e+03

           Step           Time
          61000       30.50000

   Energies (kJ/mol)
           Bond          Angle    Proper Dih.  Improper Dih. Per. Imp. Dih.
    4.80195e+01    3.92877e+01    4.76679e-01    3.55699e+03    4.03021e-02
          LJ-14     Coulomb-14        LJ (SR)   Coulomb (SR)   Coul. recip.
    1.62861e+02    5.04800e+01    1.49983e+05   -9.25980e+05    2.32970e+03
      Potential    Kinetic En.   Total Energy  Conserved En.    Temperature
   -7.69809e+05    1.24376e+05   -6.45432e+05   -6.62648e+05    2.99768e+02
 Pressure (bar)
    1.34755e+03

           Step           Time
          62000       31.00000

   Energies (kJ/mol)
           Bond          Angle    Proper Dih.  Improper Dih. Per. Imp. Dih.
    4.80195e+01    3.92877e+01    4.76679e-01    3.55699e+03    4.03021e-02
          LJ-14     Coulomb-14        LJ (SR)   Coulomb (SR)   Coul. recip.
    1.62861e+02    5.04800e+01    1.50362e+05   -9.25683e+05    2.23828e+03
      Potential    Kinetic En.   Total Energy  Conserved En.    Temperature
   -7.69225e+05    1.24629e+05   -6.44596e+05   -6.62626e+05    3.00376e+02
 Pressure (bar)
    1.39949e+03

           Step           Time
          63000       31.50000

   Energies (kJ/mol)
           Bond          Angle    Proper Dih.  Improper Dih. Per. Imp. Dih.
    4.80195e+01    3.92877e+01    4.76679e-01    3.55699e+03    4.03021e-02
          LJ-14     Coulomb-14        LJ (SR)   Coulomb (SR)   Coul. recip.
    1.62861e+02    5.04800e+01    1.49713e+05   -9.24849e+05    2.29816e+03
      Potential    Kinetic En.   Total Energy  Conserved En.    Temperature
   -7.68980e+05    1.24039e+05   -6.44940e+05   -6.62603e+05    2.98956e+02
 Pressure (bar)
    1.35519e+03

           Step           Time
          64000       32.00000

   Energies (kJ/mol)
           Bond          Angle    Proper Dih.  Improper Dih. Per. Imp. Dih.
    4.80195e+01    3.92877e+01    4.76679e-01    3.55699e+03    4.03021e-02
          LJ-14     Coulomb-14        LJ (SR)   Coulomb (SR)   Coul. recip.
    1.62861e+02    5.04800e+01    1.50202e+05   -9.25530e+05    2.29017e+03
      Potential    Kinetic En.   Total Energy  Conserved En.    Temperature
   -7.69180e+05    1.24101e+05   -6.45079e+05   -6.62581e+05    2.99105e+02
 Pressure (bar)
    1.38417e+03

           Step           Time
          65000       32.50000

   Energies (kJ/mol)
           Bond          Angle    Proper Dih.  Improper Dih. Per. Imp. Dih.
    4.80195e+01    3.92877e+01    4.76679e-01    3.55699e+03    4.03021e-02
          LJ-14     Coulomb-14        LJ (SR)   Coulomb (SR)   Coul. recip.
    1.62861e+02    5.04800e+01    1.50194e+05   -9.25898e+05    2.32176e+03
      Potential    Kinetic En.   Total Energy  Conserved En.    Temperature
   -7.69525e+05    1.24466e+05   -6.45058e+05   -6.62558e+05    2.99985e+02
 Pressure (bar)
    1.36599e+03

           Step           Time
          66000       33.00000

   Energies (kJ/mol)
           Bond          Angle    Proper Dih.  Improper Dih. Per. Imp. Dih.
    4.80195e+01    3.92877e+01    4.76679e-01    3.55699e+03    4.03021e-02
          LJ-14     Coulomb-14        LJ (SR)   Coulomb (SR)   Coul. recip.
    1.62861e+02    5.04800e+01    1.50960e+05   -9.27194e+05    2.30110e+03
      Potential    Kinetic En.   Total Energy  Conserved En.    Temperature
   -7.70075e+05    1.25598e+05   -6.44477e+05   -6.62537e+05    3.02712e+02
 Pressure (bar)
    1.44180e+03

           Step           Time
          67000       33.50000

   Energies (kJ/mol)
           Bond          Angle    Proper Dih.  Improper Dih. Per. Imp. Dih.
    4.80195e+01    3.92877e+01    4.76679e-01    3.55699e+03    4.03021e-02
          LJ-14     Coulomb-14        LJ (SR)   Coulomb (SR)   Coul. recip.
    1.62861e+02    5.04800e+01    1.51017e+05   -9.27242e+05    2.23845e+03
      Potential    Kinetic En.   Total Energy  Conserved En.    Temperature
   -7.70128e+05    1.25177e+05   -6.44951e+05   -6.62516e+05    3.01698e+02
 Pressure (bar)
    1.43940e+03

           Step           Time
          68000       34.00000

   Energies (kJ/mol)
           Bond          Angle    Proper Dih.  Improper Dih. Per. Imp. Dih.
    4.80195e+01    3.92877e+01    4.76679e-01    3.55699e+03    4.03021e-02
          LJ-14     Coulomb-14        LJ (SR)   Coulomb (SR)   Coul. recip.
    1.62861e+02    5.04800e+01    1.51361e+05   -9.25928e+05    2.25258e+03
      Potential    Kinetic En.   Total Energy  Conserved En.    Temperature
   -7.68456e+05    1.24719e+05   -6.43737e+05   -6.62493e+05    3.00593e+02
 Pressure (bar)
    1.54943e+03

           Step           Time
          69000       34.50000

   Energies (kJ/mol)
           Bond          Angle    Proper Dih.  Improper Dih. Per. Imp. Dih.
    4.80195e+01    3.92877e+01    4.76679e-01    3.55699e+03    4.03021e-02
          LJ-14     Coulomb-14        LJ (SR)   Coulomb (SR)   Coul. recip.
    1.62861e+02    5.04800e+01    1.50572e+05   -9.25996e+05    2.35086e+03
      Potential    Kinetic En.   Total Energy  Conserved En.    Temperature
   -7.69215e+05    1.25179e+05   -6.44036e+05   -6.62473e+05    3.01703e+02
 Pressure (bar)
    1.47082e+03

           Step           Time
          70000       35.00000

   Energies (kJ/mol)
           Bond          Angle    Proper Dih.  Improper Dih. Per. Imp. Dih.
    4.80195e+01    3.92877e+01    4.76679e-01    3.55699e+03    4.03021e-02
          LJ-14     Coulomb-14        LJ (SR)   Coulomb (SR)   Coul. recip.
    1.62861e+02    5.04800e+01    1.49537e+05   -9.24241e+05    2.30443e+03
      Potential    Kinetic En.   Total Energy  Conserved En.    Temperature
   -7.68542e+05    1.24812e+05   -6.43730e+05   -6.62449e+05    3.00818e+02
 Pressure (bar)
    1.37452e+03

           Step           Time
          71000       35.50000

   Energies (kJ/mol)
           Bond          Angle    Proper Dih.  Improper Dih. Per. Imp. Dih.
    4.80195e+01    3.92877e+01    4.76679e-01    3.55699e+03    4.03021e-02
          LJ-14     Coulomb-14        LJ (SR)   Coulomb (SR)   Coul. recip.
    1.62861e+02    5.04800e+01    1.51334e+05   -9.27501e+05    2.25427e+03
      Potential    Kinetic En.   Total Energy  Conserved En.    Temperature
   -7.70055e+05    1.25624e+05   -6.44431e+05   -6.62427e+05    3.02774e+02
 Pressure (bar)
    1.51760e+03

           Step           Time
          72000       36.00000

   Energies (kJ/mol)
           Bond          Angle    Proper Dih.  Improper Dih. Per. Imp. Dih.
    4.80195e+01    3.92877e+01    4.76679e-01    3.55699e+03    4.03021e-02
          LJ-14     Coulomb-14        LJ (SR)   Coulomb (SR)   Coul. recip.
    1.62861e+02    5.04800e+01    1.50774e+05   -9.26169e+05    2.25491e+03
      Potential    Kinetic En.   Total Energy  Conserved En.    Temperature
   -7.69283e+05    1.24421e+05   -6.44862e+05   -6.62405e+05    2.99875e+02
 Pressure (bar)
    1.45310e+03

           Step           Time
          73000       36.50000

   Energies (kJ/mol)
           Bond          Angle    Proper Dih.  Improper Dih. Per. Imp. Dih.
    4.80195e+01    3.92877e+01    4.76679e-01    3.55699e+03    4.03021e-02
          LJ-14     Coulomb-14        LJ (SR)   Coulomb (SR)   Coul. recip.
    1.62861e+02    5.04800e+01    1.51290e+05   -9.27537e+05    2.27191e+03
      Potential    Kinetic En.   Total Energy  Conserved En.    Temperature
   -7.70117e+05    1.25349e+05   -6.44768e+05   -6.62383e+05    3.02112e+02
 Pressure (bar)
    1.47675e+03

           Step           Time
          74000       37.00000

   Energies (kJ/mol)
           Bond          Angle    Proper Dih.  Improper Dih. Per. Imp. Dih.
    4.80195e+01    3.92877e+01    4.76679e-01    3.55699e+03    4.03021e-02
          LJ-14     Coulomb-14        LJ (SR)   Coulomb (SR)   Coul. recip.
    1.62861e+02    5.04800e+01    1.50935e+05   -9.27458e+05    2.25435e+03
      Potential    Kinetic En.   Total Energy  Conserved En.    Temperature
   -7.70410e+05    1.25571e+05   -6.44839e+05   -6.62361e+05    3.02648e+02
 Pressure (bar)
    1.43536e+03

           Step           Time
          75000       37.50000

   Energies (kJ/mol)
           Bond          Angle    Proper Dih.  Improper Dih. Per. Imp. Dih.
    4.80195e+01    3.92877e+01    4.76679e-01    3.55699e+03    4.03021e-02
          LJ-14     Coulomb-14        LJ (SR)   Coulomb (SR)   Coul. recip.
    1.62861e+02    5.04800e+01    1.49752e+05   -9.26812e+05    2.25225e+03
      Potential    Kinetic En.   Total Energy  Conserved En.    Temperature
   -7.70950e+05    1.24886e+05   -6.46064e+05   -6.62339e+05    3.00997e+02
 Pressure (bar)
    1.29348e+03

           Step           Time
          76000       38.00000

   Energies (kJ/mol)
           Bond          Angle    Proper Dih.  Improper Dih. Per. Imp. Dih.
    4.80195e+01    3.92877e+01    4.76679e-01    3.55699e+03    4.03021e-02
          LJ-14     Coulomb-14        LJ (SR)   Coulomb (SR)   Coul. recip.
    1.62861e+02    5.04800e+01    1.50891e+05   -9.27959e+05    2.25593e+03
      Potential    Kinetic En.   Total Energy  Conserved En.    Temperature
   -7.70954e+05    1.25484e+05   -6.45470e+05   -6.62315e+05    3.02437e+02
 Pressure (bar)
    1.42428e+03

           Step           Time
          77000       38.50000

   Energies (kJ/mol)
           Bond          Angle    Proper Dih.  Improper Dih. Per. Imp. Dih.
    4.80195e+01    3.92877e+01    4.76679e-01    3.55699e+03    4.03021e-02
          LJ-14     Coulomb-14        LJ (SR)   Coulomb (SR)   Coul. recip.
    1.62861e+02    5.04800e+01    1.52193e+05   -9.29098e+05    2.32558e+03
      Potential    Kinetic En.   Total Energy  Conserved En.    Temperature
   -7.70721e+05    1.25279e+05   -6.45442e+05   -6.62293e+05    3.01943e+02
 Pressure (bar)
    1.52700e+03

           Step           Time
          78000       39.00000

   Energies (kJ/mol)
           Bond          Angle    Proper Dih.  Improper Dih. Per. Imp. Dih.
    4.80195e+01    3.92877e+01    4.76679e-01    3.55699e+03    4.03021e-02
          LJ-14     Coulomb-14        LJ (SR)   Coulomb (SR)   Coul. recip.
    1.62861e+02    5.04800e+01    1.50954e+05   -9.27174e+05    2.30037e+03
      Potential    Kinetic En.   Total Energy  Conserved En.    Temperature
   -7.70062e+05    1.24375e+05   -6.45686e+05   -6.62270e+05    2.99766e+02
 Pressure (bar)
    1.45037e+03

           Step           Time
          79000       39.50000

   Energies (kJ/mol)
           Bond          Angle    Proper Dih.  Improper Dih. Per. Imp. Dih.
    4.80195e+01    3.92877e+01    4.76679e-01    3.55699e+03    4.03021e-02
          LJ-14     Coulomb-14        LJ (SR)   Coulomb (SR)   Coul. recip.
    1.62861e+02    5.04800e+01    1.51040e+05   -9.27562e+05    2.25850e+03
      Potential    Kinetic En.   Total Energy  Conserved En.    Temperature
   -7.70405e+05    1.23950e+05   -6.46456e+05   -6.62249e+05    2.98740e+02
 Pressure (bar)
    1.45767e+03

           Step           Time
          80000       40.00000

   Energies (kJ/mol)
           Bond          Angle    Proper Dih.  Improper Dih. Per. Imp. Dih.
    4.80195e+01    3.92877e+01    4.76679e-01    3.55699e+03    4.03021e-02
          LJ-14     Coulomb-14        LJ (SR)   Coulomb (SR)   Coul. recip.
    1.62861e+02    5.04800e+01    1.52016e+05   -9.29334e+05    2.33159e+03
      Potential    Kinetic En.   Total Energy  Conserved En.    Temperature
   -7.71128e+05    1.24912e+05   -6.46217e+05   -6.62227e+05    3.01059e+02
 Pressure (bar)
    1.50204e+03

           Step           Time
          81000       40.50000

   Energies (kJ/mol)
           Bond          Angle    Proper Dih.  Improper Dih. Per. Imp. Dih.
    4.80195e+01    3.92877e+01    4.76679e-01    3.55699e+03    4.03021e-02
          LJ-14     Coulomb-14        LJ (SR)   Coulomb (SR)   Coul. recip.
    1.62861e+02    5.04800e+01    1.52928e+05   -9.30166e+05    2.32132e+03
      Potential    Kinetic En.   Total Energy  Conserved En.    Temperature
   -7.71058e+05    1.24171e+05   -6.46888e+05   -6.62205e+05    2.99272e+02
 Pressure (bar)
    1.59468e+03

           Step           Time
          82000       41.00000

   Energies (kJ/mol)
           Bond          Angle    Proper Dih.  Improper Dih. Per. Imp. Dih.
    4.80195e+01    3.92877e+01    4.76679e-01    3.55699e+03    4.03021e-02
          LJ-14     Coulomb-14        LJ (SR)   Coulomb (SR)   Coul. recip.
    1.62861e+02    5.04800e+01    1.51686e+05   -9.28739e+05    2.26946e+03
      Potential    Kinetic En.   Total Energy  Conserved En.    Temperature
   -7.70925e+05    1.24242e+05   -6.46683e+05   -6.62182e+05    2.99445e+02
 Pressure (bar)
    1.51601e+03

           Step           Time
          83000       41.50000

   Energies (kJ/mol)
           Bond          Angle    Proper Dih.  Improper Dih. Per. Imp. Dih.
    4.80195e+01    3.92877e+01    4.76679e-01    3.55699e+03    4.03021e-02
          LJ-14     Coulomb-14        LJ (SR)   Coulomb (SR)   Coul. recip.
    1.62861e+02    5.04800e+01    1.51648e+05   -9.29294e+05    2.26853e+03
      Potential    Kinetic En.   Total Energy  Conserved En.    Temperature
   -7.71519e+05    1.24441e+05   -6.47078e+05   -6.62162e+05    2.99924e+02
 Pressure (bar)
    1.48007e+03

           Step           Time
          84000       42.00000

   Energies (kJ/mol)
           Bond          Angle    Proper Dih.  Improper Dih. Per. Imp. Dih.
    4.80195e+01    3.92877e+01    4.76679e-01    3.55699e+03    4.03021e-02
          LJ-14     Coulomb-14        LJ (SR)   Coulomb (SR)   Coul. recip.
    1.62861e+02    5.04800e+01    1.53076e+05   -9.29978e+05    2.26163e+03
      Potential    Kinetic En.   Total Energy  Conserved En.    Temperature
   -7.70782e+05    1.23613e+05   -6.47169e+05   -6.62137e+05    2.97928e+02
 Pressure (bar)
    1.64329e+03

           Step           Time
          85000       42.50000

   Energies (kJ/mol)
           Bond          Angle    Proper Dih.  Improper Dih. Per. Imp. Dih.
    4.80195e+01    3.92877e+01    4.76679e-01    3.55699e+03    4.03021e-02
          LJ-14     Coulomb-14        LJ (SR)   Coulomb (SR)   Coul. recip.
    1.62861e+02    5.04800e+01    1.51123e+05   -9.28398e+05    2.24837e+03
      Potential    Kinetic En.   Total Energy  Conserved En.    Temperature
   -7.71168e+05    1.23980e+05   -6.47189e+05   -6.62117e+05    2.98812e+02
 Pressure (bar)
    1.41587e+03

           Step           Time
          86000       43.00000

   Energies (kJ/mol)
           Bond          Angle    Proper Dih.  Improper Dih. Per. Imp. Dih.
    4.80195e+01    3.92877e+01    4.76679e-01    3.55699e+03    4.03021e-02
          LJ-14     Coulomb-14        LJ (SR)   Coulomb (SR)   Coul. recip.
    1.62861e+02    5.04800e+01    1.51753e+05   -9.29507e+05    2.22844e+03
      Potential    Kinetic En.   Total Energy  Conserved En.    Temperature
   -7.71668e+05    1.24138e+05   -6.47530e+05   -6.62095e+05    2.99194e+02
 Pressure (bar)
    1.45973e+03

           Step           Time
          87000       43.50000

   Energies (kJ/mol)
           Bond          Angle    Proper Dih.  Improper Dih. Per. Imp. Dih.
    4.80195e+01    3.92877e+01    4.76679e-01    3.55699e+03    4.03021e-02
          LJ-14     Coulomb-14        LJ (SR)   Coulomb (SR)   Coul. recip.
    1.62861e+02    5.04800e+01    1.51523e+05   -9.29295e+05    2.25292e+03
      Potential    Kinetic En.   Total Energy  Conserved En.    Temperature
   -7.71662e+05    1.24219e+05   -6.47442e+05   -6.62072e+05    2.99390e+02
 Pressure (bar)
    1.44134e+03

           Step           Time
          88000       44.00000

   Energies (kJ/mol)
           Bond          Angle    Proper Dih.  Improper Dih. Per. Imp. Dih.
    4.80195e+01    3.92877e+01    4.76679e-01    3.55699e+03    4.03021e-02
          LJ-14     Coulomb-14        LJ (SR)   Coulomb (SR)   Coul. recip.
    1.62861e+02    5.04800e+01    1.51897e+05   -9.30099e+05    2.24296e+03
      Potential    Kinetic En.   Total Energy  Conserved En.    Temperature
   -7.72100e+05    1.24614e+05   -6.47486e+05   -6.62051e+05    3.00340e+02
 Pressure (bar)
    1.45221e+03

           Step           Time
          89000       44.50000

   Energies (kJ/mol)
           Bond          Angle    Proper Dih.  Improper Dih. Per. Imp. Dih.
    4.80195e+01    3.92877e+01    4.76679e-01    3.55699e+03    4.03021e-02
          LJ-14     Coulomb-14        LJ (SR)   Coulomb (SR)   Coul. recip.
    1.62861e+02    5.04800e+01    1.51159e+05   -9.28861e+05    2.19608e+03
      Potential    Kinetic En.   Total Energy  Conserved En.    Temperature
   -7.71648e+05    1.24869e+05   -6.46779e+05   -6.62030e+05    3.00956e+02
 Pressure (bar)
    1.40197e+03

           Step           Time
          90000       45.00000

   Energies (kJ/mol)
           Bond          Angle    Proper Dih.  Improper Dih. Per. Imp. Dih.
    4.80195e+01    3.92877e+01    4.76679e-01    3.55699e+03    4.03021e-02
          LJ-14     Coulomb-14        LJ (SR)   Coulomb (SR)   Coul. recip.
    1.62861e+02    5.04800e+01    1.52188e+05   -9.29460e+05    2.25460e+03
      Potential    Kinetic En.   Total Energy  Conserved En.    Temperature
   -7.71158e+05    1.24316e+05   -6.46842e+05   -6.62007e+05    2.99624e+02
 Pressure (bar)
    1.53337e+03

           Step           Time
          91000       45.50000

   Energies (kJ/mol)
           Bond          Angle    Proper Dih.  Improper Dih. Per. Imp. Dih.
    4.80195e+01    3.92877e+01    4.76679e-01    3.55699e+03    4.03021e-02
          LJ-14     Coulomb-14        LJ (SR)   Coulomb (SR)   Coul. recip.
    1.62861e+02    5.04800e+01    1.51065e+05   -9.28397e+05    2.28985e+03
      Potential    Kinetic En.   Total Energy  Conserved En.    Temperature
   -7.71184e+05    1.24065e+05   -6.47119e+05   -6.61986e+05    2.99017e+02
 Pressure (bar)
    1.40127e+03

           Step           Time
          92000       46.00000

   Energies (kJ/mol)
           Bond          Angle    Proper Dih.  Improper Dih. Per. Imp. Dih.
    4.80195e+01    3.92877e+01    4.76679e-01    3.55699e+03    4.03021e-02
          LJ-14     Coulomb-14        LJ (SR)   Coulomb (SR)   Coul. recip.
    1.62861e+02    5.04800e+01    1.52264e+05   -9.30685e+05    2.22662e+03
      Potential    Kinetic En.   Total Energy  Conserved En.    Temperature
   -7.72336e+05    1.24287e+05   -6.48049e+05   -6.61966e+05    2.99553e+02
 Pressure (bar)
    1.48796e+03

           Step           Time
          93000       46.50000

   Energies (kJ/mol)
           Bond          Angle    Proper Dih.  Improper Dih. Per. Imp. Dih.
    4.80195e+01    3.92877e+01    4.76679e-01    3.55699e+03    4.03021e-02
          LJ-14     Coulomb-14        LJ (SR)   Coulomb (SR)   Coul. recip.
    1.62861e+02    5.04800e+01    1.52477e+05   -9.31202e+05    2.29588e+03
      Potential    Kinetic En.   Total Energy  Conserved En.    Temperature
   -7.72572e+05    1.24465e+05   -6.48107e+05   -6.61943e+05    2.99982e+02
 Pressure (bar)
    1.50925e+03

           Step           Time
          94000       47.00000

   Energies (kJ/mol)
           Bond          Angle    Proper Dih.  Improper Dih. Per. Imp. Dih.
    4.80195e+01    3.92877e+01    4.76679e-01    3.55699e+03    4.03021e-02
          LJ-14     Coulomb-14        LJ (SR)   Coulomb (SR)   Coul. recip.
    1.62861e+02    5.04800e+01    1.53885e+05   -9.32268e+05    2.31270e+03
      Potential    Kinetic En.   Total Energy  Conserved En.    Temperature
   -7.72213e+05    1.24373e+05   -6.47840e+05   -6.61921e+05    2.99759e+02
 Pressure (bar)
    1.65327e+03

           Step           Time
          95000       47.50000

   Energies (kJ/mol)
           Bond          Angle    Proper Dih.  Improper Dih. Per. Imp. Dih.
    4.80195e+01    3.92877e+01    4.76679e-01    3.55699e+03    4.03021e-02
          LJ-14     Coulomb-14        LJ (SR)   Coulomb (SR)   Coul. recip.
    1.62861e+02    5.04800e+01    1.51893e+05   -9.29214e+05    2.35091e+03
      Potential    Kinetic En.   Total Energy  Conserved En.    Temperature
   -7.71112e+05    1.24129e+05   -6.46982e+05   -6.61901e+05    2.99173e+02
 Pressure (bar)
    1.50605e+03

           Step           Time
          96000       48.00000

   Energies (kJ/mol)
           Bond          Angle    Proper Dih.  Improper Dih. Per. Imp. Dih.
    4.80195e+01    3.92877e+01    4.76679e-01    3.55699e+03    4.03021e-02
          LJ-14     Coulomb-14        LJ (SR)   Coulomb (SR)   Coul. recip.
    1.62861e+02    5.04800e+01    1.50472e+05   -9.28380e+05    2.28389e+03
      Potential    Kinetic En.   Total Energy  Conserved En.    Temperature
   -7.71766e+05    1.24487e+05   -6.47279e+05   -6.61879e+05    3.00035e+02
 Pressure (bar)
    1.34785e+03

           Step           Time
          97000       48.50000

   Energies (kJ/mol)
           Bond          Angle    Proper Dih.  Improper Dih. Per. Imp. Dih.
    4.80195e+01    3.92877e+01    4.76679e-01    3.55699e+03    4.03021e-02
          LJ-14     Coulomb-14        LJ (SR)   Coulomb (SR)   Coul. recip.
    1.62861e+02    5.04800e+01    1.51860e+05   -9.30493e+05    2.31129e+03
      Potential    Kinetic En.   Total Energy  Conserved En.    Temperature
   -7.72463e+05    1.23788e+05   -6.48675e+05   -6.61858e+05    2.98351e+02
 Pressure (bar)
    1.42089e+03

           Step           Time
          98000       49.00000

   Energies (kJ/mol)
           Bond          Angle    Proper Dih.  Improper Dih. Per. Imp. Dih.
    4.80195e+01    3.92877e+01    4.76679e-01    3.55699e+03    4.03021e-02
          LJ-14     Coulomb-14        LJ (SR)   Coulomb (SR)   Coul. recip.
    1.62861e+02    5.04800e+01    1.53926e+05   -9.33229e+05    2.22367e+03
      Potential    Kinetic En.   Total Energy  Conserved En.    Temperature
   -7.73221e+05    1.24637e+05   -6.48584e+05   -6.61836e+05    3.00397e+02
 Pressure (bar)
    1.58225e+03

           Step           Time
          99000       49.50000

   Energies (kJ/mol)
           Bond          Angle    Proper Dih.  Improper Dih. Per. Imp. Dih.
    4.80195e+01    3.92877e+01    4.76679e-01    3.55699e+03    4.03021e-02
          LJ-14     Coulomb-14        LJ (SR)   Coulomb (SR)   Coul. recip.
    1.62861e+02    5.04800e+01    1.51715e+05   -9.30900e+05    2.27834e+03
      Potential    Kinetic En.   Total Energy  Conserved En.    Temperature
   -7.73048e+05    1.24593e+05   -6.48455e+05   -6.61814e+05    3.00290e+02
 Pressure (bar)
    1.39706e+03

           Step           Time
         100000       50.00000

   Energies (kJ/mol)
           Bond          Angle    Proper Dih.  Improper Dih. Per. Imp. Dih.
    4.80195e+01    3.92877e+01    4.76679e-01    3.55699e+03    4.03021e-02
          LJ-14     Coulomb-14        LJ (SR)   Coulomb (SR)   Coul. recip.
    1.62861e+02    5.04800e+01    1.52759e+05   -9.30963e+05    2.24245e+03
      Potential    Kinetic En.   Total Energy  Conserved En.    Temperature
   -7.72104e+05    1.23251e+05   -6.48853e+05   -6.61791e+05    2.97057e+02
 Pressure (bar)
    1.52478e+03

           Step           Time
         101000       50.50000

   Energies (kJ/mol)
           Bond          Angle    Proper Dih.  Improper Dih. Per. Imp. Dih.
    4.80195e+01    3.92877e+01    4.76679e-01    3.55699e+03    4.03021e-02
          LJ-14     Coulomb-14        LJ (SR)   Coulomb (SR)   Coul. recip.
    1.62861e+02    5.04800e+01    1.51657e+05   -9.29584e+05    2.24152e+03
      Potential    Kinetic En.   Total Energy  Conserved En.    Temperature
   -7.71826e+05    1.23921e+05   -6.47906e+05   -6.61769e+05    2.98670e+02
 Pressure (bar)
    1.47201e+03

           Step           Time
         102000       51.00000

   Energies (kJ/mol)
           Bond          Angle    Proper Dih.  Improper Dih. Per. Imp. Dih.
    4.80195e+01    3.92877e+01    4.76679e-01    3.55699e+03    4.03021e-02
          LJ-14     Coulomb-14        LJ (SR)   Coulomb (SR)   Coul. recip.
    1.62861e+02    5.04800e+01    1.52846e+05   -9.30149e+05    2.30162e+03
      Potential    Kinetic En.   Total Energy  Conserved En.    Temperature
   -7.71143e+05    1.24358e+05   -6.46785e+05   -6.61747e+05    2.99724e+02
 Pressure (bar)
    1.62015e+03

           Step           Time
         103000       51.50000

Writing checkpoint, step 103000 at Tue Jul  7 12:46:05 2026


   Energies (kJ/mol)
           Bond          Angle    Proper Dih.  Improper Dih. Per. Imp. Dih.
    4.80195e+01    3.92877e+01    4.76679e-01    3.55699e+03    4.03021e-02
          LJ-14     Coulomb-14        LJ (SR)   Coulomb (SR)   Coul. recip.
    1.62861e+02    5.04800e+01    1.51981e+05   -9.29141e+05    2.27567e+03
      Potential    Kinetic En.   Total Energy  Conserved En.    Temperature
   -7.71026e+05    1.24968e+05   -6.46058e+05   -6.61724e+05    3.01195e+02
 Pressure (bar)
    1.53444e+03

           Step           Time
         104000       52.00000

   Energies (kJ/mol)
           Bond          Angle    Proper Dih.  Improper Dih. Per. Imp. Dih.
    4.80195e+01    3.92877e+01    4.76679e-01    3.55699e+03    4.03021e-02
          LJ-14     Coulomb-14        LJ (SR)   Coulomb (SR)   Coul. recip.
    1.62861e+02    5.04800e+01    1.51399e+05   -9.27556e+05    2.34914e+03
      Potential    Kinetic En.   Total Energy  Conserved En.    Temperature
   -7.69950e+05    1.24083e+05   -6.45866e+05   -6.61702e+05    2.99062e+02
 Pressure (bar)
    1.48111e+03

           Step           Time
         105000       52.50000

   Energies (kJ/mol)
           Bond          Angle    Proper Dih.  Improper Dih. Per. Imp. Dih.
    4.80195e+01    3.92877e+01    4.76679e-01    3.55699e+03    4.03021e-02
          LJ-14     Coulomb-14        LJ (SR)   Coulomb (SR)   Coul. recip.
    1.62861e+02    5.04800e+01    1.51905e+05   -9.29088e+05    2.22046e+03
      Potential    Kinetic En.   Total Energy  Conserved En.    Temperature
   -7.71104e+05    1.24511e+05   -6.46593e+05   -6.61680e+05    3.00093e+02
 Pressure (bar)
    1.51143e+03

           Step           Time
         106000       53.00000

   Energies (kJ/mol)
           Bond          Angle    Proper Dih.  Improper Dih. Per. Imp. Dih.
    4.80195e+01    3.92877e+01    4.76679e-01    3.55699e+03    4.03021e-02
          LJ-14     Coulomb-14        LJ (SR)   Coulomb (SR)   Coul. recip.
    1.62861e+02    5.04800e+01    1.51958e+05   -9.29691e+05    2.32509e+03
      Potential    Kinetic En.   Total Energy  Conserved En.    Temperature
   -7.71549e+05    1.24226e+05   -6.47323e+05   -6.61659e+05    2.99407e+02
 Pressure (bar)
    1.49880e+03

           Step           Time
         107000       53.50000

   Energies (kJ/mol)
           Bond          Angle    Proper Dih.  Improper Dih. Per. Imp. Dih.
    4.80195e+01    3.92877e+01    4.76679e-01    3.55699e+03    4.03021e-02
          LJ-14     Coulomb-14        LJ (SR)   Coulomb (SR)   Coul. recip.
    1.62861e+02    5.04800e+01    1.50781e+05   -9.28792e+05    2.26342e+03
      Potential    Kinetic En.   Total Energy  Conserved En.    Temperature
   -7.71889e+05    1.24426e+05   -6.47463e+05   -6.61639e+05    2.99888e+02
 Pressure (bar)
    1.36933e+03

           Step           Time
         108000       54.00000

   Energies (kJ/mol)
           Bond          Angle    Proper Dih.  Improper Dih. Per. Imp. Dih.
    4.80195e+01    3.92877e+01    4.76679e-01    3.55699e+03    4.03021e-02
          LJ-14     Coulomb-14        LJ (SR)   Coulomb (SR)   Coul. recip.
    1.62861e+02    5.04800e+01    1.50469e+05   -9.28172e+05    2.28835e+03
      Potential    Kinetic En.   Total Energy  Conserved En.    Temperature
   -7.71556e+05    1.23405e+05   -6.48151e+05   -6.61616e+05    2.97426e+02
 Pressure (bar)
    1.32634e+03

           Step           Time
         109000       54.50000

   Energies (kJ/mol)
           Bond          Angle    Proper Dih.  Improper Dih. Per. Imp. Dih.
    4.80195e+01    3.92877e+01    4.76679e-01    3.55699e+03    4.03021e-02
          LJ-14     Coulomb-14        LJ (SR)   Coulomb (SR)   Coul. recip.
    1.62861e+02    5.04800e+01    1.51045e+05   -9.29161e+05    2.30334e+03
      Potential    Kinetic En.   Total Energy  Conserved En.    Temperature
   -7.71955e+05    1.24001e+05   -6.47954e+05   -6.61593e+05    2.98864e+02
 Pressure (bar)
    1.37221e+03

           Step           Time
         110000       55.00000

   Energies (kJ/mol)
           Bond          Angle    Proper Dih.  Improper Dih. Per. Imp. Dih.
    4.80195e+01    3.92877e+01    4.76679e-01    3.55699e+03    4.03021e-02
          LJ-14     Coulomb-14        LJ (SR)   Coulomb (SR)   Coul. recip.
    1.62861e+02    5.04800e+01    1.51240e+05   -9.28920e+05    2.25755e+03
      Potential    Kinetic En.   Total Energy  Conserved En.    Temperature
   -7.71564e+05    1.23709e+05   -6.47856e+05   -6.61572e+05    2.98159e+02
 Pressure (bar)
    1.41966e+03

           Step           Time
         111000       55.50000

   Energies (kJ/mol)
           Bond          Angle    Proper Dih.  Improper Dih. Per. Imp. Dih.
    4.80195e+01    3.92877e+01    4.76679e-01    3.55699e+03    4.03021e-02
          LJ-14     Coulomb-14        LJ (SR)   Coulomb (SR)   Coul. recip.
    1.62861e+02    5.04800e+01    1.52171e+05   -9.29483e+05    2.25642e+03
      Potential    Kinetic En.   Total Energy  Conserved En.    Temperature
   -7.71197e+05    1.24476e+05   -6.46721e+05   -6.61550e+05    3.00008e+02
 Pressure (bar)
    1.51559e+03

           Step           Time
         112000       56.00000

   Energies (kJ/mol)
           Bond          Angle    Proper Dih.  Improper Dih. Per. Imp. Dih.
    4.80195e+01    3.92877e+01    4.76679e-01    3.55699e+03    4.03021e-02
          LJ-14     Coulomb-14        LJ (SR)   Coulomb (SR)   Coul. recip.
    1.62861e+02    5.04800e+01    1.50772e+05   -9.27804e+05    2.29163e+03
      Potential    Kinetic En.   Total Energy  Conserved En.    Temperature
   -7.70883e+05    1.24235e+05   -6.46647e+05   -6.61528e+05    2.99428e+02
 Pressure (bar)
    1.40180e+03

           Step           Time
         113000       56.50000

   Energies (kJ/mol)
           Bond          Angle    Proper Dih.  Improper Dih. Per. Imp. Dih.
    4.80195e+01    3.92877e+01    4.76679e-01    3.55699e+03    4.03021e-02
          LJ-14     Coulomb-14        LJ (SR)   Coulomb (SR)   Coul. recip.
    1.62861e+02    5.04800e+01    1.51688e+05   -9.28886e+05    2.24407e+03
      Potential    Kinetic En.   Total Energy  Conserved En.    Temperature
   -7.71096e+05    1.25061e+05   -6.46035e+05   -6.61507e+05    3.01418e+02
 Pressure (bar)
    1.48549e+03

           Step           Time
         114000       57.00000

   Energies (kJ/mol)
           Bond          Angle    Proper Dih.  Improper Dih. Per. Imp. Dih.
    4.80195e+01    3.92877e+01    4.76679e-01    3.55699e+03    4.03021e-02
          LJ-14     Coulomb-14        LJ (SR)   Coulomb (SR)   Coul. recip.
    1.62861e+02    5.04800e+01    1.51058e+05   -9.28790e+05    2.28542e+03
      Potential    Kinetic En.   Total Energy  Conserved En.    Temperature
   -7.71589e+05    1.25028e+05   -6.46561e+05   -6.61486e+05    3.01340e+02
 Pressure (bar)
    1.39996e+03

           Step           Time
         115000       57.50000

   Energies (kJ/mol)
           Bond          Angle    Proper Dih.  Improper Dih. Per. Imp. Dih.
    4.80195e+01    3.92877e+01    4.76679e-01    3.55699e+03    4.03021e-02
          LJ-14     Coulomb-14        LJ (SR)   Coulomb (SR)   Coul. recip.
    1.62861e+02    5.04800e+01    1.51307e+05   -9.28605e+05    2.21208e+03
      Potential    Kinetic En.   Total Energy  Conserved En.    Temperature
   -7.71228e+05    1.24568e+05   -6.46659e+05   -6.61463e+05    3.00231e+02
 Pressure (bar)
    1.45804e+03

           Step           Time
         116000       58.00000

   Energies (kJ/mol)
           Bond          Angle    Proper Dih.  Improper Dih. Per. Imp. Dih.
    4.80195e+01    3.92877e+01    4.76679e-01    3.55699e+03    4.03021e-02
          LJ-14     Coulomb-14        LJ (SR)   Coulomb (SR)   Coul. recip.
    1.62861e+02    5.04800e+01    1.52241e+05   -9.29546e+05    2.30479e+03
      Potential    Kinetic En.   Total Energy  Conserved En.    Temperature
   -7.71142e+05    1.23612e+05   -6.47530e+05   -6.61440e+05    2.97925e+02
 Pressure (bar)
    1.53430e+03

           Step           Time
         117000       58.50000

   Energies (kJ/mol)
           Bond          Angle    Proper Dih.  Improper Dih. Per. Imp. Dih.
    4.80195e+01    3.92877e+01    4.76679e-01    3.55699e+03    4.03021e-02
          LJ-14     Coulomb-14        LJ (SR)   Coulomb (SR)   Coul. recip.
    1.62861e+02    5.04800e+01    1.53257e+05   -9.30726e+05    2.21958e+03
      Potential    Kinetic En.   Total Energy  Conserved En.    Temperature
   -7.71391e+05    1.23460e+05   -6.47931e+05   -6.61418e+05    2.97559e+02
 Pressure (bar)
    1.62292e+03

           Step           Time
         118000       59.00000

   Energies (kJ/mol)
           Bond          Angle    Proper Dih.  Improper Dih. Per. Imp. Dih.
    4.80195e+01    3.92877e+01    4.76679e-01    3.55699e+03    4.03021e-02
          LJ-14     Coulomb-14        LJ (SR)   Coulomb (SR)   Coul. recip.
    1.62861e+02    5.04800e+01    1.51178e+05   -9.29008e+05    2.20551e+03
      Potential    Kinetic En.   Total Energy  Conserved En.    Temperature
   -7.71767e+05    1.24325e+05   -6.47442e+05   -6.61397e+05    2.99644e+02
 Pressure (bar)
    1.40447e+03

           Step           Time
         119000       59.50000

   Energies (kJ/mol)
           Bond          Angle    Proper Dih.  Improper Dih. Per. Imp. Dih.
    4.80195e+01    3.92877e+01    4.76679e-01    3.55699e+03    4.03021e-02
          LJ-14     Coulomb-14        LJ (SR)   Coulomb (SR)   Coul. recip.
    1.62861e+02    5.04800e+01    1.50380e+05   -9.28534e+05    2.27187e+03
      Potential    Kinetic En.   Total Energy  Conserved En.    Temperature
   -7.72024e+05    1.25069e+05   -6.46956e+05   -6.61376e+05    3.01437e+02
 Pressure (bar)
    1.34965e+03

           Step           Time
         120000       60.00000

   Energies (kJ/mol)
           Bond          Angle    Proper Dih.  Improper Dih. Per. Imp. Dih.
    4.80195e+01    3.92877e+01    4.76679e-01    3.55699e+03    4.03021e-02
          LJ-14     Coulomb-14        LJ (SR)   Coulomb (SR)   Coul. recip.
    1.62861e+02    5.04800e+01    1.51035e+05   -9.28392e+05    2.26021e+03
      Potential    Kinetic En.   Total Energy  Conserved En.    Temperature
   -7.71239e+05    1.24407e+05   -6.46832e+05   -6.61355e+05    2.99842e+02
 Pressure (bar)
    1.44372e+03

           Step           Time
         121000       60.50000

   Energies (kJ/mol)
           Bond          Angle    Proper Dih.  Improper Dih. Per. Imp. Dih.
    4.80195e+01    3.92877e+01    4.76679e-01    3.55699e+03    4.03021e-02
          LJ-14     Coulomb-14        LJ (SR)   Coulomb (SR)   Coul. recip.
    1.62861e+02    5.04800e+01    1.52433e+05   -9.30015e+05    2.18080e+03
      Potential    Kinetic En.   Total Energy  Conserved En.    Temperature
   -7.71542e+05    1.25244e+05   -6.46298e+05   -6.61332e+05    3.01860e+02
 Pressure (bar)
    1.59698e+03

           Step           Time
         122000       61.00000

   Energies (kJ/mol)
           Bond          Angle    Proper Dih.  Improper Dih. Per. Imp. Dih.
    4.80195e+01    3.92877e+01    4.76679e-01    3.55699e+03    4.03021e-02
          LJ-14     Coulomb-14        LJ (SR)   Coulomb (SR)   Coul. recip.
    1.62861e+02    5.04800e+01    1.52714e+05   -9.29267e+05    2.29586e+03
      Potential    Kinetic En.   Total Energy  Conserved En.    Temperature
   -7.70399e+05    1.23743e+05   -6.46655e+05   -6.61310e+05    2.98242e+02
 Pressure (bar)
    1.62854e+03

           Step           Time
         123000       61.50000

   Energies (kJ/mol)
           Bond          Angle    Proper Dih.  Improper Dih. Per. Imp. Dih.
    4.80195e+01    3.92877e+01    4.76679e-01    3.55699e+03    4.03021e-02
          LJ-14     Coulomb-14        LJ (SR)   Coulomb (SR)   Coul. recip.
    1.62861e+02    5.04800e+01    1.52217e+05   -9.29370e+05    2.24224e+03
      Potential    Kinetic En.   Total Energy  Conserved En.    Temperature
   -7.71053e+05    1.24411e+05   -6.46643e+05   -6.61288e+05    2.99851e+02
 Pressure (bar)
    1.53172e+03

           Step           Time
         124000       62.00000

   Energies (kJ/mol)
           Bond          Angle    Proper Dih.  Improper Dih. Per. Imp. Dih.
    4.80195e+01    3.92877e+01    4.76679e-01    3.55699e+03    4.03021e-02
          LJ-14     Coulomb-14        LJ (SR)   Coulomb (SR)   Coul. recip.
    1.62861e+02    5.04800e+01    1.50854e+05   -9.27528e+05    2.26998e+03
      Potential    Kinetic En.   Total Energy  Conserved En.    Temperature
   -7.70546e+05    1.24037e+05   -6.46508e+05   -6.61266e+05    2.98951e+02
 Pressure (bar)
    1.41371e+03

           Step           Time
         125000       62.50000

   Energies (kJ/mol)
           Bond          Angle    Proper Dih.  Improper Dih. Per. Imp. Dih.
    4.80195e+01    3.92877e+01    4.76679e-01    3.55699e+03    4.03021e-02
          LJ-14     Coulomb-14        LJ (SR)   Coulomb (SR)   Coul. recip.
    1.62861e+02    5.04800e+01    1.52828e+05   -9.30561e+05    2.25762e+03
      Potential    Kinetic En.   Total Energy  Conserved En.    Temperature
   -7.71618e+05    1.24773e+05   -6.46845e+05   -6.61245e+05    3.00724e+02
 Pressure (bar)
    1.57488e+03

           Step           Time
         126000       63.00000

   Energies (kJ/mol)
           Bond          Angle    Proper Dih.  Improper Dih. Per. Imp. Dih.
    4.80195e+01    3.92877e+01    4.76679e-01    3.55699e+03    4.03021e-02
          LJ-14     Coulomb-14        LJ (SR)   Coulomb (SR)   Coul. recip.
    1.62861e+02    5.04800e+01    1.49644e+05   -9.27038e+05    2.20227e+03
      Potential    Kinetic En.   Total Energy  Conserved En.    Temperature
   -7.71334e+05    1.24608e+05   -6.46725e+05   -6.61223e+05    3.00327e+02
 Pressure (bar)
    1.32304e+03

           Step           Time
         127000       63.50000

   Energies (kJ/mol)
           Bond          Angle    Proper Dih.  Improper Dih. Per. Imp. Dih.
    4.80195e+01    3.92877e+01    4.76679e-01    3.55699e+03    4.03021e-02
          LJ-14     Coulomb-14        LJ (SR)   Coulomb (SR)   Coul. recip.
    1.62861e+02    5.04800e+01    1.51580e+05   -9.28855e+05    2.27818e+03
      Potential    Kinetic En.   Total Energy  Conserved En.    Temperature
   -7.71139e+05    1.24161e+05   -6.46978e+05   -6.61200e+05    2.99250e+02
 Pressure (bar)
    1.47300e+03

           Step           Time
         128000       64.00000

   Energies (kJ/mol)
           Bond          Angle    Proper Dih.  Improper Dih. Per. Imp. Dih.
    4.80195e+01    3.92877e+01    4.76679e-01    3.55699e+03    4.03021e-02
          LJ-14     Coulomb-14        LJ (SR)   Coulomb (SR)   Coul. recip.
    1.62861e+02    5.04800e+01    1.53240e+05   -9.31070e+05    2.31204e+03
      Potential    Kinetic En.   Total Energy  Conserved En.    Temperature
   -7.71659e+05    1.24979e+05   -6.46680e+05   -6.61179e+05    3.01221e+02
 Pressure (bar)
    1.65836e+03

           Step           Time
         129000       64.50000

   Energies (kJ/mol)
           Bond          Angle    Proper Dih.  Improper Dih. Per. Imp. Dih.
    4.80195e+01    3.92877e+01    4.76679e-01    3.55699e+03    4.03021e-02
          LJ-14     Coulomb-14        LJ (SR)   Coulomb (SR)   Coul. recip.
    1.62861e+02    5.04800e+01    1.51652e+05   -9.29366e+05    2.24915e+03
      Potential    Kinetic En.   Total Energy  Conserved En.    Temperature
   -7.71606e+05    1.24512e+05   -6.47094e+05   -6.61158e+05    3.00095e+02
 Pressure (bar)
    1.50708e+03

           Step           Time
         130000       65.00000

   Energies (kJ/mol)
           Bond          Angle    Proper Dih.  Improper Dih. Per. Imp. Dih.
    4.80195e+01    3.92877e+01    4.76679e-01    3.55699e+03    4.03021e-02
          LJ-14     Coulomb-14        LJ (SR)   Coulomb (SR)   Coul. recip.
    1.62861e+02    5.04800e+01    1.52691e+05   -9.29618e+05    2.24510e+03
      Potential    Kinetic En.   Total Energy  Conserved En.    Temperature
   -7.70824e+05    1.23960e+05   -6.46864e+05   -6.61136e+05    2.98766e+02
 Pressure (bar)
    1.61639e+03

           Step           Time
         131000       65.50000

   Energies (kJ/mol)
           Bond          Angle    Proper Dih.  Improper Dih. Per. Imp. Dih.
    4.80195e+01    3.92877e+01    4.76679e-01    3.55699e+03    4.03021e-02
          LJ-14     Coulomb-14        LJ (SR)   Coulomb (SR)   Coul. recip.
    1.62861e+02    5.04800e+01    1.52036e+05   -9.29235e+05    2.26204e+03
      Potential    Kinetic En.   Total Energy  Conserved En.    Temperature
   -7.71079e+05    1.24450e+05   -6.46629e+05   -6.61115e+05    2.99945e+02
 Pressure (bar)
    1.51247e+03

           Step           Time
         132000       66.00000

   Energies (kJ/mol)
           Bond          Angle    Proper Dih.  Improper Dih. Per. Imp. Dih.
    4.80195e+01    3.92877e+01    4.76679e-01    3.55699e+03    4.03021e-02
          LJ-14     Coulomb-14        LJ (SR)   Coulomb (SR)   Coul. recip.
    1.62861e+02    5.04800e+01    1.52315e+05   -9.29410e+05    2.20354e+03
      Potential    Kinetic En.   Total Energy  Conserved En.    Temperature
   -7.71033e+05    1.24210e+05   -6.46823e+05   -6.61093e+05    2.99366e+02
 Pressure (bar)
    1.56361e+03

           Step           Time
         133000       66.50000

   Energies (kJ/mol)
           Bond          Angle    Proper Dih.  Improper Dih. Per. Imp. Dih.
    4.80195e+01    3.92877e+01    4.76679e-01    3.55699e+03    4.03021e-02
          LJ-14     Coulomb-14        LJ (SR)   Coulomb (SR)   Coul. recip.
    1.62861e+02    5.04800e+01    1.51707e+05   -9.28988e+05    2.22263e+03
      Potential    Kinetic En.   Total Energy  Conserved En.    Temperature
   -7.71200e+05    1.25022e+05   -6.46178e+05   -6.61071e+05    3.01324e+02
 Pressure (bar)
    1.50933e+03

           Step           Time
         134000       67.00000

   Energies (kJ/mol)
           Bond          Angle    Proper Dih.  Improper Dih. Per. Imp. Dih.
    4.80195e+01    3.92877e+01    4.76679e-01    3.55699e+03    4.03021e-02
          LJ-14     Coulomb-14        LJ (SR)   Coulomb (SR)   Coul. recip.
    1.62861e+02    5.04800e+01    1.50366e+05   -9.26864e+05    2.30478e+03
      Potential    Kinetic En.   Total Energy  Conserved En.    Temperature
   -7.70335e+05    1.24398e+05   -6.45937e+05   -6.61050e+05    2.99820e+02
 Pressure (bar)
    1.37499e+03

           Step           Time
         135000       67.50000

   Energies (kJ/mol)
           Bond          Angle    Proper Dih.  Improper Dih. Per. Imp. Dih.
    4.80195e+01    3.92877e+01    4.76679e-01    3.55699e+03    4.03021e-02
          LJ-14     Coulomb-14        LJ (SR)   Coulomb (SR)   Coul. recip.
    1.62861e+02    5.04800e+01    1.51238e+05   -9.28002e+05    2.19765e+03
      Potential    Kinetic En.   Total Energy  Conserved En.    Temperature
   -7.70708e+05    1.24856e+05   -6.45853e+05   -6.61027e+05    3.00923e+02
 Pressure (bar)
    1.47359e+03

           Step           Time
         136000       68.00000

   Energies (kJ/mol)
           Bond          Angle    Proper Dih.  Improper Dih. Per. Imp. Dih.
    4.80195e+01    3.92877e+01    4.76679e-01    3.55699e+03    4.03021e-02
          LJ-14     Coulomb-14        LJ (SR)   Coulomb (SR)   Coul. recip.
    1.62861e+02    5.04800e+01    1.51612e+05   -9.28649e+05    2.30408e+03
      Potential    Kinetic En.   Total Energy  Conserved En.    Temperature
   -7.70874e+05    1.24443e+05   -6.46432e+05   -6.61004e+05    2.99929e+02
 Pressure (bar)
    1.49968e+03

           Step           Time
         137000       68.50000

   Energies (kJ/mol)
           Bond          Angle    Proper Dih.  Improper Dih. Per. Imp. Dih.
    4.80195e+01    3.92877e+01    4.76679e-01    3.55699e+03    4.03021e-02
          LJ-14     Coulomb-14        LJ (SR)   Coulomb (SR)   Coul. recip.
    1.62861e+02    5.04800e+01    1.50724e+05   -9.27790e+05    2.29859e+03
      Potential    Kinetic En.   Total Energy  Conserved En.    Temperature
   -7.70909e+05    1.24686e+05   -6.46223e+05   -6.60981e+05    3.00514e+02
 Pressure (bar)
    1.40267e+03

           Step           Time
         138000       69.00000

   Energies (kJ/mol)
           Bond          Angle    Proper Dih.  Improper Dih. Per. Imp. Dih.
    4.80195e+01    3.92877e+01    4.76679e-01    3.55699e+03    4.03021e-02
          LJ-14     Coulomb-14        LJ (SR)   Coulomb (SR)   Coul. recip.
    1.62861e+02    5.04800e+01    1.49947e+05   -9.26134e+05    2.32162e+03
      Potential    Kinetic En.   Total Energy  Conserved En.    Temperature
   -7.70007e+05    1.23676e+05   -6.46331e+05   -6.60958e+05    2.98081e+02
 Pressure (bar)
    1.33766e+03

           Step           Time
         139000       69.50000

   Energies (kJ/mol)
           Bond          Angle    Proper Dih.  Improper Dih. Per. Imp. Dih.
    4.80195e+01    3.92877e+01    4.76679e-01    3.55699e+03    4.03021e-02
          LJ-14     Coulomb-14        LJ (SR)   Coulomb (SR)   Coul. recip.
    1.62861e+02    5.04800e+01    1.52725e+05   -9.29090e+05    2.30456e+03
      Potential    Kinetic En.   Total Energy  Conserved En.    Temperature
   -7.70202e+05    1.24446e+05   -6.45756e+05   -6.60936e+05    2.99937e+02
 Pressure (bar)
    1.59979e+03

           Step           Time
         140000       70.00000

   Energies (kJ/mol)
           Bond          Angle    Proper Dih.  Improper Dih. Per. Imp. Dih.
    4.80195e+01    3.92877e+01    4.76679e-01    3.55699e+03    4.03021e-02
          LJ-14     Coulomb-14        LJ (SR)   Coulomb (SR)   Coul. recip.
    1.62861e+02    5.04800e+01    1.53467e+05   -9.30883e+05    2.31130e+03
      Potential    Kinetic En.   Total Energy  Conserved En.    Temperature
   -7.71246e+05    1.24996e+05   -6.46250e+05   -6.60914e+05    3.01263e+02
 Pressure (bar)
    1.67838e+03

           Step           Time
         141000       70.50000

   Energies (kJ/mol)
           Bond          Angle    Proper Dih.  Improper Dih. Per. Imp. Dih.
    4.80195e+01    3.92877e+01    4.76679e-01    3.55699e+03    4.03021e-02
          LJ-14     Coulomb-14        LJ (SR)   Coulomb (SR)   Coul. recip.
    1.62861e+02    5.04800e+01    1.50864e+05   -9.28658e+05    2.22725e+03
      Potential    Kinetic En.   Total Energy  Conserved En.    Temperature
   -7.71708e+05    1.25859e+05   -6.45850e+05   -6.60893e+05    3.03341e+02
 Pressure (bar)
    1.38237e+03

           Step           Time
         142000       71.00000

   Energies (kJ/mol)
           Bond          Angle    Proper Dih.  Improper Dih. Per. Imp. Dih.
    4.80195e+01    3.92877e+01    4.76679e-01    3.55699e+03    4.03021e-02
          LJ-14     Coulomb-14        LJ (SR)   Coulomb (SR)   Coul. recip.
    1.62861e+02    5.04800e+01    1.51320e+05   -9.27989e+05    2.31054e+03
      Potential    Kinetic En.   Total Energy  Conserved En.    Temperature
   -7.70500e+05    1.24312e+05   -6.46188e+05   -6.60870e+05    2.99614e+02
 Pressure (bar)
    1.48729e+03

           Step           Time
         143000       71.50000

   Energies (kJ/mol)
           Bond          Angle    Proper Dih.  Improper Dih. Per. Imp. Dih.
    4.80195e+01    3.92877e+01    4.76679e-01    3.55699e+03    4.03021e-02
          LJ-14     Coulomb-14        LJ (SR)   Coulomb (SR)   Coul. recip.
    1.62861e+02    5.04800e+01    1.52021e+05   -9.28900e+05    2.32062e+03
      Potential    Kinetic En.   Total Energy  Conserved En.    Temperature
   -7.70701e+05    1.24614e+05   -6.46087e+05   -6.60848e+05    3.00342e+02
 Pressure (bar)
    1.55335e+03

           Step           Time
         144000       72.00000

   Energies (kJ/mol)
           Bond          Angle    Proper Dih.  Improper Dih. Per. Imp. Dih.
    4.80195e+01    3.92877e+01    4.76679e-01    3.55699e+03    4.03021e-02
          LJ-14     Coulomb-14        LJ (SR)   Coulomb (SR)   Coul. recip.
    1.62861e+02    5.04800e+01    1.51605e+05   -9.28875e+05    2.28712e+03
      Potential    Kinetic En.   Total Energy  Conserved En.    Temperature
   -7.71125e+05    1.24595e+05   -6.46530e+05   -6.60827e+05    3.00296e+02
 Pressure (bar)
    1.47077e+03

           Step           Time
         145000       72.50000

   Energies (kJ/mol)
           Bond          Angle    Proper Dih.  Improper Dih. Per. Imp. Dih.
    4.80195e+01    3.92877e+01    4.76679e-01    3.55699e+03    4.03021e-02
          LJ-14     Coulomb-14        LJ (SR)   Coulomb (SR)   Coul. recip.
    1.62861e+02    5.04800e+01    1.54222e+05   -9.30858e+05    2.26174e+03
      Potential    Kinetic En.   Total Energy  Conserved En.    Temperature
   -7.70516e+05    1.24416e+05   -6.46100e+05   -6.60804e+05    2.99864e+02
 Pressure (bar)
    1.72795e+03

           Step           Time
         146000       73.00000

   Energies (kJ/mol)
           Bond          Angle    Proper Dih.  Improper Dih. Per. Imp. Dih.
    4.80195e+01    3.92877e+01    4.76679e-01    3.55699e+03    4.03021e-02
          LJ-14     Coulomb-14        LJ (SR)   Coulomb (SR)   Coul. recip.
    1.62861e+02    5.04800e+01    1.51105e+05   -9.28157e+05    2.22104e+03
      Potential    Kinetic En.   Total Energy  Conserved En.    Temperature
   -7.70973e+05    1.24589e+05   -6.46384e+05   -6.60781e+05    3.00280e+02
 Pressure (bar)
    1.43731e+03

           Step           Time
         147000       73.50000

   Energies (kJ/mol)
           Bond          Angle    Proper Dih.  Improper Dih. Per. Imp. Dih.
    4.80195e+01    3.92877e+01    4.76679e-01    3.55699e+03    4.03021e-02
          LJ-14     Coulomb-14        LJ (SR)   Coulomb (SR)   Coul. recip.
    1.62861e+02    5.04800e+01    1.51012e+05   -9.28174e+05    2.27105e+03
      Potential    Kinetic En.   Total Energy  Conserved En.    Temperature
   -7.71033e+05    1.24371e+05   -6.46661e+05   -6.60760e+05    2.99756e+02
 Pressure (bar)
    1.39235e+03

           Step           Time
         148000       74.00000

   Energies (kJ/mol)
           Bond          Angle    Proper Dih.  Improper Dih. Per. Imp. Dih.
    4.80195e+01    3.92877e+01    4.76679e-01    3.55699e+03    4.03021e-02
          LJ-14     Coulomb-14        LJ (SR)   Coulomb (SR)   Coul. recip.
    1.62861e+02    5.04800e+01    1.51025e+05   -9.28074e+05    2.29519e+03
      Potential    Kinetic En.   Total Energy  Conserved En.    Temperature
   -7.70896e+05    1.24097e+05   -6.46799e+05   -6.60737e+05    2.99094e+02
 Pressure (bar)
    1.43094e+03

           Step           Time
         149000       74.50000

   Energies (kJ/mol)
           Bond          Angle    Proper Dih.  Improper Dih. Per. Imp. Dih.
    4.80195e+01    3.92877e+01    4.76679e-01    3.55699e+03    4.03021e-02
          LJ-14     Coulomb-14        LJ (SR)   Coulomb (SR)   Coul. recip.
    1.62861e+02    5.04800e+01    1.51592e+05   -9.28607e+05    2.35060e+03
      Potential    Kinetic En.   Total Energy  Conserved En.    Temperature
   -7.70806e+05    1.23523e+05   -6.47283e+05   -6.60716e+05    2.97712e+02
 Pressure (bar)
    1.49667e+03

           Step           Time
         150000       75.00000

   Energies (kJ/mol)
           Bond          Angle    Proper Dih.  Improper Dih. Per. Imp. Dih.
    4.80195e+01    3.92877e+01    4.76679e-01    3.55699e+03    4.03021e-02
          LJ-14     Coulomb-14        LJ (SR)   Coulomb (SR)   Coul. recip.
    1.62861e+02    5.04800e+01    1.51269e+05   -9.28830e+05    2.24787e+03
      Potential    Kinetic En.   Total Energy  Conserved En.    Temperature
   -7.71455e+05    1.24701e+05   -6.46753e+05   -6.60695e+05    3.00551e+02
 Pressure (bar)
    1.44865e+03

           Step           Time
         151000       75.50000

   Energies (kJ/mol)
           Bond          Angle    Proper Dih.  Improper Dih. Per. Imp. Dih.
    4.80195e+01    3.92877e+01    4.76679e-01    3.55699e+03    4.03021e-02
          LJ-14     Coulomb-14        LJ (SR)   Coulomb (SR)   Coul. recip.
    1.62861e+02    5.04800e+01    1.51540e+05   -9.28427e+05    2.29906e+03
      Potential    Kinetic En.   Total Energy  Conserved En.    Temperature
   -7.70730e+05    1.23676e+05   -6.47054e+05   -6.60672e+05    2.98080e+02
 Pressure (bar)
    1.49729e+03

           Step           Time
         152000       76.00000

   Energies (kJ/mol)
           Bond          Angle    Proper Dih.  Improper Dih. Per. Imp. Dih.
    4.80195e+01    3.92877e+01    4.76679e-01    3.55699e+03    4.03021e-02
          LJ-14     Coulomb-14        LJ (SR)   Coulomb (SR)   Coul. recip.
    1.62861e+02    5.04800e+01    1.51697e+05   -9.28472e+05    2.29819e+03
      Potential    Kinetic En.   Total Energy  Conserved En.    Temperature
   -7.70618e+05    1.24448e+05   -6.46170e+05   -6.60652e+05    2.99941e+02
 Pressure (bar)
    1.51029e+03

           Step           Time
         153000       76.50000

   Energies (kJ/mol)
           Bond          Angle    Proper Dih.  Improper Dih. Per. Imp. Dih.
    4.80195e+01    3.92877e+01    4.76679e-01    3.55699e+03    4.03021e-02
          LJ-14     Coulomb-14        LJ (SR)   Coulomb (SR)   Coul. recip.
    1.62861e+02    5.04800e+01    1.51145e+05   -9.28830e+05    2.29095e+03
      Potential    Kinetic En.   Total Energy  Conserved En.    Temperature
   -7.71535e+05    1.24563e+05   -6.46972e+05   -6.60630e+05    3.00219e+02
 Pressure (bar)
    1.41641e+03

           Step           Time
         154000       77.00000

   Energies (kJ/mol)
           Bond          Angle    Proper Dih.  Improper Dih. Per. Imp. Dih.
    4.80195e+01    3.92877e+01    4.76679e-01    3.55699e+03    4.03021e-02
          LJ-14     Coulomb-14        LJ (SR)   Coulomb (SR)   Coul. recip.
    1.62861e+02    5.04800e+01    1.51080e+05   -9.29258e+05    2.35407e+03
      Potential    Kinetic En.   Total Energy  Conserved En.    Temperature
   -7.71966e+05    1.25014e+05   -6.46952e+05   -6.60608e+05    3.01304e+02
 Pressure (bar)
    1.36827e+03

           Step           Time
         155000       77.50000

   Energies (kJ/mol)
           Bond          Angle    Proper Dih.  Improper Dih. Per. Imp. Dih.
    4.80195e+01    3.92877e+01    4.76679e-01    3.55699e+03    4.03021e-02
          LJ-14     Coulomb-14        LJ (SR)   Coulomb (SR)   Coul. recip.
    1.62861e+02    5.04800e+01    1.51445e+05   -9.28585e+05    2.29087e+03
      Potential    Kinetic En.   Total Energy  Conserved En.    Temperature
   -7.70991e+05    1.24630e+05   -6.46361e+05   -6.60587e+05    3.00380e+02
 Pressure (bar)
    1.43820e+03

Writing checkpoint, step 155200 at Tue Jul  7 13:01:06 2026


           Step           Time
         156000       78.00000

   Energies (kJ/mol)
           Bond          Angle    Proper Dih.  Improper Dih. Per. Imp. Dih.
    4.80195e+01    3.92877e+01    4.76679e-01    3.55699e+03    4.03021e-02
          LJ-14     Coulomb-14        LJ (SR)   Coulomb (SR)   Coul. recip.
    1.62861e+02    5.04800e+01    1.51637e+05   -9.28831e+05    2.34520e+03
      Potential    Kinetic En.   Total Energy  Conserved En.    Temperature
   -7.70991e+05    1.24283e+05   -6.46708e+05   -6.60564e+05    2.99543e+02
 Pressure (bar)
    1.46924e+03

           Step           Time
         157000       78.50000

   Energies (kJ/mol)
           Bond          Angle    Proper Dih.  Improper Dih. Per. Imp. Dih.
    4.80195e+01    3.92877e+01    4.76679e-01    3.55699e+03    4.03021e-02
          LJ-14     Coulomb-14        LJ (SR)   Coulomb (SR)   Coul. recip.
    1.62861e+02    5.04800e+01    1.52058e+05   -9.28857e+05    2.23028e+03
      Potential    Kinetic En.   Total Energy  Conserved En.    Temperature
   -7.70710e+05    1.24637e+05   -6.46074e+05   -6.60543e+05    3.00396e+02
 Pressure (bar)
    1.53659e+03

           Step           Time
         158000       79.00000

   Energies (kJ/mol)
           Bond          Angle    Proper Dih.  Improper Dih. Per. Imp. Dih.
    4.80195e+01    3.92877e+01    4.76679e-01    3.55699e+03    4.03021e-02
          LJ-14     Coulomb-14        LJ (SR)   Coulomb (SR)   Coul. recip.
    1.62861e+02    5.04800e+01    1.51250e+05   -9.27257e+05    2.29572e+03
      Potential    Kinetic En.   Total Energy  Conserved En.    Temperature
   -7.69853e+05    1.23731e+05   -6.46123e+05   -6.60518e+05    2.98212e+02
 Pressure (bar)
    1.48622e+03

           Step           Time
         159000       79.50000

   Energies (kJ/mol)
           Bond          Angle    Proper Dih.  Improper Dih. Per. Imp. Dih.
    4.80195e+01    3.92877e+01    4.76679e-01    3.55699e+03    4.03021e-02
          LJ-14     Coulomb-14        LJ (SR)   Coulomb (SR)   Coul. recip.
    1.62861e+02    5.04800e+01    1.50897e+05   -9.27623e+05    2.28501e+03
      Potential    Kinetic En.   Total Energy  Conserved En.    Temperature
   -7.70583e+05    1.24627e+05   -6.45956e+05   -6.60498e+05    3.00371e+02
 Pressure (bar)
    1.43413e+03

           Step           Time
         160000       80.00000

   Energies (kJ/mol)
           Bond          Angle    Proper Dih.  Improper Dih. Per. Imp. Dih.
    4.80195e+01    3.92877e+01    4.76679e-01    3.55699e+03    4.03021e-02
          LJ-14     Coulomb-14        LJ (SR)   Coulomb (SR)   Coul. recip.
    1.62861e+02    5.04800e+01    1.49709e+05   -9.26858e+05    2.25818e+03
      Potential    Kinetic En.   Total Energy  Conserved En.    Temperature
   -7.71033e+05    1.24877e+05   -6.46156e+05   -6.60477e+05    3.00975e+02
 Pressure (bar)
    1.31002e+03

           Step           Time
         161000       80.50000

   Energies (kJ/mol)
           Bond          Angle    Proper Dih.  Improper Dih. Per. Imp. Dih.
    4.80195e+01    3.92877e+01    4.76679e-01    3.55699e+03    4.03021e-02
          LJ-14     Coulomb-14        LJ (SR)   Coulomb (SR)   Coul. recip.
    1.62861e+02    5.04800e+01    1.49974e+05   -9.26580e+05    2.18545e+03
      Potential    Kinetic En.   Total Energy  Conserved En.    Temperature
   -7.70562e+05    1.24556e+05   -6.46006e+05   -6.60453e+05    3.00202e+02
 Pressure (bar)
    1.36066e+03

           Step           Time
         162000       81.00000

   Energies (kJ/mol)
           Bond          Angle    Proper Dih.  Improper Dih. Per. Imp. Dih.
    4.80195e+01    3.92877e+01    4.76679e-01    3.55699e+03    4.03021e-02
          LJ-14     Coulomb-14        LJ (SR)   Coulomb (SR)   Coul. recip.
    1.62861e+02    5.04800e+01    1.52398e+05   -9.29458e+05    2.29307e+03
      Potential    Kinetic En.   Total Energy  Conserved En.    Temperature
   -7.70909e+05    1.24547e+05   -6.46362e+05   -6.60431e+05    3.00180e+02
 Pressure (bar)
    1.59720e+03

           Step           Time
         163000       81.50000

   Energies (kJ/mol)
           Bond          Angle    Proper Dih.  Improper Dih. Per. Imp. Dih.
    4.80195e+01    3.92877e+01    4.76679e-01    3.55699e+03    4.03021e-02
          LJ-14     Coulomb-14        LJ (SR)   Coulomb (SR)   Coul. recip.
    1.62861e+02    5.04800e+01    1.52805e+05   -9.30184e+05    2.24568e+03
      Potential    Kinetic En.   Total Energy  Conserved En.    Temperature
   -7.71275e+05    1.24321e+05   -6.46954e+05   -6.60409e+05    2.99636e+02
 Pressure (bar)
    1.58287e+03

           Step           Time
         164000       82.00000

   Energies (kJ/mol)
           Bond          Angle    Proper Dih.  Improper Dih. Per. Imp. Dih.
    4.80195e+01    3.92877e+01    4.76679e-01    3.55699e+03    4.03021e-02
          LJ-14     Coulomb-14        LJ (SR)   Coulomb (SR)   Coul. recip.
    1.62861e+02    5.04800e+01    1.52770e+05   -9.31065e+05    2.25504e+03
      Potential    Kinetic En.   Total Energy  Conserved En.    Temperature
   -7.72182e+05    1.25162e+05   -6.47020e+05   -6.60387e+05    3.01661e+02
 Pressure (bar)
    1.56871e+03

           Step           Time
         165000       82.50000

   Energies (kJ/mol)
           Bond          Angle    Proper Dih.  Improper Dih. Per. Imp. Dih.
    4.80195e+01    3.92877e+01    4.76679e-01    3.55699e+03    4.03021e-02
          LJ-14     Coulomb-14        LJ (SR)   Coulomb (SR)   Coul. recip.
    1.62861e+02    5.04800e+01    1.51821e+05   -9.29005e+05    2.29004e+03
      Potential    Kinetic En.   Total Energy  Conserved En.    Temperature
   -7.71036e+05    1.24609e+05   -6.46427e+05   -6.60364e+05    3.00330e+02
 Pressure (bar)
    1.50861e+03

           Step           Time
         166000       83.00000

   Energies (kJ/mol)
           Bond          Angle    Proper Dih.  Improper Dih. Per. Imp. Dih.
    4.80195e+01    3.92877e+01    4.76679e-01    3.55699e+03    4.03021e-02
          LJ-14     Coulomb-14        LJ (SR)   Coulomb (SR)   Coul. recip.
    1.62861e+02    5.04800e+01    1.51130e+05   -9.27884e+05    2.27160e+03
      Potential    Kinetic En.   Total Energy  Conserved En.    Temperature
   -7.70624e+05    1.24738e+05   -6.45886e+05   -6.60342e+05    3.00640e+02
 Pressure (bar)
    1.45905e+03

           Step           Time
         167000       83.50000

   Energies (kJ/mol)
           Bond          Angle    Proper Dih.  Improper Dih. Per. Imp. Dih.
    4.80195e+01    3.92877e+01    4.76679e-01    3.55699e+03    4.03021e-02
          LJ-14     Coulomb-14        LJ (SR)   Coulomb (SR)   Coul. recip.
    1.62861e+02    5.04800e+01    1.51265e+05   -9.28632e+05    2.28534e+03
      Potential    Kinetic En.   Total Energy  Conserved En.    Temperature
   -7.71223e+05    1.25149e+05   -6.46074e+05   -6.60321e+05    3.01631e+02
 Pressure (bar)
    1.45700e+03

           Step           Time
         168000       84.00000

   Energies (kJ/mol)
           Bond          Angle    Proper Dih.  Improper Dih. Per. Imp. Dih.
    4.80195e+01    3.92877e+01    4.76679e-01    3.55699e+03    4.03021e-02
          LJ-14     Coulomb-14        LJ (SR)   Coulomb (SR)   Coul. recip.
    1.62861e+02    5.04800e+01    1.50301e+05   -9.27644e+05    2.28793e+03
      Potential    Kinetic En.   Total Energy  Conserved En.    Temperature
   -7.71196e+05    1.24499e+05   -6.46697e+05   -6.60300e+05    3.00064e+02
 Pressure (bar)
    1.30553e+03

           Step           Time
         169000       84.50000

   Energies (kJ/mol)
           Bond          Angle    Proper Dih.  Improper Dih. Per. Imp. Dih.
    4.80195e+01    3.92877e+01    4.76679e-01    3.55699e+03    4.03021e-02
          LJ-14     Coulomb-14        LJ (SR)   Coulomb (SR)   Coul. recip.
    1.62861e+02    5.04800e+01    1.51314e+05   -9.28813e+05    2.30254e+03
      Potential    Kinetic En.   Total Energy  Conserved En.    Temperature
   -7.71338e+05    1.23875e+05   -6.47463e+05   -6.60276e+05    2.98560e+02
 Pressure (bar)
    1.42821e+03

           Step           Time
         170000       85.00000

   Energies (kJ/mol)
           Bond          Angle    Proper Dih.  Improper Dih. Per. Imp. Dih.
    4.80195e+01    3.92877e+01    4.76679e-01    3.55699e+03    4.03021e-02
          LJ-14     Coulomb-14        LJ (SR)   Coulomb (SR)   Coul. recip.
    1.62861e+02    5.04800e+01    1.51849e+05   -9.29482e+05    2.26125e+03
      Potential    Kinetic En.   Total Energy  Conserved En.    Temperature
   -7.71514e+05    1.24788e+05   -6.46726e+05   -6.60255e+05    3.00760e+02
 Pressure (bar)
    1.48338e+03

           Step           Time
         171000       85.50000

   Energies (kJ/mol)
           Bond          Angle    Proper Dih.  Improper Dih. Per. Imp. Dih.
    4.80195e+01    3.92877e+01    4.76679e-01    3.55699e+03    4.03021e-02
          LJ-14     Coulomb-14        LJ (SR)   Coulomb (SR)   Coul. recip.
    1.62861e+02    5.04800e+01    1.52128e+05   -9.29119e+05    2.25336e+03
      Potential    Kinetic En.   Total Energy  Conserved En.    Temperature
   -7.70879e+05    1.24679e+05   -6.46200e+05   -6.60233e+05    3.00497e+02
 Pressure (bar)
    1.50433e+03

           Step           Time
         172000       86.00000

   Energies (kJ/mol)
           Bond          Angle    Proper Dih.  Improper Dih. Per. Imp. Dih.
    4.80195e+01    3.92877e+01    4.76679e-01    3.55699e+03    4.03021e-02
          LJ-14     Coulomb-14        LJ (SR)   Coulomb (SR)   Coul. recip.
    1.62861e+02    5.04800e+01    1.51697e+05   -9.28564e+05    2.28646e+03
      Potential    Kinetic En.   Total Energy  Conserved En.    Temperature
   -7.70722e+05    1.24705e+05   -6.46017e+05   -6.60211e+05    3.00560e+02
 Pressure (bar)
    1.46257e+03

           Step           Time
         173000       86.50000

   Energies (kJ/mol)
           Bond          Angle    Proper Dih.  Improper Dih. Per. Imp. Dih.
    4.80195e+01    3.92877e+01    4.76679e-01    3.55699e+03    4.03021e-02
          LJ-14     Coulomb-14        LJ (SR)   Coulomb (SR)   Coul. recip.
    1.62861e+02    5.04800e+01    1.51938e+05   -9.28218e+05    2.33073e+03
      Potential    Kinetic En.   Total Energy  Conserved En.    Temperature
   -7.70091e+05    1.24480e+05   -6.45611e+05   -6.60189e+05    3.00019e+02
 Pressure (bar)
    1.51663e+03

           Step           Time
         174000       87.00000

   Energies (kJ/mol)
           Bond          Angle    Proper Dih.  Improper Dih. Per. Imp. Dih.
    4.80195e+01    3.92877e+01    4.76679e-01    3.55699e+03    4.03021e-02
          LJ-14     Coulomb-14        LJ (SR)   Coulomb (SR)   Coul. recip.
    1.62861e+02    5.04800e+01    1.50318e+05   -9.27745e+05    2.23817e+03
      Potential    Kinetic En.   Total Energy  Conserved En.    Temperature
   -7.71332e+05    1.25691e+05   -6.45641e+05   -6.60167e+05    3.02936e+02
 Pressure (bar)
    1.34900e+03

           Step           Time
         175000       87.50000

   Energies (kJ/mol)
           Bond          Angle    Proper Dih.  Improper Dih. Per. Imp. Dih.
    4.80195e+01    3.92877e+01    4.76679e-01    3.55699e+03    4.03021e-02
          LJ-14     Coulomb-14        LJ (SR)   Coulomb (SR)   Coul. recip.
    1.62861e+02    5.04800e+01    1.50499e+05   -9.27928e+05    2.23830e+03
      Potential    Kinetic En.   Total Energy  Conserved En.    Temperature
   -7.71332e+05    1.24982e+05   -6.46350e+05   -6.60145e+05    3.01228e+02
 Pressure (bar)
    1.35065e+03

           Step           Time
         176000       88.00000

   Energies (kJ/mol)
           Bond          Angle    Proper Dih.  Improper Dih. Per. Imp. Dih.
    4.80195e+01    3.92877e+01    4.76679e-01    3.55699e+03    4.03021e-02
          LJ-14     Coulomb-14        LJ (SR)   Coulomb (SR)   Coul. recip.
    1.62861e+02    5.04800e+01    1.51155e+05   -9.27667e+05    2.29370e+03
      Potential    Kinetic En.   Total Energy  Conserved En.    Temperature
   -7.70361e+05    1.24559e+05   -6.45801e+05   -6.60123e+05    3.00209e+02
 Pressure (bar)
    1.45960e+03

           Step           Time
         177000       88.50000

   Energies (kJ/mol)
           Bond          Angle    Proper Dih.  Improper Dih. Per. Imp. Dih.
    4.80195e+01    3.92877e+01    4.76679e-01    3.55699e+03    4.03021e-02
          LJ-14     Coulomb-14        LJ (SR)   Coulomb (SR)   Coul. recip.
    1.62861e+02    5.04800e+01    1.51404e+05   -9.28668e+05    2.32752e+03
      Potential    Kinetic En.   Total Energy  Conserved En.    Temperature
   -7.71079e+05    1.25390e+05   -6.45689e+05   -6.60101e+05    3.02210e+02
 Pressure (bar)
    1.44710e+03

           Step           Time
         178000       89.00000

   Energies (kJ/mol)
           Bond          Angle    Proper Dih.  Improper Dih. Per. Imp. Dih.
    4.80195e+01    3.92877e+01    4.76679e-01    3.55699e+03    4.03021e-02
          LJ-14     Coulomb-14        LJ (SR)   Coulomb (SR)   Coul. recip.
    1.62861e+02    5.04800e+01    1.51328e+05   -9.27866e+05    2.28434e+03
      Potential    Kinetic En.   Total Energy  Conserved En.    Temperature
   -7.70395e+05    1.24484e+05   -6.45911e+05   -6.60080e+05    3.00029e+02
 Pressure (bar)
    1.46566e+03

           Step           Time
         179000       89.50000

   Energies (kJ/mol)
           Bond          Angle    Proper Dih.  Improper Dih. Per. Imp. Dih.
    4.80195e+01    3.92877e+01    4.76679e-01    3.55699e+03    4.03021e-02
          LJ-14     Coulomb-14        LJ (SR)   Coulomb (SR)   Coul. recip.
    1.62861e+02    5.04800e+01    1.51442e+05   -9.28015e+05    2.26757e+03
      Potential    Kinetic En.   Total Energy  Conserved En.    Temperature
   -7.70447e+05    1.24547e+05   -6.45900e+05   -6.60058e+05    3.00179e+02
 Pressure (bar)
    1.47129e+03

           Step           Time
         180000       90.00000

   Energies (kJ/mol)
           Bond          Angle    Proper Dih.  Improper Dih. Per. Imp. Dih.
    4.80195e+01    3.92877e+01    4.76679e-01    3.55699e+03    4.03021e-02
          LJ-14     Coulomb-14        LJ (SR)   Coulomb (SR)   Coul. recip.
    1.62861e+02    5.04800e+01    1.52317e+05   -9.28564e+05    2.28771e+03
      Potential    Kinetic En.   Total Energy  Conserved En.    Temperature
   -7.70101e+05    1.23994e+05   -6.46108e+05   -6.60036e+05    2.98846e+02
 Pressure (bar)
    1.57986e+03

           Step           Time
         181000       90.50000

   Energies (kJ/mol)
           Bond          Angle    Proper Dih.  Improper Dih. Per. Imp. Dih.
    4.80195e+01    3.92877e+01    4.76679e-01    3.55699e+03    4.03021e-02
          LJ-14     Coulomb-14        LJ (SR)   Coulomb (SR)   Coul. recip.
    1.62861e+02    5.04800e+01    1.51857e+05   -9.28494e+05    2.30961e+03
      Potential    Kinetic En.   Total Energy  Conserved En.    Temperature
   -7.70470e+05    1.24286e+05   -6.46184e+05   -6.60014e+05    2.99550e+02
 Pressure (bar)
    1.52594e+03

           Step           Time
         182000       91.00000

   Energies (kJ/mol)
           Bond          Angle    Proper Dih.  Improper Dih. Per. Imp. Dih.
    4.80195e+01    3.92877e+01    4.76679e-01    3.55699e+03    4.03021e-02
          LJ-14     Coulomb-14        LJ (SR)   Coulomb (SR)   Coul. recip.
    1.62861e+02    5.04800e+01    1.51727e+05   -9.28968e+05    2.27890e+03
      Potential    Kinetic En.   Total Energy  Conserved En.    Temperature
   -7.71103e+05    1.25162e+05   -6.45941e+05   -6.59992e+05    3.01662e+02
 Pressure (bar)
    1.49809e+03

           Step           Time
         183000       91.50000

   Energies (kJ/mol)
           Bond          Angle    Proper Dih.  Improper Dih. Per. Imp. Dih.
    4.80195e+01    3.92877e+01    4.76679e-01    3.55699e+03    4.03021e-02
          LJ-14     Coulomb-14        LJ (SR)   Coulomb (SR)   Coul. recip.
    1.62861e+02    5.04800e+01    1.51196e+05   -9.27753e+05    2.21758e+03
      Potential    Kinetic En.   Total Energy  Conserved En.    Temperature
   -7.70482e+05    1.24510e+05   -6.45972e+05   -6.59970e+05    3.00090e+02
 Pressure (bar)
    1.46258e+03

           Step           Time
         184000       92.00000

   Energies (kJ/mol)
           Bond          Angle    Proper Dih.  Improper Dih. Per. Imp. Dih.
    4.80195e+01    3.92877e+01    4.76679e-01    3.55699e+03    4.03021e-02
          LJ-14     Coulomb-14        LJ (SR)   Coulomb (SR)   Coul. recip.
    1.62861e+02    5.04800e+01    1.49324e+05   -9.25859e+05    2.22524e+03
      Potential    Kinetic En.   Total Energy  Conserved En.    Temperature
   -7.70452e+05    1.23914e+05   -6.46538e+05   -6.59947e+05    2.98654e+02
 Pressure (bar)
    1.27694e+03

           Step           Time
         185000       92.50000

   Energies (kJ/mol)
           Bond          Angle    Proper Dih.  Improper Dih. Per. Imp. Dih.
    4.80195e+01    3.92877e+01    4.76679e-01    3.55699e+03    4.03021e-02
          LJ-14     Coulomb-14        LJ (SR)   Coulomb (SR)   Coul. recip.
    1.62861e+02    5.04800e+01    1.49339e+05   -9.25921e+05    2.27728e+03
      Potential    Kinetic En.   Total Energy  Conserved En.    Temperature
   -7.70446e+05    1.24527e+05   -6.45919e+05   -6.59927e+05    3.00131e+02
 Pressure (bar)
    1.29950e+03

           Step           Time
         186000       93.00000

   Energies (kJ/mol)
           Bond          Angle    Proper Dih.  Improper Dih. Per. Imp. Dih.
    4.80195e+01    3.92877e+01    4.76679e-01    3.55699e+03    4.03021e-02
          LJ-14     Coulomb-14        LJ (SR)   Coulomb (SR)   Coul. recip.
    1.62861e+02    5.04800e+01    1.50454e+05   -9.26756e+05    2.32728e+03
      Potential    Kinetic En.   Total Energy  Conserved En.    Temperature
   -7.70117e+05    1.24207e+05   -6.45910e+05   -6.59906e+05    2.99359e+02
 Pressure (bar)
    1.37653e+03

           Step           Time
         187000       93.50000

   Energies (kJ/mol)
           Bond          Angle    Proper Dih.  Improper Dih. Per. Imp. Dih.
    4.80195e+01    3.92877e+01    4.76679e-01    3.55699e+03    4.03021e-02
          LJ-14     Coulomb-14        LJ (SR)   Coulomb (SR)   Coul. recip.
    1.62861e+02    5.04800e+01    1.49954e+05   -9.26131e+05    2.26260e+03
      Potential    Kinetic En.   Total Energy  Conserved En.    Temperature
   -7.70056e+05    1.24410e+05   -6.45646e+05   -6.59885e+05    2.99850e+02
 Pressure (bar)
    1.31740e+03

           Step           Time
         188000       94.00000

   Energies (kJ/mol)
           Bond          Angle    Proper Dih.  Improper Dih. Per. Imp. Dih.
    4.80195e+01    3.92877e+01    4.76679e-01    3.55699e+03    4.03021e-02
          LJ-14     Coulomb-14        LJ (SR)   Coulomb (SR)   Coul. recip.
    1.62861e+02    5.04800e+01    1.52390e+05   -9.29313e+05    2.30019e+03
      Potential    Kinetic En.   Total Energy  Conserved En.    Temperature
   -7.70765e+05    1.24997e+05   -6.45769e+05   -6.59864e+05    3.01263e+02
 Pressure (bar)
    1.56069e+03

           Step           Time
         189000       94.50000

   Energies (kJ/mol)
           Bond          Angle    Proper Dih.  Improper Dih. Per. Imp. Dih.
    4.80195e+01    3.92877e+01    4.76679e-01    3.55699e+03    4.03021e-02
          LJ-14     Coulomb-14        LJ (SR)   Coulomb (SR)   Coul. recip.
    1.62861e+02    5.04800e+01    1.51054e+05   -9.27886e+05    2.30718e+03
      Potential    Kinetic En.   Total Energy  Conserved En.    Temperature
   -7.70666e+05    1.24687e+05   -6.45980e+05   -6.59841e+05    3.00516e+02
 Pressure (bar)
    1.43137e+03

           Step           Time
         190000       95.00000

   Energies (kJ/mol)
           Bond          Angle    Proper Dih.  Improper Dih. Per. Imp. Dih.
    4.80195e+01    3.92877e+01    4.76679e-01    3.55699e+03    4.03021e-02
          LJ-14     Coulomb-14        LJ (SR)   Coulomb (SR)   Coul. recip.
    1.62861e+02    5.04800e+01    1.52224e+05   -9.29439e+05    2.24944e+03
      Potential    Kinetic En.   Total Energy  Conserved En.    Temperature
   -7.71107e+05    1.24128e+05   -6.46979e+05   -6.59819e+05    2.99170e+02
 Pressure (bar)
    1.51734e+03

           Step           Time
         191000       95.50000

   Energies (kJ/mol)
           Bond          Angle    Proper Dih.  Improper Dih. Per. Imp. Dih.
    4.80195e+01    3.92877e+01    4.76679e-01    3.55699e+03    4.03021e-02
          LJ-14     Coulomb-14        LJ (SR)   Coulomb (SR)   Coul. recip.
    1.62861e+02    5.04800e+01    1.51504e+05   -9.27934e+05    2.25075e+03
      Potential    Kinetic En.   Total Energy  Conserved En.    Temperature
   -7.70321e+05    1.24028e+05   -6.46293e+05   -6.59797e+05    2.98928e+02
 Pressure (bar)
    1.47816e+03

           Step           Time
         192000       96.00000

   Energies (kJ/mol)
           Bond          Angle    Proper Dih.  Improper Dih. Per. Imp. Dih.
    4.80195e+01    3.92877e+01    4.76679e-01    3.55699e+03    4.03021e-02
          LJ-14     Coulomb-14        LJ (SR)   Coulomb (SR)   Coul. recip.
    1.62861e+02    5.04800e+01    1.52989e+05   -9.29987e+05    2.29673e+03
      Potential    Kinetic En.   Total Energy  Conserved En.    Temperature
   -7.70843e+05    1.24521e+05   -6.46322e+05   -6.59775e+05    3.00117e+02
 Pressure (bar)
    1.61500e+03

           Step           Time
         193000       96.50000

   Energies (kJ/mol)
           Bond          Angle    Proper Dih.  Improper Dih. Per. Imp. Dih.
    4.80195e+01    3.92877e+01    4.76679e-01    3.55699e+03    4.03021e-02
          LJ-14     Coulomb-14        LJ (SR)   Coulomb (SR)   Coul. recip.
    1.62861e+02    5.04800e+01    1.52296e+05   -9.28998e+05    2.16574e+03
      Potential    Kinetic En.   Total Energy  Conserved En.    Temperature
   -7.70678e+05    1.24463e+05   -6.46215e+05   -6.59752e+05    2.99977e+02
 Pressure (bar)
    1.53787e+03

           Step           Time
         194000       97.00000

   Energies (kJ/mol)
           Bond          Angle    Proper Dih.  Improper Dih. Per. Imp. Dih.
    4.80195e+01    3.92877e+01    4.76679e-01    3.55699e+03    4.03021e-02
          LJ-14     Coulomb-14        LJ (SR)   Coulomb (SR)   Coul. recip.
    1.62861e+02    5.04800e+01    1.50883e+05   -9.28256e+05    2.28934e+03
      Potential    Kinetic En.   Total Energy  Conserved En.    Temperature
   -7.71225e+05    1.24667e+05   -6.46557e+05   -6.59730e+05    3.00470e+02
 Pressure (bar)
    1.37792e+03

           Step           Time
         195000       97.50000

   Energies (kJ/mol)
           Bond          Angle    Proper Dih.  Improper Dih. Per. Imp. Dih.
    4.80195e+01    3.92877e+01    4.76679e-01    3.55699e+03    4.03021e-02
          LJ-14     Coulomb-14        LJ (SR)   Coulomb (SR)   Coul. recip.
    1.62861e+02    5.04800e+01    1.51336e+05   -9.28151e+05    2.24374e+03
      Potential    Kinetic En.   Total Energy  Conserved En.    Temperature
   -7.70713e+05    1.24547e+05   -6.46166e+05   -6.59708e+05    3.00180e+02
 Pressure (bar)
    1.50108e+03

           Step           Time
         196000       98.00000

   Energies (kJ/mol)
           Bond          Angle    Proper Dih.  Improper Dih. Per. Imp. Dih.
    4.80195e+01    3.92877e+01    4.76679e-01    3.55699e+03    4.03021e-02
          LJ-14     Coulomb-14        LJ (SR)   Coulomb (SR)   Coul. recip.
    1.62861e+02    5.04800e+01    1.53080e+05   -9.29643e+05    2.30042e+03
      Potential    Kinetic En.   Total Energy  Conserved En.    Temperature
   -7.70405e+05    1.23881e+05   -6.46524e+05   -6.59687e+05    2.98575e+02
 Pressure (bar)
    1.62802e+03

           Step           Time
         197000       98.50000

   Energies (kJ/mol)
           Bond          Angle    Proper Dih.  Improper Dih. Per. Imp. Dih.
    4.80195e+01    3.92877e+01    4.76679e-01    3.55699e+03    4.03021e-02
          LJ-14     Coulomb-14        LJ (SR)   Coulomb (SR)   Coul. recip.
    1.62861e+02    5.04800e+01    1.52207e+05   -9.28204e+05    2.24510e+03
      Potential    Kinetic En.   Total Energy  Conserved En.    Temperature
   -7.69893e+05    1.24254e+05   -6.45640e+05   -6.59666e+05    2.99472e+02
 Pressure (bar)
    1.57857e+03

           Step           Time
         198000       99.00000

   Energies (kJ/mol)
           Bond          Angle    Proper Dih.  Improper Dih. Per. Imp. Dih.
    4.80195e+01    3.92877e+01    4.76679e-01    3.55699e+03    4.03021e-02
          LJ-14     Coulomb-14        LJ (SR)   Coulomb (SR)   Coul. recip.
    1.62861e+02    5.04800e+01    1.52147e+05   -9.28806e+05    2.33256e+03
      Potential    Kinetic En.   Total Energy  Conserved En.    Temperature
   -7.70468e+05    1.24854e+05   -6.45615e+05   -6.59643e+05    3.00919e+02
 Pressure (bar)
    1.54248e+03

           Step           Time
         199000       99.50000

   Energies (kJ/mol)
           Bond          Angle    Proper Dih.  Improper Dih. Per. Imp. Dih.
    4.80195e+01    3.92877e+01    4.76679e-01    3.55699e+03    4.03021e-02
          LJ-14     Coulomb-14        LJ (SR)   Coulomb (SR)   Coul. recip.
    1.62861e+02    5.04800e+01    1.51285e+05   -9.28182e+05    2.29919e+03
      Potential    Kinetic En.   Total Energy  Conserved En.    Temperature
   -7.70740e+05    1.24702e+05   -6.46038e+05   -6.59621e+05    3.00552e+02
 Pressure (bar)
    1.47228e+03

           Step           Time
         200000      100.00000

   Energies (kJ/mol)
           Bond          Angle    Proper Dih.  Improper Dih. Per. Imp. Dih.
    4.80195e+01    3.92877e+01    4.76679e-01    3.55699e+03    4.03021e-02
          LJ-14     Coulomb-14        LJ (SR)   Coulomb (SR)   Coul. recip.
    1.62861e+02    5.04800e+01    1.52537e+05   -9.29537e+05    2.35388e+03
      Potential    Kinetic En.   Total Energy  Conserved En.    Temperature
   -7.70788e+05    1.25613e+05   -6.45174e+05   -6.59599e+05    3.02750e+02
 Pressure (bar)
    1.58994e+03

           Step           Time
         201000      100.50000

   Energies (kJ/mol)
           Bond          Angle    Proper Dih.  Improper Dih. Per. Imp. Dih.
    4.80195e+01    3.92877e+01    4.76679e-01    3.55699e+03    4.03021e-02
          LJ-14     Coulomb-14        LJ (SR)   Coulomb (SR)   Coul. recip.
    1.62861e+02    5.04800e+01    1.49850e+05   -9.26393e+05    2.24848e+03
      Potential    Kinetic En.   Total Energy  Conserved En.    Temperature
   -7.70437e+05    1.24956e+05   -6.45481e+05   -6.59576e+05    3.01166e+02
 Pressure (bar)
    1.33358e+03

           Step           Time
         202000      101.00000

   Energies (kJ/mol)
           Bond          Angle    Proper Dih.  Improper Dih. Per. Imp. Dih.
    4.80195e+01    3.92877e+01    4.76679e-01    3.55699e+03    4.03021e-02
          LJ-14     Coulomb-14        LJ (SR)   Coulomb (SR)   Coul. recip.
    1.62861e+02    5.04800e+01    1.49544e+05   -9.25788e+05    2.22417e+03
      Potential    Kinetic En.   Total Energy  Conserved En.    Temperature
   -7.70162e+05    1.24501e+05   -6.45661e+05   -6.59556e+05    3.00070e+02
 Pressure (bar)
    1.31637e+03

           Step           Time
         203000      101.50000

   Energies (kJ/mol)
           Bond          Angle    Proper Dih.  Improper Dih. Per. Imp. Dih.
    4.80195e+01    3.92877e+01    4.76679e-01    3.55699e+03    4.03021e-02
          LJ-14     Coulomb-14        LJ (SR)   Coulomb (SR)   Coul. recip.
    1.62861e+02    5.04800e+01    1.49818e+05   -9.25266e+05    2.19948e+03
      Potential    Kinetic En.   Total Energy  Conserved En.    Temperature
   -7.69390e+05    1.23748e+05   -6.45642e+05   -6.59534e+05    2.98254e+02
 Pressure (bar)
    1.36681e+03

           Step           Time
         204000      102.00000

   Energies (kJ/mol)
           Bond          Angle    Proper Dih.  Improper Dih. Per. Imp. Dih.
    4.80195e+01    3.92877e+01    4.76679e-01    3.55699e+03    4.03021e-02
          LJ-14     Coulomb-14        LJ (SR)   Coulomb (SR)   Coul. recip.
    1.62861e+02    5.04800e+01    1.52174e+05   -9.29425e+05    2.28187e+03
      Potential    Kinetic En.   Total Energy  Conserved En.    Temperature
   -7.71111e+05    1.25440e+05   -6.45671e+05   -6.59512e+05    3.02331e+02
 Pressure (bar)
    1.56249e+03

           Step           Time
         205000      102.50000

   Energies (kJ/mol)
           Bond          Angle    Proper Dih.  Improper Dih. Per. Imp. Dih.
    4.80195e+01    3.92877e+01    4.76679e-01    3.55699e+03    4.03021e-02
          LJ-14     Coulomb-14        LJ (SR)   Coulomb (SR)   Coul. recip.
    1.62861e+02    5.04800e+01    1.50325e+05   -9.25915e+05    2.22286e+03
      Potential    Kinetic En.   Total Energy  Conserved En.    Temperature
   -7.69510e+05    1.24389e+05   -6.45121e+05   -6.59491e+05    2.99798e+02
 Pressure (bar)
    1.43990e+03

           Step           Time
         206000      103.00000

   Energies (kJ/mol)
           Bond          Angle    Proper Dih.  Improper Dih. Per. Imp. Dih.
    4.80195e+01    3.92877e+01    4.76679e-01    3.55699e+03    4.03021e-02
          LJ-14     Coulomb-14        LJ (SR)   Coulomb (SR)   Coul. recip.
    1.62861e+02    5.04800e+01    1.52335e+05   -9.27752e+05    2.24780e+03
      Potential    Kinetic En.   Total Energy  Conserved En.    Temperature
   -7.69311e+05    1.23997e+05   -6.45313e+05   -6.59468e+05    2.98855e+02
 Pressure (bar)
    1.64391e+03

           Step           Time
         207000      103.50000

   Energies (kJ/mol)
           Bond          Angle    Proper Dih.  Improper Dih. Per. Imp. Dih.
    4.80195e+01    3.92877e+01    4.76679e-01    3.55699e+03    4.03021e-02
          LJ-14     Coulomb-14        LJ (SR)   Coulomb (SR)   Coul. recip.
    1.62861e+02    5.04800e+01    1.52527e+05   -9.29235e+05    2.32964e+03
      Potential    Kinetic En.   Total Energy  Conserved En.    Temperature
   -7.70520e+05    1.24680e+05   -6.45841e+05   -6.59445e+05    3.00500e+02
 Pressure (bar)
    1.59637e+03

Writing checkpoint, step 207200 at Tue Jul  7 13:16:06 2026


           Step           Time
         208000      104.00000

   Energies (kJ/mol)
           Bond          Angle    Proper Dih.  Improper Dih. Per. Imp. Dih.
    4.80195e+01    3.92877e+01    4.76679e-01    3.55699e+03    4.03021e-02
          LJ-14     Coulomb-14        LJ (SR)   Coulomb (SR)   Coul. recip.
    1.62861e+02    5.04800e+01    1.52400e+05   -9.29062e+05    2.24820e+03
      Potential    Kinetic En.   Total Energy  Conserved En.    Temperature
   -7.70556e+05    1.24486e+05   -6.46070e+05   -6.59422e+05    3.00032e+02
 Pressure (bar)
    1.58478e+03

           Step           Time
         209000      104.50000

   Energies (kJ/mol)
           Bond          Angle    Proper Dih.  Improper Dih. Per. Imp. Dih.
    4.80195e+01    3.92877e+01    4.76679e-01    3.55699e+03    4.03021e-02
          LJ-14     Coulomb-14        LJ (SR)   Coulomb (SR)   Coul. recip.
    1.62861e+02    5.04800e+01    1.51546e+05   -9.28340e+05    2.19798e+03
      Potential    Kinetic En.   Total Energy  Conserved En.    Temperature
   -7.70737e+05    1.24524e+05   -6.46213e+05   -6.59400e+05    3.00124e+02
 Pressure (bar)
    1.49060e+03

           Step           Time
         210000      105.00000

   Energies (kJ/mol)
           Bond          Angle    Proper Dih.  Improper Dih. Per. Imp. Dih.
    4.80195e+01    3.92877e+01    4.76679e-01    3.55699e+03    4.03021e-02
          LJ-14     Coulomb-14        LJ (SR)   Coulomb (SR)   Coul. recip.
    1.62861e+02    5.04800e+01    1.51922e+05   -9.29442e+05    2.27039e+03
      Potential    Kinetic En.   Total Energy  Conserved En.    Temperature
   -7.71391e+05    1.24659e+05   -6.46732e+05   -6.59378e+05    3.00450e+02
 Pressure (bar)
    1.49880e+03

           Step           Time
         211000      105.50000

   Energies (kJ/mol)
           Bond          Angle    Proper Dih.  Improper Dih. Per. Imp. Dih.
    4.80195e+01    3.92877e+01    4.76679e-01    3.55699e+03    4.03021e-02
          LJ-14     Coulomb-14        LJ (SR)   Coulomb (SR)   Coul. recip.
    1.62861e+02    5.04800e+01    1.51602e+05   -9.28865e+05    2.38081e+03
      Potential    Kinetic En.   Total Energy  Conserved En.    Temperature
   -7.71025e+05    1.24700e+05   -6.46325e+05   -6.59356e+05    3.00548e+02
 Pressure (bar)
    1.51781e+03

           Step           Time
         212000      106.00000

   Energies (kJ/mol)
           Bond          Angle    Proper Dih.  Improper Dih. Per. Imp. Dih.
    4.80195e+01    3.92877e+01    4.76679e-01    3.55699e+03    4.03021e-02
          LJ-14     Coulomb-14        LJ (SR)   Coulomb (SR)   Coul. recip.
    1.62861e+02    5.04800e+01    1.51025e+05   -9.27478e+05    2.31742e+03
      Potential    Kinetic En.   Total Energy  Conserved En.    Temperature
   -7.70277e+05    1.24309e+05   -6.45968e+05   -6.59332e+05    2.99606e+02
 Pressure (bar)
    1.50372e+03

           Step           Time
         213000      106.50000

   Energies (kJ/mol)
           Bond          Angle    Proper Dih.  Improper Dih. Per. Imp. Dih.
    4.80195e+01    3.92877e+01    4.76679e-01    3.55699e+03    4.03021e-02
          LJ-14     Coulomb-14        LJ (SR)   Coulomb (SR)   Coul. recip.
    1.62861e+02    5.04800e+01    1.52291e+05   -9.29006e+05    2.28253e+03
      Potential    Kinetic En.   Total Energy  Conserved En.    Temperature
   -7.70575e+05    1.24184e+05   -6.46391e+05   -6.59311e+05    2.99304e+02
 Pressure (bar)
    1.59714e+03

           Step           Time
         214000      107.00000

   Energies (kJ/mol)
           Bond          Angle    Proper Dih.  Improper Dih. Per. Imp. Dih.
    4.80195e+01    3.92877e+01    4.76679e-01    3.55699e+03    4.03021e-02
          LJ-14     Coulomb-14        LJ (SR)   Coulomb (SR)   Coul. recip.
    1.62861e+02    5.04800e+01    1.52406e+05   -9.28839e+05    2.39839e+03
      Potential    Kinetic En.   Total Energy  Conserved En.    Temperature
   -7.70177e+05    1.24116e+05   -6.46060e+05   -6.59290e+05    2.99142e+02
 Pressure (bar)
    1.61642e+03

           Step           Time
         215000      107.50000

   Energies (kJ/mol)
           Bond          Angle    Proper Dih.  Improper Dih. Per. Imp. Dih.
    4.80195e+01    3.92877e+01    4.76679e-01    3.55699e+03    4.03021e-02
          LJ-14     Coulomb-14        LJ (SR)   Coulomb (SR)   Coul. recip.
    1.62861e+02    5.04800e+01    1.50658e+05   -9.28084e+05    2.24228e+03
      Potential    Kinetic En.   Total Energy  Conserved En.    Temperature
   -7.71326e+05    1.25140e+05   -6.46186e+05   -6.59269e+05    3.01610e+02
 Pressure (bar)
    1.41412e+03

           Step           Time
         216000      108.00000

   Energies (kJ/mol)
           Bond          Angle    Proper Dih.  Improper Dih. Per. Imp. Dih.
    4.80195e+01    3.92877e+01    4.76679e-01    3.55699e+03    4.03021e-02
          LJ-14     Coulomb-14        LJ (SR)   Coulomb (SR)   Coul. recip.
    1.62861e+02    5.04800e+01    1.51872e+05   -9.29065e+05    2.37710e+03
      Potential    Kinetic En.   Total Energy  Conserved En.    Temperature
   -7.70957e+05    1.24260e+05   -6.46697e+05   -6.59245e+05    2.99489e+02
 Pressure (bar)
    1.50593e+03

           Step           Time
         217000      108.50000

   Energies (kJ/mol)
           Bond          Angle    Proper Dih.  Improper Dih. Per. Imp. Dih.
    4.80195e+01    3.92877e+01    4.76679e-01    3.55699e+03    4.03021e-02
          LJ-14     Coulomb-14        LJ (SR)   Coulomb (SR)   Coul. recip.
    1.62861e+02    5.04800e+01    1.52135e+05   -9.28472e+05    2.25391e+03
      Potential    Kinetic En.   Total Energy  Conserved En.    Temperature
   -7.70225e+05    1.24370e+05   -6.45855e+05   -6.59223e+05    2.99752e+02
 Pressure (bar)
    1.58904e+03

           Step           Time
         218000      109.00000

   Energies (kJ/mol)
           Bond          Angle    Proper Dih.  Improper Dih. Per. Imp. Dih.
    4.80195e+01    3.92877e+01    4.76679e-01    3.55699e+03    4.03021e-02
          LJ-14     Coulomb-14        LJ (SR)   Coulomb (SR)   Coul. recip.
    1.62861e+02    5.04800e+01    1.50470e+05   -9.26198e+05    2.27890e+03
      Potential    Kinetic En.   Total Energy  Conserved En.    Temperature
   -7.69591e+05    1.24205e+05   -6.45386e+05   -6.59201e+05    2.99356e+02
 Pressure (bar)
    1.46740e+03

           Step           Time
         219000      109.50000

   Energies (kJ/mol)
           Bond          Angle    Proper Dih.  Improper Dih. Per. Imp. Dih.
    4.80195e+01    3.92877e+01    4.76679e-01    3.55699e+03    4.03021e-02
          LJ-14     Coulomb-14        LJ (SR)   Coulomb (SR)   Coul. recip.
    1.62861e+02    5.04800e+01    1.51869e+05   -9.28629e+05    2.27374e+03
      Potential    Kinetic En.   Total Energy  Conserved En.    Temperature
   -7.70628e+05    1.23839e+05   -6.46789e+05   -6.59180e+05    2.98474e+02
 Pressure (bar)
    1.53701e+03

           Step           Time
         220000      110.00000

   Energies (kJ/mol)
           Bond          Angle    Proper Dih.  Improper Dih. Per. Imp. Dih.
    4.80195e+01    3.92877e+01    4.76679e-01    3.55699e+03    4.03021e-02
          LJ-14     Coulomb-14        LJ (SR)   Coulomb (SR)   Coul. recip.
    1.62861e+02    5.04800e+01    1.51016e+05   -9.27614e+05    2.31089e+03
      Potential    Kinetic En.   Total Energy  Conserved En.    Temperature
   -7.70429e+05    1.23563e+05   -6.46866e+05   -6.59157e+05    2.97807e+02
 Pressure (bar)
    1.44306e+03

           Step           Time
         221000      110.50000

   Energies (kJ/mol)
           Bond          Angle    Proper Dih.  Improper Dih. Per. Imp. Dih.
    4.80195e+01    3.92877e+01    4.76679e-01    3.55699e+03    4.03021e-02
          LJ-14     Coulomb-14        LJ (SR)   Coulomb (SR)   Coul. recip.
    1.62861e+02    5.04800e+01    1.50115e+05   -9.26990e+05    2.19220e+03
      Potential    Kinetic En.   Total Energy  Conserved En.    Temperature
   -7.70824e+05    1.23946e+05   -6.46878e+05   -6.59137e+05    2.98732e+02
 Pressure (bar)
    1.34508e+03

           Step           Time
         222000      111.00000

   Energies (kJ/mol)
           Bond          Angle    Proper Dih.  Improper Dih. Per. Imp. Dih.
    4.80195e+01    3.92877e+01    4.76679e-01    3.55699e+03    4.03021e-02
          LJ-14     Coulomb-14        LJ (SR)   Coulomb (SR)   Coul. recip.
    1.62861e+02    5.04800e+01    1.51002e+05   -9.27549e+05    2.28598e+03
      Potential    Kinetic En.   Total Energy  Conserved En.    Temperature
   -7.70403e+05    1.24351e+05   -6.46052e+05   -6.59114e+05    2.99707e+02
 Pressure (bar)
    1.41863e+03

           Step           Time
         223000      111.50000

   Energies (kJ/mol)
           Bond          Angle    Proper Dih.  Improper Dih. Per. Imp. Dih.
    4.80195e+01    3.92877e+01    4.76679e-01    3.55699e+03    4.03021e-02
          LJ-14     Coulomb-14        LJ (SR)   Coulomb (SR)   Coul. recip.
    1.62861e+02    5.04800e+01    1.51354e+05   -9.28808e+05    2.34817e+03
      Potential    Kinetic En.   Total Energy  Conserved En.    Temperature
   -7.71248e+05    1.23933e+05   -6.47315e+05   -6.59093e+05    2.98699e+02
 Pressure (bar)
    1.47018e+03

           Step           Time
         224000      112.00000

   Energies (kJ/mol)
           Bond          Angle    Proper Dih.  Improper Dih. Per. Imp. Dih.
    4.80195e+01    3.92877e+01    4.76679e-01    3.55699e+03    4.03021e-02
          LJ-14     Coulomb-14        LJ (SR)   Coulomb (SR)   Coul. recip.
    1.62861e+02    5.04800e+01    1.51773e+05   -9.29186e+05    2.29985e+03
      Potential    Kinetic En.   Total Energy  Conserved En.    Temperature
   -7.71256e+05    1.24257e+05   -6.46998e+05   -6.59072e+05    2.99482e+02
 Pressure (bar)
    1.49892e+03

           Step           Time
         225000      112.50000

   Energies (kJ/mol)
           Bond          Angle    Proper Dih.  Improper Dih. Per. Imp. Dih.
    4.80195e+01    3.92877e+01    4.76679e-01    3.55699e+03    4.03021e-02
          LJ-14     Coulomb-14        LJ (SR)   Coulomb (SR)   Coul. recip.
    1.62861e+02    5.04800e+01    1.51951e+05   -9.28398e+05    2.29657e+03
      Potential    Kinetic En.   Total Energy  Conserved En.    Temperature
   -7.70292e+05    1.24496e+05   -6.45796e+05   -6.59052e+05    3.00057e+02
 Pressure (bar)
    1.53953e+03

           Step           Time
         226000      113.00000

   Energies (kJ/mol)
           Bond          Angle    Proper Dih.  Improper Dih. Per. Imp. Dih.
    4.80195e+01    3.92877e+01    4.76679e-01    3.55699e+03    4.03021e-02
          LJ-14     Coulomb-14        LJ (SR)   Coulomb (SR)   Coul. recip.
    1.62861e+02    5.04800e+01    1.51959e+05   -9.27515e+05    2.20708e+03
      Potential    Kinetic En.   Total Energy  Conserved En.    Temperature
   -7.69491e+05    1.23877e+05   -6.45614e+05   -6.59029e+05    2.98564e+02
 Pressure (bar)
    1.58133e+03

           Step           Time
         227000      113.50000

   Energies (kJ/mol)
           Bond          Angle    Proper Dih.  Improper Dih. Per. Imp. Dih.
    4.80195e+01    3.92877e+01    4.76679e-01    3.55699e+03    4.03021e-02
          LJ-14     Coulomb-14        LJ (SR)   Coulomb (SR)   Coul. recip.
    1.62861e+02    5.04800e+01    1.51061e+05   -9.27041e+05    2.26277e+03
      Potential    Kinetic En.   Total Energy  Conserved En.    Temperature
   -7.69859e+05    1.24803e+05   -6.45057e+05   -6.59007e+05    3.00796e+02
 Pressure (bar)
    1.51395e+03

           Step           Time
         228000      114.00000

   Energies (kJ/mol)
           Bond          Angle    Proper Dih.  Improper Dih. Per. Imp. Dih.
    4.80195e+01    3.92877e+01    4.76679e-01    3.55699e+03    4.03021e-02
          LJ-14     Coulomb-14        LJ (SR)   Coulomb (SR)   Coul. recip.
    1.62861e+02    5.04800e+01    1.51085e+05   -9.27077e+05    2.25814e+03
      Potential    Kinetic En.   Total Energy  Conserved En.    Temperature
   -7.69876e+05    1.25414e+05   -6.44462e+05   -6.58984e+05    3.02269e+02
 Pressure (bar)
    1.55609e+03

           Step           Time
         229000      114.50000

   Energies (kJ/mol)
           Bond          Angle    Proper Dih.  Improper Dih. Per. Imp. Dih.
    4.80195e+01    3.92877e+01    4.76679e-01    3.55699e+03    4.03021e-02
          LJ-14     Coulomb-14        LJ (SR)   Coulomb (SR)   Coul. recip.
    1.62861e+02    5.04800e+01    1.51116e+05   -9.26151e+05    2.26651e+03
      Potential    Kinetic En.   Total Energy  Conserved En.    Temperature
   -7.68910e+05    1.24747e+05   -6.44164e+05   -6.58962e+05    3.00661e+02
 Pressure (bar)
    1.60264e+03

           Step           Time
         230000      115.00000

   Energies (kJ/mol)
           Bond          Angle    Proper Dih.  Improper Dih. Per. Imp. Dih.
    4.80195e+01    3.92877e+01    4.76679e-01    3.55699e+03    4.03021e-02
          LJ-14     Coulomb-14        LJ (SR)   Coulomb (SR)   Coul. recip.
    1.62861e+02    5.04800e+01    1.49838e+05   -9.25833e+05    2.24515e+03
      Potential    Kinetic En.   Total Energy  Conserved En.    Temperature
   -7.69891e+05    1.25282e+05   -6.44609e+05   -6.58940e+05    3.01952e+02
 Pressure (bar)
    1.38937e+03

           Step           Time
         231000      115.50000

   Energies (kJ/mol)
           Bond          Angle    Proper Dih.  Improper Dih. Per. Imp. Dih.
    4.80195e+01    3.92877e+01    4.76679e-01    3.55699e+03    4.03021e-02
          LJ-14     Coulomb-14        LJ (SR)   Coulomb (SR)   Coul. recip.
    1.62861e+02    5.04800e+01    1.49882e+05   -9.25827e+05    2.30227e+03
      Potential    Kinetic En.   Total Energy  Conserved En.    Temperature
   -7.69784e+05    1.25079e+05   -6.44706e+05   -6.58919e+05    3.01461e+02
 Pressure (bar)
    1.39038e+03

           Step           Time
         232000      116.00000

   Energies (kJ/mol)
           Bond          Angle    Proper Dih.  Improper Dih. Per. Imp. Dih.
    4.80195e+01    3.92877e+01    4.76679e-01    3.55699e+03    4.03021e-02
          LJ-14     Coulomb-14        LJ (SR)   Coulomb (SR)   Coul. recip.
    1.62861e+02    5.04800e+01    1.49946e+05   -9.26316e+05    2.20768e+03
      Potential    Kinetic En.   Total Energy  Conserved En.    Temperature
   -7.70305e+05    1.24429e+05   -6.45876e+05   -6.58896e+05    2.99895e+02
 Pressure (bar)
    1.38343e+03

           Step           Time
         233000      116.50000

   Energies (kJ/mol)
           Bond          Angle    Proper Dih.  Improper Dih. Per. Imp. Dih.
    4.80195e+01    3.92877e+01    4.76679e-01    3.55699e+03    4.03021e-02
          LJ-14     Coulomb-14        LJ (SR)   Coulomb (SR)   Coul. recip.
    1.62861e+02    5.04800e+01    1.49649e+05   -9.26983e+05    2.25957e+03
      Potential    Kinetic En.   Total Energy  Conserved En.    Temperature
   -7.71216e+05    1.25134e+05   -6.46082e+05   -6.58873e+05    3.01595e+02
 Pressure (bar)
    1.33905e+03

           Step           Time
         234000      117.00000

   Energies (kJ/mol)
           Bond          Angle    Proper Dih.  Improper Dih. Per. Imp. Dih.
    4.80195e+01    3.92877e+01    4.76679e-01    3.55699e+03    4.03021e-02
          LJ-14     Coulomb-14        LJ (SR)   Coulomb (SR)   Coul. recip.
    1.62861e+02    5.04800e+01    1.52137e+05   -9.28839e+05    2.28256e+03
      Potential    Kinetic En.   Total Energy  Conserved En.    Temperature
   -7.70561e+05    1.24053e+05   -6.46508e+05   -6.58850e+05    2.98989e+02
 Pressure (bar)
    1.55260e+03

           Step           Time
         235000      117.50000

   Energies (kJ/mol)
           Bond          Angle    Proper Dih.  Improper Dih. Per. Imp. Dih.
    4.80195e+01    3.92877e+01    4.76679e-01    3.55699e+03    4.03021e-02
          LJ-14     Coulomb-14        LJ (SR)   Coulomb (SR)   Coul. recip.
    1.62861e+02    5.04800e+01    1.51907e+05   -9.29456e+05    2.26486e+03
      Potential    Kinetic En.   Total Energy  Conserved En.    Temperature
   -7.71426e+05    1.24454e+05   -6.46972e+05   -6.58828e+05    2.99955e+02
 Pressure (bar)
    1.49494e+03

           Step           Time
         236000      118.00000

   Energies (kJ/mol)
           Bond          Angle    Proper Dih.  Improper Dih. Per. Imp. Dih.
    4.80195e+01    3.92877e+01    4.76679e-01    3.55699e+03    4.03021e-02
          LJ-14     Coulomb-14        LJ (SR)   Coulomb (SR)   Coul. recip.
    1.62861e+02    5.04800e+01    1.51394e+05   -9.28667e+05    2.27018e+03
      Potential    Kinetic En.   Total Energy  Conserved En.    Temperature
   -7.71145e+05    1.23493e+05   -6.47652e+05   -6.58807e+05    2.97640e+02
 Pressure (bar)
    1.43428e+03

           Step           Time
         237000      118.50000

   Energies (kJ/mol)
           Bond          Angle    Proper Dih.  Improper Dih. Per. Imp. Dih.
    4.80195e+01    3.92877e+01    4.76679e-01    3.55699e+03    4.03021e-02
          LJ-14     Coulomb-14        LJ (SR)   Coulomb (SR)   Coul. recip.
    1.62861e+02    5.04800e+01    1.51140e+05   -9.29106e+05    2.34733e+03
      Potential    Kinetic En.   Total Energy  Conserved En.    Temperature
   -7.71761e+05    1.24476e+05   -6.47284e+05   -6.58785e+05    3.00010e+02
 Pressure (bar)
    1.39321e+03

           Step           Time
         238000      119.00000

   Energies (kJ/mol)
           Bond          Angle    Proper Dih.  Improper Dih. Per. Imp. Dih.
    4.80195e+01    3.92877e+01    4.76679e-01    3.55699e+03    4.03021e-02
          LJ-14     Coulomb-14        LJ (SR)   Coulomb (SR)   Coul. recip.
    1.62861e+02    5.04800e+01    1.51381e+05   -9.28415e+05    2.15320e+03
      Potential    Kinetic En.   Total Energy  Conserved En.    Temperature
   -7.71022e+05    1.23821e+05   -6.47201e+05   -6.58764e+05    2.98430e+02
 Pressure (bar)
    1.45997e+03

           Step           Time
         239000      119.50000

   Energies (kJ/mol)
           Bond          Angle    Proper Dih.  Improper Dih. Per. Imp. Dih.
    4.80195e+01    3.92877e+01    4.76679e-01    3.55699e+03    4.03021e-02
          LJ-14     Coulomb-14        LJ (SR)   Coulomb (SR)   Coul. recip.
    1.62861e+02    5.04800e+01    1.52500e+05   -9.29942e+05    2.28620e+03
      Potential    Kinetic En.   Total Energy  Conserved En.    Temperature
   -7.71297e+05    1.24557e+05   -6.46741e+05   -6.58741e+05    3.00203e+02
 Pressure (bar)
    1.54556e+03

           Step           Time
         240000      120.00000

   Energies (kJ/mol)
           Bond          Angle    Proper Dih.  Improper Dih. Per. Imp. Dih.
    4.80195e+01    3.92877e+01    4.76679e-01    3.55699e+03    4.03021e-02
          LJ-14     Coulomb-14        LJ (SR)   Coulomb (SR)   Coul. recip.
    1.62861e+02    5.04800e+01    1.51515e+05   -9.28511e+05    2.25824e+03
      Potential    Kinetic En.   Total Energy  Conserved En.    Temperature
   -7.70880e+05    1.24568e+05   -6.46312e+05   -6.58720e+05    3.00230e+02
 Pressure (bar)
    1.45603e+03

           Step           Time
         241000      120.50000

   Energies (kJ/mol)
           Bond          Angle    Proper Dih.  Improper Dih. Per. Imp. Dih.
    4.80195e+01    3.92877e+01    4.76679e-01    3.55699e+03    4.03021e-02
          LJ-14     Coulomb-14        LJ (SR)   Coulomb (SR)   Coul. recip.
    1.62861e+02    5.04800e+01    1.52097e+05   -9.29214e+05    2.30310e+03
      Potential    Kinetic En.   Total Energy  Conserved En.    Temperature
   -7.70955e+05    1.24139e+05   -6.46817e+05   -6.58699e+05    2.99196e+02
 Pressure (bar)
    1.48000e+03

           Step           Time
         242000      121.00000

   Energies (kJ/mol)
           Bond          Angle    Proper Dih.  Improper Dih. Per. Imp. Dih.
    4.80195e+01    3.92877e+01    4.76679e-01    3.55699e+03    4.03021e-02
          LJ-14     Coulomb-14        LJ (SR)   Coulomb (SR)   Coul. recip.
    1.62861e+02    5.04800e+01    1.51289e+05   -9.28662e+05    2.34973e+03
      Potential    Kinetic En.   Total Energy  Conserved En.    Temperature
   -7.71166e+05    1.24779e+05   -6.46387e+05   -6.58678e+05    3.00738e+02
 Pressure (bar)
    1.43192e+03

           Step           Time
         243000      121.50000

   Energies (kJ/mol)
           Bond          Angle    Proper Dih.  Improper Dih. Per. Imp. Dih.
    4.80195e+01    3.92877e+01    4.76679e-01    3.55699e+03    4.03021e-02
          LJ-14     Coulomb-14        LJ (SR)   Coulomb (SR)   Coul. recip.
    1.62861e+02    5.04800e+01    1.50399e+05   -9.27882e+05    2.29347e+03
      Potential    Kinetic En.   Total Energy  Conserved En.    Temperature
   -7.71331e+05    1.24402e+05   -6.46929e+05   -6.58655e+05    2.99830e+02
 Pressure (bar)
    1.36580e+03

           Step           Time
         244000      122.00000

   Energies (kJ/mol)
           Bond          Angle    Proper Dih.  Improper Dih. Per. Imp. Dih.
    4.80195e+01    3.92877e+01    4.76679e-01    3.55699e+03    4.03021e-02
          LJ-14     Coulomb-14        LJ (SR)   Coulomb (SR)   Coul. recip.
    1.62861e+02    5.04800e+01    1.51530e+05   -9.30004e+05    2.24457e+03
      Potential    Kinetic En.   Total Energy  Conserved En.    Temperature
   -7.72371e+05    1.23916e+05   -6.48454e+05   -6.58633e+05    2.98660e+02
 Pressure (bar)
    1.44633e+03

           Step           Time
         245000      122.50000

   Energies (kJ/mol)
           Bond          Angle    Proper Dih.  Improper Dih. Per. Imp. Dih.
    4.80195e+01    3.92877e+01    4.76679e-01    3.55699e+03    4.03021e-02
          LJ-14     Coulomb-14        LJ (SR)   Coulomb (SR)   Coul. recip.
    1.62861e+02    5.04800e+01    1.52274e+05   -9.30394e+05    2.32601e+03
      Potential    Kinetic En.   Total Energy  Conserved En.    Temperature
   -7.71935e+05    1.23562e+05   -6.48373e+05   -6.58612e+05    2.97806e+02
 Pressure (bar)
    1.50763e+03

           Step           Time
         246000      123.00000

   Energies (kJ/mol)
           Bond          Angle    Proper Dih.  Improper Dih. Per. Imp. Dih.
    4.80195e+01    3.92877e+01    4.76679e-01    3.55699e+03    4.03021e-02
          LJ-14     Coulomb-14        LJ (SR)   Coulomb (SR)   Coul. recip.
    1.62861e+02    5.04800e+01    1.53741e+05   -9.32501e+05    2.24604e+03
      Potential    Kinetic En.   Total Energy  Conserved En.    Temperature
   -7.72656e+05    1.23661e+05   -6.48995e+05   -6.58590e+05    2.98044e+02
 Pressure (bar)
    1.62536e+03

           Step           Time
         247000      123.50000

   Energies (kJ/mol)
           Bond          Angle    Proper Dih.  Improper Dih. Per. Imp. Dih.
    4.80195e+01    3.92877e+01    4.76679e-01    3.55699e+03    4.03021e-02
          LJ-14     Coulomb-14        LJ (SR)   Coulomb (SR)   Coul. recip.
    1.62861e+02    5.04800e+01    1.52226e+05   -9.30713e+05    2.24067e+03
      Potential    Kinetic En.   Total Energy  Conserved En.    Temperature
   -7.72388e+05    1.24436e+05   -6.47952e+05   -6.58568e+05    2.99912e+02
 Pressure (bar)
    1.48530e+03

           Step           Time
         248000      124.00000

   Energies (kJ/mol)
           Bond          Angle    Proper Dih.  Improper Dih. Per. Imp. Dih.
    4.80195e+01    3.92877e+01    4.76679e-01    3.55699e+03    4.03021e-02
          LJ-14     Coulomb-14        LJ (SR)   Coulomb (SR)   Coul. recip.
    1.62861e+02    5.04800e+01    1.52028e+05   -9.30606e+05    2.20019e+03
      Potential    Kinetic En.   Total Energy  Conserved En.    Temperature
   -7.72520e+05    1.25670e+05   -6.46850e+05   -6.58547e+05    3.02887e+02
 Pressure (bar)
    1.46201e+03

           Step           Time
         249000      124.50000

   Energies (kJ/mol)
           Bond          Angle    Proper Dih.  Improper Dih. Per. Imp. Dih.
    4.80195e+01    3.92877e+01    4.76679e-01    3.55699e+03    4.03021e-02
          LJ-14     Coulomb-14        LJ (SR)   Coulomb (SR)   Coul. recip.
    1.62861e+02    5.04800e+01    1.52449e+05   -9.30546e+05    2.23821e+03
      Potential    Kinetic En.   Total Energy  Conserved En.    Temperature
   -7.72001e+05    1.24419e+05   -6.47582e+05   -6.58526e+05    2.99871e+02
 Pressure (bar)
    1.49552e+03

           Step           Time
         250000      125.00000

   Energies (kJ/mol)
           Bond          Angle    Proper Dih.  Improper Dih. Per. Imp. Dih.
    4.80195e+01    3.92877e+01    4.76679e-01    3.55699e+03    4.03021e-02
          LJ-14     Coulomb-14        LJ (SR)   Coulomb (SR)   Coul. recip.
    1.62861e+02    5.04800e+01    1.50833e+05   -9.28612e+05    2.32713e+03
      Potential    Kinetic En.   Total Energy  Conserved En.    Temperature
   -7.71593e+05    1.24198e+05   -6.47395e+05   -6.58504e+05    2.99339e+02
 Pressure (bar)
    1.39159e+03

           Step           Time
         251000      125.50000

   Energies (kJ/mol)
           Bond          Angle    Proper Dih.  Improper Dih. Per. Imp. Dih.
    4.80195e+01    3.92877e+01    4.76679e-01    3.55699e+03    4.03021e-02
          LJ-14     Coulomb-14        LJ (SR)   Coulomb (SR)   Coul. recip.
    1.62861e+02    5.04800e+01    1.51923e+05   -9.29756e+05    2.28528e+03
      Potential    Kinetic En.   Total Energy  Conserved En.    Temperature
   -7.71689e+05    1.24194e+05   -6.47496e+05   -6.58481e+05    2.99328e+02
 Pressure (bar)
    1.49356e+03

           Step           Time
         252000      126.00000

   Energies (kJ/mol)
           Bond          Angle    Proper Dih.  Improper Dih. Per. Imp. Dih.
    4.80195e+01    3.92877e+01    4.76679e-01    3.55699e+03    4.03021e-02
          LJ-14     Coulomb-14        LJ (SR)   Coulomb (SR)   Coul. recip.
    1.62861e+02    5.04800e+01    1.50910e+05   -9.28437e+05    2.28709e+03
      Potential    Kinetic En.   Total Energy  Conserved En.    Temperature
   -7.71381e+05    1.23879e+05   -6.47503e+05   -6.58460e+05    2.98569e+02
 Pressure (bar)
    1.39245e+03

           Step           Time
         253000      126.50000

   Energies (kJ/mol)
           Bond          Angle    Proper Dih.  Improper Dih. Per. Imp. Dih.
    4.80195e+01    3.92877e+01    4.76679e-01    3.55699e+03    4.03021e-02
          LJ-14     Coulomb-14        LJ (SR)   Coulomb (SR)   Coul. recip.
    1.62861e+02    5.04800e+01    1.50823e+05   -9.27489e+05    2.33630e+03
      Potential    Kinetic En.   Total Energy  Conserved En.    Temperature
   -7.70471e+05    1.23452e+05   -6.47019e+05   -6.58438e+05    2.97541e+02
 Pressure (bar)
    1.40725e+03

           Step           Time
         254000      127.00000

   Energies (kJ/mol)
           Bond          Angle    Proper Dih.  Improper Dih. Per. Imp. Dih.
    4.80195e+01    3.92877e+01    4.76679e-01    3.55699e+03    4.03021e-02
          LJ-14     Coulomb-14        LJ (SR)   Coulomb (SR)   Coul. recip.
    1.62861e+02    5.04800e+01    1.51647e+05   -9.28694e+05    2.27031e+03
      Potential    Kinetic En.   Total Energy  Conserved En.    Temperature
   -7.70918e+05    1.24956e+05   -6.45963e+05   -6.58417e+05    3.01164e+02
 Pressure (bar)
    1.45933e+03

           Step           Time
         255000      127.50000

   Energies (kJ/mol)
           Bond          Angle    Proper Dih.  Improper Dih. Per. Imp. Dih.
    4.80195e+01    3.92877e+01    4.76679e-01    3.55699e+03    4.03021e-02
          LJ-14     Coulomb-14        LJ (SR)   Coulomb (SR)   Coul. recip.
    1.62861e+02    5.04800e+01    1.51520e+05   -9.28758e+05    2.26785e+03
      Potential    Kinetic En.   Total Energy  Conserved En.    Temperature
   -7.71111e+05    1.24651e+05   -6.46460e+05   -6.58395e+05    3.00430e+02
 Pressure (bar)
    1.46770e+03

           Step           Time
         256000      128.00000

   Energies (kJ/mol)
           Bond          Angle    Proper Dih.  Improper Dih. Per. Imp. Dih.
    4.80195e+01    3.92877e+01    4.76679e-01    3.55699e+03    4.03021e-02
          LJ-14     Coulomb-14        LJ (SR)   Coulomb (SR)   Coul. recip.
    1.62861e+02    5.04800e+01    1.50340e+05   -9.26942e+05    2.32022e+03
      Potential    Kinetic En.   Total Energy  Conserved En.    Temperature
   -7.70423e+05    1.24230e+05   -6.46193e+05   -6.58373e+05    2.99415e+02
 Pressure (bar)
    1.37341e+03

           Step           Time
         257000      128.50000

   Energies (kJ/mol)
           Bond          Angle    Proper Dih.  Improper Dih. Per. Imp. Dih.
    4.80195e+01    3.92877e+01    4.76679e-01    3.55699e+03    4.03021e-02
          LJ-14     Coulomb-14        LJ (SR)   Coulomb (SR)   Coul. recip.
    1.62861e+02    5.04800e+01    1.50840e+05   -9.26872e+05    2.32078e+03
      Potential    Kinetic En.   Total Energy  Conserved En.    Temperature
   -7.69853e+05    1.24203e+05   -6.45650e+05   -6.58352e+05    2.99351e+02
 Pressure (bar)
    1.45034e+03

           Step           Time
         258000      129.00000

   Energies (kJ/mol)
           Bond          Angle    Proper Dih.  Improper Dih. Per. Imp. Dih.
    4.80195e+01    3.92877e+01    4.76679e-01    3.55699e+03    4.03021e-02
          LJ-14     Coulomb-14        LJ (SR)   Coulomb (SR)   Coul. recip.
    1.62861e+02    5.04800e+01    1.51816e+05   -9.27658e+05    2.31107e+03
      Potential    Kinetic En.   Total Energy  Conserved En.    Temperature
   -7.69672e+05    1.24293e+05   -6.45379e+05   -6.58330e+05    2.99568e+02
 Pressure (bar)
    1.55097e+03

           Step           Time
         259000      129.50000

   Energies (kJ/mol)
           Bond          Angle    Proper Dih.  Improper Dih. Per. Imp. Dih.
    4.80195e+01    3.92877e+01    4.76679e-01    3.55699e+03    4.03021e-02
          LJ-14     Coulomb-14        LJ (SR)   Coulomb (SR)   Coul. recip.
    1.62861e+02    5.04800e+01    1.51711e+05   -9.28222e+05    2.25376e+03
      Potential    Kinetic En.   Total Energy  Conserved En.    Temperature
   -7.70400e+05    1.24143e+05   -6.46257e+05   -6.58308e+05    2.99206e+02
 Pressure (bar)
    1.50309e+03

Writing checkpoint, step 259900 at Tue Jul  7 13:31:05 2026


           Step           Time
         260000      130.00000

   Energies (kJ/mol)
           Bond          Angle    Proper Dih.  Improper Dih. Per. Imp. Dih.
    4.80195e+01    3.92877e+01    4.76679e-01    3.55699e+03    4.03021e-02
          LJ-14     Coulomb-14        LJ (SR)   Coulomb (SR)   Coul. recip.
    1.62861e+02    5.04800e+01    1.49889e+05   -9.25800e+05    2.27758e+03
      Potential    Kinetic En.   Total Energy  Conserved En.    Temperature
   -7.69776e+05    1.24441e+05   -6.45335e+05   -6.58287e+05    2.99924e+02
 Pressure (bar)
    1.34190e+03

           Step           Time
         261000      130.50000

   Energies (kJ/mol)
           Bond          Angle    Proper Dih.  Improper Dih. Per. Imp. Dih.
    4.80195e+01    3.92877e+01    4.76679e-01    3.55699e+03    4.03021e-02
          LJ-14     Coulomb-14        LJ (SR)   Coulomb (SR)   Coul. recip.
    1.62861e+02    5.04800e+01    1.51011e+05   -9.26987e+05    2.29556e+03
      Potential    Kinetic En.   Total Energy  Conserved En.    Temperature
   -7.69822e+05    1.24806e+05   -6.45017e+05   -6.58264e+05    3.00803e+02
 Pressure (bar)
    1.47248e+03

           Step           Time
         262000      131.00000

   Energies (kJ/mol)
           Bond          Angle    Proper Dih.  Improper Dih. Per. Imp. Dih.
    4.80195e+01    3.92877e+01    4.76679e-01    3.55699e+03    4.03021e-02
          LJ-14     Coulomb-14        LJ (SR)   Coulomb (SR)   Coul. recip.
    1.62861e+02    5.04800e+01    1.50090e+05   -9.25884e+05    2.32971e+03
      Potential    Kinetic En.   Total Energy  Conserved En.    Temperature
   -7.69606e+05    1.24915e+05   -6.44690e+05   -6.58241e+05    3.01068e+02
 Pressure (bar)
    1.37047e+03

           Step           Time
         263000      131.50000

   Energies (kJ/mol)
           Bond          Angle    Proper Dih.  Improper Dih. Per. Imp. Dih.
    4.80195e+01    3.92877e+01    4.76679e-01    3.55699e+03    4.03021e-02
          LJ-14     Coulomb-14        LJ (SR)   Coulomb (SR)   Coul. recip.
    1.62861e+02    5.04800e+01    1.51939e+05   -9.28076e+05    2.27130e+03
      Potential    Kinetic En.   Total Energy  Conserved En.    Temperature
   -7.70007e+05    1.24832e+05   -6.45175e+05   -6.58221e+05    3.00867e+02
 Pressure (bar)
    1.51996e+03

           Step           Time
         264000      132.00000

   Energies (kJ/mol)
           Bond          Angle    Proper Dih.  Improper Dih. Per. Imp. Dih.
    4.80195e+01    3.92877e+01    4.76679e-01    3.55699e+03    4.03021e-02
          LJ-14     Coulomb-14        LJ (SR)   Coulomb (SR)   Coul. recip.
    1.62861e+02    5.04800e+01    1.52384e+05   -9.29445e+05    2.28127e+03
      Potential    Kinetic En.   Total Energy  Conserved En.    Temperature
   -7.70921e+05    1.25218e+05   -6.45703e+05   -6.58198e+05    3.01798e+02
 Pressure (bar)
    1.53553e+03

           Step           Time
         265000      132.50000

   Energies (kJ/mol)
           Bond          Angle    Proper Dih.  Improper Dih. Per. Imp. Dih.
    4.80195e+01    3.92877e+01    4.76679e-01    3.55699e+03    4.03021e-02
          LJ-14     Coulomb-14        LJ (SR)   Coulomb (SR)   Coul. recip.
    1.62861e+02    5.04800e+01    1.51689e+05   -9.28691e+05    2.33741e+03
      Potential    Kinetic En.   Total Energy  Conserved En.    Temperature
   -7.70806e+05    1.25687e+05   -6.45120e+05   -6.58177e+05    3.02926e+02
 Pressure (bar)
    1.52167e+03

           Step           Time
         266000      133.00000

   Energies (kJ/mol)
           Bond          Angle    Proper Dih.  Improper Dih. Per. Imp. Dih.
    4.80195e+01    3.92877e+01    4.76679e-01    3.55699e+03    4.03021e-02
          LJ-14     Coulomb-14        LJ (SR)   Coulomb (SR)   Coul. recip.
    1.62861e+02    5.04800e+01    1.52183e+05   -9.27920e+05    2.30786e+03
      Potential    Kinetic En.   Total Energy  Conserved En.    Temperature
   -7.69571e+05    1.24186e+05   -6.45385e+05   -6.58154e+05    2.99309e+02
 Pressure (bar)
    1.56425e+03

           Step           Time
         267000      133.50000

   Energies (kJ/mol)
           Bond          Angle    Proper Dih.  Improper Dih. Per. Imp. Dih.
    4.80195e+01    3.92877e+01    4.76679e-01    3.55699e+03    4.03021e-02
          LJ-14     Coulomb-14        LJ (SR)   Coulomb (SR)   Coul. recip.
    1.62861e+02    5.04800e+01    1.50031e+05   -9.26287e+05    2.28904e+03
      Potential    Kinetic En.   Total Energy  Conserved En.    Temperature
   -7.70109e+05    1.24867e+05   -6.45242e+05   -6.58132e+05    3.00951e+02
 Pressure (bar)
    1.34294e+03

           Step           Time
         268000      134.00000

   Energies (kJ/mol)
           Bond          Angle    Proper Dih.  Improper Dih. Per. Imp. Dih.
    4.80195e+01    3.92877e+01    4.76679e-01    3.55699e+03    4.03021e-02
          LJ-14     Coulomb-14        LJ (SR)   Coulomb (SR)   Coul. recip.
    1.62861e+02    5.04800e+01    1.51231e+05   -9.27213e+05    2.31954e+03
      Potential    Kinetic En.   Total Energy  Conserved En.    Temperature
   -7.69804e+05    1.24312e+05   -6.45492e+05   -6.58111e+05    2.99614e+02
 Pressure (bar)
    1.48124e+03

           Step           Time
         269000      134.50000

   Energies (kJ/mol)
           Bond          Angle    Proper Dih.  Improper Dih. Per. Imp. Dih.
    4.80195e+01    3.92877e+01    4.76679e-01    3.55699e+03    4.03021e-02
          LJ-14     Coulomb-14        LJ (SR)   Coulomb (SR)   Coul. recip.
    1.62861e+02    5.04800e+01    1.50930e+05   -9.27123e+05    2.30165e+03
      Potential    Kinetic En.   Total Energy  Conserved En.    Temperature
   -7.70034e+05    1.24238e+05   -6.45796e+05   -6.58088e+05    2.99434e+02
 Pressure (bar)
    1.43047e+03

           Step           Time
         270000      135.00000

   Energies (kJ/mol)
           Bond          Angle    Proper Dih.  Improper Dih. Per. Imp. Dih.
    4.80195e+01    3.92877e+01    4.76679e-01    3.55699e+03    4.03021e-02
          LJ-14     Coulomb-14        LJ (SR)   Coulomb (SR)   Coul. recip.
    1.62861e+02    5.04800e+01    1.51355e+05   -9.28058e+05    2.25366e+03
      Potential    Kinetic En.   Total Energy  Conserved En.    Temperature
   -7.70591e+05    1.25393e+05   -6.45198e+05   -6.58066e+05    3.02218e+02
 Pressure (bar)
    1.45492e+03

           Step           Time
         271000      135.50000

   Energies (kJ/mol)
           Bond          Angle    Proper Dih.  Improper Dih. Per. Imp. Dih.
    4.80195e+01    3.92877e+01    4.76679e-01    3.55699e+03    4.03021e-02
          LJ-14     Coulomb-14        LJ (SR)   Coulomb (SR)   Coul. recip.
    1.62861e+02    5.04800e+01    1.50628e+05   -9.27050e+05    2.33655e+03
      Potential    Kinetic En.   Total Energy  Conserved En.    Temperature
   -7.70227e+05    1.25016e+05   -6.45211e+05   -6.58045e+05    3.01311e+02
 Pressure (bar)
    1.43508e+03

           Step           Time
         272000      136.00000

   Energies (kJ/mol)
           Bond          Angle    Proper Dih.  Improper Dih. Per. Imp. Dih.
    4.80195e+01    3.92877e+01    4.76679e-01    3.55699e+03    4.03021e-02
          LJ-14     Coulomb-14        LJ (SR)   Coulomb (SR)   Coul. recip.
    1.62861e+02    5.04800e+01    1.49804e+05   -9.25483e+05    2.22276e+03
      Potential    Kinetic En.   Total Energy  Conserved En.    Temperature
   -7.69599e+05    1.24698e+05   -6.44900e+05   -6.58023e+05    3.00544e+02
 Pressure (bar)
    1.36336e+03

           Step           Time
         273000      136.50000

   Energies (kJ/mol)
           Bond          Angle    Proper Dih.  Improper Dih. Per. Imp. Dih.
    4.80195e+01    3.92877e+01    4.76679e-01    3.55699e+03    4.03021e-02
          LJ-14     Coulomb-14        LJ (SR)   Coulomb (SR)   Coul. recip.
    1.62861e+02    5.04800e+01    1.51476e+05   -9.26770e+05    2.25155e+03
      Potential    Kinetic En.   Total Energy  Conserved En.    Temperature
   -7.69184e+05    1.24860e+05   -6.44324e+05   -6.58002e+05    3.00933e+02
 Pressure (bar)
    1.54084e+03

           Step           Time
         274000      137.00000

   Energies (kJ/mol)
           Bond          Angle    Proper Dih.  Improper Dih. Per. Imp. Dih.
    4.80195e+01    3.92877e+01    4.76679e-01    3.55699e+03    4.03021e-02
          LJ-14     Coulomb-14        LJ (SR)   Coulomb (SR)   Coul. recip.
    1.62861e+02    5.04800e+01    1.51015e+05   -9.25938e+05    2.25166e+03
      Potential    Kinetic En.   Total Energy  Conserved En.    Temperature
   -7.68813e+05    1.24242e+05   -6.44571e+05   -6.57980e+05    2.99444e+02
 Pressure (bar)
    1.50487e+03

           Step           Time
         275000      137.50000

   Energies (kJ/mol)
           Bond          Angle    Proper Dih.  Improper Dih. Per. Imp. Dih.
    4.80195e+01    3.92877e+01    4.76679e-01    3.55699e+03    4.03021e-02
          LJ-14     Coulomb-14        LJ (SR)   Coulomb (SR)   Coul. recip.
    1.62861e+02    5.04800e+01    1.48699e+05   -9.24151e+05    2.29320e+03
      Potential    Kinetic En.   Total Energy  Conserved En.    Temperature
   -7.69300e+05    1.25480e+05   -6.43820e+05   -6.57958e+05    3.02428e+02
 Pressure (bar)
    1.27386e+03

           Step           Time
         276000      138.00000

   Energies (kJ/mol)
           Bond          Angle    Proper Dih.  Improper Dih. Per. Imp. Dih.
    4.80195e+01    3.92877e+01    4.76679e-01    3.55699e+03    4.03021e-02
          LJ-14     Coulomb-14        LJ (SR)   Coulomb (SR)   Coul. recip.
    1.62861e+02    5.04800e+01    1.50106e+05   -9.25822e+05    2.30254e+03
      Potential    Kinetic En.   Total Energy  Conserved En.    Temperature
   -7.69555e+05    1.24612e+05   -6.44943e+05   -6.57935e+05    3.00337e+02
 Pressure (bar)
    1.42298e+03

           Step           Time
         277000      138.50000

   Energies (kJ/mol)
           Bond          Angle    Proper Dih.  Improper Dih. Per. Imp. Dih.
    4.80195e+01    3.92877e+01    4.76679e-01    3.55699e+03    4.03021e-02
          LJ-14     Coulomb-14        LJ (SR)   Coulomb (SR)   Coul. recip.
    1.62861e+02    5.04800e+01    1.51181e+05   -9.27247e+05    2.30124e+03
      Potential    Kinetic En.   Total Energy  Conserved En.    Temperature
   -7.69907e+05    1.24035e+05   -6.45871e+05   -6.57912e+05    2.98947e+02
 Pressure (bar)
    1.49800e+03

           Step           Time
         278000      139.00000

   Energies (kJ/mol)
           Bond          Angle    Proper Dih.  Improper Dih. Per. Imp. Dih.
    4.80195e+01    3.92877e+01    4.76679e-01    3.55699e+03    4.03021e-02
          LJ-14     Coulomb-14        LJ (SR)   Coulomb (SR)   Coul. recip.
    1.62861e+02    5.04800e+01    1.50973e+05   -9.26209e+05    2.29167e+03
      Potential    Kinetic En.   Total Energy  Conserved En.    Temperature
   -7.69086e+05    1.24010e+05   -6.45076e+05   -6.57892e+05    2.98886e+02
 Pressure (bar)
    1.48535e+03

           Step           Time
         279000      139.50000

   Energies (kJ/mol)
           Bond          Angle    Proper Dih.  Improper Dih. Per. Imp. Dih.
    4.80195e+01    3.92877e+01    4.76679e-01    3.55699e+03    4.03021e-02
          LJ-14     Coulomb-14        LJ (SR)   Coulomb (SR)   Coul. recip.
    1.62861e+02    5.04800e+01    1.49618e+05   -9.24176e+05    2.26934e+03
      Potential    Kinetic En.   Total Energy  Conserved En.    Temperature
   -7.68431e+05    1.24618e+05   -6.43813e+05   -6.57869e+05    3.00350e+02
 Pressure (bar)
    1.36822e+03

           Step           Time
         280000      140.00000

   Energies (kJ/mol)
           Bond          Angle    Proper Dih.  Improper Dih. Per. Imp. Dih.
    4.80195e+01    3.92877e+01    4.76679e-01    3.55699e+03    4.03021e-02
          LJ-14     Coulomb-14        LJ (SR)   Coulomb (SR)   Coul. recip.
    1.62861e+02    5.04800e+01    1.49706e+05   -9.24715e+05    2.27167e+03
      Potential    Kinetic En.   Total Energy  Conserved En.    Temperature
   -7.68879e+05    1.25762e+05   -6.43117e+05   -6.57847e+05    3.03107e+02
 Pressure (bar)
    1.37174e+03

           Step           Time
         281000      140.50000

   Energies (kJ/mol)
           Bond          Angle    Proper Dih.  Improper Dih. Per. Imp. Dih.
    4.80195e+01    3.92877e+01    4.76679e-01    3.55699e+03    4.03021e-02
          LJ-14     Coulomb-14        LJ (SR)   Coulomb (SR)   Coul. recip.
    1.62861e+02    5.04800e+01    1.51038e+05   -9.25956e+05    2.22420e+03
      Potential    Kinetic En.   Total Energy  Conserved En.    Temperature
   -7.68836e+05    1.25504e+05   -6.43332e+05   -6.57827e+05    3.02486e+02
 Pressure (bar)
    1.46699e+03

           Step           Time
         282000      141.00000

   Energies (kJ/mol)
           Bond          Angle    Proper Dih.  Improper Dih. Per. Imp. Dih.
    4.80195e+01    3.92877e+01    4.76679e-01    3.55699e+03    4.03021e-02
          LJ-14     Coulomb-14        LJ (SR)   Coulomb (SR)   Coul. recip.
    1.62861e+02    5.04800e+01    1.50716e+05   -9.25232e+05    2.33726e+03
      Potential    Kinetic En.   Total Energy  Conserved En.    Temperature
   -7.68321e+05    1.25096e+05   -6.43225e+05   -6.57803e+05    3.01502e+02
 Pressure (bar)
    1.49219e+03

           Step           Time
         283000      141.50000

   Energies (kJ/mol)
           Bond          Angle    Proper Dih.  Improper Dih. Per. Imp. Dih.
    4.80195e+01    3.92877e+01    4.76679e-01    3.55699e+03    4.03021e-02
          LJ-14     Coulomb-14        LJ (SR)   Coulomb (SR)   Coul. recip.
    1.62861e+02    5.04800e+01    1.51461e+05   -9.26745e+05    2.33745e+03
      Potential    Kinetic En.   Total Energy  Conserved En.    Temperature
   -7.69088e+05    1.25470e+05   -6.43618e+05   -6.57782e+05    3.02404e+02
 Pressure (bar)
    1.54490e+03

           Step           Time
         284000      142.00000

   Energies (kJ/mol)
           Bond          Angle    Proper Dih.  Improper Dih. Per. Imp. Dih.
    4.80195e+01    3.92877e+01    4.76679e-01    3.55699e+03    4.03021e-02
          LJ-14     Coulomb-14        LJ (SR)   Coulomb (SR)   Coul. recip.
    1.62861e+02    5.04800e+01    1.49879e+05   -9.24636e+05    2.29271e+03
      Potential    Kinetic En.   Total Energy  Conserved En.    Temperature
   -7.68606e+05    1.25190e+05   -6.43416e+05   -6.57758e+05    3.01730e+02
 Pressure (bar)
    1.38266e+03

           Step           Time
         285000      142.50000

   Energies (kJ/mol)
           Bond          Angle    Proper Dih.  Improper Dih. Per. Imp. Dih.
    4.80195e+01    3.92877e+01    4.76679e-01    3.55699e+03    4.03021e-02
          LJ-14     Coulomb-14        LJ (SR)   Coulomb (SR)   Coul. recip.
    1.62861e+02    5.04800e+01    1.48658e+05   -9.23168e+05    2.24669e+03
      Potential    Kinetic En.   Total Energy  Conserved En.    Temperature
   -7.68406e+05    1.25643e+05   -6.42763e+05   -6.57737e+05    3.02821e+02
 Pressure (bar)
    1.27316e+03

           Step           Time
         286000      143.00000

   Energies (kJ/mol)
           Bond          Angle    Proper Dih.  Improper Dih. Per. Imp. Dih.
    4.80195e+01    3.92877e+01    4.76679e-01    3.55699e+03    4.03021e-02
          LJ-14     Coulomb-14        LJ (SR)   Coulomb (SR)   Coul. recip.
    1.62861e+02    5.04800e+01    1.49445e+05   -9.23854e+05    2.31353e+03
      Potential    Kinetic En.   Total Energy  Conserved En.    Temperature
   -7.68236e+05    1.24830e+05   -6.43407e+05   -6.57715e+05    3.00861e+02
 Pressure (bar)
    1.39711e+03

           Step           Time
         287000      143.50000

   Energies (kJ/mol)
           Bond          Angle    Proper Dih.  Improper Dih. Per. Imp. Dih.
    4.80195e+01    3.92877e+01    4.76679e-01    3.55699e+03    4.03021e-02
          LJ-14     Coulomb-14        LJ (SR)   Coulomb (SR)   Coul. recip.
    1.62861e+02    5.04800e+01    1.50814e+05   -9.27317e+05    2.32953e+03
      Potential    Kinetic En.   Total Energy  Conserved En.    Temperature
   -7.70315e+05    1.25890e+05   -6.44425e+05   -6.57694e+05    3.03417e+02
 Pressure (bar)
    1.44782e+03

           Step           Time
         288000      144.00000

Writing checkpoint, step 288000 at Tue Jul  7 13:39:04 2026


   Energies (kJ/mol)
           Bond          Angle    Proper Dih.  Improper Dih. Per. Imp. Dih.
    4.80195e+01    3.92877e+01    4.76679e-01    3.55699e+03    4.03021e-02
          LJ-14     Coulomb-14        LJ (SR)   Coulomb (SR)   Coul. recip.
    1.62861e+02    5.04800e+01    1.50827e+05   -9.26673e+05    2.37761e+03
      Potential    Kinetic En.   Total Energy  Conserved En.    Temperature
   -7.69610e+05    1.24827e+05   -6.44783e+05   -6.57672e+05    3.00855e+02
 Pressure (bar)
    1.42567e+03


Energy conservation over simulation part #1 of length 144 ps, time 0 to 144 ps
  Conserved energy drift: 6.42e-04 kJ/mol/ps per atom


	<======  ###############  ==>
	<====  A V E R A G E S  ====>
	<==  ###############  ======>

	Statistics over 288001 steps using 2881 frames

   Energies (kJ/mol)
           Bond          Angle    Proper Dih.  Improper Dih. Per. Imp. Dih.
    4.80195e+01    3.92877e+01    4.76679e-01    3.55699e+03    4.03021e-02
          LJ-14     Coulomb-14        LJ (SR)   Coulomb (SR)   Coul. recip.
    1.62861e+02    5.04800e+01    1.51495e+05   -9.28745e+05    2.27613e+03
      Potential    Kinetic En.   Total Energy  Conserved En.    Temperature
   -7.71116e+05    1.24408e+05   -6.46708e+05   -6.60826e+05    2.99844e+02
 Pressure (bar)
    1.46096e+03

   Total Virial (kJ/mol)
    2.39338e+04   -1.16013e+02    1.64805e+02
   -1.16126e+02    2.30523e+04    1.14829e+02
    1.65216e+02    1.12958e+02    5.13435e+03

   Pressure (bar)
    1.06350e+03    7.11700e+00   -9.14042e+00
    7.12387e+00    1.11855e+03   -6.87058e+00
   -9.16533e+00   -6.75719e+00    2.20083e+03


	M E G A - F L O P S   A C C O U N T I N G

 NB=Group-cutoff nonbonded kernels    NxN=N-by-N cluster Verlet kernels
 RF=Reaction-Field  VdW=Van der Waals  QSTab=quadratic-spline table
 W3=SPC/TIP3p  W4=TIP4p (single or pairs)
 V&F=Potential and force  V=Potential only  F=Force only

 Computing:                               M-Number         M-Flops  % Flops
-----------------------------------------------------------------------------
 Pair Search distance check          106349.241360      957143.172     0.1
 NxN Ewald Elec. + LJ [F]           7925989.976784   523115338.468    48.5
 NxN Ewald Elec. + LJ [V&F]           80088.313472     8569449.542     0.8
 NxN LJ [F]                          298346.339808     9845429.214     0.9
 NxN LJ [V&F]                          3014.668192      129630.732     0.0
 NxN Ewald Elec. [F]                7899931.580112   481895826.387    44.7
 NxN Ewald Elec. [V&F]                79825.003072     6705300.258     0.6
 1,4 nonbonded interactions              73.728256        6635.543     0.0
 Calc Weights                         59028.684960     2125032.659     0.2
 Spread Q Bspline                   1259278.612480     2518557.225     0.2
 Gather F Bspline                   1259278.612480     7555671.675     0.7
 3D-FFT                             3645017.840268    29160142.722     2.7
 Solve PME                            50725.040128     3246402.568     0.3
 Reset In Box                           196.829920         590.490     0.0
 CG-CoM                                 196.898240         590.695     0.0
 Bonds                                  741.890576       43771.544     0.0
 Angles                                1454.981052      244436.817     0.0
 Propers                                 87.552304       20049.478     0.0
 Impropers                              484.993684      100878.686     0.0
 Virial                                 196.959565        3545.272     0.0
 Calc-Ekin                              393.659840       10628.816     0.0
 Constraint-V                         14371.875804      129346.882     0.0
 Constraint-Vir                         143.767662        3450.424     0.0
 Settle                                4790.641902     1772537.504     0.2
 Virtual Site 3                        4838.531188      179025.654     0.0
-----------------------------------------------------------------------------
 Total                                              1078339412.425   100.0
-----------------------------------------------------------------------------


    D O M A I N   D E C O M P O S I T I O N   S T A T I S T I C S

 av. #atoms communicated per step for force:  2 x 0.0


      R E A L   C Y C L E   A N D   T I M E   A C C O U N T I N G

On 1 MPI rank, each using 12 OpenMP threads

 Activity:              Num   Num      Call    Wall time         Giga-Cycles
                        Ranks Threads  Count      (s)         total sum    %
--------------------------------------------------------------------------------
 Domain decomp.            1   12       2881      14.946        464.883   0.3
 Vsite constr.             1   12     288001      10.443        324.820   0.2
 Neighbor search           1   12       2881      60.169       1871.466   1.2
 Force                     1   12     288001    3942.305     122620.316  79.1
 PME mesh                  1   12     288001     793.870      24692.289  15.9
 NB X/F buffer ops.        1   12     576002      55.465       1725.164   1.1
 Vsite spread              1   12     290882      15.451        480.597   0.3
 Write traj.               1   12        293       1.892         58.837   0.0
 Update                    1   12     288001      47.433       1475.355   1.0
 Constraints               1   12     288003      24.824        772.126   0.5
 Kinetic energy            1   12       5761       0.634         19.724   0.0
 Rest                                             13.561        421.787   0.3
--------------------------------------------------------------------------------
 Total                                          4980.993     154927.363 100.0
--------------------------------------------------------------------------------
 Breakdown of PME mesh activities
--------------------------------------------------------------------------------
 PME spread                1   12     288001     318.795       9915.709   6.4
 PME gather                1   12     288001     190.214       5916.361   3.8
 PME 3D-FFT                1   12     576002     266.464       8288.014   5.3
 PME solve Elec            1   12     288001      17.178        534.302   0.3
--------------------------------------------------------------------------------

               Core t (s)   Wall t (s)        (%)
       Time:    59771.912     4980.993     1200.0
                         1h23:00
                 (ns/day)    (hour/ns)
Performance:        2.498        9.608
Finished mdrun on rank 0 Tue Jul  7 13:39:04 2026

