component_index,minimum_distance_A,nearest_chain_position,nearest_atom_id
1,4.015801888788838,35,10081
2,7.161523202503778,35,10082
72,7.161523202503778,35,10152
