component_index,minimum_distance_A,nearest_chain_position,nearest_atom_id
49,4.015800495542578,35,10129
50,7.161469551705152,35,10130
48,7.161587629848564,35,10128
