component_index,minimum_distance_A,nearest_chain_position,nearest_atom_id
61,4.015800495542578,24,6973
60,7.161469551705152,24,6972
62,7.161587629848564,24,6974
