component_index,minimum_distance_A,nearest_chain_position,nearest_atom_id
13,4.015800495542578,24,6925
14,7.161469551705152,24,6926
12,7.161587629848564,24,6924
