                      :-) GROMACS - gmx mdrun, 2025.4 (-:

Copyright 1991-2025 The GROMACS Authors.
GROMACS is free software; you can redistribute it and/or modify it
under the terms of the GNU Lesser General Public License
as published by the Free Software Foundation; either version 2.1
of the License, or (at your option) any later version.

                         Current GROMACS contributors:
       Mark Abraham           Andrey Alekseenko           Brian Andrews       
      Vladimir Basov              Paul Bauer                Hugh Bird         
      Eliane Briand               Ania Brown              Mahesh Doijade      
      Giacomo Fiorin          Stefan Fleischmann          Sergey Gorelov      
   Gilles Gouaillardet            Alan Gray              M. Eric Irrgang      
   Farzaneh Jalalypour         Petter Johansson          Carsten Kutzner      
    Grzegorz Łazarski         Justin A. Lemkul          Magnus Lundborg      
       Pascal Merz             Vedran Miletić            Dmitry Morozov      
     Lukas Müllender            Julien Nabet             Szilárd Páll      
 Andrea Pasquadibisceglie     Michele Pellegrino         Nicola Piasentin     
     Daniele Rapetti         Muhammad Umair Sadiq         Hubert Santuz       
      Roland Schulz             Michael Shirts           Tatiana Shugaeva     
     Alexey Shvetsov            Philip Turner            Alessandra Villa     
 Sebastian Wingbermühle  

                         Previous GROMACS contributors:
        Emile Apol             Rossen Apostolov           James Barnett       
  Herman J.C. Berendsen         Cathrine Bergh             Par Bjelkmar       
      Christian Blau          Viacheslav Bolnykh            Kevin Boyd        
    Aldert van Buuren          Carlo Camilloni           Rudi van Drunen      
      Anton Feenstra           Oliver Fleetwood            Vytas Gapsys       
       Gaurav Garg             Gerrit Groenhof            Bert de Groot       
      Anca Hamuraru           Vincent Hindriksen          Victor Holanda      
     Aleksei Iupinov              Joe Jordan            Christoph Junghans    
    Prashanth Kanduri        Dimitrios Karkoulis           Peter Kasson       
      Sebastian Kehl           Sebastian Keller             Jiri Kraus        
       Per Larsson              Viveca Lindahl            Erik Marklund       
    Pieter Meulenhoff           Teemu Murtola              Sander Pronk       
      Alfons Sijbers            Balint Soproni         David van der Spoel    
      Peter Tieleman            Carsten Uphoff             Jon Vincent        
     Teemu Virolainen         Christian Wennberg           Maarten Wolf       
      Artem Zhmurov       

                  Coordinated by the GROMACS project leaders:
                           Berk Hess and Erik Lindahl

GROMACS:      gmx mdrun, version 2025.4
Executable:   /usr/local/gromacs/bin/gmx
Data prefix:  /usr/local/gromacs
Working dir:  /Users/alejandro/projects/Multiscale-Simulation-Project/Microtubule_Inspired_Phase0
Process ID:   22458
Command line:
  gmx mdrun -s runs/phase2/day048_f46s_bulk_500ps/bulk_target_500ps.tpr -cpi runs/phase2/day048_f46q_collective_200ps_extension/bulk/bulk_extend_100ps.cpt -deffnm runs/phase2/day048_f46s_bulk_500ps/bulk_500ps -noappend

GROMACS version:     2025.4
Precision:           mixed
Memory model:        64 bit
MPI library:         thread_mpi
OpenMP support:      enabled (GMX_OPENMP_MAX_THREADS = 128)
GPU support:         disabled
SIMD instructions:   AVX2_256
CPU FFT library:     fftw-3.3.10-sse2
GPU FFT library:     none
Multi-GPU FFT:       none
RDTSCP usage:        enabled
TNG support:         enabled
Hwloc support:       disabled
Tracing support:     disabled
C compiler:          /usr/bin/gcc AppleClang 14.0.0.14000029
C compiler flags:    -mavx2 -mfma -Wno-missing-field-initializers -fno-stack-check -O3 -DNDEBUG
C++ compiler:        /usr/bin/g++ AppleClang 14.0.0.14000029
C++ compiler flags:  -mavx2 -mfma -Wno-reserved-identifier -Wno-missing-field-initializers -fno-stack-check -Weverything -Wno-c++98-compat -Wno-c++98-compat-pedantic -Wno-source-uses-openmp -Wno-c++17-extensions -Wno-documentation-unknown-command -Wno-covered-switch-default -Wno-switch-enum -Wno-switch-default -Wno-extra-semi-stmt -Wno-weak-vtables -Wno-shadow -Wno-padded -Wno-reserved-id-macro -Wno-double-promotion -Wno-exit-time-destructors -Wno-global-constructors -Wno-documentation -Wno-format-nonliteral -Wno-used-but-marked-unused -Wno-float-equal -Wno-conditional-uninitialized -Wno-conversion -Wno-disabled-macro-expansion -Wno-unused-macros SHELL:-Xpreprocessor -fopenmp -I/usr/local/opt/libomp/include -O3 -DNDEBUG
BLAS library:        External - detected on the system
LAPACK library:      External - detected on the system


Running on 1 node with total 0 processing units
Hardware detected on host Alejandros-MacBook-Pro-2.local:
  CPU info:
    Vendor: Intel
    Brand:  Intel(R) Core(TM) i7-9750H CPU @ 2.60GHz
    Family: 6   Model: 158   Stepping: 10
    Features: aes apic avx avx2 clfsh cmov cx8 cx16 f16c fma htt intel lahf mmx msr nonstop_tsc pcid pclmuldq pdcm pdpe1gb popcnt pse rdrnd rdtscp sse2 sse3 sse4.1 sse4.2 ssse3 tdt x2apic
  Hardware topology: Only logical processor count
    CPU limit set by OS: -1   Recommended max number of threads: 12


++++ PLEASE READ AND CITE THE FOLLOWING REFERENCE ++++
M. J. Abraham, T. Murtola, R. Schulz, S. Páll, J. C. Smith, B. Hess, E.
Lindahl
GROMACS: High performance molecular simulations through multi-level
parallelism from laptops to supercomputers
SoftwareX (2015)
DOI: 10.1016/j.softx.2015.06.001
-------- -------- --- Thank You --- -------- --------


++++ PLEASE READ AND CITE THE FOLLOWING REFERENCE ++++
S. Páll, M. J. Abraham, C. Kutzner, B. Hess, E. Lindahl
Tackling Exascale Software Challenges in Molecular Dynamics Simulations with
GROMACS
In S. Markidis & E. Laure (Eds.), Solving Software Challenges for Exascale (2015)
DOI: 10.1007/978-3-319-15976-8_1
-------- -------- --- Thank You --- -------- --------


++++ PLEASE READ AND CITE THE FOLLOWING REFERENCE ++++
S. Pronk, S. Páll, R. Schulz, P. Larsson, P. Bjelkmar, R. Apostolov, M. R.
Shirts, J. C. Smith, P. M. Kasson, D. van der Spoel, B. Hess, E. Lindahl
GROMACS 4.5: a high-throughput and highly parallel open source molecular
simulation toolkit
Bioinformatics (2013)
DOI: 10.1093/bioinformatics/btt055
-------- -------- --- Thank You --- -------- --------


++++ PLEASE READ AND CITE THE FOLLOWING REFERENCE ++++
B. Hess, C. Kutzner, D. van der Spoel, E. Lindahl
GROMACS 4: Algorithms for highly efficient, load-balanced, and scalable
molecular simulation
J. Chem. Theory Comput. (2008)
DOI: 10.1021/ct700301q
-------- -------- --- Thank You --- -------- --------


++++ PLEASE READ AND CITE THE FOLLOWING REFERENCE ++++
D. van der Spoel, E. Lindahl, B. Hess, G. Groenhof, A. E. Mark, H. J. C.
Berendsen
GROMACS: Fast, Flexible and Free
J. Comp. Chem. (2005)
DOI: 10.1002/jcc.20291
-------- -------- --- Thank You --- -------- --------


++++ PLEASE READ AND CITE THE FOLLOWING REFERENCE ++++
E. Lindahl, B. Hess, D. van der Spoel
GROMACS 3.0: A package for molecular simulation and trajectory analysis
J. Mol. Mod. (2001)
DOI: 10.1007/s008940100045
-------- -------- --- Thank You --- -------- --------


++++ PLEASE READ AND CITE THE FOLLOWING REFERENCE ++++
H. J. C. Berendsen, D. van der Spoel and R. van Drunen
GROMACS: A message-passing parallel molecular dynamics implementation
Comp. Phys. Comm. (1995)
DOI: 10.1016/0010-4655(95)00042-E
-------- -------- --- Thank You --- -------- --------


++++ PLEASE CITE THE DOI FOR THIS VERSION OF GROMACS ++++
https://doi.org/10.5281/zenodo.17671793
-------- -------- --- Thank You --- -------- --------

Input Parameters:
   integrator                     = md
   tinit                          = 0
   dt                             = 0.0005
   nsteps                         = 1000000
   init-step                      = 0
   simulation-part                = 1
   mts                            = false
   mass-repartition-factor        = 1
   comm-mode                      = Linear
   nstcomm                        = 100
   bd-fric                        = 0
   ld-seed                        = -170938505
   emtol                          = 10
   emstep                         = 0.01
   niter                          = 20
   fcstep                         = 0
   nstcgsteep                     = 1000
   nbfgscorr                      = 10
   rtpi                           = 0.05
   nstxout                        = 0
   nstvout                        = 0
   nstfout                        = 0
   nstlog                         = 500
   nstcalcenergy                  = 100
   nstenergy                      = 500
   nstxout-compressed             = 1000
   compressed-x-precision         = 1000
   cutoff-scheme                  = Verlet
   nstlist                        = 20
   pbc                            = xyz
   periodic-molecules             = false
   verlet-buffer-tolerance        = 0.005
   verlet-buffer-pressure-tolerance = 0.5
   rlist                          = 1.2
   coulombtype                    = PME
   coulomb-modifier               = Potential-shift
   rcoulomb-switch                = 0
   rcoulomb                       = 1.2
   epsilon-r                      = 1
   epsilon-rf                     = inf
   vdw-type                       = Cut-off
   vdw-modifier                   = Potential-shift
   rvdw-switch                    = 0
   rvdw                           = 1.2
   DispCorr                       = No
   table-extension                = 1
   fourierspacing                 = 0.12
   fourier-nx                     = 60
   fourier-ny                     = 60
   fourier-nz                     = 84
   pme-order                      = 4
   ewald-rtol                     = 1e-05
   ewald-rtol-lj                  = 0.001
   lj-pme-comb-rule               = Geometric
   ewald-geometry                 = 3d
   epsilon-surface                = 0
   ensemble-temperature-setting   = constant
   ensemble-temperature           = 300
   tcoupl                         = V-rescale
   nsttcouple                     = 100
   nh-chain-length                = 0
   print-nose-hoover-chain-variables = false
   pcoupl                         = No
   refcoord-scaling               = No
   posres-com: not available
   posres-comB: not available
   QMMM                           = false
qm-opts:
   ngQM                           = 0
   constraint-algorithm           = Lincs
   continuation                   = true
   Shake-SOR                      = false
   shake-tol                      = 0.0001
   lincs-order                    = 4
   lincs-iter                     = 1
   lincs-warnangle                = 30
   nwall                          = 0
   wall-type                      = 9-3
   wall-r-linpot                  = -1
   wall-atomtype[0]               = -1
   wall-atomtype[1]               = -1
   wall-density[0]                = 0
   wall-density[1]                = 0
   wall-ewald-zfac                = 3
   pull                           = false
   awh                            = false
   rotation                       = false
   interactiveMD                  = false
   disre                          = No
   disre-weighting                = Conservative
   disre-mixed                    = false
   dr-fc                          = 1000
   dr-tau                         = 0
   nstdisreout                    = 100
   orire-fc                       = 0
   orire-tau                      = 0
   nstorireout                    = 100
   free-energy                    = no
   cos-acceleration               = 0
   deform (3x3):
      deform[    0]={ 0.00000e+00,  0.00000e+00,  0.00000e+00}
      deform[    1]={ 0.00000e+00,  0.00000e+00,  0.00000e+00}
      deform[    2]={ 0.00000e+00,  0.00000e+00,  0.00000e+00}
   simulated-tempering            = false
   swapcoords                     = no
   userint1                       = 0
   userint2                       = 0
   userint3                       = 0
   userint4                       = 0
   userreal1                      = 0
   userreal2                      = 0
   userreal3                      = 0
   userreal4                      = 0
   applied-forces:
     electric-field:
       x:
         E0                       = 0
         omega                    = 0
         t0                       = 0
         sigma                    = 0
       y:
         E0                       = 0
         omega                    = 0
         t0                       = 0
         sigma                    = 0
       z:
         E0                       = 0
         omega                    = 0
         t0                       = 0
         sigma                    = 0
     density-guided-simulation:
       active                     = false
       group                      = protein
       similarity-measure         = inner-product
       atom-spreading-weight      = unity
       force-constant             = 1e+09
       gaussian-transform-spreading-width = 0.2
       gaussian-transform-spreading-range-in-multiples-of-width = 4
       reference-density-filename = reference.mrc
       nst                        = 1
       normalize-densities        = true
       adaptive-force-scaling     = false
       adaptive-force-scaling-time-constant = 4
       shift-vector               = 
       transformation-matrix      = 
     qmmm-cp2k:
       active                     = false
       qmgroup                    = System
       qmmethod                   = PBE
       qmfilenames                = 
       qmcharge                   = 0
       qmmultiplicity             = 1
     colvars:
       active                     = false
       configfile                 = 
       seed                       = -1
     nnpot:
       active                     = false
       modelfile                  = model.pt
       input-group                = System
       model-input1               = 
       model-input2               = 
       model-input3               = 
       model-input4               = 
grpopts:
   nrdf:       99801
   ref-t:         300
   tau-t:           1
annealing:          No
annealing-npoints:           0
   acc:	           0           0           0
   nfreeze:           N           N           N
   energygrp-flags[  0]: 0


Reading checkpoint file runs/phase2/day048_f46q_collective_200ps_extension/bulk/bulk_extend_100ps.cpt
  file generated by:     /usr/local/gromacs/bin/gmx
  file generated at:     Sun Sep  6 15:43:56 2026

  GROMACS double prec.:  0
  simulation part #:     2
  step:                  400000
  time:                  200.000000

Changing nstlist from 20 to 100, rlist from 1.2 to 1.256


Initializing Domain Decomposition on 1 ranks
Dynamic load balancing: auto
Using update groups, nr 16634, average size 4.0 atoms, max. radius 0.078 nm
Minimum cell size due to atom displacement: 0.182 nm
Using 0 separate PME ranks because: there are too few total ranks for efficient splitting
Optimizing the DD grid for 1 cells with a minimum initial size of 0.182 nm
The maximum allowed number of cells is: X 39 Y 39 Z 53
Domain decomposition grid 1 x 1 x 1, separate PME ranks 0
PME domain decomposition: 1 x 1 x 1

The initial number of communication pulses is:
The initial domain decomposition cell size is:

When dynamic load balancing gets turned on, these settings will change to:
The maximum number of communication pulses is:
The minimum size for domain decomposition cells is 1.412 nm
The requested allowed shrink of DD cells (option -dds) is: 0.80
The allowed shrink of domain decomposition cells is:

Local state does not use filler particles

Using 1 MPI thread
Using 12 OpenMP threads 

System total charge: 0.000
Will do PME sum in reciprocal space for electrostatic interactions.

++++ PLEASE READ AND CITE THE FOLLOWING REFERENCE ++++
U. Essmann, L. Perera, M. L. Berkowitz, T. Darden, H. Lee, L. G. Pedersen 
A smooth particle mesh Ewald method
J. Chem. Phys. (1995)
DOI: 10.1063/1.470117
-------- -------- --- Thank You --- -------- --------

Using a Gaussian width (1/beta) of 0.384195 nm for Ewald
Potential shift: LJ r^-12: -1.122e-01 r^-6: -3.349e-01, Ewald -8.333e-06
Initialized non-bonded Coulomb Ewald tables, spacing: 1.02e-03 size: 1176



Using SIMD4xM 4x8 nonbonded short-range kernels

Using a dual 4x8 pair-list setup updated with dynamic pruning:
  outer list: updated every 100 steps, buffer 0.056 nm, rlist 1.256 nm
  inner list: updated every  34 steps, buffer 0.001 nm, rlist 1.201 nm
At tolerance 0.005 kJ/mol/ps per atom, equivalent classical 1x1 list would be:
  outer list: updated every 100 steps, buffer 0.142 nm, rlist 1.342 nm
  inner list: updated every  34 steps, buffer 0.036 nm, rlist 1.236 nm

The average pressure is off by at most 0.14 bar due to missing LJ interactions

Using Geometric Lennard-Jones combination rule

Linking all bonded interactions to atoms


++++ PLEASE READ AND CITE THE FOLLOWING REFERENCE ++++
S. Miyamoto, P. A. Kollman
SETTLE: An Analytical Version of the SHAKE and RATTLE Algorithms for Rigid
Water Models
J. Comp. Chem. (1992)
DOI: 10.1002/jcc.540130805
-------- -------- --- Thank You --- -------- --------


++++ PLEASE READ AND CITE THE FOLLOWING REFERENCE ++++
G. Bussi, D. Donadio, M. Parrinello
Canonical sampling through velocity rescaling
J. Chem. Phys. (2007)
DOI: 10.1063/1.2408420
-------- -------- --- Thank You --- -------- --------

There are: 49902 Atoms
There are: 16634 VSites

Atom distribution over 1 domains: av 66536 stddev 0 min 66536 max 66536
Center of mass motion removal mode is Linear
We have the following groups for center of mass motion removal:
  0:  rest

Started mdrun on rank 0 Sun Sep  6 16:07:26 2026

           Step           Time
         400000      200.00000

   Energies (kJ/mol)
        LJ (SR)   Coulomb (SR)   Coul. recip.      Potential    Kinetic En.
    1.40438e+05   -9.30986e+05    2.10730e+03   -7.88440e+05    1.24183e+05
   Total Energy  Conserved En.    Temperature Pressure (bar)
   -6.64257e+05   -6.56764e+05    2.99311e+02   -7.18108e+00

           Step           Time
         400500      200.25000

   Energies (kJ/mol)
        LJ (SR)   Coulomb (SR)   Coul. recip.      Potential    Kinetic En.
    1.40306e+05   -9.31131e+05    2.15120e+03   -7.88674e+05    1.24269e+05
   Total Energy  Conserved En.    Temperature Pressure (bar)
   -6.64405e+05   -6.56753e+05    2.99517e+02   -2.16345e+01

           Step           Time
         401000      200.50000

   Energies (kJ/mol)
        LJ (SR)   Coulomb (SR)   Coul. recip.      Potential    Kinetic En.
    1.40871e+05   -9.30931e+05    2.07761e+03   -7.87983e+05    1.23989e+05
   Total Energy  Conserved En.    Temperature Pressure (bar)
   -6.63994e+05   -6.56740e+05    2.98845e+02    4.63473e+01

           Step           Time
         401500      200.75000

   Energies (kJ/mol)
        LJ (SR)   Coulomb (SR)   Coul. recip.      Potential    Kinetic En.
    1.42012e+05   -9.33070e+05    2.08854e+03   -7.88970e+05    1.25024e+05
   Total Energy  Conserved En.    Temperature Pressure (bar)
   -6.63946e+05   -6.56729e+05    3.01338e+02    1.78680e+02

           Step           Time
         402000      201.00000

   Energies (kJ/mol)
        LJ (SR)   Coulomb (SR)   Coul. recip.      Potential    Kinetic En.
    1.42230e+05   -9.33925e+05    2.09730e+03   -7.89598e+05    1.25423e+05
   Total Energy  Conserved En.    Temperature Pressure (bar)
   -6.64176e+05   -6.56718e+05    3.02299e+02    1.71825e+02

           Step           Time
         402500      201.25000

   Energies (kJ/mol)
        LJ (SR)   Coulomb (SR)   Coul. recip.      Potential    Kinetic En.
    1.40423e+05   -9.31106e+05    2.09780e+03   -7.88586e+05    1.24327e+05
   Total Energy  Conserved En.    Temperature Pressure (bar)
   -6.64258e+05   -6.56706e+05    2.99659e+02    3.80613e+00

           Step           Time
         403000      201.50000

   Energies (kJ/mol)
        LJ (SR)   Coulomb (SR)   Coul. recip.      Potential    Kinetic En.
    1.40077e+05   -9.30132e+05    2.17829e+03   -7.87877e+05    1.23807e+05
   Total Energy  Conserved En.    Temperature Pressure (bar)
   -6.64070e+05   -6.56694e+05    2.98405e+02   -5.50391e+00

           Step           Time
         403500      201.75000

   Energies (kJ/mol)
        LJ (SR)   Coulomb (SR)   Coul. recip.      Potential    Kinetic En.
    1.39104e+05   -9.29254e+05    2.03878e+03   -7.88112e+05    1.23742e+05
   Total Energy  Conserved En.    Temperature Pressure (bar)
   -6.64370e+05   -6.56684e+05    2.98248e+02   -1.07330e+02

           Step           Time
         404000      202.00000

   Energies (kJ/mol)
        LJ (SR)   Coulomb (SR)   Coul. recip.      Potential    Kinetic En.
    1.40675e+05   -9.31036e+05    2.14486e+03   -7.88216e+05    1.23773e+05
   Total Energy  Conserved En.    Temperature Pressure (bar)
   -6.64443e+05   -6.56671e+05    2.98322e+02    5.24645e+01

           Step           Time
         404500      202.25000

   Energies (kJ/mol)
        LJ (SR)   Coulomb (SR)   Coul. recip.      Potential    Kinetic En.
    1.40234e+05   -9.31398e+05    2.13110e+03   -7.89033e+05    1.24635e+05
   Total Energy  Conserved En.    Temperature Pressure (bar)
   -6.64398e+05   -6.56660e+05    3.00401e+02   -3.08651e+01

           Step           Time
         405000      202.50000

   Energies (kJ/mol)
        LJ (SR)   Coulomb (SR)   Coul. recip.      Potential    Kinetic En.
    1.41223e+05   -9.31844e+05    2.09371e+03   -7.88527e+05    1.24130e+05
   Total Energy  Conserved En.    Temperature Pressure (bar)
   -6.64397e+05   -6.56648e+05    2.99184e+02    6.49687e+01

           Step           Time
         405500      202.75000

   Energies (kJ/mol)
        LJ (SR)   Coulomb (SR)   Coul. recip.      Potential    Kinetic En.
    1.41663e+05   -9.32176e+05    2.11677e+03   -7.88396e+05    1.23833e+05
   Total Energy  Conserved En.    Temperature Pressure (bar)
   -6.64564e+05   -6.56637e+05    2.98467e+02    1.04905e+02

           Step           Time
         406000      203.00000

   Energies (kJ/mol)
        LJ (SR)   Coulomb (SR)   Coul. recip.      Potential    Kinetic En.
    1.40993e+05   -9.31982e+05    2.14917e+03   -7.88840e+05    1.24121e+05
   Total Energy  Conserved En.    Temperature Pressure (bar)
   -6.64719e+05   -6.56625e+05    2.99162e+02    3.12573e+01

           Step           Time
         406500      203.25000

   Energies (kJ/mol)
        LJ (SR)   Coulomb (SR)   Coul. recip.      Potential    Kinetic En.
    1.40958e+05   -9.32267e+05    2.09988e+03   -7.89209e+05    1.24588e+05
   Total Energy  Conserved En.    Temperature Pressure (bar)
   -6.64622e+05   -6.56615e+05    3.00287e+02    1.82713e+01

           Step           Time
         407000      203.50000

   Energies (kJ/mol)
        LJ (SR)   Coulomb (SR)   Coul. recip.      Potential    Kinetic En.
    1.39922e+05   -9.31162e+05    2.16486e+03   -7.89075e+05    1.24208e+05
   Total Energy  Conserved En.    Temperature Pressure (bar)
   -6.64868e+05   -6.56603e+05    2.99371e+02   -6.98391e+01

           Step           Time
         407500      203.75000

   Energies (kJ/mol)
        LJ (SR)   Coulomb (SR)   Coul. recip.      Potential    Kinetic En.
    1.42176e+05   -9.33400e+05    2.11122e+03   -7.89113e+05    1.23920e+05
   Total Energy  Conserved En.    Temperature Pressure (bar)
   -6.65193e+05   -6.56591e+05    2.98677e+02    1.71334e+02

           Step           Time
         408000      204.00000

   Energies (kJ/mol)
        LJ (SR)   Coulomb (SR)   Coul. recip.      Potential    Kinetic En.
    1.41259e+05   -9.32664e+05    2.11064e+03   -7.89294e+05    1.24633e+05
   Total Energy  Conserved En.    Temperature Pressure (bar)
   -6.64661e+05   -6.56580e+05    3.00397e+02    5.17590e+01

           Step           Time
         408500      204.25000

   Energies (kJ/mol)
        LJ (SR)   Coulomb (SR)   Coul. recip.      Potential    Kinetic En.
    1.41507e+05   -9.32901e+05    2.09790e+03   -7.89296e+05    1.25197e+05
   Total Energy  Conserved En.    Temperature Pressure (bar)
   -6.64098e+05   -6.56569e+05    3.01756e+02    1.07351e+02

           Step           Time
         409000      204.50000

   Energies (kJ/mol)
        LJ (SR)   Coulomb (SR)   Coul. recip.      Potential    Kinetic En.
    1.40340e+05   -9.30300e+05    2.12932e+03   -7.87831e+05    1.24148e+05
   Total Energy  Conserved En.    Temperature Pressure (bar)
   -6.63683e+05   -6.56557e+05    2.99226e+02    6.94759e+00

           Step           Time
         409500      204.75000

   Energies (kJ/mol)
        LJ (SR)   Coulomb (SR)   Coul. recip.      Potential    Kinetic En.
    1.40185e+05   -9.30799e+05    2.10093e+03   -7.88513e+05    1.24615e+05
   Total Energy  Conserved En.    Temperature Pressure (bar)
   -6.63898e+05   -6.56546e+05    3.00353e+02   -2.23015e+01

           Step           Time
         410000      205.00000

   Energies (kJ/mol)
        LJ (SR)   Coulomb (SR)   Coul. recip.      Potential    Kinetic En.
    1.41660e+05   -9.32007e+05    2.14168e+03   -7.88205e+05    1.24385e+05
   Total Energy  Conserved En.    Temperature Pressure (bar)
   -6.63820e+05   -6.56535e+05    2.99798e+02    1.34415e+02

           Step           Time
         410500      205.25000

   Energies (kJ/mol)
        LJ (SR)   Coulomb (SR)   Coul. recip.      Potential    Kinetic En.
    1.40420e+05   -9.30548e+05    2.07775e+03   -7.88051e+05    1.24502e+05
   Total Energy  Conserved En.    Temperature Pressure (bar)
   -6.63549e+05   -6.56524e+05    3.00079e+02    2.51862e+01

           Step           Time
         411000      205.50000

   Energies (kJ/mol)
        LJ (SR)   Coulomb (SR)   Coul. recip.      Potential    Kinetic En.
    1.40356e+05   -9.30622e+05    2.12648e+03   -7.88140e+05    1.24609e+05
   Total Energy  Conserved En.    Temperature Pressure (bar)
   -6.63531e+05   -6.56513e+05    3.00338e+02    2.92720e+01

           Step           Time
         411500      205.75000

   Energies (kJ/mol)
        LJ (SR)   Coulomb (SR)   Coul. recip.      Potential    Kinetic En.
    1.39728e+05   -9.29637e+05    2.22006e+03   -7.87690e+05    1.24439e+05
   Total Energy  Conserved En.    Temperature Pressure (bar)
   -6.63250e+05   -6.56501e+05    2.99929e+02   -1.99442e+01

           Step           Time
         412000      206.00000

   Energies (kJ/mol)
        LJ (SR)   Coulomb (SR)   Coul. recip.      Potential    Kinetic En.
    1.38644e+05   -9.28653e+05    2.01299e+03   -7.87996e+05    1.24626e+05
   Total Energy  Conserved En.    Temperature Pressure (bar)
   -6.63370e+05   -6.56492e+05    3.00380e+02   -1.66985e+02

           Step           Time
         412500      206.25000

   Energies (kJ/mol)
        LJ (SR)   Coulomb (SR)   Coul. recip.      Potential    Kinetic En.
    1.40047e+05   -9.29649e+05    2.01354e+03   -7.87589e+05    1.24066e+05
   Total Energy  Conserved En.    Temperature Pressure (bar)
   -6.63522e+05   -6.56480e+05    2.99030e+02   -2.86278e+01

           Step           Time
         413000      206.50000

   Energies (kJ/mol)
        LJ (SR)   Coulomb (SR)   Coul. recip.      Potential    Kinetic En.
    1.42437e+05   -9.33153e+05    2.16451e+03   -7.88552e+05    1.24943e+05
   Total Energy  Conserved En.    Temperature Pressure (bar)
   -6.63609e+05   -6.56469e+05    3.01142e+02    2.18761e+02

           Step           Time
         413500      206.75000

   Energies (kJ/mol)
        LJ (SR)   Coulomb (SR)   Coul. recip.      Potential    Kinetic En.
    1.41543e+05   -9.32079e+05    2.14180e+03   -7.88394e+05    1.24571e+05
   Total Energy  Conserved En.    Temperature Pressure (bar)
   -6.63823e+05   -6.56458e+05    3.00247e+02    1.33611e+02

           Step           Time
         414000      207.00000

   Energies (kJ/mol)
        LJ (SR)   Coulomb (SR)   Coul. recip.      Potential    Kinetic En.
    1.40372e+05   -9.30577e+05    2.14758e+03   -7.88058e+05    1.24562e+05
   Total Energy  Conserved En.    Temperature Pressure (bar)
   -6.63496e+05   -6.56446e+05    3.00225e+02    4.52242e+01

           Step           Time
         414500      207.25000

   Energies (kJ/mol)
        LJ (SR)   Coulomb (SR)   Coul. recip.      Potential    Kinetic En.
    1.40236e+05   -9.30767e+05    2.11802e+03   -7.88413e+05    1.24863e+05
   Total Energy  Conserved En.    Temperature Pressure (bar)
   -6.63549e+05   -6.56436e+05    3.00951e+02    1.46575e+00

           Step           Time
         415000      207.50000

   Energies (kJ/mol)
        LJ (SR)   Coulomb (SR)   Coul. recip.      Potential    Kinetic En.
    1.42700e+05   -9.33395e+05    2.18190e+03   -7.88514e+05    1.24761e+05
   Total Energy  Conserved En.    Temperature Pressure (bar)
   -6.63753e+05   -6.56423e+05    3.00704e+02    2.24354e+02

           Step           Time
         415500      207.75000

   Energies (kJ/mol)
        LJ (SR)   Coulomb (SR)   Coul. recip.      Potential    Kinetic En.
    1.40105e+05   -9.31071e+05    2.14050e+03   -7.88826e+05    1.25173e+05
   Total Energy  Conserved En.    Temperature Pressure (bar)
   -6.63653e+05   -6.56412e+05    3.01697e+02   -5.41127e+01

           Step           Time
         416000      208.00000

   Energies (kJ/mol)
        LJ (SR)   Coulomb (SR)   Coul. recip.      Potential    Kinetic En.
    1.39289e+05   -9.28928e+05    2.16583e+03   -7.87474e+05    1.24182e+05
   Total Energy  Conserved En.    Temperature Pressure (bar)
   -6.63292e+05   -6.56400e+05    2.99308e+02   -5.56711e+01

           Step           Time
         416500      208.25000

   Energies (kJ/mol)
        LJ (SR)   Coulomb (SR)   Coul. recip.      Potential    Kinetic En.
    1.40014e+05   -9.30008e+05    2.16299e+03   -7.87832e+05    1.24834e+05
   Total Energy  Conserved En.    Temperature Pressure (bar)
   -6.62998e+05   -6.56389e+05    3.00880e+02    1.47391e+01

           Step           Time
         417000      208.50000

   Energies (kJ/mol)
        LJ (SR)   Coulomb (SR)   Coul. recip.      Potential    Kinetic En.
    1.39375e+05   -9.29599e+05    2.14643e+03   -7.88078e+05    1.24916e+05
   Total Energy  Conserved En.    Temperature Pressure (bar)
   -6.63162e+05   -6.56378e+05    3.01077e+02   -1.01779e+02

           Step           Time
         417500      208.75000

   Energies (kJ/mol)
        LJ (SR)   Coulomb (SR)   Coul. recip.      Potential    Kinetic En.
    1.39176e+05   -9.29179e+05    2.05845e+03   -7.87945e+05    1.25161e+05
   Total Energy  Conserved En.    Temperature Pressure (bar)
   -6.62784e+05   -6.56367e+05    3.01668e+02   -6.66645e+01

           Step           Time
         418000      209.00000

   Energies (kJ/mol)
        LJ (SR)   Coulomb (SR)   Coul. recip.      Potential    Kinetic En.
    1.39674e+05   -9.29770e+05    2.10580e+03   -7.87990e+05    1.24756e+05
   Total Energy  Conserved En.    Temperature Pressure (bar)
   -6.63234e+05   -6.56355e+05    3.00691e+02   -6.48214e+01

           Step           Time
         418500      209.25000

   Energies (kJ/mol)
        LJ (SR)   Coulomb (SR)   Coul. recip.      Potential    Kinetic En.
    1.40001e+05   -9.30279e+05    2.20109e+03   -7.88077e+05    1.25249e+05
   Total Energy  Conserved En.    Temperature Pressure (bar)
   -6.62828e+05   -6.56345e+05    3.01882e+02   -4.42579e+01

           Step           Time
         419000      209.50000

   Energies (kJ/mol)
        LJ (SR)   Coulomb (SR)   Coul. recip.      Potential    Kinetic En.
    1.40678e+05   -9.31236e+05    2.12837e+03   -7.88430e+05    1.25550e+05
   Total Energy  Conserved En.    Temperature Pressure (bar)
   -6.62879e+05   -6.56333e+05    3.02607e+02    4.89113e+01

           Step           Time
         419500      209.75000

   Energies (kJ/mol)
        LJ (SR)   Coulomb (SR)   Coul. recip.      Potential    Kinetic En.
    1.39674e+05   -9.28898e+05    2.11417e+03   -7.87110e+05    1.23879e+05
   Total Energy  Conserved En.    Temperature Pressure (bar)
   -6.63232e+05   -6.56322e+05    2.98578e+02   -4.43532e+01

           Step           Time
         420000      210.00000

   Energies (kJ/mol)
        LJ (SR)   Coulomb (SR)   Coul. recip.      Potential    Kinetic En.
    1.41505e+05   -9.31564e+05    2.18551e+03   -7.87873e+05    1.25108e+05
   Total Energy  Conserved En.    Temperature Pressure (bar)
   -6.62764e+05   -6.56311e+05    3.01542e+02    1.53724e+02

           Step           Time
         420500      210.25000

   Energies (kJ/mol)
        LJ (SR)   Coulomb (SR)   Coul. recip.      Potential    Kinetic En.
    1.40945e+05   -9.31501e+05    2.15689e+03   -7.88399e+05    1.25479e+05
   Total Energy  Conserved En.    Temperature Pressure (bar)
   -6.62920e+05   -6.56299e+05    3.02435e+02    6.99809e+01

           Step           Time
         421000      210.50000

   Energies (kJ/mol)
        LJ (SR)   Coulomb (SR)   Coul. recip.      Potential    Kinetic En.
    1.40438e+05   -9.31512e+05    2.12159e+03   -7.88952e+05    1.25470e+05
   Total Energy  Conserved En.    Temperature Pressure (bar)
   -6.63482e+05   -6.56288e+05    3.02414e+02   -1.15972e+01

           Step           Time
         421500      210.75000

   Energies (kJ/mol)
        LJ (SR)   Coulomb (SR)   Coul. recip.      Potential    Kinetic En.
    1.40149e+05   -9.30318e+05    2.19276e+03   -7.87976e+05    1.24322e+05
   Total Energy  Conserved En.    Temperature Pressure (bar)
   -6.63655e+05   -6.56276e+05    2.99646e+02    5.88104e+00

           Step           Time
         422000      211.00000

   Energies (kJ/mol)
        LJ (SR)   Coulomb (SR)   Coul. recip.      Potential    Kinetic En.
    1.39763e+05   -9.29741e+05    2.06209e+03   -7.87916e+05    1.24177e+05
   Total Energy  Conserved En.    Temperature Pressure (bar)
   -6.63740e+05   -6.56265e+05    2.99297e+02   -1.28595e+01

           Step           Time
         422500      211.25000

   Energies (kJ/mol)
        LJ (SR)   Coulomb (SR)   Coul. recip.      Potential    Kinetic En.
    1.40313e+05   -9.30372e+05    2.12888e+03   -7.87930e+05    1.24550e+05
   Total Energy  Conserved En.    Temperature Pressure (bar)
   -6.63381e+05   -6.56255e+05    3.00195e+02    4.92381e+01

           Step           Time
         423000      211.50000

   Energies (kJ/mol)
        LJ (SR)   Coulomb (SR)   Coul. recip.      Potential    Kinetic En.
    1.41618e+05   -9.31246e+05    2.15417e+03   -7.87474e+05    1.24524e+05
   Total Energy  Conserved En.    Temperature Pressure (bar)
   -6.62950e+05   -6.56240e+05    3.00133e+02    1.91239e+02

           Step           Time
         423500      211.75000

   Energies (kJ/mol)
        LJ (SR)   Coulomb (SR)   Coul. recip.      Potential    Kinetic En.
    1.39731e+05   -9.29689e+05    2.11061e+03   -7.87847e+05    1.25046e+05
   Total Energy  Conserved En.    Temperature Pressure (bar)
   -6.62801e+05   -6.56231e+05    3.01391e+02   -1.08595e+01

           Step           Time
         424000      212.00000

   Energies (kJ/mol)
        LJ (SR)   Coulomb (SR)   Coul. recip.      Potential    Kinetic En.
    1.39836e+05   -9.29764e+05    2.06242e+03   -7.87865e+05    1.24700e+05
   Total Energy  Conserved En.    Temperature Pressure (bar)
   -6.63165e+05   -6.56218e+05    3.00558e+02    4.18447e+00

           Step           Time
         424500      212.25000

   Energies (kJ/mol)
        LJ (SR)   Coulomb (SR)   Coul. recip.      Potential    Kinetic En.
    1.41157e+05   -9.30747e+05    2.14429e+03   -7.87445e+05    1.24575e+05
   Total Energy  Conserved En.    Temperature Pressure (bar)
   -6.62870e+05   -6.56207e+05    3.00257e+02    1.61941e+02

           Step           Time
         425000      212.50000

   Energies (kJ/mol)
        LJ (SR)   Coulomb (SR)   Coul. recip.      Potential    Kinetic En.
    1.41288e+05   -9.30217e+05    2.21912e+03   -7.86710e+05    1.24126e+05
   Total Energy  Conserved En.    Temperature Pressure (bar)
   -6.62584e+05   -6.56195e+05    2.99174e+02    2.12441e+02

           Step           Time
         425500      212.75000

   Energies (kJ/mol)
        LJ (SR)   Coulomb (SR)   Coul. recip.      Potential    Kinetic En.
    1.39830e+05   -9.29401e+05    2.15053e+03   -7.87421e+05    1.24783e+05
   Total Energy  Conserved En.    Temperature Pressure (bar)
   -6.62638e+05   -6.56184e+05    3.00758e+02   -1.77572e+00

           Step           Time
         426000      213.00000

   Energies (kJ/mol)
        LJ (SR)   Coulomb (SR)   Coul. recip.      Potential    Kinetic En.
    1.39642e+05   -9.30297e+05    2.13424e+03   -7.88521e+05    1.25196e+05
   Total Energy  Conserved En.    Temperature Pressure (bar)
   -6.63325e+05   -6.56173e+05    3.01752e+02   -6.20448e+01

           Step           Time
         426500      213.25000

   Energies (kJ/mol)
        LJ (SR)   Coulomb (SR)   Coul. recip.      Potential    Kinetic En.
    1.39810e+05   -9.30030e+05    2.10444e+03   -7.88115e+05    1.24962e+05
   Total Energy  Conserved En.    Temperature Pressure (bar)
   -6.63154e+05   -6.56161e+05    3.01188e+02   -1.76794e+01

           Step           Time
         427000      213.50000

   Energies (kJ/mol)
        LJ (SR)   Coulomb (SR)   Coul. recip.      Potential    Kinetic En.
    1.39580e+05   -9.29335e+05    2.16728e+03   -7.87587e+05    1.24469e+05
   Total Energy  Conserved En.    Temperature Pressure (bar)
   -6.63119e+05   -6.56151e+05    3.00000e+02   -3.60597e+01

           Step           Time
         427500      213.75000

   Energies (kJ/mol)
        LJ (SR)   Coulomb (SR)   Coul. recip.      Potential    Kinetic En.
    1.41063e+05   -9.30521e+05    2.04851e+03   -7.87409e+05    1.24770e+05
   Total Energy  Conserved En.    Temperature Pressure (bar)
   -6.62638e+05   -6.56138e+05    3.00727e+02    1.49177e+02

           Step           Time
         428000      214.00000

   Energies (kJ/mol)
        LJ (SR)   Coulomb (SR)   Coul. recip.      Potential    Kinetic En.
    1.39317e+05   -9.28836e+05    2.11492e+03   -7.87404e+05    1.24506e+05
   Total Energy  Conserved En.    Temperature Pressure (bar)
   -6.62898e+05   -6.56128e+05    3.00089e+02   -6.29145e+01

           Step           Time
         428500      214.25000

   Energies (kJ/mol)
        LJ (SR)   Coulomb (SR)   Coul. recip.      Potential    Kinetic En.
    1.38219e+05   -9.27739e+05    2.09524e+03   -7.87424e+05    1.24823e+05
   Total Energy  Conserved En.    Temperature Pressure (bar)
   -6.62601e+05   -6.56116e+05    3.00854e+02   -1.49672e+02

           Step           Time
         429000      214.50000

   Energies (kJ/mol)
        LJ (SR)   Coulomb (SR)   Coul. recip.      Potential    Kinetic En.
    1.41143e+05   -9.30890e+05    2.12750e+03   -7.87619e+05    1.25492e+05
   Total Energy  Conserved En.    Temperature Pressure (bar)
   -6.62127e+05   -6.56104e+05    3.02466e+02    1.43554e+02

           Step           Time
         429500      214.75000

   Energies (kJ/mol)
        LJ (SR)   Coulomb (SR)   Coul. recip.      Potential    Kinetic En.
    1.41980e+05   -9.31916e+05    2.12902e+03   -7.87807e+05    1.25802e+05
   Total Energy  Conserved En.    Temperature Pressure (bar)
   -6.62006e+05   -6.56091e+05    3.03212e+02    2.01043e+02

           Step           Time
         430000      215.00000

   Energies (kJ/mol)
        LJ (SR)   Coulomb (SR)   Coul. recip.      Potential    Kinetic En.
    1.39681e+05   -9.29228e+05    2.06304e+03   -7.87484e+05    1.25374e+05
   Total Energy  Conserved En.    Temperature Pressure (bar)
   -6.62110e+05   -6.56080e+05    3.02182e+02   -6.44073e-02

           Step           Time
         430500      215.25000

   Energies (kJ/mol)
        LJ (SR)   Coulomb (SR)   Coul. recip.      Potential    Kinetic En.
    1.40942e+05   -9.30889e+05    2.10392e+03   -7.87844e+05    1.25786e+05
   Total Energy  Conserved En.    Temperature Pressure (bar)
   -6.62058e+05   -6.56070e+05    3.03174e+02    7.99372e+01

           Step           Time
         431000      215.50000

   Energies (kJ/mol)
        LJ (SR)   Coulomb (SR)   Coul. recip.      Potential    Kinetic En.
    1.39876e+05   -9.29291e+05    2.08910e+03   -7.87325e+05    1.24810e+05
   Total Energy  Conserved En.    Temperature Pressure (bar)
   -6.62515e+05   -6.56057e+05    3.00822e+02   -5.60944e+00

           Step           Time
         431500      215.75000

   Energies (kJ/mol)
        LJ (SR)   Coulomb (SR)   Coul. recip.      Potential    Kinetic En.
    1.40535e+05   -9.30057e+05    2.18534e+03   -7.87336e+05    1.25070e+05
   Total Energy  Conserved En.    Temperature Pressure (bar)
   -6.62266e+05   -6.56048e+05    3.01450e+02    5.72244e+01

           Step           Time
         432000      216.00000

   Energies (kJ/mol)
        LJ (SR)   Coulomb (SR)   Coul. recip.      Potential    Kinetic En.
    1.40189e+05   -9.29897e+05    2.11340e+03   -7.87595e+05    1.25354e+05
   Total Energy  Conserved En.    Temperature Pressure (bar)
   -6.62241e+05   -6.56036e+05    3.02133e+02    2.86142e+01

           Step           Time
         432500      216.25000

   Energies (kJ/mol)
        LJ (SR)   Coulomb (SR)   Coul. recip.      Potential    Kinetic En.
    1.39292e+05   -9.27866e+05    2.10739e+03   -7.86466e+05    1.23890e+05
   Total Energy  Conserved En.    Temperature Pressure (bar)
   -6.62575e+05   -6.56023e+05    2.98606e+02   -1.81531e+01

           Step           Time
         433000      216.50000

   Energies (kJ/mol)
        LJ (SR)   Coulomb (SR)   Coul. recip.      Potential    Kinetic En.
    1.40534e+05   -9.29839e+05    2.17273e+03   -7.87132e+05    1.25136e+05
   Total Energy  Conserved En.    Temperature Pressure (bar)
   -6.61996e+05   -6.56013e+05    3.01609e+02    8.22463e+01

           Step           Time
         433500      216.75000

   Energies (kJ/mol)
        LJ (SR)   Coulomb (SR)   Coul. recip.      Potential    Kinetic En.
    1.39833e+05   -9.28840e+05    2.17877e+03   -7.86828e+05    1.24732e+05
   Total Energy  Conserved En.    Temperature Pressure (bar)
   -6.62096e+05   -6.56001e+05    3.00634e+02    3.51641e+01

           Step           Time
         434000      217.00000

   Energies (kJ/mol)
        LJ (SR)   Coulomb (SR)   Coul. recip.      Potential    Kinetic En.
    1.39943e+05   -9.29974e+05    2.10146e+03   -7.87930e+05    1.26338e+05
   Total Energy  Conserved En.    Temperature Pressure (bar)
   -6.61592e+05   -6.55992e+05    3.04505e+02   -1.27640e+01

           Step           Time
         434500      217.25000

   Energies (kJ/mol)
        LJ (SR)   Coulomb (SR)   Coul. recip.      Potential    Kinetic En.
    1.41695e+05   -9.31148e+05    2.18545e+03   -7.87268e+05    1.25340e+05
   Total Energy  Conserved En.    Temperature Pressure (bar)
   -6.61927e+05   -6.55979e+05    3.02101e+02    2.10517e+02

           Step           Time
         435000      217.50000

   Energies (kJ/mol)
        LJ (SR)   Coulomb (SR)   Coul. recip.      Potential    Kinetic En.
    1.37326e+05   -9.27018e+05    2.14439e+03   -7.87547e+05    1.25298e+05
   Total Energy  Conserved En.    Temperature Pressure (bar)
   -6.62249e+05   -6.55968e+05    3.01998e+02   -2.41610e+02

           Step           Time
         435500      217.75000

   Energies (kJ/mol)
        LJ (SR)   Coulomb (SR)   Coul. recip.      Potential    Kinetic En.
    1.40257e+05   -9.30066e+05    2.17854e+03   -7.87631e+05    1.25857e+05
   Total Energy  Conserved En.    Temperature Pressure (bar)
   -6.61773e+05   -6.55957e+05    3.03347e+02    3.45035e+01

           Step           Time
         436000      218.00000

   Energies (kJ/mol)
        LJ (SR)   Coulomb (SR)   Coul. recip.      Potential    Kinetic En.
    1.41980e+05   -9.31386e+05    2.14690e+03   -7.87259e+05    1.25565e+05
   Total Energy  Conserved En.    Temperature Pressure (bar)
   -6.61695e+05   -6.55946e+05    3.02641e+02    1.88976e+02

           Step           Time
         436500      218.25000

   Energies (kJ/mol)
        LJ (SR)   Coulomb (SR)   Coul. recip.      Potential    Kinetic En.
    1.39125e+05   -9.27997e+05    2.16816e+03   -7.86704e+05    1.24958e+05
   Total Energy  Conserved En.    Temperature Pressure (bar)
   -6.61746e+05   -6.55933e+05    3.01180e+02   -4.35738e+01

           Step           Time
         437000      218.50000

   Energies (kJ/mol)
        LJ (SR)   Coulomb (SR)   Coul. recip.      Potential    Kinetic En.
    1.39796e+05   -9.29558e+05    2.17378e+03   -7.87588e+05    1.25170e+05
   Total Energy  Conserved En.    Temperature Pressure (bar)
   -6.62418e+05   -6.55921e+05    3.01690e+02   -1.39442e+01

           Step           Time
         437500      218.75000

   Energies (kJ/mol)
        LJ (SR)   Coulomb (SR)   Coul. recip.      Potential    Kinetic En.
    1.40453e+05   -9.30278e+05    2.07321e+03   -7.87751e+05    1.24897e+05
   Total Energy  Conserved En.    Temperature Pressure (bar)
   -6.62854e+05   -6.55910e+05    3.01033e+02    6.37742e+01

           Step           Time
         438000      219.00000

   Energies (kJ/mol)
        LJ (SR)   Coulomb (SR)   Coul. recip.      Potential    Kinetic En.
    1.40462e+05   -9.29928e+05    2.09710e+03   -7.87369e+05    1.25015e+05
   Total Energy  Conserved En.    Temperature Pressure (bar)
   -6.62354e+05   -6.55900e+05    3.01316e+02    3.97037e+01

           Step           Time
         438500      219.25000

   Energies (kJ/mol)
        LJ (SR)   Coulomb (SR)   Coul. recip.      Potential    Kinetic En.
    1.39961e+05   -9.29999e+05    2.13200e+03   -7.87906e+05    1.25065e+05
   Total Energy  Conserved En.    Temperature Pressure (bar)
   -6.62841e+05   -6.55888e+05    3.01438e+02   -3.63731e+00

           Step           Time
         439000      219.50000

   Energies (kJ/mol)
        LJ (SR)   Coulomb (SR)   Coul. recip.      Potential    Kinetic En.
    1.38281e+05   -9.27824e+05    2.15804e+03   -7.87385e+05    1.24299e+05
   Total Energy  Conserved En.    Temperature Pressure (bar)
   -6.63085e+05   -6.55877e+05    2.99591e+02   -1.78047e+02

           Step           Time
         439500      219.75000

   Energies (kJ/mol)
        LJ (SR)   Coulomb (SR)   Coul. recip.      Potential    Kinetic En.
    1.42474e+05   -9.32004e+05    2.12606e+03   -7.87404e+05    1.25086e+05
   Total Energy  Conserved En.    Temperature Pressure (bar)
   -6.62318e+05   -6.55865e+05    3.01487e+02    2.65131e+02

           Step           Time
         440000      220.00000

   Energies (kJ/mol)
        LJ (SR)   Coulomb (SR)   Coul. recip.      Potential    Kinetic En.
    1.40888e+05   -9.30644e+05    2.20736e+03   -7.87549e+05    1.25054e+05
   Total Energy  Conserved En.    Temperature Pressure (bar)
   -6.62494e+05   -6.55853e+05    3.01412e+02    1.03302e+02

           Step           Time
         440500      220.25000

   Energies (kJ/mol)
        LJ (SR)   Coulomb (SR)   Coul. recip.      Potential    Kinetic En.
    1.41614e+05   -9.31782e+05    2.17448e+03   -7.87994e+05    1.25093e+05
   Total Energy  Conserved En.    Temperature Pressure (bar)
   -6.62901e+05   -6.55842e+05    3.01504e+02    1.65247e+02

           Step           Time
         441000      220.50000

   Energies (kJ/mol)
        LJ (SR)   Coulomb (SR)   Coul. recip.      Potential    Kinetic En.
    1.42579e+05   -9.33541e+05    2.12421e+03   -7.88838e+05    1.26317e+05
   Total Energy  Conserved En.    Temperature Pressure (bar)
   -6.62521e+05   -6.55831e+05    3.04454e+02    2.70845e+02

           Step           Time
         441500      220.75000

   Energies (kJ/mol)
        LJ (SR)   Coulomb (SR)   Coul. recip.      Potential    Kinetic En.
    1.40862e+05   -9.31189e+05    2.05921e+03   -7.88268e+05    1.25740e+05
   Total Energy  Conserved En.    Temperature Pressure (bar)
   -6.62528e+05   -6.55820e+05    3.03064e+02    6.11703e+01

           Step           Time
         442000      221.00000

   Energies (kJ/mol)
        LJ (SR)   Coulomb (SR)   Coul. recip.      Potential    Kinetic En.
    1.41170e+05   -9.30538e+05    2.14828e+03   -7.87220e+05    1.24232e+05
   Total Energy  Conserved En.    Temperature Pressure (bar)
   -6.62988e+05   -6.55807e+05    2.99429e+02    1.02325e+02

           Step           Time
         442500      221.25000

   Energies (kJ/mol)
        LJ (SR)   Coulomb (SR)   Coul. recip.      Potential    Kinetic En.
    1.40428e+05   -9.30304e+05    2.14120e+03   -7.87734e+05    1.24408e+05
   Total Energy  Conserved En.    Temperature Pressure (bar)
   -6.63326e+05   -6.55794e+05    2.99854e+02    2.33101e+01

           Step           Time
         443000      221.50000

   Energies (kJ/mol)
        LJ (SR)   Coulomb (SR)   Coul. recip.      Potential    Kinetic En.
    1.41900e+05   -9.32269e+05    2.11490e+03   -7.88254e+05    1.25154e+05
   Total Energy  Conserved En.    Temperature Pressure (bar)
   -6.63101e+05   -6.55784e+05    3.01651e+02    1.78186e+02

           Step           Time
         443500      221.75000

   Energies (kJ/mol)
        LJ (SR)   Coulomb (SR)   Coul. recip.      Potential    Kinetic En.
    1.40868e+05   -9.31565e+05    2.12148e+03   -7.88575e+05    1.25239e+05
   Total Energy  Conserved En.    Temperature Pressure (bar)
   -6.63336e+05   -6.55773e+05    3.01857e+02    4.05222e+01

           Step           Time
         444000      222.00000

   Energies (kJ/mol)
        LJ (SR)   Coulomb (SR)   Coul. recip.      Potential    Kinetic En.
    1.40635e+05   -9.30972e+05    2.19554e+03   -7.88141e+05    1.24870e+05
   Total Energy  Conserved En.    Temperature Pressure (bar)
   -6.63271e+05   -6.55761e+05    3.00968e+02    4.68167e+01

           Step           Time
         444500      222.25000

   Energies (kJ/mol)
        LJ (SR)   Coulomb (SR)   Coul. recip.      Potential    Kinetic En.
    1.41586e+05   -9.32700e+05    2.15868e+03   -7.88956e+05    1.25109e+05
   Total Energy  Conserved En.    Temperature Pressure (bar)
   -6.63847e+05   -6.55750e+05    3.01544e+02    8.98419e+01

           Step           Time
         445000      222.50000

   Energies (kJ/mol)
        LJ (SR)   Coulomb (SR)   Coul. recip.      Potential    Kinetic En.
    1.41070e+05   -9.31997e+05    2.25125e+03   -7.88676e+05    1.24325e+05
   Total Energy  Conserved En.    Temperature Pressure (bar)
   -6.64351e+05   -6.55738e+05    2.99655e+02    7.06156e+01

           Step           Time
         445500      222.75000

   Energies (kJ/mol)
        LJ (SR)   Coulomb (SR)   Coul. recip.      Potential    Kinetic En.
    1.41308e+05   -9.31282e+05    2.14686e+03   -7.87827e+05    1.24060e+05
   Total Energy  Conserved En.    Temperature Pressure (bar)
   -6.63767e+05   -6.55726e+05    2.99016e+02    1.27218e+02

           Step           Time
         446000      223.00000

   Energies (kJ/mol)
        LJ (SR)   Coulomb (SR)   Coul. recip.      Potential    Kinetic En.
    1.42317e+05   -9.32336e+05    2.12621e+03   -7.87893e+05    1.24157e+05
   Total Energy  Conserved En.    Temperature Pressure (bar)
   -6.63736e+05   -6.55715e+05    2.99248e+02    2.28509e+02

           Step           Time
         446500      223.25000

   Energies (kJ/mol)
        LJ (SR)   Coulomb (SR)   Coul. recip.      Potential    Kinetic En.
    1.40560e+05   -9.31954e+05    2.13422e+03   -7.89260e+05    1.25647e+05
   Total Energy  Conserved En.    Temperature Pressure (bar)
   -6.63613e+05   -6.55705e+05    3.02840e+02    1.07864e+01

           Step           Time
         447000      223.50000

   Energies (kJ/mol)
        LJ (SR)   Coulomb (SR)   Coul. recip.      Potential    Kinetic En.
    1.42314e+05   -9.32904e+05    2.08267e+03   -7.88507e+05    1.24951e+05
   Total Energy  Conserved En.    Temperature Pressure (bar)
   -6.63556e+05   -6.55693e+05    3.01163e+02    2.21163e+02

           Step           Time
         447500      223.75000

   Energies (kJ/mol)
        LJ (SR)   Coulomb (SR)   Coul. recip.      Potential    Kinetic En.
    1.40579e+05   -9.31892e+05    2.10441e+03   -7.89209e+05    1.25355e+05
   Total Energy  Conserved En.    Temperature Pressure (bar)
   -6.63854e+05   -6.55683e+05    3.02136e+02    1.75347e+01

           Step           Time
         448000      224.00000

   Energies (kJ/mol)
        LJ (SR)   Coulomb (SR)   Coul. recip.      Potential    Kinetic En.
    1.40573e+05   -9.31834e+05    2.16948e+03   -7.89091e+05    1.24541e+05
   Total Energy  Conserved En.    Temperature Pressure (bar)
   -6.64550e+05   -6.55672e+05    3.00173e+02   -7.70625e+00

           Step           Time
         448500      224.25000

   Energies (kJ/mol)
        LJ (SR)   Coulomb (SR)   Coul. recip.      Potential    Kinetic En.
    1.39677e+05   -9.31208e+05    2.11017e+03   -7.89421e+05    1.24756e+05
   Total Energy  Conserved En.    Temperature Pressure (bar)
   -6.64665e+05   -6.55660e+05    3.00691e+02   -1.05324e+02

           Step           Time
         449000      224.50000

   Energies (kJ/mol)
        LJ (SR)   Coulomb (SR)   Coul. recip.      Potential    Kinetic En.
    1.41718e+05   -9.33782e+05    2.13516e+03   -7.89929e+05    1.24611e+05
   Total Energy  Conserved En.    Temperature Pressure (bar)
   -6.65317e+05   -6.55649e+05    3.00343e+02    5.42292e+01

Writing checkpoint, step 449200 at Sun Sep  6 16:22:28 2026


           Step           Time
         449500      224.75000

   Energies (kJ/mol)
        LJ (SR)   Coulomb (SR)   Coul. recip.      Potential    Kinetic En.
    1.41333e+05   -9.33388e+05    2.17529e+03   -7.89879e+05    1.24489e+05
   Total Energy  Conserved En.    Temperature Pressure (bar)
   -6.65390e+05   -6.55639e+05    3.00048e+02    5.85378e+01

           Step           Time
         450000      225.00000

   Energies (kJ/mol)
        LJ (SR)   Coulomb (SR)   Coul. recip.      Potential    Kinetic En.
    1.41687e+05   -9.33612e+05    2.13912e+03   -7.89786e+05    1.23815e+05
   Total Energy  Conserved En.    Temperature Pressure (bar)
   -6.65971e+05   -6.55626e+05    2.98424e+02    6.33413e+01

           Step           Time
         450500      225.25000

   Energies (kJ/mol)
        LJ (SR)   Coulomb (SR)   Coul. recip.      Potential    Kinetic En.
    1.40078e+05   -9.31295e+05    2.15198e+03   -7.89065e+05    1.23391e+05
   Total Energy  Conserved En.    Temperature Pressure (bar)
   -6.65674e+05   -6.55615e+05    2.97403e+02   -7.52146e+01

           Step           Time
         451000      225.50000

   Energies (kJ/mol)
        LJ (SR)   Coulomb (SR)   Coul. recip.      Potential    Kinetic En.
    1.42030e+05   -9.33927e+05    2.14554e+03   -7.89751e+05    1.24138e+05
   Total Energy  Conserved En.    Temperature Pressure (bar)
   -6.65613e+05   -6.55602e+05    2.99204e+02    1.16989e+02

           Step           Time
         451500      225.75000

   Energies (kJ/mol)
        LJ (SR)   Coulomb (SR)   Coul. recip.      Potential    Kinetic En.
    1.41547e+05   -9.33725e+05    2.09480e+03   -7.90083e+05    1.24470e+05
   Total Energy  Conserved En.    Temperature Pressure (bar)
   -6.65613e+05   -6.55593e+05    3.00003e+02    6.38491e+01

           Step           Time
         452000      226.00000

   Energies (kJ/mol)
        LJ (SR)   Coulomb (SR)   Coul. recip.      Potential    Kinetic En.
    1.41148e+05   -9.33675e+05    2.09406e+03   -7.90433e+05    1.24593e+05
   Total Energy  Conserved En.    Temperature Pressure (bar)
   -6.65840e+05   -6.55581e+05    3.00300e+02    1.91876e+00

           Step           Time
         452500      226.25000

   Energies (kJ/mol)
        LJ (SR)   Coulomb (SR)   Coul. recip.      Potential    Kinetic En.
    1.39098e+05   -9.30007e+05    2.06041e+03   -7.88848e+05    1.23703e+05
   Total Energy  Conserved En.    Temperature Pressure (bar)
   -6.65145e+05   -6.55570e+05    2.98155e+02   -1.63300e+02

           Step           Time
         453000      226.50000

   Energies (kJ/mol)
        LJ (SR)   Coulomb (SR)   Coul. recip.      Potential    Kinetic En.
    1.41027e+05   -9.32413e+05    2.07061e+03   -7.89316e+05    1.23684e+05
   Total Energy  Conserved En.    Temperature Pressure (bar)
   -6.65632e+05   -6.55558e+05    2.98108e+02   -1.18106e+01

           Step           Time
         453500      226.75000

   Energies (kJ/mol)
        LJ (SR)   Coulomb (SR)   Coul. recip.      Potential    Kinetic En.
    1.41302e+05   -9.33041e+05    2.02574e+03   -7.89714e+05    1.23992e+05
   Total Energy  Conserved En.    Temperature Pressure (bar)
   -6.65722e+05   -6.55548e+05    2.98852e+02    2.30320e+01

           Step           Time
         454000      227.00000

   Energies (kJ/mol)
        LJ (SR)   Coulomb (SR)   Coul. recip.      Potential    Kinetic En.
    1.40643e+05   -9.32401e+05    2.09195e+03   -7.89666e+05    1.24429e+05
   Total Energy  Conserved En.    Temperature Pressure (bar)
   -6.65238e+05   -6.55536e+05    2.99903e+02   -9.57457e+00

           Step           Time
         454500      227.25000

   Energies (kJ/mol)
        LJ (SR)   Coulomb (SR)   Coul. recip.      Potential    Kinetic En.
    1.41507e+05   -9.33551e+05    2.12750e+03   -7.89917e+05    1.24858e+05
   Total Energy  Conserved En.    Temperature Pressure (bar)
   -6.65059e+05   -6.55526e+05    3.00938e+02    2.92603e+01

           Step           Time
         455000      227.50000

   Energies (kJ/mol)
        LJ (SR)   Coulomb (SR)   Coul. recip.      Potential    Kinetic En.
    1.40854e+05   -9.32578e+05    2.11502e+03   -7.89609e+05    1.24678e+05
   Total Energy  Conserved En.    Temperature Pressure (bar)
   -6.64931e+05   -6.55515e+05    3.00503e+02   -1.08459e+01

           Step           Time
         455500      227.75000

   Energies (kJ/mol)
        LJ (SR)   Coulomb (SR)   Coul. recip.      Potential    Kinetic En.
    1.41017e+05   -9.32592e+05    2.19729e+03   -7.89378e+05    1.24595e+05
   Total Energy  Conserved En.    Temperature Pressure (bar)
   -6.64783e+05   -6.55504e+05    3.00305e+02    1.27055e+01

           Step           Time
         456000      228.00000

   Energies (kJ/mol)
        LJ (SR)   Coulomb (SR)   Coul. recip.      Potential    Kinetic En.
    1.41353e+05   -9.32136e+05    2.11559e+03   -7.88668e+05    1.24260e+05
   Total Energy  Conserved En.    Temperature Pressure (bar)
   -6.64408e+05   -6.55493e+05    2.99498e+02    1.09831e+02

           Step           Time
         456500      228.25000

   Energies (kJ/mol)
        LJ (SR)   Coulomb (SR)   Coul. recip.      Potential    Kinetic En.
    1.40697e+05   -9.32185e+05    2.16575e+03   -7.89322e+05    1.24966e+05
   Total Energy  Conserved En.    Temperature Pressure (bar)
   -6.64356e+05   -6.55482e+05    3.01199e+02   -5.39565e+01

           Step           Time
         457000      228.50000

   Energies (kJ/mol)
        LJ (SR)   Coulomb (SR)   Coul. recip.      Potential    Kinetic En.
    1.41827e+05   -9.32246e+05    2.11784e+03   -7.88301e+05    1.24161e+05
   Total Energy  Conserved En.    Temperature Pressure (bar)
   -6.64141e+05   -6.55470e+05    2.99257e+02    1.51780e+02

           Step           Time
         457500      228.75000

   Energies (kJ/mol)
        LJ (SR)   Coulomb (SR)   Coul. recip.      Potential    Kinetic En.
    1.41338e+05   -9.32093e+05    2.17517e+03   -7.88580e+05    1.25127e+05
   Total Energy  Conserved En.    Temperature Pressure (bar)
   -6.63453e+05   -6.55458e+05    3.01586e+02    9.66586e+01

           Step           Time
         458000      229.00000

   Energies (kJ/mol)
        LJ (SR)   Coulomb (SR)   Coul. recip.      Potential    Kinetic En.
    1.38994e+05   -9.29389e+05    2.13634e+03   -7.88258e+05    1.24467e+05
   Total Energy  Conserved En.    Temperature Pressure (bar)
   -6.63792e+05   -6.55447e+05    2.99995e+02   -1.32420e+02

           Step           Time
         458500      229.25000

   Energies (kJ/mol)
        LJ (SR)   Coulomb (SR)   Coul. recip.      Potential    Kinetic En.
    1.41274e+05   -9.31203e+05    2.09200e+03   -7.87837e+05    1.23993e+05
   Total Energy  Conserved En.    Temperature Pressure (bar)
   -6.63844e+05   -6.55435e+05    2.98853e+02    1.17804e+02

           Step           Time
         459000      229.50000

   Energies (kJ/mol)
        LJ (SR)   Coulomb (SR)   Coul. recip.      Potential    Kinetic En.
    1.39457e+05   -9.29368e+05    2.09148e+03   -7.87820e+05    1.24227e+05
   Total Energy  Conserved En.    Temperature Pressure (bar)
   -6.63593e+05   -6.55423e+05    2.99418e+02   -6.99550e+01

           Step           Time
         459500      229.75000

   Energies (kJ/mol)
        LJ (SR)   Coulomb (SR)   Coul. recip.      Potential    Kinetic En.
    1.40650e+05   -9.30230e+05    2.12193e+03   -7.87459e+05    1.23859e+05
   Total Energy  Conserved En.    Temperature Pressure (bar)
   -6.63600e+05   -6.55411e+05    2.98530e+02    7.34684e+01

           Step           Time
         460000      230.00000

   Energies (kJ/mol)
        LJ (SR)   Coulomb (SR)   Coul. recip.      Potential    Kinetic En.
    1.41001e+05   -9.31235e+05    2.11982e+03   -7.88114e+05    1.24802e+05
   Total Energy  Conserved En.    Temperature Pressure (bar)
   -6.63313e+05   -6.55399e+05    3.00802e+02    1.06517e+02

           Step           Time
         460500      230.25000

   Energies (kJ/mol)
        LJ (SR)   Coulomb (SR)   Coul. recip.      Potential    Kinetic En.
    1.41494e+05   -9.31005e+05    2.11691e+03   -7.87394e+05    1.24297e+05
   Total Energy  Conserved En.    Temperature Pressure (bar)
   -6.63098e+05   -6.55388e+05    2.99585e+02    1.67950e+02

           Step           Time
         461000      230.50000

   Energies (kJ/mol)
        LJ (SR)   Coulomb (SR)   Coul. recip.      Potential    Kinetic En.
    1.40050e+05   -9.30634e+05    2.21854e+03   -7.88365e+05    1.24743e+05
   Total Energy  Conserved En.    Temperature Pressure (bar)
   -6.63623e+05   -6.55377e+05    3.00660e+02    2.20896e-01

           Step           Time
         461500      230.75000

   Energies (kJ/mol)
        LJ (SR)   Coulomb (SR)   Coul. recip.      Potential    Kinetic En.
    1.39291e+05   -9.29261e+05    2.14951e+03   -7.87820e+05    1.24372e+05
   Total Energy  Conserved En.    Temperature Pressure (bar)
   -6.63448e+05   -6.55366e+05    2.99768e+02   -9.55862e+01

           Step           Time
         462000      231.00000

   Energies (kJ/mol)
        LJ (SR)   Coulomb (SR)   Coul. recip.      Potential    Kinetic En.
    1.41698e+05   -9.31218e+05    2.24317e+03   -7.87277e+05    1.24105e+05
   Total Energy  Conserved En.    Temperature Pressure (bar)
   -6.63172e+05   -6.55354e+05    2.99124e+02    2.05122e+02

           Step           Time
         462500      231.25000

   Energies (kJ/mol)
        LJ (SR)   Coulomb (SR)   Coul. recip.      Potential    Kinetic En.
    1.41112e+05   -9.30920e+05    2.19812e+03   -7.87610e+05    1.24660e+05
   Total Energy  Conserved En.    Temperature Pressure (bar)
   -6.62949e+05   -6.55343e+05    3.00462e+02    1.45148e+02

           Step           Time
         463000      231.50000

   Energies (kJ/mol)
        LJ (SR)   Coulomb (SR)   Coul. recip.      Potential    Kinetic En.
    1.40698e+05   -9.31175e+05    2.07036e+03   -7.88406e+05    1.25287e+05
   Total Energy  Conserved En.    Temperature Pressure (bar)
   -6.63120e+05   -6.55332e+05    3.01971e+02    6.94115e+01

           Step           Time
         463500      231.75000

   Energies (kJ/mol)
        LJ (SR)   Coulomb (SR)   Coul. recip.      Potential    Kinetic En.
    1.39409e+05   -9.29038e+05    2.12130e+03   -7.87508e+05    1.23805e+05
   Total Energy  Conserved En.    Temperature Pressure (bar)
   -6.63703e+05   -6.55320e+05    2.98400e+02   -5.47694e+01

           Step           Time
         464000      232.00000

   Energies (kJ/mol)
        LJ (SR)   Coulomb (SR)   Coul. recip.      Potential    Kinetic En.
    1.42051e+05   -9.31975e+05    2.09642e+03   -7.87828e+05    1.24219e+05
   Total Energy  Conserved En.    Temperature Pressure (bar)
   -6.63608e+05   -6.55309e+05    2.99399e+02    1.86607e+02

           Step           Time
         464500      232.25000

   Energies (kJ/mol)
        LJ (SR)   Coulomb (SR)   Coul. recip.      Potential    Kinetic En.
    1.40206e+05   -9.30325e+05    2.09102e+03   -7.88028e+05    1.23779e+05
   Total Energy  Conserved En.    Temperature Pressure (bar)
   -6.64248e+05   -6.55297e+05    2.98337e+02    3.24676e+01

           Step           Time
         465000      232.50000

   Energies (kJ/mol)
        LJ (SR)   Coulomb (SR)   Coul. recip.      Potential    Kinetic En.
    1.40610e+05   -9.31311e+05    2.12937e+03   -7.88571e+05    1.24259e+05
   Total Energy  Conserved En.    Temperature Pressure (bar)
   -6.64312e+05   -6.55287e+05    2.99495e+02    2.86714e+01

           Step           Time
         465500      232.75000

   Energies (kJ/mol)
        LJ (SR)   Coulomb (SR)   Coul. recip.      Potential    Kinetic En.
    1.41217e+05   -9.32044e+05    2.07959e+03   -7.88748e+05    1.23975e+05
   Total Energy  Conserved En.    Temperature Pressure (bar)
   -6.64773e+05   -6.55276e+05    2.98809e+02    1.09474e+02

           Step           Time
         466000      233.00000

   Energies (kJ/mol)
        LJ (SR)   Coulomb (SR)   Coul. recip.      Potential    Kinetic En.
    1.41201e+05   -9.32191e+05    2.14972e+03   -7.88840e+05    1.24051e+05
   Total Energy  Conserved En.    Temperature Pressure (bar)
   -6.64788e+05   -6.55264e+05    2.98994e+02    5.82349e+01

           Step           Time
         466500      233.25000

   Energies (kJ/mol)
        LJ (SR)   Coulomb (SR)   Coul. recip.      Potential    Kinetic En.
    1.42317e+05   -9.33426e+05    2.11958e+03   -7.88990e+05    1.23983e+05
   Total Energy  Conserved En.    Temperature Pressure (bar)
   -6.65006e+05   -6.55252e+05    2.98830e+02    1.59019e+02

           Step           Time
         467000      233.50000

   Energies (kJ/mol)
        LJ (SR)   Coulomb (SR)   Coul. recip.      Potential    Kinetic En.
    1.41596e+05   -9.31994e+05    2.04181e+03   -7.88356e+05    1.23288e+05
   Total Energy  Conserved En.    Temperature Pressure (bar)
   -6.65068e+05   -6.55242e+05    2.97153e+02    1.32337e+02

           Step           Time
         467500      233.75000

   Energies (kJ/mol)
        LJ (SR)   Coulomb (SR)   Coul. recip.      Potential    Kinetic En.
    1.39958e+05   -9.31768e+05    2.10504e+03   -7.89705e+05    1.24369e+05
   Total Energy  Conserved En.    Temperature Pressure (bar)
   -6.65336e+05   -6.55230e+05    2.99760e+02   -8.51283e+01

           Step           Time
         468000      234.00000

   Energies (kJ/mol)
        LJ (SR)   Coulomb (SR)   Coul. recip.      Potential    Kinetic En.
    1.41108e+05   -9.32850e+05    2.08108e+03   -7.89662e+05    1.23929e+05
   Total Energy  Conserved En.    Temperature Pressure (bar)
   -6.65733e+05   -6.55218e+05    2.98699e+02    5.42562e+00

           Step           Time
         468500      234.25000

   Energies (kJ/mol)
        LJ (SR)   Coulomb (SR)   Coul. recip.      Potential    Kinetic En.
    1.40888e+05   -9.32534e+05    2.11479e+03   -7.89530e+05    1.23392e+05
   Total Energy  Conserved En.    Temperature Pressure (bar)
   -6.66139e+05   -6.55207e+05    2.97404e+02   -1.89515e+01

           Step           Time
         469000      234.50000

   Energies (kJ/mol)
        LJ (SR)   Coulomb (SR)   Coul. recip.      Potential    Kinetic En.
    1.41670e+05   -9.33848e+05    2.09682e+03   -7.90081e+05    1.24235e+05
   Total Energy  Conserved En.    Temperature Pressure (bar)
   -6.65846e+05   -6.55196e+05    2.99436e+02    2.51373e+01

           Step           Time
         469500      234.75000

   Energies (kJ/mol)
        LJ (SR)   Coulomb (SR)   Coul. recip.      Potential    Kinetic En.
    1.40664e+05   -9.32637e+05    2.15962e+03   -7.89814e+05    1.24021e+05
   Total Energy  Conserved En.    Temperature Pressure (bar)
   -6.65793e+05   -6.55185e+05    2.98920e+02   -4.22042e+01

           Step           Time
         470000      235.00000

   Energies (kJ/mol)
        LJ (SR)   Coulomb (SR)   Coul. recip.      Potential    Kinetic En.
    1.40661e+05   -9.32446e+05    2.15381e+03   -7.89631e+05    1.24469e+05
   Total Energy  Conserved En.    Temperature Pressure (bar)
   -6.65162e+05   -6.55175e+05    3.00000e+02   -3.45202e+01

           Step           Time
         470500      235.25000

   Energies (kJ/mol)
        LJ (SR)   Coulomb (SR)   Coul. recip.      Potential    Kinetic En.
    1.40638e+05   -9.32351e+05    2.08854e+03   -7.89625e+05    1.24654e+05
   Total Energy  Conserved En.    Temperature Pressure (bar)
   -6.64970e+05   -6.55162e+05    3.00447e+02   -3.11393e+01

           Step           Time
         471000      235.50000

   Energies (kJ/mol)
        LJ (SR)   Coulomb (SR)   Coul. recip.      Potential    Kinetic En.
    1.41456e+05   -9.34073e+05    2.11799e+03   -7.90499e+05    1.25008e+05
   Total Energy  Conserved En.    Temperature Pressure (bar)
   -6.65491e+05   -6.55150e+05    3.01300e+02    4.40727e+01

           Step           Time
         471500      235.75000

   Energies (kJ/mol)
        LJ (SR)   Coulomb (SR)   Coul. recip.      Potential    Kinetic En.
    1.42111e+05   -9.34688e+05    2.11928e+03   -7.90457e+05    1.24676e+05
   Total Energy  Conserved En.    Temperature Pressure (bar)
   -6.65781e+05   -6.55140e+05    3.00499e+02    1.04801e+02

           Step           Time
         472000      236.00000

   Energies (kJ/mol)
        LJ (SR)   Coulomb (SR)   Coul. recip.      Potential    Kinetic En.
    1.42338e+05   -9.34380e+05    2.08262e+03   -7.89959e+05    1.24148e+05
   Total Energy  Conserved En.    Temperature Pressure (bar)
   -6.65812e+05   -6.55130e+05    2.99226e+02    1.30034e+02

           Step           Time
         472500      236.25000

   Energies (kJ/mol)
        LJ (SR)   Coulomb (SR)   Coul. recip.      Potential    Kinetic En.
    1.40503e+05   -9.33212e+05    2.13271e+03   -7.90576e+05    1.24524e+05
   Total Energy  Conserved En.    Temperature Pressure (bar)
   -6.66053e+05   -6.55119e+05    3.00132e+02   -6.41409e+01

           Step           Time
         473000      236.50000

   Energies (kJ/mol)
        LJ (SR)   Coulomb (SR)   Coul. recip.      Potential    Kinetic En.
    1.42911e+05   -9.34415e+05    2.16628e+03   -7.89338e+05    1.23878e+05
   Total Energy  Conserved En.    Temperature Pressure (bar)
   -6.65460e+05   -6.55107e+05    2.98577e+02    2.26508e+02

           Step           Time
         473500      236.75000

   Energies (kJ/mol)
        LJ (SR)   Coulomb (SR)   Coul. recip.      Potential    Kinetic En.
    1.39585e+05   -9.29965e+05    2.09874e+03   -7.88281e+05    1.23473e+05
   Total Energy  Conserved En.    Temperature Pressure (bar)
   -6.64808e+05   -6.55097e+05    2.97600e+02   -6.29106e+01

           Step           Time
         474000      237.00000

   Energies (kJ/mol)
        LJ (SR)   Coulomb (SR)   Coul. recip.      Potential    Kinetic En.
    1.39791e+05   -9.31204e+05    2.07066e+03   -7.89343e+05    1.23800e+05
   Total Energy  Conserved En.    Temperature Pressure (bar)
   -6.65543e+05   -6.55086e+05    2.98387e+02   -1.09090e+02

           Step           Time
         474500      237.25000

   Energies (kJ/mol)
        LJ (SR)   Coulomb (SR)   Coul. recip.      Potential    Kinetic En.
    1.40710e+05   -9.32771e+05    2.11190e+03   -7.89949e+05    1.24167e+05
   Total Energy  Conserved En.    Temperature Pressure (bar)
   -6.65782e+05   -6.55074e+05    2.99274e+02   -3.91882e+01

           Step           Time
         475000      237.50000

   Energies (kJ/mol)
        LJ (SR)   Coulomb (SR)   Coul. recip.      Potential    Kinetic En.
    1.41031e+05   -9.31787e+05    2.11691e+03   -7.88639e+05    1.23523e+05
   Total Energy  Conserved En.    Temperature Pressure (bar)
   -6.65116e+05   -6.55062e+05    2.97720e+02    5.22583e+01

           Step           Time
         475500      237.75000

   Energies (kJ/mol)
        LJ (SR)   Coulomb (SR)   Coul. recip.      Potential    Kinetic En.
    1.41524e+05   -9.33312e+05    2.13801e+03   -7.89650e+05    1.24514e+05
   Total Energy  Conserved En.    Temperature Pressure (bar)
   -6.65136e+05   -6.55051e+05    3.00108e+02    8.61958e+01

           Step           Time
         476000      238.00000

   Energies (kJ/mol)
        LJ (SR)   Coulomb (SR)   Coul. recip.      Potential    Kinetic En.
    1.40886e+05   -9.32059e+05    2.08547e+03   -7.89088e+05    1.23591e+05
   Total Energy  Conserved En.    Temperature Pressure (bar)
   -6.65497e+05   -6.55039e+05    2.97884e+02    2.54639e+01

           Step           Time
         476500      238.25000

   Energies (kJ/mol)
        LJ (SR)   Coulomb (SR)   Coul. recip.      Potential    Kinetic En.
    1.42562e+05   -9.34566e+05    2.13685e+03   -7.89867e+05    1.24062e+05
   Total Energy  Conserved En.    Temperature Pressure (bar)
   -6.65805e+05   -6.55028e+05    2.99019e+02    1.35976e+02

           Step           Time
         477000      238.50000

   Energies (kJ/mol)
        LJ (SR)   Coulomb (SR)   Coul. recip.      Potential    Kinetic En.
    1.40694e+05   -9.33068e+05    2.20851e+03   -7.90166e+05    1.24090e+05
   Total Energy  Conserved En.    Temperature Pressure (bar)
   -6.66076e+05   -6.55017e+05    2.99086e+02   -6.89100e+01

           Step           Time
         477500      238.75000

   Energies (kJ/mol)
        LJ (SR)   Coulomb (SR)   Coul. recip.      Potential    Kinetic En.
    1.40803e+05   -9.32603e+05    2.11321e+03   -7.89687e+05    1.24056e+05
   Total Energy  Conserved En.    Temperature Pressure (bar)
   -6.65631e+05   -6.55007e+05    2.99004e+02   -2.92244e+01

           Step           Time
         478000      239.00000

   Energies (kJ/mol)
        LJ (SR)   Coulomb (SR)   Coul. recip.      Potential    Kinetic En.
    1.38081e+05   -9.29411e+05    2.10212e+03   -7.89228e+05    1.23722e+05
   Total Energy  Conserved En.    Temperature Pressure (bar)
   -6.65506e+05   -6.54995e+05    2.98200e+02   -2.90087e+02

           Step           Time
         478500      239.25000

   Energies (kJ/mol)
        LJ (SR)   Coulomb (SR)   Coul. recip.      Potential    Kinetic En.
    1.39471e+05   -9.29973e+05    2.11557e+03   -7.88386e+05    1.22947e+05
   Total Energy  Conserved En.    Temperature Pressure (bar)
   -6.65440e+05   -6.54984e+05    2.96332e+02   -1.14695e+02

           Step           Time
         479000      239.50000

   Energies (kJ/mol)
        LJ (SR)   Coulomb (SR)   Coul. recip.      Potential    Kinetic En.
    1.40466e+05   -9.31213e+05    2.12858e+03   -7.88618e+05    1.23851e+05
   Total Energy  Conserved En.    Temperature Pressure (bar)
   -6.64767e+05   -6.54972e+05    2.98510e+02    1.34374e+01

           Step           Time
         479500      239.75000

   Energies (kJ/mol)
        LJ (SR)   Coulomb (SR)   Coul. recip.      Potential    Kinetic En.
    1.40135e+05   -9.30775e+05    2.13510e+03   -7.88506e+05    1.24109e+05
   Total Energy  Conserved En.    Temperature Pressure (bar)
   -6.64397e+05   -6.54962e+05    2.99133e+02   -2.09078e+01

           Step           Time
         480000      240.00000

   Energies (kJ/mol)
        LJ (SR)   Coulomb (SR)   Coul. recip.      Potential    Kinetic En.
    1.39117e+05   -9.29216e+05    2.12133e+03   -7.87978e+05    1.23504e+05
   Total Energy  Conserved En.    Temperature Pressure (bar)
   -6.64474e+05   -6.54951e+05    2.97675e+02   -1.27744e+02

           Step           Time
         480500      240.25000

   Energies (kJ/mol)
        LJ (SR)   Coulomb (SR)   Coul. recip.      Potential    Kinetic En.
    1.41122e+05   -9.32337e+05    2.16450e+03   -7.89051e+05    1.24381e+05
   Total Energy  Conserved En.    Temperature Pressure (bar)
   -6.64670e+05   -6.54941e+05    2.99788e+02    7.87571e+01

           Step           Time
         481000      240.50000

   Energies (kJ/mol)
        LJ (SR)   Coulomb (SR)   Coul. recip.      Potential    Kinetic En.
    1.40733e+05   -9.32084e+05    2.03634e+03   -7.89315e+05    1.24717e+05
   Total Energy  Conserved En.    Temperature Pressure (bar)
   -6.64598e+05   -6.54929e+05    3.00599e+02    7.22807e+00

           Step           Time
         481500      240.75000

   Energies (kJ/mol)
        LJ (SR)   Coulomb (SR)   Coul. recip.      Potential    Kinetic En.
    1.41056e+05   -9.32633e+05    2.18634e+03   -7.89390e+05    1.24456e+05
   Total Energy  Conserved En.    Temperature Pressure (bar)
   -6.64934e+05   -6.54917e+05    2.99969e+02    1.99356e+01

           Step           Time
         482000      241.00000

   Energies (kJ/mol)
        LJ (SR)   Coulomb (SR)   Coul. recip.      Potential    Kinetic En.
    1.42166e+05   -9.33800e+05    2.06270e+03   -7.89571e+05    1.24425e+05
   Total Energy  Conserved En.    Temperature Pressure (bar)
   -6.65146e+05   -6.54905e+05    2.99896e+02    1.66660e+02

           Step           Time
         482500      241.25000

   Energies (kJ/mol)
        LJ (SR)   Coulomb (SR)   Coul. recip.      Potential    Kinetic En.
    1.41140e+05   -9.33385e+05    2.14432e+03   -7.90100e+05    1.24758e+05
   Total Energy  Conserved En.    Temperature Pressure (bar)
   -6.65342e+05   -6.54894e+05    3.00697e+02    2.37901e+01

           Step           Time
         483000      241.50000

   Energies (kJ/mol)
        LJ (SR)   Coulomb (SR)   Coul. recip.      Potential    Kinetic En.
    1.41015e+05   -9.32709e+05    2.18263e+03   -7.89511e+05    1.24482e+05
   Total Energy  Conserved En.    Temperature Pressure (bar)
   -6.65029e+05   -6.54884e+05    3.00033e+02    3.81334e+01

           Step           Time
         483500      241.75000

   Energies (kJ/mol)
        LJ (SR)   Coulomb (SR)   Coul. recip.      Potential    Kinetic En.
    1.43387e+05   -9.35167e+05    2.11643e+03   -7.89663e+05    1.24690e+05
   Total Energy  Conserved En.    Temperature Pressure (bar)
   -6.64973e+05   -6.54871e+05    3.00533e+02    2.74372e+02

           Step           Time
         484000      242.00000

   Energies (kJ/mol)
        LJ (SR)   Coulomb (SR)   Coul. recip.      Potential    Kinetic En.
    1.40996e+05   -9.32282e+05    2.10512e+03   -7.89180e+05    1.24443e+05
   Total Energy  Conserved En.    Temperature Pressure (bar)
   -6.64737e+05   -6.54860e+05    2.99939e+02    5.13418e+01

           Step           Time
         484500      242.25000

   Energies (kJ/mol)
        LJ (SR)   Coulomb (SR)   Coul. recip.      Potential    Kinetic En.
    1.41672e+05   -9.33110e+05    2.10970e+03   -7.89328e+05    1.24945e+05
   Total Energy  Conserved En.    Temperature Pressure (bar)
   -6.64383e+05   -6.54849e+05    3.01147e+02    1.22986e+02

           Step           Time
         485000      242.50000

   Energies (kJ/mol)
        LJ (SR)   Coulomb (SR)   Coul. recip.      Potential    Kinetic En.
    1.41855e+05   -9.33631e+05    2.16952e+03   -7.89606e+05    1.25258e+05
   Total Energy  Conserved En.    Temperature Pressure (bar)
   -6.64348e+05   -6.54837e+05    3.01903e+02    1.24647e+02

           Step           Time
         485500      242.75000

   Energies (kJ/mol)
        LJ (SR)   Coulomb (SR)   Coul. recip.      Potential    Kinetic En.
    1.41199e+05   -9.32417e+05    2.16865e+03   -7.89049e+05    1.24850e+05
   Total Energy  Conserved En.    Temperature Pressure (bar)
   -6.64199e+05   -6.54826e+05    3.00919e+02    7.93056e+01

           Step           Time
         486000      243.00000

   Energies (kJ/mol)
        LJ (SR)   Coulomb (SR)   Coul. recip.      Potential    Kinetic En.
    1.40682e+05   -9.31638e+05    2.15713e+03   -7.88799e+05    1.24622e+05
   Total Energy  Conserved En.    Temperature Pressure (bar)
   -6.64177e+05   -6.54815e+05    3.00369e+02    1.04732e+01

           Step           Time
         486500      243.25000

   Energies (kJ/mol)
        LJ (SR)   Coulomb (SR)   Coul. recip.      Potential    Kinetic En.
    1.42295e+05   -9.33255e+05    2.09362e+03   -7.88866e+05    1.24718e+05
   Total Energy  Conserved En.    Temperature Pressure (bar)
   -6.64147e+05   -6.54803e+05    3.00602e+02    1.90894e+02

           Step           Time
         487000      243.50000

   Energies (kJ/mol)
        LJ (SR)   Coulomb (SR)   Coul. recip.      Potential    Kinetic En.
    1.42800e+05   -9.33887e+05    2.14153e+03   -7.88946e+05    1.24582e+05
   Total Energy  Conserved En.    Temperature Pressure (bar)
   -6.64364e+05   -6.54792e+05    3.00273e+02    2.20820e+02

           Step           Time
         487500      243.75000

   Energies (kJ/mol)
        LJ (SR)   Coulomb (SR)   Coul. recip.      Potential    Kinetic En.
    1.41304e+05   -9.31401e+05    2.14113e+03   -7.87956e+05    1.23861e+05
   Total Energy  Conserved En.    Temperature Pressure (bar)
   -6.64096e+05   -6.54780e+05    2.98534e+02    1.31783e+02

           Step           Time
         488000      244.00000

   Energies (kJ/mol)
        LJ (SR)   Coulomb (SR)   Coul. recip.      Potential    Kinetic En.
    1.41410e+05   -9.32469e+05    2.14997e+03   -7.88908e+05    1.24899e+05
   Total Energy  Conserved En.    Temperature Pressure (bar)
   -6.64009e+05   -6.54770e+05    3.01038e+02    1.04883e+02

           Step           Time
         488500      244.25000

   Energies (kJ/mol)
        LJ (SR)   Coulomb (SR)   Coul. recip.      Potential    Kinetic En.
    1.40836e+05   -9.32155e+05    2.17440e+03   -7.89145e+05    1.24617e+05
   Total Energy  Conserved En.    Temperature Pressure (bar)
   -6.64528e+05   -6.54758e+05    3.00357e+02    3.66245e+01

           Step           Time
         489000      244.50000

   Energies (kJ/mol)
        LJ (SR)   Coulomb (SR)   Coul. recip.      Potential    Kinetic En.
    1.40204e+05   -9.31854e+05    2.08508e+03   -7.89564e+05    1.25053e+05
   Total Energy  Conserved En.    Temperature Pressure (bar)
   -6.64511e+05   -6.54749e+05    3.01409e+02   -4.07272e+01

           Step           Time
         489500      244.75000

   Energies (kJ/mol)
        LJ (SR)   Coulomb (SR)   Coul. recip.      Potential    Kinetic En.
    1.38770e+05   -9.29057e+05    2.08291e+03   -7.88204e+05    1.24285e+05
   Total Energy  Conserved En.    Temperature Pressure (bar)
   -6.63920e+05   -6.54736e+05    2.99556e+02   -1.24295e+02

           Step           Time
         490000      245.00000

   Energies (kJ/mol)
        LJ (SR)   Coulomb (SR)   Coul. recip.      Potential    Kinetic En.
    1.39986e+05   -9.30445e+05    2.12385e+03   -7.88335e+05    1.24678e+05
   Total Energy  Conserved En.    Temperature Pressure (bar)
   -6.63657e+05   -6.54725e+05    3.00505e+02   -2.84174e+01

           Step           Time
         490500      245.25000

   Energies (kJ/mol)
        LJ (SR)   Coulomb (SR)   Coul. recip.      Potential    Kinetic En.
    1.41205e+05   -9.32563e+05    2.13747e+03   -7.89220e+05    1.24974e+05
   Total Energy  Conserved En.    Temperature Pressure (bar)
   -6.64246e+05   -6.54714e+05    3.01218e+02    6.58976e+01

           Step           Time
         491000      245.50000

   Energies (kJ/mol)
        LJ (SR)   Coulomb (SR)   Coul. recip.      Potential    Kinetic En.
    1.39638e+05   -9.30191e+05    2.20534e+03   -7.88348e+05    1.24045e+05
   Total Energy  Conserved En.    Temperature Pressure (bar)
   -6.64302e+05   -6.54701e+05    2.98980e+02   -6.99179e+01

           Step           Time
         491500      245.75000

   Energies (kJ/mol)
        LJ (SR)   Coulomb (SR)   Coul. recip.      Potential    Kinetic En.
    1.41545e+05   -9.32383e+05    2.19266e+03   -7.88646e+05    1.23947e+05
   Total Energy  Conserved En.    Temperature Pressure (bar)
   -6.64699e+05   -6.54689e+05    2.98742e+02    8.41719e+01

           Step           Time
         492000      246.00000

   Energies (kJ/mol)
        LJ (SR)   Coulomb (SR)   Coul. recip.      Potential    Kinetic En.
    1.41671e+05   -9.33626e+05    2.08070e+03   -7.89874e+05    1.25273e+05
   Total Energy  Conserved En.    Temperature Pressure (bar)
   -6.64601e+05   -6.54680e+05    3.01939e+02    6.20116e+01

           Step           Time
         492500      246.25000

   Energies (kJ/mol)
        LJ (SR)   Coulomb (SR)   Coul. recip.      Potential    Kinetic En.
    1.41100e+05   -9.32607e+05    2.16563e+03   -7.89341e+05    1.25108e+05
   Total Energy  Conserved En.    Temperature Pressure (bar)
   -6.64233e+05   -6.54668e+05    3.01542e+02    3.09266e+01

           Step           Time
         493000      246.50000

   Energies (kJ/mol)
        LJ (SR)   Coulomb (SR)   Coul. recip.      Potential    Kinetic En.
    1.39861e+05   -9.29944e+05    2.15854e+03   -7.87924e+05    1.24218e+05
   Total Energy  Conserved En.    Temperature Pressure (bar)
   -6.63706e+05   -6.54656e+05    2.99396e+02   -4.15612e+01

           Step           Time
         493500      246.75000

   Energies (kJ/mol)
        LJ (SR)   Coulomb (SR)   Coul. recip.      Potential    Kinetic En.
    1.41092e+05   -9.31982e+05    2.13169e+03   -7.88758e+05    1.25217e+05
   Total Energy  Conserved En.    Temperature Pressure (bar)
   -6.63541e+05   -6.54644e+05    3.01804e+02    5.32144e+01

           Step           Time
         494000      247.00000

   Energies (kJ/mol)
        LJ (SR)   Coulomb (SR)   Coul. recip.      Potential    Kinetic En.
    1.39285e+05   -9.30527e+05    2.14200e+03   -7.89100e+05    1.25376e+05
   Total Energy  Conserved En.    Temperature Pressure (bar)
   -6.63724e+05   -6.54634e+05    3.02186e+02   -1.58112e+02

           Step           Time
         494500      247.25000

   Energies (kJ/mol)
        LJ (SR)   Coulomb (SR)   Coul. recip.      Potential    Kinetic En.
    1.39795e+05   -9.30348e+05    2.10697e+03   -7.88446e+05    1.24498e+05
   Total Energy  Conserved En.    Temperature Pressure (bar)
   -6.63948e+05   -6.54622e+05    3.00071e+02   -6.24453e+01

           Step           Time
         495000      247.50000

   Energies (kJ/mol)
        LJ (SR)   Coulomb (SR)   Coul. recip.      Potential    Kinetic En.
    1.41846e+05   -9.32069e+05    2.08519e+03   -7.88138e+05    1.24072e+05
   Total Energy  Conserved En.    Temperature Pressure (bar)
   -6.64066e+05   -6.54610e+05    2.99043e+02    1.68082e+02

           Step           Time
         495500      247.75000

   Energies (kJ/mol)
        LJ (SR)   Coulomb (SR)   Coul. recip.      Potential    Kinetic En.
    1.40503e+05   -9.30578e+05    2.13518e+03   -7.87939e+05    1.23459e+05
   Total Energy  Conserved En.    Temperature Pressure (bar)
   -6.64480e+05   -6.54599e+05    2.97567e+02    7.19720e+00

           Step           Time
         496000      248.00000

   Energies (kJ/mol)
        LJ (SR)   Coulomb (SR)   Coul. recip.      Potential    Kinetic En.
    1.41950e+05   -9.32967e+05    2.20164e+03   -7.88815e+05    1.24448e+05
   Total Energy  Conserved En.    Temperature Pressure (bar)
   -6.64368e+05   -6.54586e+05    2.99950e+02    1.61707e+02

           Step           Time
         496500      248.25000

   Energies (kJ/mol)
        LJ (SR)   Coulomb (SR)   Coul. recip.      Potential    Kinetic En.
    1.41684e+05   -9.33793e+05    2.08502e+03   -7.90024e+05    1.25586e+05
   Total Energy  Conserved En.    Temperature Pressure (bar)
   -6.64438e+05   -6.54577e+05    3.02694e+02    8.10641e+01

           Step           Time
         497000      248.50000

   Energies (kJ/mol)
        LJ (SR)   Coulomb (SR)   Coul. recip.      Potential    Kinetic En.
    1.40898e+05   -9.31044e+05    2.13371e+03   -7.88013e+05    1.23960e+05
   Total Energy  Conserved En.    Temperature Pressure (bar)
   -6.64053e+05   -6.54564e+05    2.98774e+02    6.27527e+01

           Step           Time
         497500      248.75000

   Energies (kJ/mol)
        LJ (SR)   Coulomb (SR)   Coul. recip.      Potential    Kinetic En.
    1.40180e+05   -9.31278e+05    2.07432e+03   -7.89023e+05    1.25126e+05
   Total Energy  Conserved En.    Temperature Pressure (bar)
   -6.63897e+05   -6.54553e+05    3.01585e+02   -2.72348e+01

           Step           Time
         498000      249.00000

   Energies (kJ/mol)
        LJ (SR)   Coulomb (SR)   Coul. recip.      Potential    Kinetic En.
    1.40164e+05   -9.30182e+05    2.09987e+03   -7.87918e+05    1.23946e+05
   Total Energy  Conserved En.    Temperature Pressure (bar)
   -6.63972e+05   -6.54542e+05    2.98739e+02   -1.79101e+01

           Step           Time
         498500      249.25000

   Energies (kJ/mol)
        LJ (SR)   Coulomb (SR)   Coul. recip.      Potential    Kinetic En.
    1.39664e+05   -9.29874e+05    2.06882e+03   -7.88142e+05    1.24241e+05
   Total Energy  Conserved En.    Temperature Pressure (bar)
   -6.63900e+05   -6.54532e+05    2.99452e+02   -6.95974e+01

           Step           Time
         499000      249.50000

   Energies (kJ/mol)
        LJ (SR)   Coulomb (SR)   Coul. recip.      Potential    Kinetic En.
    1.42721e+05   -9.33376e+05    2.04292e+03   -7.88612e+05    1.24252e+05
   Total Energy  Conserved En.    Temperature Pressure (bar)
   -6.64361e+05   -6.54520e+05    2.99477e+02    2.45149e+02

           Step           Time
         499500      249.75000

   Energies (kJ/mol)
        LJ (SR)   Coulomb (SR)   Coul. recip.      Potential    Kinetic En.
    1.40639e+05   -9.31378e+05    2.13086e+03   -7.88609e+05    1.24236e+05
   Total Energy  Conserved En.    Temperature Pressure (bar)
   -6.64373e+05   -6.54508e+05    2.99439e+02    8.16899e+00

           Step           Time
         500000      250.00000

   Energies (kJ/mol)
        LJ (SR)   Coulomb (SR)   Coul. recip.      Potential    Kinetic En.
    1.40274e+05   -9.31004e+05    2.05631e+03   -7.88673e+05    1.24638e+05
   Total Energy  Conserved En.    Temperature Pressure (bar)
   -6.64035e+05   -6.54497e+05    3.00408e+02   -1.41298e+01

Writing checkpoint, step 500100 at Sun Sep  6 16:37:28 2026


           Step           Time
         500500      250.25000

   Energies (kJ/mol)
        LJ (SR)   Coulomb (SR)   Coul. recip.      Potential    Kinetic En.
    1.41674e+05   -9.31890e+05    2.07510e+03   -7.88141e+05    1.24169e+05
   Total Energy  Conserved En.    Temperature Pressure (bar)
   -6.63973e+05   -6.54486e+05    2.99277e+02    1.51248e+02

           Step           Time
         501000      250.50000

   Energies (kJ/mol)
        LJ (SR)   Coulomb (SR)   Coul. recip.      Potential    Kinetic En.
    1.39564e+05   -9.29585e+05    2.09420e+03   -7.87927e+05    1.24235e+05
   Total Energy  Conserved En.    Temperature Pressure (bar)
   -6.63692e+05   -6.54476e+05    2.99437e+02   -6.87057e+01

           Step           Time
         501500      250.75000

   Energies (kJ/mol)
        LJ (SR)   Coulomb (SR)   Coul. recip.      Potential    Kinetic En.
    1.40771e+05   -9.30800e+05    2.13630e+03   -7.87893e+05    1.24605e+05
   Total Energy  Conserved En.    Temperature Pressure (bar)
   -6.63288e+05   -6.54463e+05    3.00328e+02    7.45714e+01

           Step           Time
         502000      251.00000

   Energies (kJ/mol)
        LJ (SR)   Coulomb (SR)   Coul. recip.      Potential    Kinetic En.
    1.40687e+05   -9.30956e+05    2.18423e+03   -7.88085e+05    1.24528e+05
   Total Energy  Conserved En.    Temperature Pressure (bar)
   -6.63558e+05   -6.54452e+05    3.00142e+02    3.82613e+01

           Step           Time
         502500      251.25000

   Energies (kJ/mol)
        LJ (SR)   Coulomb (SR)   Coul. recip.      Potential    Kinetic En.
    1.39778e+05   -9.30504e+05    2.14091e+03   -7.88585e+05    1.25158e+05
   Total Energy  Conserved En.    Temperature Pressure (bar)
   -6.63427e+05   -6.54441e+05    3.01662e+02   -5.46001e+01

           Step           Time
         503000      251.50000

   Energies (kJ/mol)
        LJ (SR)   Coulomb (SR)   Coul. recip.      Potential    Kinetic En.
    1.40379e+05   -9.30674e+05    2.14812e+03   -7.88147e+05    1.24896e+05
   Total Energy  Conserved En.    Temperature Pressure (bar)
   -6.63251e+05   -6.54430e+05    3.01031e+02    3.64509e+01

           Step           Time
         503500      251.75000

   Energies (kJ/mol)
        LJ (SR)   Coulomb (SR)   Coul. recip.      Potential    Kinetic En.
    1.41483e+05   -9.32150e+05    2.05569e+03   -7.88611e+05    1.24945e+05
   Total Energy  Conserved En.    Temperature Pressure (bar)
   -6.63666e+05   -6.54418e+05    3.01148e+02    9.04888e+01

           Step           Time
         504000      252.00000

   Energies (kJ/mol)
        LJ (SR)   Coulomb (SR)   Coul. recip.      Potential    Kinetic En.
    1.40933e+05   -9.30735e+05    2.18811e+03   -7.87614e+05    1.25060e+05
   Total Energy  Conserved En.    Temperature Pressure (bar)
   -6.62554e+05   -6.54407e+05    3.01425e+02    7.93513e+01

           Step           Time
         504500      252.25000

   Energies (kJ/mol)
        LJ (SR)   Coulomb (SR)   Coul. recip.      Potential    Kinetic En.
    1.39089e+05   -9.29116e+05    2.14245e+03   -7.87884e+05    1.25737e+05
   Total Energy  Conserved En.    Temperature Pressure (bar)
   -6.62147e+05   -6.54396e+05    3.03058e+02   -1.30430e+02

           Step           Time
         505000      252.50000

   Energies (kJ/mol)
        LJ (SR)   Coulomb (SR)   Coul. recip.      Potential    Kinetic En.
    1.41211e+05   -9.30469e+05    2.18341e+03   -7.87075e+05    1.25256e+05
   Total Energy  Conserved En.    Temperature Pressure (bar)
   -6.61818e+05   -6.54383e+05    3.01899e+02    1.30828e+02

           Step           Time
         505500      252.75000

   Energies (kJ/mol)
        LJ (SR)   Coulomb (SR)   Coul. recip.      Potential    Kinetic En.
    1.40605e+05   -9.30254e+05    2.10897e+03   -7.87540e+05    1.24946e+05
   Total Energy  Conserved En.    Temperature Pressure (bar)
   -6.62594e+05   -6.54372e+05    3.01150e+02    5.56481e+01

           Step           Time
         506000      253.00000

   Energies (kJ/mol)
        LJ (SR)   Coulomb (SR)   Coul. recip.      Potential    Kinetic En.
    1.39901e+05   -9.29460e+05    2.10558e+03   -7.87454e+05    1.24781e+05
   Total Energy  Conserved En.    Temperature Pressure (bar)
   -6.62672e+05   -6.54362e+05    3.00753e+02   -8.37782e+00

           Step           Time
         506500      253.25000

   Energies (kJ/mol)
        LJ (SR)   Coulomb (SR)   Coul. recip.      Potential    Kinetic En.
    1.39875e+05   -9.30435e+05    2.17023e+03   -7.88390e+05    1.25851e+05
   Total Energy  Conserved En.    Temperature Pressure (bar)
   -6.62539e+05   -6.54351e+05    3.03332e+02   -6.04005e+01

           Step           Time
         507000      253.50000

   Energies (kJ/mol)
        LJ (SR)   Coulomb (SR)   Coul. recip.      Potential    Kinetic En.
    1.40652e+05   -9.30506e+05    2.14822e+03   -7.87706e+05    1.25022e+05
   Total Energy  Conserved En.    Temperature Pressure (bar)
   -6.62684e+05   -6.54338e+05    3.01333e+02    6.09982e+01

           Step           Time
         507500      253.75000

   Energies (kJ/mol)
        LJ (SR)   Coulomb (SR)   Coul. recip.      Potential    Kinetic En.
    1.39457e+05   -9.28891e+05    2.08258e+03   -7.87352e+05    1.24896e+05
   Total Energy  Conserved En.    Temperature Pressure (bar)
   -6.62456e+05   -6.54326e+05    3.01029e+02   -2.34970e+01

           Step           Time
         508000      254.00000

   Energies (kJ/mol)
        LJ (SR)   Coulomb (SR)   Coul. recip.      Potential    Kinetic En.
    1.40455e+05   -9.30037e+05    2.13410e+03   -7.87447e+05    1.24753e+05
   Total Energy  Conserved En.    Temperature Pressure (bar)
   -6.62694e+05   -6.54315e+05    3.00686e+02    8.45304e+01

           Step           Time
         508500      254.25000

   Energies (kJ/mol)
        LJ (SR)   Coulomb (SR)   Coul. recip.      Potential    Kinetic En.
    1.40188e+05   -9.29879e+05    2.12986e+03   -7.87561e+05    1.25294e+05
   Total Energy  Conserved En.    Temperature Pressure (bar)
   -6.62267e+05   -6.54304e+05    3.01989e+02    3.30370e+01

           Step           Time
         509000      254.50000

   Energies (kJ/mol)
        LJ (SR)   Coulomb (SR)   Coul. recip.      Potential    Kinetic En.
    1.40352e+05   -9.30666e+05    2.10370e+03   -7.88211e+05    1.25662e+05
   Total Energy  Conserved En.    Temperature Pressure (bar)
   -6.62549e+05   -6.54293e+05    3.02876e+02    1.75492e+01

           Step           Time
         509500      254.75000

   Energies (kJ/mol)
        LJ (SR)   Coulomb (SR)   Coul. recip.      Potential    Kinetic En.
    1.42157e+05   -9.32135e+05    2.12973e+03   -7.87848e+05    1.25357e+05
   Total Energy  Conserved En.    Temperature Pressure (bar)
   -6.62491e+05   -6.54282e+05    3.02142e+02    2.29323e+02

           Step           Time
         510000      255.00000

   Energies (kJ/mol)
        LJ (SR)   Coulomb (SR)   Coul. recip.      Potential    Kinetic En.
    1.39882e+05   -9.29954e+05    2.08751e+03   -7.87984e+05    1.24884e+05
   Total Energy  Conserved En.    Temperature Pressure (bar)
   -6.63101e+05   -6.54270e+05    3.01000e+02   -2.00820e+01

           Step           Time
         510500      255.25000

   Energies (kJ/mol)
        LJ (SR)   Coulomb (SR)   Coul. recip.      Potential    Kinetic En.
    1.41058e+05   -9.31078e+05    2.12231e+03   -7.87898e+05    1.25101e+05
   Total Energy  Conserved En.    Temperature Pressure (bar)
   -6.62796e+05   -6.54259e+05    3.01524e+02    9.22855e+01

           Step           Time
         511000      255.50000

   Energies (kJ/mol)
        LJ (SR)   Coulomb (SR)   Coul. recip.      Potential    Kinetic En.
    1.40707e+05   -9.30822e+05    2.06649e+03   -7.88048e+05    1.24972e+05
   Total Energy  Conserved En.    Temperature Pressure (bar)
   -6.63077e+05   -6.54248e+05    3.01212e+02    5.52088e+01

           Step           Time
         511500      255.75000

   Energies (kJ/mol)
        LJ (SR)   Coulomb (SR)   Coul. recip.      Potential    Kinetic En.
    1.42880e+05   -9.33406e+05    2.05016e+03   -7.88476e+05    1.25826e+05
   Total Energy  Conserved En.    Temperature Pressure (bar)
   -6.62650e+05   -6.54237e+05    3.03272e+02    2.81070e+02

           Step           Time
         512000      256.00000

   Energies (kJ/mol)
        LJ (SR)   Coulomb (SR)   Coul. recip.      Potential    Kinetic En.
    1.40766e+05   -9.31018e+05    2.14396e+03   -7.88108e+05    1.24800e+05
   Total Energy  Conserved En.    Temperature Pressure (bar)
   -6.63308e+05   -6.54226e+05    3.00799e+02    3.74396e+01

           Step           Time
         512500      256.25000

   Energies (kJ/mol)
        LJ (SR)   Coulomb (SR)   Coul. recip.      Potential    Kinetic En.
    1.39633e+05   -9.29628e+05    2.16014e+03   -7.87835e+05    1.24841e+05
   Total Energy  Conserved En.    Temperature Pressure (bar)
   -6.62994e+05   -6.54213e+05    3.00897e+02   -5.56694e+01

           Step           Time
         513000      256.50000

   Energies (kJ/mol)
        LJ (SR)   Coulomb (SR)   Coul. recip.      Potential    Kinetic En.
    1.41884e+05   -9.31704e+05    2.12818e+03   -7.87692e+05    1.24398e+05
   Total Energy  Conserved En.    Temperature Pressure (bar)
   -6.63294e+05   -6.54202e+05    2.99829e+02    1.72577e+02

           Step           Time
         513500      256.75000

   Energies (kJ/mol)
        LJ (SR)   Coulomb (SR)   Coul. recip.      Potential    Kinetic En.
    1.42558e+05   -9.31932e+05    2.11457e+03   -7.87260e+05    1.24277e+05
   Total Energy  Conserved En.    Temperature Pressure (bar)
   -6.62983e+05   -6.54189e+05    2.99537e+02    3.02746e+02

           Step           Time
         514000      257.00000

   Energies (kJ/mol)
        LJ (SR)   Coulomb (SR)   Coul. recip.      Potential    Kinetic En.
    1.40572e+05   -9.30564e+05    2.11255e+03   -7.87880e+05    1.24823e+05
   Total Energy  Conserved En.    Temperature Pressure (bar)
   -6.63057e+05   -6.54179e+05    3.00853e+02    4.31488e+01

           Step           Time
         514500      257.25000

   Energies (kJ/mol)
        LJ (SR)   Coulomb (SR)   Coul. recip.      Potential    Kinetic En.
    1.42011e+05   -9.32204e+05    2.20499e+03   -7.87989e+05    1.25158e+05
   Total Energy  Conserved En.    Temperature Pressure (bar)
   -6.62831e+05   -6.54168e+05    3.01661e+02    1.91488e+02

           Step           Time
         515000      257.50000

   Energies (kJ/mol)
        LJ (SR)   Coulomb (SR)   Coul. recip.      Potential    Kinetic En.
    1.42004e+05   -9.33096e+05    2.19523e+03   -7.88896e+05    1.25768e+05
   Total Energy  Conserved En.    Temperature Pressure (bar)
   -6.63128e+05   -6.54156e+05    3.03132e+02    1.38555e+02

           Step           Time
         515500      257.75000

   Energies (kJ/mol)
        LJ (SR)   Coulomb (SR)   Coul. recip.      Potential    Kinetic En.
    1.42112e+05   -9.33521e+05    2.23245e+03   -7.89177e+05    1.25041e+05
   Total Energy  Conserved En.    Temperature Pressure (bar)
   -6.64136e+05   -6.54144e+05    3.01378e+02    1.49835e+02

           Step           Time
         516000      258.00000

   Energies (kJ/mol)
        LJ (SR)   Coulomb (SR)   Coul. recip.      Potential    Kinetic En.
    1.42381e+05   -9.33284e+05    2.13143e+03   -7.88772e+05    1.24853e+05
   Total Energy  Conserved En.    Temperature Pressure (bar)
   -6.63919e+05   -6.54132e+05    3.00925e+02    1.99203e+02

           Step           Time
         516500      258.25000

   Energies (kJ/mol)
        LJ (SR)   Coulomb (SR)   Coul. recip.      Potential    Kinetic En.
    1.42816e+05   -9.33607e+05    2.15175e+03   -7.88640e+05    1.24510e+05
   Total Energy  Conserved En.    Temperature Pressure (bar)
   -6.64130e+05   -6.54121e+05    3.00100e+02    2.28447e+02

           Step           Time
         517000      258.50000

   Energies (kJ/mol)
        LJ (SR)   Coulomb (SR)   Coul. recip.      Potential    Kinetic En.
    1.38626e+05   -9.29805e+05    2.18989e+03   -7.88990e+05    1.24034e+05
   Total Energy  Conserved En.    Temperature Pressure (bar)
   -6.64956e+05   -6.54111e+05    2.98951e+02   -2.12499e+02

           Step           Time
         517500      258.75000

   Energies (kJ/mol)
        LJ (SR)   Coulomb (SR)   Coul. recip.      Potential    Kinetic En.
    1.42818e+05   -9.35090e+05    2.17538e+03   -7.90097e+05    1.25066e+05
   Total Energy  Conserved En.    Temperature Pressure (bar)
   -6.65031e+05   -6.54100e+05    3.01438e+02    1.75540e+02

           Step           Time
         518000      259.00000

   Energies (kJ/mol)
        LJ (SR)   Coulomb (SR)   Coul. recip.      Potential    Kinetic En.
    1.41224e+05   -9.33336e+05    2.12721e+03   -7.89985e+05    1.24922e+05
   Total Energy  Conserved En.    Temperature Pressure (bar)
   -6.65062e+05   -6.54089e+05    3.01093e+02    4.87800e+01

           Step           Time
         518500      259.25000

   Energies (kJ/mol)
        LJ (SR)   Coulomb (SR)   Coul. recip.      Potential    Kinetic En.
    1.41888e+05   -9.34050e+05    2.06805e+03   -7.90094e+05    1.24434e+05
   Total Energy  Conserved En.    Temperature Pressure (bar)
   -6.65660e+05   -6.54078e+05    2.99916e+02    1.00680e+02

           Step           Time
         519000      259.50000

   Energies (kJ/mol)
        LJ (SR)   Coulomb (SR)   Coul. recip.      Potential    Kinetic En.
    1.40683e+05   -9.33051e+05    2.09456e+03   -7.90273e+05    1.24938e+05
   Total Energy  Conserved En.    Temperature Pressure (bar)
   -6.65335e+05   -6.54066e+05    3.01131e+02   -1.11588e+01

           Step           Time
         519500      259.75000

   Energies (kJ/mol)
        LJ (SR)   Coulomb (SR)   Coul. recip.      Potential    Kinetic En.
    1.41461e+05   -9.32941e+05    2.16203e+03   -7.89319e+05    1.24176e+05
   Total Energy  Conserved En.    Temperature Pressure (bar)
   -6.65143e+05   -6.54056e+05    2.99294e+02    7.93000e+01

           Step           Time
         520000      260.00000

   Energies (kJ/mol)
        LJ (SR)   Coulomb (SR)   Coul. recip.      Potential    Kinetic En.
    1.41929e+05   -9.33726e+05    2.08081e+03   -7.89716e+05    1.24372e+05
   Total Energy  Conserved En.    Temperature Pressure (bar)
   -6.65344e+05   -6.54043e+05    2.99766e+02    1.13987e+02

           Step           Time
         520500      260.25000

   Energies (kJ/mol)
        LJ (SR)   Coulomb (SR)   Coul. recip.      Potential    Kinetic En.
    1.40771e+05   -9.31979e+05    2.13629e+03   -7.89071e+05    1.24351e+05
   Total Energy  Conserved En.    Temperature Pressure (bar)
   -6.64720e+05   -6.54033e+05    2.99716e+02    9.13717e+00

           Step           Time
         521000      260.50000

   Energies (kJ/mol)
        LJ (SR)   Coulomb (SR)   Coul. recip.      Potential    Kinetic En.
    1.41889e+05   -9.33222e+05    2.15109e+03   -7.89182e+05    1.24403e+05
   Total Energy  Conserved En.    Temperature Pressure (bar)
   -6.64779e+05   -6.54020e+05    2.99840e+02    1.37612e+02

           Step           Time
         521500      260.75000

   Energies (kJ/mol)
        LJ (SR)   Coulomb (SR)   Coul. recip.      Potential    Kinetic En.
    1.40303e+05   -9.31495e+05    2.14069e+03   -7.89051e+05    1.24472e+05
   Total Energy  Conserved En.    Temperature Pressure (bar)
   -6.64579e+05   -6.54010e+05    3.00009e+02   -3.22926e+01

           Step           Time
         522000      261.00000

   Energies (kJ/mol)
        LJ (SR)   Coulomb (SR)   Coul. recip.      Potential    Kinetic En.
    1.40752e+05   -9.31872e+05    2.14431e+03   -7.88976e+05    1.24578e+05
   Total Energy  Conserved En.    Temperature Pressure (bar)
   -6.64399e+05   -6.54000e+05    3.00263e+02    4.20700e+01

           Step           Time
         522500      261.25000

   Energies (kJ/mol)
        LJ (SR)   Coulomb (SR)   Coul. recip.      Potential    Kinetic En.
    1.40776e+05   -9.31347e+05    2.17980e+03   -7.88391e+05    1.24319e+05
   Total Energy  Conserved En.    Temperature Pressure (bar)
   -6.64072e+05   -6.53987e+05    2.99640e+02    5.41351e+01

           Step           Time
         523000      261.50000

   Energies (kJ/mol)
        LJ (SR)   Coulomb (SR)   Coul. recip.      Potential    Kinetic En.
    1.40922e+05   -9.31069e+05    2.08876e+03   -7.88058e+05    1.24223e+05
   Total Energy  Conserved En.    Temperature Pressure (bar)
   -6.63835e+05   -6.53975e+05    2.99407e+02    7.76505e+01

           Step           Time
         523500      261.75000

   Energies (kJ/mol)
        LJ (SR)   Coulomb (SR)   Coul. recip.      Potential    Kinetic En.
    1.41784e+05   -9.33000e+05    2.11036e+03   -7.89106e+05    1.24748e+05
   Total Energy  Conserved En.    Temperature Pressure (bar)
   -6.64358e+05   -6.53965e+05    3.00673e+02    1.31228e+02

           Step           Time
         524000      262.00000

   Energies (kJ/mol)
        LJ (SR)   Coulomb (SR)   Coul. recip.      Potential    Kinetic En.
    1.41320e+05   -9.32343e+05    2.09755e+03   -7.88926e+05    1.24236e+05
   Total Energy  Conserved En.    Temperature Pressure (bar)
   -6.64690e+05   -6.53952e+05    2.99439e+02    1.15394e+02

           Step           Time
         524500      262.25000

   Energies (kJ/mol)
        LJ (SR)   Coulomb (SR)   Coul. recip.      Potential    Kinetic En.
    1.40912e+05   -9.32220e+05    2.15971e+03   -7.89148e+05    1.24419e+05
   Total Energy  Conserved En.    Temperature Pressure (bar)
   -6.64730e+05   -6.53941e+05    2.99879e+02    2.93170e+01

           Step           Time
         525000      262.50000

   Energies (kJ/mol)
        LJ (SR)   Coulomb (SR)   Coul. recip.      Potential    Kinetic En.
    1.40140e+05   -9.30461e+05    2.07948e+03   -7.88241e+05    1.23718e+05
   Total Energy  Conserved En.    Temperature Pressure (bar)
   -6.64523e+05   -6.53930e+05    2.98190e+02   -1.40818e+01

           Step           Time
         525500      262.75000

   Energies (kJ/mol)
        LJ (SR)   Coulomb (SR)   Coul. recip.      Potential    Kinetic En.
    1.39925e+05   -9.31194e+05    2.05249e+03   -7.89217e+05    1.24823e+05
   Total Energy  Conserved En.    Temperature Pressure (bar)
   -6.64394e+05   -6.53920e+05    3.00854e+02   -6.86411e+01

           Step           Time
         526000      263.00000

   Energies (kJ/mol)
        LJ (SR)   Coulomb (SR)   Coul. recip.      Potential    Kinetic En.
    1.39789e+05   -9.29667e+05    2.07153e+03   -7.87806e+05    1.23996e+05
   Total Energy  Conserved En.    Temperature Pressure (bar)
   -6.63810e+05   -6.53909e+05    2.98860e+02   -2.98029e+01

           Step           Time
         526500      263.25000

   Energies (kJ/mol)
        LJ (SR)   Coulomb (SR)   Coul. recip.      Potential    Kinetic En.
    1.39235e+05   -9.29234e+05    2.08281e+03   -7.87916e+05    1.24593e+05
   Total Energy  Conserved En.    Temperature Pressure (bar)
   -6.63323e+05   -6.53897e+05    3.00300e+02   -1.11527e+02

           Step           Time
         527000      263.50000

   Energies (kJ/mol)
        LJ (SR)   Coulomb (SR)   Coul. recip.      Potential    Kinetic En.
    1.40616e+05   -9.30586e+05    2.09001e+03   -7.87880e+05    1.24616e+05
   Total Energy  Conserved En.    Temperature Pressure (bar)
   -6.63264e+05   -6.53884e+05    3.00355e+02    4.97507e+01

           Step           Time
         527500      263.75000

   Energies (kJ/mol)
        LJ (SR)   Coulomb (SR)   Coul. recip.      Potential    Kinetic En.
    1.41186e+05   -9.32032e+05    2.04094e+03   -7.88806e+05    1.25454e+05
   Total Energy  Conserved En.    Temperature Pressure (bar)
   -6.63352e+05   -6.53874e+05    3.02374e+02    1.07789e+02

           Step           Time
         528000      264.00000

   Energies (kJ/mol)
        LJ (SR)   Coulomb (SR)   Coul. recip.      Potential    Kinetic En.
    1.40614e+05   -9.31013e+05    2.09859e+03   -7.88300e+05    1.24608e+05
   Total Energy  Conserved En.    Temperature Pressure (bar)
   -6.63692e+05   -6.53862e+05    3.00337e+02    3.58345e+01

           Step           Time
         528500      264.25000

   Energies (kJ/mol)
        LJ (SR)   Coulomb (SR)   Coul. recip.      Potential    Kinetic En.
    1.40671e+05   -9.30917e+05    2.15494e+03   -7.88091e+05    1.24299e+05
   Total Energy  Conserved En.    Temperature Pressure (bar)
   -6.63792e+05   -6.53850e+05    2.99590e+02    4.25922e+01

           Step           Time
         529000      264.50000

   Energies (kJ/mol)
        LJ (SR)   Coulomb (SR)   Coul. recip.      Potential    Kinetic En.
    1.40283e+05   -9.29829e+05    2.13103e+03   -7.87415e+05    1.23510e+05
   Total Energy  Conserved En.    Temperature Pressure (bar)
   -6.63905e+05   -6.53839e+05    2.97689e+02    6.40845e+00

           Step           Time
         529500      264.75000

   Energies (kJ/mol)
        LJ (SR)   Coulomb (SR)   Coul. recip.      Potential    Kinetic En.
    1.42190e+05   -9.33081e+05    2.15312e+03   -7.88738e+05    1.24478e+05
   Total Energy  Conserved En.    Temperature Pressure (bar)
   -6.64260e+05   -6.53827e+05    3.00022e+02    1.92473e+02

           Step           Time
         530000      265.00000

   Energies (kJ/mol)
        LJ (SR)   Coulomb (SR)   Coul. recip.      Potential    Kinetic En.
    1.41339e+05   -9.32284e+05    2.02416e+03   -7.88921e+05    1.24345e+05
   Total Energy  Conserved En.    Temperature Pressure (bar)
   -6.64576e+05   -6.53814e+05    2.99702e+02    8.51450e+01

           Step           Time
         530500      265.25000

   Energies (kJ/mol)
        LJ (SR)   Coulomb (SR)   Coul. recip.      Potential    Kinetic En.
    1.40397e+05   -9.31700e+05    2.09174e+03   -7.89211e+05    1.24847e+05
   Total Energy  Conserved En.    Temperature Pressure (bar)
   -6.64364e+05   -6.53804e+05    3.00912e+02    2.84716e+01

           Step           Time
         531000      265.50000

   Energies (kJ/mol)
        LJ (SR)   Coulomb (SR)   Coul. recip.      Potential    Kinetic En.
    1.40456e+05   -9.31288e+05    2.11714e+03   -7.88715e+05    1.24016e+05
   Total Energy  Conserved En.    Temperature Pressure (bar)
   -6.64699e+05   -6.53794e+05    2.98908e+02   -1.17322e+01

           Step           Time
         531500      265.75000

   Energies (kJ/mol)
        LJ (SR)   Coulomb (SR)   Coul. recip.      Potential    Kinetic En.
    1.41879e+05   -9.33439e+05    2.19340e+03   -7.89367e+05    1.24429e+05
   Total Energy  Conserved En.    Temperature Pressure (bar)
   -6.64938e+05   -6.53782e+05    2.99904e+02    1.10245e+02

           Step           Time
         532000      266.00000

   Energies (kJ/mol)
        LJ (SR)   Coulomb (SR)   Coul. recip.      Potential    Kinetic En.
    1.42304e+05   -9.32352e+05    2.12885e+03   -7.87919e+05    1.23623e+05
   Total Energy  Conserved En.    Temperature Pressure (bar)
   -6.64296e+05   -6.53769e+05    2.97961e+02    2.24633e+02

           Step           Time
         532500      266.25000

   Energies (kJ/mol)
        LJ (SR)   Coulomb (SR)   Coul. recip.      Potential    Kinetic En.
    1.42449e+05   -9.34325e+05    2.06003e+03   -7.89816e+05    1.25689e+05
   Total Energy  Conserved En.    Temperature Pressure (bar)
   -6.64127e+05   -6.53759e+05    3.02941e+02    1.68881e+02

           Step           Time
         533000      266.50000

   Energies (kJ/mol)
        LJ (SR)   Coulomb (SR)   Coul. recip.      Potential    Kinetic En.
    1.40573e+05   -9.31789e+05    2.20462e+03   -7.89011e+05    1.24807e+05
   Total Energy  Conserved En.    Temperature Pressure (bar)
   -6.64204e+05   -6.53748e+05    3.00816e+02   -2.00446e+00

           Step           Time
         533500      266.75000

   Energies (kJ/mol)
        LJ (SR)   Coulomb (SR)   Coul. recip.      Potential    Kinetic En.
    1.41325e+05   -9.32322e+05    2.17362e+03   -7.88824e+05    1.24688e+05
   Total Energy  Conserved En.    Temperature Pressure (bar)
   -6.64136e+05   -6.53738e+05    3.00528e+02    8.46530e+01

           Step           Time
         534000      267.00000

   Energies (kJ/mol)
        LJ (SR)   Coulomb (SR)   Coul. recip.      Potential    Kinetic En.
    1.41021e+05   -9.32429e+05    2.04067e+03   -7.89368e+05    1.25160e+05
   Total Energy  Conserved En.    Temperature Pressure (bar)
   -6.64207e+05   -6.53726e+05    3.01667e+02    2.01126e+01

           Step           Time
         534500      267.25000

   Energies (kJ/mol)
        LJ (SR)   Coulomb (SR)   Coul. recip.      Potential    Kinetic En.
    1.41291e+05   -9.32696e+05    2.10868e+03   -7.89297e+05    1.25241e+05
   Total Energy  Conserved En.    Temperature Pressure (bar)
   -6.64056e+05   -6.53714e+05    3.01862e+02    8.28413e+01

           Step           Time
         535000      267.50000

   Energies (kJ/mol)
        LJ (SR)   Coulomb (SR)   Coul. recip.      Potential    Kinetic En.
    1.40527e+05   -9.31272e+05    2.09206e+03   -7.88653e+05    1.23944e+05
   Total Energy  Conserved En.    Temperature Pressure (bar)
   -6.64709e+05   -6.53703e+05    2.98734e+02    9.46706e-02

           Step           Time
         535500      267.75000

   Energies (kJ/mol)
        LJ (SR)   Coulomb (SR)   Coul. recip.      Potential    Kinetic En.
    1.38855e+05   -9.30229e+05    2.16608e+03   -7.89208e+05    1.24787e+05
   Total Energy  Conserved En.    Temperature Pressure (bar)
   -6.64421e+05   -6.53692e+05    3.00767e+02   -1.89038e+02

           Step           Time
         536000      268.00000

   Energies (kJ/mol)
        LJ (SR)   Coulomb (SR)   Coul. recip.      Potential    Kinetic En.
    1.39895e+05   -9.31638e+05    2.09844e+03   -7.89645e+05    1.24971e+05
   Total Energy  Conserved En.    Temperature Pressure (bar)
   -6.64674e+05   -6.53681e+05    3.01210e+02   -1.15701e+02

           Step           Time
         536500      268.25000

   Energies (kJ/mol)
        LJ (SR)   Coulomb (SR)   Coul. recip.      Potential    Kinetic En.
    1.40029e+05   -9.31067e+05    2.01170e+03   -7.89026e+05    1.24072e+05
   Total Energy  Conserved En.    Temperature Pressure (bar)
   -6.64954e+05   -6.53669e+05    2.99044e+02   -7.04147e+01

           Step           Time
         537000      268.50000

   Energies (kJ/mol)
        LJ (SR)   Coulomb (SR)   Coul. recip.      Potential    Kinetic En.
    1.40227e+05   -9.31440e+05    2.10764e+03   -7.89105e+05    1.24162e+05
   Total Energy  Conserved En.    Temperature Pressure (bar)
   -6.64943e+05   -6.53659e+05    2.99261e+02   -5.37615e+01

           Step           Time
         537500      268.75000

   Energies (kJ/mol)
        LJ (SR)   Coulomb (SR)   Coul. recip.      Potential    Kinetic En.
    1.42145e+05   -9.34362e+05    2.10481e+03   -7.90112e+05    1.25774e+05
   Total Energy  Conserved En.    Temperature Pressure (bar)
   -6.64338e+05   -6.53647e+05    3.03146e+02    1.36566e+02

           Step           Time
         538000      269.00000

   Energies (kJ/mol)
        LJ (SR)   Coulomb (SR)   Coul. recip.      Potential    Kinetic En.
    1.40875e+05   -9.32107e+05    2.04105e+03   -7.89191e+05    1.24815e+05
   Total Energy  Conserved En.    Temperature Pressure (bar)
   -6.64376e+05   -6.53636e+05    3.00835e+02    2.06963e+01

           Step           Time
         538500      269.25000

   Energies (kJ/mol)
        LJ (SR)   Coulomb (SR)   Coul. recip.      Potential    Kinetic En.
    1.40516e+05   -9.31563e+05    2.10288e+03   -7.88944e+05    1.24258e+05
   Total Energy  Conserved En.    Temperature Pressure (bar)
   -6.64686e+05   -6.53625e+05    2.99492e+02   -2.06001e+01

           Step           Time
         539000      269.50000

   Energies (kJ/mol)
        LJ (SR)   Coulomb (SR)   Coul. recip.      Potential    Kinetic En.
    1.40566e+05   -9.31672e+05    2.03301e+03   -7.89073e+05    1.24455e+05
   Total Energy  Conserved En.    Temperature Pressure (bar)
   -6.64618e+05   -6.53614e+05    2.99967e+02   -4.80028e+01

           Step           Time
         539500      269.75000

   Energies (kJ/mol)
        LJ (SR)   Coulomb (SR)   Coul. recip.      Potential    Kinetic En.
    1.40034e+05   -9.31137e+05    1.98881e+03   -7.89114e+05    1.24423e+05
   Total Energy  Conserved En.    Temperature Pressure (bar)
   -6.64690e+05   -6.53602e+05    2.99891e+02   -6.35348e+01

           Step           Time
         540000      270.00000

   Energies (kJ/mol)
        LJ (SR)   Coulomb (SR)   Coul. recip.      Potential    Kinetic En.
    1.42506e+05   -9.33778e+05    2.06205e+03   -7.89210e+05    1.24898e+05
   Total Energy  Conserved En.    Temperature Pressure (bar)
   -6.64313e+05   -6.53591e+05    3.01033e+02    2.00006e+02

           Step           Time
         540500      270.25000

   Energies (kJ/mol)
        LJ (SR)   Coulomb (SR)   Coul. recip.      Potential    Kinetic En.
    1.42014e+05   -9.33705e+05    2.07807e+03   -7.89613e+05    1.24751e+05
   Total Energy  Conserved En.    Temperature Pressure (bar)
   -6.64862e+05   -6.53580e+05    3.00680e+02    1.18518e+02

           Step           Time
         541000      270.50000

   Energies (kJ/mol)
        LJ (SR)   Coulomb (SR)   Coul. recip.      Potential    Kinetic En.
    1.40994e+05   -9.32309e+05    2.17413e+03   -7.89141e+05    1.23472e+05
   Total Energy  Conserved En.    Temperature Pressure (bar)
   -6.65669e+05   -6.53569e+05    2.97597e+02   -1.86040e+01

           Step           Time
         541500      270.75000

   Energies (kJ/mol)
        LJ (SR)   Coulomb (SR)   Coul. recip.      Potential    Kinetic En.
    1.40674e+05   -9.31616e+05    2.14260e+03   -7.88800e+05    1.23059e+05
   Total Energy  Conserved En.    Temperature Pressure (bar)
   -6.65741e+05   -6.53556e+05    2.96601e+02    4.94733e+01

           Step           Time
         542000      271.00000

   Energies (kJ/mol)
        LJ (SR)   Coulomb (SR)   Coul. recip.      Potential    Kinetic En.
    1.41135e+05   -9.33245e+05    2.19592e+03   -7.89914e+05    1.23942e+05
   Total Energy  Conserved En.    Temperature Pressure (bar)
   -6.65972e+05   -6.53545e+05    2.98730e+02   -3.13102e+00

           Step           Time
         542500      271.25000

   Energies (kJ/mol)
        LJ (SR)   Coulomb (SR)   Coul. recip.      Potential    Kinetic En.
    1.40932e+05   -9.32688e+05    2.21765e+03   -7.89539e+05    1.23746e+05
   Total Energy  Conserved En.    Temperature Pressure (bar)
   -6.65792e+05   -6.53534e+05    2.98259e+02   -2.01377e+00

           Step           Time
         543000      271.50000

   Energies (kJ/mol)
        LJ (SR)   Coulomb (SR)   Coul. recip.      Potential    Kinetic En.
    1.40180e+05   -9.31503e+05    2.12136e+03   -7.89202e+05    1.23454e+05
   Total Energy  Conserved En.    Temperature Pressure (bar)
   -6.65747e+05   -6.53523e+05    2.97555e+02   -7.99571e+01

           Step           Time
         543500      271.75000

   Energies (kJ/mol)
        LJ (SR)   Coulomb (SR)   Coul. recip.      Potential    Kinetic En.
    1.41128e+05   -9.33157e+05    2.04653e+03   -7.89982e+05    1.23969e+05
   Total Energy  Conserved En.    Temperature Pressure (bar)
   -6.66013e+05   -6.53512e+05    2.98795e+02    2.00163e+01

           Step           Time
         544000      272.00000

   Energies (kJ/mol)
        LJ (SR)   Coulomb (SR)   Coul. recip.      Potential    Kinetic En.
    1.41941e+05   -9.34478e+05    2.03057e+03   -7.90507e+05    1.23972e+05
   Total Energy  Conserved En.    Temperature Pressure (bar)
   -6.66535e+05   -6.53499e+05    2.98802e+02    5.42514e+01

           Step           Time
         544500      272.25000

   Energies (kJ/mol)
        LJ (SR)   Coulomb (SR)   Coul. recip.      Potential    Kinetic En.
    1.42057e+05   -9.34663e+05    2.02609e+03   -7.90580e+05    1.24656e+05
   Total Energy  Conserved En.    Temperature Pressure (bar)
   -6.65924e+05   -6.53488e+05    3.00452e+02    8.91892e+01

           Step           Time
         545000      272.50000

   Energies (kJ/mol)
        LJ (SR)   Coulomb (SR)   Coul. recip.      Potential    Kinetic En.
    1.41817e+05   -9.34218e+05    2.12566e+03   -7.90275e+05    1.24558e+05
   Total Energy  Conserved En.    Temperature Pressure (bar)
   -6.65717e+05   -6.53478e+05    3.00215e+02    6.68145e+01

           Step           Time
         545500      272.75000

   Energies (kJ/mol)
        LJ (SR)   Coulomb (SR)   Coul. recip.      Potential    Kinetic En.
    1.42060e+05   -9.34083e+05    2.08467e+03   -7.89939e+05    1.24824e+05
   Total Energy  Conserved En.    Temperature Pressure (bar)
   -6.65115e+05   -6.53466e+05    3.00857e+02    1.01849e+02

           Step           Time
         546000      273.00000

   Energies (kJ/mol)
        LJ (SR)   Coulomb (SR)   Coul. recip.      Potential    Kinetic En.
    1.41317e+05   -9.33492e+05    2.11586e+03   -7.90059e+05    1.24449e+05
   Total Energy  Conserved En.    Temperature Pressure (bar)
   -6.65610e+05   -6.53455e+05    2.99953e+02    2.65864e+01

           Step           Time
         546500      273.25000

   Energies (kJ/mol)
        LJ (SR)   Coulomb (SR)   Coul. recip.      Potential    Kinetic En.
    1.42388e+05   -9.34201e+05    2.12872e+03   -7.89685e+05    1.23933e+05
   Total Energy  Conserved En.    Temperature Pressure (bar)
   -6.65752e+05   -6.53443e+05    2.98708e+02    1.19780e+02

           Step           Time
         547000      273.50000

   Energies (kJ/mol)
        LJ (SR)   Coulomb (SR)   Coul. recip.      Potential    Kinetic En.
    1.41353e+05   -9.33296e+05    2.16706e+03   -7.89776e+05    1.24459e+05
   Total Energy  Conserved En.    Temperature Pressure (bar)
   -6.65317e+05   -6.53431e+05    2.99976e+02    3.12339e+01

           Step           Time
         547500      273.75000

   Energies (kJ/mol)
        LJ (SR)   Coulomb (SR)   Coul. recip.      Potential    Kinetic En.
    1.42035e+05   -9.34801e+05    2.06596e+03   -7.90699e+05    1.24864e+05
   Total Energy  Conserved En.    Temperature Pressure (bar)
   -6.65835e+05   -6.53422e+05    3.00954e+02    5.85070e+01

           Step           Time
         548000      274.00000

   Energies (kJ/mol)
        LJ (SR)   Coulomb (SR)   Coul. recip.      Potential    Kinetic En.
    1.42150e+05   -9.34958e+05    2.10082e+03   -7.90707e+05    1.24636e+05
   Total Energy  Conserved En.    Temperature Pressure (bar)
   -6.66071e+05   -6.53410e+05    3.00403e+02    6.62344e+01

           Step           Time
         548500      274.25000

   Energies (kJ/mol)
        LJ (SR)   Coulomb (SR)   Coul. recip.      Potential    Kinetic En.
    1.40804e+05   -9.33214e+05    2.12228e+03   -7.90288e+05    1.24045e+05
   Total Energy  Conserved En.    Temperature Pressure (bar)
   -6.66242e+05   -6.53399e+05    2.98980e+02   -1.00465e+01

           Step           Time
         549000      274.50000

Writing checkpoint, step 549000 at Sun Sep  6 17:35:13 2026


   Energies (kJ/mol)
        LJ (SR)   Coulomb (SR)   Coul. recip.      Potential    Kinetic En.
    1.41815e+05   -9.33678e+05    2.17987e+03   -7.89684e+05    1.24360e+05
   Total Energy  Conserved En.    Temperature Pressure (bar)
   -6.65324e+05   -6.53387e+05    2.99737e+02    8.90667e+01

Writing checkpoint, step 549100 at Sun Sep  6 17:35:15 2026


Writing checkpoint, step 549200 at Sun Sep  6 17:35:17 2026


           Step           Time
         549500      274.75000

Writing checkpoint, step 549500 at Sun Sep  6 18:28:45 2026


   Energies (kJ/mol)
        LJ (SR)   Coulomb (SR)   Coul. recip.      Potential    Kinetic En.
    1.40049e+05   -9.31950e+05    2.12281e+03   -7.89778e+05    1.24857e+05
   Total Energy  Conserved En.    Temperature Pressure (bar)
   -6.64921e+05   -6.53376e+05    3.00937e+02   -1.15305e+02

Writing checkpoint, step 549600 at Sun Sep  6 18:28:47 2026


Writing checkpoint, step 549700 at Sun Sep  6 18:28:51 2026


Writing checkpoint, step 549800 at Sun Sep  6 18:28:58 2026


           Step           Time
         550000      275.00000

   Energies (kJ/mol)
        LJ (SR)   Coulomb (SR)   Coul. recip.      Potential    Kinetic En.
    1.41328e+05   -9.32931e+05    2.15175e+03   -7.89451e+05    1.25354e+05
   Total Energy  Conserved En.    Temperature Pressure (bar)
   -6.64097e+05   -6.53364e+05    3.02133e+02    2.90228e+01

Writing checkpoint, step 550200 at Sun Sep  6 18:52:21 2026


           Step           Time
         550500      275.25000

Writing checkpoint, step 550500 at Sun Sep  6 18:52:28 2026


   Energies (kJ/mol)
        LJ (SR)   Coulomb (SR)   Coul. recip.      Potential    Kinetic En.
    1.41728e+05   -9.33274e+05    2.08454e+03   -7.89462e+05    1.25308e+05
   Total Energy  Conserved En.    Temperature Pressure (bar)
   -6.64153e+05   -6.53353e+05    3.02024e+02    9.92239e+01

           Step           Time
         551000      275.50000

   Energies (kJ/mol)
        LJ (SR)   Coulomb (SR)   Coul. recip.      Potential    Kinetic En.
    1.40456e+05   -9.31787e+05    2.09097e+03   -7.89240e+05    1.24513e+05
   Total Energy  Conserved En.    Temperature Pressure (bar)
   -6.64727e+05   -6.53341e+05    3.00107e+02   -1.21949e+01

Writing checkpoint, step 551200 at Sun Sep  6 19:53:22 2026


Writing checkpoint, step 551300 at Sun Sep  6 19:53:24 2026


Writing checkpoint, step 551400 at Sun Sep  6 19:53:26 2026


           Step           Time
         551500      275.75000

Writing checkpoint, step 551500 at Sun Sep  6 19:53:28 2026


   Energies (kJ/mol)
        LJ (SR)   Coulomb (SR)   Coul. recip.      Potential    Kinetic En.
    1.40477e+05   -9.32137e+05    2.11361e+03   -7.89546e+05    1.24732e+05
   Total Energy  Conserved En.    Temperature Pressure (bar)
   -6.64815e+05   -6.53330e+05    3.00633e+02    7.05252e+00

           Step           Time
         552000      276.00000

   Energies (kJ/mol)
        LJ (SR)   Coulomb (SR)   Coul. recip.      Potential    Kinetic En.
    1.40977e+05   -9.32946e+05    2.09840e+03   -7.89871e+05    1.24632e+05
   Total Energy  Conserved En.    Temperature Pressure (bar)
   -6.65239e+05   -6.53319e+05    3.00394e+02   -1.97756e+00

           Step           Time
         552500      276.25000

   Energies (kJ/mol)
        LJ (SR)   Coulomb (SR)   Coul. recip.      Potential    Kinetic En.
    1.41576e+05   -9.33726e+05    2.05856e+03   -7.90092e+05    1.24447e+05
   Total Energy  Conserved En.    Temperature Pressure (bar)
   -6.65645e+05   -6.53306e+05    2.99948e+02    3.87017e+01

           Step           Time
         553000      276.50000

   Energies (kJ/mol)
        LJ (SR)   Coulomb (SR)   Coul. recip.      Potential    Kinetic En.
    1.40498e+05   -9.32723e+05    2.10506e+03   -7.90120e+05    1.24099e+05
   Total Energy  Conserved En.    Temperature Pressure (bar)
   -6.66021e+05   -6.53296e+05    2.99108e+02   -6.54008e+01

           Step           Time
         553500      276.75000

   Energies (kJ/mol)
        LJ (SR)   Coulomb (SR)   Coul. recip.      Potential    Kinetic En.
    1.41310e+05   -9.33103e+05    2.11822e+03   -7.89675e+05    1.23786e+05
   Total Energy  Conserved En.    Temperature Pressure (bar)
   -6.65888e+05   -6.53284e+05    2.98355e+02    3.60991e+01

           Step           Time
         554000      277.00000

   Energies (kJ/mol)
        LJ (SR)   Coulomb (SR)   Coul. recip.      Potential    Kinetic En.
    1.41234e+05   -9.33421e+05    2.11666e+03   -7.90070e+05    1.24342e+05
   Total Energy  Conserved En.    Temperature Pressure (bar)
   -6.65728e+05   -6.53272e+05    2.99695e+02    2.84541e+01

           Step           Time
         554500      277.25000

   Energies (kJ/mol)
        LJ (SR)   Coulomb (SR)   Coul. recip.      Potential    Kinetic En.
    1.42219e+05   -9.34356e+05    2.07510e+03   -7.90063e+05    1.24993e+05
   Total Energy  Conserved En.    Temperature Pressure (bar)
   -6.65069e+05   -6.53262e+05    3.01265e+02    1.46307e+02

           Step           Time
         555000      277.50000

   Energies (kJ/mol)
        LJ (SR)   Coulomb (SR)   Coul. recip.      Potential    Kinetic En.
    1.40455e+05   -9.31700e+05    2.13952e+03   -7.89105e+05    1.24001e+05
   Total Energy  Conserved En.    Temperature Pressure (bar)
   -6.65103e+05   -6.53251e+05    2.98873e+02   -3.86884e+01

           Step           Time
         555500      277.75000

   Energies (kJ/mol)
        LJ (SR)   Coulomb (SR)   Coul. recip.      Potential    Kinetic En.
    1.39281e+05   -9.30518e+05    2.06149e+03   -7.89176e+05    1.23927e+05
   Total Energy  Conserved En.    Temperature Pressure (bar)
   -6.65249e+05   -6.53241e+05    2.98694e+02   -1.31316e+02

           Step           Time
         556000      278.00000

   Energies (kJ/mol)
        LJ (SR)   Coulomb (SR)   Coul. recip.      Potential    Kinetic En.
    1.41520e+05   -9.33767e+05    2.12731e+03   -7.90119e+05    1.24722e+05
   Total Energy  Conserved En.    Temperature Pressure (bar)
   -6.65397e+05   -6.53228e+05    3.00611e+02    8.29427e+01

           Step           Time
         556500      278.25000

   Energies (kJ/mol)
        LJ (SR)   Coulomb (SR)   Coul. recip.      Potential    Kinetic En.
    1.39931e+05   -9.32529e+05    2.09110e+03   -7.90507e+05    1.24900e+05
   Total Energy  Conserved En.    Temperature Pressure (bar)
   -6.65607e+05   -6.53217e+05    3.01038e+02   -8.66531e+01

           Step           Time
         557000      278.50000

   Energies (kJ/mol)
        LJ (SR)   Coulomb (SR)   Coul. recip.      Potential    Kinetic En.
    1.39606e+05   -9.31784e+05    2.10784e+03   -7.90071e+05    1.24556e+05
   Total Energy  Conserved En.    Temperature Pressure (bar)
   -6.65516e+05   -6.53205e+05    3.00209e+02   -1.56620e+02

           Step           Time
         557500      278.75000

   Energies (kJ/mol)
        LJ (SR)   Coulomb (SR)   Coul. recip.      Potential    Kinetic En.
    1.43607e+05   -9.35087e+05    2.14990e+03   -7.89330e+05    1.23567e+05
   Total Energy  Conserved En.    Temperature Pressure (bar)
   -6.65763e+05   -6.53193e+05    2.97828e+02    2.95684e+02

           Step           Time
         558000      279.00000

   Energies (kJ/mol)
        LJ (SR)   Coulomb (SR)   Coul. recip.      Potential    Kinetic En.
    1.41063e+05   -9.32058e+05    2.08508e+03   -7.88909e+05    1.23972e+05
   Total Energy  Conserved En.    Temperature Pressure (bar)
   -6.64937e+05   -6.53182e+05    2.98802e+02    5.97908e+01

           Step           Time
         558500      279.25000

   Energies (kJ/mol)
        LJ (SR)   Coulomb (SR)   Coul. recip.      Potential    Kinetic En.
    1.43195e+05   -9.35316e+05    2.11257e+03   -7.90009e+05    1.24326e+05
   Total Energy  Conserved En.    Temperature Pressure (bar)
   -6.65683e+05   -6.53170e+05    2.99657e+02    2.31850e+02

           Step           Time
         559000      279.50000

   Energies (kJ/mol)
        LJ (SR)   Coulomb (SR)   Coul. recip.      Potential    Kinetic En.
    1.40818e+05   -9.33641e+05    2.13295e+03   -7.90690e+05    1.24402e+05
   Total Energy  Conserved En.    Temperature Pressure (bar)
   -6.66288e+05   -6.53160e+05    2.99840e+02   -4.82269e+01

           Step           Time
         559500      279.75000

   Energies (kJ/mol)
        LJ (SR)   Coulomb (SR)   Coul. recip.      Potential    Kinetic En.
    1.40162e+05   -9.33167e+05    2.15191e+03   -7.90853e+05    1.23959e+05
   Total Energy  Conserved En.    Temperature Pressure (bar)
   -6.66894e+05   -6.53148e+05    2.98772e+02   -1.29847e+02

           Step           Time
         560000      280.00000

   Energies (kJ/mol)
        LJ (SR)   Coulomb (SR)   Coul. recip.      Potential    Kinetic En.
    1.41526e+05   -9.35126e+05    2.05585e+03   -7.91544e+05    1.24139e+05
   Total Energy  Conserved En.    Temperature Pressure (bar)
   -6.67405e+05   -6.53136e+05    2.99206e+02   -1.62050e+01

           Step           Time
         560500      280.25000

   Energies (kJ/mol)
        LJ (SR)   Coulomb (SR)   Coul. recip.      Potential    Kinetic En.
    1.40673e+05   -9.33010e+05    2.12683e+03   -7.90211e+05    1.23792e+05
   Total Energy  Conserved En.    Temperature Pressure (bar)
   -6.66419e+05   -6.53126e+05    2.98369e+02   -5.40115e+01

           Step           Time
         561000      280.50000

   Energies (kJ/mol)
        LJ (SR)   Coulomb (SR)   Coul. recip.      Potential    Kinetic En.
    1.42900e+05   -9.35606e+05    2.03012e+03   -7.90676e+05    1.24267e+05
   Total Energy  Conserved En.    Temperature Pressure (bar)
   -6.66409e+05   -6.53115e+05    2.99513e+02    1.72375e+02

           Step           Time
         561500      280.75000

   Energies (kJ/mol)
        LJ (SR)   Coulomb (SR)   Coul. recip.      Potential    Kinetic En.
    1.40587e+05   -9.32922e+05    2.15757e+03   -7.90177e+05    1.23742e+05
   Total Energy  Conserved En.    Temperature Pressure (bar)
   -6.66435e+05   -6.53104e+05    2.98248e+02   -5.60404e+01

           Step           Time
         562000      281.00000

   Energies (kJ/mol)
        LJ (SR)   Coulomb (SR)   Coul. recip.      Potential    Kinetic En.
    1.41566e+05   -9.33752e+05    2.06788e+03   -7.90118e+05    1.23856e+05
   Total Energy  Conserved En.    Temperature Pressure (bar)
   -6.66262e+05   -6.53092e+05    2.98522e+02    4.80459e+01

           Step           Time
         562500      281.25000

   Energies (kJ/mol)
        LJ (SR)   Coulomb (SR)   Coul. recip.      Potential    Kinetic En.
    1.40816e+05   -9.32396e+05    2.08094e+03   -7.89498e+05    1.23995e+05
   Total Energy  Conserved En.    Temperature Pressure (bar)
   -6.65503e+05   -6.53082e+05    2.98859e+02    7.76712e+00

           Step           Time
         563000      281.50000

   Energies (kJ/mol)
        LJ (SR)   Coulomb (SR)   Coul. recip.      Potential    Kinetic En.
    1.40138e+05   -9.32283e+05    2.12348e+03   -7.90022e+05    1.24580e+05
   Total Energy  Conserved En.    Temperature Pressure (bar)
   -6.65442e+05   -6.53071e+05    3.00269e+02   -9.97953e+01

           Step           Time
         563500      281.75000

   Energies (kJ/mol)
        LJ (SR)   Coulomb (SR)   Coul. recip.      Potential    Kinetic En.
    1.39878e+05   -9.31235e+05    2.15147e+03   -7.89205e+05    1.23560e+05
   Total Energy  Conserved En.    Temperature Pressure (bar)
   -6.65646e+05   -6.53058e+05    2.97809e+02   -8.60029e+01

           Step           Time
         564000      282.00000

   Energies (kJ/mol)
        LJ (SR)   Coulomb (SR)   Coul. recip.      Potential    Kinetic En.
    1.41030e+05   -9.32694e+05    2.20352e+03   -7.89461e+05    1.23695e+05
   Total Energy  Conserved En.    Temperature Pressure (bar)
   -6.65766e+05   -6.53048e+05    2.98135e+02    9.58198e+00

           Step           Time
         564500      282.25000

   Energies (kJ/mol)
        LJ (SR)   Coulomb (SR)   Coul. recip.      Potential    Kinetic En.
    1.40320e+05   -9.31525e+05    2.17155e+03   -7.89033e+05    1.23865e+05
   Total Energy  Conserved En.    Temperature Pressure (bar)
   -6.65169e+05   -6.53037e+05    2.98544e+02   -4.89953e+01

           Step           Time
         565000      282.50000

   Energies (kJ/mol)
        LJ (SR)   Coulomb (SR)   Coul. recip.      Potential    Kinetic En.
    1.40894e+05   -9.31708e+05    2.11411e+03   -7.88700e+05    1.24056e+05
   Total Energy  Conserved En.    Temperature Pressure (bar)
   -6.64644e+05   -6.53026e+05    2.99006e+02    3.97839e+01

           Step           Time
         565500      282.75000

   Energies (kJ/mol)
        LJ (SR)   Coulomb (SR)   Coul. recip.      Potential    Kinetic En.
    1.42449e+05   -9.33540e+05    2.14497e+03   -7.88946e+05    1.24646e+05
   Total Energy  Conserved En.    Temperature Pressure (bar)
   -6.64300e+05   -6.53014e+05    3.00428e+02    1.73398e+02

           Step           Time
         566000      283.00000

   Energies (kJ/mol)
        LJ (SR)   Coulomb (SR)   Coul. recip.      Potential    Kinetic En.
    1.40279e+05   -9.31774e+05    2.16681e+03   -7.89329e+05    1.25238e+05
   Total Energy  Conserved En.    Temperature Pressure (bar)
   -6.64091e+05   -6.53003e+05    3.01853e+02   -3.47882e+01

           Step           Time
         566500      283.25000

   Energies (kJ/mol)
        LJ (SR)   Coulomb (SR)   Coul. recip.      Potential    Kinetic En.
    1.39962e+05   -9.30691e+05    2.18014e+03   -7.88550e+05    1.24543e+05
   Total Energy  Conserved En.    Temperature Pressure (bar)
   -6.64006e+05   -6.52991e+05    3.00180e+02   -5.27399e+01

           Step           Time
         567000      283.50000

   Energies (kJ/mol)
        LJ (SR)   Coulomb (SR)   Coul. recip.      Potential    Kinetic En.
    1.40552e+05   -9.30567e+05    2.13295e+03   -7.87883e+05    1.23952e+05
   Total Energy  Conserved En.    Temperature Pressure (bar)
   -6.63931e+05   -6.52980e+05    2.98754e+02    4.43936e+01

           Step           Time
         567500      283.75000

   Energies (kJ/mol)
        LJ (SR)   Coulomb (SR)   Coul. recip.      Potential    Kinetic En.
    1.38818e+05   -9.28569e+05    2.14961e+03   -7.87601e+05    1.24717e+05
   Total Energy  Conserved En.    Temperature Pressure (bar)
   -6.62885e+05   -6.52970e+05    3.00598e+02   -1.09865e+02

           Step           Time
         568000      284.00000

   Energies (kJ/mol)
        LJ (SR)   Coulomb (SR)   Coul. recip.      Potential    Kinetic En.
    1.39907e+05   -9.29729e+05    2.14137e+03   -7.87681e+05    1.24916e+05
   Total Energy  Conserved En.    Temperature Pressure (bar)
   -6.62765e+05   -6.52958e+05    3.01077e+02   -4.51866e+00

           Step           Time
         568500      284.25000

   Energies (kJ/mol)
        LJ (SR)   Coulomb (SR)   Coul. recip.      Potential    Kinetic En.
    1.41019e+05   -9.31367e+05    2.10354e+03   -7.88244e+05    1.25380e+05
   Total Energy  Conserved En.    Temperature Pressure (bar)
   -6.62864e+05   -6.52948e+05    3.02196e+02    6.57480e+01

           Step           Time
         569000      284.50000

   Energies (kJ/mol)
        LJ (SR)   Coulomb (SR)   Coul. recip.      Potential    Kinetic En.
    1.40832e+05   -9.31248e+05    2.18567e+03   -7.88231e+05    1.25205e+05
   Total Energy  Conserved En.    Temperature Pressure (bar)
   -6.63025e+05   -6.52937e+05    3.01776e+02    6.80266e+01

           Step           Time
         569500      284.75000

   Energies (kJ/mol)
        LJ (SR)   Coulomb (SR)   Coul. recip.      Potential    Kinetic En.
    1.39813e+05   -9.29960e+05    2.20408e+03   -7.87942e+05    1.24483e+05
   Total Energy  Conserved En.    Temperature Pressure (bar)
   -6.63459e+05   -6.52925e+05    3.00034e+02   -4.47100e+01

           Step           Time
         570000      285.00000

   Energies (kJ/mol)
        LJ (SR)   Coulomb (SR)   Coul. recip.      Potential    Kinetic En.
    1.39130e+05   -9.29434e+05    2.14401e+03   -7.88161e+05    1.24104e+05
   Total Energy  Conserved En.    Temperature Pressure (bar)
   -6.64057e+05   -6.52914e+05    2.99122e+02   -1.17580e+02

           Step           Time
         570500      285.25000

   Energies (kJ/mol)
        LJ (SR)   Coulomb (SR)   Coul. recip.      Potential    Kinetic En.
    1.41033e+05   -9.31886e+05    2.12982e+03   -7.88724e+05    1.24354e+05
   Total Energy  Conserved En.    Temperature Pressure (bar)
   -6.64370e+05   -6.52903e+05    2.99723e+02    6.69920e+01

           Step           Time
         571000      285.50000

   Energies (kJ/mol)
        LJ (SR)   Coulomb (SR)   Coul. recip.      Potential    Kinetic En.
    1.41315e+05   -9.32221e+05    2.12225e+03   -7.88784e+05    1.25073e+05
   Total Energy  Conserved En.    Temperature Pressure (bar)
   -6.63710e+05   -6.52890e+05    3.01457e+02    1.07876e+02

           Step           Time
         571500      285.75000

   Energies (kJ/mol)
        LJ (SR)   Coulomb (SR)   Coul. recip.      Potential    Kinetic En.
    1.41170e+05   -9.31643e+05    2.19040e+03   -7.88282e+05    1.24062e+05
   Total Energy  Conserved En.    Temperature Pressure (bar)
   -6.64221e+05   -6.52878e+05    2.99018e+02    6.94499e+01

           Step           Time
         572000      286.00000

   Energies (kJ/mol)
        LJ (SR)   Coulomb (SR)   Coul. recip.      Potential    Kinetic En.
    1.41134e+05   -9.33202e+05    2.14722e+03   -7.89921e+05    1.24821e+05
   Total Energy  Conserved En.    Temperature Pressure (bar)
   -6.65100e+05   -6.52868e+05    3.00849e+02    2.32697e+01

           Step           Time
         572500      286.25000

   Energies (kJ/mol)
        LJ (SR)   Coulomb (SR)   Coul. recip.      Potential    Kinetic En.
    1.42036e+05   -9.34684e+05    2.07890e+03   -7.90569e+05    1.25165e+05
   Total Energy  Conserved En.    Temperature Pressure (bar)
   -6.65405e+05   -6.52857e+05    3.01677e+02    1.14776e+02

           Step           Time
         573000      286.50000

   Energies (kJ/mol)
        LJ (SR)   Coulomb (SR)   Coul. recip.      Potential    Kinetic En.
    1.38919e+05   -9.30051e+05    2.11719e+03   -7.89015e+05    1.23845e+05
   Total Energy  Conserved En.    Temperature Pressure (bar)
   -6.65170e+05   -6.52845e+05    2.98496e+02   -1.97779e+02

           Step           Time
         573500      286.75000

   Energies (kJ/mol)
        LJ (SR)   Coulomb (SR)   Coul. recip.      Potential    Kinetic En.
    1.42072e+05   -9.34753e+05    2.10343e+03   -7.90578e+05    1.25435e+05
   Total Energy  Conserved En.    Temperature Pressure (bar)
   -6.65144e+05   -6.52834e+05    3.02328e+02    9.48684e+01

           Step           Time
         574000      287.00000

   Energies (kJ/mol)
        LJ (SR)   Coulomb (SR)   Coul. recip.      Potential    Kinetic En.
    1.40760e+05   -9.31912e+05    2.09910e+03   -7.89053e+05    1.24267e+05
   Total Energy  Conserved En.    Temperature Pressure (bar)
   -6.64786e+05   -6.52823e+05    2.99513e+02   -2.89315e+01

           Step           Time
         574500      287.25000

   Energies (kJ/mol)
        LJ (SR)   Coulomb (SR)   Coul. recip.      Potential    Kinetic En.
    1.41312e+05   -9.32299e+05    2.11251e+03   -7.88875e+05    1.23960e+05
   Total Energy  Conserved En.    Temperature Pressure (bar)
   -6.64915e+05   -6.52810e+05    2.98773e+02    4.48785e+01

           Step           Time
         575000      287.50000

   Energies (kJ/mol)
        LJ (SR)   Coulomb (SR)   Coul. recip.      Potential    Kinetic En.
    1.42275e+05   -9.33929e+05    2.15560e+03   -7.89499e+05    1.24657e+05
   Total Energy  Conserved En.    Temperature Pressure (bar)
   -6.64842e+05   -6.52800e+05    3.00453e+02    1.41029e+02

           Step           Time
         575500      287.75000

   Energies (kJ/mol)
        LJ (SR)   Coulomb (SR)   Coul. recip.      Potential    Kinetic En.
    1.41062e+05   -9.32765e+05    2.12686e+03   -7.89577e+05    1.24592e+05
   Total Energy  Conserved En.    Temperature Pressure (bar)
   -6.64985e+05   -6.52787e+05    3.00297e+02    1.53960e+01

           Step           Time
         576000      288.00000

Writing checkpoint, step 576000 at Sun Sep  6 20:07:29 2026


   Energies (kJ/mol)
        LJ (SR)   Coulomb (SR)   Coul. recip.      Potential    Kinetic En.
    1.42370e+05   -9.33095e+05    2.14393e+03   -7.88580e+05    1.23836e+05
   Total Energy  Conserved En.    Temperature Pressure (bar)
   -6.64745e+05   -6.52776e+05    2.98474e+02    1.86692e+02

           Step           Time
         576500      288.25000

   Energies (kJ/mol)
        LJ (SR)   Coulomb (SR)   Coul. recip.      Potential    Kinetic En.
    1.41250e+05   -9.34199e+05    2.15709e+03   -7.90792e+05    1.25449e+05
   Total Energy  Conserved En.    Temperature Pressure (bar)
   -6.65343e+05   -6.52766e+05    3.02362e+02   -6.43923e+00

           Step           Time
         577000      288.50000

   Energies (kJ/mol)
        LJ (SR)   Coulomb (SR)   Coul. recip.      Potential    Kinetic En.
    1.40962e+05   -9.32812e+05    2.13455e+03   -7.89716e+05    1.24667e+05
   Total Energy  Conserved En.    Temperature Pressure (bar)
   -6.65048e+05   -6.52753e+05    3.00479e+02   -1.64846e+01

           Step           Time
         577500      288.75000

   Energies (kJ/mol)
        LJ (SR)   Coulomb (SR)   Coul. recip.      Potential    Kinetic En.
    1.41185e+05   -9.32354e+05    2.13674e+03   -7.89032e+05    1.24337e+05
   Total Energy  Conserved En.    Temperature Pressure (bar)
   -6.64695e+05   -6.52742e+05    2.99684e+02    3.70425e+01

           Step           Time
         578000      289.00000

   Energies (kJ/mol)
        LJ (SR)   Coulomb (SR)   Coul. recip.      Potential    Kinetic En.
    1.41196e+05   -9.33052e+05    2.18622e+03   -7.89669e+05    1.24683e+05
   Total Energy  Conserved En.    Temperature Pressure (bar)
   -6.64986e+05   -6.52732e+05    3.00517e+02    4.81173e+01

           Step           Time
         578500      289.25000

   Energies (kJ/mol)
        LJ (SR)   Coulomb (SR)   Coul. recip.      Potential    Kinetic En.
    1.42774e+05   -9.33908e+05    2.16893e+03   -7.88965e+05    1.24102e+05
   Total Energy  Conserved En.    Temperature Pressure (bar)
   -6.64863e+05   -6.52719e+05    2.99117e+02    2.65984e+02

           Step           Time
         579000      289.50000

   Energies (kJ/mol)
        LJ (SR)   Coulomb (SR)   Coul. recip.      Potential    Kinetic En.
    1.42069e+05   -9.33667e+05    2.12531e+03   -7.89472e+05    1.24692e+05
   Total Energy  Conserved En.    Temperature Pressure (bar)
   -6.64781e+05   -6.52707e+05    3.00537e+02    1.22280e+02

           Step           Time
         579500      289.75000

   Energies (kJ/mol)
        LJ (SR)   Coulomb (SR)   Coul. recip.      Potential    Kinetic En.
    1.41573e+05   -9.32909e+05    2.10286e+03   -7.89233e+05    1.24171e+05
   Total Energy  Conserved En.    Temperature Pressure (bar)
   -6.65062e+05   -6.52696e+05    2.99283e+02    1.00881e+02

           Step           Time
         580000      290.00000

   Energies (kJ/mol)
        LJ (SR)   Coulomb (SR)   Coul. recip.      Potential    Kinetic En.
    1.40264e+05   -9.31862e+05    2.11194e+03   -7.89486e+05    1.23928e+05
   Total Energy  Conserved En.    Temperature Pressure (bar)
   -6.65558e+05   -6.52684e+05    2.98698e+02   -6.90898e+01

           Step           Time
         580500      290.25000

   Energies (kJ/mol)
        LJ (SR)   Coulomb (SR)   Coul. recip.      Potential    Kinetic En.
    1.41844e+05   -9.34698e+05    2.15252e+03   -7.90701e+05    1.24725e+05
   Total Energy  Conserved En.    Temperature Pressure (bar)
   -6.65975e+05   -6.52674e+05    3.00619e+02    5.85765e+01

           Step           Time
         581000      290.50000

   Energies (kJ/mol)
        LJ (SR)   Coulomb (SR)   Coul. recip.      Potential    Kinetic En.
    1.40641e+05   -9.33049e+05    2.11464e+03   -7.90294e+05    1.24589e+05
   Total Energy  Conserved En.    Temperature Pressure (bar)
   -6.65705e+05   -6.52663e+05    3.00290e+02   -3.33958e+01

           Step           Time
         581500      290.75000

   Energies (kJ/mol)
        LJ (SR)   Coulomb (SR)   Coul. recip.      Potential    Kinetic En.
    1.38727e+05   -9.30896e+05    2.12651e+03   -7.90043e+05    1.24787e+05
   Total Energy  Conserved En.    Temperature Pressure (bar)
   -6.65256e+05   -6.52653e+05    3.00768e+02   -2.15690e+02

           Step           Time
         582000      291.00000

   Energies (kJ/mol)
        LJ (SR)   Coulomb (SR)   Coul. recip.      Potential    Kinetic En.
    1.42620e+05   -9.34095e+05    2.08289e+03   -7.89392e+05    1.24576e+05
   Total Energy  Conserved En.    Temperature Pressure (bar)
   -6.64817e+05   -6.52640e+05    3.00257e+02    2.17206e+02

           Step           Time
         582500      291.25000

   Energies (kJ/mol)
        LJ (SR)   Coulomb (SR)   Coul. recip.      Potential    Kinetic En.
    1.39653e+05   -9.31915e+05    2.07861e+03   -7.90183e+05    1.24837e+05
   Total Energy  Conserved En.    Temperature Pressure (bar)
   -6.65346e+05   -6.52630e+05    3.00888e+02   -1.13370e+02

           Step           Time
         583000      291.50000

   Energies (kJ/mol)
        LJ (SR)   Coulomb (SR)   Coul. recip.      Potential    Kinetic En.
    1.40630e+05   -9.32956e+05    2.14225e+03   -7.90184e+05    1.25098e+05
   Total Energy  Conserved En.    Temperature Pressure (bar)
   -6.65086e+05   -6.52619e+05    3.01517e+02   -2.26863e+01

           Step           Time
         583500      291.75000

   Energies (kJ/mol)
        LJ (SR)   Coulomb (SR)   Coul. recip.      Potential    Kinetic En.
    1.40960e+05   -9.31956e+05    2.09276e+03   -7.88903e+05    1.24310e+05
   Total Energy  Conserved En.    Temperature Pressure (bar)
   -6.64593e+05   -6.52606e+05    2.99618e+02    4.60660e+01

           Step           Time
         584000      292.00000

   Energies (kJ/mol)
        LJ (SR)   Coulomb (SR)   Coul. recip.      Potential    Kinetic En.
    1.38932e+05   -9.29688e+05    2.02003e+03   -7.88735e+05    1.24598e+05
   Total Energy  Conserved En.    Temperature Pressure (bar)
   -6.64137e+05   -6.52598e+05    3.00312e+02   -1.39674e+02

           Step           Time
         584500      292.25000

   Energies (kJ/mol)
        LJ (SR)   Coulomb (SR)   Coul. recip.      Potential    Kinetic En.
    1.40106e+05   -9.30408e+05    2.11951e+03   -7.88183e+05    1.23594e+05
   Total Energy  Conserved En.    Temperature Pressure (bar)
   -6.64588e+05   -6.52585e+05    2.97893e+02   -3.82958e+00

           Step           Time
         585000      292.50000

   Energies (kJ/mol)
        LJ (SR)   Coulomb (SR)   Coul. recip.      Potential    Kinetic En.
    1.39654e+05   -9.30499e+05    2.10432e+03   -7.88740e+05    1.24457e+05
   Total Energy  Conserved En.    Temperature Pressure (bar)
   -6.64283e+05   -6.52574e+05    2.99972e+02   -5.60315e+01

           Step           Time
         585500      292.75000

   Energies (kJ/mol)
        LJ (SR)   Coulomb (SR)   Coul. recip.      Potential    Kinetic En.
    1.40068e+05   -9.30851e+05    2.17549e+03   -7.88608e+05    1.24484e+05
   Total Energy  Conserved En.    Temperature Pressure (bar)
   -6.64123e+05   -6.52563e+05    3.00038e+02   -2.44092e+01

           Step           Time
         586000      293.00000

   Energies (kJ/mol)
        LJ (SR)   Coulomb (SR)   Coul. recip.      Potential    Kinetic En.
    1.40132e+05   -9.31151e+05    2.19924e+03   -7.88821e+05    1.25278e+05
   Total Energy  Conserved En.    Temperature Pressure (bar)
   -6.63542e+05   -6.52552e+05    3.01951e+02   -7.44689e+00

           Step           Time
         586500      293.25000

   Energies (kJ/mol)
        LJ (SR)   Coulomb (SR)   Coul. recip.      Potential    Kinetic En.
    1.39545e+05   -9.29845e+05    2.11714e+03   -7.88183e+05    1.25210e+05
   Total Energy  Conserved En.    Temperature Pressure (bar)
   -6.62974e+05   -6.52540e+05    3.01786e+02   -5.50117e+01

           Step           Time
         587000      293.50000

   Energies (kJ/mol)
        LJ (SR)   Coulomb (SR)   Coul. recip.      Potential    Kinetic En.
    1.39713e+05   -9.29204e+05    2.06455e+03   -7.87427e+05    1.24972e+05
   Total Energy  Conserved En.    Temperature Pressure (bar)
   -6.62455e+05   -6.52528e+05    3.01212e+02   -6.89793e+00

           Step           Time
         587500      293.75000

   Energies (kJ/mol)
        LJ (SR)   Coulomb (SR)   Coul. recip.      Potential    Kinetic En.
    1.40177e+05   -9.30047e+05    2.14688e+03   -7.87723e+05    1.24879e+05
   Total Energy  Conserved En.    Temperature Pressure (bar)
   -6.62844e+05   -6.52517e+05    3.00990e+02    2.95275e+01

           Step           Time
         588000      294.00000

   Energies (kJ/mol)
        LJ (SR)   Coulomb (SR)   Coul. recip.      Potential    Kinetic En.
    1.42471e+05   -9.32089e+05    2.12242e+03   -7.87496e+05    1.24783e+05
   Total Energy  Conserved En.    Temperature Pressure (bar)
   -6.62713e+05   -6.52505e+05    3.00757e+02    2.67977e+02

           Step           Time
         588500      294.25000

   Energies (kJ/mol)
        LJ (SR)   Coulomb (SR)   Coul. recip.      Potential    Kinetic En.
    1.40855e+05   -9.30825e+05    2.12521e+03   -7.87845e+05    1.25041e+05
   Total Energy  Conserved En.    Temperature Pressure (bar)
   -6.62804e+05   -6.52494e+05    3.01379e+02    1.00576e+02

           Step           Time
         589000      294.50000

   Energies (kJ/mol)
        LJ (SR)   Coulomb (SR)   Coul. recip.      Potential    Kinetic En.
    1.40190e+05   -9.29570e+05    2.10099e+03   -7.87279e+05    1.24471e+05
   Total Energy  Conserved En.    Temperature Pressure (bar)
   -6.62808e+05   -6.52483e+05    3.00006e+02    5.94046e+01

           Step           Time
         589500      294.75000

   Energies (kJ/mol)
        LJ (SR)   Coulomb (SR)   Coul. recip.      Potential    Kinetic En.
    1.40012e+05   -9.29742e+05    2.15746e+03   -7.87573e+05    1.24086e+05
   Total Energy  Conserved En.    Temperature Pressure (bar)
   -6.63487e+05   -6.52472e+05    2.99076e+02   -1.50338e+01

           Step           Time
         590000      295.00000

   Energies (kJ/mol)
        LJ (SR)   Coulomb (SR)   Coul. recip.      Potential    Kinetic En.
    1.40811e+05   -9.31618e+05    2.20496e+03   -7.88603e+05    1.24647e+05
   Total Energy  Conserved En.    Temperature Pressure (bar)
   -6.63956e+05   -6.52459e+05    3.00429e+02    4.74348e+01

           Step           Time
         590500      295.25000

   Energies (kJ/mol)
        LJ (SR)   Coulomb (SR)   Coul. recip.      Potential    Kinetic En.
    1.40602e+05   -9.31347e+05    2.15707e+03   -7.88587e+05    1.24514e+05
   Total Energy  Conserved En.    Temperature Pressure (bar)
   -6.64074e+05   -6.52449e+05    3.00109e+02    3.39791e+01

           Step           Time
         591000      295.50000

   Energies (kJ/mol)
        LJ (SR)   Coulomb (SR)   Coul. recip.      Potential    Kinetic En.
    1.40687e+05   -9.32167e+05    2.12417e+03   -7.89356e+05    1.25074e+05
   Total Energy  Conserved En.    Temperature Pressure (bar)
   -6.64282e+05   -6.52438e+05    3.01458e+02    1.63805e+01

           Step           Time
         591500      295.75000

   Energies (kJ/mol)
        LJ (SR)   Coulomb (SR)   Coul. recip.      Potential    Kinetic En.
    1.40165e+05   -9.31515e+05    2.07417e+03   -7.89276e+05    1.25015e+05
   Total Energy  Conserved En.    Temperature Pressure (bar)
   -6.64261e+05   -6.52426e+05    3.01316e+02   -4.99131e+01

           Step           Time
         592000      296.00000

   Energies (kJ/mol)
        LJ (SR)   Coulomb (SR)   Coul. recip.      Potential    Kinetic En.
    1.40798e+05   -9.32172e+05    2.02501e+03   -7.89349e+05    1.24908e+05
   Total Energy  Conserved En.    Temperature Pressure (bar)
   -6.64441e+05   -6.52414e+05    3.01058e+02   -5.70187e+00

           Step           Time
         592500      296.25000

   Energies (kJ/mol)
        LJ (SR)   Coulomb (SR)   Coul. recip.      Potential    Kinetic En.
    1.39903e+05   -9.31650e+05    2.03032e+03   -7.89717e+05    1.25129e+05
   Total Energy  Conserved En.    Temperature Pressure (bar)
   -6.64588e+05   -6.52403e+05    3.01592e+02   -9.33240e+01

           Step           Time
         593000      296.50000

   Energies (kJ/mol)
        LJ (SR)   Coulomb (SR)   Coul. recip.      Potential    Kinetic En.
    1.40218e+05   -9.32210e+05    2.15402e+03   -7.89838e+05    1.24991e+05
   Total Energy  Conserved En.    Temperature Pressure (bar)
   -6.64848e+05   -6.52390e+05    3.01258e+02   -4.21931e+01

           Step           Time
         593500      296.75000

   Energies (kJ/mol)
        LJ (SR)   Coulomb (SR)   Coul. recip.      Potential    Kinetic En.
    1.42535e+05   -9.33541e+05    2.10392e+03   -7.88903e+05    1.24080e+05
   Total Energy  Conserved En.    Temperature Pressure (bar)
   -6.64822e+05   -6.52380e+05    2.99064e+02    2.07906e+02

           Step           Time
         594000      297.00000

   Energies (kJ/mol)
        LJ (SR)   Coulomb (SR)   Coul. recip.      Potential    Kinetic En.
    1.42385e+05   -9.35272e+05    2.05611e+03   -7.90831e+05    1.25689e+05
   Total Energy  Conserved En.    Temperature Pressure (bar)
   -6.65142e+05   -6.52369e+05    3.02940e+02    1.13117e+02

           Step           Time
         594500      297.25000

   Energies (kJ/mol)
        LJ (SR)   Coulomb (SR)   Coul. recip.      Potential    Kinetic En.
    1.41792e+05   -9.33071e+05    2.08437e+03   -7.89194e+05    1.24779e+05
   Total Energy  Conserved En.    Temperature Pressure (bar)
   -6.64415e+05   -6.52357e+05    3.00748e+02    1.26628e+02

           Step           Time
         595000      297.50000

   Energies (kJ/mol)
        LJ (SR)   Coulomb (SR)   Coul. recip.      Potential    Kinetic En.
    1.39719e+05   -9.31316e+05    2.12269e+03   -7.89474e+05    1.24506e+05
   Total Energy  Conserved En.    Temperature Pressure (bar)
   -6.64968e+05   -6.52347e+05    3.00090e+02   -1.19192e+02

           Step           Time
         595500      297.75000

   Energies (kJ/mol)
        LJ (SR)   Coulomb (SR)   Coul. recip.      Potential    Kinetic En.
    1.40305e+05   -9.31759e+05    2.11325e+03   -7.89341e+05    1.24499e+05
   Total Energy  Conserved En.    Temperature Pressure (bar)
   -6.64842e+05   -6.52335e+05    3.00073e+02   -6.14438e+01

           Step           Time
         596000      298.00000

   Energies (kJ/mol)
        LJ (SR)   Coulomb (SR)   Coul. recip.      Potential    Kinetic En.
    1.41609e+05   -9.33123e+05    2.10923e+03   -7.89405e+05    1.24292e+05
   Total Energy  Conserved En.    Temperature Pressure (bar)
   -6.65113e+05   -6.52323e+05    2.99573e+02    7.86745e+01

           Step           Time
         596500      298.25000

   Energies (kJ/mol)
        LJ (SR)   Coulomb (SR)   Coul. recip.      Potential    Kinetic En.
    1.41760e+05   -9.34099e+05    2.14081e+03   -7.90199e+05    1.24689e+05
   Total Energy  Conserved En.    Temperature Pressure (bar)
   -6.65510e+05   -6.52313e+05    3.00531e+02    3.37886e+01

           Step           Time
         597000      298.50000

   Energies (kJ/mol)
        LJ (SR)   Coulomb (SR)   Coul. recip.      Potential    Kinetic En.
    1.42240e+05   -9.34945e+05    2.12475e+03   -7.90580e+05    1.25082e+05
   Total Energy  Conserved En.    Temperature Pressure (bar)
   -6.65497e+05   -6.52302e+05    3.01479e+02    9.48954e+01

           Step           Time
         597500      298.75000

   Energies (kJ/mol)
        LJ (SR)   Coulomb (SR)   Coul. recip.      Potential    Kinetic En.
    1.43879e+05   -9.36607e+05    2.09213e+03   -7.90635e+05    1.24722e+05
   Total Energy  Conserved En.    Temperature Pressure (bar)
   -6.65912e+05   -6.52290e+05    3.00611e+02    2.68540e+02

           Step           Time
         598000      299.00000

   Energies (kJ/mol)
        LJ (SR)   Coulomb (SR)   Coul. recip.      Potential    Kinetic En.
    1.41204e+05   -9.33252e+05    2.10021e+03   -7.89948e+05    1.23323e+05
   Total Energy  Conserved En.    Temperature Pressure (bar)
   -6.66625e+05   -6.52278e+05    2.97238e+02   -1.52132e+01

           Step           Time
         598500      299.25000

   Energies (kJ/mol)
        LJ (SR)   Coulomb (SR)   Coul. recip.      Potential    Kinetic En.
    1.41472e+05   -9.34624e+05    2.06412e+03   -7.91087e+05    1.24889e+05
   Total Energy  Conserved En.    Temperature Pressure (bar)
   -6.66198e+05   -6.52266e+05    3.01013e+02    6.89982e+00

           Step           Time
         599000      299.50000

   Energies (kJ/mol)
        LJ (SR)   Coulomb (SR)   Coul. recip.      Potential    Kinetic En.
    1.41279e+05   -9.34780e+05    2.10674e+03   -7.91394e+05    1.25416e+05
   Total Energy  Conserved En.    Temperature Pressure (bar)
   -6.65978e+05   -6.52257e+05    3.02283e+02   -1.85823e+01

           Step           Time
         599500      299.75000

   Energies (kJ/mol)
        LJ (SR)   Coulomb (SR)   Coul. recip.      Potential    Kinetic En.
    1.42524e+05   -9.35279e+05    2.12597e+03   -7.90629e+05    1.24556e+05
   Total Energy  Conserved En.    Temperature Pressure (bar)
   -6.66072e+05   -6.52244e+05    3.00211e+02    1.06171e+02

           Step           Time
         600000      300.00000

   Energies (kJ/mol)
        LJ (SR)   Coulomb (SR)   Coul. recip.      Potential    Kinetic En.
    1.42982e+05   -9.36310e+05    2.04268e+03   -7.91285e+05    1.24883e+05
   Total Energy  Conserved En.    Temperature Pressure (bar)
   -6.66402e+05   -6.52234e+05    3.00999e+02    1.44539e+02

           Step           Time
         600500      300.25000

   Energies (kJ/mol)
        LJ (SR)   Coulomb (SR)   Coul. recip.      Potential    Kinetic En.
    1.42064e+05   -9.34541e+05    2.14678e+03   -7.90330e+05    1.24141e+05
   Total Energy  Conserved En.    Temperature Pressure (bar)
   -6.66189e+05   -6.52220e+05    2.99211e+02    1.20192e+02

           Step           Time
         601000      300.50000

   Energies (kJ/mol)
        LJ (SR)   Coulomb (SR)   Coul. recip.      Potential    Kinetic En.
    1.41707e+05   -9.35473e+05    2.07651e+03   -7.91690e+05    1.24904e+05
   Total Energy  Conserved En.    Temperature Pressure (bar)
   -6.66785e+05   -6.52212e+05    3.01050e+02    7.39490e+00

           Step           Time
         601500      300.75000

   Energies (kJ/mol)
        LJ (SR)   Coulomb (SR)   Coul. recip.      Potential    Kinetic En.
    1.42284e+05   -9.34862e+05    2.12891e+03   -7.90449e+05    1.23882e+05
   Total Energy  Conserved En.    Temperature Pressure (bar)
   -6.66567e+05   -6.52200e+05    2.98586e+02    1.00320e+02

           Step           Time
         602000      301.00000

   Energies (kJ/mol)
        LJ (SR)   Coulomb (SR)   Coul. recip.      Potential    Kinetic En.
    1.43698e+05   -9.37194e+05    2.07195e+03   -7.91425e+05    1.24780e+05
   Total Energy  Conserved En.    Temperature Pressure (bar)
   -6.66644e+05   -6.52187e+05    3.00751e+02    2.14388e+02

           Step           Time
         602500      301.25000

   Energies (kJ/mol)
        LJ (SR)   Coulomb (SR)   Coul. recip.      Potential    Kinetic En.
    1.42756e+05   -9.36015e+05    2.07201e+03   -7.91187e+05    1.23903e+05
   Total Energy  Conserved En.    Temperature Pressure (bar)
   -6.67284e+05   -6.52176e+05    2.98636e+02    1.32684e+02

           Step           Time
         603000      301.50000

   Energies (kJ/mol)
        LJ (SR)   Coulomb (SR)   Coul. recip.      Potential    Kinetic En.
    1.43170e+05   -9.35782e+05    2.06829e+03   -7.90543e+05    1.23409e+05
   Total Energy  Conserved En.    Temperature Pressure (bar)
   -6.67134e+05   -6.52164e+05    2.97446e+02    1.95786e+02

           Step           Time
         603500      301.75000

   Energies (kJ/mol)
        LJ (SR)   Coulomb (SR)   Coul. recip.      Potential    Kinetic En.
    1.43514e+05   -9.37542e+05    2.15787e+03   -7.91870e+05    1.24650e+05
   Total Energy  Conserved En.    Temperature Pressure (bar)
   -6.67219e+05   -6.52154e+05    3.00438e+02    1.95464e+02

           Step           Time
         604000      302.00000

   Energies (kJ/mol)
        LJ (SR)   Coulomb (SR)   Coul. recip.      Potential    Kinetic En.
    1.43535e+05   -9.37230e+05    2.11946e+03   -7.91576e+05    1.24521e+05
   Total Energy  Conserved En.    Temperature Pressure (bar)
   -6.67055e+05   -6.52142e+05    3.00127e+02    2.36104e+02

           Step           Time
         604500      302.25000

   Energies (kJ/mol)
        LJ (SR)   Coulomb (SR)   Coul. recip.      Potential    Kinetic En.
    1.42623e+05   -9.35377e+05    2.09334e+03   -7.90662e+05    1.23877e+05
   Total Energy  Conserved En.    Temperature Pressure (bar)
   -6.66785e+05   -6.52131e+05    2.98573e+02    1.45786e+02

           Step           Time
         605000      302.50000

   Energies (kJ/mol)
        LJ (SR)   Coulomb (SR)   Coul. recip.      Potential    Kinetic En.
    1.41794e+05   -9.33990e+05    2.06600e+03   -7.90130e+05    1.23331e+05
   Total Energy  Conserved En.    Temperature Pressure (bar)
   -6.66798e+05   -6.52118e+05    2.97259e+02    6.10643e+01

           Step           Time
         605500      302.75000

   Energies (kJ/mol)
        LJ (SR)   Coulomb (SR)   Coul. recip.      Potential    Kinetic En.
    1.40920e+05   -9.33308e+05    2.11165e+03   -7.90276e+05    1.23376e+05
   Total Energy  Conserved En.    Temperature Pressure (bar)
   -6.66901e+05   -6.52108e+05    2.97365e+02   -9.04898e+01

           Step           Time
         606000      303.00000

   Energies (kJ/mol)
        LJ (SR)   Coulomb (SR)   Coul. recip.      Potential    Kinetic En.
    1.41143e+05   -9.32768e+05    2.06233e+03   -7.89562e+05    1.23039e+05
   Total Energy  Conserved En.    Temperature Pressure (bar)
   -6.66523e+05   -6.52096e+05    2.96554e+02   -8.56182e+00

           Step           Time
         606500      303.25000

   Energies (kJ/mol)
        LJ (SR)   Coulomb (SR)   Coul. recip.      Potential    Kinetic En.
    1.40803e+05   -9.32669e+05    2.19667e+03   -7.89669e+05    1.23257e+05
   Total Energy  Conserved En.    Temperature Pressure (bar)
   -6.66413e+05   -6.52085e+05    2.97078e+02   -3.50704e+01

           Step           Time
         607000      303.50000

   Energies (kJ/mol)
        LJ (SR)   Coulomb (SR)   Coul. recip.      Potential    Kinetic En.
    1.40073e+05   -9.32180e+05    2.07128e+03   -7.90036e+05    1.24087e+05
   Total Energy  Conserved En.    Temperature Pressure (bar)
   -6.65949e+05   -6.52075e+05    2.99079e+02   -1.02595e+02

           Step           Time
         607500      303.75000

   Energies (kJ/mol)
        LJ (SR)   Coulomb (SR)   Coul. recip.      Potential    Kinetic En.
    1.43472e+05   -9.35733e+05    2.10899e+03   -7.90152e+05    1.24099e+05
   Total Energy  Conserved En.    Temperature Pressure (bar)
   -6.66054e+05   -6.52062e+05    2.99108e+02    2.05566e+02

           Step           Time
         608000      304.00000

   Energies (kJ/mol)
        LJ (SR)   Coulomb (SR)   Coul. recip.      Potential    Kinetic En.
    1.42848e+05   -9.35733e+05    2.09570e+03   -7.90789e+05    1.24186e+05
   Total Energy  Conserved En.    Temperature Pressure (bar)
   -6.66603e+05   -6.52051e+05    2.99318e+02    1.04653e+02

           Step           Time
         608500      304.25000

   Energies (kJ/mol)
        LJ (SR)   Coulomb (SR)   Coul. recip.      Potential    Kinetic En.
    1.42137e+05   -9.34324e+05    2.12639e+03   -7.90061e+05    1.24032e+05
   Total Energy  Conserved En.    Temperature Pressure (bar)
   -6.66028e+05   -6.52041e+05    2.98948e+02    8.26573e+01

           Step           Time
         609000      304.50000

   Energies (kJ/mol)
        LJ (SR)   Coulomb (SR)   Coul. recip.      Potential    Kinetic En.
    1.42304e+05   -9.35338e+05    2.01153e+03   -7.91022e+05    1.25073e+05
   Total Energy  Conserved En.    Temperature Pressure (bar)
   -6.65949e+05   -6.52031e+05    3.01456e+02    6.77829e+01

           Step           Time
         609500      304.75000

   Energies (kJ/mol)
        LJ (SR)   Coulomb (SR)   Coul. recip.      Potential    Kinetic En.
    1.41468e+05   -9.33124e+05    2.07415e+03   -7.89582e+05    1.23805e+05
   Total Energy  Conserved En.    Temperature Pressure (bar)
   -6.65777e+05   -6.52020e+05    2.98400e+02    4.13179e+01

           Step           Time
         610000      305.00000

   Energies (kJ/mol)
        LJ (SR)   Coulomb (SR)   Coul. recip.      Potential    Kinetic En.
    1.42752e+05   -9.35916e+05    2.11859e+03   -7.91046e+05    1.24824e+05
   Total Energy  Conserved En.    Temperature Pressure (bar)
   -6.66222e+05   -6.52008e+05    3.00856e+02    1.23349e+02

           Step           Time
         610500      305.25000

   Energies (kJ/mol)
        LJ (SR)   Coulomb (SR)   Coul. recip.      Potential    Kinetic En.
    1.41753e+05   -9.33920e+05    2.12031e+03   -7.90046e+05    1.24094e+05
   Total Energy  Conserved En.    Temperature Pressure (bar)
   -6.65952e+05   -6.51995e+05    2.99096e+02    4.09706e+01

           Step           Time
         611000      305.50000

   Energies (kJ/mol)
        LJ (SR)   Coulomb (SR)   Coul. recip.      Potential    Kinetic En.
    1.42360e+05   -9.34846e+05    2.17312e+03   -7.90312e+05    1.24360e+05
   Total Energy  Conserved En.    Temperature Pressure (bar)
   -6.65953e+05   -6.51984e+05    2.99737e+02    1.22297e+02

           Step           Time
         611500      305.75000

   Energies (kJ/mol)
        LJ (SR)   Coulomb (SR)   Coul. recip.      Potential    Kinetic En.
    1.41356e+05   -9.33020e+05    2.08518e+03   -7.89579e+05    1.23571e+05
   Total Energy  Conserved En.    Temperature Pressure (bar)
   -6.66008e+05   -6.51972e+05    2.97835e+02    5.23180e+01

           Step           Time
         612000      306.00000

   Energies (kJ/mol)
        LJ (SR)   Coulomb (SR)   Coul. recip.      Potential    Kinetic En.
    1.42851e+05   -9.34135e+05    2.09005e+03   -7.89194e+05    1.23520e+05
   Total Energy  Conserved En.    Temperature Pressure (bar)
   -6.65674e+05   -6.51960e+05    2.97712e+02    2.14241e+02

           Step           Time
         612500      306.25000

   Energies (kJ/mol)
        LJ (SR)   Coulomb (SR)   Coul. recip.      Potential    Kinetic En.
    1.42526e+05   -9.33940e+05    2.15788e+03   -7.89255e+05    1.23135e+05
   Total Energy  Conserved En.    Temperature Pressure (bar)
   -6.66121e+05   -6.51948e+05    2.96784e+02    1.60975e+02

           Step           Time
         613000      306.50000

   Energies (kJ/mol)
        LJ (SR)   Coulomb (SR)   Coul. recip.      Potential    Kinetic En.
    1.42103e+05   -9.34292e+05    2.12900e+03   -7.90060e+05    1.23646e+05
   Total Energy  Conserved En.    Temperature Pressure (bar)
   -6.66414e+05   -6.51937e+05    2.98017e+02    1.07609e+02

           Step           Time
         613500      306.75000

   Energies (kJ/mol)
        LJ (SR)   Coulomb (SR)   Coul. recip.      Potential    Kinetic En.
    1.43862e+05   -9.36973e+05    2.15346e+03   -7.90958e+05    1.24866e+05
   Total Energy  Conserved En.    Temperature Pressure (bar)
   -6.66091e+05   -6.51928e+05    3.00958e+02    2.38193e+02

           Step           Time
         614000      307.00000

   Energies (kJ/mol)
        LJ (SR)   Coulomb (SR)   Coul. recip.      Potential    Kinetic En.
    1.41555e+05   -9.33053e+05    2.13386e+03   -7.89365e+05    1.24061e+05
   Total Energy  Conserved En.    Temperature Pressure (bar)
   -6.65303e+05   -6.51916e+05    2.99018e+02    6.87053e+01

           Step           Time
         614500      307.25000

   Energies (kJ/mol)
        LJ (SR)   Coulomb (SR)   Coul. recip.      Potential    Kinetic En.
    1.41801e+05   -9.32994e+05    2.09308e+03   -7.89100e+05    1.24019e+05
   Total Energy  Conserved En.    Temperature Pressure (bar)
   -6.65081e+05   -6.51904e+05    2.98916e+02    1.25834e+02

           Step           Time
         615000      307.50000

   Energies (kJ/mol)
        LJ (SR)   Coulomb (SR)   Coul. recip.      Potential    Kinetic En.
    1.42050e+05   -9.33934e+05    2.09955e+03   -7.89785e+05    1.24789e+05
   Total Energy  Conserved En.    Temperature Pressure (bar)
   -6.64996e+05   -6.51894e+05    3.00772e+02    1.23737e+02

           Step           Time
         615500      307.75000

   Energies (kJ/mol)
        LJ (SR)   Coulomb (SR)   Coul. recip.      Potential    Kinetic En.
    1.40663e+05   -9.31246e+05    2.09141e+03   -7.88492e+05    1.24035e+05
   Total Energy  Conserved En.    Temperature Pressure (bar)
   -6.64457e+05   -6.51882e+05    2.98953e+02    2.73618e+01

           Step           Time
         616000      308.00000

   Energies (kJ/mol)
        LJ (SR)   Coulomb (SR)   Coul. recip.      Potential    Kinetic En.
    1.42091e+05   -9.33536e+05    2.16552e+03   -7.89280e+05    1.24879e+05
   Total Energy  Conserved En.    Temperature Pressure (bar)
   -6.64401e+05   -6.51870e+05    3.00988e+02    1.72991e+02

           Step           Time
         616500      308.25000

   Energies (kJ/mol)
        LJ (SR)   Coulomb (SR)   Coul. recip.      Potential    Kinetic En.
    1.42596e+05   -9.33012e+05    2.19437e+03   -7.88221e+05    1.23480e+05
   Total Energy  Conserved En.    Temperature Pressure (bar)
   -6.64742e+05   -6.51859e+05    2.97616e+02    2.45337e+02

           Step           Time
         617000      308.50000

   Energies (kJ/mol)
        LJ (SR)   Coulomb (SR)   Coul. recip.      Potential    Kinetic En.
    1.42634e+05   -9.34128e+05    2.06891e+03   -7.89425e+05    1.24584e+05
   Total Energy  Conserved En.    Temperature Pressure (bar)
   -6.64841e+05   -6.51848e+05    3.00279e+02    1.99593e+02

           Step           Time
         617500      308.75000

   Energies (kJ/mol)
        LJ (SR)   Coulomb (SR)   Coul. recip.      Potential    Kinetic En.
    1.42014e+05   -9.33171e+05    2.07233e+03   -7.89084e+05    1.23784e+05
   Total Energy  Conserved En.    Temperature Pressure (bar)
   -6.65300e+05   -6.51837e+05    2.98350e+02    1.22980e+02

           Step           Time
         618000      309.00000

   Energies (kJ/mol)
        LJ (SR)   Coulomb (SR)   Coul. recip.      Potential    Kinetic En.
    1.39733e+05   -9.31523e+05    2.14311e+03   -7.89646e+05    1.24352e+05
   Total Energy  Conserved En.    Temperature Pressure (bar)
   -6.65294e+05   -6.51827e+05    2.99719e+02   -1.14176e+02

           Step           Time
         618500      309.25000

   Energies (kJ/mol)
        LJ (SR)   Coulomb (SR)   Coul. recip.      Potential    Kinetic En.
    1.40502e+05   -9.33249e+05    2.14081e+03   -7.90605e+05    1.25010e+05
   Total Energy  Conserved En.    Temperature Pressure (bar)
   -6.65596e+05   -6.51815e+05    3.01304e+02   -6.27245e+01

           Step           Time
         619000      309.50000

   Energies (kJ/mol)
        LJ (SR)   Coulomb (SR)   Coul. recip.      Potential    Kinetic En.
    1.41712e+05   -9.33022e+05    2.16592e+03   -7.89144e+05    1.23447e+05
   Total Energy  Conserved En.    Temperature Pressure (bar)
   -6.65697e+05   -6.51804e+05    2.97537e+02    9.51119e+01

           Step           Time
         619500      309.75000

   Energies (kJ/mol)
        LJ (SR)   Coulomb (SR)   Coul. recip.      Potential    Kinetic En.
    1.41729e+05   -9.33268e+05    2.14209e+03   -7.89397e+05    1.23720e+05
   Total Energy  Conserved En.    Temperature Pressure (bar)
   -6.65677e+05   -6.51791e+05    2.98195e+02    1.27726e+02

           Step           Time
         620000      310.00000

   Energies (kJ/mol)
        LJ (SR)   Coulomb (SR)   Coul. recip.      Potential    Kinetic En.
    1.42967e+05   -9.35425e+05    2.09306e+03   -7.90365e+05    1.25026e+05
   Total Energy  Conserved En.    Temperature Pressure (bar)
   -6.65338e+05   -6.51783e+05    3.01344e+02    1.92728e+02

           Step           Time
         620500      310.25000

   Energies (kJ/mol)
        LJ (SR)   Coulomb (SR)   Coul. recip.      Potential    Kinetic En.
    1.43487e+05   -9.35120e+05    2.13898e+03   -7.89494e+05    1.23920e+05
   Total Energy  Conserved En.    Temperature Pressure (bar)
   -6.65574e+05   -6.51771e+05    2.98678e+02    2.92907e+02

           Step           Time
         621000      310.50000

   Energies (kJ/mol)
        LJ (SR)   Coulomb (SR)   Coul. recip.      Potential    Kinetic En.
    1.40682e+05   -9.33604e+05    2.12629e+03   -7.90796e+05    1.25040e+05
   Total Energy  Conserved En.    Temperature Pressure (bar)
   -6.65756e+05   -6.51759e+05    3.01376e+02   -4.28387e+01

           Step           Time
         621500      310.75000

   Energies (kJ/mol)
        LJ (SR)   Coulomb (SR)   Coul. recip.      Potential    Kinetic En.
    1.40718e+05   -9.32942e+05    2.04991e+03   -7.90174e+05    1.23979e+05
   Total Energy  Conserved En.    Temperature Pressure (bar)
   -6.66194e+05   -6.51749e+05    2.98821e+02   -2.76244e+01

           Step           Time
         622000      311.00000

   Energies (kJ/mol)
        LJ (SR)   Coulomb (SR)   Coul. recip.      Potential    Kinetic En.
    1.42330e+05   -9.34770e+05    2.09460e+03   -7.90346e+05    1.24161e+05
   Total Energy  Conserved En.    Temperature Pressure (bar)
   -6.66185e+05   -6.51736e+05    2.99257e+02    1.11961e+02

           Step           Time
         622500      311.25000

   Energies (kJ/mol)
        LJ (SR)   Coulomb (SR)   Coul. recip.      Potential    Kinetic En.
    1.41907e+05   -9.34562e+05    2.19644e+03   -7.90458e+05    1.23887e+05
   Total Energy  Conserved En.    Temperature Pressure (bar)
   -6.66571e+05   -6.51725e+05    2.98599e+02    6.81019e+01

           Step           Time
         623000      311.50000

   Energies (kJ/mol)
        LJ (SR)   Coulomb (SR)   Coul. recip.      Potential    Kinetic En.
    1.41483e+05   -9.34604e+05    2.15114e+03   -7.90970e+05    1.24597e+05
   Total Energy  Conserved En.    Temperature Pressure (bar)
   -6.66373e+05   -6.51715e+05    3.00309e+02    1.45630e+01

           Step           Time
         623500      311.75000

   Energies (kJ/mol)
        LJ (SR)   Coulomb (SR)   Coul. recip.      Potential    Kinetic En.
    1.42414e+05   -9.35174e+05    2.17315e+03   -7.90587e+05    1.24134e+05
   Total Energy  Conserved En.    Temperature Pressure (bar)
   -6.66453e+05   -6.51702e+05    2.99194e+02    1.28573e+02

           Step           Time
         624000      312.00000

   Energies (kJ/mol)
        LJ (SR)   Coulomb (SR)   Coul. recip.      Potential    Kinetic En.
    1.41479e+05   -9.34101e+05    2.08895e+03   -7.90533e+05    1.23638e+05
   Total Energy  Conserved En.    Temperature Pressure (bar)
   -6.66895e+05   -6.51690e+05    2.97998e+02   -1.97601e+00

           Step           Time
         624500      312.25000

   Energies (kJ/mol)
        LJ (SR)   Coulomb (SR)   Coul. recip.      Potential    Kinetic En.
    1.41485e+05   -9.34400e+05    2.08468e+03   -7.90830e+05    1.23897e+05
   Total Energy  Conserved En.    Temperature Pressure (bar)
   -6.66933e+05   -6.51680e+05    2.98623e+02   -1.06788e+01

           Step           Time
         625000      312.50000

   Energies (kJ/mol)
        LJ (SR)   Coulomb (SR)   Coul. recip.      Potential    Kinetic En.
    1.41125e+05   -9.33802e+05    2.07424e+03   -7.90602e+05    1.23788e+05
   Total Energy  Conserved En.    Temperature Pressure (bar)
   -6.66814e+05   -6.51668e+05    2.98360e+02   -2.24289e+01

           Step           Time
         625500      312.75000

   Energies (kJ/mol)
        LJ (SR)   Coulomb (SR)   Coul. recip.      Potential    Kinetic En.
    1.40989e+05   -9.33856e+05    2.10649e+03   -7.90761e+05    1.24602e+05
   Total Energy  Conserved En.    Temperature Pressure (bar)
   -6.66159e+05   -6.51655e+05    3.00322e+02   -4.73257e+01

           Step           Time
         626000      313.00000

   Energies (kJ/mol)
        LJ (SR)   Coulomb (SR)   Coul. recip.      Potential    Kinetic En.
    1.43542e+05   -9.35718e+05    2.05341e+03   -7.90122e+05    1.23838e+05
   Total Energy  Conserved En.    Temperature Pressure (bar)
   -6.66285e+05   -6.51644e+05    2.98479e+02    2.35577e+02

Writing checkpoint, step 626200 at Sun Sep  6 20:22:31 2026


           Step           Time
         626500      313.25000

   Energies (kJ/mol)
        LJ (SR)   Coulomb (SR)   Coul. recip.      Potential    Kinetic En.
    1.41563e+05   -9.33382e+05    2.08562e+03   -7.89733e+05    1.23740e+05
   Total Energy  Conserved En.    Temperature Pressure (bar)
   -6.65994e+05   -6.51634e+05    2.98243e+02    2.57440e+01

           Step           Time
         627000      313.50000

   Energies (kJ/mol)
        LJ (SR)   Coulomb (SR)   Coul. recip.      Potential    Kinetic En.
    1.42199e+05   -9.34728e+05    2.12255e+03   -7.90406e+05    1.24603e+05
   Total Energy  Conserved En.    Temperature Pressure (bar)
   -6.65804e+05   -6.51623e+05    3.00323e+02    1.11185e+02

           Step           Time
         627500      313.75000

   Energies (kJ/mol)
        LJ (SR)   Coulomb (SR)   Coul. recip.      Potential    Kinetic En.
    1.41924e+05   -9.33578e+05    2.03723e+03   -7.89616e+05    1.25030e+05
   Total Energy  Conserved En.    Temperature Pressure (bar)
   -6.64587e+05   -6.51613e+05    3.01352e+02    1.15333e+02

           Step           Time
         628000      314.00000

   Energies (kJ/mol)
        LJ (SR)   Coulomb (SR)   Coul. recip.      Potential    Kinetic En.
    1.40835e+05   -9.32498e+05    2.13107e+03   -7.89532e+05    1.25473e+05
   Total Energy  Conserved En.    Temperature Pressure (bar)
   -6.64058e+05   -6.51600e+05    3.02422e+02    1.03081e+01

           Step           Time
         628500      314.25000

   Energies (kJ/mol)
        LJ (SR)   Coulomb (SR)   Coul. recip.      Potential    Kinetic En.
    1.41971e+05   -9.32340e+05    2.07999e+03   -7.88290e+05    1.24549e+05
   Total Energy  Conserved En.    Temperature Pressure (bar)
   -6.63741e+05   -6.51590e+05    3.00193e+02    1.93262e+02

           Step           Time
         629000      314.50000

   Energies (kJ/mol)
        LJ (SR)   Coulomb (SR)   Coul. recip.      Potential    Kinetic En.
    1.43056e+05   -9.34903e+05    2.14741e+03   -7.89700e+05    1.25693e+05
   Total Energy  Conserved En.    Temperature Pressure (bar)
   -6.64007e+05   -6.51579e+05    3.02952e+02    2.62163e+02

           Step           Time
         629500      314.75000

   Energies (kJ/mol)
        LJ (SR)   Coulomb (SR)   Coul. recip.      Potential    Kinetic En.
    1.41528e+05   -9.32601e+05    2.13257e+03   -7.88940e+05    1.25110e+05
   Total Energy  Conserved En.    Temperature Pressure (bar)
   -6.63830e+05   -6.51566e+05    3.01545e+02    1.19782e+02

           Step           Time
         630000      315.00000

   Energies (kJ/mol)
        LJ (SR)   Coulomb (SR)   Coul. recip.      Potential    Kinetic En.
    1.41104e+05   -9.32176e+05    2.21678e+03   -7.88855e+05    1.25499e+05
   Total Energy  Conserved En.    Temperature Pressure (bar)
   -6.63356e+05   -6.51555e+05    3.02483e+02    7.93408e+01

           Step           Time
         630500      315.25000

   Energies (kJ/mol)
        LJ (SR)   Coulomb (SR)   Coul. recip.      Potential    Kinetic En.
    1.41016e+05   -9.32082e+05    2.11962e+03   -7.88946e+05    1.25294e+05
   Total Energy  Conserved En.    Temperature Pressure (bar)
   -6.63652e+05   -6.51543e+05    3.01990e+02    6.27124e+01

           Step           Time
         631000      315.50000

   Energies (kJ/mol)
        LJ (SR)   Coulomb (SR)   Coul. recip.      Potential    Kinetic En.
    1.40484e+05   -9.31148e+05    2.09478e+03   -7.88568e+05    1.24716e+05
   Total Energy  Conserved En.    Temperature Pressure (bar)
   -6.63853e+05   -6.51531e+05    3.00596e+02    5.67166e+01

           Step           Time
         631500      315.75000

   Energies (kJ/mol)
        LJ (SR)   Coulomb (SR)   Coul. recip.      Potential    Kinetic En.
    1.40804e+05   -9.31451e+05    2.14733e+03   -7.88500e+05    1.24312e+05
   Total Energy  Conserved En.    Temperature Pressure (bar)
   -6.64188e+05   -6.51520e+05    2.99622e+02    4.45557e+01

           Step           Time
         632000      316.00000

   Energies (kJ/mol)
        LJ (SR)   Coulomb (SR)   Coul. recip.      Potential    Kinetic En.
    1.40730e+05   -9.30984e+05    2.11298e+03   -7.88142e+05    1.24145e+05
   Total Energy  Conserved En.    Temperature Pressure (bar)
   -6.63997e+05   -6.51508e+05    2.99219e+02    4.95090e+01

           Step           Time
         632500      316.25000

   Energies (kJ/mol)
        LJ (SR)   Coulomb (SR)   Coul. recip.      Potential    Kinetic En.
    1.40825e+05   -9.31709e+05    2.17403e+03   -7.88710e+05    1.24416e+05
   Total Energy  Conserved En.    Temperature Pressure (bar)
   -6.64294e+05   -6.51498e+05    2.99874e+02    3.09548e+01

           Step           Time
         633000      316.50000

   Energies (kJ/mol)
        LJ (SR)   Coulomb (SR)   Coul. recip.      Potential    Kinetic En.
    1.39362e+05   -9.29133e+05    2.18859e+03   -7.87583e+05    1.23831e+05
   Total Energy  Conserved En.    Temperature Pressure (bar)
   -6.63751e+05   -6.51486e+05    2.98463e+02   -8.60049e+01

           Step           Time
         633500      316.75000

   Energies (kJ/mol)
        LJ (SR)   Coulomb (SR)   Coul. recip.      Potential    Kinetic En.
    1.41867e+05   -9.33071e+05    2.09657e+03   -7.89108e+05    1.25436e+05
   Total Energy  Conserved En.    Temperature Pressure (bar)
   -6.63672e+05   -6.51474e+05    3.02332e+02    1.73266e+02

           Step           Time
         634000      317.00000

   Energies (kJ/mol)
        LJ (SR)   Coulomb (SR)   Coul. recip.      Potential    Kinetic En.
    1.41886e+05   -9.33304e+05    2.12504e+03   -7.89293e+05    1.25592e+05
   Total Energy  Conserved En.    Temperature Pressure (bar)
   -6.63701e+05   -6.51462e+05    3.02708e+02    1.32386e+02

           Step           Time
         634500      317.25000

   Energies (kJ/mol)
        LJ (SR)   Coulomb (SR)   Coul. recip.      Potential    Kinetic En.
    1.44161e+05   -9.35132e+05    2.16350e+03   -7.88807e+05    1.24907e+05
   Total Energy  Conserved En.    Temperature Pressure (bar)
   -6.63900e+05   -6.51451e+05    3.01056e+02    3.82538e+02

           Step           Time
         635000      317.50000

   Energies (kJ/mol)
        LJ (SR)   Coulomb (SR)   Coul. recip.      Potential    Kinetic En.
    1.41898e+05   -9.34035e+05    2.07085e+03   -7.90067e+05    1.25827e+05
   Total Energy  Conserved En.    Temperature Pressure (bar)
   -6.64240e+05   -6.51440e+05    3.03274e+02    1.18930e+02

           Step           Time
         635500      317.75000

   Energies (kJ/mol)
        LJ (SR)   Coulomb (SR)   Coul. recip.      Potential    Kinetic En.
    1.41578e+05   -9.32987e+05    2.10465e+03   -7.89304e+05    1.24863e+05
   Total Energy  Conserved En.    Temperature Pressure (bar)
   -6.64442e+05   -6.51429e+05    3.00950e+02    9.26159e+01

           Step           Time
         636000      318.00000

   Energies (kJ/mol)
        LJ (SR)   Coulomb (SR)   Coul. recip.      Potential    Kinetic En.
    1.42437e+05   -9.34519e+05    2.07441e+03   -7.90008e+05    1.25233e+05
   Total Energy  Conserved En.    Temperature Pressure (bar)
   -6.64775e+05   -6.51419e+05    3.01841e+02    1.82305e+02

           Step           Time
         636500      318.25000

   Energies (kJ/mol)
        LJ (SR)   Coulomb (SR)   Coul. recip.      Potential    Kinetic En.
    1.42953e+05   -9.34762e+05    2.08833e+03   -7.89720e+05    1.24378e+05
   Total Energy  Conserved En.    Temperature Pressure (bar)
   -6.65342e+05   -6.51407e+05    2.99781e+02    2.20253e+02

           Step           Time
         637000      318.50000

   Energies (kJ/mol)
        LJ (SR)   Coulomb (SR)   Coul. recip.      Potential    Kinetic En.
    1.43352e+05   -9.35354e+05    2.02734e+03   -7.89974e+05    1.24618e+05
   Total Energy  Conserved En.    Temperature Pressure (bar)
   -6.65356e+05   -6.51396e+05    3.00360e+02    2.38962e+02

           Step           Time
         637500      318.75000

   Energies (kJ/mol)
        LJ (SR)   Coulomb (SR)   Coul. recip.      Potential    Kinetic En.
    1.40785e+05   -9.32108e+05    2.11851e+03   -7.89205e+05    1.24322e+05
   Total Energy  Conserved En.    Temperature Pressure (bar)
   -6.64883e+05   -6.51386e+05    2.99646e+02   -1.68343e+01

           Step           Time
         638000      319.00000

   Energies (kJ/mol)
        LJ (SR)   Coulomb (SR)   Coul. recip.      Potential    Kinetic En.
    1.41705e+05   -9.33780e+05    2.12655e+03   -7.89948e+05    1.24702e+05
   Total Energy  Conserved En.    Temperature Pressure (bar)
   -6.65246e+05   -6.51373e+05    3.00562e+02    1.01730e+02

           Step           Time
         638500      319.25000

   Energies (kJ/mol)
        LJ (SR)   Coulomb (SR)   Coul. recip.      Potential    Kinetic En.
    1.42025e+05   -9.34238e+05    2.16957e+03   -7.90043e+05    1.25110e+05
   Total Energy  Conserved En.    Temperature Pressure (bar)
   -6.64933e+05   -6.51362e+05    3.01546e+02    1.28849e+02

           Step           Time
         639000      319.50000

   Energies (kJ/mol)
        LJ (SR)   Coulomb (SR)   Coul. recip.      Potential    Kinetic En.
    1.41288e+05   -9.32528e+05    2.14634e+03   -7.89094e+05    1.24319e+05
   Total Energy  Conserved En.    Temperature Pressure (bar)
   -6.64775e+05   -6.51351e+05    2.99639e+02    7.54425e+01

           Step           Time
         639500      319.75000

   Energies (kJ/mol)
        LJ (SR)   Coulomb (SR)   Coul. recip.      Potential    Kinetic En.
    1.41111e+05   -9.31778e+05    2.15509e+03   -7.88512e+05    1.23975e+05
   Total Energy  Conserved En.    Temperature Pressure (bar)
   -6.64537e+05   -6.51339e+05    2.98809e+02    4.97409e+01

           Step           Time
         640000      320.00000

   Energies (kJ/mol)
        LJ (SR)   Coulomb (SR)   Coul. recip.      Potential    Kinetic En.
    1.39926e+05   -9.30820e+05    2.07099e+03   -7.88823e+05    1.23833e+05
   Total Energy  Conserved En.    Temperature Pressure (bar)
   -6.64990e+05   -6.51328e+05    2.98469e+02   -3.76661e+01

           Step           Time
         640500      320.25000

   Energies (kJ/mol)
        LJ (SR)   Coulomb (SR)   Coul. recip.      Potential    Kinetic En.
    1.41052e+05   -9.32636e+05    2.13545e+03   -7.89448e+05    1.24669e+05
   Total Energy  Conserved En.    Temperature Pressure (bar)
   -6.64779e+05   -6.51318e+05    3.00482e+02    4.80865e+01

           Step           Time
         641000      320.50000

   Energies (kJ/mol)
        LJ (SR)   Coulomb (SR)   Coul. recip.      Potential    Kinetic En.
    1.40154e+05   -9.31557e+05    2.13405e+03   -7.89269e+05    1.24077e+05
   Total Energy  Conserved En.    Temperature Pressure (bar)
   -6.65192e+05   -6.51305e+05    2.99057e+02   -5.85176e+01

           Step           Time
         641500      320.75000

   Energies (kJ/mol)
        LJ (SR)   Coulomb (SR)   Coul. recip.      Potential    Kinetic En.
    1.41729e+05   -9.33893e+05    2.10711e+03   -7.90057e+05    1.24536e+05
   Total Energy  Conserved En.    Temperature Pressure (bar)
   -6.65520e+05   -6.51294e+05    3.00163e+02    4.07741e+01

           Step           Time
         642000      321.00000

   Energies (kJ/mol)
        LJ (SR)   Coulomb (SR)   Coul. recip.      Potential    Kinetic En.
    1.41205e+05   -9.33665e+05    2.05173e+03   -7.90408e+05    1.25070e+05
   Total Energy  Conserved En.    Temperature Pressure (bar)
   -6.65338e+05   -6.51284e+05    3.01449e+02   -3.66783e+00

           Step           Time
         642500      321.25000

   Energies (kJ/mol)
        LJ (SR)   Coulomb (SR)   Coul. recip.      Potential    Kinetic En.
    1.41247e+05   -9.32551e+05    2.12233e+03   -7.89181e+05    1.24139e+05
   Total Energy  Conserved En.    Temperature Pressure (bar)
   -6.65043e+05   -6.51272e+05    2.99204e+02    4.84067e+01

           Step           Time
         643000      321.50000

   Energies (kJ/mol)
        LJ (SR)   Coulomb (SR)   Coul. recip.      Potential    Kinetic En.
    1.40915e+05   -9.32406e+05    2.01017e+03   -7.89481e+05    1.24615e+05
   Total Energy  Conserved En.    Temperature Pressure (bar)
   -6.64867e+05   -6.51260e+05    3.00352e+02    2.17295e+01

           Step           Time
         643500      321.75000

   Energies (kJ/mol)
        LJ (SR)   Coulomb (SR)   Coul. recip.      Potential    Kinetic En.
    1.42080e+05   -9.33688e+05    2.12142e+03   -7.89486e+05    1.24704e+05
   Total Energy  Conserved En.    Temperature Pressure (bar)
   -6.64782e+05   -6.51249e+05    3.00567e+02    1.15516e+02

           Step           Time
         644000      322.00000

   Energies (kJ/mol)
        LJ (SR)   Coulomb (SR)   Coul. recip.      Potential    Kinetic En.
    1.43283e+05   -9.35125e+05    2.07137e+03   -7.89770e+05    1.24315e+05
   Total Energy  Conserved En.    Temperature Pressure (bar)
   -6.65455e+05   -6.51239e+05    2.99630e+02    2.47312e+02

           Step           Time
         644500      322.25000

   Energies (kJ/mol)
        LJ (SR)   Coulomb (SR)   Coul. recip.      Potential    Kinetic En.
    1.40516e+05   -9.32671e+05    2.14795e+03   -7.90007e+05    1.24689e+05
   Total Energy  Conserved En.    Temperature Pressure (bar)
   -6.65318e+05   -6.51228e+05    3.00531e+02   -6.24368e+01

           Step           Time
         645000      322.50000

   Energies (kJ/mol)
        LJ (SR)   Coulomb (SR)   Coul. recip.      Potential    Kinetic En.
    1.41635e+05   -9.33432e+05    2.11484e+03   -7.89682e+05    1.24527e+05
   Total Energy  Conserved En.    Temperature Pressure (bar)
   -6.65155e+05   -6.51216e+05    3.00140e+02    5.85713e+01

           Step           Time
         645500      322.75000

   Energies (kJ/mol)
        LJ (SR)   Coulomb (SR)   Coul. recip.      Potential    Kinetic En.
    1.43487e+05   -9.35842e+05    2.11770e+03   -7.90237e+05    1.24932e+05
   Total Energy  Conserved En.    Temperature Pressure (bar)
   -6.65305e+05   -6.51206e+05    3.01116e+02    2.00177e+02

           Step           Time
         646000      323.00000

   Energies (kJ/mol)
        LJ (SR)   Coulomb (SR)   Coul. recip.      Potential    Kinetic En.
    1.41782e+05   -9.33835e+05    2.12128e+03   -7.89932e+05    1.24296e+05
   Total Energy  Conserved En.    Temperature Pressure (bar)
   -6.65636e+05   -6.51195e+05    2.99584e+02    7.53692e+01

           Step           Time
         646500      323.25000

   Energies (kJ/mol)
        LJ (SR)   Coulomb (SR)   Coul. recip.      Potential    Kinetic En.
    1.41398e+05   -9.33737e+05    2.14047e+03   -7.90199e+05    1.24593e+05
   Total Energy  Conserved En.    Temperature Pressure (bar)
   -6.65606e+05   -6.51185e+05    3.00299e+02    6.51538e+01

           Step           Time
         647000      323.50000

   Energies (kJ/mol)
        LJ (SR)   Coulomb (SR)   Coul. recip.      Potential    Kinetic En.
    1.42636e+05   -9.34168e+05    2.06759e+03   -7.89464e+05    1.23877e+05
   Total Energy  Conserved En.    Temperature Pressure (bar)
   -6.65588e+05   -6.51172e+05    2.98574e+02    1.60270e+02

           Step           Time
         647500      323.75000

   Energies (kJ/mol)
        LJ (SR)   Coulomb (SR)   Coul. recip.      Potential    Kinetic En.
    1.41293e+05   -9.32914e+05    2.10707e+03   -7.89514e+05    1.23628e+05
   Total Energy  Conserved En.    Temperature Pressure (bar)
   -6.65886e+05   -6.51159e+05    2.97974e+02    3.55882e+01

           Step           Time
         648000      324.00000

   Energies (kJ/mol)
        LJ (SR)   Coulomb (SR)   Coul. recip.      Potential    Kinetic En.
    1.41425e+05   -9.33280e+05    2.16078e+03   -7.89694e+05    1.23897e+05
   Total Energy  Conserved En.    Temperature Pressure (bar)
   -6.65797e+05   -6.51149e+05    2.98622e+02    5.50382e+00

           Step           Time
         648500      324.25000

   Energies (kJ/mol)
        LJ (SR)   Coulomb (SR)   Coul. recip.      Potential    Kinetic En.
    1.42303e+05   -9.34029e+05    2.11804e+03   -7.89608e+05    1.23801e+05
   Total Energy  Conserved En.    Temperature Pressure (bar)
   -6.65807e+05   -6.51138e+05    2.98391e+02    1.20505e+02

           Step           Time
         649000      324.50000

   Energies (kJ/mol)
        LJ (SR)   Coulomb (SR)   Coul. recip.      Potential    Kinetic En.
    1.42131e+05   -9.34366e+05    2.13433e+03   -7.90101e+05    1.24451e+05
   Total Energy  Conserved En.    Temperature Pressure (bar)
   -6.65650e+05   -6.51127e+05    2.99958e+02    8.69873e+01

           Step           Time
         649500      324.75000

   Energies (kJ/mol)
        LJ (SR)   Coulomb (SR)   Coul. recip.      Potential    Kinetic En.
    1.41703e+05   -9.33174e+05    2.19342e+03   -7.89278e+05    1.23920e+05
   Total Energy  Conserved En.    Temperature Pressure (bar)
   -6.65358e+05   -6.51114e+05    2.98676e+02    9.95071e+01

           Step           Time
         650000      325.00000

   Energies (kJ/mol)
        LJ (SR)   Coulomb (SR)   Coul. recip.      Potential    Kinetic En.
    1.40410e+05   -9.32714e+05    2.09591e+03   -7.90209e+05    1.24752e+05
   Total Energy  Conserved En.    Temperature Pressure (bar)
   -6.65457e+05   -6.51104e+05    3.00683e+02   -7.17377e+01

           Step           Time
         650500      325.25000

   Energies (kJ/mol)
        LJ (SR)   Coulomb (SR)   Coul. recip.      Potential    Kinetic En.
    1.43549e+05   -9.36373e+05    2.05980e+03   -7.90764e+05    1.25172e+05
   Total Energy  Conserved En.    Temperature Pressure (bar)
   -6.65592e+05   -6.51094e+05    3.01696e+02    2.60215e+02

           Step           Time
         651000      325.50000

   Energies (kJ/mol)
        LJ (SR)   Coulomb (SR)   Coul. recip.      Potential    Kinetic En.
    1.41341e+05   -9.32936e+05    2.08232e+03   -7.89513e+05    1.23735e+05
   Total Energy  Conserved En.    Temperature Pressure (bar)
   -6.65778e+05   -6.51083e+05    2.98231e+02    3.64995e+01

           Step           Time
         651500      325.75000

   Energies (kJ/mol)
        LJ (SR)   Coulomb (SR)   Coul. recip.      Potential    Kinetic En.
    1.42981e+05   -9.35688e+05    2.11691e+03   -7.90591e+05    1.24651e+05
   Total Energy  Conserved En.    Temperature Pressure (bar)
   -6.65939e+05   -6.51070e+05    3.00440e+02    1.90162e+02

           Step           Time
         652000      326.00000

   Energies (kJ/mol)
        LJ (SR)   Coulomb (SR)   Coul. recip.      Potential    Kinetic En.
    1.41088e+05   -9.32930e+05    2.09736e+03   -7.89745e+05    1.24084e+05
   Total Energy  Conserved En.    Temperature Pressure (bar)
   -6.65661e+05   -6.51058e+05    2.99073e+02    3.64127e+01

           Step           Time
         652500      326.25000

   Energies (kJ/mol)
        LJ (SR)   Coulomb (SR)   Coul. recip.      Potential    Kinetic En.
    1.40715e+05   -9.32465e+05    2.13030e+03   -7.89620e+05    1.23607e+05
   Total Energy  Conserved En.    Temperature Pressure (bar)
   -6.66014e+05   -6.51048e+05    2.97922e+02   -3.59696e+01

           Step           Time
         653000      326.50000

   Energies (kJ/mol)
        LJ (SR)   Coulomb (SR)   Coul. recip.      Potential    Kinetic En.
    1.43225e+05   -9.35083e+05    2.16771e+03   -7.89690e+05    1.23762e+05
   Total Energy  Conserved En.    Temperature Pressure (bar)
   -6.65928e+05   -6.51036e+05    2.98297e+02    2.41698e+02

           Step           Time
         653500      326.75000

   Energies (kJ/mol)
        LJ (SR)   Coulomb (SR)   Coul. recip.      Potential    Kinetic En.
    1.42543e+05   -9.33870e+05    2.12481e+03   -7.89202e+05    1.23990e+05
   Total Energy  Conserved En.    Temperature Pressure (bar)
   -6.65213e+05   -6.51026e+05    2.98845e+02    2.00293e+02

           Step           Time
         654000      327.00000

   Energies (kJ/mol)
        LJ (SR)   Coulomb (SR)   Coul. recip.      Potential    Kinetic En.
    1.42256e+05   -9.33945e+05    2.15675e+03   -7.89532e+05    1.25069e+05
   Total Energy  Conserved En.    Temperature Pressure (bar)
   -6.64463e+05   -6.51015e+05    3.01446e+02    1.53380e+02

           Step           Time
         654500      327.25000

   Energies (kJ/mol)
        LJ (SR)   Coulomb (SR)   Coul. recip.      Potential    Kinetic En.
    1.40432e+05   -9.30908e+05    2.11714e+03   -7.88358e+05    1.23705e+05
   Total Energy  Conserved En.    Temperature Pressure (bar)
   -6.64654e+05   -6.51003e+05    2.98159e+02    1.60862e+00

           Step           Time
         655000      327.50000

   Energies (kJ/mol)
        LJ (SR)   Coulomb (SR)   Coul. recip.      Potential    Kinetic En.
    1.42024e+05   -9.32940e+05    2.18946e+03   -7.88727e+05    1.24829e+05
   Total Energy  Conserved En.    Temperature Pressure (bar)
   -6.63898e+05   -6.50992e+05    3.00867e+02    1.69431e+02

           Step           Time
         655500      327.75000

   Energies (kJ/mol)
        LJ (SR)   Coulomb (SR)   Coul. recip.      Potential    Kinetic En.
    1.41696e+05   -9.32592e+05    2.15682e+03   -7.88740e+05    1.24914e+05
   Total Energy  Conserved En.    Temperature Pressure (bar)
   -6.63826e+05   -6.50981e+05    3.01074e+02    1.29089e+02

           Step           Time
         656000      328.00000

   Energies (kJ/mol)
        LJ (SR)   Coulomb (SR)   Coul. recip.      Potential    Kinetic En.
    1.41623e+05   -9.32254e+05    2.11870e+03   -7.88513e+05    1.25151e+05
   Total Energy  Conserved En.    Temperature Pressure (bar)
   -6.63362e+05   -6.50969e+05    3.01644e+02    1.42277e+02

           Step           Time
         656500      328.25000

   Energies (kJ/mol)
        LJ (SR)   Coulomb (SR)   Coul. recip.      Potential    Kinetic En.
    1.40798e+05   -9.31430e+05    2.08318e+03   -7.88549e+05    1.25532e+05
   Total Energy  Conserved En.    Temperature Pressure (bar)
   -6.63017e+05   -6.50959e+05    3.02562e+02    3.46556e+01

           Step           Time
         657000      328.50000

   Energies (kJ/mol)
        LJ (SR)   Coulomb (SR)   Coul. recip.      Potential    Kinetic En.
    1.42052e+05   -9.32646e+05    2.09752e+03   -7.88497e+05    1.24823e+05
   Total Energy  Conserved En.    Temperature Pressure (bar)
   -6.63673e+05   -6.50946e+05    3.00855e+02    1.76867e+02

           Step           Time
         657500      328.75000

   Energies (kJ/mol)
        LJ (SR)   Coulomb (SR)   Coul. recip.      Potential    Kinetic En.
    1.42449e+05   -9.34061e+05    2.11984e+03   -7.89492e+05    1.25478e+05
   Total Energy  Conserved En.    Temperature Pressure (bar)
   -6.64014e+05   -6.50936e+05    3.02433e+02    1.67874e+02

           Step           Time
         658000      329.00000

   Energies (kJ/mol)
        LJ (SR)   Coulomb (SR)   Coul. recip.      Potential    Kinetic En.
    1.40361e+05   -9.30760e+05    2.16130e+03   -7.88238e+05    1.24396e+05
   Total Energy  Conserved En.    Temperature Pressure (bar)
   -6.63843e+05   -6.50924e+05    2.99823e+02   -5.07755e+00

           Step           Time
         658500      329.25000

   Energies (kJ/mol)
        LJ (SR)   Coulomb (SR)   Coul. recip.      Potential    Kinetic En.
    1.41307e+05   -9.32003e+05    2.13180e+03   -7.88564e+05    1.24802e+05
   Total Energy  Conserved En.    Temperature Pressure (bar)
   -6.63763e+05   -6.50912e+05    3.00803e+02    7.02419e+01

           Step           Time
         659000      329.50000

   Energies (kJ/mol)
        LJ (SR)   Coulomb (SR)   Coul. recip.      Potential    Kinetic En.
    1.41295e+05   -9.31724e+05    2.10637e+03   -7.88323e+05    1.24461e+05
   Total Energy  Conserved En.    Temperature Pressure (bar)
   -6.63862e+05   -6.50901e+05    2.99981e+02    9.62610e+01

           Step           Time
         659500      329.75000

   Energies (kJ/mol)
        LJ (SR)   Coulomb (SR)   Coul. recip.      Potential    Kinetic En.
    1.43534e+05   -9.34634e+05    2.04922e+03   -7.89051e+05    1.24460e+05
   Total Energy  Conserved En.    Temperature Pressure (bar)
   -6.64592e+05   -6.50890e+05    2.99978e+02    2.88671e+02

           Step           Time
         660000      330.00000

   Energies (kJ/mol)
        LJ (SR)   Coulomb (SR)   Coul. recip.      Potential    Kinetic En.
    1.43151e+05   -9.34317e+05    2.09597e+03   -7.89070e+05    1.24059e+05
   Total Energy  Conserved En.    Temperature Pressure (bar)
   -6.65011e+05   -6.50879e+05    2.99013e+02    2.29165e+02

           Step           Time
         660500      330.25000

   Energies (kJ/mol)
        LJ (SR)   Coulomb (SR)   Coul. recip.      Potential    Kinetic En.
    1.41560e+05   -9.33394e+05    2.06432e+03   -7.89769e+05    1.24901e+05
   Total Energy  Conserved En.    Temperature Pressure (bar)
   -6.64868e+05   -6.50868e+05    3.01042e+02    7.18637e+01

           Step           Time
         661000      330.50000

   Energies (kJ/mol)
        LJ (SR)   Coulomb (SR)   Coul. recip.      Potential    Kinetic En.
    1.41467e+05   -9.33154e+05    2.15749e+03   -7.89529e+05    1.24753e+05
   Total Energy  Conserved En.    Temperature Pressure (bar)
   -6.64776e+05   -6.50856e+05    3.00686e+02    8.10458e+01

           Step           Time
         661500      330.75000

   Energies (kJ/mol)
        LJ (SR)   Coulomb (SR)   Coul. recip.      Potential    Kinetic En.
    1.41461e+05   -9.32997e+05    2.04997e+03   -7.89486e+05    1.24664e+05
   Total Energy  Conserved En.    Temperature Pressure (bar)
   -6.64823e+05   -6.50846e+05    3.00470e+02    8.28354e+01

           Step           Time
         662000      331.00000

   Energies (kJ/mol)
        LJ (SR)   Coulomb (SR)   Coul. recip.      Potential    Kinetic En.
    1.42233e+05   -9.34192e+05    2.13179e+03   -7.89827e+05    1.24757e+05
   Total Energy  Conserved En.    Temperature Pressure (bar)
   -6.65070e+05   -6.50835e+05    3.00695e+02    1.43775e+02

           Step           Time
         662500      331.25000

   Energies (kJ/mol)
        LJ (SR)   Coulomb (SR)   Coul. recip.      Potential    Kinetic En.
    1.40103e+05   -9.32808e+05    2.12938e+03   -7.90576e+05    1.25501e+05
   Total Energy  Conserved En.    Temperature Pressure (bar)
   -6.65076e+05   -6.50824e+05    3.02487e+02   -1.37151e+02

           Step           Time
         663000      331.50000

   Energies (kJ/mol)
        LJ (SR)   Coulomb (SR)   Coul. recip.      Potential    Kinetic En.
    1.40483e+05   -9.31936e+05    2.06808e+03   -7.89385e+05    1.24055e+05
   Total Energy  Conserved En.    Temperature Pressure (bar)
   -6.65330e+05   -6.50813e+05    2.99004e+02   -4.43335e+01

Writing checkpoint, step 663300 at Sun Sep  6 20:37:30 2026


           Step           Time
         663500      331.75000

   Energies (kJ/mol)
        LJ (SR)   Coulomb (SR)   Coul. recip.      Potential    Kinetic En.
    1.42276e+05   -9.34242e+05    2.03250e+03   -7.89934e+05    1.24083e+05
   Total Energy  Conserved En.    Temperature Pressure (bar)
   -6.65851e+05   -6.50802e+05    2.99071e+02    1.33956e+02

           Step           Time
         664000      332.00000

   Energies (kJ/mol)
        LJ (SR)   Coulomb (SR)   Coul. recip.      Potential    Kinetic En.
    1.39942e+05   -9.31134e+05    2.09374e+03   -7.89098e+05    1.23426e+05
   Total Energy  Conserved En.    Temperature Pressure (bar)
   -6.65672e+05   -6.50792e+05    2.97486e+02   -1.04582e+02

           Step           Time
         664500      332.25000

   Energies (kJ/mol)
        LJ (SR)   Coulomb (SR)   Coul. recip.      Potential    Kinetic En.
    1.39575e+05   -9.31610e+05    2.07550e+03   -7.89959e+05    1.23500e+05
   Total Energy  Conserved En.    Temperature Pressure (bar)
   -6.66459e+05   -6.50781e+05    2.97665e+02   -1.68095e+02

           Step           Time
         665000      332.50000

   Energies (kJ/mol)
        LJ (SR)   Coulomb (SR)   Coul. recip.      Potential    Kinetic En.
    1.40205e+05   -9.32437e+05    2.02190e+03   -7.90210e+05    1.23977e+05
   Total Energy  Conserved En.    Temperature Pressure (bar)
   -6.66233e+05   -6.50769e+05    2.98815e+02   -1.16348e+02

           Step           Time
         665500      332.75000

   Energies (kJ/mol)
        LJ (SR)   Coulomb (SR)   Coul. recip.      Potential    Kinetic En.
    1.40769e+05   -9.32437e+05    2.15111e+03   -7.89517e+05    1.24093e+05
   Total Energy  Conserved En.    Temperature Pressure (bar)
   -6.65424e+05   -6.50756e+05    2.99095e+02   -2.61261e+01

           Step           Time
         666000      333.00000

   Energies (kJ/mol)
        LJ (SR)   Coulomb (SR)   Coul. recip.      Potential    Kinetic En.
    1.40997e+05   -9.32514e+05    2.11368e+03   -7.89403e+05    1.24071e+05
   Total Energy  Conserved En.    Temperature Pressure (bar)
   -6.65332e+05   -6.50743e+05    2.99041e+02    3.38365e+01

           Step           Time
         666500      333.25000

   Energies (kJ/mol)
        LJ (SR)   Coulomb (SR)   Coul. recip.      Potential    Kinetic En.
    1.42054e+05   -9.34265e+05    2.11137e+03   -7.90099e+05    1.24933e+05
   Total Energy  Conserved En.    Temperature Pressure (bar)
   -6.65166e+05   -6.50732e+05    3.01119e+02    9.90102e+01

           Step           Time
         667000      333.50000

   Energies (kJ/mol)
        LJ (SR)   Coulomb (SR)   Coul. recip.      Potential    Kinetic En.
    1.42062e+05   -9.34011e+05    2.15007e+03   -7.89799e+05    1.24764e+05
   Total Energy  Conserved En.    Temperature Pressure (bar)
   -6.65036e+05   -6.50722e+05    3.00711e+02    1.18498e+02

           Step           Time
         667500      333.75000

   Energies (kJ/mol)
        LJ (SR)   Coulomb (SR)   Coul. recip.      Potential    Kinetic En.
    1.41048e+05   -9.32405e+05    2.15323e+03   -7.89204e+05    1.24060e+05
   Total Energy  Conserved En.    Temperature Pressure (bar)
   -6.65144e+05   -6.50710e+05    2.99014e+02    2.14076e+01

           Step           Time
         668000      334.00000

   Energies (kJ/mol)
        LJ (SR)   Coulomb (SR)   Coul. recip.      Potential    Kinetic En.
    1.40519e+05   -9.31833e+05    2.08111e+03   -7.89233e+05    1.24181e+05
   Total Energy  Conserved En.    Temperature Pressure (bar)
   -6.65052e+05   -6.50698e+05    2.99307e+02   -3.25642e+01

           Step           Time
         668500      334.25000

   Energies (kJ/mol)
        LJ (SR)   Coulomb (SR)   Coul. recip.      Potential    Kinetic En.
    1.41130e+05   -9.32600e+05    2.10506e+03   -7.89365e+05    1.24787e+05
   Total Energy  Conserved En.    Temperature Pressure (bar)
   -6.64578e+05   -6.50688e+05    3.00768e+02    3.76171e+01

           Step           Time
         669000      334.50000

   Energies (kJ/mol)
        LJ (SR)   Coulomb (SR)   Coul. recip.      Potential    Kinetic En.
    1.40809e+05   -9.31879e+05    2.15977e+03   -7.88910e+05    1.24421e+05
   Total Energy  Conserved En.    Temperature Pressure (bar)
   -6.64489e+05   -6.50677e+05    2.99885e+02    1.69380e+01

           Step           Time
         669500      334.75000

   Energies (kJ/mol)
        LJ (SR)   Coulomb (SR)   Coul. recip.      Potential    Kinetic En.
    1.40107e+05   -9.32044e+05    2.25135e+03   -7.89685e+05    1.25203e+05
   Total Energy  Conserved En.    Temperature Pressure (bar)
   -6.64482e+05   -6.50664e+05    3.01770e+02   -7.06739e+01

           Step           Time
         670000      335.00000

   Energies (kJ/mol)
        LJ (SR)   Coulomb (SR)   Coul. recip.      Potential    Kinetic En.
    1.42787e+05   -9.33960e+05    2.08747e+03   -7.89086e+05    1.24407e+05
   Total Energy  Conserved En.    Temperature Pressure (bar)
   -6.64679e+05   -6.50653e+05    2.99852e+02    2.19638e+02

           Step           Time
         670500      335.25000

   Energies (kJ/mol)
        LJ (SR)   Coulomb (SR)   Coul. recip.      Potential    Kinetic En.
    1.40701e+05   -9.31627e+05    2.15689e+03   -7.88769e+05    1.24307e+05
   Total Energy  Conserved En.    Temperature Pressure (bar)
   -6.64462e+05   -6.50643e+05    2.99611e+02   -3.08205e+00

           Step           Time
         671000      335.50000

   Energies (kJ/mol)
        LJ (SR)   Coulomb (SR)   Coul. recip.      Potential    Kinetic En.
    1.41900e+05   -9.33621e+05    2.16756e+03   -7.89553e+05    1.24523e+05
   Total Energy  Conserved En.    Temperature Pressure (bar)
   -6.65031e+05   -6.50631e+05    3.00130e+02    1.11878e+02

           Step           Time
         671500      335.75000

   Energies (kJ/mol)
        LJ (SR)   Coulomb (SR)   Coul. recip.      Potential    Kinetic En.
    1.42243e+05   -9.34555e+05    2.09749e+03   -7.90214e+05    1.25314e+05
   Total Energy  Conserved En.    Temperature Pressure (bar)
   -6.64900e+05   -6.50621e+05    3.02037e+02    1.29941e+02

           Step           Time
         672000      336.00000

   Energies (kJ/mol)
        LJ (SR)   Coulomb (SR)   Coul. recip.      Potential    Kinetic En.
    1.42268e+05   -9.32955e+05    2.15697e+03   -7.88530e+05    1.23367e+05
   Total Energy  Conserved En.    Temperature Pressure (bar)
   -6.65163e+05   -6.50609e+05    2.97344e+02    1.89449e+02

           Step           Time
         672500      336.25000

   Energies (kJ/mol)
        LJ (SR)   Coulomb (SR)   Coul. recip.      Potential    Kinetic En.
    1.41545e+05   -9.32455e+05    2.15053e+03   -7.88760e+05    1.23688e+05
   Total Energy  Conserved En.    Temperature Pressure (bar)
   -6.65071e+05   -6.50597e+05    2.98119e+02    1.14360e+02

           Step           Time
         673000      336.50000

   Energies (kJ/mol)
        LJ (SR)   Coulomb (SR)   Coul. recip.      Potential    Kinetic En.
    1.42135e+05   -9.34354e+05    2.17560e+03   -7.90043e+05    1.24889e+05
   Total Energy  Conserved En.    Temperature Pressure (bar)
   -6.65154e+05   -6.50587e+05    3.01013e+02    1.47756e+02

           Step           Time
         673500      336.75000

   Energies (kJ/mol)
        LJ (SR)   Coulomb (SR)   Coul. recip.      Potential    Kinetic En.
    1.41572e+05   -9.33807e+05    2.13539e+03   -7.90100e+05    1.24386e+05
   Total Energy  Conserved En.    Temperature Pressure (bar)
   -6.65713e+05   -6.50576e+05    2.99802e+02    6.02055e+01

           Step           Time
         674000      337.00000

   Energies (kJ/mol)
        LJ (SR)   Coulomb (SR)   Coul. recip.      Potential    Kinetic En.
    1.41476e+05   -9.32628e+05    2.12877e+03   -7.89023e+05    1.23931e+05
   Total Energy  Conserved En.    Temperature Pressure (bar)
   -6.65091e+05   -6.50565e+05    2.98705e+02    1.00367e+02

           Step           Time
         674500      337.25000

   Energies (kJ/mol)
        LJ (SR)   Coulomb (SR)   Coul. recip.      Potential    Kinetic En.
    1.41696e+05   -9.34330e+05    2.11130e+03   -7.90523e+05    1.24844e+05
   Total Energy  Conserved En.    Temperature Pressure (bar)
   -6.65679e+05   -6.50555e+05    3.00904e+02    5.11859e+01

           Step           Time
         675000      337.50000

   Energies (kJ/mol)
        LJ (SR)   Coulomb (SR)   Coul. recip.      Potential    Kinetic En.
    1.41819e+05   -9.33257e+05    2.11264e+03   -7.89326e+05    1.24182e+05
   Total Energy  Conserved En.    Temperature Pressure (bar)
   -6.65144e+05   -6.50544e+05    2.99308e+02    1.42850e+02

           Step           Time
         675500      337.75000

   Energies (kJ/mol)
        LJ (SR)   Coulomb (SR)   Coul. recip.      Potential    Kinetic En.
    1.42749e+05   -9.34799e+05    2.13452e+03   -7.89915e+05    1.24539e+05
   Total Energy  Conserved En.    Temperature Pressure (bar)
   -6.65376e+05   -6.50532e+05    3.00169e+02    1.78461e+02

           Step           Time
         676000      338.00000

   Energies (kJ/mol)
        LJ (SR)   Coulomb (SR)   Coul. recip.      Potential    Kinetic En.
    1.39776e+05   -9.31172e+05    2.13992e+03   -7.89257e+05    1.24243e+05
   Total Energy  Conserved En.    Temperature Pressure (bar)
   -6.65014e+05   -6.50522e+05    2.99456e+02   -1.08647e+02

           Step           Time
         676500      338.25000

   Energies (kJ/mol)
        LJ (SR)   Coulomb (SR)   Coul. recip.      Potential    Kinetic En.
    1.41291e+05   -9.33182e+05    2.07823e+03   -7.89813e+05    1.24993e+05
   Total Energy  Conserved En.    Temperature Pressure (bar)
   -6.64820e+05   -6.50510e+05    3.01264e+02    5.31470e+01

           Step           Time
         677000      338.50000

   Energies (kJ/mol)
        LJ (SR)   Coulomb (SR)   Coul. recip.      Potential    Kinetic En.
    1.39463e+05   -9.30924e+05    2.09948e+03   -7.89361e+05    1.24423e+05
   Total Energy  Conserved En.    Temperature Pressure (bar)
   -6.64938e+05   -6.50500e+05    2.99890e+02   -1.20598e+02

           Step           Time
         677500      338.75000

   Energies (kJ/mol)
        LJ (SR)   Coulomb (SR)   Coul. recip.      Potential    Kinetic En.
    1.39814e+05   -9.31512e+05    2.15764e+03   -7.89540e+05    1.24808e+05
   Total Energy  Conserved En.    Temperature Pressure (bar)
   -6.64732e+05   -6.50489e+05    3.00817e+02   -1.22278e+02

           Step           Time
         678000      339.00000

   Energies (kJ/mol)
        LJ (SR)   Coulomb (SR)   Coul. recip.      Potential    Kinetic En.
    1.40675e+05   -9.31475e+05    2.15775e+03   -7.88642e+05    1.23902e+05
   Total Energy  Conserved En.    Temperature Pressure (bar)
   -6.64741e+05   -6.50476e+05    2.98633e+02   -3.47961e+00

           Step           Time
         678500      339.25000

   Energies (kJ/mol)
        LJ (SR)   Coulomb (SR)   Coul. recip.      Potential    Kinetic En.
    1.39830e+05   -9.31708e+05    2.15013e+03   -7.89728e+05    1.25291e+05
   Total Energy  Conserved En.    Temperature Pressure (bar)
   -6.64437e+05   -6.50465e+05    3.01982e+02   -1.32788e+02

           Step           Time
         679000      339.50000

   Energies (kJ/mol)
        LJ (SR)   Coulomb (SR)   Coul. recip.      Potential    Kinetic En.
    1.43023e+05   -9.34326e+05    2.09402e+03   -7.89208e+05    1.24338e+05
   Total Energy  Conserved En.    Temperature Pressure (bar)
   -6.64870e+05   -6.50453e+05    2.99685e+02    2.12004e+02

           Step           Time
         679500      339.75000

   Energies (kJ/mol)
        LJ (SR)   Coulomb (SR)   Coul. recip.      Potential    Kinetic En.
    1.41190e+05   -9.32702e+05    2.17089e+03   -7.89341e+05    1.24863e+05
   Total Energy  Conserved En.    Temperature Pressure (bar)
   -6.64478e+05   -6.50442e+05    3.00950e+02    5.91828e+01

           Step           Time
         680000      340.00000

   Energies (kJ/mol)
        LJ (SR)   Coulomb (SR)   Coul. recip.      Potential    Kinetic En.
    1.41554e+05   -9.32795e+05    2.07969e+03   -7.89161e+05    1.24793e+05
   Total Energy  Conserved En.    Temperature Pressure (bar)
   -6.64368e+05   -6.50430e+05    3.00782e+02    1.00416e+02

           Step           Time
         680500      340.25000

   Energies (kJ/mol)
        LJ (SR)   Coulomb (SR)   Coul. recip.      Potential    Kinetic En.
    1.40810e+05   -9.31874e+05    2.11853e+03   -7.88946e+05    1.24658e+05
   Total Energy  Conserved En.    Temperature Pressure (bar)
   -6.64288e+05   -6.50418e+05    3.00456e+02    1.88249e+01

           Step           Time
         681000      340.50000

   Energies (kJ/mol)
        LJ (SR)   Coulomb (SR)   Coul. recip.      Potential    Kinetic En.
    1.39669e+05   -9.31115e+05    2.03662e+03   -7.89410e+05    1.24820e+05
   Total Energy  Conserved En.    Temperature Pressure (bar)
   -6.64590e+05   -6.50408e+05    3.00847e+02   -1.14644e+02

           Step           Time
         681500      340.75000

   Energies (kJ/mol)
        LJ (SR)   Coulomb (SR)   Coul. recip.      Potential    Kinetic En.
    1.41662e+05   -9.33183e+05    2.10513e+03   -7.89416e+05    1.24790e+05
   Total Energy  Conserved En.    Temperature Pressure (bar)
   -6.64626e+05   -6.50397e+05    3.00774e+02    9.53903e+01

           Step           Time
         682000      341.00000

   Energies (kJ/mol)
        LJ (SR)   Coulomb (SR)   Coul. recip.      Potential    Kinetic En.
    1.42192e+05   -9.34059e+05    2.13319e+03   -7.89734e+05    1.24904e+05
   Total Energy  Conserved En.    Temperature Pressure (bar)
   -6.64830e+05   -6.50385e+05    3.01049e+02    1.07426e+02

           Step           Time
         682500      341.25000

   Energies (kJ/mol)
        LJ (SR)   Coulomb (SR)   Coul. recip.      Potential    Kinetic En.
    1.42061e+05   -9.35072e+05    2.07796e+03   -7.90934e+05    1.25584e+05
   Total Energy  Conserved En.    Temperature Pressure (bar)
   -6.65350e+05   -6.50375e+05    3.02687e+02    5.99290e+01

           Step           Time
         683000      341.50000

   Energies (kJ/mol)
        LJ (SR)   Coulomb (SR)   Coul. recip.      Potential    Kinetic En.
    1.41742e+05   -9.33842e+05    2.09063e+03   -7.90010e+05    1.24448e+05
   Total Energy  Conserved En.    Temperature Pressure (bar)
   -6.65562e+05   -6.50362e+05    2.99950e+02    7.48977e+01

           Step           Time
         683500      341.75000

   Energies (kJ/mol)
        LJ (SR)   Coulomb (SR)   Coul. recip.      Potential    Kinetic En.
    1.43690e+05   -9.36159e+05    2.06977e+03   -7.90399e+05    1.25122e+05
   Total Energy  Conserved En.    Temperature Pressure (bar)
   -6.65277e+05   -6.50350e+05    3.01574e+02    2.42837e+02

           Step           Time
         684000      342.00000

   Energies (kJ/mol)
        LJ (SR)   Coulomb (SR)   Coul. recip.      Potential    Kinetic En.
    1.41682e+05   -9.33461e+05    2.15609e+03   -7.89623e+05    1.24275e+05
   Total Energy  Conserved En.    Temperature Pressure (bar)
   -6.65349e+05   -6.50340e+05    2.99532e+02    7.50126e+01

           Step           Time
         684500      342.25000

   Energies (kJ/mol)
        LJ (SR)   Coulomb (SR)   Coul. recip.      Potential    Kinetic En.
    1.41496e+05   -9.34008e+05    2.18500e+03   -7.90327e+05    1.25313e+05
   Total Energy  Conserved En.    Temperature Pressure (bar)
   -6.65015e+05   -6.50329e+05    3.02034e+02    2.54673e+01

           Step           Time
         685000      342.50000

   Energies (kJ/mol)
        LJ (SR)   Coulomb (SR)   Coul. recip.      Potential    Kinetic En.
    1.41436e+05   -9.32968e+05    2.07403e+03   -7.89458e+05    1.23964e+05
   Total Energy  Conserved En.    Temperature Pressure (bar)
   -6.65494e+05   -6.50316e+05    2.98784e+02    6.90186e+01

           Step           Time
         685500      342.75000

   Energies (kJ/mol)
        LJ (SR)   Coulomb (SR)   Coul. recip.      Potential    Kinetic En.
    1.40976e+05   -9.32508e+05    2.04778e+03   -7.89484e+05    1.24083e+05
   Total Energy  Conserved En.    Temperature Pressure (bar)
   -6.65401e+05   -6.50306e+05    2.99071e+02    1.85184e+01

           Step           Time
         686000      343.00000

   Energies (kJ/mol)
        LJ (SR)   Coulomb (SR)   Coul. recip.      Potential    Kinetic En.
    1.40191e+05   -9.31646e+05    2.06545e+03   -7.89390e+05    1.24164e+05
   Total Energy  Conserved En.    Temperature Pressure (bar)
   -6.65226e+05   -6.50295e+05    2.99266e+02   -7.22781e+01

           Step           Time
         686500      343.25000

   Energies (kJ/mol)
        LJ (SR)   Coulomb (SR)   Coul. recip.      Potential    Kinetic En.
    1.42968e+05   -9.34774e+05    2.13994e+03   -7.89666e+05    1.24939e+05
   Total Energy  Conserved En.    Temperature Pressure (bar)
   -6.64727e+05   -6.50283e+05    3.01133e+02    2.16506e+02

           Step           Time
         687000      343.50000

   Energies (kJ/mol)
        LJ (SR)   Coulomb (SR)   Coul. recip.      Potential    Kinetic En.
    1.41581e+05   -9.33587e+05    2.12469e+03   -7.89881e+05    1.24587e+05
   Total Energy  Conserved En.    Temperature Pressure (bar)
   -6.65294e+05   -6.50273e+05    3.00284e+02    7.61578e+01

           Step           Time
         687500      343.75000

   Energies (kJ/mol)
        LJ (SR)   Coulomb (SR)   Coul. recip.      Potential    Kinetic En.
    1.41584e+05   -9.33838e+05    2.05198e+03   -7.90202e+05    1.24446e+05
   Total Energy  Conserved En.    Temperature Pressure (bar)
   -6.65756e+05   -6.50262e+05    2.99944e+02    5.05531e+01

           Step           Time
         688000      344.00000

   Energies (kJ/mol)
        LJ (SR)   Coulomb (SR)   Coul. recip.      Potential    Kinetic En.
    1.40892e+05   -9.31548e+05    2.18931e+03   -7.88467e+05    1.23130e+05
   Total Energy  Conserved En.    Temperature Pressure (bar)
   -6.65336e+05   -6.50249e+05    2.96774e+02    3.52408e+01

           Step           Time
         688500      344.25000

   Energies (kJ/mol)
        LJ (SR)   Coulomb (SR)   Coul. recip.      Potential    Kinetic En.
    1.41227e+05   -9.32917e+05    2.08475e+03   -7.89606e+05    1.23874e+05
   Total Energy  Conserved En.    Temperature Pressure (bar)
   -6.65732e+05   -6.50239e+05    2.98567e+02    1.16048e+01

           Step           Time
         689000      344.50000

   Energies (kJ/mol)
        LJ (SR)   Coulomb (SR)   Coul. recip.      Potential    Kinetic En.
    1.41476e+05   -9.34049e+05    2.14464e+03   -7.90429e+05    1.24699e+05
   Total Energy  Conserved En.    Temperature Pressure (bar)
   -6.65730e+05   -6.50228e+05    3.00556e+02    7.22686e+00

           Step           Time
         689500      344.75000

   Energies (kJ/mol)
        LJ (SR)   Coulomb (SR)   Coul. recip.      Potential    Kinetic En.
    1.40109e+05   -9.31299e+05    2.13594e+03   -7.89054e+05    1.24091e+05
   Total Energy  Conserved En.    Temperature Pressure (bar)
   -6.64962e+05   -6.50217e+05    2.99091e+02   -5.68253e+01

           Step           Time
         690000      345.00000

   Energies (kJ/mol)
        LJ (SR)   Coulomb (SR)   Coul. recip.      Potential    Kinetic En.
    1.41537e+05   -9.33177e+05    2.11700e+03   -7.89522e+05    1.24234e+05
   Total Energy  Conserved En.    Temperature Pressure (bar)
   -6.65289e+05   -6.50205e+05    2.99433e+02    7.78942e+01

           Step           Time
         690500      345.25000

   Energies (kJ/mol)
        LJ (SR)   Coulomb (SR)   Coul. recip.      Potential    Kinetic En.
    1.41682e+05   -9.33593e+05    2.11478e+03   -7.89796e+05    1.24349e+05
   Total Energy  Conserved En.    Temperature Pressure (bar)
   -6.65446e+05   -6.50194e+05    2.99712e+02    6.44606e+01

           Step           Time
         691000      345.50000

   Energies (kJ/mol)
        LJ (SR)   Coulomb (SR)   Coul. recip.      Potential    Kinetic En.
    1.40379e+05   -9.31567e+05    2.08573e+03   -7.89102e+05    1.23869e+05
   Total Energy  Conserved En.    Temperature Pressure (bar)
   -6.65233e+05   -6.50183e+05    2.98553e+02   -1.67761e+01

           Step           Time
         691500      345.75000

   Energies (kJ/mol)
        LJ (SR)   Coulomb (SR)   Coul. recip.      Potential    Kinetic En.
    1.42004e+05   -9.33261e+05    2.13402e+03   -7.89123e+05    1.24260e+05
   Total Energy  Conserved En.    Temperature Pressure (bar)
   -6.64863e+05   -6.50172e+05    2.99496e+02    1.29918e+02

           Step           Time
         692000      346.00000

   Energies (kJ/mol)
        LJ (SR)   Coulomb (SR)   Coul. recip.      Potential    Kinetic En.
    1.40795e+05   -9.32869e+05    2.22261e+03   -7.89852e+05    1.24255e+05
   Total Energy  Conserved En.    Temperature Pressure (bar)
   -6.65597e+05   -6.50162e+05    2.99485e+02   -2.18817e+01

           Step           Time
         692500      346.25000

   Energies (kJ/mol)
        LJ (SR)   Coulomb (SR)   Coul. recip.      Potential    Kinetic En.
    1.41485e+05   -9.32938e+05    2.07874e+03   -7.89375e+05    1.24044e+05
   Total Energy  Conserved En.    Temperature Pressure (bar)
   -6.65331e+05   -6.50149e+05    2.98976e+02    9.20658e+01

           Step           Time
         693000      346.50000

   Energies (kJ/mol)
        LJ (SR)   Coulomb (SR)   Coul. recip.      Potential    Kinetic En.
    1.41794e+05   -9.33200e+05    2.15712e+03   -7.89249e+05    1.23792e+05
   Total Energy  Conserved En.    Temperature Pressure (bar)
   -6.65458e+05   -6.50138e+05    2.98368e+02    1.18688e+02

           Step           Time
         693500      346.75000

   Energies (kJ/mol)
        LJ (SR)   Coulomb (SR)   Coul. recip.      Potential    Kinetic En.
    1.42710e+05   -9.35570e+05    2.13259e+03   -7.90728e+05    1.25142e+05
   Total Energy  Conserved En.    Temperature Pressure (bar)
   -6.65586e+05   -6.50127e+05    3.01622e+02    1.39236e+02

           Step           Time
         694000      347.00000

   Energies (kJ/mol)
        LJ (SR)   Coulomb (SR)   Coul. recip.      Potential    Kinetic En.
    1.41749e+05   -9.33350e+05    2.07698e+03   -7.89524e+05    1.24467e+05
   Total Energy  Conserved En.    Temperature Pressure (bar)
   -6.65058e+05   -6.50118e+05    2.99995e+02    9.10205e+01

           Step           Time
         694500      347.25000

   Energies (kJ/mol)
        LJ (SR)   Coulomb (SR)   Coul. recip.      Potential    Kinetic En.
    1.40626e+05   -9.32553e+05    2.07793e+03   -7.89849e+05    1.24751e+05
   Total Energy  Conserved En.    Temperature Pressure (bar)
   -6.65098e+05   -6.50107e+05    3.00681e+02   -6.19353e+01

           Step           Time
         695000      347.50000

   Energies (kJ/mol)
        LJ (SR)   Coulomb (SR)   Coul. recip.      Potential    Kinetic En.
    1.42104e+05   -9.34509e+05    2.10198e+03   -7.90303e+05    1.24634e+05
   Total Energy  Conserved En.    Temperature Pressure (bar)
   -6.65669e+05   -6.50094e+05    3.00398e+02    9.18425e+01

           Step           Time
         695500      347.75000

   Energies (kJ/mol)
        LJ (SR)   Coulomb (SR)   Coul. recip.      Potential    Kinetic En.
    1.41138e+05   -9.32895e+05    2.17142e+03   -7.89585e+05    1.23522e+05
   Total Energy  Conserved En.    Temperature Pressure (bar)
   -6.66063e+05   -6.50084e+05    2.97717e+02    3.39306e+01

           Step           Time
         696000      348.00000

   Energies (kJ/mol)
        LJ (SR)   Coulomb (SR)   Coul. recip.      Potential    Kinetic En.
    1.41016e+05   -9.33207e+05    2.14731e+03   -7.90043e+05    1.23835e+05
   Total Energy  Conserved En.    Temperature Pressure (bar)
   -6.66208e+05   -6.50071e+05    2.98473e+02   -1.43284e+01

           Step           Time
         696500      348.25000

   Energies (kJ/mol)
        LJ (SR)   Coulomb (SR)   Coul. recip.      Potential    Kinetic En.
    1.39649e+05   -9.32720e+05    2.14366e+03   -7.90927e+05    1.24055e+05
   Total Energy  Conserved En.    Temperature Pressure (bar)
   -6.66873e+05   -6.50061e+05    2.99002e+02   -1.81933e+02

           Step           Time
         697000      348.50000

   Energies (kJ/mol)
        LJ (SR)   Coulomb (SR)   Coul. recip.      Potential    Kinetic En.
    1.40996e+05   -9.33979e+05    2.08739e+03   -7.90896e+05    1.24513e+05
   Total Energy  Conserved En.    Temperature Pressure (bar)
   -6.66383e+05   -6.50049e+05    3.00106e+02   -6.94625e+01

           Step           Time
         697500      348.75000

   Energies (kJ/mol)
        LJ (SR)   Coulomb (SR)   Coul. recip.      Potential    Kinetic En.
    1.40514e+05   -9.31836e+05    2.15110e+03   -7.89172e+05    1.22617e+05
   Total Energy  Conserved En.    Temperature Pressure (bar)
   -6.66555e+05   -6.50038e+05    2.95536e+02   -3.83145e+01

           Step           Time
         698000      349.00000

   Energies (kJ/mol)
        LJ (SR)   Coulomb (SR)   Coul. recip.      Potential    Kinetic En.
    1.40697e+05   -9.33079e+05    2.10385e+03   -7.90279e+05    1.23577e+05
   Total Energy  Conserved En.    Temperature Pressure (bar)
   -6.66702e+05   -6.50027e+05    2.97851e+02   -5.70475e+01

           Step           Time
         698500      349.25000

   Energies (kJ/mol)
        LJ (SR)   Coulomb (SR)   Coul. recip.      Potential    Kinetic En.
    1.41105e+05   -9.31877e+05    2.04685e+03   -7.88725e+05    1.23047e+05
   Total Energy  Conserved En.    Temperature Pressure (bar)
   -6.65678e+05   -6.50014e+05    2.96572e+02    5.31624e+01

           Step           Time
         699000      349.50000

   Energies (kJ/mol)
        LJ (SR)   Coulomb (SR)   Coul. recip.      Potential    Kinetic En.
    1.41198e+05   -9.33136e+05    2.07636e+03   -7.89862e+05    1.23995e+05
   Total Energy  Conserved En.    Temperature Pressure (bar)
   -6.65867e+05   -6.50004e+05    2.98858e+02    1.35404e+01

           Step           Time
         699500      349.75000

   Energies (kJ/mol)
        LJ (SR)   Coulomb (SR)   Coul. recip.      Potential    Kinetic En.
    1.40147e+05   -9.32500e+05    2.15634e+03   -7.90196e+05    1.24048e+05
   Total Energy  Conserved En.    Temperature Pressure (bar)
   -6.66148e+05   -6.49993e+05    2.98986e+02   -1.35217e+02

           Step           Time
         700000      350.00000

   Energies (kJ/mol)
        LJ (SR)   Coulomb (SR)   Coul. recip.      Potential    Kinetic En.
    1.40990e+05   -9.32577e+05    2.08383e+03   -7.89503e+05    1.23061e+05
   Total Energy  Conserved En.    Temperature Pressure (bar)
   -6.66442e+05   -6.49981e+05    2.96608e+02    8.01242e+00

           Step           Time
         700500      350.25000

   Energies (kJ/mol)
        LJ (SR)   Coulomb (SR)   Coul. recip.      Potential    Kinetic En.
    1.40695e+05   -9.32421e+05    2.16360e+03   -7.89562e+05    1.23866e+05
   Total Energy  Conserved En.    Temperature Pressure (bar)
   -6.65696e+05   -6.49970e+05    2.98548e+02   -2.72834e+01

Writing checkpoint, step 700800 at Sun Sep  6 20:52:30 2026


           Step           Time
         701000      350.50000

   Energies (kJ/mol)
        LJ (SR)   Coulomb (SR)   Coul. recip.      Potential    Kinetic En.
    1.40270e+05   -9.32017e+05    2.12110e+03   -7.89626e+05    1.24143e+05
   Total Energy  Conserved En.    Temperature Pressure (bar)
   -6.65483e+05   -6.49959e+05    2.99215e+02   -5.66781e+01

           Step           Time
         701500      350.75000

   Energies (kJ/mol)
        LJ (SR)   Coulomb (SR)   Coul. recip.      Potential    Kinetic En.
    1.41161e+05   -9.32908e+05    2.12546e+03   -7.89621e+05    1.24431e+05
   Total Energy  Conserved En.    Temperature Pressure (bar)
   -6.65191e+05   -6.49948e+05    2.99908e+02    2.67060e+01

           Step           Time
         702000      351.00000

   Energies (kJ/mol)
        LJ (SR)   Coulomb (SR)   Coul. recip.      Potential    Kinetic En.
    1.41673e+05   -9.32136e+05    2.09918e+03   -7.88364e+05    1.23797e+05
   Total Energy  Conserved En.    Temperature Pressure (bar)
   -6.64567e+05   -6.49937e+05    2.98380e+02    1.36788e+02

           Step           Time
         702500      351.25000

   Energies (kJ/mol)
        LJ (SR)   Coulomb (SR)   Coul. recip.      Potential    Kinetic En.
    1.43317e+05   -9.34824e+05    2.18699e+03   -7.89320e+05    1.24649e+05
   Total Energy  Conserved En.    Temperature Pressure (bar)
   -6.64671e+05   -6.49925e+05    3.00434e+02    2.69163e+02

           Step           Time
         703000      351.50000

   Energies (kJ/mol)
        LJ (SR)   Coulomb (SR)   Coul. recip.      Potential    Kinetic En.
    1.41448e+05   -9.32636e+05    2.22766e+03   -7.88961e+05    1.23938e+05
   Total Energy  Conserved En.    Temperature Pressure (bar)
   -6.65022e+05   -6.49913e+05    2.98722e+02    6.94855e+01

           Step           Time
         703500      351.75000

   Energies (kJ/mol)
        LJ (SR)   Coulomb (SR)   Coul. recip.      Potential    Kinetic En.
    1.42684e+05   -9.33679e+05    2.09840e+03   -7.88896e+05    1.24219e+05
   Total Energy  Conserved En.    Temperature Pressure (bar)
   -6.64678e+05   -6.49903e+05    2.99397e+02    1.92380e+02

           Step           Time
         704000      352.00000

   Energies (kJ/mol)
        LJ (SR)   Coulomb (SR)   Coul. recip.      Potential    Kinetic En.
    1.40620e+05   -9.31325e+05    2.19694e+03   -7.88509e+05    1.24134e+05
   Total Energy  Conserved En.    Temperature Pressure (bar)
   -6.64374e+05   -6.49891e+05    2.99193e+02    1.03741e+00

           Step           Time
         704500      352.25000

   Energies (kJ/mol)
        LJ (SR)   Coulomb (SR)   Coul. recip.      Potential    Kinetic En.
    1.42112e+05   -9.32976e+05    2.16838e+03   -7.88696e+05    1.24204e+05
   Total Energy  Conserved En.    Temperature Pressure (bar)
   -6.64492e+05   -6.49880e+05    2.99362e+02    1.69555e+02

           Step           Time
         705000      352.50000

   Energies (kJ/mol)
        LJ (SR)   Coulomb (SR)   Coul. recip.      Potential    Kinetic En.
    1.39693e+05   -9.30491e+05    2.10530e+03   -7.88692e+05    1.24275e+05
   Total Energy  Conserved En.    Temperature Pressure (bar)
   -6.64418e+05   -6.49869e+05    2.99532e+02   -1.01891e+02

           Step           Time
         705500      352.75000

   Energies (kJ/mol)
        LJ (SR)   Coulomb (SR)   Coul. recip.      Potential    Kinetic En.
    1.40416e+05   -9.30903e+05    2.10447e+03   -7.88383e+05    1.25075e+05
   Total Energy  Conserved En.    Temperature Pressure (bar)
   -6.63308e+05   -6.49858e+05    3.01461e+02    2.70725e+00

           Step           Time
         706000      353.00000

   Energies (kJ/mol)
        LJ (SR)   Coulomb (SR)   Coul. recip.      Potential    Kinetic En.
    1.41773e+05   -9.31829e+05    2.11153e+03   -7.87945e+05    1.24275e+05
   Total Energy  Conserved En.    Temperature Pressure (bar)
   -6.63670e+05   -6.49846e+05    2.99533e+02    1.50608e+02

           Step           Time
         706500      353.25000

   Energies (kJ/mol)
        LJ (SR)   Coulomb (SR)   Coul. recip.      Potential    Kinetic En.
    1.41874e+05   -9.32608e+05    2.09427e+03   -7.88640e+05    1.25077e+05
   Total Energy  Conserved En.    Temperature Pressure (bar)
   -6.63563e+05   -6.49835e+05    3.01467e+02    1.37180e+02

           Step           Time
         707000      353.50000

   Energies (kJ/mol)
        LJ (SR)   Coulomb (SR)   Coul. recip.      Potential    Kinetic En.
    1.42114e+05   -9.32396e+05    2.10184e+03   -7.88181e+05    1.24258e+05
   Total Energy  Conserved En.    Temperature Pressure (bar)
   -6.63922e+05   -6.49824e+05    2.99493e+02    2.02124e+02

           Step           Time
         707500      353.75000

   Energies (kJ/mol)
        LJ (SR)   Coulomb (SR)   Coul. recip.      Potential    Kinetic En.
    1.40254e+05   -9.31692e+05    2.07119e+03   -7.89367e+05    1.25220e+05
   Total Energy  Conserved En.    Temperature Pressure (bar)
   -6.64147e+05   -6.49814e+05    3.01811e+02   -6.23703e+01

           Step           Time
         708000      354.00000

   Energies (kJ/mol)
        LJ (SR)   Coulomb (SR)   Coul. recip.      Potential    Kinetic En.
    1.40744e+05   -9.31549e+05    2.13799e+03   -7.88667e+05    1.25001e+05
   Total Energy  Conserved En.    Temperature Pressure (bar)
   -6.63666e+05   -6.49800e+05    3.01283e+02    2.94792e+01

           Step           Time
         708500      354.25000

   Energies (kJ/mol)
        LJ (SR)   Coulomb (SR)   Coul. recip.      Potential    Kinetic En.
    1.39453e+05   -9.30583e+05    2.10216e+03   -7.89028e+05    1.25499e+05
   Total Energy  Conserved En.    Temperature Pressure (bar)
   -6.63529e+05   -6.49790e+05    3.02482e+02   -1.03246e+02

           Step           Time
         709000      354.50000

   Energies (kJ/mol)
        LJ (SR)   Coulomb (SR)   Coul. recip.      Potential    Kinetic En.
    1.41257e+05   -9.31971e+05    2.12141e+03   -7.88593e+05    1.25620e+05
   Total Energy  Conserved En.    Temperature Pressure (bar)
   -6.62973e+05   -6.49779e+05    3.02776e+02    1.07182e+02

           Step           Time
         709500      354.75000

   Energies (kJ/mol)
        LJ (SR)   Coulomb (SR)   Coul. recip.      Potential    Kinetic En.
    1.40852e+05   -9.31116e+05    2.21772e+03   -7.88046e+05    1.25233e+05
   Total Energy  Conserved En.    Temperature Pressure (bar)
   -6.62813e+05   -6.49768e+05    3.01842e+02    8.32163e+01

           Step           Time
         710000      355.00000

   Energies (kJ/mol)
        LJ (SR)   Coulomb (SR)   Coul. recip.      Potential    Kinetic En.
    1.41854e+05   -9.32392e+05    2.14002e+03   -7.88398e+05    1.25128e+05
   Total Energy  Conserved En.    Temperature Pressure (bar)
   -6.63270e+05   -6.49758e+05    3.01590e+02    1.69937e+02

           Step           Time
         710500      355.25000

   Energies (kJ/mol)
        LJ (SR)   Coulomb (SR)   Coul. recip.      Potential    Kinetic En.
    1.40792e+05   -9.31440e+05    2.20339e+03   -7.88444e+05    1.24844e+05
   Total Energy  Conserved En.    Temperature Pressure (bar)
   -6.63601e+05   -6.49747e+05    3.00904e+02    4.20434e+01

           Step           Time
         711000      355.50000

   Energies (kJ/mol)
        LJ (SR)   Coulomb (SR)   Coul. recip.      Potential    Kinetic En.
    1.39902e+05   -9.30539e+05    2.15946e+03   -7.88478e+05    1.24843e+05
   Total Energy  Conserved En.    Temperature Pressure (bar)
   -6.63635e+05   -6.49735e+05    3.00901e+02   -3.97785e+01

           Step           Time
         711500      355.75000

   Energies (kJ/mol)
        LJ (SR)   Coulomb (SR)   Coul. recip.      Potential    Kinetic En.
    1.41265e+05   -9.30860e+05    2.08112e+03   -7.87514e+05    1.23861e+05
   Total Energy  Conserved En.    Temperature Pressure (bar)
   -6.63654e+05   -6.49723e+05    2.98534e+02    1.18309e+02

           Step           Time
         712000      356.00000

   Energies (kJ/mol)
        LJ (SR)   Coulomb (SR)   Coul. recip.      Potential    Kinetic En.
    1.41800e+05   -9.32422e+05    2.10185e+03   -7.88520e+05    1.25240e+05
   Total Energy  Conserved En.    Temperature Pressure (bar)
   -6.63280e+05   -6.49712e+05    3.01859e+02    1.46931e+02

           Step           Time
         712500      356.25000

   Energies (kJ/mol)
        LJ (SR)   Coulomb (SR)   Coul. recip.      Potential    Kinetic En.
    1.40072e+05   -9.29901e+05    2.14917e+03   -7.87679e+05    1.24493e+05
   Total Energy  Conserved En.    Temperature Pressure (bar)
   -6.63186e+05   -6.49700e+05    3.00059e+02   -6.84456e+00

           Step           Time
         713000      356.50000

   Energies (kJ/mol)
        LJ (SR)   Coulomb (SR)   Coul. recip.      Potential    Kinetic En.
    1.40118e+05   -9.29996e+05    2.08451e+03   -7.87794e+05    1.25127e+05
   Total Energy  Conserved En.    Temperature Pressure (bar)
   -6.62667e+05   -6.49689e+05    3.01585e+02    1.59872e+01

           Step           Time
         713500      356.75000

   Energies (kJ/mol)
        LJ (SR)   Coulomb (SR)   Coul. recip.      Potential    Kinetic En.
    1.39940e+05   -9.29742e+05    2.12388e+03   -7.87678e+05    1.24247e+05
   Total Energy  Conserved En.    Temperature Pressure (bar)
   -6.63430e+05   -6.49677e+05    2.99466e+02   -1.16077e+01

           Step           Time
         714000      357.00000

   Energies (kJ/mol)
        LJ (SR)   Coulomb (SR)   Coul. recip.      Potential    Kinetic En.
    1.40841e+05   -9.31229e+05    2.15167e+03   -7.88237e+05    1.24570e+05
   Total Energy  Conserved En.    Temperature Pressure (bar)
   -6.63667e+05   -6.49666e+05    3.00244e+02    6.40790e+01

           Step           Time
         714500      357.25000

   Energies (kJ/mol)
        LJ (SR)   Coulomb (SR)   Coul. recip.      Potential    Kinetic En.
    1.40303e+05   -9.29497e+05    2.20013e+03   -7.86995e+05    1.23980e+05
   Total Energy  Conserved En.    Temperature Pressure (bar)
   -6.63014e+05   -6.49655e+05    2.98822e+02    6.56652e+01

           Step           Time
         715000      357.50000

   Energies (kJ/mol)
        LJ (SR)   Coulomb (SR)   Coul. recip.      Potential    Kinetic En.
    1.40275e+05   -9.30060e+05    2.06087e+03   -7.87724e+05    1.25069e+05
   Total Energy  Conserved En.    Temperature Pressure (bar)
   -6.62655e+05   -6.49645e+05    3.01447e+02    5.32283e+01

           Step           Time
         715500      357.75000

   Energies (kJ/mol)
        LJ (SR)   Coulomb (SR)   Coul. recip.      Potential    Kinetic En.
    1.41558e+05   -9.31295e+05    2.06210e+03   -7.87675e+05    1.24662e+05
   Total Energy  Conserved En.    Temperature Pressure (bar)
   -6.63013e+05   -6.49633e+05    3.00466e+02    1.66475e+02

           Step           Time
         716000      358.00000

   Energies (kJ/mol)
        LJ (SR)   Coulomb (SR)   Coul. recip.      Potential    Kinetic En.
    1.41232e+05   -9.31095e+05    2.12554e+03   -7.87738e+05    1.24862e+05
   Total Energy  Conserved En.    Temperature Pressure (bar)
   -6.62875e+05   -6.49622e+05    3.00948e+02    1.34767e+02

           Step           Time
         716500      358.25000

   Energies (kJ/mol)
        LJ (SR)   Coulomb (SR)   Coul. recip.      Potential    Kinetic En.
    1.42220e+05   -9.31130e+05    2.14302e+03   -7.86766e+05    1.23900e+05
   Total Energy  Conserved En.    Temperature Pressure (bar)
   -6.62867e+05   -6.49609e+05    2.98628e+02    2.75220e+02

           Step           Time
         717000      358.50000

   Energies (kJ/mol)
        LJ (SR)   Coulomb (SR)   Coul. recip.      Potential    Kinetic En.
    1.41658e+05   -9.32318e+05    2.05998e+03   -7.88600e+05    1.25614e+05
   Total Energy  Conserved En.    Temperature Pressure (bar)
   -6.62986e+05   -6.49599e+05    3.02761e+02    1.58734e+02

           Step           Time
         717500      358.75000

   Energies (kJ/mol)
        LJ (SR)   Coulomb (SR)   Coul. recip.      Potential    Kinetic En.
    1.39819e+05   -9.29891e+05    2.12618e+03   -7.87945e+05    1.24804e+05
   Total Energy  Conserved En.    Temperature Pressure (bar)
   -6.63141e+05   -6.49588e+05    3.00809e+02   -2.97112e+01

           Step           Time
         718000      359.00000

   Energies (kJ/mol)
        LJ (SR)   Coulomb (SR)   Coul. recip.      Potential    Kinetic En.
    1.39123e+05   -9.28926e+05    2.10747e+03   -7.87696e+05    1.24442e+05
   Total Energy  Conserved En.    Temperature Pressure (bar)
   -6.63254e+05   -6.49576e+05    2.99936e+02   -1.08489e+02

           Step           Time
         718500      359.25000

   Energies (kJ/mol)
        LJ (SR)   Coulomb (SR)   Coul. recip.      Potential    Kinetic En.
    1.39441e+05   -9.29134e+05    2.09250e+03   -7.87600e+05    1.24970e+05
   Total Energy  Conserved En.    Temperature Pressure (bar)
   -6.62630e+05   -6.49565e+05    3.01208e+02   -3.23584e+01

           Step           Time
         719000      359.50000

   Energies (kJ/mol)
        LJ (SR)   Coulomb (SR)   Coul. recip.      Potential    Kinetic En.
    1.38964e+05   -9.28538e+05    2.04960e+03   -7.87524e+05    1.24859e+05
   Total Energy  Conserved En.    Temperature Pressure (bar)
   -6.62664e+05   -6.49554e+05    3.00941e+02   -6.43883e+01

           Step           Time
         719500      359.75000

   Energies (kJ/mol)
        LJ (SR)   Coulomb (SR)   Coul. recip.      Potential    Kinetic En.
    1.39405e+05   -9.28971e+05    2.10738e+03   -7.87459e+05    1.24980e+05
   Total Energy  Conserved En.    Temperature Pressure (bar)
   -6.62479e+05   -6.49542e+05    3.01231e+02   -2.49734e+01

           Step           Time
         720000      360.00000

   Energies (kJ/mol)
        LJ (SR)   Coulomb (SR)   Coul. recip.      Potential    Kinetic En.
    1.41290e+05   -9.31007e+05    2.19318e+03   -7.87524e+05    1.25082e+05
   Total Energy  Conserved En.    Temperature Pressure (bar)
   -6.62442e+05   -6.49532e+05    3.01479e+02    1.35147e+02

           Step           Time
         720500      360.25000

   Energies (kJ/mol)
        LJ (SR)   Coulomb (SR)   Coul. recip.      Potential    Kinetic En.
    1.40165e+05   -9.29713e+05    2.10150e+03   -7.87447e+05    1.25534e+05
   Total Energy  Conserved En.    Temperature Pressure (bar)
   -6.61913e+05   -6.49521e+05    3.02567e+02    7.35929e+00

           Step           Time
         721000      360.50000

   Energies (kJ/mol)
        LJ (SR)   Coulomb (SR)   Coul. recip.      Potential    Kinetic En.
    1.39474e+05   -9.29137e+05    2.12449e+03   -7.87538e+05    1.25189e+05
   Total Energy  Conserved En.    Temperature Pressure (bar)
   -6.62349e+05   -6.49510e+05    3.01736e+02   -6.73871e+01

           Step           Time
         721500      360.75000

   Energies (kJ/mol)
        LJ (SR)   Coulomb (SR)   Coul. recip.      Potential    Kinetic En.
    1.38846e+05   -9.27797e+05    2.04502e+03   -7.86906e+05    1.24457e+05
   Total Energy  Conserved En.    Temperature Pressure (bar)
   -6.62448e+05   -6.49498e+05    2.99972e+02   -1.16260e+02

           Step           Time
         722000      361.00000

   Energies (kJ/mol)
        LJ (SR)   Coulomb (SR)   Coul. recip.      Potential    Kinetic En.
    1.41313e+05   -9.30940e+05    2.18339e+03   -7.87444e+05    1.24600e+05
   Total Energy  Conserved En.    Temperature Pressure (bar)
   -6.62844e+05   -6.49486e+05    3.00315e+02    1.46881e+02

           Step           Time
         722500      361.25000

   Energies (kJ/mol)
        LJ (SR)   Coulomb (SR)   Coul. recip.      Potential    Kinetic En.
    1.40259e+05   -9.29777e+05    2.14757e+03   -7.87370e+05    1.25098e+05
   Total Energy  Conserved En.    Temperature Pressure (bar)
   -6.62272e+05   -6.49476e+05    3.01517e+02    2.63461e+01

           Step           Time
         723000      361.50000

   Energies (kJ/mol)
        LJ (SR)   Coulomb (SR)   Coul. recip.      Potential    Kinetic En.
    1.39796e+05   -9.29548e+05    2.08098e+03   -7.87671e+05    1.25413e+05
   Total Energy  Conserved En.    Temperature Pressure (bar)
   -6.62259e+05   -6.49465e+05    3.02275e+02   -1.73663e+01

           Step           Time
         723500      361.75000

   Energies (kJ/mol)
        LJ (SR)   Coulomb (SR)   Coul. recip.      Potential    Kinetic En.
    1.40065e+05   -9.29461e+05    2.13687e+03   -7.87259e+05    1.25552e+05
   Total Energy  Conserved En.    Temperature Pressure (bar)
   -6.61707e+05   -6.49452e+05    3.02611e+02    1.25047e+01

           Step           Time
         724000      362.00000

   Energies (kJ/mol)
        LJ (SR)   Coulomb (SR)   Coul. recip.      Potential    Kinetic En.
    1.39316e+05   -9.29101e+05    2.13742e+03   -7.87648e+05    1.25849e+05
   Total Energy  Conserved En.    Temperature Pressure (bar)
   -6.61798e+05   -6.49441e+05    3.03327e+02   -8.63722e+01

           Step           Time
         724500      362.25000

   Energies (kJ/mol)
        LJ (SR)   Coulomb (SR)   Coul. recip.      Potential    Kinetic En.
    1.39109e+05   -9.28596e+05    2.15478e+03   -7.87332e+05    1.25183e+05
   Total Energy  Conserved En.    Temperature Pressure (bar)
   -6.62149e+05   -6.49431e+05    3.01721e+02   -6.19662e+01

           Step           Time
         725000      362.50000

   Energies (kJ/mol)
        LJ (SR)   Coulomb (SR)   Coul. recip.      Potential    Kinetic En.
    1.40497e+05   -9.30248e+05    2.16617e+03   -7.87585e+05    1.25217e+05
   Total Energy  Conserved En.    Temperature Pressure (bar)
   -6.62368e+05   -6.49419e+05    3.01803e+02    5.01475e+01

           Step           Time
         725500      362.75000

   Energies (kJ/mol)
        LJ (SR)   Coulomb (SR)   Coul. recip.      Potential    Kinetic En.
    1.40129e+05   -9.30107e+05    2.15864e+03   -7.87819e+05    1.25612e+05
   Total Energy  Conserved En.    Temperature Pressure (bar)
   -6.62207e+05   -6.49408e+05    3.02755e+02    3.75925e+01

           Step           Time
         726000      363.00000

   Energies (kJ/mol)
        LJ (SR)   Coulomb (SR)   Coul. recip.      Potential    Kinetic En.
    1.40053e+05   -9.29988e+05    2.18568e+03   -7.87750e+05    1.25402e+05
   Total Energy  Conserved En.    Temperature Pressure (bar)
   -6.62348e+05   -6.49396e+05    3.02249e+02    3.27079e+00

           Step           Time
         726500      363.25000

   Energies (kJ/mol)
        LJ (SR)   Coulomb (SR)   Coul. recip.      Potential    Kinetic En.
    1.39630e+05   -9.29517e+05    2.15510e+03   -7.87732e+05    1.25569e+05
   Total Energy  Conserved En.    Temperature Pressure (bar)
   -6.62164e+05   -6.49386e+05    3.02651e+02   -3.71888e+01

           Step           Time
         727000      363.50000

   Energies (kJ/mol)
        LJ (SR)   Coulomb (SR)   Coul. recip.      Potential    Kinetic En.
    1.40498e+05   -9.30194e+05    2.15374e+03   -7.87542e+05    1.25366e+05
   Total Energy  Conserved En.    Temperature Pressure (bar)
   -6.62176e+05   -6.49374e+05    3.02163e+02    4.63344e+01

           Step           Time
         727500      363.75000

   Energies (kJ/mol)
        LJ (SR)   Coulomb (SR)   Coul. recip.      Potential    Kinetic En.
    1.41062e+05   -9.30894e+05    2.15138e+03   -7.87681e+05    1.25495e+05
   Total Energy  Conserved En.    Temperature Pressure (bar)
   -6.62186e+05   -6.49362e+05    3.02474e+02    1.35841e+02

           Step           Time
         728000      364.00000

   Energies (kJ/mol)
        LJ (SR)   Coulomb (SR)   Coul. recip.      Potential    Kinetic En.
    1.40994e+05   -9.31389e+05    2.15185e+03   -7.88242e+05    1.25511e+05
   Total Energy  Conserved En.    Temperature Pressure (bar)
   -6.62731e+05   -6.49352e+05    3.02513e+02    9.34489e+01

           Step           Time
         728500      364.25000

   Energies (kJ/mol)
        LJ (SR)   Coulomb (SR)   Coul. recip.      Potential    Kinetic En.
    1.40126e+05   -9.30164e+05    2.10585e+03   -7.87932e+05    1.24802e+05
   Total Energy  Conserved En.    Temperature Pressure (bar)
   -6.63131e+05   -6.49340e+05    3.00803e+02    4.08618e+00

           Step           Time
         729000      364.50000

   Energies (kJ/mol)
        LJ (SR)   Coulomb (SR)   Coul. recip.      Potential    Kinetic En.
    1.39562e+05   -9.30806e+05    2.24825e+03   -7.88996e+05    1.25236e+05
   Total Energy  Conserved En.    Temperature Pressure (bar)
   -6.63760e+05   -6.49330e+05    3.01849e+02   -1.04581e+02

           Step           Time
         729500      364.75000

   Energies (kJ/mol)
        LJ (SR)   Coulomb (SR)   Coul. recip.      Potential    Kinetic En.
    1.40369e+05   -9.31859e+05    2.01212e+03   -7.89478e+05    1.25827e+05
   Total Energy  Conserved En.    Temperature Pressure (bar)
   -6.63652e+05   -6.49319e+05    3.03273e+02   -1.52713e+01

           Step           Time
         730000      365.00000

   Energies (kJ/mol)
        LJ (SR)   Coulomb (SR)   Coul. recip.      Potential    Kinetic En.
    1.39127e+05   -9.29265e+05    2.10648e+03   -7.88032e+05    1.24299e+05
   Total Energy  Conserved En.    Temperature Pressure (bar)
   -6.63733e+05   -6.49307e+05    2.99590e+02   -1.05802e+02

           Step           Time
         730500      365.25000

   Energies (kJ/mol)
        LJ (SR)   Coulomb (SR)   Coul. recip.      Potential    Kinetic En.
    1.41431e+05   -9.32089e+05    2.16829e+03   -7.88490e+05    1.24533e+05
   Total Energy  Conserved En.    Temperature Pressure (bar)
   -6.63956e+05   -6.49294e+05    3.00156e+02    1.19620e+02

           Step           Time
         731000      365.50000

   Energies (kJ/mol)
        LJ (SR)   Coulomb (SR)   Coul. recip.      Potential    Kinetic En.
    1.41238e+05   -9.32228e+05    2.06477e+03   -7.88925e+05    1.24241e+05
   Total Energy  Conserved En.    Temperature Pressure (bar)
   -6.64684e+05   -6.49283e+05    2.99451e+02    6.27399e+01

           Step           Time
         731500      365.75000

   Energies (kJ/mol)
        LJ (SR)   Coulomb (SR)   Coul. recip.      Potential    Kinetic En.
    1.40163e+05   -9.30719e+05    2.09225e+03   -7.88463e+05    1.24288e+05
   Total Energy  Conserved En.    Temperature Pressure (bar)
   -6.64175e+05   -6.49272e+05    2.99563e+02    1.43023e+01

           Step           Time
         732000      366.00000

   Energies (kJ/mol)
        LJ (SR)   Coulomb (SR)   Coul. recip.      Potential    Kinetic En.
    1.40015e+05   -9.31388e+05    2.17041e+03   -7.89203e+05    1.24523e+05
   Total Energy  Conserved En.    Temperature Pressure (bar)
   -6.64680e+05   -6.49260e+05    3.00130e+02   -5.44535e+01

           Step           Time
         732500      366.25000

   Energies (kJ/mol)
        LJ (SR)   Coulomb (SR)   Coul. recip.      Potential    Kinetic En.
    1.41013e+05   -9.32430e+05    2.16770e+03   -7.89250e+05    1.24847e+05
   Total Energy  Conserved En.    Temperature Pressure (bar)
   -6.64403e+05   -6.49249e+05    3.00913e+02    3.48064e+01

           Step           Time
         733000      366.50000

   Energies (kJ/mol)
        LJ (SR)   Coulomb (SR)   Coul. recip.      Potential    Kinetic En.
    1.42057e+05   -9.33414e+05    2.12126e+03   -7.89235e+05    1.25039e+05
   Total Energy  Conserved En.    Temperature Pressure (bar)
   -6.64196e+05   -6.49239e+05    3.01374e+02    1.59721e+02

           Step           Time
         733500      366.75000

   Energies (kJ/mol)
        LJ (SR)   Coulomb (SR)   Coul. recip.      Potential    Kinetic En.
    1.41137e+05   -9.32573e+05    2.15290e+03   -7.89282e+05    1.25572e+05
   Total Energy  Conserved En.    Temperature Pressure (bar)
   -6.63710e+05   -6.49227e+05    3.02659e+02    7.82576e+01

           Step           Time
         734000      367.00000

   Energies (kJ/mol)
        LJ (SR)   Coulomb (SR)   Coul. recip.      Potential    Kinetic En.
    1.41661e+05   -9.32348e+05    2.20670e+03   -7.88481e+05    1.24820e+05
   Total Energy  Conserved En.    Temperature Pressure (bar)
   -6.63660e+05   -6.49214e+05    3.00848e+02    1.32020e+02

           Step           Time
         734500      367.25000

   Energies (kJ/mol)
        LJ (SR)   Coulomb (SR)   Coul. recip.      Potential    Kinetic En.
    1.41363e+05   -9.31766e+05    2.14276e+03   -7.88260e+05    1.25182e+05
   Total Energy  Conserved En.    Temperature Pressure (bar)
   -6.63078e+05   -6.49204e+05    3.01720e+02    1.16755e+02

           Step           Time
         735000      367.50000

   Energies (kJ/mol)
        LJ (SR)   Coulomb (SR)   Coul. recip.      Potential    Kinetic En.
    1.42773e+05   -9.32815e+05    2.11637e+03   -7.87926e+05    1.24648e+05
   Total Energy  Conserved En.    Temperature Pressure (bar)
   -6.63278e+05   -6.49191e+05    3.00433e+02    2.91216e+02

           Step           Time
         735500      367.75000

   Energies (kJ/mol)
        LJ (SR)   Coulomb (SR)   Coul. recip.      Potential    Kinetic En.
    1.40724e+05   -9.30782e+05    2.03980e+03   -7.88018e+05    1.25241e+05
   Total Energy  Conserved En.    Temperature Pressure (bar)
   -6.62777e+05   -6.49180e+05    3.01861e+02    7.31744e+01

           Step           Time
         736000      368.00000

   Energies (kJ/mol)
        LJ (SR)   Coulomb (SR)   Coul. recip.      Potential    Kinetic En.
    1.40433e+05   -9.30527e+05    2.13005e+03   -7.87964e+05    1.24555e+05
   Total Energy  Conserved En.    Temperature Pressure (bar)
   -6.63409e+05   -6.49169e+05    3.00207e+02    2.77965e+01

           Step           Time
         736500      368.25000

   Energies (kJ/mol)
        LJ (SR)   Coulomb (SR)   Coul. recip.      Potential    Kinetic En.
    1.40228e+05   -9.30061e+05    2.08442e+03   -7.87748e+05    1.24377e+05
   Total Energy  Conserved En.    Temperature Pressure (bar)
   -6.63371e+05   -6.49157e+05    2.99779e+02    3.65223e+01

           Step           Time
         737000      368.50000

   Energies (kJ/mol)
        LJ (SR)   Coulomb (SR)   Coul. recip.      Potential    Kinetic En.
    1.39600e+05   -9.29137e+05    2.08050e+03   -7.87457e+05    1.24110e+05
   Total Energy  Conserved En.    Temperature Pressure (bar)
   -6.63347e+05   -6.49146e+05    2.99136e+02   -4.05573e+01

           Step           Time
         737500      368.75000

   Energies (kJ/mol)
        LJ (SR)   Coulomb (SR)   Coul. recip.      Potential    Kinetic En.
    1.38546e+05   -9.28289e+05    2.08132e+03   -7.87661e+05    1.25135e+05
   Total Energy  Conserved En.    Temperature Pressure (bar)
   -6.62526e+05   -6.49135e+05    3.01607e+02   -1.09213e+02

Writing checkpoint, step 737800 at Sun Sep  6 21:07:29 2026


           Step           Time
         738000      369.00000

   Energies (kJ/mol)
        LJ (SR)   Coulomb (SR)   Coul. recip.      Potential    Kinetic En.
    1.40861e+05   -9.30569e+05    2.09876e+03   -7.87610e+05    1.25377e+05
   Total Energy  Conserved En.    Temperature Pressure (bar)
   -6.62233e+05   -6.49123e+05    3.02188e+02    1.30499e+02

           Step           Time
         738500      369.25000

   Energies (kJ/mol)
        LJ (SR)   Coulomb (SR)   Coul. recip.      Potential    Kinetic En.
    1.39350e+05   -9.29054e+05    2.16144e+03   -7.87542e+05    1.24717e+05
   Total Energy  Conserved En.    Temperature Pressure (bar)
   -6.62825e+05   -6.49112e+05    3.00599e+02   -5.49346e+01

           Step           Time
         739000      369.50000

   Energies (kJ/mol)
        LJ (SR)   Coulomb (SR)   Coul. recip.      Potential    Kinetic En.
    1.40112e+05   -9.30198e+05    2.17420e+03   -7.87912e+05    1.24701e+05
   Total Energy  Conserved En.    Temperature Pressure (bar)
   -6.63211e+05   -6.49101e+05    3.00559e+02    4.08682e+01

           Step           Time
         739500      369.75000

   Energies (kJ/mol)
        LJ (SR)   Coulomb (SR)   Coul. recip.      Potential    Kinetic En.
    1.40910e+05   -9.31396e+05    2.15101e+03   -7.88335e+05    1.23935e+05
   Total Energy  Conserved En.    Temperature Pressure (bar)
   -6.64400e+05   -6.49090e+05    2.98714e+02    6.78851e+01

           Step           Time
         740000      370.00000

   Energies (kJ/mol)
        LJ (SR)   Coulomb (SR)   Coul. recip.      Potential    Kinetic En.
    1.40465e+05   -9.30755e+05    2.12496e+03   -7.88166e+05    1.24037e+05
   Total Energy  Conserved En.    Temperature Pressure (bar)
   -6.64129e+05   -6.49078e+05    2.98959e+02    4.42391e+01

           Step           Time
         740500      370.25000

   Energies (kJ/mol)
        LJ (SR)   Coulomb (SR)   Coul. recip.      Potential    Kinetic En.
    1.39165e+05   -9.29361e+05    2.04698e+03   -7.88149e+05    1.24346e+05
   Total Energy  Conserved En.    Temperature Pressure (bar)
   -6.63803e+05   -6.49068e+05    2.99703e+02   -1.00106e+02

           Step           Time
         741000      370.50000

   Energies (kJ/mol)
        LJ (SR)   Coulomb (SR)   Coul. recip.      Potential    Kinetic En.
    1.39497e+05   -9.29754e+05    2.10850e+03   -7.88149e+05    1.24756e+05
   Total Energy  Conserved En.    Temperature Pressure (bar)
   -6.63393e+05   -6.49057e+05    3.00692e+02   -2.75750e+01

           Step           Time
         741500      370.75000

   Energies (kJ/mol)
        LJ (SR)   Coulomb (SR)   Coul. recip.      Potential    Kinetic En.
    1.39490e+05   -9.30116e+05    2.20321e+03   -7.88423e+05    1.24742e+05
   Total Energy  Conserved En.    Temperature Pressure (bar)
   -6.63681e+05   -6.49044e+05    3.00658e+02   -1.05999e+02

           Step           Time
         742000      371.00000

   Energies (kJ/mol)
        LJ (SR)   Coulomb (SR)   Coul. recip.      Potential    Kinetic En.
    1.39653e+05   -9.30881e+05    2.18466e+03   -7.89044e+05    1.25085e+05
   Total Energy  Conserved En.    Temperature Pressure (bar)
   -6.63959e+05   -6.49034e+05    3.01486e+02   -9.40247e+01

           Step           Time
         742500      371.25000

   Energies (kJ/mol)
        LJ (SR)   Coulomb (SR)   Coul. recip.      Potential    Kinetic En.
    1.41018e+05   -9.31800e+05    2.13278e+03   -7.88649e+05    1.24748e+05
   Total Energy  Conserved En.    Temperature Pressure (bar)
   -6.63901e+05   -6.49022e+05    3.00674e+02    5.54162e+01

           Step           Time
         743000      371.50000

   Energies (kJ/mol)
        LJ (SR)   Coulomb (SR)   Coul. recip.      Potential    Kinetic En.
    1.41290e+05   -9.32907e+05    2.17722e+03   -7.89439e+05    1.25005e+05
   Total Energy  Conserved En.    Temperature Pressure (bar)
   -6.64434e+05   -6.49009e+05    3.01293e+02    4.98116e+01

           Step           Time
         743500      371.75000

   Energies (kJ/mol)
        LJ (SR)   Coulomb (SR)   Coul. recip.      Potential    Kinetic En.
    1.40963e+05   -9.32240e+05    2.07502e+03   -7.89202e+05    1.24967e+05
   Total Energy  Conserved En.    Temperature Pressure (bar)
   -6.64236e+05   -6.49000e+05    3.01200e+02   -1.01012e+01

           Step           Time
         744000      372.00000

   Energies (kJ/mol)
        LJ (SR)   Coulomb (SR)   Coul. recip.      Potential    Kinetic En.
    1.42175e+05   -9.33199e+05    2.08639e+03   -7.88938e+05    1.24925e+05
   Total Energy  Conserved En.    Temperature Pressure (bar)
   -6.64013e+05   -6.48987e+05    3.01099e+02    1.76512e+02

           Step           Time
         744500      372.25000

   Energies (kJ/mol)
        LJ (SR)   Coulomb (SR)   Coul. recip.      Potential    Kinetic En.
    1.40332e+05   -9.31152e+05    2.20712e+03   -7.88613e+05    1.25069e+05
   Total Energy  Conserved En.    Temperature Pressure (bar)
   -6.63544e+05   -6.48976e+05    3.01448e+02   -3.27745e+01

           Step           Time
         745000      372.50000

   Energies (kJ/mol)
        LJ (SR)   Coulomb (SR)   Coul. recip.      Potential    Kinetic En.
    1.39586e+05   -9.29873e+05    2.11725e+03   -7.88170e+05    1.24709e+05
   Total Energy  Conserved En.    Temperature Pressure (bar)
   -6.63461e+05   -6.48965e+05    3.00578e+02   -7.44653e+01

           Step           Time
         745500      372.75000

   Energies (kJ/mol)
        LJ (SR)   Coulomb (SR)   Coul. recip.      Potential    Kinetic En.
    1.41838e+05   -9.33270e+05    2.00424e+03   -7.89428e+05    1.25321e+05
   Total Energy  Conserved En.    Temperature Pressure (bar)
   -6.64108e+05   -6.48953e+05    3.02053e+02    1.23255e+02

           Step           Time
         746000      373.00000

   Energies (kJ/mol)
        LJ (SR)   Coulomb (SR)   Coul. recip.      Potential    Kinetic En.
    1.39558e+05   -9.30271e+05    2.13310e+03   -7.88580e+05    1.24508e+05
   Total Energy  Conserved En.    Temperature Pressure (bar)
   -6.64072e+05   -6.48942e+05    3.00094e+02   -8.10996e+01

           Step           Time
         746500      373.25000

   Energies (kJ/mol)
        LJ (SR)   Coulomb (SR)   Coul. recip.      Potential    Kinetic En.
    1.40715e+05   -9.31216e+05    2.18039e+03   -7.88321e+05    1.24232e+05
   Total Energy  Conserved En.    Temperature Pressure (bar)
   -6.64089e+05   -6.48930e+05    2.99428e+02    2.57799e+01

           Step           Time
         747000      373.50000

   Energies (kJ/mol)
        LJ (SR)   Coulomb (SR)   Coul. recip.      Potential    Kinetic En.
    1.40182e+05   -9.30271e+05    2.12287e+03   -7.87966e+05    1.24184e+05
   Total Energy  Conserved En.    Temperature Pressure (bar)
   -6.63782e+05   -6.48918e+05    2.99314e+02   -4.52332e+00

           Step           Time
         747500      373.75000

   Energies (kJ/mol)
        LJ (SR)   Coulomb (SR)   Coul. recip.      Potential    Kinetic En.
    1.39049e+05   -9.29868e+05    2.10279e+03   -7.88716e+05    1.25410e+05
   Total Energy  Conserved En.    Temperature Pressure (bar)
   -6.63306e+05   -6.48909e+05    3.02269e+02   -1.34846e+02

           Step           Time
         748000      374.00000

   Energies (kJ/mol)
        LJ (SR)   Coulomb (SR)   Coul. recip.      Potential    Kinetic En.
    1.39720e+05   -9.29889e+05    2.15685e+03   -7.88012e+05    1.24413e+05
   Total Energy  Conserved En.    Temperature Pressure (bar)
   -6.63599e+05   -6.48898e+05    2.99867e+02   -3.73683e+01

           Step           Time
         748500      374.25000

   Energies (kJ/mol)
        LJ (SR)   Coulomb (SR)   Coul. recip.      Potential    Kinetic En.
    1.38757e+05   -9.28752e+05    2.20171e+03   -7.87793e+05    1.23900e+05
   Total Energy  Conserved En.    Temperature Pressure (bar)
   -6.63893e+05   -6.48885e+05    2.98630e+02   -1.39621e+02

           Step           Time
         749000      374.50000

   Energies (kJ/mol)
        LJ (SR)   Coulomb (SR)   Coul. recip.      Potential    Kinetic En.
    1.40199e+05   -9.30670e+05    2.10146e+03   -7.88370e+05    1.24699e+05
   Total Energy  Conserved En.    Temperature Pressure (bar)
   -6.63671e+05   -6.48874e+05    3.00555e+02   -3.17250e+01

           Step           Time
         749500      374.75000

   Energies (kJ/mol)
        LJ (SR)   Coulomb (SR)   Coul. recip.      Potential    Kinetic En.
    1.39100e+05   -9.30291e+05    2.10141e+03   -7.89090e+05    1.24935e+05
   Total Energy  Conserved En.    Temperature Pressure (bar)
   -6.64155e+05   -6.48863e+05    3.01124e+02   -1.60873e+02

           Step           Time
         750000      375.00000

   Energies (kJ/mol)
        LJ (SR)   Coulomb (SR)   Coul. recip.      Potential    Kinetic En.
    1.41509e+05   -9.33209e+05    2.09440e+03   -7.89606e+05    1.25756e+05
   Total Energy  Conserved En.    Temperature Pressure (bar)
   -6.63850e+05   -6.48851e+05    3.03103e+02    8.33359e+01

           Step           Time
         750500      375.25000

   Energies (kJ/mol)
        LJ (SR)   Coulomb (SR)   Coul. recip.      Potential    Kinetic En.
    1.39130e+05   -9.30101e+05    2.12857e+03   -7.88842e+05    1.24668e+05
   Total Energy  Conserved En.    Temperature Pressure (bar)
   -6.64174e+05   -6.48839e+05    3.00480e+02   -1.47088e+02

           Step           Time
         751000      375.50000

   Energies (kJ/mol)
        LJ (SR)   Coulomb (SR)   Coul. recip.      Potential    Kinetic En.
    1.41887e+05   -9.32061e+05    2.07437e+03   -7.88100e+05    1.24314e+05
   Total Energy  Conserved En.    Temperature Pressure (bar)
   -6.63786e+05   -6.48828e+05    2.99626e+02    1.62070e+02

           Step           Time
         751500      375.75000

   Energies (kJ/mol)
        LJ (SR)   Coulomb (SR)   Coul. recip.      Potential    Kinetic En.
    1.41884e+05   -9.32763e+05    2.07894e+03   -7.88800e+05    1.24746e+05
   Total Energy  Conserved En.    Temperature Pressure (bar)
   -6.64054e+05   -6.48818e+05    3.00669e+02    1.35186e+02

           Step           Time
         752000      376.00000

   Energies (kJ/mol)
        LJ (SR)   Coulomb (SR)   Coul. recip.      Potential    Kinetic En.
    1.39779e+05   -9.30676e+05    2.16719e+03   -7.88729e+05    1.24676e+05
   Total Energy  Conserved En.    Temperature Pressure (bar)
   -6.64054e+05   -6.48808e+05    3.00499e+02   -1.07373e+02

           Step           Time
         752500      376.25000

   Energies (kJ/mol)
        LJ (SR)   Coulomb (SR)   Coul. recip.      Potential    Kinetic En.
    1.39689e+05   -9.30242e+05    2.15020e+03   -7.88403e+05    1.24394e+05
   Total Energy  Conserved En.    Temperature Pressure (bar)
   -6.64009e+05   -6.48795e+05    2.99820e+02   -7.67845e+01

           Step           Time
         753000      376.50000

   Energies (kJ/mol)
        LJ (SR)   Coulomb (SR)   Coul. recip.      Potential    Kinetic En.
    1.39883e+05   -9.30193e+05    2.13918e+03   -7.88171e+05    1.24401e+05
   Total Energy  Conserved En.    Temperature Pressure (bar)
   -6.63770e+05   -6.48783e+05    2.99836e+02   -3.21078e+01

           Step           Time
         753500      376.75000

   Energies (kJ/mol)
        LJ (SR)   Coulomb (SR)   Coul. recip.      Potential    Kinetic En.
    1.42137e+05   -9.33200e+05    2.12220e+03   -7.88941e+05    1.25414e+05
   Total Energy  Conserved En.    Temperature Pressure (bar)
   -6.63526e+05   -6.48773e+05    3.02279e+02    1.70423e+02

           Step           Time
         754000      377.00000

   Energies (kJ/mol)
        LJ (SR)   Coulomb (SR)   Coul. recip.      Potential    Kinetic En.
    1.41502e+05   -9.32392e+05    2.10449e+03   -7.88785e+05    1.25613e+05
   Total Energy  Conserved En.    Temperature Pressure (bar)
   -6.63172e+05   -6.48762e+05    3.02758e+02    1.04127e+02

           Step           Time
         754500      377.25000

   Energies (kJ/mol)
        LJ (SR)   Coulomb (SR)   Coul. recip.      Potential    Kinetic En.
    1.41293e+05   -9.31766e+05    2.09630e+03   -7.88376e+05    1.24794e+05
   Total Energy  Conserved En.    Temperature Pressure (bar)
   -6.63583e+05   -6.48751e+05    3.00783e+02    9.71153e+01

           Step           Time
         755000      377.50000

   Energies (kJ/mol)
        LJ (SR)   Coulomb (SR)   Coul. recip.      Potential    Kinetic En.
    1.40754e+05   -9.31194e+05    2.17305e+03   -7.88267e+05    1.24885e+05
   Total Energy  Conserved En.    Temperature Pressure (bar)
   -6.63383e+05   -6.48740e+05    3.01002e+02    6.13264e+01

           Step           Time
         755500      377.75000

   Energies (kJ/mol)
        LJ (SR)   Coulomb (SR)   Coul. recip.      Potential    Kinetic En.
    1.40552e+05   -9.30465e+05    2.11613e+03   -7.87796e+05    1.24416e+05
   Total Energy  Conserved En.    Temperature Pressure (bar)
   -6.63381e+05   -6.48729e+05    2.99872e+02    5.44681e+01

           Step           Time
         756000      378.00000

   Energies (kJ/mol)
        LJ (SR)   Coulomb (SR)   Coul. recip.      Potential    Kinetic En.
    1.40394e+05   -9.30659e+05    2.16535e+03   -7.88100e+05    1.24466e+05
   Total Energy  Conserved En.    Temperature Pressure (bar)
   -6.63634e+05   -6.48718e+05    2.99993e+02    2.61127e+01

           Step           Time
         756500      378.25000

   Energies (kJ/mol)
        LJ (SR)   Coulomb (SR)   Coul. recip.      Potential    Kinetic En.
    1.39721e+05   -9.29948e+05    2.05360e+03   -7.88173e+05    1.24301e+05
   Total Energy  Conserved En.    Temperature Pressure (bar)
   -6.63872e+05   -6.48706e+05    2.99595e+02   -7.41149e+01

           Step           Time
         757000      378.50000

   Energies (kJ/mol)
        LJ (SR)   Coulomb (SR)   Coul. recip.      Potential    Kinetic En.
    1.40468e+05   -9.31374e+05    2.13413e+03   -7.88772e+05    1.25032e+05
   Total Energy  Conserved En.    Temperature Pressure (bar)
   -6.63740e+05   -6.48695e+05    3.01358e+02   -1.20065e+01

           Step           Time
         757500      378.75000

   Energies (kJ/mol)
        LJ (SR)   Coulomb (SR)   Coul. recip.      Potential    Kinetic En.
    1.38575e+05   -9.28614e+05    2.14202e+03   -7.87897e+05    1.23406e+05
   Total Energy  Conserved En.    Temperature Pressure (bar)
   -6.64491e+05   -6.48683e+05    2.97438e+02   -1.61592e+02

           Step           Time
         758000      379.00000

   Energies (kJ/mol)
        LJ (SR)   Coulomb (SR)   Coul. recip.      Potential    Kinetic En.
    1.39167e+05   -9.29875e+05    2.17707e+03   -7.88531e+05    1.24468e+05
   Total Energy  Conserved En.    Temperature Pressure (bar)
   -6.64063e+05   -6.48672e+05    2.99999e+02   -1.54778e+02

           Step           Time
         758500      379.25000

   Energies (kJ/mol)
        LJ (SR)   Coulomb (SR)   Coul. recip.      Potential    Kinetic En.
    1.41498e+05   -9.32296e+05    2.13415e+03   -7.88664e+05    1.24696e+05
   Total Energy  Conserved En.    Temperature Pressure (bar)
   -6.63968e+05   -6.48661e+05    3.00549e+02    7.24357e+01

           Step           Time
         759000      379.50000

   Energies (kJ/mol)
        LJ (SR)   Coulomb (SR)   Coul. recip.      Potential    Kinetic En.
    1.40530e+05   -9.30893e+05    2.08211e+03   -7.88281e+05    1.24612e+05
   Total Energy  Conserved En.    Temperature Pressure (bar)
   -6.63669e+05   -6.48652e+05    3.00346e+02    4.46748e+01

           Step           Time
         759500      379.75000

   Energies (kJ/mol)
        LJ (SR)   Coulomb (SR)   Coul. recip.      Potential    Kinetic En.
    1.39813e+05   -9.30355e+05    2.08239e+03   -7.88459e+05    1.24939e+05
   Total Energy  Conserved En.    Temperature Pressure (bar)
   -6.63520e+05   -6.48640e+05    3.01134e+02   -1.18778e+02

           Step           Time
         760000      380.00000

   Energies (kJ/mol)
        LJ (SR)   Coulomb (SR)   Coul. recip.      Potential    Kinetic En.
    1.39488e+05   -9.30374e+05    2.08004e+03   -7.88806e+05    1.25008e+05
   Total Energy  Conserved En.    Temperature Pressure (bar)
   -6.63798e+05   -6.48628e+05    3.01300e+02   -9.62851e+01

           Step           Time
         760500      380.25000

   Energies (kJ/mol)
        LJ (SR)   Coulomb (SR)   Coul. recip.      Potential    Kinetic En.
    1.40855e+05   -9.32143e+05    2.12933e+03   -7.89159e+05    1.25591e+05
   Total Energy  Conserved En.    Temperature Pressure (bar)
   -6.63568e+05   -6.48618e+05    3.02705e+02    3.58544e+01

           Step           Time
         761000      380.50000

   Energies (kJ/mol)
        LJ (SR)   Coulomb (SR)   Coul. recip.      Potential    Kinetic En.
    1.40676e+05   -9.30826e+05    2.12361e+03   -7.88027e+05    1.24795e+05
   Total Energy  Conserved En.    Temperature Pressure (bar)
   -6.63231e+05   -6.48606e+05    3.00787e+02    7.60881e+01

           Step           Time
         761500      380.75000

   Energies (kJ/mol)
        LJ (SR)   Coulomb (SR)   Coul. recip.      Potential    Kinetic En.
    1.40820e+05   -9.31342e+05    2.11071e+03   -7.88412e+05    1.24976e+05
   Total Energy  Conserved En.    Temperature Pressure (bar)
   -6.63436e+05   -6.48596e+05    3.01222e+02    5.29815e+01

           Step           Time
         762000      381.00000

   Energies (kJ/mol)
        LJ (SR)   Coulomb (SR)   Coul. recip.      Potential    Kinetic En.
    1.41076e+05   -9.31059e+05    2.14200e+03   -7.87840e+05    1.24409e+05
   Total Energy  Conserved En.    Temperature Pressure (bar)
   -6.63431e+05   -6.48585e+05    2.99856e+02    9.13558e+01

           Step           Time
         762500      381.25000

   Energies (kJ/mol)
        LJ (SR)   Coulomb (SR)   Coul. recip.      Potential    Kinetic En.
    1.40373e+05   -9.30192e+05    2.10670e+03   -7.87713e+05    1.24396e+05
   Total Energy  Conserved En.    Temperature Pressure (bar)
   -6.63317e+05   -6.48572e+05    2.99825e+02    5.70358e+01

           Step           Time
         763000      381.50000

   Energies (kJ/mol)
        LJ (SR)   Coulomb (SR)   Coul. recip.      Potential    Kinetic En.
    1.39677e+05   -9.29731e+05    2.12605e+03   -7.87928e+05    1.24816e+05
   Total Energy  Conserved En.    Temperature Pressure (bar)
   -6.63112e+05   -6.48562e+05    3.00836e+02   -3.81138e+01

           Step           Time
         763500      381.75000

   Energies (kJ/mol)
        LJ (SR)   Coulomb (SR)   Coul. recip.      Potential    Kinetic En.
    1.41676e+05   -9.32054e+05    2.13465e+03   -7.88243e+05    1.24866e+05
   Total Energy  Conserved En.    Temperature Pressure (bar)
   -6.63377e+05   -6.48549e+05    3.00958e+02    1.57182e+02

           Step           Time
         764000      382.00000

   Energies (kJ/mol)
        LJ (SR)   Coulomb (SR)   Coul. recip.      Potential    Kinetic En.
    1.41090e+05   -9.32084e+05    2.12262e+03   -7.88871e+05    1.25114e+05
   Total Energy  Conserved En.    Temperature Pressure (bar)
   -6.63757e+05   -6.48540e+05    3.01555e+02    7.69460e+01

           Step           Time
         764500      382.25000

   Energies (kJ/mol)
        LJ (SR)   Coulomb (SR)   Coul. recip.      Potential    Kinetic En.
    1.40712e+05   -9.31977e+05    2.10948e+03   -7.89155e+05    1.25148e+05
   Total Energy  Conserved En.    Temperature Pressure (bar)
   -6.64006e+05   -6.48529e+05    3.01638e+02    1.35441e+01

           Step           Time
         765000      382.50000

   Energies (kJ/mol)
        LJ (SR)   Coulomb (SR)   Coul. recip.      Potential    Kinetic En.
    1.41190e+05   -9.32519e+05    2.14327e+03   -7.89185e+05    1.24840e+05
   Total Energy  Conserved En.    Temperature Pressure (bar)
   -6.64345e+05   -6.48516e+05    3.00894e+02    2.96766e+01

           Step           Time
         765500      382.75000

   Energies (kJ/mol)
        LJ (SR)   Coulomb (SR)   Coul. recip.      Potential    Kinetic En.
    1.41057e+05   -9.32602e+05    2.22021e+03   -7.89325e+05    1.24986e+05
   Total Energy  Conserved En.    Temperature Pressure (bar)
   -6.64338e+05   -6.48504e+05    3.01248e+02    4.48530e+01

           Step           Time
         766000      383.00000

   Energies (kJ/mol)
        LJ (SR)   Coulomb (SR)   Coul. recip.      Potential    Kinetic En.
    1.40415e+05   -9.31362e+05    2.10864e+03   -7.88838e+05    1.24505e+05
   Total Energy  Conserved En.    Temperature Pressure (bar)
   -6.64333e+05   -6.48494e+05    3.00087e+02   -2.21224e+01

           Step           Time
         766500      383.25000

   Energies (kJ/mol)
        LJ (SR)   Coulomb (SR)   Coul. recip.      Potential    Kinetic En.
    1.41320e+05   -9.32111e+05    2.10960e+03   -7.88681e+05    1.24278e+05
   Total Energy  Conserved En.    Temperature Pressure (bar)
   -6.64403e+05   -6.48482e+05    2.99541e+02    5.69803e+01

           Step           Time
         767000      383.50000

   Energies (kJ/mol)
        LJ (SR)   Coulomb (SR)   Coul. recip.      Potential    Kinetic En.
    1.40430e+05   -9.30692e+05    2.15719e+03   -7.88106e+05    1.23827e+05
   Total Energy  Conserved En.    Temperature Pressure (bar)
   -6.64279e+05   -6.48471e+05    2.98453e+02    1.21633e+01

           Step           Time
         767500      383.75000

   Energies (kJ/mol)
        LJ (SR)   Coulomb (SR)   Coul. recip.      Potential    Kinetic En.
    1.39521e+05   -9.31173e+05    2.10844e+03   -7.89544e+05    1.25106e+05
   Total Energy  Conserved En.    Temperature Pressure (bar)
   -6.64438e+05   -6.48459e+05    3.01535e+02   -1.31094e+02

           Step           Time
         768000      384.00000

   Energies (kJ/mol)
        LJ (SR)   Coulomb (SR)   Coul. recip.      Potential    Kinetic En.
    1.41316e+05   -9.32426e+05    2.10706e+03   -7.89003e+05    1.24785e+05
   Total Energy  Conserved En.    Temperature Pressure (bar)
   -6.64218e+05   -6.48449e+05    3.00763e+02    6.45253e+01

           Step           Time
         768500      384.25000

   Energies (kJ/mol)
        LJ (SR)   Coulomb (SR)   Coul. recip.      Potential    Kinetic En.
    1.40652e+05   -9.31825e+05    2.05776e+03   -7.89115e+05    1.24755e+05
   Total Energy  Conserved En.    Temperature Pressure (bar)
   -6.64360e+05   -6.48437e+05    3.00690e+02   -3.69101e+01

           Step           Time
         769000      384.50000

   Energies (kJ/mol)
        LJ (SR)   Coulomb (SR)   Coul. recip.      Potential    Kinetic En.
    1.42280e+05   -9.33513e+05    2.19617e+03   -7.89037e+05    1.24505e+05
   Total Energy  Conserved En.    Temperature Pressure (bar)
   -6.64532e+05   -6.48425e+05    3.00087e+02    1.59726e+02

           Step           Time
         769500      384.75000

   Energies (kJ/mol)
        LJ (SR)   Coulomb (SR)   Coul. recip.      Potential    Kinetic En.
    1.41422e+05   -9.33209e+05    2.13202e+03   -7.89655e+05    1.24840e+05
   Total Energy  Conserved En.    Temperature Pressure (bar)
   -6.64815e+05   -6.48415e+05    3.00894e+02    6.18829e+01

           Step           Time
         770000      385.00000

   Energies (kJ/mol)
        LJ (SR)   Coulomb (SR)   Coul. recip.      Potential    Kinetic En.
    1.40444e+05   -9.31925e+05    2.11656e+03   -7.89364e+05    1.24524e+05
   Total Energy  Conserved En.    Temperature Pressure (bar)
   -6.64840e+05   -6.48404e+05    3.00132e+02   -4.41147e+01

           Step           Time
         770500      385.25000

   Energies (kJ/mol)
        LJ (SR)   Coulomb (SR)   Coul. recip.      Potential    Kinetic En.
    1.40996e+05   -9.31795e+05    2.16100e+03   -7.88638e+05    1.23965e+05
   Total Energy  Conserved En.    Temperature Pressure (bar)
   -6.64673e+05   -6.48392e+05    2.98787e+02    4.12205e+01

           Step           Time
         771000      385.50000

   Energies (kJ/mol)
        LJ (SR)   Coulomb (SR)   Coul. recip.      Potential    Kinetic En.
    1.41622e+05   -9.32528e+05    2.17568e+03   -7.88731e+05    1.24309e+05
   Total Energy  Conserved En.    Temperature Pressure (bar)
   -6.64421e+05   -6.48381e+05    2.99616e+02    1.06509e+02

           Step           Time
         771500      385.75000

   Energies (kJ/mol)
        LJ (SR)   Coulomb (SR)   Coul. recip.      Potential    Kinetic En.
    1.41311e+05   -9.32771e+05    2.13005e+03   -7.89330e+05    1.25320e+05
   Total Energy  Conserved En.    Temperature Pressure (bar)
   -6.64010e+05   -6.48369e+05    3.02051e+02    4.32119e+01

           Step           Time
         772000      386.00000

   Energies (kJ/mol)
        LJ (SR)   Coulomb (SR)   Coul. recip.      Potential    Kinetic En.
    1.43264e+05   -9.34822e+05    2.11397e+03   -7.89444e+05    1.25386e+05
   Total Energy  Conserved En.    Temperature Pressure (bar)
   -6.64058e+05   -6.48358e+05    3.02211e+02    2.86309e+02

           Step           Time
         772500      386.25000

   Energies (kJ/mol)
        LJ (SR)   Coulomb (SR)   Coul. recip.      Potential    Kinetic En.
    1.41526e+05   -9.32345e+05    2.12225e+03   -7.88697e+05    1.24741e+05
   Total Energy  Conserved En.    Temperature Pressure (bar)
   -6.63956e+05   -6.48346e+05    3.00657e+02    1.05073e+02

           Step           Time
         773000      386.50000

   Energies (kJ/mol)
        LJ (SR)   Coulomb (SR)   Coul. recip.      Potential    Kinetic En.
    1.41165e+05   -9.31793e+05    2.13106e+03   -7.88496e+05    1.25028e+05
   Total Energy  Conserved En.    Temperature Pressure (bar)
   -6.63468e+05   -6.48336e+05    3.01348e+02    7.14001e+01

           Step           Time
         773500      386.75000

   Energies (kJ/mol)
        LJ (SR)   Coulomb (SR)   Coul. recip.      Potential    Kinetic En.
    1.42362e+05   -9.33313e+05    2.22322e+03   -7.88727e+05    1.25122e+05
   Total Energy  Conserved En.    Temperature Pressure (bar)
   -6.63606e+05   -6.48324e+05    3.01574e+02    1.87571e+02

           Step           Time
         774000      387.00000

   Energies (kJ/mol)
        LJ (SR)   Coulomb (SR)   Coul. recip.      Potential    Kinetic En.
    1.41564e+05   -9.32166e+05    2.06129e+03   -7.88540e+05    1.25415e+05
   Total Energy  Conserved En.    Temperature Pressure (bar)
   -6.63125e+05   -6.48313e+05    3.02280e+02    1.18214e+02

           Step           Time
         774500      387.25000

   Energies (kJ/mol)
        LJ (SR)   Coulomb (SR)   Coul. recip.      Potential    Kinetic En.
    1.41061e+05   -9.31765e+05    2.19101e+03   -7.88513e+05    1.25097e+05
   Total Energy  Conserved En.    Temperature Pressure (bar)
   -6.63416e+05   -6.48301e+05    3.01514e+02    6.71495e+01

           Step           Time
         775000      387.50000

   Energies (kJ/mol)
        LJ (SR)   Coulomb (SR)   Coul. recip.      Potential    Kinetic En.
    1.39431e+05   -9.30238e+05    2.11474e+03   -7.88693e+05    1.25461e+05
   Total Energy  Conserved En.    Temperature Pressure (bar)
   -6.63232e+05   -6.48291e+05    3.02391e+02   -7.27393e+01

Writing checkpoint, step 775300 at Sun Sep  6 21:22:30 2026


           Step           Time
         775500      387.75000

   Energies (kJ/mol)
        LJ (SR)   Coulomb (SR)   Coul. recip.      Potential    Kinetic En.
    1.41250e+05   -9.31782e+05    2.16346e+03   -7.88369e+05    1.24659e+05
   Total Energy  Conserved En.    Temperature Pressure (bar)
   -6.63710e+05   -6.48279e+05    3.00459e+02    8.13548e+01

           Step           Time
         776000      388.00000

   Energies (kJ/mol)
        LJ (SR)   Coulomb (SR)   Coul. recip.      Potential    Kinetic En.
    1.41257e+05   -9.31300e+05    2.16122e+03   -7.87882e+05    1.24325e+05
   Total Energy  Conserved En.    Temperature Pressure (bar)
   -6.63556e+05   -6.48267e+05    2.99655e+02    9.92183e+01

           Step           Time
         776500      388.25000

   Energies (kJ/mol)
        LJ (SR)   Coulomb (SR)   Coul. recip.      Potential    Kinetic En.
    1.40096e+05   -9.30546e+05    2.10153e+03   -7.88349e+05    1.24451e+05
   Total Energy  Conserved En.    Temperature Pressure (bar)
   -6.63898e+05   -6.48257e+05    2.99956e+02   -2.62894e+01

           Step           Time
         777000      388.50000

   Energies (kJ/mol)
        LJ (SR)   Coulomb (SR)   Coul. recip.      Potential    Kinetic En.
    1.41584e+05   -9.31520e+05    2.15003e+03   -7.87786e+05    1.24381e+05
   Total Energy  Conserved En.    Temperature Pressure (bar)
   -6.63404e+05   -6.48244e+05    2.99790e+02    1.69005e+02

           Step           Time
         777500      388.75000

   Energies (kJ/mol)
        LJ (SR)   Coulomb (SR)   Coul. recip.      Potential    Kinetic En.
    1.40886e+05   -9.31828e+05    2.11988e+03   -7.88822e+05    1.25342e+05
   Total Energy  Conserved En.    Temperature Pressure (bar)
   -6.63480e+05   -6.48234e+05    3.02104e+02    5.23133e+01

           Step           Time
         778000      389.00000

   Energies (kJ/mol)
        LJ (SR)   Coulomb (SR)   Coul. recip.      Potential    Kinetic En.
    1.40397e+05   -9.31335e+05    2.11621e+03   -7.88822e+05    1.25257e+05
   Total Energy  Conserved En.    Temperature Pressure (bar)
   -6.63565e+05   -6.48222e+05    3.01900e+02   -8.38670e-01

           Step           Time
         778500      389.25000

   Energies (kJ/mol)
        LJ (SR)   Coulomb (SR)   Coul. recip.      Potential    Kinetic En.
    1.40335e+05   -9.30499e+05    2.14315e+03   -7.88021e+05    1.24577e+05
   Total Energy  Conserved En.    Temperature Pressure (bar)
   -6.63444e+05   -6.48210e+05    3.00260e+02   -1.65699e+00

           Step           Time
         779000      389.50000

   Energies (kJ/mol)
        LJ (SR)   Coulomb (SR)   Coul. recip.      Potential    Kinetic En.
    1.38403e+05   -9.28652e+05    2.12489e+03   -7.88124e+05    1.24752e+05
   Total Energy  Conserved En.    Temperature Pressure (bar)
   -6.63372e+05   -6.48201e+05    3.00684e+02   -2.12256e+02

           Step           Time
         779500      389.75000

   Energies (kJ/mol)
        LJ (SR)   Coulomb (SR)   Coul. recip.      Potential    Kinetic En.
    1.41151e+05   -9.31478e+05    2.09539e+03   -7.88232e+05    1.24916e+05
   Total Energy  Conserved En.    Temperature Pressure (bar)
   -6.63317e+05   -6.48187e+05    3.01077e+02    8.06856e+01

           Step           Time
         780000      390.00000

   Energies (kJ/mol)
        LJ (SR)   Coulomb (SR)   Coul. recip.      Potential    Kinetic En.
    1.39932e+05   -9.30800e+05    2.19026e+03   -7.88678e+05    1.24801e+05
   Total Energy  Conserved En.    Temperature Pressure (bar)
   -6.63876e+05   -6.48178e+05    3.00802e+02   -5.33930e+01

           Step           Time
         780500      390.25000

   Energies (kJ/mol)
        LJ (SR)   Coulomb (SR)   Coul. recip.      Potential    Kinetic En.
    1.40150e+05   -9.30912e+05    2.10636e+03   -7.88656e+05    1.25069e+05
   Total Energy  Conserved En.    Temperature Pressure (bar)
   -6.63587e+05   -6.48167e+05    3.01446e+02    1.54464e+00

           Step           Time
         781000      390.50000

   Energies (kJ/mol)
        LJ (SR)   Coulomb (SR)   Coul. recip.      Potential    Kinetic En.
    1.40069e+05   -9.31415e+05    2.10722e+03   -7.89239e+05    1.25535e+05
   Total Energy  Conserved En.    Temperature Pressure (bar)
   -6.63704e+05   -6.48155e+05    3.02571e+02   -5.66402e+01

           Step           Time
         781500      390.75000

   Energies (kJ/mol)
        LJ (SR)   Coulomb (SR)   Coul. recip.      Potential    Kinetic En.
    1.40286e+05   -9.31554e+05    2.09095e+03   -7.89176e+05    1.24997e+05
   Total Energy  Conserved En.    Temperature Pressure (bar)
   -6.64180e+05   -6.48143e+05    3.01273e+02   -1.46189e+01

           Step           Time
         782000      391.00000

   Energies (kJ/mol)
        LJ (SR)   Coulomb (SR)   Coul. recip.      Potential    Kinetic En.
    1.39368e+05   -9.30611e+05    2.12783e+03   -7.89115e+05    1.25011e+05
   Total Energy  Conserved En.    Temperature Pressure (bar)
   -6.64104e+05   -6.48131e+05    3.01307e+02   -1.59337e+02

           Step           Time
         782500      391.25000

   Energies (kJ/mol)
        LJ (SR)   Coulomb (SR)   Coul. recip.      Potential    Kinetic En.
    1.39951e+05   -9.30813e+05    2.15237e+03   -7.88710e+05    1.24303e+05
   Total Energy  Conserved En.    Temperature Pressure (bar)
   -6.64406e+05   -6.48120e+05    2.99602e+02   -2.87992e+01

           Step           Time
         783000      391.50000

   Energies (kJ/mol)
        LJ (SR)   Coulomb (SR)   Coul. recip.      Potential    Kinetic En.
    1.40762e+05   -9.31895e+05    2.18993e+03   -7.88944e+05    1.24325e+05
   Total Energy  Conserved En.    Temperature Pressure (bar)
   -6.64619e+05   -6.48109e+05    2.99653e+02    2.73888e+01

           Step           Time
         783500      391.75000

   Energies (kJ/mol)
        LJ (SR)   Coulomb (SR)   Coul. recip.      Potential    Kinetic En.
    1.40374e+05   -9.31372e+05    2.09865e+03   -7.88899e+05    1.24101e+05
   Total Energy  Conserved En.    Temperature Pressure (bar)
   -6.64798e+05   -6.48099e+05    2.99113e+02   -1.05433e+01

           Step           Time
         784000      392.00000

   Energies (kJ/mol)
        LJ (SR)   Coulomb (SR)   Coul. recip.      Potential    Kinetic En.
    1.41561e+05   -9.32772e+05    2.13228e+03   -7.89079e+05    1.24415e+05
   Total Energy  Conserved En.    Temperature Pressure (bar)
   -6.64664e+05   -6.48086e+05    2.99870e+02    1.16704e+02

           Step           Time
         784500      392.25000

   Energies (kJ/mol)
        LJ (SR)   Coulomb (SR)   Coul. recip.      Potential    Kinetic En.
    1.42183e+05   -9.33998e+05    2.09119e+03   -7.89724e+05    1.25440e+05
   Total Energy  Conserved En.    Temperature Pressure (bar)
   -6.64284e+05   -6.48076e+05    3.02340e+02    1.36324e+02

           Step           Time
         785000      392.50000

   Energies (kJ/mol)
        LJ (SR)   Coulomb (SR)   Coul. recip.      Potential    Kinetic En.
    1.40866e+05   -9.32084e+05    2.10806e+03   -7.89110e+05    1.24994e+05
   Total Energy  Conserved En.    Temperature Pressure (bar)
   -6.64115e+05   -6.48065e+05    3.01267e+02    5.02247e+01

           Step           Time
         785500      392.75000

   Energies (kJ/mol)
        LJ (SR)   Coulomb (SR)   Coul. recip.      Potential    Kinetic En.
    1.41030e+05   -9.32024e+05    2.11434e+03   -7.88880e+05    1.24919e+05
   Total Energy  Conserved En.    Temperature Pressure (bar)
   -6.63960e+05   -6.48054e+05    3.01086e+02    5.75923e+01

           Step           Time
         786000      393.00000

   Energies (kJ/mol)
        LJ (SR)   Coulomb (SR)   Coul. recip.      Potential    Kinetic En.
    1.40097e+05   -9.30620e+05    2.06547e+03   -7.88457e+05    1.24488e+05
   Total Energy  Conserved En.    Temperature Pressure (bar)
   -6.63969e+05   -6.48042e+05    3.00046e+02   -3.31110e+01

           Step           Time
         786500      393.25000

   Energies (kJ/mol)
        LJ (SR)   Coulomb (SR)   Coul. recip.      Potential    Kinetic En.
    1.41495e+05   -9.32676e+05    2.09271e+03   -7.89088e+05    1.25172e+05
   Total Energy  Conserved En.    Temperature Pressure (bar)
   -6.63916e+05   -6.48031e+05    3.01694e+02    8.46258e+01

           Step           Time
         787000      393.50000

   Energies (kJ/mol)
        LJ (SR)   Coulomb (SR)   Coul. recip.      Potential    Kinetic En.
    1.42958e+05   -9.34140e+05    2.16900e+03   -7.89013e+05    1.25431e+05
   Total Energy  Conserved En.    Temperature Pressure (bar)
   -6.63582e+05   -6.48019e+05    3.02320e+02    2.26933e+02

           Step           Time
         787500      393.75000

   Energies (kJ/mol)
        LJ (SR)   Coulomb (SR)   Coul. recip.      Potential    Kinetic En.
    1.39243e+05   -9.29746e+05    2.12047e+03   -7.88382e+05    1.24387e+05
   Total Energy  Conserved En.    Temperature Pressure (bar)
   -6.63995e+05   -6.48009e+05    2.99803e+02   -1.07290e+02

           Step           Time
         788000      394.00000

   Energies (kJ/mol)
        LJ (SR)   Coulomb (SR)   Coul. recip.      Potential    Kinetic En.
    1.40897e+05   -9.31945e+05    2.20322e+03   -7.88844e+05    1.24619e+05
   Total Energy  Conserved En.    Temperature Pressure (bar)
   -6.64225e+05   -6.47996e+05    3.00363e+02    1.58850e+01

           Step           Time
         788500      394.25000

   Energies (kJ/mol)
        LJ (SR)   Coulomb (SR)   Coul. recip.      Potential    Kinetic En.
    1.41272e+05   -9.32077e+05    2.15080e+03   -7.88653e+05    1.24626e+05
   Total Energy  Conserved En.    Temperature Pressure (bar)
   -6.64028e+05   -6.47984e+05    3.00379e+02    6.69845e+01

           Step           Time
         789000      394.50000

   Energies (kJ/mol)
        LJ (SR)   Coulomb (SR)   Coul. recip.      Potential    Kinetic En.
    1.41224e+05   -9.32585e+05    2.09404e+03   -7.89268e+05    1.25521e+05
   Total Energy  Conserved En.    Temperature Pressure (bar)
   -6.63746e+05   -6.47973e+05    3.02537e+02    8.07581e+01

           Step           Time
         789500      394.75000

   Energies (kJ/mol)
        LJ (SR)   Coulomb (SR)   Coul. recip.      Potential    Kinetic En.
    1.42864e+05   -9.33410e+05    2.07846e+03   -7.88468e+05    1.24597e+05
   Total Energy  Conserved En.    Temperature Pressure (bar)
   -6.63870e+05   -6.47962e+05    3.00310e+02    2.67449e+02

           Step           Time
         790000      395.00000

   Energies (kJ/mol)
        LJ (SR)   Coulomb (SR)   Coul. recip.      Potential    Kinetic En.
    1.43475e+05   -9.34922e+05    2.06179e+03   -7.89385e+05    1.25832e+05
   Total Energy  Conserved En.    Temperature Pressure (bar)
   -6.63553e+05   -6.47950e+05    3.03286e+02    3.09862e+02

           Step           Time
         790500      395.25000

   Energies (kJ/mol)
        LJ (SR)   Coulomb (SR)   Coul. recip.      Potential    Kinetic En.
    1.41686e+05   -9.32177e+05    2.07394e+03   -7.88417e+05    1.24494e+05
   Total Energy  Conserved En.    Temperature Pressure (bar)
   -6.63923e+05   -6.47937e+05    3.00061e+02    1.59125e+02

           Step           Time
         791000      395.50000

   Energies (kJ/mol)
        LJ (SR)   Coulomb (SR)   Coul. recip.      Potential    Kinetic En.
    1.41310e+05   -9.31256e+05    2.11232e+03   -7.87834e+05    1.24218e+05
   Total Energy  Conserved En.    Temperature Pressure (bar)
   -6.63616e+05   -6.47926e+05    2.99395e+02    1.13319e+02

           Step           Time
         791500      395.75000

   Energies (kJ/mol)
        LJ (SR)   Coulomb (SR)   Coul. recip.      Potential    Kinetic En.
    1.39868e+05   -9.31001e+05    2.04534e+03   -7.89087e+05    1.24580e+05
   Total Energy  Conserved En.    Temperature Pressure (bar)
   -6.64507e+05   -6.47916e+05    3.00269e+02   -6.04298e+01

           Step           Time
         792000      396.00000

   Energies (kJ/mol)
        LJ (SR)   Coulomb (SR)   Coul. recip.      Potential    Kinetic En.
    1.41614e+05   -9.32404e+05    2.08850e+03   -7.88701e+05    1.24440e+05
   Total Energy  Conserved En.    Temperature Pressure (bar)
   -6.64261e+05   -6.47904e+05    2.99931e+02    1.46297e+02

           Step           Time
         792500      396.25000

   Energies (kJ/mol)
        LJ (SR)   Coulomb (SR)   Coul. recip.      Potential    Kinetic En.
    1.41893e+05   -9.33518e+05    2.11896e+03   -7.89506e+05    1.25148e+05
   Total Energy  Conserved En.    Temperature Pressure (bar)
   -6.64358e+05   -6.47893e+05    3.01637e+02    1.29864e+02

           Step           Time
         793000      396.50000

   Energies (kJ/mol)
        LJ (SR)   Coulomb (SR)   Coul. recip.      Potential    Kinetic En.
    1.40590e+05   -9.31205e+05    2.11544e+03   -7.88499e+05    1.23656e+05
   Total Energy  Conserved En.    Temperature Pressure (bar)
   -6.64843e+05   -6.47881e+05    2.98042e+02    1.83799e+01

           Step           Time
         793500      396.75000

   Energies (kJ/mol)
        LJ (SR)   Coulomb (SR)   Coul. recip.      Potential    Kinetic En.
    1.41328e+05   -9.32670e+05    2.16169e+03   -7.89180e+05    1.24004e+05
   Total Energy  Conserved En.    Temperature Pressure (bar)
   -6.65177e+05   -6.47871e+05    2.98879e+02    7.34562e+01

           Step           Time
         794000      397.00000

   Energies (kJ/mol)
        LJ (SR)   Coulomb (SR)   Coul. recip.      Potential    Kinetic En.
    1.41757e+05   -9.33000e+05    2.07973e+03   -7.89163e+05    1.24270e+05
   Total Energy  Conserved En.    Temperature Pressure (bar)
   -6.64893e+05   -6.47858e+05    2.99522e+02    1.20136e+02

           Step           Time
         794500      397.25000

   Energies (kJ/mol)
        LJ (SR)   Coulomb (SR)   Coul. recip.      Potential    Kinetic En.
    1.42606e+05   -9.34858e+05    2.06136e+03   -7.90191e+05    1.24455e+05
   Total Energy  Conserved En.    Temperature Pressure (bar)
   -6.65736e+05   -6.47848e+05    2.99967e+02    1.51285e+02

           Step           Time
         795000      397.50000

   Energies (kJ/mol)
        LJ (SR)   Coulomb (SR)   Coul. recip.      Potential    Kinetic En.
    1.41148e+05   -9.32514e+05    2.07061e+03   -7.89296e+05    1.23631e+05
   Total Energy  Conserved En.    Temperature Pressure (bar)
   -6.65664e+05   -6.47836e+05    2.97981e+02    7.55406e+00

           Step           Time
         795500      397.75000

   Energies (kJ/mol)
        LJ (SR)   Coulomb (SR)   Coul. recip.      Potential    Kinetic En.
    1.42624e+05   -9.35107e+05    2.12958e+03   -7.90353e+05    1.24653e+05
   Total Energy  Conserved En.    Temperature Pressure (bar)
   -6.65700e+05   -6.47826e+05    3.00443e+02    1.40710e+02

           Step           Time
         796000      398.00000

   Energies (kJ/mol)
        LJ (SR)   Coulomb (SR)   Coul. recip.      Potential    Kinetic En.
    1.41638e+05   -9.34108e+05    2.05314e+03   -7.90417e+05    1.24755e+05
   Total Energy  Conserved En.    Temperature Pressure (bar)
   -6.65662e+05   -6.47816e+05    3.00689e+02    4.96855e+01

           Step           Time
         796500      398.25000

   Energies (kJ/mol)
        LJ (SR)   Coulomb (SR)   Coul. recip.      Potential    Kinetic En.
    1.40739e+05   -9.32406e+05    2.16553e+03   -7.89500e+05    1.24011e+05
   Total Energy  Conserved En.    Temperature Pressure (bar)
   -6.65490e+05   -6.47802e+05    2.98896e+02   -3.07249e+01

           Step           Time
         797000      398.50000

   Energies (kJ/mol)
        LJ (SR)   Coulomb (SR)   Coul. recip.      Potential    Kinetic En.
    1.41451e+05   -9.33334e+05    2.12105e+03   -7.89762e+05    1.24065e+05
   Total Energy  Conserved En.    Temperature Pressure (bar)
   -6.65696e+05   -6.47791e+05    2.99028e+02    5.53231e+01

           Step           Time
         797500      398.75000

   Energies (kJ/mol)
        LJ (SR)   Coulomb (SR)   Coul. recip.      Potential    Kinetic En.
    1.41137e+05   -9.33656e+05    2.08404e+03   -7.90435e+05    1.24418e+05
   Total Energy  Conserved En.    Temperature Pressure (bar)
   -6.66017e+05   -6.47781e+05    2.99877e+02   -2.12489e+01

           Step           Time
         798000      399.00000

   Energies (kJ/mol)
        LJ (SR)   Coulomb (SR)   Coul. recip.      Potential    Kinetic En.
    1.39619e+05   -9.31292e+05    2.08367e+03   -7.89589e+05    1.23984e+05
   Total Energy  Conserved En.    Temperature Pressure (bar)
   -6.65604e+05   -6.47770e+05    2.98833e+02   -1.35564e+02

           Step           Time
         798500      399.25000

   Energies (kJ/mol)
        LJ (SR)   Coulomb (SR)   Coul. recip.      Potential    Kinetic En.
    1.40876e+05   -9.32310e+05    2.18813e+03   -7.89246e+05    1.23865e+05
   Total Energy  Conserved En.    Temperature Pressure (bar)
   -6.65381e+05   -6.47757e+05    2.98544e+02    1.17659e+01

           Step           Time
         799000      399.50000

   Energies (kJ/mol)
        LJ (SR)   Coulomb (SR)   Coul. recip.      Potential    Kinetic En.
    1.41293e+05   -9.32902e+05    2.06986e+03   -7.89539e+05    1.24752e+05
   Total Energy  Conserved En.    Temperature Pressure (bar)
   -6.64788e+05   -6.47746e+05    3.00682e+02    1.91082e+01

           Step           Time
         799500      399.75000

   Energies (kJ/mol)
        LJ (SR)   Coulomb (SR)   Coul. recip.      Potential    Kinetic En.
    1.40185e+05   -9.31548e+05    2.15011e+03   -7.89212e+05    1.24731e+05
   Total Energy  Conserved En.    Temperature Pressure (bar)
   -6.64482e+05   -6.47735e+05    3.00632e+02   -8.38194e+01

           Step           Time
         800000      400.00000

   Energies (kJ/mol)
        LJ (SR)   Coulomb (SR)   Coul. recip.      Potential    Kinetic En.
    1.40076e+05   -9.31207e+05    2.16146e+03   -7.88969e+05    1.24640e+05
   Total Energy  Conserved En.    Temperature Pressure (bar)
   -6.64329e+05   -6.47723e+05    3.00413e+02   -7.10696e+01

           Step           Time
         800500      400.25000

   Energies (kJ/mol)
        LJ (SR)   Coulomb (SR)   Coul. recip.      Potential    Kinetic En.
    1.40621e+05   -9.31652e+05    2.08341e+03   -7.88947e+05    1.24727e+05
   Total Energy  Conserved En.    Temperature Pressure (bar)
   -6.64221e+05   -6.47712e+05    3.00622e+02   -1.01024e+01

           Step           Time
         801000      400.50000

   Energies (kJ/mol)
        LJ (SR)   Coulomb (SR)   Coul. recip.      Potential    Kinetic En.
    1.41046e+05   -9.31663e+05    2.06592e+03   -7.88551e+05    1.24936e+05
   Total Energy  Conserved En.    Temperature Pressure (bar)
   -6.63615e+05   -6.47700e+05    3.01127e+02    6.75770e+01

           Step           Time
         801500      400.75000

   Energies (kJ/mol)
        LJ (SR)   Coulomb (SR)   Coul. recip.      Potential    Kinetic En.
    1.40331e+05   -9.31032e+05    2.14192e+03   -7.88560e+05    1.24997e+05
   Total Energy  Conserved En.    Temperature Pressure (bar)
   -6.63563e+05   -6.47690e+05    3.01273e+02    5.94920e-01

           Step           Time
         802000      401.00000

   Energies (kJ/mol)
        LJ (SR)   Coulomb (SR)   Coul. recip.      Potential    Kinetic En.
    1.41028e+05   -9.31522e+05    2.14554e+03   -7.88349e+05    1.25134e+05
   Total Energy  Conserved En.    Temperature Pressure (bar)
   -6.63215e+05   -6.47679e+05    3.01604e+02    8.47248e+01

           Step           Time
         802500      401.25000

   Energies (kJ/mol)
        LJ (SR)   Coulomb (SR)   Coul. recip.      Potential    Kinetic En.
    1.39540e+05   -9.29829e+05    2.19719e+03   -7.88092e+05    1.24513e+05
   Total Energy  Conserved En.    Temperature Pressure (bar)
   -6.63578e+05   -6.47667e+05    3.00107e+02   -6.22023e+01

           Step           Time
         803000      401.50000

   Energies (kJ/mol)
        LJ (SR)   Coulomb (SR)   Coul. recip.      Potential    Kinetic En.
    1.40552e+05   -9.30984e+05    2.16046e+03   -7.88272e+05    1.24738e+05
   Total Energy  Conserved En.    Temperature Pressure (bar)
   -6.63534e+05   -6.47655e+05    3.00649e+02    4.66636e+01

           Step           Time
         803500      401.75000

   Energies (kJ/mol)
        LJ (SR)   Coulomb (SR)   Coul. recip.      Potential    Kinetic En.
    1.40927e+05   -9.31521e+05    2.15761e+03   -7.88437e+05    1.24666e+05
   Total Energy  Conserved En.    Temperature Pressure (bar)
   -6.63770e+05   -6.47644e+05    3.00476e+02    7.04473e+01

           Step           Time
         804000      402.00000

   Energies (kJ/mol)
        LJ (SR)   Coulomb (SR)   Coul. recip.      Potential    Kinetic En.
    1.41338e+05   -9.33070e+05    2.08781e+03   -7.89644e+05    1.25168e+05
   Total Energy  Conserved En.    Temperature Pressure (bar)
   -6.64476e+05   -6.47633e+05    3.01685e+02    7.49718e+01

           Step           Time
         804500      402.25000

   Energies (kJ/mol)
        LJ (SR)   Coulomb (SR)   Coul. recip.      Potential    Kinetic En.
    1.41966e+05   -9.33063e+05    2.12590e+03   -7.88971e+05    1.23939e+05
   Total Energy  Conserved En.    Temperature Pressure (bar)
   -6.65032e+05   -6.47620e+05    2.98724e+02    1.52094e+02

           Step           Time
         805000      402.50000

   Energies (kJ/mol)
        LJ (SR)   Coulomb (SR)   Coul. recip.      Potential    Kinetic En.
    1.41792e+05   -9.33609e+05    2.11504e+03   -7.89703e+05    1.24883e+05
   Total Energy  Conserved En.    Temperature Pressure (bar)
   -6.64819e+05   -6.47610e+05    3.00999e+02    7.82950e+01

           Step           Time
         805500      402.75000

   Energies (kJ/mol)
        LJ (SR)   Coulomb (SR)   Coul. recip.      Potential    Kinetic En.
    1.41416e+05   -9.33040e+05    2.11853e+03   -7.89505e+05    1.24631e+05
   Total Energy  Conserved En.    Temperature Pressure (bar)
   -6.64873e+05   -6.47598e+05    3.00392e+02    6.97992e+01

           Step           Time
         806000      403.00000

   Energies (kJ/mol)
        LJ (SR)   Coulomb (SR)   Coul. recip.      Potential    Kinetic En.
    1.41506e+05   -9.32646e+05    2.04341e+03   -7.89096e+05    1.25048e+05
   Total Energy  Conserved En.    Temperature Pressure (bar)
   -6.64049e+05   -6.47588e+05    3.01395e+02    1.14025e+02

           Step           Time
         806500      403.25000

   Energies (kJ/mol)
        LJ (SR)   Coulomb (SR)   Coul. recip.      Potential    Kinetic En.
    1.40933e+05   -9.32122e+05    2.08823e+03   -7.89100e+05    1.24406e+05
   Total Energy  Conserved En.    Temperature Pressure (bar)
   -6.64694e+05   -6.47578e+05    2.99848e+02    5.30932e+01

           Step           Time
         807000      403.50000

   Energies (kJ/mol)
        LJ (SR)   Coulomb (SR)   Coul. recip.      Potential    Kinetic En.
    1.39581e+05   -9.30729e+05    2.16717e+03   -7.88980e+05    1.23994e+05
   Total Energy  Conserved En.    Temperature Pressure (bar)
   -6.64986e+05   -6.47565e+05    2.98857e+02   -9.96325e+01

           Step           Time
         807500      403.75000

   Energies (kJ/mol)
        LJ (SR)   Coulomb (SR)   Coul. recip.      Potential    Kinetic En.
    1.40528e+05   -9.33242e+05    2.07159e+03   -7.90642e+05    1.24889e+05
   Total Energy  Conserved En.    Temperature Pressure (bar)
   -6.65753e+05   -6.47555e+05    3.01012e+02   -6.35218e+01

           Step           Time
         808000      404.00000

   Energies (kJ/mol)
        LJ (SR)   Coulomb (SR)   Coul. recip.      Potential    Kinetic En.
    1.42625e+05   -9.35120e+05    2.12725e+03   -7.90367e+05    1.23855e+05
   Total Energy  Conserved En.    Temperature Pressure (bar)
   -6.66512e+05   -6.47542e+05    2.98521e+02    1.35357e+02

           Step           Time
         808500      404.25000

   Energies (kJ/mol)
        LJ (SR)   Coulomb (SR)   Coul. recip.      Potential    Kinetic En.
    1.42903e+05   -9.35752e+05    2.12231e+03   -7.90727e+05    1.24254e+05
   Total Energy  Conserved En.    Temperature Pressure (bar)
   -6.66473e+05   -6.47532e+05    2.99483e+02    1.71083e+02

           Step           Time
         809000      404.50000

   Energies (kJ/mol)
        LJ (SR)   Coulomb (SR)   Coul. recip.      Potential    Kinetic En.
    1.42653e+05   -9.34879e+05    2.05227e+03   -7.90174e+05    1.23781e+05
   Total Energy  Conserved En.    Temperature Pressure (bar)
   -6.66394e+05   -6.47521e+05    2.98342e+02    1.47325e+02

           Step           Time
         809500      404.75000

   Energies (kJ/mol)
        LJ (SR)   Coulomb (SR)   Coul. recip.      Potential    Kinetic En.
    1.40120e+05   -9.33414e+05    2.18292e+03   -7.91111e+05    1.24081e+05
   Total Energy  Conserved En.    Temperature Pressure (bar)
   -6.67030e+05   -6.47510e+05    2.99065e+02   -1.36484e+02

           Step           Time
         810000      405.00000

   Energies (kJ/mol)
        LJ (SR)   Coulomb (SR)   Coul. recip.      Potential    Kinetic En.
    1.42347e+05   -9.35549e+05    2.14670e+03   -7.91055e+05    1.23829e+05
   Total Energy  Conserved En.    Temperature Pressure (bar)
   -6.67225e+05   -6.47499e+05    2.98459e+02    1.03769e+02

           Step           Time
         810500      405.25000

   Energies (kJ/mol)
        LJ (SR)   Coulomb (SR)   Coul. recip.      Potential    Kinetic En.
    1.40690e+05   -9.33220e+05    2.16523e+03   -7.90364e+05    1.23081e+05
   Total Energy  Conserved En.    Temperature Pressure (bar)
   -6.67284e+05   -6.47487e+05    2.96655e+02   -9.53040e+01

           Step           Time
         811000      405.50000

   Energies (kJ/mol)
        LJ (SR)   Coulomb (SR)   Coul. recip.      Potential    Kinetic En.
    1.42199e+05   -9.34799e+05    2.08955e+03   -7.90510e+05    1.23821e+05
   Total Energy  Conserved En.    Temperature Pressure (bar)
   -6.66690e+05   -6.47476e+05    2.98438e+02    1.08021e+02

           Step           Time
         811500      405.75000

   Energies (kJ/mol)
        LJ (SR)   Coulomb (SR)   Coul. recip.      Potential    Kinetic En.
    1.41998e+05   -9.35347e+05    2.13559e+03   -7.91213e+05    1.23866e+05
   Total Energy  Conserved En.    Temperature Pressure (bar)
   -6.67347e+05   -6.47464e+05    2.98548e+02    1.63282e+01

           Step           Time
         812000      406.00000

   Energies (kJ/mol)
        LJ (SR)   Coulomb (SR)   Coul. recip.      Potential    Kinetic En.
    1.39791e+05   -9.32877e+05    2.09879e+03   -7.90987e+05    1.23642e+05
   Total Energy  Conserved En.    Temperature Pressure (bar)
   -6.67346e+05   -6.47453e+05    2.98007e+02   -1.67861e+02

           Step           Time
         812500      406.25000

   Energies (kJ/mol)
        LJ (SR)   Coulomb (SR)   Coul. recip.      Potential    Kinetic En.
    1.43647e+05   -9.36235e+05    2.11747e+03   -7.90471e+05    1.23096e+05
   Total Energy  Conserved En.    Temperature Pressure (bar)
   -6.67376e+05   -6.47441e+05    2.96690e+02    2.24967e+02

           Step           Time
         813000      406.50000

   Energies (kJ/mol)
        LJ (SR)   Coulomb (SR)   Coul. recip.      Potential    Kinetic En.
    1.40797e+05   -9.34296e+05    2.12034e+03   -7.91378e+05    1.24231e+05
   Total Energy  Conserved En.    Temperature Pressure (bar)
   -6.67147e+05   -6.47431e+05    2.99428e+02   -1.16558e+02

           Step           Time
         813500      406.75000

   Energies (kJ/mol)
        LJ (SR)   Coulomb (SR)   Coul. recip.      Potential    Kinetic En.
    1.42081e+05   -9.34436e+05    2.01949e+03   -7.90335e+05    1.23349e+05
   Total Energy  Conserved En.    Temperature Pressure (bar)
   -6.66986e+05   -6.47419e+05    2.97300e+02    1.04241e+02

           Step           Time
         814000      407.00000

   Energies (kJ/mol)
        LJ (SR)   Coulomb (SR)   Coul. recip.      Potential    Kinetic En.
    1.41723e+05   -9.34635e+05    2.06155e+03   -7.90850e+05    1.23757e+05
   Total Energy  Conserved En.    Temperature Pressure (bar)
   -6.67093e+05   -6.47408e+05    2.98285e+02    2.95075e+01

           Step           Time
         814500      407.25000

   Energies (kJ/mol)
        LJ (SR)   Coulomb (SR)   Coul. recip.      Potential    Kinetic En.
    1.42043e+05   -9.34902e+05    2.11199e+03   -7.90748e+05    1.24160e+05
   Total Energy  Conserved En.    Temperature Pressure (bar)
   -6.66588e+05   -6.47396e+05    2.99256e+02    6.26694e+01

           Step           Time
         815000      407.50000

   Energies (kJ/mol)
        LJ (SR)   Coulomb (SR)   Coul. recip.      Potential    Kinetic En.
    1.42145e+05   -9.34706e+05    2.14390e+03   -7.90417e+05    1.24226e+05
   Total Energy  Conserved En.    Temperature Pressure (bar)
   -6.66191e+05   -6.47384e+05    2.99414e+02    1.00953e+02

           Step           Time
         815500      407.75000

   Energies (kJ/mol)
        LJ (SR)   Coulomb (SR)   Coul. recip.      Potential    Kinetic En.
    1.43454e+05   -9.36025e+05    2.08040e+03   -7.90491e+05    1.24448e+05
   Total Energy  Conserved En.    Temperature Pressure (bar)
   -6.66043e+05   -6.47373e+05    2.99949e+02    2.28366e+02

           Step           Time
         816000      408.00000

   Energies (kJ/mol)
        LJ (SR)   Coulomb (SR)   Coul. recip.      Potential    Kinetic En.
    1.43989e+05   -9.36307e+05    2.11481e+03   -7.90203e+05    1.24068e+05
   Total Energy  Conserved En.    Temperature Pressure (bar)
   -6.66135e+05   -6.47362e+05    2.99034e+02    2.65264e+02

           Step           Time
         816500      408.25000

   Energies (kJ/mol)
        LJ (SR)   Coulomb (SR)   Coul. recip.      Potential    Kinetic En.
    1.41405e+05   -9.33785e+05    2.13111e+03   -7.90249e+05    1.24322e+05
   Total Energy  Conserved En.    Temperature Pressure (bar)
   -6.65927e+05   -6.47351e+05    2.99647e+02    2.48501e+01

           Step           Time
         817000      408.50000

   Energies (kJ/mol)
        LJ (SR)   Coulomb (SR)   Coul. recip.      Potential    Kinetic En.
    1.42228e+05   -9.34852e+05    2.06710e+03   -7.90557e+05    1.24650e+05
   Total Energy  Conserved En.    Temperature Pressure (bar)
   -6.65908e+05   -6.47340e+05    3.00437e+02    7.79715e+01

           Step           Time
         817500      408.75000

   Energies (kJ/mol)
        LJ (SR)   Coulomb (SR)   Coul. recip.      Potential    Kinetic En.
    1.42375e+05   -9.34003e+05    2.12139e+03   -7.89507e+05    1.23903e+05
   Total Energy  Conserved En.    Temperature Pressure (bar)
   -6.65604e+05   -6.47329e+05    2.98636e+02    1.69727e+02

           Step           Time
         818000      409.00000

   Energies (kJ/mol)
        LJ (SR)   Coulomb (SR)   Coul. recip.      Potential    Kinetic En.
    1.41644e+05   -9.33179e+05    2.19743e+03   -7.89337e+05    1.24141e+05
   Total Energy  Conserved En.    Temperature Pressure (bar)
   -6.65197e+05   -6.47317e+05    2.99209e+02    9.94638e+01

           Step           Time
         818500      409.25000

   Energies (kJ/mol)
        LJ (SR)   Coulomb (SR)   Coul. recip.      Potential    Kinetic En.
    1.40706e+05   -9.32666e+05    2.14662e+03   -7.89814e+05    1.24904e+05
   Total Energy  Conserved En.    Temperature Pressure (bar)
   -6.64910e+05   -6.47307e+05    3.01048e+02   -2.15606e+01

           Step           Time
         819000      409.50000

   Energies (kJ/mol)
        LJ (SR)   Coulomb (SR)   Coul. recip.      Potential    Kinetic En.
    1.40750e+05   -9.31275e+05    2.16864e+03   -7.88357e+05    1.23648e+05
   Total Energy  Conserved En.    Temperature Pressure (bar)
   -6.64709e+05   -6.47296e+05    2.98021e+02    1.09050e+01

           Step           Time
         819500      409.75000

   Energies (kJ/mol)
        LJ (SR)   Coulomb (SR)   Coul. recip.      Potential    Kinetic En.
    1.41997e+05   -9.33361e+05    2.13199e+03   -7.89232e+05    1.24338e+05
   Total Energy  Conserved En.    Temperature Pressure (bar)
   -6.64894e+05   -6.47284e+05    2.99686e+02    1.02102e+02

           Step           Time
         820000      410.00000

   Energies (kJ/mol)
        LJ (SR)   Coulomb (SR)   Coul. recip.      Potential    Kinetic En.
    1.40446e+05   -9.31797e+05    2.09918e+03   -7.89251e+05    1.24729e+05
   Total Energy  Conserved En.    Temperature Pressure (bar)
   -6.64523e+05   -6.47273e+05    3.00626e+02   -4.21272e+01

Writing checkpoint, step 820100 at Sun Sep  6 21:37:30 2026


           Step           Time
         820500      410.25000

   Energies (kJ/mol)
        LJ (SR)   Coulomb (SR)   Coul. recip.      Potential    Kinetic En.
    1.42965e+05   -9.34229e+05    2.17428e+03   -7.89090e+05    1.24917e+05
   Total Energy  Conserved En.    Temperature Pressure (bar)
   -6.64172e+05   -6.47261e+05    3.01081e+02    2.33698e+02

           Step           Time
         821000      410.50000

   Energies (kJ/mol)
        LJ (SR)   Coulomb (SR)   Coul. recip.      Potential    Kinetic En.
    1.41192e+05   -9.31992e+05    2.05189e+03   -7.88749e+05    1.24906e+05
   Total Energy  Conserved En.    Temperature Pressure (bar)
   -6.63843e+05   -6.47250e+05    3.01054e+02    7.18127e+01

           Step           Time
         821500      410.75000

   Energies (kJ/mol)
        LJ (SR)   Coulomb (SR)   Coul. recip.      Potential    Kinetic En.
    1.39880e+05   -9.30409e+05    2.16152e+03   -7.88367e+05    1.24180e+05
   Total Energy  Conserved En.    Temperature Pressure (bar)
   -6.64187e+05   -6.47239e+05    2.99305e+02   -7.01893e+01

           Step           Time
         822000      411.00000

   Energies (kJ/mol)
        LJ (SR)   Coulomb (SR)   Coul. recip.      Potential    Kinetic En.
    1.40758e+05   -9.31915e+05    2.22188e+03   -7.88935e+05    1.24365e+05
   Total Energy  Conserved En.    Temperature Pressure (bar)
   -6.64570e+05   -6.47227e+05    2.99750e+02    9.33599e+00

           Step           Time
         822500      411.25000

   Energies (kJ/mol)
        LJ (SR)   Coulomb (SR)   Coul. recip.      Potential    Kinetic En.
    1.40486e+05   -9.31481e+05    2.07963e+03   -7.88915e+05    1.24662e+05
   Total Energy  Conserved En.    Temperature Pressure (bar)
   -6.64253e+05   -6.47216e+05    3.00466e+02   -5.23490e+00

           Step           Time
         823000      411.50000

   Energies (kJ/mol)
        LJ (SR)   Coulomb (SR)   Coul. recip.      Potential    Kinetic En.
    1.39875e+05   -9.30975e+05    2.07545e+03   -7.89025e+05    1.24350e+05
   Total Energy  Conserved En.    Temperature Pressure (bar)
   -6.64675e+05   -6.47205e+05    2.99713e+02   -1.00869e+02

           Step           Time
         823500      411.75000

   Energies (kJ/mol)
        LJ (SR)   Coulomb (SR)   Coul. recip.      Potential    Kinetic En.
    1.41963e+05   -9.32909e+05    2.10339e+03   -7.88842e+05    1.23549e+05
   Total Energy  Conserved En.    Temperature Pressure (bar)
   -6.65294e+05   -6.47192e+05    2.97782e+02    1.46692e+02

           Step           Time
         824000      412.00000

   Energies (kJ/mol)
        LJ (SR)   Coulomb (SR)   Coul. recip.      Potential    Kinetic En.
    1.39288e+05   -9.30283e+05    2.11761e+03   -7.88878e+05    1.23732e+05
   Total Energy  Conserved En.    Temperature Pressure (bar)
   -6.65146e+05   -6.47182e+05    2.98223e+02   -1.51262e+02

           Step           Time
         824500      412.25000

   Energies (kJ/mol)
        LJ (SR)   Coulomb (SR)   Coul. recip.      Potential    Kinetic En.
    1.41021e+05   -9.32528e+05    2.14582e+03   -7.89361e+05    1.24654e+05
   Total Energy  Conserved En.    Temperature Pressure (bar)
   -6.64707e+05   -6.47171e+05    3.00446e+02    6.41846e+00

           Step           Time
         825000      412.50000

   Energies (kJ/mol)
        LJ (SR)   Coulomb (SR)   Coul. recip.      Potential    Kinetic En.
    1.41186e+05   -9.31258e+05    2.15287e+03   -7.87919e+05    1.23941e+05
   Total Energy  Conserved En.    Temperature Pressure (bar)
   -6.63978e+05   -6.47159e+05    2.98727e+02    7.00353e+01

           Step           Time
         825500      412.75000

   Energies (kJ/mol)
        LJ (SR)   Coulomb (SR)   Coul. recip.      Potential    Kinetic En.
    1.41283e+05   -9.32386e+05    2.14024e+03   -7.88962e+05    1.24591e+05
   Total Energy  Conserved En.    Temperature Pressure (bar)
   -6.64372e+05   -6.47149e+05    3.00294e+02    6.02323e+01

           Step           Time
         826000      413.00000

   Energies (kJ/mol)
        LJ (SR)   Coulomb (SR)   Coul. recip.      Potential    Kinetic En.
    1.41000e+05   -9.32183e+05    2.14483e+03   -7.89037e+05    1.24836e+05
   Total Energy  Conserved En.    Temperature Pressure (bar)
   -6.64202e+05   -6.47137e+05    3.00884e+02    5.01294e+01

           Step           Time
         826500      413.25000

   Energies (kJ/mol)
        LJ (SR)   Coulomb (SR)   Coul. recip.      Potential    Kinetic En.
    1.41686e+05   -9.31942e+05    2.12524e+03   -7.88130e+05    1.23585e+05
   Total Energy  Conserved En.    Temperature Pressure (bar)
   -6.64545e+05   -6.47125e+05    2.97871e+02    1.13434e+02

           Step           Time
         827000      413.50000

   Energies (kJ/mol)
        LJ (SR)   Coulomb (SR)   Coul. recip.      Potential    Kinetic En.
    1.40588e+05   -9.31255e+05    2.13043e+03   -7.88536e+05    1.24000e+05
   Total Energy  Conserved En.    Temperature Pressure (bar)
   -6.64536e+05   -6.47115e+05    2.98869e+02   -1.26564e+00

           Step           Time
         827500      413.75000

   Energies (kJ/mol)
        LJ (SR)   Coulomb (SR)   Coul. recip.      Potential    Kinetic En.
    1.41332e+05   -9.32426e+05    2.07195e+03   -7.89022e+05    1.25177e+05
   Total Energy  Conserved En.    Temperature Pressure (bar)
   -6.63844e+05   -6.47104e+05    3.01708e+02    6.86418e+01

           Step           Time
         828000      414.00000

   Energies (kJ/mol)
        LJ (SR)   Coulomb (SR)   Coul. recip.      Potential    Kinetic En.
    1.40643e+05   -9.31467e+05    2.05273e+03   -7.88771e+05    1.24868e+05
   Total Energy  Conserved En.    Temperature Pressure (bar)
   -6.63904e+05   -6.47093e+05    3.00962e+02    1.57684e+01

           Step           Time
         828500      414.25000

   Energies (kJ/mol)
        LJ (SR)   Coulomb (SR)   Coul. recip.      Potential    Kinetic En.
    1.40822e+05   -9.31384e+05    2.08038e+03   -7.88482e+05    1.24543e+05
   Total Energy  Conserved En.    Temperature Pressure (bar)
   -6.63939e+05   -6.47081e+05    3.00180e+02    4.33086e+01

           Step           Time
         829000      414.50000

   Energies (kJ/mol)
        LJ (SR)   Coulomb (SR)   Coul. recip.      Potential    Kinetic En.
    1.41353e+05   -9.32143e+05    2.16408e+03   -7.88626e+05    1.24277e+05
   Total Energy  Conserved En.    Temperature Pressure (bar)
   -6.64348e+05   -6.47070e+05    2.99539e+02    1.08589e+02

           Step           Time
         829500      414.75000

   Energies (kJ/mol)
        LJ (SR)   Coulomb (SR)   Coul. recip.      Potential    Kinetic En.
    1.41864e+05   -9.32878e+05    2.23500e+03   -7.88779e+05    1.24156e+05
   Total Energy  Conserved En.    Temperature Pressure (bar)
   -6.64623e+05   -6.47058e+05    2.99246e+02    1.31508e+02

           Step           Time
         830000      415.00000

   Energies (kJ/mol)
        LJ (SR)   Coulomb (SR)   Coul. recip.      Potential    Kinetic En.
    1.41088e+05   -9.32093e+05    2.06163e+03   -7.88944e+05    1.23980e+05
   Total Energy  Conserved En.    Temperature Pressure (bar)
   -6.64964e+05   -6.47046e+05    2.98822e+02    4.17052e+01

           Step           Time
         830500      415.25000

   Energies (kJ/mol)
        LJ (SR)   Coulomb (SR)   Coul. recip.      Potential    Kinetic En.
    1.41342e+05   -9.32696e+05    2.12473e+03   -7.89229e+05    1.24691e+05
   Total Energy  Conserved En.    Temperature Pressure (bar)
   -6.64539e+05   -6.47035e+05    3.00535e+02    4.49799e+01

           Step           Time
         831000      415.50000

   Energies (kJ/mol)
        LJ (SR)   Coulomb (SR)   Coul. recip.      Potential    Kinetic En.
    1.39965e+05   -9.31681e+05    2.15349e+03   -7.89563e+05    1.24769e+05
   Total Energy  Conserved En.    Temperature Pressure (bar)
   -6.64793e+05   -6.47022e+05    3.00724e+02   -9.48138e+01

           Step           Time
         831500      415.75000

   Energies (kJ/mol)
        LJ (SR)   Coulomb (SR)   Coul. recip.      Potential    Kinetic En.
    1.42268e+05   -9.34097e+05    2.11534e+03   -7.89713e+05    1.25043e+05
   Total Energy  Conserved En.    Temperature Pressure (bar)
   -6.64670e+05   -6.47012e+05    3.01384e+02    1.42603e+02

           Step           Time
         832000      416.00000

   Energies (kJ/mol)
        LJ (SR)   Coulomb (SR)   Coul. recip.      Potential    Kinetic En.
    1.40774e+05   -9.31760e+05    2.12499e+03   -7.88861e+05    1.23865e+05
   Total Energy  Conserved En.    Temperature Pressure (bar)
   -6.64996e+05   -6.47000e+05    2.98544e+02    8.60131e+00

           Step           Time
         832500      416.25000

   Energies (kJ/mol)
        LJ (SR)   Coulomb (SR)   Coul. recip.      Potential    Kinetic En.
    1.41962e+05   -9.33355e+05    2.06537e+03   -7.89328e+05    1.24121e+05
   Total Energy  Conserved En.    Temperature Pressure (bar)
   -6.65207e+05   -6.46988e+05    2.99161e+02    1.18762e+02

           Step           Time
         833000      416.50000

   Energies (kJ/mol)
        LJ (SR)   Coulomb (SR)   Coul. recip.      Potential    Kinetic En.
    1.42595e+05   -9.35044e+05    2.12297e+03   -7.90326e+05    1.24850e+05
   Total Energy  Conserved En.    Temperature Pressure (bar)
   -6.65476e+05   -6.46978e+05    3.00918e+02    1.40280e+02

           Step           Time
         833500      416.75000

   Energies (kJ/mol)
        LJ (SR)   Coulomb (SR)   Coul. recip.      Potential    Kinetic En.
    1.41356e+05   -9.33709e+05    2.16229e+03   -7.90191e+05    1.24362e+05
   Total Energy  Conserved En.    Temperature Pressure (bar)
   -6.65829e+05   -6.46966e+05    2.99743e+02    2.58273e+01

           Step           Time
         834000      417.00000

   Energies (kJ/mol)
        LJ (SR)   Coulomb (SR)   Coul. recip.      Potential    Kinetic En.
    1.42074e+05   -9.34436e+05    2.17538e+03   -7.90187e+05    1.24193e+05
   Total Energy  Conserved En.    Temperature Pressure (bar)
   -6.65994e+05   -6.46955e+05    2.99335e+02    9.19559e+01

           Step           Time
         834500      417.25000

   Energies (kJ/mol)
        LJ (SR)   Coulomb (SR)   Coul. recip.      Potential    Kinetic En.
    1.42351e+05   -9.34597e+05    2.14391e+03   -7.90102e+05    1.24077e+05
   Total Energy  Conserved En.    Temperature Pressure (bar)
   -6.66025e+05   -6.46943e+05    2.99056e+02    1.35070e+02

           Step           Time
         835000      417.50000

   Energies (kJ/mol)
        LJ (SR)   Coulomb (SR)   Coul. recip.      Potential    Kinetic En.
    1.41902e+05   -9.34012e+05    2.06155e+03   -7.90048e+05    1.24625e+05
   Total Energy  Conserved En.    Temperature Pressure (bar)
   -6.65424e+05   -6.46933e+05    3.00375e+02    1.09377e+02

           Step           Time
         835500      417.75000

   Energies (kJ/mol)
        LJ (SR)   Coulomb (SR)   Coul. recip.      Potential    Kinetic En.
    1.41132e+05   -9.33160e+05    2.02081e+03   -7.90007e+05    1.24873e+05
   Total Energy  Conserved En.    Temperature Pressure (bar)
   -6.65134e+05   -6.46922e+05    3.00974e+02    3.88219e+01

           Step           Time
         836000      418.00000

   Energies (kJ/mol)
        LJ (SR)   Coulomb (SR)   Coul. recip.      Potential    Kinetic En.
    1.38684e+05   -9.30143e+05    2.10879e+03   -7.89350e+05    1.24697e+05
   Total Energy  Conserved En.    Temperature Pressure (bar)
   -6.64654e+05   -6.46910e+05    3.00550e+02   -2.19930e+02

           Step           Time
         836500      418.25000

   Energies (kJ/mol)
        LJ (SR)   Coulomb (SR)   Coul. recip.      Potential    Kinetic En.
    1.40600e+05   -9.31828e+05    2.09611e+03   -7.89132e+05    1.24357e+05
   Total Energy  Conserved En.    Temperature Pressure (bar)
   -6.64775e+05   -6.46898e+05    2.99730e+02   -2.58289e+01

           Step           Time
         837000      418.50000

   Energies (kJ/mol)
        LJ (SR)   Coulomb (SR)   Coul. recip.      Potential    Kinetic En.
    1.40117e+05   -9.31115e+05    2.14577e+03   -7.88853e+05    1.24068e+05
   Total Energy  Conserved En.    Temperature Pressure (bar)
   -6.64785e+05   -6.46886e+05    2.99034e+02   -5.87964e+01

           Step           Time
         837500      418.75000

   Energies (kJ/mol)
        LJ (SR)   Coulomb (SR)   Coul. recip.      Potential    Kinetic En.
    1.40160e+05   -9.31799e+05    2.15526e+03   -7.89484e+05    1.24594e+05
   Total Energy  Conserved En.    Temperature Pressure (bar)
   -6.64890e+05   -6.46876e+05    3.00302e+02   -9.57273e+01

           Step           Time
         838000      419.00000

   Energies (kJ/mol)
        LJ (SR)   Coulomb (SR)   Coul. recip.      Potential    Kinetic En.
    1.39721e+05   -9.30611e+05    2.08149e+03   -7.88808e+05    1.23728e+05
   Total Energy  Conserved En.    Temperature Pressure (bar)
   -6.65080e+05   -6.46865e+05    2.98214e+02   -1.32029e+02

           Step           Time
         838500      419.25000

   Energies (kJ/mol)
        LJ (SR)   Coulomb (SR)   Coul. recip.      Potential    Kinetic En.
    1.39495e+05   -9.30813e+05    2.17093e+03   -7.89147e+05    1.24205e+05
   Total Energy  Conserved En.    Temperature Pressure (bar)
   -6.64942e+05   -6.46855e+05    2.99365e+02   -1.44227e+02

           Step           Time
         839000      419.50000

   Energies (kJ/mol)
        LJ (SR)   Coulomb (SR)   Coul. recip.      Potential    Kinetic En.
    1.42113e+05   -9.33793e+05    2.11167e+03   -7.89569e+05    1.24076e+05
   Total Energy  Conserved En.    Temperature Pressure (bar)
   -6.65493e+05   -6.46842e+05    2.99054e+02    1.30252e+02

           Step           Time
         839500      419.75000

   Energies (kJ/mol)
        LJ (SR)   Coulomb (SR)   Coul. recip.      Potential    Kinetic En.
    1.40210e+05   -9.31422e+05    2.07999e+03   -7.89132e+05    1.23755e+05
   Total Energy  Conserved En.    Temperature Pressure (bar)
   -6.65377e+05   -6.46832e+05    2.98279e+02   -2.05891e+01

           Step           Time
         840000      420.00000

   Energies (kJ/mol)
        LJ (SR)   Coulomb (SR)   Coul. recip.      Potential    Kinetic En.
    1.41462e+05   -9.32889e+05    2.07710e+03   -7.89351e+05    1.23934e+05
   Total Energy  Conserved En.    Temperature Pressure (bar)
   -6.65416e+05   -6.46820e+05    2.98712e+02    9.86803e+01

           Step           Time
         840500      420.25000

   Energies (kJ/mol)
        LJ (SR)   Coulomb (SR)   Coul. recip.      Potential    Kinetic En.
    1.41149e+05   -9.32506e+05    2.09785e+03   -7.89260e+05    1.23662e+05
   Total Energy  Conserved En.    Temperature Pressure (bar)
   -6.65598e+05   -6.46807e+05    2.98054e+02    4.95557e+01

           Step           Time
         841000      420.50000

   Energies (kJ/mol)
        LJ (SR)   Coulomb (SR)   Coul. recip.      Potential    Kinetic En.
    1.41286e+05   -9.33473e+05    2.11395e+03   -7.90074e+05    1.24165e+05
   Total Energy  Conserved En.    Temperature Pressure (bar)
   -6.65908e+05   -6.46796e+05    2.99269e+02    2.17906e+01

           Step           Time
         841500      420.75000

   Energies (kJ/mol)
        LJ (SR)   Coulomb (SR)   Coul. recip.      Potential    Kinetic En.
    1.39975e+05   -9.31767e+05    2.17337e+03   -7.89619e+05    1.23695e+05
   Total Energy  Conserved En.    Temperature Pressure (bar)
   -6.65924e+05   -6.46786e+05    2.98134e+02   -6.31171e+01

           Step           Time
         842000      421.00000

   Energies (kJ/mol)
        LJ (SR)   Coulomb (SR)   Coul. recip.      Potential    Kinetic En.
    1.41907e+05   -9.33715e+05    2.07324e+03   -7.89735e+05    1.24519e+05
   Total Energy  Conserved En.    Temperature Pressure (bar)
   -6.65216e+05   -6.46775e+05    3.00120e+02    1.14162e+02

           Step           Time
         842500      421.25000

   Energies (kJ/mol)
        LJ (SR)   Coulomb (SR)   Coul. recip.      Potential    Kinetic En.
    1.40735e+05   -9.32599e+05    2.15087e+03   -7.89713e+05    1.24169e+05
   Total Energy  Conserved En.    Temperature Pressure (bar)
   -6.65545e+05   -6.46763e+05    2.99277e+02   -4.17197e+00

           Step           Time
         843000      421.50000

   Energies (kJ/mol)
        LJ (SR)   Coulomb (SR)   Coul. recip.      Potential    Kinetic En.
    1.40446e+05   -9.32542e+05    2.05444e+03   -7.90041e+05    1.24515e+05
   Total Energy  Conserved En.    Temperature Pressure (bar)
   -6.65526e+05   -6.46752e+05    3.00111e+02   -6.17776e+01

           Step           Time
         843500      421.75000

   Energies (kJ/mol)
        LJ (SR)   Coulomb (SR)   Coul. recip.      Potential    Kinetic En.
    1.41808e+05   -9.33813e+05    2.04868e+03   -7.89956e+05    1.24145e+05
   Total Energy  Conserved En.    Temperature Pressure (bar)
   -6.65811e+05   -6.46739e+05    2.99220e+02    9.79889e+01

           Step           Time
         844000      422.00000

   Energies (kJ/mol)
        LJ (SR)   Coulomb (SR)   Coul. recip.      Potential    Kinetic En.
    1.41368e+05   -9.33526e+05    2.11012e+03   -7.90048e+05    1.24186e+05
   Total Energy  Conserved En.    Temperature Pressure (bar)
   -6.65862e+05   -6.46728e+05    2.99318e+02    1.40661e+01

           Step           Time
         844500      422.25000

   Energies (kJ/mol)
        LJ (SR)   Coulomb (SR)   Coul. recip.      Potential    Kinetic En.
    1.42191e+05   -9.34900e+05    2.12934e+03   -7.90579e+05    1.24054e+05
   Total Energy  Conserved En.    Temperature Pressure (bar)
   -6.66526e+05   -6.46717e+05    2.99000e+02    8.24605e+01

           Step           Time
         845000      422.50000

   Energies (kJ/mol)
        LJ (SR)   Coulomb (SR)   Coul. recip.      Potential    Kinetic En.
    1.42038e+05   -9.34568e+05    2.14736e+03   -7.90382e+05    1.23743e+05
   Total Energy  Conserved En.    Temperature Pressure (bar)
   -6.66639e+05   -6.46705e+05    2.98251e+02    9.11921e+01

           Step           Time
         845500      422.75000

   Energies (kJ/mol)
        LJ (SR)   Coulomb (SR)   Coul. recip.      Potential    Kinetic En.
    1.41621e+05   -9.34194e+05    2.14009e+03   -7.90433e+05    1.24159e+05
   Total Energy  Conserved En.    Temperature Pressure (bar)
   -6.66274e+05   -6.46695e+05    2.99253e+02    3.54597e+01

           Step           Time
         846000      423.00000

   Energies (kJ/mol)
        LJ (SR)   Coulomb (SR)   Coul. recip.      Potential    Kinetic En.
    1.41239e+05   -9.33475e+05    2.09909e+03   -7.90137e+05    1.24032e+05
   Total Energy  Conserved En.    Temperature Pressure (bar)
   -6.66105e+05   -6.46683e+05    2.98947e+02    3.70262e+01

           Step           Time
         846500      423.25000

   Energies (kJ/mol)
        LJ (SR)   Coulomb (SR)   Coul. recip.      Potential    Kinetic En.
    1.40623e+05   -9.32949e+05    2.14515e+03   -7.90181e+05    1.23988e+05
   Total Energy  Conserved En.    Temperature Pressure (bar)
   -6.66193e+05   -6.46672e+05    2.98841e+02   -5.78629e+01

           Step           Time
         847000      423.50000

   Energies (kJ/mol)
        LJ (SR)   Coulomb (SR)   Coul. recip.      Potential    Kinetic En.
    1.41834e+05   -9.33799e+05    2.07761e+03   -7.89887e+05    1.23958e+05
   Total Energy  Conserved En.    Temperature Pressure (bar)
   -6.65930e+05   -6.46660e+05    2.98768e+02    9.04574e+01

           Step           Time
         847500      423.75000

   Energies (kJ/mol)
        LJ (SR)   Coulomb (SR)   Coul. recip.      Potential    Kinetic En.
    1.41293e+05   -9.33398e+05    2.11569e+03   -7.89990e+05    1.24193e+05
   Total Energy  Conserved En.    Temperature Pressure (bar)
   -6.65796e+05   -6.46648e+05    2.99336e+02    1.18519e+00

           Step           Time
         848000      424.00000

   Energies (kJ/mol)
        LJ (SR)   Coulomb (SR)   Coul. recip.      Potential    Kinetic En.
    1.42762e+05   -9.34148e+05    2.10477e+03   -7.89282e+05    1.23394e+05
   Total Energy  Conserved En.    Temperature Pressure (bar)
   -6.65888e+05   -6.46637e+05    2.97409e+02    1.90393e+02

           Step           Time
         848500      424.25000

   Energies (kJ/mol)
        LJ (SR)   Coulomb (SR)   Coul. recip.      Potential    Kinetic En.
    1.41007e+05   -9.33221e+05    2.10646e+03   -7.90108e+05    1.24200e+05
   Total Energy  Conserved En.    Temperature Pressure (bar)
   -6.65908e+05   -6.46627e+05    2.99352e+02   -2.17452e+01

           Step           Time
         849000      424.50000

   Energies (kJ/mol)
        LJ (SR)   Coulomb (SR)   Coul. recip.      Potential    Kinetic En.
    1.41094e+05   -9.33400e+05    2.08598e+03   -7.90219e+05    1.24292e+05
   Total Energy  Conserved En.    Temperature Pressure (bar)
   -6.65927e+05   -6.46616e+05    2.99574e+02   -2.66069e+00

           Step           Time
         849500      424.75000

   Energies (kJ/mol)
        LJ (SR)   Coulomb (SR)   Coul. recip.      Potential    Kinetic En.
    1.40553e+05   -9.31958e+05    2.10024e+03   -7.89305e+05    1.23279e+05
   Total Energy  Conserved En.    Temperature Pressure (bar)
   -6.66026e+05   -6.46606e+05    2.97131e+02   -3.89732e+01

           Step           Time
         850000      425.00000

   Energies (kJ/mol)
        LJ (SR)   Coulomb (SR)   Coul. recip.      Potential    Kinetic En.
    1.40409e+05   -9.31634e+05    2.07831e+03   -7.89147e+05    1.23400e+05
   Total Energy  Conserved En.    Temperature Pressure (bar)
   -6.65747e+05   -6.46595e+05    2.97425e+02   -6.51214e+01

           Step           Time
         850500      425.25000

   Energies (kJ/mol)
        LJ (SR)   Coulomb (SR)   Coul. recip.      Potential    Kinetic En.
    1.40422e+05   -9.31305e+05    2.05029e+03   -7.88833e+05    1.23681e+05
   Total Energy  Conserved En.    Temperature Pressure (bar)
   -6.65152e+05   -6.46583e+05    2.98101e+02   -2.65971e+01

           Step           Time
         851000      425.50000

   Energies (kJ/mol)
        LJ (SR)   Coulomb (SR)   Coul. recip.      Potential    Kinetic En.
    1.41993e+05   -9.33784e+05    2.11340e+03   -7.89678e+05    1.24470e+05
   Total Energy  Conserved En.    Temperature Pressure (bar)
   -6.65208e+05   -6.46572e+05    3.00002e+02    9.44532e+01

           Step           Time
         851500      425.75000

   Energies (kJ/mol)
        LJ (SR)   Coulomb (SR)   Coul. recip.      Potential    Kinetic En.
    1.42064e+05   -9.33628e+05    2.08915e+03   -7.89475e+05    1.24298e+05
   Total Energy  Conserved En.    Temperature Pressure (bar)
   -6.65177e+05   -6.46560e+05    2.99588e+02    1.67547e+02

           Step           Time
         852000      426.00000

   Energies (kJ/mol)
        LJ (SR)   Coulomb (SR)   Coul. recip.      Potential    Kinetic En.
    1.40849e+05   -9.32420e+05    2.17664e+03   -7.89394e+05    1.24708e+05
   Total Energy  Conserved En.    Temperature Pressure (bar)
   -6.64686e+05   -6.46550e+05    3.00576e+02    1.95631e+01

           Step           Time
         852500      426.25000

   Energies (kJ/mol)
        LJ (SR)   Coulomb (SR)   Coul. recip.      Potential    Kinetic En.
    1.40134e+05   -9.31606e+05    2.04836e+03   -7.89424e+05    1.24305e+05
   Total Energy  Conserved En.    Temperature Pressure (bar)
   -6.65120e+05   -6.46539e+05    2.99604e+02   -2.93201e+01

           Step           Time
         853000      426.50000

   Energies (kJ/mol)
        LJ (SR)   Coulomb (SR)   Coul. recip.      Potential    Kinetic En.
    1.39314e+05   -9.30414e+05    2.18729e+03   -7.88913e+05    1.24254e+05
   Total Energy  Conserved En.    Temperature Pressure (bar)
   -6.64659e+05   -6.46527e+05    2.99483e+02   -8.71831e+01

           Step           Time
         853500      426.75000

   Energies (kJ/mol)
        LJ (SR)   Coulomb (SR)   Coul. recip.      Potential    Kinetic En.
    1.41064e+05   -9.32851e+05    2.18007e+03   -7.89607e+05    1.24832e+05
   Total Energy  Conserved En.    Temperature Pressure (bar)
   -6.64776e+05   -6.46516e+05    3.00875e+02    4.16385e+01

           Step           Time
         854000      427.00000

   Energies (kJ/mol)
        LJ (SR)   Coulomb (SR)   Coul. recip.      Potential    Kinetic En.
    1.42206e+05   -9.33726e+05    2.08902e+03   -7.89431e+05    1.24365e+05
   Total Energy  Conserved En.    Temperature Pressure (bar)
   -6.65065e+05   -6.46504e+05    2.99751e+02    2.06921e+02

           Step           Time
         854500      427.25000

   Energies (kJ/mol)
        LJ (SR)   Coulomb (SR)   Coul. recip.      Potential    Kinetic En.
    1.41922e+05   -9.33279e+05    2.15952e+03   -7.89197e+05    1.24587e+05
   Total Energy  Conserved En.    Temperature Pressure (bar)
   -6.64610e+05   -6.46493e+05    3.00286e+02    1.60013e+02

           Step           Time
         855000      427.50000

   Energies (kJ/mol)
        LJ (SR)   Coulomb (SR)   Coul. recip.      Potential    Kinetic En.
    1.41422e+05   -9.32449e+05    2.05871e+03   -7.88968e+05    1.24757e+05
   Total Energy  Conserved En.    Temperature Pressure (bar)
   -6.64211e+05   -6.46482e+05    3.00695e+02    1.25967e+02

           Step           Time
         855500      427.75000

   Energies (kJ/mol)
        LJ (SR)   Coulomb (SR)   Coul. recip.      Potential    Kinetic En.
    1.40393e+05   -9.31140e+05    2.12727e+03   -7.88620e+05    1.24971e+05
   Total Energy  Conserved En.    Temperature Pressure (bar)
   -6.63649e+05   -6.46470e+05    3.01212e+02    1.39764e+00

           Step           Time
         856000      428.00000

   Energies (kJ/mol)
        LJ (SR)   Coulomb (SR)   Coul. recip.      Potential    Kinetic En.
    1.39855e+05   -9.29915e+05    2.12092e+03   -7.87939e+05    1.24293e+05
   Total Energy  Conserved En.    Temperature Pressure (bar)
   -6.63645e+05   -6.46458e+05    2.99577e+02   -4.71683e+01

           Step           Time
         856500      428.25000

   Energies (kJ/mol)
        LJ (SR)   Coulomb (SR)   Coul. recip.      Potential    Kinetic En.
    1.40830e+05   -9.31958e+05    2.14125e+03   -7.88987e+05    1.25217e+05
   Total Energy  Conserved En.    Temperature Pressure (bar)
   -6.63770e+05   -6.46448e+05    3.01803e+02    2.44960e+01

           Step           Time
         857000      428.50000

   Energies (kJ/mol)
        LJ (SR)   Coulomb (SR)   Coul. recip.      Potential    Kinetic En.
    1.39198e+05   -9.29846e+05    2.20435e+03   -7.88443e+05    1.24712e+05
   Total Energy  Conserved En.    Temperature Pressure (bar)
   -6.63731e+05   -6.46437e+05    3.00587e+02   -1.28314e+02

           Step           Time
         857500      428.75000

   Energies (kJ/mol)
        LJ (SR)   Coulomb (SR)   Coul. recip.      Potential    Kinetic En.
    1.40752e+05   -9.30735e+05    2.16510e+03   -7.87818e+05    1.24362e+05
   Total Energy  Conserved En.    Temperature Pressure (bar)
   -6.63456e+05   -6.46425e+05    2.99743e+02    6.52183e+01

           Step           Time
         858000      429.00000

   Energies (kJ/mol)
        LJ (SR)   Coulomb (SR)   Coul. recip.      Potential    Kinetic En.
    1.40221e+05   -9.31461e+05    2.13643e+03   -7.89104e+05    1.25487e+05
   Total Energy  Conserved En.    Temperature Pressure (bar)
   -6.63616e+05   -6.46415e+05    3.02454e+02   -3.30450e+01

           Step           Time
         858500      429.25000

   Energies (kJ/mol)
        LJ (SR)   Coulomb (SR)   Coul. recip.      Potential    Kinetic En.
    1.39371e+05   -9.29980e+05    2.10712e+03   -7.88502e+05    1.24750e+05
   Total Energy  Conserved En.    Temperature Pressure (bar)
   -6.63752e+05   -6.46404e+05    3.00677e+02   -8.87625e+01

           Step           Time
         859000      429.50000

   Energies (kJ/mol)
        LJ (SR)   Coulomb (SR)   Coul. recip.      Potential    Kinetic En.
    1.39030e+05   -9.30122e+05    2.14463e+03   -7.88947e+05    1.25103e+05
   Total Energy  Conserved En.    Temperature Pressure (bar)
   -6.63844e+05   -6.46392e+05    3.01528e+02   -1.57442e+02

           Step           Time
         859500      429.75000

   Energies (kJ/mol)
        LJ (SR)   Coulomb (SR)   Coul. recip.      Potential    Kinetic En.
    1.41066e+05   -9.31749e+05    2.12560e+03   -7.88557e+05    1.25337e+05
   Total Energy  Conserved En.    Temperature Pressure (bar)
   -6.63220e+05   -6.46380e+05    3.02092e+02    8.85283e+01

           Step           Time
         860000      430.00000

   Energies (kJ/mol)
        LJ (SR)   Coulomb (SR)   Coul. recip.      Potential    Kinetic En.
    1.39232e+05   -9.29932e+05    2.14083e+03   -7.88559e+05    1.24853e+05
   Total Energy  Conserved En.    Temperature Pressure (bar)
   -6.63706e+05   -6.46369e+05    3.00926e+02   -1.18152e+02

           Step           Time
         860500      430.25000

   Energies (kJ/mol)
        LJ (SR)   Coulomb (SR)   Coul. recip.      Potential    Kinetic En.
    1.40602e+05   -9.31212e+05    2.15554e+03   -7.88455e+05    1.24338e+05
   Total Energy  Conserved En.    Temperature Pressure (bar)
   -6.64117e+05   -6.46356e+05    2.99685e+02    3.63292e+01

           Step           Time
         861000      430.50000

   Energies (kJ/mol)
        LJ (SR)   Coulomb (SR)   Coul. recip.      Potential    Kinetic En.
    1.42320e+05   -9.33339e+05    2.12395e+03   -7.88894e+05    1.25218e+05
   Total Energy  Conserved En.    Temperature Pressure (bar)
   -6.63676e+05   -6.46346e+05    3.01807e+02    1.74059e+02

           Step           Time
         861500      430.75000

   Energies (kJ/mol)
        LJ (SR)   Coulomb (SR)   Coul. recip.      Potential    Kinetic En.
    1.40607e+05   -9.31309e+05    2.14639e+03   -7.88556e+05    1.25023e+05
   Total Energy  Conserved En.    Temperature Pressure (bar)
   -6.63532e+05   -6.46334e+05    3.01336e+02    4.54415e+01

           Step           Time
         862000      431.00000

   Energies (kJ/mol)
        LJ (SR)   Coulomb (SR)   Coul. recip.      Potential    Kinetic En.
    1.39605e+05   -9.31270e+05    2.11822e+03   -7.89547e+05    1.25350e+05
   Total Energy  Conserved En.    Temperature Pressure (bar)
   -6.64197e+05   -6.46324e+05    3.02123e+02   -9.13882e+01

           Step           Time
         862500      431.25000

   Energies (kJ/mol)
        LJ (SR)   Coulomb (SR)   Coul. recip.      Potential    Kinetic En.
    1.40505e+05   -9.31189e+05    2.10495e+03   -7.88578e+05    1.24180e+05
   Total Energy  Conserved En.    Temperature Pressure (bar)
   -6.64399e+05   -6.46311e+05    2.99303e+02    1.28426e+01

           Step           Time
         863000      431.50000

   Energies (kJ/mol)
        LJ (SR)   Coulomb (SR)   Coul. recip.      Potential    Kinetic En.
    1.41091e+05   -9.31427e+05    2.14469e+03   -7.88191e+05    1.24425e+05
   Total Energy  Conserved En.    Temperature Pressure (bar)
   -6.63765e+05   -6.46299e+05    2.99896e+02    7.24072e+01

           Step           Time
         863500      431.75000

   Energies (kJ/mol)
        LJ (SR)   Coulomb (SR)   Coul. recip.      Potential    Kinetic En.
    1.41527e+05   -9.33156e+05    2.11788e+03   -7.89511e+05    1.25153e+05
   Total Energy  Conserved En.    Temperature Pressure (bar)
   -6.64358e+05   -6.46289e+05    3.01649e+02    7.51728e+01

           Step           Time
         864000      432.00000

   Energies (kJ/mol)
        LJ (SR)   Coulomb (SR)   Coul. recip.      Potential    Kinetic En.
    1.41686e+05   -9.32948e+05    2.06859e+03   -7.89193e+05    1.25295e+05
   Total Energy  Conserved En.    Temperature Pressure (bar)
   -6.63898e+05   -6.46279e+05    3.01992e+02    1.35860e+02

           Step           Time
         864500      432.25000

   Energies (kJ/mol)
        LJ (SR)   Coulomb (SR)   Coul. recip.      Potential    Kinetic En.
    1.39712e+05   -9.29531e+05    2.15556e+03   -7.87663e+05    1.23133e+05
   Total Energy  Conserved En.    Temperature Pressure (bar)
   -6.64530e+05   -6.46266e+05    2.96781e+02   -4.42879e+01

           Step           Time
         865000      432.50000

   Energies (kJ/mol)
        LJ (SR)   Coulomb (SR)   Coul. recip.      Potential    Kinetic En.
    1.40406e+05   -9.30533e+05    2.12607e+03   -7.88000e+05    1.23405e+05
   Total Energy  Conserved En.    Temperature Pressure (bar)
   -6.64595e+05   -6.46255e+05    2.97437e+02    1.65294e+01

           Step           Time
         865500      432.75000

   Energies (kJ/mol)
        LJ (SR)   Coulomb (SR)   Coul. recip.      Potential    Kinetic En.
    1.40220e+05   -9.31200e+05    2.04794e+03   -7.88932e+05    1.24467e+05
   Total Energy  Conserved En.    Temperature Pressure (bar)
   -6.64464e+05   -6.46245e+05    2.99997e+02   -4.06408e+01

           Step           Time
         866000      433.00000

   Energies (kJ/mol)
        LJ (SR)   Coulomb (SR)   Coul. recip.      Potential    Kinetic En.
    1.39195e+05   -9.28707e+05    2.16692e+03   -7.87346e+05    1.22431e+05
   Total Energy  Conserved En.    Temperature Pressure (bar)
   -6.64915e+05   -6.46233e+05    2.95087e+02   -1.23591e+02

Writing checkpoint, step 866100 at Sun Sep  6 21:52:30 2026


           Step           Time
         866500      433.25000

   Energies (kJ/mol)
        LJ (SR)   Coulomb (SR)   Coul. recip.      Potential    Kinetic En.
    1.40449e+05   -9.31426e+05    2.12820e+03   -7.88850e+05    1.23833e+05
   Total Energy  Conserved En.    Temperature Pressure (bar)
   -6.65016e+05   -6.46221e+05    2.98468e+02   -1.57922e+00

           Step           Time
         867000      433.50000

   Energies (kJ/mol)
        LJ (SR)   Coulomb (SR)   Coul. recip.      Potential    Kinetic En.
    1.41439e+05   -9.33742e+05    2.11811e+03   -7.90184e+05    1.25071e+05
   Total Energy  Conserved En.    Temperature Pressure (bar)
   -6.65114e+05   -6.46210e+05    3.01451e+02    4.52021e+01

           Step           Time
         867500      433.75000

   Energies (kJ/mol)
        LJ (SR)   Coulomb (SR)   Coul. recip.      Potential    Kinetic En.
    1.41445e+05   -9.33308e+05    2.08406e+03   -7.89779e+05    1.25008e+05
   Total Energy  Conserved En.    Temperature Pressure (bar)
   -6.64770e+05   -6.46200e+05    3.01301e+02    5.04846e+01

           Step           Time
         868000      434.00000

   Energies (kJ/mol)
        LJ (SR)   Coulomb (SR)   Coul. recip.      Potential    Kinetic En.
    1.39728e+05   -9.30988e+05    2.02068e+03   -7.89239e+05    1.24137e+05
   Total Energy  Conserved En.    Temperature Pressure (bar)
   -6.65102e+05   -6.46188e+05    2.99201e+02   -1.15585e+02

           Step           Time
         868500      434.25000

   Energies (kJ/mol)
        LJ (SR)   Coulomb (SR)   Coul. recip.      Potential    Kinetic En.
    1.40063e+05   -9.31287e+05    2.11435e+03   -7.89109e+05    1.23993e+05
   Total Energy  Conserved En.    Temperature Pressure (bar)
   -6.65116e+05   -6.46178e+05    2.98853e+02   -4.93161e+01

           Step           Time
         869000      434.50000

   Energies (kJ/mol)
        LJ (SR)   Coulomb (SR)   Coul. recip.      Potential    Kinetic En.
    1.39373e+05   -9.30274e+05    2.14464e+03   -7.88756e+05    1.24285e+05
   Total Energy  Conserved En.    Temperature Pressure (bar)
   -6.64471e+05   -6.46166e+05    2.99557e+02   -1.05831e+02

           Step           Time
         869500      434.75000

   Energies (kJ/mol)
        LJ (SR)   Coulomb (SR)   Coul. recip.      Potential    Kinetic En.
    1.40826e+05   -9.31708e+05    2.09277e+03   -7.88789e+05    1.24811e+05
   Total Energy  Conserved En.    Temperature Pressure (bar)
   -6.63978e+05   -6.46154e+05    3.00826e+02    4.33424e+01

           Step           Time
         870000      435.00000

   Energies (kJ/mol)
        LJ (SR)   Coulomb (SR)   Coul. recip.      Potential    Kinetic En.
    1.41509e+05   -9.32021e+05    2.10237e+03   -7.88410e+05    1.24522e+05
   Total Energy  Conserved En.    Temperature Pressure (bar)
   -6.63888e+05   -6.46143e+05    3.00128e+02    1.42318e+02

           Step           Time
         870500      435.25000

   Energies (kJ/mol)
        LJ (SR)   Coulomb (SR)   Coul. recip.      Potential    Kinetic En.
    1.43107e+05   -9.33647e+05    2.17320e+03   -7.88367e+05    1.23965e+05
   Total Energy  Conserved En.    Temperature Pressure (bar)
   -6.64402e+05   -6.46131e+05    2.98786e+02    2.58683e+02

           Step           Time
         871000      435.50000

   Energies (kJ/mol)
        LJ (SR)   Coulomb (SR)   Coul. recip.      Potential    Kinetic En.
    1.41745e+05   -9.32810e+05    2.17530e+03   -7.88889e+05    1.24295e+05
   Total Energy  Conserved En.    Temperature Pressure (bar)
   -6.64594e+05   -6.46119e+05    2.99581e+02    1.32628e+02

           Step           Time
         871500      435.75000

   Energies (kJ/mol)
        LJ (SR)   Coulomb (SR)   Coul. recip.      Potential    Kinetic En.
    1.40213e+05   -9.31088e+05    2.08677e+03   -7.88788e+05    1.23835e+05
   Total Energy  Conserved En.    Temperature Pressure (bar)
   -6.64953e+05   -6.46107e+05    2.98472e+02   -4.79902e+01

           Step           Time
         872000      436.00000

   Energies (kJ/mol)
        LJ (SR)   Coulomb (SR)   Coul. recip.      Potential    Kinetic En.
    1.40486e+05   -9.31566e+05    2.16976e+03   -7.88911e+05    1.24148e+05
   Total Energy  Conserved En.    Temperature Pressure (bar)
   -6.64763e+05   -6.46096e+05    2.99226e+02    4.21137e+00

           Step           Time
         872500      436.25000

   Energies (kJ/mol)
        LJ (SR)   Coulomb (SR)   Coul. recip.      Potential    Kinetic En.
    1.43176e+05   -9.34550e+05    2.16937e+03   -7.89205e+05    1.24515e+05
   Total Energy  Conserved En.    Temperature Pressure (bar)
   -6.64690e+05   -6.46085e+05    3.00111e+02    2.76007e+02

           Step           Time
         873000      436.50000

   Energies (kJ/mol)
        LJ (SR)   Coulomb (SR)   Coul. recip.      Potential    Kinetic En.
    1.40205e+05   -9.30706e+05    2.14428e+03   -7.88357e+05    1.24287e+05
   Total Energy  Conserved En.    Temperature Pressure (bar)
   -6.64070e+05   -6.46073e+05    2.99562e+02   -9.08604e+00

           Step           Time
         873500      436.75000

   Energies (kJ/mol)
        LJ (SR)   Coulomb (SR)   Coul. recip.      Potential    Kinetic En.
    1.41892e+05   -9.32574e+05    2.11631e+03   -7.88566e+05    1.24230e+05
   Total Energy  Conserved En.    Temperature Pressure (bar)
   -6.64335e+05   -6.46062e+05    2.99426e+02    1.40702e+02

           Step           Time
         874000      437.00000

   Energies (kJ/mol)
        LJ (SR)   Coulomb (SR)   Coul. recip.      Potential    Kinetic En.
    1.40244e+05   -9.31249e+05    2.13937e+03   -7.88865e+05    1.24214e+05
   Total Energy  Conserved En.    Temperature Pressure (bar)
   -6.64651e+05   -6.46051e+05    2.99386e+02   -5.56122e+01

           Step           Time
         874500      437.25000

   Energies (kJ/mol)
        LJ (SR)   Coulomb (SR)   Coul. recip.      Potential    Kinetic En.
    1.42207e+05   -9.34251e+05    2.11161e+03   -7.89932e+05    1.25296e+05
   Total Energy  Conserved En.    Temperature Pressure (bar)
   -6.64637e+05   -6.46041e+05    3.01993e+02    1.16611e+02

           Step           Time
         875000      437.50000

   Energies (kJ/mol)
        LJ (SR)   Coulomb (SR)   Coul. recip.      Potential    Kinetic En.
    1.42264e+05   -9.33308e+05    2.07746e+03   -7.88966e+05    1.24281e+05
   Total Energy  Conserved En.    Temperature Pressure (bar)
   -6.64685e+05   -6.46028e+05    2.99548e+02    1.98551e+02

           Step           Time
         875500      437.75000

   Energies (kJ/mol)
        LJ (SR)   Coulomb (SR)   Coul. recip.      Potential    Kinetic En.
    1.40777e+05   -9.32283e+05    2.02258e+03   -7.89483e+05    1.24931e+05
   Total Energy  Conserved En.    Temperature Pressure (bar)
   -6.64552e+05   -6.46017e+05    3.01114e+02    6.59072e+00

           Step           Time
         876000      438.00000

   Energies (kJ/mol)
        LJ (SR)   Coulomb (SR)   Coul. recip.      Potential    Kinetic En.
    1.40392e+05   -9.32708e+05    2.05913e+03   -7.90258e+05    1.25133e+05
   Total Energy  Conserved En.    Temperature Pressure (bar)
   -6.65125e+05   -6.46006e+05    3.01601e+02   -4.30396e+01

           Step           Time
         876500      438.25000

   Energies (kJ/mol)
        LJ (SR)   Coulomb (SR)   Coul. recip.      Potential    Kinetic En.
    1.40237e+05   -9.32246e+05    2.04504e+03   -7.89963e+05    1.24223e+05
   Total Energy  Conserved En.    Temperature Pressure (bar)
   -6.65741e+05   -6.45995e+05    2.99407e+02   -7.31037e+01

           Step           Time
         877000      438.50000

   Energies (kJ/mol)
        LJ (SR)   Coulomb (SR)   Coul. recip.      Potential    Kinetic En.
    1.41543e+05   -9.33219e+05    2.08249e+03   -7.89594e+05    1.23872e+05
   Total Energy  Conserved En.    Temperature Pressure (bar)
   -6.65722e+05   -6.45983e+05    2.98561e+02    5.94876e+01

           Step           Time
         877500      438.75000

   Energies (kJ/mol)
        LJ (SR)   Coulomb (SR)   Coul. recip.      Potential    Kinetic En.
    1.42024e+05   -9.34089e+05    2.05812e+03   -7.90007e+05    1.24284e+05
   Total Energy  Conserved En.    Temperature Pressure (bar)
   -6.65723e+05   -6.45972e+05    2.99555e+02    1.06182e+02

           Step           Time
         878000      439.00000

   Energies (kJ/mol)
        LJ (SR)   Coulomb (SR)   Coul. recip.      Potential    Kinetic En.
    1.40885e+05   -9.32025e+05    2.18580e+03   -7.88954e+05    1.23062e+05
   Total Energy  Conserved En.    Temperature Pressure (bar)
   -6.65891e+05   -6.45961e+05    2.96610e+02    2.11653e+01

           Step           Time
         878500      439.25000

   Energies (kJ/mol)
        LJ (SR)   Coulomb (SR)   Coul. recip.      Potential    Kinetic En.
    1.40789e+05   -9.32056e+05    2.05481e+03   -7.89212e+05    1.23605e+05
   Total Energy  Conserved En.    Temperature Pressure (bar)
   -6.65606e+05   -6.45950e+05    2.97919e+02    3.03140e+01

           Step           Time
         879000      439.50000

   Energies (kJ/mol)
        LJ (SR)   Coulomb (SR)   Coul. recip.      Potential    Kinetic En.
    1.42463e+05   -9.34624e+05    2.14509e+03   -7.90016e+05    1.24725e+05
   Total Energy  Conserved En.    Temperature Pressure (bar)
   -6.65291e+05   -6.45939e+05    3.00618e+02    1.71282e+02

           Step           Time
         879500      439.75000

   Energies (kJ/mol)
        LJ (SR)   Coulomb (SR)   Coul. recip.      Potential    Kinetic En.
    1.42314e+05   -9.35103e+05    2.07250e+03   -7.90716e+05    1.24391e+05
   Total Energy  Conserved En.    Temperature Pressure (bar)
   -6.66325e+05   -6.45928e+05    2.99813e+02    9.98669e+01

           Step           Time
         880000      440.00000

   Energies (kJ/mol)
        LJ (SR)   Coulomb (SR)   Coul. recip.      Potential    Kinetic En.
    1.42413e+05   -9.35219e+05    2.06922e+03   -7.90737e+05    1.23977e+05
   Total Energy  Conserved En.    Temperature Pressure (bar)
   -6.66760e+05   -6.45917e+05    2.98815e+02    8.65918e+01

           Step           Time
         880500      440.25000

   Energies (kJ/mol)
        LJ (SR)   Coulomb (SR)   Coul. recip.      Potential    Kinetic En.
    1.42558e+05   -9.35306e+05    2.10825e+03   -7.90640e+05    1.24205e+05
   Total Energy  Conserved En.    Temperature Pressure (bar)
   -6.66434e+05   -6.45907e+05    2.99365e+02    1.09719e+02

           Step           Time
         881000      440.50000

   Energies (kJ/mol)
        LJ (SR)   Coulomb (SR)   Coul. recip.      Potential    Kinetic En.
    1.41257e+05   -9.34085e+05    2.15522e+03   -7.90673e+05    1.24816e+05
   Total Energy  Conserved En.    Temperature Pressure (bar)
   -6.65856e+05   -6.45894e+05    3.00837e+02   -3.30653e+01

           Step           Time
         881500      440.75000

   Energies (kJ/mol)
        LJ (SR)   Coulomb (SR)   Coul. recip.      Potential    Kinetic En.
    1.42586e+05   -9.34763e+05    2.11755e+03   -7.90060e+05    1.24158e+05
   Total Energy  Conserved En.    Temperature Pressure (bar)
   -6.65901e+05   -6.45882e+05    2.99252e+02    1.26592e+02

           Step           Time
         882000      441.00000

   Energies (kJ/mol)
        LJ (SR)   Coulomb (SR)   Coul. recip.      Potential    Kinetic En.
    1.42288e+05   -9.35168e+05    2.08664e+03   -7.90793e+05    1.25025e+05
   Total Energy  Conserved En.    Temperature Pressure (bar)
   -6.65768e+05   -6.45871e+05    3.01341e+02    8.53206e+01

           Step           Time
         882500      441.25000

   Energies (kJ/mol)
        LJ (SR)   Coulomb (SR)   Coul. recip.      Potential    Kinetic En.
    1.43071e+05   -9.35320e+05    2.22202e+03   -7.90026e+05    1.24827e+05
   Total Energy  Conserved En.    Temperature Pressure (bar)
   -6.65200e+05   -6.45858e+05    3.00862e+02    1.83330e+02

           Step           Time
         883000      441.50000

   Energies (kJ/mol)
        LJ (SR)   Coulomb (SR)   Coul. recip.      Potential    Kinetic En.
    1.40908e+05   -9.33216e+05    2.10561e+03   -7.90202e+05    1.24884e+05
   Total Energy  Conserved En.    Temperature Pressure (bar)
   -6.65318e+05   -6.45847e+05    3.01001e+02   -5.55292e+01

           Step           Time
         883500      441.75000

   Energies (kJ/mol)
        LJ (SR)   Coulomb (SR)   Coul. recip.      Potential    Kinetic En.
    1.41287e+05   -9.32042e+05    2.05917e+03   -7.88696e+05    1.23681e+05
   Total Energy  Conserved En.    Temperature Pressure (bar)
   -6.65015e+05   -6.45835e+05    2.98101e+02    6.67713e+01

           Step           Time
         884000      442.00000

   Energies (kJ/mol)
        LJ (SR)   Coulomb (SR)   Coul. recip.      Potential    Kinetic En.
    1.41581e+05   -9.33466e+05    2.14602e+03   -7.89739e+05    1.24957e+05
   Total Energy  Conserved En.    Temperature Pressure (bar)
   -6.64782e+05   -6.45824e+05    3.01177e+02    8.75981e+01

           Step           Time
         884500      442.25000

   Energies (kJ/mol)
        LJ (SR)   Coulomb (SR)   Coul. recip.      Potential    Kinetic En.
    1.41454e+05   -9.33504e+05    2.07788e+03   -7.89972e+05    1.25401e+05
   Total Energy  Conserved En.    Temperature Pressure (bar)
   -6.64571e+05   -6.45812e+05    3.02247e+02    5.47345e+01

           Step           Time
         885000      442.50000

   Energies (kJ/mol)
        LJ (SR)   Coulomb (SR)   Coul. recip.      Potential    Kinetic En.
    1.38684e+05   -9.29075e+05    2.12361e+03   -7.88267e+05    1.23999e+05
   Total Energy  Conserved En.    Temperature Pressure (bar)
   -6.64268e+05   -6.45801e+05    2.98868e+02   -1.94818e+02

           Step           Time
         885500      442.75000

   Energies (kJ/mol)
        LJ (SR)   Coulomb (SR)   Coul. recip.      Potential    Kinetic En.
    1.41592e+05   -9.32718e+05    2.03214e+03   -7.89094e+05    1.25039e+05
   Total Energy  Conserved En.    Temperature Pressure (bar)
   -6.64055e+05   -6.45790e+05    3.01373e+02    1.24629e+02

           Step           Time
         886000      443.00000

   Energies (kJ/mol)
        LJ (SR)   Coulomb (SR)   Coul. recip.      Potential    Kinetic En.
    1.40591e+05   -9.31406e+05    2.14770e+03   -7.88667e+05    1.24581e+05
   Total Energy  Conserved En.    Temperature Pressure (bar)
   -6.64086e+05   -6.45778e+05    3.00270e+02    1.80872e+01

           Step           Time
         886500      443.25000

   Energies (kJ/mol)
        LJ (SR)   Coulomb (SR)   Coul. recip.      Potential    Kinetic En.
    1.39882e+05   -9.30830e+05    2.16378e+03   -7.88785e+05    1.24574e+05
   Total Energy  Conserved En.    Temperature Pressure (bar)
   -6.64211e+05   -6.45766e+05    3.00253e+02   -8.95393e+01

           Step           Time
         887000      443.50000

   Energies (kJ/mol)
        LJ (SR)   Coulomb (SR)   Coul. recip.      Potential    Kinetic En.
    1.40216e+05   -9.30788e+05    2.12384e+03   -7.88448e+05    1.24492e+05
   Total Energy  Conserved En.    Temperature Pressure (bar)
   -6.63956e+05   -6.45755e+05    3.00055e+02    1.28538e+00

           Step           Time
         887500      443.75000

   Energies (kJ/mol)
        LJ (SR)   Coulomb (SR)   Coul. recip.      Potential    Kinetic En.
    1.40276e+05   -9.31614e+05    2.10100e+03   -7.89237e+05    1.24987e+05
   Total Energy  Conserved En.    Temperature Pressure (bar)
   -6.64250e+05   -6.45744e+05    3.01250e+02   -5.97105e+01

           Step           Time
         888000      444.00000

   Energies (kJ/mol)
        LJ (SR)   Coulomb (SR)   Coul. recip.      Potential    Kinetic En.
    1.40203e+05   -9.30718e+05    2.09858e+03   -7.88416e+05    1.24622e+05
   Total Energy  Conserved En.    Temperature Pressure (bar)
   -6.63795e+05   -6.45732e+05    3.00369e+02   -4.64900e-01

           Step           Time
         888500      444.25000

   Energies (kJ/mol)
        LJ (SR)   Coulomb (SR)   Coul. recip.      Potential    Kinetic En.
    1.40110e+05   -9.30549e+05    2.13485e+03   -7.88304e+05    1.24619e+05
   Total Energy  Conserved En.    Temperature Pressure (bar)
   -6.63685e+05   -6.45721e+05    3.00362e+02   -3.76226e+01

           Step           Time
         889000      444.50000

   Energies (kJ/mol)
        LJ (SR)   Coulomb (SR)   Coul. recip.      Potential    Kinetic En.
    1.40833e+05   -9.31873e+05    2.23736e+03   -7.88803e+05    1.25191e+05
   Total Energy  Conserved En.    Temperature Pressure (bar)
   -6.63612e+05   -6.45709e+05    3.01740e+02    2.33585e+01

           Step           Time
         889500      444.75000

   Energies (kJ/mol)
        LJ (SR)   Coulomb (SR)   Coul. recip.      Potential    Kinetic En.
    1.40540e+05   -9.31554e+05    2.14793e+03   -7.88866e+05    1.25009e+05
   Total Energy  Conserved En.    Temperature Pressure (bar)
   -6.63858e+05   -6.45698e+05    3.01301e+02    3.18096e+01

           Step           Time
         890000      445.00000

   Energies (kJ/mol)
        LJ (SR)   Coulomb (SR)   Coul. recip.      Potential    Kinetic En.
    1.41075e+05   -9.31277e+05    2.10493e+03   -7.88097e+05    1.24452e+05
   Total Energy  Conserved En.    Temperature Pressure (bar)
   -6.63645e+05   -6.45687e+05    2.99961e+02    9.11960e+01

           Step           Time
         890500      445.25000

   Energies (kJ/mol)
        LJ (SR)   Coulomb (SR)   Coul. recip.      Potential    Kinetic En.
    1.40396e+05   -9.31449e+05    2.17879e+03   -7.88874e+05    1.25304e+05
   Total Energy  Conserved En.    Temperature Pressure (bar)
   -6.63570e+05   -6.45676e+05    3.02014e+02   -1.09536e+01

           Step           Time
         891000      445.50000

   Energies (kJ/mol)
        LJ (SR)   Coulomb (SR)   Coul. recip.      Potential    Kinetic En.
    1.41596e+05   -9.32236e+05    2.05278e+03   -7.88588e+05    1.25167e+05
   Total Energy  Conserved En.    Temperature Pressure (bar)
   -6.63420e+05   -6.45665e+05    3.01684e+02    1.40083e+02

           Step           Time
         891500      445.75000

   Energies (kJ/mol)
        LJ (SR)   Coulomb (SR)   Coul. recip.      Potential    Kinetic En.
    1.39662e+05   -9.29334e+05    2.07436e+03   -7.87598e+05    1.23616e+05
   Total Energy  Conserved En.    Temperature Pressure (bar)
   -6.63982e+05   -6.45654e+05    2.97944e+02   -6.55034e+01

           Step           Time
         892000      446.00000

   Energies (kJ/mol)
        LJ (SR)   Coulomb (SR)   Coul. recip.      Potential    Kinetic En.
    1.41183e+05   -9.32650e+05    2.14235e+03   -7.89324e+05    1.25259e+05
   Total Energy  Conserved En.    Temperature Pressure (bar)
   -6.64065e+05   -6.45642e+05    3.01905e+02    6.32899e+01

           Step           Time
         892500      446.25000

   Energies (kJ/mol)
        LJ (SR)   Coulomb (SR)   Coul. recip.      Potential    Kinetic En.
    1.39183e+05   -9.29899e+05    2.14348e+03   -7.88573e+05    1.24093e+05
   Total Energy  Conserved En.    Temperature Pressure (bar)
   -6.64479e+05   -6.45630e+05    2.99095e+02   -1.29593e+02

           Step           Time
         893000      446.50000

   Energies (kJ/mol)
        LJ (SR)   Coulomb (SR)   Coul. recip.      Potential    Kinetic En.
    1.40913e+05   -9.32633e+05    2.13015e+03   -7.89590e+05    1.25173e+05
   Total Energy  Conserved En.    Temperature Pressure (bar)
   -6.64417e+05   -6.45620e+05    3.01698e+02    2.30452e+01

           Step           Time
         893500      446.75000

   Energies (kJ/mol)
        LJ (SR)   Coulomb (SR)   Coul. recip.      Potential    Kinetic En.
    1.41896e+05   -9.33392e+05    2.08291e+03   -7.89413e+05    1.25161e+05
   Total Energy  Conserved En.    Temperature Pressure (bar)
   -6.64252e+05   -6.45607e+05    3.01668e+02    1.28689e+02

           Step           Time
         894000      447.00000

   Energies (kJ/mol)
        LJ (SR)   Coulomb (SR)   Coul. recip.      Potential    Kinetic En.
    1.39202e+05   -9.30026e+05    2.21367e+03   -7.88611e+05    1.24233e+05
   Total Energy  Conserved En.    Temperature Pressure (bar)
   -6.64378e+05   -6.45597e+05    2.99431e+02   -1.44918e+02

           Step           Time
         894500      447.25000

   Energies (kJ/mol)
        LJ (SR)   Coulomb (SR)   Coul. recip.      Potential    Kinetic En.
    1.40795e+05   -9.32278e+05    2.12414e+03   -7.89359e+05    1.24438e+05
   Total Energy  Conserved En.    Temperature Pressure (bar)
   -6.64921e+05   -6.45584e+05    2.99927e+02   -2.24616e+01

           Step           Time
         895000      447.50000

   Energies (kJ/mol)
        LJ (SR)   Coulomb (SR)   Coul. recip.      Potential    Kinetic En.
    1.41953e+05   -9.34156e+05    2.12353e+03   -7.90080e+05    1.25670e+05
   Total Energy  Conserved En.    Temperature Pressure (bar)
   -6.64410e+05   -6.45574e+05    3.02895e+02    1.42957e+02

           Step           Time
         895500      447.75000

   Energies (kJ/mol)
        LJ (SR)   Coulomb (SR)   Coul. recip.      Potential    Kinetic En.
    1.40478e+05   -9.31123e+05    2.20479e+03   -7.88440e+05    1.23702e+05
   Total Energy  Conserved En.    Temperature Pressure (bar)
   -6.64738e+05   -6.45562e+05    2.98151e+02    1.68517e+01

           Step           Time
         896000      448.00000

   Energies (kJ/mol)
        LJ (SR)   Coulomb (SR)   Coul. recip.      Potential    Kinetic En.
    1.41308e+05   -9.32820e+05    2.10202e+03   -7.89409e+05    1.24943e+05
   Total Energy  Conserved En.    Temperature Pressure (bar)
   -6.64466e+05   -6.45551e+05    3.01143e+02    7.66508e+01

           Step           Time
         896500      448.25000

   Energies (kJ/mol)
        LJ (SR)   Coulomb (SR)   Coul. recip.      Potential    Kinetic En.
    1.41900e+05   -9.33399e+05    2.07671e+03   -7.89422e+05    1.24940e+05
   Total Energy  Conserved En.    Temperature Pressure (bar)
   -6.64482e+05   -6.45540e+05    3.01135e+02    1.00107e+02

           Step           Time
         897000      448.50000

   Energies (kJ/mol)
        LJ (SR)   Coulomb (SR)   Coul. recip.      Potential    Kinetic En.
    1.41311e+05   -9.32503e+05    2.09051e+03   -7.89102e+05    1.24362e+05
   Total Energy  Conserved En.    Temperature Pressure (bar)
   -6.64740e+05   -6.45528e+05    2.99742e+02    5.11697e+01

           Step           Time
         897500      448.75000

   Energies (kJ/mol)
        LJ (SR)   Coulomb (SR)   Coul. recip.      Potential    Kinetic En.
    1.40943e+05   -9.32285e+05    2.13366e+03   -7.89208e+05    1.24808e+05
   Total Energy  Conserved En.    Temperature Pressure (bar)
   -6.64400e+05   -6.45516e+05    3.00818e+02    6.02193e+01

           Step           Time
         898000      449.00000

   Energies (kJ/mol)
        LJ (SR)   Coulomb (SR)   Coul. recip.      Potential    Kinetic En.
    1.41195e+05   -9.31672e+05    2.10069e+03   -7.88376e+05    1.24026e+05
   Total Energy  Conserved En.    Temperature Pressure (bar)
   -6.64350e+05   -6.45506e+05    2.98933e+02    1.16892e+02

           Step           Time
         898500      449.25000

   Energies (kJ/mol)
        LJ (SR)   Coulomb (SR)   Coul. recip.      Potential    Kinetic En.
    1.39873e+05   -9.30353e+05    2.03861e+03   -7.88442e+05    1.24570e+05
   Total Energy  Conserved En.    Temperature Pressure (bar)
   -6.63872e+05   -6.45496e+05    3.00243e+02   -3.87747e+01

           Step           Time
         899000      449.50000

   Energies (kJ/mol)
        LJ (SR)   Coulomb (SR)   Coul. recip.      Potential    Kinetic En.
    1.40327e+05   -9.31219e+05    2.18882e+03   -7.88703e+05    1.24942e+05
   Total Energy  Conserved En.    Temperature Pressure (bar)
   -6.63761e+05   -6.45483e+05    3.01141e+02   -2.20483e+01

           Step           Time
         899500      449.75000

   Energies (kJ/mol)
        LJ (SR)   Coulomb (SR)   Coul. recip.      Potential    Kinetic En.
    1.42871e+05   -9.34021e+05    2.10505e+03   -7.89045e+05    1.25157e+05
   Total Energy  Conserved En.    Temperature Pressure (bar)
   -6.63888e+05   -6.45471e+05    3.01658e+02    2.48335e+02

           Step           Time
         900000      450.00000

   Energies (kJ/mol)
        LJ (SR)   Coulomb (SR)   Coul. recip.      Potential    Kinetic En.
    1.41085e+05   -9.32264e+05    2.24050e+03   -7.88938e+05    1.24962e+05
   Total Energy  Conserved En.    Temperature Pressure (bar)
   -6.63976e+05   -6.45459e+05    3.01189e+02    8.17141e+01

           Step           Time
         900500      450.25000

   Energies (kJ/mol)
        LJ (SR)   Coulomb (SR)   Coul. recip.      Potential    Kinetic En.
    1.42899e+05   -9.34115e+05    2.11677e+03   -7.89099e+05    1.24840e+05
   Total Energy  Conserved En.    Temperature Pressure (bar)
   -6.64259e+05   -6.45449e+05    3.00896e+02    2.47728e+02

           Step           Time
         901000      450.50000

   Energies (kJ/mol)
        LJ (SR)   Coulomb (SR)   Coul. recip.      Potential    Kinetic En.
    1.41479e+05   -9.32197e+05    2.21805e+03   -7.88499e+05    1.24220e+05
   Total Energy  Conserved En.    Temperature Pressure (bar)
   -6.64279e+05   -6.45437e+05    2.99400e+02    1.25550e+02

           Step           Time
         901500      450.75000

   Energies (kJ/mol)
        LJ (SR)   Coulomb (SR)   Coul. recip.      Potential    Kinetic En.
    1.40333e+05   -9.32139e+05    2.02199e+03   -7.89784e+05    1.25443e+05
   Total Energy  Conserved En.    Temperature Pressure (bar)
   -6.64341e+05   -6.45428e+05    3.02348e+02   -6.16765e+01

           Step           Time
         902000      451.00000

   Energies (kJ/mol)
        LJ (SR)   Coulomb (SR)   Coul. recip.      Potential    Kinetic En.
    1.41931e+05   -9.33019e+05    2.13217e+03   -7.88956e+05    1.24164e+05
   Total Energy  Conserved En.    Temperature Pressure (bar)
   -6.64791e+05   -6.45417e+05    2.99266e+02    1.37540e+02

           Step           Time
         902500      451.25000

   Energies (kJ/mol)
        LJ (SR)   Coulomb (SR)   Coul. recip.      Potential    Kinetic En.
    1.41610e+05   -9.33713e+05    2.11542e+03   -7.89988e+05    1.25284e+05
   Total Energy  Conserved En.    Temperature Pressure (bar)
   -6.64704e+05   -6.45405e+05    3.01965e+02    5.41007e+01

           Step           Time
         903000      451.50000

   Energies (kJ/mol)
        LJ (SR)   Coulomb (SR)   Coul. recip.      Potential    Kinetic En.
    1.42130e+05   -9.33337e+05    2.10847e+03   -7.89099e+05    1.24052e+05
   Total Energy  Conserved En.    Temperature Pressure (bar)
   -6.65047e+05   -6.45394e+05    2.98995e+02    1.43486e+02

           Step           Time
         903500      451.75000

   Energies (kJ/mol)
        LJ (SR)   Coulomb (SR)   Coul. recip.      Potential    Kinetic En.
    1.41964e+05   -9.33150e+05    2.12060e+03   -7.89065e+05    1.24895e+05
   Total Energy  Conserved En.    Temperature Pressure (bar)
   -6.64171e+05   -6.45384e+05    3.01026e+02    1.21928e+02

           Step           Time
         904000      452.00000

   Energies (kJ/mol)
        LJ (SR)   Coulomb (SR)   Coul. recip.      Potential    Kinetic En.
    1.40575e+05   -9.31641e+05    2.16786e+03   -7.88898e+05    1.24950e+05
   Total Energy  Conserved En.    Temperature Pressure (bar)
   -6.63948e+05   -6.45372e+05    3.01161e+02   -4.85797e+01

           Step           Time
         904500      452.25000

   Energies (kJ/mol)
        LJ (SR)   Coulomb (SR)   Coul. recip.      Potential    Kinetic En.
    1.41423e+05   -9.32529e+05    2.16521e+03   -7.88941e+05    1.24845e+05
   Total Energy  Conserved En.    Temperature Pressure (bar)
   -6.64096e+05   -6.45361e+05    3.00907e+02    7.73166e+01

           Step           Time
         905000      452.50000

   Energies (kJ/mol)
        LJ (SR)   Coulomb (SR)   Coul. recip.      Potential    Kinetic En.
    1.41792e+05   -9.32757e+05    2.08727e+03   -7.88878e+05    1.24515e+05
   Total Energy  Conserved En.    Temperature Pressure (bar)
   -6.64363e+05   -6.45349e+05    3.00111e+02    1.40176e+02

           Step           Time
         905500      452.75000

   Energies (kJ/mol)
        LJ (SR)   Coulomb (SR)   Coul. recip.      Potential    Kinetic En.
    1.39483e+05   -9.30846e+05    2.09032e+03   -7.89273e+05    1.25017e+05
   Total Energy  Conserved En.    Temperature Pressure (bar)
   -6.64256e+05   -6.45338e+05    3.01321e+02   -1.19999e+02

           Step           Time
         906000      453.00000

   Energies (kJ/mol)
        LJ (SR)   Coulomb (SR)   Coul. recip.      Potential    Kinetic En.
    1.41358e+05   -9.31647e+05    2.10075e+03   -7.88189e+05    1.23210e+05
   Total Energy  Conserved En.    Temperature Pressure (bar)
   -6.64979e+05   -6.45326e+05    2.96966e+02    1.12586e+02

           Step           Time
         906500      453.25000

   Energies (kJ/mol)
        LJ (SR)   Coulomb (SR)   Coul. recip.      Potential    Kinetic En.
    1.41126e+05   -9.32416e+05    2.09784e+03   -7.89192e+05    1.24457e+05
   Total Energy  Conserved En.    Temperature Pressure (bar)
   -6.64735e+05   -6.45317e+05    2.99971e+02    1.93602e+01

           Step           Time
         907000      453.50000

   Energies (kJ/mol)
        LJ (SR)   Coulomb (SR)   Coul. recip.      Potential    Kinetic En.
    1.41978e+05   -9.33289e+05    2.11768e+03   -7.89193e+05    1.24477e+05
   Total Energy  Conserved En.    Temperature Pressure (bar)
   -6.64716e+05   -6.45306e+05    3.00019e+02    1.26831e+02

           Step           Time
         907500      453.75000

   Energies (kJ/mol)
        LJ (SR)   Coulomb (SR)   Coul. recip.      Potential    Kinetic En.
    1.40470e+05   -9.31589e+05    2.08984e+03   -7.89029e+05    1.24466e+05
   Total Energy  Conserved En.    Temperature Pressure (bar)
   -6.64564e+05   -6.45295e+05    2.99993e+02   -9.80382e+00

           Step           Time
         908000      454.00000

   Energies (kJ/mol)
        LJ (SR)   Coulomb (SR)   Coul. recip.      Potential    Kinetic En.
    1.39548e+05   -9.30533e+05    2.14657e+03   -7.88839e+05    1.23747e+05
   Total Energy  Conserved En.    Temperature Pressure (bar)
   -6.65092e+05   -6.45283e+05    2.98259e+02   -1.17718e+02

           Step           Time
         908500      454.25000

   Energies (kJ/mol)
        LJ (SR)   Coulomb (SR)   Coul. recip.      Potential    Kinetic En.
    1.39895e+05   -9.31146e+05    2.12019e+03   -7.89131e+05    1.24308e+05
   Total Energy  Conserved En.    Temperature Pressure (bar)
   -6.64823e+05   -6.45271e+05    2.99613e+02   -1.01688e+02

           Step           Time
         909000      454.50000

   Energies (kJ/mol)
        LJ (SR)   Coulomb (SR)   Coul. recip.      Potential    Kinetic En.
    1.39880e+05   -9.31044e+05    2.09079e+03   -7.89072e+05    1.24084e+05
   Total Energy  Conserved En.    Temperature Pressure (bar)
   -6.64988e+05   -6.45260e+05    2.99074e+02   -8.35231e+01

           Step           Time
         909500      454.75000

   Energies (kJ/mol)
        LJ (SR)   Coulomb (SR)   Coul. recip.      Potential    Kinetic En.
    1.41051e+05   -9.31972e+05    2.11213e+03   -7.88810e+05    1.24261e+05
   Total Energy  Conserved En.    Temperature Pressure (bar)
   -6.64548e+05   -6.45250e+05    2.99500e+02    4.88739e+01

           Step           Time
         910000      455.00000

   Energies (kJ/mol)
        LJ (SR)   Coulomb (SR)   Coul. recip.      Potential    Kinetic En.
    1.41148e+05   -9.31914e+05    2.17867e+03   -7.88587e+05    1.23898e+05
   Total Energy  Conserved En.    Temperature Pressure (bar)
   -6.64690e+05   -6.45237e+05    2.98624e+02    6.12740e+01

           Step           Time
         910500      455.25000

   Energies (kJ/mol)
        LJ (SR)   Coulomb (SR)   Coul. recip.      Potential    Kinetic En.
    1.40533e+05   -9.31584e+05    2.20064e+03   -7.88850e+05    1.24661e+05
   Total Energy  Conserved En.    Temperature Pressure (bar)
   -6.64189e+05   -6.45227e+05    3.00463e+02    2.13779e+01

           Step           Time
         911000      455.50000

   Energies (kJ/mol)
        LJ (SR)   Coulomb (SR)   Coul. recip.      Potential    Kinetic En.
    1.40892e+05   -9.31449e+05    2.13244e+03   -7.88425e+05    1.24440e+05
   Total Energy  Conserved En.    Temperature Pressure (bar)
   -6.63984e+05   -6.45215e+05    2.99932e+02    7.63467e+01

Writing checkpoint, step 911200 at Sun Sep  6 22:07:30 2026


           Step           Time
         911500      455.75000

   Energies (kJ/mol)
        LJ (SR)   Coulomb (SR)   Coul. recip.      Potential    Kinetic En.
    1.40510e+05   -9.31533e+05    2.14372e+03   -7.88879e+05    1.24397e+05
   Total Energy  Conserved En.    Temperature Pressure (bar)
   -6.64482e+05   -6.45203e+05    2.99828e+02    3.45970e+00

           Step           Time
         912000      456.00000

   Energies (kJ/mol)
        LJ (SR)   Coulomb (SR)   Coul. recip.      Potential    Kinetic En.
    1.41830e+05   -9.33495e+05    2.09683e+03   -7.89568e+05    1.24858e+05
   Total Energy  Conserved En.    Temperature Pressure (bar)
   -6.64711e+05   -6.45191e+05    3.00938e+02    1.15880e+02

           Step           Time
         912500      456.25000

   Energies (kJ/mol)
        LJ (SR)   Coulomb (SR)   Coul. recip.      Potential    Kinetic En.
    1.41937e+05   -9.33777e+05    2.10599e+03   -7.89734e+05    1.24749e+05
   Total Energy  Conserved En.    Temperature Pressure (bar)
   -6.64985e+05   -6.45181e+05    3.00676e+02    8.50241e+01

           Step           Time
         913000      456.50000

   Energies (kJ/mol)
        LJ (SR)   Coulomb (SR)   Coul. recip.      Potential    Kinetic En.
    1.40923e+05   -9.31995e+05    2.09047e+03   -7.88982e+05    1.24039e+05
   Total Energy  Conserved En.    Temperature Pressure (bar)
   -6.64943e+05   -6.45169e+05    2.98964e+02    3.89175e+01

           Step           Time
         913500      456.75000

   Energies (kJ/mol)
        LJ (SR)   Coulomb (SR)   Coul. recip.      Potential    Kinetic En.
    1.42074e+05   -9.33555e+05    2.08726e+03   -7.89394e+05    1.24825e+05
   Total Energy  Conserved En.    Temperature Pressure (bar)
   -6.64569e+05   -6.45158e+05    3.00859e+02    1.37848e+02

           Step           Time
         914000      457.00000

   Energies (kJ/mol)
        LJ (SR)   Coulomb (SR)   Coul. recip.      Potential    Kinetic En.
    1.42393e+05   -9.34250e+05    2.04116e+03   -7.89817e+05    1.25580e+05
   Total Energy  Conserved En.    Temperature Pressure (bar)
   -6.64237e+05   -6.45147e+05    3.02679e+02    1.56584e+02

           Step           Time
         914500      457.25000

   Energies (kJ/mol)
        LJ (SR)   Coulomb (SR)   Coul. recip.      Potential    Kinetic En.
    1.41691e+05   -9.33490e+05    2.19199e+03   -7.89607e+05    1.25277e+05
   Total Energy  Conserved En.    Temperature Pressure (bar)
   -6.64330e+05   -6.45136e+05    3.01949e+02    6.84249e+01

           Step           Time
         915000      457.50000

   Energies (kJ/mol)
        LJ (SR)   Coulomb (SR)   Coul. recip.      Potential    Kinetic En.
    1.41059e+05   -9.32828e+05    2.19307e+03   -7.89576e+05    1.25111e+05
   Total Energy  Conserved En.    Temperature Pressure (bar)
   -6.64465e+05   -6.45124e+05    3.01548e+02    2.58265e+01

           Step           Time
         915500      457.75000

   Energies (kJ/mol)
        LJ (SR)   Coulomb (SR)   Coul. recip.      Potential    Kinetic En.
    1.41904e+05   -9.32874e+05    2.12237e+03   -7.88848e+05    1.24408e+05
   Total Energy  Conserved En.    Temperature Pressure (bar)
   -6.64440e+05   -6.45112e+05    2.99853e+02    1.21023e+02

           Step           Time
         916000      458.00000

   Energies (kJ/mol)
        LJ (SR)   Coulomb (SR)   Coul. recip.      Potential    Kinetic En.
    1.43112e+05   -9.34421e+05    2.16305e+03   -7.89145e+05    1.24876e+05
   Total Energy  Conserved En.    Temperature Pressure (bar)
   -6.64269e+05   -6.45102e+05    3.00982e+02    2.56812e+02

           Step           Time
         916500      458.25000

   Energies (kJ/mol)
        LJ (SR)   Coulomb (SR)   Coul. recip.      Potential    Kinetic En.
    1.40408e+05   -9.31481e+05    2.17643e+03   -7.88897e+05    1.24092e+05
   Total Energy  Conserved En.    Temperature Pressure (bar)
   -6.64806e+05   -6.45090e+05    2.99091e+02   -2.45832e+01

           Step           Time
         917000      458.50000

   Energies (kJ/mol)
        LJ (SR)   Coulomb (SR)   Coul. recip.      Potential    Kinetic En.
    1.42001e+05   -9.33072e+05    2.06323e+03   -7.89008e+05    1.24164e+05
   Total Energy  Conserved En.    Temperature Pressure (bar)
   -6.64845e+05   -6.45078e+05    2.99265e+02    1.42556e+02

           Step           Time
         917500      458.75000

   Energies (kJ/mol)
        LJ (SR)   Coulomb (SR)   Coul. recip.      Potential    Kinetic En.
    1.39698e+05   -9.30106e+05    2.10529e+03   -7.88302e+05    1.23724e+05
   Total Energy  Conserved En.    Temperature Pressure (bar)
   -6.64578e+05   -6.45067e+05    2.98205e+02   -7.20363e+01

           Step           Time
         918000      459.00000

   Energies (kJ/mol)
        LJ (SR)   Coulomb (SR)   Coul. recip.      Potential    Kinetic En.
    1.41780e+05   -9.33694e+05    2.10553e+03   -7.89809e+05    1.24700e+05
   Total Energy  Conserved En.    Temperature Pressure (bar)
   -6.65108e+05   -6.45056e+05    3.00558e+02    1.10467e+02

           Step           Time
         918500      459.25000

   Energies (kJ/mol)
        LJ (SR)   Coulomb (SR)   Coul. recip.      Potential    Kinetic En.
    1.38478e+05   -9.30513e+05    2.09257e+03   -7.89942e+05    1.24882e+05
   Total Energy  Conserved En.    Temperature Pressure (bar)
   -6.65060e+05   -6.45046e+05    3.00995e+02   -2.56086e+02

           Step           Time
         919000      459.50000

   Energies (kJ/mol)
        LJ (SR)   Coulomb (SR)   Coul. recip.      Potential    Kinetic En.
    1.39428e+05   -9.30065e+05    2.15233e+03   -7.88484e+05    1.24218e+05
   Total Energy  Conserved En.    Temperature Pressure (bar)
   -6.64266e+05   -6.45034e+05    2.99397e+02   -7.45141e+01

           Step           Time
         919500      459.75000

   Energies (kJ/mol)
        LJ (SR)   Coulomb (SR)   Coul. recip.      Potential    Kinetic En.
    1.41977e+05   -9.33171e+05    2.10413e+03   -7.89091e+05    1.24591e+05
   Total Energy  Conserved En.    Temperature Pressure (bar)
   -6.64500e+05   -6.45022e+05    3.00294e+02    1.37447e+02

           Step           Time
         920000      460.00000

   Energies (kJ/mol)
        LJ (SR)   Coulomb (SR)   Coul. recip.      Potential    Kinetic En.
    1.40893e+05   -9.31635e+05    2.06643e+03   -7.88676e+05    1.24306e+05
   Total Energy  Conserved En.    Temperature Pressure (bar)
   -6.64370e+05   -6.45011e+05    2.99607e+02    4.20116e+01

           Step           Time
         920500      460.25000

   Energies (kJ/mol)
        LJ (SR)   Coulomb (SR)   Coul. recip.      Potential    Kinetic En.
    1.39624e+05   -9.30344e+05    2.12361e+03   -7.88597e+05    1.24031e+05
   Total Energy  Conserved En.    Temperature Pressure (bar)
   -6.64565e+05   -6.44999e+05    2.98946e+02   -7.46660e+01

           Step           Time
         921000      460.50000

   Energies (kJ/mol)
        LJ (SR)   Coulomb (SR)   Coul. recip.      Potential    Kinetic En.
    1.40539e+05   -9.31309e+05    2.10263e+03   -7.88667e+05    1.23842e+05
   Total Energy  Conserved En.    Temperature Pressure (bar)
   -6.64826e+05   -6.44989e+05    2.98489e+02    1.85468e+01

           Step           Time
         921500      460.75000

   Energies (kJ/mol)
        LJ (SR)   Coulomb (SR)   Coul. recip.      Potential    Kinetic En.
    1.41326e+05   -9.33360e+05    2.09706e+03   -7.89936e+05    1.24677e+05
   Total Energy  Conserved En.    Temperature Pressure (bar)
   -6.65260e+05   -6.44978e+05    3.00501e+02    6.01052e+01

           Step           Time
         922000      461.00000

   Energies (kJ/mol)
        LJ (SR)   Coulomb (SR)   Coul. recip.      Potential    Kinetic En.
    1.41634e+05   -9.33320e+05    2.11208e+03   -7.89574e+05    1.24720e+05
   Total Energy  Conserved En.    Temperature Pressure (bar)
   -6.64854e+05   -6.44966e+05    3.00605e+02    1.05060e+02

           Step           Time
         922500      461.25000

   Energies (kJ/mol)
        LJ (SR)   Coulomb (SR)   Coul. recip.      Potential    Kinetic En.
    1.41054e+05   -9.31292e+05    2.13009e+03   -7.88108e+05    1.23123e+05
   Total Energy  Conserved En.    Temperature Pressure (bar)
   -6.64985e+05   -6.44954e+05    2.96756e+02    8.78540e+01

           Step           Time
         923000      461.50000

   Energies (kJ/mol)
        LJ (SR)   Coulomb (SR)   Coul. recip.      Potential    Kinetic En.
    1.40869e+05   -9.31742e+05    2.14105e+03   -7.88731e+05    1.24235e+05
   Total Energy  Conserved En.    Temperature Pressure (bar)
   -6.64496e+05   -6.44944e+05    2.99437e+02    3.50250e+01

           Step           Time
         923500      461.75000

   Energies (kJ/mol)
        LJ (SR)   Coulomb (SR)   Coul. recip.      Potential    Kinetic En.
    1.39575e+05   -9.30596e+05    2.06536e+03   -7.88955e+05    1.24213e+05
   Total Energy  Conserved En.    Temperature Pressure (bar)
   -6.64743e+05   -6.44932e+05    2.99382e+02   -9.35231e+01

           Step           Time
         924000      462.00000

   Energies (kJ/mol)
        LJ (SR)   Coulomb (SR)   Coul. recip.      Potential    Kinetic En.
    1.40058e+05   -9.31576e+05    2.08457e+03   -7.89433e+05    1.24890e+05
   Total Energy  Conserved En.    Temperature Pressure (bar)
   -6.64544e+05   -6.44920e+05    3.01014e+02   -5.99676e+01

           Step           Time
         924500      462.25000

   Energies (kJ/mol)
        LJ (SR)   Coulomb (SR)   Coul. recip.      Potential    Kinetic En.
    1.41089e+05   -9.31476e+05    2.06497e+03   -7.88323e+05    1.23722e+05
   Total Energy  Conserved En.    Temperature Pressure (bar)
   -6.64601e+05   -6.44909e+05    2.98200e+02    6.94828e+01

           Step           Time
         925000      462.50000

   Energies (kJ/mol)
        LJ (SR)   Coulomb (SR)   Coul. recip.      Potential    Kinetic En.
    1.41549e+05   -9.32928e+05    2.08907e+03   -7.89291e+05    1.24654e+05
   Total Energy  Conserved En.    Temperature Pressure (bar)
   -6.64636e+05   -6.44897e+05    3.00447e+02    7.54131e+01

           Step           Time
         925500      462.75000

   Energies (kJ/mol)
        LJ (SR)   Coulomb (SR)   Coul. recip.      Potential    Kinetic En.
    1.39929e+05   -9.30369e+05    2.15645e+03   -7.88283e+05    1.24144e+05
   Total Energy  Conserved En.    Temperature Pressure (bar)
   -6.64139e+05   -6.44885e+05    2.99217e+02   -3.24076e+01

           Step           Time
         926000      463.00000

   Energies (kJ/mol)
        LJ (SR)   Coulomb (SR)   Coul. recip.      Potential    Kinetic En.
    1.40782e+05   -9.31226e+05    2.13325e+03   -7.88310e+05    1.24719e+05
   Total Energy  Conserved En.    Temperature Pressure (bar)
   -6.63591e+05   -6.44875e+05    3.00604e+02    4.49749e+01

           Step           Time
         926500      463.25000

   Energies (kJ/mol)
        LJ (SR)   Coulomb (SR)   Coul. recip.      Potential    Kinetic En.
    1.40479e+05   -9.31335e+05    2.13612e+03   -7.88720e+05    1.24605e+05
   Total Energy  Conserved En.    Temperature Pressure (bar)
   -6.64114e+05   -6.44863e+05    3.00329e+02    1.44952e+01

           Step           Time
         927000      463.50000

   Energies (kJ/mol)
        LJ (SR)   Coulomb (SR)   Coul. recip.      Potential    Kinetic En.
    1.40653e+05   -9.30998e+05    2.12981e+03   -7.88215e+05    1.24584e+05
   Total Energy  Conserved En.    Temperature Pressure (bar)
   -6.63632e+05   -6.44852e+05    3.00277e+02    3.03862e+01

           Step           Time
         927500      463.75000

   Energies (kJ/mol)
        LJ (SR)   Coulomb (SR)   Coul. recip.      Potential    Kinetic En.
    1.42108e+05   -9.32091e+05    2.09339e+03   -7.87890e+05    1.24364e+05
   Total Energy  Conserved En.    Temperature Pressure (bar)
   -6.63526e+05   -6.44840e+05    2.99747e+02    2.08660e+02

           Step           Time
         928000      464.00000

   Energies (kJ/mol)
        LJ (SR)   Coulomb (SR)   Coul. recip.      Potential    Kinetic En.
    1.41814e+05   -9.31383e+05    2.12955e+03   -7.87439e+05    1.24066e+05
   Total Energy  Conserved En.    Temperature Pressure (bar)
   -6.63372e+05   -6.44831e+05    2.99030e+02    2.00018e+02

           Step           Time
         928500      464.25000

   Energies (kJ/mol)
        LJ (SR)   Coulomb (SR)   Coul. recip.      Potential    Kinetic En.
    1.42365e+05   -9.32767e+05    2.12785e+03   -7.88274e+05    1.25261e+05
   Total Energy  Conserved En.    Temperature Pressure (bar)
   -6.63013e+05   -6.44820e+05    3.01908e+02    1.96643e+02

           Step           Time
         929000      464.50000

   Energies (kJ/mol)
        LJ (SR)   Coulomb (SR)   Coul. recip.      Potential    Kinetic En.
    1.40753e+05   -9.31681e+05    2.11864e+03   -7.88809e+05    1.25574e+05
   Total Energy  Conserved En.    Temperature Pressure (bar)
   -6.63235e+05   -6.44808e+05    3.02664e+02   -3.52798e+00

           Step           Time
         929500      464.75000

   Energies (kJ/mol)
        LJ (SR)   Coulomb (SR)   Coul. recip.      Potential    Kinetic En.
    1.41530e+05   -9.32714e+05    2.15661e+03   -7.89028e+05    1.26075e+05
   Total Energy  Conserved En.    Temperature Pressure (bar)
   -6.62953e+05   -6.44797e+05    3.03872e+02    7.56616e+01

           Step           Time
         930000      465.00000

   Energies (kJ/mol)
        LJ (SR)   Coulomb (SR)   Coul. recip.      Potential    Kinetic En.
    1.39228e+05   -9.29535e+05    2.12567e+03   -7.88181e+05    1.24877e+05
   Total Energy  Conserved En.    Temperature Pressure (bar)
   -6.63304e+05   -6.44785e+05    3.00985e+02   -1.05931e+02

           Step           Time
         930500      465.25000

   Energies (kJ/mol)
        LJ (SR)   Coulomb (SR)   Coul. recip.      Potential    Kinetic En.
    1.41868e+05   -9.31854e+05    2.11133e+03   -7.87874e+05    1.24742e+05
   Total Energy  Conserved En.    Temperature Pressure (bar)
   -6.63132e+05   -6.44773e+05    3.00658e+02    2.04066e+02

           Step           Time
         931000      465.50000

   Energies (kJ/mol)
        LJ (SR)   Coulomb (SR)   Coul. recip.      Potential    Kinetic En.
    1.41058e+05   -9.31555e+05    2.09934e+03   -7.88398e+05    1.25044e+05
   Total Energy  Conserved En.    Temperature Pressure (bar)
   -6.63354e+05   -6.44762e+05    3.01387e+02    5.65754e+01

           Step           Time
         931500      465.75000

   Energies (kJ/mol)
        LJ (SR)   Coulomb (SR)   Coul. recip.      Potential    Kinetic En.
    1.41055e+05   -9.30908e+05    2.07250e+03   -7.87780e+05    1.24685e+05
   Total Energy  Conserved En.    Temperature Pressure (bar)
   -6.63095e+05   -6.44751e+05    3.00521e+02    6.51007e+01

           Step           Time
         932000      466.00000

   Energies (kJ/mol)
        LJ (SR)   Coulomb (SR)   Coul. recip.      Potential    Kinetic En.
    1.40887e+05   -9.31329e+05    2.08151e+03   -7.88361e+05    1.25391e+05
   Total Energy  Conserved En.    Temperature Pressure (bar)
   -6.62970e+05   -6.44740e+05    3.02223e+02    6.64740e+01

           Step           Time
         932500      466.25000

   Energies (kJ/mol)
        LJ (SR)   Coulomb (SR)   Coul. recip.      Potential    Kinetic En.
    1.40419e+05   -9.29534e+05    2.15966e+03   -7.86955e+05    1.24424e+05
   Total Energy  Conserved En.    Temperature Pressure (bar)
   -6.62531e+05   -6.44727e+05    2.99892e+02    4.37964e+01

           Step           Time
         933000      466.50000

   Energies (kJ/mol)
        LJ (SR)   Coulomb (SR)   Coul. recip.      Potential    Kinetic En.
    1.42806e+05   -9.33018e+05    2.12294e+03   -7.88089e+05    1.25940e+05
   Total Energy  Conserved En.    Temperature Pressure (bar)
   -6.62149e+05   -6.44717e+05    3.03546e+02    2.91170e+02

           Step           Time
         933500      466.75000

   Energies (kJ/mol)
        LJ (SR)   Coulomb (SR)   Coul. recip.      Potential    Kinetic En.
    1.41334e+05   -9.30159e+05    2.09697e+03   -7.86728e+05    1.24088e+05
   Total Energy  Conserved En.    Temperature Pressure (bar)
   -6.62640e+05   -6.44705e+05    2.99083e+02    1.87012e+02

           Step           Time
         934000      467.00000

   Energies (kJ/mol)
        LJ (SR)   Coulomb (SR)   Coul. recip.      Potential    Kinetic En.
    1.41681e+05   -9.31923e+05    2.15370e+03   -7.88088e+05    1.25028e+05
   Total Energy  Conserved En.    Temperature Pressure (bar)
   -6.63060e+05   -6.44696e+05    3.01348e+02    1.40020e+02

           Step           Time
         934500      467.25000

   Energies (kJ/mol)
        LJ (SR)   Coulomb (SR)   Coul. recip.      Potential    Kinetic En.
    1.40676e+05   -9.31140e+05    2.12736e+03   -7.88336e+05    1.25765e+05
   Total Energy  Conserved En.    Temperature Pressure (bar)
   -6.62572e+05   -6.44684e+05    3.03123e+02    4.95172e+01

           Step           Time
         935000      467.50000

   Energies (kJ/mol)
        LJ (SR)   Coulomb (SR)   Coul. recip.      Potential    Kinetic En.
    1.40430e+05   -9.29942e+05    2.06464e+03   -7.87447e+05    1.25049e+05
   Total Energy  Conserved En.    Temperature Pressure (bar)
   -6.62398e+05   -6.44673e+05    3.01398e+02    5.51331e+01

           Step           Time
         935500      467.75000

   Energies (kJ/mol)
        LJ (SR)   Coulomb (SR)   Coul. recip.      Potential    Kinetic En.
    1.41179e+05   -9.30791e+05    2.15871e+03   -7.87453e+05    1.24963e+05
   Total Energy  Conserved En.    Temperature Pressure (bar)
   -6.62490e+05   -6.44660e+05    3.01191e+02    1.38564e+02

           Step           Time
         936000      468.00000

   Energies (kJ/mol)
        LJ (SR)   Coulomb (SR)   Coul. recip.      Potential    Kinetic En.
    1.41345e+05   -9.31191e+05    2.15395e+03   -7.87692e+05    1.24593e+05
   Total Energy  Conserved En.    Temperature Pressure (bar)
   -6.63099e+05   -6.44648e+05    3.00299e+02    1.45335e+02

           Step           Time
         936500      468.25000

   Energies (kJ/mol)
        LJ (SR)   Coulomb (SR)   Coul. recip.      Potential    Kinetic En.
    1.39823e+05   -9.29250e+05    2.03254e+03   -7.87395e+05    1.24600e+05
   Total Energy  Conserved En.    Temperature Pressure (bar)
   -6.62795e+05   -6.44638e+05    3.00316e+02   -3.81174e+00

           Step           Time
         937000      468.50000

   Energies (kJ/mol)
        LJ (SR)   Coulomb (SR)   Coul. recip.      Potential    Kinetic En.
    1.41801e+05   -9.31510e+05    2.15335e+03   -7.87556e+05    1.24840e+05
   Total Energy  Conserved En.    Temperature Pressure (bar)
   -6.62715e+05   -6.44627e+05    3.00896e+02    1.80497e+02

           Step           Time
         937500      468.75000

   Energies (kJ/mol)
        LJ (SR)   Coulomb (SR)   Coul. recip.      Potential    Kinetic En.
    1.41219e+05   -9.31643e+05    2.10183e+03   -7.88322e+05    1.25518e+05
   Total Energy  Conserved En.    Temperature Pressure (bar)
   -6.62804e+05   -6.44615e+05    3.02530e+02    8.85784e+01

           Step           Time
         938000      469.00000

   Energies (kJ/mol)
        LJ (SR)   Coulomb (SR)   Coul. recip.      Potential    Kinetic En.
    1.38946e+05   -9.28355e+05    2.14676e+03   -7.87262e+05    1.24974e+05
   Total Energy  Conserved En.    Temperature Pressure (bar)
   -6.62288e+05   -6.44603e+05    3.01217e+02   -5.97531e+01

           Step           Time
         938500      469.25000

   Energies (kJ/mol)
        LJ (SR)   Coulomb (SR)   Coul. recip.      Potential    Kinetic En.
    1.40764e+05   -9.30420e+05    2.14400e+03   -7.87512e+05    1.24560e+05
   Total Energy  Conserved En.    Temperature Pressure (bar)
   -6.62953e+05   -6.44592e+05    3.00220e+02    1.11953e+02

           Step           Time
         939000      469.50000

   Energies (kJ/mol)
        LJ (SR)   Coulomb (SR)   Coul. recip.      Potential    Kinetic En.
    1.39750e+05   -9.29960e+05    2.12331e+03   -7.88087e+05    1.25170e+05
   Total Energy  Conserved En.    Temperature Pressure (bar)
   -6.62917e+05   -6.44581e+05    3.01690e+02   -2.38456e+01

           Step           Time
         939500      469.75000

   Energies (kJ/mol)
        LJ (SR)   Coulomb (SR)   Coul. recip.      Potential    Kinetic En.
    1.40727e+05   -9.30060e+05    2.08379e+03   -7.87250e+05    1.24180e+05
   Total Energy  Conserved En.    Temperature Pressure (bar)
   -6.63070e+05   -6.44569e+05    2.99304e+02    1.03234e+02

           Step           Time
         940000      470.00000

   Energies (kJ/mol)
        LJ (SR)   Coulomb (SR)   Coul. recip.      Potential    Kinetic En.
    1.41441e+05   -9.32093e+05    2.05841e+03   -7.88594e+05    1.25549e+05
   Total Energy  Conserved En.    Temperature Pressure (bar)
   -6.63046e+05   -6.44558e+05    3.02603e+02    1.48444e+02

           Step           Time
         940500      470.25000

   Energies (kJ/mol)
        LJ (SR)   Coulomb (SR)   Coul. recip.      Potential    Kinetic En.
    1.41849e+05   -9.32228e+05    2.13874e+03   -7.88240e+05    1.24952e+05
   Total Energy  Conserved En.    Temperature Pressure (bar)
   -6.63288e+05   -6.44546e+05    3.01165e+02    1.58339e+02

           Step           Time
         941000      470.50000

   Energies (kJ/mol)
        LJ (SR)   Coulomb (SR)   Coul. recip.      Potential    Kinetic En.
    1.40077e+05   -9.30594e+05    2.11209e+03   -7.88405e+05    1.25140e+05
   Total Energy  Conserved En.    Temperature Pressure (bar)
   -6.63266e+05   -6.44535e+05    3.01617e+02   -6.37224e+01

           Step           Time
         941500      470.75000

   Energies (kJ/mol)
        LJ (SR)   Coulomb (SR)   Coul. recip.      Potential    Kinetic En.
    1.40079e+05   -9.29125e+05    2.11179e+03   -7.86934e+05    1.24231e+05
   Total Energy  Conserved En.    Temperature Pressure (bar)
   -6.62703e+05   -6.44523e+05    2.99426e+02    2.04421e+01

           Step           Time
         942000      471.00000

   Energies (kJ/mol)
        LJ (SR)   Coulomb (SR)   Coul. recip.      Potential    Kinetic En.
    1.39435e+05   -9.29522e+05    2.18818e+03   -7.87899e+05    1.25127e+05
   Total Energy  Conserved En.    Temperature Pressure (bar)
   -6.62772e+05   -6.44513e+05    3.01587e+02   -7.89938e+01

           Step           Time
         942500      471.25000

   Energies (kJ/mol)
        LJ (SR)   Coulomb (SR)   Coul. recip.      Potential    Kinetic En.
    1.40185e+05   -9.29757e+05    2.16244e+03   -7.87410e+05    1.24389e+05
   Total Energy  Conserved En.    Temperature Pressure (bar)
   -6.63022e+05   -6.44500e+05    2.99807e+02    1.27573e+01

           Step           Time
         943000      471.50000

   Energies (kJ/mol)
        LJ (SR)   Coulomb (SR)   Coul. recip.      Potential    Kinetic En.
    1.41287e+05   -9.32132e+05    2.11583e+03   -7.88730e+05    1.25802e+05
   Total Energy  Conserved En.    Temperature Pressure (bar)
   -6.62928e+05   -6.44490e+05    3.03213e+02    1.00104e+02

           Step           Time
         943500      471.75000

   Energies (kJ/mol)
        LJ (SR)   Coulomb (SR)   Coul. recip.      Potential    Kinetic En.
    1.40835e+05   -9.31701e+05    2.11754e+03   -7.88749e+05    1.25589e+05
   Total Energy  Conserved En.    Temperature Pressure (bar)
   -6.63160e+05   -6.44479e+05    3.02700e+02    2.85760e+01

           Step           Time
         944000      472.00000

   Energies (kJ/mol)
        LJ (SR)   Coulomb (SR)   Coul. recip.      Potential    Kinetic En.
    1.41131e+05   -9.31873e+05    2.13516e+03   -7.88607e+05    1.25490e+05
   Total Energy  Conserved En.    Temperature Pressure (bar)
   -6.63117e+05   -6.44467e+05    3.02461e+02    8.11517e+01

           Step           Time
         944500      472.25000

   Energies (kJ/mol)
        LJ (SR)   Coulomb (SR)   Coul. recip.      Potential    Kinetic En.
    1.41446e+05   -9.31709e+05    2.09033e+03   -7.88173e+05    1.24996e+05
   Total Energy  Conserved En.    Temperature Pressure (bar)
   -6.63177e+05   -6.44454e+05    3.01270e+02    1.57269e+02

           Step           Time
         945000      472.50000

   Energies (kJ/mol)
        LJ (SR)   Coulomb (SR)   Coul. recip.      Potential    Kinetic En.
    1.41520e+05   -9.31554e+05    2.14602e+03   -7.87889e+05    1.24881e+05
   Total Energy  Conserved En.    Temperature Pressure (bar)
   -6.63007e+05   -6.44443e+05    3.00994e+02    1.65400e+02

           Step           Time
         945500      472.75000

   Energies (kJ/mol)
        LJ (SR)   Coulomb (SR)   Coul. recip.      Potential    Kinetic En.
    1.40708e+05   -9.31184e+05    2.10857e+03   -7.88368e+05    1.25336e+05
   Total Energy  Conserved En.    Temperature Pressure (bar)
   -6.63032e+05   -6.44432e+05    3.02090e+02    7.21744e+01

           Step           Time
         946000      473.00000

   Energies (kJ/mol)
        LJ (SR)   Coulomb (SR)   Coul. recip.      Potential    Kinetic En.
    1.40508e+05   -9.30626e+05    2.19845e+03   -7.87919e+05    1.24851e+05
   Total Energy  Conserved En.    Temperature Pressure (bar)
   -6.63068e+05   -6.44420e+05    3.00922e+02    4.10990e+01

           Step           Time
         946500      473.25000

   Energies (kJ/mol)
        LJ (SR)   Coulomb (SR)   Coul. recip.      Potential    Kinetic En.
    1.41471e+05   -9.32332e+05    2.12526e+03   -7.88736e+05    1.25741e+05
   Total Energy  Conserved En.    Temperature Pressure (bar)
   -6.62995e+05   -6.44410e+05    3.03067e+02    1.26725e+02

           Step           Time
         947000      473.50000

   Energies (kJ/mol)
        LJ (SR)   Coulomb (SR)   Coul. recip.      Potential    Kinetic En.
    1.40709e+05   -9.30812e+05    2.09717e+03   -7.88005e+05    1.24489e+05
   Total Energy  Conserved En.    Temperature Pressure (bar)
   -6.63516e+05   -6.44398e+05    3.00049e+02    2.12941e+01

           Step           Time
         947500      473.75000

   Energies (kJ/mol)
        LJ (SR)   Coulomb (SR)   Coul. recip.      Potential    Kinetic En.
    1.40986e+05   -9.33129e+05    2.16740e+03   -7.89976e+05    1.25325e+05
   Total Energy  Conserved En.    Temperature Pressure (bar)
   -6.64650e+05   -6.44386e+05    3.02065e+02    1.95404e+01

           Step           Time
         948000      474.00000

   Energies (kJ/mol)
        LJ (SR)   Coulomb (SR)   Coul. recip.      Potential    Kinetic En.
    1.42546e+05   -9.34580e+05    2.17206e+03   -7.89862e+05    1.24981e+05
   Total Energy  Conserved En.    Temperature Pressure (bar)
   -6.64881e+05   -6.44374e+05    3.01235e+02    1.69814e+02

           Step           Time
         948500      474.25000

   Energies (kJ/mol)
        LJ (SR)   Coulomb (SR)   Coul. recip.      Potential    Kinetic En.
    1.41467e+05   -9.32764e+05    2.12045e+03   -7.89176e+05    1.24598e+05
   Total Energy  Conserved En.    Temperature Pressure (bar)
   -6.64579e+05   -6.44365e+05    3.00311e+02    9.06470e+01

           Step           Time
         949000      474.50000

   Energies (kJ/mol)
        LJ (SR)   Coulomb (SR)   Coul. recip.      Potential    Kinetic En.
    1.40650e+05   -9.32036e+05    2.11760e+03   -7.89268e+05    1.24589e+05
   Total Energy  Conserved En.    Temperature Pressure (bar)
   -6.64679e+05   -6.44353e+05    3.00289e+02    4.68136e+00

           Step           Time
         949500      474.75000

   Energies (kJ/mol)
        LJ (SR)   Coulomb (SR)   Coul. recip.      Potential    Kinetic En.
    1.41017e+05   -9.32104e+05    2.09393e+03   -7.88993e+05    1.23993e+05
   Total Energy  Conserved En.    Temperature Pressure (bar)
   -6.65000e+05   -6.44340e+05    2.98853e+02    6.55731e+01

           Step           Time
         950000      475.00000

   Energies (kJ/mol)
        LJ (SR)   Coulomb (SR)   Coul. recip.      Potential    Kinetic En.
    1.40892e+05   -9.32542e+05    2.07338e+03   -7.89576e+05    1.24596e+05
   Total Energy  Conserved En.    Temperature Pressure (bar)
   -6.64981e+05   -6.44331e+05    3.00306e+02    2.18423e+00

           Step           Time
         950500      475.25000

   Energies (kJ/mol)
        LJ (SR)   Coulomb (SR)   Coul. recip.      Potential    Kinetic En.
    1.41344e+05   -9.32036e+05    2.09347e+03   -7.88599e+05    1.23966e+05
   Total Energy  Conserved En.    Temperature Pressure (bar)
   -6.64633e+05   -6.44319e+05    2.98789e+02    9.16774e+01

           Step           Time
         951000      475.50000

   Energies (kJ/mol)
        LJ (SR)   Coulomb (SR)   Coul. recip.      Potential    Kinetic En.
    1.41319e+05   -9.33346e+05    2.05861e+03   -7.89969e+05    1.25572e+05
   Total Energy  Conserved En.    Temperature Pressure (bar)
   -6.64397e+05   -6.44308e+05    3.02658e+02    6.09728e+01

           Step           Time
         951500      475.75000

   Energies (kJ/mol)
        LJ (SR)   Coulomb (SR)   Coul. recip.      Potential    Kinetic En.
    1.38824e+05   -9.30722e+05    2.05371e+03   -7.89844e+05    1.25059e+05
   Total Energy  Conserved En.    Temperature Pressure (bar)
   -6.64785e+05   -6.44297e+05    3.01423e+02   -2.14781e+02

           Step           Time
         952000      476.00000

   Energies (kJ/mol)
        LJ (SR)   Coulomb (SR)   Coul. recip.      Potential    Kinetic En.
    1.40570e+05   -9.32553e+05    2.07537e+03   -7.89908e+05    1.25120e+05
   Total Energy  Conserved En.    Temperature Pressure (bar)
   -6.64788e+05   -6.44286e+05    3.01569e+02   -3.93374e+01

           Step           Time
         952500      476.25000

   Energies (kJ/mol)
        LJ (SR)   Coulomb (SR)   Coul. recip.      Potential    Kinetic En.
    1.39617e+05   -9.30045e+05    2.12239e+03   -7.88306e+05    1.23647e+05
   Total Energy  Conserved En.    Temperature Pressure (bar)
   -6.64659e+05   -6.44273e+05    2.98019e+02   -8.86929e+01

           Step           Time
         953000      476.50000

   Energies (kJ/mol)
        LJ (SR)   Coulomb (SR)   Coul. recip.      Potential    Kinetic En.
    1.42490e+05   -9.34607e+05    2.13138e+03   -7.89986e+05    1.24798e+05
   Total Energy  Conserved En.    Temperature Pressure (bar)
   -6.65187e+05   -6.44262e+05    3.00794e+02    1.28236e+02

           Step           Time
         953500      476.75000

   Energies (kJ/mol)
        LJ (SR)   Coulomb (SR)   Coul. recip.      Potential    Kinetic En.
    1.41089e+05   -9.32694e+05    2.12981e+03   -7.89475e+05    1.24426e+05
   Total Energy  Conserved En.    Temperature Pressure (bar)
   -6.65049e+05   -6.44250e+05    2.99897e+02    1.38745e+01

           Step           Time
         954000      477.00000

   Energies (kJ/mol)
        LJ (SR)   Coulomb (SR)   Coul. recip.      Potential    Kinetic En.
    1.42002e+05   -9.33911e+05    2.07270e+03   -7.89836e+05    1.24440e+05
   Total Energy  Conserved En.    Temperature Pressure (bar)
   -6.65396e+05   -6.44238e+05    2.99932e+02    8.05986e+01

           Step           Time
         954500      477.25000

   Energies (kJ/mol)
        LJ (SR)   Coulomb (SR)   Coul. recip.      Potential    Kinetic En.
    1.41196e+05   -9.33421e+05    2.18920e+03   -7.90035e+05    1.24754e+05
   Total Energy  Conserved En.    Temperature Pressure (bar)
   -6.65281e+05   -6.44228e+05    3.00688e+02    3.27639e-01

           Step           Time
         955000      477.50000

   Energies (kJ/mol)
        LJ (SR)   Coulomb (SR)   Coul. recip.      Potential    Kinetic En.
    1.41226e+05   -9.33176e+05    2.16698e+03   -7.89783e+05    1.23808e+05
   Total Energy  Conserved En.    Temperature Pressure (bar)
   -6.65975e+05   -6.44216e+05    2.98408e+02    3.70807e+01

           Step           Time
         955500      477.75000

   Energies (kJ/mol)
        LJ (SR)   Coulomb (SR)   Coul. recip.      Potential    Kinetic En.
    1.42341e+05   -9.35169e+05    2.09890e+03   -7.90729e+05    1.24805e+05
   Total Energy  Conserved En.    Temperature Pressure (bar)
   -6.65924e+05   -6.44205e+05    3.00809e+02    9.09945e+01

           Step           Time
         956000      478.00000

   Energies (kJ/mol)
        LJ (SR)   Coulomb (SR)   Coul. recip.      Potential    Kinetic En.
    1.42787e+05   -9.34683e+05    2.13375e+03   -7.89762e+05    1.23851e+05
   Total Energy  Conserved En.    Temperature Pressure (bar)
   -6.65911e+05   -6.44194e+05    2.98511e+02    2.00567e+02

           Step           Time
         956500      478.25000

   Energies (kJ/mol)
        LJ (SR)   Coulomb (SR)   Coul. recip.      Potential    Kinetic En.
    1.41349e+05   -9.35157e+05    2.06089e+03   -7.91747e+05    1.25737e+05
   Total Energy  Conserved En.    Temperature Pressure (bar)
   -6.66010e+05   -6.44184e+05    3.03056e+02   -4.90692e+01

           Step           Time
         957000      478.50000

   Energies (kJ/mol)
        LJ (SR)   Coulomb (SR)   Coul. recip.      Potential    Kinetic En.
    1.41313e+05   -9.34580e+05    2.17783e+03   -7.91088e+05    1.24847e+05
   Total Energy  Conserved En.    Temperature Pressure (bar)
   -6.66242e+05   -6.44172e+05    3.00911e+02   -2.60294e+01

Writing checkpoint, step 957100 at Sun Sep  6 22:22:29 2026


           Step           Time
         957500      478.75000

   Energies (kJ/mol)
        LJ (SR)   Coulomb (SR)   Coul. recip.      Potential    Kinetic En.
    1.42756e+05   -9.35843e+05    2.14869e+03   -7.90938e+05    1.24871e+05
   Total Energy  Conserved En.    Temperature Pressure (bar)
   -6.66068e+05   -6.44159e+05    3.00969e+02    1.48774e+02

           Step           Time
         958000      479.00000

   Energies (kJ/mol)
        LJ (SR)   Coulomb (SR)   Coul. recip.      Potential    Kinetic En.
    1.40283e+05   -9.32402e+05    2.14252e+03   -7.89977e+05    1.23657e+05
   Total Energy  Conserved En.    Temperature Pressure (bar)
   -6.66320e+05   -6.44148e+05    2.98044e+02   -1.11925e+02

           Step           Time
         958500      479.25000

   Energies (kJ/mol)
        LJ (SR)   Coulomb (SR)   Coul. recip.      Potential    Kinetic En.
    1.41389e+05   -9.33189e+05    2.10170e+03   -7.89698e+05    1.23770e+05
   Total Energy  Conserved En.    Temperature Pressure (bar)
   -6.65928e+05   -6.44137e+05    2.98315e+02    2.55456e+01

           Step           Time
         959000      479.50000

   Energies (kJ/mol)
        LJ (SR)   Coulomb (SR)   Coul. recip.      Potential    Kinetic En.
    1.40340e+05   -9.33076e+05    2.12209e+03   -7.90614e+05    1.24064e+05
   Total Energy  Conserved En.    Temperature Pressure (bar)
   -6.66549e+05   -6.44126e+05    2.99025e+02   -9.04949e+01

           Step           Time
         959500      479.75000

   Energies (kJ/mol)
        LJ (SR)   Coulomb (SR)   Coul. recip.      Potential    Kinetic En.
    1.41273e+05   -9.33583e+05    2.08887e+03   -7.90221e+05    1.23377e+05
   Total Energy  Conserved En.    Temperature Pressure (bar)
   -6.66844e+05   -6.44114e+05    2.97368e+02    4.63643e+00

           Step           Time
         960000      480.00000

   Energies (kJ/mol)
        LJ (SR)   Coulomb (SR)   Coul. recip.      Potential    Kinetic En.
    1.40324e+05   -9.32952e+05    2.09445e+03   -7.90534e+05    1.24106e+05
   Total Energy  Conserved En.    Temperature Pressure (bar)
   -6.66429e+05   -6.44103e+05    2.99125e+02   -8.31642e+01

           Step           Time
         960500      480.25000

   Energies (kJ/mol)
        LJ (SR)   Coulomb (SR)   Coul. recip.      Potential    Kinetic En.
    1.39953e+05   -9.31922e+05    2.11570e+03   -7.89854e+05    1.24054e+05
   Total Energy  Conserved En.    Temperature Pressure (bar)
   -6.65800e+05   -6.44092e+05    2.99001e+02   -1.06093e+02

           Step           Time
         961000      480.50000

   Energies (kJ/mol)
        LJ (SR)   Coulomb (SR)   Coul. recip.      Potential    Kinetic En.
    1.41529e+05   -9.33978e+05    1.96795e+03   -7.90481e+05    1.24482e+05
   Total Energy  Conserved En.    Temperature Pressure (bar)
   -6.65998e+05   -6.44080e+05    3.00033e+02    5.16870e+01

           Step           Time
         961500      480.75000

   Energies (kJ/mol)
        LJ (SR)   Coulomb (SR)   Coul. recip.      Potential    Kinetic En.
    1.40629e+05   -9.32132e+05    2.17918e+03   -7.89324e+05    1.23504e+05
   Total Energy  Conserved En.    Temperature Pressure (bar)
   -6.65820e+05   -6.44070e+05    2.97675e+02   -3.60839e+01

           Step           Time
         962000      481.00000

   Energies (kJ/mol)
        LJ (SR)   Coulomb (SR)   Coul. recip.      Potential    Kinetic En.
    1.41218e+05   -9.33976e+05    2.11815e+03   -7.90640e+05    1.25155e+05
   Total Energy  Conserved En.    Temperature Pressure (bar)
   -6.65485e+05   -6.44057e+05    3.01654e+02    1.93207e+01

           Step           Time
         962500      481.25000

   Energies (kJ/mol)
        LJ (SR)   Coulomb (SR)   Coul. recip.      Potential    Kinetic En.
    1.39340e+05   -9.30490e+05    2.10516e+03   -7.89045e+05    1.23830e+05
   Total Energy  Conserved En.    Temperature Pressure (bar)
   -6.65215e+05   -6.44047e+05    2.98462e+02   -1.44682e+02

           Step           Time
         963000      481.50000

   Energies (kJ/mol)
        LJ (SR)   Coulomb (SR)   Coul. recip.      Potential    Kinetic En.
    1.41528e+05   -9.33320e+05    2.17514e+03   -7.89617e+05    1.24281e+05
   Total Energy  Conserved En.    Temperature Pressure (bar)
   -6.65337e+05   -6.44034e+05    2.99547e+02    4.73358e+01

           Step           Time
         963500      481.75000

   Energies (kJ/mol)
        LJ (SR)   Coulomb (SR)   Coul. recip.      Potential    Kinetic En.
    1.40381e+05   -9.32940e+05    2.16918e+03   -7.90389e+05    1.24662e+05
   Total Energy  Conserved En.    Temperature Pressure (bar)
   -6.65727e+05   -6.44023e+05    3.00466e+02   -9.19887e+01

           Step           Time
         964000      482.00000

   Energies (kJ/mol)
        LJ (SR)   Coulomb (SR)   Coul. recip.      Potential    Kinetic En.
    1.41207e+05   -9.34416e+05    2.13476e+03   -7.91074e+05    1.25421e+05
   Total Energy  Conserved En.    Temperature Pressure (bar)
   -6.65652e+05   -6.44012e+05    3.02296e+02   -2.60478e+01

           Step           Time
         964500      482.25000

   Energies (kJ/mol)
        LJ (SR)   Coulomb (SR)   Coul. recip.      Potential    Kinetic En.
    1.41476e+05   -9.34465e+05    2.10549e+03   -7.90883e+05    1.24567e+05
   Total Energy  Conserved En.    Temperature Pressure (bar)
   -6.66317e+05   -6.44000e+05    3.00236e+02    1.42734e+01

           Step           Time
         965000      482.50000

   Energies (kJ/mol)
        LJ (SR)   Coulomb (SR)   Coul. recip.      Potential    Kinetic En.
    1.40618e+05   -9.33271e+05    2.06794e+03   -7.90585e+05    1.24142e+05
   Total Energy  Conserved En.    Temperature Pressure (bar)
   -6.66443e+05   -6.43989e+05    2.99213e+02   -6.28470e+01

           Step           Time
         965500      482.75000

   Energies (kJ/mol)
        LJ (SR)   Coulomb (SR)   Coul. recip.      Potential    Kinetic En.
    1.41586e+05   -9.33994e+05    2.11009e+03   -7.90298e+05    1.23909e+05
   Total Energy  Conserved En.    Temperature Pressure (bar)
   -6.66389e+05   -6.43977e+05    2.98650e+02    4.39816e+01

           Step           Time
         966000      483.00000

   Energies (kJ/mol)
        LJ (SR)   Coulomb (SR)   Coul. recip.      Potential    Kinetic En.
    1.41279e+05   -9.33235e+05    2.15693e+03   -7.89799e+05    1.23570e+05
   Total Energy  Conserved En.    Temperature Pressure (bar)
   -6.66228e+05   -6.43967e+05    2.97835e+02    2.55128e+01

           Step           Time
         966500      483.25000

   Energies (kJ/mol)
        LJ (SR)   Coulomb (SR)   Coul. recip.      Potential    Kinetic En.
    1.42352e+05   -9.35396e+05    2.08060e+03   -7.90963e+05    1.24995e+05
   Total Energy  Conserved En.    Temperature Pressure (bar)
   -6.65968e+05   -6.43956e+05    3.01269e+02    1.04968e+02

           Step           Time
         967000      483.50000

   Energies (kJ/mol)
        LJ (SR)   Coulomb (SR)   Coul. recip.      Potential    Kinetic En.
    1.42296e+05   -9.35036e+05    2.22295e+03   -7.90517e+05    1.24796e+05
   Total Energy  Conserved En.    Temperature Pressure (bar)
   -6.65721e+05   -6.43944e+05    3.00789e+02    9.15778e+01

           Step           Time
         967500      483.75000

   Energies (kJ/mol)
        LJ (SR)   Coulomb (SR)   Coul. recip.      Potential    Kinetic En.
    1.39695e+05   -9.31145e+05    2.09681e+03   -7.89353e+05    1.23294e+05
   Total Energy  Conserved En.    Temperature Pressure (bar)
   -6.66059e+05   -6.43933e+05    2.97169e+02   -1.11219e+02

           Step           Time
         968000      484.00000

   Energies (kJ/mol)
        LJ (SR)   Coulomb (SR)   Coul. recip.      Potential    Kinetic En.
    1.41377e+05   -9.33031e+05    2.09960e+03   -7.89554e+05    1.23647e+05
   Total Energy  Conserved En.    Temperature Pressure (bar)
   -6.65908e+05   -6.43922e+05    2.98019e+02    3.34408e+01

           Step           Time
         968500      484.25000

   Energies (kJ/mol)
        LJ (SR)   Coulomb (SR)   Coul. recip.      Potential    Kinetic En.
    1.40159e+05   -9.33093e+05    2.21140e+03   -7.90723e+05    1.25008e+05
   Total Energy  Conserved En.    Temperature Pressure (bar)
   -6.65714e+05   -6.43911e+05    3.01300e+02   -1.22147e+02

           Step           Time
         969000      484.50000

   Energies (kJ/mol)
        LJ (SR)   Coulomb (SR)   Coul. recip.      Potential    Kinetic En.
    1.40749e+05   -9.31806e+05    2.08375e+03   -7.88973e+05    1.23781e+05
   Total Energy  Conserved En.    Temperature Pressure (bar)
   -6.65193e+05   -6.43898e+05    2.98341e+02    5.92820e+00

           Step           Time
         969500      484.75000

   Energies (kJ/mol)
        LJ (SR)   Coulomb (SR)   Coul. recip.      Potential    Kinetic En.
    1.40219e+05   -9.31390e+05    2.17750e+03   -7.88993e+05    1.24793e+05
   Total Energy  Conserved En.    Temperature Pressure (bar)
   -6.64200e+05   -6.43888e+05    3.00781e+02   -2.17568e+01

           Step           Time
         970000      485.00000

   Energies (kJ/mol)
        LJ (SR)   Coulomb (SR)   Coul. recip.      Potential    Kinetic En.
    1.41461e+05   -9.32569e+05    2.15065e+03   -7.88958e+05    1.24626e+05
   Total Energy  Conserved En.    Temperature Pressure (bar)
   -6.64332e+05   -6.43876e+05    3.00379e+02    8.39607e+01

           Step           Time
         970500      485.25000

   Energies (kJ/mol)
        LJ (SR)   Coulomb (SR)   Coul. recip.      Potential    Kinetic En.
    1.41238e+05   -9.31846e+05    2.11259e+03   -7.88496e+05    1.23638e+05
   Total Energy  Conserved En.    Temperature Pressure (bar)
   -6.64858e+05   -6.43864e+05    2.97998e+02    6.48841e+01

           Step           Time
         971000      485.50000

   Energies (kJ/mol)
        LJ (SR)   Coulomb (SR)   Coul. recip.      Potential    Kinetic En.
    1.41673e+05   -9.32174e+05    2.08917e+03   -7.88412e+05    1.23832e+05
   Total Energy  Conserved En.    Temperature Pressure (bar)
   -6.64580e+05   -6.43853e+05    2.98465e+02    1.45584e+02

           Step           Time
         971500      485.75000

   Energies (kJ/mol)
        LJ (SR)   Coulomb (SR)   Coul. recip.      Potential    Kinetic En.
    1.41445e+05   -9.33045e+05    2.16180e+03   -7.89438e+05    1.24735e+05
   Total Energy  Conserved En.    Temperature Pressure (bar)
   -6.64703e+05   -6.43842e+05    3.00642e+02    7.80595e+01

           Step           Time
         972000      486.00000

   Energies (kJ/mol)
        LJ (SR)   Coulomb (SR)   Coul. recip.      Potential    Kinetic En.
    1.40305e+05   -9.30055e+05    2.15095e+03   -7.87599e+05    1.22813e+05
   Total Energy  Conserved En.    Temperature Pressure (bar)
   -6.64786e+05   -6.43830e+05    2.96010e+02    7.81110e+00

           Step           Time
         972500      486.25000

   Energies (kJ/mol)
        LJ (SR)   Coulomb (SR)   Coul. recip.      Potential    Kinetic En.
    1.39854e+05   -9.30732e+05    2.11057e+03   -7.88768e+05    1.24374e+05
   Total Energy  Conserved En.    Temperature Pressure (bar)
   -6.64393e+05   -6.43819e+05    2.99772e+02   -8.90239e+01

           Step           Time
         973000      486.50000

   Energies (kJ/mol)
        LJ (SR)   Coulomb (SR)   Coul. recip.      Potential    Kinetic En.
    1.40018e+05   -9.30280e+05    2.11884e+03   -7.88143e+05    1.23669e+05
   Total Energy  Conserved En.    Temperature Pressure (bar)
   -6.64474e+05   -6.43808e+05    2.98072e+02   -4.76945e+01

           Step           Time
         973500      486.75000

   Energies (kJ/mol)
        LJ (SR)   Coulomb (SR)   Coul. recip.      Potential    Kinetic En.
    1.40548e+05   -9.32444e+05    2.11550e+03   -7.89781e+05    1.25530e+05
   Total Energy  Conserved En.    Temperature Pressure (bar)
   -6.64251e+05   -6.43796e+05    3.02559e+02   -2.17439e+01

           Step           Time
         974000      487.00000

   Energies (kJ/mol)
        LJ (SR)   Coulomb (SR)   Coul. recip.      Potential    Kinetic En.
    1.41095e+05   -9.31278e+05    2.06883e+03   -7.88114e+05    1.23808e+05
   Total Energy  Conserved En.    Temperature Pressure (bar)
   -6.64306e+05   -6.43785e+05    2.98407e+02    7.43318e+01

           Step           Time
         974500      487.25000

   Energies (kJ/mol)
        LJ (SR)   Coulomb (SR)   Coul. recip.      Potential    Kinetic En.
    1.40262e+05   -9.30642e+05    2.08944e+03   -7.88291e+05    1.24407e+05
   Total Energy  Conserved En.    Temperature Pressure (bar)
   -6.63884e+05   -6.43774e+05    2.99852e+02   -1.91944e+01

           Step           Time
         975000      487.50000

   Energies (kJ/mol)
        LJ (SR)   Coulomb (SR)   Coul. recip.      Potential    Kinetic En.
    1.39841e+05   -9.30453e+05    2.09871e+03   -7.88513e+05    1.24775e+05
   Total Energy  Conserved En.    Temperature Pressure (bar)
   -6.63738e+05   -6.43763e+05    3.00739e+02   -5.04629e+01

           Step           Time
         975500      487.75000

   Energies (kJ/mol)
        LJ (SR)   Coulomb (SR)   Coul. recip.      Potential    Kinetic En.
    1.40369e+05   -9.31078e+05    2.13884e+03   -7.88570e+05    1.24130e+05
   Total Energy  Conserved En.    Temperature Pressure (bar)
   -6.64441e+05   -6.43752e+05    2.99182e+02    4.07385e+00

           Step           Time
         976000      488.00000

   Energies (kJ/mol)
        LJ (SR)   Coulomb (SR)   Coul. recip.      Potential    Kinetic En.
    1.40276e+05   -9.31813e+05    2.12900e+03   -7.89408e+05    1.24798e+05
   Total Energy  Conserved En.    Temperature Pressure (bar)
   -6.64610e+05   -6.43741e+05    3.00795e+02   -1.38362e+01

           Step           Time
         976500      488.25000

   Energies (kJ/mol)
        LJ (SR)   Coulomb (SR)   Coul. recip.      Potential    Kinetic En.
    1.41994e+05   -9.33087e+05    2.12143e+03   -7.88972e+05    1.24312e+05
   Total Energy  Conserved En.    Temperature Pressure (bar)
   -6.64660e+05   -6.43729e+05    2.99621e+02    1.72642e+02

           Step           Time
         977000      488.50000

   Energies (kJ/mol)
        LJ (SR)   Coulomb (SR)   Coul. recip.      Potential    Kinetic En.
    1.43096e+05   -9.33580e+05    2.10383e+03   -7.88381e+05    1.24085e+05
   Total Energy  Conserved En.    Temperature Pressure (bar)
   -6.64296e+05   -6.43718e+05    2.99075e+02    2.83062e+02

           Step           Time
         977500      488.75000

   Energies (kJ/mol)
        LJ (SR)   Coulomb (SR)   Coul. recip.      Potential    Kinetic En.
    1.41316e+05   -9.32312e+05    2.11142e+03   -7.88885e+05    1.24519e+05
   Total Energy  Conserved En.    Temperature Pressure (bar)
   -6.64366e+05   -6.43706e+05    3.00122e+02    9.72547e+01

           Step           Time
         978000      489.00000

   Energies (kJ/mol)
        LJ (SR)   Coulomb (SR)   Coul. recip.      Potential    Kinetic En.
    1.40628e+05   -9.31899e+05    2.09651e+03   -7.89174e+05    1.24567e+05
   Total Energy  Conserved En.    Temperature Pressure (bar)
   -6.64607e+05   -6.43694e+05    3.00237e+02   -5.06427e+00

           Step           Time
         978500      489.25000

   Energies (kJ/mol)
        LJ (SR)   Coulomb (SR)   Coul. recip.      Potential    Kinetic En.
    1.41560e+05   -9.32751e+05    2.13515e+03   -7.89055e+05    1.24816e+05
   Total Energy  Conserved En.    Temperature Pressure (bar)
   -6.64240e+05   -6.43683e+05    3.00836e+02    6.46878e+01

           Step           Time
         979000      489.50000

   Energies (kJ/mol)
        LJ (SR)   Coulomb (SR)   Coul. recip.      Potential    Kinetic En.
    1.40034e+05   -9.30550e+05    2.04222e+03   -7.88474e+05    1.24608e+05
   Total Energy  Conserved En.    Temperature Pressure (bar)
   -6.63865e+05   -6.43673e+05    3.00336e+02   -4.58410e+01

           Step           Time
         979500      489.75000

   Energies (kJ/mol)
        LJ (SR)   Coulomb (SR)   Coul. recip.      Potential    Kinetic En.
    1.42176e+05   -9.33159e+05    2.11701e+03   -7.88866e+05    1.25417e+05
   Total Energy  Conserved En.    Temperature Pressure (bar)
   -6.63449e+05   -6.43662e+05    3.02287e+02    1.78532e+02

           Step           Time
         980000      490.00000

   Energies (kJ/mol)
        LJ (SR)   Coulomb (SR)   Coul. recip.      Potential    Kinetic En.
    1.41753e+05   -9.31975e+05    2.20014e+03   -7.88022e+05    1.24926e+05
   Total Energy  Conserved En.    Temperature Pressure (bar)
   -6.63096e+05   -6.43650e+05    3.01102e+02    1.96366e+02

           Step           Time
         980500      490.25000

   Energies (kJ/mol)
        LJ (SR)   Coulomb (SR)   Coul. recip.      Potential    Kinetic En.
    1.41702e+05   -9.32151e+05    2.02941e+03   -7.88419e+05    1.25298e+05
   Total Energy  Conserved En.    Temperature Pressure (bar)
   -6.63122e+05   -6.43638e+05    3.01998e+02    8.50060e+01

           Step           Time
         981000      490.50000

   Energies (kJ/mol)
        LJ (SR)   Coulomb (SR)   Coul. recip.      Potential    Kinetic En.
    1.40624e+05   -9.30067e+05    2.07414e+03   -7.87369e+05    1.24255e+05
   Total Energy  Conserved En.    Temperature Pressure (bar)
   -6.63114e+05   -6.43626e+05    2.99486e+02    6.90857e+01

           Step           Time
         981500      490.75000

   Energies (kJ/mol)
        LJ (SR)   Coulomb (SR)   Coul. recip.      Potential    Kinetic En.
    1.41629e+05   -9.31297e+05    2.14435e+03   -7.87523e+05    1.23632e+05
   Total Energy  Conserved En.    Temperature Pressure (bar)
   -6.63891e+05   -6.43614e+05    2.97983e+02    1.58421e+02

           Step           Time
         982000      491.00000

   Energies (kJ/mol)
        LJ (SR)   Coulomb (SR)   Coul. recip.      Potential    Kinetic En.
    1.40832e+05   -9.31242e+05    2.12441e+03   -7.88285e+05    1.24074e+05
   Total Energy  Conserved En.    Temperature Pressure (bar)
   -6.64211e+05   -6.43602e+05    2.99050e+02    5.05775e+01

           Step           Time
         982500      491.25000

   Energies (kJ/mol)
        LJ (SR)   Coulomb (SR)   Coul. recip.      Potential    Kinetic En.
    1.42095e+05   -9.33069e+05    2.08481e+03   -7.88890e+05    1.24510e+05
   Total Energy  Conserved En.    Temperature Pressure (bar)
   -6.64380e+05   -6.43592e+05    3.00100e+02    1.68479e+02

           Step           Time
         983000      491.50000

   Energies (kJ/mol)
        LJ (SR)   Coulomb (SR)   Coul. recip.      Potential    Kinetic En.
    1.41104e+05   -9.32169e+05    2.13196e+03   -7.88933e+05    1.24620e+05
   Total Energy  Conserved En.    Temperature Pressure (bar)
   -6.64313e+05   -6.43581e+05    3.00364e+02    5.01895e+01

           Step           Time
         983500      491.75000

   Energies (kJ/mol)
        LJ (SR)   Coulomb (SR)   Coul. recip.      Potential    Kinetic En.
    1.40635e+05   -9.32107e+05    2.14199e+03   -7.89329e+05    1.24550e+05
   Total Energy  Conserved En.    Temperature Pressure (bar)
   -6.64780e+05   -6.43569e+05    3.00195e+02   -5.31439e+00

           Step           Time
         984000      492.00000

   Energies (kJ/mol)
        LJ (SR)   Coulomb (SR)   Coul. recip.      Potential    Kinetic En.
    1.42363e+05   -9.34310e+05    2.12106e+03   -7.89825e+05    1.24253e+05
   Total Energy  Conserved En.    Temperature Pressure (bar)
   -6.65573e+05   -6.43558e+05    2.99479e+02    1.53586e+02

           Step           Time
         984500      492.25000

   Energies (kJ/mol)
        LJ (SR)   Coulomb (SR)   Coul. recip.      Potential    Kinetic En.
    1.41514e+05   -9.32766e+05    2.14785e+03   -7.89104e+05    1.23530e+05
   Total Energy  Conserved En.    Temperature Pressure (bar)
   -6.65574e+05   -6.43546e+05    2.97738e+02    1.15902e+02

           Step           Time
         985000      492.50000

   Energies (kJ/mol)
        LJ (SR)   Coulomb (SR)   Coul. recip.      Potential    Kinetic En.
    1.41334e+05   -9.33912e+05    2.12940e+03   -7.90448e+05    1.25483e+05
   Total Energy  Conserved En.    Temperature Pressure (bar)
   -6.64966e+05   -6.43537e+05    3.02443e+02    3.36797e+01

           Step           Time
         985500      492.75000

   Energies (kJ/mol)
        LJ (SR)   Coulomb (SR)   Coul. recip.      Potential    Kinetic En.
    1.40893e+05   -9.32802e+05    2.11755e+03   -7.89791e+05    1.24396e+05
   Total Energy  Conserved En.    Temperature Pressure (bar)
   -6.65396e+05   -6.43525e+05    2.99824e+02    1.37471e+01

           Step           Time
         986000      493.00000

   Energies (kJ/mol)
        LJ (SR)   Coulomb (SR)   Coul. recip.      Potential    Kinetic En.
    1.40509e+05   -9.32365e+05    2.07410e+03   -7.89782e+05    1.24478e+05
   Total Energy  Conserved En.    Temperature Pressure (bar)
   -6.65304e+05   -6.43513e+05    3.00022e+02   -2.39497e+01

           Step           Time
         986500      493.25000

   Energies (kJ/mol)
        LJ (SR)   Coulomb (SR)   Coul. recip.      Potential    Kinetic En.
    1.40298e+05   -9.31969e+05    2.15484e+03   -7.89516e+05    1.24016e+05
   Total Energy  Conserved En.    Temperature Pressure (bar)
   -6.65500e+05   -6.43502e+05    2.98909e+02   -5.57053e+01

           Step           Time
         987000      493.50000

   Energies (kJ/mol)
        LJ (SR)   Coulomb (SR)   Coul. recip.      Potential    Kinetic En.
    1.42300e+05   -9.34566e+05    2.14888e+03   -7.90117e+05    1.24617e+05
   Total Energy  Conserved En.    Temperature Pressure (bar)
   -6.65499e+05   -6.43490e+05    3.00358e+02    9.71099e+01

           Step           Time
         987500      493.75000

   Energies (kJ/mol)
        LJ (SR)   Coulomb (SR)   Coul. recip.      Potential    Kinetic En.
    1.41337e+05   -9.33287e+05    2.12535e+03   -7.89825e+05    1.24343e+05
   Total Energy  Conserved En.    Temperature Pressure (bar)
   -6.65482e+05   -6.43480e+05    2.99697e+02    1.41113e+01

           Step           Time
         988000      494.00000

   Energies (kJ/mol)
        LJ (SR)   Coulomb (SR)   Coul. recip.      Potential    Kinetic En.
    1.39636e+05   -9.31141e+05    2.16556e+03   -7.89340e+05    1.23489e+05
   Total Energy  Conserved En.    Temperature Pressure (bar)
   -6.65850e+05   -6.43468e+05    2.97639e+02   -1.41947e+02

           Step           Time
         988500      494.25000

   Energies (kJ/mol)
        LJ (SR)   Coulomb (SR)   Coul. recip.      Potential    Kinetic En.
    1.40705e+05   -9.33560e+05    2.13644e+03   -7.90719e+05    1.24642e+05
   Total Energy  Conserved En.    Temperature Pressure (bar)
   -6.66077e+05   -6.43456e+05    3.00417e+02   -8.60115e+01

           Step           Time
         989000      494.50000

   Energies (kJ/mol)
        LJ (SR)   Coulomb (SR)   Coul. recip.      Potential    Kinetic En.
    1.41330e+05   -9.32871e+05    2.18406e+03   -7.89357e+05    1.23766e+05
   Total Energy  Conserved En.    Temperature Pressure (bar)
   -6.65591e+05   -6.43445e+05    2.98306e+02    2.79350e+01

           Step           Time
         989500      494.75000

   Energies (kJ/mol)
        LJ (SR)   Coulomb (SR)   Coul. recip.      Potential    Kinetic En.
    1.41218e+05   -9.33706e+05    2.15793e+03   -7.90330e+05    1.24181e+05
   Total Energy  Conserved En.    Temperature Pressure (bar)
   -6.66149e+05   -6.43434e+05    2.99307e+02    3.05015e+00

           Step           Time
         990000      495.00000

   Energies (kJ/mol)
        LJ (SR)   Coulomb (SR)   Coul. recip.      Potential    Kinetic En.
    1.41431e+05   -9.32980e+05    2.17834e+03   -7.89372e+05    1.23642e+05
   Total Energy  Conserved En.    Temperature Pressure (bar)
   -6.65729e+05   -6.43421e+05    2.98008e+02    5.18310e+01

           Step           Time
         990500      495.25000

   Energies (kJ/mol)
        LJ (SR)   Coulomb (SR)   Coul. recip.      Potential    Kinetic En.
    1.40439e+05   -9.32344e+05    2.11245e+03   -7.89792e+05    1.23789e+05
   Total Energy  Conserved En.    Temperature Pressure (bar)
   -6.66003e+05   -6.43411e+05    2.98362e+02   -5.10177e+01

           Step           Time
         991000      495.50000

   Energies (kJ/mol)
        LJ (SR)   Coulomb (SR)   Coul. recip.      Potential    Kinetic En.
    1.40527e+05   -9.32739e+05    2.13580e+03   -7.90076e+05    1.23640e+05
   Total Energy  Conserved En.    Temperature Pressure (bar)
   -6.66436e+05   -6.43400e+05    2.98003e+02   -8.21900e+01

           Step           Time
         991500      495.75000

   Energies (kJ/mol)
        LJ (SR)   Coulomb (SR)   Coul. recip.      Potential    Kinetic En.
    1.40895e+05   -9.33664e+05    2.05560e+03   -7.90713e+05    1.24228e+05
   Total Energy  Conserved En.    Temperature Pressure (bar)
   -6.66484e+05   -6.43388e+05    2.99421e+02   -6.62067e+01

           Step           Time
         992000      496.00000

   Energies (kJ/mol)
        LJ (SR)   Coulomb (SR)   Coul. recip.      Potential    Kinetic En.
    1.39783e+05   -9.31617e+05    2.15800e+03   -7.89676e+05    1.23749e+05
   Total Energy  Conserved En.    Temperature Pressure (bar)
   -6.65927e+05   -6.43377e+05    2.98264e+02   -1.16740e+02

           Step           Time
         992500      496.25000

   Energies (kJ/mol)
        LJ (SR)   Coulomb (SR)   Coul. recip.      Potential    Kinetic En.
    1.40804e+05   -9.33271e+05    2.13176e+03   -7.90336e+05    1.24981e+05
   Total Energy  Conserved En.    Temperature Pressure (bar)
   -6.65355e+05   -6.43366e+05    3.01234e+02   -6.83731e+00

           Step           Time
         993000      496.50000

   Energies (kJ/mol)
        LJ (SR)   Coulomb (SR)   Coul. recip.      Potential    Kinetic En.
    1.40127e+05   -9.32606e+05    2.23913e+03   -7.90240e+05    1.25139e+05
   Total Energy  Conserved En.    Temperature Pressure (bar)
   -6.65101e+05   -6.43356e+05    3.01615e+02   -1.32055e+02

           Step           Time
         993500      496.75000

   Energies (kJ/mol)
        LJ (SR)   Coulomb (SR)   Coul. recip.      Potential    Kinetic En.
    1.39667e+05   -9.31348e+05    2.09844e+03   -7.89583e+05    1.24171e+05
   Total Energy  Conserved En.    Temperature Pressure (bar)
   -6.65411e+05   -6.43344e+05    2.99283e+02   -1.20608e+02

           Step           Time
         994000      497.00000

   Energies (kJ/mol)
        LJ (SR)   Coulomb (SR)   Coul. recip.      Potential    Kinetic En.
    1.40384e+05   -9.32542e+05    2.17204e+03   -7.89986e+05    1.23998e+05
   Total Energy  Conserved En.    Temperature Pressure (bar)
   -6.65987e+05   -6.43333e+05    2.98867e+02   -5.63119e+01

           Step           Time
         994500      497.25000

   Energies (kJ/mol)
        LJ (SR)   Coulomb (SR)   Coul. recip.      Potential    Kinetic En.
    1.40114e+05   -9.32560e+05    2.14134e+03   -7.90305e+05    1.24614e+05
   Total Energy  Conserved En.    Temperature Pressure (bar)
   -6.65690e+05   -6.43322e+05    3.00351e+02   -7.21516e+01

           Step           Time
         995000      497.50000

   Energies (kJ/mol)
        LJ (SR)   Coulomb (SR)   Coul. recip.      Potential    Kinetic En.
    1.39507e+05   -9.31155e+05    2.05016e+03   -7.89598e+05    1.23788e+05
   Total Energy  Conserved En.    Temperature Pressure (bar)
   -6.65810e+05   -6.43310e+05    2.98358e+02   -1.60473e+02

           Step           Time
         995500      497.75000

   Energies (kJ/mol)
        LJ (SR)   Coulomb (SR)   Coul. recip.      Potential    Kinetic En.
    1.41461e+05   -9.34548e+05    2.12655e+03   -7.90960e+05    1.25001e+05
   Total Energy  Conserved En.    Temperature Pressure (bar)
   -6.65960e+05   -6.43300e+05    3.01282e+02    2.11644e+01

           Step           Time
         996000      498.00000

   Energies (kJ/mol)
        LJ (SR)   Coulomb (SR)   Coul. recip.      Potential    Kinetic En.
    1.39512e+05   -9.31434e+05    2.12235e+03   -7.89800e+05    1.24302e+05
   Total Energy  Conserved En.    Temperature Pressure (bar)
   -6.65498e+05   -6.43288e+05    2.99599e+02   -9.77713e+01

           Step           Time
         996500      498.25000

   Energies (kJ/mol)
        LJ (SR)   Coulomb (SR)   Coul. recip.      Potential    Kinetic En.
    1.40429e+05   -9.31849e+05    2.18478e+03   -7.89235e+05    1.23774e+05
   Total Energy  Conserved En.    Temperature Pressure (bar)
   -6.65461e+05   -6.43278e+05    2.98326e+02    2.92927e+00

           Step           Time
         997000      498.50000

   Energies (kJ/mol)
        LJ (SR)   Coulomb (SR)   Coul. recip.      Potential    Kinetic En.
    1.40840e+05   -9.31597e+05    2.01857e+03   -7.88739e+05    1.23979e+05
   Total Energy  Conserved En.    Temperature Pressure (bar)
   -6.64760e+05   -6.43265e+05    2.98821e+02    4.67126e+01

           Step           Time
         997500      498.75000

   Energies (kJ/mol)
        LJ (SR)   Coulomb (SR)   Coul. recip.      Potential    Kinetic En.
    1.41306e+05   -9.32748e+05    2.16905e+03   -7.89273e+05    1.24278e+05
   Total Energy  Conserved En.    Temperature Pressure (bar)
   -6.64994e+05   -6.43255e+05    2.99541e+02    8.80216e+01

           Step           Time
         998000      499.00000

   Energies (kJ/mol)
        LJ (SR)   Coulomb (SR)   Coul. recip.      Potential    Kinetic En.
    1.41331e+05   -9.32908e+05    2.11400e+03   -7.89463e+05    1.24378e+05
   Total Energy  Conserved En.    Temperature Pressure (bar)
   -6.65085e+05   -6.43242e+05    2.99782e+02    8.47135e+01

           Step           Time
         998500      499.25000

   Energies (kJ/mol)
        LJ (SR)   Coulomb (SR)   Coul. recip.      Potential    Kinetic En.
    1.43401e+05   -9.35080e+05    2.16437e+03   -7.89514e+05    1.24140e+05
   Total Energy  Conserved En.    Temperature Pressure (bar)
   -6.65374e+05   -6.43230e+05    2.99208e+02    3.15021e+02

           Step           Time
         999000      499.50000

   Energies (kJ/mol)
        LJ (SR)   Coulomb (SR)   Coul. recip.      Potential    Kinetic En.
    1.40774e+05   -9.33020e+05    2.08027e+03   -7.90166e+05    1.24466e+05
   Total Energy  Conserved En.    Temperature Pressure (bar)
   -6.65699e+05   -6.43220e+05    2.99994e+02   -1.11196e+01

           Step           Time
         999500      499.75000

   Energies (kJ/mol)
        LJ (SR)   Coulomb (SR)   Coul. recip.      Potential    Kinetic En.
    1.41651e+05   -9.33353e+05    2.12813e+03   -7.89574e+05    1.23953e+05
   Total Energy  Conserved En.    Temperature Pressure (bar)
   -6.65621e+05   -6.43209e+05    2.98756e+02    9.23720e+01

           Step           Time
        1000000      500.00000

Writing checkpoint, step 1000000 at Sun Sep  6 22:34:40 2026


   Energies (kJ/mol)
        LJ (SR)   Coulomb (SR)   Coul. recip.      Potential    Kinetic En.
    1.41981e+05   -9.33756e+05    2.12420e+03   -7.89651e+05    1.24203e+05
   Total Energy  Conserved En.    Temperature Pressure (bar)
   -6.65448e+05   -6.43197e+05    2.99360e+02    1.29348e+02


Energy conservation over simulation part #3 of length 300 ps, time 200 to 500 ps
  Conserved energy drift: 6.80e-04 kJ/mol/ps per atom


	<======  ###############  ==>
	<====  A V E R A G E S  ====>
	<==  ###############  ======>

	Statistics over 600001 steps using 6001 frames

   Energies (kJ/mol)
        LJ (SR)   Coulomb (SR)   Coul. recip.      Potential    Kinetic En.
    1.41039e+05   -9.32199e+05    2.12104e+03   -7.89039e+05    1.24522e+05
   Total Energy  Conserved En.    Temperature Pressure (bar)
   -6.64517e+05   -6.49979e+05    3.00129e+02    4.41739e+01

   Total Virial (kJ/mol)
    4.08624e+04   -2.41320e+01   -3.31812e+01
   -2.26284e+01    4.07811e+04   -4.00430e+01
   -3.30456e+01   -4.16784e+01    4.08776e+04

   Pressure (bar)
    4.27148e+01    1.98033e+00    2.07147e+00
    1.88077e+00    4.78166e+01    2.80561e+00
    2.06250e+00    2.91391e+00    4.19902e+01


	M E G A - F L O P S   A C C O U N T I N G

 NB=Group-cutoff nonbonded kernels    NxN=N-by-N cluster Verlet kernels
 RF=Reaction-Field  VdW=Van der Waals  QSTab=quadratic-spline table
 W3=SPC/TIP3p  W4=TIP4p (single or pairs)
 V&F=Potential and force  V=Potential only  F=Force only

 Computing:                               M-Number         M-Flops  % Flops
-----------------------------------------------------------------------------
 Pair Search distance check          220330.689220     1982976.203     0.1
 NxN Ewald Elec. + LJ [F]          16804416.659184  1109091499.506    49.2
 NxN Ewald Elec. + LJ [V&F]          169769.849056    18165373.849     0.8
 NxN LJ [F]                               1.872288          61.786     0.0
 NxN LJ [V&F]                             0.018912           0.813     0.0
 NxN Ewald Elec. [F]               16797926.060784  1024673489.708    45.4
 NxN Ewald Elec. [V&F]               169704.280160    14255159.533     0.6
 Calc Weights                        119764.999608     4311539.986     0.2
 Spread Q Bspline                   2554986.658304     5109973.317     0.2
 Gather F Bspline                   2554986.658304    15329919.950     0.7
 3D-FFT                             6606639.811048    52853118.488     2.3
 Solve PME                            92880.154800     5944329.907     0.3
 Reset In Box                           399.216000        1197.648     0.0
 CG-CoM                                 399.282536        1197.848     0.0
 Virial                                 399.552581        7191.946     0.0
 Stop-CM                                399.282536        3992.825     0.0
 Calc-Ekin                              798.498536       21559.460     0.0
 Constraint-V                         29941.249902      269471.249     0.0
 Constraint-Vir                         299.461902        7187.086     0.0
 Settle                                9980.416634     3692754.155     0.2
 Virtual Site 3                       10080.237268      372968.779     0.0
-----------------------------------------------------------------------------
 Total                                              2256094964.042   100.0
-----------------------------------------------------------------------------


    D O M A I N   D E C O M P O S I T I O N   S T A T I S T I C S

 av. #atoms communicated per step for force:  2 x 0.0


      R E A L   C Y C L E   A N D   T I M E   A C C O U N T I N G

On 1 MPI rank, each using 12 OpenMP threads

 Activity:              Num   Num      Call    Wall time         Giga-Cycles
                        Ranks Threads  Count      (s)         total sum    %
--------------------------------------------------------------------------------
 Domain decomp.            1   12       6000      33.050       1027.998   0.1
 Vsite constr.             1   12     600001      36.304       1129.191   0.2
 Neighbor search           1   12       6001     127.539       3966.968   0.5
 Force                     1   12     600001   20086.734     624775.355  86.5
 PME mesh                  1   12     600001    2440.578      75911.452  10.5
 NB X/F buffer ops.        1   12    1200002     216.352       6729.373   0.9
 Vsite spread              1   12     606002      60.703       1888.087   0.3
 Write traj.               1   12        624       4.878        151.735   0.0
 Update                    1   12     600001     137.887       4288.825   0.6
 Constraints               1   12     600001      76.352       2374.849   0.3
 Kinetic energy            1   12      12001       1.770         55.040   0.0
 Rest                                             11.827        367.871   0.1
--------------------------------------------------------------------------------
 Total                                         23233.974     722666.741 100.0
--------------------------------------------------------------------------------
 Breakdown of PME mesh activities
--------------------------------------------------------------------------------
 PME spread                1   12     600001     833.261      25917.649   3.6
 PME gather                1   12     600001     548.067      17047.011   2.4
 PME 3D-FFT                1   12    1200002    1015.145      31574.937   4.4
 PME solve Elec            1   12     600001      40.869       1271.188   0.2
--------------------------------------------------------------------------------

               Core t (s)   Wall t (s)        (%)
       Time:   278807.691    23233.974     1200.0
                         6h27:13
                 (ns/day)    (hour/ns)
Performance:        1.116       21.513
Finished mdrun on rank 0 Sun Sep  6 22:34:40 2026

