
reset_timestep 0

velocity all create 350 12345 mom yes rot yes dist gaussian

fix 1 all nvt temp 350 350 100.0

thermo 100

dump 1 all custom 100 heating.xyz id type x y z

dump_modify 1 sort id

run 200000
Generated 6 of 6 mixed pair_coeff terms from geometric mixing rule
Neighbor list info ...
  update: every = 1 steps, delay = 0 steps, check = yes
  max neighbors/atom: 2000, page size: 100000
  master list distance cutoff = 14
  ghost atom cutoff = 14
  binsize = 7, bins = 3 3 3
  1 neighbor lists, perpetual/occasional/extra = 1 0 0
  (1) pair lj/cut, perpetual
      attributes: half, newton on
      pair build: half/bin/newton
      stencil: half/bin/3d
      bin: standard
Per MPI rank memory allocation (min/avg/max) = 12.56 | 12.56 | 12.56 Mbytes
   Step          Temp          PotEng         KinEng         TotEng         E_bond        E_angle        E_dihed        E_impro         E_vdwl         Press     
         0   350            16.343312      37.558207      53.901519      0.21696368     0.78182367     0              0.041998877    15.302526      316.46408    
       100   214.49482      31.528349      23.017259      54.545608      7.3409132      5.4306821      0              3.3125209      15.444233      542.3497     
       200   179.98525      37.089717      19.314067      56.403784      11.037776      7.1623733      0              2.8977701      15.991797      1413.3774    
       300   191.88801      38.492078      20.591342      59.08342       11.447015      8.7815282      0              2.0560708      16.207464     -409.51895    
       400   185.5899       41.819993      19.915497      61.73549       9.2235884      12.43315       0              3.5217829      16.641471      3669.3736    
       500   254.47771      36.524947      27.30779       63.832737      8.1716092      8.7172354      0              3.5448733      16.091229      332.89946    
       600   247.8224       39.416085      26.593614      66.009699      11.855107      7.5752506      0              3.7313606      16.254367     -1022.8288    
       700   234.45685      43.370694      25.159368      68.530062      14.141514      8.6233323      0              4.1571607      16.448688      1504.3063    
       800   267.58673      42.586347      28.714508      71.300854      12.907938      9.9393181      0              4.1774929      15.561598     -2097.4654    
       900   267.69417      45.599799      28.726037      74.325836      12.176981      10.711827      0              7.0834524      15.627539     -275.20429    
      1000   289.89608      46.469448      31.108505      77.577953      15.319358      9.9093382      0              6.0348563      15.205895     -1761.3575    
      1100   302.05575      48.283928      32.41335       80.697278      18.730373      8.6519856      0              5.1025731      15.798996      1320.7628    
      1200   355.57624      45.581762      38.156588      83.73835       15.098227      11.782447      0              3.4511428      15.249945     -1799.4796    
      1300   383.42522      45.576086      41.145039      86.721125      14.499675      13.066922      0              3.2161098      14.793379     -3236.4164    
      1400   334.35634      53.611329      35.879498      89.490827      20.669292      13.127653      0              5.0914036      14.72298      -2095.6622    
      1500   331.0098       56.464174      35.520384      91.984558      25.774438      11.278551      0              4.8969804      14.514204     -6454.9513    
      1600   333.93719      58.219168      35.83452       94.053688      24.890854      12.710107      0              5.700964       14.917243     -2923.8407    
      1700   433.66013      48.876873      46.535705      95.412578      13.041012      15.57485       0              5.399411       14.861599     -1647.6923    
      1800   425.62562      50.503972      45.673528      96.1775        15.096568      14.406957      0              5.2766001      15.723846     -601.44425    
      1900   430.99896      49.909135      46.250137      96.159272      18.123166      10.087028      0              5.2279059      16.471035      929.45147    
      2000   427.15367      49.44075       45.837503      95.278253      17.742072      9.058286       0              6.65561        15.984782      1656.0771    
      2100   411.35453      49.477927      44.14211       93.620036      16.169013      11.402438      0              5.6786375      16.227838      2233.5952    
      2200   396.10516      48.871642      42.505713      91.377355      12.262127      11.831654      0              7.4572185      17.320643      4648.0921    
      2300   330.92326      53.194177      35.511098      88.705275      15.476235      12.265469      0              7.2885957      18.163878      4261.6116    
      2400   327.65906      50.937198      35.160819      86.098017      18.797689      9.4793094      0              5.3899686      17.270231      2995.2742    
      2500   283.21816      53.441929      30.391904      83.833833      18.94622       13.086636      0              4.5739769      16.835097      5008.4943    
      2600   366.96924      42.657235      39.379161      82.036396      12.521873      8.9466833      0              3.4025523      17.786126      4538.4673    
      2700   346.3905       43.723097      37.170875      80.893972      12.506817      10.543165      0              3.3927006      17.280414      1112.8281    
      2800   336.80602      44.145282      36.142372      80.287654      14.771023      8.8357629      0              3.5511976      16.987299      1870.8062    
      2900   325.07419      45.323437      34.883439      80.206876      16.78914       8.9402564      0              3.4748461      16.119195     -809.45607    
      3000   325.22892      45.725876      34.900043      80.625919      13.949373      9.1339634      0              6.6621952      15.980344     -2293.5112    
      3100   334.57858      45.653895      35.903347      81.557242      11.023856      11.006028      0              6.3078277      17.316183      119.891      
      3200   305.20409      50.38557       32.751196      83.136766      20.619428      7.8456046      0              6.2584633      15.662074     -3413.7937    
      3300   304.91751      52.835905      32.720443      85.556348      17.613939      13.072782      0              6.7795086      15.369676     -1571.8922    
      3400   367.36156      49.307587      39.421261      88.728848      12.800057      12.520319      0              9.2047006      14.78251      -5277.6041    
      3500   408.08406      48.544411      43.791159      92.33557       12.803749      15.215651      0              3.806276       16.718736     -166.43429    
      3600   372.32986      55.50432       39.954405      95.458726      19.34623       13.976536      0              6.2851554      15.896399     -341.06894    
      3700   386.76078      56.02124       41.502976      97.524216      16.135895      18.881401      0              6.0526375      14.951307     -1445.8399    
      3800   448.09543      50.3598        48.084745      98.444546      17.345737      12.2584        0              5.6432402      15.112422     -1526.4864    
      3900   415.73266      53.677638      44.611924      98.289562      14.975401      13.898805      0              8.472413       16.33102       2163.7649    
      4000   435.24646      50.711828      46.705933      97.417761      13.084214      13.710417      0              6.2375906      17.679606      4843.4409    
      4100   376.66415      55.761433      40.419514      96.180947      20.016655      10.580166      0              8.0004929      17.164119      3528.4179    
      4200   379.11184      54.219262      40.682174      94.901435      16.602862      11.599595      0              8.8330472      17.183757      4738.6566    
      4300   402.3161       50.497086      43.172203      93.669289      12.824716      13.710466      0              8.3477972      15.614107     -1454.5472    
      4400   339.1962       56.317026      36.39886       92.715886      15.260459      17.545973      0              6.4393088      17.071285      2444.9481    
      4500   310.86015      58.672967      33.358142      92.03111       16.3597        21.465026      0              5.353813       15.494429      391.0599     
      4600   356.12239      53.181368      38.215195      91.396563      18.131155      11.204492      0              6.3752725      17.470449      1521.8596    
      4700   330.91677      55.309579      35.510402      90.81998       14.401433      15.74887       0              8.7507025      16.408573     -996.59567    
      4800   347.71471      53.046729      37.312974      90.359703      12.593724      12.746897      0              10.062572      17.643536      658.0973     
      4900   315.48214      56.225283      33.854124      90.079407      20.570495      13.25877       0              5.7546226      16.641396     -3320.7386    
      5000   300.76446      57.57836       32.274782      89.853142      21.326607      15.631501      0              4.9733823      15.64687      -4061.6037    
      5100   384.71798      48.294494      41.283764      89.578259      21.043596      9.429146       0              2.9306489      14.891103     -5540.7953    
      5200   398.1556       46.678252      42.725744      89.403995      15.842722      10.744454      0              3.8113838      16.279692     -2472.1078    
      5300   360.15482      50.673995      38.647911      89.321906      14.39216       14.171484      0              5.8750453      16.235306     -2964.5796    
      5400   359.28523      50.64622       38.554597      89.200817      17.175512      13.580469      0              4.8477932      15.042446     -3495.1835    
      5500   373.29528      48.885418      40.058004      88.943422      14.052771      14.091344      0              3.8445132      16.89679      -1253.5823    
      5600   373.17242      48.449107      40.044819      88.493926      9.9846759      17.179378      0              4.5495019      16.735551      578.5938     
      5700   364.29435      48.949067      39.092122      88.041188      13.910409      11.184854      0              6.0875217      17.766282      3105.1367    
      5800   313.17602      54.03552       33.606656      87.642177      17.642692      13.794435      0              6.3141288      16.284265      140.85024    
      5900   320.33665      52.838273      34.375058      87.213331      18.324754      11.369713      0              5.9650079      17.178797      6902.7914    
      6000   312.84895      53.213547      33.571559      86.785106      16.619601      12.660429      0              6.8873624      17.046154      3475.7146    
      6100   357.5899       48.04262       38.372672      86.415292      12.318492      14.866188      0              3.5540119      17.303929      3967.7191    
      6200   349.44261      48.63849       37.498393      86.136883      12.589016      15.379672      0              4.5836432      16.086159      3223.4044    
      6300   327.31022      50.759875      35.123385      85.88326       16.175153      13.302377      0              6.2404205      15.041925     -1983.9685    
      6400   339.96404      49.197352      36.481256      85.678608      18.177922      10.702987      0              4.0373336      16.27911      -1145.9727    
      6500   344.08779      48.602487      36.923773      85.526259      14.706053      11.330249      0              6.1174133      16.448772      440.15226    
      6600   343.44199      48.67578       36.854472      85.530253      13.813691      10.007014      0              8.1721891      16.682886      2106.501     
      6700   271.07663      56.572108      29.089006      85.661114      22.249771      14.081039      0              4.8768903      15.364408     -4956.3779    
      6800   303.23075      53.322242      32.539437      85.861679      12.802515      16.132278      0              6.866104       17.521345      2079.3925    
      6900   311.65846      52.848084      33.443809      86.291892      20.077241      13.278529      0              2.9466753      16.545638     -1089.6127    
      7000   363.46015      47.980573      39.002604      86.983177      13.998094      13.258905      0              4.3203682      16.403206     -1600.1626    
      7100   363.79717      49.025187      39.038769      88.063957      11.708844      13.251342      0              7.288878       16.776123     -278.37524    
      7200   320.35097      55.073066      34.376594      89.44966       20.573409      15.615001      0              3.7454517      15.139204     -5294.6063    
      7300   396.07853      48.515847      42.502855      91.018702      12.874193      13.187737      0              4.6341554      17.819761      3878.3876    
      7400   394.90821      50.303051      42.377269      92.68032       15.041524      14.056431      0              4.5818569      16.623239     -631.95064    
      7500   406.85903      50.732546      43.659701      94.392248      13.648202      11.039461      0              8.7145774      17.330306      2650.3671    
      7600   442.55216      48.482285      47.489901      95.972186      14.227071      12.575565      0              5.3487332      16.330916      834.83046    
      7700   424.01139      51.680772      45.500307      97.18108       16.94103       13.044658      0              5.3730217      16.322063      143.95065    
      7800   485.06715      45.646782      52.052149      97.698931      13.419552      7.9510486      0              6.9945552      17.281627      4560.9877    
      7900   347.29571      60.169726      37.268011      97.437738      20.114868      17.191999      0              7.4530577      15.409802     -1580.2778    
      8000   304.613        63.362851      32.687765      96.050616      18.844612      17.249888      0              10.060668      17.207683      2432.0102    
      8100   348.12158      56.286569      37.356635      93.643204      17.698562      13.764274      0              8.5354452      16.288287      294.01172    
      8200   410.235        46.245753      44.021974      90.267727      12.032959      10.224524      0              7.5125342      16.475736      1946.0346    
      8300   380.53503      45.949428      40.834895      86.784323      14.68226       8.7743931      0              5.7202769      16.772498     -1427.7641    
      8400   327.6276       48.46546       35.157444      83.622904      12.915395      11.522219      0              8.7742767      15.25357      -1668.4585    
      8500   289.29458      50.247025      31.043959      81.290985      15.967359      10.498026      0              7.5637266      16.217914     -48.766889    
      8600   334.20434      43.923492      35.863187      79.78668       8.6315415      13.940888      0              5.2354054      16.115658     -746.97188    
      8700   295.37034      47.382901      31.695944      79.078845      11.32901       14.905245      0              4.5171908      16.631456      3777.1696    
      8800   280.85626      48.761082      30.13845       78.899531      17.458353      9.6968262      0              5.7073456      15.898557     -3277.8361    
      8900   261.59014      51.202494      28.071019      79.273513      14.349927      13.761314      0              7.3292883      15.761966     -433.06038    
      9000   352.61952      42.163873      37.839305      80.003179      8.7114648      10.825748      0              6.0328428      16.593818      1911.3528    
      9100   361.25121      42.369407      38.765564      81.134971      10.723977      11.538142      0              4.4230736      15.684215     -3105.8778    
      9200   332.47794      46.987026      35.677929      82.664955      14.487397      9.5099883      0              6.1580052      16.831636     -69.750393    
      9300   279.91246      54.392468      30.037172      84.429639      19.501924      10.066608      0              6.7572158      18.06672       2858.3057    
      9400   303.43457      53.889678      32.561309      86.450987      19.695936      11.734778      0              4.8252324      17.633731      15.781867    
      9500   396.45641      45.990467      42.543405      88.533872      17.457149      7.1991311      0              3.0952639      18.238923      1273.2186    
      9600   301.72944      58.046615      32.378334      90.424949      12.311814      20.977528      0              6.1686056      18.588668      2331.2489    
      9700   341.51697      55.239307      36.6479        91.887207      11.37859       19.710728      0              6.3634554      17.786534     -553.22498    
      9800   403.90842      49.489103      43.343074      92.832178      14.174649      14.866676      0              2.9820181      17.46576       1920.3245    
      9900   384.74375      51.966579      41.28653       93.253108      11.143885      15.738262      0              7.7122249      17.372207      350.4138     
     10000   371.15377      53.481391      39.8282        93.309591      16.264713      12.398024      0              8.3957601      16.422893     -1304.9756    
     10100   390.01695      51.197418      41.852392      93.04981       17.352003      12.836606      0              4.2200254      16.788784      962.55       
     10200   291.93396      61.313374      31.327189      92.640563      23.297273      17.214218      0              3.8264438      16.97544      -1780.7125    
     10300   358.6179       53.59944       38.482987      92.082426      14.790011      15.769826      0              6.0521137      16.987489      2815.5466    
     10400   443.72499      43.850578      47.615757      91.466335      15.000719      10.864189      0              2.0442335      15.941436     -2975.625     
     10500   369.44505      51.204203      39.644839      90.849041      11.558017      16.73199       0              6.7147633      16.199432     -2732.5192    
     10600   357.98505      51.704633      38.415076      90.119708      13.566005      14.480602      0              7.2720823      16.385943      630.98539    
     10700   331.41687      53.8432        35.564067      89.407267      17.439355      14.605673      0              4.0697954      17.728377     -289.66616    
     10800   380.91454      47.750715      40.87562       88.626335      13.66669       10.348909      0              4.3708583      19.364258      4321.404     
     10900   322.69059      53.262585      34.627657      87.890242      14.875409      13.569678      0              7.4576858      17.359812      1141.1961    
     11000   360.39318      48.411377      38.67349       87.084867      14.528143      11.084886      0              5.7634773      17.034871     -1300.1305    
     11100   327.10719      51.004623      35.101598      86.106221      14.252064      13.805812      0              5.3179064      17.628841      1159.9964    
     11200   315.23232      51.159656      33.827316      84.986972      15.474528      11.416981      0              7.6485973      16.619549     -4100.2499    
     11300   374.73071      43.5653        40.212038      83.777339      9.7251714      10.093702      0              6.7979497      16.948477     -143.34864    
     11400   271.96323      53.285605      29.184147      82.469751      19.377207      11.792463      0              5.0658803      17.050055      1158.1935    
     11500   283.29754      50.756735      30.400422      81.157157      14.881695      11.432544      0              7.003661       17.438835      1066.3793    
     11600   311.29836      46.735866      33.405166      80.141032      10.912064      14.060099      0              4.6144523      17.149251      1429.9632    
     11700   302.45388      47.007743      32.456072      79.463815      12.075154      12.700791      0              5.4569067      16.774892      1414.2106    
     11800   290.47494      48.254573      31.170622      79.425195      12.957865      12.585772      0              6.2784394      16.432497     -1661.3755    
     11900   303.04218      47.556691      32.519203      80.075893      17.360502      9.7429979      0              2.9326958      17.520496     -1253.8396    
     12000   299.25506      49.265884      32.112809      81.378693      15.751982      12.442485      0              4.4833558      16.588061      1881.2064    
     12100   312.93434      49.924103      33.580722      83.504825      12.924561      10.489386      0              10.678937      15.831219     -2735.8368    
     12200   351.343        48.79242       37.702323      86.494743      12.85756       13.140141      0              6.9781476      15.816571     -2214.6683    
     12300   338.62821      53.255227      36.337909      89.593136      8.6597355      17.619549      0              9.0839853      17.891958      3188.8415    
     12400   408.16448      48.531635      43.799789      92.331424      15.09585       10.39143       0              6.0636887      16.980667     -342.654      
     12500   408.08329      50.512645      43.791076      94.303721      16.536936      10.918038      0              5.9759973      17.081673      2754.1565    
     12600   364.14814      56.291399      39.076432      95.367831      18.514909      13.709587      0              8.0203644      16.046538     -233.99896    
     12700   393.39958      53.581096      42.21538       95.796475      16.986379      12.390528      0              7.3531569      16.851032      401.65531    
     12800   363.55143      56.405824      39.012399      95.418223      12.134686      18.569065      0              9.0367178      16.665355      276.44388    
     12900   463.56973      44.585894      49.745279      94.331173      7.8147486      15.064309      0              5.7677644      15.939072     -2487.4063    
     13000   368.20311      53.173011      39.511567      92.684579      8.7970113      14.673311      0              12.080136      17.622554      1305.112     
     13100   347.71121      53.531067      37.312598      90.843666      12.523316      16.977499      0              7.2226348      16.807617     -2129.3012    
     13200   335.88039      52.694328      36.043043      88.737372      12.515333      15.756738      0              5.5276188      18.894639      2488.0058    
     13300   362.75108      47.590515      38.926515      86.51703       14.192331      12.242488      0              4.4103398      16.745356      950.52465    
     13400   321.4525       49.948207      34.494798      84.443005      13.147098      14.497275      0              6.2141639      16.08967       186.87035    
     13500   366.77146      43.204881      39.357938      82.562818      12.462327      7.7106268      0              6.6838115      16.348115     -573.90169    
     13600   313.31372      47.386263      33.621433      81.007696      15.3749        10.637595      0              4.5776903      16.796077      2182.1447    
     13700   277.93917      50.091242      29.82542       79.916662      12.335604      11.977124      0              9.2571317      16.521382      25.737893    
     13800   282.41824      49.043674      30.306064      79.349738      11.848023      11.413702      0              8.9280366      16.853913     -201.65177    
     13900   273.27428      49.901605      29.324834      79.226439      14.753762      10.097491      0              6.2170226      18.833329      4433.1166    
     14000   306.55394      46.900017      32.896046      79.796063      9.1758003      12.700559      0              7.2181614      17.805496      472.72568    
     14100   286.87765      51.297251      30.7846        82.081852      12.409309      12.122594      0              8.4306491      18.334699     -1697.524     
     14200   345.47452      49.54063       37.072581      86.613211      10.825694      14.479079      0              5.7125857      18.523271      2200.5567    
     14300   392.64384      49.485635      42.134281      91.619916      9.3251158      13.906048      0              9.0966503      17.157821     -933.91606    
     14400   366.21319      56.334017      39.298031      95.632048      14.786457      10.819369      0              13.036979      17.691213      1292.3906    
     14500   421.31133      52.910293      45.210566      98.120859      11.867795      11.927165      0              12.437843      16.67749       1748.6937    
     14600   373.3695       59.435755      40.065968      99.501723      15.868256      14.835951      0              12.336287      16.395261     -256.81212    
     14700   397.42865      57.309092      42.647736      99.956828      13.546142      14.869852      0              11.819616      17.073482      1001.943     
     14800   289.20905      68.460412      31.034781      99.495193      17.672666      17.716887      0              14.122749      18.948109      628.4425     
     14900   445.60215      50.481759      47.817193      98.298952      16.2829        11.767135      0              5.7484994      16.683224     -1704.518     
     15000   446.82273      48.408135      47.948172      96.356308      14.651524      11.393553      0              4.8866541      17.476405     -1537.0716    
     15100   381.9176       52.618533      40.983257      93.60179       15.992374      10.386996      0              10.285656      15.953508     -3411.9335    
     15200   362.75357      51.805697      38.926781      90.732478      15.415232      14.317656      0              5.6930703      16.379738     -1856.9904    
     15300   355.64482      49.996729      38.163947      88.160677      14.790383      12.963204      0              6.3516208      15.891521     -307.11683    
     15400   338.71974      49.740439      36.347731      86.08817       15.209025      11.118084      0              6.9685635      16.444767     -505.48156    
     15500   305.66402      51.588653      32.80055       84.389203      9.5418992      13.945461      0              10.190905      17.910387      1472.3511    
     15600   282.39514      52.924068      30.303586      83.227654      13.443818      17.730908      0              5.8182837      15.931058     -130.33998    
     15700   317.83817      48.443663      34.106948      82.550611      10.445429      13.330902      0              6.6888784      17.978454      2779.9575    
     15800   316.67536      48.415572      33.982167      82.397739      12.818743      10.432862      0              8.4003927      16.763574     -1346.4297    
     15900   363.06985      43.791962      38.960722      82.752684      11.520404      9.4937529      0              6.7188008      16.059005     -2923.3766    
     16000   318.78181      49.363774      34.208209      83.571983      9.8669025      18.575155      0              4.5425684      16.379149      146.05855    
     16100   313.78159      51.247537      33.67164       84.919177      13.931566      15.980305      0              5.5190371      15.816629     -928.08416    
     16200   343.9629       50.090765      36.910371      87.001136      14.171078      12.376398      0              5.8673884      17.675901      2477.2458    
     16300   356.72849      51.632954      38.280235      89.91319       13.931481      13.567598      0              7.9787827      16.155093      1260.4001    
     16400   424.39231      47.881047      45.541184      93.42223       12.349367      12.433159      0              7.6227951      15.475726     -2210.263     
     16500   399.06017      54.240082      42.822812      97.062894      13.442267      15.59107       0              8.7754663      16.431278      1792.9256    
     16600   402.23462      56.794358      43.16346       99.957818      19.429734      16.153883      0              4.6874188      16.523322      1954.6825    
     16700   359.26854      63.094037      38.552806      101.64684      17.845026      18.305894      0              8.8075987      18.135518      1337.6984    
     16800   423.6096       56.486402      45.457191      101.94359      18.188581      11.799657      0              10.447497      16.050667     -571.0299     
     16900   384.11566      60.137341      41.219129      101.35647      18.23109       16.213278      0              9.0891539      16.60382       1492.2949    
     17000   365.19022      61.239106      39.188256      100.42736      17.232716      20.645898      0              5.6654052      17.695087      681.50091    
     17100   392.4375       56.978884      42.112139      99.091023      17.807828      17.307963      0              4.8619275      17.001165     -188.64397    
     17200   429.61389      51.519889      46.101507      97.621395      15.362464      12.272548      0              6.9355338      16.949344     -120.11544    
     17300   370.96539      56.352186      39.807985      96.160171      19.091544      16.424927      0              4.4847812      16.350934     -909.10683    
     17400   359.06306      56.20504       38.530755      94.735796      18.218717      16.429065      0              4.5011155      17.056142     -274.8507     
     17500   412.9799       48.958907      44.316527      93.275434      14.437335      11.892156      0              5.580947       17.048469      1068.4361    
     17600   388.71964      50.142865      41.713179      91.856044      15.293611      12.367925      0              6.6092234      15.872105     -18.023764    
     17700   342.86893      53.7359        36.792978      90.528878      12.954726      10.666739      0              13.559388      16.555047      1411.8914    
     17800   343.19619      52.32905       36.828096      89.157146      19.061276      10.516954      0              6.7536593      15.997161     -5140.8964    
     17900   383.64836      46.820377      41.168984      87.989361      15.704828      9.6996242      0              5.3008728      16.115052     -1324.804     
     18000   363.34547      47.916093      38.990297      86.90639       14.167743      11.567699      0              6.8377958      15.342855      452.02416    
     18100   351.9537       48.218083      37.767857      85.98594       12.702406      9.3848922      0              10.099817      16.030968      357.70979    
     18200   282.33969      54.9076        30.297635      85.205235      13.764808      16.520379      0              7.086397       17.536016      2517.933     
     18300   275.517        55.143541      29.565499      84.70904       13.491825      15.712282      0              9.560697       16.378736      878.44234    
     18400   280.17218      54.432232      30.065042      84.497274      16.586045      13.846573      0              6.9948061      17.004807      2126.9557    
     18500   295.43911      53.095944      31.703323      84.799267      16.18318       15.752271      0              5.2528312      15.907662     -1408.4136    
     18600   336.09132      49.608326      36.065678      85.674004      16.305107      10.768619      0              3.4727068      19.061894      342.20917    
     18700   385.40953      46.25191       41.357974      87.609884      10.889027      11.648624      0              6.3255741      17.388685      2000.4301    
     18800   362.57846      52.150311      38.90799       91.058301      13.024088      17.455113      0              5.6036483      16.067462     -1601.9009    
     18900   399.61304      52.533858      42.882141      95.415999      18.480587      12.748895      0              4.0457666      17.25861      -1457.2363    
     19000   432.34921      52.91822       46.395031      99.313251      16.474898      13.154303      0              5.55586        17.733159     -80.912047    
     19100   443.00282      54.536118      47.538261      102.07438      17.362018      13.009844      0              7.7443195      16.419937      84.959208    
     19200   378.30468      62.75284       40.595559      103.3484       20.400903      18.169285      0              7.7554383      16.427214      100.64972    
     19300   422.13621      58.042429      45.299083      103.34151      18.550379      15.409946      0              6.7217343      17.36037       303.854      
     19400   432.01202      55.731352      46.358847      102.0902       18.136143      15.867162      0              6.2550575      15.472989     -1997.7772    
     19500   444.14222      52.057301      47.660529      99.71783       17.767004      10.011174      0              7.9425591      16.336565     -4291.033     
     19600   378.21959      56.113224      40.586427      96.699651      15.547367      13.811391      0              10.240533      16.513933     -1056.8294    
     19700   393.93965      51.413438      42.273333      93.686771      14.472751      10.403038      0              9.7599381      16.777711     -214.21808    
     19800   373.1394       51.123639      40.041276      91.164916      12.085208      12.83571       0              8.9133611      17.28936       61.775484    
     19900   368.88899      49.681571      39.585169      89.26674       18.471274      10.165424      0              4.2847576      16.760116     -81.621827    
     20000   292.69209      56.650633      31.408543      88.059175      19.500076      11.020998      0              9.5960348      16.533524     -1366.0345    
     20100   346.11953      50.170149      37.141797      87.311946      12.689279      9.8165756      0              11.390886      16.273409      1218.1573    
     20200   343.54855      50.013468      36.865907      86.879375      12.813785      13.337991      0              7.399478       16.462215     -2003.3759    
     20300   303.16826      54.322476      32.532731      86.855207      13.193699      14.816701      0              9.2343901      17.077687     -265.12764    
     20400   318.17235      52.832989      34.142808      86.975797      18.601347      10.579893      0              7.1595431      16.492206     -985.44254    
     20500   315.70366      53.460614      33.877895      87.338509      14.880392      14.262807      0              8.0531163      16.264299     -2286.548     
     20600   358.1153       49.52604       38.429052      87.955093      17.183087      11.433191      0              5.0284423      15.88132      -1211.2535    
     20700   373.07467      48.646529      40.03433       88.680859      16.071136      12.913937      0              2.562439       17.099016     -1132.0275    
     20800   399.40421      46.567476      42.859731      89.427207      12.173176      13.715036      0              4.4906808      16.188584     -555.8382     
     20900   380.86897      49.454959      40.87073       90.32569       9.3659181      16.005664      0              8.2791115      15.804266      716.15416    
     21000   368.74856      51.773914      39.570099      91.344013      12.232683      15.550929      0              8.697881       15.292422     -2504.7537    
     21100   364.74859      53.567837      39.140865      92.708703      14.659933      14.170054      0              8.7692896      15.968561      1762.6514    
     21200   303.32307      61.726194      32.549345      94.275539      21.033439      13.76189       0              8.2948486      18.636016      3481.7789    
     21300   420.47988      51.388197      45.121343      96.50954       15.479659      12.828625      0              5.6975406      17.382372      1102.4616    
     21400   422.87611      53.963728      45.378481      99.342209      14.493378      13.843609      0              8.7281856      16.898556     -402.55646    
     21500   379.41477      61.447814      40.714681      102.16249      15.446614      18.394635      0              10.298293      17.308272      98.250442    
     21600   433.9886       57.996193      46.570953      104.56715      16.920934      13.166386      0              10.985443      16.92343      -2209.7307    
     21700   432.21972      59.590805      46.381135      105.97194      17.697444      17.609208      0              6.0466694      18.237485     -608.34672    
     21800   358.74568      67.755405      38.496698      106.2521       20.445072      17.260598      0              12.184268      17.865467      3248.7134    
     21900   419.61158      60.358655      45.028167      105.38682      20.370623      13.714186      0              7.122451       19.151395      1702.4948    
     22000   398.04325      60.574988      42.713688      103.28868      19.392273      16.373882      0              6.8823907      17.926441     -97.322066    
     22100   351.62814      62.038465      37.732921      99.771385      16.723275      19.575311      0              8.887465       16.852413      2461.6583    
     22200   333.39557      59.839213      35.776399      95.615612      18.392013      16.147557      0              10.037115      15.262528     -895.78833    
     22300   298.27964      60.038077      32.008138      92.046215      17.145863      13.991564      0              11.508568      17.392082     -37.457818    
     22400   325.56897      54.563665      34.936533      89.500198      19.039201      10.473239      0              8.2100999      16.841124     -2174.6488    
     22500   356.30186      49.636617      38.234454      87.871071      13.044214      12.686378      0              6.5148792      17.391145      697.30061    
     22600   336.02505      50.891078      36.058566      86.949644      15.540726      14.437321      0              3.7992691      17.113762     -660.0842     
     22700   298.7567       54.403038      32.059331      86.462368      20.226508      11.10343       0              5.0100331      18.063067      1509.4663    
     22800   331.26792      50.735681      35.548083      86.283764      15.326973      11.608025      0              5.969727       17.830957      2039.4052    
     22900   300.32531      54.11881       32.227657      86.346467      15.532926      14.808686      0              7.7712904      16.005907     -4693.5671    
     23000   314.87394      52.874767      33.788859      86.663626      17.483267      11.767408      0              6.9231213      16.700971     -631.75595    
     23100   314.7468       53.403225      33.775215      87.178441      20.913312      10.27064       0              6.2032043      16.01607      -3818.1086    
     23200   339.58721      51.494407      36.440819      87.935227      14.991526      15.490726      0              3.558901       17.453255      114.0494     
     23300   356.74015      50.659599      38.281487      88.941085      8.0374508      18.31849       0              6.8441671      17.45949       495.64744    
     23400   409.07008      46.62815       43.896967      90.525117      12.459387      14.333782      0              3.0179393      16.817042      398.95036    
     23500   352.41479      54.790152      37.817336      92.607488      14.009899      19.366755      0              3.4354732      17.978025      2747.8703    
     23600   382.51131      53.973982      41.046968      95.02095       15.756141      16.181193      0              4.7784315      17.258216     -1650.5368    
     23700   395.63861      55.510894      42.455648      97.966542      14.495217      16.532187      0              6.7035877      17.779903      1859.4487    
     23800   390.85765      59.09245       41.942607      101.03506      20.515228      16.1235        0              6.48014        15.973582     -4161.5091    
     23900   376.28079      63.423611      40.378376      103.80199      21.016866      14.640845      0              10.681709      17.084191      954.092      
     24000   451.57141      57.118336      48.457749      105.57609      15.591844      14.203803      0              10.251083      17.071607     -1843.8144    
     24100   446.47066      58.205455      47.910392      106.11585      14.908094      13.074329      0              13.217845      17.005187     -1719.4397    
     24200   479.264        53.708569      51.429419      105.13799      15.695267      13.24627       0              8.5410068      16.226025     -1544.5378    
     24300   433.23791      55.36226       46.490397      101.85266      13.787336      17.435313      0              8.6959729      15.443638     -2375.0469    
     24400   378.44188      55.952536      40.610281      96.562817      15.871454      17.966224      0              4.3677432      17.747115      1950.0681    
     24500   375.90804      50.891187      40.338377      91.229564      15.917928      11.995367      0              6.1586239      16.819268     -2199.339     
     24600   310.75589      54.406574      33.346954      87.753528      12.442917      15.694228      0              9.5893225      16.680106     -1733.8891    
     24700   347.08988      48.566721      37.245924      85.812644      12.882614      13.993171      0              6.3509064      15.34003      -2412.9108    
     24800   315.99375      50.812237      33.909025      84.721262      9.3654427      16.483577      0              8.0219479      16.941269      504.09642    
     24900   328.35068      48.987243      35.235037      84.222279      11.467364      15.771941      0              3.5815386      18.166399      1820.0184    
     25000   359.10224      45.773475      38.53496       84.308435      10.454412      12.986613      0              5.397997       16.934453     -72.385354    
     25100   375.84505      44.34254       40.331617      84.674157      6.8009271      15.082378      0              5.5434718      16.915763      833.88796    
     25200   320.07099      51.066556      34.34655       85.413106      17.33281       9.1120308      0              8.1599486      16.461767     -3940.9519    
     25300   317.0735       52.511439      34.024891      86.53633       14.396585      12.0928        0              8.0574185      17.964635      251.46022    
     25400   345.77972      50.941163      37.105332      88.046495      12.348272      13.571125      0              7.9952655      17.026501     -19.902406    
     25500   460.89659      40.518907      49.458426      89.977334      10.202617      13.00923       0              1.9302163      15.376844     -1857.6261    
     25600   362.11645      53.34978       38.858413      92.208193      16.870466      13.740932      0              6.0865789      16.651803      4189.4159    
     25700   364.27596      55.416141      39.090148      94.506289      17.257127      13.401156      0              6.4456781      18.31218       584.70756    
     25800   321.6888       61.917691      34.520155      96.437846      19.581597      17.894365      0              7.593845       16.847885      3214.3842    
     25900   392.60465      55.490751      42.130076      97.620827      16.311777      13.832163      0              8.1100158      17.236796      2951.379     
     26000   387.29116      56.800337      41.55989       98.360227      15.417003      16.0085        0              7.0201372      18.354697      2845.1441    
     26100   433.13209      51.865037      46.479042      98.344079      16.362302      12.524319      0              4.3848715      18.593544      723.64545    
     26200   414.63739      53.092566      44.494391      97.586957      15.10568       13.620182      0              8.3597339      16.006971     -108.43653    
     26300   417.79933      50.773694      44.833696      95.60739       11.271578      13.594752      0              9.6078907      16.299474      699.89224    
     26400   314.326        58.398381      33.730059      92.128441      15.372886      17.388634      0              8.1280926      17.508769     -3265.2713    
     26500   376.3768       46.745299      40.388679      87.133978      14.57773       8.9288484      0              7.324484       15.914237     -1172.5026    
     26600   244.90812      56.41494       26.280885      82.695825      17.699049      12.926159      0              9.6333919      16.15634      -1481.6084    
     26700   291.16664      48.926981      31.244848      80.171829      15.615384      11.440145      0              6.2852498      15.586202     -2805.5154    
     26800   294.56111      47.30365       31.609106      78.912756      15.326163      9.1746977      0              5.1830599      17.61973      -738.84841    
     26900   334.58759      42.628697      35.904314      78.533011      12.685085      10.888412      0              2.0012896      17.05391      -341.67123    
     27000   294.35835      47.209222      31.587348      78.79657       15.735243      10.948958      0              4.6250381      15.899983     -2291.3421    
     27100   307.18925      46.607376      32.964221      79.571596      13.295127      9.7567525      0              6.0221891      17.533307      957.24932    
     27200   275.8824       51.298801      29.604709      80.90351       19.145441      7.6673308      0              7.0532191      17.43281      -212.3544     
     27300   297.57346      50.586745      31.932358      82.519104      14.529175      13.298782      0              4.9357422      17.823047      448.28341    
     27400   306.52589      51.612911      32.893037      84.505948      15.326329      11.103259      0              8.4125119      16.770811      2289.4112    
     27500   322.33701      52.15671       34.589714      86.746424      13.237061      17.387831      0              4.537462       16.994356      1216.2054    
     27600   402.43146      45.689993      43.184582      88.874575      11.725532      11.790903      0              4.628449       17.54511       461.19038    
     27700   423.90027      45.391234      45.488382      90.879616      13.103159      11.23792       0              3.152376       17.897779      2592.026     
     27800   379.54083      51.66402       40.728208      92.392228      18.477455      10.795346      0              5.0170141      17.374205     -24.322183    
     27900   365.48116      54.237115      39.219477      93.456593      13.423535      18.965282      0              4.7509732      17.097325      3695.7688    
     28000   434.45584      47.462069      46.621092      94.083161      14.809839      13.937324      0              1.8305374      16.884368     -727.25146    
     28100   392.47997      52.249574      42.116697      94.366271      18.036747      13.896123      0              4.1507408      16.165964     -1149.0237    
     28200   321.73786      59.727753      34.52542       94.253172      21.849763      17.48369       0              3.9412394      16.45306       88.152447    
     28300   382.17998      52.632911      41.011413      93.644324      20.252536      13.181081      0              3.4157677      15.783526     -546.07911    
     28400   437.98058      45.616913      46.999329      92.616242      8.3128736      14.015067      0              5.6452106      17.643762     -1248.4782    
     28500   368.107        51.97051       39.501254      91.471764      12.512309      17.398061      0              5.8249997      16.235141     -3027.3876    
     28600   342.18052      53.242493      36.719105      89.961598      9.6349703      23.407405      0              4.4214706      15.778646      347.77173    
     28700   373.28443      48.009276      40.05684       88.066115      11.416689      15.479551      0              4.0248         17.088236      1815.5907    
     28800   362.30767      46.483979      38.878932      85.362911      13.252299      12.224382      0              4.8479847      16.159313     -1437.2966    
     28900   297.64741      49.199801      31.940294      81.140095      14.077358      14.235684      0              4.2475666      16.639192     -1629.1072    
     29000   278.74387      46.431191      29.911771      76.342963      14.826052      11.136989      0              4.1101543      16.357996     -161.15882    
     29100   263.0735       45.077056      28.230197      73.307253      14.430873      7.5473399      0              5.3048112      17.794032      943.87393    
     29200   263.61546      43.715065      28.288354      72.003419      11.149568      8.6437822      0              6.8016189      17.120096     -2097.2298    
     29300   265.48656      43.429366      28.48914       71.918507      10.25917       10.379182      0              4.3416172      18.449397      3457.7983    
     29400   265.79537      44.058201      28.522278      72.58048       9.4625777      9.5640286      0              6.3607931      18.670802      2928.0039    
     29500   257.28841      46.417545      27.609403      74.026949      14.128858      11.286528      0              3.3843949      17.617765      832.81605    
     29600   266.70717      47.375418      28.620123      75.995541      13.326098      11.655818      0              4.1662863      18.227215      3217.9456    
     29700   283.9811       47.771742      30.473774      78.245516      14.10735       13.683484      0              2.4944829      17.486425     -2888.3004    
     29800   315.01181      46.883837      33.803653      80.68749       12.311143      10.035997      0              6.022672       18.514024     -741.9077     
     29900   336.82979      46.924793      36.144923      83.069715      11.471149      12.603846      0              5.4126762      17.437122     -350.62441    
     30000   291.31451      53.932894      31.260716      85.19361       14.431938      10.879797      0              9.8942347      18.726925      284.60901    
     30100   294.09286      55.592981      31.558858      87.151839      16.922926      10.916837      0              9.1858869      18.567331     -1776.1371    
     30200   310.92975      55.701582      33.365611      89.067193      17.288256      14.372242      0              7.2707077      16.770376     -1017.1301    
     30300   311.9663       57.387047      33.476842      90.863889      14.457075      19.575325      0              6.157872       17.196775     -2296.2691    
     30400   368.62027      52.85408       39.556332      92.410412      13.49819       17.411866      0              5.1132539      16.83077      -2756.8238    
     30500   393.76303      51.457728      42.254381      93.712109      16.939192      10.122707      0              5.6434452      18.752385      2650.2124    
     30600   401.99775      51.607829      43.138041      94.745871      20.661543      12.87499       0              2.0118491      16.059447     -3787.9007    
     30700   387.41609      53.801134      41.573296      95.374431      14.152326      16.277611      0              6.3241258      17.047071      1803.4421    
     30800   365.89163      56.43391       39.263524      95.697434      16.567738      15.407696      0              6.5454004      17.913076      3800.8788    
     30900   383.03992      54.39593       41.103693      95.499624      15.761448      13.966867      0              8.358421       16.309194     -3025.5866    
     31000   323.80682      60.148522      34.747438      94.89596       14.701905      20.542478      0              6.9917056      17.912434      2564.3359    
     31100   434.56678      46.996266      46.632997      93.629263      12.739243      10.457677      0              7.1047652      16.694581      904.20389    
     31200   352.61301      53.943882      37.838607      91.782489      16.647568      12.683206      0              8.044124       16.568985      92.076908    
     31300   341.53944      52.630698      36.650311      89.281009      17.239509      12.405194      0              4.3068004      18.679195      1533.6473    
     31400   314.23132      52.758473      33.7199        86.478372      15.699966      15.675284      0              3.5133988      17.869824      1026.4382    
     31500   299.61137      51.405192      32.151045      83.556237      13.504843      14.178093      0              6.4258728      17.296383     -1473.9801    
     31600   289.00903      50.116228      31.013317      81.129545      11.619961      12.459933      0              7.1417898      18.894545      4051.0839    
     31700   310.24367      46.151159      33.291988      79.443147      12.753094      9.1422829      0              7.6059648      16.649818     -3340.5647    
     31800   272.28992      49.335198      29.219203      78.554401      13.058164      13.155999      0              7.0083182      16.112717     -2679.8286    
     31900   293.6796       46.887986      31.514512      78.402498      13.696025      11.568534      0              5.7851802      15.838247     -420.79727    
     32000   307.95061      45.986403      33.045922      79.032325      14.229874      9.777648       0              5.7469349      16.231946     -4088.9992    
     32100   271.77862      51.274059      29.164335      80.438394      10.31955       19.284147      0              4.054397       17.615965      1844.1612    
     32200   305.18789      50.0239        32.749456      82.773356      16.084862      12.926945      0              4.9230543      16.089038     -395.49229    
     32300   345.77328      48.74915       37.10464       85.85379       16.153443      14.174457      0              3.1285334      15.292716     -3381.2325    
     32400   358.63933      51.061016      38.485286      89.546302      13.766193      12.689767      0              7.2453284      17.359727      559.63598    
     32500   358.78586      54.028072      38.50101       92.529082      18.46142       14.232702      0              2.9441321      18.389818      2372.5778    
     32600   391.25089      52.252985      41.984805      94.237789      16.388481      13.649933      0              6.3722602      15.842311     -463.20478    
     32700   303.17318      62.328627      32.53326       94.861887      16.513754      21.527196      0              7.2930031      16.994674      1974.6055    
     32800   282.74917      64.754108      30.341576      95.095684      16.605973      24.422238      0              6.5119757      17.213921      1756.7212    
     32900   335.16033      59.096905      35.965775      95.06268       17.306006      19.124185      0              4.7833314      17.883382      2469.6838    
     33000   367.79213      55.559486      39.467465      95.026951      16.328059      17.919165      0              5.1746318      16.137629     -2247.2167    
     33100   371.91988      54.744702      39.91041       94.655113      19.106982      12.278658      0              7.4483124      15.910749      747.35528    
     33200   390.7462       52.122897      41.930647      94.053544      14.25684       15.171912      0              5.4342495      17.259894      2945.7894    
     33300   358.78001      54.66129       38.500382      93.161672      18.31822       11.697396      0              6.7544011      17.891273     -66.410606    
     33400   337.34725      55.673239      36.200451      91.87369       19.604952      12.048931      0              6.286296       17.73306       1367.3118    
     33500   359.48593      51.580573      38.576134      90.156707      15.202699      14.501643      0              5.4008974      16.475334      973.26168    
     33600   374.35609      48.152294      40.171838      88.324132      18.519803      8.7547692      0              2.9889527      17.888769     -92.392108    
     33700   321.47884      51.940925      34.497625      86.438551      15.36287       10.928522      0              7.2974506      18.352083      585.1075     
     33800   335.3427       48.722792      35.985345      84.708136      18.013381      6.6438137      0              6.1672085      17.898388     -1269.234     
     33900   325.32692      48.23157       34.91056       83.142129      11.412885      12.861774      0              8.1194279      15.837483     -3014.0771    
     34000   304.45699      49.211433      32.671024      81.882457      11.370156      14.391899      0              6.6016047      16.847773      2900.2735    
     34100   309.87833      47.701524      33.252784      80.954307      12.112595      11.026991      0              7.5782588      16.983678      1164.388     
     34200   259.42125      52.527071      27.838277      80.365348      19.031865      13.415352      0              4.7644663      15.315387     -3731.0237    
     34300   299.62539      47.988107      32.15255       80.140657      18.285975      10.20695       0              2.6455973      16.849584      4489.9844    
     34400   317.99124      46.32496       34.123374      80.448334      15.581599      13.129254      0              2.203516       15.410591      255.1725     
     34500   312.2522       48.157957      33.507522      81.665479      13.652752      9.3343102      0              7.9885296      17.182365      1039.5681    
     34600   337.70091      47.890295      36.238401      84.128696      10.074172      15.662231      0              4.5079488      17.645943     -195.75434    
     34700   340.15666      51.569017      36.501926      88.070942      11.039471      19.0609        0              5.4551551      16.013491      301.33873    
     34800   327.32608      57.035056      35.125087      92.160144      12.575674      20.430202      0              7.8354619      16.193718     -909.37954    
     34900   385.54496      54.107748      41.372506      95.480254      14.102712      12.917897      0              9.5563909      17.530748     -335.12081    
     35000   459.94965      48.274125      49.356812      97.630937      13.694271      12.63648       0              6.3492569      15.594118      790.82664    
     35100   454.79244      50.035701      48.803396      98.839097      18.265676      14.265734      0              3.4852593      14.019031     -3797.4734    
     35200   431.51943      53.028463      46.305988      99.334451      17.993862      12.214465      0              7.7447426      15.075393     -293.73943    
     35300   352.91559      61.291182      37.871076      99.162258      20.109204      17.865933      0              7.849137       15.466908     -2707.2048    
     35400   378.03186      57.808605      40.566282      98.374888      15.043026      19.772126      0              8.435073       14.558381     -2284.8512    
     35500   375.66178      56.550245      40.311951      96.862197      19.192578      14.89262       0              4.2068178      18.258229      384.30298    
     35600   381.37745      53.640691      40.925295      94.565986      16.231541      15.046996      0              5.2776391      17.084515     -990.54453    
     35700   419.9519       46.476185      45.064686      91.540871      12.937984      11.108119      0              4.8007656      17.629317     -972.57294    
     35800   381.75567      47.546816      40.965881      88.512697      15.567509      11.277533      0              3.0343837      17.66739       1167.7993    
     35900   362.30523      47.044187      38.87867       85.922857      14.943001      11.785302      0              2.0538696      18.262014      4061.417     
     36000   303.25349      51.582433      32.541878      84.124312      17.847599      13.153864      0              3.0630166      17.517954      2183.0561    
     36100   306.06413      50.316696      32.843485      83.16018       14.310396      14.870158      0              3.5464999      17.589642      2940.4427    
     36200   335.43251      46.685716      35.994981      82.680697      12.770064      10.485985      0              4.6789495      18.750718      3977.7867    
     36300   326.07086      47.594654      34.99039       82.585044      14.437856      11.881182      0              3.5406099      17.735006      1945.7849    
     36400   361.58992      43.944121      38.801911      82.746032      10.353104      11.338593      0              4.9973779      17.255046      269.26686    
     36500   359.34792      44.702146      38.561324      83.26347       13.255487      11.751736      0              3.9002844      15.79464      -5090.5568    
     36600   320.32538      49.633273      34.373848      84.007121      17.761187      10.500036      0              5.1992057      16.172843     -2748.5078    
     36700   285.33948      54.089458      30.619541      84.708999      17.186413      14.267758      0              6.1917986      16.443488     -2124.0716    
     36800   256.94175      57.906792      27.572204      85.478996      18.701642      17.329614      0              5.4642515      16.411285     -1680.8311    
     36900   314.76651      52.422496      33.77733       86.199826      14.995247      11.934443      0              8.1633213      17.329485     -1566.9939    
     37000   365.96671      47.7944        39.27158       87.06598       11.934957      13.140717      0              5.2483824      17.470344     -1929.9693    
     37100   334.035        52.294353      35.845016      88.139369      17.827904      11.668453      0              6.0411811      16.756815      1132.6006    
     37200   393.92915      46.889334      42.272207      89.16154       15.727833      12.37964       0              2.7962269      15.985634     -1820.5689    
     37300   354.08959      52.098038      37.997057      90.095095      17.708026      14.325952      0              2.6844797      17.37958       1601.1727    
     37400   322.46766      56.320955      34.603735      90.924689      14.801836      18.349915      0              6.0715493      17.097655     -628.85756    
     37500   408.70819      47.950248      43.858134      91.808381      11.795357      15.491449      0              3.4649882      17.198454      488.21493    
     37600   389.88934      51.055856      41.838699      92.894555      15.947334      13.747523      0              3.5232275      17.837773      1998.6468    
     37700   349.57155      56.839045      37.512231      94.351276      14.349997      20.130346      0              5.648149       16.710554     -1186.8046    
     37800   376.60944      56.57557       40.413643      96.989213      17.114883      15.888762      0              6.230548       17.341377      1905.0218    
     37900   315.66723      66.666741      33.873986      100.54073      15.506488      24.895202      0              7.8421902      18.422861     -1034.8047    
     38000   465.38165      54.155162      49.939715      104.09488      15.394507      16.873573      0              4.9894983      16.897584      2523.4406    
     38100   488.92168      54.279212      52.465776      106.74499      18.228244      15.425037      0              4.2032466      16.422684      751.36966    
     38200   452.56101      59.157978      48.563943      107.72192      18.952239      19.265306      0              3.6298165      17.310616     -263.13984    
     38300   422.58138      61.747914      45.346854      107.09477      18.694547      20.74292       0              3.9662139      18.344232      2802.6546    
     38400   430.7617       58.552363      46.224677      104.77704      20.370877      15.03008       0              6.2148459      16.93656      -690.96461    
     38500   361.31603      62.356413      38.77252       101.12893      21.251456      17.328065      0              5.3911488      18.385743      2235.6693    
     38600   355.29618      59.224383      38.126535      97.350919      20.247059      19.06493       0              3.1790913      16.733302     -694.93938    
     38700   369.89419      54.207353      39.693036      93.900389      15.642232      13.899507      0              7.7158084      16.949805      2375.6556    
     38800   373.30491      51.237059      40.059037      91.296096      14.463458      12.873055      0              7.9167628      15.983783     -933.57591    
     38900   322.92711      54.857982      34.653037      89.51102       12.757178      17.060681      0              8.9528432      16.08728      -2726.2677    
     39000   353.41217      50.094103      37.924364      88.018468      12.830831      13.562718      0              6.9299161      16.770639     -217.2435     
     39100   312.47652      53.219831      33.531594      86.751424      16.438168      11.8213        0              7.8219871      17.138376     -945.59515    
     39200   333.9129       49.812986      35.831914      85.644899      12.575063      14.108167      0              7.0214603      16.108295     -882.06823    
     39300   333.02626      49.12891       35.736768      84.865679      17.449618      9.5087062      0              5.2524701      16.918116     -301.43205    
     39400   306.90896      51.557232      32.934143      84.491375      16.667249      12.205132      0              5.4224218      17.262429      854.02712    
     39500   333.13691      48.80463       35.748643      84.553272      11.357914      14.599251      0              6.6413209      16.206143     -2618.6225    
     39600   379.00785      44.399319      40.671015      85.070335      11.429418      11.035777      0              4.8447604      17.089365     -193.10549    
     39700   323.37673      51.148614      34.701286      85.8499        14.745277      14.139283      0              4.518612       17.745441      1441.8036    
     39800   325.92532      51.751961      34.974773      86.726733      14.012849      13.358508      0              6.4000043      17.980599      39.087705    
     39900   348.225        50.650594      37.367732      88.018327      13.310791      13.969258      0              5.3076575      18.062887      3494.5724    
     40000   407.70563      45.846988      43.750549      89.597537      10.364314      15.668461      0              2.9206099      16.893603      1321.3177    
     40100   348.1733       54.233225      37.362185      91.595411      15.06996       17.405222      0              5.0310654      16.726978      3443.2193    
     40200   376.90429      54.003715      40.445284      94.448999      16.418782      14.032145      0              6.6247359      16.928052      1856.8593    
     40300   425.27761      52.32938       45.636184      97.965563      18.14458       13.069986      0              4.5987376      16.516076      979.55622    
     40400   386.30205      59.581677      41.453749      101.03543      19.290323      16.941379      0              6.2255103      17.124465      3392.7586    
     40500   370.12048      63.67567       39.717319      103.39299      22.383771      12.350012      0              9.9801149      18.961772      1025.5672    
     40600   466.29697      54.306973      50.037937      104.34491      15.604349      14.152517      0              5.9427222      18.607386      1850.0491    
     40700   429.16999      58.246078      46.053872      104.29995      15.063615      13.554281      0              11.365853      18.26233       474.8413     
     40800   447.10186      55.256274      47.978126      103.2344       19.608654      13.898127      0              5.2337728      16.515719     -1667.9724    
     40900   417.47606      56.02637       44.799006      100.82538      17.421828      18.340028      0              3.9741213      16.290393      1017.4181    
     41000   429.06143      50.964235      46.042222      97.006457      14.823194      15.117313      0              4.3254095      16.698318     -313.68228    
     41100   393.56873      50.398376      42.23353       92.631907      15.285211      12.281273      0              6.6348329      16.19706      -1428.786     
     41200   332.10506      53.634933      35.637915      89.272848      20.637021      11.184941      0              5.6120976      16.200873     -2966.4157    
     41300   372.75028      47.111094      39.99952       87.110614      11.974135      10.702091      0              7.0064897      17.428378     -1349.8482    
     41400   348.0329       48.643325      37.347119      85.990444      13.006605      13.537297      0              4.8957623      17.20366      -217.85531    
     41500   330.57372      49.926413      35.473589      85.400002      12.616204      14.195764      0              3.7259915      19.388454      818.38216    
     41600   366.11421      45.762368      39.287409      85.049777      10.196117      12.447673      0              3.3118422      19.806737      2682.4017    
     41700   273.77683      55.691878      29.378762      85.07064       14.499205      16.879302      0              6.3995593      17.913812      807.7578     
     41800   340.64035      48.87618       36.553831      85.430011      14.016712      12.159245      0              3.8354248      18.864798      3027.6913    
     41900   374.32965      45.898167      40.169001      86.067168      16.665884      7.2753043      0              4.8189414      17.138038      364.80874    
     42000   370.93769      46.844107      39.805013      86.64912       16.382426      10.470517      0              3.25514        16.736024      1488.2777    
     42100   331.60166      51.490468      35.583897      87.074365      13.330166      13.254716      0              7.5040462      17.40154       1902.0249    
     42200   356.93408      49.402714      38.302297      87.705011      18.180116      11.852687      0              3.036727       16.333184     -1917.4915    
     42300   343.41518      51.685682      36.851595      88.537277      17.611666      13.777598      0              3.9024449      16.393973     -650.1302     
     42400   379.26567      48.704262      40.698682      89.402944      12.49052       13.794106      0              5.4764022      16.943234     -1049.0926    
     42500   394.48373      47.93847       42.331718      90.270189      19.144443      9.0396403      0              2.7815979      16.972789     -3868.8416    
     42600   391.37268      49.085869      41.997875      91.083744      17.278093      9.603601       0              5.3843885      16.819787     -3351.3935    
     42700   355.62508      53.679735      38.161829      91.841565      14.521082      18.703902      0              3.4629486      16.991802     -1862.5382    
     42800   327.11276      57.397764      35.102196      92.49996       19.392112      17.014221      0              4.6427308      16.3487       -2616.218     
     42900   429.16923      47.084659      46.05379       93.138449      13.252939      14.244507      0              2.9076998      16.679513     -767.04454    
     43000   363.51494      54.309004      39.008484      93.317488      11.834765      15.500707      0              10.441642      16.531891     -2503.0405    
     43100   400.20316      49.765063      42.945466      92.710529      16.884356      11.553478      0              4.8328549      16.494374     -4260.6675    
     43200   355.79373      53.339924      38.179927      91.51985       17.719184      13.081893      0              4.3005931      18.238252     -11.697085    
     43300   326.3514       54.892951      35.020496      89.913446      14.006572      14.050011      0              9.0872642      17.749104     -2114.3765    
     43400   371.15902      48.328245      39.828763      88.157008      14.283586      11.973675      0              4.3669578      17.704027     -2787.9851    
     43500   325.90049      51.40917       34.972108      86.381278      17.940142      9.9284635      0              4.3781163      19.162448     -860.67109    
     43600   307.04653      51.810726      32.948906      84.759632      12.983639      13.114835      0              7.790116       17.922137     -190.8865     
     43700   309.21018      50.095052      33.181085      83.276137      11.678334      13.421435      0              7.6188713      17.376411      1708.7393    
     43800   308.50077      48.87806       33.104959      81.983019      15.163772      11.958915      0              4.0468721      17.708501      2854.6772    
     43900   316.62411      47.183087      33.976668      81.159755      11.157651      14.175775      0              3.758101       18.091561      1009.0298    
     44000   290.01088      49.770697      31.120824      80.891521      11.519159      12.298002      0              8.1474225      17.806113      170.52385    
     44100   342.13521      44.315492      36.714243      81.029735      12.414823      12.084331      0              2.5511054      17.265233      2325.39      
     44200   360.99956      43.052022      38.738561      81.790582      10.725294      11.366783      0              4.0270891      16.932856      2213.6734    
     44300   321.11487      48.839223      34.458568      83.297791      9.4569953      13.102419      0              7.7414806      18.538329     -1180.6417    
     44400   320.93612      51.451765      34.439386      85.891152      14.141936      10.874099      0              7.9689199      18.466811      2014.8079    
     44500   369.89341      49.959075      39.692952      89.652027      14.495971      13.162473      0              5.7875816      16.51305      -904.67758    
     44600   393.10605      51.358655      42.183881      93.542536      12.224048      11.23757       0              11.84629       16.050747     -814.13963    
     44700   324.10582      61.928336      34.779523      96.70786       16.603465      19.514364      0              7.9476016      17.862906      3432.8642    
     44800   338.97734      61.995832      36.375375      98.371206      25.675358      11.95537       0              6.1608761      18.204228     -1357.9467    
     44900   375.7625       58.718534      40.322759      99.041293      18.204959      15.527887      0              7.0871401      17.898548      1684.2096    
     45000   315.07433      65.338453      33.810362      99.148816      24.110301      18.482651      0              6.2499776      16.495523      964.44793    
     45100   375.15958      58.114762      40.25806       98.372821      18.222437      16.526922      0              6.1343006      17.231101      1247.1599    
     45200   371.03505      56.966547      39.815461      96.782008      20.728113      12.363305      0              6.7514642      17.123665      1585.5133    
     45300   354.74624      56.371213      38.067522      94.438735      17.811976      17.942047      0              4.2701713      16.347019      1817.4627    
     45400   357.33287      53.425927      38.34509       91.771017      20.788804      12.285817      0              4.1066944      16.244611      910.68601    
     45500   403.26888      46.040848      43.274445      89.315293      13.515131      9.9344681      0              5.0547073      17.536541      3848.6131    
     45600   338.5196       50.906419      36.326255      87.232674      16.163085      14.057546      0              3.7054727      16.980316     -330.5741     
     45700   328.95499      50.656021      35.299884      85.955905      14.709982      12.303423      0              4.5282144      19.114401      1256.0374    
     45800   374.71292      45.127195      40.210129      85.337324      10.999794      10.768196      0              5.483437       17.875768      2689.1948    
     45900   335.48678      49.147142      36.000805      85.147948      18.039049      11.085666      0              4.2322102      15.790217     -1333.2955    
     46000   382.1626       44.128358      41.009548      85.137906      10.234236      12.707633      0              4.891705       16.294784     -828.85805    
     46100   368.17518      45.708403      39.50857       85.216973      11.372055      15.613737      0              3.4212474      15.301363     -1091.4343    
     46200   320.85272      51.08255       34.430436      85.512986      14.367454      11.627661      0              9.0344581      16.052977     -108.77649    
     46300   263.92784      57.734901      28.321875      86.056776      17.104626      13.60023       0              10.872976      16.157069     -2658.7391    
     46400   352.23955      48.927584      37.798531      86.726115      14.99307       11.011171      0              5.6484558      17.274887     -1696.8468    
     46500   339.75371      51.17779       36.458686      87.636476      15.228789      14.803417      0              4.6422421      16.503343     -112.92368    
     46600   298.92246      56.497264      32.077118      88.574382      22.65289       11.113434      0              7.0478208      15.683119     -4585.5522    
     46700   384.37222      48.162925      41.246661      89.409585      13.52921       10.680148      0              6.9889763      16.964591      1068.7931    
     46800   304.12926      57.502854      32.635856      90.138709      18.237516      13.205954      0              8.4443213      17.615063      159.68014    
     46900   359.70105      52.280126      38.599218      90.879344      14.632468      13.642386      0              6.9021218      17.103151     -1245.9402    
     47000   315.31752      58.240142      33.836459      92.076601      18.398573      14.44903       0              8.7530063      16.639533     -1484.8022    
     47100   424.99053      48.452338      45.605378      94.057716      12.344904      11.401488      0              7.8694504      16.836496      1285.9496    
     47200   440.55808      49.600111      47.275918      96.87603       12.087841      10.566705      0              9.4720806      17.473485      1681.5693    
     47300   422.34943      54.665744      45.321963      99.987708      14.960988      16.430605      0              6.1668882      17.107263      230.43265    
     47400   441.08252      55.43638       47.332196      102.76858      21.317635      7.5371651      0              7.7356709      18.845909     -44.205048    
     47500   429.195        58.601194      46.056555      104.65775      17.387464      14.090449      0              9.7962058      17.327075     -994.32972    
     47600   473.88043      54.35297       50.851712      105.20468      14.795664      11.573634      0              8.4353131      19.548359     -1204.0288    
     47700   451.51266      55.922226      48.451446      104.37367      16.307288      15.690519      0              6.7106134      17.213805     -3354.9459    
     47800   357.74147      63.838244      38.388937      102.22718      15.337656      22.6418        0              7.095836       18.762953      599.56012    
     47900   410.35912      54.831145      44.035293      98.866438      14.462537      15.960615      0              7.4116799      16.996314      1593.9073    
     48000   354.12907      57.007956      38.001294      95.00925       19.416184      15.829387      0              5.3815265      16.380859     -101.80642    
     48100   381.24539      50.720096      40.911123      91.631219      12.727644      17.168097      0              3.5425158      17.281839      2952.1012    
     48200   312.73269      55.564685      33.559083      89.123768      16.830039      15.997849      0              6.6631795      16.073618     -3019.9661    
     48300   293.18022      56.023889      31.460923      87.484812      15.385782      16.832242      0              6.3822679      17.423598      2812.6841    
     48400   313.697        52.821732      33.662562      86.484294      17.60655       13.226351      0              5.9598379      16.028993     -1579.3041    
     48500   292.59212      54.461807      31.397815      85.859623      20.573589      11.673484      0              5.3232693      16.891466      1521.3903    
     48600   323.72364      50.788552      34.738512      85.527064      16.948175      9.8988838      0              6.1837629      17.75773       1595.1373    
     48700   301.3779       53.340246      32.340609      85.680856      16.014065      14.082932      0              6.5853466      16.657903      419.92791    
     48800   317.48496      52.273908      34.069045      86.342953      20.15216       10.770704      0              4.7399385      16.611106      386.93453    
     48900   364.96407      48.195492      39.163989      87.359481      17.645721      10.908282      0              3.75628        15.885209      139.14807    
     49000   331.42551      52.792144      35.564993      88.357137      13.686156      18.259385      0              4.8470914      15.999512     -221.37705    
     49100   412.60526      45.12932       44.276324      89.405644      10.68613       12.958799      0              6.239428       15.244962     -1985.481     
     49200   405.23053      47.371186      43.484949      90.856134      13.334071      12.404735      0              5.500598       16.131781     -1586.4853    
     49300   341.58078      55.928807      36.654748      92.583555      22.460885      13.003849      0              4.7757494      15.688324      316.63387    
     49400   373.87691      54.243238      40.120418      94.363655      18.047805      13.962609      0              7.185209       15.047615     -2604.7587    
     49500   372.27206      56.023736      39.948203      95.971938      15.963491      18.829703      0              6.2185917      15.01195      -1656.5393    
     49600   416.96552      52.980352      44.74422       97.724572      12.120907      18.85354       0              5.6413735      16.364531     -1400.47      
     49700   439.57924      52.075452      47.17088       99.246333      15.788525      13.688306      0              6.2958212      16.3028       -136.3225     
     49800   427.40862      54.105866      45.864861      99.970727      15.256412      15.272073      0              8.0234419      15.55394       533.07523    
     49900   408.54458      55.982539      43.840577      99.823116      17.234441      15.328889      0              5.0960921      18.323117     -252.58655    
     50000   385.44418      57.291464      41.361692      98.653156      13.846569      17.764381      0              6.9624362      18.718078      3000.3942    
     50100   382.17171      55.197099      41.010526      96.207625      15.585269      17.099654      0              6.9437043      15.568471     -1562.4045    
     50200   384.95821      51.649213      41.309542      92.958756      17.652953      8.4824241      0              9.3228194      16.191017     -1332.3174    
     50300   294.46434      57.824133      31.598721      89.422855      12.990839      14.504245      0              12.214468      18.114582     -2149.5068    
     50400   360.49512      48.021417      38.684429      86.705847      13.01605       14.410061      0              4.095696       16.499611     -528.00711    
     50500   293.98447      53.326781      31.547227      84.874007      16.080312      14.575734      0              6.8923802      15.778354     -1994.1508    
     50600   374.74876      43.191741      40.213975      83.405716      8.8013499      10.813745      0              5.3581209      18.218525      2291.5979    
     50700   370.63786      42.501267      39.772838      82.274105      9.8805367      9.7841013      0              5.7939456      17.042683      1828.2493    
     50800   333.68279      45.653071      35.80722       81.460291      13.569284      10.919576      0              5.0927525      16.07146      -1149.6762    
     50900   321.62295      46.520795      34.513089      81.033884      10.190231      13.988388      0              5.7671453      16.575031      1733.1797    
     51000   321.84282      46.38165       34.536684      80.918333      11.555255      13.462383      0              5.3909992      15.973013     -2492.5738    
     51100   334.2442       45.282633      35.867465      81.150098      11.675354      10.745796      0              6.3270299      16.534453     -1810.7923    
     51200   321.45574      47.297618      34.495146      81.792764      13.584678      12.581394      0              6.195692       14.935854     -1904.427     
     51300   337.01166      46.86719       36.164439      83.031629      15.276247      10.391756      0              4.7551179      16.444069      896.82912    
     51400   316.70951      50.801834      33.985832      84.787667      12.910239      13.400662      0              6.3547811      18.136153      960.52274    
     51500   355.14918      48.944736      38.110761      87.055497      18.10284       10.534378      0              4.0178698      16.289649     -3997.7342    
     51600   383.52718      49.33039       41.15598       90.48637       12.249917      16.360254      0              3.8398989      16.880319      1116.7658    
     51700   415.80545      50.205901      44.619735      94.825636      16.740183      13.101067      0              4.7922019      15.572449     -3601.4628    
     51800   433.06979      52.186955      46.472356      98.659311      10.85572       17.6552        0              5.5115926      18.164442      538.5973     
     51900   403.69133      57.745573      43.319779      101.06535      11.926116      20.230348      0              7.8993435      17.689765      1911.5983    
     52000   422.26887      56.697066      45.313318      102.01038      18.788494      13.269108      0              6.6142781      18.025187      1501.3826    
     52100   442.64198      53.880975      47.49954       101.38052      17.423831      12.845218      0              7.2187482      16.393178     -1995.6239    
     52200   390.99819      57.692096      41.957688      99.649783      9.5379128      22.61607       0              7.4120637      18.126049     -30.712296    
     52300   413.19461      53.112468      44.339567      97.452034      14.977155      13.531934      0              7.3607338      17.242644     -127.39275    
     52400   364.4106       56.084082      39.104596      95.188678      14.685929      17.389809      0              7.1707159      16.837628     -333.33994    
     52500   388.63607      51.401325      41.704211      93.105535      12.577521      10.040162      0              10.663297      18.120345      2106.2515    
     52600   372.77869      51.561072      40.002568      91.56364       9.5233871      16.840073      0              6.6088093      18.588802      1936.7077    
     52700   316.31096      56.645808      33.943064      90.588871      18.061584      14.020085      0              6.19744        18.3667       -2932.8916    
     52800   317.4593       55.908414      34.066292      89.974705      20.01389       13.147964      0              5.7840393      16.96252      -4508.1738    
     52900   347.33994      52.438818      37.272758      89.711576      12.890958      15.008788      0              6.2103855      18.328687     -325.33735    
     53000   350.5455       52.003853      37.616744      89.620598      12.685154      12.730868      0              7.4247053      19.163126      587.4774     
     53100   392.17355      47.457329      42.083815      89.541144      13.992091      10.952132      0              4.5948661      17.91824       240.37511    
     53200   369.37196      49.735144      39.636995      89.37214       13.655359      11.382203      0              7.2859423      17.41164       464.84079    
     53300   352.7615       51.263705      37.854541      89.118246      15.39336       12.301806      0              8.5992244      14.969314     -5070.0259    
     53400   358.69236      49.962634      38.490976      88.45361       13.308517      8.4672482      0              11.585607      16.601262     -2257.6009    
     53500   364.23283      48.246455      39.08552       87.331975      11.850459      9.3859034      0              8.7429384      18.267154      1949.8021    
     53600   335.82329      49.79876       36.036916      85.835676      15.837323      11.321518      0              6.2171069      16.422812     -3722.4046    
     53700   371.49677      44.048299      39.865007      83.913306      9.4812166      13.641082      0              4.6849894      16.241011     -2243.2104    
     53800   303.11292      48.831569      32.526793      81.358362      16.476395      10.156748      0              4.9371528      17.261273     -375.35479    
     53900   371.78216      38.406891      39.895631      78.302523      9.7929563      8.605602       0              2.5985278      17.409805     -133.65722    
     54000   260.91309      47.406033      27.998365      75.404398      12.929413      11.368614      0              4.3557211      18.752285      2856.8217    
     54100   269.02218      44.468031      28.868545      73.336576      9.9417951      13.905613      0              3.3942386      17.226385      1725.7256    
     54200   285.77203      41.42228       30.665958      72.088237      9.1483021      9.0190013      0              5.7997423      17.455234      1450.4931    
     54300   274.48106      42.052546      29.454332      71.506879      8.7211312      10.22491       0              6.3026802      16.803825      171.95228    
     54400   272.33495      42.459705      29.224036      71.68374       7.7873701      11.583272      0              4.5449838      18.544079      990.00622    
     54500   239.77184      47.069511      25.729716      72.799227      11.135696      10.298371      0              7.0582104      18.577234      1087.2647    
     54600   270.43325      46.365968      29.019965      75.385933      13.302282      10.171174      0              3.4196195      19.472892     -1544.7324    
     54700   337.52405      43.661459      36.219423      79.880882      14.795823      7.0137715      0              3.6464044      18.20546       2847.2468    
     54800   312.3263       50.757469      33.515473      84.272942      15.832114      11.313904      0              5.7973446      17.814107      165.7285     
     54900   335.98847      50.572114      36.054641      86.626755      11.171007      15.872198      0              5.4414874      18.087422      1547.102     
     55000   297.48195      55.98016       31.922539      87.9027        14.804713      19.881124      0              4.1958976      17.098426      2156.274     
     55100   395.7412       46.42339       42.466656      88.890047      10.73785       13.066355      0              6.0057296      16.613456     -1998.8922    
     55200   418.02891      44.691306      44.858332      89.549638      12.088719      11.58113       0              4.0266081      16.994848      1239.1903    
     55300   332.80858      54.226743      35.713409      89.940152      14.042227      17.250702      0              6.120925       16.812889     -49.741226    
     55400   354.70833      52.387799      38.063454      90.451253      15.798665      17.096334      0              2.7291676      16.763632      38.436978    
     55500   349.51232      53.475717      37.505874      90.981591      13.965071      17.337611      0              5.9779474      16.195087     -2412.844     
     55600   365.22657      52.16564       39.192158      91.357797      16.971039      13.134977      0              3.9323803      18.127244      1577.8346    
     55700   385.3742       50.130948      41.354182      91.485131      17.74339       9.2750951      0              5.634037       17.478427     -105.778      
     55800   428.1083       45.018382      45.939943      90.958325      10.651894      11.965478      0              5.3172386      17.083772      481.93001    
     55900   458.72402      40.605236      49.22529       89.830526      10.892543      10.894266      0              2.7661749      16.052252     -1790.4807    
     56000   373.74021      48.07892       40.105749      88.184669      15.805662      11.746085      0              4.9749229      15.55225      -4917.4081    
     56100   317.43425      52.276994      34.063603      86.340597      16.303673      15.697103      0              4.8288007      15.447416     -1441.0216    
     56200   326.3482       49.350948      35.020152      84.3711        11.580789      14.703765      0              5.7695774      17.296816      732.04298    
     56300   316.44299      48.426695      33.957232      82.383927      10.787903      14.442516      0              6.5551437      16.641132     -2159.3821    
     56400   260.39485      52.75203       27.942753      80.694783      17.822278      13.087924      0              5.9375407      15.904287      123.10353    
     56500   288.77085      48.40864       30.987757      79.396397      14.701904      12.480998      0              3.8308931      17.394845     -1033.0651    
     56600   265.91798      50.136016      28.535436      78.671452      16.775813      12.532251      0              2.7914989      18.036453      265.72235    
     56700   338.70235      42.355506      36.345865      78.701371      14.750714      7.1325141      0              3.2914336      17.180844     -1771.2387    
     56800   319.06259      45.198618      34.238339      79.436957      12.06452       13.320853      0              2.6800962      17.133148      166.66611    
     56900   353.52096      43.23538       37.936038      81.171418      9.9718809      10.902143      0              4.7408835      17.620473      2276.4151    
     57000   316.92369      50.30611       34.008816      84.314926      13.330605      12.656063      0              4.6643763      19.655066      4262.814     
     57100   385.99197      47.123259      41.420475      88.543734      12.100725      11.325705      0              5.9203491      17.77648      -156.7607     
     57200   360.83508      54.052658      38.72091       92.773568      16.3234        15.23587       0              6.3472557      16.146133     -3194.5697    
     57300   360.5377       57.09472       38.688998      95.783718      12.069622      17.825523      0              8.8813199      18.318255      3979.7182    
     57400   412.64838      53.25982       44.280952      97.540772      13.437469      13.7546        0              7.3684671      18.699283      2025.4946    
     57500   426.30097      52.412505      45.746         98.158505      14.961408      13.090319      0              5.4263419      18.934435     -629.99122    
     57600   362.53585      58.843807      38.903418      97.747225      15.990023      18.427812      0              5.860649       18.565323      604.33607    
     57700   376.94134      56.407631      40.449259      96.85689       17.036625      12.434301      0              9.2590004      17.677704     -574.44143    
     57800   379.73529      54.894997      40.749076      95.644072      13.697677      15.848555      0              7.829804       17.518961      1670.3029    
     57900   353.80895      56.149699      37.966942      94.116641      13.73073       15.329528      0              8.5189884      18.570453      1630.9367    
     58000   354.14446      54.369436      38.002945      92.372381      15.898203      15.154399      0              5.6621045      17.654729      1549.5433    
     58100   375.78617      49.858257      40.325299      90.183556      15.576435      12.05576       0              5.8370886      16.388973      977.49609    
     58200   338.22488      51.734925      36.294628      88.029553      14.252348      15.986301      0              5.3971206      16.099156      380.28251    
     58300   375.50183      45.947941      40.294786      86.242727      12.860817      13.547633      0              3.024132       16.51536      -415.38301    
     58400   341.45506      48.143264      36.641256      84.78452       13.483085      12.056176      0              4.2537713      18.350232      3094.8918    
     58500   420.05379      38.517699      45.07562       83.593319      5.7690906      11.368133      0              6.1075144      15.272961     -142.34211    
     58600   299.17852      50.630481      32.104596      82.735077      11.132586      17.423423      0              7.0873491      14.987123      788.23588    
     58700   333.04901      46.441849      35.739211      82.18106       11.129494      11.356945      0              8.5501463      15.405264      652.61103    
     58800   341.28129      45.264184      36.622609      81.886792      11.878831      8.6998567      0              7.8113811      16.874115     -606.92305    
     58900   319.82225      47.523144      34.319857      81.843001      13.975955      10.854673      0              7.5756269      15.11689      -1991.8298    
     59000   305.85623      49.288826      32.821175      82.110001      12.65275       14.868474      0              5.4590769      16.308525      2303.2451    
     59100   350.19652      45.588443      37.579295      83.167738      13.561581      8.4542583      0              6.1632043      17.409399     -501.3846     
     59200   389.06978      44.029019      41.750752      85.779771      13.271419      11.310398      0              3.6219967      15.825206     -4596.2465    
     59300   364.61289      51.803808      39.126303      90.930111      11.654589      17.181879      0              7.5267777      15.440562     -1494.197     
     59400   346.65429      59.500857      37.199181      96.700038      26.024972      12.243867      0              7.5826104      13.649407     -6372.3765    
     59500   425.19982      54.892194      45.627836      100.52003      13.231166      15.510802      0              9.060628       17.089599      1387.9705    
     59600   427.90509      56.507855      45.918136      102.42599      14.862032      14.100635      0              9.8176304      17.727558      2230.8874    
     59700   417.47192      58.209289      44.798562      103.00785      17.123875      16.715259      0              8.1558697      16.214285     -3346.2558    
     59800   450.66523      53.935552      48.360508      102.29606      14.652736      13.344134      0              8.337114       17.601568      1859.1103    
     59900   414.40895      55.760713      44.469877      100.23059      17.692409      12.4123        0              7.7806247      17.87538       374.77405    
     60000   470.63841      46.957297      50.503813      97.461111      10.693319      11.686459      0              8.8354678      15.742052     -1329.1763    
     60100   477.93462      42.785533      51.286764      94.072297      11.645297      11.218108      0              2.9711031      16.951024      1205.1805    
     60200   351.43854      52.835131      37.712575      90.547707      15.459436      9.8885293      0              8.9812157      18.50595       3053.0669    
     60300   397.86091      45.001344      42.694121      87.695466      12.712846      8.485936       0              5.8205268      17.982036      4832.8941    
     60400   366.62298      46.227346      39.342005      85.569351      11.47052       10.503221      0              8.017635       16.23597       1263.3294    
     60500   324.50015      49.165153      34.821839      83.986992      13.043182      12.863115      0              5.6998781      17.558977      602.00708    
     60600   269.68978      54.070241      28.940184      83.010424      13.035599      14.907068      0              9.2518878      16.875686      2452.4777    
     60700   349.40986      44.986765      37.494879      82.481644      11.57191       12.135655      0              6.1336167      15.145584     -619.60389    
     60800   366.78818      42.972195      39.359732      82.331927      9.6624233      9.9900696      0              7.5239665      15.795735     -859.37656    
     60900   328.59531      47.132349      35.261287      82.393637      12.061732      11.699608      0              6.6930192      16.67799       1343.7736    
     61000   284.03081      52.264511      30.479108      82.743619      11.443121      16.795639      0              6.8822139      17.143537      1727.8375    
     61100   336.27812      47.656274      36.085724      83.741997      13.205751      12.754712      0              5.945484       15.750326     -300.23314    
     61200   374.13973      45.25589       40.148621      85.404511      15.380249      12.100175      0              3.0945838      14.680882     -3058.915     
     61300   359.87488      48.915527      38.617872      87.533399      15.52519       12.067952      0              6.8145455      14.507839     -6254.0937    
     61400   356.23117      51.605462      38.226868      89.83233       10.457925      15.544477      0              9.3256078      16.277453     -1336.3181    
     61500   452.44785      44.021852      48.551799      92.573652      13.965446      6.2287538      0              6.9697195      16.857933      1331.2704    
     61600   400.02478      52.340453      42.926324      95.266777      16.451417      11.341865      0              8.633476       15.913695     -3242.0059    
     61700   427.20031      51.794167      45.842507      97.636674      12.960878      13.212981      0              7.1875467      18.432761      5030.7082    
     61800   398.66371      57.151555      42.780269      99.931824      12.247527      18.016585      0              9.5656314      17.321811      1829.0905    
     61900   470.64389      51.662376      50.504401      102.16678      13.012484      16.508777      0              4.5634691      17.577646      4122.4329    
     62000   452.81724      55.429793      48.591439      104.02123      12.818924      19.775973      0              5.7193222      17.115573      3408.8723    
     62100   409.94538      61.335371      43.990895      105.32627      16.375345      22.652466      0              4.9073035      17.400257      1443.5777    
     62200   425.27047      59.428782      45.635418      105.0642       16.273588      18.436884      0              6.1371828      18.581127      1111.8548    
     62300   395.62437      60.355333      42.454119      102.80945      20.203732      16.210591      0              7.525505       16.415506      2259.6368    
     62400   340.46637      61.88944       36.53516       98.424601      22.217367      13.152994      0              8.324289       18.19479       1445.1585    
     62500   417.22648      48.532351      44.772224      93.304575      13.613028      14.536717      0              3.4035208      16.979086      2069.7054    
     62600   420.793        43.827926      45.154944      88.98287       10.587423      14.444544      0              2.4736181      16.322341     -202.50087    
     62700   346.32419      48.87863       37.163758      86.042389      9.7711798      16.606462      0              4.5986897      17.902298      1657.091     
     62800   336.85759      47.876398      36.147906      84.024304      15.800126      11.583046      0              3.9694288      16.523798     -2993.1662    
     62900   304.62011      49.880976      32.688528      82.569504      12.923537      16.181815      0              3.6433613      17.132262     -746.79781    
     63000   253.30566      54.487605      27.182018      81.669622      14.178408      17.305389      0              6.4144287      16.589379     -1070.9857    
     63100   271.61551      52.206583      29.146833      81.353416      16.046367      11.724068      0              6.9932893      17.442859     -150.04824    
     63200   291.39922      50.336259      31.269806      81.606065      13.156553      16.217481      0              4.3037668      16.658458     -2506.4112    
     63300   316.76317      48.491747      33.99159       82.483337      13.006684      14.273954      0              3.5715211      17.639587      2627.3006    
     63400   350.74525      46.296525      37.638179      83.934704      13.325216      14.381155      0              2.3968498      16.193304      168.09315    
     63500   351.87699      48.163789      37.759625      85.923414      16.736647      10.864686      0              3.7820115      16.780444      909.74112    
     63600   337.45348      52.079397      36.21185       88.291247      16.533168      12.936503      0              4.7253148      17.884411      2471.9283    
     63700   330.67486      55.091552      35.484442      90.575994      17.02432       15.402211      0              6.3408123      16.324209     -2778.5997    
     63800   341.04634      55.888038      36.597397      92.485435      11.222759      21.456451      0              6.4615682      16.74726       1683.56      
     63900   396.83455      51.188933      42.583983      93.772917      10.825203      17.303056      0              7.0118144      16.04886      -2817.1321    
     64000   399.40204      51.684931      42.859498      94.544429      12.385703      15.68965       0              5.7051236      17.904455     -945.59159    
     64100   396.25592      52.048348      42.52189       94.570238      13.628692      14.515942      0              6.9883541      16.91536       3096.6028    
     64200   325.46993      58.719103      34.925905      93.645008      14.951767      20.669889      0              6.9178151      16.179632     -3432.4592    
     64300   328.65187      56.665881      35.267357      91.933238      15.576923      16.759013      0              5.8903793      18.439566      4007.5622    
     64400   303.67218      56.817435      32.586807      89.404242      14.844752      19.816111      0              4.8372035      17.319369     -1276.5904    
     64500   320.93495      51.424266      34.43926       85.863526      11.28594       15.267117      0              6.6807766      18.190431      80.738418    
     64600   297.69377      50.105387      31.945269      82.050655      10.405727      16.596128      0              5.2566121      17.84692       3418.7765    
     64700   318.42642      44.93849       34.170072      79.108563      10.05507       13.507057      0              5.1985389      16.177825     -2292.9366    
     64800   303.54258      44.810062      32.5729        77.382962      14.638941      9.5689511      0              3.0915611      17.510608      583.2706     
     64900   299.20959      44.429143      32.10793       76.537073      10.532769      10.223673      0              7.8099774      15.862724     -651.89688    
     65000   311.94554      42.815028      33.474614      76.289643      14.216716      8.806771       0              3.8524315      15.93911       836.26101    
     65100   331.47737      40.942813      35.570558      76.513371      12.974295      8.6214175      0              3.2096751      16.137425     -4404.3132    
     65200   343.72555      40.328911      36.884901      77.213812      7.7507849      11.065233      0              3.7696075      17.743286      2950.9719    
     65300   312.21271      44.910417      33.503284      78.413701      14.178461      10.218789      0              3.8165365      16.69663       92.443203    
     65400   260.01969      52.080575      27.902495      79.98307       14.827257      16.199074      0              4.6591693      16.395073      36.469623    
     65500   369.16109      42.144781      39.614367      81.759148      12.720396      8.6850274      0              3.6230323      17.116326     -119.9554     
     65600   322.14966      49.048243      34.56961       83.617853      16.342298      10.516493      0              5.6896107      16.499841     -1823.0767    
     65700   316.52967      51.136725      33.966533      85.103258      14.990748      13.460834      0              5.7347591      16.950384      1120.3214    
     65800   332.26547      50.621826      35.655129      86.276955      13.68692       13.826387      0              5.4089907      17.699528     -1551.6623    
     65900   399.35855      44.333503      42.854832      87.188335      13.828527      8.0253322      0              5.211499       17.268145     -226.95686    
     66000   383.11016      46.835105      41.11123       87.946335      11.687429      12.786333      0              4.1639306      18.197412      2921.1586    
     66100   366.93809      48.960473      39.375819      88.336292      15.352747      13.688548      0              3.4455757      16.473602     -990.66494    
     66200   384.46527      47.206229      41.256646      88.462875      14.447548      11.636038      0              4.1834982      16.939145      5447.0946    
     66300   366.52169      48.861527      39.331135      88.192662      13.509462      10.693729      0              6.9885564      17.66978       3415.6208    
     66400   306.24157      54.815521      32.862526      87.678048      15.479303      14.734369      0              8.4372487      16.164601      1302.4756    
     66500   329.42411      51.795516      35.350225      87.145741      15.859809      14.338593      0              5.2970621      16.300052      154.33343    
     66600   343.55888      49.820282      36.867015      86.687297      15.26627       13.307524      0              5.4304767      15.816012     -1191.6142    
     66700   357.41141      47.948522      38.353519      86.30204       14.008351      11.146618      0              7.2197529      15.5738       -2208.3854    
     66800   349.66939      48.181857      37.522729      85.704587      15.282757      12.263889      0              4.4572008      16.178011     -3602.1048    
     66900   324.30339      50.182281      34.800725      84.983006      12.263         16.324101      0              5.6465541      15.948626     -1830.9665    
     67000   315.02827      50.30133       33.80542       84.10675       15.644894      15.348494      0              2.3918204      16.916122     -3264.6599    
     67100   296.38138      51.097987      31.804437      82.902424      20.944709      12.197942      0              2.4995828      15.455753     -3314.1733    
     67200   290.02658      50.346584      31.122509      81.469094      18.213583      13.475993      0              2.9338191      15.723189     -1855.2215    
     67300   322.79173      45.251794      34.63851       79.890305      13.602663      13.802836      0              1.9608971      15.885398     -920.60664    
     67400   338.41325      42.087231      36.314843      78.402073      10.166557      11.242024      0              3.4667567      17.211894      1184.0558    
     67500   294.95254      45.371186      31.651109      77.022296      12.565029      9.014316       0              5.5501933      18.241648     -289.78679    
     67600   300.85833      43.830436      32.284855      76.115291      10.243728      10.952642      0              4.8938477      17.740218      2479.5119    
     67700   290.42761      44.623491      31.165543      75.789035      10.627165      10.210003      0              5.8514287      17.934894     -829.96615    
     67800   242.82932      50.021191      26.057811      76.079003      14.658756      11.854875      0              5.3137022      18.193858      2876.3061    
     67900   254.48806      49.824416      27.3089        77.133317      11.399656      16.143266      0              4.6430756      17.638419      3016.9817    
     68000   259.47601      51.462842      27.844153      79.306995      14.681444      14.688472      0              4.4334106      17.659515      1202.5152    
     68100   308.57204      49.233477      33.112607      82.346084      14.774815      12.46096       0              2.9789956      19.018706      2862.925     
     68200   326.78604      50.503578      35.067136      85.570714      10.848026      14.234788      0              6.4356951      18.985069      887.3828     
     68300   362.91314      49.379052      38.943905      88.322957      13.86226       12.496276      0              4.100655       18.91986      -2345.6707    
     68400   400.36627      47.495109      42.962968      90.458078      12.480181      12.763131      0              3.7414323      18.510366      1103.6461    
     68500   353.77313      53.972069      37.963098      91.935167      16.487941      14.004029      0              5.7986419      17.681458     -641.67788    
     68600   386.72063      51.607474      41.498666      93.10614       14.168053      14.966647      0              5.1386266      17.334147     -2067.181     
     68700   372.351        54.065056      39.956674      94.02173       21.646028      12.765506      0              1.9742853      17.679236     -247.14803    
     68800   343.51089      57.459565      36.861866      94.321431      21.221494      14.747004      0              4.3169539      17.174112     -244.1311     
     68900   382.31443      52.794275      41.025841      93.820116      12.676482      16.067001      0              6.570072       17.48072       686.80296    
     69000   400.08727      49.446942      42.93303       92.379972      19.047507      11.582164      0              2.2698307      16.547441     -553.76385    
     69100   445.76889      42.339491      47.835086      90.174578      11.228896      10.633014      0              5.0847447      15.392837     -1952.6862    
     69200   323.82317      53.005156      34.749193      87.754349      14.823733      16.558528      0              5.4371424      16.185751     -1079.6057    
     69300   391.00429      43.534385      41.958343      85.492727      12.044763      11.094348      0              2.7336352      17.661638      1712.0979    
     69400   368.06395      44.236874      39.496634      83.733508      10.043706      10.446375      0              5.4898908      18.256902      2717.2617    
     69500   318.96051      48.110604      34.227384      82.337988      14.678031      11.595638      0              4.3821893      17.454745     -591.69471    
     69600   357.20034      43.020781      38.330869      81.35165       10.822429      9.5707506      0              6.2327524      16.394849     -679.38441    
     69700   310.71383      47.463112      33.342441      80.805553      17.059869      11.111183      0              4.1240272      15.168032     -4313.1418    
     69800   358.31244      42.103773      38.450208      80.553981      12.430815      6.2325175      0              7.0139209      16.426519     -1847.0919    
     69900   285.46302      50.134325      30.632798      80.767123      15.418565      13.670326      0              3.9963917      17.049043     -29.605123    
     70000   305.1969       48.604565      32.750423      81.354988      12.748906      15.009013      0              3.9374046      16.909242      2067.4228    
     70100   363.97247      42.971599      39.057581      82.02918       8.3455058      10.950451      0              5.9597636      17.715879      718.37225    
     70200   358.86821      44.206408      38.509847      82.716256      9.1408143      11.304242      0              5.3662765      18.395075      97.538727    
     70300   320.1612       49.009932      34.35623       83.366162      12.313978      15.387989      0              5.2343203      16.073644     -1214.7422    
     70400   316.60723      49.920441      33.974856      83.895297      14.114992      15.7696        0              3.321389       16.71446      -915.15048    
     70500   306.34032      51.634835      32.873123      84.507959      14.534002      12.718521      0              6.6526118      17.729701      293.09427    
     70600   363.54943      46.249847      39.012185      85.262032      12.780477      12.820873      0              4.3384046      16.310092     -923.03912    
     70700   346.7079       48.869431      37.204934      86.074365      12.417754      13.233109      0              6.6029431      16.615625      400.15973    
     70800   323.04917      52.287784      34.666135      86.953919      12.854509      13.750935      0              8.3579848      17.324356      2335.6686    
     70900   370.32553      48.088391      39.739322      87.827713      11.868263      8.2344305      0              11.337407      16.64829       878.80018    
     71000   370.06264      49.036495      39.711112      88.747607      10.74403       14.700567      0              7.1375557      16.454342      844.00279    
     71100   358.79737      51.175795      38.502245      89.67804       13.261502      15.146741      0              4.9960894      17.771462      2847.4878    
     71200   366.16583      51.616956      39.292949      90.909904      15.263926      13.200546      0              5.5348229      17.61766       529.46169    
     71300   341.81739      55.971825      36.680137      92.651962      16.428809      14.613589      0              7.0878163      17.841611      244.16658    
     71400   424.92534      49.180356      45.598382      94.778738      16.446716      7.5694428      0              6.7059484      18.458249      3798.994     
     71500   428.51156      51.098648      45.983217      97.081865      14.906484      13.075227      0              5.2989233      17.818014     -89.057166    
     71600   446.99597      51.199448      47.966763      99.166211      11.875403      17.575824      0              5.6852027      16.063018     -3120.2887    
     71700   391.64679      58.96639       42.027288      100.99368      18.257773      14.894348      0              9.4065269      16.407743     -656.30088    
     71800   475.84722      51.436344      51.062767      102.49911      13.406999      13.994149      0              5.9984992      18.036696      837.54045    
     71900   405.38127      59.949626      43.501125      103.45075      17.435132      16.937309      0              8.9048087      16.672377     -2038.7241    
     72000   414.08395      58.915776      44.435001      103.35078      17.521522      16.423202      0              8.9792069      15.991846     -1628.9316    
     72100   413.20125      57.073018      44.34028       101.4133       18.409061      13.385921      0              9.559126       15.718911      1422.7321    
     72200   396.97829      54.756538      42.599408      97.355946      17.565134      13.227457      0              6.7148108      17.249136      516.0431     
     72300   340.08251      55.895311      36.493969      92.389281      11.311204      15.061737      0              13.828256      15.694114     -1137.7787    
     72400   348.42406      51.156931      37.389094      88.546025      15.755036      15.566582      0              3.6216904      16.213624      743.12314    
     72500   359.63101      47.573295      38.591703      86.164998      15.894008      9.9754729      0              4.1435501      17.560264     -636.57405    
     72600   384.36841      43.328357      41.246252      84.574609      11.806292      8.1904189      0              6.3385273      16.993119     -520.07485    
     72700   289.82243      52.357388      31.100602      83.45799       13.859959      15.922095      0              6.0775922      16.497741     -1656.363     
     72800   318.85239      48.387287      34.215783      82.603069      13.037244      14.008671      0              4.8636315      16.47774       1197.4844    
     72900   350.9275       44.291492      37.657736      81.949228      13.037822      8.9357321      0              6.118277       16.199661     -2045.971     
     73000   344.5872       44.578912      36.977364      81.556276      10.273524      13.91143       0              5.0728906      15.321068     -1531.1996    
     73100   281.79338      51.400598      30.239012      81.639609      14.171278      16.00899       0              4.1738867      17.046443      3526.5223    
     73200   356.36335      44.019026      38.241053      82.260079      10.111027      12.991218      0              5.2900263      15.626755     -733.78571    
     73300   344.76718      46.262672      36.996677      83.259348      14.337655      12.400546      0              2.1111554      17.413316      2873.1203    
     73400   352.5938       46.687425      37.836545      84.52397       12.858063      11.328592      0              6.0418285      16.458941      693.20501    
     73500   340.00158      49.815         36.485285      86.300285      13.16132       15.780848      0              2.8676344      18.005198      4335.9997    
     73600   341.71448      51.999387      36.669094      88.668482      15.786335      13.229208      0              5.8349549      17.148889     -1277.451     
     73700   375.31048      51.213957      40.274253      91.48821       11.623685      17.472804      0              5.0724656      17.045002      1215.7254    
     73800   393.28799      52.43376       42.203404      94.637164      12.282225      16.134557      0              6.7280947      17.288883      1602.0565    
     73900   325.58056      62.658783      34.937777      97.59656       15.763101      16.420501      0              13.104215      17.370967     -335.68804    
     74000   463.72695      50.28814       49.76215       100.05029      12.017555      11.093893      0              9.4153645      17.761327      2192.918     
     74100   326.09219      66.761522      34.99268       101.7542       22.010943      19.024537      0              8.0088219      17.717221     -3865.2358    
     74200   466.508        52.106133      50.060582      102.16671      17.479415      14.18688       0              3.9724764      16.467362     -2140.9941    
     74300   384.34108      60.147221      41.243319      101.39054      19.878019      12.327422      0              8.7943648      19.147415     -2470.6392    
     74400   475.82949      48.613287      51.060863      99.67415       11.205565      14.812985      0              4.9990867      17.59565      -629.3462     
     74500   462.18744      47.854259      49.596947      97.451206      13.745513      12.507046      0              4.918556       16.683144     -199.49165    
     74600   408.92325      51.203825      43.881211      95.085036      11.110409      16.907782      0              7.4071332      15.778501     -819.93666    
     74700   369.26016      53.60989       39.624999      93.234889      12.216541      15.781806      0              8.0786959      17.532847      3525.4439    
     74800   323.07621      57.142298      34.669038      91.811336      14.056812      16.507119      0              8.6910354      17.887333      1863.9299    
     74900   348.69463      53.352366      37.418129      90.770495      14.377444      17.691486      0              4.873917       16.409519      2508.2494    
     75000   299.81711      57.748858      32.173123      89.921981      18.393641      12.807502      0              10.168582      16.379133     -647.14557    
     75100   390.60537      47.166923      41.915535      89.082458      14.675121      9.7768012      0              3.6238826      19.091118      794.96152    
     75200   375.23667      47.98245       40.266332      88.248782      11.640455      10.443317      0              8.3609885      17.53769       1936.2485    
     75300   400.21838      44.369185      42.947099      87.316283      8.9017789      13.062604      0              5.1021837      17.302618      1519.2991    
     75400   296.62156      54.532357      31.830211      86.362568      10.664785      22.348716      0              4.9338126      16.585043     -980.64644    
     75500   352.56423      47.746083      37.833372      85.579456      12.832407      10.935348      0              8.5812823      15.397046     -2287.5856    
     75600   341.74908      48.198324      36.672807      84.871131      15.017203      12.533452      0              3.9681902      16.679479      1497.404     
     75700   267.04436      55.62117       28.656306      84.277476      17.78165       15.182239      0              5.7335587      16.923722     -1106.9978    
     75800   373.99237      43.510785      40.132808      83.643593      12.177245      11.453604      0              4.4196394      15.460297     -2293.1425    
     75900   359.59709      44.692786      38.588062      83.280848      10.72694       14.063734      0              4.0825099      15.819602      1266.8298    
     76000   284.57253      52.431029      30.53724       82.968269      11.38498       16.392919      0              5.971002       18.682128      2087.2287    
     76100   238.36186      57.365358      25.578411      82.943769      11.699025      20.704556      0              7.0095419      17.952235      447.12673    
     76200   338.44459      46.99642       36.318205      83.314624      13.623356      11.881334      0              4.1593295      17.3324        1215.549     
     76300   323.00881      49.713188      34.661805      84.374993      9.0675833      16.504247      0              7.1957285      16.94563       1719.6165    
     76400   319.88572      52.163768      34.326668      86.490436      17.753202      11.721436      0              5.8452179      16.843912     -669.20663    
     76500   339.17088      52.991888      36.396143      89.388031      15.14375       12.442363      0              7.4735222      17.932253      2797.3893    
     76600   408.94944      48.708546      43.884022      92.592569      10.391757      15.352551      0              6.8127859      16.151453      2220.077     
     76700   386.99942      53.927668      41.528584      95.456251      15.708813      17.372518      0              5.4169655      15.429371      227.22584    
     76800   357.88898      59.145174      38.404766      97.54994       10.286461      23.011516      0              9.0734587      16.773739      483.50045    
     76900   399.33903      56.048815      42.852736      98.901551      15.146254      18.643043      0              4.6534418      17.606075      1921.3547    
     77000   404.08488      56.414094      43.36201       99.776105      18.301595      16.211962      0              6.2963534      15.604184     -2422.3092    
     77100   442.75501      52.367294      47.511669      99.878964      14.875801      12.883607      0              7.902947       16.704939     -1053.0496    
     77200   330.91825      63.450462      35.51056       98.961022      21.148797      12.923785      0              11.92083       17.45705       1767.2444    
     77300   413.53071      52.539142      44.375634      96.914777      15.9934        12.587784      0              6.2464597      17.711499     -1995.3423    
     77400   357.76182      55.929791      38.391122      94.320913      13.323706      18.736356      0              5.5450989      18.32463       1526.174     
     77500   400.8359       48.418823      43.013364      91.432187      13.86924       10.938027      0              5.7402028      17.871354      1788.3674    
     77600   329.67188      52.63553       35.376813      88.012343      16.051811      12.31219       0              8.0892686      16.182261     -2437.2831    
     77700   315.7941       51.077747      33.887601      84.965348      12.568987      17.364331      0              5.6678138      15.476615     -1608.0519    
     77800   323.62455      48.039231      34.727879      82.76711       16.991515      6.6468636      0              5.8085873      18.592265     -2193.0092    
     77900   343.85653      44.598551      36.898956      81.497506      12.762942      10.78687       0              5.0917045      15.957034     -3364.5387    
     78000   280.90476      50.799758      30.143655      80.943413      12.909802      13.337018      0              8.5068574      16.046081     -20.909386    
     78100   322.67858      46.330503      34.626368      80.956872      14.493488      11.798744      0              4.0931085      15.945162     -2831.8693    
     78200   265.5275       52.838533      28.493533      81.332066      13.868502      15.229394      0              3.562981       20.177656      1812.1859    
     78300   327.0011       47.003578      35.090214      82.093792      10.705219      13.475634      0              5.7776123      17.045113     -1411.8891    
     78400   300.64642      50.844824      32.262116      83.10694       10.745899      19.077054      0              4.4930763      16.528795     -462.04174    
     78500   362.1684       45.48855       38.863987      84.352537      10.830638      11.125899      0              5.5314024      18.000611      769.92451    
     78600   300.62968      53.403022      32.260319      85.663342      19.044861      10.376701      0              5.5170412      18.464418     -2523.6888    
     78700   322.68067      52.364665      34.626593      86.991258      16.023864      16.324482      0              3.3912245      16.625095     -1405.6508    
     78800   333.91069      52.553081      35.831677      88.384758      16.526778      15.813303      0              4.5706395      15.642361     -1094.5026    
     78900   396.45837      47.487779      42.543615      90.031394      14.896883      11.350216      0              3.4122263      17.828454     -2179.9592    
     79000   359.63472      52.977057      38.5921        91.569157      17.080573      13.63171       0              4.0694936      18.19528       1386.4868    
     79100   344.34432      55.734324      36.9513        92.685624      16.486801      16.808633      0              6.097507       16.341383      1722.1848    
     79200   417.46509      48.684549      44.797829      93.482378      18.755003      9.3647429      0              4.4900737      16.074729     -4034.8596    
     79300   403.3405       50.559156      43.282131      93.841288      13.523641      14.919785      0              3.6538377      18.461893      1733.3639    
     79400   362.77787      55.074177      38.929389      94.003566      16.972716      15.387575      0              5.2200726      17.493813      1012.2404    
     79500   370.98389      53.83225       39.809971      93.642221      17.33873       16.057981      0              4.322261       16.113278     -3866.1228    
     79600   369.39213      52.326783      39.63916       91.965943      14.35018       15.974579      0              3.5082151      18.493809      926.26804    
     79700   342.0775       52.735316      36.70805       89.443366      10.532124      17.683502      0              5.9534605      18.56623      -236.14529    
     79800   385.94102      44.857373      41.415007      86.27238       9.7756042      12.632366      0              5.3170363      17.132367     -313.9615     
     79900   373.51083      42.741158      40.081134      82.822291      14.415882      9.8034697      0              2.7294959      15.79231      -3678.0436    
     80000   296.96473      48.115078      31.867036      79.982114      11.959578      15.568479      0              3.4840198      17.103         302.38194    
     80100   254.58731      51.031689      27.319551      78.35124       9.944882       19.857654      0              2.9192862      18.309866      2998.6334    
     80200   336.82886      41.426782      36.144822      77.571604      13.853942      9.1485746      0              2.3124478      16.111818      206.60283    
     80300   271.53077      48.240165      29.13774       77.377904      13.567386      14.84339       0              3.2683214      16.561067     -258.43343    
     80400   288.75465      46.849758      30.986019      77.835777      10.62121       14.729469      0              3.9870705      17.512008      2962.6491    
     80500   284.48006      48.419296      30.527317      78.946612      14.622468      11.023061      0              4.9435894      17.830178      1717.7257    
     80600   334.74441      44.928675      35.921143      80.849817      10.74073       13.189493      0              2.838011       18.160441      1763.1764    
     80700   343.85612      46.647206      36.898912      83.546118      12.163033      13.045562      0              4.0593202      17.37929       3670.356     
     80800   274.92926      57.05527       29.502428      86.557698      16.141312      17.268158      0              7.8260363      15.819764     -2046.0193    
     80900   348.52492      51.57855       37.399917      88.978466      14.055561      12.783804      0              5.6905199      19.048664      4492.4447    
     81000   394.81426      48.630715      42.367188      90.997903      14.606515      12.279533      0              5.5916462      16.153021      44.52054     
     81100   369.87116      52.760452      39.690564      92.451016      16.375869      12.699273      0              9.1953955      14.489914     -1099.0735    
     81200   313.97301      59.71589       33.69218       93.408071      16.169182      16.600736      0              12.832505      14.113467     -2772.368     
     81300   383.15423      52.632835      41.115959      93.748794      14.5567        15.567501      0              7.2163941      15.29224      -1966.1987    
     81400   384.04425      52.614842      41.211466      93.826309      14.529001      14.363089      0              7.5992717      16.12348       2232.9202    
     81500   337.51528      57.531149      36.218482      93.749631      17.1845        19.495746      0              5.2992075      15.551695     -2640.8736    
     81600   365.99246      54.316347      39.274344      93.590691      15.733099      15.866721      0              6.2294861      16.487041     -2085.9527    
     81700   373.85255      53.061912      40.117803      93.179715      15.429287      13.291403      0              5.6581599      18.683062     -2675.3732    
     81800   442.48161      45.035511      47.482331      92.517842      13.46407       8.4638725      0              6.8692889      16.238279     -1048.3228    
     81900   409.00624      47.561484      43.890117      91.451601      10.118091      14.414736      0              5.6983591      17.330298      2982.7943    
     82000   386.95456      48.43513       41.52377       89.9589        11.969856      12.592381      0              6.157566       17.715327     -261.28547    
     82100   373.82109      47.953759      40.114428      88.068187      15.148213      9.7959935      0              6.3007774      16.708775     -828.00607    
     82200   327.30143      50.548412      35.122442      85.670854      13.077457      14.877444      0              7.7497061      14.843805     -283.01893    
     82300   332.85258      47.282417      35.718131      83.000548      15.081796      7.3358295      0              7.2205983      17.644192      2202.8019    
     82400   272.30092      50.565509      29.220384      79.785893      12.621789      11.280933      0              5.7039765      20.958811      3021.7148    
     82500   356.61805      38.686246      38.268384      76.95463       8.947954       7.9829643      0              4.1493989      17.605929      1345.5959    
     82600   231.79451      49.891629      24.873675      74.765304      10.903334      17.012405      0              5.9492817      16.026608     -2102.9505    
     82700   264.79993      45.101652      28.415459      73.517111      10.686233      12.298417      0              5.342651       16.774352      81.207173    
     82800   295.07257      41.361895      31.663991      73.025886      10.778551      8.0189236      0              2.8818349      19.682585      2218.2507    
     82900   288.02522      42.554799      30.907745      73.462543      12.312494      10.011657      0              2.8049478      17.4257        1056.5445    
     83000   282.53045      44.45692       30.318105      74.775025      12.647649      9.3891576      0              5.763855       16.656258      2102.7961    
     83100   277.84642      47.038905      29.815467      76.854371      15.94104       6.2981993      0              6.7962025      18.003463     -1267.5572    
     83200   285.85882      48.653886      30.675271      79.329156      13.529708      14.010328      0              3.8110858      17.302764     -4465.9024    
     83300   324.51737      46.862767      34.823687      81.686454      11.868001      12.685262      0              4.6019219      17.707582      1957.2708    
     83400   301.61016      50.795763      32.365534      83.161297      20.091605      9.7011802      0              5.6706484      15.33233      -2270.9522    
     83500   320.06854      49.572341      34.346287      83.918628      15.508241      12.362381      0              4.1733217      17.528397     -1342.1283    
     83600   331.19055      49.002151      35.53978       84.541931      13.280247      13.873008      0              5.2723775      16.576519     -214.52231    
     83700   296.59621      53.638855      31.827491      85.466346      21.907652      10.421528      0              6.7543638      14.555311     -5069.2395    
     83800   356.38684      48.135331      38.243574      86.378904      13.901648      15.331662      0              4.0807562      14.821264     -4398.5276    
     83900   360.24236      48.463468      38.657306      87.120774      11.621214      15.932971      0              4.9598642      15.949418     -302.31038    
     84000   331.37118      52.322151      35.559164      87.881314      17.33601       12.863851      0              6.1153545      16.006935     -2190.6579    
     84100   360.11205      50.150477      38.643322      88.793799      18.605295      9.9333405      0              5.5342854      16.077556     -1556.7829    
     84200   345.90161      52.457924      37.118411      89.576335      13.786018      16.788738      0              4.6943805      17.188787      2511.5183    
     84300   418.98489      45.332543      44.960917      90.29346       11.865834      12.879787      0              4.2893258      16.297596      818.68692    
     84400   401.11676      48.028423      43.043503      91.071925      14.759124      11.131596      0              4.2966463      17.841057      3168.4352    
     84500   392.00493      49.59162       42.06572       91.657341      12.579724      12.032843      0              5.9790856      18.999967      2660.473     
     84600   392.03473      49.945956      42.068918      92.014874      10.931652      17.08247       0              4.1893866      17.742447      2380.4793    
     84700   403.45949      48.87686       43.2949        92.171759      12.980604      14.548389      0              3.8404053      17.507461      1445.8668    
     84800   346.65067      54.957135      37.198793      92.155928      15.457943      16.327484      0              4.5347672      18.636941      2745.3634    
     84900   375.15116      51.478703      40.257156      91.735859      14.355352      12.562154      0              6.0826534      18.478543      1922.8798    
     85000   352.95727      53.173532      37.875549      91.04908       14.20962       17.07223       0              5.1886433      16.703038     -318.45075    
     85100   386.77568      48.628713      41.504574      90.133287      10.137159      14.369952      0              6.1697689      17.951833      3121.5888    
     85200   372.20836      49.079562      39.941367      89.020929      10.613815      11.496214      0              10.068466      16.901067      2637.6488    
     85300   345.52397      50.348692      37.077887      87.426579      14.378071      12.093768      0              7.0926211      16.784232     -2476.8637    
     85400   336.73731      49.472142      36.134999      85.607141      11.303026      14.338803      0              5.9014273      17.928886      1343.5524    
     85500   278.87372      54.122452      29.925705      84.048157      10.308902      19.56438       0              7.0936686      17.155501      1764.9861    
     85600   311.267        49.450002      33.401801      82.851804      15.3842        12.628651      0              4.5173815      16.919771     -4376.3323    
     85700   362.96561      42.726827      38.949536      81.676363      9.8552312      12.133473      0              3.6980677      17.040055     -440.61061    
     85800   330.65857      45.299716      35.482694      80.78241       11.11183       13.260285      0              4.955589       15.972011     -1528.9491    
     85900   279.66453      50.262797      30.010566      80.273363      14.988404      14.585707      0              4.650182       16.038504     -152.49881    
     86000   298.63495      48.180871      32.046266      80.227137      14.243915      12.751386      0              5.2684091      15.917161     -1679.7452    
     86100   292.94207      49.195528      31.435368      80.630897      11.906111      14.210414      0              5.9341472      17.144857     -521.16668    
     86200   251.41778      54.604414      26.979431      81.583845      12.570738      17.160952      0              6.030446       18.842278      2046.2495    
     86300   271.75979      54.267802      29.162315      83.430117      13.294786      16.142088      0              5.0091577      19.82177      -1794.5617    
     86400   329.51849      51.053341      35.360353      86.413694      14.366771      12.984056      0              2.1624157      21.540099      3890.3993    
     86500   365.59136      51.060683      39.231302      90.291985      16.362229      13.492801      0              3.4975223      17.708131     -4010.2978    
     86600   399.63836      50.902686      42.884857      93.787544      13.834834      16.683343      0              3.7907142      16.593795     -2093.3162    
     86700   439.06529      49.006782      47.115729      96.12251       14.054253      13.161662      0              3.6061092      18.184758      5638.0744    
     86800   320.96512      62.867973      34.442498      97.310471      15.421025      20.117042      0              7.8400433      19.489863      2095.1276    
     86900   411.59232      53.745295      44.167627      97.912922      12.156526      16.335195      0              7.3862315      17.867342      1856.322     
     87000   444.71851      50.145605      47.72237       97.867976      15.665719      12.093815      0              5.8198345      16.566236     -939.24203    
     87100   347.04763      59.472634      37.24139       96.714024      19.566017      14.95276       0              7.1761614      17.777695      857.68414    
     87200   316.45599      61.257693      33.958627      95.21632       19.638572      18.440433      0              5.7845866      17.394102     -2754.8313    
     87300   420.17359      48.271703      45.088476      93.360179      15.059039      10.522589      0              4.7981674      17.891908      318.18651    
     87400   392.19763      48.787964      42.086398      90.874362      17.228819      7.843801       0              6.5034651      17.211878     -729.22638    
     87500   375.77288      47.763718      40.323873      88.087591      12.886837      12.485051      0              5.8129333      16.578896     -2171.8858    
     87600   343.58608      49.003031      36.869935      85.872965      13.803979      13.892619      0              4.1252088      17.181223      1423.0904    
     87700   386.65586      42.733654      41.491717      84.225371      11.095483      12.287284      0              3.336853       16.014034     -1476.3602    
     87800   373.95514      42.808336      40.128813      82.937149      10.305445      10.57296       0              5.1594153      16.770516      949.48155    
     87900   379.65965      41.223015      40.740959      81.963974      9.893032       11.559365      0              3.5285337      16.242084     -2187.0228    
     88000   350.44175      44.03969       37.60561       81.645301      11.60236       12.738477      0              2.2374947      17.461359      5020.659     
     88100   348.64524      44.471204      37.412828      81.884033      13.210604      9.4945107      0              4.0548523      17.711237      2293.9052    
     88200   340.54081      45.753601      36.543149      82.296749      11.878603      10.252628      0              4.8655015      18.756869      894.71837    
     88300   299.89372      50.516364      32.181344      82.697708      13.963113      11.211148      0              5.4390537      19.903049      3157.5442    
     88400   291.45323      51.989997      31.275601      83.265598      13.980601      18.208206      0              2.0056298      17.79556      -1891.8182    
     88500   317.86783      50.135051      34.11013       84.245181      16.103575      12.136782      0              4.4842309      17.410463     -2026.4621    
     88600   379.64366      44.351275      40.739243      85.090519      11.803107      12.784453      0              1.8279923      17.935723      1221.237     
     88700   308.03592      52.756833      33.055077      85.81191       16.078014      14.849658      0              4.1056138      17.723548      3169.2124    
     88800   302.42599      54.229772      32.45308       86.682851      15.249564      17.397671      0              4.4999186      17.082617      2416.1159    
     88900   369.3731       48.157786      39.637117      87.794904      12.121386      13.496422      0              4.9058139      17.634164      1129.8539    
     89000   369.63909      49.029212      39.66566       88.694873      11.928922      16.696962      0              3.7456217      16.657707     -1913.9241    
     89100   316.21534      55.40115       33.932803      89.333952      17.467115      13.89851       0              4.2866013      19.748923     -2936.3428    
     89200   301.44475      57.775549      32.347784      90.123332      16.138692      16.003963      0              4.5836959      21.049198      2023.055     
     89300   369.40226      51.893088      39.640247      91.533335      16.16353       11.202307      0              6.3123214      18.21493       810.01473    
     89400   417.59111      48.37254       44.811352      93.183892      15.963659      12.293122      0              4.8397016      15.276057     -2695.1452    
     89500   415.82342      49.999134      44.621663      94.620797      13.044968      14.330615      0              4.9865155      17.637036     -619.46508    
     89600   470.46495      46.006742      50.485199      96.491942      10.699103      12.106924      0              5.3021274      17.898588      992.94598    
     89700   383.36999      58.06714       41.139113      99.206253      17.886592      17.388992      0              6.7753705      16.016186     -938.42331    
     89800   391.86415      60.811476      42.050613      102.86209      17.296905      18.95288       0              7.5321056      17.029585     -1036.0713    
     89900   473.64937      56.26691       50.826917      107.09383      18.165369      11.448706      0              6.7712413      19.881593      1488.4835    
     90000   426.85976      64.417298      45.805963      110.22326      21.233603      12.621314      0              10.474205      20.088175      2078.3954    
     90100   482.35848      59.931251      51.761484      111.69273      20.682363      13.43482       0              8.7146154      17.099453     -1285.3276    
     90200   450.25436      62.232834      48.316418      110.54925      19.248813      16.890117      0              5.4781649      20.61574      -289.19423    
     90300   377.54609      67.543785      40.514155      108.05794      18.403566      19.377521      0              7.3658442      22.396854      1569.8418    
     90400   412.06068      60.338155      44.217886      104.55604      17.291677      15.81082       0              9.1605587      18.075099      976.54225    
     90500   398.53497      56.832706      42.766453      99.599159      19.112889      15.814945      0              5.2649845      16.639887     -2797.8053    
     90600   369.31654      55.63928       39.631049      95.270329      18.855057      16.22036       0              3.9685444      16.595319      941.35868    
     90700   339.1053       55.965218      36.389105      92.354323      16.437709      14.810291      0              6.3189269      18.398291      1582.272     
     90800   337.91347      54.429518      36.261211      90.690729      12.592685      21.280208      0              3.8489865      16.707638      1339.6524    
     90900   360.97711      50.646234      38.736151      89.382385      10.233789      20.010289      0              3.8887973      16.513359      2115.9108    
     91000   383.32926      47.398003      41.134742      88.532745      17.392197      9.8396263      0              5.615506       14.550673     -3890.4725    
     91100   323.3981       52.911433      34.703579      87.615012      12.456773      17.242684      0              6.3026074      16.909368     -40.159489    
     91200   317.52327      52.545349      34.073156      86.618505      15.427417      14.38171       0              6.040612       16.695611     -1313.9896    
     91300   346.17798      48.513622      37.148069      85.661691      12.410495      15.291314      0              5.0267791      15.785034     -1262.0924    
     91400   309.11858      51.72151       33.171255      84.892765      15.479611      16.320488      0              4.4993718      15.422038     -3654.6686    
     91500   314.48944      50.383622      33.747598      84.131221      17.581608      12.370559      0              4.6212217      15.810233     -773.33197    
     91600   347.08576      46.230153      37.245482      83.475636      13.661911      11.547312      0              5.5032882      15.517642     -2994.2044    
     91700   378.81767      42.162458      40.650606      82.813065      10.003283      10.206372      0              4.4634358      17.489368      518.47388    
     91800   337.03741      45.911077      36.167202      82.078278      12.25347       12.96552       0              4.7249735      15.967113     -366.37754    
     91900   360.89325      42.577067      38.727152      81.304219      9.5474103      9.4336838      0              7.0962906      16.499682     -1488.2485    
     92000   296.68854      48.720936      31.837399      80.558335      14.665         13.883384      0              4.2274517      15.945101     -1579.1796    
     92100   329.60246      44.623919      35.369363      79.993283      12.292568      10.741852      0              4.0433642      17.546135      852.85266    
     92200   246.5556       53.242876      26.457675      79.700551      19.473129      12.652247      0              3.5445893      17.572911      660.46749    
     92300   362.0598       40.988682      38.852334      79.841016      10.589566      11.662556      0              2.406876       16.329684      541.52809    
     92400   338.89226      43.990208      36.366244      80.356452      11.857851      11.949475      0              3.7350661      16.447816     -983.96095    
     92500   339.79958      44.942067      36.463608      81.405675      8.0340343      15.079401      0              4.2345824      17.594049      1908.2616    
     92600   351.62662      45.52187       37.732758      83.254628      15.451565      11.74948       0              2.4358262      15.884998     -665.09534    
     92700   386.05846      44.316908      41.42761       85.744518      11.622016      11.864708      0              3.9418833      16.888301      3579.9565    
     92800   376.73676      48.229486      40.427306      88.656792      9.5728319      10.859397      0              7.8647008      19.932556      1827.6368    
     92900   339.3402       55.045376      36.414312      91.459688      15.271655      19.070519      0              3.749194       16.954008     -3340.0311    
     93000   381.09719      53.079351      40.89522       93.974571      21.262062      10.447772      0              3.8407842      17.528733      3732.2458    
     93100   423.29496      50.394371      45.423427      95.817798      16.035605      12.508836      0              5.1126649      16.737265      968.36929    
     93200   385.01743      55.133459      41.315898      96.449357      19.771183      13.680476      0              5.3487771      16.333023     -2983.6647    
     93300   454.20012      47.102973      48.739835      95.842807      9.5882877      15.247275      0              5.966542       16.300868      627.95514    
     93400   410.99092      50.17168       44.103091      94.274772      10.743226      14.814253      0              7.1371322      17.477069      1166.7922    
     93500   444.8434       44.491458      47.735773      92.227231      10.960671      10.265319      0              5.4777754      17.787692      1352.7135    
     93600   374.03074      49.340155      40.136926      89.477081      14.72807       12.453644      0              5.2019355      16.956506     -861.45097    
     93700   411.2656       42.406718      44.132567      86.539285      12.936195      8.5537861      0              3.5488619      17.367875     -748.38458    
     93800   321.68634      49.53955       34.519892      84.059442      15.534397      10.582001      0              6.6553478      16.767806     -1115.5178    
     93900   362.77905      43.276638      38.929516      82.206154      11.022823      9.45047        0              3.8436725      18.959672      4643.7423    
     94000   304.48089      48.620341      32.673589      81.29393       18.168485      10.328391      0              2.8841718      17.239293     -1789.3574    
     94100   316.32891      47.01636       33.944991      80.961351      12.599561      13.6496        0              2.893861       17.873338      913.38263    
     94200   341.66126      44.307698      36.663384      80.971082      9.171051       13.03824       0              3.1736511      18.924756      2471.4694    
     94300   302.8186       48.822971      32.495211      81.318181      12.247239      11.273172      0              5.0284692      20.27409       3030.1551    
     94400   328.55398      46.81307       35.256852      82.069923      14.353125      7.6493045      0              5.4697987      19.340842      1147.7631    
     94500   316.02416      49.008092      33.912287      82.920379      15.517007      12.501441      0              4.3553974      16.634247     -2249.3044    
     94600   365.36577      44.613103      39.207094      83.820197      16.701164      8.6498092      0              3.1506166      16.111513     -2332.9422    
     94700   368.08608      45.17592       39.499008      84.674928      13.536792      11.444039      0              2.8262308      17.368857      2243.877     
     94800   349.13792      47.773894      37.465698      85.239591      11.148143      12.851662      0              6.7970928      16.976996      1287.7653    
     94900   323.20383      51.247892      34.682732      85.930624      15.785143      13.803885      0              5.1731332      16.48573      -1905.1704    
     95000   351.27346      48.859888      37.69486       86.554748      10.169724      17.378102      0              4.3505438      16.961518      1251.6563    
     95100   365.61469      47.715388      39.233806      86.949194      15.275987      13.889438      0              2.2319505      16.318012     -1967.8591    
     95200   360.36511      48.625019      38.670478      87.295497      15.863745      13.428647      0              3.8612437      15.471384     -2403.123     
     95300   321.61849      53.110876      34.512611      87.623487      17.80683       13.655058      0              3.9639586      17.685029      2177.4432    
     95400   412.76711      43.454028      44.293692      87.74772       12.444739      10.596144      0              3.5410467      16.872098      1644.887     
     95500   305.24164      54.826532      32.755224      87.581757      15.890026      15.7127        0              6.5176058      16.7062        2032.7659    
     95600   405.3965       43.325406      43.502758      86.828164      13.242192      9.3130765      0              4.4380854      16.332052      256.80994    
     95700   370.98132      45.771288      39.809695      85.580983      12.050029      12.762991      0              4.5956744      16.362594     -2311.3254    
     95800   362.2402       45.19424       38.871692      84.065932      8.5906152      11.584323      0              7.1195194      17.899783     -1487.2851    
     95900   339.95339      45.792318      36.480114      82.272431      13.532231      10.520471      0              5.6111622      16.128453      921.63985    
     96000   345.25584      43.147873      37.049115      80.196988      12.61342       6.3024059      0              7.872975       16.359072      114.7999     
     96100   296.62991      46.608459      31.831107      78.439566      12.595044      13.429417      0              4.5083972      16.0756       -1184.6898    
     96200   329.85739      41.777102      35.39672       77.173822      8.953904       10.81665       0              5.9259324      16.080616     -651.96939    
     96300   339.75892      40.204948      36.459245      76.664193      10.143328      11.128615      0              3.1581764      15.774829      2480.2747    
     96400   291.20728      45.397531      31.249209      76.64674       10.204619      12.969026      0              5.6273177      16.596567      2523.9007    
     96500   297.06301      45.333005      31.877582      77.210587      12.874934      11.705463      0              3.9508381      16.80177       498.29596    
     96600   332.44203      42.8347        35.674076      78.508776      11.387728      10.592951      0              4.8243087      16.029713      77.895843    
     96700   289.12592      49.761214      31.02586       80.787073      14.272966      13.01322       0              4.8811263      17.593901      878.90777    
     96800   391.26125      41.796053      41.985917      83.78197       9.8334619      11.317008      0              3.6760447      16.969538      309.00647    
     96900   323.50323      52.254502      34.71486       86.969362      13.614496      16.717589      0              5.3513027      16.571114     -2206.3493    
     97000   379.15017      49.121863      40.686287      89.808149      13.572737      11.096915      0              8.4459488      16.006262     -1163.3525    
     97100   397.14306      49.478451      42.617089      92.09554       10.501248      14.364406      0              7.905142       16.707654     -1627.592     
     97200   457.60391      44.224711      49.105092      93.329803      9.9216834      9.1497612      0              7.7732013      17.380066      2591.2505    
     97300   336.90186      57.565549      36.152656      93.718206      16.134967      16.795473      0              8.5475408      16.087568      1581.3928    
     97400   350.01912      55.987785      37.560258      93.548043      11.770295      17.893449      0              6.2425975      20.081443      2553.4912    
     97500   331.53929      57.802595      35.577203      93.379798      15.380679      17.607502      0              8.0677361      16.746677     -62.38552     
     97600   422.49903      47.696703      45.338017      93.03472       16.787743      11.010668      0              2.9233939      16.974899     -684.55511    
     97700   388.90789      50.62929       41.73338       92.36267       12.326815      17.097815      0              5.3781113      15.826549     -73.820402    
     97800   464.75947      41.420144      49.872949      91.293093      8.7153765      12.563202      0              4.2946648      15.846901     -649.38003    
     97900   430.35291      43.416362      46.18081       89.597173      11.339818      10.421337      0              5.0210391      16.634168     -118.38593    
     98000   412.20634      42.920335      44.233516      87.153851      9.8776719      11.596352      0              4.6668508      16.77946       967.5714     
     98100   341.9098       47.928233      36.690054      84.618287      12.826761      13.1503        0              4.5203301      17.430842      2468.6373    
     98200   291.56552      50.959654      31.287652      82.247306      15.915621      12.106961      0              4.8836242      18.053448      2298.0905    
     98300   326.55541      45.285615      35.042388      80.328002      9.1421134      13.344547      0              5.1409268      17.658028      3790.6143    
     98400   343.58273      41.845778      36.869575      78.715353      10.785968      10.92056       0              4.3575635      15.781686     -2948.1705    
     98500   280.02         47.551647      30.048711      77.600358      12.46489       13.412331      0              4.521597       17.152829     -2619.0237    
     98600   310.06155      43.860776      33.272445      77.133221      10.043433      9.0223066      0              5.1498798      19.645156     -501.54805    
     98700   298.89907      45.45167       32.074609      77.526279      9.2727792      13.68182       0              4.1218347      18.375236      364.28811    
     98800   299.67723      46.735599      32.158113      78.893712      10.854128      11.901141      0              5.0877755      18.892555      4154.887     
     98900   386.71089      40.624895      41.497621      82.122516      12.578982      9.158217       0              2.8791282      16.008567     -1614.284     
     99000   339.32863      51.4928        36.413071      87.905871      12.785709      10.75272       0              12.165835      15.788537     -2003.7337    
     99100   384.01255      53.126703      41.208065      94.334768      15.499684      15.994534      0              5.6119212      16.020563      995.63492    
     99200   451.1539       49.430327      48.412947      97.843274      15.578664      10.158643      0              6.0741625      17.618858     -1013.6103    
     99300   452.23535      50.137757      48.528996      98.666753      15.41568       10.889186      0              6.0549769      17.777914      2331.9473    
     99400   408.12675      54.416738      43.795739      98.212477      12.586072      15.377105      0              8.1742274      18.279333      1414.6994    
     99500   443.38627      49.617625      47.579409      97.197033      12.732117      13.651047      0              4.9966706      18.23779      -183.26254    
     99600   358.92622      57.013034      38.516072      95.529106      14.481742      15.245353      0              10.115622      17.170317     -557.54724    
     99700   397.67912      50.501189      42.674613      93.175803      10.338375      18.186989      0              4.3168335      17.658992      1010.5435    
     99800   376.03378      49.904132      40.351869      90.256001      15.219726      13.238532      0              5.3250094      16.120864      975.09338    
     99900   306.21871      54.469748      32.860073      87.329821      12.987873      17.326199      0              7.1325267      17.02315       3136.9026    
    100000   291.27504      53.63079       31.256481      84.887271      13.687571      16.004902      0              8.5568578      15.38146      -1007.0501    
    100100   329.57143      47.816905      35.366034      83.182939      10.340847      11.029753      0              8.5246795      17.921625      2825.6838    
    100200   290.56757      51.063654      31.180563      82.244216      16.866799      12.254997      0              5.8767076      16.065151     -1092.6797    
    100300   318.839        47.643702      34.214346      81.858048      9.4348141      13.120181      0              7.1288012      17.959906      1195.7335    
    100400   347.39847      44.704651      37.279039      81.98369       8.8706469      8.184265       0              9.4375708      18.212168      943.9473     
    100500   321.23426      48.041343      34.471379      82.512722      11.414698      15.984037      0              4.8905435      15.752064     -3319.4335    
    100600   273.04393      54.124693      29.300115      83.424808      13.416028      13.942913      0              8.0692114      18.696542     -1050.3666    
    100700   318.10449      50.674824      34.135526      84.81035       12.379602      15.016483      0              5.4179246      17.860815     -1387.1062    
    100800   263.81384      58.538209      28.309642      86.847851      13.166379      19.842849      0              7.481641       18.047339     -1385.9131    
    100900   338.40405      53.166595      36.313855      89.48045       14.029313      16.264622      0              4.9486264      17.924034      280.00533    
    101000   406.24546      49.234095      43.59386       92.827954      9.7256417      15.183259      0              7.2577428      17.067451     -1655.3608    
    101100   416.62315      51.165752      44.707481      95.873234      16.620342      11.963787      0              3.563908       19.017716      2396.9343    
    101200   449.69197      49.940118      48.256068      98.196186      12.570142      12.283515      0              7.8876227      17.198838      1421.4281    
    101300   464.1164       49.558236      49.803942      99.362178      12.57631       10.671191      0              6.2355686      20.075166      5109.4885    
    101400   421.89858      54.296436      45.273583      99.57002       16.118117      10.552608      0              7.8238376      19.801874      1516.7047    
    101500   397.87213      55.898859      42.695324      98.594183      16.760808      13.253553      0              6.9387753      18.945722     -1126.7441    
    101600   392.94853      53.862374      42.166977      96.029351      14.142331      14.457674      0              7.0202987      18.242069     -618.22114    
    101700   318.19886      56.473193      34.145653      90.618847      15.94868       14.739246      0              7.6919993      18.093268     -1585.576     
    101800   400.68869      40.978558      42.997567      83.976125      8.7395404      11.012709      0              4.2844052      16.941903     -666.64983    
    101900   383.93693      38.577351      41.19995       79.777301      7.9488037      8.8494566      0              5.5979739      16.181117     -688.28481    
    102000   317.15223      43.997138      34.03334       78.030478      9.9646394      11.320185      0              6.7033964      16.008917     -1330.5949    
    102100   331.90338      41.678731      35.616274      77.295005      11.219037      7.4989658      0              6.5250041      16.435724     -1286.9022    
    102200   322.12333      42.556072      34.566785      77.122857      8.2343693      11.389929      0              6.8995864      16.032187     -820.33164    
    102300   274.32397      48.096374      29.437475      77.533849      12.57225       11.860589      0              5.433907       18.229627      2577.8021    
    102400   304.93715      45.633089      32.72255       78.355639      12.914281      11.180102      0              3.6496202      17.889086     -2410.8165    
    102500   308.26391      46.728494      33.079541      79.808035      7.6738161      18.123916      0              3.6072173      17.323544      2308.6849    
    102600   326.41379      46.88743       35.02719       81.91462       13.001073      12.464596      0              4.8172018      16.604559     -1665.1425    
    102700   320.34186      50.140206      34.375616      84.515822      11.612203      16.717723      0              5.0931873      16.717092     -1166.3932    
    102800   376.85569      46.792146      40.440069      87.232215      13.563356      8.6174797      0              5.3215965      19.289714      6837.356     
    102900   345.46672      52.678891      37.071744      89.750635      18.733401      10.083982      0              6.5515606      17.309947      379.39843    
    103000   380.28126      50.778379      40.807663      91.586042      16.002199      12.56932       0              5.5162061      16.690653     -492.9956     
    103100   323.76591      58.395487      34.743048      93.138535      19.102696      16.088203      0              6.6662834      16.538304     -1591.7049    
    103200   370.89343      54.355806      39.800263      94.156069      16.340411      14.556378      0              4.3559251      19.103092      633.22588    
    103300   321.1157       60.343182      34.458656      94.801839      18.373923      19.351971      0              5.0269659      17.590322     -1000.128     
    103400   433.30969      48.413099      46.498099      94.911198      15.513823      11.700818      0              4.0705824      17.127875      1612.3418    
    103500   383.31502      53.348413      41.133214      94.481627      18.089624      12.278831      0              6.8258483      16.154111      449.66756    
    103600   402.29332      50.176269      43.169759      93.346028      14.408575      11.617857      0              6.6791872      17.47065       958.78169    
    103700   306.39901      58.794487      32.879421      91.673908      18.817059      15.221234      0              7.3300873      17.426107      2376.2648    
    103800   369.75842      49.549126      39.678466      89.227592      15.134185      10.755345      0              7.9727783      15.686818     -1483.351     
    103900   372.36902      45.829648      39.958607      85.788256      11.817134      10.389365      0              5.7555533      17.867596      2693.2932    
    104000   362.56883      43.267082      38.906957      82.174039      11.279255      10.763492      0              4.2146045      17.00973      -220.79127    
    104100   293.3594       47.668848      31.480151      79.148999      12.877359      10.304573      0              8.300175       16.186741      1328.3457    
    104200   307.69297      44.001714      33.018274      77.019988      11.442495      10.040834      0              7.6467948      14.87159      -2783.2778    
    104300   294.84247      44.470557      31.639299      76.109856      13.454851      9.8784532      0              3.7750313      17.362222     -342.25944    
    104400   326.38408      40.933558      35.024002      75.95756       12.132575      8.5952339      0              4.5702253      15.635524     -577.00228    
    104500   302.72172      43.907884      32.484814      76.392698      10.5738        12.479807      0              4.6061081      16.248169     -563.81773    
    104600   337.09372      41.06528       36.173245      77.238525      7.2372156      13.257215      0              2.6366452      17.934204      5180.1006    
    104700   324.70273      43.603839      34.843578      78.447417      10.642481      12.552692      0              4.9801733      15.428493      274.46024    
    104800   320.93567      45.462281      34.439338      79.901618      10.271114      13.905855      0              5.2530932      16.032218     -128.45839    
    104900   304.06372      48.884172      32.628823      81.512995      13.855077      17.502049      0              2.3513611      15.175685      294.54514    
    105000   332.35688      47.396307      35.664938      83.061246      13.237211      13.319726      0              5.1067458      15.732624     -2496.7804    
    105100   327.33168      49.438404      35.125688      84.564092      13.715182      12.882758      0              4.9491103      17.891354      2119.7128    
    105200   355.7444       47.65043       38.174633      85.825063      14.400566      10.972574      0              4.0526989      18.224591      667.10506    
    105300   363.55697      47.918623      39.012994      86.931617      12.584419      13.013697      0              5.147124       17.173384      874.61283    
    105400   390.29193      45.906058      41.881899      87.787958      13.441746      7.7136507      0              8.2706981      16.479963     -1370.6361    
    105500   328.82879      53.173931      35.286341      88.460273      14.689156      16.143319      0              4.4528003      17.888657      403.36262    
    105600   390.6894       46.945335      41.924552      88.869887      15.080174      12.940322      0              3.5226508      15.402189     -4186.9683    
    105700   330.25576      53.806959      35.439469      89.246427      16.051111      16.020832      0              4.1574633      17.577553      418.69504    
    105800   301.49338      57.191854      32.353002      89.544856      17.426554      15.72081       0              4.1995211      19.844969      4220.5515    
    105900   327.11964      54.776364      35.102935      89.879298      11.796585      19.170475      0              5.4774081      18.331895     -1936.8472    
    106000   309.49153      57.260891      33.211277      90.472168      18.5134        18.827156      0              3.170745       16.74959      -4312.0367    
    106100   346.36875      54.662235      37.16854       91.830775      12.716565      16.979258      0              5.7692101      19.197201      144.85876    
    106200   390.61636      52.442412      41.916714      94.359126      17.525011      12.116399      0              3.7265072      19.074494     -1856.1014    
    106300   345.2228       61.345418      37.045569      98.390987      22.330676      17.625533      0              3.4965045      17.892705     -2408.0646    
    106400   329.70613      67.681058      35.380489      103.06155      24.598352      18.286572      0              6.2630838      18.53305      -1787.8928    
    106500   435.74797      60.149922      46.75975       106.90967      18.792426      14.886336      0              7.3539013      19.11726       1508.8147    
    106600   494.78201      56.231666      53.094643      109.32631      16.143857      15.903068      0              5.35964        18.825101     -1013.5021    
    106700   446.2238       62.057212      47.883902      109.94111      18.281982      15.886576      0              8.8163418      19.072312      35.216892    
    106800   432.7735       62.356067      46.440561      108.79663      19.023705      14.222696      0              10.735088      18.374578      1306.4942    
    106900   474.39191      55.272861      50.906599      106.17946      21.475318      9.8598482      0              6.3396464      17.598049     -653.22898    
    107000   385.4605       61.297997      41.363443      102.66144      18.720064      10.075231      0              15.383999      17.118701     -100.39916    
    107100   387.59093      57.262701      41.592058      98.854759      16.892478      12.807776      0              9.3621955      18.200252     -588.56943    
    107200   353.81091      57.739568      37.967153      95.70672       20.06233       11.628735      0              9.3280988      16.720403     -1002.3851    
    107300   414.18763      48.65008       44.446127      93.096207      15.097029      11.303801      0              5.5270231      16.722227     -2989.6245    
    107400   360.61668      52.416498      38.697473      91.113972      8.6355161      18.686291      0              8.61975        16.474941      981.84555    
    107500   351.71377      51.829557      37.74211       89.571666      17.321414      9.8221871      0              7.6861418      16.999814     -273.05729    
    107600   332.94089      52.520994      35.727608      88.248602      15.724027      9.4419027      0              10.308015      17.047049      843.8092     
    107700   391.23744      45.045321      41.983362      87.028683      13.572553      8.9819198      0              5.9510062      16.539842     -228.3292     
    107800   316.76263      52.070134      33.991532      86.061665      12.037747      15.275554      0              8.4106363      16.346196     -1662.1       
    107900   306.31342      52.352261      32.870236      85.222498      10.619462      18.151753      0              7.1050361      16.47601       526.52045    
    108000   335.14194      48.589932      35.963801      84.553733      12.480361      13.406682      0              6.239019       16.46387      -579.43604    
    108100   392.33454      41.915605      42.10109       84.016696      11.165602      9.5574848      0              6.2505111      14.942007     -1900.2418    
    108200   339.63998      47.141124      36.446482      83.587606      9.357189       13.323886      0              7.2760886      17.183961      3653.5826    
    108300   310.77936      49.969527      33.349473      83.319         15.674785      10.541222      0              8.6154546      15.138065     -3633.9005    
    108400   365.81543      44.054114      39.255347      83.309461      14.414262      10.168436      0              3.7189324      15.752484      242.1092     
    108500   272.1223       54.352993      29.201216      83.554209      15.845965      13.937935      0              6.4844949      18.084598      5979.1804    
    108600   273.07968      55.123877      29.303952      84.427829      15.411984      15.881623      0              7.6170111      16.21326      -271.18758    
    108700   303.85315      53.601106      32.606227      86.207333      12.492691      17.172047      0              6.8818178      17.05455       2061.0458    
    108800   389.54614      47.320944      41.80187       89.122814      15.433288      8.728159       0              4.3671696      18.792327      4310.0274    
    108900   389.31957      50.895108      41.777557      92.672664      11.518251      13.504103      0              7.4976969      18.375057      580.00748    
    109000   388.20714      54.647469      41.658183      96.305651      16.552885      12.512953      0              7.0221947      18.559436     -1544.3528    
    109100   396.53462      56.505949      42.551798      99.057747      16.99919       15.097405      0              8.3355011      16.073852     -2884.2959    
    109200   451.69984      52.562401      48.471531      101.03393      16.262766      11.841108      0              7.1389593      17.319569     -1609.604     
    109300   431.52739      55.607367      46.306843      101.91421      19.822926      11.474949      0              6.5166224      17.79287      -1167.7449    
    109400   420.00353      56.641632      45.070227      101.71186      11.003562      20.064957      0              7.6981917      17.874921     -1753.324     
    109500   414.32066      56.155865      44.460403      100.61627      14.196168      16.002565      0              7.894535       18.062596     -370.40326    
    109600   432.35169      52.171928      46.395297      98.567225      16.114788      11.994348      0              6.4717667      17.591026     -518.44357    
    109700   354.84369      57.996175      38.077979      96.074154      16.01933       17.703793      0              3.6551123      20.61794       2480.1986    
    109800   335.02746      57.660114      35.951516      93.61163       17.942067      15.20967       0              6.9845389      17.523838      637.19427    
    109900   376.84033      50.785088      40.43842       91.223508      16.157715      11.360787      0              5.0956851      18.170901      1823.3742    
    110000   346.29568      51.896964      37.160699      89.057663      14.710602      12.069427      0              7.1012015      18.015733      3664.9761    
    110100   338.22393      51.14438       36.294527      87.438907      14.302133      12.319705      0              7.385652       17.13689      -208.35053    
    110200   333.368        50.67996       35.773441      86.453401      14.037315      14.671158      0              5.2805302      16.690957      399.70345    
    110300   336.5157       49.981411      36.111218      86.09263       9.8682286      16.041987      0              8.5322569      15.538939     -412.06418    
    110400   335.41665      50.069191      35.993279      86.06247       16.569125      10.108097      0              6.4766207      16.915348     -1007.4409    
    110500   383.73616      44.885789      41.178405      86.064194      12.658282      12.285974      0              3.7844489      16.157084      705.72971    
    110600   393.67669      43.863403      42.245116      86.108519      12.413389      9.7062811      0              6.4132509      15.330483     -2574.8115    
    110700   337.67042      49.901523      36.23513       86.136653      19.167759      7.7616091      0              7.4990508      15.473104     -677.15282    
    110800   313.66508      52.426127      33.659137      86.085264      13.44707       16.147645      0              7.7833567      15.048056     -2036.6788    
    110900   354.15681      48.055782      38.004271      86.060053      11.338928      14.762465      0              4.2078084      17.746581      2530.9968    
    111000   304.87404      53.409673      32.715778      86.125451      12.501028      21.291387      0              4.7138776      14.903381     -3917.0846    
    111100   353.7189       48.450108      37.957278      86.407387      10.116051      15.371713      0              6.9779935      15.984351      967.61038    
    111200   338.87395      50.562774      36.36428       86.927054      14.904041      10.507464      0              10.000163      15.151106      2098.864     
    111300   307.09897      54.819593      32.954533      87.774126      14.73378       15.117457      0              8.4335023      16.534853     -982.87009    
    111400   332.64087      53.772506      35.695413      89.46792       15.661879      13.846568      0              7.8014026      16.462657      2585.6946    
    111500   388.90651      50.756708      41.733232      92.489939      12.927789      14.945034      0              7.4705833      15.413301     -1456.5165    
    111600   429.65694      50.914118      46.106126      97.020244      16.017113      11.294317      0              7.8030509      15.799636     -1221.3999    
    111700   453.97974      52.76007       48.716186      101.47626      17.131112      16.117328      0              3.5600904      15.95154      -2677.1861    
    111800   416.7239       60.007257      44.718292      104.72555      19.397746      18.351787      0              3.6454831      18.61224      -1029.4337    
    111900   437.9898       59.223208      47.000318      106.22353      22.112729      16.352434      0              5.2900177      15.468027     -3663.4563    
    112000   463.80342      56.074375      49.770356      105.84473      16.890632      14.076497      0              7.9788498      17.128396      2222.6467    
    112100   398.60351      61.326856      42.773809      104.10066      18.260182      13.265171      0              11.94818       17.853323      1913.6623    
    112200   405.34838      57.748576      43.497595      101.24617      12.612651      22.160066      0              5.3766216      17.599237      2078.0688    
    112300   440.00095      50.629918      47.216133      97.846051      10.333568      15.329678      0              7.1765893      17.790082      4928.7497    
    112400   368.90822      55.170684      39.587232      94.757916      10.85043       18.202313      0              8.517485       17.600457      3096.4109    
    112500   340.82759      55.944521      36.573923      92.518444      14.786141      16.209694      0              7.9079488      17.040738     -1527.6335    
    112600   361.46114      52.304268      38.788092      91.09236       16.976178      11.890981      0              5.2364496      18.20066       1582.669     
    112700   311.1917       56.67925       33.393721      90.072971      16.338793      14.476726      0              6.9062274      18.957504     -157.78417    
    112800   340.50029      52.762878      36.538801      89.301679      12.500987      14.249965      0              8.1175976      17.894328     -485.81484    
    112900   378.93063      48.095163      40.662728      88.757891      10.667884      10.461616      0              7.4530469      19.512617      2205.2522    
    113000   359.9367       49.892175      38.624505      88.51668       12.404192      13.117626      0              5.2891748      19.081182      3268.8417    
    113100   324.22768      53.578733      34.792601      88.371333      14.447931      14.072822      0              8.4557515      16.602228     -1439.5503    
    113200   351.96864      50.460369      37.76946       88.229829      13.848219      11.945069      0              7.2428316      17.424249      937.53713    
    113300   327.13138      52.929048      35.104194      88.033243      17.983517      10.816073      0              6.9435351      17.185922     -1525.1254    
    113400   322.05327      53.153051      34.559267      87.712318      13.287508      14.588769      0              8.7675908      16.509183     -4418.9917    
    113500   404.71603      44.195578      43.429737      87.625316      10.248928      11.481966      0              4.511763       17.952921      2329.581     
    113600   360.2655       49.029114      38.659789      87.688903      13.523678      9.3204934      0              7.7796374      18.405305      1337.2358    
    113700   246.0216       61.571522      26.400371      87.971893      14.18582       22.10383       0              7.4531774      17.828695      779.39598    
    113800   348.18843      51.356741      37.363809      88.72055       16.084512      9.8373826      0              8.3343417      17.100505      2063.1001    
    113900   348.20181      52.660735      37.365245      90.025979      11.719088      17.345788      0              7.8097884      15.786071     -611.43019    
    114000   401.67481      48.714855      43.103387      91.818242      13.980518      10.294825      0              8.3380585      16.101453     -970.06555    
    114100   397.0726       51.077676      42.609528      93.687204      12.499908      14.832775      0              7.5078078      16.237184     -499.77854    
    114200   429.25944      49.149851      46.063471      95.213322      10.902159      15.921844      0              6.4381497      15.887698      2692.4298    
    114300   440.99929      48.872475      47.323264      96.195738      11.974556      15.934568      0              5.076603       15.886747     -2072.4039    
    114400   376.22657      56.239093      40.372558      96.611651      10.526383      15.936279      0              11.045047      18.731384      2682.7744    
    114500   448.11524      48.263645      48.08687       96.350516      12.996548      9.7421806      0              8.568306       16.956611     -659.3437     
    114600   378.1693       54.612492      40.58103       95.193523      16.494745      12.60777       0              9.6467717      15.863206     -3963.7813    
    114700   370.6784       53.497713      39.777189      93.274902      14.159319      17.483616      0              5.6735203      16.181258     -924.42611    
    114800   348.21045      53.152755      37.366172      90.518926      14.943003      11.054848      0              9.9475446      17.207359      1065.3788    
    114900   308.10015      54.338306      33.061968      87.400274      11.260404      11.606998      0              14.936707      16.534196     -409.03474    
    115000   326.68875      49.541236      35.056696      84.597933      14.314056      8.5996485      0              9.1285454      17.498986      1770.256     
    115100   316.43454      48.530579      33.956325      82.486904      9.0833707      12.489753      0              9.0699366      17.887519      3057.1536    
    115200   313.86975      47.512399      33.681099      81.193499      7.2882603      12.459215      0              9.551315       18.213609      2099.5358    
    115300   292.25048      49.280209      31.361154      80.641363      9.8740894      12.65618       0              9.1559964      17.593943     -547.26376    
    115400   283.71589      50.22627       30.445315      80.671585      12.510037      9.1292063      0              10.412718      18.174309      1605.9081    
    115500   298.8841       49.180847      32.073003      81.25385       12.402758      11.071885      0              7.5058009      18.200403      306.96563    
    115600   302.44382      49.833549      32.454993      82.288542      13.031625      12.384094      0              6.0736333      18.344197      677.55941    
    115700   338.08573      47.512792      36.279697      83.792489      10.878167      10.961415      0              8.4397281      17.233483     -1100.4283    
    115800   363.65852      46.603849      39.023891      85.62774       8.9015871      10.948511      0              9.7284445      17.025307      1420.7046    
    115900   394.51541      45.516451      42.335118      87.851568      12.454346      8.6337119      0              7.522305       16.906088      502.19753    
    116000   386.01062      48.678266      41.422476      90.100742      9.9850812      11.806204      0              10.225167      16.661814     -475.96355    
    116100   397.88961      49.515567      42.697201      92.212768      13.082185      10.718526      0              8.5597406      17.155116      59.605617    
    116200   371.22188      54.063335      39.835509      93.898845      17.268967      12.832471      0              8.5132762      15.448621     -3413.1218    
    116300   347.11338      57.583253      37.248445      94.831699      13.635572      19.210958      0              7.0438068      17.692916      639.73579    
    116400   386.66838      53.659075      41.49306       95.152135      14.512133      11.418676      0              9.4445967      18.283669     -4112.2139    
    116500   440.90478      47.736419      47.313123      95.049542      15.711295      9.735484       0              5.2299978      17.059643     -2915.194     
    116600   394.82502      52.407862      42.368341      94.776204      11.811234      16.272279      0              7.3853664      16.938983      1287.376     
    116700   389.83447      52.443132      41.83281       94.275942      19.760309      11.245607      0              5.7282792      15.708936     -4917.8607    
    116800   326.18967      58.580873      35.00314       93.584013      20.101195      10.499218      0              9.8432252      18.137235      2585.5785    
    116900   351.54901      55.115465      37.724429      92.839894      13.474115      15.46427       0              8.6630201      17.51406       2587.2397    
    117000   340.04151      55.459712      36.489569      91.949281      13.477111      16.129671      0              8.4715314      17.381399      1682.7742    
    117100   325.13835      56.071288      34.890323      90.961612      13.572446      13.418375      0              10.890599      18.189868      4858.5599    
    117200   380.6377       48.950483      40.845913      89.796395      9.9827593      15.033707      0              6.9840026      16.950014     -24.149627    
    117300   307.53628      55.349308      33.00146       88.350768      12.08956       13.681851      0              12.40207       17.175827      1094.0565    
    117400   337.98215      50.600395      36.268582      86.868977      17.29073       12.338063      0              4.2074131      16.764189     -964.38335    
    117500   316.2332       51.305655      33.93472       85.240375      15.69536       11.942779      0              6.9322961      16.735221      1970.6362    
    117600   366.22533      44.365518      39.299334      83.664852      13.841667      8.1917982      0              6.078378       16.253675     -1081.3871    
    117700   329.54939      46.945768      35.363668      82.309437      9.9637386      12.799548      0              7.8522246      16.330257     -281.0416     
    117800   306.03769      48.302191      32.840648      81.142839      14.156049      11.204972      0              6.5574074      16.383762     -19.913053    
    117900   361.39961      41.344284      38.781489      80.125774      11.80885       8.1253408      0              5.2709801      16.139114     -1188.2569    
    118000   308.0054       46.319514      33.051801      79.371315      12.480424      12.274502      0              4.917993       16.646594     -829.59297    
    118100   284.37238      48.377018      30.515761      78.89278       15.509179      12.119816      0              5.452539       15.295485     -4384.9143    
    118200   311.14742      45.471677      33.388969      78.860646      12.15488       12.837747      0              4.5943235      15.884727     -1366.3993    
    118300   285.48628      48.940046      30.635293      79.575339      18.010209      9.8317932      0              4.3806923      16.717352     -56.478165    
    118400   311.51005      47.746866      33.427882      81.174749      12.035761      13.631706      0              4.17679        17.902609      1366.1467    
    118500   335.91064      47.775652      36.04629       83.821942      10.354553      12.686919      0              7.0370984      17.697082      2213.6179    
    118600   341.32452      50.784115      36.627248      87.411364      12.962844      14.59908       0              7.0610893      16.161102     -1796.3878    
    118700   410.03003      47.113547      43.999979      91.113526      9.2912228      15.418586      0              6.1425049      16.261233      606.51972    
    118800   388.98792      52.322621      41.741968      94.064589      12.71389       16.678557      0              5.9231413      17.007032      465.99784    
    118900   326.39592      60.9785        35.025273      96.003773      18.996452      19.314735      0              6.5423757      16.124937      222.04143    
    119000   376.38838      56.82306       40.389921      97.212981      15.139405      20.770285      0              5.3475555      15.565815     -2295.0264    
    119100   419.44019      53.040279      45.009776      98.050055      11.614881      14.014694      0              9.7844529      17.626252      844.03112    
    119200   336.42679      62.347974      36.101677      98.449651      13.137769      22.662209      0              8.8205551      17.727441      2171.3633    
    119300   385.87174      56.861957      41.407574      98.26953       15.359022      16.735855      0              6.7691059      17.997973      1430.4744    
    119400   396.65545      54.789643      42.564764      97.354407      17.143968      14.697029      0              5.3027431      17.645903      1717.0288    
    119500   398.18452      53.401618      42.728847      96.130465      17.414779      11.91992       0              6.067138       17.999781     -1806.7606    
    119600   360.02877      55.73679       38.634385      94.371175      16.971709      18.734938      0              2.9522196      17.077923     -1090.4629    
    119700   374.76498      51.775774      40.215716      91.991489      16.50579       12.352279      0              6.5276982      16.390007     -682.80395    
    119800   323.38733      54.407028      34.702424      89.109452      12.40712       16.486429      0              8.2329477      17.280531      1209.0416    
    119900   271.52751      57.385211      29.13739       86.522601      11.414211      22.363276      0              5.1194917      18.488233      3171.9185    
    120000   354.89577      46.313912      38.083567      84.397479      13.885601      13.922263      0              2.6380085      15.868039     -502.50189    
    120100   269.82018      53.780008      28.954178      82.734185      18.005321      16.222148      0              3.6697518      15.882786     -1855.6292    
    120200   311.44935      48.091522      33.421368      81.51289       13.787184      13.84944       0              4.7448394      15.710059     -2774.5151    
    120300   301.94035      48.386621      32.400966      80.787586      14.290104      10.407261      0              6.4548068      17.23445      -57.950172    
    120400   286.2356       49.839011      30.715702      80.554713      11.899609      13.507238      0              7.0911188      17.341044      3277.0812    
    120500   367.10302      41.468873      39.393517      80.86239       10.043215      10.384418      0              4.6843022      16.356937     -162.46557    
    120600   319.16028      47.365546      34.248822      81.614368      11.071561      11.47649       0              7.9939528      16.823543      1543.695     
    120700   333.94752      46.833032      35.835629      82.668661      13.371119      13.486329      0              3.9330582      16.042526     -938.17727    
    120800   339.42896      47.558077      36.423837      83.981915      10.687076      15.310691      0              4.637916       16.922395      1705.5085    
    120900   323.58417      51.104018      34.723546      85.827564      14.324588      13.530136      0              7.0579887      16.191305     -1890.5743    
    121000   395.57921      46.118398      42.449274      88.567671      11.157647      14.479804      0              3.9761422      16.504804      1135.7885    
    121100   321.48296      58.155343      34.498067      92.65341       19.320757      17.465685      0              5.8176714      15.55123      -2107.1475    
    121200   367.87118      58.527823      39.475948      98.003771      16.305614      17.15755       0              8.6832495      16.381409     -1320.8582    
    121300   394.52399      61.210032      42.336038      103.54607      14.758625      18.558193      0              11.424185      16.469029     -214.6539     
    121400   454.24482      57.902397      48.744631      106.64703      13.803082      19.331482      0              7.8780501      16.889783     -2004.905     
    121500   397.12451      64.51259       42.615098      107.12769      12.423118      23.377052      0              11.440319      17.2721        4988.9499    
    121600   452.48606      57.657016      48.5559        106.21292      20.251976      8.8315713      0              10.105317      18.468152      250.25216    
    121700   386.54179      63.044616      41.479475      104.52409      16.678598      23.242944      0              4.7594461      18.363628     -1359.6035    
    121800   425.05393      56.469619      45.612181      102.0818       15.44617       18.368274      0              5.9924786      16.662696      981.69438    
    121900   419.95082      53.838448      45.06457       98.903019      12.602869      20.198296      0              4.7799867      16.257297     -775.66295    
    122000   430.24892      49.457949      46.169651      95.6276        10.53319       16.125204      0              6.2283003      16.571255      630.76193    
    122100   340.0335       56.23522       36.48871       92.72393       16.439889      16.89338       0              6.2886849      16.613266      2031.9453    
    122200   292.00944      58.716313      31.335288      90.051601      18.485623      17.706808      0              7.4351345      15.088747     -2053.8529    
    122300   342.40636      50.88192       36.743339      87.625259      14.756173      13.817722      0              6.3157337      15.992292      2350.0345    
    122400   327.05784      50.455058      35.096303      85.55136       10.970417      15.867551      0              8.7606276      14.856462     -36.242369    
    122500   347.14219      46.752539      37.251538      84.004077      13.112036      9.5329981      0              7.2483239      16.859181      878.99255    
    122600   291.34988      51.646505      31.264512      82.911017      13.434169      15.418836      0              6.9719779      15.821522      1971.3423    
    122700   307.10904      49.314292      32.955614      82.269906      11.590261      16.346369      0              5.4449063      15.932755     -1416.9794    
    122800   346.23825      44.993848      37.154536      82.148384      12.742275      9.6496161      0              5.3169269      17.28503       3204.2234    
    122900   302.54391      50.076933      32.465733      82.542665      18.552972      9.7491367      0              4.7421327      17.032691      2621.756     
    123000   267.40727      54.636278      28.69525       83.331528      16.972866      15.631946      0              5.3729824      16.658483     -2033.943     
    123100   328.47859      49.290279      35.248763      84.539042      13.219475      14.303316      0              4.8751351      16.892353      3559.1678    
    123200   371.83551      46.500619      39.901357      86.401976      9.4633102      13.886129      0              5.6670306      17.484149      761.97823    
    123300   390.07049      47.076204      41.858137      88.934341      17.556474      7.6575372      0              5.8949146      15.967279     -2073.43      
    123400   360.43672      53.115382      38.678163      91.793545      19.119117      12.042575      0              4.8690344      17.084655     -1137.6651    
    123500   337.47605      58.383546      36.214272      94.597818      17.566878      19.037631      0              4.8387379      16.940299     -2444.8956    
    123600   334.37162      61.329982      35.881138      97.21112       20.909246      14.338095      0              8.9245672      17.158073     -834.74186    
    123700   363.13789      60.255785      38.968023      99.223808      23.644249      12.373021      0              6.7494421      17.489073     -3491.4661    
    123800   338.84812      64.111978      36.361508      100.47349      22.82345       16.167619      0              5.127276       19.993633     -1042.3269    
    123900   432.98999      54.495115      46.463793      100.95891      15.034946      16.07447       0              5.4483148      17.937384     -2737.0462    
    124000   368.74982      61.298755      39.570234      100.86899      20.416691      15.912937      0              7.1800666      17.789061      197.76463    
    124100   418.09907      55.280696      44.865861      100.14656      14.19728       16.678942      0              6.0686928      18.335781     -1403.1677    
    124200   318.40145      64.659792      34.167393      98.827185      19.462812      19.863973      0              5.7124104      19.620596      1585.5345    
    124300   371.11473      57.351079      39.824011      97.17509       17.991622      16.613635      0              4.9738244      17.771998     -792.80246    
    124400   336.57847      59.476497      36.117953      95.594451      12.219469      22.6712        0              7.2671507      17.318678      2073.8475    
    124500   359.19737      55.647838      38.545169      94.193007      18.718412      11.993912      0              5.2113374      19.724176      2391.6939    
    124600   389.54339      51.267532      41.801574      93.069106      17.404791      10.845183      0              5.3118201      17.705738     -1793.5071    
    124700   366.66298      52.983181      39.346297      92.329478      12.805567      16.559997      0              4.5752183      19.042398      1194.2853    
    124800   331.85086      56.28405       35.610637      91.894687      13.020667      19.508609      0              5.3147699      18.440003      1664.2059    
    124900   445.26273      43.707961      47.78077       91.488731      9.5865426      10.880473      0              4.6352633      18.605682     -1460.36      
    125000   402.93747      47.907225      43.238882      91.146108      13.754298      12.23736       0              4.0558493      17.859718      135.97765    
    125100   452.82867      42.081737      48.592665      90.674402      13.508981      7.9042883      0              2.8231499      17.845318     -850.09383    
    125200   356.88913      51.981618      38.297474      90.279092      13.266491      13.693294      0              7.7926637      17.229171      3748.8428    
    125300   423.08793      44.380888      45.401212      89.7821        10.550223      13.257896      0              4.6714765      15.901293     -591.17722    
    125400   345.46021      52.035654      37.071045      89.1067        16.054702      12.372651      0              5.9803043      17.627997     -295.2113     
    125500   341.00311      51.709213      36.592757      88.30197       15.502364      12.953685      0              7.1834609      16.069703     -1692.6303    
    125600   335.5916       51.1719        36.012054      87.183954      14.30691       10.324777      0              9.0401464      17.500067      2021.8702    
    125700   361.93459      46.997856      38.838897      85.836753      14.285085      11.653761      0              4.5986814      16.460329      3823.5948    
    125800   327.49441      49.114335      35.143151      84.257486      14.706509      6.1303547      0              7.93771        20.339762      1170.9458    
    125900   258.31284      54.925319      27.719335      82.644654      15.806045      11.95185       0              8.2623827      18.905042      4966.675     
    126000   307.6363       48.114711      33.012193      81.126904      14.311803      10.693095      0              5.6846604      17.425152      1311.5962    
    126100   318.93652      45.61277       34.22481       79.837581      11.493698      13.015663      0              2.8708799      18.23253       4849.1587    
    126200   337.57445      42.785758      36.224831      79.01059       11.303088      9.8101078      0              3.0851032      18.587459      2215.138     
    126300   345.92219      41.508703      37.120621      78.629324      14.632686      6.429033       0              2.7843964      17.662588     -1946.157     
    126400   271.33511      49.646893      29.116743      78.763636      16.883526      13.617802      0              3.3965955      15.74897      -813.65154    
    126500   299.50696      47.539056      32.139841      79.678897      12.555998      14.310469      0              2.5255322      18.147058     -1263.1666    
    126600   288.68253      50.824753      30.97828       81.803033      15.571237      15.538935      0              3.5475534      16.167027     -1475.9631    
    126700   335.87186      48.873356      36.042127      84.915483      13.499743      16.162973      0              3.3500502      15.860591     -4691.9509    
    126800   304.88133      55.889749      32.71656       88.60631       19.13037       14.834711      0              5.7694889      16.155179     -703.05211    
    126900   334.79221      55.905389      35.926271      91.83166       18.841789      17.01986       0              3.6968416      16.346899     -1265.6394    
    127000   420.36889      49.267994      45.109433      94.377426      17.44919       14.853805      0              2.1776543      14.787344     -6482.9731    
    127100   290.17935      64.876758      31.138903      96.015661      24.193516      21.351281      0              2.7268837      16.605078      607.38261    
    127200   365.54445      57.499682      39.226268      96.72595       21.599275      14.217265      0              5.9890586      15.694084     -6711.3277    
    127300   360.5384       58.246533      38.689073      96.935606      21.838484      14.891895      0              3.4197022      18.096451     -1033.1473    
    127400   416.03702      51.95734       44.644584      96.601924      16.235252      14.328301      0              4.414685       16.979102     -2.3277209    
    127500   413.52184      51.418196      44.374682      95.792878      13.679064      16.194808      0              4.507184       17.03714       1123.9329    
    127600   336.00471      58.511673      36.056383      94.568057      20.556474      16.863325      0              4.1337402      16.958133      392.77534    
    127700   441.40444      45.619185      47.36674       92.985925      14.674499      10.295829      0              3.888786       16.760071      2984.4413    
    127800   323.45511      56.271245      34.709697      90.980942      15.739087      15.705646      0              7.8459311      16.980582      737.6224     
    127900   373.87114      48.500736      40.119798      88.620534      13.163854      12.667365      0              6.6119105      16.057606     -1673.1318    
    128000   362.09783      47.045608      38.856415      85.902023      13.477811      12.415563      0              3.8608515      17.291382      4614.1656    
    128100   286.3746       52.814691      30.730619      83.54531       12.544472      17.413014      0              5.9759963      16.88121      -862.56164    
    128200   321.90981      46.99749       34.543872      81.541363      12.947576      9.1288356      0              7.4792061      17.441873      3054.4951    
    128300   255.31882      52.552395      27.398048      79.950443      15.55019       14.30231       0              4.8410598      17.858836     -578.31893    
    128400   336.27843      42.746044      36.085757      78.831801      12.440843      9.6265738      0              4.8212893      15.857338     -1564.7557    
    128500   266.60729      49.607523      28.609405      78.216928      15.917129      12.624711      0              5.778731       15.286951     -1273.6898    
    128600   294.18208      46.600388      31.568432      78.16882       14.088022      9.5447915      0              6.287575       16.68         -521.59645    
    128700   334.48389      42.84896       35.893186      78.742147      12.229231      9.8958777      0              4.7632997      15.960552     -3728.5178    
    128800   320.64336      46.005588      34.407971      80.413559      12.27875       13.72238       0              4.4705552      15.533903     -1273.3888    
    128900   333.80917      48.881699      35.820782      84.702481      14.636548      11.921379      0              5.6377257      16.686047      2141.0585    
    129000   289.88091      59.934203      31.106877      91.04108       19.200572      18.588571      0              4.3368214      17.808238      1613.1302    
    129100   362.53687      56.807177      38.903527      95.710704      20.324013      11.866752      0              7.7017686      16.914644     -55.267496    
    129200   412.66874      53.969375      44.283137      98.252511      17.069145      17.876628      0              3.7243187      15.299282      99.682176    
    129300   371.65143      59.586315      39.881603      99.467918      18.712213      18.445244      0              5.8283162      16.600541     -511.00763    
    129400   448.29343      51.742179      48.105992      99.848171      11.537056      16.329937      0              6.1322784      17.742908      2058.9811    
    129500   403.58042      56.157628      43.307876      99.465505      15.846271      14.924384      0              7.8262738      17.560699      1844.3364    
    129600   399.34669      55.753911      42.853559      98.60747       15.411494      15.45555       0              9.0586495      15.828217     -297.12679    
    129700   325.79928      62.352651      34.961248      97.313899      22.436803      14.77177       0              8.5599828      16.584094      2863.9481    
    129800   405.4654       51.883408      43.510152      95.39356       14.13749       11.966376      0              8.4263715      17.35317       1229.0637    
    129900   395.80056      50.501362      42.473026      92.974388      15.243412      14.843862      0              5.0289823      15.385105     -540.67248    
    130000   365.72009      51.216779      39.245116      90.461895      16.922921      10.305123      0              7.0605459      16.928189      1239.0867    
    130100   355.17122      49.922468      38.113126      88.035594      15.955715      11.440546      0              5.6920138      16.834193      1080.7251    
    130200   362.95486      46.934173      38.948382      85.882555      11.702461      11.137705      0              5.9170185      18.17699       3039.7921    
    130300   298.07148      52.360057      31.985801      84.345859      14.074575      15.917883      0              7.000249       15.36735      -4305.1975    
    130400   226.50988      58.980598      24.306586      83.287184      22.411422      13.884745      0              4.6108358      18.073596      2260.0359    
    130500   305.21815      50.041183      32.752704      82.793887      10.690017      17.137244      0              6.2693904      15.944531     -2007.2695    
    130600   333.09764      46.856432      35.744429      82.600861      12.182751      11.857761      0              5.9021294      16.913791      10.057044    
    130700   344.06339      46.015124      36.921154      82.936278      11.388628      12.3598        0              5.8738152      16.39288      -584.83703    
    130800   359.23624      45.137703      38.54934       83.687043      10.453734      14.001405      0              4.770897       15.911667      311.43039    
    130900   345.3604       47.900138      37.060335      84.960473      14.45657       10.449875      0              7.2574641      15.736229     -641.63854    
    131000   377.72806      46.50525       40.533682      87.038932      9.1755107      11.601679      0              8.2579634      17.470097      2260.4409    
    131100   343.24942      53.296172      36.833807      90.129979      13.453972      18.095567      0              5.801348       15.945285     -715.62375    
    131200   357.46381      55.962754      38.359142      94.321896      20.980345      13.349029      0              5.9364775      15.696902     -3280.9598    
    131300   418.94069      53.544814      44.956174      98.500988      14.761156      17.373358      0              4.2590375      17.151263      1089.3419    
    131400   423.28112      56.077244      45.421942      101.49919      14.824543      17.508994      0              6.4479905      17.295717     -2334.7033    
    131500   410.69693      58.89921       44.071543      102.97075      19.995929      18.692489      0              3.7548664      16.455926     -1994.3233    
    131600   414.70486      58.384327      44.501631      102.88596      19.623916      14.901916      0              7.357831       16.500664     -84.813368    
    131700   390.23921      59.863809      41.876242      101.74005      20.7626        16.974806      0              4.3036916      17.822712      71.861268    
    131800   352.97846      62.200908      37.877823      100.07873      19.965695      19.004366      0              5.2615828      17.969263      4416.3246    
    131900   352.7246       60.344315      37.850581      98.194895      20.576803      16.751826      0              6.3592488      16.656438      1879.0151    
    132000   377.89028      55.992387      40.551089      96.543476      19.301665      15.723388      0              4.1921929      16.77514      -117.09968    
    132100   412.20717      50.602112      44.233606      94.835718      11.531931      11.140926      0              10.257746      17.671509     -195.0899     
    132200   353.51697      55.181273      37.935609      93.116882      15.120085      15.871505      0              7.0380225      17.15166       558.16945    
    132300   335.92437      55.407647      36.047762      91.455409      12.742206      16.991328      0              9.2046975      16.469416      2347.0216    
    132400   379.27584      49.240845      40.699772      89.940617      15.139302      10.990175      0              5.9989727      17.112395     -3998.5466    
    132500   309.54355      55.312959      33.216859      88.529819      15.331989      16.962621      0              5.9546195      17.063731     -1213.6128    
    132600   293.9892       55.850899      31.547734      87.398633      20.875449      13.021537      0              6.1505559      15.803357     -386.41234    
    132700   358.55374      48.07686       38.476101      86.552961      15.231205      11.870885      0              5.9139182      15.060852     -3357.0574    
    132800   327.17663      50.976715      35.10905       86.085765      13.772759      10.277561      0              10.057931      16.868463     -2833.8385    
    132900   383.08505      44.867475      41.108536      85.976011      12.469771      8.2038446      0              7.3326851      16.861174     -456.44017    
    133000   333.18721      50.386854      35.75404       86.140894      14.330464      15.297361      0              5.354461       15.404568     -801.84263    
    133100   297.49805      54.368162      31.924267      86.292429      14.34364       17.041181      0              6.9971298      15.986212     -3253.9179    
    133200   302.6519       54.082043      32.477322      86.559365      10.532927      18.69102       0              6.9441519      17.913944      612.10159    
    133300   353.65122      49.270197      37.950016      87.220213      11.91718       13.418657      0              6.4169442      17.517415     -73.616078    
    133400   336.32146      52.465737      36.090374      88.556111      13.78052       16.272286      0              6.2842758      16.128655     -3198.1089    
    133500   350.95926      53.124314      37.661144      90.785458      18.029515      7.7207513      0              9.4734024      17.900645      1483.3817    
    133600   308.7179       61.567294      33.12826       94.695553      19.317198      14.79402       0              9.1102451      18.345831      611.71135    
    133700   372.3186       60.668706      39.953197      100.6219       19.302732      16.806724      0              8.2254853      16.333765     -1792.8183    
    133800   426.51716      60.390112      45.769199      106.15931      19.812314      13.566321      0              9.8311081      17.180369      2036.0023    
    133900   513.28892      54.170505      55.080604      109.25111      12.388545      18.411003      0              6.55202        16.818938      2317.1669    
    134000   395.87773      67.341227      42.481307      109.82253      18.192784      19.398496      0              12.372704      17.377243     -1942.4676    
    134100   417.78259      64.00783       44.831899      108.83973      16.172653      22.832647      0              9.3341671      15.668364      2588.9473    
    134200   472.44721      55.858693      50.697914      106.55661      16.756515      18.218204      0              4.9675188      15.916455      1218.2411    
    134300   397.31564      60.621655      42.635608      103.25726      25.657458      11.564429      0              6.0093201      17.390448     -400.64218    
    134400   362.04409      60.979098      38.850648      99.829746      19.487741      14.149798      0              10.827819      16.513739      2978.275     
    134500   373.29322      56.720851      40.057783      96.778633      17.585174      16.462962      0              6.2961131      16.376601     -1348.9599    
    134600   404.80677      50.7236        43.439475      94.163075      18.972158      12.936096      0              4.6230563      14.19229      -2167.3406    
    134700   365.97057      52.650658      39.271995      91.922653      17.965856      14.352051      0              4.5274119      15.805338      3151.8278    
    134800   308.75991      56.98888       33.132767      90.121647      16.396871      18.792081      0              6.0109403      15.788987     -947.60355    
    134900   384.61729      47.379429      41.272959      88.652388      11.309009      10.128141      0              9.2197616      16.722518      2151.3141    
    135000   317.4306       53.277715      34.063211      87.340926      15.800539      13.352503      0              8.7340407      15.390632     -704.50711    
    135100   327.75606      51.21648       35.171228      86.387708      20.634604      8.4349554      0              5.8110458      16.335875     -3400.3679    
    135200   291.07754      54.409261      31.235287      85.644548      11.613857      15.491367      0              9.1538088      18.150228     -1203.1693    
    135300   302.23577      52.843243      32.432667      85.275911      14.417392      14.368513      0              6.4784549      17.578884      1586.9752    
    135400   318.41662      51.050893      34.16902       85.219914      11.646944      11.169146      0              11.658951      16.575852     -1286.7537    
    135500   365.50377      46.443888      39.221904      85.665792      7.963537       11.658225      0              8.6723931      18.149734      3620.1889    
    135600   330.50296      51.216255      35.465995      86.682251      11.471204      13.838173      0              7.8859582      18.02092       823.26388    
    135700   387.89605      46.505109      41.6248        88.129908      13.473725      10.788209      0              5.6042518      16.638924      474.10509    
    135800   375.63117      49.729628      40.308666      90.038294      10.361756      13.459249      0              9.965125       15.943498      2096.8116    
    135900   351.61817      55.054909      37.731852      92.786761      17.136013      13.979084      0              7.0967929      16.843019     -1044.2935    
    136000   329.54872      60.779167      35.363597      96.142764      16.327242      16.631549      0              9.5795576      18.240818      3895.3632    
    136100   444.80922      52.213724      47.732105      99.945829      14.710122      11.150431      0              11.17243       15.180741     -3004.9673    
    136200   483.43973      51.205431      51.877512      103.08294      12.072618      12.648959      0              11.010495      15.47336      -3354.8806    
    136300   359.73008      66.387489      38.602333      104.98982      20.38466       21.123213      0              7.9924202      16.887197      1203.1383    
    136400   431.6323       59.111226      46.318101      105.42933      14.839158      18.31951       0              9.4476997      16.504859     -2070.4973    
    136500   469.72447      54.22935       50.405739      104.63509      16.436303      11.833287      0              10.514055      15.445706     -769.27691    
    136600   430.00944      56.304376      46.143952      102.44833      11.915181      19.242649      0              7.071473       18.075073      994.12131    
    136700   328.09117      64.519422      35.207189      99.72661       20.473267      17.753159      0              10.700337      15.592658     -1956.9349    
    136800   420.4597       51.638131      45.119178      96.757308      13.701991      14.875498      0              6.2411521      16.819489      289.87422    
    136900   384.93533      52.838652      41.307088      94.14574       16.470622      9.7653748      0              8.7142744      17.888381     -2361.3658    
    137000   433.44093      45.828949      46.512183      92.341132      11.83337       12.583275      0              4.6723161      16.739987     -606.20744    
    137100   326.5183       56.215099      35.038405      91.253503      20.385705      12.094802      0              6.194956       17.539636     -2152.5828    
    137200   367.61076      50.985431      39.448003      90.433434      19.309672      12.43444       0              3.3152109      15.926108     -2570.9871    
    137300   333.68545      53.912916      35.807506      89.720421      16.040976      13.257104      0              6.9322289      17.682607      1621.8005    
    137400   287.53763      58.23625       30.855422      89.091672      17.200547      17.790307      0              6.1546474      17.090748     -2136.618     
    137500   367.58724      49.254887      39.445479      88.700366      14.12079       14.670949      0              3.6288692      16.834279     -770.23013    
    137600   347.35425      50.939143      37.274294      88.213437      11.746054      13.538843      0              7.4866693      18.167577      2993.3871    
    137700   302.40575      55.274939      32.450907      87.725846      17.671979      16.613999      0              5.6876144      15.301346     -2372.9034    
    137800   313.5643       53.708626      33.648322      87.356948      13.906143      14.232126      0              6.4161574      19.154199      1852.2528    
    137900   332.05778      51.39844       35.632842      87.031283      15.338828      15.592121      0              3.9223642      16.545128     -2068.5742    
    138000   332.68882      51.113449      35.700559      86.814008      11.510974      17.70557       0              5.6413328      16.255573     -1550.2175    
    138100   320.62049      52.420928      34.405516      86.826444      14.063112      15.726673      0              5.9901366      16.641007     -1039.9362    
    138200   376.61787      46.722797      40.414548      87.137345      12.615267      14.696883      0              4.0837535      15.326893     -2097.3577    
    138300   339.41452      50.913624      36.422288      87.335912      9.4913529      19.783702      0              4.824464       16.814105      841.82131    
    138400   328.01318      52.425873      35.198819      87.624692      13.19899       18.624987      0              3.9693776      16.632519      3376.4428    
    138500   312.53335      54.882856      33.537692      88.420548      15.347655      17.933169      0              3.6872948      17.914738      707.91857    
    138600   321.90002      55.097559      34.542821      89.64038       19.966765      13.060508      0              5.1528799      16.917406      5206.6385    
    138700   384.92778      50.028402      41.306277      91.334679      15.679912      12.451541      0              5.4758234      16.421126     -544.39843    
    138800   374.85346      53.101025      40.225211      93.326236      13.528015      16.557103      0              4.4258339      18.590072      3048.0151    
    138900   396.85027      52.974142      42.58567       95.559812      14.236723      16.780399      0              6.0911283      15.865892      602.13527    
    139000   364.06328      58.229368      39.067325      97.296693      14.151485      24.368091      0              3.5165053      16.193286     -2784.3911    
    139100   448.6501       50.507923      48.144266      98.652189      11.896413      13.068608      0              8.8589835      16.683919     -1081.2989    
    139200   391.61115      57.604189      42.023464      99.627653      13.913883      15.410181      0              8.6637193      19.616405      1897.2209    
    139300   408.68799      56.116654      43.855966      99.97262       19.140322      12.222742      0              8.5458489      16.207742     -1624.0934    
    139400   427.06579      53.50133       45.828072      99.329402      16.752267      15.29374       0              6.4676051      14.987718     -2268.0937    
    139500   419.95884      52.623253      45.065431      97.688683      19.977678      10.999117      0              5.750669       15.895789     -812.26721    
    139600   400.34818      51.838188      42.961028      94.799216      13.428304      13.94523       0              7.101536       17.363117      49.727294    
    139700   396.17699      48.712574      42.513421      91.225995      12.007539      13.839283      0              6.0127458      16.853006      287.50865    
    139800   386.35783      46.167858      41.459735      87.627593      11.147463      14.890324      0              4.2690814      15.860989     -2045.8641    
    139900   356.83398      46.810068      38.291555      85.101623      12.951826      12.868989      0              3.4242434      17.56501      -1617.922     
    140000   293.18756      51.996774      31.461711      83.458485      15.151609      12.414348      0              5.551686       18.879131      2729.7426    
    140100   344.02338      45.560245      36.916861      82.477106      13.792912      11.917352      0              1.9648219      17.885159      1235.4063    
    140200   342.65428      45.096292      36.769944      81.866235      10.504108      14.126246      0              4.7088258      15.757112      937.38921    
    140300   297.08528      49.940315      31.879973      81.820288      12.066324      9.982956       0              11.795154      16.095882      23.124818    
    140400   285.41539      51.570581      30.627686      82.198267      14.197749      14.848096      0              5.0832167      17.44152      -742.08144    
    140500   325.19547      48.036124      34.896453      82.932577      11.096727      15.550803      0              4.2856114      17.102982      3839.1556    
    140600   310.69027      50.535469      33.339912      83.875382      14.505636      14.36274       0              5.2428243      16.42427       640.15166    
    140700   334.74529      49.226057      35.921236      85.147293      14.874946      11.652392      0              6.3464733      16.352246     -639.08945    
    140800   314.33729      52.932686      33.731271      86.663956      17.905952      13.463759      0              4.7657139      16.797261     -1949.2809    
    140900   372.69744      48.20181       39.99385       88.19566       18.181188      11.80157       0              3.2689141      14.950137     -3745.1353    
    141000   333.73998      53.729548      35.813357      89.542906      16.979429      17.654884      0              3.4753285      15.619906     -2297.7733    
    141100   361.96325      52.048922      38.841973      90.890895      19.903097      12.666659      0              2.9857925      16.493374     -1007.0241    
    141200   315.25528      58.39886       33.829779      92.228639      18.721131      16.22413       0              7.2038165      16.249782     -4299.703     
    141300   353.00824      55.671078      37.881019      93.552097      14.507175      20.42953       0              4.3696189      16.364754     -1139.7102    
    141400   382.15084      53.98401       41.008286      94.992297      16.476046      15.358801      0              6.7187889      15.430375     -1751.9624    
    141500   383.0281       55.431558      41.102424      96.533982      18.993061      14.466692      0              6.2336899      15.738115     -1285.5766    
    141600   367.78889      59.239368      39.467118      98.706486      17.104831      15.943134      0              10.793217      15.398186     -2629.0663    
    141700   410.28835      58.415827      44.027699      102.44353      20.738225      15.428813      0              6.8403053      15.408483     -2542.8989    
    141800   395.68828      65.753602      42.460978      108.21458      20.058453      20.380104      0              9.8909445      15.424101     -1669.6815    
    141900   441.51968      65.672414      47.379107      113.05152      22.804273      23.248357      0              4.1614813      15.458302      869.87387    
    142000   491.46423      62.808776      52.738615      115.54739      18.283124      18.832636      0              9.704716       15.9883       -3079.5647    
    142100   497.08959      62.380988      53.342267      115.72326      23.480947      14.127921      0              9.3302042      15.441916     -6039.7252    
    142200   516.38022      57.942258      55.412329      113.35459      25.479899      12.100081      0              5.2221418      15.140136     -1981.2469    
    142300   389.02384      66.950878      41.745823      108.6967       25.158651      20.23577       0              6.714941       14.841515     -2602.9974    
    142400   490.94262      50.988515      52.682641      103.67116      13.992406      13.673908      0              7.7429791      15.579222     -754.47603    
    142500   424.32802      53.863993      45.534284      99.398277      12.701307      15.900505      0              7.8146354      17.447545     -897.94905    
    142600   444.48908      48.567171      47.69775       96.264922      16.49808       12.151273      0              4.1647797      15.753038     -628.06984    
    142700   391.38474      51.711433      41.999169      93.710602      13.122046      19.843146      0              3.4159501      15.330291     -1316.9953    
    142800   371.30236      51.623799      39.844145      91.467944      12.189038      17.742931      0              4.7360084      16.955821      3785.6949    
    142900   355.73314      51.272663      38.173425      89.446087      13.232753      14.032708      0              7.1358827      16.871319     -2238.597     
    143000   318.28811      53.375215      34.15523       87.530445      15.632919      13.719356      0              8.4758564      15.547085      1754.5008    
    143100   365.68504      46.62574       39.241356      85.867095      9.4429945      13.960848      0              7.6008663      15.621031      3510.4738    
    143200   404.30427      41.248639      43.385552      84.634192      9.7569204      11.750382      0              1.9056509      17.835686      3423.8396    
    143300   305.69478      50.847602      32.803851      83.651453      15.573719      12.301499      0              4.1642026      18.808182      3903.0456    
    143400   300.08588      50.716091      32.201965      82.918055      17.5088        13.173418      0              3.759564       16.274308      1278.486     
    143500   347.30394      45.234229      37.268895      82.503124      8.6630352      15.735513      0              5.4477133      15.387967      335.39414    
    143600   341.987        45.705034      36.698338      82.403372      8.4610709      12.037662      0              7.6344393      17.571862     -814.70132    
    143700   268.85417      53.898533      28.850516      82.749048      14.888         12.136889      0              7.8770041      18.996639      1428.4064    
    143800   307.85653      50.687836      33.035827      83.723662      16.52745       13.187031      0              5.095009       15.878345     -828.37241    
    143900   314.67612      51.666366      33.767631      85.433997      17.669477      10.930584      0              7.8971154      15.169189     -3552.4937    
    144000   313.25145      54.269069      33.61475       87.883819      14.959964      14.609353      0              6.7980126      17.901739     -67.906507    
    144100   356.43335      52.624713      38.248564      90.873277      13.495318      17.997807      0              4.3517477      16.779841     -923.25685    
    144200   447.01129      46.244969      47.968407      94.213376      13.119502      13.509656      0              3.4919204      16.123891      1686.2346    
    144300   436.46853      50.288639      46.837073      97.125712      11.766436      14.867654      0              5.9735851      17.680964     -520.372      
    144400   372.7395       59.17608       39.998364      99.174443      14.454589      18.181323      0              7.5272864      19.012881      1473.629     
    144500   384.22389      59.055917      41.230744      100.28666      12.695576      20.103017      0              8.9966957      17.260629      1675.7339    
    144600   410.03622      56.260549      44.000643      100.26119      11.202585      19.055895      0              8.3712852      17.630784      3694.1664    
    144700   417.16881      54.716553      44.766035      99.482589      15.217012      13.059181      0              11.004998      15.435363     -3542.505     
    144800   346.04443      60.938412      37.133737      98.072149      18.332005      18.170167      0              7.374323       17.061917     -1767.2507    
    144900   373.04311      56.186597      40.030943      96.217541      14.275149      19.948816      0              4.6379549      17.324677      365.23793    
    145000   480.98534      42.671132      51.614134      94.285265      7.9523975      15.156533      0              2.672982       16.889219      566.6283     
    145100   379.89894      51.753746      40.766636      92.520383      14.34574       13.641133      0              5.7422672      18.024606      2142.2082    
    145200   377.43849      50.63828       40.502608      91.140888      12.63949       14.827106      0              6.7152445      16.45644      -1523.1504    
    145300   343.52882      53.389406      36.86379       90.253196      16.05597       15.502905      0              3.6539204      18.176611      2974.546     
    145400   360.29795      51.016957      38.663271      89.680228      15.09708       10.735411      0              7.7255896      17.458877      1512.7376    
    145500   379.5142       48.567985      40.725351      89.293336      16.100414      10.266734      0              5.3038434      16.896994     -2668.907     
    145600   341.68208      52.260687      36.665618      88.926305      15.494314      14.486775      0              5.4321946      16.847404     -156.38961    
    145700   355.98781      50.298196      38.200753      88.49895       12.66509       14.648286      0              5.8332852      17.151535     -1717.2019    
    145800   357.04429      49.887718      38.314124      88.201842      13.799194      10.482382      0              6.6645762      18.941567     -172.90693    
    145900   320.71326      53.566938      34.415471      87.982409      14.070398      14.776469      0              6.8118968      17.908174      2312.0698    
    146000   333.95278      52.031608      35.836192      87.8678        15.782469      12.809666      0              5.5199207      17.919552      167.32679    
    146100   357.22469      49.511166      38.333482      87.844648      18.014163      8.4060484      0              5.4530223      17.637932      407.71044    
    146200   378.84585      47.147587      40.65363       87.801217      12.942839      11.054649      0              5.2674015      17.882697      1236.1392    
    146300   309.38246      54.658349      33.199572      87.857922      17.280689      8.6690913      0              12.086951      16.621618     -673.95544    
    146400   287.08032      57.161856      30.806348      87.968205      17.767097      12.658195      0              10.336625      16.39994      -3170.4647    
    146500   332.31944      52.605463      35.66092       88.266383      14.074547      13.308548      0              8.7267916      16.495576      692.62079    
    146600   409.97639      44.758734      43.994222      88.752957      10.774854      10.715931      0              7.2836735      15.984276     -1639.6961    
    146700   319.36483      55.334996      34.270772      89.605769      21.477013      10.170152      0              6.5381111      17.149721     -1517.638     
    146800   378.54044      49.898722      40.620857      90.519579      16.023873      10.457526      0              5.8559255      17.561397     -1611.0585    
    146900   343.24066      54.709221      36.832867      91.542088      15.30824       14.186537      0              7.0267121      18.187732     -2047.7689    
    147000   346.28222      55.625333      37.159255      92.784588      22.131168      9.677584       0              6.2416458      17.574935     -209.8464     
    147100   368.64044      54.394814      39.558496      93.95331       17.54825       12.443184      0              7.1408848      17.262495     -1680.5871    
    147200   384.99828      53.709416      41.313843      95.023259      17.998777      9.0530365      0              8.3528768      18.304725     -1217.3649    
    147300   454.89568      47.089473      48.814474      95.903947      12.437356      11.086841      0              6.8446058      16.720671     -785.92548    
    147400   348.13394      59.041321      37.357961      96.399283      18.385085      20.167817      0              4.9751774      15.513242     -3027.3268    
    147500   380.49997      55.646857      40.831133      96.47799       18.555006      16.407596      0              4.6838045      16.000451     -67.146184    
    147600   393.9924       53.715081      42.278994      95.994075      16.619347      16.53746       0              3.7795621      16.778712     -4130.4711    
    147700   399.60835      51.958713      42.881637      94.840351      13.935422      12.182086      0              7.7410719      18.100133      2007.5859    
    147800   391.59256      50.972046      42.021469      92.993516      12.964061      14.565131      0              6.0758396      17.367015      861.81062    
    147900   344.26112      53.711645      36.942372      90.654017      11.847507      18.11038       0              6.4022285      17.35153      -512.65775    
    148000   342.3753       51.313187      36.740007      88.053193      19.147681      8.0305621      0              5.1542395      18.980705      5707.7676    
    148100   339.01446      49.094953      36.379357      85.47431       14.080028      7.1721746      0              9.0227865      18.819964      1404.7396    
    148200   292.12937      52.02212       31.348158      83.370278      19.557891      12.62108       0              3.1394158      16.703733     -263.31555    
    148300   341.17091      45.114056      36.610764      81.72482       13.411854      11.359306      0              3.6435538      16.699343     -255.2227     
    148400   297.94309      48.690838      31.972023      80.662861      12.549482      11.766527      0              6.1721797      18.202649      2179.5759    
    148500   330.08663      44.829998      35.421319      80.251317      11.635347      12.038227      0              3.8459309      17.310494      471.69122    
    148600   303.38535      47.840293      32.556027      80.396321      15.098953      10.588642      0              4.8918128      17.260885      871.94138    
    148700   329.8454       45.679077      35.395433      81.07451       11.384682      12.804838      0              5.5466869      15.94287      -1086.9489    
    148800   307.32384      49.520059      32.978663      82.498723      14.760404      11.497008      0              5.7229695      17.539678     -2158.551     
    148900   308.95789      51.574205      33.154012      84.728217      17.246411      11.011543      0              6.5733417      16.742909     -813.85618    
    149000   326.14937      53.084334      34.998816      88.08315       21.189228      8.7237884      0              6.8360108      16.335307     -2104.6946    
    149100   382.2428       51.424664      41.018154      92.442818      17.305196      10.890872      0              6.773285       16.455311     -881.64421    
    149200   460.26829      47.354501      49.391004      96.745505      14.247039      10.646519      0              5.7509413      16.710002     -2008.8723    
    149300   440.94483      52.382622      47.31742       99.700042      20.09749       8.0760009      0              6.5540506      17.655081     -998.59945    
    149400   370.19019      61.05048       39.724799      100.77528      22.654988      14.882023      0              6.5944558      16.919014      2406.192     
    149500   443.62603      52.97868       47.605138      100.58382      20.086423      11.917267      0              4.813248       16.161741     -1452.9131    
    149600   398.55956      56.78012       42.769092      99.549212      23.461104      9.2767047      0              7.4055969      16.636715      968.30418    
    149700   399.95818      54.788864      42.919177      97.708041      15.055748      16.184427      0              6.200089       17.348601      757.15897    
    149800   435.75909      48.748538      46.760942      95.50948       10.919655      14.674281      0              6.0144752      17.140125      3343.702     
    149900   369.86417      53.415213      39.689814      93.105027      12.169765      17.639453      0              6.1393608      17.466634      3588.4386    
    150000   372.68482      50.733659      39.992496      90.726155      15.753574      10.879932      0              6.4276705      17.672482      3582.9133    
    150100   345.51736      51.256433      37.077179      88.333612      16.895931      13.242774      0              4.6000811      16.517648      2059.1314    
    150200   422.52904      40.832901      45.341237      86.174137      10.670589      10.101839      0              4.8991322      15.16134      -1985.9736    
    150300   386.83345      42.755556      41.510773      84.266329      13.576976      9.0226746      0              4.571215       15.584691     -1770.3825    
    150400   361.05527      43.977181      38.744539      82.72172       12.76659       11.065029      0              4.5154609      15.630101     -276.41263    
    150500   345.26688      44.38143       37.050299      81.43173       11.599387      10.976458      0              5.1916629      16.613921      1156.6496    
    150600   316.36636      46.631314      33.949009      80.580323      14.300386      12.573008      0              4.4330639      15.324856     -2206.4826    
    150700   366.90642      40.67516       39.372421      80.047581      10.486851      7.6484983      0              7.2013605      15.338451     -3212.2028    
    150800   308.53173      46.790334      33.108281      79.898616      11.997566      13.791695      0              3.9892602      17.011813      3701.0842    
    150900   275.2204       50.542403      29.533671      80.076074      14.717944      12.882263      0              5.9927506      16.949445      761.23278    
    151000   332.20253      44.945389      35.648375      80.593764      17.466998      7.9958986      0              2.9959903      16.486502      755.08607    
    151100   333.93122      45.823882      35.833879      81.657761      10.050296      14.605124      0              4.5133984      16.655063     -115.25189    
    151200   316.8741       49.716953      34.003494      83.720448      13.787921      14.121381      0              6.0708588      15.736793     -1461.9202    
    151300   353.3982       48.982918      37.922865      86.905782      16.590603      8.0205049      0              6.158088       18.213721      3248.4488    
    151400   400.77288      48.381974      43.006602      91.388575      12.746436      12.129542      0              7.4201318      16.085864     -2334.2752    
    151500   353.72414      58.016015      37.957841      95.973856      22.038547      13.537132      0              6.3898115      16.050524     -1299.679     
    151600   343.95829      62.181493      36.909876      99.091369      20.406788      16.637007      0              8.1260675      17.011631     -526.66573    
    151700   455.27646      51.638256      48.855335      100.49359      20.251661      7.5817277      0              6.2828277      17.52204      -252.50536    
    151800   459.25959      51.429619      49.282761      100.71238      14.665621      11.73931       0              7.8485698      17.176118     -1314.5807    
    151900   430.91127      54.012387      46.240728      100.25311      14.122928      13.185666      0              9.2881102      17.415683      1711.0471    
    152000   357.06511      60.962812      38.316358      99.27917       19.412526      17.488474      0              8.1461858      15.915626     -1062.7757    
    152100   436.24247      50.779177      46.812813      97.59199       12.788717      12.006658      0              8.5167896      17.467013      2168.0359    
    152200   441.55518      48.03323       47.382916      95.416146      12.19191       13.850461      0              6.0839761      15.906884      1913.3906    
    152300   346.64185      55.870144      37.197847      93.067991      18.35316       16.063553      0              4.7233415      16.73009       2340.0844    
    152400   321.58915      56.171371      34.509462      90.680832      18.798183      14.649633      0              5.6400332      17.083521      2151.1117    
    152500   379.75528      47.893962      40.75122       88.645182      17.76709       11.022158      0              2.4351828      16.669532      622.80955    
    152600   358.32229      48.458132      38.451265      86.909396      16.878354      12.495229      0              4.5826514      14.501897     -1087.7733    
    152700   416.10327      40.913687      44.651693      85.56538       10.933271      10.43118       0              3.3440755      16.205161      1426.2935    
    152800   388.88501      42.916311      41.730924      84.647235      14.483484      6.0478133      0              5.3481754      17.036838      958.97131    
    152900   371.7821       44.189452      39.895626      84.085078      13.319694      9.7463404      0              4.5963762      16.527041      1612.8813    
    153000   344.5276       46.853771      36.970968      83.824738      17.449699      10.512133      0              3.6402361      15.251703      1330.1417    
    153100   315.63146      49.786316      33.870147      83.656463      19.47739       10.789962      0              4.7578628      14.761102     -2222.1323    
    153200   364.23051      44.652225      39.085271      83.737496      11.946768      13.096857      0              4.4029577      15.205643     -1620.9985    
    153300   409.93082      40.119372      43.989333      84.108705      11.046907      8.9665337      0              4.7442458      15.361686     -1305.5059    
    153400   329.81714      49.343385      35.3924        84.735785      15.740432      12.597894      0              4.6371924      16.367866      530.39877    
    153500   297.67432      53.70386       31.943182      85.647042      17.369249      11.40098       0              8.4502836      16.483348      344.90698    
    153600   344.77963      49.876543      36.998013      86.874556      18.828544      11.951364      0              2.2779849      16.818651     -801.41068    
    153700   360.47446      50.2157        38.682212      88.897912      17.632473      10.383642      0              5.999425       16.20016      -663.28228    
    153800   373.43419      51.803179      40.07291       91.876089      17.15453       15.749391      0              3.69235        15.206908     -4149.9473    
    153900   379.20585      55.125728      40.692262      95.817989      15.70268       17.697507      0              5.9292431      15.796298      1738.8353    
    154000   417.33795      56.039492      44.784185      100.82368      18.810884      11.578372      0              7.8641248      17.786111      3905.1096    
    154100   429.40016      59.176047      46.078572      105.25462      23.819986      13.750734      0              4.8226153      16.782712     -1989.9176    
    154200   464.56632      57.852732      49.852222      107.70495      18.536183      15.450581      0              7.186784       16.679184      871.75736    
    154300   387.91825      66.451107      41.627183      108.07829      21.307013      18.623279      0              8.9080317      17.612783      3427.3286    
    154400   445.54356      59.325478      47.810906      107.13638      18.352723      14.121544      0              8.664298       18.186914     -1886.9544    
    154500   416.62298      60.639229      44.707463      105.34669      20.828287      16.718978      0              6.5012908      16.590673     -2734.3445    
    154600   400.97788      59.908488      43.028601      102.93709      15.592703      17.571694      0              8.5110442      18.233047      3616.2947    
    154700   364.06875      61.278787      39.067912      100.3467       20.896217      16.285034      0              7.5165292      16.581006     -1440.2005    
    154800   430.72655      51.580758      46.220906      97.801663      15.925678      13.417105      0              5.6716967      16.566278     -612.04209    
    154900   369.80709      55.78013       39.683689      95.463819      20.917305      13.433917      0              4.9114418      16.517467     -1152.6963    
    155000   334.10369      57.277313      35.852387      93.1297        21.593787      13.810842      0              5.5632677      16.309417     -834.05705    
    155100   330.26631      55.443214      35.440601      90.883815      19.199467      14.074043      0              6.0140098      16.155693      619.17153    
    155200   321.57158      54.403153      34.507577      88.91073       15.908136      17.110582      0              3.6440817      17.740353      1731.3276    
    155300   350.32643      49.755911      37.593236      87.349147      13.999627      15.345987      0              4.0311389      16.379159     -2091.1022    
    155400   427.32234      40.179244      45.855602      86.034845      7.9492891      10.848288      0              4.7018172      16.679849     -1412.6847    
    155500   340.58094      48.440537      36.547456      84.987993      12.784823      15.508472      0              2.732594       17.414648      901.34037    
    155600   307.88635      51.13596       33.039026      84.174986      19.806655      6.8104311      0              6.4855406      18.033333     -2784.3659    
    155700   294.96476      52.136423      31.652422      83.788845      13.277103      13.68661       0              6.5495544      18.623155      39.762357    
    155800   345.95905      46.708987      37.124576      83.833563      14.500325      10.359067      0              3.9856536      17.863942     -40.840904    
    155900   387.37636      42.652441      41.569032      84.221473      10.827601      10.996611      0              4.8524907      15.975738     -2328.8692    
    156000   392.1809       42.853824      42.084604      84.938428      14.431956      8.8144992      0              3.9701248      15.637244     -920.76242    
    156100   380.66628      45.076454      40.84898       85.925434      11.275036      12.80258       0              3.8403663      17.158472     -329.94743    
    156200   360.38689      48.985577      38.672815      87.658392      12.709184      13.988279      0              5.1886087      17.099505      520.93873    
    156300   376.75006      50.165976      40.428733      90.594709      17.2503        11.929401      0              4.3360172      16.650258      1649.1582    
    156400   404.89012      50.753747      43.448419      94.202166      13.68899       16.480591      0              3.4396239      17.144542      2302.4162    
    156500   320.24879      63.199658      34.365629      97.565286      18.327281      20.873975      0              7.3024964      16.695905     -1407.9435    
    156600   379.99914      59.941811      40.777389      100.7192       19.106092      15.814626      0              7.9182902      17.102802      1774.3732    
    156700   445.73385      55.369891      47.831326      103.20122      19.753941      14.730864      0              5.0950329      15.790052      2289.6532    
    156800   459.34147      54.910752      49.291548      104.2023       20.800942      7.6760483      0              7.345624       19.088138      3935.0155    
    156900   417.60592      58.818922      44.812941      103.63186      19.003103      15.773864      0              4.5469568      19.494997      5923.0511    
    157000   304.7691       69.411818      32.704517      102.11634      22.645398      25.737233      0              3.8079527      17.221234     -1338.7428    
    157100   434.09413      52.949271      46.582277      99.531548      15.850799      13.333458      0              6.421523       17.343491      2635.7589    
    157200   424.7676       50.52837       45.581455      96.109825      12.512224      12.144741      0              8.8057956      17.06561      -1997.5734    
    157300   334.49241      56.961018      35.8941        92.855117      18.615289      15.865691      0              3.9235828      18.556455     -85.433252    
    157400   328.32228      55.357224      35.231989      90.589213      16.370069      16.718646      0              4.8954032      17.373106      628.27722    
    157500   357.59576      50.979001      38.373301      89.352302      19.680415      12.717438      0              2.8412601      15.739888     -2244.9266    
    157600   363.9272       49.430737      39.052723      88.483461      17.36621       11.561469      0              4.1458763      16.357183      1682.7441    
    157700   353.45247      49.883065      37.928688      87.811754      17.021029      10.374332      0              5.7739107      16.713793     -977.76369    
    157800   340.53486      50.992487      36.54251       87.534997      15.08164       12.509206      0              4.4485381      18.953102      1164.9527    
    157900   353.97511      49.58819       37.984772      87.572962      10.100666      14.855471      0              5.9910435      18.64101       447.65833    
    158000   319.57597      53.592849      34.29343       87.886279      16.591849      9.6875471      0              8.9707526      18.3427        353.7233     
    158100   369.75666      48.571791      39.678277      88.250069      12.004945      12.997029      0              5.0381149      18.531703     -83.267654    
    158200   389.18617      46.867909      41.763241      88.63115       9.8628097      16.212815      0              3.1445126      17.647771      1917.8682    
    158300   324.03509      54.268053      34.771933      89.039987      13.118005      16.260717      0              7.8543549      17.034977      981.38103    
    158400   355.8955       51.314675      38.190848      89.505523      14.09011       14.484367      0              5.0481712      17.692027      937.18933    
    158500   396.34023      47.525601      42.530938      90.056539      15.175754      11.992905      0              3.3503136      17.006629      298.77473    
    158600   373.70684      50.40489       40.102168      90.507058      17.409461      12.985437      0              4.0366698      15.973322      336.91894    
    158700   390.58395      48.935996      41.913236      90.849232      14.452207      13.339341      0              5.5246836      15.619765     -67.405955    
    158800   353.33308      53.35563       37.915876      91.271507      17.843361      14.108291      0              4.4335292      16.970449     -339.88045    
    158900   347.72083      54.363941      37.313631      91.677573      11.864939      21.744416      0              4.4897132      16.264874     -1393.0526    
    159000   342.57462      55.572133      36.761395      92.333528      14.870785      17.851313      0              6.8666701      15.983365     -2495.7216    
    159100   300.82992      60.777915      32.281807      93.059722      18.110343      18.222966      0              6.873792       17.570814      102.57941    
    159200   344.32632      56.748883      36.949369      93.698252      16.322402      18.025335      0              3.756727       18.644419      1317.4295    
    159300   340.57313      57.644348      36.546618      94.190966      16.175373      16.211847      0              6.4383104      18.818817     -1195.4764    
    159400   370.3759       54.743353      39.744727      94.48808       19.165661      13.993148      0              3.5792796      18.005264     -826.85058    
    159500   406.44249      50.955973      43.615003      94.570976      11.597544      14.186004      0              6.9240753      18.248349      696.26755    
    159600   338.27747      58.129065      36.300272      94.429337      17.352214      15.123156      0              6.7695805      18.884115      1815.1507    
    159700   313.93108      59.949315      33.687681      93.636996      16.046323      16.666918      0              9.7622348      17.473839     -1740.8169    
    159800   310.98071      58.953937      33.371079      92.325017      21.315371      15.288022      0              4.7723555      17.578189     -3875.052     
    159900   354.40264      52.708463      38.030651      90.739114      18.748427      11.131737      0              5.0782443      17.750055     -479.93997    
    160000   383.80344      47.533174      41.185625      88.718799      16.279015      10.923996      0              2.5206066      17.809555     -1731.2827    
    160100   345.02607      49.641663      37.024458      86.666122      15.419527      12.478646      0              4.458408       17.285083     -1482.8139    
    160200   325.27059      49.668041      34.904515      84.572556      15.878689      9.4249199      0              7.3959134      16.968519     -2674.2058    
    160300   262.49404      54.622163      28.168015      82.790177      14.407778      17.638587      0              5.5020703      17.073727      453.24153    
    160400   324.87277      46.460256      34.861825      81.322081      16.057661      9.6265233      0              4.276516       16.499555     -480.03459    
    160500   309.88325      47.038619      33.253311      80.29193       15.06396       10.591927      0              4.4602157      16.922517     -222.84876    
    160600   263.02225      51.618336      28.224697      79.843034      17.222991      11.189211      0              6.0107241      17.19541      -204.55929    
    160700   304.51318      47.146751      32.677055      79.823806      13.792655      10.809847      0              5.4768779      17.067371     -1192.2158    
    160800   332.98684      44.63713       35.732538      80.369668      12.845663      10.113462      0              4.2380235      17.439981      891.15348    
    160900   290.81322      50.536343      31.206923      81.743266      14.129674      13.615746      0              4.9796428      17.81128       2491.9095    
    161000   348.85895      46.743759      37.435762      84.179521      10.412283      11.986029      0              7.8783322      16.467115      326.75429    
    161100   375.05793      47.699606      40.247152      87.946758      10.821011      16.655282      0              3.8905569      16.332757      1140.1788    
    161200   384.09539      51.088385      41.216955      92.30534       17.145152      11.637076      0              5.4930171      16.81314       973.57469    
    161300   449.8735       47.703656      48.275548      95.979204      15.425744      10.622122      0              4.8835806      16.77221       920.32126    
    161400   407.65235      54.4173        43.744832      98.162132      16.819605      13.173123      0              8.4593896      15.965182     -816.14599    
    161500   402.11777      56.166761      43.150921      99.317682      10.409016      21.00239       0              8.1439679      16.611387     -1322.2957    
    161600   395.01754      57.508425      42.389002      99.897426      19.911694      14.506513      0              7.1021733      15.988044     -557.44993    
    161700   420.1577       54.591053      45.08677       99.677824      15.610206      15.327525      0              7.6122354      16.041087      373.71806    
    161800   367.32145      59.31435       39.416957      98.731308      21.5188        15.60806       0              4.4522986      17.735192      160.52711    
    161900   353.23518      59.335758      37.905371      97.24113       16.96276       19.728745      0              4.9139944      17.730258      120.59536    
    162000   413.53106      50.803646      44.375671      95.179317      13.685867      13.119577      0              6.8638627      17.13434      -913.12232    
    162100   385.96614      51.611504      41.417703      93.029207      13.183827      15.110026      0              5.8814217      17.436229     -1292.0003    
    162200   332.50803      55.240162      35.681158      90.92132       18.761942      15.605692      0              4.3603411      16.512187     -1835.0252    
    162300   315.13002      55.137415      33.816338      88.953753      16.936457      11.564639      0              9.6375427      16.998777     -928.96655    
    162400   386.00423      45.855128      41.42179       87.276918      17.45112       9.7954143      0              2.5540548      16.054539     -3130.0387    
    162500   290.40905      54.864327      31.163551      86.027879      16.204026      14.775886      0              6.1949737      17.689442     -96.956905    
    162600   335.71717      49.394808      36.025528      85.420336      13.712395      11.536253      0              7.4502346      16.695926     -2704.5977    
    162700   277.37717      55.48658       29.765112      85.251692      15.65561       13.669325      0              10.040232      16.121412     -2317.3763    
    162800   312.73999      51.892593      33.559866      85.452459      13.563         14.392111      0              6.9765667      16.960916     -1876.7041    
    162900   361.71289      47.112626      38.815107      85.927734      15.526001      7.2361685      0              8.0368303      16.313626     -2353.8406    
    163000   344.03513      49.544289      36.918121      86.462411      13.296607      13.69595       0              5.6419949      16.909738      3222.4316    
    163100   352.9694       49.119109      37.87685       86.995959      14.076546      13.65782       0              5.0707095      16.314035     -15.206304    
    163200   302.30609      55.105868      32.440213      87.546081      15.725648      15.741518      0              5.3701313      18.268571      2750.2187    
    163300   388.42588      46.269195      41.681656      87.950851      13.985597      10.520095      0              5.1292238      16.634279      604.67577    
    163400   347.68268      50.938747      37.309537      88.248284      16.117584      13.104895      0              5.5426194      16.173648      2196.561     
    163500   330.95628      52.995118      35.514641      88.509759      14.298486      14.247553      0              8.0486831      16.400396      2094.493     
    163600   391.80592      46.744528      42.044365      88.788893      17.210831      9.6862952      0              2.9733695      16.874033     -1100.351     
    163700   322.55093      54.366776      34.61267       88.979446      18.168473      14.42315       0              4.480957       17.294196      752.7881     
    163800   386.31029      47.532435      41.454634      88.987069      11.813027      14.41072       0              4.7717999      16.536889     -62.762742    
    163900   333.46732      53.349279      35.784099      89.133378      15.061226      15.508104      0              6.0215513      16.758398      64.905096    
    164000   297.67987      57.277542      31.943777      89.221319      15.119519      15.710317      0              8.4020384      18.045668      1956.8301    
    164100   349.69091      51.866483      37.525039      89.391522      10.576985      15.973328      0              8.640973       16.675197      1762.6234    
    164200   363.57243      51.173283      39.014653      90.187936      13.777582      13.422059      0              6.4653306      17.508312      1662.3441    
    164300   343.31249      54.895285      36.840575      91.735861      15.089651      15.805802      0              6.7027595      17.297073     -274.12797    
    164400   391.60175      51.742907      42.022456      93.765363      15.720565      12.601674      0              5.9912804      17.429387      4982.798     
    164500   361.99908      57.114267      38.845818      95.960085      16.633883      12.813524      0              10.924879      16.741981     -1146.5944    
    164600   429.13431      51.82437       46.050043      97.874413      12.918898      15.552943      0              6.3609978      16.991531     -279.98383    
    164700   442.78414      51.783339      47.514795      99.298134      15.815856      6.2968395      0              13.216459      16.454184     -1998.5031    
    164800   451.76484      51.63241       48.478506      100.11092      11.692777      12.657135      0              10.637804      16.644693      1652.5018    
    164900   383.31128      58.851391      41.132812      99.984203      16.533379      15.643696      0              10.688629      15.985688     -1526.2847    
    165000   419.61372      54.014065      45.028396      99.042461      15.529499      16.334304      0              4.6746566      17.475606     -237.39156    
    165100   388.96708      55.60664       41.739731      97.346371      16.548063      14.324115      0              7.3967152      17.337747      342.32896    
    165200   340.38505      58.442875      36.526434      94.969309      17.522482      17.064348      0              6.9209086      16.935137     -1554.1915    
    165300   379.88156      51.49059       40.764772      92.255362      14.913486      12.439169      0              7.0542325      17.083703      1454.2511    
    165400   282.26168      59.153928      30.289264      89.443192      20.260215      15.077756      0              7.9362316      15.879726     -1912.7199    
    165500   335.7142       50.5598        36.02521       86.585009      14.756402      10.553772      0              8.4678058      16.78182       395.47113    
    165600   376.85193      43.691443      40.439665      84.131108      10.331269      12.272227      0              5.1865694      15.901378     -1865.0373    
    165700   307.68777      49.333613      33.017717      82.35133       12.454883      12.640842      0              8.3029977      15.934891     -826.0651     
    165800   301.62932      48.962375      32.367589      81.329965      18.84489       10.35908       0              3.6469927      16.111412     -1258.2501    
    165900   296.64433      48.990118      31.832654      80.822772      17.792097      10.730903      0              4.7951948      15.671923     -4891.8723    
    166000   296.97208      48.977307      31.867825      80.845132      14.565571      12.805772      0              4.7204272      16.885537      1250.2329    
    166100   304.31543      48.603816      32.655833      81.25965       14.43387       9.7855951      0              7.0771424      17.307209      790.29417    
    166200   340.8733       45.504936      36.578828      82.083764      13.154663      10.561285      0              3.5041169      18.284871      1312.6102    
    166300   330.42555      47.80525       35.457688      83.262938      11.913849      15.872252      0              2.9540269      17.065121      2200.5425    
    166400   307.94715      51.834205      33.045551      84.879756      15.568193      12.147643      0              8.0189138      16.099456     -1232.2163    
    166500   290.80449      55.443705      31.205987      86.649691      18.054665      13.723932      0              8.0115272      15.653581     -876.61163    
    166600   339.38955      51.835608      36.419608      88.255216      17.503911      10.605155      0              6.9489158      16.777625     -2285.1819    
    166700   329.13254      54.037477      35.318937      89.356414      12.986434      12.395046      0              11.70934       16.946658      3010.0855    
    166800   373.06443      49.974687      40.033231      90.007918      9.804162       13.597359      0              9.2162166      17.356949      862.21236    
    166900   385.646        48.985532      41.383349      90.36888       13.642553      12.643251      0              4.9959242      17.703803      725.6641     
    167000   349.94934      52.91712       37.552771      90.469891      12.726267      14.549725      0              8.9726993      16.668429      1999.0935    
    167100   376.08291      50.090857      40.357142      90.447999      13.485564      12.136698      0              6.2925689      18.176026      1540.9682    
    167200   338.00726      54.130851      36.271275      90.402126      17.695182      12.052695      0              6.5782765      17.804697     -1138.3722    
    167300   349.98194      52.769498      37.556269      90.325767      13.501577      11.546025      0              9.6833621      18.038535     -2458.0607    
    167400   326.14233      55.373413      34.99806       90.371473      12.458374      13.928775      0              10.130522      18.855742      965.98878    
    167500   383.11853      49.470211      41.112128      90.582339      9.7402573      10.542117      0              9.3464937      19.841343      1361.3223    
    167600   407.30048      47.24986       43.707073      90.956933      8.5896546      13.831209      0              7.8392248      16.989771     -1543.7029    
    167700   364.33735      52.31554       39.096735      91.412276      12.6281        17.001446      0              6.3901388      16.295855      1956.4677    
    167800   308.64844      58.742809      33.120805      91.863614      20.253511      11.940777      0              9.884606       16.663915     -1890.3716    
    167900   382.92831      51.075457      41.091716      92.167172      13.474668      13.798599      0              6.9734279      16.828762     -548.92611    
    168000   338.41895      56.010448      36.315454      92.325901      23.062449      8.5851136      0              7.8986233      16.464262     -2592.3337    
    168100   378.37643      51.675839      40.603258      92.279096      13.539368      14.129036      0              6.8884671      17.118968      1871.6181    
    168200   418.71467      47.059805      44.93192       91.991725      11.019755      12.109372      0              6.2376971      17.69298      -42.582945    
    168300   348.67581      53.903058      37.416109      91.319167      16.408942      14.41368       0              4.7159931      18.364443     -2351.8491    
    168400   353.18194      52.255985      37.899658      90.155643      19.187121      10.272736      0              5.537663       17.258465      322.85485    
    168500   360.31905      50.032392      38.665535      88.697927      14.710226      11.209099      0              7.542557       16.570509     -1827.945     
    168600   314.47457      53.304627      33.746003      87.05063       21.257952      8.341466       0              4.6247682      19.08044       596.98226    
    168700   293.75575      53.97058       31.522683      85.493263      22.351328      10.209241      0              4.794133       16.615878     -1909.3934    
    168800   270.7607       55.012865      29.055104      84.067969      19.259136      11.01864       0              9.1227054      15.612383     -1827.0056    
    168900   376.9488       42.427586      40.45006       82.877646      14.228774      8.4890448      0              2.921272       16.788495     -10.257612    
    169000   321.34698      47.52762       34.483475      82.011095      10.028506      13.972664      0              5.9644207      17.562029      285.90321    
    169100   309.22047      48.419208      33.18219       81.601398      16.694582      10.259187      0              4.00309        17.462348      2184.0584    
    169200   266.27796      53.086675      28.574065      81.66074       14.513264      13.581302      0              8.0375051      16.954603     -2105.0977    
    169300   333.199        46.441638      35.755305      82.196943      13.230344      13.378866      0              2.098047       17.73438       92.765636    
    169400   322.30516      48.681889      34.586297      83.268186      11.947036      12.101987      0              6.6217694      18.011097      1502.8273    
    169500   351.15491      47.385359      37.682139      85.067498      15.176626      10.984203      0              4.2481604      16.97637       343.16145    
    169600   315.44821      53.692855      33.850483      87.543338      16.791408      10.295647      0              9.2263329      17.379466      1828.3296    
    169700   378.18695      50.006519      40.582925      90.589444      15.988796      13.547721      0              3.5461113      16.923891     -688.56794    
    169800   384.5956       52.344214      41.270631      93.614845      17.00187       8.2855706      0              8.6322397      18.424534      5158.7547    
    169900   426.53376      50.614202      45.77098       96.385182      16.901868      11.272286      0              4.5217696      17.918278      5441.5992    
    170000   391.62049      56.345649      42.024467      98.370116      18.705097      11.963842      0              10.254066      15.422645     -686.49541    
    170100   402.31937      56.368403      43.172554      99.540957      23.425223      10.688228      0              6.0222842      16.232667     -984.72695    
    170200   432.36701      53.470248      46.396942      99.86719       16.248529      11.941359      0              9.331137       15.949224     -818.36841    
    170300   365.2025       60.502488      39.189574      99.692062      22.588443      14.406827      0              7.0705808      16.436638     -2263.0799    
    170400   394.96611      56.524791      42.383482      98.908273      13.415627      20.082752      0              7.3697044      15.656708     -2782.8893    
    170500   390.85763      55.665146      41.942605      97.607751      14.18376       13.338249      0              10.689891      17.453246     -2418.1193    
    170600   375.42365      55.641916      40.286398      95.928314      17.749962      11.358297      0              8.5736108      17.960047      1783.6612    
    170700   383.91525      52.758091      41.197624      93.955715      17.698854      13.134942      0              4.8013104      17.122984      1137.3046    
    170800   394.16815      49.80328       42.297854      92.101134      14.782931      14.660378      0              3.7778506      16.582121      307.85922    
    170900   367.61744      51.181418      39.448719      90.630137      12.671938      11.304514      0              10.041073      17.163893     -709.23227    
    171000   355.08413      51.512651      38.10378       89.616431      11.49717       19.010343      0              3.5616085      17.443529     -1065.3651    
    171100   326.16316      54.124383      35.000295      89.124678      18.178713      13.018287      0              5.1743591      17.753024      2254.6297    
    171200   360.89296      50.158552      38.727121      88.885673      16.261731      8.8934272      0              6.3605466      18.642847     -69.827993    
    171300   282.77583      58.402053      30.344437      88.74649       15.67903       19.939477      0              6.0072893      16.776256     -2072.3252    
    171400   319.14026      54.38267       34.246674      88.629344      13.464788      21.151856      0              4.1012171      15.66481       177.71246    
    171500   314.85599      54.91756       33.786932      88.704492      19.746459      12.46522       0              6.1428143      16.563067      914.30879    
    171600   383.98755      47.513517      41.205383      88.7189        14.433618      11.953233      0              5.3955947      15.731071      161.75799    
    171700   340.21296      52.180595      36.507968      88.688563      9.4179394      18.138313      0              8.173033       16.45131       2473.744     
    171800   340.99702      52.037726      36.592104      88.62983       18.609852      13.187791      0              3.8811742      16.358908     -2421.4772    
    171900   271.43358      59.570904      29.12731       88.698214      20.398596      17.005193      0              5.0656446      17.10147      -252.07437    
    172000   372.54591      48.843874      39.97759       88.821464      15.503317      10.309566      0              5.2278593      17.803132      1216.0739    
    172100   335.30021      53.052137      35.980785      89.032922      19.124465      14.89722       0              3.4048026      15.62565      -410.66206    
    172200   342.91985      52.384562      36.798442      89.183004      13.986453      16.628565      0              6.6536254      15.115918     -2843.9358    
    172300   419.73437      44.300038      45.041343      89.341381      13.944776      11.057746      0              4.2327066      15.064809     -2809.2137    
    172400   400.62354      46.435718      42.990577      89.426295      16.701741      8.7199462      0              4.8825891      16.131442      2080.9038    
    172500   337.58153      53.064126      36.225591      89.289716      15.883844      16.30967       0              4.3673182      16.503294      1699.6392    
    172600   344.98665      51.7826        37.020228      88.802829      13.281138      14.842478      0              7.0295692      16.629415     -37.608238    
    172700   353.83992      50.196763      37.970266      88.167028      11.612731      12.484668      0              7.1958742      18.903489      5507.1214    
    172800   359.41485      48.892766      38.568506      87.461271      15.008556      10.01503       0              6.893599       16.975581     -1551.6841    
    172900   356.59014      48.437467      38.265389      86.702856      14.828613      12.307316      0              4.7907382      16.5108       -4997.684     
    173000   323.28735      51.349741      34.691695      86.041436      10.957272      17.109432      0              5.130367       18.15267       1542.2382    
    173100   413.41834      41.054035      44.363575      85.41761       9.8423949      7.6073172      0              5.8463626      17.75796       1209.5746    
    173200   343.35876      48.182542      36.84554       85.028082      14.199101      12.372495      0              3.4962943      18.114652     -238.83072    
    173300   284.00838      54.212956      30.476702      84.689657      18.765104      11.921324      0              4.8549585      18.671569      2837.7318    
    173400   315.01077      50.745831      33.803542      84.549374      14.77759       13.731707      0              4.7355459      17.500989      2356.5095    
    173500   372.93175      44.558626      40.018994      84.57762       12.800383      10.840248      0              4.0623163      16.855679      1100.5358    
    173600   298.07749      52.956014      31.986445      84.942459      13.650639      13.321371      0              8.2885601      17.695444      670.65815    
    173700   390.865        43.808671      41.943396      85.752067      10.096866      10.699741      0              6.1820695      16.829994     -563.5109     
    173800   346.15906      49.979819      37.146038      87.125857      14.420429      12.422206      0              6.860021       16.277163     -1576.7377    
    173900   363.90748      49.852364      39.050606      88.90297       14.200491      14.436016      0              3.7922822      17.423575      1466.6614    
    174000   302.61348      58.838477      32.473199      91.311676      18.699932      10.965885      0              11.644845      17.527815      3143.3991    
    174100   340.21366      57.23329       36.508042      93.741332      18.690922      12.673668      0              9.6505569      16.218142     -718.86939    
    174200   357.44445      57.671222      38.357064      96.028286      18.433048      10.34047       0              13.087108      15.810596     -968.40958    
    174300   409.81386      54.163955      43.976782      98.140737      16.330891      9.4222181      0              7.0743507      21.336496      976.32754    
    174400   318.11988      65.744005      34.137177      99.881182      17.412541      18.683744      0              9.9430908      19.704628     -1998.326     
    174500   406.12976      57.622729      43.581444      101.20417      20.081453      12.227085      0              6.3350828      18.979109      2212.9451    
    174600   373.17489      61.750423      40.045085      101.79551      20.193857      13.715055      0              10.014065      17.827446     -2440.8892    
    174700   415.95612      56.722555      44.635903      101.35846      22.247018      13.548295      0              5.8872501      15.039992     -6533.499     
    174800   318.27907      65.732153      34.15426       99.886413      24.317922      18.281171      0              7.1526782      15.980382     -97.780386    
    174900   427.10524      50.895731      45.832305      96.728037      13.052041      13.558946      0              7.6378007      16.646944     -1644.3448    
    175000   372.06342      51.897931      39.925814      91.823744      17.241104      7.7629579      0              10.947204      15.946664     -3525.7485    
    175100   384.25972      45.573824      41.234589      86.808413      10.476413      11.8167        0              6.661003       16.619708      375.13201    
    175200   345.06942      46.625369      37.02911       83.654479      15.969802      7.9006235      0              6.9822602      15.772684     -733.39249    
    175300   314.53942      48.338842      33.752961      82.091803      12.99124       10.766096      0              7.3713854      17.21012      -331.08856    
    175400   292.17935      49.962584      31.353521      81.316105      15.196696      9.7695692      0              8.9891042      16.007214      531.15603    
    175500   364.10291      41.85295       39.071578      80.924528      11.744968      8.4351456      0              5.5366589      16.136177      2259.9337    
    175600   331.51262      45.332459      35.574342      80.906801      12.285629      11.195404      0              6.2891225      15.562304     -2211.6689    
    175700   342.19379      44.609283      36.720529      81.329812      7.456508       10.835588      0              8.7834757      17.533711      687.88448    
    175800   326.05173      47.296783      34.988338      82.285121      12.821552      10.73223       0              6.1507222      17.592278     -1059.8268    
    175900   325.96168      48.628597      34.978675      83.607271      13.754863      11.430888      0              6.8769364      16.565909      140.64954    
    176000   369.05999      45.769016      39.603518      85.372534      14.620556      7.0211546      0              7.3351148      16.792191     -1362.8068    
    176100   360.88598      48.520048      38.726372      87.246421      13.347073      11.692245      0              6.055505       17.425225      1010.2629    
    176200   363.66451      50.414362      39.024533      89.438895      16.738938      10.151204      0              7.0154343      16.508785     -1599.8024    
    176300   314.53849      57.905966      33.752862      91.658828      14.304506      18.461835      0              7.9919814      17.147643      1017.4805    
    176400   423.5705       48.327666      45.452996      93.780662      14.253616      11.966068      0              4.6774835      17.430499     -539.77552    
    176500   372.40384      55.514985      39.962344      95.477329      15.9247        13.895046      0              7.9552351      17.740003      1241.5679    
    176600   325.64554      61.703601      34.94475       96.648351      26.123322      12.894808      0              4.361008       18.324462     -23.66857     
    176700   360.70295      58.577113      38.706731      97.283844      22.250167      14.507823      0              3.7815136      18.03761       418.88057    
    176800   359.12112      58.89123       38.536987      97.428217      21.701221      12.54937       0              5.4716942      19.168946      4215.5788    
    176900   387.01212      55.325793      41.529946      96.855739      19.120163      12.249591      0              7.3546868      16.601352     -1076.1001    
    177000   366.83769      55.970027      39.365045      95.335073      17.635404      19.618767      0              3.1827667      15.53309      -813.11638    
    177100   347.93191      54.698592      37.336282      92.034874      14.370855      17.737163      0              5.80392        16.786654      1424.5399    
    177200   378.99872      46.810296      40.670035      87.480331      17.525174      9.8703613      0              2.811613       16.603148     -2475.7594    
    177300   303.80407      50.398382      32.60096       82.999342      20.077319      10.516328      0              3.9533851      15.85135      -3168.6256    
    177400   290.32374      48.834481      31.154398      79.988879      15.741518      12.687202      0              3.0651205      17.340641      610.26487    
    177500   281.42392      48.337644      30.199365      78.53701       14.46436       10.46799       0              7.6500135      15.75528      -3877.9843    
    177600   260.05336      50.184222      27.906108      78.09033       15.090272      12.329952      0              6.8373168      15.926681     -4085.9442    
    177700   275.64585      48.823155      29.579326      78.40248       9.8404964      15.817262      0              5.1754857      17.98991      -850.28887    
    177800   302.81984      46.883393      32.495344      79.378736      12.897153      14.339377      0              4.0113022      15.635561     -5464.729     
    177900   272.97478      51.632959      29.292695      80.925653      18.099821      13.372895      0              5.2239009      14.936343     -5328.5719    
    178000   292.89847      51.621711      31.430689      83.0524        17.044474      14.967759      0              3.5249919      16.084486     -2543.7692    
    178100   327.42536      50.376568      35.135741      85.512308      16.180407      12.612592      0              4.6519613      16.931607      465.04669    
    178200   338.96659      51.58305       36.37422       87.95727       15.849538      11.191776      0              8.8427579      15.698978     -1516.3553    
    178300   382.9883       48.947891      41.098154      90.046045      15.645991      11.630155      0              5.605197       16.066548     -6.1878203    
    178400   392.50682      49.400545      42.119578      91.520123      18.762931      10.365131      0              3.7757203      16.496763      754.74327    
    178500   402.26475      49.434627      43.166693      92.601321      11.46653       11.967262      0              8.0755757      17.92526       1843.9413    
    178600   322.65588      58.730153      34.623932      93.354085      17.946801      13.696544      0              9.3568511      17.729957      658.25421    
    178700   388.57948      51.866148      41.698138      93.564286      20.430595      11.233252      0              3.0722998      17.130001      2500.1191    
    178800   344.9047       56.441471      37.011434      93.452905      18.887466      14.049904      0              7.2513695      16.252731     -52.110319    
    178900   378.08876      52.338895      40.572388      92.911283      12.928928      17.17741       0              5.1338839      17.098673      288.7101     
    179000   388.02694      50.414128      41.638846      92.052973      13.228209      12.929652      0              6.6229921      17.633275      1951.7196    
    179100   413.39492      46.568412      44.361062      90.929474      12.359707      10.019678      0              8.053983       16.135045      1869.8745    
    179200   346.54727      52.222801      37.187697      89.410498      14.711324      15.637094      0              5.4842638      16.390119     -177.1889     
    179300   290.79947      56.221149      31.205448      87.426597      18.133172      15.948321      0              5.4146998      16.724957     -1255.2629    
    179400   323.77788      50.122169      34.744333      84.866502      14.365803      11.290749      0              7.4472243      17.018393     -206.31204    
    179500   338.62344      45.337809      36.337397      81.675206      14.762549      8.7147259      0              5.7566976      16.103836     -1850.8393    
    179600   287.21099      47.142279      30.820371      77.96265       14.04583       11.843375      0              5.0076406      16.245433     -1328.7466    
    179700   282.35053      44.460405      30.298799      74.759204      7.7745545      10.642664      0              8.9539953      17.089192      1194.4299    
    179800   253.98463      45.556803      27.254878      72.811681      12.162309      11.597162      0              4.2093013      17.58803       529.86608    
    179900   263.98163      43.749106      28.327647      72.076753      14.114319      7.8544766      0              6.0618587      15.718452     -213.51629    
    180000   262.25477      44.061977      28.14234       72.204317      13.253577      10.459016      0              4.2836204      16.065763      1084.666     
    180100   234.55314      47.820161      25.169701      72.989862      14.425802      12.923857      0              4.6215923      15.848909     -449.71395    
    180200   319.9216       39.771009      34.330518      74.101527      10.667308      7.6194415      0              4.0482308      17.436029     -105.12238    
    180300   290.51373      44.337878      31.174785      75.512663      12.932763      10.21795       0              5.0295204      16.157645      435.33393    
    180400   278.69434      47.113486      29.906456      77.019942      13.463947      10.174364      0              7.1032152      16.371959     -859.00365    
    180500   304.17056      46.05969       32.640288      78.699978      11.92005       12.018603      0              4.6968541      17.424182      82.644519    
    180600   310.22108      47.036473      33.289564      80.326037      14.392091      7.7834428      0              6.0907166      18.770223      26.420853    
    180700   331.64533      46.613588      35.588583      82.202171      12.960663      11.347264      0              4.1929742      18.112687     -2043.5524    
    180800   334.70686      48.216037      35.917113      84.133149      11.75154       14.89982       0              5.7614959      15.803181      112.97095    
    180900   375.17588      45.858467      40.259809      86.118276      14.108712      10.759103      0              4.5449779      16.445674      240.37238    
    181000   407.34717      44.244785      43.712083      87.956868      14.736555      8.4674088      0              4.451749       16.589072     -2353.9916    
    181100   380.04288      48.908809      40.782083      89.690892      13.979135      15.07297       0              3.1235379      16.733166     -1734.2762    
    181200   379.98213      50.267863      40.775564      91.043427      13.215708      14.989623      0              5.377149       16.685383      1267.6993    
    181300   422.0719       46.892477      45.292182      92.184659      12.112852      12.726983      0              5.4791767      16.573464     -666.24433    
    181400   408.12021      49.311992      43.795038      93.10703       17.102111      11.128484      0              4.7054572      16.37594      -3426.7375    
    181500   373.8818       53.582977      40.120942      93.703919      19.392106      11.150631      0              6.1807032      16.859536     -729.26893    
    181600   380.32844      53.234329      40.812727      94.047056      11.200794      22.298694      0              3.1963113      16.538531      2016.2138    
    181700   398.52352      51.490351      42.765224      94.255575      14.224256      12.892508      0              6.6182435      17.755343     -219.9883     
    181800   366.7516       55.022147      39.355807      94.377954      22.174281      11.073194      0              4.3285281      17.446144     -640.31816    
    181900   331.04889      58.656674      35.524579      94.181253      25.331071      13.473992      0              3.7833394      16.068272     -2612.4776    
    182000   351.83894      55.689176      37.755542      93.444718      20.695898      11.352943      0              6.7736345      16.866701     -42.329238    
    182100   378.40571      51.374237      40.606399      91.980636      16.387011      12.859812      0              4.9644796      17.162934      19.545132    
    182200   338.92429      52.963188      36.369681      89.332869      18.069889      14.954505      0              2.9938615      16.944933     -150.96781    
    182300   317.16116      51.832128      34.034298      85.866426      16.018832      14.964443      0              4.8618691      15.986984     -3574.163     
    182400   329.10396      47.286633      35.31587       82.602503      15.524565      10.180176      0              3.4251806      18.156711      1416.5636    
    182500   313.22125      46.499456      33.61151       80.110966      11.627855      13.590662      0              3.6964502      17.584489      217.53891    
    182600   275.37162      48.990956      29.549898      78.540854      14.261538      13.640484      0              3.7989488      17.289986      1243.8485    
    182700   306.12944      44.994726      32.850494      77.84522       15.030424      8.0516501      0              3.472052       18.4406        2317.1485    
    182800   299.50622      45.779728      32.139762      77.91949       14.926647      9.4590284      0              4.7803772      16.613675     -995.10507    
    182900   306.09344      45.88217       32.84663       78.7288        15.643255      10.329659      0              2.5610324      17.348223      2284.432     
    183000   278.03576      50.413247      29.835785      80.249032      16.78764       11.512223      0              5.9732081      16.140177     -525.69906    
    183100   326.36977      47.493357      35.022467      82.515824      14.580291      10.188386      0              5.7762567      16.948424     -716.50213    
    183200   293.56911      53.769823      31.502655      85.272478      12.987086      16.873678      0              7.1256337      16.783425     -598.70544    
    183300   275.12824      58.483792      29.523781      88.007572      19.092511      15.011453      0              8.2491533      16.130675     -1087.3261    
    183400   364.70406      51.130392      39.136087      90.266479      14.736232      14.261269      0              5.1282692      17.004622      1602.8694    
    183500   400.3077       48.751057      42.956684      91.707741      17.60264       11.810455      0              4.8718869      14.466075     -7541.4215    
    183600   364.10444      53.396168      39.071742      92.467911      11.805997      20.014221      0              5.6825243      15.893426      1374.189     
    183700   457.79241      43.628555      49.125319      92.753875      9.9019824      13.568935      0              3.577603       16.580035      2477.0731    
    183800   423.86597      47.304397      45.484702      92.789099      15.839469      14.396719      0              1.8760607      15.192149     -1268.3986    
    183900   401.38139      49.507666      43.071901      92.579567      13.702018      15.033048      0              4.3094744      16.463125      1900.858     
    184000   380.04246      51.258736      40.782038      92.040774      18.13082       12.163801      0              5.6382253      15.32589      -1111.1734    
    184100   363.40772      52.218629      38.996978      91.215607      14.963376      14.788054      0              4.4057173      18.061481      302.69218    
    184200   371.27644      50.473739      39.841363      90.315102      12.873172      14.021871      0              6.0814264      17.497269      2024.4296    
    184300   308.35377      56.362504      33.089185      89.451689      19.468146      16.374673      0              4.1183163      16.401368      1445.6482    
    184400   314.13079      54.703501      33.709111      88.412612      16.438641      13.32929       0              8.3335527      16.602017     -1038.3424    
    184500   343.07733      50.350923      36.815341      87.166263      17.120014      9.8167664      0              6.1488784      17.265264      4019.2824    
    184600   301.60361      53.321973      32.36483       85.686804      15.699793      14.427031      0              7.4970946      15.698055     -474.36136    
    184700   286.39877      52.962716      30.733212      83.695928      23.207321      6.6790471      0              8.0643219      15.012026     -2924.3954    
    184800   281.6739       50.978564      30.226191      81.204754      17.400635      12.516631      0              5.0878256      15.973473      928.12538    
    184900   285.48836      47.629406      30.635517      78.264923      17.550833      10.175103      0              3.5734714      16.329998     -3142.701     
    185000   267.15635      46.940309      28.668324      75.608632      14.632433      9.2690222      0              6.0915043      16.947349     -954.03655    
    185100   206.61219      51.528823      22.171381      73.700204      16.503612      13.907123      0              4.2505361      16.867552     -1437.7462    
    185200   241.20001      46.642463      25.882971      72.525434      15.719707      11.351713      0              4.543462       15.027581     -3932.85      
    185300   300.35253      39.962728      32.230579      72.193306      13.253686      5.5586504      0              4.299795       16.850596      630.63559    
    185400   248.60417      46.139955      26.677505      72.81746       15.378723      8.8208151      0              4.3726958      17.567721      1480.8822    
    185500   274.74084      45.071427      29.482209      74.553636      14.15175       9.3034182      0              5.6974547      15.918804      482.90453    
    185600   296.41401      45.898636      31.807939      77.706574      18.0111        8.9148416      0              3.1577283      15.814966      418.12411    
    185700   344.06218      44.531294      36.921024      81.452318      10.985605      13.520413      0              4.2213033      15.803972      1632.7149    
    185800   264.50199      56.130289      28.383487      84.513775      19.271672      13.447526      0              5.2081421      18.202949      3365.4082    
    185900   313.97363      52.605487      33.692248      86.297734      21.027048      9.4707859      0              4.9636306      17.144022      439.50323    
    186000   315.33351      53.549284      33.838175      87.387459      12.34108       18.84023       0              5.8493396      16.518635     -85.398562    
    186100   366.75181      48.844364      39.355829      88.200193      13.519948      14.890046      0              4.7064099      15.72796      -1437.8106    
    186200   315.67271      55.113499      33.874574      88.988073      19.122625      11.407441      0              7.5730954      17.010337      61.915542    
    186300   357.13669      51.260804      38.324039      89.584843      17.384185      13.660727      0              2.4544077      17.761484      705.19953    
    186400   407.5336       46.371754      43.73209       90.103843      14.107576      10.523851      0              5.4151394      16.325187     -1313.7106    
    186500   373.44346      50.590559      40.073905      90.664464      13.117707      13.209023      0              6.4764092      17.78742      -978.86038    
    186600   353.56148      53.277245      37.940386      91.217631      17.362596      14.126003      0              4.5995226      17.189124      3456.5974    
    186700   344.55647      54.601478      36.974067      91.575544      20.594699      8.6563718      0              8.2003043      17.150103     -2280.7339    
    186800   336.77094      55.789203      36.138608      91.92781       11.377794      17.425677      0              8.1891566      18.796576      1787.6975    
    186900   355.53219      54.334611      38.151862      92.486473      18.274797      11.746379      0              6.201296       18.11214       913.88029    
    187000   364.15617      54.154291      39.077294      93.231584      17.105698      15.163165      0              3.1402602      18.745168      1646.1471    
    187100   367.01259      54.646088      39.383813      94.029902      18.754692      8.5859562      0              8.5990144      18.706425      655.69981    
    187200   376.85178      54.427604      40.439648      94.867252      14.958285      16.107807      0              5.6811625      17.680349     -1223.1685    
    187300   373.60999      55.630987      40.091775      95.722762      20.217432      14.391884      0              4.3819165      16.639755     -638.59112    
    187400   354.1278       58.348877      38.001157      96.350034      21.210219      11.590599      0              7.786828       17.761231      1858.317     
    187500   402.97137      53.401215      43.24252       96.643735      14.601151      14.109154      0              7.0813503      17.60956      -374.18911    
    187600   400.53581      53.632501      42.981162      96.613664      17.157245      13.247946      0              5.4366509      17.790659      513.32583    
    187700   328.76172      60.941683      35.279145      96.220828      25.564896      11.172663      0              6.0522161      18.151908     -606.50698    
    187800   373.32434      55.145802      40.061122      95.206924      17.128253      13.058681      0              5.6980633      19.260804      1738.587     
    187900   380.92522      52.786911      40.876766      93.663677      15.438491      10.126521      0              6.7115817      20.510317      1944.6886    
    188000   356.40655      53.463533      38.245688      91.709221      16.605315      10.641785      0              8.1942493      18.022184     -3848.1964    
    188100   357.59029      51.103254      38.372715      89.475969      17.512299      10.629194      0              6.4641644      16.497597     -3618.7455    
    188200   354.99428      48.956822      38.094139      87.050961      15.858507      10.531566      0              4.5758224      17.990927     -760.73757    
    188300   363.03293      45.759614      38.95676       84.716374      12.79679       10.844614      0              4.5580467      17.560164     -2275.1624    
    188400   287.024        51.876996      30.800305      82.677302      15.860917      15.048038      0              4.6306454      16.337396     -3630.2957    
    188500   240.78591      55.237993      25.838534      81.076527      17.237809      15.148678      0              7.6336106      15.217895     -2314.8369    
    188600   310.87602      46.657913      33.359845      80.017758      15.58195       7.4228183      0              6.551693       17.101452     -1085.6214    
    188700   296.62025      47.747979      31.830071      79.57805       14.179204      12.714118      0              4.2688699      16.585787     -76.733634    
    188800   325.6564       44.750061      34.945915      79.695976      12.666734      11.175326      0              5.5192983      15.388703      533.31867    
    188900   344.03494      43.524065      36.918101      80.442167      13.731956      7.0535105      0              6.9469072      15.791692     -2279.2789    
    189000   309.92788      48.600035      33.258101      81.858136      16.93461       9.4717879      0              6.0090145      16.184623     -512.33489    
    189100   330.03438      48.64697       35.415713      84.062683      13.322816      12.295554      0              6.4801024      16.548498     -281.9698     
    189200   388.68896      45.680853      41.709886      87.390739      12.325776      12.462594      0              4.9897788      15.902704     -699.61204    
    189300   389.9507       49.93645       41.845283      91.781734      15.668852      11.127575      0              5.4700854      17.669937      3733.4899    
    189400   371.6936       56.038141      39.886129      95.92427       14.807728      14.850173      0              6.3746755      20.005565      908.53512    
    189500   405.03746      55.345449      43.464231      98.80968       15.931397      16.755592      0              5.8235355      16.834925      566.25714    
    189600   382.28368      59.238395      41.022541      100.26094      16.848943      16.849453      0              5.7779695      19.762031      2404.0154    
    189700   391.45043      58.585237      42.006217      100.59145      19.859935      12.852817      0              7.7321085      18.140377     -2819.122     
    189800   359.28415      61.58273       38.554481      100.13721      22.363581      8.2886447      0              9.8664418      21.064063     -1627.2721    
    189900   340.51085      62.640166      36.539934      99.180099      22.749225      12.055532      0              9.4674748      18.367933     -608.94491    
    190000   412.90593      53.581831      44.308589      97.89042       18.998108      10.871429      0              5.6966976      18.015597     -1429.9965    
    190100   421.40354      50.94808       45.22046       96.168541      18.744704      10.147635      0              3.419483       18.636258      926.52852    
    190200   384.17376      53.127883      41.225364      94.353247      18.824754      10.984991      0              5.3521675      17.965971      3112.0332    
    190300   373.57092      52.48247       40.087582      92.570052      16.744067      12.314668      0              4.8795105      18.544223      3901.1497    
    190400   350.10931      53.34067       37.569936      90.910606      18.462269      13.058554      0              3.8631302      17.956718     -763.35061    
    190500   400.82931      46.129571      43.012657      89.142228      13.558814      8.4083262      0              5.0470677      19.115364      4658.0304    
    190600   354.42888      49.333311      38.033466      87.366778      18.156802      9.2762745      0              5.4009417      16.499293     -143.72241    
    190700   303.94905      53.315059      32.616518      85.931577      17.476489      11.787779      0              6.779335       17.271457     -802.15299    
    190800   352.08742      46.974325      37.782206      84.75653       13.720488      11.433527      0              4.0720822      17.748228      234.27976    
    190900   384.11209      42.607793      41.218747      83.82654       12.084099      8.8262729      0              5.1210404      16.576381     -448.87942    
    191000   288.69153      52.360157      30.979246      83.339403      15.394376      15.60419       0              4.3261753      17.035415     -811.52534    
    191100   269.04126      54.323463      28.870592      83.194054      17.659665      13.882341      0              5.3671909      17.414266      1464.2578    
    191200   375.2852       43.001124      40.271541      83.272664      13.151589      9.4197451      0              3.4047744      17.025015      1558.3147    
    191300   346.48449      46.374698      37.18096       83.555658      9.7170578      17.280704      0              3.0450572      16.33188      -1431.8202    
    191400   337.00963      47.865315      36.164221      84.029537      16.795727      9.23596        0              4.8067237      17.026904      1140.5424    
    191500   276.39084      55.207391      29.65927       84.866661      18.1622        11.981357      0              4.5981498      20.465685      3128.7839    
    191600   308.26797      53.226469      33.079978      86.306446      17.378387      10.790716      0              7.1988188      17.858547      1081.0932    
    191700   401.63003      45.838023      43.098582      88.936606      13.148326      12.607776      0              4.6035971      15.478325      1085.4285    
    191800   380.8072       52.489575      40.864101      93.353677      18.723561      11.919364      0              6.4526864      15.393964     -395.66531    
    191900   439.92098      53.344272      47.207552      100.55182      19.55047       13.369694      0              4.2072299      16.216879     -2303.0121    
    192000   469.13747      56.244743      50.342749      106.58749      19.878954      13.802001      0              5.593587       16.970201      669.27385    
    192100   496.08589      55.649146      53.234561      108.88371      17.228114      17.012207      0              5.4709596      15.937866     -2573.6349    
    192200   378.89705      68.576086      40.659125      109.23521      21.255859      22.606031      0              5.0799015      19.634296     -310.14434    
    192300   409.45495      64.213454      43.938268      108.15172      25.625364      16.609238      0              5.052175       16.926677     -1629.5186    
    192400   380.48662      65.027713      40.829701      105.85741      26.596126      14.947648      0              7.2103612      16.273579     -1569.9698    
    192500   411.79555      58.685378      44.189436      102.87481      19.519896      16.698051      0              6.6075704      15.859861     -248.62034    
    192600   405.95774      55.976887      43.562985      99.539872      21.859205      12.873973      0              3.6638575      17.579852      927.70231    
    192700   427.81267      50.140336      45.908219      96.048555      18.056329      10.943181      0              4.0952809      17.045545      359.81442    
    192800   419.87309      47.94513       45.056229      93.001359      17.003639      12.256063      0              2.6149679      16.07046       1193.8867    
    192900   344.71896      53.529504      36.991503      90.521007      15.729805      9.3533043      0              10.116766      18.329629      2086.5003    
    193000   345.19276      51.365317      37.042345      88.407662      16.523831      9.5460072      0              7.5793267      17.716152      1383.6797    
    193100   319.15183      52.408965      34.247916      86.65688       13.496189      16.86823       0              4.8375087      17.207036      2644.1197    
    193200   330.26337      49.874267      35.440285      85.314552      14.853173      15.075843      0              3.9439986      16.001252      1687.5682    
    193300   334.60769      48.430302      35.906471      84.336773      16.130561      9.7622157      0              5.3700898      17.167435      277.34556    
    193400   339.28523      47.264745      36.408413      83.673158      13.116768      7.5703067      0              8.2772695      18.3004        2858.8489    
    193500   362.42287      44.599151      38.891294      83.490446      13.709648      11.517651      0              3.5098134      15.862039     -1236.8671    
    193600   239.37521      58.167802      25.687153      83.854954      16.013584      16.342865      0              8.8565685      16.954784     -408.57313    
    193700   283.89431      54.211186      30.464461      84.675646      20.204847      12.779965      0              3.722053       17.504321      3683.4484    
    193800   338.93408      49.489029      36.370732      85.859761      13.052632      11.752309      0              8.1782625      16.505825     -2235.3653    
    193900   352.68561      49.826802      37.846397      87.673199      14.653392      13.156753      0              5.8076525      16.209004     -842.40791    
    194000   352.81503      52.364567      37.860285      90.224852      17.268384      9.891341       0              8.712251       16.492592      862.89527    
    194100   354.85052      55.250052      38.078712      93.328764      20.596639      10.158151      0              8.5234398      15.971823     -2770.5919    
    194200   457.69854      47.351115      49.115246      96.466361      13.557537      11.421518      0              5.7553542      16.616706     -410.32095    
    194300   399.14324      56.405512      42.831727      99.237239      19.04596       14.391999      0              7.863006       15.104547      316.27018    
    194400   453.52126      52.660632      48.666987      101.32762      16.673394      13.245065      0              7.4262754      15.315897     -1202.4316    
    194500   398.92013      59.464542      42.807785      102.27233      15.744939      14.581975      0              12.817212      16.320416      567.9743     
    194600   443.62566      54.435646      47.605097      102.04074      14.642697      16.331585      0              7.9012682      15.560096     -1174.1228    
    194700   366.00696      61.419232      39.2759        100.69513      18.082618      15.969343      0              11.542422      15.824848      393.07138    
    194800   454.4162       48.953502      48.763021      97.716523      9.6151202      11.033481      0              11.511311      16.79359       2219.6763    
    194900   351.15823      55.001329      37.682496      92.683824      15.132239      16.846757      0              7.2783289      15.744004     -1066.7995    
    195000   359.47634      48.937274      38.575105      87.512379      13.114032      9.4787098      0              8.1118005      18.232732      566.20912    
    195100   313.98678      50.455682      33.693658      84.14934       15.266593      10.1473        0              8.2118785      16.829911     -2415.6825    
    195200   305.42407      49.631142      32.774801      82.405943      12.426351      14.427991      0              3.75503        19.02177      -306.84388    
    195300   295.92396      49.952265      31.755353      81.707617      15.687608      9.4378657      0              7.9621434      16.864647     -2836.2933    
    195400   303.41375      48.984401      32.559076      81.543476      15.810163      10.237033      0              7.0127719      15.924433     -2947.6671    
    195500   305.26998      49.034952      32.758266      81.793218      14.818525      9.272448       0              6.6551862      18.288793      960.53026    
    195600   328.90745      46.984268      35.294783      82.279052      13.189688      11.550566      0              5.2771764      16.966838     -1626.6021    
    195700   362.39342      44.216213      38.888134      83.104348      11.217525      9.5096953      0              5.210388       18.278606      2398.3458    
    195800   318.0226       50.258638      34.126739      84.385377      12.271911      13.381336      0              7.4259109      17.179481      2273.5979    
    195900   340.77098      49.744902      36.567848      86.312749      7.9583926      14.90076       0              9.0377447      17.848005      2291.2022    
    196000   371.90597      48.72422       39.908918      88.633139      10.273691      8.5926651      0              10.433231      19.424633      4825.9941    
    196100   377.41147      50.514459      40.499708      91.014167      15.454471      13.219264      0              4.4220226      17.418701      1059.7699    
    196200   385.14089      51.839278      41.329146      93.168425      11.225542      15.463217      0              7.1995432      17.950976      2003.0035    
    196300   368.73366      55.357823      39.5685        94.926323      17.208858      15.154252      0              5.5861408      17.408572      432.02187    
    196400   425.66131      50.360488      45.677358      96.037846      15.405575      10.716622      0              5.6879949      18.550296      1512.3804    
    196500   384.29316      55.364378      41.238177      96.602555      15.311915      18.095141      0              4.6493621      17.307961     -578.2341     
    196600   331.79702      61.129199      35.60486       96.73406       17.289503      19.450702      0              7.0260496      17.362945      80.992179    
    196700   403.86526      52.770081      43.338443      96.108524      21.925668      12.135594      0              2.7561694      15.95265      -5325.5493    
    196800   405.68129      51.284429      43.533319      94.817748      18.956108      11.909105      0              4.4962183      15.922997     -1005.446     
    196900   339.80026      55.927272      36.463681      92.390954      19.099484      14.870368      0              4.8683634      17.089057      983.64253    
    197000   294.83637      56.557849      31.638644      88.196493      18.748723      11.858287      0              10.009566      15.941273     -3015.5073    
    197100   318.4843       48.890598      34.176283      83.066882      16.374545      6.4849629      0              10.072423      15.958667     -2263.1531    
    197200   318.22594      45.150337      34.148559      79.298896      12.413972      11.204658      0              5.2024256      16.329282     -3288.1855    
    197300   308.15152      44.45948       33.067481      77.526961      13.931079      9.4968836      0              4.7780908      16.253427     -2848.8868    
    197400   262.389        48.849316      28.156744      77.00606       14.275607      13.353368      0              4.4240224      16.796319     -509.1042     
    197500   322.95647      42.524021      34.656188      77.18021       11.332918      11.560566      0              1.9455475      17.68499       1051.3229    
    197600   341.17454      41.387064      36.611154      77.998219      12.203715      9.1973407      0              3.2020975      16.783911     -703.11247    
    197700   344.36131      42.258318      36.953124      79.211442      12.228384      7.1009443      0              6.255212       16.673778     -87.036176    
    197800   340.65203      44.256169      36.555084      80.811253      11.965305      10.058041      0              4.4112815      17.821543      1456.2125    
    197900   351.33331      44.942303      37.701283      82.643586      12.766323      10.704564      0              4.5187513      16.952664      630.51684    
    198000   338.37094      48.413965      36.310302      84.724267      12.32586       14.094274      0              5.9250909      16.068739      970.71753    
    198100   348.62122      49.585893      37.410251      86.996144      13.19159       14.023225      0              5.8770527      16.494024      3457.4126    
    198200   329.43191      53.669611      35.351062      89.020673      15.619634      11.506235      0              9.8140632      16.729679      1732.6962    
    198300   385.89555      49.484719      41.410128      90.894847      15.08519       13.625555      0              3.3129562      17.461017      2433.034     
    198400   386.80551      51.083577      41.507775      92.591352      20.74629       10.323696      0              4.6907412      15.32285       1005.7029    
    198500   378.77694      53.105401      40.646235      93.751637      16.319139      15.016974      0              5.4897853      16.279503      566.4703     
    198600   345.04226      57.428978      37.026195      94.455173      15.571338      20.569718      0              4.1351209      17.152801      12.731871    
    198700   408.20455      51.052155      43.804088      94.856242      15.365853      12.570668      0              5.4210559      17.694577      3544.126     
    198800   405.2234       51.633327      43.484183      95.117511      17.841923      13.89507       0              3.5224679      16.373866      690.19159    
    198900   380.32578      54.181742      40.812441      94.994183      13.52106       19.994773      0              4.9007124      15.765198     -858.09507    
    199000   378.97189      54.029721      40.667156      94.696877      15.439805      13.706175      0              7.0378832      17.845858     -407.14512    
    199100   363.15555      54.821791      38.969917      93.791708      15.663096      14.954156      0              7.8273871      16.377151      247.55063    
    199200   333.76894      56.374617      35.816465      92.191082      16.148749      11.204574      0              13.51179       15.509504     -1561.4891    
    199300   334.46598      53.472396      35.891264      89.36366       17.579367      14.391947      0              6.195116       15.305966     -4053.9575    
    199400   324.88399      50.306137      34.863028      85.169165      13.597832      15.650528      0              4.8556426      16.202135     -1614.4296    
    199500   301.28526      48.196736      32.330668      80.527404      17.077369      9.6910527      0              5.0077254      16.420589     -308.99604    
    199600   288.19885      46.261354      30.926377      77.187731      11.483161      12.867256      0              6.196144       15.714793     -2578.0025    
    199700   352.19358      37.860885      37.793598      75.654483      9.5080469      8.6231584      0              3.1538602      16.575819      1015.8693    
    199800   329.54479      39.86262       35.363176      75.225796      13.415247      7.7614487      0              2.2120403      16.473885      350.49238    
    199900   263.6761       47.149901      28.294862      75.444763      15.291404      10.667652      0              4.3311117      16.859734      1433.8664    
    200000   273.53958      46.868943      29.353303      76.222245      13.911871      10.717451      0              6.2307903      16.00883       1220.6454    
Loop time of 5.72256 on 1 procs for 200000 steps with 37 atoms

Performance: 754.907 ns/day, 0.032 hours/ns, 34949.412 timesteps/s, 1.293 Matom-step/s
99.4% CPU use with 1 MPI tasks x no OpenMP threads

MPI task timing breakdown:
Section |  min time  |  avg time  |  max time  |%varavg| %total
---------------------------------------------------------------
Pair    | 2.5729     | 2.5729     | 2.5729     |   0.0 | 44.96
Bond    | 1.549      | 1.549      | 1.549      |   0.0 | 27.07
Neigh   | 0.1789     | 0.1789     | 0.1789     |   0.0 |  3.13
Comm    | 0.82406    | 0.82406    | 0.82406    |   0.0 | 14.40
Output  | 0.13636    | 0.13636    | 0.13636    |   0.0 |  2.38
Modify  | 0.26034    | 0.26034    | 0.26034    |   0.0 |  4.55
Other   |            | 0.201      |            |       |  3.51

Nlocal:             37 ave          37 max          37 min
Histogram: 1 0 0 0 0 0 0 0 0 0
Nghost:            944 ave         944 max         944 min
Histogram: 1 0 0 0 0 0 0 0 0 0
Neighs:            982 ave         982 max         982 min
Histogram: 1 0 0 0 0 0 0 0 0 0

Total # of neighbors = 982
Ave neighs/atom = 26.540541
Ave special neighs/atom = 10
Neighbor list builds = 1095
Dangerous builds = 0

write_data heated.data
System init for write_data ...
Generated 6 of 6 mixed pair_coeff terms from geometric mixing rule

unfix 1
Total wall time: 0:00:05
