atom_i_1based,atom_j_1based,element_i,element_j,distance_nm,in_explicit_topology,in_geometry_graph,classification
1,2,B,N,0.14500000000000002,True,True,MATCHED
2,61,N,B,0.1452446212429224,True,True,MATCHED
2,119,N,B,0.1443779761598008,True,True,MATCHED
3,4,B,N,0.14500000000000002,True,True,MATCHED
4,61,N,B,0.14477568856683093,True,True,MATCHED
4,63,N,B,0.14439182802361047,True,True,MATCHED
5,6,B,N,0.14500000000000002,True,True,MATCHED
6,63,N,B,0.14456140563788109,True,True,MATCHED
6,65,N,B,0.14483438818181293,True,True,MATCHED
7,8,B,N,0.14500000000000002,True,True,MATCHED
8,65,N,B,0.14481022063376636,True,True,MATCHED
8,67,N,B,0.145013792447477,True,True,MATCHED
9,10,B,N,0.14500000000000002,True,True,MATCHED
10,67,N,B,0.14377760604489156,True,True,MATCHED
10,69,N,B,0.145013792447477,True,True,MATCHED
11,12,B,N,0.14500000000000002,True,True,MATCHED
12,69,N,B,0.14481022063376636,True,True,MATCHED
12,71,N,B,0.14483438818181293,True,True,MATCHED
13,14,B,N,0.14500000000000002,True,True,MATCHED
14,71,N,B,0.14456140563788109,True,True,MATCHED
14,73,N,B,0.14439182802361047,True,True,MATCHED
15,16,B,N,0.14500000000000002,True,True,MATCHED
16,73,N,B,0.14477568856683093,True,True,MATCHED
16,75,N,B,0.1452446212429224,True,True,MATCHED
17,18,B,N,0.14500000000000002,True,True,MATCHED
18,75,N,B,0.1443779761598008,True,True,MATCHED
18,77,N,B,0.14477568856683093,True,True,MATCHED
19,20,B,N,0.14500000000000002,True,True,MATCHED
20,77,N,B,0.14439182802361084,True,True,MATCHED
20,79,N,B,0.14456140563788109,True,True,MATCHED
21,22,B,N,0.14500000000000002,True,True,MATCHED
22,79,N,B,0.14483438818181293,True,True,MATCHED
22,81,N,B,0.1455369368923229,True,True,MATCHED
23,24,B,N,0.14500000000000002,True,True,MATCHED
24,81,N,B,0.14433987668000817,True,True,MATCHED
24,83,N,B,0.14439182802361086,True,True,MATCHED
25,26,B,N,0.14500000000000002,True,True,MATCHED
26,83,N,B,0.14501379244747725,True,True,MATCHED
26,85,N,B,0.1443364125922496,True,True,MATCHED
27,28,B,N,0.14500000000000002,True,True,MATCHED
28,85,N,B,0.14483438818181277,True,True,MATCHED
28,87,N,B,0.14456140563788109,True,True,MATCHED
29,30,B,N,0.14500000000000002,True,True,MATCHED
30,87,N,B,0.14461673485458001,True,True,MATCHED
30,89,N,B,0.1446409347314931,True,True,MATCHED
31,32,B,N,0.14500000000000002,True,True,MATCHED
32,89,N,B,0.14528936643815327,True,True,MATCHED
32,91,N,B,0.14442298985964805,True,True,MATCHED
33,34,B,N,0.14500000000000002,True,True,MATCHED
34,91,N,B,0.1446409347314931,True,True,MATCHED
34,93,N,B,0.14461673485458038,True,True,MATCHED
35,36,B,N,0.14500000000000002,True,True,MATCHED
36,93,N,B,0.14456140563788109,True,True,MATCHED
36,95,N,B,0.14483438818181277,True,True,MATCHED
37,38,B,N,0.14500000000000002,True,True,MATCHED
38,95,N,B,0.14506550244630867,True,True,MATCHED
38,97,N,B,0.1443398766800084,True,True,MATCHED
39,40,B,N,0.14500000000000002,True,True,MATCHED
40,97,N,B,0.14500344823486094,True,True,MATCHED
40,99,N,B,0.1443398766800084,True,True,MATCHED
41,42,B,N,0.14500000000000002,True,True,MATCHED
42,99,N,B,0.14506550244630867,True,True,MATCHED
42,101,N,B,0.14483438818181277,True,True,MATCHED
43,44,B,N,0.14500000000000002,True,True,MATCHED
44,101,N,B,0.14456140563788109,True,True,MATCHED
44,103,N,B,0.14461673485458038,True,True,MATCHED
45,46,B,N,0.14500000000000002,True,True,MATCHED
46,103,N,B,0.1446409347314931,True,True,MATCHED
46,105,N,B,0.14442298985964805,True,True,MATCHED
47,48,B,N,0.14500000000000002,True,True,MATCHED
48,105,N,B,0.14528936643815327,True,True,MATCHED
48,107,N,B,0.1446409347314931,True,True,MATCHED
49,50,B,N,0.14500000000000002,True,True,MATCHED
50,107,N,B,0.14461673485458001,True,True,MATCHED
50,109,N,B,0.14456140563788109,True,True,MATCHED
51,52,B,N,0.14500000000000002,True,True,MATCHED
52,109,N,B,0.14483438818181277,True,True,MATCHED
52,111,N,B,0.1443364125922496,True,True,MATCHED
53,54,B,N,0.14500000000000002,True,True,MATCHED
54,111,N,B,0.14501379244747725,True,True,MATCHED
54,113,N,B,0.14439182802361086,True,True,MATCHED
55,56,B,N,0.14500000000000002,True,True,MATCHED
56,113,N,B,0.14433987668000817,True,True,MATCHED
56,115,N,B,0.1455369368923229,True,True,MATCHED
57,58,B,N,0.14500000000000002,True,True,MATCHED
58,115,N,B,0.14483438818181293,True,True,MATCHED
58,117,N,B,0.14456140563788109,True,True,MATCHED
59,60,B,N,0.14500000000000002,True,True,MATCHED
60,117,N,B,0.14439182802361084,True,True,MATCHED
60,119,N,B,0.14477568856683093,True,True,MATCHED
61,62,B,N,0.14500000000000002,True,True,MATCHED
62,121,N,B,0.14527560015363902,True,True,MATCHED
62,179,N,B,0.14574292435655314,True,True,MATCHED
63,64,B,N,0.14500000000000002,True,True,MATCHED
64,121,N,B,0.14489306401619054,True,True,MATCHED
64,123,N,B,0.1450620556865233,True,True,MATCHED
65,66,B,N,0.14500000000000002,True,True,MATCHED
66,123,N,B,0.14533409785731655,True,True,MATCHED
66,125,N,B,0.14531001341958535,True,True,MATCHED
67,68,B,N,0.14500000000000002,True,True,MATCHED
68,125,N,B,0.14551288602732038,True,True,MATCHED
68,127,N,B,0.14428097587693264,True,True,MATCHED
69,70,B,N,0.14500000000000002,True,True,MATCHED
70,127,N,B,0.14551288602732038,True,True,MATCHED
70,129,N,B,0.14531001341958535,True,True,MATCHED
71,72,B,N,0.14500000000000002,True,True,MATCHED
72,129,N,B,0.14533409785731655,True,True,MATCHED
72,131,N,B,0.1450620556865233,True,True,MATCHED
73,74,B,N,0.14500000000000002,True,True,MATCHED
74,131,N,B,0.14489306401619054,True,True,MATCHED
74,133,N,B,0.14527560015363902,True,True,MATCHED
75,76,B,N,0.14500000000000002,True,True,MATCHED
76,133,N,B,0.14574292435655314,True,True,MATCHED
76,135,N,B,0.14487926007541588,True,True,MATCHED
77,78,B,N,0.14500000000000002,True,True,MATCHED
78,135,N,B,0.14527560015363902,True,True,MATCHED
78,137,N,B,0.1448930640161909,True,True,MATCHED
79,80,B,N,0.14500000000000002,True,True,MATCHED
80,137,N,B,0.1450620556865233,True,True,MATCHED
80,139,N,B,0.14533409785731655,True,True,MATCHED
81,82,B,N,0.14500000000000002,True,True,MATCHED
82,139,N,B,0.1460342425597502,True,True,MATCHED
82,141,N,B,0.14484129245487956,True,True,MATCHED
83,84,B,N,0.14500000000000002,True,True,MATCHED
84,141,N,B,0.14489306401619093,True,True,MATCHED
84,143,N,B,0.1455128860273206,True,True,MATCHED
85,86,B,N,0.14500000000000002,True,True,MATCHED
86,143,N,B,0.1448378403594865,True,True,MATCHED
86,145,N,B,0.14533409785731635,True,True,MATCHED
87,88,B,N,0.14500000000000002,True,True,MATCHED
88,145,N,B,0.1450620556865233,True,True,MATCHED
88,147,N,B,0.14511719401917844,True,True,MATCHED
89,90,B,N,0.14500000000000002,True,True,MATCHED
90,147,N,B,0.14514131045295142,True,True,MATCHED
90,149,N,B,0.1457875166123628,True,True,MATCHED
91,92,B,N,0.14500000000000002,True,True,MATCHED
92,149,N,B,0.1449241180756329,True,True,MATCHED
92,151,N,B,0.14514131045295142,True,True,MATCHED
93,94,B,N,0.14500000000000002,True,True,MATCHED
94,151,N,B,0.1451171940191788,True,True,MATCHED
94,153,N,B,0.1450620556865233,True,True,MATCHED
95,96,B,N,0.14500000000000002,True,True,MATCHED
96,153,N,B,0.14533409785731635,True,True,MATCHED
96,155,N,B,0.1455644187293034,True,True,MATCHED
97,98,B,N,0.14500000000000002,True,True,MATCHED
98,155,N,B,0.14484129245487978,True,True,MATCHED
98,157,N,B,0.14550257729676125,True,True,MATCHED
99,100,B,N,0.14500000000000002,True,True,MATCHED
100,157,N,B,0.14484129245487978,True,True,MATCHED
100,159,N,B,0.1455644187293034,True,True,MATCHED
101,102,B,N,0.14500000000000002,True,True,MATCHED
102,159,N,B,0.14533409785731635,True,True,MATCHED
102,161,N,B,0.1450620556865233,True,True,MATCHED
103,104,B,N,0.14500000000000002,True,True,MATCHED
104,161,N,B,0.1451171940191788,True,True,MATCHED
104,163,N,B,0.14514131045295142,True,True,MATCHED
105,106,B,N,0.14500000000000002,True,True,MATCHED
106,163,N,B,0.1449241180756329,True,True,MATCHED
106,165,N,B,0.1457875166123628,True,True,MATCHED
107,108,B,N,0.14500000000000002,True,True,MATCHED
108,165,N,B,0.14514131045295142,True,True,MATCHED
108,167,N,B,0.14511719401917844,True,True,MATCHED
109,110,B,N,0.14500000000000002,True,True,MATCHED
110,167,N,B,0.1450620556865233,True,True,MATCHED
110,169,N,B,0.14533409785731635,True,True,MATCHED
111,112,B,N,0.14500000000000002,True,True,MATCHED
112,169,N,B,0.1448378403594865,True,True,MATCHED
112,171,N,B,0.1455128860273206,True,True,MATCHED
113,114,B,N,0.14500000000000002,True,True,MATCHED
114,171,N,B,0.14489306401619093,True,True,MATCHED
114,173,N,B,0.14484129245487956,True,True,MATCHED
115,116,B,N,0.14500000000000002,True,True,MATCHED
116,173,N,B,0.1460342425597502,True,True,MATCHED
116,175,N,B,0.14533409785731655,True,True,MATCHED
117,118,B,N,0.14500000000000002,True,True,MATCHED
118,175,N,B,0.1450620556865233,True,True,MATCHED
118,177,N,B,0.1448930640161909,True,True,MATCHED
119,120,B,N,0.14500000000000002,True,True,MATCHED
120,177,N,B,0.14527560015363902,True,True,MATCHED
120,179,N,B,0.14487926007541588,True,True,MATCHED
121,122,B,N,0.14500000000000002,True,True,MATCHED
122,181,N,B,0.14439182802361047,True,True,MATCHED
122,239,N,B,0.14477568856683093,True,True,MATCHED
123,124,B,N,0.14500000000000002,True,True,MATCHED
124,181,N,B,0.14456140563788109,True,True,MATCHED
124,183,N,B,0.14483438818181293,True,True,MATCHED
125,126,B,N,0.14500000000000002,True,True,MATCHED
126,183,N,B,0.14481022063376636,True,True,MATCHED
126,185,N,B,0.145013792447477,True,True,MATCHED
127,128,B,N,0.14500000000000002,True,True,MATCHED
128,185,N,B,0.14377760604489156,True,True,MATCHED
128,187,N,B,0.145013792447477,True,True,MATCHED
129,130,B,N,0.14500000000000002,True,True,MATCHED
130,187,N,B,0.14481022063376636,True,True,MATCHED
130,189,N,B,0.14483438818181293,True,True,MATCHED
131,132,B,N,0.14500000000000002,True,True,MATCHED
132,189,N,B,0.14456140563788109,True,True,MATCHED
132,191,N,B,0.14439182802361047,True,True,MATCHED
133,134,B,N,0.14500000000000002,True,True,MATCHED
134,191,N,B,0.14477568856683093,True,True,MATCHED
134,193,N,B,0.1452446212429224,True,True,MATCHED
135,136,B,N,0.14500000000000002,True,True,MATCHED
136,193,N,B,0.1443779761598008,True,True,MATCHED
136,195,N,B,0.14477568856683093,True,True,MATCHED
137,138,B,N,0.14500000000000002,True,True,MATCHED
138,195,N,B,0.14439182802361084,True,True,MATCHED
138,197,N,B,0.14456140563788109,True,True,MATCHED
139,140,B,N,0.14500000000000002,True,True,MATCHED
140,197,N,B,0.14483438818181293,True,True,MATCHED
140,199,N,B,0.1455369368923229,True,True,MATCHED
141,142,B,N,0.14500000000000002,True,True,MATCHED
142,199,N,B,0.14433987668000817,True,True,MATCHED
142,201,N,B,0.14439182802361086,True,True,MATCHED
143,144,B,N,0.14500000000000002,True,True,MATCHED
144,201,N,B,0.14501379244747725,True,True,MATCHED
144,203,N,B,0.1443364125922496,True,True,MATCHED
145,146,B,N,0.14500000000000002,True,True,MATCHED
146,203,N,B,0.14483438818181277,True,True,MATCHED
146,205,N,B,0.14456140563788109,True,True,MATCHED
147,148,B,N,0.14500000000000002,True,True,MATCHED
148,205,N,B,0.14461673485458001,True,True,MATCHED
148,207,N,B,0.1446409347314931,True,True,MATCHED
149,150,B,N,0.14500000000000002,True,True,MATCHED
150,207,N,B,0.14528936643815327,True,True,MATCHED
150,209,N,B,0.14442298985964805,True,True,MATCHED
151,152,B,N,0.14500000000000002,True,True,MATCHED
152,209,N,B,0.1446409347314931,True,True,MATCHED
152,211,N,B,0.14461673485458038,True,True,MATCHED
153,154,B,N,0.14500000000000002,True,True,MATCHED
154,211,N,B,0.14456140563788109,True,True,MATCHED
154,213,N,B,0.14483438818181277,True,True,MATCHED
155,156,B,N,0.14500000000000002,True,True,MATCHED
156,213,N,B,0.14506550244630867,True,True,MATCHED
156,215,N,B,0.1443398766800084,True,True,MATCHED
157,158,B,N,0.14500000000000002,True,True,MATCHED
158,215,N,B,0.14500344823486094,True,True,MATCHED
158,217,N,B,0.1443398766800084,True,True,MATCHED
159,160,B,N,0.14500000000000002,True,True,MATCHED
160,217,N,B,0.14506550244630867,True,True,MATCHED
160,219,N,B,0.14483438818181277,True,True,MATCHED
161,162,B,N,0.14500000000000002,True,True,MATCHED
162,219,N,B,0.14456140563788109,True,True,MATCHED
162,221,N,B,0.14461673485458038,True,True,MATCHED
163,164,B,N,0.14500000000000002,True,True,MATCHED
164,221,N,B,0.1446409347314931,True,True,MATCHED
164,223,N,B,0.14442298985964805,True,True,MATCHED
165,166,B,N,0.14500000000000002,True,True,MATCHED
166,223,N,B,0.14528936643815327,True,True,MATCHED
166,225,N,B,0.1446409347314931,True,True,MATCHED
167,168,B,N,0.14500000000000002,True,True,MATCHED
168,225,N,B,0.14461673485458001,True,True,MATCHED
168,227,N,B,0.14456140563788109,True,True,MATCHED
169,170,B,N,0.14500000000000002,True,True,MATCHED
170,227,N,B,0.14483438818181277,True,True,MATCHED
170,229,N,B,0.1443364125922496,True,True,MATCHED
171,172,B,N,0.14500000000000002,True,True,MATCHED
172,229,N,B,0.14501379244747725,True,True,MATCHED
172,231,N,B,0.14439182802361086,True,True,MATCHED
173,174,B,N,0.14500000000000002,True,True,MATCHED
174,231,N,B,0.14433987668000817,True,True,MATCHED
174,233,N,B,0.1455369368923229,True,True,MATCHED
175,176,B,N,0.14500000000000002,True,True,MATCHED
176,233,N,B,0.14483438818181293,True,True,MATCHED
176,235,N,B,0.14456140563788109,True,True,MATCHED
177,178,B,N,0.14500000000000002,True,True,MATCHED
178,235,N,B,0.14439182802361084,True,True,MATCHED
178,237,N,B,0.14477568856683093,True,True,MATCHED
179,180,B,N,0.14500000000000002,True,True,MATCHED
180,237,N,B,0.1443779761598008,True,True,MATCHED
180,239,N,B,0.1452446212429224,True,True,MATCHED
181,182,B,N,0.14500000000000002,True,True,MATCHED
182,241,N,B,0.1450620556865233,True,True,MATCHED
182,299,N,B,0.14489306401619054,True,True,MATCHED
183,184,B,N,0.14500000000000002,True,True,MATCHED
184,241,N,B,0.14533409785731655,True,True,MATCHED
184,243,N,B,0.14531001341958535,True,True,MATCHED
185,186,B,N,0.14500000000000002,True,True,MATCHED
186,243,N,B,0.14551288602732038,True,True,MATCHED
186,245,N,B,0.14428097587693264,True,True,MATCHED
187,188,B,N,0.14500000000000002,True,True,MATCHED
188,245,N,B,0.14551288602732038,True,True,MATCHED
188,247,N,B,0.14531001341958535,True,True,MATCHED
189,190,B,N,0.14500000000000002,True,True,MATCHED
190,247,N,B,0.14533409785731655,True,True,MATCHED
190,249,N,B,0.1450620556865233,True,True,MATCHED
191,192,B,N,0.14500000000000002,True,True,MATCHED
192,249,N,B,0.14489306401619054,True,True,MATCHED
192,251,N,B,0.14527560015363902,True,True,MATCHED
193,194,B,N,0.14500000000000002,True,True,MATCHED
194,251,N,B,0.14574292435655314,True,True,MATCHED
194,253,N,B,0.14487926007541588,True,True,MATCHED
195,196,B,N,0.14500000000000002,True,True,MATCHED
196,253,N,B,0.14527560015363902,True,True,MATCHED
196,255,N,B,0.1448930640161909,True,True,MATCHED
197,198,B,N,0.14500000000000002,True,True,MATCHED
198,255,N,B,0.1450620556865233,True,True,MATCHED
198,257,N,B,0.14533409785731655,True,True,MATCHED
199,200,B,N,0.14500000000000002,True,True,MATCHED
200,257,N,B,0.1460342425597502,True,True,MATCHED
200,259,N,B,0.14484129245487956,True,True,MATCHED
201,202,B,N,0.14500000000000002,True,True,MATCHED
202,259,N,B,0.14489306401619093,True,True,MATCHED
202,261,N,B,0.1455128860273206,True,True,MATCHED
203,204,B,N,0.14500000000000002,True,True,MATCHED
204,261,N,B,0.1448378403594865,True,True,MATCHED
204,263,N,B,0.14533409785731635,True,True,MATCHED
205,206,B,N,0.14500000000000002,True,True,MATCHED
206,263,N,B,0.1450620556865233,True,True,MATCHED
206,265,N,B,0.14511719401917844,True,True,MATCHED
207,208,B,N,0.14500000000000002,True,True,MATCHED
208,265,N,B,0.14514131045295142,True,True,MATCHED
208,267,N,B,0.1457875166123628,True,True,MATCHED
209,210,B,N,0.14500000000000002,True,True,MATCHED
210,267,N,B,0.1449241180756329,True,True,MATCHED
210,269,N,B,0.14514131045295142,True,True,MATCHED
211,212,B,N,0.14500000000000002,True,True,MATCHED
212,269,N,B,0.1451171940191788,True,True,MATCHED
212,271,N,B,0.1450620556865233,True,True,MATCHED
213,214,B,N,0.14500000000000002,True,True,MATCHED
214,271,N,B,0.14533409785731635,True,True,MATCHED
214,273,N,B,0.1455644187293034,True,True,MATCHED
215,216,B,N,0.14500000000000002,True,True,MATCHED
216,273,N,B,0.14484129245487978,True,True,MATCHED
216,275,N,B,0.14550257729676125,True,True,MATCHED
217,218,B,N,0.14500000000000002,True,True,MATCHED
218,275,N,B,0.14484129245487978,True,True,MATCHED
218,277,N,B,0.1455644187293034,True,True,MATCHED
219,220,B,N,0.14500000000000002,True,True,MATCHED
220,277,N,B,0.14533409785731635,True,True,MATCHED
220,279,N,B,0.1450620556865233,True,True,MATCHED
221,222,B,N,0.14500000000000002,True,True,MATCHED
222,279,N,B,0.1451171940191788,True,True,MATCHED
222,281,N,B,0.14514131045295142,True,True,MATCHED
223,224,B,N,0.14500000000000002,True,True,MATCHED
224,281,N,B,0.1449241180756329,True,True,MATCHED
224,283,N,B,0.1457875166123628,True,True,MATCHED
225,226,B,N,0.14500000000000002,True,True,MATCHED
226,283,N,B,0.14514131045295142,True,True,MATCHED
226,285,N,B,0.14511719401917844,True,True,MATCHED
227,228,B,N,0.14500000000000002,True,True,MATCHED
228,285,N,B,0.1450620556865233,True,True,MATCHED
228,287,N,B,0.14533409785731635,True,True,MATCHED
229,230,B,N,0.14500000000000002,True,True,MATCHED
230,287,N,B,0.1448378403594865,True,True,MATCHED
230,289,N,B,0.1455128860273206,True,True,MATCHED
231,232,B,N,0.14500000000000002,True,True,MATCHED
232,289,N,B,0.14489306401619093,True,True,MATCHED
232,291,N,B,0.14484129245487956,True,True,MATCHED
233,234,B,N,0.14500000000000002,True,True,MATCHED
234,291,N,B,0.1460342425597502,True,True,MATCHED
234,293,N,B,0.14533409785731655,True,True,MATCHED
235,236,B,N,0.14500000000000002,True,True,MATCHED
236,293,N,B,0.1450620556865233,True,True,MATCHED
236,295,N,B,0.1448930640161909,True,True,MATCHED
237,238,B,N,0.14500000000000002,True,True,MATCHED
238,295,N,B,0.14527560015363902,True,True,MATCHED
238,297,N,B,0.14487926007541588,True,True,MATCHED
239,240,B,N,0.14500000000000002,True,True,MATCHED
240,297,N,B,0.14574292435655314,True,True,MATCHED
240,299,N,B,0.14527560015363902,True,True,MATCHED
241,242,B,N,0.14500000000000002,True,True,MATCHED
242,301,N,B,0.14483438818181293,True,True,MATCHED
242,359,N,B,0.14456140563788109,True,True,MATCHED
243,244,B,N,0.14500000000000002,True,True,MATCHED
244,301,N,B,0.14481022063376636,True,True,MATCHED
244,303,N,B,0.145013792447477,True,True,MATCHED
245,246,B,N,0.14500000000000002,True,True,MATCHED
246,303,N,B,0.14377760604489156,True,True,MATCHED
246,305,N,B,0.145013792447477,True,True,MATCHED
247,248,B,N,0.14500000000000002,True,True,MATCHED
248,305,N,B,0.14481022063376636,True,True,MATCHED
248,307,N,B,0.14483438818181293,True,True,MATCHED
249,250,B,N,0.14500000000000002,True,True,MATCHED
250,307,N,B,0.14456140563788109,True,True,MATCHED
250,309,N,B,0.14439182802361047,True,True,MATCHED
251,252,B,N,0.14500000000000002,True,True,MATCHED
252,309,N,B,0.14477568856683093,True,True,MATCHED
252,311,N,B,0.1452446212429224,True,True,MATCHED
253,254,B,N,0.14500000000000002,True,True,MATCHED
254,311,N,B,0.1443779761598008,True,True,MATCHED
254,313,N,B,0.14477568856683093,True,True,MATCHED
255,256,B,N,0.14500000000000002,True,True,MATCHED
256,313,N,B,0.14439182802361084,True,True,MATCHED
256,315,N,B,0.14456140563788109,True,True,MATCHED
257,258,B,N,0.14500000000000002,True,True,MATCHED
258,315,N,B,0.14483438818181293,True,True,MATCHED
258,317,N,B,0.1455369368923229,True,True,MATCHED
259,260,B,N,0.14500000000000002,True,True,MATCHED
260,317,N,B,0.14433987668000817,True,True,MATCHED
260,319,N,B,0.14439182802361086,True,True,MATCHED
261,262,B,N,0.14500000000000002,True,True,MATCHED
262,319,N,B,0.14501379244747725,True,True,MATCHED
262,321,N,B,0.1443364125922496,True,True,MATCHED
263,264,B,N,0.14500000000000002,True,True,MATCHED
264,321,N,B,0.14483438818181277,True,True,MATCHED
264,323,N,B,0.14456140563788109,True,True,MATCHED
265,266,B,N,0.14500000000000002,True,True,MATCHED
266,323,N,B,0.14461673485458001,True,True,MATCHED
266,325,N,B,0.1446409347314931,True,True,MATCHED
267,268,B,N,0.14500000000000002,True,True,MATCHED
268,325,N,B,0.14528936643815327,True,True,MATCHED
268,327,N,B,0.14442298985964805,True,True,MATCHED
269,270,B,N,0.14500000000000002,True,True,MATCHED
270,327,N,B,0.1446409347314931,True,True,MATCHED
270,329,N,B,0.14461673485458038,True,True,MATCHED
271,272,B,N,0.14500000000000002,True,True,MATCHED
272,329,N,B,0.14456140563788109,True,True,MATCHED
272,331,N,B,0.14483438818181277,True,True,MATCHED
273,274,B,N,0.14500000000000002,True,True,MATCHED
274,331,N,B,0.14506550244630867,True,True,MATCHED
274,333,N,B,0.1443398766800084,True,True,MATCHED
275,276,B,N,0.14500000000000002,True,True,MATCHED
276,333,N,B,0.14500344823486094,True,True,MATCHED
276,335,N,B,0.1443398766800084,True,True,MATCHED
277,278,B,N,0.14500000000000002,True,True,MATCHED
278,335,N,B,0.14506550244630867,True,True,MATCHED
278,337,N,B,0.14483438818181277,True,True,MATCHED
279,280,B,N,0.14500000000000002,True,True,MATCHED
280,337,N,B,0.14456140563788109,True,True,MATCHED
280,339,N,B,0.14461673485458038,True,True,MATCHED
281,282,B,N,0.14500000000000002,True,True,MATCHED
282,339,N,B,0.1446409347314931,True,True,MATCHED
282,341,N,B,0.14442298985964805,True,True,MATCHED
283,284,B,N,0.14500000000000002,True,True,MATCHED
284,341,N,B,0.14528936643815327,True,True,MATCHED
284,343,N,B,0.1446409347314931,True,True,MATCHED
285,286,B,N,0.14500000000000002,True,True,MATCHED
286,343,N,B,0.14461673485458001,True,True,MATCHED
286,345,N,B,0.14456140563788109,True,True,MATCHED
287,288,B,N,0.14500000000000002,True,True,MATCHED
288,345,N,B,0.14483438818181277,True,True,MATCHED
288,347,N,B,0.1443364125922496,True,True,MATCHED
289,290,B,N,0.14500000000000002,True,True,MATCHED
290,347,N,B,0.14501379244747725,True,True,MATCHED
290,349,N,B,0.14439182802361086,True,True,MATCHED
291,292,B,N,0.14500000000000002,True,True,MATCHED
292,349,N,B,0.14433987668000817,True,True,MATCHED
292,351,N,B,0.1455369368923229,True,True,MATCHED
293,294,B,N,0.14500000000000002,True,True,MATCHED
294,351,N,B,0.14483438818181293,True,True,MATCHED
294,353,N,B,0.14456140563788109,True,True,MATCHED
295,296,B,N,0.14500000000000002,True,True,MATCHED
296,353,N,B,0.14439182802361084,True,True,MATCHED
296,355,N,B,0.14477568856683093,True,True,MATCHED
297,298,B,N,0.14500000000000002,True,True,MATCHED
298,355,N,B,0.1443779761598008,True,True,MATCHED
298,357,N,B,0.1452446212429224,True,True,MATCHED
299,300,B,N,0.14500000000000002,True,True,MATCHED
300,357,N,B,0.14477568856683093,True,True,MATCHED
300,359,N,B,0.14439182802361047,True,True,MATCHED
301,302,B,N,0.14500000000000002,True,True,MATCHED
302,361,N,B,0.14531001341958535,True,True,MATCHED
302,419,N,B,0.14533409785731655,True,True,MATCHED
303,304,B,N,0.14500000000000002,True,True,MATCHED
304,361,N,B,0.14551288602732038,True,True,MATCHED
304,363,N,B,0.14428097587693264,True,True,MATCHED
305,306,B,N,0.14500000000000002,True,True,MATCHED
306,363,N,B,0.14551288602732038,True,True,MATCHED
306,365,N,B,0.14531001341958535,True,True,MATCHED
307,308,B,N,0.14500000000000002,True,True,MATCHED
308,365,N,B,0.14533409785731655,True,True,MATCHED
308,367,N,B,0.1450620556865233,True,True,MATCHED
309,310,B,N,0.14500000000000002,True,True,MATCHED
310,367,N,B,0.14489306401619054,True,True,MATCHED
310,369,N,B,0.14527560015363902,True,True,MATCHED
311,312,B,N,0.14500000000000002,True,True,MATCHED
312,369,N,B,0.14574292435655314,True,True,MATCHED
312,371,N,B,0.14487926007541588,True,True,MATCHED
313,314,B,N,0.14500000000000002,True,True,MATCHED
314,371,N,B,0.14527560015363902,True,True,MATCHED
314,373,N,B,0.1448930640161909,True,True,MATCHED
315,316,B,N,0.14500000000000002,True,True,MATCHED
316,373,N,B,0.1450620556865233,True,True,MATCHED
316,375,N,B,0.14533409785731655,True,True,MATCHED
317,318,B,N,0.14500000000000002,True,True,MATCHED
318,375,N,B,0.1460342425597502,True,True,MATCHED
318,377,N,B,0.14484129245487956,True,True,MATCHED
319,320,B,N,0.14500000000000002,True,True,MATCHED
320,377,N,B,0.14489306401619093,True,True,MATCHED
320,379,N,B,0.1455128860273206,True,True,MATCHED
321,322,B,N,0.14500000000000002,True,True,MATCHED
322,379,N,B,0.1448378403594865,True,True,MATCHED
322,381,N,B,0.14533409785731635,True,True,MATCHED
323,324,B,N,0.14500000000000002,True,True,MATCHED
324,381,N,B,0.1450620556865233,True,True,MATCHED
324,383,N,B,0.14511719401917844,True,True,MATCHED
325,326,B,N,0.14500000000000002,True,True,MATCHED
326,383,N,B,0.14514131045295142,True,True,MATCHED
326,385,N,B,0.1457875166123628,True,True,MATCHED
327,328,B,N,0.14500000000000002,True,True,MATCHED
328,385,N,B,0.1449241180756329,True,True,MATCHED
328,387,N,B,0.14514131045295142,True,True,MATCHED
329,330,B,N,0.14500000000000002,True,True,MATCHED
330,387,N,B,0.1451171940191788,True,True,MATCHED
330,389,N,B,0.1450620556865233,True,True,MATCHED
331,332,B,N,0.14500000000000002,True,True,MATCHED
332,389,N,B,0.14533409785731635,True,True,MATCHED
332,391,N,B,0.1455644187293034,True,True,MATCHED
333,334,B,N,0.14500000000000002,True,True,MATCHED
334,391,N,B,0.14484129245487978,True,True,MATCHED
334,393,N,B,0.14550257729676125,True,True,MATCHED
335,336,B,N,0.14500000000000002,True,True,MATCHED
336,393,N,B,0.14484129245487978,True,True,MATCHED
336,395,N,B,0.1455644187293034,True,True,MATCHED
337,338,B,N,0.14500000000000002,True,True,MATCHED
338,395,N,B,0.14533409785731635,True,True,MATCHED
338,397,N,B,0.1450620556865233,True,True,MATCHED
339,340,B,N,0.14500000000000002,True,True,MATCHED
340,397,N,B,0.1451171940191788,True,True,MATCHED
340,399,N,B,0.14514131045295142,True,True,MATCHED
341,342,B,N,0.14500000000000002,True,True,MATCHED
342,399,N,B,0.1449241180756329,True,True,MATCHED
342,401,N,B,0.1457875166123628,True,True,MATCHED
343,344,B,N,0.14500000000000002,True,True,MATCHED
344,401,N,B,0.14514131045295142,True,True,MATCHED
344,403,N,B,0.14511719401917844,True,True,MATCHED
345,346,B,N,0.14500000000000002,True,True,MATCHED
346,403,N,B,0.1450620556865233,True,True,MATCHED
346,405,N,B,0.14533409785731635,True,True,MATCHED
347,348,B,N,0.14500000000000002,True,True,MATCHED
348,405,N,B,0.1448378403594865,True,True,MATCHED
348,407,N,B,0.1455128860273206,True,True,MATCHED
349,350,B,N,0.14500000000000002,True,True,MATCHED
350,407,N,B,0.14489306401619093,True,True,MATCHED
350,409,N,B,0.14484129245487956,True,True,MATCHED
351,352,B,N,0.14500000000000002,True,True,MATCHED
352,409,N,B,0.1460342425597502,True,True,MATCHED
352,411,N,B,0.14533409785731655,True,True,MATCHED
353,354,B,N,0.14500000000000002,True,True,MATCHED
354,411,N,B,0.1450620556865233,True,True,MATCHED
354,413,N,B,0.1448930640161909,True,True,MATCHED
355,356,B,N,0.14500000000000002,True,True,MATCHED
356,413,N,B,0.14527560015363902,True,True,MATCHED
356,415,N,B,0.14487926007541588,True,True,MATCHED
357,358,B,N,0.14500000000000002,True,True,MATCHED
358,415,N,B,0.14574292435655314,True,True,MATCHED
358,417,N,B,0.14527560015363902,True,True,MATCHED
359,360,B,N,0.14500000000000002,True,True,MATCHED
360,417,N,B,0.14489306401619054,True,True,MATCHED
360,419,N,B,0.1450620556865233,True,True,MATCHED
361,362,B,N,0.14500000000000002,True,True,MATCHED
362,421,N,B,0.14501379244747678,True,True,MATCHED
362,479,N,B,0.14481022063376614,True,True,MATCHED
363,364,B,N,0.14500000000000002,True,True,MATCHED
364,421,N,B,0.14377760604489134,True,True,MATCHED
364,423,N,B,0.14501379244747678,True,True,MATCHED
365,366,B,N,0.14500000000000002,True,True,MATCHED
366,423,N,B,0.14481022063376614,True,True,MATCHED
366,425,N,B,0.1448343881818127,True,True,MATCHED
367,368,B,N,0.14500000000000002,True,True,MATCHED
368,425,N,B,0.1445614056378809,True,True,MATCHED
368,427,N,B,0.14439182802361025,True,True,MATCHED
369,370,B,N,0.14500000000000002,True,True,MATCHED
370,427,N,B,0.1447756885668307,True,True,MATCHED
370,429,N,B,0.14524462124292217,True,True,MATCHED
371,372,B,N,0.14500000000000002,True,True,MATCHED
372,429,N,B,0.14437797615980058,True,True,MATCHED
372,431,N,B,0.1447756885668307,True,True,MATCHED
373,374,B,N,0.14500000000000002,True,True,MATCHED
374,431,N,B,0.14439182802361064,True,True,MATCHED
374,433,N,B,0.1445614056378809,True,True,MATCHED
375,376,B,N,0.14500000000000002,True,True,MATCHED
376,433,N,B,0.1448343881818127,True,True,MATCHED
376,435,N,B,0.14553693689232267,True,True,MATCHED
377,378,B,N,0.14500000000000002,True,True,MATCHED
378,435,N,B,0.14433987668000794,True,True,MATCHED
378,437,N,B,0.14439182802361064,True,True,MATCHED
379,380,B,N,0.14500000000000002,True,True,MATCHED
380,437,N,B,0.14501379244747703,True,True,MATCHED
380,439,N,B,0.14433641259224939,True,True,MATCHED
381,382,B,N,0.14500000000000002,True,True,MATCHED
382,439,N,B,0.14483438818181255,True,True,MATCHED
382,441,N,B,0.1445614056378809,True,True,MATCHED
383,384,B,N,0.14500000000000002,True,True,MATCHED
384,441,N,B,0.1446167348545798,True,True,MATCHED
384,443,N,B,0.14464093473149287,True,True,MATCHED
385,386,B,N,0.14500000000000002,True,True,MATCHED
386,443,N,B,0.14528936643815304,True,True,MATCHED
386,445,N,B,0.14442298985964783,True,True,MATCHED
387,388,B,N,0.14500000000000002,True,True,MATCHED
388,445,N,B,0.14464093473149287,True,True,MATCHED
388,447,N,B,0.14461673485458015,True,True,MATCHED
389,390,B,N,0.14500000000000002,True,True,MATCHED
390,447,N,B,0.1445614056378809,True,True,MATCHED
390,449,N,B,0.14483438818181255,True,True,MATCHED
391,392,B,N,0.14500000000000002,True,True,MATCHED
392,449,N,B,0.14506550244630848,True,True,MATCHED
392,451,N,B,0.1443398766800082,True,True,MATCHED
393,394,B,N,0.14500000000000002,True,True,MATCHED
394,451,N,B,0.14500344823486072,True,True,MATCHED
394,453,N,B,0.1443398766800082,True,True,MATCHED
395,396,B,N,0.14500000000000002,True,True,MATCHED
396,453,N,B,0.14506550244630848,True,True,MATCHED
396,455,N,B,0.14483438818181255,True,True,MATCHED
397,398,B,N,0.14500000000000002,True,True,MATCHED
398,455,N,B,0.1445614056378809,True,True,MATCHED
398,457,N,B,0.14461673485458015,True,True,MATCHED
399,400,B,N,0.14500000000000002,True,True,MATCHED
400,457,N,B,0.14464093473149287,True,True,MATCHED
400,459,N,B,0.14442298985964783,True,True,MATCHED
401,402,B,N,0.14500000000000002,True,True,MATCHED
402,459,N,B,0.14528936643815304,True,True,MATCHED
402,461,N,B,0.14464093473149287,True,True,MATCHED
403,404,B,N,0.14500000000000002,True,True,MATCHED
404,461,N,B,0.1446167348545798,True,True,MATCHED
404,463,N,B,0.1445614056378809,True,True,MATCHED
405,406,B,N,0.14500000000000002,True,True,MATCHED
406,463,N,B,0.14483438818181255,True,True,MATCHED
406,465,N,B,0.14433641259224939,True,True,MATCHED
407,408,B,N,0.14500000000000002,True,True,MATCHED
408,465,N,B,0.14501379244747703,True,True,MATCHED
408,467,N,B,0.14439182802361064,True,True,MATCHED
409,410,B,N,0.14500000000000002,True,True,MATCHED
410,467,N,B,0.14433987668000794,True,True,MATCHED
410,469,N,B,0.14553693689232267,True,True,MATCHED
411,412,B,N,0.14500000000000002,True,True,MATCHED
412,469,N,B,0.1448343881818127,True,True,MATCHED
412,471,N,B,0.1445614056378809,True,True,MATCHED
413,414,B,N,0.14500000000000002,True,True,MATCHED
414,471,N,B,0.14439182802361064,True,True,MATCHED
414,473,N,B,0.1447756885668307,True,True,MATCHED
415,416,B,N,0.14500000000000002,True,True,MATCHED
416,473,N,B,0.14437797615980058,True,True,MATCHED
416,475,N,B,0.14524462124292217,True,True,MATCHED
417,418,B,N,0.14500000000000002,True,True,MATCHED
418,475,N,B,0.1447756885668307,True,True,MATCHED
418,477,N,B,0.14439182802361025,True,True,MATCHED
419,420,B,N,0.14500000000000002,True,True,MATCHED
420,477,N,B,0.1445614056378809,True,True,MATCHED
420,479,N,B,0.1448343881818127,True,True,MATCHED
421,422,B,N,0.14500000000000002,True,True,MATCHED
422,481,N,B,0.14428097587693287,True,True,MATCHED
422,539,N,B,0.1455128860273206,True,True,MATCHED
423,424,B,N,0.14500000000000002,True,True,MATCHED
424,481,N,B,0.1455128860273206,True,True,MATCHED
424,483,N,B,0.14531001341958558,True,True,MATCHED
425,426,B,N,0.14500000000000002,True,True,MATCHED
426,483,N,B,0.14533409785731677,True,True,MATCHED
426,485,N,B,0.14506205568652353,True,True,MATCHED
427,428,B,N,0.14500000000000002,True,True,MATCHED
428,485,N,B,0.14489306401619076,True,True,MATCHED
428,487,N,B,0.14527560015363924,True,True,MATCHED
429,430,B,N,0.14500000000000002,True,True,MATCHED
430,487,N,B,0.14574292435655337,True,True,MATCHED
430,489,N,B,0.1448792600754161,True,True,MATCHED
431,432,B,N,0.14500000000000002,True,True,MATCHED
432,489,N,B,0.14527560015363924,True,True,MATCHED
432,491,N,B,0.14489306401619112,True,True,MATCHED
433,434,B,N,0.14500000000000002,True,True,MATCHED
434,491,N,B,0.14506205568652353,True,True,MATCHED
434,493,N,B,0.14533409785731677,True,True,MATCHED
435,436,B,N,0.14500000000000002,True,True,MATCHED
436,493,N,B,0.14603424255975045,True,True,MATCHED
436,495,N,B,0.14484129245487978,True,True,MATCHED
437,438,B,N,0.14500000000000002,True,True,MATCHED
438,495,N,B,0.14489306401619115,True,True,MATCHED
438,497,N,B,0.14551288602732082,True,True,MATCHED
439,440,B,N,0.14500000000000002,True,True,MATCHED
440,497,N,B,0.1448378403594867,True,True,MATCHED
440,499,N,B,0.1453340978573166,True,True,MATCHED
441,442,B,N,0.14500000000000002,True,True,MATCHED
442,499,N,B,0.14506205568652353,True,True,MATCHED
442,501,N,B,0.14511719401917866,True,True,MATCHED
443,444,B,N,0.14500000000000002,True,True,MATCHED
444,501,N,B,0.14514131045295164,True,True,MATCHED
444,503,N,B,0.14578751661236306,True,True,MATCHED
445,446,B,N,0.14500000000000002,True,True,MATCHED
446,503,N,B,0.14492411807563313,True,True,MATCHED
446,505,N,B,0.14514131045295164,True,True,MATCHED
447,448,B,N,0.14500000000000002,True,True,MATCHED
448,505,N,B,0.14511719401917905,True,True,MATCHED
448,507,N,B,0.14506205568652353,True,True,MATCHED
449,450,B,N,0.14500000000000002,True,True,MATCHED
450,507,N,B,0.1453340978573166,True,True,MATCHED
450,509,N,B,0.14556441872930362,True,True,MATCHED
451,452,B,N,0.14500000000000002,True,True,MATCHED
452,509,N,B,0.14484129245488003,True,True,MATCHED
452,511,N,B,0.14550257729676147,True,True,MATCHED
453,454,B,N,0.14500000000000002,True,True,MATCHED
454,511,N,B,0.14484129245488003,True,True,MATCHED
454,513,N,B,0.14556441872930362,True,True,MATCHED
455,456,B,N,0.14500000000000002,True,True,MATCHED
456,513,N,B,0.1453340978573166,True,True,MATCHED
456,515,N,B,0.14506205568652353,True,True,MATCHED
457,458,B,N,0.14500000000000002,True,True,MATCHED
458,515,N,B,0.14511719401917905,True,True,MATCHED
458,517,N,B,0.14514131045295164,True,True,MATCHED
459,460,B,N,0.14500000000000002,True,True,MATCHED
460,517,N,B,0.14492411807563313,True,True,MATCHED
460,519,N,B,0.14578751661236306,True,True,MATCHED
461,462,B,N,0.14500000000000002,True,True,MATCHED
462,519,N,B,0.14514131045295164,True,True,MATCHED
462,521,N,B,0.14511719401917866,True,True,MATCHED
463,464,B,N,0.14500000000000002,True,True,MATCHED
464,521,N,B,0.14506205568652353,True,True,MATCHED
464,523,N,B,0.1453340978573166,True,True,MATCHED
465,466,B,N,0.14500000000000002,True,True,MATCHED
466,523,N,B,0.1448378403594867,True,True,MATCHED
466,525,N,B,0.14551288602732082,True,True,MATCHED
467,468,B,N,0.14500000000000002,True,True,MATCHED
468,525,N,B,0.14489306401619115,True,True,MATCHED
468,527,N,B,0.14484129245487978,True,True,MATCHED
469,470,B,N,0.14500000000000002,True,True,MATCHED
470,527,N,B,0.14603424255975045,True,True,MATCHED
470,529,N,B,0.14533409785731677,True,True,MATCHED
471,472,B,N,0.14500000000000002,True,True,MATCHED
472,529,N,B,0.14506205568652353,True,True,MATCHED
472,531,N,B,0.14489306401619112,True,True,MATCHED
473,474,B,N,0.14500000000000002,True,True,MATCHED
474,531,N,B,0.14527560015363924,True,True,MATCHED
474,533,N,B,0.1448792600754161,True,True,MATCHED
475,476,B,N,0.14500000000000002,True,True,MATCHED
476,533,N,B,0.14574292435655337,True,True,MATCHED
476,535,N,B,0.14527560015363924,True,True,MATCHED
477,478,B,N,0.14500000000000002,True,True,MATCHED
478,535,N,B,0.14489306401619076,True,True,MATCHED
478,537,N,B,0.14506205568652353,True,True,MATCHED
479,480,B,N,0.14500000000000002,True,True,MATCHED
480,537,N,B,0.14533409785731677,True,True,MATCHED
480,539,N,B,0.14531001341958558,True,True,MATCHED
481,482,B,N,0.14499999999999957,True,True,MATCHED
482,541,N,B,0.1455128860273206,True,True,MATCHED
482,599,N,B,0.14428097587693287,True,True,MATCHED
483,484,B,N,0.14499999999999957,True,True,MATCHED
484,541,N,B,0.14531001341958558,True,True,MATCHED
484,543,N,B,0.14533409785731677,True,True,MATCHED
485,486,B,N,0.14499999999999957,True,True,MATCHED
486,543,N,B,0.14506205568652353,True,True,MATCHED
486,545,N,B,0.14489306401619076,True,True,MATCHED
487,488,B,N,0.14499999999999957,True,True,MATCHED
488,545,N,B,0.14527560015363924,True,True,MATCHED
488,547,N,B,0.14574292435655337,True,True,MATCHED
489,490,B,N,0.14499999999999957,True,True,MATCHED
490,547,N,B,0.1448792600754161,True,True,MATCHED
490,549,N,B,0.14527560015363924,True,True,MATCHED
491,492,B,N,0.14499999999999957,True,True,MATCHED
492,549,N,B,0.14489306401619112,True,True,MATCHED
492,551,N,B,0.14506205568652353,True,True,MATCHED
493,494,B,N,0.14499999999999957,True,True,MATCHED
494,551,N,B,0.14533409785731677,True,True,MATCHED
494,553,N,B,0.14603424255975045,True,True,MATCHED
495,496,B,N,0.14499999999999957,True,True,MATCHED
496,553,N,B,0.14484129245487978,True,True,MATCHED
496,555,N,B,0.14489306401619115,True,True,MATCHED
497,498,B,N,0.14499999999999957,True,True,MATCHED
498,555,N,B,0.14551288602732082,True,True,MATCHED
498,557,N,B,0.1448378403594867,True,True,MATCHED
499,500,B,N,0.14499999999999957,True,True,MATCHED
500,557,N,B,0.1453340978573166,True,True,MATCHED
500,559,N,B,0.14506205568652353,True,True,MATCHED
501,502,B,N,0.14499999999999957,True,True,MATCHED
502,559,N,B,0.14511719401917866,True,True,MATCHED
502,561,N,B,0.14514131045295164,True,True,MATCHED
503,504,B,N,0.14499999999999957,True,True,MATCHED
504,561,N,B,0.14578751661236306,True,True,MATCHED
504,563,N,B,0.14492411807563313,True,True,MATCHED
505,506,B,N,0.14499999999999957,True,True,MATCHED
506,563,N,B,0.14514131045295164,True,True,MATCHED
506,565,N,B,0.14511719401917905,True,True,MATCHED
507,508,B,N,0.14499999999999957,True,True,MATCHED
508,565,N,B,0.14506205568652353,True,True,MATCHED
508,567,N,B,0.1453340978573166,True,True,MATCHED
509,510,B,N,0.14499999999999957,True,True,MATCHED
510,567,N,B,0.14556441872930362,True,True,MATCHED
510,569,N,B,0.14484129245488003,True,True,MATCHED
511,512,B,N,0.14499999999999957,True,True,MATCHED
512,569,N,B,0.14550257729676147,True,True,MATCHED
512,571,N,B,0.14484129245488003,True,True,MATCHED
513,514,B,N,0.14499999999999957,True,True,MATCHED
514,571,N,B,0.14556441872930362,True,True,MATCHED
514,573,N,B,0.1453340978573166,True,True,MATCHED
515,516,B,N,0.14499999999999957,True,True,MATCHED
516,573,N,B,0.14506205568652353,True,True,MATCHED
516,575,N,B,0.14511719401917905,True,True,MATCHED
517,518,B,N,0.14499999999999957,True,True,MATCHED
518,575,N,B,0.14514131045295164,True,True,MATCHED
518,577,N,B,0.14492411807563313,True,True,MATCHED
519,520,B,N,0.14499999999999957,True,True,MATCHED
520,577,N,B,0.14578751661236306,True,True,MATCHED
520,579,N,B,0.14514131045295164,True,True,MATCHED
521,522,B,N,0.14499999999999957,True,True,MATCHED
522,579,N,B,0.14511719401917866,True,True,MATCHED
522,581,N,B,0.14506205568652353,True,True,MATCHED
523,524,B,N,0.14499999999999957,True,True,MATCHED
524,581,N,B,0.1453340978573166,True,True,MATCHED
524,583,N,B,0.1448378403594867,True,True,MATCHED
525,526,B,N,0.14499999999999957,True,True,MATCHED
526,583,N,B,0.14551288602732082,True,True,MATCHED
526,585,N,B,0.14489306401619115,True,True,MATCHED
527,528,B,N,0.14499999999999957,True,True,MATCHED
528,585,N,B,0.14484129245487978,True,True,MATCHED
528,587,N,B,0.14603424255975045,True,True,MATCHED
529,530,B,N,0.14499999999999957,True,True,MATCHED
530,587,N,B,0.14533409785731677,True,True,MATCHED
530,589,N,B,0.14506205568652353,True,True,MATCHED
531,532,B,N,0.14499999999999957,True,True,MATCHED
532,589,N,B,0.14489306401619112,True,True,MATCHED
532,591,N,B,0.14527560015363924,True,True,MATCHED
533,534,B,N,0.14499999999999957,True,True,MATCHED
534,591,N,B,0.1448792600754161,True,True,MATCHED
534,593,N,B,0.14574292435655337,True,True,MATCHED
535,536,B,N,0.14499999999999957,True,True,MATCHED
536,593,N,B,0.14527560015363924,True,True,MATCHED
536,595,N,B,0.14489306401619076,True,True,MATCHED
537,538,B,N,0.14499999999999957,True,True,MATCHED
538,595,N,B,0.14506205568652353,True,True,MATCHED
538,597,N,B,0.14533409785731677,True,True,MATCHED
539,540,B,N,0.14499999999999957,True,True,MATCHED
540,597,N,B,0.14531001341958558,True,True,MATCHED
540,599,N,B,0.1455128860273206,True,True,MATCHED
541,542,B,N,0.14499999999999957,True,True,MATCHED
542,601,N,B,0.14481022063376636,True,True,MATCHED
542,659,N,B,0.145013792447477,True,True,MATCHED
543,544,B,N,0.14499999999999957,True,True,MATCHED
544,601,N,B,0.14483438818181293,True,True,MATCHED
544,603,N,B,0.14456140563788109,True,True,MATCHED
545,546,B,N,0.14499999999999957,True,True,MATCHED
546,603,N,B,0.14439182802361047,True,True,MATCHED
546,605,N,B,0.14477568856683093,True,True,MATCHED
547,548,B,N,0.14499999999999957,True,True,MATCHED
548,605,N,B,0.1452446212429224,True,True,MATCHED
548,607,N,B,0.1443779761598008,True,True,MATCHED
549,550,B,N,0.14499999999999957,True,True,MATCHED
550,607,N,B,0.14477568856683093,True,True,MATCHED
550,609,N,B,0.14439182802361084,True,True,MATCHED
551,552,B,N,0.14499999999999957,True,True,MATCHED
552,609,N,B,0.14456140563788109,True,True,MATCHED
552,611,N,B,0.14483438818181293,True,True,MATCHED
553,554,B,N,0.14499999999999957,True,True,MATCHED
554,611,N,B,0.1455369368923229,True,True,MATCHED
554,613,N,B,0.14433987668000817,True,True,MATCHED
555,556,B,N,0.14499999999999957,True,True,MATCHED
556,613,N,B,0.14439182802361086,True,True,MATCHED
556,615,N,B,0.14501379244747725,True,True,MATCHED
557,558,B,N,0.14499999999999957,True,True,MATCHED
558,615,N,B,0.1443364125922496,True,True,MATCHED
558,617,N,B,0.14483438818181277,True,True,MATCHED
559,560,B,N,0.14499999999999957,True,True,MATCHED
560,617,N,B,0.14456140563788109,True,True,MATCHED
560,619,N,B,0.14461673485458001,True,True,MATCHED
561,562,B,N,0.14499999999999957,True,True,MATCHED
562,619,N,B,0.1446409347314931,True,True,MATCHED
562,621,N,B,0.14528936643815327,True,True,MATCHED
563,564,B,N,0.14499999999999957,True,True,MATCHED
564,621,N,B,0.14442298985964805,True,True,MATCHED
564,623,N,B,0.1446409347314931,True,True,MATCHED
565,566,B,N,0.14499999999999957,True,True,MATCHED
566,623,N,B,0.14461673485458038,True,True,MATCHED
566,625,N,B,0.14456140563788109,True,True,MATCHED
567,568,B,N,0.14499999999999957,True,True,MATCHED
568,625,N,B,0.14483438818181277,True,True,MATCHED
568,627,N,B,0.14506550244630867,True,True,MATCHED
569,570,B,N,0.14499999999999957,True,True,MATCHED
570,627,N,B,0.1443398766800084,True,True,MATCHED
570,629,N,B,0.14500344823486094,True,True,MATCHED
571,572,B,N,0.14499999999999957,True,True,MATCHED
572,629,N,B,0.1443398766800084,True,True,MATCHED
572,631,N,B,0.14506550244630867,True,True,MATCHED
573,574,B,N,0.14499999999999957,True,True,MATCHED
574,631,N,B,0.14483438818181277,True,True,MATCHED
574,633,N,B,0.14456140563788109,True,True,MATCHED
575,576,B,N,0.14499999999999957,True,True,MATCHED
576,633,N,B,0.14461673485458038,True,True,MATCHED
576,635,N,B,0.1446409347314931,True,True,MATCHED
577,578,B,N,0.14499999999999957,True,True,MATCHED
578,635,N,B,0.14442298985964805,True,True,MATCHED
578,637,N,B,0.14528936643815327,True,True,MATCHED
579,580,B,N,0.14499999999999957,True,True,MATCHED
580,637,N,B,0.1446409347314931,True,True,MATCHED
580,639,N,B,0.14461673485458001,True,True,MATCHED
581,582,B,N,0.14499999999999957,True,True,MATCHED
582,639,N,B,0.14456140563788109,True,True,MATCHED
582,641,N,B,0.14483438818181277,True,True,MATCHED
583,584,B,N,0.14499999999999957,True,True,MATCHED
584,641,N,B,0.1443364125922496,True,True,MATCHED
584,643,N,B,0.14501379244747725,True,True,MATCHED
585,586,B,N,0.14499999999999957,True,True,MATCHED
586,643,N,B,0.14439182802361086,True,True,MATCHED
586,645,N,B,0.14433987668000817,True,True,MATCHED
587,588,B,N,0.14499999999999957,True,True,MATCHED
588,645,N,B,0.1455369368923229,True,True,MATCHED
588,647,N,B,0.14483438818181293,True,True,MATCHED
589,590,B,N,0.14499999999999957,True,True,MATCHED
590,647,N,B,0.14456140563788109,True,True,MATCHED
590,649,N,B,0.14439182802361084,True,True,MATCHED
591,592,B,N,0.14499999999999957,True,True,MATCHED
592,649,N,B,0.14477568856683093,True,True,MATCHED
592,651,N,B,0.1443779761598008,True,True,MATCHED
593,594,B,N,0.14499999999999957,True,True,MATCHED
594,651,N,B,0.1452446212429224,True,True,MATCHED
594,653,N,B,0.14477568856683093,True,True,MATCHED
595,596,B,N,0.14499999999999957,True,True,MATCHED
596,653,N,B,0.14439182802361047,True,True,MATCHED
596,655,N,B,0.14456140563788109,True,True,MATCHED
597,598,B,N,0.14499999999999957,True,True,MATCHED
598,655,N,B,0.14483438818181293,True,True,MATCHED
598,657,N,B,0.14481022063376636,True,True,MATCHED
599,600,B,N,0.14499999999999957,True,True,MATCHED
600,657,N,B,0.145013792447477,True,True,MATCHED
600,659,N,B,0.14377760604489156,True,True,MATCHED
601,602,B,N,0.14500000000000046,True,True,MATCHED
602,661,N,B,0.14533409785731632,True,True,MATCHED
602,719,N,B,0.14531001341958513,True,True,MATCHED
603,604,B,N,0.14500000000000046,True,True,MATCHED
604,661,N,B,0.14506205568652306,True,True,MATCHED
604,663,N,B,0.14489306401619031,True,True,MATCHED
605,606,B,N,0.14500000000000046,True,True,MATCHED
606,663,N,B,0.1452756001536388,True,True,MATCHED
606,665,N,B,0.1457429243565529,True,True,MATCHED
607,608,B,N,0.14500000000000046,True,True,MATCHED
608,665,N,B,0.14487926007541566,True,True,MATCHED
608,667,N,B,0.1452756001536388,True,True,MATCHED
609,610,B,N,0.14500000000000046,True,True,MATCHED
610,667,N,B,0.14489306401619068,True,True,MATCHED
610,669,N,B,0.14506205568652306,True,True,MATCHED
611,612,B,N,0.14500000000000046,True,True,MATCHED
612,669,N,B,0.14533409785731632,True,True,MATCHED
612,671,N,B,0.14603424255974998,True,True,MATCHED
613,614,B,N,0.14500000000000046,True,True,MATCHED
614,671,N,B,0.14484129245487934,True,True,MATCHED
614,673,N,B,0.1448930640161907,True,True,MATCHED
615,616,B,N,0.14500000000000046,True,True,MATCHED
616,673,N,B,0.14551288602732038,True,True,MATCHED
616,675,N,B,0.14483784035948627,True,True,MATCHED
617,618,B,N,0.14500000000000046,True,True,MATCHED
618,675,N,B,0.14533409785731613,True,True,MATCHED
618,677,N,B,0.14506205568652306,True,True,MATCHED
619,620,B,N,0.14500000000000046,True,True,MATCHED
620,677,N,B,0.14511719401917822,True,True,MATCHED
620,679,N,B,0.1451413104529512,True,True,MATCHED
621,622,B,N,0.14500000000000046,True,True,MATCHED
622,679,N,B,0.14578751661236258,True,True,MATCHED
622,681,N,B,0.14492411807563269,True,True,MATCHED
623,624,B,N,0.14500000000000046,True,True,MATCHED
624,681,N,B,0.1451413104529512,True,True,MATCHED
624,683,N,B,0.14511719401917858,True,True,MATCHED
625,626,B,N,0.14500000000000046,True,True,MATCHED
626,683,N,B,0.14506205568652306,True,True,MATCHED
626,685,N,B,0.14533409785731613,True,True,MATCHED
627,628,B,N,0.14500000000000046,True,True,MATCHED
628,685,N,B,0.14556441872930317,True,True,MATCHED
628,687,N,B,0.14484129245487956,True,True,MATCHED
629,630,B,N,0.14500000000000046,True,True,MATCHED
630,687,N,B,0.14550257729676103,True,True,MATCHED
630,689,N,B,0.14484129245487956,True,True,MATCHED
631,632,B,N,0.14500000000000046,True,True,MATCHED
632,689,N,B,0.14556441872930317,True,True,MATCHED
632,691,N,B,0.14533409785731613,True,True,MATCHED
633,634,B,N,0.14500000000000046,True,True,MATCHED
634,691,N,B,0.14506205568652306,True,True,MATCHED
634,693,N,B,0.14511719401917858,True,True,MATCHED
635,636,B,N,0.14500000000000046,True,True,MATCHED
636,693,N,B,0.1451413104529512,True,True,MATCHED
636,695,N,B,0.14492411807563269,True,True,MATCHED
637,638,B,N,0.14500000000000046,True,True,MATCHED
638,695,N,B,0.14578751661236258,True,True,MATCHED
638,697,N,B,0.1451413104529512,True,True,MATCHED
639,640,B,N,0.14500000000000046,True,True,MATCHED
640,697,N,B,0.14511719401917822,True,True,MATCHED
640,699,N,B,0.14506205568652306,True,True,MATCHED
641,642,B,N,0.14500000000000046,True,True,MATCHED
642,699,N,B,0.14533409785731613,True,True,MATCHED
642,701,N,B,0.14483784035948627,True,True,MATCHED
643,644,B,N,0.14500000000000046,True,True,MATCHED
644,701,N,B,0.14551288602732038,True,True,MATCHED
644,703,N,B,0.1448930640161907,True,True,MATCHED
645,646,B,N,0.14500000000000046,True,True,MATCHED
646,703,N,B,0.14484129245487934,True,True,MATCHED
646,705,N,B,0.14603424255974998,True,True,MATCHED
647,648,B,N,0.14500000000000046,True,True,MATCHED
648,705,N,B,0.14533409785731632,True,True,MATCHED
648,707,N,B,0.14506205568652306,True,True,MATCHED
649,650,B,N,0.14500000000000046,True,True,MATCHED
650,707,N,B,0.14489306401619068,True,True,MATCHED
650,709,N,B,0.1452756001536388,True,True,MATCHED
651,652,B,N,0.14500000000000046,True,True,MATCHED
652,709,N,B,0.14487926007541566,True,True,MATCHED
652,711,N,B,0.1457429243565529,True,True,MATCHED
653,654,B,N,0.14500000000000046,True,True,MATCHED
654,711,N,B,0.1452756001536388,True,True,MATCHED
654,713,N,B,0.14489306401619031,True,True,MATCHED
655,656,B,N,0.14500000000000046,True,True,MATCHED
656,713,N,B,0.14506205568652306,True,True,MATCHED
656,715,N,B,0.14533409785731632,True,True,MATCHED
657,658,B,N,0.14500000000000046,True,True,MATCHED
658,715,N,B,0.14531001341958513,True,True,MATCHED
658,717,N,B,0.14551288602732013,True,True,MATCHED
659,660,B,N,0.14500000000000046,True,True,MATCHED
660,717,N,B,0.14428097587693242,True,True,MATCHED
660,719,N,B,0.14551288602732013,True,True,MATCHED
661,662,B,N,0.14400000000000013,True,True,MATCHED
662,721,N,B,0.14506205568652353,True,True,MATCHED
662,779,N,B,0.14533409785731677,True,True,MATCHED
663,664,B,N,0.14400000000000013,True,True,MATCHED
664,721,N,B,0.14489306401619076,True,True,MATCHED
664,723,N,B,0.14527560015363924,True,True,MATCHED
665,666,B,N,0.14400000000000013,True,True,MATCHED
666,723,N,B,0.14574292435655337,True,True,MATCHED
666,725,N,B,0.1448792600754161,True,True,MATCHED
667,668,B,N,0.14400000000000013,True,True,MATCHED
668,725,N,B,0.14527560015363924,True,True,MATCHED
668,727,N,B,0.14489306401619112,True,True,MATCHED
669,670,B,N,0.14400000000000013,True,True,MATCHED
670,727,N,B,0.14506205568652353,True,True,MATCHED
670,729,N,B,0.14533409785731677,True,True,MATCHED
671,672,B,N,0.14400000000000013,True,True,MATCHED
672,729,N,B,0.14603424255975045,True,True,MATCHED
672,731,N,B,0.14484129245487978,True,True,MATCHED
673,674,B,N,0.14400000000000013,True,True,MATCHED
674,731,N,B,0.14489306401619115,True,True,MATCHED
674,733,N,B,0.14551288602732082,True,True,MATCHED
675,676,B,N,0.14400000000000013,True,True,MATCHED
676,733,N,B,0.1448378403594867,True,True,MATCHED
676,735,N,B,0.1453340978573166,True,True,MATCHED
677,678,B,N,0.14400000000000013,True,True,MATCHED
678,735,N,B,0.14506205568652353,True,True,MATCHED
678,737,N,B,0.14511719401917866,True,True,MATCHED
679,680,B,N,0.14400000000000013,True,True,MATCHED
680,737,N,B,0.14514131045295164,True,True,MATCHED
680,739,N,B,0.14578751661236306,True,True,MATCHED
681,682,B,N,0.14400000000000013,True,True,MATCHED
682,739,N,B,0.14492411807563313,True,True,MATCHED
682,741,N,B,0.14514131045295164,True,True,MATCHED
683,684,B,N,0.14400000000000013,True,True,MATCHED
684,741,N,B,0.14511719401917905,True,True,MATCHED
684,743,N,B,0.14506205568652353,True,True,MATCHED
685,686,B,N,0.14400000000000013,True,True,MATCHED
686,743,N,B,0.1453340978573166,True,True,MATCHED
686,745,N,B,0.14556441872930362,True,True,MATCHED
687,688,B,N,0.14400000000000013,True,True,MATCHED
688,745,N,B,0.14484129245488003,True,True,MATCHED
688,747,N,B,0.14550257729676147,True,True,MATCHED
689,690,B,N,0.14400000000000013,True,True,MATCHED
690,747,N,B,0.14484129245488003,True,True,MATCHED
690,749,N,B,0.14556441872930362,True,True,MATCHED
691,692,B,N,0.14400000000000013,True,True,MATCHED
692,749,N,B,0.1453340978573166,True,True,MATCHED
692,751,N,B,0.14506205568652353,True,True,MATCHED
693,694,B,N,0.14400000000000013,True,True,MATCHED
694,751,N,B,0.14511719401917905,True,True,MATCHED
694,753,N,B,0.14514131045295164,True,True,MATCHED
695,696,B,N,0.14400000000000013,True,True,MATCHED
696,753,N,B,0.14492411807563313,True,True,MATCHED
696,755,N,B,0.14578751661236306,True,True,MATCHED
697,698,B,N,0.14400000000000013,True,True,MATCHED
698,755,N,B,0.14514131045295164,True,True,MATCHED
698,757,N,B,0.14511719401917866,True,True,MATCHED
699,700,B,N,0.14400000000000013,True,True,MATCHED
700,757,N,B,0.14506205568652353,True,True,MATCHED
700,759,N,B,0.1453340978573166,True,True,MATCHED
701,702,B,N,0.14400000000000013,True,True,MATCHED
702,759,N,B,0.1448378403594867,True,True,MATCHED
702,761,N,B,0.14551288602732082,True,True,MATCHED
703,704,B,N,0.14400000000000013,True,True,MATCHED
704,761,N,B,0.14489306401619115,True,True,MATCHED
704,763,N,B,0.14484129245487978,True,True,MATCHED
705,706,B,N,0.14400000000000013,True,True,MATCHED
706,763,N,B,0.14603424255975045,True,True,MATCHED
706,765,N,B,0.14533409785731677,True,True,MATCHED
707,708,B,N,0.14400000000000013,True,True,MATCHED
708,765,N,B,0.14506205568652353,True,True,MATCHED
708,767,N,B,0.14489306401619112,True,True,MATCHED
709,710,B,N,0.14400000000000013,True,True,MATCHED
710,767,N,B,0.14527560015363924,True,True,MATCHED
710,769,N,B,0.1448792600754161,True,True,MATCHED
711,712,B,N,0.14400000000000013,True,True,MATCHED
712,769,N,B,0.14574292435655337,True,True,MATCHED
712,771,N,B,0.14527560015363924,True,True,MATCHED
713,714,B,N,0.14400000000000013,True,True,MATCHED
714,771,N,B,0.14489306401619076,True,True,MATCHED
714,773,N,B,0.14506205568652353,True,True,MATCHED
715,716,B,N,0.14400000000000013,True,True,MATCHED
716,773,N,B,0.14533409785731677,True,True,MATCHED
716,775,N,B,0.14531001341958558,True,True,MATCHED
717,718,B,N,0.14400000000000013,True,True,MATCHED
718,775,N,B,0.1455128860273206,True,True,MATCHED
718,777,N,B,0.14428097587693287,True,True,MATCHED
719,720,B,N,0.14400000000000013,True,True,MATCHED
720,777,N,B,0.1455128860273206,True,True,MATCHED
720,779,N,B,0.14531001341958558,True,True,MATCHED
721,722,B,N,0.14499999999999957,True,True,MATCHED
722,781,N,B,0.14439182802361047,True,True,MATCHED
722,839,N,B,0.14456140563788109,True,True,MATCHED
723,724,B,N,0.14499999999999957,True,True,MATCHED
724,781,N,B,0.14477568856683093,True,True,MATCHED
724,783,N,B,0.1452446212429224,True,True,MATCHED
725,726,B,N,0.14499999999999957,True,True,MATCHED
726,783,N,B,0.1443779761598008,True,True,MATCHED
726,785,N,B,0.14477568856683093,True,True,MATCHED
727,728,B,N,0.14499999999999957,True,True,MATCHED
728,785,N,B,0.14439182802361084,True,True,MATCHED
728,787,N,B,0.14456140563788109,True,True,MATCHED
729,730,B,N,0.14499999999999957,True,True,MATCHED
730,787,N,B,0.14483438818181293,True,True,MATCHED
730,789,N,B,0.1455369368923229,True,True,MATCHED
731,732,B,N,0.14499999999999957,True,True,MATCHED
732,789,N,B,0.14433987668000817,True,True,MATCHED
732,791,N,B,0.14439182802361086,True,True,MATCHED
733,734,B,N,0.14499999999999957,True,True,MATCHED
734,791,N,B,0.14501379244747725,True,True,MATCHED
734,793,N,B,0.1443364125922496,True,True,MATCHED
735,736,B,N,0.14499999999999957,True,True,MATCHED
736,793,N,B,0.14483438818181277,True,True,MATCHED
736,795,N,B,0.14456140563788109,True,True,MATCHED
737,738,B,N,0.14499999999999957,True,True,MATCHED
738,795,N,B,0.14461673485458001,True,True,MATCHED
738,797,N,B,0.1446409347314931,True,True,MATCHED
739,740,B,N,0.14499999999999957,True,True,MATCHED
740,797,N,B,0.14528936643815327,True,True,MATCHED
740,799,N,B,0.14442298985964805,True,True,MATCHED
741,742,B,N,0.14499999999999957,True,True,MATCHED
742,799,N,B,0.1446409347314931,True,True,MATCHED
742,801,N,B,0.14461673485458038,True,True,MATCHED
743,744,B,N,0.14499999999999957,True,True,MATCHED
744,801,N,B,0.14456140563788109,True,True,MATCHED
744,803,N,B,0.14483438818181277,True,True,MATCHED
745,746,B,N,0.14499999999999957,True,True,MATCHED
746,803,N,B,0.14506550244630867,True,True,MATCHED
746,805,N,B,0.1443398766800084,True,True,MATCHED
747,748,B,N,0.14499999999999957,True,True,MATCHED
748,805,N,B,0.14500344823486094,True,True,MATCHED
748,807,N,B,0.1443398766800084,True,True,MATCHED
749,750,B,N,0.14499999999999957,True,True,MATCHED
750,807,N,B,0.14506550244630867,True,True,MATCHED
750,809,N,B,0.14483438818181277,True,True,MATCHED
751,752,B,N,0.14499999999999957,True,True,MATCHED
752,809,N,B,0.14456140563788109,True,True,MATCHED
752,811,N,B,0.14461673485458038,True,True,MATCHED
753,754,B,N,0.14499999999999957,True,True,MATCHED
754,811,N,B,0.1446409347314931,True,True,MATCHED
754,813,N,B,0.14442298985964805,True,True,MATCHED
755,756,B,N,0.14499999999999957,True,True,MATCHED
756,813,N,B,0.14528936643815327,True,True,MATCHED
756,815,N,B,0.1446409347314931,True,True,MATCHED
757,758,B,N,0.14499999999999957,True,True,MATCHED
758,815,N,B,0.14461673485458001,True,True,MATCHED
758,817,N,B,0.14456140563788109,True,True,MATCHED
759,760,B,N,0.14499999999999957,True,True,MATCHED
760,817,N,B,0.14483438818181277,True,True,MATCHED
760,819,N,B,0.1443364125922496,True,True,MATCHED
761,762,B,N,0.14499999999999957,True,True,MATCHED
762,819,N,B,0.14501379244747725,True,True,MATCHED
762,821,N,B,0.14439182802361086,True,True,MATCHED
763,764,B,N,0.14499999999999957,True,True,MATCHED
764,821,N,B,0.14433987668000817,True,True,MATCHED
764,823,N,B,0.1455369368923229,True,True,MATCHED
765,766,B,N,0.14499999999999957,True,True,MATCHED
766,823,N,B,0.14483438818181293,True,True,MATCHED
766,825,N,B,0.14456140563788109,True,True,MATCHED
767,768,B,N,0.14499999999999957,True,True,MATCHED
768,825,N,B,0.14439182802361084,True,True,MATCHED
768,827,N,B,0.14477568856683093,True,True,MATCHED
769,770,B,N,0.14499999999999957,True,True,MATCHED
770,827,N,B,0.1443779761598008,True,True,MATCHED
770,829,N,B,0.1452446212429224,True,True,MATCHED
771,772,B,N,0.14499999999999957,True,True,MATCHED
772,829,N,B,0.14477568856683093,True,True,MATCHED
772,831,N,B,0.14439182802361047,True,True,MATCHED
773,774,B,N,0.14499999999999957,True,True,MATCHED
774,831,N,B,0.14456140563788109,True,True,MATCHED
774,833,N,B,0.14483438818181293,True,True,MATCHED
775,776,B,N,0.14499999999999957,True,True,MATCHED
776,833,N,B,0.14481022063376636,True,True,MATCHED
776,835,N,B,0.145013792447477,True,True,MATCHED
777,778,B,N,0.14499999999999957,True,True,MATCHED
778,835,N,B,0.14377760604489156,True,True,MATCHED
778,837,N,B,0.145013792447477,True,True,MATCHED
779,780,B,N,0.14499999999999957,True,True,MATCHED
780,837,N,B,0.14481022063376636,True,True,MATCHED
780,839,N,B,0.14483438818181293,True,True,MATCHED
781,782,B,N,0.1459999999999999,True,True,MATCHED
782,841,N,B,0.14477568856683093,True,True,MATCHED
782,899,N,B,0.14439182802361047,True,True,MATCHED
783,784,B,N,0.1459999999999999,True,True,MATCHED
784,841,N,B,0.1452446212429224,True,True,MATCHED
784,843,N,B,0.1443779761598008,True,True,MATCHED
785,786,B,N,0.1459999999999999,True,True,MATCHED
786,843,N,B,0.14477568856683093,True,True,MATCHED
786,845,N,B,0.14439182802361084,True,True,MATCHED
787,788,B,N,0.1459999999999999,True,True,MATCHED
788,845,N,B,0.14456140563788109,True,True,MATCHED
788,847,N,B,0.14483438818181293,True,True,MATCHED
789,790,B,N,0.1459999999999999,True,True,MATCHED
790,847,N,B,0.1455369368923229,True,True,MATCHED
790,849,N,B,0.14433987668000817,True,True,MATCHED
791,792,B,N,0.1459999999999999,True,True,MATCHED
792,849,N,B,0.14439182802361086,True,True,MATCHED
792,851,N,B,0.14501379244747725,True,True,MATCHED
793,794,B,N,0.1459999999999999,True,True,MATCHED
794,851,N,B,0.1443364125922496,True,True,MATCHED
794,853,N,B,0.14483438818181277,True,True,MATCHED
795,796,B,N,0.1459999999999999,True,True,MATCHED
796,853,N,B,0.14456140563788109,True,True,MATCHED
796,855,N,B,0.14461673485458001,True,True,MATCHED
797,798,B,N,0.1459999999999999,True,True,MATCHED
798,855,N,B,0.1446409347314931,True,True,MATCHED
798,857,N,B,0.14528936643815327,True,True,MATCHED
799,800,B,N,0.1459999999999999,True,True,MATCHED
800,857,N,B,0.14442298985964805,True,True,MATCHED
800,859,N,B,0.1446409347314931,True,True,MATCHED
801,802,B,N,0.1459999999999999,True,True,MATCHED
802,859,N,B,0.14461673485458038,True,True,MATCHED
802,861,N,B,0.14456140563788109,True,True,MATCHED
803,804,B,N,0.1459999999999999,True,True,MATCHED
804,861,N,B,0.14483438818181277,True,True,MATCHED
804,863,N,B,0.14506550244630867,True,True,MATCHED
805,806,B,N,0.1459999999999999,True,True,MATCHED
806,863,N,B,0.1443398766800084,True,True,MATCHED
806,865,N,B,0.14500344823486094,True,True,MATCHED
807,808,B,N,0.1459999999999999,True,True,MATCHED
808,865,N,B,0.1443398766800084,True,True,MATCHED
808,867,N,B,0.14506550244630867,True,True,MATCHED
809,810,B,N,0.1459999999999999,True,True,MATCHED
810,867,N,B,0.14483438818181277,True,True,MATCHED
810,869,N,B,0.14456140563788109,True,True,MATCHED
811,812,B,N,0.1459999999999999,True,True,MATCHED
812,869,N,B,0.14461673485458038,True,True,MATCHED
812,871,N,B,0.1446409347314931,True,True,MATCHED
813,814,B,N,0.1459999999999999,True,True,MATCHED
814,871,N,B,0.14442298985964805,True,True,MATCHED
814,873,N,B,0.14528936643815327,True,True,MATCHED
815,816,B,N,0.1459999999999999,True,True,MATCHED
816,873,N,B,0.1446409347314931,True,True,MATCHED
816,875,N,B,0.14461673485458001,True,True,MATCHED
817,818,B,N,0.1459999999999999,True,True,MATCHED
818,875,N,B,0.14456140563788109,True,True,MATCHED
818,877,N,B,0.14483438818181277,True,True,MATCHED
819,820,B,N,0.1459999999999999,True,True,MATCHED
820,877,N,B,0.1443364125922496,True,True,MATCHED
820,879,N,B,0.14501379244747725,True,True,MATCHED
821,822,B,N,0.1459999999999999,True,True,MATCHED
822,879,N,B,0.14439182802361086,True,True,MATCHED
822,881,N,B,0.14433987668000817,True,True,MATCHED
823,824,B,N,0.1459999999999999,True,True,MATCHED
824,881,N,B,0.1455369368923229,True,True,MATCHED
824,883,N,B,0.14483438818181293,True,True,MATCHED
825,826,B,N,0.1459999999999999,True,True,MATCHED
826,883,N,B,0.14456140563788109,True,True,MATCHED
826,885,N,B,0.14439182802361084,True,True,MATCHED
827,828,B,N,0.1459999999999999,True,True,MATCHED
828,885,N,B,0.14477568856683093,True,True,MATCHED
828,887,N,B,0.1443779761598008,True,True,MATCHED
829,830,B,N,0.1459999999999999,True,True,MATCHED
830,887,N,B,0.1452446212429224,True,True,MATCHED
830,889,N,B,0.14477568856683093,True,True,MATCHED
831,832,B,N,0.1459999999999999,True,True,MATCHED
832,889,N,B,0.14439182802361047,True,True,MATCHED
832,891,N,B,0.14456140563788109,True,True,MATCHED
833,834,B,N,0.1459999999999999,True,True,MATCHED
834,891,N,B,0.14483438818181293,True,True,MATCHED
834,893,N,B,0.14481022063376636,True,True,MATCHED
835,836,B,N,0.1459999999999999,True,True,MATCHED
836,893,N,B,0.145013792447477,True,True,MATCHED
836,895,N,B,0.14377760604489156,True,True,MATCHED
837,838,B,N,0.1459999999999999,True,True,MATCHED
838,895,N,B,0.145013792447477,True,True,MATCHED
838,897,N,B,0.14481022063376636,True,True,MATCHED
839,840,B,N,0.1459999999999999,True,True,MATCHED
840,897,N,B,0.14483438818181293,True,True,MATCHED
840,899,N,B,0.14456140563788109,True,True,MATCHED
841,842,B,N,0.14500000000000046,True,True,MATCHED
842,901,N,B,0.1457429243565529,True,True,MATCHED
842,959,N,B,0.1452756001536388,True,True,MATCHED
843,844,B,N,0.14500000000000046,True,True,MATCHED
844,901,N,B,0.14487926007541566,True,True,MATCHED
844,903,N,B,0.1452756001536388,True,True,MATCHED
845,846,B,N,0.14500000000000046,True,True,MATCHED
846,903,N,B,0.14489306401619068,True,True,MATCHED
846,905,N,B,0.14506205568652306,True,True,MATCHED
847,848,B,N,0.14500000000000046,True,True,MATCHED
848,905,N,B,0.14533409785731632,True,True,MATCHED
848,907,N,B,0.14603424255974998,True,True,MATCHED
849,850,B,N,0.14500000000000046,True,True,MATCHED
850,907,N,B,0.14484129245487934,True,True,MATCHED
850,909,N,B,0.1448930640161907,True,True,MATCHED
851,852,B,N,0.14500000000000046,True,True,MATCHED
852,909,N,B,0.14551288602732038,True,True,MATCHED
852,911,N,B,0.14483784035948627,True,True,MATCHED
853,854,B,N,0.14500000000000046,True,True,MATCHED
854,911,N,B,0.14533409785731613,True,True,MATCHED
854,913,N,B,0.14506205568652306,True,True,MATCHED
855,856,B,N,0.14500000000000046,True,True,MATCHED
856,913,N,B,0.14511719401917822,True,True,MATCHED
856,915,N,B,0.1451413104529512,True,True,MATCHED
857,858,B,N,0.14500000000000046,True,True,MATCHED
858,915,N,B,0.14578751661236258,True,True,MATCHED
858,917,N,B,0.14492411807563269,True,True,MATCHED
859,860,B,N,0.14500000000000046,True,True,MATCHED
860,917,N,B,0.1451413104529512,True,True,MATCHED
860,919,N,B,0.14511719401917858,True,True,MATCHED
861,862,B,N,0.14500000000000046,True,True,MATCHED
862,919,N,B,0.14506205568652306,True,True,MATCHED
862,921,N,B,0.14533409785731613,True,True,MATCHED
863,864,B,N,0.14500000000000046,True,True,MATCHED
864,921,N,B,0.14556441872930317,True,True,MATCHED
864,923,N,B,0.14484129245487956,True,True,MATCHED
865,866,B,N,0.14500000000000046,True,True,MATCHED
866,923,N,B,0.14550257729676103,True,True,MATCHED
866,925,N,B,0.14484129245487956,True,True,MATCHED
867,868,B,N,0.14500000000000046,True,True,MATCHED
868,925,N,B,0.14556441872930317,True,True,MATCHED
868,927,N,B,0.14533409785731613,True,True,MATCHED
869,870,B,N,0.14500000000000046,True,True,MATCHED
870,927,N,B,0.14506205568652306,True,True,MATCHED
870,929,N,B,0.14511719401917858,True,True,MATCHED
871,872,B,N,0.14500000000000046,True,True,MATCHED
872,929,N,B,0.1451413104529512,True,True,MATCHED
872,931,N,B,0.14492411807563269,True,True,MATCHED
873,874,B,N,0.14500000000000046,True,True,MATCHED
874,931,N,B,0.14578751661236258,True,True,MATCHED
874,933,N,B,0.1451413104529512,True,True,MATCHED
875,876,B,N,0.14500000000000046,True,True,MATCHED
876,933,N,B,0.14511719401917822,True,True,MATCHED
876,935,N,B,0.14506205568652306,True,True,MATCHED
877,878,B,N,0.14500000000000046,True,True,MATCHED
878,935,N,B,0.14533409785731613,True,True,MATCHED
878,937,N,B,0.14483784035948627,True,True,MATCHED
879,880,B,N,0.14500000000000046,True,True,MATCHED
880,937,N,B,0.14551288602732038,True,True,MATCHED
880,939,N,B,0.1448930640161907,True,True,MATCHED
881,882,B,N,0.14500000000000046,True,True,MATCHED
882,939,N,B,0.14484129245487934,True,True,MATCHED
882,941,N,B,0.14603424255974998,True,True,MATCHED
883,884,B,N,0.14500000000000046,True,True,MATCHED
884,941,N,B,0.14533409785731632,True,True,MATCHED
884,943,N,B,0.14506205568652306,True,True,MATCHED
885,886,B,N,0.14500000000000046,True,True,MATCHED
886,943,N,B,0.14489306401619068,True,True,MATCHED
886,945,N,B,0.1452756001536388,True,True,MATCHED
887,888,B,N,0.14500000000000046,True,True,MATCHED
888,945,N,B,0.14487926007541566,True,True,MATCHED
888,947,N,B,0.1457429243565529,True,True,MATCHED
889,890,B,N,0.14500000000000046,True,True,MATCHED
890,947,N,B,0.1452756001536388,True,True,MATCHED
890,949,N,B,0.14489306401619031,True,True,MATCHED
891,892,B,N,0.14500000000000046,True,True,MATCHED
892,949,N,B,0.14506205568652306,True,True,MATCHED
892,951,N,B,0.14533409785731632,True,True,MATCHED
893,894,B,N,0.14500000000000046,True,True,MATCHED
894,951,N,B,0.14531001341958513,True,True,MATCHED
894,953,N,B,0.14551288602732013,True,True,MATCHED
895,896,B,N,0.14500000000000046,True,True,MATCHED
896,953,N,B,0.14428097587693242,True,True,MATCHED
896,955,N,B,0.14551288602732013,True,True,MATCHED
897,898,B,N,0.14500000000000046,True,True,MATCHED
898,955,N,B,0.14531001341958513,True,True,MATCHED
898,957,N,B,0.14533409785731632,True,True,MATCHED
899,900,B,N,0.14500000000000046,True,True,MATCHED
900,957,N,B,0.14506205568652306,True,True,MATCHED
900,959,N,B,0.14489306401619031,True,True,MATCHED
901,902,B,N,0.14500000000000046,True,True,MATCHED
902,961,N,B,0.1443779761598008,True,True,MATCHED
902,1019,N,B,0.1452446212429224,True,True,MATCHED
903,904,B,N,0.14500000000000046,True,True,MATCHED
904,961,N,B,0.14477568856683093,True,True,MATCHED
904,963,N,B,0.14439182802361084,True,True,MATCHED
905,906,B,N,0.14500000000000046,True,True,MATCHED
906,963,N,B,0.14456140563788109,True,True,MATCHED
906,965,N,B,0.14483438818181293,True,True,MATCHED
907,908,B,N,0.14500000000000046,True,True,MATCHED
908,965,N,B,0.1455369368923229,True,True,MATCHED
908,967,N,B,0.14433987668000817,True,True,MATCHED
909,910,B,N,0.14500000000000046,True,True,MATCHED
910,967,N,B,0.14439182802361086,True,True,MATCHED
910,969,N,B,0.14501379244747725,True,True,MATCHED
911,912,B,N,0.14500000000000046,True,True,MATCHED
912,969,N,B,0.1443364125922496,True,True,MATCHED
912,971,N,B,0.14483438818181277,True,True,MATCHED
913,914,B,N,0.14500000000000046,True,True,MATCHED
914,971,N,B,0.14456140563788109,True,True,MATCHED
914,973,N,B,0.14461673485458001,True,True,MATCHED
915,916,B,N,0.14500000000000046,True,True,MATCHED
916,973,N,B,0.1446409347314931,True,True,MATCHED
916,975,N,B,0.14528936643815327,True,True,MATCHED
917,918,B,N,0.14500000000000046,True,True,MATCHED
918,975,N,B,0.14442298985964805,True,True,MATCHED
918,977,N,B,0.1446409347314931,True,True,MATCHED
919,920,B,N,0.14500000000000046,True,True,MATCHED
920,977,N,B,0.14461673485458038,True,True,MATCHED
920,979,N,B,0.14456140563788109,True,True,MATCHED
921,922,B,N,0.14500000000000046,True,True,MATCHED
922,979,N,B,0.14483438818181277,True,True,MATCHED
922,981,N,B,0.14506550244630867,True,True,MATCHED
923,924,B,N,0.14500000000000046,True,True,MATCHED
924,981,N,B,0.1443398766800084,True,True,MATCHED
924,983,N,B,0.14500344823486094,True,True,MATCHED
925,926,B,N,0.14500000000000046,True,True,MATCHED
926,983,N,B,0.1443398766800084,True,True,MATCHED
926,985,N,B,0.14506550244630867,True,True,MATCHED
927,928,B,N,0.14500000000000046,True,True,MATCHED
928,985,N,B,0.14483438818181277,True,True,MATCHED
928,987,N,B,0.14456140563788109,True,True,MATCHED
929,930,B,N,0.14500000000000046,True,True,MATCHED
930,987,N,B,0.14461673485458038,True,True,MATCHED
930,989,N,B,0.1446409347314931,True,True,MATCHED
931,932,B,N,0.14500000000000046,True,True,MATCHED
932,989,N,B,0.14442298985964805,True,True,MATCHED
932,991,N,B,0.14528936643815327,True,True,MATCHED
933,934,B,N,0.14500000000000046,True,True,MATCHED
934,991,N,B,0.1446409347314931,True,True,MATCHED
934,993,N,B,0.14461673485458001,True,True,MATCHED
935,936,B,N,0.14500000000000046,True,True,MATCHED
936,993,N,B,0.14456140563788109,True,True,MATCHED
936,995,N,B,0.14483438818181277,True,True,MATCHED
937,938,B,N,0.14500000000000046,True,True,MATCHED
938,995,N,B,0.1443364125922496,True,True,MATCHED
938,997,N,B,0.14501379244747725,True,True,MATCHED
939,940,B,N,0.14500000000000046,True,True,MATCHED
940,997,N,B,0.14439182802361086,True,True,MATCHED
940,999,N,B,0.14433987668000817,True,True,MATCHED
941,942,B,N,0.14500000000000046,True,True,MATCHED
942,999,N,B,0.1455369368923229,True,True,MATCHED
942,1001,N,B,0.14483438818181293,True,True,MATCHED
943,944,B,N,0.14500000000000046,True,True,MATCHED
944,1001,N,B,0.14456140563788109,True,True,MATCHED
944,1003,N,B,0.14439182802361084,True,True,MATCHED
945,946,B,N,0.14500000000000046,True,True,MATCHED
946,1003,N,B,0.14477568856683093,True,True,MATCHED
946,1005,N,B,0.1443779761598008,True,True,MATCHED
947,948,B,N,0.14500000000000046,True,True,MATCHED
948,1005,N,B,0.1452446212429224,True,True,MATCHED
948,1007,N,B,0.14477568856683093,True,True,MATCHED
949,950,B,N,0.14500000000000046,True,True,MATCHED
950,1007,N,B,0.14439182802361047,True,True,MATCHED
950,1009,N,B,0.14456140563788109,True,True,MATCHED
951,952,B,N,0.14500000000000046,True,True,MATCHED
952,1009,N,B,0.14483438818181293,True,True,MATCHED
952,1011,N,B,0.14481022063376636,True,True,MATCHED
953,954,B,N,0.14500000000000046,True,True,MATCHED
954,1011,N,B,0.145013792447477,True,True,MATCHED
954,1013,N,B,0.14377760604489156,True,True,MATCHED
955,956,B,N,0.14500000000000046,True,True,MATCHED
956,1013,N,B,0.145013792447477,True,True,MATCHED
956,1015,N,B,0.14481022063376636,True,True,MATCHED
957,958,B,N,0.14500000000000046,True,True,MATCHED
958,1015,N,B,0.14483438818181293,True,True,MATCHED
958,1017,N,B,0.14456140563788109,True,True,MATCHED
959,960,B,N,0.14500000000000046,True,True,MATCHED
960,1017,N,B,0.14439182802361047,True,True,MATCHED
960,1019,N,B,0.14477568856683093,True,True,MATCHED
961,962,B,N,0.14499999999999957,True,True,MATCHED
962,1021,N,B,0.14477568856683093,True,True,MATCHED
962,1079,N,B,0.1443779761598008,True,True,MATCHED
963,964,B,N,0.14499999999999957,True,True,MATCHED
964,1021,N,B,0.14439182802361084,True,True,MATCHED
964,1023,N,B,0.14456140563788109,True,True,MATCHED
965,966,B,N,0.14499999999999957,True,True,MATCHED
966,1023,N,B,0.14483438818181293,True,True,MATCHED
966,1025,N,B,0.1455369368923229,True,True,MATCHED
967,968,B,N,0.14499999999999957,True,True,MATCHED
968,1025,N,B,0.14433987668000817,True,True,MATCHED
968,1027,N,B,0.14439182802361086,True,True,MATCHED
969,970,B,N,0.14499999999999957,True,True,MATCHED
970,1027,N,B,0.14501379244747725,True,True,MATCHED
970,1029,N,B,0.1443364125922496,True,True,MATCHED
971,972,B,N,0.14499999999999957,True,True,MATCHED
972,1029,N,B,0.14483438818181277,True,True,MATCHED
972,1031,N,B,0.14456140563788109,True,True,MATCHED
973,974,B,N,0.14499999999999957,True,True,MATCHED
974,1031,N,B,0.14461673485458001,True,True,MATCHED
974,1033,N,B,0.1446409347314931,True,True,MATCHED
975,976,B,N,0.14499999999999957,True,True,MATCHED
976,1033,N,B,0.14528936643815327,True,True,MATCHED
976,1035,N,B,0.14442298985964805,True,True,MATCHED
977,978,B,N,0.14499999999999957,True,True,MATCHED
978,1035,N,B,0.1446409347314931,True,True,MATCHED
978,1037,N,B,0.14461673485458038,True,True,MATCHED
979,980,B,N,0.14499999999999957,True,True,MATCHED
980,1037,N,B,0.14456140563788109,True,True,MATCHED
980,1039,N,B,0.14483438818181277,True,True,MATCHED
981,982,B,N,0.14499999999999957,True,True,MATCHED
982,1039,N,B,0.14506550244630867,True,True,MATCHED
982,1041,N,B,0.1443398766800084,True,True,MATCHED
983,984,B,N,0.14499999999999957,True,True,MATCHED
984,1041,N,B,0.14500344823486094,True,True,MATCHED
984,1043,N,B,0.1443398766800084,True,True,MATCHED
985,986,B,N,0.14499999999999957,True,True,MATCHED
986,1043,N,B,0.14506550244630867,True,True,MATCHED
986,1045,N,B,0.14483438818181277,True,True,MATCHED
987,988,B,N,0.14499999999999957,True,True,MATCHED
988,1045,N,B,0.14456140563788109,True,True,MATCHED
988,1047,N,B,0.14461673485458038,True,True,MATCHED
989,990,B,N,0.14499999999999957,True,True,MATCHED
990,1047,N,B,0.1446409347314931,True,True,MATCHED
990,1049,N,B,0.14442298985964805,True,True,MATCHED
991,992,B,N,0.14499999999999957,True,True,MATCHED
992,1049,N,B,0.14528936643815327,True,True,MATCHED
992,1051,N,B,0.1446409347314931,True,True,MATCHED
993,994,B,N,0.14499999999999957,True,True,MATCHED
994,1051,N,B,0.14461673485458001,True,True,MATCHED
994,1053,N,B,0.14456140563788109,True,True,MATCHED
995,996,B,N,0.14499999999999957,True,True,MATCHED
996,1053,N,B,0.14483438818181277,True,True,MATCHED
996,1055,N,B,0.1443364125922496,True,True,MATCHED
997,998,B,N,0.14499999999999957,True,True,MATCHED
998,1055,N,B,0.14501379244747725,True,True,MATCHED
998,1057,N,B,0.14439182802361086,True,True,MATCHED
999,1000,B,N,0.14499999999999957,True,True,MATCHED
1000,1057,N,B,0.14433987668000817,True,True,MATCHED
1000,1059,N,B,0.1455369368923229,True,True,MATCHED
1001,1002,B,N,0.14499999999999957,True,True,MATCHED
1002,1059,N,B,0.14483438818181293,True,True,MATCHED
1002,1061,N,B,0.14456140563788109,True,True,MATCHED
1003,1004,B,N,0.14499999999999957,True,True,MATCHED
1004,1061,N,B,0.14439182802361084,True,True,MATCHED
1004,1063,N,B,0.14477568856683093,True,True,MATCHED
1005,1006,B,N,0.14499999999999957,True,True,MATCHED
1006,1063,N,B,0.1443779761598008,True,True,MATCHED
1006,1065,N,B,0.1452446212429224,True,True,MATCHED
1007,1008,B,N,0.14499999999999957,True,True,MATCHED
1008,1065,N,B,0.14477568856683093,True,True,MATCHED
1008,1067,N,B,0.14439182802361047,True,True,MATCHED
1009,1010,B,N,0.14499999999999957,True,True,MATCHED
1010,1067,N,B,0.14456140563788109,True,True,MATCHED
1010,1069,N,B,0.14483438818181293,True,True,MATCHED
1011,1012,B,N,0.14499999999999957,True,True,MATCHED
1012,1069,N,B,0.14481022063376636,True,True,MATCHED
1012,1071,N,B,0.145013792447477,True,True,MATCHED
1013,1014,B,N,0.14499999999999957,True,True,MATCHED
1014,1071,N,B,0.14377760604489156,True,True,MATCHED
1014,1073,N,B,0.145013792447477,True,True,MATCHED
1015,1016,B,N,0.14499999999999957,True,True,MATCHED
1016,1073,N,B,0.14481022063376636,True,True,MATCHED
1016,1075,N,B,0.14483438818181293,True,True,MATCHED
1017,1018,B,N,0.14499999999999957,True,True,MATCHED
1018,1075,N,B,0.14456140563788109,True,True,MATCHED
1018,1077,N,B,0.14439182802361047,True,True,MATCHED
1019,1020,B,N,0.14499999999999957,True,True,MATCHED
1020,1077,N,B,0.14477568856683093,True,True,MATCHED
1020,1079,N,B,0.1452446212429224,True,True,MATCHED
1021,1022,B,N,0.14499999999999957,True,True,MATCHED
1022,1081,N,B,0.14489306401619112,True,True,MATCHED
1022,1139,N,B,0.14527560015363924,True,True,MATCHED
1023,1024,B,N,0.14499999999999957,True,True,MATCHED
1024,1081,N,B,0.14506205568652353,True,True,MATCHED
1024,1083,N,B,0.14533409785731677,True,True,MATCHED
1025,1026,B,N,0.14499999999999957,True,True,MATCHED
1026,1083,N,B,0.14603424255975045,True,True,MATCHED
1026,1085,N,B,0.14484129245487978,True,True,MATCHED
1027,1028,B,N,0.14499999999999957,True,True,MATCHED
1028,1085,N,B,0.14489306401619115,True,True,MATCHED
1028,1087,N,B,0.14551288602732082,True,True,MATCHED
1029,1030,B,N,0.14499999999999957,True,True,MATCHED
1030,1087,N,B,0.1448378403594867,True,True,MATCHED
1030,1089,N,B,0.1453340978573166,True,True,MATCHED
1031,1032,B,N,0.14499999999999957,True,True,MATCHED
1032,1089,N,B,0.14506205568652353,True,True,MATCHED
1032,1091,N,B,0.14511719401917866,True,True,MATCHED
1033,1034,B,N,0.14499999999999957,True,True,MATCHED
1034,1091,N,B,0.14514131045295164,True,True,MATCHED
1034,1093,N,B,0.14578751661236306,True,True,MATCHED
1035,1036,B,N,0.14499999999999957,True,True,MATCHED
1036,1093,N,B,0.14492411807563313,True,True,MATCHED
1036,1095,N,B,0.14514131045295164,True,True,MATCHED
1037,1038,B,N,0.14499999999999957,True,True,MATCHED
1038,1095,N,B,0.14511719401917905,True,True,MATCHED
1038,1097,N,B,0.14506205568652353,True,True,MATCHED
1039,1040,B,N,0.14499999999999957,True,True,MATCHED
1040,1097,N,B,0.1453340978573166,True,True,MATCHED
1040,1099,N,B,0.14556441872930362,True,True,MATCHED
1041,1042,B,N,0.14499999999999957,True,True,MATCHED
1042,1099,N,B,0.14484129245488003,True,True,MATCHED
1042,1101,N,B,0.14550257729676147,True,True,MATCHED
1043,1044,B,N,0.14499999999999957,True,True,MATCHED
1044,1101,N,B,0.14484129245488003,True,True,MATCHED
1044,1103,N,B,0.14556441872930362,True,True,MATCHED
1045,1046,B,N,0.14499999999999957,True,True,MATCHED
1046,1103,N,B,0.1453340978573166,True,True,MATCHED
1046,1105,N,B,0.14506205568652353,True,True,MATCHED
1047,1048,B,N,0.14499999999999957,True,True,MATCHED
1048,1105,N,B,0.14511719401917905,True,True,MATCHED
1048,1107,N,B,0.14514131045295164,True,True,MATCHED
1049,1050,B,N,0.14499999999999957,True,True,MATCHED
1050,1107,N,B,0.14492411807563313,True,True,MATCHED
1050,1109,N,B,0.14578751661236306,True,True,MATCHED
1051,1052,B,N,0.14499999999999957,True,True,MATCHED
1052,1109,N,B,0.14514131045295164,True,True,MATCHED
1052,1111,N,B,0.14511719401917866,True,True,MATCHED
1053,1054,B,N,0.14499999999999957,True,True,MATCHED
1054,1111,N,B,0.14506205568652353,True,True,MATCHED
1054,1113,N,B,0.1453340978573166,True,True,MATCHED
1055,1056,B,N,0.14499999999999957,True,True,MATCHED
1056,1113,N,B,0.1448378403594867,True,True,MATCHED
1056,1115,N,B,0.14551288602732082,True,True,MATCHED
1057,1058,B,N,0.14499999999999957,True,True,MATCHED
1058,1115,N,B,0.14489306401619115,True,True,MATCHED
1058,1117,N,B,0.14484129245487978,True,True,MATCHED
1059,1060,B,N,0.14499999999999957,True,True,MATCHED
1060,1117,N,B,0.14603424255975045,True,True,MATCHED
1060,1119,N,B,0.14533409785731677,True,True,MATCHED
1061,1062,B,N,0.14499999999999957,True,True,MATCHED
1062,1119,N,B,0.14506205568652353,True,True,MATCHED
1062,1121,N,B,0.14489306401619112,True,True,MATCHED
1063,1064,B,N,0.14499999999999957,True,True,MATCHED
1064,1121,N,B,0.14527560015363924,True,True,MATCHED
1064,1123,N,B,0.1448792600754161,True,True,MATCHED
1065,1066,B,N,0.14499999999999957,True,True,MATCHED
1066,1123,N,B,0.14574292435655337,True,True,MATCHED
1066,1125,N,B,0.14527560015363924,True,True,MATCHED
1067,1068,B,N,0.14499999999999957,True,True,MATCHED
1068,1125,N,B,0.14489306401619076,True,True,MATCHED
1068,1127,N,B,0.14506205568652353,True,True,MATCHED
1069,1070,B,N,0.14499999999999957,True,True,MATCHED
1070,1127,N,B,0.14533409785731677,True,True,MATCHED
1070,1129,N,B,0.14531001341958558,True,True,MATCHED
1071,1072,B,N,0.14499999999999957,True,True,MATCHED
1072,1129,N,B,0.1455128860273206,True,True,MATCHED
1072,1131,N,B,0.14428097587693287,True,True,MATCHED
1073,1074,B,N,0.14499999999999957,True,True,MATCHED
1074,1131,N,B,0.1455128860273206,True,True,MATCHED
1074,1133,N,B,0.14531001341958558,True,True,MATCHED
1075,1076,B,N,0.14499999999999957,True,True,MATCHED
1076,1133,N,B,0.14533409785731677,True,True,MATCHED
1076,1135,N,B,0.14506205568652353,True,True,MATCHED
1077,1078,B,N,0.14499999999999957,True,True,MATCHED
1078,1135,N,B,0.14489306401619076,True,True,MATCHED
1078,1137,N,B,0.14527560015363924,True,True,MATCHED
1079,1080,B,N,0.14499999999999957,True,True,MATCHED
1080,1137,N,B,0.14574292435655337,True,True,MATCHED
1080,1139,N,B,0.1448792600754161,True,True,MATCHED
1081,1082,B,N,0.14499999999999957,True,True,MATCHED
1082,1141,N,B,0.14506205568652353,True,True,MATCHED
1082,1199,N,B,0.14489306401619112,True,True,MATCHED
1083,1084,B,N,0.14499999999999957,True,True,MATCHED
1084,1141,N,B,0.14533409785731677,True,True,MATCHED
1084,1143,N,B,0.14603424255975045,True,True,MATCHED
1085,1086,B,N,0.14499999999999957,True,True,MATCHED
1086,1143,N,B,0.14484129245487978,True,True,MATCHED
1086,1145,N,B,0.14489306401619115,True,True,MATCHED
1087,1088,B,N,0.14499999999999957,True,True,MATCHED
1088,1145,N,B,0.14551288602732082,True,True,MATCHED
1088,1147,N,B,0.1448378403594867,True,True,MATCHED
1089,1090,B,N,0.14499999999999957,True,True,MATCHED
1090,1147,N,B,0.1453340978573166,True,True,MATCHED
1090,1149,N,B,0.14506205568652353,True,True,MATCHED
1091,1092,B,N,0.14499999999999957,True,True,MATCHED
1092,1149,N,B,0.14511719401917866,True,True,MATCHED
1092,1151,N,B,0.14514131045295164,True,True,MATCHED
1093,1094,B,N,0.14499999999999957,True,True,MATCHED
1094,1151,N,B,0.14578751661236306,True,True,MATCHED
1094,1153,N,B,0.14492411807563313,True,True,MATCHED
1095,1096,B,N,0.14499999999999957,True,True,MATCHED
1096,1153,N,B,0.14514131045295164,True,True,MATCHED
1096,1155,N,B,0.14511719401917905,True,True,MATCHED
1097,1098,B,N,0.14499999999999957,True,True,MATCHED
1098,1155,N,B,0.14506205568652353,True,True,MATCHED
1098,1157,N,B,0.1453340978573166,True,True,MATCHED
1099,1100,B,N,0.14499999999999957,True,True,MATCHED
1100,1157,N,B,0.14556441872930362,True,True,MATCHED
1100,1159,N,B,0.14484129245488003,True,True,MATCHED
1101,1102,B,N,0.14499999999999957,True,True,MATCHED
1102,1159,N,B,0.14550257729676147,True,True,MATCHED
1102,1161,N,B,0.14484129245488003,True,True,MATCHED
1103,1104,B,N,0.14499999999999957,True,True,MATCHED
1104,1161,N,B,0.14556441872930362,True,True,MATCHED
1104,1163,N,B,0.1453340978573166,True,True,MATCHED
1105,1106,B,N,0.14499999999999957,True,True,MATCHED
1106,1163,N,B,0.14506205568652353,True,True,MATCHED
1106,1165,N,B,0.14511719401917905,True,True,MATCHED
1107,1108,B,N,0.14499999999999957,True,True,MATCHED
1108,1165,N,B,0.14514131045295164,True,True,MATCHED
1108,1167,N,B,0.14492411807563313,True,True,MATCHED
1109,1110,B,N,0.14499999999999957,True,True,MATCHED
1110,1167,N,B,0.14578751661236306,True,True,MATCHED
1110,1169,N,B,0.14514131045295164,True,True,MATCHED
1111,1112,B,N,0.14499999999999957,True,True,MATCHED
1112,1169,N,B,0.14511719401917866,True,True,MATCHED
1112,1171,N,B,0.14506205568652353,True,True,MATCHED
1113,1114,B,N,0.14499999999999957,True,True,MATCHED
1114,1171,N,B,0.1453340978573166,True,True,MATCHED
1114,1173,N,B,0.1448378403594867,True,True,MATCHED
1115,1116,B,N,0.14499999999999957,True,True,MATCHED
1116,1173,N,B,0.14551288602732082,True,True,MATCHED
1116,1175,N,B,0.14489306401619115,True,True,MATCHED
1117,1118,B,N,0.14499999999999957,True,True,MATCHED
1118,1175,N,B,0.14484129245487978,True,True,MATCHED
1118,1177,N,B,0.14603424255975045,True,True,MATCHED
1119,1120,B,N,0.14499999999999957,True,True,MATCHED
1120,1177,N,B,0.14533409785731677,True,True,MATCHED
1120,1179,N,B,0.14506205568652353,True,True,MATCHED
1121,1122,B,N,0.14499999999999957,True,True,MATCHED
1122,1179,N,B,0.14489306401619112,True,True,MATCHED
1122,1181,N,B,0.14527560015363924,True,True,MATCHED
1123,1124,B,N,0.14499999999999957,True,True,MATCHED
1124,1181,N,B,0.1448792600754161,True,True,MATCHED
1124,1183,N,B,0.14574292435655337,True,True,MATCHED
1125,1126,B,N,0.14499999999999957,True,True,MATCHED
1126,1183,N,B,0.14527560015363924,True,True,MATCHED
1126,1185,N,B,0.14489306401619076,True,True,MATCHED
1127,1128,B,N,0.14499999999999957,True,True,MATCHED
1128,1185,N,B,0.14506205568652353,True,True,MATCHED
1128,1187,N,B,0.14533409785731677,True,True,MATCHED
1129,1130,B,N,0.14499999999999957,True,True,MATCHED
1130,1187,N,B,0.14531001341958558,True,True,MATCHED
1130,1189,N,B,0.1455128860273206,True,True,MATCHED
1131,1132,B,N,0.14499999999999957,True,True,MATCHED
1132,1189,N,B,0.14428097587693287,True,True,MATCHED
1132,1191,N,B,0.1455128860273206,True,True,MATCHED
1133,1134,B,N,0.14499999999999957,True,True,MATCHED
1134,1191,N,B,0.14531001341958558,True,True,MATCHED
1134,1193,N,B,0.14533409785731677,True,True,MATCHED
1135,1136,B,N,0.14499999999999957,True,True,MATCHED
1136,1193,N,B,0.14506205568652353,True,True,MATCHED
1136,1195,N,B,0.14489306401619076,True,True,MATCHED
1137,1138,B,N,0.14499999999999957,True,True,MATCHED
1138,1195,N,B,0.14527560015363924,True,True,MATCHED
1138,1197,N,B,0.14574292435655337,True,True,MATCHED
1139,1140,B,N,0.14499999999999957,True,True,MATCHED
1140,1197,N,B,0.1448792600754161,True,True,MATCHED
1140,1199,N,B,0.14527560015363924,True,True,MATCHED
1141,1142,B,N,0.14400000000000013,True,True,MATCHED
1142,1201,N,B,0.14533409785731632,True,True,MATCHED
1142,1259,N,B,0.14506205568652306,True,True,MATCHED
1143,1144,B,N,0.14400000000000013,True,True,MATCHED
1144,1201,N,B,0.14603424255974998,True,True,MATCHED
1144,1203,N,B,0.14484129245487934,True,True,MATCHED
1145,1146,B,N,0.14400000000000013,True,True,MATCHED
1146,1203,N,B,0.1448930640161907,True,True,MATCHED
1146,1205,N,B,0.14551288602732038,True,True,MATCHED
1147,1148,B,N,0.14400000000000013,True,True,MATCHED
1148,1205,N,B,0.14483784035948627,True,True,MATCHED
1148,1207,N,B,0.14533409785731613,True,True,MATCHED
1149,1150,B,N,0.14400000000000013,True,True,MATCHED
1150,1207,N,B,0.14506205568652306,True,True,MATCHED
1150,1209,N,B,0.14511719401917822,True,True,MATCHED
1151,1152,B,N,0.14400000000000013,True,True,MATCHED
1152,1209,N,B,0.1451413104529512,True,True,MATCHED
1152,1211,N,B,0.14578751661236258,True,True,MATCHED
1153,1154,B,N,0.14400000000000013,True,True,MATCHED
1154,1211,N,B,0.14492411807563269,True,True,MATCHED
1154,1213,N,B,0.1451413104529512,True,True,MATCHED
1155,1156,B,N,0.14400000000000013,True,True,MATCHED
1156,1213,N,B,0.14511719401917858,True,True,MATCHED
1156,1215,N,B,0.14506205568652306,True,True,MATCHED
1157,1158,B,N,0.14400000000000013,True,True,MATCHED
1158,1215,N,B,0.14533409785731613,True,True,MATCHED
1158,1217,N,B,0.14556441872930317,True,True,MATCHED
1159,1160,B,N,0.14400000000000013,True,True,MATCHED
1160,1217,N,B,0.14484129245487956,True,True,MATCHED
1160,1219,N,B,0.14550257729676103,True,True,MATCHED
1161,1162,B,N,0.14400000000000013,True,True,MATCHED
1162,1219,N,B,0.14484129245487956,True,True,MATCHED
1162,1221,N,B,0.14556441872930317,True,True,MATCHED
1163,1164,B,N,0.14400000000000013,True,True,MATCHED
1164,1221,N,B,0.14533409785731613,True,True,MATCHED
1164,1223,N,B,0.14506205568652306,True,True,MATCHED
1165,1166,B,N,0.14400000000000013,True,True,MATCHED
1166,1223,N,B,0.14511719401917858,True,True,MATCHED
1166,1225,N,B,0.1451413104529512,True,True,MATCHED
1167,1168,B,N,0.14400000000000013,True,True,MATCHED
1168,1225,N,B,0.14492411807563269,True,True,MATCHED
1168,1227,N,B,0.14578751661236258,True,True,MATCHED
1169,1170,B,N,0.14400000000000013,True,True,MATCHED
1170,1227,N,B,0.1451413104529512,True,True,MATCHED
1170,1229,N,B,0.14511719401917822,True,True,MATCHED
1171,1172,B,N,0.14400000000000013,True,True,MATCHED
1172,1229,N,B,0.14506205568652306,True,True,MATCHED
1172,1231,N,B,0.14533409785731613,True,True,MATCHED
1173,1174,B,N,0.14400000000000013,True,True,MATCHED
1174,1231,N,B,0.14483784035948627,True,True,MATCHED
1174,1233,N,B,0.14551288602732038,True,True,MATCHED
1175,1176,B,N,0.14400000000000013,True,True,MATCHED
1176,1233,N,B,0.1448930640161907,True,True,MATCHED
1176,1235,N,B,0.14484129245487934,True,True,MATCHED
1177,1178,B,N,0.14400000000000013,True,True,MATCHED
1178,1235,N,B,0.14603424255974998,True,True,MATCHED
1178,1237,N,B,0.14533409785731632,True,True,MATCHED
1179,1180,B,N,0.14400000000000013,True,True,MATCHED
1180,1237,N,B,0.14506205568652306,True,True,MATCHED
1180,1239,N,B,0.14489306401619068,True,True,MATCHED
1181,1182,B,N,0.14400000000000013,True,True,MATCHED
1182,1239,N,B,0.1452756001536388,True,True,MATCHED
1182,1241,N,B,0.14487926007541566,True,True,MATCHED
1183,1184,B,N,0.14400000000000013,True,True,MATCHED
1184,1241,N,B,0.1457429243565529,True,True,MATCHED
1184,1243,N,B,0.1452756001536388,True,True,MATCHED
1185,1186,B,N,0.14400000000000013,True,True,MATCHED
1186,1243,N,B,0.14489306401619031,True,True,MATCHED
1186,1245,N,B,0.14506205568652306,True,True,MATCHED
1187,1188,B,N,0.14400000000000013,True,True,MATCHED
1188,1245,N,B,0.14533409785731632,True,True,MATCHED
1188,1247,N,B,0.14531001341958513,True,True,MATCHED
1189,1190,B,N,0.14400000000000013,True,True,MATCHED
1190,1247,N,B,0.14551288602732013,True,True,MATCHED
1190,1249,N,B,0.14428097587693242,True,True,MATCHED
1191,1192,B,N,0.14400000000000013,True,True,MATCHED
1192,1249,N,B,0.14551288602732013,True,True,MATCHED
1192,1251,N,B,0.14531001341958513,True,True,MATCHED
1193,1194,B,N,0.14400000000000013,True,True,MATCHED
1194,1251,N,B,0.14533409785731632,True,True,MATCHED
1194,1253,N,B,0.14506205568652306,True,True,MATCHED
1195,1196,B,N,0.14400000000000013,True,True,MATCHED
1196,1253,N,B,0.14489306401619031,True,True,MATCHED
1196,1255,N,B,0.1452756001536388,True,True,MATCHED
1197,1198,B,N,0.14400000000000013,True,True,MATCHED
1198,1255,N,B,0.1457429243565529,True,True,MATCHED
1198,1257,N,B,0.14487926007541566,True,True,MATCHED
1199,1200,B,N,0.14400000000000013,True,True,MATCHED
1200,1257,N,B,0.1452756001536388,True,True,MATCHED
1200,1259,N,B,0.14489306401619068,True,True,MATCHED
1201,1202,B,N,0.14500000000000046,True,True,MATCHED
1202,1261,N,B,0.1455369368923229,True,True,MATCHED
1202,1319,N,B,0.14483438818181293,True,True,MATCHED
1203,1204,B,N,0.14500000000000046,True,True,MATCHED
1204,1261,N,B,0.14433987668000817,True,True,MATCHED
1204,1263,N,B,0.14439182802361086,True,True,MATCHED
1205,1206,B,N,0.14500000000000046,True,True,MATCHED
1206,1263,N,B,0.14501379244747725,True,True,MATCHED
1206,1265,N,B,0.1443364125922496,True,True,MATCHED
1207,1208,B,N,0.14500000000000046,True,True,MATCHED
1208,1265,N,B,0.14483438818181277,True,True,MATCHED
1208,1267,N,B,0.14456140563788109,True,True,MATCHED
1209,1210,B,N,0.14500000000000046,True,True,MATCHED
1210,1267,N,B,0.14461673485458001,True,True,MATCHED
1210,1269,N,B,0.1446409347314931,True,True,MATCHED
1211,1212,B,N,0.14500000000000046,True,True,MATCHED
1212,1269,N,B,0.14528936643815327,True,True,MATCHED
1212,1271,N,B,0.14442298985964805,True,True,MATCHED
1213,1214,B,N,0.14500000000000046,True,True,MATCHED
1214,1271,N,B,0.1446409347314931,True,True,MATCHED
1214,1273,N,B,0.14461673485458038,True,True,MATCHED
1215,1216,B,N,0.14500000000000046,True,True,MATCHED
1216,1273,N,B,0.14456140563788109,True,True,MATCHED
1216,1275,N,B,0.14483438818181277,True,True,MATCHED
1217,1218,B,N,0.14500000000000046,True,True,MATCHED
1218,1275,N,B,0.14506550244630867,True,True,MATCHED
1218,1277,N,B,0.1443398766800084,True,True,MATCHED
1219,1220,B,N,0.14500000000000046,True,True,MATCHED
1220,1277,N,B,0.14500344823486094,True,True,MATCHED
1220,1279,N,B,0.1443398766800084,True,True,MATCHED
1221,1222,B,N,0.14500000000000046,True,True,MATCHED
1222,1279,N,B,0.14506550244630867,True,True,MATCHED
1222,1281,N,B,0.14483438818181277,True,True,MATCHED
1223,1224,B,N,0.14500000000000046,True,True,MATCHED
1224,1281,N,B,0.14456140563788109,True,True,MATCHED
1224,1283,N,B,0.14461673485458038,True,True,MATCHED
1225,1226,B,N,0.14500000000000046,True,True,MATCHED
1226,1283,N,B,0.1446409347314931,True,True,MATCHED
1226,1285,N,B,0.14442298985964805,True,True,MATCHED
1227,1228,B,N,0.14500000000000046,True,True,MATCHED
1228,1285,N,B,0.14528936643815327,True,True,MATCHED
1228,1287,N,B,0.1446409347314931,True,True,MATCHED
1229,1230,B,N,0.14500000000000046,True,True,MATCHED
1230,1287,N,B,0.14461673485458001,True,True,MATCHED
1230,1289,N,B,0.14456140563788109,True,True,MATCHED
1231,1232,B,N,0.14500000000000046,True,True,MATCHED
1232,1289,N,B,0.14483438818181277,True,True,MATCHED
1232,1291,N,B,0.1443364125922496,True,True,MATCHED
1233,1234,B,N,0.14500000000000046,True,True,MATCHED
1234,1291,N,B,0.14501379244747725,True,True,MATCHED
1234,1293,N,B,0.14439182802361086,True,True,MATCHED
1235,1236,B,N,0.14500000000000046,True,True,MATCHED
1236,1293,N,B,0.14433987668000817,True,True,MATCHED
1236,1295,N,B,0.1455369368923229,True,True,MATCHED
1237,1238,B,N,0.14500000000000046,True,True,MATCHED
1238,1295,N,B,0.14483438818181293,True,True,MATCHED
1238,1297,N,B,0.14456140563788109,True,True,MATCHED
1239,1240,B,N,0.14500000000000046,True,True,MATCHED
1240,1297,N,B,0.14439182802361084,True,True,MATCHED
1240,1299,N,B,0.14477568856683093,True,True,MATCHED
1241,1242,B,N,0.14500000000000046,True,True,MATCHED
1242,1299,N,B,0.1443779761598008,True,True,MATCHED
1242,1301,N,B,0.1452446212429224,True,True,MATCHED
1243,1244,B,N,0.14500000000000046,True,True,MATCHED
1244,1301,N,B,0.14477568856683093,True,True,MATCHED
1244,1303,N,B,0.14439182802361047,True,True,MATCHED
1245,1246,B,N,0.14500000000000046,True,True,MATCHED
1246,1303,N,B,0.14456140563788109,True,True,MATCHED
1246,1305,N,B,0.14483438818181293,True,True,MATCHED
1247,1248,B,N,0.14500000000000046,True,True,MATCHED
1248,1305,N,B,0.14481022063376636,True,True,MATCHED
1248,1307,N,B,0.145013792447477,True,True,MATCHED
1249,1250,B,N,0.14500000000000046,True,True,MATCHED
1250,1307,N,B,0.14377760604489156,True,True,MATCHED
1250,1309,N,B,0.145013792447477,True,True,MATCHED
1251,1252,B,N,0.14500000000000046,True,True,MATCHED
1252,1309,N,B,0.14481022063376636,True,True,MATCHED
1252,1311,N,B,0.14483438818181293,True,True,MATCHED
1253,1254,B,N,0.14500000000000046,True,True,MATCHED
1254,1311,N,B,0.14456140563788109,True,True,MATCHED
1254,1313,N,B,0.14439182802361047,True,True,MATCHED
1255,1256,B,N,0.14500000000000046,True,True,MATCHED
1256,1313,N,B,0.14477568856683093,True,True,MATCHED
1256,1315,N,B,0.1452446212429224,True,True,MATCHED
1257,1258,B,N,0.14500000000000046,True,True,MATCHED
1258,1315,N,B,0.1443779761598008,True,True,MATCHED
1258,1317,N,B,0.14477568856683093,True,True,MATCHED
1259,1260,B,N,0.14500000000000046,True,True,MATCHED
1260,1317,N,B,0.14439182802361084,True,True,MATCHED
1260,1319,N,B,0.14456140563788109,True,True,MATCHED
1261,1262,B,N,0.1459999999999999,True,True,MATCHED
1262,1321,N,B,0.14433987668000817,True,True,MATCHED
1262,1379,N,B,0.1455369368923229,True,True,MATCHED
1263,1264,B,N,0.1459999999999999,True,True,MATCHED
1264,1321,N,B,0.14439182802361086,True,True,MATCHED
1264,1323,N,B,0.14501379244747725,True,True,MATCHED
1265,1266,B,N,0.1459999999999999,True,True,MATCHED
1266,1323,N,B,0.1443364125922496,True,True,MATCHED
1266,1325,N,B,0.14483438818181277,True,True,MATCHED
1267,1268,B,N,0.1459999999999999,True,True,MATCHED
1268,1325,N,B,0.14456140563788109,True,True,MATCHED
1268,1327,N,B,0.14461673485458001,True,True,MATCHED
1269,1270,B,N,0.1459999999999999,True,True,MATCHED
1270,1327,N,B,0.1446409347314931,True,True,MATCHED
1270,1329,N,B,0.14528936643815327,True,True,MATCHED
1271,1272,B,N,0.1459999999999999,True,True,MATCHED
1272,1329,N,B,0.14442298985964805,True,True,MATCHED
1272,1331,N,B,0.1446409347314931,True,True,MATCHED
1273,1274,B,N,0.1459999999999999,True,True,MATCHED
1274,1331,N,B,0.14461673485458038,True,True,MATCHED
1274,1333,N,B,0.14456140563788109,True,True,MATCHED
1275,1276,B,N,0.1459999999999999,True,True,MATCHED
1276,1333,N,B,0.14483438818181277,True,True,MATCHED
1276,1335,N,B,0.14506550244630867,True,True,MATCHED
1277,1278,B,N,0.1459999999999999,True,True,MATCHED
1278,1335,N,B,0.1443398766800084,True,True,MATCHED
1278,1337,N,B,0.14500344823486094,True,True,MATCHED
1279,1280,B,N,0.1459999999999999,True,True,MATCHED
1280,1337,N,B,0.1443398766800084,True,True,MATCHED
1280,1339,N,B,0.14506550244630867,True,True,MATCHED
1281,1282,B,N,0.1459999999999999,True,True,MATCHED
1282,1339,N,B,0.14483438818181277,True,True,MATCHED
1282,1341,N,B,0.14456140563788109,True,True,MATCHED
1283,1284,B,N,0.1459999999999999,True,True,MATCHED
1284,1341,N,B,0.14461673485458038,True,True,MATCHED
1284,1343,N,B,0.1446409347314931,True,True,MATCHED
1285,1286,B,N,0.1459999999999999,True,True,MATCHED
1286,1343,N,B,0.14442298985964805,True,True,MATCHED
1286,1345,N,B,0.14528936643815327,True,True,MATCHED
1287,1288,B,N,0.1459999999999999,True,True,MATCHED
1288,1345,N,B,0.1446409347314931,True,True,MATCHED
1288,1347,N,B,0.14461673485458001,True,True,MATCHED
1289,1290,B,N,0.1459999999999999,True,True,MATCHED
1290,1347,N,B,0.14456140563788109,True,True,MATCHED
1290,1349,N,B,0.14483438818181277,True,True,MATCHED
1291,1292,B,N,0.1459999999999999,True,True,MATCHED
1292,1349,N,B,0.1443364125922496,True,True,MATCHED
1292,1351,N,B,0.14501379244747725,True,True,MATCHED
1293,1294,B,N,0.1459999999999999,True,True,MATCHED
1294,1351,N,B,0.14439182802361086,True,True,MATCHED
1294,1353,N,B,0.14433987668000817,True,True,MATCHED
1295,1296,B,N,0.1459999999999999,True,True,MATCHED
1296,1353,N,B,0.1455369368923229,True,True,MATCHED
1296,1355,N,B,0.14483438818181293,True,True,MATCHED
1297,1298,B,N,0.1459999999999999,True,True,MATCHED
1298,1355,N,B,0.14456140563788109,True,True,MATCHED
1298,1357,N,B,0.14439182802361084,True,True,MATCHED
1299,1300,B,N,0.1459999999999999,True,True,MATCHED
1300,1357,N,B,0.14477568856683093,True,True,MATCHED
1300,1359,N,B,0.1443779761598008,True,True,MATCHED
1301,1302,B,N,0.1459999999999999,True,True,MATCHED
1302,1359,N,B,0.1452446212429224,True,True,MATCHED
1302,1361,N,B,0.14477568856683093,True,True,MATCHED
1303,1304,B,N,0.1459999999999999,True,True,MATCHED
1304,1361,N,B,0.14439182802361047,True,True,MATCHED
1304,1363,N,B,0.14456140563788109,True,True,MATCHED
1305,1306,B,N,0.1459999999999999,True,True,MATCHED
1306,1363,N,B,0.14483438818181293,True,True,MATCHED
1306,1365,N,B,0.14481022063376636,True,True,MATCHED
1307,1308,B,N,0.1459999999999999,True,True,MATCHED
1308,1365,N,B,0.145013792447477,True,True,MATCHED
1308,1367,N,B,0.14377760604489156,True,True,MATCHED
1309,1310,B,N,0.1459999999999999,True,True,MATCHED
1310,1367,N,B,0.145013792447477,True,True,MATCHED
1310,1369,N,B,0.14481022063376636,True,True,MATCHED
1311,1312,B,N,0.1459999999999999,True,True,MATCHED
1312,1369,N,B,0.14483438818181293,True,True,MATCHED
1312,1371,N,B,0.14456140563788109,True,True,MATCHED
1313,1314,B,N,0.1459999999999999,True,True,MATCHED
1314,1371,N,B,0.14439182802361047,True,True,MATCHED
1314,1373,N,B,0.14477568856683093,True,True,MATCHED
1315,1316,B,N,0.1459999999999999,True,True,MATCHED
1316,1373,N,B,0.1452446212429224,True,True,MATCHED
1316,1375,N,B,0.1443779761598008,True,True,MATCHED
1317,1318,B,N,0.1459999999999999,True,True,MATCHED
1318,1375,N,B,0.14477568856683093,True,True,MATCHED
1318,1377,N,B,0.14439182802361084,True,True,MATCHED
1319,1320,B,N,0.1459999999999999,True,True,MATCHED
1320,1377,N,B,0.14456140563788109,True,True,MATCHED
1320,1379,N,B,0.14483438818181293,True,True,MATCHED
1321,1322,B,N,0.14499999999999957,True,True,MATCHED
1322,1381,N,B,0.14439182802361086,True,True,MATCHED
1322,1439,N,B,0.14433987668000817,True,True,MATCHED
1323,1324,B,N,0.14499999999999957,True,True,MATCHED
1324,1381,N,B,0.14501379244747725,True,True,MATCHED
1324,1383,N,B,0.1443364125922496,True,True,MATCHED
1325,1326,B,N,0.14499999999999957,True,True,MATCHED
1326,1383,N,B,0.14483438818181277,True,True,MATCHED
1326,1385,N,B,0.14456140563788109,True,True,MATCHED
1327,1328,B,N,0.14499999999999957,True,True,MATCHED
1328,1385,N,B,0.14461673485458001,True,True,MATCHED
1328,1387,N,B,0.1446409347314931,True,True,MATCHED
1329,1330,B,N,0.14499999999999957,True,True,MATCHED
1330,1387,N,B,0.14528936643815327,True,True,MATCHED
1330,1389,N,B,0.14442298985964805,True,True,MATCHED
1331,1332,B,N,0.14499999999999957,True,True,MATCHED
1332,1389,N,B,0.1446409347314931,True,True,MATCHED
1332,1391,N,B,0.14461673485458038,True,True,MATCHED
1333,1334,B,N,0.14499999999999957,True,True,MATCHED
1334,1391,N,B,0.14456140563788109,True,True,MATCHED
1334,1393,N,B,0.14483438818181277,True,True,MATCHED
1335,1336,B,N,0.14499999999999957,True,True,MATCHED
1336,1393,N,B,0.14506550244630867,True,True,MATCHED
1336,1395,N,B,0.1443398766800084,True,True,MATCHED
1337,1338,B,N,0.14499999999999957,True,True,MATCHED
1338,1395,N,B,0.14500344823486094,True,True,MATCHED
1338,1397,N,B,0.1443398766800084,True,True,MATCHED
1339,1340,B,N,0.14499999999999957,True,True,MATCHED
1340,1397,N,B,0.14506550244630867,True,True,MATCHED
1340,1399,N,B,0.14483438818181277,True,True,MATCHED
1341,1342,B,N,0.14499999999999957,True,True,MATCHED
1342,1399,N,B,0.14456140563788109,True,True,MATCHED
1342,1401,N,B,0.14461673485458038,True,True,MATCHED
1343,1344,B,N,0.14499999999999957,True,True,MATCHED
1344,1401,N,B,0.1446409347314931,True,True,MATCHED
1344,1403,N,B,0.14442298985964805,True,True,MATCHED
1345,1346,B,N,0.14499999999999957,True,True,MATCHED
1346,1403,N,B,0.14528936643815327,True,True,MATCHED
1346,1405,N,B,0.1446409347314931,True,True,MATCHED
1347,1348,B,N,0.14499999999999957,True,True,MATCHED
1348,1405,N,B,0.14461673485458001,True,True,MATCHED
1348,1407,N,B,0.14456140563788109,True,True,MATCHED
1349,1350,B,N,0.14499999999999957,True,True,MATCHED
1350,1407,N,B,0.14483438818181277,True,True,MATCHED
1350,1409,N,B,0.1443364125922496,True,True,MATCHED
1351,1352,B,N,0.14499999999999957,True,True,MATCHED
1352,1409,N,B,0.14501379244747725,True,True,MATCHED
1352,1411,N,B,0.14439182802361086,True,True,MATCHED
1353,1354,B,N,0.14499999999999957,True,True,MATCHED
1354,1411,N,B,0.14433987668000817,True,True,MATCHED
1354,1413,N,B,0.1455369368923229,True,True,MATCHED
1355,1356,B,N,0.14499999999999957,True,True,MATCHED
1356,1413,N,B,0.14483438818181293,True,True,MATCHED
1356,1415,N,B,0.14456140563788109,True,True,MATCHED
1357,1358,B,N,0.14499999999999957,True,True,MATCHED
1358,1415,N,B,0.14439182802361084,True,True,MATCHED
1358,1417,N,B,0.14477568856683093,True,True,MATCHED
1359,1360,B,N,0.14499999999999957,True,True,MATCHED
1360,1417,N,B,0.1443779761598008,True,True,MATCHED
1360,1419,N,B,0.1452446212429224,True,True,MATCHED
1361,1362,B,N,0.14499999999999957,True,True,MATCHED
1362,1419,N,B,0.14477568856683093,True,True,MATCHED
1362,1421,N,B,0.14439182802361047,True,True,MATCHED
1363,1364,B,N,0.14499999999999957,True,True,MATCHED
1364,1421,N,B,0.14456140563788109,True,True,MATCHED
1364,1423,N,B,0.14483438818181293,True,True,MATCHED
1365,1366,B,N,0.14499999999999957,True,True,MATCHED
1366,1423,N,B,0.14481022063376636,True,True,MATCHED
1366,1425,N,B,0.145013792447477,True,True,MATCHED
1367,1368,B,N,0.14499999999999957,True,True,MATCHED
1368,1425,N,B,0.14377760604489156,True,True,MATCHED
1368,1427,N,B,0.145013792447477,True,True,MATCHED
1369,1370,B,N,0.14499999999999957,True,True,MATCHED
1370,1427,N,B,0.14481022063376636,True,True,MATCHED
1370,1429,N,B,0.14483438818181293,True,True,MATCHED
1371,1372,B,N,0.14499999999999957,True,True,MATCHED
1372,1429,N,B,0.14456140563788109,True,True,MATCHED
1372,1431,N,B,0.14439182802361047,True,True,MATCHED
1373,1374,B,N,0.14499999999999957,True,True,MATCHED
1374,1431,N,B,0.14477568856683093,True,True,MATCHED
1374,1433,N,B,0.1452446212429224,True,True,MATCHED
1375,1376,B,N,0.14499999999999957,True,True,MATCHED
1376,1433,N,B,0.1443779761598008,True,True,MATCHED
1376,1435,N,B,0.14477568856683093,True,True,MATCHED
1377,1378,B,N,0.14499999999999957,True,True,MATCHED
1378,1435,N,B,0.14439182802361084,True,True,MATCHED
1378,1437,N,B,0.14456140563788109,True,True,MATCHED
1379,1380,B,N,0.14499999999999957,True,True,MATCHED
1380,1437,N,B,0.14483438818181293,True,True,MATCHED
1380,1439,N,B,0.1455369368923229,True,True,MATCHED
1381,1382,B,N,0.14500000000000046,True,True,MATCHED
1382,1441,N,B,0.14551288602732038,True,True,MATCHED
1382,1499,N,B,0.1448930640161907,True,True,MATCHED
1383,1384,B,N,0.14500000000000046,True,True,MATCHED
1384,1441,N,B,0.14483784035948627,True,True,MATCHED
1384,1443,N,B,0.14533409785731613,True,True,MATCHED
1385,1386,B,N,0.14500000000000046,True,True,MATCHED
1386,1443,N,B,0.14506205568652306,True,True,MATCHED
1386,1445,N,B,0.14511719401917822,True,True,MATCHED
1387,1388,B,N,0.14500000000000046,True,True,MATCHED
1388,1445,N,B,0.1451413104529512,True,True,MATCHED
1388,1447,N,B,0.14578751661236258,True,True,MATCHED
1389,1390,B,N,0.14500000000000046,True,True,MATCHED
1390,1447,N,B,0.14492411807563269,True,True,MATCHED
1390,1449,N,B,0.1451413104529512,True,True,MATCHED
1391,1392,B,N,0.14500000000000046,True,True,MATCHED
1392,1449,N,B,0.14511719401917858,True,True,MATCHED
1392,1451,N,B,0.14506205568652306,True,True,MATCHED
1393,1394,B,N,0.14500000000000046,True,True,MATCHED
1394,1451,N,B,0.14533409785731613,True,True,MATCHED
1394,1453,N,B,0.14556441872930317,True,True,MATCHED
1395,1396,B,N,0.14500000000000046,True,True,MATCHED
1396,1453,N,B,0.14484129245487956,True,True,MATCHED
1396,1455,N,B,0.14550257729676103,True,True,MATCHED
1397,1398,B,N,0.14500000000000046,True,True,MATCHED
1398,1455,N,B,0.14484129245487956,True,True,MATCHED
1398,1457,N,B,0.14556441872930317,True,True,MATCHED
1399,1400,B,N,0.14500000000000046,True,True,MATCHED
1400,1457,N,B,0.14533409785731613,True,True,MATCHED
1400,1459,N,B,0.14506205568652306,True,True,MATCHED
1401,1402,B,N,0.14500000000000046,True,True,MATCHED
1402,1459,N,B,0.14511719401917858,True,True,MATCHED
1402,1461,N,B,0.1451413104529512,True,True,MATCHED
1403,1404,B,N,0.14500000000000046,True,True,MATCHED
1404,1461,N,B,0.14492411807563269,True,True,MATCHED
1404,1463,N,B,0.14578751661236258,True,True,MATCHED
1405,1406,B,N,0.14500000000000046,True,True,MATCHED
1406,1463,N,B,0.1451413104529512,True,True,MATCHED
1406,1465,N,B,0.14511719401917822,True,True,MATCHED
1407,1408,B,N,0.14500000000000046,True,True,MATCHED
1408,1465,N,B,0.14506205568652306,True,True,MATCHED
1408,1467,N,B,0.14533409785731613,True,True,MATCHED
1409,1410,B,N,0.14500000000000046,True,True,MATCHED
1410,1467,N,B,0.14483784035948627,True,True,MATCHED
1410,1469,N,B,0.14551288602732038,True,True,MATCHED
1411,1412,B,N,0.14500000000000046,True,True,MATCHED
1412,1469,N,B,0.1448930640161907,True,True,MATCHED
1412,1471,N,B,0.14484129245487934,True,True,MATCHED
1413,1414,B,N,0.14500000000000046,True,True,MATCHED
1414,1471,N,B,0.14603424255974998,True,True,MATCHED
1414,1473,N,B,0.14533409785731632,True,True,MATCHED
1415,1416,B,N,0.14500000000000046,True,True,MATCHED
1416,1473,N,B,0.14506205568652306,True,True,MATCHED
1416,1475,N,B,0.14489306401619068,True,True,MATCHED
1417,1418,B,N,0.14500000000000046,True,True,MATCHED
1418,1475,N,B,0.1452756001536388,True,True,MATCHED
1418,1477,N,B,0.14487926007541566,True,True,MATCHED
1419,1420,B,N,0.14500000000000046,True,True,MATCHED
1420,1477,N,B,0.1457429243565529,True,True,MATCHED
1420,1479,N,B,0.1452756001536388,True,True,MATCHED
1421,1422,B,N,0.14500000000000046,True,True,MATCHED
1422,1479,N,B,0.14489306401619031,True,True,MATCHED
1422,1481,N,B,0.14506205568652306,True,True,MATCHED
1423,1424,B,N,0.14500000000000046,True,True,MATCHED
1424,1481,N,B,0.14533409785731632,True,True,MATCHED
1424,1483,N,B,0.14531001341958513,True,True,MATCHED
1425,1426,B,N,0.14500000000000046,True,True,MATCHED
1426,1483,N,B,0.14551288602732013,True,True,MATCHED
1426,1485,N,B,0.14428097587693242,True,True,MATCHED
1427,1428,B,N,0.14500000000000046,True,True,MATCHED
1428,1485,N,B,0.14551288602732013,True,True,MATCHED
1428,1487,N,B,0.14531001341958513,True,True,MATCHED
1429,1430,B,N,0.14500000000000046,True,True,MATCHED
1430,1487,N,B,0.14533409785731632,True,True,MATCHED
1430,1489,N,B,0.14506205568652306,True,True,MATCHED
1431,1432,B,N,0.14500000000000046,True,True,MATCHED
1432,1489,N,B,0.14489306401619031,True,True,MATCHED
1432,1491,N,B,0.1452756001536388,True,True,MATCHED
1433,1434,B,N,0.14500000000000046,True,True,MATCHED
1434,1491,N,B,0.1457429243565529,True,True,MATCHED
1434,1493,N,B,0.14487926007541566,True,True,MATCHED
1435,1436,B,N,0.14500000000000046,True,True,MATCHED
1436,1493,N,B,0.1452756001536388,True,True,MATCHED
1436,1495,N,B,0.14489306401619068,True,True,MATCHED
1437,1438,B,N,0.14500000000000046,True,True,MATCHED
1438,1495,N,B,0.14506205568652306,True,True,MATCHED
1438,1497,N,B,0.14533409785731632,True,True,MATCHED
1439,1440,B,N,0.14500000000000046,True,True,MATCHED
1440,1497,N,B,0.14603424255974998,True,True,MATCHED
1440,1499,N,B,0.14484129245487934,True,True,MATCHED
1441,1442,B,N,0.14500000000000046,True,True,MATCHED
1442,1501,N,B,0.14483784035948627,True,True,MATCHED
1442,1559,N,B,0.14551288602732038,True,True,MATCHED
1443,1444,B,N,0.14500000000000046,True,True,MATCHED
1444,1501,N,B,0.14533409785731613,True,True,MATCHED
1444,1503,N,B,0.14506205568652306,True,True,MATCHED
1445,1446,B,N,0.14500000000000046,True,True,MATCHED
1446,1503,N,B,0.14511719401917822,True,True,MATCHED
1446,1505,N,B,0.1451413104529512,True,True,MATCHED
1447,1448,B,N,0.14500000000000046,True,True,MATCHED
1448,1505,N,B,0.14578751661236258,True,True,MATCHED
1448,1507,N,B,0.14492411807563269,True,True,MATCHED
1449,1450,B,N,0.14500000000000046,True,True,MATCHED
1450,1507,N,B,0.1451413104529512,True,True,MATCHED
1450,1509,N,B,0.14511719401917858,True,True,MATCHED
1451,1452,B,N,0.14500000000000046,True,True,MATCHED
1452,1509,N,B,0.14506205568652306,True,True,MATCHED
1452,1511,N,B,0.14533409785731613,True,True,MATCHED
1453,1454,B,N,0.14500000000000046,True,True,MATCHED
1454,1511,N,B,0.14556441872930317,True,True,MATCHED
1454,1513,N,B,0.14484129245487956,True,True,MATCHED
1455,1456,B,N,0.14500000000000046,True,True,MATCHED
1456,1513,N,B,0.14550257729676103,True,True,MATCHED
1456,1515,N,B,0.14484129245487956,True,True,MATCHED
1457,1458,B,N,0.14500000000000046,True,True,MATCHED
1458,1515,N,B,0.14556441872930317,True,True,MATCHED
1458,1517,N,B,0.14533409785731613,True,True,MATCHED
1459,1460,B,N,0.14500000000000046,True,True,MATCHED
1460,1517,N,B,0.14506205568652306,True,True,MATCHED
1460,1519,N,B,0.14511719401917858,True,True,MATCHED
1461,1462,B,N,0.14500000000000046,True,True,MATCHED
1462,1519,N,B,0.1451413104529512,True,True,MATCHED
1462,1521,N,B,0.14492411807563269,True,True,MATCHED
1463,1464,B,N,0.14500000000000046,True,True,MATCHED
1464,1521,N,B,0.14578751661236258,True,True,MATCHED
1464,1523,N,B,0.1451413104529512,True,True,MATCHED
1465,1466,B,N,0.14500000000000046,True,True,MATCHED
1466,1523,N,B,0.14511719401917822,True,True,MATCHED
1466,1525,N,B,0.14506205568652306,True,True,MATCHED
1467,1468,B,N,0.14500000000000046,True,True,MATCHED
1468,1525,N,B,0.14533409785731613,True,True,MATCHED
1468,1527,N,B,0.14483784035948627,True,True,MATCHED
1469,1470,B,N,0.14500000000000046,True,True,MATCHED
1470,1527,N,B,0.14551288602732038,True,True,MATCHED
1470,1529,N,B,0.1448930640161907,True,True,MATCHED
1471,1472,B,N,0.14500000000000046,True,True,MATCHED
1472,1529,N,B,0.14484129245487934,True,True,MATCHED
1472,1531,N,B,0.14603424255974998,True,True,MATCHED
1473,1474,B,N,0.14500000000000046,True,True,MATCHED
1474,1531,N,B,0.14533409785731632,True,True,MATCHED
1474,1533,N,B,0.14506205568652306,True,True,MATCHED
1475,1476,B,N,0.14500000000000046,True,True,MATCHED
1476,1533,N,B,0.14489306401619068,True,True,MATCHED
1476,1535,N,B,0.1452756001536388,True,True,MATCHED
1477,1478,B,N,0.14500000000000046,True,True,MATCHED
1478,1535,N,B,0.14487926007541566,True,True,MATCHED
1478,1537,N,B,0.1457429243565529,True,True,MATCHED
1479,1480,B,N,0.14500000000000046,True,True,MATCHED
1480,1537,N,B,0.1452756001536388,True,True,MATCHED
1480,1539,N,B,0.14489306401619031,True,True,MATCHED
1481,1482,B,N,0.14500000000000046,True,True,MATCHED
1482,1539,N,B,0.14506205568652306,True,True,MATCHED
1482,1541,N,B,0.14533409785731632,True,True,MATCHED
1483,1484,B,N,0.14500000000000046,True,True,MATCHED
1484,1541,N,B,0.14531001341958513,True,True,MATCHED
1484,1543,N,B,0.14551288602732013,True,True,MATCHED
1485,1486,B,N,0.14500000000000046,True,True,MATCHED
1486,1543,N,B,0.14428097587693242,True,True,MATCHED
1486,1545,N,B,0.14551288602732013,True,True,MATCHED
1487,1488,B,N,0.14500000000000046,True,True,MATCHED
1488,1545,N,B,0.14531001341958513,True,True,MATCHED
1488,1547,N,B,0.14533409785731632,True,True,MATCHED
1489,1490,B,N,0.14500000000000046,True,True,MATCHED
1490,1547,N,B,0.14506205568652306,True,True,MATCHED
1490,1549,N,B,0.14489306401619031,True,True,MATCHED
1491,1492,B,N,0.14500000000000046,True,True,MATCHED
1492,1549,N,B,0.1452756001536388,True,True,MATCHED
1492,1551,N,B,0.1457429243565529,True,True,MATCHED
1493,1494,B,N,0.14500000000000046,True,True,MATCHED
1494,1551,N,B,0.14487926007541566,True,True,MATCHED
1494,1553,N,B,0.1452756001536388,True,True,MATCHED
1495,1496,B,N,0.14500000000000046,True,True,MATCHED
1496,1553,N,B,0.14489306401619068,True,True,MATCHED
1496,1555,N,B,0.14506205568652306,True,True,MATCHED
1497,1498,B,N,0.14500000000000046,True,True,MATCHED
1498,1555,N,B,0.14533409785731632,True,True,MATCHED
1498,1557,N,B,0.14603424255974998,True,True,MATCHED
1499,1500,B,N,0.14500000000000046,True,True,MATCHED
1500,1557,N,B,0.14484129245487934,True,True,MATCHED
1500,1559,N,B,0.1448930640161907,True,True,MATCHED
1501,1502,B,N,0.14500000000000046,True,True,MATCHED
1502,1561,N,B,0.14483438818181277,True,True,MATCHED
1502,1619,N,B,0.1443364125922496,True,True,MATCHED
1503,1504,B,N,0.14500000000000046,True,True,MATCHED
1504,1561,N,B,0.14456140563788109,True,True,MATCHED
1504,1563,N,B,0.14461673485458001,True,True,MATCHED
1505,1506,B,N,0.14500000000000046,True,True,MATCHED
1506,1563,N,B,0.1446409347314931,True,True,MATCHED
1506,1565,N,B,0.14528936643815327,True,True,MATCHED
1507,1508,B,N,0.14500000000000046,True,True,MATCHED
1508,1565,N,B,0.14442298985964805,True,True,MATCHED
1508,1567,N,B,0.1446409347314931,True,True,MATCHED
1509,1510,B,N,0.14500000000000046,True,True,MATCHED
1510,1567,N,B,0.14461673485458038,True,True,MATCHED
1510,1569,N,B,0.14456140563788109,True,True,MATCHED
1511,1512,B,N,0.14500000000000046,True,True,MATCHED
1512,1569,N,B,0.14483438818181277,True,True,MATCHED
1512,1571,N,B,0.14506550244630867,True,True,MATCHED
1513,1514,B,N,0.14500000000000046,True,True,MATCHED
1514,1571,N,B,0.1443398766800084,True,True,MATCHED
1514,1573,N,B,0.14500344823486094,True,True,MATCHED
1515,1516,B,N,0.14500000000000046,True,True,MATCHED
1516,1573,N,B,0.1443398766800084,True,True,MATCHED
1516,1575,N,B,0.14506550244630867,True,True,MATCHED
1517,1518,B,N,0.14500000000000046,True,True,MATCHED
1518,1575,N,B,0.14483438818181277,True,True,MATCHED
1518,1577,N,B,0.14456140563788109,True,True,MATCHED
1519,1520,B,N,0.14500000000000046,True,True,MATCHED
1520,1577,N,B,0.14461673485458038,True,True,MATCHED
1520,1579,N,B,0.1446409347314931,True,True,MATCHED
1521,1522,B,N,0.14500000000000046,True,True,MATCHED
1522,1579,N,B,0.14442298985964805,True,True,MATCHED
1522,1581,N,B,0.14528936643815327,True,True,MATCHED
1523,1524,B,N,0.14500000000000046,True,True,MATCHED
1524,1581,N,B,0.1446409347314931,True,True,MATCHED
1524,1583,N,B,0.14461673485458001,True,True,MATCHED
1525,1526,B,N,0.14500000000000046,True,True,MATCHED
1526,1583,N,B,0.14456140563788109,True,True,MATCHED
1526,1585,N,B,0.14483438818181277,True,True,MATCHED
1527,1528,B,N,0.14500000000000046,True,True,MATCHED
1528,1585,N,B,0.1443364125922496,True,True,MATCHED
1528,1587,N,B,0.14501379244747725,True,True,MATCHED
1529,1530,B,N,0.14500000000000046,True,True,MATCHED
1530,1587,N,B,0.14439182802361086,True,True,MATCHED
1530,1589,N,B,0.14433987668000817,True,True,MATCHED
1531,1532,B,N,0.14500000000000046,True,True,MATCHED
1532,1589,N,B,0.1455369368923229,True,True,MATCHED
1532,1591,N,B,0.14483438818181293,True,True,MATCHED
1533,1534,B,N,0.14500000000000046,True,True,MATCHED
1534,1591,N,B,0.14456140563788109,True,True,MATCHED
1534,1593,N,B,0.14439182802361084,True,True,MATCHED
1535,1536,B,N,0.14500000000000046,True,True,MATCHED
1536,1593,N,B,0.14477568856683093,True,True,MATCHED
1536,1595,N,B,0.1443779761598008,True,True,MATCHED
1537,1538,B,N,0.14500000000000046,True,True,MATCHED
1538,1595,N,B,0.1452446212429224,True,True,MATCHED
1538,1597,N,B,0.14477568856683093,True,True,MATCHED
1539,1540,B,N,0.14500000000000046,True,True,MATCHED
1540,1597,N,B,0.14439182802361047,True,True,MATCHED
1540,1599,N,B,0.14456140563788109,True,True,MATCHED
1541,1542,B,N,0.14500000000000046,True,True,MATCHED
1542,1599,N,B,0.14483438818181293,True,True,MATCHED
1542,1601,N,B,0.14481022063376636,True,True,MATCHED
1543,1544,B,N,0.14500000000000046,True,True,MATCHED
1544,1601,N,B,0.145013792447477,True,True,MATCHED
1544,1603,N,B,0.14377760604489156,True,True,MATCHED
1545,1546,B,N,0.14500000000000046,True,True,MATCHED
1546,1603,N,B,0.145013792447477,True,True,MATCHED
1546,1605,N,B,0.14481022063376636,True,True,MATCHED
1547,1548,B,N,0.14500000000000046,True,True,MATCHED
1548,1605,N,B,0.14483438818181293,True,True,MATCHED
1548,1607,N,B,0.14456140563788109,True,True,MATCHED
1549,1550,B,N,0.14500000000000046,True,True,MATCHED
1550,1607,N,B,0.14439182802361047,True,True,MATCHED
1550,1609,N,B,0.14477568856683093,True,True,MATCHED
1551,1552,B,N,0.14500000000000046,True,True,MATCHED
1552,1609,N,B,0.1452446212429224,True,True,MATCHED
1552,1611,N,B,0.1443779761598008,True,True,MATCHED
1553,1554,B,N,0.14500000000000046,True,True,MATCHED
1554,1611,N,B,0.14477568856683093,True,True,MATCHED
1554,1613,N,B,0.14439182802361084,True,True,MATCHED
1555,1556,B,N,0.14500000000000046,True,True,MATCHED
1556,1613,N,B,0.14456140563788109,True,True,MATCHED
1556,1615,N,B,0.14483438818181293,True,True,MATCHED
1557,1558,B,N,0.14500000000000046,True,True,MATCHED
1558,1615,N,B,0.1455369368923229,True,True,MATCHED
1558,1617,N,B,0.14433987668000817,True,True,MATCHED
1559,1560,B,N,0.14500000000000046,True,True,MATCHED
1560,1617,N,B,0.14439182802361086,True,True,MATCHED
1560,1619,N,B,0.14501379244747725,True,True,MATCHED
1561,1562,B,N,0.14499999999999957,True,True,MATCHED
1562,1621,N,B,0.14506205568652353,True,True,MATCHED
1562,1679,N,B,0.1453340978573166,True,True,MATCHED
1563,1564,B,N,0.14499999999999957,True,True,MATCHED
1564,1621,N,B,0.14511719401917866,True,True,MATCHED
1564,1623,N,B,0.14514131045295164,True,True,MATCHED
1565,1566,B,N,0.14499999999999957,True,True,MATCHED
1566,1623,N,B,0.14578751661236306,True,True,MATCHED
1566,1625,N,B,0.14492411807563313,True,True,MATCHED
1567,1568,B,N,0.14499999999999957,True,True,MATCHED
1568,1625,N,B,0.14514131045295164,True,True,MATCHED
1568,1627,N,B,0.14511719401917905,True,True,MATCHED
1569,1570,B,N,0.14499999999999957,True,True,MATCHED
1570,1627,N,B,0.14506205568652353,True,True,MATCHED
1570,1629,N,B,0.1453340978573166,True,True,MATCHED
1571,1572,B,N,0.14499999999999957,True,True,MATCHED
1572,1629,N,B,0.14556441872930362,True,True,MATCHED
1572,1631,N,B,0.14484129245488003,True,True,MATCHED
1573,1574,B,N,0.14499999999999957,True,True,MATCHED
1574,1631,N,B,0.14550257729676147,True,True,MATCHED
1574,1633,N,B,0.14484129245488003,True,True,MATCHED
1575,1576,B,N,0.14499999999999957,True,True,MATCHED
1576,1633,N,B,0.14556441872930362,True,True,MATCHED
1576,1635,N,B,0.1453340978573166,True,True,MATCHED
1577,1578,B,N,0.14499999999999957,True,True,MATCHED
1578,1635,N,B,0.14506205568652353,True,True,MATCHED
1578,1637,N,B,0.14511719401917905,True,True,MATCHED
1579,1580,B,N,0.14499999999999957,True,True,MATCHED
1580,1637,N,B,0.14514131045295164,True,True,MATCHED
1580,1639,N,B,0.14492411807563313,True,True,MATCHED
1581,1582,B,N,0.14499999999999957,True,True,MATCHED
1582,1639,N,B,0.14578751661236306,True,True,MATCHED
1582,1641,N,B,0.14514131045295164,True,True,MATCHED
1583,1584,B,N,0.14499999999999957,True,True,MATCHED
1584,1641,N,B,0.14511719401917866,True,True,MATCHED
1584,1643,N,B,0.14506205568652353,True,True,MATCHED
1585,1586,B,N,0.14499999999999957,True,True,MATCHED
1586,1643,N,B,0.1453340978573166,True,True,MATCHED
1586,1645,N,B,0.1448378403594867,True,True,MATCHED
1587,1588,B,N,0.14499999999999957,True,True,MATCHED
1588,1645,N,B,0.14551288602732082,True,True,MATCHED
1588,1647,N,B,0.14489306401619115,True,True,MATCHED
1589,1590,B,N,0.14499999999999957,True,True,MATCHED
1590,1647,N,B,0.14484129245487978,True,True,MATCHED
1590,1649,N,B,0.14603424255975045,True,True,MATCHED
1591,1592,B,N,0.14499999999999957,True,True,MATCHED
1592,1649,N,B,0.14533409785731677,True,True,MATCHED
1592,1651,N,B,0.14506205568652353,True,True,MATCHED
1593,1594,B,N,0.14499999999999957,True,True,MATCHED
1594,1651,N,B,0.14489306401619112,True,True,MATCHED
1594,1653,N,B,0.14527560015363924,True,True,MATCHED
1595,1596,B,N,0.14499999999999957,True,True,MATCHED
1596,1653,N,B,0.1448792600754161,True,True,MATCHED
1596,1655,N,B,0.14574292435655337,True,True,MATCHED
1597,1598,B,N,0.14499999999999957,True,True,MATCHED
1598,1655,N,B,0.14527560015363924,True,True,MATCHED
1598,1657,N,B,0.14489306401619076,True,True,MATCHED
1599,1600,B,N,0.14499999999999957,True,True,MATCHED
1600,1657,N,B,0.14506205568652353,True,True,MATCHED
1600,1659,N,B,0.14533409785731677,True,True,MATCHED
1601,1602,B,N,0.14499999999999957,True,True,MATCHED
1602,1659,N,B,0.14531001341958558,True,True,MATCHED
1602,1661,N,B,0.1455128860273206,True,True,MATCHED
1603,1604,B,N,0.14499999999999957,True,True,MATCHED
1604,1661,N,B,0.14428097587693287,True,True,MATCHED
1604,1663,N,B,0.1455128860273206,True,True,MATCHED
1605,1606,B,N,0.14499999999999957,True,True,MATCHED
1606,1663,N,B,0.14531001341958558,True,True,MATCHED
1606,1665,N,B,0.14533409785731677,True,True,MATCHED
1607,1608,B,N,0.14499999999999957,True,True,MATCHED
1608,1665,N,B,0.14506205568652353,True,True,MATCHED
1608,1667,N,B,0.14489306401619076,True,True,MATCHED
1609,1610,B,N,0.14499999999999957,True,True,MATCHED
1610,1667,N,B,0.14527560015363924,True,True,MATCHED
1610,1669,N,B,0.14574292435655337,True,True,MATCHED
1611,1612,B,N,0.14499999999999957,True,True,MATCHED
1612,1669,N,B,0.1448792600754161,True,True,MATCHED
1612,1671,N,B,0.14527560015363924,True,True,MATCHED
1613,1614,B,N,0.14499999999999957,True,True,MATCHED
1614,1671,N,B,0.14489306401619112,True,True,MATCHED
1614,1673,N,B,0.14506205568652353,True,True,MATCHED
1615,1616,B,N,0.14499999999999957,True,True,MATCHED
1616,1673,N,B,0.14533409785731677,True,True,MATCHED
1616,1675,N,B,0.14603424255975045,True,True,MATCHED
1617,1618,B,N,0.14499999999999957,True,True,MATCHED
1618,1675,N,B,0.14484129245487978,True,True,MATCHED
1618,1677,N,B,0.14489306401619115,True,True,MATCHED
1619,1620,B,N,0.14499999999999957,True,True,MATCHED
1620,1677,N,B,0.14551288602732082,True,True,MATCHED
1620,1679,N,B,0.1448378403594867,True,True,MATCHED
1621,1622,B,N,0.14500000000000046,True,True,MATCHED
1623,1624,B,N,0.14500000000000046,True,True,MATCHED
1625,1626,B,N,0.14500000000000046,True,True,MATCHED
1627,1628,B,N,0.14500000000000046,True,True,MATCHED
1629,1630,B,N,0.14500000000000046,True,True,MATCHED
1631,1632,B,N,0.14500000000000046,True,True,MATCHED
1633,1634,B,N,0.14500000000000046,True,True,MATCHED
1635,1636,B,N,0.14500000000000046,True,True,MATCHED
1637,1638,B,N,0.14500000000000046,True,True,MATCHED
1639,1640,B,N,0.14500000000000046,True,True,MATCHED
1641,1642,B,N,0.14500000000000046,True,True,MATCHED
1643,1644,B,N,0.14500000000000046,True,True,MATCHED
1645,1646,B,N,0.14500000000000046,True,True,MATCHED
1647,1648,B,N,0.14500000000000046,True,True,MATCHED
1649,1650,B,N,0.14500000000000046,True,True,MATCHED
1651,1652,B,N,0.14500000000000046,True,True,MATCHED
1653,1654,B,N,0.14500000000000046,True,True,MATCHED
1655,1656,B,N,0.14500000000000046,True,True,MATCHED
1657,1658,B,N,0.14500000000000046,True,True,MATCHED
1659,1660,B,N,0.14500000000000046,True,True,MATCHED
1661,1662,B,N,0.14500000000000046,True,True,MATCHED
1663,1664,B,N,0.14500000000000046,True,True,MATCHED
1665,1666,B,N,0.14500000000000046,True,True,MATCHED
1667,1668,B,N,0.14500000000000046,True,True,MATCHED
1669,1670,B,N,0.14500000000000046,True,True,MATCHED
1671,1672,B,N,0.14500000000000046,True,True,MATCHED
1673,1674,B,N,0.14500000000000046,True,True,MATCHED
1675,1676,B,N,0.14500000000000046,True,True,MATCHED
1677,1678,B,N,0.14500000000000046,True,True,MATCHED
1679,1680,B,N,0.14500000000000046,True,True,MATCHED
