distance_mode,element,hbn_local_index_0based,neighbor_rank,distance_nm
RAW_NO_PBC,B,0,1,0.14500000000000002
RAW_NO_PBC,B,2,1,0.14500000000000002
RAW_NO_PBC,B,4,1,0.14500000000000002
RAW_NO_PBC,B,6,1,0.14500000000000002
RAW_NO_PBC,B,8,1,0.14500000000000002
RAW_NO_PBC,B,10,1,0.14500000000000002
RAW_NO_PBC,B,12,1,0.14500000000000002
RAW_NO_PBC,B,14,1,0.14500000000000002
RAW_NO_PBC,B,16,1,0.14500000000000002
RAW_NO_PBC,B,18,1,0.14500000000000002
RAW_NO_PBC,B,20,1,0.14500000000000002
RAW_NO_PBC,B,22,1,0.14500000000000002
RAW_NO_PBC,B,24,1,0.14500000000000002
RAW_NO_PBC,B,26,1,0.14500000000000002
RAW_NO_PBC,B,28,1,0.14500000000000002
RAW_NO_PBC,B,30,1,0.14500000000000002
RAW_NO_PBC,B,32,1,0.14500000000000002
RAW_NO_PBC,B,34,1,0.14500000000000002
RAW_NO_PBC,B,36,1,0.14500000000000002
RAW_NO_PBC,B,38,1,0.14500000000000002
RAW_NO_PBC,B,40,1,0.14500000000000002
RAW_NO_PBC,B,42,1,0.14500000000000002
RAW_NO_PBC,B,44,1,0.14500000000000002
RAW_NO_PBC,B,46,1,0.14500000000000002
RAW_NO_PBC,B,48,1,0.14500000000000002
RAW_NO_PBC,B,50,1,0.14500000000000002
RAW_NO_PBC,B,52,1,0.14500000000000002
RAW_NO_PBC,B,54,1,0.14500000000000002
RAW_NO_PBC,B,56,1,0.14500000000000002
RAW_NO_PBC,B,58,1,0.14500000000000002
RAW_NO_PBC,B,60,1,0.14477568856683093
RAW_NO_PBC,B,62,1,0.14439182802361047
RAW_NO_PBC,B,64,1,0.14481022063376636
RAW_NO_PBC,B,66,1,0.14377760604489156
RAW_NO_PBC,B,68,1,0.14481022063376636
RAW_NO_PBC,B,70,1,0.14456140563788109
RAW_NO_PBC,B,72,1,0.14439182802361047
RAW_NO_PBC,B,74,1,0.1443779761598008
RAW_NO_PBC,B,76,1,0.14439182802361084
RAW_NO_PBC,B,78,1,0.14456140563788109
RAW_NO_PBC,B,80,1,0.14433987668000817
RAW_NO_PBC,B,82,1,0.14439182802361086
RAW_NO_PBC,B,84,1,0.1443364125922496
RAW_NO_PBC,B,86,1,0.14456140563788109
RAW_NO_PBC,B,88,1,0.1446409347314931
RAW_NO_PBC,B,90,1,0.14442298985964805
RAW_NO_PBC,B,92,1,0.14456140563788109
RAW_NO_PBC,B,94,1,0.14483438818181277
RAW_NO_PBC,B,96,1,0.1443398766800084
RAW_NO_PBC,B,98,1,0.1443398766800084
RAW_NO_PBC,B,100,1,0.14456140563788109
RAW_NO_PBC,B,102,1,0.14461673485458038
RAW_NO_PBC,B,104,1,0.14442298985964805
RAW_NO_PBC,B,106,1,0.14461673485458001
RAW_NO_PBC,B,108,1,0.14456140563788109
RAW_NO_PBC,B,110,1,0.1443364125922496
RAW_NO_PBC,B,112,1,0.14433987668000817
RAW_NO_PBC,B,114,1,0.14483438818181293
RAW_NO_PBC,B,116,1,0.14439182802361084
RAW_NO_PBC,B,118,1,0.1443779761598008
RAW_NO_PBC,B,120,1,0.14489306401619054
RAW_NO_PBC,B,122,1,0.14500000000000002
RAW_NO_PBC,B,124,1,0.14500000000000002
RAW_NO_PBC,B,126,1,0.14428097587693264
RAW_NO_PBC,B,128,1,0.14500000000000002
RAW_NO_PBC,B,130,1,0.14489306401619054
RAW_NO_PBC,B,132,1,0.14500000000000002
RAW_NO_PBC,B,134,1,0.14487926007541588
RAW_NO_PBC,B,136,1,0.1448930640161909
RAW_NO_PBC,B,138,1,0.14500000000000002
RAW_NO_PBC,B,140,1,0.14484129245487956
RAW_NO_PBC,B,142,1,0.1448378403594865
RAW_NO_PBC,B,144,1,0.14500000000000002
RAW_NO_PBC,B,146,1,0.14500000000000002
RAW_NO_PBC,B,148,1,0.1449241180756329
RAW_NO_PBC,B,150,1,0.14500000000000002
RAW_NO_PBC,B,152,1,0.14500000000000002
RAW_NO_PBC,B,154,1,0.14484129245487978
RAW_NO_PBC,B,156,1,0.14484129245487978
RAW_NO_PBC,B,158,1,0.14500000000000002
RAW_NO_PBC,B,160,1,0.14500000000000002
RAW_NO_PBC,B,162,1,0.1449241180756329
RAW_NO_PBC,B,164,1,0.14500000000000002
RAW_NO_PBC,B,166,1,0.14500000000000002
RAW_NO_PBC,B,168,1,0.1448378403594865
RAW_NO_PBC,B,170,1,0.14489306401619093
RAW_NO_PBC,B,172,1,0.14484129245487956
RAW_NO_PBC,B,174,1,0.14500000000000002
RAW_NO_PBC,B,176,1,0.1448930640161909
RAW_NO_PBC,B,178,1,0.14487926007541588
RAW_NO_PBC,B,180,1,0.14439182802361047
RAW_NO_PBC,B,182,1,0.14481022063376636
RAW_NO_PBC,B,184,1,0.14377760604489156
RAW_NO_PBC,B,186,1,0.14481022063376636
RAW_NO_PBC,B,188,1,0.14456140563788109
RAW_NO_PBC,B,190,1,0.14439182802361047
RAW_NO_PBC,B,192,1,0.1443779761598008
RAW_NO_PBC,B,194,1,0.14439182802361084
RAW_NO_PBC,B,196,1,0.14456140563788109
RAW_NO_PBC,B,198,1,0.14433987668000817
RAW_NO_PBC,B,200,1,0.14439182802361086
RAW_NO_PBC,B,202,1,0.1443364125922496
RAW_NO_PBC,B,204,1,0.14456140563788109
RAW_NO_PBC,B,206,1,0.1446409347314931
RAW_NO_PBC,B,208,1,0.14442298985964805
RAW_NO_PBC,B,210,1,0.14456140563788109
RAW_NO_PBC,B,212,1,0.14483438818181277
RAW_NO_PBC,B,214,1,0.1443398766800084
RAW_NO_PBC,B,216,1,0.1443398766800084
RAW_NO_PBC,B,218,1,0.14456140563788109
RAW_NO_PBC,B,220,1,0.14461673485458038
RAW_NO_PBC,B,222,1,0.14442298985964805
RAW_NO_PBC,B,224,1,0.14461673485458001
RAW_NO_PBC,B,226,1,0.14456140563788109
RAW_NO_PBC,B,228,1,0.1443364125922496
RAW_NO_PBC,B,230,1,0.14433987668000817
RAW_NO_PBC,B,232,1,0.14483438818181293
RAW_NO_PBC,B,234,1,0.14439182802361084
RAW_NO_PBC,B,236,1,0.1443779761598008
RAW_NO_PBC,B,238,1,0.14477568856683093
RAW_NO_PBC,B,240,1,0.14500000000000002
RAW_NO_PBC,B,242,1,0.14500000000000002
RAW_NO_PBC,B,244,1,0.14428097587693264
RAW_NO_PBC,B,246,1,0.14500000000000002
RAW_NO_PBC,B,248,1,0.14489306401619054
RAW_NO_PBC,B,250,1,0.14500000000000002
RAW_NO_PBC,B,252,1,0.14487926007541588
RAW_NO_PBC,B,254,1,0.1448930640161909
RAW_NO_PBC,B,256,1,0.14500000000000002
RAW_NO_PBC,B,258,1,0.14484129245487956
RAW_NO_PBC,B,260,1,0.1448378403594865
RAW_NO_PBC,B,262,1,0.14500000000000002
RAW_NO_PBC,B,264,1,0.14500000000000002
RAW_NO_PBC,B,266,1,0.1449241180756329
RAW_NO_PBC,B,268,1,0.14500000000000002
RAW_NO_PBC,B,270,1,0.14500000000000002
RAW_NO_PBC,B,272,1,0.14484129245487978
RAW_NO_PBC,B,274,1,0.14484129245487978
RAW_NO_PBC,B,276,1,0.14500000000000002
RAW_NO_PBC,B,278,1,0.14500000000000002
RAW_NO_PBC,B,280,1,0.1449241180756329
RAW_NO_PBC,B,282,1,0.14500000000000002
RAW_NO_PBC,B,284,1,0.14500000000000002
RAW_NO_PBC,B,286,1,0.1448378403594865
RAW_NO_PBC,B,288,1,0.14489306401619093
RAW_NO_PBC,B,290,1,0.14484129245487956
RAW_NO_PBC,B,292,1,0.14500000000000002
RAW_NO_PBC,B,294,1,0.1448930640161909
RAW_NO_PBC,B,296,1,0.14487926007541588
RAW_NO_PBC,B,298,1,0.14489306401619054
RAW_NO_PBC,B,300,1,0.14481022063376636
RAW_NO_PBC,B,302,1,0.14377760604489156
RAW_NO_PBC,B,304,1,0.14481022063376636
RAW_NO_PBC,B,306,1,0.14456140563788109
RAW_NO_PBC,B,308,1,0.14439182802361047
RAW_NO_PBC,B,310,1,0.1443779761598008
RAW_NO_PBC,B,312,1,0.14439182802361084
RAW_NO_PBC,B,314,1,0.14456140563788109
RAW_NO_PBC,B,316,1,0.14433987668000817
RAW_NO_PBC,B,318,1,0.14439182802361086
RAW_NO_PBC,B,320,1,0.1443364125922496
RAW_NO_PBC,B,322,1,0.14456140563788109
RAW_NO_PBC,B,324,1,0.1446409347314931
RAW_NO_PBC,B,326,1,0.14442298985964805
RAW_NO_PBC,B,328,1,0.14456140563788109
RAW_NO_PBC,B,330,1,0.14483438818181277
RAW_NO_PBC,B,332,1,0.1443398766800084
RAW_NO_PBC,B,334,1,0.1443398766800084
RAW_NO_PBC,B,336,1,0.14456140563788109
RAW_NO_PBC,B,338,1,0.14461673485458038
RAW_NO_PBC,B,340,1,0.14442298985964805
RAW_NO_PBC,B,342,1,0.14461673485458001
RAW_NO_PBC,B,344,1,0.14456140563788109
RAW_NO_PBC,B,346,1,0.1443364125922496
RAW_NO_PBC,B,348,1,0.14433987668000817
RAW_NO_PBC,B,350,1,0.14483438818181293
RAW_NO_PBC,B,352,1,0.14439182802361084
RAW_NO_PBC,B,354,1,0.1443779761598008
RAW_NO_PBC,B,356,1,0.14477568856683093
RAW_NO_PBC,B,358,1,0.14439182802361047
RAW_NO_PBC,B,360,1,0.14500000000000002
RAW_NO_PBC,B,362,1,0.14428097587693264
RAW_NO_PBC,B,364,1,0.14500000000000002
RAW_NO_PBC,B,366,1,0.14489306401619054
RAW_NO_PBC,B,368,1,0.14500000000000002
RAW_NO_PBC,B,370,1,0.14487926007541588
RAW_NO_PBC,B,372,1,0.1448930640161909
RAW_NO_PBC,B,374,1,0.14500000000000002
RAW_NO_PBC,B,376,1,0.14484129245487956
RAW_NO_PBC,B,378,1,0.1448378403594865
RAW_NO_PBC,B,380,1,0.14500000000000002
RAW_NO_PBC,B,382,1,0.14500000000000002
RAW_NO_PBC,B,384,1,0.1449241180756329
RAW_NO_PBC,B,386,1,0.14500000000000002
RAW_NO_PBC,B,388,1,0.14500000000000002
RAW_NO_PBC,B,390,1,0.14484129245487978
RAW_NO_PBC,B,392,1,0.14484129245487978
RAW_NO_PBC,B,394,1,0.14500000000000002
RAW_NO_PBC,B,396,1,0.14500000000000002
RAW_NO_PBC,B,398,1,0.1449241180756329
RAW_NO_PBC,B,400,1,0.14500000000000002
RAW_NO_PBC,B,402,1,0.14500000000000002
RAW_NO_PBC,B,404,1,0.1448378403594865
RAW_NO_PBC,B,406,1,0.14489306401619093
RAW_NO_PBC,B,408,1,0.14484129245487956
RAW_NO_PBC,B,410,1,0.14500000000000002
RAW_NO_PBC,B,412,1,0.1448930640161909
RAW_NO_PBC,B,414,1,0.14487926007541588
RAW_NO_PBC,B,416,1,0.14489306401619054
RAW_NO_PBC,B,418,1,0.14500000000000002
RAW_NO_PBC,B,420,1,0.14377760604489134
RAW_NO_PBC,B,422,1,0.14481022063376614
RAW_NO_PBC,B,424,1,0.1445614056378809
RAW_NO_PBC,B,426,1,0.14439182802361025
RAW_NO_PBC,B,428,1,0.14437797615980058
RAW_NO_PBC,B,430,1,0.14439182802361064
RAW_NO_PBC,B,432,1,0.1445614056378809
RAW_NO_PBC,B,434,1,0.14433987668000794
RAW_NO_PBC,B,436,1,0.14439182802361064
RAW_NO_PBC,B,438,1,0.14433641259224939
RAW_NO_PBC,B,440,1,0.1445614056378809
RAW_NO_PBC,B,442,1,0.14464093473149287
RAW_NO_PBC,B,444,1,0.14442298985964783
RAW_NO_PBC,B,446,1,0.1445614056378809
RAW_NO_PBC,B,448,1,0.14483438818181255
RAW_NO_PBC,B,450,1,0.1443398766800082
RAW_NO_PBC,B,452,1,0.1443398766800082
RAW_NO_PBC,B,454,1,0.1445614056378809
RAW_NO_PBC,B,456,1,0.14461673485458015
RAW_NO_PBC,B,458,1,0.14442298985964783
RAW_NO_PBC,B,460,1,0.1446167348545798
RAW_NO_PBC,B,462,1,0.1445614056378809
RAW_NO_PBC,B,464,1,0.14433641259224939
RAW_NO_PBC,B,466,1,0.14433987668000794
RAW_NO_PBC,B,468,1,0.1448343881818127
RAW_NO_PBC,B,470,1,0.14439182802361064
RAW_NO_PBC,B,472,1,0.14437797615980058
RAW_NO_PBC,B,474,1,0.1447756885668307
RAW_NO_PBC,B,476,1,0.14439182802361025
RAW_NO_PBC,B,478,1,0.14481022063376614
RAW_NO_PBC,B,480,1,0.14428097587693287
RAW_NO_PBC,B,482,1,0.14499999999999957
RAW_NO_PBC,B,484,1,0.14489306401619076
RAW_NO_PBC,B,486,1,0.14499999999999957
RAW_NO_PBC,B,488,1,0.1448792600754161
RAW_NO_PBC,B,490,1,0.14489306401619112
RAW_NO_PBC,B,492,1,0.14499999999999957
RAW_NO_PBC,B,494,1,0.14484129245487978
RAW_NO_PBC,B,496,1,0.1448378403594867
RAW_NO_PBC,B,498,1,0.14499999999999957
RAW_NO_PBC,B,500,1,0.14499999999999957
RAW_NO_PBC,B,502,1,0.14492411807563313
RAW_NO_PBC,B,504,1,0.14499999999999957
RAW_NO_PBC,B,506,1,0.14499999999999957
RAW_NO_PBC,B,508,1,0.14484129245488003
RAW_NO_PBC,B,510,1,0.14484129245488003
RAW_NO_PBC,B,512,1,0.14499999999999957
RAW_NO_PBC,B,514,1,0.14499999999999957
RAW_NO_PBC,B,516,1,0.14492411807563313
RAW_NO_PBC,B,518,1,0.14499999999999957
RAW_NO_PBC,B,520,1,0.14499999999999957
RAW_NO_PBC,B,522,1,0.1448378403594867
RAW_NO_PBC,B,524,1,0.14489306401619115
RAW_NO_PBC,B,526,1,0.14484129245487978
RAW_NO_PBC,B,528,1,0.14499999999999957
RAW_NO_PBC,B,530,1,0.14489306401619112
RAW_NO_PBC,B,532,1,0.1448792600754161
RAW_NO_PBC,B,534,1,0.14489306401619076
RAW_NO_PBC,B,536,1,0.14499999999999957
RAW_NO_PBC,B,538,1,0.14499999999999957
RAW_NO_PBC,B,540,1,0.14499999999999957
RAW_NO_PBC,B,542,1,0.14499999999999957
RAW_NO_PBC,B,544,1,0.14489306401619076
RAW_NO_PBC,B,546,1,0.1448792600754161
RAW_NO_PBC,B,548,1,0.14489306401619112
RAW_NO_PBC,B,550,1,0.14499999999999957
RAW_NO_PBC,B,552,1,0.14484129245487978
RAW_NO_PBC,B,554,1,0.14489306401619115
RAW_NO_PBC,B,556,1,0.1448378403594867
RAW_NO_PBC,B,558,1,0.14499999999999957
RAW_NO_PBC,B,560,1,0.14499999999999957
RAW_NO_PBC,B,562,1,0.14492411807563313
RAW_NO_PBC,B,564,1,0.14499999999999957
RAW_NO_PBC,B,566,1,0.14499999999999957
RAW_NO_PBC,B,568,1,0.14484129245488003
RAW_NO_PBC,B,570,1,0.14484129245488003
RAW_NO_PBC,B,572,1,0.14499999999999957
RAW_NO_PBC,B,574,1,0.14499999999999957
RAW_NO_PBC,B,576,1,0.14492411807563313
RAW_NO_PBC,B,578,1,0.14499999999999957
RAW_NO_PBC,B,580,1,0.14499999999999957
RAW_NO_PBC,B,582,1,0.1448378403594867
RAW_NO_PBC,B,584,1,0.14484129245487978
RAW_NO_PBC,B,586,1,0.14499999999999957
RAW_NO_PBC,B,588,1,0.14489306401619112
RAW_NO_PBC,B,590,1,0.1448792600754161
RAW_NO_PBC,B,592,1,0.14499999999999957
RAW_NO_PBC,B,594,1,0.14489306401619076
RAW_NO_PBC,B,596,1,0.14499999999999957
RAW_NO_PBC,B,598,1,0.14428097587693287
RAW_NO_PBC,B,600,1,0.14481022063376636
RAW_NO_PBC,B,602,1,0.14439182802361047
RAW_NO_PBC,B,604,1,0.14477568856683093
RAW_NO_PBC,B,606,1,0.1443779761598008
RAW_NO_PBC,B,608,1,0.14439182802361084
RAW_NO_PBC,B,610,1,0.14483438818181293
RAW_NO_PBC,B,612,1,0.14433987668000817
RAW_NO_PBC,B,614,1,0.1443364125922496
RAW_NO_PBC,B,616,1,0.14456140563788109
RAW_NO_PBC,B,618,1,0.14461673485458001
RAW_NO_PBC,B,620,1,0.14442298985964805
RAW_NO_PBC,B,622,1,0.14461673485458038
RAW_NO_PBC,B,624,1,0.14456140563788109
RAW_NO_PBC,B,626,1,0.1443398766800084
RAW_NO_PBC,B,628,1,0.1443398766800084
RAW_NO_PBC,B,630,1,0.14483438818181277
RAW_NO_PBC,B,632,1,0.14456140563788109
RAW_NO_PBC,B,634,1,0.14442298985964805
RAW_NO_PBC,B,636,1,0.1446409347314931
RAW_NO_PBC,B,638,1,0.14456140563788109
RAW_NO_PBC,B,640,1,0.1443364125922496
RAW_NO_PBC,B,642,1,0.14439182802361086
RAW_NO_PBC,B,644,1,0.14433987668000817
RAW_NO_PBC,B,646,1,0.14456140563788109
RAW_NO_PBC,B,648,1,0.14439182802361084
RAW_NO_PBC,B,650,1,0.1443779761598008
RAW_NO_PBC,B,652,1,0.14439182802361047
RAW_NO_PBC,B,654,1,0.14456140563788109
RAW_NO_PBC,B,656,1,0.14481022063376636
RAW_NO_PBC,B,658,1,0.14377760604489156
RAW_NO_PBC,B,660,1,0.14400000000000013
RAW_NO_PBC,B,662,1,0.14400000000000013
RAW_NO_PBC,B,664,1,0.14400000000000013
RAW_NO_PBC,B,666,1,0.14400000000000013
RAW_NO_PBC,B,668,1,0.14400000000000013
RAW_NO_PBC,B,670,1,0.14400000000000013
RAW_NO_PBC,B,672,1,0.14400000000000013
RAW_NO_PBC,B,674,1,0.14400000000000013
RAW_NO_PBC,B,676,1,0.14400000000000013
RAW_NO_PBC,B,678,1,0.14400000000000013
RAW_NO_PBC,B,680,1,0.14400000000000013
RAW_NO_PBC,B,682,1,0.14400000000000013
RAW_NO_PBC,B,684,1,0.14400000000000013
RAW_NO_PBC,B,686,1,0.14400000000000013
RAW_NO_PBC,B,688,1,0.14400000000000013
RAW_NO_PBC,B,690,1,0.14400000000000013
RAW_NO_PBC,B,692,1,0.14400000000000013
RAW_NO_PBC,B,694,1,0.14400000000000013
RAW_NO_PBC,B,696,1,0.14400000000000013
RAW_NO_PBC,B,698,1,0.14400000000000013
RAW_NO_PBC,B,700,1,0.14400000000000013
RAW_NO_PBC,B,702,1,0.14400000000000013
RAW_NO_PBC,B,704,1,0.14400000000000013
RAW_NO_PBC,B,706,1,0.14400000000000013
RAW_NO_PBC,B,708,1,0.14400000000000013
RAW_NO_PBC,B,710,1,0.14400000000000013
RAW_NO_PBC,B,712,1,0.14400000000000013
RAW_NO_PBC,B,714,1,0.14400000000000013
RAW_NO_PBC,B,716,1,0.14400000000000013
RAW_NO_PBC,B,718,1,0.14400000000000013
RAW_NO_PBC,B,720,1,0.14489306401619076
RAW_NO_PBC,B,722,1,0.14499999999999957
RAW_NO_PBC,B,724,1,0.1448792600754161
RAW_NO_PBC,B,726,1,0.14489306401619112
RAW_NO_PBC,B,728,1,0.14499999999999957
RAW_NO_PBC,B,730,1,0.14484129245487978
RAW_NO_PBC,B,732,1,0.1448378403594867
RAW_NO_PBC,B,734,1,0.14499999999999957
RAW_NO_PBC,B,736,1,0.14499999999999957
RAW_NO_PBC,B,738,1,0.14492411807563313
RAW_NO_PBC,B,740,1,0.14499999999999957
RAW_NO_PBC,B,742,1,0.14499999999999957
RAW_NO_PBC,B,744,1,0.14484129245488003
RAW_NO_PBC,B,746,1,0.14484129245488003
RAW_NO_PBC,B,748,1,0.14499999999999957
RAW_NO_PBC,B,750,1,0.14499999999999957
RAW_NO_PBC,B,752,1,0.14492411807563313
RAW_NO_PBC,B,754,1,0.14499999999999957
RAW_NO_PBC,B,756,1,0.14499999999999957
RAW_NO_PBC,B,758,1,0.1448378403594867
RAW_NO_PBC,B,760,1,0.14489306401619115
RAW_NO_PBC,B,762,1,0.14484129245487978
RAW_NO_PBC,B,764,1,0.14499999999999957
RAW_NO_PBC,B,766,1,0.14489306401619112
RAW_NO_PBC,B,768,1,0.1448792600754161
RAW_NO_PBC,B,770,1,0.14489306401619076
RAW_NO_PBC,B,772,1,0.14499999999999957
RAW_NO_PBC,B,774,1,0.14499999999999957
RAW_NO_PBC,B,776,1,0.14428097587693287
RAW_NO_PBC,B,778,1,0.14499999999999957
RAW_NO_PBC,B,780,1,0.14439182802361047
RAW_NO_PBC,B,782,1,0.1443779761598008
RAW_NO_PBC,B,784,1,0.14439182802361084
RAW_NO_PBC,B,786,1,0.14456140563788109
RAW_NO_PBC,B,788,1,0.14433987668000817
RAW_NO_PBC,B,790,1,0.14439182802361086
RAW_NO_PBC,B,792,1,0.1443364125922496
RAW_NO_PBC,B,794,1,0.14456140563788109
RAW_NO_PBC,B,796,1,0.1446409347314931
RAW_NO_PBC,B,798,1,0.14442298985964805
RAW_NO_PBC,B,800,1,0.14456140563788109
RAW_NO_PBC,B,802,1,0.14483438818181277
RAW_NO_PBC,B,804,1,0.1443398766800084
RAW_NO_PBC,B,806,1,0.1443398766800084
RAW_NO_PBC,B,808,1,0.14456140563788109
RAW_NO_PBC,B,810,1,0.14461673485458038
RAW_NO_PBC,B,812,1,0.14442298985964805
RAW_NO_PBC,B,814,1,0.14461673485458001
RAW_NO_PBC,B,816,1,0.14456140563788109
RAW_NO_PBC,B,818,1,0.1443364125922496
RAW_NO_PBC,B,820,1,0.14433987668000817
RAW_NO_PBC,B,822,1,0.14483438818181293
RAW_NO_PBC,B,824,1,0.14439182802361084
RAW_NO_PBC,B,826,1,0.1443779761598008
RAW_NO_PBC,B,828,1,0.14477568856683093
RAW_NO_PBC,B,830,1,0.14439182802361047
RAW_NO_PBC,B,832,1,0.14481022063376636
RAW_NO_PBC,B,834,1,0.14377760604489156
RAW_NO_PBC,B,836,1,0.14481022063376636
RAW_NO_PBC,B,838,1,0.14456140563788109
RAW_NO_PBC,B,840,1,0.14477568856683093
RAW_NO_PBC,B,842,1,0.1443779761598008
RAW_NO_PBC,B,844,1,0.14439182802361084
RAW_NO_PBC,B,846,1,0.14483438818181293
RAW_NO_PBC,B,848,1,0.14433987668000817
RAW_NO_PBC,B,850,1,0.1443364125922496
RAW_NO_PBC,B,852,1,0.14456140563788109
RAW_NO_PBC,B,854,1,0.14461673485458001
RAW_NO_PBC,B,856,1,0.14442298985964805
RAW_NO_PBC,B,858,1,0.14461673485458038
RAW_NO_PBC,B,860,1,0.14456140563788109
RAW_NO_PBC,B,862,1,0.1443398766800084
RAW_NO_PBC,B,864,1,0.1443398766800084
RAW_NO_PBC,B,866,1,0.14483438818181277
RAW_NO_PBC,B,868,1,0.14456140563788109
RAW_NO_PBC,B,870,1,0.14442298985964805
RAW_NO_PBC,B,872,1,0.1446409347314931
RAW_NO_PBC,B,874,1,0.14456140563788109
RAW_NO_PBC,B,876,1,0.1443364125922496
RAW_NO_PBC,B,878,1,0.14439182802361086
RAW_NO_PBC,B,880,1,0.14433987668000817
RAW_NO_PBC,B,882,1,0.14456140563788109
RAW_NO_PBC,B,884,1,0.14439182802361084
RAW_NO_PBC,B,886,1,0.1443779761598008
RAW_NO_PBC,B,888,1,0.14439182802361047
RAW_NO_PBC,B,890,1,0.14456140563788109
RAW_NO_PBC,B,892,1,0.14481022063376636
RAW_NO_PBC,B,894,1,0.14377760604489156
RAW_NO_PBC,B,896,1,0.14481022063376636
RAW_NO_PBC,B,898,1,0.14439182802361047
RAW_NO_PBC,B,900,1,0.14487926007541566
RAW_NO_PBC,B,902,1,0.14489306401619068
RAW_NO_PBC,B,904,1,0.14500000000000046
RAW_NO_PBC,B,906,1,0.14484129245487934
RAW_NO_PBC,B,908,1,0.1448930640161907
RAW_NO_PBC,B,910,1,0.14483784035948627
RAW_NO_PBC,B,912,1,0.14500000000000046
RAW_NO_PBC,B,914,1,0.14500000000000046
RAW_NO_PBC,B,916,1,0.14492411807563269
RAW_NO_PBC,B,918,1,0.14500000000000046
RAW_NO_PBC,B,920,1,0.14500000000000046
RAW_NO_PBC,B,922,1,0.14484129245487956
RAW_NO_PBC,B,924,1,0.14484129245487956
RAW_NO_PBC,B,926,1,0.14500000000000046
RAW_NO_PBC,B,928,1,0.14500000000000046
RAW_NO_PBC,B,930,1,0.14492411807563269
RAW_NO_PBC,B,932,1,0.14500000000000046
RAW_NO_PBC,B,934,1,0.14500000000000046
RAW_NO_PBC,B,936,1,0.14483784035948627
RAW_NO_PBC,B,938,1,0.14484129245487934
RAW_NO_PBC,B,940,1,0.14500000000000046
RAW_NO_PBC,B,942,1,0.14489306401619068
RAW_NO_PBC,B,944,1,0.14487926007541566
RAW_NO_PBC,B,946,1,0.14500000000000046
RAW_NO_PBC,B,948,1,0.14489306401619031
RAW_NO_PBC,B,950,1,0.14500000000000046
RAW_NO_PBC,B,952,1,0.14428097587693242
RAW_NO_PBC,B,954,1,0.14500000000000046
RAW_NO_PBC,B,956,1,0.14500000000000046
RAW_NO_PBC,B,958,1,0.14489306401619031
RAW_NO_PBC,B,960,1,0.1443779761598008
RAW_NO_PBC,B,962,1,0.14439182802361084
RAW_NO_PBC,B,964,1,0.14483438818181293
RAW_NO_PBC,B,966,1,0.14433987668000817
RAW_NO_PBC,B,968,1,0.1443364125922496
RAW_NO_PBC,B,970,1,0.14456140563788109
RAW_NO_PBC,B,972,1,0.14461673485458001
RAW_NO_PBC,B,974,1,0.14442298985964805
RAW_NO_PBC,B,976,1,0.14461673485458038
RAW_NO_PBC,B,978,1,0.14456140563788109
RAW_NO_PBC,B,980,1,0.1443398766800084
RAW_NO_PBC,B,982,1,0.1443398766800084
RAW_NO_PBC,B,984,1,0.14483438818181277
RAW_NO_PBC,B,986,1,0.14456140563788109
RAW_NO_PBC,B,988,1,0.14442298985964805
RAW_NO_PBC,B,990,1,0.1446409347314931
RAW_NO_PBC,B,992,1,0.14456140563788109
RAW_NO_PBC,B,994,1,0.1443364125922496
RAW_NO_PBC,B,996,1,0.14439182802361086
RAW_NO_PBC,B,998,1,0.14433987668000817
RAW_NO_PBC,B,1000,1,0.14456140563788109
RAW_NO_PBC,B,1002,1,0.14439182802361084
RAW_NO_PBC,B,1004,1,0.1443779761598008
RAW_NO_PBC,B,1006,1,0.14439182802361047
RAW_NO_PBC,B,1008,1,0.14456140563788109
RAW_NO_PBC,B,1010,1,0.14481022063376636
RAW_NO_PBC,B,1012,1,0.14377760604489156
RAW_NO_PBC,B,1014,1,0.14481022063376636
RAW_NO_PBC,B,1016,1,0.14439182802361047
RAW_NO_PBC,B,1018,1,0.14477568856683093
RAW_NO_PBC,B,1020,1,0.14439182802361084
RAW_NO_PBC,B,1022,1,0.14456140563788109
RAW_NO_PBC,B,1024,1,0.14433987668000817
RAW_NO_PBC,B,1026,1,0.14439182802361086
RAW_NO_PBC,B,1028,1,0.1443364125922496
RAW_NO_PBC,B,1030,1,0.14456140563788109
RAW_NO_PBC,B,1032,1,0.1446409347314931
RAW_NO_PBC,B,1034,1,0.14442298985964805
RAW_NO_PBC,B,1036,1,0.14456140563788109
RAW_NO_PBC,B,1038,1,0.14483438818181277
RAW_NO_PBC,B,1040,1,0.1443398766800084
RAW_NO_PBC,B,1042,1,0.1443398766800084
RAW_NO_PBC,B,1044,1,0.14456140563788109
RAW_NO_PBC,B,1046,1,0.14461673485458038
RAW_NO_PBC,B,1048,1,0.14442298985964805
RAW_NO_PBC,B,1050,1,0.14461673485458001
RAW_NO_PBC,B,1052,1,0.14456140563788109
RAW_NO_PBC,B,1054,1,0.1443364125922496
RAW_NO_PBC,B,1056,1,0.14433987668000817
RAW_NO_PBC,B,1058,1,0.14483438818181293
RAW_NO_PBC,B,1060,1,0.14439182802361084
RAW_NO_PBC,B,1062,1,0.1443779761598008
RAW_NO_PBC,B,1064,1,0.14477568856683093
RAW_NO_PBC,B,1066,1,0.14439182802361047
RAW_NO_PBC,B,1068,1,0.14481022063376636
RAW_NO_PBC,B,1070,1,0.14377760604489156
RAW_NO_PBC,B,1072,1,0.14481022063376636
RAW_NO_PBC,B,1074,1,0.14456140563788109
RAW_NO_PBC,B,1076,1,0.14439182802361047
RAW_NO_PBC,B,1078,1,0.1443779761598008
RAW_NO_PBC,B,1080,1,0.14489306401619112
RAW_NO_PBC,B,1082,1,0.14499999999999957
RAW_NO_PBC,B,1084,1,0.14484129245487978
RAW_NO_PBC,B,1086,1,0.1448378403594867
RAW_NO_PBC,B,1088,1,0.14499999999999957
RAW_NO_PBC,B,1090,1,0.14499999999999957
RAW_NO_PBC,B,1092,1,0.14492411807563313
RAW_NO_PBC,B,1094,1,0.14499999999999957
RAW_NO_PBC,B,1096,1,0.14499999999999957
RAW_NO_PBC,B,1098,1,0.14484129245488003
RAW_NO_PBC,B,1100,1,0.14484129245488003
RAW_NO_PBC,B,1102,1,0.14499999999999957
RAW_NO_PBC,B,1104,1,0.14499999999999957
RAW_NO_PBC,B,1106,1,0.14492411807563313
RAW_NO_PBC,B,1108,1,0.14499999999999957
RAW_NO_PBC,B,1110,1,0.14499999999999957
RAW_NO_PBC,B,1112,1,0.1448378403594867
RAW_NO_PBC,B,1114,1,0.14489306401619115
RAW_NO_PBC,B,1116,1,0.14484129245487978
RAW_NO_PBC,B,1118,1,0.14499999999999957
RAW_NO_PBC,B,1120,1,0.14489306401619112
RAW_NO_PBC,B,1122,1,0.1448792600754161
RAW_NO_PBC,B,1124,1,0.14489306401619076
RAW_NO_PBC,B,1126,1,0.14499999999999957
RAW_NO_PBC,B,1128,1,0.14499999999999957
RAW_NO_PBC,B,1130,1,0.14428097587693287
RAW_NO_PBC,B,1132,1,0.14499999999999957
RAW_NO_PBC,B,1134,1,0.14489306401619076
RAW_NO_PBC,B,1136,1,0.14499999999999957
RAW_NO_PBC,B,1138,1,0.1448792600754161
RAW_NO_PBC,B,1140,1,0.14400000000000013
RAW_NO_PBC,B,1142,1,0.14400000000000013
RAW_NO_PBC,B,1144,1,0.14400000000000013
RAW_NO_PBC,B,1146,1,0.14400000000000013
RAW_NO_PBC,B,1148,1,0.14400000000000013
RAW_NO_PBC,B,1150,1,0.14400000000000013
RAW_NO_PBC,B,1152,1,0.14400000000000013
RAW_NO_PBC,B,1154,1,0.14400000000000013
RAW_NO_PBC,B,1156,1,0.14400000000000013
RAW_NO_PBC,B,1158,1,0.14400000000000013
RAW_NO_PBC,B,1160,1,0.14400000000000013
RAW_NO_PBC,B,1162,1,0.14400000000000013
RAW_NO_PBC,B,1164,1,0.14400000000000013
RAW_NO_PBC,B,1166,1,0.14400000000000013
RAW_NO_PBC,B,1168,1,0.14400000000000013
RAW_NO_PBC,B,1170,1,0.14400000000000013
RAW_NO_PBC,B,1172,1,0.14400000000000013
RAW_NO_PBC,B,1174,1,0.14400000000000013
RAW_NO_PBC,B,1176,1,0.14400000000000013
RAW_NO_PBC,B,1178,1,0.14400000000000013
RAW_NO_PBC,B,1180,1,0.14400000000000013
RAW_NO_PBC,B,1182,1,0.14400000000000013
RAW_NO_PBC,B,1184,1,0.14400000000000013
RAW_NO_PBC,B,1186,1,0.14400000000000013
RAW_NO_PBC,B,1188,1,0.14400000000000013
RAW_NO_PBC,B,1190,1,0.14400000000000013
RAW_NO_PBC,B,1192,1,0.14400000000000013
RAW_NO_PBC,B,1194,1,0.14400000000000013
RAW_NO_PBC,B,1196,1,0.14400000000000013
RAW_NO_PBC,B,1198,1,0.14400000000000013
RAW_NO_PBC,B,1200,1,0.14500000000000046
RAW_NO_PBC,B,1202,1,0.14484129245487934
RAW_NO_PBC,B,1204,1,0.14483784035948627
RAW_NO_PBC,B,1206,1,0.14500000000000046
RAW_NO_PBC,B,1208,1,0.14500000000000046
RAW_NO_PBC,B,1210,1,0.14492411807563269
RAW_NO_PBC,B,1212,1,0.14500000000000046
RAW_NO_PBC,B,1214,1,0.14500000000000046
RAW_NO_PBC,B,1216,1,0.14484129245487956
RAW_NO_PBC,B,1218,1,0.14484129245487956
RAW_NO_PBC,B,1220,1,0.14500000000000046
RAW_NO_PBC,B,1222,1,0.14500000000000046
RAW_NO_PBC,B,1224,1,0.14492411807563269
RAW_NO_PBC,B,1226,1,0.14500000000000046
RAW_NO_PBC,B,1228,1,0.14500000000000046
RAW_NO_PBC,B,1230,1,0.14483784035948627
RAW_NO_PBC,B,1232,1,0.1448930640161907
RAW_NO_PBC,B,1234,1,0.14484129245487934
RAW_NO_PBC,B,1236,1,0.14500000000000046
RAW_NO_PBC,B,1238,1,0.14489306401619068
RAW_NO_PBC,B,1240,1,0.14487926007541566
RAW_NO_PBC,B,1242,1,0.14489306401619031
RAW_NO_PBC,B,1244,1,0.14500000000000046
RAW_NO_PBC,B,1246,1,0.14500000000000046
RAW_NO_PBC,B,1248,1,0.14428097587693242
RAW_NO_PBC,B,1250,1,0.14500000000000046
RAW_NO_PBC,B,1252,1,0.14489306401619031
RAW_NO_PBC,B,1254,1,0.14500000000000046
RAW_NO_PBC,B,1256,1,0.14487926007541566
RAW_NO_PBC,B,1258,1,0.14489306401619068
RAW_NO_PBC,B,1260,1,0.14433987668000817
RAW_NO_PBC,B,1262,1,0.14439182802361086
RAW_NO_PBC,B,1264,1,0.1443364125922496
RAW_NO_PBC,B,1266,1,0.14456140563788109
RAW_NO_PBC,B,1268,1,0.1446409347314931
RAW_NO_PBC,B,1270,1,0.14442298985964805
RAW_NO_PBC,B,1272,1,0.14456140563788109
RAW_NO_PBC,B,1274,1,0.14483438818181277
RAW_NO_PBC,B,1276,1,0.1443398766800084
RAW_NO_PBC,B,1278,1,0.1443398766800084
RAW_NO_PBC,B,1280,1,0.14456140563788109
RAW_NO_PBC,B,1282,1,0.14461673485458038
RAW_NO_PBC,B,1284,1,0.14442298985964805
RAW_NO_PBC,B,1286,1,0.14461673485458001
RAW_NO_PBC,B,1288,1,0.14456140563788109
RAW_NO_PBC,B,1290,1,0.1443364125922496
RAW_NO_PBC,B,1292,1,0.14433987668000817
RAW_NO_PBC,B,1294,1,0.14483438818181293
RAW_NO_PBC,B,1296,1,0.14439182802361084
RAW_NO_PBC,B,1298,1,0.1443779761598008
RAW_NO_PBC,B,1300,1,0.14477568856683093
RAW_NO_PBC,B,1302,1,0.14439182802361047
RAW_NO_PBC,B,1304,1,0.14481022063376636
RAW_NO_PBC,B,1306,1,0.14377760604489156
RAW_NO_PBC,B,1308,1,0.14481022063376636
RAW_NO_PBC,B,1310,1,0.14456140563788109
RAW_NO_PBC,B,1312,1,0.14439182802361047
RAW_NO_PBC,B,1314,1,0.1443779761598008
RAW_NO_PBC,B,1316,1,0.14439182802361084
RAW_NO_PBC,B,1318,1,0.14456140563788109
RAW_NO_PBC,B,1320,1,0.14433987668000817
RAW_NO_PBC,B,1322,1,0.1443364125922496
RAW_NO_PBC,B,1324,1,0.14456140563788109
RAW_NO_PBC,B,1326,1,0.14461673485458001
RAW_NO_PBC,B,1328,1,0.14442298985964805
RAW_NO_PBC,B,1330,1,0.14461673485458038
RAW_NO_PBC,B,1332,1,0.14456140563788109
RAW_NO_PBC,B,1334,1,0.1443398766800084
RAW_NO_PBC,B,1336,1,0.1443398766800084
RAW_NO_PBC,B,1338,1,0.14483438818181277
RAW_NO_PBC,B,1340,1,0.14456140563788109
RAW_NO_PBC,B,1342,1,0.14442298985964805
RAW_NO_PBC,B,1344,1,0.1446409347314931
RAW_NO_PBC,B,1346,1,0.14456140563788109
RAW_NO_PBC,B,1348,1,0.1443364125922496
RAW_NO_PBC,B,1350,1,0.14439182802361086
RAW_NO_PBC,B,1352,1,0.14433987668000817
RAW_NO_PBC,B,1354,1,0.14456140563788109
RAW_NO_PBC,B,1356,1,0.14439182802361084
RAW_NO_PBC,B,1358,1,0.1443779761598008
RAW_NO_PBC,B,1360,1,0.14439182802361047
RAW_NO_PBC,B,1362,1,0.14456140563788109
RAW_NO_PBC,B,1364,1,0.14481022063376636
RAW_NO_PBC,B,1366,1,0.14377760604489156
RAW_NO_PBC,B,1368,1,0.14481022063376636
RAW_NO_PBC,B,1370,1,0.14439182802361047
RAW_NO_PBC,B,1372,1,0.14477568856683093
RAW_NO_PBC,B,1374,1,0.1443779761598008
RAW_NO_PBC,B,1376,1,0.14439182802361084
RAW_NO_PBC,B,1378,1,0.14483438818181293
RAW_NO_PBC,B,1380,1,0.14439182802361086
RAW_NO_PBC,B,1382,1,0.1443364125922496
RAW_NO_PBC,B,1384,1,0.14456140563788109
RAW_NO_PBC,B,1386,1,0.1446409347314931
RAW_NO_PBC,B,1388,1,0.14442298985964805
RAW_NO_PBC,B,1390,1,0.14456140563788109
RAW_NO_PBC,B,1392,1,0.14483438818181277
RAW_NO_PBC,B,1394,1,0.1443398766800084
RAW_NO_PBC,B,1396,1,0.1443398766800084
RAW_NO_PBC,B,1398,1,0.14456140563788109
RAW_NO_PBC,B,1400,1,0.14461673485458038
RAW_NO_PBC,B,1402,1,0.14442298985964805
RAW_NO_PBC,B,1404,1,0.14461673485458001
RAW_NO_PBC,B,1406,1,0.14456140563788109
RAW_NO_PBC,B,1408,1,0.1443364125922496
RAW_NO_PBC,B,1410,1,0.14433987668000817
RAW_NO_PBC,B,1412,1,0.14483438818181293
RAW_NO_PBC,B,1414,1,0.14439182802361084
RAW_NO_PBC,B,1416,1,0.1443779761598008
RAW_NO_PBC,B,1418,1,0.14477568856683093
RAW_NO_PBC,B,1420,1,0.14439182802361047
RAW_NO_PBC,B,1422,1,0.14481022063376636
RAW_NO_PBC,B,1424,1,0.14377760604489156
RAW_NO_PBC,B,1426,1,0.14481022063376636
RAW_NO_PBC,B,1428,1,0.14456140563788109
RAW_NO_PBC,B,1430,1,0.14439182802361047
RAW_NO_PBC,B,1432,1,0.1443779761598008
RAW_NO_PBC,B,1434,1,0.14439182802361084
RAW_NO_PBC,B,1436,1,0.14456140563788109
RAW_NO_PBC,B,1438,1,0.14433987668000817
RAW_NO_PBC,B,1440,1,0.14483784035948627
RAW_NO_PBC,B,1442,1,0.14500000000000046
RAW_NO_PBC,B,1444,1,0.14500000000000046
RAW_NO_PBC,B,1446,1,0.14492411807563269
RAW_NO_PBC,B,1448,1,0.14500000000000046
RAW_NO_PBC,B,1450,1,0.14500000000000046
RAW_NO_PBC,B,1452,1,0.14484129245487956
RAW_NO_PBC,B,1454,1,0.14484129245487956
RAW_NO_PBC,B,1456,1,0.14500000000000046
RAW_NO_PBC,B,1458,1,0.14500000000000046
RAW_NO_PBC,B,1460,1,0.14492411807563269
RAW_NO_PBC,B,1462,1,0.14500000000000046
RAW_NO_PBC,B,1464,1,0.14500000000000046
RAW_NO_PBC,B,1466,1,0.14483784035948627
RAW_NO_PBC,B,1468,1,0.1448930640161907
RAW_NO_PBC,B,1470,1,0.14484129245487934
RAW_NO_PBC,B,1472,1,0.14500000000000046
RAW_NO_PBC,B,1474,1,0.14489306401619068
RAW_NO_PBC,B,1476,1,0.14487926007541566
RAW_NO_PBC,B,1478,1,0.14489306401619031
RAW_NO_PBC,B,1480,1,0.14500000000000046
RAW_NO_PBC,B,1482,1,0.14500000000000046
RAW_NO_PBC,B,1484,1,0.14428097587693242
RAW_NO_PBC,B,1486,1,0.14500000000000046
RAW_NO_PBC,B,1488,1,0.14489306401619031
RAW_NO_PBC,B,1490,1,0.14500000000000046
RAW_NO_PBC,B,1492,1,0.14487926007541566
RAW_NO_PBC,B,1494,1,0.14489306401619068
RAW_NO_PBC,B,1496,1,0.14500000000000046
RAW_NO_PBC,B,1498,1,0.14484129245487934
RAW_NO_PBC,B,1500,1,0.14483784035948627
RAW_NO_PBC,B,1502,1,0.14500000000000046
RAW_NO_PBC,B,1504,1,0.14500000000000046
RAW_NO_PBC,B,1506,1,0.14492411807563269
RAW_NO_PBC,B,1508,1,0.14500000000000046
RAW_NO_PBC,B,1510,1,0.14500000000000046
RAW_NO_PBC,B,1512,1,0.14484129245487956
RAW_NO_PBC,B,1514,1,0.14484129245487956
RAW_NO_PBC,B,1516,1,0.14500000000000046
RAW_NO_PBC,B,1518,1,0.14500000000000046
RAW_NO_PBC,B,1520,1,0.14492411807563269
RAW_NO_PBC,B,1522,1,0.14500000000000046
RAW_NO_PBC,B,1524,1,0.14500000000000046
RAW_NO_PBC,B,1526,1,0.14483784035948627
RAW_NO_PBC,B,1528,1,0.14484129245487934
RAW_NO_PBC,B,1530,1,0.14500000000000046
RAW_NO_PBC,B,1532,1,0.14489306401619068
RAW_NO_PBC,B,1534,1,0.14487926007541566
RAW_NO_PBC,B,1536,1,0.14500000000000046
RAW_NO_PBC,B,1538,1,0.14489306401619031
RAW_NO_PBC,B,1540,1,0.14500000000000046
RAW_NO_PBC,B,1542,1,0.14428097587693242
RAW_NO_PBC,B,1544,1,0.14500000000000046
RAW_NO_PBC,B,1546,1,0.14500000000000046
RAW_NO_PBC,B,1548,1,0.14489306401619031
RAW_NO_PBC,B,1550,1,0.14487926007541566
RAW_NO_PBC,B,1552,1,0.14489306401619068
RAW_NO_PBC,B,1554,1,0.14500000000000046
RAW_NO_PBC,B,1556,1,0.14484129245487934
RAW_NO_PBC,B,1558,1,0.1448930640161907
RAW_NO_PBC,B,1560,1,0.14456140563788109
RAW_NO_PBC,B,1562,1,0.14461673485458001
RAW_NO_PBC,B,1564,1,0.14442298985964805
RAW_NO_PBC,B,1566,1,0.14461673485458038
RAW_NO_PBC,B,1568,1,0.14456140563788109
RAW_NO_PBC,B,1570,1,0.1443398766800084
RAW_NO_PBC,B,1572,1,0.1443398766800084
RAW_NO_PBC,B,1574,1,0.14483438818181277
RAW_NO_PBC,B,1576,1,0.14456140563788109
RAW_NO_PBC,B,1578,1,0.14442298985964805
RAW_NO_PBC,B,1580,1,0.1446409347314931
RAW_NO_PBC,B,1582,1,0.14456140563788109
RAW_NO_PBC,B,1584,1,0.1443364125922496
RAW_NO_PBC,B,1586,1,0.14439182802361086
RAW_NO_PBC,B,1588,1,0.14433987668000817
RAW_NO_PBC,B,1590,1,0.14456140563788109
RAW_NO_PBC,B,1592,1,0.14439182802361084
RAW_NO_PBC,B,1594,1,0.1443779761598008
RAW_NO_PBC,B,1596,1,0.14439182802361047
RAW_NO_PBC,B,1598,1,0.14456140563788109
RAW_NO_PBC,B,1600,1,0.14481022063376636
RAW_NO_PBC,B,1602,1,0.14377760604489156
RAW_NO_PBC,B,1604,1,0.14481022063376636
RAW_NO_PBC,B,1606,1,0.14439182802361047
RAW_NO_PBC,B,1608,1,0.14477568856683093
RAW_NO_PBC,B,1610,1,0.1443779761598008
RAW_NO_PBC,B,1612,1,0.14439182802361084
RAW_NO_PBC,B,1614,1,0.14483438818181293
RAW_NO_PBC,B,1616,1,0.14433987668000817
RAW_NO_PBC,B,1618,1,0.1443364125922496
RAW_NO_PBC,B,1620,1,0.14500000000000046
RAW_NO_PBC,B,1622,1,0.14500000000000046
RAW_NO_PBC,B,1624,1,0.14492411807563313
RAW_NO_PBC,B,1626,1,0.14500000000000046
RAW_NO_PBC,B,1628,1,0.14500000000000046
RAW_NO_PBC,B,1630,1,0.14484129245488003
RAW_NO_PBC,B,1632,1,0.14484129245488003
RAW_NO_PBC,B,1634,1,0.14500000000000046
RAW_NO_PBC,B,1636,1,0.14500000000000046
RAW_NO_PBC,B,1638,1,0.14492411807563313
RAW_NO_PBC,B,1640,1,0.14500000000000046
RAW_NO_PBC,B,1642,1,0.14500000000000046
RAW_NO_PBC,B,1644,1,0.1448378403594867
RAW_NO_PBC,B,1646,1,0.14484129245487978
RAW_NO_PBC,B,1648,1,0.14500000000000046
RAW_NO_PBC,B,1650,1,0.14489306401619112
RAW_NO_PBC,B,1652,1,0.1448792600754161
RAW_NO_PBC,B,1654,1,0.14500000000000046
RAW_NO_PBC,B,1656,1,0.14489306401619076
RAW_NO_PBC,B,1658,1,0.14500000000000046
RAW_NO_PBC,B,1660,1,0.14428097587693287
RAW_NO_PBC,B,1662,1,0.14500000000000046
RAW_NO_PBC,B,1664,1,0.14500000000000046
RAW_NO_PBC,B,1666,1,0.14489306401619076
RAW_NO_PBC,B,1668,1,0.1448792600754161
RAW_NO_PBC,B,1670,1,0.14489306401619112
RAW_NO_PBC,B,1672,1,0.14500000000000046
RAW_NO_PBC,B,1674,1,0.14484129245487978
RAW_NO_PBC,B,1676,1,0.14489306401619115
RAW_NO_PBC,B,1678,1,0.1448378403594867
RAW_NO_PBC,B,0,2,0.2893129793147899
RAW_NO_PBC,B,2,2,0.289133187303014
RAW_NO_PBC,B,4,2,0.289133187303014
RAW_NO_PBC,B,6,2,0.2889809682314735
RAW_NO_PBC,B,8,2,0.2889809682314735
RAW_NO_PBC,B,10,2,0.2896031767781564
RAW_NO_PBC,B,12,2,0.2894028334346431
RAW_NO_PBC,B,14,2,0.2894028334346431
RAW_NO_PBC,B,16,2,0.2894028334346435
RAW_NO_PBC,B,18,2,0.2894028334346435
RAW_NO_PBC,B,20,2,0.2896031767781564
RAW_NO_PBC,B,22,2,0.28956001105125
RAW_NO_PBC,B,24,2,0.28937691684030403
RAW_NO_PBC,B,26,2,0.28937691684030403
RAW_NO_PBC,B,28,2,0.2894011057338927
RAW_NO_PBC,B,30,2,0.2893129793147899
RAW_NO_PBC,B,32,2,0.2893129793147899
RAW_NO_PBC,B,34,2,0.2894011057338931
RAW_NO_PBC,B,36,2,0.28956001105125
RAW_NO_PBC,B,38,2,0.28955655751510795
RAW_NO_PBC,B,40,2,0.28955655751510795
RAW_NO_PBC,B,42,2,0.28940283343464357
RAW_NO_PBC,B,44,2,0.28940283343464357
RAW_NO_PBC,B,46,2,0.28940283343464324
RAW_NO_PBC,B,48,2,0.28940283343464324
RAW_NO_PBC,B,50,2,0.2895565575151083
RAW_NO_PBC,B,52,2,0.2889809682314735
RAW_NO_PBC,B,54,2,0.2889809682314735
RAW_NO_PBC,B,56,2,0.28913318730301435
RAW_NO_PBC,B,58,2,0.28913318730301435
RAW_NO_PBC,B,60,2,0.14500000000000002
RAW_NO_PBC,B,62,2,0.14456140563788109
RAW_NO_PBC,B,64,2,0.14483438818181293
RAW_NO_PBC,B,66,2,0.14500000000000002
RAW_NO_PBC,B,68,2,0.14500000000000002
RAW_NO_PBC,B,70,2,0.14483438818181293
RAW_NO_PBC,B,72,2,0.14477568856683093
RAW_NO_PBC,B,74,2,0.14500000000000002
RAW_NO_PBC,B,76,2,0.14477568856683093
RAW_NO_PBC,B,78,2,0.14483438818181293
RAW_NO_PBC,B,80,2,0.14500000000000002
RAW_NO_PBC,B,82,2,0.14500000000000002
RAW_NO_PBC,B,84,2,0.14483438818181277
RAW_NO_PBC,B,86,2,0.14461673485458001
RAW_NO_PBC,B,88,2,0.14500000000000002
RAW_NO_PBC,B,90,2,0.1446409347314931
RAW_NO_PBC,B,92,2,0.14461673485458038
RAW_NO_PBC,B,94,2,0.14500000000000002
RAW_NO_PBC,B,96,2,0.14500000000000002
RAW_NO_PBC,B,98,2,0.14500000000000002
RAW_NO_PBC,B,100,2,0.14483438818181277
RAW_NO_PBC,B,102,2,0.1446409347314931
RAW_NO_PBC,B,104,2,0.14500000000000002
RAW_NO_PBC,B,106,2,0.1446409347314931
RAW_NO_PBC,B,108,2,0.14483438818181277
RAW_NO_PBC,B,110,2,0.14500000000000002
RAW_NO_PBC,B,112,2,0.14439182802361086
RAW_NO_PBC,B,114,2,0.14500000000000002
RAW_NO_PBC,B,116,2,0.14456140563788109
RAW_NO_PBC,B,118,2,0.14477568856683093
RAW_NO_PBC,B,120,2,0.14500000000000002
RAW_NO_PBC,B,122,2,0.1450620556865233
RAW_NO_PBC,B,124,2,0.14531001341958535
RAW_NO_PBC,B,126,2,0.14500000000000002
RAW_NO_PBC,B,128,2,0.14531001341958535
RAW_NO_PBC,B,130,2,0.14500000000000002
RAW_NO_PBC,B,132,2,0.14527560015363902
RAW_NO_PBC,B,134,2,0.14500000000000002
RAW_NO_PBC,B,136,2,0.14500000000000002
RAW_NO_PBC,B,138,2,0.14533409785731655
RAW_NO_PBC,B,140,2,0.14489306401619093
RAW_NO_PBC,B,142,2,0.14500000000000002
RAW_NO_PBC,B,144,2,0.1450620556865233
RAW_NO_PBC,B,146,2,0.14511719401917844
RAW_NO_PBC,B,148,2,0.14500000000000002
RAW_NO_PBC,B,150,2,0.1451171940191788
RAW_NO_PBC,B,152,2,0.1450620556865233
RAW_NO_PBC,B,154,2,0.14500000000000002
RAW_NO_PBC,B,156,2,0.14500000000000002
RAW_NO_PBC,B,158,2,0.14533409785731635
RAW_NO_PBC,B,160,2,0.1450620556865233
RAW_NO_PBC,B,162,2,0.14500000000000002
RAW_NO_PBC,B,164,2,0.14514131045295142
RAW_NO_PBC,B,166,2,0.1450620556865233
RAW_NO_PBC,B,168,2,0.14500000000000002
RAW_NO_PBC,B,170,2,0.14500000000000002
RAW_NO_PBC,B,172,2,0.14500000000000002
RAW_NO_PBC,B,174,2,0.1450620556865233
RAW_NO_PBC,B,176,2,0.14500000000000002
RAW_NO_PBC,B,178,2,0.14500000000000002
RAW_NO_PBC,B,180,2,0.14456140563788109
RAW_NO_PBC,B,182,2,0.14483438818181293
RAW_NO_PBC,B,184,2,0.14500000000000002
RAW_NO_PBC,B,186,2,0.14500000000000002
RAW_NO_PBC,B,188,2,0.14483438818181293
RAW_NO_PBC,B,190,2,0.14477568856683093
RAW_NO_PBC,B,192,2,0.14500000000000002
RAW_NO_PBC,B,194,2,0.14477568856683093
RAW_NO_PBC,B,196,2,0.14483438818181293
RAW_NO_PBC,B,198,2,0.14500000000000002
RAW_NO_PBC,B,200,2,0.14500000000000002
RAW_NO_PBC,B,202,2,0.14483438818181277
RAW_NO_PBC,B,204,2,0.14461673485458001
RAW_NO_PBC,B,206,2,0.14500000000000002
RAW_NO_PBC,B,208,2,0.1446409347314931
RAW_NO_PBC,B,210,2,0.14461673485458038
RAW_NO_PBC,B,212,2,0.14500000000000002
RAW_NO_PBC,B,214,2,0.14500000000000002
RAW_NO_PBC,B,216,2,0.14500000000000002
RAW_NO_PBC,B,218,2,0.14483438818181277
RAW_NO_PBC,B,220,2,0.1446409347314931
RAW_NO_PBC,B,222,2,0.14500000000000002
RAW_NO_PBC,B,224,2,0.1446409347314931
RAW_NO_PBC,B,226,2,0.14483438818181277
RAW_NO_PBC,B,228,2,0.14500000000000002
RAW_NO_PBC,B,230,2,0.14439182802361086
RAW_NO_PBC,B,232,2,0.14500000000000002
RAW_NO_PBC,B,234,2,0.14456140563788109
RAW_NO_PBC,B,236,2,0.14477568856683093
RAW_NO_PBC,B,238,2,0.14500000000000002
RAW_NO_PBC,B,240,2,0.1450620556865233
RAW_NO_PBC,B,242,2,0.14531001341958535
RAW_NO_PBC,B,244,2,0.14500000000000002
RAW_NO_PBC,B,246,2,0.14531001341958535
RAW_NO_PBC,B,248,2,0.14500000000000002
RAW_NO_PBC,B,250,2,0.14527560015363902
RAW_NO_PBC,B,252,2,0.14500000000000002
RAW_NO_PBC,B,254,2,0.14500000000000002
RAW_NO_PBC,B,256,2,0.14533409785731655
RAW_NO_PBC,B,258,2,0.14489306401619093
RAW_NO_PBC,B,260,2,0.14500000000000002
RAW_NO_PBC,B,262,2,0.1450620556865233
RAW_NO_PBC,B,264,2,0.14511719401917844
RAW_NO_PBC,B,266,2,0.14500000000000002
RAW_NO_PBC,B,268,2,0.1451171940191788
RAW_NO_PBC,B,270,2,0.1450620556865233
RAW_NO_PBC,B,272,2,0.14500000000000002
RAW_NO_PBC,B,274,2,0.14500000000000002
RAW_NO_PBC,B,276,2,0.14533409785731635
RAW_NO_PBC,B,278,2,0.1450620556865233
RAW_NO_PBC,B,280,2,0.14500000000000002
RAW_NO_PBC,B,282,2,0.14514131045295142
RAW_NO_PBC,B,284,2,0.1450620556865233
RAW_NO_PBC,B,286,2,0.14500000000000002
RAW_NO_PBC,B,288,2,0.14500000000000002
RAW_NO_PBC,B,290,2,0.14500000000000002
RAW_NO_PBC,B,292,2,0.1450620556865233
RAW_NO_PBC,B,294,2,0.14500000000000002
RAW_NO_PBC,B,296,2,0.14500000000000002
RAW_NO_PBC,B,298,2,0.14500000000000002
RAW_NO_PBC,B,300,2,0.14483438818181293
RAW_NO_PBC,B,302,2,0.14500000000000002
RAW_NO_PBC,B,304,2,0.14500000000000002
RAW_NO_PBC,B,306,2,0.14483438818181293
RAW_NO_PBC,B,308,2,0.14477568856683093
RAW_NO_PBC,B,310,2,0.14500000000000002
RAW_NO_PBC,B,312,2,0.14477568856683093
RAW_NO_PBC,B,314,2,0.14483438818181293
RAW_NO_PBC,B,316,2,0.14500000000000002
RAW_NO_PBC,B,318,2,0.14500000000000002
RAW_NO_PBC,B,320,2,0.14483438818181277
RAW_NO_PBC,B,322,2,0.14461673485458001
RAW_NO_PBC,B,324,2,0.14500000000000002
RAW_NO_PBC,B,326,2,0.1446409347314931
RAW_NO_PBC,B,328,2,0.14461673485458038
RAW_NO_PBC,B,330,2,0.14500000000000002
RAW_NO_PBC,B,332,2,0.14500000000000002
RAW_NO_PBC,B,334,2,0.14500000000000002
RAW_NO_PBC,B,336,2,0.14483438818181277
RAW_NO_PBC,B,338,2,0.1446409347314931
RAW_NO_PBC,B,340,2,0.14500000000000002
RAW_NO_PBC,B,342,2,0.1446409347314931
RAW_NO_PBC,B,344,2,0.14483438818181277
RAW_NO_PBC,B,346,2,0.14500000000000002
RAW_NO_PBC,B,348,2,0.14439182802361086
RAW_NO_PBC,B,350,2,0.14500000000000002
RAW_NO_PBC,B,352,2,0.14456140563788109
RAW_NO_PBC,B,354,2,0.14477568856683093
RAW_NO_PBC,B,356,2,0.14500000000000002
RAW_NO_PBC,B,358,2,0.14456140563788109
RAW_NO_PBC,B,360,2,0.14531001341958535
RAW_NO_PBC,B,362,2,0.14500000000000002
RAW_NO_PBC,B,364,2,0.14531001341958535
RAW_NO_PBC,B,366,2,0.14500000000000002
RAW_NO_PBC,B,368,2,0.14527560015363902
RAW_NO_PBC,B,370,2,0.14500000000000002
RAW_NO_PBC,B,372,2,0.14500000000000002
RAW_NO_PBC,B,374,2,0.14533409785731655
RAW_NO_PBC,B,376,2,0.14489306401619093
RAW_NO_PBC,B,378,2,0.14500000000000002
RAW_NO_PBC,B,380,2,0.1450620556865233
RAW_NO_PBC,B,382,2,0.14511719401917844
RAW_NO_PBC,B,384,2,0.14500000000000002
RAW_NO_PBC,B,386,2,0.1451171940191788
RAW_NO_PBC,B,388,2,0.1450620556865233
RAW_NO_PBC,B,390,2,0.14500000000000002
RAW_NO_PBC,B,392,2,0.14500000000000002
RAW_NO_PBC,B,394,2,0.14533409785731635
RAW_NO_PBC,B,396,2,0.1450620556865233
RAW_NO_PBC,B,398,2,0.14500000000000002
RAW_NO_PBC,B,400,2,0.14514131045295142
RAW_NO_PBC,B,402,2,0.1450620556865233
RAW_NO_PBC,B,404,2,0.14500000000000002
RAW_NO_PBC,B,406,2,0.14500000000000002
RAW_NO_PBC,B,408,2,0.14500000000000002
RAW_NO_PBC,B,410,2,0.1450620556865233
RAW_NO_PBC,B,412,2,0.14500000000000002
RAW_NO_PBC,B,414,2,0.14500000000000002
RAW_NO_PBC,B,416,2,0.14500000000000002
RAW_NO_PBC,B,418,2,0.1450620556865233
RAW_NO_PBC,B,420,2,0.14500000000000002
RAW_NO_PBC,B,422,2,0.14500000000000002
RAW_NO_PBC,B,424,2,0.1448343881818127
RAW_NO_PBC,B,426,2,0.1447756885668307
RAW_NO_PBC,B,428,2,0.14500000000000002
RAW_NO_PBC,B,430,2,0.1447756885668307
RAW_NO_PBC,B,432,2,0.1448343881818127
RAW_NO_PBC,B,434,2,0.14500000000000002
RAW_NO_PBC,B,436,2,0.14500000000000002
RAW_NO_PBC,B,438,2,0.14483438818181255
RAW_NO_PBC,B,440,2,0.1446167348545798
RAW_NO_PBC,B,442,2,0.14500000000000002
RAW_NO_PBC,B,444,2,0.14464093473149287
RAW_NO_PBC,B,446,2,0.14461673485458015
RAW_NO_PBC,B,448,2,0.14500000000000002
RAW_NO_PBC,B,450,2,0.14500000000000002
RAW_NO_PBC,B,452,2,0.14500000000000002
RAW_NO_PBC,B,454,2,0.14483438818181255
RAW_NO_PBC,B,456,2,0.14464093473149287
RAW_NO_PBC,B,458,2,0.14500000000000002
RAW_NO_PBC,B,460,2,0.14464093473149287
RAW_NO_PBC,B,462,2,0.14483438818181255
RAW_NO_PBC,B,464,2,0.14500000000000002
RAW_NO_PBC,B,466,2,0.14439182802361064
RAW_NO_PBC,B,468,2,0.14500000000000002
RAW_NO_PBC,B,470,2,0.1445614056378809
RAW_NO_PBC,B,472,2,0.1447756885668307
RAW_NO_PBC,B,474,2,0.14500000000000002
RAW_NO_PBC,B,476,2,0.1445614056378809
RAW_NO_PBC,B,478,2,0.1448343881818127
RAW_NO_PBC,B,480,2,0.14499999999999957
RAW_NO_PBC,B,482,2,0.14531001341958558
RAW_NO_PBC,B,484,2,0.14499999999999957
RAW_NO_PBC,B,486,2,0.14527560015363924
RAW_NO_PBC,B,488,2,0.14499999999999957
RAW_NO_PBC,B,490,2,0.14499999999999957
RAW_NO_PBC,B,492,2,0.14533409785731677
RAW_NO_PBC,B,494,2,0.14489306401619115
RAW_NO_PBC,B,496,2,0.14499999999999957
RAW_NO_PBC,B,498,2,0.14506205568652353
RAW_NO_PBC,B,500,2,0.14511719401917866
RAW_NO_PBC,B,502,2,0.14499999999999957
RAW_NO_PBC,B,504,2,0.14511719401917905
RAW_NO_PBC,B,506,2,0.14506205568652353
RAW_NO_PBC,B,508,2,0.14499999999999957
RAW_NO_PBC,B,510,2,0.14499999999999957
RAW_NO_PBC,B,512,2,0.1453340978573166
RAW_NO_PBC,B,514,2,0.14506205568652353
RAW_NO_PBC,B,516,2,0.14499999999999957
RAW_NO_PBC,B,518,2,0.14514131045295164
RAW_NO_PBC,B,520,2,0.14506205568652353
RAW_NO_PBC,B,522,2,0.14499999999999957
RAW_NO_PBC,B,524,2,0.14499999999999957
RAW_NO_PBC,B,526,2,0.14499999999999957
RAW_NO_PBC,B,528,2,0.14506205568652353
RAW_NO_PBC,B,530,2,0.14499999999999957
RAW_NO_PBC,B,532,2,0.14499999999999957
RAW_NO_PBC,B,534,2,0.14499999999999957
RAW_NO_PBC,B,536,2,0.14506205568652353
RAW_NO_PBC,B,538,2,0.14531001341958558
RAW_NO_PBC,B,540,2,0.14531001341958558
RAW_NO_PBC,B,542,2,0.14506205568652353
RAW_NO_PBC,B,544,2,0.14499999999999957
RAW_NO_PBC,B,546,2,0.14499999999999957
RAW_NO_PBC,B,548,2,0.14499999999999957
RAW_NO_PBC,B,550,2,0.14506205568652353
RAW_NO_PBC,B,552,2,0.14499999999999957
RAW_NO_PBC,B,554,2,0.14499999999999957
RAW_NO_PBC,B,556,2,0.14499999999999957
RAW_NO_PBC,B,558,2,0.14506205568652353
RAW_NO_PBC,B,560,2,0.14514131045295164
RAW_NO_PBC,B,562,2,0.14499999999999957
RAW_NO_PBC,B,564,2,0.14506205568652353
RAW_NO_PBC,B,566,2,0.1453340978573166
RAW_NO_PBC,B,568,2,0.14499999999999957
RAW_NO_PBC,B,570,2,0.14499999999999957
RAW_NO_PBC,B,572,2,0.14506205568652353
RAW_NO_PBC,B,574,2,0.14511719401917905
RAW_NO_PBC,B,576,2,0.14499999999999957
RAW_NO_PBC,B,578,2,0.14511719401917866
RAW_NO_PBC,B,580,2,0.14506205568652353
RAW_NO_PBC,B,582,2,0.14499999999999957
RAW_NO_PBC,B,584,2,0.14489306401619115
RAW_NO_PBC,B,586,2,0.14533409785731677
RAW_NO_PBC,B,588,2,0.14499999999999957
RAW_NO_PBC,B,590,2,0.14499999999999957
RAW_NO_PBC,B,592,2,0.14527560015363924
RAW_NO_PBC,B,594,2,0.14499999999999957
RAW_NO_PBC,B,596,2,0.14531001341958558
RAW_NO_PBC,B,598,2,0.14499999999999957
RAW_NO_PBC,B,600,2,0.14483438818181293
RAW_NO_PBC,B,602,2,0.14456140563788109
RAW_NO_PBC,B,604,2,0.14500000000000046
RAW_NO_PBC,B,606,2,0.14477568856683093
RAW_NO_PBC,B,608,2,0.14456140563788109
RAW_NO_PBC,B,610,2,0.14500000000000046
RAW_NO_PBC,B,612,2,0.14439182802361086
RAW_NO_PBC,B,614,2,0.14500000000000046
RAW_NO_PBC,B,616,2,0.14483438818181277
RAW_NO_PBC,B,618,2,0.1446409347314931
RAW_NO_PBC,B,620,2,0.14500000000000046
RAW_NO_PBC,B,622,2,0.1446409347314931
RAW_NO_PBC,B,624,2,0.14483438818181277
RAW_NO_PBC,B,626,2,0.14500000000000046
RAW_NO_PBC,B,628,2,0.14500000000000046
RAW_NO_PBC,B,630,2,0.14500000000000046
RAW_NO_PBC,B,632,2,0.14461673485458038
RAW_NO_PBC,B,634,2,0.1446409347314931
RAW_NO_PBC,B,636,2,0.14500000000000046
RAW_NO_PBC,B,638,2,0.14461673485458001
RAW_NO_PBC,B,640,2,0.14483438818181277
RAW_NO_PBC,B,642,2,0.14500000000000046
RAW_NO_PBC,B,644,2,0.14500000000000046
RAW_NO_PBC,B,646,2,0.14483438818181293
RAW_NO_PBC,B,648,2,0.14477568856683093
RAW_NO_PBC,B,650,2,0.14500000000000046
RAW_NO_PBC,B,652,2,0.14477568856683093
RAW_NO_PBC,B,654,2,0.14483438818181293
RAW_NO_PBC,B,656,2,0.14500000000000046
RAW_NO_PBC,B,658,2,0.14500000000000046
RAW_NO_PBC,B,660,2,0.14506205568652306
RAW_NO_PBC,B,662,2,0.14489306401619031
RAW_NO_PBC,B,664,2,0.14487926007541566
RAW_NO_PBC,B,666,2,0.14489306401619068
RAW_NO_PBC,B,668,2,0.14506205568652306
RAW_NO_PBC,B,670,2,0.14484129245487934
RAW_NO_PBC,B,672,2,0.1448930640161907
RAW_NO_PBC,B,674,2,0.14483784035948627
RAW_NO_PBC,B,676,2,0.14506205568652306
RAW_NO_PBC,B,678,2,0.1451413104529512
RAW_NO_PBC,B,680,2,0.14492411807563269
RAW_NO_PBC,B,682,2,0.14506205568652306
RAW_NO_PBC,B,684,2,0.14533409785731613
RAW_NO_PBC,B,686,2,0.14484129245487956
RAW_NO_PBC,B,688,2,0.14484129245487956
RAW_NO_PBC,B,690,2,0.14506205568652306
RAW_NO_PBC,B,692,2,0.14511719401917858
RAW_NO_PBC,B,694,2,0.14492411807563269
RAW_NO_PBC,B,696,2,0.14511719401917822
RAW_NO_PBC,B,698,2,0.14506205568652306
RAW_NO_PBC,B,700,2,0.14483784035948627
RAW_NO_PBC,B,702,2,0.14484129245487934
RAW_NO_PBC,B,704,2,0.14533409785731632
RAW_NO_PBC,B,706,2,0.14489306401619068
RAW_NO_PBC,B,708,2,0.14487926007541566
RAW_NO_PBC,B,710,2,0.1452756001536388
RAW_NO_PBC,B,712,2,0.14489306401619031
RAW_NO_PBC,B,714,2,0.14531001341958513
RAW_NO_PBC,B,716,2,0.14428097587693242
RAW_NO_PBC,B,718,2,0.14531001341958513
RAW_NO_PBC,B,720,2,0.14499999999999957
RAW_NO_PBC,B,722,2,0.14527560015363924
RAW_NO_PBC,B,724,2,0.14499999999999957
RAW_NO_PBC,B,726,2,0.14499999999999957
RAW_NO_PBC,B,728,2,0.14533409785731677
RAW_NO_PBC,B,730,2,0.14489306401619115
RAW_NO_PBC,B,732,2,0.14499999999999957
RAW_NO_PBC,B,734,2,0.14506205568652353
RAW_NO_PBC,B,736,2,0.14511719401917866
RAW_NO_PBC,B,738,2,0.14499999999999957
RAW_NO_PBC,B,740,2,0.14511719401917905
RAW_NO_PBC,B,742,2,0.14506205568652353
RAW_NO_PBC,B,744,2,0.14499999999999957
RAW_NO_PBC,B,746,2,0.14499999999999957
RAW_NO_PBC,B,748,2,0.1453340978573166
RAW_NO_PBC,B,750,2,0.14506205568652353
RAW_NO_PBC,B,752,2,0.14499999999999957
RAW_NO_PBC,B,754,2,0.14514131045295164
RAW_NO_PBC,B,756,2,0.14506205568652353
RAW_NO_PBC,B,758,2,0.14499999999999957
RAW_NO_PBC,B,760,2,0.14499999999999957
RAW_NO_PBC,B,762,2,0.14499999999999957
RAW_NO_PBC,B,764,2,0.14506205568652353
RAW_NO_PBC,B,766,2,0.14499999999999957
RAW_NO_PBC,B,768,2,0.14499999999999957
RAW_NO_PBC,B,770,2,0.14499999999999957
RAW_NO_PBC,B,772,2,0.14506205568652353
RAW_NO_PBC,B,774,2,0.14531001341958558
RAW_NO_PBC,B,776,2,0.14499999999999957
RAW_NO_PBC,B,778,2,0.14531001341958558
RAW_NO_PBC,B,780,2,0.14477568856683093
RAW_NO_PBC,B,782,2,0.1452446212429224
RAW_NO_PBC,B,784,2,0.14477568856683093
RAW_NO_PBC,B,786,2,0.14483438818181293
RAW_NO_PBC,B,788,2,0.1455369368923229
RAW_NO_PBC,B,790,2,0.14501379244747725
RAW_NO_PBC,B,792,2,0.14483438818181277
RAW_NO_PBC,B,794,2,0.14461673485458001
RAW_NO_PBC,B,796,2,0.14528936643815327
RAW_NO_PBC,B,798,2,0.1446409347314931
RAW_NO_PBC,B,800,2,0.14461673485458038
RAW_NO_PBC,B,802,2,0.14506550244630867
RAW_NO_PBC,B,804,2,0.14500344823486094
RAW_NO_PBC,B,806,2,0.14506550244630867
RAW_NO_PBC,B,808,2,0.14483438818181277
RAW_NO_PBC,B,810,2,0.1446409347314931
RAW_NO_PBC,B,812,2,0.14528936643815327
RAW_NO_PBC,B,814,2,0.1446409347314931
RAW_NO_PBC,B,816,2,0.14483438818181277
RAW_NO_PBC,B,818,2,0.14501379244747725
RAW_NO_PBC,B,820,2,0.14439182802361086
RAW_NO_PBC,B,822,2,0.1455369368923229
RAW_NO_PBC,B,824,2,0.14456140563788109
RAW_NO_PBC,B,826,2,0.14477568856683093
RAW_NO_PBC,B,828,2,0.1452446212429224
RAW_NO_PBC,B,830,2,0.14456140563788109
RAW_NO_PBC,B,832,2,0.14483438818181293
RAW_NO_PBC,B,834,2,0.145013792447477
RAW_NO_PBC,B,836,2,0.145013792447477
RAW_NO_PBC,B,838,2,0.14483438818181293
RAW_NO_PBC,B,840,2,0.14500000000000046
RAW_NO_PBC,B,842,2,0.14477568856683093
RAW_NO_PBC,B,844,2,0.14456140563788109
RAW_NO_PBC,B,846,2,0.14500000000000046
RAW_NO_PBC,B,848,2,0.14439182802361086
RAW_NO_PBC,B,850,2,0.14500000000000046
RAW_NO_PBC,B,852,2,0.14483438818181277
RAW_NO_PBC,B,854,2,0.1446409347314931
RAW_NO_PBC,B,856,2,0.14500000000000046
RAW_NO_PBC,B,858,2,0.1446409347314931
RAW_NO_PBC,B,860,2,0.14483438818181277
RAW_NO_PBC,B,862,2,0.14500000000000046
RAW_NO_PBC,B,864,2,0.14500000000000046
RAW_NO_PBC,B,866,2,0.14500000000000046
RAW_NO_PBC,B,868,2,0.14461673485458038
RAW_NO_PBC,B,870,2,0.1446409347314931
RAW_NO_PBC,B,872,2,0.14500000000000046
RAW_NO_PBC,B,874,2,0.14461673485458001
RAW_NO_PBC,B,876,2,0.14483438818181277
RAW_NO_PBC,B,878,2,0.14500000000000046
RAW_NO_PBC,B,880,2,0.14500000000000046
RAW_NO_PBC,B,882,2,0.14483438818181293
RAW_NO_PBC,B,884,2,0.14477568856683093
RAW_NO_PBC,B,886,2,0.14500000000000046
RAW_NO_PBC,B,888,2,0.14477568856683093
RAW_NO_PBC,B,890,2,0.14483438818181293
RAW_NO_PBC,B,892,2,0.14500000000000046
RAW_NO_PBC,B,894,2,0.14500000000000046
RAW_NO_PBC,B,896,2,0.14483438818181293
RAW_NO_PBC,B,898,2,0.14456140563788109
RAW_NO_PBC,B,900,2,0.14500000000000046
RAW_NO_PBC,B,902,2,0.14500000000000046
RAW_NO_PBC,B,904,2,0.14506205568652306
RAW_NO_PBC,B,906,2,0.14500000000000046
RAW_NO_PBC,B,908,2,0.14500000000000046
RAW_NO_PBC,B,910,2,0.14500000000000046
RAW_NO_PBC,B,912,2,0.14506205568652306
RAW_NO_PBC,B,914,2,0.1451413104529512
RAW_NO_PBC,B,916,2,0.14500000000000046
RAW_NO_PBC,B,918,2,0.14506205568652306
RAW_NO_PBC,B,920,2,0.14533409785731613
RAW_NO_PBC,B,922,2,0.14500000000000046
RAW_NO_PBC,B,924,2,0.14500000000000046
RAW_NO_PBC,B,926,2,0.14506205568652306
RAW_NO_PBC,B,928,2,0.14511719401917858
RAW_NO_PBC,B,930,2,0.14500000000000046
RAW_NO_PBC,B,932,2,0.14511719401917822
RAW_NO_PBC,B,934,2,0.14506205568652306
RAW_NO_PBC,B,936,2,0.14500000000000046
RAW_NO_PBC,B,938,2,0.1448930640161907
RAW_NO_PBC,B,940,2,0.14533409785731632
RAW_NO_PBC,B,942,2,0.14500000000000046
RAW_NO_PBC,B,944,2,0.14500000000000046
RAW_NO_PBC,B,946,2,0.1452756001536388
RAW_NO_PBC,B,948,2,0.14500000000000046
RAW_NO_PBC,B,950,2,0.14531001341958513
RAW_NO_PBC,B,952,2,0.14500000000000046
RAW_NO_PBC,B,954,2,0.14531001341958513
RAW_NO_PBC,B,956,2,0.14506205568652306
RAW_NO_PBC,B,958,2,0.14500000000000046
RAW_NO_PBC,B,960,2,0.14477568856683093
RAW_NO_PBC,B,962,2,0.14456140563788109
RAW_NO_PBC,B,964,2,0.14499999999999957
RAW_NO_PBC,B,966,2,0.14439182802361086
RAW_NO_PBC,B,968,2,0.14499999999999957
RAW_NO_PBC,B,970,2,0.14483438818181277
RAW_NO_PBC,B,972,2,0.1446409347314931
RAW_NO_PBC,B,974,2,0.14499999999999957
RAW_NO_PBC,B,976,2,0.1446409347314931
RAW_NO_PBC,B,978,2,0.14483438818181277
RAW_NO_PBC,B,980,2,0.14499999999999957
RAW_NO_PBC,B,982,2,0.14499999999999957
RAW_NO_PBC,B,984,2,0.14499999999999957
RAW_NO_PBC,B,986,2,0.14461673485458038
RAW_NO_PBC,B,988,2,0.1446409347314931
RAW_NO_PBC,B,990,2,0.14499999999999957
RAW_NO_PBC,B,992,2,0.14461673485458001
RAW_NO_PBC,B,994,2,0.14483438818181277
RAW_NO_PBC,B,996,2,0.14499999999999957
RAW_NO_PBC,B,998,2,0.14499999999999957
RAW_NO_PBC,B,1000,2,0.14483438818181293
RAW_NO_PBC,B,1002,2,0.14477568856683093
RAW_NO_PBC,B,1004,2,0.14499999999999957
RAW_NO_PBC,B,1006,2,0.14477568856683093
RAW_NO_PBC,B,1008,2,0.14483438818181293
RAW_NO_PBC,B,1010,2,0.14499999999999957
RAW_NO_PBC,B,1012,2,0.14499999999999957
RAW_NO_PBC,B,1014,2,0.14483438818181293
RAW_NO_PBC,B,1016,2,0.14456140563788109
RAW_NO_PBC,B,1018,2,0.14499999999999957
RAW_NO_PBC,B,1020,2,0.14477568856683093
RAW_NO_PBC,B,1022,2,0.14483438818181293
RAW_NO_PBC,B,1024,2,0.14499999999999957
RAW_NO_PBC,B,1026,2,0.14499999999999957
RAW_NO_PBC,B,1028,2,0.14483438818181277
RAW_NO_PBC,B,1030,2,0.14461673485458001
RAW_NO_PBC,B,1032,2,0.14499999999999957
RAW_NO_PBC,B,1034,2,0.1446409347314931
RAW_NO_PBC,B,1036,2,0.14461673485458038
RAW_NO_PBC,B,1038,2,0.14499999999999957
RAW_NO_PBC,B,1040,2,0.14499999999999957
RAW_NO_PBC,B,1042,2,0.14499999999999957
RAW_NO_PBC,B,1044,2,0.14483438818181277
RAW_NO_PBC,B,1046,2,0.1446409347314931
RAW_NO_PBC,B,1048,2,0.14499999999999957
RAW_NO_PBC,B,1050,2,0.1446409347314931
RAW_NO_PBC,B,1052,2,0.14483438818181277
RAW_NO_PBC,B,1054,2,0.14499999999999957
RAW_NO_PBC,B,1056,2,0.14439182802361086
RAW_NO_PBC,B,1058,2,0.14499999999999957
RAW_NO_PBC,B,1060,2,0.14456140563788109
RAW_NO_PBC,B,1062,2,0.14477568856683093
RAW_NO_PBC,B,1064,2,0.14499999999999957
RAW_NO_PBC,B,1066,2,0.14456140563788109
RAW_NO_PBC,B,1068,2,0.14483438818181293
RAW_NO_PBC,B,1070,2,0.14499999999999957
RAW_NO_PBC,B,1072,2,0.14499999999999957
RAW_NO_PBC,B,1074,2,0.14483438818181293
RAW_NO_PBC,B,1076,2,0.14477568856683093
RAW_NO_PBC,B,1078,2,0.14499999999999957
RAW_NO_PBC,B,1080,2,0.14499999999999957
RAW_NO_PBC,B,1082,2,0.14533409785731677
RAW_NO_PBC,B,1084,2,0.14489306401619115
RAW_NO_PBC,B,1086,2,0.14499999999999957
RAW_NO_PBC,B,1088,2,0.14506205568652353
RAW_NO_PBC,B,1090,2,0.14511719401917866
RAW_NO_PBC,B,1092,2,0.14499999999999957
RAW_NO_PBC,B,1094,2,0.14511719401917905
RAW_NO_PBC,B,1096,2,0.14506205568652353
RAW_NO_PBC,B,1098,2,0.14499999999999957
RAW_NO_PBC,B,1100,2,0.14499999999999957
RAW_NO_PBC,B,1102,2,0.1453340978573166
RAW_NO_PBC,B,1104,2,0.14506205568652353
RAW_NO_PBC,B,1106,2,0.14499999999999957
RAW_NO_PBC,B,1108,2,0.14514131045295164
RAW_NO_PBC,B,1110,2,0.14506205568652353
RAW_NO_PBC,B,1112,2,0.14499999999999957
RAW_NO_PBC,B,1114,2,0.14499999999999957
RAW_NO_PBC,B,1116,2,0.14499999999999957
RAW_NO_PBC,B,1118,2,0.14506205568652353
RAW_NO_PBC,B,1120,2,0.14499999999999957
RAW_NO_PBC,B,1122,2,0.14499999999999957
RAW_NO_PBC,B,1124,2,0.14499999999999957
RAW_NO_PBC,B,1126,2,0.14506205568652353
RAW_NO_PBC,B,1128,2,0.14531001341958558
RAW_NO_PBC,B,1130,2,0.14499999999999957
RAW_NO_PBC,B,1132,2,0.14531001341958558
RAW_NO_PBC,B,1134,2,0.14499999999999957
RAW_NO_PBC,B,1136,2,0.14527560015363924
RAW_NO_PBC,B,1138,2,0.14499999999999957
RAW_NO_PBC,B,1140,2,0.14506205568652353
RAW_NO_PBC,B,1142,2,0.14484129245487978
RAW_NO_PBC,B,1144,2,0.14489306401619115
RAW_NO_PBC,B,1146,2,0.1448378403594867
RAW_NO_PBC,B,1148,2,0.14506205568652353
RAW_NO_PBC,B,1150,2,0.14514131045295164
RAW_NO_PBC,B,1152,2,0.14492411807563313
RAW_NO_PBC,B,1154,2,0.14506205568652353
RAW_NO_PBC,B,1156,2,0.1453340978573166
RAW_NO_PBC,B,1158,2,0.14484129245488003
RAW_NO_PBC,B,1160,2,0.14484129245488003
RAW_NO_PBC,B,1162,2,0.14506205568652353
RAW_NO_PBC,B,1164,2,0.14511719401917905
RAW_NO_PBC,B,1166,2,0.14492411807563313
RAW_NO_PBC,B,1168,2,0.14511719401917866
RAW_NO_PBC,B,1170,2,0.14506205568652353
RAW_NO_PBC,B,1172,2,0.1448378403594867
RAW_NO_PBC,B,1174,2,0.14484129245487978
RAW_NO_PBC,B,1176,2,0.14533409785731677
RAW_NO_PBC,B,1178,2,0.14489306401619112
RAW_NO_PBC,B,1180,2,0.1448792600754161
RAW_NO_PBC,B,1182,2,0.14527560015363924
RAW_NO_PBC,B,1184,2,0.14489306401619076
RAW_NO_PBC,B,1186,2,0.14531001341958558
RAW_NO_PBC,B,1188,2,0.14428097587693287
RAW_NO_PBC,B,1190,2,0.14531001341958558
RAW_NO_PBC,B,1192,2,0.14506205568652353
RAW_NO_PBC,B,1194,2,0.14489306401619076
RAW_NO_PBC,B,1196,2,0.1448792600754161
RAW_NO_PBC,B,1198,2,0.14489306401619112
RAW_NO_PBC,B,1200,2,0.14533409785731632
RAW_NO_PBC,B,1202,2,0.1448930640161907
RAW_NO_PBC,B,1204,2,0.14500000000000046
RAW_NO_PBC,B,1206,2,0.14506205568652306
RAW_NO_PBC,B,1208,2,0.14511719401917822
RAW_NO_PBC,B,1210,2,0.14500000000000046
RAW_NO_PBC,B,1212,2,0.14511719401917858
RAW_NO_PBC,B,1214,2,0.14506205568652306
RAW_NO_PBC,B,1216,2,0.14500000000000046
RAW_NO_PBC,B,1218,2,0.14500000000000046
RAW_NO_PBC,B,1220,2,0.14533409785731613
RAW_NO_PBC,B,1222,2,0.14506205568652306
RAW_NO_PBC,B,1224,2,0.14500000000000046
RAW_NO_PBC,B,1226,2,0.1451413104529512
RAW_NO_PBC,B,1228,2,0.14506205568652306
RAW_NO_PBC,B,1230,2,0.14500000000000046
RAW_NO_PBC,B,1232,2,0.14500000000000046
RAW_NO_PBC,B,1234,2,0.14500000000000046
RAW_NO_PBC,B,1236,2,0.14506205568652306
RAW_NO_PBC,B,1238,2,0.14500000000000046
RAW_NO_PBC,B,1240,2,0.14500000000000046
RAW_NO_PBC,B,1242,2,0.14500000000000046
RAW_NO_PBC,B,1244,2,0.14506205568652306
RAW_NO_PBC,B,1246,2,0.14531001341958513
RAW_NO_PBC,B,1248,2,0.14500000000000046
RAW_NO_PBC,B,1250,2,0.14531001341958513
RAW_NO_PBC,B,1252,2,0.14500000000000046
RAW_NO_PBC,B,1254,2,0.1452756001536388
RAW_NO_PBC,B,1256,2,0.14500000000000046
RAW_NO_PBC,B,1258,2,0.14500000000000046
RAW_NO_PBC,B,1260,2,0.1455369368923229
RAW_NO_PBC,B,1262,2,0.14501379244747725
RAW_NO_PBC,B,1264,2,0.14483438818181277
RAW_NO_PBC,B,1266,2,0.14461673485458001
RAW_NO_PBC,B,1268,2,0.14528936643815327
RAW_NO_PBC,B,1270,2,0.1446409347314931
RAW_NO_PBC,B,1272,2,0.14461673485458038
RAW_NO_PBC,B,1274,2,0.14506550244630867
RAW_NO_PBC,B,1276,2,0.14500344823486094
RAW_NO_PBC,B,1278,2,0.14506550244630867
RAW_NO_PBC,B,1280,2,0.14483438818181277
RAW_NO_PBC,B,1282,2,0.1446409347314931
RAW_NO_PBC,B,1284,2,0.14528936643815327
RAW_NO_PBC,B,1286,2,0.1446409347314931
RAW_NO_PBC,B,1288,2,0.14483438818181277
RAW_NO_PBC,B,1290,2,0.14501379244747725
RAW_NO_PBC,B,1292,2,0.14439182802361086
RAW_NO_PBC,B,1294,2,0.1455369368923229
RAW_NO_PBC,B,1296,2,0.14456140563788109
RAW_NO_PBC,B,1298,2,0.14477568856683093
RAW_NO_PBC,B,1300,2,0.1452446212429224
RAW_NO_PBC,B,1302,2,0.14456140563788109
RAW_NO_PBC,B,1304,2,0.14483438818181293
RAW_NO_PBC,B,1306,2,0.145013792447477
RAW_NO_PBC,B,1308,2,0.145013792447477
RAW_NO_PBC,B,1310,2,0.14483438818181293
RAW_NO_PBC,B,1312,2,0.14477568856683093
RAW_NO_PBC,B,1314,2,0.1452446212429224
RAW_NO_PBC,B,1316,2,0.14477568856683093
RAW_NO_PBC,B,1318,2,0.14483438818181293
RAW_NO_PBC,B,1320,2,0.14439182802361086
RAW_NO_PBC,B,1322,2,0.14499999999999957
RAW_NO_PBC,B,1324,2,0.14483438818181277
RAW_NO_PBC,B,1326,2,0.1446409347314931
RAW_NO_PBC,B,1328,2,0.14499999999999957
RAW_NO_PBC,B,1330,2,0.1446409347314931
RAW_NO_PBC,B,1332,2,0.14483438818181277
RAW_NO_PBC,B,1334,2,0.14499999999999957
RAW_NO_PBC,B,1336,2,0.14499999999999957
RAW_NO_PBC,B,1338,2,0.14499999999999957
RAW_NO_PBC,B,1340,2,0.14461673485458038
RAW_NO_PBC,B,1342,2,0.1446409347314931
RAW_NO_PBC,B,1344,2,0.14499999999999957
RAW_NO_PBC,B,1346,2,0.14461673485458001
RAW_NO_PBC,B,1348,2,0.14483438818181277
RAW_NO_PBC,B,1350,2,0.14499999999999957
RAW_NO_PBC,B,1352,2,0.14499999999999957
RAW_NO_PBC,B,1354,2,0.14483438818181293
RAW_NO_PBC,B,1356,2,0.14477568856683093
RAW_NO_PBC,B,1358,2,0.14499999999999957
RAW_NO_PBC,B,1360,2,0.14477568856683093
RAW_NO_PBC,B,1362,2,0.14483438818181293
RAW_NO_PBC,B,1364,2,0.14499999999999957
RAW_NO_PBC,B,1366,2,0.14499999999999957
RAW_NO_PBC,B,1368,2,0.14483438818181293
RAW_NO_PBC,B,1370,2,0.14456140563788109
RAW_NO_PBC,B,1372,2,0.14499999999999957
RAW_NO_PBC,B,1374,2,0.14477568856683093
RAW_NO_PBC,B,1376,2,0.14456140563788109
RAW_NO_PBC,B,1378,2,0.14499999999999957
RAW_NO_PBC,B,1380,2,0.14500000000000046
RAW_NO_PBC,B,1382,2,0.14483438818181277
RAW_NO_PBC,B,1384,2,0.14461673485458001
RAW_NO_PBC,B,1386,2,0.14500000000000046
RAW_NO_PBC,B,1388,2,0.1446409347314931
RAW_NO_PBC,B,1390,2,0.14461673485458038
RAW_NO_PBC,B,1392,2,0.14500000000000046
RAW_NO_PBC,B,1394,2,0.14500000000000046
RAW_NO_PBC,B,1396,2,0.14500000000000046
RAW_NO_PBC,B,1398,2,0.14483438818181277
RAW_NO_PBC,B,1400,2,0.1446409347314931
RAW_NO_PBC,B,1402,2,0.14500000000000046
RAW_NO_PBC,B,1404,2,0.1446409347314931
RAW_NO_PBC,B,1406,2,0.14483438818181277
RAW_NO_PBC,B,1408,2,0.14500000000000046
RAW_NO_PBC,B,1410,2,0.14439182802361086
RAW_NO_PBC,B,1412,2,0.14500000000000046
RAW_NO_PBC,B,1414,2,0.14456140563788109
RAW_NO_PBC,B,1416,2,0.14477568856683093
RAW_NO_PBC,B,1418,2,0.14500000000000046
RAW_NO_PBC,B,1420,2,0.14456140563788109
RAW_NO_PBC,B,1422,2,0.14483438818181293
RAW_NO_PBC,B,1424,2,0.14500000000000046
RAW_NO_PBC,B,1426,2,0.14500000000000046
RAW_NO_PBC,B,1428,2,0.14483438818181293
RAW_NO_PBC,B,1430,2,0.14477568856683093
RAW_NO_PBC,B,1432,2,0.14500000000000046
RAW_NO_PBC,B,1434,2,0.14477568856683093
RAW_NO_PBC,B,1436,2,0.14483438818181293
RAW_NO_PBC,B,1438,2,0.14500000000000046
RAW_NO_PBC,B,1440,2,0.14500000000000046
RAW_NO_PBC,B,1442,2,0.14506205568652306
RAW_NO_PBC,B,1444,2,0.14511719401917822
RAW_NO_PBC,B,1446,2,0.14500000000000046
RAW_NO_PBC,B,1448,2,0.14511719401917858
RAW_NO_PBC,B,1450,2,0.14506205568652306
RAW_NO_PBC,B,1452,2,0.14500000000000046
RAW_NO_PBC,B,1454,2,0.14500000000000046
RAW_NO_PBC,B,1456,2,0.14533409785731613
RAW_NO_PBC,B,1458,2,0.14506205568652306
RAW_NO_PBC,B,1460,2,0.14500000000000046
RAW_NO_PBC,B,1462,2,0.1451413104529512
RAW_NO_PBC,B,1464,2,0.14506205568652306
RAW_NO_PBC,B,1466,2,0.14500000000000046
RAW_NO_PBC,B,1468,2,0.14500000000000046
RAW_NO_PBC,B,1470,2,0.14500000000000046
RAW_NO_PBC,B,1472,2,0.14506205568652306
RAW_NO_PBC,B,1474,2,0.14500000000000046
RAW_NO_PBC,B,1476,2,0.14500000000000046
RAW_NO_PBC,B,1478,2,0.14500000000000046
RAW_NO_PBC,B,1480,2,0.14506205568652306
RAW_NO_PBC,B,1482,2,0.14531001341958513
RAW_NO_PBC,B,1484,2,0.14500000000000046
RAW_NO_PBC,B,1486,2,0.14531001341958513
RAW_NO_PBC,B,1488,2,0.14500000000000046
RAW_NO_PBC,B,1490,2,0.1452756001536388
RAW_NO_PBC,B,1492,2,0.14500000000000046
RAW_NO_PBC,B,1494,2,0.14500000000000046
RAW_NO_PBC,B,1496,2,0.14533409785731632
RAW_NO_PBC,B,1498,2,0.1448930640161907
RAW_NO_PBC,B,1500,2,0.14500000000000046
RAW_NO_PBC,B,1502,2,0.14506205568652306
RAW_NO_PBC,B,1504,2,0.1451413104529512
RAW_NO_PBC,B,1506,2,0.14500000000000046
RAW_NO_PBC,B,1508,2,0.14506205568652306
RAW_NO_PBC,B,1510,2,0.14533409785731613
RAW_NO_PBC,B,1512,2,0.14500000000000046
RAW_NO_PBC,B,1514,2,0.14500000000000046
RAW_NO_PBC,B,1516,2,0.14506205568652306
RAW_NO_PBC,B,1518,2,0.14511719401917858
RAW_NO_PBC,B,1520,2,0.14500000000000046
RAW_NO_PBC,B,1522,2,0.14511719401917822
RAW_NO_PBC,B,1524,2,0.14506205568652306
RAW_NO_PBC,B,1526,2,0.14500000000000046
RAW_NO_PBC,B,1528,2,0.1448930640161907
RAW_NO_PBC,B,1530,2,0.14533409785731632
RAW_NO_PBC,B,1532,2,0.14500000000000046
RAW_NO_PBC,B,1534,2,0.14500000000000046
RAW_NO_PBC,B,1536,2,0.1452756001536388
RAW_NO_PBC,B,1538,2,0.14500000000000046
RAW_NO_PBC,B,1540,2,0.14531001341958513
RAW_NO_PBC,B,1542,2,0.14500000000000046
RAW_NO_PBC,B,1544,2,0.14531001341958513
RAW_NO_PBC,B,1546,2,0.14506205568652306
RAW_NO_PBC,B,1548,2,0.14500000000000046
RAW_NO_PBC,B,1550,2,0.14500000000000046
RAW_NO_PBC,B,1552,2,0.14500000000000046
RAW_NO_PBC,B,1554,2,0.14506205568652306
RAW_NO_PBC,B,1556,2,0.14500000000000046
RAW_NO_PBC,B,1558,2,0.14500000000000046
RAW_NO_PBC,B,1560,2,0.14483438818181277
RAW_NO_PBC,B,1562,2,0.1446409347314931
RAW_NO_PBC,B,1564,2,0.14499999999999957
RAW_NO_PBC,B,1566,2,0.1446409347314931
RAW_NO_PBC,B,1568,2,0.14483438818181277
RAW_NO_PBC,B,1570,2,0.14499999999999957
RAW_NO_PBC,B,1572,2,0.14499999999999957
RAW_NO_PBC,B,1574,2,0.14499999999999957
RAW_NO_PBC,B,1576,2,0.14461673485458038
RAW_NO_PBC,B,1578,2,0.1446409347314931
RAW_NO_PBC,B,1580,2,0.14499999999999957
RAW_NO_PBC,B,1582,2,0.14461673485458001
RAW_NO_PBC,B,1584,2,0.14483438818181277
RAW_NO_PBC,B,1586,2,0.14499999999999957
RAW_NO_PBC,B,1588,2,0.14499999999999957
RAW_NO_PBC,B,1590,2,0.14483438818181293
RAW_NO_PBC,B,1592,2,0.14477568856683093
RAW_NO_PBC,B,1594,2,0.14499999999999957
RAW_NO_PBC,B,1596,2,0.14477568856683093
RAW_NO_PBC,B,1598,2,0.14483438818181293
RAW_NO_PBC,B,1600,2,0.14499999999999957
RAW_NO_PBC,B,1602,2,0.14499999999999957
RAW_NO_PBC,B,1604,2,0.14483438818181293
RAW_NO_PBC,B,1606,2,0.14456140563788109
RAW_NO_PBC,B,1608,2,0.14499999999999957
RAW_NO_PBC,B,1610,2,0.14477568856683093
RAW_NO_PBC,B,1612,2,0.14456140563788109
RAW_NO_PBC,B,1614,2,0.14499999999999957
RAW_NO_PBC,B,1616,2,0.14439182802361086
RAW_NO_PBC,B,1618,2,0.14499999999999957
RAW_NO_PBC,B,1620,2,0.14506205568652353
RAW_NO_PBC,B,1622,2,0.14514131045295164
RAW_NO_PBC,B,1624,2,0.14500000000000046
RAW_NO_PBC,B,1626,2,0.14506205568652353
RAW_NO_PBC,B,1628,2,0.1453340978573166
RAW_NO_PBC,B,1630,2,0.14500000000000046
RAW_NO_PBC,B,1632,2,0.14500000000000046
RAW_NO_PBC,B,1634,2,0.14506205568652353
RAW_NO_PBC,B,1636,2,0.14511719401917905
RAW_NO_PBC,B,1638,2,0.14500000000000046
RAW_NO_PBC,B,1640,2,0.14511719401917866
RAW_NO_PBC,B,1642,2,0.14506205568652353
RAW_NO_PBC,B,1644,2,0.14500000000000046
RAW_NO_PBC,B,1646,2,0.14489306401619115
RAW_NO_PBC,B,1648,2,0.14533409785731677
RAW_NO_PBC,B,1650,2,0.14500000000000046
RAW_NO_PBC,B,1652,2,0.14500000000000046
RAW_NO_PBC,B,1654,2,0.14527560015363924
RAW_NO_PBC,B,1656,2,0.14500000000000046
RAW_NO_PBC,B,1658,2,0.14531001341958558
RAW_NO_PBC,B,1660,2,0.14500000000000046
RAW_NO_PBC,B,1662,2,0.14531001341958558
RAW_NO_PBC,B,1664,2,0.14506205568652353
RAW_NO_PBC,B,1666,2,0.14500000000000046
RAW_NO_PBC,B,1668,2,0.14500000000000046
RAW_NO_PBC,B,1670,2,0.14500000000000046
RAW_NO_PBC,B,1672,2,0.14506205568652353
RAW_NO_PBC,B,1674,2,0.14500000000000046
RAW_NO_PBC,B,1676,2,0.14500000000000046
RAW_NO_PBC,B,1678,2,0.14500000000000046
RAW_NO_PBC,B,0,3,0.29017408567961406
RAW_NO_PBC,B,2,3,0.29017408567961406
RAW_NO_PBC,B,4,3,0.2898102827713335
RAW_NO_PBC,B,6,3,0.2898102827713335
RAW_NO_PBC,B,8,3,0.29006550984217344
RAW_NO_PBC,B,10,3,0.29006550984217344
RAW_NO_PBC,B,12,3,0.2896031767781564
RAW_NO_PBC,B,14,3,0.28987238571481755
RAW_NO_PBC,B,16,3,0.28987238571481755
RAW_NO_PBC,B,18,3,0.2896031767781564
RAW_NO_PBC,B,20,3,0.29006550984217316
RAW_NO_PBC,B,22,3,0.29006550984217316
RAW_NO_PBC,B,24,3,0.28956001105125
RAW_NO_PBC,B,26,3,0.2894011057338927
RAW_NO_PBC,B,28,3,0.29017408567961406
RAW_NO_PBC,B,30,3,0.29017408567961406
RAW_NO_PBC,B,32,3,0.2894011057338931
RAW_NO_PBC,B,34,3,0.29012755815330604
RAW_NO_PBC,B,36,3,0.29012755815330604
RAW_NO_PBC,B,38,3,0.28956001105125
RAW_NO_PBC,B,40,3,0.2896031767781562
RAW_NO_PBC,B,42,3,0.2896031767781562
RAW_NO_PBC,B,44,3,0.28987238571481755
RAW_NO_PBC,B,46,3,0.28987238571481755
RAW_NO_PBC,B,48,3,0.2896031767781562
RAW_NO_PBC,B,50,3,0.2896031767781562
RAW_NO_PBC,B,52,3,0.2895565575151083
RAW_NO_PBC,B,54,3,0.29055980451535285
RAW_NO_PBC,B,56,3,0.29055980451535285
RAW_NO_PBC,B,58,3,0.2893129793147899
RAW_NO_PBC,B,60,3,0.1452446212429224
RAW_NO_PBC,B,62,3,0.14500000000000002
RAW_NO_PBC,B,64,3,0.14500000000000002
RAW_NO_PBC,B,66,3,0.145013792447477
RAW_NO_PBC,B,68,3,0.145013792447477
RAW_NO_PBC,B,70,3,0.14500000000000002
RAW_NO_PBC,B,72,3,0.14500000000000002
RAW_NO_PBC,B,74,3,0.1452446212429224
RAW_NO_PBC,B,76,3,0.14500000000000002
RAW_NO_PBC,B,78,3,0.14500000000000002
RAW_NO_PBC,B,80,3,0.1455369368923229
RAW_NO_PBC,B,82,3,0.14501379244747725
RAW_NO_PBC,B,84,3,0.14500000000000002
RAW_NO_PBC,B,86,3,0.14500000000000002
RAW_NO_PBC,B,88,3,0.14528936643815327
RAW_NO_PBC,B,90,3,0.14500000000000002
RAW_NO_PBC,B,92,3,0.14500000000000002
RAW_NO_PBC,B,94,3,0.14506550244630867
RAW_NO_PBC,B,96,3,0.14500344823486094
RAW_NO_PBC,B,98,3,0.14506550244630867
RAW_NO_PBC,B,100,3,0.14500000000000002
RAW_NO_PBC,B,102,3,0.14500000000000002
RAW_NO_PBC,B,104,3,0.14528936643815327
RAW_NO_PBC,B,106,3,0.14500000000000002
RAW_NO_PBC,B,108,3,0.14500000000000002
RAW_NO_PBC,B,110,3,0.14501379244747725
RAW_NO_PBC,B,112,3,0.14500000000000002
RAW_NO_PBC,B,114,3,0.1455369368923229
RAW_NO_PBC,B,116,3,0.14500000000000002
RAW_NO_PBC,B,118,3,0.14500000000000002
RAW_NO_PBC,B,120,3,0.14527560015363902
RAW_NO_PBC,B,122,3,0.14533409785731655
RAW_NO_PBC,B,124,3,0.14551288602732038
RAW_NO_PBC,B,126,3,0.14551288602732038
RAW_NO_PBC,B,128,3,0.14533409785731655
RAW_NO_PBC,B,130,3,0.1450620556865233
RAW_NO_PBC,B,132,3,0.14574292435655314
RAW_NO_PBC,B,134,3,0.14527560015363902
RAW_NO_PBC,B,136,3,0.1450620556865233
RAW_NO_PBC,B,138,3,0.1460342425597502
RAW_NO_PBC,B,140,3,0.14500000000000002
RAW_NO_PBC,B,142,3,0.1455128860273206
RAW_NO_PBC,B,144,3,0.14533409785731635
RAW_NO_PBC,B,146,3,0.14514131045295142
RAW_NO_PBC,B,148,3,0.1457875166123628
RAW_NO_PBC,B,150,3,0.14514131045295142
RAW_NO_PBC,B,152,3,0.14533409785731635
RAW_NO_PBC,B,154,3,0.1455644187293034
RAW_NO_PBC,B,156,3,0.14550257729676125
RAW_NO_PBC,B,158,3,0.1455644187293034
RAW_NO_PBC,B,160,3,0.1451171940191788
RAW_NO_PBC,B,162,3,0.14514131045295142
RAW_NO_PBC,B,164,3,0.1457875166123628
RAW_NO_PBC,B,166,3,0.14511719401917844
RAW_NO_PBC,B,168,3,0.14533409785731635
RAW_NO_PBC,B,170,3,0.1455128860273206
RAW_NO_PBC,B,172,3,0.1460342425597502
RAW_NO_PBC,B,174,3,0.14533409785731655
RAW_NO_PBC,B,176,3,0.14527560015363902
RAW_NO_PBC,B,178,3,0.14574292435655314
RAW_NO_PBC,B,180,3,0.14500000000000002
RAW_NO_PBC,B,182,3,0.14500000000000002
RAW_NO_PBC,B,184,3,0.145013792447477
RAW_NO_PBC,B,186,3,0.145013792447477
RAW_NO_PBC,B,188,3,0.14500000000000002
RAW_NO_PBC,B,190,3,0.14500000000000002
RAW_NO_PBC,B,192,3,0.1452446212429224
RAW_NO_PBC,B,194,3,0.14500000000000002
RAW_NO_PBC,B,196,3,0.14500000000000002
RAW_NO_PBC,B,198,3,0.1455369368923229
RAW_NO_PBC,B,200,3,0.14501379244747725
RAW_NO_PBC,B,202,3,0.14500000000000002
RAW_NO_PBC,B,204,3,0.14500000000000002
RAW_NO_PBC,B,206,3,0.14528936643815327
RAW_NO_PBC,B,208,3,0.14500000000000002
RAW_NO_PBC,B,210,3,0.14500000000000002
RAW_NO_PBC,B,212,3,0.14506550244630867
RAW_NO_PBC,B,214,3,0.14500344823486094
RAW_NO_PBC,B,216,3,0.14506550244630867
RAW_NO_PBC,B,218,3,0.14500000000000002
RAW_NO_PBC,B,220,3,0.14500000000000002
RAW_NO_PBC,B,222,3,0.14528936643815327
RAW_NO_PBC,B,224,3,0.14500000000000002
RAW_NO_PBC,B,226,3,0.14500000000000002
RAW_NO_PBC,B,228,3,0.14501379244747725
RAW_NO_PBC,B,230,3,0.14500000000000002
RAW_NO_PBC,B,232,3,0.1455369368923229
RAW_NO_PBC,B,234,3,0.14500000000000002
RAW_NO_PBC,B,236,3,0.14500000000000002
RAW_NO_PBC,B,238,3,0.1452446212429224
RAW_NO_PBC,B,240,3,0.14533409785731655
RAW_NO_PBC,B,242,3,0.14551288602732038
RAW_NO_PBC,B,244,3,0.14551288602732038
RAW_NO_PBC,B,246,3,0.14533409785731655
RAW_NO_PBC,B,248,3,0.1450620556865233
RAW_NO_PBC,B,250,3,0.14574292435655314
RAW_NO_PBC,B,252,3,0.14527560015363902
RAW_NO_PBC,B,254,3,0.1450620556865233
RAW_NO_PBC,B,256,3,0.1460342425597502
RAW_NO_PBC,B,258,3,0.14500000000000002
RAW_NO_PBC,B,260,3,0.1455128860273206
RAW_NO_PBC,B,262,3,0.14533409785731635
RAW_NO_PBC,B,264,3,0.14514131045295142
RAW_NO_PBC,B,266,3,0.1457875166123628
RAW_NO_PBC,B,268,3,0.14514131045295142
RAW_NO_PBC,B,270,3,0.14533409785731635
RAW_NO_PBC,B,272,3,0.1455644187293034
RAW_NO_PBC,B,274,3,0.14550257729676125
RAW_NO_PBC,B,276,3,0.1455644187293034
RAW_NO_PBC,B,278,3,0.1451171940191788
RAW_NO_PBC,B,280,3,0.14514131045295142
RAW_NO_PBC,B,282,3,0.1457875166123628
RAW_NO_PBC,B,284,3,0.14511719401917844
RAW_NO_PBC,B,286,3,0.14533409785731635
RAW_NO_PBC,B,288,3,0.1455128860273206
RAW_NO_PBC,B,290,3,0.1460342425597502
RAW_NO_PBC,B,292,3,0.14533409785731655
RAW_NO_PBC,B,294,3,0.14527560015363902
RAW_NO_PBC,B,296,3,0.14574292435655314
RAW_NO_PBC,B,298,3,0.14527560015363902
RAW_NO_PBC,B,300,3,0.14500000000000002
RAW_NO_PBC,B,302,3,0.145013792447477
RAW_NO_PBC,B,304,3,0.145013792447477
RAW_NO_PBC,B,306,3,0.14500000000000002
RAW_NO_PBC,B,308,3,0.14500000000000002
RAW_NO_PBC,B,310,3,0.1452446212429224
RAW_NO_PBC,B,312,3,0.14500000000000002
RAW_NO_PBC,B,314,3,0.14500000000000002
RAW_NO_PBC,B,316,3,0.1455369368923229
RAW_NO_PBC,B,318,3,0.14501379244747725
RAW_NO_PBC,B,320,3,0.14500000000000002
RAW_NO_PBC,B,322,3,0.14500000000000002
RAW_NO_PBC,B,324,3,0.14528936643815327
RAW_NO_PBC,B,326,3,0.14500000000000002
RAW_NO_PBC,B,328,3,0.14500000000000002
RAW_NO_PBC,B,330,3,0.14506550244630867
RAW_NO_PBC,B,332,3,0.14500344823486094
RAW_NO_PBC,B,334,3,0.14506550244630867
RAW_NO_PBC,B,336,3,0.14500000000000002
RAW_NO_PBC,B,338,3,0.14500000000000002
RAW_NO_PBC,B,340,3,0.14528936643815327
RAW_NO_PBC,B,342,3,0.14500000000000002
RAW_NO_PBC,B,344,3,0.14500000000000002
RAW_NO_PBC,B,346,3,0.14501379244747725
RAW_NO_PBC,B,348,3,0.14500000000000002
RAW_NO_PBC,B,350,3,0.1455369368923229
RAW_NO_PBC,B,352,3,0.14500000000000002
RAW_NO_PBC,B,354,3,0.14500000000000002
RAW_NO_PBC,B,356,3,0.1452446212429224
RAW_NO_PBC,B,358,3,0.14500000000000002
RAW_NO_PBC,B,360,3,0.14551288602732038
RAW_NO_PBC,B,362,3,0.14551288602732038
RAW_NO_PBC,B,364,3,0.14533409785731655
RAW_NO_PBC,B,366,3,0.1450620556865233
RAW_NO_PBC,B,368,3,0.14574292435655314
RAW_NO_PBC,B,370,3,0.14527560015363902
RAW_NO_PBC,B,372,3,0.1450620556865233
RAW_NO_PBC,B,374,3,0.1460342425597502
RAW_NO_PBC,B,376,3,0.14500000000000002
RAW_NO_PBC,B,378,3,0.1455128860273206
RAW_NO_PBC,B,380,3,0.14533409785731635
RAW_NO_PBC,B,382,3,0.14514131045295142
RAW_NO_PBC,B,384,3,0.1457875166123628
RAW_NO_PBC,B,386,3,0.14514131045295142
RAW_NO_PBC,B,388,3,0.14533409785731635
RAW_NO_PBC,B,390,3,0.1455644187293034
RAW_NO_PBC,B,392,3,0.14550257729676125
RAW_NO_PBC,B,394,3,0.1455644187293034
RAW_NO_PBC,B,396,3,0.1451171940191788
RAW_NO_PBC,B,398,3,0.14514131045295142
RAW_NO_PBC,B,400,3,0.1457875166123628
RAW_NO_PBC,B,402,3,0.14511719401917844
RAW_NO_PBC,B,404,3,0.14533409785731635
RAW_NO_PBC,B,406,3,0.1455128860273206
RAW_NO_PBC,B,408,3,0.1460342425597502
RAW_NO_PBC,B,410,3,0.14533409785731655
RAW_NO_PBC,B,412,3,0.14527560015363902
RAW_NO_PBC,B,414,3,0.14574292435655314
RAW_NO_PBC,B,416,3,0.14527560015363902
RAW_NO_PBC,B,418,3,0.14533409785731655
RAW_NO_PBC,B,420,3,0.14501379244747678
RAW_NO_PBC,B,422,3,0.14501379244747678
RAW_NO_PBC,B,424,3,0.14500000000000002
RAW_NO_PBC,B,426,3,0.14500000000000002
RAW_NO_PBC,B,428,3,0.14524462124292217
RAW_NO_PBC,B,430,3,0.14500000000000002
RAW_NO_PBC,B,432,3,0.14500000000000002
RAW_NO_PBC,B,434,3,0.14553693689232267
RAW_NO_PBC,B,436,3,0.14501379244747703
RAW_NO_PBC,B,438,3,0.14500000000000002
RAW_NO_PBC,B,440,3,0.14500000000000002
RAW_NO_PBC,B,442,3,0.14528936643815304
RAW_NO_PBC,B,444,3,0.14500000000000002
RAW_NO_PBC,B,446,3,0.14500000000000002
RAW_NO_PBC,B,448,3,0.14506550244630848
RAW_NO_PBC,B,450,3,0.14500344823486072
RAW_NO_PBC,B,452,3,0.14506550244630848
RAW_NO_PBC,B,454,3,0.14500000000000002
RAW_NO_PBC,B,456,3,0.14500000000000002
RAW_NO_PBC,B,458,3,0.14528936643815304
RAW_NO_PBC,B,460,3,0.14500000000000002
RAW_NO_PBC,B,462,3,0.14500000000000002
RAW_NO_PBC,B,464,3,0.14501379244747703
RAW_NO_PBC,B,466,3,0.14500000000000002
RAW_NO_PBC,B,468,3,0.14553693689232267
RAW_NO_PBC,B,470,3,0.14500000000000002
RAW_NO_PBC,B,472,3,0.14500000000000002
RAW_NO_PBC,B,474,3,0.14524462124292217
RAW_NO_PBC,B,476,3,0.14500000000000002
RAW_NO_PBC,B,478,3,0.14500000000000002
RAW_NO_PBC,B,480,3,0.1455128860273206
RAW_NO_PBC,B,482,3,0.14533409785731677
RAW_NO_PBC,B,484,3,0.14506205568652353
RAW_NO_PBC,B,486,3,0.14574292435655337
RAW_NO_PBC,B,488,3,0.14527560015363924
RAW_NO_PBC,B,490,3,0.14506205568652353
RAW_NO_PBC,B,492,3,0.14603424255975045
RAW_NO_PBC,B,494,3,0.14499999999999957
RAW_NO_PBC,B,496,3,0.14551288602732082
RAW_NO_PBC,B,498,3,0.1453340978573166
RAW_NO_PBC,B,500,3,0.14514131045295164
RAW_NO_PBC,B,502,3,0.14578751661236306
RAW_NO_PBC,B,504,3,0.14514131045295164
RAW_NO_PBC,B,506,3,0.1453340978573166
RAW_NO_PBC,B,508,3,0.14556441872930362
RAW_NO_PBC,B,510,3,0.14550257729676147
RAW_NO_PBC,B,512,3,0.14556441872930362
RAW_NO_PBC,B,514,3,0.14511719401917905
RAW_NO_PBC,B,516,3,0.14514131045295164
RAW_NO_PBC,B,518,3,0.14578751661236306
RAW_NO_PBC,B,520,3,0.14511719401917866
RAW_NO_PBC,B,522,3,0.1453340978573166
RAW_NO_PBC,B,524,3,0.14551288602732082
RAW_NO_PBC,B,526,3,0.14603424255975045
RAW_NO_PBC,B,528,3,0.14533409785731677
RAW_NO_PBC,B,530,3,0.14527560015363924
RAW_NO_PBC,B,532,3,0.14574292435655337
RAW_NO_PBC,B,534,3,0.14527560015363924
RAW_NO_PBC,B,536,3,0.14533409785731677
RAW_NO_PBC,B,538,3,0.1455128860273206
RAW_NO_PBC,B,540,3,0.1455128860273206
RAW_NO_PBC,B,542,3,0.14533409785731677
RAW_NO_PBC,B,544,3,0.14527560015363924
RAW_NO_PBC,B,546,3,0.14574292435655337
RAW_NO_PBC,B,548,3,0.14527560015363924
RAW_NO_PBC,B,550,3,0.14533409785731677
RAW_NO_PBC,B,552,3,0.14603424255975045
RAW_NO_PBC,B,554,3,0.14551288602732082
RAW_NO_PBC,B,556,3,0.1453340978573166
RAW_NO_PBC,B,558,3,0.14511719401917866
RAW_NO_PBC,B,560,3,0.14578751661236306
RAW_NO_PBC,B,562,3,0.14514131045295164
RAW_NO_PBC,B,564,3,0.14511719401917905
RAW_NO_PBC,B,566,3,0.14556441872930362
RAW_NO_PBC,B,568,3,0.14550257729676147
RAW_NO_PBC,B,570,3,0.14556441872930362
RAW_NO_PBC,B,572,3,0.1453340978573166
RAW_NO_PBC,B,574,3,0.14514131045295164
RAW_NO_PBC,B,576,3,0.14578751661236306
RAW_NO_PBC,B,578,3,0.14514131045295164
RAW_NO_PBC,B,580,3,0.1453340978573166
RAW_NO_PBC,B,582,3,0.14551288602732082
RAW_NO_PBC,B,584,3,0.14499999999999957
RAW_NO_PBC,B,586,3,0.14603424255975045
RAW_NO_PBC,B,588,3,0.14506205568652353
RAW_NO_PBC,B,590,3,0.14527560015363924
RAW_NO_PBC,B,592,3,0.14574292435655337
RAW_NO_PBC,B,594,3,0.14506205568652353
RAW_NO_PBC,B,596,3,0.14533409785731677
RAW_NO_PBC,B,598,3,0.1455128860273206
RAW_NO_PBC,B,600,3,0.14500000000000046
RAW_NO_PBC,B,602,3,0.14500000000000046
RAW_NO_PBC,B,604,3,0.1452446212429224
RAW_NO_PBC,B,606,3,0.14500000000000046
RAW_NO_PBC,B,608,3,0.14500000000000046
RAW_NO_PBC,B,610,3,0.1455369368923229
RAW_NO_PBC,B,612,3,0.14500000000000046
RAW_NO_PBC,B,614,3,0.14501379244747725
RAW_NO_PBC,B,616,3,0.14500000000000046
RAW_NO_PBC,B,618,3,0.14500000000000046
RAW_NO_PBC,B,620,3,0.14528936643815327
RAW_NO_PBC,B,622,3,0.14500000000000046
RAW_NO_PBC,B,624,3,0.14500000000000046
RAW_NO_PBC,B,626,3,0.14506550244630867
RAW_NO_PBC,B,628,3,0.14500344823486094
RAW_NO_PBC,B,630,3,0.14506550244630867
RAW_NO_PBC,B,632,3,0.14500000000000046
RAW_NO_PBC,B,634,3,0.14500000000000046
RAW_NO_PBC,B,636,3,0.14528936643815327
RAW_NO_PBC,B,638,3,0.14500000000000046
RAW_NO_PBC,B,640,3,0.14500000000000046
RAW_NO_PBC,B,642,3,0.14501379244747725
RAW_NO_PBC,B,644,3,0.1455369368923229
RAW_NO_PBC,B,646,3,0.14500000000000046
RAW_NO_PBC,B,648,3,0.14500000000000046
RAW_NO_PBC,B,650,3,0.1452446212429224
RAW_NO_PBC,B,652,3,0.14500000000000046
RAW_NO_PBC,B,654,3,0.14500000000000046
RAW_NO_PBC,B,656,3,0.145013792447477
RAW_NO_PBC,B,658,3,0.145013792447477
RAW_NO_PBC,B,660,3,0.14533409785731632
RAW_NO_PBC,B,662,3,0.1452756001536388
RAW_NO_PBC,B,664,3,0.1457429243565529
RAW_NO_PBC,B,666,3,0.1452756001536388
RAW_NO_PBC,B,668,3,0.14533409785731632
RAW_NO_PBC,B,670,3,0.14603424255974998
RAW_NO_PBC,B,672,3,0.14551288602732038
RAW_NO_PBC,B,674,3,0.14533409785731613
RAW_NO_PBC,B,676,3,0.14511719401917822
RAW_NO_PBC,B,678,3,0.14578751661236258
RAW_NO_PBC,B,680,3,0.1451413104529512
RAW_NO_PBC,B,682,3,0.14511719401917858
RAW_NO_PBC,B,684,3,0.14556441872930317
RAW_NO_PBC,B,686,3,0.14550257729676103
RAW_NO_PBC,B,688,3,0.14556441872930317
RAW_NO_PBC,B,690,3,0.14533409785731613
RAW_NO_PBC,B,692,3,0.1451413104529512
RAW_NO_PBC,B,694,3,0.14578751661236258
RAW_NO_PBC,B,696,3,0.1451413104529512
RAW_NO_PBC,B,698,3,0.14533409785731613
RAW_NO_PBC,B,700,3,0.14551288602732038
RAW_NO_PBC,B,702,3,0.1448930640161907
RAW_NO_PBC,B,704,3,0.14603424255974998
RAW_NO_PBC,B,706,3,0.14506205568652306
RAW_NO_PBC,B,708,3,0.1452756001536388
RAW_NO_PBC,B,710,3,0.1457429243565529
RAW_NO_PBC,B,712,3,0.14506205568652306
RAW_NO_PBC,B,714,3,0.14533409785731632
RAW_NO_PBC,B,716,3,0.14551288602732013
RAW_NO_PBC,B,718,3,0.14551288602732013
RAW_NO_PBC,B,720,3,0.14506205568652353
RAW_NO_PBC,B,722,3,0.14574292435655337
RAW_NO_PBC,B,724,3,0.14527560015363924
RAW_NO_PBC,B,726,3,0.14506205568652353
RAW_NO_PBC,B,728,3,0.14603424255975045
RAW_NO_PBC,B,730,3,0.14499999999999957
RAW_NO_PBC,B,732,3,0.14551288602732082
RAW_NO_PBC,B,734,3,0.1453340978573166
RAW_NO_PBC,B,736,3,0.14514131045295164
RAW_NO_PBC,B,738,3,0.14578751661236306
RAW_NO_PBC,B,740,3,0.14514131045295164
RAW_NO_PBC,B,742,3,0.1453340978573166
RAW_NO_PBC,B,744,3,0.14556441872930362
RAW_NO_PBC,B,746,3,0.14550257729676147
RAW_NO_PBC,B,748,3,0.14556441872930362
RAW_NO_PBC,B,750,3,0.14511719401917905
RAW_NO_PBC,B,752,3,0.14514131045295164
RAW_NO_PBC,B,754,3,0.14578751661236306
RAW_NO_PBC,B,756,3,0.14511719401917866
RAW_NO_PBC,B,758,3,0.1453340978573166
RAW_NO_PBC,B,760,3,0.14551288602732082
RAW_NO_PBC,B,762,3,0.14603424255975045
RAW_NO_PBC,B,764,3,0.14533409785731677
RAW_NO_PBC,B,766,3,0.14527560015363924
RAW_NO_PBC,B,768,3,0.14574292435655337
RAW_NO_PBC,B,770,3,0.14527560015363924
RAW_NO_PBC,B,772,3,0.14533409785731677
RAW_NO_PBC,B,774,3,0.1455128860273206
RAW_NO_PBC,B,776,3,0.1455128860273206
RAW_NO_PBC,B,778,3,0.14533409785731677
RAW_NO_PBC,B,780,3,0.1459999999999999
RAW_NO_PBC,B,782,3,0.1459999999999999
RAW_NO_PBC,B,784,3,0.1459999999999999
RAW_NO_PBC,B,786,3,0.1459999999999999
RAW_NO_PBC,B,788,3,0.1459999999999999
RAW_NO_PBC,B,790,3,0.1459999999999999
RAW_NO_PBC,B,792,3,0.1459999999999999
RAW_NO_PBC,B,794,3,0.1459999999999999
RAW_NO_PBC,B,796,3,0.1459999999999999
RAW_NO_PBC,B,798,3,0.1459999999999999
RAW_NO_PBC,B,800,3,0.1459999999999999
RAW_NO_PBC,B,802,3,0.1459999999999999
RAW_NO_PBC,B,804,3,0.1459999999999999
RAW_NO_PBC,B,806,3,0.1459999999999999
RAW_NO_PBC,B,808,3,0.1459999999999999
RAW_NO_PBC,B,810,3,0.1459999999999999
RAW_NO_PBC,B,812,3,0.1459999999999999
RAW_NO_PBC,B,814,3,0.1459999999999999
RAW_NO_PBC,B,816,3,0.1459999999999999
RAW_NO_PBC,B,818,3,0.1459999999999999
RAW_NO_PBC,B,820,3,0.1459999999999999
RAW_NO_PBC,B,822,3,0.1459999999999999
RAW_NO_PBC,B,824,3,0.1459999999999999
RAW_NO_PBC,B,826,3,0.1459999999999999
RAW_NO_PBC,B,828,3,0.1459999999999999
RAW_NO_PBC,B,830,3,0.1459999999999999
RAW_NO_PBC,B,832,3,0.1459999999999999
RAW_NO_PBC,B,834,3,0.1459999999999999
RAW_NO_PBC,B,836,3,0.1459999999999999
RAW_NO_PBC,B,838,3,0.1459999999999999
RAW_NO_PBC,B,840,3,0.1452446212429224
RAW_NO_PBC,B,842,3,0.14500000000000046
RAW_NO_PBC,B,844,3,0.14500000000000046
RAW_NO_PBC,B,846,3,0.1455369368923229
RAW_NO_PBC,B,848,3,0.14500000000000046
RAW_NO_PBC,B,850,3,0.14501379244747725
RAW_NO_PBC,B,852,3,0.14500000000000046
RAW_NO_PBC,B,854,3,0.14500000000000046
RAW_NO_PBC,B,856,3,0.14528936643815327
RAW_NO_PBC,B,858,3,0.14500000000000046
RAW_NO_PBC,B,860,3,0.14500000000000046
RAW_NO_PBC,B,862,3,0.14506550244630867
RAW_NO_PBC,B,864,3,0.14500344823486094
RAW_NO_PBC,B,866,3,0.14506550244630867
RAW_NO_PBC,B,868,3,0.14500000000000046
RAW_NO_PBC,B,870,3,0.14500000000000046
RAW_NO_PBC,B,872,3,0.14528936643815327
RAW_NO_PBC,B,874,3,0.14500000000000046
RAW_NO_PBC,B,876,3,0.14500000000000046
RAW_NO_PBC,B,878,3,0.14501379244747725
RAW_NO_PBC,B,880,3,0.1455369368923229
RAW_NO_PBC,B,882,3,0.14500000000000046
RAW_NO_PBC,B,884,3,0.14500000000000046
RAW_NO_PBC,B,886,3,0.1452446212429224
RAW_NO_PBC,B,888,3,0.14500000000000046
RAW_NO_PBC,B,890,3,0.14500000000000046
RAW_NO_PBC,B,892,3,0.145013792447477
RAW_NO_PBC,B,894,3,0.145013792447477
RAW_NO_PBC,B,896,3,0.14500000000000046
RAW_NO_PBC,B,898,3,0.14500000000000046
RAW_NO_PBC,B,900,3,0.1457429243565529
RAW_NO_PBC,B,902,3,0.1452756001536388
RAW_NO_PBC,B,904,3,0.14533409785731632
RAW_NO_PBC,B,906,3,0.14603424255974998
RAW_NO_PBC,B,908,3,0.14551288602732038
RAW_NO_PBC,B,910,3,0.14533409785731613
RAW_NO_PBC,B,912,3,0.14511719401917822
RAW_NO_PBC,B,914,3,0.14578751661236258
RAW_NO_PBC,B,916,3,0.1451413104529512
RAW_NO_PBC,B,918,3,0.14511719401917858
RAW_NO_PBC,B,920,3,0.14556441872930317
RAW_NO_PBC,B,922,3,0.14550257729676103
RAW_NO_PBC,B,924,3,0.14556441872930317
RAW_NO_PBC,B,926,3,0.14533409785731613
RAW_NO_PBC,B,928,3,0.1451413104529512
RAW_NO_PBC,B,930,3,0.14578751661236258
RAW_NO_PBC,B,932,3,0.1451413104529512
RAW_NO_PBC,B,934,3,0.14533409785731613
RAW_NO_PBC,B,936,3,0.14551288602732038
RAW_NO_PBC,B,938,3,0.14500000000000046
RAW_NO_PBC,B,940,3,0.14603424255974998
RAW_NO_PBC,B,942,3,0.14506205568652306
RAW_NO_PBC,B,944,3,0.1452756001536388
RAW_NO_PBC,B,946,3,0.1457429243565529
RAW_NO_PBC,B,948,3,0.14506205568652306
RAW_NO_PBC,B,950,3,0.14533409785731632
RAW_NO_PBC,B,952,3,0.14551288602732013
RAW_NO_PBC,B,954,3,0.14551288602732013
RAW_NO_PBC,B,956,3,0.14533409785731632
RAW_NO_PBC,B,958,3,0.1452756001536388
RAW_NO_PBC,B,960,3,0.14499999999999957
RAW_NO_PBC,B,962,3,0.14499999999999957
RAW_NO_PBC,B,964,3,0.1455369368923229
RAW_NO_PBC,B,966,3,0.14499999999999957
RAW_NO_PBC,B,968,3,0.14501379244747725
RAW_NO_PBC,B,970,3,0.14499999999999957
RAW_NO_PBC,B,972,3,0.14499999999999957
RAW_NO_PBC,B,974,3,0.14528936643815327
RAW_NO_PBC,B,976,3,0.14499999999999957
RAW_NO_PBC,B,978,3,0.14499999999999957
RAW_NO_PBC,B,980,3,0.14506550244630867
RAW_NO_PBC,B,982,3,0.14500344823486094
RAW_NO_PBC,B,984,3,0.14506550244630867
RAW_NO_PBC,B,986,3,0.14499999999999957
RAW_NO_PBC,B,988,3,0.14499999999999957
RAW_NO_PBC,B,990,3,0.14528936643815327
RAW_NO_PBC,B,992,3,0.14499999999999957
RAW_NO_PBC,B,994,3,0.14499999999999957
RAW_NO_PBC,B,996,3,0.14501379244747725
RAW_NO_PBC,B,998,3,0.1455369368923229
RAW_NO_PBC,B,1000,3,0.14499999999999957
RAW_NO_PBC,B,1002,3,0.14499999999999957
RAW_NO_PBC,B,1004,3,0.1452446212429224
RAW_NO_PBC,B,1006,3,0.14499999999999957
RAW_NO_PBC,B,1008,3,0.14499999999999957
RAW_NO_PBC,B,1010,3,0.145013792447477
RAW_NO_PBC,B,1012,3,0.145013792447477
RAW_NO_PBC,B,1014,3,0.14499999999999957
RAW_NO_PBC,B,1016,3,0.14499999999999957
RAW_NO_PBC,B,1018,3,0.1452446212429224
RAW_NO_PBC,B,1020,3,0.14499999999999957
RAW_NO_PBC,B,1022,3,0.14499999999999957
RAW_NO_PBC,B,1024,3,0.1455369368923229
RAW_NO_PBC,B,1026,3,0.14501379244747725
RAW_NO_PBC,B,1028,3,0.14499999999999957
RAW_NO_PBC,B,1030,3,0.14499999999999957
RAW_NO_PBC,B,1032,3,0.14528936643815327
RAW_NO_PBC,B,1034,3,0.14499999999999957
RAW_NO_PBC,B,1036,3,0.14499999999999957
RAW_NO_PBC,B,1038,3,0.14506550244630867
RAW_NO_PBC,B,1040,3,0.14500344823486094
RAW_NO_PBC,B,1042,3,0.14506550244630867
RAW_NO_PBC,B,1044,3,0.14499999999999957
RAW_NO_PBC,B,1046,3,0.14499999999999957
RAW_NO_PBC,B,1048,3,0.14528936643815327
RAW_NO_PBC,B,1050,3,0.14499999999999957
RAW_NO_PBC,B,1052,3,0.14499999999999957
RAW_NO_PBC,B,1054,3,0.14501379244747725
RAW_NO_PBC,B,1056,3,0.14499999999999957
RAW_NO_PBC,B,1058,3,0.1455369368923229
RAW_NO_PBC,B,1060,3,0.14499999999999957
RAW_NO_PBC,B,1062,3,0.14499999999999957
RAW_NO_PBC,B,1064,3,0.1452446212429224
RAW_NO_PBC,B,1066,3,0.14499999999999957
RAW_NO_PBC,B,1068,3,0.14499999999999957
RAW_NO_PBC,B,1070,3,0.145013792447477
RAW_NO_PBC,B,1072,3,0.145013792447477
RAW_NO_PBC,B,1074,3,0.14499999999999957
RAW_NO_PBC,B,1076,3,0.14499999999999957
RAW_NO_PBC,B,1078,3,0.1452446212429224
RAW_NO_PBC,B,1080,3,0.14506205568652353
RAW_NO_PBC,B,1082,3,0.14603424255975045
RAW_NO_PBC,B,1084,3,0.14499999999999957
RAW_NO_PBC,B,1086,3,0.14551288602732082
RAW_NO_PBC,B,1088,3,0.1453340978573166
RAW_NO_PBC,B,1090,3,0.14514131045295164
RAW_NO_PBC,B,1092,3,0.14578751661236306
RAW_NO_PBC,B,1094,3,0.14514131045295164
RAW_NO_PBC,B,1096,3,0.1453340978573166
RAW_NO_PBC,B,1098,3,0.14556441872930362
RAW_NO_PBC,B,1100,3,0.14550257729676147
RAW_NO_PBC,B,1102,3,0.14556441872930362
RAW_NO_PBC,B,1104,3,0.14511719401917905
RAW_NO_PBC,B,1106,3,0.14514131045295164
RAW_NO_PBC,B,1108,3,0.14578751661236306
RAW_NO_PBC,B,1110,3,0.14511719401917866
RAW_NO_PBC,B,1112,3,0.1453340978573166
RAW_NO_PBC,B,1114,3,0.14551288602732082
RAW_NO_PBC,B,1116,3,0.14603424255975045
RAW_NO_PBC,B,1118,3,0.14533409785731677
RAW_NO_PBC,B,1120,3,0.14527560015363924
RAW_NO_PBC,B,1122,3,0.14574292435655337
RAW_NO_PBC,B,1124,3,0.14527560015363924
RAW_NO_PBC,B,1126,3,0.14533409785731677
RAW_NO_PBC,B,1128,3,0.1455128860273206
RAW_NO_PBC,B,1130,3,0.1455128860273206
RAW_NO_PBC,B,1132,3,0.14533409785731677
RAW_NO_PBC,B,1134,3,0.14506205568652353
RAW_NO_PBC,B,1136,3,0.14574292435655337
RAW_NO_PBC,B,1138,3,0.14527560015363924
RAW_NO_PBC,B,1140,3,0.14533409785731677
RAW_NO_PBC,B,1142,3,0.14603424255975045
RAW_NO_PBC,B,1144,3,0.14551288602732082
RAW_NO_PBC,B,1146,3,0.1453340978573166
RAW_NO_PBC,B,1148,3,0.14511719401917866
RAW_NO_PBC,B,1150,3,0.14578751661236306
RAW_NO_PBC,B,1152,3,0.14514131045295164
RAW_NO_PBC,B,1154,3,0.14511719401917905
RAW_NO_PBC,B,1156,3,0.14556441872930362
RAW_NO_PBC,B,1158,3,0.14550257729676147
RAW_NO_PBC,B,1160,3,0.14556441872930362
RAW_NO_PBC,B,1162,3,0.1453340978573166
RAW_NO_PBC,B,1164,3,0.14514131045295164
RAW_NO_PBC,B,1166,3,0.14578751661236306
RAW_NO_PBC,B,1168,3,0.14514131045295164
RAW_NO_PBC,B,1170,3,0.1453340978573166
RAW_NO_PBC,B,1172,3,0.14551288602732082
RAW_NO_PBC,B,1174,3,0.14489306401619115
RAW_NO_PBC,B,1176,3,0.14603424255975045
RAW_NO_PBC,B,1178,3,0.14506205568652353
RAW_NO_PBC,B,1180,3,0.14527560015363924
RAW_NO_PBC,B,1182,3,0.14574292435655337
RAW_NO_PBC,B,1184,3,0.14506205568652353
RAW_NO_PBC,B,1186,3,0.14533409785731677
RAW_NO_PBC,B,1188,3,0.1455128860273206
RAW_NO_PBC,B,1190,3,0.1455128860273206
RAW_NO_PBC,B,1192,3,0.14533409785731677
RAW_NO_PBC,B,1194,3,0.14527560015363924
RAW_NO_PBC,B,1196,3,0.14574292435655337
RAW_NO_PBC,B,1198,3,0.14527560015363924
RAW_NO_PBC,B,1200,3,0.14603424255974998
RAW_NO_PBC,B,1202,3,0.14500000000000046
RAW_NO_PBC,B,1204,3,0.14551288602732038
RAW_NO_PBC,B,1206,3,0.14533409785731613
RAW_NO_PBC,B,1208,3,0.1451413104529512
RAW_NO_PBC,B,1210,3,0.14578751661236258
RAW_NO_PBC,B,1212,3,0.1451413104529512
RAW_NO_PBC,B,1214,3,0.14533409785731613
RAW_NO_PBC,B,1216,3,0.14556441872930317
RAW_NO_PBC,B,1218,3,0.14550257729676103
RAW_NO_PBC,B,1220,3,0.14556441872930317
RAW_NO_PBC,B,1222,3,0.14511719401917858
RAW_NO_PBC,B,1224,3,0.1451413104529512
RAW_NO_PBC,B,1226,3,0.14578751661236258
RAW_NO_PBC,B,1228,3,0.14511719401917822
RAW_NO_PBC,B,1230,3,0.14533409785731613
RAW_NO_PBC,B,1232,3,0.14551288602732038
RAW_NO_PBC,B,1234,3,0.14603424255974998
RAW_NO_PBC,B,1236,3,0.14533409785731632
RAW_NO_PBC,B,1238,3,0.1452756001536388
RAW_NO_PBC,B,1240,3,0.1457429243565529
RAW_NO_PBC,B,1242,3,0.1452756001536388
RAW_NO_PBC,B,1244,3,0.14533409785731632
RAW_NO_PBC,B,1246,3,0.14551288602732013
RAW_NO_PBC,B,1248,3,0.14551288602732013
RAW_NO_PBC,B,1250,3,0.14533409785731632
RAW_NO_PBC,B,1252,3,0.14506205568652306
RAW_NO_PBC,B,1254,3,0.1457429243565529
RAW_NO_PBC,B,1256,3,0.1452756001536388
RAW_NO_PBC,B,1258,3,0.14506205568652306
RAW_NO_PBC,B,1260,3,0.1459999999999999
RAW_NO_PBC,B,1262,3,0.1459999999999999
RAW_NO_PBC,B,1264,3,0.1459999999999999
RAW_NO_PBC,B,1266,3,0.1459999999999999
RAW_NO_PBC,B,1268,3,0.1459999999999999
RAW_NO_PBC,B,1270,3,0.1459999999999999
RAW_NO_PBC,B,1272,3,0.1459999999999999
RAW_NO_PBC,B,1274,3,0.1459999999999999
RAW_NO_PBC,B,1276,3,0.1459999999999999
RAW_NO_PBC,B,1278,3,0.1459999999999999
RAW_NO_PBC,B,1280,3,0.1459999999999999
RAW_NO_PBC,B,1282,3,0.1459999999999999
RAW_NO_PBC,B,1284,3,0.1459999999999999
RAW_NO_PBC,B,1286,3,0.1459999999999999
RAW_NO_PBC,B,1288,3,0.1459999999999999
RAW_NO_PBC,B,1290,3,0.1459999999999999
RAW_NO_PBC,B,1292,3,0.1459999999999999
RAW_NO_PBC,B,1294,3,0.1459999999999999
RAW_NO_PBC,B,1296,3,0.1459999999999999
RAW_NO_PBC,B,1298,3,0.1459999999999999
RAW_NO_PBC,B,1300,3,0.1459999999999999
RAW_NO_PBC,B,1302,3,0.1459999999999999
RAW_NO_PBC,B,1304,3,0.1459999999999999
RAW_NO_PBC,B,1306,3,0.1459999999999999
RAW_NO_PBC,B,1308,3,0.1459999999999999
RAW_NO_PBC,B,1310,3,0.1459999999999999
RAW_NO_PBC,B,1312,3,0.1459999999999999
RAW_NO_PBC,B,1314,3,0.1459999999999999
RAW_NO_PBC,B,1316,3,0.1459999999999999
RAW_NO_PBC,B,1318,3,0.1459999999999999
RAW_NO_PBC,B,1320,3,0.14499999999999957
RAW_NO_PBC,B,1322,3,0.14501379244747725
RAW_NO_PBC,B,1324,3,0.14499999999999957
RAW_NO_PBC,B,1326,3,0.14499999999999957
RAW_NO_PBC,B,1328,3,0.14528936643815327
RAW_NO_PBC,B,1330,3,0.14499999999999957
RAW_NO_PBC,B,1332,3,0.14499999999999957
RAW_NO_PBC,B,1334,3,0.14506550244630867
RAW_NO_PBC,B,1336,3,0.14500344823486094
RAW_NO_PBC,B,1338,3,0.14506550244630867
RAW_NO_PBC,B,1340,3,0.14499999999999957
RAW_NO_PBC,B,1342,3,0.14499999999999957
RAW_NO_PBC,B,1344,3,0.14528936643815327
RAW_NO_PBC,B,1346,3,0.14499999999999957
RAW_NO_PBC,B,1348,3,0.14499999999999957
RAW_NO_PBC,B,1350,3,0.14501379244747725
RAW_NO_PBC,B,1352,3,0.1455369368923229
RAW_NO_PBC,B,1354,3,0.14499999999999957
RAW_NO_PBC,B,1356,3,0.14499999999999957
RAW_NO_PBC,B,1358,3,0.1452446212429224
RAW_NO_PBC,B,1360,3,0.14499999999999957
RAW_NO_PBC,B,1362,3,0.14499999999999957
RAW_NO_PBC,B,1364,3,0.145013792447477
RAW_NO_PBC,B,1366,3,0.145013792447477
RAW_NO_PBC,B,1368,3,0.14499999999999957
RAW_NO_PBC,B,1370,3,0.14499999999999957
RAW_NO_PBC,B,1372,3,0.1452446212429224
RAW_NO_PBC,B,1374,3,0.14499999999999957
RAW_NO_PBC,B,1376,3,0.14499999999999957
RAW_NO_PBC,B,1378,3,0.1455369368923229
RAW_NO_PBC,B,1380,3,0.14501379244747725
RAW_NO_PBC,B,1382,3,0.14500000000000046
RAW_NO_PBC,B,1384,3,0.14500000000000046
RAW_NO_PBC,B,1386,3,0.14528936643815327
RAW_NO_PBC,B,1388,3,0.14500000000000046
RAW_NO_PBC,B,1390,3,0.14500000000000046
RAW_NO_PBC,B,1392,3,0.14506550244630867
RAW_NO_PBC,B,1394,3,0.14500344823486094
RAW_NO_PBC,B,1396,3,0.14506550244630867
RAW_NO_PBC,B,1398,3,0.14500000000000046
RAW_NO_PBC,B,1400,3,0.14500000000000046
RAW_NO_PBC,B,1402,3,0.14528936643815327
RAW_NO_PBC,B,1404,3,0.14500000000000046
RAW_NO_PBC,B,1406,3,0.14500000000000046
RAW_NO_PBC,B,1408,3,0.14501379244747725
RAW_NO_PBC,B,1410,3,0.14500000000000046
RAW_NO_PBC,B,1412,3,0.1455369368923229
RAW_NO_PBC,B,1414,3,0.14500000000000046
RAW_NO_PBC,B,1416,3,0.14500000000000046
RAW_NO_PBC,B,1418,3,0.1452446212429224
RAW_NO_PBC,B,1420,3,0.14500000000000046
RAW_NO_PBC,B,1422,3,0.14500000000000046
RAW_NO_PBC,B,1424,3,0.145013792447477
RAW_NO_PBC,B,1426,3,0.145013792447477
RAW_NO_PBC,B,1428,3,0.14500000000000046
RAW_NO_PBC,B,1430,3,0.14500000000000046
RAW_NO_PBC,B,1432,3,0.1452446212429224
RAW_NO_PBC,B,1434,3,0.14500000000000046
RAW_NO_PBC,B,1436,3,0.14500000000000046
RAW_NO_PBC,B,1438,3,0.1455369368923229
RAW_NO_PBC,B,1440,3,0.14551288602732038
RAW_NO_PBC,B,1442,3,0.14533409785731613
RAW_NO_PBC,B,1444,3,0.1451413104529512
RAW_NO_PBC,B,1446,3,0.14578751661236258
RAW_NO_PBC,B,1448,3,0.1451413104529512
RAW_NO_PBC,B,1450,3,0.14533409785731613
RAW_NO_PBC,B,1452,3,0.14556441872930317
RAW_NO_PBC,B,1454,3,0.14550257729676103
RAW_NO_PBC,B,1456,3,0.14556441872930317
RAW_NO_PBC,B,1458,3,0.14511719401917858
RAW_NO_PBC,B,1460,3,0.1451413104529512
RAW_NO_PBC,B,1462,3,0.14578751661236258
RAW_NO_PBC,B,1464,3,0.14511719401917822
RAW_NO_PBC,B,1466,3,0.14533409785731613
RAW_NO_PBC,B,1468,3,0.14551288602732038
RAW_NO_PBC,B,1470,3,0.14603424255974998
RAW_NO_PBC,B,1472,3,0.14533409785731632
RAW_NO_PBC,B,1474,3,0.1452756001536388
RAW_NO_PBC,B,1476,3,0.1457429243565529
RAW_NO_PBC,B,1478,3,0.1452756001536388
RAW_NO_PBC,B,1480,3,0.14533409785731632
RAW_NO_PBC,B,1482,3,0.14551288602732013
RAW_NO_PBC,B,1484,3,0.14551288602732013
RAW_NO_PBC,B,1486,3,0.14533409785731632
RAW_NO_PBC,B,1488,3,0.14506205568652306
RAW_NO_PBC,B,1490,3,0.1457429243565529
RAW_NO_PBC,B,1492,3,0.1452756001536388
RAW_NO_PBC,B,1494,3,0.14506205568652306
RAW_NO_PBC,B,1496,3,0.14603424255974998
RAW_NO_PBC,B,1498,3,0.14500000000000046
RAW_NO_PBC,B,1500,3,0.14533409785731613
RAW_NO_PBC,B,1502,3,0.14511719401917822
RAW_NO_PBC,B,1504,3,0.14578751661236258
RAW_NO_PBC,B,1506,3,0.1451413104529512
RAW_NO_PBC,B,1508,3,0.14511719401917858
RAW_NO_PBC,B,1510,3,0.14556441872930317
RAW_NO_PBC,B,1512,3,0.14550257729676103
RAW_NO_PBC,B,1514,3,0.14556441872930317
RAW_NO_PBC,B,1516,3,0.14533409785731613
RAW_NO_PBC,B,1518,3,0.1451413104529512
RAW_NO_PBC,B,1520,3,0.14578751661236258
RAW_NO_PBC,B,1522,3,0.1451413104529512
RAW_NO_PBC,B,1524,3,0.14533409785731613
RAW_NO_PBC,B,1526,3,0.14551288602732038
RAW_NO_PBC,B,1528,3,0.14500000000000046
RAW_NO_PBC,B,1530,3,0.14603424255974998
RAW_NO_PBC,B,1532,3,0.14506205568652306
RAW_NO_PBC,B,1534,3,0.1452756001536388
RAW_NO_PBC,B,1536,3,0.1457429243565529
RAW_NO_PBC,B,1538,3,0.14506205568652306
RAW_NO_PBC,B,1540,3,0.14533409785731632
RAW_NO_PBC,B,1542,3,0.14551288602732013
RAW_NO_PBC,B,1544,3,0.14551288602732013
RAW_NO_PBC,B,1546,3,0.14533409785731632
RAW_NO_PBC,B,1548,3,0.1452756001536388
RAW_NO_PBC,B,1550,3,0.1457429243565529
RAW_NO_PBC,B,1552,3,0.1452756001536388
RAW_NO_PBC,B,1554,3,0.14533409785731632
RAW_NO_PBC,B,1556,3,0.14603424255974998
RAW_NO_PBC,B,1558,3,0.14551288602732038
RAW_NO_PBC,B,1560,3,0.14499999999999957
RAW_NO_PBC,B,1562,3,0.14499999999999957
RAW_NO_PBC,B,1564,3,0.14528936643815327
RAW_NO_PBC,B,1566,3,0.14499999999999957
RAW_NO_PBC,B,1568,3,0.14499999999999957
RAW_NO_PBC,B,1570,3,0.14506550244630867
RAW_NO_PBC,B,1572,3,0.14500344823486094
RAW_NO_PBC,B,1574,3,0.14506550244630867
RAW_NO_PBC,B,1576,3,0.14499999999999957
RAW_NO_PBC,B,1578,3,0.14499999999999957
RAW_NO_PBC,B,1580,3,0.14528936643815327
RAW_NO_PBC,B,1582,3,0.14499999999999957
RAW_NO_PBC,B,1584,3,0.14499999999999957
RAW_NO_PBC,B,1586,3,0.14501379244747725
RAW_NO_PBC,B,1588,3,0.1455369368923229
RAW_NO_PBC,B,1590,3,0.14499999999999957
RAW_NO_PBC,B,1592,3,0.14499999999999957
RAW_NO_PBC,B,1594,3,0.1452446212429224
RAW_NO_PBC,B,1596,3,0.14499999999999957
RAW_NO_PBC,B,1598,3,0.14499999999999957
RAW_NO_PBC,B,1600,3,0.145013792447477
RAW_NO_PBC,B,1602,3,0.145013792447477
RAW_NO_PBC,B,1604,3,0.14499999999999957
RAW_NO_PBC,B,1606,3,0.14499999999999957
RAW_NO_PBC,B,1608,3,0.1452446212429224
RAW_NO_PBC,B,1610,3,0.14499999999999957
RAW_NO_PBC,B,1612,3,0.14499999999999957
RAW_NO_PBC,B,1614,3,0.1455369368923229
RAW_NO_PBC,B,1616,3,0.14499999999999957
RAW_NO_PBC,B,1618,3,0.14501379244747725
RAW_NO_PBC,B,1620,3,0.14511719401917866
RAW_NO_PBC,B,1622,3,0.14578751661236306
RAW_NO_PBC,B,1624,3,0.14514131045295164
RAW_NO_PBC,B,1626,3,0.14511719401917905
RAW_NO_PBC,B,1628,3,0.14556441872930362
RAW_NO_PBC,B,1630,3,0.14550257729676147
RAW_NO_PBC,B,1632,3,0.14556441872930362
RAW_NO_PBC,B,1634,3,0.1453340978573166
RAW_NO_PBC,B,1636,3,0.14514131045295164
RAW_NO_PBC,B,1638,3,0.14578751661236306
RAW_NO_PBC,B,1640,3,0.14514131045295164
RAW_NO_PBC,B,1642,3,0.1453340978573166
RAW_NO_PBC,B,1644,3,0.14551288602732082
RAW_NO_PBC,B,1646,3,0.14500000000000046
RAW_NO_PBC,B,1648,3,0.14603424255975045
RAW_NO_PBC,B,1650,3,0.14506205568652353
RAW_NO_PBC,B,1652,3,0.14527560015363924
RAW_NO_PBC,B,1654,3,0.14574292435655337
RAW_NO_PBC,B,1656,3,0.14506205568652353
RAW_NO_PBC,B,1658,3,0.14533409785731677
RAW_NO_PBC,B,1660,3,0.1455128860273206
RAW_NO_PBC,B,1662,3,0.1455128860273206
RAW_NO_PBC,B,1664,3,0.14533409785731677
RAW_NO_PBC,B,1666,3,0.14527560015363924
RAW_NO_PBC,B,1668,3,0.14574292435655337
RAW_NO_PBC,B,1670,3,0.14527560015363924
RAW_NO_PBC,B,1672,3,0.14533409785731677
RAW_NO_PBC,B,1674,3,0.14603424255975045
RAW_NO_PBC,B,1676,3,0.14551288602732082
RAW_NO_PBC,B,1678,3,0.1453340978573166
RAW_NO_PBC,B,0,4,0.38302088715891214
RAW_NO_PBC,B,2,4,0.3830261087706685
RAW_NO_PBC,B,4,4,0.38309006773864557
RAW_NO_PBC,B,6,4,0.38318402889473374
RAW_NO_PBC,B,8,4,0.38279498429315933
RAW_NO_PBC,B,10,4,0.38318402889473374
RAW_NO_PBC,B,12,4,0.3830261087706685
RAW_NO_PBC,B,14,4,0.3831709801120122
RAW_NO_PBC,B,16,4,0.38302088715891214
RAW_NO_PBC,B,18,4,0.38302610877066867
RAW_NO_PBC,B,20,4,0.38319316277825227
RAW_NO_PBC,B,22,4,0.3830065273595217
RAW_NO_PBC,B,24,4,0.3830052218965169
RAW_NO_PBC,B,26,4,0.38309006773864557
RAW_NO_PBC,B,28,4,0.3831109499870761
RAW_NO_PBC,B,30,4,0.3830378571368633
RAW_NO_PBC,B,32,4,0.3831109499870763
RAW_NO_PBC,B,34,4,0.38309006773864557
RAW_NO_PBC,B,36,4,0.3830065273595218
RAW_NO_PBC,B,38,4,0.3830065273595218
RAW_NO_PBC,B,40,4,0.3831931627782522
RAW_NO_PBC,B,42,4,0.38309006773864557
RAW_NO_PBC,B,44,4,0.3830378571368633
RAW_NO_PBC,B,46,4,0.3831200856128534
RAW_NO_PBC,B,48,4,0.38309006773864557
RAW_NO_PBC,B,50,4,0.3830052218965169
RAW_NO_PBC,B,52,4,0.38302610877066867
RAW_NO_PBC,B,54,4,0.3830065273595217
RAW_NO_PBC,B,56,4,0.38309006773864557
RAW_NO_PBC,B,58,4,0.38302610877066867
RAW_NO_PBC,B,60,4,0.2894028334346431
RAW_NO_PBC,B,62,4,0.2894028334346431
RAW_NO_PBC,B,64,4,0.2896031767781564
RAW_NO_PBC,B,66,4,0.2889809682314735
RAW_NO_PBC,B,68,4,0.2889809682314735
RAW_NO_PBC,B,70,4,0.289133187303014
RAW_NO_PBC,B,72,4,0.289133187303014
RAW_NO_PBC,B,74,4,0.2893129793147899
RAW_NO_PBC,B,76,4,0.28913318730301435
RAW_NO_PBC,B,78,4,0.28913318730301435
RAW_NO_PBC,B,80,4,0.2889809682314735
RAW_NO_PBC,B,82,4,0.2889809682314735
RAW_NO_PBC,B,84,4,0.2895565575151083
RAW_NO_PBC,B,86,4,0.28940283343464324
RAW_NO_PBC,B,88,4,0.28940283343464324
RAW_NO_PBC,B,90,4,0.28940283343464357
RAW_NO_PBC,B,92,4,0.28940283343464357
RAW_NO_PBC,B,94,4,0.28955655751510795
RAW_NO_PBC,B,96,4,0.28955655751510795
RAW_NO_PBC,B,98,4,0.28956001105125
RAW_NO_PBC,B,100,4,0.2894011057338931
RAW_NO_PBC,B,102,4,0.2893129793147899
RAW_NO_PBC,B,104,4,0.2893129793147899
RAW_NO_PBC,B,106,4,0.2894011057338927
RAW_NO_PBC,B,108,4,0.28937691684030403
RAW_NO_PBC,B,110,4,0.28937691684030403
RAW_NO_PBC,B,112,4,0.28956001105125
RAW_NO_PBC,B,114,4,0.2896031767781564
RAW_NO_PBC,B,116,4,0.2894028334346435
RAW_NO_PBC,B,118,4,0.2894028334346435
RAW_NO_PBC,B,120,4,0.289133187303014
RAW_NO_PBC,B,122,4,0.289133187303014
RAW_NO_PBC,B,124,4,0.2889809682314735
RAW_NO_PBC,B,126,4,0.2889809682314735
RAW_NO_PBC,B,128,4,0.2896031767781564
RAW_NO_PBC,B,130,4,0.2894028334346431
RAW_NO_PBC,B,132,4,0.2894028334346431
RAW_NO_PBC,B,134,4,0.2894028334346435
RAW_NO_PBC,B,136,4,0.2894028334346435
RAW_NO_PBC,B,138,4,0.2896031767781564
RAW_NO_PBC,B,140,4,0.28956001105125
RAW_NO_PBC,B,142,4,0.28937691684030403
RAW_NO_PBC,B,144,4,0.28937691684030403
RAW_NO_PBC,B,146,4,0.2894011057338927
RAW_NO_PBC,B,148,4,0.2893129793147899
RAW_NO_PBC,B,150,4,0.2893129793147899
RAW_NO_PBC,B,152,4,0.2894011057338931
RAW_NO_PBC,B,154,4,0.28956001105125
RAW_NO_PBC,B,156,4,0.28955655751510795
RAW_NO_PBC,B,158,4,0.28955655751510795
RAW_NO_PBC,B,160,4,0.28940283343464357
RAW_NO_PBC,B,162,4,0.28940283343464357
RAW_NO_PBC,B,164,4,0.28940283343464324
RAW_NO_PBC,B,166,4,0.28940283343464324
RAW_NO_PBC,B,168,4,0.2895565575151083
RAW_NO_PBC,B,170,4,0.2889809682314735
RAW_NO_PBC,B,172,4,0.2889809682314735
RAW_NO_PBC,B,174,4,0.28913318730301435
RAW_NO_PBC,B,176,4,0.28913318730301435
RAW_NO_PBC,B,178,4,0.2893129793147899
RAW_NO_PBC,B,180,4,0.2894028334346431
RAW_NO_PBC,B,182,4,0.2896031767781564
RAW_NO_PBC,B,184,4,0.2889809682314735
RAW_NO_PBC,B,186,4,0.2889809682314735
RAW_NO_PBC,B,188,4,0.289133187303014
RAW_NO_PBC,B,190,4,0.289133187303014
RAW_NO_PBC,B,192,4,0.2893129793147899
RAW_NO_PBC,B,194,4,0.28913318730301435
RAW_NO_PBC,B,196,4,0.28913318730301435
RAW_NO_PBC,B,198,4,0.2889809682314735
RAW_NO_PBC,B,200,4,0.2889809682314735
RAW_NO_PBC,B,202,4,0.2895565575151083
RAW_NO_PBC,B,204,4,0.28940283343464324
RAW_NO_PBC,B,206,4,0.28940283343464324
RAW_NO_PBC,B,208,4,0.28940283343464357
RAW_NO_PBC,B,210,4,0.28940283343464357
RAW_NO_PBC,B,212,4,0.28955655751510795
RAW_NO_PBC,B,214,4,0.28955655751510795
RAW_NO_PBC,B,216,4,0.28956001105125
RAW_NO_PBC,B,218,4,0.2894011057338931
RAW_NO_PBC,B,220,4,0.2893129793147899
RAW_NO_PBC,B,222,4,0.2893129793147899
RAW_NO_PBC,B,224,4,0.2894011057338927
RAW_NO_PBC,B,226,4,0.28937691684030403
RAW_NO_PBC,B,228,4,0.28937691684030403
RAW_NO_PBC,B,230,4,0.28956001105125
RAW_NO_PBC,B,232,4,0.2896031767781564
RAW_NO_PBC,B,234,4,0.2894028334346435
RAW_NO_PBC,B,236,4,0.2894028334346435
RAW_NO_PBC,B,238,4,0.2894028334346431
RAW_NO_PBC,B,240,4,0.289133187303014
RAW_NO_PBC,B,242,4,0.2889809682314735
RAW_NO_PBC,B,244,4,0.2889809682314735
RAW_NO_PBC,B,246,4,0.2896031767781564
RAW_NO_PBC,B,248,4,0.2894028334346431
RAW_NO_PBC,B,250,4,0.2894028334346431
RAW_NO_PBC,B,252,4,0.2894028334346435
RAW_NO_PBC,B,254,4,0.2894028334346435
RAW_NO_PBC,B,256,4,0.2896031767781564
RAW_NO_PBC,B,258,4,0.28956001105125
RAW_NO_PBC,B,260,4,0.28937691684030403
RAW_NO_PBC,B,262,4,0.28937691684030403
RAW_NO_PBC,B,264,4,0.2894011057338927
RAW_NO_PBC,B,266,4,0.2893129793147899
RAW_NO_PBC,B,268,4,0.2893129793147899
RAW_NO_PBC,B,270,4,0.2894011057338931
RAW_NO_PBC,B,272,4,0.28956001105125
RAW_NO_PBC,B,274,4,0.28955655751510795
RAW_NO_PBC,B,276,4,0.28955655751510795
RAW_NO_PBC,B,278,4,0.28940283343464357
RAW_NO_PBC,B,280,4,0.28940283343464357
RAW_NO_PBC,B,282,4,0.28940283343464324
RAW_NO_PBC,B,284,4,0.28940283343464324
RAW_NO_PBC,B,286,4,0.2895565575151083
RAW_NO_PBC,B,288,4,0.2889809682314735
RAW_NO_PBC,B,290,4,0.2889809682314735
RAW_NO_PBC,B,292,4,0.28913318730301435
RAW_NO_PBC,B,294,4,0.28913318730301435
RAW_NO_PBC,B,296,4,0.2893129793147899
RAW_NO_PBC,B,298,4,0.289133187303014
RAW_NO_PBC,B,300,4,0.2896031767781564
RAW_NO_PBC,B,302,4,0.2889809682314735
RAW_NO_PBC,B,304,4,0.2889809682314735
RAW_NO_PBC,B,306,4,0.289133187303014
RAW_NO_PBC,B,308,4,0.289133187303014
RAW_NO_PBC,B,310,4,0.2893129793147899
RAW_NO_PBC,B,312,4,0.28913318730301435
RAW_NO_PBC,B,314,4,0.28913318730301435
RAW_NO_PBC,B,316,4,0.2889809682314735
RAW_NO_PBC,B,318,4,0.2889809682314735
RAW_NO_PBC,B,320,4,0.2895565575151083
RAW_NO_PBC,B,322,4,0.28940283343464324
RAW_NO_PBC,B,324,4,0.28940283343464324
RAW_NO_PBC,B,326,4,0.28940283343464357
RAW_NO_PBC,B,328,4,0.28940283343464357
RAW_NO_PBC,B,330,4,0.28955655751510795
RAW_NO_PBC,B,332,4,0.28955655751510795
RAW_NO_PBC,B,334,4,0.28956001105125
RAW_NO_PBC,B,336,4,0.2894011057338931
RAW_NO_PBC,B,338,4,0.2893129793147899
RAW_NO_PBC,B,340,4,0.2893129793147899
RAW_NO_PBC,B,342,4,0.2894011057338927
RAW_NO_PBC,B,344,4,0.28937691684030403
RAW_NO_PBC,B,346,4,0.28937691684030403
RAW_NO_PBC,B,348,4,0.28956001105125
RAW_NO_PBC,B,350,4,0.2896031767781564
RAW_NO_PBC,B,352,4,0.2894028334346435
RAW_NO_PBC,B,354,4,0.2894028334346435
RAW_NO_PBC,B,356,4,0.2894028334346431
RAW_NO_PBC,B,358,4,0.2894028334346431
RAW_NO_PBC,B,360,4,0.2889809682314735
RAW_NO_PBC,B,362,4,0.2889809682314735
RAW_NO_PBC,B,364,4,0.2896031767781564
RAW_NO_PBC,B,366,4,0.2894028334346431
RAW_NO_PBC,B,368,4,0.2894028334346431
RAW_NO_PBC,B,370,4,0.2894028334346435
RAW_NO_PBC,B,372,4,0.2894028334346435
RAW_NO_PBC,B,374,4,0.2896031767781564
RAW_NO_PBC,B,376,4,0.28956001105125
RAW_NO_PBC,B,378,4,0.28937691684030403
RAW_NO_PBC,B,380,4,0.28937691684030403
RAW_NO_PBC,B,382,4,0.2894011057338927
RAW_NO_PBC,B,384,4,0.2893129793147899
RAW_NO_PBC,B,386,4,0.2893129793147899
RAW_NO_PBC,B,388,4,0.2894011057338931
RAW_NO_PBC,B,390,4,0.28956001105125
RAW_NO_PBC,B,392,4,0.28955655751510795
RAW_NO_PBC,B,394,4,0.28955655751510795
RAW_NO_PBC,B,396,4,0.28940283343464357
RAW_NO_PBC,B,398,4,0.28940283343464357
RAW_NO_PBC,B,400,4,0.28940283343464324
RAW_NO_PBC,B,402,4,0.28940283343464324
RAW_NO_PBC,B,404,4,0.2895565575151083
RAW_NO_PBC,B,406,4,0.2889809682314735
RAW_NO_PBC,B,408,4,0.2889809682314735
RAW_NO_PBC,B,410,4,0.28913318730301435
RAW_NO_PBC,B,412,4,0.28913318730301435
RAW_NO_PBC,B,414,4,0.2893129793147899
RAW_NO_PBC,B,416,4,0.289133187303014
RAW_NO_PBC,B,418,4,0.289133187303014
RAW_NO_PBC,B,420,4,0.2889809682314735
RAW_NO_PBC,B,422,4,0.2889809682314735
RAW_NO_PBC,B,424,4,0.289133187303014
RAW_NO_PBC,B,426,4,0.289133187303014
RAW_NO_PBC,B,428,4,0.2893129793147899
RAW_NO_PBC,B,430,4,0.28913318730301435
RAW_NO_PBC,B,432,4,0.28913318730301435
RAW_NO_PBC,B,434,4,0.2889809682314735
RAW_NO_PBC,B,436,4,0.2889809682314735
RAW_NO_PBC,B,438,4,0.2895565575151083
RAW_NO_PBC,B,440,4,0.28940283343464324
RAW_NO_PBC,B,442,4,0.28940283343464324
RAW_NO_PBC,B,444,4,0.28940283343464357
RAW_NO_PBC,B,446,4,0.28940283343464357
RAW_NO_PBC,B,448,4,0.28955655751510795
RAW_NO_PBC,B,450,4,0.28955655751510795
RAW_NO_PBC,B,452,4,0.28956001105125
RAW_NO_PBC,B,454,4,0.2894011057338931
RAW_NO_PBC,B,456,4,0.2893129793147899
RAW_NO_PBC,B,458,4,0.2893129793147899
RAW_NO_PBC,B,460,4,0.2894011057338927
RAW_NO_PBC,B,462,4,0.28937691684030403
RAW_NO_PBC,B,464,4,0.28937691684030403
RAW_NO_PBC,B,466,4,0.28956001105125
RAW_NO_PBC,B,468,4,0.2896031767781564
RAW_NO_PBC,B,470,4,0.2894028334346435
RAW_NO_PBC,B,472,4,0.2894028334346435
RAW_NO_PBC,B,474,4,0.2894028334346431
RAW_NO_PBC,B,476,4,0.2894028334346431
RAW_NO_PBC,B,478,4,0.2896031767781564
RAW_NO_PBC,B,480,4,0.28898096823147335
RAW_NO_PBC,B,482,4,0.28960317677815617
RAW_NO_PBC,B,484,4,0.2894028334346429
RAW_NO_PBC,B,486,4,0.2894028334346429
RAW_NO_PBC,B,488,4,0.2894028334346433
RAW_NO_PBC,B,490,4,0.2894028334346433
RAW_NO_PBC,B,492,4,0.28960317677815617
RAW_NO_PBC,B,494,4,0.2895600110512498
RAW_NO_PBC,B,496,4,0.2893769168403038
RAW_NO_PBC,B,498,4,0.2893769168403038
RAW_NO_PBC,B,500,4,0.2894011057338925
RAW_NO_PBC,B,502,4,0.2893129793147897
RAW_NO_PBC,B,504,4,0.2893129793147897
RAW_NO_PBC,B,506,4,0.2894011057338929
RAW_NO_PBC,B,508,4,0.2895600110512498
RAW_NO_PBC,B,510,4,0.2895565575151077
RAW_NO_PBC,B,512,4,0.2895565575151077
RAW_NO_PBC,B,514,4,0.2894028334346434
RAW_NO_PBC,B,516,4,0.2894028334346434
RAW_NO_PBC,B,518,4,0.289402833434643
RAW_NO_PBC,B,520,4,0.289402833434643
RAW_NO_PBC,B,522,4,0.28955655751510806
RAW_NO_PBC,B,524,4,0.28898096823147335
RAW_NO_PBC,B,526,4,0.28898096823147335
RAW_NO_PBC,B,528,4,0.2891331873030142
RAW_NO_PBC,B,530,4,0.2891331873030142
RAW_NO_PBC,B,532,4,0.2893129793147897
RAW_NO_PBC,B,534,4,0.2891331873030138
RAW_NO_PBC,B,536,4,0.2891331873030138
RAW_NO_PBC,B,538,4,0.28898096823147335
RAW_NO_PBC,B,540,4,0.28898096823147335
RAW_NO_PBC,B,542,4,0.2891331873030138
RAW_NO_PBC,B,544,4,0.2891331873030138
RAW_NO_PBC,B,546,4,0.2893129793147897
RAW_NO_PBC,B,548,4,0.2891331873030142
RAW_NO_PBC,B,550,4,0.2891331873030142
RAW_NO_PBC,B,552,4,0.28898096823147335
RAW_NO_PBC,B,554,4,0.28898096823147335
RAW_NO_PBC,B,556,4,0.28955655751510806
RAW_NO_PBC,B,558,4,0.289402833434643
RAW_NO_PBC,B,560,4,0.289402833434643
RAW_NO_PBC,B,562,4,0.2894028334346434
RAW_NO_PBC,B,564,4,0.2894028334346434
RAW_NO_PBC,B,566,4,0.2895565575151077
RAW_NO_PBC,B,568,4,0.2895565575151077
RAW_NO_PBC,B,570,4,0.2895600110512498
RAW_NO_PBC,B,572,4,0.2894011057338929
RAW_NO_PBC,B,574,4,0.2893129793147897
RAW_NO_PBC,B,576,4,0.2893129793147897
RAW_NO_PBC,B,578,4,0.2894011057338925
RAW_NO_PBC,B,580,4,0.2893769168403038
RAW_NO_PBC,B,582,4,0.2893769168403038
RAW_NO_PBC,B,584,4,0.2895600110512498
RAW_NO_PBC,B,586,4,0.28960317677815617
RAW_NO_PBC,B,588,4,0.2894028334346433
RAW_NO_PBC,B,590,4,0.2894028334346433
RAW_NO_PBC,B,592,4,0.2894028334346429
RAW_NO_PBC,B,594,4,0.2894028334346429
RAW_NO_PBC,B,596,4,0.28960317677815617
RAW_NO_PBC,B,598,4,0.28898096823147335
RAW_NO_PBC,B,600,4,0.28960317677815667
RAW_NO_PBC,B,602,4,0.2894028334346434
RAW_NO_PBC,B,604,4,0.2894028334346434
RAW_NO_PBC,B,606,4,0.28940283343464374
RAW_NO_PBC,B,608,4,0.28940283343464374
RAW_NO_PBC,B,610,4,0.28960317677815667
RAW_NO_PBC,B,612,4,0.28956001105125023
RAW_NO_PBC,B,614,4,0.28937691684030425
RAW_NO_PBC,B,616,4,0.28937691684030425
RAW_NO_PBC,B,618,4,0.28940110573389294
RAW_NO_PBC,B,620,4,0.28931297931479016
RAW_NO_PBC,B,622,4,0.28931297931479016
RAW_NO_PBC,B,624,4,0.2894011057338933
RAW_NO_PBC,B,626,4,0.28956001105125023
RAW_NO_PBC,B,628,4,0.28955655751510817
RAW_NO_PBC,B,630,4,0.28955655751510817
RAW_NO_PBC,B,632,4,0.2894028334346438
RAW_NO_PBC,B,634,4,0.2894028334346438
RAW_NO_PBC,B,636,4,0.2894028334346434
RAW_NO_PBC,B,638,4,0.2894028334346434
RAW_NO_PBC,B,640,4,0.2895565575151085
RAW_NO_PBC,B,642,4,0.2889809682314738
RAW_NO_PBC,B,644,4,0.2889809682314738
RAW_NO_PBC,B,646,4,0.28913318730301457
RAW_NO_PBC,B,648,4,0.28913318730301457
RAW_NO_PBC,B,650,4,0.28931297931479016
RAW_NO_PBC,B,652,4,0.28913318730301424
RAW_NO_PBC,B,654,4,0.28913318730301424
RAW_NO_PBC,B,656,4,0.2889809682314738
RAW_NO_PBC,B,658,4,0.2889809682314738
RAW_NO_PBC,B,660,4,0.28863298494801287
RAW_NO_PBC,B,662,4,0.28863298494801287
RAW_NO_PBC,B,664,4,0.2888130883460791
RAW_NO_PBC,B,666,4,0.2886329849480132
RAW_NO_PBC,B,668,4,0.2886329849480132
RAW_NO_PBC,B,670,4,0.28848050194077235
RAW_NO_PBC,B,672,4,0.28848050194077235
RAW_NO_PBC,B,674,4,0.2890570877871709
RAW_NO_PBC,B,676,4,0.28890309794116065
RAW_NO_PBC,B,678,4,0.28890309794116065
RAW_NO_PBC,B,680,4,0.28890309794116104
RAW_NO_PBC,B,682,4,0.28890309794116104
RAW_NO_PBC,B,684,4,0.2890570877871706
RAW_NO_PBC,B,686,4,0.2890570877871706
RAW_NO_PBC,B,688,4,0.2890605472907018
RAW_NO_PBC,B,690,4,0.2889013672518702
RAW_NO_PBC,B,692,4,0.2888130883460791
RAW_NO_PBC,B,694,4,0.2888130883460791
RAW_NO_PBC,B,696,4,0.2889013672518699
RAW_NO_PBC,B,698,4,0.2888771365130862
RAW_NO_PBC,B,700,4,0.2888771365130862
RAW_NO_PBC,B,702,4,0.2890605472907018
RAW_NO_PBC,B,704,4,0.2891037875919306
RAW_NO_PBC,B,706,4,0.288903097941161
RAW_NO_PBC,B,708,4,0.288903097941161
RAW_NO_PBC,B,710,4,0.2889030979411606
RAW_NO_PBC,B,712,4,0.2889030979411606
RAW_NO_PBC,B,714,4,0.2891037875919306
RAW_NO_PBC,B,716,4,0.28848050194077235
RAW_NO_PBC,B,718,4,0.28848050194077235
RAW_NO_PBC,B,720,4,0.2894028334346429
RAW_NO_PBC,B,722,4,0.2894028334346429
RAW_NO_PBC,B,724,4,0.2894028334346433
RAW_NO_PBC,B,726,4,0.2894028334346433
RAW_NO_PBC,B,728,4,0.28960317677815617
RAW_NO_PBC,B,730,4,0.2895600110512498
RAW_NO_PBC,B,732,4,0.2893769168403038
RAW_NO_PBC,B,734,4,0.2893769168403038
RAW_NO_PBC,B,736,4,0.2894011057338925
RAW_NO_PBC,B,738,4,0.2893129793147897
RAW_NO_PBC,B,740,4,0.2893129793147897
RAW_NO_PBC,B,742,4,0.2894011057338929
RAW_NO_PBC,B,744,4,0.2895600110512498
RAW_NO_PBC,B,746,4,0.2895565575151077
RAW_NO_PBC,B,748,4,0.2895565575151077
RAW_NO_PBC,B,750,4,0.2894028334346434
RAW_NO_PBC,B,752,4,0.2894028334346434
RAW_NO_PBC,B,754,4,0.289402833434643
RAW_NO_PBC,B,756,4,0.289402833434643
RAW_NO_PBC,B,758,4,0.28955655751510806
RAW_NO_PBC,B,760,4,0.28898096823147335
RAW_NO_PBC,B,762,4,0.28898096823147335
RAW_NO_PBC,B,764,4,0.2891331873030142
RAW_NO_PBC,B,766,4,0.2891331873030142
RAW_NO_PBC,B,768,4,0.2893129793147897
RAW_NO_PBC,B,770,4,0.2891331873030138
RAW_NO_PBC,B,772,4,0.2891331873030138
RAW_NO_PBC,B,774,4,0.28898096823147335
RAW_NO_PBC,B,776,4,0.28898096823147335
RAW_NO_PBC,B,778,4,0.28960317677815617
RAW_NO_PBC,B,780,4,0.28963597842809474
RAW_NO_PBC,B,782,4,0.2898154585249034
RAW_NO_PBC,B,784,4,0.2896359784280951
RAW_NO_PBC,B,786,4,0.2896359784280951
RAW_NO_PBC,B,788,4,0.28948402373878923
RAW_NO_PBC,B,790,4,0.28948402373878923
RAW_NO_PBC,B,792,4,0.29000000000000004
RAW_NO_PBC,B,794,4,0.28990515690480534
RAW_NO_PBC,B,796,4,0.28990515690480534
RAW_NO_PBC,B,798,4,0.2899051569048057
RAW_NO_PBC,B,800,4,0.2899051569048057
RAW_NO_PBC,B,802,4,0.29000000000000004
RAW_NO_PBC,B,804,4,0.29000000000000004
RAW_NO_PBC,B,806,4,0.29000000000000004
RAW_NO_PBC,B,808,4,0.28990343219768877
RAW_NO_PBC,B,810,4,0.2898154585249034
RAW_NO_PBC,B,812,4,0.2898154585249034
RAW_NO_PBC,B,814,4,0.28990343219768844
RAW_NO_PBC,B,816,4,0.28987928522059003
RAW_NO_PBC,B,818,4,0.28987928522059003
RAW_NO_PBC,B,820,4,0.29000000000000004
RAW_NO_PBC,B,822,4,0.29000000000000004
RAW_NO_PBC,B,824,4,0.28990515690480567
RAW_NO_PBC,B,826,4,0.28990515690480567
RAW_NO_PBC,B,828,4,0.2899051569048053
RAW_NO_PBC,B,830,4,0.2899051569048053
RAW_NO_PBC,B,832,4,0.29000000000000004
RAW_NO_PBC,B,834,4,0.28948402373878923
RAW_NO_PBC,B,836,4,0.28948402373878923
RAW_NO_PBC,B,838,4,0.28963597842809474
RAW_NO_PBC,B,840,4,0.2894028334346434
RAW_NO_PBC,B,842,4,0.28940283343464374
RAW_NO_PBC,B,844,4,0.28940283343464374
RAW_NO_PBC,B,846,4,0.28960317677815667
RAW_NO_PBC,B,848,4,0.28956001105125023
RAW_NO_PBC,B,850,4,0.28937691684030425
RAW_NO_PBC,B,852,4,0.28937691684030425
RAW_NO_PBC,B,854,4,0.28940110573389294
RAW_NO_PBC,B,856,4,0.28931297931479016
RAW_NO_PBC,B,858,4,0.28931297931479016
RAW_NO_PBC,B,860,4,0.2894011057338933
RAW_NO_PBC,B,862,4,0.28956001105125023
RAW_NO_PBC,B,864,4,0.28955655751510817
RAW_NO_PBC,B,866,4,0.28955655751510817
RAW_NO_PBC,B,868,4,0.2894028334346438
RAW_NO_PBC,B,870,4,0.2894028334346438
RAW_NO_PBC,B,872,4,0.2894028334346434
RAW_NO_PBC,B,874,4,0.2894028334346434
RAW_NO_PBC,B,876,4,0.2895565575151085
RAW_NO_PBC,B,878,4,0.2889809682314738
RAW_NO_PBC,B,880,4,0.2889809682314738
RAW_NO_PBC,B,882,4,0.28913318730301457
RAW_NO_PBC,B,884,4,0.28913318730301457
RAW_NO_PBC,B,886,4,0.28931297931479016
RAW_NO_PBC,B,888,4,0.28913318730301424
RAW_NO_PBC,B,890,4,0.28913318730301424
RAW_NO_PBC,B,892,4,0.2889809682314738
RAW_NO_PBC,B,894,4,0.2889809682314738
RAW_NO_PBC,B,896,4,0.28960317677815667
RAW_NO_PBC,B,898,4,0.2894028334346434
RAW_NO_PBC,B,900,4,0.28931297931479016
RAW_NO_PBC,B,902,4,0.28913318730301457
RAW_NO_PBC,B,904,4,0.28913318730301457
RAW_NO_PBC,B,906,4,0.2889809682314738
RAW_NO_PBC,B,908,4,0.2889809682314738
RAW_NO_PBC,B,910,4,0.2895565575151085
RAW_NO_PBC,B,912,4,0.2894028334346434
RAW_NO_PBC,B,914,4,0.2894028334346434
RAW_NO_PBC,B,916,4,0.2894028334346438
RAW_NO_PBC,B,918,4,0.2894028334346438
RAW_NO_PBC,B,920,4,0.28955655751510817
RAW_NO_PBC,B,922,4,0.28955655751510817
RAW_NO_PBC,B,924,4,0.28956001105125023
RAW_NO_PBC,B,926,4,0.2894011057338933
RAW_NO_PBC,B,928,4,0.28931297931479016
RAW_NO_PBC,B,930,4,0.28931297931479016
RAW_NO_PBC,B,932,4,0.28940110573389294
RAW_NO_PBC,B,934,4,0.28937691684030425
RAW_NO_PBC,B,936,4,0.28937691684030425
RAW_NO_PBC,B,938,4,0.28956001105125023
RAW_NO_PBC,B,940,4,0.28960317677815667
RAW_NO_PBC,B,942,4,0.28940283343464374
RAW_NO_PBC,B,944,4,0.28940283343464374
RAW_NO_PBC,B,946,4,0.2894028334346434
RAW_NO_PBC,B,948,4,0.2894028334346434
RAW_NO_PBC,B,950,4,0.28960317677815667
RAW_NO_PBC,B,952,4,0.2889809682314738
RAW_NO_PBC,B,954,4,0.2889809682314738
RAW_NO_PBC,B,956,4,0.28913318730301424
RAW_NO_PBC,B,958,4,0.28913318730301424
RAW_NO_PBC,B,960,4,0.2894028334346433
RAW_NO_PBC,B,962,4,0.2894028334346433
RAW_NO_PBC,B,964,4,0.28960317677815617
RAW_NO_PBC,B,966,4,0.2895600110512498
RAW_NO_PBC,B,968,4,0.2893769168403038
RAW_NO_PBC,B,970,4,0.2893769168403038
RAW_NO_PBC,B,972,4,0.2894011057338925
RAW_NO_PBC,B,974,4,0.2893129793147897
RAW_NO_PBC,B,976,4,0.2893129793147897
RAW_NO_PBC,B,978,4,0.2894011057338929
RAW_NO_PBC,B,980,4,0.2895600110512498
RAW_NO_PBC,B,982,4,0.2895565575151077
RAW_NO_PBC,B,984,4,0.2895565575151077
RAW_NO_PBC,B,986,4,0.2894028334346434
RAW_NO_PBC,B,988,4,0.2894028334346434
RAW_NO_PBC,B,990,4,0.289402833434643
RAW_NO_PBC,B,992,4,0.289402833434643
RAW_NO_PBC,B,994,4,0.28955655751510806
RAW_NO_PBC,B,996,4,0.28898096823147335
RAW_NO_PBC,B,998,4,0.28898096823147335
RAW_NO_PBC,B,1000,4,0.2891331873030142
RAW_NO_PBC,B,1002,4,0.2891331873030142
RAW_NO_PBC,B,1004,4,0.2893129793147897
RAW_NO_PBC,B,1006,4,0.2891331873030138
RAW_NO_PBC,B,1008,4,0.2891331873030138
RAW_NO_PBC,B,1010,4,0.28898096823147335
RAW_NO_PBC,B,1012,4,0.28898096823147335
RAW_NO_PBC,B,1014,4,0.28960317677815617
RAW_NO_PBC,B,1016,4,0.2894028334346429
RAW_NO_PBC,B,1018,4,0.2894028334346429
RAW_NO_PBC,B,1020,4,0.2889999999999997
RAW_NO_PBC,B,1022,4,0.2889999999999997
RAW_NO_PBC,B,1024,4,0.28898096823147335
RAW_NO_PBC,B,1026,4,0.28898096823147335
RAW_NO_PBC,B,1028,4,0.2889999999999997
RAW_NO_PBC,B,1030,4,0.2889999999999997
RAW_NO_PBC,B,1032,4,0.2889999999999997
RAW_NO_PBC,B,1034,4,0.2889999999999997
RAW_NO_PBC,B,1036,4,0.2889999999999997
RAW_NO_PBC,B,1038,4,0.2889999999999997
RAW_NO_PBC,B,1040,4,0.2889999999999997
RAW_NO_PBC,B,1042,4,0.2889999999999997
RAW_NO_PBC,B,1044,4,0.2889999999999997
RAW_NO_PBC,B,1046,4,0.2889999999999997
RAW_NO_PBC,B,1048,4,0.2889999999999997
RAW_NO_PBC,B,1050,4,0.2889999999999997
RAW_NO_PBC,B,1052,4,0.2889999999999997
RAW_NO_PBC,B,1054,4,0.2889999999999997
RAW_NO_PBC,B,1056,4,0.2889999999999997
RAW_NO_PBC,B,1058,4,0.2889999999999997
RAW_NO_PBC,B,1060,4,0.2889999999999997
RAW_NO_PBC,B,1062,4,0.2889999999999997
RAW_NO_PBC,B,1064,4,0.2889999999999997
RAW_NO_PBC,B,1066,4,0.2889999999999997
RAW_NO_PBC,B,1068,4,0.2889999999999997
RAW_NO_PBC,B,1070,4,0.28898096823147335
RAW_NO_PBC,B,1072,4,0.28898096823147335
RAW_NO_PBC,B,1074,4,0.2889999999999997
RAW_NO_PBC,B,1076,4,0.2889999999999997
RAW_NO_PBC,B,1078,4,0.2889999999999997
RAW_NO_PBC,B,1080,4,0.2894028334346433
RAW_NO_PBC,B,1082,4,0.28960317677815617
RAW_NO_PBC,B,1084,4,0.2895600110512498
RAW_NO_PBC,B,1086,4,0.2893769168403038
RAW_NO_PBC,B,1088,4,0.2893769168403038
RAW_NO_PBC,B,1090,4,0.2894011057338925
RAW_NO_PBC,B,1092,4,0.2893129793147897
RAW_NO_PBC,B,1094,4,0.2893129793147897
RAW_NO_PBC,B,1096,4,0.2894011057338929
RAW_NO_PBC,B,1098,4,0.2895600110512498
RAW_NO_PBC,B,1100,4,0.2895565575151077
RAW_NO_PBC,B,1102,4,0.2895565575151077
RAW_NO_PBC,B,1104,4,0.2894028334346434
RAW_NO_PBC,B,1106,4,0.2894028334346434
RAW_NO_PBC,B,1108,4,0.289402833434643
RAW_NO_PBC,B,1110,4,0.289402833434643
RAW_NO_PBC,B,1112,4,0.28955655751510806
RAW_NO_PBC,B,1114,4,0.28898096823147335
RAW_NO_PBC,B,1116,4,0.28898096823147335
RAW_NO_PBC,B,1118,4,0.2891331873030142
RAW_NO_PBC,B,1120,4,0.2891331873030142
RAW_NO_PBC,B,1122,4,0.2893129793147897
RAW_NO_PBC,B,1124,4,0.2891331873030138
RAW_NO_PBC,B,1126,4,0.2891331873030138
RAW_NO_PBC,B,1128,4,0.28898096823147335
RAW_NO_PBC,B,1130,4,0.28898096823147335
RAW_NO_PBC,B,1132,4,0.28960317677815617
RAW_NO_PBC,B,1134,4,0.2894028334346429
RAW_NO_PBC,B,1136,4,0.2894028334346429
RAW_NO_PBC,B,1138,4,0.2894028334346433
RAW_NO_PBC,B,1140,4,0.2886329849480132
RAW_NO_PBC,B,1142,4,0.28848050194077235
RAW_NO_PBC,B,1144,4,0.28848050194077235
RAW_NO_PBC,B,1146,4,0.2890570877871709
RAW_NO_PBC,B,1148,4,0.28890309794116065
RAW_NO_PBC,B,1150,4,0.28890309794116065
RAW_NO_PBC,B,1152,4,0.28890309794116104
RAW_NO_PBC,B,1154,4,0.28890309794116104
RAW_NO_PBC,B,1156,4,0.2890570877871706
RAW_NO_PBC,B,1158,4,0.2890570877871706
RAW_NO_PBC,B,1160,4,0.2890605472907018
RAW_NO_PBC,B,1162,4,0.2889013672518702
RAW_NO_PBC,B,1164,4,0.2888130883460791
RAW_NO_PBC,B,1166,4,0.2888130883460791
RAW_NO_PBC,B,1168,4,0.2889013672518699
RAW_NO_PBC,B,1170,4,0.2888771365130862
RAW_NO_PBC,B,1172,4,0.2888771365130862
RAW_NO_PBC,B,1174,4,0.2890605472907018
RAW_NO_PBC,B,1176,4,0.2891037875919306
RAW_NO_PBC,B,1178,4,0.288903097941161
RAW_NO_PBC,B,1180,4,0.288903097941161
RAW_NO_PBC,B,1182,4,0.2889030979411606
RAW_NO_PBC,B,1184,4,0.2889030979411606
RAW_NO_PBC,B,1186,4,0.2891037875919306
RAW_NO_PBC,B,1188,4,0.28848050194077235
RAW_NO_PBC,B,1190,4,0.28848050194077235
RAW_NO_PBC,B,1192,4,0.28863298494801287
RAW_NO_PBC,B,1194,4,0.28863298494801287
RAW_NO_PBC,B,1196,4,0.2888130883460791
RAW_NO_PBC,B,1198,4,0.2886329849480132
RAW_NO_PBC,B,1200,4,0.28960317677815667
RAW_NO_PBC,B,1202,4,0.28956001105125023
RAW_NO_PBC,B,1204,4,0.28937691684030425
RAW_NO_PBC,B,1206,4,0.28937691684030425
RAW_NO_PBC,B,1208,4,0.28940110573389294
RAW_NO_PBC,B,1210,4,0.28931297931479016
RAW_NO_PBC,B,1212,4,0.28931297931479016
RAW_NO_PBC,B,1214,4,0.2894011057338933
RAW_NO_PBC,B,1216,4,0.28956001105125023
RAW_NO_PBC,B,1218,4,0.28955655751510817
RAW_NO_PBC,B,1220,4,0.28955655751510817
RAW_NO_PBC,B,1222,4,0.2894028334346438
RAW_NO_PBC,B,1224,4,0.2894028334346438
RAW_NO_PBC,B,1226,4,0.2894028334346434
RAW_NO_PBC,B,1228,4,0.2894028334346434
RAW_NO_PBC,B,1230,4,0.2895565575151085
RAW_NO_PBC,B,1232,4,0.2889809682314738
RAW_NO_PBC,B,1234,4,0.2889809682314738
RAW_NO_PBC,B,1236,4,0.28913318730301457
RAW_NO_PBC,B,1238,4,0.28913318730301457
RAW_NO_PBC,B,1240,4,0.28931297931479016
RAW_NO_PBC,B,1242,4,0.28913318730301424
RAW_NO_PBC,B,1244,4,0.28913318730301424
RAW_NO_PBC,B,1246,4,0.2889809682314738
RAW_NO_PBC,B,1248,4,0.2889809682314738
RAW_NO_PBC,B,1250,4,0.28960317677815667
RAW_NO_PBC,B,1252,4,0.2894028334346434
RAW_NO_PBC,B,1254,4,0.2894028334346434
RAW_NO_PBC,B,1256,4,0.28940283343464374
RAW_NO_PBC,B,1258,4,0.28940283343464374
RAW_NO_PBC,B,1260,4,0.28948402373878923
RAW_NO_PBC,B,1262,4,0.28948402373878923
RAW_NO_PBC,B,1264,4,0.29000000000000004
RAW_NO_PBC,B,1266,4,0.28990515690480534
RAW_NO_PBC,B,1268,4,0.28990515690480534
RAW_NO_PBC,B,1270,4,0.2899051569048057
RAW_NO_PBC,B,1272,4,0.2899051569048057
RAW_NO_PBC,B,1274,4,0.29000000000000004
RAW_NO_PBC,B,1276,4,0.29000000000000004
RAW_NO_PBC,B,1278,4,0.29000000000000004
RAW_NO_PBC,B,1280,4,0.28990343219768877
RAW_NO_PBC,B,1282,4,0.2898154585249034
RAW_NO_PBC,B,1284,4,0.2898154585249034
RAW_NO_PBC,B,1286,4,0.28990343219768844
RAW_NO_PBC,B,1288,4,0.28987928522059003
RAW_NO_PBC,B,1290,4,0.28987928522059003
RAW_NO_PBC,B,1292,4,0.29000000000000004
RAW_NO_PBC,B,1294,4,0.29000000000000004
RAW_NO_PBC,B,1296,4,0.28990515690480567
RAW_NO_PBC,B,1298,4,0.28990515690480567
RAW_NO_PBC,B,1300,4,0.2899051569048053
RAW_NO_PBC,B,1302,4,0.2899051569048053
RAW_NO_PBC,B,1304,4,0.29000000000000004
RAW_NO_PBC,B,1306,4,0.28948402373878923
RAW_NO_PBC,B,1308,4,0.28948402373878923
RAW_NO_PBC,B,1310,4,0.28963597842809474
RAW_NO_PBC,B,1312,4,0.28963597842809474
RAW_NO_PBC,B,1314,4,0.2898154585249034
RAW_NO_PBC,B,1316,4,0.2896359784280951
RAW_NO_PBC,B,1318,4,0.2896359784280951
RAW_NO_PBC,B,1320,4,0.2895600110512498
RAW_NO_PBC,B,1322,4,0.2893769168403038
RAW_NO_PBC,B,1324,4,0.2893769168403038
RAW_NO_PBC,B,1326,4,0.2894011057338925
RAW_NO_PBC,B,1328,4,0.2893129793147897
RAW_NO_PBC,B,1330,4,0.2893129793147897
RAW_NO_PBC,B,1332,4,0.2894011057338929
RAW_NO_PBC,B,1334,4,0.2895600110512498
RAW_NO_PBC,B,1336,4,0.2895565575151077
RAW_NO_PBC,B,1338,4,0.2895565575151077
RAW_NO_PBC,B,1340,4,0.2894028334346434
RAW_NO_PBC,B,1342,4,0.2894028334346434
RAW_NO_PBC,B,1344,4,0.289402833434643
RAW_NO_PBC,B,1346,4,0.289402833434643
RAW_NO_PBC,B,1348,4,0.28955655751510806
RAW_NO_PBC,B,1350,4,0.28898096823147335
RAW_NO_PBC,B,1352,4,0.28898096823147335
RAW_NO_PBC,B,1354,4,0.2891331873030142
RAW_NO_PBC,B,1356,4,0.2891331873030142
RAW_NO_PBC,B,1358,4,0.2893129793147897
RAW_NO_PBC,B,1360,4,0.2891331873030138
RAW_NO_PBC,B,1362,4,0.2891331873030138
RAW_NO_PBC,B,1364,4,0.28898096823147335
RAW_NO_PBC,B,1366,4,0.28898096823147335
RAW_NO_PBC,B,1368,4,0.28960317677815617
RAW_NO_PBC,B,1370,4,0.2894028334346429
RAW_NO_PBC,B,1372,4,0.2894028334346429
RAW_NO_PBC,B,1374,4,0.2894028334346433
RAW_NO_PBC,B,1376,4,0.2894028334346433
RAW_NO_PBC,B,1378,4,0.28960317677815617
RAW_NO_PBC,B,1380,4,0.2889809682314738
RAW_NO_PBC,B,1382,4,0.2889999999999997
RAW_NO_PBC,B,1384,4,0.2889999999999997
RAW_NO_PBC,B,1386,4,0.2889999999999997
RAW_NO_PBC,B,1388,4,0.2889999999999997
RAW_NO_PBC,B,1390,4,0.2889999999999997
RAW_NO_PBC,B,1392,4,0.2889999999999997
RAW_NO_PBC,B,1394,4,0.2889999999999997
RAW_NO_PBC,B,1396,4,0.2889999999999997
RAW_NO_PBC,B,1398,4,0.2889999999999997
RAW_NO_PBC,B,1400,4,0.2889999999999997
RAW_NO_PBC,B,1402,4,0.2889999999999997
RAW_NO_PBC,B,1404,4,0.2889999999999997
RAW_NO_PBC,B,1406,4,0.2889999999999997
RAW_NO_PBC,B,1408,4,0.2889999999999997
RAW_NO_PBC,B,1410,4,0.2889999999999997
RAW_NO_PBC,B,1412,4,0.2889999999999997
RAW_NO_PBC,B,1414,4,0.2889999999999997
RAW_NO_PBC,B,1416,4,0.2889999999999997
RAW_NO_PBC,B,1418,4,0.2889999999999997
RAW_NO_PBC,B,1420,4,0.2889999999999997
RAW_NO_PBC,B,1422,4,0.2889999999999997
RAW_NO_PBC,B,1424,4,0.2889809682314738
RAW_NO_PBC,B,1426,4,0.2889809682314738
RAW_NO_PBC,B,1428,4,0.2889999999999997
RAW_NO_PBC,B,1430,4,0.2889999999999997
RAW_NO_PBC,B,1432,4,0.2889999999999997
RAW_NO_PBC,B,1434,4,0.2889999999999997
RAW_NO_PBC,B,1436,4,0.2889999999999997
RAW_NO_PBC,B,1438,4,0.2889809682314738
RAW_NO_PBC,B,1440,4,0.28937691684030425
RAW_NO_PBC,B,1442,4,0.28937691684030425
RAW_NO_PBC,B,1444,4,0.28940110573389294
RAW_NO_PBC,B,1446,4,0.28931297931479016
RAW_NO_PBC,B,1448,4,0.28931297931479016
RAW_NO_PBC,B,1450,4,0.2894011057338933
RAW_NO_PBC,B,1452,4,0.28956001105125023
RAW_NO_PBC,B,1454,4,0.28955655751510817
RAW_NO_PBC,B,1456,4,0.28955655751510817
RAW_NO_PBC,B,1458,4,0.2894028334346438
RAW_NO_PBC,B,1460,4,0.2894028334346438
RAW_NO_PBC,B,1462,4,0.2894028334346434
RAW_NO_PBC,B,1464,4,0.2894028334346434
RAW_NO_PBC,B,1466,4,0.2895565575151085
RAW_NO_PBC,B,1468,4,0.2889809682314738
RAW_NO_PBC,B,1470,4,0.2889809682314738
RAW_NO_PBC,B,1472,4,0.28913318730301457
RAW_NO_PBC,B,1474,4,0.28913318730301457
RAW_NO_PBC,B,1476,4,0.28931297931479016
RAW_NO_PBC,B,1478,4,0.28913318730301424
RAW_NO_PBC,B,1480,4,0.28913318730301424
RAW_NO_PBC,B,1482,4,0.2889809682314738
RAW_NO_PBC,B,1484,4,0.2889809682314738
RAW_NO_PBC,B,1486,4,0.28960317677815667
RAW_NO_PBC,B,1488,4,0.2894028334346434
RAW_NO_PBC,B,1490,4,0.2894028334346434
RAW_NO_PBC,B,1492,4,0.28940283343464374
RAW_NO_PBC,B,1494,4,0.28940283343464374
RAW_NO_PBC,B,1496,4,0.28960317677815667
RAW_NO_PBC,B,1498,4,0.28956001105125023
RAW_NO_PBC,B,1500,4,0.2895565575151085
RAW_NO_PBC,B,1502,4,0.2894028334346434
RAW_NO_PBC,B,1504,4,0.2894028334346434
RAW_NO_PBC,B,1506,4,0.2894028334346438
RAW_NO_PBC,B,1508,4,0.2894028334346438
RAW_NO_PBC,B,1510,4,0.28955655751510817
RAW_NO_PBC,B,1512,4,0.28955655751510817
RAW_NO_PBC,B,1514,4,0.28956001105125023
RAW_NO_PBC,B,1516,4,0.2894011057338933
RAW_NO_PBC,B,1518,4,0.28931297931479016
RAW_NO_PBC,B,1520,4,0.28931297931479016
RAW_NO_PBC,B,1522,4,0.28940110573389294
RAW_NO_PBC,B,1524,4,0.28937691684030425
RAW_NO_PBC,B,1526,4,0.28937691684030425
RAW_NO_PBC,B,1528,4,0.28956001105125023
RAW_NO_PBC,B,1530,4,0.28960317677815667
RAW_NO_PBC,B,1532,4,0.28940283343464374
RAW_NO_PBC,B,1534,4,0.28940283343464374
RAW_NO_PBC,B,1536,4,0.2894028334346434
RAW_NO_PBC,B,1538,4,0.2894028334346434
RAW_NO_PBC,B,1540,4,0.28960317677815667
RAW_NO_PBC,B,1542,4,0.2889809682314738
RAW_NO_PBC,B,1544,4,0.2889809682314738
RAW_NO_PBC,B,1546,4,0.28913318730301424
RAW_NO_PBC,B,1548,4,0.28913318730301424
RAW_NO_PBC,B,1550,4,0.28931297931479016
RAW_NO_PBC,B,1552,4,0.28913318730301457
RAW_NO_PBC,B,1554,4,0.28913318730301457
RAW_NO_PBC,B,1556,4,0.2889809682314738
RAW_NO_PBC,B,1558,4,0.2889809682314738
RAW_NO_PBC,B,1560,4,0.2893769168403038
RAW_NO_PBC,B,1562,4,0.2894011057338925
RAW_NO_PBC,B,1564,4,0.2893129793147897
RAW_NO_PBC,B,1566,4,0.2893129793147897
RAW_NO_PBC,B,1568,4,0.2894011057338929
RAW_NO_PBC,B,1570,4,0.2895600110512498
RAW_NO_PBC,B,1572,4,0.2895565575151077
RAW_NO_PBC,B,1574,4,0.2895565575151077
RAW_NO_PBC,B,1576,4,0.2894028334346434
RAW_NO_PBC,B,1578,4,0.2894028334346434
RAW_NO_PBC,B,1580,4,0.289402833434643
RAW_NO_PBC,B,1582,4,0.289402833434643
RAW_NO_PBC,B,1584,4,0.28955655751510806
RAW_NO_PBC,B,1586,4,0.28898096823147335
RAW_NO_PBC,B,1588,4,0.28898096823147335
RAW_NO_PBC,B,1590,4,0.2891331873030142
RAW_NO_PBC,B,1592,4,0.2891331873030142
RAW_NO_PBC,B,1594,4,0.2893129793147897
RAW_NO_PBC,B,1596,4,0.2891331873030138
RAW_NO_PBC,B,1598,4,0.2891331873030138
RAW_NO_PBC,B,1600,4,0.28898096823147335
RAW_NO_PBC,B,1602,4,0.28898096823147335
RAW_NO_PBC,B,1604,4,0.28960317677815617
RAW_NO_PBC,B,1606,4,0.2894028334346429
RAW_NO_PBC,B,1608,4,0.2894028334346429
RAW_NO_PBC,B,1610,4,0.2894028334346433
RAW_NO_PBC,B,1612,4,0.2894028334346433
RAW_NO_PBC,B,1614,4,0.28960317677815617
RAW_NO_PBC,B,1616,4,0.2895600110512498
RAW_NO_PBC,B,1618,4,0.2893769168403038
RAW_NO_PBC,B,1620,4,0.2894028334346434
RAW_NO_PBC,B,1622,4,0.2894028334346434
RAW_NO_PBC,B,1624,4,0.2894028334346438
RAW_NO_PBC,B,1626,4,0.2894028334346438
RAW_NO_PBC,B,1628,4,0.28955655751510817
RAW_NO_PBC,B,1630,4,0.28955655751510817
RAW_NO_PBC,B,1632,4,0.28956001105125023
RAW_NO_PBC,B,1634,4,0.2894011057338933
RAW_NO_PBC,B,1636,4,0.28931297931479016
RAW_NO_PBC,B,1638,4,0.28931297931479016
RAW_NO_PBC,B,1640,4,0.28940110573389294
RAW_NO_PBC,B,1642,4,0.28937691684030425
RAW_NO_PBC,B,1644,4,0.28937691684030425
RAW_NO_PBC,B,1646,4,0.28956001105125023
RAW_NO_PBC,B,1648,4,0.28960317677815667
RAW_NO_PBC,B,1650,4,0.28940283343464374
RAW_NO_PBC,B,1652,4,0.28940283343464374
RAW_NO_PBC,B,1654,4,0.2894028334346434
RAW_NO_PBC,B,1656,4,0.2894028334346434
RAW_NO_PBC,B,1658,4,0.28960317677815667
RAW_NO_PBC,B,1660,4,0.2889809682314738
RAW_NO_PBC,B,1662,4,0.2889809682314738
RAW_NO_PBC,B,1664,4,0.28913318730301424
RAW_NO_PBC,B,1666,4,0.28913318730301424
RAW_NO_PBC,B,1668,4,0.28931297931479016
RAW_NO_PBC,B,1670,4,0.28913318730301457
RAW_NO_PBC,B,1672,4,0.28913318730301457
RAW_NO_PBC,B,1674,4,0.2889809682314738
RAW_NO_PBC,B,1676,4,0.2889809682314738
RAW_NO_PBC,B,1678,4,0.2895565575151085
RAW_NO_PBC,N,1,1,0.1443779761598008
RAW_NO_PBC,N,3,1,0.14439182802361047
RAW_NO_PBC,N,5,1,0.14456140563788109
RAW_NO_PBC,N,7,1,0.14481022063376636
RAW_NO_PBC,N,9,1,0.14377760604489156
RAW_NO_PBC,N,11,1,0.14481022063376636
RAW_NO_PBC,N,13,1,0.14439182802361047
RAW_NO_PBC,N,15,1,0.14477568856683093
RAW_NO_PBC,N,17,1,0.1443779761598008
RAW_NO_PBC,N,19,1,0.14439182802361084
RAW_NO_PBC,N,21,1,0.14483438818181293
RAW_NO_PBC,N,23,1,0.14433987668000817
RAW_NO_PBC,N,25,1,0.1443364125922496
RAW_NO_PBC,N,27,1,0.14456140563788109
RAW_NO_PBC,N,29,1,0.14461673485458001
RAW_NO_PBC,N,31,1,0.14442298985964805
RAW_NO_PBC,N,33,1,0.14461673485458038
RAW_NO_PBC,N,35,1,0.14456140563788109
RAW_NO_PBC,N,37,1,0.1443398766800084
RAW_NO_PBC,N,39,1,0.1443398766800084
RAW_NO_PBC,N,41,1,0.14483438818181277
RAW_NO_PBC,N,43,1,0.14456140563788109
RAW_NO_PBC,N,45,1,0.14442298985964805
RAW_NO_PBC,N,47,1,0.1446409347314931
RAW_NO_PBC,N,49,1,0.14456140563788109
RAW_NO_PBC,N,51,1,0.1443364125922496
RAW_NO_PBC,N,53,1,0.14439182802361086
RAW_NO_PBC,N,55,1,0.14433987668000817
RAW_NO_PBC,N,57,1,0.14456140563788109
RAW_NO_PBC,N,59,1,0.14439182802361084
RAW_NO_PBC,N,61,1,0.14500000000000002
RAW_NO_PBC,N,63,1,0.14489306401619054
RAW_NO_PBC,N,65,1,0.14500000000000002
RAW_NO_PBC,N,67,1,0.14428097587693264
RAW_NO_PBC,N,69,1,0.14500000000000002
RAW_NO_PBC,N,71,1,0.14500000000000002
RAW_NO_PBC,N,73,1,0.14489306401619054
RAW_NO_PBC,N,75,1,0.14487926007541588
RAW_NO_PBC,N,77,1,0.1448930640161909
RAW_NO_PBC,N,79,1,0.14500000000000002
RAW_NO_PBC,N,81,1,0.14484129245487956
RAW_NO_PBC,N,83,1,0.14489306401619093
RAW_NO_PBC,N,85,1,0.1448378403594865
RAW_NO_PBC,N,87,1,0.14500000000000002
RAW_NO_PBC,N,89,1,0.14500000000000002
RAW_NO_PBC,N,91,1,0.1449241180756329
RAW_NO_PBC,N,93,1,0.14500000000000002
RAW_NO_PBC,N,95,1,0.14500000000000002
RAW_NO_PBC,N,97,1,0.14484129245487978
RAW_NO_PBC,N,99,1,0.14484129245487978
RAW_NO_PBC,N,101,1,0.14500000000000002
RAW_NO_PBC,N,103,1,0.14500000000000002
RAW_NO_PBC,N,105,1,0.1449241180756329
RAW_NO_PBC,N,107,1,0.14500000000000002
RAW_NO_PBC,N,109,1,0.14500000000000002
RAW_NO_PBC,N,111,1,0.1448378403594865
RAW_NO_PBC,N,113,1,0.14484129245487956
RAW_NO_PBC,N,115,1,0.14500000000000002
RAW_NO_PBC,N,117,1,0.1448930640161909
RAW_NO_PBC,N,119,1,0.14487926007541588
RAW_NO_PBC,N,121,1,0.14439182802361047
RAW_NO_PBC,N,123,1,0.14456140563788109
RAW_NO_PBC,N,125,1,0.14481022063376636
RAW_NO_PBC,N,127,1,0.14377760604489156
RAW_NO_PBC,N,129,1,0.14481022063376636
RAW_NO_PBC,N,131,1,0.14439182802361047
RAW_NO_PBC,N,133,1,0.14477568856683093
RAW_NO_PBC,N,135,1,0.1443779761598008
RAW_NO_PBC,N,137,1,0.14439182802361084
RAW_NO_PBC,N,139,1,0.14483438818181293
RAW_NO_PBC,N,141,1,0.14433987668000817
RAW_NO_PBC,N,143,1,0.1443364125922496
RAW_NO_PBC,N,145,1,0.14456140563788109
RAW_NO_PBC,N,147,1,0.14461673485458001
RAW_NO_PBC,N,149,1,0.14442298985964805
RAW_NO_PBC,N,151,1,0.14461673485458038
RAW_NO_PBC,N,153,1,0.14456140563788109
RAW_NO_PBC,N,155,1,0.1443398766800084
RAW_NO_PBC,N,157,1,0.1443398766800084
RAW_NO_PBC,N,159,1,0.14483438818181277
RAW_NO_PBC,N,161,1,0.14456140563788109
RAW_NO_PBC,N,163,1,0.14442298985964805
RAW_NO_PBC,N,165,1,0.1446409347314931
RAW_NO_PBC,N,167,1,0.14456140563788109
RAW_NO_PBC,N,169,1,0.1443364125922496
RAW_NO_PBC,N,171,1,0.14439182802361086
RAW_NO_PBC,N,173,1,0.14433987668000817
RAW_NO_PBC,N,175,1,0.14456140563788109
RAW_NO_PBC,N,177,1,0.14439182802361084
RAW_NO_PBC,N,179,1,0.1443779761598008
RAW_NO_PBC,N,181,1,0.14489306401619054
RAW_NO_PBC,N,183,1,0.14500000000000002
RAW_NO_PBC,N,185,1,0.14428097587693264
RAW_NO_PBC,N,187,1,0.14500000000000002
RAW_NO_PBC,N,189,1,0.14500000000000002
RAW_NO_PBC,N,191,1,0.14489306401619054
RAW_NO_PBC,N,193,1,0.14487926007541588
RAW_NO_PBC,N,195,1,0.1448930640161909
RAW_NO_PBC,N,197,1,0.14500000000000002
RAW_NO_PBC,N,199,1,0.14484129245487956
RAW_NO_PBC,N,201,1,0.14489306401619093
RAW_NO_PBC,N,203,1,0.1448378403594865
RAW_NO_PBC,N,205,1,0.14500000000000002
RAW_NO_PBC,N,207,1,0.14500000000000002
RAW_NO_PBC,N,209,1,0.1449241180756329
RAW_NO_PBC,N,211,1,0.14500000000000002
RAW_NO_PBC,N,213,1,0.14500000000000002
RAW_NO_PBC,N,215,1,0.14484129245487978
RAW_NO_PBC,N,217,1,0.14484129245487978
RAW_NO_PBC,N,219,1,0.14500000000000002
RAW_NO_PBC,N,221,1,0.14500000000000002
RAW_NO_PBC,N,223,1,0.1449241180756329
RAW_NO_PBC,N,225,1,0.14500000000000002
RAW_NO_PBC,N,227,1,0.14500000000000002
RAW_NO_PBC,N,229,1,0.1448378403594865
RAW_NO_PBC,N,231,1,0.14484129245487956
RAW_NO_PBC,N,233,1,0.14500000000000002
RAW_NO_PBC,N,235,1,0.1448930640161909
RAW_NO_PBC,N,237,1,0.14487926007541588
RAW_NO_PBC,N,239,1,0.14500000000000002
RAW_NO_PBC,N,241,1,0.14456140563788109
RAW_NO_PBC,N,243,1,0.14481022063376636
RAW_NO_PBC,N,245,1,0.14377760604489156
RAW_NO_PBC,N,247,1,0.14481022063376636
RAW_NO_PBC,N,249,1,0.14439182802361047
RAW_NO_PBC,N,251,1,0.14477568856683093
RAW_NO_PBC,N,253,1,0.1443779761598008
RAW_NO_PBC,N,255,1,0.14439182802361084
RAW_NO_PBC,N,257,1,0.14483438818181293
RAW_NO_PBC,N,259,1,0.14433987668000817
RAW_NO_PBC,N,261,1,0.1443364125922496
RAW_NO_PBC,N,263,1,0.14456140563788109
RAW_NO_PBC,N,265,1,0.14461673485458001
RAW_NO_PBC,N,267,1,0.14442298985964805
RAW_NO_PBC,N,269,1,0.14461673485458038
RAW_NO_PBC,N,271,1,0.14456140563788109
RAW_NO_PBC,N,273,1,0.1443398766800084
RAW_NO_PBC,N,275,1,0.1443398766800084
RAW_NO_PBC,N,277,1,0.14483438818181277
RAW_NO_PBC,N,279,1,0.14456140563788109
RAW_NO_PBC,N,281,1,0.14442298985964805
RAW_NO_PBC,N,283,1,0.1446409347314931
RAW_NO_PBC,N,285,1,0.14456140563788109
RAW_NO_PBC,N,287,1,0.1443364125922496
RAW_NO_PBC,N,289,1,0.14439182802361086
RAW_NO_PBC,N,291,1,0.14433987668000817
RAW_NO_PBC,N,293,1,0.14456140563788109
RAW_NO_PBC,N,295,1,0.14439182802361084
RAW_NO_PBC,N,297,1,0.1443779761598008
RAW_NO_PBC,N,299,1,0.14439182802361047
RAW_NO_PBC,N,301,1,0.14500000000000002
RAW_NO_PBC,N,303,1,0.14428097587693264
RAW_NO_PBC,N,305,1,0.14500000000000002
RAW_NO_PBC,N,307,1,0.14500000000000002
RAW_NO_PBC,N,309,1,0.14489306401619054
RAW_NO_PBC,N,311,1,0.14487926007541588
RAW_NO_PBC,N,313,1,0.1448930640161909
RAW_NO_PBC,N,315,1,0.14500000000000002
RAW_NO_PBC,N,317,1,0.14484129245487956
RAW_NO_PBC,N,319,1,0.14489306401619093
RAW_NO_PBC,N,321,1,0.1448378403594865
RAW_NO_PBC,N,323,1,0.14500000000000002
RAW_NO_PBC,N,325,1,0.14500000000000002
RAW_NO_PBC,N,327,1,0.1449241180756329
RAW_NO_PBC,N,329,1,0.14500000000000002
RAW_NO_PBC,N,331,1,0.14500000000000002
RAW_NO_PBC,N,333,1,0.14484129245487978
RAW_NO_PBC,N,335,1,0.14484129245487978
RAW_NO_PBC,N,337,1,0.14500000000000002
RAW_NO_PBC,N,339,1,0.14500000000000002
RAW_NO_PBC,N,341,1,0.1449241180756329
RAW_NO_PBC,N,343,1,0.14500000000000002
RAW_NO_PBC,N,345,1,0.14500000000000002
RAW_NO_PBC,N,347,1,0.1448378403594865
RAW_NO_PBC,N,349,1,0.14484129245487956
RAW_NO_PBC,N,351,1,0.14500000000000002
RAW_NO_PBC,N,353,1,0.1448930640161909
RAW_NO_PBC,N,355,1,0.14487926007541588
RAW_NO_PBC,N,357,1,0.14500000000000002
RAW_NO_PBC,N,359,1,0.14489306401619054
RAW_NO_PBC,N,361,1,0.14481022063376614
RAW_NO_PBC,N,363,1,0.14377760604489134
RAW_NO_PBC,N,365,1,0.14481022063376614
RAW_NO_PBC,N,367,1,0.14439182802361025
RAW_NO_PBC,N,369,1,0.1447756885668307
RAW_NO_PBC,N,371,1,0.14437797615980058
RAW_NO_PBC,N,373,1,0.14439182802361064
RAW_NO_PBC,N,375,1,0.1448343881818127
RAW_NO_PBC,N,377,1,0.14433987668000794
RAW_NO_PBC,N,379,1,0.14433641259224939
RAW_NO_PBC,N,381,1,0.1445614056378809
RAW_NO_PBC,N,383,1,0.1446167348545798
RAW_NO_PBC,N,385,1,0.14442298985964783
RAW_NO_PBC,N,387,1,0.14461673485458015
RAW_NO_PBC,N,389,1,0.1445614056378809
RAW_NO_PBC,N,391,1,0.1443398766800082
RAW_NO_PBC,N,393,1,0.1443398766800082
RAW_NO_PBC,N,395,1,0.14483438818181255
RAW_NO_PBC,N,397,1,0.1445614056378809
RAW_NO_PBC,N,399,1,0.14442298985964783
RAW_NO_PBC,N,401,1,0.14464093473149287
RAW_NO_PBC,N,403,1,0.1445614056378809
RAW_NO_PBC,N,405,1,0.14433641259224939
RAW_NO_PBC,N,407,1,0.14439182802361064
RAW_NO_PBC,N,409,1,0.14433987668000794
RAW_NO_PBC,N,411,1,0.1445614056378809
RAW_NO_PBC,N,413,1,0.14439182802361064
RAW_NO_PBC,N,415,1,0.14437797615980058
RAW_NO_PBC,N,417,1,0.14439182802361025
RAW_NO_PBC,N,419,1,0.1445614056378809
RAW_NO_PBC,N,421,1,0.14428097587693287
RAW_NO_PBC,N,423,1,0.14500000000000002
RAW_NO_PBC,N,425,1,0.14500000000000002
RAW_NO_PBC,N,427,1,0.14489306401619076
RAW_NO_PBC,N,429,1,0.1448792600754161
RAW_NO_PBC,N,431,1,0.14489306401619112
RAW_NO_PBC,N,433,1,0.14500000000000002
RAW_NO_PBC,N,435,1,0.14484129245487978
RAW_NO_PBC,N,437,1,0.14489306401619115
RAW_NO_PBC,N,439,1,0.1448378403594867
RAW_NO_PBC,N,441,1,0.14500000000000002
RAW_NO_PBC,N,443,1,0.14500000000000002
RAW_NO_PBC,N,445,1,0.14492411807563313
RAW_NO_PBC,N,447,1,0.14500000000000002
RAW_NO_PBC,N,449,1,0.14500000000000002
RAW_NO_PBC,N,451,1,0.14484129245488003
RAW_NO_PBC,N,453,1,0.14484129245488003
RAW_NO_PBC,N,455,1,0.14500000000000002
RAW_NO_PBC,N,457,1,0.14500000000000002
RAW_NO_PBC,N,459,1,0.14492411807563313
RAW_NO_PBC,N,461,1,0.14500000000000002
RAW_NO_PBC,N,463,1,0.14500000000000002
RAW_NO_PBC,N,465,1,0.1448378403594867
RAW_NO_PBC,N,467,1,0.14484129245487978
RAW_NO_PBC,N,469,1,0.14500000000000002
RAW_NO_PBC,N,471,1,0.14489306401619112
RAW_NO_PBC,N,473,1,0.1448792600754161
RAW_NO_PBC,N,475,1,0.14500000000000002
RAW_NO_PBC,N,477,1,0.14489306401619076
RAW_NO_PBC,N,479,1,0.14500000000000002
RAW_NO_PBC,N,481,1,0.14428097587693287
RAW_NO_PBC,N,483,1,0.14499999999999957
RAW_NO_PBC,N,485,1,0.14489306401619076
RAW_NO_PBC,N,487,1,0.14499999999999957
RAW_NO_PBC,N,489,1,0.1448792600754161
RAW_NO_PBC,N,491,1,0.14489306401619112
RAW_NO_PBC,N,493,1,0.14499999999999957
RAW_NO_PBC,N,495,1,0.14484129245487978
RAW_NO_PBC,N,497,1,0.1448378403594867
RAW_NO_PBC,N,499,1,0.14499999999999957
RAW_NO_PBC,N,501,1,0.14499999999999957
RAW_NO_PBC,N,503,1,0.14492411807563313
RAW_NO_PBC,N,505,1,0.14499999999999957
RAW_NO_PBC,N,507,1,0.14499999999999957
RAW_NO_PBC,N,509,1,0.14484129245488003
RAW_NO_PBC,N,511,1,0.14484129245488003
RAW_NO_PBC,N,513,1,0.14499999999999957
RAW_NO_PBC,N,515,1,0.14499999999999957
RAW_NO_PBC,N,517,1,0.14492411807563313
RAW_NO_PBC,N,519,1,0.14499999999999957
RAW_NO_PBC,N,521,1,0.14499999999999957
RAW_NO_PBC,N,523,1,0.1448378403594867
RAW_NO_PBC,N,525,1,0.14489306401619115
RAW_NO_PBC,N,527,1,0.14484129245487978
RAW_NO_PBC,N,529,1,0.14499999999999957
RAW_NO_PBC,N,531,1,0.14489306401619112
RAW_NO_PBC,N,533,1,0.1448792600754161
RAW_NO_PBC,N,535,1,0.14489306401619076
RAW_NO_PBC,N,537,1,0.14499999999999957
RAW_NO_PBC,N,539,1,0.14499999999999957
RAW_NO_PBC,N,541,1,0.14481022063376636
RAW_NO_PBC,N,543,1,0.14456140563788109
RAW_NO_PBC,N,545,1,0.14439182802361047
RAW_NO_PBC,N,547,1,0.1443779761598008
RAW_NO_PBC,N,549,1,0.14439182802361084
RAW_NO_PBC,N,551,1,0.14456140563788109
RAW_NO_PBC,N,553,1,0.14433987668000817
RAW_NO_PBC,N,555,1,0.14439182802361086
RAW_NO_PBC,N,557,1,0.1443364125922496
RAW_NO_PBC,N,559,1,0.14456140563788109
RAW_NO_PBC,N,561,1,0.1446409347314931
RAW_NO_PBC,N,563,1,0.14442298985964805
RAW_NO_PBC,N,565,1,0.14456140563788109
RAW_NO_PBC,N,567,1,0.14483438818181277
RAW_NO_PBC,N,569,1,0.1443398766800084
RAW_NO_PBC,N,571,1,0.1443398766800084
RAW_NO_PBC,N,573,1,0.14456140563788109
RAW_NO_PBC,N,575,1,0.14461673485458038
RAW_NO_PBC,N,577,1,0.14442298985964805
RAW_NO_PBC,N,579,1,0.14461673485458001
RAW_NO_PBC,N,581,1,0.14456140563788109
RAW_NO_PBC,N,583,1,0.1443364125922496
RAW_NO_PBC,N,585,1,0.14433987668000817
RAW_NO_PBC,N,587,1,0.14483438818181293
RAW_NO_PBC,N,589,1,0.14439182802361084
RAW_NO_PBC,N,591,1,0.1443779761598008
RAW_NO_PBC,N,593,1,0.14477568856683093
RAW_NO_PBC,N,595,1,0.14439182802361047
RAW_NO_PBC,N,597,1,0.14481022063376636
RAW_NO_PBC,N,599,1,0.14377760604489156
RAW_NO_PBC,N,601,1,0.14500000000000046
RAW_NO_PBC,N,603,1,0.14489306401619031
RAW_NO_PBC,N,605,1,0.14500000000000046
RAW_NO_PBC,N,607,1,0.14487926007541566
RAW_NO_PBC,N,609,1,0.14489306401619068
RAW_NO_PBC,N,611,1,0.14500000000000046
RAW_NO_PBC,N,613,1,0.14484129245487934
RAW_NO_PBC,N,615,1,0.14483784035948627
RAW_NO_PBC,N,617,1,0.14500000000000046
RAW_NO_PBC,N,619,1,0.14500000000000046
RAW_NO_PBC,N,621,1,0.14492411807563269
RAW_NO_PBC,N,623,1,0.14500000000000046
RAW_NO_PBC,N,625,1,0.14500000000000046
RAW_NO_PBC,N,627,1,0.14484129245487956
RAW_NO_PBC,N,629,1,0.14484129245487956
RAW_NO_PBC,N,631,1,0.14500000000000046
RAW_NO_PBC,N,633,1,0.14500000000000046
RAW_NO_PBC,N,635,1,0.14492411807563269
RAW_NO_PBC,N,637,1,0.14500000000000046
RAW_NO_PBC,N,639,1,0.14500000000000046
RAW_NO_PBC,N,641,1,0.14483784035948627
RAW_NO_PBC,N,643,1,0.1448930640161907
RAW_NO_PBC,N,645,1,0.14484129245487934
RAW_NO_PBC,N,647,1,0.14500000000000046
RAW_NO_PBC,N,649,1,0.14489306401619068
RAW_NO_PBC,N,651,1,0.14487926007541566
RAW_NO_PBC,N,653,1,0.14489306401619031
RAW_NO_PBC,N,655,1,0.14500000000000046
RAW_NO_PBC,N,657,1,0.14500000000000046
RAW_NO_PBC,N,659,1,0.14428097587693242
RAW_NO_PBC,N,661,1,0.14400000000000013
RAW_NO_PBC,N,663,1,0.14400000000000013
RAW_NO_PBC,N,665,1,0.14400000000000013
RAW_NO_PBC,N,667,1,0.14400000000000013
RAW_NO_PBC,N,669,1,0.14400000000000013
RAW_NO_PBC,N,671,1,0.14400000000000013
RAW_NO_PBC,N,673,1,0.14400000000000013
RAW_NO_PBC,N,675,1,0.14400000000000013
RAW_NO_PBC,N,677,1,0.14400000000000013
RAW_NO_PBC,N,679,1,0.14400000000000013
RAW_NO_PBC,N,681,1,0.14400000000000013
RAW_NO_PBC,N,683,1,0.14400000000000013
RAW_NO_PBC,N,685,1,0.14400000000000013
RAW_NO_PBC,N,687,1,0.14400000000000013
RAW_NO_PBC,N,689,1,0.14400000000000013
RAW_NO_PBC,N,691,1,0.14400000000000013
RAW_NO_PBC,N,693,1,0.14400000000000013
RAW_NO_PBC,N,695,1,0.14400000000000013
RAW_NO_PBC,N,697,1,0.14400000000000013
RAW_NO_PBC,N,699,1,0.14400000000000013
RAW_NO_PBC,N,701,1,0.14400000000000013
RAW_NO_PBC,N,703,1,0.14400000000000013
RAW_NO_PBC,N,705,1,0.14400000000000013
RAW_NO_PBC,N,707,1,0.14400000000000013
RAW_NO_PBC,N,709,1,0.14400000000000013
RAW_NO_PBC,N,711,1,0.14400000000000013
RAW_NO_PBC,N,713,1,0.14400000000000013
RAW_NO_PBC,N,715,1,0.14400000000000013
RAW_NO_PBC,N,717,1,0.14400000000000013
RAW_NO_PBC,N,719,1,0.14400000000000013
RAW_NO_PBC,N,721,1,0.14439182802361047
RAW_NO_PBC,N,723,1,0.14477568856683093
RAW_NO_PBC,N,725,1,0.1443779761598008
RAW_NO_PBC,N,727,1,0.14439182802361084
RAW_NO_PBC,N,729,1,0.14483438818181293
RAW_NO_PBC,N,731,1,0.14433987668000817
RAW_NO_PBC,N,733,1,0.1443364125922496
RAW_NO_PBC,N,735,1,0.14456140563788109
RAW_NO_PBC,N,737,1,0.14461673485458001
RAW_NO_PBC,N,739,1,0.14442298985964805
RAW_NO_PBC,N,741,1,0.14461673485458038
RAW_NO_PBC,N,743,1,0.14456140563788109
RAW_NO_PBC,N,745,1,0.1443398766800084
RAW_NO_PBC,N,747,1,0.1443398766800084
RAW_NO_PBC,N,749,1,0.14483438818181277
RAW_NO_PBC,N,751,1,0.14456140563788109
RAW_NO_PBC,N,753,1,0.14442298985964805
RAW_NO_PBC,N,755,1,0.1446409347314931
RAW_NO_PBC,N,757,1,0.14456140563788109
RAW_NO_PBC,N,759,1,0.1443364125922496
RAW_NO_PBC,N,761,1,0.14439182802361086
RAW_NO_PBC,N,763,1,0.14433987668000817
RAW_NO_PBC,N,765,1,0.14456140563788109
RAW_NO_PBC,N,767,1,0.14439182802361084
RAW_NO_PBC,N,769,1,0.1443779761598008
RAW_NO_PBC,N,771,1,0.14439182802361047
RAW_NO_PBC,N,773,1,0.14456140563788109
RAW_NO_PBC,N,775,1,0.14481022063376636
RAW_NO_PBC,N,777,1,0.14377760604489156
RAW_NO_PBC,N,779,1,0.14481022063376636
RAW_NO_PBC,N,781,1,0.14439182802361047
RAW_NO_PBC,N,783,1,0.1443779761598008
RAW_NO_PBC,N,785,1,0.14439182802361084
RAW_NO_PBC,N,787,1,0.14456140563788109
RAW_NO_PBC,N,789,1,0.14433987668000817
RAW_NO_PBC,N,791,1,0.14439182802361086
RAW_NO_PBC,N,793,1,0.1443364125922496
RAW_NO_PBC,N,795,1,0.14456140563788109
RAW_NO_PBC,N,797,1,0.1446409347314931
RAW_NO_PBC,N,799,1,0.14442298985964805
RAW_NO_PBC,N,801,1,0.14456140563788109
RAW_NO_PBC,N,803,1,0.14483438818181277
RAW_NO_PBC,N,805,1,0.1443398766800084
RAW_NO_PBC,N,807,1,0.1443398766800084
RAW_NO_PBC,N,809,1,0.14456140563788109
RAW_NO_PBC,N,811,1,0.14461673485458038
RAW_NO_PBC,N,813,1,0.14442298985964805
RAW_NO_PBC,N,815,1,0.14461673485458001
RAW_NO_PBC,N,817,1,0.14456140563788109
RAW_NO_PBC,N,819,1,0.1443364125922496
RAW_NO_PBC,N,821,1,0.14433987668000817
RAW_NO_PBC,N,823,1,0.14483438818181293
RAW_NO_PBC,N,825,1,0.14439182802361084
RAW_NO_PBC,N,827,1,0.1443779761598008
RAW_NO_PBC,N,829,1,0.14477568856683093
RAW_NO_PBC,N,831,1,0.14439182802361047
RAW_NO_PBC,N,833,1,0.14481022063376636
RAW_NO_PBC,N,835,1,0.14377760604489156
RAW_NO_PBC,N,837,1,0.14481022063376636
RAW_NO_PBC,N,839,1,0.14456140563788109
RAW_NO_PBC,N,841,1,0.14500000000000046
RAW_NO_PBC,N,843,1,0.14487926007541566
RAW_NO_PBC,N,845,1,0.14489306401619068
RAW_NO_PBC,N,847,1,0.14500000000000046
RAW_NO_PBC,N,849,1,0.14484129245487934
RAW_NO_PBC,N,851,1,0.14483784035948627
RAW_NO_PBC,N,853,1,0.14500000000000046
RAW_NO_PBC,N,855,1,0.14500000000000046
RAW_NO_PBC,N,857,1,0.14492411807563269
RAW_NO_PBC,N,859,1,0.14500000000000046
RAW_NO_PBC,N,861,1,0.14500000000000046
RAW_NO_PBC,N,863,1,0.14484129245487956
RAW_NO_PBC,N,865,1,0.14484129245487956
RAW_NO_PBC,N,867,1,0.14500000000000046
RAW_NO_PBC,N,869,1,0.14500000000000046
RAW_NO_PBC,N,871,1,0.14492411807563269
RAW_NO_PBC,N,873,1,0.14500000000000046
RAW_NO_PBC,N,875,1,0.14500000000000046
RAW_NO_PBC,N,877,1,0.14483784035948627
RAW_NO_PBC,N,879,1,0.1448930640161907
RAW_NO_PBC,N,881,1,0.14484129245487934
RAW_NO_PBC,N,883,1,0.14500000000000046
RAW_NO_PBC,N,885,1,0.14489306401619068
RAW_NO_PBC,N,887,1,0.14487926007541566
RAW_NO_PBC,N,889,1,0.14489306401619031
RAW_NO_PBC,N,891,1,0.14500000000000046
RAW_NO_PBC,N,893,1,0.14500000000000046
RAW_NO_PBC,N,895,1,0.14428097587693242
RAW_NO_PBC,N,897,1,0.14500000000000046
RAW_NO_PBC,N,899,1,0.14489306401619031
RAW_NO_PBC,N,901,1,0.1443779761598008
RAW_NO_PBC,N,903,1,0.14439182802361084
RAW_NO_PBC,N,905,1,0.14456140563788109
RAW_NO_PBC,N,907,1,0.14433987668000817
RAW_NO_PBC,N,909,1,0.14439182802361086
RAW_NO_PBC,N,911,1,0.1443364125922496
RAW_NO_PBC,N,913,1,0.14456140563788109
RAW_NO_PBC,N,915,1,0.1446409347314931
RAW_NO_PBC,N,917,1,0.14442298985964805
RAW_NO_PBC,N,919,1,0.14456140563788109
RAW_NO_PBC,N,921,1,0.14483438818181277
RAW_NO_PBC,N,923,1,0.1443398766800084
RAW_NO_PBC,N,925,1,0.1443398766800084
RAW_NO_PBC,N,927,1,0.14456140563788109
RAW_NO_PBC,N,929,1,0.14461673485458038
RAW_NO_PBC,N,931,1,0.14442298985964805
RAW_NO_PBC,N,933,1,0.14461673485458001
RAW_NO_PBC,N,935,1,0.14456140563788109
RAW_NO_PBC,N,937,1,0.1443364125922496
RAW_NO_PBC,N,939,1,0.14433987668000817
RAW_NO_PBC,N,941,1,0.14483438818181293
RAW_NO_PBC,N,943,1,0.14439182802361084
RAW_NO_PBC,N,945,1,0.1443779761598008
RAW_NO_PBC,N,947,1,0.14477568856683093
RAW_NO_PBC,N,949,1,0.14439182802361047
RAW_NO_PBC,N,951,1,0.14481022063376636
RAW_NO_PBC,N,953,1,0.14377760604489156
RAW_NO_PBC,N,955,1,0.14481022063376636
RAW_NO_PBC,N,957,1,0.14456140563788109
RAW_NO_PBC,N,959,1,0.14439182802361047
RAW_NO_PBC,N,961,1,0.1443779761598008
RAW_NO_PBC,N,963,1,0.14439182802361084
RAW_NO_PBC,N,965,1,0.14483438818181293
RAW_NO_PBC,N,967,1,0.14433987668000817
RAW_NO_PBC,N,969,1,0.1443364125922496
RAW_NO_PBC,N,971,1,0.14456140563788109
RAW_NO_PBC,N,973,1,0.14461673485458001
RAW_NO_PBC,N,975,1,0.14442298985964805
RAW_NO_PBC,N,977,1,0.14461673485458038
RAW_NO_PBC,N,979,1,0.14456140563788109
RAW_NO_PBC,N,981,1,0.1443398766800084
RAW_NO_PBC,N,983,1,0.1443398766800084
RAW_NO_PBC,N,985,1,0.14483438818181277
RAW_NO_PBC,N,987,1,0.14456140563788109
RAW_NO_PBC,N,989,1,0.14442298985964805
RAW_NO_PBC,N,991,1,0.1446409347314931
RAW_NO_PBC,N,993,1,0.14456140563788109
RAW_NO_PBC,N,995,1,0.1443364125922496
RAW_NO_PBC,N,997,1,0.14439182802361086
RAW_NO_PBC,N,999,1,0.14433987668000817
RAW_NO_PBC,N,1001,1,0.14456140563788109
RAW_NO_PBC,N,1003,1,0.14439182802361084
RAW_NO_PBC,N,1005,1,0.1443779761598008
RAW_NO_PBC,N,1007,1,0.14439182802361047
RAW_NO_PBC,N,1009,1,0.14456140563788109
RAW_NO_PBC,N,1011,1,0.14481022063376636
RAW_NO_PBC,N,1013,1,0.14377760604489156
RAW_NO_PBC,N,1015,1,0.14481022063376636
RAW_NO_PBC,N,1017,1,0.14439182802361047
RAW_NO_PBC,N,1019,1,0.14477568856683093
RAW_NO_PBC,N,1021,1,0.14489306401619112
RAW_NO_PBC,N,1023,1,0.14499999999999957
RAW_NO_PBC,N,1025,1,0.14484129245487978
RAW_NO_PBC,N,1027,1,0.14489306401619115
RAW_NO_PBC,N,1029,1,0.1448378403594867
RAW_NO_PBC,N,1031,1,0.14499999999999957
RAW_NO_PBC,N,1033,1,0.14499999999999957
RAW_NO_PBC,N,1035,1,0.14492411807563313
RAW_NO_PBC,N,1037,1,0.14499999999999957
RAW_NO_PBC,N,1039,1,0.14499999999999957
RAW_NO_PBC,N,1041,1,0.14484129245488003
RAW_NO_PBC,N,1043,1,0.14484129245488003
RAW_NO_PBC,N,1045,1,0.14499999999999957
RAW_NO_PBC,N,1047,1,0.14499999999999957
RAW_NO_PBC,N,1049,1,0.14492411807563313
RAW_NO_PBC,N,1051,1,0.14499999999999957
RAW_NO_PBC,N,1053,1,0.14499999999999957
RAW_NO_PBC,N,1055,1,0.1448378403594867
RAW_NO_PBC,N,1057,1,0.14484129245487978
RAW_NO_PBC,N,1059,1,0.14499999999999957
RAW_NO_PBC,N,1061,1,0.14489306401619112
RAW_NO_PBC,N,1063,1,0.1448792600754161
RAW_NO_PBC,N,1065,1,0.14499999999999957
RAW_NO_PBC,N,1067,1,0.14489306401619076
RAW_NO_PBC,N,1069,1,0.14499999999999957
RAW_NO_PBC,N,1071,1,0.14428097587693287
RAW_NO_PBC,N,1073,1,0.14499999999999957
RAW_NO_PBC,N,1075,1,0.14499999999999957
RAW_NO_PBC,N,1077,1,0.14489306401619076
RAW_NO_PBC,N,1079,1,0.1448792600754161
RAW_NO_PBC,N,1081,1,0.14489306401619112
RAW_NO_PBC,N,1083,1,0.14499999999999957
RAW_NO_PBC,N,1085,1,0.14484129245487978
RAW_NO_PBC,N,1087,1,0.1448378403594867
RAW_NO_PBC,N,1089,1,0.14499999999999957
RAW_NO_PBC,N,1091,1,0.14499999999999957
RAW_NO_PBC,N,1093,1,0.14492411807563313
RAW_NO_PBC,N,1095,1,0.14499999999999957
RAW_NO_PBC,N,1097,1,0.14499999999999957
RAW_NO_PBC,N,1099,1,0.14484129245488003
RAW_NO_PBC,N,1101,1,0.14484129245488003
RAW_NO_PBC,N,1103,1,0.14499999999999957
RAW_NO_PBC,N,1105,1,0.14499999999999957
RAW_NO_PBC,N,1107,1,0.14492411807563313
RAW_NO_PBC,N,1109,1,0.14499999999999957
RAW_NO_PBC,N,1111,1,0.14499999999999957
RAW_NO_PBC,N,1113,1,0.1448378403594867
RAW_NO_PBC,N,1115,1,0.14489306401619115
RAW_NO_PBC,N,1117,1,0.14484129245487978
RAW_NO_PBC,N,1119,1,0.14499999999999957
RAW_NO_PBC,N,1121,1,0.14489306401619112
RAW_NO_PBC,N,1123,1,0.1448792600754161
RAW_NO_PBC,N,1125,1,0.14489306401619076
RAW_NO_PBC,N,1127,1,0.14499999999999957
RAW_NO_PBC,N,1129,1,0.14499999999999957
RAW_NO_PBC,N,1131,1,0.14428097587693287
RAW_NO_PBC,N,1133,1,0.14499999999999957
RAW_NO_PBC,N,1135,1,0.14489306401619076
RAW_NO_PBC,N,1137,1,0.14499999999999957
RAW_NO_PBC,N,1139,1,0.1448792600754161
RAW_NO_PBC,N,1141,1,0.14400000000000013
RAW_NO_PBC,N,1143,1,0.14400000000000013
RAW_NO_PBC,N,1145,1,0.14400000000000013
RAW_NO_PBC,N,1147,1,0.14400000000000013
RAW_NO_PBC,N,1149,1,0.14400000000000013
RAW_NO_PBC,N,1151,1,0.14400000000000013
RAW_NO_PBC,N,1153,1,0.14400000000000013
RAW_NO_PBC,N,1155,1,0.14400000000000013
RAW_NO_PBC,N,1157,1,0.14400000000000013
RAW_NO_PBC,N,1159,1,0.14400000000000013
RAW_NO_PBC,N,1161,1,0.14400000000000013
RAW_NO_PBC,N,1163,1,0.14400000000000013
RAW_NO_PBC,N,1165,1,0.14400000000000013
RAW_NO_PBC,N,1167,1,0.14400000000000013
RAW_NO_PBC,N,1169,1,0.14400000000000013
RAW_NO_PBC,N,1171,1,0.14400000000000013
RAW_NO_PBC,N,1173,1,0.14400000000000013
RAW_NO_PBC,N,1175,1,0.14400000000000013
RAW_NO_PBC,N,1177,1,0.14400000000000013
RAW_NO_PBC,N,1179,1,0.14400000000000013
RAW_NO_PBC,N,1181,1,0.14400000000000013
RAW_NO_PBC,N,1183,1,0.14400000000000013
RAW_NO_PBC,N,1185,1,0.14400000000000013
RAW_NO_PBC,N,1187,1,0.14400000000000013
RAW_NO_PBC,N,1189,1,0.14400000000000013
RAW_NO_PBC,N,1191,1,0.14400000000000013
RAW_NO_PBC,N,1193,1,0.14400000000000013
RAW_NO_PBC,N,1195,1,0.14400000000000013
RAW_NO_PBC,N,1197,1,0.14400000000000013
RAW_NO_PBC,N,1199,1,0.14400000000000013
RAW_NO_PBC,N,1201,1,0.14483438818181293
RAW_NO_PBC,N,1203,1,0.14433987668000817
RAW_NO_PBC,N,1205,1,0.1443364125922496
RAW_NO_PBC,N,1207,1,0.14456140563788109
RAW_NO_PBC,N,1209,1,0.14461673485458001
RAW_NO_PBC,N,1211,1,0.14442298985964805
RAW_NO_PBC,N,1213,1,0.14461673485458038
RAW_NO_PBC,N,1215,1,0.14456140563788109
RAW_NO_PBC,N,1217,1,0.1443398766800084
RAW_NO_PBC,N,1219,1,0.1443398766800084
RAW_NO_PBC,N,1221,1,0.14483438818181277
RAW_NO_PBC,N,1223,1,0.14456140563788109
RAW_NO_PBC,N,1225,1,0.14442298985964805
RAW_NO_PBC,N,1227,1,0.1446409347314931
RAW_NO_PBC,N,1229,1,0.14456140563788109
RAW_NO_PBC,N,1231,1,0.1443364125922496
RAW_NO_PBC,N,1233,1,0.14439182802361086
RAW_NO_PBC,N,1235,1,0.14433987668000817
RAW_NO_PBC,N,1237,1,0.14456140563788109
RAW_NO_PBC,N,1239,1,0.14439182802361084
RAW_NO_PBC,N,1241,1,0.1443779761598008
RAW_NO_PBC,N,1243,1,0.14439182802361047
RAW_NO_PBC,N,1245,1,0.14456140563788109
RAW_NO_PBC,N,1247,1,0.14481022063376636
RAW_NO_PBC,N,1249,1,0.14377760604489156
RAW_NO_PBC,N,1251,1,0.14481022063376636
RAW_NO_PBC,N,1253,1,0.14439182802361047
RAW_NO_PBC,N,1255,1,0.14477568856683093
RAW_NO_PBC,N,1257,1,0.1443779761598008
RAW_NO_PBC,N,1259,1,0.14439182802361084
RAW_NO_PBC,N,1261,1,0.14433987668000817
RAW_NO_PBC,N,1263,1,0.14439182802361086
RAW_NO_PBC,N,1265,1,0.1443364125922496
RAW_NO_PBC,N,1267,1,0.14456140563788109
RAW_NO_PBC,N,1269,1,0.1446409347314931
RAW_NO_PBC,N,1271,1,0.14442298985964805
RAW_NO_PBC,N,1273,1,0.14456140563788109
RAW_NO_PBC,N,1275,1,0.14483438818181277
RAW_NO_PBC,N,1277,1,0.1443398766800084
RAW_NO_PBC,N,1279,1,0.1443398766800084
RAW_NO_PBC,N,1281,1,0.14456140563788109
RAW_NO_PBC,N,1283,1,0.14461673485458038
RAW_NO_PBC,N,1285,1,0.14442298985964805
RAW_NO_PBC,N,1287,1,0.14461673485458001
RAW_NO_PBC,N,1289,1,0.14456140563788109
RAW_NO_PBC,N,1291,1,0.1443364125922496
RAW_NO_PBC,N,1293,1,0.14433987668000817
RAW_NO_PBC,N,1295,1,0.14483438818181293
RAW_NO_PBC,N,1297,1,0.14439182802361084
RAW_NO_PBC,N,1299,1,0.1443779761598008
RAW_NO_PBC,N,1301,1,0.14477568856683093
RAW_NO_PBC,N,1303,1,0.14439182802361047
RAW_NO_PBC,N,1305,1,0.14481022063376636
RAW_NO_PBC,N,1307,1,0.14377760604489156
RAW_NO_PBC,N,1309,1,0.14481022063376636
RAW_NO_PBC,N,1311,1,0.14456140563788109
RAW_NO_PBC,N,1313,1,0.14439182802361047
RAW_NO_PBC,N,1315,1,0.1443779761598008
RAW_NO_PBC,N,1317,1,0.14439182802361084
RAW_NO_PBC,N,1319,1,0.14456140563788109
RAW_NO_PBC,N,1321,1,0.14433987668000817
RAW_NO_PBC,N,1323,1,0.1443364125922496
RAW_NO_PBC,N,1325,1,0.14456140563788109
RAW_NO_PBC,N,1327,1,0.14461673485458001
RAW_NO_PBC,N,1329,1,0.14442298985964805
RAW_NO_PBC,N,1331,1,0.14461673485458038
RAW_NO_PBC,N,1333,1,0.14456140563788109
RAW_NO_PBC,N,1335,1,0.1443398766800084
RAW_NO_PBC,N,1337,1,0.1443398766800084
RAW_NO_PBC,N,1339,1,0.14483438818181277
RAW_NO_PBC,N,1341,1,0.14456140563788109
RAW_NO_PBC,N,1343,1,0.14442298985964805
RAW_NO_PBC,N,1345,1,0.1446409347314931
RAW_NO_PBC,N,1347,1,0.14456140563788109
RAW_NO_PBC,N,1349,1,0.1443364125922496
RAW_NO_PBC,N,1351,1,0.14439182802361086
RAW_NO_PBC,N,1353,1,0.14433987668000817
RAW_NO_PBC,N,1355,1,0.14456140563788109
RAW_NO_PBC,N,1357,1,0.14439182802361084
RAW_NO_PBC,N,1359,1,0.1443779761598008
RAW_NO_PBC,N,1361,1,0.14439182802361047
RAW_NO_PBC,N,1363,1,0.14456140563788109
RAW_NO_PBC,N,1365,1,0.14481022063376636
RAW_NO_PBC,N,1367,1,0.14377760604489156
RAW_NO_PBC,N,1369,1,0.14481022063376636
RAW_NO_PBC,N,1371,1,0.14439182802361047
RAW_NO_PBC,N,1373,1,0.14477568856683093
RAW_NO_PBC,N,1375,1,0.1443779761598008
RAW_NO_PBC,N,1377,1,0.14439182802361084
RAW_NO_PBC,N,1379,1,0.14483438818181293
RAW_NO_PBC,N,1381,1,0.1448930640161907
RAW_NO_PBC,N,1383,1,0.14483784035948627
RAW_NO_PBC,N,1385,1,0.14500000000000046
RAW_NO_PBC,N,1387,1,0.14500000000000046
RAW_NO_PBC,N,1389,1,0.14492411807563269
RAW_NO_PBC,N,1391,1,0.14500000000000046
RAW_NO_PBC,N,1393,1,0.14500000000000046
RAW_NO_PBC,N,1395,1,0.14484129245487956
RAW_NO_PBC,N,1397,1,0.14484129245487956
RAW_NO_PBC,N,1399,1,0.14500000000000046
RAW_NO_PBC,N,1401,1,0.14500000000000046
RAW_NO_PBC,N,1403,1,0.14492411807563269
RAW_NO_PBC,N,1405,1,0.14500000000000046
RAW_NO_PBC,N,1407,1,0.14500000000000046
RAW_NO_PBC,N,1409,1,0.14483784035948627
RAW_NO_PBC,N,1411,1,0.14484129245487934
RAW_NO_PBC,N,1413,1,0.14500000000000046
RAW_NO_PBC,N,1415,1,0.14489306401619068
RAW_NO_PBC,N,1417,1,0.14487926007541566
RAW_NO_PBC,N,1419,1,0.14500000000000046
RAW_NO_PBC,N,1421,1,0.14489306401619031
RAW_NO_PBC,N,1423,1,0.14500000000000046
RAW_NO_PBC,N,1425,1,0.14428097587693242
RAW_NO_PBC,N,1427,1,0.14500000000000046
RAW_NO_PBC,N,1429,1,0.14500000000000046
RAW_NO_PBC,N,1431,1,0.14489306401619031
RAW_NO_PBC,N,1433,1,0.14487926007541566
RAW_NO_PBC,N,1435,1,0.14489306401619068
RAW_NO_PBC,N,1437,1,0.14500000000000046
RAW_NO_PBC,N,1439,1,0.14484129245487934
RAW_NO_PBC,N,1441,1,0.14483784035948627
RAW_NO_PBC,N,1443,1,0.14500000000000046
RAW_NO_PBC,N,1445,1,0.14500000000000046
RAW_NO_PBC,N,1447,1,0.14492411807563269
RAW_NO_PBC,N,1449,1,0.14500000000000046
RAW_NO_PBC,N,1451,1,0.14500000000000046
RAW_NO_PBC,N,1453,1,0.14484129245487956
RAW_NO_PBC,N,1455,1,0.14484129245487956
RAW_NO_PBC,N,1457,1,0.14500000000000046
RAW_NO_PBC,N,1459,1,0.14500000000000046
RAW_NO_PBC,N,1461,1,0.14492411807563269
RAW_NO_PBC,N,1463,1,0.14500000000000046
RAW_NO_PBC,N,1465,1,0.14500000000000046
RAW_NO_PBC,N,1467,1,0.14483784035948627
RAW_NO_PBC,N,1469,1,0.1448930640161907
RAW_NO_PBC,N,1471,1,0.14484129245487934
RAW_NO_PBC,N,1473,1,0.14500000000000046
RAW_NO_PBC,N,1475,1,0.14489306401619068
RAW_NO_PBC,N,1477,1,0.14487926007541566
RAW_NO_PBC,N,1479,1,0.14489306401619031
RAW_NO_PBC,N,1481,1,0.14500000000000046
RAW_NO_PBC,N,1483,1,0.14500000000000046
RAW_NO_PBC,N,1485,1,0.14428097587693242
RAW_NO_PBC,N,1487,1,0.14500000000000046
RAW_NO_PBC,N,1489,1,0.14489306401619031
RAW_NO_PBC,N,1491,1,0.14500000000000046
RAW_NO_PBC,N,1493,1,0.14487926007541566
RAW_NO_PBC,N,1495,1,0.14489306401619068
RAW_NO_PBC,N,1497,1,0.14500000000000046
RAW_NO_PBC,N,1499,1,0.14484129245487934
RAW_NO_PBC,N,1501,1,0.1443364125922496
RAW_NO_PBC,N,1503,1,0.14456140563788109
RAW_NO_PBC,N,1505,1,0.1446409347314931
RAW_NO_PBC,N,1507,1,0.14442298985964805
RAW_NO_PBC,N,1509,1,0.14456140563788109
RAW_NO_PBC,N,1511,1,0.14483438818181277
RAW_NO_PBC,N,1513,1,0.1443398766800084
RAW_NO_PBC,N,1515,1,0.1443398766800084
RAW_NO_PBC,N,1517,1,0.14456140563788109
RAW_NO_PBC,N,1519,1,0.14461673485458038
RAW_NO_PBC,N,1521,1,0.14442298985964805
RAW_NO_PBC,N,1523,1,0.14461673485458001
RAW_NO_PBC,N,1525,1,0.14456140563788109
RAW_NO_PBC,N,1527,1,0.1443364125922496
RAW_NO_PBC,N,1529,1,0.14433987668000817
RAW_NO_PBC,N,1531,1,0.14483438818181293
RAW_NO_PBC,N,1533,1,0.14439182802361084
RAW_NO_PBC,N,1535,1,0.1443779761598008
RAW_NO_PBC,N,1537,1,0.14477568856683093
RAW_NO_PBC,N,1539,1,0.14439182802361047
RAW_NO_PBC,N,1541,1,0.14481022063376636
RAW_NO_PBC,N,1543,1,0.14377760604489156
RAW_NO_PBC,N,1545,1,0.14481022063376636
RAW_NO_PBC,N,1547,1,0.14456140563788109
RAW_NO_PBC,N,1549,1,0.14439182802361047
RAW_NO_PBC,N,1551,1,0.1443779761598008
RAW_NO_PBC,N,1553,1,0.14439182802361084
RAW_NO_PBC,N,1555,1,0.14456140563788109
RAW_NO_PBC,N,1557,1,0.14433987668000817
RAW_NO_PBC,N,1559,1,0.14439182802361086
RAW_NO_PBC,N,1561,1,0.14499999999999957
RAW_NO_PBC,N,1563,1,0.14499999999999957
RAW_NO_PBC,N,1565,1,0.14492411807563313
RAW_NO_PBC,N,1567,1,0.14499999999999957
RAW_NO_PBC,N,1569,1,0.14499999999999957
RAW_NO_PBC,N,1571,1,0.14484129245488003
RAW_NO_PBC,N,1573,1,0.14484129245488003
RAW_NO_PBC,N,1575,1,0.14499999999999957
RAW_NO_PBC,N,1577,1,0.14499999999999957
RAW_NO_PBC,N,1579,1,0.14492411807563313
RAW_NO_PBC,N,1581,1,0.14499999999999957
RAW_NO_PBC,N,1583,1,0.14499999999999957
RAW_NO_PBC,N,1585,1,0.1448378403594867
RAW_NO_PBC,N,1587,1,0.14489306401619115
RAW_NO_PBC,N,1589,1,0.14484129245487978
RAW_NO_PBC,N,1591,1,0.14499999999999957
RAW_NO_PBC,N,1593,1,0.14489306401619112
RAW_NO_PBC,N,1595,1,0.1448792600754161
RAW_NO_PBC,N,1597,1,0.14489306401619076
RAW_NO_PBC,N,1599,1,0.14499999999999957
RAW_NO_PBC,N,1601,1,0.14499999999999957
RAW_NO_PBC,N,1603,1,0.14428097587693287
RAW_NO_PBC,N,1605,1,0.14499999999999957
RAW_NO_PBC,N,1607,1,0.14489306401619076
RAW_NO_PBC,N,1609,1,0.14499999999999957
RAW_NO_PBC,N,1611,1,0.1448792600754161
RAW_NO_PBC,N,1613,1,0.14489306401619112
RAW_NO_PBC,N,1615,1,0.14499999999999957
RAW_NO_PBC,N,1617,1,0.14484129245487978
RAW_NO_PBC,N,1619,1,0.1448378403594867
RAW_NO_PBC,N,1621,1,0.14500000000000046
RAW_NO_PBC,N,1623,1,0.14500000000000046
RAW_NO_PBC,N,1625,1,0.14500000000000046
RAW_NO_PBC,N,1627,1,0.14500000000000046
RAW_NO_PBC,N,1629,1,0.14500000000000046
RAW_NO_PBC,N,1631,1,0.14500000000000046
RAW_NO_PBC,N,1633,1,0.14500000000000046
RAW_NO_PBC,N,1635,1,0.14500000000000046
RAW_NO_PBC,N,1637,1,0.14500000000000046
RAW_NO_PBC,N,1639,1,0.14500000000000046
RAW_NO_PBC,N,1641,1,0.14500000000000046
RAW_NO_PBC,N,1643,1,0.14500000000000046
RAW_NO_PBC,N,1645,1,0.14500000000000046
RAW_NO_PBC,N,1647,1,0.14500000000000046
RAW_NO_PBC,N,1649,1,0.14500000000000046
RAW_NO_PBC,N,1651,1,0.14500000000000046
RAW_NO_PBC,N,1653,1,0.14500000000000046
RAW_NO_PBC,N,1655,1,0.14500000000000046
RAW_NO_PBC,N,1657,1,0.14500000000000046
RAW_NO_PBC,N,1659,1,0.14500000000000046
RAW_NO_PBC,N,1661,1,0.14500000000000046
RAW_NO_PBC,N,1663,1,0.14500000000000046
RAW_NO_PBC,N,1665,1,0.14500000000000046
RAW_NO_PBC,N,1667,1,0.14500000000000046
RAW_NO_PBC,N,1669,1,0.14500000000000046
RAW_NO_PBC,N,1671,1,0.14500000000000046
RAW_NO_PBC,N,1673,1,0.14500000000000046
RAW_NO_PBC,N,1675,1,0.14500000000000046
RAW_NO_PBC,N,1677,1,0.14500000000000046
RAW_NO_PBC,N,1679,1,0.14500000000000046
RAW_NO_PBC,N,1,2,0.14500000000000002
RAW_NO_PBC,N,3,2,0.14477568856683093
RAW_NO_PBC,N,5,2,0.14483438818181293
RAW_NO_PBC,N,7,2,0.14500000000000002
RAW_NO_PBC,N,9,2,0.14500000000000002
RAW_NO_PBC,N,11,2,0.14483438818181293
RAW_NO_PBC,N,13,2,0.14456140563788109
RAW_NO_PBC,N,15,2,0.14500000000000002
RAW_NO_PBC,N,17,2,0.14477568856683093
RAW_NO_PBC,N,19,2,0.14456140563788109
RAW_NO_PBC,N,21,2,0.14500000000000002
RAW_NO_PBC,N,23,2,0.14439182802361086
RAW_NO_PBC,N,25,2,0.14500000000000002
RAW_NO_PBC,N,27,2,0.14483438818181277
RAW_NO_PBC,N,29,2,0.1446409347314931
RAW_NO_PBC,N,31,2,0.14500000000000002
RAW_NO_PBC,N,33,2,0.1446409347314931
RAW_NO_PBC,N,35,2,0.14483438818181277
RAW_NO_PBC,N,37,2,0.14500000000000002
RAW_NO_PBC,N,39,2,0.14500000000000002
RAW_NO_PBC,N,41,2,0.14500000000000002
RAW_NO_PBC,N,43,2,0.14461673485458038
RAW_NO_PBC,N,45,2,0.1446409347314931
RAW_NO_PBC,N,47,2,0.14500000000000002
RAW_NO_PBC,N,49,2,0.14461673485458001
RAW_NO_PBC,N,51,2,0.14483438818181277
RAW_NO_PBC,N,53,2,0.14500000000000002
RAW_NO_PBC,N,55,2,0.14500000000000002
RAW_NO_PBC,N,57,2,0.14483438818181293
RAW_NO_PBC,N,59,2,0.14477568856683093
RAW_NO_PBC,N,61,2,0.14527560015363902
RAW_NO_PBC,N,63,2,0.14500000000000002
RAW_NO_PBC,N,65,2,0.14531001341958535
RAW_NO_PBC,N,67,2,0.14500000000000002
RAW_NO_PBC,N,69,2,0.14531001341958535
RAW_NO_PBC,N,71,2,0.1450620556865233
RAW_NO_PBC,N,73,2,0.14500000000000002
RAW_NO_PBC,N,75,2,0.14500000000000002
RAW_NO_PBC,N,77,2,0.14500000000000002
RAW_NO_PBC,N,79,2,0.1450620556865233
RAW_NO_PBC,N,81,2,0.14500000000000002
RAW_NO_PBC,N,83,2,0.14500000000000002
RAW_NO_PBC,N,85,2,0.14500000000000002
RAW_NO_PBC,N,87,2,0.1450620556865233
RAW_NO_PBC,N,89,2,0.14514131045295142
RAW_NO_PBC,N,91,2,0.14500000000000002
RAW_NO_PBC,N,93,2,0.1450620556865233
RAW_NO_PBC,N,95,2,0.14533409785731635
RAW_NO_PBC,N,97,2,0.14500000000000002
RAW_NO_PBC,N,99,2,0.14500000000000002
RAW_NO_PBC,N,101,2,0.1450620556865233
RAW_NO_PBC,N,103,2,0.1451171940191788
RAW_NO_PBC,N,105,2,0.14500000000000002
RAW_NO_PBC,N,107,2,0.14511719401917844
RAW_NO_PBC,N,109,2,0.1450620556865233
RAW_NO_PBC,N,111,2,0.14500000000000002
RAW_NO_PBC,N,113,2,0.14489306401619093
RAW_NO_PBC,N,115,2,0.14533409785731655
RAW_NO_PBC,N,117,2,0.14500000000000002
RAW_NO_PBC,N,119,2,0.14500000000000002
RAW_NO_PBC,N,121,2,0.14477568856683093
RAW_NO_PBC,N,123,2,0.14483438818181293
RAW_NO_PBC,N,125,2,0.14500000000000002
RAW_NO_PBC,N,127,2,0.14500000000000002
RAW_NO_PBC,N,129,2,0.14483438818181293
RAW_NO_PBC,N,131,2,0.14456140563788109
RAW_NO_PBC,N,133,2,0.14500000000000002
RAW_NO_PBC,N,135,2,0.14477568856683093
RAW_NO_PBC,N,137,2,0.14456140563788109
RAW_NO_PBC,N,139,2,0.14500000000000002
RAW_NO_PBC,N,141,2,0.14439182802361086
RAW_NO_PBC,N,143,2,0.14500000000000002
RAW_NO_PBC,N,145,2,0.14483438818181277
RAW_NO_PBC,N,147,2,0.1446409347314931
RAW_NO_PBC,N,149,2,0.14500000000000002
RAW_NO_PBC,N,151,2,0.1446409347314931
RAW_NO_PBC,N,153,2,0.14483438818181277
RAW_NO_PBC,N,155,2,0.14500000000000002
RAW_NO_PBC,N,157,2,0.14500000000000002
RAW_NO_PBC,N,159,2,0.14500000000000002
RAW_NO_PBC,N,161,2,0.14461673485458038
RAW_NO_PBC,N,163,2,0.1446409347314931
RAW_NO_PBC,N,165,2,0.14500000000000002
RAW_NO_PBC,N,167,2,0.14461673485458001
RAW_NO_PBC,N,169,2,0.14483438818181277
RAW_NO_PBC,N,171,2,0.14500000000000002
RAW_NO_PBC,N,173,2,0.14500000000000002
RAW_NO_PBC,N,175,2,0.14483438818181293
RAW_NO_PBC,N,177,2,0.14477568856683093
RAW_NO_PBC,N,179,2,0.14500000000000002
RAW_NO_PBC,N,181,2,0.14500000000000002
RAW_NO_PBC,N,183,2,0.14531001341958535
RAW_NO_PBC,N,185,2,0.14500000000000002
RAW_NO_PBC,N,187,2,0.14531001341958535
RAW_NO_PBC,N,189,2,0.1450620556865233
RAW_NO_PBC,N,191,2,0.14500000000000002
RAW_NO_PBC,N,193,2,0.14500000000000002
RAW_NO_PBC,N,195,2,0.14500000000000002
RAW_NO_PBC,N,197,2,0.1450620556865233
RAW_NO_PBC,N,199,2,0.14500000000000002
RAW_NO_PBC,N,201,2,0.14500000000000002
RAW_NO_PBC,N,203,2,0.14500000000000002
RAW_NO_PBC,N,205,2,0.1450620556865233
RAW_NO_PBC,N,207,2,0.14514131045295142
RAW_NO_PBC,N,209,2,0.14500000000000002
RAW_NO_PBC,N,211,2,0.1450620556865233
RAW_NO_PBC,N,213,2,0.14533409785731635
RAW_NO_PBC,N,215,2,0.14500000000000002
RAW_NO_PBC,N,217,2,0.14500000000000002
RAW_NO_PBC,N,219,2,0.1450620556865233
RAW_NO_PBC,N,221,2,0.1451171940191788
RAW_NO_PBC,N,223,2,0.14500000000000002
RAW_NO_PBC,N,225,2,0.14511719401917844
RAW_NO_PBC,N,227,2,0.1450620556865233
RAW_NO_PBC,N,229,2,0.14500000000000002
RAW_NO_PBC,N,231,2,0.14489306401619093
RAW_NO_PBC,N,233,2,0.14533409785731655
RAW_NO_PBC,N,235,2,0.14500000000000002
RAW_NO_PBC,N,237,2,0.14500000000000002
RAW_NO_PBC,N,239,2,0.14527560015363902
RAW_NO_PBC,N,241,2,0.14483438818181293
RAW_NO_PBC,N,243,2,0.14500000000000002
RAW_NO_PBC,N,245,2,0.14500000000000002
RAW_NO_PBC,N,247,2,0.14483438818181293
RAW_NO_PBC,N,249,2,0.14456140563788109
RAW_NO_PBC,N,251,2,0.14500000000000002
RAW_NO_PBC,N,253,2,0.14477568856683093
RAW_NO_PBC,N,255,2,0.14456140563788109
RAW_NO_PBC,N,257,2,0.14500000000000002
RAW_NO_PBC,N,259,2,0.14439182802361086
RAW_NO_PBC,N,261,2,0.14500000000000002
RAW_NO_PBC,N,263,2,0.14483438818181277
RAW_NO_PBC,N,265,2,0.1446409347314931
RAW_NO_PBC,N,267,2,0.14500000000000002
RAW_NO_PBC,N,269,2,0.1446409347314931
RAW_NO_PBC,N,271,2,0.14483438818181277
RAW_NO_PBC,N,273,2,0.14500000000000002
RAW_NO_PBC,N,275,2,0.14500000000000002
RAW_NO_PBC,N,277,2,0.14500000000000002
RAW_NO_PBC,N,279,2,0.14461673485458038
RAW_NO_PBC,N,281,2,0.1446409347314931
RAW_NO_PBC,N,283,2,0.14500000000000002
RAW_NO_PBC,N,285,2,0.14461673485458001
RAW_NO_PBC,N,287,2,0.14483438818181277
RAW_NO_PBC,N,289,2,0.14500000000000002
RAW_NO_PBC,N,291,2,0.14500000000000002
RAW_NO_PBC,N,293,2,0.14483438818181293
RAW_NO_PBC,N,295,2,0.14477568856683093
RAW_NO_PBC,N,297,2,0.14500000000000002
RAW_NO_PBC,N,299,2,0.14477568856683093
RAW_NO_PBC,N,301,2,0.14531001341958535
RAW_NO_PBC,N,303,2,0.14500000000000002
RAW_NO_PBC,N,305,2,0.14531001341958535
RAW_NO_PBC,N,307,2,0.1450620556865233
RAW_NO_PBC,N,309,2,0.14500000000000002
RAW_NO_PBC,N,311,2,0.14500000000000002
RAW_NO_PBC,N,313,2,0.14500000000000002
RAW_NO_PBC,N,315,2,0.1450620556865233
RAW_NO_PBC,N,317,2,0.14500000000000002
RAW_NO_PBC,N,319,2,0.14500000000000002
RAW_NO_PBC,N,321,2,0.14500000000000002
RAW_NO_PBC,N,323,2,0.1450620556865233
RAW_NO_PBC,N,325,2,0.14514131045295142
RAW_NO_PBC,N,327,2,0.14500000000000002
RAW_NO_PBC,N,329,2,0.1450620556865233
RAW_NO_PBC,N,331,2,0.14533409785731635
RAW_NO_PBC,N,333,2,0.14500000000000002
RAW_NO_PBC,N,335,2,0.14500000000000002
RAW_NO_PBC,N,337,2,0.1450620556865233
RAW_NO_PBC,N,339,2,0.1451171940191788
RAW_NO_PBC,N,341,2,0.14500000000000002
RAW_NO_PBC,N,343,2,0.14511719401917844
RAW_NO_PBC,N,345,2,0.1450620556865233
RAW_NO_PBC,N,347,2,0.14500000000000002
RAW_NO_PBC,N,349,2,0.14489306401619093
RAW_NO_PBC,N,351,2,0.14533409785731655
RAW_NO_PBC,N,353,2,0.14500000000000002
RAW_NO_PBC,N,355,2,0.14500000000000002
RAW_NO_PBC,N,357,2,0.14527560015363902
RAW_NO_PBC,N,359,2,0.14500000000000002
RAW_NO_PBC,N,361,2,0.14500000000000002
RAW_NO_PBC,N,363,2,0.14500000000000002
RAW_NO_PBC,N,365,2,0.1448343881818127
RAW_NO_PBC,N,367,2,0.1445614056378809
RAW_NO_PBC,N,369,2,0.14500000000000002
RAW_NO_PBC,N,371,2,0.1447756885668307
RAW_NO_PBC,N,373,2,0.1445614056378809
RAW_NO_PBC,N,375,2,0.14500000000000002
RAW_NO_PBC,N,377,2,0.14439182802361064
RAW_NO_PBC,N,379,2,0.14500000000000002
RAW_NO_PBC,N,381,2,0.14483438818181255
RAW_NO_PBC,N,383,2,0.14464093473149287
RAW_NO_PBC,N,385,2,0.14500000000000002
RAW_NO_PBC,N,387,2,0.14464093473149287
RAW_NO_PBC,N,389,2,0.14483438818181255
RAW_NO_PBC,N,391,2,0.14500000000000002
RAW_NO_PBC,N,393,2,0.14500000000000002
RAW_NO_PBC,N,395,2,0.14500000000000002
RAW_NO_PBC,N,397,2,0.14461673485458015
RAW_NO_PBC,N,399,2,0.14464093473149287
RAW_NO_PBC,N,401,2,0.14500000000000002
RAW_NO_PBC,N,403,2,0.1446167348545798
RAW_NO_PBC,N,405,2,0.14483438818181255
RAW_NO_PBC,N,407,2,0.14500000000000002
RAW_NO_PBC,N,409,2,0.14500000000000002
RAW_NO_PBC,N,411,2,0.1448343881818127
RAW_NO_PBC,N,413,2,0.1447756885668307
RAW_NO_PBC,N,415,2,0.14500000000000002
RAW_NO_PBC,N,417,2,0.1447756885668307
RAW_NO_PBC,N,419,2,0.1448343881818127
RAW_NO_PBC,N,421,2,0.14500000000000002
RAW_NO_PBC,N,423,2,0.14531001341958558
RAW_NO_PBC,N,425,2,0.14506205568652353
RAW_NO_PBC,N,427,2,0.14500000000000002
RAW_NO_PBC,N,429,2,0.14500000000000002
RAW_NO_PBC,N,431,2,0.14500000000000002
RAW_NO_PBC,N,433,2,0.14506205568652353
RAW_NO_PBC,N,435,2,0.14500000000000002
RAW_NO_PBC,N,437,2,0.14500000000000002
RAW_NO_PBC,N,439,2,0.14500000000000002
RAW_NO_PBC,N,441,2,0.14506205568652353
RAW_NO_PBC,N,443,2,0.14514131045295164
RAW_NO_PBC,N,445,2,0.14500000000000002
RAW_NO_PBC,N,447,2,0.14506205568652353
RAW_NO_PBC,N,449,2,0.1453340978573166
RAW_NO_PBC,N,451,2,0.14500000000000002
RAW_NO_PBC,N,453,2,0.14500000000000002
RAW_NO_PBC,N,455,2,0.14506205568652353
RAW_NO_PBC,N,457,2,0.14511719401917905
RAW_NO_PBC,N,459,2,0.14500000000000002
RAW_NO_PBC,N,461,2,0.14511719401917866
RAW_NO_PBC,N,463,2,0.14506205568652353
RAW_NO_PBC,N,465,2,0.14500000000000002
RAW_NO_PBC,N,467,2,0.14489306401619115
RAW_NO_PBC,N,469,2,0.14533409785731677
RAW_NO_PBC,N,471,2,0.14500000000000002
RAW_NO_PBC,N,473,2,0.14500000000000002
RAW_NO_PBC,N,475,2,0.14527560015363924
RAW_NO_PBC,N,477,2,0.14500000000000002
RAW_NO_PBC,N,479,2,0.14531001341958558
RAW_NO_PBC,N,481,2,0.14499999999999957
RAW_NO_PBC,N,483,2,0.14531001341958558
RAW_NO_PBC,N,485,2,0.14499999999999957
RAW_NO_PBC,N,487,2,0.14527560015363924
RAW_NO_PBC,N,489,2,0.14499999999999957
RAW_NO_PBC,N,491,2,0.14499999999999957
RAW_NO_PBC,N,493,2,0.14533409785731677
RAW_NO_PBC,N,495,2,0.14489306401619115
RAW_NO_PBC,N,497,2,0.14499999999999957
RAW_NO_PBC,N,499,2,0.14506205568652353
RAW_NO_PBC,N,501,2,0.14511719401917866
RAW_NO_PBC,N,503,2,0.14499999999999957
RAW_NO_PBC,N,505,2,0.14511719401917905
RAW_NO_PBC,N,507,2,0.14506205568652353
RAW_NO_PBC,N,509,2,0.14499999999999957
RAW_NO_PBC,N,511,2,0.14499999999999957
RAW_NO_PBC,N,513,2,0.1453340978573166
RAW_NO_PBC,N,515,2,0.14506205568652353
RAW_NO_PBC,N,517,2,0.14499999999999957
RAW_NO_PBC,N,519,2,0.14514131045295164
RAW_NO_PBC,N,521,2,0.14506205568652353
RAW_NO_PBC,N,523,2,0.14499999999999957
RAW_NO_PBC,N,525,2,0.14499999999999957
RAW_NO_PBC,N,527,2,0.14499999999999957
RAW_NO_PBC,N,529,2,0.14506205568652353
RAW_NO_PBC,N,531,2,0.14499999999999957
RAW_NO_PBC,N,533,2,0.14499999999999957
RAW_NO_PBC,N,535,2,0.14499999999999957
RAW_NO_PBC,N,537,2,0.14506205568652353
RAW_NO_PBC,N,539,2,0.14531001341958558
RAW_NO_PBC,N,541,2,0.14499999999999957
RAW_NO_PBC,N,543,2,0.14483438818181293
RAW_NO_PBC,N,545,2,0.14477568856683093
RAW_NO_PBC,N,547,2,0.14499999999999957
RAW_NO_PBC,N,549,2,0.14477568856683093
RAW_NO_PBC,N,551,2,0.14483438818181293
RAW_NO_PBC,N,553,2,0.14499999999999957
RAW_NO_PBC,N,555,2,0.14499999999999957
RAW_NO_PBC,N,557,2,0.14483438818181277
RAW_NO_PBC,N,559,2,0.14461673485458001
RAW_NO_PBC,N,561,2,0.14499999999999957
RAW_NO_PBC,N,563,2,0.1446409347314931
RAW_NO_PBC,N,565,2,0.14461673485458038
RAW_NO_PBC,N,567,2,0.14499999999999957
RAW_NO_PBC,N,569,2,0.14499999999999957
RAW_NO_PBC,N,571,2,0.14499999999999957
RAW_NO_PBC,N,573,2,0.14483438818181277
RAW_NO_PBC,N,575,2,0.1446409347314931
RAW_NO_PBC,N,577,2,0.14499999999999957
RAW_NO_PBC,N,579,2,0.1446409347314931
RAW_NO_PBC,N,581,2,0.14483438818181277
RAW_NO_PBC,N,583,2,0.14499999999999957
RAW_NO_PBC,N,585,2,0.14439182802361086
RAW_NO_PBC,N,587,2,0.14499999999999957
RAW_NO_PBC,N,589,2,0.14456140563788109
RAW_NO_PBC,N,591,2,0.14477568856683093
RAW_NO_PBC,N,593,2,0.14499999999999957
RAW_NO_PBC,N,595,2,0.14456140563788109
RAW_NO_PBC,N,597,2,0.14483438818181293
RAW_NO_PBC,N,599,2,0.14499999999999957
RAW_NO_PBC,N,601,2,0.14531001341958513
RAW_NO_PBC,N,603,2,0.14500000000000046
RAW_NO_PBC,N,605,2,0.1452756001536388
RAW_NO_PBC,N,607,2,0.14500000000000046
RAW_NO_PBC,N,609,2,0.14500000000000046
RAW_NO_PBC,N,611,2,0.14533409785731632
RAW_NO_PBC,N,613,2,0.1448930640161907
RAW_NO_PBC,N,615,2,0.14500000000000046
RAW_NO_PBC,N,617,2,0.14506205568652306
RAW_NO_PBC,N,619,2,0.14511719401917822
RAW_NO_PBC,N,621,2,0.14500000000000046
RAW_NO_PBC,N,623,2,0.14511719401917858
RAW_NO_PBC,N,625,2,0.14506205568652306
RAW_NO_PBC,N,627,2,0.14500000000000046
RAW_NO_PBC,N,629,2,0.14500000000000046
RAW_NO_PBC,N,631,2,0.14533409785731613
RAW_NO_PBC,N,633,2,0.14506205568652306
RAW_NO_PBC,N,635,2,0.14500000000000046
RAW_NO_PBC,N,637,2,0.1451413104529512
RAW_NO_PBC,N,639,2,0.14506205568652306
RAW_NO_PBC,N,641,2,0.14500000000000046
RAW_NO_PBC,N,643,2,0.14500000000000046
RAW_NO_PBC,N,645,2,0.14500000000000046
RAW_NO_PBC,N,647,2,0.14506205568652306
RAW_NO_PBC,N,649,2,0.14500000000000046
RAW_NO_PBC,N,651,2,0.14500000000000046
RAW_NO_PBC,N,653,2,0.14500000000000046
RAW_NO_PBC,N,655,2,0.14506205568652306
RAW_NO_PBC,N,657,2,0.14531001341958513
RAW_NO_PBC,N,659,2,0.14500000000000046
RAW_NO_PBC,N,661,2,0.14506205568652353
RAW_NO_PBC,N,663,2,0.14489306401619076
RAW_NO_PBC,N,665,2,0.1448792600754161
RAW_NO_PBC,N,667,2,0.14489306401619112
RAW_NO_PBC,N,669,2,0.14506205568652353
RAW_NO_PBC,N,671,2,0.14484129245487978
RAW_NO_PBC,N,673,2,0.14489306401619115
RAW_NO_PBC,N,675,2,0.1448378403594867
RAW_NO_PBC,N,677,2,0.14506205568652353
RAW_NO_PBC,N,679,2,0.14514131045295164
RAW_NO_PBC,N,681,2,0.14492411807563313
RAW_NO_PBC,N,683,2,0.14506205568652353
RAW_NO_PBC,N,685,2,0.1453340978573166
RAW_NO_PBC,N,687,2,0.14484129245488003
RAW_NO_PBC,N,689,2,0.14484129245488003
RAW_NO_PBC,N,691,2,0.14506205568652353
RAW_NO_PBC,N,693,2,0.14511719401917905
RAW_NO_PBC,N,695,2,0.14492411807563313
RAW_NO_PBC,N,697,2,0.14511719401917866
RAW_NO_PBC,N,699,2,0.14506205568652353
RAW_NO_PBC,N,701,2,0.1448378403594867
RAW_NO_PBC,N,703,2,0.14484129245487978
RAW_NO_PBC,N,705,2,0.14533409785731677
RAW_NO_PBC,N,707,2,0.14489306401619112
RAW_NO_PBC,N,709,2,0.1448792600754161
RAW_NO_PBC,N,711,2,0.14527560015363924
RAW_NO_PBC,N,713,2,0.14489306401619076
RAW_NO_PBC,N,715,2,0.14531001341958558
RAW_NO_PBC,N,717,2,0.14428097587693287
RAW_NO_PBC,N,719,2,0.14531001341958558
RAW_NO_PBC,N,721,2,0.14456140563788109
RAW_NO_PBC,N,723,2,0.14499999999999957
RAW_NO_PBC,N,725,2,0.14477568856683093
RAW_NO_PBC,N,727,2,0.14456140563788109
RAW_NO_PBC,N,729,2,0.14499999999999957
RAW_NO_PBC,N,731,2,0.14439182802361086
RAW_NO_PBC,N,733,2,0.14499999999999957
RAW_NO_PBC,N,735,2,0.14483438818181277
RAW_NO_PBC,N,737,2,0.1446409347314931
RAW_NO_PBC,N,739,2,0.14499999999999957
RAW_NO_PBC,N,741,2,0.1446409347314931
RAW_NO_PBC,N,743,2,0.14483438818181277
RAW_NO_PBC,N,745,2,0.14499999999999957
RAW_NO_PBC,N,747,2,0.14499999999999957
RAW_NO_PBC,N,749,2,0.14499999999999957
RAW_NO_PBC,N,751,2,0.14461673485458038
RAW_NO_PBC,N,753,2,0.1446409347314931
RAW_NO_PBC,N,755,2,0.14499999999999957
RAW_NO_PBC,N,757,2,0.14461673485458001
RAW_NO_PBC,N,759,2,0.14483438818181277
RAW_NO_PBC,N,761,2,0.14499999999999957
RAW_NO_PBC,N,763,2,0.14499999999999957
RAW_NO_PBC,N,765,2,0.14483438818181293
RAW_NO_PBC,N,767,2,0.14477568856683093
RAW_NO_PBC,N,769,2,0.14499999999999957
RAW_NO_PBC,N,771,2,0.14477568856683093
RAW_NO_PBC,N,773,2,0.14483438818181293
RAW_NO_PBC,N,775,2,0.14499999999999957
RAW_NO_PBC,N,777,2,0.14499999999999957
RAW_NO_PBC,N,779,2,0.14483438818181293
RAW_NO_PBC,N,781,2,0.14477568856683093
RAW_NO_PBC,N,783,2,0.1452446212429224
RAW_NO_PBC,N,785,2,0.14477568856683093
RAW_NO_PBC,N,787,2,0.14483438818181293
RAW_NO_PBC,N,789,2,0.1455369368923229
RAW_NO_PBC,N,791,2,0.14501379244747725
RAW_NO_PBC,N,793,2,0.14483438818181277
RAW_NO_PBC,N,795,2,0.14461673485458001
RAW_NO_PBC,N,797,2,0.14528936643815327
RAW_NO_PBC,N,799,2,0.1446409347314931
RAW_NO_PBC,N,801,2,0.14461673485458038
RAW_NO_PBC,N,803,2,0.14506550244630867
RAW_NO_PBC,N,805,2,0.14500344823486094
RAW_NO_PBC,N,807,2,0.14506550244630867
RAW_NO_PBC,N,809,2,0.14483438818181277
RAW_NO_PBC,N,811,2,0.1446409347314931
RAW_NO_PBC,N,813,2,0.14528936643815327
RAW_NO_PBC,N,815,2,0.1446409347314931
RAW_NO_PBC,N,817,2,0.14483438818181277
RAW_NO_PBC,N,819,2,0.14501379244747725
RAW_NO_PBC,N,821,2,0.14439182802361086
RAW_NO_PBC,N,823,2,0.1455369368923229
RAW_NO_PBC,N,825,2,0.14456140563788109
RAW_NO_PBC,N,827,2,0.14477568856683093
RAW_NO_PBC,N,829,2,0.1452446212429224
RAW_NO_PBC,N,831,2,0.14456140563788109
RAW_NO_PBC,N,833,2,0.14483438818181293
RAW_NO_PBC,N,835,2,0.145013792447477
RAW_NO_PBC,N,837,2,0.145013792447477
RAW_NO_PBC,N,839,2,0.14483438818181293
RAW_NO_PBC,N,841,2,0.1452756001536388
RAW_NO_PBC,N,843,2,0.14500000000000046
RAW_NO_PBC,N,845,2,0.14500000000000046
RAW_NO_PBC,N,847,2,0.14533409785731632
RAW_NO_PBC,N,849,2,0.1448930640161907
RAW_NO_PBC,N,851,2,0.14500000000000046
RAW_NO_PBC,N,853,2,0.14506205568652306
RAW_NO_PBC,N,855,2,0.14511719401917822
RAW_NO_PBC,N,857,2,0.14500000000000046
RAW_NO_PBC,N,859,2,0.14511719401917858
RAW_NO_PBC,N,861,2,0.14506205568652306
RAW_NO_PBC,N,863,2,0.14500000000000046
RAW_NO_PBC,N,865,2,0.14500000000000046
RAW_NO_PBC,N,867,2,0.14533409785731613
RAW_NO_PBC,N,869,2,0.14506205568652306
RAW_NO_PBC,N,871,2,0.14500000000000046
RAW_NO_PBC,N,873,2,0.1451413104529512
RAW_NO_PBC,N,875,2,0.14506205568652306
RAW_NO_PBC,N,877,2,0.14500000000000046
RAW_NO_PBC,N,879,2,0.14500000000000046
RAW_NO_PBC,N,881,2,0.14500000000000046
RAW_NO_PBC,N,883,2,0.14506205568652306
RAW_NO_PBC,N,885,2,0.14500000000000046
RAW_NO_PBC,N,887,2,0.14500000000000046
RAW_NO_PBC,N,889,2,0.14500000000000046
RAW_NO_PBC,N,891,2,0.14506205568652306
RAW_NO_PBC,N,893,2,0.14531001341958513
RAW_NO_PBC,N,895,2,0.14500000000000046
RAW_NO_PBC,N,897,2,0.14531001341958513
RAW_NO_PBC,N,899,2,0.14500000000000046
RAW_NO_PBC,N,901,2,0.14500000000000046
RAW_NO_PBC,N,903,2,0.14477568856683093
RAW_NO_PBC,N,905,2,0.14483438818181293
RAW_NO_PBC,N,907,2,0.14500000000000046
RAW_NO_PBC,N,909,2,0.14500000000000046
RAW_NO_PBC,N,911,2,0.14483438818181277
RAW_NO_PBC,N,913,2,0.14461673485458001
RAW_NO_PBC,N,915,2,0.14500000000000046
RAW_NO_PBC,N,917,2,0.1446409347314931
RAW_NO_PBC,N,919,2,0.14461673485458038
RAW_NO_PBC,N,921,2,0.14500000000000046
RAW_NO_PBC,N,923,2,0.14500000000000046
RAW_NO_PBC,N,925,2,0.14500000000000046
RAW_NO_PBC,N,927,2,0.14483438818181277
RAW_NO_PBC,N,929,2,0.1446409347314931
RAW_NO_PBC,N,931,2,0.14500000000000046
RAW_NO_PBC,N,933,2,0.1446409347314931
RAW_NO_PBC,N,935,2,0.14483438818181277
RAW_NO_PBC,N,937,2,0.14500000000000046
RAW_NO_PBC,N,939,2,0.14439182802361086
RAW_NO_PBC,N,941,2,0.14500000000000046
RAW_NO_PBC,N,943,2,0.14456140563788109
RAW_NO_PBC,N,945,2,0.14477568856683093
RAW_NO_PBC,N,947,2,0.14500000000000046
RAW_NO_PBC,N,949,2,0.14456140563788109
RAW_NO_PBC,N,951,2,0.14483438818181293
RAW_NO_PBC,N,953,2,0.14500000000000046
RAW_NO_PBC,N,955,2,0.14500000000000046
RAW_NO_PBC,N,957,2,0.14483438818181293
RAW_NO_PBC,N,959,2,0.14477568856683093
RAW_NO_PBC,N,961,2,0.14477568856683093
RAW_NO_PBC,N,963,2,0.14456140563788109
RAW_NO_PBC,N,965,2,0.14499999999999957
RAW_NO_PBC,N,967,2,0.14439182802361086
RAW_NO_PBC,N,969,2,0.14499999999999957
RAW_NO_PBC,N,971,2,0.14483438818181277
RAW_NO_PBC,N,973,2,0.1446409347314931
RAW_NO_PBC,N,975,2,0.14499999999999957
RAW_NO_PBC,N,977,2,0.1446409347314931
RAW_NO_PBC,N,979,2,0.14483438818181277
RAW_NO_PBC,N,981,2,0.14499999999999957
RAW_NO_PBC,N,983,2,0.14499999999999957
RAW_NO_PBC,N,985,2,0.14499999999999957
RAW_NO_PBC,N,987,2,0.14461673485458038
RAW_NO_PBC,N,989,2,0.1446409347314931
RAW_NO_PBC,N,991,2,0.14499999999999957
RAW_NO_PBC,N,993,2,0.14461673485458001
RAW_NO_PBC,N,995,2,0.14483438818181277
RAW_NO_PBC,N,997,2,0.14499999999999957
RAW_NO_PBC,N,999,2,0.14499999999999957
RAW_NO_PBC,N,1001,2,0.14483438818181293
RAW_NO_PBC,N,1003,2,0.14477568856683093
RAW_NO_PBC,N,1005,2,0.14499999999999957
RAW_NO_PBC,N,1007,2,0.14477568856683093
RAW_NO_PBC,N,1009,2,0.14483438818181293
RAW_NO_PBC,N,1011,2,0.14499999999999957
RAW_NO_PBC,N,1013,2,0.14499999999999957
RAW_NO_PBC,N,1015,2,0.14483438818181293
RAW_NO_PBC,N,1017,2,0.14456140563788109
RAW_NO_PBC,N,1019,2,0.14499999999999957
RAW_NO_PBC,N,1021,2,0.14499999999999957
RAW_NO_PBC,N,1023,2,0.14506205568652353
RAW_NO_PBC,N,1025,2,0.14499999999999957
RAW_NO_PBC,N,1027,2,0.14499999999999957
RAW_NO_PBC,N,1029,2,0.14499999999999957
RAW_NO_PBC,N,1031,2,0.14506205568652353
RAW_NO_PBC,N,1033,2,0.14514131045295164
RAW_NO_PBC,N,1035,2,0.14499999999999957
RAW_NO_PBC,N,1037,2,0.14506205568652353
RAW_NO_PBC,N,1039,2,0.1453340978573166
RAW_NO_PBC,N,1041,2,0.14499999999999957
RAW_NO_PBC,N,1043,2,0.14499999999999957
RAW_NO_PBC,N,1045,2,0.14506205568652353
RAW_NO_PBC,N,1047,2,0.14511719401917905
RAW_NO_PBC,N,1049,2,0.14499999999999957
RAW_NO_PBC,N,1051,2,0.14511719401917866
RAW_NO_PBC,N,1053,2,0.14506205568652353
RAW_NO_PBC,N,1055,2,0.14499999999999957
RAW_NO_PBC,N,1057,2,0.14489306401619115
RAW_NO_PBC,N,1059,2,0.14533409785731677
RAW_NO_PBC,N,1061,2,0.14499999999999957
RAW_NO_PBC,N,1063,2,0.14499999999999957
RAW_NO_PBC,N,1065,2,0.14527560015363924
RAW_NO_PBC,N,1067,2,0.14499999999999957
RAW_NO_PBC,N,1069,2,0.14531001341958558
RAW_NO_PBC,N,1071,2,0.14499999999999957
RAW_NO_PBC,N,1073,2,0.14531001341958558
RAW_NO_PBC,N,1075,2,0.14506205568652353
RAW_NO_PBC,N,1077,2,0.14499999999999957
RAW_NO_PBC,N,1079,2,0.14499999999999957
RAW_NO_PBC,N,1081,2,0.14499999999999957
RAW_NO_PBC,N,1083,2,0.14533409785731677
RAW_NO_PBC,N,1085,2,0.14489306401619115
RAW_NO_PBC,N,1087,2,0.14499999999999957
RAW_NO_PBC,N,1089,2,0.14506205568652353
RAW_NO_PBC,N,1091,2,0.14511719401917866
RAW_NO_PBC,N,1093,2,0.14499999999999957
RAW_NO_PBC,N,1095,2,0.14511719401917905
RAW_NO_PBC,N,1097,2,0.14506205568652353
RAW_NO_PBC,N,1099,2,0.14499999999999957
RAW_NO_PBC,N,1101,2,0.14499999999999957
RAW_NO_PBC,N,1103,2,0.1453340978573166
RAW_NO_PBC,N,1105,2,0.14506205568652353
RAW_NO_PBC,N,1107,2,0.14499999999999957
RAW_NO_PBC,N,1109,2,0.14514131045295164
RAW_NO_PBC,N,1111,2,0.14506205568652353
RAW_NO_PBC,N,1113,2,0.14499999999999957
RAW_NO_PBC,N,1115,2,0.14499999999999957
RAW_NO_PBC,N,1117,2,0.14499999999999957
RAW_NO_PBC,N,1119,2,0.14506205568652353
RAW_NO_PBC,N,1121,2,0.14499999999999957
RAW_NO_PBC,N,1123,2,0.14499999999999957
RAW_NO_PBC,N,1125,2,0.14499999999999957
RAW_NO_PBC,N,1127,2,0.14506205568652353
RAW_NO_PBC,N,1129,2,0.14531001341958558
RAW_NO_PBC,N,1131,2,0.14499999999999957
RAW_NO_PBC,N,1133,2,0.14531001341958558
RAW_NO_PBC,N,1135,2,0.14499999999999957
RAW_NO_PBC,N,1137,2,0.14527560015363924
RAW_NO_PBC,N,1139,2,0.14499999999999957
RAW_NO_PBC,N,1141,2,0.14506205568652306
RAW_NO_PBC,N,1143,2,0.14484129245487934
RAW_NO_PBC,N,1145,2,0.1448930640161907
RAW_NO_PBC,N,1147,2,0.14483784035948627
RAW_NO_PBC,N,1149,2,0.14506205568652306
RAW_NO_PBC,N,1151,2,0.1451413104529512
RAW_NO_PBC,N,1153,2,0.14492411807563269
RAW_NO_PBC,N,1155,2,0.14506205568652306
RAW_NO_PBC,N,1157,2,0.14533409785731613
RAW_NO_PBC,N,1159,2,0.14484129245487956
RAW_NO_PBC,N,1161,2,0.14484129245487956
RAW_NO_PBC,N,1163,2,0.14506205568652306
RAW_NO_PBC,N,1165,2,0.14511719401917858
RAW_NO_PBC,N,1167,2,0.14492411807563269
RAW_NO_PBC,N,1169,2,0.14511719401917822
RAW_NO_PBC,N,1171,2,0.14506205568652306
RAW_NO_PBC,N,1173,2,0.14483784035948627
RAW_NO_PBC,N,1175,2,0.14484129245487934
RAW_NO_PBC,N,1177,2,0.14533409785731632
RAW_NO_PBC,N,1179,2,0.14489306401619068
RAW_NO_PBC,N,1181,2,0.14487926007541566
RAW_NO_PBC,N,1183,2,0.1452756001536388
RAW_NO_PBC,N,1185,2,0.14489306401619031
RAW_NO_PBC,N,1187,2,0.14531001341958513
RAW_NO_PBC,N,1189,2,0.14428097587693242
RAW_NO_PBC,N,1191,2,0.14531001341958513
RAW_NO_PBC,N,1193,2,0.14506205568652306
RAW_NO_PBC,N,1195,2,0.14489306401619031
RAW_NO_PBC,N,1197,2,0.14487926007541566
RAW_NO_PBC,N,1199,2,0.14489306401619068
RAW_NO_PBC,N,1201,2,0.14500000000000046
RAW_NO_PBC,N,1203,2,0.14439182802361086
RAW_NO_PBC,N,1205,2,0.14500000000000046
RAW_NO_PBC,N,1207,2,0.14483438818181277
RAW_NO_PBC,N,1209,2,0.1446409347314931
RAW_NO_PBC,N,1211,2,0.14500000000000046
RAW_NO_PBC,N,1213,2,0.1446409347314931
RAW_NO_PBC,N,1215,2,0.14483438818181277
RAW_NO_PBC,N,1217,2,0.14500000000000046
RAW_NO_PBC,N,1219,2,0.14500000000000046
RAW_NO_PBC,N,1221,2,0.14500000000000046
RAW_NO_PBC,N,1223,2,0.14461673485458038
RAW_NO_PBC,N,1225,2,0.1446409347314931
RAW_NO_PBC,N,1227,2,0.14500000000000046
RAW_NO_PBC,N,1229,2,0.14461673485458001
RAW_NO_PBC,N,1231,2,0.14483438818181277
RAW_NO_PBC,N,1233,2,0.14500000000000046
RAW_NO_PBC,N,1235,2,0.14500000000000046
RAW_NO_PBC,N,1237,2,0.14483438818181293
RAW_NO_PBC,N,1239,2,0.14477568856683093
RAW_NO_PBC,N,1241,2,0.14500000000000046
RAW_NO_PBC,N,1243,2,0.14477568856683093
RAW_NO_PBC,N,1245,2,0.14483438818181293
RAW_NO_PBC,N,1247,2,0.14500000000000046
RAW_NO_PBC,N,1249,2,0.14500000000000046
RAW_NO_PBC,N,1251,2,0.14483438818181293
RAW_NO_PBC,N,1253,2,0.14456140563788109
RAW_NO_PBC,N,1255,2,0.14500000000000046
RAW_NO_PBC,N,1257,2,0.14477568856683093
RAW_NO_PBC,N,1259,2,0.14456140563788109
RAW_NO_PBC,N,1261,2,0.1455369368923229
RAW_NO_PBC,N,1263,2,0.14501379244747725
RAW_NO_PBC,N,1265,2,0.14483438818181277
RAW_NO_PBC,N,1267,2,0.14461673485458001
RAW_NO_PBC,N,1269,2,0.14528936643815327
RAW_NO_PBC,N,1271,2,0.1446409347314931
RAW_NO_PBC,N,1273,2,0.14461673485458038
RAW_NO_PBC,N,1275,2,0.14506550244630867
RAW_NO_PBC,N,1277,2,0.14500344823486094
RAW_NO_PBC,N,1279,2,0.14506550244630867
RAW_NO_PBC,N,1281,2,0.14483438818181277
RAW_NO_PBC,N,1283,2,0.1446409347314931
RAW_NO_PBC,N,1285,2,0.14528936643815327
RAW_NO_PBC,N,1287,2,0.1446409347314931
RAW_NO_PBC,N,1289,2,0.14483438818181277
RAW_NO_PBC,N,1291,2,0.14501379244747725
RAW_NO_PBC,N,1293,2,0.14439182802361086
RAW_NO_PBC,N,1295,2,0.1455369368923229
RAW_NO_PBC,N,1297,2,0.14456140563788109
RAW_NO_PBC,N,1299,2,0.14477568856683093
RAW_NO_PBC,N,1301,2,0.1452446212429224
RAW_NO_PBC,N,1303,2,0.14456140563788109
RAW_NO_PBC,N,1305,2,0.14483438818181293
RAW_NO_PBC,N,1307,2,0.145013792447477
RAW_NO_PBC,N,1309,2,0.145013792447477
RAW_NO_PBC,N,1311,2,0.14483438818181293
RAW_NO_PBC,N,1313,2,0.14477568856683093
RAW_NO_PBC,N,1315,2,0.1452446212429224
RAW_NO_PBC,N,1317,2,0.14477568856683093
RAW_NO_PBC,N,1319,2,0.14483438818181293
RAW_NO_PBC,N,1321,2,0.14439182802361086
RAW_NO_PBC,N,1323,2,0.14499999999999957
RAW_NO_PBC,N,1325,2,0.14483438818181277
RAW_NO_PBC,N,1327,2,0.1446409347314931
RAW_NO_PBC,N,1329,2,0.14499999999999957
RAW_NO_PBC,N,1331,2,0.1446409347314931
RAW_NO_PBC,N,1333,2,0.14483438818181277
RAW_NO_PBC,N,1335,2,0.14499999999999957
RAW_NO_PBC,N,1337,2,0.14499999999999957
RAW_NO_PBC,N,1339,2,0.14499999999999957
RAW_NO_PBC,N,1341,2,0.14461673485458038
RAW_NO_PBC,N,1343,2,0.1446409347314931
RAW_NO_PBC,N,1345,2,0.14499999999999957
RAW_NO_PBC,N,1347,2,0.14461673485458001
RAW_NO_PBC,N,1349,2,0.14483438818181277
RAW_NO_PBC,N,1351,2,0.14499999999999957
RAW_NO_PBC,N,1353,2,0.14499999999999957
RAW_NO_PBC,N,1355,2,0.14483438818181293
RAW_NO_PBC,N,1357,2,0.14477568856683093
RAW_NO_PBC,N,1359,2,0.14499999999999957
RAW_NO_PBC,N,1361,2,0.14477568856683093
RAW_NO_PBC,N,1363,2,0.14483438818181293
RAW_NO_PBC,N,1365,2,0.14499999999999957
RAW_NO_PBC,N,1367,2,0.14499999999999957
RAW_NO_PBC,N,1369,2,0.14483438818181293
RAW_NO_PBC,N,1371,2,0.14456140563788109
RAW_NO_PBC,N,1373,2,0.14499999999999957
RAW_NO_PBC,N,1375,2,0.14477568856683093
RAW_NO_PBC,N,1377,2,0.14456140563788109
RAW_NO_PBC,N,1379,2,0.14499999999999957
RAW_NO_PBC,N,1381,2,0.14500000000000046
RAW_NO_PBC,N,1383,2,0.14500000000000046
RAW_NO_PBC,N,1385,2,0.14506205568652306
RAW_NO_PBC,N,1387,2,0.1451413104529512
RAW_NO_PBC,N,1389,2,0.14500000000000046
RAW_NO_PBC,N,1391,2,0.14506205568652306
RAW_NO_PBC,N,1393,2,0.14533409785731613
RAW_NO_PBC,N,1395,2,0.14500000000000046
RAW_NO_PBC,N,1397,2,0.14500000000000046
RAW_NO_PBC,N,1399,2,0.14506205568652306
RAW_NO_PBC,N,1401,2,0.14511719401917858
RAW_NO_PBC,N,1403,2,0.14500000000000046
RAW_NO_PBC,N,1405,2,0.14511719401917822
RAW_NO_PBC,N,1407,2,0.14506205568652306
RAW_NO_PBC,N,1409,2,0.14500000000000046
RAW_NO_PBC,N,1411,2,0.1448930640161907
RAW_NO_PBC,N,1413,2,0.14533409785731632
RAW_NO_PBC,N,1415,2,0.14500000000000046
RAW_NO_PBC,N,1417,2,0.14500000000000046
RAW_NO_PBC,N,1419,2,0.1452756001536388
RAW_NO_PBC,N,1421,2,0.14500000000000046
RAW_NO_PBC,N,1423,2,0.14531001341958513
RAW_NO_PBC,N,1425,2,0.14500000000000046
RAW_NO_PBC,N,1427,2,0.14531001341958513
RAW_NO_PBC,N,1429,2,0.14506205568652306
RAW_NO_PBC,N,1431,2,0.14500000000000046
RAW_NO_PBC,N,1433,2,0.14500000000000046
RAW_NO_PBC,N,1435,2,0.14500000000000046
RAW_NO_PBC,N,1437,2,0.14506205568652306
RAW_NO_PBC,N,1439,2,0.14500000000000046
RAW_NO_PBC,N,1441,2,0.14500000000000046
RAW_NO_PBC,N,1443,2,0.14506205568652306
RAW_NO_PBC,N,1445,2,0.14511719401917822
RAW_NO_PBC,N,1447,2,0.14500000000000046
RAW_NO_PBC,N,1449,2,0.14511719401917858
RAW_NO_PBC,N,1451,2,0.14506205568652306
RAW_NO_PBC,N,1453,2,0.14500000000000046
RAW_NO_PBC,N,1455,2,0.14500000000000046
RAW_NO_PBC,N,1457,2,0.14533409785731613
RAW_NO_PBC,N,1459,2,0.14506205568652306
RAW_NO_PBC,N,1461,2,0.14500000000000046
RAW_NO_PBC,N,1463,2,0.1451413104529512
RAW_NO_PBC,N,1465,2,0.14506205568652306
RAW_NO_PBC,N,1467,2,0.14500000000000046
RAW_NO_PBC,N,1469,2,0.14500000000000046
RAW_NO_PBC,N,1471,2,0.14500000000000046
RAW_NO_PBC,N,1473,2,0.14506205568652306
RAW_NO_PBC,N,1475,2,0.14500000000000046
RAW_NO_PBC,N,1477,2,0.14500000000000046
RAW_NO_PBC,N,1479,2,0.14500000000000046
RAW_NO_PBC,N,1481,2,0.14506205568652306
RAW_NO_PBC,N,1483,2,0.14531001341958513
RAW_NO_PBC,N,1485,2,0.14500000000000046
RAW_NO_PBC,N,1487,2,0.14531001341958513
RAW_NO_PBC,N,1489,2,0.14500000000000046
RAW_NO_PBC,N,1491,2,0.1452756001536388
RAW_NO_PBC,N,1493,2,0.14500000000000046
RAW_NO_PBC,N,1495,2,0.14500000000000046
RAW_NO_PBC,N,1497,2,0.14533409785731632
RAW_NO_PBC,N,1499,2,0.1448930640161907
RAW_NO_PBC,N,1501,2,0.14483438818181277
RAW_NO_PBC,N,1503,2,0.14461673485458001
RAW_NO_PBC,N,1505,2,0.14500000000000046
RAW_NO_PBC,N,1507,2,0.1446409347314931
RAW_NO_PBC,N,1509,2,0.14461673485458038
RAW_NO_PBC,N,1511,2,0.14500000000000046
RAW_NO_PBC,N,1513,2,0.14500000000000046
RAW_NO_PBC,N,1515,2,0.14500000000000046
RAW_NO_PBC,N,1517,2,0.14483438818181277
RAW_NO_PBC,N,1519,2,0.1446409347314931
RAW_NO_PBC,N,1521,2,0.14500000000000046
RAW_NO_PBC,N,1523,2,0.1446409347314931
RAW_NO_PBC,N,1525,2,0.14483438818181277
RAW_NO_PBC,N,1527,2,0.14500000000000046
RAW_NO_PBC,N,1529,2,0.14439182802361086
RAW_NO_PBC,N,1531,2,0.14500000000000046
RAW_NO_PBC,N,1533,2,0.14456140563788109
RAW_NO_PBC,N,1535,2,0.14477568856683093
RAW_NO_PBC,N,1537,2,0.14500000000000046
RAW_NO_PBC,N,1539,2,0.14456140563788109
RAW_NO_PBC,N,1541,2,0.14483438818181293
RAW_NO_PBC,N,1543,2,0.14500000000000046
RAW_NO_PBC,N,1545,2,0.14500000000000046
RAW_NO_PBC,N,1547,2,0.14483438818181293
RAW_NO_PBC,N,1549,2,0.14477568856683093
RAW_NO_PBC,N,1551,2,0.14500000000000046
RAW_NO_PBC,N,1553,2,0.14477568856683093
RAW_NO_PBC,N,1555,2,0.14483438818181293
RAW_NO_PBC,N,1557,2,0.14500000000000046
RAW_NO_PBC,N,1559,2,0.14500000000000046
RAW_NO_PBC,N,1561,2,0.14506205568652353
RAW_NO_PBC,N,1563,2,0.14511719401917866
RAW_NO_PBC,N,1565,2,0.14499999999999957
RAW_NO_PBC,N,1567,2,0.14511719401917905
RAW_NO_PBC,N,1569,2,0.14506205568652353
RAW_NO_PBC,N,1571,2,0.14499999999999957
RAW_NO_PBC,N,1573,2,0.14499999999999957
RAW_NO_PBC,N,1575,2,0.1453340978573166
RAW_NO_PBC,N,1577,2,0.14506205568652353
RAW_NO_PBC,N,1579,2,0.14499999999999957
RAW_NO_PBC,N,1581,2,0.14514131045295164
RAW_NO_PBC,N,1583,2,0.14506205568652353
RAW_NO_PBC,N,1585,2,0.14499999999999957
RAW_NO_PBC,N,1587,2,0.14499999999999957
RAW_NO_PBC,N,1589,2,0.14499999999999957
RAW_NO_PBC,N,1591,2,0.14506205568652353
RAW_NO_PBC,N,1593,2,0.14499999999999957
RAW_NO_PBC,N,1595,2,0.14499999999999957
RAW_NO_PBC,N,1597,2,0.14499999999999957
RAW_NO_PBC,N,1599,2,0.14506205568652353
RAW_NO_PBC,N,1601,2,0.14531001341958558
RAW_NO_PBC,N,1603,2,0.14499999999999957
RAW_NO_PBC,N,1605,2,0.14531001341958558
RAW_NO_PBC,N,1607,2,0.14499999999999957
RAW_NO_PBC,N,1609,2,0.14527560015363924
RAW_NO_PBC,N,1611,2,0.14499999999999957
RAW_NO_PBC,N,1613,2,0.14499999999999957
RAW_NO_PBC,N,1615,2,0.14533409785731677
RAW_NO_PBC,N,1617,2,0.14489306401619115
RAW_NO_PBC,N,1619,2,0.14499999999999957
RAW_NO_PBC,N,1621,2,0.2894028334346434
RAW_NO_PBC,N,1623,2,0.2894028334346434
RAW_NO_PBC,N,1625,2,0.2894028334346438
RAW_NO_PBC,N,1627,2,0.2894028334346438
RAW_NO_PBC,N,1629,2,0.28955655751510817
RAW_NO_PBC,N,1631,2,0.28955655751510817
RAW_NO_PBC,N,1633,2,0.28956001105125023
RAW_NO_PBC,N,1635,2,0.2894011057338933
RAW_NO_PBC,N,1637,2,0.28931297931479016
RAW_NO_PBC,N,1639,2,0.28931297931479016
RAW_NO_PBC,N,1641,2,0.28940110573389294
RAW_NO_PBC,N,1643,2,0.28937691684030425
RAW_NO_PBC,N,1645,2,0.28937691684030425
RAW_NO_PBC,N,1647,2,0.28956001105125023
RAW_NO_PBC,N,1649,2,0.28960317677815667
RAW_NO_PBC,N,1651,2,0.28940283343464374
RAW_NO_PBC,N,1653,2,0.28940283343464374
RAW_NO_PBC,N,1655,2,0.2894028334346434
RAW_NO_PBC,N,1657,2,0.2894028334346434
RAW_NO_PBC,N,1659,2,0.28960317677815667
RAW_NO_PBC,N,1661,2,0.2889809682314738
RAW_NO_PBC,N,1663,2,0.2889809682314738
RAW_NO_PBC,N,1665,2,0.28913318730301424
RAW_NO_PBC,N,1667,2,0.28913318730301424
RAW_NO_PBC,N,1669,2,0.28931297931479016
RAW_NO_PBC,N,1671,2,0.28913318730301457
RAW_NO_PBC,N,1673,2,0.28913318730301457
RAW_NO_PBC,N,1675,2,0.2889809682314738
RAW_NO_PBC,N,1677,2,0.2889809682314738
RAW_NO_PBC,N,1679,2,0.2895565575151085
RAW_NO_PBC,N,1,3,0.1452446212429224
RAW_NO_PBC,N,3,3,0.14500000000000002
RAW_NO_PBC,N,5,3,0.14500000000000002
RAW_NO_PBC,N,7,3,0.145013792447477
RAW_NO_PBC,N,9,3,0.145013792447477
RAW_NO_PBC,N,11,3,0.14500000000000002
RAW_NO_PBC,N,13,3,0.14500000000000002
RAW_NO_PBC,N,15,3,0.1452446212429224
RAW_NO_PBC,N,17,3,0.14500000000000002
RAW_NO_PBC,N,19,3,0.14500000000000002
RAW_NO_PBC,N,21,3,0.1455369368923229
RAW_NO_PBC,N,23,3,0.14500000000000002
RAW_NO_PBC,N,25,3,0.14501379244747725
RAW_NO_PBC,N,27,3,0.14500000000000002
RAW_NO_PBC,N,29,3,0.14500000000000002
RAW_NO_PBC,N,31,3,0.14528936643815327
RAW_NO_PBC,N,33,3,0.14500000000000002
RAW_NO_PBC,N,35,3,0.14500000000000002
RAW_NO_PBC,N,37,3,0.14506550244630867
RAW_NO_PBC,N,39,3,0.14500344823486094
RAW_NO_PBC,N,41,3,0.14506550244630867
RAW_NO_PBC,N,43,3,0.14500000000000002
RAW_NO_PBC,N,45,3,0.14500000000000002
RAW_NO_PBC,N,47,3,0.14528936643815327
RAW_NO_PBC,N,49,3,0.14500000000000002
RAW_NO_PBC,N,51,3,0.14500000000000002
RAW_NO_PBC,N,53,3,0.14501379244747725
RAW_NO_PBC,N,55,3,0.1455369368923229
RAW_NO_PBC,N,57,3,0.14500000000000002
RAW_NO_PBC,N,59,3,0.14500000000000002
RAW_NO_PBC,N,61,3,0.14574292435655314
RAW_NO_PBC,N,63,3,0.1450620556865233
RAW_NO_PBC,N,65,3,0.14533409785731655
RAW_NO_PBC,N,67,3,0.14551288602732038
RAW_NO_PBC,N,69,3,0.14551288602732038
RAW_NO_PBC,N,71,3,0.14533409785731655
RAW_NO_PBC,N,73,3,0.14527560015363902
RAW_NO_PBC,N,75,3,0.14574292435655314
RAW_NO_PBC,N,77,3,0.14527560015363902
RAW_NO_PBC,N,79,3,0.14533409785731655
RAW_NO_PBC,N,81,3,0.1460342425597502
RAW_NO_PBC,N,83,3,0.1455128860273206
RAW_NO_PBC,N,85,3,0.14533409785731635
RAW_NO_PBC,N,87,3,0.14511719401917844
RAW_NO_PBC,N,89,3,0.1457875166123628
RAW_NO_PBC,N,91,3,0.14514131045295142
RAW_NO_PBC,N,93,3,0.1451171940191788
RAW_NO_PBC,N,95,3,0.1455644187293034
RAW_NO_PBC,N,97,3,0.14550257729676125
RAW_NO_PBC,N,99,3,0.1455644187293034
RAW_NO_PBC,N,101,3,0.14533409785731635
RAW_NO_PBC,N,103,3,0.14514131045295142
RAW_NO_PBC,N,105,3,0.1457875166123628
RAW_NO_PBC,N,107,3,0.14514131045295142
RAW_NO_PBC,N,109,3,0.14533409785731635
RAW_NO_PBC,N,111,3,0.1455128860273206
RAW_NO_PBC,N,113,3,0.14500000000000002
RAW_NO_PBC,N,115,3,0.1460342425597502
RAW_NO_PBC,N,117,3,0.1450620556865233
RAW_NO_PBC,N,119,3,0.14527560015363902
RAW_NO_PBC,N,121,3,0.14500000000000002
RAW_NO_PBC,N,123,3,0.14500000000000002
RAW_NO_PBC,N,125,3,0.145013792447477
RAW_NO_PBC,N,127,3,0.145013792447477
RAW_NO_PBC,N,129,3,0.14500000000000002
RAW_NO_PBC,N,131,3,0.14500000000000002
RAW_NO_PBC,N,133,3,0.1452446212429224
RAW_NO_PBC,N,135,3,0.14500000000000002
RAW_NO_PBC,N,137,3,0.14500000000000002
RAW_NO_PBC,N,139,3,0.1455369368923229
RAW_NO_PBC,N,141,3,0.14500000000000002
RAW_NO_PBC,N,143,3,0.14501379244747725
RAW_NO_PBC,N,145,3,0.14500000000000002
RAW_NO_PBC,N,147,3,0.14500000000000002
RAW_NO_PBC,N,149,3,0.14528936643815327
RAW_NO_PBC,N,151,3,0.14500000000000002
RAW_NO_PBC,N,153,3,0.14500000000000002
RAW_NO_PBC,N,155,3,0.14506550244630867
RAW_NO_PBC,N,157,3,0.14500344823486094
RAW_NO_PBC,N,159,3,0.14506550244630867
RAW_NO_PBC,N,161,3,0.14500000000000002
RAW_NO_PBC,N,163,3,0.14500000000000002
RAW_NO_PBC,N,165,3,0.14528936643815327
RAW_NO_PBC,N,167,3,0.14500000000000002
RAW_NO_PBC,N,169,3,0.14500000000000002
RAW_NO_PBC,N,171,3,0.14501379244747725
RAW_NO_PBC,N,173,3,0.1455369368923229
RAW_NO_PBC,N,175,3,0.14500000000000002
RAW_NO_PBC,N,177,3,0.14500000000000002
RAW_NO_PBC,N,179,3,0.1452446212429224
RAW_NO_PBC,N,181,3,0.1450620556865233
RAW_NO_PBC,N,183,3,0.14533409785731655
RAW_NO_PBC,N,185,3,0.14551288602732038
RAW_NO_PBC,N,187,3,0.14551288602732038
RAW_NO_PBC,N,189,3,0.14533409785731655
RAW_NO_PBC,N,191,3,0.14527560015363902
RAW_NO_PBC,N,193,3,0.14574292435655314
RAW_NO_PBC,N,195,3,0.14527560015363902
RAW_NO_PBC,N,197,3,0.14533409785731655
RAW_NO_PBC,N,199,3,0.1460342425597502
RAW_NO_PBC,N,201,3,0.1455128860273206
RAW_NO_PBC,N,203,3,0.14533409785731635
RAW_NO_PBC,N,205,3,0.14511719401917844
RAW_NO_PBC,N,207,3,0.1457875166123628
RAW_NO_PBC,N,209,3,0.14514131045295142
RAW_NO_PBC,N,211,3,0.1451171940191788
RAW_NO_PBC,N,213,3,0.1455644187293034
RAW_NO_PBC,N,215,3,0.14550257729676125
RAW_NO_PBC,N,217,3,0.1455644187293034
RAW_NO_PBC,N,219,3,0.14533409785731635
RAW_NO_PBC,N,221,3,0.14514131045295142
RAW_NO_PBC,N,223,3,0.1457875166123628
RAW_NO_PBC,N,225,3,0.14514131045295142
RAW_NO_PBC,N,227,3,0.14533409785731635
RAW_NO_PBC,N,229,3,0.1455128860273206
RAW_NO_PBC,N,231,3,0.14500000000000002
RAW_NO_PBC,N,233,3,0.1460342425597502
RAW_NO_PBC,N,235,3,0.1450620556865233
RAW_NO_PBC,N,237,3,0.14527560015363902
RAW_NO_PBC,N,239,3,0.14574292435655314
RAW_NO_PBC,N,241,3,0.14500000000000002
RAW_NO_PBC,N,243,3,0.145013792447477
RAW_NO_PBC,N,245,3,0.145013792447477
RAW_NO_PBC,N,247,3,0.14500000000000002
RAW_NO_PBC,N,249,3,0.14500000000000002
RAW_NO_PBC,N,251,3,0.1452446212429224
RAW_NO_PBC,N,253,3,0.14500000000000002
RAW_NO_PBC,N,255,3,0.14500000000000002
RAW_NO_PBC,N,257,3,0.1455369368923229
RAW_NO_PBC,N,259,3,0.14500000000000002
RAW_NO_PBC,N,261,3,0.14501379244747725
RAW_NO_PBC,N,263,3,0.14500000000000002
RAW_NO_PBC,N,265,3,0.14500000000000002
RAW_NO_PBC,N,267,3,0.14528936643815327
RAW_NO_PBC,N,269,3,0.14500000000000002
RAW_NO_PBC,N,271,3,0.14500000000000002
RAW_NO_PBC,N,273,3,0.14506550244630867
RAW_NO_PBC,N,275,3,0.14500344823486094
RAW_NO_PBC,N,277,3,0.14506550244630867
RAW_NO_PBC,N,279,3,0.14500000000000002
RAW_NO_PBC,N,281,3,0.14500000000000002
RAW_NO_PBC,N,283,3,0.14528936643815327
RAW_NO_PBC,N,285,3,0.14500000000000002
RAW_NO_PBC,N,287,3,0.14500000000000002
RAW_NO_PBC,N,289,3,0.14501379244747725
RAW_NO_PBC,N,291,3,0.1455369368923229
RAW_NO_PBC,N,293,3,0.14500000000000002
RAW_NO_PBC,N,295,3,0.14500000000000002
RAW_NO_PBC,N,297,3,0.1452446212429224
RAW_NO_PBC,N,299,3,0.14500000000000002
RAW_NO_PBC,N,301,3,0.14533409785731655
RAW_NO_PBC,N,303,3,0.14551288602732038
RAW_NO_PBC,N,305,3,0.14551288602732038
RAW_NO_PBC,N,307,3,0.14533409785731655
RAW_NO_PBC,N,309,3,0.14527560015363902
RAW_NO_PBC,N,311,3,0.14574292435655314
RAW_NO_PBC,N,313,3,0.14527560015363902
RAW_NO_PBC,N,315,3,0.14533409785731655
RAW_NO_PBC,N,317,3,0.1460342425597502
RAW_NO_PBC,N,319,3,0.1455128860273206
RAW_NO_PBC,N,321,3,0.14533409785731635
RAW_NO_PBC,N,323,3,0.14511719401917844
RAW_NO_PBC,N,325,3,0.1457875166123628
RAW_NO_PBC,N,327,3,0.14514131045295142
RAW_NO_PBC,N,329,3,0.1451171940191788
RAW_NO_PBC,N,331,3,0.1455644187293034
RAW_NO_PBC,N,333,3,0.14550257729676125
RAW_NO_PBC,N,335,3,0.1455644187293034
RAW_NO_PBC,N,337,3,0.14533409785731635
RAW_NO_PBC,N,339,3,0.14514131045295142
RAW_NO_PBC,N,341,3,0.1457875166123628
RAW_NO_PBC,N,343,3,0.14514131045295142
RAW_NO_PBC,N,345,3,0.14533409785731635
RAW_NO_PBC,N,347,3,0.1455128860273206
RAW_NO_PBC,N,349,3,0.14500000000000002
RAW_NO_PBC,N,351,3,0.1460342425597502
RAW_NO_PBC,N,353,3,0.1450620556865233
RAW_NO_PBC,N,355,3,0.14527560015363902
RAW_NO_PBC,N,357,3,0.14574292435655314
RAW_NO_PBC,N,359,3,0.1450620556865233
RAW_NO_PBC,N,361,3,0.14501379244747678
RAW_NO_PBC,N,363,3,0.14501379244747678
RAW_NO_PBC,N,365,3,0.14500000000000002
RAW_NO_PBC,N,367,3,0.14500000000000002
RAW_NO_PBC,N,369,3,0.14524462124292217
RAW_NO_PBC,N,371,3,0.14500000000000002
RAW_NO_PBC,N,373,3,0.14500000000000002
RAW_NO_PBC,N,375,3,0.14553693689232267
RAW_NO_PBC,N,377,3,0.14500000000000002
RAW_NO_PBC,N,379,3,0.14501379244747703
RAW_NO_PBC,N,381,3,0.14500000000000002
RAW_NO_PBC,N,383,3,0.14500000000000002
RAW_NO_PBC,N,385,3,0.14528936643815304
RAW_NO_PBC,N,387,3,0.14500000000000002
RAW_NO_PBC,N,389,3,0.14500000000000002
RAW_NO_PBC,N,391,3,0.14506550244630848
RAW_NO_PBC,N,393,3,0.14500344823486072
RAW_NO_PBC,N,395,3,0.14506550244630848
RAW_NO_PBC,N,397,3,0.14500000000000002
RAW_NO_PBC,N,399,3,0.14500000000000002
RAW_NO_PBC,N,401,3,0.14528936643815304
RAW_NO_PBC,N,403,3,0.14500000000000002
RAW_NO_PBC,N,405,3,0.14500000000000002
RAW_NO_PBC,N,407,3,0.14501379244747703
RAW_NO_PBC,N,409,3,0.14553693689232267
RAW_NO_PBC,N,411,3,0.14500000000000002
RAW_NO_PBC,N,413,3,0.14500000000000002
RAW_NO_PBC,N,415,3,0.14524462124292217
RAW_NO_PBC,N,417,3,0.14500000000000002
RAW_NO_PBC,N,419,3,0.14500000000000002
RAW_NO_PBC,N,421,3,0.1455128860273206
RAW_NO_PBC,N,423,3,0.1455128860273206
RAW_NO_PBC,N,425,3,0.14533409785731677
RAW_NO_PBC,N,427,3,0.14527560015363924
RAW_NO_PBC,N,429,3,0.14574292435655337
RAW_NO_PBC,N,431,3,0.14527560015363924
RAW_NO_PBC,N,433,3,0.14533409785731677
RAW_NO_PBC,N,435,3,0.14603424255975045
RAW_NO_PBC,N,437,3,0.14551288602732082
RAW_NO_PBC,N,439,3,0.1453340978573166
RAW_NO_PBC,N,441,3,0.14511719401917866
RAW_NO_PBC,N,443,3,0.14578751661236306
RAW_NO_PBC,N,445,3,0.14514131045295164
RAW_NO_PBC,N,447,3,0.14511719401917905
RAW_NO_PBC,N,449,3,0.14556441872930362
RAW_NO_PBC,N,451,3,0.14550257729676147
RAW_NO_PBC,N,453,3,0.14556441872930362
RAW_NO_PBC,N,455,3,0.1453340978573166
RAW_NO_PBC,N,457,3,0.14514131045295164
RAW_NO_PBC,N,459,3,0.14578751661236306
RAW_NO_PBC,N,461,3,0.14514131045295164
RAW_NO_PBC,N,463,3,0.1453340978573166
RAW_NO_PBC,N,465,3,0.14551288602732082
RAW_NO_PBC,N,467,3,0.14500000000000002
RAW_NO_PBC,N,469,3,0.14603424255975045
RAW_NO_PBC,N,471,3,0.14506205568652353
RAW_NO_PBC,N,473,3,0.14527560015363924
RAW_NO_PBC,N,475,3,0.14574292435655337
RAW_NO_PBC,N,477,3,0.14506205568652353
RAW_NO_PBC,N,479,3,0.14533409785731677
RAW_NO_PBC,N,481,3,0.1455128860273206
RAW_NO_PBC,N,483,3,0.14533409785731677
RAW_NO_PBC,N,485,3,0.14506205568652353
RAW_NO_PBC,N,487,3,0.14574292435655337
RAW_NO_PBC,N,489,3,0.14527560015363924
RAW_NO_PBC,N,491,3,0.14506205568652353
RAW_NO_PBC,N,493,3,0.14603424255975045
RAW_NO_PBC,N,495,3,0.14499999999999957
RAW_NO_PBC,N,497,3,0.14551288602732082
RAW_NO_PBC,N,499,3,0.1453340978573166
RAW_NO_PBC,N,501,3,0.14514131045295164
RAW_NO_PBC,N,503,3,0.14578751661236306
RAW_NO_PBC,N,505,3,0.14514131045295164
RAW_NO_PBC,N,507,3,0.1453340978573166
RAW_NO_PBC,N,509,3,0.14556441872930362
RAW_NO_PBC,N,511,3,0.14550257729676147
RAW_NO_PBC,N,513,3,0.14556441872930362
RAW_NO_PBC,N,515,3,0.14511719401917905
RAW_NO_PBC,N,517,3,0.14514131045295164
RAW_NO_PBC,N,519,3,0.14578751661236306
RAW_NO_PBC,N,521,3,0.14511719401917866
RAW_NO_PBC,N,523,3,0.1453340978573166
RAW_NO_PBC,N,525,3,0.14551288602732082
RAW_NO_PBC,N,527,3,0.14603424255975045
RAW_NO_PBC,N,529,3,0.14533409785731677
RAW_NO_PBC,N,531,3,0.14527560015363924
RAW_NO_PBC,N,533,3,0.14574292435655337
RAW_NO_PBC,N,535,3,0.14527560015363924
RAW_NO_PBC,N,537,3,0.14533409785731677
RAW_NO_PBC,N,539,3,0.1455128860273206
RAW_NO_PBC,N,541,3,0.145013792447477
RAW_NO_PBC,N,543,3,0.14499999999999957
RAW_NO_PBC,N,545,3,0.14499999999999957
RAW_NO_PBC,N,547,3,0.1452446212429224
RAW_NO_PBC,N,549,3,0.14499999999999957
RAW_NO_PBC,N,551,3,0.14499999999999957
RAW_NO_PBC,N,553,3,0.1455369368923229
RAW_NO_PBC,N,555,3,0.14501379244747725
RAW_NO_PBC,N,557,3,0.14499999999999957
RAW_NO_PBC,N,559,3,0.14499999999999957
RAW_NO_PBC,N,561,3,0.14528936643815327
RAW_NO_PBC,N,563,3,0.14499999999999957
RAW_NO_PBC,N,565,3,0.14499999999999957
RAW_NO_PBC,N,567,3,0.14506550244630867
RAW_NO_PBC,N,569,3,0.14500344823486094
RAW_NO_PBC,N,571,3,0.14506550244630867
RAW_NO_PBC,N,573,3,0.14499999999999957
RAW_NO_PBC,N,575,3,0.14499999999999957
RAW_NO_PBC,N,577,3,0.14528936643815327
RAW_NO_PBC,N,579,3,0.14499999999999957
RAW_NO_PBC,N,581,3,0.14499999999999957
RAW_NO_PBC,N,583,3,0.14501379244747725
RAW_NO_PBC,N,585,3,0.14499999999999957
RAW_NO_PBC,N,587,3,0.1455369368923229
RAW_NO_PBC,N,589,3,0.14499999999999957
RAW_NO_PBC,N,591,3,0.14499999999999957
RAW_NO_PBC,N,593,3,0.1452446212429224
RAW_NO_PBC,N,595,3,0.14499999999999957
RAW_NO_PBC,N,597,3,0.14499999999999957
RAW_NO_PBC,N,599,3,0.145013792447477
RAW_NO_PBC,N,601,3,0.14533409785731632
RAW_NO_PBC,N,603,3,0.14506205568652306
RAW_NO_PBC,N,605,3,0.1457429243565529
RAW_NO_PBC,N,607,3,0.1452756001536388
RAW_NO_PBC,N,609,3,0.14506205568652306
RAW_NO_PBC,N,611,3,0.14603424255974998
RAW_NO_PBC,N,613,3,0.14500000000000046
RAW_NO_PBC,N,615,3,0.14551288602732038
RAW_NO_PBC,N,617,3,0.14533409785731613
RAW_NO_PBC,N,619,3,0.1451413104529512
RAW_NO_PBC,N,621,3,0.14578751661236258
RAW_NO_PBC,N,623,3,0.1451413104529512
RAW_NO_PBC,N,625,3,0.14533409785731613
RAW_NO_PBC,N,627,3,0.14556441872930317
RAW_NO_PBC,N,629,3,0.14550257729676103
RAW_NO_PBC,N,631,3,0.14556441872930317
RAW_NO_PBC,N,633,3,0.14511719401917858
RAW_NO_PBC,N,635,3,0.1451413104529512
RAW_NO_PBC,N,637,3,0.14578751661236258
RAW_NO_PBC,N,639,3,0.14511719401917822
RAW_NO_PBC,N,641,3,0.14533409785731613
RAW_NO_PBC,N,643,3,0.14551288602732038
RAW_NO_PBC,N,645,3,0.14603424255974998
RAW_NO_PBC,N,647,3,0.14533409785731632
RAW_NO_PBC,N,649,3,0.1452756001536388
RAW_NO_PBC,N,651,3,0.1457429243565529
RAW_NO_PBC,N,653,3,0.1452756001536388
RAW_NO_PBC,N,655,3,0.14533409785731632
RAW_NO_PBC,N,657,3,0.14551288602732013
RAW_NO_PBC,N,659,3,0.14551288602732013
RAW_NO_PBC,N,661,3,0.14533409785731677
RAW_NO_PBC,N,663,3,0.14527560015363924
RAW_NO_PBC,N,665,3,0.14574292435655337
RAW_NO_PBC,N,667,3,0.14527560015363924
RAW_NO_PBC,N,669,3,0.14533409785731677
RAW_NO_PBC,N,671,3,0.14603424255975045
RAW_NO_PBC,N,673,3,0.14551288602732082
RAW_NO_PBC,N,675,3,0.1453340978573166
RAW_NO_PBC,N,677,3,0.14511719401917866
RAW_NO_PBC,N,679,3,0.14578751661236306
RAW_NO_PBC,N,681,3,0.14514131045295164
RAW_NO_PBC,N,683,3,0.14511719401917905
RAW_NO_PBC,N,685,3,0.14556441872930362
RAW_NO_PBC,N,687,3,0.14550257729676147
RAW_NO_PBC,N,689,3,0.14556441872930362
RAW_NO_PBC,N,691,3,0.1453340978573166
RAW_NO_PBC,N,693,3,0.14514131045295164
RAW_NO_PBC,N,695,3,0.14578751661236306
RAW_NO_PBC,N,697,3,0.14514131045295164
RAW_NO_PBC,N,699,3,0.1453340978573166
RAW_NO_PBC,N,701,3,0.14551288602732082
RAW_NO_PBC,N,703,3,0.14489306401619115
RAW_NO_PBC,N,705,3,0.14603424255975045
RAW_NO_PBC,N,707,3,0.14506205568652353
RAW_NO_PBC,N,709,3,0.14527560015363924
RAW_NO_PBC,N,711,3,0.14574292435655337
RAW_NO_PBC,N,713,3,0.14506205568652353
RAW_NO_PBC,N,715,3,0.14533409785731677
RAW_NO_PBC,N,717,3,0.1455128860273206
RAW_NO_PBC,N,719,3,0.1455128860273206
RAW_NO_PBC,N,721,3,0.14499999999999957
RAW_NO_PBC,N,723,3,0.1452446212429224
RAW_NO_PBC,N,725,3,0.14499999999999957
RAW_NO_PBC,N,727,3,0.14499999999999957
RAW_NO_PBC,N,729,3,0.1455369368923229
RAW_NO_PBC,N,731,3,0.14499999999999957
RAW_NO_PBC,N,733,3,0.14501379244747725
RAW_NO_PBC,N,735,3,0.14499999999999957
RAW_NO_PBC,N,737,3,0.14499999999999957
RAW_NO_PBC,N,739,3,0.14528936643815327
RAW_NO_PBC,N,741,3,0.14499999999999957
RAW_NO_PBC,N,743,3,0.14499999999999957
RAW_NO_PBC,N,745,3,0.14506550244630867
RAW_NO_PBC,N,747,3,0.14500344823486094
RAW_NO_PBC,N,749,3,0.14506550244630867
RAW_NO_PBC,N,751,3,0.14499999999999957
RAW_NO_PBC,N,753,3,0.14499999999999957
RAW_NO_PBC,N,755,3,0.14528936643815327
RAW_NO_PBC,N,757,3,0.14499999999999957
RAW_NO_PBC,N,759,3,0.14499999999999957
RAW_NO_PBC,N,761,3,0.14501379244747725
RAW_NO_PBC,N,763,3,0.1455369368923229
RAW_NO_PBC,N,765,3,0.14499999999999957
RAW_NO_PBC,N,767,3,0.14499999999999957
RAW_NO_PBC,N,769,3,0.1452446212429224
RAW_NO_PBC,N,771,3,0.14499999999999957
RAW_NO_PBC,N,773,3,0.14499999999999957
RAW_NO_PBC,N,775,3,0.145013792447477
RAW_NO_PBC,N,777,3,0.145013792447477
RAW_NO_PBC,N,779,3,0.14499999999999957
RAW_NO_PBC,N,781,3,0.1459999999999999
RAW_NO_PBC,N,783,3,0.1459999999999999
RAW_NO_PBC,N,785,3,0.1459999999999999
RAW_NO_PBC,N,787,3,0.1459999999999999
RAW_NO_PBC,N,789,3,0.1459999999999999
RAW_NO_PBC,N,791,3,0.1459999999999999
RAW_NO_PBC,N,793,3,0.1459999999999999
RAW_NO_PBC,N,795,3,0.1459999999999999
RAW_NO_PBC,N,797,3,0.1459999999999999
RAW_NO_PBC,N,799,3,0.1459999999999999
RAW_NO_PBC,N,801,3,0.1459999999999999
RAW_NO_PBC,N,803,3,0.1459999999999999
RAW_NO_PBC,N,805,3,0.1459999999999999
RAW_NO_PBC,N,807,3,0.1459999999999999
RAW_NO_PBC,N,809,3,0.1459999999999999
RAW_NO_PBC,N,811,3,0.1459999999999999
RAW_NO_PBC,N,813,3,0.1459999999999999
RAW_NO_PBC,N,815,3,0.1459999999999999
RAW_NO_PBC,N,817,3,0.1459999999999999
RAW_NO_PBC,N,819,3,0.1459999999999999
RAW_NO_PBC,N,821,3,0.1459999999999999
RAW_NO_PBC,N,823,3,0.1459999999999999
RAW_NO_PBC,N,825,3,0.1459999999999999
RAW_NO_PBC,N,827,3,0.1459999999999999
RAW_NO_PBC,N,829,3,0.1459999999999999
RAW_NO_PBC,N,831,3,0.1459999999999999
RAW_NO_PBC,N,833,3,0.1459999999999999
RAW_NO_PBC,N,835,3,0.1459999999999999
RAW_NO_PBC,N,837,3,0.1459999999999999
RAW_NO_PBC,N,839,3,0.1459999999999999
RAW_NO_PBC,N,841,3,0.1457429243565529
RAW_NO_PBC,N,843,3,0.1452756001536388
RAW_NO_PBC,N,845,3,0.14506205568652306
RAW_NO_PBC,N,847,3,0.14603424255974998
RAW_NO_PBC,N,849,3,0.14500000000000046
RAW_NO_PBC,N,851,3,0.14551288602732038
RAW_NO_PBC,N,853,3,0.14533409785731613
RAW_NO_PBC,N,855,3,0.1451413104529512
RAW_NO_PBC,N,857,3,0.14578751661236258
RAW_NO_PBC,N,859,3,0.1451413104529512
RAW_NO_PBC,N,861,3,0.14533409785731613
RAW_NO_PBC,N,863,3,0.14556441872930317
RAW_NO_PBC,N,865,3,0.14550257729676103
RAW_NO_PBC,N,867,3,0.14556441872930317
RAW_NO_PBC,N,869,3,0.14511719401917858
RAW_NO_PBC,N,871,3,0.1451413104529512
RAW_NO_PBC,N,873,3,0.14578751661236258
RAW_NO_PBC,N,875,3,0.14511719401917822
RAW_NO_PBC,N,877,3,0.14533409785731613
RAW_NO_PBC,N,879,3,0.14551288602732038
RAW_NO_PBC,N,881,3,0.14603424255974998
RAW_NO_PBC,N,883,3,0.14533409785731632
RAW_NO_PBC,N,885,3,0.1452756001536388
RAW_NO_PBC,N,887,3,0.1457429243565529
RAW_NO_PBC,N,889,3,0.1452756001536388
RAW_NO_PBC,N,891,3,0.14533409785731632
RAW_NO_PBC,N,893,3,0.14551288602732013
RAW_NO_PBC,N,895,3,0.14551288602732013
RAW_NO_PBC,N,897,3,0.14533409785731632
RAW_NO_PBC,N,899,3,0.14506205568652306
RAW_NO_PBC,N,901,3,0.1452446212429224
RAW_NO_PBC,N,903,3,0.14500000000000046
RAW_NO_PBC,N,905,3,0.14500000000000046
RAW_NO_PBC,N,907,3,0.1455369368923229
RAW_NO_PBC,N,909,3,0.14501379244747725
RAW_NO_PBC,N,911,3,0.14500000000000046
RAW_NO_PBC,N,913,3,0.14500000000000046
RAW_NO_PBC,N,915,3,0.14528936643815327
RAW_NO_PBC,N,917,3,0.14500000000000046
RAW_NO_PBC,N,919,3,0.14500000000000046
RAW_NO_PBC,N,921,3,0.14506550244630867
RAW_NO_PBC,N,923,3,0.14500344823486094
RAW_NO_PBC,N,925,3,0.14506550244630867
RAW_NO_PBC,N,927,3,0.14500000000000046
RAW_NO_PBC,N,929,3,0.14500000000000046
RAW_NO_PBC,N,931,3,0.14528936643815327
RAW_NO_PBC,N,933,3,0.14500000000000046
RAW_NO_PBC,N,935,3,0.14500000000000046
RAW_NO_PBC,N,937,3,0.14501379244747725
RAW_NO_PBC,N,939,3,0.14500000000000046
RAW_NO_PBC,N,941,3,0.1455369368923229
RAW_NO_PBC,N,943,3,0.14500000000000046
RAW_NO_PBC,N,945,3,0.14500000000000046
RAW_NO_PBC,N,947,3,0.1452446212429224
RAW_NO_PBC,N,949,3,0.14500000000000046
RAW_NO_PBC,N,951,3,0.14500000000000046
RAW_NO_PBC,N,953,3,0.145013792447477
RAW_NO_PBC,N,955,3,0.145013792447477
RAW_NO_PBC,N,957,3,0.14500000000000046
RAW_NO_PBC,N,959,3,0.14500000000000046
RAW_NO_PBC,N,961,3,0.14499999999999957
RAW_NO_PBC,N,963,3,0.14499999999999957
RAW_NO_PBC,N,965,3,0.1455369368923229
RAW_NO_PBC,N,967,3,0.14499999999999957
RAW_NO_PBC,N,969,3,0.14501379244747725
RAW_NO_PBC,N,971,3,0.14499999999999957
RAW_NO_PBC,N,973,3,0.14499999999999957
RAW_NO_PBC,N,975,3,0.14528936643815327
RAW_NO_PBC,N,977,3,0.14499999999999957
RAW_NO_PBC,N,979,3,0.14499999999999957
RAW_NO_PBC,N,981,3,0.14506550244630867
RAW_NO_PBC,N,983,3,0.14500344823486094
RAW_NO_PBC,N,985,3,0.14506550244630867
RAW_NO_PBC,N,987,3,0.14499999999999957
RAW_NO_PBC,N,989,3,0.14499999999999957
RAW_NO_PBC,N,991,3,0.14528936643815327
RAW_NO_PBC,N,993,3,0.14499999999999957
RAW_NO_PBC,N,995,3,0.14499999999999957
RAW_NO_PBC,N,997,3,0.14501379244747725
RAW_NO_PBC,N,999,3,0.1455369368923229
RAW_NO_PBC,N,1001,3,0.14499999999999957
RAW_NO_PBC,N,1003,3,0.14499999999999957
RAW_NO_PBC,N,1005,3,0.1452446212429224
RAW_NO_PBC,N,1007,3,0.14499999999999957
RAW_NO_PBC,N,1009,3,0.14499999999999957
RAW_NO_PBC,N,1011,3,0.145013792447477
RAW_NO_PBC,N,1013,3,0.145013792447477
RAW_NO_PBC,N,1015,3,0.14499999999999957
RAW_NO_PBC,N,1017,3,0.14499999999999957
RAW_NO_PBC,N,1019,3,0.1452446212429224
RAW_NO_PBC,N,1021,3,0.14527560015363924
RAW_NO_PBC,N,1023,3,0.14533409785731677
RAW_NO_PBC,N,1025,3,0.14603424255975045
RAW_NO_PBC,N,1027,3,0.14551288602732082
RAW_NO_PBC,N,1029,3,0.1453340978573166
RAW_NO_PBC,N,1031,3,0.14511719401917866
RAW_NO_PBC,N,1033,3,0.14578751661236306
RAW_NO_PBC,N,1035,3,0.14514131045295164
RAW_NO_PBC,N,1037,3,0.14511719401917905
RAW_NO_PBC,N,1039,3,0.14556441872930362
RAW_NO_PBC,N,1041,3,0.14550257729676147
RAW_NO_PBC,N,1043,3,0.14556441872930362
RAW_NO_PBC,N,1045,3,0.1453340978573166
RAW_NO_PBC,N,1047,3,0.14514131045295164
RAW_NO_PBC,N,1049,3,0.14578751661236306
RAW_NO_PBC,N,1051,3,0.14514131045295164
RAW_NO_PBC,N,1053,3,0.1453340978573166
RAW_NO_PBC,N,1055,3,0.14551288602732082
RAW_NO_PBC,N,1057,3,0.14499999999999957
RAW_NO_PBC,N,1059,3,0.14603424255975045
RAW_NO_PBC,N,1061,3,0.14506205568652353
RAW_NO_PBC,N,1063,3,0.14527560015363924
RAW_NO_PBC,N,1065,3,0.14574292435655337
RAW_NO_PBC,N,1067,3,0.14506205568652353
RAW_NO_PBC,N,1069,3,0.14533409785731677
RAW_NO_PBC,N,1071,3,0.1455128860273206
RAW_NO_PBC,N,1073,3,0.1455128860273206
RAW_NO_PBC,N,1075,3,0.14533409785731677
RAW_NO_PBC,N,1077,3,0.14527560015363924
RAW_NO_PBC,N,1079,3,0.14574292435655337
RAW_NO_PBC,N,1081,3,0.14506205568652353
RAW_NO_PBC,N,1083,3,0.14603424255975045
RAW_NO_PBC,N,1085,3,0.14499999999999957
RAW_NO_PBC,N,1087,3,0.14551288602732082
RAW_NO_PBC,N,1089,3,0.1453340978573166
RAW_NO_PBC,N,1091,3,0.14514131045295164
RAW_NO_PBC,N,1093,3,0.14578751661236306
RAW_NO_PBC,N,1095,3,0.14514131045295164
RAW_NO_PBC,N,1097,3,0.1453340978573166
RAW_NO_PBC,N,1099,3,0.14556441872930362
RAW_NO_PBC,N,1101,3,0.14550257729676147
RAW_NO_PBC,N,1103,3,0.14556441872930362
RAW_NO_PBC,N,1105,3,0.14511719401917905
RAW_NO_PBC,N,1107,3,0.14514131045295164
RAW_NO_PBC,N,1109,3,0.14578751661236306
RAW_NO_PBC,N,1111,3,0.14511719401917866
RAW_NO_PBC,N,1113,3,0.1453340978573166
RAW_NO_PBC,N,1115,3,0.14551288602732082
RAW_NO_PBC,N,1117,3,0.14603424255975045
RAW_NO_PBC,N,1119,3,0.14533409785731677
RAW_NO_PBC,N,1121,3,0.14527560015363924
RAW_NO_PBC,N,1123,3,0.14574292435655337
RAW_NO_PBC,N,1125,3,0.14527560015363924
RAW_NO_PBC,N,1127,3,0.14533409785731677
RAW_NO_PBC,N,1129,3,0.1455128860273206
RAW_NO_PBC,N,1131,3,0.1455128860273206
RAW_NO_PBC,N,1133,3,0.14533409785731677
RAW_NO_PBC,N,1135,3,0.14506205568652353
RAW_NO_PBC,N,1137,3,0.14574292435655337
RAW_NO_PBC,N,1139,3,0.14527560015363924
RAW_NO_PBC,N,1141,3,0.14533409785731632
RAW_NO_PBC,N,1143,3,0.14603424255974998
RAW_NO_PBC,N,1145,3,0.14551288602732038
RAW_NO_PBC,N,1147,3,0.14533409785731613
RAW_NO_PBC,N,1149,3,0.14511719401917822
RAW_NO_PBC,N,1151,3,0.14578751661236258
RAW_NO_PBC,N,1153,3,0.1451413104529512
RAW_NO_PBC,N,1155,3,0.14511719401917858
RAW_NO_PBC,N,1157,3,0.14556441872930317
RAW_NO_PBC,N,1159,3,0.14550257729676103
RAW_NO_PBC,N,1161,3,0.14556441872930317
RAW_NO_PBC,N,1163,3,0.14533409785731613
RAW_NO_PBC,N,1165,3,0.1451413104529512
RAW_NO_PBC,N,1167,3,0.14578751661236258
RAW_NO_PBC,N,1169,3,0.1451413104529512
RAW_NO_PBC,N,1171,3,0.14533409785731613
RAW_NO_PBC,N,1173,3,0.14551288602732038
RAW_NO_PBC,N,1175,3,0.1448930640161907
RAW_NO_PBC,N,1177,3,0.14603424255974998
RAW_NO_PBC,N,1179,3,0.14506205568652306
RAW_NO_PBC,N,1181,3,0.1452756001536388
RAW_NO_PBC,N,1183,3,0.1457429243565529
RAW_NO_PBC,N,1185,3,0.14506205568652306
RAW_NO_PBC,N,1187,3,0.14533409785731632
RAW_NO_PBC,N,1189,3,0.14551288602732013
RAW_NO_PBC,N,1191,3,0.14551288602732013
RAW_NO_PBC,N,1193,3,0.14533409785731632
RAW_NO_PBC,N,1195,3,0.1452756001536388
RAW_NO_PBC,N,1197,3,0.1457429243565529
RAW_NO_PBC,N,1199,3,0.1452756001536388
RAW_NO_PBC,N,1201,3,0.1455369368923229
RAW_NO_PBC,N,1203,3,0.14500000000000046
RAW_NO_PBC,N,1205,3,0.14501379244747725
RAW_NO_PBC,N,1207,3,0.14500000000000046
RAW_NO_PBC,N,1209,3,0.14500000000000046
RAW_NO_PBC,N,1211,3,0.14528936643815327
RAW_NO_PBC,N,1213,3,0.14500000000000046
RAW_NO_PBC,N,1215,3,0.14500000000000046
RAW_NO_PBC,N,1217,3,0.14506550244630867
RAW_NO_PBC,N,1219,3,0.14500344823486094
RAW_NO_PBC,N,1221,3,0.14506550244630867
RAW_NO_PBC,N,1223,3,0.14500000000000046
RAW_NO_PBC,N,1225,3,0.14500000000000046
RAW_NO_PBC,N,1227,3,0.14528936643815327
RAW_NO_PBC,N,1229,3,0.14500000000000046
RAW_NO_PBC,N,1231,3,0.14500000000000046
RAW_NO_PBC,N,1233,3,0.14501379244747725
RAW_NO_PBC,N,1235,3,0.1455369368923229
RAW_NO_PBC,N,1237,3,0.14500000000000046
RAW_NO_PBC,N,1239,3,0.14500000000000046
RAW_NO_PBC,N,1241,3,0.1452446212429224
RAW_NO_PBC,N,1243,3,0.14500000000000046
RAW_NO_PBC,N,1245,3,0.14500000000000046
RAW_NO_PBC,N,1247,3,0.145013792447477
RAW_NO_PBC,N,1249,3,0.145013792447477
RAW_NO_PBC,N,1251,3,0.14500000000000046
RAW_NO_PBC,N,1253,3,0.14500000000000046
RAW_NO_PBC,N,1255,3,0.1452446212429224
RAW_NO_PBC,N,1257,3,0.14500000000000046
RAW_NO_PBC,N,1259,3,0.14500000000000046
RAW_NO_PBC,N,1261,3,0.1459999999999999
RAW_NO_PBC,N,1263,3,0.1459999999999999
RAW_NO_PBC,N,1265,3,0.1459999999999999
RAW_NO_PBC,N,1267,3,0.1459999999999999
RAW_NO_PBC,N,1269,3,0.1459999999999999
RAW_NO_PBC,N,1271,3,0.1459999999999999
RAW_NO_PBC,N,1273,3,0.1459999999999999
RAW_NO_PBC,N,1275,3,0.1459999999999999
RAW_NO_PBC,N,1277,3,0.1459999999999999
RAW_NO_PBC,N,1279,3,0.1459999999999999
RAW_NO_PBC,N,1281,3,0.1459999999999999
RAW_NO_PBC,N,1283,3,0.1459999999999999
RAW_NO_PBC,N,1285,3,0.1459999999999999
RAW_NO_PBC,N,1287,3,0.1459999999999999
RAW_NO_PBC,N,1289,3,0.1459999999999999
RAW_NO_PBC,N,1291,3,0.1459999999999999
RAW_NO_PBC,N,1293,3,0.1459999999999999
RAW_NO_PBC,N,1295,3,0.1459999999999999
RAW_NO_PBC,N,1297,3,0.1459999999999999
RAW_NO_PBC,N,1299,3,0.1459999999999999
RAW_NO_PBC,N,1301,3,0.1459999999999999
RAW_NO_PBC,N,1303,3,0.1459999999999999
RAW_NO_PBC,N,1305,3,0.1459999999999999
RAW_NO_PBC,N,1307,3,0.1459999999999999
RAW_NO_PBC,N,1309,3,0.1459999999999999
RAW_NO_PBC,N,1311,3,0.1459999999999999
RAW_NO_PBC,N,1313,3,0.1459999999999999
RAW_NO_PBC,N,1315,3,0.1459999999999999
RAW_NO_PBC,N,1317,3,0.1459999999999999
RAW_NO_PBC,N,1319,3,0.1459999999999999
RAW_NO_PBC,N,1321,3,0.14499999999999957
RAW_NO_PBC,N,1323,3,0.14501379244747725
RAW_NO_PBC,N,1325,3,0.14499999999999957
RAW_NO_PBC,N,1327,3,0.14499999999999957
RAW_NO_PBC,N,1329,3,0.14528936643815327
RAW_NO_PBC,N,1331,3,0.14499999999999957
RAW_NO_PBC,N,1333,3,0.14499999999999957
RAW_NO_PBC,N,1335,3,0.14506550244630867
RAW_NO_PBC,N,1337,3,0.14500344823486094
RAW_NO_PBC,N,1339,3,0.14506550244630867
RAW_NO_PBC,N,1341,3,0.14499999999999957
RAW_NO_PBC,N,1343,3,0.14499999999999957
RAW_NO_PBC,N,1345,3,0.14528936643815327
RAW_NO_PBC,N,1347,3,0.14499999999999957
RAW_NO_PBC,N,1349,3,0.14499999999999957
RAW_NO_PBC,N,1351,3,0.14501379244747725
RAW_NO_PBC,N,1353,3,0.1455369368923229
RAW_NO_PBC,N,1355,3,0.14499999999999957
RAW_NO_PBC,N,1357,3,0.14499999999999957
RAW_NO_PBC,N,1359,3,0.1452446212429224
RAW_NO_PBC,N,1361,3,0.14499999999999957
RAW_NO_PBC,N,1363,3,0.14499999999999957
RAW_NO_PBC,N,1365,3,0.145013792447477
RAW_NO_PBC,N,1367,3,0.145013792447477
RAW_NO_PBC,N,1369,3,0.14499999999999957
RAW_NO_PBC,N,1371,3,0.14499999999999957
RAW_NO_PBC,N,1373,3,0.1452446212429224
RAW_NO_PBC,N,1375,3,0.14499999999999957
RAW_NO_PBC,N,1377,3,0.14499999999999957
RAW_NO_PBC,N,1379,3,0.1455369368923229
RAW_NO_PBC,N,1381,3,0.14551288602732038
RAW_NO_PBC,N,1383,3,0.14533409785731613
RAW_NO_PBC,N,1385,3,0.14511719401917822
RAW_NO_PBC,N,1387,3,0.14578751661236258
RAW_NO_PBC,N,1389,3,0.1451413104529512
RAW_NO_PBC,N,1391,3,0.14511719401917858
RAW_NO_PBC,N,1393,3,0.14556441872930317
RAW_NO_PBC,N,1395,3,0.14550257729676103
RAW_NO_PBC,N,1397,3,0.14556441872930317
RAW_NO_PBC,N,1399,3,0.14533409785731613
RAW_NO_PBC,N,1401,3,0.1451413104529512
RAW_NO_PBC,N,1403,3,0.14578751661236258
RAW_NO_PBC,N,1405,3,0.1451413104529512
RAW_NO_PBC,N,1407,3,0.14533409785731613
RAW_NO_PBC,N,1409,3,0.14551288602732038
RAW_NO_PBC,N,1411,3,0.14500000000000046
RAW_NO_PBC,N,1413,3,0.14603424255974998
RAW_NO_PBC,N,1415,3,0.14506205568652306
RAW_NO_PBC,N,1417,3,0.1452756001536388
RAW_NO_PBC,N,1419,3,0.1457429243565529
RAW_NO_PBC,N,1421,3,0.14506205568652306
RAW_NO_PBC,N,1423,3,0.14533409785731632
RAW_NO_PBC,N,1425,3,0.14551288602732013
RAW_NO_PBC,N,1427,3,0.14551288602732013
RAW_NO_PBC,N,1429,3,0.14533409785731632
RAW_NO_PBC,N,1431,3,0.1452756001536388
RAW_NO_PBC,N,1433,3,0.1457429243565529
RAW_NO_PBC,N,1435,3,0.1452756001536388
RAW_NO_PBC,N,1437,3,0.14533409785731632
RAW_NO_PBC,N,1439,3,0.14603424255974998
RAW_NO_PBC,N,1441,3,0.14551288602732038
RAW_NO_PBC,N,1443,3,0.14533409785731613
RAW_NO_PBC,N,1445,3,0.1451413104529512
RAW_NO_PBC,N,1447,3,0.14578751661236258
RAW_NO_PBC,N,1449,3,0.1451413104529512
RAW_NO_PBC,N,1451,3,0.14533409785731613
RAW_NO_PBC,N,1453,3,0.14556441872930317
RAW_NO_PBC,N,1455,3,0.14550257729676103
RAW_NO_PBC,N,1457,3,0.14556441872930317
RAW_NO_PBC,N,1459,3,0.14511719401917858
RAW_NO_PBC,N,1461,3,0.1451413104529512
RAW_NO_PBC,N,1463,3,0.14578751661236258
RAW_NO_PBC,N,1465,3,0.14511719401917822
RAW_NO_PBC,N,1467,3,0.14533409785731613
RAW_NO_PBC,N,1469,3,0.14551288602732038
RAW_NO_PBC,N,1471,3,0.14603424255974998
RAW_NO_PBC,N,1473,3,0.14533409785731632
RAW_NO_PBC,N,1475,3,0.1452756001536388
RAW_NO_PBC,N,1477,3,0.1457429243565529
RAW_NO_PBC,N,1479,3,0.1452756001536388
RAW_NO_PBC,N,1481,3,0.14533409785731632
RAW_NO_PBC,N,1483,3,0.14551288602732013
RAW_NO_PBC,N,1485,3,0.14551288602732013
RAW_NO_PBC,N,1487,3,0.14533409785731632
RAW_NO_PBC,N,1489,3,0.14506205568652306
RAW_NO_PBC,N,1491,3,0.1457429243565529
RAW_NO_PBC,N,1493,3,0.1452756001536388
RAW_NO_PBC,N,1495,3,0.14506205568652306
RAW_NO_PBC,N,1497,3,0.14603424255974998
RAW_NO_PBC,N,1499,3,0.14500000000000046
RAW_NO_PBC,N,1501,3,0.14500000000000046
RAW_NO_PBC,N,1503,3,0.14500000000000046
RAW_NO_PBC,N,1505,3,0.14528936643815327
RAW_NO_PBC,N,1507,3,0.14500000000000046
RAW_NO_PBC,N,1509,3,0.14500000000000046
RAW_NO_PBC,N,1511,3,0.14506550244630867
RAW_NO_PBC,N,1513,3,0.14500344823486094
RAW_NO_PBC,N,1515,3,0.14506550244630867
RAW_NO_PBC,N,1517,3,0.14500000000000046
RAW_NO_PBC,N,1519,3,0.14500000000000046
RAW_NO_PBC,N,1521,3,0.14528936643815327
RAW_NO_PBC,N,1523,3,0.14500000000000046
RAW_NO_PBC,N,1525,3,0.14500000000000046
RAW_NO_PBC,N,1527,3,0.14501379244747725
RAW_NO_PBC,N,1529,3,0.14500000000000046
RAW_NO_PBC,N,1531,3,0.1455369368923229
RAW_NO_PBC,N,1533,3,0.14500000000000046
RAW_NO_PBC,N,1535,3,0.14500000000000046
RAW_NO_PBC,N,1537,3,0.1452446212429224
RAW_NO_PBC,N,1539,3,0.14500000000000046
RAW_NO_PBC,N,1541,3,0.14500000000000046
RAW_NO_PBC,N,1543,3,0.145013792447477
RAW_NO_PBC,N,1545,3,0.145013792447477
RAW_NO_PBC,N,1547,3,0.14500000000000046
RAW_NO_PBC,N,1549,3,0.14500000000000046
RAW_NO_PBC,N,1551,3,0.1452446212429224
RAW_NO_PBC,N,1553,3,0.14500000000000046
RAW_NO_PBC,N,1555,3,0.14500000000000046
RAW_NO_PBC,N,1557,3,0.1455369368923229
RAW_NO_PBC,N,1559,3,0.14501379244747725
RAW_NO_PBC,N,1561,3,0.1453340978573166
RAW_NO_PBC,N,1563,3,0.14514131045295164
RAW_NO_PBC,N,1565,3,0.14578751661236306
RAW_NO_PBC,N,1567,3,0.14514131045295164
RAW_NO_PBC,N,1569,3,0.1453340978573166
RAW_NO_PBC,N,1571,3,0.14556441872930362
RAW_NO_PBC,N,1573,3,0.14550257729676147
RAW_NO_PBC,N,1575,3,0.14556441872930362
RAW_NO_PBC,N,1577,3,0.14511719401917905
RAW_NO_PBC,N,1579,3,0.14514131045295164
RAW_NO_PBC,N,1581,3,0.14578751661236306
RAW_NO_PBC,N,1583,3,0.14511719401917866
RAW_NO_PBC,N,1585,3,0.1453340978573166
RAW_NO_PBC,N,1587,3,0.14551288602732082
RAW_NO_PBC,N,1589,3,0.14603424255975045
RAW_NO_PBC,N,1591,3,0.14533409785731677
RAW_NO_PBC,N,1593,3,0.14527560015363924
RAW_NO_PBC,N,1595,3,0.14574292435655337
RAW_NO_PBC,N,1597,3,0.14527560015363924
RAW_NO_PBC,N,1599,3,0.14533409785731677
RAW_NO_PBC,N,1601,3,0.1455128860273206
RAW_NO_PBC,N,1603,3,0.1455128860273206
RAW_NO_PBC,N,1605,3,0.14533409785731677
RAW_NO_PBC,N,1607,3,0.14506205568652353
RAW_NO_PBC,N,1609,3,0.14574292435655337
RAW_NO_PBC,N,1611,3,0.14527560015363924
RAW_NO_PBC,N,1613,3,0.14506205568652353
RAW_NO_PBC,N,1615,3,0.14603424255975045
RAW_NO_PBC,N,1617,3,0.14499999999999957
RAW_NO_PBC,N,1619,3,0.14551288602732082
RAW_NO_PBC,N,1621,3,0.28960317677815645
RAW_NO_PBC,N,1623,3,0.2898723857148177
RAW_NO_PBC,N,1625,3,0.2898723857148177
RAW_NO_PBC,N,1627,3,0.28960317677815645
RAW_NO_PBC,N,1629,3,0.28960317677815645
RAW_NO_PBC,N,1631,3,0.28956001105125023
RAW_NO_PBC,N,1633,3,0.29012755815330626
RAW_NO_PBC,N,1635,3,0.29012755815330626
RAW_NO_PBC,N,1637,3,0.2894011057338933
RAW_NO_PBC,N,1639,3,0.2901740856796143
RAW_NO_PBC,N,1641,3,0.2901740856796143
RAW_NO_PBC,N,1643,3,0.28940110573389294
RAW_NO_PBC,N,1645,3,0.28956001105125023
RAW_NO_PBC,N,1647,3,0.2900655098421734
RAW_NO_PBC,N,1649,3,0.2900655098421734
RAW_NO_PBC,N,1651,3,0.28960317677815667
RAW_NO_PBC,N,1653,3,0.2898723857148177
RAW_NO_PBC,N,1655,3,0.2898723857148177
RAW_NO_PBC,N,1657,3,0.28960317677815667
RAW_NO_PBC,N,1659,3,0.29006550984217366
RAW_NO_PBC,N,1661,3,0.29006550984217366
RAW_NO_PBC,N,1663,3,0.2898102827713338
RAW_NO_PBC,N,1665,3,0.2898102827713338
RAW_NO_PBC,N,1667,3,0.2901740856796143
RAW_NO_PBC,N,1669,3,0.2901740856796143
RAW_NO_PBC,N,1671,3,0.28931297931479016
RAW_NO_PBC,N,1673,3,0.29055980451535307
RAW_NO_PBC,N,1675,3,0.29055980451535307
RAW_NO_PBC,N,1677,3,0.2895565575151085
RAW_NO_PBC,N,1679,3,0.28960317677815645
RAW_NO_PBC,N,1,4,0.2893129793147899
RAW_NO_PBC,N,3,4,0.289133187303014
RAW_NO_PBC,N,5,4,0.289133187303014
RAW_NO_PBC,N,7,4,0.2889809682314735
RAW_NO_PBC,N,9,4,0.2889809682314735
RAW_NO_PBC,N,11,4,0.2896031767781564
RAW_NO_PBC,N,13,4,0.2894028334346431
RAW_NO_PBC,N,15,4,0.2894028334346431
RAW_NO_PBC,N,17,4,0.2894028334346435
RAW_NO_PBC,N,19,4,0.2894028334346435
RAW_NO_PBC,N,21,4,0.2896031767781564
RAW_NO_PBC,N,23,4,0.28956001105125
RAW_NO_PBC,N,25,4,0.28937691684030403
RAW_NO_PBC,N,27,4,0.28937691684030403
RAW_NO_PBC,N,29,4,0.2894011057338927
RAW_NO_PBC,N,31,4,0.2893129793147899
RAW_NO_PBC,N,33,4,0.2893129793147899
RAW_NO_PBC,N,35,4,0.2894011057338931
RAW_NO_PBC,N,37,4,0.28956001105125
RAW_NO_PBC,N,39,4,0.28955655751510795
RAW_NO_PBC,N,41,4,0.28955655751510795
RAW_NO_PBC,N,43,4,0.28940283343464357
RAW_NO_PBC,N,45,4,0.28940283343464357
RAW_NO_PBC,N,47,4,0.28940283343464324
RAW_NO_PBC,N,49,4,0.28940283343464324
RAW_NO_PBC,N,51,4,0.2895565575151083
RAW_NO_PBC,N,53,4,0.2889809682314735
RAW_NO_PBC,N,55,4,0.2889809682314735
RAW_NO_PBC,N,57,4,0.28913318730301435
RAW_NO_PBC,N,59,4,0.28913318730301435
RAW_NO_PBC,N,61,4,0.2894028334346431
RAW_NO_PBC,N,63,4,0.2894028334346431
RAW_NO_PBC,N,65,4,0.2896031767781564
RAW_NO_PBC,N,67,4,0.2889809682314735
RAW_NO_PBC,N,69,4,0.2889809682314735
RAW_NO_PBC,N,71,4,0.289133187303014
RAW_NO_PBC,N,73,4,0.289133187303014
RAW_NO_PBC,N,75,4,0.2893129793147899
RAW_NO_PBC,N,77,4,0.28913318730301435
RAW_NO_PBC,N,79,4,0.28913318730301435
RAW_NO_PBC,N,81,4,0.2889809682314735
RAW_NO_PBC,N,83,4,0.2889809682314735
RAW_NO_PBC,N,85,4,0.2895565575151083
RAW_NO_PBC,N,87,4,0.28940283343464324
RAW_NO_PBC,N,89,4,0.28940283343464324
RAW_NO_PBC,N,91,4,0.28940283343464357
RAW_NO_PBC,N,93,4,0.28940283343464357
RAW_NO_PBC,N,95,4,0.28955655751510795
RAW_NO_PBC,N,97,4,0.28955655751510795
RAW_NO_PBC,N,99,4,0.28956001105125
RAW_NO_PBC,N,101,4,0.2894011057338931
RAW_NO_PBC,N,103,4,0.2893129793147899
RAW_NO_PBC,N,105,4,0.2893129793147899
RAW_NO_PBC,N,107,4,0.2894011057338927
RAW_NO_PBC,N,109,4,0.28937691684030403
RAW_NO_PBC,N,111,4,0.28937691684030403
RAW_NO_PBC,N,113,4,0.28956001105125
RAW_NO_PBC,N,115,4,0.2896031767781564
RAW_NO_PBC,N,117,4,0.2894028334346435
RAW_NO_PBC,N,119,4,0.2894028334346435
RAW_NO_PBC,N,121,4,0.289133187303014
RAW_NO_PBC,N,123,4,0.289133187303014
RAW_NO_PBC,N,125,4,0.2889809682314735
RAW_NO_PBC,N,127,4,0.2889809682314735
RAW_NO_PBC,N,129,4,0.2896031767781564
RAW_NO_PBC,N,131,4,0.2894028334346431
RAW_NO_PBC,N,133,4,0.2894028334346431
RAW_NO_PBC,N,135,4,0.2894028334346435
RAW_NO_PBC,N,137,4,0.2894028334346435
RAW_NO_PBC,N,139,4,0.2896031767781564
RAW_NO_PBC,N,141,4,0.28956001105125
RAW_NO_PBC,N,143,4,0.28937691684030403
RAW_NO_PBC,N,145,4,0.28937691684030403
RAW_NO_PBC,N,147,4,0.2894011057338927
RAW_NO_PBC,N,149,4,0.2893129793147899
RAW_NO_PBC,N,151,4,0.2893129793147899
RAW_NO_PBC,N,153,4,0.2894011057338931
RAW_NO_PBC,N,155,4,0.28956001105125
RAW_NO_PBC,N,157,4,0.28955655751510795
RAW_NO_PBC,N,159,4,0.28955655751510795
RAW_NO_PBC,N,161,4,0.28940283343464357
RAW_NO_PBC,N,163,4,0.28940283343464357
RAW_NO_PBC,N,165,4,0.28940283343464324
RAW_NO_PBC,N,167,4,0.28940283343464324
RAW_NO_PBC,N,169,4,0.2895565575151083
RAW_NO_PBC,N,171,4,0.2889809682314735
RAW_NO_PBC,N,173,4,0.2889809682314735
RAW_NO_PBC,N,175,4,0.28913318730301435
RAW_NO_PBC,N,177,4,0.28913318730301435
RAW_NO_PBC,N,179,4,0.2893129793147899
RAW_NO_PBC,N,181,4,0.2894028334346431
RAW_NO_PBC,N,183,4,0.2896031767781564
RAW_NO_PBC,N,185,4,0.2889809682314735
RAW_NO_PBC,N,187,4,0.2889809682314735
RAW_NO_PBC,N,189,4,0.289133187303014
RAW_NO_PBC,N,191,4,0.289133187303014
RAW_NO_PBC,N,193,4,0.2893129793147899
RAW_NO_PBC,N,195,4,0.28913318730301435
RAW_NO_PBC,N,197,4,0.28913318730301435
RAW_NO_PBC,N,199,4,0.2889809682314735
RAW_NO_PBC,N,201,4,0.2889809682314735
RAW_NO_PBC,N,203,4,0.2895565575151083
RAW_NO_PBC,N,205,4,0.28940283343464324
RAW_NO_PBC,N,207,4,0.28940283343464324
RAW_NO_PBC,N,209,4,0.28940283343464357
RAW_NO_PBC,N,211,4,0.28940283343464357
RAW_NO_PBC,N,213,4,0.28955655751510795
RAW_NO_PBC,N,215,4,0.28955655751510795
RAW_NO_PBC,N,217,4,0.28956001105125
RAW_NO_PBC,N,219,4,0.2894011057338931
RAW_NO_PBC,N,221,4,0.2893129793147899
RAW_NO_PBC,N,223,4,0.2893129793147899
RAW_NO_PBC,N,225,4,0.2894011057338927
RAW_NO_PBC,N,227,4,0.28937691684030403
RAW_NO_PBC,N,229,4,0.28937691684030403
RAW_NO_PBC,N,231,4,0.28956001105125
RAW_NO_PBC,N,233,4,0.2896031767781564
RAW_NO_PBC,N,235,4,0.2894028334346435
RAW_NO_PBC,N,237,4,0.2894028334346435
RAW_NO_PBC,N,239,4,0.2894028334346431
RAW_NO_PBC,N,241,4,0.289133187303014
RAW_NO_PBC,N,243,4,0.2889809682314735
RAW_NO_PBC,N,245,4,0.2889809682314735
RAW_NO_PBC,N,247,4,0.2896031767781564
RAW_NO_PBC,N,249,4,0.2894028334346431
RAW_NO_PBC,N,251,4,0.2894028334346431
RAW_NO_PBC,N,253,4,0.2894028334346435
RAW_NO_PBC,N,255,4,0.2894028334346435
RAW_NO_PBC,N,257,4,0.2896031767781564
RAW_NO_PBC,N,259,4,0.28956001105125
RAW_NO_PBC,N,261,4,0.28937691684030403
RAW_NO_PBC,N,263,4,0.28937691684030403
RAW_NO_PBC,N,265,4,0.2894011057338927
RAW_NO_PBC,N,267,4,0.2893129793147899
RAW_NO_PBC,N,269,4,0.2893129793147899
RAW_NO_PBC,N,271,4,0.2894011057338931
RAW_NO_PBC,N,273,4,0.28956001105125
RAW_NO_PBC,N,275,4,0.28955655751510795
RAW_NO_PBC,N,277,4,0.28955655751510795
RAW_NO_PBC,N,279,4,0.28940283343464357
RAW_NO_PBC,N,281,4,0.28940283343464357
RAW_NO_PBC,N,283,4,0.28940283343464324
RAW_NO_PBC,N,285,4,0.28940283343464324
RAW_NO_PBC,N,287,4,0.2895565575151083
RAW_NO_PBC,N,289,4,0.2889809682314735
RAW_NO_PBC,N,291,4,0.2889809682314735
RAW_NO_PBC,N,293,4,0.28913318730301435
RAW_NO_PBC,N,295,4,0.28913318730301435
RAW_NO_PBC,N,297,4,0.2893129793147899
RAW_NO_PBC,N,299,4,0.289133187303014
RAW_NO_PBC,N,301,4,0.2896031767781564
RAW_NO_PBC,N,303,4,0.2889809682314735
RAW_NO_PBC,N,305,4,0.2889809682314735
RAW_NO_PBC,N,307,4,0.289133187303014
RAW_NO_PBC,N,309,4,0.289133187303014
RAW_NO_PBC,N,311,4,0.2893129793147899
RAW_NO_PBC,N,313,4,0.28913318730301435
RAW_NO_PBC,N,315,4,0.28913318730301435
RAW_NO_PBC,N,317,4,0.2889809682314735
RAW_NO_PBC,N,319,4,0.2889809682314735
RAW_NO_PBC,N,321,4,0.2895565575151083
RAW_NO_PBC,N,323,4,0.28940283343464324
RAW_NO_PBC,N,325,4,0.28940283343464324
RAW_NO_PBC,N,327,4,0.28940283343464357
RAW_NO_PBC,N,329,4,0.28940283343464357
RAW_NO_PBC,N,331,4,0.28955655751510795
RAW_NO_PBC,N,333,4,0.28955655751510795
RAW_NO_PBC,N,335,4,0.28956001105125
RAW_NO_PBC,N,337,4,0.2894011057338931
RAW_NO_PBC,N,339,4,0.2893129793147899
RAW_NO_PBC,N,341,4,0.2893129793147899
RAW_NO_PBC,N,343,4,0.2894011057338927
RAW_NO_PBC,N,345,4,0.28937691684030403
RAW_NO_PBC,N,347,4,0.28937691684030403
RAW_NO_PBC,N,349,4,0.28956001105125
RAW_NO_PBC,N,351,4,0.2896031767781564
RAW_NO_PBC,N,353,4,0.2894028334346435
RAW_NO_PBC,N,355,4,0.2894028334346435
RAW_NO_PBC,N,357,4,0.2894028334346431
RAW_NO_PBC,N,359,4,0.2894028334346431
RAW_NO_PBC,N,361,4,0.2889809682314735
RAW_NO_PBC,N,363,4,0.2889809682314735
RAW_NO_PBC,N,365,4,0.2896031767781564
RAW_NO_PBC,N,367,4,0.2894028334346431
RAW_NO_PBC,N,369,4,0.2894028334346431
RAW_NO_PBC,N,371,4,0.2894028334346435
RAW_NO_PBC,N,373,4,0.2894028334346435
RAW_NO_PBC,N,375,4,0.2896031767781564
RAW_NO_PBC,N,377,4,0.28956001105125
RAW_NO_PBC,N,379,4,0.28937691684030403
RAW_NO_PBC,N,381,4,0.28937691684030403
RAW_NO_PBC,N,383,4,0.2894011057338927
RAW_NO_PBC,N,385,4,0.2893129793147899
RAW_NO_PBC,N,387,4,0.2893129793147899
RAW_NO_PBC,N,389,4,0.2894011057338931
RAW_NO_PBC,N,391,4,0.28956001105125
RAW_NO_PBC,N,393,4,0.28955655751510795
RAW_NO_PBC,N,395,4,0.28955655751510795
RAW_NO_PBC,N,397,4,0.28940283343464357
RAW_NO_PBC,N,399,4,0.28940283343464357
RAW_NO_PBC,N,401,4,0.28940283343464324
RAW_NO_PBC,N,403,4,0.28940283343464324
RAW_NO_PBC,N,405,4,0.2895565575151083
RAW_NO_PBC,N,407,4,0.2889809682314735
RAW_NO_PBC,N,409,4,0.2889809682314735
RAW_NO_PBC,N,411,4,0.28913318730301435
RAW_NO_PBC,N,413,4,0.28913318730301435
RAW_NO_PBC,N,415,4,0.2893129793147899
RAW_NO_PBC,N,417,4,0.289133187303014
RAW_NO_PBC,N,419,4,0.289133187303014
RAW_NO_PBC,N,421,4,0.2889809682314735
RAW_NO_PBC,N,423,4,0.2889809682314735
RAW_NO_PBC,N,425,4,0.289133187303014
RAW_NO_PBC,N,427,4,0.289133187303014
RAW_NO_PBC,N,429,4,0.2893129793147899
RAW_NO_PBC,N,431,4,0.28913318730301435
RAW_NO_PBC,N,433,4,0.28913318730301435
RAW_NO_PBC,N,435,4,0.2889809682314735
RAW_NO_PBC,N,437,4,0.2889809682314735
RAW_NO_PBC,N,439,4,0.2895565575151083
RAW_NO_PBC,N,441,4,0.28940283343464324
RAW_NO_PBC,N,443,4,0.28940283343464324
RAW_NO_PBC,N,445,4,0.28940283343464357
RAW_NO_PBC,N,447,4,0.28940283343464357
RAW_NO_PBC,N,449,4,0.28955655751510795
RAW_NO_PBC,N,451,4,0.28955655751510795
RAW_NO_PBC,N,453,4,0.28956001105125
RAW_NO_PBC,N,455,4,0.2894011057338931
RAW_NO_PBC,N,457,4,0.2893129793147899
RAW_NO_PBC,N,459,4,0.2893129793147899
RAW_NO_PBC,N,461,4,0.2894011057338927
RAW_NO_PBC,N,463,4,0.28937691684030403
RAW_NO_PBC,N,465,4,0.28937691684030403
RAW_NO_PBC,N,467,4,0.28956001105125
RAW_NO_PBC,N,469,4,0.2896031767781564
RAW_NO_PBC,N,471,4,0.2894028334346435
RAW_NO_PBC,N,473,4,0.2894028334346435
RAW_NO_PBC,N,475,4,0.2894028334346431
RAW_NO_PBC,N,477,4,0.2894028334346431
RAW_NO_PBC,N,479,4,0.2896031767781564
RAW_NO_PBC,N,481,4,0.28898096823147335
RAW_NO_PBC,N,483,4,0.28960317677815617
RAW_NO_PBC,N,485,4,0.2894028334346429
RAW_NO_PBC,N,487,4,0.2894028334346429
RAW_NO_PBC,N,489,4,0.2894028334346433
RAW_NO_PBC,N,491,4,0.2894028334346433
RAW_NO_PBC,N,493,4,0.28960317677815617
RAW_NO_PBC,N,495,4,0.2895600110512498
RAW_NO_PBC,N,497,4,0.2893769168403038
RAW_NO_PBC,N,499,4,0.2893769168403038
RAW_NO_PBC,N,501,4,0.2894011057338925
RAW_NO_PBC,N,503,4,0.2893129793147897
RAW_NO_PBC,N,505,4,0.2893129793147897
RAW_NO_PBC,N,507,4,0.2894011057338929
RAW_NO_PBC,N,509,4,0.2895600110512498
RAW_NO_PBC,N,511,4,0.2895565575151077
RAW_NO_PBC,N,513,4,0.2895565575151077
RAW_NO_PBC,N,515,4,0.2894028334346434
RAW_NO_PBC,N,517,4,0.2894028334346434
RAW_NO_PBC,N,519,4,0.289402833434643
RAW_NO_PBC,N,521,4,0.289402833434643
RAW_NO_PBC,N,523,4,0.28955655751510806
RAW_NO_PBC,N,525,4,0.28898096823147335
RAW_NO_PBC,N,527,4,0.28898096823147335
RAW_NO_PBC,N,529,4,0.2891331873030142
RAW_NO_PBC,N,531,4,0.2891331873030142
RAW_NO_PBC,N,533,4,0.2893129793147897
RAW_NO_PBC,N,535,4,0.2891331873030138
RAW_NO_PBC,N,537,4,0.2891331873030138
RAW_NO_PBC,N,539,4,0.28898096823147335
RAW_NO_PBC,N,541,4,0.28898096823147335
RAW_NO_PBC,N,543,4,0.2891331873030138
RAW_NO_PBC,N,545,4,0.2891331873030138
RAW_NO_PBC,N,547,4,0.2893129793147897
RAW_NO_PBC,N,549,4,0.2891331873030142
RAW_NO_PBC,N,551,4,0.2891331873030142
RAW_NO_PBC,N,553,4,0.28898096823147335
RAW_NO_PBC,N,555,4,0.28898096823147335
RAW_NO_PBC,N,557,4,0.28955655751510806
RAW_NO_PBC,N,559,4,0.289402833434643
RAW_NO_PBC,N,561,4,0.289402833434643
RAW_NO_PBC,N,563,4,0.2894028334346434
RAW_NO_PBC,N,565,4,0.2894028334346434
RAW_NO_PBC,N,567,4,0.2895565575151077
RAW_NO_PBC,N,569,4,0.2895565575151077
RAW_NO_PBC,N,571,4,0.2895600110512498
RAW_NO_PBC,N,573,4,0.2894011057338929
RAW_NO_PBC,N,575,4,0.2893129793147897
RAW_NO_PBC,N,577,4,0.2893129793147897
RAW_NO_PBC,N,579,4,0.2894011057338925
RAW_NO_PBC,N,581,4,0.2893769168403038
RAW_NO_PBC,N,583,4,0.2893769168403038
RAW_NO_PBC,N,585,4,0.2895600110512498
RAW_NO_PBC,N,587,4,0.28960317677815617
RAW_NO_PBC,N,589,4,0.2894028334346433
RAW_NO_PBC,N,591,4,0.2894028334346433
RAW_NO_PBC,N,593,4,0.2894028334346429
RAW_NO_PBC,N,595,4,0.2894028334346429
RAW_NO_PBC,N,597,4,0.28960317677815617
RAW_NO_PBC,N,599,4,0.28898096823147335
RAW_NO_PBC,N,601,4,0.28960317677815667
RAW_NO_PBC,N,603,4,0.2894028334346434
RAW_NO_PBC,N,605,4,0.2894028334346434
RAW_NO_PBC,N,607,4,0.28940283343464374
RAW_NO_PBC,N,609,4,0.28940283343464374
RAW_NO_PBC,N,611,4,0.28960317677815667
RAW_NO_PBC,N,613,4,0.28956001105125023
RAW_NO_PBC,N,615,4,0.28937691684030425
RAW_NO_PBC,N,617,4,0.28937691684030425
RAW_NO_PBC,N,619,4,0.28940110573389294
RAW_NO_PBC,N,621,4,0.28931297931479016
RAW_NO_PBC,N,623,4,0.28931297931479016
RAW_NO_PBC,N,625,4,0.2894011057338933
RAW_NO_PBC,N,627,4,0.28956001105125023
RAW_NO_PBC,N,629,4,0.28955655751510817
RAW_NO_PBC,N,631,4,0.28955655751510817
RAW_NO_PBC,N,633,4,0.2894028334346438
RAW_NO_PBC,N,635,4,0.2894028334346438
RAW_NO_PBC,N,637,4,0.2894028334346434
RAW_NO_PBC,N,639,4,0.2894028334346434
RAW_NO_PBC,N,641,4,0.2895565575151085
RAW_NO_PBC,N,643,4,0.2889809682314738
RAW_NO_PBC,N,645,4,0.2889809682314738
RAW_NO_PBC,N,647,4,0.28913318730301457
RAW_NO_PBC,N,649,4,0.28913318730301457
RAW_NO_PBC,N,651,4,0.28931297931479016
RAW_NO_PBC,N,653,4,0.28913318730301424
RAW_NO_PBC,N,655,4,0.28913318730301424
RAW_NO_PBC,N,657,4,0.2889809682314738
RAW_NO_PBC,N,659,4,0.2889809682314738
RAW_NO_PBC,N,661,4,0.28863298494801287
RAW_NO_PBC,N,663,4,0.28863298494801287
RAW_NO_PBC,N,665,4,0.2888130883460791
RAW_NO_PBC,N,667,4,0.2886329849480132
RAW_NO_PBC,N,669,4,0.2886329849480132
RAW_NO_PBC,N,671,4,0.28848050194077235
RAW_NO_PBC,N,673,4,0.28848050194077235
RAW_NO_PBC,N,675,4,0.2890570877871709
RAW_NO_PBC,N,677,4,0.28890309794116065
RAW_NO_PBC,N,679,4,0.28890309794116065
RAW_NO_PBC,N,681,4,0.28890309794116104
RAW_NO_PBC,N,683,4,0.28890309794116104
RAW_NO_PBC,N,685,4,0.2890570877871706
RAW_NO_PBC,N,687,4,0.2890570877871706
RAW_NO_PBC,N,689,4,0.2890605472907018
RAW_NO_PBC,N,691,4,0.2889013672518702
RAW_NO_PBC,N,693,4,0.2888130883460791
RAW_NO_PBC,N,695,4,0.2888130883460791
RAW_NO_PBC,N,697,4,0.2889013672518699
RAW_NO_PBC,N,699,4,0.2888771365130862
RAW_NO_PBC,N,701,4,0.2888771365130862
RAW_NO_PBC,N,703,4,0.2890605472907018
RAW_NO_PBC,N,705,4,0.2891037875919306
RAW_NO_PBC,N,707,4,0.288903097941161
RAW_NO_PBC,N,709,4,0.288903097941161
RAW_NO_PBC,N,711,4,0.2889030979411606
RAW_NO_PBC,N,713,4,0.2889030979411606
RAW_NO_PBC,N,715,4,0.2891037875919306
RAW_NO_PBC,N,717,4,0.28848050194077235
RAW_NO_PBC,N,719,4,0.28848050194077235
RAW_NO_PBC,N,721,4,0.2894028334346429
RAW_NO_PBC,N,723,4,0.2894028334346429
RAW_NO_PBC,N,725,4,0.2894028334346433
RAW_NO_PBC,N,727,4,0.2894028334346433
RAW_NO_PBC,N,729,4,0.28960317677815617
RAW_NO_PBC,N,731,4,0.2895600110512498
RAW_NO_PBC,N,733,4,0.2893769168403038
RAW_NO_PBC,N,735,4,0.2893769168403038
RAW_NO_PBC,N,737,4,0.2894011057338925
RAW_NO_PBC,N,739,4,0.2893129793147897
RAW_NO_PBC,N,741,4,0.2893129793147897
RAW_NO_PBC,N,743,4,0.2894011057338929
RAW_NO_PBC,N,745,4,0.2895600110512498
RAW_NO_PBC,N,747,4,0.2895565575151077
RAW_NO_PBC,N,749,4,0.2895565575151077
RAW_NO_PBC,N,751,4,0.2894028334346434
RAW_NO_PBC,N,753,4,0.2894028334346434
RAW_NO_PBC,N,755,4,0.289402833434643
RAW_NO_PBC,N,757,4,0.289402833434643
RAW_NO_PBC,N,759,4,0.28955655751510806
RAW_NO_PBC,N,761,4,0.28898096823147335
RAW_NO_PBC,N,763,4,0.28898096823147335
RAW_NO_PBC,N,765,4,0.2891331873030142
RAW_NO_PBC,N,767,4,0.2891331873030142
RAW_NO_PBC,N,769,4,0.2893129793147897
RAW_NO_PBC,N,771,4,0.2891331873030138
RAW_NO_PBC,N,773,4,0.2891331873030138
RAW_NO_PBC,N,775,4,0.28898096823147335
RAW_NO_PBC,N,777,4,0.28898096823147335
RAW_NO_PBC,N,779,4,0.28960317677815617
RAW_NO_PBC,N,781,4,0.28963597842809474
RAW_NO_PBC,N,783,4,0.2898154585249034
RAW_NO_PBC,N,785,4,0.2896359784280951
RAW_NO_PBC,N,787,4,0.2896359784280951
RAW_NO_PBC,N,789,4,0.28948402373878923
RAW_NO_PBC,N,791,4,0.28948402373878923
RAW_NO_PBC,N,793,4,0.29000000000000004
RAW_NO_PBC,N,795,4,0.28990515690480534
RAW_NO_PBC,N,797,4,0.28990515690480534
RAW_NO_PBC,N,799,4,0.2899051569048057
RAW_NO_PBC,N,801,4,0.2899051569048057
RAW_NO_PBC,N,803,4,0.29000000000000004
RAW_NO_PBC,N,805,4,0.29000000000000004
RAW_NO_PBC,N,807,4,0.29000000000000004
RAW_NO_PBC,N,809,4,0.28990343219768877
RAW_NO_PBC,N,811,4,0.2898154585249034
RAW_NO_PBC,N,813,4,0.2898154585249034
RAW_NO_PBC,N,815,4,0.28990343219768844
RAW_NO_PBC,N,817,4,0.28987928522059003
RAW_NO_PBC,N,819,4,0.28987928522059003
RAW_NO_PBC,N,821,4,0.29000000000000004
RAW_NO_PBC,N,823,4,0.29000000000000004
RAW_NO_PBC,N,825,4,0.28990515690480567
RAW_NO_PBC,N,827,4,0.28990515690480567
RAW_NO_PBC,N,829,4,0.2899051569048053
RAW_NO_PBC,N,831,4,0.2899051569048053
RAW_NO_PBC,N,833,4,0.29000000000000004
RAW_NO_PBC,N,835,4,0.28948402373878923
RAW_NO_PBC,N,837,4,0.28948402373878923
RAW_NO_PBC,N,839,4,0.28963597842809474
RAW_NO_PBC,N,841,4,0.2894028334346434
RAW_NO_PBC,N,843,4,0.28940283343464374
RAW_NO_PBC,N,845,4,0.28940283343464374
RAW_NO_PBC,N,847,4,0.28960317677815667
RAW_NO_PBC,N,849,4,0.28956001105125023
RAW_NO_PBC,N,851,4,0.28937691684030425
RAW_NO_PBC,N,853,4,0.28937691684030425
RAW_NO_PBC,N,855,4,0.28940110573389294
RAW_NO_PBC,N,857,4,0.28931297931479016
RAW_NO_PBC,N,859,4,0.28931297931479016
RAW_NO_PBC,N,861,4,0.2894011057338933
RAW_NO_PBC,N,863,4,0.28956001105125023
RAW_NO_PBC,N,865,4,0.28955655751510817
RAW_NO_PBC,N,867,4,0.28955655751510817
RAW_NO_PBC,N,869,4,0.2894028334346438
RAW_NO_PBC,N,871,4,0.2894028334346438
RAW_NO_PBC,N,873,4,0.2894028334346434
RAW_NO_PBC,N,875,4,0.2894028334346434
RAW_NO_PBC,N,877,4,0.2895565575151085
RAW_NO_PBC,N,879,4,0.2889809682314738
RAW_NO_PBC,N,881,4,0.2889809682314738
RAW_NO_PBC,N,883,4,0.28913318730301457
RAW_NO_PBC,N,885,4,0.28913318730301457
RAW_NO_PBC,N,887,4,0.28931297931479016
RAW_NO_PBC,N,889,4,0.28913318730301424
RAW_NO_PBC,N,891,4,0.28913318730301424
RAW_NO_PBC,N,893,4,0.2889809682314738
RAW_NO_PBC,N,895,4,0.2889809682314738
RAW_NO_PBC,N,897,4,0.28960317677815667
RAW_NO_PBC,N,899,4,0.2894028334346434
RAW_NO_PBC,N,901,4,0.2889999999999997
RAW_NO_PBC,N,903,4,0.2889999999999997
RAW_NO_PBC,N,905,4,0.2889999999999997
RAW_NO_PBC,N,907,4,0.2889809682314738
RAW_NO_PBC,N,909,4,0.2889809682314738
RAW_NO_PBC,N,911,4,0.2889999999999997
RAW_NO_PBC,N,913,4,0.2889999999999997
RAW_NO_PBC,N,915,4,0.2889999999999997
RAW_NO_PBC,N,917,4,0.2889999999999997
RAW_NO_PBC,N,919,4,0.2889999999999997
RAW_NO_PBC,N,921,4,0.2889999999999997
RAW_NO_PBC,N,923,4,0.2889999999999997
RAW_NO_PBC,N,925,4,0.2889999999999997
RAW_NO_PBC,N,927,4,0.2889999999999997
RAW_NO_PBC,N,929,4,0.2889999999999997
RAW_NO_PBC,N,931,4,0.2889999999999997
RAW_NO_PBC,N,933,4,0.2889999999999997
RAW_NO_PBC,N,935,4,0.2889999999999997
RAW_NO_PBC,N,937,4,0.2889999999999997
RAW_NO_PBC,N,939,4,0.2889999999999997
RAW_NO_PBC,N,941,4,0.2889999999999997
RAW_NO_PBC,N,943,4,0.2889999999999997
RAW_NO_PBC,N,945,4,0.2889999999999997
RAW_NO_PBC,N,947,4,0.2889999999999997
RAW_NO_PBC,N,949,4,0.2889999999999997
RAW_NO_PBC,N,951,4,0.2889999999999997
RAW_NO_PBC,N,953,4,0.2889809682314738
RAW_NO_PBC,N,955,4,0.2889809682314738
RAW_NO_PBC,N,957,4,0.2889999999999997
RAW_NO_PBC,N,959,4,0.2889999999999997
RAW_NO_PBC,N,961,4,0.2894028334346433
RAW_NO_PBC,N,963,4,0.2894028334346433
RAW_NO_PBC,N,965,4,0.28960317677815617
RAW_NO_PBC,N,967,4,0.2895600110512498
RAW_NO_PBC,N,969,4,0.2893769168403038
RAW_NO_PBC,N,971,4,0.2893769168403038
RAW_NO_PBC,N,973,4,0.2894011057338925
RAW_NO_PBC,N,975,4,0.2893129793147897
RAW_NO_PBC,N,977,4,0.2893129793147897
RAW_NO_PBC,N,979,4,0.2894011057338929
RAW_NO_PBC,N,981,4,0.2895600110512498
RAW_NO_PBC,N,983,4,0.2895565575151077
RAW_NO_PBC,N,985,4,0.2895565575151077
RAW_NO_PBC,N,987,4,0.2894028334346434
RAW_NO_PBC,N,989,4,0.2894028334346434
RAW_NO_PBC,N,991,4,0.289402833434643
RAW_NO_PBC,N,993,4,0.289402833434643
RAW_NO_PBC,N,995,4,0.28955655751510806
RAW_NO_PBC,N,997,4,0.28898096823147335
RAW_NO_PBC,N,999,4,0.28898096823147335
RAW_NO_PBC,N,1001,4,0.2891331873030142
RAW_NO_PBC,N,1003,4,0.2891331873030142
RAW_NO_PBC,N,1005,4,0.2893129793147897
RAW_NO_PBC,N,1007,4,0.2891331873030138
RAW_NO_PBC,N,1009,4,0.2891331873030138
RAW_NO_PBC,N,1011,4,0.28898096823147335
RAW_NO_PBC,N,1013,4,0.28898096823147335
RAW_NO_PBC,N,1015,4,0.28960317677815617
RAW_NO_PBC,N,1017,4,0.2894028334346429
RAW_NO_PBC,N,1019,4,0.2894028334346429
RAW_NO_PBC,N,1021,4,0.2891331873030142
RAW_NO_PBC,N,1023,4,0.2891331873030142
RAW_NO_PBC,N,1025,4,0.28898096823147335
RAW_NO_PBC,N,1027,4,0.28898096823147335
RAW_NO_PBC,N,1029,4,0.28955655751510806
RAW_NO_PBC,N,1031,4,0.289402833434643
RAW_NO_PBC,N,1033,4,0.289402833434643
RAW_NO_PBC,N,1035,4,0.2894028334346434
RAW_NO_PBC,N,1037,4,0.2894028334346434
RAW_NO_PBC,N,1039,4,0.2895565575151077
RAW_NO_PBC,N,1041,4,0.2895565575151077
RAW_NO_PBC,N,1043,4,0.2895600110512498
RAW_NO_PBC,N,1045,4,0.2894011057338929
RAW_NO_PBC,N,1047,4,0.2893129793147897
RAW_NO_PBC,N,1049,4,0.2893129793147897
RAW_NO_PBC,N,1051,4,0.2894011057338925
RAW_NO_PBC,N,1053,4,0.2893769168403038
RAW_NO_PBC,N,1055,4,0.2893769168403038
RAW_NO_PBC,N,1057,4,0.2895600110512498
RAW_NO_PBC,N,1059,4,0.28960317677815617
RAW_NO_PBC,N,1061,4,0.2894028334346433
RAW_NO_PBC,N,1063,4,0.2894028334346433
RAW_NO_PBC,N,1065,4,0.2894028334346429
RAW_NO_PBC,N,1067,4,0.2894028334346429
RAW_NO_PBC,N,1069,4,0.28960317677815617
RAW_NO_PBC,N,1071,4,0.28898096823147335
RAW_NO_PBC,N,1073,4,0.28898096823147335
RAW_NO_PBC,N,1075,4,0.2891331873030138
RAW_NO_PBC,N,1077,4,0.2891331873030138
RAW_NO_PBC,N,1079,4,0.2893129793147897
RAW_NO_PBC,N,1081,4,0.2894028334346433
RAW_NO_PBC,N,1083,4,0.28960317677815617
RAW_NO_PBC,N,1085,4,0.2895600110512498
RAW_NO_PBC,N,1087,4,0.2893769168403038
RAW_NO_PBC,N,1089,4,0.2893769168403038
RAW_NO_PBC,N,1091,4,0.2894011057338925
RAW_NO_PBC,N,1093,4,0.2893129793147897
RAW_NO_PBC,N,1095,4,0.2893129793147897
RAW_NO_PBC,N,1097,4,0.2894011057338929
RAW_NO_PBC,N,1099,4,0.2895600110512498
RAW_NO_PBC,N,1101,4,0.2895565575151077
RAW_NO_PBC,N,1103,4,0.2895565575151077
RAW_NO_PBC,N,1105,4,0.2894028334346434
RAW_NO_PBC,N,1107,4,0.2894028334346434
RAW_NO_PBC,N,1109,4,0.289402833434643
RAW_NO_PBC,N,1111,4,0.289402833434643
RAW_NO_PBC,N,1113,4,0.28955655751510806
RAW_NO_PBC,N,1115,4,0.28898096823147335
RAW_NO_PBC,N,1117,4,0.28898096823147335
RAW_NO_PBC,N,1119,4,0.2891331873030142
RAW_NO_PBC,N,1121,4,0.2891331873030142
RAW_NO_PBC,N,1123,4,0.2893129793147897
RAW_NO_PBC,N,1125,4,0.2891331873030138
RAW_NO_PBC,N,1127,4,0.2891331873030138
RAW_NO_PBC,N,1129,4,0.28898096823147335
RAW_NO_PBC,N,1131,4,0.28898096823147335
RAW_NO_PBC,N,1133,4,0.28960317677815617
RAW_NO_PBC,N,1135,4,0.2894028334346429
RAW_NO_PBC,N,1137,4,0.2894028334346429
RAW_NO_PBC,N,1139,4,0.2894028334346433
RAW_NO_PBC,N,1141,4,0.2886329849480132
RAW_NO_PBC,N,1143,4,0.28848050194077235
RAW_NO_PBC,N,1145,4,0.28848050194077235
RAW_NO_PBC,N,1147,4,0.2890570877871709
RAW_NO_PBC,N,1149,4,0.28890309794116065
RAW_NO_PBC,N,1151,4,0.28890309794116065
RAW_NO_PBC,N,1153,4,0.28890309794116104
RAW_NO_PBC,N,1155,4,0.28890309794116104
RAW_NO_PBC,N,1157,4,0.2890570877871706
RAW_NO_PBC,N,1159,4,0.2890570877871706
RAW_NO_PBC,N,1161,4,0.2890605472907018
RAW_NO_PBC,N,1163,4,0.2889013672518702
RAW_NO_PBC,N,1165,4,0.2888130883460791
RAW_NO_PBC,N,1167,4,0.2888130883460791
RAW_NO_PBC,N,1169,4,0.2889013672518699
RAW_NO_PBC,N,1171,4,0.2888771365130862
RAW_NO_PBC,N,1173,4,0.2888771365130862
RAW_NO_PBC,N,1175,4,0.2890605472907018
RAW_NO_PBC,N,1177,4,0.2891037875919306
RAW_NO_PBC,N,1179,4,0.288903097941161
RAW_NO_PBC,N,1181,4,0.288903097941161
RAW_NO_PBC,N,1183,4,0.2889030979411606
RAW_NO_PBC,N,1185,4,0.2889030979411606
RAW_NO_PBC,N,1187,4,0.2891037875919306
RAW_NO_PBC,N,1189,4,0.28848050194077235
RAW_NO_PBC,N,1191,4,0.28848050194077235
RAW_NO_PBC,N,1193,4,0.28863298494801287
RAW_NO_PBC,N,1195,4,0.28863298494801287
RAW_NO_PBC,N,1197,4,0.2888130883460791
RAW_NO_PBC,N,1199,4,0.2886329849480132
RAW_NO_PBC,N,1201,4,0.28960317677815667
RAW_NO_PBC,N,1203,4,0.28956001105125023
RAW_NO_PBC,N,1205,4,0.28937691684030425
RAW_NO_PBC,N,1207,4,0.28937691684030425
RAW_NO_PBC,N,1209,4,0.28940110573389294
RAW_NO_PBC,N,1211,4,0.28931297931479016
RAW_NO_PBC,N,1213,4,0.28931297931479016
RAW_NO_PBC,N,1215,4,0.2894011057338933
RAW_NO_PBC,N,1217,4,0.28956001105125023
RAW_NO_PBC,N,1219,4,0.28955655751510817
RAW_NO_PBC,N,1221,4,0.28955655751510817
RAW_NO_PBC,N,1223,4,0.2894028334346438
RAW_NO_PBC,N,1225,4,0.2894028334346438
RAW_NO_PBC,N,1227,4,0.2894028334346434
RAW_NO_PBC,N,1229,4,0.2894028334346434
RAW_NO_PBC,N,1231,4,0.2895565575151085
RAW_NO_PBC,N,1233,4,0.2889809682314738
RAW_NO_PBC,N,1235,4,0.2889809682314738
RAW_NO_PBC,N,1237,4,0.28913318730301457
RAW_NO_PBC,N,1239,4,0.28913318730301457
RAW_NO_PBC,N,1241,4,0.28931297931479016
RAW_NO_PBC,N,1243,4,0.28913318730301424
RAW_NO_PBC,N,1245,4,0.28913318730301424
RAW_NO_PBC,N,1247,4,0.2889809682314738
RAW_NO_PBC,N,1249,4,0.2889809682314738
RAW_NO_PBC,N,1251,4,0.28960317677815667
RAW_NO_PBC,N,1253,4,0.2894028334346434
RAW_NO_PBC,N,1255,4,0.2894028334346434
RAW_NO_PBC,N,1257,4,0.28940283343464374
RAW_NO_PBC,N,1259,4,0.28940283343464374
RAW_NO_PBC,N,1261,4,0.2889999999999997
RAW_NO_PBC,N,1263,4,0.2889999999999997
RAW_NO_PBC,N,1265,4,0.2889999999999997
RAW_NO_PBC,N,1267,4,0.2889999999999997
RAW_NO_PBC,N,1269,4,0.2889999999999997
RAW_NO_PBC,N,1271,4,0.2889999999999997
RAW_NO_PBC,N,1273,4,0.2889999999999997
RAW_NO_PBC,N,1275,4,0.2889999999999997
RAW_NO_PBC,N,1277,4,0.2889999999999997
RAW_NO_PBC,N,1279,4,0.2889999999999997
RAW_NO_PBC,N,1281,4,0.2889999999999997
RAW_NO_PBC,N,1283,4,0.2889999999999997
RAW_NO_PBC,N,1285,4,0.2889999999999997
RAW_NO_PBC,N,1287,4,0.2889999999999997
RAW_NO_PBC,N,1289,4,0.2889999999999997
RAW_NO_PBC,N,1291,4,0.2889999999999997
RAW_NO_PBC,N,1293,4,0.2889999999999997
RAW_NO_PBC,N,1295,4,0.2889999999999997
RAW_NO_PBC,N,1297,4,0.2889999999999997
RAW_NO_PBC,N,1299,4,0.2889999999999997
RAW_NO_PBC,N,1301,4,0.2889999999999997
RAW_NO_PBC,N,1303,4,0.2889999999999997
RAW_NO_PBC,N,1305,4,0.2889999999999997
RAW_NO_PBC,N,1307,4,0.2889999999999997
RAW_NO_PBC,N,1309,4,0.2889999999999997
RAW_NO_PBC,N,1311,4,0.2889999999999997
RAW_NO_PBC,N,1313,4,0.2889999999999997
RAW_NO_PBC,N,1315,4,0.2889999999999997
RAW_NO_PBC,N,1317,4,0.2889999999999997
RAW_NO_PBC,N,1319,4,0.2889999999999997
RAW_NO_PBC,N,1321,4,0.2895600110512498
RAW_NO_PBC,N,1323,4,0.2893769168403038
RAW_NO_PBC,N,1325,4,0.2893769168403038
RAW_NO_PBC,N,1327,4,0.2894011057338925
RAW_NO_PBC,N,1329,4,0.2893129793147897
RAW_NO_PBC,N,1331,4,0.2893129793147897
RAW_NO_PBC,N,1333,4,0.2894011057338929
RAW_NO_PBC,N,1335,4,0.2895600110512498
RAW_NO_PBC,N,1337,4,0.2895565575151077
RAW_NO_PBC,N,1339,4,0.2895565575151077
RAW_NO_PBC,N,1341,4,0.2894028334346434
RAW_NO_PBC,N,1343,4,0.2894028334346434
RAW_NO_PBC,N,1345,4,0.289402833434643
RAW_NO_PBC,N,1347,4,0.289402833434643
RAW_NO_PBC,N,1349,4,0.28955655751510806
RAW_NO_PBC,N,1351,4,0.28898096823147335
RAW_NO_PBC,N,1353,4,0.28898096823147335
RAW_NO_PBC,N,1355,4,0.2891331873030142
RAW_NO_PBC,N,1357,4,0.2891331873030142
RAW_NO_PBC,N,1359,4,0.2893129793147897
RAW_NO_PBC,N,1361,4,0.2891331873030138
RAW_NO_PBC,N,1363,4,0.2891331873030138
RAW_NO_PBC,N,1365,4,0.28898096823147335
RAW_NO_PBC,N,1367,4,0.28898096823147335
RAW_NO_PBC,N,1369,4,0.28960317677815617
RAW_NO_PBC,N,1371,4,0.2894028334346429
RAW_NO_PBC,N,1373,4,0.2894028334346429
RAW_NO_PBC,N,1375,4,0.2894028334346433
RAW_NO_PBC,N,1377,4,0.2894028334346433
RAW_NO_PBC,N,1379,4,0.28960317677815617
RAW_NO_PBC,N,1381,4,0.2889809682314738
RAW_NO_PBC,N,1383,4,0.2895565575151085
RAW_NO_PBC,N,1385,4,0.2894028334346434
RAW_NO_PBC,N,1387,4,0.2894028334346434
RAW_NO_PBC,N,1389,4,0.2894028334346438
RAW_NO_PBC,N,1391,4,0.2894028334346438
RAW_NO_PBC,N,1393,4,0.28955655751510817
RAW_NO_PBC,N,1395,4,0.28955655751510817
RAW_NO_PBC,N,1397,4,0.28956001105125023
RAW_NO_PBC,N,1399,4,0.2894011057338933
RAW_NO_PBC,N,1401,4,0.28931297931479016
RAW_NO_PBC,N,1403,4,0.28931297931479016
RAW_NO_PBC,N,1405,4,0.28940110573389294
RAW_NO_PBC,N,1407,4,0.28937691684030425
RAW_NO_PBC,N,1409,4,0.28937691684030425
RAW_NO_PBC,N,1411,4,0.28956001105125023
RAW_NO_PBC,N,1413,4,0.28960317677815667
RAW_NO_PBC,N,1415,4,0.28940283343464374
RAW_NO_PBC,N,1417,4,0.28940283343464374
RAW_NO_PBC,N,1419,4,0.2894028334346434
RAW_NO_PBC,N,1421,4,0.2894028334346434
RAW_NO_PBC,N,1423,4,0.28960317677815667
RAW_NO_PBC,N,1425,4,0.2889809682314738
RAW_NO_PBC,N,1427,4,0.2889809682314738
RAW_NO_PBC,N,1429,4,0.28913318730301424
RAW_NO_PBC,N,1431,4,0.28913318730301424
RAW_NO_PBC,N,1433,4,0.28931297931479016
RAW_NO_PBC,N,1435,4,0.28913318730301457
RAW_NO_PBC,N,1437,4,0.28913318730301457
RAW_NO_PBC,N,1439,4,0.2889809682314738
RAW_NO_PBC,N,1441,4,0.28937691684030425
RAW_NO_PBC,N,1443,4,0.28937691684030425
RAW_NO_PBC,N,1445,4,0.28940110573389294
RAW_NO_PBC,N,1447,4,0.28931297931479016
RAW_NO_PBC,N,1449,4,0.28931297931479016
RAW_NO_PBC,N,1451,4,0.2894011057338933
RAW_NO_PBC,N,1453,4,0.28956001105125023
RAW_NO_PBC,N,1455,4,0.28955655751510817
RAW_NO_PBC,N,1457,4,0.28955655751510817
RAW_NO_PBC,N,1459,4,0.2894028334346438
RAW_NO_PBC,N,1461,4,0.2894028334346438
RAW_NO_PBC,N,1463,4,0.2894028334346434
RAW_NO_PBC,N,1465,4,0.2894028334346434
RAW_NO_PBC,N,1467,4,0.2895565575151085
RAW_NO_PBC,N,1469,4,0.2889809682314738
RAW_NO_PBC,N,1471,4,0.2889809682314738
RAW_NO_PBC,N,1473,4,0.28913318730301457
RAW_NO_PBC,N,1475,4,0.28913318730301457
RAW_NO_PBC,N,1477,4,0.28931297931479016
RAW_NO_PBC,N,1479,4,0.28913318730301424
RAW_NO_PBC,N,1481,4,0.28913318730301424
RAW_NO_PBC,N,1483,4,0.2889809682314738
RAW_NO_PBC,N,1485,4,0.2889809682314738
RAW_NO_PBC,N,1487,4,0.28960317677815667
RAW_NO_PBC,N,1489,4,0.2894028334346434
RAW_NO_PBC,N,1491,4,0.2894028334346434
RAW_NO_PBC,N,1493,4,0.28940283343464374
RAW_NO_PBC,N,1495,4,0.28940283343464374
RAW_NO_PBC,N,1497,4,0.28960317677815667
RAW_NO_PBC,N,1499,4,0.28956001105125023
RAW_NO_PBC,N,1501,4,0.2895565575151085
RAW_NO_PBC,N,1503,4,0.2894028334346434
RAW_NO_PBC,N,1505,4,0.2894028334346434
RAW_NO_PBC,N,1507,4,0.2894028334346438
RAW_NO_PBC,N,1509,4,0.2894028334346438
RAW_NO_PBC,N,1511,4,0.28955655751510817
RAW_NO_PBC,N,1513,4,0.28955655751510817
RAW_NO_PBC,N,1515,4,0.28956001105125023
RAW_NO_PBC,N,1517,4,0.2894011057338933
RAW_NO_PBC,N,1519,4,0.28931297931479016
RAW_NO_PBC,N,1521,4,0.28931297931479016
RAW_NO_PBC,N,1523,4,0.28940110573389294
RAW_NO_PBC,N,1525,4,0.28937691684030425
RAW_NO_PBC,N,1527,4,0.28937691684030425
RAW_NO_PBC,N,1529,4,0.28956001105125023
RAW_NO_PBC,N,1531,4,0.28960317677815667
RAW_NO_PBC,N,1533,4,0.28940283343464374
RAW_NO_PBC,N,1535,4,0.28940283343464374
RAW_NO_PBC,N,1537,4,0.2894028334346434
RAW_NO_PBC,N,1539,4,0.2894028334346434
RAW_NO_PBC,N,1541,4,0.28960317677815667
RAW_NO_PBC,N,1543,4,0.2889809682314738
RAW_NO_PBC,N,1545,4,0.2889809682314738
RAW_NO_PBC,N,1547,4,0.28913318730301424
RAW_NO_PBC,N,1549,4,0.28913318730301424
RAW_NO_PBC,N,1551,4,0.28931297931479016
RAW_NO_PBC,N,1553,4,0.28913318730301457
RAW_NO_PBC,N,1555,4,0.28913318730301457
RAW_NO_PBC,N,1557,4,0.2889809682314738
RAW_NO_PBC,N,1559,4,0.2889809682314738
RAW_NO_PBC,N,1561,4,0.2893769168403038
RAW_NO_PBC,N,1563,4,0.2894011057338925
RAW_NO_PBC,N,1565,4,0.2893129793147897
RAW_NO_PBC,N,1567,4,0.2893129793147897
RAW_NO_PBC,N,1569,4,0.2894011057338929
RAW_NO_PBC,N,1571,4,0.2895600110512498
RAW_NO_PBC,N,1573,4,0.2895565575151077
RAW_NO_PBC,N,1575,4,0.2895565575151077
RAW_NO_PBC,N,1577,4,0.2894028334346434
RAW_NO_PBC,N,1579,4,0.2894028334346434
RAW_NO_PBC,N,1581,4,0.289402833434643
RAW_NO_PBC,N,1583,4,0.289402833434643
RAW_NO_PBC,N,1585,4,0.28955655751510806
RAW_NO_PBC,N,1587,4,0.28898096823147335
RAW_NO_PBC,N,1589,4,0.28898096823147335
RAW_NO_PBC,N,1591,4,0.2891331873030142
RAW_NO_PBC,N,1593,4,0.2891331873030142
RAW_NO_PBC,N,1595,4,0.2893129793147897
RAW_NO_PBC,N,1597,4,0.2891331873030138
RAW_NO_PBC,N,1599,4,0.2891331873030138
RAW_NO_PBC,N,1601,4,0.28898096823147335
RAW_NO_PBC,N,1603,4,0.28898096823147335
RAW_NO_PBC,N,1605,4,0.28960317677815617
RAW_NO_PBC,N,1607,4,0.2894028334346429
RAW_NO_PBC,N,1609,4,0.2894028334346429
RAW_NO_PBC,N,1611,4,0.2894028334346433
RAW_NO_PBC,N,1613,4,0.2894028334346433
RAW_NO_PBC,N,1615,4,0.28960317677815617
RAW_NO_PBC,N,1617,4,0.2895600110512498
RAW_NO_PBC,N,1619,4,0.2893769168403038
RAW_NO_PBC,N,1621,4,0.38403515464082233
RAW_NO_PBC,N,1623,4,0.384065098648654
RAW_NO_PBC,N,1625,4,0.38398307254356967
RAW_NO_PBC,N,1627,4,0.38403515464082233
RAW_NO_PBC,N,1629,4,0.38413799603788257
RAW_NO_PBC,N,1631,4,0.38395181989411165
RAW_NO_PBC,N,1633,4,0.38395181989411165
RAW_NO_PBC,N,1635,4,0.38403515464082233
RAW_NO_PBC,N,1637,4,0.3840559855021144
RAW_NO_PBC,N,1639,4,0.38398307254356967
RAW_NO_PBC,N,1641,4,0.3840559855021142
RAW_NO_PBC,N,1643,4,0.38403515464082233
RAW_NO_PBC,N,1645,4,0.38395051764517835
RAW_NO_PBC,N,1647,4,0.38395181989411153
RAW_NO_PBC,N,1649,4,0.3841379960378827
RAW_NO_PBC,N,1651,4,0.3839713530981189
RAW_NO_PBC,N,1653,4,0.38396614434087845
RAW_NO_PBC,N,1655,4,0.38411586793570546
RAW_NO_PBC,N,1657,4,0.38397135309811875
RAW_NO_PBC,N,1659,4,0.3841288846207746
RAW_NO_PBC,N,1661,4,0.3837407979352734
RAW_NO_PBC,N,1663,4,0.3841288846207746
RAW_NO_PBC,N,1665,4,0.38403515464082233
RAW_NO_PBC,N,1667,4,0.38397135309811875
RAW_NO_PBC,N,1669,4,0.38396614434087845
RAW_NO_PBC,N,1671,4,0.3839713530981189
RAW_NO_PBC,N,1673,4,0.38403515464082233
RAW_NO_PBC,N,1675,4,0.38395181989411153
RAW_NO_PBC,N,1677,4,0.3839713530981189
RAW_NO_PBC,N,1679,4,0.38395051764517835
MINIMUM_IMAGE_XYZ,B,0,1,0.14500000000000002
MINIMUM_IMAGE_XYZ,B,2,1,0.14500000000000002
MINIMUM_IMAGE_XYZ,B,4,1,0.14500000000000002
MINIMUM_IMAGE_XYZ,B,6,1,0.14500000000000002
MINIMUM_IMAGE_XYZ,B,8,1,0.14500000000000002
MINIMUM_IMAGE_XYZ,B,10,1,0.14500000000000002
MINIMUM_IMAGE_XYZ,B,12,1,0.14500000000000002
MINIMUM_IMAGE_XYZ,B,14,1,0.14500000000000002
MINIMUM_IMAGE_XYZ,B,16,1,0.14500000000000002
MINIMUM_IMAGE_XYZ,B,18,1,0.14500000000000002
MINIMUM_IMAGE_XYZ,B,20,1,0.14500000000000002
MINIMUM_IMAGE_XYZ,B,22,1,0.14500000000000002
MINIMUM_IMAGE_XYZ,B,24,1,0.14500000000000002
MINIMUM_IMAGE_XYZ,B,26,1,0.14500000000000002
MINIMUM_IMAGE_XYZ,B,28,1,0.14500000000000002
MINIMUM_IMAGE_XYZ,B,30,1,0.14500000000000002
MINIMUM_IMAGE_XYZ,B,32,1,0.14500000000000002
MINIMUM_IMAGE_XYZ,B,34,1,0.14500000000000002
MINIMUM_IMAGE_XYZ,B,36,1,0.14500000000000002
MINIMUM_IMAGE_XYZ,B,38,1,0.14500000000000002
MINIMUM_IMAGE_XYZ,B,40,1,0.14500000000000002
MINIMUM_IMAGE_XYZ,B,42,1,0.14500000000000002
MINIMUM_IMAGE_XYZ,B,44,1,0.14500000000000002
MINIMUM_IMAGE_XYZ,B,46,1,0.14500000000000002
MINIMUM_IMAGE_XYZ,B,48,1,0.14500000000000002
MINIMUM_IMAGE_XYZ,B,50,1,0.14500000000000002
MINIMUM_IMAGE_XYZ,B,52,1,0.14500000000000002
MINIMUM_IMAGE_XYZ,B,54,1,0.14500000000000002
MINIMUM_IMAGE_XYZ,B,56,1,0.14500000000000002
MINIMUM_IMAGE_XYZ,B,58,1,0.14500000000000002
MINIMUM_IMAGE_XYZ,B,60,1,0.14477568856683093
MINIMUM_IMAGE_XYZ,B,62,1,0.14439182802361047
MINIMUM_IMAGE_XYZ,B,64,1,0.14481022063376636
MINIMUM_IMAGE_XYZ,B,66,1,0.14377760604489156
MINIMUM_IMAGE_XYZ,B,68,1,0.14481022063376636
MINIMUM_IMAGE_XYZ,B,70,1,0.14456140563788109
MINIMUM_IMAGE_XYZ,B,72,1,0.14439182802361047
MINIMUM_IMAGE_XYZ,B,74,1,0.1443779761598008
MINIMUM_IMAGE_XYZ,B,76,1,0.14439182802361084
MINIMUM_IMAGE_XYZ,B,78,1,0.14456140563788109
MINIMUM_IMAGE_XYZ,B,80,1,0.14433987668000817
MINIMUM_IMAGE_XYZ,B,82,1,0.14439182802361086
MINIMUM_IMAGE_XYZ,B,84,1,0.1443364125922496
MINIMUM_IMAGE_XYZ,B,86,1,0.14456140563788109
MINIMUM_IMAGE_XYZ,B,88,1,0.1446409347314931
MINIMUM_IMAGE_XYZ,B,90,1,0.14442298985964805
MINIMUM_IMAGE_XYZ,B,92,1,0.14456140563788109
MINIMUM_IMAGE_XYZ,B,94,1,0.14483438818181277
MINIMUM_IMAGE_XYZ,B,96,1,0.1443398766800084
MINIMUM_IMAGE_XYZ,B,98,1,0.1443398766800084
MINIMUM_IMAGE_XYZ,B,100,1,0.14456140563788109
MINIMUM_IMAGE_XYZ,B,102,1,0.14461673485458038
MINIMUM_IMAGE_XYZ,B,104,1,0.14442298985964805
MINIMUM_IMAGE_XYZ,B,106,1,0.14461673485458001
MINIMUM_IMAGE_XYZ,B,108,1,0.14456140563788109
MINIMUM_IMAGE_XYZ,B,110,1,0.1443364125922496
MINIMUM_IMAGE_XYZ,B,112,1,0.14433987668000817
MINIMUM_IMAGE_XYZ,B,114,1,0.14483438818181293
MINIMUM_IMAGE_XYZ,B,116,1,0.14439182802361084
MINIMUM_IMAGE_XYZ,B,118,1,0.1443779761598008
MINIMUM_IMAGE_XYZ,B,120,1,0.14489306401619054
MINIMUM_IMAGE_XYZ,B,122,1,0.14500000000000002
MINIMUM_IMAGE_XYZ,B,124,1,0.14500000000000002
MINIMUM_IMAGE_XYZ,B,126,1,0.14428097587693264
MINIMUM_IMAGE_XYZ,B,128,1,0.14500000000000002
MINIMUM_IMAGE_XYZ,B,130,1,0.14489306401619054
MINIMUM_IMAGE_XYZ,B,132,1,0.14500000000000002
MINIMUM_IMAGE_XYZ,B,134,1,0.14487926007541588
MINIMUM_IMAGE_XYZ,B,136,1,0.1448930640161909
MINIMUM_IMAGE_XYZ,B,138,1,0.14500000000000002
MINIMUM_IMAGE_XYZ,B,140,1,0.14484129245487956
MINIMUM_IMAGE_XYZ,B,142,1,0.1448378403594865
MINIMUM_IMAGE_XYZ,B,144,1,0.14500000000000002
MINIMUM_IMAGE_XYZ,B,146,1,0.14500000000000002
MINIMUM_IMAGE_XYZ,B,148,1,0.1449241180756329
MINIMUM_IMAGE_XYZ,B,150,1,0.14500000000000002
MINIMUM_IMAGE_XYZ,B,152,1,0.14500000000000002
MINIMUM_IMAGE_XYZ,B,154,1,0.14484129245487978
MINIMUM_IMAGE_XYZ,B,156,1,0.14484129245487978
MINIMUM_IMAGE_XYZ,B,158,1,0.14500000000000002
MINIMUM_IMAGE_XYZ,B,160,1,0.14500000000000002
MINIMUM_IMAGE_XYZ,B,162,1,0.1449241180756329
MINIMUM_IMAGE_XYZ,B,164,1,0.14500000000000002
MINIMUM_IMAGE_XYZ,B,166,1,0.14500000000000002
MINIMUM_IMAGE_XYZ,B,168,1,0.1448378403594865
MINIMUM_IMAGE_XYZ,B,170,1,0.14489306401619093
MINIMUM_IMAGE_XYZ,B,172,1,0.14484129245487956
MINIMUM_IMAGE_XYZ,B,174,1,0.14500000000000002
MINIMUM_IMAGE_XYZ,B,176,1,0.1448930640161909
MINIMUM_IMAGE_XYZ,B,178,1,0.14487926007541588
MINIMUM_IMAGE_XYZ,B,180,1,0.14439182802361047
MINIMUM_IMAGE_XYZ,B,182,1,0.14481022063376636
MINIMUM_IMAGE_XYZ,B,184,1,0.14377760604489156
MINIMUM_IMAGE_XYZ,B,186,1,0.14481022063376636
MINIMUM_IMAGE_XYZ,B,188,1,0.14456140563788109
MINIMUM_IMAGE_XYZ,B,190,1,0.14439182802361047
MINIMUM_IMAGE_XYZ,B,192,1,0.1443779761598008
MINIMUM_IMAGE_XYZ,B,194,1,0.14439182802361084
MINIMUM_IMAGE_XYZ,B,196,1,0.14456140563788109
MINIMUM_IMAGE_XYZ,B,198,1,0.14433987668000817
MINIMUM_IMAGE_XYZ,B,200,1,0.14439182802361086
MINIMUM_IMAGE_XYZ,B,202,1,0.1443364125922496
MINIMUM_IMAGE_XYZ,B,204,1,0.14456140563788109
MINIMUM_IMAGE_XYZ,B,206,1,0.1446409347314931
MINIMUM_IMAGE_XYZ,B,208,1,0.14442298985964805
MINIMUM_IMAGE_XYZ,B,210,1,0.14456140563788109
MINIMUM_IMAGE_XYZ,B,212,1,0.14483438818181277
MINIMUM_IMAGE_XYZ,B,214,1,0.1443398766800084
MINIMUM_IMAGE_XYZ,B,216,1,0.1443398766800084
MINIMUM_IMAGE_XYZ,B,218,1,0.14456140563788109
MINIMUM_IMAGE_XYZ,B,220,1,0.14461673485458038
MINIMUM_IMAGE_XYZ,B,222,1,0.14442298985964805
MINIMUM_IMAGE_XYZ,B,224,1,0.14461673485458001
MINIMUM_IMAGE_XYZ,B,226,1,0.14456140563788109
MINIMUM_IMAGE_XYZ,B,228,1,0.1443364125922496
MINIMUM_IMAGE_XYZ,B,230,1,0.14433987668000817
MINIMUM_IMAGE_XYZ,B,232,1,0.14483438818181293
MINIMUM_IMAGE_XYZ,B,234,1,0.14439182802361084
MINIMUM_IMAGE_XYZ,B,236,1,0.1443779761598008
MINIMUM_IMAGE_XYZ,B,238,1,0.14477568856683093
MINIMUM_IMAGE_XYZ,B,240,1,0.14500000000000002
MINIMUM_IMAGE_XYZ,B,242,1,0.14500000000000002
MINIMUM_IMAGE_XYZ,B,244,1,0.14428097587693264
MINIMUM_IMAGE_XYZ,B,246,1,0.14500000000000002
MINIMUM_IMAGE_XYZ,B,248,1,0.14489306401619054
MINIMUM_IMAGE_XYZ,B,250,1,0.14500000000000002
MINIMUM_IMAGE_XYZ,B,252,1,0.14487926007541588
MINIMUM_IMAGE_XYZ,B,254,1,0.1448930640161909
MINIMUM_IMAGE_XYZ,B,256,1,0.14500000000000002
MINIMUM_IMAGE_XYZ,B,258,1,0.14484129245487956
MINIMUM_IMAGE_XYZ,B,260,1,0.1448378403594865
MINIMUM_IMAGE_XYZ,B,262,1,0.14500000000000002
MINIMUM_IMAGE_XYZ,B,264,1,0.14500000000000002
MINIMUM_IMAGE_XYZ,B,266,1,0.1449241180756329
MINIMUM_IMAGE_XYZ,B,268,1,0.14500000000000002
MINIMUM_IMAGE_XYZ,B,270,1,0.14500000000000002
MINIMUM_IMAGE_XYZ,B,272,1,0.14484129245487978
MINIMUM_IMAGE_XYZ,B,274,1,0.14484129245487978
MINIMUM_IMAGE_XYZ,B,276,1,0.14500000000000002
MINIMUM_IMAGE_XYZ,B,278,1,0.14500000000000002
MINIMUM_IMAGE_XYZ,B,280,1,0.1449241180756329
MINIMUM_IMAGE_XYZ,B,282,1,0.14500000000000002
MINIMUM_IMAGE_XYZ,B,284,1,0.14500000000000002
MINIMUM_IMAGE_XYZ,B,286,1,0.1448378403594865
MINIMUM_IMAGE_XYZ,B,288,1,0.14489306401619093
MINIMUM_IMAGE_XYZ,B,290,1,0.14484129245487956
MINIMUM_IMAGE_XYZ,B,292,1,0.14500000000000002
MINIMUM_IMAGE_XYZ,B,294,1,0.1448930640161909
MINIMUM_IMAGE_XYZ,B,296,1,0.14487926007541588
MINIMUM_IMAGE_XYZ,B,298,1,0.14489306401619054
MINIMUM_IMAGE_XYZ,B,300,1,0.14481022063376636
MINIMUM_IMAGE_XYZ,B,302,1,0.14377760604489156
MINIMUM_IMAGE_XYZ,B,304,1,0.14481022063376636
MINIMUM_IMAGE_XYZ,B,306,1,0.14456140563788109
MINIMUM_IMAGE_XYZ,B,308,1,0.14439182802361047
MINIMUM_IMAGE_XYZ,B,310,1,0.1443779761598008
MINIMUM_IMAGE_XYZ,B,312,1,0.14439182802361084
MINIMUM_IMAGE_XYZ,B,314,1,0.14456140563788109
MINIMUM_IMAGE_XYZ,B,316,1,0.14433987668000817
MINIMUM_IMAGE_XYZ,B,318,1,0.14439182802361086
MINIMUM_IMAGE_XYZ,B,320,1,0.1443364125922496
MINIMUM_IMAGE_XYZ,B,322,1,0.14456140563788109
MINIMUM_IMAGE_XYZ,B,324,1,0.1446409347314931
MINIMUM_IMAGE_XYZ,B,326,1,0.14442298985964805
MINIMUM_IMAGE_XYZ,B,328,1,0.14456140563788109
MINIMUM_IMAGE_XYZ,B,330,1,0.14483438818181277
MINIMUM_IMAGE_XYZ,B,332,1,0.1443398766800084
MINIMUM_IMAGE_XYZ,B,334,1,0.1443398766800084
MINIMUM_IMAGE_XYZ,B,336,1,0.14456140563788109
MINIMUM_IMAGE_XYZ,B,338,1,0.14461673485458038
MINIMUM_IMAGE_XYZ,B,340,1,0.14442298985964805
MINIMUM_IMAGE_XYZ,B,342,1,0.14461673485458001
MINIMUM_IMAGE_XYZ,B,344,1,0.14456140563788109
MINIMUM_IMAGE_XYZ,B,346,1,0.1443364125922496
MINIMUM_IMAGE_XYZ,B,348,1,0.14433987668000817
MINIMUM_IMAGE_XYZ,B,350,1,0.14483438818181293
MINIMUM_IMAGE_XYZ,B,352,1,0.14439182802361084
MINIMUM_IMAGE_XYZ,B,354,1,0.1443779761598008
MINIMUM_IMAGE_XYZ,B,356,1,0.14477568856683093
MINIMUM_IMAGE_XYZ,B,358,1,0.14439182802361047
MINIMUM_IMAGE_XYZ,B,360,1,0.14500000000000002
MINIMUM_IMAGE_XYZ,B,362,1,0.14428097587693264
MINIMUM_IMAGE_XYZ,B,364,1,0.14500000000000002
MINIMUM_IMAGE_XYZ,B,366,1,0.14489306401619054
MINIMUM_IMAGE_XYZ,B,368,1,0.14500000000000002
MINIMUM_IMAGE_XYZ,B,370,1,0.14487926007541588
MINIMUM_IMAGE_XYZ,B,372,1,0.1448930640161909
MINIMUM_IMAGE_XYZ,B,374,1,0.14500000000000002
MINIMUM_IMAGE_XYZ,B,376,1,0.14484129245487956
MINIMUM_IMAGE_XYZ,B,378,1,0.1448378403594865
MINIMUM_IMAGE_XYZ,B,380,1,0.14500000000000002
MINIMUM_IMAGE_XYZ,B,382,1,0.14500000000000002
MINIMUM_IMAGE_XYZ,B,384,1,0.1449241180756329
MINIMUM_IMAGE_XYZ,B,386,1,0.14500000000000002
MINIMUM_IMAGE_XYZ,B,388,1,0.14500000000000002
MINIMUM_IMAGE_XYZ,B,390,1,0.14484129245487978
MINIMUM_IMAGE_XYZ,B,392,1,0.14484129245487978
MINIMUM_IMAGE_XYZ,B,394,1,0.14500000000000002
MINIMUM_IMAGE_XYZ,B,396,1,0.14500000000000002
MINIMUM_IMAGE_XYZ,B,398,1,0.1449241180756329
MINIMUM_IMAGE_XYZ,B,400,1,0.14500000000000002
MINIMUM_IMAGE_XYZ,B,402,1,0.14500000000000002
MINIMUM_IMAGE_XYZ,B,404,1,0.1448378403594865
MINIMUM_IMAGE_XYZ,B,406,1,0.14489306401619093
MINIMUM_IMAGE_XYZ,B,408,1,0.14484129245487956
MINIMUM_IMAGE_XYZ,B,410,1,0.14500000000000002
MINIMUM_IMAGE_XYZ,B,412,1,0.1448930640161909
MINIMUM_IMAGE_XYZ,B,414,1,0.14487926007541588
MINIMUM_IMAGE_XYZ,B,416,1,0.14489306401619054
MINIMUM_IMAGE_XYZ,B,418,1,0.14500000000000002
MINIMUM_IMAGE_XYZ,B,420,1,0.14377760604489134
MINIMUM_IMAGE_XYZ,B,422,1,0.14481022063376614
MINIMUM_IMAGE_XYZ,B,424,1,0.1445614056378809
MINIMUM_IMAGE_XYZ,B,426,1,0.14439182802361025
MINIMUM_IMAGE_XYZ,B,428,1,0.14437797615980058
MINIMUM_IMAGE_XYZ,B,430,1,0.14439182802361064
MINIMUM_IMAGE_XYZ,B,432,1,0.1445614056378809
MINIMUM_IMAGE_XYZ,B,434,1,0.14433987668000794
MINIMUM_IMAGE_XYZ,B,436,1,0.14439182802361064
MINIMUM_IMAGE_XYZ,B,438,1,0.14433641259224939
MINIMUM_IMAGE_XYZ,B,440,1,0.1445614056378809
MINIMUM_IMAGE_XYZ,B,442,1,0.14464093473149287
MINIMUM_IMAGE_XYZ,B,444,1,0.14442298985964783
MINIMUM_IMAGE_XYZ,B,446,1,0.1445614056378809
MINIMUM_IMAGE_XYZ,B,448,1,0.14483438818181255
MINIMUM_IMAGE_XYZ,B,450,1,0.1443398766800082
MINIMUM_IMAGE_XYZ,B,452,1,0.1443398766800082
MINIMUM_IMAGE_XYZ,B,454,1,0.1445614056378809
MINIMUM_IMAGE_XYZ,B,456,1,0.14461673485458015
MINIMUM_IMAGE_XYZ,B,458,1,0.14442298985964783
MINIMUM_IMAGE_XYZ,B,460,1,0.1446167348545798
MINIMUM_IMAGE_XYZ,B,462,1,0.1445614056378809
MINIMUM_IMAGE_XYZ,B,464,1,0.14433641259224939
MINIMUM_IMAGE_XYZ,B,466,1,0.14433987668000794
MINIMUM_IMAGE_XYZ,B,468,1,0.1448343881818127
MINIMUM_IMAGE_XYZ,B,470,1,0.14439182802361064
MINIMUM_IMAGE_XYZ,B,472,1,0.14437797615980058
MINIMUM_IMAGE_XYZ,B,474,1,0.1447756885668307
MINIMUM_IMAGE_XYZ,B,476,1,0.14439182802361025
MINIMUM_IMAGE_XYZ,B,478,1,0.14481022063376614
MINIMUM_IMAGE_XYZ,B,480,1,0.14428097587693287
MINIMUM_IMAGE_XYZ,B,482,1,0.14499999999999957
MINIMUM_IMAGE_XYZ,B,484,1,0.14489306401619076
MINIMUM_IMAGE_XYZ,B,486,1,0.14499999999999957
MINIMUM_IMAGE_XYZ,B,488,1,0.1448792600754161
MINIMUM_IMAGE_XYZ,B,490,1,0.14489306401619112
MINIMUM_IMAGE_XYZ,B,492,1,0.14499999999999957
MINIMUM_IMAGE_XYZ,B,494,1,0.14484129245487978
MINIMUM_IMAGE_XYZ,B,496,1,0.1448378403594867
MINIMUM_IMAGE_XYZ,B,498,1,0.14499999999999957
MINIMUM_IMAGE_XYZ,B,500,1,0.14499999999999957
MINIMUM_IMAGE_XYZ,B,502,1,0.14492411807563313
MINIMUM_IMAGE_XYZ,B,504,1,0.14499999999999957
MINIMUM_IMAGE_XYZ,B,506,1,0.14499999999999957
MINIMUM_IMAGE_XYZ,B,508,1,0.14484129245488003
MINIMUM_IMAGE_XYZ,B,510,1,0.14484129245488003
MINIMUM_IMAGE_XYZ,B,512,1,0.14499999999999957
MINIMUM_IMAGE_XYZ,B,514,1,0.14499999999999957
MINIMUM_IMAGE_XYZ,B,516,1,0.14492411807563313
MINIMUM_IMAGE_XYZ,B,518,1,0.14499999999999957
MINIMUM_IMAGE_XYZ,B,520,1,0.14499999999999957
MINIMUM_IMAGE_XYZ,B,522,1,0.1448378403594867
MINIMUM_IMAGE_XYZ,B,524,1,0.14489306401619115
MINIMUM_IMAGE_XYZ,B,526,1,0.14484129245487978
MINIMUM_IMAGE_XYZ,B,528,1,0.14499999999999957
MINIMUM_IMAGE_XYZ,B,530,1,0.14489306401619112
MINIMUM_IMAGE_XYZ,B,532,1,0.1448792600754161
MINIMUM_IMAGE_XYZ,B,534,1,0.14489306401619076
MINIMUM_IMAGE_XYZ,B,536,1,0.14499999999999957
MINIMUM_IMAGE_XYZ,B,538,1,0.14499999999999957
MINIMUM_IMAGE_XYZ,B,540,1,0.14499999999999957
MINIMUM_IMAGE_XYZ,B,542,1,0.14499999999999957
MINIMUM_IMAGE_XYZ,B,544,1,0.14489306401619076
MINIMUM_IMAGE_XYZ,B,546,1,0.1448792600754161
MINIMUM_IMAGE_XYZ,B,548,1,0.14489306401619112
MINIMUM_IMAGE_XYZ,B,550,1,0.14499999999999957
MINIMUM_IMAGE_XYZ,B,552,1,0.14484129245487978
MINIMUM_IMAGE_XYZ,B,554,1,0.14489306401619115
MINIMUM_IMAGE_XYZ,B,556,1,0.1448378403594867
MINIMUM_IMAGE_XYZ,B,558,1,0.14499999999999957
MINIMUM_IMAGE_XYZ,B,560,1,0.14499999999999957
MINIMUM_IMAGE_XYZ,B,562,1,0.14492411807563313
MINIMUM_IMAGE_XYZ,B,564,1,0.14499999999999957
MINIMUM_IMAGE_XYZ,B,566,1,0.14499999999999957
MINIMUM_IMAGE_XYZ,B,568,1,0.14484129245488003
MINIMUM_IMAGE_XYZ,B,570,1,0.14484129245488003
MINIMUM_IMAGE_XYZ,B,572,1,0.14499999999999957
MINIMUM_IMAGE_XYZ,B,574,1,0.14499999999999957
MINIMUM_IMAGE_XYZ,B,576,1,0.14492411807563313
MINIMUM_IMAGE_XYZ,B,578,1,0.14499999999999957
MINIMUM_IMAGE_XYZ,B,580,1,0.14499999999999957
MINIMUM_IMAGE_XYZ,B,582,1,0.1448378403594867
MINIMUM_IMAGE_XYZ,B,584,1,0.14484129245487978
MINIMUM_IMAGE_XYZ,B,586,1,0.14499999999999957
MINIMUM_IMAGE_XYZ,B,588,1,0.14489306401619112
MINIMUM_IMAGE_XYZ,B,590,1,0.1448792600754161
MINIMUM_IMAGE_XYZ,B,592,1,0.14499999999999957
MINIMUM_IMAGE_XYZ,B,594,1,0.14489306401619076
MINIMUM_IMAGE_XYZ,B,596,1,0.14499999999999957
MINIMUM_IMAGE_XYZ,B,598,1,0.14428097587693287
MINIMUM_IMAGE_XYZ,B,600,1,0.14481022063376636
MINIMUM_IMAGE_XYZ,B,602,1,0.14439182802361047
MINIMUM_IMAGE_XYZ,B,604,1,0.14477568856683093
MINIMUM_IMAGE_XYZ,B,606,1,0.1443779761598008
MINIMUM_IMAGE_XYZ,B,608,1,0.14439182802361084
MINIMUM_IMAGE_XYZ,B,610,1,0.14483438818181293
MINIMUM_IMAGE_XYZ,B,612,1,0.14433987668000817
MINIMUM_IMAGE_XYZ,B,614,1,0.1443364125922496
MINIMUM_IMAGE_XYZ,B,616,1,0.14456140563788109
MINIMUM_IMAGE_XYZ,B,618,1,0.14461673485458001
MINIMUM_IMAGE_XYZ,B,620,1,0.14442298985964805
MINIMUM_IMAGE_XYZ,B,622,1,0.14461673485458038
MINIMUM_IMAGE_XYZ,B,624,1,0.14456140563788109
MINIMUM_IMAGE_XYZ,B,626,1,0.1443398766800084
MINIMUM_IMAGE_XYZ,B,628,1,0.1443398766800084
MINIMUM_IMAGE_XYZ,B,630,1,0.14483438818181277
MINIMUM_IMAGE_XYZ,B,632,1,0.14456140563788109
MINIMUM_IMAGE_XYZ,B,634,1,0.14442298985964805
MINIMUM_IMAGE_XYZ,B,636,1,0.1446409347314931
MINIMUM_IMAGE_XYZ,B,638,1,0.14456140563788109
MINIMUM_IMAGE_XYZ,B,640,1,0.1443364125922496
MINIMUM_IMAGE_XYZ,B,642,1,0.14439182802361086
MINIMUM_IMAGE_XYZ,B,644,1,0.14433987668000817
MINIMUM_IMAGE_XYZ,B,646,1,0.14456140563788109
MINIMUM_IMAGE_XYZ,B,648,1,0.14439182802361084
MINIMUM_IMAGE_XYZ,B,650,1,0.1443779761598008
MINIMUM_IMAGE_XYZ,B,652,1,0.14439182802361047
MINIMUM_IMAGE_XYZ,B,654,1,0.14456140563788109
MINIMUM_IMAGE_XYZ,B,656,1,0.14481022063376636
MINIMUM_IMAGE_XYZ,B,658,1,0.14377760604489156
MINIMUM_IMAGE_XYZ,B,660,1,0.14400000000000013
MINIMUM_IMAGE_XYZ,B,662,1,0.14400000000000013
MINIMUM_IMAGE_XYZ,B,664,1,0.14400000000000013
MINIMUM_IMAGE_XYZ,B,666,1,0.14400000000000013
MINIMUM_IMAGE_XYZ,B,668,1,0.14400000000000013
MINIMUM_IMAGE_XYZ,B,670,1,0.14400000000000013
MINIMUM_IMAGE_XYZ,B,672,1,0.14400000000000013
MINIMUM_IMAGE_XYZ,B,674,1,0.14400000000000013
MINIMUM_IMAGE_XYZ,B,676,1,0.14400000000000013
MINIMUM_IMAGE_XYZ,B,678,1,0.14400000000000013
MINIMUM_IMAGE_XYZ,B,680,1,0.14400000000000013
MINIMUM_IMAGE_XYZ,B,682,1,0.14400000000000013
MINIMUM_IMAGE_XYZ,B,684,1,0.14400000000000013
MINIMUM_IMAGE_XYZ,B,686,1,0.14400000000000013
MINIMUM_IMAGE_XYZ,B,688,1,0.14400000000000013
MINIMUM_IMAGE_XYZ,B,690,1,0.14400000000000013
MINIMUM_IMAGE_XYZ,B,692,1,0.14400000000000013
MINIMUM_IMAGE_XYZ,B,694,1,0.14400000000000013
MINIMUM_IMAGE_XYZ,B,696,1,0.14400000000000013
MINIMUM_IMAGE_XYZ,B,698,1,0.14400000000000013
MINIMUM_IMAGE_XYZ,B,700,1,0.14400000000000013
MINIMUM_IMAGE_XYZ,B,702,1,0.14400000000000013
MINIMUM_IMAGE_XYZ,B,704,1,0.14400000000000013
MINIMUM_IMAGE_XYZ,B,706,1,0.14400000000000013
MINIMUM_IMAGE_XYZ,B,708,1,0.14400000000000013
MINIMUM_IMAGE_XYZ,B,710,1,0.14400000000000013
MINIMUM_IMAGE_XYZ,B,712,1,0.14400000000000013
MINIMUM_IMAGE_XYZ,B,714,1,0.14400000000000013
MINIMUM_IMAGE_XYZ,B,716,1,0.14400000000000013
MINIMUM_IMAGE_XYZ,B,718,1,0.14400000000000013
MINIMUM_IMAGE_XYZ,B,720,1,0.14489306401619076
MINIMUM_IMAGE_XYZ,B,722,1,0.14499999999999957
MINIMUM_IMAGE_XYZ,B,724,1,0.1448792600754161
MINIMUM_IMAGE_XYZ,B,726,1,0.14489306401619112
MINIMUM_IMAGE_XYZ,B,728,1,0.14499999999999957
MINIMUM_IMAGE_XYZ,B,730,1,0.14484129245487978
MINIMUM_IMAGE_XYZ,B,732,1,0.1448378403594867
MINIMUM_IMAGE_XYZ,B,734,1,0.14499999999999957
MINIMUM_IMAGE_XYZ,B,736,1,0.14499999999999957
MINIMUM_IMAGE_XYZ,B,738,1,0.14492411807563313
MINIMUM_IMAGE_XYZ,B,740,1,0.14499999999999957
MINIMUM_IMAGE_XYZ,B,742,1,0.14499999999999957
MINIMUM_IMAGE_XYZ,B,744,1,0.14484129245488003
MINIMUM_IMAGE_XYZ,B,746,1,0.14484129245488003
MINIMUM_IMAGE_XYZ,B,748,1,0.14499999999999957
MINIMUM_IMAGE_XYZ,B,750,1,0.14499999999999957
MINIMUM_IMAGE_XYZ,B,752,1,0.14492411807563313
MINIMUM_IMAGE_XYZ,B,754,1,0.14499999999999957
MINIMUM_IMAGE_XYZ,B,756,1,0.14499999999999957
MINIMUM_IMAGE_XYZ,B,758,1,0.1448378403594867
MINIMUM_IMAGE_XYZ,B,760,1,0.14489306401619115
MINIMUM_IMAGE_XYZ,B,762,1,0.14484129245487978
MINIMUM_IMAGE_XYZ,B,764,1,0.14499999999999957
MINIMUM_IMAGE_XYZ,B,766,1,0.14489306401619112
MINIMUM_IMAGE_XYZ,B,768,1,0.1448792600754161
MINIMUM_IMAGE_XYZ,B,770,1,0.14489306401619076
MINIMUM_IMAGE_XYZ,B,772,1,0.14499999999999957
MINIMUM_IMAGE_XYZ,B,774,1,0.14499999999999957
MINIMUM_IMAGE_XYZ,B,776,1,0.14428097587693287
MINIMUM_IMAGE_XYZ,B,778,1,0.14499999999999957
MINIMUM_IMAGE_XYZ,B,780,1,0.14439182802361047
MINIMUM_IMAGE_XYZ,B,782,1,0.1443779761598008
MINIMUM_IMAGE_XYZ,B,784,1,0.14439182802361084
MINIMUM_IMAGE_XYZ,B,786,1,0.14456140563788109
MINIMUM_IMAGE_XYZ,B,788,1,0.14433987668000817
MINIMUM_IMAGE_XYZ,B,790,1,0.14439182802361086
MINIMUM_IMAGE_XYZ,B,792,1,0.1443364125922496
MINIMUM_IMAGE_XYZ,B,794,1,0.14456140563788109
MINIMUM_IMAGE_XYZ,B,796,1,0.1446409347314931
MINIMUM_IMAGE_XYZ,B,798,1,0.14442298985964805
MINIMUM_IMAGE_XYZ,B,800,1,0.14456140563788109
MINIMUM_IMAGE_XYZ,B,802,1,0.14483438818181277
MINIMUM_IMAGE_XYZ,B,804,1,0.1443398766800084
MINIMUM_IMAGE_XYZ,B,806,1,0.1443398766800084
MINIMUM_IMAGE_XYZ,B,808,1,0.14456140563788109
MINIMUM_IMAGE_XYZ,B,810,1,0.14461673485458038
MINIMUM_IMAGE_XYZ,B,812,1,0.14442298985964805
MINIMUM_IMAGE_XYZ,B,814,1,0.14461673485458001
MINIMUM_IMAGE_XYZ,B,816,1,0.14456140563788109
MINIMUM_IMAGE_XYZ,B,818,1,0.1443364125922496
MINIMUM_IMAGE_XYZ,B,820,1,0.14433987668000817
MINIMUM_IMAGE_XYZ,B,822,1,0.14483438818181293
MINIMUM_IMAGE_XYZ,B,824,1,0.14439182802361084
MINIMUM_IMAGE_XYZ,B,826,1,0.1443779761598008
MINIMUM_IMAGE_XYZ,B,828,1,0.14477568856683093
MINIMUM_IMAGE_XYZ,B,830,1,0.14439182802361047
MINIMUM_IMAGE_XYZ,B,832,1,0.14481022063376636
MINIMUM_IMAGE_XYZ,B,834,1,0.14377760604489156
MINIMUM_IMAGE_XYZ,B,836,1,0.14481022063376636
MINIMUM_IMAGE_XYZ,B,838,1,0.14456140563788109
MINIMUM_IMAGE_XYZ,B,840,1,0.14477568856683093
MINIMUM_IMAGE_XYZ,B,842,1,0.1443779761598008
MINIMUM_IMAGE_XYZ,B,844,1,0.14439182802361084
MINIMUM_IMAGE_XYZ,B,846,1,0.14483438818181293
MINIMUM_IMAGE_XYZ,B,848,1,0.14433987668000817
MINIMUM_IMAGE_XYZ,B,850,1,0.1443364125922496
MINIMUM_IMAGE_XYZ,B,852,1,0.14456140563788109
MINIMUM_IMAGE_XYZ,B,854,1,0.14461673485458001
MINIMUM_IMAGE_XYZ,B,856,1,0.14442298985964805
MINIMUM_IMAGE_XYZ,B,858,1,0.14461673485458038
MINIMUM_IMAGE_XYZ,B,860,1,0.14456140563788109
MINIMUM_IMAGE_XYZ,B,862,1,0.1443398766800084
MINIMUM_IMAGE_XYZ,B,864,1,0.1443398766800084
MINIMUM_IMAGE_XYZ,B,866,1,0.14483438818181277
MINIMUM_IMAGE_XYZ,B,868,1,0.14456140563788109
MINIMUM_IMAGE_XYZ,B,870,1,0.14442298985964805
MINIMUM_IMAGE_XYZ,B,872,1,0.1446409347314931
MINIMUM_IMAGE_XYZ,B,874,1,0.14456140563788109
MINIMUM_IMAGE_XYZ,B,876,1,0.1443364125922496
MINIMUM_IMAGE_XYZ,B,878,1,0.14439182802361086
MINIMUM_IMAGE_XYZ,B,880,1,0.14433987668000817
MINIMUM_IMAGE_XYZ,B,882,1,0.14456140563788109
MINIMUM_IMAGE_XYZ,B,884,1,0.14439182802361084
MINIMUM_IMAGE_XYZ,B,886,1,0.1443779761598008
MINIMUM_IMAGE_XYZ,B,888,1,0.14439182802361047
MINIMUM_IMAGE_XYZ,B,890,1,0.14456140563788109
MINIMUM_IMAGE_XYZ,B,892,1,0.14481022063376636
MINIMUM_IMAGE_XYZ,B,894,1,0.14377760604489156
MINIMUM_IMAGE_XYZ,B,896,1,0.14481022063376636
MINIMUM_IMAGE_XYZ,B,898,1,0.14439182802361047
MINIMUM_IMAGE_XYZ,B,900,1,0.14487926007541566
MINIMUM_IMAGE_XYZ,B,902,1,0.14489306401619068
MINIMUM_IMAGE_XYZ,B,904,1,0.14500000000000046
MINIMUM_IMAGE_XYZ,B,906,1,0.14484129245487934
MINIMUM_IMAGE_XYZ,B,908,1,0.1448930640161907
MINIMUM_IMAGE_XYZ,B,910,1,0.14483784035948627
MINIMUM_IMAGE_XYZ,B,912,1,0.14500000000000046
MINIMUM_IMAGE_XYZ,B,914,1,0.14500000000000046
MINIMUM_IMAGE_XYZ,B,916,1,0.14492411807563269
MINIMUM_IMAGE_XYZ,B,918,1,0.14500000000000046
MINIMUM_IMAGE_XYZ,B,920,1,0.14500000000000046
MINIMUM_IMAGE_XYZ,B,922,1,0.14484129245487956
MINIMUM_IMAGE_XYZ,B,924,1,0.14484129245487956
MINIMUM_IMAGE_XYZ,B,926,1,0.14500000000000046
MINIMUM_IMAGE_XYZ,B,928,1,0.14500000000000046
MINIMUM_IMAGE_XYZ,B,930,1,0.14492411807563269
MINIMUM_IMAGE_XYZ,B,932,1,0.14500000000000046
MINIMUM_IMAGE_XYZ,B,934,1,0.14500000000000046
MINIMUM_IMAGE_XYZ,B,936,1,0.14483784035948627
MINIMUM_IMAGE_XYZ,B,938,1,0.14484129245487934
MINIMUM_IMAGE_XYZ,B,940,1,0.14500000000000046
MINIMUM_IMAGE_XYZ,B,942,1,0.14489306401619068
MINIMUM_IMAGE_XYZ,B,944,1,0.14487926007541566
MINIMUM_IMAGE_XYZ,B,946,1,0.14500000000000046
MINIMUM_IMAGE_XYZ,B,948,1,0.14489306401619031
MINIMUM_IMAGE_XYZ,B,950,1,0.14500000000000046
MINIMUM_IMAGE_XYZ,B,952,1,0.14428097587693242
MINIMUM_IMAGE_XYZ,B,954,1,0.14500000000000046
MINIMUM_IMAGE_XYZ,B,956,1,0.14500000000000046
MINIMUM_IMAGE_XYZ,B,958,1,0.14489306401619031
MINIMUM_IMAGE_XYZ,B,960,1,0.1443779761598008
MINIMUM_IMAGE_XYZ,B,962,1,0.14439182802361084
MINIMUM_IMAGE_XYZ,B,964,1,0.14483438818181293
MINIMUM_IMAGE_XYZ,B,966,1,0.14433987668000817
MINIMUM_IMAGE_XYZ,B,968,1,0.1443364125922496
MINIMUM_IMAGE_XYZ,B,970,1,0.14456140563788109
MINIMUM_IMAGE_XYZ,B,972,1,0.14461673485458001
MINIMUM_IMAGE_XYZ,B,974,1,0.14442298985964805
MINIMUM_IMAGE_XYZ,B,976,1,0.14461673485458038
MINIMUM_IMAGE_XYZ,B,978,1,0.14456140563788109
MINIMUM_IMAGE_XYZ,B,980,1,0.1443398766800084
MINIMUM_IMAGE_XYZ,B,982,1,0.1443398766800084
MINIMUM_IMAGE_XYZ,B,984,1,0.14483438818181277
MINIMUM_IMAGE_XYZ,B,986,1,0.14456140563788109
MINIMUM_IMAGE_XYZ,B,988,1,0.14442298985964805
MINIMUM_IMAGE_XYZ,B,990,1,0.1446409347314931
MINIMUM_IMAGE_XYZ,B,992,1,0.14456140563788109
MINIMUM_IMAGE_XYZ,B,994,1,0.1443364125922496
MINIMUM_IMAGE_XYZ,B,996,1,0.14439182802361086
MINIMUM_IMAGE_XYZ,B,998,1,0.14433987668000817
MINIMUM_IMAGE_XYZ,B,1000,1,0.14456140563788109
MINIMUM_IMAGE_XYZ,B,1002,1,0.14439182802361084
MINIMUM_IMAGE_XYZ,B,1004,1,0.1443779761598008
MINIMUM_IMAGE_XYZ,B,1006,1,0.14439182802361047
MINIMUM_IMAGE_XYZ,B,1008,1,0.14456140563788109
MINIMUM_IMAGE_XYZ,B,1010,1,0.14481022063376636
MINIMUM_IMAGE_XYZ,B,1012,1,0.14377760604489156
MINIMUM_IMAGE_XYZ,B,1014,1,0.14481022063376636
MINIMUM_IMAGE_XYZ,B,1016,1,0.14439182802361047
MINIMUM_IMAGE_XYZ,B,1018,1,0.14477568856683093
MINIMUM_IMAGE_XYZ,B,1020,1,0.14439182802361084
MINIMUM_IMAGE_XYZ,B,1022,1,0.14456140563788109
MINIMUM_IMAGE_XYZ,B,1024,1,0.14433987668000817
MINIMUM_IMAGE_XYZ,B,1026,1,0.14439182802361086
MINIMUM_IMAGE_XYZ,B,1028,1,0.1443364125922496
MINIMUM_IMAGE_XYZ,B,1030,1,0.14456140563788109
MINIMUM_IMAGE_XYZ,B,1032,1,0.1446409347314931
MINIMUM_IMAGE_XYZ,B,1034,1,0.14442298985964805
MINIMUM_IMAGE_XYZ,B,1036,1,0.14456140563788109
MINIMUM_IMAGE_XYZ,B,1038,1,0.14483438818181277
MINIMUM_IMAGE_XYZ,B,1040,1,0.1443398766800084
MINIMUM_IMAGE_XYZ,B,1042,1,0.1443398766800084
MINIMUM_IMAGE_XYZ,B,1044,1,0.14456140563788109
MINIMUM_IMAGE_XYZ,B,1046,1,0.14461673485458038
MINIMUM_IMAGE_XYZ,B,1048,1,0.14442298985964805
MINIMUM_IMAGE_XYZ,B,1050,1,0.14461673485458001
MINIMUM_IMAGE_XYZ,B,1052,1,0.14456140563788109
MINIMUM_IMAGE_XYZ,B,1054,1,0.1443364125922496
MINIMUM_IMAGE_XYZ,B,1056,1,0.14433987668000817
MINIMUM_IMAGE_XYZ,B,1058,1,0.14483438818181293
MINIMUM_IMAGE_XYZ,B,1060,1,0.14439182802361084
MINIMUM_IMAGE_XYZ,B,1062,1,0.1443779761598008
MINIMUM_IMAGE_XYZ,B,1064,1,0.14477568856683093
MINIMUM_IMAGE_XYZ,B,1066,1,0.14439182802361047
MINIMUM_IMAGE_XYZ,B,1068,1,0.14481022063376636
MINIMUM_IMAGE_XYZ,B,1070,1,0.14377760604489156
MINIMUM_IMAGE_XYZ,B,1072,1,0.14481022063376636
MINIMUM_IMAGE_XYZ,B,1074,1,0.14456140563788109
MINIMUM_IMAGE_XYZ,B,1076,1,0.14439182802361047
MINIMUM_IMAGE_XYZ,B,1078,1,0.1443779761598008
MINIMUM_IMAGE_XYZ,B,1080,1,0.14489306401619112
MINIMUM_IMAGE_XYZ,B,1082,1,0.14499999999999957
MINIMUM_IMAGE_XYZ,B,1084,1,0.14484129245487978
MINIMUM_IMAGE_XYZ,B,1086,1,0.1448378403594867
MINIMUM_IMAGE_XYZ,B,1088,1,0.14499999999999957
MINIMUM_IMAGE_XYZ,B,1090,1,0.14499999999999957
MINIMUM_IMAGE_XYZ,B,1092,1,0.14492411807563313
MINIMUM_IMAGE_XYZ,B,1094,1,0.14499999999999957
MINIMUM_IMAGE_XYZ,B,1096,1,0.14499999999999957
MINIMUM_IMAGE_XYZ,B,1098,1,0.14484129245488003
MINIMUM_IMAGE_XYZ,B,1100,1,0.14484129245488003
MINIMUM_IMAGE_XYZ,B,1102,1,0.14499999999999957
MINIMUM_IMAGE_XYZ,B,1104,1,0.14499999999999957
MINIMUM_IMAGE_XYZ,B,1106,1,0.14492411807563313
MINIMUM_IMAGE_XYZ,B,1108,1,0.14499999999999957
MINIMUM_IMAGE_XYZ,B,1110,1,0.14499999999999957
MINIMUM_IMAGE_XYZ,B,1112,1,0.1448378403594867
MINIMUM_IMAGE_XYZ,B,1114,1,0.14489306401619115
MINIMUM_IMAGE_XYZ,B,1116,1,0.14484129245487978
MINIMUM_IMAGE_XYZ,B,1118,1,0.14499999999999957
MINIMUM_IMAGE_XYZ,B,1120,1,0.14489306401619112
MINIMUM_IMAGE_XYZ,B,1122,1,0.1448792600754161
MINIMUM_IMAGE_XYZ,B,1124,1,0.14489306401619076
MINIMUM_IMAGE_XYZ,B,1126,1,0.14499999999999957
MINIMUM_IMAGE_XYZ,B,1128,1,0.14499999999999957
MINIMUM_IMAGE_XYZ,B,1130,1,0.14428097587693287
MINIMUM_IMAGE_XYZ,B,1132,1,0.14499999999999957
MINIMUM_IMAGE_XYZ,B,1134,1,0.14489306401619076
MINIMUM_IMAGE_XYZ,B,1136,1,0.14499999999999957
MINIMUM_IMAGE_XYZ,B,1138,1,0.1448792600754161
MINIMUM_IMAGE_XYZ,B,1140,1,0.14400000000000013
MINIMUM_IMAGE_XYZ,B,1142,1,0.14400000000000013
MINIMUM_IMAGE_XYZ,B,1144,1,0.14400000000000013
MINIMUM_IMAGE_XYZ,B,1146,1,0.14400000000000013
MINIMUM_IMAGE_XYZ,B,1148,1,0.14400000000000013
MINIMUM_IMAGE_XYZ,B,1150,1,0.14400000000000013
MINIMUM_IMAGE_XYZ,B,1152,1,0.14400000000000013
MINIMUM_IMAGE_XYZ,B,1154,1,0.14400000000000013
MINIMUM_IMAGE_XYZ,B,1156,1,0.14400000000000013
MINIMUM_IMAGE_XYZ,B,1158,1,0.14400000000000013
MINIMUM_IMAGE_XYZ,B,1160,1,0.14400000000000013
MINIMUM_IMAGE_XYZ,B,1162,1,0.14400000000000013
MINIMUM_IMAGE_XYZ,B,1164,1,0.14400000000000013
MINIMUM_IMAGE_XYZ,B,1166,1,0.14400000000000013
MINIMUM_IMAGE_XYZ,B,1168,1,0.14400000000000013
MINIMUM_IMAGE_XYZ,B,1170,1,0.14400000000000013
MINIMUM_IMAGE_XYZ,B,1172,1,0.14400000000000013
MINIMUM_IMAGE_XYZ,B,1174,1,0.14400000000000013
MINIMUM_IMAGE_XYZ,B,1176,1,0.14400000000000013
MINIMUM_IMAGE_XYZ,B,1178,1,0.14400000000000013
MINIMUM_IMAGE_XYZ,B,1180,1,0.14400000000000013
MINIMUM_IMAGE_XYZ,B,1182,1,0.14400000000000013
MINIMUM_IMAGE_XYZ,B,1184,1,0.14400000000000013
MINIMUM_IMAGE_XYZ,B,1186,1,0.14400000000000013
MINIMUM_IMAGE_XYZ,B,1188,1,0.14400000000000013
MINIMUM_IMAGE_XYZ,B,1190,1,0.14400000000000013
MINIMUM_IMAGE_XYZ,B,1192,1,0.14400000000000013
MINIMUM_IMAGE_XYZ,B,1194,1,0.14400000000000013
MINIMUM_IMAGE_XYZ,B,1196,1,0.14400000000000013
MINIMUM_IMAGE_XYZ,B,1198,1,0.14400000000000013
MINIMUM_IMAGE_XYZ,B,1200,1,0.14500000000000046
MINIMUM_IMAGE_XYZ,B,1202,1,0.14484129245487934
MINIMUM_IMAGE_XYZ,B,1204,1,0.14483784035948627
MINIMUM_IMAGE_XYZ,B,1206,1,0.14500000000000046
MINIMUM_IMAGE_XYZ,B,1208,1,0.14500000000000046
MINIMUM_IMAGE_XYZ,B,1210,1,0.14492411807563269
MINIMUM_IMAGE_XYZ,B,1212,1,0.14500000000000046
MINIMUM_IMAGE_XYZ,B,1214,1,0.14500000000000046
MINIMUM_IMAGE_XYZ,B,1216,1,0.14484129245487956
MINIMUM_IMAGE_XYZ,B,1218,1,0.14484129245487956
MINIMUM_IMAGE_XYZ,B,1220,1,0.14500000000000046
MINIMUM_IMAGE_XYZ,B,1222,1,0.14500000000000046
MINIMUM_IMAGE_XYZ,B,1224,1,0.14492411807563269
MINIMUM_IMAGE_XYZ,B,1226,1,0.14500000000000046
MINIMUM_IMAGE_XYZ,B,1228,1,0.14500000000000046
MINIMUM_IMAGE_XYZ,B,1230,1,0.14483784035948627
MINIMUM_IMAGE_XYZ,B,1232,1,0.1448930640161907
MINIMUM_IMAGE_XYZ,B,1234,1,0.14484129245487934
MINIMUM_IMAGE_XYZ,B,1236,1,0.14500000000000046
MINIMUM_IMAGE_XYZ,B,1238,1,0.14489306401619068
MINIMUM_IMAGE_XYZ,B,1240,1,0.14487926007541566
MINIMUM_IMAGE_XYZ,B,1242,1,0.14489306401619031
MINIMUM_IMAGE_XYZ,B,1244,1,0.14500000000000046
MINIMUM_IMAGE_XYZ,B,1246,1,0.14500000000000046
MINIMUM_IMAGE_XYZ,B,1248,1,0.14428097587693242
MINIMUM_IMAGE_XYZ,B,1250,1,0.14500000000000046
MINIMUM_IMAGE_XYZ,B,1252,1,0.14489306401619031
MINIMUM_IMAGE_XYZ,B,1254,1,0.14500000000000046
MINIMUM_IMAGE_XYZ,B,1256,1,0.14487926007541566
MINIMUM_IMAGE_XYZ,B,1258,1,0.14489306401619068
MINIMUM_IMAGE_XYZ,B,1260,1,0.14433987668000817
MINIMUM_IMAGE_XYZ,B,1262,1,0.14439182802361086
MINIMUM_IMAGE_XYZ,B,1264,1,0.1443364125922496
MINIMUM_IMAGE_XYZ,B,1266,1,0.14456140563788109
MINIMUM_IMAGE_XYZ,B,1268,1,0.1446409347314931
MINIMUM_IMAGE_XYZ,B,1270,1,0.14442298985964805
MINIMUM_IMAGE_XYZ,B,1272,1,0.14456140563788109
MINIMUM_IMAGE_XYZ,B,1274,1,0.14483438818181277
MINIMUM_IMAGE_XYZ,B,1276,1,0.1443398766800084
MINIMUM_IMAGE_XYZ,B,1278,1,0.1443398766800084
MINIMUM_IMAGE_XYZ,B,1280,1,0.14456140563788109
MINIMUM_IMAGE_XYZ,B,1282,1,0.14461673485458038
MINIMUM_IMAGE_XYZ,B,1284,1,0.14442298985964805
MINIMUM_IMAGE_XYZ,B,1286,1,0.14461673485458001
MINIMUM_IMAGE_XYZ,B,1288,1,0.14456140563788109
MINIMUM_IMAGE_XYZ,B,1290,1,0.1443364125922496
MINIMUM_IMAGE_XYZ,B,1292,1,0.14433987668000817
MINIMUM_IMAGE_XYZ,B,1294,1,0.14483438818181293
MINIMUM_IMAGE_XYZ,B,1296,1,0.14439182802361084
MINIMUM_IMAGE_XYZ,B,1298,1,0.1443779761598008
MINIMUM_IMAGE_XYZ,B,1300,1,0.14477568856683093
MINIMUM_IMAGE_XYZ,B,1302,1,0.14439182802361047
MINIMUM_IMAGE_XYZ,B,1304,1,0.14481022063376636
MINIMUM_IMAGE_XYZ,B,1306,1,0.14377760604489156
MINIMUM_IMAGE_XYZ,B,1308,1,0.14481022063376636
MINIMUM_IMAGE_XYZ,B,1310,1,0.14456140563788109
MINIMUM_IMAGE_XYZ,B,1312,1,0.14439182802361047
MINIMUM_IMAGE_XYZ,B,1314,1,0.1443779761598008
MINIMUM_IMAGE_XYZ,B,1316,1,0.14439182802361084
MINIMUM_IMAGE_XYZ,B,1318,1,0.14456140563788109
MINIMUM_IMAGE_XYZ,B,1320,1,0.14433987668000817
MINIMUM_IMAGE_XYZ,B,1322,1,0.1443364125922496
MINIMUM_IMAGE_XYZ,B,1324,1,0.14456140563788109
MINIMUM_IMAGE_XYZ,B,1326,1,0.14461673485458001
MINIMUM_IMAGE_XYZ,B,1328,1,0.14442298985964805
MINIMUM_IMAGE_XYZ,B,1330,1,0.14461673485458038
MINIMUM_IMAGE_XYZ,B,1332,1,0.14456140563788109
MINIMUM_IMAGE_XYZ,B,1334,1,0.1443398766800084
MINIMUM_IMAGE_XYZ,B,1336,1,0.1443398766800084
MINIMUM_IMAGE_XYZ,B,1338,1,0.14483438818181277
MINIMUM_IMAGE_XYZ,B,1340,1,0.14456140563788109
MINIMUM_IMAGE_XYZ,B,1342,1,0.14442298985964805
MINIMUM_IMAGE_XYZ,B,1344,1,0.1446409347314931
MINIMUM_IMAGE_XYZ,B,1346,1,0.14456140563788109
MINIMUM_IMAGE_XYZ,B,1348,1,0.1443364125922496
MINIMUM_IMAGE_XYZ,B,1350,1,0.14439182802361086
MINIMUM_IMAGE_XYZ,B,1352,1,0.14433987668000817
MINIMUM_IMAGE_XYZ,B,1354,1,0.14456140563788109
MINIMUM_IMAGE_XYZ,B,1356,1,0.14439182802361084
MINIMUM_IMAGE_XYZ,B,1358,1,0.1443779761598008
MINIMUM_IMAGE_XYZ,B,1360,1,0.14439182802361047
MINIMUM_IMAGE_XYZ,B,1362,1,0.14456140563788109
MINIMUM_IMAGE_XYZ,B,1364,1,0.14481022063376636
MINIMUM_IMAGE_XYZ,B,1366,1,0.14377760604489156
MINIMUM_IMAGE_XYZ,B,1368,1,0.14481022063376636
MINIMUM_IMAGE_XYZ,B,1370,1,0.14439182802361047
MINIMUM_IMAGE_XYZ,B,1372,1,0.14477568856683093
MINIMUM_IMAGE_XYZ,B,1374,1,0.1443779761598008
MINIMUM_IMAGE_XYZ,B,1376,1,0.14439182802361084
MINIMUM_IMAGE_XYZ,B,1378,1,0.14483438818181293
MINIMUM_IMAGE_XYZ,B,1380,1,0.14439182802361086
MINIMUM_IMAGE_XYZ,B,1382,1,0.1443364125922496
MINIMUM_IMAGE_XYZ,B,1384,1,0.14456140563788109
MINIMUM_IMAGE_XYZ,B,1386,1,0.1446409347314931
MINIMUM_IMAGE_XYZ,B,1388,1,0.14442298985964805
MINIMUM_IMAGE_XYZ,B,1390,1,0.14456140563788109
MINIMUM_IMAGE_XYZ,B,1392,1,0.14483438818181277
MINIMUM_IMAGE_XYZ,B,1394,1,0.1443398766800084
MINIMUM_IMAGE_XYZ,B,1396,1,0.1443398766800084
MINIMUM_IMAGE_XYZ,B,1398,1,0.14456140563788109
MINIMUM_IMAGE_XYZ,B,1400,1,0.14461673485458038
MINIMUM_IMAGE_XYZ,B,1402,1,0.14442298985964805
MINIMUM_IMAGE_XYZ,B,1404,1,0.14461673485458001
MINIMUM_IMAGE_XYZ,B,1406,1,0.14456140563788109
MINIMUM_IMAGE_XYZ,B,1408,1,0.1443364125922496
MINIMUM_IMAGE_XYZ,B,1410,1,0.14433987668000817
MINIMUM_IMAGE_XYZ,B,1412,1,0.14483438818181293
MINIMUM_IMAGE_XYZ,B,1414,1,0.14439182802361084
MINIMUM_IMAGE_XYZ,B,1416,1,0.1443779761598008
MINIMUM_IMAGE_XYZ,B,1418,1,0.14477568856683093
MINIMUM_IMAGE_XYZ,B,1420,1,0.14439182802361047
MINIMUM_IMAGE_XYZ,B,1422,1,0.14481022063376636
MINIMUM_IMAGE_XYZ,B,1424,1,0.14377760604489156
MINIMUM_IMAGE_XYZ,B,1426,1,0.14481022063376636
MINIMUM_IMAGE_XYZ,B,1428,1,0.14456140563788109
MINIMUM_IMAGE_XYZ,B,1430,1,0.14439182802361047
MINIMUM_IMAGE_XYZ,B,1432,1,0.1443779761598008
MINIMUM_IMAGE_XYZ,B,1434,1,0.14439182802361084
MINIMUM_IMAGE_XYZ,B,1436,1,0.14456140563788109
MINIMUM_IMAGE_XYZ,B,1438,1,0.14433987668000817
MINIMUM_IMAGE_XYZ,B,1440,1,0.14483784035948627
MINIMUM_IMAGE_XYZ,B,1442,1,0.14500000000000046
MINIMUM_IMAGE_XYZ,B,1444,1,0.14500000000000046
MINIMUM_IMAGE_XYZ,B,1446,1,0.14492411807563269
MINIMUM_IMAGE_XYZ,B,1448,1,0.14500000000000046
MINIMUM_IMAGE_XYZ,B,1450,1,0.14500000000000046
MINIMUM_IMAGE_XYZ,B,1452,1,0.14484129245487956
MINIMUM_IMAGE_XYZ,B,1454,1,0.14484129245487956
MINIMUM_IMAGE_XYZ,B,1456,1,0.14500000000000046
MINIMUM_IMAGE_XYZ,B,1458,1,0.14500000000000046
MINIMUM_IMAGE_XYZ,B,1460,1,0.14492411807563269
MINIMUM_IMAGE_XYZ,B,1462,1,0.14500000000000046
MINIMUM_IMAGE_XYZ,B,1464,1,0.14500000000000046
MINIMUM_IMAGE_XYZ,B,1466,1,0.14483784035948627
MINIMUM_IMAGE_XYZ,B,1468,1,0.1448930640161907
MINIMUM_IMAGE_XYZ,B,1470,1,0.14484129245487934
MINIMUM_IMAGE_XYZ,B,1472,1,0.14500000000000046
MINIMUM_IMAGE_XYZ,B,1474,1,0.14489306401619068
MINIMUM_IMAGE_XYZ,B,1476,1,0.14487926007541566
MINIMUM_IMAGE_XYZ,B,1478,1,0.14489306401619031
MINIMUM_IMAGE_XYZ,B,1480,1,0.14500000000000046
MINIMUM_IMAGE_XYZ,B,1482,1,0.14500000000000046
MINIMUM_IMAGE_XYZ,B,1484,1,0.14428097587693242
MINIMUM_IMAGE_XYZ,B,1486,1,0.14500000000000046
MINIMUM_IMAGE_XYZ,B,1488,1,0.14489306401619031
MINIMUM_IMAGE_XYZ,B,1490,1,0.14500000000000046
MINIMUM_IMAGE_XYZ,B,1492,1,0.14487926007541566
MINIMUM_IMAGE_XYZ,B,1494,1,0.14489306401619068
MINIMUM_IMAGE_XYZ,B,1496,1,0.14500000000000046
MINIMUM_IMAGE_XYZ,B,1498,1,0.14484129245487934
MINIMUM_IMAGE_XYZ,B,1500,1,0.14483784035948627
MINIMUM_IMAGE_XYZ,B,1502,1,0.14500000000000046
MINIMUM_IMAGE_XYZ,B,1504,1,0.14500000000000046
MINIMUM_IMAGE_XYZ,B,1506,1,0.14492411807563269
MINIMUM_IMAGE_XYZ,B,1508,1,0.14500000000000046
MINIMUM_IMAGE_XYZ,B,1510,1,0.14500000000000046
MINIMUM_IMAGE_XYZ,B,1512,1,0.14484129245487956
MINIMUM_IMAGE_XYZ,B,1514,1,0.14484129245487956
MINIMUM_IMAGE_XYZ,B,1516,1,0.14500000000000046
MINIMUM_IMAGE_XYZ,B,1518,1,0.14500000000000046
MINIMUM_IMAGE_XYZ,B,1520,1,0.14492411807563269
MINIMUM_IMAGE_XYZ,B,1522,1,0.14500000000000046
MINIMUM_IMAGE_XYZ,B,1524,1,0.14500000000000046
MINIMUM_IMAGE_XYZ,B,1526,1,0.14483784035948627
MINIMUM_IMAGE_XYZ,B,1528,1,0.14484129245487934
MINIMUM_IMAGE_XYZ,B,1530,1,0.14500000000000046
MINIMUM_IMAGE_XYZ,B,1532,1,0.14489306401619068
MINIMUM_IMAGE_XYZ,B,1534,1,0.14487926007541566
MINIMUM_IMAGE_XYZ,B,1536,1,0.14500000000000046
MINIMUM_IMAGE_XYZ,B,1538,1,0.14489306401619031
MINIMUM_IMAGE_XYZ,B,1540,1,0.14500000000000046
MINIMUM_IMAGE_XYZ,B,1542,1,0.14428097587693242
MINIMUM_IMAGE_XYZ,B,1544,1,0.14500000000000046
MINIMUM_IMAGE_XYZ,B,1546,1,0.14500000000000046
MINIMUM_IMAGE_XYZ,B,1548,1,0.14489306401619031
MINIMUM_IMAGE_XYZ,B,1550,1,0.14487926007541566
MINIMUM_IMAGE_XYZ,B,1552,1,0.14489306401619068
MINIMUM_IMAGE_XYZ,B,1554,1,0.14500000000000046
MINIMUM_IMAGE_XYZ,B,1556,1,0.14484129245487934
MINIMUM_IMAGE_XYZ,B,1558,1,0.1448930640161907
MINIMUM_IMAGE_XYZ,B,1560,1,0.14456140563788109
MINIMUM_IMAGE_XYZ,B,1562,1,0.14461673485458001
MINIMUM_IMAGE_XYZ,B,1564,1,0.14442298985964805
MINIMUM_IMAGE_XYZ,B,1566,1,0.14461673485458038
MINIMUM_IMAGE_XYZ,B,1568,1,0.14456140563788109
MINIMUM_IMAGE_XYZ,B,1570,1,0.1443398766800084
MINIMUM_IMAGE_XYZ,B,1572,1,0.1443398766800084
MINIMUM_IMAGE_XYZ,B,1574,1,0.14483438818181277
MINIMUM_IMAGE_XYZ,B,1576,1,0.14456140563788109
MINIMUM_IMAGE_XYZ,B,1578,1,0.14442298985964805
MINIMUM_IMAGE_XYZ,B,1580,1,0.1446409347314931
MINIMUM_IMAGE_XYZ,B,1582,1,0.14456140563788109
MINIMUM_IMAGE_XYZ,B,1584,1,0.1443364125922496
MINIMUM_IMAGE_XYZ,B,1586,1,0.14439182802361086
MINIMUM_IMAGE_XYZ,B,1588,1,0.14433987668000817
MINIMUM_IMAGE_XYZ,B,1590,1,0.14456140563788109
MINIMUM_IMAGE_XYZ,B,1592,1,0.14439182802361084
MINIMUM_IMAGE_XYZ,B,1594,1,0.1443779761598008
MINIMUM_IMAGE_XYZ,B,1596,1,0.14439182802361047
MINIMUM_IMAGE_XYZ,B,1598,1,0.14456140563788109
MINIMUM_IMAGE_XYZ,B,1600,1,0.14481022063376636
MINIMUM_IMAGE_XYZ,B,1602,1,0.14377760604489156
MINIMUM_IMAGE_XYZ,B,1604,1,0.14481022063376636
MINIMUM_IMAGE_XYZ,B,1606,1,0.14439182802361047
MINIMUM_IMAGE_XYZ,B,1608,1,0.14477568856683093
MINIMUM_IMAGE_XYZ,B,1610,1,0.1443779761598008
MINIMUM_IMAGE_XYZ,B,1612,1,0.14439182802361084
MINIMUM_IMAGE_XYZ,B,1614,1,0.14483438818181293
MINIMUM_IMAGE_XYZ,B,1616,1,0.14433987668000817
MINIMUM_IMAGE_XYZ,B,1618,1,0.1443364125922496
MINIMUM_IMAGE_XYZ,B,1620,1,0.14500000000000046
MINIMUM_IMAGE_XYZ,B,1622,1,0.14500000000000046
MINIMUM_IMAGE_XYZ,B,1624,1,0.14492411807563313
MINIMUM_IMAGE_XYZ,B,1626,1,0.14500000000000046
MINIMUM_IMAGE_XYZ,B,1628,1,0.14500000000000046
MINIMUM_IMAGE_XYZ,B,1630,1,0.14484129245488003
MINIMUM_IMAGE_XYZ,B,1632,1,0.14484129245488003
MINIMUM_IMAGE_XYZ,B,1634,1,0.14500000000000046
MINIMUM_IMAGE_XYZ,B,1636,1,0.14500000000000046
MINIMUM_IMAGE_XYZ,B,1638,1,0.14492411807563313
MINIMUM_IMAGE_XYZ,B,1640,1,0.14500000000000046
MINIMUM_IMAGE_XYZ,B,1642,1,0.14500000000000046
MINIMUM_IMAGE_XYZ,B,1644,1,0.1448378403594867
MINIMUM_IMAGE_XYZ,B,1646,1,0.14484129245487978
MINIMUM_IMAGE_XYZ,B,1648,1,0.14500000000000046
MINIMUM_IMAGE_XYZ,B,1650,1,0.14489306401619112
MINIMUM_IMAGE_XYZ,B,1652,1,0.1448792600754161
MINIMUM_IMAGE_XYZ,B,1654,1,0.14500000000000046
MINIMUM_IMAGE_XYZ,B,1656,1,0.14489306401619076
MINIMUM_IMAGE_XYZ,B,1658,1,0.14500000000000046
MINIMUM_IMAGE_XYZ,B,1660,1,0.14428097587693287
MINIMUM_IMAGE_XYZ,B,1662,1,0.14500000000000046
MINIMUM_IMAGE_XYZ,B,1664,1,0.14500000000000046
MINIMUM_IMAGE_XYZ,B,1666,1,0.14489306401619076
MINIMUM_IMAGE_XYZ,B,1668,1,0.1448792600754161
MINIMUM_IMAGE_XYZ,B,1670,1,0.14489306401619112
MINIMUM_IMAGE_XYZ,B,1672,1,0.14500000000000046
MINIMUM_IMAGE_XYZ,B,1674,1,0.14484129245487978
MINIMUM_IMAGE_XYZ,B,1676,1,0.14489306401619115
MINIMUM_IMAGE_XYZ,B,1678,1,0.1448378403594867
MINIMUM_IMAGE_XYZ,B,0,2,0.2893129793147899
MINIMUM_IMAGE_XYZ,B,2,2,0.289133187303014
MINIMUM_IMAGE_XYZ,B,4,2,0.289133187303014
MINIMUM_IMAGE_XYZ,B,6,2,0.2889809682314735
MINIMUM_IMAGE_XYZ,B,8,2,0.2889809682314735
MINIMUM_IMAGE_XYZ,B,10,2,0.2896031767781564
MINIMUM_IMAGE_XYZ,B,12,2,0.2894028334346431
MINIMUM_IMAGE_XYZ,B,14,2,0.2894028334346431
MINIMUM_IMAGE_XYZ,B,16,2,0.2894028334346435
MINIMUM_IMAGE_XYZ,B,18,2,0.2894028334346435
MINIMUM_IMAGE_XYZ,B,20,2,0.2896031767781564
MINIMUM_IMAGE_XYZ,B,22,2,0.28956001105125
MINIMUM_IMAGE_XYZ,B,24,2,0.28937691684030403
MINIMUM_IMAGE_XYZ,B,26,2,0.28937691684030403
MINIMUM_IMAGE_XYZ,B,28,2,0.2894011057338927
MINIMUM_IMAGE_XYZ,B,30,2,0.2893129793147899
MINIMUM_IMAGE_XYZ,B,32,2,0.2893129793147899
MINIMUM_IMAGE_XYZ,B,34,2,0.2894011057338931
MINIMUM_IMAGE_XYZ,B,36,2,0.28956001105125
MINIMUM_IMAGE_XYZ,B,38,2,0.28955655751510795
MINIMUM_IMAGE_XYZ,B,40,2,0.28955655751510795
MINIMUM_IMAGE_XYZ,B,42,2,0.28940283343464357
MINIMUM_IMAGE_XYZ,B,44,2,0.28940283343464357
MINIMUM_IMAGE_XYZ,B,46,2,0.28940283343464324
MINIMUM_IMAGE_XYZ,B,48,2,0.28940283343464324
MINIMUM_IMAGE_XYZ,B,50,2,0.2895565575151083
MINIMUM_IMAGE_XYZ,B,52,2,0.2889809682314735
MINIMUM_IMAGE_XYZ,B,54,2,0.2889809682314735
MINIMUM_IMAGE_XYZ,B,56,2,0.28913318730301435
MINIMUM_IMAGE_XYZ,B,58,2,0.28913318730301435
MINIMUM_IMAGE_XYZ,B,60,2,0.14500000000000002
MINIMUM_IMAGE_XYZ,B,62,2,0.14456140563788109
MINIMUM_IMAGE_XYZ,B,64,2,0.14483438818181293
MINIMUM_IMAGE_XYZ,B,66,2,0.14500000000000002
MINIMUM_IMAGE_XYZ,B,68,2,0.14500000000000002
MINIMUM_IMAGE_XYZ,B,70,2,0.14483438818181293
MINIMUM_IMAGE_XYZ,B,72,2,0.14477568856683093
MINIMUM_IMAGE_XYZ,B,74,2,0.14500000000000002
MINIMUM_IMAGE_XYZ,B,76,2,0.14477568856683093
MINIMUM_IMAGE_XYZ,B,78,2,0.14483438818181293
MINIMUM_IMAGE_XYZ,B,80,2,0.14500000000000002
MINIMUM_IMAGE_XYZ,B,82,2,0.14500000000000002
MINIMUM_IMAGE_XYZ,B,84,2,0.14483438818181277
MINIMUM_IMAGE_XYZ,B,86,2,0.14461673485458001
MINIMUM_IMAGE_XYZ,B,88,2,0.14500000000000002
MINIMUM_IMAGE_XYZ,B,90,2,0.1446409347314931
MINIMUM_IMAGE_XYZ,B,92,2,0.14461673485458038
MINIMUM_IMAGE_XYZ,B,94,2,0.14500000000000002
MINIMUM_IMAGE_XYZ,B,96,2,0.14500000000000002
MINIMUM_IMAGE_XYZ,B,98,2,0.14500000000000002
MINIMUM_IMAGE_XYZ,B,100,2,0.14483438818181277
MINIMUM_IMAGE_XYZ,B,102,2,0.1446409347314931
MINIMUM_IMAGE_XYZ,B,104,2,0.14500000000000002
MINIMUM_IMAGE_XYZ,B,106,2,0.1446409347314931
MINIMUM_IMAGE_XYZ,B,108,2,0.14483438818181277
MINIMUM_IMAGE_XYZ,B,110,2,0.14500000000000002
MINIMUM_IMAGE_XYZ,B,112,2,0.14439182802361086
MINIMUM_IMAGE_XYZ,B,114,2,0.14500000000000002
MINIMUM_IMAGE_XYZ,B,116,2,0.14456140563788109
MINIMUM_IMAGE_XYZ,B,118,2,0.14477568856683093
MINIMUM_IMAGE_XYZ,B,120,2,0.14500000000000002
MINIMUM_IMAGE_XYZ,B,122,2,0.1450620556865233
MINIMUM_IMAGE_XYZ,B,124,2,0.14531001341958535
MINIMUM_IMAGE_XYZ,B,126,2,0.14500000000000002
MINIMUM_IMAGE_XYZ,B,128,2,0.14531001341958535
MINIMUM_IMAGE_XYZ,B,130,2,0.14500000000000002
MINIMUM_IMAGE_XYZ,B,132,2,0.14527560015363902
MINIMUM_IMAGE_XYZ,B,134,2,0.14500000000000002
MINIMUM_IMAGE_XYZ,B,136,2,0.14500000000000002
MINIMUM_IMAGE_XYZ,B,138,2,0.14533409785731655
MINIMUM_IMAGE_XYZ,B,140,2,0.14489306401619093
MINIMUM_IMAGE_XYZ,B,142,2,0.14500000000000002
MINIMUM_IMAGE_XYZ,B,144,2,0.1450620556865233
MINIMUM_IMAGE_XYZ,B,146,2,0.14511719401917844
MINIMUM_IMAGE_XYZ,B,148,2,0.14500000000000002
MINIMUM_IMAGE_XYZ,B,150,2,0.1451171940191788
MINIMUM_IMAGE_XYZ,B,152,2,0.1450620556865233
MINIMUM_IMAGE_XYZ,B,154,2,0.14500000000000002
MINIMUM_IMAGE_XYZ,B,156,2,0.14500000000000002
MINIMUM_IMAGE_XYZ,B,158,2,0.14533409785731635
MINIMUM_IMAGE_XYZ,B,160,2,0.1450620556865233
MINIMUM_IMAGE_XYZ,B,162,2,0.14500000000000002
MINIMUM_IMAGE_XYZ,B,164,2,0.14514131045295142
MINIMUM_IMAGE_XYZ,B,166,2,0.1450620556865233
MINIMUM_IMAGE_XYZ,B,168,2,0.14500000000000002
MINIMUM_IMAGE_XYZ,B,170,2,0.14500000000000002
MINIMUM_IMAGE_XYZ,B,172,2,0.14500000000000002
MINIMUM_IMAGE_XYZ,B,174,2,0.1450620556865233
MINIMUM_IMAGE_XYZ,B,176,2,0.14500000000000002
MINIMUM_IMAGE_XYZ,B,178,2,0.14500000000000002
MINIMUM_IMAGE_XYZ,B,180,2,0.14456140563788109
MINIMUM_IMAGE_XYZ,B,182,2,0.14483438818181293
MINIMUM_IMAGE_XYZ,B,184,2,0.14500000000000002
MINIMUM_IMAGE_XYZ,B,186,2,0.14500000000000002
MINIMUM_IMAGE_XYZ,B,188,2,0.14483438818181293
MINIMUM_IMAGE_XYZ,B,190,2,0.14477568856683093
MINIMUM_IMAGE_XYZ,B,192,2,0.14500000000000002
MINIMUM_IMAGE_XYZ,B,194,2,0.14477568856683093
MINIMUM_IMAGE_XYZ,B,196,2,0.14483438818181293
MINIMUM_IMAGE_XYZ,B,198,2,0.14500000000000002
MINIMUM_IMAGE_XYZ,B,200,2,0.14500000000000002
MINIMUM_IMAGE_XYZ,B,202,2,0.14483438818181277
MINIMUM_IMAGE_XYZ,B,204,2,0.14461673485458001
MINIMUM_IMAGE_XYZ,B,206,2,0.14500000000000002
MINIMUM_IMAGE_XYZ,B,208,2,0.1446409347314931
MINIMUM_IMAGE_XYZ,B,210,2,0.14461673485458038
MINIMUM_IMAGE_XYZ,B,212,2,0.14500000000000002
MINIMUM_IMAGE_XYZ,B,214,2,0.14500000000000002
MINIMUM_IMAGE_XYZ,B,216,2,0.14500000000000002
MINIMUM_IMAGE_XYZ,B,218,2,0.14483438818181277
MINIMUM_IMAGE_XYZ,B,220,2,0.1446409347314931
MINIMUM_IMAGE_XYZ,B,222,2,0.14500000000000002
MINIMUM_IMAGE_XYZ,B,224,2,0.1446409347314931
MINIMUM_IMAGE_XYZ,B,226,2,0.14483438818181277
MINIMUM_IMAGE_XYZ,B,228,2,0.14500000000000002
MINIMUM_IMAGE_XYZ,B,230,2,0.14439182802361086
MINIMUM_IMAGE_XYZ,B,232,2,0.14500000000000002
MINIMUM_IMAGE_XYZ,B,234,2,0.14456140563788109
MINIMUM_IMAGE_XYZ,B,236,2,0.14477568856683093
MINIMUM_IMAGE_XYZ,B,238,2,0.14500000000000002
MINIMUM_IMAGE_XYZ,B,240,2,0.1450620556865233
MINIMUM_IMAGE_XYZ,B,242,2,0.14531001341958535
MINIMUM_IMAGE_XYZ,B,244,2,0.14500000000000002
MINIMUM_IMAGE_XYZ,B,246,2,0.14531001341958535
MINIMUM_IMAGE_XYZ,B,248,2,0.14500000000000002
MINIMUM_IMAGE_XYZ,B,250,2,0.14527560015363902
MINIMUM_IMAGE_XYZ,B,252,2,0.14500000000000002
MINIMUM_IMAGE_XYZ,B,254,2,0.14500000000000002
MINIMUM_IMAGE_XYZ,B,256,2,0.14533409785731655
MINIMUM_IMAGE_XYZ,B,258,2,0.14489306401619093
MINIMUM_IMAGE_XYZ,B,260,2,0.14500000000000002
MINIMUM_IMAGE_XYZ,B,262,2,0.1450620556865233
MINIMUM_IMAGE_XYZ,B,264,2,0.14511719401917844
MINIMUM_IMAGE_XYZ,B,266,2,0.14500000000000002
MINIMUM_IMAGE_XYZ,B,268,2,0.1451171940191788
MINIMUM_IMAGE_XYZ,B,270,2,0.1450620556865233
MINIMUM_IMAGE_XYZ,B,272,2,0.14500000000000002
MINIMUM_IMAGE_XYZ,B,274,2,0.14500000000000002
MINIMUM_IMAGE_XYZ,B,276,2,0.14533409785731635
MINIMUM_IMAGE_XYZ,B,278,2,0.1450620556865233
MINIMUM_IMAGE_XYZ,B,280,2,0.14500000000000002
MINIMUM_IMAGE_XYZ,B,282,2,0.14514131045295142
MINIMUM_IMAGE_XYZ,B,284,2,0.1450620556865233
MINIMUM_IMAGE_XYZ,B,286,2,0.14500000000000002
MINIMUM_IMAGE_XYZ,B,288,2,0.14500000000000002
MINIMUM_IMAGE_XYZ,B,290,2,0.14500000000000002
MINIMUM_IMAGE_XYZ,B,292,2,0.1450620556865233
MINIMUM_IMAGE_XYZ,B,294,2,0.14500000000000002
MINIMUM_IMAGE_XYZ,B,296,2,0.14500000000000002
MINIMUM_IMAGE_XYZ,B,298,2,0.14500000000000002
MINIMUM_IMAGE_XYZ,B,300,2,0.14483438818181293
MINIMUM_IMAGE_XYZ,B,302,2,0.14500000000000002
MINIMUM_IMAGE_XYZ,B,304,2,0.14500000000000002
MINIMUM_IMAGE_XYZ,B,306,2,0.14483438818181293
MINIMUM_IMAGE_XYZ,B,308,2,0.14477568856683093
MINIMUM_IMAGE_XYZ,B,310,2,0.14500000000000002
MINIMUM_IMAGE_XYZ,B,312,2,0.14477568856683093
MINIMUM_IMAGE_XYZ,B,314,2,0.14483438818181293
MINIMUM_IMAGE_XYZ,B,316,2,0.14500000000000002
MINIMUM_IMAGE_XYZ,B,318,2,0.14500000000000002
MINIMUM_IMAGE_XYZ,B,320,2,0.14483438818181277
MINIMUM_IMAGE_XYZ,B,322,2,0.14461673485458001
MINIMUM_IMAGE_XYZ,B,324,2,0.14500000000000002
MINIMUM_IMAGE_XYZ,B,326,2,0.1446409347314931
MINIMUM_IMAGE_XYZ,B,328,2,0.14461673485458038
MINIMUM_IMAGE_XYZ,B,330,2,0.14500000000000002
MINIMUM_IMAGE_XYZ,B,332,2,0.14500000000000002
MINIMUM_IMAGE_XYZ,B,334,2,0.14500000000000002
MINIMUM_IMAGE_XYZ,B,336,2,0.14483438818181277
MINIMUM_IMAGE_XYZ,B,338,2,0.1446409347314931
MINIMUM_IMAGE_XYZ,B,340,2,0.14500000000000002
MINIMUM_IMAGE_XYZ,B,342,2,0.1446409347314931
MINIMUM_IMAGE_XYZ,B,344,2,0.14483438818181277
MINIMUM_IMAGE_XYZ,B,346,2,0.14500000000000002
MINIMUM_IMAGE_XYZ,B,348,2,0.14439182802361086
MINIMUM_IMAGE_XYZ,B,350,2,0.14500000000000002
MINIMUM_IMAGE_XYZ,B,352,2,0.14456140563788109
MINIMUM_IMAGE_XYZ,B,354,2,0.14477568856683093
MINIMUM_IMAGE_XYZ,B,356,2,0.14500000000000002
MINIMUM_IMAGE_XYZ,B,358,2,0.14456140563788109
MINIMUM_IMAGE_XYZ,B,360,2,0.14531001341958535
MINIMUM_IMAGE_XYZ,B,362,2,0.14500000000000002
MINIMUM_IMAGE_XYZ,B,364,2,0.14531001341958535
MINIMUM_IMAGE_XYZ,B,366,2,0.14500000000000002
MINIMUM_IMAGE_XYZ,B,368,2,0.14527560015363902
MINIMUM_IMAGE_XYZ,B,370,2,0.14500000000000002
MINIMUM_IMAGE_XYZ,B,372,2,0.14500000000000002
MINIMUM_IMAGE_XYZ,B,374,2,0.14533409785731655
MINIMUM_IMAGE_XYZ,B,376,2,0.14489306401619093
MINIMUM_IMAGE_XYZ,B,378,2,0.14500000000000002
MINIMUM_IMAGE_XYZ,B,380,2,0.1450620556865233
MINIMUM_IMAGE_XYZ,B,382,2,0.14511719401917844
MINIMUM_IMAGE_XYZ,B,384,2,0.14500000000000002
MINIMUM_IMAGE_XYZ,B,386,2,0.1451171940191788
MINIMUM_IMAGE_XYZ,B,388,2,0.1450620556865233
MINIMUM_IMAGE_XYZ,B,390,2,0.14500000000000002
MINIMUM_IMAGE_XYZ,B,392,2,0.14500000000000002
MINIMUM_IMAGE_XYZ,B,394,2,0.14533409785731635
MINIMUM_IMAGE_XYZ,B,396,2,0.1450620556865233
MINIMUM_IMAGE_XYZ,B,398,2,0.14500000000000002
MINIMUM_IMAGE_XYZ,B,400,2,0.14514131045295142
MINIMUM_IMAGE_XYZ,B,402,2,0.1450620556865233
MINIMUM_IMAGE_XYZ,B,404,2,0.14500000000000002
MINIMUM_IMAGE_XYZ,B,406,2,0.14500000000000002
MINIMUM_IMAGE_XYZ,B,408,2,0.14500000000000002
MINIMUM_IMAGE_XYZ,B,410,2,0.1450620556865233
MINIMUM_IMAGE_XYZ,B,412,2,0.14500000000000002
MINIMUM_IMAGE_XYZ,B,414,2,0.14500000000000002
MINIMUM_IMAGE_XYZ,B,416,2,0.14500000000000002
MINIMUM_IMAGE_XYZ,B,418,2,0.1450620556865233
MINIMUM_IMAGE_XYZ,B,420,2,0.14500000000000002
MINIMUM_IMAGE_XYZ,B,422,2,0.14500000000000002
MINIMUM_IMAGE_XYZ,B,424,2,0.1448343881818127
MINIMUM_IMAGE_XYZ,B,426,2,0.1447756885668307
MINIMUM_IMAGE_XYZ,B,428,2,0.14500000000000002
MINIMUM_IMAGE_XYZ,B,430,2,0.1447756885668307
MINIMUM_IMAGE_XYZ,B,432,2,0.1448343881818127
MINIMUM_IMAGE_XYZ,B,434,2,0.14500000000000002
MINIMUM_IMAGE_XYZ,B,436,2,0.14500000000000002
MINIMUM_IMAGE_XYZ,B,438,2,0.14483438818181255
MINIMUM_IMAGE_XYZ,B,440,2,0.1446167348545798
MINIMUM_IMAGE_XYZ,B,442,2,0.14500000000000002
MINIMUM_IMAGE_XYZ,B,444,2,0.14464093473149287
MINIMUM_IMAGE_XYZ,B,446,2,0.14461673485458015
MINIMUM_IMAGE_XYZ,B,448,2,0.14500000000000002
MINIMUM_IMAGE_XYZ,B,450,2,0.14500000000000002
MINIMUM_IMAGE_XYZ,B,452,2,0.14500000000000002
MINIMUM_IMAGE_XYZ,B,454,2,0.14483438818181255
MINIMUM_IMAGE_XYZ,B,456,2,0.14464093473149287
MINIMUM_IMAGE_XYZ,B,458,2,0.14500000000000002
MINIMUM_IMAGE_XYZ,B,460,2,0.14464093473149287
MINIMUM_IMAGE_XYZ,B,462,2,0.14483438818181255
MINIMUM_IMAGE_XYZ,B,464,2,0.14500000000000002
MINIMUM_IMAGE_XYZ,B,466,2,0.14439182802361064
MINIMUM_IMAGE_XYZ,B,468,2,0.14500000000000002
MINIMUM_IMAGE_XYZ,B,470,2,0.1445614056378809
MINIMUM_IMAGE_XYZ,B,472,2,0.1447756885668307
MINIMUM_IMAGE_XYZ,B,474,2,0.14500000000000002
MINIMUM_IMAGE_XYZ,B,476,2,0.1445614056378809
MINIMUM_IMAGE_XYZ,B,478,2,0.1448343881818127
MINIMUM_IMAGE_XYZ,B,480,2,0.14499999999999957
MINIMUM_IMAGE_XYZ,B,482,2,0.14531001341958558
MINIMUM_IMAGE_XYZ,B,484,2,0.14499999999999957
MINIMUM_IMAGE_XYZ,B,486,2,0.14527560015363924
MINIMUM_IMAGE_XYZ,B,488,2,0.14499999999999957
MINIMUM_IMAGE_XYZ,B,490,2,0.14499999999999957
MINIMUM_IMAGE_XYZ,B,492,2,0.14533409785731677
MINIMUM_IMAGE_XYZ,B,494,2,0.14489306401619115
MINIMUM_IMAGE_XYZ,B,496,2,0.14499999999999957
MINIMUM_IMAGE_XYZ,B,498,2,0.14506205568652353
MINIMUM_IMAGE_XYZ,B,500,2,0.14511719401917866
MINIMUM_IMAGE_XYZ,B,502,2,0.14499999999999957
MINIMUM_IMAGE_XYZ,B,504,2,0.14511719401917905
MINIMUM_IMAGE_XYZ,B,506,2,0.14506205568652353
MINIMUM_IMAGE_XYZ,B,508,2,0.14499999999999957
MINIMUM_IMAGE_XYZ,B,510,2,0.14499999999999957
MINIMUM_IMAGE_XYZ,B,512,2,0.1453340978573166
MINIMUM_IMAGE_XYZ,B,514,2,0.14506205568652353
MINIMUM_IMAGE_XYZ,B,516,2,0.14499999999999957
MINIMUM_IMAGE_XYZ,B,518,2,0.14514131045295164
MINIMUM_IMAGE_XYZ,B,520,2,0.14506205568652353
MINIMUM_IMAGE_XYZ,B,522,2,0.14499999999999957
MINIMUM_IMAGE_XYZ,B,524,2,0.14499999999999957
MINIMUM_IMAGE_XYZ,B,526,2,0.14499999999999957
MINIMUM_IMAGE_XYZ,B,528,2,0.14506205568652353
MINIMUM_IMAGE_XYZ,B,530,2,0.14499999999999957
MINIMUM_IMAGE_XYZ,B,532,2,0.14499999999999957
MINIMUM_IMAGE_XYZ,B,534,2,0.14499999999999957
MINIMUM_IMAGE_XYZ,B,536,2,0.14506205568652353
MINIMUM_IMAGE_XYZ,B,538,2,0.14531001341958558
MINIMUM_IMAGE_XYZ,B,540,2,0.14531001341958558
MINIMUM_IMAGE_XYZ,B,542,2,0.14506205568652353
MINIMUM_IMAGE_XYZ,B,544,2,0.14499999999999957
MINIMUM_IMAGE_XYZ,B,546,2,0.14499999999999957
MINIMUM_IMAGE_XYZ,B,548,2,0.14499999999999957
MINIMUM_IMAGE_XYZ,B,550,2,0.14506205568652353
MINIMUM_IMAGE_XYZ,B,552,2,0.14499999999999957
MINIMUM_IMAGE_XYZ,B,554,2,0.14499999999999957
MINIMUM_IMAGE_XYZ,B,556,2,0.14499999999999957
MINIMUM_IMAGE_XYZ,B,558,2,0.14506205568652353
MINIMUM_IMAGE_XYZ,B,560,2,0.14514131045295164
MINIMUM_IMAGE_XYZ,B,562,2,0.14499999999999957
MINIMUM_IMAGE_XYZ,B,564,2,0.14506205568652353
MINIMUM_IMAGE_XYZ,B,566,2,0.1453340978573166
MINIMUM_IMAGE_XYZ,B,568,2,0.14499999999999957
MINIMUM_IMAGE_XYZ,B,570,2,0.14499999999999957
MINIMUM_IMAGE_XYZ,B,572,2,0.14506205568652353
MINIMUM_IMAGE_XYZ,B,574,2,0.14511719401917905
MINIMUM_IMAGE_XYZ,B,576,2,0.14499999999999957
MINIMUM_IMAGE_XYZ,B,578,2,0.14511719401917866
MINIMUM_IMAGE_XYZ,B,580,2,0.14506205568652353
MINIMUM_IMAGE_XYZ,B,582,2,0.14499999999999957
MINIMUM_IMAGE_XYZ,B,584,2,0.14489306401619115
MINIMUM_IMAGE_XYZ,B,586,2,0.14533409785731677
MINIMUM_IMAGE_XYZ,B,588,2,0.14499999999999957
MINIMUM_IMAGE_XYZ,B,590,2,0.14499999999999957
MINIMUM_IMAGE_XYZ,B,592,2,0.14527560015363924
MINIMUM_IMAGE_XYZ,B,594,2,0.14499999999999957
MINIMUM_IMAGE_XYZ,B,596,2,0.14531001341958558
MINIMUM_IMAGE_XYZ,B,598,2,0.14499999999999957
MINIMUM_IMAGE_XYZ,B,600,2,0.14483438818181293
MINIMUM_IMAGE_XYZ,B,602,2,0.14456140563788109
MINIMUM_IMAGE_XYZ,B,604,2,0.14500000000000046
MINIMUM_IMAGE_XYZ,B,606,2,0.14477568856683093
MINIMUM_IMAGE_XYZ,B,608,2,0.14456140563788109
MINIMUM_IMAGE_XYZ,B,610,2,0.14500000000000046
MINIMUM_IMAGE_XYZ,B,612,2,0.14439182802361086
MINIMUM_IMAGE_XYZ,B,614,2,0.14500000000000046
MINIMUM_IMAGE_XYZ,B,616,2,0.14483438818181277
MINIMUM_IMAGE_XYZ,B,618,2,0.1446409347314931
MINIMUM_IMAGE_XYZ,B,620,2,0.14500000000000046
MINIMUM_IMAGE_XYZ,B,622,2,0.1446409347314931
MINIMUM_IMAGE_XYZ,B,624,2,0.14483438818181277
MINIMUM_IMAGE_XYZ,B,626,2,0.14500000000000046
MINIMUM_IMAGE_XYZ,B,628,2,0.14500000000000046
MINIMUM_IMAGE_XYZ,B,630,2,0.14500000000000046
MINIMUM_IMAGE_XYZ,B,632,2,0.14461673485458038
MINIMUM_IMAGE_XYZ,B,634,2,0.1446409347314931
MINIMUM_IMAGE_XYZ,B,636,2,0.14500000000000046
MINIMUM_IMAGE_XYZ,B,638,2,0.14461673485458001
MINIMUM_IMAGE_XYZ,B,640,2,0.14483438818181277
MINIMUM_IMAGE_XYZ,B,642,2,0.14500000000000046
MINIMUM_IMAGE_XYZ,B,644,2,0.14500000000000046
MINIMUM_IMAGE_XYZ,B,646,2,0.14483438818181293
MINIMUM_IMAGE_XYZ,B,648,2,0.14477568856683093
MINIMUM_IMAGE_XYZ,B,650,2,0.14500000000000046
MINIMUM_IMAGE_XYZ,B,652,2,0.14477568856683093
MINIMUM_IMAGE_XYZ,B,654,2,0.14483438818181293
MINIMUM_IMAGE_XYZ,B,656,2,0.14500000000000046
MINIMUM_IMAGE_XYZ,B,658,2,0.14500000000000046
MINIMUM_IMAGE_XYZ,B,660,2,0.14506205568652306
MINIMUM_IMAGE_XYZ,B,662,2,0.14489306401619031
MINIMUM_IMAGE_XYZ,B,664,2,0.14487926007541566
MINIMUM_IMAGE_XYZ,B,666,2,0.14489306401619068
MINIMUM_IMAGE_XYZ,B,668,2,0.14506205568652306
MINIMUM_IMAGE_XYZ,B,670,2,0.14484129245487934
MINIMUM_IMAGE_XYZ,B,672,2,0.1448930640161907
MINIMUM_IMAGE_XYZ,B,674,2,0.14483784035948627
MINIMUM_IMAGE_XYZ,B,676,2,0.14506205568652306
MINIMUM_IMAGE_XYZ,B,678,2,0.1451413104529512
MINIMUM_IMAGE_XYZ,B,680,2,0.14492411807563269
MINIMUM_IMAGE_XYZ,B,682,2,0.14506205568652306
MINIMUM_IMAGE_XYZ,B,684,2,0.14533409785731613
MINIMUM_IMAGE_XYZ,B,686,2,0.14484129245487956
MINIMUM_IMAGE_XYZ,B,688,2,0.14484129245487956
MINIMUM_IMAGE_XYZ,B,690,2,0.14506205568652306
MINIMUM_IMAGE_XYZ,B,692,2,0.14511719401917858
MINIMUM_IMAGE_XYZ,B,694,2,0.14492411807563269
MINIMUM_IMAGE_XYZ,B,696,2,0.14511719401917822
MINIMUM_IMAGE_XYZ,B,698,2,0.14506205568652306
MINIMUM_IMAGE_XYZ,B,700,2,0.14483784035948627
MINIMUM_IMAGE_XYZ,B,702,2,0.14484129245487934
MINIMUM_IMAGE_XYZ,B,704,2,0.14533409785731632
MINIMUM_IMAGE_XYZ,B,706,2,0.14489306401619068
MINIMUM_IMAGE_XYZ,B,708,2,0.14487926007541566
MINIMUM_IMAGE_XYZ,B,710,2,0.1452756001536388
MINIMUM_IMAGE_XYZ,B,712,2,0.14489306401619031
MINIMUM_IMAGE_XYZ,B,714,2,0.14531001341958513
MINIMUM_IMAGE_XYZ,B,716,2,0.14428097587693242
MINIMUM_IMAGE_XYZ,B,718,2,0.14531001341958513
MINIMUM_IMAGE_XYZ,B,720,2,0.14499999999999957
MINIMUM_IMAGE_XYZ,B,722,2,0.14527560015363924
MINIMUM_IMAGE_XYZ,B,724,2,0.14499999999999957
MINIMUM_IMAGE_XYZ,B,726,2,0.14499999999999957
MINIMUM_IMAGE_XYZ,B,728,2,0.14533409785731677
MINIMUM_IMAGE_XYZ,B,730,2,0.14489306401619115
MINIMUM_IMAGE_XYZ,B,732,2,0.14499999999999957
MINIMUM_IMAGE_XYZ,B,734,2,0.14506205568652353
MINIMUM_IMAGE_XYZ,B,736,2,0.14511719401917866
MINIMUM_IMAGE_XYZ,B,738,2,0.14499999999999957
MINIMUM_IMAGE_XYZ,B,740,2,0.14511719401917905
MINIMUM_IMAGE_XYZ,B,742,2,0.14506205568652353
MINIMUM_IMAGE_XYZ,B,744,2,0.14499999999999957
MINIMUM_IMAGE_XYZ,B,746,2,0.14499999999999957
MINIMUM_IMAGE_XYZ,B,748,2,0.1453340978573166
MINIMUM_IMAGE_XYZ,B,750,2,0.14506205568652353
MINIMUM_IMAGE_XYZ,B,752,2,0.14499999999999957
MINIMUM_IMAGE_XYZ,B,754,2,0.14514131045295164
MINIMUM_IMAGE_XYZ,B,756,2,0.14506205568652353
MINIMUM_IMAGE_XYZ,B,758,2,0.14499999999999957
MINIMUM_IMAGE_XYZ,B,760,2,0.14499999999999957
MINIMUM_IMAGE_XYZ,B,762,2,0.14499999999999957
MINIMUM_IMAGE_XYZ,B,764,2,0.14506205568652353
MINIMUM_IMAGE_XYZ,B,766,2,0.14499999999999957
MINIMUM_IMAGE_XYZ,B,768,2,0.14499999999999957
MINIMUM_IMAGE_XYZ,B,770,2,0.14499999999999957
MINIMUM_IMAGE_XYZ,B,772,2,0.14506205568652353
MINIMUM_IMAGE_XYZ,B,774,2,0.14531001341958558
MINIMUM_IMAGE_XYZ,B,776,2,0.14499999999999957
MINIMUM_IMAGE_XYZ,B,778,2,0.14531001341958558
MINIMUM_IMAGE_XYZ,B,780,2,0.14477568856683093
MINIMUM_IMAGE_XYZ,B,782,2,0.1452446212429224
MINIMUM_IMAGE_XYZ,B,784,2,0.14477568856683093
MINIMUM_IMAGE_XYZ,B,786,2,0.14483438818181293
MINIMUM_IMAGE_XYZ,B,788,2,0.1455369368923229
MINIMUM_IMAGE_XYZ,B,790,2,0.14501379244747725
MINIMUM_IMAGE_XYZ,B,792,2,0.14483438818181277
MINIMUM_IMAGE_XYZ,B,794,2,0.14461673485458001
MINIMUM_IMAGE_XYZ,B,796,2,0.14528936643815327
MINIMUM_IMAGE_XYZ,B,798,2,0.1446409347314931
MINIMUM_IMAGE_XYZ,B,800,2,0.14461673485458038
MINIMUM_IMAGE_XYZ,B,802,2,0.14506550244630867
MINIMUM_IMAGE_XYZ,B,804,2,0.14500344823486094
MINIMUM_IMAGE_XYZ,B,806,2,0.14506550244630867
MINIMUM_IMAGE_XYZ,B,808,2,0.14483438818181277
MINIMUM_IMAGE_XYZ,B,810,2,0.1446409347314931
MINIMUM_IMAGE_XYZ,B,812,2,0.14528936643815327
MINIMUM_IMAGE_XYZ,B,814,2,0.1446409347314931
MINIMUM_IMAGE_XYZ,B,816,2,0.14483438818181277
MINIMUM_IMAGE_XYZ,B,818,2,0.14501379244747725
MINIMUM_IMAGE_XYZ,B,820,2,0.14439182802361086
MINIMUM_IMAGE_XYZ,B,822,2,0.1455369368923229
MINIMUM_IMAGE_XYZ,B,824,2,0.14456140563788109
MINIMUM_IMAGE_XYZ,B,826,2,0.14477568856683093
MINIMUM_IMAGE_XYZ,B,828,2,0.1452446212429224
MINIMUM_IMAGE_XYZ,B,830,2,0.14456140563788109
MINIMUM_IMAGE_XYZ,B,832,2,0.14483438818181293
MINIMUM_IMAGE_XYZ,B,834,2,0.145013792447477
MINIMUM_IMAGE_XYZ,B,836,2,0.145013792447477
MINIMUM_IMAGE_XYZ,B,838,2,0.14483438818181293
MINIMUM_IMAGE_XYZ,B,840,2,0.14500000000000046
MINIMUM_IMAGE_XYZ,B,842,2,0.14477568856683093
MINIMUM_IMAGE_XYZ,B,844,2,0.14456140563788109
MINIMUM_IMAGE_XYZ,B,846,2,0.14500000000000046
MINIMUM_IMAGE_XYZ,B,848,2,0.14439182802361086
MINIMUM_IMAGE_XYZ,B,850,2,0.14500000000000046
MINIMUM_IMAGE_XYZ,B,852,2,0.14483438818181277
MINIMUM_IMAGE_XYZ,B,854,2,0.1446409347314931
MINIMUM_IMAGE_XYZ,B,856,2,0.14500000000000046
MINIMUM_IMAGE_XYZ,B,858,2,0.1446409347314931
MINIMUM_IMAGE_XYZ,B,860,2,0.14483438818181277
MINIMUM_IMAGE_XYZ,B,862,2,0.14500000000000046
MINIMUM_IMAGE_XYZ,B,864,2,0.14500000000000046
MINIMUM_IMAGE_XYZ,B,866,2,0.14500000000000046
MINIMUM_IMAGE_XYZ,B,868,2,0.14461673485458038
MINIMUM_IMAGE_XYZ,B,870,2,0.1446409347314931
MINIMUM_IMAGE_XYZ,B,872,2,0.14500000000000046
MINIMUM_IMAGE_XYZ,B,874,2,0.14461673485458001
MINIMUM_IMAGE_XYZ,B,876,2,0.14483438818181277
MINIMUM_IMAGE_XYZ,B,878,2,0.14500000000000046
MINIMUM_IMAGE_XYZ,B,880,2,0.14500000000000046
MINIMUM_IMAGE_XYZ,B,882,2,0.14483438818181293
MINIMUM_IMAGE_XYZ,B,884,2,0.14477568856683093
MINIMUM_IMAGE_XYZ,B,886,2,0.14500000000000046
MINIMUM_IMAGE_XYZ,B,888,2,0.14477568856683093
MINIMUM_IMAGE_XYZ,B,890,2,0.14483438818181293
MINIMUM_IMAGE_XYZ,B,892,2,0.14500000000000046
MINIMUM_IMAGE_XYZ,B,894,2,0.14500000000000046
MINIMUM_IMAGE_XYZ,B,896,2,0.14483438818181293
MINIMUM_IMAGE_XYZ,B,898,2,0.14456140563788109
MINIMUM_IMAGE_XYZ,B,900,2,0.14500000000000046
MINIMUM_IMAGE_XYZ,B,902,2,0.14500000000000046
MINIMUM_IMAGE_XYZ,B,904,2,0.14506205568652306
MINIMUM_IMAGE_XYZ,B,906,2,0.14500000000000046
MINIMUM_IMAGE_XYZ,B,908,2,0.14500000000000046
MINIMUM_IMAGE_XYZ,B,910,2,0.14500000000000046
MINIMUM_IMAGE_XYZ,B,912,2,0.14506205568652306
MINIMUM_IMAGE_XYZ,B,914,2,0.1451413104529512
MINIMUM_IMAGE_XYZ,B,916,2,0.14500000000000046
MINIMUM_IMAGE_XYZ,B,918,2,0.14506205568652306
MINIMUM_IMAGE_XYZ,B,920,2,0.14533409785731613
MINIMUM_IMAGE_XYZ,B,922,2,0.14500000000000046
MINIMUM_IMAGE_XYZ,B,924,2,0.14500000000000046
MINIMUM_IMAGE_XYZ,B,926,2,0.14506205568652306
MINIMUM_IMAGE_XYZ,B,928,2,0.14511719401917858
MINIMUM_IMAGE_XYZ,B,930,2,0.14500000000000046
MINIMUM_IMAGE_XYZ,B,932,2,0.14511719401917822
MINIMUM_IMAGE_XYZ,B,934,2,0.14506205568652306
MINIMUM_IMAGE_XYZ,B,936,2,0.14500000000000046
MINIMUM_IMAGE_XYZ,B,938,2,0.1448930640161907
MINIMUM_IMAGE_XYZ,B,940,2,0.14533409785731632
MINIMUM_IMAGE_XYZ,B,942,2,0.14500000000000046
MINIMUM_IMAGE_XYZ,B,944,2,0.14500000000000046
MINIMUM_IMAGE_XYZ,B,946,2,0.1452756001536388
MINIMUM_IMAGE_XYZ,B,948,2,0.14500000000000046
MINIMUM_IMAGE_XYZ,B,950,2,0.14531001341958513
MINIMUM_IMAGE_XYZ,B,952,2,0.14500000000000046
MINIMUM_IMAGE_XYZ,B,954,2,0.14531001341958513
MINIMUM_IMAGE_XYZ,B,956,2,0.14506205568652306
MINIMUM_IMAGE_XYZ,B,958,2,0.14500000000000046
MINIMUM_IMAGE_XYZ,B,960,2,0.14477568856683093
MINIMUM_IMAGE_XYZ,B,962,2,0.14456140563788109
MINIMUM_IMAGE_XYZ,B,964,2,0.14499999999999957
MINIMUM_IMAGE_XYZ,B,966,2,0.14439182802361086
MINIMUM_IMAGE_XYZ,B,968,2,0.14499999999999957
MINIMUM_IMAGE_XYZ,B,970,2,0.14483438818181277
MINIMUM_IMAGE_XYZ,B,972,2,0.1446409347314931
MINIMUM_IMAGE_XYZ,B,974,2,0.14499999999999957
MINIMUM_IMAGE_XYZ,B,976,2,0.1446409347314931
MINIMUM_IMAGE_XYZ,B,978,2,0.14483438818181277
MINIMUM_IMAGE_XYZ,B,980,2,0.14499999999999957
MINIMUM_IMAGE_XYZ,B,982,2,0.14499999999999957
MINIMUM_IMAGE_XYZ,B,984,2,0.14499999999999957
MINIMUM_IMAGE_XYZ,B,986,2,0.14461673485458038
MINIMUM_IMAGE_XYZ,B,988,2,0.1446409347314931
MINIMUM_IMAGE_XYZ,B,990,2,0.14499999999999957
MINIMUM_IMAGE_XYZ,B,992,2,0.14461673485458001
MINIMUM_IMAGE_XYZ,B,994,2,0.14483438818181277
MINIMUM_IMAGE_XYZ,B,996,2,0.14499999999999957
MINIMUM_IMAGE_XYZ,B,998,2,0.14499999999999957
MINIMUM_IMAGE_XYZ,B,1000,2,0.14483438818181293
MINIMUM_IMAGE_XYZ,B,1002,2,0.14477568856683093
MINIMUM_IMAGE_XYZ,B,1004,2,0.14499999999999957
MINIMUM_IMAGE_XYZ,B,1006,2,0.14477568856683093
MINIMUM_IMAGE_XYZ,B,1008,2,0.14483438818181293
MINIMUM_IMAGE_XYZ,B,1010,2,0.14499999999999957
MINIMUM_IMAGE_XYZ,B,1012,2,0.14499999999999957
MINIMUM_IMAGE_XYZ,B,1014,2,0.14483438818181293
MINIMUM_IMAGE_XYZ,B,1016,2,0.14456140563788109
MINIMUM_IMAGE_XYZ,B,1018,2,0.14499999999999957
MINIMUM_IMAGE_XYZ,B,1020,2,0.14477568856683093
MINIMUM_IMAGE_XYZ,B,1022,2,0.14483438818181293
MINIMUM_IMAGE_XYZ,B,1024,2,0.14499999999999957
MINIMUM_IMAGE_XYZ,B,1026,2,0.14499999999999957
MINIMUM_IMAGE_XYZ,B,1028,2,0.14483438818181277
MINIMUM_IMAGE_XYZ,B,1030,2,0.14461673485458001
MINIMUM_IMAGE_XYZ,B,1032,2,0.14499999999999957
MINIMUM_IMAGE_XYZ,B,1034,2,0.1446409347314931
MINIMUM_IMAGE_XYZ,B,1036,2,0.14461673485458038
MINIMUM_IMAGE_XYZ,B,1038,2,0.14499999999999957
MINIMUM_IMAGE_XYZ,B,1040,2,0.14499999999999957
MINIMUM_IMAGE_XYZ,B,1042,2,0.14499999999999957
MINIMUM_IMAGE_XYZ,B,1044,2,0.14483438818181277
MINIMUM_IMAGE_XYZ,B,1046,2,0.1446409347314931
MINIMUM_IMAGE_XYZ,B,1048,2,0.14499999999999957
MINIMUM_IMAGE_XYZ,B,1050,2,0.1446409347314931
MINIMUM_IMAGE_XYZ,B,1052,2,0.14483438818181277
MINIMUM_IMAGE_XYZ,B,1054,2,0.14499999999999957
MINIMUM_IMAGE_XYZ,B,1056,2,0.14439182802361086
MINIMUM_IMAGE_XYZ,B,1058,2,0.14499999999999957
MINIMUM_IMAGE_XYZ,B,1060,2,0.14456140563788109
MINIMUM_IMAGE_XYZ,B,1062,2,0.14477568856683093
MINIMUM_IMAGE_XYZ,B,1064,2,0.14499999999999957
MINIMUM_IMAGE_XYZ,B,1066,2,0.14456140563788109
MINIMUM_IMAGE_XYZ,B,1068,2,0.14483438818181293
MINIMUM_IMAGE_XYZ,B,1070,2,0.14499999999999957
MINIMUM_IMAGE_XYZ,B,1072,2,0.14499999999999957
MINIMUM_IMAGE_XYZ,B,1074,2,0.14483438818181293
MINIMUM_IMAGE_XYZ,B,1076,2,0.14477568856683093
MINIMUM_IMAGE_XYZ,B,1078,2,0.14499999999999957
MINIMUM_IMAGE_XYZ,B,1080,2,0.14499999999999957
MINIMUM_IMAGE_XYZ,B,1082,2,0.14533409785731677
MINIMUM_IMAGE_XYZ,B,1084,2,0.14489306401619115
MINIMUM_IMAGE_XYZ,B,1086,2,0.14499999999999957
MINIMUM_IMAGE_XYZ,B,1088,2,0.14506205568652353
MINIMUM_IMAGE_XYZ,B,1090,2,0.14511719401917866
MINIMUM_IMAGE_XYZ,B,1092,2,0.14499999999999957
MINIMUM_IMAGE_XYZ,B,1094,2,0.14511719401917905
MINIMUM_IMAGE_XYZ,B,1096,2,0.14506205568652353
MINIMUM_IMAGE_XYZ,B,1098,2,0.14499999999999957
MINIMUM_IMAGE_XYZ,B,1100,2,0.14499999999999957
MINIMUM_IMAGE_XYZ,B,1102,2,0.1453340978573166
MINIMUM_IMAGE_XYZ,B,1104,2,0.14506205568652353
MINIMUM_IMAGE_XYZ,B,1106,2,0.14499999999999957
MINIMUM_IMAGE_XYZ,B,1108,2,0.14514131045295164
MINIMUM_IMAGE_XYZ,B,1110,2,0.14506205568652353
MINIMUM_IMAGE_XYZ,B,1112,2,0.14499999999999957
MINIMUM_IMAGE_XYZ,B,1114,2,0.14499999999999957
MINIMUM_IMAGE_XYZ,B,1116,2,0.14499999999999957
MINIMUM_IMAGE_XYZ,B,1118,2,0.14506205568652353
MINIMUM_IMAGE_XYZ,B,1120,2,0.14499999999999957
MINIMUM_IMAGE_XYZ,B,1122,2,0.14499999999999957
MINIMUM_IMAGE_XYZ,B,1124,2,0.14499999999999957
MINIMUM_IMAGE_XYZ,B,1126,2,0.14506205568652353
MINIMUM_IMAGE_XYZ,B,1128,2,0.14531001341958558
MINIMUM_IMAGE_XYZ,B,1130,2,0.14499999999999957
MINIMUM_IMAGE_XYZ,B,1132,2,0.14531001341958558
MINIMUM_IMAGE_XYZ,B,1134,2,0.14499999999999957
MINIMUM_IMAGE_XYZ,B,1136,2,0.14527560015363924
MINIMUM_IMAGE_XYZ,B,1138,2,0.14499999999999957
MINIMUM_IMAGE_XYZ,B,1140,2,0.14506205568652353
MINIMUM_IMAGE_XYZ,B,1142,2,0.14484129245487978
MINIMUM_IMAGE_XYZ,B,1144,2,0.14489306401619115
MINIMUM_IMAGE_XYZ,B,1146,2,0.1448378403594867
MINIMUM_IMAGE_XYZ,B,1148,2,0.14506205568652353
MINIMUM_IMAGE_XYZ,B,1150,2,0.14514131045295164
MINIMUM_IMAGE_XYZ,B,1152,2,0.14492411807563313
MINIMUM_IMAGE_XYZ,B,1154,2,0.14506205568652353
MINIMUM_IMAGE_XYZ,B,1156,2,0.1453340978573166
MINIMUM_IMAGE_XYZ,B,1158,2,0.14484129245488003
MINIMUM_IMAGE_XYZ,B,1160,2,0.14484129245488003
MINIMUM_IMAGE_XYZ,B,1162,2,0.14506205568652353
MINIMUM_IMAGE_XYZ,B,1164,2,0.14511719401917905
MINIMUM_IMAGE_XYZ,B,1166,2,0.14492411807563313
MINIMUM_IMAGE_XYZ,B,1168,2,0.14511719401917866
MINIMUM_IMAGE_XYZ,B,1170,2,0.14506205568652353
MINIMUM_IMAGE_XYZ,B,1172,2,0.1448378403594867
MINIMUM_IMAGE_XYZ,B,1174,2,0.14484129245487978
MINIMUM_IMAGE_XYZ,B,1176,2,0.14533409785731677
MINIMUM_IMAGE_XYZ,B,1178,2,0.14489306401619112
MINIMUM_IMAGE_XYZ,B,1180,2,0.1448792600754161
MINIMUM_IMAGE_XYZ,B,1182,2,0.14527560015363924
MINIMUM_IMAGE_XYZ,B,1184,2,0.14489306401619076
MINIMUM_IMAGE_XYZ,B,1186,2,0.14531001341958558
MINIMUM_IMAGE_XYZ,B,1188,2,0.14428097587693287
MINIMUM_IMAGE_XYZ,B,1190,2,0.14531001341958558
MINIMUM_IMAGE_XYZ,B,1192,2,0.14506205568652353
MINIMUM_IMAGE_XYZ,B,1194,2,0.14489306401619076
MINIMUM_IMAGE_XYZ,B,1196,2,0.1448792600754161
MINIMUM_IMAGE_XYZ,B,1198,2,0.14489306401619112
MINIMUM_IMAGE_XYZ,B,1200,2,0.14533409785731632
MINIMUM_IMAGE_XYZ,B,1202,2,0.1448930640161907
MINIMUM_IMAGE_XYZ,B,1204,2,0.14500000000000046
MINIMUM_IMAGE_XYZ,B,1206,2,0.14506205568652306
MINIMUM_IMAGE_XYZ,B,1208,2,0.14511719401917822
MINIMUM_IMAGE_XYZ,B,1210,2,0.14500000000000046
MINIMUM_IMAGE_XYZ,B,1212,2,0.14511719401917858
MINIMUM_IMAGE_XYZ,B,1214,2,0.14506205568652306
MINIMUM_IMAGE_XYZ,B,1216,2,0.14500000000000046
MINIMUM_IMAGE_XYZ,B,1218,2,0.14500000000000046
MINIMUM_IMAGE_XYZ,B,1220,2,0.14533409785731613
MINIMUM_IMAGE_XYZ,B,1222,2,0.14506205568652306
MINIMUM_IMAGE_XYZ,B,1224,2,0.14500000000000046
MINIMUM_IMAGE_XYZ,B,1226,2,0.1451413104529512
MINIMUM_IMAGE_XYZ,B,1228,2,0.14506205568652306
MINIMUM_IMAGE_XYZ,B,1230,2,0.14500000000000046
MINIMUM_IMAGE_XYZ,B,1232,2,0.14500000000000046
MINIMUM_IMAGE_XYZ,B,1234,2,0.14500000000000046
MINIMUM_IMAGE_XYZ,B,1236,2,0.14506205568652306
MINIMUM_IMAGE_XYZ,B,1238,2,0.14500000000000046
MINIMUM_IMAGE_XYZ,B,1240,2,0.14500000000000046
MINIMUM_IMAGE_XYZ,B,1242,2,0.14500000000000046
MINIMUM_IMAGE_XYZ,B,1244,2,0.14506205568652306
MINIMUM_IMAGE_XYZ,B,1246,2,0.14531001341958513
MINIMUM_IMAGE_XYZ,B,1248,2,0.14500000000000046
MINIMUM_IMAGE_XYZ,B,1250,2,0.14531001341958513
MINIMUM_IMAGE_XYZ,B,1252,2,0.14500000000000046
MINIMUM_IMAGE_XYZ,B,1254,2,0.1452756001536388
MINIMUM_IMAGE_XYZ,B,1256,2,0.14500000000000046
MINIMUM_IMAGE_XYZ,B,1258,2,0.14500000000000046
MINIMUM_IMAGE_XYZ,B,1260,2,0.1455369368923229
MINIMUM_IMAGE_XYZ,B,1262,2,0.14501379244747725
MINIMUM_IMAGE_XYZ,B,1264,2,0.14483438818181277
MINIMUM_IMAGE_XYZ,B,1266,2,0.14461673485458001
MINIMUM_IMAGE_XYZ,B,1268,2,0.14528936643815327
MINIMUM_IMAGE_XYZ,B,1270,2,0.1446409347314931
MINIMUM_IMAGE_XYZ,B,1272,2,0.14461673485458038
MINIMUM_IMAGE_XYZ,B,1274,2,0.14506550244630867
MINIMUM_IMAGE_XYZ,B,1276,2,0.14500344823486094
MINIMUM_IMAGE_XYZ,B,1278,2,0.14506550244630867
MINIMUM_IMAGE_XYZ,B,1280,2,0.14483438818181277
MINIMUM_IMAGE_XYZ,B,1282,2,0.1446409347314931
MINIMUM_IMAGE_XYZ,B,1284,2,0.14528936643815327
MINIMUM_IMAGE_XYZ,B,1286,2,0.1446409347314931
MINIMUM_IMAGE_XYZ,B,1288,2,0.14483438818181277
MINIMUM_IMAGE_XYZ,B,1290,2,0.14501379244747725
MINIMUM_IMAGE_XYZ,B,1292,2,0.14439182802361086
MINIMUM_IMAGE_XYZ,B,1294,2,0.1455369368923229
MINIMUM_IMAGE_XYZ,B,1296,2,0.14456140563788109
MINIMUM_IMAGE_XYZ,B,1298,2,0.14477568856683093
MINIMUM_IMAGE_XYZ,B,1300,2,0.1452446212429224
MINIMUM_IMAGE_XYZ,B,1302,2,0.14456140563788109
MINIMUM_IMAGE_XYZ,B,1304,2,0.14483438818181293
MINIMUM_IMAGE_XYZ,B,1306,2,0.145013792447477
MINIMUM_IMAGE_XYZ,B,1308,2,0.145013792447477
MINIMUM_IMAGE_XYZ,B,1310,2,0.14483438818181293
MINIMUM_IMAGE_XYZ,B,1312,2,0.14477568856683093
MINIMUM_IMAGE_XYZ,B,1314,2,0.1452446212429224
MINIMUM_IMAGE_XYZ,B,1316,2,0.14477568856683093
MINIMUM_IMAGE_XYZ,B,1318,2,0.14483438818181293
MINIMUM_IMAGE_XYZ,B,1320,2,0.14439182802361086
MINIMUM_IMAGE_XYZ,B,1322,2,0.14499999999999957
MINIMUM_IMAGE_XYZ,B,1324,2,0.14483438818181277
MINIMUM_IMAGE_XYZ,B,1326,2,0.1446409347314931
MINIMUM_IMAGE_XYZ,B,1328,2,0.14499999999999957
MINIMUM_IMAGE_XYZ,B,1330,2,0.1446409347314931
MINIMUM_IMAGE_XYZ,B,1332,2,0.14483438818181277
MINIMUM_IMAGE_XYZ,B,1334,2,0.14499999999999957
MINIMUM_IMAGE_XYZ,B,1336,2,0.14499999999999957
MINIMUM_IMAGE_XYZ,B,1338,2,0.14499999999999957
MINIMUM_IMAGE_XYZ,B,1340,2,0.14461673485458038
MINIMUM_IMAGE_XYZ,B,1342,2,0.1446409347314931
MINIMUM_IMAGE_XYZ,B,1344,2,0.14499999999999957
MINIMUM_IMAGE_XYZ,B,1346,2,0.14461673485458001
MINIMUM_IMAGE_XYZ,B,1348,2,0.14483438818181277
MINIMUM_IMAGE_XYZ,B,1350,2,0.14499999999999957
MINIMUM_IMAGE_XYZ,B,1352,2,0.14499999999999957
MINIMUM_IMAGE_XYZ,B,1354,2,0.14483438818181293
MINIMUM_IMAGE_XYZ,B,1356,2,0.14477568856683093
MINIMUM_IMAGE_XYZ,B,1358,2,0.14499999999999957
MINIMUM_IMAGE_XYZ,B,1360,2,0.14477568856683093
MINIMUM_IMAGE_XYZ,B,1362,2,0.14483438818181293
MINIMUM_IMAGE_XYZ,B,1364,2,0.14499999999999957
MINIMUM_IMAGE_XYZ,B,1366,2,0.14499999999999957
MINIMUM_IMAGE_XYZ,B,1368,2,0.14483438818181293
MINIMUM_IMAGE_XYZ,B,1370,2,0.14456140563788109
MINIMUM_IMAGE_XYZ,B,1372,2,0.14499999999999957
MINIMUM_IMAGE_XYZ,B,1374,2,0.14477568856683093
MINIMUM_IMAGE_XYZ,B,1376,2,0.14456140563788109
MINIMUM_IMAGE_XYZ,B,1378,2,0.14499999999999957
MINIMUM_IMAGE_XYZ,B,1380,2,0.14500000000000046
MINIMUM_IMAGE_XYZ,B,1382,2,0.14483438818181277
MINIMUM_IMAGE_XYZ,B,1384,2,0.14461673485458001
MINIMUM_IMAGE_XYZ,B,1386,2,0.14500000000000046
MINIMUM_IMAGE_XYZ,B,1388,2,0.1446409347314931
MINIMUM_IMAGE_XYZ,B,1390,2,0.14461673485458038
MINIMUM_IMAGE_XYZ,B,1392,2,0.14500000000000046
MINIMUM_IMAGE_XYZ,B,1394,2,0.14500000000000046
MINIMUM_IMAGE_XYZ,B,1396,2,0.14500000000000046
MINIMUM_IMAGE_XYZ,B,1398,2,0.14483438818181277
MINIMUM_IMAGE_XYZ,B,1400,2,0.1446409347314931
MINIMUM_IMAGE_XYZ,B,1402,2,0.14500000000000046
MINIMUM_IMAGE_XYZ,B,1404,2,0.1446409347314931
MINIMUM_IMAGE_XYZ,B,1406,2,0.14483438818181277
MINIMUM_IMAGE_XYZ,B,1408,2,0.14500000000000046
MINIMUM_IMAGE_XYZ,B,1410,2,0.14439182802361086
MINIMUM_IMAGE_XYZ,B,1412,2,0.14500000000000046
MINIMUM_IMAGE_XYZ,B,1414,2,0.14456140563788109
MINIMUM_IMAGE_XYZ,B,1416,2,0.14477568856683093
MINIMUM_IMAGE_XYZ,B,1418,2,0.14500000000000046
MINIMUM_IMAGE_XYZ,B,1420,2,0.14456140563788109
MINIMUM_IMAGE_XYZ,B,1422,2,0.14483438818181293
MINIMUM_IMAGE_XYZ,B,1424,2,0.14500000000000046
MINIMUM_IMAGE_XYZ,B,1426,2,0.14500000000000046
MINIMUM_IMAGE_XYZ,B,1428,2,0.14483438818181293
MINIMUM_IMAGE_XYZ,B,1430,2,0.14477568856683093
MINIMUM_IMAGE_XYZ,B,1432,2,0.14500000000000046
MINIMUM_IMAGE_XYZ,B,1434,2,0.14477568856683093
MINIMUM_IMAGE_XYZ,B,1436,2,0.14483438818181293
MINIMUM_IMAGE_XYZ,B,1438,2,0.14500000000000046
MINIMUM_IMAGE_XYZ,B,1440,2,0.14500000000000046
MINIMUM_IMAGE_XYZ,B,1442,2,0.14506205568652306
MINIMUM_IMAGE_XYZ,B,1444,2,0.14511719401917822
MINIMUM_IMAGE_XYZ,B,1446,2,0.14500000000000046
MINIMUM_IMAGE_XYZ,B,1448,2,0.14511719401917858
MINIMUM_IMAGE_XYZ,B,1450,2,0.14506205568652306
MINIMUM_IMAGE_XYZ,B,1452,2,0.14500000000000046
MINIMUM_IMAGE_XYZ,B,1454,2,0.14500000000000046
MINIMUM_IMAGE_XYZ,B,1456,2,0.14533409785731613
MINIMUM_IMAGE_XYZ,B,1458,2,0.14506205568652306
MINIMUM_IMAGE_XYZ,B,1460,2,0.14500000000000046
MINIMUM_IMAGE_XYZ,B,1462,2,0.1451413104529512
MINIMUM_IMAGE_XYZ,B,1464,2,0.14506205568652306
MINIMUM_IMAGE_XYZ,B,1466,2,0.14500000000000046
MINIMUM_IMAGE_XYZ,B,1468,2,0.14500000000000046
MINIMUM_IMAGE_XYZ,B,1470,2,0.14500000000000046
MINIMUM_IMAGE_XYZ,B,1472,2,0.14506205568652306
MINIMUM_IMAGE_XYZ,B,1474,2,0.14500000000000046
MINIMUM_IMAGE_XYZ,B,1476,2,0.14500000000000046
MINIMUM_IMAGE_XYZ,B,1478,2,0.14500000000000046
MINIMUM_IMAGE_XYZ,B,1480,2,0.14506205568652306
MINIMUM_IMAGE_XYZ,B,1482,2,0.14531001341958513
MINIMUM_IMAGE_XYZ,B,1484,2,0.14500000000000046
MINIMUM_IMAGE_XYZ,B,1486,2,0.14531001341958513
MINIMUM_IMAGE_XYZ,B,1488,2,0.14500000000000046
MINIMUM_IMAGE_XYZ,B,1490,2,0.1452756001536388
MINIMUM_IMAGE_XYZ,B,1492,2,0.14500000000000046
MINIMUM_IMAGE_XYZ,B,1494,2,0.14500000000000046
MINIMUM_IMAGE_XYZ,B,1496,2,0.14533409785731632
MINIMUM_IMAGE_XYZ,B,1498,2,0.1448930640161907
MINIMUM_IMAGE_XYZ,B,1500,2,0.14500000000000046
MINIMUM_IMAGE_XYZ,B,1502,2,0.14506205568652306
MINIMUM_IMAGE_XYZ,B,1504,2,0.1451413104529512
MINIMUM_IMAGE_XYZ,B,1506,2,0.14500000000000046
MINIMUM_IMAGE_XYZ,B,1508,2,0.14506205568652306
MINIMUM_IMAGE_XYZ,B,1510,2,0.14533409785731613
MINIMUM_IMAGE_XYZ,B,1512,2,0.14500000000000046
MINIMUM_IMAGE_XYZ,B,1514,2,0.14500000000000046
MINIMUM_IMAGE_XYZ,B,1516,2,0.14506205568652306
MINIMUM_IMAGE_XYZ,B,1518,2,0.14511719401917858
MINIMUM_IMAGE_XYZ,B,1520,2,0.14500000000000046
MINIMUM_IMAGE_XYZ,B,1522,2,0.14511719401917822
MINIMUM_IMAGE_XYZ,B,1524,2,0.14506205568652306
MINIMUM_IMAGE_XYZ,B,1526,2,0.14500000000000046
MINIMUM_IMAGE_XYZ,B,1528,2,0.1448930640161907
MINIMUM_IMAGE_XYZ,B,1530,2,0.14533409785731632
MINIMUM_IMAGE_XYZ,B,1532,2,0.14500000000000046
MINIMUM_IMAGE_XYZ,B,1534,2,0.14500000000000046
MINIMUM_IMAGE_XYZ,B,1536,2,0.1452756001536388
MINIMUM_IMAGE_XYZ,B,1538,2,0.14500000000000046
MINIMUM_IMAGE_XYZ,B,1540,2,0.14531001341958513
MINIMUM_IMAGE_XYZ,B,1542,2,0.14500000000000046
MINIMUM_IMAGE_XYZ,B,1544,2,0.14531001341958513
MINIMUM_IMAGE_XYZ,B,1546,2,0.14506205568652306
MINIMUM_IMAGE_XYZ,B,1548,2,0.14500000000000046
MINIMUM_IMAGE_XYZ,B,1550,2,0.14500000000000046
MINIMUM_IMAGE_XYZ,B,1552,2,0.14500000000000046
MINIMUM_IMAGE_XYZ,B,1554,2,0.14506205568652306
MINIMUM_IMAGE_XYZ,B,1556,2,0.14500000000000046
MINIMUM_IMAGE_XYZ,B,1558,2,0.14500000000000046
MINIMUM_IMAGE_XYZ,B,1560,2,0.14483438818181277
MINIMUM_IMAGE_XYZ,B,1562,2,0.1446409347314931
MINIMUM_IMAGE_XYZ,B,1564,2,0.14499999999999957
MINIMUM_IMAGE_XYZ,B,1566,2,0.1446409347314931
MINIMUM_IMAGE_XYZ,B,1568,2,0.14483438818181277
MINIMUM_IMAGE_XYZ,B,1570,2,0.14499999999999957
MINIMUM_IMAGE_XYZ,B,1572,2,0.14499999999999957
MINIMUM_IMAGE_XYZ,B,1574,2,0.14499999999999957
MINIMUM_IMAGE_XYZ,B,1576,2,0.14461673485458038
MINIMUM_IMAGE_XYZ,B,1578,2,0.1446409347314931
MINIMUM_IMAGE_XYZ,B,1580,2,0.14499999999999957
MINIMUM_IMAGE_XYZ,B,1582,2,0.14461673485458001
MINIMUM_IMAGE_XYZ,B,1584,2,0.14483438818181277
MINIMUM_IMAGE_XYZ,B,1586,2,0.14499999999999957
MINIMUM_IMAGE_XYZ,B,1588,2,0.14499999999999957
MINIMUM_IMAGE_XYZ,B,1590,2,0.14483438818181293
MINIMUM_IMAGE_XYZ,B,1592,2,0.14477568856683093
MINIMUM_IMAGE_XYZ,B,1594,2,0.14499999999999957
MINIMUM_IMAGE_XYZ,B,1596,2,0.14477568856683093
MINIMUM_IMAGE_XYZ,B,1598,2,0.14483438818181293
MINIMUM_IMAGE_XYZ,B,1600,2,0.14499999999999957
MINIMUM_IMAGE_XYZ,B,1602,2,0.14499999999999957
MINIMUM_IMAGE_XYZ,B,1604,2,0.14483438818181293
MINIMUM_IMAGE_XYZ,B,1606,2,0.14456140563788109
MINIMUM_IMAGE_XYZ,B,1608,2,0.14499999999999957
MINIMUM_IMAGE_XYZ,B,1610,2,0.14477568856683093
MINIMUM_IMAGE_XYZ,B,1612,2,0.14456140563788109
MINIMUM_IMAGE_XYZ,B,1614,2,0.14499999999999957
MINIMUM_IMAGE_XYZ,B,1616,2,0.14439182802361086
MINIMUM_IMAGE_XYZ,B,1618,2,0.14499999999999957
MINIMUM_IMAGE_XYZ,B,1620,2,0.14506205568652353
MINIMUM_IMAGE_XYZ,B,1622,2,0.14514131045295164
MINIMUM_IMAGE_XYZ,B,1624,2,0.14500000000000046
MINIMUM_IMAGE_XYZ,B,1626,2,0.14506205568652353
MINIMUM_IMAGE_XYZ,B,1628,2,0.1453340978573166
MINIMUM_IMAGE_XYZ,B,1630,2,0.14500000000000046
MINIMUM_IMAGE_XYZ,B,1632,2,0.14500000000000046
MINIMUM_IMAGE_XYZ,B,1634,2,0.14506205568652353
MINIMUM_IMAGE_XYZ,B,1636,2,0.14511719401917905
MINIMUM_IMAGE_XYZ,B,1638,2,0.14500000000000046
MINIMUM_IMAGE_XYZ,B,1640,2,0.14511719401917866
MINIMUM_IMAGE_XYZ,B,1642,2,0.14506205568652353
MINIMUM_IMAGE_XYZ,B,1644,2,0.14500000000000046
MINIMUM_IMAGE_XYZ,B,1646,2,0.14489306401619115
MINIMUM_IMAGE_XYZ,B,1648,2,0.14533409785731677
MINIMUM_IMAGE_XYZ,B,1650,2,0.14500000000000046
MINIMUM_IMAGE_XYZ,B,1652,2,0.14500000000000046
MINIMUM_IMAGE_XYZ,B,1654,2,0.14527560015363924
MINIMUM_IMAGE_XYZ,B,1656,2,0.14500000000000046
MINIMUM_IMAGE_XYZ,B,1658,2,0.14531001341958558
MINIMUM_IMAGE_XYZ,B,1660,2,0.14500000000000046
MINIMUM_IMAGE_XYZ,B,1662,2,0.14531001341958558
MINIMUM_IMAGE_XYZ,B,1664,2,0.14506205568652353
MINIMUM_IMAGE_XYZ,B,1666,2,0.14500000000000046
MINIMUM_IMAGE_XYZ,B,1668,2,0.14500000000000046
MINIMUM_IMAGE_XYZ,B,1670,2,0.14500000000000046
MINIMUM_IMAGE_XYZ,B,1672,2,0.14506205568652353
MINIMUM_IMAGE_XYZ,B,1674,2,0.14500000000000046
MINIMUM_IMAGE_XYZ,B,1676,2,0.14500000000000046
MINIMUM_IMAGE_XYZ,B,1678,2,0.14500000000000046
MINIMUM_IMAGE_XYZ,B,0,3,0.29017408567961406
MINIMUM_IMAGE_XYZ,B,2,3,0.29017408567961406
MINIMUM_IMAGE_XYZ,B,4,3,0.2898102827713335
MINIMUM_IMAGE_XYZ,B,6,3,0.2898102827713335
MINIMUM_IMAGE_XYZ,B,8,3,0.29006550984217344
MINIMUM_IMAGE_XYZ,B,10,3,0.29006550984217344
MINIMUM_IMAGE_XYZ,B,12,3,0.2896031767781564
MINIMUM_IMAGE_XYZ,B,14,3,0.28987238571481755
MINIMUM_IMAGE_XYZ,B,16,3,0.28987238571481755
MINIMUM_IMAGE_XYZ,B,18,3,0.2896031767781564
MINIMUM_IMAGE_XYZ,B,20,3,0.29006550984217316
MINIMUM_IMAGE_XYZ,B,22,3,0.29006550984217316
MINIMUM_IMAGE_XYZ,B,24,3,0.28956001105125
MINIMUM_IMAGE_XYZ,B,26,3,0.2894011057338927
MINIMUM_IMAGE_XYZ,B,28,3,0.29017408567961406
MINIMUM_IMAGE_XYZ,B,30,3,0.29017408567961406
MINIMUM_IMAGE_XYZ,B,32,3,0.2894011057338931
MINIMUM_IMAGE_XYZ,B,34,3,0.29012755815330604
MINIMUM_IMAGE_XYZ,B,36,3,0.29012755815330604
MINIMUM_IMAGE_XYZ,B,38,3,0.28956001105125
MINIMUM_IMAGE_XYZ,B,40,3,0.2896031767781562
MINIMUM_IMAGE_XYZ,B,42,3,0.2896031767781562
MINIMUM_IMAGE_XYZ,B,44,3,0.28987238571481755
MINIMUM_IMAGE_XYZ,B,46,3,0.28987238571481755
MINIMUM_IMAGE_XYZ,B,48,3,0.2896031767781562
MINIMUM_IMAGE_XYZ,B,50,3,0.2896031767781562
MINIMUM_IMAGE_XYZ,B,52,3,0.2895565575151083
MINIMUM_IMAGE_XYZ,B,54,3,0.29055980451535285
MINIMUM_IMAGE_XYZ,B,56,3,0.29055980451535285
MINIMUM_IMAGE_XYZ,B,58,3,0.2893129793147899
MINIMUM_IMAGE_XYZ,B,60,3,0.1452446212429224
MINIMUM_IMAGE_XYZ,B,62,3,0.14500000000000002
MINIMUM_IMAGE_XYZ,B,64,3,0.14500000000000002
MINIMUM_IMAGE_XYZ,B,66,3,0.145013792447477
MINIMUM_IMAGE_XYZ,B,68,3,0.145013792447477
MINIMUM_IMAGE_XYZ,B,70,3,0.14500000000000002
MINIMUM_IMAGE_XYZ,B,72,3,0.14500000000000002
MINIMUM_IMAGE_XYZ,B,74,3,0.1452446212429224
MINIMUM_IMAGE_XYZ,B,76,3,0.14500000000000002
MINIMUM_IMAGE_XYZ,B,78,3,0.14500000000000002
MINIMUM_IMAGE_XYZ,B,80,3,0.1455369368923229
MINIMUM_IMAGE_XYZ,B,82,3,0.14501379244747725
MINIMUM_IMAGE_XYZ,B,84,3,0.14500000000000002
MINIMUM_IMAGE_XYZ,B,86,3,0.14500000000000002
MINIMUM_IMAGE_XYZ,B,88,3,0.14528936643815327
MINIMUM_IMAGE_XYZ,B,90,3,0.14500000000000002
MINIMUM_IMAGE_XYZ,B,92,3,0.14500000000000002
MINIMUM_IMAGE_XYZ,B,94,3,0.14506550244630867
MINIMUM_IMAGE_XYZ,B,96,3,0.14500344823486094
MINIMUM_IMAGE_XYZ,B,98,3,0.14506550244630867
MINIMUM_IMAGE_XYZ,B,100,3,0.14500000000000002
MINIMUM_IMAGE_XYZ,B,102,3,0.14500000000000002
MINIMUM_IMAGE_XYZ,B,104,3,0.14528936643815327
MINIMUM_IMAGE_XYZ,B,106,3,0.14500000000000002
MINIMUM_IMAGE_XYZ,B,108,3,0.14500000000000002
MINIMUM_IMAGE_XYZ,B,110,3,0.14501379244747725
MINIMUM_IMAGE_XYZ,B,112,3,0.14500000000000002
MINIMUM_IMAGE_XYZ,B,114,3,0.1455369368923229
MINIMUM_IMAGE_XYZ,B,116,3,0.14500000000000002
MINIMUM_IMAGE_XYZ,B,118,3,0.14500000000000002
MINIMUM_IMAGE_XYZ,B,120,3,0.14527560015363902
MINIMUM_IMAGE_XYZ,B,122,3,0.14533409785731655
MINIMUM_IMAGE_XYZ,B,124,3,0.14551288602732038
MINIMUM_IMAGE_XYZ,B,126,3,0.14551288602732038
MINIMUM_IMAGE_XYZ,B,128,3,0.14533409785731655
MINIMUM_IMAGE_XYZ,B,130,3,0.1450620556865233
MINIMUM_IMAGE_XYZ,B,132,3,0.14574292435655314
MINIMUM_IMAGE_XYZ,B,134,3,0.14527560015363902
MINIMUM_IMAGE_XYZ,B,136,3,0.1450620556865233
MINIMUM_IMAGE_XYZ,B,138,3,0.1460342425597502
MINIMUM_IMAGE_XYZ,B,140,3,0.14500000000000002
MINIMUM_IMAGE_XYZ,B,142,3,0.1455128860273206
MINIMUM_IMAGE_XYZ,B,144,3,0.14533409785731635
MINIMUM_IMAGE_XYZ,B,146,3,0.14514131045295142
MINIMUM_IMAGE_XYZ,B,148,3,0.1457875166123628
MINIMUM_IMAGE_XYZ,B,150,3,0.14514131045295142
MINIMUM_IMAGE_XYZ,B,152,3,0.14533409785731635
MINIMUM_IMAGE_XYZ,B,154,3,0.1455644187293034
MINIMUM_IMAGE_XYZ,B,156,3,0.14550257729676125
MINIMUM_IMAGE_XYZ,B,158,3,0.1455644187293034
MINIMUM_IMAGE_XYZ,B,160,3,0.1451171940191788
MINIMUM_IMAGE_XYZ,B,162,3,0.14514131045295142
MINIMUM_IMAGE_XYZ,B,164,3,0.1457875166123628
MINIMUM_IMAGE_XYZ,B,166,3,0.14511719401917844
MINIMUM_IMAGE_XYZ,B,168,3,0.14533409785731635
MINIMUM_IMAGE_XYZ,B,170,3,0.1455128860273206
MINIMUM_IMAGE_XYZ,B,172,3,0.1460342425597502
MINIMUM_IMAGE_XYZ,B,174,3,0.14533409785731655
MINIMUM_IMAGE_XYZ,B,176,3,0.14527560015363902
MINIMUM_IMAGE_XYZ,B,178,3,0.14574292435655314
MINIMUM_IMAGE_XYZ,B,180,3,0.14500000000000002
MINIMUM_IMAGE_XYZ,B,182,3,0.14500000000000002
MINIMUM_IMAGE_XYZ,B,184,3,0.145013792447477
MINIMUM_IMAGE_XYZ,B,186,3,0.145013792447477
MINIMUM_IMAGE_XYZ,B,188,3,0.14500000000000002
MINIMUM_IMAGE_XYZ,B,190,3,0.14500000000000002
MINIMUM_IMAGE_XYZ,B,192,3,0.1452446212429224
MINIMUM_IMAGE_XYZ,B,194,3,0.14500000000000002
MINIMUM_IMAGE_XYZ,B,196,3,0.14500000000000002
MINIMUM_IMAGE_XYZ,B,198,3,0.1455369368923229
MINIMUM_IMAGE_XYZ,B,200,3,0.14501379244747725
MINIMUM_IMAGE_XYZ,B,202,3,0.14500000000000002
MINIMUM_IMAGE_XYZ,B,204,3,0.14500000000000002
MINIMUM_IMAGE_XYZ,B,206,3,0.14528936643815327
MINIMUM_IMAGE_XYZ,B,208,3,0.14500000000000002
MINIMUM_IMAGE_XYZ,B,210,3,0.14500000000000002
MINIMUM_IMAGE_XYZ,B,212,3,0.14506550244630867
MINIMUM_IMAGE_XYZ,B,214,3,0.14500344823486094
MINIMUM_IMAGE_XYZ,B,216,3,0.14506550244630867
MINIMUM_IMAGE_XYZ,B,218,3,0.14500000000000002
MINIMUM_IMAGE_XYZ,B,220,3,0.14500000000000002
MINIMUM_IMAGE_XYZ,B,222,3,0.14528936643815327
MINIMUM_IMAGE_XYZ,B,224,3,0.14500000000000002
MINIMUM_IMAGE_XYZ,B,226,3,0.14500000000000002
MINIMUM_IMAGE_XYZ,B,228,3,0.14501379244747725
MINIMUM_IMAGE_XYZ,B,230,3,0.14500000000000002
MINIMUM_IMAGE_XYZ,B,232,3,0.1455369368923229
MINIMUM_IMAGE_XYZ,B,234,3,0.14500000000000002
MINIMUM_IMAGE_XYZ,B,236,3,0.14500000000000002
MINIMUM_IMAGE_XYZ,B,238,3,0.1452446212429224
MINIMUM_IMAGE_XYZ,B,240,3,0.14533409785731655
MINIMUM_IMAGE_XYZ,B,242,3,0.14551288602732038
MINIMUM_IMAGE_XYZ,B,244,3,0.14551288602732038
MINIMUM_IMAGE_XYZ,B,246,3,0.14533409785731655
MINIMUM_IMAGE_XYZ,B,248,3,0.1450620556865233
MINIMUM_IMAGE_XYZ,B,250,3,0.14574292435655314
MINIMUM_IMAGE_XYZ,B,252,3,0.14527560015363902
MINIMUM_IMAGE_XYZ,B,254,3,0.1450620556865233
MINIMUM_IMAGE_XYZ,B,256,3,0.1460342425597502
MINIMUM_IMAGE_XYZ,B,258,3,0.14500000000000002
MINIMUM_IMAGE_XYZ,B,260,3,0.1455128860273206
MINIMUM_IMAGE_XYZ,B,262,3,0.14533409785731635
MINIMUM_IMAGE_XYZ,B,264,3,0.14514131045295142
MINIMUM_IMAGE_XYZ,B,266,3,0.1457875166123628
MINIMUM_IMAGE_XYZ,B,268,3,0.14514131045295142
MINIMUM_IMAGE_XYZ,B,270,3,0.14533409785731635
MINIMUM_IMAGE_XYZ,B,272,3,0.1455644187293034
MINIMUM_IMAGE_XYZ,B,274,3,0.14550257729676125
MINIMUM_IMAGE_XYZ,B,276,3,0.1455644187293034
MINIMUM_IMAGE_XYZ,B,278,3,0.1451171940191788
MINIMUM_IMAGE_XYZ,B,280,3,0.14514131045295142
MINIMUM_IMAGE_XYZ,B,282,3,0.1457875166123628
MINIMUM_IMAGE_XYZ,B,284,3,0.14511719401917844
MINIMUM_IMAGE_XYZ,B,286,3,0.14533409785731635
MINIMUM_IMAGE_XYZ,B,288,3,0.1455128860273206
MINIMUM_IMAGE_XYZ,B,290,3,0.1460342425597502
MINIMUM_IMAGE_XYZ,B,292,3,0.14533409785731655
MINIMUM_IMAGE_XYZ,B,294,3,0.14527560015363902
MINIMUM_IMAGE_XYZ,B,296,3,0.14574292435655314
MINIMUM_IMAGE_XYZ,B,298,3,0.14527560015363902
MINIMUM_IMAGE_XYZ,B,300,3,0.14500000000000002
MINIMUM_IMAGE_XYZ,B,302,3,0.145013792447477
MINIMUM_IMAGE_XYZ,B,304,3,0.145013792447477
MINIMUM_IMAGE_XYZ,B,306,3,0.14500000000000002
MINIMUM_IMAGE_XYZ,B,308,3,0.14500000000000002
MINIMUM_IMAGE_XYZ,B,310,3,0.1452446212429224
MINIMUM_IMAGE_XYZ,B,312,3,0.14500000000000002
MINIMUM_IMAGE_XYZ,B,314,3,0.14500000000000002
MINIMUM_IMAGE_XYZ,B,316,3,0.1455369368923229
MINIMUM_IMAGE_XYZ,B,318,3,0.14501379244747725
MINIMUM_IMAGE_XYZ,B,320,3,0.14500000000000002
MINIMUM_IMAGE_XYZ,B,322,3,0.14500000000000002
MINIMUM_IMAGE_XYZ,B,324,3,0.14528936643815327
MINIMUM_IMAGE_XYZ,B,326,3,0.14500000000000002
MINIMUM_IMAGE_XYZ,B,328,3,0.14500000000000002
MINIMUM_IMAGE_XYZ,B,330,3,0.14506550244630867
MINIMUM_IMAGE_XYZ,B,332,3,0.14500344823486094
MINIMUM_IMAGE_XYZ,B,334,3,0.14506550244630867
MINIMUM_IMAGE_XYZ,B,336,3,0.14500000000000002
MINIMUM_IMAGE_XYZ,B,338,3,0.14500000000000002
MINIMUM_IMAGE_XYZ,B,340,3,0.14528936643815327
MINIMUM_IMAGE_XYZ,B,342,3,0.14500000000000002
MINIMUM_IMAGE_XYZ,B,344,3,0.14500000000000002
MINIMUM_IMAGE_XYZ,B,346,3,0.14501379244747725
MINIMUM_IMAGE_XYZ,B,348,3,0.14500000000000002
MINIMUM_IMAGE_XYZ,B,350,3,0.1455369368923229
MINIMUM_IMAGE_XYZ,B,352,3,0.14500000000000002
MINIMUM_IMAGE_XYZ,B,354,3,0.14500000000000002
MINIMUM_IMAGE_XYZ,B,356,3,0.1452446212429224
MINIMUM_IMAGE_XYZ,B,358,3,0.14500000000000002
MINIMUM_IMAGE_XYZ,B,360,3,0.14551288602732038
MINIMUM_IMAGE_XYZ,B,362,3,0.14551288602732038
MINIMUM_IMAGE_XYZ,B,364,3,0.14533409785731655
MINIMUM_IMAGE_XYZ,B,366,3,0.1450620556865233
MINIMUM_IMAGE_XYZ,B,368,3,0.14574292435655314
MINIMUM_IMAGE_XYZ,B,370,3,0.14527560015363902
MINIMUM_IMAGE_XYZ,B,372,3,0.1450620556865233
MINIMUM_IMAGE_XYZ,B,374,3,0.1460342425597502
MINIMUM_IMAGE_XYZ,B,376,3,0.14500000000000002
MINIMUM_IMAGE_XYZ,B,378,3,0.1455128860273206
MINIMUM_IMAGE_XYZ,B,380,3,0.14533409785731635
MINIMUM_IMAGE_XYZ,B,382,3,0.14514131045295142
MINIMUM_IMAGE_XYZ,B,384,3,0.1457875166123628
MINIMUM_IMAGE_XYZ,B,386,3,0.14514131045295142
MINIMUM_IMAGE_XYZ,B,388,3,0.14533409785731635
MINIMUM_IMAGE_XYZ,B,390,3,0.1455644187293034
MINIMUM_IMAGE_XYZ,B,392,3,0.14550257729676125
MINIMUM_IMAGE_XYZ,B,394,3,0.1455644187293034
MINIMUM_IMAGE_XYZ,B,396,3,0.1451171940191788
MINIMUM_IMAGE_XYZ,B,398,3,0.14514131045295142
MINIMUM_IMAGE_XYZ,B,400,3,0.1457875166123628
MINIMUM_IMAGE_XYZ,B,402,3,0.14511719401917844
MINIMUM_IMAGE_XYZ,B,404,3,0.14533409785731635
MINIMUM_IMAGE_XYZ,B,406,3,0.1455128860273206
MINIMUM_IMAGE_XYZ,B,408,3,0.1460342425597502
MINIMUM_IMAGE_XYZ,B,410,3,0.14533409785731655
MINIMUM_IMAGE_XYZ,B,412,3,0.14527560015363902
MINIMUM_IMAGE_XYZ,B,414,3,0.14574292435655314
MINIMUM_IMAGE_XYZ,B,416,3,0.14527560015363902
MINIMUM_IMAGE_XYZ,B,418,3,0.14533409785731655
MINIMUM_IMAGE_XYZ,B,420,3,0.14501379244747678
MINIMUM_IMAGE_XYZ,B,422,3,0.14501379244747678
MINIMUM_IMAGE_XYZ,B,424,3,0.14500000000000002
MINIMUM_IMAGE_XYZ,B,426,3,0.14500000000000002
MINIMUM_IMAGE_XYZ,B,428,3,0.14524462124292217
MINIMUM_IMAGE_XYZ,B,430,3,0.14500000000000002
MINIMUM_IMAGE_XYZ,B,432,3,0.14500000000000002
MINIMUM_IMAGE_XYZ,B,434,3,0.14553693689232267
MINIMUM_IMAGE_XYZ,B,436,3,0.14501379244747703
MINIMUM_IMAGE_XYZ,B,438,3,0.14500000000000002
MINIMUM_IMAGE_XYZ,B,440,3,0.14500000000000002
MINIMUM_IMAGE_XYZ,B,442,3,0.14528936643815304
MINIMUM_IMAGE_XYZ,B,444,3,0.14500000000000002
MINIMUM_IMAGE_XYZ,B,446,3,0.14500000000000002
MINIMUM_IMAGE_XYZ,B,448,3,0.14506550244630848
MINIMUM_IMAGE_XYZ,B,450,3,0.14500344823486072
MINIMUM_IMAGE_XYZ,B,452,3,0.14506550244630848
MINIMUM_IMAGE_XYZ,B,454,3,0.14500000000000002
MINIMUM_IMAGE_XYZ,B,456,3,0.14500000000000002
MINIMUM_IMAGE_XYZ,B,458,3,0.14528936643815304
MINIMUM_IMAGE_XYZ,B,460,3,0.14500000000000002
MINIMUM_IMAGE_XYZ,B,462,3,0.14500000000000002
MINIMUM_IMAGE_XYZ,B,464,3,0.14501379244747703
MINIMUM_IMAGE_XYZ,B,466,3,0.14500000000000002
MINIMUM_IMAGE_XYZ,B,468,3,0.14553693689232267
MINIMUM_IMAGE_XYZ,B,470,3,0.14500000000000002
MINIMUM_IMAGE_XYZ,B,472,3,0.14500000000000002
MINIMUM_IMAGE_XYZ,B,474,3,0.14524462124292217
MINIMUM_IMAGE_XYZ,B,476,3,0.14500000000000002
MINIMUM_IMAGE_XYZ,B,478,3,0.14500000000000002
MINIMUM_IMAGE_XYZ,B,480,3,0.1455128860273206
MINIMUM_IMAGE_XYZ,B,482,3,0.14533409785731677
MINIMUM_IMAGE_XYZ,B,484,3,0.14506205568652353
MINIMUM_IMAGE_XYZ,B,486,3,0.14574292435655337
MINIMUM_IMAGE_XYZ,B,488,3,0.14527560015363924
MINIMUM_IMAGE_XYZ,B,490,3,0.14506205568652353
MINIMUM_IMAGE_XYZ,B,492,3,0.14603424255975045
MINIMUM_IMAGE_XYZ,B,494,3,0.14499999999999957
MINIMUM_IMAGE_XYZ,B,496,3,0.14551288602732082
MINIMUM_IMAGE_XYZ,B,498,3,0.1453340978573166
MINIMUM_IMAGE_XYZ,B,500,3,0.14514131045295164
MINIMUM_IMAGE_XYZ,B,502,3,0.14578751661236306
MINIMUM_IMAGE_XYZ,B,504,3,0.14514131045295164
MINIMUM_IMAGE_XYZ,B,506,3,0.1453340978573166
MINIMUM_IMAGE_XYZ,B,508,3,0.14556441872930362
MINIMUM_IMAGE_XYZ,B,510,3,0.14550257729676147
MINIMUM_IMAGE_XYZ,B,512,3,0.14556441872930362
MINIMUM_IMAGE_XYZ,B,514,3,0.14511719401917905
MINIMUM_IMAGE_XYZ,B,516,3,0.14514131045295164
MINIMUM_IMAGE_XYZ,B,518,3,0.14578751661236306
MINIMUM_IMAGE_XYZ,B,520,3,0.14511719401917866
MINIMUM_IMAGE_XYZ,B,522,3,0.1453340978573166
MINIMUM_IMAGE_XYZ,B,524,3,0.14551288602732082
MINIMUM_IMAGE_XYZ,B,526,3,0.14603424255975045
MINIMUM_IMAGE_XYZ,B,528,3,0.14533409785731677
MINIMUM_IMAGE_XYZ,B,530,3,0.14527560015363924
MINIMUM_IMAGE_XYZ,B,532,3,0.14574292435655337
MINIMUM_IMAGE_XYZ,B,534,3,0.14527560015363924
MINIMUM_IMAGE_XYZ,B,536,3,0.14533409785731677
MINIMUM_IMAGE_XYZ,B,538,3,0.1455128860273206
MINIMUM_IMAGE_XYZ,B,540,3,0.1455128860273206
MINIMUM_IMAGE_XYZ,B,542,3,0.14533409785731677
MINIMUM_IMAGE_XYZ,B,544,3,0.14527560015363924
MINIMUM_IMAGE_XYZ,B,546,3,0.14574292435655337
MINIMUM_IMAGE_XYZ,B,548,3,0.14527560015363924
MINIMUM_IMAGE_XYZ,B,550,3,0.14533409785731677
MINIMUM_IMAGE_XYZ,B,552,3,0.14603424255975045
MINIMUM_IMAGE_XYZ,B,554,3,0.14551288602732082
MINIMUM_IMAGE_XYZ,B,556,3,0.1453340978573166
MINIMUM_IMAGE_XYZ,B,558,3,0.14511719401917866
MINIMUM_IMAGE_XYZ,B,560,3,0.14578751661236306
MINIMUM_IMAGE_XYZ,B,562,3,0.14514131045295164
MINIMUM_IMAGE_XYZ,B,564,3,0.14511719401917905
MINIMUM_IMAGE_XYZ,B,566,3,0.14556441872930362
MINIMUM_IMAGE_XYZ,B,568,3,0.14550257729676147
MINIMUM_IMAGE_XYZ,B,570,3,0.14556441872930362
MINIMUM_IMAGE_XYZ,B,572,3,0.1453340978573166
MINIMUM_IMAGE_XYZ,B,574,3,0.14514131045295164
MINIMUM_IMAGE_XYZ,B,576,3,0.14578751661236306
MINIMUM_IMAGE_XYZ,B,578,3,0.14514131045295164
MINIMUM_IMAGE_XYZ,B,580,3,0.1453340978573166
MINIMUM_IMAGE_XYZ,B,582,3,0.14551288602732082
MINIMUM_IMAGE_XYZ,B,584,3,0.14499999999999957
MINIMUM_IMAGE_XYZ,B,586,3,0.14603424255975045
MINIMUM_IMAGE_XYZ,B,588,3,0.14506205568652353
MINIMUM_IMAGE_XYZ,B,590,3,0.14527560015363924
MINIMUM_IMAGE_XYZ,B,592,3,0.14574292435655337
MINIMUM_IMAGE_XYZ,B,594,3,0.14506205568652353
MINIMUM_IMAGE_XYZ,B,596,3,0.14533409785731677
MINIMUM_IMAGE_XYZ,B,598,3,0.1455128860273206
MINIMUM_IMAGE_XYZ,B,600,3,0.14500000000000046
MINIMUM_IMAGE_XYZ,B,602,3,0.14500000000000046
MINIMUM_IMAGE_XYZ,B,604,3,0.1452446212429224
MINIMUM_IMAGE_XYZ,B,606,3,0.14500000000000046
MINIMUM_IMAGE_XYZ,B,608,3,0.14500000000000046
MINIMUM_IMAGE_XYZ,B,610,3,0.1455369368923229
MINIMUM_IMAGE_XYZ,B,612,3,0.14500000000000046
MINIMUM_IMAGE_XYZ,B,614,3,0.14501379244747725
MINIMUM_IMAGE_XYZ,B,616,3,0.14500000000000046
MINIMUM_IMAGE_XYZ,B,618,3,0.14500000000000046
MINIMUM_IMAGE_XYZ,B,620,3,0.14528936643815327
MINIMUM_IMAGE_XYZ,B,622,3,0.14500000000000046
MINIMUM_IMAGE_XYZ,B,624,3,0.14500000000000046
MINIMUM_IMAGE_XYZ,B,626,3,0.14506550244630867
MINIMUM_IMAGE_XYZ,B,628,3,0.14500344823486094
MINIMUM_IMAGE_XYZ,B,630,3,0.14506550244630867
MINIMUM_IMAGE_XYZ,B,632,3,0.14500000000000046
MINIMUM_IMAGE_XYZ,B,634,3,0.14500000000000046
MINIMUM_IMAGE_XYZ,B,636,3,0.14528936643815327
MINIMUM_IMAGE_XYZ,B,638,3,0.14500000000000046
MINIMUM_IMAGE_XYZ,B,640,3,0.14500000000000046
MINIMUM_IMAGE_XYZ,B,642,3,0.14501379244747725
MINIMUM_IMAGE_XYZ,B,644,3,0.1455369368923229
MINIMUM_IMAGE_XYZ,B,646,3,0.14500000000000046
MINIMUM_IMAGE_XYZ,B,648,3,0.14500000000000046
MINIMUM_IMAGE_XYZ,B,650,3,0.1452446212429224
MINIMUM_IMAGE_XYZ,B,652,3,0.14500000000000046
MINIMUM_IMAGE_XYZ,B,654,3,0.14500000000000046
MINIMUM_IMAGE_XYZ,B,656,3,0.145013792447477
MINIMUM_IMAGE_XYZ,B,658,3,0.145013792447477
MINIMUM_IMAGE_XYZ,B,660,3,0.14533409785731632
MINIMUM_IMAGE_XYZ,B,662,3,0.1452756001536388
MINIMUM_IMAGE_XYZ,B,664,3,0.1457429243565529
MINIMUM_IMAGE_XYZ,B,666,3,0.1452756001536388
MINIMUM_IMAGE_XYZ,B,668,3,0.14533409785731632
MINIMUM_IMAGE_XYZ,B,670,3,0.14603424255974998
MINIMUM_IMAGE_XYZ,B,672,3,0.14551288602732038
MINIMUM_IMAGE_XYZ,B,674,3,0.14533409785731613
MINIMUM_IMAGE_XYZ,B,676,3,0.14511719401917822
MINIMUM_IMAGE_XYZ,B,678,3,0.14578751661236258
MINIMUM_IMAGE_XYZ,B,680,3,0.1451413104529512
MINIMUM_IMAGE_XYZ,B,682,3,0.14511719401917858
MINIMUM_IMAGE_XYZ,B,684,3,0.14556441872930317
MINIMUM_IMAGE_XYZ,B,686,3,0.14550257729676103
MINIMUM_IMAGE_XYZ,B,688,3,0.14556441872930317
MINIMUM_IMAGE_XYZ,B,690,3,0.14533409785731613
MINIMUM_IMAGE_XYZ,B,692,3,0.1451413104529512
MINIMUM_IMAGE_XYZ,B,694,3,0.14578751661236258
MINIMUM_IMAGE_XYZ,B,696,3,0.1451413104529512
MINIMUM_IMAGE_XYZ,B,698,3,0.14533409785731613
MINIMUM_IMAGE_XYZ,B,700,3,0.14551288602732038
MINIMUM_IMAGE_XYZ,B,702,3,0.1448930640161907
MINIMUM_IMAGE_XYZ,B,704,3,0.14603424255974998
MINIMUM_IMAGE_XYZ,B,706,3,0.14506205568652306
MINIMUM_IMAGE_XYZ,B,708,3,0.1452756001536388
MINIMUM_IMAGE_XYZ,B,710,3,0.1457429243565529
MINIMUM_IMAGE_XYZ,B,712,3,0.14506205568652306
MINIMUM_IMAGE_XYZ,B,714,3,0.14533409785731632
MINIMUM_IMAGE_XYZ,B,716,3,0.14551288602732013
MINIMUM_IMAGE_XYZ,B,718,3,0.14551288602732013
MINIMUM_IMAGE_XYZ,B,720,3,0.14506205568652353
MINIMUM_IMAGE_XYZ,B,722,3,0.14574292435655337
MINIMUM_IMAGE_XYZ,B,724,3,0.14527560015363924
MINIMUM_IMAGE_XYZ,B,726,3,0.14506205568652353
MINIMUM_IMAGE_XYZ,B,728,3,0.14603424255975045
MINIMUM_IMAGE_XYZ,B,730,3,0.14499999999999957
MINIMUM_IMAGE_XYZ,B,732,3,0.14551288602732082
MINIMUM_IMAGE_XYZ,B,734,3,0.1453340978573166
MINIMUM_IMAGE_XYZ,B,736,3,0.14514131045295164
MINIMUM_IMAGE_XYZ,B,738,3,0.14578751661236306
MINIMUM_IMAGE_XYZ,B,740,3,0.14514131045295164
MINIMUM_IMAGE_XYZ,B,742,3,0.1453340978573166
MINIMUM_IMAGE_XYZ,B,744,3,0.14556441872930362
MINIMUM_IMAGE_XYZ,B,746,3,0.14550257729676147
MINIMUM_IMAGE_XYZ,B,748,3,0.14556441872930362
MINIMUM_IMAGE_XYZ,B,750,3,0.14511719401917905
MINIMUM_IMAGE_XYZ,B,752,3,0.14514131045295164
MINIMUM_IMAGE_XYZ,B,754,3,0.14578751661236306
MINIMUM_IMAGE_XYZ,B,756,3,0.14511719401917866
MINIMUM_IMAGE_XYZ,B,758,3,0.1453340978573166
MINIMUM_IMAGE_XYZ,B,760,3,0.14551288602732082
MINIMUM_IMAGE_XYZ,B,762,3,0.14603424255975045
MINIMUM_IMAGE_XYZ,B,764,3,0.14533409785731677
MINIMUM_IMAGE_XYZ,B,766,3,0.14527560015363924
MINIMUM_IMAGE_XYZ,B,768,3,0.14574292435655337
MINIMUM_IMAGE_XYZ,B,770,3,0.14527560015363924
MINIMUM_IMAGE_XYZ,B,772,3,0.14533409785731677
MINIMUM_IMAGE_XYZ,B,774,3,0.1455128860273206
MINIMUM_IMAGE_XYZ,B,776,3,0.1455128860273206
MINIMUM_IMAGE_XYZ,B,778,3,0.14533409785731677
MINIMUM_IMAGE_XYZ,B,780,3,0.1459999999999999
MINIMUM_IMAGE_XYZ,B,782,3,0.1459999999999999
MINIMUM_IMAGE_XYZ,B,784,3,0.1459999999999999
MINIMUM_IMAGE_XYZ,B,786,3,0.1459999999999999
MINIMUM_IMAGE_XYZ,B,788,3,0.1459999999999999
MINIMUM_IMAGE_XYZ,B,790,3,0.1459999999999999
MINIMUM_IMAGE_XYZ,B,792,3,0.1459999999999999
MINIMUM_IMAGE_XYZ,B,794,3,0.1459999999999999
MINIMUM_IMAGE_XYZ,B,796,3,0.1459999999999999
MINIMUM_IMAGE_XYZ,B,798,3,0.1459999999999999
MINIMUM_IMAGE_XYZ,B,800,3,0.1459999999999999
MINIMUM_IMAGE_XYZ,B,802,3,0.1459999999999999
MINIMUM_IMAGE_XYZ,B,804,3,0.1459999999999999
MINIMUM_IMAGE_XYZ,B,806,3,0.1459999999999999
MINIMUM_IMAGE_XYZ,B,808,3,0.1459999999999999
MINIMUM_IMAGE_XYZ,B,810,3,0.1459999999999999
MINIMUM_IMAGE_XYZ,B,812,3,0.1459999999999999
MINIMUM_IMAGE_XYZ,B,814,3,0.1459999999999999
MINIMUM_IMAGE_XYZ,B,816,3,0.1459999999999999
MINIMUM_IMAGE_XYZ,B,818,3,0.1459999999999999
MINIMUM_IMAGE_XYZ,B,820,3,0.1459999999999999
MINIMUM_IMAGE_XYZ,B,822,3,0.1459999999999999
MINIMUM_IMAGE_XYZ,B,824,3,0.1459999999999999
MINIMUM_IMAGE_XYZ,B,826,3,0.1459999999999999
MINIMUM_IMAGE_XYZ,B,828,3,0.1459999999999999
MINIMUM_IMAGE_XYZ,B,830,3,0.1459999999999999
MINIMUM_IMAGE_XYZ,B,832,3,0.1459999999999999
MINIMUM_IMAGE_XYZ,B,834,3,0.1459999999999999
MINIMUM_IMAGE_XYZ,B,836,3,0.1459999999999999
MINIMUM_IMAGE_XYZ,B,838,3,0.1459999999999999
MINIMUM_IMAGE_XYZ,B,840,3,0.1452446212429224
MINIMUM_IMAGE_XYZ,B,842,3,0.14500000000000046
MINIMUM_IMAGE_XYZ,B,844,3,0.14500000000000046
MINIMUM_IMAGE_XYZ,B,846,3,0.1455369368923229
MINIMUM_IMAGE_XYZ,B,848,3,0.14500000000000046
MINIMUM_IMAGE_XYZ,B,850,3,0.14501379244747725
MINIMUM_IMAGE_XYZ,B,852,3,0.14500000000000046
MINIMUM_IMAGE_XYZ,B,854,3,0.14500000000000046
MINIMUM_IMAGE_XYZ,B,856,3,0.14528936643815327
MINIMUM_IMAGE_XYZ,B,858,3,0.14500000000000046
MINIMUM_IMAGE_XYZ,B,860,3,0.14500000000000046
MINIMUM_IMAGE_XYZ,B,862,3,0.14506550244630867
MINIMUM_IMAGE_XYZ,B,864,3,0.14500344823486094
MINIMUM_IMAGE_XYZ,B,866,3,0.14506550244630867
MINIMUM_IMAGE_XYZ,B,868,3,0.14500000000000046
MINIMUM_IMAGE_XYZ,B,870,3,0.14500000000000046
MINIMUM_IMAGE_XYZ,B,872,3,0.14528936643815327
MINIMUM_IMAGE_XYZ,B,874,3,0.14500000000000046
MINIMUM_IMAGE_XYZ,B,876,3,0.14500000000000046
MINIMUM_IMAGE_XYZ,B,878,3,0.14501379244747725
MINIMUM_IMAGE_XYZ,B,880,3,0.1455369368923229
MINIMUM_IMAGE_XYZ,B,882,3,0.14500000000000046
MINIMUM_IMAGE_XYZ,B,884,3,0.14500000000000046
MINIMUM_IMAGE_XYZ,B,886,3,0.1452446212429224
MINIMUM_IMAGE_XYZ,B,888,3,0.14500000000000046
MINIMUM_IMAGE_XYZ,B,890,3,0.14500000000000046
MINIMUM_IMAGE_XYZ,B,892,3,0.145013792447477
MINIMUM_IMAGE_XYZ,B,894,3,0.145013792447477
MINIMUM_IMAGE_XYZ,B,896,3,0.14500000000000046
MINIMUM_IMAGE_XYZ,B,898,3,0.14500000000000046
MINIMUM_IMAGE_XYZ,B,900,3,0.1457429243565529
MINIMUM_IMAGE_XYZ,B,902,3,0.1452756001536388
MINIMUM_IMAGE_XYZ,B,904,3,0.14533409785731632
MINIMUM_IMAGE_XYZ,B,906,3,0.14603424255974998
MINIMUM_IMAGE_XYZ,B,908,3,0.14551288602732038
MINIMUM_IMAGE_XYZ,B,910,3,0.14533409785731613
MINIMUM_IMAGE_XYZ,B,912,3,0.14511719401917822
MINIMUM_IMAGE_XYZ,B,914,3,0.14578751661236258
MINIMUM_IMAGE_XYZ,B,916,3,0.1451413104529512
MINIMUM_IMAGE_XYZ,B,918,3,0.14511719401917858
MINIMUM_IMAGE_XYZ,B,920,3,0.14556441872930317
MINIMUM_IMAGE_XYZ,B,922,3,0.14550257729676103
MINIMUM_IMAGE_XYZ,B,924,3,0.14556441872930317
MINIMUM_IMAGE_XYZ,B,926,3,0.14533409785731613
MINIMUM_IMAGE_XYZ,B,928,3,0.1451413104529512
MINIMUM_IMAGE_XYZ,B,930,3,0.14578751661236258
MINIMUM_IMAGE_XYZ,B,932,3,0.1451413104529512
MINIMUM_IMAGE_XYZ,B,934,3,0.14533409785731613
MINIMUM_IMAGE_XYZ,B,936,3,0.14551288602732038
MINIMUM_IMAGE_XYZ,B,938,3,0.14500000000000046
MINIMUM_IMAGE_XYZ,B,940,3,0.14603424255974998
MINIMUM_IMAGE_XYZ,B,942,3,0.14506205568652306
MINIMUM_IMAGE_XYZ,B,944,3,0.1452756001536388
MINIMUM_IMAGE_XYZ,B,946,3,0.1457429243565529
MINIMUM_IMAGE_XYZ,B,948,3,0.14506205568652306
MINIMUM_IMAGE_XYZ,B,950,3,0.14533409785731632
MINIMUM_IMAGE_XYZ,B,952,3,0.14551288602732013
MINIMUM_IMAGE_XYZ,B,954,3,0.14551288602732013
MINIMUM_IMAGE_XYZ,B,956,3,0.14533409785731632
MINIMUM_IMAGE_XYZ,B,958,3,0.1452756001536388
MINIMUM_IMAGE_XYZ,B,960,3,0.14499999999999957
MINIMUM_IMAGE_XYZ,B,962,3,0.14499999999999957
MINIMUM_IMAGE_XYZ,B,964,3,0.1455369368923229
MINIMUM_IMAGE_XYZ,B,966,3,0.14499999999999957
MINIMUM_IMAGE_XYZ,B,968,3,0.14501379244747725
MINIMUM_IMAGE_XYZ,B,970,3,0.14499999999999957
MINIMUM_IMAGE_XYZ,B,972,3,0.14499999999999957
MINIMUM_IMAGE_XYZ,B,974,3,0.14528936643815327
MINIMUM_IMAGE_XYZ,B,976,3,0.14499999999999957
MINIMUM_IMAGE_XYZ,B,978,3,0.14499999999999957
MINIMUM_IMAGE_XYZ,B,980,3,0.14506550244630867
MINIMUM_IMAGE_XYZ,B,982,3,0.14500344823486094
MINIMUM_IMAGE_XYZ,B,984,3,0.14506550244630867
MINIMUM_IMAGE_XYZ,B,986,3,0.14499999999999957
MINIMUM_IMAGE_XYZ,B,988,3,0.14499999999999957
MINIMUM_IMAGE_XYZ,B,990,3,0.14528936643815327
MINIMUM_IMAGE_XYZ,B,992,3,0.14499999999999957
MINIMUM_IMAGE_XYZ,B,994,3,0.14499999999999957
MINIMUM_IMAGE_XYZ,B,996,3,0.14501379244747725
MINIMUM_IMAGE_XYZ,B,998,3,0.1455369368923229
MINIMUM_IMAGE_XYZ,B,1000,3,0.14499999999999957
MINIMUM_IMAGE_XYZ,B,1002,3,0.14499999999999957
MINIMUM_IMAGE_XYZ,B,1004,3,0.1452446212429224
MINIMUM_IMAGE_XYZ,B,1006,3,0.14499999999999957
MINIMUM_IMAGE_XYZ,B,1008,3,0.14499999999999957
MINIMUM_IMAGE_XYZ,B,1010,3,0.145013792447477
MINIMUM_IMAGE_XYZ,B,1012,3,0.145013792447477
MINIMUM_IMAGE_XYZ,B,1014,3,0.14499999999999957
MINIMUM_IMAGE_XYZ,B,1016,3,0.14499999999999957
MINIMUM_IMAGE_XYZ,B,1018,3,0.1452446212429224
MINIMUM_IMAGE_XYZ,B,1020,3,0.14499999999999957
MINIMUM_IMAGE_XYZ,B,1022,3,0.14499999999999957
MINIMUM_IMAGE_XYZ,B,1024,3,0.1455369368923229
MINIMUM_IMAGE_XYZ,B,1026,3,0.14501379244747725
MINIMUM_IMAGE_XYZ,B,1028,3,0.14499999999999957
MINIMUM_IMAGE_XYZ,B,1030,3,0.14499999999999957
MINIMUM_IMAGE_XYZ,B,1032,3,0.14528936643815327
MINIMUM_IMAGE_XYZ,B,1034,3,0.14499999999999957
MINIMUM_IMAGE_XYZ,B,1036,3,0.14499999999999957
MINIMUM_IMAGE_XYZ,B,1038,3,0.14506550244630867
MINIMUM_IMAGE_XYZ,B,1040,3,0.14500344823486094
MINIMUM_IMAGE_XYZ,B,1042,3,0.14506550244630867
MINIMUM_IMAGE_XYZ,B,1044,3,0.14499999999999957
MINIMUM_IMAGE_XYZ,B,1046,3,0.14499999999999957
MINIMUM_IMAGE_XYZ,B,1048,3,0.14528936643815327
MINIMUM_IMAGE_XYZ,B,1050,3,0.14499999999999957
MINIMUM_IMAGE_XYZ,B,1052,3,0.14499999999999957
MINIMUM_IMAGE_XYZ,B,1054,3,0.14501379244747725
MINIMUM_IMAGE_XYZ,B,1056,3,0.14499999999999957
MINIMUM_IMAGE_XYZ,B,1058,3,0.1455369368923229
MINIMUM_IMAGE_XYZ,B,1060,3,0.14499999999999957
MINIMUM_IMAGE_XYZ,B,1062,3,0.14499999999999957
MINIMUM_IMAGE_XYZ,B,1064,3,0.1452446212429224
MINIMUM_IMAGE_XYZ,B,1066,3,0.14499999999999957
MINIMUM_IMAGE_XYZ,B,1068,3,0.14499999999999957
MINIMUM_IMAGE_XYZ,B,1070,3,0.145013792447477
MINIMUM_IMAGE_XYZ,B,1072,3,0.145013792447477
MINIMUM_IMAGE_XYZ,B,1074,3,0.14499999999999957
MINIMUM_IMAGE_XYZ,B,1076,3,0.14499999999999957
MINIMUM_IMAGE_XYZ,B,1078,3,0.1452446212429224
MINIMUM_IMAGE_XYZ,B,1080,3,0.14506205568652353
MINIMUM_IMAGE_XYZ,B,1082,3,0.14603424255975045
MINIMUM_IMAGE_XYZ,B,1084,3,0.14499999999999957
MINIMUM_IMAGE_XYZ,B,1086,3,0.14551288602732082
MINIMUM_IMAGE_XYZ,B,1088,3,0.1453340978573166
MINIMUM_IMAGE_XYZ,B,1090,3,0.14514131045295164
MINIMUM_IMAGE_XYZ,B,1092,3,0.14578751661236306
MINIMUM_IMAGE_XYZ,B,1094,3,0.14514131045295164
MINIMUM_IMAGE_XYZ,B,1096,3,0.1453340978573166
MINIMUM_IMAGE_XYZ,B,1098,3,0.14556441872930362
MINIMUM_IMAGE_XYZ,B,1100,3,0.14550257729676147
MINIMUM_IMAGE_XYZ,B,1102,3,0.14556441872930362
MINIMUM_IMAGE_XYZ,B,1104,3,0.14511719401917905
MINIMUM_IMAGE_XYZ,B,1106,3,0.14514131045295164
MINIMUM_IMAGE_XYZ,B,1108,3,0.14578751661236306
MINIMUM_IMAGE_XYZ,B,1110,3,0.14511719401917866
MINIMUM_IMAGE_XYZ,B,1112,3,0.1453340978573166
MINIMUM_IMAGE_XYZ,B,1114,3,0.14551288602732082
MINIMUM_IMAGE_XYZ,B,1116,3,0.14603424255975045
MINIMUM_IMAGE_XYZ,B,1118,3,0.14533409785731677
MINIMUM_IMAGE_XYZ,B,1120,3,0.14527560015363924
MINIMUM_IMAGE_XYZ,B,1122,3,0.14574292435655337
MINIMUM_IMAGE_XYZ,B,1124,3,0.14527560015363924
MINIMUM_IMAGE_XYZ,B,1126,3,0.14533409785731677
MINIMUM_IMAGE_XYZ,B,1128,3,0.1455128860273206
MINIMUM_IMAGE_XYZ,B,1130,3,0.1455128860273206
MINIMUM_IMAGE_XYZ,B,1132,3,0.14533409785731677
MINIMUM_IMAGE_XYZ,B,1134,3,0.14506205568652353
MINIMUM_IMAGE_XYZ,B,1136,3,0.14574292435655337
MINIMUM_IMAGE_XYZ,B,1138,3,0.14527560015363924
MINIMUM_IMAGE_XYZ,B,1140,3,0.14533409785731677
MINIMUM_IMAGE_XYZ,B,1142,3,0.14603424255975045
MINIMUM_IMAGE_XYZ,B,1144,3,0.14551288602732082
MINIMUM_IMAGE_XYZ,B,1146,3,0.1453340978573166
MINIMUM_IMAGE_XYZ,B,1148,3,0.14511719401917866
MINIMUM_IMAGE_XYZ,B,1150,3,0.14578751661236306
MINIMUM_IMAGE_XYZ,B,1152,3,0.14514131045295164
MINIMUM_IMAGE_XYZ,B,1154,3,0.14511719401917905
MINIMUM_IMAGE_XYZ,B,1156,3,0.14556441872930362
MINIMUM_IMAGE_XYZ,B,1158,3,0.14550257729676147
MINIMUM_IMAGE_XYZ,B,1160,3,0.14556441872930362
MINIMUM_IMAGE_XYZ,B,1162,3,0.1453340978573166
MINIMUM_IMAGE_XYZ,B,1164,3,0.14514131045295164
MINIMUM_IMAGE_XYZ,B,1166,3,0.14578751661236306
MINIMUM_IMAGE_XYZ,B,1168,3,0.14514131045295164
MINIMUM_IMAGE_XYZ,B,1170,3,0.1453340978573166
MINIMUM_IMAGE_XYZ,B,1172,3,0.14551288602732082
MINIMUM_IMAGE_XYZ,B,1174,3,0.14489306401619115
MINIMUM_IMAGE_XYZ,B,1176,3,0.14603424255975045
MINIMUM_IMAGE_XYZ,B,1178,3,0.14506205568652353
MINIMUM_IMAGE_XYZ,B,1180,3,0.14527560015363924
MINIMUM_IMAGE_XYZ,B,1182,3,0.14574292435655337
MINIMUM_IMAGE_XYZ,B,1184,3,0.14506205568652353
MINIMUM_IMAGE_XYZ,B,1186,3,0.14533409785731677
MINIMUM_IMAGE_XYZ,B,1188,3,0.1455128860273206
MINIMUM_IMAGE_XYZ,B,1190,3,0.1455128860273206
MINIMUM_IMAGE_XYZ,B,1192,3,0.14533409785731677
MINIMUM_IMAGE_XYZ,B,1194,3,0.14527560015363924
MINIMUM_IMAGE_XYZ,B,1196,3,0.14574292435655337
MINIMUM_IMAGE_XYZ,B,1198,3,0.14527560015363924
MINIMUM_IMAGE_XYZ,B,1200,3,0.14603424255974998
MINIMUM_IMAGE_XYZ,B,1202,3,0.14500000000000046
MINIMUM_IMAGE_XYZ,B,1204,3,0.14551288602732038
MINIMUM_IMAGE_XYZ,B,1206,3,0.14533409785731613
MINIMUM_IMAGE_XYZ,B,1208,3,0.1451413104529512
MINIMUM_IMAGE_XYZ,B,1210,3,0.14578751661236258
MINIMUM_IMAGE_XYZ,B,1212,3,0.1451413104529512
MINIMUM_IMAGE_XYZ,B,1214,3,0.14533409785731613
MINIMUM_IMAGE_XYZ,B,1216,3,0.14556441872930317
MINIMUM_IMAGE_XYZ,B,1218,3,0.14550257729676103
MINIMUM_IMAGE_XYZ,B,1220,3,0.14556441872930317
MINIMUM_IMAGE_XYZ,B,1222,3,0.14511719401917858
MINIMUM_IMAGE_XYZ,B,1224,3,0.1451413104529512
MINIMUM_IMAGE_XYZ,B,1226,3,0.14578751661236258
MINIMUM_IMAGE_XYZ,B,1228,3,0.14511719401917822
MINIMUM_IMAGE_XYZ,B,1230,3,0.14533409785731613
MINIMUM_IMAGE_XYZ,B,1232,3,0.14551288602732038
MINIMUM_IMAGE_XYZ,B,1234,3,0.14603424255974998
MINIMUM_IMAGE_XYZ,B,1236,3,0.14533409785731632
MINIMUM_IMAGE_XYZ,B,1238,3,0.1452756001536388
MINIMUM_IMAGE_XYZ,B,1240,3,0.1457429243565529
MINIMUM_IMAGE_XYZ,B,1242,3,0.1452756001536388
MINIMUM_IMAGE_XYZ,B,1244,3,0.14533409785731632
MINIMUM_IMAGE_XYZ,B,1246,3,0.14551288602732013
MINIMUM_IMAGE_XYZ,B,1248,3,0.14551288602732013
MINIMUM_IMAGE_XYZ,B,1250,3,0.14533409785731632
MINIMUM_IMAGE_XYZ,B,1252,3,0.14506205568652306
MINIMUM_IMAGE_XYZ,B,1254,3,0.1457429243565529
MINIMUM_IMAGE_XYZ,B,1256,3,0.1452756001536388
MINIMUM_IMAGE_XYZ,B,1258,3,0.14506205568652306
MINIMUM_IMAGE_XYZ,B,1260,3,0.1459999999999999
MINIMUM_IMAGE_XYZ,B,1262,3,0.1459999999999999
MINIMUM_IMAGE_XYZ,B,1264,3,0.1459999999999999
MINIMUM_IMAGE_XYZ,B,1266,3,0.1459999999999999
MINIMUM_IMAGE_XYZ,B,1268,3,0.1459999999999999
MINIMUM_IMAGE_XYZ,B,1270,3,0.1459999999999999
MINIMUM_IMAGE_XYZ,B,1272,3,0.1459999999999999
MINIMUM_IMAGE_XYZ,B,1274,3,0.1459999999999999
MINIMUM_IMAGE_XYZ,B,1276,3,0.1459999999999999
MINIMUM_IMAGE_XYZ,B,1278,3,0.1459999999999999
MINIMUM_IMAGE_XYZ,B,1280,3,0.1459999999999999
MINIMUM_IMAGE_XYZ,B,1282,3,0.1459999999999999
MINIMUM_IMAGE_XYZ,B,1284,3,0.1459999999999999
MINIMUM_IMAGE_XYZ,B,1286,3,0.1459999999999999
MINIMUM_IMAGE_XYZ,B,1288,3,0.1459999999999999
MINIMUM_IMAGE_XYZ,B,1290,3,0.1459999999999999
MINIMUM_IMAGE_XYZ,B,1292,3,0.1459999999999999
MINIMUM_IMAGE_XYZ,B,1294,3,0.1459999999999999
MINIMUM_IMAGE_XYZ,B,1296,3,0.1459999999999999
MINIMUM_IMAGE_XYZ,B,1298,3,0.1459999999999999
MINIMUM_IMAGE_XYZ,B,1300,3,0.1459999999999999
MINIMUM_IMAGE_XYZ,B,1302,3,0.1459999999999999
MINIMUM_IMAGE_XYZ,B,1304,3,0.1459999999999999
MINIMUM_IMAGE_XYZ,B,1306,3,0.1459999999999999
MINIMUM_IMAGE_XYZ,B,1308,3,0.1459999999999999
MINIMUM_IMAGE_XYZ,B,1310,3,0.1459999999999999
MINIMUM_IMAGE_XYZ,B,1312,3,0.1459999999999999
MINIMUM_IMAGE_XYZ,B,1314,3,0.1459999999999999
MINIMUM_IMAGE_XYZ,B,1316,3,0.1459999999999999
MINIMUM_IMAGE_XYZ,B,1318,3,0.1459999999999999
MINIMUM_IMAGE_XYZ,B,1320,3,0.14499999999999957
MINIMUM_IMAGE_XYZ,B,1322,3,0.14501379244747725
MINIMUM_IMAGE_XYZ,B,1324,3,0.14499999999999957
MINIMUM_IMAGE_XYZ,B,1326,3,0.14499999999999957
MINIMUM_IMAGE_XYZ,B,1328,3,0.14528936643815327
MINIMUM_IMAGE_XYZ,B,1330,3,0.14499999999999957
MINIMUM_IMAGE_XYZ,B,1332,3,0.14499999999999957
MINIMUM_IMAGE_XYZ,B,1334,3,0.14506550244630867
MINIMUM_IMAGE_XYZ,B,1336,3,0.14500344823486094
MINIMUM_IMAGE_XYZ,B,1338,3,0.14506550244630867
MINIMUM_IMAGE_XYZ,B,1340,3,0.14499999999999957
MINIMUM_IMAGE_XYZ,B,1342,3,0.14499999999999957
MINIMUM_IMAGE_XYZ,B,1344,3,0.14528936643815327
MINIMUM_IMAGE_XYZ,B,1346,3,0.14499999999999957
MINIMUM_IMAGE_XYZ,B,1348,3,0.14499999999999957
MINIMUM_IMAGE_XYZ,B,1350,3,0.14501379244747725
MINIMUM_IMAGE_XYZ,B,1352,3,0.1455369368923229
MINIMUM_IMAGE_XYZ,B,1354,3,0.14499999999999957
MINIMUM_IMAGE_XYZ,B,1356,3,0.14499999999999957
MINIMUM_IMAGE_XYZ,B,1358,3,0.1452446212429224
MINIMUM_IMAGE_XYZ,B,1360,3,0.14499999999999957
MINIMUM_IMAGE_XYZ,B,1362,3,0.14499999999999957
MINIMUM_IMAGE_XYZ,B,1364,3,0.145013792447477
MINIMUM_IMAGE_XYZ,B,1366,3,0.145013792447477
MINIMUM_IMAGE_XYZ,B,1368,3,0.14499999999999957
MINIMUM_IMAGE_XYZ,B,1370,3,0.14499999999999957
MINIMUM_IMAGE_XYZ,B,1372,3,0.1452446212429224
MINIMUM_IMAGE_XYZ,B,1374,3,0.14499999999999957
MINIMUM_IMAGE_XYZ,B,1376,3,0.14499999999999957
MINIMUM_IMAGE_XYZ,B,1378,3,0.1455369368923229
MINIMUM_IMAGE_XYZ,B,1380,3,0.14501379244747725
MINIMUM_IMAGE_XYZ,B,1382,3,0.14500000000000046
MINIMUM_IMAGE_XYZ,B,1384,3,0.14500000000000046
MINIMUM_IMAGE_XYZ,B,1386,3,0.14528936643815327
MINIMUM_IMAGE_XYZ,B,1388,3,0.14500000000000046
MINIMUM_IMAGE_XYZ,B,1390,3,0.14500000000000046
MINIMUM_IMAGE_XYZ,B,1392,3,0.14506550244630867
MINIMUM_IMAGE_XYZ,B,1394,3,0.14500344823486094
MINIMUM_IMAGE_XYZ,B,1396,3,0.14506550244630867
MINIMUM_IMAGE_XYZ,B,1398,3,0.14500000000000046
MINIMUM_IMAGE_XYZ,B,1400,3,0.14500000000000046
MINIMUM_IMAGE_XYZ,B,1402,3,0.14528936643815327
MINIMUM_IMAGE_XYZ,B,1404,3,0.14500000000000046
MINIMUM_IMAGE_XYZ,B,1406,3,0.14500000000000046
MINIMUM_IMAGE_XYZ,B,1408,3,0.14501379244747725
MINIMUM_IMAGE_XYZ,B,1410,3,0.14500000000000046
MINIMUM_IMAGE_XYZ,B,1412,3,0.1455369368923229
MINIMUM_IMAGE_XYZ,B,1414,3,0.14500000000000046
MINIMUM_IMAGE_XYZ,B,1416,3,0.14500000000000046
MINIMUM_IMAGE_XYZ,B,1418,3,0.1452446212429224
MINIMUM_IMAGE_XYZ,B,1420,3,0.14500000000000046
MINIMUM_IMAGE_XYZ,B,1422,3,0.14500000000000046
MINIMUM_IMAGE_XYZ,B,1424,3,0.145013792447477
MINIMUM_IMAGE_XYZ,B,1426,3,0.145013792447477
MINIMUM_IMAGE_XYZ,B,1428,3,0.14500000000000046
MINIMUM_IMAGE_XYZ,B,1430,3,0.14500000000000046
MINIMUM_IMAGE_XYZ,B,1432,3,0.1452446212429224
MINIMUM_IMAGE_XYZ,B,1434,3,0.14500000000000046
MINIMUM_IMAGE_XYZ,B,1436,3,0.14500000000000046
MINIMUM_IMAGE_XYZ,B,1438,3,0.1455369368923229
MINIMUM_IMAGE_XYZ,B,1440,3,0.14551288602732038
MINIMUM_IMAGE_XYZ,B,1442,3,0.14533409785731613
MINIMUM_IMAGE_XYZ,B,1444,3,0.1451413104529512
MINIMUM_IMAGE_XYZ,B,1446,3,0.14578751661236258
MINIMUM_IMAGE_XYZ,B,1448,3,0.1451413104529512
MINIMUM_IMAGE_XYZ,B,1450,3,0.14533409785731613
MINIMUM_IMAGE_XYZ,B,1452,3,0.14556441872930317
MINIMUM_IMAGE_XYZ,B,1454,3,0.14550257729676103
MINIMUM_IMAGE_XYZ,B,1456,3,0.14556441872930317
MINIMUM_IMAGE_XYZ,B,1458,3,0.14511719401917858
MINIMUM_IMAGE_XYZ,B,1460,3,0.1451413104529512
MINIMUM_IMAGE_XYZ,B,1462,3,0.14578751661236258
MINIMUM_IMAGE_XYZ,B,1464,3,0.14511719401917822
MINIMUM_IMAGE_XYZ,B,1466,3,0.14533409785731613
MINIMUM_IMAGE_XYZ,B,1468,3,0.14551288602732038
MINIMUM_IMAGE_XYZ,B,1470,3,0.14603424255974998
MINIMUM_IMAGE_XYZ,B,1472,3,0.14533409785731632
MINIMUM_IMAGE_XYZ,B,1474,3,0.1452756001536388
MINIMUM_IMAGE_XYZ,B,1476,3,0.1457429243565529
MINIMUM_IMAGE_XYZ,B,1478,3,0.1452756001536388
MINIMUM_IMAGE_XYZ,B,1480,3,0.14533409785731632
MINIMUM_IMAGE_XYZ,B,1482,3,0.14551288602732013
MINIMUM_IMAGE_XYZ,B,1484,3,0.14551288602732013
MINIMUM_IMAGE_XYZ,B,1486,3,0.14533409785731632
MINIMUM_IMAGE_XYZ,B,1488,3,0.14506205568652306
MINIMUM_IMAGE_XYZ,B,1490,3,0.1457429243565529
MINIMUM_IMAGE_XYZ,B,1492,3,0.1452756001536388
MINIMUM_IMAGE_XYZ,B,1494,3,0.14506205568652306
MINIMUM_IMAGE_XYZ,B,1496,3,0.14603424255974998
MINIMUM_IMAGE_XYZ,B,1498,3,0.14500000000000046
MINIMUM_IMAGE_XYZ,B,1500,3,0.14533409785731613
MINIMUM_IMAGE_XYZ,B,1502,3,0.14511719401917822
MINIMUM_IMAGE_XYZ,B,1504,3,0.14578751661236258
MINIMUM_IMAGE_XYZ,B,1506,3,0.1451413104529512
MINIMUM_IMAGE_XYZ,B,1508,3,0.14511719401917858
MINIMUM_IMAGE_XYZ,B,1510,3,0.14556441872930317
MINIMUM_IMAGE_XYZ,B,1512,3,0.14550257729676103
MINIMUM_IMAGE_XYZ,B,1514,3,0.14556441872930317
MINIMUM_IMAGE_XYZ,B,1516,3,0.14533409785731613
MINIMUM_IMAGE_XYZ,B,1518,3,0.1451413104529512
MINIMUM_IMAGE_XYZ,B,1520,3,0.14578751661236258
MINIMUM_IMAGE_XYZ,B,1522,3,0.1451413104529512
MINIMUM_IMAGE_XYZ,B,1524,3,0.14533409785731613
MINIMUM_IMAGE_XYZ,B,1526,3,0.14551288602732038
MINIMUM_IMAGE_XYZ,B,1528,3,0.14500000000000046
MINIMUM_IMAGE_XYZ,B,1530,3,0.14603424255974998
MINIMUM_IMAGE_XYZ,B,1532,3,0.14506205568652306
MINIMUM_IMAGE_XYZ,B,1534,3,0.1452756001536388
MINIMUM_IMAGE_XYZ,B,1536,3,0.1457429243565529
MINIMUM_IMAGE_XYZ,B,1538,3,0.14506205568652306
MINIMUM_IMAGE_XYZ,B,1540,3,0.14533409785731632
MINIMUM_IMAGE_XYZ,B,1542,3,0.14551288602732013
MINIMUM_IMAGE_XYZ,B,1544,3,0.14551288602732013
MINIMUM_IMAGE_XYZ,B,1546,3,0.14533409785731632
MINIMUM_IMAGE_XYZ,B,1548,3,0.1452756001536388
MINIMUM_IMAGE_XYZ,B,1550,3,0.1457429243565529
MINIMUM_IMAGE_XYZ,B,1552,3,0.1452756001536388
MINIMUM_IMAGE_XYZ,B,1554,3,0.14533409785731632
MINIMUM_IMAGE_XYZ,B,1556,3,0.14603424255974998
MINIMUM_IMAGE_XYZ,B,1558,3,0.14551288602732038
MINIMUM_IMAGE_XYZ,B,1560,3,0.14499999999999957
MINIMUM_IMAGE_XYZ,B,1562,3,0.14499999999999957
MINIMUM_IMAGE_XYZ,B,1564,3,0.14528936643815327
MINIMUM_IMAGE_XYZ,B,1566,3,0.14499999999999957
MINIMUM_IMAGE_XYZ,B,1568,3,0.14499999999999957
MINIMUM_IMAGE_XYZ,B,1570,3,0.14506550244630867
MINIMUM_IMAGE_XYZ,B,1572,3,0.14500344823486094
MINIMUM_IMAGE_XYZ,B,1574,3,0.14506550244630867
MINIMUM_IMAGE_XYZ,B,1576,3,0.14499999999999957
MINIMUM_IMAGE_XYZ,B,1578,3,0.14499999999999957
MINIMUM_IMAGE_XYZ,B,1580,3,0.14528936643815327
MINIMUM_IMAGE_XYZ,B,1582,3,0.14499999999999957
MINIMUM_IMAGE_XYZ,B,1584,3,0.14499999999999957
MINIMUM_IMAGE_XYZ,B,1586,3,0.14501379244747725
MINIMUM_IMAGE_XYZ,B,1588,3,0.1455369368923229
MINIMUM_IMAGE_XYZ,B,1590,3,0.14499999999999957
MINIMUM_IMAGE_XYZ,B,1592,3,0.14499999999999957
MINIMUM_IMAGE_XYZ,B,1594,3,0.1452446212429224
MINIMUM_IMAGE_XYZ,B,1596,3,0.14499999999999957
MINIMUM_IMAGE_XYZ,B,1598,3,0.14499999999999957
MINIMUM_IMAGE_XYZ,B,1600,3,0.145013792447477
MINIMUM_IMAGE_XYZ,B,1602,3,0.145013792447477
MINIMUM_IMAGE_XYZ,B,1604,3,0.14499999999999957
MINIMUM_IMAGE_XYZ,B,1606,3,0.14499999999999957
MINIMUM_IMAGE_XYZ,B,1608,3,0.1452446212429224
MINIMUM_IMAGE_XYZ,B,1610,3,0.14499999999999957
MINIMUM_IMAGE_XYZ,B,1612,3,0.14499999999999957
MINIMUM_IMAGE_XYZ,B,1614,3,0.1455369368923229
MINIMUM_IMAGE_XYZ,B,1616,3,0.14499999999999957
MINIMUM_IMAGE_XYZ,B,1618,3,0.14501379244747725
MINIMUM_IMAGE_XYZ,B,1620,3,0.14511719401917866
MINIMUM_IMAGE_XYZ,B,1622,3,0.14578751661236306
MINIMUM_IMAGE_XYZ,B,1624,3,0.14514131045295164
MINIMUM_IMAGE_XYZ,B,1626,3,0.14511719401917905
MINIMUM_IMAGE_XYZ,B,1628,3,0.14556441872930362
MINIMUM_IMAGE_XYZ,B,1630,3,0.14550257729676147
MINIMUM_IMAGE_XYZ,B,1632,3,0.14556441872930362
MINIMUM_IMAGE_XYZ,B,1634,3,0.1453340978573166
MINIMUM_IMAGE_XYZ,B,1636,3,0.14514131045295164
MINIMUM_IMAGE_XYZ,B,1638,3,0.14578751661236306
MINIMUM_IMAGE_XYZ,B,1640,3,0.14514131045295164
MINIMUM_IMAGE_XYZ,B,1642,3,0.1453340978573166
MINIMUM_IMAGE_XYZ,B,1644,3,0.14551288602732082
MINIMUM_IMAGE_XYZ,B,1646,3,0.14500000000000046
MINIMUM_IMAGE_XYZ,B,1648,3,0.14603424255975045
MINIMUM_IMAGE_XYZ,B,1650,3,0.14506205568652353
MINIMUM_IMAGE_XYZ,B,1652,3,0.14527560015363924
MINIMUM_IMAGE_XYZ,B,1654,3,0.14574292435655337
MINIMUM_IMAGE_XYZ,B,1656,3,0.14506205568652353
MINIMUM_IMAGE_XYZ,B,1658,3,0.14533409785731677
MINIMUM_IMAGE_XYZ,B,1660,3,0.1455128860273206
MINIMUM_IMAGE_XYZ,B,1662,3,0.1455128860273206
MINIMUM_IMAGE_XYZ,B,1664,3,0.14533409785731677
MINIMUM_IMAGE_XYZ,B,1666,3,0.14527560015363924
MINIMUM_IMAGE_XYZ,B,1668,3,0.14574292435655337
MINIMUM_IMAGE_XYZ,B,1670,3,0.14527560015363924
MINIMUM_IMAGE_XYZ,B,1672,3,0.14533409785731677
MINIMUM_IMAGE_XYZ,B,1674,3,0.14603424255975045
MINIMUM_IMAGE_XYZ,B,1676,3,0.14551288602732082
MINIMUM_IMAGE_XYZ,B,1678,3,0.1453340978573166
MINIMUM_IMAGE_XYZ,B,0,4,0.38302088715891214
MINIMUM_IMAGE_XYZ,B,2,4,0.3830261087706685
MINIMUM_IMAGE_XYZ,B,4,4,0.38309006773864557
MINIMUM_IMAGE_XYZ,B,6,4,0.38318402889473374
MINIMUM_IMAGE_XYZ,B,8,4,0.38279498429315933
MINIMUM_IMAGE_XYZ,B,10,4,0.38318402889473374
MINIMUM_IMAGE_XYZ,B,12,4,0.3830261087706685
MINIMUM_IMAGE_XYZ,B,14,4,0.3831709801120122
MINIMUM_IMAGE_XYZ,B,16,4,0.38302088715891214
MINIMUM_IMAGE_XYZ,B,18,4,0.38302610877066867
MINIMUM_IMAGE_XYZ,B,20,4,0.38319316277825227
MINIMUM_IMAGE_XYZ,B,22,4,0.3830065273595217
MINIMUM_IMAGE_XYZ,B,24,4,0.3830052218965169
MINIMUM_IMAGE_XYZ,B,26,4,0.38309006773864557
MINIMUM_IMAGE_XYZ,B,28,4,0.3831109499870761
MINIMUM_IMAGE_XYZ,B,30,4,0.3830378571368633
MINIMUM_IMAGE_XYZ,B,32,4,0.3831109499870763
MINIMUM_IMAGE_XYZ,B,34,4,0.38309006773864557
MINIMUM_IMAGE_XYZ,B,36,4,0.3830065273595218
MINIMUM_IMAGE_XYZ,B,38,4,0.3830065273595218
MINIMUM_IMAGE_XYZ,B,40,4,0.3831931627782522
MINIMUM_IMAGE_XYZ,B,42,4,0.38309006773864557
MINIMUM_IMAGE_XYZ,B,44,4,0.3830378571368633
MINIMUM_IMAGE_XYZ,B,46,4,0.3831200856128534
MINIMUM_IMAGE_XYZ,B,48,4,0.38309006773864557
MINIMUM_IMAGE_XYZ,B,50,4,0.3830052218965169
MINIMUM_IMAGE_XYZ,B,52,4,0.38302610877066867
MINIMUM_IMAGE_XYZ,B,54,4,0.3830065273595217
MINIMUM_IMAGE_XYZ,B,56,4,0.38309006773864557
MINIMUM_IMAGE_XYZ,B,58,4,0.38302610877066867
MINIMUM_IMAGE_XYZ,B,60,4,0.2894028334346431
MINIMUM_IMAGE_XYZ,B,62,4,0.2894028334346431
MINIMUM_IMAGE_XYZ,B,64,4,0.2896031767781564
MINIMUM_IMAGE_XYZ,B,66,4,0.2889809682314735
MINIMUM_IMAGE_XYZ,B,68,4,0.2889809682314735
MINIMUM_IMAGE_XYZ,B,70,4,0.289133187303014
MINIMUM_IMAGE_XYZ,B,72,4,0.289133187303014
MINIMUM_IMAGE_XYZ,B,74,4,0.2893129793147899
MINIMUM_IMAGE_XYZ,B,76,4,0.28913318730301435
MINIMUM_IMAGE_XYZ,B,78,4,0.28913318730301435
MINIMUM_IMAGE_XYZ,B,80,4,0.2889809682314735
MINIMUM_IMAGE_XYZ,B,82,4,0.2889809682314735
MINIMUM_IMAGE_XYZ,B,84,4,0.2895565575151083
MINIMUM_IMAGE_XYZ,B,86,4,0.28940283343464324
MINIMUM_IMAGE_XYZ,B,88,4,0.28940283343464324
MINIMUM_IMAGE_XYZ,B,90,4,0.28940283343464357
MINIMUM_IMAGE_XYZ,B,92,4,0.28940283343464357
MINIMUM_IMAGE_XYZ,B,94,4,0.28955655751510795
MINIMUM_IMAGE_XYZ,B,96,4,0.28955655751510795
MINIMUM_IMAGE_XYZ,B,98,4,0.28956001105125
MINIMUM_IMAGE_XYZ,B,100,4,0.2894011057338931
MINIMUM_IMAGE_XYZ,B,102,4,0.2893129793147899
MINIMUM_IMAGE_XYZ,B,104,4,0.2893129793147899
MINIMUM_IMAGE_XYZ,B,106,4,0.2894011057338927
MINIMUM_IMAGE_XYZ,B,108,4,0.28937691684030403
MINIMUM_IMAGE_XYZ,B,110,4,0.28937691684030403
MINIMUM_IMAGE_XYZ,B,112,4,0.28956001105125
MINIMUM_IMAGE_XYZ,B,114,4,0.2896031767781564
MINIMUM_IMAGE_XYZ,B,116,4,0.2894028334346435
MINIMUM_IMAGE_XYZ,B,118,4,0.2894028334346435
MINIMUM_IMAGE_XYZ,B,120,4,0.289133187303014
MINIMUM_IMAGE_XYZ,B,122,4,0.289133187303014
MINIMUM_IMAGE_XYZ,B,124,4,0.2889809682314735
MINIMUM_IMAGE_XYZ,B,126,4,0.2889809682314735
MINIMUM_IMAGE_XYZ,B,128,4,0.2896031767781564
MINIMUM_IMAGE_XYZ,B,130,4,0.2894028334346431
MINIMUM_IMAGE_XYZ,B,132,4,0.2894028334346431
MINIMUM_IMAGE_XYZ,B,134,4,0.2894028334346435
MINIMUM_IMAGE_XYZ,B,136,4,0.2894028334346435
MINIMUM_IMAGE_XYZ,B,138,4,0.2896031767781564
MINIMUM_IMAGE_XYZ,B,140,4,0.28956001105125
MINIMUM_IMAGE_XYZ,B,142,4,0.28937691684030403
MINIMUM_IMAGE_XYZ,B,144,4,0.28937691684030403
MINIMUM_IMAGE_XYZ,B,146,4,0.2894011057338927
MINIMUM_IMAGE_XYZ,B,148,4,0.2893129793147899
MINIMUM_IMAGE_XYZ,B,150,4,0.2893129793147899
MINIMUM_IMAGE_XYZ,B,152,4,0.2894011057338931
MINIMUM_IMAGE_XYZ,B,154,4,0.28956001105125
MINIMUM_IMAGE_XYZ,B,156,4,0.28955655751510795
MINIMUM_IMAGE_XYZ,B,158,4,0.28955655751510795
MINIMUM_IMAGE_XYZ,B,160,4,0.28940283343464357
MINIMUM_IMAGE_XYZ,B,162,4,0.28940283343464357
MINIMUM_IMAGE_XYZ,B,164,4,0.28940283343464324
MINIMUM_IMAGE_XYZ,B,166,4,0.28940283343464324
MINIMUM_IMAGE_XYZ,B,168,4,0.2895565575151083
MINIMUM_IMAGE_XYZ,B,170,4,0.2889809682314735
MINIMUM_IMAGE_XYZ,B,172,4,0.2889809682314735
MINIMUM_IMAGE_XYZ,B,174,4,0.28913318730301435
MINIMUM_IMAGE_XYZ,B,176,4,0.28913318730301435
MINIMUM_IMAGE_XYZ,B,178,4,0.2893129793147899
MINIMUM_IMAGE_XYZ,B,180,4,0.2894028334346431
MINIMUM_IMAGE_XYZ,B,182,4,0.2896031767781564
MINIMUM_IMAGE_XYZ,B,184,4,0.2889809682314735
MINIMUM_IMAGE_XYZ,B,186,4,0.2889809682314735
MINIMUM_IMAGE_XYZ,B,188,4,0.289133187303014
MINIMUM_IMAGE_XYZ,B,190,4,0.289133187303014
MINIMUM_IMAGE_XYZ,B,192,4,0.2893129793147899
MINIMUM_IMAGE_XYZ,B,194,4,0.28913318730301435
MINIMUM_IMAGE_XYZ,B,196,4,0.28913318730301435
MINIMUM_IMAGE_XYZ,B,198,4,0.2889809682314735
MINIMUM_IMAGE_XYZ,B,200,4,0.2889809682314735
MINIMUM_IMAGE_XYZ,B,202,4,0.2895565575151083
MINIMUM_IMAGE_XYZ,B,204,4,0.28940283343464324
MINIMUM_IMAGE_XYZ,B,206,4,0.28940283343464324
MINIMUM_IMAGE_XYZ,B,208,4,0.28940283343464357
MINIMUM_IMAGE_XYZ,B,210,4,0.28940283343464357
MINIMUM_IMAGE_XYZ,B,212,4,0.28955655751510795
MINIMUM_IMAGE_XYZ,B,214,4,0.28955655751510795
MINIMUM_IMAGE_XYZ,B,216,4,0.28956001105125
MINIMUM_IMAGE_XYZ,B,218,4,0.2894011057338931
MINIMUM_IMAGE_XYZ,B,220,4,0.2893129793147899
MINIMUM_IMAGE_XYZ,B,222,4,0.2893129793147899
MINIMUM_IMAGE_XYZ,B,224,4,0.2894011057338927
MINIMUM_IMAGE_XYZ,B,226,4,0.28937691684030403
MINIMUM_IMAGE_XYZ,B,228,4,0.28937691684030403
MINIMUM_IMAGE_XYZ,B,230,4,0.28956001105125
MINIMUM_IMAGE_XYZ,B,232,4,0.2896031767781564
MINIMUM_IMAGE_XYZ,B,234,4,0.2894028334346435
MINIMUM_IMAGE_XYZ,B,236,4,0.2894028334346435
MINIMUM_IMAGE_XYZ,B,238,4,0.2894028334346431
MINIMUM_IMAGE_XYZ,B,240,4,0.289133187303014
MINIMUM_IMAGE_XYZ,B,242,4,0.2889809682314735
MINIMUM_IMAGE_XYZ,B,244,4,0.2889809682314735
MINIMUM_IMAGE_XYZ,B,246,4,0.2896031767781564
MINIMUM_IMAGE_XYZ,B,248,4,0.2894028334346431
MINIMUM_IMAGE_XYZ,B,250,4,0.2894028334346431
MINIMUM_IMAGE_XYZ,B,252,4,0.2894028334346435
MINIMUM_IMAGE_XYZ,B,254,4,0.2894028334346435
MINIMUM_IMAGE_XYZ,B,256,4,0.2896031767781564
MINIMUM_IMAGE_XYZ,B,258,4,0.28956001105125
MINIMUM_IMAGE_XYZ,B,260,4,0.28937691684030403
MINIMUM_IMAGE_XYZ,B,262,4,0.28937691684030403
MINIMUM_IMAGE_XYZ,B,264,4,0.2894011057338927
MINIMUM_IMAGE_XYZ,B,266,4,0.2893129793147899
MINIMUM_IMAGE_XYZ,B,268,4,0.2893129793147899
MINIMUM_IMAGE_XYZ,B,270,4,0.2894011057338931
MINIMUM_IMAGE_XYZ,B,272,4,0.28956001105125
MINIMUM_IMAGE_XYZ,B,274,4,0.28955655751510795
MINIMUM_IMAGE_XYZ,B,276,4,0.28955655751510795
MINIMUM_IMAGE_XYZ,B,278,4,0.28940283343464357
MINIMUM_IMAGE_XYZ,B,280,4,0.28940283343464357
MINIMUM_IMAGE_XYZ,B,282,4,0.28940283343464324
MINIMUM_IMAGE_XYZ,B,284,4,0.28940283343464324
MINIMUM_IMAGE_XYZ,B,286,4,0.2895565575151083
MINIMUM_IMAGE_XYZ,B,288,4,0.2889809682314735
MINIMUM_IMAGE_XYZ,B,290,4,0.2889809682314735
MINIMUM_IMAGE_XYZ,B,292,4,0.28913318730301435
MINIMUM_IMAGE_XYZ,B,294,4,0.28913318730301435
MINIMUM_IMAGE_XYZ,B,296,4,0.2893129793147899
MINIMUM_IMAGE_XYZ,B,298,4,0.289133187303014
MINIMUM_IMAGE_XYZ,B,300,4,0.2896031767781564
MINIMUM_IMAGE_XYZ,B,302,4,0.2889809682314735
MINIMUM_IMAGE_XYZ,B,304,4,0.2889809682314735
MINIMUM_IMAGE_XYZ,B,306,4,0.289133187303014
MINIMUM_IMAGE_XYZ,B,308,4,0.289133187303014
MINIMUM_IMAGE_XYZ,B,310,4,0.2893129793147899
MINIMUM_IMAGE_XYZ,B,312,4,0.28913318730301435
MINIMUM_IMAGE_XYZ,B,314,4,0.28913318730301435
MINIMUM_IMAGE_XYZ,B,316,4,0.2889809682314735
MINIMUM_IMAGE_XYZ,B,318,4,0.2889809682314735
MINIMUM_IMAGE_XYZ,B,320,4,0.2895565575151083
MINIMUM_IMAGE_XYZ,B,322,4,0.28940283343464324
MINIMUM_IMAGE_XYZ,B,324,4,0.28940283343464324
MINIMUM_IMAGE_XYZ,B,326,4,0.28940283343464357
MINIMUM_IMAGE_XYZ,B,328,4,0.28940283343464357
MINIMUM_IMAGE_XYZ,B,330,4,0.28955655751510795
MINIMUM_IMAGE_XYZ,B,332,4,0.28955655751510795
MINIMUM_IMAGE_XYZ,B,334,4,0.28956001105125
MINIMUM_IMAGE_XYZ,B,336,4,0.2894011057338931
MINIMUM_IMAGE_XYZ,B,338,4,0.2893129793147899
MINIMUM_IMAGE_XYZ,B,340,4,0.2893129793147899
MINIMUM_IMAGE_XYZ,B,342,4,0.2894011057338927
MINIMUM_IMAGE_XYZ,B,344,4,0.28937691684030403
MINIMUM_IMAGE_XYZ,B,346,4,0.28937691684030403
MINIMUM_IMAGE_XYZ,B,348,4,0.28956001105125
MINIMUM_IMAGE_XYZ,B,350,4,0.2896031767781564
MINIMUM_IMAGE_XYZ,B,352,4,0.2894028334346435
MINIMUM_IMAGE_XYZ,B,354,4,0.2894028334346435
MINIMUM_IMAGE_XYZ,B,356,4,0.2894028334346431
MINIMUM_IMAGE_XYZ,B,358,4,0.2894028334346431
MINIMUM_IMAGE_XYZ,B,360,4,0.2889809682314735
MINIMUM_IMAGE_XYZ,B,362,4,0.2889809682314735
MINIMUM_IMAGE_XYZ,B,364,4,0.2896031767781564
MINIMUM_IMAGE_XYZ,B,366,4,0.2894028334346431
MINIMUM_IMAGE_XYZ,B,368,4,0.2894028334346431
MINIMUM_IMAGE_XYZ,B,370,4,0.2894028334346435
MINIMUM_IMAGE_XYZ,B,372,4,0.2894028334346435
MINIMUM_IMAGE_XYZ,B,374,4,0.2896031767781564
MINIMUM_IMAGE_XYZ,B,376,4,0.28956001105125
MINIMUM_IMAGE_XYZ,B,378,4,0.28937691684030403
MINIMUM_IMAGE_XYZ,B,380,4,0.28937691684030403
MINIMUM_IMAGE_XYZ,B,382,4,0.2894011057338927
MINIMUM_IMAGE_XYZ,B,384,4,0.2893129793147899
MINIMUM_IMAGE_XYZ,B,386,4,0.2893129793147899
MINIMUM_IMAGE_XYZ,B,388,4,0.2894011057338931
MINIMUM_IMAGE_XYZ,B,390,4,0.28956001105125
MINIMUM_IMAGE_XYZ,B,392,4,0.28955655751510795
MINIMUM_IMAGE_XYZ,B,394,4,0.28955655751510795
MINIMUM_IMAGE_XYZ,B,396,4,0.28940283343464357
MINIMUM_IMAGE_XYZ,B,398,4,0.28940283343464357
MINIMUM_IMAGE_XYZ,B,400,4,0.28940283343464324
MINIMUM_IMAGE_XYZ,B,402,4,0.28940283343464324
MINIMUM_IMAGE_XYZ,B,404,4,0.2895565575151083
MINIMUM_IMAGE_XYZ,B,406,4,0.2889809682314735
MINIMUM_IMAGE_XYZ,B,408,4,0.2889809682314735
MINIMUM_IMAGE_XYZ,B,410,4,0.28913318730301435
MINIMUM_IMAGE_XYZ,B,412,4,0.28913318730301435
MINIMUM_IMAGE_XYZ,B,414,4,0.2893129793147899
MINIMUM_IMAGE_XYZ,B,416,4,0.289133187303014
MINIMUM_IMAGE_XYZ,B,418,4,0.289133187303014
MINIMUM_IMAGE_XYZ,B,420,4,0.2889809682314735
MINIMUM_IMAGE_XYZ,B,422,4,0.2889809682314735
MINIMUM_IMAGE_XYZ,B,424,4,0.289133187303014
MINIMUM_IMAGE_XYZ,B,426,4,0.289133187303014
MINIMUM_IMAGE_XYZ,B,428,4,0.2893129793147899
MINIMUM_IMAGE_XYZ,B,430,4,0.28913318730301435
MINIMUM_IMAGE_XYZ,B,432,4,0.28913318730301435
MINIMUM_IMAGE_XYZ,B,434,4,0.2889809682314735
MINIMUM_IMAGE_XYZ,B,436,4,0.2889809682314735
MINIMUM_IMAGE_XYZ,B,438,4,0.2895565575151083
MINIMUM_IMAGE_XYZ,B,440,4,0.28940283343464324
MINIMUM_IMAGE_XYZ,B,442,4,0.28940283343464324
MINIMUM_IMAGE_XYZ,B,444,4,0.28940283343464357
MINIMUM_IMAGE_XYZ,B,446,4,0.28940283343464357
MINIMUM_IMAGE_XYZ,B,448,4,0.28955655751510795
MINIMUM_IMAGE_XYZ,B,450,4,0.28955655751510795
MINIMUM_IMAGE_XYZ,B,452,4,0.28956001105125
MINIMUM_IMAGE_XYZ,B,454,4,0.2894011057338931
MINIMUM_IMAGE_XYZ,B,456,4,0.2893129793147899
MINIMUM_IMAGE_XYZ,B,458,4,0.2893129793147899
MINIMUM_IMAGE_XYZ,B,460,4,0.2894011057338927
MINIMUM_IMAGE_XYZ,B,462,4,0.28937691684030403
MINIMUM_IMAGE_XYZ,B,464,4,0.28937691684030403
MINIMUM_IMAGE_XYZ,B,466,4,0.28956001105125
MINIMUM_IMAGE_XYZ,B,468,4,0.2896031767781564
MINIMUM_IMAGE_XYZ,B,470,4,0.2894028334346435
MINIMUM_IMAGE_XYZ,B,472,4,0.2894028334346435
MINIMUM_IMAGE_XYZ,B,474,4,0.2894028334346431
MINIMUM_IMAGE_XYZ,B,476,4,0.2894028334346431
MINIMUM_IMAGE_XYZ,B,478,4,0.2896031767781564
MINIMUM_IMAGE_XYZ,B,480,4,0.28898096823147335
MINIMUM_IMAGE_XYZ,B,482,4,0.28960317677815617
MINIMUM_IMAGE_XYZ,B,484,4,0.2894028334346429
MINIMUM_IMAGE_XYZ,B,486,4,0.2894028334346429
MINIMUM_IMAGE_XYZ,B,488,4,0.2894028334346433
MINIMUM_IMAGE_XYZ,B,490,4,0.2894028334346433
MINIMUM_IMAGE_XYZ,B,492,4,0.28960317677815617
MINIMUM_IMAGE_XYZ,B,494,4,0.2895600110512498
MINIMUM_IMAGE_XYZ,B,496,4,0.2893769168403038
MINIMUM_IMAGE_XYZ,B,498,4,0.2893769168403038
MINIMUM_IMAGE_XYZ,B,500,4,0.2894011057338925
MINIMUM_IMAGE_XYZ,B,502,4,0.2893129793147897
MINIMUM_IMAGE_XYZ,B,504,4,0.2893129793147897
MINIMUM_IMAGE_XYZ,B,506,4,0.2894011057338929
MINIMUM_IMAGE_XYZ,B,508,4,0.2895600110512498
MINIMUM_IMAGE_XYZ,B,510,4,0.2895565575151077
MINIMUM_IMAGE_XYZ,B,512,4,0.2895565575151077
MINIMUM_IMAGE_XYZ,B,514,4,0.2894028334346434
MINIMUM_IMAGE_XYZ,B,516,4,0.2894028334346434
MINIMUM_IMAGE_XYZ,B,518,4,0.289402833434643
MINIMUM_IMAGE_XYZ,B,520,4,0.289402833434643
MINIMUM_IMAGE_XYZ,B,522,4,0.28955655751510806
MINIMUM_IMAGE_XYZ,B,524,4,0.28898096823147335
MINIMUM_IMAGE_XYZ,B,526,4,0.28898096823147335
MINIMUM_IMAGE_XYZ,B,528,4,0.2891331873030142
MINIMUM_IMAGE_XYZ,B,530,4,0.2891331873030142
MINIMUM_IMAGE_XYZ,B,532,4,0.2893129793147897
MINIMUM_IMAGE_XYZ,B,534,4,0.2891331873030138
MINIMUM_IMAGE_XYZ,B,536,4,0.2891331873030138
MINIMUM_IMAGE_XYZ,B,538,4,0.28898096823147335
MINIMUM_IMAGE_XYZ,B,540,4,0.28898096823147335
MINIMUM_IMAGE_XYZ,B,542,4,0.2891331873030138
MINIMUM_IMAGE_XYZ,B,544,4,0.2891331873030138
MINIMUM_IMAGE_XYZ,B,546,4,0.2893129793147897
MINIMUM_IMAGE_XYZ,B,548,4,0.2891331873030142
MINIMUM_IMAGE_XYZ,B,550,4,0.2891331873030142
MINIMUM_IMAGE_XYZ,B,552,4,0.28898096823147335
MINIMUM_IMAGE_XYZ,B,554,4,0.28898096823147335
MINIMUM_IMAGE_XYZ,B,556,4,0.28955655751510806
MINIMUM_IMAGE_XYZ,B,558,4,0.289402833434643
MINIMUM_IMAGE_XYZ,B,560,4,0.289402833434643
MINIMUM_IMAGE_XYZ,B,562,4,0.2894028334346434
MINIMUM_IMAGE_XYZ,B,564,4,0.2894028334346434
MINIMUM_IMAGE_XYZ,B,566,4,0.2895565575151077
MINIMUM_IMAGE_XYZ,B,568,4,0.2895565575151077
MINIMUM_IMAGE_XYZ,B,570,4,0.2895600110512498
MINIMUM_IMAGE_XYZ,B,572,4,0.2894011057338929
MINIMUM_IMAGE_XYZ,B,574,4,0.2893129793147897
MINIMUM_IMAGE_XYZ,B,576,4,0.2893129793147897
MINIMUM_IMAGE_XYZ,B,578,4,0.2894011057338925
MINIMUM_IMAGE_XYZ,B,580,4,0.2893769168403038
MINIMUM_IMAGE_XYZ,B,582,4,0.2893769168403038
MINIMUM_IMAGE_XYZ,B,584,4,0.2895600110512498
MINIMUM_IMAGE_XYZ,B,586,4,0.28960317677815617
MINIMUM_IMAGE_XYZ,B,588,4,0.2894028334346433
MINIMUM_IMAGE_XYZ,B,590,4,0.2894028334346433
MINIMUM_IMAGE_XYZ,B,592,4,0.2894028334346429
MINIMUM_IMAGE_XYZ,B,594,4,0.2894028334346429
MINIMUM_IMAGE_XYZ,B,596,4,0.28960317677815617
MINIMUM_IMAGE_XYZ,B,598,4,0.28898096823147335
MINIMUM_IMAGE_XYZ,B,600,4,0.28960317677815667
MINIMUM_IMAGE_XYZ,B,602,4,0.2894028334346434
MINIMUM_IMAGE_XYZ,B,604,4,0.2894028334346434
MINIMUM_IMAGE_XYZ,B,606,4,0.28940283343464374
MINIMUM_IMAGE_XYZ,B,608,4,0.28940283343464374
MINIMUM_IMAGE_XYZ,B,610,4,0.28960317677815667
MINIMUM_IMAGE_XYZ,B,612,4,0.28956001105125023
MINIMUM_IMAGE_XYZ,B,614,4,0.28937691684030425
MINIMUM_IMAGE_XYZ,B,616,4,0.28937691684030425
MINIMUM_IMAGE_XYZ,B,618,4,0.28940110573389294
MINIMUM_IMAGE_XYZ,B,620,4,0.28931297931479016
MINIMUM_IMAGE_XYZ,B,622,4,0.28931297931479016
MINIMUM_IMAGE_XYZ,B,624,4,0.2894011057338933
MINIMUM_IMAGE_XYZ,B,626,4,0.28956001105125023
MINIMUM_IMAGE_XYZ,B,628,4,0.28955655751510817
MINIMUM_IMAGE_XYZ,B,630,4,0.28955655751510817
MINIMUM_IMAGE_XYZ,B,632,4,0.2894028334346438
MINIMUM_IMAGE_XYZ,B,634,4,0.2894028334346438
MINIMUM_IMAGE_XYZ,B,636,4,0.2894028334346434
MINIMUM_IMAGE_XYZ,B,638,4,0.2894028334346434
MINIMUM_IMAGE_XYZ,B,640,4,0.2895565575151085
MINIMUM_IMAGE_XYZ,B,642,4,0.2889809682314738
MINIMUM_IMAGE_XYZ,B,644,4,0.2889809682314738
MINIMUM_IMAGE_XYZ,B,646,4,0.28913318730301457
MINIMUM_IMAGE_XYZ,B,648,4,0.28913318730301457
MINIMUM_IMAGE_XYZ,B,650,4,0.28931297931479016
MINIMUM_IMAGE_XYZ,B,652,4,0.28913318730301424
MINIMUM_IMAGE_XYZ,B,654,4,0.28913318730301424
MINIMUM_IMAGE_XYZ,B,656,4,0.2889809682314738
MINIMUM_IMAGE_XYZ,B,658,4,0.2889809682314738
MINIMUM_IMAGE_XYZ,B,660,4,0.28863298494801287
MINIMUM_IMAGE_XYZ,B,662,4,0.28863298494801287
MINIMUM_IMAGE_XYZ,B,664,4,0.2888130883460791
MINIMUM_IMAGE_XYZ,B,666,4,0.2886329849480132
MINIMUM_IMAGE_XYZ,B,668,4,0.2886329849480132
MINIMUM_IMAGE_XYZ,B,670,4,0.28848050194077235
MINIMUM_IMAGE_XYZ,B,672,4,0.28848050194077235
MINIMUM_IMAGE_XYZ,B,674,4,0.2890570877871709
MINIMUM_IMAGE_XYZ,B,676,4,0.28890309794116065
MINIMUM_IMAGE_XYZ,B,678,4,0.28890309794116065
MINIMUM_IMAGE_XYZ,B,680,4,0.28890309794116104
MINIMUM_IMAGE_XYZ,B,682,4,0.28890309794116104
MINIMUM_IMAGE_XYZ,B,684,4,0.2890570877871706
MINIMUM_IMAGE_XYZ,B,686,4,0.2890570877871706
MINIMUM_IMAGE_XYZ,B,688,4,0.2890605472907018
MINIMUM_IMAGE_XYZ,B,690,4,0.2889013672518702
MINIMUM_IMAGE_XYZ,B,692,4,0.2888130883460791
MINIMUM_IMAGE_XYZ,B,694,4,0.2888130883460791
MINIMUM_IMAGE_XYZ,B,696,4,0.2889013672518699
MINIMUM_IMAGE_XYZ,B,698,4,0.2888771365130862
MINIMUM_IMAGE_XYZ,B,700,4,0.2888771365130862
MINIMUM_IMAGE_XYZ,B,702,4,0.2890605472907018
MINIMUM_IMAGE_XYZ,B,704,4,0.2891037875919306
MINIMUM_IMAGE_XYZ,B,706,4,0.288903097941161
MINIMUM_IMAGE_XYZ,B,708,4,0.288903097941161
MINIMUM_IMAGE_XYZ,B,710,4,0.2889030979411606
MINIMUM_IMAGE_XYZ,B,712,4,0.2889030979411606
MINIMUM_IMAGE_XYZ,B,714,4,0.2891037875919306
MINIMUM_IMAGE_XYZ,B,716,4,0.28848050194077235
MINIMUM_IMAGE_XYZ,B,718,4,0.28848050194077235
MINIMUM_IMAGE_XYZ,B,720,4,0.2894028334346429
MINIMUM_IMAGE_XYZ,B,722,4,0.2894028334346429
MINIMUM_IMAGE_XYZ,B,724,4,0.2894028334346433
MINIMUM_IMAGE_XYZ,B,726,4,0.2894028334346433
MINIMUM_IMAGE_XYZ,B,728,4,0.28960317677815617
MINIMUM_IMAGE_XYZ,B,730,4,0.2895600110512498
MINIMUM_IMAGE_XYZ,B,732,4,0.2893769168403038
MINIMUM_IMAGE_XYZ,B,734,4,0.2893769168403038
MINIMUM_IMAGE_XYZ,B,736,4,0.2894011057338925
MINIMUM_IMAGE_XYZ,B,738,4,0.2893129793147897
MINIMUM_IMAGE_XYZ,B,740,4,0.2893129793147897
MINIMUM_IMAGE_XYZ,B,742,4,0.2894011057338929
MINIMUM_IMAGE_XYZ,B,744,4,0.2895600110512498
MINIMUM_IMAGE_XYZ,B,746,4,0.2895565575151077
MINIMUM_IMAGE_XYZ,B,748,4,0.2895565575151077
MINIMUM_IMAGE_XYZ,B,750,4,0.2894028334346434
MINIMUM_IMAGE_XYZ,B,752,4,0.2894028334346434
MINIMUM_IMAGE_XYZ,B,754,4,0.289402833434643
MINIMUM_IMAGE_XYZ,B,756,4,0.289402833434643
MINIMUM_IMAGE_XYZ,B,758,4,0.28955655751510806
MINIMUM_IMAGE_XYZ,B,760,4,0.28898096823147335
MINIMUM_IMAGE_XYZ,B,762,4,0.28898096823147335
MINIMUM_IMAGE_XYZ,B,764,4,0.2891331873030142
MINIMUM_IMAGE_XYZ,B,766,4,0.2891331873030142
MINIMUM_IMAGE_XYZ,B,768,4,0.2893129793147897
MINIMUM_IMAGE_XYZ,B,770,4,0.2891331873030138
MINIMUM_IMAGE_XYZ,B,772,4,0.2891331873030138
MINIMUM_IMAGE_XYZ,B,774,4,0.28898096823147335
MINIMUM_IMAGE_XYZ,B,776,4,0.28898096823147335
MINIMUM_IMAGE_XYZ,B,778,4,0.28960317677815617
MINIMUM_IMAGE_XYZ,B,780,4,0.28963597842809474
MINIMUM_IMAGE_XYZ,B,782,4,0.2898154585249034
MINIMUM_IMAGE_XYZ,B,784,4,0.2896359784280951
MINIMUM_IMAGE_XYZ,B,786,4,0.2896359784280951
MINIMUM_IMAGE_XYZ,B,788,4,0.28948402373878923
MINIMUM_IMAGE_XYZ,B,790,4,0.28948402373878923
MINIMUM_IMAGE_XYZ,B,792,4,0.29000000000000004
MINIMUM_IMAGE_XYZ,B,794,4,0.28990515690480534
MINIMUM_IMAGE_XYZ,B,796,4,0.28990515690480534
MINIMUM_IMAGE_XYZ,B,798,4,0.2899051569048057
MINIMUM_IMAGE_XYZ,B,800,4,0.2899051569048057
MINIMUM_IMAGE_XYZ,B,802,4,0.29000000000000004
MINIMUM_IMAGE_XYZ,B,804,4,0.29000000000000004
MINIMUM_IMAGE_XYZ,B,806,4,0.29000000000000004
MINIMUM_IMAGE_XYZ,B,808,4,0.28990343219768877
MINIMUM_IMAGE_XYZ,B,810,4,0.2898154585249034
MINIMUM_IMAGE_XYZ,B,812,4,0.2898154585249034
MINIMUM_IMAGE_XYZ,B,814,4,0.28990343219768844
MINIMUM_IMAGE_XYZ,B,816,4,0.28987928522059003
MINIMUM_IMAGE_XYZ,B,818,4,0.28987928522059003
MINIMUM_IMAGE_XYZ,B,820,4,0.29000000000000004
MINIMUM_IMAGE_XYZ,B,822,4,0.29000000000000004
MINIMUM_IMAGE_XYZ,B,824,4,0.28990515690480567
MINIMUM_IMAGE_XYZ,B,826,4,0.28990515690480567
MINIMUM_IMAGE_XYZ,B,828,4,0.2899051569048053
MINIMUM_IMAGE_XYZ,B,830,4,0.2899051569048053
MINIMUM_IMAGE_XYZ,B,832,4,0.29000000000000004
MINIMUM_IMAGE_XYZ,B,834,4,0.28948402373878923
MINIMUM_IMAGE_XYZ,B,836,4,0.28948402373878923
MINIMUM_IMAGE_XYZ,B,838,4,0.28963597842809474
MINIMUM_IMAGE_XYZ,B,840,4,0.2894028334346434
MINIMUM_IMAGE_XYZ,B,842,4,0.28940283343464374
MINIMUM_IMAGE_XYZ,B,844,4,0.28940283343464374
MINIMUM_IMAGE_XYZ,B,846,4,0.28960317677815667
MINIMUM_IMAGE_XYZ,B,848,4,0.28956001105125023
MINIMUM_IMAGE_XYZ,B,850,4,0.28937691684030425
MINIMUM_IMAGE_XYZ,B,852,4,0.28937691684030425
MINIMUM_IMAGE_XYZ,B,854,4,0.28940110573389294
MINIMUM_IMAGE_XYZ,B,856,4,0.28931297931479016
MINIMUM_IMAGE_XYZ,B,858,4,0.28931297931479016
MINIMUM_IMAGE_XYZ,B,860,4,0.2894011057338933
MINIMUM_IMAGE_XYZ,B,862,4,0.28956001105125023
MINIMUM_IMAGE_XYZ,B,864,4,0.28955655751510817
MINIMUM_IMAGE_XYZ,B,866,4,0.28955655751510817
MINIMUM_IMAGE_XYZ,B,868,4,0.2894028334346438
MINIMUM_IMAGE_XYZ,B,870,4,0.2894028334346438
MINIMUM_IMAGE_XYZ,B,872,4,0.2894028334346434
MINIMUM_IMAGE_XYZ,B,874,4,0.2894028334346434
MINIMUM_IMAGE_XYZ,B,876,4,0.2895565575151085
MINIMUM_IMAGE_XYZ,B,878,4,0.2889809682314738
MINIMUM_IMAGE_XYZ,B,880,4,0.2889809682314738
MINIMUM_IMAGE_XYZ,B,882,4,0.28913318730301457
MINIMUM_IMAGE_XYZ,B,884,4,0.28913318730301457
MINIMUM_IMAGE_XYZ,B,886,4,0.28931297931479016
MINIMUM_IMAGE_XYZ,B,888,4,0.28913318730301424
MINIMUM_IMAGE_XYZ,B,890,4,0.28913318730301424
MINIMUM_IMAGE_XYZ,B,892,4,0.2889809682314738
MINIMUM_IMAGE_XYZ,B,894,4,0.2889809682314738
MINIMUM_IMAGE_XYZ,B,896,4,0.28960317677815667
MINIMUM_IMAGE_XYZ,B,898,4,0.2894028334346434
MINIMUM_IMAGE_XYZ,B,900,4,0.28931297931479016
MINIMUM_IMAGE_XYZ,B,902,4,0.28913318730301457
MINIMUM_IMAGE_XYZ,B,904,4,0.28913318730301457
MINIMUM_IMAGE_XYZ,B,906,4,0.2889809682314738
MINIMUM_IMAGE_XYZ,B,908,4,0.2889809682314738
MINIMUM_IMAGE_XYZ,B,910,4,0.2895565575151085
MINIMUM_IMAGE_XYZ,B,912,4,0.2894028334346434
MINIMUM_IMAGE_XYZ,B,914,4,0.2894028334346434
MINIMUM_IMAGE_XYZ,B,916,4,0.2894028334346438
MINIMUM_IMAGE_XYZ,B,918,4,0.2894028334346438
MINIMUM_IMAGE_XYZ,B,920,4,0.28955655751510817
MINIMUM_IMAGE_XYZ,B,922,4,0.28955655751510817
MINIMUM_IMAGE_XYZ,B,924,4,0.28956001105125023
MINIMUM_IMAGE_XYZ,B,926,4,0.2894011057338933
MINIMUM_IMAGE_XYZ,B,928,4,0.28931297931479016
MINIMUM_IMAGE_XYZ,B,930,4,0.28931297931479016
MINIMUM_IMAGE_XYZ,B,932,4,0.28940110573389294
MINIMUM_IMAGE_XYZ,B,934,4,0.28937691684030425
MINIMUM_IMAGE_XYZ,B,936,4,0.28937691684030425
MINIMUM_IMAGE_XYZ,B,938,4,0.28956001105125023
MINIMUM_IMAGE_XYZ,B,940,4,0.28960317677815667
MINIMUM_IMAGE_XYZ,B,942,4,0.28940283343464374
MINIMUM_IMAGE_XYZ,B,944,4,0.28940283343464374
MINIMUM_IMAGE_XYZ,B,946,4,0.2894028334346434
MINIMUM_IMAGE_XYZ,B,948,4,0.2894028334346434
MINIMUM_IMAGE_XYZ,B,950,4,0.28960317677815667
MINIMUM_IMAGE_XYZ,B,952,4,0.2889809682314738
MINIMUM_IMAGE_XYZ,B,954,4,0.2889809682314738
MINIMUM_IMAGE_XYZ,B,956,4,0.28913318730301424
MINIMUM_IMAGE_XYZ,B,958,4,0.28913318730301424
MINIMUM_IMAGE_XYZ,B,960,4,0.2894028334346433
MINIMUM_IMAGE_XYZ,B,962,4,0.2894028334346433
MINIMUM_IMAGE_XYZ,B,964,4,0.28960317677815617
MINIMUM_IMAGE_XYZ,B,966,4,0.2895600110512498
MINIMUM_IMAGE_XYZ,B,968,4,0.2893769168403038
MINIMUM_IMAGE_XYZ,B,970,4,0.2893769168403038
MINIMUM_IMAGE_XYZ,B,972,4,0.2894011057338925
MINIMUM_IMAGE_XYZ,B,974,4,0.2893129793147897
MINIMUM_IMAGE_XYZ,B,976,4,0.2893129793147897
MINIMUM_IMAGE_XYZ,B,978,4,0.2894011057338929
MINIMUM_IMAGE_XYZ,B,980,4,0.2895600110512498
MINIMUM_IMAGE_XYZ,B,982,4,0.2895565575151077
MINIMUM_IMAGE_XYZ,B,984,4,0.2895565575151077
MINIMUM_IMAGE_XYZ,B,986,4,0.2894028334346434
MINIMUM_IMAGE_XYZ,B,988,4,0.2894028334346434
MINIMUM_IMAGE_XYZ,B,990,4,0.289402833434643
MINIMUM_IMAGE_XYZ,B,992,4,0.289402833434643
MINIMUM_IMAGE_XYZ,B,994,4,0.28955655751510806
MINIMUM_IMAGE_XYZ,B,996,4,0.28898096823147335
MINIMUM_IMAGE_XYZ,B,998,4,0.28898096823147335
MINIMUM_IMAGE_XYZ,B,1000,4,0.2891331873030142
MINIMUM_IMAGE_XYZ,B,1002,4,0.2891331873030142
MINIMUM_IMAGE_XYZ,B,1004,4,0.2893129793147897
MINIMUM_IMAGE_XYZ,B,1006,4,0.2891331873030138
MINIMUM_IMAGE_XYZ,B,1008,4,0.2891331873030138
MINIMUM_IMAGE_XYZ,B,1010,4,0.28898096823147335
MINIMUM_IMAGE_XYZ,B,1012,4,0.28898096823147335
MINIMUM_IMAGE_XYZ,B,1014,4,0.28960317677815617
MINIMUM_IMAGE_XYZ,B,1016,4,0.2894028334346429
MINIMUM_IMAGE_XYZ,B,1018,4,0.2894028334346429
MINIMUM_IMAGE_XYZ,B,1020,4,0.2889999999999997
MINIMUM_IMAGE_XYZ,B,1022,4,0.2889999999999997
MINIMUM_IMAGE_XYZ,B,1024,4,0.28898096823147335
MINIMUM_IMAGE_XYZ,B,1026,4,0.28898096823147335
MINIMUM_IMAGE_XYZ,B,1028,4,0.2889999999999997
MINIMUM_IMAGE_XYZ,B,1030,4,0.2889999999999997
MINIMUM_IMAGE_XYZ,B,1032,4,0.2889999999999997
MINIMUM_IMAGE_XYZ,B,1034,4,0.2889999999999997
MINIMUM_IMAGE_XYZ,B,1036,4,0.2889999999999997
MINIMUM_IMAGE_XYZ,B,1038,4,0.2889999999999997
MINIMUM_IMAGE_XYZ,B,1040,4,0.2889999999999997
MINIMUM_IMAGE_XYZ,B,1042,4,0.2889999999999997
MINIMUM_IMAGE_XYZ,B,1044,4,0.2889999999999997
MINIMUM_IMAGE_XYZ,B,1046,4,0.2889999999999997
MINIMUM_IMAGE_XYZ,B,1048,4,0.2889999999999997
MINIMUM_IMAGE_XYZ,B,1050,4,0.2889999999999997
MINIMUM_IMAGE_XYZ,B,1052,4,0.2889999999999997
MINIMUM_IMAGE_XYZ,B,1054,4,0.2889999999999997
MINIMUM_IMAGE_XYZ,B,1056,4,0.2889999999999997
MINIMUM_IMAGE_XYZ,B,1058,4,0.2889999999999997
MINIMUM_IMAGE_XYZ,B,1060,4,0.2889999999999997
MINIMUM_IMAGE_XYZ,B,1062,4,0.2889999999999997
MINIMUM_IMAGE_XYZ,B,1064,4,0.2889999999999997
MINIMUM_IMAGE_XYZ,B,1066,4,0.2889999999999997
MINIMUM_IMAGE_XYZ,B,1068,4,0.2889999999999997
MINIMUM_IMAGE_XYZ,B,1070,4,0.28898096823147335
MINIMUM_IMAGE_XYZ,B,1072,4,0.28898096823147335
MINIMUM_IMAGE_XYZ,B,1074,4,0.2889999999999997
MINIMUM_IMAGE_XYZ,B,1076,4,0.2889999999999997
MINIMUM_IMAGE_XYZ,B,1078,4,0.2889999999999997
MINIMUM_IMAGE_XYZ,B,1080,4,0.2894028334346433
MINIMUM_IMAGE_XYZ,B,1082,4,0.28960317677815617
MINIMUM_IMAGE_XYZ,B,1084,4,0.2895600110512498
MINIMUM_IMAGE_XYZ,B,1086,4,0.2893769168403038
MINIMUM_IMAGE_XYZ,B,1088,4,0.2893769168403038
MINIMUM_IMAGE_XYZ,B,1090,4,0.2894011057338925
MINIMUM_IMAGE_XYZ,B,1092,4,0.2893129793147897
MINIMUM_IMAGE_XYZ,B,1094,4,0.2893129793147897
MINIMUM_IMAGE_XYZ,B,1096,4,0.2894011057338929
MINIMUM_IMAGE_XYZ,B,1098,4,0.2895600110512498
MINIMUM_IMAGE_XYZ,B,1100,4,0.2895565575151077
MINIMUM_IMAGE_XYZ,B,1102,4,0.2895565575151077
MINIMUM_IMAGE_XYZ,B,1104,4,0.2894028334346434
MINIMUM_IMAGE_XYZ,B,1106,4,0.2894028334346434
MINIMUM_IMAGE_XYZ,B,1108,4,0.289402833434643
MINIMUM_IMAGE_XYZ,B,1110,4,0.289402833434643
MINIMUM_IMAGE_XYZ,B,1112,4,0.28955655751510806
MINIMUM_IMAGE_XYZ,B,1114,4,0.28898096823147335
MINIMUM_IMAGE_XYZ,B,1116,4,0.28898096823147335
MINIMUM_IMAGE_XYZ,B,1118,4,0.2891331873030142
MINIMUM_IMAGE_XYZ,B,1120,4,0.2891331873030142
MINIMUM_IMAGE_XYZ,B,1122,4,0.2893129793147897
MINIMUM_IMAGE_XYZ,B,1124,4,0.2891331873030138
MINIMUM_IMAGE_XYZ,B,1126,4,0.2891331873030138
MINIMUM_IMAGE_XYZ,B,1128,4,0.28898096823147335
MINIMUM_IMAGE_XYZ,B,1130,4,0.28898096823147335
MINIMUM_IMAGE_XYZ,B,1132,4,0.28960317677815617
MINIMUM_IMAGE_XYZ,B,1134,4,0.2894028334346429
MINIMUM_IMAGE_XYZ,B,1136,4,0.2894028334346429
MINIMUM_IMAGE_XYZ,B,1138,4,0.2894028334346433
MINIMUM_IMAGE_XYZ,B,1140,4,0.2886329849480132
MINIMUM_IMAGE_XYZ,B,1142,4,0.28848050194077235
MINIMUM_IMAGE_XYZ,B,1144,4,0.28848050194077235
MINIMUM_IMAGE_XYZ,B,1146,4,0.2890570877871709
MINIMUM_IMAGE_XYZ,B,1148,4,0.28890309794116065
MINIMUM_IMAGE_XYZ,B,1150,4,0.28890309794116065
MINIMUM_IMAGE_XYZ,B,1152,4,0.28890309794116104
MINIMUM_IMAGE_XYZ,B,1154,4,0.28890309794116104
MINIMUM_IMAGE_XYZ,B,1156,4,0.2890570877871706
MINIMUM_IMAGE_XYZ,B,1158,4,0.2890570877871706
MINIMUM_IMAGE_XYZ,B,1160,4,0.2890605472907018
MINIMUM_IMAGE_XYZ,B,1162,4,0.2889013672518702
MINIMUM_IMAGE_XYZ,B,1164,4,0.2888130883460791
MINIMUM_IMAGE_XYZ,B,1166,4,0.2888130883460791
MINIMUM_IMAGE_XYZ,B,1168,4,0.2889013672518699
MINIMUM_IMAGE_XYZ,B,1170,4,0.2888771365130862
MINIMUM_IMAGE_XYZ,B,1172,4,0.2888771365130862
MINIMUM_IMAGE_XYZ,B,1174,4,0.2890605472907018
MINIMUM_IMAGE_XYZ,B,1176,4,0.2891037875919306
MINIMUM_IMAGE_XYZ,B,1178,4,0.288903097941161
MINIMUM_IMAGE_XYZ,B,1180,4,0.288903097941161
MINIMUM_IMAGE_XYZ,B,1182,4,0.2889030979411606
MINIMUM_IMAGE_XYZ,B,1184,4,0.2889030979411606
MINIMUM_IMAGE_XYZ,B,1186,4,0.2891037875919306
MINIMUM_IMAGE_XYZ,B,1188,4,0.28848050194077235
MINIMUM_IMAGE_XYZ,B,1190,4,0.28848050194077235
MINIMUM_IMAGE_XYZ,B,1192,4,0.28863298494801287
MINIMUM_IMAGE_XYZ,B,1194,4,0.28863298494801287
MINIMUM_IMAGE_XYZ,B,1196,4,0.2888130883460791
MINIMUM_IMAGE_XYZ,B,1198,4,0.2886329849480132
MINIMUM_IMAGE_XYZ,B,1200,4,0.28960317677815667
MINIMUM_IMAGE_XYZ,B,1202,4,0.28956001105125023
MINIMUM_IMAGE_XYZ,B,1204,4,0.28937691684030425
MINIMUM_IMAGE_XYZ,B,1206,4,0.28937691684030425
MINIMUM_IMAGE_XYZ,B,1208,4,0.28940110573389294
MINIMUM_IMAGE_XYZ,B,1210,4,0.28931297931479016
MINIMUM_IMAGE_XYZ,B,1212,4,0.28931297931479016
MINIMUM_IMAGE_XYZ,B,1214,4,0.2894011057338933
MINIMUM_IMAGE_XYZ,B,1216,4,0.28956001105125023
MINIMUM_IMAGE_XYZ,B,1218,4,0.28955655751510817
MINIMUM_IMAGE_XYZ,B,1220,4,0.28955655751510817
MINIMUM_IMAGE_XYZ,B,1222,4,0.2894028334346438
MINIMUM_IMAGE_XYZ,B,1224,4,0.2894028334346438
MINIMUM_IMAGE_XYZ,B,1226,4,0.2894028334346434
MINIMUM_IMAGE_XYZ,B,1228,4,0.2894028334346434
MINIMUM_IMAGE_XYZ,B,1230,4,0.2895565575151085
MINIMUM_IMAGE_XYZ,B,1232,4,0.2889809682314738
MINIMUM_IMAGE_XYZ,B,1234,4,0.2889809682314738
MINIMUM_IMAGE_XYZ,B,1236,4,0.28913318730301457
MINIMUM_IMAGE_XYZ,B,1238,4,0.28913318730301457
MINIMUM_IMAGE_XYZ,B,1240,4,0.28931297931479016
MINIMUM_IMAGE_XYZ,B,1242,4,0.28913318730301424
MINIMUM_IMAGE_XYZ,B,1244,4,0.28913318730301424
MINIMUM_IMAGE_XYZ,B,1246,4,0.2889809682314738
MINIMUM_IMAGE_XYZ,B,1248,4,0.2889809682314738
MINIMUM_IMAGE_XYZ,B,1250,4,0.28960317677815667
MINIMUM_IMAGE_XYZ,B,1252,4,0.2894028334346434
MINIMUM_IMAGE_XYZ,B,1254,4,0.2894028334346434
MINIMUM_IMAGE_XYZ,B,1256,4,0.28940283343464374
MINIMUM_IMAGE_XYZ,B,1258,4,0.28940283343464374
MINIMUM_IMAGE_XYZ,B,1260,4,0.28948402373878923
MINIMUM_IMAGE_XYZ,B,1262,4,0.28948402373878923
MINIMUM_IMAGE_XYZ,B,1264,4,0.29000000000000004
MINIMUM_IMAGE_XYZ,B,1266,4,0.28990515690480534
MINIMUM_IMAGE_XYZ,B,1268,4,0.28990515690480534
MINIMUM_IMAGE_XYZ,B,1270,4,0.2899051569048057
MINIMUM_IMAGE_XYZ,B,1272,4,0.2899051569048057
MINIMUM_IMAGE_XYZ,B,1274,4,0.29000000000000004
MINIMUM_IMAGE_XYZ,B,1276,4,0.29000000000000004
MINIMUM_IMAGE_XYZ,B,1278,4,0.29000000000000004
MINIMUM_IMAGE_XYZ,B,1280,4,0.28990343219768877
MINIMUM_IMAGE_XYZ,B,1282,4,0.2898154585249034
MINIMUM_IMAGE_XYZ,B,1284,4,0.2898154585249034
MINIMUM_IMAGE_XYZ,B,1286,4,0.28990343219768844
MINIMUM_IMAGE_XYZ,B,1288,4,0.28987928522059003
MINIMUM_IMAGE_XYZ,B,1290,4,0.28987928522059003
MINIMUM_IMAGE_XYZ,B,1292,4,0.29000000000000004
MINIMUM_IMAGE_XYZ,B,1294,4,0.29000000000000004
MINIMUM_IMAGE_XYZ,B,1296,4,0.28990515690480567
MINIMUM_IMAGE_XYZ,B,1298,4,0.28990515690480567
MINIMUM_IMAGE_XYZ,B,1300,4,0.2899051569048053
MINIMUM_IMAGE_XYZ,B,1302,4,0.2899051569048053
MINIMUM_IMAGE_XYZ,B,1304,4,0.29000000000000004
MINIMUM_IMAGE_XYZ,B,1306,4,0.28948402373878923
MINIMUM_IMAGE_XYZ,B,1308,4,0.28948402373878923
MINIMUM_IMAGE_XYZ,B,1310,4,0.28963597842809474
MINIMUM_IMAGE_XYZ,B,1312,4,0.28963597842809474
MINIMUM_IMAGE_XYZ,B,1314,4,0.2898154585249034
MINIMUM_IMAGE_XYZ,B,1316,4,0.2896359784280951
MINIMUM_IMAGE_XYZ,B,1318,4,0.2896359784280951
MINIMUM_IMAGE_XYZ,B,1320,4,0.2895600110512498
MINIMUM_IMAGE_XYZ,B,1322,4,0.2893769168403038
MINIMUM_IMAGE_XYZ,B,1324,4,0.2893769168403038
MINIMUM_IMAGE_XYZ,B,1326,4,0.2894011057338925
MINIMUM_IMAGE_XYZ,B,1328,4,0.2893129793147897
MINIMUM_IMAGE_XYZ,B,1330,4,0.2893129793147897
MINIMUM_IMAGE_XYZ,B,1332,4,0.2894011057338929
MINIMUM_IMAGE_XYZ,B,1334,4,0.2895600110512498
MINIMUM_IMAGE_XYZ,B,1336,4,0.2895565575151077
MINIMUM_IMAGE_XYZ,B,1338,4,0.2895565575151077
MINIMUM_IMAGE_XYZ,B,1340,4,0.2894028334346434
MINIMUM_IMAGE_XYZ,B,1342,4,0.2894028334346434
MINIMUM_IMAGE_XYZ,B,1344,4,0.289402833434643
MINIMUM_IMAGE_XYZ,B,1346,4,0.289402833434643
MINIMUM_IMAGE_XYZ,B,1348,4,0.28955655751510806
MINIMUM_IMAGE_XYZ,B,1350,4,0.28898096823147335
MINIMUM_IMAGE_XYZ,B,1352,4,0.28898096823147335
MINIMUM_IMAGE_XYZ,B,1354,4,0.2891331873030142
MINIMUM_IMAGE_XYZ,B,1356,4,0.2891331873030142
MINIMUM_IMAGE_XYZ,B,1358,4,0.2893129793147897
MINIMUM_IMAGE_XYZ,B,1360,4,0.2891331873030138
MINIMUM_IMAGE_XYZ,B,1362,4,0.2891331873030138
MINIMUM_IMAGE_XYZ,B,1364,4,0.28898096823147335
MINIMUM_IMAGE_XYZ,B,1366,4,0.28898096823147335
MINIMUM_IMAGE_XYZ,B,1368,4,0.28960317677815617
MINIMUM_IMAGE_XYZ,B,1370,4,0.2894028334346429
MINIMUM_IMAGE_XYZ,B,1372,4,0.2894028334346429
MINIMUM_IMAGE_XYZ,B,1374,4,0.2894028334346433
MINIMUM_IMAGE_XYZ,B,1376,4,0.2894028334346433
MINIMUM_IMAGE_XYZ,B,1378,4,0.28960317677815617
MINIMUM_IMAGE_XYZ,B,1380,4,0.2889809682314738
MINIMUM_IMAGE_XYZ,B,1382,4,0.2889999999999997
MINIMUM_IMAGE_XYZ,B,1384,4,0.2889999999999997
MINIMUM_IMAGE_XYZ,B,1386,4,0.2889999999999997
MINIMUM_IMAGE_XYZ,B,1388,4,0.2889999999999997
MINIMUM_IMAGE_XYZ,B,1390,4,0.2889999999999997
MINIMUM_IMAGE_XYZ,B,1392,4,0.2889999999999997
MINIMUM_IMAGE_XYZ,B,1394,4,0.2889999999999997
MINIMUM_IMAGE_XYZ,B,1396,4,0.2889999999999997
MINIMUM_IMAGE_XYZ,B,1398,4,0.2889999999999997
MINIMUM_IMAGE_XYZ,B,1400,4,0.2889999999999997
MINIMUM_IMAGE_XYZ,B,1402,4,0.2889999999999997
MINIMUM_IMAGE_XYZ,B,1404,4,0.2889999999999997
MINIMUM_IMAGE_XYZ,B,1406,4,0.2889999999999997
MINIMUM_IMAGE_XYZ,B,1408,4,0.2889999999999997
MINIMUM_IMAGE_XYZ,B,1410,4,0.2889999999999997
MINIMUM_IMAGE_XYZ,B,1412,4,0.2889999999999997
MINIMUM_IMAGE_XYZ,B,1414,4,0.2889999999999997
MINIMUM_IMAGE_XYZ,B,1416,4,0.2889999999999997
MINIMUM_IMAGE_XYZ,B,1418,4,0.2889999999999997
MINIMUM_IMAGE_XYZ,B,1420,4,0.2889999999999997
MINIMUM_IMAGE_XYZ,B,1422,4,0.2889999999999997
MINIMUM_IMAGE_XYZ,B,1424,4,0.2889809682314738
MINIMUM_IMAGE_XYZ,B,1426,4,0.2889809682314738
MINIMUM_IMAGE_XYZ,B,1428,4,0.2889999999999997
MINIMUM_IMAGE_XYZ,B,1430,4,0.2889999999999997
MINIMUM_IMAGE_XYZ,B,1432,4,0.2889999999999997
MINIMUM_IMAGE_XYZ,B,1434,4,0.2889999999999997
MINIMUM_IMAGE_XYZ,B,1436,4,0.2889999999999997
MINIMUM_IMAGE_XYZ,B,1438,4,0.2889809682314738
MINIMUM_IMAGE_XYZ,B,1440,4,0.28937691684030425
MINIMUM_IMAGE_XYZ,B,1442,4,0.28937691684030425
MINIMUM_IMAGE_XYZ,B,1444,4,0.28940110573389294
MINIMUM_IMAGE_XYZ,B,1446,4,0.28931297931479016
MINIMUM_IMAGE_XYZ,B,1448,4,0.28931297931479016
MINIMUM_IMAGE_XYZ,B,1450,4,0.2894011057338933
MINIMUM_IMAGE_XYZ,B,1452,4,0.28956001105125023
MINIMUM_IMAGE_XYZ,B,1454,4,0.28955655751510817
MINIMUM_IMAGE_XYZ,B,1456,4,0.28955655751510817
MINIMUM_IMAGE_XYZ,B,1458,4,0.2894028334346438
MINIMUM_IMAGE_XYZ,B,1460,4,0.2894028334346438
MINIMUM_IMAGE_XYZ,B,1462,4,0.2894028334346434
MINIMUM_IMAGE_XYZ,B,1464,4,0.2894028334346434
MINIMUM_IMAGE_XYZ,B,1466,4,0.2895565575151085
MINIMUM_IMAGE_XYZ,B,1468,4,0.2889809682314738
MINIMUM_IMAGE_XYZ,B,1470,4,0.2889809682314738
MINIMUM_IMAGE_XYZ,B,1472,4,0.28913318730301457
MINIMUM_IMAGE_XYZ,B,1474,4,0.28913318730301457
MINIMUM_IMAGE_XYZ,B,1476,4,0.28931297931479016
MINIMUM_IMAGE_XYZ,B,1478,4,0.28913318730301424
MINIMUM_IMAGE_XYZ,B,1480,4,0.28913318730301424
MINIMUM_IMAGE_XYZ,B,1482,4,0.2889809682314738
MINIMUM_IMAGE_XYZ,B,1484,4,0.2889809682314738
MINIMUM_IMAGE_XYZ,B,1486,4,0.28960317677815667
MINIMUM_IMAGE_XYZ,B,1488,4,0.2894028334346434
MINIMUM_IMAGE_XYZ,B,1490,4,0.2894028334346434
MINIMUM_IMAGE_XYZ,B,1492,4,0.28940283343464374
MINIMUM_IMAGE_XYZ,B,1494,4,0.28940283343464374
MINIMUM_IMAGE_XYZ,B,1496,4,0.28960317677815667
MINIMUM_IMAGE_XYZ,B,1498,4,0.28956001105125023
MINIMUM_IMAGE_XYZ,B,1500,4,0.2895565575151085
MINIMUM_IMAGE_XYZ,B,1502,4,0.2894028334346434
MINIMUM_IMAGE_XYZ,B,1504,4,0.2894028334346434
MINIMUM_IMAGE_XYZ,B,1506,4,0.2894028334346438
MINIMUM_IMAGE_XYZ,B,1508,4,0.2894028334346438
MINIMUM_IMAGE_XYZ,B,1510,4,0.28955655751510817
MINIMUM_IMAGE_XYZ,B,1512,4,0.28955655751510817
MINIMUM_IMAGE_XYZ,B,1514,4,0.28956001105125023
MINIMUM_IMAGE_XYZ,B,1516,4,0.2894011057338933
MINIMUM_IMAGE_XYZ,B,1518,4,0.28931297931479016
MINIMUM_IMAGE_XYZ,B,1520,4,0.28931297931479016
MINIMUM_IMAGE_XYZ,B,1522,4,0.28940110573389294
MINIMUM_IMAGE_XYZ,B,1524,4,0.28937691684030425
MINIMUM_IMAGE_XYZ,B,1526,4,0.28937691684030425
MINIMUM_IMAGE_XYZ,B,1528,4,0.28956001105125023
MINIMUM_IMAGE_XYZ,B,1530,4,0.28960317677815667
MINIMUM_IMAGE_XYZ,B,1532,4,0.28940283343464374
MINIMUM_IMAGE_XYZ,B,1534,4,0.28940283343464374
MINIMUM_IMAGE_XYZ,B,1536,4,0.2894028334346434
MINIMUM_IMAGE_XYZ,B,1538,4,0.2894028334346434
MINIMUM_IMAGE_XYZ,B,1540,4,0.28960317677815667
MINIMUM_IMAGE_XYZ,B,1542,4,0.2889809682314738
MINIMUM_IMAGE_XYZ,B,1544,4,0.2889809682314738
MINIMUM_IMAGE_XYZ,B,1546,4,0.28913318730301424
MINIMUM_IMAGE_XYZ,B,1548,4,0.28913318730301424
MINIMUM_IMAGE_XYZ,B,1550,4,0.28931297931479016
MINIMUM_IMAGE_XYZ,B,1552,4,0.28913318730301457
MINIMUM_IMAGE_XYZ,B,1554,4,0.28913318730301457
MINIMUM_IMAGE_XYZ,B,1556,4,0.2889809682314738
MINIMUM_IMAGE_XYZ,B,1558,4,0.2889809682314738
MINIMUM_IMAGE_XYZ,B,1560,4,0.2893769168403038
MINIMUM_IMAGE_XYZ,B,1562,4,0.2894011057338925
MINIMUM_IMAGE_XYZ,B,1564,4,0.2893129793147897
MINIMUM_IMAGE_XYZ,B,1566,4,0.2893129793147897
MINIMUM_IMAGE_XYZ,B,1568,4,0.2894011057338929
MINIMUM_IMAGE_XYZ,B,1570,4,0.2895600110512498
MINIMUM_IMAGE_XYZ,B,1572,4,0.2895565575151077
MINIMUM_IMAGE_XYZ,B,1574,4,0.2895565575151077
MINIMUM_IMAGE_XYZ,B,1576,4,0.2894028334346434
MINIMUM_IMAGE_XYZ,B,1578,4,0.2894028334346434
MINIMUM_IMAGE_XYZ,B,1580,4,0.289402833434643
MINIMUM_IMAGE_XYZ,B,1582,4,0.289402833434643
MINIMUM_IMAGE_XYZ,B,1584,4,0.28955655751510806
MINIMUM_IMAGE_XYZ,B,1586,4,0.28898096823147335
MINIMUM_IMAGE_XYZ,B,1588,4,0.28898096823147335
MINIMUM_IMAGE_XYZ,B,1590,4,0.2891331873030142
MINIMUM_IMAGE_XYZ,B,1592,4,0.2891331873030142
MINIMUM_IMAGE_XYZ,B,1594,4,0.2893129793147897
MINIMUM_IMAGE_XYZ,B,1596,4,0.2891331873030138
MINIMUM_IMAGE_XYZ,B,1598,4,0.2891331873030138
MINIMUM_IMAGE_XYZ,B,1600,4,0.28898096823147335
MINIMUM_IMAGE_XYZ,B,1602,4,0.28898096823147335
MINIMUM_IMAGE_XYZ,B,1604,4,0.28960317677815617
MINIMUM_IMAGE_XYZ,B,1606,4,0.2894028334346429
MINIMUM_IMAGE_XYZ,B,1608,4,0.2894028334346429
MINIMUM_IMAGE_XYZ,B,1610,4,0.2894028334346433
MINIMUM_IMAGE_XYZ,B,1612,4,0.2894028334346433
MINIMUM_IMAGE_XYZ,B,1614,4,0.28960317677815617
MINIMUM_IMAGE_XYZ,B,1616,4,0.2895600110512498
MINIMUM_IMAGE_XYZ,B,1618,4,0.2893769168403038
MINIMUM_IMAGE_XYZ,B,1620,4,0.2894028334346434
MINIMUM_IMAGE_XYZ,B,1622,4,0.2894028334346434
MINIMUM_IMAGE_XYZ,B,1624,4,0.2894028334346438
MINIMUM_IMAGE_XYZ,B,1626,4,0.2894028334346438
MINIMUM_IMAGE_XYZ,B,1628,4,0.28955655751510817
MINIMUM_IMAGE_XYZ,B,1630,4,0.28955655751510817
MINIMUM_IMAGE_XYZ,B,1632,4,0.28956001105125023
MINIMUM_IMAGE_XYZ,B,1634,4,0.2894011057338933
MINIMUM_IMAGE_XYZ,B,1636,4,0.28931297931479016
MINIMUM_IMAGE_XYZ,B,1638,4,0.28931297931479016
MINIMUM_IMAGE_XYZ,B,1640,4,0.28940110573389294
MINIMUM_IMAGE_XYZ,B,1642,4,0.28937691684030425
MINIMUM_IMAGE_XYZ,B,1644,4,0.28937691684030425
MINIMUM_IMAGE_XYZ,B,1646,4,0.28956001105125023
MINIMUM_IMAGE_XYZ,B,1648,4,0.28960317677815667
MINIMUM_IMAGE_XYZ,B,1650,4,0.28940283343464374
MINIMUM_IMAGE_XYZ,B,1652,4,0.28940283343464374
MINIMUM_IMAGE_XYZ,B,1654,4,0.2894028334346434
MINIMUM_IMAGE_XYZ,B,1656,4,0.2894028334346434
MINIMUM_IMAGE_XYZ,B,1658,4,0.28960317677815667
MINIMUM_IMAGE_XYZ,B,1660,4,0.2889809682314738
MINIMUM_IMAGE_XYZ,B,1662,4,0.2889809682314738
MINIMUM_IMAGE_XYZ,B,1664,4,0.28913318730301424
MINIMUM_IMAGE_XYZ,B,1666,4,0.28913318730301424
MINIMUM_IMAGE_XYZ,B,1668,4,0.28931297931479016
MINIMUM_IMAGE_XYZ,B,1670,4,0.28913318730301457
MINIMUM_IMAGE_XYZ,B,1672,4,0.28913318730301457
MINIMUM_IMAGE_XYZ,B,1674,4,0.2889809682314738
MINIMUM_IMAGE_XYZ,B,1676,4,0.2889809682314738
MINIMUM_IMAGE_XYZ,B,1678,4,0.2895565575151085
MINIMUM_IMAGE_XYZ,N,1,1,0.1443779761598008
MINIMUM_IMAGE_XYZ,N,3,1,0.14439182802361047
MINIMUM_IMAGE_XYZ,N,5,1,0.14456140563788109
MINIMUM_IMAGE_XYZ,N,7,1,0.14481022063376636
MINIMUM_IMAGE_XYZ,N,9,1,0.14377760604489156
MINIMUM_IMAGE_XYZ,N,11,1,0.14481022063376636
MINIMUM_IMAGE_XYZ,N,13,1,0.14439182802361047
MINIMUM_IMAGE_XYZ,N,15,1,0.14477568856683093
MINIMUM_IMAGE_XYZ,N,17,1,0.1443779761598008
MINIMUM_IMAGE_XYZ,N,19,1,0.14439182802361084
MINIMUM_IMAGE_XYZ,N,21,1,0.14483438818181293
MINIMUM_IMAGE_XYZ,N,23,1,0.14433987668000817
MINIMUM_IMAGE_XYZ,N,25,1,0.1443364125922496
MINIMUM_IMAGE_XYZ,N,27,1,0.14456140563788109
MINIMUM_IMAGE_XYZ,N,29,1,0.14461673485458001
MINIMUM_IMAGE_XYZ,N,31,1,0.14442298985964805
MINIMUM_IMAGE_XYZ,N,33,1,0.14461673485458038
MINIMUM_IMAGE_XYZ,N,35,1,0.14456140563788109
MINIMUM_IMAGE_XYZ,N,37,1,0.1443398766800084
MINIMUM_IMAGE_XYZ,N,39,1,0.1443398766800084
MINIMUM_IMAGE_XYZ,N,41,1,0.14483438818181277
MINIMUM_IMAGE_XYZ,N,43,1,0.14456140563788109
MINIMUM_IMAGE_XYZ,N,45,1,0.14442298985964805
MINIMUM_IMAGE_XYZ,N,47,1,0.1446409347314931
MINIMUM_IMAGE_XYZ,N,49,1,0.14456140563788109
MINIMUM_IMAGE_XYZ,N,51,1,0.1443364125922496
MINIMUM_IMAGE_XYZ,N,53,1,0.14439182802361086
MINIMUM_IMAGE_XYZ,N,55,1,0.14433987668000817
MINIMUM_IMAGE_XYZ,N,57,1,0.14456140563788109
MINIMUM_IMAGE_XYZ,N,59,1,0.14439182802361084
MINIMUM_IMAGE_XYZ,N,61,1,0.14500000000000002
MINIMUM_IMAGE_XYZ,N,63,1,0.14489306401619054
MINIMUM_IMAGE_XYZ,N,65,1,0.14500000000000002
MINIMUM_IMAGE_XYZ,N,67,1,0.14428097587693264
MINIMUM_IMAGE_XYZ,N,69,1,0.14500000000000002
MINIMUM_IMAGE_XYZ,N,71,1,0.14500000000000002
MINIMUM_IMAGE_XYZ,N,73,1,0.14489306401619054
MINIMUM_IMAGE_XYZ,N,75,1,0.14487926007541588
MINIMUM_IMAGE_XYZ,N,77,1,0.1448930640161909
MINIMUM_IMAGE_XYZ,N,79,1,0.14500000000000002
MINIMUM_IMAGE_XYZ,N,81,1,0.14484129245487956
MINIMUM_IMAGE_XYZ,N,83,1,0.14489306401619093
MINIMUM_IMAGE_XYZ,N,85,1,0.1448378403594865
MINIMUM_IMAGE_XYZ,N,87,1,0.14500000000000002
MINIMUM_IMAGE_XYZ,N,89,1,0.14500000000000002
MINIMUM_IMAGE_XYZ,N,91,1,0.1449241180756329
MINIMUM_IMAGE_XYZ,N,93,1,0.14500000000000002
MINIMUM_IMAGE_XYZ,N,95,1,0.14500000000000002
MINIMUM_IMAGE_XYZ,N,97,1,0.14484129245487978
MINIMUM_IMAGE_XYZ,N,99,1,0.14484129245487978
MINIMUM_IMAGE_XYZ,N,101,1,0.14500000000000002
MINIMUM_IMAGE_XYZ,N,103,1,0.14500000000000002
MINIMUM_IMAGE_XYZ,N,105,1,0.1449241180756329
MINIMUM_IMAGE_XYZ,N,107,1,0.14500000000000002
MINIMUM_IMAGE_XYZ,N,109,1,0.14500000000000002
MINIMUM_IMAGE_XYZ,N,111,1,0.1448378403594865
MINIMUM_IMAGE_XYZ,N,113,1,0.14484129245487956
MINIMUM_IMAGE_XYZ,N,115,1,0.14500000000000002
MINIMUM_IMAGE_XYZ,N,117,1,0.1448930640161909
MINIMUM_IMAGE_XYZ,N,119,1,0.14487926007541588
MINIMUM_IMAGE_XYZ,N,121,1,0.14439182802361047
MINIMUM_IMAGE_XYZ,N,123,1,0.14456140563788109
MINIMUM_IMAGE_XYZ,N,125,1,0.14481022063376636
MINIMUM_IMAGE_XYZ,N,127,1,0.14377760604489156
MINIMUM_IMAGE_XYZ,N,129,1,0.14481022063376636
MINIMUM_IMAGE_XYZ,N,131,1,0.14439182802361047
MINIMUM_IMAGE_XYZ,N,133,1,0.14477568856683093
MINIMUM_IMAGE_XYZ,N,135,1,0.1443779761598008
MINIMUM_IMAGE_XYZ,N,137,1,0.14439182802361084
MINIMUM_IMAGE_XYZ,N,139,1,0.14483438818181293
MINIMUM_IMAGE_XYZ,N,141,1,0.14433987668000817
MINIMUM_IMAGE_XYZ,N,143,1,0.1443364125922496
MINIMUM_IMAGE_XYZ,N,145,1,0.14456140563788109
MINIMUM_IMAGE_XYZ,N,147,1,0.14461673485458001
MINIMUM_IMAGE_XYZ,N,149,1,0.14442298985964805
MINIMUM_IMAGE_XYZ,N,151,1,0.14461673485458038
MINIMUM_IMAGE_XYZ,N,153,1,0.14456140563788109
MINIMUM_IMAGE_XYZ,N,155,1,0.1443398766800084
MINIMUM_IMAGE_XYZ,N,157,1,0.1443398766800084
MINIMUM_IMAGE_XYZ,N,159,1,0.14483438818181277
MINIMUM_IMAGE_XYZ,N,161,1,0.14456140563788109
MINIMUM_IMAGE_XYZ,N,163,1,0.14442298985964805
MINIMUM_IMAGE_XYZ,N,165,1,0.1446409347314931
MINIMUM_IMAGE_XYZ,N,167,1,0.14456140563788109
MINIMUM_IMAGE_XYZ,N,169,1,0.1443364125922496
MINIMUM_IMAGE_XYZ,N,171,1,0.14439182802361086
MINIMUM_IMAGE_XYZ,N,173,1,0.14433987668000817
MINIMUM_IMAGE_XYZ,N,175,1,0.14456140563788109
MINIMUM_IMAGE_XYZ,N,177,1,0.14439182802361084
MINIMUM_IMAGE_XYZ,N,179,1,0.1443779761598008
MINIMUM_IMAGE_XYZ,N,181,1,0.14489306401619054
MINIMUM_IMAGE_XYZ,N,183,1,0.14500000000000002
MINIMUM_IMAGE_XYZ,N,185,1,0.14428097587693264
MINIMUM_IMAGE_XYZ,N,187,1,0.14500000000000002
MINIMUM_IMAGE_XYZ,N,189,1,0.14500000000000002
MINIMUM_IMAGE_XYZ,N,191,1,0.14489306401619054
MINIMUM_IMAGE_XYZ,N,193,1,0.14487926007541588
MINIMUM_IMAGE_XYZ,N,195,1,0.1448930640161909
MINIMUM_IMAGE_XYZ,N,197,1,0.14500000000000002
MINIMUM_IMAGE_XYZ,N,199,1,0.14484129245487956
MINIMUM_IMAGE_XYZ,N,201,1,0.14489306401619093
MINIMUM_IMAGE_XYZ,N,203,1,0.1448378403594865
MINIMUM_IMAGE_XYZ,N,205,1,0.14500000000000002
MINIMUM_IMAGE_XYZ,N,207,1,0.14500000000000002
MINIMUM_IMAGE_XYZ,N,209,1,0.1449241180756329
MINIMUM_IMAGE_XYZ,N,211,1,0.14500000000000002
MINIMUM_IMAGE_XYZ,N,213,1,0.14500000000000002
MINIMUM_IMAGE_XYZ,N,215,1,0.14484129245487978
MINIMUM_IMAGE_XYZ,N,217,1,0.14484129245487978
MINIMUM_IMAGE_XYZ,N,219,1,0.14500000000000002
MINIMUM_IMAGE_XYZ,N,221,1,0.14500000000000002
MINIMUM_IMAGE_XYZ,N,223,1,0.1449241180756329
MINIMUM_IMAGE_XYZ,N,225,1,0.14500000000000002
MINIMUM_IMAGE_XYZ,N,227,1,0.14500000000000002
MINIMUM_IMAGE_XYZ,N,229,1,0.1448378403594865
MINIMUM_IMAGE_XYZ,N,231,1,0.14484129245487956
MINIMUM_IMAGE_XYZ,N,233,1,0.14500000000000002
MINIMUM_IMAGE_XYZ,N,235,1,0.1448930640161909
MINIMUM_IMAGE_XYZ,N,237,1,0.14487926007541588
MINIMUM_IMAGE_XYZ,N,239,1,0.14500000000000002
MINIMUM_IMAGE_XYZ,N,241,1,0.14456140563788109
MINIMUM_IMAGE_XYZ,N,243,1,0.14481022063376636
MINIMUM_IMAGE_XYZ,N,245,1,0.14377760604489156
MINIMUM_IMAGE_XYZ,N,247,1,0.14481022063376636
MINIMUM_IMAGE_XYZ,N,249,1,0.14439182802361047
MINIMUM_IMAGE_XYZ,N,251,1,0.14477568856683093
MINIMUM_IMAGE_XYZ,N,253,1,0.1443779761598008
MINIMUM_IMAGE_XYZ,N,255,1,0.14439182802361084
MINIMUM_IMAGE_XYZ,N,257,1,0.14483438818181293
MINIMUM_IMAGE_XYZ,N,259,1,0.14433987668000817
MINIMUM_IMAGE_XYZ,N,261,1,0.1443364125922496
MINIMUM_IMAGE_XYZ,N,263,1,0.14456140563788109
MINIMUM_IMAGE_XYZ,N,265,1,0.14461673485458001
MINIMUM_IMAGE_XYZ,N,267,1,0.14442298985964805
MINIMUM_IMAGE_XYZ,N,269,1,0.14461673485458038
MINIMUM_IMAGE_XYZ,N,271,1,0.14456140563788109
MINIMUM_IMAGE_XYZ,N,273,1,0.1443398766800084
MINIMUM_IMAGE_XYZ,N,275,1,0.1443398766800084
MINIMUM_IMAGE_XYZ,N,277,1,0.14483438818181277
MINIMUM_IMAGE_XYZ,N,279,1,0.14456140563788109
MINIMUM_IMAGE_XYZ,N,281,1,0.14442298985964805
MINIMUM_IMAGE_XYZ,N,283,1,0.1446409347314931
MINIMUM_IMAGE_XYZ,N,285,1,0.14456140563788109
MINIMUM_IMAGE_XYZ,N,287,1,0.1443364125922496
MINIMUM_IMAGE_XYZ,N,289,1,0.14439182802361086
MINIMUM_IMAGE_XYZ,N,291,1,0.14433987668000817
MINIMUM_IMAGE_XYZ,N,293,1,0.14456140563788109
MINIMUM_IMAGE_XYZ,N,295,1,0.14439182802361084
MINIMUM_IMAGE_XYZ,N,297,1,0.1443779761598008
MINIMUM_IMAGE_XYZ,N,299,1,0.14439182802361047
MINIMUM_IMAGE_XYZ,N,301,1,0.14500000000000002
MINIMUM_IMAGE_XYZ,N,303,1,0.14428097587693264
MINIMUM_IMAGE_XYZ,N,305,1,0.14500000000000002
MINIMUM_IMAGE_XYZ,N,307,1,0.14500000000000002
MINIMUM_IMAGE_XYZ,N,309,1,0.14489306401619054
MINIMUM_IMAGE_XYZ,N,311,1,0.14487926007541588
MINIMUM_IMAGE_XYZ,N,313,1,0.1448930640161909
MINIMUM_IMAGE_XYZ,N,315,1,0.14500000000000002
MINIMUM_IMAGE_XYZ,N,317,1,0.14484129245487956
MINIMUM_IMAGE_XYZ,N,319,1,0.14489306401619093
MINIMUM_IMAGE_XYZ,N,321,1,0.1448378403594865
MINIMUM_IMAGE_XYZ,N,323,1,0.14500000000000002
MINIMUM_IMAGE_XYZ,N,325,1,0.14500000000000002
MINIMUM_IMAGE_XYZ,N,327,1,0.1449241180756329
MINIMUM_IMAGE_XYZ,N,329,1,0.14500000000000002
MINIMUM_IMAGE_XYZ,N,331,1,0.14500000000000002
MINIMUM_IMAGE_XYZ,N,333,1,0.14484129245487978
MINIMUM_IMAGE_XYZ,N,335,1,0.14484129245487978
MINIMUM_IMAGE_XYZ,N,337,1,0.14500000000000002
MINIMUM_IMAGE_XYZ,N,339,1,0.14500000000000002
MINIMUM_IMAGE_XYZ,N,341,1,0.1449241180756329
MINIMUM_IMAGE_XYZ,N,343,1,0.14500000000000002
MINIMUM_IMAGE_XYZ,N,345,1,0.14500000000000002
MINIMUM_IMAGE_XYZ,N,347,1,0.1448378403594865
MINIMUM_IMAGE_XYZ,N,349,1,0.14484129245487956
MINIMUM_IMAGE_XYZ,N,351,1,0.14500000000000002
MINIMUM_IMAGE_XYZ,N,353,1,0.1448930640161909
MINIMUM_IMAGE_XYZ,N,355,1,0.14487926007541588
MINIMUM_IMAGE_XYZ,N,357,1,0.14500000000000002
MINIMUM_IMAGE_XYZ,N,359,1,0.14489306401619054
MINIMUM_IMAGE_XYZ,N,361,1,0.14481022063376614
MINIMUM_IMAGE_XYZ,N,363,1,0.14377760604489134
MINIMUM_IMAGE_XYZ,N,365,1,0.14481022063376614
MINIMUM_IMAGE_XYZ,N,367,1,0.14439182802361025
MINIMUM_IMAGE_XYZ,N,369,1,0.1447756885668307
MINIMUM_IMAGE_XYZ,N,371,1,0.14437797615980058
MINIMUM_IMAGE_XYZ,N,373,1,0.14439182802361064
MINIMUM_IMAGE_XYZ,N,375,1,0.1448343881818127
MINIMUM_IMAGE_XYZ,N,377,1,0.14433987668000794
MINIMUM_IMAGE_XYZ,N,379,1,0.14433641259224939
MINIMUM_IMAGE_XYZ,N,381,1,0.1445614056378809
MINIMUM_IMAGE_XYZ,N,383,1,0.1446167348545798
MINIMUM_IMAGE_XYZ,N,385,1,0.14442298985964783
MINIMUM_IMAGE_XYZ,N,387,1,0.14461673485458015
MINIMUM_IMAGE_XYZ,N,389,1,0.1445614056378809
MINIMUM_IMAGE_XYZ,N,391,1,0.1443398766800082
MINIMUM_IMAGE_XYZ,N,393,1,0.1443398766800082
MINIMUM_IMAGE_XYZ,N,395,1,0.14483438818181255
MINIMUM_IMAGE_XYZ,N,397,1,0.1445614056378809
MINIMUM_IMAGE_XYZ,N,399,1,0.14442298985964783
MINIMUM_IMAGE_XYZ,N,401,1,0.14464093473149287
MINIMUM_IMAGE_XYZ,N,403,1,0.1445614056378809
MINIMUM_IMAGE_XYZ,N,405,1,0.14433641259224939
MINIMUM_IMAGE_XYZ,N,407,1,0.14439182802361064
MINIMUM_IMAGE_XYZ,N,409,1,0.14433987668000794
MINIMUM_IMAGE_XYZ,N,411,1,0.1445614056378809
MINIMUM_IMAGE_XYZ,N,413,1,0.14439182802361064
MINIMUM_IMAGE_XYZ,N,415,1,0.14437797615980058
MINIMUM_IMAGE_XYZ,N,417,1,0.14439182802361025
MINIMUM_IMAGE_XYZ,N,419,1,0.1445614056378809
MINIMUM_IMAGE_XYZ,N,421,1,0.14428097587693287
MINIMUM_IMAGE_XYZ,N,423,1,0.14500000000000002
MINIMUM_IMAGE_XYZ,N,425,1,0.14500000000000002
MINIMUM_IMAGE_XYZ,N,427,1,0.14489306401619076
MINIMUM_IMAGE_XYZ,N,429,1,0.1448792600754161
MINIMUM_IMAGE_XYZ,N,431,1,0.14489306401619112
MINIMUM_IMAGE_XYZ,N,433,1,0.14500000000000002
MINIMUM_IMAGE_XYZ,N,435,1,0.14484129245487978
MINIMUM_IMAGE_XYZ,N,437,1,0.14489306401619115
MINIMUM_IMAGE_XYZ,N,439,1,0.1448378403594867
MINIMUM_IMAGE_XYZ,N,441,1,0.14500000000000002
MINIMUM_IMAGE_XYZ,N,443,1,0.14500000000000002
MINIMUM_IMAGE_XYZ,N,445,1,0.14492411807563313
MINIMUM_IMAGE_XYZ,N,447,1,0.14500000000000002
MINIMUM_IMAGE_XYZ,N,449,1,0.14500000000000002
MINIMUM_IMAGE_XYZ,N,451,1,0.14484129245488003
MINIMUM_IMAGE_XYZ,N,453,1,0.14484129245488003
MINIMUM_IMAGE_XYZ,N,455,1,0.14500000000000002
MINIMUM_IMAGE_XYZ,N,457,1,0.14500000000000002
MINIMUM_IMAGE_XYZ,N,459,1,0.14492411807563313
MINIMUM_IMAGE_XYZ,N,461,1,0.14500000000000002
MINIMUM_IMAGE_XYZ,N,463,1,0.14500000000000002
MINIMUM_IMAGE_XYZ,N,465,1,0.1448378403594867
MINIMUM_IMAGE_XYZ,N,467,1,0.14484129245487978
MINIMUM_IMAGE_XYZ,N,469,1,0.14500000000000002
MINIMUM_IMAGE_XYZ,N,471,1,0.14489306401619112
MINIMUM_IMAGE_XYZ,N,473,1,0.1448792600754161
MINIMUM_IMAGE_XYZ,N,475,1,0.14500000000000002
MINIMUM_IMAGE_XYZ,N,477,1,0.14489306401619076
MINIMUM_IMAGE_XYZ,N,479,1,0.14500000000000002
MINIMUM_IMAGE_XYZ,N,481,1,0.14428097587693287
MINIMUM_IMAGE_XYZ,N,483,1,0.14499999999999957
MINIMUM_IMAGE_XYZ,N,485,1,0.14489306401619076
MINIMUM_IMAGE_XYZ,N,487,1,0.14499999999999957
MINIMUM_IMAGE_XYZ,N,489,1,0.1448792600754161
MINIMUM_IMAGE_XYZ,N,491,1,0.14489306401619112
MINIMUM_IMAGE_XYZ,N,493,1,0.14499999999999957
MINIMUM_IMAGE_XYZ,N,495,1,0.14484129245487978
MINIMUM_IMAGE_XYZ,N,497,1,0.1448378403594867
MINIMUM_IMAGE_XYZ,N,499,1,0.14499999999999957
MINIMUM_IMAGE_XYZ,N,501,1,0.14499999999999957
MINIMUM_IMAGE_XYZ,N,503,1,0.14492411807563313
MINIMUM_IMAGE_XYZ,N,505,1,0.14499999999999957
MINIMUM_IMAGE_XYZ,N,507,1,0.14499999999999957
MINIMUM_IMAGE_XYZ,N,509,1,0.14484129245488003
MINIMUM_IMAGE_XYZ,N,511,1,0.14484129245488003
MINIMUM_IMAGE_XYZ,N,513,1,0.14499999999999957
MINIMUM_IMAGE_XYZ,N,515,1,0.14499999999999957
MINIMUM_IMAGE_XYZ,N,517,1,0.14492411807563313
MINIMUM_IMAGE_XYZ,N,519,1,0.14499999999999957
MINIMUM_IMAGE_XYZ,N,521,1,0.14499999999999957
MINIMUM_IMAGE_XYZ,N,523,1,0.1448378403594867
MINIMUM_IMAGE_XYZ,N,525,1,0.14489306401619115
MINIMUM_IMAGE_XYZ,N,527,1,0.14484129245487978
MINIMUM_IMAGE_XYZ,N,529,1,0.14499999999999957
MINIMUM_IMAGE_XYZ,N,531,1,0.14489306401619112
MINIMUM_IMAGE_XYZ,N,533,1,0.1448792600754161
MINIMUM_IMAGE_XYZ,N,535,1,0.14489306401619076
MINIMUM_IMAGE_XYZ,N,537,1,0.14499999999999957
MINIMUM_IMAGE_XYZ,N,539,1,0.14499999999999957
MINIMUM_IMAGE_XYZ,N,541,1,0.14481022063376636
MINIMUM_IMAGE_XYZ,N,543,1,0.14456140563788109
MINIMUM_IMAGE_XYZ,N,545,1,0.14439182802361047
MINIMUM_IMAGE_XYZ,N,547,1,0.1443779761598008
MINIMUM_IMAGE_XYZ,N,549,1,0.14439182802361084
MINIMUM_IMAGE_XYZ,N,551,1,0.14456140563788109
MINIMUM_IMAGE_XYZ,N,553,1,0.14433987668000817
MINIMUM_IMAGE_XYZ,N,555,1,0.14439182802361086
MINIMUM_IMAGE_XYZ,N,557,1,0.1443364125922496
MINIMUM_IMAGE_XYZ,N,559,1,0.14456140563788109
MINIMUM_IMAGE_XYZ,N,561,1,0.1446409347314931
MINIMUM_IMAGE_XYZ,N,563,1,0.14442298985964805
MINIMUM_IMAGE_XYZ,N,565,1,0.14456140563788109
MINIMUM_IMAGE_XYZ,N,567,1,0.14483438818181277
MINIMUM_IMAGE_XYZ,N,569,1,0.1443398766800084
MINIMUM_IMAGE_XYZ,N,571,1,0.1443398766800084
MINIMUM_IMAGE_XYZ,N,573,1,0.14456140563788109
MINIMUM_IMAGE_XYZ,N,575,1,0.14461673485458038
MINIMUM_IMAGE_XYZ,N,577,1,0.14442298985964805
MINIMUM_IMAGE_XYZ,N,579,1,0.14461673485458001
MINIMUM_IMAGE_XYZ,N,581,1,0.14456140563788109
MINIMUM_IMAGE_XYZ,N,583,1,0.1443364125922496
MINIMUM_IMAGE_XYZ,N,585,1,0.14433987668000817
MINIMUM_IMAGE_XYZ,N,587,1,0.14483438818181293
MINIMUM_IMAGE_XYZ,N,589,1,0.14439182802361084
MINIMUM_IMAGE_XYZ,N,591,1,0.1443779761598008
MINIMUM_IMAGE_XYZ,N,593,1,0.14477568856683093
MINIMUM_IMAGE_XYZ,N,595,1,0.14439182802361047
MINIMUM_IMAGE_XYZ,N,597,1,0.14481022063376636
MINIMUM_IMAGE_XYZ,N,599,1,0.14377760604489156
MINIMUM_IMAGE_XYZ,N,601,1,0.14500000000000046
MINIMUM_IMAGE_XYZ,N,603,1,0.14489306401619031
MINIMUM_IMAGE_XYZ,N,605,1,0.14500000000000046
MINIMUM_IMAGE_XYZ,N,607,1,0.14487926007541566
MINIMUM_IMAGE_XYZ,N,609,1,0.14489306401619068
MINIMUM_IMAGE_XYZ,N,611,1,0.14500000000000046
MINIMUM_IMAGE_XYZ,N,613,1,0.14484129245487934
MINIMUM_IMAGE_XYZ,N,615,1,0.14483784035948627
MINIMUM_IMAGE_XYZ,N,617,1,0.14500000000000046
MINIMUM_IMAGE_XYZ,N,619,1,0.14500000000000046
MINIMUM_IMAGE_XYZ,N,621,1,0.14492411807563269
MINIMUM_IMAGE_XYZ,N,623,1,0.14500000000000046
MINIMUM_IMAGE_XYZ,N,625,1,0.14500000000000046
MINIMUM_IMAGE_XYZ,N,627,1,0.14484129245487956
MINIMUM_IMAGE_XYZ,N,629,1,0.14484129245487956
MINIMUM_IMAGE_XYZ,N,631,1,0.14500000000000046
MINIMUM_IMAGE_XYZ,N,633,1,0.14500000000000046
MINIMUM_IMAGE_XYZ,N,635,1,0.14492411807563269
MINIMUM_IMAGE_XYZ,N,637,1,0.14500000000000046
MINIMUM_IMAGE_XYZ,N,639,1,0.14500000000000046
MINIMUM_IMAGE_XYZ,N,641,1,0.14483784035948627
MINIMUM_IMAGE_XYZ,N,643,1,0.1448930640161907
MINIMUM_IMAGE_XYZ,N,645,1,0.14484129245487934
MINIMUM_IMAGE_XYZ,N,647,1,0.14500000000000046
MINIMUM_IMAGE_XYZ,N,649,1,0.14489306401619068
MINIMUM_IMAGE_XYZ,N,651,1,0.14487926007541566
MINIMUM_IMAGE_XYZ,N,653,1,0.14489306401619031
MINIMUM_IMAGE_XYZ,N,655,1,0.14500000000000046
MINIMUM_IMAGE_XYZ,N,657,1,0.14500000000000046
MINIMUM_IMAGE_XYZ,N,659,1,0.14428097587693242
MINIMUM_IMAGE_XYZ,N,661,1,0.14400000000000013
MINIMUM_IMAGE_XYZ,N,663,1,0.14400000000000013
MINIMUM_IMAGE_XYZ,N,665,1,0.14400000000000013
MINIMUM_IMAGE_XYZ,N,667,1,0.14400000000000013
MINIMUM_IMAGE_XYZ,N,669,1,0.14400000000000013
MINIMUM_IMAGE_XYZ,N,671,1,0.14400000000000013
MINIMUM_IMAGE_XYZ,N,673,1,0.14400000000000013
MINIMUM_IMAGE_XYZ,N,675,1,0.14400000000000013
MINIMUM_IMAGE_XYZ,N,677,1,0.14400000000000013
MINIMUM_IMAGE_XYZ,N,679,1,0.14400000000000013
MINIMUM_IMAGE_XYZ,N,681,1,0.14400000000000013
MINIMUM_IMAGE_XYZ,N,683,1,0.14400000000000013
MINIMUM_IMAGE_XYZ,N,685,1,0.14400000000000013
MINIMUM_IMAGE_XYZ,N,687,1,0.14400000000000013
MINIMUM_IMAGE_XYZ,N,689,1,0.14400000000000013
MINIMUM_IMAGE_XYZ,N,691,1,0.14400000000000013
MINIMUM_IMAGE_XYZ,N,693,1,0.14400000000000013
MINIMUM_IMAGE_XYZ,N,695,1,0.14400000000000013
MINIMUM_IMAGE_XYZ,N,697,1,0.14400000000000013
MINIMUM_IMAGE_XYZ,N,699,1,0.14400000000000013
MINIMUM_IMAGE_XYZ,N,701,1,0.14400000000000013
MINIMUM_IMAGE_XYZ,N,703,1,0.14400000000000013
MINIMUM_IMAGE_XYZ,N,705,1,0.14400000000000013
MINIMUM_IMAGE_XYZ,N,707,1,0.14400000000000013
MINIMUM_IMAGE_XYZ,N,709,1,0.14400000000000013
MINIMUM_IMAGE_XYZ,N,711,1,0.14400000000000013
MINIMUM_IMAGE_XYZ,N,713,1,0.14400000000000013
MINIMUM_IMAGE_XYZ,N,715,1,0.14400000000000013
MINIMUM_IMAGE_XYZ,N,717,1,0.14400000000000013
MINIMUM_IMAGE_XYZ,N,719,1,0.14400000000000013
MINIMUM_IMAGE_XYZ,N,721,1,0.14439182802361047
MINIMUM_IMAGE_XYZ,N,723,1,0.14477568856683093
MINIMUM_IMAGE_XYZ,N,725,1,0.1443779761598008
MINIMUM_IMAGE_XYZ,N,727,1,0.14439182802361084
MINIMUM_IMAGE_XYZ,N,729,1,0.14483438818181293
MINIMUM_IMAGE_XYZ,N,731,1,0.14433987668000817
MINIMUM_IMAGE_XYZ,N,733,1,0.1443364125922496
MINIMUM_IMAGE_XYZ,N,735,1,0.14456140563788109
MINIMUM_IMAGE_XYZ,N,737,1,0.14461673485458001
MINIMUM_IMAGE_XYZ,N,739,1,0.14442298985964805
MINIMUM_IMAGE_XYZ,N,741,1,0.14461673485458038
MINIMUM_IMAGE_XYZ,N,743,1,0.14456140563788109
MINIMUM_IMAGE_XYZ,N,745,1,0.1443398766800084
MINIMUM_IMAGE_XYZ,N,747,1,0.1443398766800084
MINIMUM_IMAGE_XYZ,N,749,1,0.14483438818181277
MINIMUM_IMAGE_XYZ,N,751,1,0.14456140563788109
MINIMUM_IMAGE_XYZ,N,753,1,0.14442298985964805
MINIMUM_IMAGE_XYZ,N,755,1,0.1446409347314931
MINIMUM_IMAGE_XYZ,N,757,1,0.14456140563788109
MINIMUM_IMAGE_XYZ,N,759,1,0.1443364125922496
MINIMUM_IMAGE_XYZ,N,761,1,0.14439182802361086
MINIMUM_IMAGE_XYZ,N,763,1,0.14433987668000817
MINIMUM_IMAGE_XYZ,N,765,1,0.14456140563788109
MINIMUM_IMAGE_XYZ,N,767,1,0.14439182802361084
MINIMUM_IMAGE_XYZ,N,769,1,0.1443779761598008
MINIMUM_IMAGE_XYZ,N,771,1,0.14439182802361047
MINIMUM_IMAGE_XYZ,N,773,1,0.14456140563788109
MINIMUM_IMAGE_XYZ,N,775,1,0.14481022063376636
MINIMUM_IMAGE_XYZ,N,777,1,0.14377760604489156
MINIMUM_IMAGE_XYZ,N,779,1,0.14481022063376636
MINIMUM_IMAGE_XYZ,N,781,1,0.14439182802361047
MINIMUM_IMAGE_XYZ,N,783,1,0.1443779761598008
MINIMUM_IMAGE_XYZ,N,785,1,0.14439182802361084
MINIMUM_IMAGE_XYZ,N,787,1,0.14456140563788109
MINIMUM_IMAGE_XYZ,N,789,1,0.14433987668000817
MINIMUM_IMAGE_XYZ,N,791,1,0.14439182802361086
MINIMUM_IMAGE_XYZ,N,793,1,0.1443364125922496
MINIMUM_IMAGE_XYZ,N,795,1,0.14456140563788109
MINIMUM_IMAGE_XYZ,N,797,1,0.1446409347314931
MINIMUM_IMAGE_XYZ,N,799,1,0.14442298985964805
MINIMUM_IMAGE_XYZ,N,801,1,0.14456140563788109
MINIMUM_IMAGE_XYZ,N,803,1,0.14483438818181277
MINIMUM_IMAGE_XYZ,N,805,1,0.1443398766800084
MINIMUM_IMAGE_XYZ,N,807,1,0.1443398766800084
MINIMUM_IMAGE_XYZ,N,809,1,0.14456140563788109
MINIMUM_IMAGE_XYZ,N,811,1,0.14461673485458038
MINIMUM_IMAGE_XYZ,N,813,1,0.14442298985964805
MINIMUM_IMAGE_XYZ,N,815,1,0.14461673485458001
MINIMUM_IMAGE_XYZ,N,817,1,0.14456140563788109
MINIMUM_IMAGE_XYZ,N,819,1,0.1443364125922496
MINIMUM_IMAGE_XYZ,N,821,1,0.14433987668000817
MINIMUM_IMAGE_XYZ,N,823,1,0.14483438818181293
MINIMUM_IMAGE_XYZ,N,825,1,0.14439182802361084
MINIMUM_IMAGE_XYZ,N,827,1,0.1443779761598008
MINIMUM_IMAGE_XYZ,N,829,1,0.14477568856683093
MINIMUM_IMAGE_XYZ,N,831,1,0.14439182802361047
MINIMUM_IMAGE_XYZ,N,833,1,0.14481022063376636
MINIMUM_IMAGE_XYZ,N,835,1,0.14377760604489156
MINIMUM_IMAGE_XYZ,N,837,1,0.14481022063376636
MINIMUM_IMAGE_XYZ,N,839,1,0.14456140563788109
MINIMUM_IMAGE_XYZ,N,841,1,0.14500000000000046
MINIMUM_IMAGE_XYZ,N,843,1,0.14487926007541566
MINIMUM_IMAGE_XYZ,N,845,1,0.14489306401619068
MINIMUM_IMAGE_XYZ,N,847,1,0.14500000000000046
MINIMUM_IMAGE_XYZ,N,849,1,0.14484129245487934
MINIMUM_IMAGE_XYZ,N,851,1,0.14483784035948627
MINIMUM_IMAGE_XYZ,N,853,1,0.14500000000000046
MINIMUM_IMAGE_XYZ,N,855,1,0.14500000000000046
MINIMUM_IMAGE_XYZ,N,857,1,0.14492411807563269
MINIMUM_IMAGE_XYZ,N,859,1,0.14500000000000046
MINIMUM_IMAGE_XYZ,N,861,1,0.14500000000000046
MINIMUM_IMAGE_XYZ,N,863,1,0.14484129245487956
MINIMUM_IMAGE_XYZ,N,865,1,0.14484129245487956
MINIMUM_IMAGE_XYZ,N,867,1,0.14500000000000046
MINIMUM_IMAGE_XYZ,N,869,1,0.14500000000000046
MINIMUM_IMAGE_XYZ,N,871,1,0.14492411807563269
MINIMUM_IMAGE_XYZ,N,873,1,0.14500000000000046
MINIMUM_IMAGE_XYZ,N,875,1,0.14500000000000046
MINIMUM_IMAGE_XYZ,N,877,1,0.14483784035948627
MINIMUM_IMAGE_XYZ,N,879,1,0.1448930640161907
MINIMUM_IMAGE_XYZ,N,881,1,0.14484129245487934
MINIMUM_IMAGE_XYZ,N,883,1,0.14500000000000046
MINIMUM_IMAGE_XYZ,N,885,1,0.14489306401619068
MINIMUM_IMAGE_XYZ,N,887,1,0.14487926007541566
MINIMUM_IMAGE_XYZ,N,889,1,0.14489306401619031
MINIMUM_IMAGE_XYZ,N,891,1,0.14500000000000046
MINIMUM_IMAGE_XYZ,N,893,1,0.14500000000000046
MINIMUM_IMAGE_XYZ,N,895,1,0.14428097587693242
MINIMUM_IMAGE_XYZ,N,897,1,0.14500000000000046
MINIMUM_IMAGE_XYZ,N,899,1,0.14489306401619031
MINIMUM_IMAGE_XYZ,N,901,1,0.1443779761598008
MINIMUM_IMAGE_XYZ,N,903,1,0.14439182802361084
MINIMUM_IMAGE_XYZ,N,905,1,0.14456140563788109
MINIMUM_IMAGE_XYZ,N,907,1,0.14433987668000817
MINIMUM_IMAGE_XYZ,N,909,1,0.14439182802361086
MINIMUM_IMAGE_XYZ,N,911,1,0.1443364125922496
MINIMUM_IMAGE_XYZ,N,913,1,0.14456140563788109
MINIMUM_IMAGE_XYZ,N,915,1,0.1446409347314931
MINIMUM_IMAGE_XYZ,N,917,1,0.14442298985964805
MINIMUM_IMAGE_XYZ,N,919,1,0.14456140563788109
MINIMUM_IMAGE_XYZ,N,921,1,0.14483438818181277
MINIMUM_IMAGE_XYZ,N,923,1,0.1443398766800084
MINIMUM_IMAGE_XYZ,N,925,1,0.1443398766800084
MINIMUM_IMAGE_XYZ,N,927,1,0.14456140563788109
MINIMUM_IMAGE_XYZ,N,929,1,0.14461673485458038
MINIMUM_IMAGE_XYZ,N,931,1,0.14442298985964805
MINIMUM_IMAGE_XYZ,N,933,1,0.14461673485458001
MINIMUM_IMAGE_XYZ,N,935,1,0.14456140563788109
MINIMUM_IMAGE_XYZ,N,937,1,0.1443364125922496
MINIMUM_IMAGE_XYZ,N,939,1,0.14433987668000817
MINIMUM_IMAGE_XYZ,N,941,1,0.14483438818181293
MINIMUM_IMAGE_XYZ,N,943,1,0.14439182802361084
MINIMUM_IMAGE_XYZ,N,945,1,0.1443779761598008
MINIMUM_IMAGE_XYZ,N,947,1,0.14477568856683093
MINIMUM_IMAGE_XYZ,N,949,1,0.14439182802361047
MINIMUM_IMAGE_XYZ,N,951,1,0.14481022063376636
MINIMUM_IMAGE_XYZ,N,953,1,0.14377760604489156
MINIMUM_IMAGE_XYZ,N,955,1,0.14481022063376636
MINIMUM_IMAGE_XYZ,N,957,1,0.14456140563788109
MINIMUM_IMAGE_XYZ,N,959,1,0.14439182802361047
MINIMUM_IMAGE_XYZ,N,961,1,0.1443779761598008
MINIMUM_IMAGE_XYZ,N,963,1,0.14439182802361084
MINIMUM_IMAGE_XYZ,N,965,1,0.14483438818181293
MINIMUM_IMAGE_XYZ,N,967,1,0.14433987668000817
MINIMUM_IMAGE_XYZ,N,969,1,0.1443364125922496
MINIMUM_IMAGE_XYZ,N,971,1,0.14456140563788109
MINIMUM_IMAGE_XYZ,N,973,1,0.14461673485458001
MINIMUM_IMAGE_XYZ,N,975,1,0.14442298985964805
MINIMUM_IMAGE_XYZ,N,977,1,0.14461673485458038
MINIMUM_IMAGE_XYZ,N,979,1,0.14456140563788109
MINIMUM_IMAGE_XYZ,N,981,1,0.1443398766800084
MINIMUM_IMAGE_XYZ,N,983,1,0.1443398766800084
MINIMUM_IMAGE_XYZ,N,985,1,0.14483438818181277
MINIMUM_IMAGE_XYZ,N,987,1,0.14456140563788109
MINIMUM_IMAGE_XYZ,N,989,1,0.14442298985964805
MINIMUM_IMAGE_XYZ,N,991,1,0.1446409347314931
MINIMUM_IMAGE_XYZ,N,993,1,0.14456140563788109
MINIMUM_IMAGE_XYZ,N,995,1,0.1443364125922496
MINIMUM_IMAGE_XYZ,N,997,1,0.14439182802361086
MINIMUM_IMAGE_XYZ,N,999,1,0.14433987668000817
MINIMUM_IMAGE_XYZ,N,1001,1,0.14456140563788109
MINIMUM_IMAGE_XYZ,N,1003,1,0.14439182802361084
MINIMUM_IMAGE_XYZ,N,1005,1,0.1443779761598008
MINIMUM_IMAGE_XYZ,N,1007,1,0.14439182802361047
MINIMUM_IMAGE_XYZ,N,1009,1,0.14456140563788109
MINIMUM_IMAGE_XYZ,N,1011,1,0.14481022063376636
MINIMUM_IMAGE_XYZ,N,1013,1,0.14377760604489156
MINIMUM_IMAGE_XYZ,N,1015,1,0.14481022063376636
MINIMUM_IMAGE_XYZ,N,1017,1,0.14439182802361047
MINIMUM_IMAGE_XYZ,N,1019,1,0.14477568856683093
MINIMUM_IMAGE_XYZ,N,1021,1,0.14489306401619112
MINIMUM_IMAGE_XYZ,N,1023,1,0.14499999999999957
MINIMUM_IMAGE_XYZ,N,1025,1,0.14484129245487978
MINIMUM_IMAGE_XYZ,N,1027,1,0.14489306401619115
MINIMUM_IMAGE_XYZ,N,1029,1,0.1448378403594867
MINIMUM_IMAGE_XYZ,N,1031,1,0.14499999999999957
MINIMUM_IMAGE_XYZ,N,1033,1,0.14499999999999957
MINIMUM_IMAGE_XYZ,N,1035,1,0.14492411807563313
MINIMUM_IMAGE_XYZ,N,1037,1,0.14499999999999957
MINIMUM_IMAGE_XYZ,N,1039,1,0.14499999999999957
MINIMUM_IMAGE_XYZ,N,1041,1,0.14484129245488003
MINIMUM_IMAGE_XYZ,N,1043,1,0.14484129245488003
MINIMUM_IMAGE_XYZ,N,1045,1,0.14499999999999957
MINIMUM_IMAGE_XYZ,N,1047,1,0.14499999999999957
MINIMUM_IMAGE_XYZ,N,1049,1,0.14492411807563313
MINIMUM_IMAGE_XYZ,N,1051,1,0.14499999999999957
MINIMUM_IMAGE_XYZ,N,1053,1,0.14499999999999957
MINIMUM_IMAGE_XYZ,N,1055,1,0.1448378403594867
MINIMUM_IMAGE_XYZ,N,1057,1,0.14484129245487978
MINIMUM_IMAGE_XYZ,N,1059,1,0.14499999999999957
MINIMUM_IMAGE_XYZ,N,1061,1,0.14489306401619112
MINIMUM_IMAGE_XYZ,N,1063,1,0.1448792600754161
MINIMUM_IMAGE_XYZ,N,1065,1,0.14499999999999957
MINIMUM_IMAGE_XYZ,N,1067,1,0.14489306401619076
MINIMUM_IMAGE_XYZ,N,1069,1,0.14499999999999957
MINIMUM_IMAGE_XYZ,N,1071,1,0.14428097587693287
MINIMUM_IMAGE_XYZ,N,1073,1,0.14499999999999957
MINIMUM_IMAGE_XYZ,N,1075,1,0.14499999999999957
MINIMUM_IMAGE_XYZ,N,1077,1,0.14489306401619076
MINIMUM_IMAGE_XYZ,N,1079,1,0.1448792600754161
MINIMUM_IMAGE_XYZ,N,1081,1,0.14489306401619112
MINIMUM_IMAGE_XYZ,N,1083,1,0.14499999999999957
MINIMUM_IMAGE_XYZ,N,1085,1,0.14484129245487978
MINIMUM_IMAGE_XYZ,N,1087,1,0.1448378403594867
MINIMUM_IMAGE_XYZ,N,1089,1,0.14499999999999957
MINIMUM_IMAGE_XYZ,N,1091,1,0.14499999999999957
MINIMUM_IMAGE_XYZ,N,1093,1,0.14492411807563313
MINIMUM_IMAGE_XYZ,N,1095,1,0.14499999999999957
MINIMUM_IMAGE_XYZ,N,1097,1,0.14499999999999957
MINIMUM_IMAGE_XYZ,N,1099,1,0.14484129245488003
MINIMUM_IMAGE_XYZ,N,1101,1,0.14484129245488003
MINIMUM_IMAGE_XYZ,N,1103,1,0.14499999999999957
MINIMUM_IMAGE_XYZ,N,1105,1,0.14499999999999957
MINIMUM_IMAGE_XYZ,N,1107,1,0.14492411807563313
MINIMUM_IMAGE_XYZ,N,1109,1,0.14499999999999957
MINIMUM_IMAGE_XYZ,N,1111,1,0.14499999999999957
MINIMUM_IMAGE_XYZ,N,1113,1,0.1448378403594867
MINIMUM_IMAGE_XYZ,N,1115,1,0.14489306401619115
MINIMUM_IMAGE_XYZ,N,1117,1,0.14484129245487978
MINIMUM_IMAGE_XYZ,N,1119,1,0.14499999999999957
MINIMUM_IMAGE_XYZ,N,1121,1,0.14489306401619112
MINIMUM_IMAGE_XYZ,N,1123,1,0.1448792600754161
MINIMUM_IMAGE_XYZ,N,1125,1,0.14489306401619076
MINIMUM_IMAGE_XYZ,N,1127,1,0.14499999999999957
MINIMUM_IMAGE_XYZ,N,1129,1,0.14499999999999957
MINIMUM_IMAGE_XYZ,N,1131,1,0.14428097587693287
MINIMUM_IMAGE_XYZ,N,1133,1,0.14499999999999957
MINIMUM_IMAGE_XYZ,N,1135,1,0.14489306401619076
MINIMUM_IMAGE_XYZ,N,1137,1,0.14499999999999957
MINIMUM_IMAGE_XYZ,N,1139,1,0.1448792600754161
MINIMUM_IMAGE_XYZ,N,1141,1,0.14400000000000013
MINIMUM_IMAGE_XYZ,N,1143,1,0.14400000000000013
MINIMUM_IMAGE_XYZ,N,1145,1,0.14400000000000013
MINIMUM_IMAGE_XYZ,N,1147,1,0.14400000000000013
MINIMUM_IMAGE_XYZ,N,1149,1,0.14400000000000013
MINIMUM_IMAGE_XYZ,N,1151,1,0.14400000000000013
MINIMUM_IMAGE_XYZ,N,1153,1,0.14400000000000013
MINIMUM_IMAGE_XYZ,N,1155,1,0.14400000000000013
MINIMUM_IMAGE_XYZ,N,1157,1,0.14400000000000013
MINIMUM_IMAGE_XYZ,N,1159,1,0.14400000000000013
MINIMUM_IMAGE_XYZ,N,1161,1,0.14400000000000013
MINIMUM_IMAGE_XYZ,N,1163,1,0.14400000000000013
MINIMUM_IMAGE_XYZ,N,1165,1,0.14400000000000013
MINIMUM_IMAGE_XYZ,N,1167,1,0.14400000000000013
MINIMUM_IMAGE_XYZ,N,1169,1,0.14400000000000013
MINIMUM_IMAGE_XYZ,N,1171,1,0.14400000000000013
MINIMUM_IMAGE_XYZ,N,1173,1,0.14400000000000013
MINIMUM_IMAGE_XYZ,N,1175,1,0.14400000000000013
MINIMUM_IMAGE_XYZ,N,1177,1,0.14400000000000013
MINIMUM_IMAGE_XYZ,N,1179,1,0.14400000000000013
MINIMUM_IMAGE_XYZ,N,1181,1,0.14400000000000013
MINIMUM_IMAGE_XYZ,N,1183,1,0.14400000000000013
MINIMUM_IMAGE_XYZ,N,1185,1,0.14400000000000013
MINIMUM_IMAGE_XYZ,N,1187,1,0.14400000000000013
MINIMUM_IMAGE_XYZ,N,1189,1,0.14400000000000013
MINIMUM_IMAGE_XYZ,N,1191,1,0.14400000000000013
MINIMUM_IMAGE_XYZ,N,1193,1,0.14400000000000013
MINIMUM_IMAGE_XYZ,N,1195,1,0.14400000000000013
MINIMUM_IMAGE_XYZ,N,1197,1,0.14400000000000013
MINIMUM_IMAGE_XYZ,N,1199,1,0.14400000000000013
MINIMUM_IMAGE_XYZ,N,1201,1,0.14483438818181293
MINIMUM_IMAGE_XYZ,N,1203,1,0.14433987668000817
MINIMUM_IMAGE_XYZ,N,1205,1,0.1443364125922496
MINIMUM_IMAGE_XYZ,N,1207,1,0.14456140563788109
MINIMUM_IMAGE_XYZ,N,1209,1,0.14461673485458001
MINIMUM_IMAGE_XYZ,N,1211,1,0.14442298985964805
MINIMUM_IMAGE_XYZ,N,1213,1,0.14461673485458038
MINIMUM_IMAGE_XYZ,N,1215,1,0.14456140563788109
MINIMUM_IMAGE_XYZ,N,1217,1,0.1443398766800084
MINIMUM_IMAGE_XYZ,N,1219,1,0.1443398766800084
MINIMUM_IMAGE_XYZ,N,1221,1,0.14483438818181277
MINIMUM_IMAGE_XYZ,N,1223,1,0.14456140563788109
MINIMUM_IMAGE_XYZ,N,1225,1,0.14442298985964805
MINIMUM_IMAGE_XYZ,N,1227,1,0.1446409347314931
MINIMUM_IMAGE_XYZ,N,1229,1,0.14456140563788109
MINIMUM_IMAGE_XYZ,N,1231,1,0.1443364125922496
MINIMUM_IMAGE_XYZ,N,1233,1,0.14439182802361086
MINIMUM_IMAGE_XYZ,N,1235,1,0.14433987668000817
MINIMUM_IMAGE_XYZ,N,1237,1,0.14456140563788109
MINIMUM_IMAGE_XYZ,N,1239,1,0.14439182802361084
MINIMUM_IMAGE_XYZ,N,1241,1,0.1443779761598008
MINIMUM_IMAGE_XYZ,N,1243,1,0.14439182802361047
MINIMUM_IMAGE_XYZ,N,1245,1,0.14456140563788109
MINIMUM_IMAGE_XYZ,N,1247,1,0.14481022063376636
MINIMUM_IMAGE_XYZ,N,1249,1,0.14377760604489156
MINIMUM_IMAGE_XYZ,N,1251,1,0.14481022063376636
MINIMUM_IMAGE_XYZ,N,1253,1,0.14439182802361047
MINIMUM_IMAGE_XYZ,N,1255,1,0.14477568856683093
MINIMUM_IMAGE_XYZ,N,1257,1,0.1443779761598008
MINIMUM_IMAGE_XYZ,N,1259,1,0.14439182802361084
MINIMUM_IMAGE_XYZ,N,1261,1,0.14433987668000817
MINIMUM_IMAGE_XYZ,N,1263,1,0.14439182802361086
MINIMUM_IMAGE_XYZ,N,1265,1,0.1443364125922496
MINIMUM_IMAGE_XYZ,N,1267,1,0.14456140563788109
MINIMUM_IMAGE_XYZ,N,1269,1,0.1446409347314931
MINIMUM_IMAGE_XYZ,N,1271,1,0.14442298985964805
MINIMUM_IMAGE_XYZ,N,1273,1,0.14456140563788109
MINIMUM_IMAGE_XYZ,N,1275,1,0.14483438818181277
MINIMUM_IMAGE_XYZ,N,1277,1,0.1443398766800084
MINIMUM_IMAGE_XYZ,N,1279,1,0.1443398766800084
MINIMUM_IMAGE_XYZ,N,1281,1,0.14456140563788109
MINIMUM_IMAGE_XYZ,N,1283,1,0.14461673485458038
MINIMUM_IMAGE_XYZ,N,1285,1,0.14442298985964805
MINIMUM_IMAGE_XYZ,N,1287,1,0.14461673485458001
MINIMUM_IMAGE_XYZ,N,1289,1,0.14456140563788109
MINIMUM_IMAGE_XYZ,N,1291,1,0.1443364125922496
MINIMUM_IMAGE_XYZ,N,1293,1,0.14433987668000817
MINIMUM_IMAGE_XYZ,N,1295,1,0.14483438818181293
MINIMUM_IMAGE_XYZ,N,1297,1,0.14439182802361084
MINIMUM_IMAGE_XYZ,N,1299,1,0.1443779761598008
MINIMUM_IMAGE_XYZ,N,1301,1,0.14477568856683093
MINIMUM_IMAGE_XYZ,N,1303,1,0.14439182802361047
MINIMUM_IMAGE_XYZ,N,1305,1,0.14481022063376636
MINIMUM_IMAGE_XYZ,N,1307,1,0.14377760604489156
MINIMUM_IMAGE_XYZ,N,1309,1,0.14481022063376636
MINIMUM_IMAGE_XYZ,N,1311,1,0.14456140563788109
MINIMUM_IMAGE_XYZ,N,1313,1,0.14439182802361047
MINIMUM_IMAGE_XYZ,N,1315,1,0.1443779761598008
MINIMUM_IMAGE_XYZ,N,1317,1,0.14439182802361084
MINIMUM_IMAGE_XYZ,N,1319,1,0.14456140563788109
MINIMUM_IMAGE_XYZ,N,1321,1,0.14433987668000817
MINIMUM_IMAGE_XYZ,N,1323,1,0.1443364125922496
MINIMUM_IMAGE_XYZ,N,1325,1,0.14456140563788109
MINIMUM_IMAGE_XYZ,N,1327,1,0.14461673485458001
MINIMUM_IMAGE_XYZ,N,1329,1,0.14442298985964805
MINIMUM_IMAGE_XYZ,N,1331,1,0.14461673485458038
MINIMUM_IMAGE_XYZ,N,1333,1,0.14456140563788109
MINIMUM_IMAGE_XYZ,N,1335,1,0.1443398766800084
MINIMUM_IMAGE_XYZ,N,1337,1,0.1443398766800084
MINIMUM_IMAGE_XYZ,N,1339,1,0.14483438818181277
MINIMUM_IMAGE_XYZ,N,1341,1,0.14456140563788109
MINIMUM_IMAGE_XYZ,N,1343,1,0.14442298985964805
MINIMUM_IMAGE_XYZ,N,1345,1,0.1446409347314931
MINIMUM_IMAGE_XYZ,N,1347,1,0.14456140563788109
MINIMUM_IMAGE_XYZ,N,1349,1,0.1443364125922496
MINIMUM_IMAGE_XYZ,N,1351,1,0.14439182802361086
MINIMUM_IMAGE_XYZ,N,1353,1,0.14433987668000817
MINIMUM_IMAGE_XYZ,N,1355,1,0.14456140563788109
MINIMUM_IMAGE_XYZ,N,1357,1,0.14439182802361084
MINIMUM_IMAGE_XYZ,N,1359,1,0.1443779761598008
MINIMUM_IMAGE_XYZ,N,1361,1,0.14439182802361047
MINIMUM_IMAGE_XYZ,N,1363,1,0.14456140563788109
MINIMUM_IMAGE_XYZ,N,1365,1,0.14481022063376636
MINIMUM_IMAGE_XYZ,N,1367,1,0.14377760604489156
MINIMUM_IMAGE_XYZ,N,1369,1,0.14481022063376636
MINIMUM_IMAGE_XYZ,N,1371,1,0.14439182802361047
MINIMUM_IMAGE_XYZ,N,1373,1,0.14477568856683093
MINIMUM_IMAGE_XYZ,N,1375,1,0.1443779761598008
MINIMUM_IMAGE_XYZ,N,1377,1,0.14439182802361084
MINIMUM_IMAGE_XYZ,N,1379,1,0.14483438818181293
MINIMUM_IMAGE_XYZ,N,1381,1,0.1448930640161907
MINIMUM_IMAGE_XYZ,N,1383,1,0.14483784035948627
MINIMUM_IMAGE_XYZ,N,1385,1,0.14500000000000046
MINIMUM_IMAGE_XYZ,N,1387,1,0.14500000000000046
MINIMUM_IMAGE_XYZ,N,1389,1,0.14492411807563269
MINIMUM_IMAGE_XYZ,N,1391,1,0.14500000000000046
MINIMUM_IMAGE_XYZ,N,1393,1,0.14500000000000046
MINIMUM_IMAGE_XYZ,N,1395,1,0.14484129245487956
MINIMUM_IMAGE_XYZ,N,1397,1,0.14484129245487956
MINIMUM_IMAGE_XYZ,N,1399,1,0.14500000000000046
MINIMUM_IMAGE_XYZ,N,1401,1,0.14500000000000046
MINIMUM_IMAGE_XYZ,N,1403,1,0.14492411807563269
MINIMUM_IMAGE_XYZ,N,1405,1,0.14500000000000046
MINIMUM_IMAGE_XYZ,N,1407,1,0.14500000000000046
MINIMUM_IMAGE_XYZ,N,1409,1,0.14483784035948627
MINIMUM_IMAGE_XYZ,N,1411,1,0.14484129245487934
MINIMUM_IMAGE_XYZ,N,1413,1,0.14500000000000046
MINIMUM_IMAGE_XYZ,N,1415,1,0.14489306401619068
MINIMUM_IMAGE_XYZ,N,1417,1,0.14487926007541566
MINIMUM_IMAGE_XYZ,N,1419,1,0.14500000000000046
MINIMUM_IMAGE_XYZ,N,1421,1,0.14489306401619031
MINIMUM_IMAGE_XYZ,N,1423,1,0.14500000000000046
MINIMUM_IMAGE_XYZ,N,1425,1,0.14428097587693242
MINIMUM_IMAGE_XYZ,N,1427,1,0.14500000000000046
MINIMUM_IMAGE_XYZ,N,1429,1,0.14500000000000046
MINIMUM_IMAGE_XYZ,N,1431,1,0.14489306401619031
MINIMUM_IMAGE_XYZ,N,1433,1,0.14487926007541566
MINIMUM_IMAGE_XYZ,N,1435,1,0.14489306401619068
MINIMUM_IMAGE_XYZ,N,1437,1,0.14500000000000046
MINIMUM_IMAGE_XYZ,N,1439,1,0.14484129245487934
MINIMUM_IMAGE_XYZ,N,1441,1,0.14483784035948627
MINIMUM_IMAGE_XYZ,N,1443,1,0.14500000000000046
MINIMUM_IMAGE_XYZ,N,1445,1,0.14500000000000046
MINIMUM_IMAGE_XYZ,N,1447,1,0.14492411807563269
MINIMUM_IMAGE_XYZ,N,1449,1,0.14500000000000046
MINIMUM_IMAGE_XYZ,N,1451,1,0.14500000000000046
MINIMUM_IMAGE_XYZ,N,1453,1,0.14484129245487956
MINIMUM_IMAGE_XYZ,N,1455,1,0.14484129245487956
MINIMUM_IMAGE_XYZ,N,1457,1,0.14500000000000046
MINIMUM_IMAGE_XYZ,N,1459,1,0.14500000000000046
MINIMUM_IMAGE_XYZ,N,1461,1,0.14492411807563269
MINIMUM_IMAGE_XYZ,N,1463,1,0.14500000000000046
MINIMUM_IMAGE_XYZ,N,1465,1,0.14500000000000046
MINIMUM_IMAGE_XYZ,N,1467,1,0.14483784035948627
MINIMUM_IMAGE_XYZ,N,1469,1,0.1448930640161907
MINIMUM_IMAGE_XYZ,N,1471,1,0.14484129245487934
MINIMUM_IMAGE_XYZ,N,1473,1,0.14500000000000046
MINIMUM_IMAGE_XYZ,N,1475,1,0.14489306401619068
MINIMUM_IMAGE_XYZ,N,1477,1,0.14487926007541566
MINIMUM_IMAGE_XYZ,N,1479,1,0.14489306401619031
MINIMUM_IMAGE_XYZ,N,1481,1,0.14500000000000046
MINIMUM_IMAGE_XYZ,N,1483,1,0.14500000000000046
MINIMUM_IMAGE_XYZ,N,1485,1,0.14428097587693242
MINIMUM_IMAGE_XYZ,N,1487,1,0.14500000000000046
MINIMUM_IMAGE_XYZ,N,1489,1,0.14489306401619031
MINIMUM_IMAGE_XYZ,N,1491,1,0.14500000000000046
MINIMUM_IMAGE_XYZ,N,1493,1,0.14487926007541566
MINIMUM_IMAGE_XYZ,N,1495,1,0.14489306401619068
MINIMUM_IMAGE_XYZ,N,1497,1,0.14500000000000046
MINIMUM_IMAGE_XYZ,N,1499,1,0.14484129245487934
MINIMUM_IMAGE_XYZ,N,1501,1,0.1443364125922496
MINIMUM_IMAGE_XYZ,N,1503,1,0.14456140563788109
MINIMUM_IMAGE_XYZ,N,1505,1,0.1446409347314931
MINIMUM_IMAGE_XYZ,N,1507,1,0.14442298985964805
MINIMUM_IMAGE_XYZ,N,1509,1,0.14456140563788109
MINIMUM_IMAGE_XYZ,N,1511,1,0.14483438818181277
MINIMUM_IMAGE_XYZ,N,1513,1,0.1443398766800084
MINIMUM_IMAGE_XYZ,N,1515,1,0.1443398766800084
MINIMUM_IMAGE_XYZ,N,1517,1,0.14456140563788109
MINIMUM_IMAGE_XYZ,N,1519,1,0.14461673485458038
MINIMUM_IMAGE_XYZ,N,1521,1,0.14442298985964805
MINIMUM_IMAGE_XYZ,N,1523,1,0.14461673485458001
MINIMUM_IMAGE_XYZ,N,1525,1,0.14456140563788109
MINIMUM_IMAGE_XYZ,N,1527,1,0.1443364125922496
MINIMUM_IMAGE_XYZ,N,1529,1,0.14433987668000817
MINIMUM_IMAGE_XYZ,N,1531,1,0.14483438818181293
MINIMUM_IMAGE_XYZ,N,1533,1,0.14439182802361084
MINIMUM_IMAGE_XYZ,N,1535,1,0.1443779761598008
MINIMUM_IMAGE_XYZ,N,1537,1,0.14477568856683093
MINIMUM_IMAGE_XYZ,N,1539,1,0.14439182802361047
MINIMUM_IMAGE_XYZ,N,1541,1,0.14481022063376636
MINIMUM_IMAGE_XYZ,N,1543,1,0.14377760604489156
MINIMUM_IMAGE_XYZ,N,1545,1,0.14481022063376636
MINIMUM_IMAGE_XYZ,N,1547,1,0.14456140563788109
MINIMUM_IMAGE_XYZ,N,1549,1,0.14439182802361047
MINIMUM_IMAGE_XYZ,N,1551,1,0.1443779761598008
MINIMUM_IMAGE_XYZ,N,1553,1,0.14439182802361084
MINIMUM_IMAGE_XYZ,N,1555,1,0.14456140563788109
MINIMUM_IMAGE_XYZ,N,1557,1,0.14433987668000817
MINIMUM_IMAGE_XYZ,N,1559,1,0.14439182802361086
MINIMUM_IMAGE_XYZ,N,1561,1,0.14499999999999957
MINIMUM_IMAGE_XYZ,N,1563,1,0.14499999999999957
MINIMUM_IMAGE_XYZ,N,1565,1,0.14492411807563313
MINIMUM_IMAGE_XYZ,N,1567,1,0.14499999999999957
MINIMUM_IMAGE_XYZ,N,1569,1,0.14499999999999957
MINIMUM_IMAGE_XYZ,N,1571,1,0.14484129245488003
MINIMUM_IMAGE_XYZ,N,1573,1,0.14484129245488003
MINIMUM_IMAGE_XYZ,N,1575,1,0.14499999999999957
MINIMUM_IMAGE_XYZ,N,1577,1,0.14499999999999957
MINIMUM_IMAGE_XYZ,N,1579,1,0.14492411807563313
MINIMUM_IMAGE_XYZ,N,1581,1,0.14499999999999957
MINIMUM_IMAGE_XYZ,N,1583,1,0.14499999999999957
MINIMUM_IMAGE_XYZ,N,1585,1,0.1448378403594867
MINIMUM_IMAGE_XYZ,N,1587,1,0.14489306401619115
MINIMUM_IMAGE_XYZ,N,1589,1,0.14484129245487978
MINIMUM_IMAGE_XYZ,N,1591,1,0.14499999999999957
MINIMUM_IMAGE_XYZ,N,1593,1,0.14489306401619112
MINIMUM_IMAGE_XYZ,N,1595,1,0.1448792600754161
MINIMUM_IMAGE_XYZ,N,1597,1,0.14489306401619076
MINIMUM_IMAGE_XYZ,N,1599,1,0.14499999999999957
MINIMUM_IMAGE_XYZ,N,1601,1,0.14499999999999957
MINIMUM_IMAGE_XYZ,N,1603,1,0.14428097587693287
MINIMUM_IMAGE_XYZ,N,1605,1,0.14499999999999957
MINIMUM_IMAGE_XYZ,N,1607,1,0.14489306401619076
MINIMUM_IMAGE_XYZ,N,1609,1,0.14499999999999957
MINIMUM_IMAGE_XYZ,N,1611,1,0.1448792600754161
MINIMUM_IMAGE_XYZ,N,1613,1,0.14489306401619112
MINIMUM_IMAGE_XYZ,N,1615,1,0.14499999999999957
MINIMUM_IMAGE_XYZ,N,1617,1,0.14484129245487978
MINIMUM_IMAGE_XYZ,N,1619,1,0.1448378403594867
MINIMUM_IMAGE_XYZ,N,1621,1,0.14500000000000046
MINIMUM_IMAGE_XYZ,N,1623,1,0.14500000000000046
MINIMUM_IMAGE_XYZ,N,1625,1,0.14500000000000046
MINIMUM_IMAGE_XYZ,N,1627,1,0.14500000000000046
MINIMUM_IMAGE_XYZ,N,1629,1,0.14500000000000046
MINIMUM_IMAGE_XYZ,N,1631,1,0.14500000000000046
MINIMUM_IMAGE_XYZ,N,1633,1,0.14500000000000046
MINIMUM_IMAGE_XYZ,N,1635,1,0.14500000000000046
MINIMUM_IMAGE_XYZ,N,1637,1,0.14500000000000046
MINIMUM_IMAGE_XYZ,N,1639,1,0.14500000000000046
MINIMUM_IMAGE_XYZ,N,1641,1,0.14500000000000046
MINIMUM_IMAGE_XYZ,N,1643,1,0.14500000000000046
MINIMUM_IMAGE_XYZ,N,1645,1,0.14500000000000046
MINIMUM_IMAGE_XYZ,N,1647,1,0.14500000000000046
MINIMUM_IMAGE_XYZ,N,1649,1,0.14500000000000046
MINIMUM_IMAGE_XYZ,N,1651,1,0.14500000000000046
MINIMUM_IMAGE_XYZ,N,1653,1,0.14500000000000046
MINIMUM_IMAGE_XYZ,N,1655,1,0.14500000000000046
MINIMUM_IMAGE_XYZ,N,1657,1,0.14500000000000046
MINIMUM_IMAGE_XYZ,N,1659,1,0.14500000000000046
MINIMUM_IMAGE_XYZ,N,1661,1,0.14500000000000046
MINIMUM_IMAGE_XYZ,N,1663,1,0.14500000000000046
MINIMUM_IMAGE_XYZ,N,1665,1,0.14500000000000046
MINIMUM_IMAGE_XYZ,N,1667,1,0.14500000000000046
MINIMUM_IMAGE_XYZ,N,1669,1,0.14500000000000046
MINIMUM_IMAGE_XYZ,N,1671,1,0.14500000000000046
MINIMUM_IMAGE_XYZ,N,1673,1,0.14500000000000046
MINIMUM_IMAGE_XYZ,N,1675,1,0.14500000000000046
MINIMUM_IMAGE_XYZ,N,1677,1,0.14500000000000046
MINIMUM_IMAGE_XYZ,N,1679,1,0.14500000000000046
MINIMUM_IMAGE_XYZ,N,1,2,0.14500000000000002
MINIMUM_IMAGE_XYZ,N,3,2,0.14477568856683093
MINIMUM_IMAGE_XYZ,N,5,2,0.14483438818181293
MINIMUM_IMAGE_XYZ,N,7,2,0.14500000000000002
MINIMUM_IMAGE_XYZ,N,9,2,0.14500000000000002
MINIMUM_IMAGE_XYZ,N,11,2,0.14483438818181293
MINIMUM_IMAGE_XYZ,N,13,2,0.14456140563788109
MINIMUM_IMAGE_XYZ,N,15,2,0.14500000000000002
MINIMUM_IMAGE_XYZ,N,17,2,0.14477568856683093
MINIMUM_IMAGE_XYZ,N,19,2,0.14456140563788109
MINIMUM_IMAGE_XYZ,N,21,2,0.14500000000000002
MINIMUM_IMAGE_XYZ,N,23,2,0.14439182802361086
MINIMUM_IMAGE_XYZ,N,25,2,0.14500000000000002
MINIMUM_IMAGE_XYZ,N,27,2,0.14483438818181277
MINIMUM_IMAGE_XYZ,N,29,2,0.1446409347314931
MINIMUM_IMAGE_XYZ,N,31,2,0.14500000000000002
MINIMUM_IMAGE_XYZ,N,33,2,0.1446409347314931
MINIMUM_IMAGE_XYZ,N,35,2,0.14483438818181277
MINIMUM_IMAGE_XYZ,N,37,2,0.14500000000000002
MINIMUM_IMAGE_XYZ,N,39,2,0.14500000000000002
MINIMUM_IMAGE_XYZ,N,41,2,0.14500000000000002
MINIMUM_IMAGE_XYZ,N,43,2,0.14461673485458038
MINIMUM_IMAGE_XYZ,N,45,2,0.1446409347314931
MINIMUM_IMAGE_XYZ,N,47,2,0.14500000000000002
MINIMUM_IMAGE_XYZ,N,49,2,0.14461673485458001
MINIMUM_IMAGE_XYZ,N,51,2,0.14483438818181277
MINIMUM_IMAGE_XYZ,N,53,2,0.14500000000000002
MINIMUM_IMAGE_XYZ,N,55,2,0.14500000000000002
MINIMUM_IMAGE_XYZ,N,57,2,0.14483438818181293
MINIMUM_IMAGE_XYZ,N,59,2,0.14477568856683093
MINIMUM_IMAGE_XYZ,N,61,2,0.14527560015363902
MINIMUM_IMAGE_XYZ,N,63,2,0.14500000000000002
MINIMUM_IMAGE_XYZ,N,65,2,0.14531001341958535
MINIMUM_IMAGE_XYZ,N,67,2,0.14500000000000002
MINIMUM_IMAGE_XYZ,N,69,2,0.14531001341958535
MINIMUM_IMAGE_XYZ,N,71,2,0.1450620556865233
MINIMUM_IMAGE_XYZ,N,73,2,0.14500000000000002
MINIMUM_IMAGE_XYZ,N,75,2,0.14500000000000002
MINIMUM_IMAGE_XYZ,N,77,2,0.14500000000000002
MINIMUM_IMAGE_XYZ,N,79,2,0.1450620556865233
MINIMUM_IMAGE_XYZ,N,81,2,0.14500000000000002
MINIMUM_IMAGE_XYZ,N,83,2,0.14500000000000002
MINIMUM_IMAGE_XYZ,N,85,2,0.14500000000000002
MINIMUM_IMAGE_XYZ,N,87,2,0.1450620556865233
MINIMUM_IMAGE_XYZ,N,89,2,0.14514131045295142
MINIMUM_IMAGE_XYZ,N,91,2,0.14500000000000002
MINIMUM_IMAGE_XYZ,N,93,2,0.1450620556865233
MINIMUM_IMAGE_XYZ,N,95,2,0.14533409785731635
MINIMUM_IMAGE_XYZ,N,97,2,0.14500000000000002
MINIMUM_IMAGE_XYZ,N,99,2,0.14500000000000002
MINIMUM_IMAGE_XYZ,N,101,2,0.1450620556865233
MINIMUM_IMAGE_XYZ,N,103,2,0.1451171940191788
MINIMUM_IMAGE_XYZ,N,105,2,0.14500000000000002
MINIMUM_IMAGE_XYZ,N,107,2,0.14511719401917844
MINIMUM_IMAGE_XYZ,N,109,2,0.1450620556865233
MINIMUM_IMAGE_XYZ,N,111,2,0.14500000000000002
MINIMUM_IMAGE_XYZ,N,113,2,0.14489306401619093
MINIMUM_IMAGE_XYZ,N,115,2,0.14533409785731655
MINIMUM_IMAGE_XYZ,N,117,2,0.14500000000000002
MINIMUM_IMAGE_XYZ,N,119,2,0.14500000000000002
MINIMUM_IMAGE_XYZ,N,121,2,0.14477568856683093
MINIMUM_IMAGE_XYZ,N,123,2,0.14483438818181293
MINIMUM_IMAGE_XYZ,N,125,2,0.14500000000000002
MINIMUM_IMAGE_XYZ,N,127,2,0.14500000000000002
MINIMUM_IMAGE_XYZ,N,129,2,0.14483438818181293
MINIMUM_IMAGE_XYZ,N,131,2,0.14456140563788109
MINIMUM_IMAGE_XYZ,N,133,2,0.14500000000000002
MINIMUM_IMAGE_XYZ,N,135,2,0.14477568856683093
MINIMUM_IMAGE_XYZ,N,137,2,0.14456140563788109
MINIMUM_IMAGE_XYZ,N,139,2,0.14500000000000002
MINIMUM_IMAGE_XYZ,N,141,2,0.14439182802361086
MINIMUM_IMAGE_XYZ,N,143,2,0.14500000000000002
MINIMUM_IMAGE_XYZ,N,145,2,0.14483438818181277
MINIMUM_IMAGE_XYZ,N,147,2,0.1446409347314931
MINIMUM_IMAGE_XYZ,N,149,2,0.14500000000000002
MINIMUM_IMAGE_XYZ,N,151,2,0.1446409347314931
MINIMUM_IMAGE_XYZ,N,153,2,0.14483438818181277
MINIMUM_IMAGE_XYZ,N,155,2,0.14500000000000002
MINIMUM_IMAGE_XYZ,N,157,2,0.14500000000000002
MINIMUM_IMAGE_XYZ,N,159,2,0.14500000000000002
MINIMUM_IMAGE_XYZ,N,161,2,0.14461673485458038
MINIMUM_IMAGE_XYZ,N,163,2,0.1446409347314931
MINIMUM_IMAGE_XYZ,N,165,2,0.14500000000000002
MINIMUM_IMAGE_XYZ,N,167,2,0.14461673485458001
MINIMUM_IMAGE_XYZ,N,169,2,0.14483438818181277
MINIMUM_IMAGE_XYZ,N,171,2,0.14500000000000002
MINIMUM_IMAGE_XYZ,N,173,2,0.14500000000000002
MINIMUM_IMAGE_XYZ,N,175,2,0.14483438818181293
MINIMUM_IMAGE_XYZ,N,177,2,0.14477568856683093
MINIMUM_IMAGE_XYZ,N,179,2,0.14500000000000002
MINIMUM_IMAGE_XYZ,N,181,2,0.14500000000000002
MINIMUM_IMAGE_XYZ,N,183,2,0.14531001341958535
MINIMUM_IMAGE_XYZ,N,185,2,0.14500000000000002
MINIMUM_IMAGE_XYZ,N,187,2,0.14531001341958535
MINIMUM_IMAGE_XYZ,N,189,2,0.1450620556865233
MINIMUM_IMAGE_XYZ,N,191,2,0.14500000000000002
MINIMUM_IMAGE_XYZ,N,193,2,0.14500000000000002
MINIMUM_IMAGE_XYZ,N,195,2,0.14500000000000002
MINIMUM_IMAGE_XYZ,N,197,2,0.1450620556865233
MINIMUM_IMAGE_XYZ,N,199,2,0.14500000000000002
MINIMUM_IMAGE_XYZ,N,201,2,0.14500000000000002
MINIMUM_IMAGE_XYZ,N,203,2,0.14500000000000002
MINIMUM_IMAGE_XYZ,N,205,2,0.1450620556865233
MINIMUM_IMAGE_XYZ,N,207,2,0.14514131045295142
MINIMUM_IMAGE_XYZ,N,209,2,0.14500000000000002
MINIMUM_IMAGE_XYZ,N,211,2,0.1450620556865233
MINIMUM_IMAGE_XYZ,N,213,2,0.14533409785731635
MINIMUM_IMAGE_XYZ,N,215,2,0.14500000000000002
MINIMUM_IMAGE_XYZ,N,217,2,0.14500000000000002
MINIMUM_IMAGE_XYZ,N,219,2,0.1450620556865233
MINIMUM_IMAGE_XYZ,N,221,2,0.1451171940191788
MINIMUM_IMAGE_XYZ,N,223,2,0.14500000000000002
MINIMUM_IMAGE_XYZ,N,225,2,0.14511719401917844
MINIMUM_IMAGE_XYZ,N,227,2,0.1450620556865233
MINIMUM_IMAGE_XYZ,N,229,2,0.14500000000000002
MINIMUM_IMAGE_XYZ,N,231,2,0.14489306401619093
MINIMUM_IMAGE_XYZ,N,233,2,0.14533409785731655
MINIMUM_IMAGE_XYZ,N,235,2,0.14500000000000002
MINIMUM_IMAGE_XYZ,N,237,2,0.14500000000000002
MINIMUM_IMAGE_XYZ,N,239,2,0.14527560015363902
MINIMUM_IMAGE_XYZ,N,241,2,0.14483438818181293
MINIMUM_IMAGE_XYZ,N,243,2,0.14500000000000002
MINIMUM_IMAGE_XYZ,N,245,2,0.14500000000000002
MINIMUM_IMAGE_XYZ,N,247,2,0.14483438818181293
MINIMUM_IMAGE_XYZ,N,249,2,0.14456140563788109
MINIMUM_IMAGE_XYZ,N,251,2,0.14500000000000002
MINIMUM_IMAGE_XYZ,N,253,2,0.14477568856683093
MINIMUM_IMAGE_XYZ,N,255,2,0.14456140563788109
MINIMUM_IMAGE_XYZ,N,257,2,0.14500000000000002
MINIMUM_IMAGE_XYZ,N,259,2,0.14439182802361086
MINIMUM_IMAGE_XYZ,N,261,2,0.14500000000000002
MINIMUM_IMAGE_XYZ,N,263,2,0.14483438818181277
MINIMUM_IMAGE_XYZ,N,265,2,0.1446409347314931
MINIMUM_IMAGE_XYZ,N,267,2,0.14500000000000002
MINIMUM_IMAGE_XYZ,N,269,2,0.1446409347314931
MINIMUM_IMAGE_XYZ,N,271,2,0.14483438818181277
MINIMUM_IMAGE_XYZ,N,273,2,0.14500000000000002
MINIMUM_IMAGE_XYZ,N,275,2,0.14500000000000002
MINIMUM_IMAGE_XYZ,N,277,2,0.14500000000000002
MINIMUM_IMAGE_XYZ,N,279,2,0.14461673485458038
MINIMUM_IMAGE_XYZ,N,281,2,0.1446409347314931
MINIMUM_IMAGE_XYZ,N,283,2,0.14500000000000002
MINIMUM_IMAGE_XYZ,N,285,2,0.14461673485458001
MINIMUM_IMAGE_XYZ,N,287,2,0.14483438818181277
MINIMUM_IMAGE_XYZ,N,289,2,0.14500000000000002
MINIMUM_IMAGE_XYZ,N,291,2,0.14500000000000002
MINIMUM_IMAGE_XYZ,N,293,2,0.14483438818181293
MINIMUM_IMAGE_XYZ,N,295,2,0.14477568856683093
MINIMUM_IMAGE_XYZ,N,297,2,0.14500000000000002
MINIMUM_IMAGE_XYZ,N,299,2,0.14477568856683093
MINIMUM_IMAGE_XYZ,N,301,2,0.14531001341958535
MINIMUM_IMAGE_XYZ,N,303,2,0.14500000000000002
MINIMUM_IMAGE_XYZ,N,305,2,0.14531001341958535
MINIMUM_IMAGE_XYZ,N,307,2,0.1450620556865233
MINIMUM_IMAGE_XYZ,N,309,2,0.14500000000000002
MINIMUM_IMAGE_XYZ,N,311,2,0.14500000000000002
MINIMUM_IMAGE_XYZ,N,313,2,0.14500000000000002
MINIMUM_IMAGE_XYZ,N,315,2,0.1450620556865233
MINIMUM_IMAGE_XYZ,N,317,2,0.14500000000000002
MINIMUM_IMAGE_XYZ,N,319,2,0.14500000000000002
MINIMUM_IMAGE_XYZ,N,321,2,0.14500000000000002
MINIMUM_IMAGE_XYZ,N,323,2,0.1450620556865233
MINIMUM_IMAGE_XYZ,N,325,2,0.14514131045295142
MINIMUM_IMAGE_XYZ,N,327,2,0.14500000000000002
MINIMUM_IMAGE_XYZ,N,329,2,0.1450620556865233
MINIMUM_IMAGE_XYZ,N,331,2,0.14533409785731635
MINIMUM_IMAGE_XYZ,N,333,2,0.14500000000000002
MINIMUM_IMAGE_XYZ,N,335,2,0.14500000000000002
MINIMUM_IMAGE_XYZ,N,337,2,0.1450620556865233
MINIMUM_IMAGE_XYZ,N,339,2,0.1451171940191788
MINIMUM_IMAGE_XYZ,N,341,2,0.14500000000000002
MINIMUM_IMAGE_XYZ,N,343,2,0.14511719401917844
MINIMUM_IMAGE_XYZ,N,345,2,0.1450620556865233
MINIMUM_IMAGE_XYZ,N,347,2,0.14500000000000002
MINIMUM_IMAGE_XYZ,N,349,2,0.14489306401619093
MINIMUM_IMAGE_XYZ,N,351,2,0.14533409785731655
MINIMUM_IMAGE_XYZ,N,353,2,0.14500000000000002
MINIMUM_IMAGE_XYZ,N,355,2,0.14500000000000002
MINIMUM_IMAGE_XYZ,N,357,2,0.14527560015363902
MINIMUM_IMAGE_XYZ,N,359,2,0.14500000000000002
MINIMUM_IMAGE_XYZ,N,361,2,0.14500000000000002
MINIMUM_IMAGE_XYZ,N,363,2,0.14500000000000002
MINIMUM_IMAGE_XYZ,N,365,2,0.1448343881818127
MINIMUM_IMAGE_XYZ,N,367,2,0.1445614056378809
MINIMUM_IMAGE_XYZ,N,369,2,0.14500000000000002
MINIMUM_IMAGE_XYZ,N,371,2,0.1447756885668307
MINIMUM_IMAGE_XYZ,N,373,2,0.1445614056378809
MINIMUM_IMAGE_XYZ,N,375,2,0.14500000000000002
MINIMUM_IMAGE_XYZ,N,377,2,0.14439182802361064
MINIMUM_IMAGE_XYZ,N,379,2,0.14500000000000002
MINIMUM_IMAGE_XYZ,N,381,2,0.14483438818181255
MINIMUM_IMAGE_XYZ,N,383,2,0.14464093473149287
MINIMUM_IMAGE_XYZ,N,385,2,0.14500000000000002
MINIMUM_IMAGE_XYZ,N,387,2,0.14464093473149287
MINIMUM_IMAGE_XYZ,N,389,2,0.14483438818181255
MINIMUM_IMAGE_XYZ,N,391,2,0.14500000000000002
MINIMUM_IMAGE_XYZ,N,393,2,0.14500000000000002
MINIMUM_IMAGE_XYZ,N,395,2,0.14500000000000002
MINIMUM_IMAGE_XYZ,N,397,2,0.14461673485458015
MINIMUM_IMAGE_XYZ,N,399,2,0.14464093473149287
MINIMUM_IMAGE_XYZ,N,401,2,0.14500000000000002
MINIMUM_IMAGE_XYZ,N,403,2,0.1446167348545798
MINIMUM_IMAGE_XYZ,N,405,2,0.14483438818181255
MINIMUM_IMAGE_XYZ,N,407,2,0.14500000000000002
MINIMUM_IMAGE_XYZ,N,409,2,0.14500000000000002
MINIMUM_IMAGE_XYZ,N,411,2,0.1448343881818127
MINIMUM_IMAGE_XYZ,N,413,2,0.1447756885668307
MINIMUM_IMAGE_XYZ,N,415,2,0.14500000000000002
MINIMUM_IMAGE_XYZ,N,417,2,0.1447756885668307
MINIMUM_IMAGE_XYZ,N,419,2,0.1448343881818127
MINIMUM_IMAGE_XYZ,N,421,2,0.14500000000000002
MINIMUM_IMAGE_XYZ,N,423,2,0.14531001341958558
MINIMUM_IMAGE_XYZ,N,425,2,0.14506205568652353
MINIMUM_IMAGE_XYZ,N,427,2,0.14500000000000002
MINIMUM_IMAGE_XYZ,N,429,2,0.14500000000000002
MINIMUM_IMAGE_XYZ,N,431,2,0.14500000000000002
MINIMUM_IMAGE_XYZ,N,433,2,0.14506205568652353
MINIMUM_IMAGE_XYZ,N,435,2,0.14500000000000002
MINIMUM_IMAGE_XYZ,N,437,2,0.14500000000000002
MINIMUM_IMAGE_XYZ,N,439,2,0.14500000000000002
MINIMUM_IMAGE_XYZ,N,441,2,0.14506205568652353
MINIMUM_IMAGE_XYZ,N,443,2,0.14514131045295164
MINIMUM_IMAGE_XYZ,N,445,2,0.14500000000000002
MINIMUM_IMAGE_XYZ,N,447,2,0.14506205568652353
MINIMUM_IMAGE_XYZ,N,449,2,0.1453340978573166
MINIMUM_IMAGE_XYZ,N,451,2,0.14500000000000002
MINIMUM_IMAGE_XYZ,N,453,2,0.14500000000000002
MINIMUM_IMAGE_XYZ,N,455,2,0.14506205568652353
MINIMUM_IMAGE_XYZ,N,457,2,0.14511719401917905
MINIMUM_IMAGE_XYZ,N,459,2,0.14500000000000002
MINIMUM_IMAGE_XYZ,N,461,2,0.14511719401917866
MINIMUM_IMAGE_XYZ,N,463,2,0.14506205568652353
MINIMUM_IMAGE_XYZ,N,465,2,0.14500000000000002
MINIMUM_IMAGE_XYZ,N,467,2,0.14489306401619115
MINIMUM_IMAGE_XYZ,N,469,2,0.14533409785731677
MINIMUM_IMAGE_XYZ,N,471,2,0.14500000000000002
MINIMUM_IMAGE_XYZ,N,473,2,0.14500000000000002
MINIMUM_IMAGE_XYZ,N,475,2,0.14527560015363924
MINIMUM_IMAGE_XYZ,N,477,2,0.14500000000000002
MINIMUM_IMAGE_XYZ,N,479,2,0.14531001341958558
MINIMUM_IMAGE_XYZ,N,481,2,0.14499999999999957
MINIMUM_IMAGE_XYZ,N,483,2,0.14531001341958558
MINIMUM_IMAGE_XYZ,N,485,2,0.14499999999999957
MINIMUM_IMAGE_XYZ,N,487,2,0.14527560015363924
MINIMUM_IMAGE_XYZ,N,489,2,0.14499999999999957
MINIMUM_IMAGE_XYZ,N,491,2,0.14499999999999957
MINIMUM_IMAGE_XYZ,N,493,2,0.14533409785731677
MINIMUM_IMAGE_XYZ,N,495,2,0.14489306401619115
MINIMUM_IMAGE_XYZ,N,497,2,0.14499999999999957
MINIMUM_IMAGE_XYZ,N,499,2,0.14506205568652353
MINIMUM_IMAGE_XYZ,N,501,2,0.14511719401917866
MINIMUM_IMAGE_XYZ,N,503,2,0.14499999999999957
MINIMUM_IMAGE_XYZ,N,505,2,0.14511719401917905
MINIMUM_IMAGE_XYZ,N,507,2,0.14506205568652353
MINIMUM_IMAGE_XYZ,N,509,2,0.14499999999999957
MINIMUM_IMAGE_XYZ,N,511,2,0.14499999999999957
MINIMUM_IMAGE_XYZ,N,513,2,0.1453340978573166
MINIMUM_IMAGE_XYZ,N,515,2,0.14506205568652353
MINIMUM_IMAGE_XYZ,N,517,2,0.14499999999999957
MINIMUM_IMAGE_XYZ,N,519,2,0.14514131045295164
MINIMUM_IMAGE_XYZ,N,521,2,0.14506205568652353
MINIMUM_IMAGE_XYZ,N,523,2,0.14499999999999957
MINIMUM_IMAGE_XYZ,N,525,2,0.14499999999999957
MINIMUM_IMAGE_XYZ,N,527,2,0.14499999999999957
MINIMUM_IMAGE_XYZ,N,529,2,0.14506205568652353
MINIMUM_IMAGE_XYZ,N,531,2,0.14499999999999957
MINIMUM_IMAGE_XYZ,N,533,2,0.14499999999999957
MINIMUM_IMAGE_XYZ,N,535,2,0.14499999999999957
MINIMUM_IMAGE_XYZ,N,537,2,0.14506205568652353
MINIMUM_IMAGE_XYZ,N,539,2,0.14531001341958558
MINIMUM_IMAGE_XYZ,N,541,2,0.14499999999999957
MINIMUM_IMAGE_XYZ,N,543,2,0.14483438818181293
MINIMUM_IMAGE_XYZ,N,545,2,0.14477568856683093
MINIMUM_IMAGE_XYZ,N,547,2,0.14499999999999957
MINIMUM_IMAGE_XYZ,N,549,2,0.14477568856683093
MINIMUM_IMAGE_XYZ,N,551,2,0.14483438818181293
MINIMUM_IMAGE_XYZ,N,553,2,0.14499999999999957
MINIMUM_IMAGE_XYZ,N,555,2,0.14499999999999957
MINIMUM_IMAGE_XYZ,N,557,2,0.14483438818181277
MINIMUM_IMAGE_XYZ,N,559,2,0.14461673485458001
MINIMUM_IMAGE_XYZ,N,561,2,0.14499999999999957
MINIMUM_IMAGE_XYZ,N,563,2,0.1446409347314931
MINIMUM_IMAGE_XYZ,N,565,2,0.14461673485458038
MINIMUM_IMAGE_XYZ,N,567,2,0.14499999999999957
MINIMUM_IMAGE_XYZ,N,569,2,0.14499999999999957
MINIMUM_IMAGE_XYZ,N,571,2,0.14499999999999957
MINIMUM_IMAGE_XYZ,N,573,2,0.14483438818181277
MINIMUM_IMAGE_XYZ,N,575,2,0.1446409347314931
MINIMUM_IMAGE_XYZ,N,577,2,0.14499999999999957
MINIMUM_IMAGE_XYZ,N,579,2,0.1446409347314931
MINIMUM_IMAGE_XYZ,N,581,2,0.14483438818181277
MINIMUM_IMAGE_XYZ,N,583,2,0.14499999999999957
MINIMUM_IMAGE_XYZ,N,585,2,0.14439182802361086
MINIMUM_IMAGE_XYZ,N,587,2,0.14499999999999957
MINIMUM_IMAGE_XYZ,N,589,2,0.14456140563788109
MINIMUM_IMAGE_XYZ,N,591,2,0.14477568856683093
MINIMUM_IMAGE_XYZ,N,593,2,0.14499999999999957
MINIMUM_IMAGE_XYZ,N,595,2,0.14456140563788109
MINIMUM_IMAGE_XYZ,N,597,2,0.14483438818181293
MINIMUM_IMAGE_XYZ,N,599,2,0.14499999999999957
MINIMUM_IMAGE_XYZ,N,601,2,0.14531001341958513
MINIMUM_IMAGE_XYZ,N,603,2,0.14500000000000046
MINIMUM_IMAGE_XYZ,N,605,2,0.1452756001536388
MINIMUM_IMAGE_XYZ,N,607,2,0.14500000000000046
MINIMUM_IMAGE_XYZ,N,609,2,0.14500000000000046
MINIMUM_IMAGE_XYZ,N,611,2,0.14533409785731632
MINIMUM_IMAGE_XYZ,N,613,2,0.1448930640161907
MINIMUM_IMAGE_XYZ,N,615,2,0.14500000000000046
MINIMUM_IMAGE_XYZ,N,617,2,0.14506205568652306
MINIMUM_IMAGE_XYZ,N,619,2,0.14511719401917822
MINIMUM_IMAGE_XYZ,N,621,2,0.14500000000000046
MINIMUM_IMAGE_XYZ,N,623,2,0.14511719401917858
MINIMUM_IMAGE_XYZ,N,625,2,0.14506205568652306
MINIMUM_IMAGE_XYZ,N,627,2,0.14500000000000046
MINIMUM_IMAGE_XYZ,N,629,2,0.14500000000000046
MINIMUM_IMAGE_XYZ,N,631,2,0.14533409785731613
MINIMUM_IMAGE_XYZ,N,633,2,0.14506205568652306
MINIMUM_IMAGE_XYZ,N,635,2,0.14500000000000046
MINIMUM_IMAGE_XYZ,N,637,2,0.1451413104529512
MINIMUM_IMAGE_XYZ,N,639,2,0.14506205568652306
MINIMUM_IMAGE_XYZ,N,641,2,0.14500000000000046
MINIMUM_IMAGE_XYZ,N,643,2,0.14500000000000046
MINIMUM_IMAGE_XYZ,N,645,2,0.14500000000000046
MINIMUM_IMAGE_XYZ,N,647,2,0.14506205568652306
MINIMUM_IMAGE_XYZ,N,649,2,0.14500000000000046
MINIMUM_IMAGE_XYZ,N,651,2,0.14500000000000046
MINIMUM_IMAGE_XYZ,N,653,2,0.14500000000000046
MINIMUM_IMAGE_XYZ,N,655,2,0.14506205568652306
MINIMUM_IMAGE_XYZ,N,657,2,0.14531001341958513
MINIMUM_IMAGE_XYZ,N,659,2,0.14500000000000046
MINIMUM_IMAGE_XYZ,N,661,2,0.14506205568652353
MINIMUM_IMAGE_XYZ,N,663,2,0.14489306401619076
MINIMUM_IMAGE_XYZ,N,665,2,0.1448792600754161
MINIMUM_IMAGE_XYZ,N,667,2,0.14489306401619112
MINIMUM_IMAGE_XYZ,N,669,2,0.14506205568652353
MINIMUM_IMAGE_XYZ,N,671,2,0.14484129245487978
MINIMUM_IMAGE_XYZ,N,673,2,0.14489306401619115
MINIMUM_IMAGE_XYZ,N,675,2,0.1448378403594867
MINIMUM_IMAGE_XYZ,N,677,2,0.14506205568652353
MINIMUM_IMAGE_XYZ,N,679,2,0.14514131045295164
MINIMUM_IMAGE_XYZ,N,681,2,0.14492411807563313
MINIMUM_IMAGE_XYZ,N,683,2,0.14506205568652353
MINIMUM_IMAGE_XYZ,N,685,2,0.1453340978573166
MINIMUM_IMAGE_XYZ,N,687,2,0.14484129245488003
MINIMUM_IMAGE_XYZ,N,689,2,0.14484129245488003
MINIMUM_IMAGE_XYZ,N,691,2,0.14506205568652353
MINIMUM_IMAGE_XYZ,N,693,2,0.14511719401917905
MINIMUM_IMAGE_XYZ,N,695,2,0.14492411807563313
MINIMUM_IMAGE_XYZ,N,697,2,0.14511719401917866
MINIMUM_IMAGE_XYZ,N,699,2,0.14506205568652353
MINIMUM_IMAGE_XYZ,N,701,2,0.1448378403594867
MINIMUM_IMAGE_XYZ,N,703,2,0.14484129245487978
MINIMUM_IMAGE_XYZ,N,705,2,0.14533409785731677
MINIMUM_IMAGE_XYZ,N,707,2,0.14489306401619112
MINIMUM_IMAGE_XYZ,N,709,2,0.1448792600754161
MINIMUM_IMAGE_XYZ,N,711,2,0.14527560015363924
MINIMUM_IMAGE_XYZ,N,713,2,0.14489306401619076
MINIMUM_IMAGE_XYZ,N,715,2,0.14531001341958558
MINIMUM_IMAGE_XYZ,N,717,2,0.14428097587693287
MINIMUM_IMAGE_XYZ,N,719,2,0.14531001341958558
MINIMUM_IMAGE_XYZ,N,721,2,0.14456140563788109
MINIMUM_IMAGE_XYZ,N,723,2,0.14499999999999957
MINIMUM_IMAGE_XYZ,N,725,2,0.14477568856683093
MINIMUM_IMAGE_XYZ,N,727,2,0.14456140563788109
MINIMUM_IMAGE_XYZ,N,729,2,0.14499999999999957
MINIMUM_IMAGE_XYZ,N,731,2,0.14439182802361086
MINIMUM_IMAGE_XYZ,N,733,2,0.14499999999999957
MINIMUM_IMAGE_XYZ,N,735,2,0.14483438818181277
MINIMUM_IMAGE_XYZ,N,737,2,0.1446409347314931
MINIMUM_IMAGE_XYZ,N,739,2,0.14499999999999957
MINIMUM_IMAGE_XYZ,N,741,2,0.1446409347314931
MINIMUM_IMAGE_XYZ,N,743,2,0.14483438818181277
MINIMUM_IMAGE_XYZ,N,745,2,0.14499999999999957
MINIMUM_IMAGE_XYZ,N,747,2,0.14499999999999957
MINIMUM_IMAGE_XYZ,N,749,2,0.14499999999999957
MINIMUM_IMAGE_XYZ,N,751,2,0.14461673485458038
MINIMUM_IMAGE_XYZ,N,753,2,0.1446409347314931
MINIMUM_IMAGE_XYZ,N,755,2,0.14499999999999957
MINIMUM_IMAGE_XYZ,N,757,2,0.14461673485458001
MINIMUM_IMAGE_XYZ,N,759,2,0.14483438818181277
MINIMUM_IMAGE_XYZ,N,761,2,0.14499999999999957
MINIMUM_IMAGE_XYZ,N,763,2,0.14499999999999957
MINIMUM_IMAGE_XYZ,N,765,2,0.14483438818181293
MINIMUM_IMAGE_XYZ,N,767,2,0.14477568856683093
MINIMUM_IMAGE_XYZ,N,769,2,0.14499999999999957
MINIMUM_IMAGE_XYZ,N,771,2,0.14477568856683093
MINIMUM_IMAGE_XYZ,N,773,2,0.14483438818181293
MINIMUM_IMAGE_XYZ,N,775,2,0.14499999999999957
MINIMUM_IMAGE_XYZ,N,777,2,0.14499999999999957
MINIMUM_IMAGE_XYZ,N,779,2,0.14483438818181293
MINIMUM_IMAGE_XYZ,N,781,2,0.14477568856683093
MINIMUM_IMAGE_XYZ,N,783,2,0.1452446212429224
MINIMUM_IMAGE_XYZ,N,785,2,0.14477568856683093
MINIMUM_IMAGE_XYZ,N,787,2,0.14483438818181293
MINIMUM_IMAGE_XYZ,N,789,2,0.1455369368923229
MINIMUM_IMAGE_XYZ,N,791,2,0.14501379244747725
MINIMUM_IMAGE_XYZ,N,793,2,0.14483438818181277
MINIMUM_IMAGE_XYZ,N,795,2,0.14461673485458001
MINIMUM_IMAGE_XYZ,N,797,2,0.14528936643815327
MINIMUM_IMAGE_XYZ,N,799,2,0.1446409347314931
MINIMUM_IMAGE_XYZ,N,801,2,0.14461673485458038
MINIMUM_IMAGE_XYZ,N,803,2,0.14506550244630867
MINIMUM_IMAGE_XYZ,N,805,2,0.14500344823486094
MINIMUM_IMAGE_XYZ,N,807,2,0.14506550244630867
MINIMUM_IMAGE_XYZ,N,809,2,0.14483438818181277
MINIMUM_IMAGE_XYZ,N,811,2,0.1446409347314931
MINIMUM_IMAGE_XYZ,N,813,2,0.14528936643815327
MINIMUM_IMAGE_XYZ,N,815,2,0.1446409347314931
MINIMUM_IMAGE_XYZ,N,817,2,0.14483438818181277
MINIMUM_IMAGE_XYZ,N,819,2,0.14501379244747725
MINIMUM_IMAGE_XYZ,N,821,2,0.14439182802361086
MINIMUM_IMAGE_XYZ,N,823,2,0.1455369368923229
MINIMUM_IMAGE_XYZ,N,825,2,0.14456140563788109
MINIMUM_IMAGE_XYZ,N,827,2,0.14477568856683093
MINIMUM_IMAGE_XYZ,N,829,2,0.1452446212429224
MINIMUM_IMAGE_XYZ,N,831,2,0.14456140563788109
MINIMUM_IMAGE_XYZ,N,833,2,0.14483438818181293
MINIMUM_IMAGE_XYZ,N,835,2,0.145013792447477
MINIMUM_IMAGE_XYZ,N,837,2,0.145013792447477
MINIMUM_IMAGE_XYZ,N,839,2,0.14483438818181293
MINIMUM_IMAGE_XYZ,N,841,2,0.1452756001536388
MINIMUM_IMAGE_XYZ,N,843,2,0.14500000000000046
MINIMUM_IMAGE_XYZ,N,845,2,0.14500000000000046
MINIMUM_IMAGE_XYZ,N,847,2,0.14533409785731632
MINIMUM_IMAGE_XYZ,N,849,2,0.1448930640161907
MINIMUM_IMAGE_XYZ,N,851,2,0.14500000000000046
MINIMUM_IMAGE_XYZ,N,853,2,0.14506205568652306
MINIMUM_IMAGE_XYZ,N,855,2,0.14511719401917822
MINIMUM_IMAGE_XYZ,N,857,2,0.14500000000000046
MINIMUM_IMAGE_XYZ,N,859,2,0.14511719401917858
MINIMUM_IMAGE_XYZ,N,861,2,0.14506205568652306
MINIMUM_IMAGE_XYZ,N,863,2,0.14500000000000046
MINIMUM_IMAGE_XYZ,N,865,2,0.14500000000000046
MINIMUM_IMAGE_XYZ,N,867,2,0.14533409785731613
MINIMUM_IMAGE_XYZ,N,869,2,0.14506205568652306
MINIMUM_IMAGE_XYZ,N,871,2,0.14500000000000046
MINIMUM_IMAGE_XYZ,N,873,2,0.1451413104529512
MINIMUM_IMAGE_XYZ,N,875,2,0.14506205568652306
MINIMUM_IMAGE_XYZ,N,877,2,0.14500000000000046
MINIMUM_IMAGE_XYZ,N,879,2,0.14500000000000046
MINIMUM_IMAGE_XYZ,N,881,2,0.14500000000000046
MINIMUM_IMAGE_XYZ,N,883,2,0.14506205568652306
MINIMUM_IMAGE_XYZ,N,885,2,0.14500000000000046
MINIMUM_IMAGE_XYZ,N,887,2,0.14500000000000046
MINIMUM_IMAGE_XYZ,N,889,2,0.14500000000000046
MINIMUM_IMAGE_XYZ,N,891,2,0.14506205568652306
MINIMUM_IMAGE_XYZ,N,893,2,0.14531001341958513
MINIMUM_IMAGE_XYZ,N,895,2,0.14500000000000046
MINIMUM_IMAGE_XYZ,N,897,2,0.14531001341958513
MINIMUM_IMAGE_XYZ,N,899,2,0.14500000000000046
MINIMUM_IMAGE_XYZ,N,901,2,0.14500000000000046
MINIMUM_IMAGE_XYZ,N,903,2,0.14477568856683093
MINIMUM_IMAGE_XYZ,N,905,2,0.14483438818181293
MINIMUM_IMAGE_XYZ,N,907,2,0.14500000000000046
MINIMUM_IMAGE_XYZ,N,909,2,0.14500000000000046
MINIMUM_IMAGE_XYZ,N,911,2,0.14483438818181277
MINIMUM_IMAGE_XYZ,N,913,2,0.14461673485458001
MINIMUM_IMAGE_XYZ,N,915,2,0.14500000000000046
MINIMUM_IMAGE_XYZ,N,917,2,0.1446409347314931
MINIMUM_IMAGE_XYZ,N,919,2,0.14461673485458038
MINIMUM_IMAGE_XYZ,N,921,2,0.14500000000000046
MINIMUM_IMAGE_XYZ,N,923,2,0.14500000000000046
MINIMUM_IMAGE_XYZ,N,925,2,0.14500000000000046
MINIMUM_IMAGE_XYZ,N,927,2,0.14483438818181277
MINIMUM_IMAGE_XYZ,N,929,2,0.1446409347314931
MINIMUM_IMAGE_XYZ,N,931,2,0.14500000000000046
MINIMUM_IMAGE_XYZ,N,933,2,0.1446409347314931
MINIMUM_IMAGE_XYZ,N,935,2,0.14483438818181277
MINIMUM_IMAGE_XYZ,N,937,2,0.14500000000000046
MINIMUM_IMAGE_XYZ,N,939,2,0.14439182802361086
MINIMUM_IMAGE_XYZ,N,941,2,0.14500000000000046
MINIMUM_IMAGE_XYZ,N,943,2,0.14456140563788109
MINIMUM_IMAGE_XYZ,N,945,2,0.14477568856683093
MINIMUM_IMAGE_XYZ,N,947,2,0.14500000000000046
MINIMUM_IMAGE_XYZ,N,949,2,0.14456140563788109
MINIMUM_IMAGE_XYZ,N,951,2,0.14483438818181293
MINIMUM_IMAGE_XYZ,N,953,2,0.14500000000000046
MINIMUM_IMAGE_XYZ,N,955,2,0.14500000000000046
MINIMUM_IMAGE_XYZ,N,957,2,0.14483438818181293
MINIMUM_IMAGE_XYZ,N,959,2,0.14477568856683093
MINIMUM_IMAGE_XYZ,N,961,2,0.14477568856683093
MINIMUM_IMAGE_XYZ,N,963,2,0.14456140563788109
MINIMUM_IMAGE_XYZ,N,965,2,0.14499999999999957
MINIMUM_IMAGE_XYZ,N,967,2,0.14439182802361086
MINIMUM_IMAGE_XYZ,N,969,2,0.14499999999999957
MINIMUM_IMAGE_XYZ,N,971,2,0.14483438818181277
MINIMUM_IMAGE_XYZ,N,973,2,0.1446409347314931
MINIMUM_IMAGE_XYZ,N,975,2,0.14499999999999957
MINIMUM_IMAGE_XYZ,N,977,2,0.1446409347314931
MINIMUM_IMAGE_XYZ,N,979,2,0.14483438818181277
MINIMUM_IMAGE_XYZ,N,981,2,0.14499999999999957
MINIMUM_IMAGE_XYZ,N,983,2,0.14499999999999957
MINIMUM_IMAGE_XYZ,N,985,2,0.14499999999999957
MINIMUM_IMAGE_XYZ,N,987,2,0.14461673485458038
MINIMUM_IMAGE_XYZ,N,989,2,0.1446409347314931
MINIMUM_IMAGE_XYZ,N,991,2,0.14499999999999957
MINIMUM_IMAGE_XYZ,N,993,2,0.14461673485458001
MINIMUM_IMAGE_XYZ,N,995,2,0.14483438818181277
MINIMUM_IMAGE_XYZ,N,997,2,0.14499999999999957
MINIMUM_IMAGE_XYZ,N,999,2,0.14499999999999957
MINIMUM_IMAGE_XYZ,N,1001,2,0.14483438818181293
MINIMUM_IMAGE_XYZ,N,1003,2,0.14477568856683093
MINIMUM_IMAGE_XYZ,N,1005,2,0.14499999999999957
MINIMUM_IMAGE_XYZ,N,1007,2,0.14477568856683093
MINIMUM_IMAGE_XYZ,N,1009,2,0.14483438818181293
MINIMUM_IMAGE_XYZ,N,1011,2,0.14499999999999957
MINIMUM_IMAGE_XYZ,N,1013,2,0.14499999999999957
MINIMUM_IMAGE_XYZ,N,1015,2,0.14483438818181293
MINIMUM_IMAGE_XYZ,N,1017,2,0.14456140563788109
MINIMUM_IMAGE_XYZ,N,1019,2,0.14499999999999957
MINIMUM_IMAGE_XYZ,N,1021,2,0.14499999999999957
MINIMUM_IMAGE_XYZ,N,1023,2,0.14506205568652353
MINIMUM_IMAGE_XYZ,N,1025,2,0.14499999999999957
MINIMUM_IMAGE_XYZ,N,1027,2,0.14499999999999957
MINIMUM_IMAGE_XYZ,N,1029,2,0.14499999999999957
MINIMUM_IMAGE_XYZ,N,1031,2,0.14506205568652353
MINIMUM_IMAGE_XYZ,N,1033,2,0.14514131045295164
MINIMUM_IMAGE_XYZ,N,1035,2,0.14499999999999957
MINIMUM_IMAGE_XYZ,N,1037,2,0.14506205568652353
MINIMUM_IMAGE_XYZ,N,1039,2,0.1453340978573166
MINIMUM_IMAGE_XYZ,N,1041,2,0.14499999999999957
MINIMUM_IMAGE_XYZ,N,1043,2,0.14499999999999957
MINIMUM_IMAGE_XYZ,N,1045,2,0.14506205568652353
MINIMUM_IMAGE_XYZ,N,1047,2,0.14511719401917905
MINIMUM_IMAGE_XYZ,N,1049,2,0.14499999999999957
MINIMUM_IMAGE_XYZ,N,1051,2,0.14511719401917866
MINIMUM_IMAGE_XYZ,N,1053,2,0.14506205568652353
MINIMUM_IMAGE_XYZ,N,1055,2,0.14499999999999957
MINIMUM_IMAGE_XYZ,N,1057,2,0.14489306401619115
MINIMUM_IMAGE_XYZ,N,1059,2,0.14533409785731677
MINIMUM_IMAGE_XYZ,N,1061,2,0.14499999999999957
MINIMUM_IMAGE_XYZ,N,1063,2,0.14499999999999957
MINIMUM_IMAGE_XYZ,N,1065,2,0.14527560015363924
MINIMUM_IMAGE_XYZ,N,1067,2,0.14499999999999957
MINIMUM_IMAGE_XYZ,N,1069,2,0.14531001341958558
MINIMUM_IMAGE_XYZ,N,1071,2,0.14499999999999957
MINIMUM_IMAGE_XYZ,N,1073,2,0.14531001341958558
MINIMUM_IMAGE_XYZ,N,1075,2,0.14506205568652353
MINIMUM_IMAGE_XYZ,N,1077,2,0.14499999999999957
MINIMUM_IMAGE_XYZ,N,1079,2,0.14499999999999957
MINIMUM_IMAGE_XYZ,N,1081,2,0.14499999999999957
MINIMUM_IMAGE_XYZ,N,1083,2,0.14533409785731677
MINIMUM_IMAGE_XYZ,N,1085,2,0.14489306401619115
MINIMUM_IMAGE_XYZ,N,1087,2,0.14499999999999957
MINIMUM_IMAGE_XYZ,N,1089,2,0.14506205568652353
MINIMUM_IMAGE_XYZ,N,1091,2,0.14511719401917866
MINIMUM_IMAGE_XYZ,N,1093,2,0.14499999999999957
MINIMUM_IMAGE_XYZ,N,1095,2,0.14511719401917905
MINIMUM_IMAGE_XYZ,N,1097,2,0.14506205568652353
MINIMUM_IMAGE_XYZ,N,1099,2,0.14499999999999957
MINIMUM_IMAGE_XYZ,N,1101,2,0.14499999999999957
MINIMUM_IMAGE_XYZ,N,1103,2,0.1453340978573166
MINIMUM_IMAGE_XYZ,N,1105,2,0.14506205568652353
MINIMUM_IMAGE_XYZ,N,1107,2,0.14499999999999957
MINIMUM_IMAGE_XYZ,N,1109,2,0.14514131045295164
MINIMUM_IMAGE_XYZ,N,1111,2,0.14506205568652353
MINIMUM_IMAGE_XYZ,N,1113,2,0.14499999999999957
MINIMUM_IMAGE_XYZ,N,1115,2,0.14499999999999957
MINIMUM_IMAGE_XYZ,N,1117,2,0.14499999999999957
MINIMUM_IMAGE_XYZ,N,1119,2,0.14506205568652353
MINIMUM_IMAGE_XYZ,N,1121,2,0.14499999999999957
MINIMUM_IMAGE_XYZ,N,1123,2,0.14499999999999957
MINIMUM_IMAGE_XYZ,N,1125,2,0.14499999999999957
MINIMUM_IMAGE_XYZ,N,1127,2,0.14506205568652353
MINIMUM_IMAGE_XYZ,N,1129,2,0.14531001341958558
MINIMUM_IMAGE_XYZ,N,1131,2,0.14499999999999957
MINIMUM_IMAGE_XYZ,N,1133,2,0.14531001341958558
MINIMUM_IMAGE_XYZ,N,1135,2,0.14499999999999957
MINIMUM_IMAGE_XYZ,N,1137,2,0.14527560015363924
MINIMUM_IMAGE_XYZ,N,1139,2,0.14499999999999957
MINIMUM_IMAGE_XYZ,N,1141,2,0.14506205568652306
MINIMUM_IMAGE_XYZ,N,1143,2,0.14484129245487934
MINIMUM_IMAGE_XYZ,N,1145,2,0.1448930640161907
MINIMUM_IMAGE_XYZ,N,1147,2,0.14483784035948627
MINIMUM_IMAGE_XYZ,N,1149,2,0.14506205568652306
MINIMUM_IMAGE_XYZ,N,1151,2,0.1451413104529512
MINIMUM_IMAGE_XYZ,N,1153,2,0.14492411807563269
MINIMUM_IMAGE_XYZ,N,1155,2,0.14506205568652306
MINIMUM_IMAGE_XYZ,N,1157,2,0.14533409785731613
MINIMUM_IMAGE_XYZ,N,1159,2,0.14484129245487956
MINIMUM_IMAGE_XYZ,N,1161,2,0.14484129245487956
MINIMUM_IMAGE_XYZ,N,1163,2,0.14506205568652306
MINIMUM_IMAGE_XYZ,N,1165,2,0.14511719401917858
MINIMUM_IMAGE_XYZ,N,1167,2,0.14492411807563269
MINIMUM_IMAGE_XYZ,N,1169,2,0.14511719401917822
MINIMUM_IMAGE_XYZ,N,1171,2,0.14506205568652306
MINIMUM_IMAGE_XYZ,N,1173,2,0.14483784035948627
MINIMUM_IMAGE_XYZ,N,1175,2,0.14484129245487934
MINIMUM_IMAGE_XYZ,N,1177,2,0.14533409785731632
MINIMUM_IMAGE_XYZ,N,1179,2,0.14489306401619068
MINIMUM_IMAGE_XYZ,N,1181,2,0.14487926007541566
MINIMUM_IMAGE_XYZ,N,1183,2,0.1452756001536388
MINIMUM_IMAGE_XYZ,N,1185,2,0.14489306401619031
MINIMUM_IMAGE_XYZ,N,1187,2,0.14531001341958513
MINIMUM_IMAGE_XYZ,N,1189,2,0.14428097587693242
MINIMUM_IMAGE_XYZ,N,1191,2,0.14531001341958513
MINIMUM_IMAGE_XYZ,N,1193,2,0.14506205568652306
MINIMUM_IMAGE_XYZ,N,1195,2,0.14489306401619031
MINIMUM_IMAGE_XYZ,N,1197,2,0.14487926007541566
MINIMUM_IMAGE_XYZ,N,1199,2,0.14489306401619068
MINIMUM_IMAGE_XYZ,N,1201,2,0.14500000000000046
MINIMUM_IMAGE_XYZ,N,1203,2,0.14439182802361086
MINIMUM_IMAGE_XYZ,N,1205,2,0.14500000000000046
MINIMUM_IMAGE_XYZ,N,1207,2,0.14483438818181277
MINIMUM_IMAGE_XYZ,N,1209,2,0.1446409347314931
MINIMUM_IMAGE_XYZ,N,1211,2,0.14500000000000046
MINIMUM_IMAGE_XYZ,N,1213,2,0.1446409347314931
MINIMUM_IMAGE_XYZ,N,1215,2,0.14483438818181277
MINIMUM_IMAGE_XYZ,N,1217,2,0.14500000000000046
MINIMUM_IMAGE_XYZ,N,1219,2,0.14500000000000046
MINIMUM_IMAGE_XYZ,N,1221,2,0.14500000000000046
MINIMUM_IMAGE_XYZ,N,1223,2,0.14461673485458038
MINIMUM_IMAGE_XYZ,N,1225,2,0.1446409347314931
MINIMUM_IMAGE_XYZ,N,1227,2,0.14500000000000046
MINIMUM_IMAGE_XYZ,N,1229,2,0.14461673485458001
MINIMUM_IMAGE_XYZ,N,1231,2,0.14483438818181277
MINIMUM_IMAGE_XYZ,N,1233,2,0.14500000000000046
MINIMUM_IMAGE_XYZ,N,1235,2,0.14500000000000046
MINIMUM_IMAGE_XYZ,N,1237,2,0.14483438818181293
MINIMUM_IMAGE_XYZ,N,1239,2,0.14477568856683093
MINIMUM_IMAGE_XYZ,N,1241,2,0.14500000000000046
MINIMUM_IMAGE_XYZ,N,1243,2,0.14477568856683093
MINIMUM_IMAGE_XYZ,N,1245,2,0.14483438818181293
MINIMUM_IMAGE_XYZ,N,1247,2,0.14500000000000046
MINIMUM_IMAGE_XYZ,N,1249,2,0.14500000000000046
MINIMUM_IMAGE_XYZ,N,1251,2,0.14483438818181293
MINIMUM_IMAGE_XYZ,N,1253,2,0.14456140563788109
MINIMUM_IMAGE_XYZ,N,1255,2,0.14500000000000046
MINIMUM_IMAGE_XYZ,N,1257,2,0.14477568856683093
MINIMUM_IMAGE_XYZ,N,1259,2,0.14456140563788109
MINIMUM_IMAGE_XYZ,N,1261,2,0.1455369368923229
MINIMUM_IMAGE_XYZ,N,1263,2,0.14501379244747725
MINIMUM_IMAGE_XYZ,N,1265,2,0.14483438818181277
MINIMUM_IMAGE_XYZ,N,1267,2,0.14461673485458001
MINIMUM_IMAGE_XYZ,N,1269,2,0.14528936643815327
MINIMUM_IMAGE_XYZ,N,1271,2,0.1446409347314931
MINIMUM_IMAGE_XYZ,N,1273,2,0.14461673485458038
MINIMUM_IMAGE_XYZ,N,1275,2,0.14506550244630867
MINIMUM_IMAGE_XYZ,N,1277,2,0.14500344823486094
MINIMUM_IMAGE_XYZ,N,1279,2,0.14506550244630867
MINIMUM_IMAGE_XYZ,N,1281,2,0.14483438818181277
MINIMUM_IMAGE_XYZ,N,1283,2,0.1446409347314931
MINIMUM_IMAGE_XYZ,N,1285,2,0.14528936643815327
MINIMUM_IMAGE_XYZ,N,1287,2,0.1446409347314931
MINIMUM_IMAGE_XYZ,N,1289,2,0.14483438818181277
MINIMUM_IMAGE_XYZ,N,1291,2,0.14501379244747725
MINIMUM_IMAGE_XYZ,N,1293,2,0.14439182802361086
MINIMUM_IMAGE_XYZ,N,1295,2,0.1455369368923229
MINIMUM_IMAGE_XYZ,N,1297,2,0.14456140563788109
MINIMUM_IMAGE_XYZ,N,1299,2,0.14477568856683093
MINIMUM_IMAGE_XYZ,N,1301,2,0.1452446212429224
MINIMUM_IMAGE_XYZ,N,1303,2,0.14456140563788109
MINIMUM_IMAGE_XYZ,N,1305,2,0.14483438818181293
MINIMUM_IMAGE_XYZ,N,1307,2,0.145013792447477
MINIMUM_IMAGE_XYZ,N,1309,2,0.145013792447477
MINIMUM_IMAGE_XYZ,N,1311,2,0.14483438818181293
MINIMUM_IMAGE_XYZ,N,1313,2,0.14477568856683093
MINIMUM_IMAGE_XYZ,N,1315,2,0.1452446212429224
MINIMUM_IMAGE_XYZ,N,1317,2,0.14477568856683093
MINIMUM_IMAGE_XYZ,N,1319,2,0.14483438818181293
MINIMUM_IMAGE_XYZ,N,1321,2,0.14439182802361086
MINIMUM_IMAGE_XYZ,N,1323,2,0.14499999999999957
MINIMUM_IMAGE_XYZ,N,1325,2,0.14483438818181277
MINIMUM_IMAGE_XYZ,N,1327,2,0.1446409347314931
MINIMUM_IMAGE_XYZ,N,1329,2,0.14499999999999957
MINIMUM_IMAGE_XYZ,N,1331,2,0.1446409347314931
MINIMUM_IMAGE_XYZ,N,1333,2,0.14483438818181277
MINIMUM_IMAGE_XYZ,N,1335,2,0.14499999999999957
MINIMUM_IMAGE_XYZ,N,1337,2,0.14499999999999957
MINIMUM_IMAGE_XYZ,N,1339,2,0.14499999999999957
MINIMUM_IMAGE_XYZ,N,1341,2,0.14461673485458038
MINIMUM_IMAGE_XYZ,N,1343,2,0.1446409347314931
MINIMUM_IMAGE_XYZ,N,1345,2,0.14499999999999957
MINIMUM_IMAGE_XYZ,N,1347,2,0.14461673485458001
MINIMUM_IMAGE_XYZ,N,1349,2,0.14483438818181277
MINIMUM_IMAGE_XYZ,N,1351,2,0.14499999999999957
MINIMUM_IMAGE_XYZ,N,1353,2,0.14499999999999957
MINIMUM_IMAGE_XYZ,N,1355,2,0.14483438818181293
MINIMUM_IMAGE_XYZ,N,1357,2,0.14477568856683093
MINIMUM_IMAGE_XYZ,N,1359,2,0.14499999999999957
MINIMUM_IMAGE_XYZ,N,1361,2,0.14477568856683093
MINIMUM_IMAGE_XYZ,N,1363,2,0.14483438818181293
MINIMUM_IMAGE_XYZ,N,1365,2,0.14499999999999957
MINIMUM_IMAGE_XYZ,N,1367,2,0.14499999999999957
MINIMUM_IMAGE_XYZ,N,1369,2,0.14483438818181293
MINIMUM_IMAGE_XYZ,N,1371,2,0.14456140563788109
MINIMUM_IMAGE_XYZ,N,1373,2,0.14499999999999957
MINIMUM_IMAGE_XYZ,N,1375,2,0.14477568856683093
MINIMUM_IMAGE_XYZ,N,1377,2,0.14456140563788109
MINIMUM_IMAGE_XYZ,N,1379,2,0.14499999999999957
MINIMUM_IMAGE_XYZ,N,1381,2,0.14500000000000046
MINIMUM_IMAGE_XYZ,N,1383,2,0.14500000000000046
MINIMUM_IMAGE_XYZ,N,1385,2,0.14506205568652306
MINIMUM_IMAGE_XYZ,N,1387,2,0.1451413104529512
MINIMUM_IMAGE_XYZ,N,1389,2,0.14500000000000046
MINIMUM_IMAGE_XYZ,N,1391,2,0.14506205568652306
MINIMUM_IMAGE_XYZ,N,1393,2,0.14533409785731613
MINIMUM_IMAGE_XYZ,N,1395,2,0.14500000000000046
MINIMUM_IMAGE_XYZ,N,1397,2,0.14500000000000046
MINIMUM_IMAGE_XYZ,N,1399,2,0.14506205568652306
MINIMUM_IMAGE_XYZ,N,1401,2,0.14511719401917858
MINIMUM_IMAGE_XYZ,N,1403,2,0.14500000000000046
MINIMUM_IMAGE_XYZ,N,1405,2,0.14511719401917822
MINIMUM_IMAGE_XYZ,N,1407,2,0.14506205568652306
MINIMUM_IMAGE_XYZ,N,1409,2,0.14500000000000046
MINIMUM_IMAGE_XYZ,N,1411,2,0.1448930640161907
MINIMUM_IMAGE_XYZ,N,1413,2,0.14533409785731632
MINIMUM_IMAGE_XYZ,N,1415,2,0.14500000000000046
MINIMUM_IMAGE_XYZ,N,1417,2,0.14500000000000046
MINIMUM_IMAGE_XYZ,N,1419,2,0.1452756001536388
MINIMUM_IMAGE_XYZ,N,1421,2,0.14500000000000046
MINIMUM_IMAGE_XYZ,N,1423,2,0.14531001341958513
MINIMUM_IMAGE_XYZ,N,1425,2,0.14500000000000046
MINIMUM_IMAGE_XYZ,N,1427,2,0.14531001341958513
MINIMUM_IMAGE_XYZ,N,1429,2,0.14506205568652306
MINIMUM_IMAGE_XYZ,N,1431,2,0.14500000000000046
MINIMUM_IMAGE_XYZ,N,1433,2,0.14500000000000046
MINIMUM_IMAGE_XYZ,N,1435,2,0.14500000000000046
MINIMUM_IMAGE_XYZ,N,1437,2,0.14506205568652306
MINIMUM_IMAGE_XYZ,N,1439,2,0.14500000000000046
MINIMUM_IMAGE_XYZ,N,1441,2,0.14500000000000046
MINIMUM_IMAGE_XYZ,N,1443,2,0.14506205568652306
MINIMUM_IMAGE_XYZ,N,1445,2,0.14511719401917822
MINIMUM_IMAGE_XYZ,N,1447,2,0.14500000000000046
MINIMUM_IMAGE_XYZ,N,1449,2,0.14511719401917858
MINIMUM_IMAGE_XYZ,N,1451,2,0.14506205568652306
MINIMUM_IMAGE_XYZ,N,1453,2,0.14500000000000046
MINIMUM_IMAGE_XYZ,N,1455,2,0.14500000000000046
MINIMUM_IMAGE_XYZ,N,1457,2,0.14533409785731613
MINIMUM_IMAGE_XYZ,N,1459,2,0.14506205568652306
MINIMUM_IMAGE_XYZ,N,1461,2,0.14500000000000046
MINIMUM_IMAGE_XYZ,N,1463,2,0.1451413104529512
MINIMUM_IMAGE_XYZ,N,1465,2,0.14506205568652306
MINIMUM_IMAGE_XYZ,N,1467,2,0.14500000000000046
MINIMUM_IMAGE_XYZ,N,1469,2,0.14500000000000046
MINIMUM_IMAGE_XYZ,N,1471,2,0.14500000000000046
MINIMUM_IMAGE_XYZ,N,1473,2,0.14506205568652306
MINIMUM_IMAGE_XYZ,N,1475,2,0.14500000000000046
MINIMUM_IMAGE_XYZ,N,1477,2,0.14500000000000046
MINIMUM_IMAGE_XYZ,N,1479,2,0.14500000000000046
MINIMUM_IMAGE_XYZ,N,1481,2,0.14506205568652306
MINIMUM_IMAGE_XYZ,N,1483,2,0.14531001341958513
MINIMUM_IMAGE_XYZ,N,1485,2,0.14500000000000046
MINIMUM_IMAGE_XYZ,N,1487,2,0.14531001341958513
MINIMUM_IMAGE_XYZ,N,1489,2,0.14500000000000046
MINIMUM_IMAGE_XYZ,N,1491,2,0.1452756001536388
MINIMUM_IMAGE_XYZ,N,1493,2,0.14500000000000046
MINIMUM_IMAGE_XYZ,N,1495,2,0.14500000000000046
MINIMUM_IMAGE_XYZ,N,1497,2,0.14533409785731632
MINIMUM_IMAGE_XYZ,N,1499,2,0.1448930640161907
MINIMUM_IMAGE_XYZ,N,1501,2,0.14483438818181277
MINIMUM_IMAGE_XYZ,N,1503,2,0.14461673485458001
MINIMUM_IMAGE_XYZ,N,1505,2,0.14500000000000046
MINIMUM_IMAGE_XYZ,N,1507,2,0.1446409347314931
MINIMUM_IMAGE_XYZ,N,1509,2,0.14461673485458038
MINIMUM_IMAGE_XYZ,N,1511,2,0.14500000000000046
MINIMUM_IMAGE_XYZ,N,1513,2,0.14500000000000046
MINIMUM_IMAGE_XYZ,N,1515,2,0.14500000000000046
MINIMUM_IMAGE_XYZ,N,1517,2,0.14483438818181277
MINIMUM_IMAGE_XYZ,N,1519,2,0.1446409347314931
MINIMUM_IMAGE_XYZ,N,1521,2,0.14500000000000046
MINIMUM_IMAGE_XYZ,N,1523,2,0.1446409347314931
MINIMUM_IMAGE_XYZ,N,1525,2,0.14483438818181277
MINIMUM_IMAGE_XYZ,N,1527,2,0.14500000000000046
MINIMUM_IMAGE_XYZ,N,1529,2,0.14439182802361086
MINIMUM_IMAGE_XYZ,N,1531,2,0.14500000000000046
MINIMUM_IMAGE_XYZ,N,1533,2,0.14456140563788109
MINIMUM_IMAGE_XYZ,N,1535,2,0.14477568856683093
MINIMUM_IMAGE_XYZ,N,1537,2,0.14500000000000046
MINIMUM_IMAGE_XYZ,N,1539,2,0.14456140563788109
MINIMUM_IMAGE_XYZ,N,1541,2,0.14483438818181293
MINIMUM_IMAGE_XYZ,N,1543,2,0.14500000000000046
MINIMUM_IMAGE_XYZ,N,1545,2,0.14500000000000046
MINIMUM_IMAGE_XYZ,N,1547,2,0.14483438818181293
MINIMUM_IMAGE_XYZ,N,1549,2,0.14477568856683093
MINIMUM_IMAGE_XYZ,N,1551,2,0.14500000000000046
MINIMUM_IMAGE_XYZ,N,1553,2,0.14477568856683093
MINIMUM_IMAGE_XYZ,N,1555,2,0.14483438818181293
MINIMUM_IMAGE_XYZ,N,1557,2,0.14500000000000046
MINIMUM_IMAGE_XYZ,N,1559,2,0.14500000000000046
MINIMUM_IMAGE_XYZ,N,1561,2,0.14506205568652353
MINIMUM_IMAGE_XYZ,N,1563,2,0.14511719401917866
MINIMUM_IMAGE_XYZ,N,1565,2,0.14499999999999957
MINIMUM_IMAGE_XYZ,N,1567,2,0.14511719401917905
MINIMUM_IMAGE_XYZ,N,1569,2,0.14506205568652353
MINIMUM_IMAGE_XYZ,N,1571,2,0.14499999999999957
MINIMUM_IMAGE_XYZ,N,1573,2,0.14499999999999957
MINIMUM_IMAGE_XYZ,N,1575,2,0.1453340978573166
MINIMUM_IMAGE_XYZ,N,1577,2,0.14506205568652353
MINIMUM_IMAGE_XYZ,N,1579,2,0.14499999999999957
MINIMUM_IMAGE_XYZ,N,1581,2,0.14514131045295164
MINIMUM_IMAGE_XYZ,N,1583,2,0.14506205568652353
MINIMUM_IMAGE_XYZ,N,1585,2,0.14499999999999957
MINIMUM_IMAGE_XYZ,N,1587,2,0.14499999999999957
MINIMUM_IMAGE_XYZ,N,1589,2,0.14499999999999957
MINIMUM_IMAGE_XYZ,N,1591,2,0.14506205568652353
MINIMUM_IMAGE_XYZ,N,1593,2,0.14499999999999957
MINIMUM_IMAGE_XYZ,N,1595,2,0.14499999999999957
MINIMUM_IMAGE_XYZ,N,1597,2,0.14499999999999957
MINIMUM_IMAGE_XYZ,N,1599,2,0.14506205568652353
MINIMUM_IMAGE_XYZ,N,1601,2,0.14531001341958558
MINIMUM_IMAGE_XYZ,N,1603,2,0.14499999999999957
MINIMUM_IMAGE_XYZ,N,1605,2,0.14531001341958558
MINIMUM_IMAGE_XYZ,N,1607,2,0.14499999999999957
MINIMUM_IMAGE_XYZ,N,1609,2,0.14527560015363924
MINIMUM_IMAGE_XYZ,N,1611,2,0.14499999999999957
MINIMUM_IMAGE_XYZ,N,1613,2,0.14499999999999957
MINIMUM_IMAGE_XYZ,N,1615,2,0.14533409785731677
MINIMUM_IMAGE_XYZ,N,1617,2,0.14489306401619115
MINIMUM_IMAGE_XYZ,N,1619,2,0.14499999999999957
MINIMUM_IMAGE_XYZ,N,1621,2,0.2894028334346434
MINIMUM_IMAGE_XYZ,N,1623,2,0.2894028334346434
MINIMUM_IMAGE_XYZ,N,1625,2,0.2894028334346438
MINIMUM_IMAGE_XYZ,N,1627,2,0.2894028334346438
MINIMUM_IMAGE_XYZ,N,1629,2,0.28955655751510817
MINIMUM_IMAGE_XYZ,N,1631,2,0.28955655751510817
MINIMUM_IMAGE_XYZ,N,1633,2,0.28956001105125023
MINIMUM_IMAGE_XYZ,N,1635,2,0.2894011057338933
MINIMUM_IMAGE_XYZ,N,1637,2,0.28931297931479016
MINIMUM_IMAGE_XYZ,N,1639,2,0.28931297931479016
MINIMUM_IMAGE_XYZ,N,1641,2,0.28940110573389294
MINIMUM_IMAGE_XYZ,N,1643,2,0.28937691684030425
MINIMUM_IMAGE_XYZ,N,1645,2,0.28937691684030425
MINIMUM_IMAGE_XYZ,N,1647,2,0.28956001105125023
MINIMUM_IMAGE_XYZ,N,1649,2,0.28960317677815667
MINIMUM_IMAGE_XYZ,N,1651,2,0.28940283343464374
MINIMUM_IMAGE_XYZ,N,1653,2,0.28940283343464374
MINIMUM_IMAGE_XYZ,N,1655,2,0.2894028334346434
MINIMUM_IMAGE_XYZ,N,1657,2,0.2894028334346434
MINIMUM_IMAGE_XYZ,N,1659,2,0.28960317677815667
MINIMUM_IMAGE_XYZ,N,1661,2,0.2889809682314738
MINIMUM_IMAGE_XYZ,N,1663,2,0.2889809682314738
MINIMUM_IMAGE_XYZ,N,1665,2,0.28913318730301424
MINIMUM_IMAGE_XYZ,N,1667,2,0.28913318730301424
MINIMUM_IMAGE_XYZ,N,1669,2,0.28931297931479016
MINIMUM_IMAGE_XYZ,N,1671,2,0.28913318730301457
MINIMUM_IMAGE_XYZ,N,1673,2,0.28913318730301457
MINIMUM_IMAGE_XYZ,N,1675,2,0.2889809682314738
MINIMUM_IMAGE_XYZ,N,1677,2,0.2889809682314738
MINIMUM_IMAGE_XYZ,N,1679,2,0.2895565575151085
MINIMUM_IMAGE_XYZ,N,1,3,0.1452446212429224
MINIMUM_IMAGE_XYZ,N,3,3,0.14500000000000002
MINIMUM_IMAGE_XYZ,N,5,3,0.14500000000000002
MINIMUM_IMAGE_XYZ,N,7,3,0.145013792447477
MINIMUM_IMAGE_XYZ,N,9,3,0.145013792447477
MINIMUM_IMAGE_XYZ,N,11,3,0.14500000000000002
MINIMUM_IMAGE_XYZ,N,13,3,0.14500000000000002
MINIMUM_IMAGE_XYZ,N,15,3,0.1452446212429224
MINIMUM_IMAGE_XYZ,N,17,3,0.14500000000000002
MINIMUM_IMAGE_XYZ,N,19,3,0.14500000000000002
MINIMUM_IMAGE_XYZ,N,21,3,0.1455369368923229
MINIMUM_IMAGE_XYZ,N,23,3,0.14500000000000002
MINIMUM_IMAGE_XYZ,N,25,3,0.14501379244747725
MINIMUM_IMAGE_XYZ,N,27,3,0.14500000000000002
MINIMUM_IMAGE_XYZ,N,29,3,0.14500000000000002
MINIMUM_IMAGE_XYZ,N,31,3,0.14528936643815327
MINIMUM_IMAGE_XYZ,N,33,3,0.14500000000000002
MINIMUM_IMAGE_XYZ,N,35,3,0.14500000000000002
MINIMUM_IMAGE_XYZ,N,37,3,0.14506550244630867
MINIMUM_IMAGE_XYZ,N,39,3,0.14500344823486094
MINIMUM_IMAGE_XYZ,N,41,3,0.14506550244630867
MINIMUM_IMAGE_XYZ,N,43,3,0.14500000000000002
MINIMUM_IMAGE_XYZ,N,45,3,0.14500000000000002
MINIMUM_IMAGE_XYZ,N,47,3,0.14528936643815327
MINIMUM_IMAGE_XYZ,N,49,3,0.14500000000000002
MINIMUM_IMAGE_XYZ,N,51,3,0.14500000000000002
MINIMUM_IMAGE_XYZ,N,53,3,0.14501379244747725
MINIMUM_IMAGE_XYZ,N,55,3,0.1455369368923229
MINIMUM_IMAGE_XYZ,N,57,3,0.14500000000000002
MINIMUM_IMAGE_XYZ,N,59,3,0.14500000000000002
MINIMUM_IMAGE_XYZ,N,61,3,0.14574292435655314
MINIMUM_IMAGE_XYZ,N,63,3,0.1450620556865233
MINIMUM_IMAGE_XYZ,N,65,3,0.14533409785731655
MINIMUM_IMAGE_XYZ,N,67,3,0.14551288602732038
MINIMUM_IMAGE_XYZ,N,69,3,0.14551288602732038
MINIMUM_IMAGE_XYZ,N,71,3,0.14533409785731655
MINIMUM_IMAGE_XYZ,N,73,3,0.14527560015363902
MINIMUM_IMAGE_XYZ,N,75,3,0.14574292435655314
MINIMUM_IMAGE_XYZ,N,77,3,0.14527560015363902
MINIMUM_IMAGE_XYZ,N,79,3,0.14533409785731655
MINIMUM_IMAGE_XYZ,N,81,3,0.1460342425597502
MINIMUM_IMAGE_XYZ,N,83,3,0.1455128860273206
MINIMUM_IMAGE_XYZ,N,85,3,0.14533409785731635
MINIMUM_IMAGE_XYZ,N,87,3,0.14511719401917844
MINIMUM_IMAGE_XYZ,N,89,3,0.1457875166123628
MINIMUM_IMAGE_XYZ,N,91,3,0.14514131045295142
MINIMUM_IMAGE_XYZ,N,93,3,0.1451171940191788
MINIMUM_IMAGE_XYZ,N,95,3,0.1455644187293034
MINIMUM_IMAGE_XYZ,N,97,3,0.14550257729676125
MINIMUM_IMAGE_XYZ,N,99,3,0.1455644187293034
MINIMUM_IMAGE_XYZ,N,101,3,0.14533409785731635
MINIMUM_IMAGE_XYZ,N,103,3,0.14514131045295142
MINIMUM_IMAGE_XYZ,N,105,3,0.1457875166123628
MINIMUM_IMAGE_XYZ,N,107,3,0.14514131045295142
MINIMUM_IMAGE_XYZ,N,109,3,0.14533409785731635
MINIMUM_IMAGE_XYZ,N,111,3,0.1455128860273206
MINIMUM_IMAGE_XYZ,N,113,3,0.14500000000000002
MINIMUM_IMAGE_XYZ,N,115,3,0.1460342425597502
MINIMUM_IMAGE_XYZ,N,117,3,0.1450620556865233
MINIMUM_IMAGE_XYZ,N,119,3,0.14527560015363902
MINIMUM_IMAGE_XYZ,N,121,3,0.14500000000000002
MINIMUM_IMAGE_XYZ,N,123,3,0.14500000000000002
MINIMUM_IMAGE_XYZ,N,125,3,0.145013792447477
MINIMUM_IMAGE_XYZ,N,127,3,0.145013792447477
MINIMUM_IMAGE_XYZ,N,129,3,0.14500000000000002
MINIMUM_IMAGE_XYZ,N,131,3,0.14500000000000002
MINIMUM_IMAGE_XYZ,N,133,3,0.1452446212429224
MINIMUM_IMAGE_XYZ,N,135,3,0.14500000000000002
MINIMUM_IMAGE_XYZ,N,137,3,0.14500000000000002
MINIMUM_IMAGE_XYZ,N,139,3,0.1455369368923229
MINIMUM_IMAGE_XYZ,N,141,3,0.14500000000000002
MINIMUM_IMAGE_XYZ,N,143,3,0.14501379244747725
MINIMUM_IMAGE_XYZ,N,145,3,0.14500000000000002
MINIMUM_IMAGE_XYZ,N,147,3,0.14500000000000002
MINIMUM_IMAGE_XYZ,N,149,3,0.14528936643815327
MINIMUM_IMAGE_XYZ,N,151,3,0.14500000000000002
MINIMUM_IMAGE_XYZ,N,153,3,0.14500000000000002
MINIMUM_IMAGE_XYZ,N,155,3,0.14506550244630867
MINIMUM_IMAGE_XYZ,N,157,3,0.14500344823486094
MINIMUM_IMAGE_XYZ,N,159,3,0.14506550244630867
MINIMUM_IMAGE_XYZ,N,161,3,0.14500000000000002
MINIMUM_IMAGE_XYZ,N,163,3,0.14500000000000002
MINIMUM_IMAGE_XYZ,N,165,3,0.14528936643815327
MINIMUM_IMAGE_XYZ,N,167,3,0.14500000000000002
MINIMUM_IMAGE_XYZ,N,169,3,0.14500000000000002
MINIMUM_IMAGE_XYZ,N,171,3,0.14501379244747725
MINIMUM_IMAGE_XYZ,N,173,3,0.1455369368923229
MINIMUM_IMAGE_XYZ,N,175,3,0.14500000000000002
MINIMUM_IMAGE_XYZ,N,177,3,0.14500000000000002
MINIMUM_IMAGE_XYZ,N,179,3,0.1452446212429224
MINIMUM_IMAGE_XYZ,N,181,3,0.1450620556865233
MINIMUM_IMAGE_XYZ,N,183,3,0.14533409785731655
MINIMUM_IMAGE_XYZ,N,185,3,0.14551288602732038
MINIMUM_IMAGE_XYZ,N,187,3,0.14551288602732038
MINIMUM_IMAGE_XYZ,N,189,3,0.14533409785731655
MINIMUM_IMAGE_XYZ,N,191,3,0.14527560015363902
MINIMUM_IMAGE_XYZ,N,193,3,0.14574292435655314
MINIMUM_IMAGE_XYZ,N,195,3,0.14527560015363902
MINIMUM_IMAGE_XYZ,N,197,3,0.14533409785731655
MINIMUM_IMAGE_XYZ,N,199,3,0.1460342425597502
MINIMUM_IMAGE_XYZ,N,201,3,0.1455128860273206
MINIMUM_IMAGE_XYZ,N,203,3,0.14533409785731635
MINIMUM_IMAGE_XYZ,N,205,3,0.14511719401917844
MINIMUM_IMAGE_XYZ,N,207,3,0.1457875166123628
MINIMUM_IMAGE_XYZ,N,209,3,0.14514131045295142
MINIMUM_IMAGE_XYZ,N,211,3,0.1451171940191788
MINIMUM_IMAGE_XYZ,N,213,3,0.1455644187293034
MINIMUM_IMAGE_XYZ,N,215,3,0.14550257729676125
MINIMUM_IMAGE_XYZ,N,217,3,0.1455644187293034
MINIMUM_IMAGE_XYZ,N,219,3,0.14533409785731635
MINIMUM_IMAGE_XYZ,N,221,3,0.14514131045295142
MINIMUM_IMAGE_XYZ,N,223,3,0.1457875166123628
MINIMUM_IMAGE_XYZ,N,225,3,0.14514131045295142
MINIMUM_IMAGE_XYZ,N,227,3,0.14533409785731635
MINIMUM_IMAGE_XYZ,N,229,3,0.1455128860273206
MINIMUM_IMAGE_XYZ,N,231,3,0.14500000000000002
MINIMUM_IMAGE_XYZ,N,233,3,0.1460342425597502
MINIMUM_IMAGE_XYZ,N,235,3,0.1450620556865233
MINIMUM_IMAGE_XYZ,N,237,3,0.14527560015363902
MINIMUM_IMAGE_XYZ,N,239,3,0.14574292435655314
MINIMUM_IMAGE_XYZ,N,241,3,0.14500000000000002
MINIMUM_IMAGE_XYZ,N,243,3,0.145013792447477
MINIMUM_IMAGE_XYZ,N,245,3,0.145013792447477
MINIMUM_IMAGE_XYZ,N,247,3,0.14500000000000002
MINIMUM_IMAGE_XYZ,N,249,3,0.14500000000000002
MINIMUM_IMAGE_XYZ,N,251,3,0.1452446212429224
MINIMUM_IMAGE_XYZ,N,253,3,0.14500000000000002
MINIMUM_IMAGE_XYZ,N,255,3,0.14500000000000002
MINIMUM_IMAGE_XYZ,N,257,3,0.1455369368923229
MINIMUM_IMAGE_XYZ,N,259,3,0.14500000000000002
MINIMUM_IMAGE_XYZ,N,261,3,0.14501379244747725
MINIMUM_IMAGE_XYZ,N,263,3,0.14500000000000002
MINIMUM_IMAGE_XYZ,N,265,3,0.14500000000000002
MINIMUM_IMAGE_XYZ,N,267,3,0.14528936643815327
MINIMUM_IMAGE_XYZ,N,269,3,0.14500000000000002
MINIMUM_IMAGE_XYZ,N,271,3,0.14500000000000002
MINIMUM_IMAGE_XYZ,N,273,3,0.14506550244630867
MINIMUM_IMAGE_XYZ,N,275,3,0.14500344823486094
MINIMUM_IMAGE_XYZ,N,277,3,0.14506550244630867
MINIMUM_IMAGE_XYZ,N,279,3,0.14500000000000002
MINIMUM_IMAGE_XYZ,N,281,3,0.14500000000000002
MINIMUM_IMAGE_XYZ,N,283,3,0.14528936643815327
MINIMUM_IMAGE_XYZ,N,285,3,0.14500000000000002
MINIMUM_IMAGE_XYZ,N,287,3,0.14500000000000002
MINIMUM_IMAGE_XYZ,N,289,3,0.14501379244747725
MINIMUM_IMAGE_XYZ,N,291,3,0.1455369368923229
MINIMUM_IMAGE_XYZ,N,293,3,0.14500000000000002
MINIMUM_IMAGE_XYZ,N,295,3,0.14500000000000002
MINIMUM_IMAGE_XYZ,N,297,3,0.1452446212429224
MINIMUM_IMAGE_XYZ,N,299,3,0.14500000000000002
MINIMUM_IMAGE_XYZ,N,301,3,0.14533409785731655
MINIMUM_IMAGE_XYZ,N,303,3,0.14551288602732038
MINIMUM_IMAGE_XYZ,N,305,3,0.14551288602732038
MINIMUM_IMAGE_XYZ,N,307,3,0.14533409785731655
MINIMUM_IMAGE_XYZ,N,309,3,0.14527560015363902
MINIMUM_IMAGE_XYZ,N,311,3,0.14574292435655314
MINIMUM_IMAGE_XYZ,N,313,3,0.14527560015363902
MINIMUM_IMAGE_XYZ,N,315,3,0.14533409785731655
MINIMUM_IMAGE_XYZ,N,317,3,0.1460342425597502
MINIMUM_IMAGE_XYZ,N,319,3,0.1455128860273206
MINIMUM_IMAGE_XYZ,N,321,3,0.14533409785731635
MINIMUM_IMAGE_XYZ,N,323,3,0.14511719401917844
MINIMUM_IMAGE_XYZ,N,325,3,0.1457875166123628
MINIMUM_IMAGE_XYZ,N,327,3,0.14514131045295142
MINIMUM_IMAGE_XYZ,N,329,3,0.1451171940191788
MINIMUM_IMAGE_XYZ,N,331,3,0.1455644187293034
MINIMUM_IMAGE_XYZ,N,333,3,0.14550257729676125
MINIMUM_IMAGE_XYZ,N,335,3,0.1455644187293034
MINIMUM_IMAGE_XYZ,N,337,3,0.14533409785731635
MINIMUM_IMAGE_XYZ,N,339,3,0.14514131045295142
MINIMUM_IMAGE_XYZ,N,341,3,0.1457875166123628
MINIMUM_IMAGE_XYZ,N,343,3,0.14514131045295142
MINIMUM_IMAGE_XYZ,N,345,3,0.14533409785731635
MINIMUM_IMAGE_XYZ,N,347,3,0.1455128860273206
MINIMUM_IMAGE_XYZ,N,349,3,0.14500000000000002
MINIMUM_IMAGE_XYZ,N,351,3,0.1460342425597502
MINIMUM_IMAGE_XYZ,N,353,3,0.1450620556865233
MINIMUM_IMAGE_XYZ,N,355,3,0.14527560015363902
MINIMUM_IMAGE_XYZ,N,357,3,0.14574292435655314
MINIMUM_IMAGE_XYZ,N,359,3,0.1450620556865233
MINIMUM_IMAGE_XYZ,N,361,3,0.14501379244747678
MINIMUM_IMAGE_XYZ,N,363,3,0.14501379244747678
MINIMUM_IMAGE_XYZ,N,365,3,0.14500000000000002
MINIMUM_IMAGE_XYZ,N,367,3,0.14500000000000002
MINIMUM_IMAGE_XYZ,N,369,3,0.14524462124292217
MINIMUM_IMAGE_XYZ,N,371,3,0.14500000000000002
MINIMUM_IMAGE_XYZ,N,373,3,0.14500000000000002
MINIMUM_IMAGE_XYZ,N,375,3,0.14553693689232267
MINIMUM_IMAGE_XYZ,N,377,3,0.14500000000000002
MINIMUM_IMAGE_XYZ,N,379,3,0.14501379244747703
MINIMUM_IMAGE_XYZ,N,381,3,0.14500000000000002
MINIMUM_IMAGE_XYZ,N,383,3,0.14500000000000002
MINIMUM_IMAGE_XYZ,N,385,3,0.14528936643815304
MINIMUM_IMAGE_XYZ,N,387,3,0.14500000000000002
MINIMUM_IMAGE_XYZ,N,389,3,0.14500000000000002
MINIMUM_IMAGE_XYZ,N,391,3,0.14506550244630848
MINIMUM_IMAGE_XYZ,N,393,3,0.14500344823486072
MINIMUM_IMAGE_XYZ,N,395,3,0.14506550244630848
MINIMUM_IMAGE_XYZ,N,397,3,0.14500000000000002
MINIMUM_IMAGE_XYZ,N,399,3,0.14500000000000002
MINIMUM_IMAGE_XYZ,N,401,3,0.14528936643815304
MINIMUM_IMAGE_XYZ,N,403,3,0.14500000000000002
MINIMUM_IMAGE_XYZ,N,405,3,0.14500000000000002
MINIMUM_IMAGE_XYZ,N,407,3,0.14501379244747703
MINIMUM_IMAGE_XYZ,N,409,3,0.14553693689232267
MINIMUM_IMAGE_XYZ,N,411,3,0.14500000000000002
MINIMUM_IMAGE_XYZ,N,413,3,0.14500000000000002
MINIMUM_IMAGE_XYZ,N,415,3,0.14524462124292217
MINIMUM_IMAGE_XYZ,N,417,3,0.14500000000000002
MINIMUM_IMAGE_XYZ,N,419,3,0.14500000000000002
MINIMUM_IMAGE_XYZ,N,421,3,0.1455128860273206
MINIMUM_IMAGE_XYZ,N,423,3,0.1455128860273206
MINIMUM_IMAGE_XYZ,N,425,3,0.14533409785731677
MINIMUM_IMAGE_XYZ,N,427,3,0.14527560015363924
MINIMUM_IMAGE_XYZ,N,429,3,0.14574292435655337
MINIMUM_IMAGE_XYZ,N,431,3,0.14527560015363924
MINIMUM_IMAGE_XYZ,N,433,3,0.14533409785731677
MINIMUM_IMAGE_XYZ,N,435,3,0.14603424255975045
MINIMUM_IMAGE_XYZ,N,437,3,0.14551288602732082
MINIMUM_IMAGE_XYZ,N,439,3,0.1453340978573166
MINIMUM_IMAGE_XYZ,N,441,3,0.14511719401917866
MINIMUM_IMAGE_XYZ,N,443,3,0.14578751661236306
MINIMUM_IMAGE_XYZ,N,445,3,0.14514131045295164
MINIMUM_IMAGE_XYZ,N,447,3,0.14511719401917905
MINIMUM_IMAGE_XYZ,N,449,3,0.14556441872930362
MINIMUM_IMAGE_XYZ,N,451,3,0.14550257729676147
MINIMUM_IMAGE_XYZ,N,453,3,0.14556441872930362
MINIMUM_IMAGE_XYZ,N,455,3,0.1453340978573166
MINIMUM_IMAGE_XYZ,N,457,3,0.14514131045295164
MINIMUM_IMAGE_XYZ,N,459,3,0.14578751661236306
MINIMUM_IMAGE_XYZ,N,461,3,0.14514131045295164
MINIMUM_IMAGE_XYZ,N,463,3,0.1453340978573166
MINIMUM_IMAGE_XYZ,N,465,3,0.14551288602732082
MINIMUM_IMAGE_XYZ,N,467,3,0.14500000000000002
MINIMUM_IMAGE_XYZ,N,469,3,0.14603424255975045
MINIMUM_IMAGE_XYZ,N,471,3,0.14506205568652353
MINIMUM_IMAGE_XYZ,N,473,3,0.14527560015363924
MINIMUM_IMAGE_XYZ,N,475,3,0.14574292435655337
MINIMUM_IMAGE_XYZ,N,477,3,0.14506205568652353
MINIMUM_IMAGE_XYZ,N,479,3,0.14533409785731677
MINIMUM_IMAGE_XYZ,N,481,3,0.1455128860273206
MINIMUM_IMAGE_XYZ,N,483,3,0.14533409785731677
MINIMUM_IMAGE_XYZ,N,485,3,0.14506205568652353
MINIMUM_IMAGE_XYZ,N,487,3,0.14574292435655337
MINIMUM_IMAGE_XYZ,N,489,3,0.14527560015363924
MINIMUM_IMAGE_XYZ,N,491,3,0.14506205568652353
MINIMUM_IMAGE_XYZ,N,493,3,0.14603424255975045
MINIMUM_IMAGE_XYZ,N,495,3,0.14499999999999957
MINIMUM_IMAGE_XYZ,N,497,3,0.14551288602732082
MINIMUM_IMAGE_XYZ,N,499,3,0.1453340978573166
MINIMUM_IMAGE_XYZ,N,501,3,0.14514131045295164
MINIMUM_IMAGE_XYZ,N,503,3,0.14578751661236306
MINIMUM_IMAGE_XYZ,N,505,3,0.14514131045295164
MINIMUM_IMAGE_XYZ,N,507,3,0.1453340978573166
MINIMUM_IMAGE_XYZ,N,509,3,0.14556441872930362
MINIMUM_IMAGE_XYZ,N,511,3,0.14550257729676147
MINIMUM_IMAGE_XYZ,N,513,3,0.14556441872930362
MINIMUM_IMAGE_XYZ,N,515,3,0.14511719401917905
MINIMUM_IMAGE_XYZ,N,517,3,0.14514131045295164
MINIMUM_IMAGE_XYZ,N,519,3,0.14578751661236306
MINIMUM_IMAGE_XYZ,N,521,3,0.14511719401917866
MINIMUM_IMAGE_XYZ,N,523,3,0.1453340978573166
MINIMUM_IMAGE_XYZ,N,525,3,0.14551288602732082
MINIMUM_IMAGE_XYZ,N,527,3,0.14603424255975045
MINIMUM_IMAGE_XYZ,N,529,3,0.14533409785731677
MINIMUM_IMAGE_XYZ,N,531,3,0.14527560015363924
MINIMUM_IMAGE_XYZ,N,533,3,0.14574292435655337
MINIMUM_IMAGE_XYZ,N,535,3,0.14527560015363924
MINIMUM_IMAGE_XYZ,N,537,3,0.14533409785731677
MINIMUM_IMAGE_XYZ,N,539,3,0.1455128860273206
MINIMUM_IMAGE_XYZ,N,541,3,0.145013792447477
MINIMUM_IMAGE_XYZ,N,543,3,0.14499999999999957
MINIMUM_IMAGE_XYZ,N,545,3,0.14499999999999957
MINIMUM_IMAGE_XYZ,N,547,3,0.1452446212429224
MINIMUM_IMAGE_XYZ,N,549,3,0.14499999999999957
MINIMUM_IMAGE_XYZ,N,551,3,0.14499999999999957
MINIMUM_IMAGE_XYZ,N,553,3,0.1455369368923229
MINIMUM_IMAGE_XYZ,N,555,3,0.14501379244747725
MINIMUM_IMAGE_XYZ,N,557,3,0.14499999999999957
MINIMUM_IMAGE_XYZ,N,559,3,0.14499999999999957
MINIMUM_IMAGE_XYZ,N,561,3,0.14528936643815327
MINIMUM_IMAGE_XYZ,N,563,3,0.14499999999999957
MINIMUM_IMAGE_XYZ,N,565,3,0.14499999999999957
MINIMUM_IMAGE_XYZ,N,567,3,0.14506550244630867
MINIMUM_IMAGE_XYZ,N,569,3,0.14500344823486094
MINIMUM_IMAGE_XYZ,N,571,3,0.14506550244630867
MINIMUM_IMAGE_XYZ,N,573,3,0.14499999999999957
MINIMUM_IMAGE_XYZ,N,575,3,0.14499999999999957
MINIMUM_IMAGE_XYZ,N,577,3,0.14528936643815327
MINIMUM_IMAGE_XYZ,N,579,3,0.14499999999999957
MINIMUM_IMAGE_XYZ,N,581,3,0.14499999999999957
MINIMUM_IMAGE_XYZ,N,583,3,0.14501379244747725
MINIMUM_IMAGE_XYZ,N,585,3,0.14499999999999957
MINIMUM_IMAGE_XYZ,N,587,3,0.1455369368923229
MINIMUM_IMAGE_XYZ,N,589,3,0.14499999999999957
MINIMUM_IMAGE_XYZ,N,591,3,0.14499999999999957
MINIMUM_IMAGE_XYZ,N,593,3,0.1452446212429224
MINIMUM_IMAGE_XYZ,N,595,3,0.14499999999999957
MINIMUM_IMAGE_XYZ,N,597,3,0.14499999999999957
MINIMUM_IMAGE_XYZ,N,599,3,0.145013792447477
MINIMUM_IMAGE_XYZ,N,601,3,0.14533409785731632
MINIMUM_IMAGE_XYZ,N,603,3,0.14506205568652306
MINIMUM_IMAGE_XYZ,N,605,3,0.1457429243565529
MINIMUM_IMAGE_XYZ,N,607,3,0.1452756001536388
MINIMUM_IMAGE_XYZ,N,609,3,0.14506205568652306
MINIMUM_IMAGE_XYZ,N,611,3,0.14603424255974998
MINIMUM_IMAGE_XYZ,N,613,3,0.14500000000000046
MINIMUM_IMAGE_XYZ,N,615,3,0.14551288602732038
MINIMUM_IMAGE_XYZ,N,617,3,0.14533409785731613
MINIMUM_IMAGE_XYZ,N,619,3,0.1451413104529512
MINIMUM_IMAGE_XYZ,N,621,3,0.14578751661236258
MINIMUM_IMAGE_XYZ,N,623,3,0.1451413104529512
MINIMUM_IMAGE_XYZ,N,625,3,0.14533409785731613
MINIMUM_IMAGE_XYZ,N,627,3,0.14556441872930317
MINIMUM_IMAGE_XYZ,N,629,3,0.14550257729676103
MINIMUM_IMAGE_XYZ,N,631,3,0.14556441872930317
MINIMUM_IMAGE_XYZ,N,633,3,0.14511719401917858
MINIMUM_IMAGE_XYZ,N,635,3,0.1451413104529512
MINIMUM_IMAGE_XYZ,N,637,3,0.14578751661236258
MINIMUM_IMAGE_XYZ,N,639,3,0.14511719401917822
MINIMUM_IMAGE_XYZ,N,641,3,0.14533409785731613
MINIMUM_IMAGE_XYZ,N,643,3,0.14551288602732038
MINIMUM_IMAGE_XYZ,N,645,3,0.14603424255974998
MINIMUM_IMAGE_XYZ,N,647,3,0.14533409785731632
MINIMUM_IMAGE_XYZ,N,649,3,0.1452756001536388
MINIMUM_IMAGE_XYZ,N,651,3,0.1457429243565529
MINIMUM_IMAGE_XYZ,N,653,3,0.1452756001536388
MINIMUM_IMAGE_XYZ,N,655,3,0.14533409785731632
MINIMUM_IMAGE_XYZ,N,657,3,0.14551288602732013
MINIMUM_IMAGE_XYZ,N,659,3,0.14551288602732013
MINIMUM_IMAGE_XYZ,N,661,3,0.14533409785731677
MINIMUM_IMAGE_XYZ,N,663,3,0.14527560015363924
MINIMUM_IMAGE_XYZ,N,665,3,0.14574292435655337
MINIMUM_IMAGE_XYZ,N,667,3,0.14527560015363924
MINIMUM_IMAGE_XYZ,N,669,3,0.14533409785731677
MINIMUM_IMAGE_XYZ,N,671,3,0.14603424255975045
MINIMUM_IMAGE_XYZ,N,673,3,0.14551288602732082
MINIMUM_IMAGE_XYZ,N,675,3,0.1453340978573166
MINIMUM_IMAGE_XYZ,N,677,3,0.14511719401917866
MINIMUM_IMAGE_XYZ,N,679,3,0.14578751661236306
MINIMUM_IMAGE_XYZ,N,681,3,0.14514131045295164
MINIMUM_IMAGE_XYZ,N,683,3,0.14511719401917905
MINIMUM_IMAGE_XYZ,N,685,3,0.14556441872930362
MINIMUM_IMAGE_XYZ,N,687,3,0.14550257729676147
MINIMUM_IMAGE_XYZ,N,689,3,0.14556441872930362
MINIMUM_IMAGE_XYZ,N,691,3,0.1453340978573166
MINIMUM_IMAGE_XYZ,N,693,3,0.14514131045295164
MINIMUM_IMAGE_XYZ,N,695,3,0.14578751661236306
MINIMUM_IMAGE_XYZ,N,697,3,0.14514131045295164
MINIMUM_IMAGE_XYZ,N,699,3,0.1453340978573166
MINIMUM_IMAGE_XYZ,N,701,3,0.14551288602732082
MINIMUM_IMAGE_XYZ,N,703,3,0.14489306401619115
MINIMUM_IMAGE_XYZ,N,705,3,0.14603424255975045
MINIMUM_IMAGE_XYZ,N,707,3,0.14506205568652353
MINIMUM_IMAGE_XYZ,N,709,3,0.14527560015363924
MINIMUM_IMAGE_XYZ,N,711,3,0.14574292435655337
MINIMUM_IMAGE_XYZ,N,713,3,0.14506205568652353
MINIMUM_IMAGE_XYZ,N,715,3,0.14533409785731677
MINIMUM_IMAGE_XYZ,N,717,3,0.1455128860273206
MINIMUM_IMAGE_XYZ,N,719,3,0.1455128860273206
MINIMUM_IMAGE_XYZ,N,721,3,0.14499999999999957
MINIMUM_IMAGE_XYZ,N,723,3,0.1452446212429224
MINIMUM_IMAGE_XYZ,N,725,3,0.14499999999999957
MINIMUM_IMAGE_XYZ,N,727,3,0.14499999999999957
MINIMUM_IMAGE_XYZ,N,729,3,0.1455369368923229
MINIMUM_IMAGE_XYZ,N,731,3,0.14499999999999957
MINIMUM_IMAGE_XYZ,N,733,3,0.14501379244747725
MINIMUM_IMAGE_XYZ,N,735,3,0.14499999999999957
MINIMUM_IMAGE_XYZ,N,737,3,0.14499999999999957
MINIMUM_IMAGE_XYZ,N,739,3,0.14528936643815327
MINIMUM_IMAGE_XYZ,N,741,3,0.14499999999999957
MINIMUM_IMAGE_XYZ,N,743,3,0.14499999999999957
MINIMUM_IMAGE_XYZ,N,745,3,0.14506550244630867
MINIMUM_IMAGE_XYZ,N,747,3,0.14500344823486094
MINIMUM_IMAGE_XYZ,N,749,3,0.14506550244630867
MINIMUM_IMAGE_XYZ,N,751,3,0.14499999999999957
MINIMUM_IMAGE_XYZ,N,753,3,0.14499999999999957
MINIMUM_IMAGE_XYZ,N,755,3,0.14528936643815327
MINIMUM_IMAGE_XYZ,N,757,3,0.14499999999999957
MINIMUM_IMAGE_XYZ,N,759,3,0.14499999999999957
MINIMUM_IMAGE_XYZ,N,761,3,0.14501379244747725
MINIMUM_IMAGE_XYZ,N,763,3,0.1455369368923229
MINIMUM_IMAGE_XYZ,N,765,3,0.14499999999999957
MINIMUM_IMAGE_XYZ,N,767,3,0.14499999999999957
MINIMUM_IMAGE_XYZ,N,769,3,0.1452446212429224
MINIMUM_IMAGE_XYZ,N,771,3,0.14499999999999957
MINIMUM_IMAGE_XYZ,N,773,3,0.14499999999999957
MINIMUM_IMAGE_XYZ,N,775,3,0.145013792447477
MINIMUM_IMAGE_XYZ,N,777,3,0.145013792447477
MINIMUM_IMAGE_XYZ,N,779,3,0.14499999999999957
MINIMUM_IMAGE_XYZ,N,781,3,0.1459999999999999
MINIMUM_IMAGE_XYZ,N,783,3,0.1459999999999999
MINIMUM_IMAGE_XYZ,N,785,3,0.1459999999999999
MINIMUM_IMAGE_XYZ,N,787,3,0.1459999999999999
MINIMUM_IMAGE_XYZ,N,789,3,0.1459999999999999
MINIMUM_IMAGE_XYZ,N,791,3,0.1459999999999999
MINIMUM_IMAGE_XYZ,N,793,3,0.1459999999999999
MINIMUM_IMAGE_XYZ,N,795,3,0.1459999999999999
MINIMUM_IMAGE_XYZ,N,797,3,0.1459999999999999
MINIMUM_IMAGE_XYZ,N,799,3,0.1459999999999999
MINIMUM_IMAGE_XYZ,N,801,3,0.1459999999999999
MINIMUM_IMAGE_XYZ,N,803,3,0.1459999999999999
MINIMUM_IMAGE_XYZ,N,805,3,0.1459999999999999
MINIMUM_IMAGE_XYZ,N,807,3,0.1459999999999999
MINIMUM_IMAGE_XYZ,N,809,3,0.1459999999999999
MINIMUM_IMAGE_XYZ,N,811,3,0.1459999999999999
MINIMUM_IMAGE_XYZ,N,813,3,0.1459999999999999
MINIMUM_IMAGE_XYZ,N,815,3,0.1459999999999999
MINIMUM_IMAGE_XYZ,N,817,3,0.1459999999999999
MINIMUM_IMAGE_XYZ,N,819,3,0.1459999999999999
MINIMUM_IMAGE_XYZ,N,821,3,0.1459999999999999
MINIMUM_IMAGE_XYZ,N,823,3,0.1459999999999999
MINIMUM_IMAGE_XYZ,N,825,3,0.1459999999999999
MINIMUM_IMAGE_XYZ,N,827,3,0.1459999999999999
MINIMUM_IMAGE_XYZ,N,829,3,0.1459999999999999
MINIMUM_IMAGE_XYZ,N,831,3,0.1459999999999999
MINIMUM_IMAGE_XYZ,N,833,3,0.1459999999999999
MINIMUM_IMAGE_XYZ,N,835,3,0.1459999999999999
MINIMUM_IMAGE_XYZ,N,837,3,0.1459999999999999
MINIMUM_IMAGE_XYZ,N,839,3,0.1459999999999999
MINIMUM_IMAGE_XYZ,N,841,3,0.1457429243565529
MINIMUM_IMAGE_XYZ,N,843,3,0.1452756001536388
MINIMUM_IMAGE_XYZ,N,845,3,0.14506205568652306
MINIMUM_IMAGE_XYZ,N,847,3,0.14603424255974998
MINIMUM_IMAGE_XYZ,N,849,3,0.14500000000000046
MINIMUM_IMAGE_XYZ,N,851,3,0.14551288602732038
MINIMUM_IMAGE_XYZ,N,853,3,0.14533409785731613
MINIMUM_IMAGE_XYZ,N,855,3,0.1451413104529512
MINIMUM_IMAGE_XYZ,N,857,3,0.14578751661236258
MINIMUM_IMAGE_XYZ,N,859,3,0.1451413104529512
MINIMUM_IMAGE_XYZ,N,861,3,0.14533409785731613
MINIMUM_IMAGE_XYZ,N,863,3,0.14556441872930317
MINIMUM_IMAGE_XYZ,N,865,3,0.14550257729676103
MINIMUM_IMAGE_XYZ,N,867,3,0.14556441872930317
MINIMUM_IMAGE_XYZ,N,869,3,0.14511719401917858
MINIMUM_IMAGE_XYZ,N,871,3,0.1451413104529512
MINIMUM_IMAGE_XYZ,N,873,3,0.14578751661236258
MINIMUM_IMAGE_XYZ,N,875,3,0.14511719401917822
MINIMUM_IMAGE_XYZ,N,877,3,0.14533409785731613
MINIMUM_IMAGE_XYZ,N,879,3,0.14551288602732038
MINIMUM_IMAGE_XYZ,N,881,3,0.14603424255974998
MINIMUM_IMAGE_XYZ,N,883,3,0.14533409785731632
MINIMUM_IMAGE_XYZ,N,885,3,0.1452756001536388
MINIMUM_IMAGE_XYZ,N,887,3,0.1457429243565529
MINIMUM_IMAGE_XYZ,N,889,3,0.1452756001536388
MINIMUM_IMAGE_XYZ,N,891,3,0.14533409785731632
MINIMUM_IMAGE_XYZ,N,893,3,0.14551288602732013
MINIMUM_IMAGE_XYZ,N,895,3,0.14551288602732013
MINIMUM_IMAGE_XYZ,N,897,3,0.14533409785731632
MINIMUM_IMAGE_XYZ,N,899,3,0.14506205568652306
MINIMUM_IMAGE_XYZ,N,901,3,0.1452446212429224
MINIMUM_IMAGE_XYZ,N,903,3,0.14500000000000046
MINIMUM_IMAGE_XYZ,N,905,3,0.14500000000000046
MINIMUM_IMAGE_XYZ,N,907,3,0.1455369368923229
MINIMUM_IMAGE_XYZ,N,909,3,0.14501379244747725
MINIMUM_IMAGE_XYZ,N,911,3,0.14500000000000046
MINIMUM_IMAGE_XYZ,N,913,3,0.14500000000000046
MINIMUM_IMAGE_XYZ,N,915,3,0.14528936643815327
MINIMUM_IMAGE_XYZ,N,917,3,0.14500000000000046
MINIMUM_IMAGE_XYZ,N,919,3,0.14500000000000046
MINIMUM_IMAGE_XYZ,N,921,3,0.14506550244630867
MINIMUM_IMAGE_XYZ,N,923,3,0.14500344823486094
MINIMUM_IMAGE_XYZ,N,925,3,0.14506550244630867
MINIMUM_IMAGE_XYZ,N,927,3,0.14500000000000046
MINIMUM_IMAGE_XYZ,N,929,3,0.14500000000000046
MINIMUM_IMAGE_XYZ,N,931,3,0.14528936643815327
MINIMUM_IMAGE_XYZ,N,933,3,0.14500000000000046
MINIMUM_IMAGE_XYZ,N,935,3,0.14500000000000046
MINIMUM_IMAGE_XYZ,N,937,3,0.14501379244747725
MINIMUM_IMAGE_XYZ,N,939,3,0.14500000000000046
MINIMUM_IMAGE_XYZ,N,941,3,0.1455369368923229
MINIMUM_IMAGE_XYZ,N,943,3,0.14500000000000046
MINIMUM_IMAGE_XYZ,N,945,3,0.14500000000000046
MINIMUM_IMAGE_XYZ,N,947,3,0.1452446212429224
MINIMUM_IMAGE_XYZ,N,949,3,0.14500000000000046
MINIMUM_IMAGE_XYZ,N,951,3,0.14500000000000046
MINIMUM_IMAGE_XYZ,N,953,3,0.145013792447477
MINIMUM_IMAGE_XYZ,N,955,3,0.145013792447477
MINIMUM_IMAGE_XYZ,N,957,3,0.14500000000000046
MINIMUM_IMAGE_XYZ,N,959,3,0.14500000000000046
MINIMUM_IMAGE_XYZ,N,961,3,0.14499999999999957
MINIMUM_IMAGE_XYZ,N,963,3,0.14499999999999957
MINIMUM_IMAGE_XYZ,N,965,3,0.1455369368923229
MINIMUM_IMAGE_XYZ,N,967,3,0.14499999999999957
MINIMUM_IMAGE_XYZ,N,969,3,0.14501379244747725
MINIMUM_IMAGE_XYZ,N,971,3,0.14499999999999957
MINIMUM_IMAGE_XYZ,N,973,3,0.14499999999999957
MINIMUM_IMAGE_XYZ,N,975,3,0.14528936643815327
MINIMUM_IMAGE_XYZ,N,977,3,0.14499999999999957
MINIMUM_IMAGE_XYZ,N,979,3,0.14499999999999957
MINIMUM_IMAGE_XYZ,N,981,3,0.14506550244630867
MINIMUM_IMAGE_XYZ,N,983,3,0.14500344823486094
MINIMUM_IMAGE_XYZ,N,985,3,0.14506550244630867
MINIMUM_IMAGE_XYZ,N,987,3,0.14499999999999957
MINIMUM_IMAGE_XYZ,N,989,3,0.14499999999999957
MINIMUM_IMAGE_XYZ,N,991,3,0.14528936643815327
MINIMUM_IMAGE_XYZ,N,993,3,0.14499999999999957
MINIMUM_IMAGE_XYZ,N,995,3,0.14499999999999957
MINIMUM_IMAGE_XYZ,N,997,3,0.14501379244747725
MINIMUM_IMAGE_XYZ,N,999,3,0.1455369368923229
MINIMUM_IMAGE_XYZ,N,1001,3,0.14499999999999957
MINIMUM_IMAGE_XYZ,N,1003,3,0.14499999999999957
MINIMUM_IMAGE_XYZ,N,1005,3,0.1452446212429224
MINIMUM_IMAGE_XYZ,N,1007,3,0.14499999999999957
MINIMUM_IMAGE_XYZ,N,1009,3,0.14499999999999957
MINIMUM_IMAGE_XYZ,N,1011,3,0.145013792447477
MINIMUM_IMAGE_XYZ,N,1013,3,0.145013792447477
MINIMUM_IMAGE_XYZ,N,1015,3,0.14499999999999957
MINIMUM_IMAGE_XYZ,N,1017,3,0.14499999999999957
MINIMUM_IMAGE_XYZ,N,1019,3,0.1452446212429224
MINIMUM_IMAGE_XYZ,N,1021,3,0.14527560015363924
MINIMUM_IMAGE_XYZ,N,1023,3,0.14533409785731677
MINIMUM_IMAGE_XYZ,N,1025,3,0.14603424255975045
MINIMUM_IMAGE_XYZ,N,1027,3,0.14551288602732082
MINIMUM_IMAGE_XYZ,N,1029,3,0.1453340978573166
MINIMUM_IMAGE_XYZ,N,1031,3,0.14511719401917866
MINIMUM_IMAGE_XYZ,N,1033,3,0.14578751661236306
MINIMUM_IMAGE_XYZ,N,1035,3,0.14514131045295164
MINIMUM_IMAGE_XYZ,N,1037,3,0.14511719401917905
MINIMUM_IMAGE_XYZ,N,1039,3,0.14556441872930362
MINIMUM_IMAGE_XYZ,N,1041,3,0.14550257729676147
MINIMUM_IMAGE_XYZ,N,1043,3,0.14556441872930362
MINIMUM_IMAGE_XYZ,N,1045,3,0.1453340978573166
MINIMUM_IMAGE_XYZ,N,1047,3,0.14514131045295164
MINIMUM_IMAGE_XYZ,N,1049,3,0.14578751661236306
MINIMUM_IMAGE_XYZ,N,1051,3,0.14514131045295164
MINIMUM_IMAGE_XYZ,N,1053,3,0.1453340978573166
MINIMUM_IMAGE_XYZ,N,1055,3,0.14551288602732082
MINIMUM_IMAGE_XYZ,N,1057,3,0.14499999999999957
MINIMUM_IMAGE_XYZ,N,1059,3,0.14603424255975045
MINIMUM_IMAGE_XYZ,N,1061,3,0.14506205568652353
MINIMUM_IMAGE_XYZ,N,1063,3,0.14527560015363924
MINIMUM_IMAGE_XYZ,N,1065,3,0.14574292435655337
MINIMUM_IMAGE_XYZ,N,1067,3,0.14506205568652353
MINIMUM_IMAGE_XYZ,N,1069,3,0.14533409785731677
MINIMUM_IMAGE_XYZ,N,1071,3,0.1455128860273206
MINIMUM_IMAGE_XYZ,N,1073,3,0.1455128860273206
MINIMUM_IMAGE_XYZ,N,1075,3,0.14533409785731677
MINIMUM_IMAGE_XYZ,N,1077,3,0.14527560015363924
MINIMUM_IMAGE_XYZ,N,1079,3,0.14574292435655337
MINIMUM_IMAGE_XYZ,N,1081,3,0.14506205568652353
MINIMUM_IMAGE_XYZ,N,1083,3,0.14603424255975045
MINIMUM_IMAGE_XYZ,N,1085,3,0.14499999999999957
MINIMUM_IMAGE_XYZ,N,1087,3,0.14551288602732082
MINIMUM_IMAGE_XYZ,N,1089,3,0.1453340978573166
MINIMUM_IMAGE_XYZ,N,1091,3,0.14514131045295164
MINIMUM_IMAGE_XYZ,N,1093,3,0.14578751661236306
MINIMUM_IMAGE_XYZ,N,1095,3,0.14514131045295164
MINIMUM_IMAGE_XYZ,N,1097,3,0.1453340978573166
MINIMUM_IMAGE_XYZ,N,1099,3,0.14556441872930362
MINIMUM_IMAGE_XYZ,N,1101,3,0.14550257729676147
MINIMUM_IMAGE_XYZ,N,1103,3,0.14556441872930362
MINIMUM_IMAGE_XYZ,N,1105,3,0.14511719401917905
MINIMUM_IMAGE_XYZ,N,1107,3,0.14514131045295164
MINIMUM_IMAGE_XYZ,N,1109,3,0.14578751661236306
MINIMUM_IMAGE_XYZ,N,1111,3,0.14511719401917866
MINIMUM_IMAGE_XYZ,N,1113,3,0.1453340978573166
MINIMUM_IMAGE_XYZ,N,1115,3,0.14551288602732082
MINIMUM_IMAGE_XYZ,N,1117,3,0.14603424255975045
MINIMUM_IMAGE_XYZ,N,1119,3,0.14533409785731677
MINIMUM_IMAGE_XYZ,N,1121,3,0.14527560015363924
MINIMUM_IMAGE_XYZ,N,1123,3,0.14574292435655337
MINIMUM_IMAGE_XYZ,N,1125,3,0.14527560015363924
MINIMUM_IMAGE_XYZ,N,1127,3,0.14533409785731677
MINIMUM_IMAGE_XYZ,N,1129,3,0.1455128860273206
MINIMUM_IMAGE_XYZ,N,1131,3,0.1455128860273206
MINIMUM_IMAGE_XYZ,N,1133,3,0.14533409785731677
MINIMUM_IMAGE_XYZ,N,1135,3,0.14506205568652353
MINIMUM_IMAGE_XYZ,N,1137,3,0.14574292435655337
MINIMUM_IMAGE_XYZ,N,1139,3,0.14527560015363924
MINIMUM_IMAGE_XYZ,N,1141,3,0.14533409785731632
MINIMUM_IMAGE_XYZ,N,1143,3,0.14603424255974998
MINIMUM_IMAGE_XYZ,N,1145,3,0.14551288602732038
MINIMUM_IMAGE_XYZ,N,1147,3,0.14533409785731613
MINIMUM_IMAGE_XYZ,N,1149,3,0.14511719401917822
MINIMUM_IMAGE_XYZ,N,1151,3,0.14578751661236258
MINIMUM_IMAGE_XYZ,N,1153,3,0.1451413104529512
MINIMUM_IMAGE_XYZ,N,1155,3,0.14511719401917858
MINIMUM_IMAGE_XYZ,N,1157,3,0.14556441872930317
MINIMUM_IMAGE_XYZ,N,1159,3,0.14550257729676103
MINIMUM_IMAGE_XYZ,N,1161,3,0.14556441872930317
MINIMUM_IMAGE_XYZ,N,1163,3,0.14533409785731613
MINIMUM_IMAGE_XYZ,N,1165,3,0.1451413104529512
MINIMUM_IMAGE_XYZ,N,1167,3,0.14578751661236258
MINIMUM_IMAGE_XYZ,N,1169,3,0.1451413104529512
MINIMUM_IMAGE_XYZ,N,1171,3,0.14533409785731613
MINIMUM_IMAGE_XYZ,N,1173,3,0.14551288602732038
MINIMUM_IMAGE_XYZ,N,1175,3,0.1448930640161907
MINIMUM_IMAGE_XYZ,N,1177,3,0.14603424255974998
MINIMUM_IMAGE_XYZ,N,1179,3,0.14506205568652306
MINIMUM_IMAGE_XYZ,N,1181,3,0.1452756001536388
MINIMUM_IMAGE_XYZ,N,1183,3,0.1457429243565529
MINIMUM_IMAGE_XYZ,N,1185,3,0.14506205568652306
MINIMUM_IMAGE_XYZ,N,1187,3,0.14533409785731632
MINIMUM_IMAGE_XYZ,N,1189,3,0.14551288602732013
MINIMUM_IMAGE_XYZ,N,1191,3,0.14551288602732013
MINIMUM_IMAGE_XYZ,N,1193,3,0.14533409785731632
MINIMUM_IMAGE_XYZ,N,1195,3,0.1452756001536388
MINIMUM_IMAGE_XYZ,N,1197,3,0.1457429243565529
MINIMUM_IMAGE_XYZ,N,1199,3,0.1452756001536388
MINIMUM_IMAGE_XYZ,N,1201,3,0.1455369368923229
MINIMUM_IMAGE_XYZ,N,1203,3,0.14500000000000046
MINIMUM_IMAGE_XYZ,N,1205,3,0.14501379244747725
MINIMUM_IMAGE_XYZ,N,1207,3,0.14500000000000046
MINIMUM_IMAGE_XYZ,N,1209,3,0.14500000000000046
MINIMUM_IMAGE_XYZ,N,1211,3,0.14528936643815327
MINIMUM_IMAGE_XYZ,N,1213,3,0.14500000000000046
MINIMUM_IMAGE_XYZ,N,1215,3,0.14500000000000046
MINIMUM_IMAGE_XYZ,N,1217,3,0.14506550244630867
MINIMUM_IMAGE_XYZ,N,1219,3,0.14500344823486094
MINIMUM_IMAGE_XYZ,N,1221,3,0.14506550244630867
MINIMUM_IMAGE_XYZ,N,1223,3,0.14500000000000046
MINIMUM_IMAGE_XYZ,N,1225,3,0.14500000000000046
MINIMUM_IMAGE_XYZ,N,1227,3,0.14528936643815327
MINIMUM_IMAGE_XYZ,N,1229,3,0.14500000000000046
MINIMUM_IMAGE_XYZ,N,1231,3,0.14500000000000046
MINIMUM_IMAGE_XYZ,N,1233,3,0.14501379244747725
MINIMUM_IMAGE_XYZ,N,1235,3,0.1455369368923229
MINIMUM_IMAGE_XYZ,N,1237,3,0.14500000000000046
MINIMUM_IMAGE_XYZ,N,1239,3,0.14500000000000046
MINIMUM_IMAGE_XYZ,N,1241,3,0.1452446212429224
MINIMUM_IMAGE_XYZ,N,1243,3,0.14500000000000046
MINIMUM_IMAGE_XYZ,N,1245,3,0.14500000000000046
MINIMUM_IMAGE_XYZ,N,1247,3,0.145013792447477
MINIMUM_IMAGE_XYZ,N,1249,3,0.145013792447477
MINIMUM_IMAGE_XYZ,N,1251,3,0.14500000000000046
MINIMUM_IMAGE_XYZ,N,1253,3,0.14500000000000046
MINIMUM_IMAGE_XYZ,N,1255,3,0.1452446212429224
MINIMUM_IMAGE_XYZ,N,1257,3,0.14500000000000046
MINIMUM_IMAGE_XYZ,N,1259,3,0.14500000000000046
MINIMUM_IMAGE_XYZ,N,1261,3,0.1459999999999999
MINIMUM_IMAGE_XYZ,N,1263,3,0.1459999999999999
MINIMUM_IMAGE_XYZ,N,1265,3,0.1459999999999999
MINIMUM_IMAGE_XYZ,N,1267,3,0.1459999999999999
MINIMUM_IMAGE_XYZ,N,1269,3,0.1459999999999999
MINIMUM_IMAGE_XYZ,N,1271,3,0.1459999999999999
MINIMUM_IMAGE_XYZ,N,1273,3,0.1459999999999999
MINIMUM_IMAGE_XYZ,N,1275,3,0.1459999999999999
MINIMUM_IMAGE_XYZ,N,1277,3,0.1459999999999999
MINIMUM_IMAGE_XYZ,N,1279,3,0.1459999999999999
MINIMUM_IMAGE_XYZ,N,1281,3,0.1459999999999999
MINIMUM_IMAGE_XYZ,N,1283,3,0.1459999999999999
MINIMUM_IMAGE_XYZ,N,1285,3,0.1459999999999999
MINIMUM_IMAGE_XYZ,N,1287,3,0.1459999999999999
MINIMUM_IMAGE_XYZ,N,1289,3,0.1459999999999999
MINIMUM_IMAGE_XYZ,N,1291,3,0.1459999999999999
MINIMUM_IMAGE_XYZ,N,1293,3,0.1459999999999999
MINIMUM_IMAGE_XYZ,N,1295,3,0.1459999999999999
MINIMUM_IMAGE_XYZ,N,1297,3,0.1459999999999999
MINIMUM_IMAGE_XYZ,N,1299,3,0.1459999999999999
MINIMUM_IMAGE_XYZ,N,1301,3,0.1459999999999999
MINIMUM_IMAGE_XYZ,N,1303,3,0.1459999999999999
MINIMUM_IMAGE_XYZ,N,1305,3,0.1459999999999999
MINIMUM_IMAGE_XYZ,N,1307,3,0.1459999999999999
MINIMUM_IMAGE_XYZ,N,1309,3,0.1459999999999999
MINIMUM_IMAGE_XYZ,N,1311,3,0.1459999999999999
MINIMUM_IMAGE_XYZ,N,1313,3,0.1459999999999999
MINIMUM_IMAGE_XYZ,N,1315,3,0.1459999999999999
MINIMUM_IMAGE_XYZ,N,1317,3,0.1459999999999999
MINIMUM_IMAGE_XYZ,N,1319,3,0.1459999999999999
MINIMUM_IMAGE_XYZ,N,1321,3,0.14499999999999957
MINIMUM_IMAGE_XYZ,N,1323,3,0.14501379244747725
MINIMUM_IMAGE_XYZ,N,1325,3,0.14499999999999957
MINIMUM_IMAGE_XYZ,N,1327,3,0.14499999999999957
MINIMUM_IMAGE_XYZ,N,1329,3,0.14528936643815327
MINIMUM_IMAGE_XYZ,N,1331,3,0.14499999999999957
MINIMUM_IMAGE_XYZ,N,1333,3,0.14499999999999957
MINIMUM_IMAGE_XYZ,N,1335,3,0.14506550244630867
MINIMUM_IMAGE_XYZ,N,1337,3,0.14500344823486094
MINIMUM_IMAGE_XYZ,N,1339,3,0.14506550244630867
MINIMUM_IMAGE_XYZ,N,1341,3,0.14499999999999957
MINIMUM_IMAGE_XYZ,N,1343,3,0.14499999999999957
MINIMUM_IMAGE_XYZ,N,1345,3,0.14528936643815327
MINIMUM_IMAGE_XYZ,N,1347,3,0.14499999999999957
MINIMUM_IMAGE_XYZ,N,1349,3,0.14499999999999957
MINIMUM_IMAGE_XYZ,N,1351,3,0.14501379244747725
MINIMUM_IMAGE_XYZ,N,1353,3,0.1455369368923229
MINIMUM_IMAGE_XYZ,N,1355,3,0.14499999999999957
MINIMUM_IMAGE_XYZ,N,1357,3,0.14499999999999957
MINIMUM_IMAGE_XYZ,N,1359,3,0.1452446212429224
MINIMUM_IMAGE_XYZ,N,1361,3,0.14499999999999957
MINIMUM_IMAGE_XYZ,N,1363,3,0.14499999999999957
MINIMUM_IMAGE_XYZ,N,1365,3,0.145013792447477
MINIMUM_IMAGE_XYZ,N,1367,3,0.145013792447477
MINIMUM_IMAGE_XYZ,N,1369,3,0.14499999999999957
MINIMUM_IMAGE_XYZ,N,1371,3,0.14499999999999957
MINIMUM_IMAGE_XYZ,N,1373,3,0.1452446212429224
MINIMUM_IMAGE_XYZ,N,1375,3,0.14499999999999957
MINIMUM_IMAGE_XYZ,N,1377,3,0.14499999999999957
MINIMUM_IMAGE_XYZ,N,1379,3,0.1455369368923229
MINIMUM_IMAGE_XYZ,N,1381,3,0.14551288602732038
MINIMUM_IMAGE_XYZ,N,1383,3,0.14533409785731613
MINIMUM_IMAGE_XYZ,N,1385,3,0.14511719401917822
MINIMUM_IMAGE_XYZ,N,1387,3,0.14578751661236258
MINIMUM_IMAGE_XYZ,N,1389,3,0.1451413104529512
MINIMUM_IMAGE_XYZ,N,1391,3,0.14511719401917858
MINIMUM_IMAGE_XYZ,N,1393,3,0.14556441872930317
MINIMUM_IMAGE_XYZ,N,1395,3,0.14550257729676103
MINIMUM_IMAGE_XYZ,N,1397,3,0.14556441872930317
MINIMUM_IMAGE_XYZ,N,1399,3,0.14533409785731613
MINIMUM_IMAGE_XYZ,N,1401,3,0.1451413104529512
MINIMUM_IMAGE_XYZ,N,1403,3,0.14578751661236258
MINIMUM_IMAGE_XYZ,N,1405,3,0.1451413104529512
MINIMUM_IMAGE_XYZ,N,1407,3,0.14533409785731613
MINIMUM_IMAGE_XYZ,N,1409,3,0.14551288602732038
MINIMUM_IMAGE_XYZ,N,1411,3,0.14500000000000046
MINIMUM_IMAGE_XYZ,N,1413,3,0.14603424255974998
MINIMUM_IMAGE_XYZ,N,1415,3,0.14506205568652306
MINIMUM_IMAGE_XYZ,N,1417,3,0.1452756001536388
MINIMUM_IMAGE_XYZ,N,1419,3,0.1457429243565529
MINIMUM_IMAGE_XYZ,N,1421,3,0.14506205568652306
MINIMUM_IMAGE_XYZ,N,1423,3,0.14533409785731632
MINIMUM_IMAGE_XYZ,N,1425,3,0.14551288602732013
MINIMUM_IMAGE_XYZ,N,1427,3,0.14551288602732013
MINIMUM_IMAGE_XYZ,N,1429,3,0.14533409785731632
MINIMUM_IMAGE_XYZ,N,1431,3,0.1452756001536388
MINIMUM_IMAGE_XYZ,N,1433,3,0.1457429243565529
MINIMUM_IMAGE_XYZ,N,1435,3,0.1452756001536388
MINIMUM_IMAGE_XYZ,N,1437,3,0.14533409785731632
MINIMUM_IMAGE_XYZ,N,1439,3,0.14603424255974998
MINIMUM_IMAGE_XYZ,N,1441,3,0.14551288602732038
MINIMUM_IMAGE_XYZ,N,1443,3,0.14533409785731613
MINIMUM_IMAGE_XYZ,N,1445,3,0.1451413104529512
MINIMUM_IMAGE_XYZ,N,1447,3,0.14578751661236258
MINIMUM_IMAGE_XYZ,N,1449,3,0.1451413104529512
MINIMUM_IMAGE_XYZ,N,1451,3,0.14533409785731613
MINIMUM_IMAGE_XYZ,N,1453,3,0.14556441872930317
MINIMUM_IMAGE_XYZ,N,1455,3,0.14550257729676103
MINIMUM_IMAGE_XYZ,N,1457,3,0.14556441872930317
MINIMUM_IMAGE_XYZ,N,1459,3,0.14511719401917858
MINIMUM_IMAGE_XYZ,N,1461,3,0.1451413104529512
MINIMUM_IMAGE_XYZ,N,1463,3,0.14578751661236258
MINIMUM_IMAGE_XYZ,N,1465,3,0.14511719401917822
MINIMUM_IMAGE_XYZ,N,1467,3,0.14533409785731613
MINIMUM_IMAGE_XYZ,N,1469,3,0.14551288602732038
MINIMUM_IMAGE_XYZ,N,1471,3,0.14603424255974998
MINIMUM_IMAGE_XYZ,N,1473,3,0.14533409785731632
MINIMUM_IMAGE_XYZ,N,1475,3,0.1452756001536388
MINIMUM_IMAGE_XYZ,N,1477,3,0.1457429243565529
MINIMUM_IMAGE_XYZ,N,1479,3,0.1452756001536388
MINIMUM_IMAGE_XYZ,N,1481,3,0.14533409785731632
MINIMUM_IMAGE_XYZ,N,1483,3,0.14551288602732013
MINIMUM_IMAGE_XYZ,N,1485,3,0.14551288602732013
MINIMUM_IMAGE_XYZ,N,1487,3,0.14533409785731632
MINIMUM_IMAGE_XYZ,N,1489,3,0.14506205568652306
MINIMUM_IMAGE_XYZ,N,1491,3,0.1457429243565529
MINIMUM_IMAGE_XYZ,N,1493,3,0.1452756001536388
MINIMUM_IMAGE_XYZ,N,1495,3,0.14506205568652306
MINIMUM_IMAGE_XYZ,N,1497,3,0.14603424255974998
MINIMUM_IMAGE_XYZ,N,1499,3,0.14500000000000046
MINIMUM_IMAGE_XYZ,N,1501,3,0.14500000000000046
MINIMUM_IMAGE_XYZ,N,1503,3,0.14500000000000046
MINIMUM_IMAGE_XYZ,N,1505,3,0.14528936643815327
MINIMUM_IMAGE_XYZ,N,1507,3,0.14500000000000046
MINIMUM_IMAGE_XYZ,N,1509,3,0.14500000000000046
MINIMUM_IMAGE_XYZ,N,1511,3,0.14506550244630867
MINIMUM_IMAGE_XYZ,N,1513,3,0.14500344823486094
MINIMUM_IMAGE_XYZ,N,1515,3,0.14506550244630867
MINIMUM_IMAGE_XYZ,N,1517,3,0.14500000000000046
MINIMUM_IMAGE_XYZ,N,1519,3,0.14500000000000046
MINIMUM_IMAGE_XYZ,N,1521,3,0.14528936643815327
MINIMUM_IMAGE_XYZ,N,1523,3,0.14500000000000046
MINIMUM_IMAGE_XYZ,N,1525,3,0.14500000000000046
MINIMUM_IMAGE_XYZ,N,1527,3,0.14501379244747725
MINIMUM_IMAGE_XYZ,N,1529,3,0.14500000000000046
MINIMUM_IMAGE_XYZ,N,1531,3,0.1455369368923229
MINIMUM_IMAGE_XYZ,N,1533,3,0.14500000000000046
MINIMUM_IMAGE_XYZ,N,1535,3,0.14500000000000046
MINIMUM_IMAGE_XYZ,N,1537,3,0.1452446212429224
MINIMUM_IMAGE_XYZ,N,1539,3,0.14500000000000046
MINIMUM_IMAGE_XYZ,N,1541,3,0.14500000000000046
MINIMUM_IMAGE_XYZ,N,1543,3,0.145013792447477
MINIMUM_IMAGE_XYZ,N,1545,3,0.145013792447477
MINIMUM_IMAGE_XYZ,N,1547,3,0.14500000000000046
MINIMUM_IMAGE_XYZ,N,1549,3,0.14500000000000046
MINIMUM_IMAGE_XYZ,N,1551,3,0.1452446212429224
MINIMUM_IMAGE_XYZ,N,1553,3,0.14500000000000046
MINIMUM_IMAGE_XYZ,N,1555,3,0.14500000000000046
MINIMUM_IMAGE_XYZ,N,1557,3,0.1455369368923229
MINIMUM_IMAGE_XYZ,N,1559,3,0.14501379244747725
MINIMUM_IMAGE_XYZ,N,1561,3,0.1453340978573166
MINIMUM_IMAGE_XYZ,N,1563,3,0.14514131045295164
MINIMUM_IMAGE_XYZ,N,1565,3,0.14578751661236306
MINIMUM_IMAGE_XYZ,N,1567,3,0.14514131045295164
MINIMUM_IMAGE_XYZ,N,1569,3,0.1453340978573166
MINIMUM_IMAGE_XYZ,N,1571,3,0.14556441872930362
MINIMUM_IMAGE_XYZ,N,1573,3,0.14550257729676147
MINIMUM_IMAGE_XYZ,N,1575,3,0.14556441872930362
MINIMUM_IMAGE_XYZ,N,1577,3,0.14511719401917905
MINIMUM_IMAGE_XYZ,N,1579,3,0.14514131045295164
MINIMUM_IMAGE_XYZ,N,1581,3,0.14578751661236306
MINIMUM_IMAGE_XYZ,N,1583,3,0.14511719401917866
MINIMUM_IMAGE_XYZ,N,1585,3,0.1453340978573166
MINIMUM_IMAGE_XYZ,N,1587,3,0.14551288602732082
MINIMUM_IMAGE_XYZ,N,1589,3,0.14603424255975045
MINIMUM_IMAGE_XYZ,N,1591,3,0.14533409785731677
MINIMUM_IMAGE_XYZ,N,1593,3,0.14527560015363924
MINIMUM_IMAGE_XYZ,N,1595,3,0.14574292435655337
MINIMUM_IMAGE_XYZ,N,1597,3,0.14527560015363924
MINIMUM_IMAGE_XYZ,N,1599,3,0.14533409785731677
MINIMUM_IMAGE_XYZ,N,1601,3,0.1455128860273206
MINIMUM_IMAGE_XYZ,N,1603,3,0.1455128860273206
MINIMUM_IMAGE_XYZ,N,1605,3,0.14533409785731677
MINIMUM_IMAGE_XYZ,N,1607,3,0.14506205568652353
MINIMUM_IMAGE_XYZ,N,1609,3,0.14574292435655337
MINIMUM_IMAGE_XYZ,N,1611,3,0.14527560015363924
MINIMUM_IMAGE_XYZ,N,1613,3,0.14506205568652353
MINIMUM_IMAGE_XYZ,N,1615,3,0.14603424255975045
MINIMUM_IMAGE_XYZ,N,1617,3,0.14499999999999957
MINIMUM_IMAGE_XYZ,N,1619,3,0.14551288602732082
MINIMUM_IMAGE_XYZ,N,1621,3,0.28960317677815645
MINIMUM_IMAGE_XYZ,N,1623,3,0.2898723857148177
MINIMUM_IMAGE_XYZ,N,1625,3,0.2898723857148177
MINIMUM_IMAGE_XYZ,N,1627,3,0.28960317677815645
MINIMUM_IMAGE_XYZ,N,1629,3,0.28960317677815645
MINIMUM_IMAGE_XYZ,N,1631,3,0.28956001105125023
MINIMUM_IMAGE_XYZ,N,1633,3,0.29012755815330626
MINIMUM_IMAGE_XYZ,N,1635,3,0.29012755815330626
MINIMUM_IMAGE_XYZ,N,1637,3,0.2894011057338933
MINIMUM_IMAGE_XYZ,N,1639,3,0.2901740856796143
MINIMUM_IMAGE_XYZ,N,1641,3,0.2901740856796143
MINIMUM_IMAGE_XYZ,N,1643,3,0.28940110573389294
MINIMUM_IMAGE_XYZ,N,1645,3,0.28956001105125023
MINIMUM_IMAGE_XYZ,N,1647,3,0.2900655098421734
MINIMUM_IMAGE_XYZ,N,1649,3,0.2900655098421734
MINIMUM_IMAGE_XYZ,N,1651,3,0.28960317677815667
MINIMUM_IMAGE_XYZ,N,1653,3,0.2898723857148177
MINIMUM_IMAGE_XYZ,N,1655,3,0.2898723857148177
MINIMUM_IMAGE_XYZ,N,1657,3,0.28960317677815667
MINIMUM_IMAGE_XYZ,N,1659,3,0.29006550984217366
MINIMUM_IMAGE_XYZ,N,1661,3,0.29006550984217366
MINIMUM_IMAGE_XYZ,N,1663,3,0.2898102827713338
MINIMUM_IMAGE_XYZ,N,1665,3,0.2898102827713338
MINIMUM_IMAGE_XYZ,N,1667,3,0.2901740856796143
MINIMUM_IMAGE_XYZ,N,1669,3,0.2901740856796143
MINIMUM_IMAGE_XYZ,N,1671,3,0.28931297931479016
MINIMUM_IMAGE_XYZ,N,1673,3,0.29055980451535307
MINIMUM_IMAGE_XYZ,N,1675,3,0.29055980451535307
MINIMUM_IMAGE_XYZ,N,1677,3,0.2895565575151085
MINIMUM_IMAGE_XYZ,N,1679,3,0.28960317677815645
MINIMUM_IMAGE_XYZ,N,1,4,0.2893129793147899
MINIMUM_IMAGE_XYZ,N,3,4,0.289133187303014
MINIMUM_IMAGE_XYZ,N,5,4,0.289133187303014
MINIMUM_IMAGE_XYZ,N,7,4,0.2889809682314735
MINIMUM_IMAGE_XYZ,N,9,4,0.2889809682314735
MINIMUM_IMAGE_XYZ,N,11,4,0.2896031767781564
MINIMUM_IMAGE_XYZ,N,13,4,0.2894028334346431
MINIMUM_IMAGE_XYZ,N,15,4,0.2894028334346431
MINIMUM_IMAGE_XYZ,N,17,4,0.2894028334346435
MINIMUM_IMAGE_XYZ,N,19,4,0.2894028334346435
MINIMUM_IMAGE_XYZ,N,21,4,0.2896031767781564
MINIMUM_IMAGE_XYZ,N,23,4,0.28956001105125
MINIMUM_IMAGE_XYZ,N,25,4,0.28937691684030403
MINIMUM_IMAGE_XYZ,N,27,4,0.28937691684030403
MINIMUM_IMAGE_XYZ,N,29,4,0.2894011057338927
MINIMUM_IMAGE_XYZ,N,31,4,0.2893129793147899
MINIMUM_IMAGE_XYZ,N,33,4,0.2893129793147899
MINIMUM_IMAGE_XYZ,N,35,4,0.2894011057338931
MINIMUM_IMAGE_XYZ,N,37,4,0.28956001105125
MINIMUM_IMAGE_XYZ,N,39,4,0.28955655751510795
MINIMUM_IMAGE_XYZ,N,41,4,0.28955655751510795
MINIMUM_IMAGE_XYZ,N,43,4,0.28940283343464357
MINIMUM_IMAGE_XYZ,N,45,4,0.28940283343464357
MINIMUM_IMAGE_XYZ,N,47,4,0.28940283343464324
MINIMUM_IMAGE_XYZ,N,49,4,0.28940283343464324
MINIMUM_IMAGE_XYZ,N,51,4,0.2895565575151083
MINIMUM_IMAGE_XYZ,N,53,4,0.2889809682314735
MINIMUM_IMAGE_XYZ,N,55,4,0.2889809682314735
MINIMUM_IMAGE_XYZ,N,57,4,0.28913318730301435
MINIMUM_IMAGE_XYZ,N,59,4,0.28913318730301435
MINIMUM_IMAGE_XYZ,N,61,4,0.2894028334346431
MINIMUM_IMAGE_XYZ,N,63,4,0.2894028334346431
MINIMUM_IMAGE_XYZ,N,65,4,0.2896031767781564
MINIMUM_IMAGE_XYZ,N,67,4,0.2889809682314735
MINIMUM_IMAGE_XYZ,N,69,4,0.2889809682314735
MINIMUM_IMAGE_XYZ,N,71,4,0.289133187303014
MINIMUM_IMAGE_XYZ,N,73,4,0.289133187303014
MINIMUM_IMAGE_XYZ,N,75,4,0.2893129793147899
MINIMUM_IMAGE_XYZ,N,77,4,0.28913318730301435
MINIMUM_IMAGE_XYZ,N,79,4,0.28913318730301435
MINIMUM_IMAGE_XYZ,N,81,4,0.2889809682314735
MINIMUM_IMAGE_XYZ,N,83,4,0.2889809682314735
MINIMUM_IMAGE_XYZ,N,85,4,0.2895565575151083
MINIMUM_IMAGE_XYZ,N,87,4,0.28940283343464324
MINIMUM_IMAGE_XYZ,N,89,4,0.28940283343464324
MINIMUM_IMAGE_XYZ,N,91,4,0.28940283343464357
MINIMUM_IMAGE_XYZ,N,93,4,0.28940283343464357
MINIMUM_IMAGE_XYZ,N,95,4,0.28955655751510795
MINIMUM_IMAGE_XYZ,N,97,4,0.28955655751510795
MINIMUM_IMAGE_XYZ,N,99,4,0.28956001105125
MINIMUM_IMAGE_XYZ,N,101,4,0.2894011057338931
MINIMUM_IMAGE_XYZ,N,103,4,0.2893129793147899
MINIMUM_IMAGE_XYZ,N,105,4,0.2893129793147899
MINIMUM_IMAGE_XYZ,N,107,4,0.2894011057338927
MINIMUM_IMAGE_XYZ,N,109,4,0.28937691684030403
MINIMUM_IMAGE_XYZ,N,111,4,0.28937691684030403
MINIMUM_IMAGE_XYZ,N,113,4,0.28956001105125
MINIMUM_IMAGE_XYZ,N,115,4,0.2896031767781564
MINIMUM_IMAGE_XYZ,N,117,4,0.2894028334346435
MINIMUM_IMAGE_XYZ,N,119,4,0.2894028334346435
MINIMUM_IMAGE_XYZ,N,121,4,0.289133187303014
MINIMUM_IMAGE_XYZ,N,123,4,0.289133187303014
MINIMUM_IMAGE_XYZ,N,125,4,0.2889809682314735
MINIMUM_IMAGE_XYZ,N,127,4,0.2889809682314735
MINIMUM_IMAGE_XYZ,N,129,4,0.2896031767781564
MINIMUM_IMAGE_XYZ,N,131,4,0.2894028334346431
MINIMUM_IMAGE_XYZ,N,133,4,0.2894028334346431
MINIMUM_IMAGE_XYZ,N,135,4,0.2894028334346435
MINIMUM_IMAGE_XYZ,N,137,4,0.2894028334346435
MINIMUM_IMAGE_XYZ,N,139,4,0.2896031767781564
MINIMUM_IMAGE_XYZ,N,141,4,0.28956001105125
MINIMUM_IMAGE_XYZ,N,143,4,0.28937691684030403
MINIMUM_IMAGE_XYZ,N,145,4,0.28937691684030403
MINIMUM_IMAGE_XYZ,N,147,4,0.2894011057338927
MINIMUM_IMAGE_XYZ,N,149,4,0.2893129793147899
MINIMUM_IMAGE_XYZ,N,151,4,0.2893129793147899
MINIMUM_IMAGE_XYZ,N,153,4,0.2894011057338931
MINIMUM_IMAGE_XYZ,N,155,4,0.28956001105125
MINIMUM_IMAGE_XYZ,N,157,4,0.28955655751510795
MINIMUM_IMAGE_XYZ,N,159,4,0.28955655751510795
MINIMUM_IMAGE_XYZ,N,161,4,0.28940283343464357
MINIMUM_IMAGE_XYZ,N,163,4,0.28940283343464357
MINIMUM_IMAGE_XYZ,N,165,4,0.28940283343464324
MINIMUM_IMAGE_XYZ,N,167,4,0.28940283343464324
MINIMUM_IMAGE_XYZ,N,169,4,0.2895565575151083
MINIMUM_IMAGE_XYZ,N,171,4,0.2889809682314735
MINIMUM_IMAGE_XYZ,N,173,4,0.2889809682314735
MINIMUM_IMAGE_XYZ,N,175,4,0.28913318730301435
MINIMUM_IMAGE_XYZ,N,177,4,0.28913318730301435
MINIMUM_IMAGE_XYZ,N,179,4,0.2893129793147899
MINIMUM_IMAGE_XYZ,N,181,4,0.2894028334346431
MINIMUM_IMAGE_XYZ,N,183,4,0.2896031767781564
MINIMUM_IMAGE_XYZ,N,185,4,0.2889809682314735
MINIMUM_IMAGE_XYZ,N,187,4,0.2889809682314735
MINIMUM_IMAGE_XYZ,N,189,4,0.289133187303014
MINIMUM_IMAGE_XYZ,N,191,4,0.289133187303014
MINIMUM_IMAGE_XYZ,N,193,4,0.2893129793147899
MINIMUM_IMAGE_XYZ,N,195,4,0.28913318730301435
MINIMUM_IMAGE_XYZ,N,197,4,0.28913318730301435
MINIMUM_IMAGE_XYZ,N,199,4,0.2889809682314735
MINIMUM_IMAGE_XYZ,N,201,4,0.2889809682314735
MINIMUM_IMAGE_XYZ,N,203,4,0.2895565575151083
MINIMUM_IMAGE_XYZ,N,205,4,0.28940283343464324
MINIMUM_IMAGE_XYZ,N,207,4,0.28940283343464324
MINIMUM_IMAGE_XYZ,N,209,4,0.28940283343464357
MINIMUM_IMAGE_XYZ,N,211,4,0.28940283343464357
MINIMUM_IMAGE_XYZ,N,213,4,0.28955655751510795
MINIMUM_IMAGE_XYZ,N,215,4,0.28955655751510795
MINIMUM_IMAGE_XYZ,N,217,4,0.28956001105125
MINIMUM_IMAGE_XYZ,N,219,4,0.2894011057338931
MINIMUM_IMAGE_XYZ,N,221,4,0.2893129793147899
MINIMUM_IMAGE_XYZ,N,223,4,0.2893129793147899
MINIMUM_IMAGE_XYZ,N,225,4,0.2894011057338927
MINIMUM_IMAGE_XYZ,N,227,4,0.28937691684030403
MINIMUM_IMAGE_XYZ,N,229,4,0.28937691684030403
MINIMUM_IMAGE_XYZ,N,231,4,0.28956001105125
MINIMUM_IMAGE_XYZ,N,233,4,0.2896031767781564
MINIMUM_IMAGE_XYZ,N,235,4,0.2894028334346435
MINIMUM_IMAGE_XYZ,N,237,4,0.2894028334346435
MINIMUM_IMAGE_XYZ,N,239,4,0.2894028334346431
MINIMUM_IMAGE_XYZ,N,241,4,0.289133187303014
MINIMUM_IMAGE_XYZ,N,243,4,0.2889809682314735
MINIMUM_IMAGE_XYZ,N,245,4,0.2889809682314735
MINIMUM_IMAGE_XYZ,N,247,4,0.2896031767781564
MINIMUM_IMAGE_XYZ,N,249,4,0.2894028334346431
MINIMUM_IMAGE_XYZ,N,251,4,0.2894028334346431
MINIMUM_IMAGE_XYZ,N,253,4,0.2894028334346435
MINIMUM_IMAGE_XYZ,N,255,4,0.2894028334346435
MINIMUM_IMAGE_XYZ,N,257,4,0.2896031767781564
MINIMUM_IMAGE_XYZ,N,259,4,0.28956001105125
MINIMUM_IMAGE_XYZ,N,261,4,0.28937691684030403
MINIMUM_IMAGE_XYZ,N,263,4,0.28937691684030403
MINIMUM_IMAGE_XYZ,N,265,4,0.2894011057338927
MINIMUM_IMAGE_XYZ,N,267,4,0.2893129793147899
MINIMUM_IMAGE_XYZ,N,269,4,0.2893129793147899
MINIMUM_IMAGE_XYZ,N,271,4,0.2894011057338931
MINIMUM_IMAGE_XYZ,N,273,4,0.28956001105125
MINIMUM_IMAGE_XYZ,N,275,4,0.28955655751510795
MINIMUM_IMAGE_XYZ,N,277,4,0.28955655751510795
MINIMUM_IMAGE_XYZ,N,279,4,0.28940283343464357
MINIMUM_IMAGE_XYZ,N,281,4,0.28940283343464357
MINIMUM_IMAGE_XYZ,N,283,4,0.28940283343464324
MINIMUM_IMAGE_XYZ,N,285,4,0.28940283343464324
MINIMUM_IMAGE_XYZ,N,287,4,0.2895565575151083
MINIMUM_IMAGE_XYZ,N,289,4,0.2889809682314735
MINIMUM_IMAGE_XYZ,N,291,4,0.2889809682314735
MINIMUM_IMAGE_XYZ,N,293,4,0.28913318730301435
MINIMUM_IMAGE_XYZ,N,295,4,0.28913318730301435
MINIMUM_IMAGE_XYZ,N,297,4,0.2893129793147899
MINIMUM_IMAGE_XYZ,N,299,4,0.289133187303014
MINIMUM_IMAGE_XYZ,N,301,4,0.2896031767781564
MINIMUM_IMAGE_XYZ,N,303,4,0.2889809682314735
MINIMUM_IMAGE_XYZ,N,305,4,0.2889809682314735
MINIMUM_IMAGE_XYZ,N,307,4,0.289133187303014
MINIMUM_IMAGE_XYZ,N,309,4,0.289133187303014
MINIMUM_IMAGE_XYZ,N,311,4,0.2893129793147899
MINIMUM_IMAGE_XYZ,N,313,4,0.28913318730301435
MINIMUM_IMAGE_XYZ,N,315,4,0.28913318730301435
MINIMUM_IMAGE_XYZ,N,317,4,0.2889809682314735
MINIMUM_IMAGE_XYZ,N,319,4,0.2889809682314735
MINIMUM_IMAGE_XYZ,N,321,4,0.2895565575151083
MINIMUM_IMAGE_XYZ,N,323,4,0.28940283343464324
MINIMUM_IMAGE_XYZ,N,325,4,0.28940283343464324
MINIMUM_IMAGE_XYZ,N,327,4,0.28940283343464357
MINIMUM_IMAGE_XYZ,N,329,4,0.28940283343464357
MINIMUM_IMAGE_XYZ,N,331,4,0.28955655751510795
MINIMUM_IMAGE_XYZ,N,333,4,0.28955655751510795
MINIMUM_IMAGE_XYZ,N,335,4,0.28956001105125
MINIMUM_IMAGE_XYZ,N,337,4,0.2894011057338931
MINIMUM_IMAGE_XYZ,N,339,4,0.2893129793147899
MINIMUM_IMAGE_XYZ,N,341,4,0.2893129793147899
MINIMUM_IMAGE_XYZ,N,343,4,0.2894011057338927
MINIMUM_IMAGE_XYZ,N,345,4,0.28937691684030403
MINIMUM_IMAGE_XYZ,N,347,4,0.28937691684030403
MINIMUM_IMAGE_XYZ,N,349,4,0.28956001105125
MINIMUM_IMAGE_XYZ,N,351,4,0.2896031767781564
MINIMUM_IMAGE_XYZ,N,353,4,0.2894028334346435
MINIMUM_IMAGE_XYZ,N,355,4,0.2894028334346435
MINIMUM_IMAGE_XYZ,N,357,4,0.2894028334346431
MINIMUM_IMAGE_XYZ,N,359,4,0.2894028334346431
MINIMUM_IMAGE_XYZ,N,361,4,0.2889809682314735
MINIMUM_IMAGE_XYZ,N,363,4,0.2889809682314735
MINIMUM_IMAGE_XYZ,N,365,4,0.2896031767781564
MINIMUM_IMAGE_XYZ,N,367,4,0.2894028334346431
MINIMUM_IMAGE_XYZ,N,369,4,0.2894028334346431
MINIMUM_IMAGE_XYZ,N,371,4,0.2894028334346435
MINIMUM_IMAGE_XYZ,N,373,4,0.2894028334346435
MINIMUM_IMAGE_XYZ,N,375,4,0.2896031767781564
MINIMUM_IMAGE_XYZ,N,377,4,0.28956001105125
MINIMUM_IMAGE_XYZ,N,379,4,0.28937691684030403
MINIMUM_IMAGE_XYZ,N,381,4,0.28937691684030403
MINIMUM_IMAGE_XYZ,N,383,4,0.2894011057338927
MINIMUM_IMAGE_XYZ,N,385,4,0.2893129793147899
MINIMUM_IMAGE_XYZ,N,387,4,0.2893129793147899
MINIMUM_IMAGE_XYZ,N,389,4,0.2894011057338931
MINIMUM_IMAGE_XYZ,N,391,4,0.28956001105125
MINIMUM_IMAGE_XYZ,N,393,4,0.28955655751510795
MINIMUM_IMAGE_XYZ,N,395,4,0.28955655751510795
MINIMUM_IMAGE_XYZ,N,397,4,0.28940283343464357
MINIMUM_IMAGE_XYZ,N,399,4,0.28940283343464357
MINIMUM_IMAGE_XYZ,N,401,4,0.28940283343464324
MINIMUM_IMAGE_XYZ,N,403,4,0.28940283343464324
MINIMUM_IMAGE_XYZ,N,405,4,0.2895565575151083
MINIMUM_IMAGE_XYZ,N,407,4,0.2889809682314735
MINIMUM_IMAGE_XYZ,N,409,4,0.2889809682314735
MINIMUM_IMAGE_XYZ,N,411,4,0.28913318730301435
MINIMUM_IMAGE_XYZ,N,413,4,0.28913318730301435
MINIMUM_IMAGE_XYZ,N,415,4,0.2893129793147899
MINIMUM_IMAGE_XYZ,N,417,4,0.289133187303014
MINIMUM_IMAGE_XYZ,N,419,4,0.289133187303014
MINIMUM_IMAGE_XYZ,N,421,4,0.2889809682314735
MINIMUM_IMAGE_XYZ,N,423,4,0.2889809682314735
MINIMUM_IMAGE_XYZ,N,425,4,0.289133187303014
MINIMUM_IMAGE_XYZ,N,427,4,0.289133187303014
MINIMUM_IMAGE_XYZ,N,429,4,0.2893129793147899
MINIMUM_IMAGE_XYZ,N,431,4,0.28913318730301435
MINIMUM_IMAGE_XYZ,N,433,4,0.28913318730301435
MINIMUM_IMAGE_XYZ,N,435,4,0.2889809682314735
MINIMUM_IMAGE_XYZ,N,437,4,0.2889809682314735
MINIMUM_IMAGE_XYZ,N,439,4,0.2895565575151083
MINIMUM_IMAGE_XYZ,N,441,4,0.28940283343464324
MINIMUM_IMAGE_XYZ,N,443,4,0.28940283343464324
MINIMUM_IMAGE_XYZ,N,445,4,0.28940283343464357
MINIMUM_IMAGE_XYZ,N,447,4,0.28940283343464357
MINIMUM_IMAGE_XYZ,N,449,4,0.28955655751510795
MINIMUM_IMAGE_XYZ,N,451,4,0.28955655751510795
MINIMUM_IMAGE_XYZ,N,453,4,0.28956001105125
MINIMUM_IMAGE_XYZ,N,455,4,0.2894011057338931
MINIMUM_IMAGE_XYZ,N,457,4,0.2893129793147899
MINIMUM_IMAGE_XYZ,N,459,4,0.2893129793147899
MINIMUM_IMAGE_XYZ,N,461,4,0.2894011057338927
MINIMUM_IMAGE_XYZ,N,463,4,0.28937691684030403
MINIMUM_IMAGE_XYZ,N,465,4,0.28937691684030403
MINIMUM_IMAGE_XYZ,N,467,4,0.28956001105125
MINIMUM_IMAGE_XYZ,N,469,4,0.2896031767781564
MINIMUM_IMAGE_XYZ,N,471,4,0.2894028334346435
MINIMUM_IMAGE_XYZ,N,473,4,0.2894028334346435
MINIMUM_IMAGE_XYZ,N,475,4,0.2894028334346431
MINIMUM_IMAGE_XYZ,N,477,4,0.2894028334346431
MINIMUM_IMAGE_XYZ,N,479,4,0.2896031767781564
MINIMUM_IMAGE_XYZ,N,481,4,0.28898096823147335
MINIMUM_IMAGE_XYZ,N,483,4,0.28960317677815617
MINIMUM_IMAGE_XYZ,N,485,4,0.2894028334346429
MINIMUM_IMAGE_XYZ,N,487,4,0.2894028334346429
MINIMUM_IMAGE_XYZ,N,489,4,0.2894028334346433
MINIMUM_IMAGE_XYZ,N,491,4,0.2894028334346433
MINIMUM_IMAGE_XYZ,N,493,4,0.28960317677815617
MINIMUM_IMAGE_XYZ,N,495,4,0.2895600110512498
MINIMUM_IMAGE_XYZ,N,497,4,0.2893769168403038
MINIMUM_IMAGE_XYZ,N,499,4,0.2893769168403038
MINIMUM_IMAGE_XYZ,N,501,4,0.2894011057338925
MINIMUM_IMAGE_XYZ,N,503,4,0.2893129793147897
MINIMUM_IMAGE_XYZ,N,505,4,0.2893129793147897
MINIMUM_IMAGE_XYZ,N,507,4,0.2894011057338929
MINIMUM_IMAGE_XYZ,N,509,4,0.2895600110512498
MINIMUM_IMAGE_XYZ,N,511,4,0.2895565575151077
MINIMUM_IMAGE_XYZ,N,513,4,0.2895565575151077
MINIMUM_IMAGE_XYZ,N,515,4,0.2894028334346434
MINIMUM_IMAGE_XYZ,N,517,4,0.2894028334346434
MINIMUM_IMAGE_XYZ,N,519,4,0.289402833434643
MINIMUM_IMAGE_XYZ,N,521,4,0.289402833434643
MINIMUM_IMAGE_XYZ,N,523,4,0.28955655751510806
MINIMUM_IMAGE_XYZ,N,525,4,0.28898096823147335
MINIMUM_IMAGE_XYZ,N,527,4,0.28898096823147335
MINIMUM_IMAGE_XYZ,N,529,4,0.2891331873030142
MINIMUM_IMAGE_XYZ,N,531,4,0.2891331873030142
MINIMUM_IMAGE_XYZ,N,533,4,0.2893129793147897
MINIMUM_IMAGE_XYZ,N,535,4,0.2891331873030138
MINIMUM_IMAGE_XYZ,N,537,4,0.2891331873030138
MINIMUM_IMAGE_XYZ,N,539,4,0.28898096823147335
MINIMUM_IMAGE_XYZ,N,541,4,0.28898096823147335
MINIMUM_IMAGE_XYZ,N,543,4,0.2891331873030138
MINIMUM_IMAGE_XYZ,N,545,4,0.2891331873030138
MINIMUM_IMAGE_XYZ,N,547,4,0.2893129793147897
MINIMUM_IMAGE_XYZ,N,549,4,0.2891331873030142
MINIMUM_IMAGE_XYZ,N,551,4,0.2891331873030142
MINIMUM_IMAGE_XYZ,N,553,4,0.28898096823147335
MINIMUM_IMAGE_XYZ,N,555,4,0.28898096823147335
MINIMUM_IMAGE_XYZ,N,557,4,0.28955655751510806
MINIMUM_IMAGE_XYZ,N,559,4,0.289402833434643
MINIMUM_IMAGE_XYZ,N,561,4,0.289402833434643
MINIMUM_IMAGE_XYZ,N,563,4,0.2894028334346434
MINIMUM_IMAGE_XYZ,N,565,4,0.2894028334346434
MINIMUM_IMAGE_XYZ,N,567,4,0.2895565575151077
MINIMUM_IMAGE_XYZ,N,569,4,0.2895565575151077
MINIMUM_IMAGE_XYZ,N,571,4,0.2895600110512498
MINIMUM_IMAGE_XYZ,N,573,4,0.2894011057338929
MINIMUM_IMAGE_XYZ,N,575,4,0.2893129793147897
MINIMUM_IMAGE_XYZ,N,577,4,0.2893129793147897
MINIMUM_IMAGE_XYZ,N,579,4,0.2894011057338925
MINIMUM_IMAGE_XYZ,N,581,4,0.2893769168403038
MINIMUM_IMAGE_XYZ,N,583,4,0.2893769168403038
MINIMUM_IMAGE_XYZ,N,585,4,0.2895600110512498
MINIMUM_IMAGE_XYZ,N,587,4,0.28960317677815617
MINIMUM_IMAGE_XYZ,N,589,4,0.2894028334346433
MINIMUM_IMAGE_XYZ,N,591,4,0.2894028334346433
MINIMUM_IMAGE_XYZ,N,593,4,0.2894028334346429
MINIMUM_IMAGE_XYZ,N,595,4,0.2894028334346429
MINIMUM_IMAGE_XYZ,N,597,4,0.28960317677815617
MINIMUM_IMAGE_XYZ,N,599,4,0.28898096823147335
MINIMUM_IMAGE_XYZ,N,601,4,0.28960317677815667
MINIMUM_IMAGE_XYZ,N,603,4,0.2894028334346434
MINIMUM_IMAGE_XYZ,N,605,4,0.2894028334346434
MINIMUM_IMAGE_XYZ,N,607,4,0.28940283343464374
MINIMUM_IMAGE_XYZ,N,609,4,0.28940283343464374
MINIMUM_IMAGE_XYZ,N,611,4,0.28960317677815667
MINIMUM_IMAGE_XYZ,N,613,4,0.28956001105125023
MINIMUM_IMAGE_XYZ,N,615,4,0.28937691684030425
MINIMUM_IMAGE_XYZ,N,617,4,0.28937691684030425
MINIMUM_IMAGE_XYZ,N,619,4,0.28940110573389294
MINIMUM_IMAGE_XYZ,N,621,4,0.28931297931479016
MINIMUM_IMAGE_XYZ,N,623,4,0.28931297931479016
MINIMUM_IMAGE_XYZ,N,625,4,0.2894011057338933
MINIMUM_IMAGE_XYZ,N,627,4,0.28956001105125023
MINIMUM_IMAGE_XYZ,N,629,4,0.28955655751510817
MINIMUM_IMAGE_XYZ,N,631,4,0.28955655751510817
MINIMUM_IMAGE_XYZ,N,633,4,0.2894028334346438
MINIMUM_IMAGE_XYZ,N,635,4,0.2894028334346438
MINIMUM_IMAGE_XYZ,N,637,4,0.2894028334346434
MINIMUM_IMAGE_XYZ,N,639,4,0.2894028334346434
MINIMUM_IMAGE_XYZ,N,641,4,0.2895565575151085
MINIMUM_IMAGE_XYZ,N,643,4,0.2889809682314738
MINIMUM_IMAGE_XYZ,N,645,4,0.2889809682314738
MINIMUM_IMAGE_XYZ,N,647,4,0.28913318730301457
MINIMUM_IMAGE_XYZ,N,649,4,0.28913318730301457
MINIMUM_IMAGE_XYZ,N,651,4,0.28931297931479016
MINIMUM_IMAGE_XYZ,N,653,4,0.28913318730301424
MINIMUM_IMAGE_XYZ,N,655,4,0.28913318730301424
MINIMUM_IMAGE_XYZ,N,657,4,0.2889809682314738
MINIMUM_IMAGE_XYZ,N,659,4,0.2889809682314738
MINIMUM_IMAGE_XYZ,N,661,4,0.28863298494801287
MINIMUM_IMAGE_XYZ,N,663,4,0.28863298494801287
MINIMUM_IMAGE_XYZ,N,665,4,0.2888130883460791
MINIMUM_IMAGE_XYZ,N,667,4,0.2886329849480132
MINIMUM_IMAGE_XYZ,N,669,4,0.2886329849480132
MINIMUM_IMAGE_XYZ,N,671,4,0.28848050194077235
MINIMUM_IMAGE_XYZ,N,673,4,0.28848050194077235
MINIMUM_IMAGE_XYZ,N,675,4,0.2890570877871709
MINIMUM_IMAGE_XYZ,N,677,4,0.28890309794116065
MINIMUM_IMAGE_XYZ,N,679,4,0.28890309794116065
MINIMUM_IMAGE_XYZ,N,681,4,0.28890309794116104
MINIMUM_IMAGE_XYZ,N,683,4,0.28890309794116104
MINIMUM_IMAGE_XYZ,N,685,4,0.2890570877871706
MINIMUM_IMAGE_XYZ,N,687,4,0.2890570877871706
MINIMUM_IMAGE_XYZ,N,689,4,0.2890605472907018
MINIMUM_IMAGE_XYZ,N,691,4,0.2889013672518702
MINIMUM_IMAGE_XYZ,N,693,4,0.2888130883460791
MINIMUM_IMAGE_XYZ,N,695,4,0.2888130883460791
MINIMUM_IMAGE_XYZ,N,697,4,0.2889013672518699
MINIMUM_IMAGE_XYZ,N,699,4,0.2888771365130862
MINIMUM_IMAGE_XYZ,N,701,4,0.2888771365130862
MINIMUM_IMAGE_XYZ,N,703,4,0.2890605472907018
MINIMUM_IMAGE_XYZ,N,705,4,0.2891037875919306
MINIMUM_IMAGE_XYZ,N,707,4,0.288903097941161
MINIMUM_IMAGE_XYZ,N,709,4,0.288903097941161
MINIMUM_IMAGE_XYZ,N,711,4,0.2889030979411606
MINIMUM_IMAGE_XYZ,N,713,4,0.2889030979411606
MINIMUM_IMAGE_XYZ,N,715,4,0.2891037875919306
MINIMUM_IMAGE_XYZ,N,717,4,0.28848050194077235
MINIMUM_IMAGE_XYZ,N,719,4,0.28848050194077235
MINIMUM_IMAGE_XYZ,N,721,4,0.2894028334346429
MINIMUM_IMAGE_XYZ,N,723,4,0.2894028334346429
MINIMUM_IMAGE_XYZ,N,725,4,0.2894028334346433
MINIMUM_IMAGE_XYZ,N,727,4,0.2894028334346433
MINIMUM_IMAGE_XYZ,N,729,4,0.28960317677815617
MINIMUM_IMAGE_XYZ,N,731,4,0.2895600110512498
MINIMUM_IMAGE_XYZ,N,733,4,0.2893769168403038
MINIMUM_IMAGE_XYZ,N,735,4,0.2893769168403038
MINIMUM_IMAGE_XYZ,N,737,4,0.2894011057338925
MINIMUM_IMAGE_XYZ,N,739,4,0.2893129793147897
MINIMUM_IMAGE_XYZ,N,741,4,0.2893129793147897
MINIMUM_IMAGE_XYZ,N,743,4,0.2894011057338929
MINIMUM_IMAGE_XYZ,N,745,4,0.2895600110512498
MINIMUM_IMAGE_XYZ,N,747,4,0.2895565575151077
MINIMUM_IMAGE_XYZ,N,749,4,0.2895565575151077
MINIMUM_IMAGE_XYZ,N,751,4,0.2894028334346434
MINIMUM_IMAGE_XYZ,N,753,4,0.2894028334346434
MINIMUM_IMAGE_XYZ,N,755,4,0.289402833434643
MINIMUM_IMAGE_XYZ,N,757,4,0.289402833434643
MINIMUM_IMAGE_XYZ,N,759,4,0.28955655751510806
MINIMUM_IMAGE_XYZ,N,761,4,0.28898096823147335
MINIMUM_IMAGE_XYZ,N,763,4,0.28898096823147335
MINIMUM_IMAGE_XYZ,N,765,4,0.2891331873030142
MINIMUM_IMAGE_XYZ,N,767,4,0.2891331873030142
MINIMUM_IMAGE_XYZ,N,769,4,0.2893129793147897
MINIMUM_IMAGE_XYZ,N,771,4,0.2891331873030138
MINIMUM_IMAGE_XYZ,N,773,4,0.2891331873030138
MINIMUM_IMAGE_XYZ,N,775,4,0.28898096823147335
MINIMUM_IMAGE_XYZ,N,777,4,0.28898096823147335
MINIMUM_IMAGE_XYZ,N,779,4,0.28960317677815617
MINIMUM_IMAGE_XYZ,N,781,4,0.28963597842809474
MINIMUM_IMAGE_XYZ,N,783,4,0.2898154585249034
MINIMUM_IMAGE_XYZ,N,785,4,0.2896359784280951
MINIMUM_IMAGE_XYZ,N,787,4,0.2896359784280951
MINIMUM_IMAGE_XYZ,N,789,4,0.28948402373878923
MINIMUM_IMAGE_XYZ,N,791,4,0.28948402373878923
MINIMUM_IMAGE_XYZ,N,793,4,0.29000000000000004
MINIMUM_IMAGE_XYZ,N,795,4,0.28990515690480534
MINIMUM_IMAGE_XYZ,N,797,4,0.28990515690480534
MINIMUM_IMAGE_XYZ,N,799,4,0.2899051569048057
MINIMUM_IMAGE_XYZ,N,801,4,0.2899051569048057
MINIMUM_IMAGE_XYZ,N,803,4,0.29000000000000004
MINIMUM_IMAGE_XYZ,N,805,4,0.29000000000000004
MINIMUM_IMAGE_XYZ,N,807,4,0.29000000000000004
MINIMUM_IMAGE_XYZ,N,809,4,0.28990343219768877
MINIMUM_IMAGE_XYZ,N,811,4,0.2898154585249034
MINIMUM_IMAGE_XYZ,N,813,4,0.2898154585249034
MINIMUM_IMAGE_XYZ,N,815,4,0.28990343219768844
MINIMUM_IMAGE_XYZ,N,817,4,0.28987928522059003
MINIMUM_IMAGE_XYZ,N,819,4,0.28987928522059003
MINIMUM_IMAGE_XYZ,N,821,4,0.29000000000000004
MINIMUM_IMAGE_XYZ,N,823,4,0.29000000000000004
MINIMUM_IMAGE_XYZ,N,825,4,0.28990515690480567
MINIMUM_IMAGE_XYZ,N,827,4,0.28990515690480567
MINIMUM_IMAGE_XYZ,N,829,4,0.2899051569048053
MINIMUM_IMAGE_XYZ,N,831,4,0.2899051569048053
MINIMUM_IMAGE_XYZ,N,833,4,0.29000000000000004
MINIMUM_IMAGE_XYZ,N,835,4,0.28948402373878923
MINIMUM_IMAGE_XYZ,N,837,4,0.28948402373878923
MINIMUM_IMAGE_XYZ,N,839,4,0.28963597842809474
MINIMUM_IMAGE_XYZ,N,841,4,0.2894028334346434
MINIMUM_IMAGE_XYZ,N,843,4,0.28940283343464374
MINIMUM_IMAGE_XYZ,N,845,4,0.28940283343464374
MINIMUM_IMAGE_XYZ,N,847,4,0.28960317677815667
MINIMUM_IMAGE_XYZ,N,849,4,0.28956001105125023
MINIMUM_IMAGE_XYZ,N,851,4,0.28937691684030425
MINIMUM_IMAGE_XYZ,N,853,4,0.28937691684030425
MINIMUM_IMAGE_XYZ,N,855,4,0.28940110573389294
MINIMUM_IMAGE_XYZ,N,857,4,0.28931297931479016
MINIMUM_IMAGE_XYZ,N,859,4,0.28931297931479016
MINIMUM_IMAGE_XYZ,N,861,4,0.2894011057338933
MINIMUM_IMAGE_XYZ,N,863,4,0.28956001105125023
MINIMUM_IMAGE_XYZ,N,865,4,0.28955655751510817
MINIMUM_IMAGE_XYZ,N,867,4,0.28955655751510817
MINIMUM_IMAGE_XYZ,N,869,4,0.2894028334346438
MINIMUM_IMAGE_XYZ,N,871,4,0.2894028334346438
MINIMUM_IMAGE_XYZ,N,873,4,0.2894028334346434
MINIMUM_IMAGE_XYZ,N,875,4,0.2894028334346434
MINIMUM_IMAGE_XYZ,N,877,4,0.2895565575151085
MINIMUM_IMAGE_XYZ,N,879,4,0.2889809682314738
MINIMUM_IMAGE_XYZ,N,881,4,0.2889809682314738
MINIMUM_IMAGE_XYZ,N,883,4,0.28913318730301457
MINIMUM_IMAGE_XYZ,N,885,4,0.28913318730301457
MINIMUM_IMAGE_XYZ,N,887,4,0.28931297931479016
MINIMUM_IMAGE_XYZ,N,889,4,0.28913318730301424
MINIMUM_IMAGE_XYZ,N,891,4,0.28913318730301424
MINIMUM_IMAGE_XYZ,N,893,4,0.2889809682314738
MINIMUM_IMAGE_XYZ,N,895,4,0.2889809682314738
MINIMUM_IMAGE_XYZ,N,897,4,0.28960317677815667
MINIMUM_IMAGE_XYZ,N,899,4,0.2894028334346434
MINIMUM_IMAGE_XYZ,N,901,4,0.2889999999999997
MINIMUM_IMAGE_XYZ,N,903,4,0.2889999999999997
MINIMUM_IMAGE_XYZ,N,905,4,0.2889999999999997
MINIMUM_IMAGE_XYZ,N,907,4,0.2889809682314738
MINIMUM_IMAGE_XYZ,N,909,4,0.2889809682314738
MINIMUM_IMAGE_XYZ,N,911,4,0.2889999999999997
MINIMUM_IMAGE_XYZ,N,913,4,0.2889999999999997
MINIMUM_IMAGE_XYZ,N,915,4,0.2889999999999997
MINIMUM_IMAGE_XYZ,N,917,4,0.2889999999999997
MINIMUM_IMAGE_XYZ,N,919,4,0.2889999999999997
MINIMUM_IMAGE_XYZ,N,921,4,0.2889999999999997
MINIMUM_IMAGE_XYZ,N,923,4,0.2889999999999997
MINIMUM_IMAGE_XYZ,N,925,4,0.2889999999999997
MINIMUM_IMAGE_XYZ,N,927,4,0.2889999999999997
MINIMUM_IMAGE_XYZ,N,929,4,0.2889999999999997
MINIMUM_IMAGE_XYZ,N,931,4,0.2889999999999997
MINIMUM_IMAGE_XYZ,N,933,4,0.2889999999999997
MINIMUM_IMAGE_XYZ,N,935,4,0.2889999999999997
MINIMUM_IMAGE_XYZ,N,937,4,0.2889999999999997
MINIMUM_IMAGE_XYZ,N,939,4,0.2889999999999997
MINIMUM_IMAGE_XYZ,N,941,4,0.2889999999999997
MINIMUM_IMAGE_XYZ,N,943,4,0.2889999999999997
MINIMUM_IMAGE_XYZ,N,945,4,0.2889999999999997
MINIMUM_IMAGE_XYZ,N,947,4,0.2889999999999997
MINIMUM_IMAGE_XYZ,N,949,4,0.2889999999999997
MINIMUM_IMAGE_XYZ,N,951,4,0.2889999999999997
MINIMUM_IMAGE_XYZ,N,953,4,0.2889809682314738
MINIMUM_IMAGE_XYZ,N,955,4,0.2889809682314738
MINIMUM_IMAGE_XYZ,N,957,4,0.2889999999999997
MINIMUM_IMAGE_XYZ,N,959,4,0.2889999999999997
MINIMUM_IMAGE_XYZ,N,961,4,0.2894028334346433
MINIMUM_IMAGE_XYZ,N,963,4,0.2894028334346433
MINIMUM_IMAGE_XYZ,N,965,4,0.28960317677815617
MINIMUM_IMAGE_XYZ,N,967,4,0.2895600110512498
MINIMUM_IMAGE_XYZ,N,969,4,0.2893769168403038
MINIMUM_IMAGE_XYZ,N,971,4,0.2893769168403038
MINIMUM_IMAGE_XYZ,N,973,4,0.2894011057338925
MINIMUM_IMAGE_XYZ,N,975,4,0.2893129793147897
MINIMUM_IMAGE_XYZ,N,977,4,0.2893129793147897
MINIMUM_IMAGE_XYZ,N,979,4,0.2894011057338929
MINIMUM_IMAGE_XYZ,N,981,4,0.2895600110512498
MINIMUM_IMAGE_XYZ,N,983,4,0.2895565575151077
MINIMUM_IMAGE_XYZ,N,985,4,0.2895565575151077
MINIMUM_IMAGE_XYZ,N,987,4,0.2894028334346434
MINIMUM_IMAGE_XYZ,N,989,4,0.2894028334346434
MINIMUM_IMAGE_XYZ,N,991,4,0.289402833434643
MINIMUM_IMAGE_XYZ,N,993,4,0.289402833434643
MINIMUM_IMAGE_XYZ,N,995,4,0.28955655751510806
MINIMUM_IMAGE_XYZ,N,997,4,0.28898096823147335
MINIMUM_IMAGE_XYZ,N,999,4,0.28898096823147335
MINIMUM_IMAGE_XYZ,N,1001,4,0.2891331873030142
MINIMUM_IMAGE_XYZ,N,1003,4,0.2891331873030142
MINIMUM_IMAGE_XYZ,N,1005,4,0.2893129793147897
MINIMUM_IMAGE_XYZ,N,1007,4,0.2891331873030138
MINIMUM_IMAGE_XYZ,N,1009,4,0.2891331873030138
MINIMUM_IMAGE_XYZ,N,1011,4,0.28898096823147335
MINIMUM_IMAGE_XYZ,N,1013,4,0.28898096823147335
MINIMUM_IMAGE_XYZ,N,1015,4,0.28960317677815617
MINIMUM_IMAGE_XYZ,N,1017,4,0.2894028334346429
MINIMUM_IMAGE_XYZ,N,1019,4,0.2894028334346429
MINIMUM_IMAGE_XYZ,N,1021,4,0.2891331873030142
MINIMUM_IMAGE_XYZ,N,1023,4,0.2891331873030142
MINIMUM_IMAGE_XYZ,N,1025,4,0.28898096823147335
MINIMUM_IMAGE_XYZ,N,1027,4,0.28898096823147335
MINIMUM_IMAGE_XYZ,N,1029,4,0.28955655751510806
MINIMUM_IMAGE_XYZ,N,1031,4,0.289402833434643
MINIMUM_IMAGE_XYZ,N,1033,4,0.289402833434643
MINIMUM_IMAGE_XYZ,N,1035,4,0.2894028334346434
MINIMUM_IMAGE_XYZ,N,1037,4,0.2894028334346434
MINIMUM_IMAGE_XYZ,N,1039,4,0.2895565575151077
MINIMUM_IMAGE_XYZ,N,1041,4,0.2895565575151077
MINIMUM_IMAGE_XYZ,N,1043,4,0.2895600110512498
MINIMUM_IMAGE_XYZ,N,1045,4,0.2894011057338929
MINIMUM_IMAGE_XYZ,N,1047,4,0.2893129793147897
MINIMUM_IMAGE_XYZ,N,1049,4,0.2893129793147897
MINIMUM_IMAGE_XYZ,N,1051,4,0.2894011057338925
MINIMUM_IMAGE_XYZ,N,1053,4,0.2893769168403038
MINIMUM_IMAGE_XYZ,N,1055,4,0.2893769168403038
MINIMUM_IMAGE_XYZ,N,1057,4,0.2895600110512498
MINIMUM_IMAGE_XYZ,N,1059,4,0.28960317677815617
MINIMUM_IMAGE_XYZ,N,1061,4,0.2894028334346433
MINIMUM_IMAGE_XYZ,N,1063,4,0.2894028334346433
MINIMUM_IMAGE_XYZ,N,1065,4,0.2894028334346429
MINIMUM_IMAGE_XYZ,N,1067,4,0.2894028334346429
MINIMUM_IMAGE_XYZ,N,1069,4,0.28960317677815617
MINIMUM_IMAGE_XYZ,N,1071,4,0.28898096823147335
MINIMUM_IMAGE_XYZ,N,1073,4,0.28898096823147335
MINIMUM_IMAGE_XYZ,N,1075,4,0.2891331873030138
MINIMUM_IMAGE_XYZ,N,1077,4,0.2891331873030138
MINIMUM_IMAGE_XYZ,N,1079,4,0.2893129793147897
MINIMUM_IMAGE_XYZ,N,1081,4,0.2894028334346433
MINIMUM_IMAGE_XYZ,N,1083,4,0.28960317677815617
MINIMUM_IMAGE_XYZ,N,1085,4,0.2895600110512498
MINIMUM_IMAGE_XYZ,N,1087,4,0.2893769168403038
MINIMUM_IMAGE_XYZ,N,1089,4,0.2893769168403038
MINIMUM_IMAGE_XYZ,N,1091,4,0.2894011057338925
MINIMUM_IMAGE_XYZ,N,1093,4,0.2893129793147897
MINIMUM_IMAGE_XYZ,N,1095,4,0.2893129793147897
MINIMUM_IMAGE_XYZ,N,1097,4,0.2894011057338929
MINIMUM_IMAGE_XYZ,N,1099,4,0.2895600110512498
MINIMUM_IMAGE_XYZ,N,1101,4,0.2895565575151077
MINIMUM_IMAGE_XYZ,N,1103,4,0.2895565575151077
MINIMUM_IMAGE_XYZ,N,1105,4,0.2894028334346434
MINIMUM_IMAGE_XYZ,N,1107,4,0.2894028334346434
MINIMUM_IMAGE_XYZ,N,1109,4,0.289402833434643
MINIMUM_IMAGE_XYZ,N,1111,4,0.289402833434643
MINIMUM_IMAGE_XYZ,N,1113,4,0.28955655751510806
MINIMUM_IMAGE_XYZ,N,1115,4,0.28898096823147335
MINIMUM_IMAGE_XYZ,N,1117,4,0.28898096823147335
MINIMUM_IMAGE_XYZ,N,1119,4,0.2891331873030142
MINIMUM_IMAGE_XYZ,N,1121,4,0.2891331873030142
MINIMUM_IMAGE_XYZ,N,1123,4,0.2893129793147897
MINIMUM_IMAGE_XYZ,N,1125,4,0.2891331873030138
MINIMUM_IMAGE_XYZ,N,1127,4,0.2891331873030138
MINIMUM_IMAGE_XYZ,N,1129,4,0.28898096823147335
MINIMUM_IMAGE_XYZ,N,1131,4,0.28898096823147335
MINIMUM_IMAGE_XYZ,N,1133,4,0.28960317677815617
MINIMUM_IMAGE_XYZ,N,1135,4,0.2894028334346429
MINIMUM_IMAGE_XYZ,N,1137,4,0.2894028334346429
MINIMUM_IMAGE_XYZ,N,1139,4,0.2894028334346433
MINIMUM_IMAGE_XYZ,N,1141,4,0.2886329849480132
MINIMUM_IMAGE_XYZ,N,1143,4,0.28848050194077235
MINIMUM_IMAGE_XYZ,N,1145,4,0.28848050194077235
MINIMUM_IMAGE_XYZ,N,1147,4,0.2890570877871709
MINIMUM_IMAGE_XYZ,N,1149,4,0.28890309794116065
MINIMUM_IMAGE_XYZ,N,1151,4,0.28890309794116065
MINIMUM_IMAGE_XYZ,N,1153,4,0.28890309794116104
MINIMUM_IMAGE_XYZ,N,1155,4,0.28890309794116104
MINIMUM_IMAGE_XYZ,N,1157,4,0.2890570877871706
MINIMUM_IMAGE_XYZ,N,1159,4,0.2890570877871706
MINIMUM_IMAGE_XYZ,N,1161,4,0.2890605472907018
MINIMUM_IMAGE_XYZ,N,1163,4,0.2889013672518702
MINIMUM_IMAGE_XYZ,N,1165,4,0.2888130883460791
MINIMUM_IMAGE_XYZ,N,1167,4,0.2888130883460791
MINIMUM_IMAGE_XYZ,N,1169,4,0.2889013672518699
MINIMUM_IMAGE_XYZ,N,1171,4,0.2888771365130862
MINIMUM_IMAGE_XYZ,N,1173,4,0.2888771365130862
MINIMUM_IMAGE_XYZ,N,1175,4,0.2890605472907018
MINIMUM_IMAGE_XYZ,N,1177,4,0.2891037875919306
MINIMUM_IMAGE_XYZ,N,1179,4,0.288903097941161
MINIMUM_IMAGE_XYZ,N,1181,4,0.288903097941161
MINIMUM_IMAGE_XYZ,N,1183,4,0.2889030979411606
MINIMUM_IMAGE_XYZ,N,1185,4,0.2889030979411606
MINIMUM_IMAGE_XYZ,N,1187,4,0.2891037875919306
MINIMUM_IMAGE_XYZ,N,1189,4,0.28848050194077235
MINIMUM_IMAGE_XYZ,N,1191,4,0.28848050194077235
MINIMUM_IMAGE_XYZ,N,1193,4,0.28863298494801287
MINIMUM_IMAGE_XYZ,N,1195,4,0.28863298494801287
MINIMUM_IMAGE_XYZ,N,1197,4,0.2888130883460791
MINIMUM_IMAGE_XYZ,N,1199,4,0.2886329849480132
MINIMUM_IMAGE_XYZ,N,1201,4,0.28960317677815667
MINIMUM_IMAGE_XYZ,N,1203,4,0.28956001105125023
MINIMUM_IMAGE_XYZ,N,1205,4,0.28937691684030425
MINIMUM_IMAGE_XYZ,N,1207,4,0.28937691684030425
MINIMUM_IMAGE_XYZ,N,1209,4,0.28940110573389294
MINIMUM_IMAGE_XYZ,N,1211,4,0.28931297931479016
MINIMUM_IMAGE_XYZ,N,1213,4,0.28931297931479016
MINIMUM_IMAGE_XYZ,N,1215,4,0.2894011057338933
MINIMUM_IMAGE_XYZ,N,1217,4,0.28956001105125023
MINIMUM_IMAGE_XYZ,N,1219,4,0.28955655751510817
MINIMUM_IMAGE_XYZ,N,1221,4,0.28955655751510817
MINIMUM_IMAGE_XYZ,N,1223,4,0.2894028334346438
MINIMUM_IMAGE_XYZ,N,1225,4,0.2894028334346438
MINIMUM_IMAGE_XYZ,N,1227,4,0.2894028334346434
MINIMUM_IMAGE_XYZ,N,1229,4,0.2894028334346434
MINIMUM_IMAGE_XYZ,N,1231,4,0.2895565575151085
MINIMUM_IMAGE_XYZ,N,1233,4,0.2889809682314738
MINIMUM_IMAGE_XYZ,N,1235,4,0.2889809682314738
MINIMUM_IMAGE_XYZ,N,1237,4,0.28913318730301457
MINIMUM_IMAGE_XYZ,N,1239,4,0.28913318730301457
MINIMUM_IMAGE_XYZ,N,1241,4,0.28931297931479016
MINIMUM_IMAGE_XYZ,N,1243,4,0.28913318730301424
MINIMUM_IMAGE_XYZ,N,1245,4,0.28913318730301424
MINIMUM_IMAGE_XYZ,N,1247,4,0.2889809682314738
MINIMUM_IMAGE_XYZ,N,1249,4,0.2889809682314738
MINIMUM_IMAGE_XYZ,N,1251,4,0.28960317677815667
MINIMUM_IMAGE_XYZ,N,1253,4,0.2894028334346434
MINIMUM_IMAGE_XYZ,N,1255,4,0.2894028334346434
MINIMUM_IMAGE_XYZ,N,1257,4,0.28940283343464374
MINIMUM_IMAGE_XYZ,N,1259,4,0.28940283343464374
MINIMUM_IMAGE_XYZ,N,1261,4,0.2889999999999997
MINIMUM_IMAGE_XYZ,N,1263,4,0.2889999999999997
MINIMUM_IMAGE_XYZ,N,1265,4,0.2889999999999997
MINIMUM_IMAGE_XYZ,N,1267,4,0.2889999999999997
MINIMUM_IMAGE_XYZ,N,1269,4,0.2889999999999997
MINIMUM_IMAGE_XYZ,N,1271,4,0.2889999999999997
MINIMUM_IMAGE_XYZ,N,1273,4,0.2889999999999997
MINIMUM_IMAGE_XYZ,N,1275,4,0.2889999999999997
MINIMUM_IMAGE_XYZ,N,1277,4,0.2889999999999997
MINIMUM_IMAGE_XYZ,N,1279,4,0.2889999999999997
MINIMUM_IMAGE_XYZ,N,1281,4,0.2889999999999997
MINIMUM_IMAGE_XYZ,N,1283,4,0.2889999999999997
MINIMUM_IMAGE_XYZ,N,1285,4,0.2889999999999997
MINIMUM_IMAGE_XYZ,N,1287,4,0.2889999999999997
MINIMUM_IMAGE_XYZ,N,1289,4,0.2889999999999997
MINIMUM_IMAGE_XYZ,N,1291,4,0.2889999999999997
MINIMUM_IMAGE_XYZ,N,1293,4,0.2889999999999997
MINIMUM_IMAGE_XYZ,N,1295,4,0.2889999999999997
MINIMUM_IMAGE_XYZ,N,1297,4,0.2889999999999997
MINIMUM_IMAGE_XYZ,N,1299,4,0.2889999999999997
MINIMUM_IMAGE_XYZ,N,1301,4,0.2889999999999997
MINIMUM_IMAGE_XYZ,N,1303,4,0.2889999999999997
MINIMUM_IMAGE_XYZ,N,1305,4,0.2889999999999997
MINIMUM_IMAGE_XYZ,N,1307,4,0.2889999999999997
MINIMUM_IMAGE_XYZ,N,1309,4,0.2889999999999997
MINIMUM_IMAGE_XYZ,N,1311,4,0.2889999999999997
MINIMUM_IMAGE_XYZ,N,1313,4,0.2889999999999997
MINIMUM_IMAGE_XYZ,N,1315,4,0.2889999999999997
MINIMUM_IMAGE_XYZ,N,1317,4,0.2889999999999997
MINIMUM_IMAGE_XYZ,N,1319,4,0.2889999999999997
MINIMUM_IMAGE_XYZ,N,1321,4,0.2895600110512498
MINIMUM_IMAGE_XYZ,N,1323,4,0.2893769168403038
MINIMUM_IMAGE_XYZ,N,1325,4,0.2893769168403038
MINIMUM_IMAGE_XYZ,N,1327,4,0.2894011057338925
MINIMUM_IMAGE_XYZ,N,1329,4,0.2893129793147897
MINIMUM_IMAGE_XYZ,N,1331,4,0.2893129793147897
MINIMUM_IMAGE_XYZ,N,1333,4,0.2894011057338929
MINIMUM_IMAGE_XYZ,N,1335,4,0.2895600110512498
MINIMUM_IMAGE_XYZ,N,1337,4,0.2895565575151077
MINIMUM_IMAGE_XYZ,N,1339,4,0.2895565575151077
MINIMUM_IMAGE_XYZ,N,1341,4,0.2894028334346434
MINIMUM_IMAGE_XYZ,N,1343,4,0.2894028334346434
MINIMUM_IMAGE_XYZ,N,1345,4,0.289402833434643
MINIMUM_IMAGE_XYZ,N,1347,4,0.289402833434643
MINIMUM_IMAGE_XYZ,N,1349,4,0.28955655751510806
MINIMUM_IMAGE_XYZ,N,1351,4,0.28898096823147335
MINIMUM_IMAGE_XYZ,N,1353,4,0.28898096823147335
MINIMUM_IMAGE_XYZ,N,1355,4,0.2891331873030142
MINIMUM_IMAGE_XYZ,N,1357,4,0.2891331873030142
MINIMUM_IMAGE_XYZ,N,1359,4,0.2893129793147897
MINIMUM_IMAGE_XYZ,N,1361,4,0.2891331873030138
MINIMUM_IMAGE_XYZ,N,1363,4,0.2891331873030138
MINIMUM_IMAGE_XYZ,N,1365,4,0.28898096823147335
MINIMUM_IMAGE_XYZ,N,1367,4,0.28898096823147335
MINIMUM_IMAGE_XYZ,N,1369,4,0.28960317677815617
MINIMUM_IMAGE_XYZ,N,1371,4,0.2894028334346429
MINIMUM_IMAGE_XYZ,N,1373,4,0.2894028334346429
MINIMUM_IMAGE_XYZ,N,1375,4,0.2894028334346433
MINIMUM_IMAGE_XYZ,N,1377,4,0.2894028334346433
MINIMUM_IMAGE_XYZ,N,1379,4,0.28960317677815617
MINIMUM_IMAGE_XYZ,N,1381,4,0.2889809682314738
MINIMUM_IMAGE_XYZ,N,1383,4,0.2895565575151085
MINIMUM_IMAGE_XYZ,N,1385,4,0.2894028334346434
MINIMUM_IMAGE_XYZ,N,1387,4,0.2894028334346434
MINIMUM_IMAGE_XYZ,N,1389,4,0.2894028334346438
MINIMUM_IMAGE_XYZ,N,1391,4,0.2894028334346438
MINIMUM_IMAGE_XYZ,N,1393,4,0.28955655751510817
MINIMUM_IMAGE_XYZ,N,1395,4,0.28955655751510817
MINIMUM_IMAGE_XYZ,N,1397,4,0.28956001105125023
MINIMUM_IMAGE_XYZ,N,1399,4,0.2894011057338933
MINIMUM_IMAGE_XYZ,N,1401,4,0.28931297931479016
MINIMUM_IMAGE_XYZ,N,1403,4,0.28931297931479016
MINIMUM_IMAGE_XYZ,N,1405,4,0.28940110573389294
MINIMUM_IMAGE_XYZ,N,1407,4,0.28937691684030425
MINIMUM_IMAGE_XYZ,N,1409,4,0.28937691684030425
MINIMUM_IMAGE_XYZ,N,1411,4,0.28956001105125023
MINIMUM_IMAGE_XYZ,N,1413,4,0.28960317677815667
MINIMUM_IMAGE_XYZ,N,1415,4,0.28940283343464374
MINIMUM_IMAGE_XYZ,N,1417,4,0.28940283343464374
MINIMUM_IMAGE_XYZ,N,1419,4,0.2894028334346434
MINIMUM_IMAGE_XYZ,N,1421,4,0.2894028334346434
MINIMUM_IMAGE_XYZ,N,1423,4,0.28960317677815667
MINIMUM_IMAGE_XYZ,N,1425,4,0.2889809682314738
MINIMUM_IMAGE_XYZ,N,1427,4,0.2889809682314738
MINIMUM_IMAGE_XYZ,N,1429,4,0.28913318730301424
MINIMUM_IMAGE_XYZ,N,1431,4,0.28913318730301424
MINIMUM_IMAGE_XYZ,N,1433,4,0.28931297931479016
MINIMUM_IMAGE_XYZ,N,1435,4,0.28913318730301457
MINIMUM_IMAGE_XYZ,N,1437,4,0.28913318730301457
MINIMUM_IMAGE_XYZ,N,1439,4,0.2889809682314738
MINIMUM_IMAGE_XYZ,N,1441,4,0.28937691684030425
MINIMUM_IMAGE_XYZ,N,1443,4,0.28937691684030425
MINIMUM_IMAGE_XYZ,N,1445,4,0.28940110573389294
MINIMUM_IMAGE_XYZ,N,1447,4,0.28931297931479016
MINIMUM_IMAGE_XYZ,N,1449,4,0.28931297931479016
MINIMUM_IMAGE_XYZ,N,1451,4,0.2894011057338933
MINIMUM_IMAGE_XYZ,N,1453,4,0.28956001105125023
MINIMUM_IMAGE_XYZ,N,1455,4,0.28955655751510817
MINIMUM_IMAGE_XYZ,N,1457,4,0.28955655751510817
MINIMUM_IMAGE_XYZ,N,1459,4,0.2894028334346438
MINIMUM_IMAGE_XYZ,N,1461,4,0.2894028334346438
MINIMUM_IMAGE_XYZ,N,1463,4,0.2894028334346434
MINIMUM_IMAGE_XYZ,N,1465,4,0.2894028334346434
MINIMUM_IMAGE_XYZ,N,1467,4,0.2895565575151085
MINIMUM_IMAGE_XYZ,N,1469,4,0.2889809682314738
MINIMUM_IMAGE_XYZ,N,1471,4,0.2889809682314738
MINIMUM_IMAGE_XYZ,N,1473,4,0.28913318730301457
MINIMUM_IMAGE_XYZ,N,1475,4,0.28913318730301457
MINIMUM_IMAGE_XYZ,N,1477,4,0.28931297931479016
MINIMUM_IMAGE_XYZ,N,1479,4,0.28913318730301424
MINIMUM_IMAGE_XYZ,N,1481,4,0.28913318730301424
MINIMUM_IMAGE_XYZ,N,1483,4,0.2889809682314738
MINIMUM_IMAGE_XYZ,N,1485,4,0.2889809682314738
MINIMUM_IMAGE_XYZ,N,1487,4,0.28960317677815667
MINIMUM_IMAGE_XYZ,N,1489,4,0.2894028334346434
MINIMUM_IMAGE_XYZ,N,1491,4,0.2894028334346434
MINIMUM_IMAGE_XYZ,N,1493,4,0.28940283343464374
MINIMUM_IMAGE_XYZ,N,1495,4,0.28940283343464374
MINIMUM_IMAGE_XYZ,N,1497,4,0.28960317677815667
MINIMUM_IMAGE_XYZ,N,1499,4,0.28956001105125023
MINIMUM_IMAGE_XYZ,N,1501,4,0.2895565575151085
MINIMUM_IMAGE_XYZ,N,1503,4,0.2894028334346434
MINIMUM_IMAGE_XYZ,N,1505,4,0.2894028334346434
MINIMUM_IMAGE_XYZ,N,1507,4,0.2894028334346438
MINIMUM_IMAGE_XYZ,N,1509,4,0.2894028334346438
MINIMUM_IMAGE_XYZ,N,1511,4,0.28955655751510817
MINIMUM_IMAGE_XYZ,N,1513,4,0.28955655751510817
MINIMUM_IMAGE_XYZ,N,1515,4,0.28956001105125023
MINIMUM_IMAGE_XYZ,N,1517,4,0.2894011057338933
MINIMUM_IMAGE_XYZ,N,1519,4,0.28931297931479016
MINIMUM_IMAGE_XYZ,N,1521,4,0.28931297931479016
MINIMUM_IMAGE_XYZ,N,1523,4,0.28940110573389294
MINIMUM_IMAGE_XYZ,N,1525,4,0.28937691684030425
MINIMUM_IMAGE_XYZ,N,1527,4,0.28937691684030425
MINIMUM_IMAGE_XYZ,N,1529,4,0.28956001105125023
MINIMUM_IMAGE_XYZ,N,1531,4,0.28960317677815667
MINIMUM_IMAGE_XYZ,N,1533,4,0.28940283343464374
MINIMUM_IMAGE_XYZ,N,1535,4,0.28940283343464374
MINIMUM_IMAGE_XYZ,N,1537,4,0.2894028334346434
MINIMUM_IMAGE_XYZ,N,1539,4,0.2894028334346434
MINIMUM_IMAGE_XYZ,N,1541,4,0.28960317677815667
MINIMUM_IMAGE_XYZ,N,1543,4,0.2889809682314738
MINIMUM_IMAGE_XYZ,N,1545,4,0.2889809682314738
MINIMUM_IMAGE_XYZ,N,1547,4,0.28913318730301424
MINIMUM_IMAGE_XYZ,N,1549,4,0.28913318730301424
MINIMUM_IMAGE_XYZ,N,1551,4,0.28931297931479016
MINIMUM_IMAGE_XYZ,N,1553,4,0.28913318730301457
MINIMUM_IMAGE_XYZ,N,1555,4,0.28913318730301457
MINIMUM_IMAGE_XYZ,N,1557,4,0.2889809682314738
MINIMUM_IMAGE_XYZ,N,1559,4,0.2889809682314738
MINIMUM_IMAGE_XYZ,N,1561,4,0.2893769168403038
MINIMUM_IMAGE_XYZ,N,1563,4,0.2894011057338925
MINIMUM_IMAGE_XYZ,N,1565,4,0.2893129793147897
MINIMUM_IMAGE_XYZ,N,1567,4,0.2893129793147897
MINIMUM_IMAGE_XYZ,N,1569,4,0.2894011057338929
MINIMUM_IMAGE_XYZ,N,1571,4,0.2895600110512498
MINIMUM_IMAGE_XYZ,N,1573,4,0.2895565575151077
MINIMUM_IMAGE_XYZ,N,1575,4,0.2895565575151077
MINIMUM_IMAGE_XYZ,N,1577,4,0.2894028334346434
MINIMUM_IMAGE_XYZ,N,1579,4,0.2894028334346434
MINIMUM_IMAGE_XYZ,N,1581,4,0.289402833434643
MINIMUM_IMAGE_XYZ,N,1583,4,0.289402833434643
MINIMUM_IMAGE_XYZ,N,1585,4,0.28955655751510806
MINIMUM_IMAGE_XYZ,N,1587,4,0.28898096823147335
MINIMUM_IMAGE_XYZ,N,1589,4,0.28898096823147335
MINIMUM_IMAGE_XYZ,N,1591,4,0.2891331873030142
MINIMUM_IMAGE_XYZ,N,1593,4,0.2891331873030142
MINIMUM_IMAGE_XYZ,N,1595,4,0.2893129793147897
MINIMUM_IMAGE_XYZ,N,1597,4,0.2891331873030138
MINIMUM_IMAGE_XYZ,N,1599,4,0.2891331873030138
MINIMUM_IMAGE_XYZ,N,1601,4,0.28898096823147335
MINIMUM_IMAGE_XYZ,N,1603,4,0.28898096823147335
MINIMUM_IMAGE_XYZ,N,1605,4,0.28960317677815617
MINIMUM_IMAGE_XYZ,N,1607,4,0.2894028334346429
MINIMUM_IMAGE_XYZ,N,1609,4,0.2894028334346429
MINIMUM_IMAGE_XYZ,N,1611,4,0.2894028334346433
MINIMUM_IMAGE_XYZ,N,1613,4,0.2894028334346433
MINIMUM_IMAGE_XYZ,N,1615,4,0.28960317677815617
MINIMUM_IMAGE_XYZ,N,1617,4,0.2895600110512498
MINIMUM_IMAGE_XYZ,N,1619,4,0.2893769168403038
MINIMUM_IMAGE_XYZ,N,1621,4,0.38403515464082233
MINIMUM_IMAGE_XYZ,N,1623,4,0.384065098648654
MINIMUM_IMAGE_XYZ,N,1625,4,0.38398307254356967
MINIMUM_IMAGE_XYZ,N,1627,4,0.38403515464082233
MINIMUM_IMAGE_XYZ,N,1629,4,0.38413799603788257
MINIMUM_IMAGE_XYZ,N,1631,4,0.38395181989411165
MINIMUM_IMAGE_XYZ,N,1633,4,0.38395181989411165
MINIMUM_IMAGE_XYZ,N,1635,4,0.38403515464082233
MINIMUM_IMAGE_XYZ,N,1637,4,0.3840559855021144
MINIMUM_IMAGE_XYZ,N,1639,4,0.38398307254356967
MINIMUM_IMAGE_XYZ,N,1641,4,0.3840559855021142
MINIMUM_IMAGE_XYZ,N,1643,4,0.38403515464082233
MINIMUM_IMAGE_XYZ,N,1645,4,0.38395051764517835
MINIMUM_IMAGE_XYZ,N,1647,4,0.38395181989411153
MINIMUM_IMAGE_XYZ,N,1649,4,0.3841379960378827
MINIMUM_IMAGE_XYZ,N,1651,4,0.3839713530981189
MINIMUM_IMAGE_XYZ,N,1653,4,0.38396614434087845
MINIMUM_IMAGE_XYZ,N,1655,4,0.38411586793570546
MINIMUM_IMAGE_XYZ,N,1657,4,0.38397135309811875
MINIMUM_IMAGE_XYZ,N,1659,4,0.3841288846207746
MINIMUM_IMAGE_XYZ,N,1661,4,0.3837407979352734
MINIMUM_IMAGE_XYZ,N,1663,4,0.3841288846207746
MINIMUM_IMAGE_XYZ,N,1665,4,0.38403515464082233
MINIMUM_IMAGE_XYZ,N,1667,4,0.38397135309811875
MINIMUM_IMAGE_XYZ,N,1669,4,0.38396614434087845
MINIMUM_IMAGE_XYZ,N,1671,4,0.3839713530981189
MINIMUM_IMAGE_XYZ,N,1673,4,0.38403515464082233
MINIMUM_IMAGE_XYZ,N,1675,4,0.38395181989411153
MINIMUM_IMAGE_XYZ,N,1677,4,0.3839713530981189
MINIMUM_IMAGE_XYZ,N,1679,4,0.38395051764517835
