node_id,element,node_type,end,source_index_0based,graph_source,coordinates_assigned,formal_charge_assigned,force_field_type_assigned,circumferential_index,lattice_x,lattice_y,radius_proxy_nm,angle_turns,bridge_path_id,bridge_index,bridge_position,attached_seed_node,attached_annulus_node,selected_gap_nm,feasible_gap_minimum_nm,feasible_gap_maximum_nm,mapping_seed_parity,mapping_orientation,mapping_rotation,mapping_chirality,attached_to
P:0,B,PARENT_HBN,PARENT,0,GATE3F_RETAINED_HEAVY_NODE,False,False,False,,,,,,,,,,,,,,,,,,
P:1,N,PARENT_HBN,PARENT,1,GATE3F_RETAINED_HEAVY_NODE,False,False,False,,,,,,,,,,,,,,,,,,
P:2,B,PARENT_HBN,PARENT,2,GATE3F_RETAINED_HEAVY_NODE,False,False,False,,,,,,,,,,,,,,,,,,
P:3,N,PARENT_HBN,PARENT,3,GATE3F_RETAINED_HEAVY_NODE,False,False,False,,,,,,,,,,,,,,,,,,
P:4,B,PARENT_HBN,PARENT,4,GATE3F_RETAINED_HEAVY_NODE,False,False,False,,,,,,,,,,,,,,,,,,
P:5,N,PARENT_HBN,PARENT,5,GATE3F_RETAINED_HEAVY_NODE,False,False,False,,,,,,,,,,,,,,,,,,
P:6,B,PARENT_HBN,PARENT,6,GATE3F_RETAINED_HEAVY_NODE,False,False,False,,,,,,,,,,,,,,,,,,
P:7,N,PARENT_HBN,PARENT,7,GATE3F_RETAINED_HEAVY_NODE,False,False,False,,,,,,,,,,,,,,,,,,
P:8,B,PARENT_HBN,PARENT,8,GATE3F_RETAINED_HEAVY_NODE,False,False,False,,,,,,,,,,,,,,,,,,
P:9,N,PARENT_HBN,PARENT,9,GATE3F_RETAINED_HEAVY_NODE,False,False,False,,,,,,,,,,,,,,,,,,
P:10,B,PARENT_HBN,PARENT,10,GATE3F_RETAINED_HEAVY_NODE,False,False,False,,,,,,,,,,,,,,,,,,
P:11,N,PARENT_HBN,PARENT,11,GATE3F_RETAINED_HEAVY_NODE,False,False,False,,,,,,,,,,,,,,,,,,
P:12,B,PARENT_HBN,PARENT,12,GATE3F_RETAINED_HEAVY_NODE,False,False,False,,,,,,,,,,,,,,,,,,
P:13,N,PARENT_HBN,PARENT,13,GATE3F_RETAINED_HEAVY_NODE,False,False,False,,,,,,,,,,,,,,,,,,
P:14,B,PARENT_HBN,PARENT,14,GATE3F_RETAINED_HEAVY_NODE,False,False,False,,,,,,,,,,,,,,,,,,
P:15,N,PARENT_HBN,PARENT,15,GATE3F_RETAINED_HEAVY_NODE,False,False,False,,,,,,,,,,,,,,,,,,
P:16,B,PARENT_HBN,PARENT,16,GATE3F_RETAINED_HEAVY_NODE,False,False,False,,,,,,,,,,,,,,,,,,
P:17,N,PARENT_HBN,PARENT,17,GATE3F_RETAINED_HEAVY_NODE,False,False,False,,,,,,,,,,,,,,,,,,
P:18,B,PARENT_HBN,PARENT,18,GATE3F_RETAINED_HEAVY_NODE,False,False,False,,,,,,,,,,,,,,,,,,
P:19,N,PARENT_HBN,PARENT,19,GATE3F_RETAINED_HEAVY_NODE,False,False,False,,,,,,,,,,,,,,,,,,
P:20,B,PARENT_HBN,PARENT,20,GATE3F_RETAINED_HEAVY_NODE,False,False,False,,,,,,,,,,,,,,,,,,
P:21,N,PARENT_HBN,PARENT,21,GATE3F_RETAINED_HEAVY_NODE,False,False,False,,,,,,,,,,,,,,,,,,
P:22,B,PARENT_HBN,PARENT,22,GATE3F_RETAINED_HEAVY_NODE,False,False,False,,,,,,,,,,,,,,,,,,
P:23,N,PARENT_HBN,PARENT,23,GATE3F_RETAINED_HEAVY_NODE,False,False,False,,,,,,,,,,,,,,,,,,
P:24,B,PARENT_HBN,PARENT,24,GATE3F_RETAINED_HEAVY_NODE,False,False,False,,,,,,,,,,,,,,,,,,
P:25,N,PARENT_HBN,PARENT,25,GATE3F_RETAINED_HEAVY_NODE,False,False,False,,,,,,,,,,,,,,,,,,
P:26,B,PARENT_HBN,PARENT,26,GATE3F_RETAINED_HEAVY_NODE,False,False,False,,,,,,,,,,,,,,,,,,
P:27,N,PARENT_HBN,PARENT,27,GATE3F_RETAINED_HEAVY_NODE,False,False,False,,,,,,,,,,,,,,,,,,
P:28,B,PARENT_HBN,PARENT,28,GATE3F_RETAINED_HEAVY_NODE,False,False,False,,,,,,,,,,,,,,,,,,
P:29,N,PARENT_HBN,PARENT,29,GATE3F_RETAINED_HEAVY_NODE,False,False,False,,,,,,,,,,,,,,,,,,
P:30,B,PARENT_HBN,PARENT,30,GATE3F_RETAINED_HEAVY_NODE,False,False,False,,,,,,,,,,,,,,,,,,
P:31,N,PARENT_HBN,PARENT,31,GATE3F_RETAINED_HEAVY_NODE,False,False,False,,,,,,,,,,,,,,,,,,
P:32,B,PARENT_HBN,PARENT,32,GATE3F_RETAINED_HEAVY_NODE,False,False,False,,,,,,,,,,,,,,,,,,
P:33,N,PARENT_HBN,PARENT,33,GATE3F_RETAINED_HEAVY_NODE,False,False,False,,,,,,,,,,,,,,,,,,
P:34,B,PARENT_HBN,PARENT,34,GATE3F_RETAINED_HEAVY_NODE,False,False,False,,,,,,,,,,,,,,,,,,
P:35,N,PARENT_HBN,PARENT,35,GATE3F_RETAINED_HEAVY_NODE,False,False,False,,,,,,,,,,,,,,,,,,
P:36,B,PARENT_HBN,PARENT,36,GATE3F_RETAINED_HEAVY_NODE,False,False,False,,,,,,,,,,,,,,,,,,
P:37,N,PARENT_HBN,PARENT,37,GATE3F_RETAINED_HEAVY_NODE,False,False,False,,,,,,,,,,,,,,,,,,
P:38,B,PARENT_HBN,PARENT,38,GATE3F_RETAINED_HEAVY_NODE,False,False,False,,,,,,,,,,,,,,,,,,
P:39,N,PARENT_HBN,PARENT,39,GATE3F_RETAINED_HEAVY_NODE,False,False,False,,,,,,,,,,,,,,,,,,
P:40,B,PARENT_HBN,PARENT,40,GATE3F_RETAINED_HEAVY_NODE,False,False,False,,,,,,,,,,,,,,,,,,
P:41,N,PARENT_HBN,PARENT,41,GATE3F_RETAINED_HEAVY_NODE,False,False,False,,,,,,,,,,,,,,,,,,
P:42,B,PARENT_HBN,PARENT,42,GATE3F_RETAINED_HEAVY_NODE,False,False,False,,,,,,,,,,,,,,,,,,
P:43,N,PARENT_HBN,PARENT,43,GATE3F_RETAINED_HEAVY_NODE,False,False,False,,,,,,,,,,,,,,,,,,
P:44,B,PARENT_HBN,PARENT,44,GATE3F_RETAINED_HEAVY_NODE,False,False,False,,,,,,,,,,,,,,,,,,
P:45,N,PARENT_HBN,PARENT,45,GATE3F_RETAINED_HEAVY_NODE,False,False,False,,,,,,,,,,,,,,,,,,
P:46,B,PARENT_HBN,PARENT,46,GATE3F_RETAINED_HEAVY_NODE,False,False,False,,,,,,,,,,,,,,,,,,
P:47,N,PARENT_HBN,PARENT,47,GATE3F_RETAINED_HEAVY_NODE,False,False,False,,,,,,,,,,,,,,,,,,
P:48,B,PARENT_HBN,PARENT,48,GATE3F_RETAINED_HEAVY_NODE,False,False,False,,,,,,,,,,,,,,,,,,
P:49,N,PARENT_HBN,PARENT,49,GATE3F_RETAINED_HEAVY_NODE,False,False,False,,,,,,,,,,,,,,,,,,
P:50,B,PARENT_HBN,PARENT,50,GATE3F_RETAINED_HEAVY_NODE,False,False,False,,,,,,,,,,,,,,,,,,
P:51,N,PARENT_HBN,PARENT,51,GATE3F_RETAINED_HEAVY_NODE,False,False,False,,,,,,,,,,,,,,,,,,
P:52,B,PARENT_HBN,PARENT,52,GATE3F_RETAINED_HEAVY_NODE,False,False,False,,,,,,,,,,,,,,,,,,
P:53,N,PARENT_HBN,PARENT,53,GATE3F_RETAINED_HEAVY_NODE,False,False,False,,,,,,,,,,,,,,,,,,
P:54,B,PARENT_HBN,PARENT,54,GATE3F_RETAINED_HEAVY_NODE,False,False,False,,,,,,,,,,,,,,,,,,
P:55,N,PARENT_HBN,PARENT,55,GATE3F_RETAINED_HEAVY_NODE,False,False,False,,,,,,,,,,,,,,,,,,
P:56,B,PARENT_HBN,PARENT,56,GATE3F_RETAINED_HEAVY_NODE,False,False,False,,,,,,,,,,,,,,,,,,
P:57,N,PARENT_HBN,PARENT,57,GATE3F_RETAINED_HEAVY_NODE,False,False,False,,,,,,,,,,,,,,,,,,
P:58,B,PARENT_HBN,PARENT,58,GATE3F_RETAINED_HEAVY_NODE,False,False,False,,,,,,,,,,,,,,,,,,
P:59,N,PARENT_HBN,PARENT,59,GATE3F_RETAINED_HEAVY_NODE,False,False,False,,,,,,,,,,,,,,,,,,
P:60,B,PARENT_HBN,PARENT,60,GATE3F_RETAINED_HEAVY_NODE,False,False,False,,,,,,,,,,,,,,,,,,
P:61,N,PARENT_HBN,PARENT,61,GATE3F_RETAINED_HEAVY_NODE,False,False,False,,,,,,,,,,,,,,,,,,
P:62,B,PARENT_HBN,PARENT,62,GATE3F_RETAINED_HEAVY_NODE,False,False,False,,,,,,,,,,,,,,,,,,
P:63,N,PARENT_HBN,PARENT,63,GATE3F_RETAINED_HEAVY_NODE,False,False,False,,,,,,,,,,,,,,,,,,
P:64,B,PARENT_HBN,PARENT,64,GATE3F_RETAINED_HEAVY_NODE,False,False,False,,,,,,,,,,,,,,,,,,
P:65,N,PARENT_HBN,PARENT,65,GATE3F_RETAINED_HEAVY_NODE,False,False,False,,,,,,,,,,,,,,,,,,
P:66,B,PARENT_HBN,PARENT,66,GATE3F_RETAINED_HEAVY_NODE,False,False,False,,,,,,,,,,,,,,,,,,
P:67,N,PARENT_HBN,PARENT,67,GATE3F_RETAINED_HEAVY_NODE,False,False,False,,,,,,,,,,,,,,,,,,
P:68,B,PARENT_HBN,PARENT,68,GATE3F_RETAINED_HEAVY_NODE,False,False,False,,,,,,,,,,,,,,,,,,
P:69,N,PARENT_HBN,PARENT,69,GATE3F_RETAINED_HEAVY_NODE,False,False,False,,,,,,,,,,,,,,,,,,
P:70,B,PARENT_HBN,PARENT,70,GATE3F_RETAINED_HEAVY_NODE,False,False,False,,,,,,,,,,,,,,,,,,
P:71,N,PARENT_HBN,PARENT,71,GATE3F_RETAINED_HEAVY_NODE,False,False,False,,,,,,,,,,,,,,,,,,
P:72,B,PARENT_HBN,PARENT,72,GATE3F_RETAINED_HEAVY_NODE,False,False,False,,,,,,,,,,,,,,,,,,
P:73,N,PARENT_HBN,PARENT,73,GATE3F_RETAINED_HEAVY_NODE,False,False,False,,,,,,,,,,,,,,,,,,
P:74,B,PARENT_HBN,PARENT,74,GATE3F_RETAINED_HEAVY_NODE,False,False,False,,,,,,,,,,,,,,,,,,
P:75,N,PARENT_HBN,PARENT,75,GATE3F_RETAINED_HEAVY_NODE,False,False,False,,,,,,,,,,,,,,,,,,
P:76,B,PARENT_HBN,PARENT,76,GATE3F_RETAINED_HEAVY_NODE,False,False,False,,,,,,,,,,,,,,,,,,
P:77,N,PARENT_HBN,PARENT,77,GATE3F_RETAINED_HEAVY_NODE,False,False,False,,,,,,,,,,,,,,,,,,
P:78,B,PARENT_HBN,PARENT,78,GATE3F_RETAINED_HEAVY_NODE,False,False,False,,,,,,,,,,,,,,,,,,
P:79,N,PARENT_HBN,PARENT,79,GATE3F_RETAINED_HEAVY_NODE,False,False,False,,,,,,,,,,,,,,,,,,
P:80,B,PARENT_HBN,PARENT,80,GATE3F_RETAINED_HEAVY_NODE,False,False,False,,,,,,,,,,,,,,,,,,
P:81,N,PARENT_HBN,PARENT,81,GATE3F_RETAINED_HEAVY_NODE,False,False,False,,,,,,,,,,,,,,,,,,
P:82,B,PARENT_HBN,PARENT,82,GATE3F_RETAINED_HEAVY_NODE,False,False,False,,,,,,,,,,,,,,,,,,
P:83,N,PARENT_HBN,PARENT,83,GATE3F_RETAINED_HEAVY_NODE,False,False,False,,,,,,,,,,,,,,,,,,
P:84,B,PARENT_HBN,PARENT,84,GATE3F_RETAINED_HEAVY_NODE,False,False,False,,,,,,,,,,,,,,,,,,
P:85,N,PARENT_HBN,PARENT,85,GATE3F_RETAINED_HEAVY_NODE,False,False,False,,,,,,,,,,,,,,,,,,
P:86,B,PARENT_HBN,PARENT,86,GATE3F_RETAINED_HEAVY_NODE,False,False,False,,,,,,,,,,,,,,,,,,
P:87,N,PARENT_HBN,PARENT,87,GATE3F_RETAINED_HEAVY_NODE,False,False,False,,,,,,,,,,,,,,,,,,
P:88,B,PARENT_HBN,PARENT,88,GATE3F_RETAINED_HEAVY_NODE,False,False,False,,,,,,,,,,,,,,,,,,
P:89,N,PARENT_HBN,PARENT,89,GATE3F_RETAINED_HEAVY_NODE,False,False,False,,,,,,,,,,,,,,,,,,
P:90,B,PARENT_HBN,PARENT,90,GATE3F_RETAINED_HEAVY_NODE,False,False,False,,,,,,,,,,,,,,,,,,
P:91,N,PARENT_HBN,PARENT,91,GATE3F_RETAINED_HEAVY_NODE,False,False,False,,,,,,,,,,,,,,,,,,
P:92,B,PARENT_HBN,PARENT,92,GATE3F_RETAINED_HEAVY_NODE,False,False,False,,,,,,,,,,,,,,,,,,
P:93,N,PARENT_HBN,PARENT,93,GATE3F_RETAINED_HEAVY_NODE,False,False,False,,,,,,,,,,,,,,,,,,
P:94,B,PARENT_HBN,PARENT,94,GATE3F_RETAINED_HEAVY_NODE,False,False,False,,,,,,,,,,,,,,,,,,
P:95,N,PARENT_HBN,PARENT,95,GATE3F_RETAINED_HEAVY_NODE,False,False,False,,,,,,,,,,,,,,,,,,
P:96,B,PARENT_HBN,PARENT,96,GATE3F_RETAINED_HEAVY_NODE,False,False,False,,,,,,,,,,,,,,,,,,
P:97,N,PARENT_HBN,PARENT,97,GATE3F_RETAINED_HEAVY_NODE,False,False,False,,,,,,,,,,,,,,,,,,
P:98,B,PARENT_HBN,PARENT,98,GATE3F_RETAINED_HEAVY_NODE,False,False,False,,,,,,,,,,,,,,,,,,
P:99,N,PARENT_HBN,PARENT,99,GATE3F_RETAINED_HEAVY_NODE,False,False,False,,,,,,,,,,,,,,,,,,
P:100,B,PARENT_HBN,PARENT,100,GATE3F_RETAINED_HEAVY_NODE,False,False,False,,,,,,,,,,,,,,,,,,
P:101,N,PARENT_HBN,PARENT,101,GATE3F_RETAINED_HEAVY_NODE,False,False,False,,,,,,,,,,,,,,,,,,
P:102,B,PARENT_HBN,PARENT,102,GATE3F_RETAINED_HEAVY_NODE,False,False,False,,,,,,,,,,,,,,,,,,
P:103,N,PARENT_HBN,PARENT,103,GATE3F_RETAINED_HEAVY_NODE,False,False,False,,,,,,,,,,,,,,,,,,
P:104,B,PARENT_HBN,PARENT,104,GATE3F_RETAINED_HEAVY_NODE,False,False,False,,,,,,,,,,,,,,,,,,
P:105,N,PARENT_HBN,PARENT,105,GATE3F_RETAINED_HEAVY_NODE,False,False,False,,,,,,,,,,,,,,,,,,
P:106,B,PARENT_HBN,PARENT,106,GATE3F_RETAINED_HEAVY_NODE,False,False,False,,,,,,,,,,,,,,,,,,
P:107,N,PARENT_HBN,PARENT,107,GATE3F_RETAINED_HEAVY_NODE,False,False,False,,,,,,,,,,,,,,,,,,
P:108,B,PARENT_HBN,PARENT,108,GATE3F_RETAINED_HEAVY_NODE,False,False,False,,,,,,,,,,,,,,,,,,
P:109,N,PARENT_HBN,PARENT,109,GATE3F_RETAINED_HEAVY_NODE,False,False,False,,,,,,,,,,,,,,,,,,
P:110,B,PARENT_HBN,PARENT,110,GATE3F_RETAINED_HEAVY_NODE,False,False,False,,,,,,,,,,,,,,,,,,
P:111,N,PARENT_HBN,PARENT,111,GATE3F_RETAINED_HEAVY_NODE,False,False,False,,,,,,,,,,,,,,,,,,
P:112,B,PARENT_HBN,PARENT,112,GATE3F_RETAINED_HEAVY_NODE,False,False,False,,,,,,,,,,,,,,,,,,
P:113,N,PARENT_HBN,PARENT,113,GATE3F_RETAINED_HEAVY_NODE,False,False,False,,,,,,,,,,,,,,,,,,
P:114,B,PARENT_HBN,PARENT,114,GATE3F_RETAINED_HEAVY_NODE,False,False,False,,,,,,,,,,,,,,,,,,
P:115,N,PARENT_HBN,PARENT,115,GATE3F_RETAINED_HEAVY_NODE,False,False,False,,,,,,,,,,,,,,,,,,
P:116,B,PARENT_HBN,PARENT,116,GATE3F_RETAINED_HEAVY_NODE,False,False,False,,,,,,,,,,,,,,,,,,
P:117,N,PARENT_HBN,PARENT,117,GATE3F_RETAINED_HEAVY_NODE,False,False,False,,,,,,,,,,,,,,,,,,
P:118,B,PARENT_HBN,PARENT,118,GATE3F_RETAINED_HEAVY_NODE,False,False,False,,,,,,,,,,,,,,,,,,
P:119,N,PARENT_HBN,PARENT,119,GATE3F_RETAINED_HEAVY_NODE,False,False,False,,,,,,,,,,,,,,,,,,
P:120,B,PARENT_HBN,PARENT,120,GATE3F_RETAINED_HEAVY_NODE,False,False,False,,,,,,,,,,,,,,,,,,
P:121,N,PARENT_HBN,PARENT,121,GATE3F_RETAINED_HEAVY_NODE,False,False,False,,,,,,,,,,,,,,,,,,
P:122,B,PARENT_HBN,PARENT,122,GATE3F_RETAINED_HEAVY_NODE,False,False,False,,,,,,,,,,,,,,,,,,
P:123,N,PARENT_HBN,PARENT,123,GATE3F_RETAINED_HEAVY_NODE,False,False,False,,,,,,,,,,,,,,,,,,
P:124,B,PARENT_HBN,PARENT,124,GATE3F_RETAINED_HEAVY_NODE,False,False,False,,,,,,,,,,,,,,,,,,
P:125,N,PARENT_HBN,PARENT,125,GATE3F_RETAINED_HEAVY_NODE,False,False,False,,,,,,,,,,,,,,,,,,
P:126,B,PARENT_HBN,PARENT,126,GATE3F_RETAINED_HEAVY_NODE,False,False,False,,,,,,,,,,,,,,,,,,
P:127,N,PARENT_HBN,PARENT,127,GATE3F_RETAINED_HEAVY_NODE,False,False,False,,,,,,,,,,,,,,,,,,
P:128,B,PARENT_HBN,PARENT,128,GATE3F_RETAINED_HEAVY_NODE,False,False,False,,,,,,,,,,,,,,,,,,
P:129,N,PARENT_HBN,PARENT,129,GATE3F_RETAINED_HEAVY_NODE,False,False,False,,,,,,,,,,,,,,,,,,
P:130,B,PARENT_HBN,PARENT,130,GATE3F_RETAINED_HEAVY_NODE,False,False,False,,,,,,,,,,,,,,,,,,
P:131,N,PARENT_HBN,PARENT,131,GATE3F_RETAINED_HEAVY_NODE,False,False,False,,,,,,,,,,,,,,,,,,
P:132,B,PARENT_HBN,PARENT,132,GATE3F_RETAINED_HEAVY_NODE,False,False,False,,,,,,,,,,,,,,,,,,
P:133,N,PARENT_HBN,PARENT,133,GATE3F_RETAINED_HEAVY_NODE,False,False,False,,,,,,,,,,,,,,,,,,
P:134,B,PARENT_HBN,PARENT,134,GATE3F_RETAINED_HEAVY_NODE,False,False,False,,,,,,,,,,,,,,,,,,
P:135,N,PARENT_HBN,PARENT,135,GATE3F_RETAINED_HEAVY_NODE,False,False,False,,,,,,,,,,,,,,,,,,
P:136,B,PARENT_HBN,PARENT,136,GATE3F_RETAINED_HEAVY_NODE,False,False,False,,,,,,,,,,,,,,,,,,
P:137,N,PARENT_HBN,PARENT,137,GATE3F_RETAINED_HEAVY_NODE,False,False,False,,,,,,,,,,,,,,,,,,
P:138,B,PARENT_HBN,PARENT,138,GATE3F_RETAINED_HEAVY_NODE,False,False,False,,,,,,,,,,,,,,,,,,
P:139,N,PARENT_HBN,PARENT,139,GATE3F_RETAINED_HEAVY_NODE,False,False,False,,,,,,,,,,,,,,,,,,
P:140,B,PARENT_HBN,PARENT,140,GATE3F_RETAINED_HEAVY_NODE,False,False,False,,,,,,,,,,,,,,,,,,
P:141,N,PARENT_HBN,PARENT,141,GATE3F_RETAINED_HEAVY_NODE,False,False,False,,,,,,,,,,,,,,,,,,
P:142,B,PARENT_HBN,PARENT,142,GATE3F_RETAINED_HEAVY_NODE,False,False,False,,,,,,,,,,,,,,,,,,
P:143,N,PARENT_HBN,PARENT,143,GATE3F_RETAINED_HEAVY_NODE,False,False,False,,,,,,,,,,,,,,,,,,
P:144,B,PARENT_HBN,PARENT,144,GATE3F_RETAINED_HEAVY_NODE,False,False,False,,,,,,,,,,,,,,,,,,
P:145,N,PARENT_HBN,PARENT,145,GATE3F_RETAINED_HEAVY_NODE,False,False,False,,,,,,,,,,,,,,,,,,
P:146,B,PARENT_HBN,PARENT,146,GATE3F_RETAINED_HEAVY_NODE,False,False,False,,,,,,,,,,,,,,,,,,
P:147,N,PARENT_HBN,PARENT,147,GATE3F_RETAINED_HEAVY_NODE,False,False,False,,,,,,,,,,,,,,,,,,
P:148,B,PARENT_HBN,PARENT,148,GATE3F_RETAINED_HEAVY_NODE,False,False,False,,,,,,,,,,,,,,,,,,
P:149,N,PARENT_HBN,PARENT,149,GATE3F_RETAINED_HEAVY_NODE,False,False,False,,,,,,,,,,,,,,,,,,
P:150,B,PARENT_HBN,PARENT,150,GATE3F_RETAINED_HEAVY_NODE,False,False,False,,,,,,,,,,,,,,,,,,
P:151,N,PARENT_HBN,PARENT,151,GATE3F_RETAINED_HEAVY_NODE,False,False,False,,,,,,,,,,,,,,,,,,
P:152,B,PARENT_HBN,PARENT,152,GATE3F_RETAINED_HEAVY_NODE,False,False,False,,,,,,,,,,,,,,,,,,
P:153,N,PARENT_HBN,PARENT,153,GATE3F_RETAINED_HEAVY_NODE,False,False,False,,,,,,,,,,,,,,,,,,
P:154,B,PARENT_HBN,PARENT,154,GATE3F_RETAINED_HEAVY_NODE,False,False,False,,,,,,,,,,,,,,,,,,
P:155,N,PARENT_HBN,PARENT,155,GATE3F_RETAINED_HEAVY_NODE,False,False,False,,,,,,,,,,,,,,,,,,
P:156,B,PARENT_HBN,PARENT,156,GATE3F_RETAINED_HEAVY_NODE,False,False,False,,,,,,,,,,,,,,,,,,
P:157,N,PARENT_HBN,PARENT,157,GATE3F_RETAINED_HEAVY_NODE,False,False,False,,,,,,,,,,,,,,,,,,
P:158,B,PARENT_HBN,PARENT,158,GATE3F_RETAINED_HEAVY_NODE,False,False,False,,,,,,,,,,,,,,,,,,
P:159,N,PARENT_HBN,PARENT,159,GATE3F_RETAINED_HEAVY_NODE,False,False,False,,,,,,,,,,,,,,,,,,
P:160,B,PARENT_HBN,PARENT,160,GATE3F_RETAINED_HEAVY_NODE,False,False,False,,,,,,,,,,,,,,,,,,
P:161,N,PARENT_HBN,PARENT,161,GATE3F_RETAINED_HEAVY_NODE,False,False,False,,,,,,,,,,,,,,,,,,
P:162,B,PARENT_HBN,PARENT,162,GATE3F_RETAINED_HEAVY_NODE,False,False,False,,,,,,,,,,,,,,,,,,
P:163,N,PARENT_HBN,PARENT,163,GATE3F_RETAINED_HEAVY_NODE,False,False,False,,,,,,,,,,,,,,,,,,
P:164,B,PARENT_HBN,PARENT,164,GATE3F_RETAINED_HEAVY_NODE,False,False,False,,,,,,,,,,,,,,,,,,
P:165,N,PARENT_HBN,PARENT,165,GATE3F_RETAINED_HEAVY_NODE,False,False,False,,,,,,,,,,,,,,,,,,
P:166,B,PARENT_HBN,PARENT,166,GATE3F_RETAINED_HEAVY_NODE,False,False,False,,,,,,,,,,,,,,,,,,
P:167,N,PARENT_HBN,PARENT,167,GATE3F_RETAINED_HEAVY_NODE,False,False,False,,,,,,,,,,,,,,,,,,
P:168,B,PARENT_HBN,PARENT,168,GATE3F_RETAINED_HEAVY_NODE,False,False,False,,,,,,,,,,,,,,,,,,
P:169,N,PARENT_HBN,PARENT,169,GATE3F_RETAINED_HEAVY_NODE,False,False,False,,,,,,,,,,,,,,,,,,
P:170,B,PARENT_HBN,PARENT,170,GATE3F_RETAINED_HEAVY_NODE,False,False,False,,,,,,,,,,,,,,,,,,
P:171,N,PARENT_HBN,PARENT,171,GATE3F_RETAINED_HEAVY_NODE,False,False,False,,,,,,,,,,,,,,,,,,
P:172,B,PARENT_HBN,PARENT,172,GATE3F_RETAINED_HEAVY_NODE,False,False,False,,,,,,,,,,,,,,,,,,
P:173,N,PARENT_HBN,PARENT,173,GATE3F_RETAINED_HEAVY_NODE,False,False,False,,,,,,,,,,,,,,,,,,
P:174,B,PARENT_HBN,PARENT,174,GATE3F_RETAINED_HEAVY_NODE,False,False,False,,,,,,,,,,,,,,,,,,
P:175,N,PARENT_HBN,PARENT,175,GATE3F_RETAINED_HEAVY_NODE,False,False,False,,,,,,,,,,,,,,,,,,
P:176,B,PARENT_HBN,PARENT,176,GATE3F_RETAINED_HEAVY_NODE,False,False,False,,,,,,,,,,,,,,,,,,
P:177,N,PARENT_HBN,PARENT,177,GATE3F_RETAINED_HEAVY_NODE,False,False,False,,,,,,,,,,,,,,,,,,
P:178,B,PARENT_HBN,PARENT,178,GATE3F_RETAINED_HEAVY_NODE,False,False,False,,,,,,,,,,,,,,,,,,
P:179,N,PARENT_HBN,PARENT,179,GATE3F_RETAINED_HEAVY_NODE,False,False,False,,,,,,,,,,,,,,,,,,
P:180,B,PARENT_HBN,PARENT,180,GATE3F_RETAINED_HEAVY_NODE,False,False,False,,,,,,,,,,,,,,,,,,
P:181,N,PARENT_HBN,PARENT,181,GATE3F_RETAINED_HEAVY_NODE,False,False,False,,,,,,,,,,,,,,,,,,
P:182,B,PARENT_HBN,PARENT,182,GATE3F_RETAINED_HEAVY_NODE,False,False,False,,,,,,,,,,,,,,,,,,
P:183,N,PARENT_HBN,PARENT,183,GATE3F_RETAINED_HEAVY_NODE,False,False,False,,,,,,,,,,,,,,,,,,
P:184,B,PARENT_HBN,PARENT,184,GATE3F_RETAINED_HEAVY_NODE,False,False,False,,,,,,,,,,,,,,,,,,
P:185,N,PARENT_HBN,PARENT,185,GATE3F_RETAINED_HEAVY_NODE,False,False,False,,,,,,,,,,,,,,,,,,
P:186,B,PARENT_HBN,PARENT,186,GATE3F_RETAINED_HEAVY_NODE,False,False,False,,,,,,,,,,,,,,,,,,
P:187,N,PARENT_HBN,PARENT,187,GATE3F_RETAINED_HEAVY_NODE,False,False,False,,,,,,,,,,,,,,,,,,
P:188,B,PARENT_HBN,PARENT,188,GATE3F_RETAINED_HEAVY_NODE,False,False,False,,,,,,,,,,,,,,,,,,
P:189,N,PARENT_HBN,PARENT,189,GATE3F_RETAINED_HEAVY_NODE,False,False,False,,,,,,,,,,,,,,,,,,
P:190,B,PARENT_HBN,PARENT,190,GATE3F_RETAINED_HEAVY_NODE,False,False,False,,,,,,,,,,,,,,,,,,
P:191,N,PARENT_HBN,PARENT,191,GATE3F_RETAINED_HEAVY_NODE,False,False,False,,,,,,,,,,,,,,,,,,
P:192,B,PARENT_HBN,PARENT,192,GATE3F_RETAINED_HEAVY_NODE,False,False,False,,,,,,,,,,,,,,,,,,
P:193,N,PARENT_HBN,PARENT,193,GATE3F_RETAINED_HEAVY_NODE,False,False,False,,,,,,,,,,,,,,,,,,
P:194,B,PARENT_HBN,PARENT,194,GATE3F_RETAINED_HEAVY_NODE,False,False,False,,,,,,,,,,,,,,,,,,
P:195,N,PARENT_HBN,PARENT,195,GATE3F_RETAINED_HEAVY_NODE,False,False,False,,,,,,,,,,,,,,,,,,
P:196,B,PARENT_HBN,PARENT,196,GATE3F_RETAINED_HEAVY_NODE,False,False,False,,,,,,,,,,,,,,,,,,
P:197,N,PARENT_HBN,PARENT,197,GATE3F_RETAINED_HEAVY_NODE,False,False,False,,,,,,,,,,,,,,,,,,
P:198,B,PARENT_HBN,PARENT,198,GATE3F_RETAINED_HEAVY_NODE,False,False,False,,,,,,,,,,,,,,,,,,
P:199,N,PARENT_HBN,PARENT,199,GATE3F_RETAINED_HEAVY_NODE,False,False,False,,,,,,,,,,,,,,,,,,
P:200,B,PARENT_HBN,PARENT,200,GATE3F_RETAINED_HEAVY_NODE,False,False,False,,,,,,,,,,,,,,,,,,
P:201,N,PARENT_HBN,PARENT,201,GATE3F_RETAINED_HEAVY_NODE,False,False,False,,,,,,,,,,,,,,,,,,
P:202,B,PARENT_HBN,PARENT,202,GATE3F_RETAINED_HEAVY_NODE,False,False,False,,,,,,,,,,,,,,,,,,
P:203,N,PARENT_HBN,PARENT,203,GATE3F_RETAINED_HEAVY_NODE,False,False,False,,,,,,,,,,,,,,,,,,
P:204,B,PARENT_HBN,PARENT,204,GATE3F_RETAINED_HEAVY_NODE,False,False,False,,,,,,,,,,,,,,,,,,
P:205,N,PARENT_HBN,PARENT,205,GATE3F_RETAINED_HEAVY_NODE,False,False,False,,,,,,,,,,,,,,,,,,
P:206,B,PARENT_HBN,PARENT,206,GATE3F_RETAINED_HEAVY_NODE,False,False,False,,,,,,,,,,,,,,,,,,
P:207,N,PARENT_HBN,PARENT,207,GATE3F_RETAINED_HEAVY_NODE,False,False,False,,,,,,,,,,,,,,,,,,
P:208,B,PARENT_HBN,PARENT,208,GATE3F_RETAINED_HEAVY_NODE,False,False,False,,,,,,,,,,,,,,,,,,
P:209,N,PARENT_HBN,PARENT,209,GATE3F_RETAINED_HEAVY_NODE,False,False,False,,,,,,,,,,,,,,,,,,
P:210,B,PARENT_HBN,PARENT,210,GATE3F_RETAINED_HEAVY_NODE,False,False,False,,,,,,,,,,,,,,,,,,
P:211,N,PARENT_HBN,PARENT,211,GATE3F_RETAINED_HEAVY_NODE,False,False,False,,,,,,,,,,,,,,,,,,
P:212,B,PARENT_HBN,PARENT,212,GATE3F_RETAINED_HEAVY_NODE,False,False,False,,,,,,,,,,,,,,,,,,
P:213,N,PARENT_HBN,PARENT,213,GATE3F_RETAINED_HEAVY_NODE,False,False,False,,,,,,,,,,,,,,,,,,
P:214,B,PARENT_HBN,PARENT,214,GATE3F_RETAINED_HEAVY_NODE,False,False,False,,,,,,,,,,,,,,,,,,
P:215,N,PARENT_HBN,PARENT,215,GATE3F_RETAINED_HEAVY_NODE,False,False,False,,,,,,,,,,,,,,,,,,
P:216,B,PARENT_HBN,PARENT,216,GATE3F_RETAINED_HEAVY_NODE,False,False,False,,,,,,,,,,,,,,,,,,
P:217,N,PARENT_HBN,PARENT,217,GATE3F_RETAINED_HEAVY_NODE,False,False,False,,,,,,,,,,,,,,,,,,
P:218,B,PARENT_HBN,PARENT,218,GATE3F_RETAINED_HEAVY_NODE,False,False,False,,,,,,,,,,,,,,,,,,
P:219,N,PARENT_HBN,PARENT,219,GATE3F_RETAINED_HEAVY_NODE,False,False,False,,,,,,,,,,,,,,,,,,
P:220,B,PARENT_HBN,PARENT,220,GATE3F_RETAINED_HEAVY_NODE,False,False,False,,,,,,,,,,,,,,,,,,
P:221,N,PARENT_HBN,PARENT,221,GATE3F_RETAINED_HEAVY_NODE,False,False,False,,,,,,,,,,,,,,,,,,
P:222,B,PARENT_HBN,PARENT,222,GATE3F_RETAINED_HEAVY_NODE,False,False,False,,,,,,,,,,,,,,,,,,
P:223,N,PARENT_HBN,PARENT,223,GATE3F_RETAINED_HEAVY_NODE,False,False,False,,,,,,,,,,,,,,,,,,
P:224,B,PARENT_HBN,PARENT,224,GATE3F_RETAINED_HEAVY_NODE,False,False,False,,,,,,,,,,,,,,,,,,
P:225,N,PARENT_HBN,PARENT,225,GATE3F_RETAINED_HEAVY_NODE,False,False,False,,,,,,,,,,,,,,,,,,
P:226,B,PARENT_HBN,PARENT,226,GATE3F_RETAINED_HEAVY_NODE,False,False,False,,,,,,,,,,,,,,,,,,
P:227,N,PARENT_HBN,PARENT,227,GATE3F_RETAINED_HEAVY_NODE,False,False,False,,,,,,,,,,,,,,,,,,
P:228,B,PARENT_HBN,PARENT,228,GATE3F_RETAINED_HEAVY_NODE,False,False,False,,,,,,,,,,,,,,,,,,
P:229,N,PARENT_HBN,PARENT,229,GATE3F_RETAINED_HEAVY_NODE,False,False,False,,,,,,,,,,,,,,,,,,
P:230,B,PARENT_HBN,PARENT,230,GATE3F_RETAINED_HEAVY_NODE,False,False,False,,,,,,,,,,,,,,,,,,
P:231,N,PARENT_HBN,PARENT,231,GATE3F_RETAINED_HEAVY_NODE,False,False,False,,,,,,,,,,,,,,,,,,
P:232,B,PARENT_HBN,PARENT,232,GATE3F_RETAINED_HEAVY_NODE,False,False,False,,,,,,,,,,,,,,,,,,
P:233,N,PARENT_HBN,PARENT,233,GATE3F_RETAINED_HEAVY_NODE,False,False,False,,,,,,,,,,,,,,,,,,
P:234,B,PARENT_HBN,PARENT,234,GATE3F_RETAINED_HEAVY_NODE,False,False,False,,,,,,,,,,,,,,,,,,
P:235,N,PARENT_HBN,PARENT,235,GATE3F_RETAINED_HEAVY_NODE,False,False,False,,,,,,,,,,,,,,,,,,
P:236,B,PARENT_HBN,PARENT,236,GATE3F_RETAINED_HEAVY_NODE,False,False,False,,,,,,,,,,,,,,,,,,
P:237,N,PARENT_HBN,PARENT,237,GATE3F_RETAINED_HEAVY_NODE,False,False,False,,,,,,,,,,,,,,,,,,
P:238,B,PARENT_HBN,PARENT,238,GATE3F_RETAINED_HEAVY_NODE,False,False,False,,,,,,,,,,,,,,,,,,
P:239,N,PARENT_HBN,PARENT,239,GATE3F_RETAINED_HEAVY_NODE,False,False,False,,,,,,,,,,,,,,,,,,
P:240,B,PARENT_HBN,PARENT,240,GATE3F_RETAINED_HEAVY_NODE,False,False,False,,,,,,,,,,,,,,,,,,
P:241,N,PARENT_HBN,PARENT,241,GATE3F_RETAINED_HEAVY_NODE,False,False,False,,,,,,,,,,,,,,,,,,
P:242,B,PARENT_HBN,PARENT,242,GATE3F_RETAINED_HEAVY_NODE,False,False,False,,,,,,,,,,,,,,,,,,
P:243,N,PARENT_HBN,PARENT,243,GATE3F_RETAINED_HEAVY_NODE,False,False,False,,,,,,,,,,,,,,,,,,
P:244,B,PARENT_HBN,PARENT,244,GATE3F_RETAINED_HEAVY_NODE,False,False,False,,,,,,,,,,,,,,,,,,
P:245,N,PARENT_HBN,PARENT,245,GATE3F_RETAINED_HEAVY_NODE,False,False,False,,,,,,,,,,,,,,,,,,
P:246,B,PARENT_HBN,PARENT,246,GATE3F_RETAINED_HEAVY_NODE,False,False,False,,,,,,,,,,,,,,,,,,
P:247,N,PARENT_HBN,PARENT,247,GATE3F_RETAINED_HEAVY_NODE,False,False,False,,,,,,,,,,,,,,,,,,
P:248,B,PARENT_HBN,PARENT,248,GATE3F_RETAINED_HEAVY_NODE,False,False,False,,,,,,,,,,,,,,,,,,
P:249,N,PARENT_HBN,PARENT,249,GATE3F_RETAINED_HEAVY_NODE,False,False,False,,,,,,,,,,,,,,,,,,
P:250,B,PARENT_HBN,PARENT,250,GATE3F_RETAINED_HEAVY_NODE,False,False,False,,,,,,,,,,,,,,,,,,
P:251,N,PARENT_HBN,PARENT,251,GATE3F_RETAINED_HEAVY_NODE,False,False,False,,,,,,,,,,,,,,,,,,
P:252,B,PARENT_HBN,PARENT,252,GATE3F_RETAINED_HEAVY_NODE,False,False,False,,,,,,,,,,,,,,,,,,
P:253,N,PARENT_HBN,PARENT,253,GATE3F_RETAINED_HEAVY_NODE,False,False,False,,,,,,,,,,,,,,,,,,
P:254,B,PARENT_HBN,PARENT,254,GATE3F_RETAINED_HEAVY_NODE,False,False,False,,,,,,,,,,,,,,,,,,
P:255,N,PARENT_HBN,PARENT,255,GATE3F_RETAINED_HEAVY_NODE,False,False,False,,,,,,,,,,,,,,,,,,
P:256,B,PARENT_HBN,PARENT,256,GATE3F_RETAINED_HEAVY_NODE,False,False,False,,,,,,,,,,,,,,,,,,
P:257,N,PARENT_HBN,PARENT,257,GATE3F_RETAINED_HEAVY_NODE,False,False,False,,,,,,,,,,,,,,,,,,
P:258,B,PARENT_HBN,PARENT,258,GATE3F_RETAINED_HEAVY_NODE,False,False,False,,,,,,,,,,,,,,,,,,
P:259,N,PARENT_HBN,PARENT,259,GATE3F_RETAINED_HEAVY_NODE,False,False,False,,,,,,,,,,,,,,,,,,
P:260,B,PARENT_HBN,PARENT,260,GATE3F_RETAINED_HEAVY_NODE,False,False,False,,,,,,,,,,,,,,,,,,
P:261,N,PARENT_HBN,PARENT,261,GATE3F_RETAINED_HEAVY_NODE,False,False,False,,,,,,,,,,,,,,,,,,
P:262,B,PARENT_HBN,PARENT,262,GATE3F_RETAINED_HEAVY_NODE,False,False,False,,,,,,,,,,,,,,,,,,
P:263,N,PARENT_HBN,PARENT,263,GATE3F_RETAINED_HEAVY_NODE,False,False,False,,,,,,,,,,,,,,,,,,
P:264,B,PARENT_HBN,PARENT,264,GATE3F_RETAINED_HEAVY_NODE,False,False,False,,,,,,,,,,,,,,,,,,
P:265,N,PARENT_HBN,PARENT,265,GATE3F_RETAINED_HEAVY_NODE,False,False,False,,,,,,,,,,,,,,,,,,
P:266,B,PARENT_HBN,PARENT,266,GATE3F_RETAINED_HEAVY_NODE,False,False,False,,,,,,,,,,,,,,,,,,
P:267,N,PARENT_HBN,PARENT,267,GATE3F_RETAINED_HEAVY_NODE,False,False,False,,,,,,,,,,,,,,,,,,
P:268,B,PARENT_HBN,PARENT,268,GATE3F_RETAINED_HEAVY_NODE,False,False,False,,,,,,,,,,,,,,,,,,
P:269,N,PARENT_HBN,PARENT,269,GATE3F_RETAINED_HEAVY_NODE,False,False,False,,,,,,,,,,,,,,,,,,
P:270,B,PARENT_HBN,PARENT,270,GATE3F_RETAINED_HEAVY_NODE,False,False,False,,,,,,,,,,,,,,,,,,
P:271,N,PARENT_HBN,PARENT,271,GATE3F_RETAINED_HEAVY_NODE,False,False,False,,,,,,,,,,,,,,,,,,
P:272,B,PARENT_HBN,PARENT,272,GATE3F_RETAINED_HEAVY_NODE,False,False,False,,,,,,,,,,,,,,,,,,
P:273,N,PARENT_HBN,PARENT,273,GATE3F_RETAINED_HEAVY_NODE,False,False,False,,,,,,,,,,,,,,,,,,
P:274,B,PARENT_HBN,PARENT,274,GATE3F_RETAINED_HEAVY_NODE,False,False,False,,,,,,,,,,,,,,,,,,
P:275,N,PARENT_HBN,PARENT,275,GATE3F_RETAINED_HEAVY_NODE,False,False,False,,,,,,,,,,,,,,,,,,
P:276,B,PARENT_HBN,PARENT,276,GATE3F_RETAINED_HEAVY_NODE,False,False,False,,,,,,,,,,,,,,,,,,
P:277,N,PARENT_HBN,PARENT,277,GATE3F_RETAINED_HEAVY_NODE,False,False,False,,,,,,,,,,,,,,,,,,
P:278,B,PARENT_HBN,PARENT,278,GATE3F_RETAINED_HEAVY_NODE,False,False,False,,,,,,,,,,,,,,,,,,
P:279,N,PARENT_HBN,PARENT,279,GATE3F_RETAINED_HEAVY_NODE,False,False,False,,,,,,,,,,,,,,,,,,
P:280,B,PARENT_HBN,PARENT,280,GATE3F_RETAINED_HEAVY_NODE,False,False,False,,,,,,,,,,,,,,,,,,
P:281,N,PARENT_HBN,PARENT,281,GATE3F_RETAINED_HEAVY_NODE,False,False,False,,,,,,,,,,,,,,,,,,
P:282,B,PARENT_HBN,PARENT,282,GATE3F_RETAINED_HEAVY_NODE,False,False,False,,,,,,,,,,,,,,,,,,
P:283,N,PARENT_HBN,PARENT,283,GATE3F_RETAINED_HEAVY_NODE,False,False,False,,,,,,,,,,,,,,,,,,
P:284,B,PARENT_HBN,PARENT,284,GATE3F_RETAINED_HEAVY_NODE,False,False,False,,,,,,,,,,,,,,,,,,
P:285,N,PARENT_HBN,PARENT,285,GATE3F_RETAINED_HEAVY_NODE,False,False,False,,,,,,,,,,,,,,,,,,
P:286,B,PARENT_HBN,PARENT,286,GATE3F_RETAINED_HEAVY_NODE,False,False,False,,,,,,,,,,,,,,,,,,
P:287,N,PARENT_HBN,PARENT,287,GATE3F_RETAINED_HEAVY_NODE,False,False,False,,,,,,,,,,,,,,,,,,
P:288,B,PARENT_HBN,PARENT,288,GATE3F_RETAINED_HEAVY_NODE,False,False,False,,,,,,,,,,,,,,,,,,
P:289,N,PARENT_HBN,PARENT,289,GATE3F_RETAINED_HEAVY_NODE,False,False,False,,,,,,,,,,,,,,,,,,
P:290,B,PARENT_HBN,PARENT,290,GATE3F_RETAINED_HEAVY_NODE,False,False,False,,,,,,,,,,,,,,,,,,
P:291,N,PARENT_HBN,PARENT,291,GATE3F_RETAINED_HEAVY_NODE,False,False,False,,,,,,,,,,,,,,,,,,
P:292,B,PARENT_HBN,PARENT,292,GATE3F_RETAINED_HEAVY_NODE,False,False,False,,,,,,,,,,,,,,,,,,
P:293,N,PARENT_HBN,PARENT,293,GATE3F_RETAINED_HEAVY_NODE,False,False,False,,,,,,,,,,,,,,,,,,
P:294,B,PARENT_HBN,PARENT,294,GATE3F_RETAINED_HEAVY_NODE,False,False,False,,,,,,,,,,,,,,,,,,
P:295,N,PARENT_HBN,PARENT,295,GATE3F_RETAINED_HEAVY_NODE,False,False,False,,,,,,,,,,,,,,,,,,
P:296,B,PARENT_HBN,PARENT,296,GATE3F_RETAINED_HEAVY_NODE,False,False,False,,,,,,,,,,,,,,,,,,
P:297,N,PARENT_HBN,PARENT,297,GATE3F_RETAINED_HEAVY_NODE,False,False,False,,,,,,,,,,,,,,,,,,
P:298,B,PARENT_HBN,PARENT,298,GATE3F_RETAINED_HEAVY_NODE,False,False,False,,,,,,,,,,,,,,,,,,
P:299,N,PARENT_HBN,PARENT,299,GATE3F_RETAINED_HEAVY_NODE,False,False,False,,,,,,,,,,,,,,,,,,
P:300,B,PARENT_HBN,PARENT,300,GATE3F_RETAINED_HEAVY_NODE,False,False,False,,,,,,,,,,,,,,,,,,
P:301,N,PARENT_HBN,PARENT,301,GATE3F_RETAINED_HEAVY_NODE,False,False,False,,,,,,,,,,,,,,,,,,
P:302,B,PARENT_HBN,PARENT,302,GATE3F_RETAINED_HEAVY_NODE,False,False,False,,,,,,,,,,,,,,,,,,
P:303,N,PARENT_HBN,PARENT,303,GATE3F_RETAINED_HEAVY_NODE,False,False,False,,,,,,,,,,,,,,,,,,
P:304,B,PARENT_HBN,PARENT,304,GATE3F_RETAINED_HEAVY_NODE,False,False,False,,,,,,,,,,,,,,,,,,
P:305,N,PARENT_HBN,PARENT,305,GATE3F_RETAINED_HEAVY_NODE,False,False,False,,,,,,,,,,,,,,,,,,
P:306,B,PARENT_HBN,PARENT,306,GATE3F_RETAINED_HEAVY_NODE,False,False,False,,,,,,,,,,,,,,,,,,
P:307,N,PARENT_HBN,PARENT,307,GATE3F_RETAINED_HEAVY_NODE,False,False,False,,,,,,,,,,,,,,,,,,
P:308,B,PARENT_HBN,PARENT,308,GATE3F_RETAINED_HEAVY_NODE,False,False,False,,,,,,,,,,,,,,,,,,
P:309,N,PARENT_HBN,PARENT,309,GATE3F_RETAINED_HEAVY_NODE,False,False,False,,,,,,,,,,,,,,,,,,
P:310,B,PARENT_HBN,PARENT,310,GATE3F_RETAINED_HEAVY_NODE,False,False,False,,,,,,,,,,,,,,,,,,
P:311,N,PARENT_HBN,PARENT,311,GATE3F_RETAINED_HEAVY_NODE,False,False,False,,,,,,,,,,,,,,,,,,
P:312,B,PARENT_HBN,PARENT,312,GATE3F_RETAINED_HEAVY_NODE,False,False,False,,,,,,,,,,,,,,,,,,
P:313,N,PARENT_HBN,PARENT,313,GATE3F_RETAINED_HEAVY_NODE,False,False,False,,,,,,,,,,,,,,,,,,
P:314,B,PARENT_HBN,PARENT,314,GATE3F_RETAINED_HEAVY_NODE,False,False,False,,,,,,,,,,,,,,,,,,
P:315,N,PARENT_HBN,PARENT,315,GATE3F_RETAINED_HEAVY_NODE,False,False,False,,,,,,,,,,,,,,,,,,
P:316,B,PARENT_HBN,PARENT,316,GATE3F_RETAINED_HEAVY_NODE,False,False,False,,,,,,,,,,,,,,,,,,
P:317,N,PARENT_HBN,PARENT,317,GATE3F_RETAINED_HEAVY_NODE,False,False,False,,,,,,,,,,,,,,,,,,
P:318,B,PARENT_HBN,PARENT,318,GATE3F_RETAINED_HEAVY_NODE,False,False,False,,,,,,,,,,,,,,,,,,
P:319,N,PARENT_HBN,PARENT,319,GATE3F_RETAINED_HEAVY_NODE,False,False,False,,,,,,,,,,,,,,,,,,
P:320,B,PARENT_HBN,PARENT,320,GATE3F_RETAINED_HEAVY_NODE,False,False,False,,,,,,,,,,,,,,,,,,
P:321,N,PARENT_HBN,PARENT,321,GATE3F_RETAINED_HEAVY_NODE,False,False,False,,,,,,,,,,,,,,,,,,
P:322,B,PARENT_HBN,PARENT,322,GATE3F_RETAINED_HEAVY_NODE,False,False,False,,,,,,,,,,,,,,,,,,
P:323,N,PARENT_HBN,PARENT,323,GATE3F_RETAINED_HEAVY_NODE,False,False,False,,,,,,,,,,,,,,,,,,
P:324,B,PARENT_HBN,PARENT,324,GATE3F_RETAINED_HEAVY_NODE,False,False,False,,,,,,,,,,,,,,,,,,
P:325,N,PARENT_HBN,PARENT,325,GATE3F_RETAINED_HEAVY_NODE,False,False,False,,,,,,,,,,,,,,,,,,
P:326,B,PARENT_HBN,PARENT,326,GATE3F_RETAINED_HEAVY_NODE,False,False,False,,,,,,,,,,,,,,,,,,
P:327,N,PARENT_HBN,PARENT,327,GATE3F_RETAINED_HEAVY_NODE,False,False,False,,,,,,,,,,,,,,,,,,
P:328,B,PARENT_HBN,PARENT,328,GATE3F_RETAINED_HEAVY_NODE,False,False,False,,,,,,,,,,,,,,,,,,
P:329,N,PARENT_HBN,PARENT,329,GATE3F_RETAINED_HEAVY_NODE,False,False,False,,,,,,,,,,,,,,,,,,
P:330,B,PARENT_HBN,PARENT,330,GATE3F_RETAINED_HEAVY_NODE,False,False,False,,,,,,,,,,,,,,,,,,
P:331,N,PARENT_HBN,PARENT,331,GATE3F_RETAINED_HEAVY_NODE,False,False,False,,,,,,,,,,,,,,,,,,
P:332,B,PARENT_HBN,PARENT,332,GATE3F_RETAINED_HEAVY_NODE,False,False,False,,,,,,,,,,,,,,,,,,
P:333,N,PARENT_HBN,PARENT,333,GATE3F_RETAINED_HEAVY_NODE,False,False,False,,,,,,,,,,,,,,,,,,
P:334,B,PARENT_HBN,PARENT,334,GATE3F_RETAINED_HEAVY_NODE,False,False,False,,,,,,,,,,,,,,,,,,
P:335,N,PARENT_HBN,PARENT,335,GATE3F_RETAINED_HEAVY_NODE,False,False,False,,,,,,,,,,,,,,,,,,
P:336,B,PARENT_HBN,PARENT,336,GATE3F_RETAINED_HEAVY_NODE,False,False,False,,,,,,,,,,,,,,,,,,
P:337,N,PARENT_HBN,PARENT,337,GATE3F_RETAINED_HEAVY_NODE,False,False,False,,,,,,,,,,,,,,,,,,
P:338,B,PARENT_HBN,PARENT,338,GATE3F_RETAINED_HEAVY_NODE,False,False,False,,,,,,,,,,,,,,,,,,
P:339,N,PARENT_HBN,PARENT,339,GATE3F_RETAINED_HEAVY_NODE,False,False,False,,,,,,,,,,,,,,,,,,
P:340,B,PARENT_HBN,PARENT,340,GATE3F_RETAINED_HEAVY_NODE,False,False,False,,,,,,,,,,,,,,,,,,
P:341,N,PARENT_HBN,PARENT,341,GATE3F_RETAINED_HEAVY_NODE,False,False,False,,,,,,,,,,,,,,,,,,
P:342,B,PARENT_HBN,PARENT,342,GATE3F_RETAINED_HEAVY_NODE,False,False,False,,,,,,,,,,,,,,,,,,
P:343,N,PARENT_HBN,PARENT,343,GATE3F_RETAINED_HEAVY_NODE,False,False,False,,,,,,,,,,,,,,,,,,
P:344,B,PARENT_HBN,PARENT,344,GATE3F_RETAINED_HEAVY_NODE,False,False,False,,,,,,,,,,,,,,,,,,
P:345,N,PARENT_HBN,PARENT,345,GATE3F_RETAINED_HEAVY_NODE,False,False,False,,,,,,,,,,,,,,,,,,
P:346,B,PARENT_HBN,PARENT,346,GATE3F_RETAINED_HEAVY_NODE,False,False,False,,,,,,,,,,,,,,,,,,
P:347,N,PARENT_HBN,PARENT,347,GATE3F_RETAINED_HEAVY_NODE,False,False,False,,,,,,,,,,,,,,,,,,
P:348,B,PARENT_HBN,PARENT,348,GATE3F_RETAINED_HEAVY_NODE,False,False,False,,,,,,,,,,,,,,,,,,
P:349,N,PARENT_HBN,PARENT,349,GATE3F_RETAINED_HEAVY_NODE,False,False,False,,,,,,,,,,,,,,,,,,
P:350,B,PARENT_HBN,PARENT,350,GATE3F_RETAINED_HEAVY_NODE,False,False,False,,,,,,,,,,,,,,,,,,
P:351,N,PARENT_HBN,PARENT,351,GATE3F_RETAINED_HEAVY_NODE,False,False,False,,,,,,,,,,,,,,,,,,
P:352,B,PARENT_HBN,PARENT,352,GATE3F_RETAINED_HEAVY_NODE,False,False,False,,,,,,,,,,,,,,,,,,
P:353,N,PARENT_HBN,PARENT,353,GATE3F_RETAINED_HEAVY_NODE,False,False,False,,,,,,,,,,,,,,,,,,
P:354,B,PARENT_HBN,PARENT,354,GATE3F_RETAINED_HEAVY_NODE,False,False,False,,,,,,,,,,,,,,,,,,
P:355,N,PARENT_HBN,PARENT,355,GATE3F_RETAINED_HEAVY_NODE,False,False,False,,,,,,,,,,,,,,,,,,
P:356,B,PARENT_HBN,PARENT,356,GATE3F_RETAINED_HEAVY_NODE,False,False,False,,,,,,,,,,,,,,,,,,
P:357,N,PARENT_HBN,PARENT,357,GATE3F_RETAINED_HEAVY_NODE,False,False,False,,,,,,,,,,,,,,,,,,
P:358,B,PARENT_HBN,PARENT,358,GATE3F_RETAINED_HEAVY_NODE,False,False,False,,,,,,,,,,,,,,,,,,
P:359,N,PARENT_HBN,PARENT,359,GATE3F_RETAINED_HEAVY_NODE,False,False,False,,,,,,,,,,,,,,,,,,
P:360,B,PARENT_HBN,PARENT,360,GATE3F_RETAINED_HEAVY_NODE,False,False,False,,,,,,,,,,,,,,,,,,
P:361,N,PARENT_HBN,PARENT,361,GATE3F_RETAINED_HEAVY_NODE,False,False,False,,,,,,,,,,,,,,,,,,
P:362,B,PARENT_HBN,PARENT,362,GATE3F_RETAINED_HEAVY_NODE,False,False,False,,,,,,,,,,,,,,,,,,
P:363,N,PARENT_HBN,PARENT,363,GATE3F_RETAINED_HEAVY_NODE,False,False,False,,,,,,,,,,,,,,,,,,
P:364,B,PARENT_HBN,PARENT,364,GATE3F_RETAINED_HEAVY_NODE,False,False,False,,,,,,,,,,,,,,,,,,
P:365,N,PARENT_HBN,PARENT,365,GATE3F_RETAINED_HEAVY_NODE,False,False,False,,,,,,,,,,,,,,,,,,
P:366,B,PARENT_HBN,PARENT,366,GATE3F_RETAINED_HEAVY_NODE,False,False,False,,,,,,,,,,,,,,,,,,
P:367,N,PARENT_HBN,PARENT,367,GATE3F_RETAINED_HEAVY_NODE,False,False,False,,,,,,,,,,,,,,,,,,
P:368,B,PARENT_HBN,PARENT,368,GATE3F_RETAINED_HEAVY_NODE,False,False,False,,,,,,,,,,,,,,,,,,
P:369,N,PARENT_HBN,PARENT,369,GATE3F_RETAINED_HEAVY_NODE,False,False,False,,,,,,,,,,,,,,,,,,
P:370,B,PARENT_HBN,PARENT,370,GATE3F_RETAINED_HEAVY_NODE,False,False,False,,,,,,,,,,,,,,,,,,
P:371,N,PARENT_HBN,PARENT,371,GATE3F_RETAINED_HEAVY_NODE,False,False,False,,,,,,,,,,,,,,,,,,
P:372,B,PARENT_HBN,PARENT,372,GATE3F_RETAINED_HEAVY_NODE,False,False,False,,,,,,,,,,,,,,,,,,
P:373,N,PARENT_HBN,PARENT,373,GATE3F_RETAINED_HEAVY_NODE,False,False,False,,,,,,,,,,,,,,,,,,
P:374,B,PARENT_HBN,PARENT,374,GATE3F_RETAINED_HEAVY_NODE,False,False,False,,,,,,,,,,,,,,,,,,
P:375,N,PARENT_HBN,PARENT,375,GATE3F_RETAINED_HEAVY_NODE,False,False,False,,,,,,,,,,,,,,,,,,
P:376,B,PARENT_HBN,PARENT,376,GATE3F_RETAINED_HEAVY_NODE,False,False,False,,,,,,,,,,,,,,,,,,
P:377,N,PARENT_HBN,PARENT,377,GATE3F_RETAINED_HEAVY_NODE,False,False,False,,,,,,,,,,,,,,,,,,
P:378,B,PARENT_HBN,PARENT,378,GATE3F_RETAINED_HEAVY_NODE,False,False,False,,,,,,,,,,,,,,,,,,
P:379,N,PARENT_HBN,PARENT,379,GATE3F_RETAINED_HEAVY_NODE,False,False,False,,,,,,,,,,,,,,,,,,
P:380,B,PARENT_HBN,PARENT,380,GATE3F_RETAINED_HEAVY_NODE,False,False,False,,,,,,,,,,,,,,,,,,
P:381,N,PARENT_HBN,PARENT,381,GATE3F_RETAINED_HEAVY_NODE,False,False,False,,,,,,,,,,,,,,,,,,
P:382,B,PARENT_HBN,PARENT,382,GATE3F_RETAINED_HEAVY_NODE,False,False,False,,,,,,,,,,,,,,,,,,
P:383,N,PARENT_HBN,PARENT,383,GATE3F_RETAINED_HEAVY_NODE,False,False,False,,,,,,,,,,,,,,,,,,
P:384,B,PARENT_HBN,PARENT,384,GATE3F_RETAINED_HEAVY_NODE,False,False,False,,,,,,,,,,,,,,,,,,
P:385,N,PARENT_HBN,PARENT,385,GATE3F_RETAINED_HEAVY_NODE,False,False,False,,,,,,,,,,,,,,,,,,
P:386,B,PARENT_HBN,PARENT,386,GATE3F_RETAINED_HEAVY_NODE,False,False,False,,,,,,,,,,,,,,,,,,
P:387,N,PARENT_HBN,PARENT,387,GATE3F_RETAINED_HEAVY_NODE,False,False,False,,,,,,,,,,,,,,,,,,
P:388,B,PARENT_HBN,PARENT,388,GATE3F_RETAINED_HEAVY_NODE,False,False,False,,,,,,,,,,,,,,,,,,
P:389,N,PARENT_HBN,PARENT,389,GATE3F_RETAINED_HEAVY_NODE,False,False,False,,,,,,,,,,,,,,,,,,
P:390,B,PARENT_HBN,PARENT,390,GATE3F_RETAINED_HEAVY_NODE,False,False,False,,,,,,,,,,,,,,,,,,
P:391,N,PARENT_HBN,PARENT,391,GATE3F_RETAINED_HEAVY_NODE,False,False,False,,,,,,,,,,,,,,,,,,
P:392,B,PARENT_HBN,PARENT,392,GATE3F_RETAINED_HEAVY_NODE,False,False,False,,,,,,,,,,,,,,,,,,
P:393,N,PARENT_HBN,PARENT,393,GATE3F_RETAINED_HEAVY_NODE,False,False,False,,,,,,,,,,,,,,,,,,
P:394,B,PARENT_HBN,PARENT,394,GATE3F_RETAINED_HEAVY_NODE,False,False,False,,,,,,,,,,,,,,,,,,
P:395,N,PARENT_HBN,PARENT,395,GATE3F_RETAINED_HEAVY_NODE,False,False,False,,,,,,,,,,,,,,,,,,
P:396,B,PARENT_HBN,PARENT,396,GATE3F_RETAINED_HEAVY_NODE,False,False,False,,,,,,,,,,,,,,,,,,
P:397,N,PARENT_HBN,PARENT,397,GATE3F_RETAINED_HEAVY_NODE,False,False,False,,,,,,,,,,,,,,,,,,
P:398,B,PARENT_HBN,PARENT,398,GATE3F_RETAINED_HEAVY_NODE,False,False,False,,,,,,,,,,,,,,,,,,
P:399,N,PARENT_HBN,PARENT,399,GATE3F_RETAINED_HEAVY_NODE,False,False,False,,,,,,,,,,,,,,,,,,
P:400,B,PARENT_HBN,PARENT,400,GATE3F_RETAINED_HEAVY_NODE,False,False,False,,,,,,,,,,,,,,,,,,
P:401,N,PARENT_HBN,PARENT,401,GATE3F_RETAINED_HEAVY_NODE,False,False,False,,,,,,,,,,,,,,,,,,
P:402,B,PARENT_HBN,PARENT,402,GATE3F_RETAINED_HEAVY_NODE,False,False,False,,,,,,,,,,,,,,,,,,
P:403,N,PARENT_HBN,PARENT,403,GATE3F_RETAINED_HEAVY_NODE,False,False,False,,,,,,,,,,,,,,,,,,
P:404,B,PARENT_HBN,PARENT,404,GATE3F_RETAINED_HEAVY_NODE,False,False,False,,,,,,,,,,,,,,,,,,
P:405,N,PARENT_HBN,PARENT,405,GATE3F_RETAINED_HEAVY_NODE,False,False,False,,,,,,,,,,,,,,,,,,
P:406,B,PARENT_HBN,PARENT,406,GATE3F_RETAINED_HEAVY_NODE,False,False,False,,,,,,,,,,,,,,,,,,
P:407,N,PARENT_HBN,PARENT,407,GATE3F_RETAINED_HEAVY_NODE,False,False,False,,,,,,,,,,,,,,,,,,
P:408,B,PARENT_HBN,PARENT,408,GATE3F_RETAINED_HEAVY_NODE,False,False,False,,,,,,,,,,,,,,,,,,
P:409,N,PARENT_HBN,PARENT,409,GATE3F_RETAINED_HEAVY_NODE,False,False,False,,,,,,,,,,,,,,,,,,
P:410,B,PARENT_HBN,PARENT,410,GATE3F_RETAINED_HEAVY_NODE,False,False,False,,,,,,,,,,,,,,,,,,
P:411,N,PARENT_HBN,PARENT,411,GATE3F_RETAINED_HEAVY_NODE,False,False,False,,,,,,,,,,,,,,,,,,
P:412,B,PARENT_HBN,PARENT,412,GATE3F_RETAINED_HEAVY_NODE,False,False,False,,,,,,,,,,,,,,,,,,
P:413,N,PARENT_HBN,PARENT,413,GATE3F_RETAINED_HEAVY_NODE,False,False,False,,,,,,,,,,,,,,,,,,
P:414,B,PARENT_HBN,PARENT,414,GATE3F_RETAINED_HEAVY_NODE,False,False,False,,,,,,,,,,,,,,,,,,
P:415,N,PARENT_HBN,PARENT,415,GATE3F_RETAINED_HEAVY_NODE,False,False,False,,,,,,,,,,,,,,,,,,
P:416,B,PARENT_HBN,PARENT,416,GATE3F_RETAINED_HEAVY_NODE,False,False,False,,,,,,,,,,,,,,,,,,
P:417,N,PARENT_HBN,PARENT,417,GATE3F_RETAINED_HEAVY_NODE,False,False,False,,,,,,,,,,,,,,,,,,
P:418,B,PARENT_HBN,PARENT,418,GATE3F_RETAINED_HEAVY_NODE,False,False,False,,,,,,,,,,,,,,,,,,
P:419,N,PARENT_HBN,PARENT,419,GATE3F_RETAINED_HEAVY_NODE,False,False,False,,,,,,,,,,,,,,,,,,
P:420,B,PARENT_HBN,PARENT,420,GATE3F_RETAINED_HEAVY_NODE,False,False,False,,,,,,,,,,,,,,,,,,
P:421,N,PARENT_HBN,PARENT,421,GATE3F_RETAINED_HEAVY_NODE,False,False,False,,,,,,,,,,,,,,,,,,
P:422,B,PARENT_HBN,PARENT,422,GATE3F_RETAINED_HEAVY_NODE,False,False,False,,,,,,,,,,,,,,,,,,
P:423,N,PARENT_HBN,PARENT,423,GATE3F_RETAINED_HEAVY_NODE,False,False,False,,,,,,,,,,,,,,,,,,
P:424,B,PARENT_HBN,PARENT,424,GATE3F_RETAINED_HEAVY_NODE,False,False,False,,,,,,,,,,,,,,,,,,
P:425,N,PARENT_HBN,PARENT,425,GATE3F_RETAINED_HEAVY_NODE,False,False,False,,,,,,,,,,,,,,,,,,
P:426,B,PARENT_HBN,PARENT,426,GATE3F_RETAINED_HEAVY_NODE,False,False,False,,,,,,,,,,,,,,,,,,
P:427,N,PARENT_HBN,PARENT,427,GATE3F_RETAINED_HEAVY_NODE,False,False,False,,,,,,,,,,,,,,,,,,
P:428,B,PARENT_HBN,PARENT,428,GATE3F_RETAINED_HEAVY_NODE,False,False,False,,,,,,,,,,,,,,,,,,
P:429,N,PARENT_HBN,PARENT,429,GATE3F_RETAINED_HEAVY_NODE,False,False,False,,,,,,,,,,,,,,,,,,
P:430,B,PARENT_HBN,PARENT,430,GATE3F_RETAINED_HEAVY_NODE,False,False,False,,,,,,,,,,,,,,,,,,
P:431,N,PARENT_HBN,PARENT,431,GATE3F_RETAINED_HEAVY_NODE,False,False,False,,,,,,,,,,,,,,,,,,
P:432,B,PARENT_HBN,PARENT,432,GATE3F_RETAINED_HEAVY_NODE,False,False,False,,,,,,,,,,,,,,,,,,
P:433,N,PARENT_HBN,PARENT,433,GATE3F_RETAINED_HEAVY_NODE,False,False,False,,,,,,,,,,,,,,,,,,
P:434,B,PARENT_HBN,PARENT,434,GATE3F_RETAINED_HEAVY_NODE,False,False,False,,,,,,,,,,,,,,,,,,
P:435,N,PARENT_HBN,PARENT,435,GATE3F_RETAINED_HEAVY_NODE,False,False,False,,,,,,,,,,,,,,,,,,
P:436,B,PARENT_HBN,PARENT,436,GATE3F_RETAINED_HEAVY_NODE,False,False,False,,,,,,,,,,,,,,,,,,
P:437,N,PARENT_HBN,PARENT,437,GATE3F_RETAINED_HEAVY_NODE,False,False,False,,,,,,,,,,,,,,,,,,
P:438,B,PARENT_HBN,PARENT,438,GATE3F_RETAINED_HEAVY_NODE,False,False,False,,,,,,,,,,,,,,,,,,
P:439,N,PARENT_HBN,PARENT,439,GATE3F_RETAINED_HEAVY_NODE,False,False,False,,,,,,,,,,,,,,,,,,
P:440,B,PARENT_HBN,PARENT,440,GATE3F_RETAINED_HEAVY_NODE,False,False,False,,,,,,,,,,,,,,,,,,
P:441,N,PARENT_HBN,PARENT,441,GATE3F_RETAINED_HEAVY_NODE,False,False,False,,,,,,,,,,,,,,,,,,
P:442,B,PARENT_HBN,PARENT,442,GATE3F_RETAINED_HEAVY_NODE,False,False,False,,,,,,,,,,,,,,,,,,
P:443,N,PARENT_HBN,PARENT,443,GATE3F_RETAINED_HEAVY_NODE,False,False,False,,,,,,,,,,,,,,,,,,
P:444,B,PARENT_HBN,PARENT,444,GATE3F_RETAINED_HEAVY_NODE,False,False,False,,,,,,,,,,,,,,,,,,
P:445,N,PARENT_HBN,PARENT,445,GATE3F_RETAINED_HEAVY_NODE,False,False,False,,,,,,,,,,,,,,,,,,
P:446,B,PARENT_HBN,PARENT,446,GATE3F_RETAINED_HEAVY_NODE,False,False,False,,,,,,,,,,,,,,,,,,
P:447,N,PARENT_HBN,PARENT,447,GATE3F_RETAINED_HEAVY_NODE,False,False,False,,,,,,,,,,,,,,,,,,
P:448,B,PARENT_HBN,PARENT,448,GATE3F_RETAINED_HEAVY_NODE,False,False,False,,,,,,,,,,,,,,,,,,
P:449,N,PARENT_HBN,PARENT,449,GATE3F_RETAINED_HEAVY_NODE,False,False,False,,,,,,,,,,,,,,,,,,
P:450,B,PARENT_HBN,PARENT,450,GATE3F_RETAINED_HEAVY_NODE,False,False,False,,,,,,,,,,,,,,,,,,
P:451,N,PARENT_HBN,PARENT,451,GATE3F_RETAINED_HEAVY_NODE,False,False,False,,,,,,,,,,,,,,,,,,
P:452,B,PARENT_HBN,PARENT,452,GATE3F_RETAINED_HEAVY_NODE,False,False,False,,,,,,,,,,,,,,,,,,
P:453,N,PARENT_HBN,PARENT,453,GATE3F_RETAINED_HEAVY_NODE,False,False,False,,,,,,,,,,,,,,,,,,
P:454,B,PARENT_HBN,PARENT,454,GATE3F_RETAINED_HEAVY_NODE,False,False,False,,,,,,,,,,,,,,,,,,
P:455,N,PARENT_HBN,PARENT,455,GATE3F_RETAINED_HEAVY_NODE,False,False,False,,,,,,,,,,,,,,,,,,
P:456,B,PARENT_HBN,PARENT,456,GATE3F_RETAINED_HEAVY_NODE,False,False,False,,,,,,,,,,,,,,,,,,
P:457,N,PARENT_HBN,PARENT,457,GATE3F_RETAINED_HEAVY_NODE,False,False,False,,,,,,,,,,,,,,,,,,
P:458,B,PARENT_HBN,PARENT,458,GATE3F_RETAINED_HEAVY_NODE,False,False,False,,,,,,,,,,,,,,,,,,
P:459,N,PARENT_HBN,PARENT,459,GATE3F_RETAINED_HEAVY_NODE,False,False,False,,,,,,,,,,,,,,,,,,
P:460,B,PARENT_HBN,PARENT,460,GATE3F_RETAINED_HEAVY_NODE,False,False,False,,,,,,,,,,,,,,,,,,
P:461,N,PARENT_HBN,PARENT,461,GATE3F_RETAINED_HEAVY_NODE,False,False,False,,,,,,,,,,,,,,,,,,
P:462,B,PARENT_HBN,PARENT,462,GATE3F_RETAINED_HEAVY_NODE,False,False,False,,,,,,,,,,,,,,,,,,
P:463,N,PARENT_HBN,PARENT,463,GATE3F_RETAINED_HEAVY_NODE,False,False,False,,,,,,,,,,,,,,,,,,
P:464,B,PARENT_HBN,PARENT,464,GATE3F_RETAINED_HEAVY_NODE,False,False,False,,,,,,,,,,,,,,,,,,
P:465,N,PARENT_HBN,PARENT,465,GATE3F_RETAINED_HEAVY_NODE,False,False,False,,,,,,,,,,,,,,,,,,
P:466,B,PARENT_HBN,PARENT,466,GATE3F_RETAINED_HEAVY_NODE,False,False,False,,,,,,,,,,,,,,,,,,
P:467,N,PARENT_HBN,PARENT,467,GATE3F_RETAINED_HEAVY_NODE,False,False,False,,,,,,,,,,,,,,,,,,
P:468,B,PARENT_HBN,PARENT,468,GATE3F_RETAINED_HEAVY_NODE,False,False,False,,,,,,,,,,,,,,,,,,
P:469,N,PARENT_HBN,PARENT,469,GATE3F_RETAINED_HEAVY_NODE,False,False,False,,,,,,,,,,,,,,,,,,
P:470,B,PARENT_HBN,PARENT,470,GATE3F_RETAINED_HEAVY_NODE,False,False,False,,,,,,,,,,,,,,,,,,
P:471,N,PARENT_HBN,PARENT,471,GATE3F_RETAINED_HEAVY_NODE,False,False,False,,,,,,,,,,,,,,,,,,
P:472,B,PARENT_HBN,PARENT,472,GATE3F_RETAINED_HEAVY_NODE,False,False,False,,,,,,,,,,,,,,,,,,
P:473,N,PARENT_HBN,PARENT,473,GATE3F_RETAINED_HEAVY_NODE,False,False,False,,,,,,,,,,,,,,,,,,
P:474,B,PARENT_HBN,PARENT,474,GATE3F_RETAINED_HEAVY_NODE,False,False,False,,,,,,,,,,,,,,,,,,
P:475,N,PARENT_HBN,PARENT,475,GATE3F_RETAINED_HEAVY_NODE,False,False,False,,,,,,,,,,,,,,,,,,
P:476,B,PARENT_HBN,PARENT,476,GATE3F_RETAINED_HEAVY_NODE,False,False,False,,,,,,,,,,,,,,,,,,
P:477,N,PARENT_HBN,PARENT,477,GATE3F_RETAINED_HEAVY_NODE,False,False,False,,,,,,,,,,,,,,,,,,
P:478,B,PARENT_HBN,PARENT,478,GATE3F_RETAINED_HEAVY_NODE,False,False,False,,,,,,,,,,,,,,,,,,
P:479,N,PARENT_HBN,PARENT,479,GATE3F_RETAINED_HEAVY_NODE,False,False,False,,,,,,,,,,,,,,,,,,
P:480,B,PARENT_HBN,PARENT,480,GATE3F_RETAINED_HEAVY_NODE,False,False,False,,,,,,,,,,,,,,,,,,
P:481,N,PARENT_HBN,PARENT,481,GATE3F_RETAINED_HEAVY_NODE,False,False,False,,,,,,,,,,,,,,,,,,
P:482,B,PARENT_HBN,PARENT,482,GATE3F_RETAINED_HEAVY_NODE,False,False,False,,,,,,,,,,,,,,,,,,
P:483,N,PARENT_HBN,PARENT,483,GATE3F_RETAINED_HEAVY_NODE,False,False,False,,,,,,,,,,,,,,,,,,
P:484,B,PARENT_HBN,PARENT,484,GATE3F_RETAINED_HEAVY_NODE,False,False,False,,,,,,,,,,,,,,,,,,
P:485,N,PARENT_HBN,PARENT,485,GATE3F_RETAINED_HEAVY_NODE,False,False,False,,,,,,,,,,,,,,,,,,
P:486,B,PARENT_HBN,PARENT,486,GATE3F_RETAINED_HEAVY_NODE,False,False,False,,,,,,,,,,,,,,,,,,
P:487,N,PARENT_HBN,PARENT,487,GATE3F_RETAINED_HEAVY_NODE,False,False,False,,,,,,,,,,,,,,,,,,
P:488,B,PARENT_HBN,PARENT,488,GATE3F_RETAINED_HEAVY_NODE,False,False,False,,,,,,,,,,,,,,,,,,
P:489,N,PARENT_HBN,PARENT,489,GATE3F_RETAINED_HEAVY_NODE,False,False,False,,,,,,,,,,,,,,,,,,
P:490,B,PARENT_HBN,PARENT,490,GATE3F_RETAINED_HEAVY_NODE,False,False,False,,,,,,,,,,,,,,,,,,
P:491,N,PARENT_HBN,PARENT,491,GATE3F_RETAINED_HEAVY_NODE,False,False,False,,,,,,,,,,,,,,,,,,
P:492,B,PARENT_HBN,PARENT,492,GATE3F_RETAINED_HEAVY_NODE,False,False,False,,,,,,,,,,,,,,,,,,
P:493,N,PARENT_HBN,PARENT,493,GATE3F_RETAINED_HEAVY_NODE,False,False,False,,,,,,,,,,,,,,,,,,
P:494,B,PARENT_HBN,PARENT,494,GATE3F_RETAINED_HEAVY_NODE,False,False,False,,,,,,,,,,,,,,,,,,
P:495,N,PARENT_HBN,PARENT,495,GATE3F_RETAINED_HEAVY_NODE,False,False,False,,,,,,,,,,,,,,,,,,
P:496,B,PARENT_HBN,PARENT,496,GATE3F_RETAINED_HEAVY_NODE,False,False,False,,,,,,,,,,,,,,,,,,
P:497,N,PARENT_HBN,PARENT,497,GATE3F_RETAINED_HEAVY_NODE,False,False,False,,,,,,,,,,,,,,,,,,
P:498,B,PARENT_HBN,PARENT,498,GATE3F_RETAINED_HEAVY_NODE,False,False,False,,,,,,,,,,,,,,,,,,
P:499,N,PARENT_HBN,PARENT,499,GATE3F_RETAINED_HEAVY_NODE,False,False,False,,,,,,,,,,,,,,,,,,
P:500,B,PARENT_HBN,PARENT,500,GATE3F_RETAINED_HEAVY_NODE,False,False,False,,,,,,,,,,,,,,,,,,
P:501,N,PARENT_HBN,PARENT,501,GATE3F_RETAINED_HEAVY_NODE,False,False,False,,,,,,,,,,,,,,,,,,
P:502,B,PARENT_HBN,PARENT,502,GATE3F_RETAINED_HEAVY_NODE,False,False,False,,,,,,,,,,,,,,,,,,
P:503,N,PARENT_HBN,PARENT,503,GATE3F_RETAINED_HEAVY_NODE,False,False,False,,,,,,,,,,,,,,,,,,
P:504,B,PARENT_HBN,PARENT,504,GATE3F_RETAINED_HEAVY_NODE,False,False,False,,,,,,,,,,,,,,,,,,
P:505,N,PARENT_HBN,PARENT,505,GATE3F_RETAINED_HEAVY_NODE,False,False,False,,,,,,,,,,,,,,,,,,
P:506,B,PARENT_HBN,PARENT,506,GATE3F_RETAINED_HEAVY_NODE,False,False,False,,,,,,,,,,,,,,,,,,
P:507,N,PARENT_HBN,PARENT,507,GATE3F_RETAINED_HEAVY_NODE,False,False,False,,,,,,,,,,,,,,,,,,
P:508,B,PARENT_HBN,PARENT,508,GATE3F_RETAINED_HEAVY_NODE,False,False,False,,,,,,,,,,,,,,,,,,
P:509,N,PARENT_HBN,PARENT,509,GATE3F_RETAINED_HEAVY_NODE,False,False,False,,,,,,,,,,,,,,,,,,
P:510,B,PARENT_HBN,PARENT,510,GATE3F_RETAINED_HEAVY_NODE,False,False,False,,,,,,,,,,,,,,,,,,
P:511,N,PARENT_HBN,PARENT,511,GATE3F_RETAINED_HEAVY_NODE,False,False,False,,,,,,,,,,,,,,,,,,
P:512,B,PARENT_HBN,PARENT,512,GATE3F_RETAINED_HEAVY_NODE,False,False,False,,,,,,,,,,,,,,,,,,
P:513,N,PARENT_HBN,PARENT,513,GATE3F_RETAINED_HEAVY_NODE,False,False,False,,,,,,,,,,,,,,,,,,
P:514,B,PARENT_HBN,PARENT,514,GATE3F_RETAINED_HEAVY_NODE,False,False,False,,,,,,,,,,,,,,,,,,
P:515,N,PARENT_HBN,PARENT,515,GATE3F_RETAINED_HEAVY_NODE,False,False,False,,,,,,,,,,,,,,,,,,
P:516,B,PARENT_HBN,PARENT,516,GATE3F_RETAINED_HEAVY_NODE,False,False,False,,,,,,,,,,,,,,,,,,
P:517,N,PARENT_HBN,PARENT,517,GATE3F_RETAINED_HEAVY_NODE,False,False,False,,,,,,,,,,,,,,,,,,
P:518,B,PARENT_HBN,PARENT,518,GATE3F_RETAINED_HEAVY_NODE,False,False,False,,,,,,,,,,,,,,,,,,
P:519,N,PARENT_HBN,PARENT,519,GATE3F_RETAINED_HEAVY_NODE,False,False,False,,,,,,,,,,,,,,,,,,
P:520,B,PARENT_HBN,PARENT,520,GATE3F_RETAINED_HEAVY_NODE,False,False,False,,,,,,,,,,,,,,,,,,
P:521,N,PARENT_HBN,PARENT,521,GATE3F_RETAINED_HEAVY_NODE,False,False,False,,,,,,,,,,,,,,,,,,
P:522,B,PARENT_HBN,PARENT,522,GATE3F_RETAINED_HEAVY_NODE,False,False,False,,,,,,,,,,,,,,,,,,
P:523,N,PARENT_HBN,PARENT,523,GATE3F_RETAINED_HEAVY_NODE,False,False,False,,,,,,,,,,,,,,,,,,
P:524,B,PARENT_HBN,PARENT,524,GATE3F_RETAINED_HEAVY_NODE,False,False,False,,,,,,,,,,,,,,,,,,
P:525,N,PARENT_HBN,PARENT,525,GATE3F_RETAINED_HEAVY_NODE,False,False,False,,,,,,,,,,,,,,,,,,
P:526,B,PARENT_HBN,PARENT,526,GATE3F_RETAINED_HEAVY_NODE,False,False,False,,,,,,,,,,,,,,,,,,
P:527,N,PARENT_HBN,PARENT,527,GATE3F_RETAINED_HEAVY_NODE,False,False,False,,,,,,,,,,,,,,,,,,
P:528,B,PARENT_HBN,PARENT,528,GATE3F_RETAINED_HEAVY_NODE,False,False,False,,,,,,,,,,,,,,,,,,
P:529,N,PARENT_HBN,PARENT,529,GATE3F_RETAINED_HEAVY_NODE,False,False,False,,,,,,,,,,,,,,,,,,
P:530,B,PARENT_HBN,PARENT,530,GATE3F_RETAINED_HEAVY_NODE,False,False,False,,,,,,,,,,,,,,,,,,
P:531,N,PARENT_HBN,PARENT,531,GATE3F_RETAINED_HEAVY_NODE,False,False,False,,,,,,,,,,,,,,,,,,
P:532,B,PARENT_HBN,PARENT,532,GATE3F_RETAINED_HEAVY_NODE,False,False,False,,,,,,,,,,,,,,,,,,
P:533,N,PARENT_HBN,PARENT,533,GATE3F_RETAINED_HEAVY_NODE,False,False,False,,,,,,,,,,,,,,,,,,
P:534,B,PARENT_HBN,PARENT,534,GATE3F_RETAINED_HEAVY_NODE,False,False,False,,,,,,,,,,,,,,,,,,
P:535,N,PARENT_HBN,PARENT,535,GATE3F_RETAINED_HEAVY_NODE,False,False,False,,,,,,,,,,,,,,,,,,
P:536,B,PARENT_HBN,PARENT,536,GATE3F_RETAINED_HEAVY_NODE,False,False,False,,,,,,,,,,,,,,,,,,
P:537,N,PARENT_HBN,PARENT,537,GATE3F_RETAINED_HEAVY_NODE,False,False,False,,,,,,,,,,,,,,,,,,
P:538,B,PARENT_HBN,PARENT,538,GATE3F_RETAINED_HEAVY_NODE,False,False,False,,,,,,,,,,,,,,,,,,
P:539,N,PARENT_HBN,PARENT,539,GATE3F_RETAINED_HEAVY_NODE,False,False,False,,,,,,,,,,,,,,,,,,
P:540,B,PARENT_HBN,PARENT,540,GATE3F_RETAINED_HEAVY_NODE,False,False,False,,,,,,,,,,,,,,,,,,
P:541,N,PARENT_HBN,PARENT,541,GATE3F_RETAINED_HEAVY_NODE,False,False,False,,,,,,,,,,,,,,,,,,
P:542,B,PARENT_HBN,PARENT,542,GATE3F_RETAINED_HEAVY_NODE,False,False,False,,,,,,,,,,,,,,,,,,
P:543,N,PARENT_HBN,PARENT,543,GATE3F_RETAINED_HEAVY_NODE,False,False,False,,,,,,,,,,,,,,,,,,
P:544,B,PARENT_HBN,PARENT,544,GATE3F_RETAINED_HEAVY_NODE,False,False,False,,,,,,,,,,,,,,,,,,
P:545,N,PARENT_HBN,PARENT,545,GATE3F_RETAINED_HEAVY_NODE,False,False,False,,,,,,,,,,,,,,,,,,
P:546,B,PARENT_HBN,PARENT,546,GATE3F_RETAINED_HEAVY_NODE,False,False,False,,,,,,,,,,,,,,,,,,
P:547,N,PARENT_HBN,PARENT,547,GATE3F_RETAINED_HEAVY_NODE,False,False,False,,,,,,,,,,,,,,,,,,
P:548,B,PARENT_HBN,PARENT,548,GATE3F_RETAINED_HEAVY_NODE,False,False,False,,,,,,,,,,,,,,,,,,
P:549,N,PARENT_HBN,PARENT,549,GATE3F_RETAINED_HEAVY_NODE,False,False,False,,,,,,,,,,,,,,,,,,
P:550,B,PARENT_HBN,PARENT,550,GATE3F_RETAINED_HEAVY_NODE,False,False,False,,,,,,,,,,,,,,,,,,
P:551,N,PARENT_HBN,PARENT,551,GATE3F_RETAINED_HEAVY_NODE,False,False,False,,,,,,,,,,,,,,,,,,
P:552,B,PARENT_HBN,PARENT,552,GATE3F_RETAINED_HEAVY_NODE,False,False,False,,,,,,,,,,,,,,,,,,
P:553,N,PARENT_HBN,PARENT,553,GATE3F_RETAINED_HEAVY_NODE,False,False,False,,,,,,,,,,,,,,,,,,
P:554,B,PARENT_HBN,PARENT,554,GATE3F_RETAINED_HEAVY_NODE,False,False,False,,,,,,,,,,,,,,,,,,
P:555,N,PARENT_HBN,PARENT,555,GATE3F_RETAINED_HEAVY_NODE,False,False,False,,,,,,,,,,,,,,,,,,
P:556,B,PARENT_HBN,PARENT,556,GATE3F_RETAINED_HEAVY_NODE,False,False,False,,,,,,,,,,,,,,,,,,
P:557,N,PARENT_HBN,PARENT,557,GATE3F_RETAINED_HEAVY_NODE,False,False,False,,,,,,,,,,,,,,,,,,
P:558,B,PARENT_HBN,PARENT,558,GATE3F_RETAINED_HEAVY_NODE,False,False,False,,,,,,,,,,,,,,,,,,
P:559,N,PARENT_HBN,PARENT,559,GATE3F_RETAINED_HEAVY_NODE,False,False,False,,,,,,,,,,,,,,,,,,
P:560,B,PARENT_HBN,PARENT,560,GATE3F_RETAINED_HEAVY_NODE,False,False,False,,,,,,,,,,,,,,,,,,
P:561,N,PARENT_HBN,PARENT,561,GATE3F_RETAINED_HEAVY_NODE,False,False,False,,,,,,,,,,,,,,,,,,
P:562,B,PARENT_HBN,PARENT,562,GATE3F_RETAINED_HEAVY_NODE,False,False,False,,,,,,,,,,,,,,,,,,
P:563,N,PARENT_HBN,PARENT,563,GATE3F_RETAINED_HEAVY_NODE,False,False,False,,,,,,,,,,,,,,,,,,
P:564,B,PARENT_HBN,PARENT,564,GATE3F_RETAINED_HEAVY_NODE,False,False,False,,,,,,,,,,,,,,,,,,
P:565,N,PARENT_HBN,PARENT,565,GATE3F_RETAINED_HEAVY_NODE,False,False,False,,,,,,,,,,,,,,,,,,
P:566,B,PARENT_HBN,PARENT,566,GATE3F_RETAINED_HEAVY_NODE,False,False,False,,,,,,,,,,,,,,,,,,
P:567,N,PARENT_HBN,PARENT,567,GATE3F_RETAINED_HEAVY_NODE,False,False,False,,,,,,,,,,,,,,,,,,
P:568,B,PARENT_HBN,PARENT,568,GATE3F_RETAINED_HEAVY_NODE,False,False,False,,,,,,,,,,,,,,,,,,
P:569,N,PARENT_HBN,PARENT,569,GATE3F_RETAINED_HEAVY_NODE,False,False,False,,,,,,,,,,,,,,,,,,
P:570,B,PARENT_HBN,PARENT,570,GATE3F_RETAINED_HEAVY_NODE,False,False,False,,,,,,,,,,,,,,,,,,
P:571,N,PARENT_HBN,PARENT,571,GATE3F_RETAINED_HEAVY_NODE,False,False,False,,,,,,,,,,,,,,,,,,
P:572,B,PARENT_HBN,PARENT,572,GATE3F_RETAINED_HEAVY_NODE,False,False,False,,,,,,,,,,,,,,,,,,
P:573,N,PARENT_HBN,PARENT,573,GATE3F_RETAINED_HEAVY_NODE,False,False,False,,,,,,,,,,,,,,,,,,
P:574,B,PARENT_HBN,PARENT,574,GATE3F_RETAINED_HEAVY_NODE,False,False,False,,,,,,,,,,,,,,,,,,
P:575,N,PARENT_HBN,PARENT,575,GATE3F_RETAINED_HEAVY_NODE,False,False,False,,,,,,,,,,,,,,,,,,
P:576,B,PARENT_HBN,PARENT,576,GATE3F_RETAINED_HEAVY_NODE,False,False,False,,,,,,,,,,,,,,,,,,
P:577,N,PARENT_HBN,PARENT,577,GATE3F_RETAINED_HEAVY_NODE,False,False,False,,,,,,,,,,,,,,,,,,
P:578,B,PARENT_HBN,PARENT,578,GATE3F_RETAINED_HEAVY_NODE,False,False,False,,,,,,,,,,,,,,,,,,
P:579,N,PARENT_HBN,PARENT,579,GATE3F_RETAINED_HEAVY_NODE,False,False,False,,,,,,,,,,,,,,,,,,
P:580,B,PARENT_HBN,PARENT,580,GATE3F_RETAINED_HEAVY_NODE,False,False,False,,,,,,,,,,,,,,,,,,
P:581,N,PARENT_HBN,PARENT,581,GATE3F_RETAINED_HEAVY_NODE,False,False,False,,,,,,,,,,,,,,,,,,
P:582,B,PARENT_HBN,PARENT,582,GATE3F_RETAINED_HEAVY_NODE,False,False,False,,,,,,,,,,,,,,,,,,
P:583,N,PARENT_HBN,PARENT,583,GATE3F_RETAINED_HEAVY_NODE,False,False,False,,,,,,,,,,,,,,,,,,
P:584,B,PARENT_HBN,PARENT,584,GATE3F_RETAINED_HEAVY_NODE,False,False,False,,,,,,,,,,,,,,,,,,
P:585,N,PARENT_HBN,PARENT,585,GATE3F_RETAINED_HEAVY_NODE,False,False,False,,,,,,,,,,,,,,,,,,
P:586,B,PARENT_HBN,PARENT,586,GATE3F_RETAINED_HEAVY_NODE,False,False,False,,,,,,,,,,,,,,,,,,
P:587,N,PARENT_HBN,PARENT,587,GATE3F_RETAINED_HEAVY_NODE,False,False,False,,,,,,,,,,,,,,,,,,
P:588,B,PARENT_HBN,PARENT,588,GATE3F_RETAINED_HEAVY_NODE,False,False,False,,,,,,,,,,,,,,,,,,
P:589,N,PARENT_HBN,PARENT,589,GATE3F_RETAINED_HEAVY_NODE,False,False,False,,,,,,,,,,,,,,,,,,
P:590,B,PARENT_HBN,PARENT,590,GATE3F_RETAINED_HEAVY_NODE,False,False,False,,,,,,,,,,,,,,,,,,
P:591,N,PARENT_HBN,PARENT,591,GATE3F_RETAINED_HEAVY_NODE,False,False,False,,,,,,,,,,,,,,,,,,
P:592,B,PARENT_HBN,PARENT,592,GATE3F_RETAINED_HEAVY_NODE,False,False,False,,,,,,,,,,,,,,,,,,
P:593,N,PARENT_HBN,PARENT,593,GATE3F_RETAINED_HEAVY_NODE,False,False,False,,,,,,,,,,,,,,,,,,
P:594,B,PARENT_HBN,PARENT,594,GATE3F_RETAINED_HEAVY_NODE,False,False,False,,,,,,,,,,,,,,,,,,
P:595,N,PARENT_HBN,PARENT,595,GATE3F_RETAINED_HEAVY_NODE,False,False,False,,,,,,,,,,,,,,,,,,
P:596,B,PARENT_HBN,PARENT,596,GATE3F_RETAINED_HEAVY_NODE,False,False,False,,,,,,,,,,,,,,,,,,
P:597,N,PARENT_HBN,PARENT,597,GATE3F_RETAINED_HEAVY_NODE,False,False,False,,,,,,,,,,,,,,,,,,
P:598,B,PARENT_HBN,PARENT,598,GATE3F_RETAINED_HEAVY_NODE,False,False,False,,,,,,,,,,,,,,,,,,
P:599,N,PARENT_HBN,PARENT,599,GATE3F_RETAINED_HEAVY_NODE,False,False,False,,,,,,,,,,,,,,,,,,
P:600,B,PARENT_HBN,PARENT,600,GATE3F_RETAINED_HEAVY_NODE,False,False,False,,,,,,,,,,,,,,,,,,
P:601,N,PARENT_HBN,PARENT,601,GATE3F_RETAINED_HEAVY_NODE,False,False,False,,,,,,,,,,,,,,,,,,
P:602,B,PARENT_HBN,PARENT,602,GATE3F_RETAINED_HEAVY_NODE,False,False,False,,,,,,,,,,,,,,,,,,
P:603,N,PARENT_HBN,PARENT,603,GATE3F_RETAINED_HEAVY_NODE,False,False,False,,,,,,,,,,,,,,,,,,
P:604,B,PARENT_HBN,PARENT,604,GATE3F_RETAINED_HEAVY_NODE,False,False,False,,,,,,,,,,,,,,,,,,
P:605,N,PARENT_HBN,PARENT,605,GATE3F_RETAINED_HEAVY_NODE,False,False,False,,,,,,,,,,,,,,,,,,
P:606,B,PARENT_HBN,PARENT,606,GATE3F_RETAINED_HEAVY_NODE,False,False,False,,,,,,,,,,,,,,,,,,
P:607,N,PARENT_HBN,PARENT,607,GATE3F_RETAINED_HEAVY_NODE,False,False,False,,,,,,,,,,,,,,,,,,
P:608,B,PARENT_HBN,PARENT,608,GATE3F_RETAINED_HEAVY_NODE,False,False,False,,,,,,,,,,,,,,,,,,
P:609,N,PARENT_HBN,PARENT,609,GATE3F_RETAINED_HEAVY_NODE,False,False,False,,,,,,,,,,,,,,,,,,
P:610,B,PARENT_HBN,PARENT,610,GATE3F_RETAINED_HEAVY_NODE,False,False,False,,,,,,,,,,,,,,,,,,
P:611,N,PARENT_HBN,PARENT,611,GATE3F_RETAINED_HEAVY_NODE,False,False,False,,,,,,,,,,,,,,,,,,
P:612,B,PARENT_HBN,PARENT,612,GATE3F_RETAINED_HEAVY_NODE,False,False,False,,,,,,,,,,,,,,,,,,
P:613,N,PARENT_HBN,PARENT,613,GATE3F_RETAINED_HEAVY_NODE,False,False,False,,,,,,,,,,,,,,,,,,
P:614,B,PARENT_HBN,PARENT,614,GATE3F_RETAINED_HEAVY_NODE,False,False,False,,,,,,,,,,,,,,,,,,
P:615,N,PARENT_HBN,PARENT,615,GATE3F_RETAINED_HEAVY_NODE,False,False,False,,,,,,,,,,,,,,,,,,
P:616,B,PARENT_HBN,PARENT,616,GATE3F_RETAINED_HEAVY_NODE,False,False,False,,,,,,,,,,,,,,,,,,
P:617,N,PARENT_HBN,PARENT,617,GATE3F_RETAINED_HEAVY_NODE,False,False,False,,,,,,,,,,,,,,,,,,
P:618,B,PARENT_HBN,PARENT,618,GATE3F_RETAINED_HEAVY_NODE,False,False,False,,,,,,,,,,,,,,,,,,
P:619,N,PARENT_HBN,PARENT,619,GATE3F_RETAINED_HEAVY_NODE,False,False,False,,,,,,,,,,,,,,,,,,
P:620,B,PARENT_HBN,PARENT,620,GATE3F_RETAINED_HEAVY_NODE,False,False,False,,,,,,,,,,,,,,,,,,
P:621,N,PARENT_HBN,PARENT,621,GATE3F_RETAINED_HEAVY_NODE,False,False,False,,,,,,,,,,,,,,,,,,
P:622,B,PARENT_HBN,PARENT,622,GATE3F_RETAINED_HEAVY_NODE,False,False,False,,,,,,,,,,,,,,,,,,
P:623,N,PARENT_HBN,PARENT,623,GATE3F_RETAINED_HEAVY_NODE,False,False,False,,,,,,,,,,,,,,,,,,
P:624,B,PARENT_HBN,PARENT,624,GATE3F_RETAINED_HEAVY_NODE,False,False,False,,,,,,,,,,,,,,,,,,
P:625,N,PARENT_HBN,PARENT,625,GATE3F_RETAINED_HEAVY_NODE,False,False,False,,,,,,,,,,,,,,,,,,
P:626,B,PARENT_HBN,PARENT,626,GATE3F_RETAINED_HEAVY_NODE,False,False,False,,,,,,,,,,,,,,,,,,
P:627,N,PARENT_HBN,PARENT,627,GATE3F_RETAINED_HEAVY_NODE,False,False,False,,,,,,,,,,,,,,,,,,
P:628,B,PARENT_HBN,PARENT,628,GATE3F_RETAINED_HEAVY_NODE,False,False,False,,,,,,,,,,,,,,,,,,
P:629,N,PARENT_HBN,PARENT,629,GATE3F_RETAINED_HEAVY_NODE,False,False,False,,,,,,,,,,,,,,,,,,
P:630,B,PARENT_HBN,PARENT,630,GATE3F_RETAINED_HEAVY_NODE,False,False,False,,,,,,,,,,,,,,,,,,
P:631,N,PARENT_HBN,PARENT,631,GATE3F_RETAINED_HEAVY_NODE,False,False,False,,,,,,,,,,,,,,,,,,
P:632,B,PARENT_HBN,PARENT,632,GATE3F_RETAINED_HEAVY_NODE,False,False,False,,,,,,,,,,,,,,,,,,
P:633,N,PARENT_HBN,PARENT,633,GATE3F_RETAINED_HEAVY_NODE,False,False,False,,,,,,,,,,,,,,,,,,
P:634,B,PARENT_HBN,PARENT,634,GATE3F_RETAINED_HEAVY_NODE,False,False,False,,,,,,,,,,,,,,,,,,
P:635,N,PARENT_HBN,PARENT,635,GATE3F_RETAINED_HEAVY_NODE,False,False,False,,,,,,,,,,,,,,,,,,
P:636,B,PARENT_HBN,PARENT,636,GATE3F_RETAINED_HEAVY_NODE,False,False,False,,,,,,,,,,,,,,,,,,
P:637,N,PARENT_HBN,PARENT,637,GATE3F_RETAINED_HEAVY_NODE,False,False,False,,,,,,,,,,,,,,,,,,
P:638,B,PARENT_HBN,PARENT,638,GATE3F_RETAINED_HEAVY_NODE,False,False,False,,,,,,,,,,,,,,,,,,
P:639,N,PARENT_HBN,PARENT,639,GATE3F_RETAINED_HEAVY_NODE,False,False,False,,,,,,,,,,,,,,,,,,
P:640,B,PARENT_HBN,PARENT,640,GATE3F_RETAINED_HEAVY_NODE,False,False,False,,,,,,,,,,,,,,,,,,
P:641,N,PARENT_HBN,PARENT,641,GATE3F_RETAINED_HEAVY_NODE,False,False,False,,,,,,,,,,,,,,,,,,
P:642,B,PARENT_HBN,PARENT,642,GATE3F_RETAINED_HEAVY_NODE,False,False,False,,,,,,,,,,,,,,,,,,
P:643,N,PARENT_HBN,PARENT,643,GATE3F_RETAINED_HEAVY_NODE,False,False,False,,,,,,,,,,,,,,,,,,
P:644,B,PARENT_HBN,PARENT,644,GATE3F_RETAINED_HEAVY_NODE,False,False,False,,,,,,,,,,,,,,,,,,
P:645,N,PARENT_HBN,PARENT,645,GATE3F_RETAINED_HEAVY_NODE,False,False,False,,,,,,,,,,,,,,,,,,
P:646,B,PARENT_HBN,PARENT,646,GATE3F_RETAINED_HEAVY_NODE,False,False,False,,,,,,,,,,,,,,,,,,
P:647,N,PARENT_HBN,PARENT,647,GATE3F_RETAINED_HEAVY_NODE,False,False,False,,,,,,,,,,,,,,,,,,
P:648,B,PARENT_HBN,PARENT,648,GATE3F_RETAINED_HEAVY_NODE,False,False,False,,,,,,,,,,,,,,,,,,
P:649,N,PARENT_HBN,PARENT,649,GATE3F_RETAINED_HEAVY_NODE,False,False,False,,,,,,,,,,,,,,,,,,
P:650,B,PARENT_HBN,PARENT,650,GATE3F_RETAINED_HEAVY_NODE,False,False,False,,,,,,,,,,,,,,,,,,
P:651,N,PARENT_HBN,PARENT,651,GATE3F_RETAINED_HEAVY_NODE,False,False,False,,,,,,,,,,,,,,,,,,
P:652,B,PARENT_HBN,PARENT,652,GATE3F_RETAINED_HEAVY_NODE,False,False,False,,,,,,,,,,,,,,,,,,
P:653,N,PARENT_HBN,PARENT,653,GATE3F_RETAINED_HEAVY_NODE,False,False,False,,,,,,,,,,,,,,,,,,
P:654,B,PARENT_HBN,PARENT,654,GATE3F_RETAINED_HEAVY_NODE,False,False,False,,,,,,,,,,,,,,,,,,
P:655,N,PARENT_HBN,PARENT,655,GATE3F_RETAINED_HEAVY_NODE,False,False,False,,,,,,,,,,,,,,,,,,
P:656,B,PARENT_HBN,PARENT,656,GATE3F_RETAINED_HEAVY_NODE,False,False,False,,,,,,,,,,,,,,,,,,
P:657,N,PARENT_HBN,PARENT,657,GATE3F_RETAINED_HEAVY_NODE,False,False,False,,,,,,,,,,,,,,,,,,
P:658,B,PARENT_HBN,PARENT,658,GATE3F_RETAINED_HEAVY_NODE,False,False,False,,,,,,,,,,,,,,,,,,
P:659,N,PARENT_HBN,PARENT,659,GATE3F_RETAINED_HEAVY_NODE,False,False,False,,,,,,,,,,,,,,,,,,
P:660,B,PARENT_HBN,PARENT,660,GATE3F_RETAINED_HEAVY_NODE,False,False,False,,,,,,,,,,,,,,,,,,
P:661,N,PARENT_HBN,PARENT,661,GATE3F_RETAINED_HEAVY_NODE,False,False,False,,,,,,,,,,,,,,,,,,
P:662,B,PARENT_HBN,PARENT,662,GATE3F_RETAINED_HEAVY_NODE,False,False,False,,,,,,,,,,,,,,,,,,
P:663,N,PARENT_HBN,PARENT,663,GATE3F_RETAINED_HEAVY_NODE,False,False,False,,,,,,,,,,,,,,,,,,
P:664,B,PARENT_HBN,PARENT,664,GATE3F_RETAINED_HEAVY_NODE,False,False,False,,,,,,,,,,,,,,,,,,
P:665,N,PARENT_HBN,PARENT,665,GATE3F_RETAINED_HEAVY_NODE,False,False,False,,,,,,,,,,,,,,,,,,
P:666,B,PARENT_HBN,PARENT,666,GATE3F_RETAINED_HEAVY_NODE,False,False,False,,,,,,,,,,,,,,,,,,
P:667,N,PARENT_HBN,PARENT,667,GATE3F_RETAINED_HEAVY_NODE,False,False,False,,,,,,,,,,,,,,,,,,
P:668,B,PARENT_HBN,PARENT,668,GATE3F_RETAINED_HEAVY_NODE,False,False,False,,,,,,,,,,,,,,,,,,
P:669,N,PARENT_HBN,PARENT,669,GATE3F_RETAINED_HEAVY_NODE,False,False,False,,,,,,,,,,,,,,,,,,
P:670,B,PARENT_HBN,PARENT,670,GATE3F_RETAINED_HEAVY_NODE,False,False,False,,,,,,,,,,,,,,,,,,
P:671,N,PARENT_HBN,PARENT,671,GATE3F_RETAINED_HEAVY_NODE,False,False,False,,,,,,,,,,,,,,,,,,
P:672,B,PARENT_HBN,PARENT,672,GATE3F_RETAINED_HEAVY_NODE,False,False,False,,,,,,,,,,,,,,,,,,
P:673,N,PARENT_HBN,PARENT,673,GATE3F_RETAINED_HEAVY_NODE,False,False,False,,,,,,,,,,,,,,,,,,
P:674,B,PARENT_HBN,PARENT,674,GATE3F_RETAINED_HEAVY_NODE,False,False,False,,,,,,,,,,,,,,,,,,
P:675,N,PARENT_HBN,PARENT,675,GATE3F_RETAINED_HEAVY_NODE,False,False,False,,,,,,,,,,,,,,,,,,
P:676,B,PARENT_HBN,PARENT,676,GATE3F_RETAINED_HEAVY_NODE,False,False,False,,,,,,,,,,,,,,,,,,
P:677,N,PARENT_HBN,PARENT,677,GATE3F_RETAINED_HEAVY_NODE,False,False,False,,,,,,,,,,,,,,,,,,
P:678,B,PARENT_HBN,PARENT,678,GATE3F_RETAINED_HEAVY_NODE,False,False,False,,,,,,,,,,,,,,,,,,
P:679,N,PARENT_HBN,PARENT,679,GATE3F_RETAINED_HEAVY_NODE,False,False,False,,,,,,,,,,,,,,,,,,
P:680,B,PARENT_HBN,PARENT,680,GATE3F_RETAINED_HEAVY_NODE,False,False,False,,,,,,,,,,,,,,,,,,
P:681,N,PARENT_HBN,PARENT,681,GATE3F_RETAINED_HEAVY_NODE,False,False,False,,,,,,,,,,,,,,,,,,
P:682,B,PARENT_HBN,PARENT,682,GATE3F_RETAINED_HEAVY_NODE,False,False,False,,,,,,,,,,,,,,,,,,
P:683,N,PARENT_HBN,PARENT,683,GATE3F_RETAINED_HEAVY_NODE,False,False,False,,,,,,,,,,,,,,,,,,
P:684,B,PARENT_HBN,PARENT,684,GATE3F_RETAINED_HEAVY_NODE,False,False,False,,,,,,,,,,,,,,,,,,
P:685,N,PARENT_HBN,PARENT,685,GATE3F_RETAINED_HEAVY_NODE,False,False,False,,,,,,,,,,,,,,,,,,
P:686,B,PARENT_HBN,PARENT,686,GATE3F_RETAINED_HEAVY_NODE,False,False,False,,,,,,,,,,,,,,,,,,
P:687,N,PARENT_HBN,PARENT,687,GATE3F_RETAINED_HEAVY_NODE,False,False,False,,,,,,,,,,,,,,,,,,
P:688,B,PARENT_HBN,PARENT,688,GATE3F_RETAINED_HEAVY_NODE,False,False,False,,,,,,,,,,,,,,,,,,
P:689,N,PARENT_HBN,PARENT,689,GATE3F_RETAINED_HEAVY_NODE,False,False,False,,,,,,,,,,,,,,,,,,
P:690,B,PARENT_HBN,PARENT,690,GATE3F_RETAINED_HEAVY_NODE,False,False,False,,,,,,,,,,,,,,,,,,
P:691,N,PARENT_HBN,PARENT,691,GATE3F_RETAINED_HEAVY_NODE,False,False,False,,,,,,,,,,,,,,,,,,
P:692,B,PARENT_HBN,PARENT,692,GATE3F_RETAINED_HEAVY_NODE,False,False,False,,,,,,,,,,,,,,,,,,
P:693,N,PARENT_HBN,PARENT,693,GATE3F_RETAINED_HEAVY_NODE,False,False,False,,,,,,,,,,,,,,,,,,
P:694,B,PARENT_HBN,PARENT,694,GATE3F_RETAINED_HEAVY_NODE,False,False,False,,,,,,,,,,,,,,,,,,
P:695,N,PARENT_HBN,PARENT,695,GATE3F_RETAINED_HEAVY_NODE,False,False,False,,,,,,,,,,,,,,,,,,
P:696,B,PARENT_HBN,PARENT,696,GATE3F_RETAINED_HEAVY_NODE,False,False,False,,,,,,,,,,,,,,,,,,
P:697,N,PARENT_HBN,PARENT,697,GATE3F_RETAINED_HEAVY_NODE,False,False,False,,,,,,,,,,,,,,,,,,
P:698,B,PARENT_HBN,PARENT,698,GATE3F_RETAINED_HEAVY_NODE,False,False,False,,,,,,,,,,,,,,,,,,
P:699,N,PARENT_HBN,PARENT,699,GATE3F_RETAINED_HEAVY_NODE,False,False,False,,,,,,,,,,,,,,,,,,
P:700,B,PARENT_HBN,PARENT,700,GATE3F_RETAINED_HEAVY_NODE,False,False,False,,,,,,,,,,,,,,,,,,
P:701,N,PARENT_HBN,PARENT,701,GATE3F_RETAINED_HEAVY_NODE,False,False,False,,,,,,,,,,,,,,,,,,
P:702,B,PARENT_HBN,PARENT,702,GATE3F_RETAINED_HEAVY_NODE,False,False,False,,,,,,,,,,,,,,,,,,
P:703,N,PARENT_HBN,PARENT,703,GATE3F_RETAINED_HEAVY_NODE,False,False,False,,,,,,,,,,,,,,,,,,
P:704,B,PARENT_HBN,PARENT,704,GATE3F_RETAINED_HEAVY_NODE,False,False,False,,,,,,,,,,,,,,,,,,
P:705,N,PARENT_HBN,PARENT,705,GATE3F_RETAINED_HEAVY_NODE,False,False,False,,,,,,,,,,,,,,,,,,
P:706,B,PARENT_HBN,PARENT,706,GATE3F_RETAINED_HEAVY_NODE,False,False,False,,,,,,,,,,,,,,,,,,
P:707,N,PARENT_HBN,PARENT,707,GATE3F_RETAINED_HEAVY_NODE,False,False,False,,,,,,,,,,,,,,,,,,
P:708,B,PARENT_HBN,PARENT,708,GATE3F_RETAINED_HEAVY_NODE,False,False,False,,,,,,,,,,,,,,,,,,
P:709,N,PARENT_HBN,PARENT,709,GATE3F_RETAINED_HEAVY_NODE,False,False,False,,,,,,,,,,,,,,,,,,
P:710,B,PARENT_HBN,PARENT,710,GATE3F_RETAINED_HEAVY_NODE,False,False,False,,,,,,,,,,,,,,,,,,
P:711,N,PARENT_HBN,PARENT,711,GATE3F_RETAINED_HEAVY_NODE,False,False,False,,,,,,,,,,,,,,,,,,
P:712,B,PARENT_HBN,PARENT,712,GATE3F_RETAINED_HEAVY_NODE,False,False,False,,,,,,,,,,,,,,,,,,
P:713,N,PARENT_HBN,PARENT,713,GATE3F_RETAINED_HEAVY_NODE,False,False,False,,,,,,,,,,,,,,,,,,
P:714,B,PARENT_HBN,PARENT,714,GATE3F_RETAINED_HEAVY_NODE,False,False,False,,,,,,,,,,,,,,,,,,
P:715,N,PARENT_HBN,PARENT,715,GATE3F_RETAINED_HEAVY_NODE,False,False,False,,,,,,,,,,,,,,,,,,
P:716,B,PARENT_HBN,PARENT,716,GATE3F_RETAINED_HEAVY_NODE,False,False,False,,,,,,,,,,,,,,,,,,
P:717,N,PARENT_HBN,PARENT,717,GATE3F_RETAINED_HEAVY_NODE,False,False,False,,,,,,,,,,,,,,,,,,
P:718,B,PARENT_HBN,PARENT,718,GATE3F_RETAINED_HEAVY_NODE,False,False,False,,,,,,,,,,,,,,,,,,
P:719,N,PARENT_HBN,PARENT,719,GATE3F_RETAINED_HEAVY_NODE,False,False,False,,,,,,,,,,,,,,,,,,
P:720,B,PARENT_HBN,PARENT,720,GATE3F_RETAINED_HEAVY_NODE,False,False,False,,,,,,,,,,,,,,,,,,
P:721,N,PARENT_HBN,PARENT,721,GATE3F_RETAINED_HEAVY_NODE,False,False,False,,,,,,,,,,,,,,,,,,
P:722,B,PARENT_HBN,PARENT,722,GATE3F_RETAINED_HEAVY_NODE,False,False,False,,,,,,,,,,,,,,,,,,
P:723,N,PARENT_HBN,PARENT,723,GATE3F_RETAINED_HEAVY_NODE,False,False,False,,,,,,,,,,,,,,,,,,
P:724,B,PARENT_HBN,PARENT,724,GATE3F_RETAINED_HEAVY_NODE,False,False,False,,,,,,,,,,,,,,,,,,
P:725,N,PARENT_HBN,PARENT,725,GATE3F_RETAINED_HEAVY_NODE,False,False,False,,,,,,,,,,,,,,,,,,
P:726,B,PARENT_HBN,PARENT,726,GATE3F_RETAINED_HEAVY_NODE,False,False,False,,,,,,,,,,,,,,,,,,
P:727,N,PARENT_HBN,PARENT,727,GATE3F_RETAINED_HEAVY_NODE,False,False,False,,,,,,,,,,,,,,,,,,
P:728,B,PARENT_HBN,PARENT,728,GATE3F_RETAINED_HEAVY_NODE,False,False,False,,,,,,,,,,,,,,,,,,
P:729,N,PARENT_HBN,PARENT,729,GATE3F_RETAINED_HEAVY_NODE,False,False,False,,,,,,,,,,,,,,,,,,
P:730,B,PARENT_HBN,PARENT,730,GATE3F_RETAINED_HEAVY_NODE,False,False,False,,,,,,,,,,,,,,,,,,
P:731,N,PARENT_HBN,PARENT,731,GATE3F_RETAINED_HEAVY_NODE,False,False,False,,,,,,,,,,,,,,,,,,
P:732,B,PARENT_HBN,PARENT,732,GATE3F_RETAINED_HEAVY_NODE,False,False,False,,,,,,,,,,,,,,,,,,
P:733,N,PARENT_HBN,PARENT,733,GATE3F_RETAINED_HEAVY_NODE,False,False,False,,,,,,,,,,,,,,,,,,
P:734,B,PARENT_HBN,PARENT,734,GATE3F_RETAINED_HEAVY_NODE,False,False,False,,,,,,,,,,,,,,,,,,
P:735,N,PARENT_HBN,PARENT,735,GATE3F_RETAINED_HEAVY_NODE,False,False,False,,,,,,,,,,,,,,,,,,
P:736,B,PARENT_HBN,PARENT,736,GATE3F_RETAINED_HEAVY_NODE,False,False,False,,,,,,,,,,,,,,,,,,
P:737,N,PARENT_HBN,PARENT,737,GATE3F_RETAINED_HEAVY_NODE,False,False,False,,,,,,,,,,,,,,,,,,
P:738,B,PARENT_HBN,PARENT,738,GATE3F_RETAINED_HEAVY_NODE,False,False,False,,,,,,,,,,,,,,,,,,
P:739,N,PARENT_HBN,PARENT,739,GATE3F_RETAINED_HEAVY_NODE,False,False,False,,,,,,,,,,,,,,,,,,
P:740,B,PARENT_HBN,PARENT,740,GATE3F_RETAINED_HEAVY_NODE,False,False,False,,,,,,,,,,,,,,,,,,
P:741,N,PARENT_HBN,PARENT,741,GATE3F_RETAINED_HEAVY_NODE,False,False,False,,,,,,,,,,,,,,,,,,
P:742,B,PARENT_HBN,PARENT,742,GATE3F_RETAINED_HEAVY_NODE,False,False,False,,,,,,,,,,,,,,,,,,
P:743,N,PARENT_HBN,PARENT,743,GATE3F_RETAINED_HEAVY_NODE,False,False,False,,,,,,,,,,,,,,,,,,
P:744,B,PARENT_HBN,PARENT,744,GATE3F_RETAINED_HEAVY_NODE,False,False,False,,,,,,,,,,,,,,,,,,
P:745,N,PARENT_HBN,PARENT,745,GATE3F_RETAINED_HEAVY_NODE,False,False,False,,,,,,,,,,,,,,,,,,
P:746,B,PARENT_HBN,PARENT,746,GATE3F_RETAINED_HEAVY_NODE,False,False,False,,,,,,,,,,,,,,,,,,
P:747,N,PARENT_HBN,PARENT,747,GATE3F_RETAINED_HEAVY_NODE,False,False,False,,,,,,,,,,,,,,,,,,
P:748,B,PARENT_HBN,PARENT,748,GATE3F_RETAINED_HEAVY_NODE,False,False,False,,,,,,,,,,,,,,,,,,
P:749,N,PARENT_HBN,PARENT,749,GATE3F_RETAINED_HEAVY_NODE,False,False,False,,,,,,,,,,,,,,,,,,
P:750,B,PARENT_HBN,PARENT,750,GATE3F_RETAINED_HEAVY_NODE,False,False,False,,,,,,,,,,,,,,,,,,
P:751,N,PARENT_HBN,PARENT,751,GATE3F_RETAINED_HEAVY_NODE,False,False,False,,,,,,,,,,,,,,,,,,
P:752,B,PARENT_HBN,PARENT,752,GATE3F_RETAINED_HEAVY_NODE,False,False,False,,,,,,,,,,,,,,,,,,
P:753,N,PARENT_HBN,PARENT,753,GATE3F_RETAINED_HEAVY_NODE,False,False,False,,,,,,,,,,,,,,,,,,
P:754,B,PARENT_HBN,PARENT,754,GATE3F_RETAINED_HEAVY_NODE,False,False,False,,,,,,,,,,,,,,,,,,
P:755,N,PARENT_HBN,PARENT,755,GATE3F_RETAINED_HEAVY_NODE,False,False,False,,,,,,,,,,,,,,,,,,
P:756,B,PARENT_HBN,PARENT,756,GATE3F_RETAINED_HEAVY_NODE,False,False,False,,,,,,,,,,,,,,,,,,
P:757,N,PARENT_HBN,PARENT,757,GATE3F_RETAINED_HEAVY_NODE,False,False,False,,,,,,,,,,,,,,,,,,
P:758,B,PARENT_HBN,PARENT,758,GATE3F_RETAINED_HEAVY_NODE,False,False,False,,,,,,,,,,,,,,,,,,
P:759,N,PARENT_HBN,PARENT,759,GATE3F_RETAINED_HEAVY_NODE,False,False,False,,,,,,,,,,,,,,,,,,
P:760,B,PARENT_HBN,PARENT,760,GATE3F_RETAINED_HEAVY_NODE,False,False,False,,,,,,,,,,,,,,,,,,
P:761,N,PARENT_HBN,PARENT,761,GATE3F_RETAINED_HEAVY_NODE,False,False,False,,,,,,,,,,,,,,,,,,
P:762,B,PARENT_HBN,PARENT,762,GATE3F_RETAINED_HEAVY_NODE,False,False,False,,,,,,,,,,,,,,,,,,
P:763,N,PARENT_HBN,PARENT,763,GATE3F_RETAINED_HEAVY_NODE,False,False,False,,,,,,,,,,,,,,,,,,
P:764,B,PARENT_HBN,PARENT,764,GATE3F_RETAINED_HEAVY_NODE,False,False,False,,,,,,,,,,,,,,,,,,
P:765,N,PARENT_HBN,PARENT,765,GATE3F_RETAINED_HEAVY_NODE,False,False,False,,,,,,,,,,,,,,,,,,
P:766,B,PARENT_HBN,PARENT,766,GATE3F_RETAINED_HEAVY_NODE,False,False,False,,,,,,,,,,,,,,,,,,
P:767,N,PARENT_HBN,PARENT,767,GATE3F_RETAINED_HEAVY_NODE,False,False,False,,,,,,,,,,,,,,,,,,
P:768,B,PARENT_HBN,PARENT,768,GATE3F_RETAINED_HEAVY_NODE,False,False,False,,,,,,,,,,,,,,,,,,
P:769,N,PARENT_HBN,PARENT,769,GATE3F_RETAINED_HEAVY_NODE,False,False,False,,,,,,,,,,,,,,,,,,
P:770,B,PARENT_HBN,PARENT,770,GATE3F_RETAINED_HEAVY_NODE,False,False,False,,,,,,,,,,,,,,,,,,
P:771,N,PARENT_HBN,PARENT,771,GATE3F_RETAINED_HEAVY_NODE,False,False,False,,,,,,,,,,,,,,,,,,
P:772,B,PARENT_HBN,PARENT,772,GATE3F_RETAINED_HEAVY_NODE,False,False,False,,,,,,,,,,,,,,,,,,
P:773,N,PARENT_HBN,PARENT,773,GATE3F_RETAINED_HEAVY_NODE,False,False,False,,,,,,,,,,,,,,,,,,
P:774,B,PARENT_HBN,PARENT,774,GATE3F_RETAINED_HEAVY_NODE,False,False,False,,,,,,,,,,,,,,,,,,
P:775,N,PARENT_HBN,PARENT,775,GATE3F_RETAINED_HEAVY_NODE,False,False,False,,,,,,,,,,,,,,,,,,
P:776,B,PARENT_HBN,PARENT,776,GATE3F_RETAINED_HEAVY_NODE,False,False,False,,,,,,,,,,,,,,,,,,
P:777,N,PARENT_HBN,PARENT,777,GATE3F_RETAINED_HEAVY_NODE,False,False,False,,,,,,,,,,,,,,,,,,
P:778,B,PARENT_HBN,PARENT,778,GATE3F_RETAINED_HEAVY_NODE,False,False,False,,,,,,,,,,,,,,,,,,
P:779,N,PARENT_HBN,PARENT,779,GATE3F_RETAINED_HEAVY_NODE,False,False,False,,,,,,,,,,,,,,,,,,
P:780,B,PARENT_HBN,PARENT,780,GATE3F_RETAINED_HEAVY_NODE,False,False,False,,,,,,,,,,,,,,,,,,
P:781,N,PARENT_HBN,PARENT,781,GATE3F_RETAINED_HEAVY_NODE,False,False,False,,,,,,,,,,,,,,,,,,
P:782,B,PARENT_HBN,PARENT,782,GATE3F_RETAINED_HEAVY_NODE,False,False,False,,,,,,,,,,,,,,,,,,
P:783,N,PARENT_HBN,PARENT,783,GATE3F_RETAINED_HEAVY_NODE,False,False,False,,,,,,,,,,,,,,,,,,
P:784,B,PARENT_HBN,PARENT,784,GATE3F_RETAINED_HEAVY_NODE,False,False,False,,,,,,,,,,,,,,,,,,
P:785,N,PARENT_HBN,PARENT,785,GATE3F_RETAINED_HEAVY_NODE,False,False,False,,,,,,,,,,,,,,,,,,
P:786,B,PARENT_HBN,PARENT,786,GATE3F_RETAINED_HEAVY_NODE,False,False,False,,,,,,,,,,,,,,,,,,
P:787,N,PARENT_HBN,PARENT,787,GATE3F_RETAINED_HEAVY_NODE,False,False,False,,,,,,,,,,,,,,,,,,
P:788,B,PARENT_HBN,PARENT,788,GATE3F_RETAINED_HEAVY_NODE,False,False,False,,,,,,,,,,,,,,,,,,
P:789,N,PARENT_HBN,PARENT,789,GATE3F_RETAINED_HEAVY_NODE,False,False,False,,,,,,,,,,,,,,,,,,
P:790,B,PARENT_HBN,PARENT,790,GATE3F_RETAINED_HEAVY_NODE,False,False,False,,,,,,,,,,,,,,,,,,
P:791,N,PARENT_HBN,PARENT,791,GATE3F_RETAINED_HEAVY_NODE,False,False,False,,,,,,,,,,,,,,,,,,
P:792,B,PARENT_HBN,PARENT,792,GATE3F_RETAINED_HEAVY_NODE,False,False,False,,,,,,,,,,,,,,,,,,
P:793,N,PARENT_HBN,PARENT,793,GATE3F_RETAINED_HEAVY_NODE,False,False,False,,,,,,,,,,,,,,,,,,
P:794,B,PARENT_HBN,PARENT,794,GATE3F_RETAINED_HEAVY_NODE,False,False,False,,,,,,,,,,,,,,,,,,
P:795,N,PARENT_HBN,PARENT,795,GATE3F_RETAINED_HEAVY_NODE,False,False,False,,,,,,,,,,,,,,,,,,
P:796,B,PARENT_HBN,PARENT,796,GATE3F_RETAINED_HEAVY_NODE,False,False,False,,,,,,,,,,,,,,,,,,
P:797,N,PARENT_HBN,PARENT,797,GATE3F_RETAINED_HEAVY_NODE,False,False,False,,,,,,,,,,,,,,,,,,
P:798,B,PARENT_HBN,PARENT,798,GATE3F_RETAINED_HEAVY_NODE,False,False,False,,,,,,,,,,,,,,,,,,
P:799,N,PARENT_HBN,PARENT,799,GATE3F_RETAINED_HEAVY_NODE,False,False,False,,,,,,,,,,,,,,,,,,
P:800,B,PARENT_HBN,PARENT,800,GATE3F_RETAINED_HEAVY_NODE,False,False,False,,,,,,,,,,,,,,,,,,
P:801,N,PARENT_HBN,PARENT,801,GATE3F_RETAINED_HEAVY_NODE,False,False,False,,,,,,,,,,,,,,,,,,
P:802,B,PARENT_HBN,PARENT,802,GATE3F_RETAINED_HEAVY_NODE,False,False,False,,,,,,,,,,,,,,,,,,
P:803,N,PARENT_HBN,PARENT,803,GATE3F_RETAINED_HEAVY_NODE,False,False,False,,,,,,,,,,,,,,,,,,
P:804,B,PARENT_HBN,PARENT,804,GATE3F_RETAINED_HEAVY_NODE,False,False,False,,,,,,,,,,,,,,,,,,
P:805,N,PARENT_HBN,PARENT,805,GATE3F_RETAINED_HEAVY_NODE,False,False,False,,,,,,,,,,,,,,,,,,
P:806,B,PARENT_HBN,PARENT,806,GATE3F_RETAINED_HEAVY_NODE,False,False,False,,,,,,,,,,,,,,,,,,
P:807,N,PARENT_HBN,PARENT,807,GATE3F_RETAINED_HEAVY_NODE,False,False,False,,,,,,,,,,,,,,,,,,
P:808,B,PARENT_HBN,PARENT,808,GATE3F_RETAINED_HEAVY_NODE,False,False,False,,,,,,,,,,,,,,,,,,
P:809,N,PARENT_HBN,PARENT,809,GATE3F_RETAINED_HEAVY_NODE,False,False,False,,,,,,,,,,,,,,,,,,
P:810,B,PARENT_HBN,PARENT,810,GATE3F_RETAINED_HEAVY_NODE,False,False,False,,,,,,,,,,,,,,,,,,
P:811,N,PARENT_HBN,PARENT,811,GATE3F_RETAINED_HEAVY_NODE,False,False,False,,,,,,,,,,,,,,,,,,
P:812,B,PARENT_HBN,PARENT,812,GATE3F_RETAINED_HEAVY_NODE,False,False,False,,,,,,,,,,,,,,,,,,
P:813,N,PARENT_HBN,PARENT,813,GATE3F_RETAINED_HEAVY_NODE,False,False,False,,,,,,,,,,,,,,,,,,
P:814,B,PARENT_HBN,PARENT,814,GATE3F_RETAINED_HEAVY_NODE,False,False,False,,,,,,,,,,,,,,,,,,
P:815,N,PARENT_HBN,PARENT,815,GATE3F_RETAINED_HEAVY_NODE,False,False,False,,,,,,,,,,,,,,,,,,
P:816,B,PARENT_HBN,PARENT,816,GATE3F_RETAINED_HEAVY_NODE,False,False,False,,,,,,,,,,,,,,,,,,
P:817,N,PARENT_HBN,PARENT,817,GATE3F_RETAINED_HEAVY_NODE,False,False,False,,,,,,,,,,,,,,,,,,
P:818,B,PARENT_HBN,PARENT,818,GATE3F_RETAINED_HEAVY_NODE,False,False,False,,,,,,,,,,,,,,,,,,
P:819,N,PARENT_HBN,PARENT,819,GATE3F_RETAINED_HEAVY_NODE,False,False,False,,,,,,,,,,,,,,,,,,
P:820,B,PARENT_HBN,PARENT,820,GATE3F_RETAINED_HEAVY_NODE,False,False,False,,,,,,,,,,,,,,,,,,
P:821,N,PARENT_HBN,PARENT,821,GATE3F_RETAINED_HEAVY_NODE,False,False,False,,,,,,,,,,,,,,,,,,
P:822,B,PARENT_HBN,PARENT,822,GATE3F_RETAINED_HEAVY_NODE,False,False,False,,,,,,,,,,,,,,,,,,
P:823,N,PARENT_HBN,PARENT,823,GATE3F_RETAINED_HEAVY_NODE,False,False,False,,,,,,,,,,,,,,,,,,
P:824,B,PARENT_HBN,PARENT,824,GATE3F_RETAINED_HEAVY_NODE,False,False,False,,,,,,,,,,,,,,,,,,
P:825,N,PARENT_HBN,PARENT,825,GATE3F_RETAINED_HEAVY_NODE,False,False,False,,,,,,,,,,,,,,,,,,
P:826,B,PARENT_HBN,PARENT,826,GATE3F_RETAINED_HEAVY_NODE,False,False,False,,,,,,,,,,,,,,,,,,
P:827,N,PARENT_HBN,PARENT,827,GATE3F_RETAINED_HEAVY_NODE,False,False,False,,,,,,,,,,,,,,,,,,
P:828,B,PARENT_HBN,PARENT,828,GATE3F_RETAINED_HEAVY_NODE,False,False,False,,,,,,,,,,,,,,,,,,
P:829,N,PARENT_HBN,PARENT,829,GATE3F_RETAINED_HEAVY_NODE,False,False,False,,,,,,,,,,,,,,,,,,
P:830,B,PARENT_HBN,PARENT,830,GATE3F_RETAINED_HEAVY_NODE,False,False,False,,,,,,,,,,,,,,,,,,
P:831,N,PARENT_HBN,PARENT,831,GATE3F_RETAINED_HEAVY_NODE,False,False,False,,,,,,,,,,,,,,,,,,
P:832,B,PARENT_HBN,PARENT,832,GATE3F_RETAINED_HEAVY_NODE,False,False,False,,,,,,,,,,,,,,,,,,
P:833,N,PARENT_HBN,PARENT,833,GATE3F_RETAINED_HEAVY_NODE,False,False,False,,,,,,,,,,,,,,,,,,
P:834,B,PARENT_HBN,PARENT,834,GATE3F_RETAINED_HEAVY_NODE,False,False,False,,,,,,,,,,,,,,,,,,
P:835,N,PARENT_HBN,PARENT,835,GATE3F_RETAINED_HEAVY_NODE,False,False,False,,,,,,,,,,,,,,,,,,
P:836,B,PARENT_HBN,PARENT,836,GATE3F_RETAINED_HEAVY_NODE,False,False,False,,,,,,,,,,,,,,,,,,
P:837,N,PARENT_HBN,PARENT,837,GATE3F_RETAINED_HEAVY_NODE,False,False,False,,,,,,,,,,,,,,,,,,
P:838,B,PARENT_HBN,PARENT,838,GATE3F_RETAINED_HEAVY_NODE,False,False,False,,,,,,,,,,,,,,,,,,
P:839,N,PARENT_HBN,PARENT,839,GATE3F_RETAINED_HEAVY_NODE,False,False,False,,,,,,,,,,,,,,,,,,
P:840,B,PARENT_HBN,PARENT,840,GATE3F_RETAINED_HEAVY_NODE,False,False,False,,,,,,,,,,,,,,,,,,
P:841,N,PARENT_HBN,PARENT,841,GATE3F_RETAINED_HEAVY_NODE,False,False,False,,,,,,,,,,,,,,,,,,
P:842,B,PARENT_HBN,PARENT,842,GATE3F_RETAINED_HEAVY_NODE,False,False,False,,,,,,,,,,,,,,,,,,
P:843,N,PARENT_HBN,PARENT,843,GATE3F_RETAINED_HEAVY_NODE,False,False,False,,,,,,,,,,,,,,,,,,
P:844,B,PARENT_HBN,PARENT,844,GATE3F_RETAINED_HEAVY_NODE,False,False,False,,,,,,,,,,,,,,,,,,
P:845,N,PARENT_HBN,PARENT,845,GATE3F_RETAINED_HEAVY_NODE,False,False,False,,,,,,,,,,,,,,,,,,
P:846,B,PARENT_HBN,PARENT,846,GATE3F_RETAINED_HEAVY_NODE,False,False,False,,,,,,,,,,,,,,,,,,
P:847,N,PARENT_HBN,PARENT,847,GATE3F_RETAINED_HEAVY_NODE,False,False,False,,,,,,,,,,,,,,,,,,
P:848,B,PARENT_HBN,PARENT,848,GATE3F_RETAINED_HEAVY_NODE,False,False,False,,,,,,,,,,,,,,,,,,
P:849,N,PARENT_HBN,PARENT,849,GATE3F_RETAINED_HEAVY_NODE,False,False,False,,,,,,,,,,,,,,,,,,
P:850,B,PARENT_HBN,PARENT,850,GATE3F_RETAINED_HEAVY_NODE,False,False,False,,,,,,,,,,,,,,,,,,
P:851,N,PARENT_HBN,PARENT,851,GATE3F_RETAINED_HEAVY_NODE,False,False,False,,,,,,,,,,,,,,,,,,
P:852,B,PARENT_HBN,PARENT,852,GATE3F_RETAINED_HEAVY_NODE,False,False,False,,,,,,,,,,,,,,,,,,
P:853,N,PARENT_HBN,PARENT,853,GATE3F_RETAINED_HEAVY_NODE,False,False,False,,,,,,,,,,,,,,,,,,
P:854,B,PARENT_HBN,PARENT,854,GATE3F_RETAINED_HEAVY_NODE,False,False,False,,,,,,,,,,,,,,,,,,
P:855,N,PARENT_HBN,PARENT,855,GATE3F_RETAINED_HEAVY_NODE,False,False,False,,,,,,,,,,,,,,,,,,
P:856,B,PARENT_HBN,PARENT,856,GATE3F_RETAINED_HEAVY_NODE,False,False,False,,,,,,,,,,,,,,,,,,
P:857,N,PARENT_HBN,PARENT,857,GATE3F_RETAINED_HEAVY_NODE,False,False,False,,,,,,,,,,,,,,,,,,
P:858,B,PARENT_HBN,PARENT,858,GATE3F_RETAINED_HEAVY_NODE,False,False,False,,,,,,,,,,,,,,,,,,
P:859,N,PARENT_HBN,PARENT,859,GATE3F_RETAINED_HEAVY_NODE,False,False,False,,,,,,,,,,,,,,,,,,
P:860,B,PARENT_HBN,PARENT,860,GATE3F_RETAINED_HEAVY_NODE,False,False,False,,,,,,,,,,,,,,,,,,
P:861,N,PARENT_HBN,PARENT,861,GATE3F_RETAINED_HEAVY_NODE,False,False,False,,,,,,,,,,,,,,,,,,
P:862,B,PARENT_HBN,PARENT,862,GATE3F_RETAINED_HEAVY_NODE,False,False,False,,,,,,,,,,,,,,,,,,
P:863,N,PARENT_HBN,PARENT,863,GATE3F_RETAINED_HEAVY_NODE,False,False,False,,,,,,,,,,,,,,,,,,
P:864,B,PARENT_HBN,PARENT,864,GATE3F_RETAINED_HEAVY_NODE,False,False,False,,,,,,,,,,,,,,,,,,
P:865,N,PARENT_HBN,PARENT,865,GATE3F_RETAINED_HEAVY_NODE,False,False,False,,,,,,,,,,,,,,,,,,
P:866,B,PARENT_HBN,PARENT,866,GATE3F_RETAINED_HEAVY_NODE,False,False,False,,,,,,,,,,,,,,,,,,
P:867,N,PARENT_HBN,PARENT,867,GATE3F_RETAINED_HEAVY_NODE,False,False,False,,,,,,,,,,,,,,,,,,
P:868,B,PARENT_HBN,PARENT,868,GATE3F_RETAINED_HEAVY_NODE,False,False,False,,,,,,,,,,,,,,,,,,
P:869,N,PARENT_HBN,PARENT,869,GATE3F_RETAINED_HEAVY_NODE,False,False,False,,,,,,,,,,,,,,,,,,
P:870,B,PARENT_HBN,PARENT,870,GATE3F_RETAINED_HEAVY_NODE,False,False,False,,,,,,,,,,,,,,,,,,
P:871,N,PARENT_HBN,PARENT,871,GATE3F_RETAINED_HEAVY_NODE,False,False,False,,,,,,,,,,,,,,,,,,
P:872,B,PARENT_HBN,PARENT,872,GATE3F_RETAINED_HEAVY_NODE,False,False,False,,,,,,,,,,,,,,,,,,
P:873,N,PARENT_HBN,PARENT,873,GATE3F_RETAINED_HEAVY_NODE,False,False,False,,,,,,,,,,,,,,,,,,
P:874,B,PARENT_HBN,PARENT,874,GATE3F_RETAINED_HEAVY_NODE,False,False,False,,,,,,,,,,,,,,,,,,
P:875,N,PARENT_HBN,PARENT,875,GATE3F_RETAINED_HEAVY_NODE,False,False,False,,,,,,,,,,,,,,,,,,
P:876,B,PARENT_HBN,PARENT,876,GATE3F_RETAINED_HEAVY_NODE,False,False,False,,,,,,,,,,,,,,,,,,
P:877,N,PARENT_HBN,PARENT,877,GATE3F_RETAINED_HEAVY_NODE,False,False,False,,,,,,,,,,,,,,,,,,
P:878,B,PARENT_HBN,PARENT,878,GATE3F_RETAINED_HEAVY_NODE,False,False,False,,,,,,,,,,,,,,,,,,
P:879,N,PARENT_HBN,PARENT,879,GATE3F_RETAINED_HEAVY_NODE,False,False,False,,,,,,,,,,,,,,,,,,
P:880,B,PARENT_HBN,PARENT,880,GATE3F_RETAINED_HEAVY_NODE,False,False,False,,,,,,,,,,,,,,,,,,
P:881,N,PARENT_HBN,PARENT,881,GATE3F_RETAINED_HEAVY_NODE,False,False,False,,,,,,,,,,,,,,,,,,
P:882,B,PARENT_HBN,PARENT,882,GATE3F_RETAINED_HEAVY_NODE,False,False,False,,,,,,,,,,,,,,,,,,
P:883,N,PARENT_HBN,PARENT,883,GATE3F_RETAINED_HEAVY_NODE,False,False,False,,,,,,,,,,,,,,,,,,
P:884,B,PARENT_HBN,PARENT,884,GATE3F_RETAINED_HEAVY_NODE,False,False,False,,,,,,,,,,,,,,,,,,
P:885,N,PARENT_HBN,PARENT,885,GATE3F_RETAINED_HEAVY_NODE,False,False,False,,,,,,,,,,,,,,,,,,
P:886,B,PARENT_HBN,PARENT,886,GATE3F_RETAINED_HEAVY_NODE,False,False,False,,,,,,,,,,,,,,,,,,
P:887,N,PARENT_HBN,PARENT,887,GATE3F_RETAINED_HEAVY_NODE,False,False,False,,,,,,,,,,,,,,,,,,
P:888,B,PARENT_HBN,PARENT,888,GATE3F_RETAINED_HEAVY_NODE,False,False,False,,,,,,,,,,,,,,,,,,
P:889,N,PARENT_HBN,PARENT,889,GATE3F_RETAINED_HEAVY_NODE,False,False,False,,,,,,,,,,,,,,,,,,
P:890,B,PARENT_HBN,PARENT,890,GATE3F_RETAINED_HEAVY_NODE,False,False,False,,,,,,,,,,,,,,,,,,
P:891,N,PARENT_HBN,PARENT,891,GATE3F_RETAINED_HEAVY_NODE,False,False,False,,,,,,,,,,,,,,,,,,
P:892,B,PARENT_HBN,PARENT,892,GATE3F_RETAINED_HEAVY_NODE,False,False,False,,,,,,,,,,,,,,,,,,
P:893,N,PARENT_HBN,PARENT,893,GATE3F_RETAINED_HEAVY_NODE,False,False,False,,,,,,,,,,,,,,,,,,
P:894,B,PARENT_HBN,PARENT,894,GATE3F_RETAINED_HEAVY_NODE,False,False,False,,,,,,,,,,,,,,,,,,
P:895,N,PARENT_HBN,PARENT,895,GATE3F_RETAINED_HEAVY_NODE,False,False,False,,,,,,,,,,,,,,,,,,
P:896,B,PARENT_HBN,PARENT,896,GATE3F_RETAINED_HEAVY_NODE,False,False,False,,,,,,,,,,,,,,,,,,
P:897,N,PARENT_HBN,PARENT,897,GATE3F_RETAINED_HEAVY_NODE,False,False,False,,,,,,,,,,,,,,,,,,
P:898,B,PARENT_HBN,PARENT,898,GATE3F_RETAINED_HEAVY_NODE,False,False,False,,,,,,,,,,,,,,,,,,
P:899,N,PARENT_HBN,PARENT,899,GATE3F_RETAINED_HEAVY_NODE,False,False,False,,,,,,,,,,,,,,,,,,
P:900,B,PARENT_HBN,PARENT,900,GATE3F_RETAINED_HEAVY_NODE,False,False,False,,,,,,,,,,,,,,,,,,
P:901,N,PARENT_HBN,PARENT,901,GATE3F_RETAINED_HEAVY_NODE,False,False,False,,,,,,,,,,,,,,,,,,
P:902,B,PARENT_HBN,PARENT,902,GATE3F_RETAINED_HEAVY_NODE,False,False,False,,,,,,,,,,,,,,,,,,
P:903,N,PARENT_HBN,PARENT,903,GATE3F_RETAINED_HEAVY_NODE,False,False,False,,,,,,,,,,,,,,,,,,
P:904,B,PARENT_HBN,PARENT,904,GATE3F_RETAINED_HEAVY_NODE,False,False,False,,,,,,,,,,,,,,,,,,
P:905,N,PARENT_HBN,PARENT,905,GATE3F_RETAINED_HEAVY_NODE,False,False,False,,,,,,,,,,,,,,,,,,
P:906,B,PARENT_HBN,PARENT,906,GATE3F_RETAINED_HEAVY_NODE,False,False,False,,,,,,,,,,,,,,,,,,
P:907,N,PARENT_HBN,PARENT,907,GATE3F_RETAINED_HEAVY_NODE,False,False,False,,,,,,,,,,,,,,,,,,
P:908,B,PARENT_HBN,PARENT,908,GATE3F_RETAINED_HEAVY_NODE,False,False,False,,,,,,,,,,,,,,,,,,
P:909,N,PARENT_HBN,PARENT,909,GATE3F_RETAINED_HEAVY_NODE,False,False,False,,,,,,,,,,,,,,,,,,
P:910,B,PARENT_HBN,PARENT,910,GATE3F_RETAINED_HEAVY_NODE,False,False,False,,,,,,,,,,,,,,,,,,
P:911,N,PARENT_HBN,PARENT,911,GATE3F_RETAINED_HEAVY_NODE,False,False,False,,,,,,,,,,,,,,,,,,
P:912,B,PARENT_HBN,PARENT,912,GATE3F_RETAINED_HEAVY_NODE,False,False,False,,,,,,,,,,,,,,,,,,
P:913,N,PARENT_HBN,PARENT,913,GATE3F_RETAINED_HEAVY_NODE,False,False,False,,,,,,,,,,,,,,,,,,
P:914,B,PARENT_HBN,PARENT,914,GATE3F_RETAINED_HEAVY_NODE,False,False,False,,,,,,,,,,,,,,,,,,
P:915,N,PARENT_HBN,PARENT,915,GATE3F_RETAINED_HEAVY_NODE,False,False,False,,,,,,,,,,,,,,,,,,
P:916,B,PARENT_HBN,PARENT,916,GATE3F_RETAINED_HEAVY_NODE,False,False,False,,,,,,,,,,,,,,,,,,
P:917,N,PARENT_HBN,PARENT,917,GATE3F_RETAINED_HEAVY_NODE,False,False,False,,,,,,,,,,,,,,,,,,
P:918,B,PARENT_HBN,PARENT,918,GATE3F_RETAINED_HEAVY_NODE,False,False,False,,,,,,,,,,,,,,,,,,
P:919,N,PARENT_HBN,PARENT,919,GATE3F_RETAINED_HEAVY_NODE,False,False,False,,,,,,,,,,,,,,,,,,
P:920,B,PARENT_HBN,PARENT,920,GATE3F_RETAINED_HEAVY_NODE,False,False,False,,,,,,,,,,,,,,,,,,
P:921,N,PARENT_HBN,PARENT,921,GATE3F_RETAINED_HEAVY_NODE,False,False,False,,,,,,,,,,,,,,,,,,
P:922,B,PARENT_HBN,PARENT,922,GATE3F_RETAINED_HEAVY_NODE,False,False,False,,,,,,,,,,,,,,,,,,
P:923,N,PARENT_HBN,PARENT,923,GATE3F_RETAINED_HEAVY_NODE,False,False,False,,,,,,,,,,,,,,,,,,
P:924,B,PARENT_HBN,PARENT,924,GATE3F_RETAINED_HEAVY_NODE,False,False,False,,,,,,,,,,,,,,,,,,
P:925,N,PARENT_HBN,PARENT,925,GATE3F_RETAINED_HEAVY_NODE,False,False,False,,,,,,,,,,,,,,,,,,
P:926,B,PARENT_HBN,PARENT,926,GATE3F_RETAINED_HEAVY_NODE,False,False,False,,,,,,,,,,,,,,,,,,
P:927,N,PARENT_HBN,PARENT,927,GATE3F_RETAINED_HEAVY_NODE,False,False,False,,,,,,,,,,,,,,,,,,
P:928,B,PARENT_HBN,PARENT,928,GATE3F_RETAINED_HEAVY_NODE,False,False,False,,,,,,,,,,,,,,,,,,
P:929,N,PARENT_HBN,PARENT,929,GATE3F_RETAINED_HEAVY_NODE,False,False,False,,,,,,,,,,,,,,,,,,
P:930,B,PARENT_HBN,PARENT,930,GATE3F_RETAINED_HEAVY_NODE,False,False,False,,,,,,,,,,,,,,,,,,
P:931,N,PARENT_HBN,PARENT,931,GATE3F_RETAINED_HEAVY_NODE,False,False,False,,,,,,,,,,,,,,,,,,
P:932,B,PARENT_HBN,PARENT,932,GATE3F_RETAINED_HEAVY_NODE,False,False,False,,,,,,,,,,,,,,,,,,
P:933,N,PARENT_HBN,PARENT,933,GATE3F_RETAINED_HEAVY_NODE,False,False,False,,,,,,,,,,,,,,,,,,
P:934,B,PARENT_HBN,PARENT,934,GATE3F_RETAINED_HEAVY_NODE,False,False,False,,,,,,,,,,,,,,,,,,
P:935,N,PARENT_HBN,PARENT,935,GATE3F_RETAINED_HEAVY_NODE,False,False,False,,,,,,,,,,,,,,,,,,
P:936,B,PARENT_HBN,PARENT,936,GATE3F_RETAINED_HEAVY_NODE,False,False,False,,,,,,,,,,,,,,,,,,
P:937,N,PARENT_HBN,PARENT,937,GATE3F_RETAINED_HEAVY_NODE,False,False,False,,,,,,,,,,,,,,,,,,
P:938,B,PARENT_HBN,PARENT,938,GATE3F_RETAINED_HEAVY_NODE,False,False,False,,,,,,,,,,,,,,,,,,
P:939,N,PARENT_HBN,PARENT,939,GATE3F_RETAINED_HEAVY_NODE,False,False,False,,,,,,,,,,,,,,,,,,
P:940,B,PARENT_HBN,PARENT,940,GATE3F_RETAINED_HEAVY_NODE,False,False,False,,,,,,,,,,,,,,,,,,
P:941,N,PARENT_HBN,PARENT,941,GATE3F_RETAINED_HEAVY_NODE,False,False,False,,,,,,,,,,,,,,,,,,
P:942,B,PARENT_HBN,PARENT,942,GATE3F_RETAINED_HEAVY_NODE,False,False,False,,,,,,,,,,,,,,,,,,
P:943,N,PARENT_HBN,PARENT,943,GATE3F_RETAINED_HEAVY_NODE,False,False,False,,,,,,,,,,,,,,,,,,
P:944,B,PARENT_HBN,PARENT,944,GATE3F_RETAINED_HEAVY_NODE,False,False,False,,,,,,,,,,,,,,,,,,
P:945,N,PARENT_HBN,PARENT,945,GATE3F_RETAINED_HEAVY_NODE,False,False,False,,,,,,,,,,,,,,,,,,
P:946,B,PARENT_HBN,PARENT,946,GATE3F_RETAINED_HEAVY_NODE,False,False,False,,,,,,,,,,,,,,,,,,
P:947,N,PARENT_HBN,PARENT,947,GATE3F_RETAINED_HEAVY_NODE,False,False,False,,,,,,,,,,,,,,,,,,
P:948,B,PARENT_HBN,PARENT,948,GATE3F_RETAINED_HEAVY_NODE,False,False,False,,,,,,,,,,,,,,,,,,
P:949,N,PARENT_HBN,PARENT,949,GATE3F_RETAINED_HEAVY_NODE,False,False,False,,,,,,,,,,,,,,,,,,
P:950,B,PARENT_HBN,PARENT,950,GATE3F_RETAINED_HEAVY_NODE,False,False,False,,,,,,,,,,,,,,,,,,
P:951,N,PARENT_HBN,PARENT,951,GATE3F_RETAINED_HEAVY_NODE,False,False,False,,,,,,,,,,,,,,,,,,
P:952,B,PARENT_HBN,PARENT,952,GATE3F_RETAINED_HEAVY_NODE,False,False,False,,,,,,,,,,,,,,,,,,
P:953,N,PARENT_HBN,PARENT,953,GATE3F_RETAINED_HEAVY_NODE,False,False,False,,,,,,,,,,,,,,,,,,
P:954,B,PARENT_HBN,PARENT,954,GATE3F_RETAINED_HEAVY_NODE,False,False,False,,,,,,,,,,,,,,,,,,
P:955,N,PARENT_HBN,PARENT,955,GATE3F_RETAINED_HEAVY_NODE,False,False,False,,,,,,,,,,,,,,,,,,
P:956,B,PARENT_HBN,PARENT,956,GATE3F_RETAINED_HEAVY_NODE,False,False,False,,,,,,,,,,,,,,,,,,
P:957,N,PARENT_HBN,PARENT,957,GATE3F_RETAINED_HEAVY_NODE,False,False,False,,,,,,,,,,,,,,,,,,
P:958,B,PARENT_HBN,PARENT,958,GATE3F_RETAINED_HEAVY_NODE,False,False,False,,,,,,,,,,,,,,,,,,
P:959,N,PARENT_HBN,PARENT,959,GATE3F_RETAINED_HEAVY_NODE,False,False,False,,,,,,,,,,,,,,,,,,
P:960,B,PARENT_HBN,PARENT,960,GATE3F_RETAINED_HEAVY_NODE,False,False,False,,,,,,,,,,,,,,,,,,
P:961,N,PARENT_HBN,PARENT,961,GATE3F_RETAINED_HEAVY_NODE,False,False,False,,,,,,,,,,,,,,,,,,
P:962,B,PARENT_HBN,PARENT,962,GATE3F_RETAINED_HEAVY_NODE,False,False,False,,,,,,,,,,,,,,,,,,
P:963,N,PARENT_HBN,PARENT,963,GATE3F_RETAINED_HEAVY_NODE,False,False,False,,,,,,,,,,,,,,,,,,
P:964,B,PARENT_HBN,PARENT,964,GATE3F_RETAINED_HEAVY_NODE,False,False,False,,,,,,,,,,,,,,,,,,
P:965,N,PARENT_HBN,PARENT,965,GATE3F_RETAINED_HEAVY_NODE,False,False,False,,,,,,,,,,,,,,,,,,
P:966,B,PARENT_HBN,PARENT,966,GATE3F_RETAINED_HEAVY_NODE,False,False,False,,,,,,,,,,,,,,,,,,
P:967,N,PARENT_HBN,PARENT,967,GATE3F_RETAINED_HEAVY_NODE,False,False,False,,,,,,,,,,,,,,,,,,
P:968,B,PARENT_HBN,PARENT,968,GATE3F_RETAINED_HEAVY_NODE,False,False,False,,,,,,,,,,,,,,,,,,
P:969,N,PARENT_HBN,PARENT,969,GATE3F_RETAINED_HEAVY_NODE,False,False,False,,,,,,,,,,,,,,,,,,
P:970,B,PARENT_HBN,PARENT,970,GATE3F_RETAINED_HEAVY_NODE,False,False,False,,,,,,,,,,,,,,,,,,
P:971,N,PARENT_HBN,PARENT,971,GATE3F_RETAINED_HEAVY_NODE,False,False,False,,,,,,,,,,,,,,,,,,
P:972,B,PARENT_HBN,PARENT,972,GATE3F_RETAINED_HEAVY_NODE,False,False,False,,,,,,,,,,,,,,,,,,
P:973,N,PARENT_HBN,PARENT,973,GATE3F_RETAINED_HEAVY_NODE,False,False,False,,,,,,,,,,,,,,,,,,
P:974,B,PARENT_HBN,PARENT,974,GATE3F_RETAINED_HEAVY_NODE,False,False,False,,,,,,,,,,,,,,,,,,
P:975,N,PARENT_HBN,PARENT,975,GATE3F_RETAINED_HEAVY_NODE,False,False,False,,,,,,,,,,,,,,,,,,
P:976,B,PARENT_HBN,PARENT,976,GATE3F_RETAINED_HEAVY_NODE,False,False,False,,,,,,,,,,,,,,,,,,
P:977,N,PARENT_HBN,PARENT,977,GATE3F_RETAINED_HEAVY_NODE,False,False,False,,,,,,,,,,,,,,,,,,
P:978,B,PARENT_HBN,PARENT,978,GATE3F_RETAINED_HEAVY_NODE,False,False,False,,,,,,,,,,,,,,,,,,
P:979,N,PARENT_HBN,PARENT,979,GATE3F_RETAINED_HEAVY_NODE,False,False,False,,,,,,,,,,,,,,,,,,
P:980,B,PARENT_HBN,PARENT,980,GATE3F_RETAINED_HEAVY_NODE,False,False,False,,,,,,,,,,,,,,,,,,
P:981,N,PARENT_HBN,PARENT,981,GATE3F_RETAINED_HEAVY_NODE,False,False,False,,,,,,,,,,,,,,,,,,
P:982,B,PARENT_HBN,PARENT,982,GATE3F_RETAINED_HEAVY_NODE,False,False,False,,,,,,,,,,,,,,,,,,
P:983,N,PARENT_HBN,PARENT,983,GATE3F_RETAINED_HEAVY_NODE,False,False,False,,,,,,,,,,,,,,,,,,
P:984,B,PARENT_HBN,PARENT,984,GATE3F_RETAINED_HEAVY_NODE,False,False,False,,,,,,,,,,,,,,,,,,
P:985,N,PARENT_HBN,PARENT,985,GATE3F_RETAINED_HEAVY_NODE,False,False,False,,,,,,,,,,,,,,,,,,
P:986,B,PARENT_HBN,PARENT,986,GATE3F_RETAINED_HEAVY_NODE,False,False,False,,,,,,,,,,,,,,,,,,
P:987,N,PARENT_HBN,PARENT,987,GATE3F_RETAINED_HEAVY_NODE,False,False,False,,,,,,,,,,,,,,,,,,
P:988,B,PARENT_HBN,PARENT,988,GATE3F_RETAINED_HEAVY_NODE,False,False,False,,,,,,,,,,,,,,,,,,
P:989,N,PARENT_HBN,PARENT,989,GATE3F_RETAINED_HEAVY_NODE,False,False,False,,,,,,,,,,,,,,,,,,
P:990,B,PARENT_HBN,PARENT,990,GATE3F_RETAINED_HEAVY_NODE,False,False,False,,,,,,,,,,,,,,,,,,
P:991,N,PARENT_HBN,PARENT,991,GATE3F_RETAINED_HEAVY_NODE,False,False,False,,,,,,,,,,,,,,,,,,
P:992,B,PARENT_HBN,PARENT,992,GATE3F_RETAINED_HEAVY_NODE,False,False,False,,,,,,,,,,,,,,,,,,
P:993,N,PARENT_HBN,PARENT,993,GATE3F_RETAINED_HEAVY_NODE,False,False,False,,,,,,,,,,,,,,,,,,
P:994,B,PARENT_HBN,PARENT,994,GATE3F_RETAINED_HEAVY_NODE,False,False,False,,,,,,,,,,,,,,,,,,
P:995,N,PARENT_HBN,PARENT,995,GATE3F_RETAINED_HEAVY_NODE,False,False,False,,,,,,,,,,,,,,,,,,
P:996,B,PARENT_HBN,PARENT,996,GATE3F_RETAINED_HEAVY_NODE,False,False,False,,,,,,,,,,,,,,,,,,
P:997,N,PARENT_HBN,PARENT,997,GATE3F_RETAINED_HEAVY_NODE,False,False,False,,,,,,,,,,,,,,,,,,
P:998,B,PARENT_HBN,PARENT,998,GATE3F_RETAINED_HEAVY_NODE,False,False,False,,,,,,,,,,,,,,,,,,
P:999,N,PARENT_HBN,PARENT,999,GATE3F_RETAINED_HEAVY_NODE,False,False,False,,,,,,,,,,,,,,,,,,
P:1000,B,PARENT_HBN,PARENT,1000,GATE3F_RETAINED_HEAVY_NODE,False,False,False,,,,,,,,,,,,,,,,,,
P:1001,N,PARENT_HBN,PARENT,1001,GATE3F_RETAINED_HEAVY_NODE,False,False,False,,,,,,,,,,,,,,,,,,
P:1002,B,PARENT_HBN,PARENT,1002,GATE3F_RETAINED_HEAVY_NODE,False,False,False,,,,,,,,,,,,,,,,,,
P:1003,N,PARENT_HBN,PARENT,1003,GATE3F_RETAINED_HEAVY_NODE,False,False,False,,,,,,,,,,,,,,,,,,
P:1004,B,PARENT_HBN,PARENT,1004,GATE3F_RETAINED_HEAVY_NODE,False,False,False,,,,,,,,,,,,,,,,,,
P:1005,N,PARENT_HBN,PARENT,1005,GATE3F_RETAINED_HEAVY_NODE,False,False,False,,,,,,,,,,,,,,,,,,
P:1006,B,PARENT_HBN,PARENT,1006,GATE3F_RETAINED_HEAVY_NODE,False,False,False,,,,,,,,,,,,,,,,,,
P:1007,N,PARENT_HBN,PARENT,1007,GATE3F_RETAINED_HEAVY_NODE,False,False,False,,,,,,,,,,,,,,,,,,
P:1008,B,PARENT_HBN,PARENT,1008,GATE3F_RETAINED_HEAVY_NODE,False,False,False,,,,,,,,,,,,,,,,,,
P:1009,N,PARENT_HBN,PARENT,1009,GATE3F_RETAINED_HEAVY_NODE,False,False,False,,,,,,,,,,,,,,,,,,
P:1010,B,PARENT_HBN,PARENT,1010,GATE3F_RETAINED_HEAVY_NODE,False,False,False,,,,,,,,,,,,,,,,,,
P:1011,N,PARENT_HBN,PARENT,1011,GATE3F_RETAINED_HEAVY_NODE,False,False,False,,,,,,,,,,,,,,,,,,
P:1012,B,PARENT_HBN,PARENT,1012,GATE3F_RETAINED_HEAVY_NODE,False,False,False,,,,,,,,,,,,,,,,,,
P:1013,N,PARENT_HBN,PARENT,1013,GATE3F_RETAINED_HEAVY_NODE,False,False,False,,,,,,,,,,,,,,,,,,
P:1014,B,PARENT_HBN,PARENT,1014,GATE3F_RETAINED_HEAVY_NODE,False,False,False,,,,,,,,,,,,,,,,,,
P:1015,N,PARENT_HBN,PARENT,1015,GATE3F_RETAINED_HEAVY_NODE,False,False,False,,,,,,,,,,,,,,,,,,
P:1016,B,PARENT_HBN,PARENT,1016,GATE3F_RETAINED_HEAVY_NODE,False,False,False,,,,,,,,,,,,,,,,,,
P:1017,N,PARENT_HBN,PARENT,1017,GATE3F_RETAINED_HEAVY_NODE,False,False,False,,,,,,,,,,,,,,,,,,
P:1018,B,PARENT_HBN,PARENT,1018,GATE3F_RETAINED_HEAVY_NODE,False,False,False,,,,,,,,,,,,,,,,,,
P:1019,N,PARENT_HBN,PARENT,1019,GATE3F_RETAINED_HEAVY_NODE,False,False,False,,,,,,,,,,,,,,,,,,
P:1020,B,PARENT_HBN,PARENT,1020,GATE3F_RETAINED_HEAVY_NODE,False,False,False,,,,,,,,,,,,,,,,,,
P:1021,N,PARENT_HBN,PARENT,1021,GATE3F_RETAINED_HEAVY_NODE,False,False,False,,,,,,,,,,,,,,,,,,
P:1022,B,PARENT_HBN,PARENT,1022,GATE3F_RETAINED_HEAVY_NODE,False,False,False,,,,,,,,,,,,,,,,,,
P:1023,N,PARENT_HBN,PARENT,1023,GATE3F_RETAINED_HEAVY_NODE,False,False,False,,,,,,,,,,,,,,,,,,
P:1024,B,PARENT_HBN,PARENT,1024,GATE3F_RETAINED_HEAVY_NODE,False,False,False,,,,,,,,,,,,,,,,,,
P:1025,N,PARENT_HBN,PARENT,1025,GATE3F_RETAINED_HEAVY_NODE,False,False,False,,,,,,,,,,,,,,,,,,
P:1026,B,PARENT_HBN,PARENT,1026,GATE3F_RETAINED_HEAVY_NODE,False,False,False,,,,,,,,,,,,,,,,,,
P:1027,N,PARENT_HBN,PARENT,1027,GATE3F_RETAINED_HEAVY_NODE,False,False,False,,,,,,,,,,,,,,,,,,
P:1028,B,PARENT_HBN,PARENT,1028,GATE3F_RETAINED_HEAVY_NODE,False,False,False,,,,,,,,,,,,,,,,,,
P:1029,N,PARENT_HBN,PARENT,1029,GATE3F_RETAINED_HEAVY_NODE,False,False,False,,,,,,,,,,,,,,,,,,
P:1030,B,PARENT_HBN,PARENT,1030,GATE3F_RETAINED_HEAVY_NODE,False,False,False,,,,,,,,,,,,,,,,,,
P:1031,N,PARENT_HBN,PARENT,1031,GATE3F_RETAINED_HEAVY_NODE,False,False,False,,,,,,,,,,,,,,,,,,
P:1032,B,PARENT_HBN,PARENT,1032,GATE3F_RETAINED_HEAVY_NODE,False,False,False,,,,,,,,,,,,,,,,,,
P:1033,N,PARENT_HBN,PARENT,1033,GATE3F_RETAINED_HEAVY_NODE,False,False,False,,,,,,,,,,,,,,,,,,
P:1034,B,PARENT_HBN,PARENT,1034,GATE3F_RETAINED_HEAVY_NODE,False,False,False,,,,,,,,,,,,,,,,,,
P:1035,N,PARENT_HBN,PARENT,1035,GATE3F_RETAINED_HEAVY_NODE,False,False,False,,,,,,,,,,,,,,,,,,
P:1036,B,PARENT_HBN,PARENT,1036,GATE3F_RETAINED_HEAVY_NODE,False,False,False,,,,,,,,,,,,,,,,,,
P:1037,N,PARENT_HBN,PARENT,1037,GATE3F_RETAINED_HEAVY_NODE,False,False,False,,,,,,,,,,,,,,,,,,
P:1038,B,PARENT_HBN,PARENT,1038,GATE3F_RETAINED_HEAVY_NODE,False,False,False,,,,,,,,,,,,,,,,,,
P:1039,N,PARENT_HBN,PARENT,1039,GATE3F_RETAINED_HEAVY_NODE,False,False,False,,,,,,,,,,,,,,,,,,
P:1040,B,PARENT_HBN,PARENT,1040,GATE3F_RETAINED_HEAVY_NODE,False,False,False,,,,,,,,,,,,,,,,,,
P:1041,N,PARENT_HBN,PARENT,1041,GATE3F_RETAINED_HEAVY_NODE,False,False,False,,,,,,,,,,,,,,,,,,
P:1042,B,PARENT_HBN,PARENT,1042,GATE3F_RETAINED_HEAVY_NODE,False,False,False,,,,,,,,,,,,,,,,,,
P:1043,N,PARENT_HBN,PARENT,1043,GATE3F_RETAINED_HEAVY_NODE,False,False,False,,,,,,,,,,,,,,,,,,
P:1044,B,PARENT_HBN,PARENT,1044,GATE3F_RETAINED_HEAVY_NODE,False,False,False,,,,,,,,,,,,,,,,,,
P:1045,N,PARENT_HBN,PARENT,1045,GATE3F_RETAINED_HEAVY_NODE,False,False,False,,,,,,,,,,,,,,,,,,
P:1046,B,PARENT_HBN,PARENT,1046,GATE3F_RETAINED_HEAVY_NODE,False,False,False,,,,,,,,,,,,,,,,,,
P:1047,N,PARENT_HBN,PARENT,1047,GATE3F_RETAINED_HEAVY_NODE,False,False,False,,,,,,,,,,,,,,,,,,
P:1048,B,PARENT_HBN,PARENT,1048,GATE3F_RETAINED_HEAVY_NODE,False,False,False,,,,,,,,,,,,,,,,,,
P:1049,N,PARENT_HBN,PARENT,1049,GATE3F_RETAINED_HEAVY_NODE,False,False,False,,,,,,,,,,,,,,,,,,
P:1050,B,PARENT_HBN,PARENT,1050,GATE3F_RETAINED_HEAVY_NODE,False,False,False,,,,,,,,,,,,,,,,,,
P:1051,N,PARENT_HBN,PARENT,1051,GATE3F_RETAINED_HEAVY_NODE,False,False,False,,,,,,,,,,,,,,,,,,
P:1052,B,PARENT_HBN,PARENT,1052,GATE3F_RETAINED_HEAVY_NODE,False,False,False,,,,,,,,,,,,,,,,,,
P:1053,N,PARENT_HBN,PARENT,1053,GATE3F_RETAINED_HEAVY_NODE,False,False,False,,,,,,,,,,,,,,,,,,
P:1054,B,PARENT_HBN,PARENT,1054,GATE3F_RETAINED_HEAVY_NODE,False,False,False,,,,,,,,,,,,,,,,,,
P:1055,N,PARENT_HBN,PARENT,1055,GATE3F_RETAINED_HEAVY_NODE,False,False,False,,,,,,,,,,,,,,,,,,
P:1056,B,PARENT_HBN,PARENT,1056,GATE3F_RETAINED_HEAVY_NODE,False,False,False,,,,,,,,,,,,,,,,,,
P:1057,N,PARENT_HBN,PARENT,1057,GATE3F_RETAINED_HEAVY_NODE,False,False,False,,,,,,,,,,,,,,,,,,
P:1058,B,PARENT_HBN,PARENT,1058,GATE3F_RETAINED_HEAVY_NODE,False,False,False,,,,,,,,,,,,,,,,,,
P:1059,N,PARENT_HBN,PARENT,1059,GATE3F_RETAINED_HEAVY_NODE,False,False,False,,,,,,,,,,,,,,,,,,
P:1060,B,PARENT_HBN,PARENT,1060,GATE3F_RETAINED_HEAVY_NODE,False,False,False,,,,,,,,,,,,,,,,,,
P:1061,N,PARENT_HBN,PARENT,1061,GATE3F_RETAINED_HEAVY_NODE,False,False,False,,,,,,,,,,,,,,,,,,
P:1062,B,PARENT_HBN,PARENT,1062,GATE3F_RETAINED_HEAVY_NODE,False,False,False,,,,,,,,,,,,,,,,,,
P:1063,N,PARENT_HBN,PARENT,1063,GATE3F_RETAINED_HEAVY_NODE,False,False,False,,,,,,,,,,,,,,,,,,
P:1064,B,PARENT_HBN,PARENT,1064,GATE3F_RETAINED_HEAVY_NODE,False,False,False,,,,,,,,,,,,,,,,,,
P:1065,N,PARENT_HBN,PARENT,1065,GATE3F_RETAINED_HEAVY_NODE,False,False,False,,,,,,,,,,,,,,,,,,
P:1066,B,PARENT_HBN,PARENT,1066,GATE3F_RETAINED_HEAVY_NODE,False,False,False,,,,,,,,,,,,,,,,,,
P:1067,N,PARENT_HBN,PARENT,1067,GATE3F_RETAINED_HEAVY_NODE,False,False,False,,,,,,,,,,,,,,,,,,
P:1068,B,PARENT_HBN,PARENT,1068,GATE3F_RETAINED_HEAVY_NODE,False,False,False,,,,,,,,,,,,,,,,,,
P:1069,N,PARENT_HBN,PARENT,1069,GATE3F_RETAINED_HEAVY_NODE,False,False,False,,,,,,,,,,,,,,,,,,
P:1070,B,PARENT_HBN,PARENT,1070,GATE3F_RETAINED_HEAVY_NODE,False,False,False,,,,,,,,,,,,,,,,,,
P:1071,N,PARENT_HBN,PARENT,1071,GATE3F_RETAINED_HEAVY_NODE,False,False,False,,,,,,,,,,,,,,,,,,
P:1072,B,PARENT_HBN,PARENT,1072,GATE3F_RETAINED_HEAVY_NODE,False,False,False,,,,,,,,,,,,,,,,,,
P:1073,N,PARENT_HBN,PARENT,1073,GATE3F_RETAINED_HEAVY_NODE,False,False,False,,,,,,,,,,,,,,,,,,
P:1074,B,PARENT_HBN,PARENT,1074,GATE3F_RETAINED_HEAVY_NODE,False,False,False,,,,,,,,,,,,,,,,,,
P:1075,N,PARENT_HBN,PARENT,1075,GATE3F_RETAINED_HEAVY_NODE,False,False,False,,,,,,,,,,,,,,,,,,
P:1076,B,PARENT_HBN,PARENT,1076,GATE3F_RETAINED_HEAVY_NODE,False,False,False,,,,,,,,,,,,,,,,,,
P:1077,N,PARENT_HBN,PARENT,1077,GATE3F_RETAINED_HEAVY_NODE,False,False,False,,,,,,,,,,,,,,,,,,
P:1078,B,PARENT_HBN,PARENT,1078,GATE3F_RETAINED_HEAVY_NODE,False,False,False,,,,,,,,,,,,,,,,,,
P:1079,N,PARENT_HBN,PARENT,1079,GATE3F_RETAINED_HEAVY_NODE,False,False,False,,,,,,,,,,,,,,,,,,
P:1080,B,PARENT_HBN,PARENT,1080,GATE3F_RETAINED_HEAVY_NODE,False,False,False,,,,,,,,,,,,,,,,,,
P:1081,N,PARENT_HBN,PARENT,1081,GATE3F_RETAINED_HEAVY_NODE,False,False,False,,,,,,,,,,,,,,,,,,
P:1082,B,PARENT_HBN,PARENT,1082,GATE3F_RETAINED_HEAVY_NODE,False,False,False,,,,,,,,,,,,,,,,,,
P:1083,N,PARENT_HBN,PARENT,1083,GATE3F_RETAINED_HEAVY_NODE,False,False,False,,,,,,,,,,,,,,,,,,
P:1084,B,PARENT_HBN,PARENT,1084,GATE3F_RETAINED_HEAVY_NODE,False,False,False,,,,,,,,,,,,,,,,,,
P:1085,N,PARENT_HBN,PARENT,1085,GATE3F_RETAINED_HEAVY_NODE,False,False,False,,,,,,,,,,,,,,,,,,
P:1086,B,PARENT_HBN,PARENT,1086,GATE3F_RETAINED_HEAVY_NODE,False,False,False,,,,,,,,,,,,,,,,,,
P:1087,N,PARENT_HBN,PARENT,1087,GATE3F_RETAINED_HEAVY_NODE,False,False,False,,,,,,,,,,,,,,,,,,
P:1088,B,PARENT_HBN,PARENT,1088,GATE3F_RETAINED_HEAVY_NODE,False,False,False,,,,,,,,,,,,,,,,,,
P:1089,N,PARENT_HBN,PARENT,1089,GATE3F_RETAINED_HEAVY_NODE,False,False,False,,,,,,,,,,,,,,,,,,
P:1090,B,PARENT_HBN,PARENT,1090,GATE3F_RETAINED_HEAVY_NODE,False,False,False,,,,,,,,,,,,,,,,,,
P:1091,N,PARENT_HBN,PARENT,1091,GATE3F_RETAINED_HEAVY_NODE,False,False,False,,,,,,,,,,,,,,,,,,
P:1092,B,PARENT_HBN,PARENT,1092,GATE3F_RETAINED_HEAVY_NODE,False,False,False,,,,,,,,,,,,,,,,,,
P:1093,N,PARENT_HBN,PARENT,1093,GATE3F_RETAINED_HEAVY_NODE,False,False,False,,,,,,,,,,,,,,,,,,
P:1094,B,PARENT_HBN,PARENT,1094,GATE3F_RETAINED_HEAVY_NODE,False,False,False,,,,,,,,,,,,,,,,,,
P:1095,N,PARENT_HBN,PARENT,1095,GATE3F_RETAINED_HEAVY_NODE,False,False,False,,,,,,,,,,,,,,,,,,
P:1096,B,PARENT_HBN,PARENT,1096,GATE3F_RETAINED_HEAVY_NODE,False,False,False,,,,,,,,,,,,,,,,,,
P:1097,N,PARENT_HBN,PARENT,1097,GATE3F_RETAINED_HEAVY_NODE,False,False,False,,,,,,,,,,,,,,,,,,
P:1098,B,PARENT_HBN,PARENT,1098,GATE3F_RETAINED_HEAVY_NODE,False,False,False,,,,,,,,,,,,,,,,,,
P:1099,N,PARENT_HBN,PARENT,1099,GATE3F_RETAINED_HEAVY_NODE,False,False,False,,,,,,,,,,,,,,,,,,
P:1100,B,PARENT_HBN,PARENT,1100,GATE3F_RETAINED_HEAVY_NODE,False,False,False,,,,,,,,,,,,,,,,,,
P:1101,N,PARENT_HBN,PARENT,1101,GATE3F_RETAINED_HEAVY_NODE,False,False,False,,,,,,,,,,,,,,,,,,
P:1102,B,PARENT_HBN,PARENT,1102,GATE3F_RETAINED_HEAVY_NODE,False,False,False,,,,,,,,,,,,,,,,,,
P:1103,N,PARENT_HBN,PARENT,1103,GATE3F_RETAINED_HEAVY_NODE,False,False,False,,,,,,,,,,,,,,,,,,
P:1104,B,PARENT_HBN,PARENT,1104,GATE3F_RETAINED_HEAVY_NODE,False,False,False,,,,,,,,,,,,,,,,,,
P:1105,N,PARENT_HBN,PARENT,1105,GATE3F_RETAINED_HEAVY_NODE,False,False,False,,,,,,,,,,,,,,,,,,
P:1106,B,PARENT_HBN,PARENT,1106,GATE3F_RETAINED_HEAVY_NODE,False,False,False,,,,,,,,,,,,,,,,,,
P:1107,N,PARENT_HBN,PARENT,1107,GATE3F_RETAINED_HEAVY_NODE,False,False,False,,,,,,,,,,,,,,,,,,
P:1108,B,PARENT_HBN,PARENT,1108,GATE3F_RETAINED_HEAVY_NODE,False,False,False,,,,,,,,,,,,,,,,,,
P:1109,N,PARENT_HBN,PARENT,1109,GATE3F_RETAINED_HEAVY_NODE,False,False,False,,,,,,,,,,,,,,,,,,
P:1110,B,PARENT_HBN,PARENT,1110,GATE3F_RETAINED_HEAVY_NODE,False,False,False,,,,,,,,,,,,,,,,,,
P:1111,N,PARENT_HBN,PARENT,1111,GATE3F_RETAINED_HEAVY_NODE,False,False,False,,,,,,,,,,,,,,,,,,
P:1112,B,PARENT_HBN,PARENT,1112,GATE3F_RETAINED_HEAVY_NODE,False,False,False,,,,,,,,,,,,,,,,,,
P:1113,N,PARENT_HBN,PARENT,1113,GATE3F_RETAINED_HEAVY_NODE,False,False,False,,,,,,,,,,,,,,,,,,
P:1114,B,PARENT_HBN,PARENT,1114,GATE3F_RETAINED_HEAVY_NODE,False,False,False,,,,,,,,,,,,,,,,,,
P:1115,N,PARENT_HBN,PARENT,1115,GATE3F_RETAINED_HEAVY_NODE,False,False,False,,,,,,,,,,,,,,,,,,
P:1116,B,PARENT_HBN,PARENT,1116,GATE3F_RETAINED_HEAVY_NODE,False,False,False,,,,,,,,,,,,,,,,,,
P:1117,N,PARENT_HBN,PARENT,1117,GATE3F_RETAINED_HEAVY_NODE,False,False,False,,,,,,,,,,,,,,,,,,
P:1118,B,PARENT_HBN,PARENT,1118,GATE3F_RETAINED_HEAVY_NODE,False,False,False,,,,,,,,,,,,,,,,,,
P:1119,N,PARENT_HBN,PARENT,1119,GATE3F_RETAINED_HEAVY_NODE,False,False,False,,,,,,,,,,,,,,,,,,
P:1120,B,PARENT_HBN,PARENT,1120,GATE3F_RETAINED_HEAVY_NODE,False,False,False,,,,,,,,,,,,,,,,,,
P:1121,N,PARENT_HBN,PARENT,1121,GATE3F_RETAINED_HEAVY_NODE,False,False,False,,,,,,,,,,,,,,,,,,
P:1122,B,PARENT_HBN,PARENT,1122,GATE3F_RETAINED_HEAVY_NODE,False,False,False,,,,,,,,,,,,,,,,,,
P:1123,N,PARENT_HBN,PARENT,1123,GATE3F_RETAINED_HEAVY_NODE,False,False,False,,,,,,,,,,,,,,,,,,
P:1124,B,PARENT_HBN,PARENT,1124,GATE3F_RETAINED_HEAVY_NODE,False,False,False,,,,,,,,,,,,,,,,,,
P:1125,N,PARENT_HBN,PARENT,1125,GATE3F_RETAINED_HEAVY_NODE,False,False,False,,,,,,,,,,,,,,,,,,
P:1126,B,PARENT_HBN,PARENT,1126,GATE3F_RETAINED_HEAVY_NODE,False,False,False,,,,,,,,,,,,,,,,,,
P:1127,N,PARENT_HBN,PARENT,1127,GATE3F_RETAINED_HEAVY_NODE,False,False,False,,,,,,,,,,,,,,,,,,
P:1128,B,PARENT_HBN,PARENT,1128,GATE3F_RETAINED_HEAVY_NODE,False,False,False,,,,,,,,,,,,,,,,,,
P:1129,N,PARENT_HBN,PARENT,1129,GATE3F_RETAINED_HEAVY_NODE,False,False,False,,,,,,,,,,,,,,,,,,
P:1130,B,PARENT_HBN,PARENT,1130,GATE3F_RETAINED_HEAVY_NODE,False,False,False,,,,,,,,,,,,,,,,,,
P:1131,N,PARENT_HBN,PARENT,1131,GATE3F_RETAINED_HEAVY_NODE,False,False,False,,,,,,,,,,,,,,,,,,
P:1132,B,PARENT_HBN,PARENT,1132,GATE3F_RETAINED_HEAVY_NODE,False,False,False,,,,,,,,,,,,,,,,,,
P:1133,N,PARENT_HBN,PARENT,1133,GATE3F_RETAINED_HEAVY_NODE,False,False,False,,,,,,,,,,,,,,,,,,
P:1134,B,PARENT_HBN,PARENT,1134,GATE3F_RETAINED_HEAVY_NODE,False,False,False,,,,,,,,,,,,,,,,,,
P:1135,N,PARENT_HBN,PARENT,1135,GATE3F_RETAINED_HEAVY_NODE,False,False,False,,,,,,,,,,,,,,,,,,
P:1136,B,PARENT_HBN,PARENT,1136,GATE3F_RETAINED_HEAVY_NODE,False,False,False,,,,,,,,,,,,,,,,,,
P:1137,N,PARENT_HBN,PARENT,1137,GATE3F_RETAINED_HEAVY_NODE,False,False,False,,,,,,,,,,,,,,,,,,
P:1138,B,PARENT_HBN,PARENT,1138,GATE3F_RETAINED_HEAVY_NODE,False,False,False,,,,,,,,,,,,,,,,,,
P:1139,N,PARENT_HBN,PARENT,1139,GATE3F_RETAINED_HEAVY_NODE,False,False,False,,,,,,,,,,,,,,,,,,
P:1140,B,PARENT_HBN,PARENT,1140,GATE3F_RETAINED_HEAVY_NODE,False,False,False,,,,,,,,,,,,,,,,,,
P:1141,N,PARENT_HBN,PARENT,1141,GATE3F_RETAINED_HEAVY_NODE,False,False,False,,,,,,,,,,,,,,,,,,
P:1142,B,PARENT_HBN,PARENT,1142,GATE3F_RETAINED_HEAVY_NODE,False,False,False,,,,,,,,,,,,,,,,,,
P:1143,N,PARENT_HBN,PARENT,1143,GATE3F_RETAINED_HEAVY_NODE,False,False,False,,,,,,,,,,,,,,,,,,
P:1144,B,PARENT_HBN,PARENT,1144,GATE3F_RETAINED_HEAVY_NODE,False,False,False,,,,,,,,,,,,,,,,,,
P:1145,N,PARENT_HBN,PARENT,1145,GATE3F_RETAINED_HEAVY_NODE,False,False,False,,,,,,,,,,,,,,,,,,
P:1146,B,PARENT_HBN,PARENT,1146,GATE3F_RETAINED_HEAVY_NODE,False,False,False,,,,,,,,,,,,,,,,,,
P:1147,N,PARENT_HBN,PARENT,1147,GATE3F_RETAINED_HEAVY_NODE,False,False,False,,,,,,,,,,,,,,,,,,
P:1148,B,PARENT_HBN,PARENT,1148,GATE3F_RETAINED_HEAVY_NODE,False,False,False,,,,,,,,,,,,,,,,,,
P:1149,N,PARENT_HBN,PARENT,1149,GATE3F_RETAINED_HEAVY_NODE,False,False,False,,,,,,,,,,,,,,,,,,
P:1150,B,PARENT_HBN,PARENT,1150,GATE3F_RETAINED_HEAVY_NODE,False,False,False,,,,,,,,,,,,,,,,,,
P:1151,N,PARENT_HBN,PARENT,1151,GATE3F_RETAINED_HEAVY_NODE,False,False,False,,,,,,,,,,,,,,,,,,
P:1152,B,PARENT_HBN,PARENT,1152,GATE3F_RETAINED_HEAVY_NODE,False,False,False,,,,,,,,,,,,,,,,,,
P:1153,N,PARENT_HBN,PARENT,1153,GATE3F_RETAINED_HEAVY_NODE,False,False,False,,,,,,,,,,,,,,,,,,
P:1154,B,PARENT_HBN,PARENT,1154,GATE3F_RETAINED_HEAVY_NODE,False,False,False,,,,,,,,,,,,,,,,,,
P:1155,N,PARENT_HBN,PARENT,1155,GATE3F_RETAINED_HEAVY_NODE,False,False,False,,,,,,,,,,,,,,,,,,
P:1156,B,PARENT_HBN,PARENT,1156,GATE3F_RETAINED_HEAVY_NODE,False,False,False,,,,,,,,,,,,,,,,,,
P:1157,N,PARENT_HBN,PARENT,1157,GATE3F_RETAINED_HEAVY_NODE,False,False,False,,,,,,,,,,,,,,,,,,
P:1158,B,PARENT_HBN,PARENT,1158,GATE3F_RETAINED_HEAVY_NODE,False,False,False,,,,,,,,,,,,,,,,,,
P:1159,N,PARENT_HBN,PARENT,1159,GATE3F_RETAINED_HEAVY_NODE,False,False,False,,,,,,,,,,,,,,,,,,
P:1160,B,PARENT_HBN,PARENT,1160,GATE3F_RETAINED_HEAVY_NODE,False,False,False,,,,,,,,,,,,,,,,,,
P:1161,N,PARENT_HBN,PARENT,1161,GATE3F_RETAINED_HEAVY_NODE,False,False,False,,,,,,,,,,,,,,,,,,
P:1162,B,PARENT_HBN,PARENT,1162,GATE3F_RETAINED_HEAVY_NODE,False,False,False,,,,,,,,,,,,,,,,,,
P:1163,N,PARENT_HBN,PARENT,1163,GATE3F_RETAINED_HEAVY_NODE,False,False,False,,,,,,,,,,,,,,,,,,
P:1164,B,PARENT_HBN,PARENT,1164,GATE3F_RETAINED_HEAVY_NODE,False,False,False,,,,,,,,,,,,,,,,,,
P:1165,N,PARENT_HBN,PARENT,1165,GATE3F_RETAINED_HEAVY_NODE,False,False,False,,,,,,,,,,,,,,,,,,
P:1166,B,PARENT_HBN,PARENT,1166,GATE3F_RETAINED_HEAVY_NODE,False,False,False,,,,,,,,,,,,,,,,,,
P:1167,N,PARENT_HBN,PARENT,1167,GATE3F_RETAINED_HEAVY_NODE,False,False,False,,,,,,,,,,,,,,,,,,
P:1168,B,PARENT_HBN,PARENT,1168,GATE3F_RETAINED_HEAVY_NODE,False,False,False,,,,,,,,,,,,,,,,,,
P:1169,N,PARENT_HBN,PARENT,1169,GATE3F_RETAINED_HEAVY_NODE,False,False,False,,,,,,,,,,,,,,,,,,
P:1170,B,PARENT_HBN,PARENT,1170,GATE3F_RETAINED_HEAVY_NODE,False,False,False,,,,,,,,,,,,,,,,,,
P:1171,N,PARENT_HBN,PARENT,1171,GATE3F_RETAINED_HEAVY_NODE,False,False,False,,,,,,,,,,,,,,,,,,
P:1172,B,PARENT_HBN,PARENT,1172,GATE3F_RETAINED_HEAVY_NODE,False,False,False,,,,,,,,,,,,,,,,,,
P:1173,N,PARENT_HBN,PARENT,1173,GATE3F_RETAINED_HEAVY_NODE,False,False,False,,,,,,,,,,,,,,,,,,
P:1174,B,PARENT_HBN,PARENT,1174,GATE3F_RETAINED_HEAVY_NODE,False,False,False,,,,,,,,,,,,,,,,,,
P:1175,N,PARENT_HBN,PARENT,1175,GATE3F_RETAINED_HEAVY_NODE,False,False,False,,,,,,,,,,,,,,,,,,
P:1176,B,PARENT_HBN,PARENT,1176,GATE3F_RETAINED_HEAVY_NODE,False,False,False,,,,,,,,,,,,,,,,,,
P:1177,N,PARENT_HBN,PARENT,1177,GATE3F_RETAINED_HEAVY_NODE,False,False,False,,,,,,,,,,,,,,,,,,
P:1178,B,PARENT_HBN,PARENT,1178,GATE3F_RETAINED_HEAVY_NODE,False,False,False,,,,,,,,,,,,,,,,,,
P:1179,N,PARENT_HBN,PARENT,1179,GATE3F_RETAINED_HEAVY_NODE,False,False,False,,,,,,,,,,,,,,,,,,
P:1180,B,PARENT_HBN,PARENT,1180,GATE3F_RETAINED_HEAVY_NODE,False,False,False,,,,,,,,,,,,,,,,,,
P:1181,N,PARENT_HBN,PARENT,1181,GATE3F_RETAINED_HEAVY_NODE,False,False,False,,,,,,,,,,,,,,,,,,
P:1182,B,PARENT_HBN,PARENT,1182,GATE3F_RETAINED_HEAVY_NODE,False,False,False,,,,,,,,,,,,,,,,,,
P:1183,N,PARENT_HBN,PARENT,1183,GATE3F_RETAINED_HEAVY_NODE,False,False,False,,,,,,,,,,,,,,,,,,
P:1184,B,PARENT_HBN,PARENT,1184,GATE3F_RETAINED_HEAVY_NODE,False,False,False,,,,,,,,,,,,,,,,,,
P:1185,N,PARENT_HBN,PARENT,1185,GATE3F_RETAINED_HEAVY_NODE,False,False,False,,,,,,,,,,,,,,,,,,
P:1186,B,PARENT_HBN,PARENT,1186,GATE3F_RETAINED_HEAVY_NODE,False,False,False,,,,,,,,,,,,,,,,,,
P:1187,N,PARENT_HBN,PARENT,1187,GATE3F_RETAINED_HEAVY_NODE,False,False,False,,,,,,,,,,,,,,,,,,
P:1188,B,PARENT_HBN,PARENT,1188,GATE3F_RETAINED_HEAVY_NODE,False,False,False,,,,,,,,,,,,,,,,,,
P:1189,N,PARENT_HBN,PARENT,1189,GATE3F_RETAINED_HEAVY_NODE,False,False,False,,,,,,,,,,,,,,,,,,
P:1190,B,PARENT_HBN,PARENT,1190,GATE3F_RETAINED_HEAVY_NODE,False,False,False,,,,,,,,,,,,,,,,,,
P:1191,N,PARENT_HBN,PARENT,1191,GATE3F_RETAINED_HEAVY_NODE,False,False,False,,,,,,,,,,,,,,,,,,
P:1192,B,PARENT_HBN,PARENT,1192,GATE3F_RETAINED_HEAVY_NODE,False,False,False,,,,,,,,,,,,,,,,,,
P:1193,N,PARENT_HBN,PARENT,1193,GATE3F_RETAINED_HEAVY_NODE,False,False,False,,,,,,,,,,,,,,,,,,
P:1194,B,PARENT_HBN,PARENT,1194,GATE3F_RETAINED_HEAVY_NODE,False,False,False,,,,,,,,,,,,,,,,,,
P:1195,N,PARENT_HBN,PARENT,1195,GATE3F_RETAINED_HEAVY_NODE,False,False,False,,,,,,,,,,,,,,,,,,
P:1196,B,PARENT_HBN,PARENT,1196,GATE3F_RETAINED_HEAVY_NODE,False,False,False,,,,,,,,,,,,,,,,,,
P:1197,N,PARENT_HBN,PARENT,1197,GATE3F_RETAINED_HEAVY_NODE,False,False,False,,,,,,,,,,,,,,,,,,
P:1198,B,PARENT_HBN,PARENT,1198,GATE3F_RETAINED_HEAVY_NODE,False,False,False,,,,,,,,,,,,,,,,,,
P:1199,N,PARENT_HBN,PARENT,1199,GATE3F_RETAINED_HEAVY_NODE,False,False,False,,,,,,,,,,,,,,,,,,
P:1200,B,PARENT_HBN,PARENT,1200,GATE3F_RETAINED_HEAVY_NODE,False,False,False,,,,,,,,,,,,,,,,,,
P:1201,N,PARENT_HBN,PARENT,1201,GATE3F_RETAINED_HEAVY_NODE,False,False,False,,,,,,,,,,,,,,,,,,
P:1202,B,PARENT_HBN,PARENT,1202,GATE3F_RETAINED_HEAVY_NODE,False,False,False,,,,,,,,,,,,,,,,,,
P:1203,N,PARENT_HBN,PARENT,1203,GATE3F_RETAINED_HEAVY_NODE,False,False,False,,,,,,,,,,,,,,,,,,
P:1204,B,PARENT_HBN,PARENT,1204,GATE3F_RETAINED_HEAVY_NODE,False,False,False,,,,,,,,,,,,,,,,,,
P:1205,N,PARENT_HBN,PARENT,1205,GATE3F_RETAINED_HEAVY_NODE,False,False,False,,,,,,,,,,,,,,,,,,
P:1206,B,PARENT_HBN,PARENT,1206,GATE3F_RETAINED_HEAVY_NODE,False,False,False,,,,,,,,,,,,,,,,,,
P:1207,N,PARENT_HBN,PARENT,1207,GATE3F_RETAINED_HEAVY_NODE,False,False,False,,,,,,,,,,,,,,,,,,
P:1208,B,PARENT_HBN,PARENT,1208,GATE3F_RETAINED_HEAVY_NODE,False,False,False,,,,,,,,,,,,,,,,,,
P:1209,N,PARENT_HBN,PARENT,1209,GATE3F_RETAINED_HEAVY_NODE,False,False,False,,,,,,,,,,,,,,,,,,
P:1210,B,PARENT_HBN,PARENT,1210,GATE3F_RETAINED_HEAVY_NODE,False,False,False,,,,,,,,,,,,,,,,,,
P:1211,N,PARENT_HBN,PARENT,1211,GATE3F_RETAINED_HEAVY_NODE,False,False,False,,,,,,,,,,,,,,,,,,
P:1212,B,PARENT_HBN,PARENT,1212,GATE3F_RETAINED_HEAVY_NODE,False,False,False,,,,,,,,,,,,,,,,,,
P:1213,N,PARENT_HBN,PARENT,1213,GATE3F_RETAINED_HEAVY_NODE,False,False,False,,,,,,,,,,,,,,,,,,
P:1214,B,PARENT_HBN,PARENT,1214,GATE3F_RETAINED_HEAVY_NODE,False,False,False,,,,,,,,,,,,,,,,,,
P:1215,N,PARENT_HBN,PARENT,1215,GATE3F_RETAINED_HEAVY_NODE,False,False,False,,,,,,,,,,,,,,,,,,
P:1216,B,PARENT_HBN,PARENT,1216,GATE3F_RETAINED_HEAVY_NODE,False,False,False,,,,,,,,,,,,,,,,,,
P:1217,N,PARENT_HBN,PARENT,1217,GATE3F_RETAINED_HEAVY_NODE,False,False,False,,,,,,,,,,,,,,,,,,
P:1218,B,PARENT_HBN,PARENT,1218,GATE3F_RETAINED_HEAVY_NODE,False,False,False,,,,,,,,,,,,,,,,,,
P:1219,N,PARENT_HBN,PARENT,1219,GATE3F_RETAINED_HEAVY_NODE,False,False,False,,,,,,,,,,,,,,,,,,
P:1220,B,PARENT_HBN,PARENT,1220,GATE3F_RETAINED_HEAVY_NODE,False,False,False,,,,,,,,,,,,,,,,,,
P:1221,N,PARENT_HBN,PARENT,1221,GATE3F_RETAINED_HEAVY_NODE,False,False,False,,,,,,,,,,,,,,,,,,
P:1222,B,PARENT_HBN,PARENT,1222,GATE3F_RETAINED_HEAVY_NODE,False,False,False,,,,,,,,,,,,,,,,,,
P:1223,N,PARENT_HBN,PARENT,1223,GATE3F_RETAINED_HEAVY_NODE,False,False,False,,,,,,,,,,,,,,,,,,
P:1224,B,PARENT_HBN,PARENT,1224,GATE3F_RETAINED_HEAVY_NODE,False,False,False,,,,,,,,,,,,,,,,,,
P:1225,N,PARENT_HBN,PARENT,1225,GATE3F_RETAINED_HEAVY_NODE,False,False,False,,,,,,,,,,,,,,,,,,
P:1226,B,PARENT_HBN,PARENT,1226,GATE3F_RETAINED_HEAVY_NODE,False,False,False,,,,,,,,,,,,,,,,,,
P:1227,N,PARENT_HBN,PARENT,1227,GATE3F_RETAINED_HEAVY_NODE,False,False,False,,,,,,,,,,,,,,,,,,
P:1228,B,PARENT_HBN,PARENT,1228,GATE3F_RETAINED_HEAVY_NODE,False,False,False,,,,,,,,,,,,,,,,,,
P:1229,N,PARENT_HBN,PARENT,1229,GATE3F_RETAINED_HEAVY_NODE,False,False,False,,,,,,,,,,,,,,,,,,
P:1230,B,PARENT_HBN,PARENT,1230,GATE3F_RETAINED_HEAVY_NODE,False,False,False,,,,,,,,,,,,,,,,,,
P:1231,N,PARENT_HBN,PARENT,1231,GATE3F_RETAINED_HEAVY_NODE,False,False,False,,,,,,,,,,,,,,,,,,
P:1232,B,PARENT_HBN,PARENT,1232,GATE3F_RETAINED_HEAVY_NODE,False,False,False,,,,,,,,,,,,,,,,,,
P:1233,N,PARENT_HBN,PARENT,1233,GATE3F_RETAINED_HEAVY_NODE,False,False,False,,,,,,,,,,,,,,,,,,
P:1234,B,PARENT_HBN,PARENT,1234,GATE3F_RETAINED_HEAVY_NODE,False,False,False,,,,,,,,,,,,,,,,,,
P:1235,N,PARENT_HBN,PARENT,1235,GATE3F_RETAINED_HEAVY_NODE,False,False,False,,,,,,,,,,,,,,,,,,
P:1236,B,PARENT_HBN,PARENT,1236,GATE3F_RETAINED_HEAVY_NODE,False,False,False,,,,,,,,,,,,,,,,,,
P:1237,N,PARENT_HBN,PARENT,1237,GATE3F_RETAINED_HEAVY_NODE,False,False,False,,,,,,,,,,,,,,,,,,
P:1238,B,PARENT_HBN,PARENT,1238,GATE3F_RETAINED_HEAVY_NODE,False,False,False,,,,,,,,,,,,,,,,,,
P:1239,N,PARENT_HBN,PARENT,1239,GATE3F_RETAINED_HEAVY_NODE,False,False,False,,,,,,,,,,,,,,,,,,
P:1240,B,PARENT_HBN,PARENT,1240,GATE3F_RETAINED_HEAVY_NODE,False,False,False,,,,,,,,,,,,,,,,,,
P:1241,N,PARENT_HBN,PARENT,1241,GATE3F_RETAINED_HEAVY_NODE,False,False,False,,,,,,,,,,,,,,,,,,
P:1242,B,PARENT_HBN,PARENT,1242,GATE3F_RETAINED_HEAVY_NODE,False,False,False,,,,,,,,,,,,,,,,,,
P:1243,N,PARENT_HBN,PARENT,1243,GATE3F_RETAINED_HEAVY_NODE,False,False,False,,,,,,,,,,,,,,,,,,
P:1244,B,PARENT_HBN,PARENT,1244,GATE3F_RETAINED_HEAVY_NODE,False,False,False,,,,,,,,,,,,,,,,,,
P:1245,N,PARENT_HBN,PARENT,1245,GATE3F_RETAINED_HEAVY_NODE,False,False,False,,,,,,,,,,,,,,,,,,
P:1246,B,PARENT_HBN,PARENT,1246,GATE3F_RETAINED_HEAVY_NODE,False,False,False,,,,,,,,,,,,,,,,,,
P:1247,N,PARENT_HBN,PARENT,1247,GATE3F_RETAINED_HEAVY_NODE,False,False,False,,,,,,,,,,,,,,,,,,
P:1248,B,PARENT_HBN,PARENT,1248,GATE3F_RETAINED_HEAVY_NODE,False,False,False,,,,,,,,,,,,,,,,,,
P:1249,N,PARENT_HBN,PARENT,1249,GATE3F_RETAINED_HEAVY_NODE,False,False,False,,,,,,,,,,,,,,,,,,
P:1250,B,PARENT_HBN,PARENT,1250,GATE3F_RETAINED_HEAVY_NODE,False,False,False,,,,,,,,,,,,,,,,,,
P:1251,N,PARENT_HBN,PARENT,1251,GATE3F_RETAINED_HEAVY_NODE,False,False,False,,,,,,,,,,,,,,,,,,
P:1252,B,PARENT_HBN,PARENT,1252,GATE3F_RETAINED_HEAVY_NODE,False,False,False,,,,,,,,,,,,,,,,,,
P:1253,N,PARENT_HBN,PARENT,1253,GATE3F_RETAINED_HEAVY_NODE,False,False,False,,,,,,,,,,,,,,,,,,
P:1254,B,PARENT_HBN,PARENT,1254,GATE3F_RETAINED_HEAVY_NODE,False,False,False,,,,,,,,,,,,,,,,,,
P:1255,N,PARENT_HBN,PARENT,1255,GATE3F_RETAINED_HEAVY_NODE,False,False,False,,,,,,,,,,,,,,,,,,
P:1256,B,PARENT_HBN,PARENT,1256,GATE3F_RETAINED_HEAVY_NODE,False,False,False,,,,,,,,,,,,,,,,,,
P:1257,N,PARENT_HBN,PARENT,1257,GATE3F_RETAINED_HEAVY_NODE,False,False,False,,,,,,,,,,,,,,,,,,
P:1258,B,PARENT_HBN,PARENT,1258,GATE3F_RETAINED_HEAVY_NODE,False,False,False,,,,,,,,,,,,,,,,,,
P:1259,N,PARENT_HBN,PARENT,1259,GATE3F_RETAINED_HEAVY_NODE,False,False,False,,,,,,,,,,,,,,,,,,
P:1260,B,PARENT_HBN,PARENT,1260,GATE3F_RETAINED_HEAVY_NODE,False,False,False,,,,,,,,,,,,,,,,,,
P:1261,N,PARENT_HBN,PARENT,1261,GATE3F_RETAINED_HEAVY_NODE,False,False,False,,,,,,,,,,,,,,,,,,
P:1262,B,PARENT_HBN,PARENT,1262,GATE3F_RETAINED_HEAVY_NODE,False,False,False,,,,,,,,,,,,,,,,,,
P:1263,N,PARENT_HBN,PARENT,1263,GATE3F_RETAINED_HEAVY_NODE,False,False,False,,,,,,,,,,,,,,,,,,
P:1264,B,PARENT_HBN,PARENT,1264,GATE3F_RETAINED_HEAVY_NODE,False,False,False,,,,,,,,,,,,,,,,,,
P:1265,N,PARENT_HBN,PARENT,1265,GATE3F_RETAINED_HEAVY_NODE,False,False,False,,,,,,,,,,,,,,,,,,
P:1266,B,PARENT_HBN,PARENT,1266,GATE3F_RETAINED_HEAVY_NODE,False,False,False,,,,,,,,,,,,,,,,,,
P:1267,N,PARENT_HBN,PARENT,1267,GATE3F_RETAINED_HEAVY_NODE,False,False,False,,,,,,,,,,,,,,,,,,
P:1268,B,PARENT_HBN,PARENT,1268,GATE3F_RETAINED_HEAVY_NODE,False,False,False,,,,,,,,,,,,,,,,,,
P:1269,N,PARENT_HBN,PARENT,1269,GATE3F_RETAINED_HEAVY_NODE,False,False,False,,,,,,,,,,,,,,,,,,
P:1270,B,PARENT_HBN,PARENT,1270,GATE3F_RETAINED_HEAVY_NODE,False,False,False,,,,,,,,,,,,,,,,,,
P:1271,N,PARENT_HBN,PARENT,1271,GATE3F_RETAINED_HEAVY_NODE,False,False,False,,,,,,,,,,,,,,,,,,
P:1272,B,PARENT_HBN,PARENT,1272,GATE3F_RETAINED_HEAVY_NODE,False,False,False,,,,,,,,,,,,,,,,,,
P:1273,N,PARENT_HBN,PARENT,1273,GATE3F_RETAINED_HEAVY_NODE,False,False,False,,,,,,,,,,,,,,,,,,
P:1274,B,PARENT_HBN,PARENT,1274,GATE3F_RETAINED_HEAVY_NODE,False,False,False,,,,,,,,,,,,,,,,,,
P:1275,N,PARENT_HBN,PARENT,1275,GATE3F_RETAINED_HEAVY_NODE,False,False,False,,,,,,,,,,,,,,,,,,
P:1276,B,PARENT_HBN,PARENT,1276,GATE3F_RETAINED_HEAVY_NODE,False,False,False,,,,,,,,,,,,,,,,,,
P:1277,N,PARENT_HBN,PARENT,1277,GATE3F_RETAINED_HEAVY_NODE,False,False,False,,,,,,,,,,,,,,,,,,
P:1278,B,PARENT_HBN,PARENT,1278,GATE3F_RETAINED_HEAVY_NODE,False,False,False,,,,,,,,,,,,,,,,,,
P:1279,N,PARENT_HBN,PARENT,1279,GATE3F_RETAINED_HEAVY_NODE,False,False,False,,,,,,,,,,,,,,,,,,
P:1280,B,PARENT_HBN,PARENT,1280,GATE3F_RETAINED_HEAVY_NODE,False,False,False,,,,,,,,,,,,,,,,,,
P:1281,N,PARENT_HBN,PARENT,1281,GATE3F_RETAINED_HEAVY_NODE,False,False,False,,,,,,,,,,,,,,,,,,
P:1282,B,PARENT_HBN,PARENT,1282,GATE3F_RETAINED_HEAVY_NODE,False,False,False,,,,,,,,,,,,,,,,,,
P:1283,N,PARENT_HBN,PARENT,1283,GATE3F_RETAINED_HEAVY_NODE,False,False,False,,,,,,,,,,,,,,,,,,
P:1284,B,PARENT_HBN,PARENT,1284,GATE3F_RETAINED_HEAVY_NODE,False,False,False,,,,,,,,,,,,,,,,,,
P:1285,N,PARENT_HBN,PARENT,1285,GATE3F_RETAINED_HEAVY_NODE,False,False,False,,,,,,,,,,,,,,,,,,
P:1286,B,PARENT_HBN,PARENT,1286,GATE3F_RETAINED_HEAVY_NODE,False,False,False,,,,,,,,,,,,,,,,,,
P:1287,N,PARENT_HBN,PARENT,1287,GATE3F_RETAINED_HEAVY_NODE,False,False,False,,,,,,,,,,,,,,,,,,
P:1288,B,PARENT_HBN,PARENT,1288,GATE3F_RETAINED_HEAVY_NODE,False,False,False,,,,,,,,,,,,,,,,,,
P:1289,N,PARENT_HBN,PARENT,1289,GATE3F_RETAINED_HEAVY_NODE,False,False,False,,,,,,,,,,,,,,,,,,
P:1290,B,PARENT_HBN,PARENT,1290,GATE3F_RETAINED_HEAVY_NODE,False,False,False,,,,,,,,,,,,,,,,,,
P:1291,N,PARENT_HBN,PARENT,1291,GATE3F_RETAINED_HEAVY_NODE,False,False,False,,,,,,,,,,,,,,,,,,
P:1292,B,PARENT_HBN,PARENT,1292,GATE3F_RETAINED_HEAVY_NODE,False,False,False,,,,,,,,,,,,,,,,,,
P:1293,N,PARENT_HBN,PARENT,1293,GATE3F_RETAINED_HEAVY_NODE,False,False,False,,,,,,,,,,,,,,,,,,
P:1294,B,PARENT_HBN,PARENT,1294,GATE3F_RETAINED_HEAVY_NODE,False,False,False,,,,,,,,,,,,,,,,,,
P:1295,N,PARENT_HBN,PARENT,1295,GATE3F_RETAINED_HEAVY_NODE,False,False,False,,,,,,,,,,,,,,,,,,
P:1296,B,PARENT_HBN,PARENT,1296,GATE3F_RETAINED_HEAVY_NODE,False,False,False,,,,,,,,,,,,,,,,,,
P:1297,N,PARENT_HBN,PARENT,1297,GATE3F_RETAINED_HEAVY_NODE,False,False,False,,,,,,,,,,,,,,,,,,
P:1298,B,PARENT_HBN,PARENT,1298,GATE3F_RETAINED_HEAVY_NODE,False,False,False,,,,,,,,,,,,,,,,,,
P:1299,N,PARENT_HBN,PARENT,1299,GATE3F_RETAINED_HEAVY_NODE,False,False,False,,,,,,,,,,,,,,,,,,
P:1300,B,PARENT_HBN,PARENT,1300,GATE3F_RETAINED_HEAVY_NODE,False,False,False,,,,,,,,,,,,,,,,,,
P:1301,N,PARENT_HBN,PARENT,1301,GATE3F_RETAINED_HEAVY_NODE,False,False,False,,,,,,,,,,,,,,,,,,
P:1302,B,PARENT_HBN,PARENT,1302,GATE3F_RETAINED_HEAVY_NODE,False,False,False,,,,,,,,,,,,,,,,,,
P:1303,N,PARENT_HBN,PARENT,1303,GATE3F_RETAINED_HEAVY_NODE,False,False,False,,,,,,,,,,,,,,,,,,
P:1304,B,PARENT_HBN,PARENT,1304,GATE3F_RETAINED_HEAVY_NODE,False,False,False,,,,,,,,,,,,,,,,,,
P:1305,N,PARENT_HBN,PARENT,1305,GATE3F_RETAINED_HEAVY_NODE,False,False,False,,,,,,,,,,,,,,,,,,
P:1306,B,PARENT_HBN,PARENT,1306,GATE3F_RETAINED_HEAVY_NODE,False,False,False,,,,,,,,,,,,,,,,,,
P:1307,N,PARENT_HBN,PARENT,1307,GATE3F_RETAINED_HEAVY_NODE,False,False,False,,,,,,,,,,,,,,,,,,
P:1308,B,PARENT_HBN,PARENT,1308,GATE3F_RETAINED_HEAVY_NODE,False,False,False,,,,,,,,,,,,,,,,,,
P:1309,N,PARENT_HBN,PARENT,1309,GATE3F_RETAINED_HEAVY_NODE,False,False,False,,,,,,,,,,,,,,,,,,
P:1310,B,PARENT_HBN,PARENT,1310,GATE3F_RETAINED_HEAVY_NODE,False,False,False,,,,,,,,,,,,,,,,,,
P:1311,N,PARENT_HBN,PARENT,1311,GATE3F_RETAINED_HEAVY_NODE,False,False,False,,,,,,,,,,,,,,,,,,
P:1312,B,PARENT_HBN,PARENT,1312,GATE3F_RETAINED_HEAVY_NODE,False,False,False,,,,,,,,,,,,,,,,,,
P:1313,N,PARENT_HBN,PARENT,1313,GATE3F_RETAINED_HEAVY_NODE,False,False,False,,,,,,,,,,,,,,,,,,
P:1314,B,PARENT_HBN,PARENT,1314,GATE3F_RETAINED_HEAVY_NODE,False,False,False,,,,,,,,,,,,,,,,,,
P:1315,N,PARENT_HBN,PARENT,1315,GATE3F_RETAINED_HEAVY_NODE,False,False,False,,,,,,,,,,,,,,,,,,
P:1316,B,PARENT_HBN,PARENT,1316,GATE3F_RETAINED_HEAVY_NODE,False,False,False,,,,,,,,,,,,,,,,,,
P:1317,N,PARENT_HBN,PARENT,1317,GATE3F_RETAINED_HEAVY_NODE,False,False,False,,,,,,,,,,,,,,,,,,
P:1318,B,PARENT_HBN,PARENT,1318,GATE3F_RETAINED_HEAVY_NODE,False,False,False,,,,,,,,,,,,,,,,,,
P:1319,N,PARENT_HBN,PARENT,1319,GATE3F_RETAINED_HEAVY_NODE,False,False,False,,,,,,,,,,,,,,,,,,
P:1320,B,PARENT_HBN,PARENT,1320,GATE3F_RETAINED_HEAVY_NODE,False,False,False,,,,,,,,,,,,,,,,,,
P:1321,N,PARENT_HBN,PARENT,1321,GATE3F_RETAINED_HEAVY_NODE,False,False,False,,,,,,,,,,,,,,,,,,
P:1322,B,PARENT_HBN,PARENT,1322,GATE3F_RETAINED_HEAVY_NODE,False,False,False,,,,,,,,,,,,,,,,,,
P:1323,N,PARENT_HBN,PARENT,1323,GATE3F_RETAINED_HEAVY_NODE,False,False,False,,,,,,,,,,,,,,,,,,
P:1324,B,PARENT_HBN,PARENT,1324,GATE3F_RETAINED_HEAVY_NODE,False,False,False,,,,,,,,,,,,,,,,,,
P:1325,N,PARENT_HBN,PARENT,1325,GATE3F_RETAINED_HEAVY_NODE,False,False,False,,,,,,,,,,,,,,,,,,
P:1326,B,PARENT_HBN,PARENT,1326,GATE3F_RETAINED_HEAVY_NODE,False,False,False,,,,,,,,,,,,,,,,,,
P:1327,N,PARENT_HBN,PARENT,1327,GATE3F_RETAINED_HEAVY_NODE,False,False,False,,,,,,,,,,,,,,,,,,
P:1328,B,PARENT_HBN,PARENT,1328,GATE3F_RETAINED_HEAVY_NODE,False,False,False,,,,,,,,,,,,,,,,,,
P:1329,N,PARENT_HBN,PARENT,1329,GATE3F_RETAINED_HEAVY_NODE,False,False,False,,,,,,,,,,,,,,,,,,
P:1330,B,PARENT_HBN,PARENT,1330,GATE3F_RETAINED_HEAVY_NODE,False,False,False,,,,,,,,,,,,,,,,,,
P:1331,N,PARENT_HBN,PARENT,1331,GATE3F_RETAINED_HEAVY_NODE,False,False,False,,,,,,,,,,,,,,,,,,
P:1332,B,PARENT_HBN,PARENT,1332,GATE3F_RETAINED_HEAVY_NODE,False,False,False,,,,,,,,,,,,,,,,,,
P:1333,N,PARENT_HBN,PARENT,1333,GATE3F_RETAINED_HEAVY_NODE,False,False,False,,,,,,,,,,,,,,,,,,
P:1334,B,PARENT_HBN,PARENT,1334,GATE3F_RETAINED_HEAVY_NODE,False,False,False,,,,,,,,,,,,,,,,,,
P:1335,N,PARENT_HBN,PARENT,1335,GATE3F_RETAINED_HEAVY_NODE,False,False,False,,,,,,,,,,,,,,,,,,
P:1336,B,PARENT_HBN,PARENT,1336,GATE3F_RETAINED_HEAVY_NODE,False,False,False,,,,,,,,,,,,,,,,,,
P:1337,N,PARENT_HBN,PARENT,1337,GATE3F_RETAINED_HEAVY_NODE,False,False,False,,,,,,,,,,,,,,,,,,
P:1338,B,PARENT_HBN,PARENT,1338,GATE3F_RETAINED_HEAVY_NODE,False,False,False,,,,,,,,,,,,,,,,,,
P:1339,N,PARENT_HBN,PARENT,1339,GATE3F_RETAINED_HEAVY_NODE,False,False,False,,,,,,,,,,,,,,,,,,
P:1340,B,PARENT_HBN,PARENT,1340,GATE3F_RETAINED_HEAVY_NODE,False,False,False,,,,,,,,,,,,,,,,,,
P:1341,N,PARENT_HBN,PARENT,1341,GATE3F_RETAINED_HEAVY_NODE,False,False,False,,,,,,,,,,,,,,,,,,
P:1342,B,PARENT_HBN,PARENT,1342,GATE3F_RETAINED_HEAVY_NODE,False,False,False,,,,,,,,,,,,,,,,,,
P:1343,N,PARENT_HBN,PARENT,1343,GATE3F_RETAINED_HEAVY_NODE,False,False,False,,,,,,,,,,,,,,,,,,
P:1344,B,PARENT_HBN,PARENT,1344,GATE3F_RETAINED_HEAVY_NODE,False,False,False,,,,,,,,,,,,,,,,,,
P:1345,N,PARENT_HBN,PARENT,1345,GATE3F_RETAINED_HEAVY_NODE,False,False,False,,,,,,,,,,,,,,,,,,
P:1346,B,PARENT_HBN,PARENT,1346,GATE3F_RETAINED_HEAVY_NODE,False,False,False,,,,,,,,,,,,,,,,,,
P:1347,N,PARENT_HBN,PARENT,1347,GATE3F_RETAINED_HEAVY_NODE,False,False,False,,,,,,,,,,,,,,,,,,
P:1348,B,PARENT_HBN,PARENT,1348,GATE3F_RETAINED_HEAVY_NODE,False,False,False,,,,,,,,,,,,,,,,,,
P:1349,N,PARENT_HBN,PARENT,1349,GATE3F_RETAINED_HEAVY_NODE,False,False,False,,,,,,,,,,,,,,,,,,
P:1350,B,PARENT_HBN,PARENT,1350,GATE3F_RETAINED_HEAVY_NODE,False,False,False,,,,,,,,,,,,,,,,,,
P:1351,N,PARENT_HBN,PARENT,1351,GATE3F_RETAINED_HEAVY_NODE,False,False,False,,,,,,,,,,,,,,,,,,
P:1352,B,PARENT_HBN,PARENT,1352,GATE3F_RETAINED_HEAVY_NODE,False,False,False,,,,,,,,,,,,,,,,,,
P:1353,N,PARENT_HBN,PARENT,1353,GATE3F_RETAINED_HEAVY_NODE,False,False,False,,,,,,,,,,,,,,,,,,
P:1354,B,PARENT_HBN,PARENT,1354,GATE3F_RETAINED_HEAVY_NODE,False,False,False,,,,,,,,,,,,,,,,,,
P:1355,N,PARENT_HBN,PARENT,1355,GATE3F_RETAINED_HEAVY_NODE,False,False,False,,,,,,,,,,,,,,,,,,
P:1356,B,PARENT_HBN,PARENT,1356,GATE3F_RETAINED_HEAVY_NODE,False,False,False,,,,,,,,,,,,,,,,,,
P:1357,N,PARENT_HBN,PARENT,1357,GATE3F_RETAINED_HEAVY_NODE,False,False,False,,,,,,,,,,,,,,,,,,
P:1358,B,PARENT_HBN,PARENT,1358,GATE3F_RETAINED_HEAVY_NODE,False,False,False,,,,,,,,,,,,,,,,,,
P:1359,N,PARENT_HBN,PARENT,1359,GATE3F_RETAINED_HEAVY_NODE,False,False,False,,,,,,,,,,,,,,,,,,
P:1360,B,PARENT_HBN,PARENT,1360,GATE3F_RETAINED_HEAVY_NODE,False,False,False,,,,,,,,,,,,,,,,,,
P:1361,N,PARENT_HBN,PARENT,1361,GATE3F_RETAINED_HEAVY_NODE,False,False,False,,,,,,,,,,,,,,,,,,
P:1362,B,PARENT_HBN,PARENT,1362,GATE3F_RETAINED_HEAVY_NODE,False,False,False,,,,,,,,,,,,,,,,,,
P:1363,N,PARENT_HBN,PARENT,1363,GATE3F_RETAINED_HEAVY_NODE,False,False,False,,,,,,,,,,,,,,,,,,
P:1364,B,PARENT_HBN,PARENT,1364,GATE3F_RETAINED_HEAVY_NODE,False,False,False,,,,,,,,,,,,,,,,,,
P:1365,N,PARENT_HBN,PARENT,1365,GATE3F_RETAINED_HEAVY_NODE,False,False,False,,,,,,,,,,,,,,,,,,
P:1366,B,PARENT_HBN,PARENT,1366,GATE3F_RETAINED_HEAVY_NODE,False,False,False,,,,,,,,,,,,,,,,,,
P:1367,N,PARENT_HBN,PARENT,1367,GATE3F_RETAINED_HEAVY_NODE,False,False,False,,,,,,,,,,,,,,,,,,
P:1368,B,PARENT_HBN,PARENT,1368,GATE3F_RETAINED_HEAVY_NODE,False,False,False,,,,,,,,,,,,,,,,,,
P:1369,N,PARENT_HBN,PARENT,1369,GATE3F_RETAINED_HEAVY_NODE,False,False,False,,,,,,,,,,,,,,,,,,
P:1370,B,PARENT_HBN,PARENT,1370,GATE3F_RETAINED_HEAVY_NODE,False,False,False,,,,,,,,,,,,,,,,,,
P:1371,N,PARENT_HBN,PARENT,1371,GATE3F_RETAINED_HEAVY_NODE,False,False,False,,,,,,,,,,,,,,,,,,
P:1372,B,PARENT_HBN,PARENT,1372,GATE3F_RETAINED_HEAVY_NODE,False,False,False,,,,,,,,,,,,,,,,,,
P:1373,N,PARENT_HBN,PARENT,1373,GATE3F_RETAINED_HEAVY_NODE,False,False,False,,,,,,,,,,,,,,,,,,
P:1374,B,PARENT_HBN,PARENT,1374,GATE3F_RETAINED_HEAVY_NODE,False,False,False,,,,,,,,,,,,,,,,,,
P:1375,N,PARENT_HBN,PARENT,1375,GATE3F_RETAINED_HEAVY_NODE,False,False,False,,,,,,,,,,,,,,,,,,
P:1376,B,PARENT_HBN,PARENT,1376,GATE3F_RETAINED_HEAVY_NODE,False,False,False,,,,,,,,,,,,,,,,,,
P:1377,N,PARENT_HBN,PARENT,1377,GATE3F_RETAINED_HEAVY_NODE,False,False,False,,,,,,,,,,,,,,,,,,
P:1378,B,PARENT_HBN,PARENT,1378,GATE3F_RETAINED_HEAVY_NODE,False,False,False,,,,,,,,,,,,,,,,,,
P:1379,N,PARENT_HBN,PARENT,1379,GATE3F_RETAINED_HEAVY_NODE,False,False,False,,,,,,,,,,,,,,,,,,
P:1380,B,PARENT_HBN,PARENT,1380,GATE3F_RETAINED_HEAVY_NODE,False,False,False,,,,,,,,,,,,,,,,,,
P:1381,N,PARENT_HBN,PARENT,1381,GATE3F_RETAINED_HEAVY_NODE,False,False,False,,,,,,,,,,,,,,,,,,
P:1382,B,PARENT_HBN,PARENT,1382,GATE3F_RETAINED_HEAVY_NODE,False,False,False,,,,,,,,,,,,,,,,,,
P:1383,N,PARENT_HBN,PARENT,1383,GATE3F_RETAINED_HEAVY_NODE,False,False,False,,,,,,,,,,,,,,,,,,
P:1384,B,PARENT_HBN,PARENT,1384,GATE3F_RETAINED_HEAVY_NODE,False,False,False,,,,,,,,,,,,,,,,,,
P:1385,N,PARENT_HBN,PARENT,1385,GATE3F_RETAINED_HEAVY_NODE,False,False,False,,,,,,,,,,,,,,,,,,
P:1386,B,PARENT_HBN,PARENT,1386,GATE3F_RETAINED_HEAVY_NODE,False,False,False,,,,,,,,,,,,,,,,,,
P:1387,N,PARENT_HBN,PARENT,1387,GATE3F_RETAINED_HEAVY_NODE,False,False,False,,,,,,,,,,,,,,,,,,
P:1388,B,PARENT_HBN,PARENT,1388,GATE3F_RETAINED_HEAVY_NODE,False,False,False,,,,,,,,,,,,,,,,,,
P:1389,N,PARENT_HBN,PARENT,1389,GATE3F_RETAINED_HEAVY_NODE,False,False,False,,,,,,,,,,,,,,,,,,
P:1390,B,PARENT_HBN,PARENT,1390,GATE3F_RETAINED_HEAVY_NODE,False,False,False,,,,,,,,,,,,,,,,,,
P:1391,N,PARENT_HBN,PARENT,1391,GATE3F_RETAINED_HEAVY_NODE,False,False,False,,,,,,,,,,,,,,,,,,
P:1392,B,PARENT_HBN,PARENT,1392,GATE3F_RETAINED_HEAVY_NODE,False,False,False,,,,,,,,,,,,,,,,,,
P:1393,N,PARENT_HBN,PARENT,1393,GATE3F_RETAINED_HEAVY_NODE,False,False,False,,,,,,,,,,,,,,,,,,
P:1394,B,PARENT_HBN,PARENT,1394,GATE3F_RETAINED_HEAVY_NODE,False,False,False,,,,,,,,,,,,,,,,,,
P:1395,N,PARENT_HBN,PARENT,1395,GATE3F_RETAINED_HEAVY_NODE,False,False,False,,,,,,,,,,,,,,,,,,
P:1396,B,PARENT_HBN,PARENT,1396,GATE3F_RETAINED_HEAVY_NODE,False,False,False,,,,,,,,,,,,,,,,,,
P:1397,N,PARENT_HBN,PARENT,1397,GATE3F_RETAINED_HEAVY_NODE,False,False,False,,,,,,,,,,,,,,,,,,
P:1398,B,PARENT_HBN,PARENT,1398,GATE3F_RETAINED_HEAVY_NODE,False,False,False,,,,,,,,,,,,,,,,,,
P:1399,N,PARENT_HBN,PARENT,1399,GATE3F_RETAINED_HEAVY_NODE,False,False,False,,,,,,,,,,,,,,,,,,
P:1400,B,PARENT_HBN,PARENT,1400,GATE3F_RETAINED_HEAVY_NODE,False,False,False,,,,,,,,,,,,,,,,,,
P:1401,N,PARENT_HBN,PARENT,1401,GATE3F_RETAINED_HEAVY_NODE,False,False,False,,,,,,,,,,,,,,,,,,
P:1402,B,PARENT_HBN,PARENT,1402,GATE3F_RETAINED_HEAVY_NODE,False,False,False,,,,,,,,,,,,,,,,,,
P:1403,N,PARENT_HBN,PARENT,1403,GATE3F_RETAINED_HEAVY_NODE,False,False,False,,,,,,,,,,,,,,,,,,
P:1404,B,PARENT_HBN,PARENT,1404,GATE3F_RETAINED_HEAVY_NODE,False,False,False,,,,,,,,,,,,,,,,,,
P:1405,N,PARENT_HBN,PARENT,1405,GATE3F_RETAINED_HEAVY_NODE,False,False,False,,,,,,,,,,,,,,,,,,
P:1406,B,PARENT_HBN,PARENT,1406,GATE3F_RETAINED_HEAVY_NODE,False,False,False,,,,,,,,,,,,,,,,,,
P:1407,N,PARENT_HBN,PARENT,1407,GATE3F_RETAINED_HEAVY_NODE,False,False,False,,,,,,,,,,,,,,,,,,
P:1408,B,PARENT_HBN,PARENT,1408,GATE3F_RETAINED_HEAVY_NODE,False,False,False,,,,,,,,,,,,,,,,,,
P:1409,N,PARENT_HBN,PARENT,1409,GATE3F_RETAINED_HEAVY_NODE,False,False,False,,,,,,,,,,,,,,,,,,
P:1410,B,PARENT_HBN,PARENT,1410,GATE3F_RETAINED_HEAVY_NODE,False,False,False,,,,,,,,,,,,,,,,,,
P:1411,N,PARENT_HBN,PARENT,1411,GATE3F_RETAINED_HEAVY_NODE,False,False,False,,,,,,,,,,,,,,,,,,
P:1412,B,PARENT_HBN,PARENT,1412,GATE3F_RETAINED_HEAVY_NODE,False,False,False,,,,,,,,,,,,,,,,,,
P:1413,N,PARENT_HBN,PARENT,1413,GATE3F_RETAINED_HEAVY_NODE,False,False,False,,,,,,,,,,,,,,,,,,
P:1414,B,PARENT_HBN,PARENT,1414,GATE3F_RETAINED_HEAVY_NODE,False,False,False,,,,,,,,,,,,,,,,,,
P:1415,N,PARENT_HBN,PARENT,1415,GATE3F_RETAINED_HEAVY_NODE,False,False,False,,,,,,,,,,,,,,,,,,
P:1416,B,PARENT_HBN,PARENT,1416,GATE3F_RETAINED_HEAVY_NODE,False,False,False,,,,,,,,,,,,,,,,,,
P:1417,N,PARENT_HBN,PARENT,1417,GATE3F_RETAINED_HEAVY_NODE,False,False,False,,,,,,,,,,,,,,,,,,
P:1418,B,PARENT_HBN,PARENT,1418,GATE3F_RETAINED_HEAVY_NODE,False,False,False,,,,,,,,,,,,,,,,,,
P:1419,N,PARENT_HBN,PARENT,1419,GATE3F_RETAINED_HEAVY_NODE,False,False,False,,,,,,,,,,,,,,,,,,
P:1420,B,PARENT_HBN,PARENT,1420,GATE3F_RETAINED_HEAVY_NODE,False,False,False,,,,,,,,,,,,,,,,,,
P:1421,N,PARENT_HBN,PARENT,1421,GATE3F_RETAINED_HEAVY_NODE,False,False,False,,,,,,,,,,,,,,,,,,
P:1422,B,PARENT_HBN,PARENT,1422,GATE3F_RETAINED_HEAVY_NODE,False,False,False,,,,,,,,,,,,,,,,,,
P:1423,N,PARENT_HBN,PARENT,1423,GATE3F_RETAINED_HEAVY_NODE,False,False,False,,,,,,,,,,,,,,,,,,
P:1424,B,PARENT_HBN,PARENT,1424,GATE3F_RETAINED_HEAVY_NODE,False,False,False,,,,,,,,,,,,,,,,,,
P:1425,N,PARENT_HBN,PARENT,1425,GATE3F_RETAINED_HEAVY_NODE,False,False,False,,,,,,,,,,,,,,,,,,
P:1426,B,PARENT_HBN,PARENT,1426,GATE3F_RETAINED_HEAVY_NODE,False,False,False,,,,,,,,,,,,,,,,,,
P:1427,N,PARENT_HBN,PARENT,1427,GATE3F_RETAINED_HEAVY_NODE,False,False,False,,,,,,,,,,,,,,,,,,
P:1428,B,PARENT_HBN,PARENT,1428,GATE3F_RETAINED_HEAVY_NODE,False,False,False,,,,,,,,,,,,,,,,,,
P:1429,N,PARENT_HBN,PARENT,1429,GATE3F_RETAINED_HEAVY_NODE,False,False,False,,,,,,,,,,,,,,,,,,
P:1430,B,PARENT_HBN,PARENT,1430,GATE3F_RETAINED_HEAVY_NODE,False,False,False,,,,,,,,,,,,,,,,,,
P:1431,N,PARENT_HBN,PARENT,1431,GATE3F_RETAINED_HEAVY_NODE,False,False,False,,,,,,,,,,,,,,,,,,
P:1432,B,PARENT_HBN,PARENT,1432,GATE3F_RETAINED_HEAVY_NODE,False,False,False,,,,,,,,,,,,,,,,,,
P:1433,N,PARENT_HBN,PARENT,1433,GATE3F_RETAINED_HEAVY_NODE,False,False,False,,,,,,,,,,,,,,,,,,
P:1434,B,PARENT_HBN,PARENT,1434,GATE3F_RETAINED_HEAVY_NODE,False,False,False,,,,,,,,,,,,,,,,,,
P:1435,N,PARENT_HBN,PARENT,1435,GATE3F_RETAINED_HEAVY_NODE,False,False,False,,,,,,,,,,,,,,,,,,
P:1436,B,PARENT_HBN,PARENT,1436,GATE3F_RETAINED_HEAVY_NODE,False,False,False,,,,,,,,,,,,,,,,,,
P:1437,N,PARENT_HBN,PARENT,1437,GATE3F_RETAINED_HEAVY_NODE,False,False,False,,,,,,,,,,,,,,,,,,
P:1438,B,PARENT_HBN,PARENT,1438,GATE3F_RETAINED_HEAVY_NODE,False,False,False,,,,,,,,,,,,,,,,,,
P:1439,N,PARENT_HBN,PARENT,1439,GATE3F_RETAINED_HEAVY_NODE,False,False,False,,,,,,,,,,,,,,,,,,
P:1440,B,PARENT_HBN,PARENT,1440,GATE3F_RETAINED_HEAVY_NODE,False,False,False,,,,,,,,,,,,,,,,,,
P:1441,N,PARENT_HBN,PARENT,1441,GATE3F_RETAINED_HEAVY_NODE,False,False,False,,,,,,,,,,,,,,,,,,
P:1442,B,PARENT_HBN,PARENT,1442,GATE3F_RETAINED_HEAVY_NODE,False,False,False,,,,,,,,,,,,,,,,,,
P:1443,N,PARENT_HBN,PARENT,1443,GATE3F_RETAINED_HEAVY_NODE,False,False,False,,,,,,,,,,,,,,,,,,
P:1444,B,PARENT_HBN,PARENT,1444,GATE3F_RETAINED_HEAVY_NODE,False,False,False,,,,,,,,,,,,,,,,,,
P:1445,N,PARENT_HBN,PARENT,1445,GATE3F_RETAINED_HEAVY_NODE,False,False,False,,,,,,,,,,,,,,,,,,
P:1446,B,PARENT_HBN,PARENT,1446,GATE3F_RETAINED_HEAVY_NODE,False,False,False,,,,,,,,,,,,,,,,,,
P:1447,N,PARENT_HBN,PARENT,1447,GATE3F_RETAINED_HEAVY_NODE,False,False,False,,,,,,,,,,,,,,,,,,
P:1448,B,PARENT_HBN,PARENT,1448,GATE3F_RETAINED_HEAVY_NODE,False,False,False,,,,,,,,,,,,,,,,,,
P:1449,N,PARENT_HBN,PARENT,1449,GATE3F_RETAINED_HEAVY_NODE,False,False,False,,,,,,,,,,,,,,,,,,
P:1450,B,PARENT_HBN,PARENT,1450,GATE3F_RETAINED_HEAVY_NODE,False,False,False,,,,,,,,,,,,,,,,,,
P:1451,N,PARENT_HBN,PARENT,1451,GATE3F_RETAINED_HEAVY_NODE,False,False,False,,,,,,,,,,,,,,,,,,
P:1452,B,PARENT_HBN,PARENT,1452,GATE3F_RETAINED_HEAVY_NODE,False,False,False,,,,,,,,,,,,,,,,,,
P:1453,N,PARENT_HBN,PARENT,1453,GATE3F_RETAINED_HEAVY_NODE,False,False,False,,,,,,,,,,,,,,,,,,
P:1454,B,PARENT_HBN,PARENT,1454,GATE3F_RETAINED_HEAVY_NODE,False,False,False,,,,,,,,,,,,,,,,,,
P:1455,N,PARENT_HBN,PARENT,1455,GATE3F_RETAINED_HEAVY_NODE,False,False,False,,,,,,,,,,,,,,,,,,
P:1456,B,PARENT_HBN,PARENT,1456,GATE3F_RETAINED_HEAVY_NODE,False,False,False,,,,,,,,,,,,,,,,,,
P:1457,N,PARENT_HBN,PARENT,1457,GATE3F_RETAINED_HEAVY_NODE,False,False,False,,,,,,,,,,,,,,,,,,
P:1458,B,PARENT_HBN,PARENT,1458,GATE3F_RETAINED_HEAVY_NODE,False,False,False,,,,,,,,,,,,,,,,,,
P:1459,N,PARENT_HBN,PARENT,1459,GATE3F_RETAINED_HEAVY_NODE,False,False,False,,,,,,,,,,,,,,,,,,
P:1460,B,PARENT_HBN,PARENT,1460,GATE3F_RETAINED_HEAVY_NODE,False,False,False,,,,,,,,,,,,,,,,,,
P:1461,N,PARENT_HBN,PARENT,1461,GATE3F_RETAINED_HEAVY_NODE,False,False,False,,,,,,,,,,,,,,,,,,
P:1462,B,PARENT_HBN,PARENT,1462,GATE3F_RETAINED_HEAVY_NODE,False,False,False,,,,,,,,,,,,,,,,,,
P:1463,N,PARENT_HBN,PARENT,1463,GATE3F_RETAINED_HEAVY_NODE,False,False,False,,,,,,,,,,,,,,,,,,
P:1464,B,PARENT_HBN,PARENT,1464,GATE3F_RETAINED_HEAVY_NODE,False,False,False,,,,,,,,,,,,,,,,,,
P:1465,N,PARENT_HBN,PARENT,1465,GATE3F_RETAINED_HEAVY_NODE,False,False,False,,,,,,,,,,,,,,,,,,
P:1466,B,PARENT_HBN,PARENT,1466,GATE3F_RETAINED_HEAVY_NODE,False,False,False,,,,,,,,,,,,,,,,,,
P:1467,N,PARENT_HBN,PARENT,1467,GATE3F_RETAINED_HEAVY_NODE,False,False,False,,,,,,,,,,,,,,,,,,
P:1468,B,PARENT_HBN,PARENT,1468,GATE3F_RETAINED_HEAVY_NODE,False,False,False,,,,,,,,,,,,,,,,,,
P:1469,N,PARENT_HBN,PARENT,1469,GATE3F_RETAINED_HEAVY_NODE,False,False,False,,,,,,,,,,,,,,,,,,
P:1470,B,PARENT_HBN,PARENT,1470,GATE3F_RETAINED_HEAVY_NODE,False,False,False,,,,,,,,,,,,,,,,,,
P:1471,N,PARENT_HBN,PARENT,1471,GATE3F_RETAINED_HEAVY_NODE,False,False,False,,,,,,,,,,,,,,,,,,
P:1472,B,PARENT_HBN,PARENT,1472,GATE3F_RETAINED_HEAVY_NODE,False,False,False,,,,,,,,,,,,,,,,,,
P:1473,N,PARENT_HBN,PARENT,1473,GATE3F_RETAINED_HEAVY_NODE,False,False,False,,,,,,,,,,,,,,,,,,
P:1474,B,PARENT_HBN,PARENT,1474,GATE3F_RETAINED_HEAVY_NODE,False,False,False,,,,,,,,,,,,,,,,,,
P:1475,N,PARENT_HBN,PARENT,1475,GATE3F_RETAINED_HEAVY_NODE,False,False,False,,,,,,,,,,,,,,,,,,
P:1476,B,PARENT_HBN,PARENT,1476,GATE3F_RETAINED_HEAVY_NODE,False,False,False,,,,,,,,,,,,,,,,,,
P:1477,N,PARENT_HBN,PARENT,1477,GATE3F_RETAINED_HEAVY_NODE,False,False,False,,,,,,,,,,,,,,,,,,
P:1478,B,PARENT_HBN,PARENT,1478,GATE3F_RETAINED_HEAVY_NODE,False,False,False,,,,,,,,,,,,,,,,,,
P:1479,N,PARENT_HBN,PARENT,1479,GATE3F_RETAINED_HEAVY_NODE,False,False,False,,,,,,,,,,,,,,,,,,
P:1480,B,PARENT_HBN,PARENT,1480,GATE3F_RETAINED_HEAVY_NODE,False,False,False,,,,,,,,,,,,,,,,,,
P:1481,N,PARENT_HBN,PARENT,1481,GATE3F_RETAINED_HEAVY_NODE,False,False,False,,,,,,,,,,,,,,,,,,
P:1482,B,PARENT_HBN,PARENT,1482,GATE3F_RETAINED_HEAVY_NODE,False,False,False,,,,,,,,,,,,,,,,,,
P:1483,N,PARENT_HBN,PARENT,1483,GATE3F_RETAINED_HEAVY_NODE,False,False,False,,,,,,,,,,,,,,,,,,
P:1484,B,PARENT_HBN,PARENT,1484,GATE3F_RETAINED_HEAVY_NODE,False,False,False,,,,,,,,,,,,,,,,,,
P:1485,N,PARENT_HBN,PARENT,1485,GATE3F_RETAINED_HEAVY_NODE,False,False,False,,,,,,,,,,,,,,,,,,
P:1486,B,PARENT_HBN,PARENT,1486,GATE3F_RETAINED_HEAVY_NODE,False,False,False,,,,,,,,,,,,,,,,,,
P:1487,N,PARENT_HBN,PARENT,1487,GATE3F_RETAINED_HEAVY_NODE,False,False,False,,,,,,,,,,,,,,,,,,
P:1488,B,PARENT_HBN,PARENT,1488,GATE3F_RETAINED_HEAVY_NODE,False,False,False,,,,,,,,,,,,,,,,,,
P:1489,N,PARENT_HBN,PARENT,1489,GATE3F_RETAINED_HEAVY_NODE,False,False,False,,,,,,,,,,,,,,,,,,
P:1490,B,PARENT_HBN,PARENT,1490,GATE3F_RETAINED_HEAVY_NODE,False,False,False,,,,,,,,,,,,,,,,,,
P:1491,N,PARENT_HBN,PARENT,1491,GATE3F_RETAINED_HEAVY_NODE,False,False,False,,,,,,,,,,,,,,,,,,
P:1492,B,PARENT_HBN,PARENT,1492,GATE3F_RETAINED_HEAVY_NODE,False,False,False,,,,,,,,,,,,,,,,,,
P:1493,N,PARENT_HBN,PARENT,1493,GATE3F_RETAINED_HEAVY_NODE,False,False,False,,,,,,,,,,,,,,,,,,
P:1494,B,PARENT_HBN,PARENT,1494,GATE3F_RETAINED_HEAVY_NODE,False,False,False,,,,,,,,,,,,,,,,,,
P:1495,N,PARENT_HBN,PARENT,1495,GATE3F_RETAINED_HEAVY_NODE,False,False,False,,,,,,,,,,,,,,,,,,
P:1496,B,PARENT_HBN,PARENT,1496,GATE3F_RETAINED_HEAVY_NODE,False,False,False,,,,,,,,,,,,,,,,,,
P:1497,N,PARENT_HBN,PARENT,1497,GATE3F_RETAINED_HEAVY_NODE,False,False,False,,,,,,,,,,,,,,,,,,
P:1498,B,PARENT_HBN,PARENT,1498,GATE3F_RETAINED_HEAVY_NODE,False,False,False,,,,,,,,,,,,,,,,,,
P:1499,N,PARENT_HBN,PARENT,1499,GATE3F_RETAINED_HEAVY_NODE,False,False,False,,,,,,,,,,,,,,,,,,
P:1500,B,PARENT_HBN,PARENT,1500,GATE3F_RETAINED_HEAVY_NODE,False,False,False,,,,,,,,,,,,,,,,,,
P:1501,N,PARENT_HBN,PARENT,1501,GATE3F_RETAINED_HEAVY_NODE,False,False,False,,,,,,,,,,,,,,,,,,
P:1502,B,PARENT_HBN,PARENT,1502,GATE3F_RETAINED_HEAVY_NODE,False,False,False,,,,,,,,,,,,,,,,,,
P:1503,N,PARENT_HBN,PARENT,1503,GATE3F_RETAINED_HEAVY_NODE,False,False,False,,,,,,,,,,,,,,,,,,
P:1504,B,PARENT_HBN,PARENT,1504,GATE3F_RETAINED_HEAVY_NODE,False,False,False,,,,,,,,,,,,,,,,,,
P:1505,N,PARENT_HBN,PARENT,1505,GATE3F_RETAINED_HEAVY_NODE,False,False,False,,,,,,,,,,,,,,,,,,
P:1506,B,PARENT_HBN,PARENT,1506,GATE3F_RETAINED_HEAVY_NODE,False,False,False,,,,,,,,,,,,,,,,,,
P:1507,N,PARENT_HBN,PARENT,1507,GATE3F_RETAINED_HEAVY_NODE,False,False,False,,,,,,,,,,,,,,,,,,
P:1508,B,PARENT_HBN,PARENT,1508,GATE3F_RETAINED_HEAVY_NODE,False,False,False,,,,,,,,,,,,,,,,,,
P:1509,N,PARENT_HBN,PARENT,1509,GATE3F_RETAINED_HEAVY_NODE,False,False,False,,,,,,,,,,,,,,,,,,
P:1510,B,PARENT_HBN,PARENT,1510,GATE3F_RETAINED_HEAVY_NODE,False,False,False,,,,,,,,,,,,,,,,,,
P:1511,N,PARENT_HBN,PARENT,1511,GATE3F_RETAINED_HEAVY_NODE,False,False,False,,,,,,,,,,,,,,,,,,
P:1512,B,PARENT_HBN,PARENT,1512,GATE3F_RETAINED_HEAVY_NODE,False,False,False,,,,,,,,,,,,,,,,,,
P:1513,N,PARENT_HBN,PARENT,1513,GATE3F_RETAINED_HEAVY_NODE,False,False,False,,,,,,,,,,,,,,,,,,
P:1514,B,PARENT_HBN,PARENT,1514,GATE3F_RETAINED_HEAVY_NODE,False,False,False,,,,,,,,,,,,,,,,,,
P:1515,N,PARENT_HBN,PARENT,1515,GATE3F_RETAINED_HEAVY_NODE,False,False,False,,,,,,,,,,,,,,,,,,
P:1516,B,PARENT_HBN,PARENT,1516,GATE3F_RETAINED_HEAVY_NODE,False,False,False,,,,,,,,,,,,,,,,,,
P:1517,N,PARENT_HBN,PARENT,1517,GATE3F_RETAINED_HEAVY_NODE,False,False,False,,,,,,,,,,,,,,,,,,
P:1518,B,PARENT_HBN,PARENT,1518,GATE3F_RETAINED_HEAVY_NODE,False,False,False,,,,,,,,,,,,,,,,,,
P:1519,N,PARENT_HBN,PARENT,1519,GATE3F_RETAINED_HEAVY_NODE,False,False,False,,,,,,,,,,,,,,,,,,
P:1520,B,PARENT_HBN,PARENT,1520,GATE3F_RETAINED_HEAVY_NODE,False,False,False,,,,,,,,,,,,,,,,,,
P:1521,N,PARENT_HBN,PARENT,1521,GATE3F_RETAINED_HEAVY_NODE,False,False,False,,,,,,,,,,,,,,,,,,
P:1522,B,PARENT_HBN,PARENT,1522,GATE3F_RETAINED_HEAVY_NODE,False,False,False,,,,,,,,,,,,,,,,,,
P:1523,N,PARENT_HBN,PARENT,1523,GATE3F_RETAINED_HEAVY_NODE,False,False,False,,,,,,,,,,,,,,,,,,
P:1524,B,PARENT_HBN,PARENT,1524,GATE3F_RETAINED_HEAVY_NODE,False,False,False,,,,,,,,,,,,,,,,,,
P:1525,N,PARENT_HBN,PARENT,1525,GATE3F_RETAINED_HEAVY_NODE,False,False,False,,,,,,,,,,,,,,,,,,
P:1526,B,PARENT_HBN,PARENT,1526,GATE3F_RETAINED_HEAVY_NODE,False,False,False,,,,,,,,,,,,,,,,,,
P:1527,N,PARENT_HBN,PARENT,1527,GATE3F_RETAINED_HEAVY_NODE,False,False,False,,,,,,,,,,,,,,,,,,
P:1528,B,PARENT_HBN,PARENT,1528,GATE3F_RETAINED_HEAVY_NODE,False,False,False,,,,,,,,,,,,,,,,,,
P:1529,N,PARENT_HBN,PARENT,1529,GATE3F_RETAINED_HEAVY_NODE,False,False,False,,,,,,,,,,,,,,,,,,
P:1530,B,PARENT_HBN,PARENT,1530,GATE3F_RETAINED_HEAVY_NODE,False,False,False,,,,,,,,,,,,,,,,,,
P:1531,N,PARENT_HBN,PARENT,1531,GATE3F_RETAINED_HEAVY_NODE,False,False,False,,,,,,,,,,,,,,,,,,
P:1532,B,PARENT_HBN,PARENT,1532,GATE3F_RETAINED_HEAVY_NODE,False,False,False,,,,,,,,,,,,,,,,,,
P:1533,N,PARENT_HBN,PARENT,1533,GATE3F_RETAINED_HEAVY_NODE,False,False,False,,,,,,,,,,,,,,,,,,
P:1534,B,PARENT_HBN,PARENT,1534,GATE3F_RETAINED_HEAVY_NODE,False,False,False,,,,,,,,,,,,,,,,,,
P:1535,N,PARENT_HBN,PARENT,1535,GATE3F_RETAINED_HEAVY_NODE,False,False,False,,,,,,,,,,,,,,,,,,
P:1536,B,PARENT_HBN,PARENT,1536,GATE3F_RETAINED_HEAVY_NODE,False,False,False,,,,,,,,,,,,,,,,,,
P:1537,N,PARENT_HBN,PARENT,1537,GATE3F_RETAINED_HEAVY_NODE,False,False,False,,,,,,,,,,,,,,,,,,
P:1538,B,PARENT_HBN,PARENT,1538,GATE3F_RETAINED_HEAVY_NODE,False,False,False,,,,,,,,,,,,,,,,,,
P:1539,N,PARENT_HBN,PARENT,1539,GATE3F_RETAINED_HEAVY_NODE,False,False,False,,,,,,,,,,,,,,,,,,
P:1540,B,PARENT_HBN,PARENT,1540,GATE3F_RETAINED_HEAVY_NODE,False,False,False,,,,,,,,,,,,,,,,,,
P:1541,N,PARENT_HBN,PARENT,1541,GATE3F_RETAINED_HEAVY_NODE,False,False,False,,,,,,,,,,,,,,,,,,
P:1542,B,PARENT_HBN,PARENT,1542,GATE3F_RETAINED_HEAVY_NODE,False,False,False,,,,,,,,,,,,,,,,,,
P:1543,N,PARENT_HBN,PARENT,1543,GATE3F_RETAINED_HEAVY_NODE,False,False,False,,,,,,,,,,,,,,,,,,
P:1544,B,PARENT_HBN,PARENT,1544,GATE3F_RETAINED_HEAVY_NODE,False,False,False,,,,,,,,,,,,,,,,,,
P:1545,N,PARENT_HBN,PARENT,1545,GATE3F_RETAINED_HEAVY_NODE,False,False,False,,,,,,,,,,,,,,,,,,
P:1546,B,PARENT_HBN,PARENT,1546,GATE3F_RETAINED_HEAVY_NODE,False,False,False,,,,,,,,,,,,,,,,,,
P:1547,N,PARENT_HBN,PARENT,1547,GATE3F_RETAINED_HEAVY_NODE,False,False,False,,,,,,,,,,,,,,,,,,
P:1548,B,PARENT_HBN,PARENT,1548,GATE3F_RETAINED_HEAVY_NODE,False,False,False,,,,,,,,,,,,,,,,,,
P:1549,N,PARENT_HBN,PARENT,1549,GATE3F_RETAINED_HEAVY_NODE,False,False,False,,,,,,,,,,,,,,,,,,
P:1550,B,PARENT_HBN,PARENT,1550,GATE3F_RETAINED_HEAVY_NODE,False,False,False,,,,,,,,,,,,,,,,,,
P:1551,N,PARENT_HBN,PARENT,1551,GATE3F_RETAINED_HEAVY_NODE,False,False,False,,,,,,,,,,,,,,,,,,
P:1552,B,PARENT_HBN,PARENT,1552,GATE3F_RETAINED_HEAVY_NODE,False,False,False,,,,,,,,,,,,,,,,,,
P:1553,N,PARENT_HBN,PARENT,1553,GATE3F_RETAINED_HEAVY_NODE,False,False,False,,,,,,,,,,,,,,,,,,
P:1554,B,PARENT_HBN,PARENT,1554,GATE3F_RETAINED_HEAVY_NODE,False,False,False,,,,,,,,,,,,,,,,,,
P:1555,N,PARENT_HBN,PARENT,1555,GATE3F_RETAINED_HEAVY_NODE,False,False,False,,,,,,,,,,,,,,,,,,
P:1556,B,PARENT_HBN,PARENT,1556,GATE3F_RETAINED_HEAVY_NODE,False,False,False,,,,,,,,,,,,,,,,,,
P:1557,N,PARENT_HBN,PARENT,1557,GATE3F_RETAINED_HEAVY_NODE,False,False,False,,,,,,,,,,,,,,,,,,
P:1558,B,PARENT_HBN,PARENT,1558,GATE3F_RETAINED_HEAVY_NODE,False,False,False,,,,,,,,,,,,,,,,,,
P:1559,N,PARENT_HBN,PARENT,1559,GATE3F_RETAINED_HEAVY_NODE,False,False,False,,,,,,,,,,,,,,,,,,
P:1560,B,PARENT_HBN,PARENT,1560,GATE3F_RETAINED_HEAVY_NODE,False,False,False,,,,,,,,,,,,,,,,,,
P:1561,N,PARENT_HBN,PARENT,1561,GATE3F_RETAINED_HEAVY_NODE,False,False,False,,,,,,,,,,,,,,,,,,
P:1562,B,PARENT_HBN,PARENT,1562,GATE3F_RETAINED_HEAVY_NODE,False,False,False,,,,,,,,,,,,,,,,,,
P:1563,N,PARENT_HBN,PARENT,1563,GATE3F_RETAINED_HEAVY_NODE,False,False,False,,,,,,,,,,,,,,,,,,
P:1564,B,PARENT_HBN,PARENT,1564,GATE3F_RETAINED_HEAVY_NODE,False,False,False,,,,,,,,,,,,,,,,,,
P:1565,N,PARENT_HBN,PARENT,1565,GATE3F_RETAINED_HEAVY_NODE,False,False,False,,,,,,,,,,,,,,,,,,
P:1566,B,PARENT_HBN,PARENT,1566,GATE3F_RETAINED_HEAVY_NODE,False,False,False,,,,,,,,,,,,,,,,,,
P:1567,N,PARENT_HBN,PARENT,1567,GATE3F_RETAINED_HEAVY_NODE,False,False,False,,,,,,,,,,,,,,,,,,
P:1568,B,PARENT_HBN,PARENT,1568,GATE3F_RETAINED_HEAVY_NODE,False,False,False,,,,,,,,,,,,,,,,,,
P:1569,N,PARENT_HBN,PARENT,1569,GATE3F_RETAINED_HEAVY_NODE,False,False,False,,,,,,,,,,,,,,,,,,
P:1570,B,PARENT_HBN,PARENT,1570,GATE3F_RETAINED_HEAVY_NODE,False,False,False,,,,,,,,,,,,,,,,,,
P:1571,N,PARENT_HBN,PARENT,1571,GATE3F_RETAINED_HEAVY_NODE,False,False,False,,,,,,,,,,,,,,,,,,
P:1572,B,PARENT_HBN,PARENT,1572,GATE3F_RETAINED_HEAVY_NODE,False,False,False,,,,,,,,,,,,,,,,,,
P:1573,N,PARENT_HBN,PARENT,1573,GATE3F_RETAINED_HEAVY_NODE,False,False,False,,,,,,,,,,,,,,,,,,
P:1574,B,PARENT_HBN,PARENT,1574,GATE3F_RETAINED_HEAVY_NODE,False,False,False,,,,,,,,,,,,,,,,,,
P:1575,N,PARENT_HBN,PARENT,1575,GATE3F_RETAINED_HEAVY_NODE,False,False,False,,,,,,,,,,,,,,,,,,
P:1576,B,PARENT_HBN,PARENT,1576,GATE3F_RETAINED_HEAVY_NODE,False,False,False,,,,,,,,,,,,,,,,,,
P:1577,N,PARENT_HBN,PARENT,1577,GATE3F_RETAINED_HEAVY_NODE,False,False,False,,,,,,,,,,,,,,,,,,
P:1578,B,PARENT_HBN,PARENT,1578,GATE3F_RETAINED_HEAVY_NODE,False,False,False,,,,,,,,,,,,,,,,,,
P:1579,N,PARENT_HBN,PARENT,1579,GATE3F_RETAINED_HEAVY_NODE,False,False,False,,,,,,,,,,,,,,,,,,
P:1580,B,PARENT_HBN,PARENT,1580,GATE3F_RETAINED_HEAVY_NODE,False,False,False,,,,,,,,,,,,,,,,,,
P:1581,N,PARENT_HBN,PARENT,1581,GATE3F_RETAINED_HEAVY_NODE,False,False,False,,,,,,,,,,,,,,,,,,
P:1582,B,PARENT_HBN,PARENT,1582,GATE3F_RETAINED_HEAVY_NODE,False,False,False,,,,,,,,,,,,,,,,,,
P:1583,N,PARENT_HBN,PARENT,1583,GATE3F_RETAINED_HEAVY_NODE,False,False,False,,,,,,,,,,,,,,,,,,
P:1584,B,PARENT_HBN,PARENT,1584,GATE3F_RETAINED_HEAVY_NODE,False,False,False,,,,,,,,,,,,,,,,,,
P:1585,N,PARENT_HBN,PARENT,1585,GATE3F_RETAINED_HEAVY_NODE,False,False,False,,,,,,,,,,,,,,,,,,
P:1586,B,PARENT_HBN,PARENT,1586,GATE3F_RETAINED_HEAVY_NODE,False,False,False,,,,,,,,,,,,,,,,,,
P:1587,N,PARENT_HBN,PARENT,1587,GATE3F_RETAINED_HEAVY_NODE,False,False,False,,,,,,,,,,,,,,,,,,
P:1588,B,PARENT_HBN,PARENT,1588,GATE3F_RETAINED_HEAVY_NODE,False,False,False,,,,,,,,,,,,,,,,,,
P:1589,N,PARENT_HBN,PARENT,1589,GATE3F_RETAINED_HEAVY_NODE,False,False,False,,,,,,,,,,,,,,,,,,
P:1590,B,PARENT_HBN,PARENT,1590,GATE3F_RETAINED_HEAVY_NODE,False,False,False,,,,,,,,,,,,,,,,,,
P:1591,N,PARENT_HBN,PARENT,1591,GATE3F_RETAINED_HEAVY_NODE,False,False,False,,,,,,,,,,,,,,,,,,
P:1592,B,PARENT_HBN,PARENT,1592,GATE3F_RETAINED_HEAVY_NODE,False,False,False,,,,,,,,,,,,,,,,,,
P:1593,N,PARENT_HBN,PARENT,1593,GATE3F_RETAINED_HEAVY_NODE,False,False,False,,,,,,,,,,,,,,,,,,
P:1594,B,PARENT_HBN,PARENT,1594,GATE3F_RETAINED_HEAVY_NODE,False,False,False,,,,,,,,,,,,,,,,,,
P:1595,N,PARENT_HBN,PARENT,1595,GATE3F_RETAINED_HEAVY_NODE,False,False,False,,,,,,,,,,,,,,,,,,
P:1596,B,PARENT_HBN,PARENT,1596,GATE3F_RETAINED_HEAVY_NODE,False,False,False,,,,,,,,,,,,,,,,,,
P:1597,N,PARENT_HBN,PARENT,1597,GATE3F_RETAINED_HEAVY_NODE,False,False,False,,,,,,,,,,,,,,,,,,
P:1598,B,PARENT_HBN,PARENT,1598,GATE3F_RETAINED_HEAVY_NODE,False,False,False,,,,,,,,,,,,,,,,,,
P:1599,N,PARENT_HBN,PARENT,1599,GATE3F_RETAINED_HEAVY_NODE,False,False,False,,,,,,,,,,,,,,,,,,
P:1600,B,PARENT_HBN,PARENT,1600,GATE3F_RETAINED_HEAVY_NODE,False,False,False,,,,,,,,,,,,,,,,,,
P:1601,N,PARENT_HBN,PARENT,1601,GATE3F_RETAINED_HEAVY_NODE,False,False,False,,,,,,,,,,,,,,,,,,
P:1602,B,PARENT_HBN,PARENT,1602,GATE3F_RETAINED_HEAVY_NODE,False,False,False,,,,,,,,,,,,,,,,,,
P:1603,N,PARENT_HBN,PARENT,1603,GATE3F_RETAINED_HEAVY_NODE,False,False,False,,,,,,,,,,,,,,,,,,
P:1604,B,PARENT_HBN,PARENT,1604,GATE3F_RETAINED_HEAVY_NODE,False,False,False,,,,,,,,,,,,,,,,,,
P:1605,N,PARENT_HBN,PARENT,1605,GATE3F_RETAINED_HEAVY_NODE,False,False,False,,,,,,,,,,,,,,,,,,
P:1606,B,PARENT_HBN,PARENT,1606,GATE3F_RETAINED_HEAVY_NODE,False,False,False,,,,,,,,,,,,,,,,,,
P:1607,N,PARENT_HBN,PARENT,1607,GATE3F_RETAINED_HEAVY_NODE,False,False,False,,,,,,,,,,,,,,,,,,
P:1608,B,PARENT_HBN,PARENT,1608,GATE3F_RETAINED_HEAVY_NODE,False,False,False,,,,,,,,,,,,,,,,,,
P:1609,N,PARENT_HBN,PARENT,1609,GATE3F_RETAINED_HEAVY_NODE,False,False,False,,,,,,,,,,,,,,,,,,
P:1610,B,PARENT_HBN,PARENT,1610,GATE3F_RETAINED_HEAVY_NODE,False,False,False,,,,,,,,,,,,,,,,,,
P:1611,N,PARENT_HBN,PARENT,1611,GATE3F_RETAINED_HEAVY_NODE,False,False,False,,,,,,,,,,,,,,,,,,
P:1612,B,PARENT_HBN,PARENT,1612,GATE3F_RETAINED_HEAVY_NODE,False,False,False,,,,,,,,,,,,,,,,,,
P:1613,N,PARENT_HBN,PARENT,1613,GATE3F_RETAINED_HEAVY_NODE,False,False,False,,,,,,,,,,,,,,,,,,
P:1614,B,PARENT_HBN,PARENT,1614,GATE3F_RETAINED_HEAVY_NODE,False,False,False,,,,,,,,,,,,,,,,,,
P:1615,N,PARENT_HBN,PARENT,1615,GATE3F_RETAINED_HEAVY_NODE,False,False,False,,,,,,,,,,,,,,,,,,
P:1616,B,PARENT_HBN,PARENT,1616,GATE3F_RETAINED_HEAVY_NODE,False,False,False,,,,,,,,,,,,,,,,,,
P:1617,N,PARENT_HBN,PARENT,1617,GATE3F_RETAINED_HEAVY_NODE,False,False,False,,,,,,,,,,,,,,,,,,
P:1618,B,PARENT_HBN,PARENT,1618,GATE3F_RETAINED_HEAVY_NODE,False,False,False,,,,,,,,,,,,,,,,,,
P:1619,N,PARENT_HBN,PARENT,1619,GATE3F_RETAINED_HEAVY_NODE,False,False,False,,,,,,,,,,,,,,,,,,
P:1620,B,PARENT_HBN,PARENT,1620,GATE3F_RETAINED_HEAVY_NODE,False,False,False,,,,,,,,,,,,,,,,,,
P:1621,N,PARENT_HBN,PARENT,1621,GATE3F_RETAINED_HEAVY_NODE,False,False,False,,,,,,,,,,,,,,,,,,
P:1622,B,PARENT_HBN,PARENT,1622,GATE3F_RETAINED_HEAVY_NODE,False,False,False,,,,,,,,,,,,,,,,,,
P:1623,N,PARENT_HBN,PARENT,1623,GATE3F_RETAINED_HEAVY_NODE,False,False,False,,,,,,,,,,,,,,,,,,
P:1624,B,PARENT_HBN,PARENT,1624,GATE3F_RETAINED_HEAVY_NODE,False,False,False,,,,,,,,,,,,,,,,,,
P:1625,N,PARENT_HBN,PARENT,1625,GATE3F_RETAINED_HEAVY_NODE,False,False,False,,,,,,,,,,,,,,,,,,
P:1626,B,PARENT_HBN,PARENT,1626,GATE3F_RETAINED_HEAVY_NODE,False,False,False,,,,,,,,,,,,,,,,,,
P:1627,N,PARENT_HBN,PARENT,1627,GATE3F_RETAINED_HEAVY_NODE,False,False,False,,,,,,,,,,,,,,,,,,
P:1628,B,PARENT_HBN,PARENT,1628,GATE3F_RETAINED_HEAVY_NODE,False,False,False,,,,,,,,,,,,,,,,,,
P:1629,N,PARENT_HBN,PARENT,1629,GATE3F_RETAINED_HEAVY_NODE,False,False,False,,,,,,,,,,,,,,,,,,
P:1630,B,PARENT_HBN,PARENT,1630,GATE3F_RETAINED_HEAVY_NODE,False,False,False,,,,,,,,,,,,,,,,,,
P:1631,N,PARENT_HBN,PARENT,1631,GATE3F_RETAINED_HEAVY_NODE,False,False,False,,,,,,,,,,,,,,,,,,
P:1632,B,PARENT_HBN,PARENT,1632,GATE3F_RETAINED_HEAVY_NODE,False,False,False,,,,,,,,,,,,,,,,,,
P:1633,N,PARENT_HBN,PARENT,1633,GATE3F_RETAINED_HEAVY_NODE,False,False,False,,,,,,,,,,,,,,,,,,
P:1634,B,PARENT_HBN,PARENT,1634,GATE3F_RETAINED_HEAVY_NODE,False,False,False,,,,,,,,,,,,,,,,,,
P:1635,N,PARENT_HBN,PARENT,1635,GATE3F_RETAINED_HEAVY_NODE,False,False,False,,,,,,,,,,,,,,,,,,
P:1636,B,PARENT_HBN,PARENT,1636,GATE3F_RETAINED_HEAVY_NODE,False,False,False,,,,,,,,,,,,,,,,,,
P:1637,N,PARENT_HBN,PARENT,1637,GATE3F_RETAINED_HEAVY_NODE,False,False,False,,,,,,,,,,,,,,,,,,
P:1638,B,PARENT_HBN,PARENT,1638,GATE3F_RETAINED_HEAVY_NODE,False,False,False,,,,,,,,,,,,,,,,,,
P:1639,N,PARENT_HBN,PARENT,1639,GATE3F_RETAINED_HEAVY_NODE,False,False,False,,,,,,,,,,,,,,,,,,
P:1640,B,PARENT_HBN,PARENT,1640,GATE3F_RETAINED_HEAVY_NODE,False,False,False,,,,,,,,,,,,,,,,,,
P:1641,N,PARENT_HBN,PARENT,1641,GATE3F_RETAINED_HEAVY_NODE,False,False,False,,,,,,,,,,,,,,,,,,
P:1642,B,PARENT_HBN,PARENT,1642,GATE3F_RETAINED_HEAVY_NODE,False,False,False,,,,,,,,,,,,,,,,,,
P:1643,N,PARENT_HBN,PARENT,1643,GATE3F_RETAINED_HEAVY_NODE,False,False,False,,,,,,,,,,,,,,,,,,
P:1644,B,PARENT_HBN,PARENT,1644,GATE3F_RETAINED_HEAVY_NODE,False,False,False,,,,,,,,,,,,,,,,,,
P:1645,N,PARENT_HBN,PARENT,1645,GATE3F_RETAINED_HEAVY_NODE,False,False,False,,,,,,,,,,,,,,,,,,
P:1646,B,PARENT_HBN,PARENT,1646,GATE3F_RETAINED_HEAVY_NODE,False,False,False,,,,,,,,,,,,,,,,,,
P:1647,N,PARENT_HBN,PARENT,1647,GATE3F_RETAINED_HEAVY_NODE,False,False,False,,,,,,,,,,,,,,,,,,
P:1648,B,PARENT_HBN,PARENT,1648,GATE3F_RETAINED_HEAVY_NODE,False,False,False,,,,,,,,,,,,,,,,,,
P:1649,N,PARENT_HBN,PARENT,1649,GATE3F_RETAINED_HEAVY_NODE,False,False,False,,,,,,,,,,,,,,,,,,
P:1650,B,PARENT_HBN,PARENT,1650,GATE3F_RETAINED_HEAVY_NODE,False,False,False,,,,,,,,,,,,,,,,,,
P:1651,N,PARENT_HBN,PARENT,1651,GATE3F_RETAINED_HEAVY_NODE,False,False,False,,,,,,,,,,,,,,,,,,
P:1652,B,PARENT_HBN,PARENT,1652,GATE3F_RETAINED_HEAVY_NODE,False,False,False,,,,,,,,,,,,,,,,,,
P:1653,N,PARENT_HBN,PARENT,1653,GATE3F_RETAINED_HEAVY_NODE,False,False,False,,,,,,,,,,,,,,,,,,
P:1654,B,PARENT_HBN,PARENT,1654,GATE3F_RETAINED_HEAVY_NODE,False,False,False,,,,,,,,,,,,,,,,,,
P:1655,N,PARENT_HBN,PARENT,1655,GATE3F_RETAINED_HEAVY_NODE,False,False,False,,,,,,,,,,,,,,,,,,
P:1656,B,PARENT_HBN,PARENT,1656,GATE3F_RETAINED_HEAVY_NODE,False,False,False,,,,,,,,,,,,,,,,,,
P:1657,N,PARENT_HBN,PARENT,1657,GATE3F_RETAINED_HEAVY_NODE,False,False,False,,,,,,,,,,,,,,,,,,
P:1658,B,PARENT_HBN,PARENT,1658,GATE3F_RETAINED_HEAVY_NODE,False,False,False,,,,,,,,,,,,,,,,,,
P:1659,N,PARENT_HBN,PARENT,1659,GATE3F_RETAINED_HEAVY_NODE,False,False,False,,,,,,,,,,,,,,,,,,
P:1660,B,PARENT_HBN,PARENT,1660,GATE3F_RETAINED_HEAVY_NODE,False,False,False,,,,,,,,,,,,,,,,,,
P:1661,N,PARENT_HBN,PARENT,1661,GATE3F_RETAINED_HEAVY_NODE,False,False,False,,,,,,,,,,,,,,,,,,
P:1662,B,PARENT_HBN,PARENT,1662,GATE3F_RETAINED_HEAVY_NODE,False,False,False,,,,,,,,,,,,,,,,,,
P:1663,N,PARENT_HBN,PARENT,1663,GATE3F_RETAINED_HEAVY_NODE,False,False,False,,,,,,,,,,,,,,,,,,
P:1664,B,PARENT_HBN,PARENT,1664,GATE3F_RETAINED_HEAVY_NODE,False,False,False,,,,,,,,,,,,,,,,,,
P:1665,N,PARENT_HBN,PARENT,1665,GATE3F_RETAINED_HEAVY_NODE,False,False,False,,,,,,,,,,,,,,,,,,
P:1666,B,PARENT_HBN,PARENT,1666,GATE3F_RETAINED_HEAVY_NODE,False,False,False,,,,,,,,,,,,,,,,,,
P:1667,N,PARENT_HBN,PARENT,1667,GATE3F_RETAINED_HEAVY_NODE,False,False,False,,,,,,,,,,,,,,,,,,
P:1668,B,PARENT_HBN,PARENT,1668,GATE3F_RETAINED_HEAVY_NODE,False,False,False,,,,,,,,,,,,,,,,,,
P:1669,N,PARENT_HBN,PARENT,1669,GATE3F_RETAINED_HEAVY_NODE,False,False,False,,,,,,,,,,,,,,,,,,
P:1670,B,PARENT_HBN,PARENT,1670,GATE3F_RETAINED_HEAVY_NODE,False,False,False,,,,,,,,,,,,,,,,,,
P:1671,N,PARENT_HBN,PARENT,1671,GATE3F_RETAINED_HEAVY_NODE,False,False,False,,,,,,,,,,,,,,,,,,
P:1672,B,PARENT_HBN,PARENT,1672,GATE3F_RETAINED_HEAVY_NODE,False,False,False,,,,,,,,,,,,,,,,,,
P:1673,N,PARENT_HBN,PARENT,1673,GATE3F_RETAINED_HEAVY_NODE,False,False,False,,,,,,,,,,,,,,,,,,
P:1674,B,PARENT_HBN,PARENT,1674,GATE3F_RETAINED_HEAVY_NODE,False,False,False,,,,,,,,,,,,,,,,,,
P:1675,N,PARENT_HBN,PARENT,1675,GATE3F_RETAINED_HEAVY_NODE,False,False,False,,,,,,,,,,,,,,,,,,
P:1676,B,PARENT_HBN,PARENT,1676,GATE3F_RETAINED_HEAVY_NODE,False,False,False,,,,,,,,,,,,,,,,,,
P:1677,N,PARENT_HBN,PARENT,1677,GATE3F_RETAINED_HEAVY_NODE,False,False,False,,,,,,,,,,,,,,,,,,
P:1678,B,PARENT_HBN,PARENT,1678,GATE3F_RETAINED_HEAVY_NODE,False,False,False,,,,,,,,,,,,,,,,,,
P:1679,N,PARENT_HBN,PARENT,1679,GATE3F_RETAINED_HEAVY_NODE,False,False,False,,,,,,,,,,,,,,,,,,
S:1680,N,HEXAGONAL_EDGE_COMPLETION_SEED,LOWER,1680,GATE3F_RETAINED_HEAVY_NODE,False,False,False,0,,,,,,,,,,,,,,,,,
S:1681,N,HEXAGONAL_EDGE_COMPLETION_SEED,LOWER,1681,GATE3F_RETAINED_HEAVY_NODE,False,False,False,1,,,,,,,,,,,,,,,,,
S:1682,N,HEXAGONAL_EDGE_COMPLETION_SEED,LOWER,1682,GATE3F_RETAINED_HEAVY_NODE,False,False,False,2,,,,,,,,,,,,,,,,,
S:1683,N,HEXAGONAL_EDGE_COMPLETION_SEED,LOWER,1683,GATE3F_RETAINED_HEAVY_NODE,False,False,False,3,,,,,,,,,,,,,,,,,
S:1684,N,HEXAGONAL_EDGE_COMPLETION_SEED,LOWER,1684,GATE3F_RETAINED_HEAVY_NODE,False,False,False,4,,,,,,,,,,,,,,,,,
S:1685,N,HEXAGONAL_EDGE_COMPLETION_SEED,LOWER,1685,GATE3F_RETAINED_HEAVY_NODE,False,False,False,5,,,,,,,,,,,,,,,,,
S:1686,N,HEXAGONAL_EDGE_COMPLETION_SEED,LOWER,1686,GATE3F_RETAINED_HEAVY_NODE,False,False,False,6,,,,,,,,,,,,,,,,,
S:1687,N,HEXAGONAL_EDGE_COMPLETION_SEED,LOWER,1687,GATE3F_RETAINED_HEAVY_NODE,False,False,False,7,,,,,,,,,,,,,,,,,
S:1688,N,HEXAGONAL_EDGE_COMPLETION_SEED,LOWER,1688,GATE3F_RETAINED_HEAVY_NODE,False,False,False,8,,,,,,,,,,,,,,,,,
S:1689,N,HEXAGONAL_EDGE_COMPLETION_SEED,LOWER,1689,GATE3F_RETAINED_HEAVY_NODE,False,False,False,9,,,,,,,,,,,,,,,,,
S:1690,N,HEXAGONAL_EDGE_COMPLETION_SEED,LOWER,1690,GATE3F_RETAINED_HEAVY_NODE,False,False,False,10,,,,,,,,,,,,,,,,,
S:1691,N,HEXAGONAL_EDGE_COMPLETION_SEED,LOWER,1691,GATE3F_RETAINED_HEAVY_NODE,False,False,False,11,,,,,,,,,,,,,,,,,
S:1692,N,HEXAGONAL_EDGE_COMPLETION_SEED,LOWER,1692,GATE3F_RETAINED_HEAVY_NODE,False,False,False,12,,,,,,,,,,,,,,,,,
S:1693,N,HEXAGONAL_EDGE_COMPLETION_SEED,LOWER,1693,GATE3F_RETAINED_HEAVY_NODE,False,False,False,13,,,,,,,,,,,,,,,,,
S:1694,N,HEXAGONAL_EDGE_COMPLETION_SEED,LOWER,1694,GATE3F_RETAINED_HEAVY_NODE,False,False,False,14,,,,,,,,,,,,,,,,,
S:1695,N,HEXAGONAL_EDGE_COMPLETION_SEED,LOWER,1695,GATE3F_RETAINED_HEAVY_NODE,False,False,False,15,,,,,,,,,,,,,,,,,
S:1696,N,HEXAGONAL_EDGE_COMPLETION_SEED,LOWER,1696,GATE3F_RETAINED_HEAVY_NODE,False,False,False,16,,,,,,,,,,,,,,,,,
S:1697,N,HEXAGONAL_EDGE_COMPLETION_SEED,LOWER,1697,GATE3F_RETAINED_HEAVY_NODE,False,False,False,17,,,,,,,,,,,,,,,,,
S:1698,N,HEXAGONAL_EDGE_COMPLETION_SEED,LOWER,1698,GATE3F_RETAINED_HEAVY_NODE,False,False,False,18,,,,,,,,,,,,,,,,,
S:1699,N,HEXAGONAL_EDGE_COMPLETION_SEED,LOWER,1699,GATE3F_RETAINED_HEAVY_NODE,False,False,False,19,,,,,,,,,,,,,,,,,
S:1700,N,HEXAGONAL_EDGE_COMPLETION_SEED,LOWER,1700,GATE3F_RETAINED_HEAVY_NODE,False,False,False,20,,,,,,,,,,,,,,,,,
S:1701,N,HEXAGONAL_EDGE_COMPLETION_SEED,LOWER,1701,GATE3F_RETAINED_HEAVY_NODE,False,False,False,21,,,,,,,,,,,,,,,,,
S:1702,N,HEXAGONAL_EDGE_COMPLETION_SEED,LOWER,1702,GATE3F_RETAINED_HEAVY_NODE,False,False,False,22,,,,,,,,,,,,,,,,,
S:1703,N,HEXAGONAL_EDGE_COMPLETION_SEED,LOWER,1703,GATE3F_RETAINED_HEAVY_NODE,False,False,False,23,,,,,,,,,,,,,,,,,
S:1704,N,HEXAGONAL_EDGE_COMPLETION_SEED,LOWER,1704,GATE3F_RETAINED_HEAVY_NODE,False,False,False,24,,,,,,,,,,,,,,,,,
S:1705,N,HEXAGONAL_EDGE_COMPLETION_SEED,LOWER,1705,GATE3F_RETAINED_HEAVY_NODE,False,False,False,25,,,,,,,,,,,,,,,,,
S:1706,N,HEXAGONAL_EDGE_COMPLETION_SEED,LOWER,1706,GATE3F_RETAINED_HEAVY_NODE,False,False,False,26,,,,,,,,,,,,,,,,,
S:1707,N,HEXAGONAL_EDGE_COMPLETION_SEED,LOWER,1707,GATE3F_RETAINED_HEAVY_NODE,False,False,False,27,,,,,,,,,,,,,,,,,
S:1708,N,HEXAGONAL_EDGE_COMPLETION_SEED,LOWER,1708,GATE3F_RETAINED_HEAVY_NODE,False,False,False,28,,,,,,,,,,,,,,,,,
S:1709,N,HEXAGONAL_EDGE_COMPLETION_SEED,LOWER,1709,GATE3F_RETAINED_HEAVY_NODE,False,False,False,29,,,,,,,,,,,,,,,,,
S:1710,B,HEXAGONAL_EDGE_COMPLETION_SEED,UPPER,1710,GATE3F_RETAINED_HEAVY_NODE,False,False,False,0,,,,,,,,,,,,,,,,,
S:1711,B,HEXAGONAL_EDGE_COMPLETION_SEED,UPPER,1711,GATE3F_RETAINED_HEAVY_NODE,False,False,False,1,,,,,,,,,,,,,,,,,
S:1712,B,HEXAGONAL_EDGE_COMPLETION_SEED,UPPER,1712,GATE3F_RETAINED_HEAVY_NODE,False,False,False,2,,,,,,,,,,,,,,,,,
S:1713,B,HEXAGONAL_EDGE_COMPLETION_SEED,UPPER,1713,GATE3F_RETAINED_HEAVY_NODE,False,False,False,3,,,,,,,,,,,,,,,,,
S:1714,B,HEXAGONAL_EDGE_COMPLETION_SEED,UPPER,1714,GATE3F_RETAINED_HEAVY_NODE,False,False,False,4,,,,,,,,,,,,,,,,,
S:1715,B,HEXAGONAL_EDGE_COMPLETION_SEED,UPPER,1715,GATE3F_RETAINED_HEAVY_NODE,False,False,False,5,,,,,,,,,,,,,,,,,
S:1716,B,HEXAGONAL_EDGE_COMPLETION_SEED,UPPER,1716,GATE3F_RETAINED_HEAVY_NODE,False,False,False,6,,,,,,,,,,,,,,,,,
S:1717,B,HEXAGONAL_EDGE_COMPLETION_SEED,UPPER,1717,GATE3F_RETAINED_HEAVY_NODE,False,False,False,7,,,,,,,,,,,,,,,,,
S:1718,B,HEXAGONAL_EDGE_COMPLETION_SEED,UPPER,1718,GATE3F_RETAINED_HEAVY_NODE,False,False,False,8,,,,,,,,,,,,,,,,,
S:1719,B,HEXAGONAL_EDGE_COMPLETION_SEED,UPPER,1719,GATE3F_RETAINED_HEAVY_NODE,False,False,False,9,,,,,,,,,,,,,,,,,
S:1720,B,HEXAGONAL_EDGE_COMPLETION_SEED,UPPER,1720,GATE3F_RETAINED_HEAVY_NODE,False,False,False,10,,,,,,,,,,,,,,,,,
S:1721,B,HEXAGONAL_EDGE_COMPLETION_SEED,UPPER,1721,GATE3F_RETAINED_HEAVY_NODE,False,False,False,11,,,,,,,,,,,,,,,,,
S:1722,B,HEXAGONAL_EDGE_COMPLETION_SEED,UPPER,1722,GATE3F_RETAINED_HEAVY_NODE,False,False,False,12,,,,,,,,,,,,,,,,,
S:1723,B,HEXAGONAL_EDGE_COMPLETION_SEED,UPPER,1723,GATE3F_RETAINED_HEAVY_NODE,False,False,False,13,,,,,,,,,,,,,,,,,
S:1724,B,HEXAGONAL_EDGE_COMPLETION_SEED,UPPER,1724,GATE3F_RETAINED_HEAVY_NODE,False,False,False,14,,,,,,,,,,,,,,,,,
S:1725,B,HEXAGONAL_EDGE_COMPLETION_SEED,UPPER,1725,GATE3F_RETAINED_HEAVY_NODE,False,False,False,15,,,,,,,,,,,,,,,,,
S:1726,B,HEXAGONAL_EDGE_COMPLETION_SEED,UPPER,1726,GATE3F_RETAINED_HEAVY_NODE,False,False,False,16,,,,,,,,,,,,,,,,,
S:1727,B,HEXAGONAL_EDGE_COMPLETION_SEED,UPPER,1727,GATE3F_RETAINED_HEAVY_NODE,False,False,False,17,,,,,,,,,,,,,,,,,
S:1728,B,HEXAGONAL_EDGE_COMPLETION_SEED,UPPER,1728,GATE3F_RETAINED_HEAVY_NODE,False,False,False,18,,,,,,,,,,,,,,,,,
S:1729,B,HEXAGONAL_EDGE_COMPLETION_SEED,UPPER,1729,GATE3F_RETAINED_HEAVY_NODE,False,False,False,19,,,,,,,,,,,,,,,,,
S:1730,B,HEXAGONAL_EDGE_COMPLETION_SEED,UPPER,1730,GATE3F_RETAINED_HEAVY_NODE,False,False,False,20,,,,,,,,,,,,,,,,,
S:1731,B,HEXAGONAL_EDGE_COMPLETION_SEED,UPPER,1731,GATE3F_RETAINED_HEAVY_NODE,False,False,False,21,,,,,,,,,,,,,,,,,
S:1732,B,HEXAGONAL_EDGE_COMPLETION_SEED,UPPER,1732,GATE3F_RETAINED_HEAVY_NODE,False,False,False,22,,,,,,,,,,,,,,,,,
S:1733,B,HEXAGONAL_EDGE_COMPLETION_SEED,UPPER,1733,GATE3F_RETAINED_HEAVY_NODE,False,False,False,23,,,,,,,,,,,,,,,,,
S:1734,B,HEXAGONAL_EDGE_COMPLETION_SEED,UPPER,1734,GATE3F_RETAINED_HEAVY_NODE,False,False,False,24,,,,,,,,,,,,,,,,,
S:1735,B,HEXAGONAL_EDGE_COMPLETION_SEED,UPPER,1735,GATE3F_RETAINED_HEAVY_NODE,False,False,False,25,,,,,,,,,,,,,,,,,
S:1736,B,HEXAGONAL_EDGE_COMPLETION_SEED,UPPER,1736,GATE3F_RETAINED_HEAVY_NODE,False,False,False,26,,,,,,,,,,,,,,,,,
S:1737,B,HEXAGONAL_EDGE_COMPLETION_SEED,UPPER,1737,GATE3F_RETAINED_HEAVY_NODE,False,False,False,27,,,,,,,,,,,,,,,,,
S:1738,B,HEXAGONAL_EDGE_COMPLETION_SEED,UPPER,1738,GATE3F_RETAINED_HEAVY_NODE,False,False,False,28,,,,,,,,,,,,,,,,,
S:1739,B,HEXAGONAL_EDGE_COMPLETION_SEED,UPPER,1739,GATE3F_RETAINED_HEAVY_NODE,False,False,False,29,,,,,,,,,,,,,,,,,
A:LOWER:-14:-4,B,ANNULUS_OUTER_BOUNDARY,LOWER,,GATE3F_RETAINED_HEAVY_NODE,False,False,False,,-14,-4,1.1322783693423681,0.5731375096991247,,,,,,,,,,,,,
A:LOWER:-14:-2,B,ANNULUS_OUTER_BOUNDARY,LOWER,,GATE3F_RETAINED_HEAVY_NODE,False,False,False,,-14,-2,1.0454179797494745,0.5386052395778166,,,,,,,,,,,,,
A:LOWER:-14:0,B,ANNULUS_OUTER_BOUNDARY,LOWER,,GATE3F_RETAINED_HEAVY_NODE,False,False,False,,-14,0,1.0148137273827282,0.5,,,,,,,,,,,,,
A:LOWER:-14:2,B,ANNULUS_OUTER_BOUNDARY,LOWER,,GATE3F_RETAINED_HEAVY_NODE,False,False,False,,-14,2,1.0454179797494745,0.4613947604221834,,,,,,,,,,,,,
A:LOWER:-14:4,B,ANNULUS_OUTER_BOUNDARY,LOWER,,GATE3F_RETAINED_HEAVY_NODE,False,False,False,,-14,4,1.1322783693423681,0.4268624903008753,,,,,,,,,,,,,
A:LOWER:-13:-5,N,ANNULUS_OUTER_BOUNDARY,LOWER,,GATE3F_RETAINED_HEAVY_NODE,False,False,False,,-13,-5,1.1322783693423681,0.5935291569675419,,,,,,,,,,,,,
A:LOWER:-13:-3,N,ANNULUS_INTERIOR,LOWER,,GATE3F_RETAINED_HEAVY_NODE,False,False,False,,-13,-3,1.0148137273827282,0.5605188591618384,,,,,,,,,,,,,
A:LOWER:-13:-1,N,ANNULUS_INTERIOR,LOWER,,GATE3F_RETAINED_HEAVY_NODE,False,False,False,,-13,-1,0.9506540901328586,0.521080804080486,,,,,,,,,,,,,
A:LOWER:-13:1,N,ANNULUS_INTERIOR,LOWER,,GATE3F_RETAINED_HEAVY_NODE,False,False,False,,-13,1,0.9506540901328586,0.47891919591951404,,,,,,,,,,,,,
A:LOWER:-13:3,N,ANNULUS_INTERIOR,LOWER,,GATE3F_RETAINED_HEAVY_NODE,False,False,False,,-13,3,1.0148137273827282,0.43948114083816164,,,,,,,,,,,,,
A:LOWER:-13:5,N,ANNULUS_OUTER_BOUNDARY,LOWER,,GATE3F_RETAINED_HEAVY_NODE,False,False,False,,-13,5,1.1322783693423681,0.40647084303245806,,,,,,,,,,,,,
A:LOWER:-11:-5,B,ANNULUS_INTERIOR,LOWER,,GATE3F_RETAINED_HEAVY_NODE,False,False,False,,-11,-5,1.0148137273827282,0.6061478075048283,,,,,,,,,,,,,
A:LOWER:-11:-3,B,ANNULUS_INTERIOR,LOWER,,GATE3F_RETAINED_HEAVY_NODE,False,False,False,,-11,-3,0.8818387023079903,0.5702361001279216,,,,,,,,,,,,,
A:LOWER:-11:-1,B,ANNULUS_INTERIOR,LOWER,,GATE3F_RETAINED_HEAVY_NODE,False,False,False,,-11,-1,0.8071776723188937,0.524856321012853,,,,,,,,,,,,,
A:LOWER:-11:1,B,ANNULUS_INTERIOR,LOWER,,GATE3F_RETAINED_HEAVY_NODE,False,False,False,,-11,1,0.8071776723188937,0.475143678987147,,,,,,,,,,,,,
A:LOWER:-11:3,B,ANNULUS_INTERIOR,LOWER,,GATE3F_RETAINED_HEAVY_NODE,False,False,False,,-11,3,0.8818387023079903,0.4297638998720784,,,,,,,,,,,,,
A:LOWER:-11:5,B,ANNULUS_INTERIOR,LOWER,,GATE3F_RETAINED_HEAVY_NODE,False,False,False,,-11,5,1.0148137273827282,0.3938521924951717,,,,,,,,,,,,,
A:LOWER:-10:-6,N,ANNULUS_OUTER_BOUNDARY,LOWER,,GATE3F_RETAINED_HEAVY_NODE,False,False,False,,-10,-6,1.0454179797494747,0.62806142708885,,,,,,,,,,,,,
A:LOWER:-10:-4,N,ANNULUS_INTERIOR,LOWER,,GATE3F_RETAINED_HEAVY_NODE,False,False,False,,-10,-4,0.8818387023079903,0.596430566538745,,,,,,,,,,,,,
A:LOWER:-10:-2,N,ANNULUS_INTERIOR,LOWER,,GATE3F_RETAINED_HEAVY_NODE,False,False,False,,-10,-2,0.767127071345485,0.5530739037524142,,,,,,,,,,,,,
A:LOWER:-10:0,N,ANNULUS_INTERIOR,LOWER,,GATE3F_RETAINED_HEAVY_NODE,False,False,False,,-10,0,0.7248669481305202,0.5,,,,,,,,,,,,,
A:LOWER:-10:2,N,ANNULUS_INTERIOR,LOWER,,GATE3F_RETAINED_HEAVY_NODE,False,False,False,,-10,2,0.767127071345485,0.44692609624758584,,,,,,,,,,,,,
A:LOWER:-10:4,N,ANNULUS_INTERIOR,LOWER,,GATE3F_RETAINED_HEAVY_NODE,False,False,False,,-10,4,0.8818387023079903,0.40356943346125496,,,,,,,,,,,,,
A:LOWER:-10:6,N,ANNULUS_OUTER_BOUNDARY,LOWER,,GATE3F_RETAINED_HEAVY_NODE,False,False,False,,-10,6,1.0454179797494747,0.37193857291114996,,,,,,,,,,,,,
A:LOWER:-8:-6,B,ANNULUS_INTERIOR,LOWER,,GATE3F_RETAINED_HEAVY_NODE,False,False,False,,-8,-6,0.9506540901328587,0.6455858625861808,,,,,,,,,,,,,
A:LOWER:-8:-4,B,ANNULUS_INTERIOR,LOWER,,GATE3F_RETAINED_HEAVY_NODE,False,False,False,,-8,-4,0.767127071345485,0.6135927629142525,,,,,,,,,,,,,
A:LOWER:-8:-2,B,ANNULUS_INTERIOR,LOWER,,GATE3F_RETAINED_HEAVY_NODE,False,False,False,,-8,-2,0.6319243548827354,0.5650367345732514,,,,,,,,,,,,,
A:LOWER:-8:0,B,ANNULUS_INTERIOR,LOWER,,GATE3F_RETAINED_HEAVY_NODE,False,False,False,,-8,0,0.5798935585044162,0.5,,,,,,,,,,,,,
A:LOWER:-8:2,B,ANNULUS_INTERIOR,LOWER,,GATE3F_RETAINED_HEAVY_NODE,False,False,False,,-8,2,0.6319243548827354,0.4349632654267485,,,,,,,,,,,,,
A:LOWER:-8:4,B,ANNULUS_INTERIOR,LOWER,,GATE3F_RETAINED_HEAVY_NODE,False,False,False,,-8,4,0.767127071345485,0.38640723708574753,,,,,,,,,,,,,
A:LOWER:-8:6,B,ANNULUS_INTERIOR,LOWER,,GATE3F_RETAINED_HEAVY_NODE,False,False,False,,-8,6,0.9506540901328587,0.3544141374138193,,,,,,,,,,,,,
A:LOWER:-7:-7,N,ANNULUS_OUTER_BOUNDARY,LOWER,,GATE3F_RETAINED_HEAVY_NODE,False,False,False,,-7,-7,1.0148137273827282,0.6666666666666666,,,,,,,,,,,,,
A:LOWER:-7:-5,N,ANNULUS_INTERIOR,LOWER,,GATE3F_RETAINED_HEAVY_NODE,False,False,False,,-7,-5,0.8071776723188936,0.6418103456538136,,,,,,,,,,,,,
A:LOWER:-7:-3,N,ANNULUS_INTERIOR,LOWER,,GATE3F_RETAINED_HEAVY_NODE,False,False,False,,-7,-3,0.6319243548827354,0.6016299320934152,,,,,,,,,,,,,
A:LOWER:-7:-1,N,ANNULUS_INNER_BOUNDARY,LOWER,,GATE3F_RETAINED_HEAVY_NODE,False,False,False,,-7,-1,0.5227089898747372,0.5386052395778166,,,,,,,,,,,,,
A:LOWER:-7:1,N,ANNULUS_INNER_BOUNDARY,LOWER,,GATE3F_RETAINED_HEAVY_NODE,False,False,False,,-7,1,0.5227089898747372,0.4613947604221834,,,,,,,,,,,,,
A:LOWER:-7:3,N,ANNULUS_INTERIOR,LOWER,,GATE3F_RETAINED_HEAVY_NODE,False,False,False,,-7,3,0.6319243548827354,0.3983700679065848,,,,,,,,,,,,,
A:LOWER:-7:5,N,ANNULUS_INTERIOR,LOWER,,GATE3F_RETAINED_HEAVY_NODE,False,False,False,,-7,5,0.8071776723188936,0.3581896543461864,,,,,,,,,,,,,
A:LOWER:-7:7,N,ANNULUS_OUTER_BOUNDARY,LOWER,,GATE3F_RETAINED_HEAVY_NODE,False,False,False,,-7,7,1.0148137273827282,0.33333333333333337,,,,,,,,,,,,,
A:LOWER:-5:-7,B,ANNULUS_INTERIOR,LOWER,,GATE3F_RETAINED_HEAVY_NODE,False,False,False,,-5,-7,0.9506540901328586,0.6877474707471527,,,,,,,,,,,,,
A:LOWER:-5:-5,B,ANNULUS_INTERIOR,LOWER,,GATE3F_RETAINED_HEAVY_NODE,False,False,False,,-5,-5,0.7248669481305201,0.6666666666666666,,,,,,,,,,,,,
A:LOWER:-5:-3,B,ANNULUS_INNER_BOUNDARY,LOWER,,GATE3F_RETAINED_HEAVY_NODE,False,False,False,,-5,-3,0.5227089898747374,0.62806142708885,,,,,,,,,,,,,
A:LOWER:-5:3,B,ANNULUS_INNER_BOUNDARY,LOWER,,GATE3F_RETAINED_HEAVY_NODE,False,False,False,,-5,3,0.5227089898747374,0.37193857291114996,,,,,,,,,,,,,
A:LOWER:-5:5,B,ANNULUS_INTERIOR,LOWER,,GATE3F_RETAINED_HEAVY_NODE,False,False,False,,-5,5,0.7248669481305201,0.33333333333333337,,,,,,,,,,,,,
A:LOWER:-5:7,B,ANNULUS_INTERIOR,LOWER,,GATE3F_RETAINED_HEAVY_NODE,False,False,False,,-5,7,0.9506540901328586,0.31225252925284736,,,,,,,,,,,,,
A:LOWER:-4:-8,N,ANNULUS_OUTER_BOUNDARY,LOWER,,GATE3F_RETAINED_HEAVY_NODE,False,False,False,,-4,-8,1.0454179797494745,0.7052719062444832,,,,,,,,,,,,,
A:LOWER:-4:-6,N,ANNULUS_INTERIOR,LOWER,,GATE3F_RETAINED_HEAVY_NODE,False,False,False,,-4,-6,0.8071776723188937,0.6915229876795197,,,,,,,,,,,,,
A:LOWER:-4:-4,N,ANNULUS_INTERIOR,LOWER,,GATE3F_RETAINED_HEAVY_NODE,False,False,False,,-4,-4,0.5798935585044162,0.6666666666666666,,,,,,,,,,,,,
A:LOWER:-4:4,N,ANNULUS_INTERIOR,LOWER,,GATE3F_RETAINED_HEAVY_NODE,False,False,False,,-4,4,0.5798935585044162,0.33333333333333337,,,,,,,,,,,,,
A:LOWER:-4:6,N,ANNULUS_INTERIOR,LOWER,,GATE3F_RETAINED_HEAVY_NODE,False,False,False,,-4,6,0.8071776723188937,0.30847701232048036,,,,,,,,,,,,,
A:LOWER:-4:8,N,ANNULUS_OUTER_BOUNDARY,LOWER,,GATE3F_RETAINED_HEAVY_NODE,False,False,False,,-4,8,1.0454179797494745,0.29472809375551673,,,,,,,,,,,,,
A:LOWER:-2:-8,B,ANNULUS_INTERIOR,LOWER,,GATE3F_RETAINED_HEAVY_NODE,False,False,False,,-2,-8,1.0148137273827282,0.727185525828505,,,,,,,,,,,,,
A:LOWER:-2:-6,B,ANNULUS_INTERIOR,LOWER,,GATE3F_RETAINED_HEAVY_NODE,False,False,False,,-2,-6,0.767127071345485,0.7197405704190808,,,,,,,,,,,,,
A:LOWER:-2:-4,B,ANNULUS_INNER_BOUNDARY,LOWER,,GATE3F_RETAINED_HEAVY_NODE,False,False,False,,-2,-4,0.5227089898747372,0.7052719062444832,,,,,,,,,,,,,
A:LOWER:-2:4,B,ANNULUS_INNER_BOUNDARY,LOWER,,GATE3F_RETAINED_HEAVY_NODE,False,False,False,,-2,4,0.5227089898747372,0.29472809375551673,,,,,,,,,,,,,
A:LOWER:-2:6,B,ANNULUS_INTERIOR,LOWER,,GATE3F_RETAINED_HEAVY_NODE,False,False,False,,-2,6,0.767127071345485,0.2802594295809192,,,,,,,,,,,,,
A:LOWER:-2:8,B,ANNULUS_INTERIOR,LOWER,,GATE3F_RETAINED_HEAVY_NODE,False,False,False,,-2,8,1.0148137273827282,0.27281447417149496,,,,,,,,,,,,,
A:LOWER:-1:-9,N,ANNULUS_OUTER_BOUNDARY,LOWER,,GATE3F_RETAINED_HEAVY_NODE,False,False,False,,-1,-9,1.132278369342368,0.7398041763657914,,,,,,,,,,,,,
A:LOWER:-1:-7,N,ANNULUS_INTERIOR,LOWER,,GATE3F_RETAINED_HEAVY_NODE,False,False,False,,-1,-7,0.8818387023079902,0.7369027667945882,,,,,,,,,,,,,
A:LOWER:-1:-5,N,ANNULUS_INTERIOR,LOWER,,GATE3F_RETAINED_HEAVY_NODE,False,False,False,,-1,-5,0.6319243548827352,0.7317034012399182,,,,,,,,,,,,,
A:LOWER:-1:5,N,ANNULUS_INTERIOR,LOWER,,GATE3F_RETAINED_HEAVY_NODE,False,False,False,,-1,5,0.6319243548827352,0.26829659876008183,,,,,,,,,,,,,
A:LOWER:-1:7,N,ANNULUS_INTERIOR,LOWER,,GATE3F_RETAINED_HEAVY_NODE,False,False,False,,-1,7,0.8818387023079902,0.26309723320541173,,,,,,,,,,,,,
A:LOWER:-1:9,N,ANNULUS_OUTER_BOUNDARY,LOWER,,GATE3F_RETAINED_HEAVY_NODE,False,False,False,,-1,9,1.132278369342368,0.2601958236342086,,,,,,,,,,,,,
A:LOWER:1:-9,B,ANNULUS_OUTER_BOUNDARY,LOWER,,GATE3F_RETAINED_HEAVY_NODE,False,False,False,,1,-9,1.132278369342368,0.7601958236342086,,,,,,,,,,,,,
A:LOWER:1:-7,B,ANNULUS_INTERIOR,LOWER,,GATE3F_RETAINED_HEAVY_NODE,False,False,False,,1,-7,0.8818387023079902,0.7630972332054117,,,,,,,,,,,,,
A:LOWER:1:-5,B,ANNULUS_INTERIOR,LOWER,,GATE3F_RETAINED_HEAVY_NODE,False,False,False,,1,-5,0.6319243548827352,0.7682965987600818,,,,,,,,,,,,,
A:LOWER:1:5,B,ANNULUS_INTERIOR,LOWER,,GATE3F_RETAINED_HEAVY_NODE,False,False,False,,1,5,0.6319243548827352,0.23170340123991814,,,,,,,,,,,,,
A:LOWER:1:7,B,ANNULUS_INTERIOR,LOWER,,GATE3F_RETAINED_HEAVY_NODE,False,False,False,,1,7,0.8818387023079902,0.2369027667945883,,,,,,,,,,,,,
A:LOWER:1:9,B,ANNULUS_OUTER_BOUNDARY,LOWER,,GATE3F_RETAINED_HEAVY_NODE,False,False,False,,1,9,1.132278369342368,0.23980417636579138,,,,,,,,,,,,,
A:LOWER:2:-8,N,ANNULUS_INTERIOR,LOWER,,GATE3F_RETAINED_HEAVY_NODE,False,False,False,,2,-8,1.0148137273827282,0.772814474171495,,,,,,,,,,,,,
A:LOWER:2:-6,N,ANNULUS_INTERIOR,LOWER,,GATE3F_RETAINED_HEAVY_NODE,False,False,False,,2,-6,0.767127071345485,0.7802594295809192,,,,,,,,,,,,,
A:LOWER:2:-4,N,ANNULUS_INNER_BOUNDARY,LOWER,,GATE3F_RETAINED_HEAVY_NODE,False,False,False,,2,-4,0.5227089898747372,0.7947280937555167,,,,,,,,,,,,,
A:LOWER:2:4,N,ANNULUS_INNER_BOUNDARY,LOWER,,GATE3F_RETAINED_HEAVY_NODE,False,False,False,,2,4,0.5227089898747372,0.2052719062444833,,,,,,,,,,,,,
A:LOWER:2:6,N,ANNULUS_INTERIOR,LOWER,,GATE3F_RETAINED_HEAVY_NODE,False,False,False,,2,6,0.767127071345485,0.21974057041908082,,,,,,,,,,,,,
A:LOWER:2:8,N,ANNULUS_INTERIOR,LOWER,,GATE3F_RETAINED_HEAVY_NODE,False,False,False,,2,8,1.0148137273827282,0.227185525828505,,,,,,,,,,,,,
A:LOWER:4:-8,B,ANNULUS_OUTER_BOUNDARY,LOWER,,GATE3F_RETAINED_HEAVY_NODE,False,False,False,,4,-8,1.0454179797494745,0.7947280937555167,,,,,,,,,,,,,
A:LOWER:4:-6,B,ANNULUS_INTERIOR,LOWER,,GATE3F_RETAINED_HEAVY_NODE,False,False,False,,4,-6,0.8071776723188937,0.8084770123204803,,,,,,,,,,,,,
A:LOWER:4:-4,B,ANNULUS_INTERIOR,LOWER,,GATE3F_RETAINED_HEAVY_NODE,False,False,False,,4,-4,0.5798935585044162,0.8333333333333333,,,,,,,,,,,,,
A:LOWER:4:4,B,ANNULUS_INTERIOR,LOWER,,GATE3F_RETAINED_HEAVY_NODE,False,False,False,,4,4,0.5798935585044162,0.16666666666666669,,,,,,,,,,,,,
A:LOWER:4:6,B,ANNULUS_INTERIOR,LOWER,,GATE3F_RETAINED_HEAVY_NODE,False,False,False,,4,6,0.8071776723188937,0.1915229876795197,,,,,,,,,,,,,
A:LOWER:4:8,B,ANNULUS_OUTER_BOUNDARY,LOWER,,GATE3F_RETAINED_HEAVY_NODE,False,False,False,,4,8,1.0454179797494745,0.2052719062444833,,,,,,,,,,,,,
A:LOWER:5:-7,N,ANNULUS_INTERIOR,LOWER,,GATE3F_RETAINED_HEAVY_NODE,False,False,False,,5,-7,0.9506540901328586,0.8122525292528474,,,,,,,,,,,,,
A:LOWER:5:-5,N,ANNULUS_INTERIOR,LOWER,,GATE3F_RETAINED_HEAVY_NODE,False,False,False,,5,-5,0.7248669481305201,0.8333333333333334,,,,,,,,,,,,,
A:LOWER:5:-3,N,ANNULUS_INNER_BOUNDARY,LOWER,,GATE3F_RETAINED_HEAVY_NODE,False,False,False,,5,-3,0.5227089898747374,0.87193857291115,,,,,,,,,,,,,
A:LOWER:5:3,N,ANNULUS_INNER_BOUNDARY,LOWER,,GATE3F_RETAINED_HEAVY_NODE,False,False,False,,5,3,0.5227089898747374,0.12806142708885004,,,,,,,,,,,,,
A:LOWER:5:5,N,ANNULUS_INTERIOR,LOWER,,GATE3F_RETAINED_HEAVY_NODE,False,False,False,,5,5,0.7248669481305201,0.16666666666666666,,,,,,,,,,,,,
A:LOWER:5:7,N,ANNULUS_INTERIOR,LOWER,,GATE3F_RETAINED_HEAVY_NODE,False,False,False,,5,7,0.9506540901328586,0.18774747074715262,,,,,,,,,,,,,
A:LOWER:7:-7,B,ANNULUS_OUTER_BOUNDARY,LOWER,,GATE3F_RETAINED_HEAVY_NODE,False,False,False,,7,-7,1.0148137273827282,0.8333333333333333,,,,,,,,,,,,,
A:LOWER:7:-5,B,ANNULUS_INTERIOR,LOWER,,GATE3F_RETAINED_HEAVY_NODE,False,False,False,,7,-5,0.8071776723188936,0.8581896543461863,,,,,,,,,,,,,
A:LOWER:7:-3,B,ANNULUS_INTERIOR,LOWER,,GATE3F_RETAINED_HEAVY_NODE,False,False,False,,7,-3,0.6319243548827354,0.8983700679065848,,,,,,,,,,,,,
A:LOWER:7:-1,B,ANNULUS_INNER_BOUNDARY,LOWER,,GATE3F_RETAINED_HEAVY_NODE,False,False,False,,7,-1,0.5227089898747372,0.9613947604221834,,,,,,,,,,,,,
A:LOWER:7:1,B,ANNULUS_INNER_BOUNDARY,LOWER,,GATE3F_RETAINED_HEAVY_NODE,False,False,False,,7,1,0.5227089898747372,0.03860523957781663,,,,,,,,,,,,,
A:LOWER:7:3,B,ANNULUS_INTERIOR,LOWER,,GATE3F_RETAINED_HEAVY_NODE,False,False,False,,7,3,0.6319243548827354,0.10162993209341517,,,,,,,,,,,,,
A:LOWER:7:5,B,ANNULUS_INTERIOR,LOWER,,GATE3F_RETAINED_HEAVY_NODE,False,False,False,,7,5,0.8071776723188936,0.14181034565381365,,,,,,,,,,,,,
A:LOWER:7:7,B,ANNULUS_OUTER_BOUNDARY,LOWER,,GATE3F_RETAINED_HEAVY_NODE,False,False,False,,7,7,1.0148137273827282,0.16666666666666669,,,,,,,,,,,,,
A:LOWER:8:-6,N,ANNULUS_INTERIOR,LOWER,,GATE3F_RETAINED_HEAVY_NODE,False,False,False,,8,-6,0.9506540901328587,0.8544141374138192,,,,,,,,,,,,,
A:LOWER:8:-4,N,ANNULUS_INTERIOR,LOWER,,GATE3F_RETAINED_HEAVY_NODE,False,False,False,,8,-4,0.767127071345485,0.8864072370857474,,,,,,,,,,,,,
A:LOWER:8:-2,N,ANNULUS_INTERIOR,LOWER,,GATE3F_RETAINED_HEAVY_NODE,False,False,False,,8,-2,0.6319243548827354,0.9349632654267485,,,,,,,,,,,,,
A:LOWER:8:0,N,ANNULUS_INTERIOR,LOWER,,GATE3F_RETAINED_HEAVY_NODE,False,False,False,,8,0,0.5798935585044162,0.0,,,,,,,,,,,,,
A:LOWER:8:2,N,ANNULUS_INTERIOR,LOWER,,GATE3F_RETAINED_HEAVY_NODE,False,False,False,,8,2,0.6319243548827354,0.0650367345732515,,,,,,,,,,,,,
A:LOWER:8:4,N,ANNULUS_INTERIOR,LOWER,,GATE3F_RETAINED_HEAVY_NODE,False,False,False,,8,4,0.767127071345485,0.11359276291425253,,,,,,,,,,,,,
A:LOWER:8:6,N,ANNULUS_INTERIOR,LOWER,,GATE3F_RETAINED_HEAVY_NODE,False,False,False,,8,6,0.9506540901328587,0.14558586258618073,,,,,,,,,,,,,
A:LOWER:10:-6,B,ANNULUS_OUTER_BOUNDARY,LOWER,,GATE3F_RETAINED_HEAVY_NODE,False,False,False,,10,-6,1.0454179797494747,0.87193857291115,,,,,,,,,,,,,
A:LOWER:10:-4,B,ANNULUS_INTERIOR,LOWER,,GATE3F_RETAINED_HEAVY_NODE,False,False,False,,10,-4,0.8818387023079903,0.903569433461255,,,,,,,,,,,,,
A:LOWER:10:-2,B,ANNULUS_INTERIOR,LOWER,,GATE3F_RETAINED_HEAVY_NODE,False,False,False,,10,-2,0.767127071345485,0.9469260962475858,,,,,,,,,,,,,
A:LOWER:10:0,B,ANNULUS_INTERIOR,LOWER,,GATE3F_RETAINED_HEAVY_NODE,False,False,False,,10,0,0.7248669481305202,0.0,,,,,,,,,,,,,
A:LOWER:10:2,B,ANNULUS_INTERIOR,LOWER,,GATE3F_RETAINED_HEAVY_NODE,False,False,False,,10,2,0.767127071345485,0.05307390375241415,,,,,,,,,,,,,
A:LOWER:10:4,B,ANNULUS_INTERIOR,LOWER,,GATE3F_RETAINED_HEAVY_NODE,False,False,False,,10,4,0.8818387023079903,0.09643056653874504,,,,,,,,,,,,,
A:LOWER:10:6,B,ANNULUS_OUTER_BOUNDARY,LOWER,,GATE3F_RETAINED_HEAVY_NODE,False,False,False,,10,6,1.0454179797494747,0.12806142708885004,,,,,,,,,,,,,
A:LOWER:11:-5,N,ANNULUS_INTERIOR,LOWER,,GATE3F_RETAINED_HEAVY_NODE,False,False,False,,11,-5,1.0148137273827282,0.8938521924951717,,,,,,,,,,,,,
A:LOWER:11:-3,N,ANNULUS_INTERIOR,LOWER,,GATE3F_RETAINED_HEAVY_NODE,False,False,False,,11,-3,0.8818387023079903,0.9297638998720784,,,,,,,,,,,,,
A:LOWER:11:-1,N,ANNULUS_INTERIOR,LOWER,,GATE3F_RETAINED_HEAVY_NODE,False,False,False,,11,-1,0.8071776723188937,0.975143678987147,,,,,,,,,,,,,
A:LOWER:11:1,N,ANNULUS_INTERIOR,LOWER,,GATE3F_RETAINED_HEAVY_NODE,False,False,False,,11,1,0.8071776723188937,0.024856321012853008,,,,,,,,,,,,,
A:LOWER:11:3,N,ANNULUS_INTERIOR,LOWER,,GATE3F_RETAINED_HEAVY_NODE,False,False,False,,11,3,0.8818387023079903,0.07023610012792163,,,,,,,,,,,,,
A:LOWER:11:5,N,ANNULUS_INTERIOR,LOWER,,GATE3F_RETAINED_HEAVY_NODE,False,False,False,,11,5,1.0148137273827282,0.1061478075048283,,,,,,,,,,,,,
A:LOWER:13:-5,B,ANNULUS_OUTER_BOUNDARY,LOWER,,GATE3F_RETAINED_HEAVY_NODE,False,False,False,,13,-5,1.1322783693423681,0.9064708430324581,,,,,,,,,,,,,
A:LOWER:13:-3,B,ANNULUS_INTERIOR,LOWER,,GATE3F_RETAINED_HEAVY_NODE,False,False,False,,13,-3,1.0148137273827282,0.9394811408381616,,,,,,,,,,,,,
A:LOWER:13:-1,B,ANNULUS_INTERIOR,LOWER,,GATE3F_RETAINED_HEAVY_NODE,False,False,False,,13,-1,0.9506540901328586,0.978919195919514,,,,,,,,,,,,,
A:LOWER:13:1,B,ANNULUS_INTERIOR,LOWER,,GATE3F_RETAINED_HEAVY_NODE,False,False,False,,13,1,0.9506540901328586,0.021080804080485956,,,,,,,,,,,,,
A:LOWER:13:3,B,ANNULUS_INTERIOR,LOWER,,GATE3F_RETAINED_HEAVY_NODE,False,False,False,,13,3,1.0148137273827282,0.06051885916183837,,,,,,,,,,,,,
A:LOWER:13:5,B,ANNULUS_OUTER_BOUNDARY,LOWER,,GATE3F_RETAINED_HEAVY_NODE,False,False,False,,13,5,1.1322783693423681,0.09352915696754195,,,,,,,,,,,,,
A:LOWER:14:-4,N,ANNULUS_OUTER_BOUNDARY,LOWER,,GATE3F_RETAINED_HEAVY_NODE,False,False,False,,14,-4,1.1322783693423681,0.9268624903008753,,,,,,,,,,,,,
A:LOWER:14:-2,N,ANNULUS_OUTER_BOUNDARY,LOWER,,GATE3F_RETAINED_HEAVY_NODE,False,False,False,,14,-2,1.0454179797494745,0.9613947604221834,,,,,,,,,,,,,
A:LOWER:14:0,N,ANNULUS_OUTER_BOUNDARY,LOWER,,GATE3F_RETAINED_HEAVY_NODE,False,False,False,,14,0,1.0148137273827282,0.0,,,,,,,,,,,,,
A:LOWER:14:2,N,ANNULUS_OUTER_BOUNDARY,LOWER,,GATE3F_RETAINED_HEAVY_NODE,False,False,False,,14,2,1.0454179797494745,0.03860523957781663,,,,,,,,,,,,,
A:LOWER:14:4,N,ANNULUS_OUTER_BOUNDARY,LOWER,,GATE3F_RETAINED_HEAVY_NODE,False,False,False,,14,4,1.1322783693423681,0.0731375096991247,,,,,,,,,,,,,
A:UPPER:-14:-4,N,ANNULUS_OUTER_BOUNDARY,UPPER,,GATE3F_RETAINED_HEAVY_NODE,False,False,False,,-14,-4,1.1322783693423681,0.5731375096991247,,,,,,,,,,,,,
A:UPPER:-14:-2,N,ANNULUS_OUTER_BOUNDARY,UPPER,,GATE3F_RETAINED_HEAVY_NODE,False,False,False,,-14,-2,1.0454179797494745,0.5386052395778166,,,,,,,,,,,,,
A:UPPER:-14:0,N,ANNULUS_OUTER_BOUNDARY,UPPER,,GATE3F_RETAINED_HEAVY_NODE,False,False,False,,-14,0,1.0148137273827282,0.5,,,,,,,,,,,,,
A:UPPER:-14:2,N,ANNULUS_OUTER_BOUNDARY,UPPER,,GATE3F_RETAINED_HEAVY_NODE,False,False,False,,-14,2,1.0454179797494745,0.4613947604221834,,,,,,,,,,,,,
A:UPPER:-14:4,N,ANNULUS_OUTER_BOUNDARY,UPPER,,GATE3F_RETAINED_HEAVY_NODE,False,False,False,,-14,4,1.1322783693423681,0.4268624903008753,,,,,,,,,,,,,
A:UPPER:-13:-5,B,ANNULUS_OUTER_BOUNDARY,UPPER,,GATE3F_RETAINED_HEAVY_NODE,False,False,False,,-13,-5,1.1322783693423681,0.5935291569675419,,,,,,,,,,,,,
A:UPPER:-13:-3,B,ANNULUS_INTERIOR,UPPER,,GATE3F_RETAINED_HEAVY_NODE,False,False,False,,-13,-3,1.0148137273827282,0.5605188591618384,,,,,,,,,,,,,
A:UPPER:-13:-1,B,ANNULUS_INTERIOR,UPPER,,GATE3F_RETAINED_HEAVY_NODE,False,False,False,,-13,-1,0.9506540901328586,0.521080804080486,,,,,,,,,,,,,
A:UPPER:-13:1,B,ANNULUS_INTERIOR,UPPER,,GATE3F_RETAINED_HEAVY_NODE,False,False,False,,-13,1,0.9506540901328586,0.47891919591951404,,,,,,,,,,,,,
A:UPPER:-13:3,B,ANNULUS_INTERIOR,UPPER,,GATE3F_RETAINED_HEAVY_NODE,False,False,False,,-13,3,1.0148137273827282,0.43948114083816164,,,,,,,,,,,,,
A:UPPER:-13:5,B,ANNULUS_OUTER_BOUNDARY,UPPER,,GATE3F_RETAINED_HEAVY_NODE,False,False,False,,-13,5,1.1322783693423681,0.40647084303245806,,,,,,,,,,,,,
A:UPPER:-11:-5,N,ANNULUS_INTERIOR,UPPER,,GATE3F_RETAINED_HEAVY_NODE,False,False,False,,-11,-5,1.0148137273827282,0.6061478075048283,,,,,,,,,,,,,
A:UPPER:-11:-3,N,ANNULUS_INTERIOR,UPPER,,GATE3F_RETAINED_HEAVY_NODE,False,False,False,,-11,-3,0.8818387023079903,0.5702361001279216,,,,,,,,,,,,,
A:UPPER:-11:-1,N,ANNULUS_INTERIOR,UPPER,,GATE3F_RETAINED_HEAVY_NODE,False,False,False,,-11,-1,0.8071776723188937,0.524856321012853,,,,,,,,,,,,,
A:UPPER:-11:1,N,ANNULUS_INTERIOR,UPPER,,GATE3F_RETAINED_HEAVY_NODE,False,False,False,,-11,1,0.8071776723188937,0.475143678987147,,,,,,,,,,,,,
A:UPPER:-11:3,N,ANNULUS_INTERIOR,UPPER,,GATE3F_RETAINED_HEAVY_NODE,False,False,False,,-11,3,0.8818387023079903,0.4297638998720784,,,,,,,,,,,,,
A:UPPER:-11:5,N,ANNULUS_INTERIOR,UPPER,,GATE3F_RETAINED_HEAVY_NODE,False,False,False,,-11,5,1.0148137273827282,0.3938521924951717,,,,,,,,,,,,,
A:UPPER:-10:-6,B,ANNULUS_OUTER_BOUNDARY,UPPER,,GATE3F_RETAINED_HEAVY_NODE,False,False,False,,-10,-6,1.0454179797494747,0.62806142708885,,,,,,,,,,,,,
A:UPPER:-10:-4,B,ANNULUS_INTERIOR,UPPER,,GATE3F_RETAINED_HEAVY_NODE,False,False,False,,-10,-4,0.8818387023079903,0.596430566538745,,,,,,,,,,,,,
A:UPPER:-10:-2,B,ANNULUS_INTERIOR,UPPER,,GATE3F_RETAINED_HEAVY_NODE,False,False,False,,-10,-2,0.767127071345485,0.5530739037524142,,,,,,,,,,,,,
A:UPPER:-10:0,B,ANNULUS_INTERIOR,UPPER,,GATE3F_RETAINED_HEAVY_NODE,False,False,False,,-10,0,0.7248669481305202,0.5,,,,,,,,,,,,,
A:UPPER:-10:2,B,ANNULUS_INTERIOR,UPPER,,GATE3F_RETAINED_HEAVY_NODE,False,False,False,,-10,2,0.767127071345485,0.44692609624758584,,,,,,,,,,,,,
A:UPPER:-10:4,B,ANNULUS_INTERIOR,UPPER,,GATE3F_RETAINED_HEAVY_NODE,False,False,False,,-10,4,0.8818387023079903,0.40356943346125496,,,,,,,,,,,,,
A:UPPER:-10:6,B,ANNULUS_OUTER_BOUNDARY,UPPER,,GATE3F_RETAINED_HEAVY_NODE,False,False,False,,-10,6,1.0454179797494747,0.37193857291114996,,,,,,,,,,,,,
A:UPPER:-8:-6,N,ANNULUS_INTERIOR,UPPER,,GATE3F_RETAINED_HEAVY_NODE,False,False,False,,-8,-6,0.9506540901328587,0.6455858625861808,,,,,,,,,,,,,
A:UPPER:-8:-4,N,ANNULUS_INTERIOR,UPPER,,GATE3F_RETAINED_HEAVY_NODE,False,False,False,,-8,-4,0.767127071345485,0.6135927629142525,,,,,,,,,,,,,
A:UPPER:-8:-2,N,ANNULUS_INTERIOR,UPPER,,GATE3F_RETAINED_HEAVY_NODE,False,False,False,,-8,-2,0.6319243548827354,0.5650367345732514,,,,,,,,,,,,,
A:UPPER:-8:0,N,ANNULUS_INTERIOR,UPPER,,GATE3F_RETAINED_HEAVY_NODE,False,False,False,,-8,0,0.5798935585044162,0.5,,,,,,,,,,,,,
A:UPPER:-8:2,N,ANNULUS_INTERIOR,UPPER,,GATE3F_RETAINED_HEAVY_NODE,False,False,False,,-8,2,0.6319243548827354,0.4349632654267485,,,,,,,,,,,,,
A:UPPER:-8:4,N,ANNULUS_INTERIOR,UPPER,,GATE3F_RETAINED_HEAVY_NODE,False,False,False,,-8,4,0.767127071345485,0.38640723708574753,,,,,,,,,,,,,
A:UPPER:-8:6,N,ANNULUS_INTERIOR,UPPER,,GATE3F_RETAINED_HEAVY_NODE,False,False,False,,-8,6,0.9506540901328587,0.3544141374138193,,,,,,,,,,,,,
A:UPPER:-7:-7,B,ANNULUS_OUTER_BOUNDARY,UPPER,,GATE3F_RETAINED_HEAVY_NODE,False,False,False,,-7,-7,1.0148137273827282,0.6666666666666666,,,,,,,,,,,,,
A:UPPER:-7:-5,B,ANNULUS_INTERIOR,UPPER,,GATE3F_RETAINED_HEAVY_NODE,False,False,False,,-7,-5,0.8071776723188936,0.6418103456538136,,,,,,,,,,,,,
A:UPPER:-7:-3,B,ANNULUS_INTERIOR,UPPER,,GATE3F_RETAINED_HEAVY_NODE,False,False,False,,-7,-3,0.6319243548827354,0.6016299320934152,,,,,,,,,,,,,
A:UPPER:-7:-1,B,ANNULUS_INNER_BOUNDARY,UPPER,,GATE3F_RETAINED_HEAVY_NODE,False,False,False,,-7,-1,0.5227089898747372,0.5386052395778166,,,,,,,,,,,,,
A:UPPER:-7:1,B,ANNULUS_INNER_BOUNDARY,UPPER,,GATE3F_RETAINED_HEAVY_NODE,False,False,False,,-7,1,0.5227089898747372,0.4613947604221834,,,,,,,,,,,,,
A:UPPER:-7:3,B,ANNULUS_INTERIOR,UPPER,,GATE3F_RETAINED_HEAVY_NODE,False,False,False,,-7,3,0.6319243548827354,0.3983700679065848,,,,,,,,,,,,,
A:UPPER:-7:5,B,ANNULUS_INTERIOR,UPPER,,GATE3F_RETAINED_HEAVY_NODE,False,False,False,,-7,5,0.8071776723188936,0.3581896543461864,,,,,,,,,,,,,
A:UPPER:-7:7,B,ANNULUS_OUTER_BOUNDARY,UPPER,,GATE3F_RETAINED_HEAVY_NODE,False,False,False,,-7,7,1.0148137273827282,0.33333333333333337,,,,,,,,,,,,,
A:UPPER:-5:-7,N,ANNULUS_INTERIOR,UPPER,,GATE3F_RETAINED_HEAVY_NODE,False,False,False,,-5,-7,0.9506540901328586,0.6877474707471527,,,,,,,,,,,,,
A:UPPER:-5:-5,N,ANNULUS_INTERIOR,UPPER,,GATE3F_RETAINED_HEAVY_NODE,False,False,False,,-5,-5,0.7248669481305201,0.6666666666666666,,,,,,,,,,,,,
A:UPPER:-5:-3,N,ANNULUS_INNER_BOUNDARY,UPPER,,GATE3F_RETAINED_HEAVY_NODE,False,False,False,,-5,-3,0.5227089898747374,0.62806142708885,,,,,,,,,,,,,
A:UPPER:-5:3,N,ANNULUS_INNER_BOUNDARY,UPPER,,GATE3F_RETAINED_HEAVY_NODE,False,False,False,,-5,3,0.5227089898747374,0.37193857291114996,,,,,,,,,,,,,
A:UPPER:-5:5,N,ANNULUS_INTERIOR,UPPER,,GATE3F_RETAINED_HEAVY_NODE,False,False,False,,-5,5,0.7248669481305201,0.33333333333333337,,,,,,,,,,,,,
A:UPPER:-5:7,N,ANNULUS_INTERIOR,UPPER,,GATE3F_RETAINED_HEAVY_NODE,False,False,False,,-5,7,0.9506540901328586,0.31225252925284736,,,,,,,,,,,,,
A:UPPER:-4:-8,B,ANNULUS_OUTER_BOUNDARY,UPPER,,GATE3F_RETAINED_HEAVY_NODE,False,False,False,,-4,-8,1.0454179797494745,0.7052719062444832,,,,,,,,,,,,,
A:UPPER:-4:-6,B,ANNULUS_INTERIOR,UPPER,,GATE3F_RETAINED_HEAVY_NODE,False,False,False,,-4,-6,0.8071776723188937,0.6915229876795197,,,,,,,,,,,,,
A:UPPER:-4:-4,B,ANNULUS_INTERIOR,UPPER,,GATE3F_RETAINED_HEAVY_NODE,False,False,False,,-4,-4,0.5798935585044162,0.6666666666666666,,,,,,,,,,,,,
A:UPPER:-4:4,B,ANNULUS_INTERIOR,UPPER,,GATE3F_RETAINED_HEAVY_NODE,False,False,False,,-4,4,0.5798935585044162,0.33333333333333337,,,,,,,,,,,,,
A:UPPER:-4:6,B,ANNULUS_INTERIOR,UPPER,,GATE3F_RETAINED_HEAVY_NODE,False,False,False,,-4,6,0.8071776723188937,0.30847701232048036,,,,,,,,,,,,,
A:UPPER:-4:8,B,ANNULUS_OUTER_BOUNDARY,UPPER,,GATE3F_RETAINED_HEAVY_NODE,False,False,False,,-4,8,1.0454179797494745,0.29472809375551673,,,,,,,,,,,,,
A:UPPER:-2:-8,N,ANNULUS_INTERIOR,UPPER,,GATE3F_RETAINED_HEAVY_NODE,False,False,False,,-2,-8,1.0148137273827282,0.727185525828505,,,,,,,,,,,,,
A:UPPER:-2:-6,N,ANNULUS_INTERIOR,UPPER,,GATE3F_RETAINED_HEAVY_NODE,False,False,False,,-2,-6,0.767127071345485,0.7197405704190808,,,,,,,,,,,,,
A:UPPER:-2:-4,N,ANNULUS_INNER_BOUNDARY,UPPER,,GATE3F_RETAINED_HEAVY_NODE,False,False,False,,-2,-4,0.5227089898747372,0.7052719062444832,,,,,,,,,,,,,
A:UPPER:-2:4,N,ANNULUS_INNER_BOUNDARY,UPPER,,GATE3F_RETAINED_HEAVY_NODE,False,False,False,,-2,4,0.5227089898747372,0.29472809375551673,,,,,,,,,,,,,
A:UPPER:-2:6,N,ANNULUS_INTERIOR,UPPER,,GATE3F_RETAINED_HEAVY_NODE,False,False,False,,-2,6,0.767127071345485,0.2802594295809192,,,,,,,,,,,,,
A:UPPER:-2:8,N,ANNULUS_INTERIOR,UPPER,,GATE3F_RETAINED_HEAVY_NODE,False,False,False,,-2,8,1.0148137273827282,0.27281447417149496,,,,,,,,,,,,,
A:UPPER:-1:-9,B,ANNULUS_OUTER_BOUNDARY,UPPER,,GATE3F_RETAINED_HEAVY_NODE,False,False,False,,-1,-9,1.132278369342368,0.7398041763657914,,,,,,,,,,,,,
A:UPPER:-1:-7,B,ANNULUS_INTERIOR,UPPER,,GATE3F_RETAINED_HEAVY_NODE,False,False,False,,-1,-7,0.8818387023079902,0.7369027667945882,,,,,,,,,,,,,
A:UPPER:-1:-5,B,ANNULUS_INTERIOR,UPPER,,GATE3F_RETAINED_HEAVY_NODE,False,False,False,,-1,-5,0.6319243548827352,0.7317034012399182,,,,,,,,,,,,,
A:UPPER:-1:5,B,ANNULUS_INTERIOR,UPPER,,GATE3F_RETAINED_HEAVY_NODE,False,False,False,,-1,5,0.6319243548827352,0.26829659876008183,,,,,,,,,,,,,
A:UPPER:-1:7,B,ANNULUS_INTERIOR,UPPER,,GATE3F_RETAINED_HEAVY_NODE,False,False,False,,-1,7,0.8818387023079902,0.26309723320541173,,,,,,,,,,,,,
A:UPPER:-1:9,B,ANNULUS_OUTER_BOUNDARY,UPPER,,GATE3F_RETAINED_HEAVY_NODE,False,False,False,,-1,9,1.132278369342368,0.2601958236342086,,,,,,,,,,,,,
A:UPPER:1:-9,N,ANNULUS_OUTER_BOUNDARY,UPPER,,GATE3F_RETAINED_HEAVY_NODE,False,False,False,,1,-9,1.132278369342368,0.7601958236342086,,,,,,,,,,,,,
A:UPPER:1:-7,N,ANNULUS_INTERIOR,UPPER,,GATE3F_RETAINED_HEAVY_NODE,False,False,False,,1,-7,0.8818387023079902,0.7630972332054117,,,,,,,,,,,,,
A:UPPER:1:-5,N,ANNULUS_INTERIOR,UPPER,,GATE3F_RETAINED_HEAVY_NODE,False,False,False,,1,-5,0.6319243548827352,0.7682965987600818,,,,,,,,,,,,,
A:UPPER:1:5,N,ANNULUS_INTERIOR,UPPER,,GATE3F_RETAINED_HEAVY_NODE,False,False,False,,1,5,0.6319243548827352,0.23170340123991814,,,,,,,,,,,,,
A:UPPER:1:7,N,ANNULUS_INTERIOR,UPPER,,GATE3F_RETAINED_HEAVY_NODE,False,False,False,,1,7,0.8818387023079902,0.2369027667945883,,,,,,,,,,,,,
A:UPPER:1:9,N,ANNULUS_OUTER_BOUNDARY,UPPER,,GATE3F_RETAINED_HEAVY_NODE,False,False,False,,1,9,1.132278369342368,0.23980417636579138,,,,,,,,,,,,,
A:UPPER:2:-8,B,ANNULUS_INTERIOR,UPPER,,GATE3F_RETAINED_HEAVY_NODE,False,False,False,,2,-8,1.0148137273827282,0.772814474171495,,,,,,,,,,,,,
A:UPPER:2:-6,B,ANNULUS_INTERIOR,UPPER,,GATE3F_RETAINED_HEAVY_NODE,False,False,False,,2,-6,0.767127071345485,0.7802594295809192,,,,,,,,,,,,,
A:UPPER:2:-4,B,ANNULUS_INNER_BOUNDARY,UPPER,,GATE3F_RETAINED_HEAVY_NODE,False,False,False,,2,-4,0.5227089898747372,0.7947280937555167,,,,,,,,,,,,,
A:UPPER:2:4,B,ANNULUS_INNER_BOUNDARY,UPPER,,GATE3F_RETAINED_HEAVY_NODE,False,False,False,,2,4,0.5227089898747372,0.2052719062444833,,,,,,,,,,,,,
A:UPPER:2:6,B,ANNULUS_INTERIOR,UPPER,,GATE3F_RETAINED_HEAVY_NODE,False,False,False,,2,6,0.767127071345485,0.21974057041908082,,,,,,,,,,,,,
A:UPPER:2:8,B,ANNULUS_INTERIOR,UPPER,,GATE3F_RETAINED_HEAVY_NODE,False,False,False,,2,8,1.0148137273827282,0.227185525828505,,,,,,,,,,,,,
A:UPPER:4:-8,N,ANNULUS_OUTER_BOUNDARY,UPPER,,GATE3F_RETAINED_HEAVY_NODE,False,False,False,,4,-8,1.0454179797494745,0.7947280937555167,,,,,,,,,,,,,
A:UPPER:4:-6,N,ANNULUS_INTERIOR,UPPER,,GATE3F_RETAINED_HEAVY_NODE,False,False,False,,4,-6,0.8071776723188937,0.8084770123204803,,,,,,,,,,,,,
A:UPPER:4:-4,N,ANNULUS_INTERIOR,UPPER,,GATE3F_RETAINED_HEAVY_NODE,False,False,False,,4,-4,0.5798935585044162,0.8333333333333333,,,,,,,,,,,,,
A:UPPER:4:4,N,ANNULUS_INTERIOR,UPPER,,GATE3F_RETAINED_HEAVY_NODE,False,False,False,,4,4,0.5798935585044162,0.16666666666666669,,,,,,,,,,,,,
A:UPPER:4:6,N,ANNULUS_INTERIOR,UPPER,,GATE3F_RETAINED_HEAVY_NODE,False,False,False,,4,6,0.8071776723188937,0.1915229876795197,,,,,,,,,,,,,
A:UPPER:4:8,N,ANNULUS_OUTER_BOUNDARY,UPPER,,GATE3F_RETAINED_HEAVY_NODE,False,False,False,,4,8,1.0454179797494745,0.2052719062444833,,,,,,,,,,,,,
A:UPPER:5:-7,B,ANNULUS_INTERIOR,UPPER,,GATE3F_RETAINED_HEAVY_NODE,False,False,False,,5,-7,0.9506540901328586,0.8122525292528474,,,,,,,,,,,,,
A:UPPER:5:-5,B,ANNULUS_INTERIOR,UPPER,,GATE3F_RETAINED_HEAVY_NODE,False,False,False,,5,-5,0.7248669481305201,0.8333333333333334,,,,,,,,,,,,,
A:UPPER:5:-3,B,ANNULUS_INNER_BOUNDARY,UPPER,,GATE3F_RETAINED_HEAVY_NODE,False,False,False,,5,-3,0.5227089898747374,0.87193857291115,,,,,,,,,,,,,
A:UPPER:5:3,B,ANNULUS_INNER_BOUNDARY,UPPER,,GATE3F_RETAINED_HEAVY_NODE,False,False,False,,5,3,0.5227089898747374,0.12806142708885004,,,,,,,,,,,,,
A:UPPER:5:5,B,ANNULUS_INTERIOR,UPPER,,GATE3F_RETAINED_HEAVY_NODE,False,False,False,,5,5,0.7248669481305201,0.16666666666666666,,,,,,,,,,,,,
A:UPPER:5:7,B,ANNULUS_INTERIOR,UPPER,,GATE3F_RETAINED_HEAVY_NODE,False,False,False,,5,7,0.9506540901328586,0.18774747074715262,,,,,,,,,,,,,
A:UPPER:7:-7,N,ANNULUS_OUTER_BOUNDARY,UPPER,,GATE3F_RETAINED_HEAVY_NODE,False,False,False,,7,-7,1.0148137273827282,0.8333333333333333,,,,,,,,,,,,,
A:UPPER:7:-5,N,ANNULUS_INTERIOR,UPPER,,GATE3F_RETAINED_HEAVY_NODE,False,False,False,,7,-5,0.8071776723188936,0.8581896543461863,,,,,,,,,,,,,
A:UPPER:7:-3,N,ANNULUS_INTERIOR,UPPER,,GATE3F_RETAINED_HEAVY_NODE,False,False,False,,7,-3,0.6319243548827354,0.8983700679065848,,,,,,,,,,,,,
A:UPPER:7:-1,N,ANNULUS_INNER_BOUNDARY,UPPER,,GATE3F_RETAINED_HEAVY_NODE,False,False,False,,7,-1,0.5227089898747372,0.9613947604221834,,,,,,,,,,,,,
A:UPPER:7:1,N,ANNULUS_INNER_BOUNDARY,UPPER,,GATE3F_RETAINED_HEAVY_NODE,False,False,False,,7,1,0.5227089898747372,0.03860523957781663,,,,,,,,,,,,,
A:UPPER:7:3,N,ANNULUS_INTERIOR,UPPER,,GATE3F_RETAINED_HEAVY_NODE,False,False,False,,7,3,0.6319243548827354,0.10162993209341517,,,,,,,,,,,,,
A:UPPER:7:5,N,ANNULUS_INTERIOR,UPPER,,GATE3F_RETAINED_HEAVY_NODE,False,False,False,,7,5,0.8071776723188936,0.14181034565381365,,,,,,,,,,,,,
A:UPPER:7:7,N,ANNULUS_OUTER_BOUNDARY,UPPER,,GATE3F_RETAINED_HEAVY_NODE,False,False,False,,7,7,1.0148137273827282,0.16666666666666669,,,,,,,,,,,,,
A:UPPER:8:-6,B,ANNULUS_INTERIOR,UPPER,,GATE3F_RETAINED_HEAVY_NODE,False,False,False,,8,-6,0.9506540901328587,0.8544141374138192,,,,,,,,,,,,,
A:UPPER:8:-4,B,ANNULUS_INTERIOR,UPPER,,GATE3F_RETAINED_HEAVY_NODE,False,False,False,,8,-4,0.767127071345485,0.8864072370857474,,,,,,,,,,,,,
A:UPPER:8:-2,B,ANNULUS_INTERIOR,UPPER,,GATE3F_RETAINED_HEAVY_NODE,False,False,False,,8,-2,0.6319243548827354,0.9349632654267485,,,,,,,,,,,,,
A:UPPER:8:0,B,ANNULUS_INTERIOR,UPPER,,GATE3F_RETAINED_HEAVY_NODE,False,False,False,,8,0,0.5798935585044162,0.0,,,,,,,,,,,,,
A:UPPER:8:2,B,ANNULUS_INTERIOR,UPPER,,GATE3F_RETAINED_HEAVY_NODE,False,False,False,,8,2,0.6319243548827354,0.0650367345732515,,,,,,,,,,,,,
A:UPPER:8:4,B,ANNULUS_INTERIOR,UPPER,,GATE3F_RETAINED_HEAVY_NODE,False,False,False,,8,4,0.767127071345485,0.11359276291425253,,,,,,,,,,,,,
A:UPPER:8:6,B,ANNULUS_INTERIOR,UPPER,,GATE3F_RETAINED_HEAVY_NODE,False,False,False,,8,6,0.9506540901328587,0.14558586258618073,,,,,,,,,,,,,
A:UPPER:10:-6,N,ANNULUS_OUTER_BOUNDARY,UPPER,,GATE3F_RETAINED_HEAVY_NODE,False,False,False,,10,-6,1.0454179797494747,0.87193857291115,,,,,,,,,,,,,
A:UPPER:10:-4,N,ANNULUS_INTERIOR,UPPER,,GATE3F_RETAINED_HEAVY_NODE,False,False,False,,10,-4,0.8818387023079903,0.903569433461255,,,,,,,,,,,,,
A:UPPER:10:-2,N,ANNULUS_INTERIOR,UPPER,,GATE3F_RETAINED_HEAVY_NODE,False,False,False,,10,-2,0.767127071345485,0.9469260962475858,,,,,,,,,,,,,
A:UPPER:10:0,N,ANNULUS_INTERIOR,UPPER,,GATE3F_RETAINED_HEAVY_NODE,False,False,False,,10,0,0.7248669481305202,0.0,,,,,,,,,,,,,
A:UPPER:10:2,N,ANNULUS_INTERIOR,UPPER,,GATE3F_RETAINED_HEAVY_NODE,False,False,False,,10,2,0.767127071345485,0.05307390375241415,,,,,,,,,,,,,
A:UPPER:10:4,N,ANNULUS_INTERIOR,UPPER,,GATE3F_RETAINED_HEAVY_NODE,False,False,False,,10,4,0.8818387023079903,0.09643056653874504,,,,,,,,,,,,,
A:UPPER:10:6,N,ANNULUS_OUTER_BOUNDARY,UPPER,,GATE3F_RETAINED_HEAVY_NODE,False,False,False,,10,6,1.0454179797494747,0.12806142708885004,,,,,,,,,,,,,
A:UPPER:11:-5,B,ANNULUS_INTERIOR,UPPER,,GATE3F_RETAINED_HEAVY_NODE,False,False,False,,11,-5,1.0148137273827282,0.8938521924951717,,,,,,,,,,,,,
A:UPPER:11:-3,B,ANNULUS_INTERIOR,UPPER,,GATE3F_RETAINED_HEAVY_NODE,False,False,False,,11,-3,0.8818387023079903,0.9297638998720784,,,,,,,,,,,,,
A:UPPER:11:-1,B,ANNULUS_INTERIOR,UPPER,,GATE3F_RETAINED_HEAVY_NODE,False,False,False,,11,-1,0.8071776723188937,0.975143678987147,,,,,,,,,,,,,
A:UPPER:11:1,B,ANNULUS_INTERIOR,UPPER,,GATE3F_RETAINED_HEAVY_NODE,False,False,False,,11,1,0.8071776723188937,0.024856321012853008,,,,,,,,,,,,,
A:UPPER:11:3,B,ANNULUS_INTERIOR,UPPER,,GATE3F_RETAINED_HEAVY_NODE,False,False,False,,11,3,0.8818387023079903,0.07023610012792163,,,,,,,,,,,,,
A:UPPER:11:5,B,ANNULUS_INTERIOR,UPPER,,GATE3F_RETAINED_HEAVY_NODE,False,False,False,,11,5,1.0148137273827282,0.1061478075048283,,,,,,,,,,,,,
A:UPPER:13:-5,N,ANNULUS_OUTER_BOUNDARY,UPPER,,GATE3F_RETAINED_HEAVY_NODE,False,False,False,,13,-5,1.1322783693423681,0.9064708430324581,,,,,,,,,,,,,
A:UPPER:13:-3,N,ANNULUS_INTERIOR,UPPER,,GATE3F_RETAINED_HEAVY_NODE,False,False,False,,13,-3,1.0148137273827282,0.9394811408381616,,,,,,,,,,,,,
A:UPPER:13:-1,N,ANNULUS_INTERIOR,UPPER,,GATE3F_RETAINED_HEAVY_NODE,False,False,False,,13,-1,0.9506540901328586,0.978919195919514,,,,,,,,,,,,,
A:UPPER:13:1,N,ANNULUS_INTERIOR,UPPER,,GATE3F_RETAINED_HEAVY_NODE,False,False,False,,13,1,0.9506540901328586,0.021080804080485956,,,,,,,,,,,,,
A:UPPER:13:3,N,ANNULUS_INTERIOR,UPPER,,GATE3F_RETAINED_HEAVY_NODE,False,False,False,,13,3,1.0148137273827282,0.06051885916183837,,,,,,,,,,,,,
A:UPPER:13:5,N,ANNULUS_OUTER_BOUNDARY,UPPER,,GATE3F_RETAINED_HEAVY_NODE,False,False,False,,13,5,1.1322783693423681,0.09352915696754195,,,,,,,,,,,,,
A:UPPER:14:-4,B,ANNULUS_OUTER_BOUNDARY,UPPER,,GATE3F_RETAINED_HEAVY_NODE,False,False,False,,14,-4,1.1322783693423681,0.9268624903008753,,,,,,,,,,,,,
A:UPPER:14:-2,B,ANNULUS_OUTER_BOUNDARY,UPPER,,GATE3F_RETAINED_HEAVY_NODE,False,False,False,,14,-2,1.0454179797494745,0.9613947604221834,,,,,,,,,,,,,
A:UPPER:14:0,B,ANNULUS_OUTER_BOUNDARY,UPPER,,GATE3F_RETAINED_HEAVY_NODE,False,False,False,,14,0,1.0148137273827282,0.0,,,,,,,,,,,,,
A:UPPER:14:2,B,ANNULUS_OUTER_BOUNDARY,UPPER,,GATE3F_RETAINED_HEAVY_NODE,False,False,False,,14,2,1.0454179797494745,0.03860523957781663,,,,,,,,,,,,,
A:UPPER:14:4,B,ANNULUS_OUTER_BOUNDARY,UPPER,,GATE3F_RETAINED_HEAVY_NODE,False,False,False,,14,4,1.1322783693423681,0.0731375096991247,,,,,,,,,,,,,
BR:LOWER:00:1,B,ALTERNATING_BN_TRIMER_BRIDGE,LOWER,,GATE3H_SELECTED_TRIMER_BRIDGE,False,False,False,,,,,,LOWER:BRIDGE:00,0,1,S:1681,A:LOWER:14:-2,0.17709999999999998,0.05,0.3041,1,-1,14,-1,
BR:LOWER:00:2,N,ALTERNATING_BN_TRIMER_BRIDGE,LOWER,,GATE3H_SELECTED_TRIMER_BRIDGE,False,False,False,,,,,,LOWER:BRIDGE:00,0,2,S:1681,A:LOWER:14:-2,0.17709999999999998,0.05,0.3041,1,-1,14,-1,
BR:LOWER:00:3,B,ALTERNATING_BN_TRIMER_BRIDGE,LOWER,,GATE3H_SELECTED_TRIMER_BRIDGE,False,False,False,,,,,,LOWER:BRIDGE:00,0,3,S:1681,A:LOWER:14:-2,0.17709999999999998,0.05,0.3041,1,-1,14,-1,
BR:LOWER:01:1,B,ALTERNATING_BN_TRIMER_BRIDGE,LOWER,,GATE3H_SELECTED_TRIMER_BRIDGE,False,False,False,,,,,,LOWER:BRIDGE:01,1,1,S:1683,A:LOWER:14:-4,0.17709999999999998,0.05,0.3041,1,-1,14,-1,
BR:LOWER:01:2,N,ALTERNATING_BN_TRIMER_BRIDGE,LOWER,,GATE3H_SELECTED_TRIMER_BRIDGE,False,False,False,,,,,,LOWER:BRIDGE:01,1,2,S:1683,A:LOWER:14:-4,0.17709999999999998,0.05,0.3041,1,-1,14,-1,
BR:LOWER:01:3,B,ALTERNATING_BN_TRIMER_BRIDGE,LOWER,,GATE3H_SELECTED_TRIMER_BRIDGE,False,False,False,,,,,,LOWER:BRIDGE:01,1,3,S:1683,A:LOWER:14:-4,0.17709999999999998,0.05,0.3041,1,-1,14,-1,
BR:LOWER:02:1,B,ALTERNATING_BN_TRIMER_BRIDGE,LOWER,,GATE3H_SELECTED_TRIMER_BRIDGE,False,False,False,,,,,,LOWER:BRIDGE:02,2,1,S:1685,A:LOWER:-1:-9,0.17709999999999998,0.05,0.3041,1,-1,14,-1,
BR:LOWER:02:2,N,ALTERNATING_BN_TRIMER_BRIDGE,LOWER,,GATE3H_SELECTED_TRIMER_BRIDGE,False,False,False,,,,,,LOWER:BRIDGE:02,2,2,S:1685,A:LOWER:-1:-9,0.17709999999999998,0.05,0.3041,1,-1,14,-1,
BR:LOWER:02:3,B,ALTERNATING_BN_TRIMER_BRIDGE,LOWER,,GATE3H_SELECTED_TRIMER_BRIDGE,False,False,False,,,,,,LOWER:BRIDGE:02,2,3,S:1685,A:LOWER:-1:-9,0.17709999999999998,0.05,0.3041,1,-1,14,-1,
BR:LOWER:03:1,B,ALTERNATING_BN_TRIMER_BRIDGE,LOWER,,GATE3H_SELECTED_TRIMER_BRIDGE,False,False,False,,,,,,LOWER:BRIDGE:03,3,1,S:1687,A:LOWER:-4:-8,0.17709999999999998,0.05,0.3041,1,-1,14,-1,
BR:LOWER:03:2,N,ALTERNATING_BN_TRIMER_BRIDGE,LOWER,,GATE3H_SELECTED_TRIMER_BRIDGE,False,False,False,,,,,,LOWER:BRIDGE:03,3,2,S:1687,A:LOWER:-4:-8,0.17709999999999998,0.05,0.3041,1,-1,14,-1,
BR:LOWER:03:3,B,ALTERNATING_BN_TRIMER_BRIDGE,LOWER,,GATE3H_SELECTED_TRIMER_BRIDGE,False,False,False,,,,,,LOWER:BRIDGE:03,3,3,S:1687,A:LOWER:-4:-8,0.17709999999999998,0.05,0.3041,1,-1,14,-1,
BR:LOWER:04:1,B,ALTERNATING_BN_TRIMER_BRIDGE,LOWER,,GATE3H_SELECTED_TRIMER_BRIDGE,False,False,False,,,,,,LOWER:BRIDGE:04,4,1,S:1689,A:LOWER:-7:-7,0.17709999999999998,0.05,0.3041,1,-1,14,-1,
BR:LOWER:04:2,N,ALTERNATING_BN_TRIMER_BRIDGE,LOWER,,GATE3H_SELECTED_TRIMER_BRIDGE,False,False,False,,,,,,LOWER:BRIDGE:04,4,2,S:1689,A:LOWER:-7:-7,0.17709999999999998,0.05,0.3041,1,-1,14,-1,
BR:LOWER:04:3,B,ALTERNATING_BN_TRIMER_BRIDGE,LOWER,,GATE3H_SELECTED_TRIMER_BRIDGE,False,False,False,,,,,,LOWER:BRIDGE:04,4,3,S:1689,A:LOWER:-7:-7,0.17709999999999998,0.05,0.3041,1,-1,14,-1,
BR:LOWER:05:1,B,ALTERNATING_BN_TRIMER_BRIDGE,LOWER,,GATE3H_SELECTED_TRIMER_BRIDGE,False,False,False,,,,,,LOWER:BRIDGE:05,5,1,S:1691,A:LOWER:-10:-6,0.17709999999999998,0.05,0.3041,1,-1,14,-1,
BR:LOWER:05:2,N,ALTERNATING_BN_TRIMER_BRIDGE,LOWER,,GATE3H_SELECTED_TRIMER_BRIDGE,False,False,False,,,,,,LOWER:BRIDGE:05,5,2,S:1691,A:LOWER:-10:-6,0.17709999999999998,0.05,0.3041,1,-1,14,-1,
BR:LOWER:05:3,B,ALTERNATING_BN_TRIMER_BRIDGE,LOWER,,GATE3H_SELECTED_TRIMER_BRIDGE,False,False,False,,,,,,LOWER:BRIDGE:05,5,3,S:1691,A:LOWER:-10:-6,0.17709999999999998,0.05,0.3041,1,-1,14,-1,
BR:LOWER:06:1,B,ALTERNATING_BN_TRIMER_BRIDGE,LOWER,,GATE3H_SELECTED_TRIMER_BRIDGE,False,False,False,,,,,,LOWER:BRIDGE:06,6,1,S:1693,A:LOWER:-13:-5,0.17709999999999998,0.05,0.3041,1,-1,14,-1,
BR:LOWER:06:2,N,ALTERNATING_BN_TRIMER_BRIDGE,LOWER,,GATE3H_SELECTED_TRIMER_BRIDGE,False,False,False,,,,,,LOWER:BRIDGE:06,6,2,S:1693,A:LOWER:-13:-5,0.17709999999999998,0.05,0.3041,1,-1,14,-1,
BR:LOWER:06:3,B,ALTERNATING_BN_TRIMER_BRIDGE,LOWER,,GATE3H_SELECTED_TRIMER_BRIDGE,False,False,False,,,,,,LOWER:BRIDGE:06,6,3,S:1693,A:LOWER:-13:-5,0.17709999999999998,0.05,0.3041,1,-1,14,-1,
BR:LOWER:07:1,B,ALTERNATING_BN_TRIMER_BRIDGE,LOWER,,GATE3H_SELECTED_TRIMER_BRIDGE,False,False,False,,,,,,LOWER:BRIDGE:07,7,1,S:1695,A:LOWER:-13:5,0.17709999999999998,0.05,0.3041,1,-1,14,-1,
BR:LOWER:07:2,N,ALTERNATING_BN_TRIMER_BRIDGE,LOWER,,GATE3H_SELECTED_TRIMER_BRIDGE,False,False,False,,,,,,LOWER:BRIDGE:07,7,2,S:1695,A:LOWER:-13:5,0.17709999999999998,0.05,0.3041,1,-1,14,-1,
BR:LOWER:07:3,B,ALTERNATING_BN_TRIMER_BRIDGE,LOWER,,GATE3H_SELECTED_TRIMER_BRIDGE,False,False,False,,,,,,LOWER:BRIDGE:07,7,3,S:1695,A:LOWER:-13:5,0.17709999999999998,0.05,0.3041,1,-1,14,-1,
BR:LOWER:08:1,B,ALTERNATING_BN_TRIMER_BRIDGE,LOWER,,GATE3H_SELECTED_TRIMER_BRIDGE,False,False,False,,,,,,LOWER:BRIDGE:08,8,1,S:1697,A:LOWER:-10:6,0.17709999999999998,0.05,0.3041,1,-1,14,-1,
BR:LOWER:08:2,N,ALTERNATING_BN_TRIMER_BRIDGE,LOWER,,GATE3H_SELECTED_TRIMER_BRIDGE,False,False,False,,,,,,LOWER:BRIDGE:08,8,2,S:1697,A:LOWER:-10:6,0.17709999999999998,0.05,0.3041,1,-1,14,-1,
BR:LOWER:08:3,B,ALTERNATING_BN_TRIMER_BRIDGE,LOWER,,GATE3H_SELECTED_TRIMER_BRIDGE,False,False,False,,,,,,LOWER:BRIDGE:08,8,3,S:1697,A:LOWER:-10:6,0.17709999999999998,0.05,0.3041,1,-1,14,-1,
BR:LOWER:09:1,B,ALTERNATING_BN_TRIMER_BRIDGE,LOWER,,GATE3H_SELECTED_TRIMER_BRIDGE,False,False,False,,,,,,LOWER:BRIDGE:09,9,1,S:1699,A:LOWER:-7:7,0.17709999999999998,0.05,0.3041,1,-1,14,-1,
BR:LOWER:09:2,N,ALTERNATING_BN_TRIMER_BRIDGE,LOWER,,GATE3H_SELECTED_TRIMER_BRIDGE,False,False,False,,,,,,LOWER:BRIDGE:09,9,2,S:1699,A:LOWER:-7:7,0.17709999999999998,0.05,0.3041,1,-1,14,-1,
BR:LOWER:09:3,B,ALTERNATING_BN_TRIMER_BRIDGE,LOWER,,GATE3H_SELECTED_TRIMER_BRIDGE,False,False,False,,,,,,LOWER:BRIDGE:09,9,3,S:1699,A:LOWER:-7:7,0.17709999999999998,0.05,0.3041,1,-1,14,-1,
BR:LOWER:10:1,B,ALTERNATING_BN_TRIMER_BRIDGE,LOWER,,GATE3H_SELECTED_TRIMER_BRIDGE,False,False,False,,,,,,LOWER:BRIDGE:10,10,1,S:1701,A:LOWER:-4:8,0.17709999999999998,0.05,0.3041,1,-1,14,-1,
BR:LOWER:10:2,N,ALTERNATING_BN_TRIMER_BRIDGE,LOWER,,GATE3H_SELECTED_TRIMER_BRIDGE,False,False,False,,,,,,LOWER:BRIDGE:10,10,2,S:1701,A:LOWER:-4:8,0.17709999999999998,0.05,0.3041,1,-1,14,-1,
BR:LOWER:10:3,B,ALTERNATING_BN_TRIMER_BRIDGE,LOWER,,GATE3H_SELECTED_TRIMER_BRIDGE,False,False,False,,,,,,LOWER:BRIDGE:10,10,3,S:1701,A:LOWER:-4:8,0.17709999999999998,0.05,0.3041,1,-1,14,-1,
BR:LOWER:11:1,B,ALTERNATING_BN_TRIMER_BRIDGE,LOWER,,GATE3H_SELECTED_TRIMER_BRIDGE,False,False,False,,,,,,LOWER:BRIDGE:11,11,1,S:1703,A:LOWER:-1:9,0.17709999999999998,0.05,0.3041,1,-1,14,-1,
BR:LOWER:11:2,N,ALTERNATING_BN_TRIMER_BRIDGE,LOWER,,GATE3H_SELECTED_TRIMER_BRIDGE,False,False,False,,,,,,LOWER:BRIDGE:11,11,2,S:1703,A:LOWER:-1:9,0.17709999999999998,0.05,0.3041,1,-1,14,-1,
BR:LOWER:11:3,B,ALTERNATING_BN_TRIMER_BRIDGE,LOWER,,GATE3H_SELECTED_TRIMER_BRIDGE,False,False,False,,,,,,LOWER:BRIDGE:11,11,3,S:1703,A:LOWER:-1:9,0.17709999999999998,0.05,0.3041,1,-1,14,-1,
BR:LOWER:12:1,B,ALTERNATING_BN_TRIMER_BRIDGE,LOWER,,GATE3H_SELECTED_TRIMER_BRIDGE,False,False,False,,,,,,LOWER:BRIDGE:12,12,1,S:1705,A:LOWER:14:4,0.17709999999999998,0.05,0.3041,1,-1,14,-1,
BR:LOWER:12:2,N,ALTERNATING_BN_TRIMER_BRIDGE,LOWER,,GATE3H_SELECTED_TRIMER_BRIDGE,False,False,False,,,,,,LOWER:BRIDGE:12,12,2,S:1705,A:LOWER:14:4,0.17709999999999998,0.05,0.3041,1,-1,14,-1,
BR:LOWER:12:3,B,ALTERNATING_BN_TRIMER_BRIDGE,LOWER,,GATE3H_SELECTED_TRIMER_BRIDGE,False,False,False,,,,,,LOWER:BRIDGE:12,12,3,S:1705,A:LOWER:14:4,0.17709999999999998,0.05,0.3041,1,-1,14,-1,
BR:LOWER:13:1,B,ALTERNATING_BN_TRIMER_BRIDGE,LOWER,,GATE3H_SELECTED_TRIMER_BRIDGE,False,False,False,,,,,,LOWER:BRIDGE:13,13,1,S:1707,A:LOWER:14:2,0.17709999999999998,0.05,0.3041,1,-1,14,-1,
BR:LOWER:13:2,N,ALTERNATING_BN_TRIMER_BRIDGE,LOWER,,GATE3H_SELECTED_TRIMER_BRIDGE,False,False,False,,,,,,LOWER:BRIDGE:13,13,2,S:1707,A:LOWER:14:2,0.17709999999999998,0.05,0.3041,1,-1,14,-1,
BR:LOWER:13:3,B,ALTERNATING_BN_TRIMER_BRIDGE,LOWER,,GATE3H_SELECTED_TRIMER_BRIDGE,False,False,False,,,,,,LOWER:BRIDGE:13,13,3,S:1707,A:LOWER:14:2,0.17709999999999998,0.05,0.3041,1,-1,14,-1,
BR:LOWER:14:1,B,ALTERNATING_BN_TRIMER_BRIDGE,LOWER,,GATE3H_SELECTED_TRIMER_BRIDGE,False,False,False,,,,,,LOWER:BRIDGE:14,14,1,S:1709,A:LOWER:14:0,0.17709999999999998,0.05,0.3041,1,-1,14,-1,
BR:LOWER:14:2,N,ALTERNATING_BN_TRIMER_BRIDGE,LOWER,,GATE3H_SELECTED_TRIMER_BRIDGE,False,False,False,,,,,,LOWER:BRIDGE:14,14,2,S:1709,A:LOWER:14:0,0.17709999999999998,0.05,0.3041,1,-1,14,-1,
BR:LOWER:14:3,B,ALTERNATING_BN_TRIMER_BRIDGE,LOWER,,GATE3H_SELECTED_TRIMER_BRIDGE,False,False,False,,,,,,LOWER:BRIDGE:14,14,3,S:1709,A:LOWER:14:0,0.17709999999999998,0.05,0.3041,1,-1,14,-1,
BR:UPPER:00:1,N,ALTERNATING_BN_TRIMER_BRIDGE,UPPER,,GATE3H_SELECTED_TRIMER_BRIDGE,False,False,False,,,,,,UPPER:BRIDGE:00,0,1,S:1711,A:UPPER:14:0,0.17709999999999998,0.05,0.3041,1,-1,0,-1,
BR:UPPER:00:2,B,ALTERNATING_BN_TRIMER_BRIDGE,UPPER,,GATE3H_SELECTED_TRIMER_BRIDGE,False,False,False,,,,,,UPPER:BRIDGE:00,0,2,S:1711,A:UPPER:14:0,0.17709999999999998,0.05,0.3041,1,-1,0,-1,
BR:UPPER:00:3,N,ALTERNATING_BN_TRIMER_BRIDGE,UPPER,,GATE3H_SELECTED_TRIMER_BRIDGE,False,False,False,,,,,,UPPER:BRIDGE:00,0,3,S:1711,A:UPPER:14:0,0.17709999999999998,0.05,0.3041,1,-1,0,-1,
BR:UPPER:01:1,N,ALTERNATING_BN_TRIMER_BRIDGE,UPPER,,GATE3H_SELECTED_TRIMER_BRIDGE,False,False,False,,,,,,UPPER:BRIDGE:01,1,1,S:1713,A:UPPER:14:-2,0.17709999999999998,0.05,0.3041,1,-1,0,-1,
BR:UPPER:01:2,B,ALTERNATING_BN_TRIMER_BRIDGE,UPPER,,GATE3H_SELECTED_TRIMER_BRIDGE,False,False,False,,,,,,UPPER:BRIDGE:01,1,2,S:1713,A:UPPER:14:-2,0.17709999999999998,0.05,0.3041,1,-1,0,-1,
BR:UPPER:01:3,N,ALTERNATING_BN_TRIMER_BRIDGE,UPPER,,GATE3H_SELECTED_TRIMER_BRIDGE,False,False,False,,,,,,UPPER:BRIDGE:01,1,3,S:1713,A:UPPER:14:-2,0.17709999999999998,0.05,0.3041,1,-1,0,-1,
BR:UPPER:02:1,N,ALTERNATING_BN_TRIMER_BRIDGE,UPPER,,GATE3H_SELECTED_TRIMER_BRIDGE,False,False,False,,,,,,UPPER:BRIDGE:02,2,1,S:1715,A:UPPER:14:-4,0.17709999999999998,0.05,0.3041,1,-1,0,-1,
BR:UPPER:02:2,B,ALTERNATING_BN_TRIMER_BRIDGE,UPPER,,GATE3H_SELECTED_TRIMER_BRIDGE,False,False,False,,,,,,UPPER:BRIDGE:02,2,2,S:1715,A:UPPER:14:-4,0.17709999999999998,0.05,0.3041,1,-1,0,-1,
BR:UPPER:02:3,N,ALTERNATING_BN_TRIMER_BRIDGE,UPPER,,GATE3H_SELECTED_TRIMER_BRIDGE,False,False,False,,,,,,UPPER:BRIDGE:02,2,3,S:1715,A:UPPER:14:-4,0.17709999999999998,0.05,0.3041,1,-1,0,-1,
BR:UPPER:03:1,N,ALTERNATING_BN_TRIMER_BRIDGE,UPPER,,GATE3H_SELECTED_TRIMER_BRIDGE,False,False,False,,,,,,UPPER:BRIDGE:03,3,1,S:1717,A:UPPER:-1:-9,0.17709999999999998,0.05,0.3041,1,-1,0,-1,
BR:UPPER:03:2,B,ALTERNATING_BN_TRIMER_BRIDGE,UPPER,,GATE3H_SELECTED_TRIMER_BRIDGE,False,False,False,,,,,,UPPER:BRIDGE:03,3,2,S:1717,A:UPPER:-1:-9,0.17709999999999998,0.05,0.3041,1,-1,0,-1,
BR:UPPER:03:3,N,ALTERNATING_BN_TRIMER_BRIDGE,UPPER,,GATE3H_SELECTED_TRIMER_BRIDGE,False,False,False,,,,,,UPPER:BRIDGE:03,3,3,S:1717,A:UPPER:-1:-9,0.17709999999999998,0.05,0.3041,1,-1,0,-1,
BR:UPPER:04:1,N,ALTERNATING_BN_TRIMER_BRIDGE,UPPER,,GATE3H_SELECTED_TRIMER_BRIDGE,False,False,False,,,,,,UPPER:BRIDGE:04,4,1,S:1719,A:UPPER:-4:-8,0.17709999999999998,0.05,0.3041,1,-1,0,-1,
BR:UPPER:04:2,B,ALTERNATING_BN_TRIMER_BRIDGE,UPPER,,GATE3H_SELECTED_TRIMER_BRIDGE,False,False,False,,,,,,UPPER:BRIDGE:04,4,2,S:1719,A:UPPER:-4:-8,0.17709999999999998,0.05,0.3041,1,-1,0,-1,
BR:UPPER:04:3,N,ALTERNATING_BN_TRIMER_BRIDGE,UPPER,,GATE3H_SELECTED_TRIMER_BRIDGE,False,False,False,,,,,,UPPER:BRIDGE:04,4,3,S:1719,A:UPPER:-4:-8,0.17709999999999998,0.05,0.3041,1,-1,0,-1,
BR:UPPER:05:1,N,ALTERNATING_BN_TRIMER_BRIDGE,UPPER,,GATE3H_SELECTED_TRIMER_BRIDGE,False,False,False,,,,,,UPPER:BRIDGE:05,5,1,S:1721,A:UPPER:-7:-7,0.17709999999999998,0.05,0.3041,1,-1,0,-1,
BR:UPPER:05:2,B,ALTERNATING_BN_TRIMER_BRIDGE,UPPER,,GATE3H_SELECTED_TRIMER_BRIDGE,False,False,False,,,,,,UPPER:BRIDGE:05,5,2,S:1721,A:UPPER:-7:-7,0.17709999999999998,0.05,0.3041,1,-1,0,-1,
BR:UPPER:05:3,N,ALTERNATING_BN_TRIMER_BRIDGE,UPPER,,GATE3H_SELECTED_TRIMER_BRIDGE,False,False,False,,,,,,UPPER:BRIDGE:05,5,3,S:1721,A:UPPER:-7:-7,0.17709999999999998,0.05,0.3041,1,-1,0,-1,
BR:UPPER:06:1,N,ALTERNATING_BN_TRIMER_BRIDGE,UPPER,,GATE3H_SELECTED_TRIMER_BRIDGE,False,False,False,,,,,,UPPER:BRIDGE:06,6,1,S:1723,A:UPPER:-10:-6,0.17709999999999998,0.05,0.3041,1,-1,0,-1,
BR:UPPER:06:2,B,ALTERNATING_BN_TRIMER_BRIDGE,UPPER,,GATE3H_SELECTED_TRIMER_BRIDGE,False,False,False,,,,,,UPPER:BRIDGE:06,6,2,S:1723,A:UPPER:-10:-6,0.17709999999999998,0.05,0.3041,1,-1,0,-1,
BR:UPPER:06:3,N,ALTERNATING_BN_TRIMER_BRIDGE,UPPER,,GATE3H_SELECTED_TRIMER_BRIDGE,False,False,False,,,,,,UPPER:BRIDGE:06,6,3,S:1723,A:UPPER:-10:-6,0.17709999999999998,0.05,0.3041,1,-1,0,-1,
BR:UPPER:07:1,N,ALTERNATING_BN_TRIMER_BRIDGE,UPPER,,GATE3H_SELECTED_TRIMER_BRIDGE,False,False,False,,,,,,UPPER:BRIDGE:07,7,1,S:1725,A:UPPER:-13:-5,0.17709999999999998,0.05,0.3041,1,-1,0,-1,
BR:UPPER:07:2,B,ALTERNATING_BN_TRIMER_BRIDGE,UPPER,,GATE3H_SELECTED_TRIMER_BRIDGE,False,False,False,,,,,,UPPER:BRIDGE:07,7,2,S:1725,A:UPPER:-13:-5,0.17709999999999998,0.05,0.3041,1,-1,0,-1,
BR:UPPER:07:3,N,ALTERNATING_BN_TRIMER_BRIDGE,UPPER,,GATE3H_SELECTED_TRIMER_BRIDGE,False,False,False,,,,,,UPPER:BRIDGE:07,7,3,S:1725,A:UPPER:-13:-5,0.17709999999999998,0.05,0.3041,1,-1,0,-1,
BR:UPPER:08:1,N,ALTERNATING_BN_TRIMER_BRIDGE,UPPER,,GATE3H_SELECTED_TRIMER_BRIDGE,False,False,False,,,,,,UPPER:BRIDGE:08,8,1,S:1727,A:UPPER:-13:5,0.17709999999999998,0.05,0.3041,1,-1,0,-1,
BR:UPPER:08:2,B,ALTERNATING_BN_TRIMER_BRIDGE,UPPER,,GATE3H_SELECTED_TRIMER_BRIDGE,False,False,False,,,,,,UPPER:BRIDGE:08,8,2,S:1727,A:UPPER:-13:5,0.17709999999999998,0.05,0.3041,1,-1,0,-1,
BR:UPPER:08:3,N,ALTERNATING_BN_TRIMER_BRIDGE,UPPER,,GATE3H_SELECTED_TRIMER_BRIDGE,False,False,False,,,,,,UPPER:BRIDGE:08,8,3,S:1727,A:UPPER:-13:5,0.17709999999999998,0.05,0.3041,1,-1,0,-1,
BR:UPPER:09:1,N,ALTERNATING_BN_TRIMER_BRIDGE,UPPER,,GATE3H_SELECTED_TRIMER_BRIDGE,False,False,False,,,,,,UPPER:BRIDGE:09,9,1,S:1729,A:UPPER:-10:6,0.17709999999999998,0.05,0.3041,1,-1,0,-1,
BR:UPPER:09:2,B,ALTERNATING_BN_TRIMER_BRIDGE,UPPER,,GATE3H_SELECTED_TRIMER_BRIDGE,False,False,False,,,,,,UPPER:BRIDGE:09,9,2,S:1729,A:UPPER:-10:6,0.17709999999999998,0.05,0.3041,1,-1,0,-1,
BR:UPPER:09:3,N,ALTERNATING_BN_TRIMER_BRIDGE,UPPER,,GATE3H_SELECTED_TRIMER_BRIDGE,False,False,False,,,,,,UPPER:BRIDGE:09,9,3,S:1729,A:UPPER:-10:6,0.17709999999999998,0.05,0.3041,1,-1,0,-1,
BR:UPPER:10:1,N,ALTERNATING_BN_TRIMER_BRIDGE,UPPER,,GATE3H_SELECTED_TRIMER_BRIDGE,False,False,False,,,,,,UPPER:BRIDGE:10,10,1,S:1731,A:UPPER:-7:7,0.17709999999999998,0.05,0.3041,1,-1,0,-1,
BR:UPPER:10:2,B,ALTERNATING_BN_TRIMER_BRIDGE,UPPER,,GATE3H_SELECTED_TRIMER_BRIDGE,False,False,False,,,,,,UPPER:BRIDGE:10,10,2,S:1731,A:UPPER:-7:7,0.17709999999999998,0.05,0.3041,1,-1,0,-1,
BR:UPPER:10:3,N,ALTERNATING_BN_TRIMER_BRIDGE,UPPER,,GATE3H_SELECTED_TRIMER_BRIDGE,False,False,False,,,,,,UPPER:BRIDGE:10,10,3,S:1731,A:UPPER:-7:7,0.17709999999999998,0.05,0.3041,1,-1,0,-1,
BR:UPPER:11:1,N,ALTERNATING_BN_TRIMER_BRIDGE,UPPER,,GATE3H_SELECTED_TRIMER_BRIDGE,False,False,False,,,,,,UPPER:BRIDGE:11,11,1,S:1733,A:UPPER:-4:8,0.17709999999999998,0.05,0.3041,1,-1,0,-1,
BR:UPPER:11:2,B,ALTERNATING_BN_TRIMER_BRIDGE,UPPER,,GATE3H_SELECTED_TRIMER_BRIDGE,False,False,False,,,,,,UPPER:BRIDGE:11,11,2,S:1733,A:UPPER:-4:8,0.17709999999999998,0.05,0.3041,1,-1,0,-1,
BR:UPPER:11:3,N,ALTERNATING_BN_TRIMER_BRIDGE,UPPER,,GATE3H_SELECTED_TRIMER_BRIDGE,False,False,False,,,,,,UPPER:BRIDGE:11,11,3,S:1733,A:UPPER:-4:8,0.17709999999999998,0.05,0.3041,1,-1,0,-1,
BR:UPPER:12:1,N,ALTERNATING_BN_TRIMER_BRIDGE,UPPER,,GATE3H_SELECTED_TRIMER_BRIDGE,False,False,False,,,,,,UPPER:BRIDGE:12,12,1,S:1735,A:UPPER:-1:9,0.17709999999999998,0.05,0.3041,1,-1,0,-1,
BR:UPPER:12:2,B,ALTERNATING_BN_TRIMER_BRIDGE,UPPER,,GATE3H_SELECTED_TRIMER_BRIDGE,False,False,False,,,,,,UPPER:BRIDGE:12,12,2,S:1735,A:UPPER:-1:9,0.17709999999999998,0.05,0.3041,1,-1,0,-1,
BR:UPPER:12:3,N,ALTERNATING_BN_TRIMER_BRIDGE,UPPER,,GATE3H_SELECTED_TRIMER_BRIDGE,False,False,False,,,,,,UPPER:BRIDGE:12,12,3,S:1735,A:UPPER:-1:9,0.17709999999999998,0.05,0.3041,1,-1,0,-1,
BR:UPPER:13:1,N,ALTERNATING_BN_TRIMER_BRIDGE,UPPER,,GATE3H_SELECTED_TRIMER_BRIDGE,False,False,False,,,,,,UPPER:BRIDGE:13,13,1,S:1737,A:UPPER:14:4,0.17709999999999998,0.05,0.3041,1,-1,0,-1,
BR:UPPER:13:2,B,ALTERNATING_BN_TRIMER_BRIDGE,UPPER,,GATE3H_SELECTED_TRIMER_BRIDGE,False,False,False,,,,,,UPPER:BRIDGE:13,13,2,S:1737,A:UPPER:14:4,0.17709999999999998,0.05,0.3041,1,-1,0,-1,
BR:UPPER:13:3,N,ALTERNATING_BN_TRIMER_BRIDGE,UPPER,,GATE3H_SELECTED_TRIMER_BRIDGE,False,False,False,,,,,,UPPER:BRIDGE:13,13,3,S:1737,A:UPPER:14:4,0.17709999999999998,0.05,0.3041,1,-1,0,-1,
BR:UPPER:14:1,N,ALTERNATING_BN_TRIMER_BRIDGE,UPPER,,GATE3H_SELECTED_TRIMER_BRIDGE,False,False,False,,,,,,UPPER:BRIDGE:14,14,1,S:1739,A:UPPER:14:2,0.17709999999999998,0.05,0.3041,1,-1,0,-1,
BR:UPPER:14:2,B,ALTERNATING_BN_TRIMER_BRIDGE,UPPER,,GATE3H_SELECTED_TRIMER_BRIDGE,False,False,False,,,,,,UPPER:BRIDGE:14,14,2,S:1739,A:UPPER:14:2,0.17709999999999998,0.05,0.3041,1,-1,0,-1,
BR:UPPER:14:3,N,ALTERNATING_BN_TRIMER_BRIDGE,UPPER,,GATE3H_SELECTED_TRIMER_BRIDGE,False,False,False,,,,,,UPPER:BRIDGE:14,14,3,S:1739,A:UPPER:14:2,0.17709999999999998,0.05,0.3041,1,-1,0,-1,
H:LOWER:SEED_PASSIVANT_H:0000,H,SEED_PASSIVANT_H,LOWER,,,False,False,False,,,,,,,,,,,,,,,,,,S:1680
H:LOWER:SEED_PASSIVANT_H:0001,H,SEED_PASSIVANT_H,LOWER,,,False,False,False,,,,,,,,,,,,,,,,,,S:1682
H:LOWER:SEED_PASSIVANT_H:0002,H,SEED_PASSIVANT_H,LOWER,,,False,False,False,,,,,,,,,,,,,,,,,,S:1684
H:LOWER:SEED_PASSIVANT_H:0003,H,SEED_PASSIVANT_H,LOWER,,,False,False,False,,,,,,,,,,,,,,,,,,S:1686
H:LOWER:SEED_PASSIVANT_H:0004,H,SEED_PASSIVANT_H,LOWER,,,False,False,False,,,,,,,,,,,,,,,,,,S:1688
H:LOWER:SEED_PASSIVANT_H:0005,H,SEED_PASSIVANT_H,LOWER,,,False,False,False,,,,,,,,,,,,,,,,,,S:1690
H:LOWER:SEED_PASSIVANT_H:0006,H,SEED_PASSIVANT_H,LOWER,,,False,False,False,,,,,,,,,,,,,,,,,,S:1692
H:LOWER:SEED_PASSIVANT_H:0007,H,SEED_PASSIVANT_H,LOWER,,,False,False,False,,,,,,,,,,,,,,,,,,S:1694
H:LOWER:SEED_PASSIVANT_H:0008,H,SEED_PASSIVANT_H,LOWER,,,False,False,False,,,,,,,,,,,,,,,,,,S:1696
H:LOWER:SEED_PASSIVANT_H:0009,H,SEED_PASSIVANT_H,LOWER,,,False,False,False,,,,,,,,,,,,,,,,,,S:1698
H:LOWER:SEED_PASSIVANT_H:0010,H,SEED_PASSIVANT_H,LOWER,,,False,False,False,,,,,,,,,,,,,,,,,,S:1700
H:LOWER:SEED_PASSIVANT_H:0011,H,SEED_PASSIVANT_H,LOWER,,,False,False,False,,,,,,,,,,,,,,,,,,S:1702
H:LOWER:SEED_PASSIVANT_H:0012,H,SEED_PASSIVANT_H,LOWER,,,False,False,False,,,,,,,,,,,,,,,,,,S:1704
H:LOWER:SEED_PASSIVANT_H:0013,H,SEED_PASSIVANT_H,LOWER,,,False,False,False,,,,,,,,,,,,,,,,,,S:1706
H:LOWER:SEED_PASSIVANT_H:0014,H,SEED_PASSIVANT_H,LOWER,,,False,False,False,,,,,,,,,,,,,,,,,,S:1708
H:LOWER:ANNULUS_OUTER_PASSIVANT_H:0015,H,ANNULUS_OUTER_PASSIVANT_H,LOWER,,,False,False,False,,,,,,,,,,,,,,,,,,A:LOWER:-14:-2
H:LOWER:ANNULUS_OUTER_PASSIVANT_H:0016,H,ANNULUS_OUTER_PASSIVANT_H,LOWER,,,False,False,False,,,,,,,,,,,,,,,,,,A:LOWER:-14:-4
H:LOWER:ANNULUS_OUTER_PASSIVANT_H:0017,H,ANNULUS_OUTER_PASSIVANT_H,LOWER,,,False,False,False,,,,,,,,,,,,,,,,,,A:LOWER:-14:0
H:LOWER:ANNULUS_OUTER_PASSIVANT_H:0018,H,ANNULUS_OUTER_PASSIVANT_H,LOWER,,,False,False,False,,,,,,,,,,,,,,,,,,A:LOWER:-14:2
H:LOWER:ANNULUS_OUTER_PASSIVANT_H:0019,H,ANNULUS_OUTER_PASSIVANT_H,LOWER,,,False,False,False,,,,,,,,,,,,,,,,,,A:LOWER:-14:4
H:LOWER:ANNULUS_OUTER_PASSIVANT_H:0020,H,ANNULUS_OUTER_PASSIVANT_H,LOWER,,,False,False,False,,,,,,,,,,,,,,,,,,A:LOWER:10:-6
H:LOWER:ANNULUS_OUTER_PASSIVANT_H:0021,H,ANNULUS_OUTER_PASSIVANT_H,LOWER,,,False,False,False,,,,,,,,,,,,,,,,,,A:LOWER:10:6
H:LOWER:ANNULUS_OUTER_PASSIVANT_H:0022,H,ANNULUS_OUTER_PASSIVANT_H,LOWER,,,False,False,False,,,,,,,,,,,,,,,,,,A:LOWER:13:-5
H:LOWER:ANNULUS_OUTER_PASSIVANT_H:0023,H,ANNULUS_OUTER_PASSIVANT_H,LOWER,,,False,False,False,,,,,,,,,,,,,,,,,,A:LOWER:13:5
H:LOWER:ANNULUS_OUTER_PASSIVANT_H:0024,H,ANNULUS_OUTER_PASSIVANT_H,LOWER,,,False,False,False,,,,,,,,,,,,,,,,,,A:LOWER:1:-9
H:LOWER:ANNULUS_OUTER_PASSIVANT_H:0025,H,ANNULUS_OUTER_PASSIVANT_H,LOWER,,,False,False,False,,,,,,,,,,,,,,,,,,A:LOWER:1:9
H:LOWER:ANNULUS_OUTER_PASSIVANT_H:0026,H,ANNULUS_OUTER_PASSIVANT_H,LOWER,,,False,False,False,,,,,,,,,,,,,,,,,,A:LOWER:4:-8
H:LOWER:ANNULUS_OUTER_PASSIVANT_H:0027,H,ANNULUS_OUTER_PASSIVANT_H,LOWER,,,False,False,False,,,,,,,,,,,,,,,,,,A:LOWER:4:8
H:LOWER:ANNULUS_OUTER_PASSIVANT_H:0028,H,ANNULUS_OUTER_PASSIVANT_H,LOWER,,,False,False,False,,,,,,,,,,,,,,,,,,A:LOWER:7:-7
H:LOWER:ANNULUS_OUTER_PASSIVANT_H:0029,H,ANNULUS_OUTER_PASSIVANT_H,LOWER,,,False,False,False,,,,,,,,,,,,,,,,,,A:LOWER:7:7
H:LOWER:ANNULUS_INNER_PASSIVANT_H:0030,H,ANNULUS_INNER_PASSIVANT_H,LOWER,,,False,False,False,,,,,,,,,,,,,,,,,,A:LOWER:-2:-4
H:LOWER:ANNULUS_INNER_PASSIVANT_H:0031,H,ANNULUS_INNER_PASSIVANT_H,LOWER,,,False,False,False,,,,,,,,,,,,,,,,,,A:LOWER:-2:4
H:LOWER:ANNULUS_INNER_PASSIVANT_H:0032,H,ANNULUS_INNER_PASSIVANT_H,LOWER,,,False,False,False,,,,,,,,,,,,,,,,,,A:LOWER:-5:-3
H:LOWER:ANNULUS_INNER_PASSIVANT_H:0033,H,ANNULUS_INNER_PASSIVANT_H,LOWER,,,False,False,False,,,,,,,,,,,,,,,,,,A:LOWER:-5:3
H:LOWER:ANNULUS_INNER_PASSIVANT_H:0034,H,ANNULUS_INNER_PASSIVANT_H,LOWER,,,False,False,False,,,,,,,,,,,,,,,,,,A:LOWER:-7:-1
H:LOWER:ANNULUS_INNER_PASSIVANT_H:0035,H,ANNULUS_INNER_PASSIVANT_H,LOWER,,,False,False,False,,,,,,,,,,,,,,,,,,A:LOWER:-7:1
H:LOWER:ANNULUS_INNER_PASSIVANT_H:0036,H,ANNULUS_INNER_PASSIVANT_H,LOWER,,,False,False,False,,,,,,,,,,,,,,,,,,A:LOWER:2:-4
H:LOWER:ANNULUS_INNER_PASSIVANT_H:0037,H,ANNULUS_INNER_PASSIVANT_H,LOWER,,,False,False,False,,,,,,,,,,,,,,,,,,A:LOWER:2:4
H:LOWER:ANNULUS_INNER_PASSIVANT_H:0038,H,ANNULUS_INNER_PASSIVANT_H,LOWER,,,False,False,False,,,,,,,,,,,,,,,,,,A:LOWER:5:-3
H:LOWER:ANNULUS_INNER_PASSIVANT_H:0039,H,ANNULUS_INNER_PASSIVANT_H,LOWER,,,False,False,False,,,,,,,,,,,,,,,,,,A:LOWER:5:3
H:LOWER:ANNULUS_INNER_PASSIVANT_H:0040,H,ANNULUS_INNER_PASSIVANT_H,LOWER,,,False,False,False,,,,,,,,,,,,,,,,,,A:LOWER:7:-1
H:LOWER:ANNULUS_INNER_PASSIVANT_H:0041,H,ANNULUS_INNER_PASSIVANT_H,LOWER,,,False,False,False,,,,,,,,,,,,,,,,,,A:LOWER:7:1
H:LOWER:BRIDGE_PASSIVANT_H:0042,H,BRIDGE_PASSIVANT_H,LOWER,,,False,False,False,,,,,,,,,,,,,,,,,,BR:LOWER:00:1
H:LOWER:BRIDGE_PASSIVANT_H:0043,H,BRIDGE_PASSIVANT_H,LOWER,,,False,False,False,,,,,,,,,,,,,,,,,,BR:LOWER:00:2
H:LOWER:BRIDGE_PASSIVANT_H:0044,H,BRIDGE_PASSIVANT_H,LOWER,,,False,False,False,,,,,,,,,,,,,,,,,,BR:LOWER:00:3
H:LOWER:BRIDGE_PASSIVANT_H:0045,H,BRIDGE_PASSIVANT_H,LOWER,,,False,False,False,,,,,,,,,,,,,,,,,,BR:LOWER:01:1
H:LOWER:BRIDGE_PASSIVANT_H:0046,H,BRIDGE_PASSIVANT_H,LOWER,,,False,False,False,,,,,,,,,,,,,,,,,,BR:LOWER:01:2
H:LOWER:BRIDGE_PASSIVANT_H:0047,H,BRIDGE_PASSIVANT_H,LOWER,,,False,False,False,,,,,,,,,,,,,,,,,,BR:LOWER:01:3
H:LOWER:BRIDGE_PASSIVANT_H:0048,H,BRIDGE_PASSIVANT_H,LOWER,,,False,False,False,,,,,,,,,,,,,,,,,,BR:LOWER:02:1
H:LOWER:BRIDGE_PASSIVANT_H:0049,H,BRIDGE_PASSIVANT_H,LOWER,,,False,False,False,,,,,,,,,,,,,,,,,,BR:LOWER:02:2
H:LOWER:BRIDGE_PASSIVANT_H:0050,H,BRIDGE_PASSIVANT_H,LOWER,,,False,False,False,,,,,,,,,,,,,,,,,,BR:LOWER:02:3
H:LOWER:BRIDGE_PASSIVANT_H:0051,H,BRIDGE_PASSIVANT_H,LOWER,,,False,False,False,,,,,,,,,,,,,,,,,,BR:LOWER:03:1
H:LOWER:BRIDGE_PASSIVANT_H:0052,H,BRIDGE_PASSIVANT_H,LOWER,,,False,False,False,,,,,,,,,,,,,,,,,,BR:LOWER:03:2
H:LOWER:BRIDGE_PASSIVANT_H:0053,H,BRIDGE_PASSIVANT_H,LOWER,,,False,False,False,,,,,,,,,,,,,,,,,,BR:LOWER:03:3
H:LOWER:BRIDGE_PASSIVANT_H:0054,H,BRIDGE_PASSIVANT_H,LOWER,,,False,False,False,,,,,,,,,,,,,,,,,,BR:LOWER:04:1
H:LOWER:BRIDGE_PASSIVANT_H:0055,H,BRIDGE_PASSIVANT_H,LOWER,,,False,False,False,,,,,,,,,,,,,,,,,,BR:LOWER:04:2
H:LOWER:BRIDGE_PASSIVANT_H:0056,H,BRIDGE_PASSIVANT_H,LOWER,,,False,False,False,,,,,,,,,,,,,,,,,,BR:LOWER:04:3
H:LOWER:BRIDGE_PASSIVANT_H:0057,H,BRIDGE_PASSIVANT_H,LOWER,,,False,False,False,,,,,,,,,,,,,,,,,,BR:LOWER:05:1
H:LOWER:BRIDGE_PASSIVANT_H:0058,H,BRIDGE_PASSIVANT_H,LOWER,,,False,False,False,,,,,,,,,,,,,,,,,,BR:LOWER:05:2
H:LOWER:BRIDGE_PASSIVANT_H:0059,H,BRIDGE_PASSIVANT_H,LOWER,,,False,False,False,,,,,,,,,,,,,,,,,,BR:LOWER:05:3
H:LOWER:BRIDGE_PASSIVANT_H:0060,H,BRIDGE_PASSIVANT_H,LOWER,,,False,False,False,,,,,,,,,,,,,,,,,,BR:LOWER:06:1
H:LOWER:BRIDGE_PASSIVANT_H:0061,H,BRIDGE_PASSIVANT_H,LOWER,,,False,False,False,,,,,,,,,,,,,,,,,,BR:LOWER:06:2
H:LOWER:BRIDGE_PASSIVANT_H:0062,H,BRIDGE_PASSIVANT_H,LOWER,,,False,False,False,,,,,,,,,,,,,,,,,,BR:LOWER:06:3
H:LOWER:BRIDGE_PASSIVANT_H:0063,H,BRIDGE_PASSIVANT_H,LOWER,,,False,False,False,,,,,,,,,,,,,,,,,,BR:LOWER:07:1
H:LOWER:BRIDGE_PASSIVANT_H:0064,H,BRIDGE_PASSIVANT_H,LOWER,,,False,False,False,,,,,,,,,,,,,,,,,,BR:LOWER:07:2
H:LOWER:BRIDGE_PASSIVANT_H:0065,H,BRIDGE_PASSIVANT_H,LOWER,,,False,False,False,,,,,,,,,,,,,,,,,,BR:LOWER:07:3
H:LOWER:BRIDGE_PASSIVANT_H:0066,H,BRIDGE_PASSIVANT_H,LOWER,,,False,False,False,,,,,,,,,,,,,,,,,,BR:LOWER:08:1
H:LOWER:BRIDGE_PASSIVANT_H:0067,H,BRIDGE_PASSIVANT_H,LOWER,,,False,False,False,,,,,,,,,,,,,,,,,,BR:LOWER:08:2
H:LOWER:BRIDGE_PASSIVANT_H:0068,H,BRIDGE_PASSIVANT_H,LOWER,,,False,False,False,,,,,,,,,,,,,,,,,,BR:LOWER:08:3
H:LOWER:BRIDGE_PASSIVANT_H:0069,H,BRIDGE_PASSIVANT_H,LOWER,,,False,False,False,,,,,,,,,,,,,,,,,,BR:LOWER:09:1
H:LOWER:BRIDGE_PASSIVANT_H:0070,H,BRIDGE_PASSIVANT_H,LOWER,,,False,False,False,,,,,,,,,,,,,,,,,,BR:LOWER:09:2
H:LOWER:BRIDGE_PASSIVANT_H:0071,H,BRIDGE_PASSIVANT_H,LOWER,,,False,False,False,,,,,,,,,,,,,,,,,,BR:LOWER:09:3
H:LOWER:BRIDGE_PASSIVANT_H:0072,H,BRIDGE_PASSIVANT_H,LOWER,,,False,False,False,,,,,,,,,,,,,,,,,,BR:LOWER:10:1
H:LOWER:BRIDGE_PASSIVANT_H:0073,H,BRIDGE_PASSIVANT_H,LOWER,,,False,False,False,,,,,,,,,,,,,,,,,,BR:LOWER:10:2
H:LOWER:BRIDGE_PASSIVANT_H:0074,H,BRIDGE_PASSIVANT_H,LOWER,,,False,False,False,,,,,,,,,,,,,,,,,,BR:LOWER:10:3
H:LOWER:BRIDGE_PASSIVANT_H:0075,H,BRIDGE_PASSIVANT_H,LOWER,,,False,False,False,,,,,,,,,,,,,,,,,,BR:LOWER:11:1
H:LOWER:BRIDGE_PASSIVANT_H:0076,H,BRIDGE_PASSIVANT_H,LOWER,,,False,False,False,,,,,,,,,,,,,,,,,,BR:LOWER:11:2
H:LOWER:BRIDGE_PASSIVANT_H:0077,H,BRIDGE_PASSIVANT_H,LOWER,,,False,False,False,,,,,,,,,,,,,,,,,,BR:LOWER:11:3
H:LOWER:BRIDGE_PASSIVANT_H:0078,H,BRIDGE_PASSIVANT_H,LOWER,,,False,False,False,,,,,,,,,,,,,,,,,,BR:LOWER:12:1
H:LOWER:BRIDGE_PASSIVANT_H:0079,H,BRIDGE_PASSIVANT_H,LOWER,,,False,False,False,,,,,,,,,,,,,,,,,,BR:LOWER:12:2
H:LOWER:BRIDGE_PASSIVANT_H:0080,H,BRIDGE_PASSIVANT_H,LOWER,,,False,False,False,,,,,,,,,,,,,,,,,,BR:LOWER:12:3
H:LOWER:BRIDGE_PASSIVANT_H:0081,H,BRIDGE_PASSIVANT_H,LOWER,,,False,False,False,,,,,,,,,,,,,,,,,,BR:LOWER:13:1
H:LOWER:BRIDGE_PASSIVANT_H:0082,H,BRIDGE_PASSIVANT_H,LOWER,,,False,False,False,,,,,,,,,,,,,,,,,,BR:LOWER:13:2
H:LOWER:BRIDGE_PASSIVANT_H:0083,H,BRIDGE_PASSIVANT_H,LOWER,,,False,False,False,,,,,,,,,,,,,,,,,,BR:LOWER:13:3
H:LOWER:BRIDGE_PASSIVANT_H:0084,H,BRIDGE_PASSIVANT_H,LOWER,,,False,False,False,,,,,,,,,,,,,,,,,,BR:LOWER:14:1
H:LOWER:BRIDGE_PASSIVANT_H:0085,H,BRIDGE_PASSIVANT_H,LOWER,,,False,False,False,,,,,,,,,,,,,,,,,,BR:LOWER:14:2
H:LOWER:BRIDGE_PASSIVANT_H:0086,H,BRIDGE_PASSIVANT_H,LOWER,,,False,False,False,,,,,,,,,,,,,,,,,,BR:LOWER:14:3
H:UPPER:SEED_PASSIVANT_H:0087,H,SEED_PASSIVANT_H,UPPER,,,False,False,False,,,,,,,,,,,,,,,,,,S:1710
H:UPPER:SEED_PASSIVANT_H:0088,H,SEED_PASSIVANT_H,UPPER,,,False,False,False,,,,,,,,,,,,,,,,,,S:1712
H:UPPER:SEED_PASSIVANT_H:0089,H,SEED_PASSIVANT_H,UPPER,,,False,False,False,,,,,,,,,,,,,,,,,,S:1714
H:UPPER:SEED_PASSIVANT_H:0090,H,SEED_PASSIVANT_H,UPPER,,,False,False,False,,,,,,,,,,,,,,,,,,S:1716
H:UPPER:SEED_PASSIVANT_H:0091,H,SEED_PASSIVANT_H,UPPER,,,False,False,False,,,,,,,,,,,,,,,,,,S:1718
H:UPPER:SEED_PASSIVANT_H:0092,H,SEED_PASSIVANT_H,UPPER,,,False,False,False,,,,,,,,,,,,,,,,,,S:1720
H:UPPER:SEED_PASSIVANT_H:0093,H,SEED_PASSIVANT_H,UPPER,,,False,False,False,,,,,,,,,,,,,,,,,,S:1722
H:UPPER:SEED_PASSIVANT_H:0094,H,SEED_PASSIVANT_H,UPPER,,,False,False,False,,,,,,,,,,,,,,,,,,S:1724
H:UPPER:SEED_PASSIVANT_H:0095,H,SEED_PASSIVANT_H,UPPER,,,False,False,False,,,,,,,,,,,,,,,,,,S:1726
H:UPPER:SEED_PASSIVANT_H:0096,H,SEED_PASSIVANT_H,UPPER,,,False,False,False,,,,,,,,,,,,,,,,,,S:1728
H:UPPER:SEED_PASSIVANT_H:0097,H,SEED_PASSIVANT_H,UPPER,,,False,False,False,,,,,,,,,,,,,,,,,,S:1730
H:UPPER:SEED_PASSIVANT_H:0098,H,SEED_PASSIVANT_H,UPPER,,,False,False,False,,,,,,,,,,,,,,,,,,S:1732
H:UPPER:SEED_PASSIVANT_H:0099,H,SEED_PASSIVANT_H,UPPER,,,False,False,False,,,,,,,,,,,,,,,,,,S:1734
H:UPPER:SEED_PASSIVANT_H:0100,H,SEED_PASSIVANT_H,UPPER,,,False,False,False,,,,,,,,,,,,,,,,,,S:1736
H:UPPER:SEED_PASSIVANT_H:0101,H,SEED_PASSIVANT_H,UPPER,,,False,False,False,,,,,,,,,,,,,,,,,,S:1738
H:UPPER:ANNULUS_OUTER_PASSIVANT_H:0102,H,ANNULUS_OUTER_PASSIVANT_H,UPPER,,,False,False,False,,,,,,,,,,,,,,,,,,A:UPPER:-14:-2
H:UPPER:ANNULUS_OUTER_PASSIVANT_H:0103,H,ANNULUS_OUTER_PASSIVANT_H,UPPER,,,False,False,False,,,,,,,,,,,,,,,,,,A:UPPER:-14:-4
H:UPPER:ANNULUS_OUTER_PASSIVANT_H:0104,H,ANNULUS_OUTER_PASSIVANT_H,UPPER,,,False,False,False,,,,,,,,,,,,,,,,,,A:UPPER:-14:0
H:UPPER:ANNULUS_OUTER_PASSIVANT_H:0105,H,ANNULUS_OUTER_PASSIVANT_H,UPPER,,,False,False,False,,,,,,,,,,,,,,,,,,A:UPPER:-14:2
H:UPPER:ANNULUS_OUTER_PASSIVANT_H:0106,H,ANNULUS_OUTER_PASSIVANT_H,UPPER,,,False,False,False,,,,,,,,,,,,,,,,,,A:UPPER:-14:4
H:UPPER:ANNULUS_OUTER_PASSIVANT_H:0107,H,ANNULUS_OUTER_PASSIVANT_H,UPPER,,,False,False,False,,,,,,,,,,,,,,,,,,A:UPPER:10:-6
H:UPPER:ANNULUS_OUTER_PASSIVANT_H:0108,H,ANNULUS_OUTER_PASSIVANT_H,UPPER,,,False,False,False,,,,,,,,,,,,,,,,,,A:UPPER:10:6
H:UPPER:ANNULUS_OUTER_PASSIVANT_H:0109,H,ANNULUS_OUTER_PASSIVANT_H,UPPER,,,False,False,False,,,,,,,,,,,,,,,,,,A:UPPER:13:-5
H:UPPER:ANNULUS_OUTER_PASSIVANT_H:0110,H,ANNULUS_OUTER_PASSIVANT_H,UPPER,,,False,False,False,,,,,,,,,,,,,,,,,,A:UPPER:13:5
H:UPPER:ANNULUS_OUTER_PASSIVANT_H:0111,H,ANNULUS_OUTER_PASSIVANT_H,UPPER,,,False,False,False,,,,,,,,,,,,,,,,,,A:UPPER:1:-9
H:UPPER:ANNULUS_OUTER_PASSIVANT_H:0112,H,ANNULUS_OUTER_PASSIVANT_H,UPPER,,,False,False,False,,,,,,,,,,,,,,,,,,A:UPPER:1:9
H:UPPER:ANNULUS_OUTER_PASSIVANT_H:0113,H,ANNULUS_OUTER_PASSIVANT_H,UPPER,,,False,False,False,,,,,,,,,,,,,,,,,,A:UPPER:4:-8
H:UPPER:ANNULUS_OUTER_PASSIVANT_H:0114,H,ANNULUS_OUTER_PASSIVANT_H,UPPER,,,False,False,False,,,,,,,,,,,,,,,,,,A:UPPER:4:8
H:UPPER:ANNULUS_OUTER_PASSIVANT_H:0115,H,ANNULUS_OUTER_PASSIVANT_H,UPPER,,,False,False,False,,,,,,,,,,,,,,,,,,A:UPPER:7:-7
H:UPPER:ANNULUS_OUTER_PASSIVANT_H:0116,H,ANNULUS_OUTER_PASSIVANT_H,UPPER,,,False,False,False,,,,,,,,,,,,,,,,,,A:UPPER:7:7
H:UPPER:ANNULUS_INNER_PASSIVANT_H:0117,H,ANNULUS_INNER_PASSIVANT_H,UPPER,,,False,False,False,,,,,,,,,,,,,,,,,,A:UPPER:-2:-4
H:UPPER:ANNULUS_INNER_PASSIVANT_H:0118,H,ANNULUS_INNER_PASSIVANT_H,UPPER,,,False,False,False,,,,,,,,,,,,,,,,,,A:UPPER:-2:4
H:UPPER:ANNULUS_INNER_PASSIVANT_H:0119,H,ANNULUS_INNER_PASSIVANT_H,UPPER,,,False,False,False,,,,,,,,,,,,,,,,,,A:UPPER:-5:-3
H:UPPER:ANNULUS_INNER_PASSIVANT_H:0120,H,ANNULUS_INNER_PASSIVANT_H,UPPER,,,False,False,False,,,,,,,,,,,,,,,,,,A:UPPER:-5:3
H:UPPER:ANNULUS_INNER_PASSIVANT_H:0121,H,ANNULUS_INNER_PASSIVANT_H,UPPER,,,False,False,False,,,,,,,,,,,,,,,,,,A:UPPER:-7:-1
H:UPPER:ANNULUS_INNER_PASSIVANT_H:0122,H,ANNULUS_INNER_PASSIVANT_H,UPPER,,,False,False,False,,,,,,,,,,,,,,,,,,A:UPPER:-7:1
H:UPPER:ANNULUS_INNER_PASSIVANT_H:0123,H,ANNULUS_INNER_PASSIVANT_H,UPPER,,,False,False,False,,,,,,,,,,,,,,,,,,A:UPPER:2:-4
H:UPPER:ANNULUS_INNER_PASSIVANT_H:0124,H,ANNULUS_INNER_PASSIVANT_H,UPPER,,,False,False,False,,,,,,,,,,,,,,,,,,A:UPPER:2:4
H:UPPER:ANNULUS_INNER_PASSIVANT_H:0125,H,ANNULUS_INNER_PASSIVANT_H,UPPER,,,False,False,False,,,,,,,,,,,,,,,,,,A:UPPER:5:-3
H:UPPER:ANNULUS_INNER_PASSIVANT_H:0126,H,ANNULUS_INNER_PASSIVANT_H,UPPER,,,False,False,False,,,,,,,,,,,,,,,,,,A:UPPER:5:3
H:UPPER:ANNULUS_INNER_PASSIVANT_H:0127,H,ANNULUS_INNER_PASSIVANT_H,UPPER,,,False,False,False,,,,,,,,,,,,,,,,,,A:UPPER:7:-1
H:UPPER:ANNULUS_INNER_PASSIVANT_H:0128,H,ANNULUS_INNER_PASSIVANT_H,UPPER,,,False,False,False,,,,,,,,,,,,,,,,,,A:UPPER:7:1
H:UPPER:BRIDGE_PASSIVANT_H:0129,H,BRIDGE_PASSIVANT_H,UPPER,,,False,False,False,,,,,,,,,,,,,,,,,,BR:UPPER:00:1
H:UPPER:BRIDGE_PASSIVANT_H:0130,H,BRIDGE_PASSIVANT_H,UPPER,,,False,False,False,,,,,,,,,,,,,,,,,,BR:UPPER:00:2
H:UPPER:BRIDGE_PASSIVANT_H:0131,H,BRIDGE_PASSIVANT_H,UPPER,,,False,False,False,,,,,,,,,,,,,,,,,,BR:UPPER:00:3
H:UPPER:BRIDGE_PASSIVANT_H:0132,H,BRIDGE_PASSIVANT_H,UPPER,,,False,False,False,,,,,,,,,,,,,,,,,,BR:UPPER:01:1
H:UPPER:BRIDGE_PASSIVANT_H:0133,H,BRIDGE_PASSIVANT_H,UPPER,,,False,False,False,,,,,,,,,,,,,,,,,,BR:UPPER:01:2
H:UPPER:BRIDGE_PASSIVANT_H:0134,H,BRIDGE_PASSIVANT_H,UPPER,,,False,False,False,,,,,,,,,,,,,,,,,,BR:UPPER:01:3
H:UPPER:BRIDGE_PASSIVANT_H:0135,H,BRIDGE_PASSIVANT_H,UPPER,,,False,False,False,,,,,,,,,,,,,,,,,,BR:UPPER:02:1
H:UPPER:BRIDGE_PASSIVANT_H:0136,H,BRIDGE_PASSIVANT_H,UPPER,,,False,False,False,,,,,,,,,,,,,,,,,,BR:UPPER:02:2
H:UPPER:BRIDGE_PASSIVANT_H:0137,H,BRIDGE_PASSIVANT_H,UPPER,,,False,False,False,,,,,,,,,,,,,,,,,,BR:UPPER:02:3
H:UPPER:BRIDGE_PASSIVANT_H:0138,H,BRIDGE_PASSIVANT_H,UPPER,,,False,False,False,,,,,,,,,,,,,,,,,,BR:UPPER:03:1
H:UPPER:BRIDGE_PASSIVANT_H:0139,H,BRIDGE_PASSIVANT_H,UPPER,,,False,False,False,,,,,,,,,,,,,,,,,,BR:UPPER:03:2
H:UPPER:BRIDGE_PASSIVANT_H:0140,H,BRIDGE_PASSIVANT_H,UPPER,,,False,False,False,,,,,,,,,,,,,,,,,,BR:UPPER:03:3
H:UPPER:BRIDGE_PASSIVANT_H:0141,H,BRIDGE_PASSIVANT_H,UPPER,,,False,False,False,,,,,,,,,,,,,,,,,,BR:UPPER:04:1
H:UPPER:BRIDGE_PASSIVANT_H:0142,H,BRIDGE_PASSIVANT_H,UPPER,,,False,False,False,,,,,,,,,,,,,,,,,,BR:UPPER:04:2
H:UPPER:BRIDGE_PASSIVANT_H:0143,H,BRIDGE_PASSIVANT_H,UPPER,,,False,False,False,,,,,,,,,,,,,,,,,,BR:UPPER:04:3
H:UPPER:BRIDGE_PASSIVANT_H:0144,H,BRIDGE_PASSIVANT_H,UPPER,,,False,False,False,,,,,,,,,,,,,,,,,,BR:UPPER:05:1
H:UPPER:BRIDGE_PASSIVANT_H:0145,H,BRIDGE_PASSIVANT_H,UPPER,,,False,False,False,,,,,,,,,,,,,,,,,,BR:UPPER:05:2
H:UPPER:BRIDGE_PASSIVANT_H:0146,H,BRIDGE_PASSIVANT_H,UPPER,,,False,False,False,,,,,,,,,,,,,,,,,,BR:UPPER:05:3
H:UPPER:BRIDGE_PASSIVANT_H:0147,H,BRIDGE_PASSIVANT_H,UPPER,,,False,False,False,,,,,,,,,,,,,,,,,,BR:UPPER:06:1
H:UPPER:BRIDGE_PASSIVANT_H:0148,H,BRIDGE_PASSIVANT_H,UPPER,,,False,False,False,,,,,,,,,,,,,,,,,,BR:UPPER:06:2
H:UPPER:BRIDGE_PASSIVANT_H:0149,H,BRIDGE_PASSIVANT_H,UPPER,,,False,False,False,,,,,,,,,,,,,,,,,,BR:UPPER:06:3
H:UPPER:BRIDGE_PASSIVANT_H:0150,H,BRIDGE_PASSIVANT_H,UPPER,,,False,False,False,,,,,,,,,,,,,,,,,,BR:UPPER:07:1
H:UPPER:BRIDGE_PASSIVANT_H:0151,H,BRIDGE_PASSIVANT_H,UPPER,,,False,False,False,,,,,,,,,,,,,,,,,,BR:UPPER:07:2
H:UPPER:BRIDGE_PASSIVANT_H:0152,H,BRIDGE_PASSIVANT_H,UPPER,,,False,False,False,,,,,,,,,,,,,,,,,,BR:UPPER:07:3
H:UPPER:BRIDGE_PASSIVANT_H:0153,H,BRIDGE_PASSIVANT_H,UPPER,,,False,False,False,,,,,,,,,,,,,,,,,,BR:UPPER:08:1
H:UPPER:BRIDGE_PASSIVANT_H:0154,H,BRIDGE_PASSIVANT_H,UPPER,,,False,False,False,,,,,,,,,,,,,,,,,,BR:UPPER:08:2
H:UPPER:BRIDGE_PASSIVANT_H:0155,H,BRIDGE_PASSIVANT_H,UPPER,,,False,False,False,,,,,,,,,,,,,,,,,,BR:UPPER:08:3
H:UPPER:BRIDGE_PASSIVANT_H:0156,H,BRIDGE_PASSIVANT_H,UPPER,,,False,False,False,,,,,,,,,,,,,,,,,,BR:UPPER:09:1
H:UPPER:BRIDGE_PASSIVANT_H:0157,H,BRIDGE_PASSIVANT_H,UPPER,,,False,False,False,,,,,,,,,,,,,,,,,,BR:UPPER:09:2
H:UPPER:BRIDGE_PASSIVANT_H:0158,H,BRIDGE_PASSIVANT_H,UPPER,,,False,False,False,,,,,,,,,,,,,,,,,,BR:UPPER:09:3
H:UPPER:BRIDGE_PASSIVANT_H:0159,H,BRIDGE_PASSIVANT_H,UPPER,,,False,False,False,,,,,,,,,,,,,,,,,,BR:UPPER:10:1
H:UPPER:BRIDGE_PASSIVANT_H:0160,H,BRIDGE_PASSIVANT_H,UPPER,,,False,False,False,,,,,,,,,,,,,,,,,,BR:UPPER:10:2
H:UPPER:BRIDGE_PASSIVANT_H:0161,H,BRIDGE_PASSIVANT_H,UPPER,,,False,False,False,,,,,,,,,,,,,,,,,,BR:UPPER:10:3
H:UPPER:BRIDGE_PASSIVANT_H:0162,H,BRIDGE_PASSIVANT_H,UPPER,,,False,False,False,,,,,,,,,,,,,,,,,,BR:UPPER:11:1
H:UPPER:BRIDGE_PASSIVANT_H:0163,H,BRIDGE_PASSIVANT_H,UPPER,,,False,False,False,,,,,,,,,,,,,,,,,,BR:UPPER:11:2
H:UPPER:BRIDGE_PASSIVANT_H:0164,H,BRIDGE_PASSIVANT_H,UPPER,,,False,False,False,,,,,,,,,,,,,,,,,,BR:UPPER:11:3
H:UPPER:BRIDGE_PASSIVANT_H:0165,H,BRIDGE_PASSIVANT_H,UPPER,,,False,False,False,,,,,,,,,,,,,,,,,,BR:UPPER:12:1
H:UPPER:BRIDGE_PASSIVANT_H:0166,H,BRIDGE_PASSIVANT_H,UPPER,,,False,False,False,,,,,,,,,,,,,,,,,,BR:UPPER:12:2
H:UPPER:BRIDGE_PASSIVANT_H:0167,H,BRIDGE_PASSIVANT_H,UPPER,,,False,False,False,,,,,,,,,,,,,,,,,,BR:UPPER:12:3
H:UPPER:BRIDGE_PASSIVANT_H:0168,H,BRIDGE_PASSIVANT_H,UPPER,,,False,False,False,,,,,,,,,,,,,,,,,,BR:UPPER:13:1
H:UPPER:BRIDGE_PASSIVANT_H:0169,H,BRIDGE_PASSIVANT_H,UPPER,,,False,False,False,,,,,,,,,,,,,,,,,,BR:UPPER:13:2
H:UPPER:BRIDGE_PASSIVANT_H:0170,H,BRIDGE_PASSIVANT_H,UPPER,,,False,False,False,,,,,,,,,,,,,,,,,,BR:UPPER:13:3
H:UPPER:BRIDGE_PASSIVANT_H:0171,H,BRIDGE_PASSIVANT_H,UPPER,,,False,False,False,,,,,,,,,,,,,,,,,,BR:UPPER:14:1
H:UPPER:BRIDGE_PASSIVANT_H:0172,H,BRIDGE_PASSIVANT_H,UPPER,,,False,False,False,,,,,,,,,,,,,,,,,,BR:UPPER:14:2
H:UPPER:BRIDGE_PASSIVANT_H:0173,H,BRIDGE_PASSIVANT_H,UPPER,,,False,False,False,,,,,,,,,,,,,,,,,,BR:UPPER:14:3
