end,bridge_atoms_per_attachment,seed_element,bridge_element_sequence,required_annulus_element,seed_parity,orientation,rotation_index,chirality,annulus_center_offset_nm,lateral_distance_minimum_nm,lateral_distance_mean_nm,lateral_distance_maximum_nm,bridge_envelope_minimum_nm,bridge_envelope_maximum_nm,gap_feasible,feasible_gap_minimum_nm,feasible_gap_maximum_nm,selected_gap_nm,selected_distance_minimum_nm,selected_distance_maximum_nm,maximum_envelope_violation_nm,mean_envelope_violation_nm,annulus_center_pass,mapping_geometrically_feasible
LOWER,1,N,B,N,0,1,0,1,9.074370762392093e-16,0.17748247220463345,0.3101872944053991,0.4413636718861929,0.23002962760408247,0.26787517493351753,False,,,0.1065,0.20668973602593832,0.45404098622974776,0.18616581129623022,0.07896721883505818,True,False
LOWER,1,N,B,N,0,1,0,-1,5.747802568973558e-16,0.25142878390991497,1.4561705968890741,2.3096669656457234,0.23002962760408247,0.26787517493351753,False,,,0.05,0.2563521110660637,2.310208025412154,2.0423328504786364,1.190405668105087,True,False
LOWER,1,N,B,N,0,1,1,1,8.913285354402292e-16,0.17756260772194768,0.31021653059539295,0.4412445946240304,0.23002962760408247,0.26787517493351753,False,,,0.10619999999999999,0.2068182049824459,0.45396784451507305,0.18609266958155551,0.07901000710610871,True,False
LOWER,1,N,B,N,0,1,1,-1,9.711980592315687e-16,0.334949346658226,1.469281150911221,2.3248806180135477,0.23002962760408247,0.26787517493351753,False,,,0.05,0.33866065064660406,2.3254304601357405,2.057555285202223,1.2025966482422128,True,False
LOWER,1,N,B,N,0,1,2,1,9.97022817647566e-16,0.17740920660191473,0.31019282865237846,0.44124578585997176,0.23002962760408247,0.26787517493351753,False,,,0.106,0.2065384231791274,0.4537628855086904,0.18588771057517284,0.07889963729665021,True,False
LOWER,1,N,B,N,0,1,2,-1,1.0972640227366215e-15,0.17826145704694396,1.4705375698095462,2.3086275865993255,0.23002962760408247,0.26787517493351753,False,,,0.05,0.18515239456310018,2.30916367571236,2.0412885007788426,1.2125056469891673,True,False
LOWER,1,N,B,N,0,1,3,1,9.065686703542602e-16,0.17767126322229587,0.3102073857218622,0.44126302698504316,0.23002962760408247,0.26787517493351753,False,,,0.1066,0.20751526192571104,0.4539565597687918,0.18608138483527425,0.07882452443344663,True,False
LOWER,1,N,B,N,0,1,3,-1,9.736770747523316e-16,0.07302763298823589,1.4306011898115376,2.2268697618260473,0.23002962760408247,0.26787517493351753,False,,,0.0706,0.10128125189257663,2.2279836774332398,1.9601085024997222,1.1877133309063954,True,False
LOWER,1,N,B,N,0,1,4,1,8.303399790760769e-16,0.1778910370782514,0.31015365585311383,0.44112094792421636,0.23002962760408247,0.26787517493351753,False,,,0.1063,0.20722963401350128,0.4537472763975041,0.18587210146398658,0.0787848091476064,True,False
LOWER,1,N,B,N,0,1,4,-1,9.571336635867687e-16,0.13182396041920624,1.4329691299939455,2.203786125159805,0.23002962760408247,0.26787517493351753,False,,,0.05,0.1409864710679923,2.204353251390638,1.9364780764571203,1.181221631442606,True,False
LOWER,1,N,B,N,0,1,5,1,9.419618336780865e-16,0.17748247220463334,0.3101872944053991,0.4413636718861931,0.23002962760408247,0.26787517493351753,False,,,0.1065,0.20668973602593824,0.4540409862297479,0.1861658112962304,0.07896721883505824,True,False
LOWER,1,N,B,N,0,1,5,-1,8.85464258904706e-16,0.2514287839185236,1.4561705968899257,2.3096669656469864,0.23002962760408247,0.26787517493351753,False,,,0.05,0.256352111074507,2.310208025413417,2.0423328504798994,1.19040566810536,True,False
LOWER,1,N,B,N,0,1,6,1,8.707524586173857e-16,0.17756260772194754,0.31021653059539295,0.44124459462403026,0.23002962760408247,0.26787517493351753,False,,,0.10619999999999999,0.2068182049824458,0.45396784451507305,0.18609266958155551,0.07901000710610875,True,False
LOWER,1,N,B,N,0,1,6,-1,9.125013726894573e-16,0.3349493466639868,1.4692811509110442,2.324880618013517,0.23002962760408247,0.26787517493351753,False,,,0.05,0.3386606506523017,2.3254304601357103,2.0575552852021928,1.2025966482420354,True,False
LOWER,1,N,B,N,0,1,7,1,9.765143983820322e-16,0.17740920660191475,0.31019282865237846,0.4412457858599721,0.23002962760408247,0.26787517493351753,False,,,0.106,0.20653842317912743,0.45376288550869065,0.18588771057517312,0.07889963729665023,True,False
LOWER,1,N,B,N,0,1,7,-1,9.338509394355341e-16,0.1782614570467655,1.470537569809544,2.3086275865989956,0.23002962760408247,0.26787517493351753,False,,,0.05,0.18515239456292834,2.30916367571203,2.0412885007785126,1.2125056469891886,True,False
LOWER,1,N,B,N,0,1,8,1,9.484570997087279e-16,0.17767126322229568,0.3102073857218622,0.4412630269850429,0.23002962760408247,0.26787517493351753,False,,,0.1066,0.20751526192571118,0.4539565597687915,0.18608138483527398,0.07882452443344667,True,False
LOWER,1,N,B,N,0,1,8,-1,9.688274025651635e-16,0.07302763298655117,1.4306011898114646,2.2268697618269053,0.23002962760408247,0.26787517493351753,False,,,0.0706,0.10128125189136188,2.2279836774340973,1.9601085025005798,1.1877133309066643,True,False
LOWER,1,N,B,N,0,1,9,1,9.178289902440073e-16,0.1778910370782511,0.3101536558531137,0.4411209479242165,0.23002962760408247,0.26787517493351753,False,,,0.1063,0.20722963401350103,0.4537472763975043,0.18587210146398675,0.07878480914760645,True,False
LOWER,1,N,B,N,0,1,9,-1,7.881298463616058e-16,0.131823960425933,1.4329691299941894,2.2037861251573956,0.23002962760408247,0.26787517493351753,False,,,0.05,0.14098647107428192,2.204353251388229,1.9364780764547116,1.181221631441981,True,False
LOWER,1,N,B,N,0,1,10,1,8.231771782382518e-16,0.17748247220463317,0.31018729440539905,0.44136367188619285,0.23002962760408247,0.26787517493351753,False,,,0.1065,0.20668973602593807,0.4540409862297477,0.18616581129623017,0.07896721883505828,True,False
LOWER,1,N,B,N,0,1,10,-1,8.790390691039565e-16,0.2514287839143909,1.4561705968895169,2.3096669656463806,0.23002962760408247,0.26787517493351753,False,,,0.05,0.2563521110704537,2.3102080254128112,2.0423328504792937,1.1904056681052289,True,False
LOWER,1,N,B,N,0,1,11,1,9.411394062690301e-16,0.17756260772194762,0.3102165305953929,0.44124459462403065,0.23002962760408247,0.26787517493351753,False,,,0.10619999999999999,0.20681820498244585,0.4539678445150729,0.18609266958155535,0.07901000710610871,True,False
LOWER,1,N,B,N,0,1,11,-1,9.045351064414104e-16,0.33494934666487797,1.4692811509110166,2.3248806180135126,0.23002962760408247,0.26787517493351753,False,,,0.05,0.3386606506531831,2.325430460135706,2.0575552852021883,1.2025966482420076,True,False
LOWER,1,N,B,N,0,1,12,1,9.257388070948508e-16,0.17740920660191503,0.31019282865237846,0.44124578585997254,0.23002962760408247,0.26787517493351753,False,,,0.106,0.20653842317912768,0.4537628855086911,0.18588771057517356,0.07889963729665023,True,False
LOWER,1,N,B,N,0,1,12,-1,1.0596782488558273e-15,0.17826145704681326,1.4705375698095446,2.3086275865990835,0.23002962760408247,0.26787517493351753,False,,,0.05,0.18515239456297433,2.309163675712118,2.0412885007786006,1.2125056469891826,True,False
LOWER,1,N,B,N,0,1,13,1,1.031063800594418e-15,0.177671263222296,0.3102073857218623,0.4412630269850427,0.23002962760408247,0.26787517493351753,False,,,0.1066,0.20751526192571149,0.4539565597687914,0.18608138483527387,0.07882452443344663,True,False
LOWER,1,N,B,N,0,1,13,-1,9.98257186812225e-16,0.07302763298864583,1.4306011898115554,2.2268697618258386,0.23002962760408247,0.26787517493351753,False,,,0.0706,0.10128125189287221,2.227983677433031,1.9601085024995135,1.18771333090633,True,False
LOWER,1,N,B,N,0,1,14,1,9.701506622602226e-16,0.17789103707825174,0.3101536558531139,0.4411209479242166,0.23002962760408247,0.26787517493351753,False,,,0.1063,0.20722963401350156,0.45374727639750434,0.1858721014639868,0.07878480914760638,True,False
LOWER,1,N,B,N,0,1,14,-1,9.144807431072688e-16,0.13182396042540262,1.4329691299941698,2.2037861251575848,0.23002962760408247,0.26787517493351753,False,,,0.05,0.14098647107378598,2.2043532513884183,1.9364780764549008,1.1812216314420296,True,False
LOWER,1,N,B,N,0,-1,0,1,7.0962432095419155e-16,0.25142878390991497,1.4561705968890741,2.3096669656457234,0.23002962760408247,0.26787517493351753,False,,,0.05,0.2563521110660637,2.310208025412154,2.0423328504786364,1.190405668105087,True,False
LOWER,1,N,B,N,0,-1,0,-1,9.032006001371982e-16,0.17748247220463345,0.3101872944053991,0.4413636718861929,0.23002962760408247,0.26787517493351753,False,,,0.1065,0.20668973602593832,0.45404098622974776,0.18616581129623022,0.07896721883505818,True,False
LOWER,1,N,B,N,0,-1,1,1,8.682813663295048e-16,0.13182396042540262,1.4329691299941698,2.2037861251575848,0.23002962760408247,0.26787517493351753,False,,,0.05,0.14098647107378598,2.2043532513884183,1.9364780764549008,1.1812216314420296,True,False
LOWER,1,N,B,N,0,-1,1,-1,9.275727612592775e-16,0.17789103707825174,0.3101536558531139,0.4411209479242166,0.23002962760408247,0.26787517493351753,False,,,0.1063,0.20722963401350156,0.45374727639750434,0.1858721014639868,0.07878480914760638,True,False
LOWER,1,N,B,N,0,-1,2,1,9.604637678923139e-16,0.07302763298864583,1.4306011898115554,2.2268697618258386,0.23002962760408247,0.26787517493351753,False,,,0.0706,0.10128125189287221,2.227983677433031,1.9601085024995135,1.18771333090633,True,False
LOWER,1,N,B,N,0,-1,2,-1,1.0434529898860562e-15,0.177671263222296,0.3102073857218623,0.4412630269850427,0.23002962760408247,0.26787517493351753,False,,,0.1066,0.20751526192571149,0.4539565597687914,0.18608138483527387,0.07882452443344663,True,False
LOWER,1,N,B,N,0,-1,3,1,1.0595998508181136e-15,0.17826145704681326,1.4705375698095446,2.3086275865990835,0.23002962760408247,0.26787517493351753,False,,,0.05,0.18515239456297433,2.309163675712118,2.0412885007786006,1.2125056469891826,True,False
LOWER,1,N,B,N,0,-1,3,-1,9.874005235629652e-16,0.17740920660191503,0.31019282865237846,0.44124578585997254,0.23002962760408247,0.26787517493351753,False,,,0.106,0.20653842317912768,0.4537628855086911,0.18588771057517356,0.07889963729665023,True,False
LOWER,1,N,B,N,0,-1,4,1,9.014527440244072e-16,0.33494934666487797,1.4692811509110166,2.3248806180135126,0.23002962760408247,0.26787517493351753,False,,,0.05,0.3386606506531831,2.325430460135706,2.0575552852021883,1.2025966482420076,True,False
LOWER,1,N,B,N,0,-1,4,-1,8.453039333589471e-16,0.17756260772194762,0.3102165305953929,0.44124459462403065,0.23002962760408247,0.26787517493351753,False,,,0.10619999999999999,0.20681820498244585,0.4539678445150729,0.18609266958155535,0.07901000710610871,True,False
LOWER,1,N,B,N,0,-1,5,1,1.0170765455300607e-15,0.2514287839143909,1.4561705968895169,2.3096669656463806,0.23002962760408247,0.26787517493351753,False,,,0.05,0.2563521110704537,2.3102080254128112,2.0423328504792937,1.1904056681052289,True,False
LOWER,1,N,B,N,0,-1,5,-1,9.452239303596467e-16,0.17748247220463317,0.31018729440539905,0.44136367188619285,0.23002962760408247,0.26787517493351753,False,,,0.1065,0.20668973602593807,0.4540409862297477,0.18616581129623017,0.07896721883505828,True,False
LOWER,1,N,B,N,0,-1,6,1,7.981621904073668e-16,0.131823960425933,1.4329691299941894,2.2037861251573956,0.23002962760408247,0.26787517493351753,False,,,0.05,0.14098647107428192,2.204353251388229,1.9364780764547116,1.181221631441981,True,False
LOWER,1,N,B,N,0,-1,6,-1,9.081486434593158e-16,0.1778910370782511,0.3101536558531137,0.4411209479242165,0.23002962760408247,0.26787517493351753,False,,,0.1063,0.20722963401350103,0.4537472763975043,0.18587210146398675,0.07878480914760645,True,False
LOWER,1,N,B,N,0,-1,7,1,9.72257503886256e-16,0.07302763298655117,1.4306011898114646,2.2268697618269053,0.23002962760408247,0.26787517493351753,False,,,0.0706,0.10128125189136188,2.2279836774340973,1.9601085025005798,1.1877133309066643,True,False
LOWER,1,N,B,N,0,-1,7,-1,9.381574528217236e-16,0.17767126322229568,0.3102073857218622,0.4412630269850429,0.23002962760408247,0.26787517493351753,False,,,0.1066,0.20751526192571118,0.4539565597687915,0.18608138483527398,0.07882452443344667,True,False
LOWER,1,N,B,N,0,-1,8,1,9.06043114191681e-16,0.1782614570467655,1.470537569809544,2.3086275865989956,0.23002962760408247,0.26787517493351753,False,,,0.05,0.18515239456292834,2.30916367571203,2.0412885007785126,1.2125056469891886,True,False
LOWER,1,N,B,N,0,-1,8,-1,9.603470555545699e-16,0.17740920660191475,0.31019282865237846,0.4412457858599721,0.23002962760408247,0.26787517493351753,False,,,0.106,0.20653842317912743,0.45376288550869065,0.18588771057517312,0.07889963729665023,True,False
LOWER,1,N,B,N,0,-1,9,1,9.139057666378619e-16,0.3349493466639868,1.4692811509110442,2.324880618013517,0.23002962760408247,0.26787517493351753,False,,,0.05,0.3386606506523017,2.3254304601357103,2.0575552852021928,1.2025966482420354,True,False
LOWER,1,N,B,N,0,-1,9,-1,9.562521599501106e-16,0.17756260772194754,0.31021653059539295,0.44124459462403026,0.23002962760408247,0.26787517493351753,False,,,0.10619999999999999,0.2068182049824458,0.45396784451507305,0.18609266958155551,0.07901000710610875,True,False
LOWER,1,N,B,N,0,-1,10,1,9.067544909679867e-16,0.2514287839185236,1.4561705968899257,2.3096669656469864,0.23002962760408247,0.26787517493351753,False,,,0.05,0.256352111074507,2.310208025413417,2.0423328504798994,1.19040566810536,True,False
LOWER,1,N,B,N,0,-1,10,-1,9.130375608825576e-16,0.17748247220463334,0.3101872944053991,0.4413636718861931,0.23002962760408247,0.26787517493351753,False,,,0.1065,0.20668973602593824,0.4540409862297479,0.1861658112962304,0.07896721883505824,True,False
LOWER,1,N,B,N,0,-1,11,1,9.661271402326172e-16,0.13182396041920624,1.4329691299939455,2.203786125159805,0.23002962760408247,0.26787517493351753,False,,,0.05,0.1409864710679923,2.204353251390638,1.9364780764571203,1.181221631442606,True,False
LOWER,1,N,B,N,0,-1,11,-1,9.045062446579523e-16,0.1778910370782514,0.31015365585311383,0.44112094792421636,0.23002962760408247,0.26787517493351753,False,,,0.1063,0.20722963401350128,0.4537472763975041,0.18587210146398658,0.0787848091476064,True,False
LOWER,1,N,B,N,0,-1,12,1,9.265349453393557e-16,0.07302763298823589,1.4306011898115376,2.2268697618260473,0.23002962760408247,0.26787517493351753,False,,,0.0706,0.10128125189257663,2.2279836774332398,1.9601085024997222,1.1877133309063954,True,False
LOWER,1,N,B,N,0,-1,12,-1,1.013736221738174e-15,0.17767126322229587,0.3102073857218622,0.44126302698504316,0.23002962760408247,0.26787517493351753,False,,,0.1066,0.20751526192571104,0.4539565597687918,0.18608138483527425,0.07882452443344663,True,False
LOWER,1,N,B,N,0,-1,13,1,1.0668553069238878e-15,0.17826145704694396,1.4705375698095462,2.3086275865993255,0.23002962760408247,0.26787517493351753,False,,,0.05,0.18515239456310018,2.30916367571236,2.0412885007788426,1.2125056469891673,True,False
LOWER,1,N,B,N,0,-1,13,-1,9.412195257187375e-16,0.17740920660191473,0.31019282865237846,0.44124578585997176,0.23002962760408247,0.26787517493351753,False,,,0.106,0.2065384231791274,0.4537628855086904,0.18588771057517284,0.07889963729665021,True,False
LOWER,1,N,B,N,0,-1,14,1,9.895503733384761e-16,0.334949346658226,1.469281150911221,2.3248806180135477,0.23002962760408247,0.26787517493351753,False,,,0.05,0.33866065064660406,2.3254304601357405,2.057555285202223,1.2025966482422128,True,False
LOWER,1,N,B,N,0,-1,14,-1,9.149942140093403e-16,0.17756260772194768,0.31021653059539295,0.4412445946240304,0.23002962760408247,0.26787517493351753,False,,,0.10619999999999999,0.2068182049824459,0.45396784451507305,0.18609266958155551,0.07901000710610871,True,False
LOWER,1,N,B,N,1,1,0,1,9.717387120836265e-16,0.17767962268971435,0.31015807543622714,0.44128835316923987,0.23002962760408247,0.26787517493351753,False,,,0.1069,0.20733843250312434,0.454032403643664,0.18615722871014645,0.07884341752509044,True,False
LOWER,1,N,B,N,1,1,0,-1,9.756792266740566e-16,0.07096491020134983,1.431081811810499,2.2485350589573243,0.23002962760408247,0.26787517493351753,False,,,0.13429999999999997,0.15236588107765023,2.2525280168969988,1.9846528419634812,1.1926348467473757,True,False
LOWER,1,N,B,N,1,1,1,1,9.544599945695761e-16,0.17752240789480608,0.31008822764679383,0.4412155122932167,0.23002962760408247,0.26787517493351753,False,,,0.106,0.2068063918326416,0.4537143134253328,0.18583913849181527,0.07884752698196847,True,False
LOWER,1,N,B,N,1,1,1,-1,9.97004128496093e-16,0.33370958083435864,1.4628917867061448,2.3190119235344944,0.23002962760408247,0.26787517493351753,False,,,0.05,0.3374287198157634,2.3195457236181105,2.051670548684593,1.1962490719728132,True,False
LOWER,1,N,B,N,1,1,2,1,9.700230347366346e-16,0.17739168945385844,0.31019718947003005,0.44136097929737106,0.23002962760408247,0.26787517493351753,False,,,0.1068,0.20717074718865675,0.4540385766022664,0.18616340166874884,0.07895571218856266,True,False
LOWER,1,N,B,N,1,1,2,-1,9.31098873416313e-16,0.3842159657644594,1.4658952007563253,2.3223626614491284,0.23002962760408247,0.26787517493351753,False,,,0.05,0.387421717766716,2.3229099639415214,2.055034789008004,1.1992206892352908,True,False
LOWER,1,N,B,N,1,1,3,1,1.0679379016801153e-15,0.1776669779868461,0.31026427536995,0.44121841992711186,0.23002962760408247,0.26787517493351753,False,,,0.10669999999999999,0.2069854843143526,0.4540361200113322,0.18616094507781467,0.07893434133048037,True,False
LOWER,1,N,B,N,1,1,3,-1,9.107666839719397e-16,0.17936519024039727,1.4705601488433009,2.3093601127908276,0.23002962760408247,0.26787517493351753,False,,,0.05,0.18618175111901558,2.309900471268216,2.0420252963346983,1.212386484441036,True,False
LOWER,1,N,B,N,1,1,4,1,9.46373979117291e-16,0.1778254910700949,0.31023507054564164,0.44112425361508384,0.23002962760408247,0.26787517493351753,False,,,0.106,0.20677589005866717,0.45367195792784604,0.1857967829943285,0.07889943803410361,True,False
LOWER,1,N,B,N,1,1,4,-1,8.874034055919623e-16,0.2619890372281411,1.4571439944770619,2.3109465997981196,0.23002962760408247,0.26787517493351753,False,,,0.05,0.2667021346136874,2.311496605319638,2.0436214303861204,1.1906655551738425,True,False
LOWER,1,N,B,N,1,1,5,1,7.208479860287768e-16,0.1776796226897143,0.31015807543622714,0.44128835316923987,0.23002962760408247,0.26787517493351753,False,,,0.1069,0.20733843250312428,0.454032403643664,0.18615722871014645,0.07884341752509043,True,False
LOWER,1,N,B,N,1,1,5,-1,9.828042232969033e-16,0.07096491020203953,1.4310818118105504,2.2485350589576516,0.23002962760408247,0.26787517493351753,False,,,0.13429999999999997,0.15236588107797147,2.2525280168973256,1.984652841963808,1.19263484674745,True,False
LOWER,1,N,B,N,1,1,6,1,1.059138137224454e-15,0.17752240789480583,0.31008822764679367,0.4412155122932169,0.23002962760408247,0.26787517493351753,False,,,0.106,0.20680639183264146,0.453714313425333,0.1858391384918155,0.0788475269819685,True,False
LOWER,1,N,B,N,1,1,6,-1,9.681059011155535e-16,0.3337095808302051,1.462891786705865,2.319011923534149,0.23002962760408247,0.26787517493351753,False,,,0.05,0.3374287198116556,2.319545723617765,2.0516705486842475,1.1962490719725374,True,False
LOWER,1,N,B,N,1,1,7,1,1.0260281598775634e-15,0.1773916894538582,0.31019718947003,0.4413609792973709,0.23002962760408247,0.26787517493351753,False,,,0.1068,0.2071707471886564,0.45403857660226676,0.18616340166874923,0.07895571218856275,True,False
LOWER,1,N,B,N,1,1,7,-1,1.0415459951315566e-15,0.3842159657582409,1.4658952007560058,2.322362661448801,0.23002962760408247,0.26787517493351753,False,,,0.05,0.387421717760549,2.322909963941194,2.0550347890076766,1.1992206892349733,True,False
LOWER,1,N,B,N,1,1,8,1,1.0033603344114714e-15,0.1776669779868466,0.31026427536995016,0.4412184199271121,0.23002962760408247,0.26787517493351753,False,,,0.10669999999999999,0.20698548431435304,0.4540361200113324,0.1861609450778149,0.07893434133048033,True,False
LOWER,1,N,B,N,1,1,8,-1,9.147209504321167e-16,0.1793651902406353,1.4705601488433044,2.3093601127910666,0.23002962760408247,0.26787517493351753,False,,,0.05,0.1861817511192449,2.3099004712684548,2.0420252963349372,1.212386484441008,True,False
LOWER,1,N,B,N,1,1,9,1,9.781581524350322e-16,0.1778254910700947,0.3102350705456416,0.44112425361508406,0.23002962760408247,0.26787517493351753,False,,,0.106,0.20677589005866734,0.4536719579278462,0.18579678299432867,0.07889943803410365,True,False
LOWER,1,N,B,N,1,1,9,-1,9.654042140659689e-16,0.26198903722551437,1.4571439944768143,2.3109465997977603,0.23002962760408247,0.26787517493351753,False,,,0.05,0.26670213461110714,2.311496605319279,2.0436214303857616,1.1906655551737715,True,False
LOWER,1,N,B,N,1,1,10,1,9.650624642944102e-16,0.17767962268971468,0.3101580754362272,0.4412883531692401,0.23002962760408247,0.26787517493351753,False,,,0.1069,0.20733843250312461,0.4540324036436642,0.18615722871014667,0.0788434175250904,True,False
LOWER,1,N,B,N,1,1,10,-1,1.201989671539423e-15,0.07096491019992213,1.4310818118103923,2.2485350589566457,0.23002962760408247,0.26787517493351753,False,,,0.13429999999999997,0.15236588107698526,2.2525280168963215,1.984652841962804,1.1926348467472223,True,False
LOWER,1,N,B,N,1,1,11,1,1.016006753815563e-15,0.17752240789480642,0.31008822764679395,0.44121551229321704,0.23002962760408247,0.26787517493351753,False,,,0.106,0.20680639183264174,0.45371431342533314,0.1858391384918156,0.07884752698196842,True,False
LOWER,1,N,B,N,1,1,11,-1,7.993766811009745e-16,0.3337095808299555,1.4628917867058486,2.3190119235341276,0.23002962760408247,0.26787517493351753,False,,,0.05,0.33742871981140876,2.319545723617744,2.0516705486842266,1.1962490719725205,True,False
LOWER,1,N,B,N,1,1,12,1,9.019237325111641e-16,0.17739168945385822,0.31019718947003005,0.44136097929737117,0.23002962760408247,0.26787517493351753,False,,,0.1068,0.20717074718865663,0.4540385766022665,0.18616340166874895,0.07895571218856273,True,False
LOWER,1,N,B,N,1,1,12,-1,1.003441965809536e-15,0.3842159657644593,1.4658952007563257,2.3223626614491284,0.23002962760408247,0.26787517493351753,False,,,0.05,0.38742171776671597,2.3229099639415214,2.055034789008004,1.1992206892352908,True,False
LOWER,1,N,B,N,1,1,13,1,1.0910951791754108e-15,0.17766697798684686,0.3102642753699502,0.44121841992711197,0.23002962760408247,0.26787517493351753,False,,,0.10669999999999999,0.20698548431435324,0.4540361200113323,0.18616094507781478,0.07893434133048029,True,False
LOWER,1,N,B,N,1,1,13,-1,9.899099433701747e-16,0.17936519024142852,1.470560148843316,2.3093601127918633,0.23002962760408247,0.26787517493351753,False,,,0.05,0.18618175112000906,2.3099004712692515,2.042025296335734,1.212386484440916,True,False
LOWER,1,N,B,N,1,1,14,1,1.0624900577402346e-15,0.17782549107009446,0.3102350705456416,0.44112425361508417,0.23002962760408247,0.26787517493351753,False,,,0.106,0.20677589005866764,0.45367195792784637,0.18579678299432884,0.07889943803410362,True,False
LOWER,1,N,B,N,1,1,14,-1,9.709375153578827e-16,0.2619890372224903,1.4571439944765285,2.310946599797345,0.23002962760408247,0.26787517493351753,False,,,0.05,0.2667021346081365,2.311496605318864,2.0436214303853464,1.1906655551736882,True,False
LOWER,1,N,B,N,1,-1,0,1,9.865400391845196e-16,0.07096491020134983,1.431081811810499,2.2485350589573243,0.23002962760408247,0.26787517493351753,False,,,0.13429999999999997,0.15236588107765023,2.2525280168969988,1.9846528419634812,1.1926348467473757,True,False
LOWER,1,N,B,N,1,-1,0,-1,9.470562916921705e-16,0.17767962268971435,0.31015807543622714,0.44128835316923987,0.23002962760408247,0.26787517493351753,False,,,0.1069,0.20733843250312434,0.454032403643664,0.18615722871014645,0.07884341752509044,True,False
LOWER,1,N,B,N,1,-1,1,1,9.820640590825385e-16,0.2619890372224903,1.4571439944765285,2.310946599797345,0.23002962760408247,0.26787517493351753,False,,,0.05,0.2667021346081365,2.311496605318864,2.0436214303853464,1.1906655551736882,True,False
LOWER,1,N,B,N,1,-1,1,-1,1.0403809978859583e-15,0.17782549107009446,0.3102350705456416,0.44112425361508417,0.23002962760408247,0.26787517493351753,False,,,0.106,0.20677589005866764,0.45367195792784637,0.18579678299432884,0.07889943803410362,True,False
LOWER,1,N,B,N,1,-1,2,1,9.844486810677576e-16,0.17936519024142852,1.470560148843316,2.3093601127918633,0.23002962760408247,0.26787517493351753,False,,,0.05,0.18618175112000906,2.3099004712692515,2.042025296335734,1.212386484440916,True,False
LOWER,1,N,B,N,1,-1,2,-1,1.050343185945689e-15,0.17766697798684686,0.3102642753699502,0.44121841992711197,0.23002962760408247,0.26787517493351753,False,,,0.10669999999999999,0.20698548431435324,0.4540361200113323,0.18616094507781478,0.07893434133048029,True,False
LOWER,1,N,B,N,1,-1,3,1,1.0343746879838435e-15,0.3842159657644593,1.4658952007563257,2.3223626614491284,0.23002962760408247,0.26787517493351753,False,,,0.05,0.38742171776671597,2.3229099639415214,2.055034789008004,1.1992206892352908,True,False
LOWER,1,N,B,N,1,-1,3,-1,8.76231229577616e-16,0.17739168945385822,0.31019718947003005,0.44136097929737117,0.23002962760408247,0.26787517493351753,False,,,0.1068,0.20717074718865663,0.4540385766022665,0.18616340166874895,0.07895571218856273,True,False
LOWER,1,N,B,N,1,-1,4,1,9.695723149482845e-16,0.3337095808299555,1.4628917867058486,2.3190119235341276,0.23002962760408247,0.26787517493351753,False,,,0.05,0.33742871981140876,2.319545723617744,2.0516705486842266,1.1962490719725205,True,False
LOWER,1,N,B,N,1,-1,4,-1,1.115593404172319e-15,0.17752240789480642,0.31008822764679395,0.44121551229321704,0.23002962760408247,0.26787517493351753,False,,,0.106,0.20680639183264174,0.45371431342533314,0.1858391384918156,0.07884752698196842,True,False
LOWER,1,N,B,N,1,-1,5,1,1.1184808739865747e-15,0.07096491019992213,1.4310818118103923,2.2485350589566457,0.23002962760408247,0.26787517493351753,False,,,0.13429999999999997,0.15236588107698526,2.2525280168963215,1.984652841962804,1.1926348467472223,True,False
LOWER,1,N,B,N,1,-1,5,-1,9.817003301764856e-16,0.17767962268971468,0.3101580754362272,0.4412883531692401,0.23002962760408247,0.26787517493351753,False,,,0.1069,0.20733843250312461,0.4540324036436642,0.18615722871014667,0.0788434175250904,True,False
LOWER,1,N,B,N,1,-1,6,1,9.730045190013293e-16,0.26198903722551437,1.4571439944768143,2.3109465997977603,0.23002962760408247,0.26787517493351753,False,,,0.05,0.26670213461110714,2.311496605319279,2.0436214303857616,1.1906655551737715,True,False
LOWER,1,N,B,N,1,-1,6,-1,9.629679988156606e-16,0.1778254910700947,0.3102350705456416,0.44112425361508406,0.23002962760408247,0.26787517493351753,False,,,0.106,0.20677589005866734,0.4536719579278462,0.18579678299432867,0.07889943803410365,True,False
LOWER,1,N,B,N,1,-1,7,1,9.240917738995776e-16,0.1793651902406353,1.4705601488433044,2.3093601127910666,0.23002962760408247,0.26787517493351753,False,,,0.05,0.1861817511192449,2.3099004712684548,2.0420252963349372,1.212386484441008,True,False
LOWER,1,N,B,N,1,-1,7,-1,9.967084623377787e-16,0.1776669779868466,0.31026427536995016,0.4412184199271121,0.23002962760408247,0.26787517493351753,False,,,0.10669999999999999,0.20698548431435304,0.4540361200113324,0.1861609450778149,0.07893434133048033,True,False
LOWER,1,N,B,N,1,-1,8,1,1.0168348583873929e-15,0.3842159657582409,1.4658952007560058,2.322362661448801,0.23002962760408247,0.26787517493351753,False,,,0.05,0.387421717760549,2.322909963941194,2.0550347890076766,1.1992206892349733,True,False
LOWER,1,N,B,N,1,-1,8,-1,9.952187471481164e-16,0.1773916894538582,0.31019718947003,0.4413609792973709,0.23002962760408247,0.26787517493351753,False,,,0.1068,0.2071707471886564,0.45403857660226676,0.18616340166874923,0.07895571218856275,True,False
LOWER,1,N,B,N,1,-1,9,1,9.631324589338457e-16,0.3337095808302051,1.462891786705865,2.319011923534149,0.23002962760408247,0.26787517493351753,False,,,0.05,0.3374287198116556,2.319545723617765,2.0516705486842475,1.1962490719725374,True,False
LOWER,1,N,B,N,1,-1,9,-1,1.0005286240891652e-15,0.17752240789480583,0.31008822764679367,0.4412155122932169,0.23002962760408247,0.26787517493351753,False,,,0.106,0.20680639183264146,0.453714313425333,0.1858391384918155,0.0788475269819685,True,False
LOWER,1,N,B,N,1,-1,10,1,9.648913931479344e-16,0.07096491020203953,1.4310818118105504,2.2485350589576516,0.23002962760408247,0.26787517493351753,False,,,0.13429999999999997,0.15236588107797147,2.2525280168973256,1.984652841963808,1.19263484674745,True,False
LOWER,1,N,B,N,1,-1,10,-1,8.813425921392303e-16,0.1776796226897143,0.31015807543622714,0.44128835316923987,0.23002962760408247,0.26787517493351753,False,,,0.1069,0.20733843250312428,0.454032403643664,0.18615722871014645,0.07884341752509043,True,False
LOWER,1,N,B,N,1,-1,11,1,8.984793855659419e-16,0.2619890372281411,1.4571439944770619,2.3109465997981196,0.23002962760408247,0.26787517493351753,False,,,0.05,0.2667021346136874,2.311496605319638,2.0436214303861204,1.1906655551738425,True,False
LOWER,1,N,B,N,1,-1,11,-1,9.132326922148062e-16,0.1778254910700949,0.31023507054564164,0.44112425361508384,0.23002962760408247,0.26787517493351753,False,,,0.106,0.20677589005866717,0.45367195792784604,0.1857967829943285,0.07889943803410361,True,False
LOWER,1,N,B,N,1,-1,12,1,9.401679436910216e-16,0.17936519024039727,1.4705601488433009,2.3093601127908276,0.23002962760408247,0.26787517493351753,False,,,0.05,0.18618175111901558,2.309900471268216,2.0420252963346983,1.212386484441036,True,False
LOWER,1,N,B,N,1,-1,12,-1,1.1028998341601624e-15,0.1776669779868461,0.31026427536995,0.44121841992711186,0.23002962760408247,0.26787517493351753,False,,,0.10669999999999999,0.2069854843143526,0.4540361200113322,0.18616094507781467,0.07893434133048037,True,False
LOWER,1,N,B,N,1,-1,13,1,9.303996170501033e-16,0.3842159657644594,1.4658952007563253,2.3223626614491284,0.23002962760408247,0.26787517493351753,False,,,0.05,0.387421717766716,2.3229099639415214,2.055034789008004,1.1992206892352908,True,False
LOWER,1,N,B,N,1,-1,13,-1,9.04658590141911e-16,0.17739168945385844,0.31019718947003005,0.44136097929737106,0.23002962760408247,0.26787517493351753,False,,,0.1068,0.20717074718865675,0.4540385766022664,0.18616340166874884,0.07895571218856266,True,False
LOWER,1,N,B,N,1,-1,14,1,9.56939370934046e-16,0.33370958083435864,1.4628917867061448,2.3190119235344944,0.23002962760408247,0.26787517493351753,False,,,0.05,0.3374287198157634,2.3195457236181105,2.051670548684593,1.1962490719728132,True,False
LOWER,1,N,B,N,1,-1,14,-1,9.164088725772816e-16,0.17752240789480608,0.31008822764679383,0.4412155122932167,0.23002962760408247,0.26787517493351753,False,,,0.106,0.2068063918326416,0.4537143134253328,0.18583913849181527,0.07884752698196847,True,False
LOWER,2,N,B-N,B,0,1,0,1,9.493783745161259e-16,0.17767126322229568,0.3102073857218622,0.4412630269850429,0.22001654685129554,0.40562469034851073,False,,,0.12869999999999998,0.21971902812568514,0.4596484260243338,0.05402373567582308,0.02154878177515496,True,False
LOWER,2,N,B-N,B,0,1,0,-1,9.653029786587643e-16,0.07302763298655117,1.4306011898114646,2.2268697618269053,0.22001654685129554,0.40562469034851073,False,,,0.0706,0.10128125189136188,2.2279836774340973,1.8223589870855865,1.0676628788301512,True,False
LOWER,2,N,B-N,B,0,1,1,1,9.036268867696523e-16,0.1778910370782511,0.3101536558531137,0.4411209479242165,0.22001654685129554,0.40562469034851073,False,,,0.1293,0.21991532531744262,0.4596794752153507,0.054054784866839956,0.021519033045878367,True,False
LOWER,2,N,B-N,B,0,1,1,-1,7.211139681936636e-16,0.131823960425933,1.4329691299941894,2.2037861251573956,0.22001654685129554,0.40562469034851073,False,,,0.05,0.14098647107428192,2.204353251388229,1.7987285610397183,1.058663656707761,True,False
LOWER,2,N,B-N,B,0,1,2,1,8.981734369710009e-16,0.17748247220463317,0.31018729440539905,0.44136367188619285,0.22001654685129554,0.40562469034851073,False,,,0.1295,0.21936797500350627,0.459981713688469,0.05435702333995829,0.021709322715141276,True,False
LOWER,2,N,B-N,B,0,1,2,-1,8.639962245046282e-16,0.2514287839143909,1.4561705968895169,2.3096669656463806,0.22001654685129554,0.40562469034851073,False,,,0.05,0.2563521110704537,2.3102080254128112,1.9045833350643004,1.0637226427339885,True,False
LOWER,2,N,B-N,B,0,1,3,1,9.40532050190498e-16,0.17756260772194762,0.3102165305953929,0.44124459462403065,0.22001654685129554,0.40562469034851073,False,,,0.1298,0.21985449251794406,0.4601126667833222,0.05448797643481146,0.021745628734120667,True,False
LOWER,2,N,B-N,B,0,1,3,-1,9.049916224324601e-16,0.33494934666487797,1.4692811509110166,2.3248806180135126,0.22001654685129554,0.40562469034851073,False,,,0.05,0.3386606506531831,2.325430460135706,1.919805769787195,1.0693114021400365,True,False
LOWER,2,N,B-N,B,0,1,4,1,1.0434767994534747e-15,0.17740920660191503,0.31019282865237846,0.44124578585997254,0.22001654685129554,0.40562469034851073,False,,,0.12940000000000002,0.2194424945540905,0.4597845220406852,0.054159831692174476,0.02162466481105295,True,False
LOWER,2,N,B-N,B,0,1,4,-1,1.0934195269425834e-15,0.17826145704681326,1.4705375698095446,2.3086275865990835,0.22001654685129554,0.40562469034851073,False,,,0.05,0.18515239456297433,2.309163675712118,1.9035389853636073,1.0832718938850034,True,False
LOWER,2,N,B-N,B,0,1,5,1,1.0204224885833317e-15,0.177671263222296,0.3102073857218623,0.4412630269850427,0.22001654685129554,0.40562469034851073,False,,,0.12869999999999998,0.21971902812568544,0.45964842602433365,0.054023735675822915,0.021548781775154905,True,False
LOWER,2,N,B-N,B,0,1,5,-1,9.869203793132043e-16,0.07302763298864583,1.4306011898115554,2.2268697618258386,0.22001654685129554,0.40562469034851073,False,,,0.0706,0.10128125189287221,2.227983677433031,1.8223589870845203,1.0676628788298168,True,False
LOWER,2,N,B-N,B,0,1,6,1,9.307250027914192e-16,0.17789103707825174,0.3101536558531139,0.4411209479242166,0.22001654685129554,0.40562469034851073,False,,,0.1293,0.21991532531744312,0.45967947521535074,0.05405478486684001,0.02151903304587832,True,False
LOWER,2,N,B-N,B,0,1,6,-1,9.2384220481437e-16,0.13182396042540262,1.4329691299941698,2.2037861251575848,0.22001654685129554,0.40562469034851073,False,,,0.05,0.14098647107378598,2.2043532513884183,1.7987285610399075,1.0586636567078425,True,False
LOWER,2,N,B-N,B,0,1,7,1,9.12719479695717e-16,0.17748247220463345,0.3101872944053991,0.4413636718861929,0.22001654685129554,0.40562469034851073,False,,,0.1295,0.2193679750035065,0.459981713688469,0.05435702333995829,0.02170932271514121,True,False
LOWER,2,N,B-N,B,0,1,7,-1,5.820318141520488e-16,0.25142878390991497,1.4561705968890741,2.3096669656457234,0.22001654685129554,0.40562469034851073,False,,,0.05,0.2563521110660637,2.310208025412154,1.9045833350636432,1.0637226427342177,True,False
LOWER,2,N,B-N,B,0,1,8,1,9.08942993721469e-16,0.17756260772194768,0.31021653059539295,0.4412445946240304,0.22001654685129554,0.40562469034851073,False,,,0.1298,0.21985449251794412,0.4601126667833223,0.05448797643481157,0.021745628734120653,True,False
LOWER,2,N,B-N,B,0,1,8,-1,9.32268617754083e-16,0.334949346658226,1.469281150911221,2.3248806180135477,0.22001654685129554,0.40562469034851073,False,,,0.05,0.33866065064660406,2.3254304601357405,1.9198057697872297,1.06931140214068,True,False
LOWER,2,N,B-N,B,0,1,9,1,9.847188564321907e-16,0.17740920660191473,0.31019282865237846,0.44124578585997176,0.22001654685129554,0.40562469034851073,False,,,0.12940000000000002,0.21944249455409023,0.45978452204068443,0.0541598316921737,0.021624664811052966,True,False
LOWER,2,N,B-N,B,0,1,9,-1,1.1082891494711895e-15,0.17826145704694396,1.4705375698095462,2.3086275865993255,0.22001654685129554,0.40562469034851073,False,,,0.05,0.18515239456310018,2.30916367571236,1.9035389853638494,1.0832718938849877,True,False
LOWER,2,N,B-N,B,0,1,10,1,9.338458471929254e-16,0.17767126322229587,0.3102073857218622,0.44126302698504316,0.22001654685129554,0.40562469034851073,False,,,0.12869999999999998,0.21971902812568503,0.4596484260243341,0.05402373567582336,0.02154878177515492,True,False
LOWER,2,N,B-N,B,0,1,10,-1,9.333360667062712e-16,0.07302763298823589,1.4306011898115376,2.2268697618260473,0.22001654685129554,0.40562469034851073,False,,,0.0706,0.10128125189257663,2.2279836774332398,1.822358987084729,1.0676628788298823,True,False
LOWER,2,N,B-N,B,0,1,11,1,8.057859572038444e-16,0.1778910370782514,0.31015365585311383,0.44112094792421636,0.22001654685129554,0.40562469034851073,False,,,0.1293,0.21991532531744287,0.4596794752153505,0.05405478486683979,0.021519033045878315,True,False
LOWER,2,N,B-N,B,0,1,11,-1,8.83594859853781e-16,0.13182396041920624,1.4329691299939455,2.203786125159805,0.22001654685129554,0.40562469034851073,False,,,0.05,0.1409864710679923,2.204353251390638,1.798728561042127,1.0586636567088012,True,False
LOWER,2,N,B-N,B,0,1,12,1,9.630793613889144e-16,0.17748247220463334,0.3101872944053991,0.4413636718861931,0.22001654685129554,0.40562469034851073,False,,,0.1295,0.2193679750035064,0.4599817136884692,0.054357023339958455,0.02170932271514124,True,False
LOWER,2,N,B-N,B,0,1,12,-1,9.351002199799102e-16,0.2514287839185236,1.4561705968899257,2.3096669656469864,0.22001654685129554,0.40562469034851073,False,,,0.05,0.256352111074507,2.310208025413417,1.9045833350649062,1.0637226427337767,True,False
LOWER,2,N,B-N,B,0,1,13,1,8.918949017825179e-16,0.17756260772194754,0.31021653059539295,0.44124459462403026,0.22001654685129554,0.40562469034851073,False,,,0.1298,0.219854492517944,0.4601126667833223,0.05448797643481157,0.02174562873412067,True,False
LOWER,2,N,B-N,B,0,1,13,-1,9.147753762797273e-16,0.3349493466639868,1.4692811509110442,2.324880618013517,0.22001654685129554,0.40562469034851073,False,,,0.05,0.3386606506523017,2.3254304601357103,1.9198057697871995,1.0693114021401229,True,False
LOWER,2,N,B-N,B,0,1,14,1,9.519272651257192e-16,0.17740920660191475,0.31019282865237846,0.4412457858599721,0.22001654685129554,0.40562469034851073,False,,,0.12940000000000002,0.2194424945540903,0.45978452204068476,0.05415983169217403,0.021624664811052983,True,False
LOWER,2,N,B-N,B,0,1,14,-1,9.379887172419903e-16,0.1782614570467655,1.470537569809544,2.3086275865989956,0.22001654685129554,0.40562469034851073,False,,,0.05,0.18515239456292834,2.30916367571203,1.9035389853635194,1.0832718938850088,True,False
LOWER,2,N,B-N,B,0,-1,0,1,9.430410474802052e-16,0.1782614570467655,1.470537569809544,2.3086275865989956,0.22001654685129554,0.40562469034851073,False,,,0.05,0.18515239456292834,2.30916367571203,1.9035389853635194,1.0832718938850088,True,False
LOWER,2,N,B-N,B,0,-1,0,-1,9.68139583143941e-16,0.17740920660191475,0.31019282865237846,0.4412457858599721,0.22001654685129554,0.40562469034851073,False,,,0.12940000000000002,0.2194424945540903,0.45978452204068476,0.05415983169217403,0.021624664811052983,True,False
LOWER,2,N,B-N,B,0,-1,1,1,9.034941050001576e-16,0.3349493466639868,1.4692811509110442,2.324880618013517,0.22001654685129554,0.40562469034851073,False,,,0.05,0.3386606506523017,2.3254304601357103,1.9198057697871995,1.0693114021401229,True,False
LOWER,2,N,B-N,B,0,-1,1,-1,1.029385437409581e-15,0.17756260772194754,0.31021653059539295,0.44124459462403026,0.22001654685129554,0.40562469034851073,False,,,0.1298,0.219854492517944,0.4601126667833223,0.05448797643481157,0.02174562873412067,True,False
LOWER,2,N,B-N,B,0,-1,2,1,8.84584567550778e-16,0.2514287839185236,1.4561705968899257,2.3096669656469864,0.22001654685129554,0.40562469034851073,False,,,0.05,0.256352111074507,2.310208025413417,1.9045833350649062,1.0637226427337767,True,False
LOWER,2,N,B-N,B,0,-1,2,-1,8.918949017825179e-16,0.17748247220463334,0.3101872944053991,0.4413636718861931,0.22001654685129554,0.40562469034851073,False,,,0.1295,0.2193679750035064,0.4599817136884692,0.054357023339958455,0.02170932271514124,True,False
LOWER,2,N,B-N,B,0,-1,3,1,9.48993144785831e-16,0.13182396041920624,1.4329691299939455,2.203786125159805,0.22001654685129554,0.40562469034851073,False,,,0.05,0.1409864710679923,2.204353251390638,1.798728561042127,1.0586636567088012,True,False
LOWER,2,N,B-N,B,0,-1,3,-1,8.584592672777439e-16,0.1778910370782514,0.31015365585311383,0.44112094792421636,0.22001654685129554,0.40562469034851073,False,,,0.1293,0.21991532531744287,0.4596794752153505,0.05405478486683979,0.021519033045878315,True,False
LOWER,2,N,B-N,B,0,-1,4,1,9.169562768697332e-16,0.07302763298823589,1.4306011898115376,2.2268697618260473,0.22001654685129554,0.40562469034851073,False,,,0.0706,0.10128125189257663,2.2279836774332398,1.822358987084729,1.0676628788298823,True,False
LOWER,2,N,B-N,B,0,-1,4,-1,9.777819224408555e-16,0.17767126322229587,0.3102073857218622,0.44126302698504316,0.22001654685129554,0.40562469034851073,False,,,0.12869999999999998,0.21971902812568503,0.4596484260243341,0.05402373567582336,0.02154878177515492,True,False
LOWER,2,N,B-N,B,0,-1,5,1,1.0777523541500812e-15,0.17826145704694396,1.4705375698095462,2.3086275865993255,0.22001654685129554,0.40562469034851073,False,,,0.05,0.18515239456310018,2.30916367571236,1.9035389853638494,1.0832718938849877,True,False
LOWER,2,N,B-N,B,0,-1,5,-1,1.0115788429912106e-15,0.17740920660191473,0.31019282865237846,0.44124578585997176,0.22001654685129554,0.40562469034851073,False,,,0.12940000000000002,0.21944249455409023,0.45978452204068443,0.0541598316921737,0.021624664811052966,True,False
LOWER,2,N,B-N,B,0,-1,6,1,9.287280314319496e-16,0.334949346658226,1.469281150911221,2.3248806180135477,0.22001654685129554,0.40562469034851073,False,,,0.05,0.33866065064660406,2.3254304601357405,1.9198057697872297,1.06931140214068,True,False
LOWER,2,N,B-N,B,0,-1,6,-1,9.010124228120304e-16,0.17756260772194768,0.31021653059539295,0.4412445946240304,0.22001654685129554,0.40562469034851073,False,,,0.1298,0.21985449251794412,0.4601126667833223,0.05448797643481157,0.021745628734120653,True,False
LOWER,2,N,B-N,B,0,-1,7,1,6.725811293932095e-16,0.25142878390991497,1.4561705968890741,2.3096669656457234,0.22001654685129554,0.40562469034851073,False,,,0.05,0.2563521110660637,2.310208025412154,1.9045833350636432,1.0637226427342177,True,False
LOWER,2,N,B-N,B,0,-1,7,-1,9.067249506052726e-16,0.17748247220463345,0.3101872944053991,0.4413636718861929,0.22001654685129554,0.40562469034851073,False,,,0.1295,0.2193679750035065,0.459981713688469,0.05435702333995829,0.02170932271514121,True,False
LOWER,2,N,B-N,B,0,-1,8,1,9.2016658464227e-16,0.13182396042540262,1.4329691299941698,2.2037861251575848,0.22001654685129554,0.40562469034851073,False,,,0.05,0.14098647107378598,2.2043532513884183,1.7987285610399075,1.0586636567078425,True,False
LOWER,2,N,B-N,B,0,-1,8,-1,9.509064457925752e-16,0.17789103707825174,0.3101536558531139,0.4411209479242166,0.22001654685129554,0.40562469034851073,False,,,0.1293,0.21991532531744312,0.45967947521535074,0.05405478486684001,0.02151903304587832,True,False
LOWER,2,N,B-N,B,0,-1,9,1,9.509198776276482e-16,0.07302763298864583,1.4306011898115554,2.2268697618258386,0.22001654685129554,0.40562469034851073,False,,,0.0706,0.10128125189287221,2.227983677433031,1.8223589870845203,1.0676628788298168,True,False
LOWER,2,N,B-N,B,0,-1,9,-1,1.0310366923096142e-15,0.177671263222296,0.3102073857218623,0.4412630269850427,0.22001654685129554,0.40562469034851073,False,,,0.12869999999999998,0.21971902812568544,0.45964842602433365,0.054023735675822915,0.021548781775154905,True,False
LOWER,2,N,B-N,B,0,-1,10,1,1.0345285470341438e-15,0.17826145704681326,1.4705375698095446,2.3086275865990835,0.22001654685129554,0.40562469034851073,False,,,0.05,0.18515239456297433,2.309163675712118,1.9035389853636073,1.0832718938850034,True,False
LOWER,2,N,B-N,B,0,-1,10,-1,9.94761125033779e-16,0.17740920660191503,0.31019282865237846,0.44124578585997254,0.22001654685129554,0.40562469034851073,False,,,0.12940000000000002,0.2194424945540905,0.4597845220406852,0.054159831692174476,0.02162466481105295,True,False
LOWER,2,N,B-N,B,0,-1,11,1,9.476185019992813e-16,0.33494934666487797,1.4692811509110166,2.3248806180135126,0.22001654685129554,0.40562469034851073,False,,,0.05,0.3386606506531831,2.325430460135706,1.919805769787195,1.0693114021400365,True,False
LOWER,2,N,B-N,B,0,-1,11,-1,8.865632955750536e-16,0.17756260772194762,0.3102165305953929,0.44124459462403065,0.22001654685129554,0.40562469034851073,False,,,0.1298,0.21985449251794406,0.4601126667833222,0.05448797643481146,0.021745628734120667,True,False
LOWER,2,N,B-N,B,0,-1,12,1,9.98866066551863e-16,0.2514287839143909,1.4561705968895169,2.3096669656463806,0.22001654685129554,0.40562469034851073,False,,,0.05,0.2563521110704537,2.3102080254128112,1.9045833350643004,1.0637226427339885,True,False
LOWER,2,N,B-N,B,0,-1,12,-1,9.188331883640685e-16,0.17748247220463317,0.31018729440539905,0.44136367188619285,0.22001654685129554,0.40562469034851073,False,,,0.1295,0.21936797500350627,0.459981713688469,0.05435702333995829,0.021709322715141276,True,False
LOWER,2,N,B-N,B,0,-1,13,1,7.537411696189807e-16,0.131823960425933,1.4329691299941894,2.2037861251573956,0.22001654685129554,0.40562469034851073,False,,,0.05,0.14098647107428192,2.204353251388229,1.7987285610397183,1.058663656707761,True,False
LOWER,2,N,B-N,B,0,-1,13,-1,9.45374635344998e-16,0.1778910370782511,0.3101536558531137,0.4411209479242165,0.22001654685129554,0.40562469034851073,False,,,0.1293,0.21991532531744262,0.4596794752153507,0.054054784866839956,0.021519033045878367,True,False
LOWER,2,N,B-N,B,0,-1,14,1,9.65217619008188e-16,0.07302763298655117,1.4306011898114646,2.2268697618269053,0.22001654685129554,0.40562469034851073,False,,,0.0706,0.10128125189136188,2.2279836774340973,1.8223589870855865,1.0676628788301512,True,False
LOWER,2,N,B-N,B,0,-1,14,-1,9.461889646971694e-16,0.17767126322229568,0.3102073857218622,0.4412630269850429,0.22001654685129554,0.40562469034851073,False,,,0.12869999999999998,0.21971902812568514,0.4596484260243338,0.05402373567582308,0.02154878177515496,True,False
LOWER,2,N,B-N,B,1,1,0,1,9.959198499754024e-16,0.1776669779868466,0.31026427536995016,0.4412184199271121,0.22001654685129554,0.40562469034851073,False,,,0.1293,0.21943968870814667,0.45989288832444786,0.05426819797593713,0.02167796087214679,True,False
LOWER,2,N,B-N,B,1,1,0,-1,9.094348057300488e-16,0.1793651902406353,1.4705601488433044,2.3093601127910666,0.22001654685129554,0.40562469034851073,False,,,0.05,0.1861817511192449,2.3099004712684548,1.904275780919944,1.0831527313368283,True,False
LOWER,2,N,B-N,B,1,1,1,1,1.0012600320039623e-15,0.1778254910700947,0.3102350705456416,0.44112425361508406,0.22001654685129554,0.40562469034851073,False,,,0.1296,0.2197396873786087,0.45977465892061514,0.05414996857210441,0.02163875876524725,True,False
LOWER,2,N,B-N,B,1,1,1,-1,9.66977577729055e-16,0.26198903722551437,1.4571439944768143,2.3109465997977603,0.22001654685129554,0.40562469034851073,False,,,0.05,0.26670213461110714,2.311496605319279,1.9058719149707684,1.063187619211344,True,False
LOWER,2,N,B-N,B,1,1,2,1,9.618269887982223e-16,0.17767962268971468,0.3101580754362272,0.4412883531692401,0.22001654685129554,0.40562469034851073,False,,,0.12869999999999998,0.2193708859416879,0.4596497727854769,0.05402508243696619,0.02158100635750604,True,False
LOWER,2,N,B-N,B,1,1,2,-1,1.2036691816292966e-15,0.07096491019992213,1.4310818118103923,2.2485350589566457,0.22001654685129554,0.40562469034851073,False,,,0.1163,0.13669474423763775,2.2515284238792037,1.845903733530693,1.0722023368122988,True,False
LOWER,2,N,B-N,B,1,1,3,1,9.859841751060769e-16,0.17752240789480642,0.31008822764679395,0.44121551229321704,0.22001654685129554,0.40562469034851073,False,,,0.12969999999999998,0.2198691987516318,0.4598167848612206,0.05419209451270984,0.02156661341425632,True,False
LOWER,2,N,B-N,B,1,1,3,-1,7.971007325321939e-16,0.3337095808299555,1.4628917867058486,2.3190119235341276,0.22001654685129554,0.40562469034851073,False,,,0.05,0.33742871981140876,2.319545723617744,1.9139210332692334,1.0630459545933342,True,False
LOWER,2,N,B-N,B,1,1,4,1,9.441243792779221e-16,0.17739168945385822,0.31019718947003005,0.44136097929737117,0.22001654685129554,0.40562469034851073,False,,,0.1295,0.21973151227752352,0.4599338399472945,0.054309149598783746,0.021682902656003224,True,False
LOWER,2,N,B-N,B,1,1,4,-1,1.0017135210654918e-15,0.3842159657644593,1.4658952007563257,2.3223626614491284,0.22001654685129554,0.40562469034851073,False,,,0.05,0.38742171776671597,2.3229099639415214,1.9172852735930106,1.0626847053257507,True,False
LOWER,2,N,B-N,B,1,1,5,1,1.0576941265519437e-15,0.17766697798684686,0.3102642753699502,0.44121841992711197,0.22001654685129554,0.40562469034851073,False,,,0.1293,0.21943968870814687,0.4598928883244478,0.05426819797593707,0.021677960872146757,True,False
LOWER,2,N,B-N,B,1,1,5,-1,9.670100947452093e-16,0.17936519024142852,1.470560148843316,2.3093601127918633,0.22001654685129554,0.40562469034851073,False,,,0.05,0.18618175112000906,2.3099004712692515,1.9042757809207407,1.0831527313367364,True,False
LOWER,2,N,B-N,B,1,1,6,1,1.0280540987035902e-15,0.17782549107009446,0.3102350705456416,0.44112425361508417,0.22001654685129554,0.40562469034851073,False,,,0.1296,0.21973968737860902,0.45977465892061464,0.05414996857210391,0.02163875876524721,True,False
LOWER,2,N,B-N,B,1,1,6,-1,9.678027101101074e-16,0.2619890372224903,1.4571439944765285,2.310946599797345,0.22001654685129554,0.40562469034851073,False,,,0.05,0.2667021346081365,2.311496605318864,1.9058719149703531,1.0631876192115077,True,False
LOWER,2,N,B-N,B,1,1,7,1,9.640417228563851e-16,0.17767962268971435,0.31015807543622714,0.44128835316923987,0.22001654685129554,0.40562469034851073,False,,,0.12869999999999998,0.2193708859416876,0.4596497727854767,0.054025082436965965,0.021581006357506077,True,False
LOWER,2,N,B-N,B,1,1,7,-1,9.71512178000476e-16,0.07096491020134983,1.431081811810499,2.2485350589573243,0.22001654685129554,0.40562469034851073,False,,,0.1163,0.13669474423837893,2.2515284238798814,1.8459037335313706,1.072202336812452,True,False
LOWER,2,N,B-N,B,1,1,8,1,9.667932939792342e-16,0.17752240789480608,0.31008822764679383,0.4412155122932167,0.22001654685129554,0.40562469034851073,False,,,0.12969999999999998,0.21986919875163166,0.4598167848612202,0.054192094512709454,0.02156661341425636,True,False
LOWER,2,N,B-N,B,1,1,8,-1,1.008458739734431e-15,0.33370958083435864,1.4628917867061448,2.3190119235344944,0.22001654685129554,0.40562469034851073,False,,,0.05,0.3374287198157634,2.3195457236181105,1.9139210332695997,1.0630459545933366,True,False
LOWER,2,N,B-N,B,1,1,9,1,9.453120386182817e-16,0.17739168945385844,0.31019718947003005,0.44136097929737106,0.22001654685129554,0.40562469034851073,False,,,0.1295,0.2197315122775236,0.4599338399472944,0.05430914959878369,0.0216829026560032,True,False
LOWER,2,N,B-N,B,1,1,9,-1,9.553234695398784e-16,0.3842159657644594,1.4658952007563253,2.3223626614491284,0.22001654685129554,0.40562469034851073,False,,,0.05,0.387421717766716,2.3229099639415214,1.9172852735930106,1.0626847053257504,True,False
LOWER,2,N,B-N,B,1,1,10,1,1.1022576425991753e-15,0.1776669779868461,0.31026427536995,0.44121841992711186,0.22001654685129554,0.40562469034851073,False,,,0.1293,0.21943968870814626,0.45989288832444764,0.054268197975936905,0.02167796087214684,True,False
LOWER,2,N,B-N,B,1,1,10,-1,9.088921143149235e-16,0.17936519024039727,1.4705601488433009,2.3093601127908276,0.22001654685129554,0.40562469034851073,False,,,0.05,0.18618175111901558,2.309900471268216,1.904275780919705,1.0831527313368563,True,False
LOWER,2,N,B-N,B,1,1,11,1,9.324747118288889e-16,0.1778254910700949,0.31023507054564164,0.44112425361508384,0.22001654685129554,0.40562469034851073,False,,,0.1296,0.21973968737860852,0.45977465892061503,0.0541499685721043,0.02163875876524721,True,False
LOWER,2,N,B-N,B,1,1,11,-1,9.192969283629723e-16,0.2619890372281411,1.4571439944770619,2.3109465997981196,0.22001654685129554,0.40562469034851073,False,,,0.05,0.2667021346136874,2.311496605319638,1.9058719149711272,1.0631876192112015,True,False
LOWER,2,N,B-N,B,1,1,12,1,7.173343332306565e-16,0.1776796226897143,0.31015807543622714,0.44128835316923987,0.22001654685129554,0.40562469034851073,False,,,0.12869999999999998,0.21937088594168758,0.4596497727854767,0.054025082436965965,0.021581006357506056,True,False
LOWER,2,N,B-N,B,1,1,12,-1,9.48663898376768e-16,0.07096491020203953,1.4310818118105504,2.2485350589576516,0.22001654685129554,0.40562469034851073,False,,,0.1163,0.13669474423873698,2.2515284238802082,1.8459037335316975,1.0722023368125262,True,False
LOWER,2,N,B-N,B,1,1,13,1,1.0397663690410798e-15,0.17752240789480583,0.31008822764679367,0.4412155122932169,0.22001654685129554,0.40562469034851073,False,,,0.12969999999999998,0.21986919875163155,0.45981678486122046,0.05419209451270973,0.021566613414256402,True,False
LOWER,2,N,B-N,B,1,1,13,-1,9.630652473158118e-16,0.3337095808302051,1.462891786705865,2.319011923534149,0.22001654685129554,0.40562469034851073,False,,,0.05,0.3374287198116556,2.319545723617765,1.9139210332692542,1.0630459545933342,True,False
LOWER,2,N,B-N,B,1,1,14,1,9.952269612181187e-16,0.1773916894538582,0.31019718947003,0.4413609792973709,0.22001654685129554,0.40562469034851073,False,,,0.1295,0.2197315122775233,0.45993383994729475,0.05430914959878402,0.021682902656003224,True,False
LOWER,2,N,B-N,B,1,1,14,-1,1.0233797190757427e-15,0.3842159657582409,1.4658952007560058,2.322362661448801,0.22001654685129554,0.40562469034851073,False,,,0.05,0.387421717760549,2.322909963941194,1.9172852735926833,1.0626847053258441,True,False
LOWER,2,N,B-N,B,1,-1,0,1,1.0134161098182913e-15,0.3842159657582409,1.4658952007560058,2.322362661448801,0.22001654685129554,0.40562469034851073,False,,,0.05,0.387421717760549,2.322909963941194,1.9172852735926833,1.0626847053258441,True,False
LOWER,2,N,B-N,B,1,-1,0,-1,1.0413138073854241e-15,0.1773916894538582,0.31019718947003,0.4413609792973709,0.22001654685129554,0.40562469034851073,False,,,0.1295,0.2197315122775233,0.45993383994729475,0.05430914959878402,0.021682902656003224,True,False
LOWER,2,N,B-N,B,1,-1,1,1,9.763486139886577e-16,0.3337095808302051,1.462891786705865,2.319011923534149,0.22001654685129554,0.40562469034851073,False,,,0.05,0.3374287198116556,2.319545723617765,1.9139210332692542,1.0630459545933342,True,False
LOWER,2,N,B-N,B,1,-1,1,-1,1.015507732059166e-15,0.17752240789480583,0.31008822764679367,0.4412155122932169,0.22001654685129554,0.40562469034851073,False,,,0.12969999999999998,0.21986919875163155,0.45981678486122046,0.05419209451270973,0.021566613414256402,True,False
LOWER,2,N,B-N,B,1,-1,2,1,1.0136347151004044e-15,0.07096491020203953,1.4310818118105504,2.2485350589576516,0.22001654685129554,0.40562469034851073,False,,,0.1163,0.13669474423873698,2.2515284238802082,1.8459037335316975,1.0722023368125262,True,False
LOWER,2,N,B-N,B,1,-1,2,-1,8.513916953480423e-16,0.1776796226897143,0.31015807543622714,0.44128835316923987,0.22001654685129554,0.40562469034851073,False,,,0.12869999999999998,0.21937088594168758,0.4596497727854767,0.054025082436965965,0.021581006357506056,True,False
LOWER,2,N,B-N,B,1,-1,3,1,8.980627858330587e-16,0.2619890372281411,1.4571439944770619,2.3109465997981196,0.22001654685129554,0.40562469034851073,False,,,0.05,0.2667021346136874,2.311496605319638,1.9058719149711272,1.0631876192112015,True,False
LOWER,2,N,B-N,B,1,-1,3,-1,9.23753119036617e-16,0.1778254910700949,0.31023507054564164,0.44112425361508384,0.22001654685129554,0.40562469034851073,False,,,0.1296,0.21973968737860852,0.45977465892061503,0.0541499685721043,0.02163875876524721,True,False
LOWER,2,N,B-N,B,1,-1,4,1,8.756032346244527e-16,0.17936519024039727,1.4705601488433009,2.3093601127908276,0.22001654685129554,0.40562469034851073,False,,,0.05,0.18618175111901558,2.309900471268216,1.904275780919705,1.0831527313368563,True,False
LOWER,2,N,B-N,B,1,-1,4,-1,1.046492780257031e-15,0.1776669779868461,0.31026427536995,0.44121841992711186,0.22001654685129554,0.40562469034851073,False,,,0.1293,0.21943968870814626,0.45989288832444764,0.054268197975936905,0.02167796087214684,True,False
LOWER,2,N,B-N,B,1,-1,5,1,9.441374337973428e-16,0.3842159657644594,1.4658952007563253,2.3223626614491284,0.22001654685129554,0.40562469034851073,False,,,0.05,0.387421717766716,2.3229099639415214,1.9172852735930106,1.0626847053257504,True,False
LOWER,2,N,B-N,B,1,-1,5,-1,9.336346505519757e-16,0.17739168945385844,0.31019718947003005,0.44136097929737106,0.22001654685129554,0.40562469034851073,False,,,0.1295,0.2197315122775236,0.4599338399472944,0.05430914959878369,0.0216829026560032,True,False
LOWER,2,N,B-N,B,1,-1,6,1,9.727991641268423e-16,0.33370958083435864,1.4628917867061448,2.3190119235344944,0.22001654685129554,0.40562469034851073,False,,,0.05,0.3374287198157634,2.3195457236181105,1.9139210332695997,1.0630459545933366,True,False
LOWER,2,N,B-N,B,1,-1,6,-1,9.683936642575096e-16,0.17752240789480608,0.31008822764679383,0.4412155122932167,0.22001654685129554,0.40562469034851073,False,,,0.12969999999999998,0.21986919875163166,0.4598167848612202,0.054192094512709454,0.02156661341425636,True,False
LOWER,2,N,B-N,B,1,-1,7,1,9.747164010561254e-16,0.07096491020134983,1.431081811810499,2.2485350589573243,0.22001654685129554,0.40562469034851073,False,,,0.1163,0.13669474423837893,2.2515284238798814,1.8459037335313706,1.072202336812452,True,False
LOWER,2,N,B-N,B,1,-1,7,-1,9.72200007122105e-16,0.17767962268971435,0.31015807543622714,0.44128835316923987,0.22001654685129554,0.40562469034851073,False,,,0.12869999999999998,0.2193708859416876,0.4596497727854767,0.054025082436965965,0.021581006357506077,True,False
LOWER,2,N,B-N,B,1,-1,8,1,9.663932894255534e-16,0.2619890372224903,1.4571439944765285,2.310946599797345,0.22001654685129554,0.40562469034851073,False,,,0.05,0.2667021346081365,2.311496605318864,1.9058719149703531,1.0631876192115077,True,False
LOWER,2,N,B-N,B,1,-1,8,-1,1.0030024900016628e-15,0.17782549107009446,0.3102350705456416,0.44112425361508417,0.22001654685129554,0.40562469034851073,False,,,0.1296,0.21973968737860902,0.45977465892061464,0.05414996857210391,0.02163875876524721,True,False
LOWER,2,N,B-N,B,1,-1,9,1,9.853296073163363e-16,0.17936519024142852,1.470560148843316,2.3093601127918633,0.22001654685129554,0.40562469034851073,False,,,0.05,0.18618175112000906,2.3099004712692515,1.9042757809207407,1.0831527313367364,True,False
LOWER,2,N,B-N,B,1,-1,9,-1,1.0797125208674288e-15,0.17766697798684686,0.3102642753699502,0.44121841992711197,0.22001654685129554,0.40562469034851073,False,,,0.1293,0.21943968870814687,0.4598928883244478,0.05426819797593707,0.021677960872146757,True,False
LOWER,2,N,B-N,B,1,-1,10,1,1.0583850389781602e-15,0.3842159657644593,1.4658952007563257,2.3223626614491284,0.22001654685129554,0.40562469034851073,False,,,0.05,0.38742171776671597,2.3229099639415214,1.9172852735930106,1.0626847053257507,True,False
LOWER,2,N,B-N,B,1,-1,10,-1,8.276094227575621e-16,0.17739168945385822,0.31019718947003005,0.44136097929737117,0.22001654685129554,0.40562469034851073,False,,,0.1295,0.21973151227752352,0.4599338399472945,0.054309149598783746,0.021682902656003224,True,False
LOWER,2,N,B-N,B,1,-1,11,1,9.363195120551938e-16,0.3337095808299555,1.4628917867058486,2.3190119235341276,0.22001654685129554,0.40562469034851073,False,,,0.05,0.33742871981140876,2.319545723617744,1.9139210332692334,1.0630459545933342,True,False
LOWER,2,N,B-N,B,1,-1,11,-1,1.003213013552668e-15,0.17752240789480642,0.31008822764679395,0.44121551229321704,0.22001654685129554,0.40562469034851073,False,,,0.12969999999999998,0.2198691987516318,0.4598167848612206,0.05419209451270984,0.02156661341425632,True,False
LOWER,2,N,B-N,B,1,-1,12,1,1.1147823361896183e-15,0.07096491019992213,1.4310818118103923,2.2485350589566457,0.22001654685129554,0.40562469034851073,False,,,0.1163,0.13669474423763775,2.2515284238792037,1.845903733530693,1.0722023368122988,True,False
LOWER,2,N,B-N,B,1,-1,12,-1,9.87887513785886e-16,0.17767962268971468,0.3101580754362272,0.4412883531692401,0.22001654685129554,0.40562469034851073,False,,,0.12869999999999998,0.2193708859416879,0.4596497727854769,0.05402508243696619,0.02158100635750604,True,False
LOWER,2,N,B-N,B,1,-1,13,1,9.80400099513117e-16,0.26198903722551437,1.4571439944768143,2.3109465997977603,0.22001654685129554,0.40562469034851073,False,,,0.05,0.26670213461110714,2.311496605319279,1.9058719149707684,1.063187619211344,True,False
LOWER,2,N,B-N,B,1,-1,13,-1,9.518077726699571e-16,0.1778254910700947,0.3102350705456416,0.44112425361508406,0.22001654685129554,0.40562469034851073,False,,,0.1296,0.2197396873786087,0.45977465892061514,0.05414996857210441,0.02163875876524725,True,False
LOWER,2,N,B-N,B,1,-1,14,1,9.04712716231125e-16,0.1793651902406353,1.4705601488433044,2.3093601127910666,0.22001654685129554,0.40562469034851073,False,,,0.05,0.1861817511192449,2.3099004712684548,1.904275780919944,1.0831527313368283,True,False
LOWER,2,N,B-N,B,1,-1,14,-1,9.894565125905608e-16,0.1776669779868466,0.31026427536995016,0.4412184199271121,0.22001654685129554,0.40562469034851073,False,,,0.1293,0.21943968870814667,0.45989288832444786,0.05426819797593713,0.02167796087214679,True,False
LOWER,3,N,B-N-B,N,0,1,0,1,9.074370762392093e-16,0.17748247220463345,0.3101872944053991,0.4413636718861929,0.11907209712355424,0.5357503498670351,True,0.05,0.30329999999999996,0.17669999999999997,0.2500417909685325,0.4754364717586062,0.0,0.0,True,True
LOWER,3,N,B-N-B,N,0,1,0,-1,5.747802568973558e-16,0.25142878390991497,1.4561705968890741,2.3096669656457234,0.11907209712355424,0.5357503498670351,False,,,0.05,0.2563521110660637,2.310208025412154,1.774457675545119,0.9509470711514967,True,False
LOWER,3,N,B-N-B,N,0,1,1,1,8.913285354402292e-16,0.17756260772194768,0.31021653059539295,0.4412445946240304,0.11907209712355424,0.5357503498670351,True,0.05,0.303,0.1765,0.2502106394977795,0.4755012085963086,0.0,0.0,True,True
LOWER,3,N,B-N-B,N,0,1,1,-1,9.711980592315687e-16,0.334949346658226,1.469281150911221,2.3248806180135477,0.11907209712355424,0.5357503498670351,False,,,0.05,0.33866065064660406,2.3254304601357405,1.7896801102687054,0.9520248858277537,True,False
LOWER,3,N,B-N-B,N,0,1,2,1,9.97022817647566e-16,0.17740920660191473,0.31019282865237846,0.44124578585997176,0.11907209712355424,0.5357503498670351,True,0.05,0.304,0.177,0.25043225141802233,0.47536467863610976,0.0,0.0,True,True
LOWER,3,N,B-N-B,N,0,1,2,-1,1.0972640227366215e-15,0.17826145704694396,1.4705375698095462,2.3086275865993255,0.11907209712355424,0.5357503498670351,False,,,0.05,0.18515239456310018,2.30916367571236,1.773413325845325,0.959497001515152,True,False
LOWER,3,N,B-N-B,N,0,1,3,1,9.065686703542602e-16,0.17767126322229587,0.3102073857218622,0.44126302698504316,0.11907209712355424,0.5357503498670351,True,0.05,0.30379999999999996,0.1769,0.25107037360555684,0.47540148090142936,0.0,0.0,True,True
LOWER,3,N,B-N-B,N,0,1,3,-1,9.736770747523316e-16,0.07302763298823589,1.4306011898115376,2.2268697618260473,0.11907209712355424,0.5357503498670351,False,,,0.0706,0.10128125189257663,2.2279836774332398,1.6922333275662047,0.9481576772653116,True,False
LOWER,3,N,B-N-B,N,0,1,4,1,8.303399790760769e-16,0.1778910370782514,0.31015365585311383,0.44112094792421636,0.11907209712355424,0.5357503498670351,True,0.05,0.304,0.177,0.2509023328708321,0.47530556013415964,0.0,0.0,True,True
LOWER,3,N,B-N-B,N,0,1,4,-1,9.571336635867687e-16,0.13182396041920624,1.4329691299939455,2.203786125159805,0.11907209712355424,0.5357503498670351,False,,,0.05,0.1409864710679923,2.204353251390638,1.6686029015236028,0.9451757614234952,True,False
LOWER,3,N,B-N-B,N,0,1,5,1,9.419618336780865e-16,0.17748247220463334,0.3101872944053991,0.4413636718861931,0.11907209712355424,0.5357503498670351,True,0.05,0.30329999999999996,0.17669999999999997,0.2500417909685324,0.47543647175860637,0.0,0.0,True,True
LOWER,3,N,B-N-B,N,0,1,5,-1,8.85464258904706e-16,0.2514287839185236,1.4561705968899257,2.3096669656469864,0.11907209712355424,0.5357503498670351,False,,,0.05,0.256352111074507,2.310208025413417,1.774457675546382,0.9509470711510556,True,False
LOWER,3,N,B-N-B,N,0,1,6,1,8.707524586173857e-16,0.17756260772194754,0.31021653059539295,0.44124459462403026,0.11907209712355424,0.5357503498670351,True,0.05,0.303,0.1765,0.25021063949777933,0.4755012085963086,0.0,0.0,True,True
LOWER,3,N,B-N-B,N,0,1,6,-1,9.125013726894573e-16,0.3349493466639868,1.4692811509110442,2.324880618013517,0.11907209712355424,0.5357503498670351,False,,,0.05,0.3386606506523017,2.3254304601357103,1.7896801102686752,0.9520248858276257,True,False
LOWER,3,N,B-N-B,N,0,1,7,1,9.765143983820322e-16,0.17740920660191475,0.31019282865237846,0.4412457858599721,0.11907209712355424,0.5357503498670351,True,0.05,0.304,0.177,0.25043225141802233,0.47536467863611004,0.0,0.0,True,True
LOWER,3,N,B-N-B,N,0,1,7,-1,9.338509394355341e-16,0.1782614570467655,1.470537569809544,2.3086275865989956,0.11907209712355424,0.5357503498670351,False,,,0.05,0.18515239456292834,2.30916367571203,1.7734133258449951,0.9594970015151617,True,False
LOWER,3,N,B-N-B,N,0,1,8,1,9.484570997087279e-16,0.17767126322229568,0.3102073857218622,0.4412630269850429,0.11907209712355424,0.5357503498670351,True,0.05,0.30379999999999996,0.1769,0.25107037360555695,0.4754014809014291,0.0,0.0,True,True
LOWER,3,N,B-N-B,N,0,1,8,-1,9.688274025651635e-16,0.07302763298655117,1.4306011898114646,2.2268697618269053,0.11907209712355424,0.5357503498670351,False,,,0.0706,0.10128125189136188,2.2279836774340973,1.6922333275670622,0.9481576772655806,True,False
LOWER,3,N,B-N-B,N,0,1,9,1,9.178289902440073e-16,0.1778910370782511,0.3101536558531137,0.4411209479242165,0.11907209712355424,0.5357503498670351,True,0.05,0.304,0.177,0.25090233287083175,0.4753055601341598,0.0,0.0,True,True
LOWER,3,N,B-N-B,N,0,1,9,-1,7.881298463616058e-16,0.131823960425933,1.4329691299941894,2.2037861251573956,0.11907209712355424,0.5357503498670351,False,,,0.05,0.14098647107428192,2.204353251388229,1.668602901521194,0.9451757614233621,True,False
LOWER,3,N,B-N-B,N,0,1,10,1,8.231771782382518e-16,0.17748247220463317,0.31018729440539905,0.44136367188619285,0.11907209712355424,0.5357503498670351,True,0.05,0.30329999999999996,0.17669999999999997,0.2500417909685323,0.47543647175860615,0.0,0.0,True,True
LOWER,3,N,B-N-B,N,0,1,10,-1,8.790390691039565e-16,0.2514287839143909,1.4561705968895169,2.3096669656463806,0.11907209712355424,0.5357503498670351,False,,,0.05,0.2563521110704537,2.3102080254128112,1.7744576755457762,0.9509470711512674,True,False
LOWER,3,N,B-N-B,N,0,1,11,1,9.411394062690301e-16,0.17756260772194762,0.3102165305953929,0.44124459462403065,0.11907209712355424,0.5357503498670351,True,0.05,0.303,0.1765,0.2502106394977795,0.4755012085963085,0.0,0.0,True,True
LOWER,3,N,B-N-B,N,0,1,11,-1,9.045351064414104e-16,0.33494934666487797,1.4692811509110166,2.3248806180135126,0.11907209712355424,0.5357503498670351,False,,,0.05,0.3386606506531831,2.325430460135706,1.7896801102686708,0.9520248858276056,True,False
LOWER,3,N,B-N-B,N,0,1,12,1,9.257388070948508e-16,0.17740920660191503,0.31019282865237846,0.44124578585997254,0.11907209712355424,0.5357503498670351,True,0.05,0.304,0.177,0.25043225141802256,0.4753646786361105,0.0,0.0,True,True
LOWER,3,N,B-N-B,N,0,1,12,-1,1.0596782488558273e-15,0.17826145704681326,1.4705375698095446,2.3086275865990835,0.11907209712355424,0.5357503498670351,False,,,0.05,0.18515239456297433,2.309163675712118,1.773413325845083,0.9594970015151593,True,False
LOWER,3,N,B-N-B,N,0,1,13,1,1.031063800594418e-15,0.177671263222296,0.3102073857218623,0.4412630269850427,0.11907209712355424,0.5357503498670351,True,0.05,0.30379999999999996,0.1769,0.25107037360555723,0.4754014809014289,0.0,0.0,True,True
LOWER,3,N,B-N-B,N,0,1,13,-1,9.98257186812225e-16,0.07302763298864583,1.4306011898115554,2.2268697618258386,0.11907209712355424,0.5357503498670351,False,,,0.0706,0.10128125189287221,2.227983677433031,1.692233327565996,0.9481576772652461,True,False
LOWER,3,N,B-N-B,N,0,1,14,1,9.701506622602226e-16,0.17789103707825174,0.3101536558531139,0.4411209479242166,0.11907209712355424,0.5357503498670351,True,0.05,0.304,0.177,0.2509023328708319,0.47530556013415987,0.0,0.0,True,True
LOWER,3,N,B-N-B,N,0,1,14,-1,9.144807431072688e-16,0.13182396042540262,1.4329691299941698,2.2037861251575848,0.11907209712355424,0.5357503498670351,False,,,0.05,0.14098647107378598,2.2043532513884183,1.6686029015213832,0.9451757614233721,True,False
LOWER,3,N,B-N-B,N,0,-1,0,1,7.0962432095419155e-16,0.25142878390991497,1.4561705968890741,2.3096669656457234,0.11907209712355424,0.5357503498670351,False,,,0.05,0.2563521110660637,2.310208025412154,1.774457675545119,0.9509470711514967,True,False
LOWER,3,N,B-N-B,N,0,-1,0,-1,9.032006001371982e-16,0.17748247220463345,0.3101872944053991,0.4413636718861929,0.11907209712355424,0.5357503498670351,True,0.05,0.30329999999999996,0.17669999999999997,0.2500417909685325,0.4754364717586062,0.0,0.0,True,True
LOWER,3,N,B-N-B,N,0,-1,1,1,8.682813663295048e-16,0.13182396042540262,1.4329691299941698,2.2037861251575848,0.11907209712355424,0.5357503498670351,False,,,0.05,0.14098647107378598,2.2043532513884183,1.6686029015213832,0.9451757614233721,True,False
LOWER,3,N,B-N-B,N,0,-1,1,-1,9.275727612592775e-16,0.17789103707825174,0.3101536558531139,0.4411209479242166,0.11907209712355424,0.5357503498670351,True,0.05,0.304,0.177,0.2509023328708319,0.47530556013415987,0.0,0.0,True,True
LOWER,3,N,B-N-B,N,0,-1,2,1,9.604637678923139e-16,0.07302763298864583,1.4306011898115554,2.2268697618258386,0.11907209712355424,0.5357503498670351,False,,,0.0706,0.10128125189287221,2.227983677433031,1.692233327565996,0.9481576772652461,True,False
LOWER,3,N,B-N-B,N,0,-1,2,-1,1.0434529898860562e-15,0.177671263222296,0.3102073857218623,0.4412630269850427,0.11907209712355424,0.5357503498670351,True,0.05,0.30379999999999996,0.1769,0.25107037360555723,0.4754014809014289,0.0,0.0,True,True
LOWER,3,N,B-N-B,N,0,-1,3,1,1.0595998508181136e-15,0.17826145704681326,1.4705375698095446,2.3086275865990835,0.11907209712355424,0.5357503498670351,False,,,0.05,0.18515239456297433,2.309163675712118,1.773413325845083,0.9594970015151593,True,False
LOWER,3,N,B-N-B,N,0,-1,3,-1,9.874005235629652e-16,0.17740920660191503,0.31019282865237846,0.44124578585997254,0.11907209712355424,0.5357503498670351,True,0.05,0.304,0.177,0.25043225141802256,0.4753646786361105,0.0,0.0,True,True
LOWER,3,N,B-N-B,N,0,-1,4,1,9.014527440244072e-16,0.33494934666487797,1.4692811509110166,2.3248806180135126,0.11907209712355424,0.5357503498670351,False,,,0.05,0.3386606506531831,2.325430460135706,1.7896801102686708,0.9520248858276056,True,False
LOWER,3,N,B-N-B,N,0,-1,4,-1,8.453039333589471e-16,0.17756260772194762,0.3102165305953929,0.44124459462403065,0.11907209712355424,0.5357503498670351,True,0.05,0.303,0.1765,0.2502106394977795,0.4755012085963085,0.0,0.0,True,True
LOWER,3,N,B-N-B,N,0,-1,5,1,1.0170765455300607e-15,0.2514287839143909,1.4561705968895169,2.3096669656463806,0.11907209712355424,0.5357503498670351,False,,,0.05,0.2563521110704537,2.3102080254128112,1.7744576755457762,0.9509470711512674,True,False
LOWER,3,N,B-N-B,N,0,-1,5,-1,9.452239303596467e-16,0.17748247220463317,0.31018729440539905,0.44136367188619285,0.11907209712355424,0.5357503498670351,True,0.05,0.30329999999999996,0.17669999999999997,0.2500417909685323,0.47543647175860615,0.0,0.0,True,True
LOWER,3,N,B-N-B,N,0,-1,6,1,7.981621904073668e-16,0.131823960425933,1.4329691299941894,2.2037861251573956,0.11907209712355424,0.5357503498670351,False,,,0.05,0.14098647107428192,2.204353251388229,1.668602901521194,0.9451757614233621,True,False
LOWER,3,N,B-N-B,N,0,-1,6,-1,9.081486434593158e-16,0.1778910370782511,0.3101536558531137,0.4411209479242165,0.11907209712355424,0.5357503498670351,True,0.05,0.304,0.177,0.25090233287083175,0.4753055601341598,0.0,0.0,True,True
LOWER,3,N,B-N-B,N,0,-1,7,1,9.72257503886256e-16,0.07302763298655117,1.4306011898114646,2.2268697618269053,0.11907209712355424,0.5357503498670351,False,,,0.0706,0.10128125189136188,2.2279836774340973,1.6922333275670622,0.9481576772655806,True,False
LOWER,3,N,B-N-B,N,0,-1,7,-1,9.381574528217236e-16,0.17767126322229568,0.3102073857218622,0.4412630269850429,0.11907209712355424,0.5357503498670351,True,0.05,0.30379999999999996,0.1769,0.25107037360555695,0.4754014809014291,0.0,0.0,True,True
LOWER,3,N,B-N-B,N,0,-1,8,1,9.06043114191681e-16,0.1782614570467655,1.470537569809544,2.3086275865989956,0.11907209712355424,0.5357503498670351,False,,,0.05,0.18515239456292834,2.30916367571203,1.7734133258449951,0.9594970015151617,True,False
LOWER,3,N,B-N-B,N,0,-1,8,-1,9.603470555545699e-16,0.17740920660191475,0.31019282865237846,0.4412457858599721,0.11907209712355424,0.5357503498670351,True,0.05,0.304,0.177,0.25043225141802233,0.47536467863611004,0.0,0.0,True,True
LOWER,3,N,B-N-B,N,0,-1,9,1,9.139057666378619e-16,0.3349493466639868,1.4692811509110442,2.324880618013517,0.11907209712355424,0.5357503498670351,False,,,0.05,0.3386606506523017,2.3254304601357103,1.7896801102686752,0.9520248858276257,True,False
LOWER,3,N,B-N-B,N,0,-1,9,-1,9.562521599501106e-16,0.17756260772194754,0.31021653059539295,0.44124459462403026,0.11907209712355424,0.5357503498670351,True,0.05,0.303,0.1765,0.25021063949777933,0.4755012085963086,0.0,0.0,True,True
LOWER,3,N,B-N-B,N,0,-1,10,1,9.067544909679867e-16,0.2514287839185236,1.4561705968899257,2.3096669656469864,0.11907209712355424,0.5357503498670351,False,,,0.05,0.256352111074507,2.310208025413417,1.774457675546382,0.9509470711510556,True,False
LOWER,3,N,B-N-B,N,0,-1,10,-1,9.130375608825576e-16,0.17748247220463334,0.3101872944053991,0.4413636718861931,0.11907209712355424,0.5357503498670351,True,0.05,0.30329999999999996,0.17669999999999997,0.2500417909685324,0.47543647175860637,0.0,0.0,True,True
LOWER,3,N,B-N-B,N,0,-1,11,1,9.661271402326172e-16,0.13182396041920624,1.4329691299939455,2.203786125159805,0.11907209712355424,0.5357503498670351,False,,,0.05,0.1409864710679923,2.204353251390638,1.6686029015236028,0.9451757614234952,True,False
LOWER,3,N,B-N-B,N,0,-1,11,-1,9.045062446579523e-16,0.1778910370782514,0.31015365585311383,0.44112094792421636,0.11907209712355424,0.5357503498670351,True,0.05,0.304,0.177,0.2509023328708321,0.47530556013415964,0.0,0.0,True,True
LOWER,3,N,B-N-B,N,0,-1,12,1,9.265349453393557e-16,0.07302763298823589,1.4306011898115376,2.2268697618260473,0.11907209712355424,0.5357503498670351,False,,,0.0706,0.10128125189257663,2.2279836774332398,1.6922333275662047,0.9481576772653116,True,False
LOWER,3,N,B-N-B,N,0,-1,12,-1,1.013736221738174e-15,0.17767126322229587,0.3102073857218622,0.44126302698504316,0.11907209712355424,0.5357503498670351,True,0.05,0.30379999999999996,0.1769,0.25107037360555684,0.47540148090142936,0.0,0.0,True,True
LOWER,3,N,B-N-B,N,0,-1,13,1,1.0668553069238878e-15,0.17826145704694396,1.4705375698095462,2.3086275865993255,0.11907209712355424,0.5357503498670351,False,,,0.05,0.18515239456310018,2.30916367571236,1.773413325845325,0.959497001515152,True,False
LOWER,3,N,B-N-B,N,0,-1,13,-1,9.412195257187375e-16,0.17740920660191473,0.31019282865237846,0.44124578585997176,0.11907209712355424,0.5357503498670351,True,0.05,0.304,0.177,0.25043225141802233,0.47536467863610976,0.0,0.0,True,True
LOWER,3,N,B-N-B,N,0,-1,14,1,9.895503733384761e-16,0.334949346658226,1.469281150911221,2.3248806180135477,0.11907209712355424,0.5357503498670351,False,,,0.05,0.33866065064660406,2.3254304601357405,1.7896801102687054,0.9520248858277537,True,False
LOWER,3,N,B-N-B,N,0,-1,14,-1,9.149942140093403e-16,0.17756260772194768,0.31021653059539295,0.4412445946240304,0.11907209712355424,0.5357503498670351,True,0.05,0.303,0.1765,0.2502106394977795,0.4755012085963086,0.0,0.0,True,True
LOWER,3,N,B-N-B,N,1,1,0,1,9.717387120836265e-16,0.17767962268971435,0.31015807543622714,0.44128835316923987,0.11907209712355424,0.5357503498670351,True,0.05,0.30369999999999997,0.1769,0.2506984297443868,0.475394463828467,0.0,0.0,True,True
LOWER,3,N,B-N-B,N,1,1,0,-1,9.756792266740566e-16,0.07096491020134983,1.431081811810499,2.2485350589573243,0.11907209712355424,0.5357503498670351,False,,,0.0777,0.10562232595853908,2.2498689374388503,1.7141185875718152,0.9523927896051092,True,False
LOWER,3,N,B-N-B,N,1,1,1,1,9.544599945695761e-16,0.17752240789480608,0.31008822764679383,0.4412155122932167,0.11907209712355424,0.5357503498670351,True,0.05,0.3041,0.17709999999999998,0.2507185000620843,0.4753432554547154,0.0,0.0,True,True
LOWER,3,N,B-N-B,N,1,1,1,-1,9.97004128496093e-16,0.33370958083435864,1.4628917867061448,2.3190119235344944,0.11907209712355424,0.5357503498670351,False,,,0.05,0.3374287198157634,2.3195457236181105,1.7837953737510754,0.9503487849755732,True,False
LOWER,3,N,B-N-B,N,1,1,2,1,9.700230347366346e-16,0.17739168945385844,0.31019718947003005,0.44136097929737106,0.11907209712355424,0.5357503498670351,True,0.05,0.30339999999999995,0.17669999999999997,0.2504612813670722,0.47543862291717875,0.0,0.0,True,True
LOWER,3,N,B-N-B,N,1,1,2,-1,9.31098873416313e-16,0.3842159657644594,1.4658952007563253,2.3223626614491284,0.11907209712355424,0.5357503498670351,False,,,0.05,0.387421717766716,2.3229099639415214,1.7871596140744863,0.9495215301424257,True,False
LOWER,3,N,B-N-B,N,1,1,3,1,1.0679379016801153e-15,0.1776669779868461,0.31026427536995,0.44121841992711186,0.11907209712355424,0.5357503498670351,True,0.05,0.30339999999999995,0.17669999999999997,0.2502205601086377,0.47544281050451725,0.0,0.0,True,True
LOWER,3,N,B-N-B,N,1,1,3,-1,9.107666839719397e-16,0.17936519024039727,1.4705601488433009,2.3093601127908276,0.11907209712355424,0.5357503498670351,False,,,0.05,0.18618175111901558,2.309900471268216,1.7741501214011808,0.9594464627374149,True,False
LOWER,3,N,B-N-B,N,1,1,4,1,9.46373979117291e-16,0.1778254910700949,0.31023507054564164,0.44112425361508384,0.11907209712355424,0.5357503498670351,True,0.05,0.30369999999999997,0.1769,0.2504417143424575,0.47533188424221595,0.0,0.0,True,True
LOWER,3,N,B-N-B,N,1,1,4,-1,8.874034055919623e-16,0.2619890372281411,1.4571439944770619,2.3109465997981196,0.11907209712355424,0.5357503498670351,False,,,0.05,0.2667021346136874,2.311496605319638,1.775746255452603,0.9504120476284806,True,False
LOWER,3,N,B-N-B,N,1,1,5,1,7.208479860287768e-16,0.1776796226897143,0.31015807543622714,0.44128835316923987,0.11907209712355424,0.5357503498670351,True,0.05,0.30369999999999997,0.1769,0.2506984297443867,0.475394463828467,0.0,0.0,True,True
LOWER,3,N,B-N-B,N,1,1,5,-1,9.828042232969033e-16,0.07096491020203953,1.4310818118105504,2.2485350589576516,0.11907209712355424,0.5357503498670351,False,,,0.0777,0.10562232595900248,2.2498689374391776,1.7141185875721425,0.952392789605134,True,False
LOWER,3,N,B-N-B,N,1,1,6,1,1.059138137224454e-15,0.17752240789480583,0.31008822764679367,0.4412155122932169,0.11907209712355424,0.5357503498670351,True,0.05,0.3041,0.17709999999999998,0.2507185000620841,0.47534325545471556,0.0,0.0,True,True
LOWER,3,N,B-N-B,N,1,1,6,-1,9.681059011155535e-16,0.3337095808302051,1.462891786705865,2.319011923534149,0.11907209712355424,0.5357503498670351,False,,,0.05,0.3374287198116556,2.319545723617765,1.78379537375073,0.9503487849756075,True,False
LOWER,3,N,B-N-B,N,1,1,7,1,1.0260281598775634e-15,0.1773916894538582,0.31019718947003,0.4413609792973709,0.11907209712355424,0.5357503498670351,True,0.05,0.30339999999999995,0.17669999999999997,0.2504612813670719,0.4754386229171791,0.0,0.0,True,True
LOWER,3,N,B-N-B,N,1,1,7,-1,1.0415459951315566e-15,0.3842159657582409,1.4658952007560058,2.322362661448801,0.11907209712355424,0.5357503498670351,False,,,0.05,0.387421717760549,2.322909963941194,1.787159614074159,0.9495215301425796,True,False
LOWER,3,N,B-N-B,N,1,1,8,1,1.0033603344114714e-15,0.1776669779868466,0.31026427536995016,0.4412184199271121,0.11907209712355424,0.5357503498670351,True,0.05,0.30339999999999995,0.17669999999999997,0.250220560108638,0.4754428105045174,0.0,0.0,True,True
LOWER,3,N,B-N-B,N,1,1,8,-1,9.147209504321167e-16,0.1793651902406353,1.4705601488433044,2.3093601127910666,0.11907209712355424,0.5357503498670351,False,,,0.05,0.1861817511192449,2.3099004712684548,1.7741501214014197,0.9594464627374024,True,False
LOWER,3,N,B-N-B,N,1,1,9,1,9.781581524350322e-16,0.1778254910700947,0.3102350705456416,0.44112425361508406,0.11907209712355424,0.5357503498670351,True,0.05,0.30369999999999997,0.1769,0.25044171434245766,0.47533188424221606,0.0,0.0,True,True
LOWER,3,N,B-N-B,N,1,1,9,-1,9.654042140659689e-16,0.26198903722551437,1.4571439944768143,2.3109465997977603,0.11907209712355424,0.5357503498670351,False,,,0.05,0.26670213461110714,2.311496605319279,1.775746255452244,0.950412047628623,True,False
LOWER,3,N,B-N-B,N,1,1,10,1,9.650624642944102e-16,0.17767962268971468,0.3101580754362272,0.4412883531692401,0.11907209712355424,0.5357503498670351,True,0.05,0.30369999999999997,0.1769,0.250698429744387,0.4753944638284672,0.0,0.0,True,True
LOWER,3,N,B-N-B,N,1,1,10,-1,1.201989671539423e-15,0.07096491019992213,1.4310818118103923,2.2485350589566457,0.11907209712355424,0.5357503498670351,False,,,0.0777,0.10562232595757984,2.249868937438172,1.714118587571137,0.952392789605058,True,False
LOWER,3,N,B-N-B,N,1,1,11,1,1.016006753815563e-15,0.17752240789480642,0.31008822764679395,0.44121551229321704,0.11907209712355424,0.5357503498670351,True,0.05,0.3041,0.17709999999999998,0.25071850006208435,0.4753432554547157,0.0,0.0,True,True
LOWER,3,N,B-N-B,N,1,1,11,-1,7.993766811009745e-16,0.3337095808299555,1.4628917867058486,2.3190119235341276,0.11907209712355424,0.5357503498670351,False,,,0.05,0.33742871981140876,2.319545723617744,1.783795373750709,0.9503487849756095,True,False
LOWER,3,N,B-N-B,N,1,1,12,1,9.019237325111641e-16,0.17739168945385822,0.31019718947003005,0.44136097929737117,0.11907209712355424,0.5357503498670351,True,0.05,0.30339999999999995,0.17669999999999997,0.2504612813670721,0.4754386229171788,0.0,0.0,True,True
LOWER,3,N,B-N-B,N,1,1,12,-1,1.003441965809536e-15,0.3842159657644593,1.4658952007563257,2.3223626614491284,0.11907209712355424,0.5357503498670351,False,,,0.05,0.38742171776671597,2.3229099639415214,1.7871596140744863,0.9495215301424259,True,False
LOWER,3,N,B-N-B,N,1,1,13,1,1.0910951791754108e-15,0.17766697798684686,0.3102642753699502,0.44121841992711197,0.11907209712355424,0.5357503498670351,True,0.05,0.30339999999999995,0.17669999999999997,0.2502205601086382,0.47544281050451737,0.0,0.0,True,True
LOWER,3,N,B-N-B,N,1,1,13,-1,9.899099433701747e-16,0.17936519024142852,1.470560148843316,2.3093601127918633,0.11907209712355424,0.5357503498670351,False,,,0.05,0.18618175112000906,2.3099004712692515,1.7741501214022164,0.9594464627373614,True,False
LOWER,3,N,B-N-B,N,1,1,14,1,1.0624900577402346e-15,0.17782549107009446,0.3102350705456416,0.44112425361508417,0.11907209712355424,0.5357503498670351,True,0.05,0.30369999999999997,0.1769,0.2504417143424579,0.47533188424221556,0.0,0.0,True,True
LOWER,3,N,B-N-B,N,1,1,14,-1,9.709375153578827e-16,0.2619890372224903,1.4571439944765285,2.310946599797345,0.11907209712355424,0.5357503498670351,False,,,0.05,0.2667021346081365,2.311496605318864,1.7757462554518288,0.9504120476287867,True,False
LOWER,3,N,B-N-B,N,1,-1,0,1,9.865400391845196e-16,0.07096491020134983,1.431081811810499,2.2485350589573243,0.11907209712355424,0.5357503498670351,False,,,0.0777,0.10562232595853908,2.2498689374388503,1.7141185875718152,0.9523927896051092,True,False
LOWER,3,N,B-N-B,N,1,-1,0,-1,9.470562916921705e-16,0.17767962268971435,0.31015807543622714,0.44128835316923987,0.11907209712355424,0.5357503498670351,True,0.05,0.30369999999999997,0.1769,0.2506984297443868,0.475394463828467,0.0,0.0,True,True
LOWER,3,N,B-N-B,N,1,-1,1,1,9.820640590825385e-16,0.2619890372224903,1.4571439944765285,2.310946599797345,0.11907209712355424,0.5357503498670351,False,,,0.05,0.2667021346081365,2.311496605318864,1.7757462554518288,0.9504120476287867,True,False
LOWER,3,N,B-N-B,N,1,-1,1,-1,1.0403809978859583e-15,0.17782549107009446,0.3102350705456416,0.44112425361508417,0.11907209712355424,0.5357503498670351,True,0.05,0.30369999999999997,0.1769,0.2504417143424579,0.47533188424221556,0.0,0.0,True,True
LOWER,3,N,B-N-B,N,1,-1,2,1,9.844486810677576e-16,0.17936519024142852,1.470560148843316,2.3093601127918633,0.11907209712355424,0.5357503498670351,False,,,0.05,0.18618175112000906,2.3099004712692515,1.7741501214022164,0.9594464627373614,True,False
LOWER,3,N,B-N-B,N,1,-1,2,-1,1.050343185945689e-15,0.17766697798684686,0.3102642753699502,0.44121841992711197,0.11907209712355424,0.5357503498670351,True,0.05,0.30339999999999995,0.17669999999999997,0.2502205601086382,0.47544281050451737,0.0,0.0,True,True
LOWER,3,N,B-N-B,N,1,-1,3,1,1.0343746879838435e-15,0.3842159657644593,1.4658952007563257,2.3223626614491284,0.11907209712355424,0.5357503498670351,False,,,0.05,0.38742171776671597,2.3229099639415214,1.7871596140744863,0.9495215301424259,True,False
LOWER,3,N,B-N-B,N,1,-1,3,-1,8.76231229577616e-16,0.17739168945385822,0.31019718947003005,0.44136097929737117,0.11907209712355424,0.5357503498670351,True,0.05,0.30339999999999995,0.17669999999999997,0.2504612813670721,0.4754386229171788,0.0,0.0,True,True
LOWER,3,N,B-N-B,N,1,-1,4,1,9.695723149482845e-16,0.3337095808299555,1.4628917867058486,2.3190119235341276,0.11907209712355424,0.5357503498670351,False,,,0.05,0.33742871981140876,2.319545723617744,1.783795373750709,0.9503487849756095,True,False
LOWER,3,N,B-N-B,N,1,-1,4,-1,1.115593404172319e-15,0.17752240789480642,0.31008822764679395,0.44121551229321704,0.11907209712355424,0.5357503498670351,True,0.05,0.3041,0.17709999999999998,0.25071850006208435,0.4753432554547157,0.0,0.0,True,True
LOWER,3,N,B-N-B,N,1,-1,5,1,1.1184808739865747e-15,0.07096491019992213,1.4310818118103923,2.2485350589566457,0.11907209712355424,0.5357503498670351,False,,,0.0777,0.10562232595757984,2.249868937438172,1.714118587571137,0.952392789605058,True,False
LOWER,3,N,B-N-B,N,1,-1,5,-1,9.817003301764856e-16,0.17767962268971468,0.3101580754362272,0.4412883531692401,0.11907209712355424,0.5357503498670351,True,0.05,0.30369999999999997,0.1769,0.250698429744387,0.4753944638284672,0.0,0.0,True,True
LOWER,3,N,B-N-B,N,1,-1,6,1,9.730045190013293e-16,0.26198903722551437,1.4571439944768143,2.3109465997977603,0.11907209712355424,0.5357503498670351,False,,,0.05,0.26670213461110714,2.311496605319279,1.775746255452244,0.950412047628623,True,False
LOWER,3,N,B-N-B,N,1,-1,6,-1,9.629679988156606e-16,0.1778254910700947,0.3102350705456416,0.44112425361508406,0.11907209712355424,0.5357503498670351,True,0.05,0.30369999999999997,0.1769,0.25044171434245766,0.47533188424221606,0.0,0.0,True,True
LOWER,3,N,B-N-B,N,1,-1,7,1,9.240917738995776e-16,0.1793651902406353,1.4705601488433044,2.3093601127910666,0.11907209712355424,0.5357503498670351,False,,,0.05,0.1861817511192449,2.3099004712684548,1.7741501214014197,0.9594464627374024,True,False
LOWER,3,N,B-N-B,N,1,-1,7,-1,9.967084623377787e-16,0.1776669779868466,0.31026427536995016,0.4412184199271121,0.11907209712355424,0.5357503498670351,True,0.05,0.30339999999999995,0.17669999999999997,0.250220560108638,0.4754428105045174,0.0,0.0,True,True
LOWER,3,N,B-N-B,N,1,-1,8,1,1.0168348583873929e-15,0.3842159657582409,1.4658952007560058,2.322362661448801,0.11907209712355424,0.5357503498670351,False,,,0.05,0.387421717760549,2.322909963941194,1.787159614074159,0.9495215301425796,True,False
LOWER,3,N,B-N-B,N,1,-1,8,-1,9.952187471481164e-16,0.1773916894538582,0.31019718947003,0.4413609792973709,0.11907209712355424,0.5357503498670351,True,0.05,0.30339999999999995,0.17669999999999997,0.2504612813670719,0.4754386229171791,0.0,0.0,True,True
LOWER,3,N,B-N-B,N,1,-1,9,1,9.631324589338457e-16,0.3337095808302051,1.462891786705865,2.319011923534149,0.11907209712355424,0.5357503498670351,False,,,0.05,0.3374287198116556,2.319545723617765,1.78379537375073,0.9503487849756075,True,False
LOWER,3,N,B-N-B,N,1,-1,9,-1,1.0005286240891652e-15,0.17752240789480583,0.31008822764679367,0.4412155122932169,0.11907209712355424,0.5357503498670351,True,0.05,0.3041,0.17709999999999998,0.2507185000620841,0.47534325545471556,0.0,0.0,True,True
LOWER,3,N,B-N-B,N,1,-1,10,1,9.648913931479344e-16,0.07096491020203953,1.4310818118105504,2.2485350589576516,0.11907209712355424,0.5357503498670351,False,,,0.0777,0.10562232595900248,2.2498689374391776,1.7141185875721425,0.952392789605134,True,False
LOWER,3,N,B-N-B,N,1,-1,10,-1,8.813425921392303e-16,0.1776796226897143,0.31015807543622714,0.44128835316923987,0.11907209712355424,0.5357503498670351,True,0.05,0.30369999999999997,0.1769,0.2506984297443867,0.475394463828467,0.0,0.0,True,True
LOWER,3,N,B-N-B,N,1,-1,11,1,8.984793855659419e-16,0.2619890372281411,1.4571439944770619,2.3109465997981196,0.11907209712355424,0.5357503498670351,False,,,0.05,0.2667021346136874,2.311496605319638,1.775746255452603,0.9504120476284806,True,False
LOWER,3,N,B-N-B,N,1,-1,11,-1,9.132326922148062e-16,0.1778254910700949,0.31023507054564164,0.44112425361508384,0.11907209712355424,0.5357503498670351,True,0.05,0.30369999999999997,0.1769,0.2504417143424575,0.47533188424221595,0.0,0.0,True,True
LOWER,3,N,B-N-B,N,1,-1,12,1,9.401679436910216e-16,0.17936519024039727,1.4705601488433009,2.3093601127908276,0.11907209712355424,0.5357503498670351,False,,,0.05,0.18618175111901558,2.309900471268216,1.7741501214011808,0.9594464627374149,True,False
LOWER,3,N,B-N-B,N,1,-1,12,-1,1.1028998341601624e-15,0.1776669779868461,0.31026427536995,0.44121841992711186,0.11907209712355424,0.5357503498670351,True,0.05,0.30339999999999995,0.17669999999999997,0.2502205601086377,0.47544281050451725,0.0,0.0,True,True
LOWER,3,N,B-N-B,N,1,-1,13,1,9.303996170501033e-16,0.3842159657644594,1.4658952007563253,2.3223626614491284,0.11907209712355424,0.5357503498670351,False,,,0.05,0.387421717766716,2.3229099639415214,1.7871596140744863,0.9495215301424257,True,False
LOWER,3,N,B-N-B,N,1,-1,13,-1,9.04658590141911e-16,0.17739168945385844,0.31019718947003005,0.44136097929737106,0.11907209712355424,0.5357503498670351,True,0.05,0.30339999999999995,0.17669999999999997,0.2504612813670722,0.47543862291717875,0.0,0.0,True,True
LOWER,3,N,B-N-B,N,1,-1,14,1,9.56939370934046e-16,0.33370958083435864,1.4628917867061448,2.3190119235344944,0.11907209712355424,0.5357503498670351,False,,,0.05,0.3374287198157634,2.3195457236181105,1.7837953737510754,0.9503487849755732,True,False
LOWER,3,N,B-N-B,N,1,-1,14,-1,9.164088725772816e-16,0.17752240789480608,0.31008822764679383,0.4412155122932167,0.11907209712355424,0.5357503498670351,True,0.05,0.3041,0.17709999999999998,0.2507185000620843,0.4753432554547154,0.0,0.0,True,True
UPPER,1,B,N,B,0,1,0,1,5.860172873591985e-16,0.17748247220463328,0.31018729440539894,0.44136367188619324,0.23002962760408247,0.26787517493351753,False,,,0.1065,0.20668973602593854,0.4540409862297481,0.18616581129623055,0.07896721883505826,True,False
UPPER,1,B,N,B,0,1,0,-1,6.132810659880996e-16,0.2514287839073071,1.4561705968888163,2.3096669656453415,0.23002962760408247,0.26787517493351753,False,,,0.05,0.256352111063506,2.3102080254117725,2.042332850478255,1.1904056681050046,True,False
UPPER,1,B,N,B,0,1,1,1,5.629141122951928e-16,0.17789103707825152,0.3101536558531139,0.44112094792421674,0.23002962760408247,0.26787517493351753,False,,,0.1063,0.20722963401350164,0.4537472763975043,0.18587210146398675,0.07878480914760636,True,False
UPPER,1,B,N,B,0,1,1,-1,5.410715591349204e-16,0.1318239604264571,1.432969129994208,2.2037861251572077,0.23002962760408247,0.26787517493351753,False,,,0.05,0.14098647107477158,2.2043532513880413,1.9364780764545237,1.1812216314419317,True,False
UPPER,1,B,N,B,0,1,2,1,5.353330564058141e-16,0.17767126322229573,0.3102073857218622,0.4412630269850431,0.23002962760408247,0.26787517493351753,False,,,0.1066,0.20751526192571143,0.45395655976879185,0.1860813848352743,0.07882452443344667,True,False
UPPER,1,B,N,B,0,1,2,-1,5.916158858648809e-16,0.07302763298988434,1.4306011898116096,2.226869761825209,0.23002962760408247,0.26787517493351753,False,,,0.0706,0.10128125189376513,2.2279836774324018,1.9601085024988842,1.1877133309061323,True,False
UPPER,1,B,N,B,0,1,3,1,5.10150325059136e-16,0.17740920660191434,0.31019282865237846,0.4412457858599723,0.23002962760408247,0.26787517493351753,False,,,0.106,0.20653842317912735,0.45376288550869076,0.18588771057517323,0.0788996372966503,True,False
UPPER,1,B,N,B,0,1,3,-1,5.44381101777737e-16,0.17826145704735444,1.470537569809552,2.308627586600084,0.23002962760408247,0.26787517493351753,False,,,0.05,0.1851523945634954,2.309163675713118,2.0412885007796007,1.2125056469891193,True,False
UPPER,1,B,N,B,0,1,4,1,5.127205880239389e-16,0.1775626077219475,0.3102165305953929,0.44124459462403054,0.23002962760408247,0.26787517493351753,False,,,0.10619999999999999,0.20681820498244535,0.4539678445150731,0.18609266958155557,0.07901000710610878,True,False
UPPER,1,B,N,B,0,1,4,-1,5.64975049417644e-16,0.3349493466609238,1.4692811509111385,2.3248806180135335,0.23002962760408247,0.26787517493351753,False,,,0.05,0.33866065064927237,2.3254304601357267,2.057555285202209,1.2025966482421298,True,False
UPPER,1,B,N,B,0,1,5,1,7.404507229585209e-16,0.17748247220463337,0.3101872944053991,0.4413636718861929,0.23002962760408247,0.26787517493351753,False,,,0.1065,0.20668973602593863,0.45404098622974776,0.18616581129623022,0.07896721883505825,True,False
UPPER,1,B,N,B,0,1,5,-1,4.567999425950536e-16,0.2514287839100644,1.456170596889089,2.3096669656457456,0.23002962760408247,0.26787517493351753,False,,,0.05,0.25635211106621036,2.3102080254121766,2.042332850478659,1.1904056681050919,True,False
UPPER,1,B,N,B,0,1,6,1,3.8279976284517834e-16,0.1778910370782514,0.31015365585311366,0.4411209479242165,0.23002962760408247,0.26787517493351753,False,,,0.1063,0.20722963401350156,0.45374727639750406,0.18587210146398653,0.07878480914760642,True,False
UPPER,1,B,N,B,0,1,6,-1,5.339521870194588e-16,0.13182396042464586,1.4329691299941425,2.2037861251578565,0.23002962760408247,0.26787517493351753,False,,,0.05,0.14098647107307805,2.20435325138869,1.9364780764551726,1.1812216314421002,True,False
UPPER,1,B,N,B,0,1,7,1,5.538989848041253e-16,0.17767126322229615,0.3102073857218623,0.441263026985043,0.23002962760408247,0.26787517493351753,False,,,0.1066,0.20751526192571168,0.4539565597687918,0.18608138483527425,0.0788245244334466,True,False
UPPER,1,B,N,B,0,1,7,-1,5.224847546636886e-16,0.07302763298391943,1.4306011898113504,2.226869761828245,0.23002962760408247,0.26787517493351753,False,,,0.0706,0.1012812518894642,2.2279836774354367,1.9601085025019191,1.1877133309070844,True,False
UPPER,1,B,N,B,0,1,8,1,5.349306305374846e-16,0.1774092066019143,0.3101928286523783,0.4412457858599722,0.23002962760408247,0.26787517493351753,False,,,0.106,0.20653842317912732,0.45376288550869065,0.18588771057517312,0.07889963729665024,True,False
UPPER,1,B,N,B,0,1,8,-1,8.161308717766937e-16,0.17826145704680788,1.4705375698095444,2.308627586599074,0.23002962760408247,0.26787517493351753,False,,,0.05,0.18515239456296917,2.309163675712109,2.0412885007785913,1.2125056469891833,True,False
UPPER,1,B,N,B,0,1,9,1,7.179788389054167e-16,0.1775626077219475,0.31021653059539284,0.44124459462403054,0.23002962760408247,0.26787517493351753,False,,,0.10619999999999999,0.20681820498244535,0.4539678445150728,0.1860926695815553,0.07901000710610881,True,False
UPPER,1,B,N,B,0,1,9,-1,6.05791671244779e-16,0.3349493466642694,1.469281150911036,2.3248806180135158,0.23002962760408247,0.26787517493351753,False,,,0.05,0.33866065065258133,2.325430460135709,2.0575552852021914,1.2025966482420267,True,False
UPPER,1,B,N,B,0,1,10,1,5.479463031710807e-16,0.17748247220463334,0.3101872944053991,0.4413636718861929,0.23002962760408247,0.26787517493351753,False,,,0.1065,0.2066897360259386,0.45404098622974776,0.18616581129623022,0.07896721883505821,True,False
UPPER,1,B,N,B,0,1,10,-1,4.860233328954284e-16,0.25142878391020396,1.456170596889103,2.309666965645766,0.23002962760408247,0.26787517493351753,False,,,0.05,0.25635211106634725,2.3102080254121966,2.042332850478679,1.1904056681050965,True,False
UPPER,1,B,N,B,0,1,11,1,5.006280653524977e-16,0.17789103707825116,0.31015365585311366,0.44112094792421663,0.23002962760408247,0.26787517493351753,False,,,0.1063,0.20722963401350133,0.4537472763975042,0.18587210146398664,0.07878480914760642,True,False
UPPER,1,B,N,B,0,1,11,-1,5.690274623520022e-16,0.1318239604237404,1.4329691299941099,2.203786125158181,0.23002962760408247,0.26787517493351753,False,,,0.05,0.14098647107223142,2.2043532513890147,1.9364780764554972,1.1812216314421844,True,False
UPPER,1,B,N,B,0,1,12,1,4.795024526619741e-16,0.17767126322229607,0.31020738572186235,0.4412630269850429,0.23002962760408247,0.26787517493351753,False,,,0.1066,0.20751526192571185,0.4539565597687917,0.18608138483527414,0.07882452443344662,True,False
UPPER,1,B,N,B,0,1,12,-1,5.434854329117045e-16,0.07302763299102256,1.4306011898116586,2.2268697618246294,0.23002962760408247,0.26787517493351753,False,,,0.0706,0.10128125189458584,2.2279836774318227,1.9601085024983051,1.1877133309059507,True,False
UPPER,1,B,N,B,0,1,13,1,6.094220092036969e-16,0.17740920660191428,0.31019282865237835,0.441245785859972,0.23002962760408247,0.26787517493351753,False,,,0.106,0.20653842317912732,0.4537628855086905,0.18588771057517295,0.07889963729665025,True,False
UPPER,1,B,N,B,0,1,13,-1,5.942277056783909e-16,0.17826145704705396,1.470537569809548,2.3086275865995294,0.23002962760408247,0.26787517493351753,False,,,0.05,0.18515239456320606,2.3091636757125635,2.041288500779046,1.2125056469891546,True,False
UPPER,1,B,N,B,0,1,14,1,5.529071091347275e-16,0.1775626077219475,0.31021653059539284,0.4412445946240305,0.23002962760408247,0.26787517493351753,False,,,0.10619999999999999,0.20681820498244535,0.4539678445150729,0.18609266958155535,0.07901000710610878,True,False
UPPER,1,B,N,B,0,1,14,-1,5.910600215107885e-16,0.33494934666229126,1.4692811509110968,2.3248806180135264,0.23002962760408247,0.26787517493351753,False,,,0.05,0.33866065065062484,2.3254304601357196,2.057555285202202,1.2025966482420878,True,False
UPPER,1,B,N,B,0,-1,0,1,5.683455289762605e-16,0.2514287839073071,1.4561705968888163,2.3096669656453415,0.23002962760408247,0.26787517493351753,False,,,0.05,0.256352111063506,2.3102080254117725,2.042332850478255,1.1904056681050046,True,False
UPPER,1,B,N,B,0,-1,0,-1,5.642558848415941e-16,0.17748247220463328,0.31018729440539894,0.44136367188619324,0.23002962760408247,0.26787517493351753,False,,,0.1065,0.20668973602593854,0.4540409862297481,0.18616581129623055,0.07896721883505826,True,False
UPPER,1,B,N,B,0,-1,1,1,4.908230773345564e-16,0.33494934666229126,1.4692811509110968,2.3248806180135264,0.23002962760408247,0.26787517493351753,False,,,0.05,0.33866065065062484,2.3254304601357196,2.057555285202202,1.2025966482420878,True,False
UPPER,1,B,N,B,0,-1,1,-1,5.709531866197205e-16,0.1775626077219475,0.31021653059539284,0.4412445946240305,0.23002962760408247,0.26787517493351753,False,,,0.10619999999999999,0.20681820498244535,0.4539678445150729,0.18609266958155535,0.07901000710610878,True,False
UPPER,1,B,N,B,0,-1,2,1,5.872005148178324e-16,0.17826145704705396,1.470537569809548,2.3086275865995294,0.23002962760408247,0.26787517493351753,False,,,0.05,0.18515239456320606,2.3091636757125635,2.041288500779046,1.2125056469891546,True,False
UPPER,1,B,N,B,0,-1,2,-1,5.477140583065031e-16,0.17740920660191428,0.31019282865237835,0.441245785859972,0.23002962760408247,0.26787517493351753,False,,,0.106,0.20653842317912732,0.4537628855086905,0.18588771057517295,0.07889963729665025,True,False
UPPER,1,B,N,B,0,-1,3,1,5.2032988993445e-16,0.07302763299102256,1.4306011898116586,2.2268697618246294,0.23002962760408247,0.26787517493351753,False,,,0.0706,0.10128125189458584,2.2279836774318227,1.9601085024983051,1.1877133309059507,True,False
UPPER,1,B,N,B,0,-1,3,-1,6.343941878874868e-16,0.17767126322229607,0.31020738572186235,0.4412630269850429,0.23002962760408247,0.26787517493351753,False,,,0.1066,0.20751526192571185,0.4539565597687917,0.18608138483527414,0.07882452443344662,True,False
UPPER,1,B,N,B,0,-1,4,1,5.625551497677527e-16,0.1318239604237404,1.4329691299941099,2.203786125158181,0.23002962760408247,0.26787517493351753,False,,,0.05,0.14098647107223142,2.2043532513890147,1.9364780764554972,1.1812216314421844,True,False
UPPER,1,B,N,B,0,-1,4,-1,4.482688914312092e-16,0.17789103707825116,0.31015365585311366,0.44112094792421663,0.23002962760408247,0.26787517493351753,False,,,0.1063,0.20722963401350133,0.4537472763975042,0.18587210146398664,0.07878480914760642,True,False
UPPER,1,B,N,B,0,-1,5,1,4.2666887895425906e-16,0.25142878391020396,1.456170596889103,2.309666965645766,0.23002962760408247,0.26787517493351753,False,,,0.05,0.25635211106634725,2.3102080254121966,2.042332850478679,1.1904056681050965,True,False
UPPER,1,B,N,B,0,-1,5,-1,5.219541849747123e-16,0.17748247220463334,0.3101872944053991,0.4413636718861929,0.23002962760408247,0.26787517493351753,False,,,0.1065,0.2066897360259386,0.45404098622974776,0.18616581129623022,0.07896721883505821,True,False
UPPER,1,B,N,B,0,-1,6,1,5.817069118085187e-16,0.3349493466642694,1.469281150911036,2.3248806180135158,0.23002962760408247,0.26787517493351753,False,,,0.05,0.33866065065258133,2.325430460135709,2.0575552852021914,1.2025966482420267,True,False
UPPER,1,B,N,B,0,-1,6,-1,6.503457153468744e-16,0.1775626077219475,0.31021653059539284,0.44124459462403054,0.23002962760408247,0.26787517493351753,False,,,0.10619999999999999,0.20681820498244535,0.4539678445150728,0.1860926695815553,0.07901000710610881,True,False
UPPER,1,B,N,B,0,-1,7,1,6.742822106006908e-16,0.17826145704680788,1.4705375698095444,2.308627586599074,0.23002962760408247,0.26787517493351753,False,,,0.05,0.18515239456296917,2.309163675712109,2.0412885007785913,1.2125056469891833,True,False
UPPER,1,B,N,B,0,-1,7,-1,5.211200611825245e-16,0.1774092066019143,0.3101928286523783,0.4412457858599722,0.23002962760408247,0.26787517493351753,False,,,0.106,0.20653842317912732,0.45376288550869065,0.18588771057517312,0.07889963729665024,True,False
UPPER,1,B,N,B,0,-1,8,1,5.110770708413108e-16,0.07302763298391943,1.4306011898113504,2.226869761828245,0.23002962760408247,0.26787517493351753,False,,,0.0706,0.1012812518894642,2.2279836774354367,1.9601085025019191,1.1877133309070844,True,False
UPPER,1,B,N,B,0,-1,8,-1,5.750341433168557e-16,0.17767126322229615,0.3102073857218623,0.441263026985043,0.23002962760408247,0.26787517493351753,False,,,0.1066,0.20751526192571168,0.4539565597687918,0.18608138483527425,0.0788245244334466,True,False
UPPER,1,B,N,B,0,-1,9,1,5.572821196382187e-16,0.13182396042464586,1.4329691299941425,2.2037861251578565,0.23002962760408247,0.26787517493351753,False,,,0.05,0.14098647107307805,2.20435325138869,1.9364780764551726,1.1812216314421002,True,False
UPPER,1,B,N,B,0,-1,9,-1,5.125386560330629e-16,0.1778910370782514,0.31015365585311366,0.4411209479242165,0.23002962760408247,0.26787517493351753,False,,,0.1063,0.20722963401350156,0.45374727639750406,0.18587210146398653,0.07878480914760642,True,False
UPPER,1,B,N,B,0,-1,10,1,5.902702225995645e-16,0.2514287839100644,1.456170596889089,2.3096669656457456,0.23002962760408247,0.26787517493351753,False,,,0.05,0.25635211106621036,2.3102080254121766,2.042332850478659,1.1904056681050919,True,False
UPPER,1,B,N,B,0,-1,10,-1,7.098015405190736e-16,0.17748247220463337,0.3101872944053991,0.4413636718861929,0.23002962760408247,0.26787517493351753,False,,,0.1065,0.20668973602593863,0.45404098622974776,0.18616581129623022,0.07896721883505825,True,False
UPPER,1,B,N,B,0,-1,11,1,5.487223957447183e-16,0.3349493466609238,1.4692811509111385,2.3248806180135335,0.23002962760408247,0.26787517493351753,False,,,0.05,0.33866065064927237,2.3254304601357267,2.057555285202209,1.2025966482421298,True,False
UPPER,1,B,N,B,0,-1,11,-1,5.064194841530505e-16,0.1775626077219475,0.3102165305953929,0.44124459462403054,0.23002962760408247,0.26787517493351753,False,,,0.10619999999999999,0.20681820498244535,0.4539678445150731,0.18609266958155557,0.07901000710610878,True,False
UPPER,1,B,N,B,0,-1,12,1,5.703393689887334e-16,0.17826145704735444,1.470537569809552,2.308627586600084,0.23002962760408247,0.26787517493351753,False,,,0.05,0.1851523945634954,2.309163675713118,2.0412885007796007,1.2125056469891193,True,False
UPPER,1,B,N,B,0,-1,12,-1,4.962495838057332e-16,0.17740920660191434,0.31019282865237846,0.4412457858599723,0.23002962760408247,0.26787517493351753,False,,,0.106,0.20653842317912735,0.45376288550869076,0.18588771057517323,0.0788996372966503,True,False
UPPER,1,B,N,B,0,-1,13,1,5.915130238913779e-16,0.07302763298988434,1.4306011898116096,2.226869761825209,0.23002962760408247,0.26787517493351753,False,,,0.0706,0.10128125189376513,2.2279836774324018,1.9601085024988842,1.1877133309061323,True,False
UPPER,1,B,N,B,0,-1,13,-1,5.171621517762678e-16,0.17767126322229573,0.3102073857218622,0.4412630269850431,0.23002962760408247,0.26787517493351753,False,,,0.1066,0.20751526192571143,0.45395655976879185,0.1860813848352743,0.07882452443344667,True,False
UPPER,1,B,N,B,0,-1,14,1,5.155610310847755e-16,0.1318239604264571,1.432969129994208,2.2037861251572077,0.23002962760408247,0.26787517493351753,False,,,0.05,0.14098647107477158,2.2043532513880413,1.9364780764545237,1.1812216314419317,True,False
UPPER,1,B,N,B,0,-1,14,-1,6.026519193891753e-16,0.17789103707825152,0.3101536558531139,0.44112094792421674,0.23002962760408247,0.26787517493351753,False,,,0.1063,0.20722963401350164,0.4537472763975043,0.18587210146398675,0.07878480914760636,True,False
UPPER,1,B,N,B,1,1,0,1,5.882942671604225e-16,0.17752240789480628,0.31008822764679383,0.44121551229321704,0.23002962760408247,0.26787517493351753,False,,,0.106,0.20680639183264174,0.4537143134253329,0.18583913849181538,0.07884752698196841,True,False
UPPER,1,B,N,B,1,1,0,-1,4.853308022175572e-16,0.3337095808491108,1.462891786707139,2.319011923535723,0.23002962760408247,0.26787517493351753,False,,,0.05,0.337428719830353,2.3195457236193393,2.0516705486858218,1.1962490719737955,True,False
UPPER,1,B,N,B,1,1,1,1,5.489655283421506e-16,0.17767962268971463,0.31015807543622714,0.44128835316924,0.23002962760408247,0.26787517493351753,False,,,0.1069,0.2073384325031247,0.4540324036436642,0.18615722871014667,0.07884341752509046,True,False
UPPER,1,B,N,B,1,1,1,-1,6.259176636057446e-16,0.07096491020481842,1.4310818118107584,2.248535058958972,0.23002962760408247,0.26787517493351753,False,,,0.13429999999999997,0.152365881079265,2.2525280168986432,1.9846528419651257,1.1926348467477483,True,False
UPPER,1,B,N,B,1,1,2,1,5.345504599911492e-16,0.17782549107009424,0.31023507054564153,0.4411242536150842,0.23002962760408247,0.26787517493351753,False,,,0.106,0.2067758900586674,0.4536719579278465,0.18579678299432895,0.0788994380341037,True,False
UPPER,1,B,N,B,1,1,2,-1,6.023392026848807e-16,0.26198903722424155,1.4571439944766942,2.3109465997975858,0.23002962760408247,0.26787517493351753,False,,,0.05,0.26670213460985687,2.3114966053191046,2.043621430385587,1.1906655551737364,True,False
UPPER,1,B,N,B,1,1,3,1,5.426161873483025e-16,0.17766697798684672,0.3102642753699502,0.44121841992711186,0.23002962760408247,0.26787517493351753,False,,,0.10669999999999999,0.2069854843143528,0.45403612001133214,0.1861609450778146,0.07893434133048031,True,False
UPPER,1,B,N,B,1,1,3,-1,6.662493364383725e-16,0.17936519024106753,1.4705601488433107,2.3093601127915004,0.23002962760408247,0.26787517493351753,False,,,0.05,0.18618175111966143,2.3099004712688886,2.042025296335371,1.212386484440958,True,False
UPPER,1,B,N,B,1,1,4,1,3.6358947526272747e-16,0.17739168945385828,0.31019718947003005,0.441360979297371,0.23002962760408247,0.26787517493351753,False,,,0.1068,0.20717074718865713,0.45403857660226643,0.1861634016687489,0.07895571218856269,True,False
UPPER,1,B,N,B,1,1,4,-1,6.015670098720657e-16,0.38421596576289413,1.4658952007562447,2.322362661449046,0.23002962760408247,0.26787517493351753,False,,,0.05,0.3874217177651637,2.322909963941439,2.0550347890079212,1.1992206892352106,True,False
UPPER,1,B,N,B,1,1,5,1,7.398921998353225e-16,0.17752240789480653,0.3100882276467939,0.4412155122932169,0.23002962760408247,0.26787517493351753,False,,,0.106,0.20680639183264185,0.4537143134253328,0.18583913849181527,0.07884752698196838,True,False
UPPER,1,B,N,B,1,1,5,-1,6.793583268150563e-16,0.33370958082712426,1.462891786705658,2.3190119235338917,0.23002962760408247,0.26787517493351753,False,,,0.05,0.3374287198086088,2.319545723617508,2.0516705486839903,1.196249071972332,True,False
UPPER,1,B,N,B,1,1,6,1,5.428128901797845e-16,0.1776796226897147,0.31015807543622714,0.44128835316923987,0.23002962760408247,0.26787517493351753,False,,,0.1069,0.20733843250312478,0.4540324036436641,0.18615722871014656,0.07884341752509043,True,False
UPPER,1,B,N,B,1,1,6,-1,6.041110710608815e-16,0.07096491019851424,1.4310818118102873,2.2485350589559774,0.23002962760408247,0.26787517493351753,False,,,0.13429999999999997,0.1523658810763288,2.252528016895654,1.9846528419621365,1.1926348467470715,True,False
UPPER,1,B,N,B,1,1,7,1,5.839468532558428e-16,0.17782549107009443,0.31023507054564164,0.44112425361508395,0.23002962760408247,0.26787517493351753,False,,,0.106,0.2067758900586677,0.45367195792784615,0.1857967829943286,0.07889943803410362,True,False
UPPER,1,B,N,B,1,1,7,-1,5.663441555312457e-16,0.26198903722384725,1.4571439944766567,2.3109465997975316,0.23002962760408247,0.26787517493351753,False,,,0.05,0.26670213460946957,2.3114966053190504,2.043621430385533,1.1906655551737257,True,False
UPPER,1,B,N,B,1,1,8,1,5.71323233024256e-16,0.17766697798684628,0.3102642753699501,0.44121841992711175,0.23002962760408247,0.26787517493351753,False,,,0.10669999999999999,0.20698548431435243,0.45403612001133203,0.1861609450778145,0.07893434133048036,True,False
UPPER,1,B,N,B,1,1,8,-1,5.276493808204979e-16,0.1793651902400851,1.470560148843296,2.309360112790514,0.23002962760408247,0.26787517493351753,False,,,0.05,0.18618175111871496,2.3099004712679023,2.042025296334385,1.2123864844410717,True,False
UPPER,1,B,N,B,1,1,9,1,5.878039484808511e-16,0.17739168945385803,0.31019718947003,0.4413609792973711,0.23002962760408247,0.26787517493351753,False,,,0.1068,0.20717074718865672,0.4540385766022663,0.18616340166874878,0.07895571218856272,True,False
UPPER,1,B,N,B,1,1,9,-1,2.4678702257706787e-16,0.3842159657660301,1.4658952007564068,2.322362661449212,0.23002962760408247,0.26787517493351753,False,,,0.05,0.3874217177682738,2.322909963941605,2.0550347890080873,1.1992206892353712,True,False
UPPER,1,B,N,B,1,1,10,1,5.995917132561973e-16,0.1775224078948063,0.3100882276467939,0.44121551229321704,0.23002962760408247,0.26787517493351753,False,,,0.106,0.20680639183264174,0.4537143134253329,0.18583913849181538,0.07884752698196835,True,False
UPPER,1,B,N,B,1,1,10,-1,6.026184229807863e-16,0.33370958082712426,1.4628917867056577,2.3190119235338917,0.23002962760408247,0.26787517493351753,False,,,0.05,0.3374287198086088,2.319545723617508,2.0516705486839903,1.196249071972332,True,False
UPPER,1,B,N,B,1,1,11,1,5.921772921897815e-16,0.17767962268971488,0.31015807543622714,0.44128835316924,0.23002962760408247,0.26787517493351753,False,,,0.1069,0.20733843250312492,0.4540324036436642,0.18615722871014667,0.07884341752509043,True,False
UPPER,1,B,N,B,1,1,11,-1,5.868799622054233e-16,0.0709649101989579,1.4310818118103201,2.2485350589561883,0.23002962760408247,0.26787517493351753,False,,,0.13429999999999997,0.15236588107653545,2.2525280168958646,1.984652841962347,1.192634846747119,True,False
UPPER,1,B,N,B,1,1,12,1,7.350816280188708e-16,0.17782549107009432,0.31023507054564153,0.44112425361508395,0.23002962760408247,0.26787517493351753,False,,,0.106,0.2067758900586673,0.45367195792784615,0.1857967829943286,0.07889943803410368,True,False
UPPER,1,B,N,B,1,1,12,-1,4.677967270085605e-16,0.26198903722364986,1.4571439944766382,2.310946599797505,0.23002962760408247,0.26787517493351753,False,,,0.05,0.26670213460927567,2.311496605319024,2.0436214303855063,1.1906655551737204,True,False
UPPER,1,B,N,B,1,1,13,1,5.819901690728196e-16,0.17766697798684603,0.31026427536995005,0.4412184199271117,0.23002962760408247,0.26787517493351753,False,,,0.10669999999999999,0.2069854843143522,0.454036120011332,0.18616094507781444,0.0789343413304804,True,False
UPPER,1,B,N,B,1,1,13,-1,5.612124993627149e-16,0.17936519023836894,1.4705601488432702,2.3093601127887893,0.23002962760408247,0.26787517493351753,False,,,0.05,0.18618175111706162,2.3099004712661784,2.042025296332661,1.2123864844412706,True,False
UPPER,1,B,N,B,1,1,14,1,5.952581711473007e-16,0.17739168945385778,0.3101971894700298,0.44136097929737106,0.23002962760408247,0.26787517493351753,False,,,0.1068,0.20717074718865672,0.4540385766022664,0.18616340166874884,0.07895571218856273,True,False
UPPER,1,B,N,B,1,1,14,-1,5.497294132651182e-16,0.38421596576602995,1.4658952007564068,2.322362661449212,0.23002962760408247,0.26787517493351753,False,,,0.05,0.3874217177682736,2.322909963941605,2.0550347890080873,1.1992206892353712,True,False
UPPER,1,B,N,B,1,-1,0,1,4.152401105233554e-16,0.3337095808491108,1.462891786707139,2.319011923535723,0.23002962760408247,0.26787517493351753,False,,,0.05,0.337428719830353,2.3195457236193393,2.0516705486858218,1.1962490719737955,True,False
UPPER,1,B,N,B,1,-1,0,-1,5.621745306561216e-16,0.17752240789480628,0.31008822764679383,0.44121551229321704,0.23002962760408247,0.26787517493351753,False,,,0.106,0.20680639183264174,0.4537143134253329,0.18583913849181538,0.07884752698196841,True,False
UPPER,1,B,N,B,1,-1,1,1,7.005399763855969e-16,0.38421596576602995,1.4658952007564068,2.322362661449212,0.23002962760408247,0.26787517493351753,False,,,0.05,0.3874217177682736,2.322909963941605,2.0550347890080873,1.1992206892353712,True,False
UPPER,1,B,N,B,1,-1,1,-1,5.516777745966688e-16,0.17739168945385778,0.3101971894700298,0.44136097929737106,0.23002962760408247,0.26787517493351753,False,,,0.1068,0.20717074718865672,0.4540385766022664,0.18616340166874884,0.07895571218856273,True,False
UPPER,1,B,N,B,1,-1,2,1,5.685299159545309e-16,0.17936519023836894,1.4705601488432702,2.3093601127887893,0.23002962760408247,0.26787517493351753,False,,,0.05,0.18618175111706162,2.3099004712661784,2.042025296332661,1.2123864844412706,True,False
UPPER,1,B,N,B,1,-1,2,-1,5.808006296338306e-16,0.17766697798684603,0.31026427536995005,0.4412184199271117,0.23002962760408247,0.26787517493351753,False,,,0.10669999999999999,0.2069854843143522,0.454036120011332,0.18616094507781444,0.0789343413304804,True,False
UPPER,1,B,N,B,1,-1,3,1,4.676516907095405e-16,0.26198903722364986,1.4571439944766382,2.310946599797505,0.23002962760408247,0.26787517493351753,False,,,0.05,0.26670213460927567,2.311496605319024,2.0436214303855063,1.1906655551737204,True,False
UPPER,1,B,N,B,1,-1,3,-1,6.760197830446439e-16,0.17782549107009432,0.31023507054564153,0.44112425361508395,0.23002962760408247,0.26787517493351753,False,,,0.106,0.2067758900586673,0.45367195792784615,0.1857967829943286,0.07889943803410368,True,False
UPPER,1,B,N,B,1,-1,4,1,5.690131358254552e-16,0.0709649101989579,1.4310818118103201,2.2485350589561883,0.23002962760408247,0.26787517493351753,False,,,0.13429999999999997,0.15236588107653545,2.2525280168958646,1.984652841962347,1.192634846747119,True,False
UPPER,1,B,N,B,1,-1,4,-1,6.248642580346395e-16,0.17767962268971488,0.31015807543622714,0.44128835316924,0.23002962760408247,0.26787517493351753,False,,,0.1069,0.20733843250312492,0.4540324036436642,0.18615722871014667,0.07884341752509043,True,False
UPPER,1,B,N,B,1,-1,5,1,6.133345696056314e-16,0.33370958082712426,1.4628917867056577,2.3190119235338917,0.23002962760408247,0.26787517493351753,False,,,0.05,0.3374287198086088,2.319545723617508,2.0516705486839903,1.196249071972332,True,False
UPPER,1,B,N,B,1,-1,5,-1,6.401538390467187e-16,0.1775224078948063,0.3100882276467939,0.44121551229321704,0.23002962760408247,0.26787517493351753,False,,,0.106,0.20680639183264174,0.4537143134253329,0.18583913849181538,0.07884752698196835,True,False
UPPER,1,B,N,B,1,-1,6,1,2.3794123687251253e-16,0.3842159657660301,1.4658952007564068,2.322362661449212,0.23002962760408247,0.26787517493351753,False,,,0.05,0.3874217177682738,2.322909963941605,2.0550347890080873,1.1992206892353712,True,False
UPPER,1,B,N,B,1,-1,6,-1,6.068570344265387e-16,0.17739168945385803,0.31019718947003,0.4413609792973711,0.23002962760408247,0.26787517493351753,False,,,0.1068,0.20717074718865672,0.4540385766022663,0.18616340166874878,0.07895571218856272,True,False
UPPER,1,B,N,B,1,-1,7,1,5.382130692421371e-16,0.1793651902400851,1.470560148843296,2.309360112790514,0.23002962760408247,0.26787517493351753,False,,,0.05,0.18618175111871496,2.3099004712679023,2.042025296334385,1.2123864844410717,True,False
UPPER,1,B,N,B,1,-1,7,-1,5.642180448938034e-16,0.17766697798684628,0.3102642753699501,0.44121841992711175,0.23002962760408247,0.26787517493351753,False,,,0.10669999999999999,0.20698548431435243,0.45403612001133203,0.1861609450778145,0.07893434133048036,True,False
UPPER,1,B,N,B,1,-1,8,1,5.975545085454378e-16,0.26198903722384725,1.4571439944766567,2.3109465997975316,0.23002962760408247,0.26787517493351753,False,,,0.05,0.26670213460946957,2.3114966053190504,2.043621430385533,1.1906655551737257,True,False
UPPER,1,B,N,B,1,-1,8,-1,5.999567155267946e-16,0.17782549107009443,0.31023507054564164,0.44112425361508395,0.23002962760408247,0.26787517493351753,False,,,0.106,0.2067758900586677,0.45367195792784615,0.1857967829943286,0.07889943803410362,True,False
UPPER,1,B,N,B,1,-1,9,1,6.185798527955142e-16,0.07096491019851424,1.4310818118102873,2.2485350589559774,0.23002962760408247,0.26787517493351753,False,,,0.13429999999999997,0.1523658810763288,2.252528016895654,1.9846528419621365,1.1926348467470715,True,False
UPPER,1,B,N,B,1,-1,9,-1,5.620838921933025e-16,0.1776796226897147,0.31015807543622714,0.44128835316923987,0.23002962760408247,0.26787517493351753,False,,,0.1069,0.20733843250312478,0.4540324036436641,0.18615722871014656,0.07884341752509043,True,False
UPPER,1,B,N,B,1,-1,10,1,6.138470243938686e-16,0.33370958082712426,1.462891786705658,2.3190119235338917,0.23002962760408247,0.26787517493351753,False,,,0.05,0.3374287198086088,2.319545723617508,2.0516705486839903,1.196249071972332,True,False
UPPER,1,B,N,B,1,-1,10,-1,6.177923550544149e-16,0.17752240789480653,0.3100882276467939,0.4412155122932169,0.23002962760408247,0.26787517493351753,False,,,0.106,0.20680639183264185,0.4537143134253328,0.18583913849181527,0.07884752698196838,True,False
UPPER,1,B,N,B,1,-1,11,1,5.685218929510144e-16,0.38421596576289413,1.4658952007562447,2.322362661449046,0.23002962760408247,0.26787517493351753,False,,,0.05,0.3874217177651637,2.322909963941439,2.0550347890079212,1.1992206892352106,True,False
UPPER,1,B,N,B,1,-1,11,-1,4.393514689254773e-16,0.17739168945385828,0.31019718947003005,0.441360979297371,0.23002962760408247,0.26787517493351753,False,,,0.1068,0.20717074718865713,0.45403857660226643,0.1861634016687489,0.07895571218856269,True,False
UPPER,1,B,N,B,1,-1,12,1,6.584648704446207e-16,0.17936519024106753,1.4705601488433107,2.3093601127915004,0.23002962760408247,0.26787517493351753,False,,,0.05,0.18618175111966143,2.3099004712688886,2.042025296335371,1.212386484440958,True,False
UPPER,1,B,N,B,1,-1,12,-1,6.035138518117498e-16,0.17766697798684672,0.3102642753699502,0.44121841992711186,0.23002962760408247,0.26787517493351753,False,,,0.10669999999999999,0.2069854843143528,0.45403612001133214,0.1861609450778146,0.07893434133048031,True,False
UPPER,1,B,N,B,1,-1,13,1,5.977727472747832e-16,0.26198903722424155,1.4571439944766942,2.3109465997975858,0.23002962760408247,0.26787517493351753,False,,,0.05,0.26670213460985687,2.3114966053191046,2.043621430385587,1.1906655551737364,True,False
UPPER,1,B,N,B,1,-1,13,-1,5.884895546359193e-16,0.17782549107009424,0.31023507054564153,0.4411242536150842,0.23002962760408247,0.26787517493351753,False,,,0.106,0.2067758900586674,0.4536719579278465,0.18579678299432895,0.0788994380341037,True,False
UPPER,1,B,N,B,1,-1,14,1,5.630609813123939e-16,0.07096491020481842,1.4310818118107584,2.248535058958972,0.23002962760408247,0.26787517493351753,False,,,0.13429999999999997,0.152365881079265,2.2525280168986432,1.9846528419651257,1.1926348467477483,True,False
UPPER,1,B,N,B,1,-1,14,-1,5.701233957755224e-16,0.17767962268971463,0.31015807543622714,0.44128835316924,0.23002962760408247,0.26787517493351753,False,,,0.1069,0.2073384325031247,0.4540324036436642,0.18615722871014667,0.07884341752509046,True,False
UPPER,2,B,N-B,N,0,1,0,1,5.413894776642741e-16,0.1774092066019143,0.3101928286523783,0.4412457858599722,0.22001654685129554,0.40562469034851073,False,,,0.12940000000000002,0.2194424945540902,0.4597845220406847,0.054159831692173976,0.02162466481105305,True,False
UPPER,2,B,N-B,N,0,1,0,-1,8.542378120916894e-16,0.17826145704680788,1.4705375698095444,2.308627586599074,0.22001654685129554,0.40562469034851073,False,,,0.05,0.18515239456296917,2.309163675712109,1.903538985363598,1.0832718938850041,True,False
UPPER,2,B,N-B,N,0,1,1,1,7.184977011436563e-16,0.1775626077219475,0.31021653059539284,0.44124459462403054,0.22001654685129554,0.40562469034851073,False,,,0.1298,0.21985449251794353,0.460112666783322,0.05448797643481129,0.02174562873412074,True,False
UPPER,2,B,N-B,N,0,1,1,-1,5.962038450420433e-16,0.3349493466642694,1.469281150911036,2.3248806180135158,0.22001654685129554,0.40562469034851073,False,,,0.05,0.33866065065258133,2.325430460135709,1.9198057697871982,1.0693114021400953,True,False
UPPER,2,B,N-B,N,0,1,2,1,5.2818690766975e-16,0.17748247220463334,0.3101872944053991,0.4413636718861929,0.22001654685129554,0.40562469034851073,False,,,0.1295,0.21936797500350685,0.4599817136884691,0.054357023339958344,0.021709322715141238,True,False
UPPER,2,B,N-B,N,0,1,2,-1,5.233715701344485e-16,0.25142878391020396,1.456170596889103,2.309666965645766,0.22001654685129554,0.40562469034851073,False,,,0.05,0.25635211106634725,2.3102080254121966,1.9045833350636858,1.063722642734203,True,False
UPPER,2,B,N-B,N,0,1,3,1,5.212511512021326e-16,0.17789103707825116,0.31015365585311366,0.44112094792421663,0.22001654685129554,0.40562469034851073,False,,,0.1293,0.219915325317443,0.45967947521535046,0.054054784866839733,0.021519033045878332,True,False
UPPER,2,B,N-B,N,0,1,3,-1,5.390214937256553e-16,0.1318239604237404,1.4329691299941099,2.203786125158181,0.22001654685129554,0.40562469034851073,False,,,0.05,0.14098647107223142,2.2043532513890147,1.798728561040504,1.0586636567081,True,False
UPPER,2,B,N-B,N,0,1,4,1,4.704737934122725e-16,0.17767126322229607,0.31020738572186235,0.4412630269850429,0.22001654685129554,0.40562469034851073,False,,,0.12869999999999998,0.21971902812568583,0.459648426024334,0.05402373567582325,0.021548781775154884,True,False
UPPER,2,B,N-B,N,0,1,4,-1,4.981966630259706e-16,0.07302763299102256,1.4306011898116586,2.2268697618246294,0.22001654685129554,0.40562469034851073,False,,,0.0706,0.10128125189458584,2.2279836774318227,1.822358987083312,1.0676628788294376,True,False
UPPER,2,B,N-B,N,0,1,5,1,5.809364616253387e-16,0.17740920660191428,0.31019282865237835,0.441245785859972,0.22001654685129554,0.40562469034851073,False,,,0.12940000000000002,0.2194424945540902,0.45978452204068454,0.05415983169217381,0.02162466481105307,True,False
UPPER,2,B,N-B,N,0,1,5,-1,6.438085373126067e-16,0.17826145704705396,1.470537569809548,2.3086275865995294,0.22001654685129554,0.40562469034851073,False,,,0.05,0.18515239456320606,2.3091636757125635,1.9035389853640527,1.0832718938849752,True,False
UPPER,2,B,N-B,N,0,1,6,1,5.503003966050726e-16,0.1775626077219475,0.31021653059539284,0.4412445946240305,0.22001654685129554,0.40562469034851073,False,,,0.1298,0.21985449251794353,0.4601126667833221,0.05448797643481135,0.021745628734120722,True,False
UPPER,2,B,N-B,N,0,1,6,-1,5.758333898263898e-16,0.33494934666229126,1.4692811509110968,2.3248806180135264,0.22001654685129554,0.40562469034851073,False,,,0.05,0.33866065065062484,2.3254304601357196,1.9198057697872088,1.0693114021402867,True,False
UPPER,2,B,N-B,N,0,1,7,1,5.76027510513843e-16,0.17748247220463328,0.31018729440539894,0.44136367188619324,0.22001654685129554,0.40562469034851073,False,,,0.1295,0.21936797500350683,0.45998171368846935,0.05435702333995862,0.021709322715141276,True,False
UPPER,2,B,N-B,N,0,1,7,-1,5.648900794591055e-16,0.2514287839073071,1.4561705968888163,2.3096669656453415,0.22001654685129554,0.40562469034851073,False,,,0.05,0.256352111063506,2.3102080254117725,1.9045833350632617,1.0637226427343514,True,False
UPPER,2,B,N-B,N,0,1,8,1,6.371729215291931e-16,0.17789103707825152,0.3101536558531139,0.44112094792421674,0.22001654685129554,0.40562469034851073,False,,,0.1293,0.2199153253174433,0.45967947521535063,0.0540547848668399,0.021519033045878263,True,False
UPPER,2,B,N-B,N,0,1,8,-1,4.96316804426771e-16,0.1318239604264571,1.432969129994208,2.2037861251572077,0.22001654685129554,0.40562469034851073,False,,,0.05,0.14098647107477158,2.2043532513880413,1.7987285610395305,1.05866365670768,True,False
UPPER,2,B,N-B,N,0,1,9,1,5.24745654585139e-16,0.17767126322229573,0.3102073857218622,0.4412630269850431,0.22001654685129554,0.40562469034851073,False,,,0.12869999999999998,0.21971902812568547,0.4596484260243342,0.05402373567582347,0.02154878177515495,True,False
UPPER,2,B,N-B,N,0,1,9,-1,5.869803293704507e-16,0.07302763298988434,1.4306011898116096,2.226869761825209,0.22001654685129554,0.40562469034851073,False,,,0.0706,0.10128125189376513,2.2279836774324018,1.822358987083891,1.0676628788296192,True,False
UPPER,2,B,N-B,N,0,1,10,1,5.393447592735513e-16,0.17740920660191434,0.31019282865237846,0.4412457858599723,0.22001654685129554,0.40562469034851073,False,,,0.12940000000000002,0.21944249455409023,0.4597845220406848,0.05415983169217409,0.021624664811053053,True,False
UPPER,2,B,N-B,N,0,1,10,-1,5.493105033915613e-16,0.17826145704735444,1.470537569809552,2.308627586600084,0.22001654685129554,0.40562469034851073,False,,,0.05,0.1851523945634954,2.309163675713118,1.9035389853646074,1.0832718938849402,True,False
UPPER,2,B,N-B,N,0,1,11,1,5.305381292996426e-16,0.1775626077219475,0.3102165305953929,0.44124459462403054,0.22001654685129554,0.40562469034851073,False,,,0.1298,0.21985449251794353,0.4601126667833223,0.05448797643481157,0.021745628734120726,True,False
UPPER,2,B,N-B,N,0,1,11,-1,5.618994625395087e-16,0.3349493466609238,1.4692811509111385,2.3248806180135335,0.22001654685129554,0.40562469034851073,False,,,0.05,0.33866065064927237,2.3254304601357267,1.919805769787216,1.069311402140419,True,False
UPPER,2,B,N-B,N,0,1,12,1,6.943831017559421e-16,0.17748247220463337,0.3101872944053991,0.4413636718861929,0.22001654685129554,0.40562469034851073,False,,,0.1295,0.21936797500350688,0.4599817136884691,0.054357023339958344,0.02170932271514125,True,False
UPPER,2,B,N-B,N,0,1,12,-1,5.677489345801537e-16,0.2514287839100644,1.456170596889089,2.3096669656457456,0.22001654685129554,0.40562469034851073,False,,,0.05,0.25635211106621036,2.3102080254121766,1.9045833350636658,1.0637226427342104,True,False
UPPER,2,B,N-B,N,0,1,13,1,3.8827324012512523e-16,0.1778910370782514,0.31015365585311366,0.4411209479242165,0.22001654685129554,0.40562469034851073,False,,,0.1293,0.2199153253174432,0.4596794752153504,0.05405478486683968,0.021519033045878322,True,False
UPPER,2,B,N-B,N,0,1,13,-1,5.394947420569282e-16,0.13182396042464586,1.4329691299941425,2.2037861251578565,0.22001654685129554,0.40562469034851073,False,,,0.05,0.14098647107307805,2.20435325138869,1.7987285610401793,1.05866365670796,True,False
UPPER,2,B,N-B,N,0,1,14,1,5.6855517914094e-16,0.17767126322229615,0.3102073857218623,0.441263026985043,0.22001654685129554,0.40562469034851073,False,,,0.12869999999999998,0.21971902812568567,0.4596484260243341,0.05402373567582336,0.02154878177515486,True,False
UPPER,2,B,N-B,N,0,1,14,-1,5.411553267322052e-16,0.07302763298391943,1.4306011898113504,2.226869761828245,0.22001654685129554,0.40562469034851073,False,,,0.0706,0.1012812518894642,2.2279836774354367,1.822358987086926,1.0676628788305713,True,False
UPPER,2,B,N-B,N,0,-1,0,1,4.913771890593507e-16,0.07302763298391943,1.4306011898113504,2.226869761828245,0.22001654685129554,0.40562469034851073,False,,,0.0706,0.1012812518894642,2.2279836774354367,1.822358987086926,1.0676628788305713,True,False
UPPER,2,B,N-B,N,0,-1,0,-1,5.777751891344997e-16,0.17767126322229615,0.3102073857218623,0.441263026985043,0.22001654685129554,0.40562469034851073,False,,,0.12869999999999998,0.21971902812568567,0.4596484260243341,0.05402373567582336,0.02154878177515486,True,False
UPPER,2,B,N-B,N,0,-1,1,1,5.366548156795065e-16,0.13182396042464586,1.4329691299941425,2.2037861251578565,0.22001654685129554,0.40562469034851073,False,,,0.05,0.14098647107307805,2.20435325138869,1.7987285610401793,1.05866365670796,True,False
UPPER,2,B,N-B,N,0,-1,1,-1,5.080503704090225e-16,0.1778910370782514,0.31015365585311366,0.4411209479242165,0.22001654685129554,0.40562469034851073,False,,,0.1293,0.2199153253174432,0.4596794752153504,0.05405478486683968,0.021519033045878322,True,False
UPPER,2,B,N-B,N,0,-1,2,1,5.995217157674705e-16,0.2514287839100644,1.456170596889089,2.3096669656457456,0.22001654685129554,0.40562469034851073,False,,,0.05,0.25635211106621036,2.3102080254121766,1.9045833350636658,1.0637226427342104,True,False
UPPER,2,B,N-B,N,0,-1,2,-1,7.500088231162314e-16,0.17748247220463337,0.3101872944053991,0.4413636718861929,0.22001654685129554,0.40562469034851073,False,,,0.1295,0.21936797500350688,0.4599817136884691,0.054357023339958344,0.02170932271514125,True,False
UPPER,2,B,N-B,N,0,-1,3,1,5.625892525901599e-16,0.3349493466609238,1.4692811509111385,2.3248806180135335,0.22001654685129554,0.40562469034851073,False,,,0.05,0.33866065064927237,2.3254304601357267,1.919805769787216,1.069311402140419,True,False
UPPER,2,B,N-B,N,0,-1,3,-1,5.204999159703705e-16,0.1775626077219475,0.3102165305953929,0.44124459462403054,0.22001654685129554,0.40562469034851073,False,,,0.1298,0.21985449251794353,0.4601126667833223,0.05448797643481157,0.021745628734120726,True,False
UPPER,2,B,N-B,N,0,-1,4,1,5.689273396718756e-16,0.17826145704735444,1.470537569809552,2.308627586600084,0.22001654685129554,0.40562469034851073,False,,,0.05,0.1851523945634954,2.309163675713118,1.9035389853646074,1.0832718938849402,True,False
UPPER,2,B,N-B,N,0,-1,4,-1,4.892209061674013e-16,0.17740920660191434,0.31019282865237846,0.4412457858599723,0.22001654685129554,0.40562469034851073,False,,,0.12940000000000002,0.21944249455409023,0.4597845220406848,0.05415983169217409,0.021624664811053053,True,False
UPPER,2,B,N-B,N,0,-1,5,1,5.746970104112873e-16,0.07302763298988434,1.4306011898116096,2.226869761825209,0.22001654685129554,0.40562469034851073,False,,,0.0706,0.10128125189376513,2.2279836774324018,1.822358987083891,1.0676628788296192,True,False
UPPER,2,B,N-B,N,0,-1,5,-1,5.212533854053381e-16,0.17767126322229573,0.3102073857218622,0.4412630269850431,0.22001654685129554,0.40562469034851073,False,,,0.12869999999999998,0.21971902812568547,0.4596484260243342,0.05402373567582347,0.02154878177515495,True,False
UPPER,2,B,N-B,N,0,-1,6,1,4.591489470206386e-16,0.1318239604264571,1.432969129994208,2.2037861251572077,0.22001654685129554,0.40562469034851073,False,,,0.05,0.14098647107477158,2.2043532513880413,1.7987285610395305,1.05866365670768,True,False
UPPER,2,B,N-B,N,0,-1,6,-1,5.746159474784681e-16,0.17789103707825152,0.3101536558531139,0.44112094792421674,0.22001654685129554,0.40562469034851073,False,,,0.1293,0.2199153253174433,0.45967947521535063,0.0540547848668399,0.021519033045878263,True,False
UPPER,2,B,N-B,N,0,-1,7,1,5.476982883043342e-16,0.2514287839073071,1.4561705968888163,2.3096669656453415,0.22001654685129554,0.40562469034851073,False,,,0.05,0.256352111063506,2.3102080254117725,1.9045833350632617,1.0637226427343514,True,False
UPPER,2,B,N-B,N,0,-1,7,-1,5.768215109467311e-16,0.17748247220463328,0.31018729440539894,0.44136367188619324,0.22001654685129554,0.40562469034851073,False,,,0.1295,0.21936797500350683,0.45998171368846935,0.05435702333995862,0.021709322715141276,True,False
UPPER,2,B,N-B,N,0,-1,8,1,5.360461249270977e-16,0.33494934666229126,1.4692811509110968,2.3248806180135264,0.22001654685129554,0.40562469034851073,False,,,0.05,0.33866065065062484,2.3254304601357196,1.9198057697872088,1.0693114021402867,True,False
UPPER,2,B,N-B,N,0,-1,8,-1,5.569816471361973e-16,0.1775626077219475,0.31021653059539284,0.4412445946240305,0.22001654685129554,0.40562469034851073,False,,,0.1298,0.21985449251794353,0.4601126667833221,0.05448797643481135,0.021745628734120722,True,False
UPPER,2,B,N-B,N,0,-1,9,1,5.798802118795292e-16,0.17826145704705396,1.470537569809548,2.3086275865995294,0.22001654685129554,0.40562469034851073,False,,,0.05,0.18515239456320606,2.3091636757125635,1.9035389853640527,1.0832718938849752,True,False
UPPER,2,B,N-B,N,0,-1,9,-1,5.710481530909593e-16,0.17740920660191428,0.31019282865237835,0.441245785859972,0.22001654685129554,0.40562469034851073,False,,,0.12940000000000002,0.2194424945540902,0.45978452204068454,0.05415983169217381,0.02162466481105307,True,False
UPPER,2,B,N-B,N,0,-1,10,1,5.21201437703603e-16,0.07302763299102256,1.4306011898116586,2.2268697618246294,0.22001654685129554,0.40562469034851073,False,,,0.0706,0.10128125189458584,2.2279836774318227,1.822358987083312,1.0676628788294376,True,False
UPPER,2,B,N-B,N,0,-1,10,-1,6.438210487303062e-16,0.17767126322229607,0.31020738572186235,0.4412630269850429,0.22001654685129554,0.40562469034851073,False,,,0.12869999999999998,0.21971902812568583,0.459648426024334,0.05402373567582325,0.021548781775154884,True,False
UPPER,2,B,N-B,N,0,-1,11,1,5.637733320911158e-16,0.1318239604237404,1.4329691299941099,2.203786125158181,0.22001654685129554,0.40562469034851073,False,,,0.05,0.14098647107223142,2.2043532513890147,1.798728561040504,1.0586636567081,True,False
UPPER,2,B,N-B,N,0,-1,11,-1,4.453714648865109e-16,0.17789103707825116,0.31015365585311366,0.44112094792421663,0.22001654685129554,0.40562469034851073,False,,,0.1293,0.219915325317443,0.45967947521535046,0.054054784866839733,0.021519033045878332,True,False
UPPER,2,B,N-B,N,0,-1,12,1,4.2043469688105446e-16,0.25142878391020396,1.456170596889103,2.309666965645766,0.22001654685129554,0.40562469034851073,False,,,0.05,0.25635211106634725,2.3102080254121966,1.9045833350636858,1.063722642734203,True,False
UPPER,2,B,N-B,N,0,-1,12,-1,5.21360720606319e-16,0.17748247220463334,0.3101872944053991,0.4413636718861929,0.22001654685129554,0.40562469034851073,False,,,0.1295,0.21936797500350685,0.4599817136884691,0.054357023339958344,0.021709322715141238,True,False
UPPER,2,B,N-B,N,0,-1,13,1,5.847898469183739e-16,0.3349493466642694,1.469281150911036,2.3248806180135158,0.22001654685129554,0.40562469034851073,False,,,0.05,0.33866065065258133,2.325430460135709,1.9198057697871982,1.0693114021400953,True,False
UPPER,2,B,N-B,N,0,-1,13,-1,6.169548150600186e-16,0.1775626077219475,0.31021653059539284,0.44124459462403054,0.22001654685129554,0.40562469034851073,False,,,0.1298,0.21985449251794353,0.460112666783322,0.05448797643481129,0.02174562873412074,True,False
UPPER,2,B,N-B,N,0,-1,14,1,6.403016339688358e-16,0.17826145704680788,1.4705375698095444,2.308627586599074,0.22001654685129554,0.40562469034851073,False,,,0.05,0.18515239456296917,2.309163675712109,1.903538985363598,1.0832718938850041,True,False
UPPER,2,B,N-B,N,0,-1,14,-1,5.214276237607271e-16,0.1774092066019143,0.3101928286523783,0.4412457858599722,0.22001654685129554,0.40562469034851073,False,,,0.12940000000000002,0.2194424945540902,0.4597845220406847,0.054159831692173976,0.02162466481105305,True,False
UPPER,2,B,N-B,N,1,1,0,1,5.626582066449288e-16,0.17766697798684628,0.3102642753699501,0.44121841992711175,0.22001654685129554,0.40562469034851073,False,,,0.1293,0.21943968870814604,0.4598928883244475,0.054268197975936794,0.02167796087214686,True,False
UPPER,2,B,N-B,N,1,1,0,-1,5.319460631793042e-16,0.1793651902400851,1.470560148843296,2.309360112790514,0.22001654685129554,0.40562469034851073,False,,,0.05,0.18618175111871496,2.3099004712679023,1.9042757809193915,1.083152731336892,True,False
UPPER,2,B,N-B,N,1,1,1,1,5.836152014961726e-16,0.17739168945385803,0.31019718947003,0.4413609792973711,0.22001654685129554,0.40562469034851073,False,,,0.1295,0.21973151227752363,0.45993383994729425,0.054309149598783524,0.021682902656003235,True,False
UPPER,2,B,N-B,N,1,1,1,-1,2.461365187422904e-16,0.3842159657660301,1.4658952007564068,2.322362661449212,0.22001654685129554,0.40562469034851073,False,,,0.05,0.3874217177682738,2.322909963941605,1.917285273593094,1.0626847053257271,True,False
UPPER,2,B,N-B,N,1,1,2,1,6.233205736915611e-16,0.1775224078948063,0.3100882276467939,0.44121551229321704,0.22001654685129554,0.40562469034851073,False,,,0.12969999999999998,0.2198691987516318,0.45981678486122035,0.05419209451270962,0.0215666134142563,True,False
UPPER,2,B,N-B,N,1,1,2,-1,6.353181166888052e-16,0.33370958082712426,1.4628917867056577,2.3190119235338917,0.22001654685129554,0.40562469034851073,False,,,0.05,0.3374287198086088,2.319545723617508,1.913921033268997,1.063045954593332,True,False
UPPER,2,B,N-B,N,1,1,3,1,6.091230292536683e-16,0.17767962268971488,0.31015807543622714,0.44128835316924,0.22001654685129554,0.40562469034851073,False,,,0.12869999999999998,0.21937088594168822,0.459649772785477,0.05402508243696624,0.021581006357506077,True,False
UPPER,2,B,N-B,N,1,1,3,-1,5.734094602760346e-16,0.0709649101989579,1.4310818118103201,2.2485350589561883,0.22001654685129554,0.40562469034851073,False,,,0.1163,0.13669474423713643,2.251528423878747,1.8459037335302364,1.0722023368121956,True,False
UPPER,2,B,N-B,N,1,1,4,1,7.954509899754488e-16,0.17782549107009432,0.31023507054564153,0.44112425361508395,0.22001654685129554,0.40562469034851073,False,,,0.1296,0.21973968737860874,0.4597746589206149,0.05414996857210419,0.021638758765247273,True,False
UPPER,2,B,N-B,N,1,1,4,-1,4.746613816964439e-16,0.26198903722364986,1.4571439944766382,2.310946599797505,0.22001654685129554,0.40562469034851073,False,,,0.05,0.26670213460927567,2.311496605319024,1.905871914970513,1.0631876192114453,True,False
UPPER,2,B,N-B,N,1,1,5,1,6.059970545686947e-16,0.17766697798684603,0.31026427536995005,0.4412184199271117,0.22001654685129554,0.40562469034851073,False,,,0.1293,0.21943968870814584,0.45989288832444747,0.05426819797593674,0.021677960872146886,True,False
UPPER,2,B,N-B,N,1,1,5,-1,5.682063454855943e-16,0.17936519023836894,1.4705601488432702,2.3093601127887893,0.22001654685129554,0.40562469034851073,False,,,0.05,0.18618175111706162,2.3099004712661784,1.9042757809176676,1.083152731337091,True,False
UPPER,2,B,N-B,N,1,1,6,1,6.293737639742797e-16,0.17739168945385778,0.3101971894700298,0.44136097929737106,0.22001654685129554,0.40562469034851073,False,,,0.1295,0.21973151227752363,0.4599338399472943,0.05430914959878358,0.021682902656003252,True,False
UPPER,2,B,N-B,N,1,1,6,-1,5.81997964724756e-16,0.38421596576602995,1.4658952007564068,2.322362661449212,0.22001654685129554,0.40562469034851073,False,,,0.05,0.3874217177682736,2.322909963941605,1.917285273593094,1.0626847053257271,True,False
UPPER,2,B,N-B,N,1,1,7,1,6.282081759746633e-16,0.17752240789480628,0.31008822764679383,0.44121551229321704,0.22001654685129554,0.40562469034851073,False,,,0.12969999999999998,0.2198691987516318,0.45981678486122035,0.05419209451270962,0.02156661341425634,True,False
UPPER,2,B,N-B,N,1,1,7,-1,4.780190356535691e-16,0.3337095808491108,1.462891786707139,2.319011923535723,0.22001654685129554,0.40562469034851073,False,,,0.05,0.337428719830353,2.3195457236193393,1.9139210332708285,1.0630459545933462,True,False
UPPER,2,B,N-B,N,1,1,8,1,5.663642042735654e-16,0.17767962268971463,0.31015807543622714,0.44128835316924,0.22001654685129554,0.40562469034851073,False,,,0.12869999999999998,0.219370885941688,0.459649772785477,0.05402508243696624,0.02158100635750609,True,False
UPPER,2,B,N-B,N,1,1,8,-1,5.81281704496131e-16,0.07096491020481842,1.4310818118107584,2.248535058958972,0.22001654685129554,0.40562469034851073,False,,,0.1163,0.1366947442401789,2.2515284238815267,1.845903733533016,1.0722023368128246,True,False
UPPER,2,B,N-B,N,1,1,9,1,4.858104784549274e-16,0.17782549107009424,0.31023507054564153,0.4411242536150842,0.22001654685129554,0.40562469034851073,False,,,0.1296,0.21973968737860886,0.4597746589206147,0.05414996857210397,0.021638758765247283,True,False
UPPER,2,B,N-B,N,1,1,9,-1,6.230761709819564e-16,0.26198903722424155,1.4571439944766942,2.3109465997975858,0.22001654685129554,0.40562469034851073,False,,,0.05,0.26670213460985687,2.3114966053191046,1.9058719149705938,1.063187619211413,True,False
UPPER,2,B,N-B,N,1,1,10,1,5.60977788753938e-16,0.17766697798684672,0.3102642753699502,0.44121841992711186,0.22001654685129554,0.40562469034851073,False,,,0.1293,0.2194396887081464,0.4598928883244476,0.05426819797593685,0.021677960872146785,True,False
UPPER,2,B,N-B,N,1,1,10,-1,7.059612052609266e-16,0.17936519024106753,1.4705601488433107,2.3093601127915004,0.22001654685129554,0.40562469034851073,False,,,0.05,0.18618175111966143,2.3099004712688886,1.9042757809203779,1.0831527313367781,True,False
UPPER,2,B,N-B,N,1,1,11,1,3.1088262630081453e-16,0.17739168945385828,0.31019718947003005,0.441360979297371,0.22001654685129554,0.40562469034851073,False,,,0.1295,0.21973151227752405,0.45993383994729437,0.054309149598783635,0.02168290265600318,True,False
UPPER,2,B,N-B,N,1,1,11,-1,5.666355635886594e-16,0.38421596576289413,1.4658952007562447,2.322362661449046,0.22001654685129554,0.40562469034851073,False,,,0.05,0.3874217177651637,2.322909963941439,1.917285273592928,1.062684705325774,True,False
UPPER,2,B,N-B,N,1,1,12,1,6.487057781452829e-16,0.17752240789480653,0.3100882276467939,0.4412155122932169,0.22001654685129554,0.40562469034851073,False,,,0.12969999999999998,0.2198691987516319,0.4598167848612202,0.054192094512709454,0.021566613414256308,True,False
UPPER,2,B,N-B,N,1,1,12,-1,6.22702464831054e-16,0.33370958082712426,1.462891786705658,2.3190119235338917,0.22001654685129554,0.40562469034851073,False,,,0.05,0.3374287198086088,2.319545723617508,1.913921033268997,1.063045954593332,True,False
UPPER,2,B,N-B,N,1,1,13,1,5.541512297237292e-16,0.1776796226897147,0.31015807543622714,0.44128835316923987,0.22001654685129554,0.40562469034851073,False,,,0.12869999999999998,0.21937088594168805,0.4596497727854768,0.054025082436966076,0.02158100635750607,True,False
UPPER,2,B,N-B,N,1,1,13,-1,5.832843594602244e-16,0.07096491019851424,1.4310818118102873,2.2485350589559774,0.22001654685129554,0.40562469034851073,False,,,0.1163,0.1366947442369061,2.2515284238785362,1.8459037335300255,1.072202336812148,True,False
UPPER,2,B,N-B,N,1,1,14,1,5.486408558979578e-16,0.17782549107009443,0.31023507054564164,0.44112425361508395,0.22001654685129554,0.40562469034851073,False,,,0.1296,0.21973968737860913,0.4597746589206146,0.05414996857210386,0.021638758765247228,True,False
UPPER,2,B,N-B,N,1,1,14,-1,6.014577820009035e-16,0.26198903722384725,1.4571439944766567,2.3109465997975316,0.22001654685129554,0.40562469034851073,False,,,0.05,0.26670213460946957,2.3114966053190504,1.9058719149705396,1.0631876192114342,True,False
UPPER,2,B,N-B,N,1,-1,0,1,5.971056020390761e-16,0.26198903722384725,1.4571439944766567,2.3109465997975316,0.22001654685129554,0.40562469034851073,False,,,0.05,0.26670213460946957,2.3114966053190504,1.9058719149705396,1.0631876192114342,True,False
UPPER,2,B,N-B,N,1,-1,0,-1,6.014964884682259e-16,0.17782549107009443,0.31023507054564164,0.44112425361508395,0.22001654685129554,0.40562469034851073,False,,,0.1296,0.21973968737860913,0.4597746589206146,0.05414996857210386,0.021638758765247228,True,False
UPPER,2,B,N-B,N,1,-1,1,1,5.997765491895885e-16,0.07096491019851424,1.4310818118102873,2.2485350589559774,0.22001654685129554,0.40562469034851073,False,,,0.1163,0.1366947442369061,2.2515284238785362,1.8459037335300255,1.072202336812148,True,False
UPPER,2,B,N-B,N,1,-1,1,-1,5.018300663918628e-16,0.1776796226897147,0.31015807543622714,0.44128835316923987,0.22001654685129554,0.40562469034851073,False,,,0.12869999999999998,0.21937088594168805,0.4596497727854768,0.054025082436966076,0.02158100635750607,True,False
UPPER,2,B,N-B,N,1,-1,2,1,6.212944761863823e-16,0.33370958082712426,1.462891786705658,2.3190119235338917,0.22001654685129554,0.40562469034851073,False,,,0.05,0.3374287198086088,2.319545723617508,1.913921033268997,1.063045954593332,True,False
UPPER,2,B,N-B,N,1,-1,2,-1,6.013390125003003e-16,0.17752240789480653,0.3100882276467939,0.4412155122932169,0.22001654685129554,0.40562469034851073,False,,,0.12969999999999998,0.2198691987516319,0.4598167848612202,0.054192094512709454,0.021566613414256308,True,False
UPPER,2,B,N-B,N,1,-1,3,1,5.639229782543663e-16,0.38421596576289413,1.4658952007562447,2.322362661449046,0.22001654685129554,0.40562469034851073,False,,,0.05,0.3874217177651637,2.322909963941439,1.917285273592928,1.062684705325774,True,False
UPPER,2,B,N-B,N,1,-1,3,-1,4.1357175990618783e-16,0.17739168945385828,0.31019718947003005,0.441360979297371,0.22001654685129554,0.40562469034851073,False,,,0.1295,0.21973151227752405,0.45993383994729437,0.054309149598783635,0.02168290265600318,True,False
UPPER,2,B,N-B,N,1,-1,4,1,7.017707398036347e-16,0.17936519024106753,1.4705601488433107,2.3093601127915004,0.22001654685129554,0.40562469034851073,False,,,0.05,0.18618175111966143,2.3099004712688886,1.9042757809203779,1.0831527313367781,True,False
UPPER,2,B,N-B,N,1,-1,4,-1,5.667929404063288e-16,0.17766697798684672,0.3102642753699502,0.44121841992711186,0.22001654685129554,0.40562469034851073,False,,,0.1293,0.2194396887081464,0.4598928883244476,0.05426819797593685,0.021677960872146785,True,False
UPPER,2,B,N-B,N,1,-1,5,1,6.503457153468744e-16,0.26198903722424155,1.4571439944766942,2.3109465997975858,0.22001654685129554,0.40562469034851073,False,,,0.05,0.26670213460985687,2.3114966053191046,1.9058719149705938,1.063187619211413,True,False
UPPER,2,B,N-B,N,1,-1,5,-1,5.841196697299593e-16,0.17782549107009424,0.31023507054564153,0.4411242536150842,0.22001654685129554,0.40562469034851073,False,,,0.1296,0.21973968737860886,0.4597746589206147,0.05414996857210397,0.021638758765247283,True,False
UPPER,2,B,N-B,N,1,-1,6,1,5.436739670806656e-16,0.07096491020481842,1.4310818118107584,2.248535058958972,0.22001654685129554,0.40562469034851073,False,,,0.1163,0.1366947442401789,2.2515284238815267,1.845903733533016,1.0722023368128246,True,False
UPPER,2,B,N-B,N,1,-1,6,-1,5.611327744924242e-16,0.17767962268971463,0.31015807543622714,0.44128835316924,0.22001654685129554,0.40562469034851073,False,,,0.12869999999999998,0.219370885941688,0.459649772785477,0.05402508243696624,0.02158100635750609,True,False
UPPER,2,B,N-B,N,1,-1,7,1,4.4370529807245824e-16,0.3337095808491108,1.462891786707139,2.319011923535723,0.22001654685129554,0.40562469034851073,False,,,0.05,0.337428719830353,2.3195457236193393,1.9139210332708285,1.0630459545933462,True,False
UPPER,2,B,N-B,N,1,-1,7,-1,5.459464086111274e-16,0.17752240789480628,0.31008822764679383,0.44121551229321704,0.22001654685129554,0.40562469034851073,False,,,0.12969999999999998,0.2198691987516318,0.45981678486122035,0.05419209451270962,0.02156661341425634,True,False
UPPER,2,B,N-B,N,1,-1,8,1,6.977148352448624e-16,0.38421596576602995,1.4658952007564068,2.322362661449212,0.22001654685129554,0.40562469034851073,False,,,0.05,0.3874217177682736,2.322909963941605,1.917285273593094,1.0626847053257271,True,False
UPPER,2,B,N-B,N,1,-1,8,-1,5.928935255602087e-16,0.17739168945385778,0.3101971894700298,0.44136097929737106,0.22001654685129554,0.40562469034851073,False,,,0.1295,0.21973151227752363,0.4599338399472943,0.05430914959878358,0.021682902656003252,True,False
UPPER,2,B,N-B,N,1,-1,9,1,5.618400453410547e-16,0.17936519023836894,1.4705601488432702,2.3093601127887893,0.22001654685129554,0.40562469034851073,False,,,0.05,0.18618175111706162,2.3099004712661784,1.9042757809176676,1.083152731337091,True,False
UPPER,2,B,N-B,N,1,-1,9,-1,5.918887853546014e-16,0.17766697798684603,0.31026427536995005,0.4412184199271117,0.22001654685129554,0.40562469034851073,False,,,0.1293,0.21943968870814584,0.45989288832444747,0.05426819797593674,0.021677960872146886,True,False
UPPER,2,B,N-B,N,1,-1,10,1,4.650095108290442e-16,0.26198903722364986,1.4571439944766382,2.310946599797505,0.22001654685129554,0.40562469034851073,False,,,0.05,0.26670213460927567,2.311496605319024,1.905871914970513,1.0631876192114453,True,False
UPPER,2,B,N-B,N,1,-1,10,-1,6.905367757062013e-16,0.17782549107009432,0.31023507054564153,0.44112425361508395,0.22001654685129554,0.40562469034851073,False,,,0.1296,0.21973968737860874,0.4597746589206149,0.05414996857210419,0.021638758765247273,True,False
UPPER,2,B,N-B,N,1,-1,11,1,5.731921041566066e-16,0.0709649101989579,1.4310818118103201,2.2485350589561883,0.22001654685129554,0.40562469034851073,False,,,0.1163,0.13669474423713643,2.251528423878747,1.8459037335302364,1.0722023368121956,True,False
UPPER,2,B,N-B,N,1,-1,11,-1,6.817117595425051e-16,0.17767962268971488,0.31015807543622714,0.44128835316924,0.22001654685129554,0.40562469034851073,False,,,0.12869999999999998,0.21937088594168822,0.459649772785477,0.05402508243696624,0.021581006357506077,True,False
UPPER,2,B,N-B,N,1,-1,12,1,6.13504169931469e-16,0.33370958082712426,1.4628917867056577,2.3190119235338917,0.22001654685129554,0.40562469034851073,False,,,0.05,0.3374287198086088,2.319545723617508,1.913921033268997,1.063045954593332,True,False
UPPER,2,B,N-B,N,1,-1,12,-1,6.150991565107494e-16,0.1775224078948063,0.3100882276467939,0.44121551229321704,0.22001654685129554,0.40562469034851073,False,,,0.12969999999999998,0.2198691987516318,0.45981678486122035,0.05419209451270962,0.0215666134142563,True,False
UPPER,2,B,N-B,N,1,-1,13,1,3.964005760660919e-16,0.3842159657660301,1.4658952007564068,2.322362661449212,0.22001654685129554,0.40562469034851073,False,,,0.05,0.3874217177682738,2.322909963941605,1.917285273593094,1.0626847053257271,True,False
UPPER,2,B,N-B,N,1,-1,13,-1,5.464849401716522e-16,0.17739168945385803,0.31019718947003,0.4413609792973711,0.22001654685129554,0.40562469034851073,False,,,0.1295,0.21973151227752363,0.45993383994729425,0.054309149598783524,0.021682902656003235,True,False
UPPER,2,B,N-B,N,1,-1,14,1,5.38202520631432e-16,0.1793651902400851,1.470560148843296,2.309360112790514,0.22001654685129554,0.40562469034851073,False,,,0.05,0.18618175111871496,2.3099004712679023,1.9042757809193915,1.083152731336892,True,False
UPPER,2,B,N-B,N,1,-1,14,-1,5.730600251404307e-16,0.17766697798684628,0.3102642753699501,0.44121841992711175,0.22001654685129554,0.40562469034851073,False,,,0.1293,0.21943968870814604,0.4598928883244475,0.054268197975936794,0.02167796087214686,True,False
UPPER,3,B,N-B-N,B,0,1,0,1,5.860172873591985e-16,0.17748247220463328,0.31018729440539894,0.44136367188619324,0.11907209712355424,0.5357503498670351,True,0.05,0.30329999999999996,0.17669999999999997,0.2500417909685329,0.47543647175860654,0.0,0.0,True,True
UPPER,3,B,N-B-N,B,0,1,0,-1,6.132810659880996e-16,0.2514287839073071,1.4561705968888163,2.3096669656453415,0.11907209712355424,0.5357503498670351,False,,,0.05,0.256352111063506,2.3102080254117725,1.7744576755447374,0.9509470711516302,True,False
UPPER,3,B,N-B-N,B,0,1,1,1,5.629141122951928e-16,0.17789103707825152,0.3101536558531139,0.44112094792421674,0.11907209712355424,0.5357503498670351,True,0.05,0.304,0.177,0.2509023328708324,0.47530556013415964,0.0,0.0,True,True
UPPER,3,B,N-B-N,B,0,1,1,-1,5.410715591349204e-16,0.1318239604264571,1.432969129994208,2.2037861251572077,0.11907209712355424,0.5357503498670351,False,,,0.05,0.14098647107477158,2.2043532513880413,1.6686029015210062,0.9451757614233515,True,False
UPPER,3,B,N-B-N,B,0,1,2,1,5.353330564058141e-16,0.17767126322229573,0.3102073857218622,0.4412630269850431,0.11907209712355424,0.5357503498670351,True,0.05,0.30379999999999996,0.1769,0.25107037360555734,0.4754014809014295,0.0,0.0,True,True
UPPER,3,B,N-B-N,B,0,1,2,-1,5.916158858648809e-16,0.07302763298988434,1.4306011898116096,2.226869761825209,0.11907209712355424,0.5357503498670351,False,,,0.0706,0.10128125189376513,2.2279836774324018,1.6922333275653667,0.9481576772650488,True,False
UPPER,3,B,N-B-N,B,0,1,3,1,5.10150325059136e-16,0.17740920660191434,0.31019282865237846,0.4412457858599723,0.11907209712355424,0.5357503498670351,True,0.05,0.304,0.177,0.25043225141802244,0.47536467863611004,0.0,0.0,True,True
UPPER,3,B,N-B-N,B,0,1,3,-1,5.44381101777737e-16,0.17826145704735444,1.470537569809552,2.308627586600084,0.11907209712355424,0.5357503498670351,False,,,0.05,0.1851523945634954,2.309163675713118,1.7734133258460831,0.9594970015151306,True,False
UPPER,3,B,N-B-N,B,0,1,4,1,5.127205880239389e-16,0.1775626077219475,0.3102165305953929,0.44124459462403054,0.11907209712355424,0.5357503498670351,True,0.05,0.303,0.1765,0.25021063949777916,0.47550120859630857,0.0,0.0,True,True
UPPER,3,B,N-B-N,B,0,1,4,-1,5.64975049417644e-16,0.3349493466609238,1.4692811509111385,2.3248806180135335,0.11907209712355424,0.5357503498670351,False,,,0.05,0.33866065064927237,2.3254304601357267,1.7896801102686917,0.9520248858276938,True,False
UPPER,3,B,N-B-N,B,0,1,5,1,7.404507229585209e-16,0.17748247220463337,0.3101872944053991,0.4413636718861929,0.11907209712355424,0.5357503498670351,True,0.05,0.30329999999999996,0.17669999999999997,0.25004179096853296,0.4754364717586062,0.0,0.0,True,True
UPPER,3,B,N-B-N,B,0,1,5,-1,4.567999425950536e-16,0.2514287839100644,1.456170596889089,2.3096669656457456,0.11907209712355424,0.5357503498670351,False,,,0.05,0.25635211106621036,2.3102080254121766,1.7744576755451416,0.9509470711514891,True,False
UPPER,3,B,N-B-N,B,0,1,6,1,3.8279976284517834e-16,0.1778910370782514,0.31015365585311366,0.4411209479242165,0.11907209712355424,0.5357503498670351,True,0.05,0.304,0.177,0.250902332870832,0.4753055601341594,0.0,0.0,True,True
UPPER,3,B,N-B-N,B,0,1,6,-1,5.339521870194588e-16,0.13182396042464586,1.4329691299941425,2.2037861251578565,0.11907209712355424,0.5357503498670351,False,,,0.05,0.14098647107307805,2.20435325138869,1.668602901521655,0.9451757614233874,True,False
UPPER,3,B,N-B-N,B,0,1,7,1,5.538989848041253e-16,0.17767126322229615,0.3102073857218623,0.441263026985043,0.11907209712355424,0.5357503498670351,True,0.05,0.30379999999999996,0.1769,0.2510703736055575,0.47540148090142936,0.0,0.0,True,True
UPPER,3,B,N-B-N,B,0,1,7,-1,5.224847546636886e-16,0.07302763298391943,1.4306011898113504,2.226869761828245,0.11907209712355424,0.5357503498670351,False,,,0.0706,0.1012812518894642,2.2279836774354367,1.6922333275684016,0.9481576772660009,True,False
UPPER,3,B,N-B-N,B,0,1,8,1,5.349306305374846e-16,0.1774092066019143,0.3101928286523783,0.4412457858599722,0.11907209712355424,0.5357503498670351,True,0.05,0.304,0.177,0.2504322514180224,0.47536467863611,0.0,0.0,True,True
UPPER,3,B,N-B-N,B,0,1,8,-1,8.161308717766937e-16,0.17826145704680788,1.4705375698095444,2.308627586599074,0.11907209712355424,0.5357503498670351,False,,,0.05,0.18515239456296917,2.309163675712109,1.7734133258450737,0.9594970015151596,True,False
UPPER,3,B,N-B-N,B,0,1,9,1,7.179788389054167e-16,0.1775626077219475,0.31021653059539284,0.44124459462403054,0.11907209712355424,0.5357503498670351,True,0.05,0.303,0.1765,0.2502106394977792,0.4755012085963083,0.0,0.0,True,True
UPPER,3,B,N-B-N,B,0,1,9,-1,6.05791671244779e-16,0.3349493466642694,1.469281150911036,2.3248806180135158,0.11907209712355424,0.5357503498670351,False,,,0.05,0.33866065065258133,2.325430460135709,1.789680110268674,0.9520248858276192,True,False
UPPER,3,B,N-B-N,B,0,1,10,1,5.479463031710807e-16,0.17748247220463334,0.3101872944053991,0.4413636718861929,0.11907209712355424,0.5357503498670351,True,0.05,0.30329999999999996,0.17669999999999997,0.25004179096853296,0.4754364717586062,0.0,0.0,True,True
UPPER,3,B,N-B-N,B,0,1,10,-1,4.860233328954284e-16,0.25142878391020396,1.456170596889103,2.309666965645766,0.11907209712355424,0.5357503498670351,False,,,0.05,0.25635211106634725,2.3102080254121966,1.7744576755451615,0.950947071151482,True,False
UPPER,3,B,N-B-N,B,0,1,11,1,5.006280653524977e-16,0.17789103707825116,0.31015365585311366,0.44112094792421663,0.11907209712355424,0.5357503498670351,True,0.05,0.304,0.177,0.25090233287083186,0.47530556013415953,0.0,0.0,True,True
UPPER,3,B,N-B-N,B,0,1,11,-1,5.690274623520022e-16,0.1318239604237404,1.4329691299941099,2.203786125158181,0.11907209712355424,0.5357503498670351,False,,,0.05,0.14098647107223142,2.2043532513890147,1.6686029015219797,0.9451757614234054,True,False
UPPER,3,B,N-B-N,B,0,1,12,1,4.795024526619741e-16,0.17767126322229607,0.31020738572186235,0.4412630269850429,0.11907209712355424,0.5357503498670351,True,0.05,0.30379999999999996,0.1769,0.2510703736055577,0.47540148090142925,0.0,0.0,True,True
UPPER,3,B,N-B-N,B,0,1,12,-1,5.434854329117045e-16,0.07302763299102256,1.4306011898116586,2.2268697618246294,0.11907209712355424,0.5357503498670351,False,,,0.0706,0.10128125189458584,2.2279836774318227,1.6922333275647876,0.9481576772648669,True,False
UPPER,3,B,N-B-N,B,0,1,13,1,6.094220092036969e-16,0.17740920660191428,0.31019282865237835,0.441245785859972,0.11907209712355424,0.5357503498670351,True,0.05,0.304,0.177,0.2504322514180224,0.47536467863610976,0.0,0.0,True,True
UPPER,3,B,N-B-N,B,0,1,13,-1,5.942277056783909e-16,0.17826145704705396,1.470537569809548,2.3086275865995294,0.11907209712355424,0.5357503498670351,False,,,0.05,0.18515239456320606,2.3091636757125635,1.7734133258455285,0.9594970015151464,True,False
UPPER,3,B,N-B-N,B,0,1,14,1,5.529071091347275e-16,0.1775626077219475,0.31021653059539284,0.4412445946240305,0.11907209712355424,0.5357503498670351,True,0.05,0.303,0.1765,0.2502106394977791,0.47550120859630834,0.0,0.0,True,True
UPPER,3,B,N-B-N,B,0,1,14,-1,5.910600215107885e-16,0.33494934666229126,1.4692811509110968,2.3248806180135264,0.11907209712355424,0.5357503498670351,False,,,0.05,0.33866065065062484,2.3254304601357196,1.7896801102686846,0.9520248858276633,True,False
UPPER,3,B,N-B-N,B,0,-1,0,1,5.683455289762605e-16,0.2514287839073071,1.4561705968888163,2.3096669656453415,0.11907209712355424,0.5357503498670351,False,,,0.05,0.256352111063506,2.3102080254117725,1.7744576755447374,0.9509470711516302,True,False
UPPER,3,B,N-B-N,B,0,-1,0,-1,5.642558848415941e-16,0.17748247220463328,0.31018729440539894,0.44136367188619324,0.11907209712355424,0.5357503498670351,True,0.05,0.30329999999999996,0.17669999999999997,0.2500417909685329,0.47543647175860654,0.0,0.0,True,True
UPPER,3,B,N-B-N,B,0,-1,1,1,4.908230773345564e-16,0.33494934666229126,1.4692811509110968,2.3248806180135264,0.11907209712355424,0.5357503498670351,False,,,0.05,0.33866065065062484,2.3254304601357196,1.7896801102686846,0.9520248858276633,True,False
UPPER,3,B,N-B-N,B,0,-1,1,-1,5.709531866197205e-16,0.1775626077219475,0.31021653059539284,0.4412445946240305,0.11907209712355424,0.5357503498670351,True,0.05,0.303,0.1765,0.2502106394977791,0.47550120859630834,0.0,0.0,True,True
UPPER,3,B,N-B-N,B,0,-1,2,1,5.872005148178324e-16,0.17826145704705396,1.470537569809548,2.3086275865995294,0.11907209712355424,0.5357503498670351,False,,,0.05,0.18515239456320606,2.3091636757125635,1.7734133258455285,0.9594970015151464,True,False
UPPER,3,B,N-B-N,B,0,-1,2,-1,5.477140583065031e-16,0.17740920660191428,0.31019282865237835,0.441245785859972,0.11907209712355424,0.5357503498670351,True,0.05,0.304,0.177,0.2504322514180224,0.47536467863610976,0.0,0.0,True,True
UPPER,3,B,N-B-N,B,0,-1,3,1,5.2032988993445e-16,0.07302763299102256,1.4306011898116586,2.2268697618246294,0.11907209712355424,0.5357503498670351,False,,,0.0706,0.10128125189458584,2.2279836774318227,1.6922333275647876,0.9481576772648669,True,False
UPPER,3,B,N-B-N,B,0,-1,3,-1,6.343941878874868e-16,0.17767126322229607,0.31020738572186235,0.4412630269850429,0.11907209712355424,0.5357503498670351,True,0.05,0.30379999999999996,0.1769,0.2510703736055577,0.47540148090142925,0.0,0.0,True,True
UPPER,3,B,N-B-N,B,0,-1,4,1,5.625551497677527e-16,0.1318239604237404,1.4329691299941099,2.203786125158181,0.11907209712355424,0.5357503498670351,False,,,0.05,0.14098647107223142,2.2043532513890147,1.6686029015219797,0.9451757614234054,True,False
UPPER,3,B,N-B-N,B,0,-1,4,-1,4.482688914312092e-16,0.17789103707825116,0.31015365585311366,0.44112094792421663,0.11907209712355424,0.5357503498670351,True,0.05,0.304,0.177,0.25090233287083186,0.47530556013415953,0.0,0.0,True,True
UPPER,3,B,N-B-N,B,0,-1,5,1,4.2666887895425906e-16,0.25142878391020396,1.456170596889103,2.309666965645766,0.11907209712355424,0.5357503498670351,False,,,0.05,0.25635211106634725,2.3102080254121966,1.7744576755451615,0.950947071151482,True,False
UPPER,3,B,N-B-N,B,0,-1,5,-1,5.219541849747123e-16,0.17748247220463334,0.3101872944053991,0.4413636718861929,0.11907209712355424,0.5357503498670351,True,0.05,0.30329999999999996,0.17669999999999997,0.25004179096853296,0.4754364717586062,0.0,0.0,True,True
UPPER,3,B,N-B-N,B,0,-1,6,1,5.817069118085187e-16,0.3349493466642694,1.469281150911036,2.3248806180135158,0.11907209712355424,0.5357503498670351,False,,,0.05,0.33866065065258133,2.325430460135709,1.789680110268674,0.9520248858276192,True,False
UPPER,3,B,N-B-N,B,0,-1,6,-1,6.503457153468744e-16,0.1775626077219475,0.31021653059539284,0.44124459462403054,0.11907209712355424,0.5357503498670351,True,0.05,0.303,0.1765,0.2502106394977792,0.4755012085963083,0.0,0.0,True,True
UPPER,3,B,N-B-N,B,0,-1,7,1,6.742822106006908e-16,0.17826145704680788,1.4705375698095444,2.308627586599074,0.11907209712355424,0.5357503498670351,False,,,0.05,0.18515239456296917,2.309163675712109,1.7734133258450737,0.9594970015151596,True,False
UPPER,3,B,N-B-N,B,0,-1,7,-1,5.211200611825245e-16,0.1774092066019143,0.3101928286523783,0.4412457858599722,0.11907209712355424,0.5357503498670351,True,0.05,0.304,0.177,0.2504322514180224,0.47536467863611,0.0,0.0,True,True
UPPER,3,B,N-B-N,B,0,-1,8,1,5.110770708413108e-16,0.07302763298391943,1.4306011898113504,2.226869761828245,0.11907209712355424,0.5357503498670351,False,,,0.0706,0.1012812518894642,2.2279836774354367,1.6922333275684016,0.9481576772660009,True,False
UPPER,3,B,N-B-N,B,0,-1,8,-1,5.750341433168557e-16,0.17767126322229615,0.3102073857218623,0.441263026985043,0.11907209712355424,0.5357503498670351,True,0.05,0.30379999999999996,0.1769,0.2510703736055575,0.47540148090142936,0.0,0.0,True,True
UPPER,3,B,N-B-N,B,0,-1,9,1,5.572821196382187e-16,0.13182396042464586,1.4329691299941425,2.2037861251578565,0.11907209712355424,0.5357503498670351,False,,,0.05,0.14098647107307805,2.20435325138869,1.668602901521655,0.9451757614233874,True,False
UPPER,3,B,N-B-N,B,0,-1,9,-1,5.125386560330629e-16,0.1778910370782514,0.31015365585311366,0.4411209479242165,0.11907209712355424,0.5357503498670351,True,0.05,0.304,0.177,0.250902332870832,0.4753055601341594,0.0,0.0,True,True
UPPER,3,B,N-B-N,B,0,-1,10,1,5.902702225995645e-16,0.2514287839100644,1.456170596889089,2.3096669656457456,0.11907209712355424,0.5357503498670351,False,,,0.05,0.25635211106621036,2.3102080254121766,1.7744576755451416,0.9509470711514891,True,False
UPPER,3,B,N-B-N,B,0,-1,10,-1,7.098015405190736e-16,0.17748247220463337,0.3101872944053991,0.4413636718861929,0.11907209712355424,0.5357503498670351,True,0.05,0.30329999999999996,0.17669999999999997,0.25004179096853296,0.4754364717586062,0.0,0.0,True,True
UPPER,3,B,N-B-N,B,0,-1,11,1,5.487223957447183e-16,0.3349493466609238,1.4692811509111385,2.3248806180135335,0.11907209712355424,0.5357503498670351,False,,,0.05,0.33866065064927237,2.3254304601357267,1.7896801102686917,0.9520248858276938,True,False
UPPER,3,B,N-B-N,B,0,-1,11,-1,5.064194841530505e-16,0.1775626077219475,0.3102165305953929,0.44124459462403054,0.11907209712355424,0.5357503498670351,True,0.05,0.303,0.1765,0.25021063949777916,0.47550120859630857,0.0,0.0,True,True
UPPER,3,B,N-B-N,B,0,-1,12,1,5.703393689887334e-16,0.17826145704735444,1.470537569809552,2.308627586600084,0.11907209712355424,0.5357503498670351,False,,,0.05,0.1851523945634954,2.309163675713118,1.7734133258460831,0.9594970015151306,True,False
UPPER,3,B,N-B-N,B,0,-1,12,-1,4.962495838057332e-16,0.17740920660191434,0.31019282865237846,0.4412457858599723,0.11907209712355424,0.5357503498670351,True,0.05,0.304,0.177,0.25043225141802244,0.47536467863611004,0.0,0.0,True,True
UPPER,3,B,N-B-N,B,0,-1,13,1,5.915130238913779e-16,0.07302763298988434,1.4306011898116096,2.226869761825209,0.11907209712355424,0.5357503498670351,False,,,0.0706,0.10128125189376513,2.2279836774324018,1.6922333275653667,0.9481576772650488,True,False
UPPER,3,B,N-B-N,B,0,-1,13,-1,5.171621517762678e-16,0.17767126322229573,0.3102073857218622,0.4412630269850431,0.11907209712355424,0.5357503498670351,True,0.05,0.30379999999999996,0.1769,0.25107037360555734,0.4754014809014295,0.0,0.0,True,True
UPPER,3,B,N-B-N,B,0,-1,14,1,5.155610310847755e-16,0.1318239604264571,1.432969129994208,2.2037861251572077,0.11907209712355424,0.5357503498670351,False,,,0.05,0.14098647107477158,2.2043532513880413,1.6686029015210062,0.9451757614233515,True,False
UPPER,3,B,N-B-N,B,0,-1,14,-1,6.026519193891753e-16,0.17789103707825152,0.3101536558531139,0.44112094792421674,0.11907209712355424,0.5357503498670351,True,0.05,0.304,0.177,0.2509023328708324,0.47530556013415964,0.0,0.0,True,True
UPPER,3,B,N-B-N,B,1,1,0,1,5.882942671604225e-16,0.17752240789480628,0.31008822764679383,0.44121551229321704,0.11907209712355424,0.5357503498670351,True,0.05,0.3041,0.17709999999999998,0.2507185000620844,0.4753432554547154,0.0,0.0,True,True
UPPER,3,B,N-B-N,B,1,1,0,-1,4.853308022175572e-16,0.3337095808491108,1.462891786707139,2.319011923535723,0.11907209712355424,0.5357503498670351,False,,,0.05,0.337428719830353,2.3195457236193393,1.7837953737523042,0.9503487849754523,True,False
UPPER,3,B,N-B-N,B,1,1,1,1,5.489655283421506e-16,0.17767962268971463,0.31015807543622714,0.44128835316924,0.11907209712355424,0.5357503498670351,True,0.05,0.30369999999999997,0.1769,0.25069842974438716,0.4753944638284673,0.0,0.0,True,True
UPPER,3,B,N-B-N,B,1,1,1,-1,6.259176636057446e-16,0.07096491020481842,1.4310818118107584,2.248535058958972,0.11907209712355424,0.5357503498670351,False,,,0.0777,0.10562232596086892,2.2498689374404965,1.7141185875734615,0.9523927896052338,True,False
UPPER,3,B,N-B-N,B,1,1,2,1,5.345504599911492e-16,0.17782549107009424,0.31023507054564153,0.4411242536150842,0.11907209712355424,0.5357503498670351,True,0.05,0.30369999999999997,0.1769,0.25044171434245793,0.47533188424221556,0.0,0.0,True,True
UPPER,3,B,N-B-N,B,1,1,2,-1,6.023392026848807e-16,0.26198903722424155,1.4571439944766942,2.3109465997975858,0.11907209712355424,0.5357503498670351,False,,,0.05,0.26670213460985687,2.3114966053191046,1.7757462554520695,0.9504120476286921,True,False
UPPER,3,B,N-B-N,B,1,1,3,1,5.426161873483025e-16,0.17766697798684672,0.3102642753699502,0.44121841992711186,0.11907209712355424,0.5357503498670351,True,0.05,0.30339999999999995,0.17669999999999997,0.2502205601086377,0.4754428105045172,0.0,0.0,True,True
UPPER,3,B,N-B-N,B,1,1,3,-1,6.662493364383725e-16,0.17936519024106753,1.4705601488433107,2.3093601127915004,0.11907209712355424,0.5357503498670351,False,,,0.05,0.18618175111966143,2.3099004712688886,1.7741501214018536,0.9594464627373801,True,False
UPPER,3,B,N-B-N,B,1,1,4,1,3.6358947526272747e-16,0.17739168945385828,0.31019718947003005,0.441360979297371,0.11907209712355424,0.5357503498670351,True,0.05,0.30339999999999995,0.17669999999999997,0.2504612813670726,0.47543862291717864,0.0,0.0,True,True
UPPER,3,B,N-B-N,B,1,1,4,-1,6.015670098720657e-16,0.38421596576289413,1.4658952007562447,2.322362661449046,0.11907209712355424,0.5357503498670351,False,,,0.05,0.3874217177651637,2.322909963941439,1.7871596140744037,0.9495215301424645,True,False
UPPER,3,B,N-B-N,B,1,1,5,1,7.398921998353225e-16,0.17752240789480653,0.3100882276467939,0.4412155122932169,0.11907209712355424,0.5357503498670351,True,0.05,0.3041,0.17709999999999998,0.2507185000620845,0.4753432554547153,0.0,0.0,True,True
UPPER,3,B,N-B-N,B,1,1,5,-1,6.793583268150563e-16,0.33370958082712426,1.462891786705658,2.3190119235338917,0.11907209712355424,0.5357503498670351,False,,,0.05,0.3374287198086088,2.319545723617508,1.7837953737504728,0.9503487849756328,True,False
UPPER,3,B,N-B-N,B,1,1,6,1,5.428128901797845e-16,0.1776796226897147,0.31015807543622714,0.44128835316923987,0.11907209712355424,0.5357503498670351,True,0.05,0.30369999999999997,0.1769,0.2506984297443872,0.4753944638284672,0.0,0.0,True,True
UPPER,3,B,N-B-N,B,1,1,6,-1,6.041110710608815e-16,0.07096491019851424,1.4310818118102873,2.2485350589559774,0.11907209712355424,0.5357503498670351,False,,,0.0777,0.10562232595663329,2.249868937437504,1.7141185875704688,0.9523927896050078,True,False
UPPER,3,B,N-B-N,B,1,1,7,1,5.839468532558428e-16,0.17782549107009443,0.31023507054564164,0.44112425361508395,0.11907209712355424,0.5357503498670351,True,0.05,0.30369999999999997,0.1769,0.25044171434245815,0.4753318842422154,0.0,0.0,True,True
UPPER,3,B,N-B-N,B,1,1,7,-1,5.663441555312457e-16,0.26198903722384725,1.4571439944766567,2.3109465997975316,0.11907209712355424,0.5357503498670351,False,,,0.05,0.26670213460946957,2.3114966053190504,1.7757462554520154,0.9504120476287132,True,False
UPPER,3,B,N-B-N,B,1,1,8,1,5.71323233024256e-16,0.17766697798684628,0.3102642753699501,0.44121841992711175,0.11907209712355424,0.5357503498670351,True,0.05,0.30339999999999995,0.17669999999999997,0.25022056010863736,0.4754428105045171,0.0,0.0,True,True
UPPER,3,B,N-B-N,B,1,1,8,-1,5.276493808204979e-16,0.1793651902400851,1.470560148843296,2.309360112790514,0.11907209712355424,0.5357503498670351,False,,,0.05,0.18618175111871496,2.3099004712679023,1.7741501214008673,0.9594464627374306,True,False
UPPER,3,B,N-B-N,B,1,1,9,1,5.878039484808511e-16,0.17739168945385803,0.31019718947003,0.4413609792973711,0.11907209712355424,0.5357503498670351,True,0.05,0.30339999999999995,0.17669999999999997,0.25046128136707224,0.47543862291717853,0.0,0.0,True,True
UPPER,3,B,N-B-N,B,1,1,9,-1,2.4678702257706787e-16,0.3842159657660301,1.4658952007564068,2.322362661449212,0.11907209712355424,0.5357503498670351,False,,,0.05,0.3874217177682738,2.322909963941605,1.7871596140745698,0.9495215301423874,True,False
UPPER,3,B,N-B-N,B,1,1,10,1,5.995917132561973e-16,0.1775224078948063,0.3100882276467939,0.44121551229321704,0.11907209712355424,0.5357503498670351,True,0.05,0.3041,0.17709999999999998,0.2507185000620844,0.4753432554547154,0.0,0.0,True,True
UPPER,3,B,N-B-N,B,1,1,10,-1,6.026184229807863e-16,0.33370958082712426,1.4628917867056577,2.3190119235338917,0.11907209712355424,0.5357503498670351,False,,,0.05,0.3374287198086088,2.319545723617508,1.7837953737504728,0.9503487849756326,True,False
UPPER,3,B,N-B-N,B,1,1,11,1,5.921772921897815e-16,0.17767962268971488,0.31015807543622714,0.44128835316924,0.11907209712355424,0.5357503498670351,True,0.05,0.30369999999999997,0.1769,0.25069842974438733,0.4753944638284673,0.0,0.0,True,True
UPPER,3,B,N-B-N,B,1,1,11,-1,5.868799622054233e-16,0.0709649101989579,1.4310818118103201,2.2485350589561883,0.11907209712355424,0.5357503498670351,False,,,0.0777,0.10562232595693137,2.2498689374377148,1.7141185875706797,0.9523927896050235,True,False
UPPER,3,B,N-B-N,B,1,1,12,1,7.350816280188708e-16,0.17782549107009432,0.31023507054564153,0.44112425361508395,0.11907209712355424,0.5357503498670351,True,0.05,0.30369999999999997,0.1769,0.2504417143424578,0.47533188424221573,0.0,0.0,True,True
UPPER,3,B,N-B-N,B,1,1,12,-1,4.677967270085605e-16,0.26198903722364986,1.4571439944766382,2.310946599797505,0.11907209712355424,0.5357503498670351,False,,,0.05,0.26670213460927567,2.311496605319024,1.7757462554519887,0.9504120476287242,True,False
UPPER,3,B,N-B-N,B,1,1,13,1,5.819901690728196e-16,0.17766697798684603,0.31026427536995005,0.4412184199271117,0.11907209712355424,0.5357503498670351,True,0.05,0.30339999999999995,0.17669999999999997,0.2502205601086372,0.47544281050451703,0.0,0.0,True,True
UPPER,3,B,N-B-N,B,1,1,13,-1,5.612124993627149e-16,0.17936519023836894,1.4705601488432702,2.3093601127887893,0.11907209712355424,0.5357503498670351,False,,,0.05,0.18618175111706162,2.3099004712661784,1.7741501213991433,0.9594464627375194,True,False
UPPER,3,B,N-B-N,B,1,1,14,1,5.952581711473007e-16,0.17739168945385778,0.3101971894700298,0.44136097929737106,0.11907209712355424,0.5357503498670351,True,0.05,0.30339999999999995,0.17669999999999997,0.25046128136707224,0.4754386229171786,0.0,0.0,True,True
UPPER,3,B,N-B-N,B,1,1,14,-1,5.497294132651182e-16,0.38421596576602995,1.4658952007564068,2.322362661449212,0.11907209712355424,0.5357503498670351,False,,,0.05,0.3874217177682736,2.322909963941605,1.7871596140745698,0.9495215301423874,True,False
UPPER,3,B,N-B-N,B,1,-1,0,1,4.152401105233554e-16,0.3337095808491108,1.462891786707139,2.319011923535723,0.11907209712355424,0.5357503498670351,False,,,0.05,0.337428719830353,2.3195457236193393,1.7837953737523042,0.9503487849754523,True,False
UPPER,3,B,N-B-N,B,1,-1,0,-1,5.621745306561216e-16,0.17752240789480628,0.31008822764679383,0.44121551229321704,0.11907209712355424,0.5357503498670351,True,0.05,0.3041,0.17709999999999998,0.2507185000620844,0.4753432554547154,0.0,0.0,True,True
UPPER,3,B,N-B-N,B,1,-1,1,1,7.005399763855969e-16,0.38421596576602995,1.4658952007564068,2.322362661449212,0.11907209712355424,0.5357503498670351,False,,,0.05,0.3874217177682736,2.322909963941605,1.7871596140745698,0.9495215301423874,True,False
UPPER,3,B,N-B-N,B,1,-1,1,-1,5.516777745966688e-16,0.17739168945385778,0.3101971894700298,0.44136097929737106,0.11907209712355424,0.5357503498670351,True,0.05,0.30339999999999995,0.17669999999999997,0.25046128136707224,0.4754386229171786,0.0,0.0,True,True
UPPER,3,B,N-B-N,B,1,-1,2,1,5.685299159545309e-16,0.17936519023836894,1.4705601488432702,2.3093601127887893,0.11907209712355424,0.5357503498670351,False,,,0.05,0.18618175111706162,2.3099004712661784,1.7741501213991433,0.9594464627375194,True,False
UPPER,3,B,N-B-N,B,1,-1,2,-1,5.808006296338306e-16,0.17766697798684603,0.31026427536995005,0.4412184199271117,0.11907209712355424,0.5357503498670351,True,0.05,0.30339999999999995,0.17669999999999997,0.2502205601086372,0.47544281050451703,0.0,0.0,True,True
UPPER,3,B,N-B-N,B,1,-1,3,1,4.676516907095405e-16,0.26198903722364986,1.4571439944766382,2.310946599797505,0.11907209712355424,0.5357503498670351,False,,,0.05,0.26670213460927567,2.311496605319024,1.7757462554519887,0.9504120476287242,True,False
UPPER,3,B,N-B-N,B,1,-1,3,-1,6.760197830446439e-16,0.17782549107009432,0.31023507054564153,0.44112425361508395,0.11907209712355424,0.5357503498670351,True,0.05,0.30369999999999997,0.1769,0.2504417143424578,0.47533188424221573,0.0,0.0,True,True
UPPER,3,B,N-B-N,B,1,-1,4,1,5.690131358254552e-16,0.0709649101989579,1.4310818118103201,2.2485350589561883,0.11907209712355424,0.5357503498670351,False,,,0.0777,0.10562232595693137,2.2498689374377148,1.7141185875706797,0.9523927896050235,True,False
UPPER,3,B,N-B-N,B,1,-1,4,-1,6.248642580346395e-16,0.17767962268971488,0.31015807543622714,0.44128835316924,0.11907209712355424,0.5357503498670351,True,0.05,0.30369999999999997,0.1769,0.25069842974438733,0.4753944638284673,0.0,0.0,True,True
UPPER,3,B,N-B-N,B,1,-1,5,1,6.133345696056314e-16,0.33370958082712426,1.4628917867056577,2.3190119235338917,0.11907209712355424,0.5357503498670351,False,,,0.05,0.3374287198086088,2.319545723617508,1.7837953737504728,0.9503487849756326,True,False
UPPER,3,B,N-B-N,B,1,-1,5,-1,6.401538390467187e-16,0.1775224078948063,0.3100882276467939,0.44121551229321704,0.11907209712355424,0.5357503498670351,True,0.05,0.3041,0.17709999999999998,0.2507185000620844,0.4753432554547154,0.0,0.0,True,True
UPPER,3,B,N-B-N,B,1,-1,6,1,2.3794123687251253e-16,0.3842159657660301,1.4658952007564068,2.322362661449212,0.11907209712355424,0.5357503498670351,False,,,0.05,0.3874217177682738,2.322909963941605,1.7871596140745698,0.9495215301423874,True,False
UPPER,3,B,N-B-N,B,1,-1,6,-1,6.068570344265387e-16,0.17739168945385803,0.31019718947003,0.4413609792973711,0.11907209712355424,0.5357503498670351,True,0.05,0.30339999999999995,0.17669999999999997,0.25046128136707224,0.47543862291717853,0.0,0.0,True,True
UPPER,3,B,N-B-N,B,1,-1,7,1,5.382130692421371e-16,0.1793651902400851,1.470560148843296,2.309360112790514,0.11907209712355424,0.5357503498670351,False,,,0.05,0.18618175111871496,2.3099004712679023,1.7741501214008673,0.9594464627374306,True,False
UPPER,3,B,N-B-N,B,1,-1,7,-1,5.642180448938034e-16,0.17766697798684628,0.3102642753699501,0.44121841992711175,0.11907209712355424,0.5357503498670351,True,0.05,0.30339999999999995,0.17669999999999997,0.25022056010863736,0.4754428105045171,0.0,0.0,True,True
UPPER,3,B,N-B-N,B,1,-1,8,1,5.975545085454378e-16,0.26198903722384725,1.4571439944766567,2.3109465997975316,0.11907209712355424,0.5357503498670351,False,,,0.05,0.26670213460946957,2.3114966053190504,1.7757462554520154,0.9504120476287132,True,False
UPPER,3,B,N-B-N,B,1,-1,8,-1,5.999567155267946e-16,0.17782549107009443,0.31023507054564164,0.44112425361508395,0.11907209712355424,0.5357503498670351,True,0.05,0.30369999999999997,0.1769,0.25044171434245815,0.4753318842422154,0.0,0.0,True,True
UPPER,3,B,N-B-N,B,1,-1,9,1,6.185798527955142e-16,0.07096491019851424,1.4310818118102873,2.2485350589559774,0.11907209712355424,0.5357503498670351,False,,,0.0777,0.10562232595663329,2.249868937437504,1.7141185875704688,0.9523927896050078,True,False
UPPER,3,B,N-B-N,B,1,-1,9,-1,5.620838921933025e-16,0.1776796226897147,0.31015807543622714,0.44128835316923987,0.11907209712355424,0.5357503498670351,True,0.05,0.30369999999999997,0.1769,0.2506984297443872,0.4753944638284672,0.0,0.0,True,True
UPPER,3,B,N-B-N,B,1,-1,10,1,6.138470243938686e-16,0.33370958082712426,1.462891786705658,2.3190119235338917,0.11907209712355424,0.5357503498670351,False,,,0.05,0.3374287198086088,2.319545723617508,1.7837953737504728,0.9503487849756328,True,False
UPPER,3,B,N-B-N,B,1,-1,10,-1,6.177923550544149e-16,0.17752240789480653,0.3100882276467939,0.4412155122932169,0.11907209712355424,0.5357503498670351,True,0.05,0.3041,0.17709999999999998,0.2507185000620845,0.4753432554547153,0.0,0.0,True,True
UPPER,3,B,N-B-N,B,1,-1,11,1,5.685218929510144e-16,0.38421596576289413,1.4658952007562447,2.322362661449046,0.11907209712355424,0.5357503498670351,False,,,0.05,0.3874217177651637,2.322909963941439,1.7871596140744037,0.9495215301424645,True,False
UPPER,3,B,N-B-N,B,1,-1,11,-1,4.393514689254773e-16,0.17739168945385828,0.31019718947003005,0.441360979297371,0.11907209712355424,0.5357503498670351,True,0.05,0.30339999999999995,0.17669999999999997,0.2504612813670726,0.47543862291717864,0.0,0.0,True,True
UPPER,3,B,N-B-N,B,1,-1,12,1,6.584648704446207e-16,0.17936519024106753,1.4705601488433107,2.3093601127915004,0.11907209712355424,0.5357503498670351,False,,,0.05,0.18618175111966143,2.3099004712688886,1.7741501214018536,0.9594464627373801,True,False
UPPER,3,B,N-B-N,B,1,-1,12,-1,6.035138518117498e-16,0.17766697798684672,0.3102642753699502,0.44121841992711186,0.11907209712355424,0.5357503498670351,True,0.05,0.30339999999999995,0.17669999999999997,0.2502205601086377,0.4754428105045172,0.0,0.0,True,True
UPPER,3,B,N-B-N,B,1,-1,13,1,5.977727472747832e-16,0.26198903722424155,1.4571439944766942,2.3109465997975858,0.11907209712355424,0.5357503498670351,False,,,0.05,0.26670213460985687,2.3114966053191046,1.7757462554520695,0.9504120476286921,True,False
UPPER,3,B,N-B-N,B,1,-1,13,-1,5.884895546359193e-16,0.17782549107009424,0.31023507054564153,0.4411242536150842,0.11907209712355424,0.5357503498670351,True,0.05,0.30369999999999997,0.1769,0.25044171434245793,0.47533188424221556,0.0,0.0,True,True
UPPER,3,B,N-B-N,B,1,-1,14,1,5.630609813123939e-16,0.07096491020481842,1.4310818118107584,2.248535058958972,0.11907209712355424,0.5357503498670351,False,,,0.0777,0.10562232596086892,2.2498689374404965,1.7141185875734615,0.9523927896052338,True,False
UPPER,3,B,N-B-N,B,1,-1,14,-1,5.701233957755224e-16,0.17767962268971463,0.31015807543622714,0.44128835316924,0.11907209712355424,0.5357503498670351,True,0.05,0.30369999999999997,0.1769,0.25069842974438716,0.4753944638284673,0.0,0.0,True,True
