edge_index,source_node,target_node,source_element,target_element,source_type,target_type,bond_class,distance_nm,target_nm,absolute_deviation_nm
1,P:0,P:1,B,N,PARENT_HBN,PARENT_HBN,B-N,0.14500000000000002,0.144973,2.7000000000027002e-05
2,P:1,P:60,N,B,PARENT_HBN,PARENT_HBN,B-N,0.1452446212429224,0.144973,0.0002716212429224041
3,P:1,P:118,N,B,PARENT_HBN,PARENT_HBN,B-N,0.1443779761598008,0.144973,0.0005950238401991881
4,P:2,P:3,B,N,PARENT_HBN,PARENT_HBN,B-N,0.14500000000000002,0.144973,2.7000000000027002e-05
5,P:3,P:60,N,B,PARENT_HBN,PARENT_HBN,B-N,0.14477568856683093,0.144973,0.00019731143316906175
6,P:3,P:62,N,B,PARENT_HBN,PARENT_HBN,B-N,0.14439182802361047,0.144973,0.0005811719763895162
7,P:4,P:5,B,N,PARENT_HBN,PARENT_HBN,B-N,0.14500000000000002,0.144973,2.7000000000027002e-05
8,P:5,P:62,N,B,PARENT_HBN,PARENT_HBN,B-N,0.14456140563788109,0.144973,0.00041159436211890554
9,P:5,P:64,N,B,PARENT_HBN,PARENT_HBN,B-N,0.14483438818181293,0.144973,0.0001386118181870566
10,P:6,P:7,B,N,PARENT_HBN,PARENT_HBN,B-N,0.14500000000000002,0.144973,2.7000000000027002e-05
11,P:7,P:64,N,B,PARENT_HBN,PARENT_HBN,B-N,0.14481022063376636,0.144973,0.00016277936623362854
12,P:7,P:66,N,B,PARENT_HBN,PARENT_HBN,B-N,0.145013792447477,0.144973,4.0792447477011606e-05
13,P:8,P:9,B,N,PARENT_HBN,PARENT_HBN,B-N,0.14500000000000002,0.144973,2.7000000000027002e-05
14,P:9,P:66,N,B,PARENT_HBN,PARENT_HBN,B-N,0.14377760604489156,0.144973,0.0011953939551084258
15,P:9,P:68,N,B,PARENT_HBN,PARENT_HBN,B-N,0.145013792447477,0.144973,4.0792447477011606e-05
16,P:10,P:11,B,N,PARENT_HBN,PARENT_HBN,B-N,0.14500000000000002,0.144973,2.7000000000027002e-05
17,P:11,P:68,N,B,PARENT_HBN,PARENT_HBN,B-N,0.14481022063376636,0.144973,0.00016277936623362854
18,P:11,P:70,N,B,PARENT_HBN,PARENT_HBN,B-N,0.14483438818181293,0.144973,0.0001386118181870566
19,P:12,P:13,B,N,PARENT_HBN,PARENT_HBN,B-N,0.14500000000000002,0.144973,2.7000000000027002e-05
20,P:13,P:70,N,B,PARENT_HBN,PARENT_HBN,B-N,0.14456140563788109,0.144973,0.00041159436211890554
21,P:13,P:72,N,B,PARENT_HBN,PARENT_HBN,B-N,0.14439182802361047,0.144973,0.0005811719763895162
22,P:14,P:15,B,N,PARENT_HBN,PARENT_HBN,B-N,0.14500000000000002,0.144973,2.7000000000027002e-05
23,P:15,P:72,N,B,PARENT_HBN,PARENT_HBN,B-N,0.14477568856683093,0.144973,0.00019731143316906175
24,P:15,P:74,N,B,PARENT_HBN,PARENT_HBN,B-N,0.1452446212429224,0.144973,0.0002716212429224041
25,P:16,P:17,B,N,PARENT_HBN,PARENT_HBN,B-N,0.14500000000000002,0.144973,2.7000000000027002e-05
26,P:17,P:74,N,B,PARENT_HBN,PARENT_HBN,B-N,0.1443779761598008,0.144973,0.0005950238401991881
27,P:17,P:76,N,B,PARENT_HBN,PARENT_HBN,B-N,0.14477568856683093,0.144973,0.00019731143316906175
28,P:18,P:19,B,N,PARENT_HBN,PARENT_HBN,B-N,0.14500000000000002,0.144973,2.7000000000027002e-05
29,P:19,P:76,N,B,PARENT_HBN,PARENT_HBN,B-N,0.14439182802361084,0.144973,0.0005811719763891554
30,P:19,P:78,N,B,PARENT_HBN,PARENT_HBN,B-N,0.14456140563788109,0.144973,0.00041159436211890554
31,P:20,P:21,B,N,PARENT_HBN,PARENT_HBN,B-N,0.14500000000000002,0.144973,2.7000000000027002e-05
32,P:21,P:78,N,B,PARENT_HBN,PARENT_HBN,B-N,0.14483438818181293,0.144973,0.0001386118181870566
33,P:21,P:80,N,B,PARENT_HBN,PARENT_HBN,B-N,0.1455369368923229,0.144973,0.0005639368923228971
34,P:22,P:23,B,N,PARENT_HBN,PARENT_HBN,B-N,0.14500000000000002,0.144973,2.7000000000027002e-05
35,P:23,P:80,N,B,PARENT_HBN,PARENT_HBN,B-N,0.14433987668000817,0.144973,0.000633123319991824
36,P:23,P:82,N,B,PARENT_HBN,PARENT_HBN,B-N,0.14439182802361086,0.144973,0.0005811719763891277
37,P:24,P:25,B,N,PARENT_HBN,PARENT_HBN,B-N,0.14500000000000002,0.144973,2.7000000000027002e-05
38,P:25,P:82,N,B,PARENT_HBN,PARENT_HBN,B-N,0.14501379244747725,0.144973,4.0792447477261407e-05
39,P:25,P:84,N,B,PARENT_HBN,PARENT_HBN,B-N,0.1443364125922496,0.144973,0.000636587407750383
40,P:26,P:27,B,N,PARENT_HBN,PARENT_HBN,B-N,0.14500000000000002,0.144973,2.7000000000027002e-05
41,P:27,P:84,N,B,PARENT_HBN,PARENT_HBN,B-N,0.14483438818181277,0.144973,0.00013861181818722312
42,P:27,P:86,N,B,PARENT_HBN,PARENT_HBN,B-N,0.14456140563788109,0.144973,0.00041159436211890554
43,P:28,P:29,B,N,PARENT_HBN,PARENT_HBN,B-N,0.14500000000000002,0.144973,2.7000000000027002e-05
44,P:29,P:86,N,B,PARENT_HBN,PARENT_HBN,B-N,0.14461673485458001,0.144973,0.0003562651454199761
45,P:29,P:88,N,B,PARENT_HBN,PARENT_HBN,B-N,0.1446409347314931,0.144973,0.00033206526850690365
46,P:30,P:31,B,N,PARENT_HBN,PARENT_HBN,B-N,0.14500000000000002,0.144973,2.7000000000027002e-05
47,P:31,P:88,N,B,PARENT_HBN,PARENT_HBN,B-N,0.14528936643815327,0.144973,0.00031636643815327603
48,P:31,P:90,N,B,PARENT_HBN,PARENT_HBN,B-N,0.14442298985964805,0.144973,0.000550010140351942
49,P:32,P:33,B,N,PARENT_HBN,PARENT_HBN,B-N,0.14500000000000002,0.144973,2.7000000000027002e-05
50,P:33,P:90,N,B,PARENT_HBN,PARENT_HBN,B-N,0.1446409347314931,0.144973,0.00033206526850690365
51,P:33,P:92,N,B,PARENT_HBN,PARENT_HBN,B-N,0.14461673485458038,0.144973,0.0003562651454196153
52,P:34,P:35,B,N,PARENT_HBN,PARENT_HBN,B-N,0.14500000000000002,0.144973,2.7000000000027002e-05
53,P:35,P:92,N,B,PARENT_HBN,PARENT_HBN,B-N,0.14456140563788109,0.144973,0.00041159436211890554
54,P:35,P:94,N,B,PARENT_HBN,PARENT_HBN,B-N,0.14483438818181277,0.144973,0.00013861181818722312
55,P:36,P:37,B,N,PARENT_HBN,PARENT_HBN,B-N,0.14500000000000002,0.144973,2.7000000000027002e-05
56,P:37,P:94,N,B,PARENT_HBN,PARENT_HBN,B-N,0.14506550244630867,0.144973,9.250244630867877e-05
57,P:37,P:96,N,B,PARENT_HBN,PARENT_HBN,B-N,0.1443398766800084,0.144973,0.000633123319991602
58,P:38,P:39,B,N,PARENT_HBN,PARENT_HBN,B-N,0.14500000000000002,0.144973,2.7000000000027002e-05
59,P:39,P:96,N,B,PARENT_HBN,PARENT_HBN,B-N,0.14500344823486094,0.144973,3.0448234860952494e-05
60,P:39,P:98,N,B,PARENT_HBN,PARENT_HBN,B-N,0.1443398766800084,0.144973,0.000633123319991602
61,P:40,P:41,B,N,PARENT_HBN,PARENT_HBN,B-N,0.14500000000000002,0.144973,2.7000000000027002e-05
62,P:41,P:98,N,B,PARENT_HBN,PARENT_HBN,B-N,0.14506550244630867,0.144973,9.250244630867877e-05
63,P:41,P:100,N,B,PARENT_HBN,PARENT_HBN,B-N,0.14483438818181277,0.144973,0.00013861181818722312
64,P:42,P:43,B,N,PARENT_HBN,PARENT_HBN,B-N,0.14500000000000002,0.144973,2.7000000000027002e-05
65,P:43,P:100,N,B,PARENT_HBN,PARENT_HBN,B-N,0.14456140563788109,0.144973,0.00041159436211890554
66,P:43,P:102,N,B,PARENT_HBN,PARENT_HBN,B-N,0.14461673485458038,0.144973,0.0003562651454196153
67,P:44,P:45,B,N,PARENT_HBN,PARENT_HBN,B-N,0.14500000000000002,0.144973,2.7000000000027002e-05
68,P:45,P:102,N,B,PARENT_HBN,PARENT_HBN,B-N,0.1446409347314931,0.144973,0.00033206526850690365
69,P:45,P:104,N,B,PARENT_HBN,PARENT_HBN,B-N,0.14442298985964805,0.144973,0.000550010140351942
70,P:46,P:47,B,N,PARENT_HBN,PARENT_HBN,B-N,0.14500000000000002,0.144973,2.7000000000027002e-05
71,P:47,P:104,N,B,PARENT_HBN,PARENT_HBN,B-N,0.14528936643815327,0.144973,0.00031636643815327603
72,P:47,P:106,N,B,PARENT_HBN,PARENT_HBN,B-N,0.1446409347314931,0.144973,0.00033206526850690365
73,P:48,P:49,B,N,PARENT_HBN,PARENT_HBN,B-N,0.14500000000000002,0.144973,2.7000000000027002e-05
74,P:49,P:106,N,B,PARENT_HBN,PARENT_HBN,B-N,0.14461673485458001,0.144973,0.0003562651454199761
75,P:49,P:108,N,B,PARENT_HBN,PARENT_HBN,B-N,0.14456140563788109,0.144973,0.00041159436211890554
76,P:50,P:51,B,N,PARENT_HBN,PARENT_HBN,B-N,0.14500000000000002,0.144973,2.7000000000027002e-05
77,P:51,P:108,N,B,PARENT_HBN,PARENT_HBN,B-N,0.14483438818181277,0.144973,0.00013861181818722312
78,P:51,P:110,N,B,PARENT_HBN,PARENT_HBN,B-N,0.1443364125922496,0.144973,0.000636587407750383
79,P:52,P:53,B,N,PARENT_HBN,PARENT_HBN,B-N,0.14500000000000002,0.144973,2.7000000000027002e-05
80,P:53,P:110,N,B,PARENT_HBN,PARENT_HBN,B-N,0.14501379244747725,0.144973,4.0792447477261407e-05
81,P:53,P:112,N,B,PARENT_HBN,PARENT_HBN,B-N,0.14439182802361086,0.144973,0.0005811719763891277
82,P:54,P:55,B,N,PARENT_HBN,PARENT_HBN,B-N,0.14500000000000002,0.144973,2.7000000000027002e-05
83,P:55,P:112,N,B,PARENT_HBN,PARENT_HBN,B-N,0.14433987668000817,0.144973,0.000633123319991824
84,P:55,P:114,N,B,PARENT_HBN,PARENT_HBN,B-N,0.1455369368923229,0.144973,0.0005639368923228971
85,P:56,P:57,B,N,PARENT_HBN,PARENT_HBN,B-N,0.14500000000000002,0.144973,2.7000000000027002e-05
86,P:57,P:114,N,B,PARENT_HBN,PARENT_HBN,B-N,0.14483438818181293,0.144973,0.0001386118181870566
87,P:57,P:116,N,B,PARENT_HBN,PARENT_HBN,B-N,0.14456140563788109,0.144973,0.00041159436211890554
88,P:58,P:59,B,N,PARENT_HBN,PARENT_HBN,B-N,0.14500000000000002,0.144973,2.7000000000027002e-05
89,P:59,P:116,N,B,PARENT_HBN,PARENT_HBN,B-N,0.14439182802361084,0.144973,0.0005811719763891554
90,P:59,P:118,N,B,PARENT_HBN,PARENT_HBN,B-N,0.14477568856683093,0.144973,0.00019731143316906175
91,P:60,P:61,B,N,PARENT_HBN,PARENT_HBN,B-N,0.14500000000000002,0.144973,2.7000000000027002e-05
92,P:61,P:120,N,B,PARENT_HBN,PARENT_HBN,B-N,0.14527560015363902,0.144973,0.00030260015363903214
93,P:61,P:178,N,B,PARENT_HBN,PARENT_HBN,B-N,0.14574292435655314,0.144973,0.0007699243565531533
94,P:62,P:63,B,N,PARENT_HBN,PARENT_HBN,B-N,0.14500000000000002,0.144973,2.7000000000027002e-05
95,P:63,P:120,N,B,PARENT_HBN,PARENT_HBN,B-N,0.14489306401619054,0.144973,7.993598380945377e-05
96,P:63,P:122,N,B,PARENT_HBN,PARENT_HBN,B-N,0.1450620556865233,0.144973,8.905568652331497e-05
97,P:64,P:65,B,N,PARENT_HBN,PARENT_HBN,B-N,0.14500000000000002,0.144973,2.7000000000027002e-05
98,P:65,P:122,N,B,PARENT_HBN,PARENT_HBN,B-N,0.14533409785731655,0.144973,0.00036109785731655575
99,P:65,P:124,N,B,PARENT_HBN,PARENT_HBN,B-N,0.14531001341958535,0.144973,0.00033701341958536357
100,P:66,P:67,B,N,PARENT_HBN,PARENT_HBN,B-N,0.14500000000000002,0.144973,2.7000000000027002e-05
101,P:67,P:124,N,B,PARENT_HBN,PARENT_HBN,B-N,0.14551288602732038,0.144973,0.0005398860273203854
102,P:67,P:126,N,B,PARENT_HBN,PARENT_HBN,B-N,0.14428097587693264,0.144973,0.0006920241230673474
103,P:68,P:69,B,N,PARENT_HBN,PARENT_HBN,B-N,0.14500000000000002,0.144973,2.7000000000027002e-05
104,P:69,P:126,N,B,PARENT_HBN,PARENT_HBN,B-N,0.14551288602732038,0.144973,0.0005398860273203854
105,P:69,P:128,N,B,PARENT_HBN,PARENT_HBN,B-N,0.14531001341958535,0.144973,0.00033701341958536357
106,P:70,P:71,B,N,PARENT_HBN,PARENT_HBN,B-N,0.14500000000000002,0.144973,2.7000000000027002e-05
107,P:71,P:128,N,B,PARENT_HBN,PARENT_HBN,B-N,0.14533409785731655,0.144973,0.00036109785731655575
108,P:71,P:130,N,B,PARENT_HBN,PARENT_HBN,B-N,0.1450620556865233,0.144973,8.905568652331497e-05
109,P:72,P:73,B,N,PARENT_HBN,PARENT_HBN,B-N,0.14500000000000002,0.144973,2.7000000000027002e-05
110,P:73,P:130,N,B,PARENT_HBN,PARENT_HBN,B-N,0.14489306401619054,0.144973,7.993598380945377e-05
111,P:73,P:132,N,B,PARENT_HBN,PARENT_HBN,B-N,0.14527560015363902,0.144973,0.00030260015363903214
112,P:74,P:75,B,N,PARENT_HBN,PARENT_HBN,B-N,0.14500000000000002,0.144973,2.7000000000027002e-05
113,P:75,P:132,N,B,PARENT_HBN,PARENT_HBN,B-N,0.14574292435655314,0.144973,0.0007699243565531533
114,P:75,P:134,N,B,PARENT_HBN,PARENT_HBN,B-N,0.14487926007541588,0.144973,9.373992458411307e-05
115,P:76,P:77,B,N,PARENT_HBN,PARENT_HBN,B-N,0.14500000000000002,0.144973,2.7000000000027002e-05
116,P:77,P:134,N,B,PARENT_HBN,PARENT_HBN,B-N,0.14527560015363902,0.144973,0.00030260015363903214
117,P:77,P:136,N,B,PARENT_HBN,PARENT_HBN,B-N,0.1448930640161909,0.144973,7.993598380909295e-05
118,P:78,P:79,B,N,PARENT_HBN,PARENT_HBN,B-N,0.14500000000000002,0.144973,2.7000000000027002e-05
119,P:79,P:136,N,B,PARENT_HBN,PARENT_HBN,B-N,0.1450620556865233,0.144973,8.905568652331497e-05
120,P:79,P:138,N,B,PARENT_HBN,PARENT_HBN,B-N,0.14533409785731655,0.144973,0.00036109785731655575
121,P:80,P:81,B,N,PARENT_HBN,PARENT_HBN,B-N,0.14500000000000002,0.144973,2.7000000000027002e-05
122,P:81,P:138,N,B,PARENT_HBN,PARENT_HBN,B-N,0.1460342425597502,0.144973,0.0010612425597502084
123,P:81,P:140,N,B,PARENT_HBN,PARENT_HBN,B-N,0.14484129245487956,0.144973,0.0001317075451204297
124,P:82,P:83,B,N,PARENT_HBN,PARENT_HBN,B-N,0.14500000000000002,0.144973,2.7000000000027002e-05
125,P:83,P:140,N,B,PARENT_HBN,PARENT_HBN,B-N,0.14489306401619093,0.144973,7.993598380906519e-05
126,P:83,P:142,N,B,PARENT_HBN,PARENT_HBN,B-N,0.1455128860273206,0.144973,0.0005398860273206074
127,P:84,P:85,B,N,PARENT_HBN,PARENT_HBN,B-N,0.14500000000000002,0.144973,2.7000000000027002e-05
128,P:85,P:142,N,B,PARENT_HBN,PARENT_HBN,B-N,0.1448378403594865,0.144973,0.00013515964051349916
129,P:85,P:144,N,B,PARENT_HBN,PARENT_HBN,B-N,0.14533409785731635,0.144973,0.00036109785731636146
130,P:86,P:87,B,N,PARENT_HBN,PARENT_HBN,B-N,0.14500000000000002,0.144973,2.7000000000027002e-05
131,P:87,P:144,N,B,PARENT_HBN,PARENT_HBN,B-N,0.1450620556865233,0.144973,8.905568652331497e-05
132,P:87,P:146,N,B,PARENT_HBN,PARENT_HBN,B-N,0.14511719401917844,0.144973,0.00014419401917845076
133,P:88,P:89,B,N,PARENT_HBN,PARENT_HBN,B-N,0.14500000000000002,0.144973,2.7000000000027002e-05
134,P:89,P:146,N,B,PARENT_HBN,PARENT_HBN,B-N,0.14514131045295142,0.144973,0.0001683104529514312
135,P:89,P:148,N,B,PARENT_HBN,PARENT_HBN,B-N,0.1457875166123628,0.144973,0.0008145166123628145
136,P:90,P:91,B,N,PARENT_HBN,PARENT_HBN,B-N,0.14500000000000002,0.144973,2.7000000000027002e-05
137,P:91,P:148,N,B,PARENT_HBN,PARENT_HBN,B-N,0.1449241180756329,0.144973,4.8881924367083496e-05
138,P:91,P:150,N,B,PARENT_HBN,PARENT_HBN,B-N,0.14514131045295142,0.144973,0.0001683104529514312
139,P:92,P:93,B,N,PARENT_HBN,PARENT_HBN,B-N,0.14500000000000002,0.144973,2.7000000000027002e-05
140,P:93,P:150,N,B,PARENT_HBN,PARENT_HBN,B-N,0.1451171940191788,0.144973,0.00014419401917881158
141,P:93,P:152,N,B,PARENT_HBN,PARENT_HBN,B-N,0.1450620556865233,0.144973,8.905568652331497e-05
142,P:94,P:95,B,N,PARENT_HBN,PARENT_HBN,B-N,0.14500000000000002,0.144973,2.7000000000027002e-05
143,P:95,P:152,N,B,PARENT_HBN,PARENT_HBN,B-N,0.14533409785731635,0.144973,0.00036109785731636146
144,P:95,P:154,N,B,PARENT_HBN,PARENT_HBN,B-N,0.1455644187293034,0.144973,0.0005914187293034057
145,P:96,P:97,B,N,PARENT_HBN,PARENT_HBN,B-N,0.14500000000000002,0.144973,2.7000000000027002e-05
146,P:97,P:154,N,B,PARENT_HBN,PARENT_HBN,B-N,0.14484129245487978,0.144973,0.00013170754512020766
147,P:97,P:156,N,B,PARENT_HBN,PARENT_HBN,B-N,0.14550257729676125,0.144973,0.0005295772967612578
148,P:98,P:99,B,N,PARENT_HBN,PARENT_HBN,B-N,0.14500000000000002,0.144973,2.7000000000027002e-05
149,P:99,P:156,N,B,PARENT_HBN,PARENT_HBN,B-N,0.14484129245487978,0.144973,0.00013170754512020766
150,P:99,P:158,N,B,PARENT_HBN,PARENT_HBN,B-N,0.1455644187293034,0.144973,0.0005914187293034057
151,P:100,P:101,B,N,PARENT_HBN,PARENT_HBN,B-N,0.14500000000000002,0.144973,2.7000000000027002e-05
152,P:101,P:158,N,B,PARENT_HBN,PARENT_HBN,B-N,0.14533409785731635,0.144973,0.00036109785731636146
153,P:101,P:160,N,B,PARENT_HBN,PARENT_HBN,B-N,0.1450620556865233,0.144973,8.905568652331497e-05
154,P:102,P:103,B,N,PARENT_HBN,PARENT_HBN,B-N,0.14500000000000002,0.144973,2.7000000000027002e-05
155,P:103,P:160,N,B,PARENT_HBN,PARENT_HBN,B-N,0.1451171940191788,0.144973,0.00014419401917881158
156,P:103,P:162,N,B,PARENT_HBN,PARENT_HBN,B-N,0.14514131045295142,0.144973,0.0001683104529514312
157,P:104,P:105,B,N,PARENT_HBN,PARENT_HBN,B-N,0.14500000000000002,0.144973,2.7000000000027002e-05
158,P:105,P:162,N,B,PARENT_HBN,PARENT_HBN,B-N,0.1449241180756329,0.144973,4.8881924367083496e-05
159,P:105,P:164,N,B,PARENT_HBN,PARENT_HBN,B-N,0.1457875166123628,0.144973,0.0008145166123628145
160,P:106,P:107,B,N,PARENT_HBN,PARENT_HBN,B-N,0.14500000000000002,0.144973,2.7000000000027002e-05
161,P:107,P:164,N,B,PARENT_HBN,PARENT_HBN,B-N,0.14514131045295142,0.144973,0.0001683104529514312
162,P:107,P:166,N,B,PARENT_HBN,PARENT_HBN,B-N,0.14511719401917844,0.144973,0.00014419401917845076
163,P:108,P:109,B,N,PARENT_HBN,PARENT_HBN,B-N,0.14500000000000002,0.144973,2.7000000000027002e-05
164,P:109,P:166,N,B,PARENT_HBN,PARENT_HBN,B-N,0.1450620556865233,0.144973,8.905568652331497e-05
165,P:109,P:168,N,B,PARENT_HBN,PARENT_HBN,B-N,0.14533409785731635,0.144973,0.00036109785731636146
166,P:110,P:111,B,N,PARENT_HBN,PARENT_HBN,B-N,0.14500000000000002,0.144973,2.7000000000027002e-05
167,P:111,P:168,N,B,PARENT_HBN,PARENT_HBN,B-N,0.1448378403594865,0.144973,0.00013515964051349916
168,P:111,P:170,N,B,PARENT_HBN,PARENT_HBN,B-N,0.1455128860273206,0.144973,0.0005398860273206074
169,P:112,P:113,B,N,PARENT_HBN,PARENT_HBN,B-N,0.14500000000000002,0.144973,2.7000000000027002e-05
170,P:113,P:170,N,B,PARENT_HBN,PARENT_HBN,B-N,0.14489306401619093,0.144973,7.993598380906519e-05
171,P:113,P:172,N,B,PARENT_HBN,PARENT_HBN,B-N,0.14484129245487956,0.144973,0.0001317075451204297
172,P:114,P:115,B,N,PARENT_HBN,PARENT_HBN,B-N,0.14500000000000002,0.144973,2.7000000000027002e-05
173,P:115,P:172,N,B,PARENT_HBN,PARENT_HBN,B-N,0.1460342425597502,0.144973,0.0010612425597502084
174,P:115,P:174,N,B,PARENT_HBN,PARENT_HBN,B-N,0.14533409785731655,0.144973,0.00036109785731655575
175,P:116,P:117,B,N,PARENT_HBN,PARENT_HBN,B-N,0.14500000000000002,0.144973,2.7000000000027002e-05
176,P:117,P:174,N,B,PARENT_HBN,PARENT_HBN,B-N,0.1450620556865233,0.144973,8.905568652331497e-05
177,P:117,P:176,N,B,PARENT_HBN,PARENT_HBN,B-N,0.1448930640161909,0.144973,7.993598380909295e-05
178,P:118,P:119,B,N,PARENT_HBN,PARENT_HBN,B-N,0.14500000000000002,0.144973,2.7000000000027002e-05
179,P:119,P:176,N,B,PARENT_HBN,PARENT_HBN,B-N,0.14527560015363902,0.144973,0.00030260015363903214
180,P:119,P:178,N,B,PARENT_HBN,PARENT_HBN,B-N,0.14487926007541588,0.144973,9.373992458411307e-05
181,P:120,P:121,B,N,PARENT_HBN,PARENT_HBN,B-N,0.14500000000000002,0.144973,2.7000000000027002e-05
182,P:121,P:180,N,B,PARENT_HBN,PARENT_HBN,B-N,0.14439182802361047,0.144973,0.0005811719763895162
183,P:121,P:238,N,B,PARENT_HBN,PARENT_HBN,B-N,0.14477568856683093,0.144973,0.00019731143316906175
184,P:122,P:123,B,N,PARENT_HBN,PARENT_HBN,B-N,0.14500000000000002,0.144973,2.7000000000027002e-05
185,P:123,P:180,N,B,PARENT_HBN,PARENT_HBN,B-N,0.14456140563788109,0.144973,0.00041159436211890554
186,P:123,P:182,N,B,PARENT_HBN,PARENT_HBN,B-N,0.14483438818181293,0.144973,0.0001386118181870566
187,P:124,P:125,B,N,PARENT_HBN,PARENT_HBN,B-N,0.14500000000000002,0.144973,2.7000000000027002e-05
188,P:125,P:182,N,B,PARENT_HBN,PARENT_HBN,B-N,0.14481022063376636,0.144973,0.00016277936623362854
189,P:125,P:184,N,B,PARENT_HBN,PARENT_HBN,B-N,0.145013792447477,0.144973,4.0792447477011606e-05
190,P:126,P:127,B,N,PARENT_HBN,PARENT_HBN,B-N,0.14500000000000002,0.144973,2.7000000000027002e-05
191,P:127,P:184,N,B,PARENT_HBN,PARENT_HBN,B-N,0.14377760604489156,0.144973,0.0011953939551084258
192,P:127,P:186,N,B,PARENT_HBN,PARENT_HBN,B-N,0.145013792447477,0.144973,4.0792447477011606e-05
193,P:128,P:129,B,N,PARENT_HBN,PARENT_HBN,B-N,0.14500000000000002,0.144973,2.7000000000027002e-05
194,P:129,P:186,N,B,PARENT_HBN,PARENT_HBN,B-N,0.14481022063376636,0.144973,0.00016277936623362854
195,P:129,P:188,N,B,PARENT_HBN,PARENT_HBN,B-N,0.14483438818181293,0.144973,0.0001386118181870566
196,P:130,P:131,B,N,PARENT_HBN,PARENT_HBN,B-N,0.14500000000000002,0.144973,2.7000000000027002e-05
197,P:131,P:188,N,B,PARENT_HBN,PARENT_HBN,B-N,0.14456140563788109,0.144973,0.00041159436211890554
198,P:131,P:190,N,B,PARENT_HBN,PARENT_HBN,B-N,0.14439182802361047,0.144973,0.0005811719763895162
199,P:132,P:133,B,N,PARENT_HBN,PARENT_HBN,B-N,0.14500000000000002,0.144973,2.7000000000027002e-05
200,P:133,P:190,N,B,PARENT_HBN,PARENT_HBN,B-N,0.14477568856683093,0.144973,0.00019731143316906175
201,P:133,P:192,N,B,PARENT_HBN,PARENT_HBN,B-N,0.1452446212429224,0.144973,0.0002716212429224041
202,P:134,P:135,B,N,PARENT_HBN,PARENT_HBN,B-N,0.14500000000000002,0.144973,2.7000000000027002e-05
203,P:135,P:192,N,B,PARENT_HBN,PARENT_HBN,B-N,0.1443779761598008,0.144973,0.0005950238401991881
204,P:135,P:194,N,B,PARENT_HBN,PARENT_HBN,B-N,0.14477568856683093,0.144973,0.00019731143316906175
205,P:136,P:137,B,N,PARENT_HBN,PARENT_HBN,B-N,0.14500000000000002,0.144973,2.7000000000027002e-05
206,P:137,P:194,N,B,PARENT_HBN,PARENT_HBN,B-N,0.14439182802361084,0.144973,0.0005811719763891554
207,P:137,P:196,N,B,PARENT_HBN,PARENT_HBN,B-N,0.14456140563788109,0.144973,0.00041159436211890554
208,P:138,P:139,B,N,PARENT_HBN,PARENT_HBN,B-N,0.14500000000000002,0.144973,2.7000000000027002e-05
209,P:139,P:196,N,B,PARENT_HBN,PARENT_HBN,B-N,0.14483438818181293,0.144973,0.0001386118181870566
210,P:139,P:198,N,B,PARENT_HBN,PARENT_HBN,B-N,0.1455369368923229,0.144973,0.0005639368923228971
211,P:140,P:141,B,N,PARENT_HBN,PARENT_HBN,B-N,0.14500000000000002,0.144973,2.7000000000027002e-05
212,P:141,P:198,N,B,PARENT_HBN,PARENT_HBN,B-N,0.14433987668000817,0.144973,0.000633123319991824
213,P:141,P:200,N,B,PARENT_HBN,PARENT_HBN,B-N,0.14439182802361086,0.144973,0.0005811719763891277
214,P:142,P:143,B,N,PARENT_HBN,PARENT_HBN,B-N,0.14500000000000002,0.144973,2.7000000000027002e-05
215,P:143,P:200,N,B,PARENT_HBN,PARENT_HBN,B-N,0.14501379244747725,0.144973,4.0792447477261407e-05
216,P:143,P:202,N,B,PARENT_HBN,PARENT_HBN,B-N,0.1443364125922496,0.144973,0.000636587407750383
217,P:144,P:145,B,N,PARENT_HBN,PARENT_HBN,B-N,0.14500000000000002,0.144973,2.7000000000027002e-05
218,P:145,P:202,N,B,PARENT_HBN,PARENT_HBN,B-N,0.14483438818181277,0.144973,0.00013861181818722312
219,P:145,P:204,N,B,PARENT_HBN,PARENT_HBN,B-N,0.14456140563788109,0.144973,0.00041159436211890554
220,P:146,P:147,B,N,PARENT_HBN,PARENT_HBN,B-N,0.14500000000000002,0.144973,2.7000000000027002e-05
221,P:147,P:204,N,B,PARENT_HBN,PARENT_HBN,B-N,0.14461673485458001,0.144973,0.0003562651454199761
222,P:147,P:206,N,B,PARENT_HBN,PARENT_HBN,B-N,0.1446409347314931,0.144973,0.00033206526850690365
223,P:148,P:149,B,N,PARENT_HBN,PARENT_HBN,B-N,0.14500000000000002,0.144973,2.7000000000027002e-05
224,P:149,P:206,N,B,PARENT_HBN,PARENT_HBN,B-N,0.14528936643815327,0.144973,0.00031636643815327603
225,P:149,P:208,N,B,PARENT_HBN,PARENT_HBN,B-N,0.14442298985964805,0.144973,0.000550010140351942
226,P:150,P:151,B,N,PARENT_HBN,PARENT_HBN,B-N,0.14500000000000002,0.144973,2.7000000000027002e-05
227,P:151,P:208,N,B,PARENT_HBN,PARENT_HBN,B-N,0.1446409347314931,0.144973,0.00033206526850690365
228,P:151,P:210,N,B,PARENT_HBN,PARENT_HBN,B-N,0.14461673485458038,0.144973,0.0003562651454196153
229,P:152,P:153,B,N,PARENT_HBN,PARENT_HBN,B-N,0.14500000000000002,0.144973,2.7000000000027002e-05
230,P:153,P:210,N,B,PARENT_HBN,PARENT_HBN,B-N,0.14456140563788109,0.144973,0.00041159436211890554
231,P:153,P:212,N,B,PARENT_HBN,PARENT_HBN,B-N,0.14483438818181277,0.144973,0.00013861181818722312
232,P:154,P:155,B,N,PARENT_HBN,PARENT_HBN,B-N,0.14500000000000002,0.144973,2.7000000000027002e-05
233,P:155,P:212,N,B,PARENT_HBN,PARENT_HBN,B-N,0.14506550244630867,0.144973,9.250244630867877e-05
234,P:155,P:214,N,B,PARENT_HBN,PARENT_HBN,B-N,0.1443398766800084,0.144973,0.000633123319991602
235,P:156,P:157,B,N,PARENT_HBN,PARENT_HBN,B-N,0.14500000000000002,0.144973,2.7000000000027002e-05
236,P:157,P:214,N,B,PARENT_HBN,PARENT_HBN,B-N,0.14500344823486094,0.144973,3.0448234860952494e-05
237,P:157,P:216,N,B,PARENT_HBN,PARENT_HBN,B-N,0.1443398766800084,0.144973,0.000633123319991602
238,P:158,P:159,B,N,PARENT_HBN,PARENT_HBN,B-N,0.14500000000000002,0.144973,2.7000000000027002e-05
239,P:159,P:216,N,B,PARENT_HBN,PARENT_HBN,B-N,0.14506550244630867,0.144973,9.250244630867877e-05
240,P:159,P:218,N,B,PARENT_HBN,PARENT_HBN,B-N,0.14483438818181277,0.144973,0.00013861181818722312
241,P:160,P:161,B,N,PARENT_HBN,PARENT_HBN,B-N,0.14500000000000002,0.144973,2.7000000000027002e-05
242,P:161,P:218,N,B,PARENT_HBN,PARENT_HBN,B-N,0.14456140563788109,0.144973,0.00041159436211890554
243,P:161,P:220,N,B,PARENT_HBN,PARENT_HBN,B-N,0.14461673485458038,0.144973,0.0003562651454196153
244,P:162,P:163,B,N,PARENT_HBN,PARENT_HBN,B-N,0.14500000000000002,0.144973,2.7000000000027002e-05
245,P:163,P:220,N,B,PARENT_HBN,PARENT_HBN,B-N,0.1446409347314931,0.144973,0.00033206526850690365
246,P:163,P:222,N,B,PARENT_HBN,PARENT_HBN,B-N,0.14442298985964805,0.144973,0.000550010140351942
247,P:164,P:165,B,N,PARENT_HBN,PARENT_HBN,B-N,0.14500000000000002,0.144973,2.7000000000027002e-05
248,P:165,P:222,N,B,PARENT_HBN,PARENT_HBN,B-N,0.14528936643815327,0.144973,0.00031636643815327603
249,P:165,P:224,N,B,PARENT_HBN,PARENT_HBN,B-N,0.1446409347314931,0.144973,0.00033206526850690365
250,P:166,P:167,B,N,PARENT_HBN,PARENT_HBN,B-N,0.14500000000000002,0.144973,2.7000000000027002e-05
251,P:167,P:224,N,B,PARENT_HBN,PARENT_HBN,B-N,0.14461673485458001,0.144973,0.0003562651454199761
252,P:167,P:226,N,B,PARENT_HBN,PARENT_HBN,B-N,0.14456140563788109,0.144973,0.00041159436211890554
253,P:168,P:169,B,N,PARENT_HBN,PARENT_HBN,B-N,0.14500000000000002,0.144973,2.7000000000027002e-05
254,P:169,P:226,N,B,PARENT_HBN,PARENT_HBN,B-N,0.14483438818181277,0.144973,0.00013861181818722312
255,P:169,P:228,N,B,PARENT_HBN,PARENT_HBN,B-N,0.1443364125922496,0.144973,0.000636587407750383
256,P:170,P:171,B,N,PARENT_HBN,PARENT_HBN,B-N,0.14500000000000002,0.144973,2.7000000000027002e-05
257,P:171,P:228,N,B,PARENT_HBN,PARENT_HBN,B-N,0.14501379244747725,0.144973,4.0792447477261407e-05
258,P:171,P:230,N,B,PARENT_HBN,PARENT_HBN,B-N,0.14439182802361086,0.144973,0.0005811719763891277
259,P:172,P:173,B,N,PARENT_HBN,PARENT_HBN,B-N,0.14500000000000002,0.144973,2.7000000000027002e-05
260,P:173,P:230,N,B,PARENT_HBN,PARENT_HBN,B-N,0.14433987668000817,0.144973,0.000633123319991824
261,P:173,P:232,N,B,PARENT_HBN,PARENT_HBN,B-N,0.1455369368923229,0.144973,0.0005639368923228971
262,P:174,P:175,B,N,PARENT_HBN,PARENT_HBN,B-N,0.14500000000000002,0.144973,2.7000000000027002e-05
263,P:175,P:232,N,B,PARENT_HBN,PARENT_HBN,B-N,0.14483438818181293,0.144973,0.0001386118181870566
264,P:175,P:234,N,B,PARENT_HBN,PARENT_HBN,B-N,0.14456140563788109,0.144973,0.00041159436211890554
265,P:176,P:177,B,N,PARENT_HBN,PARENT_HBN,B-N,0.14500000000000002,0.144973,2.7000000000027002e-05
266,P:177,P:234,N,B,PARENT_HBN,PARENT_HBN,B-N,0.14439182802361084,0.144973,0.0005811719763891554
267,P:177,P:236,N,B,PARENT_HBN,PARENT_HBN,B-N,0.14477568856683093,0.144973,0.00019731143316906175
268,P:178,P:179,B,N,PARENT_HBN,PARENT_HBN,B-N,0.14500000000000002,0.144973,2.7000000000027002e-05
269,P:179,P:236,N,B,PARENT_HBN,PARENT_HBN,B-N,0.1443779761598008,0.144973,0.0005950238401991881
270,P:179,P:238,N,B,PARENT_HBN,PARENT_HBN,B-N,0.1452446212429224,0.144973,0.0002716212429224041
271,P:180,P:181,B,N,PARENT_HBN,PARENT_HBN,B-N,0.14500000000000002,0.144973,2.7000000000027002e-05
272,P:181,P:240,N,B,PARENT_HBN,PARENT_HBN,B-N,0.1450620556865233,0.144973,8.905568652331497e-05
273,P:181,P:298,N,B,PARENT_HBN,PARENT_HBN,B-N,0.14489306401619054,0.144973,7.993598380945377e-05
274,P:182,P:183,B,N,PARENT_HBN,PARENT_HBN,B-N,0.14500000000000002,0.144973,2.7000000000027002e-05
275,P:183,P:240,N,B,PARENT_HBN,PARENT_HBN,B-N,0.14533409785731655,0.144973,0.00036109785731655575
276,P:183,P:242,N,B,PARENT_HBN,PARENT_HBN,B-N,0.14531001341958535,0.144973,0.00033701341958536357
277,P:184,P:185,B,N,PARENT_HBN,PARENT_HBN,B-N,0.14500000000000002,0.144973,2.7000000000027002e-05
278,P:185,P:242,N,B,PARENT_HBN,PARENT_HBN,B-N,0.14551288602732038,0.144973,0.0005398860273203854
279,P:185,P:244,N,B,PARENT_HBN,PARENT_HBN,B-N,0.14428097587693264,0.144973,0.0006920241230673474
280,P:186,P:187,B,N,PARENT_HBN,PARENT_HBN,B-N,0.14500000000000002,0.144973,2.7000000000027002e-05
281,P:187,P:244,N,B,PARENT_HBN,PARENT_HBN,B-N,0.14551288602732038,0.144973,0.0005398860273203854
282,P:187,P:246,N,B,PARENT_HBN,PARENT_HBN,B-N,0.14531001341958535,0.144973,0.00033701341958536357
283,P:188,P:189,B,N,PARENT_HBN,PARENT_HBN,B-N,0.14500000000000002,0.144973,2.7000000000027002e-05
284,P:189,P:246,N,B,PARENT_HBN,PARENT_HBN,B-N,0.14533409785731655,0.144973,0.00036109785731655575
285,P:189,P:248,N,B,PARENT_HBN,PARENT_HBN,B-N,0.1450620556865233,0.144973,8.905568652331497e-05
286,P:190,P:191,B,N,PARENT_HBN,PARENT_HBN,B-N,0.14500000000000002,0.144973,2.7000000000027002e-05
287,P:191,P:248,N,B,PARENT_HBN,PARENT_HBN,B-N,0.14489306401619054,0.144973,7.993598380945377e-05
288,P:191,P:250,N,B,PARENT_HBN,PARENT_HBN,B-N,0.14527560015363902,0.144973,0.00030260015363903214
289,P:192,P:193,B,N,PARENT_HBN,PARENT_HBN,B-N,0.14500000000000002,0.144973,2.7000000000027002e-05
290,P:193,P:250,N,B,PARENT_HBN,PARENT_HBN,B-N,0.14574292435655314,0.144973,0.0007699243565531533
291,P:193,P:252,N,B,PARENT_HBN,PARENT_HBN,B-N,0.14487926007541588,0.144973,9.373992458411307e-05
292,P:194,P:195,B,N,PARENT_HBN,PARENT_HBN,B-N,0.14500000000000002,0.144973,2.7000000000027002e-05
293,P:195,P:252,N,B,PARENT_HBN,PARENT_HBN,B-N,0.14527560015363902,0.144973,0.00030260015363903214
294,P:195,P:254,N,B,PARENT_HBN,PARENT_HBN,B-N,0.1448930640161909,0.144973,7.993598380909295e-05
295,P:196,P:197,B,N,PARENT_HBN,PARENT_HBN,B-N,0.14500000000000002,0.144973,2.7000000000027002e-05
296,P:197,P:254,N,B,PARENT_HBN,PARENT_HBN,B-N,0.1450620556865233,0.144973,8.905568652331497e-05
297,P:197,P:256,N,B,PARENT_HBN,PARENT_HBN,B-N,0.14533409785731655,0.144973,0.00036109785731655575
298,P:198,P:199,B,N,PARENT_HBN,PARENT_HBN,B-N,0.14500000000000002,0.144973,2.7000000000027002e-05
299,P:199,P:256,N,B,PARENT_HBN,PARENT_HBN,B-N,0.1460342425597502,0.144973,0.0010612425597502084
300,P:199,P:258,N,B,PARENT_HBN,PARENT_HBN,B-N,0.14484129245487956,0.144973,0.0001317075451204297
301,P:200,P:201,B,N,PARENT_HBN,PARENT_HBN,B-N,0.14500000000000002,0.144973,2.7000000000027002e-05
302,P:201,P:258,N,B,PARENT_HBN,PARENT_HBN,B-N,0.14489306401619093,0.144973,7.993598380906519e-05
303,P:201,P:260,N,B,PARENT_HBN,PARENT_HBN,B-N,0.1455128860273206,0.144973,0.0005398860273206074
304,P:202,P:203,B,N,PARENT_HBN,PARENT_HBN,B-N,0.14500000000000002,0.144973,2.7000000000027002e-05
305,P:203,P:260,N,B,PARENT_HBN,PARENT_HBN,B-N,0.1448378403594865,0.144973,0.00013515964051349916
306,P:203,P:262,N,B,PARENT_HBN,PARENT_HBN,B-N,0.14533409785731635,0.144973,0.00036109785731636146
307,P:204,P:205,B,N,PARENT_HBN,PARENT_HBN,B-N,0.14500000000000002,0.144973,2.7000000000027002e-05
308,P:205,P:262,N,B,PARENT_HBN,PARENT_HBN,B-N,0.1450620556865233,0.144973,8.905568652331497e-05
309,P:205,P:264,N,B,PARENT_HBN,PARENT_HBN,B-N,0.14511719401917844,0.144973,0.00014419401917845076
310,P:206,P:207,B,N,PARENT_HBN,PARENT_HBN,B-N,0.14500000000000002,0.144973,2.7000000000027002e-05
311,P:207,P:264,N,B,PARENT_HBN,PARENT_HBN,B-N,0.14514131045295142,0.144973,0.0001683104529514312
312,P:207,P:266,N,B,PARENT_HBN,PARENT_HBN,B-N,0.1457875166123628,0.144973,0.0008145166123628145
313,P:208,P:209,B,N,PARENT_HBN,PARENT_HBN,B-N,0.14500000000000002,0.144973,2.7000000000027002e-05
314,P:209,P:266,N,B,PARENT_HBN,PARENT_HBN,B-N,0.1449241180756329,0.144973,4.8881924367083496e-05
315,P:209,P:268,N,B,PARENT_HBN,PARENT_HBN,B-N,0.14514131045295142,0.144973,0.0001683104529514312
316,P:210,P:211,B,N,PARENT_HBN,PARENT_HBN,B-N,0.14500000000000002,0.144973,2.7000000000027002e-05
317,P:211,P:268,N,B,PARENT_HBN,PARENT_HBN,B-N,0.1451171940191788,0.144973,0.00014419401917881158
318,P:211,P:270,N,B,PARENT_HBN,PARENT_HBN,B-N,0.1450620556865233,0.144973,8.905568652331497e-05
319,P:212,P:213,B,N,PARENT_HBN,PARENT_HBN,B-N,0.14500000000000002,0.144973,2.7000000000027002e-05
320,P:213,P:270,N,B,PARENT_HBN,PARENT_HBN,B-N,0.14533409785731635,0.144973,0.00036109785731636146
321,P:213,P:272,N,B,PARENT_HBN,PARENT_HBN,B-N,0.1455644187293034,0.144973,0.0005914187293034057
322,P:214,P:215,B,N,PARENT_HBN,PARENT_HBN,B-N,0.14500000000000002,0.144973,2.7000000000027002e-05
323,P:215,P:272,N,B,PARENT_HBN,PARENT_HBN,B-N,0.14484129245487978,0.144973,0.00013170754512020766
324,P:215,P:274,N,B,PARENT_HBN,PARENT_HBN,B-N,0.14550257729676125,0.144973,0.0005295772967612578
325,P:216,P:217,B,N,PARENT_HBN,PARENT_HBN,B-N,0.14500000000000002,0.144973,2.7000000000027002e-05
326,P:217,P:274,N,B,PARENT_HBN,PARENT_HBN,B-N,0.14484129245487978,0.144973,0.00013170754512020766
327,P:217,P:276,N,B,PARENT_HBN,PARENT_HBN,B-N,0.1455644187293034,0.144973,0.0005914187293034057
328,P:218,P:219,B,N,PARENT_HBN,PARENT_HBN,B-N,0.14500000000000002,0.144973,2.7000000000027002e-05
329,P:219,P:276,N,B,PARENT_HBN,PARENT_HBN,B-N,0.14533409785731635,0.144973,0.00036109785731636146
330,P:219,P:278,N,B,PARENT_HBN,PARENT_HBN,B-N,0.1450620556865233,0.144973,8.905568652331497e-05
331,P:220,P:221,B,N,PARENT_HBN,PARENT_HBN,B-N,0.14500000000000002,0.144973,2.7000000000027002e-05
332,P:221,P:278,N,B,PARENT_HBN,PARENT_HBN,B-N,0.1451171940191788,0.144973,0.00014419401917881158
333,P:221,P:280,N,B,PARENT_HBN,PARENT_HBN,B-N,0.14514131045295142,0.144973,0.0001683104529514312
334,P:222,P:223,B,N,PARENT_HBN,PARENT_HBN,B-N,0.14500000000000002,0.144973,2.7000000000027002e-05
335,P:223,P:280,N,B,PARENT_HBN,PARENT_HBN,B-N,0.1449241180756329,0.144973,4.8881924367083496e-05
336,P:223,P:282,N,B,PARENT_HBN,PARENT_HBN,B-N,0.1457875166123628,0.144973,0.0008145166123628145
337,P:224,P:225,B,N,PARENT_HBN,PARENT_HBN,B-N,0.14500000000000002,0.144973,2.7000000000027002e-05
338,P:225,P:282,N,B,PARENT_HBN,PARENT_HBN,B-N,0.14514131045295142,0.144973,0.0001683104529514312
339,P:225,P:284,N,B,PARENT_HBN,PARENT_HBN,B-N,0.14511719401917844,0.144973,0.00014419401917845076
340,P:226,P:227,B,N,PARENT_HBN,PARENT_HBN,B-N,0.14500000000000002,0.144973,2.7000000000027002e-05
341,P:227,P:284,N,B,PARENT_HBN,PARENT_HBN,B-N,0.1450620556865233,0.144973,8.905568652331497e-05
342,P:227,P:286,N,B,PARENT_HBN,PARENT_HBN,B-N,0.14533409785731635,0.144973,0.00036109785731636146
343,P:228,P:229,B,N,PARENT_HBN,PARENT_HBN,B-N,0.14500000000000002,0.144973,2.7000000000027002e-05
344,P:229,P:286,N,B,PARENT_HBN,PARENT_HBN,B-N,0.1448378403594865,0.144973,0.00013515964051349916
345,P:229,P:288,N,B,PARENT_HBN,PARENT_HBN,B-N,0.1455128860273206,0.144973,0.0005398860273206074
346,P:230,P:231,B,N,PARENT_HBN,PARENT_HBN,B-N,0.14500000000000002,0.144973,2.7000000000027002e-05
347,P:231,P:288,N,B,PARENT_HBN,PARENT_HBN,B-N,0.14489306401619093,0.144973,7.993598380906519e-05
348,P:231,P:290,N,B,PARENT_HBN,PARENT_HBN,B-N,0.14484129245487956,0.144973,0.0001317075451204297
349,P:232,P:233,B,N,PARENT_HBN,PARENT_HBN,B-N,0.14500000000000002,0.144973,2.7000000000027002e-05
350,P:233,P:290,N,B,PARENT_HBN,PARENT_HBN,B-N,0.1460342425597502,0.144973,0.0010612425597502084
351,P:233,P:292,N,B,PARENT_HBN,PARENT_HBN,B-N,0.14533409785731655,0.144973,0.00036109785731655575
352,P:234,P:235,B,N,PARENT_HBN,PARENT_HBN,B-N,0.14500000000000002,0.144973,2.7000000000027002e-05
353,P:235,P:292,N,B,PARENT_HBN,PARENT_HBN,B-N,0.1450620556865233,0.144973,8.905568652331497e-05
354,P:235,P:294,N,B,PARENT_HBN,PARENT_HBN,B-N,0.1448930640161909,0.144973,7.993598380909295e-05
355,P:236,P:237,B,N,PARENT_HBN,PARENT_HBN,B-N,0.14500000000000002,0.144973,2.7000000000027002e-05
356,P:237,P:294,N,B,PARENT_HBN,PARENT_HBN,B-N,0.14527560015363902,0.144973,0.00030260015363903214
357,P:237,P:296,N,B,PARENT_HBN,PARENT_HBN,B-N,0.14487926007541588,0.144973,9.373992458411307e-05
358,P:238,P:239,B,N,PARENT_HBN,PARENT_HBN,B-N,0.14500000000000002,0.144973,2.7000000000027002e-05
359,P:239,P:296,N,B,PARENT_HBN,PARENT_HBN,B-N,0.14574292435655314,0.144973,0.0007699243565531533
360,P:239,P:298,N,B,PARENT_HBN,PARENT_HBN,B-N,0.14527560015363902,0.144973,0.00030260015363903214
361,P:240,P:241,B,N,PARENT_HBN,PARENT_HBN,B-N,0.14500000000000002,0.144973,2.7000000000027002e-05
362,P:241,P:300,N,B,PARENT_HBN,PARENT_HBN,B-N,0.14483438818181293,0.144973,0.0001386118181870566
363,P:241,P:358,N,B,PARENT_HBN,PARENT_HBN,B-N,0.14456140563788109,0.144973,0.00041159436211890554
364,P:242,P:243,B,N,PARENT_HBN,PARENT_HBN,B-N,0.14500000000000002,0.144973,2.7000000000027002e-05
365,P:243,P:300,N,B,PARENT_HBN,PARENT_HBN,B-N,0.14481022063376636,0.144973,0.00016277936623362854
366,P:243,P:302,N,B,PARENT_HBN,PARENT_HBN,B-N,0.145013792447477,0.144973,4.0792447477011606e-05
367,P:244,P:245,B,N,PARENT_HBN,PARENT_HBN,B-N,0.14500000000000002,0.144973,2.7000000000027002e-05
368,P:245,P:302,N,B,PARENT_HBN,PARENT_HBN,B-N,0.14377760604489156,0.144973,0.0011953939551084258
369,P:245,P:304,N,B,PARENT_HBN,PARENT_HBN,B-N,0.145013792447477,0.144973,4.0792447477011606e-05
370,P:246,P:247,B,N,PARENT_HBN,PARENT_HBN,B-N,0.14500000000000002,0.144973,2.7000000000027002e-05
371,P:247,P:304,N,B,PARENT_HBN,PARENT_HBN,B-N,0.14481022063376636,0.144973,0.00016277936623362854
372,P:247,P:306,N,B,PARENT_HBN,PARENT_HBN,B-N,0.14483438818181293,0.144973,0.0001386118181870566
373,P:248,P:249,B,N,PARENT_HBN,PARENT_HBN,B-N,0.14500000000000002,0.144973,2.7000000000027002e-05
374,P:249,P:306,N,B,PARENT_HBN,PARENT_HBN,B-N,0.14456140563788109,0.144973,0.00041159436211890554
375,P:249,P:308,N,B,PARENT_HBN,PARENT_HBN,B-N,0.14439182802361047,0.144973,0.0005811719763895162
376,P:250,P:251,B,N,PARENT_HBN,PARENT_HBN,B-N,0.14500000000000002,0.144973,2.7000000000027002e-05
377,P:251,P:308,N,B,PARENT_HBN,PARENT_HBN,B-N,0.14477568856683093,0.144973,0.00019731143316906175
378,P:251,P:310,N,B,PARENT_HBN,PARENT_HBN,B-N,0.1452446212429224,0.144973,0.0002716212429224041
379,P:252,P:253,B,N,PARENT_HBN,PARENT_HBN,B-N,0.14500000000000002,0.144973,2.7000000000027002e-05
380,P:253,P:310,N,B,PARENT_HBN,PARENT_HBN,B-N,0.1443779761598008,0.144973,0.0005950238401991881
381,P:253,P:312,N,B,PARENT_HBN,PARENT_HBN,B-N,0.14477568856683093,0.144973,0.00019731143316906175
382,P:254,P:255,B,N,PARENT_HBN,PARENT_HBN,B-N,0.14500000000000002,0.144973,2.7000000000027002e-05
383,P:255,P:312,N,B,PARENT_HBN,PARENT_HBN,B-N,0.14439182802361084,0.144973,0.0005811719763891554
384,P:255,P:314,N,B,PARENT_HBN,PARENT_HBN,B-N,0.14456140563788109,0.144973,0.00041159436211890554
385,P:256,P:257,B,N,PARENT_HBN,PARENT_HBN,B-N,0.14500000000000002,0.144973,2.7000000000027002e-05
386,P:257,P:314,N,B,PARENT_HBN,PARENT_HBN,B-N,0.14483438818181293,0.144973,0.0001386118181870566
387,P:257,P:316,N,B,PARENT_HBN,PARENT_HBN,B-N,0.1455369368923229,0.144973,0.0005639368923228971
388,P:258,P:259,B,N,PARENT_HBN,PARENT_HBN,B-N,0.14500000000000002,0.144973,2.7000000000027002e-05
389,P:259,P:316,N,B,PARENT_HBN,PARENT_HBN,B-N,0.14433987668000817,0.144973,0.000633123319991824
390,P:259,P:318,N,B,PARENT_HBN,PARENT_HBN,B-N,0.14439182802361086,0.144973,0.0005811719763891277
391,P:260,P:261,B,N,PARENT_HBN,PARENT_HBN,B-N,0.14500000000000002,0.144973,2.7000000000027002e-05
392,P:261,P:318,N,B,PARENT_HBN,PARENT_HBN,B-N,0.14501379244747725,0.144973,4.0792447477261407e-05
393,P:261,P:320,N,B,PARENT_HBN,PARENT_HBN,B-N,0.1443364125922496,0.144973,0.000636587407750383
394,P:262,P:263,B,N,PARENT_HBN,PARENT_HBN,B-N,0.14500000000000002,0.144973,2.7000000000027002e-05
395,P:263,P:320,N,B,PARENT_HBN,PARENT_HBN,B-N,0.14483438818181277,0.144973,0.00013861181818722312
396,P:263,P:322,N,B,PARENT_HBN,PARENT_HBN,B-N,0.14456140563788109,0.144973,0.00041159436211890554
397,P:264,P:265,B,N,PARENT_HBN,PARENT_HBN,B-N,0.14500000000000002,0.144973,2.7000000000027002e-05
398,P:265,P:322,N,B,PARENT_HBN,PARENT_HBN,B-N,0.14461673485458001,0.144973,0.0003562651454199761
399,P:265,P:324,N,B,PARENT_HBN,PARENT_HBN,B-N,0.1446409347314931,0.144973,0.00033206526850690365
400,P:266,P:267,B,N,PARENT_HBN,PARENT_HBN,B-N,0.14500000000000002,0.144973,2.7000000000027002e-05
401,P:267,P:324,N,B,PARENT_HBN,PARENT_HBN,B-N,0.14528936643815327,0.144973,0.00031636643815327603
402,P:267,P:326,N,B,PARENT_HBN,PARENT_HBN,B-N,0.14442298985964805,0.144973,0.000550010140351942
403,P:268,P:269,B,N,PARENT_HBN,PARENT_HBN,B-N,0.14500000000000002,0.144973,2.7000000000027002e-05
404,P:269,P:326,N,B,PARENT_HBN,PARENT_HBN,B-N,0.1446409347314931,0.144973,0.00033206526850690365
405,P:269,P:328,N,B,PARENT_HBN,PARENT_HBN,B-N,0.14461673485458038,0.144973,0.0003562651454196153
406,P:270,P:271,B,N,PARENT_HBN,PARENT_HBN,B-N,0.14500000000000002,0.144973,2.7000000000027002e-05
407,P:271,P:328,N,B,PARENT_HBN,PARENT_HBN,B-N,0.14456140563788109,0.144973,0.00041159436211890554
408,P:271,P:330,N,B,PARENT_HBN,PARENT_HBN,B-N,0.14483438818181277,0.144973,0.00013861181818722312
409,P:272,P:273,B,N,PARENT_HBN,PARENT_HBN,B-N,0.14500000000000002,0.144973,2.7000000000027002e-05
410,P:273,P:330,N,B,PARENT_HBN,PARENT_HBN,B-N,0.14506550244630867,0.144973,9.250244630867877e-05
411,P:273,P:332,N,B,PARENT_HBN,PARENT_HBN,B-N,0.1443398766800084,0.144973,0.000633123319991602
412,P:274,P:275,B,N,PARENT_HBN,PARENT_HBN,B-N,0.14500000000000002,0.144973,2.7000000000027002e-05
413,P:275,P:332,N,B,PARENT_HBN,PARENT_HBN,B-N,0.14500344823486094,0.144973,3.0448234860952494e-05
414,P:275,P:334,N,B,PARENT_HBN,PARENT_HBN,B-N,0.1443398766800084,0.144973,0.000633123319991602
415,P:276,P:277,B,N,PARENT_HBN,PARENT_HBN,B-N,0.14500000000000002,0.144973,2.7000000000027002e-05
416,P:277,P:334,N,B,PARENT_HBN,PARENT_HBN,B-N,0.14506550244630867,0.144973,9.250244630867877e-05
417,P:277,P:336,N,B,PARENT_HBN,PARENT_HBN,B-N,0.14483438818181277,0.144973,0.00013861181818722312
418,P:278,P:279,B,N,PARENT_HBN,PARENT_HBN,B-N,0.14500000000000002,0.144973,2.7000000000027002e-05
419,P:279,P:336,N,B,PARENT_HBN,PARENT_HBN,B-N,0.14456140563788109,0.144973,0.00041159436211890554
420,P:279,P:338,N,B,PARENT_HBN,PARENT_HBN,B-N,0.14461673485458038,0.144973,0.0003562651454196153
421,P:280,P:281,B,N,PARENT_HBN,PARENT_HBN,B-N,0.14500000000000002,0.144973,2.7000000000027002e-05
422,P:281,P:338,N,B,PARENT_HBN,PARENT_HBN,B-N,0.1446409347314931,0.144973,0.00033206526850690365
423,P:281,P:340,N,B,PARENT_HBN,PARENT_HBN,B-N,0.14442298985964805,0.144973,0.000550010140351942
424,P:282,P:283,B,N,PARENT_HBN,PARENT_HBN,B-N,0.14500000000000002,0.144973,2.7000000000027002e-05
425,P:283,P:340,N,B,PARENT_HBN,PARENT_HBN,B-N,0.14528936643815327,0.144973,0.00031636643815327603
426,P:283,P:342,N,B,PARENT_HBN,PARENT_HBN,B-N,0.1446409347314931,0.144973,0.00033206526850690365
427,P:284,P:285,B,N,PARENT_HBN,PARENT_HBN,B-N,0.14500000000000002,0.144973,2.7000000000027002e-05
428,P:285,P:342,N,B,PARENT_HBN,PARENT_HBN,B-N,0.14461673485458001,0.144973,0.0003562651454199761
429,P:285,P:344,N,B,PARENT_HBN,PARENT_HBN,B-N,0.14456140563788109,0.144973,0.00041159436211890554
430,P:286,P:287,B,N,PARENT_HBN,PARENT_HBN,B-N,0.14500000000000002,0.144973,2.7000000000027002e-05
431,P:287,P:344,N,B,PARENT_HBN,PARENT_HBN,B-N,0.14483438818181277,0.144973,0.00013861181818722312
432,P:287,P:346,N,B,PARENT_HBN,PARENT_HBN,B-N,0.1443364125922496,0.144973,0.000636587407750383
433,P:288,P:289,B,N,PARENT_HBN,PARENT_HBN,B-N,0.14500000000000002,0.144973,2.7000000000027002e-05
434,P:289,P:346,N,B,PARENT_HBN,PARENT_HBN,B-N,0.14501379244747725,0.144973,4.0792447477261407e-05
435,P:289,P:348,N,B,PARENT_HBN,PARENT_HBN,B-N,0.14439182802361086,0.144973,0.0005811719763891277
436,P:290,P:291,B,N,PARENT_HBN,PARENT_HBN,B-N,0.14500000000000002,0.144973,2.7000000000027002e-05
437,P:291,P:348,N,B,PARENT_HBN,PARENT_HBN,B-N,0.14433987668000817,0.144973,0.000633123319991824
438,P:291,P:350,N,B,PARENT_HBN,PARENT_HBN,B-N,0.1455369368923229,0.144973,0.0005639368923228971
439,P:292,P:293,B,N,PARENT_HBN,PARENT_HBN,B-N,0.14500000000000002,0.144973,2.7000000000027002e-05
440,P:293,P:350,N,B,PARENT_HBN,PARENT_HBN,B-N,0.14483438818181293,0.144973,0.0001386118181870566
441,P:293,P:352,N,B,PARENT_HBN,PARENT_HBN,B-N,0.14456140563788109,0.144973,0.00041159436211890554
442,P:294,P:295,B,N,PARENT_HBN,PARENT_HBN,B-N,0.14500000000000002,0.144973,2.7000000000027002e-05
443,P:295,P:352,N,B,PARENT_HBN,PARENT_HBN,B-N,0.14439182802361084,0.144973,0.0005811719763891554
444,P:295,P:354,N,B,PARENT_HBN,PARENT_HBN,B-N,0.14477568856683093,0.144973,0.00019731143316906175
445,P:296,P:297,B,N,PARENT_HBN,PARENT_HBN,B-N,0.14500000000000002,0.144973,2.7000000000027002e-05
446,P:297,P:354,N,B,PARENT_HBN,PARENT_HBN,B-N,0.1443779761598008,0.144973,0.0005950238401991881
447,P:297,P:356,N,B,PARENT_HBN,PARENT_HBN,B-N,0.1452446212429224,0.144973,0.0002716212429224041
448,P:298,P:299,B,N,PARENT_HBN,PARENT_HBN,B-N,0.14500000000000002,0.144973,2.7000000000027002e-05
449,P:299,P:356,N,B,PARENT_HBN,PARENT_HBN,B-N,0.14477568856683093,0.144973,0.00019731143316906175
450,P:299,P:358,N,B,PARENT_HBN,PARENT_HBN,B-N,0.14439182802361047,0.144973,0.0005811719763895162
451,P:300,P:301,B,N,PARENT_HBN,PARENT_HBN,B-N,0.14500000000000002,0.144973,2.7000000000027002e-05
452,P:301,P:360,N,B,PARENT_HBN,PARENT_HBN,B-N,0.14531001341958535,0.144973,0.00033701341958536357
453,P:301,P:418,N,B,PARENT_HBN,PARENT_HBN,B-N,0.14533409785731655,0.144973,0.00036109785731655575
454,P:302,P:303,B,N,PARENT_HBN,PARENT_HBN,B-N,0.14500000000000002,0.144973,2.7000000000027002e-05
455,P:303,P:360,N,B,PARENT_HBN,PARENT_HBN,B-N,0.14551288602732038,0.144973,0.0005398860273203854
456,P:303,P:362,N,B,PARENT_HBN,PARENT_HBN,B-N,0.14428097587693264,0.144973,0.0006920241230673474
457,P:304,P:305,B,N,PARENT_HBN,PARENT_HBN,B-N,0.14500000000000002,0.144973,2.7000000000027002e-05
458,P:305,P:362,N,B,PARENT_HBN,PARENT_HBN,B-N,0.14551288602732038,0.144973,0.0005398860273203854
459,P:305,P:364,N,B,PARENT_HBN,PARENT_HBN,B-N,0.14531001341958535,0.144973,0.00033701341958536357
460,P:306,P:307,B,N,PARENT_HBN,PARENT_HBN,B-N,0.14500000000000002,0.144973,2.7000000000027002e-05
461,P:307,P:364,N,B,PARENT_HBN,PARENT_HBN,B-N,0.14533409785731655,0.144973,0.00036109785731655575
462,P:307,P:366,N,B,PARENT_HBN,PARENT_HBN,B-N,0.1450620556865233,0.144973,8.905568652331497e-05
463,P:308,P:309,B,N,PARENT_HBN,PARENT_HBN,B-N,0.14500000000000002,0.144973,2.7000000000027002e-05
464,P:309,P:366,N,B,PARENT_HBN,PARENT_HBN,B-N,0.14489306401619054,0.144973,7.993598380945377e-05
465,P:309,P:368,N,B,PARENT_HBN,PARENT_HBN,B-N,0.14527560015363902,0.144973,0.00030260015363903214
466,P:310,P:311,B,N,PARENT_HBN,PARENT_HBN,B-N,0.14500000000000002,0.144973,2.7000000000027002e-05
467,P:311,P:368,N,B,PARENT_HBN,PARENT_HBN,B-N,0.14574292435655314,0.144973,0.0007699243565531533
468,P:311,P:370,N,B,PARENT_HBN,PARENT_HBN,B-N,0.14487926007541588,0.144973,9.373992458411307e-05
469,P:312,P:313,B,N,PARENT_HBN,PARENT_HBN,B-N,0.14500000000000002,0.144973,2.7000000000027002e-05
470,P:313,P:370,N,B,PARENT_HBN,PARENT_HBN,B-N,0.14527560015363902,0.144973,0.00030260015363903214
471,P:313,P:372,N,B,PARENT_HBN,PARENT_HBN,B-N,0.1448930640161909,0.144973,7.993598380909295e-05
472,P:314,P:315,B,N,PARENT_HBN,PARENT_HBN,B-N,0.14500000000000002,0.144973,2.7000000000027002e-05
473,P:315,P:372,N,B,PARENT_HBN,PARENT_HBN,B-N,0.1450620556865233,0.144973,8.905568652331497e-05
474,P:315,P:374,N,B,PARENT_HBN,PARENT_HBN,B-N,0.14533409785731655,0.144973,0.00036109785731655575
475,P:316,P:317,B,N,PARENT_HBN,PARENT_HBN,B-N,0.14500000000000002,0.144973,2.7000000000027002e-05
476,P:317,P:374,N,B,PARENT_HBN,PARENT_HBN,B-N,0.1460342425597502,0.144973,0.0010612425597502084
477,P:317,P:376,N,B,PARENT_HBN,PARENT_HBN,B-N,0.14484129245487956,0.144973,0.0001317075451204297
478,P:318,P:319,B,N,PARENT_HBN,PARENT_HBN,B-N,0.14500000000000002,0.144973,2.7000000000027002e-05
479,P:319,P:376,N,B,PARENT_HBN,PARENT_HBN,B-N,0.14489306401619093,0.144973,7.993598380906519e-05
480,P:319,P:378,N,B,PARENT_HBN,PARENT_HBN,B-N,0.1455128860273206,0.144973,0.0005398860273206074
481,P:320,P:321,B,N,PARENT_HBN,PARENT_HBN,B-N,0.14500000000000002,0.144973,2.7000000000027002e-05
482,P:321,P:378,N,B,PARENT_HBN,PARENT_HBN,B-N,0.1448378403594865,0.144973,0.00013515964051349916
483,P:321,P:380,N,B,PARENT_HBN,PARENT_HBN,B-N,0.14533409785731635,0.144973,0.00036109785731636146
484,P:322,P:323,B,N,PARENT_HBN,PARENT_HBN,B-N,0.14500000000000002,0.144973,2.7000000000027002e-05
485,P:323,P:380,N,B,PARENT_HBN,PARENT_HBN,B-N,0.1450620556865233,0.144973,8.905568652331497e-05
486,P:323,P:382,N,B,PARENT_HBN,PARENT_HBN,B-N,0.14511719401917844,0.144973,0.00014419401917845076
487,P:324,P:325,B,N,PARENT_HBN,PARENT_HBN,B-N,0.14500000000000002,0.144973,2.7000000000027002e-05
488,P:325,P:382,N,B,PARENT_HBN,PARENT_HBN,B-N,0.14514131045295142,0.144973,0.0001683104529514312
489,P:325,P:384,N,B,PARENT_HBN,PARENT_HBN,B-N,0.1457875166123628,0.144973,0.0008145166123628145
490,P:326,P:327,B,N,PARENT_HBN,PARENT_HBN,B-N,0.14500000000000002,0.144973,2.7000000000027002e-05
491,P:327,P:384,N,B,PARENT_HBN,PARENT_HBN,B-N,0.1449241180756329,0.144973,4.8881924367083496e-05
492,P:327,P:386,N,B,PARENT_HBN,PARENT_HBN,B-N,0.14514131045295142,0.144973,0.0001683104529514312
493,P:328,P:329,B,N,PARENT_HBN,PARENT_HBN,B-N,0.14500000000000002,0.144973,2.7000000000027002e-05
494,P:329,P:386,N,B,PARENT_HBN,PARENT_HBN,B-N,0.1451171940191788,0.144973,0.00014419401917881158
495,P:329,P:388,N,B,PARENT_HBN,PARENT_HBN,B-N,0.1450620556865233,0.144973,8.905568652331497e-05
496,P:330,P:331,B,N,PARENT_HBN,PARENT_HBN,B-N,0.14500000000000002,0.144973,2.7000000000027002e-05
497,P:331,P:388,N,B,PARENT_HBN,PARENT_HBN,B-N,0.14533409785731635,0.144973,0.00036109785731636146
498,P:331,P:390,N,B,PARENT_HBN,PARENT_HBN,B-N,0.1455644187293034,0.144973,0.0005914187293034057
499,P:332,P:333,B,N,PARENT_HBN,PARENT_HBN,B-N,0.14500000000000002,0.144973,2.7000000000027002e-05
500,P:333,P:390,N,B,PARENT_HBN,PARENT_HBN,B-N,0.14484129245487978,0.144973,0.00013170754512020766
501,P:333,P:392,N,B,PARENT_HBN,PARENT_HBN,B-N,0.14550257729676125,0.144973,0.0005295772967612578
502,P:334,P:335,B,N,PARENT_HBN,PARENT_HBN,B-N,0.14500000000000002,0.144973,2.7000000000027002e-05
503,P:335,P:392,N,B,PARENT_HBN,PARENT_HBN,B-N,0.14484129245487978,0.144973,0.00013170754512020766
504,P:335,P:394,N,B,PARENT_HBN,PARENT_HBN,B-N,0.1455644187293034,0.144973,0.0005914187293034057
505,P:336,P:337,B,N,PARENT_HBN,PARENT_HBN,B-N,0.14500000000000002,0.144973,2.7000000000027002e-05
506,P:337,P:394,N,B,PARENT_HBN,PARENT_HBN,B-N,0.14533409785731635,0.144973,0.00036109785731636146
507,P:337,P:396,N,B,PARENT_HBN,PARENT_HBN,B-N,0.1450620556865233,0.144973,8.905568652331497e-05
508,P:338,P:339,B,N,PARENT_HBN,PARENT_HBN,B-N,0.14500000000000002,0.144973,2.7000000000027002e-05
509,P:339,P:396,N,B,PARENT_HBN,PARENT_HBN,B-N,0.1451171940191788,0.144973,0.00014419401917881158
510,P:339,P:398,N,B,PARENT_HBN,PARENT_HBN,B-N,0.14514131045295142,0.144973,0.0001683104529514312
511,P:340,P:341,B,N,PARENT_HBN,PARENT_HBN,B-N,0.14500000000000002,0.144973,2.7000000000027002e-05
512,P:341,P:398,N,B,PARENT_HBN,PARENT_HBN,B-N,0.1449241180756329,0.144973,4.8881924367083496e-05
513,P:341,P:400,N,B,PARENT_HBN,PARENT_HBN,B-N,0.1457875166123628,0.144973,0.0008145166123628145
514,P:342,P:343,B,N,PARENT_HBN,PARENT_HBN,B-N,0.14500000000000002,0.144973,2.7000000000027002e-05
515,P:343,P:400,N,B,PARENT_HBN,PARENT_HBN,B-N,0.14514131045295142,0.144973,0.0001683104529514312
516,P:343,P:402,N,B,PARENT_HBN,PARENT_HBN,B-N,0.14511719401917844,0.144973,0.00014419401917845076
517,P:344,P:345,B,N,PARENT_HBN,PARENT_HBN,B-N,0.14500000000000002,0.144973,2.7000000000027002e-05
518,P:345,P:402,N,B,PARENT_HBN,PARENT_HBN,B-N,0.1450620556865233,0.144973,8.905568652331497e-05
519,P:345,P:404,N,B,PARENT_HBN,PARENT_HBN,B-N,0.14533409785731635,0.144973,0.00036109785731636146
520,P:346,P:347,B,N,PARENT_HBN,PARENT_HBN,B-N,0.14500000000000002,0.144973,2.7000000000027002e-05
521,P:347,P:404,N,B,PARENT_HBN,PARENT_HBN,B-N,0.1448378403594865,0.144973,0.00013515964051349916
522,P:347,P:406,N,B,PARENT_HBN,PARENT_HBN,B-N,0.1455128860273206,0.144973,0.0005398860273206074
523,P:348,P:349,B,N,PARENT_HBN,PARENT_HBN,B-N,0.14500000000000002,0.144973,2.7000000000027002e-05
524,P:349,P:406,N,B,PARENT_HBN,PARENT_HBN,B-N,0.14489306401619093,0.144973,7.993598380906519e-05
525,P:349,P:408,N,B,PARENT_HBN,PARENT_HBN,B-N,0.14484129245487956,0.144973,0.0001317075451204297
526,P:350,P:351,B,N,PARENT_HBN,PARENT_HBN,B-N,0.14500000000000002,0.144973,2.7000000000027002e-05
527,P:351,P:408,N,B,PARENT_HBN,PARENT_HBN,B-N,0.1460342425597502,0.144973,0.0010612425597502084
528,P:351,P:410,N,B,PARENT_HBN,PARENT_HBN,B-N,0.14533409785731655,0.144973,0.00036109785731655575
529,P:352,P:353,B,N,PARENT_HBN,PARENT_HBN,B-N,0.14500000000000002,0.144973,2.7000000000027002e-05
530,P:353,P:410,N,B,PARENT_HBN,PARENT_HBN,B-N,0.1450620556865233,0.144973,8.905568652331497e-05
531,P:353,P:412,N,B,PARENT_HBN,PARENT_HBN,B-N,0.1448930640161909,0.144973,7.993598380909295e-05
532,P:354,P:355,B,N,PARENT_HBN,PARENT_HBN,B-N,0.14500000000000002,0.144973,2.7000000000027002e-05
533,P:355,P:412,N,B,PARENT_HBN,PARENT_HBN,B-N,0.14527560015363902,0.144973,0.00030260015363903214
534,P:355,P:414,N,B,PARENT_HBN,PARENT_HBN,B-N,0.14487926007541588,0.144973,9.373992458411307e-05
535,P:356,P:357,B,N,PARENT_HBN,PARENT_HBN,B-N,0.14500000000000002,0.144973,2.7000000000027002e-05
536,P:357,P:414,N,B,PARENT_HBN,PARENT_HBN,B-N,0.14574292435655314,0.144973,0.0007699243565531533
537,P:357,P:416,N,B,PARENT_HBN,PARENT_HBN,B-N,0.14527560015363902,0.144973,0.00030260015363903214
538,P:358,P:359,B,N,PARENT_HBN,PARENT_HBN,B-N,0.14500000000000002,0.144973,2.7000000000027002e-05
539,P:359,P:416,N,B,PARENT_HBN,PARENT_HBN,B-N,0.14489306401619054,0.144973,7.993598380945377e-05
540,P:359,P:418,N,B,PARENT_HBN,PARENT_HBN,B-N,0.1450620556865233,0.144973,8.905568652331497e-05
541,P:360,P:361,B,N,PARENT_HBN,PARENT_HBN,B-N,0.14500000000000002,0.144973,2.7000000000027002e-05
542,P:361,P:420,N,B,PARENT_HBN,PARENT_HBN,B-N,0.14501379244747678,0.144973,4.079244747678956e-05
543,P:361,P:478,N,B,PARENT_HBN,PARENT_HBN,B-N,0.14481022063376614,0.144973,0.0001627793662338506
544,P:362,P:363,B,N,PARENT_HBN,PARENT_HBN,B-N,0.14500000000000002,0.144973,2.7000000000027002e-05
545,P:363,P:420,N,B,PARENT_HBN,PARENT_HBN,B-N,0.14377760604489134,0.144973,0.0011953939551086479
546,P:363,P:422,N,B,PARENT_HBN,PARENT_HBN,B-N,0.14501379244747678,0.144973,4.079244747678956e-05
547,P:364,P:365,B,N,PARENT_HBN,PARENT_HBN,B-N,0.14500000000000002,0.144973,2.7000000000027002e-05
548,P:365,P:422,N,B,PARENT_HBN,PARENT_HBN,B-N,0.14481022063376614,0.144973,0.0001627793662338506
549,P:365,P:424,N,B,PARENT_HBN,PARENT_HBN,B-N,0.1448343881818127,0.144973,0.00013861181818727863
550,P:366,P:367,B,N,PARENT_HBN,PARENT_HBN,B-N,0.14500000000000002,0.144973,2.7000000000027002e-05
551,P:367,P:424,N,B,PARENT_HBN,PARENT_HBN,B-N,0.1445614056378809,0.144973,0.00041159436211909983
552,P:367,P:426,N,B,PARENT_HBN,PARENT_HBN,B-N,0.14439182802361025,0.144973,0.0005811719763897383
553,P:368,P:369,B,N,PARENT_HBN,PARENT_HBN,B-N,0.14500000000000002,0.144973,2.7000000000027002e-05
554,P:369,P:426,N,B,PARENT_HBN,PARENT_HBN,B-N,0.1447756885668307,0.144973,0.0001973114331692838
555,P:369,P:428,N,B,PARENT_HBN,PARENT_HBN,B-N,0.14524462124292217,0.144973,0.00027162124292218204
556,P:370,P:371,B,N,PARENT_HBN,PARENT_HBN,B-N,0.14500000000000002,0.144973,2.7000000000027002e-05
557,P:371,P:428,N,B,PARENT_HBN,PARENT_HBN,B-N,0.14437797615980058,0.144973,0.0005950238401994101
558,P:371,P:430,N,B,PARENT_HBN,PARENT_HBN,B-N,0.1447756885668307,0.144973,0.0001973114331692838
559,P:372,P:373,B,N,PARENT_HBN,PARENT_HBN,B-N,0.14500000000000002,0.144973,2.7000000000027002e-05
560,P:373,P:430,N,B,PARENT_HBN,PARENT_HBN,B-N,0.14439182802361064,0.144973,0.0005811719763893497
561,P:373,P:432,N,B,PARENT_HBN,PARENT_HBN,B-N,0.1445614056378809,0.144973,0.00041159436211909983
562,P:374,P:375,B,N,PARENT_HBN,PARENT_HBN,B-N,0.14500000000000002,0.144973,2.7000000000027002e-05
563,P:375,P:432,N,B,PARENT_HBN,PARENT_HBN,B-N,0.1448343881818127,0.144973,0.00013861181818727863
564,P:375,P:434,N,B,PARENT_HBN,PARENT_HBN,B-N,0.14553693689232267,0.144973,0.0005639368923226751
565,P:376,P:377,B,N,PARENT_HBN,PARENT_HBN,B-N,0.14500000000000002,0.144973,2.7000000000027002e-05
566,P:377,P:434,N,B,PARENT_HBN,PARENT_HBN,B-N,0.14433987668000794,0.144973,0.0006331233199920461
567,P:377,P:436,N,B,PARENT_HBN,PARENT_HBN,B-N,0.14439182802361064,0.144973,0.0005811719763893497
568,P:378,P:379,B,N,PARENT_HBN,PARENT_HBN,B-N,0.14500000000000002,0.144973,2.7000000000027002e-05
569,P:379,P:436,N,B,PARENT_HBN,PARENT_HBN,B-N,0.14501379244747703,0.144973,4.079244747703936e-05
570,P:379,P:438,N,B,PARENT_HBN,PARENT_HBN,B-N,0.14433641259224939,0.144973,0.0006365874077506051
571,P:380,P:381,B,N,PARENT_HBN,PARENT_HBN,B-N,0.14500000000000002,0.144973,2.7000000000027002e-05
572,P:381,P:438,N,B,PARENT_HBN,PARENT_HBN,B-N,0.14483438818181255,0.144973,0.00013861181818744517
573,P:381,P:440,N,B,PARENT_HBN,PARENT_HBN,B-N,0.1445614056378809,0.144973,0.00041159436211909983
574,P:382,P:383,B,N,PARENT_HBN,PARENT_HBN,B-N,0.14500000000000002,0.144973,2.7000000000027002e-05
575,P:383,P:440,N,B,PARENT_HBN,PARENT_HBN,B-N,0.1446167348545798,0.144973,0.00035626514542019816
576,P:383,P:442,N,B,PARENT_HBN,PARENT_HBN,B-N,0.14464093473149287,0.144973,0.0003320652685071257
577,P:384,P:385,B,N,PARENT_HBN,PARENT_HBN,B-N,0.14500000000000002,0.144973,2.7000000000027002e-05
578,P:385,P:442,N,B,PARENT_HBN,PARENT_HBN,B-N,0.14528936643815304,0.144973,0.000316366438153054
579,P:385,P:444,N,B,PARENT_HBN,PARENT_HBN,B-N,0.14442298985964783,0.144973,0.000550010140352164
580,P:386,P:387,B,N,PARENT_HBN,PARENT_HBN,B-N,0.14500000000000002,0.144973,2.7000000000027002e-05
581,P:387,P:444,N,B,PARENT_HBN,PARENT_HBN,B-N,0.14464093473149287,0.144973,0.0003320652685071257
582,P:387,P:446,N,B,PARENT_HBN,PARENT_HBN,B-N,0.14461673485458015,0.144973,0.00035626514541983734
583,P:388,P:389,B,N,PARENT_HBN,PARENT_HBN,B-N,0.14500000000000002,0.144973,2.7000000000027002e-05
584,P:389,P:446,N,B,PARENT_HBN,PARENT_HBN,B-N,0.1445614056378809,0.144973,0.00041159436211909983
585,P:389,P:448,N,B,PARENT_HBN,PARENT_HBN,B-N,0.14483438818181255,0.144973,0.00013861181818744517
586,P:390,P:391,B,N,PARENT_HBN,PARENT_HBN,B-N,0.14500000000000002,0.144973,2.7000000000027002e-05
587,P:391,P:448,N,B,PARENT_HBN,PARENT_HBN,B-N,0.14506550244630848,0.144973,9.250244630848448e-05
588,P:391,P:450,N,B,PARENT_HBN,PARENT_HBN,B-N,0.1443398766800082,0.144973,0.0006331233199917963
589,P:392,P:393,B,N,PARENT_HBN,PARENT_HBN,B-N,0.14500000000000002,0.144973,2.7000000000027002e-05
590,P:393,P:450,N,B,PARENT_HBN,PARENT_HBN,B-N,0.14500344823486072,0.144973,3.044823486073045e-05
591,P:393,P:452,N,B,PARENT_HBN,PARENT_HBN,B-N,0.1443398766800082,0.144973,0.0006331233199917963
592,P:394,P:395,B,N,PARENT_HBN,PARENT_HBN,B-N,0.14500000000000002,0.144973,2.7000000000027002e-05
593,P:395,P:452,N,B,PARENT_HBN,PARENT_HBN,B-N,0.14506550244630848,0.144973,9.250244630848448e-05
594,P:395,P:454,N,B,PARENT_HBN,PARENT_HBN,B-N,0.14483438818181255,0.144973,0.00013861181818744517
595,P:396,P:397,B,N,PARENT_HBN,PARENT_HBN,B-N,0.14500000000000002,0.144973,2.7000000000027002e-05
596,P:397,P:454,N,B,PARENT_HBN,PARENT_HBN,B-N,0.1445614056378809,0.144973,0.00041159436211909983
597,P:397,P:456,N,B,PARENT_HBN,PARENT_HBN,B-N,0.14461673485458015,0.144973,0.00035626514541983734
598,P:398,P:399,B,N,PARENT_HBN,PARENT_HBN,B-N,0.14500000000000002,0.144973,2.7000000000027002e-05
599,P:399,P:456,N,B,PARENT_HBN,PARENT_HBN,B-N,0.14464093473149287,0.144973,0.0003320652685071257
600,P:399,P:458,N,B,PARENT_HBN,PARENT_HBN,B-N,0.14442298985964783,0.144973,0.000550010140352164
601,P:400,P:401,B,N,PARENT_HBN,PARENT_HBN,B-N,0.14500000000000002,0.144973,2.7000000000027002e-05
602,P:401,P:458,N,B,PARENT_HBN,PARENT_HBN,B-N,0.14528936643815304,0.144973,0.000316366438153054
603,P:401,P:460,N,B,PARENT_HBN,PARENT_HBN,B-N,0.14464093473149287,0.144973,0.0003320652685071257
604,P:402,P:403,B,N,PARENT_HBN,PARENT_HBN,B-N,0.14500000000000002,0.144973,2.7000000000027002e-05
605,P:403,P:460,N,B,PARENT_HBN,PARENT_HBN,B-N,0.1446167348545798,0.144973,0.00035626514542019816
606,P:403,P:462,N,B,PARENT_HBN,PARENT_HBN,B-N,0.1445614056378809,0.144973,0.00041159436211909983
607,P:404,P:405,B,N,PARENT_HBN,PARENT_HBN,B-N,0.14500000000000002,0.144973,2.7000000000027002e-05
608,P:405,P:462,N,B,PARENT_HBN,PARENT_HBN,B-N,0.14483438818181255,0.144973,0.00013861181818744517
609,P:405,P:464,N,B,PARENT_HBN,PARENT_HBN,B-N,0.14433641259224939,0.144973,0.0006365874077506051
610,P:406,P:407,B,N,PARENT_HBN,PARENT_HBN,B-N,0.14500000000000002,0.144973,2.7000000000027002e-05
611,P:407,P:464,N,B,PARENT_HBN,PARENT_HBN,B-N,0.14501379244747703,0.144973,4.079244747703936e-05
612,P:407,P:466,N,B,PARENT_HBN,PARENT_HBN,B-N,0.14439182802361064,0.144973,0.0005811719763893497
613,P:408,P:409,B,N,PARENT_HBN,PARENT_HBN,B-N,0.14500000000000002,0.144973,2.7000000000027002e-05
614,P:409,P:466,N,B,PARENT_HBN,PARENT_HBN,B-N,0.14433987668000794,0.144973,0.0006331233199920461
615,P:409,P:468,N,B,PARENT_HBN,PARENT_HBN,B-N,0.14553693689232267,0.144973,0.0005639368923226751
616,P:410,P:411,B,N,PARENT_HBN,PARENT_HBN,B-N,0.14500000000000002,0.144973,2.7000000000027002e-05
617,P:411,P:468,N,B,PARENT_HBN,PARENT_HBN,B-N,0.1448343881818127,0.144973,0.00013861181818727863
618,P:411,P:470,N,B,PARENT_HBN,PARENT_HBN,B-N,0.1445614056378809,0.144973,0.00041159436211909983
619,P:412,P:413,B,N,PARENT_HBN,PARENT_HBN,B-N,0.14500000000000002,0.144973,2.7000000000027002e-05
620,P:413,P:470,N,B,PARENT_HBN,PARENT_HBN,B-N,0.14439182802361064,0.144973,0.0005811719763893497
621,P:413,P:472,N,B,PARENT_HBN,PARENT_HBN,B-N,0.1447756885668307,0.144973,0.0001973114331692838
622,P:414,P:415,B,N,PARENT_HBN,PARENT_HBN,B-N,0.14500000000000002,0.144973,2.7000000000027002e-05
623,P:415,P:472,N,B,PARENT_HBN,PARENT_HBN,B-N,0.14437797615980058,0.144973,0.0005950238401994101
624,P:415,P:474,N,B,PARENT_HBN,PARENT_HBN,B-N,0.14524462124292217,0.144973,0.00027162124292218204
625,P:416,P:417,B,N,PARENT_HBN,PARENT_HBN,B-N,0.14500000000000002,0.144973,2.7000000000027002e-05
626,P:417,P:474,N,B,PARENT_HBN,PARENT_HBN,B-N,0.1447756885668307,0.144973,0.0001973114331692838
627,P:417,P:476,N,B,PARENT_HBN,PARENT_HBN,B-N,0.14439182802361025,0.144973,0.0005811719763897383
628,P:418,P:419,B,N,PARENT_HBN,PARENT_HBN,B-N,0.14500000000000002,0.144973,2.7000000000027002e-05
629,P:419,P:476,N,B,PARENT_HBN,PARENT_HBN,B-N,0.1445614056378809,0.144973,0.00041159436211909983
630,P:419,P:478,N,B,PARENT_HBN,PARENT_HBN,B-N,0.1448343881818127,0.144973,0.00013861181818727863
631,P:420,P:421,B,N,PARENT_HBN,PARENT_HBN,B-N,0.14500000000000002,0.144973,2.7000000000027002e-05
632,P:421,P:480,N,B,PARENT_HBN,PARENT_HBN,B-N,0.14428097587693287,0.144973,0.0006920241230671254
633,P:421,P:538,N,B,PARENT_HBN,PARENT_HBN,B-N,0.1455128860273206,0.144973,0.0005398860273206074
634,P:422,P:423,B,N,PARENT_HBN,PARENT_HBN,B-N,0.14500000000000002,0.144973,2.7000000000027002e-05
635,P:423,P:480,N,B,PARENT_HBN,PARENT_HBN,B-N,0.1455128860273206,0.144973,0.0005398860273206074
636,P:423,P:482,N,B,PARENT_HBN,PARENT_HBN,B-N,0.14531001341958558,0.144973,0.0003370134195855856
637,P:424,P:425,B,N,PARENT_HBN,PARENT_HBN,B-N,0.14500000000000002,0.144973,2.7000000000027002e-05
638,P:425,P:482,N,B,PARENT_HBN,PARENT_HBN,B-N,0.14533409785731677,0.144973,0.0003610978573167778
639,P:425,P:484,N,B,PARENT_HBN,PARENT_HBN,B-N,0.14506205568652353,0.144973,8.905568652353701e-05
640,P:426,P:427,B,N,PARENT_HBN,PARENT_HBN,B-N,0.14500000000000002,0.144973,2.7000000000027002e-05
641,P:427,P:484,N,B,PARENT_HBN,PARENT_HBN,B-N,0.14489306401619076,0.144973,7.993598380923173e-05
642,P:427,P:486,N,B,PARENT_HBN,PARENT_HBN,B-N,0.14527560015363924,0.144973,0.0003026001536392542
643,P:428,P:429,B,N,PARENT_HBN,PARENT_HBN,B-N,0.14500000000000002,0.144973,2.7000000000027002e-05
644,P:429,P:486,N,B,PARENT_HBN,PARENT_HBN,B-N,0.14574292435655337,0.144973,0.0007699243565533753
645,P:429,P:488,N,B,PARENT_HBN,PARENT_HBN,B-N,0.1448792600754161,0.144973,9.373992458389102e-05
646,P:430,P:431,B,N,PARENT_HBN,PARENT_HBN,B-N,0.14500000000000002,0.144973,2.7000000000027002e-05
647,P:431,P:488,N,B,PARENT_HBN,PARENT_HBN,B-N,0.14527560015363924,0.144973,0.0003026001536392542
648,P:431,P:490,N,B,PARENT_HBN,PARENT_HBN,B-N,0.14489306401619112,0.144973,7.99359838088709e-05
649,P:432,P:433,B,N,PARENT_HBN,PARENT_HBN,B-N,0.14500000000000002,0.144973,2.7000000000027002e-05
650,P:433,P:490,N,B,PARENT_HBN,PARENT_HBN,B-N,0.14506205568652353,0.144973,8.905568652353701e-05
651,P:433,P:492,N,B,PARENT_HBN,PARENT_HBN,B-N,0.14533409785731677,0.144973,0.0003610978573167778
652,P:434,P:435,B,N,PARENT_HBN,PARENT_HBN,B-N,0.14500000000000002,0.144973,2.7000000000027002e-05
653,P:435,P:492,N,B,PARENT_HBN,PARENT_HBN,B-N,0.14603424255975045,0.144973,0.0010612425597504582
654,P:435,P:494,N,B,PARENT_HBN,PARENT_HBN,B-N,0.14484129245487978,0.144973,0.00013170754512020766
655,P:436,P:437,B,N,PARENT_HBN,PARENT_HBN,B-N,0.14500000000000002,0.144973,2.7000000000027002e-05
656,P:437,P:494,N,B,PARENT_HBN,PARENT_HBN,B-N,0.14489306401619115,0.144973,7.993598380884315e-05
657,P:437,P:496,N,B,PARENT_HBN,PARENT_HBN,B-N,0.14551288602732082,0.144973,0.0005398860273208295
658,P:438,P:439,B,N,PARENT_HBN,PARENT_HBN,B-N,0.14500000000000002,0.144973,2.7000000000027002e-05
659,P:439,P:496,N,B,PARENT_HBN,PARENT_HBN,B-N,0.1448378403594867,0.144973,0.0001351596405132771
660,P:439,P:498,N,B,PARENT_HBN,PARENT_HBN,B-N,0.1453340978573166,0.144973,0.00036109785731661126
661,P:440,P:441,B,N,PARENT_HBN,PARENT_HBN,B-N,0.14500000000000002,0.144973,2.7000000000027002e-05
662,P:441,P:498,N,B,PARENT_HBN,PARENT_HBN,B-N,0.14506205568652353,0.144973,8.905568652353701e-05
663,P:441,P:500,N,B,PARENT_HBN,PARENT_HBN,B-N,0.14511719401917866,0.144973,0.0001441940191786728
664,P:442,P:443,B,N,PARENT_HBN,PARENT_HBN,B-N,0.14500000000000002,0.144973,2.7000000000027002e-05
665,P:443,P:500,N,B,PARENT_HBN,PARENT_HBN,B-N,0.14514131045295164,0.144973,0.00016831045295165326
666,P:443,P:502,N,B,PARENT_HBN,PARENT_HBN,B-N,0.14578751661236306,0.144973,0.0008145166123630643
667,P:444,P:445,B,N,PARENT_HBN,PARENT_HBN,B-N,0.14500000000000002,0.144973,2.7000000000027002e-05
668,P:445,P:502,N,B,PARENT_HBN,PARENT_HBN,B-N,0.14492411807563313,0.144973,4.888192436686145e-05
669,P:445,P:504,N,B,PARENT_HBN,PARENT_HBN,B-N,0.14514131045295164,0.144973,0.00016831045295165326
670,P:446,P:447,B,N,PARENT_HBN,PARENT_HBN,B-N,0.14500000000000002,0.144973,2.7000000000027002e-05
671,P:447,P:504,N,B,PARENT_HBN,PARENT_HBN,B-N,0.14511719401917905,0.144973,0.00014419401917906138
672,P:447,P:506,N,B,PARENT_HBN,PARENT_HBN,B-N,0.14506205568652353,0.144973,8.905568652353701e-05
673,P:448,P:449,B,N,PARENT_HBN,PARENT_HBN,B-N,0.14500000000000002,0.144973,2.7000000000027002e-05
674,P:449,P:506,N,B,PARENT_HBN,PARENT_HBN,B-N,0.1453340978573166,0.144973,0.00036109785731661126
675,P:449,P:508,N,B,PARENT_HBN,PARENT_HBN,B-N,0.14556441872930362,0.144973,0.0005914187293036277
676,P:450,P:451,B,N,PARENT_HBN,PARENT_HBN,B-N,0.14500000000000002,0.144973,2.7000000000027002e-05
677,P:451,P:508,N,B,PARENT_HBN,PARENT_HBN,B-N,0.14484129245488003,0.144973,0.00013170754511995786
678,P:451,P:510,N,B,PARENT_HBN,PARENT_HBN,B-N,0.14550257729676147,0.144973,0.0005295772967614798
679,P:452,P:453,B,N,PARENT_HBN,PARENT_HBN,B-N,0.14500000000000002,0.144973,2.7000000000027002e-05
680,P:453,P:510,N,B,PARENT_HBN,PARENT_HBN,B-N,0.14484129245488003,0.144973,0.00013170754511995786
681,P:453,P:512,N,B,PARENT_HBN,PARENT_HBN,B-N,0.14556441872930362,0.144973,0.0005914187293036277
682,P:454,P:455,B,N,PARENT_HBN,PARENT_HBN,B-N,0.14500000000000002,0.144973,2.7000000000027002e-05
683,P:455,P:512,N,B,PARENT_HBN,PARENT_HBN,B-N,0.1453340978573166,0.144973,0.00036109785731661126
684,P:455,P:514,N,B,PARENT_HBN,PARENT_HBN,B-N,0.14506205568652353,0.144973,8.905568652353701e-05
685,P:456,P:457,B,N,PARENT_HBN,PARENT_HBN,B-N,0.14500000000000002,0.144973,2.7000000000027002e-05
686,P:457,P:514,N,B,PARENT_HBN,PARENT_HBN,B-N,0.14511719401917905,0.144973,0.00014419401917906138
687,P:457,P:516,N,B,PARENT_HBN,PARENT_HBN,B-N,0.14514131045295164,0.144973,0.00016831045295165326
688,P:458,P:459,B,N,PARENT_HBN,PARENT_HBN,B-N,0.14500000000000002,0.144973,2.7000000000027002e-05
689,P:459,P:516,N,B,PARENT_HBN,PARENT_HBN,B-N,0.14492411807563313,0.144973,4.888192436686145e-05
690,P:459,P:518,N,B,PARENT_HBN,PARENT_HBN,B-N,0.14578751661236306,0.144973,0.0008145166123630643
691,P:460,P:461,B,N,PARENT_HBN,PARENT_HBN,B-N,0.14500000000000002,0.144973,2.7000000000027002e-05
692,P:461,P:518,N,B,PARENT_HBN,PARENT_HBN,B-N,0.14514131045295164,0.144973,0.00016831045295165326
693,P:461,P:520,N,B,PARENT_HBN,PARENT_HBN,B-N,0.14511719401917866,0.144973,0.0001441940191786728
694,P:462,P:463,B,N,PARENT_HBN,PARENT_HBN,B-N,0.14500000000000002,0.144973,2.7000000000027002e-05
695,P:463,P:520,N,B,PARENT_HBN,PARENT_HBN,B-N,0.14506205568652353,0.144973,8.905568652353701e-05
696,P:463,P:522,N,B,PARENT_HBN,PARENT_HBN,B-N,0.1453340978573166,0.144973,0.00036109785731661126
697,P:464,P:465,B,N,PARENT_HBN,PARENT_HBN,B-N,0.14500000000000002,0.144973,2.7000000000027002e-05
698,P:465,P:522,N,B,PARENT_HBN,PARENT_HBN,B-N,0.1448378403594867,0.144973,0.0001351596405132771
699,P:465,P:524,N,B,PARENT_HBN,PARENT_HBN,B-N,0.14551288602732082,0.144973,0.0005398860273208295
700,P:466,P:467,B,N,PARENT_HBN,PARENT_HBN,B-N,0.14500000000000002,0.144973,2.7000000000027002e-05
701,P:467,P:524,N,B,PARENT_HBN,PARENT_HBN,B-N,0.14489306401619115,0.144973,7.993598380884315e-05
702,P:467,P:526,N,B,PARENT_HBN,PARENT_HBN,B-N,0.14484129245487978,0.144973,0.00013170754512020766
703,P:468,P:469,B,N,PARENT_HBN,PARENT_HBN,B-N,0.14500000000000002,0.144973,2.7000000000027002e-05
704,P:469,P:526,N,B,PARENT_HBN,PARENT_HBN,B-N,0.14603424255975045,0.144973,0.0010612425597504582
705,P:469,P:528,N,B,PARENT_HBN,PARENT_HBN,B-N,0.14533409785731677,0.144973,0.0003610978573167778
706,P:470,P:471,B,N,PARENT_HBN,PARENT_HBN,B-N,0.14500000000000002,0.144973,2.7000000000027002e-05
707,P:471,P:528,N,B,PARENT_HBN,PARENT_HBN,B-N,0.14506205568652353,0.144973,8.905568652353701e-05
708,P:471,P:530,N,B,PARENT_HBN,PARENT_HBN,B-N,0.14489306401619112,0.144973,7.99359838088709e-05
709,P:472,P:473,B,N,PARENT_HBN,PARENT_HBN,B-N,0.14500000000000002,0.144973,2.7000000000027002e-05
710,P:473,P:530,N,B,PARENT_HBN,PARENT_HBN,B-N,0.14527560015363924,0.144973,0.0003026001536392542
711,P:473,P:532,N,B,PARENT_HBN,PARENT_HBN,B-N,0.1448792600754161,0.144973,9.373992458389102e-05
712,P:474,P:475,B,N,PARENT_HBN,PARENT_HBN,B-N,0.14500000000000002,0.144973,2.7000000000027002e-05
713,P:475,P:532,N,B,PARENT_HBN,PARENT_HBN,B-N,0.14574292435655337,0.144973,0.0007699243565533753
714,P:475,P:534,N,B,PARENT_HBN,PARENT_HBN,B-N,0.14527560015363924,0.144973,0.0003026001536392542
715,P:476,P:477,B,N,PARENT_HBN,PARENT_HBN,B-N,0.14500000000000002,0.144973,2.7000000000027002e-05
716,P:477,P:534,N,B,PARENT_HBN,PARENT_HBN,B-N,0.14489306401619076,0.144973,7.993598380923173e-05
717,P:477,P:536,N,B,PARENT_HBN,PARENT_HBN,B-N,0.14506205568652353,0.144973,8.905568652353701e-05
718,P:478,P:479,B,N,PARENT_HBN,PARENT_HBN,B-N,0.14500000000000002,0.144973,2.7000000000027002e-05
719,P:479,P:536,N,B,PARENT_HBN,PARENT_HBN,B-N,0.14533409785731677,0.144973,0.0003610978573167778
720,P:479,P:538,N,B,PARENT_HBN,PARENT_HBN,B-N,0.14531001341958558,0.144973,0.0003370134195855856
721,P:480,P:481,B,N,PARENT_HBN,PARENT_HBN,B-N,0.14499999999999957,0.144973,2.6999999999582913e-05
722,P:481,P:540,N,B,PARENT_HBN,PARENT_HBN,B-N,0.1455128860273206,0.144973,0.0005398860273206074
723,P:481,P:598,N,B,PARENT_HBN,PARENT_HBN,B-N,0.14428097587693287,0.144973,0.0006920241230671254
724,P:482,P:483,B,N,PARENT_HBN,PARENT_HBN,B-N,0.14499999999999957,0.144973,2.6999999999582913e-05
725,P:483,P:540,N,B,PARENT_HBN,PARENT_HBN,B-N,0.14531001341958558,0.144973,0.0003370134195855856
726,P:483,P:542,N,B,PARENT_HBN,PARENT_HBN,B-N,0.14533409785731677,0.144973,0.0003610978573167778
727,P:484,P:485,B,N,PARENT_HBN,PARENT_HBN,B-N,0.14499999999999957,0.144973,2.6999999999582913e-05
728,P:485,P:542,N,B,PARENT_HBN,PARENT_HBN,B-N,0.14506205568652353,0.144973,8.905568652353701e-05
729,P:485,P:544,N,B,PARENT_HBN,PARENT_HBN,B-N,0.14489306401619076,0.144973,7.993598380923173e-05
730,P:486,P:487,B,N,PARENT_HBN,PARENT_HBN,B-N,0.14499999999999957,0.144973,2.6999999999582913e-05
731,P:487,P:544,N,B,PARENT_HBN,PARENT_HBN,B-N,0.14527560015363924,0.144973,0.0003026001536392542
732,P:487,P:546,N,B,PARENT_HBN,PARENT_HBN,B-N,0.14574292435655337,0.144973,0.0007699243565533753
733,P:488,P:489,B,N,PARENT_HBN,PARENT_HBN,B-N,0.14499999999999957,0.144973,2.6999999999582913e-05
734,P:489,P:546,N,B,PARENT_HBN,PARENT_HBN,B-N,0.1448792600754161,0.144973,9.373992458389102e-05
735,P:489,P:548,N,B,PARENT_HBN,PARENT_HBN,B-N,0.14527560015363924,0.144973,0.0003026001536392542
736,P:490,P:491,B,N,PARENT_HBN,PARENT_HBN,B-N,0.14499999999999957,0.144973,2.6999999999582913e-05
737,P:491,P:548,N,B,PARENT_HBN,PARENT_HBN,B-N,0.14489306401619112,0.144973,7.99359838088709e-05
738,P:491,P:550,N,B,PARENT_HBN,PARENT_HBN,B-N,0.14506205568652353,0.144973,8.905568652353701e-05
739,P:492,P:493,B,N,PARENT_HBN,PARENT_HBN,B-N,0.14499999999999957,0.144973,2.6999999999582913e-05
740,P:493,P:550,N,B,PARENT_HBN,PARENT_HBN,B-N,0.14533409785731677,0.144973,0.0003610978573167778
741,P:493,P:552,N,B,PARENT_HBN,PARENT_HBN,B-N,0.14603424255975045,0.144973,0.0010612425597504582
742,P:494,P:495,B,N,PARENT_HBN,PARENT_HBN,B-N,0.14499999999999957,0.144973,2.6999999999582913e-05
743,P:495,P:552,N,B,PARENT_HBN,PARENT_HBN,B-N,0.14484129245487978,0.144973,0.00013170754512020766
744,P:495,P:554,N,B,PARENT_HBN,PARENT_HBN,B-N,0.14489306401619115,0.144973,7.993598380884315e-05
745,P:496,P:497,B,N,PARENT_HBN,PARENT_HBN,B-N,0.14499999999999957,0.144973,2.6999999999582913e-05
746,P:497,P:554,N,B,PARENT_HBN,PARENT_HBN,B-N,0.14551288602732082,0.144973,0.0005398860273208295
747,P:497,P:556,N,B,PARENT_HBN,PARENT_HBN,B-N,0.1448378403594867,0.144973,0.0001351596405132771
748,P:498,P:499,B,N,PARENT_HBN,PARENT_HBN,B-N,0.14499999999999957,0.144973,2.6999999999582913e-05
749,P:499,P:556,N,B,PARENT_HBN,PARENT_HBN,B-N,0.1453340978573166,0.144973,0.00036109785731661126
750,P:499,P:558,N,B,PARENT_HBN,PARENT_HBN,B-N,0.14506205568652353,0.144973,8.905568652353701e-05
751,P:500,P:501,B,N,PARENT_HBN,PARENT_HBN,B-N,0.14499999999999957,0.144973,2.6999999999582913e-05
752,P:501,P:558,N,B,PARENT_HBN,PARENT_HBN,B-N,0.14511719401917866,0.144973,0.0001441940191786728
753,P:501,P:560,N,B,PARENT_HBN,PARENT_HBN,B-N,0.14514131045295164,0.144973,0.00016831045295165326
754,P:502,P:503,B,N,PARENT_HBN,PARENT_HBN,B-N,0.14499999999999957,0.144973,2.6999999999582913e-05
755,P:503,P:560,N,B,PARENT_HBN,PARENT_HBN,B-N,0.14578751661236306,0.144973,0.0008145166123630643
756,P:503,P:562,N,B,PARENT_HBN,PARENT_HBN,B-N,0.14492411807563313,0.144973,4.888192436686145e-05
757,P:504,P:505,B,N,PARENT_HBN,PARENT_HBN,B-N,0.14499999999999957,0.144973,2.6999999999582913e-05
758,P:505,P:562,N,B,PARENT_HBN,PARENT_HBN,B-N,0.14514131045295164,0.144973,0.00016831045295165326
759,P:505,P:564,N,B,PARENT_HBN,PARENT_HBN,B-N,0.14511719401917905,0.144973,0.00014419401917906138
760,P:506,P:507,B,N,PARENT_HBN,PARENT_HBN,B-N,0.14499999999999957,0.144973,2.6999999999582913e-05
761,P:507,P:564,N,B,PARENT_HBN,PARENT_HBN,B-N,0.14506205568652353,0.144973,8.905568652353701e-05
762,P:507,P:566,N,B,PARENT_HBN,PARENT_HBN,B-N,0.1453340978573166,0.144973,0.00036109785731661126
763,P:508,P:509,B,N,PARENT_HBN,PARENT_HBN,B-N,0.14499999999999957,0.144973,2.6999999999582913e-05
764,P:509,P:566,N,B,PARENT_HBN,PARENT_HBN,B-N,0.14556441872930362,0.144973,0.0005914187293036277
765,P:509,P:568,N,B,PARENT_HBN,PARENT_HBN,B-N,0.14484129245488003,0.144973,0.00013170754511995786
766,P:510,P:511,B,N,PARENT_HBN,PARENT_HBN,B-N,0.14499999999999957,0.144973,2.6999999999582913e-05
767,P:511,P:568,N,B,PARENT_HBN,PARENT_HBN,B-N,0.14550257729676147,0.144973,0.0005295772967614798
768,P:511,P:570,N,B,PARENT_HBN,PARENT_HBN,B-N,0.14484129245488003,0.144973,0.00013170754511995786
769,P:512,P:513,B,N,PARENT_HBN,PARENT_HBN,B-N,0.14499999999999957,0.144973,2.6999999999582913e-05
770,P:513,P:570,N,B,PARENT_HBN,PARENT_HBN,B-N,0.14556441872930362,0.144973,0.0005914187293036277
771,P:513,P:572,N,B,PARENT_HBN,PARENT_HBN,B-N,0.1453340978573166,0.144973,0.00036109785731661126
772,P:514,P:515,B,N,PARENT_HBN,PARENT_HBN,B-N,0.14499999999999957,0.144973,2.6999999999582913e-05
773,P:515,P:572,N,B,PARENT_HBN,PARENT_HBN,B-N,0.14506205568652353,0.144973,8.905568652353701e-05
774,P:515,P:574,N,B,PARENT_HBN,PARENT_HBN,B-N,0.14511719401917905,0.144973,0.00014419401917906138
775,P:516,P:517,B,N,PARENT_HBN,PARENT_HBN,B-N,0.14499999999999957,0.144973,2.6999999999582913e-05
776,P:517,P:574,N,B,PARENT_HBN,PARENT_HBN,B-N,0.14514131045295164,0.144973,0.00016831045295165326
777,P:517,P:576,N,B,PARENT_HBN,PARENT_HBN,B-N,0.14492411807563313,0.144973,4.888192436686145e-05
778,P:518,P:519,B,N,PARENT_HBN,PARENT_HBN,B-N,0.14499999999999957,0.144973,2.6999999999582913e-05
779,P:519,P:576,N,B,PARENT_HBN,PARENT_HBN,B-N,0.14578751661236306,0.144973,0.0008145166123630643
780,P:519,P:578,N,B,PARENT_HBN,PARENT_HBN,B-N,0.14514131045295164,0.144973,0.00016831045295165326
781,P:520,P:521,B,N,PARENT_HBN,PARENT_HBN,B-N,0.14499999999999957,0.144973,2.6999999999582913e-05
782,P:521,P:578,N,B,PARENT_HBN,PARENT_HBN,B-N,0.14511719401917866,0.144973,0.0001441940191786728
783,P:521,P:580,N,B,PARENT_HBN,PARENT_HBN,B-N,0.14506205568652353,0.144973,8.905568652353701e-05
784,P:522,P:523,B,N,PARENT_HBN,PARENT_HBN,B-N,0.14499999999999957,0.144973,2.6999999999582913e-05
785,P:523,P:580,N,B,PARENT_HBN,PARENT_HBN,B-N,0.1453340978573166,0.144973,0.00036109785731661126
786,P:523,P:582,N,B,PARENT_HBN,PARENT_HBN,B-N,0.1448378403594867,0.144973,0.0001351596405132771
787,P:524,P:525,B,N,PARENT_HBN,PARENT_HBN,B-N,0.14499999999999957,0.144973,2.6999999999582913e-05
788,P:525,P:582,N,B,PARENT_HBN,PARENT_HBN,B-N,0.14551288602732082,0.144973,0.0005398860273208295
789,P:525,P:584,N,B,PARENT_HBN,PARENT_HBN,B-N,0.14489306401619115,0.144973,7.993598380884315e-05
790,P:526,P:527,B,N,PARENT_HBN,PARENT_HBN,B-N,0.14499999999999957,0.144973,2.6999999999582913e-05
791,P:527,P:584,N,B,PARENT_HBN,PARENT_HBN,B-N,0.14484129245487978,0.144973,0.00013170754512020766
792,P:527,P:586,N,B,PARENT_HBN,PARENT_HBN,B-N,0.14603424255975045,0.144973,0.0010612425597504582
793,P:528,P:529,B,N,PARENT_HBN,PARENT_HBN,B-N,0.14499999999999957,0.144973,2.6999999999582913e-05
794,P:529,P:586,N,B,PARENT_HBN,PARENT_HBN,B-N,0.14533409785731677,0.144973,0.0003610978573167778
795,P:529,P:588,N,B,PARENT_HBN,PARENT_HBN,B-N,0.14506205568652353,0.144973,8.905568652353701e-05
796,P:530,P:531,B,N,PARENT_HBN,PARENT_HBN,B-N,0.14499999999999957,0.144973,2.6999999999582913e-05
797,P:531,P:588,N,B,PARENT_HBN,PARENT_HBN,B-N,0.14489306401619112,0.144973,7.99359838088709e-05
798,P:531,P:590,N,B,PARENT_HBN,PARENT_HBN,B-N,0.14527560015363924,0.144973,0.0003026001536392542
799,P:532,P:533,B,N,PARENT_HBN,PARENT_HBN,B-N,0.14499999999999957,0.144973,2.6999999999582913e-05
800,P:533,P:590,N,B,PARENT_HBN,PARENT_HBN,B-N,0.1448792600754161,0.144973,9.373992458389102e-05
801,P:533,P:592,N,B,PARENT_HBN,PARENT_HBN,B-N,0.14574292435655337,0.144973,0.0007699243565533753
802,P:534,P:535,B,N,PARENT_HBN,PARENT_HBN,B-N,0.14499999999999957,0.144973,2.6999999999582913e-05
803,P:535,P:592,N,B,PARENT_HBN,PARENT_HBN,B-N,0.14527560015363924,0.144973,0.0003026001536392542
804,P:535,P:594,N,B,PARENT_HBN,PARENT_HBN,B-N,0.14489306401619076,0.144973,7.993598380923173e-05
805,P:536,P:537,B,N,PARENT_HBN,PARENT_HBN,B-N,0.14499999999999957,0.144973,2.6999999999582913e-05
806,P:537,P:594,N,B,PARENT_HBN,PARENT_HBN,B-N,0.14506205568652353,0.144973,8.905568652353701e-05
807,P:537,P:596,N,B,PARENT_HBN,PARENT_HBN,B-N,0.14533409785731677,0.144973,0.0003610978573167778
808,P:538,P:539,B,N,PARENT_HBN,PARENT_HBN,B-N,0.14499999999999957,0.144973,2.6999999999582913e-05
809,P:539,P:596,N,B,PARENT_HBN,PARENT_HBN,B-N,0.14531001341958558,0.144973,0.0003370134195855856
810,P:539,P:598,N,B,PARENT_HBN,PARENT_HBN,B-N,0.1455128860273206,0.144973,0.0005398860273206074
811,P:540,P:541,B,N,PARENT_HBN,PARENT_HBN,B-N,0.14499999999999957,0.144973,2.6999999999582913e-05
812,P:541,P:600,N,B,PARENT_HBN,PARENT_HBN,B-N,0.14481022063376636,0.144973,0.00016277936623362854
813,P:541,P:658,N,B,PARENT_HBN,PARENT_HBN,B-N,0.145013792447477,0.144973,4.0792447477011606e-05
814,P:542,P:543,B,N,PARENT_HBN,PARENT_HBN,B-N,0.14499999999999957,0.144973,2.6999999999582913e-05
815,P:543,P:600,N,B,PARENT_HBN,PARENT_HBN,B-N,0.14483438818181293,0.144973,0.0001386118181870566
816,P:543,P:602,N,B,PARENT_HBN,PARENT_HBN,B-N,0.14456140563788109,0.144973,0.00041159436211890554
817,P:544,P:545,B,N,PARENT_HBN,PARENT_HBN,B-N,0.14499999999999957,0.144973,2.6999999999582913e-05
818,P:545,P:602,N,B,PARENT_HBN,PARENT_HBN,B-N,0.14439182802361047,0.144973,0.0005811719763895162
819,P:545,P:604,N,B,PARENT_HBN,PARENT_HBN,B-N,0.14477568856683093,0.144973,0.00019731143316906175
820,P:546,P:547,B,N,PARENT_HBN,PARENT_HBN,B-N,0.14499999999999957,0.144973,2.6999999999582913e-05
821,P:547,P:604,N,B,PARENT_HBN,PARENT_HBN,B-N,0.1452446212429224,0.144973,0.0002716212429224041
822,P:547,P:606,N,B,PARENT_HBN,PARENT_HBN,B-N,0.1443779761598008,0.144973,0.0005950238401991881
823,P:548,P:549,B,N,PARENT_HBN,PARENT_HBN,B-N,0.14499999999999957,0.144973,2.6999999999582913e-05
824,P:549,P:606,N,B,PARENT_HBN,PARENT_HBN,B-N,0.14477568856683093,0.144973,0.00019731143316906175
825,P:549,P:608,N,B,PARENT_HBN,PARENT_HBN,B-N,0.14439182802361084,0.144973,0.0005811719763891554
826,P:550,P:551,B,N,PARENT_HBN,PARENT_HBN,B-N,0.14499999999999957,0.144973,2.6999999999582913e-05
827,P:551,P:608,N,B,PARENT_HBN,PARENT_HBN,B-N,0.14456140563788109,0.144973,0.00041159436211890554
828,P:551,P:610,N,B,PARENT_HBN,PARENT_HBN,B-N,0.14483438818181293,0.144973,0.0001386118181870566
829,P:552,P:553,B,N,PARENT_HBN,PARENT_HBN,B-N,0.14499999999999957,0.144973,2.6999999999582913e-05
830,P:553,P:610,N,B,PARENT_HBN,PARENT_HBN,B-N,0.1455369368923229,0.144973,0.0005639368923228971
831,P:553,P:612,N,B,PARENT_HBN,PARENT_HBN,B-N,0.14433987668000817,0.144973,0.000633123319991824
832,P:554,P:555,B,N,PARENT_HBN,PARENT_HBN,B-N,0.14499999999999957,0.144973,2.6999999999582913e-05
833,P:555,P:612,N,B,PARENT_HBN,PARENT_HBN,B-N,0.14439182802361086,0.144973,0.0005811719763891277
834,P:555,P:614,N,B,PARENT_HBN,PARENT_HBN,B-N,0.14501379244747725,0.144973,4.0792447477261407e-05
835,P:556,P:557,B,N,PARENT_HBN,PARENT_HBN,B-N,0.14499999999999957,0.144973,2.6999999999582913e-05
836,P:557,P:614,N,B,PARENT_HBN,PARENT_HBN,B-N,0.1443364125922496,0.144973,0.000636587407750383
837,P:557,P:616,N,B,PARENT_HBN,PARENT_HBN,B-N,0.14483438818181277,0.144973,0.00013861181818722312
838,P:558,P:559,B,N,PARENT_HBN,PARENT_HBN,B-N,0.14499999999999957,0.144973,2.6999999999582913e-05
839,P:559,P:616,N,B,PARENT_HBN,PARENT_HBN,B-N,0.14456140563788109,0.144973,0.00041159436211890554
840,P:559,P:618,N,B,PARENT_HBN,PARENT_HBN,B-N,0.14461673485458001,0.144973,0.0003562651454199761
841,P:560,P:561,B,N,PARENT_HBN,PARENT_HBN,B-N,0.14499999999999957,0.144973,2.6999999999582913e-05
842,P:561,P:618,N,B,PARENT_HBN,PARENT_HBN,B-N,0.1446409347314931,0.144973,0.00033206526850690365
843,P:561,P:620,N,B,PARENT_HBN,PARENT_HBN,B-N,0.14528936643815327,0.144973,0.00031636643815327603
844,P:562,P:563,B,N,PARENT_HBN,PARENT_HBN,B-N,0.14499999999999957,0.144973,2.6999999999582913e-05
845,P:563,P:620,N,B,PARENT_HBN,PARENT_HBN,B-N,0.14442298985964805,0.144973,0.000550010140351942
846,P:563,P:622,N,B,PARENT_HBN,PARENT_HBN,B-N,0.1446409347314931,0.144973,0.00033206526850690365
847,P:564,P:565,B,N,PARENT_HBN,PARENT_HBN,B-N,0.14499999999999957,0.144973,2.6999999999582913e-05
848,P:565,P:622,N,B,PARENT_HBN,PARENT_HBN,B-N,0.14461673485458038,0.144973,0.0003562651454196153
849,P:565,P:624,N,B,PARENT_HBN,PARENT_HBN,B-N,0.14456140563788109,0.144973,0.00041159436211890554
850,P:566,P:567,B,N,PARENT_HBN,PARENT_HBN,B-N,0.14499999999999957,0.144973,2.6999999999582913e-05
851,P:567,P:624,N,B,PARENT_HBN,PARENT_HBN,B-N,0.14483438818181277,0.144973,0.00013861181818722312
852,P:567,P:626,N,B,PARENT_HBN,PARENT_HBN,B-N,0.14506550244630867,0.144973,9.250244630867877e-05
853,P:568,P:569,B,N,PARENT_HBN,PARENT_HBN,B-N,0.14499999999999957,0.144973,2.6999999999582913e-05
854,P:569,P:626,N,B,PARENT_HBN,PARENT_HBN,B-N,0.1443398766800084,0.144973,0.000633123319991602
855,P:569,P:628,N,B,PARENT_HBN,PARENT_HBN,B-N,0.14500344823486094,0.144973,3.0448234860952494e-05
856,P:570,P:571,B,N,PARENT_HBN,PARENT_HBN,B-N,0.14499999999999957,0.144973,2.6999999999582913e-05
857,P:571,P:628,N,B,PARENT_HBN,PARENT_HBN,B-N,0.1443398766800084,0.144973,0.000633123319991602
858,P:571,P:630,N,B,PARENT_HBN,PARENT_HBN,B-N,0.14506550244630867,0.144973,9.250244630867877e-05
859,P:572,P:573,B,N,PARENT_HBN,PARENT_HBN,B-N,0.14499999999999957,0.144973,2.6999999999582913e-05
860,P:573,P:630,N,B,PARENT_HBN,PARENT_HBN,B-N,0.14483438818181277,0.144973,0.00013861181818722312
861,P:573,P:632,N,B,PARENT_HBN,PARENT_HBN,B-N,0.14456140563788109,0.144973,0.00041159436211890554
862,P:574,P:575,B,N,PARENT_HBN,PARENT_HBN,B-N,0.14499999999999957,0.144973,2.6999999999582913e-05
863,P:575,P:632,N,B,PARENT_HBN,PARENT_HBN,B-N,0.14461673485458038,0.144973,0.0003562651454196153
864,P:575,P:634,N,B,PARENT_HBN,PARENT_HBN,B-N,0.1446409347314931,0.144973,0.00033206526850690365
865,P:576,P:577,B,N,PARENT_HBN,PARENT_HBN,B-N,0.14499999999999957,0.144973,2.6999999999582913e-05
866,P:577,P:634,N,B,PARENT_HBN,PARENT_HBN,B-N,0.14442298985964805,0.144973,0.000550010140351942
867,P:577,P:636,N,B,PARENT_HBN,PARENT_HBN,B-N,0.14528936643815327,0.144973,0.00031636643815327603
868,P:578,P:579,B,N,PARENT_HBN,PARENT_HBN,B-N,0.14499999999999957,0.144973,2.6999999999582913e-05
869,P:579,P:636,N,B,PARENT_HBN,PARENT_HBN,B-N,0.1446409347314931,0.144973,0.00033206526850690365
870,P:579,P:638,N,B,PARENT_HBN,PARENT_HBN,B-N,0.14461673485458001,0.144973,0.0003562651454199761
871,P:580,P:581,B,N,PARENT_HBN,PARENT_HBN,B-N,0.14499999999999957,0.144973,2.6999999999582913e-05
872,P:581,P:638,N,B,PARENT_HBN,PARENT_HBN,B-N,0.14456140563788109,0.144973,0.00041159436211890554
873,P:581,P:640,N,B,PARENT_HBN,PARENT_HBN,B-N,0.14483438818181277,0.144973,0.00013861181818722312
874,P:582,P:583,B,N,PARENT_HBN,PARENT_HBN,B-N,0.14499999999999957,0.144973,2.6999999999582913e-05
875,P:583,P:640,N,B,PARENT_HBN,PARENT_HBN,B-N,0.1443364125922496,0.144973,0.000636587407750383
876,P:583,P:642,N,B,PARENT_HBN,PARENT_HBN,B-N,0.14501379244747725,0.144973,4.0792447477261407e-05
877,P:584,P:585,B,N,PARENT_HBN,PARENT_HBN,B-N,0.14499999999999957,0.144973,2.6999999999582913e-05
878,P:585,P:642,N,B,PARENT_HBN,PARENT_HBN,B-N,0.14439182802361086,0.144973,0.0005811719763891277
879,P:585,P:644,N,B,PARENT_HBN,PARENT_HBN,B-N,0.14433987668000817,0.144973,0.000633123319991824
880,P:586,P:587,B,N,PARENT_HBN,PARENT_HBN,B-N,0.14499999999999957,0.144973,2.6999999999582913e-05
881,P:587,P:644,N,B,PARENT_HBN,PARENT_HBN,B-N,0.1455369368923229,0.144973,0.0005639368923228971
882,P:587,P:646,N,B,PARENT_HBN,PARENT_HBN,B-N,0.14483438818181293,0.144973,0.0001386118181870566
883,P:588,P:589,B,N,PARENT_HBN,PARENT_HBN,B-N,0.14499999999999957,0.144973,2.6999999999582913e-05
884,P:589,P:646,N,B,PARENT_HBN,PARENT_HBN,B-N,0.14456140563788109,0.144973,0.00041159436211890554
885,P:589,P:648,N,B,PARENT_HBN,PARENT_HBN,B-N,0.14439182802361084,0.144973,0.0005811719763891554
886,P:590,P:591,B,N,PARENT_HBN,PARENT_HBN,B-N,0.14499999999999957,0.144973,2.6999999999582913e-05
887,P:591,P:648,N,B,PARENT_HBN,PARENT_HBN,B-N,0.14477568856683093,0.144973,0.00019731143316906175
888,P:591,P:650,N,B,PARENT_HBN,PARENT_HBN,B-N,0.1443779761598008,0.144973,0.0005950238401991881
889,P:592,P:593,B,N,PARENT_HBN,PARENT_HBN,B-N,0.14499999999999957,0.144973,2.6999999999582913e-05
890,P:593,P:650,N,B,PARENT_HBN,PARENT_HBN,B-N,0.1452446212429224,0.144973,0.0002716212429224041
891,P:593,P:652,N,B,PARENT_HBN,PARENT_HBN,B-N,0.14477568856683093,0.144973,0.00019731143316906175
892,P:594,P:595,B,N,PARENT_HBN,PARENT_HBN,B-N,0.14499999999999957,0.144973,2.6999999999582913e-05
893,P:595,P:652,N,B,PARENT_HBN,PARENT_HBN,B-N,0.14439182802361047,0.144973,0.0005811719763895162
894,P:595,P:654,N,B,PARENT_HBN,PARENT_HBN,B-N,0.14456140563788109,0.144973,0.00041159436211890554
895,P:596,P:597,B,N,PARENT_HBN,PARENT_HBN,B-N,0.14499999999999957,0.144973,2.6999999999582913e-05
896,P:597,P:654,N,B,PARENT_HBN,PARENT_HBN,B-N,0.14483438818181293,0.144973,0.0001386118181870566
897,P:597,P:656,N,B,PARENT_HBN,PARENT_HBN,B-N,0.14481022063376636,0.144973,0.00016277936623362854
898,P:598,P:599,B,N,PARENT_HBN,PARENT_HBN,B-N,0.14499999999999957,0.144973,2.6999999999582913e-05
899,P:599,P:656,N,B,PARENT_HBN,PARENT_HBN,B-N,0.145013792447477,0.144973,4.0792447477011606e-05
900,P:599,P:658,N,B,PARENT_HBN,PARENT_HBN,B-N,0.14377760604489156,0.144973,0.0011953939551084258
901,P:600,P:601,B,N,PARENT_HBN,PARENT_HBN,B-N,0.14500000000000046,0.144973,2.700000000047109e-05
902,P:601,P:660,N,B,PARENT_HBN,PARENT_HBN,B-N,0.14533409785731632,0.144973,0.0003610978573163337
903,P:601,P:718,N,B,PARENT_HBN,PARENT_HBN,B-N,0.14531001341958513,0.144973,0.0003370134195851415
904,P:602,P:603,B,N,PARENT_HBN,PARENT_HBN,B-N,0.14500000000000046,0.144973,2.700000000047109e-05
905,P:603,P:660,N,B,PARENT_HBN,PARENT_HBN,B-N,0.14506205568652306,0.144973,8.905568652306517e-05
906,P:603,P:662,N,B,PARENT_HBN,PARENT_HBN,B-N,0.14489306401619031,0.144973,7.993598380967581e-05
907,P:604,P:605,B,N,PARENT_HBN,PARENT_HBN,B-N,0.14500000000000046,0.144973,2.700000000047109e-05
908,P:605,P:662,N,B,PARENT_HBN,PARENT_HBN,B-N,0.1452756001536388,0.144973,0.0003026001536388101
909,P:605,P:664,N,B,PARENT_HBN,PARENT_HBN,B-N,0.1457429243565529,0.144973,0.0007699243565529035
910,P:606,P:607,B,N,PARENT_HBN,PARENT_HBN,B-N,0.14500000000000046,0.144973,2.700000000047109e-05
911,P:607,P:664,N,B,PARENT_HBN,PARENT_HBN,B-N,0.14487926007541566,0.144973,9.373992458433511e-05
912,P:607,P:666,N,B,PARENT_HBN,PARENT_HBN,B-N,0.1452756001536388,0.144973,0.0003026001536388101
913,P:608,P:609,B,N,PARENT_HBN,PARENT_HBN,B-N,0.14500000000000046,0.144973,2.700000000047109e-05
914,P:609,P:666,N,B,PARENT_HBN,PARENT_HBN,B-N,0.14489306401619068,0.144973,7.993598380931499e-05
915,P:609,P:668,N,B,PARENT_HBN,PARENT_HBN,B-N,0.14506205568652306,0.144973,8.905568652306517e-05
916,P:610,P:611,B,N,PARENT_HBN,PARENT_HBN,B-N,0.14500000000000046,0.144973,2.700000000047109e-05
917,P:611,P:668,N,B,PARENT_HBN,PARENT_HBN,B-N,0.14533409785731632,0.144973,0.0003610978573163337
918,P:611,P:670,N,B,PARENT_HBN,PARENT_HBN,B-N,0.14603424255974998,0.144973,0.0010612425597499864
919,P:612,P:613,B,N,PARENT_HBN,PARENT_HBN,B-N,0.14500000000000046,0.144973,2.700000000047109e-05
920,P:613,P:670,N,B,PARENT_HBN,PARENT_HBN,B-N,0.14484129245487934,0.144973,0.00013170754512065175
921,P:613,P:672,N,B,PARENT_HBN,PARENT_HBN,B-N,0.1448930640161907,0.144973,7.993598380928724e-05
922,P:614,P:615,B,N,PARENT_HBN,PARENT_HBN,B-N,0.14500000000000046,0.144973,2.700000000047109e-05
923,P:615,P:672,N,B,PARENT_HBN,PARENT_HBN,B-N,0.14551288602732038,0.144973,0.0005398860273203854
924,P:615,P:674,N,B,PARENT_HBN,PARENT_HBN,B-N,0.14483784035948627,0.144973,0.0001351596405137212
925,P:616,P:617,B,N,PARENT_HBN,PARENT_HBN,B-N,0.14500000000000046,0.144973,2.700000000047109e-05
926,P:617,P:674,N,B,PARENT_HBN,PARENT_HBN,B-N,0.14533409785731613,0.144973,0.0003610978573161394
927,P:617,P:676,N,B,PARENT_HBN,PARENT_HBN,B-N,0.14506205568652306,0.144973,8.905568652306517e-05
928,P:618,P:619,B,N,PARENT_HBN,PARENT_HBN,B-N,0.14500000000000046,0.144973,2.700000000047109e-05
929,P:619,P:676,N,B,PARENT_HBN,PARENT_HBN,B-N,0.14511719401917822,0.144973,0.00014419401917822872
930,P:619,P:678,N,B,PARENT_HBN,PARENT_HBN,B-N,0.1451413104529512,0.144973,0.00016831045295120917
931,P:620,P:621,B,N,PARENT_HBN,PARENT_HBN,B-N,0.14500000000000046,0.144973,2.700000000047109e-05
932,P:621,P:678,N,B,PARENT_HBN,PARENT_HBN,B-N,0.14578751661236258,0.144973,0.0008145166123625924
933,P:621,P:680,N,B,PARENT_HBN,PARENT_HBN,B-N,0.14492411807563269,0.144973,4.888192436730554e-05
934,P:622,P:623,B,N,PARENT_HBN,PARENT_HBN,B-N,0.14500000000000046,0.144973,2.700000000047109e-05
935,P:623,P:680,N,B,PARENT_HBN,PARENT_HBN,B-N,0.1451413104529512,0.144973,0.00016831045295120917
936,P:623,P:682,N,B,PARENT_HBN,PARENT_HBN,B-N,0.14511719401917858,0.144973,0.00014419401917858954
937,P:624,P:625,B,N,PARENT_HBN,PARENT_HBN,B-N,0.14500000000000046,0.144973,2.700000000047109e-05
938,P:625,P:682,N,B,PARENT_HBN,PARENT_HBN,B-N,0.14506205568652306,0.144973,8.905568652306517e-05
939,P:625,P:684,N,B,PARENT_HBN,PARENT_HBN,B-N,0.14533409785731613,0.144973,0.0003610978573161394
940,P:626,P:627,B,N,PARENT_HBN,PARENT_HBN,B-N,0.14500000000000046,0.144973,2.700000000047109e-05
941,P:627,P:684,N,B,PARENT_HBN,PARENT_HBN,B-N,0.14556441872930317,0.144973,0.0005914187293031836
942,P:627,P:686,N,B,PARENT_HBN,PARENT_HBN,B-N,0.14484129245487956,0.144973,0.0001317075451204297
943,P:628,P:629,B,N,PARENT_HBN,PARENT_HBN,B-N,0.14500000000000046,0.144973,2.700000000047109e-05
944,P:629,P:686,N,B,PARENT_HBN,PARENT_HBN,B-N,0.14550257729676103,0.144973,0.0005295772967610357
945,P:629,P:688,N,B,PARENT_HBN,PARENT_HBN,B-N,0.14484129245487956,0.144973,0.0001317075451204297
946,P:630,P:631,B,N,PARENT_HBN,PARENT_HBN,B-N,0.14500000000000046,0.144973,2.700000000047109e-05
947,P:631,P:688,N,B,PARENT_HBN,PARENT_HBN,B-N,0.14556441872930317,0.144973,0.0005914187293031836
948,P:631,P:690,N,B,PARENT_HBN,PARENT_HBN,B-N,0.14533409785731613,0.144973,0.0003610978573161394
949,P:632,P:633,B,N,PARENT_HBN,PARENT_HBN,B-N,0.14500000000000046,0.144973,2.700000000047109e-05
950,P:633,P:690,N,B,PARENT_HBN,PARENT_HBN,B-N,0.14506205568652306,0.144973,8.905568652306517e-05
951,P:633,P:692,N,B,PARENT_HBN,PARENT_HBN,B-N,0.14511719401917858,0.144973,0.00014419401917858954
952,P:634,P:635,B,N,PARENT_HBN,PARENT_HBN,B-N,0.14500000000000046,0.144973,2.700000000047109e-05
953,P:635,P:692,N,B,PARENT_HBN,PARENT_HBN,B-N,0.1451413104529512,0.144973,0.00016831045295120917
954,P:635,P:694,N,B,PARENT_HBN,PARENT_HBN,B-N,0.14492411807563269,0.144973,4.888192436730554e-05
955,P:636,P:637,B,N,PARENT_HBN,PARENT_HBN,B-N,0.14500000000000046,0.144973,2.700000000047109e-05
956,P:637,P:694,N,B,PARENT_HBN,PARENT_HBN,B-N,0.14578751661236258,0.144973,0.0008145166123625924
957,P:637,P:696,N,B,PARENT_HBN,PARENT_HBN,B-N,0.1451413104529512,0.144973,0.00016831045295120917
958,P:638,P:639,B,N,PARENT_HBN,PARENT_HBN,B-N,0.14500000000000046,0.144973,2.700000000047109e-05
959,P:639,P:696,N,B,PARENT_HBN,PARENT_HBN,B-N,0.14511719401917822,0.144973,0.00014419401917822872
960,P:639,P:698,N,B,PARENT_HBN,PARENT_HBN,B-N,0.14506205568652306,0.144973,8.905568652306517e-05
961,P:640,P:641,B,N,PARENT_HBN,PARENT_HBN,B-N,0.14500000000000046,0.144973,2.700000000047109e-05
962,P:641,P:698,N,B,PARENT_HBN,PARENT_HBN,B-N,0.14533409785731613,0.144973,0.0003610978573161394
963,P:641,P:700,N,B,PARENT_HBN,PARENT_HBN,B-N,0.14483784035948627,0.144973,0.0001351596405137212
964,P:642,P:643,B,N,PARENT_HBN,PARENT_HBN,B-N,0.14500000000000046,0.144973,2.700000000047109e-05
965,P:643,P:700,N,B,PARENT_HBN,PARENT_HBN,B-N,0.14551288602732038,0.144973,0.0005398860273203854
966,P:643,P:702,N,B,PARENT_HBN,PARENT_HBN,B-N,0.1448930640161907,0.144973,7.993598380928724e-05
967,P:644,P:645,B,N,PARENT_HBN,PARENT_HBN,B-N,0.14500000000000046,0.144973,2.700000000047109e-05
968,P:645,P:702,N,B,PARENT_HBN,PARENT_HBN,B-N,0.14484129245487934,0.144973,0.00013170754512065175
969,P:645,P:704,N,B,PARENT_HBN,PARENT_HBN,B-N,0.14603424255974998,0.144973,0.0010612425597499864
970,P:646,P:647,B,N,PARENT_HBN,PARENT_HBN,B-N,0.14500000000000046,0.144973,2.700000000047109e-05
971,P:647,P:704,N,B,PARENT_HBN,PARENT_HBN,B-N,0.14533409785731632,0.144973,0.0003610978573163337
972,P:647,P:706,N,B,PARENT_HBN,PARENT_HBN,B-N,0.14506205568652306,0.144973,8.905568652306517e-05
973,P:648,P:649,B,N,PARENT_HBN,PARENT_HBN,B-N,0.14500000000000046,0.144973,2.700000000047109e-05
974,P:649,P:706,N,B,PARENT_HBN,PARENT_HBN,B-N,0.14489306401619068,0.144973,7.993598380931499e-05
975,P:649,P:708,N,B,PARENT_HBN,PARENT_HBN,B-N,0.1452756001536388,0.144973,0.0003026001536388101
976,P:650,P:651,B,N,PARENT_HBN,PARENT_HBN,B-N,0.14500000000000046,0.144973,2.700000000047109e-05
977,P:651,P:708,N,B,PARENT_HBN,PARENT_HBN,B-N,0.14487926007541566,0.144973,9.373992458433511e-05
978,P:651,P:710,N,B,PARENT_HBN,PARENT_HBN,B-N,0.1457429243565529,0.144973,0.0007699243565529035
979,P:652,P:653,B,N,PARENT_HBN,PARENT_HBN,B-N,0.14500000000000046,0.144973,2.700000000047109e-05
980,P:653,P:710,N,B,PARENT_HBN,PARENT_HBN,B-N,0.1452756001536388,0.144973,0.0003026001536388101
981,P:653,P:712,N,B,PARENT_HBN,PARENT_HBN,B-N,0.14489306401619031,0.144973,7.993598380967581e-05
982,P:654,P:655,B,N,PARENT_HBN,PARENT_HBN,B-N,0.14500000000000046,0.144973,2.700000000047109e-05
983,P:655,P:712,N,B,PARENT_HBN,PARENT_HBN,B-N,0.14506205568652306,0.144973,8.905568652306517e-05
984,P:655,P:714,N,B,PARENT_HBN,PARENT_HBN,B-N,0.14533409785731632,0.144973,0.0003610978573163337
985,P:656,P:657,B,N,PARENT_HBN,PARENT_HBN,B-N,0.14500000000000046,0.144973,2.700000000047109e-05
986,P:657,P:714,N,B,PARENT_HBN,PARENT_HBN,B-N,0.14531001341958513,0.144973,0.0003370134195851415
987,P:657,P:716,N,B,PARENT_HBN,PARENT_HBN,B-N,0.14551288602732013,0.144973,0.0005398860273201356
988,P:658,P:659,B,N,PARENT_HBN,PARENT_HBN,B-N,0.14500000000000046,0.144973,2.700000000047109e-05
989,P:659,P:716,N,B,PARENT_HBN,PARENT_HBN,B-N,0.14428097587693242,0.144973,0.0006920241230675694
990,P:659,P:718,N,B,PARENT_HBN,PARENT_HBN,B-N,0.14551288602732013,0.144973,0.0005398860273201356
991,P:660,P:661,B,N,PARENT_HBN,PARENT_HBN,B-N,0.14400000000000013,0.144973,0.0009729999999998629
992,P:661,P:720,N,B,PARENT_HBN,PARENT_HBN,B-N,0.14506205568652353,0.144973,8.905568652353701e-05
993,P:661,P:778,N,B,PARENT_HBN,PARENT_HBN,B-N,0.14533409785731677,0.144973,0.0003610978573167778
994,P:662,P:663,B,N,PARENT_HBN,PARENT_HBN,B-N,0.14400000000000013,0.144973,0.0009729999999998629
995,P:663,P:720,N,B,PARENT_HBN,PARENT_HBN,B-N,0.14489306401619076,0.144973,7.993598380923173e-05
996,P:663,P:722,N,B,PARENT_HBN,PARENT_HBN,B-N,0.14527560015363924,0.144973,0.0003026001536392542
997,P:664,P:665,B,N,PARENT_HBN,PARENT_HBN,B-N,0.14400000000000013,0.144973,0.0009729999999998629
998,P:665,P:722,N,B,PARENT_HBN,PARENT_HBN,B-N,0.14574292435655337,0.144973,0.0007699243565533753
999,P:665,P:724,N,B,PARENT_HBN,PARENT_HBN,B-N,0.1448792600754161,0.144973,9.373992458389102e-05
1000,P:666,P:667,B,N,PARENT_HBN,PARENT_HBN,B-N,0.14400000000000013,0.144973,0.0009729999999998629
1001,P:667,P:724,N,B,PARENT_HBN,PARENT_HBN,B-N,0.14527560015363924,0.144973,0.0003026001536392542
1002,P:667,P:726,N,B,PARENT_HBN,PARENT_HBN,B-N,0.14489306401619112,0.144973,7.99359838088709e-05
1003,P:668,P:669,B,N,PARENT_HBN,PARENT_HBN,B-N,0.14400000000000013,0.144973,0.0009729999999998629
1004,P:669,P:726,N,B,PARENT_HBN,PARENT_HBN,B-N,0.14506205568652353,0.144973,8.905568652353701e-05
1005,P:669,P:728,N,B,PARENT_HBN,PARENT_HBN,B-N,0.14533409785731677,0.144973,0.0003610978573167778
1006,P:670,P:671,B,N,PARENT_HBN,PARENT_HBN,B-N,0.14400000000000013,0.144973,0.0009729999999998629
1007,P:671,P:728,N,B,PARENT_HBN,PARENT_HBN,B-N,0.14603424255975045,0.144973,0.0010612425597504582
1008,P:671,P:730,N,B,PARENT_HBN,PARENT_HBN,B-N,0.14484129245487978,0.144973,0.00013170754512020766
1009,P:672,P:673,B,N,PARENT_HBN,PARENT_HBN,B-N,0.14400000000000013,0.144973,0.0009729999999998629
1010,P:673,P:730,N,B,PARENT_HBN,PARENT_HBN,B-N,0.14489306401619115,0.144973,7.993598380884315e-05
1011,P:673,P:732,N,B,PARENT_HBN,PARENT_HBN,B-N,0.14551288602732082,0.144973,0.0005398860273208295
1012,P:674,P:675,B,N,PARENT_HBN,PARENT_HBN,B-N,0.14400000000000013,0.144973,0.0009729999999998629
1013,P:675,P:732,N,B,PARENT_HBN,PARENT_HBN,B-N,0.1448378403594867,0.144973,0.0001351596405132771
1014,P:675,P:734,N,B,PARENT_HBN,PARENT_HBN,B-N,0.1453340978573166,0.144973,0.00036109785731661126
1015,P:676,P:677,B,N,PARENT_HBN,PARENT_HBN,B-N,0.14400000000000013,0.144973,0.0009729999999998629
1016,P:677,P:734,N,B,PARENT_HBN,PARENT_HBN,B-N,0.14506205568652353,0.144973,8.905568652353701e-05
1017,P:677,P:736,N,B,PARENT_HBN,PARENT_HBN,B-N,0.14511719401917866,0.144973,0.0001441940191786728
1018,P:678,P:679,B,N,PARENT_HBN,PARENT_HBN,B-N,0.14400000000000013,0.144973,0.0009729999999998629
1019,P:679,P:736,N,B,PARENT_HBN,PARENT_HBN,B-N,0.14514131045295164,0.144973,0.00016831045295165326
1020,P:679,P:738,N,B,PARENT_HBN,PARENT_HBN,B-N,0.14578751661236306,0.144973,0.0008145166123630643
1021,P:680,P:681,B,N,PARENT_HBN,PARENT_HBN,B-N,0.14400000000000013,0.144973,0.0009729999999998629
1022,P:681,P:738,N,B,PARENT_HBN,PARENT_HBN,B-N,0.14492411807563313,0.144973,4.888192436686145e-05
1023,P:681,P:740,N,B,PARENT_HBN,PARENT_HBN,B-N,0.14514131045295164,0.144973,0.00016831045295165326
1024,P:682,P:683,B,N,PARENT_HBN,PARENT_HBN,B-N,0.14400000000000013,0.144973,0.0009729999999998629
1025,P:683,P:740,N,B,PARENT_HBN,PARENT_HBN,B-N,0.14511719401917905,0.144973,0.00014419401917906138
1026,P:683,P:742,N,B,PARENT_HBN,PARENT_HBN,B-N,0.14506205568652353,0.144973,8.905568652353701e-05
1027,P:684,P:685,B,N,PARENT_HBN,PARENT_HBN,B-N,0.14400000000000013,0.144973,0.0009729999999998629
1028,P:685,P:742,N,B,PARENT_HBN,PARENT_HBN,B-N,0.1453340978573166,0.144973,0.00036109785731661126
1029,P:685,P:744,N,B,PARENT_HBN,PARENT_HBN,B-N,0.14556441872930362,0.144973,0.0005914187293036277
1030,P:686,P:687,B,N,PARENT_HBN,PARENT_HBN,B-N,0.14400000000000013,0.144973,0.0009729999999998629
1031,P:687,P:744,N,B,PARENT_HBN,PARENT_HBN,B-N,0.14484129245488003,0.144973,0.00013170754511995786
1032,P:687,P:746,N,B,PARENT_HBN,PARENT_HBN,B-N,0.14550257729676147,0.144973,0.0005295772967614798
1033,P:688,P:689,B,N,PARENT_HBN,PARENT_HBN,B-N,0.14400000000000013,0.144973,0.0009729999999998629
1034,P:689,P:746,N,B,PARENT_HBN,PARENT_HBN,B-N,0.14484129245488003,0.144973,0.00013170754511995786
1035,P:689,P:748,N,B,PARENT_HBN,PARENT_HBN,B-N,0.14556441872930362,0.144973,0.0005914187293036277
1036,P:690,P:691,B,N,PARENT_HBN,PARENT_HBN,B-N,0.14400000000000013,0.144973,0.0009729999999998629
1037,P:691,P:748,N,B,PARENT_HBN,PARENT_HBN,B-N,0.1453340978573166,0.144973,0.00036109785731661126
1038,P:691,P:750,N,B,PARENT_HBN,PARENT_HBN,B-N,0.14506205568652353,0.144973,8.905568652353701e-05
1039,P:692,P:693,B,N,PARENT_HBN,PARENT_HBN,B-N,0.14400000000000013,0.144973,0.0009729999999998629
1040,P:693,P:750,N,B,PARENT_HBN,PARENT_HBN,B-N,0.14511719401917905,0.144973,0.00014419401917906138
1041,P:693,P:752,N,B,PARENT_HBN,PARENT_HBN,B-N,0.14514131045295164,0.144973,0.00016831045295165326
1042,P:694,P:695,B,N,PARENT_HBN,PARENT_HBN,B-N,0.14400000000000013,0.144973,0.0009729999999998629
1043,P:695,P:752,N,B,PARENT_HBN,PARENT_HBN,B-N,0.14492411807563313,0.144973,4.888192436686145e-05
1044,P:695,P:754,N,B,PARENT_HBN,PARENT_HBN,B-N,0.14578751661236306,0.144973,0.0008145166123630643
1045,P:696,P:697,B,N,PARENT_HBN,PARENT_HBN,B-N,0.14400000000000013,0.144973,0.0009729999999998629
1046,P:697,P:754,N,B,PARENT_HBN,PARENT_HBN,B-N,0.14514131045295164,0.144973,0.00016831045295165326
1047,P:697,P:756,N,B,PARENT_HBN,PARENT_HBN,B-N,0.14511719401917866,0.144973,0.0001441940191786728
1048,P:698,P:699,B,N,PARENT_HBN,PARENT_HBN,B-N,0.14400000000000013,0.144973,0.0009729999999998629
1049,P:699,P:756,N,B,PARENT_HBN,PARENT_HBN,B-N,0.14506205568652353,0.144973,8.905568652353701e-05
1050,P:699,P:758,N,B,PARENT_HBN,PARENT_HBN,B-N,0.1453340978573166,0.144973,0.00036109785731661126
1051,P:700,P:701,B,N,PARENT_HBN,PARENT_HBN,B-N,0.14400000000000013,0.144973,0.0009729999999998629
1052,P:701,P:758,N,B,PARENT_HBN,PARENT_HBN,B-N,0.1448378403594867,0.144973,0.0001351596405132771
1053,P:701,P:760,N,B,PARENT_HBN,PARENT_HBN,B-N,0.14551288602732082,0.144973,0.0005398860273208295
1054,P:702,P:703,B,N,PARENT_HBN,PARENT_HBN,B-N,0.14400000000000013,0.144973,0.0009729999999998629
1055,P:703,P:760,N,B,PARENT_HBN,PARENT_HBN,B-N,0.14489306401619115,0.144973,7.993598380884315e-05
1056,P:703,P:762,N,B,PARENT_HBN,PARENT_HBN,B-N,0.14484129245487978,0.144973,0.00013170754512020766
1057,P:704,P:705,B,N,PARENT_HBN,PARENT_HBN,B-N,0.14400000000000013,0.144973,0.0009729999999998629
1058,P:705,P:762,N,B,PARENT_HBN,PARENT_HBN,B-N,0.14603424255975045,0.144973,0.0010612425597504582
1059,P:705,P:764,N,B,PARENT_HBN,PARENT_HBN,B-N,0.14533409785731677,0.144973,0.0003610978573167778
1060,P:706,P:707,B,N,PARENT_HBN,PARENT_HBN,B-N,0.14400000000000013,0.144973,0.0009729999999998629
1061,P:707,P:764,N,B,PARENT_HBN,PARENT_HBN,B-N,0.14506205568652353,0.144973,8.905568652353701e-05
1062,P:707,P:766,N,B,PARENT_HBN,PARENT_HBN,B-N,0.14489306401619112,0.144973,7.99359838088709e-05
1063,P:708,P:709,B,N,PARENT_HBN,PARENT_HBN,B-N,0.14400000000000013,0.144973,0.0009729999999998629
1064,P:709,P:766,N,B,PARENT_HBN,PARENT_HBN,B-N,0.14527560015363924,0.144973,0.0003026001536392542
1065,P:709,P:768,N,B,PARENT_HBN,PARENT_HBN,B-N,0.1448792600754161,0.144973,9.373992458389102e-05
1066,P:710,P:711,B,N,PARENT_HBN,PARENT_HBN,B-N,0.14400000000000013,0.144973,0.0009729999999998629
1067,P:711,P:768,N,B,PARENT_HBN,PARENT_HBN,B-N,0.14574292435655337,0.144973,0.0007699243565533753
1068,P:711,P:770,N,B,PARENT_HBN,PARENT_HBN,B-N,0.14527560015363924,0.144973,0.0003026001536392542
1069,P:712,P:713,B,N,PARENT_HBN,PARENT_HBN,B-N,0.14400000000000013,0.144973,0.0009729999999998629
1070,P:713,P:770,N,B,PARENT_HBN,PARENT_HBN,B-N,0.14489306401619076,0.144973,7.993598380923173e-05
1071,P:713,P:772,N,B,PARENT_HBN,PARENT_HBN,B-N,0.14506205568652353,0.144973,8.905568652353701e-05
1072,P:714,P:715,B,N,PARENT_HBN,PARENT_HBN,B-N,0.14400000000000013,0.144973,0.0009729999999998629
1073,P:715,P:772,N,B,PARENT_HBN,PARENT_HBN,B-N,0.14533409785731677,0.144973,0.0003610978573167778
1074,P:715,P:774,N,B,PARENT_HBN,PARENT_HBN,B-N,0.14531001341958558,0.144973,0.0003370134195855856
1075,P:716,P:717,B,N,PARENT_HBN,PARENT_HBN,B-N,0.14400000000000013,0.144973,0.0009729999999998629
1076,P:717,P:774,N,B,PARENT_HBN,PARENT_HBN,B-N,0.1455128860273206,0.144973,0.0005398860273206074
1077,P:717,P:776,N,B,PARENT_HBN,PARENT_HBN,B-N,0.14428097587693287,0.144973,0.0006920241230671254
1078,P:718,P:719,B,N,PARENT_HBN,PARENT_HBN,B-N,0.14400000000000013,0.144973,0.0009729999999998629
1079,P:719,P:776,N,B,PARENT_HBN,PARENT_HBN,B-N,0.1455128860273206,0.144973,0.0005398860273206074
1080,P:719,P:778,N,B,PARENT_HBN,PARENT_HBN,B-N,0.14531001341958558,0.144973,0.0003370134195855856
1081,P:720,P:721,B,N,PARENT_HBN,PARENT_HBN,B-N,0.14499999999999957,0.144973,2.6999999999582913e-05
1082,P:721,P:780,N,B,PARENT_HBN,PARENT_HBN,B-N,0.14439182802361047,0.144973,0.0005811719763895162
1083,P:721,P:838,N,B,PARENT_HBN,PARENT_HBN,B-N,0.14456140563788109,0.144973,0.00041159436211890554
1084,P:722,P:723,B,N,PARENT_HBN,PARENT_HBN,B-N,0.14499999999999957,0.144973,2.6999999999582913e-05
1085,P:723,P:780,N,B,PARENT_HBN,PARENT_HBN,B-N,0.14477568856683093,0.144973,0.00019731143316906175
1086,P:723,P:782,N,B,PARENT_HBN,PARENT_HBN,B-N,0.1452446212429224,0.144973,0.0002716212429224041
1087,P:724,P:725,B,N,PARENT_HBN,PARENT_HBN,B-N,0.14499999999999957,0.144973,2.6999999999582913e-05
1088,P:725,P:782,N,B,PARENT_HBN,PARENT_HBN,B-N,0.1443779761598008,0.144973,0.0005950238401991881
1089,P:725,P:784,N,B,PARENT_HBN,PARENT_HBN,B-N,0.14477568856683093,0.144973,0.00019731143316906175
1090,P:726,P:727,B,N,PARENT_HBN,PARENT_HBN,B-N,0.14499999999999957,0.144973,2.6999999999582913e-05
1091,P:727,P:784,N,B,PARENT_HBN,PARENT_HBN,B-N,0.14439182802361084,0.144973,0.0005811719763891554
1092,P:727,P:786,N,B,PARENT_HBN,PARENT_HBN,B-N,0.14456140563788109,0.144973,0.00041159436211890554
1093,P:728,P:729,B,N,PARENT_HBN,PARENT_HBN,B-N,0.14499999999999957,0.144973,2.6999999999582913e-05
1094,P:729,P:786,N,B,PARENT_HBN,PARENT_HBN,B-N,0.14483438818181293,0.144973,0.0001386118181870566
1095,P:729,P:788,N,B,PARENT_HBN,PARENT_HBN,B-N,0.1455369368923229,0.144973,0.0005639368923228971
1096,P:730,P:731,B,N,PARENT_HBN,PARENT_HBN,B-N,0.14499999999999957,0.144973,2.6999999999582913e-05
1097,P:731,P:788,N,B,PARENT_HBN,PARENT_HBN,B-N,0.14433987668000817,0.144973,0.000633123319991824
1098,P:731,P:790,N,B,PARENT_HBN,PARENT_HBN,B-N,0.14439182802361086,0.144973,0.0005811719763891277
1099,P:732,P:733,B,N,PARENT_HBN,PARENT_HBN,B-N,0.14499999999999957,0.144973,2.6999999999582913e-05
1100,P:733,P:790,N,B,PARENT_HBN,PARENT_HBN,B-N,0.14501379244747725,0.144973,4.0792447477261407e-05
1101,P:733,P:792,N,B,PARENT_HBN,PARENT_HBN,B-N,0.1443364125922496,0.144973,0.000636587407750383
1102,P:734,P:735,B,N,PARENT_HBN,PARENT_HBN,B-N,0.14499999999999957,0.144973,2.6999999999582913e-05
1103,P:735,P:792,N,B,PARENT_HBN,PARENT_HBN,B-N,0.14483438818181277,0.144973,0.00013861181818722312
1104,P:735,P:794,N,B,PARENT_HBN,PARENT_HBN,B-N,0.14456140563788109,0.144973,0.00041159436211890554
1105,P:736,P:737,B,N,PARENT_HBN,PARENT_HBN,B-N,0.14499999999999957,0.144973,2.6999999999582913e-05
1106,P:737,P:794,N,B,PARENT_HBN,PARENT_HBN,B-N,0.14461673485458001,0.144973,0.0003562651454199761
1107,P:737,P:796,N,B,PARENT_HBN,PARENT_HBN,B-N,0.1446409347314931,0.144973,0.00033206526850690365
1108,P:738,P:739,B,N,PARENT_HBN,PARENT_HBN,B-N,0.14499999999999957,0.144973,2.6999999999582913e-05
1109,P:739,P:796,N,B,PARENT_HBN,PARENT_HBN,B-N,0.14528936643815327,0.144973,0.00031636643815327603
1110,P:739,P:798,N,B,PARENT_HBN,PARENT_HBN,B-N,0.14442298985964805,0.144973,0.000550010140351942
1111,P:740,P:741,B,N,PARENT_HBN,PARENT_HBN,B-N,0.14499999999999957,0.144973,2.6999999999582913e-05
1112,P:741,P:798,N,B,PARENT_HBN,PARENT_HBN,B-N,0.1446409347314931,0.144973,0.00033206526850690365
1113,P:741,P:800,N,B,PARENT_HBN,PARENT_HBN,B-N,0.14461673485458038,0.144973,0.0003562651454196153
1114,P:742,P:743,B,N,PARENT_HBN,PARENT_HBN,B-N,0.14499999999999957,0.144973,2.6999999999582913e-05
1115,P:743,P:800,N,B,PARENT_HBN,PARENT_HBN,B-N,0.14456140563788109,0.144973,0.00041159436211890554
1116,P:743,P:802,N,B,PARENT_HBN,PARENT_HBN,B-N,0.14483438818181277,0.144973,0.00013861181818722312
1117,P:744,P:745,B,N,PARENT_HBN,PARENT_HBN,B-N,0.14499999999999957,0.144973,2.6999999999582913e-05
1118,P:745,P:802,N,B,PARENT_HBN,PARENT_HBN,B-N,0.14506550244630867,0.144973,9.250244630867877e-05
1119,P:745,P:804,N,B,PARENT_HBN,PARENT_HBN,B-N,0.1443398766800084,0.144973,0.000633123319991602
1120,P:746,P:747,B,N,PARENT_HBN,PARENT_HBN,B-N,0.14499999999999957,0.144973,2.6999999999582913e-05
1121,P:747,P:804,N,B,PARENT_HBN,PARENT_HBN,B-N,0.14500344823486094,0.144973,3.0448234860952494e-05
1122,P:747,P:806,N,B,PARENT_HBN,PARENT_HBN,B-N,0.1443398766800084,0.144973,0.000633123319991602
1123,P:748,P:749,B,N,PARENT_HBN,PARENT_HBN,B-N,0.14499999999999957,0.144973,2.6999999999582913e-05
1124,P:749,P:806,N,B,PARENT_HBN,PARENT_HBN,B-N,0.14506550244630867,0.144973,9.250244630867877e-05
1125,P:749,P:808,N,B,PARENT_HBN,PARENT_HBN,B-N,0.14483438818181277,0.144973,0.00013861181818722312
1126,P:750,P:751,B,N,PARENT_HBN,PARENT_HBN,B-N,0.14499999999999957,0.144973,2.6999999999582913e-05
1127,P:751,P:808,N,B,PARENT_HBN,PARENT_HBN,B-N,0.14456140563788109,0.144973,0.00041159436211890554
1128,P:751,P:810,N,B,PARENT_HBN,PARENT_HBN,B-N,0.14461673485458038,0.144973,0.0003562651454196153
1129,P:752,P:753,B,N,PARENT_HBN,PARENT_HBN,B-N,0.14499999999999957,0.144973,2.6999999999582913e-05
1130,P:753,P:810,N,B,PARENT_HBN,PARENT_HBN,B-N,0.1446409347314931,0.144973,0.00033206526850690365
1131,P:753,P:812,N,B,PARENT_HBN,PARENT_HBN,B-N,0.14442298985964805,0.144973,0.000550010140351942
1132,P:754,P:755,B,N,PARENT_HBN,PARENT_HBN,B-N,0.14499999999999957,0.144973,2.6999999999582913e-05
1133,P:755,P:812,N,B,PARENT_HBN,PARENT_HBN,B-N,0.14528936643815327,0.144973,0.00031636643815327603
1134,P:755,P:814,N,B,PARENT_HBN,PARENT_HBN,B-N,0.1446409347314931,0.144973,0.00033206526850690365
1135,P:756,P:757,B,N,PARENT_HBN,PARENT_HBN,B-N,0.14499999999999957,0.144973,2.6999999999582913e-05
1136,P:757,P:814,N,B,PARENT_HBN,PARENT_HBN,B-N,0.14461673485458001,0.144973,0.0003562651454199761
1137,P:757,P:816,N,B,PARENT_HBN,PARENT_HBN,B-N,0.14456140563788109,0.144973,0.00041159436211890554
1138,P:758,P:759,B,N,PARENT_HBN,PARENT_HBN,B-N,0.14499999999999957,0.144973,2.6999999999582913e-05
1139,P:759,P:816,N,B,PARENT_HBN,PARENT_HBN,B-N,0.14483438818181277,0.144973,0.00013861181818722312
1140,P:759,P:818,N,B,PARENT_HBN,PARENT_HBN,B-N,0.1443364125922496,0.144973,0.000636587407750383
1141,P:760,P:761,B,N,PARENT_HBN,PARENT_HBN,B-N,0.14499999999999957,0.144973,2.6999999999582913e-05
1142,P:761,P:818,N,B,PARENT_HBN,PARENT_HBN,B-N,0.14501379244747725,0.144973,4.0792447477261407e-05
1143,P:761,P:820,N,B,PARENT_HBN,PARENT_HBN,B-N,0.14439182802361086,0.144973,0.0005811719763891277
1144,P:762,P:763,B,N,PARENT_HBN,PARENT_HBN,B-N,0.14499999999999957,0.144973,2.6999999999582913e-05
1145,P:763,P:820,N,B,PARENT_HBN,PARENT_HBN,B-N,0.14433987668000817,0.144973,0.000633123319991824
1146,P:763,P:822,N,B,PARENT_HBN,PARENT_HBN,B-N,0.1455369368923229,0.144973,0.0005639368923228971
1147,P:764,P:765,B,N,PARENT_HBN,PARENT_HBN,B-N,0.14499999999999957,0.144973,2.6999999999582913e-05
1148,P:765,P:822,N,B,PARENT_HBN,PARENT_HBN,B-N,0.14483438818181293,0.144973,0.0001386118181870566
1149,P:765,P:824,N,B,PARENT_HBN,PARENT_HBN,B-N,0.14456140563788109,0.144973,0.00041159436211890554
1150,P:766,P:767,B,N,PARENT_HBN,PARENT_HBN,B-N,0.14499999999999957,0.144973,2.6999999999582913e-05
1151,P:767,P:824,N,B,PARENT_HBN,PARENT_HBN,B-N,0.14439182802361084,0.144973,0.0005811719763891554
1152,P:767,P:826,N,B,PARENT_HBN,PARENT_HBN,B-N,0.14477568856683093,0.144973,0.00019731143316906175
1153,P:768,P:769,B,N,PARENT_HBN,PARENT_HBN,B-N,0.14499999999999957,0.144973,2.6999999999582913e-05
1154,P:769,P:826,N,B,PARENT_HBN,PARENT_HBN,B-N,0.1443779761598008,0.144973,0.0005950238401991881
1155,P:769,P:828,N,B,PARENT_HBN,PARENT_HBN,B-N,0.1452446212429224,0.144973,0.0002716212429224041
1156,P:770,P:771,B,N,PARENT_HBN,PARENT_HBN,B-N,0.14499999999999957,0.144973,2.6999999999582913e-05
1157,P:771,P:828,N,B,PARENT_HBN,PARENT_HBN,B-N,0.14477568856683093,0.144973,0.00019731143316906175
1158,P:771,P:830,N,B,PARENT_HBN,PARENT_HBN,B-N,0.14439182802361047,0.144973,0.0005811719763895162
1159,P:772,P:773,B,N,PARENT_HBN,PARENT_HBN,B-N,0.14499999999999957,0.144973,2.6999999999582913e-05
1160,P:773,P:830,N,B,PARENT_HBN,PARENT_HBN,B-N,0.14456140563788109,0.144973,0.00041159436211890554
1161,P:773,P:832,N,B,PARENT_HBN,PARENT_HBN,B-N,0.14483438818181293,0.144973,0.0001386118181870566
1162,P:774,P:775,B,N,PARENT_HBN,PARENT_HBN,B-N,0.14499999999999957,0.144973,2.6999999999582913e-05
1163,P:775,P:832,N,B,PARENT_HBN,PARENT_HBN,B-N,0.14481022063376636,0.144973,0.00016277936623362854
1164,P:775,P:834,N,B,PARENT_HBN,PARENT_HBN,B-N,0.145013792447477,0.144973,4.0792447477011606e-05
1165,P:776,P:777,B,N,PARENT_HBN,PARENT_HBN,B-N,0.14499999999999957,0.144973,2.6999999999582913e-05
1166,P:777,P:834,N,B,PARENT_HBN,PARENT_HBN,B-N,0.14377760604489156,0.144973,0.0011953939551084258
1167,P:777,P:836,N,B,PARENT_HBN,PARENT_HBN,B-N,0.145013792447477,0.144973,4.0792447477011606e-05
1168,P:778,P:779,B,N,PARENT_HBN,PARENT_HBN,B-N,0.14499999999999957,0.144973,2.6999999999582913e-05
1169,P:779,P:836,N,B,PARENT_HBN,PARENT_HBN,B-N,0.14481022063376636,0.144973,0.00016277936623362854
1170,P:779,P:838,N,B,PARENT_HBN,PARENT_HBN,B-N,0.14483438818181293,0.144973,0.0001386118181870566
1171,P:780,P:781,B,N,PARENT_HBN,PARENT_HBN,B-N,0.1459999999999999,0.144973,0.0010269999999999169
1172,P:781,P:840,N,B,PARENT_HBN,PARENT_HBN,B-N,0.14477568856683093,0.144973,0.00019731143316906175
1173,P:781,P:898,N,B,PARENT_HBN,PARENT_HBN,B-N,0.14439182802361047,0.144973,0.0005811719763895162
1174,P:782,P:783,B,N,PARENT_HBN,PARENT_HBN,B-N,0.1459999999999999,0.144973,0.0010269999999999169
1175,P:783,P:840,N,B,PARENT_HBN,PARENT_HBN,B-N,0.1452446212429224,0.144973,0.0002716212429224041
1176,P:783,P:842,N,B,PARENT_HBN,PARENT_HBN,B-N,0.1443779761598008,0.144973,0.0005950238401991881
1177,P:784,P:785,B,N,PARENT_HBN,PARENT_HBN,B-N,0.1459999999999999,0.144973,0.0010269999999999169
1178,P:785,P:842,N,B,PARENT_HBN,PARENT_HBN,B-N,0.14477568856683093,0.144973,0.00019731143316906175
1179,P:785,P:844,N,B,PARENT_HBN,PARENT_HBN,B-N,0.14439182802361084,0.144973,0.0005811719763891554
1180,P:786,P:787,B,N,PARENT_HBN,PARENT_HBN,B-N,0.1459999999999999,0.144973,0.0010269999999999169
1181,P:787,P:844,N,B,PARENT_HBN,PARENT_HBN,B-N,0.14456140563788109,0.144973,0.00041159436211890554
1182,P:787,P:846,N,B,PARENT_HBN,PARENT_HBN,B-N,0.14483438818181293,0.144973,0.0001386118181870566
1183,P:788,P:789,B,N,PARENT_HBN,PARENT_HBN,B-N,0.1459999999999999,0.144973,0.0010269999999999169
1184,P:789,P:846,N,B,PARENT_HBN,PARENT_HBN,B-N,0.1455369368923229,0.144973,0.0005639368923228971
1185,P:789,P:848,N,B,PARENT_HBN,PARENT_HBN,B-N,0.14433987668000817,0.144973,0.000633123319991824
1186,P:790,P:791,B,N,PARENT_HBN,PARENT_HBN,B-N,0.1459999999999999,0.144973,0.0010269999999999169
1187,P:791,P:848,N,B,PARENT_HBN,PARENT_HBN,B-N,0.14439182802361086,0.144973,0.0005811719763891277
1188,P:791,P:850,N,B,PARENT_HBN,PARENT_HBN,B-N,0.14501379244747725,0.144973,4.0792447477261407e-05
1189,P:792,P:793,B,N,PARENT_HBN,PARENT_HBN,B-N,0.1459999999999999,0.144973,0.0010269999999999169
1190,P:793,P:850,N,B,PARENT_HBN,PARENT_HBN,B-N,0.1443364125922496,0.144973,0.000636587407750383
1191,P:793,P:852,N,B,PARENT_HBN,PARENT_HBN,B-N,0.14483438818181277,0.144973,0.00013861181818722312
1192,P:794,P:795,B,N,PARENT_HBN,PARENT_HBN,B-N,0.1459999999999999,0.144973,0.0010269999999999169
1193,P:795,P:852,N,B,PARENT_HBN,PARENT_HBN,B-N,0.14456140563788109,0.144973,0.00041159436211890554
1194,P:795,P:854,N,B,PARENT_HBN,PARENT_HBN,B-N,0.14461673485458001,0.144973,0.0003562651454199761
1195,P:796,P:797,B,N,PARENT_HBN,PARENT_HBN,B-N,0.1459999999999999,0.144973,0.0010269999999999169
1196,P:797,P:854,N,B,PARENT_HBN,PARENT_HBN,B-N,0.1446409347314931,0.144973,0.00033206526850690365
1197,P:797,P:856,N,B,PARENT_HBN,PARENT_HBN,B-N,0.14528936643815327,0.144973,0.00031636643815327603
1198,P:798,P:799,B,N,PARENT_HBN,PARENT_HBN,B-N,0.1459999999999999,0.144973,0.0010269999999999169
1199,P:799,P:856,N,B,PARENT_HBN,PARENT_HBN,B-N,0.14442298985964805,0.144973,0.000550010140351942
1200,P:799,P:858,N,B,PARENT_HBN,PARENT_HBN,B-N,0.1446409347314931,0.144973,0.00033206526850690365
1201,P:800,P:801,B,N,PARENT_HBN,PARENT_HBN,B-N,0.1459999999999999,0.144973,0.0010269999999999169
1202,P:801,P:858,N,B,PARENT_HBN,PARENT_HBN,B-N,0.14461673485458038,0.144973,0.0003562651454196153
1203,P:801,P:860,N,B,PARENT_HBN,PARENT_HBN,B-N,0.14456140563788109,0.144973,0.00041159436211890554
1204,P:802,P:803,B,N,PARENT_HBN,PARENT_HBN,B-N,0.1459999999999999,0.144973,0.0010269999999999169
1205,P:803,P:860,N,B,PARENT_HBN,PARENT_HBN,B-N,0.14483438818181277,0.144973,0.00013861181818722312
1206,P:803,P:862,N,B,PARENT_HBN,PARENT_HBN,B-N,0.14506550244630867,0.144973,9.250244630867877e-05
1207,P:804,P:805,B,N,PARENT_HBN,PARENT_HBN,B-N,0.1459999999999999,0.144973,0.0010269999999999169
1208,P:805,P:862,N,B,PARENT_HBN,PARENT_HBN,B-N,0.1443398766800084,0.144973,0.000633123319991602
1209,P:805,P:864,N,B,PARENT_HBN,PARENT_HBN,B-N,0.14500344823486094,0.144973,3.0448234860952494e-05
1210,P:806,P:807,B,N,PARENT_HBN,PARENT_HBN,B-N,0.1459999999999999,0.144973,0.0010269999999999169
1211,P:807,P:864,N,B,PARENT_HBN,PARENT_HBN,B-N,0.1443398766800084,0.144973,0.000633123319991602
1212,P:807,P:866,N,B,PARENT_HBN,PARENT_HBN,B-N,0.14506550244630867,0.144973,9.250244630867877e-05
1213,P:808,P:809,B,N,PARENT_HBN,PARENT_HBN,B-N,0.1459999999999999,0.144973,0.0010269999999999169
1214,P:809,P:866,N,B,PARENT_HBN,PARENT_HBN,B-N,0.14483438818181277,0.144973,0.00013861181818722312
1215,P:809,P:868,N,B,PARENT_HBN,PARENT_HBN,B-N,0.14456140563788109,0.144973,0.00041159436211890554
1216,P:810,P:811,B,N,PARENT_HBN,PARENT_HBN,B-N,0.1459999999999999,0.144973,0.0010269999999999169
1217,P:811,P:868,N,B,PARENT_HBN,PARENT_HBN,B-N,0.14461673485458038,0.144973,0.0003562651454196153
1218,P:811,P:870,N,B,PARENT_HBN,PARENT_HBN,B-N,0.1446409347314931,0.144973,0.00033206526850690365
1219,P:812,P:813,B,N,PARENT_HBN,PARENT_HBN,B-N,0.1459999999999999,0.144973,0.0010269999999999169
1220,P:813,P:870,N,B,PARENT_HBN,PARENT_HBN,B-N,0.14442298985964805,0.144973,0.000550010140351942
1221,P:813,P:872,N,B,PARENT_HBN,PARENT_HBN,B-N,0.14528936643815327,0.144973,0.00031636643815327603
1222,P:814,P:815,B,N,PARENT_HBN,PARENT_HBN,B-N,0.1459999999999999,0.144973,0.0010269999999999169
1223,P:815,P:872,N,B,PARENT_HBN,PARENT_HBN,B-N,0.1446409347314931,0.144973,0.00033206526850690365
1224,P:815,P:874,N,B,PARENT_HBN,PARENT_HBN,B-N,0.14461673485458001,0.144973,0.0003562651454199761
1225,P:816,P:817,B,N,PARENT_HBN,PARENT_HBN,B-N,0.1459999999999999,0.144973,0.0010269999999999169
1226,P:817,P:874,N,B,PARENT_HBN,PARENT_HBN,B-N,0.14456140563788109,0.144973,0.00041159436211890554
1227,P:817,P:876,N,B,PARENT_HBN,PARENT_HBN,B-N,0.14483438818181277,0.144973,0.00013861181818722312
1228,P:818,P:819,B,N,PARENT_HBN,PARENT_HBN,B-N,0.1459999999999999,0.144973,0.0010269999999999169
1229,P:819,P:876,N,B,PARENT_HBN,PARENT_HBN,B-N,0.1443364125922496,0.144973,0.000636587407750383
1230,P:819,P:878,N,B,PARENT_HBN,PARENT_HBN,B-N,0.14501379244747725,0.144973,4.0792447477261407e-05
1231,P:820,P:821,B,N,PARENT_HBN,PARENT_HBN,B-N,0.1459999999999999,0.144973,0.0010269999999999169
1232,P:821,P:878,N,B,PARENT_HBN,PARENT_HBN,B-N,0.14439182802361086,0.144973,0.0005811719763891277
1233,P:821,P:880,N,B,PARENT_HBN,PARENT_HBN,B-N,0.14433987668000817,0.144973,0.000633123319991824
1234,P:822,P:823,B,N,PARENT_HBN,PARENT_HBN,B-N,0.1459999999999999,0.144973,0.0010269999999999169
1235,P:823,P:880,N,B,PARENT_HBN,PARENT_HBN,B-N,0.1455369368923229,0.144973,0.0005639368923228971
1236,P:823,P:882,N,B,PARENT_HBN,PARENT_HBN,B-N,0.14483438818181293,0.144973,0.0001386118181870566
1237,P:824,P:825,B,N,PARENT_HBN,PARENT_HBN,B-N,0.1459999999999999,0.144973,0.0010269999999999169
1238,P:825,P:882,N,B,PARENT_HBN,PARENT_HBN,B-N,0.14456140563788109,0.144973,0.00041159436211890554
1239,P:825,P:884,N,B,PARENT_HBN,PARENT_HBN,B-N,0.14439182802361084,0.144973,0.0005811719763891554
1240,P:826,P:827,B,N,PARENT_HBN,PARENT_HBN,B-N,0.1459999999999999,0.144973,0.0010269999999999169
1241,P:827,P:884,N,B,PARENT_HBN,PARENT_HBN,B-N,0.14477568856683093,0.144973,0.00019731143316906175
1242,P:827,P:886,N,B,PARENT_HBN,PARENT_HBN,B-N,0.1443779761598008,0.144973,0.0005950238401991881
1243,P:828,P:829,B,N,PARENT_HBN,PARENT_HBN,B-N,0.1459999999999999,0.144973,0.0010269999999999169
1244,P:829,P:886,N,B,PARENT_HBN,PARENT_HBN,B-N,0.1452446212429224,0.144973,0.0002716212429224041
1245,P:829,P:888,N,B,PARENT_HBN,PARENT_HBN,B-N,0.14477568856683093,0.144973,0.00019731143316906175
1246,P:830,P:831,B,N,PARENT_HBN,PARENT_HBN,B-N,0.1459999999999999,0.144973,0.0010269999999999169
1247,P:831,P:888,N,B,PARENT_HBN,PARENT_HBN,B-N,0.14439182802361047,0.144973,0.0005811719763895162
1248,P:831,P:890,N,B,PARENT_HBN,PARENT_HBN,B-N,0.14456140563788109,0.144973,0.00041159436211890554
1249,P:832,P:833,B,N,PARENT_HBN,PARENT_HBN,B-N,0.1459999999999999,0.144973,0.0010269999999999169
1250,P:833,P:890,N,B,PARENT_HBN,PARENT_HBN,B-N,0.14483438818181293,0.144973,0.0001386118181870566
1251,P:833,P:892,N,B,PARENT_HBN,PARENT_HBN,B-N,0.14481022063376636,0.144973,0.00016277936623362854
1252,P:834,P:835,B,N,PARENT_HBN,PARENT_HBN,B-N,0.1459999999999999,0.144973,0.0010269999999999169
1253,P:835,P:892,N,B,PARENT_HBN,PARENT_HBN,B-N,0.145013792447477,0.144973,4.0792447477011606e-05
1254,P:835,P:894,N,B,PARENT_HBN,PARENT_HBN,B-N,0.14377760604489156,0.144973,0.0011953939551084258
1255,P:836,P:837,B,N,PARENT_HBN,PARENT_HBN,B-N,0.1459999999999999,0.144973,0.0010269999999999169
1256,P:837,P:894,N,B,PARENT_HBN,PARENT_HBN,B-N,0.145013792447477,0.144973,4.0792447477011606e-05
1257,P:837,P:896,N,B,PARENT_HBN,PARENT_HBN,B-N,0.14481022063376636,0.144973,0.00016277936623362854
1258,P:838,P:839,B,N,PARENT_HBN,PARENT_HBN,B-N,0.1459999999999999,0.144973,0.0010269999999999169
1259,P:839,P:896,N,B,PARENT_HBN,PARENT_HBN,B-N,0.14483438818181293,0.144973,0.0001386118181870566
1260,P:839,P:898,N,B,PARENT_HBN,PARENT_HBN,B-N,0.14456140563788109,0.144973,0.00041159436211890554
1261,P:840,P:841,B,N,PARENT_HBN,PARENT_HBN,B-N,0.14500000000000046,0.144973,2.700000000047109e-05
1262,P:841,P:900,N,B,PARENT_HBN,PARENT_HBN,B-N,0.1457429243565529,0.144973,0.0007699243565529035
1263,P:841,P:958,N,B,PARENT_HBN,PARENT_HBN,B-N,0.1452756001536388,0.144973,0.0003026001536388101
1264,P:842,P:843,B,N,PARENT_HBN,PARENT_HBN,B-N,0.14500000000000046,0.144973,2.700000000047109e-05
1265,P:843,P:900,N,B,PARENT_HBN,PARENT_HBN,B-N,0.14487926007541566,0.144973,9.373992458433511e-05
1266,P:843,P:902,N,B,PARENT_HBN,PARENT_HBN,B-N,0.1452756001536388,0.144973,0.0003026001536388101
1267,P:844,P:845,B,N,PARENT_HBN,PARENT_HBN,B-N,0.14500000000000046,0.144973,2.700000000047109e-05
1268,P:845,P:902,N,B,PARENT_HBN,PARENT_HBN,B-N,0.14489306401619068,0.144973,7.993598380931499e-05
1269,P:845,P:904,N,B,PARENT_HBN,PARENT_HBN,B-N,0.14506205568652306,0.144973,8.905568652306517e-05
1270,P:846,P:847,B,N,PARENT_HBN,PARENT_HBN,B-N,0.14500000000000046,0.144973,2.700000000047109e-05
1271,P:847,P:904,N,B,PARENT_HBN,PARENT_HBN,B-N,0.14533409785731632,0.144973,0.0003610978573163337
1272,P:847,P:906,N,B,PARENT_HBN,PARENT_HBN,B-N,0.14603424255974998,0.144973,0.0010612425597499864
1273,P:848,P:849,B,N,PARENT_HBN,PARENT_HBN,B-N,0.14500000000000046,0.144973,2.700000000047109e-05
1274,P:849,P:906,N,B,PARENT_HBN,PARENT_HBN,B-N,0.14484129245487934,0.144973,0.00013170754512065175
1275,P:849,P:908,N,B,PARENT_HBN,PARENT_HBN,B-N,0.1448930640161907,0.144973,7.993598380928724e-05
1276,P:850,P:851,B,N,PARENT_HBN,PARENT_HBN,B-N,0.14500000000000046,0.144973,2.700000000047109e-05
1277,P:851,P:908,N,B,PARENT_HBN,PARENT_HBN,B-N,0.14551288602732038,0.144973,0.0005398860273203854
1278,P:851,P:910,N,B,PARENT_HBN,PARENT_HBN,B-N,0.14483784035948627,0.144973,0.0001351596405137212
1279,P:852,P:853,B,N,PARENT_HBN,PARENT_HBN,B-N,0.14500000000000046,0.144973,2.700000000047109e-05
1280,P:853,P:910,N,B,PARENT_HBN,PARENT_HBN,B-N,0.14533409785731613,0.144973,0.0003610978573161394
1281,P:853,P:912,N,B,PARENT_HBN,PARENT_HBN,B-N,0.14506205568652306,0.144973,8.905568652306517e-05
1282,P:854,P:855,B,N,PARENT_HBN,PARENT_HBN,B-N,0.14500000000000046,0.144973,2.700000000047109e-05
1283,P:855,P:912,N,B,PARENT_HBN,PARENT_HBN,B-N,0.14511719401917822,0.144973,0.00014419401917822872
1284,P:855,P:914,N,B,PARENT_HBN,PARENT_HBN,B-N,0.1451413104529512,0.144973,0.00016831045295120917
1285,P:856,P:857,B,N,PARENT_HBN,PARENT_HBN,B-N,0.14500000000000046,0.144973,2.700000000047109e-05
1286,P:857,P:914,N,B,PARENT_HBN,PARENT_HBN,B-N,0.14578751661236258,0.144973,0.0008145166123625924
1287,P:857,P:916,N,B,PARENT_HBN,PARENT_HBN,B-N,0.14492411807563269,0.144973,4.888192436730554e-05
1288,P:858,P:859,B,N,PARENT_HBN,PARENT_HBN,B-N,0.14500000000000046,0.144973,2.700000000047109e-05
1289,P:859,P:916,N,B,PARENT_HBN,PARENT_HBN,B-N,0.1451413104529512,0.144973,0.00016831045295120917
1290,P:859,P:918,N,B,PARENT_HBN,PARENT_HBN,B-N,0.14511719401917858,0.144973,0.00014419401917858954
1291,P:860,P:861,B,N,PARENT_HBN,PARENT_HBN,B-N,0.14500000000000046,0.144973,2.700000000047109e-05
1292,P:861,P:918,N,B,PARENT_HBN,PARENT_HBN,B-N,0.14506205568652306,0.144973,8.905568652306517e-05
1293,P:861,P:920,N,B,PARENT_HBN,PARENT_HBN,B-N,0.14533409785731613,0.144973,0.0003610978573161394
1294,P:862,P:863,B,N,PARENT_HBN,PARENT_HBN,B-N,0.14500000000000046,0.144973,2.700000000047109e-05
1295,P:863,P:920,N,B,PARENT_HBN,PARENT_HBN,B-N,0.14556441872930317,0.144973,0.0005914187293031836
1296,P:863,P:922,N,B,PARENT_HBN,PARENT_HBN,B-N,0.14484129245487956,0.144973,0.0001317075451204297
1297,P:864,P:865,B,N,PARENT_HBN,PARENT_HBN,B-N,0.14500000000000046,0.144973,2.700000000047109e-05
1298,P:865,P:922,N,B,PARENT_HBN,PARENT_HBN,B-N,0.14550257729676103,0.144973,0.0005295772967610357
1299,P:865,P:924,N,B,PARENT_HBN,PARENT_HBN,B-N,0.14484129245487956,0.144973,0.0001317075451204297
1300,P:866,P:867,B,N,PARENT_HBN,PARENT_HBN,B-N,0.14500000000000046,0.144973,2.700000000047109e-05
1301,P:867,P:924,N,B,PARENT_HBN,PARENT_HBN,B-N,0.14556441872930317,0.144973,0.0005914187293031836
1302,P:867,P:926,N,B,PARENT_HBN,PARENT_HBN,B-N,0.14533409785731613,0.144973,0.0003610978573161394
1303,P:868,P:869,B,N,PARENT_HBN,PARENT_HBN,B-N,0.14500000000000046,0.144973,2.700000000047109e-05
1304,P:869,P:926,N,B,PARENT_HBN,PARENT_HBN,B-N,0.14506205568652306,0.144973,8.905568652306517e-05
1305,P:869,P:928,N,B,PARENT_HBN,PARENT_HBN,B-N,0.14511719401917858,0.144973,0.00014419401917858954
1306,P:870,P:871,B,N,PARENT_HBN,PARENT_HBN,B-N,0.14500000000000046,0.144973,2.700000000047109e-05
1307,P:871,P:928,N,B,PARENT_HBN,PARENT_HBN,B-N,0.1451413104529512,0.144973,0.00016831045295120917
1308,P:871,P:930,N,B,PARENT_HBN,PARENT_HBN,B-N,0.14492411807563269,0.144973,4.888192436730554e-05
1309,P:872,P:873,B,N,PARENT_HBN,PARENT_HBN,B-N,0.14500000000000046,0.144973,2.700000000047109e-05
1310,P:873,P:930,N,B,PARENT_HBN,PARENT_HBN,B-N,0.14578751661236258,0.144973,0.0008145166123625924
1311,P:873,P:932,N,B,PARENT_HBN,PARENT_HBN,B-N,0.1451413104529512,0.144973,0.00016831045295120917
1312,P:874,P:875,B,N,PARENT_HBN,PARENT_HBN,B-N,0.14500000000000046,0.144973,2.700000000047109e-05
1313,P:875,P:932,N,B,PARENT_HBN,PARENT_HBN,B-N,0.14511719401917822,0.144973,0.00014419401917822872
1314,P:875,P:934,N,B,PARENT_HBN,PARENT_HBN,B-N,0.14506205568652306,0.144973,8.905568652306517e-05
1315,P:876,P:877,B,N,PARENT_HBN,PARENT_HBN,B-N,0.14500000000000046,0.144973,2.700000000047109e-05
1316,P:877,P:934,N,B,PARENT_HBN,PARENT_HBN,B-N,0.14533409785731613,0.144973,0.0003610978573161394
1317,P:877,P:936,N,B,PARENT_HBN,PARENT_HBN,B-N,0.14483784035948627,0.144973,0.0001351596405137212
1318,P:878,P:879,B,N,PARENT_HBN,PARENT_HBN,B-N,0.14500000000000046,0.144973,2.700000000047109e-05
1319,P:879,P:936,N,B,PARENT_HBN,PARENT_HBN,B-N,0.14551288602732038,0.144973,0.0005398860273203854
1320,P:879,P:938,N,B,PARENT_HBN,PARENT_HBN,B-N,0.1448930640161907,0.144973,7.993598380928724e-05
1321,P:880,P:881,B,N,PARENT_HBN,PARENT_HBN,B-N,0.14500000000000046,0.144973,2.700000000047109e-05
1322,P:881,P:938,N,B,PARENT_HBN,PARENT_HBN,B-N,0.14484129245487934,0.144973,0.00013170754512065175
1323,P:881,P:940,N,B,PARENT_HBN,PARENT_HBN,B-N,0.14603424255974998,0.144973,0.0010612425597499864
1324,P:882,P:883,B,N,PARENT_HBN,PARENT_HBN,B-N,0.14500000000000046,0.144973,2.700000000047109e-05
1325,P:883,P:940,N,B,PARENT_HBN,PARENT_HBN,B-N,0.14533409785731632,0.144973,0.0003610978573163337
1326,P:883,P:942,N,B,PARENT_HBN,PARENT_HBN,B-N,0.14506205568652306,0.144973,8.905568652306517e-05
1327,P:884,P:885,B,N,PARENT_HBN,PARENT_HBN,B-N,0.14500000000000046,0.144973,2.700000000047109e-05
1328,P:885,P:942,N,B,PARENT_HBN,PARENT_HBN,B-N,0.14489306401619068,0.144973,7.993598380931499e-05
1329,P:885,P:944,N,B,PARENT_HBN,PARENT_HBN,B-N,0.1452756001536388,0.144973,0.0003026001536388101
1330,P:886,P:887,B,N,PARENT_HBN,PARENT_HBN,B-N,0.14500000000000046,0.144973,2.700000000047109e-05
1331,P:887,P:944,N,B,PARENT_HBN,PARENT_HBN,B-N,0.14487926007541566,0.144973,9.373992458433511e-05
1332,P:887,P:946,N,B,PARENT_HBN,PARENT_HBN,B-N,0.1457429243565529,0.144973,0.0007699243565529035
1333,P:888,P:889,B,N,PARENT_HBN,PARENT_HBN,B-N,0.14500000000000046,0.144973,2.700000000047109e-05
1334,P:889,P:946,N,B,PARENT_HBN,PARENT_HBN,B-N,0.1452756001536388,0.144973,0.0003026001536388101
1335,P:889,P:948,N,B,PARENT_HBN,PARENT_HBN,B-N,0.14489306401619031,0.144973,7.993598380967581e-05
1336,P:890,P:891,B,N,PARENT_HBN,PARENT_HBN,B-N,0.14500000000000046,0.144973,2.700000000047109e-05
1337,P:891,P:948,N,B,PARENT_HBN,PARENT_HBN,B-N,0.14506205568652306,0.144973,8.905568652306517e-05
1338,P:891,P:950,N,B,PARENT_HBN,PARENT_HBN,B-N,0.14533409785731632,0.144973,0.0003610978573163337
1339,P:892,P:893,B,N,PARENT_HBN,PARENT_HBN,B-N,0.14500000000000046,0.144973,2.700000000047109e-05
1340,P:893,P:950,N,B,PARENT_HBN,PARENT_HBN,B-N,0.14531001341958513,0.144973,0.0003370134195851415
1341,P:893,P:952,N,B,PARENT_HBN,PARENT_HBN,B-N,0.14551288602732013,0.144973,0.0005398860273201356
1342,P:894,P:895,B,N,PARENT_HBN,PARENT_HBN,B-N,0.14500000000000046,0.144973,2.700000000047109e-05
1343,P:895,P:952,N,B,PARENT_HBN,PARENT_HBN,B-N,0.14428097587693242,0.144973,0.0006920241230675694
1344,P:895,P:954,N,B,PARENT_HBN,PARENT_HBN,B-N,0.14551288602732013,0.144973,0.0005398860273201356
1345,P:896,P:897,B,N,PARENT_HBN,PARENT_HBN,B-N,0.14500000000000046,0.144973,2.700000000047109e-05
1346,P:897,P:954,N,B,PARENT_HBN,PARENT_HBN,B-N,0.14531001341958513,0.144973,0.0003370134195851415
1347,P:897,P:956,N,B,PARENT_HBN,PARENT_HBN,B-N,0.14533409785731632,0.144973,0.0003610978573163337
1348,P:898,P:899,B,N,PARENT_HBN,PARENT_HBN,B-N,0.14500000000000046,0.144973,2.700000000047109e-05
1349,P:899,P:956,N,B,PARENT_HBN,PARENT_HBN,B-N,0.14506205568652306,0.144973,8.905568652306517e-05
1350,P:899,P:958,N,B,PARENT_HBN,PARENT_HBN,B-N,0.14489306401619031,0.144973,7.993598380967581e-05
1351,P:900,P:901,B,N,PARENT_HBN,PARENT_HBN,B-N,0.14500000000000046,0.144973,2.700000000047109e-05
1352,P:901,P:960,N,B,PARENT_HBN,PARENT_HBN,B-N,0.1443779761598008,0.144973,0.0005950238401991881
1353,P:901,P:1018,N,B,PARENT_HBN,PARENT_HBN,B-N,0.1452446212429224,0.144973,0.0002716212429224041
1354,P:902,P:903,B,N,PARENT_HBN,PARENT_HBN,B-N,0.14500000000000046,0.144973,2.700000000047109e-05
1355,P:903,P:960,N,B,PARENT_HBN,PARENT_HBN,B-N,0.14477568856683093,0.144973,0.00019731143316906175
1356,P:903,P:962,N,B,PARENT_HBN,PARENT_HBN,B-N,0.14439182802361084,0.144973,0.0005811719763891554
1357,P:904,P:905,B,N,PARENT_HBN,PARENT_HBN,B-N,0.14500000000000046,0.144973,2.700000000047109e-05
1358,P:905,P:962,N,B,PARENT_HBN,PARENT_HBN,B-N,0.14456140563788109,0.144973,0.00041159436211890554
1359,P:905,P:964,N,B,PARENT_HBN,PARENT_HBN,B-N,0.14483438818181293,0.144973,0.0001386118181870566
1360,P:906,P:907,B,N,PARENT_HBN,PARENT_HBN,B-N,0.14500000000000046,0.144973,2.700000000047109e-05
1361,P:907,P:964,N,B,PARENT_HBN,PARENT_HBN,B-N,0.1455369368923229,0.144973,0.0005639368923228971
1362,P:907,P:966,N,B,PARENT_HBN,PARENT_HBN,B-N,0.14433987668000817,0.144973,0.000633123319991824
1363,P:908,P:909,B,N,PARENT_HBN,PARENT_HBN,B-N,0.14500000000000046,0.144973,2.700000000047109e-05
1364,P:909,P:966,N,B,PARENT_HBN,PARENT_HBN,B-N,0.14439182802361086,0.144973,0.0005811719763891277
1365,P:909,P:968,N,B,PARENT_HBN,PARENT_HBN,B-N,0.14501379244747725,0.144973,4.0792447477261407e-05
1366,P:910,P:911,B,N,PARENT_HBN,PARENT_HBN,B-N,0.14500000000000046,0.144973,2.700000000047109e-05
1367,P:911,P:968,N,B,PARENT_HBN,PARENT_HBN,B-N,0.1443364125922496,0.144973,0.000636587407750383
1368,P:911,P:970,N,B,PARENT_HBN,PARENT_HBN,B-N,0.14483438818181277,0.144973,0.00013861181818722312
1369,P:912,P:913,B,N,PARENT_HBN,PARENT_HBN,B-N,0.14500000000000046,0.144973,2.700000000047109e-05
1370,P:913,P:970,N,B,PARENT_HBN,PARENT_HBN,B-N,0.14456140563788109,0.144973,0.00041159436211890554
1371,P:913,P:972,N,B,PARENT_HBN,PARENT_HBN,B-N,0.14461673485458001,0.144973,0.0003562651454199761
1372,P:914,P:915,B,N,PARENT_HBN,PARENT_HBN,B-N,0.14500000000000046,0.144973,2.700000000047109e-05
1373,P:915,P:972,N,B,PARENT_HBN,PARENT_HBN,B-N,0.1446409347314931,0.144973,0.00033206526850690365
1374,P:915,P:974,N,B,PARENT_HBN,PARENT_HBN,B-N,0.14528936643815327,0.144973,0.00031636643815327603
1375,P:916,P:917,B,N,PARENT_HBN,PARENT_HBN,B-N,0.14500000000000046,0.144973,2.700000000047109e-05
1376,P:917,P:974,N,B,PARENT_HBN,PARENT_HBN,B-N,0.14442298985964805,0.144973,0.000550010140351942
1377,P:917,P:976,N,B,PARENT_HBN,PARENT_HBN,B-N,0.1446409347314931,0.144973,0.00033206526850690365
1378,P:918,P:919,B,N,PARENT_HBN,PARENT_HBN,B-N,0.14500000000000046,0.144973,2.700000000047109e-05
1379,P:919,P:976,N,B,PARENT_HBN,PARENT_HBN,B-N,0.14461673485458038,0.144973,0.0003562651454196153
1380,P:919,P:978,N,B,PARENT_HBN,PARENT_HBN,B-N,0.14456140563788109,0.144973,0.00041159436211890554
1381,P:920,P:921,B,N,PARENT_HBN,PARENT_HBN,B-N,0.14500000000000046,0.144973,2.700000000047109e-05
1382,P:921,P:978,N,B,PARENT_HBN,PARENT_HBN,B-N,0.14483438818181277,0.144973,0.00013861181818722312
1383,P:921,P:980,N,B,PARENT_HBN,PARENT_HBN,B-N,0.14506550244630867,0.144973,9.250244630867877e-05
1384,P:922,P:923,B,N,PARENT_HBN,PARENT_HBN,B-N,0.14500000000000046,0.144973,2.700000000047109e-05
1385,P:923,P:980,N,B,PARENT_HBN,PARENT_HBN,B-N,0.1443398766800084,0.144973,0.000633123319991602
1386,P:923,P:982,N,B,PARENT_HBN,PARENT_HBN,B-N,0.14500344823486094,0.144973,3.0448234860952494e-05
1387,P:924,P:925,B,N,PARENT_HBN,PARENT_HBN,B-N,0.14500000000000046,0.144973,2.700000000047109e-05
1388,P:925,P:982,N,B,PARENT_HBN,PARENT_HBN,B-N,0.1443398766800084,0.144973,0.000633123319991602
1389,P:925,P:984,N,B,PARENT_HBN,PARENT_HBN,B-N,0.14506550244630867,0.144973,9.250244630867877e-05
1390,P:926,P:927,B,N,PARENT_HBN,PARENT_HBN,B-N,0.14500000000000046,0.144973,2.700000000047109e-05
1391,P:927,P:984,N,B,PARENT_HBN,PARENT_HBN,B-N,0.14483438818181277,0.144973,0.00013861181818722312
1392,P:927,P:986,N,B,PARENT_HBN,PARENT_HBN,B-N,0.14456140563788109,0.144973,0.00041159436211890554
1393,P:928,P:929,B,N,PARENT_HBN,PARENT_HBN,B-N,0.14500000000000046,0.144973,2.700000000047109e-05
1394,P:929,P:986,N,B,PARENT_HBN,PARENT_HBN,B-N,0.14461673485458038,0.144973,0.0003562651454196153
1395,P:929,P:988,N,B,PARENT_HBN,PARENT_HBN,B-N,0.1446409347314931,0.144973,0.00033206526850690365
1396,P:930,P:931,B,N,PARENT_HBN,PARENT_HBN,B-N,0.14500000000000046,0.144973,2.700000000047109e-05
1397,P:931,P:988,N,B,PARENT_HBN,PARENT_HBN,B-N,0.14442298985964805,0.144973,0.000550010140351942
1398,P:931,P:990,N,B,PARENT_HBN,PARENT_HBN,B-N,0.14528936643815327,0.144973,0.00031636643815327603
1399,P:932,P:933,B,N,PARENT_HBN,PARENT_HBN,B-N,0.14500000000000046,0.144973,2.700000000047109e-05
1400,P:933,P:990,N,B,PARENT_HBN,PARENT_HBN,B-N,0.1446409347314931,0.144973,0.00033206526850690365
1401,P:933,P:992,N,B,PARENT_HBN,PARENT_HBN,B-N,0.14461673485458001,0.144973,0.0003562651454199761
1402,P:934,P:935,B,N,PARENT_HBN,PARENT_HBN,B-N,0.14500000000000046,0.144973,2.700000000047109e-05
1403,P:935,P:992,N,B,PARENT_HBN,PARENT_HBN,B-N,0.14456140563788109,0.144973,0.00041159436211890554
1404,P:935,P:994,N,B,PARENT_HBN,PARENT_HBN,B-N,0.14483438818181277,0.144973,0.00013861181818722312
1405,P:936,P:937,B,N,PARENT_HBN,PARENT_HBN,B-N,0.14500000000000046,0.144973,2.700000000047109e-05
1406,P:937,P:994,N,B,PARENT_HBN,PARENT_HBN,B-N,0.1443364125922496,0.144973,0.000636587407750383
1407,P:937,P:996,N,B,PARENT_HBN,PARENT_HBN,B-N,0.14501379244747725,0.144973,4.0792447477261407e-05
1408,P:938,P:939,B,N,PARENT_HBN,PARENT_HBN,B-N,0.14500000000000046,0.144973,2.700000000047109e-05
1409,P:939,P:996,N,B,PARENT_HBN,PARENT_HBN,B-N,0.14439182802361086,0.144973,0.0005811719763891277
1410,P:939,P:998,N,B,PARENT_HBN,PARENT_HBN,B-N,0.14433987668000817,0.144973,0.000633123319991824
1411,P:940,P:941,B,N,PARENT_HBN,PARENT_HBN,B-N,0.14500000000000046,0.144973,2.700000000047109e-05
1412,P:941,P:998,N,B,PARENT_HBN,PARENT_HBN,B-N,0.1455369368923229,0.144973,0.0005639368923228971
1413,P:941,P:1000,N,B,PARENT_HBN,PARENT_HBN,B-N,0.14483438818181293,0.144973,0.0001386118181870566
1414,P:942,P:943,B,N,PARENT_HBN,PARENT_HBN,B-N,0.14500000000000046,0.144973,2.700000000047109e-05
1415,P:943,P:1000,N,B,PARENT_HBN,PARENT_HBN,B-N,0.14456140563788109,0.144973,0.00041159436211890554
1416,P:943,P:1002,N,B,PARENT_HBN,PARENT_HBN,B-N,0.14439182802361084,0.144973,0.0005811719763891554
1417,P:944,P:945,B,N,PARENT_HBN,PARENT_HBN,B-N,0.14500000000000046,0.144973,2.700000000047109e-05
1418,P:945,P:1002,N,B,PARENT_HBN,PARENT_HBN,B-N,0.14477568856683093,0.144973,0.00019731143316906175
1419,P:945,P:1004,N,B,PARENT_HBN,PARENT_HBN,B-N,0.1443779761598008,0.144973,0.0005950238401991881
1420,P:946,P:947,B,N,PARENT_HBN,PARENT_HBN,B-N,0.14500000000000046,0.144973,2.700000000047109e-05
1421,P:947,P:1004,N,B,PARENT_HBN,PARENT_HBN,B-N,0.1452446212429224,0.144973,0.0002716212429224041
1422,P:947,P:1006,N,B,PARENT_HBN,PARENT_HBN,B-N,0.14477568856683093,0.144973,0.00019731143316906175
1423,P:948,P:949,B,N,PARENT_HBN,PARENT_HBN,B-N,0.14500000000000046,0.144973,2.700000000047109e-05
1424,P:949,P:1006,N,B,PARENT_HBN,PARENT_HBN,B-N,0.14439182802361047,0.144973,0.0005811719763895162
1425,P:949,P:1008,N,B,PARENT_HBN,PARENT_HBN,B-N,0.14456140563788109,0.144973,0.00041159436211890554
1426,P:950,P:951,B,N,PARENT_HBN,PARENT_HBN,B-N,0.14500000000000046,0.144973,2.700000000047109e-05
1427,P:951,P:1008,N,B,PARENT_HBN,PARENT_HBN,B-N,0.14483438818181293,0.144973,0.0001386118181870566
1428,P:951,P:1010,N,B,PARENT_HBN,PARENT_HBN,B-N,0.14481022063376636,0.144973,0.00016277936623362854
1429,P:952,P:953,B,N,PARENT_HBN,PARENT_HBN,B-N,0.14500000000000046,0.144973,2.700000000047109e-05
1430,P:953,P:1010,N,B,PARENT_HBN,PARENT_HBN,B-N,0.145013792447477,0.144973,4.0792447477011606e-05
1431,P:953,P:1012,N,B,PARENT_HBN,PARENT_HBN,B-N,0.14377760604489156,0.144973,0.0011953939551084258
1432,P:954,P:955,B,N,PARENT_HBN,PARENT_HBN,B-N,0.14500000000000046,0.144973,2.700000000047109e-05
1433,P:955,P:1012,N,B,PARENT_HBN,PARENT_HBN,B-N,0.145013792447477,0.144973,4.0792447477011606e-05
1434,P:955,P:1014,N,B,PARENT_HBN,PARENT_HBN,B-N,0.14481022063376636,0.144973,0.00016277936623362854
1435,P:956,P:957,B,N,PARENT_HBN,PARENT_HBN,B-N,0.14500000000000046,0.144973,2.700000000047109e-05
1436,P:957,P:1014,N,B,PARENT_HBN,PARENT_HBN,B-N,0.14483438818181293,0.144973,0.0001386118181870566
1437,P:957,P:1016,N,B,PARENT_HBN,PARENT_HBN,B-N,0.14456140563788109,0.144973,0.00041159436211890554
1438,P:958,P:959,B,N,PARENT_HBN,PARENT_HBN,B-N,0.14500000000000046,0.144973,2.700000000047109e-05
1439,P:959,P:1016,N,B,PARENT_HBN,PARENT_HBN,B-N,0.14439182802361047,0.144973,0.0005811719763895162
1440,P:959,P:1018,N,B,PARENT_HBN,PARENT_HBN,B-N,0.14477568856683093,0.144973,0.00019731143316906175
1441,P:960,P:961,B,N,PARENT_HBN,PARENT_HBN,B-N,0.14499999999999957,0.144973,2.6999999999582913e-05
1442,P:961,P:1020,N,B,PARENT_HBN,PARENT_HBN,B-N,0.14477568856683093,0.144973,0.00019731143316906175
1443,P:961,P:1078,N,B,PARENT_HBN,PARENT_HBN,B-N,0.1443779761598008,0.144973,0.0005950238401991881
1444,P:962,P:963,B,N,PARENT_HBN,PARENT_HBN,B-N,0.14499999999999957,0.144973,2.6999999999582913e-05
1445,P:963,P:1020,N,B,PARENT_HBN,PARENT_HBN,B-N,0.14439182802361084,0.144973,0.0005811719763891554
1446,P:963,P:1022,N,B,PARENT_HBN,PARENT_HBN,B-N,0.14456140563788109,0.144973,0.00041159436211890554
1447,P:964,P:965,B,N,PARENT_HBN,PARENT_HBN,B-N,0.14499999999999957,0.144973,2.6999999999582913e-05
1448,P:965,P:1022,N,B,PARENT_HBN,PARENT_HBN,B-N,0.14483438818181293,0.144973,0.0001386118181870566
1449,P:965,P:1024,N,B,PARENT_HBN,PARENT_HBN,B-N,0.1455369368923229,0.144973,0.0005639368923228971
1450,P:966,P:967,B,N,PARENT_HBN,PARENT_HBN,B-N,0.14499999999999957,0.144973,2.6999999999582913e-05
1451,P:967,P:1024,N,B,PARENT_HBN,PARENT_HBN,B-N,0.14433987668000817,0.144973,0.000633123319991824
1452,P:967,P:1026,N,B,PARENT_HBN,PARENT_HBN,B-N,0.14439182802361086,0.144973,0.0005811719763891277
1453,P:968,P:969,B,N,PARENT_HBN,PARENT_HBN,B-N,0.14499999999999957,0.144973,2.6999999999582913e-05
1454,P:969,P:1026,N,B,PARENT_HBN,PARENT_HBN,B-N,0.14501379244747725,0.144973,4.0792447477261407e-05
1455,P:969,P:1028,N,B,PARENT_HBN,PARENT_HBN,B-N,0.1443364125922496,0.144973,0.000636587407750383
1456,P:970,P:971,B,N,PARENT_HBN,PARENT_HBN,B-N,0.14499999999999957,0.144973,2.6999999999582913e-05
1457,P:971,P:1028,N,B,PARENT_HBN,PARENT_HBN,B-N,0.14483438818181277,0.144973,0.00013861181818722312
1458,P:971,P:1030,N,B,PARENT_HBN,PARENT_HBN,B-N,0.14456140563788109,0.144973,0.00041159436211890554
1459,P:972,P:973,B,N,PARENT_HBN,PARENT_HBN,B-N,0.14499999999999957,0.144973,2.6999999999582913e-05
1460,P:973,P:1030,N,B,PARENT_HBN,PARENT_HBN,B-N,0.14461673485458001,0.144973,0.0003562651454199761
1461,P:973,P:1032,N,B,PARENT_HBN,PARENT_HBN,B-N,0.1446409347314931,0.144973,0.00033206526850690365
1462,P:974,P:975,B,N,PARENT_HBN,PARENT_HBN,B-N,0.14499999999999957,0.144973,2.6999999999582913e-05
1463,P:975,P:1032,N,B,PARENT_HBN,PARENT_HBN,B-N,0.14528936643815327,0.144973,0.00031636643815327603
1464,P:975,P:1034,N,B,PARENT_HBN,PARENT_HBN,B-N,0.14442298985964805,0.144973,0.000550010140351942
1465,P:976,P:977,B,N,PARENT_HBN,PARENT_HBN,B-N,0.14499999999999957,0.144973,2.6999999999582913e-05
1466,P:977,P:1034,N,B,PARENT_HBN,PARENT_HBN,B-N,0.1446409347314931,0.144973,0.00033206526850690365
1467,P:977,P:1036,N,B,PARENT_HBN,PARENT_HBN,B-N,0.14461673485458038,0.144973,0.0003562651454196153
1468,P:978,P:979,B,N,PARENT_HBN,PARENT_HBN,B-N,0.14499999999999957,0.144973,2.6999999999582913e-05
1469,P:979,P:1036,N,B,PARENT_HBN,PARENT_HBN,B-N,0.14456140563788109,0.144973,0.00041159436211890554
1470,P:979,P:1038,N,B,PARENT_HBN,PARENT_HBN,B-N,0.14483438818181277,0.144973,0.00013861181818722312
1471,P:980,P:981,B,N,PARENT_HBN,PARENT_HBN,B-N,0.14499999999999957,0.144973,2.6999999999582913e-05
1472,P:981,P:1038,N,B,PARENT_HBN,PARENT_HBN,B-N,0.14506550244630867,0.144973,9.250244630867877e-05
1473,P:981,P:1040,N,B,PARENT_HBN,PARENT_HBN,B-N,0.1443398766800084,0.144973,0.000633123319991602
1474,P:982,P:983,B,N,PARENT_HBN,PARENT_HBN,B-N,0.14499999999999957,0.144973,2.6999999999582913e-05
1475,P:983,P:1040,N,B,PARENT_HBN,PARENT_HBN,B-N,0.14500344823486094,0.144973,3.0448234860952494e-05
1476,P:983,P:1042,N,B,PARENT_HBN,PARENT_HBN,B-N,0.1443398766800084,0.144973,0.000633123319991602
1477,P:984,P:985,B,N,PARENT_HBN,PARENT_HBN,B-N,0.14499999999999957,0.144973,2.6999999999582913e-05
1478,P:985,P:1042,N,B,PARENT_HBN,PARENT_HBN,B-N,0.14506550244630867,0.144973,9.250244630867877e-05
1479,P:985,P:1044,N,B,PARENT_HBN,PARENT_HBN,B-N,0.14483438818181277,0.144973,0.00013861181818722312
1480,P:986,P:987,B,N,PARENT_HBN,PARENT_HBN,B-N,0.14499999999999957,0.144973,2.6999999999582913e-05
1481,P:987,P:1044,N,B,PARENT_HBN,PARENT_HBN,B-N,0.14456140563788109,0.144973,0.00041159436211890554
1482,P:987,P:1046,N,B,PARENT_HBN,PARENT_HBN,B-N,0.14461673485458038,0.144973,0.0003562651454196153
1483,P:988,P:989,B,N,PARENT_HBN,PARENT_HBN,B-N,0.14499999999999957,0.144973,2.6999999999582913e-05
1484,P:989,P:1046,N,B,PARENT_HBN,PARENT_HBN,B-N,0.1446409347314931,0.144973,0.00033206526850690365
1485,P:989,P:1048,N,B,PARENT_HBN,PARENT_HBN,B-N,0.14442298985964805,0.144973,0.000550010140351942
1486,P:990,P:991,B,N,PARENT_HBN,PARENT_HBN,B-N,0.14499999999999957,0.144973,2.6999999999582913e-05
1487,P:991,P:1048,N,B,PARENT_HBN,PARENT_HBN,B-N,0.14528936643815327,0.144973,0.00031636643815327603
1488,P:991,P:1050,N,B,PARENT_HBN,PARENT_HBN,B-N,0.1446409347314931,0.144973,0.00033206526850690365
1489,P:992,P:993,B,N,PARENT_HBN,PARENT_HBN,B-N,0.14499999999999957,0.144973,2.6999999999582913e-05
1490,P:993,P:1050,N,B,PARENT_HBN,PARENT_HBN,B-N,0.14461673485458001,0.144973,0.0003562651454199761
1491,P:993,P:1052,N,B,PARENT_HBN,PARENT_HBN,B-N,0.14456140563788109,0.144973,0.00041159436211890554
1492,P:994,P:995,B,N,PARENT_HBN,PARENT_HBN,B-N,0.14499999999999957,0.144973,2.6999999999582913e-05
1493,P:995,P:1052,N,B,PARENT_HBN,PARENT_HBN,B-N,0.14483438818181277,0.144973,0.00013861181818722312
1494,P:995,P:1054,N,B,PARENT_HBN,PARENT_HBN,B-N,0.1443364125922496,0.144973,0.000636587407750383
1495,P:996,P:997,B,N,PARENT_HBN,PARENT_HBN,B-N,0.14499999999999957,0.144973,2.6999999999582913e-05
1496,P:997,P:1054,N,B,PARENT_HBN,PARENT_HBN,B-N,0.14501379244747725,0.144973,4.0792447477261407e-05
1497,P:997,P:1056,N,B,PARENT_HBN,PARENT_HBN,B-N,0.14439182802361086,0.144973,0.0005811719763891277
1498,P:998,P:999,B,N,PARENT_HBN,PARENT_HBN,B-N,0.14499999999999957,0.144973,2.6999999999582913e-05
1499,P:999,P:1056,N,B,PARENT_HBN,PARENT_HBN,B-N,0.14433987668000817,0.144973,0.000633123319991824
1500,P:999,P:1058,N,B,PARENT_HBN,PARENT_HBN,B-N,0.1455369368923229,0.144973,0.0005639368923228971
1501,P:1000,P:1001,B,N,PARENT_HBN,PARENT_HBN,B-N,0.14499999999999957,0.144973,2.6999999999582913e-05
1502,P:1001,P:1058,N,B,PARENT_HBN,PARENT_HBN,B-N,0.14483438818181293,0.144973,0.0001386118181870566
1503,P:1001,P:1060,N,B,PARENT_HBN,PARENT_HBN,B-N,0.14456140563788109,0.144973,0.00041159436211890554
1504,P:1002,P:1003,B,N,PARENT_HBN,PARENT_HBN,B-N,0.14499999999999957,0.144973,2.6999999999582913e-05
1505,P:1003,P:1060,N,B,PARENT_HBN,PARENT_HBN,B-N,0.14439182802361084,0.144973,0.0005811719763891554
1506,P:1003,P:1062,N,B,PARENT_HBN,PARENT_HBN,B-N,0.14477568856683093,0.144973,0.00019731143316906175
1507,P:1004,P:1005,B,N,PARENT_HBN,PARENT_HBN,B-N,0.14499999999999957,0.144973,2.6999999999582913e-05
1508,P:1005,P:1062,N,B,PARENT_HBN,PARENT_HBN,B-N,0.1443779761598008,0.144973,0.0005950238401991881
1509,P:1005,P:1064,N,B,PARENT_HBN,PARENT_HBN,B-N,0.1452446212429224,0.144973,0.0002716212429224041
1510,P:1006,P:1007,B,N,PARENT_HBN,PARENT_HBN,B-N,0.14499999999999957,0.144973,2.6999999999582913e-05
1511,P:1007,P:1064,N,B,PARENT_HBN,PARENT_HBN,B-N,0.14477568856683093,0.144973,0.00019731143316906175
1512,P:1007,P:1066,N,B,PARENT_HBN,PARENT_HBN,B-N,0.14439182802361047,0.144973,0.0005811719763895162
1513,P:1008,P:1009,B,N,PARENT_HBN,PARENT_HBN,B-N,0.14499999999999957,0.144973,2.6999999999582913e-05
1514,P:1009,P:1066,N,B,PARENT_HBN,PARENT_HBN,B-N,0.14456140563788109,0.144973,0.00041159436211890554
1515,P:1009,P:1068,N,B,PARENT_HBN,PARENT_HBN,B-N,0.14483438818181293,0.144973,0.0001386118181870566
1516,P:1010,P:1011,B,N,PARENT_HBN,PARENT_HBN,B-N,0.14499999999999957,0.144973,2.6999999999582913e-05
1517,P:1011,P:1068,N,B,PARENT_HBN,PARENT_HBN,B-N,0.14481022063376636,0.144973,0.00016277936623362854
1518,P:1011,P:1070,N,B,PARENT_HBN,PARENT_HBN,B-N,0.145013792447477,0.144973,4.0792447477011606e-05
1519,P:1012,P:1013,B,N,PARENT_HBN,PARENT_HBN,B-N,0.14499999999999957,0.144973,2.6999999999582913e-05
1520,P:1013,P:1070,N,B,PARENT_HBN,PARENT_HBN,B-N,0.14377760604489156,0.144973,0.0011953939551084258
1521,P:1013,P:1072,N,B,PARENT_HBN,PARENT_HBN,B-N,0.145013792447477,0.144973,4.0792447477011606e-05
1522,P:1014,P:1015,B,N,PARENT_HBN,PARENT_HBN,B-N,0.14499999999999957,0.144973,2.6999999999582913e-05
1523,P:1015,P:1072,N,B,PARENT_HBN,PARENT_HBN,B-N,0.14481022063376636,0.144973,0.00016277936623362854
1524,P:1015,P:1074,N,B,PARENT_HBN,PARENT_HBN,B-N,0.14483438818181293,0.144973,0.0001386118181870566
1525,P:1016,P:1017,B,N,PARENT_HBN,PARENT_HBN,B-N,0.14499999999999957,0.144973,2.6999999999582913e-05
1526,P:1017,P:1074,N,B,PARENT_HBN,PARENT_HBN,B-N,0.14456140563788109,0.144973,0.00041159436211890554
1527,P:1017,P:1076,N,B,PARENT_HBN,PARENT_HBN,B-N,0.14439182802361047,0.144973,0.0005811719763895162
1528,P:1018,P:1019,B,N,PARENT_HBN,PARENT_HBN,B-N,0.14499999999999957,0.144973,2.6999999999582913e-05
1529,P:1019,P:1076,N,B,PARENT_HBN,PARENT_HBN,B-N,0.14477568856683093,0.144973,0.00019731143316906175
1530,P:1019,P:1078,N,B,PARENT_HBN,PARENT_HBN,B-N,0.1452446212429224,0.144973,0.0002716212429224041
1531,P:1020,P:1021,B,N,PARENT_HBN,PARENT_HBN,B-N,0.14499999999999957,0.144973,2.6999999999582913e-05
1532,P:1021,P:1080,N,B,PARENT_HBN,PARENT_HBN,B-N,0.14489306401619112,0.144973,7.99359838088709e-05
1533,P:1021,P:1138,N,B,PARENT_HBN,PARENT_HBN,B-N,0.14527560015363924,0.144973,0.0003026001536392542
1534,P:1022,P:1023,B,N,PARENT_HBN,PARENT_HBN,B-N,0.14499999999999957,0.144973,2.6999999999582913e-05
1535,P:1023,P:1080,N,B,PARENT_HBN,PARENT_HBN,B-N,0.14506205568652353,0.144973,8.905568652353701e-05
1536,P:1023,P:1082,N,B,PARENT_HBN,PARENT_HBN,B-N,0.14533409785731677,0.144973,0.0003610978573167778
1537,P:1024,P:1025,B,N,PARENT_HBN,PARENT_HBN,B-N,0.14499999999999957,0.144973,2.6999999999582913e-05
1538,P:1025,P:1082,N,B,PARENT_HBN,PARENT_HBN,B-N,0.14603424255975045,0.144973,0.0010612425597504582
1539,P:1025,P:1084,N,B,PARENT_HBN,PARENT_HBN,B-N,0.14484129245487978,0.144973,0.00013170754512020766
1540,P:1026,P:1027,B,N,PARENT_HBN,PARENT_HBN,B-N,0.14499999999999957,0.144973,2.6999999999582913e-05
1541,P:1027,P:1084,N,B,PARENT_HBN,PARENT_HBN,B-N,0.14489306401619115,0.144973,7.993598380884315e-05
1542,P:1027,P:1086,N,B,PARENT_HBN,PARENT_HBN,B-N,0.14551288602732082,0.144973,0.0005398860273208295
1543,P:1028,P:1029,B,N,PARENT_HBN,PARENT_HBN,B-N,0.14499999999999957,0.144973,2.6999999999582913e-05
1544,P:1029,P:1086,N,B,PARENT_HBN,PARENT_HBN,B-N,0.1448378403594867,0.144973,0.0001351596405132771
1545,P:1029,P:1088,N,B,PARENT_HBN,PARENT_HBN,B-N,0.1453340978573166,0.144973,0.00036109785731661126
1546,P:1030,P:1031,B,N,PARENT_HBN,PARENT_HBN,B-N,0.14499999999999957,0.144973,2.6999999999582913e-05
1547,P:1031,P:1088,N,B,PARENT_HBN,PARENT_HBN,B-N,0.14506205568652353,0.144973,8.905568652353701e-05
1548,P:1031,P:1090,N,B,PARENT_HBN,PARENT_HBN,B-N,0.14511719401917866,0.144973,0.0001441940191786728
1549,P:1032,P:1033,B,N,PARENT_HBN,PARENT_HBN,B-N,0.14499999999999957,0.144973,2.6999999999582913e-05
1550,P:1033,P:1090,N,B,PARENT_HBN,PARENT_HBN,B-N,0.14514131045295164,0.144973,0.00016831045295165326
1551,P:1033,P:1092,N,B,PARENT_HBN,PARENT_HBN,B-N,0.14578751661236306,0.144973,0.0008145166123630643
1552,P:1034,P:1035,B,N,PARENT_HBN,PARENT_HBN,B-N,0.14499999999999957,0.144973,2.6999999999582913e-05
1553,P:1035,P:1092,N,B,PARENT_HBN,PARENT_HBN,B-N,0.14492411807563313,0.144973,4.888192436686145e-05
1554,P:1035,P:1094,N,B,PARENT_HBN,PARENT_HBN,B-N,0.14514131045295164,0.144973,0.00016831045295165326
1555,P:1036,P:1037,B,N,PARENT_HBN,PARENT_HBN,B-N,0.14499999999999957,0.144973,2.6999999999582913e-05
1556,P:1037,P:1094,N,B,PARENT_HBN,PARENT_HBN,B-N,0.14511719401917905,0.144973,0.00014419401917906138
1557,P:1037,P:1096,N,B,PARENT_HBN,PARENT_HBN,B-N,0.14506205568652353,0.144973,8.905568652353701e-05
1558,P:1038,P:1039,B,N,PARENT_HBN,PARENT_HBN,B-N,0.14499999999999957,0.144973,2.6999999999582913e-05
1559,P:1039,P:1096,N,B,PARENT_HBN,PARENT_HBN,B-N,0.1453340978573166,0.144973,0.00036109785731661126
1560,P:1039,P:1098,N,B,PARENT_HBN,PARENT_HBN,B-N,0.14556441872930362,0.144973,0.0005914187293036277
1561,P:1040,P:1041,B,N,PARENT_HBN,PARENT_HBN,B-N,0.14499999999999957,0.144973,2.6999999999582913e-05
1562,P:1041,P:1098,N,B,PARENT_HBN,PARENT_HBN,B-N,0.14484129245488003,0.144973,0.00013170754511995786
1563,P:1041,P:1100,N,B,PARENT_HBN,PARENT_HBN,B-N,0.14550257729676147,0.144973,0.0005295772967614798
1564,P:1042,P:1043,B,N,PARENT_HBN,PARENT_HBN,B-N,0.14499999999999957,0.144973,2.6999999999582913e-05
1565,P:1043,P:1100,N,B,PARENT_HBN,PARENT_HBN,B-N,0.14484129245488003,0.144973,0.00013170754511995786
1566,P:1043,P:1102,N,B,PARENT_HBN,PARENT_HBN,B-N,0.14556441872930362,0.144973,0.0005914187293036277
1567,P:1044,P:1045,B,N,PARENT_HBN,PARENT_HBN,B-N,0.14499999999999957,0.144973,2.6999999999582913e-05
1568,P:1045,P:1102,N,B,PARENT_HBN,PARENT_HBN,B-N,0.1453340978573166,0.144973,0.00036109785731661126
1569,P:1045,P:1104,N,B,PARENT_HBN,PARENT_HBN,B-N,0.14506205568652353,0.144973,8.905568652353701e-05
1570,P:1046,P:1047,B,N,PARENT_HBN,PARENT_HBN,B-N,0.14499999999999957,0.144973,2.6999999999582913e-05
1571,P:1047,P:1104,N,B,PARENT_HBN,PARENT_HBN,B-N,0.14511719401917905,0.144973,0.00014419401917906138
1572,P:1047,P:1106,N,B,PARENT_HBN,PARENT_HBN,B-N,0.14514131045295164,0.144973,0.00016831045295165326
1573,P:1048,P:1049,B,N,PARENT_HBN,PARENT_HBN,B-N,0.14499999999999957,0.144973,2.6999999999582913e-05
1574,P:1049,P:1106,N,B,PARENT_HBN,PARENT_HBN,B-N,0.14492411807563313,0.144973,4.888192436686145e-05
1575,P:1049,P:1108,N,B,PARENT_HBN,PARENT_HBN,B-N,0.14578751661236306,0.144973,0.0008145166123630643
1576,P:1050,P:1051,B,N,PARENT_HBN,PARENT_HBN,B-N,0.14499999999999957,0.144973,2.6999999999582913e-05
1577,P:1051,P:1108,N,B,PARENT_HBN,PARENT_HBN,B-N,0.14514131045295164,0.144973,0.00016831045295165326
1578,P:1051,P:1110,N,B,PARENT_HBN,PARENT_HBN,B-N,0.14511719401917866,0.144973,0.0001441940191786728
1579,P:1052,P:1053,B,N,PARENT_HBN,PARENT_HBN,B-N,0.14499999999999957,0.144973,2.6999999999582913e-05
1580,P:1053,P:1110,N,B,PARENT_HBN,PARENT_HBN,B-N,0.14506205568652353,0.144973,8.905568652353701e-05
1581,P:1053,P:1112,N,B,PARENT_HBN,PARENT_HBN,B-N,0.1453340978573166,0.144973,0.00036109785731661126
1582,P:1054,P:1055,B,N,PARENT_HBN,PARENT_HBN,B-N,0.14499999999999957,0.144973,2.6999999999582913e-05
1583,P:1055,P:1112,N,B,PARENT_HBN,PARENT_HBN,B-N,0.1448378403594867,0.144973,0.0001351596405132771
1584,P:1055,P:1114,N,B,PARENT_HBN,PARENT_HBN,B-N,0.14551288602732082,0.144973,0.0005398860273208295
1585,P:1056,P:1057,B,N,PARENT_HBN,PARENT_HBN,B-N,0.14499999999999957,0.144973,2.6999999999582913e-05
1586,P:1057,P:1114,N,B,PARENT_HBN,PARENT_HBN,B-N,0.14489306401619115,0.144973,7.993598380884315e-05
1587,P:1057,P:1116,N,B,PARENT_HBN,PARENT_HBN,B-N,0.14484129245487978,0.144973,0.00013170754512020766
1588,P:1058,P:1059,B,N,PARENT_HBN,PARENT_HBN,B-N,0.14499999999999957,0.144973,2.6999999999582913e-05
1589,P:1059,P:1116,N,B,PARENT_HBN,PARENT_HBN,B-N,0.14603424255975045,0.144973,0.0010612425597504582
1590,P:1059,P:1118,N,B,PARENT_HBN,PARENT_HBN,B-N,0.14533409785731677,0.144973,0.0003610978573167778
1591,P:1060,P:1061,B,N,PARENT_HBN,PARENT_HBN,B-N,0.14499999999999957,0.144973,2.6999999999582913e-05
1592,P:1061,P:1118,N,B,PARENT_HBN,PARENT_HBN,B-N,0.14506205568652353,0.144973,8.905568652353701e-05
1593,P:1061,P:1120,N,B,PARENT_HBN,PARENT_HBN,B-N,0.14489306401619112,0.144973,7.99359838088709e-05
1594,P:1062,P:1063,B,N,PARENT_HBN,PARENT_HBN,B-N,0.14499999999999957,0.144973,2.6999999999582913e-05
1595,P:1063,P:1120,N,B,PARENT_HBN,PARENT_HBN,B-N,0.14527560015363924,0.144973,0.0003026001536392542
1596,P:1063,P:1122,N,B,PARENT_HBN,PARENT_HBN,B-N,0.1448792600754161,0.144973,9.373992458389102e-05
1597,P:1064,P:1065,B,N,PARENT_HBN,PARENT_HBN,B-N,0.14499999999999957,0.144973,2.6999999999582913e-05
1598,P:1065,P:1122,N,B,PARENT_HBN,PARENT_HBN,B-N,0.14574292435655337,0.144973,0.0007699243565533753
1599,P:1065,P:1124,N,B,PARENT_HBN,PARENT_HBN,B-N,0.14527560015363924,0.144973,0.0003026001536392542
1600,P:1066,P:1067,B,N,PARENT_HBN,PARENT_HBN,B-N,0.14499999999999957,0.144973,2.6999999999582913e-05
1601,P:1067,P:1124,N,B,PARENT_HBN,PARENT_HBN,B-N,0.14489306401619076,0.144973,7.993598380923173e-05
1602,P:1067,P:1126,N,B,PARENT_HBN,PARENT_HBN,B-N,0.14506205568652353,0.144973,8.905568652353701e-05
1603,P:1068,P:1069,B,N,PARENT_HBN,PARENT_HBN,B-N,0.14499999999999957,0.144973,2.6999999999582913e-05
1604,P:1069,P:1126,N,B,PARENT_HBN,PARENT_HBN,B-N,0.14533409785731677,0.144973,0.0003610978573167778
1605,P:1069,P:1128,N,B,PARENT_HBN,PARENT_HBN,B-N,0.14531001341958558,0.144973,0.0003370134195855856
1606,P:1070,P:1071,B,N,PARENT_HBN,PARENT_HBN,B-N,0.14499999999999957,0.144973,2.6999999999582913e-05
1607,P:1071,P:1128,N,B,PARENT_HBN,PARENT_HBN,B-N,0.1455128860273206,0.144973,0.0005398860273206074
1608,P:1071,P:1130,N,B,PARENT_HBN,PARENT_HBN,B-N,0.14428097587693287,0.144973,0.0006920241230671254
1609,P:1072,P:1073,B,N,PARENT_HBN,PARENT_HBN,B-N,0.14499999999999957,0.144973,2.6999999999582913e-05
1610,P:1073,P:1130,N,B,PARENT_HBN,PARENT_HBN,B-N,0.1455128860273206,0.144973,0.0005398860273206074
1611,P:1073,P:1132,N,B,PARENT_HBN,PARENT_HBN,B-N,0.14531001341958558,0.144973,0.0003370134195855856
1612,P:1074,P:1075,B,N,PARENT_HBN,PARENT_HBN,B-N,0.14499999999999957,0.144973,2.6999999999582913e-05
1613,P:1075,P:1132,N,B,PARENT_HBN,PARENT_HBN,B-N,0.14533409785731677,0.144973,0.0003610978573167778
1614,P:1075,P:1134,N,B,PARENT_HBN,PARENT_HBN,B-N,0.14506205568652353,0.144973,8.905568652353701e-05
1615,P:1076,P:1077,B,N,PARENT_HBN,PARENT_HBN,B-N,0.14499999999999957,0.144973,2.6999999999582913e-05
1616,P:1077,P:1134,N,B,PARENT_HBN,PARENT_HBN,B-N,0.14489306401619076,0.144973,7.993598380923173e-05
1617,P:1077,P:1136,N,B,PARENT_HBN,PARENT_HBN,B-N,0.14527560015363924,0.144973,0.0003026001536392542
1618,P:1078,P:1079,B,N,PARENT_HBN,PARENT_HBN,B-N,0.14499999999999957,0.144973,2.6999999999582913e-05
1619,P:1079,P:1136,N,B,PARENT_HBN,PARENT_HBN,B-N,0.14574292435655337,0.144973,0.0007699243565533753
1620,P:1079,P:1138,N,B,PARENT_HBN,PARENT_HBN,B-N,0.1448792600754161,0.144973,9.373992458389102e-05
1621,P:1080,P:1081,B,N,PARENT_HBN,PARENT_HBN,B-N,0.14499999999999957,0.144973,2.6999999999582913e-05
1622,P:1081,P:1140,N,B,PARENT_HBN,PARENT_HBN,B-N,0.14506205568652353,0.144973,8.905568652353701e-05
1623,P:1081,P:1198,N,B,PARENT_HBN,PARENT_HBN,B-N,0.14489306401619112,0.144973,7.99359838088709e-05
1624,P:1082,P:1083,B,N,PARENT_HBN,PARENT_HBN,B-N,0.14499999999999957,0.144973,2.6999999999582913e-05
1625,P:1083,P:1140,N,B,PARENT_HBN,PARENT_HBN,B-N,0.14533409785731677,0.144973,0.0003610978573167778
1626,P:1083,P:1142,N,B,PARENT_HBN,PARENT_HBN,B-N,0.14603424255975045,0.144973,0.0010612425597504582
1627,P:1084,P:1085,B,N,PARENT_HBN,PARENT_HBN,B-N,0.14499999999999957,0.144973,2.6999999999582913e-05
1628,P:1085,P:1142,N,B,PARENT_HBN,PARENT_HBN,B-N,0.14484129245487978,0.144973,0.00013170754512020766
1629,P:1085,P:1144,N,B,PARENT_HBN,PARENT_HBN,B-N,0.14489306401619115,0.144973,7.993598380884315e-05
1630,P:1086,P:1087,B,N,PARENT_HBN,PARENT_HBN,B-N,0.14499999999999957,0.144973,2.6999999999582913e-05
1631,P:1087,P:1144,N,B,PARENT_HBN,PARENT_HBN,B-N,0.14551288602732082,0.144973,0.0005398860273208295
1632,P:1087,P:1146,N,B,PARENT_HBN,PARENT_HBN,B-N,0.1448378403594867,0.144973,0.0001351596405132771
1633,P:1088,P:1089,B,N,PARENT_HBN,PARENT_HBN,B-N,0.14499999999999957,0.144973,2.6999999999582913e-05
1634,P:1089,P:1146,N,B,PARENT_HBN,PARENT_HBN,B-N,0.1453340978573166,0.144973,0.00036109785731661126
1635,P:1089,P:1148,N,B,PARENT_HBN,PARENT_HBN,B-N,0.14506205568652353,0.144973,8.905568652353701e-05
1636,P:1090,P:1091,B,N,PARENT_HBN,PARENT_HBN,B-N,0.14499999999999957,0.144973,2.6999999999582913e-05
1637,P:1091,P:1148,N,B,PARENT_HBN,PARENT_HBN,B-N,0.14511719401917866,0.144973,0.0001441940191786728
1638,P:1091,P:1150,N,B,PARENT_HBN,PARENT_HBN,B-N,0.14514131045295164,0.144973,0.00016831045295165326
1639,P:1092,P:1093,B,N,PARENT_HBN,PARENT_HBN,B-N,0.14499999999999957,0.144973,2.6999999999582913e-05
1640,P:1093,P:1150,N,B,PARENT_HBN,PARENT_HBN,B-N,0.14578751661236306,0.144973,0.0008145166123630643
1641,P:1093,P:1152,N,B,PARENT_HBN,PARENT_HBN,B-N,0.14492411807563313,0.144973,4.888192436686145e-05
1642,P:1094,P:1095,B,N,PARENT_HBN,PARENT_HBN,B-N,0.14499999999999957,0.144973,2.6999999999582913e-05
1643,P:1095,P:1152,N,B,PARENT_HBN,PARENT_HBN,B-N,0.14514131045295164,0.144973,0.00016831045295165326
1644,P:1095,P:1154,N,B,PARENT_HBN,PARENT_HBN,B-N,0.14511719401917905,0.144973,0.00014419401917906138
1645,P:1096,P:1097,B,N,PARENT_HBN,PARENT_HBN,B-N,0.14499999999999957,0.144973,2.6999999999582913e-05
1646,P:1097,P:1154,N,B,PARENT_HBN,PARENT_HBN,B-N,0.14506205568652353,0.144973,8.905568652353701e-05
1647,P:1097,P:1156,N,B,PARENT_HBN,PARENT_HBN,B-N,0.1453340978573166,0.144973,0.00036109785731661126
1648,P:1098,P:1099,B,N,PARENT_HBN,PARENT_HBN,B-N,0.14499999999999957,0.144973,2.6999999999582913e-05
1649,P:1099,P:1156,N,B,PARENT_HBN,PARENT_HBN,B-N,0.14556441872930362,0.144973,0.0005914187293036277
1650,P:1099,P:1158,N,B,PARENT_HBN,PARENT_HBN,B-N,0.14484129245488003,0.144973,0.00013170754511995786
1651,P:1100,P:1101,B,N,PARENT_HBN,PARENT_HBN,B-N,0.14499999999999957,0.144973,2.6999999999582913e-05
1652,P:1101,P:1158,N,B,PARENT_HBN,PARENT_HBN,B-N,0.14550257729676147,0.144973,0.0005295772967614798
1653,P:1101,P:1160,N,B,PARENT_HBN,PARENT_HBN,B-N,0.14484129245488003,0.144973,0.00013170754511995786
1654,P:1102,P:1103,B,N,PARENT_HBN,PARENT_HBN,B-N,0.14499999999999957,0.144973,2.6999999999582913e-05
1655,P:1103,P:1160,N,B,PARENT_HBN,PARENT_HBN,B-N,0.14556441872930362,0.144973,0.0005914187293036277
1656,P:1103,P:1162,N,B,PARENT_HBN,PARENT_HBN,B-N,0.1453340978573166,0.144973,0.00036109785731661126
1657,P:1104,P:1105,B,N,PARENT_HBN,PARENT_HBN,B-N,0.14499999999999957,0.144973,2.6999999999582913e-05
1658,P:1105,P:1162,N,B,PARENT_HBN,PARENT_HBN,B-N,0.14506205568652353,0.144973,8.905568652353701e-05
1659,P:1105,P:1164,N,B,PARENT_HBN,PARENT_HBN,B-N,0.14511719401917905,0.144973,0.00014419401917906138
1660,P:1106,P:1107,B,N,PARENT_HBN,PARENT_HBN,B-N,0.14499999999999957,0.144973,2.6999999999582913e-05
1661,P:1107,P:1164,N,B,PARENT_HBN,PARENT_HBN,B-N,0.14514131045295164,0.144973,0.00016831045295165326
1662,P:1107,P:1166,N,B,PARENT_HBN,PARENT_HBN,B-N,0.14492411807563313,0.144973,4.888192436686145e-05
1663,P:1108,P:1109,B,N,PARENT_HBN,PARENT_HBN,B-N,0.14499999999999957,0.144973,2.6999999999582913e-05
1664,P:1109,P:1166,N,B,PARENT_HBN,PARENT_HBN,B-N,0.14578751661236306,0.144973,0.0008145166123630643
1665,P:1109,P:1168,N,B,PARENT_HBN,PARENT_HBN,B-N,0.14514131045295164,0.144973,0.00016831045295165326
1666,P:1110,P:1111,B,N,PARENT_HBN,PARENT_HBN,B-N,0.14499999999999957,0.144973,2.6999999999582913e-05
1667,P:1111,P:1168,N,B,PARENT_HBN,PARENT_HBN,B-N,0.14511719401917866,0.144973,0.0001441940191786728
1668,P:1111,P:1170,N,B,PARENT_HBN,PARENT_HBN,B-N,0.14506205568652353,0.144973,8.905568652353701e-05
1669,P:1112,P:1113,B,N,PARENT_HBN,PARENT_HBN,B-N,0.14499999999999957,0.144973,2.6999999999582913e-05
1670,P:1113,P:1170,N,B,PARENT_HBN,PARENT_HBN,B-N,0.1453340978573166,0.144973,0.00036109785731661126
1671,P:1113,P:1172,N,B,PARENT_HBN,PARENT_HBN,B-N,0.1448378403594867,0.144973,0.0001351596405132771
1672,P:1114,P:1115,B,N,PARENT_HBN,PARENT_HBN,B-N,0.14499999999999957,0.144973,2.6999999999582913e-05
1673,P:1115,P:1172,N,B,PARENT_HBN,PARENT_HBN,B-N,0.14551288602732082,0.144973,0.0005398860273208295
1674,P:1115,P:1174,N,B,PARENT_HBN,PARENT_HBN,B-N,0.14489306401619115,0.144973,7.993598380884315e-05
1675,P:1116,P:1117,B,N,PARENT_HBN,PARENT_HBN,B-N,0.14499999999999957,0.144973,2.6999999999582913e-05
1676,P:1117,P:1174,N,B,PARENT_HBN,PARENT_HBN,B-N,0.14484129245487978,0.144973,0.00013170754512020766
1677,P:1117,P:1176,N,B,PARENT_HBN,PARENT_HBN,B-N,0.14603424255975045,0.144973,0.0010612425597504582
1678,P:1118,P:1119,B,N,PARENT_HBN,PARENT_HBN,B-N,0.14499999999999957,0.144973,2.6999999999582913e-05
1679,P:1119,P:1176,N,B,PARENT_HBN,PARENT_HBN,B-N,0.14533409785731677,0.144973,0.0003610978573167778
1680,P:1119,P:1178,N,B,PARENT_HBN,PARENT_HBN,B-N,0.14506205568652353,0.144973,8.905568652353701e-05
1681,P:1120,P:1121,B,N,PARENT_HBN,PARENT_HBN,B-N,0.14499999999999957,0.144973,2.6999999999582913e-05
1682,P:1121,P:1178,N,B,PARENT_HBN,PARENT_HBN,B-N,0.14489306401619112,0.144973,7.99359838088709e-05
1683,P:1121,P:1180,N,B,PARENT_HBN,PARENT_HBN,B-N,0.14527560015363924,0.144973,0.0003026001536392542
1684,P:1122,P:1123,B,N,PARENT_HBN,PARENT_HBN,B-N,0.14499999999999957,0.144973,2.6999999999582913e-05
1685,P:1123,P:1180,N,B,PARENT_HBN,PARENT_HBN,B-N,0.1448792600754161,0.144973,9.373992458389102e-05
1686,P:1123,P:1182,N,B,PARENT_HBN,PARENT_HBN,B-N,0.14574292435655337,0.144973,0.0007699243565533753
1687,P:1124,P:1125,B,N,PARENT_HBN,PARENT_HBN,B-N,0.14499999999999957,0.144973,2.6999999999582913e-05
1688,P:1125,P:1182,N,B,PARENT_HBN,PARENT_HBN,B-N,0.14527560015363924,0.144973,0.0003026001536392542
1689,P:1125,P:1184,N,B,PARENT_HBN,PARENT_HBN,B-N,0.14489306401619076,0.144973,7.993598380923173e-05
1690,P:1126,P:1127,B,N,PARENT_HBN,PARENT_HBN,B-N,0.14499999999999957,0.144973,2.6999999999582913e-05
1691,P:1127,P:1184,N,B,PARENT_HBN,PARENT_HBN,B-N,0.14506205568652353,0.144973,8.905568652353701e-05
1692,P:1127,P:1186,N,B,PARENT_HBN,PARENT_HBN,B-N,0.14533409785731677,0.144973,0.0003610978573167778
1693,P:1128,P:1129,B,N,PARENT_HBN,PARENT_HBN,B-N,0.14499999999999957,0.144973,2.6999999999582913e-05
1694,P:1129,P:1186,N,B,PARENT_HBN,PARENT_HBN,B-N,0.14531001341958558,0.144973,0.0003370134195855856
1695,P:1129,P:1188,N,B,PARENT_HBN,PARENT_HBN,B-N,0.1455128860273206,0.144973,0.0005398860273206074
1696,P:1130,P:1131,B,N,PARENT_HBN,PARENT_HBN,B-N,0.14499999999999957,0.144973,2.6999999999582913e-05
1697,P:1131,P:1188,N,B,PARENT_HBN,PARENT_HBN,B-N,0.14428097587693287,0.144973,0.0006920241230671254
1698,P:1131,P:1190,N,B,PARENT_HBN,PARENT_HBN,B-N,0.1455128860273206,0.144973,0.0005398860273206074
1699,P:1132,P:1133,B,N,PARENT_HBN,PARENT_HBN,B-N,0.14499999999999957,0.144973,2.6999999999582913e-05
1700,P:1133,P:1190,N,B,PARENT_HBN,PARENT_HBN,B-N,0.14531001341958558,0.144973,0.0003370134195855856
1701,P:1133,P:1192,N,B,PARENT_HBN,PARENT_HBN,B-N,0.14533409785731677,0.144973,0.0003610978573167778
1702,P:1134,P:1135,B,N,PARENT_HBN,PARENT_HBN,B-N,0.14499999999999957,0.144973,2.6999999999582913e-05
1703,P:1135,P:1192,N,B,PARENT_HBN,PARENT_HBN,B-N,0.14506205568652353,0.144973,8.905568652353701e-05
1704,P:1135,P:1194,N,B,PARENT_HBN,PARENT_HBN,B-N,0.14489306401619076,0.144973,7.993598380923173e-05
1705,P:1136,P:1137,B,N,PARENT_HBN,PARENT_HBN,B-N,0.14499999999999957,0.144973,2.6999999999582913e-05
1706,P:1137,P:1194,N,B,PARENT_HBN,PARENT_HBN,B-N,0.14527560015363924,0.144973,0.0003026001536392542
1707,P:1137,P:1196,N,B,PARENT_HBN,PARENT_HBN,B-N,0.14574292435655337,0.144973,0.0007699243565533753
1708,P:1138,P:1139,B,N,PARENT_HBN,PARENT_HBN,B-N,0.14499999999999957,0.144973,2.6999999999582913e-05
1709,P:1139,P:1196,N,B,PARENT_HBN,PARENT_HBN,B-N,0.1448792600754161,0.144973,9.373992458389102e-05
1710,P:1139,P:1198,N,B,PARENT_HBN,PARENT_HBN,B-N,0.14527560015363924,0.144973,0.0003026001536392542
1711,P:1140,P:1141,B,N,PARENT_HBN,PARENT_HBN,B-N,0.14400000000000013,0.144973,0.0009729999999998629
1712,P:1141,P:1200,N,B,PARENT_HBN,PARENT_HBN,B-N,0.14533409785731632,0.144973,0.0003610978573163337
1713,P:1141,P:1258,N,B,PARENT_HBN,PARENT_HBN,B-N,0.14506205568652306,0.144973,8.905568652306517e-05
1714,P:1142,P:1143,B,N,PARENT_HBN,PARENT_HBN,B-N,0.14400000000000013,0.144973,0.0009729999999998629
1715,P:1143,P:1200,N,B,PARENT_HBN,PARENT_HBN,B-N,0.14603424255974998,0.144973,0.0010612425597499864
1716,P:1143,P:1202,N,B,PARENT_HBN,PARENT_HBN,B-N,0.14484129245487934,0.144973,0.00013170754512065175
1717,P:1144,P:1145,B,N,PARENT_HBN,PARENT_HBN,B-N,0.14400000000000013,0.144973,0.0009729999999998629
1718,P:1145,P:1202,N,B,PARENT_HBN,PARENT_HBN,B-N,0.1448930640161907,0.144973,7.993598380928724e-05
1719,P:1145,P:1204,N,B,PARENT_HBN,PARENT_HBN,B-N,0.14551288602732038,0.144973,0.0005398860273203854
1720,P:1146,P:1147,B,N,PARENT_HBN,PARENT_HBN,B-N,0.14400000000000013,0.144973,0.0009729999999998629
1721,P:1147,P:1204,N,B,PARENT_HBN,PARENT_HBN,B-N,0.14483784035948627,0.144973,0.0001351596405137212
1722,P:1147,P:1206,N,B,PARENT_HBN,PARENT_HBN,B-N,0.14533409785731613,0.144973,0.0003610978573161394
1723,P:1148,P:1149,B,N,PARENT_HBN,PARENT_HBN,B-N,0.14400000000000013,0.144973,0.0009729999999998629
1724,P:1149,P:1206,N,B,PARENT_HBN,PARENT_HBN,B-N,0.14506205568652306,0.144973,8.905568652306517e-05
1725,P:1149,P:1208,N,B,PARENT_HBN,PARENT_HBN,B-N,0.14511719401917822,0.144973,0.00014419401917822872
1726,P:1150,P:1151,B,N,PARENT_HBN,PARENT_HBN,B-N,0.14400000000000013,0.144973,0.0009729999999998629
1727,P:1151,P:1208,N,B,PARENT_HBN,PARENT_HBN,B-N,0.1451413104529512,0.144973,0.00016831045295120917
1728,P:1151,P:1210,N,B,PARENT_HBN,PARENT_HBN,B-N,0.14578751661236258,0.144973,0.0008145166123625924
1729,P:1152,P:1153,B,N,PARENT_HBN,PARENT_HBN,B-N,0.14400000000000013,0.144973,0.0009729999999998629
1730,P:1153,P:1210,N,B,PARENT_HBN,PARENT_HBN,B-N,0.14492411807563269,0.144973,4.888192436730554e-05
1731,P:1153,P:1212,N,B,PARENT_HBN,PARENT_HBN,B-N,0.1451413104529512,0.144973,0.00016831045295120917
1732,P:1154,P:1155,B,N,PARENT_HBN,PARENT_HBN,B-N,0.14400000000000013,0.144973,0.0009729999999998629
1733,P:1155,P:1212,N,B,PARENT_HBN,PARENT_HBN,B-N,0.14511719401917858,0.144973,0.00014419401917858954
1734,P:1155,P:1214,N,B,PARENT_HBN,PARENT_HBN,B-N,0.14506205568652306,0.144973,8.905568652306517e-05
1735,P:1156,P:1157,B,N,PARENT_HBN,PARENT_HBN,B-N,0.14400000000000013,0.144973,0.0009729999999998629
1736,P:1157,P:1214,N,B,PARENT_HBN,PARENT_HBN,B-N,0.14533409785731613,0.144973,0.0003610978573161394
1737,P:1157,P:1216,N,B,PARENT_HBN,PARENT_HBN,B-N,0.14556441872930317,0.144973,0.0005914187293031836
1738,P:1158,P:1159,B,N,PARENT_HBN,PARENT_HBN,B-N,0.14400000000000013,0.144973,0.0009729999999998629
1739,P:1159,P:1216,N,B,PARENT_HBN,PARENT_HBN,B-N,0.14484129245487956,0.144973,0.0001317075451204297
1740,P:1159,P:1218,N,B,PARENT_HBN,PARENT_HBN,B-N,0.14550257729676103,0.144973,0.0005295772967610357
1741,P:1160,P:1161,B,N,PARENT_HBN,PARENT_HBN,B-N,0.14400000000000013,0.144973,0.0009729999999998629
1742,P:1161,P:1218,N,B,PARENT_HBN,PARENT_HBN,B-N,0.14484129245487956,0.144973,0.0001317075451204297
1743,P:1161,P:1220,N,B,PARENT_HBN,PARENT_HBN,B-N,0.14556441872930317,0.144973,0.0005914187293031836
1744,P:1162,P:1163,B,N,PARENT_HBN,PARENT_HBN,B-N,0.14400000000000013,0.144973,0.0009729999999998629
1745,P:1163,P:1220,N,B,PARENT_HBN,PARENT_HBN,B-N,0.14533409785731613,0.144973,0.0003610978573161394
1746,P:1163,P:1222,N,B,PARENT_HBN,PARENT_HBN,B-N,0.14506205568652306,0.144973,8.905568652306517e-05
1747,P:1164,P:1165,B,N,PARENT_HBN,PARENT_HBN,B-N,0.14400000000000013,0.144973,0.0009729999999998629
1748,P:1165,P:1222,N,B,PARENT_HBN,PARENT_HBN,B-N,0.14511719401917858,0.144973,0.00014419401917858954
1749,P:1165,P:1224,N,B,PARENT_HBN,PARENT_HBN,B-N,0.1451413104529512,0.144973,0.00016831045295120917
1750,P:1166,P:1167,B,N,PARENT_HBN,PARENT_HBN,B-N,0.14400000000000013,0.144973,0.0009729999999998629
1751,P:1167,P:1224,N,B,PARENT_HBN,PARENT_HBN,B-N,0.14492411807563269,0.144973,4.888192436730554e-05
1752,P:1167,P:1226,N,B,PARENT_HBN,PARENT_HBN,B-N,0.14578751661236258,0.144973,0.0008145166123625924
1753,P:1168,P:1169,B,N,PARENT_HBN,PARENT_HBN,B-N,0.14400000000000013,0.144973,0.0009729999999998629
1754,P:1169,P:1226,N,B,PARENT_HBN,PARENT_HBN,B-N,0.1451413104529512,0.144973,0.00016831045295120917
1755,P:1169,P:1228,N,B,PARENT_HBN,PARENT_HBN,B-N,0.14511719401917822,0.144973,0.00014419401917822872
1756,P:1170,P:1171,B,N,PARENT_HBN,PARENT_HBN,B-N,0.14400000000000013,0.144973,0.0009729999999998629
1757,P:1171,P:1228,N,B,PARENT_HBN,PARENT_HBN,B-N,0.14506205568652306,0.144973,8.905568652306517e-05
1758,P:1171,P:1230,N,B,PARENT_HBN,PARENT_HBN,B-N,0.14533409785731613,0.144973,0.0003610978573161394
1759,P:1172,P:1173,B,N,PARENT_HBN,PARENT_HBN,B-N,0.14400000000000013,0.144973,0.0009729999999998629
1760,P:1173,P:1230,N,B,PARENT_HBN,PARENT_HBN,B-N,0.14483784035948627,0.144973,0.0001351596405137212
1761,P:1173,P:1232,N,B,PARENT_HBN,PARENT_HBN,B-N,0.14551288602732038,0.144973,0.0005398860273203854
1762,P:1174,P:1175,B,N,PARENT_HBN,PARENT_HBN,B-N,0.14400000000000013,0.144973,0.0009729999999998629
1763,P:1175,P:1232,N,B,PARENT_HBN,PARENT_HBN,B-N,0.1448930640161907,0.144973,7.993598380928724e-05
1764,P:1175,P:1234,N,B,PARENT_HBN,PARENT_HBN,B-N,0.14484129245487934,0.144973,0.00013170754512065175
1765,P:1176,P:1177,B,N,PARENT_HBN,PARENT_HBN,B-N,0.14400000000000013,0.144973,0.0009729999999998629
1766,P:1177,P:1234,N,B,PARENT_HBN,PARENT_HBN,B-N,0.14603424255974998,0.144973,0.0010612425597499864
1767,P:1177,P:1236,N,B,PARENT_HBN,PARENT_HBN,B-N,0.14533409785731632,0.144973,0.0003610978573163337
1768,P:1178,P:1179,B,N,PARENT_HBN,PARENT_HBN,B-N,0.14400000000000013,0.144973,0.0009729999999998629
1769,P:1179,P:1236,N,B,PARENT_HBN,PARENT_HBN,B-N,0.14506205568652306,0.144973,8.905568652306517e-05
1770,P:1179,P:1238,N,B,PARENT_HBN,PARENT_HBN,B-N,0.14489306401619068,0.144973,7.993598380931499e-05
1771,P:1180,P:1181,B,N,PARENT_HBN,PARENT_HBN,B-N,0.14400000000000013,0.144973,0.0009729999999998629
1772,P:1181,P:1238,N,B,PARENT_HBN,PARENT_HBN,B-N,0.1452756001536388,0.144973,0.0003026001536388101
1773,P:1181,P:1240,N,B,PARENT_HBN,PARENT_HBN,B-N,0.14487926007541566,0.144973,9.373992458433511e-05
1774,P:1182,P:1183,B,N,PARENT_HBN,PARENT_HBN,B-N,0.14400000000000013,0.144973,0.0009729999999998629
1775,P:1183,P:1240,N,B,PARENT_HBN,PARENT_HBN,B-N,0.1457429243565529,0.144973,0.0007699243565529035
1776,P:1183,P:1242,N,B,PARENT_HBN,PARENT_HBN,B-N,0.1452756001536388,0.144973,0.0003026001536388101
1777,P:1184,P:1185,B,N,PARENT_HBN,PARENT_HBN,B-N,0.14400000000000013,0.144973,0.0009729999999998629
1778,P:1185,P:1242,N,B,PARENT_HBN,PARENT_HBN,B-N,0.14489306401619031,0.144973,7.993598380967581e-05
1779,P:1185,P:1244,N,B,PARENT_HBN,PARENT_HBN,B-N,0.14506205568652306,0.144973,8.905568652306517e-05
1780,P:1186,P:1187,B,N,PARENT_HBN,PARENT_HBN,B-N,0.14400000000000013,0.144973,0.0009729999999998629
1781,P:1187,P:1244,N,B,PARENT_HBN,PARENT_HBN,B-N,0.14533409785731632,0.144973,0.0003610978573163337
1782,P:1187,P:1246,N,B,PARENT_HBN,PARENT_HBN,B-N,0.14531001341958513,0.144973,0.0003370134195851415
1783,P:1188,P:1189,B,N,PARENT_HBN,PARENT_HBN,B-N,0.14400000000000013,0.144973,0.0009729999999998629
1784,P:1189,P:1246,N,B,PARENT_HBN,PARENT_HBN,B-N,0.14551288602732013,0.144973,0.0005398860273201356
1785,P:1189,P:1248,N,B,PARENT_HBN,PARENT_HBN,B-N,0.14428097587693242,0.144973,0.0006920241230675694
1786,P:1190,P:1191,B,N,PARENT_HBN,PARENT_HBN,B-N,0.14400000000000013,0.144973,0.0009729999999998629
1787,P:1191,P:1248,N,B,PARENT_HBN,PARENT_HBN,B-N,0.14551288602732013,0.144973,0.0005398860273201356
1788,P:1191,P:1250,N,B,PARENT_HBN,PARENT_HBN,B-N,0.14531001341958513,0.144973,0.0003370134195851415
1789,P:1192,P:1193,B,N,PARENT_HBN,PARENT_HBN,B-N,0.14400000000000013,0.144973,0.0009729999999998629
1790,P:1193,P:1250,N,B,PARENT_HBN,PARENT_HBN,B-N,0.14533409785731632,0.144973,0.0003610978573163337
1791,P:1193,P:1252,N,B,PARENT_HBN,PARENT_HBN,B-N,0.14506205568652306,0.144973,8.905568652306517e-05
1792,P:1194,P:1195,B,N,PARENT_HBN,PARENT_HBN,B-N,0.14400000000000013,0.144973,0.0009729999999998629
1793,P:1195,P:1252,N,B,PARENT_HBN,PARENT_HBN,B-N,0.14489306401619031,0.144973,7.993598380967581e-05
1794,P:1195,P:1254,N,B,PARENT_HBN,PARENT_HBN,B-N,0.1452756001536388,0.144973,0.0003026001536388101
1795,P:1196,P:1197,B,N,PARENT_HBN,PARENT_HBN,B-N,0.14400000000000013,0.144973,0.0009729999999998629
1796,P:1197,P:1254,N,B,PARENT_HBN,PARENT_HBN,B-N,0.1457429243565529,0.144973,0.0007699243565529035
1797,P:1197,P:1256,N,B,PARENT_HBN,PARENT_HBN,B-N,0.14487926007541566,0.144973,9.373992458433511e-05
1798,P:1198,P:1199,B,N,PARENT_HBN,PARENT_HBN,B-N,0.14400000000000013,0.144973,0.0009729999999998629
1799,P:1199,P:1256,N,B,PARENT_HBN,PARENT_HBN,B-N,0.1452756001536388,0.144973,0.0003026001536388101
1800,P:1199,P:1258,N,B,PARENT_HBN,PARENT_HBN,B-N,0.14489306401619068,0.144973,7.993598380931499e-05
1801,P:1200,P:1201,B,N,PARENT_HBN,PARENT_HBN,B-N,0.14500000000000046,0.144973,2.700000000047109e-05
1802,P:1201,P:1260,N,B,PARENT_HBN,PARENT_HBN,B-N,0.1455369368923229,0.144973,0.0005639368923228971
1803,P:1201,P:1318,N,B,PARENT_HBN,PARENT_HBN,B-N,0.14483438818181293,0.144973,0.0001386118181870566
1804,P:1202,P:1203,B,N,PARENT_HBN,PARENT_HBN,B-N,0.14500000000000046,0.144973,2.700000000047109e-05
1805,P:1203,P:1260,N,B,PARENT_HBN,PARENT_HBN,B-N,0.14433987668000817,0.144973,0.000633123319991824
1806,P:1203,P:1262,N,B,PARENT_HBN,PARENT_HBN,B-N,0.14439182802361086,0.144973,0.0005811719763891277
1807,P:1204,P:1205,B,N,PARENT_HBN,PARENT_HBN,B-N,0.14500000000000046,0.144973,2.700000000047109e-05
1808,P:1205,P:1262,N,B,PARENT_HBN,PARENT_HBN,B-N,0.14501379244747725,0.144973,4.0792447477261407e-05
1809,P:1205,P:1264,N,B,PARENT_HBN,PARENT_HBN,B-N,0.1443364125922496,0.144973,0.000636587407750383
1810,P:1206,P:1207,B,N,PARENT_HBN,PARENT_HBN,B-N,0.14500000000000046,0.144973,2.700000000047109e-05
1811,P:1207,P:1264,N,B,PARENT_HBN,PARENT_HBN,B-N,0.14483438818181277,0.144973,0.00013861181818722312
1812,P:1207,P:1266,N,B,PARENT_HBN,PARENT_HBN,B-N,0.14456140563788109,0.144973,0.00041159436211890554
1813,P:1208,P:1209,B,N,PARENT_HBN,PARENT_HBN,B-N,0.14500000000000046,0.144973,2.700000000047109e-05
1814,P:1209,P:1266,N,B,PARENT_HBN,PARENT_HBN,B-N,0.14461673485458001,0.144973,0.0003562651454199761
1815,P:1209,P:1268,N,B,PARENT_HBN,PARENT_HBN,B-N,0.1446409347314931,0.144973,0.00033206526850690365
1816,P:1210,P:1211,B,N,PARENT_HBN,PARENT_HBN,B-N,0.14500000000000046,0.144973,2.700000000047109e-05
1817,P:1211,P:1268,N,B,PARENT_HBN,PARENT_HBN,B-N,0.14528936643815327,0.144973,0.00031636643815327603
1818,P:1211,P:1270,N,B,PARENT_HBN,PARENT_HBN,B-N,0.14442298985964805,0.144973,0.000550010140351942
1819,P:1212,P:1213,B,N,PARENT_HBN,PARENT_HBN,B-N,0.14500000000000046,0.144973,2.700000000047109e-05
1820,P:1213,P:1270,N,B,PARENT_HBN,PARENT_HBN,B-N,0.1446409347314931,0.144973,0.00033206526850690365
1821,P:1213,P:1272,N,B,PARENT_HBN,PARENT_HBN,B-N,0.14461673485458038,0.144973,0.0003562651454196153
1822,P:1214,P:1215,B,N,PARENT_HBN,PARENT_HBN,B-N,0.14500000000000046,0.144973,2.700000000047109e-05
1823,P:1215,P:1272,N,B,PARENT_HBN,PARENT_HBN,B-N,0.14456140563788109,0.144973,0.00041159436211890554
1824,P:1215,P:1274,N,B,PARENT_HBN,PARENT_HBN,B-N,0.14483438818181277,0.144973,0.00013861181818722312
1825,P:1216,P:1217,B,N,PARENT_HBN,PARENT_HBN,B-N,0.14500000000000046,0.144973,2.700000000047109e-05
1826,P:1217,P:1274,N,B,PARENT_HBN,PARENT_HBN,B-N,0.14506550244630867,0.144973,9.250244630867877e-05
1827,P:1217,P:1276,N,B,PARENT_HBN,PARENT_HBN,B-N,0.1443398766800084,0.144973,0.000633123319991602
1828,P:1218,P:1219,B,N,PARENT_HBN,PARENT_HBN,B-N,0.14500000000000046,0.144973,2.700000000047109e-05
1829,P:1219,P:1276,N,B,PARENT_HBN,PARENT_HBN,B-N,0.14500344823486094,0.144973,3.0448234860952494e-05
1830,P:1219,P:1278,N,B,PARENT_HBN,PARENT_HBN,B-N,0.1443398766800084,0.144973,0.000633123319991602
1831,P:1220,P:1221,B,N,PARENT_HBN,PARENT_HBN,B-N,0.14500000000000046,0.144973,2.700000000047109e-05
1832,P:1221,P:1278,N,B,PARENT_HBN,PARENT_HBN,B-N,0.14506550244630867,0.144973,9.250244630867877e-05
1833,P:1221,P:1280,N,B,PARENT_HBN,PARENT_HBN,B-N,0.14483438818181277,0.144973,0.00013861181818722312
1834,P:1222,P:1223,B,N,PARENT_HBN,PARENT_HBN,B-N,0.14500000000000046,0.144973,2.700000000047109e-05
1835,P:1223,P:1280,N,B,PARENT_HBN,PARENT_HBN,B-N,0.14456140563788109,0.144973,0.00041159436211890554
1836,P:1223,P:1282,N,B,PARENT_HBN,PARENT_HBN,B-N,0.14461673485458038,0.144973,0.0003562651454196153
1837,P:1224,P:1225,B,N,PARENT_HBN,PARENT_HBN,B-N,0.14500000000000046,0.144973,2.700000000047109e-05
1838,P:1225,P:1282,N,B,PARENT_HBN,PARENT_HBN,B-N,0.1446409347314931,0.144973,0.00033206526850690365
1839,P:1225,P:1284,N,B,PARENT_HBN,PARENT_HBN,B-N,0.14442298985964805,0.144973,0.000550010140351942
1840,P:1226,P:1227,B,N,PARENT_HBN,PARENT_HBN,B-N,0.14500000000000046,0.144973,2.700000000047109e-05
1841,P:1227,P:1284,N,B,PARENT_HBN,PARENT_HBN,B-N,0.14528936643815327,0.144973,0.00031636643815327603
1842,P:1227,P:1286,N,B,PARENT_HBN,PARENT_HBN,B-N,0.1446409347314931,0.144973,0.00033206526850690365
1843,P:1228,P:1229,B,N,PARENT_HBN,PARENT_HBN,B-N,0.14500000000000046,0.144973,2.700000000047109e-05
1844,P:1229,P:1286,N,B,PARENT_HBN,PARENT_HBN,B-N,0.14461673485458001,0.144973,0.0003562651454199761
1845,P:1229,P:1288,N,B,PARENT_HBN,PARENT_HBN,B-N,0.14456140563788109,0.144973,0.00041159436211890554
1846,P:1230,P:1231,B,N,PARENT_HBN,PARENT_HBN,B-N,0.14500000000000046,0.144973,2.700000000047109e-05
1847,P:1231,P:1288,N,B,PARENT_HBN,PARENT_HBN,B-N,0.14483438818181277,0.144973,0.00013861181818722312
1848,P:1231,P:1290,N,B,PARENT_HBN,PARENT_HBN,B-N,0.1443364125922496,0.144973,0.000636587407750383
1849,P:1232,P:1233,B,N,PARENT_HBN,PARENT_HBN,B-N,0.14500000000000046,0.144973,2.700000000047109e-05
1850,P:1233,P:1290,N,B,PARENT_HBN,PARENT_HBN,B-N,0.14501379244747725,0.144973,4.0792447477261407e-05
1851,P:1233,P:1292,N,B,PARENT_HBN,PARENT_HBN,B-N,0.14439182802361086,0.144973,0.0005811719763891277
1852,P:1234,P:1235,B,N,PARENT_HBN,PARENT_HBN,B-N,0.14500000000000046,0.144973,2.700000000047109e-05
1853,P:1235,P:1292,N,B,PARENT_HBN,PARENT_HBN,B-N,0.14433987668000817,0.144973,0.000633123319991824
1854,P:1235,P:1294,N,B,PARENT_HBN,PARENT_HBN,B-N,0.1455369368923229,0.144973,0.0005639368923228971
1855,P:1236,P:1237,B,N,PARENT_HBN,PARENT_HBN,B-N,0.14500000000000046,0.144973,2.700000000047109e-05
1856,P:1237,P:1294,N,B,PARENT_HBN,PARENT_HBN,B-N,0.14483438818181293,0.144973,0.0001386118181870566
1857,P:1237,P:1296,N,B,PARENT_HBN,PARENT_HBN,B-N,0.14456140563788109,0.144973,0.00041159436211890554
1858,P:1238,P:1239,B,N,PARENT_HBN,PARENT_HBN,B-N,0.14500000000000046,0.144973,2.700000000047109e-05
1859,P:1239,P:1296,N,B,PARENT_HBN,PARENT_HBN,B-N,0.14439182802361084,0.144973,0.0005811719763891554
1860,P:1239,P:1298,N,B,PARENT_HBN,PARENT_HBN,B-N,0.14477568856683093,0.144973,0.00019731143316906175
1861,P:1240,P:1241,B,N,PARENT_HBN,PARENT_HBN,B-N,0.14500000000000046,0.144973,2.700000000047109e-05
1862,P:1241,P:1298,N,B,PARENT_HBN,PARENT_HBN,B-N,0.1443779761598008,0.144973,0.0005950238401991881
1863,P:1241,P:1300,N,B,PARENT_HBN,PARENT_HBN,B-N,0.1452446212429224,0.144973,0.0002716212429224041
1864,P:1242,P:1243,B,N,PARENT_HBN,PARENT_HBN,B-N,0.14500000000000046,0.144973,2.700000000047109e-05
1865,P:1243,P:1300,N,B,PARENT_HBN,PARENT_HBN,B-N,0.14477568856683093,0.144973,0.00019731143316906175
1866,P:1243,P:1302,N,B,PARENT_HBN,PARENT_HBN,B-N,0.14439182802361047,0.144973,0.0005811719763895162
1867,P:1244,P:1245,B,N,PARENT_HBN,PARENT_HBN,B-N,0.14500000000000046,0.144973,2.700000000047109e-05
1868,P:1245,P:1302,N,B,PARENT_HBN,PARENT_HBN,B-N,0.14456140563788109,0.144973,0.00041159436211890554
1869,P:1245,P:1304,N,B,PARENT_HBN,PARENT_HBN,B-N,0.14483438818181293,0.144973,0.0001386118181870566
1870,P:1246,P:1247,B,N,PARENT_HBN,PARENT_HBN,B-N,0.14500000000000046,0.144973,2.700000000047109e-05
1871,P:1247,P:1304,N,B,PARENT_HBN,PARENT_HBN,B-N,0.14481022063376636,0.144973,0.00016277936623362854
1872,P:1247,P:1306,N,B,PARENT_HBN,PARENT_HBN,B-N,0.145013792447477,0.144973,4.0792447477011606e-05
1873,P:1248,P:1249,B,N,PARENT_HBN,PARENT_HBN,B-N,0.14500000000000046,0.144973,2.700000000047109e-05
1874,P:1249,P:1306,N,B,PARENT_HBN,PARENT_HBN,B-N,0.14377760604489156,0.144973,0.0011953939551084258
1875,P:1249,P:1308,N,B,PARENT_HBN,PARENT_HBN,B-N,0.145013792447477,0.144973,4.0792447477011606e-05
1876,P:1250,P:1251,B,N,PARENT_HBN,PARENT_HBN,B-N,0.14500000000000046,0.144973,2.700000000047109e-05
1877,P:1251,P:1308,N,B,PARENT_HBN,PARENT_HBN,B-N,0.14481022063376636,0.144973,0.00016277936623362854
1878,P:1251,P:1310,N,B,PARENT_HBN,PARENT_HBN,B-N,0.14483438818181293,0.144973,0.0001386118181870566
1879,P:1252,P:1253,B,N,PARENT_HBN,PARENT_HBN,B-N,0.14500000000000046,0.144973,2.700000000047109e-05
1880,P:1253,P:1310,N,B,PARENT_HBN,PARENT_HBN,B-N,0.14456140563788109,0.144973,0.00041159436211890554
1881,P:1253,P:1312,N,B,PARENT_HBN,PARENT_HBN,B-N,0.14439182802361047,0.144973,0.0005811719763895162
1882,P:1254,P:1255,B,N,PARENT_HBN,PARENT_HBN,B-N,0.14500000000000046,0.144973,2.700000000047109e-05
1883,P:1255,P:1312,N,B,PARENT_HBN,PARENT_HBN,B-N,0.14477568856683093,0.144973,0.00019731143316906175
1884,P:1255,P:1314,N,B,PARENT_HBN,PARENT_HBN,B-N,0.1452446212429224,0.144973,0.0002716212429224041
1885,P:1256,P:1257,B,N,PARENT_HBN,PARENT_HBN,B-N,0.14500000000000046,0.144973,2.700000000047109e-05
1886,P:1257,P:1314,N,B,PARENT_HBN,PARENT_HBN,B-N,0.1443779761598008,0.144973,0.0005950238401991881
1887,P:1257,P:1316,N,B,PARENT_HBN,PARENT_HBN,B-N,0.14477568856683093,0.144973,0.00019731143316906175
1888,P:1258,P:1259,B,N,PARENT_HBN,PARENT_HBN,B-N,0.14500000000000046,0.144973,2.700000000047109e-05
1889,P:1259,P:1316,N,B,PARENT_HBN,PARENT_HBN,B-N,0.14439182802361084,0.144973,0.0005811719763891554
1890,P:1259,P:1318,N,B,PARENT_HBN,PARENT_HBN,B-N,0.14456140563788109,0.144973,0.00041159436211890554
1891,P:1260,P:1261,B,N,PARENT_HBN,PARENT_HBN,B-N,0.1459999999999999,0.144973,0.0010269999999999169
1892,P:1261,P:1320,N,B,PARENT_HBN,PARENT_HBN,B-N,0.14433987668000817,0.144973,0.000633123319991824
1893,P:1261,P:1378,N,B,PARENT_HBN,PARENT_HBN,B-N,0.1455369368923229,0.144973,0.0005639368923228971
1894,P:1262,P:1263,B,N,PARENT_HBN,PARENT_HBN,B-N,0.1459999999999999,0.144973,0.0010269999999999169
1895,P:1263,P:1320,N,B,PARENT_HBN,PARENT_HBN,B-N,0.14439182802361086,0.144973,0.0005811719763891277
1896,P:1263,P:1322,N,B,PARENT_HBN,PARENT_HBN,B-N,0.14501379244747725,0.144973,4.0792447477261407e-05
1897,P:1264,P:1265,B,N,PARENT_HBN,PARENT_HBN,B-N,0.1459999999999999,0.144973,0.0010269999999999169
1898,P:1265,P:1322,N,B,PARENT_HBN,PARENT_HBN,B-N,0.1443364125922496,0.144973,0.000636587407750383
1899,P:1265,P:1324,N,B,PARENT_HBN,PARENT_HBN,B-N,0.14483438818181277,0.144973,0.00013861181818722312
1900,P:1266,P:1267,B,N,PARENT_HBN,PARENT_HBN,B-N,0.1459999999999999,0.144973,0.0010269999999999169
1901,P:1267,P:1324,N,B,PARENT_HBN,PARENT_HBN,B-N,0.14456140563788109,0.144973,0.00041159436211890554
1902,P:1267,P:1326,N,B,PARENT_HBN,PARENT_HBN,B-N,0.14461673485458001,0.144973,0.0003562651454199761
1903,P:1268,P:1269,B,N,PARENT_HBN,PARENT_HBN,B-N,0.1459999999999999,0.144973,0.0010269999999999169
1904,P:1269,P:1326,N,B,PARENT_HBN,PARENT_HBN,B-N,0.1446409347314931,0.144973,0.00033206526850690365
1905,P:1269,P:1328,N,B,PARENT_HBN,PARENT_HBN,B-N,0.14528936643815327,0.144973,0.00031636643815327603
1906,P:1270,P:1271,B,N,PARENT_HBN,PARENT_HBN,B-N,0.1459999999999999,0.144973,0.0010269999999999169
1907,P:1271,P:1328,N,B,PARENT_HBN,PARENT_HBN,B-N,0.14442298985964805,0.144973,0.000550010140351942
1908,P:1271,P:1330,N,B,PARENT_HBN,PARENT_HBN,B-N,0.1446409347314931,0.144973,0.00033206526850690365
1909,P:1272,P:1273,B,N,PARENT_HBN,PARENT_HBN,B-N,0.1459999999999999,0.144973,0.0010269999999999169
1910,P:1273,P:1330,N,B,PARENT_HBN,PARENT_HBN,B-N,0.14461673485458038,0.144973,0.0003562651454196153
1911,P:1273,P:1332,N,B,PARENT_HBN,PARENT_HBN,B-N,0.14456140563788109,0.144973,0.00041159436211890554
1912,P:1274,P:1275,B,N,PARENT_HBN,PARENT_HBN,B-N,0.1459999999999999,0.144973,0.0010269999999999169
1913,P:1275,P:1332,N,B,PARENT_HBN,PARENT_HBN,B-N,0.14483438818181277,0.144973,0.00013861181818722312
1914,P:1275,P:1334,N,B,PARENT_HBN,PARENT_HBN,B-N,0.14506550244630867,0.144973,9.250244630867877e-05
1915,P:1276,P:1277,B,N,PARENT_HBN,PARENT_HBN,B-N,0.1459999999999999,0.144973,0.0010269999999999169
1916,P:1277,P:1334,N,B,PARENT_HBN,PARENT_HBN,B-N,0.1443398766800084,0.144973,0.000633123319991602
1917,P:1277,P:1336,N,B,PARENT_HBN,PARENT_HBN,B-N,0.14500344823486094,0.144973,3.0448234860952494e-05
1918,P:1278,P:1279,B,N,PARENT_HBN,PARENT_HBN,B-N,0.1459999999999999,0.144973,0.0010269999999999169
1919,P:1279,P:1336,N,B,PARENT_HBN,PARENT_HBN,B-N,0.1443398766800084,0.144973,0.000633123319991602
1920,P:1279,P:1338,N,B,PARENT_HBN,PARENT_HBN,B-N,0.14506550244630867,0.144973,9.250244630867877e-05
1921,P:1280,P:1281,B,N,PARENT_HBN,PARENT_HBN,B-N,0.1459999999999999,0.144973,0.0010269999999999169
1922,P:1281,P:1338,N,B,PARENT_HBN,PARENT_HBN,B-N,0.14483438818181277,0.144973,0.00013861181818722312
1923,P:1281,P:1340,N,B,PARENT_HBN,PARENT_HBN,B-N,0.14456140563788109,0.144973,0.00041159436211890554
1924,P:1282,P:1283,B,N,PARENT_HBN,PARENT_HBN,B-N,0.1459999999999999,0.144973,0.0010269999999999169
1925,P:1283,P:1340,N,B,PARENT_HBN,PARENT_HBN,B-N,0.14461673485458038,0.144973,0.0003562651454196153
1926,P:1283,P:1342,N,B,PARENT_HBN,PARENT_HBN,B-N,0.1446409347314931,0.144973,0.00033206526850690365
1927,P:1284,P:1285,B,N,PARENT_HBN,PARENT_HBN,B-N,0.1459999999999999,0.144973,0.0010269999999999169
1928,P:1285,P:1342,N,B,PARENT_HBN,PARENT_HBN,B-N,0.14442298985964805,0.144973,0.000550010140351942
1929,P:1285,P:1344,N,B,PARENT_HBN,PARENT_HBN,B-N,0.14528936643815327,0.144973,0.00031636643815327603
1930,P:1286,P:1287,B,N,PARENT_HBN,PARENT_HBN,B-N,0.1459999999999999,0.144973,0.0010269999999999169
1931,P:1287,P:1344,N,B,PARENT_HBN,PARENT_HBN,B-N,0.1446409347314931,0.144973,0.00033206526850690365
1932,P:1287,P:1346,N,B,PARENT_HBN,PARENT_HBN,B-N,0.14461673485458001,0.144973,0.0003562651454199761
1933,P:1288,P:1289,B,N,PARENT_HBN,PARENT_HBN,B-N,0.1459999999999999,0.144973,0.0010269999999999169
1934,P:1289,P:1346,N,B,PARENT_HBN,PARENT_HBN,B-N,0.14456140563788109,0.144973,0.00041159436211890554
1935,P:1289,P:1348,N,B,PARENT_HBN,PARENT_HBN,B-N,0.14483438818181277,0.144973,0.00013861181818722312
1936,P:1290,P:1291,B,N,PARENT_HBN,PARENT_HBN,B-N,0.1459999999999999,0.144973,0.0010269999999999169
1937,P:1291,P:1348,N,B,PARENT_HBN,PARENT_HBN,B-N,0.1443364125922496,0.144973,0.000636587407750383
1938,P:1291,P:1350,N,B,PARENT_HBN,PARENT_HBN,B-N,0.14501379244747725,0.144973,4.0792447477261407e-05
1939,P:1292,P:1293,B,N,PARENT_HBN,PARENT_HBN,B-N,0.1459999999999999,0.144973,0.0010269999999999169
1940,P:1293,P:1350,N,B,PARENT_HBN,PARENT_HBN,B-N,0.14439182802361086,0.144973,0.0005811719763891277
1941,P:1293,P:1352,N,B,PARENT_HBN,PARENT_HBN,B-N,0.14433987668000817,0.144973,0.000633123319991824
1942,P:1294,P:1295,B,N,PARENT_HBN,PARENT_HBN,B-N,0.1459999999999999,0.144973,0.0010269999999999169
1943,P:1295,P:1352,N,B,PARENT_HBN,PARENT_HBN,B-N,0.1455369368923229,0.144973,0.0005639368923228971
1944,P:1295,P:1354,N,B,PARENT_HBN,PARENT_HBN,B-N,0.14483438818181293,0.144973,0.0001386118181870566
1945,P:1296,P:1297,B,N,PARENT_HBN,PARENT_HBN,B-N,0.1459999999999999,0.144973,0.0010269999999999169
1946,P:1297,P:1354,N,B,PARENT_HBN,PARENT_HBN,B-N,0.14456140563788109,0.144973,0.00041159436211890554
1947,P:1297,P:1356,N,B,PARENT_HBN,PARENT_HBN,B-N,0.14439182802361084,0.144973,0.0005811719763891554
1948,P:1298,P:1299,B,N,PARENT_HBN,PARENT_HBN,B-N,0.1459999999999999,0.144973,0.0010269999999999169
1949,P:1299,P:1356,N,B,PARENT_HBN,PARENT_HBN,B-N,0.14477568856683093,0.144973,0.00019731143316906175
1950,P:1299,P:1358,N,B,PARENT_HBN,PARENT_HBN,B-N,0.1443779761598008,0.144973,0.0005950238401991881
1951,P:1300,P:1301,B,N,PARENT_HBN,PARENT_HBN,B-N,0.1459999999999999,0.144973,0.0010269999999999169
1952,P:1301,P:1358,N,B,PARENT_HBN,PARENT_HBN,B-N,0.1452446212429224,0.144973,0.0002716212429224041
1953,P:1301,P:1360,N,B,PARENT_HBN,PARENT_HBN,B-N,0.14477568856683093,0.144973,0.00019731143316906175
1954,P:1302,P:1303,B,N,PARENT_HBN,PARENT_HBN,B-N,0.1459999999999999,0.144973,0.0010269999999999169
1955,P:1303,P:1360,N,B,PARENT_HBN,PARENT_HBN,B-N,0.14439182802361047,0.144973,0.0005811719763895162
1956,P:1303,P:1362,N,B,PARENT_HBN,PARENT_HBN,B-N,0.14456140563788109,0.144973,0.00041159436211890554
1957,P:1304,P:1305,B,N,PARENT_HBN,PARENT_HBN,B-N,0.1459999999999999,0.144973,0.0010269999999999169
1958,P:1305,P:1362,N,B,PARENT_HBN,PARENT_HBN,B-N,0.14483438818181293,0.144973,0.0001386118181870566
1959,P:1305,P:1364,N,B,PARENT_HBN,PARENT_HBN,B-N,0.14481022063376636,0.144973,0.00016277936623362854
1960,P:1306,P:1307,B,N,PARENT_HBN,PARENT_HBN,B-N,0.1459999999999999,0.144973,0.0010269999999999169
1961,P:1307,P:1364,N,B,PARENT_HBN,PARENT_HBN,B-N,0.145013792447477,0.144973,4.0792447477011606e-05
1962,P:1307,P:1366,N,B,PARENT_HBN,PARENT_HBN,B-N,0.14377760604489156,0.144973,0.0011953939551084258
1963,P:1308,P:1309,B,N,PARENT_HBN,PARENT_HBN,B-N,0.1459999999999999,0.144973,0.0010269999999999169
1964,P:1309,P:1366,N,B,PARENT_HBN,PARENT_HBN,B-N,0.145013792447477,0.144973,4.0792447477011606e-05
1965,P:1309,P:1368,N,B,PARENT_HBN,PARENT_HBN,B-N,0.14481022063376636,0.144973,0.00016277936623362854
1966,P:1310,P:1311,B,N,PARENT_HBN,PARENT_HBN,B-N,0.1459999999999999,0.144973,0.0010269999999999169
1967,P:1311,P:1368,N,B,PARENT_HBN,PARENT_HBN,B-N,0.14483438818181293,0.144973,0.0001386118181870566
1968,P:1311,P:1370,N,B,PARENT_HBN,PARENT_HBN,B-N,0.14456140563788109,0.144973,0.00041159436211890554
1969,P:1312,P:1313,B,N,PARENT_HBN,PARENT_HBN,B-N,0.1459999999999999,0.144973,0.0010269999999999169
1970,P:1313,P:1370,N,B,PARENT_HBN,PARENT_HBN,B-N,0.14439182802361047,0.144973,0.0005811719763895162
1971,P:1313,P:1372,N,B,PARENT_HBN,PARENT_HBN,B-N,0.14477568856683093,0.144973,0.00019731143316906175
1972,P:1314,P:1315,B,N,PARENT_HBN,PARENT_HBN,B-N,0.1459999999999999,0.144973,0.0010269999999999169
1973,P:1315,P:1372,N,B,PARENT_HBN,PARENT_HBN,B-N,0.1452446212429224,0.144973,0.0002716212429224041
1974,P:1315,P:1374,N,B,PARENT_HBN,PARENT_HBN,B-N,0.1443779761598008,0.144973,0.0005950238401991881
1975,P:1316,P:1317,B,N,PARENT_HBN,PARENT_HBN,B-N,0.1459999999999999,0.144973,0.0010269999999999169
1976,P:1317,P:1374,N,B,PARENT_HBN,PARENT_HBN,B-N,0.14477568856683093,0.144973,0.00019731143316906175
1977,P:1317,P:1376,N,B,PARENT_HBN,PARENT_HBN,B-N,0.14439182802361084,0.144973,0.0005811719763891554
1978,P:1318,P:1319,B,N,PARENT_HBN,PARENT_HBN,B-N,0.1459999999999999,0.144973,0.0010269999999999169
1979,P:1319,P:1376,N,B,PARENT_HBN,PARENT_HBN,B-N,0.14456140563788109,0.144973,0.00041159436211890554
1980,P:1319,P:1378,N,B,PARENT_HBN,PARENT_HBN,B-N,0.14483438818181293,0.144973,0.0001386118181870566
1981,P:1320,P:1321,B,N,PARENT_HBN,PARENT_HBN,B-N,0.14499999999999957,0.144973,2.6999999999582913e-05
1982,P:1321,P:1380,N,B,PARENT_HBN,PARENT_HBN,B-N,0.14439182802361086,0.144973,0.0005811719763891277
1983,P:1321,P:1438,N,B,PARENT_HBN,PARENT_HBN,B-N,0.14433987668000817,0.144973,0.000633123319991824
1984,P:1322,P:1323,B,N,PARENT_HBN,PARENT_HBN,B-N,0.14499999999999957,0.144973,2.6999999999582913e-05
1985,P:1323,P:1380,N,B,PARENT_HBN,PARENT_HBN,B-N,0.14501379244747725,0.144973,4.0792447477261407e-05
1986,P:1323,P:1382,N,B,PARENT_HBN,PARENT_HBN,B-N,0.1443364125922496,0.144973,0.000636587407750383
1987,P:1324,P:1325,B,N,PARENT_HBN,PARENT_HBN,B-N,0.14499999999999957,0.144973,2.6999999999582913e-05
1988,P:1325,P:1382,N,B,PARENT_HBN,PARENT_HBN,B-N,0.14483438818181277,0.144973,0.00013861181818722312
1989,P:1325,P:1384,N,B,PARENT_HBN,PARENT_HBN,B-N,0.14456140563788109,0.144973,0.00041159436211890554
1990,P:1326,P:1327,B,N,PARENT_HBN,PARENT_HBN,B-N,0.14499999999999957,0.144973,2.6999999999582913e-05
1991,P:1327,P:1384,N,B,PARENT_HBN,PARENT_HBN,B-N,0.14461673485458001,0.144973,0.0003562651454199761
1992,P:1327,P:1386,N,B,PARENT_HBN,PARENT_HBN,B-N,0.1446409347314931,0.144973,0.00033206526850690365
1993,P:1328,P:1329,B,N,PARENT_HBN,PARENT_HBN,B-N,0.14499999999999957,0.144973,2.6999999999582913e-05
1994,P:1329,P:1386,N,B,PARENT_HBN,PARENT_HBN,B-N,0.14528936643815327,0.144973,0.00031636643815327603
1995,P:1329,P:1388,N,B,PARENT_HBN,PARENT_HBN,B-N,0.14442298985964805,0.144973,0.000550010140351942
1996,P:1330,P:1331,B,N,PARENT_HBN,PARENT_HBN,B-N,0.14499999999999957,0.144973,2.6999999999582913e-05
1997,P:1331,P:1388,N,B,PARENT_HBN,PARENT_HBN,B-N,0.1446409347314931,0.144973,0.00033206526850690365
1998,P:1331,P:1390,N,B,PARENT_HBN,PARENT_HBN,B-N,0.14461673485458038,0.144973,0.0003562651454196153
1999,P:1332,P:1333,B,N,PARENT_HBN,PARENT_HBN,B-N,0.14499999999999957,0.144973,2.6999999999582913e-05
2000,P:1333,P:1390,N,B,PARENT_HBN,PARENT_HBN,B-N,0.14456140563788109,0.144973,0.00041159436211890554
2001,P:1333,P:1392,N,B,PARENT_HBN,PARENT_HBN,B-N,0.14483438818181277,0.144973,0.00013861181818722312
2002,P:1334,P:1335,B,N,PARENT_HBN,PARENT_HBN,B-N,0.14499999999999957,0.144973,2.6999999999582913e-05
2003,P:1335,P:1392,N,B,PARENT_HBN,PARENT_HBN,B-N,0.14506550244630867,0.144973,9.250244630867877e-05
2004,P:1335,P:1394,N,B,PARENT_HBN,PARENT_HBN,B-N,0.1443398766800084,0.144973,0.000633123319991602
2005,P:1336,P:1337,B,N,PARENT_HBN,PARENT_HBN,B-N,0.14499999999999957,0.144973,2.6999999999582913e-05
2006,P:1337,P:1394,N,B,PARENT_HBN,PARENT_HBN,B-N,0.14500344823486094,0.144973,3.0448234860952494e-05
2007,P:1337,P:1396,N,B,PARENT_HBN,PARENT_HBN,B-N,0.1443398766800084,0.144973,0.000633123319991602
2008,P:1338,P:1339,B,N,PARENT_HBN,PARENT_HBN,B-N,0.14499999999999957,0.144973,2.6999999999582913e-05
2009,P:1339,P:1396,N,B,PARENT_HBN,PARENT_HBN,B-N,0.14506550244630867,0.144973,9.250244630867877e-05
2010,P:1339,P:1398,N,B,PARENT_HBN,PARENT_HBN,B-N,0.14483438818181277,0.144973,0.00013861181818722312
2011,P:1340,P:1341,B,N,PARENT_HBN,PARENT_HBN,B-N,0.14499999999999957,0.144973,2.6999999999582913e-05
2012,P:1341,P:1398,N,B,PARENT_HBN,PARENT_HBN,B-N,0.14456140563788109,0.144973,0.00041159436211890554
2013,P:1341,P:1400,N,B,PARENT_HBN,PARENT_HBN,B-N,0.14461673485458038,0.144973,0.0003562651454196153
2014,P:1342,P:1343,B,N,PARENT_HBN,PARENT_HBN,B-N,0.14499999999999957,0.144973,2.6999999999582913e-05
2015,P:1343,P:1400,N,B,PARENT_HBN,PARENT_HBN,B-N,0.1446409347314931,0.144973,0.00033206526850690365
2016,P:1343,P:1402,N,B,PARENT_HBN,PARENT_HBN,B-N,0.14442298985964805,0.144973,0.000550010140351942
2017,P:1344,P:1345,B,N,PARENT_HBN,PARENT_HBN,B-N,0.14499999999999957,0.144973,2.6999999999582913e-05
2018,P:1345,P:1402,N,B,PARENT_HBN,PARENT_HBN,B-N,0.14528936643815327,0.144973,0.00031636643815327603
2019,P:1345,P:1404,N,B,PARENT_HBN,PARENT_HBN,B-N,0.1446409347314931,0.144973,0.00033206526850690365
2020,P:1346,P:1347,B,N,PARENT_HBN,PARENT_HBN,B-N,0.14499999999999957,0.144973,2.6999999999582913e-05
2021,P:1347,P:1404,N,B,PARENT_HBN,PARENT_HBN,B-N,0.14461673485458001,0.144973,0.0003562651454199761
2022,P:1347,P:1406,N,B,PARENT_HBN,PARENT_HBN,B-N,0.14456140563788109,0.144973,0.00041159436211890554
2023,P:1348,P:1349,B,N,PARENT_HBN,PARENT_HBN,B-N,0.14499999999999957,0.144973,2.6999999999582913e-05
2024,P:1349,P:1406,N,B,PARENT_HBN,PARENT_HBN,B-N,0.14483438818181277,0.144973,0.00013861181818722312
2025,P:1349,P:1408,N,B,PARENT_HBN,PARENT_HBN,B-N,0.1443364125922496,0.144973,0.000636587407750383
2026,P:1350,P:1351,B,N,PARENT_HBN,PARENT_HBN,B-N,0.14499999999999957,0.144973,2.6999999999582913e-05
2027,P:1351,P:1408,N,B,PARENT_HBN,PARENT_HBN,B-N,0.14501379244747725,0.144973,4.0792447477261407e-05
2028,P:1351,P:1410,N,B,PARENT_HBN,PARENT_HBN,B-N,0.14439182802361086,0.144973,0.0005811719763891277
2029,P:1352,P:1353,B,N,PARENT_HBN,PARENT_HBN,B-N,0.14499999999999957,0.144973,2.6999999999582913e-05
2030,P:1353,P:1410,N,B,PARENT_HBN,PARENT_HBN,B-N,0.14433987668000817,0.144973,0.000633123319991824
2031,P:1353,P:1412,N,B,PARENT_HBN,PARENT_HBN,B-N,0.1455369368923229,0.144973,0.0005639368923228971
2032,P:1354,P:1355,B,N,PARENT_HBN,PARENT_HBN,B-N,0.14499999999999957,0.144973,2.6999999999582913e-05
2033,P:1355,P:1412,N,B,PARENT_HBN,PARENT_HBN,B-N,0.14483438818181293,0.144973,0.0001386118181870566
2034,P:1355,P:1414,N,B,PARENT_HBN,PARENT_HBN,B-N,0.14456140563788109,0.144973,0.00041159436211890554
2035,P:1356,P:1357,B,N,PARENT_HBN,PARENT_HBN,B-N,0.14499999999999957,0.144973,2.6999999999582913e-05
2036,P:1357,P:1414,N,B,PARENT_HBN,PARENT_HBN,B-N,0.14439182802361084,0.144973,0.0005811719763891554
2037,P:1357,P:1416,N,B,PARENT_HBN,PARENT_HBN,B-N,0.14477568856683093,0.144973,0.00019731143316906175
2038,P:1358,P:1359,B,N,PARENT_HBN,PARENT_HBN,B-N,0.14499999999999957,0.144973,2.6999999999582913e-05
2039,P:1359,P:1416,N,B,PARENT_HBN,PARENT_HBN,B-N,0.1443779761598008,0.144973,0.0005950238401991881
2040,P:1359,P:1418,N,B,PARENT_HBN,PARENT_HBN,B-N,0.1452446212429224,0.144973,0.0002716212429224041
2041,P:1360,P:1361,B,N,PARENT_HBN,PARENT_HBN,B-N,0.14499999999999957,0.144973,2.6999999999582913e-05
2042,P:1361,P:1418,N,B,PARENT_HBN,PARENT_HBN,B-N,0.14477568856683093,0.144973,0.00019731143316906175
2043,P:1361,P:1420,N,B,PARENT_HBN,PARENT_HBN,B-N,0.14439182802361047,0.144973,0.0005811719763895162
2044,P:1362,P:1363,B,N,PARENT_HBN,PARENT_HBN,B-N,0.14499999999999957,0.144973,2.6999999999582913e-05
2045,P:1363,P:1420,N,B,PARENT_HBN,PARENT_HBN,B-N,0.14456140563788109,0.144973,0.00041159436211890554
2046,P:1363,P:1422,N,B,PARENT_HBN,PARENT_HBN,B-N,0.14483438818181293,0.144973,0.0001386118181870566
2047,P:1364,P:1365,B,N,PARENT_HBN,PARENT_HBN,B-N,0.14499999999999957,0.144973,2.6999999999582913e-05
2048,P:1365,P:1422,N,B,PARENT_HBN,PARENT_HBN,B-N,0.14481022063376636,0.144973,0.00016277936623362854
2049,P:1365,P:1424,N,B,PARENT_HBN,PARENT_HBN,B-N,0.145013792447477,0.144973,4.0792447477011606e-05
2050,P:1366,P:1367,B,N,PARENT_HBN,PARENT_HBN,B-N,0.14499999999999957,0.144973,2.6999999999582913e-05
2051,P:1367,P:1424,N,B,PARENT_HBN,PARENT_HBN,B-N,0.14377760604489156,0.144973,0.0011953939551084258
2052,P:1367,P:1426,N,B,PARENT_HBN,PARENT_HBN,B-N,0.145013792447477,0.144973,4.0792447477011606e-05
2053,P:1368,P:1369,B,N,PARENT_HBN,PARENT_HBN,B-N,0.14499999999999957,0.144973,2.6999999999582913e-05
2054,P:1369,P:1426,N,B,PARENT_HBN,PARENT_HBN,B-N,0.14481022063376636,0.144973,0.00016277936623362854
2055,P:1369,P:1428,N,B,PARENT_HBN,PARENT_HBN,B-N,0.14483438818181293,0.144973,0.0001386118181870566
2056,P:1370,P:1371,B,N,PARENT_HBN,PARENT_HBN,B-N,0.14499999999999957,0.144973,2.6999999999582913e-05
2057,P:1371,P:1428,N,B,PARENT_HBN,PARENT_HBN,B-N,0.14456140563788109,0.144973,0.00041159436211890554
2058,P:1371,P:1430,N,B,PARENT_HBN,PARENT_HBN,B-N,0.14439182802361047,0.144973,0.0005811719763895162
2059,P:1372,P:1373,B,N,PARENT_HBN,PARENT_HBN,B-N,0.14499999999999957,0.144973,2.6999999999582913e-05
2060,P:1373,P:1430,N,B,PARENT_HBN,PARENT_HBN,B-N,0.14477568856683093,0.144973,0.00019731143316906175
2061,P:1373,P:1432,N,B,PARENT_HBN,PARENT_HBN,B-N,0.1452446212429224,0.144973,0.0002716212429224041
2062,P:1374,P:1375,B,N,PARENT_HBN,PARENT_HBN,B-N,0.14499999999999957,0.144973,2.6999999999582913e-05
2063,P:1375,P:1432,N,B,PARENT_HBN,PARENT_HBN,B-N,0.1443779761598008,0.144973,0.0005950238401991881
2064,P:1375,P:1434,N,B,PARENT_HBN,PARENT_HBN,B-N,0.14477568856683093,0.144973,0.00019731143316906175
2065,P:1376,P:1377,B,N,PARENT_HBN,PARENT_HBN,B-N,0.14499999999999957,0.144973,2.6999999999582913e-05
2066,P:1377,P:1434,N,B,PARENT_HBN,PARENT_HBN,B-N,0.14439182802361084,0.144973,0.0005811719763891554
2067,P:1377,P:1436,N,B,PARENT_HBN,PARENT_HBN,B-N,0.14456140563788109,0.144973,0.00041159436211890554
2068,P:1378,P:1379,B,N,PARENT_HBN,PARENT_HBN,B-N,0.14499999999999957,0.144973,2.6999999999582913e-05
2069,P:1379,P:1436,N,B,PARENT_HBN,PARENT_HBN,B-N,0.14483438818181293,0.144973,0.0001386118181870566
2070,P:1379,P:1438,N,B,PARENT_HBN,PARENT_HBN,B-N,0.1455369368923229,0.144973,0.0005639368923228971
2071,P:1380,P:1381,B,N,PARENT_HBN,PARENT_HBN,B-N,0.14500000000000046,0.144973,2.700000000047109e-05
2072,P:1381,P:1440,N,B,PARENT_HBN,PARENT_HBN,B-N,0.14551288602732038,0.144973,0.0005398860273203854
2073,P:1381,P:1498,N,B,PARENT_HBN,PARENT_HBN,B-N,0.1448930640161907,0.144973,7.993598380928724e-05
2074,P:1382,P:1383,B,N,PARENT_HBN,PARENT_HBN,B-N,0.14500000000000046,0.144973,2.700000000047109e-05
2075,P:1383,P:1440,N,B,PARENT_HBN,PARENT_HBN,B-N,0.14483784035948627,0.144973,0.0001351596405137212
2076,P:1383,P:1442,N,B,PARENT_HBN,PARENT_HBN,B-N,0.14533409785731613,0.144973,0.0003610978573161394
2077,P:1384,P:1385,B,N,PARENT_HBN,PARENT_HBN,B-N,0.14500000000000046,0.144973,2.700000000047109e-05
2078,P:1385,P:1442,N,B,PARENT_HBN,PARENT_HBN,B-N,0.14506205568652306,0.144973,8.905568652306517e-05
2079,P:1385,P:1444,N,B,PARENT_HBN,PARENT_HBN,B-N,0.14511719401917822,0.144973,0.00014419401917822872
2080,P:1386,P:1387,B,N,PARENT_HBN,PARENT_HBN,B-N,0.14500000000000046,0.144973,2.700000000047109e-05
2081,P:1387,P:1444,N,B,PARENT_HBN,PARENT_HBN,B-N,0.1451413104529512,0.144973,0.00016831045295120917
2082,P:1387,P:1446,N,B,PARENT_HBN,PARENT_HBN,B-N,0.14578751661236258,0.144973,0.0008145166123625924
2083,P:1388,P:1389,B,N,PARENT_HBN,PARENT_HBN,B-N,0.14500000000000046,0.144973,2.700000000047109e-05
2084,P:1389,P:1446,N,B,PARENT_HBN,PARENT_HBN,B-N,0.14492411807563269,0.144973,4.888192436730554e-05
2085,P:1389,P:1448,N,B,PARENT_HBN,PARENT_HBN,B-N,0.1451413104529512,0.144973,0.00016831045295120917
2086,P:1390,P:1391,B,N,PARENT_HBN,PARENT_HBN,B-N,0.14500000000000046,0.144973,2.700000000047109e-05
2087,P:1391,P:1448,N,B,PARENT_HBN,PARENT_HBN,B-N,0.14511719401917858,0.144973,0.00014419401917858954
2088,P:1391,P:1450,N,B,PARENT_HBN,PARENT_HBN,B-N,0.14506205568652306,0.144973,8.905568652306517e-05
2089,P:1392,P:1393,B,N,PARENT_HBN,PARENT_HBN,B-N,0.14500000000000046,0.144973,2.700000000047109e-05
2090,P:1393,P:1450,N,B,PARENT_HBN,PARENT_HBN,B-N,0.14533409785731613,0.144973,0.0003610978573161394
2091,P:1393,P:1452,N,B,PARENT_HBN,PARENT_HBN,B-N,0.14556441872930317,0.144973,0.0005914187293031836
2092,P:1394,P:1395,B,N,PARENT_HBN,PARENT_HBN,B-N,0.14500000000000046,0.144973,2.700000000047109e-05
2093,P:1395,P:1452,N,B,PARENT_HBN,PARENT_HBN,B-N,0.14484129245487956,0.144973,0.0001317075451204297
2094,P:1395,P:1454,N,B,PARENT_HBN,PARENT_HBN,B-N,0.14550257729676103,0.144973,0.0005295772967610357
2095,P:1396,P:1397,B,N,PARENT_HBN,PARENT_HBN,B-N,0.14500000000000046,0.144973,2.700000000047109e-05
2096,P:1397,P:1454,N,B,PARENT_HBN,PARENT_HBN,B-N,0.14484129245487956,0.144973,0.0001317075451204297
2097,P:1397,P:1456,N,B,PARENT_HBN,PARENT_HBN,B-N,0.14556441872930317,0.144973,0.0005914187293031836
2098,P:1398,P:1399,B,N,PARENT_HBN,PARENT_HBN,B-N,0.14500000000000046,0.144973,2.700000000047109e-05
2099,P:1399,P:1456,N,B,PARENT_HBN,PARENT_HBN,B-N,0.14533409785731613,0.144973,0.0003610978573161394
2100,P:1399,P:1458,N,B,PARENT_HBN,PARENT_HBN,B-N,0.14506205568652306,0.144973,8.905568652306517e-05
2101,P:1400,P:1401,B,N,PARENT_HBN,PARENT_HBN,B-N,0.14500000000000046,0.144973,2.700000000047109e-05
2102,P:1401,P:1458,N,B,PARENT_HBN,PARENT_HBN,B-N,0.14511719401917858,0.144973,0.00014419401917858954
2103,P:1401,P:1460,N,B,PARENT_HBN,PARENT_HBN,B-N,0.1451413104529512,0.144973,0.00016831045295120917
2104,P:1402,P:1403,B,N,PARENT_HBN,PARENT_HBN,B-N,0.14500000000000046,0.144973,2.700000000047109e-05
2105,P:1403,P:1460,N,B,PARENT_HBN,PARENT_HBN,B-N,0.14492411807563269,0.144973,4.888192436730554e-05
2106,P:1403,P:1462,N,B,PARENT_HBN,PARENT_HBN,B-N,0.14578751661236258,0.144973,0.0008145166123625924
2107,P:1404,P:1405,B,N,PARENT_HBN,PARENT_HBN,B-N,0.14500000000000046,0.144973,2.700000000047109e-05
2108,P:1405,P:1462,N,B,PARENT_HBN,PARENT_HBN,B-N,0.1451413104529512,0.144973,0.00016831045295120917
2109,P:1405,P:1464,N,B,PARENT_HBN,PARENT_HBN,B-N,0.14511719401917822,0.144973,0.00014419401917822872
2110,P:1406,P:1407,B,N,PARENT_HBN,PARENT_HBN,B-N,0.14500000000000046,0.144973,2.700000000047109e-05
2111,P:1407,P:1464,N,B,PARENT_HBN,PARENT_HBN,B-N,0.14506205568652306,0.144973,8.905568652306517e-05
2112,P:1407,P:1466,N,B,PARENT_HBN,PARENT_HBN,B-N,0.14533409785731613,0.144973,0.0003610978573161394
2113,P:1408,P:1409,B,N,PARENT_HBN,PARENT_HBN,B-N,0.14500000000000046,0.144973,2.700000000047109e-05
2114,P:1409,P:1466,N,B,PARENT_HBN,PARENT_HBN,B-N,0.14483784035948627,0.144973,0.0001351596405137212
2115,P:1409,P:1468,N,B,PARENT_HBN,PARENT_HBN,B-N,0.14551288602732038,0.144973,0.0005398860273203854
2116,P:1410,P:1411,B,N,PARENT_HBN,PARENT_HBN,B-N,0.14500000000000046,0.144973,2.700000000047109e-05
2117,P:1411,P:1468,N,B,PARENT_HBN,PARENT_HBN,B-N,0.1448930640161907,0.144973,7.993598380928724e-05
2118,P:1411,P:1470,N,B,PARENT_HBN,PARENT_HBN,B-N,0.14484129245487934,0.144973,0.00013170754512065175
2119,P:1412,P:1413,B,N,PARENT_HBN,PARENT_HBN,B-N,0.14500000000000046,0.144973,2.700000000047109e-05
2120,P:1413,P:1470,N,B,PARENT_HBN,PARENT_HBN,B-N,0.14603424255974998,0.144973,0.0010612425597499864
2121,P:1413,P:1472,N,B,PARENT_HBN,PARENT_HBN,B-N,0.14533409785731632,0.144973,0.0003610978573163337
2122,P:1414,P:1415,B,N,PARENT_HBN,PARENT_HBN,B-N,0.14500000000000046,0.144973,2.700000000047109e-05
2123,P:1415,P:1472,N,B,PARENT_HBN,PARENT_HBN,B-N,0.14506205568652306,0.144973,8.905568652306517e-05
2124,P:1415,P:1474,N,B,PARENT_HBN,PARENT_HBN,B-N,0.14489306401619068,0.144973,7.993598380931499e-05
2125,P:1416,P:1417,B,N,PARENT_HBN,PARENT_HBN,B-N,0.14500000000000046,0.144973,2.700000000047109e-05
2126,P:1417,P:1474,N,B,PARENT_HBN,PARENT_HBN,B-N,0.1452756001536388,0.144973,0.0003026001536388101
2127,P:1417,P:1476,N,B,PARENT_HBN,PARENT_HBN,B-N,0.14487926007541566,0.144973,9.373992458433511e-05
2128,P:1418,P:1419,B,N,PARENT_HBN,PARENT_HBN,B-N,0.14500000000000046,0.144973,2.700000000047109e-05
2129,P:1419,P:1476,N,B,PARENT_HBN,PARENT_HBN,B-N,0.1457429243565529,0.144973,0.0007699243565529035
2130,P:1419,P:1478,N,B,PARENT_HBN,PARENT_HBN,B-N,0.1452756001536388,0.144973,0.0003026001536388101
2131,P:1420,P:1421,B,N,PARENT_HBN,PARENT_HBN,B-N,0.14500000000000046,0.144973,2.700000000047109e-05
2132,P:1421,P:1478,N,B,PARENT_HBN,PARENT_HBN,B-N,0.14489306401619031,0.144973,7.993598380967581e-05
2133,P:1421,P:1480,N,B,PARENT_HBN,PARENT_HBN,B-N,0.14506205568652306,0.144973,8.905568652306517e-05
2134,P:1422,P:1423,B,N,PARENT_HBN,PARENT_HBN,B-N,0.14500000000000046,0.144973,2.700000000047109e-05
2135,P:1423,P:1480,N,B,PARENT_HBN,PARENT_HBN,B-N,0.14533409785731632,0.144973,0.0003610978573163337
2136,P:1423,P:1482,N,B,PARENT_HBN,PARENT_HBN,B-N,0.14531001341958513,0.144973,0.0003370134195851415
2137,P:1424,P:1425,B,N,PARENT_HBN,PARENT_HBN,B-N,0.14500000000000046,0.144973,2.700000000047109e-05
2138,P:1425,P:1482,N,B,PARENT_HBN,PARENT_HBN,B-N,0.14551288602732013,0.144973,0.0005398860273201356
2139,P:1425,P:1484,N,B,PARENT_HBN,PARENT_HBN,B-N,0.14428097587693242,0.144973,0.0006920241230675694
2140,P:1426,P:1427,B,N,PARENT_HBN,PARENT_HBN,B-N,0.14500000000000046,0.144973,2.700000000047109e-05
2141,P:1427,P:1484,N,B,PARENT_HBN,PARENT_HBN,B-N,0.14551288602732013,0.144973,0.0005398860273201356
2142,P:1427,P:1486,N,B,PARENT_HBN,PARENT_HBN,B-N,0.14531001341958513,0.144973,0.0003370134195851415
2143,P:1428,P:1429,B,N,PARENT_HBN,PARENT_HBN,B-N,0.14500000000000046,0.144973,2.700000000047109e-05
2144,P:1429,P:1486,N,B,PARENT_HBN,PARENT_HBN,B-N,0.14533409785731632,0.144973,0.0003610978573163337
2145,P:1429,P:1488,N,B,PARENT_HBN,PARENT_HBN,B-N,0.14506205568652306,0.144973,8.905568652306517e-05
2146,P:1430,P:1431,B,N,PARENT_HBN,PARENT_HBN,B-N,0.14500000000000046,0.144973,2.700000000047109e-05
2147,P:1431,P:1488,N,B,PARENT_HBN,PARENT_HBN,B-N,0.14489306401619031,0.144973,7.993598380967581e-05
2148,P:1431,P:1490,N,B,PARENT_HBN,PARENT_HBN,B-N,0.1452756001536388,0.144973,0.0003026001536388101
2149,P:1432,P:1433,B,N,PARENT_HBN,PARENT_HBN,B-N,0.14500000000000046,0.144973,2.700000000047109e-05
2150,P:1433,P:1490,N,B,PARENT_HBN,PARENT_HBN,B-N,0.1457429243565529,0.144973,0.0007699243565529035
2151,P:1433,P:1492,N,B,PARENT_HBN,PARENT_HBN,B-N,0.14487926007541566,0.144973,9.373992458433511e-05
2152,P:1434,P:1435,B,N,PARENT_HBN,PARENT_HBN,B-N,0.14500000000000046,0.144973,2.700000000047109e-05
2153,P:1435,P:1492,N,B,PARENT_HBN,PARENT_HBN,B-N,0.1452756001536388,0.144973,0.0003026001536388101
2154,P:1435,P:1494,N,B,PARENT_HBN,PARENT_HBN,B-N,0.14489306401619068,0.144973,7.993598380931499e-05
2155,P:1436,P:1437,B,N,PARENT_HBN,PARENT_HBN,B-N,0.14500000000000046,0.144973,2.700000000047109e-05
2156,P:1437,P:1494,N,B,PARENT_HBN,PARENT_HBN,B-N,0.14506205568652306,0.144973,8.905568652306517e-05
2157,P:1437,P:1496,N,B,PARENT_HBN,PARENT_HBN,B-N,0.14533409785731632,0.144973,0.0003610978573163337
2158,P:1438,P:1439,B,N,PARENT_HBN,PARENT_HBN,B-N,0.14500000000000046,0.144973,2.700000000047109e-05
2159,P:1439,P:1496,N,B,PARENT_HBN,PARENT_HBN,B-N,0.14603424255974998,0.144973,0.0010612425597499864
2160,P:1439,P:1498,N,B,PARENT_HBN,PARENT_HBN,B-N,0.14484129245487934,0.144973,0.00013170754512065175
2161,P:1440,P:1441,B,N,PARENT_HBN,PARENT_HBN,B-N,0.14500000000000046,0.144973,2.700000000047109e-05
2162,P:1441,P:1500,N,B,PARENT_HBN,PARENT_HBN,B-N,0.14483784035948627,0.144973,0.0001351596405137212
2163,P:1441,P:1558,N,B,PARENT_HBN,PARENT_HBN,B-N,0.14551288602732038,0.144973,0.0005398860273203854
2164,P:1442,P:1443,B,N,PARENT_HBN,PARENT_HBN,B-N,0.14500000000000046,0.144973,2.700000000047109e-05
2165,P:1443,P:1500,N,B,PARENT_HBN,PARENT_HBN,B-N,0.14533409785731613,0.144973,0.0003610978573161394
2166,P:1443,P:1502,N,B,PARENT_HBN,PARENT_HBN,B-N,0.14506205568652306,0.144973,8.905568652306517e-05
2167,P:1444,P:1445,B,N,PARENT_HBN,PARENT_HBN,B-N,0.14500000000000046,0.144973,2.700000000047109e-05
2168,P:1445,P:1502,N,B,PARENT_HBN,PARENT_HBN,B-N,0.14511719401917822,0.144973,0.00014419401917822872
2169,P:1445,P:1504,N,B,PARENT_HBN,PARENT_HBN,B-N,0.1451413104529512,0.144973,0.00016831045295120917
2170,P:1446,P:1447,B,N,PARENT_HBN,PARENT_HBN,B-N,0.14500000000000046,0.144973,2.700000000047109e-05
2171,P:1447,P:1504,N,B,PARENT_HBN,PARENT_HBN,B-N,0.14578751661236258,0.144973,0.0008145166123625924
2172,P:1447,P:1506,N,B,PARENT_HBN,PARENT_HBN,B-N,0.14492411807563269,0.144973,4.888192436730554e-05
2173,P:1448,P:1449,B,N,PARENT_HBN,PARENT_HBN,B-N,0.14500000000000046,0.144973,2.700000000047109e-05
2174,P:1449,P:1506,N,B,PARENT_HBN,PARENT_HBN,B-N,0.1451413104529512,0.144973,0.00016831045295120917
2175,P:1449,P:1508,N,B,PARENT_HBN,PARENT_HBN,B-N,0.14511719401917858,0.144973,0.00014419401917858954
2176,P:1450,P:1451,B,N,PARENT_HBN,PARENT_HBN,B-N,0.14500000000000046,0.144973,2.700000000047109e-05
2177,P:1451,P:1508,N,B,PARENT_HBN,PARENT_HBN,B-N,0.14506205568652306,0.144973,8.905568652306517e-05
2178,P:1451,P:1510,N,B,PARENT_HBN,PARENT_HBN,B-N,0.14533409785731613,0.144973,0.0003610978573161394
2179,P:1452,P:1453,B,N,PARENT_HBN,PARENT_HBN,B-N,0.14500000000000046,0.144973,2.700000000047109e-05
2180,P:1453,P:1510,N,B,PARENT_HBN,PARENT_HBN,B-N,0.14556441872930317,0.144973,0.0005914187293031836
2181,P:1453,P:1512,N,B,PARENT_HBN,PARENT_HBN,B-N,0.14484129245487956,0.144973,0.0001317075451204297
2182,P:1454,P:1455,B,N,PARENT_HBN,PARENT_HBN,B-N,0.14500000000000046,0.144973,2.700000000047109e-05
2183,P:1455,P:1512,N,B,PARENT_HBN,PARENT_HBN,B-N,0.14550257729676103,0.144973,0.0005295772967610357
2184,P:1455,P:1514,N,B,PARENT_HBN,PARENT_HBN,B-N,0.14484129245487956,0.144973,0.0001317075451204297
2185,P:1456,P:1457,B,N,PARENT_HBN,PARENT_HBN,B-N,0.14500000000000046,0.144973,2.700000000047109e-05
2186,P:1457,P:1514,N,B,PARENT_HBN,PARENT_HBN,B-N,0.14556441872930317,0.144973,0.0005914187293031836
2187,P:1457,P:1516,N,B,PARENT_HBN,PARENT_HBN,B-N,0.14533409785731613,0.144973,0.0003610978573161394
2188,P:1458,P:1459,B,N,PARENT_HBN,PARENT_HBN,B-N,0.14500000000000046,0.144973,2.700000000047109e-05
2189,P:1459,P:1516,N,B,PARENT_HBN,PARENT_HBN,B-N,0.14506205568652306,0.144973,8.905568652306517e-05
2190,P:1459,P:1518,N,B,PARENT_HBN,PARENT_HBN,B-N,0.14511719401917858,0.144973,0.00014419401917858954
2191,P:1460,P:1461,B,N,PARENT_HBN,PARENT_HBN,B-N,0.14500000000000046,0.144973,2.700000000047109e-05
2192,P:1461,P:1518,N,B,PARENT_HBN,PARENT_HBN,B-N,0.1451413104529512,0.144973,0.00016831045295120917
2193,P:1461,P:1520,N,B,PARENT_HBN,PARENT_HBN,B-N,0.14492411807563269,0.144973,4.888192436730554e-05
2194,P:1462,P:1463,B,N,PARENT_HBN,PARENT_HBN,B-N,0.14500000000000046,0.144973,2.700000000047109e-05
2195,P:1463,P:1520,N,B,PARENT_HBN,PARENT_HBN,B-N,0.14578751661236258,0.144973,0.0008145166123625924
2196,P:1463,P:1522,N,B,PARENT_HBN,PARENT_HBN,B-N,0.1451413104529512,0.144973,0.00016831045295120917
2197,P:1464,P:1465,B,N,PARENT_HBN,PARENT_HBN,B-N,0.14500000000000046,0.144973,2.700000000047109e-05
2198,P:1465,P:1522,N,B,PARENT_HBN,PARENT_HBN,B-N,0.14511719401917822,0.144973,0.00014419401917822872
2199,P:1465,P:1524,N,B,PARENT_HBN,PARENT_HBN,B-N,0.14506205568652306,0.144973,8.905568652306517e-05
2200,P:1466,P:1467,B,N,PARENT_HBN,PARENT_HBN,B-N,0.14500000000000046,0.144973,2.700000000047109e-05
2201,P:1467,P:1524,N,B,PARENT_HBN,PARENT_HBN,B-N,0.14533409785731613,0.144973,0.0003610978573161394
2202,P:1467,P:1526,N,B,PARENT_HBN,PARENT_HBN,B-N,0.14483784035948627,0.144973,0.0001351596405137212
2203,P:1468,P:1469,B,N,PARENT_HBN,PARENT_HBN,B-N,0.14500000000000046,0.144973,2.700000000047109e-05
2204,P:1469,P:1526,N,B,PARENT_HBN,PARENT_HBN,B-N,0.14551288602732038,0.144973,0.0005398860273203854
2205,P:1469,P:1528,N,B,PARENT_HBN,PARENT_HBN,B-N,0.1448930640161907,0.144973,7.993598380928724e-05
2206,P:1470,P:1471,B,N,PARENT_HBN,PARENT_HBN,B-N,0.14500000000000046,0.144973,2.700000000047109e-05
2207,P:1471,P:1528,N,B,PARENT_HBN,PARENT_HBN,B-N,0.14484129245487934,0.144973,0.00013170754512065175
2208,P:1471,P:1530,N,B,PARENT_HBN,PARENT_HBN,B-N,0.14603424255974998,0.144973,0.0010612425597499864
2209,P:1472,P:1473,B,N,PARENT_HBN,PARENT_HBN,B-N,0.14500000000000046,0.144973,2.700000000047109e-05
2210,P:1473,P:1530,N,B,PARENT_HBN,PARENT_HBN,B-N,0.14533409785731632,0.144973,0.0003610978573163337
2211,P:1473,P:1532,N,B,PARENT_HBN,PARENT_HBN,B-N,0.14506205568652306,0.144973,8.905568652306517e-05
2212,P:1474,P:1475,B,N,PARENT_HBN,PARENT_HBN,B-N,0.14500000000000046,0.144973,2.700000000047109e-05
2213,P:1475,P:1532,N,B,PARENT_HBN,PARENT_HBN,B-N,0.14489306401619068,0.144973,7.993598380931499e-05
2214,P:1475,P:1534,N,B,PARENT_HBN,PARENT_HBN,B-N,0.1452756001536388,0.144973,0.0003026001536388101
2215,P:1476,P:1477,B,N,PARENT_HBN,PARENT_HBN,B-N,0.14500000000000046,0.144973,2.700000000047109e-05
2216,P:1477,P:1534,N,B,PARENT_HBN,PARENT_HBN,B-N,0.14487926007541566,0.144973,9.373992458433511e-05
2217,P:1477,P:1536,N,B,PARENT_HBN,PARENT_HBN,B-N,0.1457429243565529,0.144973,0.0007699243565529035
2218,P:1478,P:1479,B,N,PARENT_HBN,PARENT_HBN,B-N,0.14500000000000046,0.144973,2.700000000047109e-05
2219,P:1479,P:1536,N,B,PARENT_HBN,PARENT_HBN,B-N,0.1452756001536388,0.144973,0.0003026001536388101
2220,P:1479,P:1538,N,B,PARENT_HBN,PARENT_HBN,B-N,0.14489306401619031,0.144973,7.993598380967581e-05
2221,P:1480,P:1481,B,N,PARENT_HBN,PARENT_HBN,B-N,0.14500000000000046,0.144973,2.700000000047109e-05
2222,P:1481,P:1538,N,B,PARENT_HBN,PARENT_HBN,B-N,0.14506205568652306,0.144973,8.905568652306517e-05
2223,P:1481,P:1540,N,B,PARENT_HBN,PARENT_HBN,B-N,0.14533409785731632,0.144973,0.0003610978573163337
2224,P:1482,P:1483,B,N,PARENT_HBN,PARENT_HBN,B-N,0.14500000000000046,0.144973,2.700000000047109e-05
2225,P:1483,P:1540,N,B,PARENT_HBN,PARENT_HBN,B-N,0.14531001341958513,0.144973,0.0003370134195851415
2226,P:1483,P:1542,N,B,PARENT_HBN,PARENT_HBN,B-N,0.14551288602732013,0.144973,0.0005398860273201356
2227,P:1484,P:1485,B,N,PARENT_HBN,PARENT_HBN,B-N,0.14500000000000046,0.144973,2.700000000047109e-05
2228,P:1485,P:1542,N,B,PARENT_HBN,PARENT_HBN,B-N,0.14428097587693242,0.144973,0.0006920241230675694
2229,P:1485,P:1544,N,B,PARENT_HBN,PARENT_HBN,B-N,0.14551288602732013,0.144973,0.0005398860273201356
2230,P:1486,P:1487,B,N,PARENT_HBN,PARENT_HBN,B-N,0.14500000000000046,0.144973,2.700000000047109e-05
2231,P:1487,P:1544,N,B,PARENT_HBN,PARENT_HBN,B-N,0.14531001341958513,0.144973,0.0003370134195851415
2232,P:1487,P:1546,N,B,PARENT_HBN,PARENT_HBN,B-N,0.14533409785731632,0.144973,0.0003610978573163337
2233,P:1488,P:1489,B,N,PARENT_HBN,PARENT_HBN,B-N,0.14500000000000046,0.144973,2.700000000047109e-05
2234,P:1489,P:1546,N,B,PARENT_HBN,PARENT_HBN,B-N,0.14506205568652306,0.144973,8.905568652306517e-05
2235,P:1489,P:1548,N,B,PARENT_HBN,PARENT_HBN,B-N,0.14489306401619031,0.144973,7.993598380967581e-05
2236,P:1490,P:1491,B,N,PARENT_HBN,PARENT_HBN,B-N,0.14500000000000046,0.144973,2.700000000047109e-05
2237,P:1491,P:1548,N,B,PARENT_HBN,PARENT_HBN,B-N,0.1452756001536388,0.144973,0.0003026001536388101
2238,P:1491,P:1550,N,B,PARENT_HBN,PARENT_HBN,B-N,0.1457429243565529,0.144973,0.0007699243565529035
2239,P:1492,P:1493,B,N,PARENT_HBN,PARENT_HBN,B-N,0.14500000000000046,0.144973,2.700000000047109e-05
2240,P:1493,P:1550,N,B,PARENT_HBN,PARENT_HBN,B-N,0.14487926007541566,0.144973,9.373992458433511e-05
2241,P:1493,P:1552,N,B,PARENT_HBN,PARENT_HBN,B-N,0.1452756001536388,0.144973,0.0003026001536388101
2242,P:1494,P:1495,B,N,PARENT_HBN,PARENT_HBN,B-N,0.14500000000000046,0.144973,2.700000000047109e-05
2243,P:1495,P:1552,N,B,PARENT_HBN,PARENT_HBN,B-N,0.14489306401619068,0.144973,7.993598380931499e-05
2244,P:1495,P:1554,N,B,PARENT_HBN,PARENT_HBN,B-N,0.14506205568652306,0.144973,8.905568652306517e-05
2245,P:1496,P:1497,B,N,PARENT_HBN,PARENT_HBN,B-N,0.14500000000000046,0.144973,2.700000000047109e-05
2246,P:1497,P:1554,N,B,PARENT_HBN,PARENT_HBN,B-N,0.14533409785731632,0.144973,0.0003610978573163337
2247,P:1497,P:1556,N,B,PARENT_HBN,PARENT_HBN,B-N,0.14603424255974998,0.144973,0.0010612425597499864
2248,P:1498,P:1499,B,N,PARENT_HBN,PARENT_HBN,B-N,0.14500000000000046,0.144973,2.700000000047109e-05
2249,P:1499,P:1556,N,B,PARENT_HBN,PARENT_HBN,B-N,0.14484129245487934,0.144973,0.00013170754512065175
2250,P:1499,P:1558,N,B,PARENT_HBN,PARENT_HBN,B-N,0.1448930640161907,0.144973,7.993598380928724e-05
2251,P:1500,P:1501,B,N,PARENT_HBN,PARENT_HBN,B-N,0.14500000000000046,0.144973,2.700000000047109e-05
2252,P:1501,P:1560,N,B,PARENT_HBN,PARENT_HBN,B-N,0.14483438818181277,0.144973,0.00013861181818722312
2253,P:1501,P:1618,N,B,PARENT_HBN,PARENT_HBN,B-N,0.1443364125922496,0.144973,0.000636587407750383
2254,P:1502,P:1503,B,N,PARENT_HBN,PARENT_HBN,B-N,0.14500000000000046,0.144973,2.700000000047109e-05
2255,P:1503,P:1560,N,B,PARENT_HBN,PARENT_HBN,B-N,0.14456140563788109,0.144973,0.00041159436211890554
2256,P:1503,P:1562,N,B,PARENT_HBN,PARENT_HBN,B-N,0.14461673485458001,0.144973,0.0003562651454199761
2257,P:1504,P:1505,B,N,PARENT_HBN,PARENT_HBN,B-N,0.14500000000000046,0.144973,2.700000000047109e-05
2258,P:1505,P:1562,N,B,PARENT_HBN,PARENT_HBN,B-N,0.1446409347314931,0.144973,0.00033206526850690365
2259,P:1505,P:1564,N,B,PARENT_HBN,PARENT_HBN,B-N,0.14528936643815327,0.144973,0.00031636643815327603
2260,P:1506,P:1507,B,N,PARENT_HBN,PARENT_HBN,B-N,0.14500000000000046,0.144973,2.700000000047109e-05
2261,P:1507,P:1564,N,B,PARENT_HBN,PARENT_HBN,B-N,0.14442298985964805,0.144973,0.000550010140351942
2262,P:1507,P:1566,N,B,PARENT_HBN,PARENT_HBN,B-N,0.1446409347314931,0.144973,0.00033206526850690365
2263,P:1508,P:1509,B,N,PARENT_HBN,PARENT_HBN,B-N,0.14500000000000046,0.144973,2.700000000047109e-05
2264,P:1509,P:1566,N,B,PARENT_HBN,PARENT_HBN,B-N,0.14461673485458038,0.144973,0.0003562651454196153
2265,P:1509,P:1568,N,B,PARENT_HBN,PARENT_HBN,B-N,0.14456140563788109,0.144973,0.00041159436211890554
2266,P:1510,P:1511,B,N,PARENT_HBN,PARENT_HBN,B-N,0.14500000000000046,0.144973,2.700000000047109e-05
2267,P:1511,P:1568,N,B,PARENT_HBN,PARENT_HBN,B-N,0.14483438818181277,0.144973,0.00013861181818722312
2268,P:1511,P:1570,N,B,PARENT_HBN,PARENT_HBN,B-N,0.14506550244630867,0.144973,9.250244630867877e-05
2269,P:1512,P:1513,B,N,PARENT_HBN,PARENT_HBN,B-N,0.14500000000000046,0.144973,2.700000000047109e-05
2270,P:1513,P:1570,N,B,PARENT_HBN,PARENT_HBN,B-N,0.1443398766800084,0.144973,0.000633123319991602
2271,P:1513,P:1572,N,B,PARENT_HBN,PARENT_HBN,B-N,0.14500344823486094,0.144973,3.0448234860952494e-05
2272,P:1514,P:1515,B,N,PARENT_HBN,PARENT_HBN,B-N,0.14500000000000046,0.144973,2.700000000047109e-05
2273,P:1515,P:1572,N,B,PARENT_HBN,PARENT_HBN,B-N,0.1443398766800084,0.144973,0.000633123319991602
2274,P:1515,P:1574,N,B,PARENT_HBN,PARENT_HBN,B-N,0.14506550244630867,0.144973,9.250244630867877e-05
2275,P:1516,P:1517,B,N,PARENT_HBN,PARENT_HBN,B-N,0.14500000000000046,0.144973,2.700000000047109e-05
2276,P:1517,P:1574,N,B,PARENT_HBN,PARENT_HBN,B-N,0.14483438818181277,0.144973,0.00013861181818722312
2277,P:1517,P:1576,N,B,PARENT_HBN,PARENT_HBN,B-N,0.14456140563788109,0.144973,0.00041159436211890554
2278,P:1518,P:1519,B,N,PARENT_HBN,PARENT_HBN,B-N,0.14500000000000046,0.144973,2.700000000047109e-05
2279,P:1519,P:1576,N,B,PARENT_HBN,PARENT_HBN,B-N,0.14461673485458038,0.144973,0.0003562651454196153
2280,P:1519,P:1578,N,B,PARENT_HBN,PARENT_HBN,B-N,0.1446409347314931,0.144973,0.00033206526850690365
2281,P:1520,P:1521,B,N,PARENT_HBN,PARENT_HBN,B-N,0.14500000000000046,0.144973,2.700000000047109e-05
2282,P:1521,P:1578,N,B,PARENT_HBN,PARENT_HBN,B-N,0.14442298985964805,0.144973,0.000550010140351942
2283,P:1521,P:1580,N,B,PARENT_HBN,PARENT_HBN,B-N,0.14528936643815327,0.144973,0.00031636643815327603
2284,P:1522,P:1523,B,N,PARENT_HBN,PARENT_HBN,B-N,0.14500000000000046,0.144973,2.700000000047109e-05
2285,P:1523,P:1580,N,B,PARENT_HBN,PARENT_HBN,B-N,0.1446409347314931,0.144973,0.00033206526850690365
2286,P:1523,P:1582,N,B,PARENT_HBN,PARENT_HBN,B-N,0.14461673485458001,0.144973,0.0003562651454199761
2287,P:1524,P:1525,B,N,PARENT_HBN,PARENT_HBN,B-N,0.14500000000000046,0.144973,2.700000000047109e-05
2288,P:1525,P:1582,N,B,PARENT_HBN,PARENT_HBN,B-N,0.14456140563788109,0.144973,0.00041159436211890554
2289,P:1525,P:1584,N,B,PARENT_HBN,PARENT_HBN,B-N,0.14483438818181277,0.144973,0.00013861181818722312
2290,P:1526,P:1527,B,N,PARENT_HBN,PARENT_HBN,B-N,0.14500000000000046,0.144973,2.700000000047109e-05
2291,P:1527,P:1584,N,B,PARENT_HBN,PARENT_HBN,B-N,0.1443364125922496,0.144973,0.000636587407750383
2292,P:1527,P:1586,N,B,PARENT_HBN,PARENT_HBN,B-N,0.14501379244747725,0.144973,4.0792447477261407e-05
2293,P:1528,P:1529,B,N,PARENT_HBN,PARENT_HBN,B-N,0.14500000000000046,0.144973,2.700000000047109e-05
2294,P:1529,P:1586,N,B,PARENT_HBN,PARENT_HBN,B-N,0.14439182802361086,0.144973,0.0005811719763891277
2295,P:1529,P:1588,N,B,PARENT_HBN,PARENT_HBN,B-N,0.14433987668000817,0.144973,0.000633123319991824
2296,P:1530,P:1531,B,N,PARENT_HBN,PARENT_HBN,B-N,0.14500000000000046,0.144973,2.700000000047109e-05
2297,P:1531,P:1588,N,B,PARENT_HBN,PARENT_HBN,B-N,0.1455369368923229,0.144973,0.0005639368923228971
2298,P:1531,P:1590,N,B,PARENT_HBN,PARENT_HBN,B-N,0.14483438818181293,0.144973,0.0001386118181870566
2299,P:1532,P:1533,B,N,PARENT_HBN,PARENT_HBN,B-N,0.14500000000000046,0.144973,2.700000000047109e-05
2300,P:1533,P:1590,N,B,PARENT_HBN,PARENT_HBN,B-N,0.14456140563788109,0.144973,0.00041159436211890554
2301,P:1533,P:1592,N,B,PARENT_HBN,PARENT_HBN,B-N,0.14439182802361084,0.144973,0.0005811719763891554
2302,P:1534,P:1535,B,N,PARENT_HBN,PARENT_HBN,B-N,0.14500000000000046,0.144973,2.700000000047109e-05
2303,P:1535,P:1592,N,B,PARENT_HBN,PARENT_HBN,B-N,0.14477568856683093,0.144973,0.00019731143316906175
2304,P:1535,P:1594,N,B,PARENT_HBN,PARENT_HBN,B-N,0.1443779761598008,0.144973,0.0005950238401991881
2305,P:1536,P:1537,B,N,PARENT_HBN,PARENT_HBN,B-N,0.14500000000000046,0.144973,2.700000000047109e-05
2306,P:1537,P:1594,N,B,PARENT_HBN,PARENT_HBN,B-N,0.1452446212429224,0.144973,0.0002716212429224041
2307,P:1537,P:1596,N,B,PARENT_HBN,PARENT_HBN,B-N,0.14477568856683093,0.144973,0.00019731143316906175
2308,P:1538,P:1539,B,N,PARENT_HBN,PARENT_HBN,B-N,0.14500000000000046,0.144973,2.700000000047109e-05
2309,P:1539,P:1596,N,B,PARENT_HBN,PARENT_HBN,B-N,0.14439182802361047,0.144973,0.0005811719763895162
2310,P:1539,P:1598,N,B,PARENT_HBN,PARENT_HBN,B-N,0.14456140563788109,0.144973,0.00041159436211890554
2311,P:1540,P:1541,B,N,PARENT_HBN,PARENT_HBN,B-N,0.14500000000000046,0.144973,2.700000000047109e-05
2312,P:1541,P:1598,N,B,PARENT_HBN,PARENT_HBN,B-N,0.14483438818181293,0.144973,0.0001386118181870566
2313,P:1541,P:1600,N,B,PARENT_HBN,PARENT_HBN,B-N,0.14481022063376636,0.144973,0.00016277936623362854
2314,P:1542,P:1543,B,N,PARENT_HBN,PARENT_HBN,B-N,0.14500000000000046,0.144973,2.700000000047109e-05
2315,P:1543,P:1600,N,B,PARENT_HBN,PARENT_HBN,B-N,0.145013792447477,0.144973,4.0792447477011606e-05
2316,P:1543,P:1602,N,B,PARENT_HBN,PARENT_HBN,B-N,0.14377760604489156,0.144973,0.0011953939551084258
2317,P:1544,P:1545,B,N,PARENT_HBN,PARENT_HBN,B-N,0.14500000000000046,0.144973,2.700000000047109e-05
2318,P:1545,P:1602,N,B,PARENT_HBN,PARENT_HBN,B-N,0.145013792447477,0.144973,4.0792447477011606e-05
2319,P:1545,P:1604,N,B,PARENT_HBN,PARENT_HBN,B-N,0.14481022063376636,0.144973,0.00016277936623362854
2320,P:1546,P:1547,B,N,PARENT_HBN,PARENT_HBN,B-N,0.14500000000000046,0.144973,2.700000000047109e-05
2321,P:1547,P:1604,N,B,PARENT_HBN,PARENT_HBN,B-N,0.14483438818181293,0.144973,0.0001386118181870566
2322,P:1547,P:1606,N,B,PARENT_HBN,PARENT_HBN,B-N,0.14456140563788109,0.144973,0.00041159436211890554
2323,P:1548,P:1549,B,N,PARENT_HBN,PARENT_HBN,B-N,0.14500000000000046,0.144973,2.700000000047109e-05
2324,P:1549,P:1606,N,B,PARENT_HBN,PARENT_HBN,B-N,0.14439182802361047,0.144973,0.0005811719763895162
2325,P:1549,P:1608,N,B,PARENT_HBN,PARENT_HBN,B-N,0.14477568856683093,0.144973,0.00019731143316906175
2326,P:1550,P:1551,B,N,PARENT_HBN,PARENT_HBN,B-N,0.14500000000000046,0.144973,2.700000000047109e-05
2327,P:1551,P:1608,N,B,PARENT_HBN,PARENT_HBN,B-N,0.1452446212429224,0.144973,0.0002716212429224041
2328,P:1551,P:1610,N,B,PARENT_HBN,PARENT_HBN,B-N,0.1443779761598008,0.144973,0.0005950238401991881
2329,P:1552,P:1553,B,N,PARENT_HBN,PARENT_HBN,B-N,0.14500000000000046,0.144973,2.700000000047109e-05
2330,P:1553,P:1610,N,B,PARENT_HBN,PARENT_HBN,B-N,0.14477568856683093,0.144973,0.00019731143316906175
2331,P:1553,P:1612,N,B,PARENT_HBN,PARENT_HBN,B-N,0.14439182802361084,0.144973,0.0005811719763891554
2332,P:1554,P:1555,B,N,PARENT_HBN,PARENT_HBN,B-N,0.14500000000000046,0.144973,2.700000000047109e-05
2333,P:1555,P:1612,N,B,PARENT_HBN,PARENT_HBN,B-N,0.14456140563788109,0.144973,0.00041159436211890554
2334,P:1555,P:1614,N,B,PARENT_HBN,PARENT_HBN,B-N,0.14483438818181293,0.144973,0.0001386118181870566
2335,P:1556,P:1557,B,N,PARENT_HBN,PARENT_HBN,B-N,0.14500000000000046,0.144973,2.700000000047109e-05
2336,P:1557,P:1614,N,B,PARENT_HBN,PARENT_HBN,B-N,0.1455369368923229,0.144973,0.0005639368923228971
2337,P:1557,P:1616,N,B,PARENT_HBN,PARENT_HBN,B-N,0.14433987668000817,0.144973,0.000633123319991824
2338,P:1558,P:1559,B,N,PARENT_HBN,PARENT_HBN,B-N,0.14500000000000046,0.144973,2.700000000047109e-05
2339,P:1559,P:1616,N,B,PARENT_HBN,PARENT_HBN,B-N,0.14439182802361086,0.144973,0.0005811719763891277
2340,P:1559,P:1618,N,B,PARENT_HBN,PARENT_HBN,B-N,0.14501379244747725,0.144973,4.0792447477261407e-05
2341,P:1560,P:1561,B,N,PARENT_HBN,PARENT_HBN,B-N,0.14499999999999957,0.144973,2.6999999999582913e-05
2342,P:1561,P:1620,N,B,PARENT_HBN,PARENT_HBN,B-N,0.14506205568652353,0.144973,8.905568652353701e-05
2343,P:1561,P:1678,N,B,PARENT_HBN,PARENT_HBN,B-N,0.1453340978573166,0.144973,0.00036109785731661126
2344,P:1562,P:1563,B,N,PARENT_HBN,PARENT_HBN,B-N,0.14499999999999957,0.144973,2.6999999999582913e-05
2345,P:1563,P:1620,N,B,PARENT_HBN,PARENT_HBN,B-N,0.14511719401917866,0.144973,0.0001441940191786728
2346,P:1563,P:1622,N,B,PARENT_HBN,PARENT_HBN,B-N,0.14514131045295164,0.144973,0.00016831045295165326
2347,P:1564,P:1565,B,N,PARENT_HBN,PARENT_HBN,B-N,0.14499999999999957,0.144973,2.6999999999582913e-05
2348,P:1565,P:1622,N,B,PARENT_HBN,PARENT_HBN,B-N,0.14578751661236306,0.144973,0.0008145166123630643
2349,P:1565,P:1624,N,B,PARENT_HBN,PARENT_HBN,B-N,0.14492411807563313,0.144973,4.888192436686145e-05
2350,P:1566,P:1567,B,N,PARENT_HBN,PARENT_HBN,B-N,0.14499999999999957,0.144973,2.6999999999582913e-05
2351,P:1567,P:1624,N,B,PARENT_HBN,PARENT_HBN,B-N,0.14514131045295164,0.144973,0.00016831045295165326
2352,P:1567,P:1626,N,B,PARENT_HBN,PARENT_HBN,B-N,0.14511719401917905,0.144973,0.00014419401917906138
2353,P:1568,P:1569,B,N,PARENT_HBN,PARENT_HBN,B-N,0.14499999999999957,0.144973,2.6999999999582913e-05
2354,P:1569,P:1626,N,B,PARENT_HBN,PARENT_HBN,B-N,0.14506205568652353,0.144973,8.905568652353701e-05
2355,P:1569,P:1628,N,B,PARENT_HBN,PARENT_HBN,B-N,0.1453340978573166,0.144973,0.00036109785731661126
2356,P:1570,P:1571,B,N,PARENT_HBN,PARENT_HBN,B-N,0.14499999999999957,0.144973,2.6999999999582913e-05
2357,P:1571,P:1628,N,B,PARENT_HBN,PARENT_HBN,B-N,0.14556441872930362,0.144973,0.0005914187293036277
2358,P:1571,P:1630,N,B,PARENT_HBN,PARENT_HBN,B-N,0.14484129245488003,0.144973,0.00013170754511995786
2359,P:1572,P:1573,B,N,PARENT_HBN,PARENT_HBN,B-N,0.14499999999999957,0.144973,2.6999999999582913e-05
2360,P:1573,P:1630,N,B,PARENT_HBN,PARENT_HBN,B-N,0.14550257729676147,0.144973,0.0005295772967614798
2361,P:1573,P:1632,N,B,PARENT_HBN,PARENT_HBN,B-N,0.14484129245488003,0.144973,0.00013170754511995786
2362,P:1574,P:1575,B,N,PARENT_HBN,PARENT_HBN,B-N,0.14499999999999957,0.144973,2.6999999999582913e-05
2363,P:1575,P:1632,N,B,PARENT_HBN,PARENT_HBN,B-N,0.14556441872930362,0.144973,0.0005914187293036277
2364,P:1575,P:1634,N,B,PARENT_HBN,PARENT_HBN,B-N,0.1453340978573166,0.144973,0.00036109785731661126
2365,P:1576,P:1577,B,N,PARENT_HBN,PARENT_HBN,B-N,0.14499999999999957,0.144973,2.6999999999582913e-05
2366,P:1577,P:1634,N,B,PARENT_HBN,PARENT_HBN,B-N,0.14506205568652353,0.144973,8.905568652353701e-05
2367,P:1577,P:1636,N,B,PARENT_HBN,PARENT_HBN,B-N,0.14511719401917905,0.144973,0.00014419401917906138
2368,P:1578,P:1579,B,N,PARENT_HBN,PARENT_HBN,B-N,0.14499999999999957,0.144973,2.6999999999582913e-05
2369,P:1579,P:1636,N,B,PARENT_HBN,PARENT_HBN,B-N,0.14514131045295164,0.144973,0.00016831045295165326
2370,P:1579,P:1638,N,B,PARENT_HBN,PARENT_HBN,B-N,0.14492411807563313,0.144973,4.888192436686145e-05
2371,P:1580,P:1581,B,N,PARENT_HBN,PARENT_HBN,B-N,0.14499999999999957,0.144973,2.6999999999582913e-05
2372,P:1581,P:1638,N,B,PARENT_HBN,PARENT_HBN,B-N,0.14578751661236306,0.144973,0.0008145166123630643
2373,P:1581,P:1640,N,B,PARENT_HBN,PARENT_HBN,B-N,0.14514131045295164,0.144973,0.00016831045295165326
2374,P:1582,P:1583,B,N,PARENT_HBN,PARENT_HBN,B-N,0.14499999999999957,0.144973,2.6999999999582913e-05
2375,P:1583,P:1640,N,B,PARENT_HBN,PARENT_HBN,B-N,0.14511719401917866,0.144973,0.0001441940191786728
2376,P:1583,P:1642,N,B,PARENT_HBN,PARENT_HBN,B-N,0.14506205568652353,0.144973,8.905568652353701e-05
2377,P:1584,P:1585,B,N,PARENT_HBN,PARENT_HBN,B-N,0.14499999999999957,0.144973,2.6999999999582913e-05
2378,P:1585,P:1642,N,B,PARENT_HBN,PARENT_HBN,B-N,0.1453340978573166,0.144973,0.00036109785731661126
2379,P:1585,P:1644,N,B,PARENT_HBN,PARENT_HBN,B-N,0.1448378403594867,0.144973,0.0001351596405132771
2380,P:1586,P:1587,B,N,PARENT_HBN,PARENT_HBN,B-N,0.14499999999999957,0.144973,2.6999999999582913e-05
2381,P:1587,P:1644,N,B,PARENT_HBN,PARENT_HBN,B-N,0.14551288602732082,0.144973,0.0005398860273208295
2382,P:1587,P:1646,N,B,PARENT_HBN,PARENT_HBN,B-N,0.14489306401619115,0.144973,7.993598380884315e-05
2383,P:1588,P:1589,B,N,PARENT_HBN,PARENT_HBN,B-N,0.14499999999999957,0.144973,2.6999999999582913e-05
2384,P:1589,P:1646,N,B,PARENT_HBN,PARENT_HBN,B-N,0.14484129245487978,0.144973,0.00013170754512020766
2385,P:1589,P:1648,N,B,PARENT_HBN,PARENT_HBN,B-N,0.14603424255975045,0.144973,0.0010612425597504582
2386,P:1590,P:1591,B,N,PARENT_HBN,PARENT_HBN,B-N,0.14499999999999957,0.144973,2.6999999999582913e-05
2387,P:1591,P:1648,N,B,PARENT_HBN,PARENT_HBN,B-N,0.14533409785731677,0.144973,0.0003610978573167778
2388,P:1591,P:1650,N,B,PARENT_HBN,PARENT_HBN,B-N,0.14506205568652353,0.144973,8.905568652353701e-05
2389,P:1592,P:1593,B,N,PARENT_HBN,PARENT_HBN,B-N,0.14499999999999957,0.144973,2.6999999999582913e-05
2390,P:1593,P:1650,N,B,PARENT_HBN,PARENT_HBN,B-N,0.14489306401619112,0.144973,7.99359838088709e-05
2391,P:1593,P:1652,N,B,PARENT_HBN,PARENT_HBN,B-N,0.14527560015363924,0.144973,0.0003026001536392542
2392,P:1594,P:1595,B,N,PARENT_HBN,PARENT_HBN,B-N,0.14499999999999957,0.144973,2.6999999999582913e-05
2393,P:1595,P:1652,N,B,PARENT_HBN,PARENT_HBN,B-N,0.1448792600754161,0.144973,9.373992458389102e-05
2394,P:1595,P:1654,N,B,PARENT_HBN,PARENT_HBN,B-N,0.14574292435655337,0.144973,0.0007699243565533753
2395,P:1596,P:1597,B,N,PARENT_HBN,PARENT_HBN,B-N,0.14499999999999957,0.144973,2.6999999999582913e-05
2396,P:1597,P:1654,N,B,PARENT_HBN,PARENT_HBN,B-N,0.14527560015363924,0.144973,0.0003026001536392542
2397,P:1597,P:1656,N,B,PARENT_HBN,PARENT_HBN,B-N,0.14489306401619076,0.144973,7.993598380923173e-05
2398,P:1598,P:1599,B,N,PARENT_HBN,PARENT_HBN,B-N,0.14499999999999957,0.144973,2.6999999999582913e-05
2399,P:1599,P:1656,N,B,PARENT_HBN,PARENT_HBN,B-N,0.14506205568652353,0.144973,8.905568652353701e-05
2400,P:1599,P:1658,N,B,PARENT_HBN,PARENT_HBN,B-N,0.14533409785731677,0.144973,0.0003610978573167778
2401,P:1600,P:1601,B,N,PARENT_HBN,PARENT_HBN,B-N,0.14499999999999957,0.144973,2.6999999999582913e-05
2402,P:1601,P:1658,N,B,PARENT_HBN,PARENT_HBN,B-N,0.14531001341958558,0.144973,0.0003370134195855856
2403,P:1601,P:1660,N,B,PARENT_HBN,PARENT_HBN,B-N,0.1455128860273206,0.144973,0.0005398860273206074
2404,P:1602,P:1603,B,N,PARENT_HBN,PARENT_HBN,B-N,0.14499999999999957,0.144973,2.6999999999582913e-05
2405,P:1603,P:1660,N,B,PARENT_HBN,PARENT_HBN,B-N,0.14428097587693287,0.144973,0.0006920241230671254
2406,P:1603,P:1662,N,B,PARENT_HBN,PARENT_HBN,B-N,0.1455128860273206,0.144973,0.0005398860273206074
2407,P:1604,P:1605,B,N,PARENT_HBN,PARENT_HBN,B-N,0.14499999999999957,0.144973,2.6999999999582913e-05
2408,P:1605,P:1662,N,B,PARENT_HBN,PARENT_HBN,B-N,0.14531001341958558,0.144973,0.0003370134195855856
2409,P:1605,P:1664,N,B,PARENT_HBN,PARENT_HBN,B-N,0.14533409785731677,0.144973,0.0003610978573167778
2410,P:1606,P:1607,B,N,PARENT_HBN,PARENT_HBN,B-N,0.14499999999999957,0.144973,2.6999999999582913e-05
2411,P:1607,P:1664,N,B,PARENT_HBN,PARENT_HBN,B-N,0.14506205568652353,0.144973,8.905568652353701e-05
2412,P:1607,P:1666,N,B,PARENT_HBN,PARENT_HBN,B-N,0.14489306401619076,0.144973,7.993598380923173e-05
2413,P:1608,P:1609,B,N,PARENT_HBN,PARENT_HBN,B-N,0.14499999999999957,0.144973,2.6999999999582913e-05
2414,P:1609,P:1666,N,B,PARENT_HBN,PARENT_HBN,B-N,0.14527560015363924,0.144973,0.0003026001536392542
2415,P:1609,P:1668,N,B,PARENT_HBN,PARENT_HBN,B-N,0.14574292435655337,0.144973,0.0007699243565533753
2416,P:1610,P:1611,B,N,PARENT_HBN,PARENT_HBN,B-N,0.14499999999999957,0.144973,2.6999999999582913e-05
2417,P:1611,P:1668,N,B,PARENT_HBN,PARENT_HBN,B-N,0.1448792600754161,0.144973,9.373992458389102e-05
2418,P:1611,P:1670,N,B,PARENT_HBN,PARENT_HBN,B-N,0.14527560015363924,0.144973,0.0003026001536392542
2419,P:1612,P:1613,B,N,PARENT_HBN,PARENT_HBN,B-N,0.14499999999999957,0.144973,2.6999999999582913e-05
2420,P:1613,P:1670,N,B,PARENT_HBN,PARENT_HBN,B-N,0.14489306401619112,0.144973,7.99359838088709e-05
2421,P:1613,P:1672,N,B,PARENT_HBN,PARENT_HBN,B-N,0.14506205568652353,0.144973,8.905568652353701e-05
2422,P:1614,P:1615,B,N,PARENT_HBN,PARENT_HBN,B-N,0.14499999999999957,0.144973,2.6999999999582913e-05
2423,P:1615,P:1672,N,B,PARENT_HBN,PARENT_HBN,B-N,0.14533409785731677,0.144973,0.0003610978573167778
2424,P:1615,P:1674,N,B,PARENT_HBN,PARENT_HBN,B-N,0.14603424255975045,0.144973,0.0010612425597504582
2425,P:1616,P:1617,B,N,PARENT_HBN,PARENT_HBN,B-N,0.14499999999999957,0.144973,2.6999999999582913e-05
2426,P:1617,P:1674,N,B,PARENT_HBN,PARENT_HBN,B-N,0.14484129245487978,0.144973,0.00013170754512020766
2427,P:1617,P:1676,N,B,PARENT_HBN,PARENT_HBN,B-N,0.14489306401619115,0.144973,7.993598380884315e-05
2428,P:1618,P:1619,B,N,PARENT_HBN,PARENT_HBN,B-N,0.14499999999999957,0.144973,2.6999999999582913e-05
2429,P:1619,P:1676,N,B,PARENT_HBN,PARENT_HBN,B-N,0.14551288602732082,0.144973,0.0005398860273208295
2430,P:1619,P:1678,N,B,PARENT_HBN,PARENT_HBN,B-N,0.1448378403594867,0.144973,0.0001351596405132771
2431,P:1620,P:1621,B,N,PARENT_HBN,PARENT_HBN,B-N,0.14500000000000046,0.144973,2.700000000047109e-05
2432,P:1622,P:1623,B,N,PARENT_HBN,PARENT_HBN,B-N,0.14500000000000046,0.144973,2.700000000047109e-05
2433,P:1624,P:1625,B,N,PARENT_HBN,PARENT_HBN,B-N,0.14500000000000046,0.144973,2.700000000047109e-05
2434,P:1626,P:1627,B,N,PARENT_HBN,PARENT_HBN,B-N,0.14500000000000046,0.144973,2.700000000047109e-05
2435,P:1628,P:1629,B,N,PARENT_HBN,PARENT_HBN,B-N,0.14500000000000046,0.144973,2.700000000047109e-05
2436,P:1630,P:1631,B,N,PARENT_HBN,PARENT_HBN,B-N,0.14500000000000046,0.144973,2.700000000047109e-05
2437,P:1632,P:1633,B,N,PARENT_HBN,PARENT_HBN,B-N,0.14500000000000046,0.144973,2.700000000047109e-05
2438,P:1634,P:1635,B,N,PARENT_HBN,PARENT_HBN,B-N,0.14500000000000046,0.144973,2.700000000047109e-05
2439,P:1636,P:1637,B,N,PARENT_HBN,PARENT_HBN,B-N,0.14500000000000046,0.144973,2.700000000047109e-05
2440,P:1638,P:1639,B,N,PARENT_HBN,PARENT_HBN,B-N,0.14500000000000046,0.144973,2.700000000047109e-05
2441,P:1640,P:1641,B,N,PARENT_HBN,PARENT_HBN,B-N,0.14500000000000046,0.144973,2.700000000047109e-05
2442,P:1642,P:1643,B,N,PARENT_HBN,PARENT_HBN,B-N,0.14500000000000046,0.144973,2.700000000047109e-05
2443,P:1644,P:1645,B,N,PARENT_HBN,PARENT_HBN,B-N,0.14500000000000046,0.144973,2.700000000047109e-05
2444,P:1646,P:1647,B,N,PARENT_HBN,PARENT_HBN,B-N,0.14500000000000046,0.144973,2.700000000047109e-05
2445,P:1648,P:1649,B,N,PARENT_HBN,PARENT_HBN,B-N,0.14500000000000046,0.144973,2.700000000047109e-05
2446,P:1650,P:1651,B,N,PARENT_HBN,PARENT_HBN,B-N,0.14500000000000046,0.144973,2.700000000047109e-05
2447,P:1652,P:1653,B,N,PARENT_HBN,PARENT_HBN,B-N,0.14500000000000046,0.144973,2.700000000047109e-05
2448,P:1654,P:1655,B,N,PARENT_HBN,PARENT_HBN,B-N,0.14500000000000046,0.144973,2.700000000047109e-05
2449,P:1656,P:1657,B,N,PARENT_HBN,PARENT_HBN,B-N,0.14500000000000046,0.144973,2.700000000047109e-05
2450,P:1658,P:1659,B,N,PARENT_HBN,PARENT_HBN,B-N,0.14500000000000046,0.144973,2.700000000047109e-05
2451,P:1660,P:1661,B,N,PARENT_HBN,PARENT_HBN,B-N,0.14500000000000046,0.144973,2.700000000047109e-05
2452,P:1662,P:1663,B,N,PARENT_HBN,PARENT_HBN,B-N,0.14500000000000046,0.144973,2.700000000047109e-05
2453,P:1664,P:1665,B,N,PARENT_HBN,PARENT_HBN,B-N,0.14500000000000046,0.144973,2.700000000047109e-05
2454,P:1666,P:1667,B,N,PARENT_HBN,PARENT_HBN,B-N,0.14500000000000046,0.144973,2.700000000047109e-05
2455,P:1668,P:1669,B,N,PARENT_HBN,PARENT_HBN,B-N,0.14500000000000046,0.144973,2.700000000047109e-05
2456,P:1670,P:1671,B,N,PARENT_HBN,PARENT_HBN,B-N,0.14500000000000046,0.144973,2.700000000047109e-05
2457,P:1672,P:1673,B,N,PARENT_HBN,PARENT_HBN,B-N,0.14500000000000046,0.144973,2.700000000047109e-05
2458,P:1674,P:1675,B,N,PARENT_HBN,PARENT_HBN,B-N,0.14500000000000046,0.144973,2.700000000047109e-05
2459,P:1676,P:1677,B,N,PARENT_HBN,PARENT_HBN,B-N,0.14500000000000046,0.144973,2.700000000047109e-05
2460,P:1678,P:1679,B,N,PARENT_HBN,PARENT_HBN,B-N,0.14500000000000046,0.144973,2.700000000047109e-05
2461,P:46,S:1680,B,N,PARENT_HBN,HEXAGONAL_EDGE_COMPLETION_SEED,B-N,0.1449730000000001,0.144973,1.1102230246251565e-16
2462,P:48,S:1680,B,N,PARENT_HBN,HEXAGONAL_EDGE_COMPLETION_SEED,B-N,0.14497299999999982,0.144973,1.6653345369377348e-16
2463,P:48,S:1681,B,N,PARENT_HBN,HEXAGONAL_EDGE_COMPLETION_SEED,B-N,0.14497299999999957,0.144973,4.163336342344337e-16
2464,P:50,S:1681,B,N,PARENT_HBN,HEXAGONAL_EDGE_COMPLETION_SEED,B-N,0.14497300000000043,0.144973,4.440892098500626e-16
2465,P:50,S:1682,B,N,PARENT_HBN,HEXAGONAL_EDGE_COMPLETION_SEED,B-N,0.14497300000000035,0.144973,3.608224830031759e-16
2466,P:52,S:1682,B,N,PARENT_HBN,HEXAGONAL_EDGE_COMPLETION_SEED,B-N,0.1449729999999997,0.144973,2.7755575615628914e-16
2467,P:52,S:1683,B,N,PARENT_HBN,HEXAGONAL_EDGE_COMPLETION_SEED,B-N,0.144973,0.144973,0.0
2468,P:54,S:1683,B,N,PARENT_HBN,HEXAGONAL_EDGE_COMPLETION_SEED,B-N,0.144973,0.144973,0.0
2469,P:54,S:1684,B,N,PARENT_HBN,HEXAGONAL_EDGE_COMPLETION_SEED,B-N,0.14497300000000016,0.144973,1.6653345369377348e-16
2470,P:56,S:1684,B,N,PARENT_HBN,HEXAGONAL_EDGE_COMPLETION_SEED,B-N,0.14497299999999977,0.144973,2.220446049250313e-16
2471,P:56,S:1685,B,N,PARENT_HBN,HEXAGONAL_EDGE_COMPLETION_SEED,B-N,0.14497299999999982,0.144973,1.6653345369377348e-16
2472,P:58,S:1685,B,N,PARENT_HBN,HEXAGONAL_EDGE_COMPLETION_SEED,B-N,0.14497300000000019,0.144973,1.942890293094024e-16
2473,P:0,S:1686,B,N,PARENT_HBN,HEXAGONAL_EDGE_COMPLETION_SEED,B-N,0.14497300000000019,0.144973,1.942890293094024e-16
2474,P:58,S:1686,B,N,PARENT_HBN,HEXAGONAL_EDGE_COMPLETION_SEED,B-N,0.14497299999999982,0.144973,1.6653345369377348e-16
2475,P:0,S:1687,B,N,PARENT_HBN,HEXAGONAL_EDGE_COMPLETION_SEED,B-N,0.144973,0.144973,0.0
2476,P:2,S:1687,B,N,PARENT_HBN,HEXAGONAL_EDGE_COMPLETION_SEED,B-N,0.144973,0.144973,0.0
2477,P:2,S:1688,B,N,PARENT_HBN,HEXAGONAL_EDGE_COMPLETION_SEED,B-N,0.14497300000000005,0.144973,5.551115123125783e-17
2478,P:4,S:1688,B,N,PARENT_HBN,HEXAGONAL_EDGE_COMPLETION_SEED,B-N,0.14497300000000005,0.144973,5.551115123125783e-17
2479,P:4,S:1689,B,N,PARENT_HBN,HEXAGONAL_EDGE_COMPLETION_SEED,B-N,0.14497299999999977,0.144973,2.220446049250313e-16
2480,P:6,S:1689,B,N,PARENT_HBN,HEXAGONAL_EDGE_COMPLETION_SEED,B-N,0.14497300000000016,0.144973,1.6653345369377348e-16
2481,P:6,S:1690,B,N,PARENT_HBN,HEXAGONAL_EDGE_COMPLETION_SEED,B-N,0.144973,0.144973,0.0
2482,P:8,S:1690,B,N,PARENT_HBN,HEXAGONAL_EDGE_COMPLETION_SEED,B-N,0.144973,0.144973,0.0
2483,P:8,S:1691,B,N,PARENT_HBN,HEXAGONAL_EDGE_COMPLETION_SEED,B-N,0.14497299999999966,0.144973,3.3306690738754696e-16
2484,P:10,S:1691,B,N,PARENT_HBN,HEXAGONAL_EDGE_COMPLETION_SEED,B-N,0.1449730000000003,0.144973,3.0531133177191805e-16
2485,P:10,S:1692,B,N,PARENT_HBN,HEXAGONAL_EDGE_COMPLETION_SEED,B-N,0.14497300000000035,0.144973,3.608224830031759e-16
2486,P:12,S:1692,B,N,PARENT_HBN,HEXAGONAL_EDGE_COMPLETION_SEED,B-N,0.14497299999999963,0.144973,3.608224830031759e-16
2487,P:12,S:1693,B,N,PARENT_HBN,HEXAGONAL_EDGE_COMPLETION_SEED,B-N,0.14497299999999985,0.144973,1.3877787807814457e-16
2488,P:14,S:1693,B,N,PARENT_HBN,HEXAGONAL_EDGE_COMPLETION_SEED,B-N,0.1449730000000002,0.144973,2.220446049250313e-16
2489,P:14,S:1694,B,N,PARENT_HBN,HEXAGONAL_EDGE_COMPLETION_SEED,B-N,0.14497300000000016,0.144973,1.6653345369377348e-16
2490,P:16,S:1694,B,N,PARENT_HBN,HEXAGONAL_EDGE_COMPLETION_SEED,B-N,0.1449729999999998,0.144973,1.942890293094024e-16
2491,P:16,S:1695,B,N,PARENT_HBN,HEXAGONAL_EDGE_COMPLETION_SEED,B-N,0.144973,0.144973,0.0
2492,P:18,S:1695,B,N,PARENT_HBN,HEXAGONAL_EDGE_COMPLETION_SEED,B-N,0.144973,0.144973,0.0
2493,P:18,S:1696,B,N,PARENT_HBN,HEXAGONAL_EDGE_COMPLETION_SEED,B-N,0.144973,0.144973,0.0
2494,P:20,S:1696,B,N,PARENT_HBN,HEXAGONAL_EDGE_COMPLETION_SEED,B-N,0.144973,0.144973,0.0
2495,P:20,S:1697,B,N,PARENT_HBN,HEXAGONAL_EDGE_COMPLETION_SEED,B-N,0.14497299999999988,0.144973,1.1102230246251565e-16
2496,P:22,S:1697,B,N,PARENT_HBN,HEXAGONAL_EDGE_COMPLETION_SEED,B-N,0.14497300000000019,0.144973,1.942890293094024e-16
2497,P:22,S:1698,B,N,PARENT_HBN,HEXAGONAL_EDGE_COMPLETION_SEED,B-N,0.144973,0.144973,0.0
2498,P:24,S:1698,B,N,PARENT_HBN,HEXAGONAL_EDGE_COMPLETION_SEED,B-N,0.144973,0.144973,0.0
2499,P:24,S:1699,B,N,PARENT_HBN,HEXAGONAL_EDGE_COMPLETION_SEED,B-N,0.144973,0.144973,0.0
2500,P:26,S:1699,B,N,PARENT_HBN,HEXAGONAL_EDGE_COMPLETION_SEED,B-N,0.144973,0.144973,0.0
2501,P:26,S:1700,B,N,PARENT_HBN,HEXAGONAL_EDGE_COMPLETION_SEED,B-N,0.1449730000000001,0.144973,1.1102230246251565e-16
2502,P:28,S:1700,B,N,PARENT_HBN,HEXAGONAL_EDGE_COMPLETION_SEED,B-N,0.144973,0.144973,0.0
2503,P:28,S:1701,B,N,PARENT_HBN,HEXAGONAL_EDGE_COMPLETION_SEED,B-N,0.144973,0.144973,0.0
2504,P:30,S:1701,B,N,PARENT_HBN,HEXAGONAL_EDGE_COMPLETION_SEED,B-N,0.144973,0.144973,0.0
2505,P:30,S:1702,B,N,PARENT_HBN,HEXAGONAL_EDGE_COMPLETION_SEED,B-N,0.14497300000000019,0.144973,1.942890293094024e-16
2506,P:32,S:1702,B,N,PARENT_HBN,HEXAGONAL_EDGE_COMPLETION_SEED,B-N,0.14497299999999982,0.144973,1.6653345369377348e-16
2507,P:32,S:1703,B,N,PARENT_HBN,HEXAGONAL_EDGE_COMPLETION_SEED,B-N,0.14497300000000013,0.144973,1.3877787807814457e-16
2508,P:34,S:1703,B,N,PARENT_HBN,HEXAGONAL_EDGE_COMPLETION_SEED,B-N,0.14497299999999988,0.144973,1.1102230246251565e-16
2509,P:34,S:1704,B,N,PARENT_HBN,HEXAGONAL_EDGE_COMPLETION_SEED,B-N,0.14497299999999996,0.144973,2.7755575615628914e-17
2510,P:36,S:1704,B,N,PARENT_HBN,HEXAGONAL_EDGE_COMPLETION_SEED,B-N,0.14497299999999996,0.144973,2.7755575615628914e-17
2511,P:36,S:1705,B,N,PARENT_HBN,HEXAGONAL_EDGE_COMPLETION_SEED,B-N,0.144973,0.144973,0.0
2512,P:38,S:1705,B,N,PARENT_HBN,HEXAGONAL_EDGE_COMPLETION_SEED,B-N,0.144973,0.144973,0.0
2513,P:38,S:1706,B,N,PARENT_HBN,HEXAGONAL_EDGE_COMPLETION_SEED,B-N,0.14497300000000013,0.144973,1.3877787807814457e-16
2514,P:40,S:1706,B,N,PARENT_HBN,HEXAGONAL_EDGE_COMPLETION_SEED,B-N,0.14497299999999982,0.144973,1.6653345369377348e-16
2515,P:40,S:1707,B,N,PARENT_HBN,HEXAGONAL_EDGE_COMPLETION_SEED,B-N,0.1449730000000001,0.144973,1.1102230246251565e-16
2516,P:42,S:1707,B,N,PARENT_HBN,HEXAGONAL_EDGE_COMPLETION_SEED,B-N,0.14497299999999994,0.144973,5.551115123125783e-17
2517,P:42,S:1708,B,N,PARENT_HBN,HEXAGONAL_EDGE_COMPLETION_SEED,B-N,0.14497300000000007,0.144973,8.326672684688674e-17
2518,P:44,S:1708,B,N,PARENT_HBN,HEXAGONAL_EDGE_COMPLETION_SEED,B-N,0.144973,0.144973,0.0
2519,P:44,S:1709,B,N,PARENT_HBN,HEXAGONAL_EDGE_COMPLETION_SEED,B-N,0.1449729999999998,0.144973,1.942890293094024e-16
2520,P:46,S:1709,B,N,PARENT_HBN,HEXAGONAL_EDGE_COMPLETION_SEED,B-N,0.14497300000000016,0.144973,1.6653345369377348e-16
2521,P:1641,S:1710,N,B,PARENT_HBN,HEXAGONAL_EDGE_COMPLETION_SEED,B-N,0.1449730000000002,0.144973,2.220446049250313e-16
2522,P:1643,S:1710,N,B,PARENT_HBN,HEXAGONAL_EDGE_COMPLETION_SEED,B-N,0.14497300000000032,0.144973,3.3306690738754696e-16
2523,P:1643,S:1711,N,B,PARENT_HBN,HEXAGONAL_EDGE_COMPLETION_SEED,B-N,0.14497299999999988,0.144973,1.1102230246251565e-16
2524,P:1645,S:1711,N,B,PARENT_HBN,HEXAGONAL_EDGE_COMPLETION_SEED,B-N,0.14497299999999988,0.144973,1.1102230246251565e-16
2525,P:1645,S:1712,N,B,PARENT_HBN,HEXAGONAL_EDGE_COMPLETION_SEED,B-N,0.14497299999999966,0.144973,3.3306690738754696e-16
2526,P:1647,S:1712,N,B,PARENT_HBN,HEXAGONAL_EDGE_COMPLETION_SEED,B-N,0.14497299999999966,0.144973,3.3306690738754696e-16
2527,P:1647,S:1713,N,B,PARENT_HBN,HEXAGONAL_EDGE_COMPLETION_SEED,B-N,0.144973,0.144973,0.0
2528,P:1649,S:1713,N,B,PARENT_HBN,HEXAGONAL_EDGE_COMPLETION_SEED,B-N,0.14497299999999966,0.144973,3.3306690738754696e-16
2529,P:1649,S:1714,N,B,PARENT_HBN,HEXAGONAL_EDGE_COMPLETION_SEED,B-N,0.14497299999999988,0.144973,1.1102230246251565e-16
2530,P:1651,S:1714,N,B,PARENT_HBN,HEXAGONAL_EDGE_COMPLETION_SEED,B-N,0.14497299999999988,0.144973,1.1102230246251565e-16
2531,P:1651,S:1715,N,B,PARENT_HBN,HEXAGONAL_EDGE_COMPLETION_SEED,B-N,0.14497300000000032,0.144973,3.3306690738754696e-16
2532,P:1653,S:1715,N,B,PARENT_HBN,HEXAGONAL_EDGE_COMPLETION_SEED,B-N,0.14497300000000032,0.144973,3.3306690738754696e-16
2533,P:1653,S:1716,N,B,PARENT_HBN,HEXAGONAL_EDGE_COMPLETION_SEED,B-N,0.14497299999999946,0.144973,5.273559366969494e-16
2534,P:1655,S:1716,N,B,PARENT_HBN,HEXAGONAL_EDGE_COMPLETION_SEED,B-N,0.14497299999999982,0.144973,1.6653345369377348e-16
2535,P:1655,S:1717,N,B,PARENT_HBN,HEXAGONAL_EDGE_COMPLETION_SEED,B-N,0.14497300000000032,0.144973,3.3306690738754696e-16
2536,P:1657,S:1717,N,B,PARENT_HBN,HEXAGONAL_EDGE_COMPLETION_SEED,B-N,0.14497299999999996,0.144973,2.7755575615628914e-17
2537,P:1657,S:1718,N,B,PARENT_HBN,HEXAGONAL_EDGE_COMPLETION_SEED,B-N,0.14497299999999952,0.144973,4.718447854656915e-16
2538,P:1659,S:1718,N,B,PARENT_HBN,HEXAGONAL_EDGE_COMPLETION_SEED,B-N,0.1449730000000002,0.144973,2.220446049250313e-16
2539,P:1659,S:1719,N,B,PARENT_HBN,HEXAGONAL_EDGE_COMPLETION_SEED,B-N,0.1449730000000003,0.144973,3.0531133177191805e-16
2540,P:1661,S:1719,N,B,PARENT_HBN,HEXAGONAL_EDGE_COMPLETION_SEED,B-N,0.14497299999999966,0.144973,3.3306690738754696e-16
2541,P:1661,S:1720,N,B,PARENT_HBN,HEXAGONAL_EDGE_COMPLETION_SEED,B-N,0.14497299999999955,0.144973,4.440892098500626e-16
2542,P:1663,S:1720,N,B,PARENT_HBN,HEXAGONAL_EDGE_COMPLETION_SEED,B-N,0.14497299999999955,0.144973,4.440892098500626e-16
2543,P:1663,S:1721,N,B,PARENT_HBN,HEXAGONAL_EDGE_COMPLETION_SEED,B-N,0.14497299999999982,0.144973,1.6653345369377348e-16
2544,P:1665,S:1721,N,B,PARENT_HBN,HEXAGONAL_EDGE_COMPLETION_SEED,B-N,0.14497299999999944,0.144973,5.551115123125783e-16
2545,P:1665,S:1722,N,B,PARENT_HBN,HEXAGONAL_EDGE_COMPLETION_SEED,B-N,0.14497300000000005,0.144973,5.551115123125783e-17
2546,P:1667,S:1722,N,B,PARENT_HBN,HEXAGONAL_EDGE_COMPLETION_SEED,B-N,0.14497300000000005,0.144973,5.551115123125783e-17
2547,P:1667,S:1723,N,B,PARENT_HBN,HEXAGONAL_EDGE_COMPLETION_SEED,B-N,0.14497300000000032,0.144973,3.3306690738754696e-16
2548,P:1669,S:1723,N,B,PARENT_HBN,HEXAGONAL_EDGE_COMPLETION_SEED,B-N,0.14497300000000032,0.144973,3.3306690738754696e-16
2549,P:1669,S:1724,N,B,PARENT_HBN,HEXAGONAL_EDGE_COMPLETION_SEED,B-N,0.14497299999999985,0.144973,1.3877787807814457e-16
2550,P:1671,S:1724,N,B,PARENT_HBN,HEXAGONAL_EDGE_COMPLETION_SEED,B-N,0.14497299999999946,0.144973,5.273559366969494e-16
2551,P:1671,S:1725,N,B,PARENT_HBN,HEXAGONAL_EDGE_COMPLETION_SEED,B-N,0.1449730000000004,0.144973,4.163336342344337e-16
2552,P:1673,S:1725,N,B,PARENT_HBN,HEXAGONAL_EDGE_COMPLETION_SEED,B-N,0.14497300000000005,0.144973,5.551115123125783e-17
2553,P:1673,S:1726,N,B,PARENT_HBN,HEXAGONAL_EDGE_COMPLETION_SEED,B-N,0.14497300000000019,0.144973,1.942890293094024e-16
2554,P:1675,S:1726,N,B,PARENT_HBN,HEXAGONAL_EDGE_COMPLETION_SEED,B-N,0.14497300000000057,0.144973,5.828670879282072e-16
2555,P:1675,S:1727,N,B,PARENT_HBN,HEXAGONAL_EDGE_COMPLETION_SEED,B-N,0.14497299999999955,0.144973,4.440892098500626e-16
2556,P:1677,S:1727,N,B,PARENT_HBN,HEXAGONAL_EDGE_COMPLETION_SEED,B-N,0.14497299999999955,0.144973,4.440892098500626e-16
2557,P:1677,S:1728,N,B,PARENT_HBN,HEXAGONAL_EDGE_COMPLETION_SEED,B-N,0.14497299999999938,0.144973,6.106226635438361e-16
2558,P:1679,S:1728,N,B,PARENT_HBN,HEXAGONAL_EDGE_COMPLETION_SEED,B-N,0.144973,0.144973,0.0
2559,P:1621,S:1729,N,B,PARENT_HBN,HEXAGONAL_EDGE_COMPLETION_SEED,B-N,0.14497299999999935,0.144973,6.38378239159465e-16
2560,P:1679,S:1729,N,B,PARENT_HBN,HEXAGONAL_EDGE_COMPLETION_SEED,B-N,0.1449730000000002,0.144973,2.220446049250313e-16
2561,P:1621,S:1730,N,B,PARENT_HBN,HEXAGONAL_EDGE_COMPLETION_SEED,B-N,0.14497300000000005,0.144973,5.551115123125783e-17
2562,P:1623,S:1730,N,B,PARENT_HBN,HEXAGONAL_EDGE_COMPLETION_SEED,B-N,0.14497300000000032,0.144973,3.3306690738754696e-16
2563,P:1623,S:1731,N,B,PARENT_HBN,HEXAGONAL_EDGE_COMPLETION_SEED,B-N,0.14497299999999982,0.144973,1.6653345369377348e-16
2564,P:1625,S:1731,N,B,PARENT_HBN,HEXAGONAL_EDGE_COMPLETION_SEED,B-N,0.14497299999999946,0.144973,5.273559366969494e-16
2565,P:1625,S:1732,N,B,PARENT_HBN,HEXAGONAL_EDGE_COMPLETION_SEED,B-N,0.14497300000000032,0.144973,3.3306690738754696e-16
2566,P:1627,S:1732,N,B,PARENT_HBN,HEXAGONAL_EDGE_COMPLETION_SEED,B-N,0.1449730000000004,0.144973,4.163336342344337e-16
2567,P:1627,S:1733,N,B,PARENT_HBN,HEXAGONAL_EDGE_COMPLETION_SEED,B-N,0.1449729999999997,0.144973,2.7755575615628914e-16
2568,P:1629,S:1733,N,B,PARENT_HBN,HEXAGONAL_EDGE_COMPLETION_SEED,B-N,0.14497299999999988,0.144973,1.1102230246251565e-16
2569,P:1629,S:1734,N,B,PARENT_HBN,HEXAGONAL_EDGE_COMPLETION_SEED,B-N,0.14497300000000027,0.144973,2.7755575615628914e-16
2570,P:1631,S:1734,N,B,PARENT_HBN,HEXAGONAL_EDGE_COMPLETION_SEED,B-N,0.14497300000000057,0.144973,5.828670879282072e-16
2571,P:1631,S:1735,N,B,PARENT_HBN,HEXAGONAL_EDGE_COMPLETION_SEED,B-N,0.14497299999999966,0.144973,3.3306690738754696e-16
2572,P:1633,S:1735,N,B,PARENT_HBN,HEXAGONAL_EDGE_COMPLETION_SEED,B-N,0.14497299999999966,0.144973,3.3306690738754696e-16
2573,P:1633,S:1736,N,B,PARENT_HBN,HEXAGONAL_EDGE_COMPLETION_SEED,B-N,0.14497299999999963,0.144973,3.608224830031759e-16
2574,P:1635,S:1736,N,B,PARENT_HBN,HEXAGONAL_EDGE_COMPLETION_SEED,B-N,0.14497299999999963,0.144973,3.608224830031759e-16
2575,P:1635,S:1737,N,B,PARENT_HBN,HEXAGONAL_EDGE_COMPLETION_SEED,B-N,0.14497299999999944,0.144973,5.551115123125783e-16
2576,P:1637,S:1737,N,B,PARENT_HBN,HEXAGONAL_EDGE_COMPLETION_SEED,B-N,0.14497299999999969,0.144973,3.0531133177191805e-16
2577,P:1637,S:1738,N,B,PARENT_HBN,HEXAGONAL_EDGE_COMPLETION_SEED,B-N,0.14497299999999946,0.144973,5.273559366969494e-16
2578,P:1639,S:1738,N,B,PARENT_HBN,HEXAGONAL_EDGE_COMPLETION_SEED,B-N,0.14497299999999985,0.144973,1.3877787807814457e-16
2579,P:1639,S:1739,N,B,PARENT_HBN,HEXAGONAL_EDGE_COMPLETION_SEED,B-N,0.14497300000000032,0.144973,3.3306690738754696e-16
2580,P:1641,S:1739,N,B,PARENT_HBN,HEXAGONAL_EDGE_COMPLETION_SEED,B-N,0.14497300000000032,0.144973,3.3306690738754696e-16
2581,A:LOWER:-14:-4,A:LOWER:-13:-5,B,N,ANNULUS_OUTER_BOUNDARY,ANNULUS_OUTER_BOUNDARY,B-N,0.14497299999999966,0.144973,3.3306690738754696e-16
2582,A:LOWER:-14:-4,A:LOWER:-13:-3,B,N,ANNULUS_OUTER_BOUNDARY,ANNULUS_INTERIOR,B-N,0.14497300000000016,0.144973,1.6653345369377348e-16
2583,A:LOWER:-14:-2,A:LOWER:-13:-3,B,N,ANNULUS_OUTER_BOUNDARY,ANNULUS_INTERIOR,B-N,0.14497300000000046,0.144973,4.718447854656915e-16
2584,A:LOWER:-14:-2,A:LOWER:-13:-1,B,N,ANNULUS_OUTER_BOUNDARY,ANNULUS_INTERIOR,B-N,0.1449730000000001,0.144973,1.1102230246251565e-16
2585,A:LOWER:-14:0,A:LOWER:-13:-1,B,N,ANNULUS_OUTER_BOUNDARY,ANNULUS_INTERIOR,B-N,0.14497299999999957,0.144973,4.163336342344337e-16
2586,A:LOWER:-14:0,A:LOWER:-13:1,B,N,ANNULUS_OUTER_BOUNDARY,ANNULUS_INTERIOR,B-N,0.1449729999999997,0.144973,2.7755575615628914e-16
2587,A:LOWER:-14:2,A:LOWER:-13:1,B,N,ANNULUS_OUTER_BOUNDARY,ANNULUS_INTERIOR,B-N,0.14497300000000002,0.144973,2.7755575615628914e-17
2588,A:LOWER:-14:2,A:LOWER:-13:3,B,N,ANNULUS_OUTER_BOUNDARY,ANNULUS_INTERIOR,B-N,0.1449730000000001,0.144973,1.1102230246251565e-16
2589,A:LOWER:-14:4,A:LOWER:-13:3,B,N,ANNULUS_OUTER_BOUNDARY,ANNULUS_INTERIOR,B-N,0.14497299999999957,0.144973,4.163336342344337e-16
2590,A:LOWER:-14:4,A:LOWER:-13:5,B,N,ANNULUS_OUTER_BOUNDARY,ANNULUS_OUTER_BOUNDARY,B-N,0.14497299999999927,0.144973,7.216449660063518e-16
2591,A:LOWER:-13:-5,A:LOWER:-11:-5,N,B,ANNULUS_OUTER_BOUNDARY,ANNULUS_INTERIOR,B-N,0.14497299999999988,0.144973,1.1102230246251565e-16
2592,A:LOWER:-13:-3,A:LOWER:-11:-3,N,B,ANNULUS_INTERIOR,ANNULUS_INTERIOR,B-N,0.144972999999999,0.144973,9.992007221626409e-16
2593,A:LOWER:-13:-1,A:LOWER:-11:-1,N,B,ANNULUS_INTERIOR,ANNULUS_INTERIOR,B-N,0.14497300000000077,0.144973,7.771561172376096e-16
2594,A:LOWER:-13:1,A:LOWER:-11:1,N,B,ANNULUS_INTERIOR,ANNULUS_INTERIOR,B-N,0.144972999999999,0.144973,9.992007221626409e-16
2595,A:LOWER:-13:3,A:LOWER:-11:3,N,B,ANNULUS_INTERIOR,ANNULUS_INTERIOR,B-N,0.14497299999999988,0.144973,1.1102230246251565e-16
2596,A:LOWER:-13:5,A:LOWER:-11:5,N,B,ANNULUS_OUTER_BOUNDARY,ANNULUS_INTERIOR,B-N,0.14497300000000077,0.144973,7.771561172376096e-16
2597,A:LOWER:-11:-5,A:LOWER:-10:-6,B,N,ANNULUS_INTERIOR,ANNULUS_OUTER_BOUNDARY,B-N,0.14497299999999966,0.144973,3.3306690738754696e-16
2598,A:LOWER:-11:-5,A:LOWER:-10:-4,B,N,ANNULUS_INTERIOR,ANNULUS_INTERIOR,B-N,0.1449730000000005,0.144973,4.996003610813204e-16
2599,A:LOWER:-11:-3,A:LOWER:-10:-4,B,N,ANNULUS_INTERIOR,ANNULUS_INTERIOR,B-N,0.14497299999999966,0.144973,3.3306690738754696e-16
2600,A:LOWER:-11:-3,A:LOWER:-10:-2,B,N,ANNULUS_INTERIOR,ANNULUS_INTERIOR,B-N,0.1449730000000001,0.144973,1.1102230246251565e-16
2601,A:LOWER:-11:-1,A:LOWER:-10:-2,B,N,ANNULUS_INTERIOR,ANNULUS_INTERIOR,B-N,0.14497299999999957,0.144973,4.163336342344337e-16
2602,A:LOWER:-11:-1,A:LOWER:-10:0,B,N,ANNULUS_INTERIOR,ANNULUS_INTERIOR,B-N,0.1449729999999997,0.144973,2.7755575615628914e-16
2603,A:LOWER:-11:1,A:LOWER:-10:0,B,N,ANNULUS_INTERIOR,ANNULUS_INTERIOR,B-N,0.14497300000000046,0.144973,4.718447854656915e-16
2604,A:LOWER:-11:1,A:LOWER:-10:2,B,N,ANNULUS_INTERIOR,ANNULUS_INTERIOR,B-N,0.144973000000001,0.144973,9.992007221626409e-16
2605,A:LOWER:-11:3,A:LOWER:-10:2,B,N,ANNULUS_INTERIOR,ANNULUS_INTERIOR,B-N,0.14497300000000046,0.144973,4.718447854656915e-16
2606,A:LOWER:-11:3,A:LOWER:-10:4,B,N,ANNULUS_INTERIOR,ANNULUS_INTERIOR,B-N,0.1449729999999997,0.144973,2.7755575615628914e-16
2607,A:LOWER:-11:5,A:LOWER:-10:4,B,N,ANNULUS_INTERIOR,ANNULUS_INTERIOR,B-N,0.1449729999999992,0.144973,7.771561172376096e-16
2608,A:LOWER:-11:5,A:LOWER:-10:6,B,N,ANNULUS_INTERIOR,ANNULUS_OUTER_BOUNDARY,B-N,0.1449730000000001,0.144973,1.1102230246251565e-16
2609,A:LOWER:-10:-6,A:LOWER:-8:-6,N,B,ANNULUS_OUTER_BOUNDARY,ANNULUS_INTERIOR,B-N,0.14497299999999988,0.144973,1.1102230246251565e-16
2610,A:LOWER:-10:-4,A:LOWER:-8:-4,N,B,ANNULUS_INTERIOR,ANNULUS_INTERIOR,B-N,0.14497299999999988,0.144973,1.1102230246251565e-16
2611,A:LOWER:-10:-2,A:LOWER:-8:-2,N,B,ANNULUS_INTERIOR,ANNULUS_INTERIOR,B-N,0.14497300000000077,0.144973,7.771561172376096e-16
2612,A:LOWER:-10:0,A:LOWER:-8:0,N,B,ANNULUS_INTERIOR,ANNULUS_INTERIOR,B-N,0.14497299999999988,0.144973,1.1102230246251565e-16
2613,A:LOWER:-10:2,A:LOWER:-8:2,N,B,ANNULUS_INTERIOR,ANNULUS_INTERIOR,B-N,0.144972999999999,0.144973,9.992007221626409e-16
2614,A:LOWER:-10:4,A:LOWER:-8:4,N,B,ANNULUS_INTERIOR,ANNULUS_INTERIOR,B-N,0.14497300000000077,0.144973,7.771561172376096e-16
2615,A:LOWER:-10:6,A:LOWER:-8:6,N,B,ANNULUS_OUTER_BOUNDARY,ANNULUS_INTERIOR,B-N,0.144972999999999,0.144973,9.992007221626409e-16
2616,A:LOWER:-8:-6,A:LOWER:-7:-7,B,N,ANNULUS_INTERIOR,ANNULUS_OUTER_BOUNDARY,B-N,0.1449730000000004,0.144973,4.163336342344337e-16
2617,A:LOWER:-8:-6,A:LOWER:-7:-5,B,N,ANNULUS_INTERIOR,ANNULUS_INTERIOR,B-N,0.1449729999999997,0.144973,2.7755575615628914e-16
2618,A:LOWER:-8:-4,A:LOWER:-7:-5,B,N,ANNULUS_INTERIOR,ANNULUS_INTERIOR,B-N,0.14497299999999966,0.144973,3.3306690738754696e-16
2619,A:LOWER:-8:-4,A:LOWER:-7:-3,B,N,ANNULUS_INTERIOR,ANNULUS_INTERIOR,B-N,0.14497300000000016,0.144973,1.6653345369377348e-16
2620,A:LOWER:-8:-2,A:LOWER:-7:-3,B,N,ANNULUS_INTERIOR,ANNULUS_INTERIOR,B-N,0.1449730000000004,0.144973,4.163336342344337e-16
2621,A:LOWER:-8:-2,A:LOWER:-7:-1,B,N,ANNULUS_INTERIOR,ANNULUS_INNER_BOUNDARY,B-N,0.1449730000000001,0.144973,1.1102230246251565e-16
2622,A:LOWER:-8:0,A:LOWER:-7:-1,B,N,ANNULUS_INTERIOR,ANNULUS_INNER_BOUNDARY,B-N,0.14497300000000002,0.144973,2.7755575615628914e-17
2623,A:LOWER:-8:0,A:LOWER:-7:1,B,N,ANNULUS_INTERIOR,ANNULUS_INNER_BOUNDARY,B-N,0.1449729999999997,0.144973,2.7755575615628914e-16
2624,A:LOWER:-8:2,A:LOWER:-7:1,B,N,ANNULUS_INTERIOR,ANNULUS_INNER_BOUNDARY,B-N,0.14497300000000002,0.144973,2.7755575615628914e-17
2625,A:LOWER:-8:2,A:LOWER:-7:3,B,N,ANNULUS_INTERIOR,ANNULUS_INTERIOR,B-N,0.1449730000000001,0.144973,1.1102230246251565e-16
2626,A:LOWER:-8:4,A:LOWER:-7:3,B,N,ANNULUS_INTERIOR,ANNULUS_INTERIOR,B-N,0.1449729999999992,0.144973,7.771561172376096e-16
2627,A:LOWER:-8:4,A:LOWER:-7:5,B,N,ANNULUS_INTERIOR,ANNULUS_INTERIOR,B-N,0.1449730000000001,0.144973,1.1102230246251565e-16
2628,A:LOWER:-8:6,A:LOWER:-7:5,B,N,ANNULUS_INTERIOR,ANNULUS_INTERIOR,B-N,0.14497300000000046,0.144973,4.718447854656915e-16
2629,A:LOWER:-8:6,A:LOWER:-7:7,B,N,ANNULUS_INTERIOR,ANNULUS_OUTER_BOUNDARY,B-N,0.144973000000001,0.144973,9.992007221626409e-16
2630,A:LOWER:-7:-7,A:LOWER:-5:-7,N,B,ANNULUS_OUTER_BOUNDARY,ANNULUS_INTERIOR,B-N,0.14497299999999988,0.144973,1.1102230246251565e-16
2631,A:LOWER:-7:-5,A:LOWER:-5:-5,N,B,ANNULUS_INTERIOR,ANNULUS_INTERIOR,B-N,0.14497300000000077,0.144973,7.771561172376096e-16
2632,A:LOWER:-7:-3,A:LOWER:-5:-3,N,B,ANNULUS_INTERIOR,ANNULUS_INNER_BOUNDARY,B-N,0.14497299999999988,0.144973,1.1102230246251565e-16
2633,A:LOWER:-7:3,A:LOWER:-5:3,N,B,ANNULUS_INTERIOR,ANNULUS_INNER_BOUNDARY,B-N,0.14497300000000077,0.144973,7.771561172376096e-16
2634,A:LOWER:-7:5,A:LOWER:-5:5,N,B,ANNULUS_INTERIOR,ANNULUS_INTERIOR,B-N,0.14497299999999988,0.144973,1.1102230246251565e-16
2635,A:LOWER:-7:7,A:LOWER:-5:7,N,B,ANNULUS_OUTER_BOUNDARY,ANNULUS_INTERIOR,B-N,0.144972999999999,0.144973,9.992007221626409e-16
2636,A:LOWER:-5:-7,A:LOWER:-4:-8,B,N,ANNULUS_INTERIOR,ANNULUS_OUTER_BOUNDARY,B-N,0.1449730000000004,0.144973,4.163336342344337e-16
2637,A:LOWER:-5:-7,A:LOWER:-4:-6,B,N,ANNULUS_INTERIOR,ANNULUS_INTERIOR,B-N,0.14497299999999994,0.144973,5.551115123125783e-17
2638,A:LOWER:-5:-5,A:LOWER:-4:-6,B,N,ANNULUS_INTERIOR,ANNULUS_INTERIOR,B-N,0.14497300000000019,0.144973,1.942890293094024e-16
2639,A:LOWER:-5:-5,A:LOWER:-4:-4,B,N,ANNULUS_INTERIOR,ANNULUS_INTERIOR,B-N,0.1449729999999997,0.144973,2.7755575615628914e-16
2640,A:LOWER:-5:-3,A:LOWER:-4:-4,B,N,ANNULUS_INNER_BOUNDARY,ANNULUS_INTERIOR,B-N,0.14497299999999966,0.144973,3.3306690738754696e-16
2641,A:LOWER:-5:3,A:LOWER:-4:4,B,N,ANNULUS_INNER_BOUNDARY,ANNULUS_INTERIOR,B-N,0.1449729999999997,0.144973,2.7755575615628914e-16
2642,A:LOWER:-5:5,A:LOWER:-4:4,B,N,ANNULUS_INTERIOR,ANNULUS_INTERIOR,B-N,0.14497300000000002,0.144973,2.7755575615628914e-17
2643,A:LOWER:-5:5,A:LOWER:-4:6,B,N,ANNULUS_INTERIOR,ANNULUS_INTERIOR,B-N,0.14497300000000032,0.144973,3.3306690738754696e-16
2644,A:LOWER:-5:7,A:LOWER:-4:6,B,N,ANNULUS_INTERIOR,ANNULUS_INTERIOR,B-N,0.14497300000000024,0.144973,2.498001805406602e-16
2645,A:LOWER:-5:7,A:LOWER:-4:8,B,N,ANNULUS_INTERIOR,ANNULUS_OUTER_BOUNDARY,B-N,0.14497299999999994,0.144973,5.551115123125783e-17
2646,A:LOWER:-4:-8,A:LOWER:-2:-8,N,B,ANNULUS_OUTER_BOUNDARY,ANNULUS_INTERIOR,B-N,0.14497299999999988,0.144973,1.1102230246251565e-16
2647,A:LOWER:-4:-6,A:LOWER:-2:-6,N,B,ANNULUS_INTERIOR,ANNULUS_INTERIOR,B-N,0.14497300000000032,0.144973,3.3306690738754696e-16
2648,A:LOWER:-4:-4,A:LOWER:-2:-4,N,B,ANNULUS_INTERIOR,ANNULUS_INNER_BOUNDARY,B-N,0.14497299999999988,0.144973,1.1102230246251565e-16
2649,A:LOWER:-4:4,A:LOWER:-2:4,N,B,ANNULUS_INTERIOR,ANNULUS_INNER_BOUNDARY,B-N,0.14497299999999988,0.144973,1.1102230246251565e-16
2650,A:LOWER:-4:6,A:LOWER:-2:6,N,B,ANNULUS_INTERIOR,ANNULUS_INTERIOR,B-N,0.14497299999999988,0.144973,1.1102230246251565e-16
2651,A:LOWER:-4:8,A:LOWER:-2:8,N,B,ANNULUS_OUTER_BOUNDARY,ANNULUS_INTERIOR,B-N,0.14497300000000032,0.144973,3.3306690738754696e-16
2652,A:LOWER:-2:-8,A:LOWER:-1:-9,B,N,ANNULUS_INTERIOR,ANNULUS_OUTER_BOUNDARY,B-N,0.14497300000000063,0.144973,6.38378239159465e-16
2653,A:LOWER:-2:-8,A:LOWER:-1:-7,B,N,ANNULUS_INTERIOR,ANNULUS_INTERIOR,B-N,0.14497299999999994,0.144973,5.551115123125783e-17
2654,A:LOWER:-2:-6,A:LOWER:-1:-7,B,N,ANNULUS_INTERIOR,ANNULUS_INTERIOR,B-N,0.14497300000000019,0.144973,1.942890293094024e-16
2655,A:LOWER:-2:-6,A:LOWER:-1:-5,B,N,ANNULUS_INTERIOR,ANNULUS_INTERIOR,B-N,0.1449729999999997,0.144973,2.7755575615628914e-16
2656,A:LOWER:-2:-4,A:LOWER:-1:-5,B,N,ANNULUS_INNER_BOUNDARY,ANNULUS_INTERIOR,B-N,0.14497299999999966,0.144973,3.3306690738754696e-16
2657,A:LOWER:-2:4,A:LOWER:-1:5,B,N,ANNULUS_INNER_BOUNDARY,ANNULUS_INTERIOR,B-N,0.14497299999999994,0.144973,5.551115123125783e-17
2658,A:LOWER:-2:6,A:LOWER:-1:5,B,N,ANNULUS_INTERIOR,ANNULUS_INTERIOR,B-N,0.14497300000000002,0.144973,2.7755575615628914e-17
2659,A:LOWER:-2:6,A:LOWER:-1:7,B,N,ANNULUS_INTERIOR,ANNULUS_INTERIOR,B-N,0.1449730000000001,0.144973,1.1102230246251565e-16
2660,A:LOWER:-2:8,A:LOWER:-1:7,B,N,ANNULUS_INTERIOR,ANNULUS_INTERIOR,B-N,0.1449729999999998,0.144973,1.942890293094024e-16
2661,A:LOWER:-2:8,A:LOWER:-1:9,B,N,ANNULUS_INTERIOR,ANNULUS_OUTER_BOUNDARY,B-N,0.1449729999999997,0.144973,2.7755575615628914e-16
2662,A:LOWER:-1:-9,A:LOWER:1:-9,N,B,ANNULUS_OUTER_BOUNDARY,ANNULUS_OUTER_BOUNDARY,B-N,0.14497299999999988,0.144973,1.1102230246251565e-16
2663,A:LOWER:-1:-7,A:LOWER:1:-7,N,B,ANNULUS_INTERIOR,ANNULUS_INTERIOR,B-N,0.14497300000000032,0.144973,3.3306690738754696e-16
2664,A:LOWER:-1:-5,A:LOWER:1:-5,N,B,ANNULUS_INTERIOR,ANNULUS_INTERIOR,B-N,0.14497299999999988,0.144973,1.1102230246251565e-16
2665,A:LOWER:-1:5,A:LOWER:1:5,N,B,ANNULUS_INTERIOR,ANNULUS_INTERIOR,B-N,0.14497299999999988,0.144973,1.1102230246251565e-16
2666,A:LOWER:-1:7,A:LOWER:1:7,N,B,ANNULUS_INTERIOR,ANNULUS_INTERIOR,B-N,0.14497299999999988,0.144973,1.1102230246251565e-16
2667,A:LOWER:-1:9,A:LOWER:1:9,N,B,ANNULUS_OUTER_BOUNDARY,ANNULUS_OUTER_BOUNDARY,B-N,0.14497299999999988,0.144973,1.1102230246251565e-16
2668,A:LOWER:1:-9,A:LOWER:2:-8,B,N,ANNULUS_OUTER_BOUNDARY,ANNULUS_INTERIOR,B-N,0.1449729999999997,0.144973,2.7755575615628914e-16
2669,A:LOWER:1:-7,A:LOWER:2:-8,B,N,ANNULUS_INTERIOR,ANNULUS_INTERIOR,B-N,0.14497300000000019,0.144973,1.942890293094024e-16
2670,A:LOWER:1:-7,A:LOWER:2:-6,B,N,ANNULUS_INTERIOR,ANNULUS_INTERIOR,B-N,0.1449729999999997,0.144973,2.7755575615628914e-16
2671,A:LOWER:1:-5,A:LOWER:2:-6,B,N,ANNULUS_INTERIOR,ANNULUS_INTERIOR,B-N,0.1449730000000004,0.144973,4.163336342344337e-16
2672,A:LOWER:1:-5,A:LOWER:2:-4,B,N,ANNULUS_INTERIOR,ANNULUS_INNER_BOUNDARY,B-N,0.1449729999999997,0.144973,2.7755575615628914e-16
2673,A:LOWER:1:5,A:LOWER:2:4,B,N,ANNULUS_INTERIOR,ANNULUS_INNER_BOUNDARY,B-N,0.14497299999999966,0.144973,3.3306690738754696e-16
2674,A:LOWER:1:5,A:LOWER:2:6,B,N,ANNULUS_INTERIOR,ANNULUS_INTERIOR,B-N,0.1449730000000001,0.144973,1.1102230246251565e-16
2675,A:LOWER:1:7,A:LOWER:2:6,B,N,ANNULUS_INTERIOR,ANNULUS_INTERIOR,B-N,0.14497300000000002,0.144973,2.7755575615628914e-17
2676,A:LOWER:1:7,A:LOWER:2:8,B,N,ANNULUS_INTERIOR,ANNULUS_INTERIOR,B-N,0.14497299999999994,0.144973,5.551115123125783e-17
2677,A:LOWER:1:9,A:LOWER:2:8,B,N,ANNULUS_OUTER_BOUNDARY,ANNULUS_INTERIOR,B-N,0.1449730000000004,0.144973,4.163336342344337e-16
2678,A:LOWER:2:-8,A:LOWER:4:-8,N,B,ANNULUS_INTERIOR,ANNULUS_OUTER_BOUNDARY,B-N,0.14497299999999988,0.144973,1.1102230246251565e-16
2679,A:LOWER:2:-6,A:LOWER:4:-6,N,B,ANNULUS_INTERIOR,ANNULUS_INTERIOR,B-N,0.14497299999999988,0.144973,1.1102230246251565e-16
2680,A:LOWER:2:-4,A:LOWER:4:-4,N,B,ANNULUS_INNER_BOUNDARY,ANNULUS_INTERIOR,B-N,0.14497300000000032,0.144973,3.3306690738754696e-16
2681,A:LOWER:2:4,A:LOWER:4:4,N,B,ANNULUS_INNER_BOUNDARY,ANNULUS_INTERIOR,B-N,0.14497299999999988,0.144973,1.1102230246251565e-16
2682,A:LOWER:2:6,A:LOWER:4:6,N,B,ANNULUS_INTERIOR,ANNULUS_INTERIOR,B-N,0.14497300000000032,0.144973,3.3306690738754696e-16
2683,A:LOWER:2:8,A:LOWER:4:8,N,B,ANNULUS_INTERIOR,ANNULUS_OUTER_BOUNDARY,B-N,0.14497300000000032,0.144973,3.3306690738754696e-16
2684,A:LOWER:4:-8,A:LOWER:5:-7,B,N,ANNULUS_OUTER_BOUNDARY,ANNULUS_INTERIOR,B-N,0.14497300000000016,0.144973,1.6653345369377348e-16
2685,A:LOWER:4:-6,A:LOWER:5:-7,B,N,ANNULUS_INTERIOR,ANNULUS_INTERIOR,B-N,0.14497300000000063,0.144973,6.38378239159465e-16
2686,A:LOWER:4:-6,A:LOWER:5:-5,B,N,ANNULUS_INTERIOR,ANNULUS_INTERIOR,B-N,0.14497299999999994,0.144973,5.551115123125783e-17
2687,A:LOWER:4:-4,A:LOWER:5:-5,B,N,ANNULUS_INTERIOR,ANNULUS_INTERIOR,B-N,0.14497299999999966,0.144973,3.3306690738754696e-16
2688,A:LOWER:4:-4,A:LOWER:5:-3,B,N,ANNULUS_INTERIOR,ANNULUS_INNER_BOUNDARY,B-N,0.1449730000000005,0.144973,4.996003610813204e-16
2689,A:LOWER:4:4,A:LOWER:5:3,B,N,ANNULUS_INTERIOR,ANNULUS_INNER_BOUNDARY,B-N,0.14497300000000002,0.144973,2.7755575615628914e-17
2690,A:LOWER:4:4,A:LOWER:5:5,B,N,ANNULUS_INTERIOR,ANNULUS_INTERIOR,B-N,0.14497299999999994,0.144973,5.551115123125783e-17
2691,A:LOWER:4:6,A:LOWER:5:5,B,N,ANNULUS_INTERIOR,ANNULUS_INTERIOR,B-N,0.14497300000000002,0.144973,2.7755575615628914e-17
2692,A:LOWER:4:6,A:LOWER:5:7,B,N,ANNULUS_INTERIOR,ANNULUS_INTERIOR,B-N,0.1449730000000001,0.144973,1.1102230246251565e-16
2693,A:LOWER:4:8,A:LOWER:5:7,B,N,ANNULUS_OUTER_BOUNDARY,ANNULUS_INTERIOR,B-N,0.1449729999999998,0.144973,1.942890293094024e-16
2694,A:LOWER:5:-7,A:LOWER:7:-7,N,B,ANNULUS_INTERIOR,ANNULUS_OUTER_BOUNDARY,B-N,0.14497299999999944,0.144973,5.551115123125783e-16
2695,A:LOWER:5:-5,A:LOWER:7:-5,N,B,ANNULUS_INTERIOR,ANNULUS_INTERIOR,B-N,0.14497299999999988,0.144973,1.1102230246251565e-16
2696,A:LOWER:5:-3,A:LOWER:7:-3,N,B,ANNULUS_INNER_BOUNDARY,ANNULUS_INTERIOR,B-N,0.14497300000000032,0.144973,3.3306690738754696e-16
2697,A:LOWER:5:3,A:LOWER:7:3,N,B,ANNULUS_INNER_BOUNDARY,ANNULUS_INTERIOR,B-N,0.14497300000000032,0.144973,3.3306690738754696e-16
2698,A:LOWER:5:5,A:LOWER:7:5,N,B,ANNULUS_INTERIOR,ANNULUS_INTERIOR,B-N,0.14497299999999988,0.144973,1.1102230246251565e-16
2699,A:LOWER:5:7,A:LOWER:7:7,N,B,ANNULUS_INTERIOR,ANNULUS_OUTER_BOUNDARY,B-N,0.14497299999999988,0.144973,1.1102230246251565e-16
2700,A:LOWER:7:-7,A:LOWER:8:-6,B,N,ANNULUS_OUTER_BOUNDARY,ANNULUS_INTERIOR,B-N,0.14497299999999994,0.144973,5.551115123125783e-17
2701,A:LOWER:7:-5,A:LOWER:8:-6,B,N,ANNULUS_INTERIOR,ANNULUS_INTERIOR,B-N,0.1449730000000004,0.144973,4.163336342344337e-16
2702,A:LOWER:7:-5,A:LOWER:8:-4,B,N,ANNULUS_INTERIOR,ANNULUS_INTERIOR,B-N,0.1449729999999997,0.144973,2.7755575615628914e-16
2703,A:LOWER:7:-3,A:LOWER:8:-4,B,N,ANNULUS_INTERIOR,ANNULUS_INTERIOR,B-N,0.1449729999999994,0.144973,5.828670879282072e-16
2704,A:LOWER:7:-3,A:LOWER:8:-2,B,N,ANNULUS_INTERIOR,ANNULUS_INTERIOR,B-N,0.1449730000000001,0.144973,1.1102230246251565e-16
2705,A:LOWER:7:-1,A:LOWER:8:-2,B,N,ANNULUS_INNER_BOUNDARY,ANNULUS_INTERIOR,B-N,0.14497300000000002,0.144973,2.7755575615628914e-17
2706,A:LOWER:7:-1,A:LOWER:8:0,B,N,ANNULUS_INNER_BOUNDARY,ANNULUS_INTERIOR,B-N,0.14497300000000032,0.144973,3.3306690738754696e-16
2707,A:LOWER:7:1,A:LOWER:8:0,B,N,ANNULUS_INNER_BOUNDARY,ANNULUS_INTERIOR,B-N,0.14497300000000002,0.144973,2.7755575615628914e-17
2708,A:LOWER:7:1,A:LOWER:8:2,B,N,ANNULUS_INNER_BOUNDARY,ANNULUS_INTERIOR,B-N,0.14497299999999994,0.144973,5.551115123125783e-17
2709,A:LOWER:7:3,A:LOWER:8:2,B,N,ANNULUS_INTERIOR,ANNULUS_INTERIOR,B-N,0.14497300000000002,0.144973,2.7755575615628914e-17
2710,A:LOWER:7:3,A:LOWER:8:4,B,N,ANNULUS_INTERIOR,ANNULUS_INTERIOR,B-N,0.1449730000000001,0.144973,1.1102230246251565e-16
2711,A:LOWER:7:5,A:LOWER:8:4,B,N,ANNULUS_INTERIOR,ANNULUS_INTERIOR,B-N,0.14497299999999966,0.144973,3.3306690738754696e-16
2712,A:LOWER:7:5,A:LOWER:8:6,B,N,ANNULUS_INTERIOR,ANNULUS_INTERIOR,B-N,0.1449730000000001,0.144973,1.1102230246251565e-16
2713,A:LOWER:7:7,A:LOWER:8:6,B,N,ANNULUS_OUTER_BOUNDARY,ANNULUS_INTERIOR,B-N,0.14497300000000002,0.144973,2.7755575615628914e-17
2714,A:LOWER:8:-6,A:LOWER:10:-6,N,B,ANNULUS_INTERIOR,ANNULUS_OUTER_BOUNDARY,B-N,0.14497299999999988,0.144973,1.1102230246251565e-16
2715,A:LOWER:8:-4,A:LOWER:10:-4,N,B,ANNULUS_INTERIOR,ANNULUS_INTERIOR,B-N,0.14497300000000077,0.144973,7.771561172376096e-16
2716,A:LOWER:8:-2,A:LOWER:10:-2,N,B,ANNULUS_INTERIOR,ANNULUS_INTERIOR,B-N,0.14497300000000032,0.144973,3.3306690738754696e-16
2717,A:LOWER:8:0,A:LOWER:10:0,N,B,ANNULUS_INTERIOR,ANNULUS_INTERIOR,B-N,0.14497299999999988,0.144973,1.1102230246251565e-16
2718,A:LOWER:8:2,A:LOWER:10:2,N,B,ANNULUS_INTERIOR,ANNULUS_INTERIOR,B-N,0.14497299999999988,0.144973,1.1102230246251565e-16
2719,A:LOWER:8:4,A:LOWER:10:4,N,B,ANNULUS_INTERIOR,ANNULUS_INTERIOR,B-N,0.14497299999999988,0.144973,1.1102230246251565e-16
2720,A:LOWER:8:6,A:LOWER:10:6,N,B,ANNULUS_INTERIOR,ANNULUS_OUTER_BOUNDARY,B-N,0.14497299999999988,0.144973,1.1102230246251565e-16
2721,A:LOWER:10:-6,A:LOWER:11:-5,B,N,ANNULUS_OUTER_BOUNDARY,ANNULUS_INTERIOR,B-N,0.14497299999999994,0.144973,5.551115123125783e-17
2722,A:LOWER:10:-4,A:LOWER:11:-5,B,N,ANNULUS_INTERIOR,ANNULUS_INTERIOR,B-N,0.1449729999999994,0.144973,5.828670879282072e-16
2723,A:LOWER:10:-4,A:LOWER:11:-3,B,N,ANNULUS_INTERIOR,ANNULUS_INTERIOR,B-N,0.1449730000000005,0.144973,4.996003610813204e-16
2724,A:LOWER:10:-2,A:LOWER:11:-3,B,N,ANNULUS_INTERIOR,ANNULUS_INTERIOR,B-N,0.14497299999999966,0.144973,3.3306690738754696e-16
2725,A:LOWER:10:-2,A:LOWER:11:-1,B,N,ANNULUS_INTERIOR,ANNULUS_INTERIOR,B-N,0.1449730000000001,0.144973,1.1102230246251565e-16
2726,A:LOWER:10:0,A:LOWER:11:-1,B,N,ANNULUS_INTERIOR,ANNULUS_INTERIOR,B-N,0.14497300000000002,0.144973,2.7755575615628914e-17
2727,A:LOWER:10:0,A:LOWER:11:1,B,N,ANNULUS_INTERIOR,ANNULUS_INTERIOR,B-N,0.1449729999999997,0.144973,2.7755575615628914e-16
2728,A:LOWER:10:2,A:LOWER:11:1,B,N,ANNULUS_INTERIOR,ANNULUS_INTERIOR,B-N,0.1449729999999998,0.144973,1.942890293094024e-16
2729,A:LOWER:10:2,A:LOWER:11:3,B,N,ANNULUS_INTERIOR,ANNULUS_INTERIOR,B-N,0.1449730000000001,0.144973,1.1102230246251565e-16
2730,A:LOWER:10:4,A:LOWER:11:3,B,N,ANNULUS_INTERIOR,ANNULUS_INTERIOR,B-N,0.14497300000000002,0.144973,2.7755575615628914e-17
2731,A:LOWER:10:4,A:LOWER:11:5,B,N,ANNULUS_INTERIOR,ANNULUS_INTERIOR,B-N,0.14497300000000016,0.144973,1.6653345369377348e-16
2732,A:LOWER:10:6,A:LOWER:11:5,B,N,ANNULUS_OUTER_BOUNDARY,ANNULUS_INTERIOR,B-N,0.14497300000000085,0.144973,8.604228440844963e-16
2733,A:LOWER:11:-5,A:LOWER:13:-5,N,B,ANNULUS_INTERIOR,ANNULUS_OUTER_BOUNDARY,B-N,0.14497299999999988,0.144973,1.1102230246251565e-16
2734,A:LOWER:11:-3,A:LOWER:13:-3,N,B,ANNULUS_INTERIOR,ANNULUS_INTERIOR,B-N,0.14497299999999944,0.144973,5.551115123125783e-16
2735,A:LOWER:11:-1,A:LOWER:13:-1,N,B,ANNULUS_INTERIOR,ANNULUS_INTERIOR,B-N,0.14497299999999988,0.144973,1.1102230246251565e-16
2736,A:LOWER:11:1,A:LOWER:13:1,N,B,ANNULUS_INTERIOR,ANNULUS_INTERIOR,B-N,0.14497299999999988,0.144973,1.1102230246251565e-16
2737,A:LOWER:11:3,A:LOWER:13:3,N,B,ANNULUS_INTERIOR,ANNULUS_INTERIOR,B-N,0.14497300000000032,0.144973,3.3306690738754696e-16
2738,A:LOWER:11:5,A:LOWER:13:5,N,B,ANNULUS_INTERIOR,ANNULUS_OUTER_BOUNDARY,B-N,0.14497299999999944,0.144973,5.551115123125783e-16
2739,A:LOWER:13:-5,A:LOWER:14:-4,B,N,ANNULUS_OUTER_BOUNDARY,ANNULUS_OUTER_BOUNDARY,B-N,0.1449729999999997,0.144973,2.7755575615628914e-16
2740,A:LOWER:13:-3,A:LOWER:14:-4,B,N,ANNULUS_INTERIOR,ANNULUS_OUTER_BOUNDARY,B-N,0.1449730000000004,0.144973,4.163336342344337e-16
2741,A:LOWER:13:-3,A:LOWER:14:-2,B,N,ANNULUS_INTERIOR,ANNULUS_OUTER_BOUNDARY,B-N,0.14497299999999994,0.144973,5.551115123125783e-17
2742,A:LOWER:13:-1,A:LOWER:14:-2,B,N,ANNULUS_INTERIOR,ANNULUS_OUTER_BOUNDARY,B-N,0.14497300000000002,0.144973,2.7755575615628914e-17
2743,A:LOWER:13:-1,A:LOWER:14:0,B,N,ANNULUS_INTERIOR,ANNULUS_OUTER_BOUNDARY,B-N,0.1449730000000001,0.144973,1.1102230246251565e-16
2744,A:LOWER:13:1,A:LOWER:14:0,B,N,ANNULUS_INTERIOR,ANNULUS_OUTER_BOUNDARY,B-N,0.14497300000000002,0.144973,2.7755575615628914e-17
2745,A:LOWER:13:1,A:LOWER:14:2,B,N,ANNULUS_INTERIOR,ANNULUS_OUTER_BOUNDARY,B-N,0.14497300000000016,0.144973,1.6653345369377348e-16
2746,A:LOWER:13:3,A:LOWER:14:2,B,N,ANNULUS_INTERIOR,ANNULUS_OUTER_BOUNDARY,B-N,0.14497300000000002,0.144973,2.7755575615628914e-17
2747,A:LOWER:13:3,A:LOWER:14:4,B,N,ANNULUS_INTERIOR,ANNULUS_OUTER_BOUNDARY,B-N,0.1449729999999997,0.144973,2.7755575615628914e-16
2748,A:LOWER:13:5,A:LOWER:14:4,B,N,ANNULUS_OUTER_BOUNDARY,ANNULUS_OUTER_BOUNDARY,B-N,0.14497300000000002,0.144973,2.7755575615628914e-17
2749,A:UPPER:-14:-4,A:UPPER:-13:-5,N,B,ANNULUS_OUTER_BOUNDARY,ANNULUS_OUTER_BOUNDARY,B-N,0.14497299999999988,0.144973,1.1102230246251565e-16
2750,A:UPPER:-14:-4,A:UPPER:-13:-3,N,B,ANNULUS_OUTER_BOUNDARY,ANNULUS_INTERIOR,B-N,0.1449729999999997,0.144973,2.7755575615628914e-16
2751,A:UPPER:-14:-2,A:UPPER:-13:-3,N,B,ANNULUS_OUTER_BOUNDARY,ANNULUS_INTERIOR,B-N,0.14497300000000032,0.144973,3.3306690738754696e-16
2752,A:UPPER:-14:-2,A:UPPER:-13:-1,N,B,ANNULUS_OUTER_BOUNDARY,ANNULUS_INTERIOR,B-N,0.1449729999999997,0.144973,2.7755575615628914e-16
2753,A:UPPER:-14:0,A:UPPER:-13:-1,N,B,ANNULUS_OUTER_BOUNDARY,ANNULUS_INTERIOR,B-N,0.14497300000000032,0.144973,3.3306690738754696e-16
2754,A:UPPER:-14:0,A:UPPER:-13:1,N,B,ANNULUS_OUTER_BOUNDARY,ANNULUS_INTERIOR,B-N,0.1449729999999997,0.144973,2.7755575615628914e-16
2755,A:UPPER:-14:2,A:UPPER:-13:1,N,B,ANNULUS_OUTER_BOUNDARY,ANNULUS_INTERIOR,B-N,0.14497299999999988,0.144973,1.1102230246251565e-16
2756,A:UPPER:-14:2,A:UPPER:-13:3,N,B,ANNULUS_OUTER_BOUNDARY,ANNULUS_INTERIOR,B-N,0.14497299999999994,0.144973,5.551115123125783e-17
2757,A:UPPER:-14:4,A:UPPER:-13:3,N,B,ANNULUS_OUTER_BOUNDARY,ANNULUS_INTERIOR,B-N,0.14497299999999944,0.144973,5.551115123125783e-16
2758,A:UPPER:-14:4,A:UPPER:-13:5,N,B,ANNULUS_OUTER_BOUNDARY,ANNULUS_OUTER_BOUNDARY,B-N,0.14497299999999994,0.144973,5.551115123125783e-17
2759,A:UPPER:-13:-5,A:UPPER:-11:-5,B,N,ANNULUS_OUTER_BOUNDARY,ANNULUS_INTERIOR,B-N,0.1449730000000004,0.144973,4.163336342344337e-16
2760,A:UPPER:-13:-3,A:UPPER:-11:-3,B,N,ANNULUS_INTERIOR,ANNULUS_INTERIOR,B-N,0.14497300000000019,0.144973,1.942890293094024e-16
2761,A:UPPER:-13:-1,A:UPPER:-11:-1,B,N,ANNULUS_INTERIOR,ANNULUS_INTERIOR,B-N,0.1449730000000004,0.144973,4.163336342344337e-16
2762,A:UPPER:-13:1,A:UPPER:-11:1,B,N,ANNULUS_INTERIOR,ANNULUS_INTERIOR,B-N,0.14497300000000019,0.144973,1.942890293094024e-16
2763,A:UPPER:-13:3,A:UPPER:-11:3,B,N,ANNULUS_INTERIOR,ANNULUS_INTERIOR,B-N,0.1449730000000004,0.144973,4.163336342344337e-16
2764,A:UPPER:-13:5,A:UPPER:-11:5,B,N,ANNULUS_OUTER_BOUNDARY,ANNULUS_INTERIOR,B-N,0.14497300000000019,0.144973,1.942890293094024e-16
2765,A:UPPER:-11:-5,A:UPPER:-10:-6,N,B,ANNULUS_INTERIOR,ANNULUS_OUTER_BOUNDARY,B-N,0.14497299999999988,0.144973,1.1102230246251565e-16
2766,A:UPPER:-11:-5,A:UPPER:-10:-4,N,B,ANNULUS_INTERIOR,ANNULUS_INTERIOR,B-N,0.14497299999999994,0.144973,5.551115123125783e-17
2767,A:UPPER:-11:-3,A:UPPER:-10:-4,N,B,ANNULUS_INTERIOR,ANNULUS_INTERIOR,B-N,0.14497299999999988,0.144973,1.1102230246251565e-16
2768,A:UPPER:-11:-3,A:UPPER:-10:-2,N,B,ANNULUS_INTERIOR,ANNULUS_INTERIOR,B-N,0.14497299999999994,0.144973,5.551115123125783e-17
2769,A:UPPER:-11:-1,A:UPPER:-10:-2,N,B,ANNULUS_INTERIOR,ANNULUS_INTERIOR,B-N,0.14497299999999944,0.144973,5.551115123125783e-16
2770,A:UPPER:-11:-1,A:UPPER:-10:0,N,B,ANNULUS_INTERIOR,ANNULUS_INTERIOR,B-N,0.14497299999999994,0.144973,5.551115123125783e-17
2771,A:UPPER:-11:1,A:UPPER:-10:0,N,B,ANNULUS_INTERIOR,ANNULUS_INTERIOR,B-N,0.14497300000000032,0.144973,3.3306690738754696e-16
2772,A:UPPER:-11:1,A:UPPER:-10:2,N,B,ANNULUS_INTERIOR,ANNULUS_INTERIOR,B-N,0.1449729999999995,0.144973,4.996003610813204e-16
2773,A:UPPER:-11:3,A:UPPER:-10:2,N,B,ANNULUS_INTERIOR,ANNULUS_INTERIOR,B-N,0.14497300000000032,0.144973,3.3306690738754696e-16
2774,A:UPPER:-11:3,A:UPPER:-10:4,N,B,ANNULUS_INTERIOR,ANNULUS_INTERIOR,B-N,0.14497299999999994,0.144973,5.551115123125783e-17
2775,A:UPPER:-11:5,A:UPPER:-10:4,N,B,ANNULUS_INTERIOR,ANNULUS_INTERIOR,B-N,0.14497299999999988,0.144973,1.1102230246251565e-16
2776,A:UPPER:-11:5,A:UPPER:-10:6,N,B,ANNULUS_INTERIOR,ANNULUS_OUTER_BOUNDARY,B-N,0.1449729999999997,0.144973,2.7755575615628914e-16
2777,A:UPPER:-10:-6,A:UPPER:-8:-6,B,N,ANNULUS_OUTER_BOUNDARY,ANNULUS_INTERIOR,B-N,0.1449730000000004,0.144973,4.163336342344337e-16
2778,A:UPPER:-10:-4,A:UPPER:-8:-4,B,N,ANNULUS_INTERIOR,ANNULUS_INTERIOR,B-N,0.1449730000000004,0.144973,4.163336342344337e-16
2779,A:UPPER:-10:-2,A:UPPER:-8:-2,B,N,ANNULUS_INTERIOR,ANNULUS_INTERIOR,B-N,0.1449730000000004,0.144973,4.163336342344337e-16
2780,A:UPPER:-10:0,A:UPPER:-8:0,B,N,ANNULUS_INTERIOR,ANNULUS_INTERIOR,B-N,0.1449730000000004,0.144973,4.163336342344337e-16
2781,A:UPPER:-10:2,A:UPPER:-8:2,B,N,ANNULUS_INTERIOR,ANNULUS_INTERIOR,B-N,0.14497300000000019,0.144973,1.942890293094024e-16
2782,A:UPPER:-10:4,A:UPPER:-8:4,B,N,ANNULUS_INTERIOR,ANNULUS_INTERIOR,B-N,0.14497300000000002,0.144973,2.7755575615628914e-17
2783,A:UPPER:-10:6,A:UPPER:-8:6,B,N,ANNULUS_OUTER_BOUNDARY,ANNULUS_INTERIOR,B-N,0.14497300000000019,0.144973,1.942890293094024e-16
2784,A:UPPER:-8:-6,A:UPPER:-7:-7,N,B,ANNULUS_INTERIOR,ANNULUS_OUTER_BOUNDARY,B-N,0.14497299999999988,0.144973,1.1102230246251565e-16
2785,A:UPPER:-8:-6,A:UPPER:-7:-5,N,B,ANNULUS_INTERIOR,ANNULUS_INTERIOR,B-N,0.14497299999999994,0.144973,5.551115123125783e-17
2786,A:UPPER:-8:-4,A:UPPER:-7:-5,N,B,ANNULUS_INTERIOR,ANNULUS_INTERIOR,B-N,0.14497299999999988,0.144973,1.1102230246251565e-16
2787,A:UPPER:-8:-4,A:UPPER:-7:-3,N,B,ANNULUS_INTERIOR,ANNULUS_INTERIOR,B-N,0.1449729999999997,0.144973,2.7755575615628914e-16
2788,A:UPPER:-8:-2,A:UPPER:-7:-3,N,B,ANNULUS_INTERIOR,ANNULUS_INTERIOR,B-N,0.14497300000000032,0.144973,3.3306690738754696e-16
2789,A:UPPER:-8:-2,A:UPPER:-7:-1,N,B,ANNULUS_INTERIOR,ANNULUS_INNER_BOUNDARY,B-N,0.1449729999999997,0.144973,2.7755575615628914e-16
2790,A:UPPER:-8:0,A:UPPER:-7:-1,N,B,ANNULUS_INTERIOR,ANNULUS_INNER_BOUNDARY,B-N,0.14497299999999988,0.144973,1.1102230246251565e-16
2791,A:UPPER:-8:0,A:UPPER:-7:1,N,B,ANNULUS_INTERIOR,ANNULUS_INNER_BOUNDARY,B-N,0.14497299999999994,0.144973,5.551115123125783e-17
2792,A:UPPER:-8:2,A:UPPER:-7:1,N,B,ANNULUS_INTERIOR,ANNULUS_INNER_BOUNDARY,B-N,0.14497299999999988,0.144973,1.1102230246251565e-16
2793,A:UPPER:-8:2,A:UPPER:-7:3,N,B,ANNULUS_INTERIOR,ANNULUS_INTERIOR,B-N,0.14497299999999955,0.144973,4.440892098500626e-16
2794,A:UPPER:-8:4,A:UPPER:-7:3,N,B,ANNULUS_INTERIOR,ANNULUS_INTERIOR,B-N,0.14497299999999988,0.144973,1.1102230246251565e-16
2795,A:UPPER:-8:4,A:UPPER:-7:5,N,B,ANNULUS_INTERIOR,ANNULUS_INTERIOR,B-N,0.1449729999999997,0.144973,2.7755575615628914e-16
2796,A:UPPER:-8:6,A:UPPER:-7:5,N,B,ANNULUS_INTERIOR,ANNULUS_INTERIOR,B-N,0.14497300000000032,0.144973,3.3306690738754696e-16
2797,A:UPPER:-8:6,A:UPPER:-7:7,N,B,ANNULUS_INTERIOR,ANNULUS_OUTER_BOUNDARY,B-N,0.14497299999999932,0.144973,6.661338147750939e-16
2798,A:UPPER:-7:-7,A:UPPER:-5:-7,B,N,ANNULUS_OUTER_BOUNDARY,ANNULUS_INTERIOR,B-N,0.14497299999999966,0.144973,3.3306690738754696e-16
2799,A:UPPER:-7:-5,A:UPPER:-5:-5,B,N,ANNULUS_INTERIOR,ANNULUS_INTERIOR,B-N,0.14497299999999985,0.144973,1.3877787807814457e-16
2800,A:UPPER:-7:-3,A:UPPER:-5:-3,B,N,ANNULUS_INTERIOR,ANNULUS_INNER_BOUNDARY,B-N,0.14497299999999966,0.144973,3.3306690738754696e-16
2801,A:UPPER:-7:3,A:UPPER:-5:3,B,N,ANNULUS_INTERIOR,ANNULUS_INNER_BOUNDARY,B-N,0.1449730000000004,0.144973,4.163336342344337e-16
2802,A:UPPER:-7:5,A:UPPER:-5:5,B,N,ANNULUS_INTERIOR,ANNULUS_INTERIOR,B-N,0.14497300000000002,0.144973,2.7755575615628914e-17
2803,A:UPPER:-7:7,A:UPPER:-5:7,B,N,ANNULUS_OUTER_BOUNDARY,ANNULUS_INTERIOR,B-N,0.14497300000000002,0.144973,2.7755575615628914e-17
2804,A:UPPER:-5:-7,A:UPPER:-4:-8,N,B,ANNULUS_INTERIOR,ANNULUS_OUTER_BOUNDARY,B-N,0.14497299999999988,0.144973,1.1102230246251565e-16
2805,A:UPPER:-5:-7,A:UPPER:-4:-6,N,B,ANNULUS_INTERIOR,ANNULUS_INTERIOR,B-N,0.1449729999999997,0.144973,2.7755575615628914e-16
2806,A:UPPER:-5:-5,A:UPPER:-4:-6,N,B,ANNULUS_INTERIOR,ANNULUS_INTERIOR,B-N,0.14497299999999988,0.144973,1.1102230246251565e-16
2807,A:UPPER:-5:-5,A:UPPER:-4:-4,N,B,ANNULUS_INTERIOR,ANNULUS_INTERIOR,B-N,0.14497300000000016,0.144973,1.6653345369377348e-16
2808,A:UPPER:-5:-3,A:UPPER:-4:-4,N,B,ANNULUS_INNER_BOUNDARY,ANNULUS_INTERIOR,B-N,0.14497299999999944,0.144973,5.551115123125783e-16
2809,A:UPPER:-5:3,A:UPPER:-4:4,N,B,ANNULUS_INNER_BOUNDARY,ANNULUS_INTERIOR,B-N,0.14497299999999994,0.144973,5.551115123125783e-17
2810,A:UPPER:-5:5,A:UPPER:-4:4,N,B,ANNULUS_INTERIOR,ANNULUS_INTERIOR,B-N,0.14497299999999944,0.144973,5.551115123125783e-16
2811,A:UPPER:-5:5,A:UPPER:-4:6,N,B,ANNULUS_INTERIOR,ANNULUS_INTERIOR,B-N,0.14497300000000032,0.144973,3.3306690738754696e-16
2812,A:UPPER:-5:7,A:UPPER:-4:6,N,B,ANNULUS_INTERIOR,ANNULUS_INTERIOR,B-N,0.14497299999999988,0.144973,1.1102230246251565e-16
2813,A:UPPER:-5:7,A:UPPER:-4:8,N,B,ANNULUS_INTERIOR,ANNULUS_OUTER_BOUNDARY,B-N,0.1449730000000001,0.144973,1.1102230246251565e-16
2814,A:UPPER:-4:-8,A:UPPER:-2:-8,B,N,ANNULUS_OUTER_BOUNDARY,ANNULUS_INTERIOR,B-N,0.1449730000000004,0.144973,4.163336342344337e-16
2815,A:UPPER:-4:-6,A:UPPER:-2:-6,B,N,ANNULUS_INTERIOR,ANNULUS_INTERIOR,B-N,0.1449730000000004,0.144973,4.163336342344337e-16
2816,A:UPPER:-4:-4,A:UPPER:-2:-4,B,N,ANNULUS_INTERIOR,ANNULUS_INNER_BOUNDARY,B-N,0.1449730000000004,0.144973,4.163336342344337e-16
2817,A:UPPER:-4:4,A:UPPER:-2:4,B,N,ANNULUS_INTERIOR,ANNULUS_INNER_BOUNDARY,B-N,0.14497300000000002,0.144973,2.7755575615628914e-17
2818,A:UPPER:-4:6,A:UPPER:-2:6,B,N,ANNULUS_INTERIOR,ANNULUS_INTERIOR,B-N,0.1449729999999998,0.144973,1.942890293094024e-16
2819,A:UPPER:-4:8,A:UPPER:-2:8,B,N,ANNULUS_OUTER_BOUNDARY,ANNULUS_INTERIOR,B-N,0.14497300000000002,0.144973,2.7755575615628914e-17
2820,A:UPPER:-2:-8,A:UPPER:-1:-9,N,B,ANNULUS_INTERIOR,ANNULUS_OUTER_BOUNDARY,B-N,0.14497299999999988,0.144973,1.1102230246251565e-16
2821,A:UPPER:-2:-8,A:UPPER:-1:-7,N,B,ANNULUS_INTERIOR,ANNULUS_INTERIOR,B-N,0.1449729999999997,0.144973,2.7755575615628914e-16
2822,A:UPPER:-2:-6,A:UPPER:-1:-7,N,B,ANNULUS_INTERIOR,ANNULUS_INTERIOR,B-N,0.14497299999999988,0.144973,1.1102230246251565e-16
2823,A:UPPER:-2:-6,A:UPPER:-1:-5,N,B,ANNULUS_INTERIOR,ANNULUS_INTERIOR,B-N,0.14497300000000016,0.144973,1.6653345369377348e-16
2824,A:UPPER:-2:-4,A:UPPER:-1:-5,N,B,ANNULUS_INNER_BOUNDARY,ANNULUS_INTERIOR,B-N,0.14497299999999988,0.144973,1.1102230246251565e-16
2825,A:UPPER:-2:4,A:UPPER:-1:5,N,B,ANNULUS_INNER_BOUNDARY,ANNULUS_INTERIOR,B-N,0.1449730000000001,0.144973,1.1102230246251565e-16
2826,A:UPPER:-2:6,A:UPPER:-1:5,N,B,ANNULUS_INTERIOR,ANNULUS_INTERIOR,B-N,0.14497300000000032,0.144973,3.3306690738754696e-16
2827,A:UPPER:-2:6,A:UPPER:-1:7,N,B,ANNULUS_INTERIOR,ANNULUS_INTERIOR,B-N,0.14497299999999988,0.144973,1.1102230246251565e-16
2828,A:UPPER:-2:8,A:UPPER:-1:7,N,B,ANNULUS_INTERIOR,ANNULUS_INTERIOR,B-N,0.14497299999999988,0.144973,1.1102230246251565e-16
2829,A:UPPER:-2:8,A:UPPER:-1:9,N,B,ANNULUS_INTERIOR,ANNULUS_OUTER_BOUNDARY,B-N,0.14497299999999994,0.144973,5.551115123125783e-17
2830,A:UPPER:-1:-9,A:UPPER:1:-9,B,N,ANNULUS_OUTER_BOUNDARY,ANNULUS_OUTER_BOUNDARY,B-N,0.1449730000000004,0.144973,4.163336342344337e-16
2831,A:UPPER:-1:-7,A:UPPER:1:-7,B,N,ANNULUS_INTERIOR,ANNULUS_INTERIOR,B-N,0.1449730000000004,0.144973,4.163336342344337e-16
2832,A:UPPER:-1:-5,A:UPPER:1:-5,B,N,ANNULUS_INTERIOR,ANNULUS_INTERIOR,B-N,0.1449730000000004,0.144973,4.163336342344337e-16
2833,A:UPPER:-1:5,A:UPPER:1:5,B,N,ANNULUS_INTERIOR,ANNULUS_INTERIOR,B-N,0.14497299999999966,0.144973,3.3306690738754696e-16
2834,A:UPPER:-1:7,A:UPPER:1:7,B,N,ANNULUS_INTERIOR,ANNULUS_INTERIOR,B-N,0.1449729999999994,0.144973,5.828670879282072e-16
2835,A:UPPER:-1:9,A:UPPER:1:9,B,N,ANNULUS_OUTER_BOUNDARY,ANNULUS_OUTER_BOUNDARY,B-N,0.14497300000000002,0.144973,2.7755575615628914e-17
2836,A:UPPER:1:-9,A:UPPER:2:-8,N,B,ANNULUS_OUTER_BOUNDARY,ANNULUS_INTERIOR,B-N,0.1449729999999997,0.144973,2.7755575615628914e-16
2837,A:UPPER:1:-7,A:UPPER:2:-8,N,B,ANNULUS_INTERIOR,ANNULUS_INTERIOR,B-N,0.14497299999999988,0.144973,1.1102230246251565e-16
2838,A:UPPER:1:-7,A:UPPER:2:-6,N,B,ANNULUS_INTERIOR,ANNULUS_INTERIOR,B-N,0.1449729999999997,0.144973,2.7755575615628914e-16
2839,A:UPPER:1:-5,A:UPPER:2:-6,N,B,ANNULUS_INTERIOR,ANNULUS_INTERIOR,B-N,0.14497300000000077,0.144973,7.771561172376096e-16
2840,A:UPPER:1:-5,A:UPPER:2:-4,N,B,ANNULUS_INTERIOR,ANNULUS_INNER_BOUNDARY,B-N,0.1449729999999997,0.144973,2.7755575615628914e-16
2841,A:UPPER:1:5,A:UPPER:2:4,N,B,ANNULUS_INTERIOR,ANNULUS_INNER_BOUNDARY,B-N,0.14497299999999988,0.144973,1.1102230246251565e-16
2842,A:UPPER:1:5,A:UPPER:2:6,N,B,ANNULUS_INTERIOR,ANNULUS_INTERIOR,B-N,0.14497300000000032,0.144973,3.3306690738754696e-16
2843,A:UPPER:1:7,A:UPPER:2:6,N,B,ANNULUS_INTERIOR,ANNULUS_INTERIOR,B-N,0.14497299999999988,0.144973,1.1102230246251565e-16
2844,A:UPPER:1:7,A:UPPER:2:8,N,B,ANNULUS_INTERIOR,ANNULUS_INTERIOR,B-N,0.1449730000000001,0.144973,1.1102230246251565e-16
2845,A:UPPER:1:9,A:UPPER:2:8,N,B,ANNULUS_OUTER_BOUNDARY,ANNULUS_INTERIOR,B-N,0.14497299999999988,0.144973,1.1102230246251565e-16
2846,A:UPPER:2:-8,A:UPPER:4:-8,B,N,ANNULUS_INTERIOR,ANNULUS_OUTER_BOUNDARY,B-N,0.1449730000000004,0.144973,4.163336342344337e-16
2847,A:UPPER:2:-6,A:UPPER:4:-6,B,N,ANNULUS_INTERIOR,ANNULUS_INTERIOR,B-N,0.14497299999999996,0.144973,2.7755575615628914e-17
2848,A:UPPER:2:-4,A:UPPER:4:-4,B,N,ANNULUS_INNER_BOUNDARY,ANNULUS_INTERIOR,B-N,0.1449730000000004,0.144973,4.163336342344337e-16
2849,A:UPPER:2:4,A:UPPER:4:4,B,N,ANNULUS_INNER_BOUNDARY,ANNULUS_INTERIOR,B-N,0.14497300000000002,0.144973,2.7755575615628914e-17
2850,A:UPPER:2:6,A:UPPER:4:6,B,N,ANNULUS_INTERIOR,ANNULUS_INTERIOR,B-N,0.14497300000000002,0.144973,2.7755575615628914e-17
2851,A:UPPER:2:8,A:UPPER:4:8,B,N,ANNULUS_INTERIOR,ANNULUS_OUTER_BOUNDARY,B-N,0.14497300000000002,0.144973,2.7755575615628914e-17
2852,A:UPPER:4:-8,A:UPPER:5:-7,N,B,ANNULUS_OUTER_BOUNDARY,ANNULUS_INTERIOR,B-N,0.14497300000000016,0.144973,1.6653345369377348e-16
2853,A:UPPER:4:-6,A:UPPER:5:-7,N,B,ANNULUS_INTERIOR,ANNULUS_INTERIOR,B-N,0.14497299999999988,0.144973,1.1102230246251565e-16
2854,A:UPPER:4:-6,A:UPPER:5:-5,N,B,ANNULUS_INTERIOR,ANNULUS_INTERIOR,B-N,0.1449729999999997,0.144973,2.7755575615628914e-16
2855,A:UPPER:4:-4,A:UPPER:5:-5,N,B,ANNULUS_INTERIOR,ANNULUS_INTERIOR,B-N,0.14497299999999988,0.144973,1.1102230246251565e-16
2856,A:UPPER:4:-4,A:UPPER:5:-3,N,B,ANNULUS_INTERIOR,ANNULUS_INNER_BOUNDARY,B-N,0.1449729999999997,0.144973,2.7755575615628914e-16
2857,A:UPPER:4:4,A:UPPER:5:3,N,B,ANNULUS_INTERIOR,ANNULUS_INNER_BOUNDARY,B-N,0.14497299999999988,0.144973,1.1102230246251565e-16
2858,A:UPPER:4:4,A:UPPER:5:5,N,B,ANNULUS_INTERIOR,ANNULUS_INTERIOR,B-N,0.14497300000000032,0.144973,3.3306690738754696e-16
2859,A:UPPER:4:6,A:UPPER:5:5,N,B,ANNULUS_INTERIOR,ANNULUS_INTERIOR,B-N,0.14497299999999988,0.144973,1.1102230246251565e-16
2860,A:UPPER:4:6,A:UPPER:5:7,N,B,ANNULUS_INTERIOR,ANNULUS_INTERIOR,B-N,0.1449730000000001,0.144973,1.1102230246251565e-16
2861,A:UPPER:4:8,A:UPPER:5:7,N,B,ANNULUS_OUTER_BOUNDARY,ANNULUS_INTERIOR,B-N,0.14497299999999988,0.144973,1.1102230246251565e-16
2862,A:UPPER:5:-7,A:UPPER:7:-7,B,N,ANNULUS_INTERIOR,ANNULUS_OUTER_BOUNDARY,B-N,0.14497299999999966,0.144973,3.3306690738754696e-16
2863,A:UPPER:5:-5,A:UPPER:7:-5,B,N,ANNULUS_INTERIOR,ANNULUS_INTERIOR,B-N,0.14497299999999966,0.144973,3.3306690738754696e-16
2864,A:UPPER:5:-3,A:UPPER:7:-3,B,N,ANNULUS_INNER_BOUNDARY,ANNULUS_INTERIOR,B-N,0.14497299999999966,0.144973,3.3306690738754696e-16
2865,A:UPPER:5:3,A:UPPER:7:3,B,N,ANNULUS_INNER_BOUNDARY,ANNULUS_INTERIOR,B-N,0.14497300000000002,0.144973,2.7755575615628914e-17
2866,A:UPPER:5:5,A:UPPER:7:5,B,N,ANNULUS_INTERIOR,ANNULUS_INTERIOR,B-N,0.14497300000000002,0.144973,2.7755575615628914e-17
2867,A:UPPER:5:7,A:UPPER:7:7,B,N,ANNULUS_INTERIOR,ANNULUS_OUTER_BOUNDARY,B-N,0.14497300000000002,0.144973,2.7755575615628914e-17
2868,A:UPPER:7:-7,A:UPPER:8:-6,N,B,ANNULUS_OUTER_BOUNDARY,ANNULUS_INTERIOR,B-N,0.1449730000000001,0.144973,1.1102230246251565e-16
2869,A:UPPER:7:-5,A:UPPER:8:-6,N,B,ANNULUS_INTERIOR,ANNULUS_INTERIOR,B-N,0.14497299999999988,0.144973,1.1102230246251565e-16
2870,A:UPPER:7:-5,A:UPPER:8:-4,N,B,ANNULUS_INTERIOR,ANNULUS_INTERIOR,B-N,0.14497300000000055,0.144973,5.551115123125783e-16
2871,A:UPPER:7:-3,A:UPPER:8:-4,N,B,ANNULUS_INTERIOR,ANNULUS_INTERIOR,B-N,0.144972999999999,0.144973,9.992007221626409e-16
2872,A:UPPER:7:-3,A:UPPER:8:-2,N,B,ANNULUS_INTERIOR,ANNULUS_INTERIOR,B-N,0.14497300000000055,0.144973,5.551115123125783e-16
2873,A:UPPER:7:-1,A:UPPER:8:-2,N,B,ANNULUS_INNER_BOUNDARY,ANNULUS_INTERIOR,B-N,0.14497299999999988,0.144973,1.1102230246251565e-16
2874,A:UPPER:7:-1,A:UPPER:8:0,N,B,ANNULUS_INNER_BOUNDARY,ANNULUS_INTERIOR,B-N,0.1449729999999997,0.144973,2.7755575615628914e-16
2875,A:UPPER:7:1,A:UPPER:8:0,N,B,ANNULUS_INNER_BOUNDARY,ANNULUS_INTERIOR,B-N,0.14497300000000032,0.144973,3.3306690738754696e-16
2876,A:UPPER:7:1,A:UPPER:8:2,N,B,ANNULUS_INNER_BOUNDARY,ANNULUS_INTERIOR,B-N,0.1449729999999995,0.144973,4.996003610813204e-16
2877,A:UPPER:7:3,A:UPPER:8:2,N,B,ANNULUS_INTERIOR,ANNULUS_INTERIOR,B-N,0.14497300000000032,0.144973,3.3306690738754696e-16
2878,A:UPPER:7:3,A:UPPER:8:4,N,B,ANNULUS_INTERIOR,ANNULUS_INTERIOR,B-N,0.14497299999999994,0.144973,5.551115123125783e-17
2879,A:UPPER:7:5,A:UPPER:8:4,N,B,ANNULUS_INTERIOR,ANNULUS_INTERIOR,B-N,0.14497299999999988,0.144973,1.1102230246251565e-16
2880,A:UPPER:7:5,A:UPPER:8:6,N,B,ANNULUS_INTERIOR,ANNULUS_INTERIOR,B-N,0.1449730000000001,0.144973,1.1102230246251565e-16
2881,A:UPPER:7:7,A:UPPER:8:6,N,B,ANNULUS_OUTER_BOUNDARY,ANNULUS_INTERIOR,B-N,0.14497299999999988,0.144973,1.1102230246251565e-16
2882,A:UPPER:8:-6,A:UPPER:10:-6,B,N,ANNULUS_INTERIOR,ANNULUS_OUTER_BOUNDARY,B-N,0.14497300000000002,0.144973,2.7755575615628914e-17
2883,A:UPPER:8:-4,A:UPPER:10:-4,B,N,ANNULUS_INTERIOR,ANNULUS_INTERIOR,B-N,0.14497300000000002,0.144973,2.7755575615628914e-17
2884,A:UPPER:8:-2,A:UPPER:10:-2,B,N,ANNULUS_INTERIOR,ANNULUS_INTERIOR,B-N,0.14497300000000002,0.144973,2.7755575615628914e-17
2885,A:UPPER:8:0,A:UPPER:10:0,B,N,ANNULUS_INTERIOR,ANNULUS_INTERIOR,B-N,0.14497300000000002,0.144973,2.7755575615628914e-17
2886,A:UPPER:8:2,A:UPPER:10:2,B,N,ANNULUS_INTERIOR,ANNULUS_INTERIOR,B-N,0.1449729999999998,0.144973,1.942890293094024e-16
2887,A:UPPER:8:4,A:UPPER:10:4,B,N,ANNULUS_INTERIOR,ANNULUS_INTERIOR,B-N,0.14497300000000002,0.144973,2.7755575615628914e-17
2888,A:UPPER:8:6,A:UPPER:10:6,B,N,ANNULUS_INTERIOR,ANNULUS_OUTER_BOUNDARY,B-N,0.1449729999999994,0.144973,5.828670879282072e-16
2889,A:UPPER:10:-6,A:UPPER:11:-5,N,B,ANNULUS_OUTER_BOUNDARY,ANNULUS_INTERIOR,B-N,0.14497300000000055,0.144973,5.551115123125783e-16
2890,A:UPPER:10:-4,A:UPPER:11:-5,N,B,ANNULUS_INTERIOR,ANNULUS_INTERIOR,B-N,0.14497299999999988,0.144973,1.1102230246251565e-16
2891,A:UPPER:10:-4,A:UPPER:11:-3,N,B,ANNULUS_INTERIOR,ANNULUS_INTERIOR,B-N,0.1449730000000001,0.144973,1.1102230246251565e-16
2892,A:UPPER:10:-2,A:UPPER:11:-3,N,B,ANNULUS_INTERIOR,ANNULUS_INTERIOR,B-N,0.14497299999999988,0.144973,1.1102230246251565e-16
2893,A:UPPER:10:-2,A:UPPER:11:-1,N,B,ANNULUS_INTERIOR,ANNULUS_INTERIOR,B-N,0.1449730000000001,0.144973,1.1102230246251565e-16
2894,A:UPPER:10:0,A:UPPER:11:-1,N,B,ANNULUS_INTERIOR,ANNULUS_INTERIOR,B-N,0.14497299999999988,0.144973,1.1102230246251565e-16
2895,A:UPPER:10:0,A:UPPER:11:1,N,B,ANNULUS_INTERIOR,ANNULUS_INTERIOR,B-N,0.14497300000000032,0.144973,3.3306690738754696e-16
2896,A:UPPER:10:2,A:UPPER:11:1,N,B,ANNULUS_INTERIOR,ANNULUS_INTERIOR,B-N,0.14497299999999988,0.144973,1.1102230246251565e-16
2897,A:UPPER:10:2,A:UPPER:11:3,N,B,ANNULUS_INTERIOR,ANNULUS_INTERIOR,B-N,0.14497300000000032,0.144973,3.3306690738754696e-16
2898,A:UPPER:10:4,A:UPPER:11:3,N,B,ANNULUS_INTERIOR,ANNULUS_INTERIOR,B-N,0.14497299999999988,0.144973,1.1102230246251565e-16
2899,A:UPPER:10:4,A:UPPER:11:5,N,B,ANNULUS_INTERIOR,ANNULUS_INTERIOR,B-N,0.1449730000000001,0.144973,1.1102230246251565e-16
2900,A:UPPER:10:6,A:UPPER:11:5,N,B,ANNULUS_OUTER_BOUNDARY,ANNULUS_INTERIOR,B-N,0.14497300000000032,0.144973,3.3306690738754696e-16
2901,A:UPPER:11:-5,A:UPPER:13:-5,B,N,ANNULUS_INTERIOR,ANNULUS_OUTER_BOUNDARY,B-N,0.14497300000000002,0.144973,2.7755575615628914e-17
2902,A:UPPER:11:-3,A:UPPER:13:-3,B,N,ANNULUS_INTERIOR,ANNULUS_INTERIOR,B-N,0.14497300000000002,0.144973,2.7755575615628914e-17
2903,A:UPPER:11:-1,A:UPPER:13:-1,B,N,ANNULUS_INTERIOR,ANNULUS_INTERIOR,B-N,0.14497300000000002,0.144973,2.7755575615628914e-17
2904,A:UPPER:11:1,A:UPPER:13:1,B,N,ANNULUS_INTERIOR,ANNULUS_INTERIOR,B-N,0.1449729999999998,0.144973,1.942890293094024e-16
2905,A:UPPER:11:3,A:UPPER:13:3,B,N,ANNULUS_INTERIOR,ANNULUS_INTERIOR,B-N,0.1449729999999994,0.144973,5.828670879282072e-16
2906,A:UPPER:11:5,A:UPPER:13:5,B,N,ANNULUS_INTERIOR,ANNULUS_OUTER_BOUNDARY,B-N,0.14497299999999966,0.144973,3.3306690738754696e-16
2907,A:UPPER:13:-5,A:UPPER:14:-4,N,B,ANNULUS_OUTER_BOUNDARY,ANNULUS_OUTER_BOUNDARY,B-N,0.1449730000000001,0.144973,1.1102230246251565e-16
2908,A:UPPER:13:-3,A:UPPER:14:-4,N,B,ANNULUS_INTERIOR,ANNULUS_OUTER_BOUNDARY,B-N,0.14497299999999988,0.144973,1.1102230246251565e-16
2909,A:UPPER:13:-3,A:UPPER:14:-2,N,B,ANNULUS_INTERIOR,ANNULUS_OUTER_BOUNDARY,B-N,0.1449730000000001,0.144973,1.1102230246251565e-16
2910,A:UPPER:13:-1,A:UPPER:14:-2,N,B,ANNULUS_INTERIOR,ANNULUS_OUTER_BOUNDARY,B-N,0.14497299999999988,0.144973,1.1102230246251565e-16
2911,A:UPPER:13:-1,A:UPPER:14:0,N,B,ANNULUS_INTERIOR,ANNULUS_OUTER_BOUNDARY,B-N,0.1449730000000001,0.144973,1.1102230246251565e-16
2912,A:UPPER:13:1,A:UPPER:14:0,N,B,ANNULUS_INTERIOR,ANNULUS_OUTER_BOUNDARY,B-N,0.14497300000000077,0.144973,7.771561172376096e-16
2913,A:UPPER:13:1,A:UPPER:14:2,N,B,ANNULUS_INTERIOR,ANNULUS_OUTER_BOUNDARY,B-N,0.1449730000000001,0.144973,1.1102230246251565e-16
2914,A:UPPER:13:3,A:UPPER:14:2,N,B,ANNULUS_INTERIOR,ANNULUS_OUTER_BOUNDARY,B-N,0.14497300000000032,0.144973,3.3306690738754696e-16
2915,A:UPPER:13:3,A:UPPER:14:4,N,B,ANNULUS_INTERIOR,ANNULUS_OUTER_BOUNDARY,B-N,0.14497299999999988,0.144973,1.1102230246251565e-16
2916,A:UPPER:13:5,A:UPPER:14:4,N,B,ANNULUS_OUTER_BOUNDARY,ANNULUS_OUTER_BOUNDARY,B-N,0.14497299999999988,0.144973,1.1102230246251565e-16
2917,S:1680,BR4:LOWER:00:1,N,B,HEXAGONAL_EDGE_COMPLETION_SEED,ALTERNATING_BN_FOUR_ATOM_BRIDGE,B-N,0.14496795375574706,0.144973,5.046244252931986e-06
2918,BR4:LOWER:00:1,BR4:LOWER:00:2,B,N,ALTERNATING_BN_FOUR_ATOM_BRIDGE,ALTERNATING_BN_FOUR_ATOM_BRIDGE,B-N,0.14496619630569624,0.144973,6.8036943037530495e-06
2919,BR4:LOWER:00:2,BR4:LOWER:00:3,N,B,ALTERNATING_BN_FOUR_ATOM_BRIDGE,ALTERNATING_BN_FOUR_ATOM_BRIDGE,B-N,0.14496504709422536,0.144973,7.952905774627483e-06
2920,BR4:LOWER:00:3,BR4:LOWER:00:4,B,N,ALTERNATING_BN_FOUR_ATOM_BRIDGE,ALTERNATING_BN_FOUR_ATOM_BRIDGE,B-N,0.14496508559413676,0.144973,7.914405863229668e-06
2921,BR4:LOWER:00:4,A:LOWER:13:-5,N,B,ALTERNATING_BN_FOUR_ATOM_BRIDGE,ANNULUS_OUTER_BOUNDARY,B-N,0.1449711345369701,0.144973,1.8654630298819974e-06
2922,S:1682,BR4:LOWER:01:1,N,B,HEXAGONAL_EDGE_COMPLETION_SEED,ALTERNATING_BN_FOUR_ATOM_BRIDGE,B-N,0.1449734917336829,0.144973,4.917336829113328e-07
2923,BR4:LOWER:01:1,BR4:LOWER:01:2,B,N,ALTERNATING_BN_FOUR_ATOM_BRIDGE,ALTERNATING_BN_FOUR_ATOM_BRIDGE,B-N,0.1449687219337876,0.144973,4.278066212393128e-06
2924,BR4:LOWER:01:2,BR4:LOWER:01:3,N,B,ALTERNATING_BN_FOUR_ATOM_BRIDGE,ALTERNATING_BN_FOUR_ATOM_BRIDGE,B-N,0.1449676109550633,0.144973,5.389044936687792e-06
2925,BR4:LOWER:01:3,BR4:LOWER:01:4,B,N,ALTERNATING_BN_FOUR_ATOM_BRIDGE,ALTERNATING_BN_FOUR_ATOM_BRIDGE,B-N,0.14496896518568866,0.144973,4.034814311326684e-06
2926,BR4:LOWER:01:4,A:LOWER:10:-6,N,B,ALTERNATING_BN_FOUR_ATOM_BRIDGE,ANNULUS_OUTER_BOUNDARY,B-N,0.14497342142740335,0.144973,4.2142740336315043e-07
2927,S:1684,BR4:LOWER:02:1,N,B,HEXAGONAL_EDGE_COMPLETION_SEED,ALTERNATING_BN_FOUR_ATOM_BRIDGE,B-N,0.14497893768212045,0.144973,5.937682120454868e-06
2928,BR4:LOWER:02:1,BR4:LOWER:02:2,B,N,ALTERNATING_BN_FOUR_ATOM_BRIDGE,ALTERNATING_BN_FOUR_ATOM_BRIDGE,B-N,0.14496649022374222,0.144973,6.509776257768163e-06
2929,BR4:LOWER:02:2,BR4:LOWER:02:3,N,B,ALTERNATING_BN_FOUR_ATOM_BRIDGE,ALTERNATING_BN_FOUR_ATOM_BRIDGE,B-N,0.14496000394572095,0.144973,1.2996054279040825e-05
2930,BR4:LOWER:02:3,BR4:LOWER:02:4,B,N,ALTERNATING_BN_FOUR_ATOM_BRIDGE,ALTERNATING_BN_FOUR_ATOM_BRIDGE,B-N,0.14496450922380041,0.144973,8.490776199576722e-06
2931,BR4:LOWER:02:4,A:LOWER:7:-7,N,B,ALTERNATING_BN_FOUR_ATOM_BRIDGE,ANNULUS_OUTER_BOUNDARY,B-N,0.14497246997462482,0.144973,5.300253751727713e-07
2932,S:1686,BR4:LOWER:03:1,N,B,HEXAGONAL_EDGE_COMPLETION_SEED,ALTERNATING_BN_FOUR_ATOM_BRIDGE,B-N,0.14498084049675825,0.144973,7.8404967582546e-06
2933,BR4:LOWER:03:1,BR4:LOWER:03:2,B,N,ALTERNATING_BN_FOUR_ATOM_BRIDGE,ALTERNATING_BN_FOUR_ATOM_BRIDGE,B-N,0.14497588123188446,0.144973,2.8812318844662066e-06
2934,BR4:LOWER:03:2,BR4:LOWER:03:3,N,B,ALTERNATING_BN_FOUR_ATOM_BRIDGE,ALTERNATING_BN_FOUR_ATOM_BRIDGE,B-N,0.14498469012859436,0.144973,1.1690128594366023e-05
2935,BR4:LOWER:03:3,BR4:LOWER:03:4,B,N,ALTERNATING_BN_FOUR_ATOM_BRIDGE,ALTERNATING_BN_FOUR_ATOM_BRIDGE,B-N,0.14497979897309538,0.144973,6.798973095384353e-06
2936,BR4:LOWER:03:4,A:LOWER:4:-8,N,B,ALTERNATING_BN_FOUR_ATOM_BRIDGE,ANNULUS_OUTER_BOUNDARY,B-N,0.14496827020573863,0.144973,4.729794261359999e-06
2937,S:1688,BR4:LOWER:04:1,N,B,HEXAGONAL_EDGE_COMPLETION_SEED,ALTERNATING_BN_FOUR_ATOM_BRIDGE,B-N,0.14497242255958018,0.144973,5.774404198133354e-07
2938,BR4:LOWER:04:1,BR4:LOWER:04:2,B,N,ALTERNATING_BN_FOUR_ATOM_BRIDGE,ALTERNATING_BN_FOUR_ATOM_BRIDGE,B-N,0.1449722911367326,0.144973,7.088632673901696e-07
2939,BR4:LOWER:04:2,BR4:LOWER:04:3,N,B,ALTERNATING_BN_FOUR_ATOM_BRIDGE,ALTERNATING_BN_FOUR_ATOM_BRIDGE,B-N,0.14497210629943325,0.144973,8.937005667453146e-07
2940,BR4:LOWER:04:3,BR4:LOWER:04:4,B,N,ALTERNATING_BN_FOUR_ATOM_BRIDGE,ALTERNATING_BN_FOUR_ATOM_BRIDGE,B-N,0.14497242852152806,0.144973,5.714784719335064e-07
2941,BR4:LOWER:04:4,A:LOWER:1:-9,N,B,ALTERNATING_BN_FOUR_ATOM_BRIDGE,ANNULUS_OUTER_BOUNDARY,B-N,0.14497267427953495,0.144973,3.2572046504419916e-07
2942,S:1690,BR4:LOWER:05:1,N,B,HEXAGONAL_EDGE_COMPLETION_SEED,ALTERNATING_BN_FOUR_ATOM_BRIDGE,B-N,0.14498788849975028,0.144973,1.4888499750287387e-05
2943,BR4:LOWER:05:1,BR4:LOWER:05:2,B,N,ALTERNATING_BN_FOUR_ATOM_BRIDGE,ALTERNATING_BN_FOUR_ATOM_BRIDGE,B-N,0.1449930720799258,0.144973,2.007207992579807e-05
2944,BR4:LOWER:05:2,BR4:LOWER:05:3,N,B,ALTERNATING_BN_FOUR_ATOM_BRIDGE,ALTERNATING_BN_FOUR_ATOM_BRIDGE,B-N,0.14499646153270568,0.144973,2.3461532705687516e-05
2945,BR4:LOWER:05:3,BR4:LOWER:05:4,B,N,ALTERNATING_BN_FOUR_ATOM_BRIDGE,ALTERNATING_BN_FOUR_ATOM_BRIDGE,B-N,0.14499634798384253,0.144973,2.3347983842542108e-05
2946,BR4:LOWER:05:4,A:LOWER:-14:-4,N,B,ALTERNATING_BN_FOUR_ATOM_BRIDGE,ANNULUS_OUTER_BOUNDARY,B-N,0.14497850618840522,0.144973,5.5061884052243215e-06
2947,S:1692,BR4:LOWER:06:1,N,B,HEXAGONAL_EDGE_COMPLETION_SEED,ALTERNATING_BN_FOUR_ATOM_BRIDGE,B-N,0.14497296734912044,0.144973,3.265087955561796e-08
2948,BR4:LOWER:06:1,BR4:LOWER:06:2,B,N,ALTERNATING_BN_FOUR_ATOM_BRIDGE,ALTERNATING_BN_FOUR_ATOM_BRIDGE,B-N,0.14497443724604073,0.144973,1.4372460407363619e-06
2949,BR4:LOWER:06:2,BR4:LOWER:06:3,N,B,ALTERNATING_BN_FOUR_ATOM_BRIDGE,ALTERNATING_BN_FOUR_ATOM_BRIDGE,B-N,0.14497449152692665,0.144973,1.491526926661324e-06
2950,BR4:LOWER:06:3,BR4:LOWER:06:4,B,N,ALTERNATING_BN_FOUR_ATOM_BRIDGE,ALTERNATING_BN_FOUR_ATOM_BRIDGE,B-N,0.144974186706338,0.144973,1.1867063380022191e-06
2951,BR4:LOWER:06:4,A:LOWER:-14:-2,N,B,ALTERNATING_BN_FOUR_ATOM_BRIDGE,ANNULUS_OUTER_BOUNDARY,B-N,0.1449724267576038,0.144973,5.732423961901656e-07
2952,S:1694,BR4:LOWER:07:1,N,B,HEXAGONAL_EDGE_COMPLETION_SEED,ALTERNATING_BN_FOUR_ATOM_BRIDGE,B-N,0.14497289942988464,0.144973,1.0057011534669869e-07
2953,BR4:LOWER:07:1,BR4:LOWER:07:2,B,N,ALTERNATING_BN_FOUR_ATOM_BRIDGE,ALTERNATING_BN_FOUR_ATOM_BRIDGE,B-N,0.14497749311165553,0.144973,4.493111655540227e-06
2954,BR4:LOWER:07:2,BR4:LOWER:07:3,N,B,ALTERNATING_BN_FOUR_ATOM_BRIDGE,ALTERNATING_BN_FOUR_ATOM_BRIDGE,B-N,0.1449793436985815,0.144973,6.343698581517954e-06
2955,BR4:LOWER:07:3,BR4:LOWER:07:4,B,N,ALTERNATING_BN_FOUR_ATOM_BRIDGE,ALTERNATING_BN_FOUR_ATOM_BRIDGE,B-N,0.14497671820905894,0.144973,3.7182090589504835e-06
2956,BR4:LOWER:07:4,A:LOWER:-14:0,N,B,ALTERNATING_BN_FOUR_ATOM_BRIDGE,ANNULUS_OUTER_BOUNDARY,B-N,0.14497003327961583,0.144973,2.966720384162125e-06
2957,S:1696,BR4:LOWER:08:1,N,B,HEXAGONAL_EDGE_COMPLETION_SEED,ALTERNATING_BN_FOUR_ATOM_BRIDGE,B-N,0.14497501974629998,0.144973,2.019746299986025e-06
2958,BR4:LOWER:08:1,BR4:LOWER:08:2,B,N,ALTERNATING_BN_FOUR_ATOM_BRIDGE,ALTERNATING_BN_FOUR_ATOM_BRIDGE,B-N,0.14498186377357927,0.144973,8.863773579281808e-06
2959,BR4:LOWER:08:2,BR4:LOWER:08:3,N,B,ALTERNATING_BN_FOUR_ATOM_BRIDGE,ALTERNATING_BN_FOUR_ATOM_BRIDGE,B-N,0.14498033744055952,0.144973,7.337440559529451e-06
2960,BR4:LOWER:08:3,BR4:LOWER:08:4,B,N,ALTERNATING_BN_FOUR_ATOM_BRIDGE,ALTERNATING_BN_FOUR_ATOM_BRIDGE,B-N,0.1449810111817741,0.144973,8.011181774097986e-06
2961,BR4:LOWER:08:4,A:LOWER:-14:2,N,B,ALTERNATING_BN_FOUR_ATOM_BRIDGE,ANNULUS_OUTER_BOUNDARY,B-N,0.14496910335146332,0.144973,3.896648536672043e-06
2962,S:1698,BR4:LOWER:09:1,N,B,HEXAGONAL_EDGE_COMPLETION_SEED,ALTERNATING_BN_FOUR_ATOM_BRIDGE,B-N,0.14497081869931316,0.144973,2.1813006868265372e-06
2963,BR4:LOWER:09:1,BR4:LOWER:09:2,B,N,ALTERNATING_BN_FOUR_ATOM_BRIDGE,ALTERNATING_BN_FOUR_ATOM_BRIDGE,B-N,0.14496730790434956,0.144973,5.692095650433604e-06
2964,BR4:LOWER:09:2,BR4:LOWER:09:3,N,B,ALTERNATING_BN_FOUR_ATOM_BRIDGE,ALTERNATING_BN_FOUR_ATOM_BRIDGE,B-N,0.1449686159770805,0.144973,4.3840229194958e-06
2965,BR4:LOWER:09:3,BR4:LOWER:09:4,B,N,ALTERNATING_BN_FOUR_ATOM_BRIDGE,ALTERNATING_BN_FOUR_ATOM_BRIDGE,B-N,0.14496757357664533,0.144973,5.426423354659704e-06
2966,BR4:LOWER:09:4,A:LOWER:-14:4,N,B,ALTERNATING_BN_FOUR_ATOM_BRIDGE,ANNULUS_OUTER_BOUNDARY,B-N,0.14497134434515552,0.144973,1.6556548444734975e-06
2967,S:1700,BR4:LOWER:10:1,N,B,HEXAGONAL_EDGE_COMPLETION_SEED,ALTERNATING_BN_FOUR_ATOM_BRIDGE,B-N,0.14496134198725258,0.144973,1.1658012747411961e-05
2968,BR4:LOWER:10:1,BR4:LOWER:10:2,B,N,ALTERNATING_BN_FOUR_ATOM_BRIDGE,ALTERNATING_BN_FOUR_ATOM_BRIDGE,B-N,0.14494257237562996,0.144973,3.042762437002744e-05
2969,BR4:LOWER:10:2,BR4:LOWER:10:3,N,B,ALTERNATING_BN_FOUR_ATOM_BRIDGE,ALTERNATING_BN_FOUR_ATOM_BRIDGE,B-N,0.14494956589937916,0.144973,2.3434100620833842e-05
2970,BR4:LOWER:10:3,BR4:LOWER:10:4,B,N,ALTERNATING_BN_FOUR_ATOM_BRIDGE,ALTERNATING_BN_FOUR_ATOM_BRIDGE,B-N,0.1449439927970671,0.144973,2.9007202932890275e-05
2971,BR4:LOWER:10:4,A:LOWER:1:9,N,B,ALTERNATING_BN_FOUR_ATOM_BRIDGE,ANNULUS_OUTER_BOUNDARY,B-N,0.144964152054889,0.144973,8.847945110995736e-06
2972,S:1702,BR4:LOWER:11:1,N,B,HEXAGONAL_EDGE_COMPLETION_SEED,ALTERNATING_BN_FOUR_ATOM_BRIDGE,B-N,0.1449742144100958,0.144973,1.2144100958177972e-06
2973,BR4:LOWER:11:1,BR4:LOWER:11:2,B,N,ALTERNATING_BN_FOUR_ATOM_BRIDGE,ALTERNATING_BN_FOUR_ATOM_BRIDGE,B-N,0.14496243896789232,0.144973,1.0561032107669899e-05
2974,BR4:LOWER:11:2,BR4:LOWER:11:3,N,B,ALTERNATING_BN_FOUR_ATOM_BRIDGE,ALTERNATING_BN_FOUR_ATOM_BRIDGE,B-N,0.14495969615775162,0.144973,1.3303842248374442e-05
2975,BR4:LOWER:11:3,BR4:LOWER:11:4,B,N,ALTERNATING_BN_FOUR_ATOM_BRIDGE,ALTERNATING_BN_FOUR_ATOM_BRIDGE,B-N,0.14496303950972633,0.144973,9.960490273658307e-06
2976,BR4:LOWER:11:4,A:LOWER:4:8,N,B,ALTERNATING_BN_FOUR_ATOM_BRIDGE,ANNULUS_OUTER_BOUNDARY,B-N,0.14497404084561985,0.144973,1.0408456198596205e-06
2977,S:1704,BR4:LOWER:12:1,N,B,HEXAGONAL_EDGE_COMPLETION_SEED,ALTERNATING_BN_FOUR_ATOM_BRIDGE,B-N,0.14497545282877775,0.144973,2.4528287777547675e-06
2978,BR4:LOWER:12:1,BR4:LOWER:12:2,B,N,ALTERNATING_BN_FOUR_ATOM_BRIDGE,ALTERNATING_BN_FOUR_ATOM_BRIDGE,B-N,0.14496518909942743,0.144973,7.810900572557955e-06
2979,BR4:LOWER:12:2,BR4:LOWER:12:3,N,B,ALTERNATING_BN_FOUR_ATOM_BRIDGE,ALTERNATING_BN_FOUR_ATOM_BRIDGE,B-N,0.14495973630245332,0.144973,1.326369754667267e-05
2980,BR4:LOWER:12:3,BR4:LOWER:12:4,B,N,ALTERNATING_BN_FOUR_ATOM_BRIDGE,ALTERNATING_BN_FOUR_ATOM_BRIDGE,B-N,0.14496443203181772,0.144973,8.567968182271457e-06
2981,BR4:LOWER:12:4,A:LOWER:7:7,N,B,ALTERNATING_BN_FOUR_ATOM_BRIDGE,ANNULUS_OUTER_BOUNDARY,B-N,0.14497671854502797,0.144973,3.7185450279808574e-06
2982,S:1706,BR4:LOWER:13:1,N,B,HEXAGONAL_EDGE_COMPLETION_SEED,ALTERNATING_BN_FOUR_ATOM_BRIDGE,B-N,0.14497265789804686,0.144973,3.421019531268943e-07
2983,BR4:LOWER:13:1,BR4:LOWER:13:2,B,N,ALTERNATING_BN_FOUR_ATOM_BRIDGE,ALTERNATING_BN_FOUR_ATOM_BRIDGE,B-N,0.14497597767334422,0.144973,2.977673344228826e-06
2984,BR4:LOWER:13:2,BR4:LOWER:13:3,N,B,ALTERNATING_BN_FOUR_ATOM_BRIDGE,ALTERNATING_BN_FOUR_ATOM_BRIDGE,B-N,0.14497675088667406,0.144973,3.750886674064313e-06
2985,BR4:LOWER:13:3,BR4:LOWER:13:4,B,N,ALTERNATING_BN_FOUR_ATOM_BRIDGE,ALTERNATING_BN_FOUR_ATOM_BRIDGE,B-N,0.14497580837478125,0.144973,2.808374781254619e-06
2986,BR4:LOWER:13:4,A:LOWER:10:6,N,B,ALTERNATING_BN_FOUR_ATOM_BRIDGE,ANNULUS_OUTER_BOUNDARY,B-N,0.14497270683248228,0.144973,2.9316751770647187e-07
2987,S:1708,BR4:LOWER:14:1,N,B,HEXAGONAL_EDGE_COMPLETION_SEED,ALTERNATING_BN_FOUR_ATOM_BRIDGE,B-N,0.14497538408392774,0.144973,2.3840839277478043e-06
2988,BR4:LOWER:14:1,BR4:LOWER:14:2,B,N,ALTERNATING_BN_FOUR_ATOM_BRIDGE,ALTERNATING_BN_FOUR_ATOM_BRIDGE,B-N,0.14497717714732675,0.144973,4.177147326756003e-06
2989,BR4:LOWER:14:2,BR4:LOWER:14:3,N,B,ALTERNATING_BN_FOUR_ATOM_BRIDGE,ALTERNATING_BN_FOUR_ATOM_BRIDGE,B-N,0.1449780185732502,0.144973,5.018573250220593e-06
2990,BR4:LOWER:14:3,BR4:LOWER:14:4,B,N,ALTERNATING_BN_FOUR_ATOM_BRIDGE,ALTERNATING_BN_FOUR_ATOM_BRIDGE,B-N,0.1449773203112733,0.144973,4.320311273314781e-06
2991,BR4:LOWER:14:4,A:LOWER:13:5,N,B,ALTERNATING_BN_FOUR_ATOM_BRIDGE,ANNULUS_OUTER_BOUNDARY,B-N,0.14497439377184235,0.144973,1.3937718423562284e-06
2992,S:1710,BR4:UPPER:00:1,B,N,HEXAGONAL_EDGE_COMPLETION_SEED,ALTERNATING_BN_FOUR_ATOM_BRIDGE,B-N,0.14496134198725258,0.144973,1.1658012747411961e-05
2993,BR4:UPPER:00:1,BR4:UPPER:00:2,N,B,ALTERNATING_BN_FOUR_ATOM_BRIDGE,ALTERNATING_BN_FOUR_ATOM_BRIDGE,B-N,0.14494257237563005,0.144973,3.0427624369944173e-05
2994,BR4:UPPER:00:2,BR4:UPPER:00:3,B,N,ALTERNATING_BN_FOUR_ATOM_BRIDGE,ALTERNATING_BN_FOUR_ATOM_BRIDGE,B-N,0.14494956589937924,0.144973,2.3434100620750575e-05
2995,BR4:UPPER:00:3,BR4:UPPER:00:4,N,B,ALTERNATING_BN_FOUR_ATOM_BRIDGE,ALTERNATING_BN_FOUR_ATOM_BRIDGE,B-N,0.14494399279706682,0.144973,2.900720293316783e-05
2996,BR4:UPPER:00:4,A:UPPER:13:5,B,N,ALTERNATING_BN_FOUR_ATOM_BRIDGE,ANNULUS_OUTER_BOUNDARY,B-N,0.14496415205488905,0.144973,8.847945110940225e-06
2997,S:1712,BR4:UPPER:01:1,B,N,HEXAGONAL_EDGE_COMPLETION_SEED,ALTERNATING_BN_FOUR_ATOM_BRIDGE,B-N,0.14498636202860307,0.144973,1.336202860308111e-05
2998,BR4:UPPER:01:1,BR4:UPPER:01:2,N,B,ALTERNATING_BN_FOUR_ATOM_BRIDGE,ALTERNATING_BN_FOUR_ATOM_BRIDGE,B-N,0.14499783828642793,0.144973,2.4838286427936174e-05
2999,BR4:UPPER:01:2,BR4:UPPER:01:3,B,N,ALTERNATING_BN_FOUR_ATOM_BRIDGE,ALTERNATING_BN_FOUR_ATOM_BRIDGE,B-N,0.14498959126549182,0.144973,1.6591265491833207e-05
3000,BR4:UPPER:01:3,BR4:UPPER:01:4,N,B,ALTERNATING_BN_FOUR_ATOM_BRIDGE,ALTERNATING_BN_FOUR_ATOM_BRIDGE,B-N,0.14499410149224698,0.144973,2.1101492246988762e-05
3001,BR4:UPPER:01:4,A:UPPER:13:-5,B,N,ALTERNATING_BN_FOUR_ATOM_BRIDGE,ANNULUS_OUTER_BOUNDARY,B-N,0.1449818539657832,0.144973,8.853965783206519e-06
3002,S:1714,BR4:UPPER:02:1,B,N,HEXAGONAL_EDGE_COMPLETION_SEED,ALTERNATING_BN_FOUR_ATOM_BRIDGE,B-N,0.14497501974630003,0.144973,2.019746300041536e-06
3003,BR4:UPPER:02:1,BR4:UPPER:02:2,N,B,ALTERNATING_BN_FOUR_ATOM_BRIDGE,ALTERNATING_BN_FOUR_ATOM_BRIDGE,B-N,0.14498186377357902,0.144973,8.863773579032008e-06
3004,BR4:UPPER:02:2,BR4:UPPER:02:3,B,N,ALTERNATING_BN_FOUR_ATOM_BRIDGE,ALTERNATING_BN_FOUR_ATOM_BRIDGE,B-N,0.14498033744055955,0.144973,7.337440559557207e-06
3005,BR4:UPPER:02:3,BR4:UPPER:02:4,N,B,ALTERNATING_BN_FOUR_ATOM_BRIDGE,ALTERNATING_BN_FOUR_ATOM_BRIDGE,B-N,0.1449810111817728,0.144973,8.01118177282123e-06
3006,BR4:UPPER:02:4,A:UPPER:10:-6,B,N,ALTERNATING_BN_FOUR_ATOM_BRIDGE,ANNULUS_OUTER_BOUNDARY,B-N,0.14496910335146332,0.144973,3.896648536672043e-06
3007,S:1716,BR4:UPPER:03:1,B,N,HEXAGONAL_EDGE_COMPLETION_SEED,ALTERNATING_BN_FOUR_ATOM_BRIDGE,B-N,0.1449728994298843,0.144973,1.0057011567976559e-07
3008,BR4:UPPER:03:1,BR4:UPPER:03:2,N,B,ALTERNATING_BN_FOUR_ATOM_BRIDGE,ALTERNATING_BN_FOUR_ATOM_BRIDGE,B-N,0.14497749311165667,0.144973,4.493111656678206e-06
3009,BR4:UPPER:03:2,BR4:UPPER:03:3,B,N,ALTERNATING_BN_FOUR_ATOM_BRIDGE,ALTERNATING_BN_FOUR_ATOM_BRIDGE,B-N,0.14497934369858104,0.144973,6.343698581046109e-06
3010,BR4:UPPER:03:3,BR4:UPPER:03:4,N,B,ALTERNATING_BN_FOUR_ATOM_BRIDGE,ALTERNATING_BN_FOUR_ATOM_BRIDGE,B-N,0.14497671820905866,0.144973,3.7182090586729277e-06
3011,BR4:UPPER:03:4,A:UPPER:7:-7,B,N,ALTERNATING_BN_FOUR_ATOM_BRIDGE,ANNULUS_OUTER_BOUNDARY,B-N,0.14497003327961508,0.144973,2.9667203849115253e-06
3012,S:1718,BR4:UPPER:04:1,B,N,HEXAGONAL_EDGE_COMPLETION_SEED,ALTERNATING_BN_FOUR_ATOM_BRIDGE,B-N,0.1449729673491199,0.144973,3.26508800829739e-08
3013,BR4:UPPER:04:1,BR4:UPPER:04:2,N,B,ALTERNATING_BN_FOUR_ATOM_BRIDGE,ALTERNATING_BN_FOUR_ATOM_BRIDGE,B-N,0.1449744372460412,0.144973,1.4372460412082066e-06
3014,BR4:UPPER:04:2,BR4:UPPER:04:3,B,N,ALTERNATING_BN_FOUR_ATOM_BRIDGE,ALTERNATING_BN_FOUR_ATOM_BRIDGE,B-N,0.1449744915269273,0.144973,1.4915269272997023e-06
3015,BR4:UPPER:04:3,BR4:UPPER:04:4,N,B,ALTERNATING_BN_FOUR_ATOM_BRIDGE,ALTERNATING_BN_FOUR_ATOM_BRIDGE,B-N,0.14497418670633766,0.144973,1.1867063376691522e-06
3016,BR4:UPPER:04:4,A:UPPER:4:-8,B,N,ALTERNATING_BN_FOUR_ATOM_BRIDGE,ANNULUS_OUTER_BOUNDARY,B-N,0.14497242675760355,0.144973,5.732423964399658e-07
3017,S:1720,BR4:UPPER:05:1,B,N,HEXAGONAL_EDGE_COMPLETION_SEED,ALTERNATING_BN_FOUR_ATOM_BRIDGE,B-N,0.14495975645928638,0.144973,1.3243540713608892e-05
3018,BR4:UPPER:05:1,BR4:UPPER:05:2,N,B,ALTERNATING_BN_FOUR_ATOM_BRIDGE,ALTERNATING_BN_FOUR_ATOM_BRIDGE,B-N,0.14495674177910625,0.144973,1.625822089373896e-05
3019,BR4:UPPER:05:2,BR4:UPPER:05:3,B,N,ALTERNATING_BN_FOUR_ATOM_BRIDGE,ALTERNATING_BN_FOUR_ATOM_BRIDGE,B-N,0.14495250173491023,0.144973,2.049826508976338e-05
3020,BR4:UPPER:05:3,BR4:UPPER:05:4,N,B,ALTERNATING_BN_FOUR_ATOM_BRIDGE,ALTERNATING_BN_FOUR_ATOM_BRIDGE,B-N,0.14495989321770106,0.144973,1.3106782298932806e-05
3021,BR4:UPPER:05:4,A:UPPER:1:-9,B,N,ALTERNATING_BN_FOUR_ATOM_BRIDGE,ANNULUS_OUTER_BOUNDARY,B-N,0.14496553044131158,0.144973,7.469558688411038e-06
3022,S:1722,BR4:UPPER:06:1,B,N,HEXAGONAL_EDGE_COMPLETION_SEED,ALTERNATING_BN_FOUR_ATOM_BRIDGE,B-N,0.14496193172880165,0.144973,1.1068271198344526e-05
3023,BR4:UPPER:06:1,BR4:UPPER:06:2,N,B,ALTERNATING_BN_FOUR_ATOM_BRIDGE,ALTERNATING_BN_FOUR_ATOM_BRIDGE,B-N,0.1449524210247785,0.144973,2.0578975221480222e-05
3024,BR4:UPPER:06:2,BR4:UPPER:06:3,B,N,ALTERNATING_BN_FOUR_ATOM_BRIDGE,ALTERNATING_BN_FOUR_ATOM_BRIDGE,B-N,0.14495925570676563,0.144973,1.3744293234363436e-05
3025,BR4:UPPER:06:3,BR4:UPPER:06:4,N,B,ALTERNATING_BN_FOUR_ATOM_BRIDGE,ALTERNATING_BN_FOUR_ATOM_BRIDGE,B-N,0.14495551796445957,0.144973,1.748203554041705e-05
3026,BR4:UPPER:06:4,A:UPPER:-14:-4,B,N,ALTERNATING_BN_FOUR_ATOM_BRIDGE,ANNULUS_OUTER_BOUNDARY,B-N,0.14496566731315128,0.144973,7.332686848715575e-06
3027,S:1724,BR4:UPPER:07:1,B,N,HEXAGONAL_EDGE_COMPLETION_SEED,ALTERNATING_BN_FOUR_ATOM_BRIDGE,B-N,0.14497177662409982,0.144973,1.2233759001667455e-06
3028,BR4:UPPER:07:1,BR4:UPPER:07:2,N,B,ALTERNATING_BN_FOUR_ATOM_BRIDGE,ALTERNATING_BN_FOUR_ATOM_BRIDGE,B-N,0.1449559913648364,0.144973,1.7008635163601182e-05
3029,BR4:UPPER:07:2,BR4:UPPER:07:3,B,N,ALTERNATING_BN_FOUR_ATOM_BRIDGE,ALTERNATING_BN_FOUR_ATOM_BRIDGE,B-N,0.14495886715201436,0.144973,1.4132847985626196e-05
3030,BR4:UPPER:07:3,BR4:UPPER:07:4,N,B,ALTERNATING_BN_FOUR_ATOM_BRIDGE,ALTERNATING_BN_FOUR_ATOM_BRIDGE,B-N,0.1449594465757977,0.144973,1.3553424202283892e-05
3031,BR4:UPPER:07:4,A:UPPER:-14:-2,B,N,ALTERNATING_BN_FOUR_ATOM_BRIDGE,ANNULUS_OUTER_BOUNDARY,B-N,0.1449799931161423,0.144973,6.993116142300915e-06
3032,S:1726,BR4:UPPER:08:1,B,N,HEXAGONAL_EDGE_COMPLETION_SEED,ALTERNATING_BN_FOUR_ATOM_BRIDGE,B-N,0.1449736451975394,0.144973,6.45197539422826e-07
3033,BR4:UPPER:08:1,BR4:UPPER:08:2,N,B,ALTERNATING_BN_FOUR_ATOM_BRIDGE,ALTERNATING_BN_FOUR_ATOM_BRIDGE,B-N,0.1449829948541379,0.144973,9.994854137912457e-06
3034,BR4:UPPER:08:2,BR4:UPPER:08:3,B,N,ALTERNATING_BN_FOUR_ATOM_BRIDGE,ALTERNATING_BN_FOUR_ATOM_BRIDGE,B-N,0.14498595767497688,0.144973,1.2957674976887823e-05
3035,BR4:UPPER:08:3,BR4:UPPER:08:4,N,B,ALTERNATING_BN_FOUR_ATOM_BRIDGE,ALTERNATING_BN_FOUR_ATOM_BRIDGE,B-N,0.1449813687811527,0.144973,8.368781152706672e-06
3036,BR4:UPPER:08:4,A:UPPER:-14:0,B,N,ALTERNATING_BN_FOUR_ATOM_BRIDGE,ANNULUS_OUTER_BOUNDARY,B-N,0.14496675735519082,0.144973,6.242644809167919e-06
3037,S:1728,BR4:UPPER:09:1,B,N,HEXAGONAL_EDGE_COMPLETION_SEED,ALTERNATING_BN_FOUR_ATOM_BRIDGE,B-N,0.14497605011112294,0.144973,3.0501111229486177e-06
3038,BR4:UPPER:09:1,BR4:UPPER:09:2,N,B,ALTERNATING_BN_FOUR_ATOM_BRIDGE,ALTERNATING_BN_FOUR_ATOM_BRIDGE,B-N,0.14495883280548,0.144973,1.416719451999282e-05
3039,BR4:UPPER:09:2,BR4:UPPER:09:3,B,N,ALTERNATING_BN_FOUR_ATOM_BRIDGE,ALTERNATING_BN_FOUR_ATOM_BRIDGE,B-N,0.1449582374089018,0.144973,1.4762591098199662e-05
3040,BR4:UPPER:09:3,BR4:UPPER:09:4,N,B,ALTERNATING_BN_FOUR_ATOM_BRIDGE,ALTERNATING_BN_FOUR_ATOM_BRIDGE,B-N,0.14496412418997642,0.144973,8.87581002356752e-06
3041,BR4:UPPER:09:4,A:UPPER:-14:2,B,N,ALTERNATING_BN_FOUR_ATOM_BRIDGE,ANNULUS_OUTER_BOUNDARY,B-N,0.1449715801794346,0.144973,1.4198205653959128e-06
3042,S:1730,BR4:UPPER:10:1,B,N,HEXAGONAL_EDGE_COMPLETION_SEED,ALTERNATING_BN_FOUR_ATOM_BRIDGE,B-N,0.14495205309499842,0.144973,2.0946905001567595e-05
3043,BR4:UPPER:10:1,BR4:UPPER:10:2,N,B,ALTERNATING_BN_FOUR_ATOM_BRIDGE,ALTERNATING_BN_FOUR_ATOM_BRIDGE,B-N,0.14493629054513157,0.144973,3.670945486841659e-05
3044,BR4:UPPER:10:2,BR4:UPPER:10:3,B,N,ALTERNATING_BN_FOUR_ATOM_BRIDGE,ALTERNATING_BN_FOUR_ATOM_BRIDGE,B-N,0.14492889303854187,0.144973,4.410696145812354e-05
3045,BR4:UPPER:10:3,BR4:UPPER:10:4,N,B,ALTERNATING_BN_FOUR_ATOM_BRIDGE,ALTERNATING_BN_FOUR_ATOM_BRIDGE,B-N,0.144935031930167,0.144973,3.796806983299983e-05
3046,BR4:UPPER:10:4,A:UPPER:-14:4,B,N,ALTERNATING_BN_FOUR_ATOM_BRIDGE,ANNULUS_OUTER_BOUNDARY,B-N,0.14496075796087432,0.144973,1.2242039125670567e-05
3047,S:1732,BR4:UPPER:11:1,B,N,HEXAGONAL_EDGE_COMPLETION_SEED,ALTERNATING_BN_FOUR_ATOM_BRIDGE,B-N,0.14497538408392743,0.144973,2.384083927442493e-06
3048,BR4:UPPER:11:1,BR4:UPPER:11:2,N,B,ALTERNATING_BN_FOUR_ATOM_BRIDGE,ALTERNATING_BN_FOUR_ATOM_BRIDGE,B-N,0.1449771771473266,0.144973,4.1771473266172254e-06
3049,BR4:UPPER:11:2,BR4:UPPER:11:3,B,N,ALTERNATING_BN_FOUR_ATOM_BRIDGE,ALTERNATING_BN_FOUR_ATOM_BRIDGE,B-N,0.14497801857325046,0.144973,5.018573250470393e-06
3050,BR4:UPPER:11:3,BR4:UPPER:11:4,N,B,ALTERNATING_BN_FOUR_ATOM_BRIDGE,ALTERNATING_BN_FOUR_ATOM_BRIDGE,B-N,0.14497732031127317,0.144973,4.320311273176003e-06
3051,BR4:UPPER:11:4,A:UPPER:1:9,B,N,ALTERNATING_BN_FOUR_ATOM_BRIDGE,ANNULUS_OUTER_BOUNDARY,B-N,0.14497439377184215,0.144973,1.3937718421619394e-06
3052,S:1734,BR4:UPPER:12:1,B,N,HEXAGONAL_EDGE_COMPLETION_SEED,ALTERNATING_BN_FOUR_ATOM_BRIDGE,B-N,0.14497422086383063,0.144973,1.2208638306421271e-06
3053,BR4:UPPER:12:1,BR4:UPPER:12:2,N,B,ALTERNATING_BN_FOUR_ATOM_BRIDGE,ALTERNATING_BN_FOUR_ATOM_BRIDGE,B-N,0.14496732811604368,0.144973,5.671883956309687e-06
3054,BR4:UPPER:12:2,BR4:UPPER:12:3,B,N,ALTERNATING_BN_FOUR_ATOM_BRIDGE,ALTERNATING_BN_FOUR_ATOM_BRIDGE,B-N,0.14496708976473965,0.144973,5.910235260336849e-06
3055,BR4:UPPER:12:3,BR4:UPPER:12:4,N,B,ALTERNATING_BN_FOUR_ATOM_BRIDGE,ALTERNATING_BN_FOUR_ATOM_BRIDGE,B-N,0.14496944640794635,0.144973,3.5535920536455823e-06
3056,BR4:UPPER:12:4,A:UPPER:4:8,B,N,ALTERNATING_BN_FOUR_ATOM_BRIDGE,ANNULUS_OUTER_BOUNDARY,B-N,0.14497243133155982,0.144973,5.686684401706721e-07
3057,S:1736,BR4:UPPER:13:1,B,N,HEXAGONAL_EDGE_COMPLETION_SEED,ALTERNATING_BN_FOUR_ATOM_BRIDGE,B-N,0.14497138740473567,0.144973,1.6125952643220032e-06
3058,BR4:UPPER:13:1,BR4:UPPER:13:2,N,B,ALTERNATING_BN_FOUR_ATOM_BRIDGE,ALTERNATING_BN_FOUR_ATOM_BRIDGE,B-N,0.1449768779219224,0.144973,3.877921922412764e-06
3059,BR4:UPPER:13:2,BR4:UPPER:13:3,B,N,ALTERNATING_BN_FOUR_ATOM_BRIDGE,ALTERNATING_BN_FOUR_ATOM_BRIDGE,B-N,0.14498082256554506,0.144973,7.822565545073656e-06
3060,BR4:UPPER:13:3,BR4:UPPER:13:4,N,B,ALTERNATING_BN_FOUR_ATOM_BRIDGE,ALTERNATING_BN_FOUR_ATOM_BRIDGE,B-N,0.14497555869580847,0.144973,2.558695808480005e-06
3061,BR4:UPPER:13:4,A:UPPER:7:7,B,N,ALTERNATING_BN_FOUR_ATOM_BRIDGE,ANNULUS_OUTER_BOUNDARY,B-N,0.1449741225524494,0.144973,1.12255244941184e-06
3062,S:1738,BR4:UPPER:14:1,B,N,HEXAGONAL_EDGE_COMPLETION_SEED,ALTERNATING_BN_FOUR_ATOM_BRIDGE,B-N,0.14497421441009595,0.144973,1.2144100959565751e-06
3063,BR4:UPPER:14:1,BR4:UPPER:14:2,N,B,ALTERNATING_BN_FOUR_ATOM_BRIDGE,ALTERNATING_BN_FOUR_ATOM_BRIDGE,B-N,0.14496243896789165,0.144973,1.0561032108336033e-05
3064,BR4:UPPER:14:2,BR4:UPPER:14:3,B,N,ALTERNATING_BN_FOUR_ATOM_BRIDGE,ALTERNATING_BN_FOUR_ATOM_BRIDGE,B-N,0.14495969615775195,0.144973,1.3303842248041375e-05
3065,BR4:UPPER:14:3,BR4:UPPER:14:4,N,B,ALTERNATING_BN_FOUR_ATOM_BRIDGE,ALTERNATING_BN_FOUR_ATOM_BRIDGE,B-N,0.14496303950972683,0.144973,9.960490273158706e-06
3066,BR4:UPPER:14:4,A:UPPER:10:6,B,N,ALTERNATING_BN_FOUR_ATOM_BRIDGE,ANNULUS_OUTER_BOUNDARY,B-N,0.1449740408456193,0.144973,1.040845619304509e-06
3067,A:LOWER:-10:-6,H4:LOWER:0000:0,N,H,ANNULUS_OUTER_BOUNDARY,ANNULUS_OUTER_PASSIVANT_H,N-H,0.10099999999999976,0.101,2.498001805406602e-16
3068,A:LOWER:-10:6,H4:LOWER:0001:0,N,H,ANNULUS_OUTER_BOUNDARY,ANNULUS_OUTER_PASSIVANT_H,N-H,0.10099999999999995,0.101,5.551115123125783e-17
3069,A:LOWER:-13:-5,H4:LOWER:0002:0,N,H,ANNULUS_OUTER_BOUNDARY,ANNULUS_OUTER_PASSIVANT_H,N-H,0.10099999999999995,0.101,5.551115123125783e-17
3070,A:LOWER:-13:5,H4:LOWER:0003:0,N,H,ANNULUS_OUTER_BOUNDARY,ANNULUS_OUTER_PASSIVANT_H,N-H,0.10099999999999995,0.101,5.551115123125783e-17
3071,A:LOWER:-1:-9,H4:LOWER:0004:0,N,H,ANNULUS_OUTER_BOUNDARY,ANNULUS_OUTER_PASSIVANT_H,N-H,0.10100000000000009,0.101,8.326672684688674e-17
3072,A:LOWER:-1:9,H4:LOWER:0005:0,N,H,ANNULUS_OUTER_BOUNDARY,ANNULUS_OUTER_PASSIVANT_H,N-H,0.10099999999999995,0.101,5.551115123125783e-17
3073,A:LOWER:-2:-4,H4:LOWER:0006:0,B,H,ANNULUS_INNER_BOUNDARY,ANNULUS_INNER_PASSIVANT_H,B-H,0.11899999999999995,0.119,4.163336342344337e-17
3074,A:LOWER:-2:4,H4:LOWER:0007:0,B,H,ANNULUS_INNER_BOUNDARY,ANNULUS_INNER_PASSIVANT_H,B-H,0.11899999999999994,0.119,5.551115123125783e-17
3075,A:LOWER:-4:-8,H4:LOWER:0008:0,N,H,ANNULUS_OUTER_BOUNDARY,ANNULUS_OUTER_PASSIVANT_H,N-H,0.1009999999999998,0.101,2.0816681711721685e-16
3076,A:LOWER:-4:8,H4:LOWER:0009:0,N,H,ANNULUS_OUTER_BOUNDARY,ANNULUS_OUTER_PASSIVANT_H,N-H,0.10099999999999995,0.101,5.551115123125783e-17
3077,A:LOWER:-5:-3,H4:LOWER:0010:0,B,H,ANNULUS_INNER_BOUNDARY,ANNULUS_INNER_PASSIVANT_H,B-H,0.1189999999999999,0.119,9.71445146547012e-17
3078,A:LOWER:-5:3,H4:LOWER:0011:0,B,H,ANNULUS_INNER_BOUNDARY,ANNULUS_INNER_PASSIVANT_H,B-H,0.11899999999999998,0.119,1.3877787807814457e-17
3079,A:LOWER:-7:-1,H4:LOWER:0012:0,N,H,ANNULUS_INNER_BOUNDARY,ANNULUS_INNER_PASSIVANT_H,N-H,0.101,0.101,0.0
3080,A:LOWER:-7:-7,H4:LOWER:0013:0,N,H,ANNULUS_OUTER_BOUNDARY,ANNULUS_OUTER_PASSIVANT_H,N-H,0.10100000000000013,0.101,1.249000902703301e-16
3081,A:LOWER:-7:1,H4:LOWER:0014:0,N,H,ANNULUS_INNER_BOUNDARY,ANNULUS_INNER_PASSIVANT_H,N-H,0.10099999999999991,0.101,9.71445146547012e-17
3082,A:LOWER:-7:7,H4:LOWER:0015:0,N,H,ANNULUS_OUTER_BOUNDARY,ANNULUS_OUTER_PASSIVANT_H,N-H,0.10100000000000012,0.101,1.1102230246251565e-16
3083,A:LOWER:14:-2,H4:LOWER:0016:0,N,H,ANNULUS_OUTER_BOUNDARY,ANNULUS_OUTER_PASSIVANT_H,N-H,0.10099999999999999,0.101,1.3877787807814457e-17
3084,A:LOWER:14:-4,H4:LOWER:0017:0,N,H,ANNULUS_OUTER_BOUNDARY,ANNULUS_OUTER_PASSIVANT_H,N-H,0.101,0.101,0.0
3085,A:LOWER:14:0,H4:LOWER:0018:0,N,H,ANNULUS_OUTER_BOUNDARY,ANNULUS_OUTER_PASSIVANT_H,N-H,0.1010000000000001,0.101,9.71445146547012e-17
3086,A:LOWER:14:2,H4:LOWER:0019:0,N,H,ANNULUS_OUTER_BOUNDARY,ANNULUS_OUTER_PASSIVANT_H,N-H,0.10099999999999995,0.101,5.551115123125783e-17
3087,A:LOWER:14:4,H4:LOWER:0020:0,N,H,ANNULUS_OUTER_BOUNDARY,ANNULUS_OUTER_PASSIVANT_H,N-H,0.10099999999999988,0.101,1.249000902703301e-16
3088,A:LOWER:2:-4,H4:LOWER:0021:0,N,H,ANNULUS_INNER_BOUNDARY,ANNULUS_INNER_PASSIVANT_H,N-H,0.10099999999999998,0.101,2.7755575615628914e-17
3089,A:LOWER:2:4,H4:LOWER:0022:0,N,H,ANNULUS_INNER_BOUNDARY,ANNULUS_INNER_PASSIVANT_H,N-H,0.10099999999999994,0.101,6.938893903907228e-17
3090,A:LOWER:5:-3,H4:LOWER:0023:0,N,H,ANNULUS_INNER_BOUNDARY,ANNULUS_INNER_PASSIVANT_H,N-H,0.10099999999999998,0.101,2.7755575615628914e-17
3091,A:LOWER:5:3,H4:LOWER:0024:0,N,H,ANNULUS_INNER_BOUNDARY,ANNULUS_INNER_PASSIVANT_H,N-H,0.10099999999999994,0.101,6.938893903907228e-17
3092,A:LOWER:7:-1,H4:LOWER:0025:0,B,H,ANNULUS_INNER_BOUNDARY,ANNULUS_INNER_PASSIVANT_H,B-H,0.11900000000000004,0.119,4.163336342344337e-17
3093,A:LOWER:7:1,H4:LOWER:0026:0,B,H,ANNULUS_INNER_BOUNDARY,ANNULUS_INNER_PASSIVANT_H,B-H,0.11900000000000005,0.119,5.551115123125783e-17
3094,A:UPPER:-10:-6,H4:UPPER:0027:0,B,H,ANNULUS_OUTER_BOUNDARY,ANNULUS_OUTER_PASSIVANT_H,B-H,0.11900000000000058,0.119,5.828670879282072e-16
3095,A:UPPER:-10:6,H4:UPPER:0028:0,B,H,ANNULUS_OUTER_BOUNDARY,ANNULUS_OUTER_PASSIVANT_H,B-H,0.11900000000000013,0.119,1.3877787807814457e-16
3096,A:UPPER:-13:-5,H4:UPPER:0029:0,B,H,ANNULUS_OUTER_BOUNDARY,ANNULUS_OUTER_PASSIVANT_H,B-H,0.1190000000000002,0.119,2.0816681711721685e-16
3097,A:UPPER:-13:5,H4:UPPER:0030:0,B,H,ANNULUS_OUTER_BOUNDARY,ANNULUS_OUTER_PASSIVANT_H,B-H,0.11900000000000063,0.119,6.38378239159465e-16
3098,A:UPPER:-1:-9,H4:UPPER:0031:0,B,H,ANNULUS_OUTER_BOUNDARY,ANNULUS_OUTER_PASSIVANT_H,B-H,0.1190000000000002,0.119,2.0816681711721685e-16
3099,A:UPPER:-1:9,H4:UPPER:0032:0,B,H,ANNULUS_OUTER_BOUNDARY,ANNULUS_OUTER_PASSIVANT_H,B-H,0.11899999999999925,0.119,7.494005416219807e-16
3100,A:UPPER:-2:-4,H4:UPPER:0033:0,N,H,ANNULUS_INNER_BOUNDARY,ANNULUS_INNER_PASSIVANT_H,N-H,0.10100000000000063,0.101,6.245004513516506e-16
3101,A:UPPER:-2:4,H4:UPPER:0034:0,N,H,ANNULUS_INNER_BOUNDARY,ANNULUS_INNER_PASSIVANT_H,N-H,0.10099999999999928,0.101,7.216449660063518e-16
3102,A:UPPER:-4:-8,H4:UPPER:0035:0,B,H,ANNULUS_OUTER_BOUNDARY,ANNULUS_OUTER_PASSIVANT_H,B-H,0.11900000000000076,0.119,7.632783294297951e-16
3103,A:UPPER:-4:8,H4:UPPER:0036:0,B,H,ANNULUS_OUTER_BOUNDARY,ANNULUS_OUTER_PASSIVANT_H,B-H,0.11899999999999981,0.119,1.8041124150158794e-16
3104,A:UPPER:-5:-3,H4:UPPER:0037:0,N,H,ANNULUS_INNER_BOUNDARY,ANNULUS_INNER_PASSIVANT_H,N-H,0.10099999999999941,0.101,5.967448757360216e-16
3105,A:UPPER:-5:3,H4:UPPER:0038:0,N,H,ANNULUS_INNER_BOUNDARY,ANNULUS_INNER_PASSIVANT_H,N-H,0.10099999999999995,0.101,5.551115123125783e-17
3106,A:UPPER:-7:-1,H4:UPPER:0039:0,B,H,ANNULUS_INNER_BOUNDARY,ANNULUS_INNER_PASSIVANT_H,B-H,0.11899999999999993,0.119,6.938893903907228e-17
3107,A:UPPER:-7:-7,H4:UPPER:0040:0,B,H,ANNULUS_OUTER_BOUNDARY,ANNULUS_OUTER_PASSIVANT_H,B-H,0.11899999999999936,0.119,6.38378239159465e-16
3108,A:UPPER:-7:1,H4:UPPER:0041:0,B,H,ANNULUS_INNER_BOUNDARY,ANNULUS_INNER_PASSIVANT_H,B-H,0.11900000000000054,0.119,5.412337245047638e-16
3109,A:UPPER:-7:7,H4:UPPER:0042:0,B,H,ANNULUS_OUTER_BOUNDARY,ANNULUS_OUTER_PASSIVANT_H,B-H,0.11899999999999934,0.119,6.522560269672795e-16
3110,A:UPPER:14:-2,H4:UPPER:0043:0,B,H,ANNULUS_OUTER_BOUNDARY,ANNULUS_OUTER_PASSIVANT_H,B-H,0.11900000000000013,0.119,1.3877787807814457e-16
3111,A:UPPER:14:-4,H4:UPPER:0044:0,B,H,ANNULUS_OUTER_BOUNDARY,ANNULUS_OUTER_PASSIVANT_H,B-H,0.11899999999999952,0.119,4.718447854656915e-16
3112,A:UPPER:14:0,H4:UPPER:0045:0,B,H,ANNULUS_OUTER_BOUNDARY,ANNULUS_OUTER_PASSIVANT_H,B-H,0.11900000000000056,0.119,5.689893001203927e-16
3113,A:UPPER:14:2,H4:UPPER:0046:0,B,H,ANNULUS_OUTER_BOUNDARY,ANNULUS_OUTER_PASSIVANT_H,B-H,0.11899999999999925,0.119,7.494005416219807e-16
3114,A:UPPER:14:4,H4:UPPER:0047:0,B,H,ANNULUS_OUTER_BOUNDARY,ANNULUS_OUTER_PASSIVANT_H,B-H,0.11900000000000002,0.119,2.7755575615628914e-17
3115,A:UPPER:2:-4,H4:UPPER:0048:0,B,H,ANNULUS_INNER_BOUNDARY,ANNULUS_INNER_PASSIVANT_H,B-H,0.11899999999999977,0.119,2.220446049250313e-16
3116,A:UPPER:2:4,H4:UPPER:0049:0,B,H,ANNULUS_INNER_BOUNDARY,ANNULUS_INNER_PASSIVANT_H,B-H,0.11900000000000086,0.119,8.604228440844963e-16
3117,A:UPPER:5:-3,H4:UPPER:0050:0,B,H,ANNULUS_INNER_BOUNDARY,ANNULUS_INNER_PASSIVANT_H,B-H,0.11899999999999938,0.119,6.106226635438361e-16
3118,A:UPPER:5:3,H4:UPPER:0051:0,B,H,ANNULUS_INNER_BOUNDARY,ANNULUS_INNER_PASSIVANT_H,B-H,0.11899999999999962,0.119,3.7470027081099033e-16
3119,A:UPPER:7:-1,H4:UPPER:0052:0,N,H,ANNULUS_INNER_BOUNDARY,ANNULUS_INNER_PASSIVANT_H,N-H,0.10099999999999937,0.101,6.38378239159465e-16
3120,A:UPPER:7:1,H4:UPPER:0053:0,N,H,ANNULUS_INNER_BOUNDARY,ANNULUS_INNER_PASSIVANT_H,N-H,0.10100000000000038,0.101,3.7470027081099033e-16
3121,BR4:LOWER:00:1,H4:LOWER:0054:0,B,H,ALTERNATING_BN_FOUR_ATOM_BRIDGE,BRIDGE_PASSIVANT_H,B-H,0.1190000000000001,0.119,1.1102230246251565e-16
3122,BR4:LOWER:00:2,H4:LOWER:0055:0,N,H,ALTERNATING_BN_FOUR_ATOM_BRIDGE,BRIDGE_PASSIVANT_H,N-H,0.10099999999999987,0.101,1.3877787807814457e-16
3123,BR4:LOWER:00:3,H4:LOWER:0056:0,B,H,ALTERNATING_BN_FOUR_ATOM_BRIDGE,BRIDGE_PASSIVANT_H,B-H,0.11899999999999991,0.119,8.326672684688674e-17
3124,BR4:LOWER:00:4,H4:LOWER:0057:0,N,H,ALTERNATING_BN_FOUR_ATOM_BRIDGE,BRIDGE_PASSIVANT_H,N-H,0.10100000000000006,0.101,5.551115123125783e-17
3125,BR4:LOWER:01:1,H4:LOWER:0058:0,B,H,ALTERNATING_BN_FOUR_ATOM_BRIDGE,BRIDGE_PASSIVANT_H,B-H,0.11899999999999991,0.119,8.326672684688674e-17
3126,BR4:LOWER:01:2,H4:LOWER:0059:0,N,H,ALTERNATING_BN_FOUR_ATOM_BRIDGE,BRIDGE_PASSIVANT_H,N-H,0.10099999999999983,0.101,1.8041124150158794e-16
3127,BR4:LOWER:01:3,H4:LOWER:0060:0,B,H,ALTERNATING_BN_FOUR_ATOM_BRIDGE,BRIDGE_PASSIVANT_H,B-H,0.11900000000000016,0.119,1.6653345369377348e-16
3128,BR4:LOWER:01:4,H4:LOWER:0061:0,N,H,ALTERNATING_BN_FOUR_ATOM_BRIDGE,BRIDGE_PASSIVANT_H,N-H,0.10099999999999974,0.101,2.636779683484747e-16
3129,BR4:LOWER:02:1,H4:LOWER:0062:0,B,H,ALTERNATING_BN_FOUR_ATOM_BRIDGE,BRIDGE_PASSIVANT_H,B-H,0.11899999999999988,0.119,1.1102230246251565e-16
3130,BR4:LOWER:02:2,H4:LOWER:0063:0,N,H,ALTERNATING_BN_FOUR_ATOM_BRIDGE,BRIDGE_PASSIVANT_H,N-H,0.10099999999999988,0.101,1.249000902703301e-16
3131,BR4:LOWER:02:3,H4:LOWER:0064:0,B,H,ALTERNATING_BN_FOUR_ATOM_BRIDGE,BRIDGE_PASSIVANT_H,B-H,0.11900000000000004,0.119,4.163336342344337e-17
3132,BR4:LOWER:02:4,H4:LOWER:0065:0,N,H,ALTERNATING_BN_FOUR_ATOM_BRIDGE,BRIDGE_PASSIVANT_H,N-H,0.1009999999999998,0.101,2.0816681711721685e-16
3133,BR4:LOWER:03:1,H4:LOWER:0066:0,B,H,ALTERNATING_BN_FOUR_ATOM_BRIDGE,BRIDGE_PASSIVANT_H,B-H,0.11900000000000019,0.119,1.942890293094024e-16
3134,BR4:LOWER:03:2,H4:LOWER:0067:0,N,H,ALTERNATING_BN_FOUR_ATOM_BRIDGE,BRIDGE_PASSIVANT_H,N-H,0.10100000000000002,0.101,1.3877787807814457e-17
3135,BR4:LOWER:03:3,H4:LOWER:0068:0,B,H,ALTERNATING_BN_FOUR_ATOM_BRIDGE,BRIDGE_PASSIVANT_H,B-H,0.11899999999999988,0.119,1.1102230246251565e-16
3136,BR4:LOWER:03:4,H4:LOWER:0069:0,N,H,ALTERNATING_BN_FOUR_ATOM_BRIDGE,BRIDGE_PASSIVANT_H,N-H,0.1010000000000002,0.101,1.942890293094024e-16
3137,BR4:LOWER:04:1,H4:LOWER:0070:0,B,H,ALTERNATING_BN_FOUR_ATOM_BRIDGE,BRIDGE_PASSIVANT_H,B-H,0.11899999999999983,0.119,1.6653345369377348e-16
3138,BR4:LOWER:04:2,H4:LOWER:0071:0,N,H,ALTERNATING_BN_FOUR_ATOM_BRIDGE,BRIDGE_PASSIVANT_H,N-H,0.10100000000000037,0.101,3.608224830031759e-16
3139,BR4:LOWER:04:3,H4:LOWER:0072:0,B,H,ALTERNATING_BN_FOUR_ATOM_BRIDGE,BRIDGE_PASSIVANT_H,B-H,0.11899999999999991,0.119,8.326672684688674e-17
3140,BR4:LOWER:04:4,H4:LOWER:0073:0,N,H,ALTERNATING_BN_FOUR_ATOM_BRIDGE,BRIDGE_PASSIVANT_H,N-H,0.101,0.101,0.0
3141,BR4:LOWER:05:1,H4:LOWER:0074:0,B,H,ALTERNATING_BN_FOUR_ATOM_BRIDGE,BRIDGE_PASSIVANT_H,B-H,0.1189999999999999,0.119,9.71445146547012e-17
3142,BR4:LOWER:05:2,H4:LOWER:0075:0,N,H,ALTERNATING_BN_FOUR_ATOM_BRIDGE,BRIDGE_PASSIVANT_H,N-H,0.10100000000000012,0.101,1.1102230246251565e-16
3143,BR4:LOWER:05:3,H4:LOWER:0076:0,B,H,ALTERNATING_BN_FOUR_ATOM_BRIDGE,BRIDGE_PASSIVANT_H,B-H,0.11899999999999984,0.119,1.5265566588595902e-16
3144,BR4:LOWER:05:4,H4:LOWER:0077:0,N,H,ALTERNATING_BN_FOUR_ATOM_BRIDGE,BRIDGE_PASSIVANT_H,N-H,0.10100000000000012,0.101,1.1102230246251565e-16
3145,BR4:LOWER:06:1,H4:LOWER:0078:0,B,H,ALTERNATING_BN_FOUR_ATOM_BRIDGE,BRIDGE_PASSIVANT_H,B-H,0.11899999999999995,0.119,4.163336342344337e-17
3146,BR4:LOWER:06:2,H4:LOWER:0079:0,N,H,ALTERNATING_BN_FOUR_ATOM_BRIDGE,BRIDGE_PASSIVANT_H,N-H,0.10100000000000002,0.101,1.3877787807814457e-17
3147,BR4:LOWER:06:3,H4:LOWER:0080:0,B,H,ALTERNATING_BN_FOUR_ATOM_BRIDGE,BRIDGE_PASSIVANT_H,B-H,0.11900000000000015,0.119,1.5265566588595902e-16
3148,BR4:LOWER:06:4,H4:LOWER:0081:0,N,H,ALTERNATING_BN_FOUR_ATOM_BRIDGE,BRIDGE_PASSIVANT_H,N-H,0.10100000000000019,0.101,1.8041124150158794e-16
3149,BR4:LOWER:07:1,H4:LOWER:0082:0,B,H,ALTERNATING_BN_FOUR_ATOM_BRIDGE,BRIDGE_PASSIVANT_H,B-H,0.11899999999999994,0.119,5.551115123125783e-17
3150,BR4:LOWER:07:2,H4:LOWER:0083:0,N,H,ALTERNATING_BN_FOUR_ATOM_BRIDGE,BRIDGE_PASSIVANT_H,N-H,0.10099999999999958,0.101,4.3021142204224816e-16
3151,BR4:LOWER:07:3,H4:LOWER:0084:0,B,H,ALTERNATING_BN_FOUR_ATOM_BRIDGE,BRIDGE_PASSIVANT_H,B-H,0.11899999999999987,0.119,1.249000902703301e-16
3152,BR4:LOWER:07:4,H4:LOWER:0085:0,N,H,ALTERNATING_BN_FOUR_ATOM_BRIDGE,BRIDGE_PASSIVANT_H,N-H,0.10100000000000005,0.101,4.163336342344337e-17
3153,BR4:LOWER:08:1,H4:LOWER:0086:0,B,H,ALTERNATING_BN_FOUR_ATOM_BRIDGE,BRIDGE_PASSIVANT_H,B-H,0.11900000000000002,0.119,2.7755575615628914e-17
3154,BR4:LOWER:08:2,H4:LOWER:0087:0,N,H,ALTERNATING_BN_FOUR_ATOM_BRIDGE,BRIDGE_PASSIVANT_H,N-H,0.1010000000000001,0.101,9.71445146547012e-17
3155,BR4:LOWER:08:3,H4:LOWER:0088:0,B,H,ALTERNATING_BN_FOUR_ATOM_BRIDGE,BRIDGE_PASSIVANT_H,B-H,0.11900000000000005,0.119,5.551115123125783e-17
3156,BR4:LOWER:08:4,H4:LOWER:0089:0,N,H,ALTERNATING_BN_FOUR_ATOM_BRIDGE,BRIDGE_PASSIVANT_H,N-H,0.10100000000000019,0.101,1.8041124150158794e-16
3157,BR4:LOWER:09:1,H4:LOWER:0090:0,B,H,ALTERNATING_BN_FOUR_ATOM_BRIDGE,BRIDGE_PASSIVANT_H,B-H,0.11899999999999997,0.119,2.7755575615628914e-17
3158,BR4:LOWER:09:2,H4:LOWER:0091:0,N,H,ALTERNATING_BN_FOUR_ATOM_BRIDGE,BRIDGE_PASSIVANT_H,N-H,0.10100000000000024,0.101,2.3592239273284576e-16
3159,BR4:LOWER:09:3,H4:LOWER:0092:0,B,H,ALTERNATING_BN_FOUR_ATOM_BRIDGE,BRIDGE_PASSIVANT_H,B-H,0.11899999999999987,0.119,1.249000902703301e-16
3160,BR4:LOWER:09:4,H4:LOWER:0093:0,N,H,ALTERNATING_BN_FOUR_ATOM_BRIDGE,BRIDGE_PASSIVANT_H,N-H,0.10099999999999998,0.101,2.7755575615628914e-17
3161,BR4:LOWER:10:1,H4:LOWER:0094:0,B,H,ALTERNATING_BN_FOUR_ATOM_BRIDGE,BRIDGE_PASSIVANT_H,B-H,0.11899999999999965,0.119,3.469446951953614e-16
3162,BR4:LOWER:10:2,H4:LOWER:0095:0,N,H,ALTERNATING_BN_FOUR_ATOM_BRIDGE,BRIDGE_PASSIVANT_H,N-H,0.10099999999999991,0.101,9.71445146547012e-17
3163,BR4:LOWER:10:3,H4:LOWER:0096:0,B,H,ALTERNATING_BN_FOUR_ATOM_BRIDGE,BRIDGE_PASSIVANT_H,B-H,0.11899999999999988,0.119,1.1102230246251565e-16
3164,BR4:LOWER:10:4,H4:LOWER:0097:0,N,H,ALTERNATING_BN_FOUR_ATOM_BRIDGE,BRIDGE_PASSIVANT_H,N-H,0.10100000000000002,0.101,1.3877787807814457e-17
3165,BR4:LOWER:11:1,H4:LOWER:0098:0,B,H,ALTERNATING_BN_FOUR_ATOM_BRIDGE,BRIDGE_PASSIVANT_H,B-H,0.11900000000000006,0.119,6.938893903907228e-17
3166,BR4:LOWER:11:2,H4:LOWER:0099:0,N,H,ALTERNATING_BN_FOUR_ATOM_BRIDGE,BRIDGE_PASSIVANT_H,N-H,0.10099999999999991,0.101,9.71445146547012e-17
3167,BR4:LOWER:11:3,H4:LOWER:0100:0,B,H,ALTERNATING_BN_FOUR_ATOM_BRIDGE,BRIDGE_PASSIVANT_H,B-H,0.1190000000000001,0.119,1.1102230246251565e-16
3168,BR4:LOWER:11:4,H4:LOWER:0101:0,N,H,ALTERNATING_BN_FOUR_ATOM_BRIDGE,BRIDGE_PASSIVANT_H,N-H,0.10100000000000005,0.101,4.163336342344337e-17
3169,BR4:LOWER:12:1,H4:LOWER:0102:0,B,H,ALTERNATING_BN_FOUR_ATOM_BRIDGE,BRIDGE_PASSIVANT_H,B-H,0.119,0.119,0.0
3170,BR4:LOWER:12:2,H4:LOWER:0103:0,N,H,ALTERNATING_BN_FOUR_ATOM_BRIDGE,BRIDGE_PASSIVANT_H,N-H,0.10100000000000015,0.101,1.3877787807814457e-16
3171,BR4:LOWER:12:3,H4:LOWER:0104:0,B,H,ALTERNATING_BN_FOUR_ATOM_BRIDGE,BRIDGE_PASSIVANT_H,B-H,0.119,0.119,0.0
3172,BR4:LOWER:12:4,H4:LOWER:0105:0,N,H,ALTERNATING_BN_FOUR_ATOM_BRIDGE,BRIDGE_PASSIVANT_H,N-H,0.10100000000000016,0.101,1.5265566588595902e-16
3173,BR4:LOWER:13:1,H4:LOWER:0106:0,B,H,ALTERNATING_BN_FOUR_ATOM_BRIDGE,BRIDGE_PASSIVANT_H,B-H,0.11900000000000008,0.119,8.326672684688674e-17
3174,BR4:LOWER:13:2,H4:LOWER:0107:0,N,H,ALTERNATING_BN_FOUR_ATOM_BRIDGE,BRIDGE_PASSIVANT_H,N-H,0.10100000000000012,0.101,1.1102230246251565e-16
3175,BR4:LOWER:13:3,H4:LOWER:0108:0,B,H,ALTERNATING_BN_FOUR_ATOM_BRIDGE,BRIDGE_PASSIVANT_H,B-H,0.11899999999999995,0.119,4.163336342344337e-17
3176,BR4:LOWER:13:4,H4:LOWER:0109:0,N,H,ALTERNATING_BN_FOUR_ATOM_BRIDGE,BRIDGE_PASSIVANT_H,N-H,0.1010000000000001,0.101,9.71445146547012e-17
3177,BR4:LOWER:14:1,H4:LOWER:0110:0,B,H,ALTERNATING_BN_FOUR_ATOM_BRIDGE,BRIDGE_PASSIVANT_H,B-H,0.11900000000000022,0.119,2.220446049250313e-16
3178,BR4:LOWER:14:2,H4:LOWER:0111:0,N,H,ALTERNATING_BN_FOUR_ATOM_BRIDGE,BRIDGE_PASSIVANT_H,N-H,0.10100000000000009,0.101,8.326672684688674e-17
3179,BR4:LOWER:14:3,H4:LOWER:0112:0,B,H,ALTERNATING_BN_FOUR_ATOM_BRIDGE,BRIDGE_PASSIVANT_H,B-H,0.11899999999999998,0.119,1.3877787807814457e-17
3180,BR4:LOWER:14:4,H4:LOWER:0113:0,N,H,ALTERNATING_BN_FOUR_ATOM_BRIDGE,BRIDGE_PASSIVANT_H,N-H,0.10100000000000017,0.101,1.6653345369377348e-16
3181,BR4:UPPER:00:1,H4:UPPER:0114:0,N,H,ALTERNATING_BN_FOUR_ATOM_BRIDGE,BRIDGE_PASSIVANT_H,N-H,0.1009999999999998,0.101,2.0816681711721685e-16
3182,BR4:UPPER:00:2,H4:UPPER:0115:0,B,H,ALTERNATING_BN_FOUR_ATOM_BRIDGE,BRIDGE_PASSIVANT_H,B-H,0.1190000000000001,0.119,1.1102230246251565e-16
3183,BR4:UPPER:00:3,H4:UPPER:0116:0,N,H,ALTERNATING_BN_FOUR_ATOM_BRIDGE,BRIDGE_PASSIVANT_H,N-H,0.10100000000000038,0.101,3.7470027081099033e-16
3184,BR4:UPPER:00:4,H4:UPPER:0117:0,B,H,ALTERNATING_BN_FOUR_ATOM_BRIDGE,BRIDGE_PASSIVANT_H,B-H,0.1190000000000003,0.119,3.0531133177191805e-16
3185,BR4:UPPER:01:1,H4:UPPER:0118:0,N,H,ALTERNATING_BN_FOUR_ATOM_BRIDGE,BRIDGE_PASSIVANT_H,N-H,0.10100000000000016,0.101,1.5265566588595902e-16
3186,BR4:UPPER:01:2,H4:UPPER:0119:0,B,H,ALTERNATING_BN_FOUR_ATOM_BRIDGE,BRIDGE_PASSIVANT_H,B-H,0.11900000000000079,0.119,7.91033905045424e-16
3187,BR4:UPPER:01:3,H4:UPPER:0120:0,N,H,ALTERNATING_BN_FOUR_ATOM_BRIDGE,BRIDGE_PASSIVANT_H,N-H,0.10100000000000017,0.101,1.6653345369377348e-16
3188,BR4:UPPER:01:4,H4:UPPER:0121:0,B,H,ALTERNATING_BN_FOUR_ATOM_BRIDGE,BRIDGE_PASSIVANT_H,B-H,0.11899999999999933,0.119,6.661338147750939e-16
3189,BR4:UPPER:02:1,H4:UPPER:0122:0,N,H,ALTERNATING_BN_FOUR_ATOM_BRIDGE,BRIDGE_PASSIVANT_H,N-H,0.101,0.101,0.0
3190,BR4:UPPER:02:2,H4:UPPER:0123:0,B,H,ALTERNATING_BN_FOUR_ATOM_BRIDGE,BRIDGE_PASSIVANT_H,B-H,0.11900000000000026,0.119,2.636779683484747e-16
3191,BR4:UPPER:02:3,H4:UPPER:0124:0,N,H,ALTERNATING_BN_FOUR_ATOM_BRIDGE,BRIDGE_PASSIVANT_H,N-H,0.10100000000000062,0.101,6.106226635438361e-16
3192,BR4:UPPER:02:4,H4:UPPER:0125:0,B,H,ALTERNATING_BN_FOUR_ATOM_BRIDGE,BRIDGE_PASSIVANT_H,B-H,0.11899999999999994,0.119,5.551115123125783e-17
3193,BR4:UPPER:03:1,H4:UPPER:0126:0,N,H,ALTERNATING_BN_FOUR_ATOM_BRIDGE,BRIDGE_PASSIVANT_H,N-H,0.10099999999999983,0.101,1.8041124150158794e-16
3194,BR4:UPPER:03:2,H4:UPPER:0127:0,B,H,ALTERNATING_BN_FOUR_ATOM_BRIDGE,BRIDGE_PASSIVANT_H,B-H,0.11900000000000066,0.119,6.661338147750939e-16
3195,BR4:UPPER:03:3,H4:UPPER:0128:0,N,H,ALTERNATING_BN_FOUR_ATOM_BRIDGE,BRIDGE_PASSIVANT_H,N-H,0.10099999999999976,0.101,2.498001805406602e-16
3196,BR4:UPPER:03:4,H4:UPPER:0129:0,B,H,ALTERNATING_BN_FOUR_ATOM_BRIDGE,BRIDGE_PASSIVANT_H,B-H,0.11900000000000002,0.119,2.7755575615628914e-17
3197,BR4:UPPER:04:1,H4:UPPER:0130:0,N,H,ALTERNATING_BN_FOUR_ATOM_BRIDGE,BRIDGE_PASSIVANT_H,N-H,0.10100000000000038,0.101,3.7470027081099033e-16
3198,BR4:UPPER:04:2,H4:UPPER:0131:0,B,H,ALTERNATING_BN_FOUR_ATOM_BRIDGE,BRIDGE_PASSIVANT_H,B-H,0.11899999999999968,0.119,3.191891195797325e-16
3199,BR4:UPPER:04:3,H4:UPPER:0132:0,N,H,ALTERNATING_BN_FOUR_ATOM_BRIDGE,BRIDGE_PASSIVANT_H,N-H,0.1010000000000002,0.101,1.942890293094024e-16
3200,BR4:UPPER:04:4,H4:UPPER:0133:0,B,H,ALTERNATING_BN_FOUR_ATOM_BRIDGE,BRIDGE_PASSIVANT_H,B-H,0.11900000000000056,0.119,5.689893001203927e-16
3201,BR4:UPPER:05:1,H4:UPPER:0134:0,N,H,ALTERNATING_BN_FOUR_ATOM_BRIDGE,BRIDGE_PASSIVANT_H,N-H,0.10099999999999994,0.101,6.938893903907228e-17
3202,BR4:UPPER:05:2,H4:UPPER:0135:0,B,H,ALTERNATING_BN_FOUR_ATOM_BRIDGE,BRIDGE_PASSIVANT_H,B-H,0.11899999999999979,0.119,2.0816681711721685e-16
3203,BR4:UPPER:05:3,H4:UPPER:0136:0,N,H,ALTERNATING_BN_FOUR_ATOM_BRIDGE,BRIDGE_PASSIVANT_H,N-H,0.10100000000000062,0.101,6.106226635438361e-16
3204,BR4:UPPER:05:4,H4:UPPER:0137:0,B,H,ALTERNATING_BN_FOUR_ATOM_BRIDGE,BRIDGE_PASSIVANT_H,B-H,0.11900000000000015,0.119,1.5265566588595902e-16
3205,BR4:UPPER:06:1,H4:UPPER:0138:0,N,H,ALTERNATING_BN_FOUR_ATOM_BRIDGE,BRIDGE_PASSIVANT_H,N-H,0.10099999999999992,0.101,8.326672684688674e-17
3206,BR4:UPPER:06:2,H4:UPPER:0139:0,B,H,ALTERNATING_BN_FOUR_ATOM_BRIDGE,BRIDGE_PASSIVANT_H,B-H,0.11900000000000006,0.119,6.938893903907228e-17
3207,BR4:UPPER:06:3,H4:UPPER:0140:0,N,H,ALTERNATING_BN_FOUR_ATOM_BRIDGE,BRIDGE_PASSIVANT_H,N-H,0.1009999999999996,0.101,4.0245584642661925e-16
3208,BR4:UPPER:06:4,H4:UPPER:0141:0,B,H,ALTERNATING_BN_FOUR_ATOM_BRIDGE,BRIDGE_PASSIVANT_H,B-H,0.11899999999999983,0.119,1.6653345369377348e-16
3209,BR4:UPPER:07:1,H4:UPPER:0142:0,N,H,ALTERNATING_BN_FOUR_ATOM_BRIDGE,BRIDGE_PASSIVANT_H,N-H,0.1009999999999998,0.101,2.0816681711721685e-16
3210,BR4:UPPER:07:2,H4:UPPER:0143:0,B,H,ALTERNATING_BN_FOUR_ATOM_BRIDGE,BRIDGE_PASSIVANT_H,B-H,0.11900000000000029,0.119,2.914335439641036e-16
3211,BR4:UPPER:07:3,H4:UPPER:0144:0,N,H,ALTERNATING_BN_FOUR_ATOM_BRIDGE,BRIDGE_PASSIVANT_H,N-H,0.10100000000000013,0.101,1.249000902703301e-16
3212,BR4:UPPER:07:4,H4:UPPER:0145:0,B,H,ALTERNATING_BN_FOUR_ATOM_BRIDGE,BRIDGE_PASSIVANT_H,B-H,0.11899999999999995,0.119,4.163336342344337e-17
3213,BR4:UPPER:08:1,H4:UPPER:0146:0,N,H,ALTERNATING_BN_FOUR_ATOM_BRIDGE,BRIDGE_PASSIVANT_H,N-H,0.10100000000000048,0.101,4.718447854656915e-16
3214,BR4:UPPER:08:2,H4:UPPER:0147:0,B,H,ALTERNATING_BN_FOUR_ATOM_BRIDGE,BRIDGE_PASSIVANT_H,B-H,0.11900000000000015,0.119,1.5265566588595902e-16
3215,BR4:UPPER:08:3,H4:UPPER:0148:0,N,H,ALTERNATING_BN_FOUR_ATOM_BRIDGE,BRIDGE_PASSIVANT_H,N-H,0.10100000000000087,0.101,8.604228440844963e-16
3216,BR4:UPPER:08:4,H4:UPPER:0149:0,B,H,ALTERNATING_BN_FOUR_ATOM_BRIDGE,BRIDGE_PASSIVANT_H,B-H,0.11900000000000029,0.119,2.914335439641036e-16
3217,BR4:UPPER:09:1,H4:UPPER:0150:0,N,H,ALTERNATING_BN_FOUR_ATOM_BRIDGE,BRIDGE_PASSIVANT_H,N-H,0.10099999999999937,0.101,6.38378239159465e-16
3218,BR4:UPPER:09:2,H4:UPPER:0151:0,B,H,ALTERNATING_BN_FOUR_ATOM_BRIDGE,BRIDGE_PASSIVANT_H,B-H,0.11900000000000008,0.119,8.326672684688674e-17
3219,BR4:UPPER:09:3,H4:UPPER:0152:0,N,H,ALTERNATING_BN_FOUR_ATOM_BRIDGE,BRIDGE_PASSIVANT_H,N-H,0.10099999999999926,0.101,7.494005416219807e-16
3220,BR4:UPPER:09:4,H4:UPPER:0153:0,B,H,ALTERNATING_BN_FOUR_ATOM_BRIDGE,BRIDGE_PASSIVANT_H,B-H,0.11899999999999995,0.119,4.163336342344337e-17
3221,BR4:UPPER:10:1,H4:UPPER:0154:0,N,H,ALTERNATING_BN_FOUR_ATOM_BRIDGE,BRIDGE_PASSIVANT_H,N-H,0.1010000000000001,0.101,9.71445146547012e-17
3222,BR4:UPPER:10:2,H4:UPPER:0155:0,B,H,ALTERNATING_BN_FOUR_ATOM_BRIDGE,BRIDGE_PASSIVANT_H,B-H,0.1190000000000005,0.119,4.996003610813204e-16
3223,BR4:UPPER:10:3,H4:UPPER:0156:0,N,H,ALTERNATING_BN_FOUR_ATOM_BRIDGE,BRIDGE_PASSIVANT_H,N-H,0.10100000000000009,0.101,8.326672684688674e-17
3224,BR4:UPPER:10:4,H4:UPPER:0157:0,B,H,ALTERNATING_BN_FOUR_ATOM_BRIDGE,BRIDGE_PASSIVANT_H,B-H,0.1189999999999991,0.119,8.881784197001252e-16
3225,BR4:UPPER:11:1,H4:UPPER:0158:0,N,H,ALTERNATING_BN_FOUR_ATOM_BRIDGE,BRIDGE_PASSIVANT_H,N-H,0.10100000000000013,0.101,1.249000902703301e-16
3226,BR4:UPPER:11:2,H4:UPPER:0159:0,B,H,ALTERNATING_BN_FOUR_ATOM_BRIDGE,BRIDGE_PASSIVANT_H,B-H,0.11900000000000042,0.119,4.3021142204224816e-16
3227,BR4:UPPER:11:3,H4:UPPER:0160:0,N,H,ALTERNATING_BN_FOUR_ATOM_BRIDGE,BRIDGE_PASSIVANT_H,N-H,0.1010000000000002,0.101,1.942890293094024e-16
3228,BR4:UPPER:11:4,H4:UPPER:0161:0,B,H,ALTERNATING_BN_FOUR_ATOM_BRIDGE,BRIDGE_PASSIVANT_H,B-H,0.11900000000000063,0.119,6.38378239159465e-16
3229,BR4:UPPER:12:1,H4:UPPER:0162:0,N,H,ALTERNATING_BN_FOUR_ATOM_BRIDGE,BRIDGE_PASSIVANT_H,N-H,0.1009999999999994,0.101,6.106226635438361e-16
3230,BR4:UPPER:12:2,H4:UPPER:0163:0,B,H,ALTERNATING_BN_FOUR_ATOM_BRIDGE,BRIDGE_PASSIVANT_H,B-H,0.11899999999999977,0.119,2.220446049250313e-16
3231,BR4:UPPER:12:3,H4:UPPER:0164:0,N,H,ALTERNATING_BN_FOUR_ATOM_BRIDGE,BRIDGE_PASSIVANT_H,N-H,0.10100000000000081,0.101,8.049116928532385e-16
3232,BR4:UPPER:12:4,H4:UPPER:0165:0,B,H,ALTERNATING_BN_FOUR_ATOM_BRIDGE,BRIDGE_PASSIVANT_H,B-H,0.11900000000000009,0.119,9.71445146547012e-17
3233,BR4:UPPER:13:1,H4:UPPER:0166:0,N,H,ALTERNATING_BN_FOUR_ATOM_BRIDGE,BRIDGE_PASSIVANT_H,N-H,0.10100000000000019,0.101,1.8041124150158794e-16
3234,BR4:UPPER:13:2,H4:UPPER:0167:0,B,H,ALTERNATING_BN_FOUR_ATOM_BRIDGE,BRIDGE_PASSIVANT_H,B-H,0.11900000000000029,0.119,2.914335439641036e-16
3235,BR4:UPPER:13:3,H4:UPPER:0168:0,N,H,ALTERNATING_BN_FOUR_ATOM_BRIDGE,BRIDGE_PASSIVANT_H,N-H,0.10100000000000005,0.101,4.163336342344337e-17
3236,BR4:UPPER:13:4,H4:UPPER:0169:0,B,H,ALTERNATING_BN_FOUR_ATOM_BRIDGE,BRIDGE_PASSIVANT_H,B-H,0.11899999999999977,0.119,2.220446049250313e-16
3237,BR4:UPPER:14:1,H4:UPPER:0170:0,N,H,ALTERNATING_BN_FOUR_ATOM_BRIDGE,BRIDGE_PASSIVANT_H,N-H,0.10100000000000024,0.101,2.3592239273284576e-16
3238,BR4:UPPER:14:2,H4:UPPER:0171:0,B,H,ALTERNATING_BN_FOUR_ATOM_BRIDGE,BRIDGE_PASSIVANT_H,B-H,0.11900000000000024,0.119,2.498001805406602e-16
3239,BR4:UPPER:14:3,H4:UPPER:0172:0,N,H,ALTERNATING_BN_FOUR_ATOM_BRIDGE,BRIDGE_PASSIVANT_H,N-H,0.10099999999999933,0.101,6.800116025829084e-16
3240,BR4:UPPER:14:4,H4:UPPER:0173:0,B,H,ALTERNATING_BN_FOUR_ATOM_BRIDGE,BRIDGE_PASSIVANT_H,B-H,0.11900000000000018,0.119,1.8041124150158794e-16
3241,S:1681,H4:LOWER:0174:0,N,H,HEXAGONAL_EDGE_COMPLETION_SEED,SEED_PASSIVANT_H,N-H,0.10100000000000002,0.101,1.3877787807814457e-17
3242,S:1683,H4:LOWER:0175:0,N,H,HEXAGONAL_EDGE_COMPLETION_SEED,SEED_PASSIVANT_H,N-H,0.10099999999999976,0.101,2.498001805406602e-16
3243,S:1685,H4:LOWER:0176:0,N,H,HEXAGONAL_EDGE_COMPLETION_SEED,SEED_PASSIVANT_H,N-H,0.10099999999999959,0.101,4.163336342344337e-16
3244,S:1687,H4:LOWER:0177:0,N,H,HEXAGONAL_EDGE_COMPLETION_SEED,SEED_PASSIVANT_H,N-H,0.10100000000000016,0.101,1.5265566588595902e-16
3245,S:1689,H4:LOWER:0178:0,N,H,HEXAGONAL_EDGE_COMPLETION_SEED,SEED_PASSIVANT_H,N-H,0.10100000000000006,0.101,5.551115123125783e-17
3246,S:1691,H4:LOWER:0179:0,N,H,HEXAGONAL_EDGE_COMPLETION_SEED,SEED_PASSIVANT_H,N-H,0.10099999999999966,0.101,3.469446951953614e-16
3247,S:1693,H4:LOWER:0180:0,N,H,HEXAGONAL_EDGE_COMPLETION_SEED,SEED_PASSIVANT_H,N-H,0.10100000000000012,0.101,1.1102230246251565e-16
3248,S:1695,H4:LOWER:0181:0,N,H,HEXAGONAL_EDGE_COMPLETION_SEED,SEED_PASSIVANT_H,N-H,0.10099999999999999,0.101,1.3877787807814457e-17
3249,S:1697,H4:LOWER:0182:0,N,H,HEXAGONAL_EDGE_COMPLETION_SEED,SEED_PASSIVANT_H,N-H,0.1009999999999998,0.101,2.0816681711721685e-16
3250,S:1699,H4:LOWER:0183:0,N,H,HEXAGONAL_EDGE_COMPLETION_SEED,SEED_PASSIVANT_H,N-H,0.10100000000000012,0.101,1.1102230246251565e-16
3251,S:1701,H4:LOWER:0184:0,N,H,HEXAGONAL_EDGE_COMPLETION_SEED,SEED_PASSIVANT_H,N-H,0.101,0.101,0.0
3252,S:1703,H4:LOWER:0185:0,N,H,HEXAGONAL_EDGE_COMPLETION_SEED,SEED_PASSIVANT_H,N-H,0.10099999999999991,0.101,9.71445146547012e-17
3253,S:1705,H4:LOWER:0186:0,N,H,HEXAGONAL_EDGE_COMPLETION_SEED,SEED_PASSIVANT_H,N-H,0.10099999999999999,0.101,1.3877787807814457e-17
3254,S:1707,H4:LOWER:0187:0,N,H,HEXAGONAL_EDGE_COMPLETION_SEED,SEED_PASSIVANT_H,N-H,0.1009999999999998,0.101,2.0816681711721685e-16
3255,S:1709,H4:LOWER:0188:0,N,H,HEXAGONAL_EDGE_COMPLETION_SEED,SEED_PASSIVANT_H,N-H,0.10099999999999984,0.101,1.6653345369377348e-16
3256,S:1711,H4:UPPER:0189:0,B,H,HEXAGONAL_EDGE_COMPLETION_SEED,SEED_PASSIVANT_H,B-H,0.11899999999999965,0.119,3.469446951953614e-16
3257,S:1713,H4:UPPER:0190:0,B,H,HEXAGONAL_EDGE_COMPLETION_SEED,SEED_PASSIVANT_H,B-H,0.11899999999999977,0.119,2.220446049250313e-16
3258,S:1715,H4:UPPER:0191:0,B,H,HEXAGONAL_EDGE_COMPLETION_SEED,SEED_PASSIVANT_H,B-H,0.1190000000000001,0.119,1.1102230246251565e-16
3259,S:1717,H4:UPPER:0192:0,B,H,HEXAGONAL_EDGE_COMPLETION_SEED,SEED_PASSIVANT_H,B-H,0.1189999999999999,0.119,9.71445146547012e-17
3260,S:1719,H4:UPPER:0193:0,B,H,HEXAGONAL_EDGE_COMPLETION_SEED,SEED_PASSIVANT_H,B-H,0.1189999999999999,0.119,9.71445146547012e-17
3261,S:1721,H4:UPPER:0194:0,B,H,HEXAGONAL_EDGE_COMPLETION_SEED,SEED_PASSIVANT_H,B-H,0.1189999999999997,0.119,2.914335439641036e-16
3262,S:1723,H4:UPPER:0195:0,B,H,HEXAGONAL_EDGE_COMPLETION_SEED,SEED_PASSIVANT_H,B-H,0.11899999999999959,0.119,4.0245584642661925e-16
3263,S:1725,H4:UPPER:0196:0,B,H,HEXAGONAL_EDGE_COMPLETION_SEED,SEED_PASSIVANT_H,B-H,0.11900000000000051,0.119,5.134781488891349e-16
3264,S:1727,H4:UPPER:0197:0,B,H,HEXAGONAL_EDGE_COMPLETION_SEED,SEED_PASSIVANT_H,B-H,0.11899999999999966,0.119,3.3306690738754696e-16
3265,S:1729,H4:UPPER:0198:0,B,H,HEXAGONAL_EDGE_COMPLETION_SEED,SEED_PASSIVANT_H,B-H,0.11900000000000012,0.119,1.249000902703301e-16
3266,S:1731,H4:UPPER:0199:0,B,H,HEXAGONAL_EDGE_COMPLETION_SEED,SEED_PASSIVANT_H,B-H,0.11900000000000027,0.119,2.7755575615628914e-16
3267,S:1733,H4:UPPER:0200:0,B,H,HEXAGONAL_EDGE_COMPLETION_SEED,SEED_PASSIVANT_H,B-H,0.11900000000000009,0.119,9.71445146547012e-17
3268,S:1735,H4:UPPER:0201:0,B,H,HEXAGONAL_EDGE_COMPLETION_SEED,SEED_PASSIVANT_H,B-H,0.11899999999999997,0.119,2.7755575615628914e-17
3269,S:1737,H4:UPPER:0202:0,B,H,HEXAGONAL_EDGE_COMPLETION_SEED,SEED_PASSIVANT_H,B-H,0.11900000000000023,0.119,2.3592239273284576e-16
3270,S:1739,H4:UPPER:0203:0,B,H,HEXAGONAL_EDGE_COMPLETION_SEED,SEED_PASSIVANT_H,B-H,0.11900000000000009,0.119,9.71445146547012e-17
