end,mapping_id,fit_mode,seed_parity,orientation,rotation_index,chirality,linear_determinant,singular_value_minimum,singular_value_maximum,maximum_principal_strain,affine_anisotropy,annulus_center_offset_nm,optimal_axial_gap_nm,lateral_residual_mean_nm,lateral_residual_minimum_nm,lateral_residual_maximum_nm,attachment_bond_mean_nm,attachment_bond_minimum_nm,attachment_bond_maximum_nm,attachment_RMS_deviation_nm,attachment_maximum_deviation_nm,annulus_bond_count,annulus_bond_mean_nm,annulus_bond_minimum_nm,annulus_bond_maximum_nm,annulus_bond_maximum_deviation_nm,attachment_thresholds_pass,annulus_strain_thresholds_pass,annulus_center_threshold_pass,positive_axial_gap_pass,local_preoptimization_pass,similarity_scale
LOWER,LOWER:P0:O1:R0,RIGID,0,1,0,1,1.0,1.0,1.0000000000000002,2.220446049250313e-16,1.0000000000000002,9.493783745161259e-16,0.00011,0.3102073857218622,0.17767126322229568,0.4412630269850429,0.3102077756284415,0.17767473879551968,0.44126304062465627,0.1983284372411085,0.29629004062465625,168,0.144973,0.14497299999999985,0.14497300000000019,1.942890293094024e-16,False,True,True,True,False,
LOWER,LOWER:P0:O1:R0,SIMILARITY,0,1,0,1,1.141348870818001,1.0683393050983385,1.0683393050983387,0.06833930509833874,1.0000000000000002,9.88045174056975e-16,0.00035000000000000005,0.28919119319286124,0.1083198033543122,0.4521642297621256,0.2891922561610079,0.1083282320687031,0.45216436500098545,0.20007269593951083,0.30719136500098543,168,0.15488035407802142,0.15488035407802123,0.15488035407802156,0.009907354078021569,False,False,True,True,False,1.0683393050983385
LOWER,LOWER:P0:O1:R0,RIGID,0,1,0,-1,-1.0,1.0,1.0,0.0,1.0,9.653029786587643e-16,0.0,1.4306011898114646,0.07302763298655117,2.2268697618269053,1.4306013302021194,0.07302885617762195,2.2268697673041937,1.4779434469570327,2.081896767304194,168,0.144973,0.14497299999999977,0.14497300000000016,2.220446049250313e-16,False,True,True,False,False,
LOWER,LOWER:P0:O1:R0,SIMILARITY,0,1,0,-1,-3.847505200573554e-10,1.961505850252186e-05,1.9615058502521862e-05,0.9999803849414974,1.0000000000000002,9.418524250921919e-16,0.0,1.1925592552926798,1.1922032002673424,1.1928629139330014,1.192559314659422,1.192203225466943,1.1928629391186654,1.047586330540688,1.0478899391186653,168,2.8436538762861014e-06,2.8436538762860985e-06,2.8436538762861023e-06,0.1449701563461237,False,False,True,False,False,1.961505850252186e-05
LOWER,LOWER:P0:O1:R0,AFFINE,0,1,0,0,1.1413488704332504,1.0683196900398362,1.0683589201568406,0.06835892015684064,1.0000367213273051,8.832855135851265e-16,0.00035000000000000005,0.28919119480044747,0.10831377284736148,0.4521464132792851,0.2891922578059016,0.10832220203099524,0.4521465485234739,0.2000726936361467,0.3071735485234739,168,0.15488035409107392,0.15487757576231878,0.15488226812404016,0.009909268124040166,False,False,True,True,False,
LOWER,LOWER:P0:O1:R1,RIGID,0,1,1,1,1.0000000000000004,1.0,1.0000000000000002,2.220446049250313e-16,1.0000000000000002,9.036268867696523e-16,2e-05,0.3101536558531137,0.1778910370782511,0.4411209479242165,0.31015393366234467,0.17789103782362703,0.44112094822480463,0.19819666938005956,0.2961479482248046,168,0.14497300000000002,0.14497299999999985,0.14497300000000016,1.6653345369377348e-16,False,True,True,True,False,
LOWER,LOWER:P0:O1:R1,SIMILARITY,0,1,1,1,1.1414115784757644,1.0683686528889567,1.068368652888957,0.0683686528889571,1.0000000000000004,9.773011922905171e-16,3.0000000000000004e-05,0.28914089741239646,0.10850980558852953,0.45200754781528074,0.28914121619260874,0.10850980877204522,0.4520075485795217,0.19992817292711407,0.3070345485795217,168,0.1548846087152707,0.15488460871527054,0.15488460871527093,0.009911608715270942,False,False,True,True,False,1.0683686528889567
LOWER,LOWER:P0:O1:R1,RIGID,0,1,1,-1,-1.0000000000000002,1.0000000000000002,1.0000000000000002,2.220446049250313e-16,1.0,7.211139681936636e-16,0.0,1.4329691299941894,0.131823960425933,2.2037861251573956,1.4329692181441547,0.1318239604782887,2.2037861251574142,1.4777060717947226,2.0588131251574144,168,0.14497300000000002,0.14497299999999974,0.14497300000000016,2.498001805406602e-16,False,True,True,False,False,
LOWER,LOWER:P0:O1:R1,SIMILARITY,0,1,1,-1,-6.822418758927043e-10,2.6119760257182748e-05,2.611976025718276e-05,0.9999738802397428,1.0000000000000004,9.418533161976836e-16,0.0,1.192559255220765,1.192232255059877,1.1928734250839934,1.192559314587095,1.1922322802588634,1.1928734502694354,1.0475863303865658,1.0479004502694353,168,3.786660003764555e-06,3.78666000376455e-06,3.7866600037645603e-06,0.14496921333999624,False,False,True,False,False,2.611976025718275e-05
LOWER,LOWER:P0:O1:R1,AFFINE,0,1,1,0,1.141411577793523,1.0683425331286998,1.068394772649214,0.06839477264921401,1.0000488977260515,6.951190846755619e-16,3.0000000000000004e-05,0.28914089631535256,0.10853602227938544,0.45200604517642584,0.2891412151055618,0.10853602546213216,0.45200604594066934,0.19992817174306698,0.3070330459406694,168,0.15488460873841484,0.15488086414716162,0.1548869686212127,0.009913968621212715,False,False,True,True,False,
LOWER,LOWER:P0:O1:R2,RIGID,0,1,2,1,1.0,1.0,1.0,0.0,1.0,8.981734369710009e-16,0.0,0.31018729440539905,0.17748247220463317,0.44136367188619285,0.3101875132054848,0.17748339579739514,0.441363673942366,0.19830599997997048,0.29639067394236596,168,0.14497300000000002,0.14497299999999977,0.14497300000000019,2.220446049250313e-16,False,True,True,False,False,
LOWER,LOWER:P0:O1:R2,SIMILARITY,0,1,2,1,1.1413625143733899,1.0683456904829025,1.0683456904829027,0.06834569048290273,1.0000000000000002,1.0098726858301206e-15,0.0,0.28916957257071496,0.10812459323085723,0.4522271168745552,0.2891698388551892,0.10812610926711813,0.4522271188813347,0.20004921838723583,0.3072541188813347,168,0.15488127978637783,0.15488127978637764,0.154881279786378,0.00990827978637801,False,False,True,False,False,1.0683456904829025
LOWER,LOWER:P0:O1:R2,RIGID,0,1,2,-1,-1.0000000000000002,1.0,1.0000000000000002,2.220446049250313e-16,1.0000000000000002,8.639962245046282e-16,2e-05,1.4561705968895169,0.2514287839143909,2.3096669656463806,1.4561707103800066,0.25142878468731195,2.30966696570379,1.4754318408606062,2.16469396570379,168,0.144973,0.14497299999999985,0.14497300000000019,1.942890293094024e-16,False,True,True,True,False,
LOWER,LOWER:P0:O1:R2,SIMILARITY,0,1,2,-1,-4.551814758475137e-10,2.1334982443102988e-05,2.1334982443102998e-05,0.999978665017557,1.0000000000000004,9.41852589704239e-16,0.0,1.1925592552755495,1.1922130785948275,1.192873802783938,1.19255931464228,1.1922131037942194,1.1928738279693722,1.0475863305042021,1.0479008279693722,168,3.09299640972397e-06,3.092996409723968e-06,3.0929964097239725e-06,0.14496990700359028,False,False,True,False,False,2.133498244310299e-05
LOWER,LOWER:P0:O1:R2,AFFINE,0,1,2,0,1.1413625139182084,1.06832435550046,1.0683670254653455,0.06836702546534545,1.000039941020408,8.94731248353015e-16,0.0,0.28916956877250116,0.10814281176082494,0.4522420611439945,0.2891698350432213,0.10814432754168685,0.4522420631507077,0.20004921983463064,0.3072690631507077,168,0.15488127980181976,0.1548786740007763,0.15488402572384966,0.009911025723849665,False,False,True,False,False,
LOWER,LOWER:P0:O1:R3,RIGID,0,1,3,1,0.9999999999999999,0.9999999999999999,1.0,1.1102230246251565e-16,1.0000000000000002,9.40532050190498e-16,0.0,0.3102165305953929,0.17756260772194762,0.44124459462403065,0.3102167402961522,0.17756267641436702,0.44124470408375954,0.19836859800442289,0.2962717040837596,168,0.144973,0.14497299999999985,0.1449730000000001,1.3877787807814457e-16,False,True,True,False,False,
LOWER,LOWER:P0:O1:R3,SIMILARITY,0,1,3,1,1.1413317331697268,1.0683312843728423,1.0683312843728423,0.0683312843728423,1.0,8.782857973228471e-16,0.0,0.28921208788471253,0.10821927338019016,0.4520980151532416,0.2892123271466814,0.10821938608840513,0.4520981219851948,0.20010735075672262,0.3071251219851948,168,0.15487919128938404,0.15487919128938393,0.1548791912893842,0.00990619128938422,False,False,True,False,False,1.0683312843728425
LOWER,LOWER:P0:O1:R3,RIGID,0,1,3,-1,-0.9999999999999998,0.9999999999999999,1.0,1.1102230246251565e-16,1.0000000000000002,9.049916224324601e-16,0.0,1.4692811509110166,0.33494934666487797,2.3248806180135126,1.4692811991457548,0.3349493466649995,2.3248806869506735,1.4741349718058772,2.1799076869506737,168,0.144973,0.14497299999999982,0.14497300000000013,1.6653345369377348e-16,False,True,True,False,False,
LOWER,LOWER:P0:O1:R3,SIMILARITY,0,1,3,-1,-1.0022859317336936e-09,3.165889972399061e-05,3.165889972399062e-05,0.999968341100276,1.0000000000000002,9.418545029312646e-16,0.0,1.1925592551429736,1.192224098950987,1.1928825924314483,1.1925593145092377,1.192224124150146,1.192882617616697,1.0475863302207662,1.0479096176166969,168,4.589685669686091e-06,4.589685669686086e-06,4.589685669686094e-06,0.1449684103143303,False,False,True,False,False,3.165889972399062e-05
LOWER,LOWER:P0:O1:R3,AFFINE,0,1,3,0,1.14133173216744,1.0682996254731179,1.0683629432725659,0.06836294327256587,1.0000592697010635,9.533836228658087e-16,0.0,0.2892120867714099,0.10822767591845826,0.4521257919196917,0.28921232602304986,0.10822778861792284,0.4521258987450816,0.20010734867585372,0.30715289874508156,168,0.154879191323387,0.15487595613284322,0.1548836282981008,0.009910628298100799,False,False,True,False,False,
LOWER,LOWER:P0:O1:R4,RIGID,0,1,4,1,0.9999999999999993,0.9999999999999996,0.9999999999999999,4.440892098500626e-16,1.0000000000000004,1.0434767994534747e-15,3.0000000000000004e-05,0.31019282865237846,0.17740920660191503,0.44124578585997254,0.3101930986688631,0.17740933703086806,0.44124580390341706,0.19829915529708628,0.29627280390341704,168,0.14497299999999994,0.1449729999999998,0.14497300000000013,1.942890293094024e-16,False,True,True,True,False,
LOWER,LOWER:P0:O1:R4,SIMILARITY,0,1,4,1,1.1413635273672433,1.0683461645774008,1.0683461645774013,0.06834616457740128,1.0000000000000004,1.1856368593100378e-15,5e-05,0.2891861859074087,0.10805083512874399,0.45214337078433453,0.2891864980408119,0.1080510113124562,0.4521433832535025,0.20003422469303972,0.30717038325350254,168,0.15488134851727955,0.15488134851727936,0.15488134851727972,0.00990834851727973,False,False,True,True,False,1.0683461645774015
LOWER,LOWER:P0:O1:R4,RIGID,0,1,4,-1,-0.9999999999999994,0.9999999999999994,1.0,5.551115123125783e-16,1.0000000000000007,1.0934195269425834e-15,1e-05,1.4705375698095446,0.17826145704681326,2.3086275865990835,1.4705376138542372,0.17826146480818245,2.3086275985723437,1.4740151640587558,2.163654598572344,168,0.14497299999999994,0.14497299999999977,0.14497300000000013,2.220446049250313e-16,False,True,True,True,False,
LOWER,LOWER:P0:O1:R4,SIMILARITY,0,1,4,-1,-7.217716828862495e-10,2.6865808807594973e-05,2.6865808807594983e-05,0.9999731341911924,1.0000000000000004,9.418528678281235e-16,0.0,1.1925592552110638,1.1922340092412367,1.1929126773066012,1.1925593145770428,1.192234034440186,1.1929127024912145,1.0475863303661475,1.0479397024912145,168,3.894816900263466e-06,3.894816900263463e-06,3.89481690026347e-06,0.14496910518309972,False,False,True,False,False,2.6865808807594983e-05
LOWER,LOWER:P0:O1:R4,AFFINE,0,1,4,0,1.1413635266454738,1.068319298768594,1.06837303038621,0.06837303038621001,1.0000502954666062,1.0567023128670116e-15,5e-05,0.28918618272604696,0.1080646921184004,0.4521188516930016,0.2891864948715854,0.10806486827952086,0.4521188641628458,0.2000342249044451,0.30714586416284584,168,0.15488134854176586,0.15487936332580157,0.15488524308775994,0.009912243087759953,False,False,True,True,False,
LOWER,LOWER:P0:O1:R5,RIGID,0,1,5,1,0.9999999999999994,0.9999999999999996,0.9999999999999999,4.440892098500626e-16,1.0000000000000004,1.0204224885833317e-15,0.00011,0.3102073857218623,0.177671263222296,0.4412630269850427,0.3102077756284416,0.17767473879552004,0.4412630406246561,0.19832843724110852,0.29629004062465614,168,0.14497299999999994,0.1449729999999997,0.14497300000000013,2.7755575615628914e-16,False,True,True,True,False,
LOWER,LOWER:P0:O1:R5,SIMILARITY,0,1,5,1,1.1413488708180008,1.0683393050983383,1.0683393050983385,0.06833930509833852,1.0000000000000002,1.0330107213001756e-15,0.00035000000000000005,0.2891911931928613,0.10831980335431213,0.4521642297621255,0.2891922561610079,0.10832823206870303,0.45216436500098534,0.2000726959395108,0.3071913650009853,168,0.15488035407802142,0.15488035407802123,0.1548803540780216,0.009907354078021596,False,False,True,True,False,1.0683393050983387
LOWER,LOWER:P0:O1:R5,RIGID,0,1,5,-1,-0.9999999999999994,0.9999999999999994,0.9999999999999998,5.551115123125783e-16,1.0000000000000004,9.869203793132043e-16,0.0,1.4306011898115554,0.07302763298864583,2.2268697618258386,1.4306013302022105,0.07302885617971656,2.226869767303127,1.4779434469570234,2.0818967673031272,168,0.14497299999999994,0.14497299999999974,0.1449730000000002,2.498001805406602e-16,False,True,True,False,False,
LOWER,LOWER:P0:O1:R5,SIMILARITY,0,1,5,-1,-3.8475052006250454e-10,1.961505850265312e-05,1.9615058502653122e-05,0.9999803849414973,1.0000000000000002,9.418523587386535e-16,0.0,1.1925592552926798,1.1922032002673424,1.1928629139330014,1.192559314659422,1.192203225466943,1.1928629391186654,1.047586330540688,1.0478899391186653,168,2.843653876305131e-06,2.8436538763051275e-06,2.8436538763051343e-06,0.14497015634612367,False,False,True,False,False,1.961505850265313e-05
LOWER,LOWER:P0:O1:R5,AFFINE,0,1,5,0,1.1413488704332513,1.0683196900398366,1.0683589201568413,0.06835892015684131,1.0000367213273054,8.414311599096575e-16,0.00035000000000000005,0.2891911948004474,0.10831377284736085,0.45214641327928506,0.2891922578059015,0.10832220203099462,0.4521465485234739,0.20007269363614671,0.3071735485234739,168,0.15488035409107398,0.1548775757623189,0.15488226812404018,0.009909268124040194,False,False,True,True,False,
LOWER,LOWER:P0:O1:R6,RIGID,0,1,6,1,0.9999999999999994,0.9999999999999997,0.9999999999999998,3.3306690738754696e-16,1.0000000000000002,9.307250027914192e-16,2e-05,0.3101536558531139,0.17789103707825174,0.4411209479242166,0.31015393366234484,0.17789103782362764,0.4411209482248047,0.19819666938005964,0.2961479482248047,168,0.14497299999999994,0.14497299999999982,0.1449730000000001,1.6653345369377348e-16,False,True,True,True,False,
LOWER,LOWER:P0:O1:R6,SIMILARITY,0,1,6,1,1.1414115784757621,1.0683686528889558,1.068368652888956,0.068368652888956,1.0000000000000002,9.24980234148712e-16,3.0000000000000004e-05,0.2891408974123967,0.1085098055885307,0.45200754781528063,0.2891412161926089,0.10850980877204638,0.4520075485795216,0.19992817292711396,0.3070345485795216,168,0.1548846087152706,0.1548846087152704,0.1548846087152708,0.009911608715270803,False,False,True,True,False,1.0683686528889562
LOWER,LOWER:P0:O1:R6,RIGID,0,1,6,-1,-0.9999999999999994,0.9999999999999994,0.9999999999999999,5.551115123125783e-16,1.0000000000000004,9.2384220481437e-16,0.0,1.4329691299941698,0.13182396042540262,2.2037861251575848,1.4329692181441345,0.1318239604777583,2.2037861251576034,1.4777060717947237,2.0588131251576036,168,0.14497299999999994,0.14497299999999974,0.1449730000000001,2.498001805406602e-16,False,True,True,False,False,
LOWER,LOWER:P0:O1:R6,SIMILARITY,0,1,6,-1,-6.822418759022371e-10,2.6119760257365226e-05,2.611976025736523e-05,0.9999738802397427,1.0000000000000002,9.41851925863947e-16,0.0,1.192559255220765,1.192232255059877,1.1928734250839934,1.1925593145870947,1.1922322802588634,1.1928734502694354,1.0475863303865658,1.0479004502694353,168,3.7866600037910085e-06,3.7866600037910034e-06,3.786660003791014e-06,0.1449692133399962,False,False,True,False,False,2.6119760257365236e-05
LOWER,LOWER:P0:O1:R6,AFFINE,0,1,6,0,1.141411577793523,1.0683425331287,1.0683947726492142,0.06839477264921423,1.0000488977260515,9.356980074926864e-16,3.0000000000000004e-05,0.28914089631535256,0.10853602227938572,0.4520060451764258,0.28914121510556184,0.10853602546213244,0.4520060459406693,0.19992817174306698,0.30703304594066927,168,0.1548846087384148,0.15488086414716162,0.1548869686212128,0.009913968621212799,False,False,True,True,False,
LOWER,LOWER:P0:O1:R7,RIGID,0,1,7,1,0.9999999999999996,0.9999999999999996,0.9999999999999999,4.440892098500626e-16,1.0000000000000004,9.12719479695717e-16,0.0,0.3101872944053991,0.17748247220463345,0.4413636718861929,0.3101875132054849,0.17748339579739542,0.44136367394236603,0.1983059999799705,0.29639067394236607,168,0.14497299999999996,0.14497299999999969,0.14497300000000013,3.0531133177191805e-16,False,True,True,False,False,
LOWER,LOWER:P0:O1:R7,SIMILARITY,0,1,7,1,1.141362514373389,1.0683456904829018,1.0683456904829023,0.06834569048290229,1.0000000000000004,9.067437880491938e-16,0.0,0.2891695725707152,0.1081245932308576,0.4522271168745551,0.2891698388551893,0.1081261092671185,0.4522271188813346,0.20004921838723577,0.3072541188813346,168,0.15488127978637775,0.15488127978637764,0.15488127978637786,0.009908279786377872,False,False,True,False,False,1.0683456904829023
LOWER,LOWER:P0:O1:R7,RIGID,0,1,7,-1,-0.9999999999999994,0.9999999999999998,0.9999999999999999,2.220446049250313e-16,1.0000000000000002,5.820318141520488e-16,2e-05,1.4561705968890741,0.25142878390991497,2.3096669656457234,1.4561707103795638,0.251428784682836,2.309666965703132,1.4754318408606493,2.1646939657031323,168,0.14497299999999996,0.14497299999999977,0.14497300000000007,2.220446049250313e-16,False,True,True,True,False,
LOWER,LOWER:P0:O1:R7,SIMILARITY,0,1,7,-1,-4.551814758501076e-10,2.1334982443163812e-05,2.1334982443163822e-05,0.9999786650175568,1.0000000000000004,9.418569928317476e-16,0.0,1.1925592552755495,1.1922130785948275,1.192873802783938,1.19255931464228,1.1922131037942194,1.1928738279693722,1.0475863305042021,1.0479008279693722,168,3.092996409732787e-06,3.092996409732784e-06,3.092996409732791e-06,0.14496990700359025,False,False,True,False,False,2.133498244316382e-05
LOWER,LOWER:P0:O1:R7,AFFINE,0,1,7,0,1.1413625139182086,1.0683243555004596,1.068367025465346,0.0683670254653459,1.0000399410204088,9.115431473281441e-16,0.0,0.2891695687725012,0.10814281176082473,0.4522420611439948,0.28916983504322125,0.10814432754168664,0.452242063150708,0.20004921983463061,0.307269063150708,168,0.15488127980181976,0.1548786740007762,0.15488402572384966,0.009911025723849665,False,False,True,False,False,
LOWER,LOWER:P0:O1:R8,RIGID,0,1,8,1,0.9999999999999998,0.9999999999999998,0.9999999999999999,2.220446049250313e-16,1.0000000000000002,9.08942993721469e-16,0.0,0.31021653059539295,0.17756260772194768,0.4412445946240304,0.31021674029615226,0.1775626764143671,0.44124470408375926,0.19836859800442294,0.29627170408375925,168,0.14497299999999996,0.14497299999999974,0.14497300000000013,2.498001805406602e-16,False,True,True,False,False,
LOWER,LOWER:P0:O1:R8,SIMILARITY,0,1,8,1,1.141331733169726,1.0683312843728419,1.068331284372842,0.06833128437284208,1.0000000000000002,8.92356388936869e-16,0.0,0.28921208788471264,0.10821927338019056,0.4520980151532411,0.28921232714668155,0.10821938608840555,0.4520981219851943,0.20010735075672254,0.30712512198519426,168,0.154879191289384,0.1548791912893838,0.15487919128938418,0.009906191289384192,False,False,True,False,False,1.068331284372842
LOWER,LOWER:P0:O1:R8,RIGID,0,1,8,-1,-0.9999999999999998,0.9999999999999996,1.0,4.440892098500626e-16,1.0000000000000004,9.32268617754083e-16,0.0,1.469281150911221,0.334949346658226,2.3248806180135477,1.4692811991459591,0.3349493466583475,2.3248806869507086,1.474134971805857,2.179907686950709,168,0.14497299999999996,0.14497299999999982,0.14497300000000016,1.6653345369377348e-16,False,True,True,False,False,
LOWER,LOWER:P0:O1:R8,SIMILARITY,0,1,8,-1,-1.0022859317267998e-09,3.165889972388175e-05,3.1658899723881756e-05,0.9999683411002761,1.0000000000000002,9.418523805036789e-16,0.0,1.1925592551429736,1.1922240989509865,1.1928825924314481,1.192559314509238,1.1922241241501454,1.1928826176166967,1.0475863302207662,1.0479096176166967,168,4.5896856696703096e-06,4.589685669670305e-06,4.589685669670313e-06,0.14496841031433033,False,False,True,False,False,3.165889972388176e-05
LOWER,LOWER:P0:O1:R8,AFFINE,0,1,8,0,1.1413317321674408,1.0682996254731183,1.068362943272566,0.06836294327256609,1.0000592697010633,1.0647875349275395e-15,0.0,0.28921208677140975,0.10822767591845747,0.45212579191969127,0.2892123260230498,0.10822778861792205,0.45212589874508113,0.20010734867585378,0.3071528987450811,168,0.15487919132338707,0.15487595613284325,0.15488362829810073,0.009910628298100743,False,False,True,False,False,
LOWER,LOWER:P0:O1:R9,RIGID,0,1,9,1,0.9999999999999997,0.9999999999999996,1.0,4.440892098500626e-16,1.0000000000000004,9.847188564321907e-16,3.0000000000000004e-05,0.31019282865237846,0.17740920660191473,0.44124578585997176,0.31019309866886297,0.17740933703086775,0.4412458039034163,0.19829915529708622,0.29627280390341626,168,0.14497299999999996,0.14497299999999977,0.14497300000000016,2.220446049250313e-16,False,True,True,True,False,
LOWER,LOWER:P0:O1:R9,SIMILARITY,0,1,9,1,1.1413635273672438,1.068346164577401,1.0683461645774015,0.0683461645774015,1.0000000000000004,8.934930024196538e-16,5e-05,0.28918618590740863,0.10805083512874368,0.4521433707843338,0.2891864980408118,0.1080510113124559,0.4521433832535018,0.20003422469303977,0.30717038325350177,168,0.15488134851727958,0.15488134851727933,0.15488134851727975,0.009908348517279758,False,False,True,True,False,1.0683461645774015
LOWER,LOWER:P0:O1:R9,RIGID,0,1,9,-1,-0.9999999999999998,0.9999999999999996,1.0,4.440892098500626e-16,1.0000000000000004,1.1082891494711895e-15,1e-05,1.4705375698095462,0.17826145704694396,2.3086275865993255,1.4705376138542392,0.17826146480831315,2.3086275985725857,1.4740151640587553,2.163654598572586,168,0.14497299999999996,0.1449729999999998,0.14497300000000013,1.942890293094024e-16,False,True,True,True,False,
LOWER,LOWER:P0:O1:R9,SIMILARITY,0,1,9,-1,-7.217716829003528e-10,2.686580880785749e-05,2.6865808807857502e-05,0.9999731341911922,1.0000000000000004,9.418553006373033e-16,0.0,1.1925592552110638,1.192234009241237,1.1929126773066014,1.1925593145770428,1.1922340344401863,1.1929127024912147,1.0475863303661475,1.0479397024912147,168,3.8948169003015245e-06,3.89481690030152e-06,3.894816900301529e-06,0.1449691051830997,False,False,True,False,False,2.68658088078575e-05
LOWER,LOWER:P0:O1:R9,AFFINE,0,1,9,0,1.1413635266454734,1.0683192987685943,1.0683730303862096,0.06837303038620957,1.0000502954666055,1.0173730081494491e-15,5e-05,0.28918618272604696,0.10806469211840004,0.4521188516930019,0.2891864948715853,0.1080648682795205,0.45211886416284613,0.20003422490444508,0.30714586416284617,168,0.1548813485417658,0.15487936332580163,0.15488524308775994,0.009912243087759953,False,False,True,True,False,
LOWER,LOWER:P0:O1:R10,RIGID,0,1,10,1,1.0,0.9999999999999998,1.0000000000000002,2.220446049250313e-16,1.0000000000000004,9.338458471929254e-16,0.00011,0.3102073857218622,0.17767126322229587,0.44126302698504316,0.31020777562844143,0.17767473879551987,0.44126304062465654,0.19832843724110846,0.2962900406246566,168,0.144973,0.1449729999999998,0.14497300000000013,1.942890293094024e-16,False,True,True,True,False,
LOWER,LOWER:P0:O1:R10,SIMILARITY,0,1,10,1,1.1413488708180006,1.0683393050983383,1.0683393050983387,0.06833930509833874,1.0000000000000004,8.495810048338998e-16,0.00035000000000000005,0.2891911931928613,0.10831980335431236,0.452164229762126,0.2891922561610079,0.10832823206870326,0.45216436500098584,0.20007269593951085,0.30719136500098587,168,0.15488035407802142,0.15488035407802128,0.15488035407802156,0.009907354078021569,False,False,True,True,False,1.0683393050983385
LOWER,LOWER:P0:O1:R10,RIGID,0,1,10,-1,-0.9999999999999998,0.9999999999999997,1.0000000000000002,3.3306690738754696e-16,1.0000000000000007,9.333360667062712e-16,0.0,1.4306011898115376,0.07302763298823589,2.2268697618260473,1.430601330202193,0.07302885617930664,2.2268697673033357,1.4779434469570256,2.081896767303336,168,0.144973,0.14497299999999985,0.1449730000000001,1.3877787807814457e-16,False,True,True,False,False,
LOWER,LOWER:P0:O1:R10,SIMILARITY,0,1,10,-1,-3.847505200558477e-10,1.9615058502483434e-05,1.961505850248344e-05,0.9999803849414975,1.0000000000000004,9.418458367787984e-16,0.0,1.1925592552926798,1.1922032002673424,1.1928629139330018,1.192559314659422,1.192203225466943,1.1928629391186658,1.047586330540688,1.0478899391186658,168,2.8436538762805313e-06,2.8436538762805275e-06,2.8436538762805347e-06,0.1449701563461237,False,False,True,False,False,1.961505850248344e-05
LOWER,LOWER:P0:O1:R10,AFFINE,0,1,10,0,1.1413488704332504,1.068319690039836,1.0683589201568415,0.06835892015684153,1.0000367213273063,8.617427362589651e-16,0.00035000000000000005,0.2891911948004475,0.10831377284736085,0.4521464132792849,0.2891922578059016,0.10832220203099462,0.45214654852347375,0.20007269363614671,0.3071735485234738,168,0.15488035409107392,0.15487757576231878,0.1548822681240401,0.00990926812404011,False,False,True,True,False,
LOWER,LOWER:P0:O1:R11,RIGID,0,1,11,1,0.9999999999999996,0.9999999999999998,0.9999999999999999,2.220446049250313e-16,1.0000000000000002,8.057859572038444e-16,2e-05,0.31015365585311383,0.1778910370782514,0.44112094792421636,0.3101539336623448,0.1778910378236273,0.4411209482248044,0.19819666938005964,0.2961479482248044,168,0.14497299999999996,0.14497299999999977,0.14497300000000007,2.220446049250313e-16,False,True,True,True,False,
LOWER,LOWER:P0:O1:R11,SIMILARITY,0,1,11,1,1.1414115784757635,1.0683686528889564,1.0683686528889564,0.06836865288895644,1.0,6.705394616982096e-16,3.0000000000000004e-05,0.28914089741239657,0.10850980558852985,0.4520075478152806,0.2891412161926088,0.10850980877204554,0.4520075485795215,0.19992817292711407,0.3070345485795215,168,0.15488460871527066,0.15488460871527046,0.1548846087152708,0.009911608715270803,False,False,True,True,False,1.0683686528889567
LOWER,LOWER:P0:O1:R11,RIGID,0,1,11,-1,-0.9999999999999997,0.9999999999999998,0.9999999999999999,2.220446049250313e-16,1.0000000000000002,8.83594859853781e-16,0.0,1.4329691299939455,0.13182396041920624,2.203786125159805,1.4329692181439104,0.13182396047156195,2.203786125159824,1.4777060717947461,2.058813125159824,168,0.144973,0.14497299999999977,0.14497300000000016,2.220446049250313e-16,False,True,True,False,False,
LOWER,LOWER:P0:O1:R11,SIMILARITY,0,1,11,-1,-6.822418758925371e-10,2.6119760257179553e-05,2.6119760257179556e-05,0.9999738802397429,1.0000000000000002,9.41849480656228e-16,0.0,1.192559255220765,1.1922322550598772,1.1928734250839936,1.1925593145870954,1.1922322802588636,1.1928734502694358,1.0475863303865658,1.0479004502694358,168,3.786660003764092e-06,3.7866600037640885e-06,3.7866600037640965e-06,0.14496921333999624,False,False,True,False,False,2.611976025717956e-05
LOWER,LOWER:P0:O1:R11,AFFINE,0,1,11,0,1.1414115777935216,1.0683425331286993,1.0683947726492136,0.06839477264921356,1.0000488977260515,8.664984659342297e-16,3.0000000000000004e-05,0.28914089631535284,0.10853602227938662,0.45200604517642584,0.28914121510556196,0.10853602546213334,0.45200604594066934,0.19992817174306687,0.3070330459406694,168,0.15488460873841473,0.1548808641471615,0.1548869686212128,0.009913968621212799,False,False,True,True,False,
LOWER,LOWER:P0:O1:R12,RIGID,0,1,12,1,0.9999999999999998,1.0,1.0,0.0,1.0,9.630793613889144e-16,0.0,0.3101872944053991,0.17748247220463334,0.4413636718861931,0.3101875132054849,0.1774833957973953,0.4413636739423662,0.19830599997997048,0.2963906739423662,168,0.144973,0.14497299999999985,0.14497300000000013,1.3877787807814457e-16,False,True,True,False,False,
LOWER,LOWER:P0:O1:R12,SIMILARITY,0,1,12,1,1.1413625143733896,1.0683456904829023,1.0683456904829025,0.06834569048290251,1.0000000000000002,1.0450565966101147e-15,0.0,0.289169572570715,0.10812459323085728,0.4522271168745553,0.28916983885518927,0.10812610926711819,0.4522271188813348,0.20004921838723583,0.3072541188813348,168,0.1548812797863778,0.15488127978637756,0.154881279786378,0.00990827978637801,False,False,True,False,False,1.0683456904829025
LOWER,LOWER:P0:O1:R12,RIGID,0,1,12,-1,-0.9999999999999998,0.9999999999999999,1.0,1.1102230246251565e-16,1.0000000000000002,9.351002199799102e-16,2e-05,1.4561705968899257,0.2514287839185236,2.3096669656469864,1.4561707103804151,0.25142878469144464,2.3096669657043956,1.475431840860566,2.1646939657043958,168,0.14497299999999996,0.14497299999999982,0.14497300000000016,1.6653345369377348e-16,False,True,True,True,False,
LOWER,LOWER:P0:O1:R12,SIMILARITY,0,1,12,-1,-4.551814758494252e-10,2.133498244314781e-05,2.1334982443147813e-05,0.9999786650175568,1.0000000000000002,9.418487716506699e-16,0.0,1.1925592552755495,1.1922130785948275,1.1928738027839378,1.19255931464228,1.1922131037942194,1.192873827969372,1.047586330504202,1.047900827969372,168,3.092996409730468e-06,3.092996409730465e-06,3.0929964097304718e-06,0.14496990700359025,False,False,True,False,False,2.1334982443147813e-05
LOWER,LOWER:P0:O1:R12,AFFINE,0,1,12,0,1.1413625139182089,1.0683243555004602,1.0683670254653455,0.06836702546534545,1.0000399410204077,7.697761149481853e-16,0.0,0.2891695687725012,0.10814281176082452,0.45224206114399457,0.28916983504322125,0.10814432754168643,0.45224206315070775,0.20004921983463061,0.3072690631507078,168,0.15488127980181976,0.1548786740007762,0.15488402572384968,0.009911025723849692,False,False,True,False,False,
LOWER,LOWER:P0:O1:R13,RIGID,0,1,13,1,0.9999999999999997,0.9999999999999997,1.0,3.3306690738754696e-16,1.0000000000000004,8.918949017825179e-16,0.0,0.31021653059539295,0.17756260772194754,0.44124459462403026,0.3102167402961522,0.17756267641436696,0.44124470408375915,0.1983685980044229,0.29627170408375914,168,0.14497299999999996,0.1449729999999998,0.14497300000000016,1.942890293094024e-16,False,True,True,False,False,
LOWER,LOWER:P0:O1:R13,SIMILARITY,0,1,13,1,1.1413317331697266,1.0683312843728419,1.0683312843728425,0.06833128437284253,1.0000000000000007,1.2285560183447997e-15,0.0,0.2892120878847126,0.10821927338019008,0.45209801515324116,0.28921232714668144,0.10821938608840505,0.45209812198519433,0.20010735075672262,0.30712512198519437,168,0.15487919128938404,0.15487919128938374,0.15487919128938427,0.009906191289384275,False,False,True,False,False,1.0683312843728423
LOWER,LOWER:P0:O1:R13,RIGID,0,1,13,-1,-0.9999999999999996,0.9999999999999996,1.0000000000000002,4.440892098500626e-16,1.0000000000000007,9.147753762797273e-16,0.0,1.4692811509110442,0.3349493466639868,2.324880618013517,1.4692811991457824,0.3349493466641083,2.324880686950678,1.4741349718058745,2.179907686950678,168,0.14497299999999996,0.14497299999999982,0.14497300000000016,1.6653345369377348e-16,False,True,True,False,False,
LOWER,LOWER:P0:O1:R13,SIMILARITY,0,1,13,-1,-1.0022859317144366e-09,3.1658899723686464e-05,3.165889972368648e-05,0.9999683411002763,1.0000000000000004,9.418533531811973e-16,0.0,1.1925592551429733,1.1922240989509867,1.1928825924314486,1.192559314509238,1.1922241241501454,1.1928826176166971,1.0475863302207662,1.047909617616697,168,4.589685669641998e-06,4.58968566964199e-06,4.589685669642004e-06,0.14496841031433036,False,False,True,False,False,3.165889972368648e-05
LOWER,LOWER:P0:O1:R13,AFFINE,0,1,13,0,1.141331732167441,1.0682996254731183,1.0683629432725663,0.06836294327256631,1.0000592697010635,1.1344297016757755e-15,0.0,0.28921208677140975,0.10822767591845744,0.45212579191969177,0.2892123260230498,0.10822778861792204,0.45212589874508163,0.20010734867585378,0.30715289874508167,168,0.15487919132338707,0.15487595613284322,0.15488362829810084,0.009910628298100854,False,False,True,False,False,
LOWER,LOWER:P0:O1:R14,RIGID,0,1,14,1,0.9999999999999998,0.9999999999999998,0.9999999999999999,2.220446049250313e-16,1.0000000000000002,9.519272651257192e-16,3.0000000000000004e-05,0.31019282865237846,0.17740920660191475,0.4412457858599721,0.31019309866886297,0.17740933703086778,0.4412458039034166,0.19829915529708628,0.2962728039034166,168,0.144973,0.14497299999999977,0.14497300000000007,2.220446049250313e-16,False,True,True,True,False,
LOWER,LOWER:P0:O1:R14,SIMILARITY,0,1,14,1,1.1413635273672447,1.0683461645774015,1.0683461645774017,0.06834616457740172,1.0000000000000002,9.81029846093596e-16,5e-05,0.2891861859074085,0.10805083512874326,0.45214337078433414,0.28918649804081176,0.10805101131245548,0.4521433832535021,0.20003422469303977,0.3071703832535021,168,0.15488134851727967,0.15488134851727936,0.15488134851727978,0.009908348517279786,False,False,True,True,False,1.0683461645774017
LOWER,LOWER:P0:O1:R14,RIGID,0,1,14,-1,-0.9999999999999999,0.9999999999999999,0.9999999999999999,1.1102230246251565e-16,1.0,9.379887172419903e-16,1e-05,1.470537569809544,0.1782614570467655,2.3086275865989956,1.4705376138542365,0.17826146480813468,2.3086275985722553,1.4740151640587555,2.1636545985722555,168,0.14497299999999996,0.14497299999999982,0.14497300000000007,1.6653345369377348e-16,False,True,True,True,False,
LOWER,LOWER:P0:O1:R14,SIMILARITY,0,1,14,-1,-7.217716828924396e-10,2.6865808807710234e-05,2.6865808807710234e-05,0.9999731341911923,1.0,9.41852399735448e-16,0.0,1.1925592552110638,1.192234009241237,1.1929126773066012,1.1925593145770428,1.1922340344401863,1.1929127024912145,1.0475863303661475,1.0479397024912145,168,3.894816900280175e-06,3.894816900280172e-06,3.89481690028018e-06,0.14496910518309972,False,False,True,False,False,2.6865808807710237e-05
LOWER,LOWER:P0:O1:R14,AFFINE,0,1,14,0,1.141363526645474,1.0683192987685948,1.0683730303862098,0.06837303038620979,1.0000502954666053,8.893044675720114e-16,5e-05,0.2891861827260469,0.10806469211839939,0.4521188516930019,0.2891864948715853,0.10806486827951985,0.45211886416284613,0.20003422490444514,0.30714586416284617,168,0.15488134854176586,0.15487936332580166,0.15488524308775992,0.009912243087759925,False,False,True,True,False,
LOWER,LOWER:P0:O-1:R0,RIGID,0,-1,0,1,0.9999999999999999,0.9999999999999999,0.9999999999999999,1.1102230246251565e-16,1.0,9.430410474802052e-16,1e-05,1.470537569809544,0.1782614570467655,2.3086275865989956,1.4705376138542365,0.17826146480813468,2.3086275985722553,1.4740151640587555,2.1636545985722555,168,0.14497299999999996,0.14497299999999982,0.14497300000000007,1.6653345369377348e-16,False,True,True,True,False,
LOWER,LOWER:P0:O-1:R0,SIMILARITY,0,-1,0,1,7.217716828924396e-10,2.6865808807710234e-05,2.6865808807710234e-05,0.9999731341911923,1.0,9.418516322447086e-16,0.0,1.1925592552110638,1.192234009241237,1.1929126773066012,1.1925593145770428,1.1922340344401863,1.1929127024912145,1.0475863303661475,1.0479397024912145,168,3.894816900280175e-06,3.894816900280172e-06,3.89481690028018e-06,0.14496910518309972,False,False,True,False,False,2.6865808807710237e-05
LOWER,LOWER:P0:O-1:R0,RIGID,0,-1,0,-1,-0.9999999999999998,0.9999999999999998,0.9999999999999999,2.220446049250313e-16,1.0000000000000002,9.68139583143941e-16,3.0000000000000004e-05,0.31019282865237846,0.17740920660191475,0.4412457858599721,0.31019309866886297,0.17740933703086778,0.4412458039034166,0.19829915529708628,0.2962728039034166,168,0.144973,0.14497299999999977,0.14497300000000007,2.220446049250313e-16,False,True,True,True,False,
LOWER,LOWER:P0:O-1:R0,SIMILARITY,0,-1,0,-1,-1.1413635273672447,1.0683461645774015,1.0683461645774017,0.06834616457740172,1.0000000000000002,9.722424312786747e-16,5e-05,0.2891861859074085,0.10805083512874326,0.45214337078433414,0.28918649804081176,0.10805101131245548,0.4521433832535021,0.20003422469303977,0.3071703832535021,168,0.15488134851727967,0.15488134851727936,0.15488134851727978,0.009908348517279786,False,False,True,True,False,1.0683461645774017
LOWER,LOWER:P0:O-1:R0,AFFINE,0,-1,0,0,-1.141363526645474,1.0683192987685948,1.0683730303862098,0.06837303038620979,1.0000502954666053,9.035973247113292e-16,5e-05,0.2891861827260469,0.10806469211839939,0.4521188516930019,0.2891864948715853,0.10806486827951985,0.45211886416284613,0.20003422490444514,0.30714586416284617,168,0.15488134854176586,0.15487936332580166,0.15488524308775992,0.009912243087759925,False,False,True,True,False,
LOWER,LOWER:P0:O-1:R1,RIGID,0,-1,1,1,0.9999999999999996,0.9999999999999996,1.0000000000000002,4.440892098500626e-16,1.0000000000000007,9.034941050001576e-16,0.0,1.4692811509110442,0.3349493466639868,2.324880618013517,1.4692811991457824,0.3349493466641083,2.324880686950678,1.4741349718058745,2.179907686950678,168,0.14497299999999996,0.14497299999999982,0.14497300000000016,1.6653345369377348e-16,False,True,True,False,False,
LOWER,LOWER:P0:O-1:R1,SIMILARITY,0,-1,1,1,1.0022859317144366e-09,3.1658899723686464e-05,3.165889972368648e-05,0.9999683411002763,1.0000000000000004,9.41852432917717e-16,0.0,1.1925592551429733,1.1922240989509867,1.1928825924314486,1.192559314509238,1.1922241241501454,1.1928826176166971,1.0475863302207662,1.047909617616697,168,4.589685669641998e-06,4.58968566964199e-06,4.589685669642004e-06,0.14496841031433036,False,False,True,False,False,3.165889972368648e-05
LOWER,LOWER:P0:O-1:R1,RIGID,0,-1,1,-1,-0.9999999999999997,0.9999999999999997,1.0,3.3306690738754696e-16,1.0000000000000004,1.029385437409581e-15,0.0,0.31021653059539295,0.17756260772194754,0.44124459462403026,0.3102167402961522,0.17756267641436696,0.44124470408375915,0.1983685980044229,0.29627170408375914,168,0.14497299999999996,0.1449729999999998,0.14497300000000016,1.942890293094024e-16,False,True,True,False,False,
LOWER,LOWER:P0:O-1:R1,SIMILARITY,0,-1,1,-1,-1.1413317331697266,1.0683312843728419,1.0683312843728425,0.06833128437284253,1.0000000000000007,1.2303797434254182e-15,0.0,0.2892120878847126,0.10821927338019008,0.45209801515324116,0.28921232714668144,0.10821938608840505,0.45209812198519433,0.20010735075672262,0.30712512198519437,168,0.15487919128938404,0.15487919128938374,0.15487919128938427,0.009906191289384275,False,False,True,False,False,1.0683312843728423
LOWER,LOWER:P0:O-1:R1,AFFINE,0,-1,1,0,-1.141331732167441,1.0682996254731183,1.0683629432725663,0.06836294327256631,1.0000592697010635,1.1121755268331586e-15,0.0,0.28921208677140975,0.10822767591845744,0.45212579191969177,0.2892123260230498,0.10822778861792204,0.45212589874508163,0.20010734867585378,0.30715289874508167,168,0.15487919132338707,0.15487595613284322,0.15488362829810084,0.009910628298100854,False,False,True,False,False,
LOWER,LOWER:P0:O-1:R2,RIGID,0,-1,2,1,0.9999999999999998,0.9999999999999999,1.0,1.1102230246251565e-16,1.0000000000000002,8.84584567550778e-16,2e-05,1.4561705968899257,0.2514287839185236,2.3096669656469864,1.4561707103804151,0.25142878469144464,2.3096669657043956,1.475431840860566,2.1646939657043958,168,0.14497299999999996,0.14497299999999982,0.14497300000000016,1.6653345369377348e-16,False,True,True,True,False,
LOWER,LOWER:P0:O-1:R2,SIMILARITY,0,-1,2,1,4.551814758494252e-10,2.133498244314781e-05,2.1334982443147813e-05,0.9999786650175568,1.0000000000000002,9.418485903954753e-16,0.0,1.1925592552755495,1.1922130785948275,1.1928738027839378,1.19255931464228,1.1922131037942194,1.192873827969372,1.047586330504202,1.047900827969372,168,3.092996409730468e-06,3.092996409730465e-06,3.0929964097304718e-06,0.14496990700359025,False,False,True,False,False,2.1334982443147813e-05
LOWER,LOWER:P0:O-1:R2,RIGID,0,-1,2,-1,-0.9999999999999998,1.0,1.0,0.0,1.0,8.918949017825179e-16,0.0,0.3101872944053991,0.17748247220463334,0.4413636718861931,0.3101875132054849,0.1774833957973953,0.4413636739423662,0.19830599997997048,0.2963906739423662,168,0.144973,0.14497299999999985,0.14497300000000013,1.3877787807814457e-16,False,True,True,False,False,
LOWER,LOWER:P0:O-1:R2,SIMILARITY,0,-1,2,-1,-1.1413625143733896,1.0683456904829023,1.0683456904829025,0.06834569048290251,1.0000000000000002,9.90445869159853e-16,0.0,0.289169572570715,0.10812459323085728,0.4522271168745553,0.28916983885518927,0.10812610926711819,0.4522271188813348,0.20004921838723583,0.3072541188813348,168,0.1548812797863778,0.15488127978637756,0.154881279786378,0.00990827978637801,False,False,True,False,False,1.0683456904829025
LOWER,LOWER:P0:O-1:R2,AFFINE,0,-1,2,0,-1.1413625139182089,1.0683243555004602,1.0683670254653455,0.06836702546534545,1.0000399410204077,8.943741044096487e-16,0.0,0.2891695687725012,0.10814281176082452,0.45224206114399457,0.28916983504322125,0.10814432754168643,0.45224206315070775,0.20004921983463061,0.3072690631507078,168,0.15488127980181976,0.1548786740007762,0.15488402572384968,0.009911025723849692,False,False,True,False,False,
LOWER,LOWER:P0:O-1:R3,RIGID,0,-1,3,1,0.9999999999999997,0.9999999999999998,0.9999999999999999,2.220446049250313e-16,1.0000000000000002,9.48993144785831e-16,0.0,1.4329691299939455,0.13182396041920624,2.203786125159805,1.4329692181439104,0.13182396047156195,2.203786125159824,1.4777060717947461,2.058813125159824,168,0.144973,0.14497299999999977,0.14497300000000016,2.220446049250313e-16,False,True,True,False,False,
LOWER,LOWER:P0:O-1:R3,SIMILARITY,0,-1,3,1,6.822418758925371e-10,2.6119760257179553e-05,2.6119760257179556e-05,0.9999738802397429,1.0000000000000002,9.418487323178242e-16,0.0,1.192559255220765,1.1922322550598772,1.1928734250839936,1.1925593145870954,1.1922322802588636,1.1928734502694358,1.0475863303865658,1.0479004502694358,168,3.786660003764091e-06,3.7866600037640885e-06,3.7866600037640965e-06,0.14496921333999624,False,False,True,False,False,2.611976025717956e-05
LOWER,LOWER:P0:O-1:R3,RIGID,0,-1,3,-1,-0.9999999999999996,0.9999999999999998,0.9999999999999999,2.220446049250313e-16,1.0000000000000002,8.584592672777439e-16,2e-05,0.31015365585311383,0.1778910370782514,0.44112094792421636,0.3101539336623448,0.1778910378236273,0.4411209482248044,0.19819666938005964,0.2961479482248044,168,0.14497299999999996,0.14497299999999977,0.14497300000000007,2.220446049250313e-16,False,True,True,True,False,
LOWER,LOWER:P0:O-1:R3,SIMILARITY,0,-1,3,-1,-1.1414115784757635,1.0683686528889564,1.0683686528889564,0.06836865288895644,1.0,6.980346803643943e-16,3.0000000000000004e-05,0.28914089741239657,0.10850980558852985,0.4520075478152806,0.2891412161926088,0.10850980877204554,0.4520075485795215,0.19992817292711407,0.3070345485795215,168,0.15488460871527068,0.15488460871527046,0.1548846087152708,0.009911608715270803,False,False,True,True,False,1.0683686528889567
LOWER,LOWER:P0:O-1:R3,AFFINE,0,-1,3,0,-1.1414115777935216,1.0683425331286993,1.0683947726492136,0.06839477264921356,1.0000488977260515,8.815592708961668e-16,3.0000000000000004e-05,0.28914089631535284,0.10853602227938662,0.45200604517642584,0.28914121510556196,0.10853602546213334,0.45200604594066934,0.19992817174306687,0.3070330459406694,168,0.15488460873841473,0.1548808641471615,0.1548869686212128,0.009913968621212799,False,False,True,True,False,
LOWER,LOWER:P0:O-1:R4,RIGID,0,-1,4,1,0.9999999999999998,0.9999999999999997,1.0000000000000002,3.3306690738754696e-16,1.0000000000000007,9.169562768697332e-16,0.0,1.4306011898115376,0.07302763298823589,2.2268697618260473,1.430601330202193,0.07302885617930664,2.2268697673033357,1.4779434469570256,2.081896767303336,168,0.144973,0.14497299999999985,0.1449730000000001,1.3877787807814457e-16,False,True,True,False,False,
LOWER,LOWER:P0:O-1:R4,SIMILARITY,0,-1,4,1,3.847505200558477e-10,1.9615058502483434e-05,1.961505850248344e-05,0.9999803849414975,1.0000000000000004,9.418462357351955e-16,0.0,1.1925592552926798,1.1922032002673424,1.1928629139330018,1.192559314659422,1.192203225466943,1.1928629391186658,1.047586330540688,1.0478899391186658,168,2.8436538762805313e-06,2.8436538762805275e-06,2.8436538762805347e-06,0.1449701563461237,False,False,True,False,False,1.961505850248344e-05
LOWER,LOWER:P0:O-1:R4,RIGID,0,-1,4,-1,-1.0,0.9999999999999998,1.0000000000000002,2.220446049250313e-16,1.0000000000000004,9.777819224408555e-16,0.00011,0.3102073857218622,0.17767126322229587,0.44126302698504316,0.31020777562844143,0.17767473879551987,0.44126304062465654,0.19832843724110846,0.2962900406246566,168,0.144973,0.1449729999999998,0.14497300000000013,1.942890293094024e-16,False,True,True,True,False,
LOWER,LOWER:P0:O-1:R4,SIMILARITY,0,-1,4,-1,-1.1413488708180006,1.0683393050983383,1.0683393050983387,0.06833930509833874,1.0000000000000004,8.669780611436182e-16,0.00035000000000000005,0.2891911931928613,0.10831980335431236,0.452164229762126,0.2891922561610079,0.10832823206870326,0.45216436500098584,0.20007269593951085,0.30719136500098587,168,0.15488035407802142,0.15488035407802128,0.15488035407802156,0.009907354078021569,False,False,True,True,False,1.0683393050983385
LOWER,LOWER:P0:O-1:R4,AFFINE,0,-1,4,0,-1.1413488704332504,1.068319690039836,1.0683589201568415,0.06835892015684153,1.0000367213273063,9.431524155614147e-16,0.00035000000000000005,0.2891911948004475,0.10831377284736085,0.4521464132792849,0.2891922578059016,0.10832220203099462,0.45214654852347375,0.20007269363614671,0.3071735485234738,168,0.15488035409107392,0.15487757576231878,0.1548822681240401,0.00990926812404011,False,False,True,True,False,
LOWER,LOWER:P0:O-1:R5,RIGID,0,-1,5,1,0.9999999999999998,0.9999999999999996,1.0,4.440892098500626e-16,1.0000000000000004,1.0777523541500812e-15,1e-05,1.4705375698095462,0.17826145704694396,2.3086275865993255,1.4705376138542392,0.17826146480831315,2.3086275985725857,1.4740151640587553,2.163654598572586,168,0.14497299999999996,0.1449729999999998,0.14497300000000013,1.942890293094024e-16,False,True,True,True,False,
LOWER,LOWER:P0:O-1:R5,SIMILARITY,0,-1,5,1,7.217716829003528e-10,2.686580880785749e-05,2.6865808807857502e-05,0.9999731341911922,1.0000000000000004,9.418555157537847e-16,0.0,1.1925592552110638,1.192234009241237,1.1929126773066014,1.1925593145770428,1.1922340344401863,1.1929127024912147,1.0475863303661475,1.0479397024912147,168,3.8948169003015245e-06,3.89481690030152e-06,3.894816900301529e-06,0.1449691051830997,False,False,True,False,False,2.68658088078575e-05
LOWER,LOWER:P0:O-1:R5,RIGID,0,-1,5,-1,-0.9999999999999997,0.9999999999999996,1.0,4.440892098500626e-16,1.0000000000000004,1.0115788429912106e-15,3.0000000000000004e-05,0.31019282865237846,0.17740920660191473,0.44124578585997176,0.31019309866886297,0.17740933703086775,0.4412458039034163,0.19829915529708622,0.29627280390341626,168,0.14497299999999994,0.14497299999999977,0.14497300000000016,2.220446049250313e-16,False,True,True,True,False,
LOWER,LOWER:P0:O-1:R5,SIMILARITY,0,-1,5,-1,-1.1413635273672438,1.068346164577401,1.0683461645774015,0.0683461645774015,1.0000000000000004,8.688007223317981e-16,5e-05,0.28918618590740863,0.10805083512874368,0.4521433707843338,0.2891864980408118,0.1080510113124559,0.4521433832535018,0.20003422469303977,0.30717038325350177,168,0.15488134851727958,0.15488134851727933,0.15488134851727975,0.009908348517279758,False,False,True,True,False,1.0683461645774015
LOWER,LOWER:P0:O-1:R5,AFFINE,0,-1,5,0,-1.1413635266454734,1.0683192987685943,1.0683730303862096,0.06837303038620957,1.0000502954666055,1.0385141531467885e-15,5e-05,0.28918618272604696,0.10806469211840004,0.4521188516930019,0.2891864948715853,0.1080648682795205,0.45211886416284613,0.20003422490444508,0.30714586416284617,168,0.1548813485417658,0.15487936332580163,0.15488524308775994,0.009912243087759953,False,False,True,True,False,
LOWER,LOWER:P0:O-1:R6,RIGID,0,-1,6,1,0.9999999999999998,0.9999999999999996,1.0,4.440892098500626e-16,1.0000000000000004,9.287280314319496e-16,0.0,1.469281150911221,0.334949346658226,2.3248806180135477,1.4692811991459591,0.3349493466583475,2.3248806869507086,1.474134971805857,2.179907686950709,168,0.14497299999999996,0.14497299999999982,0.14497300000000016,1.6653345369377348e-16,False,True,True,False,False,
LOWER,LOWER:P0:O-1:R6,SIMILARITY,0,-1,6,1,1.0022859317267998e-09,3.165889972388175e-05,3.1658899723881756e-05,0.9999683411002761,1.0000000000000002,9.418531978625953e-16,0.0,1.1925592551429736,1.1922240989509865,1.1928825924314481,1.192559314509238,1.1922241241501454,1.1928826176166967,1.0475863302207662,1.0479096176166967,168,4.589685669670309e-06,4.589685669670305e-06,4.589685669670313e-06,0.14496841031433033,False,False,True,False,False,3.165889972388176e-05
LOWER,LOWER:P0:O-1:R6,RIGID,0,-1,6,-1,-0.9999999999999998,0.9999999999999998,0.9999999999999999,2.220446049250313e-16,1.0000000000000002,9.010124228120304e-16,0.0,0.31021653059539295,0.17756260772194768,0.4412445946240304,0.31021674029615226,0.1775626764143671,0.44124470408375926,0.19836859800442294,0.29627170408375925,168,0.14497299999999996,0.14497299999999974,0.14497300000000013,2.498001805406602e-16,False,True,True,False,False,
LOWER,LOWER:P0:O-1:R6,SIMILARITY,0,-1,6,-1,-1.141331733169726,1.0683312843728419,1.068331284372842,0.06833128437284208,1.0000000000000002,7.826036236136209e-16,0.0,0.28921208788471264,0.10821927338019056,0.4520980151532411,0.28921232714668155,0.10821938608840555,0.4520981219851943,0.20010735075672254,0.30712512198519426,168,0.154879191289384,0.1548791912893838,0.15487919128938418,0.009906191289384192,False,False,True,False,False,1.068331284372842
LOWER,LOWER:P0:O-1:R6,AFFINE,0,-1,6,0,-1.1413317321674408,1.0682996254731183,1.068362943272566,0.06836294327256609,1.0000592697010633,9.720298926151598e-16,0.0,0.28921208677140975,0.10822767591845747,0.45212579191969127,0.2892123260230498,0.10822778861792205,0.45212589874508113,0.20010734867585378,0.3071528987450811,168,0.15487919132338707,0.15487595613284325,0.15488362829810073,0.009910628298100743,False,False,True,False,False,
LOWER,LOWER:P0:O-1:R7,RIGID,0,-1,7,1,0.9999999999999994,0.9999999999999998,0.9999999999999999,2.220446049250313e-16,1.0000000000000002,6.725811293932095e-16,2e-05,1.4561705968890741,0.25142878390991497,2.3096669656457234,1.4561707103795638,0.251428784682836,2.309666965703132,1.4754318408606493,2.1646939657031323,168,0.14497299999999996,0.14497299999999977,0.14497300000000007,2.220446049250313e-16,False,True,True,True,False,
LOWER,LOWER:P0:O-1:R7,SIMILARITY,0,-1,7,1,4.551814758501076e-10,2.1334982443163812e-05,2.1334982443163822e-05,0.9999786650175568,1.0000000000000004,9.41859527319115e-16,0.0,1.1925592552755495,1.1922130785948275,1.192873802783938,1.19255931464228,1.1922131037942194,1.1928738279693722,1.0475863305042021,1.0479008279693722,168,3.092996409732787e-06,3.092996409732784e-06,3.092996409732791e-06,0.14496990700359025,False,False,True,False,False,2.133498244316382e-05
LOWER,LOWER:P0:O-1:R7,RIGID,0,-1,7,-1,-0.9999999999999996,0.9999999999999996,0.9999999999999999,4.440892098500626e-16,1.0000000000000004,9.067249506052726e-16,0.0,0.3101872944053991,0.17748247220463345,0.4413636718861929,0.3101875132054849,0.17748339579739542,0.44136367394236603,0.1983059999799705,0.29639067394236607,168,0.14497299999999996,0.14497299999999969,0.14497300000000013,3.0531133177191805e-16,False,True,True,False,False,
LOWER,LOWER:P0:O-1:R7,SIMILARITY,0,-1,7,-1,-1.141362514373389,1.0683456904829018,1.0683456904829023,0.06834569048290229,1.0000000000000004,9.014573733076912e-16,0.0,0.2891695725707152,0.1081245932308576,0.4522271168745551,0.2891698388551893,0.1081261092671185,0.4522271188813346,0.20004921838723577,0.3072541188813346,168,0.15488127978637775,0.15488127978637764,0.15488127978637786,0.009908279786377872,False,False,True,False,False,1.0683456904829023
LOWER,LOWER:P0:O-1:R7,AFFINE,0,-1,7,0,-1.1413625139182086,1.0683243555004596,1.068367025465346,0.0683670254653459,1.0000399410204088,9.086904972868471e-16,0.0,0.2891695687725012,0.10814281176082473,0.4522420611439948,0.28916983504322125,0.10814432754168664,0.452242063150708,0.20004921983463061,0.307269063150708,168,0.15488127980181976,0.1548786740007762,0.15488402572384966,0.009911025723849665,False,False,True,False,False,
LOWER,LOWER:P0:O-1:R8,RIGID,0,-1,8,1,0.9999999999999994,0.9999999999999994,0.9999999999999999,5.551115123125783e-16,1.0000000000000004,9.2016658464227e-16,0.0,1.4329691299941698,0.13182396042540262,2.2037861251575848,1.4329692181441345,0.1318239604777583,2.2037861251576034,1.4777060717947237,2.0588131251576036,168,0.14497299999999994,0.14497299999999974,0.1449730000000001,2.498001805406602e-16,False,True,True,False,False,
LOWER,LOWER:P0:O-1:R8,SIMILARITY,0,-1,8,1,6.822418759022371e-10,2.6119760257365226e-05,2.611976025736523e-05,0.9999738802397427,1.0000000000000002,9.418519893638306e-16,0.0,1.192559255220765,1.192232255059877,1.1928734250839934,1.1925593145870947,1.1922322802588634,1.1928734502694354,1.0475863303865658,1.0479004502694353,168,3.7866600037910085e-06,3.7866600037910034e-06,3.786660003791014e-06,0.1449692133399962,False,False,True,False,False,2.6119760257365236e-05
LOWER,LOWER:P0:O-1:R8,RIGID,0,-1,8,-1,-0.9999999999999994,0.9999999999999997,0.9999999999999998,3.3306690738754696e-16,1.0000000000000002,9.509064457925752e-16,2e-05,0.3101536558531139,0.17789103707825174,0.4411209479242166,0.31015393366234484,0.17789103782362764,0.4411209482248047,0.19819666938005964,0.2961479482248047,168,0.14497299999999994,0.14497299999999982,0.1449730000000001,1.6653345369377348e-16,False,True,True,True,False,
LOWER,LOWER:P0:O-1:R8,SIMILARITY,0,-1,8,-1,-1.1414115784757621,1.0683686528889558,1.068368652888956,0.068368652888956,1.0000000000000002,9.504267667955572e-16,3.0000000000000004e-05,0.2891408974123967,0.1085098055885307,0.45200754781528063,0.2891412161926089,0.10850980877204638,0.4520075485795216,0.19992817292711396,0.3070345485795216,168,0.1548846087152706,0.1548846087152704,0.1548846087152708,0.009911608715270803,False,False,True,True,False,1.0683686528889562
LOWER,LOWER:P0:O-1:R8,AFFINE,0,-1,8,0,-1.141411577793523,1.0683425331287,1.0683947726492142,0.06839477264921423,1.0000488977260515,8.779368381889411e-16,3.0000000000000004e-05,0.28914089631535256,0.10853602227938572,0.4520060451764258,0.28914121510556184,0.10853602546213244,0.4520060459406693,0.19992817174306698,0.30703304594066927,168,0.1548846087384148,0.15488086414716162,0.1548869686212128,0.009913968621212799,False,False,True,True,False,
LOWER,LOWER:P0:O-1:R9,RIGID,0,-1,9,1,0.9999999999999994,0.9999999999999994,0.9999999999999998,5.551115123125783e-16,1.0000000000000004,9.509198776276482e-16,0.0,1.4306011898115554,0.07302763298864583,2.2268697618258386,1.4306013302022105,0.07302885617971656,2.226869767303127,1.4779434469570234,2.0818967673031272,168,0.14497299999999994,0.14497299999999974,0.1449730000000002,2.498001805406602e-16,False,True,True,False,False,
LOWER,LOWER:P0:O-1:R9,SIMILARITY,0,-1,9,1,3.8475052006250454e-10,1.961505850265312e-05,1.9615058502653122e-05,0.9999803849414973,1.0000000000000002,9.418536529259737e-16,0.0,1.1925592552926798,1.1922032002673424,1.1928629139330014,1.192559314659422,1.192203225466943,1.1928629391186654,1.047586330540688,1.0478899391186653,168,2.8436538763051304e-06,2.8436538763051275e-06,2.8436538763051343e-06,0.14497015634612367,False,False,True,False,False,1.961505850265313e-05
LOWER,LOWER:P0:O-1:R9,RIGID,0,-1,9,-1,-0.9999999999999994,0.9999999999999996,0.9999999999999999,4.440892098500626e-16,1.0000000000000004,1.0310366923096142e-15,0.00011,0.3102073857218623,0.177671263222296,0.4412630269850427,0.3102077756284416,0.17767473879552004,0.4412630406246561,0.19832843724110852,0.29629004062465614,168,0.14497299999999996,0.1449729999999997,0.14497300000000013,2.7755575615628914e-16,False,True,True,True,False,
LOWER,LOWER:P0:O-1:R9,SIMILARITY,0,-1,9,-1,-1.1413488708180008,1.0683393050983383,1.0683393050983385,0.06833930509833852,1.0000000000000002,9.55676622914569e-16,0.00035000000000000005,0.2891911931928613,0.10831980335431213,0.4521642297621255,0.2891922561610079,0.10832823206870303,0.45216436500098534,0.2000726959395108,0.3071913650009853,168,0.15488035407802142,0.15488035407802123,0.1548803540780216,0.009907354078021596,False,False,True,True,False,1.0683393050983387
LOWER,LOWER:P0:O-1:R9,AFFINE,0,-1,9,0,-1.1413488704332513,1.0683196900398366,1.0683589201568413,0.06835892015684131,1.0000367213273054,8.080263933589907e-16,0.00035000000000000005,0.2891911948004474,0.10831377284736085,0.45214641327928506,0.2891922578059015,0.10832220203099462,0.4521465485234739,0.20007269363614671,0.3071735485234739,168,0.15488035409107398,0.1548775757623189,0.15488226812404018,0.009909268124040194,False,False,True,True,False,
LOWER,LOWER:P0:O-1:R10,RIGID,0,-1,10,1,0.9999999999999994,0.9999999999999994,1.0,5.551115123125783e-16,1.0000000000000007,1.0345285470341438e-15,1e-05,1.4705375698095446,0.17826145704681326,2.3086275865990835,1.4705376138542372,0.17826146480818245,2.3086275985723437,1.4740151640587558,2.163654598572344,168,0.14497299999999994,0.14497299999999977,0.14497300000000013,2.220446049250313e-16,False,True,True,True,False,
LOWER,LOWER:P0:O-1:R10,SIMILARITY,0,-1,10,1,7.217716828862495e-10,2.6865808807594973e-05,2.6865808807594983e-05,0.9999731341911924,1.0000000000000004,9.418521925917793e-16,0.0,1.1925592552110638,1.1922340092412367,1.1929126773066012,1.1925593145770428,1.192234034440186,1.1929127024912145,1.0475863303661475,1.0479397024912145,168,3.894816900263466e-06,3.894816900263463e-06,3.89481690026347e-06,0.14496910518309972,False,False,True,False,False,2.6865808807594983e-05
LOWER,LOWER:P0:O-1:R10,RIGID,0,-1,10,-1,-0.9999999999999993,0.9999999999999996,0.9999999999999999,4.440892098500626e-16,1.0000000000000004,9.94761125033779e-16,3.0000000000000004e-05,0.31019282865237846,0.17740920660191503,0.44124578585997254,0.3101930986688631,0.17740933703086806,0.44124580390341706,0.19829915529708628,0.29627280390341704,168,0.14497299999999994,0.1449729999999998,0.14497300000000013,1.942890293094024e-16,False,True,True,True,False,
LOWER,LOWER:P0:O-1:R10,SIMILARITY,0,-1,10,-1,-1.1413635273672433,1.0683461645774008,1.0683461645774013,0.06834616457740128,1.0000000000000004,9.728550293773607e-16,5e-05,0.2891861859074087,0.10805083512874399,0.45214337078433453,0.2891864980408119,0.1080510113124562,0.4521433832535025,0.20003422469303972,0.30717038325350254,168,0.15488134851727953,0.15488134851727936,0.15488134851727972,0.00990834851727973,False,False,True,True,False,1.0683461645774015
LOWER,LOWER:P0:O-1:R10,AFFINE,0,-1,10,0,-1.1413635266454738,1.068319298768594,1.06837303038621,0.06837303038621001,1.0000502954666062,9.480010404268061e-16,5e-05,0.28918618272604696,0.1080646921184004,0.4521188516930016,0.2891864948715854,0.10806486827952086,0.4521188641628458,0.2000342249044451,0.30714586416284584,168,0.15488134854176583,0.15487936332580157,0.15488524308775994,0.009912243087759953,False,False,True,True,False,
LOWER,LOWER:P0:O-1:R11,RIGID,0,-1,11,1,0.9999999999999998,0.9999999999999999,1.0,1.1102230246251565e-16,1.0000000000000002,9.476185019992813e-16,0.0,1.4692811509110166,0.33494934666487797,2.3248806180135126,1.4692811991457548,0.3349493466649995,2.3248806869506735,1.4741349718058772,2.1799076869506737,168,0.144973,0.14497299999999982,0.14497300000000013,1.6653345369377348e-16,False,True,True,False,False,
LOWER,LOWER:P0:O-1:R11,SIMILARITY,0,-1,11,1,1.0022859317336936e-09,3.165889972399061e-05,3.165889972399062e-05,0.999968341100276,1.0000000000000002,9.418551161610725e-16,0.0,1.1925592551429736,1.192224098950987,1.1928825924314483,1.1925593145092377,1.192224124150146,1.192882617616697,1.0475863302207662,1.0479096176166969,168,4.589685669686091e-06,4.589685669686086e-06,4.589685669686094e-06,0.1449684103143303,False,False,True,False,False,3.165889972399062e-05
LOWER,LOWER:P0:O-1:R11,RIGID,0,-1,11,-1,-0.9999999999999999,0.9999999999999999,1.0,1.1102230246251565e-16,1.0000000000000002,8.865632955750536e-16,0.0,0.3102165305953929,0.17756260772194762,0.44124459462403065,0.3102167402961522,0.17756267641436702,0.44124470408375954,0.19836859800442289,0.2962717040837596,168,0.144973,0.14497299999999985,0.1449730000000001,1.3877787807814457e-16,False,True,True,False,False,
LOWER,LOWER:P0:O-1:R11,SIMILARITY,0,-1,11,-1,-1.1413317331697268,1.0683312843728423,1.0683312843728423,0.0683312843728423,1.0,8.080590614653267e-16,0.0,0.28921208788471253,0.10821927338019016,0.4520980151532416,0.2892123271466814,0.10821938608840513,0.4520981219851948,0.20010735075672262,0.3071251219851948,168,0.15487919128938407,0.15487919128938393,0.1548791912893842,0.00990619128938422,False,False,True,False,False,1.0683312843728425
LOWER,LOWER:P0:O-1:R11,AFFINE,0,-1,11,0,-1.14133173216744,1.0682996254731179,1.0683629432725659,0.06836294327256587,1.0000592697010635,9.146429662344063e-16,0.0,0.2892120867714099,0.10822767591845826,0.4521257919196917,0.28921232602304986,0.10822778861792284,0.4521258987450816,0.20010734867585372,0.30715289874508156,168,0.154879191323387,0.15487595613284322,0.1548836282981008,0.009910628298100799,False,False,True,False,False,
LOWER,LOWER:P0:O-1:R12,RIGID,0,-1,12,1,1.0000000000000002,1.0,1.0000000000000002,2.220446049250313e-16,1.0000000000000002,9.98866066551863e-16,2e-05,1.4561705968895169,0.2514287839143909,2.3096669656463806,1.4561707103800066,0.25142878468731195,2.30966696570379,1.4754318408606062,2.16469396570379,168,0.14497300000000002,0.14497299999999985,0.14497300000000019,1.942890293094024e-16,False,True,True,True,False,
LOWER,LOWER:P0:O-1:R12,SIMILARITY,0,-1,12,1,4.551814758475137e-10,2.1334982443102988e-05,2.1334982443102998e-05,0.999978665017557,1.0000000000000004,9.418542703579193e-16,0.0,1.1925592552755495,1.1922130785948275,1.192873802783938,1.19255931464228,1.1922131037942194,1.1928738279693722,1.0475863305042021,1.0479008279693722,168,3.09299640972397e-06,3.092996409723968e-06,3.0929964097239725e-06,0.14496990700359028,False,False,True,False,False,2.133498244310299e-05
LOWER,LOWER:P0:O-1:R12,RIGID,0,-1,12,-1,-1.0,1.0,1.0,0.0,1.0,9.188331883640685e-16,0.0,0.31018729440539905,0.17748247220463317,0.44136367188619285,0.3101875132054848,0.17748339579739514,0.441363673942366,0.19830599997997048,0.29639067394236596,168,0.14497300000000002,0.14497299999999977,0.14497300000000019,2.220446049250313e-16,False,True,True,False,False,
LOWER,LOWER:P0:O-1:R12,SIMILARITY,0,-1,12,-1,-1.1413625143733899,1.0683456904829025,1.0683456904829027,0.06834569048290273,1.0000000000000002,1.0257314930778234e-15,0.0,0.28916957257071496,0.10812459323085723,0.4522271168745552,0.2891698388551892,0.10812610926711813,0.4522271188813347,0.20004921838723583,0.3072541188813347,168,0.15488127978637783,0.15488127978637764,0.154881279786378,0.00990827978637801,False,False,True,False,False,1.0683456904829025
LOWER,LOWER:P0:O-1:R12,AFFINE,0,-1,12,0,-1.1413625139182084,1.06832435550046,1.0683670254653455,0.06836702546534545,1.000039941020408,9.481930769726397e-16,0.0,0.28916956877250116,0.10814281176082494,0.4522420611439945,0.2891698350432213,0.10814432754168685,0.4522420631507077,0.20004921983463064,0.3072690631507077,168,0.15488127980181973,0.1548786740007763,0.15488402572384966,0.009911025723849665,False,False,True,False,False,
LOWER,LOWER:P0:O-1:R13,RIGID,0,-1,13,1,1.0000000000000002,1.0000000000000002,1.0000000000000002,2.220446049250313e-16,1.0,7.537411696189807e-16,0.0,1.4329691299941894,0.131823960425933,2.2037861251573956,1.4329692181441547,0.1318239604782887,2.2037861251574142,1.4777060717947226,2.0588131251574144,168,0.144973,0.14497299999999974,0.14497300000000016,2.498001805406602e-16,False,True,True,False,False,
LOWER,LOWER:P0:O-1:R13,SIMILARITY,0,-1,13,1,6.822418758927043e-10,2.6119760257182748e-05,2.611976025718276e-05,0.9999738802397428,1.0000000000000004,9.418502901965094e-16,0.0,1.192559255220765,1.192232255059877,1.1928734250839934,1.192559314587095,1.1922322802588634,1.1928734502694354,1.0475863303865658,1.0479004502694353,168,3.786660003764555e-06,3.78666000376455e-06,3.7866600037645603e-06,0.14496921333999624,False,False,True,False,False,2.611976025718275e-05
LOWER,LOWER:P0:O-1:R13,RIGID,0,-1,13,-1,-1.0000000000000004,1.0,1.0000000000000002,2.220446049250313e-16,1.0000000000000002,9.45374635344998e-16,2e-05,0.3101536558531137,0.1778910370782511,0.4411209479242165,0.31015393366234467,0.17789103782362703,0.44112094822480463,0.19819666938005956,0.2961479482248046,168,0.14497300000000002,0.14497299999999985,0.14497300000000016,1.6653345369377348e-16,False,True,True,True,False,
LOWER,LOWER:P0:O-1:R13,SIMILARITY,0,-1,13,-1,-1.1414115784757644,1.0683686528889567,1.068368652888957,0.0683686528889571,1.0000000000000004,9.969868991242254e-16,3.0000000000000004e-05,0.28914089741239646,0.10850980558852953,0.45200754781528074,0.28914121619260874,0.10850980877204522,0.4520075485795217,0.19992817292711407,0.3070345485795217,168,0.1548846087152707,0.15488460871527054,0.15488460871527093,0.009911608715270942,False,False,True,True,False,1.0683686528889567
LOWER,LOWER:P0:O-1:R13,AFFINE,0,-1,13,0,-1.141411577793523,1.0683425331286998,1.068394772649214,0.06839477264921401,1.0000488977260515,7.564304605170762e-16,3.0000000000000004e-05,0.28914089631535256,0.10853602227938544,0.45200604517642584,0.2891412151055618,0.10853602546213216,0.45200604594066934,0.19992817174306698,0.3070330459406694,168,0.1548846087384148,0.15488086414716162,0.1548869686212127,0.009913968621212715,False,False,True,True,False,
LOWER,LOWER:P0:O-1:R14,RIGID,0,-1,14,1,1.0,1.0,1.0,0.0,1.0,9.65217619008188e-16,0.0,1.4306011898114646,0.07302763298655117,2.2268697618269053,1.4306013302021194,0.07302885617762195,2.2268697673041937,1.4779434469570327,2.081896767304194,168,0.144973,0.14497299999999977,0.14497300000000016,2.220446049250313e-16,False,True,True,False,False,
LOWER,LOWER:P0:O-1:R14,SIMILARITY,0,-1,14,1,3.847505200573554e-10,1.961505850252186e-05,1.9615058502521862e-05,0.9999803849414974,1.0000000000000002,9.418526533098269e-16,0.0,1.1925592552926798,1.1922032002673424,1.1928629139330014,1.192559314659422,1.192203225466943,1.1928629391186654,1.047586330540688,1.0478899391186653,168,2.8436538762861014e-06,2.8436538762860985e-06,2.8436538762861023e-06,0.1449701563461237,False,False,True,False,False,1.961505850252186e-05
LOWER,LOWER:P0:O-1:R14,RIGID,0,-1,14,-1,-1.0,1.0,1.0000000000000002,2.220446049250313e-16,1.0000000000000002,9.461889646971694e-16,0.00011,0.3102073857218622,0.17767126322229568,0.4412630269850429,0.3102077756284415,0.17767473879551968,0.44126304062465627,0.1983284372411085,0.29629004062465625,168,0.144973,0.14497299999999985,0.14497300000000019,1.942890293094024e-16,False,True,True,True,False,
LOWER,LOWER:P0:O-1:R14,SIMILARITY,0,-1,14,-1,-1.141348870818001,1.0683393050983385,1.0683393050983387,0.06833930509833874,1.0000000000000002,9.445612478546027e-16,0.00035000000000000005,0.28919119319286124,0.1083198033543122,0.4521642297621256,0.2891922561610079,0.1083282320687031,0.45216436500098545,0.20007269593951083,0.30719136500098543,168,0.15488035407802142,0.15488035407802123,0.15488035407802156,0.009907354078021569,False,False,True,True,False,1.0683393050983385
LOWER,LOWER:P0:O-1:R14,AFFINE,0,-1,14,0,-1.1413488704332504,1.0683196900398362,1.0683589201568406,0.06835892015684064,1.0000367213273051,9.18628834068325e-16,0.00035000000000000005,0.28919119480044747,0.10831377284736148,0.4521464132792851,0.2891922578059016,0.10832220203099524,0.4521465485234739,0.2000726936361467,0.3071735485234739,168,0.15488035409107392,0.15487757576231878,0.15488226812404016,0.009909268124040166,False,False,True,True,False,
LOWER,LOWER:P1:O1:R0,RIGID,1,1,0,1,0.9999999999999998,0.9999999999999999,1.0,1.1102230246251565e-16,1.0000000000000002,9.959198499754024e-16,0.0,0.31026427536995016,0.1776669779868466,0.4412184199271121,0.31026451749729617,0.17766769491954112,0.4412186216529726,0.19834485681444555,0.29624562165297263,168,0.144973,0.14497299999999982,0.14497300000000013,1.6653345369377348e-16,False,True,True,False,False,
LOWER,LOWER:P1:O1:R0,SIMILARITY,1,1,0,1,1.1413165635634304,1.0683241846759017,1.068324184675902,0.06832418467590196,1.0000000000000002,1.000120667066454e-15,0.0,0.2892737208703606,0.10833092446593678,0.4520868558590479,0.2892740180884819,0.10833210025975219,0.4520870527353013,0.2000765369940389,0.30711405273530135,168,0.15487816202501947,0.15487816202501928,0.15487816202501967,0.009905162025019676,False,False,True,False,False,1.068324184675902
LOWER,LOWER:P1:O1:R0,RIGID,1,1,0,-1,-0.9999999999999998,1.0,1.0,0.0,1.0,9.094348057300488e-16,0.0,1.4705601488433044,0.1793651902406353,2.3093601127910666,1.4705601917018725,0.17936520913935672,2.3093601131280117,1.4740157320200586,2.164387113128012,168,0.144973,0.14497299999999977,0.14497300000000016,2.220446049250313e-16,False,True,True,False,False,
LOWER,LOWER:P1:O1:R0,SIMILARITY,1,1,0,-1,-3.2863484792153203e-10,1.8128288609836588e-05,1.812828860983659e-05,0.9999818717113902,1.0000000000000002,9.769410494063647e-16,0.0,1.1925542358901824,1.1921997060944938,1.1928597614223795,1.1925542899348405,1.1921998242555472,1.1928598795180498,1.047581308323383,1.0478868795180498,168,2.6281123846338397e-06,2.628112384633837e-06,2.6281123846338427e-06,0.14497037188761536,False,False,True,False,False,1.812828860983659e-05
LOWER,LOWER:P1:O1:R0,AFFINE,1,1,0,0,1.1413165632347961,1.068306056387292,1.068342312964512,0.06834231296451199,1.0000339383803014,1.144614202848438e-15,0.0,0.2892737188952846,0.10833978044304146,0.45207933518629173,0.2892740161035679,0.10834095614074546,0.4520793930584582,0.20007653748293755,0.3071063930584582,168,0.1548781620361687,0.15487680389330613,0.15488078963861776,0.00990778963861777,False,False,True,False,False,
LOWER,LOWER:P1:O1:R1,RIGID,1,1,1,1,1.0,0.9999999999999999,1.0000000000000002,2.220446049250313e-16,1.0000000000000004,1.0012600320039623e-15,0.0,0.3102350705456416,0.1778254910700947,0.44112425361508406,0.3102353242095128,0.17782565296065317,0.44112425537904904,0.19828223023408054,0.29615125537904907,168,0.144973,0.14497299999999985,0.14497300000000019,1.942890293094024e-16,False,True,True,False,False,
LOWER,LOWER:P1:O1:R1,SIMILARITY,1,1,1,1,1.1413473432233028,1.068338590159179,1.0683385901591795,0.06833859015917954,1.0000000000000004,9.93216959994932e-16,0.0,0.28923123983820526,0.10847481499855914,0.4520305837994064,0.28923157135315225,0.10847508038961738,0.45203058552081143,0.2000183700100845,0.3070575855208114,168,0.1548802504311467,0.15488025043114653,0.15488025043114687,0.009907250431146875,False,False,True,False,False,1.0683385901591793
LOWER,LOWER:P1:O1:R1,RIGID,1,1,1,-1,-1.0,0.9999999999999997,1.0000000000000002,3.3306690738754696e-16,1.0000000000000007,9.66977577729055e-16,0.0,1.4571439944768143,0.26198903722551437,2.3109465997977603,1.4571440398523903,0.2619890501641201,2.3109466383123607,1.475320332723891,2.165973638312361,168,0.144973,0.14497299999999977,0.14497300000000016,2.220446049250313e-16,False,True,True,False,False,
LOWER,LOWER:P1:O1:R1,SIMILARITY,1,1,1,-1,-1.3253219541398412e-09,3.6404971558014466e-05,3.640497155801448e-05,0.999963595028442,1.0000000000000004,9.769383251971724e-16,0.0,1.1925542356486354,1.1921902459402425,1.192849412040375,1.1925542896931973,1.1921903641022336,1.1928495301370698,1.047581307806931,1.0478765301370698,168,5.277737941680032e-06,5.277737941680027e-06,5.277737941680038e-06,0.1449677222620583,False,False,True,False,False,3.640497155801447e-05
LOWER,LOWER:P1:O1:R1,AFFINE,1,1,1,0,1.1413473418979816,1.0683021851876215,1.0683749951307377,0.06837499513073775,1.0000681548199806,8.542369760041771e-16,0.0,0.28923123877646867,0.10844186640814811,0.4520564544353883,0.28923157026360574,0.10844213187984163,0.4520564561566948,0.20001836697014158,0.30708345615669486,168,0.15488025047610823,0.1548758352504878,0.15488496211879915,0.009911962118799161,False,False,True,False,False,
LOWER,LOWER:P1:O1:R2,RIGID,1,1,2,1,0.9999999999999998,0.9999999999999999,1.0,1.1102230246251565e-16,1.0000000000000002,9.618269887982223e-16,3.0000000000000004e-05,0.3101580754362272,0.17767962268971468,0.4412883531692401,0.31015831900195484,0.17767962294098502,0.44128835627295443,0.19827271082215264,0.29631535627295447,168,0.144973,0.1449729999999997,0.14497300000000016,2.7755575615628914e-16,False,True,True,True,False,
LOWER,LOWER:P1:O1:R2,SIMILARITY,1,1,2,1,1.1413714682821923,1.0683498810231562,1.0683498810231562,0.0683498810231562,1.0,1.0036524938726775e-15,0.00011,0.289139054197145,0.1083174367080459,0.4521129060051706,0.2891394167927547,0.10831745968396847,0.4521129068514043,0.20001548205370717,0.30713990685140435,168,0.15488188730157001,0.1548818873015698,0.15488188730157018,0.00990888730157019,False,False,True,True,False,1.0683498810231564
LOWER,LOWER:P1:O1:R2,RIGID,1,1,2,-1,-1.0,0.9999999999999997,1.0000000000000002,3.3306690738754696e-16,1.0000000000000007,1.2036691816292966e-15,9e-05,1.4310818118103923,0.07096491019992213,2.2485350589566457,1.4310820376960345,0.07096762547749548,2.24853506384317,1.4778863632302686,2.10356206384317,168,0.144973,0.14497299999999977,0.14497300000000016,2.220446049250313e-16,False,True,True,True,False,
LOWER,LOWER:P1:O1:R2,SIMILARITY,1,1,2,-1,-7.361684892170852e-10,2.713242505227068e-05,2.713242505227068e-05,0.9999728675749477,1.0,9.76943041539428e-16,0.0,1.192554235791327,1.1921719717192871,1.1928458165793783,1.1925542898362864,1.1921720898830894,1.192845934676429,1.047581308112177,1.047872934676429,168,3.933469057102836e-06,3.933469057102834e-06,3.93346905710284e-06,0.14496906653094288,False,False,True,False,False,2.713242505227068e-05
LOWER,LOWER:P1:O1:R2,AFFINE,1,1,2,0,1.1413714675460238,1.068322748598104,1.0683770134482087,0.06837701344820868,1.0000507944347117,7.389061918302124e-16,0.00011,0.289139050614396,0.10834386915497772,0.4521243126098091,0.2891394132413025,0.1083438921252949,0.4521243134560215,0.20001548250057136,0.30715131345602154,168,0.15488188732654395,0.15487811008193755,0.15488472650075605,0.009911726500756057,False,False,True,True,False,
LOWER,LOWER:P1:O1:R3,RIGID,1,1,3,1,0.9999999999999998,0.9999999999999998,1.0,2.220446049250313e-16,1.0000000000000002,9.859841751060769e-16,8e-05,0.31008822764679395,0.17752240789480642,0.44121551229321704,0.31008847781019017,0.1775226763826704,0.4412155406691869,0.19821483250809563,0.29624254066918687,168,0.14497299999999996,0.1449729999999998,0.1449730000000001,1.942890293094024e-16,False,True,True,True,False,
LOWER,LOWER:P1:O1:R3,SIMILARITY,1,1,3,1,1.1414113984699255,1.0683685686456361,1.0683685686456363,0.06836856864563634,1.0000000000000002,9.122791710922916e-16,0.00015000000000000001,0.2890655924562004,0.10814127980348805,0.45207120769831893,0.28906594861507495,0.10814194305423554,0.4520712163100858,0.19995336503524114,0.3070982163100858,168,0.15488459650226383,0.15488459650226366,0.15488459650226402,0.00991159650226403,False,False,True,True,False,1.0683685686456363
LOWER,LOWER:P1:O1:R3,RIGID,1,1,3,-1,-0.9999999999999998,0.9999999999999999,1.0,1.1102230246251565e-16,1.0000000000000002,7.971007325321939e-16,0.0,1.4628917867058486,0.3337095808299555,2.3190119235341276,1.4628918341958992,0.33370958316170674,2.3190119359481565,1.4747753825495875,2.1740389359481567,168,0.144973,0.14497299999999974,0.1449730000000001,2.498001805406602e-16,False,True,True,False,False,
LOWER,LOWER:P1:O1:R3,SIMILARITY,1,1,3,-1,-1.1946959419382717e-10,1.0930214736857967e-05,1.093021473685797e-05,0.9999890697852631,1.0000000000000002,9.769410584207528e-16,0.0,1.1925542359408483,1.1922141030121916,1.192873828248115,1.192554289985604,1.192214221171818,1.1928739463423927,1.0475813084317587,1.0479009463423927,168,1.5845860210465104e-06,1.584586021046508e-06,1.5845860210465115e-06,0.14497141541397895,False,False,True,False,False,1.0930214736857968e-05
LOWER,LOWER:P1:O1:R3,AFFINE,1,1,3,0,1.141411398350456,1.0683576384308993,1.0683794988603732,0.0683794988603732,1.000020461714961,8.899760101839338e-16,0.00015000000000000001,0.2890655930951488,0.10813102479082527,0.4520646678013889,0.28906594925495127,0.10813168810447425,0.45206467641328035,0.19995336422597795,0.3070916764132804,168,0.1548845965063167,0.1548833395926728,0.15488606061080368,0.009913060610803687,False,False,True,True,False,
LOWER,LOWER:P1:O1:R4,RIGID,1,1,4,1,0.9999999999999998,0.9999999999999998,1.0,2.220446049250313e-16,1.0000000000000002,9.441243792779221e-16,4e-05,0.31019718947003005,0.17739168945385822,0.44136097929737117,0.3101974233407327,0.17739260777732907,0.4413614072565042,0.19837520360626085,0.29638840725650417,168,0.14497299999999996,0.1449729999999998,0.14497300000000016,1.942890293094024e-16,False,True,True,True,False,
LOWER,LOWER:P1:O1:R4,SIMILARITY,1,1,4,1,1.141323417536918,1.0683273924864596,1.0683273924864596,0.06832739248645958,1.0,1.0161878429607674e-15,0.00014000000000000001,0.28918428344256913,0.10805230960663309,0.4522052591740357,0.28918466100369644,0.10805439175268426,0.45220555200916684,0.2001215285086305,0.3072325520091669,168,0.1548786270709395,0.1548786270709393,0.15487862707093966,0.009905627070939671,False,False,True,True,False,1.0683273924864598
LOWER,LOWER:P1:O1:R4,RIGID,1,1,4,-1,-0.9999999999999998,0.9999999999999998,1.0,2.220446049250313e-16,1.0000000000000002,1.0017135210654918e-15,0.0,1.4658952007563257,0.3842159657644593,2.3223626614491284,1.465895277671718,0.38421605639884326,2.3223626997744025,1.4744727566056806,2.1773896997744027,168,0.14497299999999996,0.14497299999999974,0.14497300000000013,2.498001805406602e-16,False,True,True,False,False,
LOWER,LOWER:P1:O1:R4,SIMILARITY,1,1,4,-1,-4.1245322276825353e-10,2.0308944403101128e-05,2.030894440310113e-05,0.9999796910555969,1.0000000000000002,9.769431100892189e-16,0.0,1.1925542358697423,1.1922063934767717,1.1928845263476144,1.192554289914903,1.1922065116371623,1.192884529189275,1.0475813082798977,1.0479115291892749,168,2.94424859695078e-06,2.9442485969507756e-06,2.9442485969507824e-06,0.14497005575140304,False,False,True,False,False,2.030894440310113e-05
LOWER,LOWER:P1:O1:R4,AFFINE,1,1,4,0,1.141323417124465,1.0683070835420567,1.068347701430863,0.0683477014308631,1.0000380207989183,1.071520809160792e-15,0.00014000000000000001,0.2891842834165175,0.10805604061804946,0.45219214215286074,0.2891846609911907,0.10805812269220867,0.45219243499648637,0.20012152732648114,0.3072194349964864,168,0.15487862708493216,0.1548763844497885,0.15488140047955645,0.009908400479556462,False,False,True,True,False,
LOWER,LOWER:P1:O1:R5,RIGID,1,1,5,1,0.9999999999999996,0.9999999999999994,1.0,5.551115123125783e-16,1.0000000000000007,1.0576941265519437e-15,0.0,0.3102642753699502,0.17766697798684686,0.44121841992711197,0.31026451749729633,0.17766769491954137,0.4412186216529725,0.19834485681444558,0.2962456216529725,168,0.14497299999999996,0.14497299999999977,0.14497300000000016,2.220446049250313e-16,False,True,True,False,False,
LOWER,LOWER:P1:O1:R5,SIMILARITY,1,1,5,1,1.141316563563431,1.0683241846759022,1.0683241846759022,0.06832418467590218,1.0,1.0793112950857022e-15,0.0,0.2892737208703605,0.10833092446593665,0.45208685585904795,0.28927401808848185,0.10833210025975205,0.45208705273530136,0.20007653699403896,0.30711405273530135,168,0.15487816202501956,0.15487816202501942,0.15487816202501967,0.009905162025019676,False,False,True,False,False,1.0683241846759024
LOWER,LOWER:P1:O1:R5,RIGID,1,1,5,-1,-0.9999999999999996,0.9999999999999998,0.9999999999999999,2.220446049250313e-16,1.0000000000000002,9.670100947452093e-16,0.0,1.470560148843316,0.17936519024142852,2.3093601127918633,1.4705601917018845,0.17936520914014992,2.3093601131288084,1.474015732020057,2.1643871131288086,168,0.14497299999999996,0.1449729999999998,0.1449730000000001,1.942890293094024e-16,False,True,True,False,False,
LOWER,LOWER:P1:O1:R5,SIMILARITY,1,1,5,-1,-3.2863484792629096e-10,1.8128288609967854e-05,1.8128288609967854e-05,0.9999818717113901,1.0,9.769421889812937e-16,0.0,1.1925542358901824,1.1921997060944938,1.1928597614223795,1.1925542899348405,1.1921998242555472,1.1928598795180498,1.047581308323383,1.0478868795180498,168,2.6281123846528696e-06,2.628112384652866e-06,2.628112384652872e-06,0.14497037188761533,False,False,True,False,False,1.8128288609967857e-05
LOWER,LOWER:P1:O1:R5,AFFINE,1,1,5,0,1.1413165632347975,1.0683060563872928,1.0683423129645127,0.06834231296451265,1.0000339383803012,8.725560369635063e-16,0.0,0.2892737188952844,0.10833978044304038,0.4520793351862917,0.28927401610356773,0.10834095614074438,0.4520793930584581,0.20007653748293766,0.3071063930584581,168,0.15487816203616878,0.15487680389330635,0.15488078963861782,0.009907789638617825,False,False,True,False,False,
LOWER,LOWER:P1:O1:R6,RIGID,1,1,6,1,0.9999999999999996,0.9999999999999996,1.0,4.440892098500626e-16,1.0000000000000004,1.0280540987035902e-15,0.0,0.3102350705456416,0.17782549107009446,0.44112425361508417,0.3102353242095128,0.17782565296065292,0.44112425537904915,0.19828223023408054,0.2961512553790492,168,0.14497299999999996,0.14497299999999969,0.1449730000000001,3.0531133177191805e-16,False,True,True,False,False,
LOWER,LOWER:P1:O1:R6,SIMILARITY,1,1,6,1,1.1413473432233014,1.0683385901591784,1.0683385901591789,0.06833859015917887,1.0000000000000004,9.389222276269627e-16,0.0,0.2892312398382053,0.10847481499855935,0.45203058379940647,0.28923157135315236,0.10847508038961759,0.4520305855208115,0.2000183700100844,0.3070575855208115,168,0.15488025043114662,0.15488025043114637,0.15488025043114678,0.009907250431146791,False,False,True,False,False,1.0683385901591789
LOWER,LOWER:P1:O1:R6,RIGID,1,1,6,-1,-0.9999999999999997,0.9999999999999997,1.0,3.3306690738754696e-16,1.0000000000000004,9.678027101101074e-16,0.0,1.4571439944765285,0.2619890372224903,2.310946599797345,1.4571440398521043,0.261989050161096,2.3109466383119455,1.4753203327239186,2.1659736383119457,168,0.14497299999999994,0.14497299999999982,0.14497300000000007,1.6653345369377348e-16,False,True,True,False,False,
LOWER,LOWER:P1:O1:R6,SIMILARITY,1,1,6,-1,-1.3253219541619852e-09,3.64049715583186e-05,3.640497155831861e-05,0.9999635950284417,1.0000000000000004,9.769413929211366e-16,0.0,1.1925542356486354,1.1921902459402423,1.192849412040375,1.192554289693197,1.1921903641022331,1.1928495301370698,1.047581307806931,1.0478765301370698,168,5.277737941724122e-06,5.277737941724113e-06,5.27773794172413e-06,0.14496772226205826,False,False,True,False,False,3.640497155831861e-05
LOWER,LOWER:P1:O1:R6,AFFINE,1,1,6,0,1.141347341897982,1.0683021851876218,1.068374995130738,0.06837499513073797,1.0000681548199806,9.781968891891989e-16,0.0,0.2892312387764686,0.10844186640814787,0.4520564544353883,0.28923157026360563,0.10844213187984139,0.4520564561566948,0.20001836697014164,0.30708345615669486,168,0.1548802504761083,0.15487583525048781,0.15488496211879915,0.009911962118799161,False,False,True,False,False,
LOWER,LOWER:P1:O1:R7,RIGID,1,1,7,1,1.0000000000000002,1.0,1.0000000000000002,2.220446049250313e-16,1.0000000000000002,9.640417228563851e-16,3.0000000000000004e-05,0.31015807543622714,0.17767962268971435,0.44128835316923987,0.31015831900195495,0.1776796229409847,0.4412883562729542,0.19827271082215267,0.29631535627295424,168,0.144973,0.14497299999999974,0.14497300000000013,2.498001805406602e-16,False,True,True,True,False,
LOWER,LOWER:P1:O1:R7,SIMILARITY,1,1,7,1,1.1413714682821927,1.0683498810231564,1.0683498810231566,0.06834988102315664,1.0000000000000002,1.0061158814790807e-15,0.00011,0.289139054197145,0.10831743670804561,0.4521129060051704,0.2891394167927547,0.10831745968396818,0.4521129068514041,0.20001548205370723,0.30713990685140413,168,0.15488188730157004,0.15488188730156977,0.15488188730157018,0.00990888730157019,False,False,True,True,False,1.0683498810231564
LOWER,LOWER:P1:O1:R7,RIGID,1,1,7,-1,-1.0,1.0,1.0000000000000002,2.220446049250313e-16,1.0000000000000002,9.71512178000476e-16,9e-05,1.431081811810499,0.07096491020134983,2.2485350589573243,1.4310820376961417,0.07096762547892313,2.2485350638438484,1.4778863632302583,2.1035620638438486,168,0.144973,0.1449729999999998,0.14497300000000016,1.942890293094024e-16,False,True,True,True,False,
LOWER,LOWER:P1:O1:R7,SIMILARITY,1,1,7,-1,-7.361684892132876e-10,2.7132425052200648e-05,2.7132425052200655e-05,0.9999728675749479,1.0000000000000002,9.76941132349837e-16,0.0,1.192554235791327,1.1921719717192871,1.1928458165793783,1.1925542898362864,1.1921720898830894,1.192845934676429,1.047581308112177,1.047872934676429,168,3.9334690570926845e-06,3.933469057092682e-06,3.933469057092687e-06,0.1449690665309429,False,False,True,False,False,2.7132425052200648e-05
LOWER,LOWER:P1:O1:R7,AFFINE,1,1,7,0,1.1413714675460245,1.0683227485981046,1.0683770134482087,0.06837701344820868,1.000050794434711,8.886542594472757e-16,0.00011,0.2891390506143959,0.10834386915497739,0.45212431260980923,0.2891394132413025,0.10834389212529456,0.45212431345602155,0.2000154825005714,0.30715131345602154,168,0.15488188732654404,0.15487811008193766,0.15488472650075605,0.009911726500756057,False,False,True,True,False,
LOWER,LOWER:P1:O1:R8,RIGID,1,1,8,1,1.0000000000000002,0.9999999999999999,1.0000000000000004,4.440892098500626e-16,1.0000000000000007,9.667932939792342e-16,8e-05,0.31008822764679383,0.17752240789480608,0.4412155122932167,0.3100884778101901,0.17752267638267008,0.4412155406691865,0.19821483250809563,0.29624254066918654,168,0.14497300000000002,0.14497299999999982,0.14497300000000019,1.942890293094024e-16,False,True,True,True,False,
LOWER,LOWER:P1:O1:R8,SIMILARITY,1,1,8,1,1.141411398469926,1.0683685686456361,1.0683685686456366,0.06836856864563656,1.0000000000000004,9.649975996161688e-16,0.00015000000000000001,0.28906559245620045,0.10814127980348781,0.45207120769831854,0.28906594861507495,0.1081419430542353,0.4520712163100854,0.19995336503524114,0.3070982163100854,168,0.15488459650226383,0.1548845965022636,0.154884596502264,0.009911596502264003,False,False,True,True,False,1.0683685686456363
LOWER,LOWER:P1:O1:R8,RIGID,1,1,8,-1,-1.0000000000000002,0.9999999999999999,1.0000000000000004,4.440892098500626e-16,1.0000000000000007,1.008458739734431e-15,0.0,1.4628917867061448,0.33370958083435864,2.3190119235344944,1.4628918341961956,0.3337095831661099,2.3190119359485233,1.4747753825495582,2.1740389359485235,168,0.14497300000000002,0.14497299999999982,0.1449730000000001,1.6653345369377348e-16,False,True,True,False,False,
LOWER,LOWER:P1:O1:R8,SIMILARITY,1,1,8,-1,-1.1946959419769385e-10,1.0930214737034849e-05,1.0930214737034849e-05,0.9999890697852629,1.0,9.76942258049695e-16,0.0,1.1925542359408483,1.1922141030121916,1.192873828248115,1.192554289985604,1.192214221171818,1.1928739463423927,1.0475813084317587,1.0479009463423927,168,1.584586021072153e-06,1.5845860210721507e-06,1.5845860210721548e-06,0.14497141541397893,False,False,True,False,False,1.0930214737034847e-05
LOWER,LOWER:P1:O1:R8,AFFINE,1,1,8,0,1.141411398350456,1.0683576384308993,1.0683794988603732,0.0683794988603732,1.000020461714961,1.018609959457155e-15,0.00015000000000000001,0.28906559309514873,0.10813102479082502,0.45206466780138865,0.28906594925495127,0.108131688104474,0.4520646764132801,0.19995336422597787,0.30709167641328006,168,0.1548845965063167,0.15488333959267284,0.15488606061080373,0.009913060610803742,False,False,True,True,False,
LOWER,LOWER:P1:O1:R9,RIGID,1,1,9,1,0.9999999999999993,0.9999999999999996,1.0,4.440892098500626e-16,1.0000000000000004,9.453120386182817e-16,4e-05,0.31019718947003005,0.17739168945385844,0.44136097929737106,0.3101974233407327,0.17739260777732932,0.44136140725650413,0.19837520360626085,0.29638840725650417,168,0.14497299999999994,0.14497299999999966,0.1449730000000001,3.3306690738754696e-16,False,True,True,True,False,
LOWER,LOWER:P1:O1:R9,SIMILARITY,1,1,9,1,1.1413234175369167,1.068327392486459,1.0683273924864591,0.06832739248645914,1.0000000000000002,1.0632666269059874e-15,0.00014000000000000001,0.2891842834425693,0.10805230960663373,0.4522052591740356,0.2891846610036966,0.1080543917526849,0.45220555200916673,0.20012152850863038,0.30723255200916677,168,0.1548786270709394,0.15487862707093925,0.15487862707093958,0.009905627070939588,False,False,True,True,False,1.0683273924864594
LOWER,LOWER:P1:O1:R9,RIGID,1,1,9,-1,-0.9999999999999996,0.9999999999999997,0.9999999999999998,3.3306690738754696e-16,1.0000000000000002,9.553234695398784e-16,0.0,1.4658952007563253,0.3842159657644594,2.3223626614491284,1.465895277671718,0.3842160563988433,2.3223626997744025,1.4744727566056803,2.1773896997744027,168,0.14497299999999996,0.14497299999999974,0.1449730000000001,2.498001805406602e-16,False,True,True,False,False,
LOWER,LOWER:P1:O1:R9,SIMILARITY,1,1,9,-1,-4.1245322277176444e-10,2.030894440318756e-05,2.0308944403187563e-05,0.9999796910555968,1.0000000000000002,9.769421621154215e-16,0.0,1.192554235869742,1.1922063934767717,1.1928845263476144,1.192554289914903,1.1922065116371623,1.192884529189275,1.0475813082798977,1.0479115291892749,168,2.9442485969633105e-06,2.9442485969633066e-06,2.9442485969633134e-06,0.14497005575140304,False,False,True,False,False,2.0308944403187566e-05
LOWER,LOWER:P1:O1:R9,AFFINE,1,1,9,0,1.1413234171244646,1.068307083542057,1.0683477014308627,0.06834770143086266,1.0000380207989177,1.033453212514704e-15,0.00014000000000000001,0.2891842834165176,0.10805604061804976,0.4521921421528611,0.28918466099119094,0.10805812269220896,0.45219243499648665,0.2001215273264811,0.30721943499648663,168,0.1548786270849321,0.15487638444978857,0.1548814004795564,0.009908400479556406,False,False,True,True,False,
LOWER,LOWER:P1:O1:R10,RIGID,1,1,10,1,1.0000000000000004,1.0000000000000002,1.0000000000000004,4.440892098500626e-16,1.0000000000000002,1.1022576425991753e-15,0.0,0.31026427536995,0.1776669779868461,0.44121841992711186,0.31026451749729617,0.17766769491954063,0.4412186216529724,0.19834485681444552,0.2962456216529724,168,0.14497300000000002,0.1449729999999998,0.14497300000000019,1.942890293094024e-16,False,True,True,False,False,
LOWER,LOWER:P1:O1:R10,SIMILARITY,1,1,10,1,1.1413165635634326,1.0683241846759026,1.068324184675903,0.06832418467590307,1.0000000000000004,9.949886083071837e-16,0.0,0.2892737208703604,0.10833092446593559,0.452086855859048,0.2892740180884817,0.108332100259751,0.4520870527353014,0.2000765369940391,0.30711405273530146,168,0.15487816202501967,0.15487816202501942,0.15487816202501986,0.00990516202501987,False,False,True,False,False,1.0683241846759026
LOWER,LOWER:P1:O1:R10,RIGID,1,1,10,-1,-1.0000000000000007,1.0000000000000002,1.0000000000000004,4.440892098500626e-16,1.0000000000000002,9.088921143149235e-16,0.0,1.4705601488433009,0.17936519024039727,2.3093601127908276,1.4705601917018696,0.1793652091391187,2.309360113127773,1.4740157320200593,2.164387113127773,168,0.14497300000000002,0.14497299999999988,0.1449730000000002,2.220446049250313e-16,False,True,True,False,False,
LOWER,LOWER:P1:O1:R10,SIMILARITY,1,1,10,-1,-3.2863484792187996e-10,1.8128288609846196e-05,1.81282886098462e-05,0.9999818717113902,1.0000000000000002,9.769437930196646e-16,0.0,1.1925542358901824,1.192199706094494,1.1928597614223797,1.1925542899348405,1.1921998242555474,1.19285987951805,1.047581308323383,1.04788687951805,168,2.6281123846352327e-06,2.628112384635228e-06,2.6281123846352373e-06,0.14497037188761536,False,False,True,False,False,1.8128288609846193e-05
LOWER,LOWER:P1:O1:R10,AFFINE,1,1,10,0,1.1413165632347966,1.0683060563872924,1.068342312964512,0.06834231296451199,1.000033938380301,1.0323467698710547e-15,0.0,0.28927371889528447,0.10833978044304084,0.4520793351862914,0.28927401610356784,0.10834095614074483,0.45207939305845785,0.2000765374829376,0.3071063930584579,168,0.1548781620361687,0.15487680389330635,0.15488078963861776,0.00990778963861777,False,False,True,False,False,
LOWER,LOWER:P1:O1:R11,RIGID,1,1,11,1,0.9999999999999997,0.9999999999999994,1.0000000000000002,5.551115123125783e-16,1.0000000000000009,9.324747118288889e-16,0.0,0.31023507054564164,0.1778254910700949,0.44112425361508384,0.3102353242095128,0.17782565296065336,0.4411242553790488,0.19828223023408056,0.29615125537904885,168,0.14497299999999996,0.14497299999999982,0.14497300000000013,1.6653345369377348e-16,False,True,True,False,False,
LOWER,LOWER:P1:O1:R11,SIMILARITY,1,1,11,1,1.141347343223303,1.068338590159179,1.0683385901591795,0.06833859015917954,1.0000000000000004,9.74554592857488e-16,0.0,0.28923123983820526,0.10847481499855893,0.4520305837994063,0.28923157135315225,0.10847508038961717,0.4520305855208114,0.2000183700100845,0.3070575855208114,168,0.1548802504311467,0.1548802504311466,0.15488025043114687,0.009907250431146875,False,False,True,False,False,1.0683385901591795
LOWER,LOWER:P1:O1:R11,RIGID,1,1,11,-1,-0.9999999999999996,0.9999999999999996,1.0,4.440892098500626e-16,1.0000000000000004,9.192969283629723e-16,0.0,1.4571439944770619,0.2619890372281411,2.3109465997981196,1.4571440398526376,0.26198905016674684,2.31094663831272,1.4753203327238664,2.16597363831272,168,0.14497299999999996,0.14497299999999969,0.1449730000000001,3.0531133177191805e-16,False,True,True,False,False,
LOWER,LOWER:P1:O1:R11,SIMILARITY,1,1,11,-1,-1.3253219541260877e-09,3.640497155782558e-05,3.64049715578256e-05,0.9999635950284421,1.0000000000000007,9.7694125936795e-16,0.0,1.1925542356486356,1.1921902459402423,1.192849412040375,1.1925542896931973,1.1921903641022331,1.1928495301370698,1.047581307806931,1.0478765301370698,168,5.277737941652648e-06,5.277737941652642e-06,5.277737941652654e-06,0.14496772226205834,False,False,True,False,False,3.64049715578256e-05
LOWER,LOWER:P1:O1:R11,AFFINE,1,1,11,0,1.141347341897981,1.0683021851876213,1.0683749951307375,0.06837499513073753,1.0000681548199806,1.0010188256026766e-15,0.0,0.2892312387764688,0.10844186640814879,0.4520564544353885,0.28923157026360585,0.10844213187984231,0.45205645615669504,0.20001836697014158,0.3070834561566951,168,0.15488025047610815,0.15487583525048776,0.15488496211879893,0.00991196211879894,False,False,True,False,False,
LOWER,LOWER:P1:O1:R12,RIGID,1,1,12,1,0.9999999999999999,0.9999999999999998,1.0000000000000002,2.220446049250313e-16,1.0000000000000004,7.173343332306565e-16,3.0000000000000004e-05,0.31015807543622714,0.1776796226897143,0.44128835316923987,0.3101583190019549,0.17767962294098463,0.4412883562729542,0.19827271082215264,0.29631535627295424,168,0.144973,0.14497299999999982,0.1449730000000002,2.220446049250313e-16,False,True,True,True,False,
LOWER,LOWER:P1:O1:R12,SIMILARITY,1,1,12,1,1.1413714682821923,1.068349881023156,1.0683498810231566,0.06834988102315664,1.0000000000000007,8.60001350756793e-16,0.00011,0.2891390541971449,0.10831743670804558,0.4521129060051705,0.2891394167927547,0.10831745968396815,0.4521129068514042,0.20001548205370717,0.30713990685140424,168,0.15488188730157001,0.1548818873015698,0.15488188730157024,0.009908887301570246,False,False,True,True,False,1.0683498810231564
LOWER,LOWER:P1:O1:R12,RIGID,1,1,12,-1,-1.0,1.0,1.0000000000000002,2.220446049250313e-16,1.0000000000000002,9.48663898376768e-16,9e-05,1.4310818118105504,0.07096491020203953,2.2485350589576516,1.4310820376961932,0.0709676254796128,2.2485350638441757,1.4778863632302535,2.103562063844176,168,0.144973,0.14497299999999982,0.14497300000000007,1.6653345369377348e-16,False,True,True,True,False,
LOWER,LOWER:P1:O1:R12,SIMILARITY,1,1,12,-1,-7.361684892093122e-10,2.7132425052127403e-05,2.7132425052127424e-05,0.9999728675749479,1.0000000000000007,9.769411809630105e-16,0.0,1.192554235791327,1.1921719717192871,1.1928458165793783,1.1925542898362864,1.1921720898830894,1.192845934676429,1.047581308112177,1.047872934676429,168,3.933469057082068e-06,3.9334690570820635e-06,3.93346905708207e-06,0.1449690665309429,False,False,True,False,False,2.7132425052127414e-05
LOWER,LOWER:P1:O1:R12,AFFINE,1,1,12,0,1.1413714675460236,1.0683227485981042,1.0683770134482085,0.06837701344820846,1.0000507944347112,9.934557242278258e-16,0.00011,0.289139050614396,0.10834386915497791,0.452124312609809,0.2891394132413025,0.10834389212529509,0.4521243134560214,0.20001548250057136,0.3071513134560214,168,0.15488188732654398,0.15487811008193744,0.15488472650075596,0.009911726500755974,False,False,True,True,False,
LOWER,LOWER:P1:O1:R13,RIGID,1,1,13,1,1.0000000000000009,1.0000000000000002,1.0000000000000004,4.440892098500626e-16,1.0000000000000002,1.0397663690410798e-15,8e-05,0.31008822764679367,0.17752240789480583,0.4412155122932169,0.31008847781019,0.17752267638266986,0.4412155406691867,0.1982148325080956,0.29624254066918676,168,0.14497300000000002,0.14497299999999982,0.1449730000000002,2.220446049250313e-16,False,True,True,True,False,
LOWER,LOWER:P1:O1:R13,SIMILARITY,1,1,13,1,1.1414113984699275,1.068368568645637,1.0683685686456372,0.06836856864563723,1.0000000000000002,1.118779316937561e-15,0.00015000000000000001,0.2890655924562003,0.10814127980348691,0.45207120769831904,0.28906594861507473,0.1081419430542344,0.4520712163100859,0.19995336503524128,0.30709821631008594,168,0.15488459650226394,0.15488459650226372,0.15488459650226413,0.009911596502264142,False,False,True,True,False,1.0683685686456368
LOWER,LOWER:P1:O1:R13,RIGID,1,1,13,-1,-1.0000000000000007,1.0000000000000002,1.0000000000000004,4.440892098500626e-16,1.0000000000000002,9.630652473158118e-16,0.0,1.462891786705865,0.3337095808302051,2.319011923534149,1.4628918341959158,0.3337095831619563,2.319011935948178,1.4747753825495862,2.174038935948178,168,0.14497300000000002,0.14497299999999982,0.14497300000000024,2.498001805406602e-16,False,True,True,False,False,
LOWER,LOWER:P1:O1:R13,SIMILARITY,1,1,13,-1,-1.1946959419581313e-10,1.0930214736948812e-05,1.0930214736948816e-05,0.999989069785263,1.0000000000000002,9.769427948024495e-16,0.0,1.1925542359408483,1.1922141030121916,1.192873828248115,1.192554289985604,1.192214221171818,1.1928739463423927,1.0475813084317587,1.0479009463423927,168,1.5845860210596803e-06,1.5845860210596786e-06,1.5845860210596818e-06,0.14497141541397893,False,False,True,False,False,1.093021473694881e-05
LOWER,LOWER:P1:O1:R13,AFFINE,1,1,13,0,1.1414113983504564,1.0683576384308997,1.0683794988603732,0.0683794988603732,1.0000204617149606,1.150292391616838e-15,0.00015000000000000001,0.28906559309514873,0.10813102479082502,0.4520646678013893,0.28906594925495127,0.108131688104474,0.4520646764132808,0.19995336422597795,0.30709167641328083,168,0.15488459650631672,0.1548833395926728,0.15488606061080362,0.009913060610803631,False,False,True,True,False,
LOWER,LOWER:P1:O1:R14,RIGID,1,1,14,1,1.0000000000000002,1.0,1.0000000000000002,2.220446049250313e-16,1.0000000000000002,9.952269612181187e-16,4e-05,0.31019718947003,0.1773916894538582,0.4413609792973709,0.3101974233407325,0.17739260777732907,0.4413614072565039,0.19837520360626082,0.29638840725650395,168,0.14497300000000002,0.14497299999999985,0.14497300000000016,1.6653345369377348e-16,False,True,True,True,False,
LOWER,LOWER:P1:O1:R14,SIMILARITY,1,1,14,1,1.141323417536919,1.06832739248646,1.0683273924864602,0.06832739248646025,1.0000000000000002,9.220251726221516e-16,0.00014000000000000001,0.28918428344256897,0.10805230960663262,0.4522052591740355,0.2891846610036963,0.10805439175268379,0.4522055520091667,0.20012152850863052,0.30723255200916666,168,0.15487862707093958,0.15487862707093947,0.15487862707093977,0.009905627070939782,False,False,True,True,False,1.06832739248646
LOWER,LOWER:P1:O1:R14,RIGID,1,1,14,-1,-1.0000000000000002,0.9999999999999999,1.0,1.1102230246251565e-16,1.0000000000000002,1.0233797190757427e-15,0.0,1.4658952007560058,0.3842159657582409,2.322362661448801,1.4658952776713978,0.38421605639262485,2.3223626997740747,1.474472756605712,2.177389699774075,168,0.144973,0.14497299999999974,0.14497300000000007,2.498001805406602e-16,False,True,True,False,False,
LOWER,LOWER:P1:O1:R14,SIMILARITY,1,1,14,-1,-4.1245322276604087e-10,2.0308944403046704e-05,2.0308944403046708e-05,0.9999796910555969,1.0000000000000002,9.769416228485479e-16,0.0,1.1925542358697423,1.1922063934767715,1.1928845263476144,1.192554289914903,1.192206511637162,1.192884529189275,1.0475813082798977,1.0479115291892749,168,2.9442485969428898e-06,2.944248596942887e-06,2.944248596942895e-06,0.14497005575140304,False,False,True,False,False,2.0308944403046708e-05
LOWER,LOWER:P1:O1:R14,AFFINE,1,1,14,0,1.1413234171244653,1.068307083542057,1.0683477014308629,0.06834770143086288,1.000038020798918,8.721899170862081e-16,0.00014000000000000001,0.28918428341651753,0.10805604061804908,0.4521921421528613,0.2891846609911909,0.10805812269220828,0.4521924349964869,0.20012152732648117,0.30721943499648696,168,0.15487862708493216,0.15487638444978857,0.1548814004795564,0.009908400479556406,False,False,True,True,False,
LOWER,LOWER:P1:O-1:R0,RIGID,1,-1,0,1,1.0000000000000002,0.9999999999999999,1.0,1.1102230246251565e-16,1.0000000000000002,1.0134161098182913e-15,0.0,1.4658952007560058,0.3842159657582409,2.322362661448801,1.4658952776713978,0.38421605639262485,2.3223626997740747,1.474472756605712,2.177389699774075,168,0.144973,0.14497299999999974,0.14497300000000007,2.498001805406602e-16,False,True,True,False,False,
LOWER,LOWER:P1:O-1:R0,SIMILARITY,1,-1,0,1,4.1245322276604087e-10,2.0308944403046704e-05,2.0308944403046708e-05,0.9999796910555969,1.0000000000000002,9.76941405488985e-16,0.0,1.1925542358697423,1.1922063934767715,1.1928845263476144,1.192554289914903,1.192206511637162,1.192884529189275,1.0475813082798977,1.0479115291892749,168,2.9442485969428906e-06,2.944248596942887e-06,2.944248596942895e-06,0.14497005575140304,False,False,True,False,False,2.0308944403046708e-05
LOWER,LOWER:P1:O-1:R0,RIGID,1,-1,0,-1,-1.0000000000000002,1.0,1.0000000000000002,2.220446049250313e-16,1.0000000000000002,1.0413138073854241e-15,4e-05,0.31019718947003,0.1773916894538582,0.4413609792973709,0.3101974233407325,0.17739260777732907,0.4413614072565039,0.19837520360626082,0.29638840725650395,168,0.144973,0.14497299999999985,0.14497300000000016,1.6653345369377348e-16,False,True,True,True,False,
LOWER,LOWER:P1:O-1:R0,SIMILARITY,1,-1,0,-1,-1.141323417536919,1.06832739248646,1.0683273924864602,0.06832739248646025,1.0000000000000002,9.944543499479535e-16,0.00014000000000000001,0.28918428344256897,0.10805230960663262,0.4522052591740355,0.2891846610036963,0.10805439175268379,0.4522055520091667,0.20012152850863052,0.30723255200916666,168,0.15487862707093955,0.15487862707093947,0.15487862707093977,0.009905627070939782,False,False,True,True,False,1.06832739248646
LOWER,LOWER:P1:O-1:R0,AFFINE,1,-1,0,0,-1.1413234171244653,1.068307083542057,1.0683477014308629,0.06834770143086288,1.000038020798918,9.748012836075354e-16,0.00014000000000000001,0.28918428341651753,0.10805604061804908,0.4521921421528613,0.2891846609911909,0.10805812269220828,0.4521924349964869,0.20012152732648117,0.30721943499648696,168,0.15487862708493216,0.15487638444978857,0.1548814004795564,0.009908400479556406,False,False,True,True,False,
LOWER,LOWER:P1:O-1:R1,RIGID,1,-1,1,1,1.0000000000000007,1.0000000000000002,1.0000000000000004,4.440892098500626e-16,1.0000000000000002,9.763486139886577e-16,0.0,1.462891786705865,0.3337095808302051,2.319011923534149,1.4628918341959158,0.3337095831619563,2.319011935948178,1.4747753825495862,2.174038935948178,168,0.14497300000000002,0.14497299999999982,0.14497300000000024,2.498001805406602e-16,False,True,True,False,False,
LOWER,LOWER:P1:O-1:R1,SIMILARITY,1,-1,1,1,1.1946959419581313e-10,1.0930214736948812e-05,1.0930214736948816e-05,0.999989069785263,1.0000000000000002,9.769420654233299e-16,0.0,1.1925542359408483,1.1922141030121916,1.192873828248115,1.192554289985604,1.192214221171818,1.1928739463423927,1.0475813084317587,1.0479009463423927,168,1.5845860210596799e-06,1.5845860210596786e-06,1.5845860210596818e-06,0.14497141541397893,False,False,True,False,False,1.093021473694881e-05
LOWER,LOWER:P1:O-1:R1,RIGID,1,-1,1,-1,-1.0000000000000009,1.0000000000000002,1.0000000000000004,4.440892098500626e-16,1.0000000000000002,1.015507732059166e-15,8e-05,0.31008822764679367,0.17752240789480583,0.4412155122932169,0.31008847781019,0.17752267638266986,0.4412155406691867,0.1982148325080956,0.29624254066918676,168,0.14497300000000002,0.14497299999999982,0.1449730000000002,2.220446049250313e-16,False,True,True,True,False,
LOWER,LOWER:P1:O-1:R1,SIMILARITY,1,-1,1,-1,-1.1414113984699275,1.068368568645637,1.0683685686456372,0.06836856864563723,1.0000000000000002,1.1262509659424613e-15,0.00015000000000000001,0.2890655924562003,0.10814127980348691,0.45207120769831904,0.28906594861507473,0.1081419430542344,0.4520712163100859,0.19995336503524128,0.30709821631008594,168,0.15488459650226394,0.15488459650226372,0.15488459650226413,0.009911596502264142,False,False,True,True,False,1.0683685686456368
LOWER,LOWER:P1:O-1:R1,AFFINE,1,-1,1,0,-1.1414113983504564,1.0683576384308997,1.0683794988603732,0.0683794988603732,1.0000204617149606,1.1185646022104399e-15,0.00015000000000000001,0.28906559309514873,0.10813102479082502,0.4520646678013893,0.28906594925495127,0.108131688104474,0.4520646764132808,0.19995336422597795,0.30709167641328083,168,0.15488459650631672,0.1548833395926728,0.15488606061080362,0.009913060610803631,False,False,True,True,False,
LOWER,LOWER:P1:O-1:R2,RIGID,1,-1,2,1,1.0,1.0,1.0000000000000002,2.220446049250313e-16,1.0000000000000002,1.0136347151004044e-15,9e-05,1.4310818118105504,0.07096491020203953,2.2485350589576516,1.4310820376961932,0.0709676254796128,2.2485350638441757,1.4778863632302535,2.103562063844176,168,0.144973,0.14497299999999982,0.14497300000000007,1.6653345369377348e-16,False,True,True,True,False,
LOWER,LOWER:P1:O-1:R2,SIMILARITY,1,-1,2,1,7.361684892093122e-10,2.7132425052127403e-05,2.7132425052127424e-05,0.9999728675749479,1.0000000000000007,9.769402734539947e-16,0.0,1.192554235791327,1.1921719717192871,1.1928458165793783,1.1925542898362864,1.1921720898830894,1.192845934676429,1.047581308112177,1.047872934676429,168,3.933469057082068e-06,3.9334690570820635e-06,3.93346905708207e-06,0.1449690665309429,False,False,True,False,False,2.7132425052127414e-05
LOWER,LOWER:P1:O-1:R2,RIGID,1,-1,2,-1,-0.9999999999999999,0.9999999999999998,1.0000000000000002,2.220446049250313e-16,1.0000000000000004,8.513916953480423e-16,3.0000000000000004e-05,0.31015807543622714,0.1776796226897143,0.44128835316923987,0.3101583190019549,0.17767962294098463,0.4412883562729542,0.19827271082215264,0.29631535627295424,168,0.144973,0.14497299999999982,0.1449730000000002,2.220446049250313e-16,False,True,True,True,False,
LOWER,LOWER:P1:O-1:R2,SIMILARITY,1,-1,2,-1,-1.1413714682821923,1.068349881023156,1.0683498810231566,0.06834988102315664,1.0000000000000007,8.936389718864937e-16,0.00011,0.2891390541971449,0.10831743670804558,0.4521129060051705,0.2891394167927547,0.10831745968396815,0.4521129068514042,0.20001548205370717,0.30713990685140424,168,0.15488188730157001,0.1548818873015698,0.15488188730157024,0.009908887301570246,False,False,True,True,False,1.0683498810231564
LOWER,LOWER:P1:O-1:R2,AFFINE,1,-1,2,0,-1.1413714675460236,1.0683227485981042,1.0683770134482085,0.06837701344820846,1.0000507944347112,1.0891561163247559e-15,0.00011,0.289139050614396,0.10834386915497791,0.452124312609809,0.2891394132413025,0.10834389212529509,0.4521243134560214,0.20001548250057136,0.3071513134560214,168,0.15488188732654398,0.15487811008193744,0.15488472650075596,0.009911726500755974,False,False,True,True,False,
LOWER,LOWER:P1:O-1:R3,RIGID,1,-1,3,1,0.9999999999999996,0.9999999999999996,1.0,4.440892098500626e-16,1.0000000000000004,8.980627858330587e-16,0.0,1.4571439944770619,0.2619890372281411,2.3109465997981196,1.4571440398526376,0.26198905016674684,2.31094663831272,1.4753203327238664,2.16597363831272,168,0.14497299999999994,0.14497299999999969,0.1449730000000001,3.0531133177191805e-16,False,True,True,False,False,
LOWER,LOWER:P1:O-1:R3,SIMILARITY,1,-1,3,1,1.3253219541260877e-09,3.640497155782558e-05,3.64049715578256e-05,0.9999635950284421,1.0000000000000007,9.769413556780912e-16,0.0,1.1925542356486356,1.1921902459402423,1.192849412040375,1.1925542896931973,1.1921903641022331,1.1928495301370698,1.047581307806931,1.0478765301370698,168,5.277737941652649e-06,5.277737941652642e-06,5.277737941652654e-06,0.14496772226205834,False,False,True,False,False,3.64049715578256e-05
LOWER,LOWER:P1:O-1:R3,RIGID,1,-1,3,-1,-0.9999999999999997,0.9999999999999994,1.0000000000000002,5.551115123125783e-16,1.0000000000000009,9.23753119036617e-16,0.0,0.31023507054564164,0.1778254910700949,0.44112425361508384,0.3102353242095128,0.17782565296065336,0.4411242553790488,0.19828223023408056,0.29615125537904885,168,0.14497299999999996,0.14497299999999982,0.14497300000000013,1.6653345369377348e-16,False,True,True,False,False,
LOWER,LOWER:P1:O-1:R3,SIMILARITY,1,-1,3,-1,-1.141347343223303,1.068338590159179,1.0683385901591795,0.06833859015917954,1.0000000000000004,1.0418192488158854e-15,0.0,0.28923123983820526,0.10847481499855893,0.4520305837994063,0.28923157135315225,0.10847508038961717,0.4520305855208114,0.2000183700100845,0.3070575855208114,168,0.1548802504311467,0.1548802504311466,0.15488025043114687,0.009907250431146875,False,False,True,False,False,1.0683385901591795
LOWER,LOWER:P1:O-1:R3,AFFINE,1,-1,3,0,-1.141347341897981,1.0683021851876213,1.0683749951307375,0.06837499513073753,1.0000681548199806,9.001951746882045e-16,0.0,0.2892312387764688,0.10844186640814879,0.4520564544353885,0.28923157026360585,0.10844213187984231,0.45205645615669504,0.20001836697014158,0.3070834561566951,168,0.15488025047610818,0.15487583525048776,0.15488496211879893,0.00991196211879894,False,False,True,False,False,
LOWER,LOWER:P1:O-1:R4,RIGID,1,-1,4,1,1.0000000000000007,1.0000000000000002,1.0000000000000004,4.440892098500626e-16,1.0000000000000002,8.756032346244527e-16,0.0,1.4705601488433009,0.17936519024039727,2.3093601127908276,1.4705601917018696,0.1793652091391187,2.309360113127773,1.4740157320200593,2.164387113127773,168,0.14497300000000002,0.14497299999999988,0.1449730000000002,2.220446049250313e-16,False,True,True,False,False,
LOWER,LOWER:P1:O-1:R4,SIMILARITY,1,-1,4,1,3.2863484792187996e-10,1.8128288609846196e-05,1.81282886098462e-05,0.9999818717113902,1.0000000000000002,9.76943449136213e-16,0.0,1.1925542358901824,1.192199706094494,1.1928597614223797,1.1925542899348405,1.1921998242555474,1.19285987951805,1.047581308323383,1.04788687951805,168,2.6281123846352327e-06,2.628112384635228e-06,2.6281123846352373e-06,0.14497037188761536,False,False,True,False,False,1.8128288609846193e-05
LOWER,LOWER:P1:O-1:R4,RIGID,1,-1,4,-1,-1.0000000000000004,1.0000000000000002,1.0000000000000004,4.440892098500626e-16,1.0000000000000002,1.046492780257031e-15,0.0,0.31026427536995,0.1776669779868461,0.44121841992711186,0.31026451749729617,0.17766769491954063,0.4412186216529724,0.19834485681444552,0.2962456216529724,168,0.14497300000000002,0.1449729999999998,0.14497300000000019,1.942890293094024e-16,False,True,True,False,False,
LOWER,LOWER:P1:O-1:R4,SIMILARITY,1,-1,4,-1,-1.1413165635634326,1.0683241846759026,1.068324184675903,0.06832418467590307,1.0000000000000004,1.0068901709675567e-15,0.0,0.2892737208703604,0.10833092446593559,0.452086855859048,0.2892740180884817,0.108332100259751,0.4520870527353014,0.2000765369940391,0.30711405273530146,168,0.15487816202501964,0.15487816202501942,0.15487816202501986,0.00990516202501987,False,False,True,False,False,1.0683241846759026
LOWER,LOWER:P1:O-1:R4,AFFINE,1,-1,4,0,-1.1413165632347966,1.0683060563872924,1.068342312964512,0.06834231296451199,1.000033938380301,1.070561873699466e-15,0.0,0.28927371889528447,0.10833978044304084,0.4520793351862914,0.28927401610356784,0.10834095614074483,0.45207939305845785,0.2000765374829376,0.3071063930584579,168,0.1548781620361687,0.15487680389330635,0.15488078963861776,0.00990778963861777,False,False,True,False,False,
LOWER,LOWER:P1:O-1:R5,RIGID,1,-1,5,1,0.9999999999999996,0.9999999999999997,0.9999999999999998,3.3306690738754696e-16,1.0000000000000002,9.441374337973428e-16,0.0,1.4658952007563253,0.3842159657644594,2.3223626614491284,1.465895277671718,0.3842160563988433,2.3223626997744025,1.4744727566056803,2.1773896997744027,168,0.14497299999999996,0.14497299999999974,0.1449730000000001,2.498001805406602e-16,False,True,True,False,False,
LOWER,LOWER:P1:O-1:R5,SIMILARITY,1,-1,5,1,4.1245322277176444e-10,2.030894440318756e-05,2.0308944403187563e-05,0.9999796910555968,1.0000000000000002,9.76942006268105e-16,0.0,1.192554235869742,1.1922063934767717,1.1928845263476144,1.192554289914903,1.1922065116371623,1.192884529189275,1.0475813082798977,1.0479115291892749,168,2.9442485969633105e-06,2.9442485969633066e-06,2.9442485969633134e-06,0.14497005575140304,False,False,True,False,False,2.0308944403187566e-05
LOWER,LOWER:P1:O-1:R5,RIGID,1,-1,5,-1,-0.9999999999999993,0.9999999999999996,1.0,4.440892098500626e-16,1.0000000000000004,9.336346505519757e-16,4e-05,0.31019718947003005,0.17739168945385844,0.44136097929737106,0.3101974233407327,0.17739260777732932,0.44136140725650413,0.19837520360626085,0.29638840725650417,168,0.14497299999999994,0.14497299999999966,0.1449730000000001,3.3306690738754696e-16,False,True,True,True,False,
LOWER,LOWER:P1:O-1:R5,SIMILARITY,1,-1,5,-1,-1.1413234175369167,1.068327392486459,1.0683273924864591,0.06832739248645914,1.0000000000000002,1.0649588697835924e-15,0.00014000000000000001,0.2891842834425693,0.10805230960663373,0.4522052591740356,0.2891846610036966,0.1080543917526849,0.45220555200916673,0.20012152850863038,0.30723255200916677,168,0.1548786270709394,0.15487862707093925,0.15487862707093958,0.009905627070939588,False,False,True,True,False,1.0683273924864594
LOWER,LOWER:P1:O-1:R5,AFFINE,1,-1,5,0,-1.1413234171244646,1.068307083542057,1.0683477014308627,0.06834770143086266,1.0000380207989177,1.10966343637155e-15,0.00014000000000000001,0.2891842834165176,0.10805604061804976,0.4521921421528611,0.28918466099119094,0.10805812269220896,0.45219243499648665,0.2001215273264811,0.30721943499648663,168,0.1548786270849321,0.15487638444978857,0.1548814004795564,0.009908400479556406,False,False,True,True,False,
LOWER,LOWER:P1:O-1:R6,RIGID,1,-1,6,1,1.0000000000000002,0.9999999999999999,1.0000000000000004,4.440892098500626e-16,1.0000000000000007,9.727991641268423e-16,0.0,1.4628917867061448,0.33370958083435864,2.3190119235344944,1.4628918341961956,0.3337095831661099,2.3190119359485233,1.4747753825495582,2.1740389359485235,168,0.14497300000000002,0.14497299999999982,0.1449730000000001,1.6653345369377348e-16,False,True,True,False,False,
LOWER,LOWER:P1:O-1:R6,SIMILARITY,1,-1,6,1,1.1946959419769385e-10,1.0930214737034849e-05,1.0930214737034849e-05,0.9999890697852629,1.0,9.76942367518982e-16,0.0,1.1925542359408483,1.1922141030121916,1.192873828248115,1.192554289985604,1.192214221171818,1.1928739463423927,1.0475813084317587,1.0479009463423927,168,1.584586021072153e-06,1.5845860210721507e-06,1.5845860210721548e-06,0.14497141541397893,False,False,True,False,False,1.0930214737034847e-05
LOWER,LOWER:P1:O-1:R6,RIGID,1,-1,6,-1,-1.0000000000000002,0.9999999999999999,1.0000000000000004,4.440892098500626e-16,1.0000000000000007,9.683936642575096e-16,8e-05,0.31008822764679383,0.17752240789480608,0.4412155122932167,0.3100884778101901,0.17752267638267008,0.4412155406691865,0.19821483250809563,0.29624254066918654,168,0.14497300000000002,0.14497299999999982,0.14497300000000019,1.942890293094024e-16,False,True,True,True,False,
LOWER,LOWER:P1:O-1:R6,SIMILARITY,1,-1,6,-1,-1.141411398469926,1.0683685686456361,1.0683685686456366,0.06836856864563656,1.0000000000000004,9.588003639428604e-16,0.00015000000000000001,0.28906559245620045,0.10814127980348781,0.45207120769831854,0.28906594861507495,0.1081419430542353,0.4520712163100854,0.19995336503524114,0.3070982163100854,168,0.15488459650226383,0.1548845965022636,0.154884596502264,0.009911596502264003,False,False,True,True,False,1.0683685686456363
LOWER,LOWER:P1:O-1:R6,AFFINE,1,-1,6,0,-1.141411398350456,1.0683576384308993,1.0683794988603732,0.0683794988603732,1.000020461714961,9.93945581645821e-16,0.00015000000000000001,0.28906559309514873,0.10813102479082502,0.45206466780138865,0.28906594925495127,0.108131688104474,0.4520646764132801,0.19995336422597787,0.30709167641328006,168,0.1548845965063167,0.15488333959267284,0.15488606061080373,0.009913060610803742,False,False,True,True,False,
LOWER,LOWER:P1:O-1:R7,RIGID,1,-1,7,1,1.0,1.0,1.0000000000000002,2.220446049250313e-16,1.0000000000000002,9.747164010561254e-16,9e-05,1.431081811810499,0.07096491020134983,2.2485350589573243,1.4310820376961417,0.07096762547892313,2.2485350638438484,1.4778863632302583,2.1035620638438486,168,0.144973,0.1449729999999998,0.14497300000000016,1.942890293094024e-16,False,True,True,True,False,
LOWER,LOWER:P1:O-1:R7,SIMILARITY,1,-1,7,1,7.361684892132876e-10,2.7132425052200648e-05,2.7132425052200655e-05,0.9999728675749479,1.0000000000000002,9.769412596514777e-16,0.0,1.192554235791327,1.1921719717192871,1.1928458165793783,1.1925542898362864,1.1921720898830894,1.192845934676429,1.047581308112177,1.047872934676429,168,3.9334690570926845e-06,3.933469057092682e-06,3.933469057092687e-06,0.1449690665309429,False,False,True,False,False,2.7132425052200648e-05
LOWER,LOWER:P1:O-1:R7,RIGID,1,-1,7,-1,-1.0000000000000002,1.0,1.0000000000000002,2.220446049250313e-16,1.0000000000000002,9.72200007122105e-16,3.0000000000000004e-05,0.31015807543622714,0.17767962268971435,0.44128835316923987,0.31015831900195495,0.1776796229409847,0.4412883562729542,0.19827271082215267,0.29631535627295424,168,0.144973,0.14497299999999974,0.14497300000000013,2.498001805406602e-16,False,True,True,True,False,
LOWER,LOWER:P1:O-1:R7,SIMILARITY,1,-1,7,-1,-1.1413714682821927,1.0683498810231564,1.0683498810231566,0.06834988102315664,1.0000000000000002,9.569918013864704e-16,0.00011,0.289139054197145,0.10831743670804561,0.4521129060051704,0.2891394167927547,0.10831745968396818,0.4521129068514041,0.20001548205370723,0.30713990685140413,168,0.15488188730157004,0.15488188730156977,0.15488188730157018,0.00990888730157019,False,False,True,True,False,1.0683498810231564
LOWER,LOWER:P1:O-1:R7,AFFINE,1,-1,7,0,-1.1413714675460245,1.0683227485981046,1.0683770134482087,0.06837701344820868,1.000050794434711,9.05358620411394e-16,0.00011,0.2891390506143959,0.10834386915497739,0.45212431260980923,0.2891394132413025,0.10834389212529456,0.45212431345602155,0.2000154825005714,0.30715131345602154,168,0.154881887326544,0.15487811008193766,0.15488472650075605,0.009911726500756057,False,False,True,True,False,
LOWER,LOWER:P1:O-1:R8,RIGID,1,-1,8,1,0.9999999999999997,0.9999999999999997,1.0,3.3306690738754696e-16,1.0000000000000004,9.663932894255534e-16,0.0,1.4571439944765285,0.2619890372224903,2.310946599797345,1.4571440398521043,0.261989050161096,2.3109466383119455,1.4753203327239186,2.1659736383119457,168,0.14497299999999996,0.14497299999999982,0.14497300000000007,1.6653345369377348e-16,False,True,True,False,False,
LOWER,LOWER:P1:O-1:R8,SIMILARITY,1,-1,8,1,1.3253219541619852e-09,3.64049715583186e-05,3.640497155831861e-05,0.9999635950284417,1.0000000000000004,9.769410036964356e-16,0.0,1.1925542356486354,1.1921902459402423,1.192849412040375,1.192554289693197,1.1921903641022331,1.1928495301370698,1.047581307806931,1.0478765301370698,168,5.277737941724123e-06,5.277737941724113e-06,5.27773794172413e-06,0.14496772226205826,False,False,True,False,False,3.640497155831861e-05
LOWER,LOWER:P1:O-1:R8,RIGID,1,-1,8,-1,-0.9999999999999996,0.9999999999999996,1.0,4.440892098500626e-16,1.0000000000000004,1.0030024900016628e-15,0.0,0.3102350705456416,0.17782549107009446,0.44112425361508417,0.3102353242095128,0.17782565296065292,0.44112425537904915,0.19828223023408054,0.2961512553790492,168,0.14497299999999996,0.14497299999999969,0.1449730000000001,3.0531133177191805e-16,False,True,True,False,False,
LOWER,LOWER:P1:O-1:R8,SIMILARITY,1,-1,8,-1,-1.1413473432233014,1.0683385901591784,1.0683385901591789,0.06833859015917887,1.0000000000000004,9.249282974522894e-16,0.0,0.2892312398382053,0.10847481499855935,0.45203058379940647,0.28923157135315236,0.10847508038961759,0.4520305855208115,0.2000183700100844,0.3070575855208115,168,0.15488025043114662,0.15488025043114637,0.15488025043114678,0.009907250431146791,False,False,True,False,False,1.0683385901591789
LOWER,LOWER:P1:O-1:R8,AFFINE,1,-1,8,0,-1.141347341897982,1.0683021851876218,1.068374995130738,0.06837499513073797,1.0000681548199806,9.994225581851463e-16,0.0,0.2892312387764686,0.10844186640814787,0.4520564544353883,0.28923157026360563,0.10844213187984139,0.4520564561566948,0.20001836697014164,0.30708345615669486,168,0.1548802504761083,0.15487583525048781,0.15488496211879915,0.009911962118799161,False,False,True,False,False,
LOWER,LOWER:P1:O-1:R9,RIGID,1,-1,9,1,0.9999999999999996,0.9999999999999998,0.9999999999999999,2.220446049250313e-16,1.0000000000000002,9.853296073163363e-16,0.0,1.470560148843316,0.17936519024142852,2.3093601127918633,1.4705601917018845,0.17936520914014992,2.3093601131288084,1.474015732020057,2.1643871131288086,168,0.14497299999999996,0.1449729999999998,0.1449730000000001,1.942890293094024e-16,False,True,True,False,False,
LOWER,LOWER:P1:O-1:R9,SIMILARITY,1,-1,9,1,3.2863484792629096e-10,1.8128288609967854e-05,1.8128288609967854e-05,0.9999818717113901,1.0,9.769420396276023e-16,0.0,1.1925542358901824,1.1921997060944938,1.1928597614223795,1.1925542899348405,1.1921998242555472,1.1928598795180498,1.047581308323383,1.0478868795180498,168,2.628112384652869e-06,2.628112384652866e-06,2.628112384652872e-06,0.14497037188761533,False,False,True,False,False,1.8128288609967857e-05
LOWER,LOWER:P1:O-1:R9,RIGID,1,-1,9,-1,-0.9999999999999996,0.9999999999999994,1.0,5.551115123125783e-16,1.0000000000000007,1.0797125208674288e-15,0.0,0.3102642753699502,0.17766697798684686,0.44121841992711197,0.31026451749729633,0.17766769491954137,0.4412186216529725,0.19834485681444558,0.2962456216529725,168,0.14497299999999994,0.14497299999999977,0.14497300000000016,2.220446049250313e-16,False,True,True,False,False,
LOWER,LOWER:P1:O-1:R9,SIMILARITY,1,-1,9,-1,-1.141316563563431,1.0683241846759022,1.0683241846759022,0.06832418467590218,1.0,1.0497812614988048e-15,0.0,0.2892737208703605,0.10833092446593665,0.45208685585904795,0.28927401808848185,0.10833210025975205,0.45208705273530136,0.20007653699403896,0.30711405273530135,168,0.15487816202501956,0.15487816202501942,0.15487816202501967,0.009905162025019676,False,False,True,False,False,1.0683241846759024
LOWER,LOWER:P1:O-1:R9,AFFINE,1,-1,9,0,-1.1413165632347975,1.0683060563872928,1.0683423129645127,0.06834231296451265,1.0000339383803012,8.626418679341987e-16,0.0,0.2892737188952844,0.10833978044304038,0.4520793351862917,0.28927401610356773,0.10834095614074438,0.4520793930584581,0.20007653748293766,0.3071063930584581,168,0.15487816203616878,0.15487680389330635,0.15488078963861782,0.009907789638617825,False,False,True,False,False,
LOWER,LOWER:P1:O-1:R10,RIGID,1,-1,10,1,0.9999999999999998,0.9999999999999998,1.0,2.220446049250313e-16,1.0000000000000002,1.0583850389781602e-15,0.0,1.4658952007563257,0.3842159657644593,2.3223626614491284,1.465895277671718,0.38421605639884326,2.3223626997744025,1.4744727566056806,2.1773896997744027,168,0.14497299999999996,0.14497299999999974,0.14497300000000013,2.498001805406602e-16,False,True,True,False,False,
LOWER,LOWER:P1:O-1:R10,SIMILARITY,1,-1,10,1,4.1245322276825353e-10,2.0308944403101128e-05,2.030894440310113e-05,0.9999796910555969,1.0000000000000002,9.769426925335638e-16,0.0,1.1925542358697423,1.1922063934767717,1.1928845263476144,1.192554289914903,1.1922065116371623,1.192884529189275,1.0475813082798977,1.0479115291892749,168,2.94424859695078e-06,2.9442485969507756e-06,2.9442485969507824e-06,0.14497005575140304,False,False,True,False,False,2.030894440310113e-05
LOWER,LOWER:P1:O-1:R10,RIGID,1,-1,10,-1,-0.9999999999999998,0.9999999999999998,1.0,2.220446049250313e-16,1.0000000000000002,8.276094227575621e-16,4e-05,0.31019718947003005,0.17739168945385822,0.44136097929737117,0.3101974233407327,0.17739260777732907,0.4413614072565042,0.19837520360626085,0.29638840725650417,168,0.14497299999999996,0.1449729999999998,0.14497300000000016,1.942890293094024e-16,False,True,True,True,False,
LOWER,LOWER:P1:O-1:R10,SIMILARITY,1,-1,10,-1,-1.141323417536918,1.0683273924864596,1.0683273924864596,0.06832739248645958,1.0,1.0770994940216663e-15,0.00014000000000000001,0.28918428344256913,0.10805230960663309,0.4522052591740357,0.28918466100369644,0.10805439175268426,0.45220555200916684,0.2001215285086305,0.3072325520091669,168,0.1548786270709395,0.1548786270709393,0.15487862707093966,0.009905627070939671,False,False,True,True,False,1.0683273924864598
LOWER,LOWER:P1:O-1:R10,AFFINE,1,-1,10,0,-1.141323417124465,1.0683070835420567,1.068347701430863,0.0683477014308631,1.0000380207989183,1.2645468432787447e-15,0.00014000000000000001,0.2891842834165175,0.10805604061804946,0.45219214215286074,0.2891846609911907,0.10805812269220867,0.45219243499648637,0.20012152732648114,0.3072194349964864,168,0.15487862708493216,0.1548763844497885,0.15488140047955645,0.009908400479556462,False,False,True,True,False,
LOWER,LOWER:P1:O-1:R11,RIGID,1,-1,11,1,0.9999999999999998,0.9999999999999999,1.0,1.1102230246251565e-16,1.0000000000000002,9.363195120551938e-16,0.0,1.4628917867058486,0.3337095808299555,2.3190119235341276,1.4628918341958992,0.33370958316170674,2.3190119359481565,1.4747753825495875,2.1740389359481567,168,0.144973,0.14497299999999974,0.1449730000000001,2.498001805406602e-16,False,True,True,False,False,
LOWER,LOWER:P1:O-1:R11,SIMILARITY,1,-1,11,1,1.1946959419382717e-10,1.0930214736857967e-05,1.093021473685797e-05,0.9999890697852631,1.0000000000000002,9.769412370349149e-16,0.0,1.1925542359408483,1.1922141030121916,1.192873828248115,1.192554289985604,1.192214221171818,1.1928739463423927,1.0475813084317587,1.0479009463423927,168,1.58458602104651e-06,1.584586021046508e-06,1.5845860210465115e-06,0.14497141541397895,False,False,True,False,False,1.0930214736857968e-05
LOWER,LOWER:P1:O-1:R11,RIGID,1,-1,11,-1,-0.9999999999999998,0.9999999999999998,1.0,2.220446049250313e-16,1.0000000000000002,1.003213013552668e-15,8e-05,0.31008822764679395,0.17752240789480642,0.44121551229321704,0.31008847781019017,0.1775226763826704,0.4412155406691869,0.19821483250809563,0.29624254066918687,168,0.144973,0.1449729999999998,0.1449730000000001,1.942890293094024e-16,False,True,True,True,False,
LOWER,LOWER:P1:O-1:R11,SIMILARITY,1,-1,11,-1,-1.1414113984699255,1.0683685686456361,1.0683685686456363,0.06836856864563634,1.0000000000000002,9.128708797509817e-16,0.00015000000000000001,0.2890655924562004,0.10814127980348805,0.45207120769831893,0.28906594861507495,0.10814194305423554,0.4520712163100858,0.19995336503524114,0.3070982163100858,168,0.15488459650226383,0.15488459650226366,0.15488459650226402,0.00991159650226403,False,False,True,True,False,1.0683685686456363
LOWER,LOWER:P1:O-1:R11,AFFINE,1,-1,11,0,-1.141411398350456,1.0683576384308993,1.0683794988603732,0.0683794988603732,1.000020461714961,9.731690371390744e-16,0.00015000000000000001,0.2890655930951488,0.10813102479082527,0.4520646678013889,0.28906594925495127,0.10813168810447425,0.45206467641328035,0.19995336422597795,0.3070916764132804,168,0.1548845965063167,0.1548833395926728,0.15488606061080368,0.009913060610803687,False,False,True,True,False,
LOWER,LOWER:P1:O-1:R12,RIGID,1,-1,12,1,1.0,0.9999999999999997,1.0000000000000002,3.3306690738754696e-16,1.0000000000000007,1.1147823361896183e-15,9e-05,1.4310818118103923,0.07096491019992213,2.2485350589566457,1.4310820376960345,0.07096762547749548,2.24853506384317,1.4778863632302686,2.10356206384317,168,0.144973,0.14497299999999977,0.14497300000000016,2.220446049250313e-16,False,True,True,True,False,
LOWER,LOWER:P1:O-1:R12,SIMILARITY,1,-1,12,1,7.361684892170852e-10,2.713242505227068e-05,2.713242505227068e-05,0.9999728675749477,1.0,9.769422788486069e-16,0.0,1.192554235791327,1.1921719717192871,1.1928458165793783,1.1925542898362864,1.1921720898830894,1.192845934676429,1.047581308112177,1.047872934676429,168,3.933469057102836e-06,3.933469057102834e-06,3.93346905710284e-06,0.14496906653094288,False,False,True,False,False,2.713242505227068e-05
LOWER,LOWER:P1:O-1:R12,RIGID,1,-1,12,-1,-0.9999999999999998,0.9999999999999999,1.0,1.1102230246251565e-16,1.0000000000000002,9.87887513785886e-16,3.0000000000000004e-05,0.3101580754362272,0.17767962268971468,0.4412883531692401,0.31015831900195484,0.17767962294098502,0.44128835627295443,0.19827271082215264,0.29631535627295447,168,0.14497299999999996,0.1449729999999997,0.14497300000000016,2.7755575615628914e-16,False,True,True,True,False,
LOWER,LOWER:P1:O-1:R12,SIMILARITY,1,-1,12,-1,-1.1413714682821923,1.0683498810231562,1.0683498810231562,0.0683498810231562,1.0,1.021516290736775e-15,0.00011,0.289139054197145,0.1083174367080459,0.4521129060051706,0.2891394167927547,0.10831745968396847,0.4521129068514043,0.20001548205370717,0.30713990685140435,168,0.15488188730157001,0.1548818873015698,0.15488188730157018,0.00990888730157019,False,False,True,True,False,1.0683498810231564
LOWER,LOWER:P1:O-1:R12,AFFINE,1,-1,12,0,-1.1413714675460238,1.068322748598104,1.0683770134482087,0.06837701344820868,1.0000507944347117,7.151678657539797e-16,0.00011,0.289139050614396,0.10834386915497772,0.4521243126098091,0.2891394132413025,0.1083438921252949,0.4521243134560215,0.20001548250057136,0.30715131345602154,168,0.15488188732654398,0.15487811008193755,0.15488472650075605,0.009911726500756057,False,False,True,True,False,
LOWER,LOWER:P1:O-1:R13,RIGID,1,-1,13,1,1.0,0.9999999999999997,1.0000000000000002,3.3306690738754696e-16,1.0000000000000007,9.80400099513117e-16,0.0,1.4571439944768143,0.26198903722551437,2.3109465997977603,1.4571440398523903,0.2619890501641201,2.3109466383123607,1.475320332723891,2.165973638312361,168,0.144973,0.14497299999999977,0.14497300000000016,2.220446049250313e-16,False,True,True,False,False,
LOWER,LOWER:P1:O-1:R13,SIMILARITY,1,-1,13,1,1.3253219541398412e-09,3.6404971558014466e-05,3.640497155801448e-05,0.999963595028442,1.0000000000000004,9.769387831756474e-16,0.0,1.1925542356486354,1.1921902459402425,1.192849412040375,1.1925542896931973,1.1921903641022336,1.1928495301370698,1.047581307806931,1.0478765301370698,168,5.277737941680032e-06,5.277737941680027e-06,5.277737941680038e-06,0.1449677222620583,False,False,True,False,False,3.640497155801447e-05
LOWER,LOWER:P1:O-1:R13,RIGID,1,-1,13,-1,-1.0,0.9999999999999999,1.0000000000000002,2.220446049250313e-16,1.0000000000000004,9.518077726699571e-16,0.0,0.3102350705456416,0.1778254910700947,0.44112425361508406,0.3102353242095128,0.17782565296065317,0.44112425537904904,0.19828223023408054,0.29615125537904907,168,0.144973,0.14497299999999985,0.14497300000000019,1.942890293094024e-16,False,True,True,False,False,
LOWER,LOWER:P1:O-1:R13,SIMILARITY,1,-1,13,-1,-1.1413473432233028,1.068338590159179,1.0683385901591795,0.06833859015917954,1.0000000000000004,1.0341730416886152e-15,0.0,0.28923123983820526,0.10847481499855914,0.4520305837994064,0.28923157135315225,0.10847508038961738,0.45203058552081143,0.2000183700100845,0.3070575855208114,168,0.1548802504311467,0.15488025043114653,0.15488025043114687,0.009907250431146875,False,False,True,False,False,1.0683385901591793
LOWER,LOWER:P1:O-1:R13,AFFINE,1,-1,13,0,-1.1413473418979816,1.0683021851876215,1.0683749951307377,0.06837499513073775,1.0000681548199806,8.885210150531555e-16,0.0,0.28923123877646867,0.10844186640814811,0.4520564544353883,0.28923157026360574,0.10844213187984163,0.4520564561566948,0.20001836697014158,0.30708345615669486,168,0.15488025047610823,0.1548758352504878,0.15488496211879915,0.009911962118799161,False,False,True,False,False,
LOWER,LOWER:P1:O-1:R14,RIGID,1,-1,14,1,0.9999999999999998,1.0,1.0,0.0,1.0,9.04712716231125e-16,0.0,1.4705601488433044,0.1793651902406353,2.3093601127910666,1.4705601917018725,0.17936520913935672,2.3093601131280117,1.4740157320200586,2.164387113128012,168,0.144973,0.14497299999999977,0.14497300000000016,2.220446049250313e-16,False,True,True,False,False,
LOWER,LOWER:P1:O-1:R14,SIMILARITY,1,-1,14,1,3.2863484792153203e-10,1.8128288609836588e-05,1.812828860983659e-05,0.9999818717113902,1.0000000000000002,9.76939515297699e-16,0.0,1.1925542358901824,1.1921997060944938,1.1928597614223795,1.1925542899348405,1.1921998242555472,1.1928598795180498,1.047581308323383,1.0478868795180498,168,2.6281123846338397e-06,2.628112384633837e-06,2.6281123846338427e-06,0.14497037188761536,False,False,True,False,False,1.812828860983659e-05
LOWER,LOWER:P1:O-1:R14,RIGID,1,-1,14,-1,-0.9999999999999998,0.9999999999999999,1.0,1.1102230246251565e-16,1.0000000000000002,9.894565125905608e-16,0.0,0.31026427536995016,0.1776669779868466,0.4412184199271121,0.31026451749729617,0.17766769491954112,0.4412186216529726,0.19834485681444555,0.29624562165297263,168,0.144973,0.14497299999999982,0.14497300000000013,1.6653345369377348e-16,False,True,True,False,False,
LOWER,LOWER:P1:O-1:R14,SIMILARITY,1,-1,14,-1,-1.1413165635634304,1.0683241846759017,1.068324184675902,0.06832418467590196,1.0000000000000002,1.007004066930234e-15,0.0,0.2892737208703606,0.10833092446593678,0.4520868558590479,0.2892740180884819,0.10833210025975219,0.4520870527353013,0.2000765369940389,0.30711405273530135,168,0.1548781620250195,0.15487816202501928,0.15487816202501967,0.009905162025019676,False,False,True,False,False,1.068324184675902
LOWER,LOWER:P1:O-1:R14,AFFINE,1,-1,14,0,-1.1413165632347961,1.068306056387292,1.068342312964512,0.06834231296451199,1.0000339383803014,1.1291366228728731e-15,0.0,0.2892737188952846,0.10833978044304146,0.45207933518629173,0.2892740161035679,0.10834095614074546,0.4520793930584582,0.20007653748293755,0.3071063930584582,168,0.15487816203616867,0.15487680389330613,0.15488078963861776,0.00990778963861777,False,False,True,False,False,
UPPER,UPPER:P0:O1:R0,RIGID,0,1,0,1,1.0,1.0,1.0,0.0,1.0,5.413894776642741e-16,3.0000000000000004e-05,0.3101928286523783,0.1774092066019143,0.4412457858599722,0.3101930986688629,0.17740933703086734,0.4412458039034167,0.19829915529708622,0.2962728039034167,168,0.14497300000000002,0.14497299999999982,0.14497300000000016,1.6653345369377348e-16,False,True,True,True,False,
UPPER,UPPER:P0:O1:R0,SIMILARITY,0,1,0,1,1.141363527367245,1.0683461645774015,1.0683461645774022,0.06834616457740217,1.0000000000000007,6.146344849109875e-16,5e-05,0.2891861859074085,0.10805083512874292,0.4521433707843342,0.2891864980408117,0.10805101131245512,0.4521433832535022,0.2000342246930398,0.3071703832535022,168,0.15488134851727967,0.1548813485172795,0.15488134851727978,0.009908348517279786,False,False,True,True,False,1.0683461645774017
UPPER,UPPER:P0:O1:R0,RIGID,0,1,0,-1,-1.0000000000000002,0.9999999999999999,1.0000000000000004,4.440892098500626e-16,1.0000000000000007,8.542378120916894e-16,1e-05,1.4705375698095444,0.17826145704680788,2.308627586599074,1.470537613854237,0.1782614648081771,2.308627598572334,1.4740151640587558,2.163654598572334,168,0.14497300000000002,0.14497299999999982,0.14497300000000016,1.6653345369377348e-16,False,True,True,True,False,
UPPER,UPPER:P0:O1:R0,SIMILARITY,0,1,0,-1,-7.217716829006965e-10,2.6865808807863895e-05,2.6865808807863912e-05,0.9999731341911922,1.0000000000000007,5.841110649993428e-16,0.0,1.1925592552110638,1.192234009241237,1.1929126773066014,1.1925593145770428,1.1922340344401863,1.1929127024912147,1.0475863303661475,1.0479397024912147,168,3.894816900302454e-06,3.894816900302449e-06,3.894816900302456e-06,0.1449691051830997,False,False,True,False,False,2.6865808807863902e-05
UPPER,UPPER:P0:O1:R0,AFFINE,0,1,0,0,1.1413635266454727,1.0683192987685934,1.0683730303862096,0.06837303038620957,1.0000502954666064,7.265979045273392e-16,5e-05,0.289186182726047,0.1080646921184004,0.45211885169300137,0.2891864948715855,0.10806486827952086,0.4521188641628456,0.20003422490444503,0.3071458641628456,168,0.15488134854176577,0.15487936332580157,0.15488524308776,0.009912243087760009,False,False,True,True,False,
UPPER,UPPER:P0:O1:R1,RIGID,0,1,1,1,1.0000000000000004,1.0,1.0000000000000002,2.220446049250313e-16,1.0000000000000002,7.184977011436563e-16,0.0,0.31021653059539284,0.1775626077219475,0.44124459462403054,0.3102167402961521,0.17756267641436693,0.44124470408375943,0.19836859800442286,0.29627170408375947,168,0.14497300000000002,0.14497299999999988,0.14497300000000019,1.942890293094024e-16,False,True,True,False,False,
UPPER,UPPER:P0:O1:R1,SIMILARITY,0,1,1,1,1.1413317331697268,1.0683312843728423,1.0683312843728423,0.0683312843728423,1.0,5.232662818416477e-16,0.0,0.2892120878847126,0.10821927338019027,0.4520980151532414,0.28921232714668144,0.10821938608840524,0.45209812198519456,0.20010735075672262,0.3071251219851946,168,0.15487919128938404,0.15487919128938388,0.15487919128938424,0.009906191289384247,False,False,True,False,False,1.068331284372842
UPPER,UPPER:P0:O1:R1,RIGID,0,1,1,-1,-1.0000000000000002,1.0,1.0000000000000004,4.440892098500626e-16,1.0000000000000004,5.962038450420433e-16,0.0,1.469281150911036,0.3349493466642694,2.3248806180135158,1.4692811991457737,0.3349493466643909,2.3248806869506766,1.4741349718058754,2.179907686950677,168,0.14497300000000002,0.14497299999999985,0.1449730000000001,1.3877787807814457e-16,False,True,True,False,False,
UPPER,UPPER:P0:O1:R1,SIMILARITY,0,1,1,-1,-1.0022859317290289e-09,3.165889972391698e-05,3.165889972391698e-05,0.9999683411002761,1.0,5.84109938534957e-16,0.0,1.1925592551429733,1.1922240989509867,1.1928825924314483,1.192559314509238,1.1922241241501454,1.192882617616697,1.0475863302207662,1.0479096176166969,168,4.5896856696754155e-06,4.58968566967541e-06,4.5896856696754206e-06,0.1449684103143303,False,False,True,False,False,3.165889972391697e-05
UPPER,UPPER:P0:O1:R1,AFFINE,0,1,1,0,1.1413317321674412,1.0682996254731183,1.0683629432725665,0.06836294327256653,1.0000592697010637,5.90964124321804e-16,0.0,0.28921208677140975,0.10822767591845786,0.4521257919196916,0.28921232602304975,0.10822778861792245,0.45212589874508147,0.2001073486758538,0.30715289874508145,168,0.1548791913233871,0.15487595613284327,0.15488362829810082,0.009910628298100826,False,False,True,False,False,
UPPER,UPPER:P0:O1:R2,RIGID,0,1,2,1,0.9999999999999999,0.9999999999999999,1.0,1.1102230246251565e-16,1.0000000000000002,5.2818690766975e-16,0.0,0.3101872944053991,0.17748247220463334,0.4413636718861929,0.3101875132054849,0.1774833957973953,0.44136367394236603,0.19830599997997048,0.29639067394236607,168,0.144973,0.1449729999999998,0.14497300000000016,1.942890293094024e-16,False,True,True,False,False,
UPPER,UPPER:P0:O1:R2,SIMILARITY,0,1,2,1,1.1413625143733903,1.0683456904829027,1.0683456904829027,0.06834569048290273,1.0,6.189449443640458e-16,0.0,0.289169572570715,0.10812459323085725,0.4522271168745552,0.2891698388551892,0.10812610926711815,0.4522271188813347,0.20004921838723583,0.3072541188813347,168,0.15488127978637783,0.15488127978637764,0.154881279786378,0.00990827978637801,False,False,True,False,False,1.0683456904829027
UPPER,UPPER:P0:O1:R2,RIGID,0,1,2,-1,-1.0,0.9999999999999997,1.0000000000000002,3.3306690738754696e-16,1.0000000000000007,5.233715701344485e-16,2e-05,1.456170596889103,0.25142878391020396,2.309666965645766,1.4561707103795922,0.251428784683125,2.309666965703175,1.475431840860647,2.1646939657031754,168,0.144973,0.14497299999999982,0.14497300000000013,1.6653345369377348e-16,False,True,True,True,False,
UPPER,UPPER:P0:O1:R2,SIMILARITY,0,1,2,-1,-4.5518147584491664e-10,2.1334982443042164e-05,2.1334982443042164e-05,0.999978665017557,1.0,5.841038523438443e-16,0.0,1.1925592552755497,1.1922130785948275,1.1928738027839378,1.1925593146422802,1.1922131037942194,1.192873827969372,1.047586330504202,1.047900827969372,168,3.092996409715151e-06,3.092996409715148e-06,3.0929964097151557e-06,0.14496990700359028,False,False,True,False,False,2.1334982443042164e-05
UPPER,UPPER:P0:O1:R2,AFFINE,0,1,2,0,1.1413625139182082,1.0683243555004593,1.0683670254653457,0.06836702546534568,1.0000399410204088,5.959881257115523e-16,0.0,0.2891695687725013,0.10814281176082517,0.45224206114399507,0.2891698350432213,0.10814432754168708,0.45224206315070825,0.20004921983463053,0.30726906315070823,168,0.1548812798018197,0.1548786740007763,0.15488402572384974,0.009911025723849748,False,False,True,False,False,
UPPER,UPPER:P0:O1:R3,RIGID,0,1,3,1,1.0000000000000004,1.0,1.0000000000000004,4.440892098500626e-16,1.0000000000000004,5.212511512021326e-16,2e-05,0.31015365585311366,0.17789103707825116,0.44112094792421663,0.3101539336623446,0.17789103782362709,0.4411209482248047,0.19819666938005956,0.2961479482248047,168,0.14497300000000002,0.14497299999999988,0.14497300000000027,2.7755575615628914e-16,False,True,True,True,False,
UPPER,UPPER:P0:O1:R3,SIMILARITY,0,1,3,1,1.1414115784757657,1.068368652888957,1.0683686528889578,0.06836865288895777,1.0000000000000007,4.2684875915403626e-16,3.0000000000000004e-05,0.28914089741239635,0.10850980558852907,0.4520075478152811,0.2891412161926086,0.10850980877204476,0.452007548579522,0.1999281729271142,0.30703454857952206,168,0.1548846087152708,0.15488460871527063,0.154884608715271,0.009911608715270998,False,False,True,True,False,1.068368652888957
UPPER,UPPER:P0:O1:R3,RIGID,0,1,3,-1,-1.0000000000000007,1.0,1.0000000000000004,4.440892098500626e-16,1.0000000000000004,5.390214937256553e-16,0.0,1.4329691299941099,0.1318239604237404,2.203786125158181,1.432969218144075,0.1318239604760961,2.2037861251582,1.4777060717947306,2.0588131251582,168,0.14497300000000002,0.14497299999999985,0.14497300000000019,1.942890293094024e-16,False,True,True,False,False,
UPPER,UPPER:P0:O1:R3,SIMILARITY,0,1,3,-1,-6.822418759027413e-10,2.6119760257374855e-05,2.6119760257374865e-05,0.9999738802397427,1.0000000000000004,5.841084297668721e-16,0.0,1.1925592552207647,1.192232255059877,1.1928734250839934,1.1925593145870954,1.1922322802588634,1.1928734502694354,1.0475863303865658,1.0479004502694353,168,3.7866600037924056e-06,3.786660003792398e-06,3.7866600037924103e-06,0.1449692133399962,False,False,True,False,False,2.611976025737485e-05
UPPER,UPPER:P0:O1:R3,AFFINE,0,1,3,0,1.141411577793522,1.0683425331286993,1.068394772649214,0.06839477264921401,1.000048897726052,6.704856191733177e-16,3.0000000000000004e-05,0.28914089631535267,0.10853602227938602,0.45200604517642556,0.2891412151055619,0.10853602546213274,0.45200604594066907,0.1999281717430669,0.30703304594066905,168,0.15488460873841475,0.15488086414716157,0.1548869686212127,0.009913968621212715,False,False,True,True,False,
UPPER,UPPER:P0:O1:R4,RIGID,0,1,4,1,0.9999999999999992,0.9999999999999996,0.9999999999999997,4.440892098500626e-16,1.0000000000000002,4.704737934122725e-16,0.00011,0.31020738572186235,0.17767126322229607,0.4412630269850429,0.31020777562844165,0.17767473879552007,0.44126304062465627,0.19832843724110855,0.29629004062465625,168,0.14497299999999994,0.14497299999999969,0.1449730000000001,3.0531133177191805e-16,False,True,True,True,False,
UPPER,UPPER:P0:O1:R4,SIMILARITY,0,1,4,1,1.1413488708179995,1.0683393050983379,1.068339305098338,0.06833930509833808,1.0000000000000002,6.045434182046429e-16,0.00035000000000000005,0.2891911931928614,0.10831980335431261,0.45216422976212567,0.2891922561610081,0.1083282320687035,0.45216436500098556,0.20007269593951077,0.30719136500098554,168,0.15488035407802134,0.1548803540780212,0.15488035407802148,0.009907354078021485,False,False,True,True,False,1.0683393050983383
UPPER,UPPER:P0:O1:R4,RIGID,0,1,4,-1,-0.9999999999999992,0.9999999999999996,0.9999999999999997,4.440892098500626e-16,1.0000000000000002,4.981966630259706e-16,0.0,1.4306011898116586,0.07302763299102256,2.2268697618246294,1.4306013302023135,0.07302885618209327,2.2268697673019178,1.4779434469570136,2.081896767301918,168,0.14497299999999994,0.14497299999999982,0.14497300000000013,1.6653345369377348e-16,False,True,True,False,False,
UPPER,UPPER:P0:O1:R4,SIMILARITY,0,1,4,-1,-3.8475052004919086e-10,1.961505850231376e-05,1.961505850231376e-05,0.9999803849414977,1.0,5.841069383728882e-16,0.0,1.1925592552926796,1.1922032002673424,1.1928629139330018,1.192559314659422,1.192203225466943,1.1928629391186658,1.047586330540688,1.0478899391186658,168,2.8436538762559322e-06,2.843653876255929e-06,2.843653876255935e-06,0.14497015634612373,False,False,True,False,False,1.9615058502313766e-05
UPPER,UPPER:P0:O1:R4,AFFINE,0,1,4,0,1.1413488704332508,1.0683196900398364,1.068358920156841,0.06835892015684109,1.0000367213273054,6.189944901888991e-16,0.00035000000000000005,0.2891911948004475,0.10831377284736139,0.45214641327928484,0.2891922578059015,0.10832220203099514,0.45214654852347363,0.2000726936361467,0.30717354852347367,168,0.15488035409107398,0.15487757576231895,0.15488226812404016,0.009909268124040166,False,False,True,True,False,
UPPER,UPPER:P0:O1:R5,RIGID,0,1,5,1,1.0000000000000004,1.0,1.0000000000000004,4.440892098500626e-16,1.0000000000000004,5.809364616253387e-16,3.0000000000000004e-05,0.31019282865237835,0.17740920660191428,0.441245785859972,0.3101930986688629,0.1774093370308673,0.4412458039034165,0.19829915529708622,0.2962728039034165,168,0.14497300000000002,0.14497299999999985,0.14497300000000013,1.3877787807814457e-16,False,True,True,True,False,
UPPER,UPPER:P0:O1:R5,SIMILARITY,0,1,5,1,1.1413635273672464,1.0683461645774024,1.0683461645774026,0.06834616457740261,1.0000000000000002,7.485743835647587e-16,5e-05,0.2891861859074084,0.10805083512874221,0.45214337078433414,0.2891864980408115,0.10805101131245441,0.4521433832535021,0.2000342246930399,0.3071703832535021,168,0.15488134851727975,0.15488134851727947,0.15488134851727992,0.009908348517279925,False,False,True,True,False,1.0683461645774024
UPPER,UPPER:P0:O1:R5,RIGID,0,1,5,-1,-1.0000000000000004,1.0000000000000002,1.0000000000000004,4.440892098500626e-16,1.0000000000000002,6.438085373126067e-16,1e-05,1.470537569809548,0.17826145704705396,2.3086275865995294,1.4705376138542405,0.17826146480842314,2.308627598572789,1.474015164058755,2.1636545985727893,168,0.14497300000000002,0.14497299999999977,0.14497300000000024,2.498001805406602e-16,False,True,True,True,False,
UPPER,UPPER:P0:O1:R5,SIMILARITY,0,1,5,-1,-7.217716829108483e-10,2.6865808808052804e-05,2.686580880805281e-05,0.9999731341911919,1.0000000000000002,5.841010433315054e-16,0.0,1.1925592552110638,1.1922340092412371,1.1929126773066017,1.192559314577043,1.1922340344401865,1.192912702491215,1.0475863303661475,1.047939702491215,168,3.894816900329839e-06,3.894816900329835e-06,3.894816900329844e-06,0.14496910518309966,False,False,True,False,False,2.68658088080528e-05
UPPER,UPPER:P0:O1:R5,AFFINE,0,1,5,0,1.1413635266454745,1.0683192987685943,1.0683730303862102,0.06837303038621023,1.0000502954666062,4.906688265934946e-16,5e-05,0.2891861827260469,0.1080646921183995,0.45211885169300137,0.2891864948715853,0.10806486827951994,0.4521188641628456,0.20003422490444514,0.3071458641628456,168,0.15488134854176588,0.15487936332580154,0.15488524308776006,0.009912243087760064,False,False,True,True,False,
UPPER,UPPER:P0:O1:R6,RIGID,0,1,6,1,1.0000000000000002,1.0000000000000002,1.0000000000000002,2.220446049250313e-16,1.0,5.503003966050726e-16,0.0,0.31021653059539284,0.1775626077219475,0.4412445946240305,0.31021674029615215,0.17756267641436693,0.4412447040837594,0.19836859800442286,0.29627170408375936,168,0.14497300000000002,0.14497299999999985,0.14497300000000019,1.942890293094024e-16,False,True,True,False,False,
UPPER,UPPER:P0:O1:R6,SIMILARITY,0,1,6,1,1.1413317331697266,1.0683312843728423,1.0683312843728423,0.0683312843728423,1.0,5.375972492844016e-16,0.0,0.28921208788471264,0.1082192733801903,0.4520980151532413,0.28921232714668144,0.10821938608840528,0.45209812198519445,0.20010735075672262,0.3071251219851945,168,0.15487919128938404,0.15487919128938385,0.15487919128938424,0.009906191289384247,False,False,True,False,False,1.068331284372842
UPPER,UPPER:P0:O1:R6,RIGID,0,1,6,-1,-1.0000000000000002,1.0,1.0000000000000002,2.220446049250313e-16,1.0000000000000002,5.758333898263898e-16,0.0,1.4692811509110968,0.33494934666229126,2.3248806180135264,1.4692811991458348,0.3349493466624128,2.3248806869506873,1.4741349718058696,2.1799076869506875,168,0.14497300000000002,0.14497299999999985,0.14497300000000019,1.942890293094024e-16,False,True,True,False,False,
UPPER,UPPER:P0:O1:R6,SIMILARITY,0,1,6,-1,-1.0022859317213305e-09,3.165889972379532e-05,3.1658899723795325e-05,0.9999683411002762,1.0000000000000002,5.841090778452945e-16,0.0,1.1925592551429733,1.1922240989509867,1.1928825924314481,1.192559314509238,1.1922241241501454,1.1928826176166967,1.0475863302207662,1.0479096176166967,168,4.5896856696577785e-06,4.589685669657773e-06,4.589685669657785e-06,0.14496841031433033,False,False,True,False,False,3.165889972379532e-05
UPPER,UPPER:P0:O1:R6,AFFINE,0,1,6,0,1.1413317321674412,1.0682996254731185,1.0683629432725665,0.06836294327256653,1.0000592697010635,5.177518063492607e-16,0.0,0.2892120867714097,0.10822767591845764,0.4521257919196917,0.2892123260230497,0.10822778861792222,0.4521258987450816,0.20010734867585384,0.30715289874508156,168,0.1548791913233871,0.15487595613284338,0.15488362829810084,0.009910628298100854,False,False,True,False,False,
UPPER,UPPER:P0:O1:R7,RIGID,0,1,7,1,1.0000000000000004,1.0,1.0000000000000004,4.440892098500626e-16,1.0000000000000004,5.76027510513843e-16,0.0,0.31018729440539894,0.17748247220463328,0.44136367188619324,0.3101875132054848,0.17748339579739525,0.44136367394236636,0.19830599997997048,0.2963906739423664,168,0.14497300000000002,0.14497299999999985,0.14497300000000016,1.6653345369377348e-16,False,True,True,False,False,
UPPER,UPPER:P0:O1:R7,SIMILARITY,0,1,7,1,1.141362514373391,1.0683456904829027,1.0683456904829032,0.06834569048290318,1.0000000000000004,5.491945933287483e-16,0.0,0.2891695725707149,0.10812459323085695,0.4522271168745555,0.2891698388551891,0.10812610926711784,0.45222711888133504,0.2000492183872359,0.307254118881335,168,0.1548812797863779,0.15488127978637764,0.15488127978637806,0.009908279786378066,False,False,True,False,False,1.0683456904829027
UPPER,UPPER:P0:O1:R7,RIGID,0,1,7,-1,-1.0000000000000004,1.0,1.0000000000000002,2.220446049250313e-16,1.0000000000000002,5.648900794591055e-16,2e-05,1.4561705968888163,0.2514287839073071,2.3096669656453415,1.4561707103793056,0.25142878468022817,2.3096669657027507,1.475431840860675,2.164693965702751,168,0.14497300000000002,0.14497299999999982,0.14497300000000024,2.498001805406602e-16,False,True,True,True,False,
UPPER,UPPER:P0:O1:R7,SIMILARITY,0,1,7,-1,-4.55181475854207e-10,2.1334982443259865e-05,2.1334982443259875e-05,0.9999786650175567,1.0000000000000004,5.8410876815276215e-16,0.0,1.1925592552755497,1.1922130785948273,1.192873802783938,1.1925593146422802,1.1922131037942192,1.1928738279693722,1.047586330504202,1.0479008279693722,168,3.0929964097467128e-06,3.09299640974671e-06,3.0929964097467157e-06,0.14496990700359025,False,False,True,False,False,2.1334982443259865e-05
UPPER,UPPER:P0:O1:R7,AFFINE,0,1,7,0,1.141362513918209,1.0683243555004596,1.068367025465346,0.0683670254653459,1.0000399410204088,5.655979060079857e-16,0.0,0.28916956877250116,0.10814281176082463,0.4522420611439949,0.28916983504322125,0.10814432754168653,0.4522420631507081,0.20004921983463064,0.3072690631507081,168,0.15488127980181976,0.1548786740007763,0.15488402572384963,0.009911025723849637,False,False,True,False,False,
UPPER,UPPER:P0:O1:R8,RIGID,0,1,8,1,0.9999999999999993,0.9999999999999996,0.9999999999999998,4.440892098500626e-16,1.0000000000000002,6.371729215291931e-16,2e-05,0.3101536558531139,0.17789103707825152,0.44112094792421674,0.31015393366234484,0.17789103782362742,0.44112094822480485,0.19819666938005967,0.29614794822480484,168,0.14497299999999996,0.14497299999999969,0.14497300000000013,3.0531133177191805e-16,False,True,True,True,False,
UPPER,UPPER:P0:O1:R8,SIMILARITY,0,1,8,1,1.1414115784757628,1.068368652888956,1.0683686528889562,0.06836865288895622,1.0000000000000002,6.233989228634334e-16,3.0000000000000004e-05,0.2891408974123966,0.10850980558853025,0.45200754781528085,0.28914121619260885,0.10850980877204594,0.4520075485795218,0.199928172927114,0.30703454857952184,168,0.15488460871527063,0.15488460871527046,0.1548846087152708,0.009911608715270803,False,False,True,True,False,1.0683686528889564
UPPER,UPPER:P0:O1:R8,RIGID,0,1,8,-1,-0.9999999999999994,0.9999999999999997,0.9999999999999999,3.3306690738754696e-16,1.0000000000000002,4.96316804426771e-16,0.0,1.432969129994208,0.1318239604264571,2.2037861251572077,1.4329692181441733,0.1318239604788128,2.2037861251572264,1.4777060717947204,2.0588131251572266,168,0.14497299999999994,0.1449729999999997,0.1449730000000001,2.7755575615628914e-16,False,True,True,False,False,
UPPER,UPPER:P0:O1:R8,SIMILARITY,0,1,8,-1,-6.822418758901956e-10,2.6119760257134724e-05,2.611976025713473e-05,0.9999738802397429,1.0000000000000002,5.841103617249529e-16,0.0,1.1925592552207647,1.1922322550598767,1.1928734250839934,1.1925593145870954,1.1922322802588632,1.1928734502694354,1.0475863303865658,1.0479004502694353,168,3.7866600037575926e-06,3.7866600037575875e-06,3.786660003757598e-06,0.14496921333999624,False,False,True,False,False,2.6119760257134734e-05
UPPER,UPPER:P0:O1:R8,AFFINE,0,1,8,0,1.1414115777935228,1.0683425331286995,1.0683947726492145,0.06839477264921445,1.0000488977260522,6.69569201249725e-16,3.0000000000000004e-05,0.28914089631535267,0.1085360222793861,0.4520060451764261,0.2891412151055619,0.10853602546213281,0.4520060459406696,0.19992817174306698,0.3070330459406696,168,0.1548846087384148,0.15488086414716157,0.1548869686212127,0.009913968621212715,False,False,True,True,False,
UPPER,UPPER:P0:O1:R9,RIGID,0,1,9,1,1.0,0.9999999999999998,1.0,2.220446049250313e-16,1.0000000000000002,5.24745654585139e-16,0.00011,0.3102073857218622,0.17767126322229573,0.4412630269850431,0.3102077756284415,0.17767473879551973,0.4412630406246565,0.1983284372411085,0.29629004062465647,168,0.144973,0.14497299999999982,0.14497300000000016,1.6653345369377348e-16,False,True,True,True,False,
UPPER,UPPER:P0:O1:R9,SIMILARITY,0,1,9,1,1.1413488708180008,1.0683393050983383,1.0683393050983385,0.06833930509833852,1.0000000000000002,6.204741765630714e-16,0.00035000000000000005,0.28919119319286124,0.10831980335431238,0.4521642297621258,0.28919225616100785,0.10832823206870326,0.4521643650009856,0.20007269593951085,0.30719136500098565,168,0.1548803540780214,0.15488035407802123,0.1548803540780216,0.009907354078021596,False,False,True,True,False,1.0683393050983385
UPPER,UPPER:P0:O1:R9,RIGID,0,1,9,-1,-1.0,1.0,1.0,0.0,1.0,5.869803293704507e-16,0.0,1.4306011898116096,0.07302763298988434,2.226869761825209,1.4306013302022642,0.07302885618095506,2.2268697673024973,1.477943446957019,2.0818967673024975,168,0.144973,0.14497299999999982,0.14497300000000016,1.6653345369377348e-16,False,True,True,False,False,
UPPER,UPPER:P0:O1:R9,SIMILARITY,0,1,9,-1,-3.847505200471514e-10,1.9615058502261735e-05,1.9615058502261735e-05,0.9999803849414978,1.0,5.841081803457983e-16,0.0,1.1925592552926798,1.1922032002673424,1.1928629139330018,1.192559314659422,1.192203225466943,1.1928629391186658,1.047586330540688,1.0478899391186658,168,2.8436538762483902e-06,2.8436538762483886e-06,2.8436538762483924e-06,0.14497015634612373,False,False,True,False,False,1.961505850226174e-05
UPPER,UPPER:P0:O1:R9,AFFINE,0,1,9,0,1.1413488704332506,1.0683196900398364,1.0683589201568409,0.06835892015684086,1.0000367213273051,6.59171944488376e-16,0.00035000000000000005,0.2891911948004475,0.10831377284736139,0.45214641327928506,0.2891922578059016,0.10832220203099514,0.4521465485234739,0.20007269363614671,0.3071735485234739,168,0.15488035409107392,0.15487757576231884,0.15488226812404013,0.009909268124040138,False,False,True,True,False,
UPPER,UPPER:P0:O1:R10,RIGID,0,1,10,1,1.0,0.9999999999999998,1.0000000000000002,2.220446049250313e-16,1.0000000000000004,5.393447592735513e-16,3.0000000000000004e-05,0.31019282865237846,0.17740920660191434,0.4412457858599723,0.31019309866886285,0.17740933703086736,0.44124580390341683,0.19829915529708625,0.2962728039034168,168,0.144973,0.1449729999999998,0.1449730000000001,1.942890293094024e-16,False,True,True,True,False,
UPPER,UPPER:P0:O1:R10,SIMILARITY,0,1,10,1,1.1413635273672447,1.0683461645774015,1.068346164577402,0.06834616457740195,1.0000000000000004,4.937108766621438e-16,5e-05,0.2891861859074085,0.10805083512874306,0.4521433707843344,0.28918649804081176,0.10805101131245527,0.4521433832535024,0.2000342246930398,0.30717038325350243,168,0.15488134851727967,0.15488134851727944,0.15488134851727975,0.009908348517279758,False,False,True,True,False,1.0683461645774017
UPPER,UPPER:P0:O1:R10,RIGID,0,1,10,-1,-1.0,0.9999999999999997,1.0000000000000002,3.3306690738754696e-16,1.0000000000000007,5.493105033915613e-16,1e-05,1.470537569809552,0.17826145704735444,2.308627586600084,1.4705376138542448,0.17826146480872362,2.3086275985733438,1.474015164058755,2.163654598573344,168,0.144973,0.14497299999999982,0.14497300000000027,2.7755575615628914e-16,False,True,True,True,False,
UPPER,UPPER:P0:O1:R10,SIMILARITY,0,1,10,-1,-7.217716828955372e-10,2.686580880776785e-05,2.6865808807767866e-05,0.9999731341911923,1.0000000000000007,5.841088713565226e-16,0.0,1.1925592552110638,1.1922340092412371,1.1929126773066012,1.192559314577043,1.1922340344401865,1.1929127024912145,1.0475863303661475,1.0479397024912145,168,3.894816900288529e-06,3.894816900288523e-06,3.894816900288533e-06,0.1449691051830997,False,False,True,False,False,2.686580880776786e-05
UPPER,UPPER:P0:O1:R10,AFFINE,0,1,10,0,1.1413635266454734,1.0683192987685939,1.0683730303862098,0.06837303038620979,1.0000502954666062,4.2803756421890444e-16,5e-05,0.2891861827260469,0.10806469211840035,0.4521188516930016,0.2891864948715854,0.10806486827952079,0.4521188641628458,0.20003422490444506,0.30714586416284584,168,0.1548813485417658,0.15487936332580157,0.15488524308776003,0.009912243087760036,False,False,True,True,False,
UPPER,UPPER:P0:O1:R11,RIGID,0,1,11,1,1.0,1.0,1.0,0.0,1.0,5.305381292996426e-16,0.0,0.3102165305953929,0.1775626077219475,0.44124459462403054,0.31021674029615215,0.17756267641436693,0.44124470408375943,0.19836859800442289,0.29627170408375947,168,0.144973,0.1449729999999998,0.14497300000000007,1.942890293094024e-16,False,True,True,False,False,
UPPER,UPPER:P0:O1:R11,SIMILARITY,0,1,11,1,1.141331733169727,1.0683312843728423,1.0683312843728425,0.06833128437284253,1.0000000000000002,5.91263423119293e-16,0.0,0.2892120878847126,0.10821927338019006,0.45209801515324133,0.2892123271466814,0.10821938608840503,0.4520981219851945,0.20010735075672265,0.3071251219851945,168,0.15487919128938404,0.1548791912893839,0.15487919128938418,0.009906191289384192,False,False,True,False,False,1.0683312843728423
UPPER,UPPER:P0:O1:R11,RIGID,0,1,11,-1,-1.0000000000000002,1.0,1.0000000000000002,2.220446049250313e-16,1.0000000000000002,5.618994625395087e-16,0.0,1.4692811509111385,0.3349493466609238,2.3248806180135335,1.4692811991458763,0.3349493466610453,2.3248806869506944,1.4741349718058654,2.1799076869506946,168,0.14497300000000002,0.14497299999999988,0.14497300000000013,1.3877787807814457e-16,False,True,True,False,False,
UPPER,UPPER:P0:O1:R11,SIMILARITY,0,1,11,-1,-1.002285931720718e-09,3.165889972378572e-05,3.165889972378573e-05,0.9999683411002762,1.0000000000000002,5.841075220540915e-16,0.0,1.1925592551429736,1.1922240989509865,1.1928825924314481,1.1925593145092381,1.1922241241501454,1.1928826176166967,1.0475863302207662,1.0479096176166967,168,4.589685669656388e-06,4.589685669656383e-06,4.589685669656392e-06,0.14496841031433033,False,False,True,False,False,3.165889972378572e-05
UPPER,UPPER:P0:O1:R11,AFFINE,0,1,11,0,1.1413317321674405,1.068299625473118,1.0683629432725663,0.06836294327256631,1.0000592697010637,6.026230932648077e-16,0.0,0.2892120867714098,0.10822767591845806,0.4521257919196915,0.2892123260230498,0.10822778861792264,0.45212589874508136,0.20010734867585378,0.30715289874508134,168,0.15487919132338704,0.15487595613284322,0.15488362829810084,0.009910628298100854,False,False,True,False,False,
UPPER,UPPER:P0:O1:R12,RIGID,0,1,12,1,1.0000000000000002,0.9999999999999998,1.0000000000000002,2.220446049250313e-16,1.0000000000000004,6.943831017559421e-16,0.0,0.3101872944053991,0.17748247220463337,0.4413636718861929,0.31018751320548493,0.17748339579739533,0.44136367394236603,0.19830599997997048,0.29639067394236607,168,0.144973,0.14497299999999982,0.14497300000000016,1.6653345369377348e-16,False,True,True,False,False,
UPPER,UPPER:P0:O1:R12,SIMILARITY,0,1,12,1,1.1413625143733905,1.0683456904829027,1.068345690482903,0.06834569048290295,1.0000000000000002,5.886126068875742e-16,0.0,0.289169572570715,0.1081245932308572,0.452227116874555,0.28916983885518915,0.10812610926711809,0.45222711888133454,0.20004921838723586,0.3072541188813346,168,0.15488127978637786,0.15488127978637764,0.154881279786378,0.00990827978637801,False,False,True,False,False,1.0683456904829027
UPPER,UPPER:P0:O1:R12,RIGID,0,1,12,-1,-1.0000000000000002,1.0,1.0000000000000002,2.220446049250313e-16,1.0000000000000002,5.677489345801537e-16,2e-05,1.456170596889089,0.2514287839100644,2.3096669656457456,1.4561707103795782,0.25142878468298546,2.3096669657031548,1.4754318408606484,2.164693965703155,168,0.14497300000000002,0.14497299999999982,0.14497300000000016,1.6653345369377348e-16,False,True,True,True,False,
UPPER,UPPER:P0:O1:R12,SIMILARITY,0,1,12,-1,-4.551814758553002e-10,2.1334982443285476e-05,2.133498244328548e-05,0.9999786650175567,1.0000000000000002,5.841056616596585e-16,0.0,1.19255925527555,1.1922130785948273,1.1928738027839378,1.1925593146422802,1.1922131037942192,1.192873827969372,1.0475863305042021,1.047900827969372,168,3.092996409750425e-06,3.0929964097504223e-06,3.0929964097504287e-06,0.14496990700359025,False,False,True,False,False,2.1334982443285476e-05
UPPER,UPPER:P0:O1:R12,AFFINE,0,1,12,0,1.1413625139182089,1.0683243555004593,1.0683670254653461,0.06836702546534612,1.0000399410204093,4.869670104658531e-16,0.0,0.2891695687725012,0.10814281176082462,0.45224206114399507,0.28916983504322125,0.10814432754168653,0.45224206315070825,0.20004921983463056,0.30726906315070823,168,0.15488127980181976,0.1548786740007763,0.15488402572384966,0.009911025723849665,False,False,True,False,False,
UPPER,UPPER:P0:O1:R13,RIGID,0,1,13,1,1.0000000000000002,1.0,1.0000000000000002,2.220446049250313e-16,1.0000000000000002,3.8827324012512523e-16,2e-05,0.31015365585311366,0.1778910370782514,0.4411209479242165,0.31015393366234467,0.1778910378236273,0.44112094822480463,0.1981966693800596,0.2961479482248046,168,0.14497300000000002,0.14497299999999982,0.14497300000000013,1.6653345369377348e-16,False,True,True,True,False,
UPPER,UPPER:P0:O1:R13,SIMILARITY,0,1,13,1,1.1414115784757648,1.0683686528889569,1.068368652888957,0.0683686528889571,1.0000000000000002,6.743357499857559e-16,3.0000000000000004e-05,0.2891408974123964,0.10850980558852942,0.4520075478152808,0.28914121619260863,0.10850980877204511,0.45200754857952175,0.19992817292711412,0.3070345485795217,168,0.15488460871527077,0.15488460871527052,0.15488460871527088,0.009911608715270886,False,False,True,True,False,1.0683686528889569
UPPER,UPPER:P0:O1:R13,RIGID,0,1,13,-1,-1.0000000000000004,1.0,1.0000000000000004,4.440892098500626e-16,1.0000000000000004,5.394947420569282e-16,0.0,1.4329691299941425,0.13182396042464586,2.2037861251578565,1.4329692181441076,0.13182396047700157,2.203786125157875,1.477706071794727,2.0588131251578754,168,0.14497300000000002,0.1449729999999998,0.14497300000000019,1.942890293094024e-16,False,True,True,False,False,
UPPER,UPPER:P0:O1:R13,SIMILARITY,0,1,13,-1,-6.822418759014009e-10,2.6119760257349234e-05,2.6119760257349247e-05,0.9999738802397427,1.0000000000000004,5.841073061727438e-16,0.0,1.1925592552207647,1.192232255059877,1.1928734250839934,1.1925593145870954,1.1922322802588634,1.1928734502694354,1.0475863303865658,1.0479004502694353,168,3.786660003788691e-06,3.7866600037886867e-06,3.786660003788694e-06,0.1449692133399962,False,False,True,False,False,2.6119760257349237e-05
UPPER,UPPER:P0:O1:R13,AFFINE,0,1,13,0,1.1414115777935228,1.0683425331286998,1.0683947726492142,0.06839477264921423,1.0000488977260518,7.5247881972590295e-16,3.0000000000000004e-05,0.28914089631535267,0.10853602227938619,0.4520060451764261,0.2891412151055618,0.10853602546213291,0.4520060459406696,0.19992817174306698,0.3070330459406696,168,0.1548846087384148,0.15488086414716132,0.15488696862121282,0.009913968621212826,False,False,True,True,False,
UPPER,UPPER:P0:O1:R14,RIGID,0,1,14,1,0.9999999999999993,0.9999999999999996,0.9999999999999998,4.440892098500626e-16,1.0000000000000002,5.6855517914094e-16,0.00011,0.3102073857218623,0.17767126322229615,0.441263026985043,0.3102077756284416,0.17767473879552015,0.4412630406246564,0.19832843724110852,0.29629004062465636,168,0.14497299999999994,0.1449729999999998,0.14497300000000013,1.942890293094024e-16,False,True,True,True,False,
UPPER,UPPER:P0:O1:R14,SIMILARITY,0,1,14,1,1.1413488708179997,1.0683393050983379,1.068339305098338,0.06833930509833808,1.0000000000000002,6.126384322529713e-16,0.00035000000000000005,0.28919119319286135,0.1083198033543128,0.45216422976212567,0.289192256161008,0.10832823206870368,0.45216436500098556,0.20007269593951077,0.30719136500098554,168,0.15488035407802134,0.15488035407802114,0.1548803540780215,0.009907354078021513,False,False,True,True,False,1.0683393050983383
UPPER,UPPER:P0:O1:R14,RIGID,0,1,14,-1,-0.9999999999999993,0.9999999999999994,1.0,5.551115123125783e-16,1.0000000000000007,5.411553267322052e-16,0.0,1.4306011898113504,0.07302763298391943,2.226869761828245,1.430601330202005,0.07302885617499025,2.2268697673055335,1.4779434469570443,2.0818967673055337,168,0.14497299999999994,0.14497299999999977,0.14497300000000016,2.220446049250313e-16,False,True,True,False,False,
UPPER,UPPER:P0:O1:R14,SIMILARITY,0,1,14,-1,-3.8475052004322565e-10,1.9615058502161687e-05,1.9615058502161687e-05,0.9999803849414979,1.0,5.841063299048893e-16,0.0,1.1925592552926796,1.1922032002673426,1.1928629139330016,1.192559314659422,1.1922032254669432,1.1928629391186656,1.0475863305406878,1.0478899391186656,168,2.843653876233886e-06,2.843653876233882e-06,2.84365387623389e-06,0.14497015634612376,False,False,True,False,False,1.9615058502161694e-05
UPPER,UPPER:P0:O1:R14,AFFINE,0,1,14,0,1.1413488704332508,1.0683196900398368,1.0683589201568409,0.06835892015684086,1.0000367213273047,5.042785914629866e-16,0.00035000000000000005,0.28919119480044747,0.10831377284736142,0.4521464132792855,0.2891922578059015,0.10832220203099517,0.45214654852347436,0.20007269363614674,0.30717354852347434,168,0.15488035409107398,0.15487757576231884,0.15488226812404013,0.009909268124040138,False,False,True,True,False,
UPPER,UPPER:P0:O-1:R0,RIGID,0,-1,0,1,0.9999999999999993,0.9999999999999994,1.0,5.551115123125783e-16,1.0000000000000007,4.913771890593507e-16,0.0,1.4306011898113504,0.07302763298391943,2.226869761828245,1.430601330202005,0.07302885617499025,2.2268697673055335,1.4779434469570443,2.0818967673055337,168,0.14497299999999994,0.14497299999999977,0.14497300000000016,2.220446049250313e-16,False,True,True,False,False,
UPPER,UPPER:P0:O-1:R0,SIMILARITY,0,-1,0,1,3.8475052004322565e-10,1.9615058502161687e-05,1.9615058502161687e-05,0.9999803849414979,1.0,5.841077520438422e-16,0.0,1.1925592552926796,1.1922032002673426,1.1928629139330016,1.192559314659422,1.1922032254669432,1.1928629391186656,1.0475863305406878,1.0478899391186656,168,2.843653876233886e-06,2.843653876233882e-06,2.84365387623389e-06,0.14497015634612376,False,False,True,False,False,1.9615058502161694e-05
UPPER,UPPER:P0:O-1:R0,RIGID,0,-1,0,-1,-0.9999999999999993,0.9999999999999996,0.9999999999999998,4.440892098500626e-16,1.0000000000000002,5.777751891344997e-16,0.00011,0.3102073857218623,0.17767126322229615,0.441263026985043,0.3102077756284416,0.17767473879552015,0.4412630406246564,0.19832843724110852,0.29629004062465636,168,0.14497299999999994,0.1449729999999998,0.14497300000000013,1.942890293094024e-16,False,True,True,True,False,
UPPER,UPPER:P0:O-1:R0,SIMILARITY,0,-1,0,-1,-1.1413488708179997,1.0683393050983379,1.068339305098338,0.06833930509833808,1.0000000000000002,5.894223786361886e-16,0.00035000000000000005,0.28919119319286135,0.1083198033543128,0.45216422976212567,0.289192256161008,0.10832823206870368,0.45216436500098556,0.20007269593951077,0.30719136500098554,168,0.15488035407802134,0.15488035407802114,0.1548803540780215,0.009907354078021513,False,False,True,True,False,1.0683393050983383
UPPER,UPPER:P0:O-1:R0,AFFINE,0,-1,0,0,-1.1413488704332508,1.0683196900398368,1.0683589201568409,0.06835892015684086,1.0000367213273047,5.052061192550859e-16,0.00035000000000000005,0.28919119480044747,0.10831377284736142,0.4521464132792855,0.2891922578059015,0.10832220203099517,0.45214654852347436,0.20007269363614674,0.30717354852347434,168,0.15488035409107395,0.15487757576231884,0.15488226812404013,0.009909268124040138,False,False,True,True,False,
UPPER,UPPER:P0:O-1:R1,RIGID,0,-1,1,1,1.0000000000000004,1.0,1.0000000000000004,4.440892098500626e-16,1.0000000000000004,5.366548156795065e-16,0.0,1.4329691299941425,0.13182396042464586,2.2037861251578565,1.4329692181441076,0.13182396047700157,2.203786125157875,1.477706071794727,2.0588131251578754,168,0.14497300000000002,0.1449729999999998,0.14497300000000019,1.942890293094024e-16,False,True,True,False,False,
UPPER,UPPER:P0:O-1:R1,SIMILARITY,0,-1,1,1,6.822418759014009e-10,2.6119760257349234e-05,2.6119760257349247e-05,0.9999738802397427,1.0000000000000004,5.841077326210273e-16,0.0,1.1925592552207647,1.192232255059877,1.1928734250839934,1.1925593145870954,1.1922322802588634,1.1928734502694354,1.0475863303865658,1.0479004502694353,168,3.786660003788691e-06,3.7866600037886867e-06,3.786660003788694e-06,0.1449692133399962,False,False,True,False,False,2.6119760257349237e-05
UPPER,UPPER:P0:O-1:R1,RIGID,0,-1,1,-1,-1.0000000000000002,1.0,1.0000000000000002,2.220446049250313e-16,1.0000000000000002,5.080503704090225e-16,2e-05,0.31015365585311366,0.1778910370782514,0.4411209479242165,0.31015393366234467,0.1778910378236273,0.44112094822480463,0.1981966693800596,0.2961479482248046,168,0.14497300000000002,0.14497299999999982,0.14497300000000013,1.6653345369377348e-16,False,True,True,True,False,
UPPER,UPPER:P0:O-1:R1,SIMILARITY,0,-1,1,-1,-1.1414115784757648,1.0683686528889569,1.068368652888957,0.0683686528889571,1.0000000000000002,6.986042327659456e-16,3.0000000000000004e-05,0.2891408974123964,0.10850980558852942,0.4520075478152808,0.28914121619260863,0.10850980877204511,0.45200754857952175,0.19992817292711412,0.3070345485795217,168,0.15488460871527077,0.15488460871527052,0.15488460871527088,0.009911608715270886,False,False,True,True,False,1.0683686528889569
UPPER,UPPER:P0:O-1:R1,AFFINE,0,-1,1,0,-1.1414115777935228,1.0683425331286998,1.0683947726492142,0.06839477264921423,1.0000488977260518,8.14319957098383e-16,3.0000000000000004e-05,0.28914089631535267,0.10853602227938619,0.4520060451764261,0.2891412151055618,0.10853602546213291,0.4520060459406696,0.19992817174306698,0.3070330459406696,168,0.1548846087384148,0.15488086414716132,0.15488696862121282,0.009913968621212826,False,False,True,True,False,
UPPER,UPPER:P0:O-1:R2,RIGID,0,-1,2,1,1.0000000000000002,1.0,1.0000000000000002,2.220446049250313e-16,1.0000000000000002,5.995217157674705e-16,2e-05,1.456170596889089,0.2514287839100644,2.3096669656457456,1.4561707103795782,0.25142878468298546,2.3096669657031548,1.4754318408606484,2.164693965703155,168,0.144973,0.14497299999999982,0.14497300000000016,1.6653345369377348e-16,False,True,True,True,False,
UPPER,UPPER:P0:O-1:R2,SIMILARITY,0,-1,2,1,4.551814758553002e-10,2.1334982443285476e-05,2.133498244328548e-05,0.9999786650175567,1.0000000000000002,5.841053401915851e-16,0.0,1.19255925527555,1.1922130785948273,1.1928738027839378,1.1925593146422802,1.1922131037942192,1.192873827969372,1.0475863305042021,1.047900827969372,168,3.092996409750425e-06,3.0929964097504223e-06,3.0929964097504287e-06,0.14496990700359025,False,False,True,False,False,2.1334982443285476e-05
UPPER,UPPER:P0:O-1:R2,RIGID,0,-1,2,-1,-1.0000000000000002,0.9999999999999998,1.0000000000000002,2.220446049250313e-16,1.0000000000000004,7.500088231162314e-16,0.0,0.3101872944053991,0.17748247220463337,0.4413636718861929,0.31018751320548493,0.17748339579739533,0.44136367394236603,0.19830599997997048,0.29639067394236607,168,0.14497300000000002,0.14497299999999982,0.14497300000000016,1.6653345369377348e-16,False,True,True,False,False,
UPPER,UPPER:P0:O-1:R2,SIMILARITY,0,-1,2,-1,-1.1413625143733905,1.0683456904829027,1.068345690482903,0.06834569048290295,1.0000000000000002,6.481304099122522e-16,0.0,0.289169572570715,0.1081245932308572,0.452227116874555,0.28916983885518915,0.10812610926711809,0.45222711888133454,0.20004921838723586,0.3072541188813346,168,0.15488127978637783,0.15488127978637764,0.154881279786378,0.00990827978637801,False,False,True,False,False,1.0683456904829027
UPPER,UPPER:P0:O-1:R2,AFFINE,0,-1,2,0,-1.1413625139182089,1.0683243555004593,1.0683670254653461,0.06836702546534612,1.0000399410204093,5.972348008101138e-16,0.0,0.2891695687725012,0.10814281176082462,0.45224206114399507,0.28916983504322125,0.10814432754168653,0.45224206315070825,0.20004921983463056,0.30726906315070823,168,0.15488127980181976,0.1548786740007763,0.15488402572384966,0.009911025723849665,False,False,True,False,False,
UPPER,UPPER:P0:O-1:R3,RIGID,0,-1,3,1,1.0000000000000002,1.0,1.0000000000000002,2.220446049250313e-16,1.0000000000000002,5.625892525901599e-16,0.0,1.4692811509111385,0.3349493466609238,2.3248806180135335,1.4692811991458763,0.3349493466610453,2.3248806869506944,1.4741349718058654,2.1799076869506946,168,0.14497300000000002,0.14497299999999988,0.14497300000000013,1.3877787807814457e-16,False,True,True,False,False,
UPPER,UPPER:P0:O-1:R3,SIMILARITY,0,-1,3,1,1.002285931720718e-09,3.165889972378572e-05,3.165889972378573e-05,0.9999683411002762,1.0000000000000002,5.841070584885845e-16,0.0,1.1925592551429736,1.1922240989509865,1.1928825924314481,1.1925593145092381,1.1922241241501454,1.1928826176166967,1.0475863302207662,1.0479096176166967,168,4.589685669656388e-06,4.589685669656383e-06,4.589685669656392e-06,0.14496841031433033,False,False,True,False,False,3.165889972378572e-05
UPPER,UPPER:P0:O-1:R3,RIGID,0,-1,3,-1,-1.0,1.0,1.0,0.0,1.0,5.204999159703705e-16,0.0,0.3102165305953929,0.1775626077219475,0.44124459462403054,0.31021674029615215,0.17756267641436693,0.44124470408375943,0.19836859800442289,0.29627170408375947,168,0.14497300000000002,0.1449729999999998,0.14497300000000007,1.942890293094024e-16,False,True,True,False,False,
UPPER,UPPER:P0:O-1:R3,SIMILARITY,0,-1,3,-1,-1.141331733169727,1.0683312843728423,1.0683312843728425,0.06833128437284253,1.0000000000000002,5.445179984713936e-16,0.0,0.2892120878847126,0.10821927338019006,0.45209801515324133,0.2892123271466814,0.10821938608840503,0.4520981219851945,0.20010735075672265,0.3071251219851945,168,0.15487919128938404,0.1548791912893839,0.15487919128938418,0.009906191289384192,False,False,True,False,False,1.0683312843728423
UPPER,UPPER:P0:O-1:R3,AFFINE,0,-1,3,0,-1.1413317321674405,1.068299625473118,1.0683629432725663,0.06836294327256631,1.0000592697010637,6.885162151386318e-16,0.0,0.2892120867714098,0.10822767591845806,0.4521257919196915,0.2892123260230498,0.10822778861792264,0.45212589874508136,0.20010734867585378,0.30715289874508134,168,0.15487919132338704,0.15487595613284322,0.15488362829810084,0.009910628298100854,False,False,True,False,False,
UPPER,UPPER:P0:O-1:R4,RIGID,0,-1,4,1,1.0,0.9999999999999997,1.0000000000000002,3.3306690738754696e-16,1.0000000000000007,5.689273396718756e-16,1e-05,1.470537569809552,0.17826145704735444,2.308627586600084,1.4705376138542448,0.17826146480872362,2.3086275985733438,1.474015164058755,2.163654598573344,168,0.144973,0.14497299999999982,0.14497300000000027,2.7755575615628914e-16,False,True,True,True,False,
UPPER,UPPER:P0:O-1:R4,SIMILARITY,0,-1,4,1,7.217716828955372e-10,2.686580880776785e-05,2.6865808807767866e-05,0.9999731341911923,1.0000000000000007,5.841091626853634e-16,0.0,1.1925592552110638,1.1922340092412371,1.1929126773066012,1.192559314577043,1.1922340344401865,1.1929127024912145,1.0475863303661475,1.0479397024912145,168,3.894816900288529e-06,3.894816900288523e-06,3.894816900288533e-06,0.1449691051830997,False,False,True,False,False,2.686580880776786e-05
UPPER,UPPER:P0:O-1:R4,RIGID,0,-1,4,-1,-1.0,0.9999999999999998,1.0000000000000002,2.220446049250313e-16,1.0000000000000004,4.892209061674013e-16,3.0000000000000004e-05,0.31019282865237846,0.17740920660191434,0.4412457858599723,0.31019309866886285,0.17740933703086736,0.44124580390341683,0.19829915529708625,0.2962728039034168,168,0.144973,0.1449729999999998,0.1449730000000001,1.942890293094024e-16,False,True,True,True,False,
UPPER,UPPER:P0:O-1:R4,SIMILARITY,0,-1,4,-1,-1.1413635273672447,1.0683461645774015,1.068346164577402,0.06834616457740195,1.0000000000000004,5.226426948063235e-16,5e-05,0.2891861859074085,0.10805083512874306,0.4521433707843344,0.28918649804081176,0.10805101131245527,0.4521433832535024,0.2000342246930398,0.30717038325350243,168,0.15488134851727967,0.15488134851727944,0.15488134851727975,0.009908348517279758,False,False,True,True,False,1.0683461645774017
UPPER,UPPER:P0:O-1:R4,AFFINE,0,-1,4,0,-1.1413635266454734,1.0683192987685939,1.0683730303862098,0.06837303038620979,1.0000502954666062,3.9458422279027776e-16,5e-05,0.2891861827260469,0.10806469211840035,0.4521188516930016,0.2891864948715854,0.10806486827952079,0.4521188641628458,0.20003422490444506,0.30714586416284584,168,0.1548813485417658,0.15487936332580157,0.15488524308776003,0.009912243087760036,False,False,True,True,False,
UPPER,UPPER:P0:O-1:R5,RIGID,0,-1,5,1,1.0,1.0,1.0,0.0,1.0,5.746970104112873e-16,0.0,1.4306011898116096,0.07302763298988434,2.226869761825209,1.4306013302022642,0.07302885618095506,2.2268697673024973,1.477943446957019,2.0818967673024975,168,0.144973,0.14497299999999982,0.14497300000000016,1.6653345369377348e-16,False,True,True,False,False,
UPPER,UPPER:P0:O-1:R5,SIMILARITY,0,-1,5,1,3.847505200471514e-10,1.9615058502261735e-05,1.9615058502261735e-05,0.9999803849414978,1.0,5.841080280393922e-16,0.0,1.1925592552926798,1.1922032002673424,1.1928629139330018,1.192559314659422,1.192203225466943,1.1928629391186658,1.047586330540688,1.0478899391186658,168,2.8436538762483902e-06,2.8436538762483886e-06,2.8436538762483924e-06,0.14497015634612373,False,False,True,False,False,1.961505850226174e-05
UPPER,UPPER:P0:O-1:R5,RIGID,0,-1,5,-1,-1.0,0.9999999999999998,1.0,2.220446049250313e-16,1.0000000000000002,5.212533854053381e-16,0.00011,0.3102073857218622,0.17767126322229573,0.4412630269850431,0.3102077756284415,0.17767473879551973,0.4412630406246565,0.1983284372411085,0.29629004062465647,168,0.144973,0.14497299999999982,0.14497300000000016,1.6653345369377348e-16,False,True,True,True,False,
UPPER,UPPER:P0:O-1:R5,SIMILARITY,0,-1,5,-1,-1.1413488708180008,1.0683393050983383,1.0683393050983385,0.06833930509833852,1.0000000000000002,6.290265669060832e-16,0.00035000000000000005,0.28919119319286124,0.10831980335431238,0.4521642297621258,0.28919225616100785,0.10832823206870326,0.4521643650009856,0.20007269593951085,0.30719136500098565,168,0.1548803540780214,0.15488035407802123,0.1548803540780216,0.009907354078021596,False,False,True,True,False,1.0683393050983385
UPPER,UPPER:P0:O-1:R5,AFFINE,0,-1,5,0,-1.1413488704332506,1.0683196900398364,1.0683589201568409,0.06835892015684086,1.0000367213273051,6.718118973923479e-16,0.00035000000000000005,0.2891911948004475,0.10831377284736139,0.45214641327928506,0.2891922578059016,0.10832220203099514,0.4521465485234739,0.20007269363614671,0.3071735485234739,168,0.15488035409107392,0.15487757576231884,0.15488226812404013,0.009909268124040138,False,False,True,True,False,
UPPER,UPPER:P0:O-1:R6,RIGID,0,-1,6,1,0.9999999999999994,0.9999999999999997,0.9999999999999999,3.3306690738754696e-16,1.0000000000000002,4.591489470206386e-16,0.0,1.432969129994208,0.1318239604264571,2.2037861251572077,1.4329692181441733,0.1318239604788128,2.2037861251572264,1.4777060717947204,2.0588131251572266,168,0.14497299999999994,0.1449729999999997,0.1449730000000001,2.7755575615628914e-16,False,True,True,False,False,
UPPER,UPPER:P0:O-1:R6,SIMILARITY,0,-1,6,1,6.822418758901956e-10,2.6119760257134724e-05,2.611976025713473e-05,0.9999738802397429,1.0000000000000002,5.841086607813382e-16,0.0,1.1925592552207647,1.1922322550598767,1.1928734250839934,1.1925593145870954,1.1922322802588632,1.1928734502694354,1.0475863303865658,1.0479004502694353,168,3.7866600037575926e-06,3.7866600037575875e-06,3.786660003757598e-06,0.14496921333999624,False,False,True,False,False,2.6119760257134734e-05
UPPER,UPPER:P0:O-1:R6,RIGID,0,-1,6,-1,-0.9999999999999993,0.9999999999999996,0.9999999999999998,4.440892098500626e-16,1.0000000000000002,5.746159474784681e-16,2e-05,0.3101536558531139,0.17789103707825152,0.44112094792421674,0.31015393366234484,0.17789103782362742,0.44112094822480485,0.19819666938005967,0.29614794822480484,168,0.14497299999999994,0.14497299999999969,0.14497300000000013,3.0531133177191805e-16,False,True,True,True,False,
UPPER,UPPER:P0:O-1:R6,SIMILARITY,0,-1,6,-1,-1.1414115784757628,1.068368652888956,1.0683686528889562,0.06836865288895622,1.0000000000000002,6.663167755133044e-16,3.0000000000000004e-05,0.2891408974123966,0.10850980558853025,0.45200754781528085,0.28914121619260885,0.10850980877204594,0.4520075485795218,0.199928172927114,0.30703454857952184,168,0.15488460871527063,0.15488460871527046,0.1548846087152708,0.009911608715270803,False,False,True,True,False,1.0683686528889564
UPPER,UPPER:P0:O-1:R6,AFFINE,0,-1,6,0,-1.1414115777935228,1.0683425331286995,1.0683947726492145,0.06839477264921445,1.0000488977260522,6.756286155602583e-16,3.0000000000000004e-05,0.28914089631535267,0.1085360222793861,0.4520060451764261,0.2891412151055619,0.10853602546213281,0.4520060459406696,0.19992817174306698,0.3070330459406696,168,0.15488460873841478,0.15488086414716157,0.1548869686212127,0.009913968621212715,False,False,True,True,False,
UPPER,UPPER:P0:O-1:R7,RIGID,0,-1,7,1,1.0000000000000004,1.0,1.0000000000000002,2.220446049250313e-16,1.0000000000000002,5.476982883043342e-16,2e-05,1.4561705968888163,0.2514287839073071,2.3096669656453415,1.4561707103793056,0.25142878468022817,2.3096669657027507,1.475431840860675,2.164693965702751,168,0.14497300000000002,0.14497299999999982,0.14497300000000024,2.498001805406602e-16,False,True,True,True,False,
UPPER,UPPER:P0:O-1:R7,SIMILARITY,0,-1,7,1,4.55181475854207e-10,2.1334982443259865e-05,2.1334982443259875e-05,0.9999786650175567,1.0000000000000004,5.841081006148444e-16,0.0,1.1925592552755497,1.1922130785948273,1.192873802783938,1.1925593146422802,1.1922131037942192,1.1928738279693722,1.047586330504202,1.0479008279693722,168,3.0929964097467128e-06,3.09299640974671e-06,3.0929964097467157e-06,0.14496990700359025,False,False,True,False,False,2.1334982443259865e-05
UPPER,UPPER:P0:O-1:R7,RIGID,0,-1,7,-1,-1.0000000000000004,1.0,1.0000000000000004,4.440892098500626e-16,1.0000000000000004,5.768215109467311e-16,0.0,0.31018729440539894,0.17748247220463328,0.44136367188619324,0.3101875132054848,0.17748339579739525,0.44136367394236636,0.19830599997997048,0.2963906739423664,168,0.14497300000000002,0.14497299999999985,0.14497300000000016,1.6653345369377348e-16,False,True,True,False,False,
UPPER,UPPER:P0:O-1:R7,SIMILARITY,0,-1,7,-1,-1.141362514373391,1.0683456904829027,1.0683456904829032,0.06834569048290318,1.0000000000000004,5.467093640646989e-16,0.0,0.2891695725707149,0.10812459323085695,0.4522271168745555,0.2891698388551891,0.10812610926711784,0.45222711888133504,0.2000492183872359,0.307254118881335,168,0.1548812797863779,0.15488127978637764,0.15488127978637806,0.009908279786378066,False,False,True,False,False,1.0683456904829027
UPPER,UPPER:P0:O-1:R7,AFFINE,0,-1,7,0,-1.141362513918209,1.0683243555004596,1.068367025465346,0.0683670254653459,1.0000399410204088,5.760457059744231e-16,0.0,0.28916956877250116,0.10814281176082463,0.4522420611439949,0.28916983504322125,0.10814432754168653,0.4522420631507081,0.20004921983463064,0.3072690631507081,168,0.15488127980181976,0.1548786740007763,0.15488402572384963,0.009911025723849637,False,False,True,False,False,
UPPER,UPPER:P0:O-1:R8,RIGID,0,-1,8,1,1.0000000000000002,1.0,1.0000000000000002,2.220446049250313e-16,1.0000000000000002,5.360461249270977e-16,0.0,1.4692811509110968,0.33494934666229126,2.3248806180135264,1.4692811991458348,0.3349493466624128,2.3248806869506873,1.4741349718058696,2.1799076869506875,168,0.144973,0.14497299999999985,0.14497300000000019,1.942890293094024e-16,False,True,True,False,False,
UPPER,UPPER:P0:O-1:R8,SIMILARITY,0,-1,8,1,1.0022859317213305e-09,3.165889972379532e-05,3.1658899723795325e-05,0.9999683411002762,1.0000000000000002,5.841097770366118e-16,0.0,1.1925592551429733,1.1922240989509867,1.1928825924314481,1.192559314509238,1.1922241241501454,1.1928826176166967,1.0475863302207662,1.0479096176166967,168,4.5896856696577785e-06,4.589685669657773e-06,4.589685669657785e-06,0.14496841031433033,False,False,True,False,False,3.165889972379532e-05
UPPER,UPPER:P0:O-1:R8,RIGID,0,-1,8,-1,-1.0000000000000002,1.0000000000000002,1.0000000000000002,2.220446049250313e-16,1.0,5.569816471361973e-16,0.0,0.31021653059539284,0.1775626077219475,0.4412445946240305,0.31021674029615215,0.17756267641436693,0.4412447040837594,0.19836859800442286,0.29627170408375936,168,0.14497300000000002,0.14497299999999985,0.14497300000000019,1.942890293094024e-16,False,True,True,False,False,
UPPER,UPPER:P0:O-1:R8,SIMILARITY,0,-1,8,-1,-1.1413317331697266,1.0683312843728423,1.0683312843728423,0.0683312843728423,1.0,5.958102817124182e-16,0.0,0.28921208788471264,0.1082192733801903,0.4520980151532413,0.28921232714668144,0.10821938608840528,0.45209812198519445,0.20010735075672262,0.3071251219851945,168,0.15487919128938404,0.15487919128938385,0.15487919128938424,0.009906191289384247,False,False,True,False,False,1.068331284372842
UPPER,UPPER:P0:O-1:R8,AFFINE,0,-1,8,0,-1.1413317321674412,1.0682996254731185,1.0683629432725665,0.06836294327256653,1.0000592697010635,6.00831095489575e-16,0.0,0.2892120867714097,0.10822767591845764,0.4521257919196917,0.2892123260230497,0.10822778861792222,0.4521258987450816,0.20010734867585384,0.30715289874508156,168,0.1548791913233871,0.15487595613284338,0.15488362829810084,0.009910628298100854,False,False,True,False,False,
UPPER,UPPER:P0:O-1:R9,RIGID,0,-1,9,1,1.0000000000000004,1.0000000000000002,1.0000000000000004,4.440892098500626e-16,1.0000000000000002,5.798802118795292e-16,1e-05,1.470537569809548,0.17826145704705396,2.3086275865995294,1.4705376138542405,0.17826146480842314,2.308627598572789,1.474015164058755,2.1636545985727893,168,0.14497300000000002,0.14497299999999977,0.14497300000000024,2.498001805406602e-16,False,True,True,True,False,
UPPER,UPPER:P0:O-1:R9,SIMILARITY,0,-1,9,1,7.217716829108483e-10,2.6865808808052804e-05,2.686580880805281e-05,0.9999731341911919,1.0000000000000002,5.841021738876672e-16,0.0,1.1925592552110638,1.1922340092412371,1.1929126773066017,1.192559314577043,1.1922340344401865,1.192912702491215,1.0475863303661475,1.047939702491215,168,3.894816900329839e-06,3.894816900329835e-06,3.894816900329844e-06,0.14496910518309966,False,False,True,False,False,2.68658088080528e-05
UPPER,UPPER:P0:O-1:R9,RIGID,0,-1,9,-1,-1.0000000000000004,1.0,1.0000000000000004,4.440892098500626e-16,1.0000000000000004,5.710481530909593e-16,3.0000000000000004e-05,0.31019282865237835,0.17740920660191428,0.441245785859972,0.3101930986688629,0.1774093370308673,0.4412458039034165,0.19829915529708622,0.2962728039034165,168,0.144973,0.14497299999999985,0.14497300000000013,1.3877787807814457e-16,False,True,True,True,False,
UPPER,UPPER:P0:O-1:R9,SIMILARITY,0,-1,9,-1,-1.1413635273672464,1.0683461645774024,1.0683461645774026,0.06834616457740261,1.0000000000000002,6.876074533767385e-16,5e-05,0.2891861859074084,0.10805083512874221,0.45214337078433414,0.2891864980408115,0.10805101131245441,0.4521433832535021,0.2000342246930399,0.3071703832535021,168,0.15488134851727975,0.15488134851727947,0.15488134851727992,0.009908348517279925,False,False,True,True,False,1.0683461645774024
UPPER,UPPER:P0:O-1:R9,AFFINE,0,-1,9,0,-1.1413635266454745,1.0683192987685943,1.0683730303862102,0.06837303038621023,1.0000502954666062,4.725228337262493e-16,5e-05,0.2891861827260469,0.1080646921183995,0.45211885169300137,0.2891864948715853,0.10806486827951994,0.4521188641628456,0.20003422490444514,0.3071458641628456,168,0.15488134854176588,0.15487936332580154,0.15488524308776006,0.009912243087760064,False,False,True,True,False,
UPPER,UPPER:P0:O-1:R10,RIGID,0,-1,10,1,0.9999999999999992,0.9999999999999996,0.9999999999999997,4.440892098500626e-16,1.0000000000000002,5.21201437703603e-16,0.0,1.4306011898116586,0.07302763299102256,2.2268697618246294,1.4306013302023135,0.07302885618209327,2.2268697673019178,1.4779434469570136,2.081896767301918,168,0.14497299999999994,0.14497299999999982,0.14497300000000013,1.6653345369377348e-16,False,True,True,False,False,
UPPER,UPPER:P0:O-1:R10,SIMILARITY,0,-1,10,1,3.8475052004919086e-10,1.961505850231376e-05,1.961505850231376e-05,0.9999803849414977,1.0,5.841061441233836e-16,0.0,1.1925592552926796,1.1922032002673424,1.1928629139330018,1.192559314659422,1.192203225466943,1.1928629391186658,1.047586330540688,1.0478899391186658,168,2.8436538762559327e-06,2.843653876255929e-06,2.843653876255935e-06,0.14497015634612373,False,False,True,False,False,1.9615058502313766e-05
UPPER,UPPER:P0:O-1:R10,RIGID,0,-1,10,-1,-0.9999999999999992,0.9999999999999996,0.9999999999999997,4.440892098500626e-16,1.0000000000000002,6.438210487303062e-16,0.00011,0.31020738572186235,0.17767126322229607,0.4412630269850429,0.31020777562844165,0.17767473879552007,0.44126304062465627,0.19832843724110855,0.29629004062465625,168,0.14497299999999994,0.14497299999999969,0.1449730000000001,3.0531133177191805e-16,False,True,True,True,False,
UPPER,UPPER:P0:O-1:R10,SIMILARITY,0,-1,10,-1,-1.1413488708179995,1.0683393050983379,1.068339305098338,0.06833930509833808,1.0000000000000002,6.517147678215483e-16,0.00035000000000000005,0.2891911931928614,0.10831980335431261,0.45216422976212567,0.2891922561610081,0.1083282320687035,0.45216436500098556,0.20007269593951077,0.30719136500098554,168,0.15488035407802134,0.1548803540780212,0.15488035407802148,0.009907354078021485,False,False,True,True,False,1.0683393050983383
UPPER,UPPER:P0:O-1:R10,AFFINE,0,-1,10,0,-1.1413488704332508,1.0683196900398364,1.068358920156841,0.06835892015684109,1.0000367213273054,6.6376652659082555e-16,0.00035000000000000005,0.2891911948004475,0.10831377284736139,0.45214641327928484,0.2891922578059015,0.10832220203099514,0.45214654852347363,0.2000726936361467,0.30717354852347367,168,0.15488035409107395,0.15487757576231895,0.15488226812404016,0.009909268124040166,False,False,True,True,False,
UPPER,UPPER:P0:O-1:R11,RIGID,0,-1,11,1,1.0000000000000007,1.0,1.0000000000000004,4.440892098500626e-16,1.0000000000000004,5.637733320911158e-16,0.0,1.4329691299941099,0.1318239604237404,2.203786125158181,1.432969218144075,0.1318239604760961,2.2037861251582,1.4777060717947306,2.0588131251582,168,0.14497300000000002,0.14497299999999985,0.14497300000000019,1.942890293094024e-16,False,True,True,False,False,
UPPER,UPPER:P0:O-1:R11,SIMILARITY,0,-1,11,1,6.822418759027413e-10,2.6119760257374855e-05,2.6119760257374865e-05,0.9999738802397427,1.0000000000000004,5.841083536204828e-16,0.0,1.1925592552207647,1.192232255059877,1.1928734250839934,1.1925593145870954,1.1922322802588634,1.1928734502694354,1.0475863303865658,1.0479004502694353,168,3.7866600037924056e-06,3.786660003792398e-06,3.7866600037924103e-06,0.1449692133399962,False,False,True,False,False,2.611976025737485e-05
UPPER,UPPER:P0:O-1:R11,RIGID,0,-1,11,-1,-1.0000000000000004,1.0,1.0000000000000004,4.440892098500626e-16,1.0000000000000004,4.453714648865109e-16,2e-05,0.31015365585311366,0.17789103707825116,0.44112094792421663,0.3101539336623446,0.17789103782362709,0.4411209482248047,0.19819666938005956,0.2961479482248047,168,0.14497300000000002,0.14497299999999988,0.14497300000000027,2.7755575615628914e-16,False,True,True,True,False,
UPPER,UPPER:P0:O-1:R11,SIMILARITY,0,-1,11,-1,-1.1414115784757657,1.068368652888957,1.0683686528889578,0.06836865288895777,1.0000000000000007,3.84822856021398e-16,3.0000000000000004e-05,0.28914089741239635,0.10850980558852907,0.4520075478152811,0.2891412161926086,0.10850980877204476,0.452007548579522,0.1999281729271142,0.30703454857952206,168,0.1548846087152708,0.15488460871527063,0.154884608715271,0.009911608715270998,False,False,True,True,False,1.068368652888957
UPPER,UPPER:P0:O-1:R11,AFFINE,0,-1,11,0,-1.141411577793522,1.0683425331286993,1.068394772649214,0.06839477264921401,1.000048897726052,5.533283824497325e-16,3.0000000000000004e-05,0.28914089631535267,0.10853602227938602,0.45200604517642556,0.2891412151055619,0.10853602546213274,0.45200604594066907,0.1999281717430669,0.30703304594066905,168,0.15488460873841475,0.15488086414716157,0.1548869686212127,0.009913968621212715,False,False,True,True,False,
UPPER,UPPER:P0:O-1:R12,RIGID,0,-1,12,1,1.0,0.9999999999999997,1.0000000000000002,3.3306690738754696e-16,1.0000000000000007,4.2043469688105446e-16,2e-05,1.456170596889103,0.25142878391020396,2.309666965645766,1.4561707103795922,0.251428784683125,2.309666965703175,1.475431840860647,2.1646939657031754,168,0.144973,0.14497299999999982,0.14497300000000013,1.6653345369377348e-16,False,True,True,True,False,
UPPER,UPPER:P0:O-1:R12,SIMILARITY,0,-1,12,1,4.5518147584491664e-10,2.1334982443042164e-05,2.1334982443042164e-05,0.999978665017557,1.0,5.841032901343765e-16,0.0,1.1925592552755497,1.1922130785948275,1.1928738027839378,1.1925593146422802,1.1922131037942194,1.192873827969372,1.047586330504202,1.047900827969372,168,3.092996409715151e-06,3.092996409715148e-06,3.0929964097151557e-06,0.14496990700359028,False,False,True,False,False,2.1334982443042164e-05
UPPER,UPPER:P0:O-1:R12,RIGID,0,-1,12,-1,-0.9999999999999999,0.9999999999999999,1.0,1.1102230246251565e-16,1.0000000000000002,5.21360720606319e-16,0.0,0.3101872944053991,0.17748247220463334,0.4413636718861929,0.3101875132054849,0.1774833957973953,0.44136367394236603,0.19830599997997048,0.29639067394236607,168,0.144973,0.1449729999999998,0.14497300000000016,1.942890293094024e-16,False,True,True,False,False,
UPPER,UPPER:P0:O-1:R12,SIMILARITY,0,-1,12,-1,-1.1413625143733903,1.0683456904829027,1.0683456904829027,0.06834569048290273,1.0,6.697294221312743e-16,0.0,0.289169572570715,0.10812459323085725,0.4522271168745552,0.2891698388551892,0.10812610926711815,0.4522271188813347,0.20004921838723583,0.3072541188813347,168,0.15488127978637783,0.15488127978637764,0.154881279786378,0.00990827978637801,False,False,True,False,False,1.0683456904829027
UPPER,UPPER:P0:O-1:R12,AFFINE,0,-1,12,0,-1.1413625139182082,1.0683243555004593,1.0683670254653457,0.06836702546534568,1.0000399410204088,5.632326677847328e-16,0.0,0.2891695687725013,0.10814281176082517,0.45224206114399507,0.2891698350432213,0.10814432754168708,0.45224206315070825,0.20004921983463053,0.30726906315070823,168,0.1548812798018197,0.1548786740007763,0.15488402572384974,0.009911025723849748,False,False,True,False,False,
UPPER,UPPER:P0:O-1:R13,RIGID,0,-1,13,1,1.0000000000000002,1.0,1.0000000000000004,4.440892098500626e-16,1.0000000000000004,5.847898469183739e-16,0.0,1.469281150911036,0.3349493466642694,2.3248806180135158,1.4692811991457737,0.3349493466643909,2.3248806869506766,1.4741349718058754,2.179907686950677,168,0.14497300000000002,0.14497299999999985,0.1449730000000001,1.3877787807814457e-16,False,True,True,False,False,
UPPER,UPPER:P0:O-1:R13,SIMILARITY,0,-1,13,1,1.0022859317290289e-09,3.165889972391698e-05,3.165889972391698e-05,0.9999683411002761,1.0,5.841116333439807e-16,0.0,1.1925592551429733,1.1922240989509867,1.1928825924314483,1.192559314509238,1.1922241241501454,1.192882617616697,1.0475863302207662,1.0479096176166969,168,4.5896856696754155e-06,4.58968566967541e-06,4.5896856696754206e-06,0.1449684103143303,False,False,True,False,False,3.165889972391697e-05
UPPER,UPPER:P0:O-1:R13,RIGID,0,-1,13,-1,-1.0000000000000004,1.0,1.0000000000000002,2.220446049250313e-16,1.0000000000000002,6.169548150600186e-16,0.0,0.31021653059539284,0.1775626077219475,0.44124459462403054,0.3102167402961521,0.17756267641436693,0.44124470408375943,0.19836859800442286,0.29627170408375947,168,0.14497300000000002,0.14497299999999988,0.14497300000000019,1.942890293094024e-16,False,True,True,False,False,
UPPER,UPPER:P0:O-1:R13,SIMILARITY,0,-1,13,-1,-1.1413317331697268,1.0683312843728423,1.0683312843728423,0.0683312843728423,1.0,5.364681564006888e-16,0.0,0.2892120878847126,0.10821927338019027,0.4520980151532414,0.28921232714668144,0.10821938608840524,0.45209812198519456,0.20010735075672262,0.3071251219851946,168,0.15487919128938404,0.15487919128938388,0.15487919128938424,0.009906191289384247,False,False,True,False,False,1.068331284372842
UPPER,UPPER:P0:O-1:R13,AFFINE,0,-1,13,0,-1.1413317321674412,1.0682996254731183,1.0683629432725665,0.06836294327256653,1.0000592697010637,5.537531909222843e-16,0.0,0.28921208677140975,0.10822767591845786,0.4521257919196916,0.28921232602304975,0.10822778861792245,0.45212589874508147,0.2001073486758538,0.30715289874508145,168,0.1548791913233871,0.15487595613284327,0.15488362829810082,0.009910628298100826,False,False,True,False,False,
UPPER,UPPER:P0:O-1:R14,RIGID,0,-1,14,1,1.0000000000000002,0.9999999999999999,1.0000000000000004,4.440892098500626e-16,1.0000000000000007,6.403016339688358e-16,1e-05,1.4705375698095444,0.17826145704680788,2.308627586599074,1.470537613854237,0.1782614648081771,2.308627598572334,1.4740151640587558,2.163654598572334,168,0.14497300000000002,0.14497299999999982,0.14497300000000016,1.6653345369377348e-16,False,True,True,True,False,
UPPER,UPPER:P0:O-1:R14,SIMILARITY,0,-1,14,1,7.217716829006965e-10,2.6865808807863895e-05,2.6865808807863912e-05,0.9999731341911922,1.0000000000000007,5.841107542526257e-16,0.0,1.1925592552110638,1.192234009241237,1.1929126773066014,1.1925593145770428,1.1922340344401863,1.1929127024912147,1.0475863303661475,1.0479397024912147,168,3.894816900302454e-06,3.894816900302449e-06,3.894816900302456e-06,0.1449691051830997,False,False,True,False,False,2.6865808807863902e-05
UPPER,UPPER:P0:O-1:R14,RIGID,0,-1,14,-1,-1.0,1.0,1.0,0.0,1.0,5.214276237607271e-16,3.0000000000000004e-05,0.3101928286523783,0.1774092066019143,0.4412457858599722,0.3101930986688629,0.17740933703086734,0.4412458039034167,0.19829915529708622,0.2962728039034167,168,0.14497300000000002,0.14497299999999982,0.14497300000000016,1.6653345369377348e-16,False,True,True,True,False,
UPPER,UPPER:P0:O-1:R14,SIMILARITY,0,-1,14,-1,-1.141363527367245,1.0683461645774015,1.0683461645774022,0.06834616457740217,1.0000000000000007,6.08834263616616e-16,5e-05,0.2891861859074085,0.10805083512874292,0.4521433707843342,0.2891864980408117,0.10805101131245512,0.4521433832535022,0.2000342246930398,0.3071703832535022,168,0.15488134851727967,0.1548813485172795,0.15488134851727978,0.009908348517279786,False,False,True,True,False,1.0683461645774017
UPPER,UPPER:P0:O-1:R14,AFFINE,0,-1,14,0,-1.1413635266454727,1.0683192987685934,1.0683730303862096,0.06837303038620957,1.0000502954666064,7.144269644436422e-16,5e-05,0.289186182726047,0.1080646921184004,0.45211885169300137,0.2891864948715855,0.10806486827952086,0.4521188641628456,0.20003422490444503,0.3071458641628456,168,0.15488134854176577,0.15487936332580157,0.15488524308776,0.009912243087760009,False,False,True,True,False,
UPPER,UPPER:P1:O1:R0,RIGID,1,1,0,1,1.0000000000000004,1.0000000000000002,1.0000000000000002,2.220446049250313e-16,1.0,5.626582066449288e-16,0.0,0.3102642753699501,0.17766697798684628,0.44121841992711175,0.31026451749729617,0.1776676949195408,0.44121862165297226,0.19834485681444552,0.2962456216529723,168,0.14497300000000002,0.14497299999999988,0.14497300000000013,1.3877787807814457e-16,False,True,True,False,False,
UPPER,UPPER:P1:O1:R0,SIMILARITY,1,1,0,1,1.1413165635634326,1.0683241846759028,1.0683241846759028,0.06832418467590284,1.0,6.305956819953443e-16,0.0,0.28927372087036046,0.10833092446593563,0.4520868558590479,0.28927401808848174,0.10833210025975104,0.4520870527353013,0.20007653699403913,0.30711405273530135,168,0.15487816202501964,0.15487816202501942,0.1548781620250198,0.009905162025019815,False,False,True,False,False,1.0683241846759026
UPPER,UPPER:P1:O1:R0,RIGID,1,1,0,-1,-1.0000000000000004,1.0,1.0000000000000002,2.220446049250313e-16,1.0000000000000002,5.319460631793042e-16,0.0,1.470560148843296,0.1793651902400851,2.309360112790514,1.470560191701865,0.1793652091388065,2.3093601131274593,1.4740157320200595,2.1643871131274595,168,0.14497300000000002,0.14497299999999988,0.1449730000000002,2.220446049250313e-16,False,True,True,False,False,
UPPER,UPPER:P1:O1:R0,SIMILARITY,1,1,0,-1,-3.286348479230405e-10,1.812828860987821e-05,1.8128288609878218e-05,0.9999818717113901,1.0000000000000004,5.709329985134781e-16,0.0,1.1925542358901824,1.1921997060944938,1.1928597614223797,1.1925542899348405,1.1921998242555472,1.19285987951805,1.0475813083233831,1.04788687951805,168,2.628112384639874e-06,2.628112384639871e-06,2.628112384639877e-06,0.14497037188761536,False,False,True,False,False,1.812828860987821e-05
UPPER,UPPER:P1:O1:R0,AFFINE,1,1,0,0,1.1413165632347961,1.0683060563872924,1.068342312964512,0.06834231296451199,1.000033938380301,6.907363148807473e-16,0.0,0.2892737188952846,0.10833978044304114,0.45207933518629156,0.2892740161035679,0.10834095614074513,0.45207939305845796,0.2000765374829376,0.307106393058458,168,0.1548781620361687,0.15487680389330624,0.15488078963861776,0.00990778963861777,False,False,True,False,False,
UPPER,UPPER:P1:O1:R1,RIGID,1,1,1,1,1.0000000000000004,1.0,1.0,0.0,1.0,5.836152014961726e-16,4e-05,0.31019718947003,0.17739168945385803,0.4413609792973711,0.3101974233407326,0.17739260777732888,0.44136140725650413,0.19837520360626076,0.29638840725650417,168,0.14497300000000002,0.14497299999999982,0.14497300000000016,1.6653345369377348e-16,False,True,True,True,False,
UPPER,UPPER:P1:O1:R1,SIMILARITY,1,1,1,1,1.1413234175369182,1.0683273924864596,1.0683273924864598,0.0683273924864598,1.0000000000000002,5.488893399630917e-16,0.00014000000000000001,0.289184283442569,0.1080523096066332,0.45220525917403553,0.28918466100369644,0.10805439175268437,0.4522055520091667,0.20012152850863033,0.30723255200916666,168,0.1548786270709395,0.15487862707093933,0.15487862707093966,0.009905627070939671,False,False,True,True,False,1.0683273924864596
UPPER,UPPER:P1:O1:R1,RIGID,1,1,1,-1,-1.0000000000000004,1.0,1.0000000000000002,2.220446049250313e-16,1.0000000000000002,2.461365187422904e-16,0.0,1.4658952007564068,0.3842159657660301,2.322362661449212,1.4658952776717993,0.38421605640041406,2.322362699774486,1.474472756605673,2.177389699774486,168,0.14497300000000002,0.14497299999999988,0.1449730000000001,1.1102230246251565e-16,False,True,True,False,False,
UPPER,UPPER:P1:O1:R1,SIMILARITY,1,1,1,-1,-4.124532227646752e-10,2.030894440301308e-05,2.0308944403013084e-05,0.999979691055597,1.0000000000000002,5.70939250055853e-16,0.0,1.192554235869742,1.1922063934767715,1.1928845263476144,1.192554289914903,1.192206511637162,1.192884529189275,1.0475813082798977,1.0479115291892749,168,2.9442485969380155e-06,2.9442485969380126e-06,2.9442485969380198e-06,0.14497005575140307,False,False,True,False,False,2.030894440301308e-05
UPPER,UPPER:P1:O1:R1,AFFINE,1,1,1,0,1.1413234171244648,1.0683070835420565,1.0683477014308629,0.06834770143086288,1.0000380207989183,4.528526224330405e-16,0.00014000000000000001,0.28918428341651753,0.10805604061804933,0.45219214215286124,0.2891846609911909,0.10805812269220853,0.45219243499648687,0.2001215273264811,0.30721943499648685,168,0.15487862708493216,0.15487638444978857,0.1548814004795565,0.009908400479556517,False,False,True,True,False,
UPPER,UPPER:P1:O1:R2,RIGID,1,1,2,1,0.9999999999999997,0.9999999999999998,1.0,2.220446049250313e-16,1.0000000000000002,6.233205736915611e-16,8e-05,0.3100882276467939,0.1775224078948063,0.44121551229321704,0.3100884778101901,0.1775226763826703,0.4412155406691869,0.19821483250809563,0.29624254066918687,168,0.14497299999999996,0.14497299999999982,0.14497300000000013,1.6653345369377348e-16,False,True,True,True,False,
UPPER,UPPER:P1:O1:R2,SIMILARITY,1,1,2,1,1.1414113984699246,1.0683685686456357,1.068368568645636,0.0683685686456359,1.0000000000000002,6.13572344909088e-16,0.00015000000000000001,0.2890655924562005,0.1081412798034883,0.4520712076983186,0.289065948615075,0.10814194305423579,0.45207121631008546,0.19995336503524105,0.3070982163100855,168,0.15488459650226374,0.1548845965022636,0.1548845965022639,0.00991159650226392,False,False,True,True,False,1.068368568645636
UPPER,UPPER:P1:O1:R2,RIGID,1,1,2,-1,-1.0,1.0,1.0,0.0,1.0,6.353181166888052e-16,0.0,1.4628917867056577,0.33370958082712426,2.3190119235338917,1.462891834195708,0.3337095831588755,2.3190119359479207,1.4747753825496062,2.174038935947921,168,0.14497299999999996,0.14497299999999985,0.14497300000000016,1.6653345369377348e-16,False,True,True,False,False,
UPPER,UPPER:P1:O1:R2,SIMILARITY,1,1,2,-1,-1.194695941961981e-10,1.0930214736966414e-05,1.0930214736966416e-05,0.999989069785263,1.0000000000000002,5.709352170202962e-16,0.0,1.1925542359408488,1.1922141030121916,1.192873828248115,1.192554289985604,1.192214221171818,1.1928739463423927,1.0475813084317587,1.0479009463423927,168,1.584586021062232e-06,1.5845860210622305e-06,1.5845860210622333e-06,0.14497141541397893,False,False,True,False,False,1.0930214736966416e-05
UPPER,UPPER:P1:O1:R2,AFFINE,1,1,2,0,1.141411398350456,1.0683576384308993,1.0683794988603732,0.0683794988603732,1.000020461714961,5.117414452683825e-16,0.00015000000000000001,0.28906559309514884,0.10813102479082547,0.4520646678013889,0.2890659492549514,0.10813168810447446,0.45206467641328035,0.19995336422597793,0.3070916764132804,168,0.15488459650631667,0.15488333959267275,0.15488606061080376,0.00991306061080377,False,False,True,True,False,
UPPER,UPPER:P1:O1:R3,RIGID,1,1,3,1,1.0,1.0,1.0,0.0,1.0,6.091230292536683e-16,3.0000000000000004e-05,0.31015807543622714,0.17767962268971488,0.44128835316924,0.31015831900195484,0.17767962294098522,0.4412883562729544,0.1982727108221527,0.29631535627295436,168,0.14497300000000002,0.14497299999999974,0.14497300000000007,2.498001805406602e-16,False,True,True,True,False,
UPPER,UPPER:P1:O1:R3,SIMILARITY,1,1,3,1,1.1413714682821923,1.0683498810231562,1.0683498810231564,0.06834988102315642,1.0000000000000002,6.002864901746008e-16,0.00011,0.289139054197145,0.10831743670804612,0.45211290600517057,0.2891394167927547,0.10831745968396869,0.45211290685140426,0.20001548205370714,0.30713990685140424,168,0.15488188730157004,0.15488188730156985,0.15488188730157013,0.009908887301570135,False,False,True,True,False,1.0683498810231564
UPPER,UPPER:P1:O1:R3,RIGID,1,1,3,-1,-0.9999999999999999,0.9999999999999997,1.0000000000000002,3.3306690738754696e-16,1.0000000000000007,5.734094602760346e-16,9e-05,1.4310818118103201,0.0709649101989579,2.2485350589561883,1.4310820376959625,0.07096762547653128,2.2485350638427124,1.4778863632302757,2.1035620638427126,168,0.14497299999999996,0.1449729999999998,0.14497300000000019,1.942890293094024e-16,False,True,True,True,False,
UPPER,UPPER:P1:O1:R3,SIMILARITY,1,1,3,-1,-7.361684892126756e-10,2.7132425052189443e-05,2.713242505218945e-05,0.9999728675749479,1.0000000000000002,5.709350491271125e-16,0.0,1.1925542357913268,1.192171971719287,1.1928458165793783,1.1925542898362866,1.1921720898830892,1.192845934676429,1.047581308112177,1.047872934676429,168,3.93346905709106e-06,3.933469057091053e-06,3.933469057091067e-06,0.1449690665309429,False,False,True,False,False,2.7132425052189447e-05
UPPER,UPPER:P1:O1:R3,AFFINE,1,1,3,0,1.1413714675460231,1.068322748598104,1.0683770134482085,0.06837701344820846,1.0000507944347115,7.394203440186316e-16,0.00011,0.289139050614396,0.10834386915497837,0.45212431260980906,0.2891394132413026,0.10834389212529555,0.45212431345602144,0.20001548250057133,0.3071513134560214,168,0.15488188732654395,0.15487811008193755,0.15488472650075602,0.00991172650075603,False,False,True,True,False,
UPPER,UPPER:P1:O1:R4,RIGID,1,1,4,1,1.0000000000000002,1.0,1.0000000000000002,2.220446049250313e-16,1.0000000000000002,7.954509899754488e-16,0.0,0.31023507054564153,0.17782549107009432,0.44112425361508395,0.31023532420951266,0.17782565296065278,0.4411242553790489,0.19828223023408054,0.29615125537904896,168,0.14497300000000002,0.1449729999999999,0.14497300000000016,1.6653345369377348e-16,False,True,True,False,False,
UPPER,UPPER:P1:O1:R4,SIMILARITY,1,1,4,1,1.1413473432233037,1.0683385901591795,1.0683385901591798,0.06833859015917976,1.0000000000000002,7.144345715109617e-16,0.0,0.2892312398382052,0.10847481499855854,0.45203058379940636,0.28923157135315214,0.10847508038961678,0.45203058552081143,0.20001837001008457,0.3070575855208114,168,0.15488025043114675,0.15488025043114653,0.15488025043114687,0.009907250431146875,False,False,True,False,False,1.0683385901591795
UPPER,UPPER:P1:O1:R4,RIGID,1,1,4,-1,-1.0000000000000002,1.0,1.0000000000000002,2.220446049250313e-16,1.0000000000000002,4.746613816964439e-16,0.0,1.4571439944766382,0.26198903722364986,2.310946599797505,1.4571440398522146,0.2619890501622556,2.3109466383121053,1.4753203327239086,2.1659736383121055,168,0.14497300000000002,0.14497299999999985,0.14497300000000016,1.6653345369377348e-16,False,True,True,False,False,
UPPER,UPPER:P1:O1:R4,SIMILARITY,1,1,4,-1,-1.3253219541336684e-09,3.6404971557929654e-05,3.6404971557929654e-05,0.9999635950284421,1.0,5.709335707323366e-16,0.0,1.1925542356486354,1.1921902459402423,1.192849412040375,1.1925542896931975,1.1921903641022331,1.1928495301370698,1.047581307806931,1.0478765301370698,168,5.277737941667735e-06,5.277737941667725e-06,5.27773794166774e-06,0.1449677222620583,False,False,True,False,False,3.640497155792965e-05
UPPER,UPPER:P1:O1:R4,AFFINE,1,1,4,0,1.1413473418979814,1.0683021851876213,1.0683749951307377,0.06837499513073775,1.0000681548199806,4.649043128950501e-16,0.0,0.28923123877646867,0.10844186640814779,0.4520564544353889,0.28923157026360585,0.10844213187984131,0.45205645615669543,0.2000183669701416,0.3070834561566954,168,0.15488025047610823,0.15487583525048773,0.1548849621187991,0.009911962118799106,False,False,True,False,False,
UPPER,UPPER:P1:O1:R5,RIGID,1,1,5,1,1.0000000000000004,1.0,1.0000000000000004,4.440892098500626e-16,1.0000000000000004,6.059970545686947e-16,0.0,0.31026427536995005,0.17766697798684603,0.4412184199271117,0.31026451749729617,0.17766769491954054,0.4412186216529722,0.19834485681444552,0.2962456216529722,168,0.14497300000000002,0.14497299999999988,0.14497300000000024,2.498001805406602e-16,False,True,True,False,False,
UPPER,UPPER:P1:O1:R5,SIMILARITY,1,1,5,1,1.141316563563434,1.0683241846759033,1.0683241846759035,0.06832418467590351,1.0000000000000002,5.213342291913302e-16,0.0,0.28927372087036035,0.10833092446593497,0.4520868558590479,0.2892740180884816,0.10833210025975037,0.4520870527353013,0.20007653699403924,0.30711405273530135,168,0.15487816202501975,0.15487816202501947,0.15487816202501992,0.009905162025019926,False,False,True,False,False,1.068324184675903
UPPER,UPPER:P1:O1:R5,RIGID,1,1,5,-1,-1.0000000000000007,1.0000000000000002,1.0000000000000004,4.440892098500626e-16,1.0000000000000002,5.682063454855943e-16,0.0,1.4705601488432702,0.17936519023836894,2.3093601127887893,1.4705601917018392,0.17936520913709034,2.3093601131257344,1.4740157320200624,2.1643871131257346,168,0.14497300000000002,0.14497299999999985,0.14497300000000019,1.942890293094024e-16,False,True,True,False,False,
UPPER,UPPER:P1:O1:R5,SIMILARITY,1,1,5,-1,-3.2863484792060264e-10,1.812828860981099e-05,1.8128288609810994e-05,0.9999818717113902,1.0000000000000002,5.709338267840857e-16,0.0,1.1925542358901824,1.192199706094494,1.19285976142238,1.1925542899348405,1.1921998242555474,1.1928598795180503,1.047581308323383,1.0478868795180503,168,2.6281123846301285e-06,2.628112384630125e-06,2.628112384630131e-06,0.14497037188761536,False,False,True,False,False,1.8128288609810987e-05
UPPER,UPPER:P1:O1:R5,AFFINE,1,1,5,0,1.1413165632347977,1.0683060563872928,1.0683423129645127,0.06834231296451265,1.0000339383803012,5.269946681430239e-16,0.0,0.2892737188952844,0.1083397804430407,0.452079335186292,0.28927401610356773,0.1083409561407447,0.45207939305845846,0.2000765374829377,0.30710639305845844,168,0.15487816203616878,0.15487680389330635,0.15488078963861784,0.009907789638617853,False,False,True,False,False,
UPPER,UPPER:P1:O1:R6,RIGID,1,1,6,1,1.0000000000000004,1.0000000000000002,1.0000000000000004,4.440892098500626e-16,1.0000000000000002,6.293737639742797e-16,4e-05,0.3101971894700298,0.17739168945385778,0.44136097929737106,0.31019742334073247,0.17739260777732865,0.44136140725650413,0.19837520360626076,0.29638840725650417,168,0.14497300000000002,0.14497299999999988,0.14497300000000013,1.3877787807814457e-16,False,True,True,True,False,
UPPER,UPPER:P1:O1:R6,SIMILARITY,1,1,6,1,1.141323417536919,1.06832739248646,1.0683273924864602,0.06832739248646025,1.0000000000000002,5.737559762635906e-16,0.00014000000000000001,0.28918428344256897,0.10805230960663265,0.4522052591740357,0.2891846610036964,0.10805439175268382,0.45220555200916684,0.20012152850863044,0.3072325520091669,168,0.15487862707093955,0.15487862707093933,0.15487862707093975,0.009905627070939754,False,False,True,True,False,1.0683273924864598
UPPER,UPPER:P1:O1:R6,RIGID,1,1,6,-1,-1.0000000000000009,1.0000000000000002,1.0000000000000007,6.661338147750939e-16,1.0000000000000004,5.81997964724756e-16,0.0,1.4658952007564068,0.38421596576602995,2.322362661449212,1.465895277671799,0.3842160564004139,2.322362699774486,1.474472756605673,2.177389699774486,168,0.14497300000000002,0.1449729999999999,0.14497300000000013,1.3877787807814457e-16,False,True,True,False,False,
UPPER,UPPER:P1:O1:R6,SIMILARITY,1,1,6,-1,-4.124532227728693e-10,2.030894440321478e-05,2.030894440321479e-05,0.9999796910555968,1.0000000000000004,5.709364252961632e-16,0.0,1.192554235869742,1.1922063934767715,1.1928845263476147,1.192554289914903,1.192206511637162,1.1928845291892751,1.0475813082798977,1.047911529189275,168,2.9442485969672568e-06,2.9442485969672534e-06,2.9442485969672598e-06,0.144970055751403,False,False,True,False,False,2.0308944403214776e-05
UPPER,UPPER:P1:O1:R6,AFFINE,1,1,6,0,1.1413234171244655,1.0683070835420567,1.0683477014308629,0.06834770143086288,1.0000380207989181,6.16362443521545e-16,0.00014000000000000001,0.2891842834165174,0.10805604061804899,0.45219214215286124,0.2891846609911907,0.1080581226922082,0.45219243499648687,0.20012152732648117,0.30721943499648685,168,0.1548786270849322,0.15487638444978866,0.15488140047955648,0.00990840047955649,False,False,True,True,False,
UPPER,UPPER:P1:O1:R7,RIGID,1,1,7,1,1.0,1.0,1.0,0.0,1.0,6.282081759746633e-16,8e-05,0.31008822764679383,0.17752240789480628,0.44121551229321704,0.31008847781019006,0.17752267638267027,0.4412155406691869,0.19821483250809563,0.29624254066918687,168,0.144973,0.1449729999999997,0.14497300000000013,2.7755575615628914e-16,False,True,True,True,False,
UPPER,UPPER:P1:O1:R7,SIMILARITY,1,1,7,1,1.1414113984699252,1.0683685686456361,1.0683685686456361,0.06836856864563612,1.0,5.381161827372637e-16,0.00015000000000000001,0.28906559245620045,0.10814127980348817,0.4520712076983186,0.289065948615075,0.10814194305423566,0.45207121631008546,0.19995336503524114,0.3070982163100855,168,0.1548845965022638,0.15488459650226358,0.15488459650226394,0.009911596502263947,False,False,True,True,False,1.0683685686456361
UPPER,UPPER:P1:O1:R7,RIGID,1,1,7,-1,-1.0,1.0,1.0,0.0,1.0,4.780190356535691e-16,0.0,1.462891786707139,0.3337095808491108,2.319011923535723,1.4628918341971897,0.333709583180862,2.319011935949752,1.4747753825494605,2.1740389359497523,168,0.14497300000000002,0.1449729999999999,0.14497300000000013,1.3877787807814457e-16,False,True,True,False,False,
UPPER,UPPER:P1:O1:R7,SIMILARITY,1,1,7,-1,-1.1946959419514805e-10,1.0930214736918392e-05,1.0930214736918394e-05,0.999989069785263,1.0000000000000002,5.709335615816836e-16,0.0,1.1925542359408488,1.1922141030121913,1.192873828248115,1.192554289985604,1.1922142211718179,1.1928739463423927,1.0475813084317587,1.0479009463423927,168,1.5845860210552702e-06,1.5845860210552685e-06,1.5845860210552721e-06,0.14497141541397893,False,False,True,False,False,1.0930214736918394e-05
UPPER,UPPER:P1:O1:R7,AFFINE,1,1,7,0,1.1414113983504561,1.0683576384308995,1.0683794988603732,0.0683794988603732,1.0000204617149608,5.598029329541502e-16,0.00015000000000000001,0.2890655930951488,0.10813102479082505,0.45206466780138904,0.2890659492549513,0.10813168810447404,0.4520646764132805,0.19995336422597795,0.3070916764132805,168,0.15488459650631672,0.1548833395926729,0.15488606061080365,0.009913060610803659,False,False,True,True,False,
UPPER,UPPER:P1:O1:R8,RIGID,1,1,8,1,1.0000000000000002,1.0,1.0,0.0,1.0,5.663642042735654e-16,3.0000000000000004e-05,0.31015807543622714,0.17767962268971463,0.44128835316924,0.31015831900195484,0.17767962294098497,0.4412883562729544,0.19827271082215267,0.29631535627295436,168,0.14497300000000002,0.14497299999999985,0.1449730000000002,2.220446049250313e-16,False,True,True,True,False,
UPPER,UPPER:P1:O1:R8,SIMILARITY,1,1,8,1,1.1413714682821927,1.0683498810231564,1.0683498810231564,0.06834988102315642,1.0,5.752703730660101e-16,0.00011,0.2891390541971449,0.10831743670804567,0.4521129060051705,0.2891394167927546,0.10831745968396823,0.4521129068514042,0.20001548205370723,0.30713990685140424,168,0.15488188730157007,0.1548818873015697,0.1548818873015702,0.009908887301570218,False,False,True,True,False,1.0683498810231564
UPPER,UPPER:P1:O1:R8,RIGID,1,1,8,-1,-1.0,1.0,1.0,0.0,1.0,5.81281704496131e-16,9e-05,1.4310818118107584,0.07096491020481842,2.248535058958972,1.4310820376964004,0.07096762548239158,2.248535063845496,1.4778863632302328,2.103562063845496,168,0.144973,0.14497299999999982,0.14497300000000019,1.942890293094024e-16,False,True,True,True,False,
UPPER,UPPER:P1:O1:R8,SIMILARITY,1,1,8,-1,-7.361684892115483e-10,2.7132425052168634e-05,2.7132425052168637e-05,0.9999728675749479,1.0000000000000002,5.709322065091704e-16,0.0,1.1925542357913268,1.1921719717192871,1.192845816579378,1.1925542898362866,1.1921720898830894,1.192845934676429,1.047581308112177,1.047872934676429,168,3.933469057088043e-06,3.933469057088039e-06,3.933469057088047e-06,0.1449690665309429,False,False,True,False,False,2.7132425052168634e-05
UPPER,UPPER:P1:O1:R8,AFFINE,1,1,8,0,1.1413714675460243,1.0683227485981042,1.068377013448209,0.0683770134482089,1.0000507944347117,6.370614199152461e-16,0.00011,0.28913905061439593,0.10834386915497814,0.45212431260980956,0.2891394132413024,0.10834389212529531,0.45212431345602194,0.20001548250057138,0.307151313456022,168,0.154881887326544,0.15487811008193755,0.1548847265007561,0.009911726500756113,False,False,True,True,False,
UPPER,UPPER:P1:O1:R9,RIGID,1,1,9,1,1.0000000000000002,1.0,1.0000000000000002,2.220446049250313e-16,1.0000000000000002,4.858104784549274e-16,0.0,0.31023507054564153,0.17782549107009424,0.4411242536150842,0.3102353242095127,0.1778256529606527,0.4411242553790492,0.1982822302340805,0.2961512553790492,168,0.14497300000000002,0.14497299999999982,0.14497300000000016,1.6653345369377348e-16,False,True,True,False,False,
UPPER,UPPER:P1:O1:R9,SIMILARITY,1,1,9,1,1.1413473432233032,1.0683385901591793,1.0683385901591795,0.06833859015917954,1.0000000000000002,5.031767638175908e-16,0.0,0.2892312398382052,0.10847481499855867,0.4520305837994067,0.2892315713531522,0.10847508038961691,0.4520305855208117,0.20001837001008457,0.30705758552081175,168,0.1548802504311467,0.15488025043114645,0.15488025043114684,0.009907250431146847,False,False,True,False,False,1.0683385901591793
UPPER,UPPER:P1:O1:R9,RIGID,1,1,9,-1,-1.0000000000000002,1.0,1.0000000000000004,4.440892098500626e-16,1.0000000000000004,6.230761709819564e-16,0.0,1.4571439944766942,0.26198903722424155,2.3109465997975858,1.4571440398522697,0.2619890501628473,2.310946638312186,1.4753203327239028,2.1659736383121864,168,0.14497300000000002,0.14497299999999988,0.14497300000000016,1.6653345369377348e-16,False,True,True,False,False,
UPPER,UPPER:P1:O1:R9,SIMILARITY,1,1,9,-1,-1.3253219541427558e-09,3.64049715580545e-05,3.640497155805451e-05,0.9999635950284419,1.0000000000000004,5.709303454450324e-16,0.0,1.1925542356486354,1.1921902459402423,1.192849412040375,1.1925542896931975,1.1921903641022331,1.1928495301370698,1.047581307806931,1.0478765301370698,168,5.2777379416858356e-06,5.2777379416858305e-06,5.277737941685841e-06,0.1449677222620583,False,False,True,False,False,3.64049715580545e-05
UPPER,UPPER:P1:O1:R9,AFFINE,1,1,9,0,1.1413473418979814,1.068302185187621,1.068374995130738,0.06837499513073797,1.000068154819981,6.79477634613118e-16,0.0,0.28923123877646867,0.10844186640814786,0.4520564544353888,0.2892315702636058,0.10844213187984138,0.4520564561566953,0.20001836697014164,0.3070834561566953,168,0.15488025047610823,0.15487583525048773,0.15488496211879904,0.00991196211879905,False,False,True,False,False,
UPPER,UPPER:P1:O1:R10,RIGID,1,1,10,1,0.9999999999999994,0.9999999999999997,0.9999999999999999,3.3306690738754696e-16,1.0000000000000002,5.60977788753938e-16,0.0,0.3102642753699502,0.17766697798684672,0.44121841992711186,0.31026451749729633,0.17766769491954124,0.4412186216529724,0.19834485681444555,0.2962456216529724,168,0.14497299999999994,0.1449729999999998,0.14497300000000016,1.942890293094024e-16,False,True,True,False,False,
UPPER,UPPER:P1:O1:R10,SIMILARITY,1,1,10,1,1.1413165635634297,1.0683241846759013,1.0683241846759017,0.06832418467590173,1.0000000000000004,6.081222824712288e-16,0.0,0.2892737208703607,0.10833092446593696,0.45208685585904773,0.28927401808848197,0.10833210025975237,0.45208705273530114,0.2000765369940389,0.3071140527353011,168,0.15487816202501944,0.1548781620250193,0.15487816202501964,0.009905162025019648,False,False,True,False,False,1.0683241846759017
UPPER,UPPER:P1:O1:R10,RIGID,1,1,10,-1,-0.9999999999999994,0.9999999999999996,0.9999999999999999,4.440892098500626e-16,1.0000000000000004,7.059612052609266e-16,0.0,1.4705601488433107,0.17936519024106753,2.3093601127915004,1.4705601917018793,0.17936520913978896,2.3093601131284456,1.4740157320200578,2.164387113128446,168,0.14497299999999994,0.14497299999999974,0.14497300000000005,2.498001805406602e-16,False,True,True,False,False,
UPPER,UPPER:P1:O1:R10,SIMILARITY,1,1,10,-1,-3.286348479187451e-10,1.8128288609759748e-05,1.812828860975975e-05,0.9999818717113902,1.0000000000000002,5.709374662907808e-16,0.0,1.1925542358901824,1.1921997060944935,1.1928597614223795,1.1925542899348405,1.192199824255547,1.1928598795180498,1.047581308323383,1.0478868795180498,168,2.6281123846226996e-06,2.6281123846226966e-06,2.6281123846227025e-06,0.14497037188761536,False,False,True,False,False,1.8128288609759755e-05
UPPER,UPPER:P1:O1:R10,AFFINE,1,1,10,0,1.1413165632347968,1.0683060563872926,1.0683423129645122,0.06834231296451221,1.000033938380301,4.979683052920395e-16,0.0,0.28927371889528447,0.10833978044304092,0.4520793351862915,0.2892740161035678,0.1083409561407449,0.4520793930584579,0.2000765374829376,0.3071063930584579,168,0.15487816203616872,0.15487680389330633,0.15488078963861776,0.00990778963861777,False,False,True,False,False,
UPPER,UPPER:P1:O1:R11,RIGID,1,1,11,1,0.9999999999999997,0.9999999999999997,1.0000000000000002,3.3306690738754696e-16,1.0000000000000007,3.1088262630081453e-16,4e-05,0.31019718947003005,0.17739168945385828,0.441360979297371,0.31019742334073264,0.17739260777732913,0.4413614072565041,0.1983752036062608,0.29638840725650406,168,0.144973,0.14497299999999977,0.14497300000000016,2.220446049250313e-16,False,True,True,True,False,
UPPER,UPPER:P1:O1:R11,SIMILARITY,1,1,11,1,1.1413234175369176,1.0683273924864594,1.0683273924864596,0.06832739248645958,1.0000000000000002,6.294422244791922e-16,0.00014000000000000001,0.28918428344256913,0.1080523096066332,0.4522052591740354,0.28918466100369644,0.10805439175268437,0.45220555200916657,0.20012152850863038,0.30723255200916655,168,0.15487862707093947,0.1548786270709393,0.1548786270709397,0.009905627070939699,False,False,True,True,False,1.0683273924864596
UPPER,UPPER:P1:O1:R11,RIGID,1,1,11,-1,-0.9999999999999998,0.9999999999999998,1.0,2.220446049250313e-16,1.0000000000000002,5.666355635886594e-16,0.0,1.4658952007562447,0.38421596576289413,2.322362661449046,1.4658952776716376,0.38421605639727807,2.32236269977432,1.4744727566056883,2.17738969977432,168,0.14497299999999996,0.14497299999999985,0.14497300000000013,1.3877787807814457e-16,False,True,True,False,False,
UPPER,UPPER:P1:O1:R11,SIMILARITY,1,1,11,-1,-4.12453222775079e-10,2.0308944403269206e-05,2.030894440326921e-05,0.9999796910555967,1.0000000000000002,5.709363256863754e-16,0.0,1.1925542358697423,1.1922063934767715,1.1928845263476147,1.192554289914903,1.192206511637162,1.1928845291892751,1.0475813082798977,1.047911529189275,168,2.944248596975147e-06,2.9442485969751435e-06,2.9442485969751494e-06,0.144970055751403,False,False,True,False,False,2.030894440326921e-05
UPPER,UPPER:P1:O1:R11,AFFINE,1,1,11,0,1.1413234171244644,1.068307083542056,1.0683477014308627,0.06834770143086266,1.0000380207989186,4.857828599611703e-16,0.00014000000000000001,0.2891842834165176,0.10805604061804941,0.45219214215286124,0.2891846609911909,0.10805812269220862,0.45219243499648687,0.20012152732648109,0.30721943499648685,168,0.1548786270849321,0.15487638444978843,0.15488140047955648,0.00990840047955649,False,False,True,True,False,
UPPER,UPPER:P1:O1:R12,RIGID,1,1,12,1,0.9999999999999997,0.9999999999999999,1.0,1.1102230246251565e-16,1.0000000000000002,6.487057781452829e-16,8e-05,0.3100882276467939,0.17752240789480653,0.4412155122932169,0.3100884778101901,0.17752267638267052,0.4412155406691867,0.19821483250809563,0.29624254066918676,168,0.14497299999999996,0.1449729999999997,0.14497300000000016,2.7755575615628914e-16,False,True,True,True,False,
UPPER,UPPER:P1:O1:R12,SIMILARITY,1,1,12,1,1.1414113984699246,1.0683685686456355,1.0683685686456361,0.06836856864563612,1.0000000000000007,5.551704259725759e-16,0.00015000000000000001,0.2890655924562005,0.10814127980348887,0.4520712076983186,0.289065948615075,0.10814194305423636,0.45207121631008546,0.19995336503524114,0.3070982163100855,168,0.15488459650226374,0.1548845965022636,0.1548845965022639,0.00991159650226392,False,False,True,True,False,1.068368568645636
UPPER,UPPER:P1:O1:R12,RIGID,1,1,12,-1,-0.9999999999999999,0.9999999999999999,1.0,1.1102230246251565e-16,1.0000000000000002,6.22702464831054e-16,0.0,1.462891786705658,0.33370958082712426,2.3190119235338917,1.462891834195708,0.3337095831588755,2.3190119359479207,1.4747753825496064,2.174038935947921,168,0.144973,0.1449729999999997,0.14497300000000013,2.7755575615628914e-16,False,True,True,False,False,
UPPER,UPPER:P1:O1:R12,SIMILARITY,1,1,12,-1,-1.1946959419266335e-10,1.0930214736804739e-05,1.093021473680474e-05,0.9999890697852631,1.0000000000000002,5.709346195704133e-16,0.0,1.1925542359408488,1.192214103012191,1.1928738282481148,1.192554289985604,1.1922142211718176,1.1928739463423925,1.047581308431759,1.0479009463423925,168,1.584586021038793e-06,1.5845860210387903e-06,1.5845860210387954e-06,0.14497141541397895,False,False,True,False,False,1.093021473680474e-05
UPPER,UPPER:P1:O1:R12,AFFINE,1,1,12,0,1.1414113983504564,1.0683576384308997,1.0683794988603732,0.0683794988603732,1.0000204617149606,4.657552328430826e-16,0.00015000000000000001,0.28906559309514873,0.10813102479082506,0.4520646678013889,0.2890659492549512,0.10813168810447404,0.45206467641328035,0.19995336422597793,0.3070916764132804,168,0.1548845965063167,0.15488333959267284,0.15488606061080368,0.009913060610803687,False,False,True,True,False,
UPPER,UPPER:P1:O1:R13,RIGID,1,1,13,1,1.0,0.9999999999999997,1.0000000000000002,3.3306690738754696e-16,1.0000000000000007,5.541512297237292e-16,3.0000000000000004e-05,0.31015807543622714,0.1776796226897147,0.44128835316923987,0.3101583190019549,0.17767962294098505,0.4412883562729542,0.1982727108221527,0.29631535627295424,168,0.14497300000000002,0.14497299999999982,0.14497300000000016,1.6653345369377348e-16,False,True,True,True,False,
UPPER,UPPER:P1:O1:R13,SIMILARITY,1,1,13,1,1.141371468282193,1.0683498810231566,1.0683498810231566,0.06834988102315664,1.0,6.43493712216787e-16,0.00011,0.2891390541971449,0.10831743670804567,0.45211290600517046,0.2891394167927546,0.10831745968396823,0.45211290685140415,0.20001548205370726,0.30713990685140413,168,0.1548818873015701,0.15488188730156985,0.15488188730157024,0.009908887301570246,False,False,True,True,False,1.0683498810231566
UPPER,UPPER:P1:O1:R13,RIGID,1,1,13,-1,-1.0,1.0,1.0,0.0,1.0,5.832843594602244e-16,9e-05,1.4310818118102873,0.07096491019851424,2.2485350589559774,1.4310820376959297,0.07096762547608763,2.2485350638425015,1.4778863632302792,2.1035620638425017,168,0.14497300000000002,0.14497299999999982,0.14497300000000019,1.942890293094024e-16,False,True,True,True,False,
UPPER,UPPER:P1:O1:R13,SIMILARITY,1,1,13,-1,-7.361684892088571e-10,2.7132425052119014e-05,2.7132425052119014e-05,0.9999728675749479,1.0,5.709329186852318e-16,0.0,1.1925542357913268,1.1921719717192871,1.1928458165793785,1.1925542898362866,1.1921720898830894,1.1928459346764293,1.047581308112177,1.0478729346764293,168,3.93346905708085e-06,3.933469057080845e-06,3.933469057080853e-06,0.1449690665309429,False,False,True,False,False,2.7132425052119014e-05
UPPER,UPPER:P1:O1:R13,AFFINE,1,1,13,0,1.1413714675460238,1.0683227485981042,1.0683770134482085,0.06837701344820846,1.0000507944347112,9.226111567305273e-16,0.00011,0.28913905061439593,0.10834386915497811,0.452124312609809,0.2891394132413025,0.10834389212529529,0.4521243134560214,0.20001548250057133,0.3071513134560214,168,0.15488188732654398,0.15487811008193753,0.154884726500756,0.009911726500756002,False,False,True,True,False,
UPPER,UPPER:P1:O1:R14,RIGID,1,1,14,1,0.9999999999999997,0.9999999999999999,0.9999999999999999,1.1102230246251565e-16,1.0,5.486408558979578e-16,0.0,0.31023507054564164,0.17782549107009443,0.44112425361508395,0.3102353242095128,0.1778256529606529,0.4411242553790489,0.19828223023408054,0.29615125537904896,168,0.144973,0.14497299999999982,0.14497300000000016,1.6653345369377348e-16,False,True,True,False,False,
UPPER,UPPER:P1:O1:R14,SIMILARITY,1,1,14,1,1.141347343223303,1.0683385901591793,1.0683385901591793,0.06833859015917931,1.0,6.120374432243009e-16,0.0,0.2892312398382052,0.10847481499855871,0.4520305837994064,0.28923157135315225,0.10847508038961695,0.45203058552081143,0.20001837001008452,0.3070575855208114,168,0.1548802504311467,0.15488025043114648,0.1548802504311468,0.009907250431146819,False,False,True,False,False,1.0683385901591795
UPPER,UPPER:P1:O1:R14,RIGID,1,1,14,-1,-0.9999999999999994,0.9999999999999996,1.0,4.440892098500626e-16,1.0000000000000004,6.014577820009035e-16,0.0,1.4571439944766567,0.26198903722384725,2.3109465997975316,1.4571440398522324,0.261989050162453,2.3109466383121324,1.4753203327239064,2.1659736383121326,168,0.14497299999999994,0.14497299999999977,0.14497300000000013,2.220446049250313e-16,False,True,True,False,False,
UPPER,UPPER:P1:O1:R14,SIMILARITY,1,1,14,-1,-1.3253219541446204e-09,3.640497155808011e-05,3.640497155808011e-05,0.9999635950284419,1.0,5.709348856360145e-16,0.0,1.1925542356486354,1.1921902459402423,1.192849412040375,1.1925542896931975,1.1921903641022331,1.1928495301370698,1.047581307806931,1.0478765301370698,168,5.277737941689547e-06,5.277737941689542e-06,5.2777379416895515e-06,0.1449677222620583,False,False,True,False,False,3.640497155808012e-05
UPPER,UPPER:P1:O1:R14,AFFINE,1,1,14,0,1.1413473418979814,1.0683021851876213,1.0683749951307377,0.06837499513073775,1.0000681548199806,6.618619076658012e-16,0.0,0.28923123877646867,0.10844186640814822,0.4520564544353883,0.28923157026360574,0.10844213187984174,0.4520564561566948,0.20001836697014164,0.30708345615669486,168,0.1548802504761082,0.15487583525048773,0.1548849621187991,0.009911962118799106,False,False,True,False,False,
UPPER,UPPER:P1:O-1:R0,RIGID,1,-1,0,1,0.9999999999999994,0.9999999999999996,1.0,4.440892098500626e-16,1.0000000000000004,5.971056020390761e-16,0.0,1.4571439944766567,0.26198903722384725,2.3109465997975316,1.4571440398522324,0.261989050162453,2.3109466383121324,1.4753203327239064,2.1659736383121326,168,0.14497299999999994,0.14497299999999977,0.14497300000000013,2.220446049250313e-16,False,True,True,False,False,
UPPER,UPPER:P1:O-1:R0,SIMILARITY,1,-1,0,1,1.3253219541446204e-09,3.640497155808011e-05,3.640497155808011e-05,0.9999635950284419,1.0,5.70940261858673e-16,0.0,1.1925542356486354,1.1921902459402423,1.192849412040375,1.1925542896931975,1.1921903641022331,1.1928495301370698,1.047581307806931,1.0478765301370698,168,5.277737941689548e-06,5.277737941689542e-06,5.2777379416895515e-06,0.1449677222620583,False,False,True,False,False,3.640497155808012e-05
UPPER,UPPER:P1:O-1:R0,RIGID,1,-1,0,-1,-0.9999999999999997,0.9999999999999999,0.9999999999999999,1.1102230246251565e-16,1.0,6.014964884682259e-16,0.0,0.31023507054564164,0.17782549107009443,0.44112425361508395,0.3102353242095128,0.1778256529606529,0.4411242553790489,0.19828223023408054,0.29615125537904896,168,0.144973,0.14497299999999982,0.14497300000000016,1.6653345369377348e-16,False,True,True,False,False,
UPPER,UPPER:P1:O-1:R0,SIMILARITY,1,-1,0,-1,-1.141347343223303,1.0683385901591793,1.0683385901591793,0.06833859015917931,1.0,5.714242123327119e-16,0.0,0.2892312398382052,0.10847481499855871,0.4520305837994064,0.28923157135315225,0.10847508038961695,0.45203058552081143,0.20001837001008452,0.3070575855208114,168,0.1548802504311467,0.15488025043114648,0.1548802504311468,0.009907250431146819,False,False,True,False,False,1.0683385901591795
UPPER,UPPER:P1:O-1:R0,AFFINE,1,-1,0,0,-1.1413473418979814,1.0683021851876213,1.0683749951307377,0.06837499513073775,1.0000681548199806,6.130167690448566e-16,0.0,0.28923123877646867,0.10844186640814822,0.4520564544353883,0.28923157026360574,0.10844213187984174,0.4520564561566948,0.20001836697014164,0.30708345615669486,168,0.15488025047610823,0.15487583525048773,0.1548849621187991,0.009911962118799106,False,False,True,False,False,
UPPER,UPPER:P1:O-1:R1,RIGID,1,-1,1,1,1.0,1.0,1.0,0.0,1.0,5.997765491895885e-16,9e-05,1.4310818118102873,0.07096491019851424,2.2485350589559774,1.4310820376959297,0.07096762547608763,2.2485350638425015,1.4778863632302792,2.1035620638425017,168,0.144973,0.14497299999999982,0.14497300000000019,1.942890293094024e-16,False,True,True,True,False,
UPPER,UPPER:P1:O-1:R1,SIMILARITY,1,-1,1,1,7.361684892088571e-10,2.7132425052119014e-05,2.7132425052119014e-05,0.9999728675749479,1.0,5.70933609405833e-16,0.0,1.1925542357913268,1.1921719717192871,1.1928458165793785,1.1925542898362866,1.1921720898830894,1.1928459346764293,1.047581308112177,1.0478729346764293,168,3.93346905708085e-06,3.933469057080845e-06,3.933469057080853e-06,0.1449690665309429,False,False,True,False,False,2.7132425052119014e-05
UPPER,UPPER:P1:O-1:R1,RIGID,1,-1,1,-1,-1.0,0.9999999999999997,1.0000000000000002,3.3306690738754696e-16,1.0000000000000007,5.018300663918628e-16,3.0000000000000004e-05,0.31015807543622714,0.1776796226897147,0.44128835316923987,0.3101583190019549,0.17767962294098505,0.4412883562729542,0.1982727108221527,0.29631535627295424,168,0.144973,0.14497299999999982,0.14497300000000016,1.6653345369377348e-16,False,True,True,True,False,
UPPER,UPPER:P1:O-1:R1,SIMILARITY,1,-1,1,-1,-1.141371468282193,1.0683498810231566,1.0683498810231566,0.06834988102315664,1.0,6.73502385247469e-16,0.00011,0.2891390541971449,0.10831743670804567,0.45211290600517046,0.2891394167927546,0.10831745968396823,0.45211290685140415,0.20001548205370726,0.30713990685140413,168,0.1548818873015701,0.15488188730156985,0.15488188730157024,0.009908887301570246,False,False,True,True,False,1.0683498810231566
UPPER,UPPER:P1:O-1:R1,AFFINE,1,-1,1,0,-1.1413714675460238,1.0683227485981042,1.0683770134482085,0.06837701344820846,1.0000507944347112,9.3424025789585e-16,0.00011,0.28913905061439593,0.10834386915497811,0.452124312609809,0.2891394132413025,0.10834389212529529,0.4521243134560214,0.20001548250057133,0.3071513134560214,168,0.15488188732654395,0.15487811008193753,0.154884726500756,0.009911726500756002,False,False,True,True,False,
UPPER,UPPER:P1:O-1:R2,RIGID,1,-1,2,1,0.9999999999999999,0.9999999999999999,1.0,1.1102230246251565e-16,1.0000000000000002,6.212944761863823e-16,0.0,1.462891786705658,0.33370958082712426,2.3190119235338917,1.462891834195708,0.3337095831588755,2.3190119359479207,1.4747753825496064,2.174038935947921,168,0.144973,0.1449729999999997,0.14497300000000013,2.7755575615628914e-16,False,True,True,False,False,
UPPER,UPPER:P1:O-1:R2,SIMILARITY,1,-1,2,1,1.1946959419266335e-10,1.0930214736804739e-05,1.093021473680474e-05,0.9999890697852631,1.0000000000000002,5.709349990164959e-16,0.0,1.1925542359408488,1.192214103012191,1.1928738282481148,1.192554289985604,1.1922142211718176,1.1928739463423925,1.047581308431759,1.0479009463423925,168,1.5845860210387935e-06,1.5845860210387903e-06,1.5845860210387954e-06,0.14497141541397895,False,False,True,False,False,1.093021473680474e-05
UPPER,UPPER:P1:O-1:R2,RIGID,1,-1,2,-1,-0.9999999999999997,0.9999999999999999,1.0,1.1102230246251565e-16,1.0000000000000002,6.013390125003003e-16,8e-05,0.3100882276467939,0.17752240789480653,0.4412155122932169,0.3100884778101901,0.17752267638267052,0.4412155406691867,0.19821483250809563,0.29624254066918676,168,0.14497299999999996,0.1449729999999997,0.14497300000000016,2.7755575615628914e-16,False,True,True,True,False,
UPPER,UPPER:P1:O-1:R2,SIMILARITY,1,-1,2,-1,-1.1414113984699246,1.0683685686456355,1.0683685686456361,0.06836856864563612,1.0000000000000007,6.246933919902289e-16,0.00015000000000000001,0.2890655924562005,0.10814127980348887,0.4520712076983186,0.289065948615075,0.10814194305423636,0.45207121631008546,0.19995336503524114,0.3070982163100855,168,0.15488459650226374,0.1548845965022636,0.1548845965022639,0.00991159650226392,False,False,True,True,False,1.068368568645636
UPPER,UPPER:P1:O-1:R2,AFFINE,1,-1,2,0,-1.1414113983504564,1.0683576384308997,1.0683794988603732,0.0683794988603732,1.0000204617149606,3.678026569137927e-16,0.00015000000000000001,0.28906559309514873,0.10813102479082506,0.4520646678013889,0.2890659492549512,0.10813168810447404,0.45206467641328035,0.19995336422597793,0.3070916764132804,168,0.15488459650631672,0.15488333959267284,0.15488606061080368,0.009913060610803687,False,False,True,True,False,
UPPER,UPPER:P1:O-1:R3,RIGID,1,-1,3,1,0.9999999999999998,0.9999999999999998,1.0,2.220446049250313e-16,1.0000000000000002,5.639229782543663e-16,0.0,1.4658952007562447,0.38421596576289413,2.322362661449046,1.4658952776716376,0.38421605639727807,2.32236269977432,1.4744727566056883,2.17738969977432,168,0.144973,0.14497299999999985,0.14497300000000013,1.3877787807814457e-16,False,True,True,False,False,
UPPER,UPPER:P1:O-1:R3,SIMILARITY,1,-1,3,1,4.12453222775079e-10,2.0308944403269206e-05,2.030894440326921e-05,0.9999796910555967,1.0000000000000002,5.709346074128581e-16,0.0,1.1925542358697423,1.1922063934767715,1.1928845263476147,1.192554289914903,1.192206511637162,1.1928845291892751,1.0475813082798977,1.047911529189275,168,2.944248596975147e-06,2.9442485969751435e-06,2.9442485969751494e-06,0.144970055751403,False,False,True,False,False,2.030894440326921e-05
UPPER,UPPER:P1:O-1:R3,RIGID,1,-1,3,-1,-0.9999999999999997,0.9999999999999997,1.0000000000000002,3.3306690738754696e-16,1.0000000000000007,4.1357175990618783e-16,4e-05,0.31019718947003005,0.17739168945385828,0.441360979297371,0.31019742334073264,0.17739260777732913,0.4413614072565041,0.1983752036062608,0.29638840725650406,168,0.144973,0.14497299999999977,0.14497300000000016,2.220446049250313e-16,False,True,True,True,False,
UPPER,UPPER:P1:O-1:R3,SIMILARITY,1,-1,3,-1,-1.1413234175369176,1.0683273924864594,1.0683273924864596,0.06832739248645958,1.0000000000000002,6.514854018584014e-16,0.00014000000000000001,0.28918428344256913,0.1080523096066332,0.4522052591740354,0.28918466100369644,0.10805439175268437,0.45220555200916657,0.20012152850863038,0.30723255200916655,168,0.1548786270709395,0.1548786270709393,0.1548786270709397,0.009905627070939699,False,False,True,True,False,1.0683273924864596
UPPER,UPPER:P1:O-1:R3,AFFINE,1,-1,3,0,-1.1413234171244644,1.068307083542056,1.0683477014308627,0.06834770143086266,1.0000380207989186,4.615219541635102e-16,0.00014000000000000001,0.2891842834165176,0.10805604061804941,0.45219214215286124,0.2891846609911909,0.10805812269220862,0.45219243499648687,0.20012152732648109,0.30721943499648685,168,0.1548786270849321,0.15487638444978843,0.15488140047955648,0.00990840047955649,False,False,True,True,False,
UPPER,UPPER:P1:O-1:R4,RIGID,1,-1,4,1,0.9999999999999994,0.9999999999999996,0.9999999999999999,4.440892098500626e-16,1.0000000000000004,7.017707398036347e-16,0.0,1.4705601488433107,0.17936519024106753,2.3093601127915004,1.4705601917018793,0.17936520913978896,2.3093601131284456,1.4740157320200578,2.164387113128446,168,0.14497299999999994,0.14497299999999974,0.14497300000000005,2.498001805406602e-16,False,True,True,False,False,
UPPER,UPPER:P1:O-1:R4,SIMILARITY,1,-1,4,1,3.286348479187451e-10,1.8128288609759748e-05,1.812828860975975e-05,0.9999818717113902,1.0000000000000002,5.7093533088037e-16,0.0,1.1925542358901824,1.1921997060944935,1.1928597614223795,1.1925542899348405,1.192199824255547,1.1928598795180498,1.047581308323383,1.0478868795180498,168,2.6281123846226996e-06,2.6281123846226966e-06,2.6281123846227025e-06,0.14497037188761536,False,False,True,False,False,1.8128288609759755e-05
UPPER,UPPER:P1:O-1:R4,RIGID,1,-1,4,-1,-0.9999999999999994,0.9999999999999997,0.9999999999999999,3.3306690738754696e-16,1.0000000000000002,5.667929404063288e-16,0.0,0.3102642753699502,0.17766697798684672,0.44121841992711186,0.31026451749729633,0.17766769491954124,0.4412186216529724,0.19834485681444555,0.2962456216529724,168,0.14497299999999996,0.1449729999999998,0.14497300000000016,1.942890293094024e-16,False,True,True,False,False,
UPPER,UPPER:P1:O-1:R4,SIMILARITY,1,-1,4,-1,-1.1413165635634297,1.0683241846759013,1.0683241846759017,0.06832418467590173,1.0000000000000004,6.694670433963262e-16,0.0,0.2892737208703607,0.10833092446593696,0.45208685585904773,0.28927401808848197,0.10833210025975237,0.45208705273530114,0.2000765369940389,0.3071140527353011,168,0.15487816202501947,0.1548781620250193,0.15487816202501964,0.009905162025019648,False,False,True,False,False,1.0683241846759017
UPPER,UPPER:P1:O-1:R4,AFFINE,1,-1,4,0,-1.1413165632347968,1.0683060563872926,1.0683423129645122,0.06834231296451221,1.000033938380301,4.2124840487829013e-16,0.0,0.28927371889528447,0.10833978044304092,0.4520793351862915,0.2892740161035678,0.1083409561407449,0.4520793930584579,0.2000765374829376,0.3071063930584579,168,0.15487816203616872,0.15487680389330633,0.15488078963861776,0.00990778963861777,False,False,True,False,False,
UPPER,UPPER:P1:O-1:R5,RIGID,1,-1,5,1,1.0000000000000002,1.0,1.0000000000000004,4.440892098500626e-16,1.0000000000000004,6.503457153468744e-16,0.0,1.4571439944766942,0.26198903722424155,2.3109465997975858,1.4571440398522697,0.2619890501628473,2.310946638312186,1.4753203327239028,2.1659736383121864,168,0.14497300000000002,0.14497299999999988,0.14497300000000016,1.6653345369377348e-16,False,True,True,False,False,
UPPER,UPPER:P1:O-1:R5,SIMILARITY,1,-1,5,1,1.3253219541427558e-09,3.64049715580545e-05,3.640497155805451e-05,0.9999635950284419,1.0000000000000004,5.709329155548482e-16,0.0,1.1925542356486354,1.1921902459402423,1.192849412040375,1.1925542896931975,1.1921903641022331,1.1928495301370698,1.047581307806931,1.0478765301370698,168,5.277737941685835e-06,5.2777379416858305e-06,5.277737941685841e-06,0.1449677222620583,False,False,True,False,False,3.64049715580545e-05
UPPER,UPPER:P1:O-1:R5,RIGID,1,-1,5,-1,-1.0000000000000002,1.0,1.0000000000000002,2.220446049250313e-16,1.0000000000000002,5.841196697299593e-16,0.0,0.31023507054564153,0.17782549107009424,0.4411242536150842,0.3102353242095127,0.1778256529606527,0.4411242553790492,0.1982822302340805,0.2961512553790492,168,0.14497300000000002,0.14497299999999982,0.14497300000000016,1.6653345369377348e-16,False,True,True,False,False,
UPPER,UPPER:P1:O-1:R5,SIMILARITY,1,-1,5,-1,-1.1413473432233032,1.0683385901591793,1.0683385901591795,0.06833859015917954,1.0000000000000002,5.070683340600592e-16,0.0,0.2892312398382052,0.10847481499855867,0.4520305837994067,0.2892315713531522,0.10847508038961691,0.4520305855208117,0.20001837001008457,0.30705758552081175,168,0.1548802504311467,0.15488025043114645,0.15488025043114684,0.009907250431146847,False,False,True,False,False,1.0683385901591793
UPPER,UPPER:P1:O-1:R5,AFFINE,1,-1,5,0,-1.1413473418979814,1.068302185187621,1.068374995130738,0.06837499513073797,1.000068154819981,6.83045792964004e-16,0.0,0.28923123877646867,0.10844186640814786,0.4520564544353888,0.2892315702636058,0.10844213187984138,0.4520564561566953,0.20001836697014164,0.3070834561566953,168,0.1548802504761082,0.15487583525048773,0.15488496211879904,0.00991196211879905,False,False,True,False,False,
UPPER,UPPER:P1:O-1:R6,RIGID,1,-1,6,1,1.0,1.0,1.0,0.0,1.0,5.436739670806656e-16,9e-05,1.4310818118107584,0.07096491020481842,2.248535058958972,1.4310820376964004,0.07096762548239158,2.248535063845496,1.4778863632302328,2.103562063845496,168,0.144973,0.14497299999999982,0.14497300000000019,1.942890293094024e-16,False,True,True,True,False,
UPPER,UPPER:P1:O-1:R6,SIMILARITY,1,-1,6,1,7.361684892115483e-10,2.7132425052168634e-05,2.7132425052168637e-05,0.9999728675749479,1.0000000000000002,5.7093184222169e-16,0.0,1.1925542357913268,1.1921719717192871,1.192845816579378,1.1925542898362866,1.1921720898830894,1.192845934676429,1.047581308112177,1.047872934676429,168,3.933469057088043e-06,3.933469057088039e-06,3.933469057088047e-06,0.1449690665309429,False,False,True,False,False,2.7132425052168634e-05
UPPER,UPPER:P1:O-1:R6,RIGID,1,-1,6,-1,-1.0000000000000002,1.0,1.0,0.0,1.0,5.611327744924242e-16,3.0000000000000004e-05,0.31015807543622714,0.17767962268971463,0.44128835316924,0.31015831900195484,0.17767962294098497,0.4412883562729544,0.19827271082215267,0.29631535627295436,168,0.14497300000000002,0.14497299999999985,0.1449730000000002,2.220446049250313e-16,False,True,True,True,False,
UPPER,UPPER:P1:O-1:R6,SIMILARITY,1,-1,6,-1,-1.1413714682821927,1.0683498810231564,1.0683498810231564,0.06834988102315642,1.0,6.10591511710357e-16,0.00011,0.2891390541971449,0.10831743670804567,0.4521129060051705,0.2891394167927546,0.10831745968396823,0.4521129068514042,0.20001548205370723,0.30713990685140424,168,0.15488188730157007,0.1548818873015697,0.1548818873015702,0.009908887301570218,False,False,True,True,False,1.0683498810231564
UPPER,UPPER:P1:O-1:R6,AFFINE,1,-1,6,0,-1.1413714675460243,1.0683227485981042,1.068377013448209,0.0683770134482089,1.0000507944347117,6.597653010768092e-16,0.00011,0.28913905061439593,0.10834386915497814,0.45212431260980956,0.2891394132413024,0.10834389212529531,0.45212431345602194,0.20001548250057138,0.307151313456022,168,0.154881887326544,0.15487811008193755,0.1548847265007561,0.009911726500756113,False,False,True,True,False,
UPPER,UPPER:P1:O-1:R7,RIGID,1,-1,7,1,1.0,1.0,1.0,0.0,1.0,4.4370529807245824e-16,0.0,1.462891786707139,0.3337095808491108,2.319011923535723,1.4628918341971897,0.333709583180862,2.319011935949752,1.4747753825494605,2.1740389359497523,168,0.144973,0.1449729999999999,0.14497300000000013,1.3877787807814457e-16,False,True,True,False,False,
UPPER,UPPER:P1:O-1:R7,SIMILARITY,1,-1,7,1,1.1946959419514805e-10,1.0930214736918392e-05,1.0930214736918394e-05,0.999989069785263,1.0000000000000002,5.709332144676714e-16,0.0,1.1925542359408488,1.1922141030121913,1.192873828248115,1.192554289985604,1.1922142211718179,1.1928739463423927,1.0475813084317587,1.0479009463423927,168,1.5845860210552702e-06,1.5845860210552685e-06,1.5845860210552721e-06,0.14497141541397893,False,False,True,False,False,1.0930214736918394e-05
UPPER,UPPER:P1:O-1:R7,RIGID,1,-1,7,-1,-1.0,1.0,1.0,0.0,1.0,5.459464086111274e-16,8e-05,0.31008822764679383,0.17752240789480628,0.44121551229321704,0.31008847781019006,0.17752267638267027,0.4412155406691869,0.19821483250809563,0.29624254066918687,168,0.144973,0.1449729999999997,0.14497300000000013,2.7755575615628914e-16,False,True,True,True,False,
UPPER,UPPER:P1:O-1:R7,SIMILARITY,1,-1,7,-1,-1.1414113984699252,1.0683685686456361,1.0683685686456361,0.06836856864563612,1.0,5.181057639899455e-16,0.00015000000000000001,0.28906559245620045,0.10814127980348817,0.4520712076983186,0.289065948615075,0.10814194305423566,0.45207121631008546,0.19995336503524114,0.3070982163100855,168,0.1548845965022638,0.15488459650226358,0.15488459650226394,0.009911596502263947,False,False,True,True,False,1.0683685686456361
UPPER,UPPER:P1:O-1:R7,AFFINE,1,-1,7,0,-1.1414113983504561,1.0683576384308995,1.0683794988603732,0.0683794988603732,1.0000204617149608,5.073897700814151e-16,0.00015000000000000001,0.2890655930951488,0.10813102479082505,0.45206466780138904,0.2890659492549513,0.10813168810447404,0.4520646764132805,0.19995336422597795,0.3070916764132805,168,0.1548845965063167,0.1548833395926729,0.15488606061080365,0.009913060610803659,False,False,True,True,False,
UPPER,UPPER:P1:O-1:R8,RIGID,1,-1,8,1,1.0000000000000009,1.0000000000000002,1.0000000000000007,6.661338147750939e-16,1.0000000000000004,6.977148352448624e-16,0.0,1.4658952007564068,0.38421596576602995,2.322362661449212,1.465895277671799,0.3842160564004139,2.322362699774486,1.474472756605673,2.177389699774486,168,0.14497300000000002,0.1449729999999999,0.14497300000000013,1.3877787807814457e-16,False,True,True,False,False,
UPPER,UPPER:P1:O-1:R8,SIMILARITY,1,-1,8,1,4.124532227728693e-10,2.030894440321478e-05,2.030894440321479e-05,0.9999796910555968,1.0000000000000004,5.709336148312697e-16,0.0,1.192554235869742,1.1922063934767715,1.1928845263476147,1.192554289914903,1.192206511637162,1.1928845291892751,1.0475813082798977,1.047911529189275,168,2.9442485969672568e-06,2.9442485969672534e-06,2.9442485969672598e-06,0.144970055751403,False,False,True,False,False,2.0308944403214776e-05
UPPER,UPPER:P1:O-1:R8,RIGID,1,-1,8,-1,-1.0000000000000004,1.0000000000000002,1.0000000000000004,4.440892098500626e-16,1.0000000000000002,5.928935255602087e-16,4e-05,0.3101971894700298,0.17739168945385778,0.44136097929737106,0.31019742334073247,0.17739260777732865,0.44136140725650413,0.19837520360626076,0.29638840725650417,168,0.14497300000000002,0.14497299999999988,0.14497300000000013,1.3877787807814457e-16,False,True,True,True,False,
UPPER,UPPER:P1:O-1:R8,SIMILARITY,1,-1,8,-1,-1.141323417536919,1.06832739248646,1.0683273924864602,0.06832739248646025,1.0000000000000002,5.897068258735685e-16,0.00014000000000000001,0.28918428344256897,0.10805230960663265,0.4522052591740357,0.2891846610036964,0.10805439175268382,0.45220555200916684,0.20012152850863044,0.3072325520091669,168,0.15487862707093955,0.15487862707093933,0.15487862707093975,0.009905627070939754,False,False,True,True,False,1.0683273924864598
UPPER,UPPER:P1:O-1:R8,AFFINE,1,-1,8,0,-1.1413234171244655,1.0683070835420567,1.0683477014308629,0.06834770143086288,1.0000380207989181,5.914731949345995e-16,0.00014000000000000001,0.2891842834165174,0.10805604061804899,0.45219214215286124,0.2891846609911907,0.1080581226922082,0.45219243499648687,0.20012152732648117,0.30721943499648685,168,0.1548786270849322,0.15487638444978866,0.15488140047955648,0.00990840047955649,False,False,True,True,False,
UPPER,UPPER:P1:O-1:R9,RIGID,1,-1,9,1,1.0000000000000007,1.0000000000000002,1.0000000000000004,4.440892098500626e-16,1.0000000000000002,5.618400453410547e-16,0.0,1.4705601488432702,0.17936519023836894,2.3093601127887893,1.4705601917018392,0.17936520913709034,2.3093601131257344,1.4740157320200624,2.1643871131257346,168,0.14497300000000002,0.14497299999999985,0.14497300000000019,1.942890293094024e-16,False,True,True,False,False,
UPPER,UPPER:P1:O-1:R9,SIMILARITY,1,-1,9,1,3.2863484792060264e-10,1.812828860981099e-05,1.8128288609810994e-05,0.9999818717113902,1.0000000000000002,5.709342076208798e-16,0.0,1.1925542358901824,1.192199706094494,1.19285976142238,1.1925542899348405,1.1921998242555474,1.1928598795180503,1.047581308323383,1.0478868795180503,168,2.6281123846301285e-06,2.628112384630125e-06,2.628112384630131e-06,0.14497037188761536,False,False,True,False,False,1.8128288609810987e-05
UPPER,UPPER:P1:O-1:R9,RIGID,1,-1,9,-1,-1.0000000000000004,1.0,1.0000000000000004,4.440892098500626e-16,1.0000000000000004,5.918887853546014e-16,0.0,0.31026427536995005,0.17766697798684603,0.4412184199271117,0.31026451749729617,0.17766769491954054,0.4412186216529722,0.19834485681444552,0.2962456216529722,168,0.14497300000000002,0.14497299999999988,0.14497300000000024,2.498001805406602e-16,False,True,True,False,False,
UPPER,UPPER:P1:O-1:R9,SIMILARITY,1,-1,9,-1,-1.141316563563434,1.0683241846759033,1.0683241846759035,0.06832418467590351,1.0000000000000002,6.036250790847213e-16,0.0,0.28927372087036035,0.10833092446593497,0.4520868558590479,0.2892740180884816,0.10833210025975037,0.4520870527353013,0.20007653699403924,0.30711405273530135,168,0.15487816202501975,0.15487816202501947,0.15487816202501992,0.009905162025019926,False,False,True,False,False,1.068324184675903
UPPER,UPPER:P1:O-1:R9,AFFINE,1,-1,9,0,-1.1413165632347977,1.0683060563872928,1.0683423129645127,0.06834231296451265,1.0000339383803012,6.135191975495725e-16,0.0,0.2892737188952844,0.1083397804430407,0.452079335186292,0.28927401610356773,0.1083409561407447,0.45207939305845846,0.2000765374829377,0.30710639305845844,168,0.1548781620361688,0.15487680389330635,0.15488078963861784,0.009907789638617853,False,False,True,False,False,
UPPER,UPPER:P1:O-1:R10,RIGID,1,-1,10,1,1.0000000000000002,1.0,1.0000000000000002,2.220446049250313e-16,1.0000000000000002,4.650095108290442e-16,0.0,1.4571439944766382,0.26198903722364986,2.310946599797505,1.4571440398522146,0.2619890501622556,2.3109466383121053,1.4753203327239086,2.1659736383121055,168,0.14497300000000002,0.14497299999999985,0.14497300000000016,1.6653345369377348e-16,False,True,True,False,False,
UPPER,UPPER:P1:O-1:R10,SIMILARITY,1,-1,10,1,1.3253219541336684e-09,3.6404971557929654e-05,3.6404971557929654e-05,0.9999635950284421,1.0,5.709328282234222e-16,0.0,1.1925542356486354,1.1921902459402423,1.192849412040375,1.1925542896931975,1.1921903641022331,1.1928495301370698,1.047581307806931,1.0478765301370698,168,5.277737941667735e-06,5.277737941667725e-06,5.27773794166774e-06,0.1449677222620583,False,False,True,False,False,3.640497155792965e-05
UPPER,UPPER:P1:O-1:R10,RIGID,1,-1,10,-1,-1.0000000000000002,1.0,1.0000000000000002,2.220446049250313e-16,1.0000000000000002,6.905367757062013e-16,0.0,0.31023507054564153,0.17782549107009432,0.44112425361508395,0.31023532420951266,0.17782565296065278,0.4411242553790489,0.19828223023408054,0.29615125537904896,168,0.14497300000000002,0.1449729999999999,0.14497300000000016,1.6653345369377348e-16,False,True,True,False,False,
UPPER,UPPER:P1:O-1:R10,SIMILARITY,1,-1,10,-1,-1.1413473432233037,1.0683385901591795,1.0683385901591798,0.06833859015917976,1.0000000000000002,7.00138666896638e-16,0.0,0.2892312398382052,0.10847481499855854,0.45203058379940636,0.28923157135315214,0.10847508038961678,0.45203058552081143,0.20001837001008457,0.3070575855208114,168,0.15488025043114673,0.15488025043114653,0.15488025043114687,0.009907250431146875,False,False,True,False,False,1.0683385901591795
UPPER,UPPER:P1:O-1:R10,AFFINE,1,-1,10,0,-1.1413473418979814,1.0683021851876213,1.0683749951307377,0.06837499513073775,1.0000681548199806,4.711299203282178e-16,0.0,0.28923123877646867,0.10844186640814779,0.4520564544353889,0.28923157026360585,0.10844213187984131,0.45205645615669543,0.2000183669701416,0.3070834561566954,168,0.15488025047610823,0.15487583525048773,0.1548849621187991,0.009911962118799106,False,False,True,False,False,
UPPER,UPPER:P1:O-1:R11,RIGID,1,-1,11,1,0.9999999999999999,0.9999999999999997,1.0000000000000002,3.3306690738754696e-16,1.0000000000000007,5.731921041566066e-16,9e-05,1.4310818118103201,0.0709649101989579,2.2485350589561883,1.4310820376959625,0.07096762547653128,2.2485350638427124,1.4778863632302757,2.1035620638427126,168,0.14497299999999996,0.1449729999999998,0.14497300000000019,1.942890293094024e-16,False,True,True,True,False,
UPPER,UPPER:P1:O-1:R11,SIMILARITY,1,-1,11,1,7.361684892126756e-10,2.7132425052189443e-05,2.713242505218945e-05,0.9999728675749479,1.0000000000000002,5.709349452455534e-16,0.0,1.1925542357913268,1.192171971719287,1.1928458165793783,1.1925542898362866,1.1921720898830892,1.192845934676429,1.047581308112177,1.047872934676429,168,3.93346905709106e-06,3.933469057091053e-06,3.933469057091067e-06,0.1449690665309429,False,False,True,False,False,2.7132425052189447e-05
UPPER,UPPER:P1:O-1:R11,RIGID,1,-1,11,-1,-1.0,1.0,1.0,0.0,1.0,6.817117595425051e-16,3.0000000000000004e-05,0.31015807543622714,0.17767962268971488,0.44128835316924,0.31015831900195484,0.17767962294098522,0.4412883562729544,0.1982727108221527,0.29631535627295436,168,0.144973,0.14497299999999974,0.14497300000000007,2.498001805406602e-16,False,True,True,True,False,
UPPER,UPPER:P1:O-1:R11,SIMILARITY,1,-1,11,-1,-1.1413714682821923,1.0683498810231562,1.0683498810231564,0.06834988102315642,1.0000000000000002,6.246579702714825e-16,0.00011,0.289139054197145,0.10831743670804612,0.45211290600517057,0.2891394167927547,0.10831745968396869,0.45211290685140426,0.20001548205370714,0.30713990685140424,168,0.15488188730157001,0.15488188730156985,0.15488188730157013,0.009908887301570135,False,False,True,True,False,1.0683498810231564
UPPER,UPPER:P1:O-1:R11,AFFINE,1,-1,11,0,-1.1413714675460231,1.068322748598104,1.0683770134482085,0.06837701344820846,1.0000507944347115,7.852633096585574e-16,0.00011,0.289139050614396,0.10834386915497837,0.45212431260980906,0.2891394132413026,0.10834389212529555,0.45212431345602144,0.20001548250057133,0.3071513134560214,168,0.15488188732654395,0.15487811008193755,0.15488472650075602,0.00991172650075603,False,False,True,True,False,
UPPER,UPPER:P1:O-1:R12,RIGID,1,-1,12,1,1.0,1.0,1.0,0.0,1.0,6.13504169931469e-16,0.0,1.4628917867056577,0.33370958082712426,2.3190119235338917,1.462891834195708,0.3337095831588755,2.3190119359479207,1.4747753825496062,2.174038935947921,168,0.144973,0.14497299999999985,0.14497300000000016,1.6653345369377348e-16,False,True,True,False,False,
UPPER,UPPER:P1:O-1:R12,SIMILARITY,1,-1,12,1,1.194695941961981e-10,1.0930214736966414e-05,1.0930214736966416e-05,0.999989069785263,1.0000000000000002,5.709355423479687e-16,0.0,1.1925542359408488,1.1922141030121916,1.192873828248115,1.192554289985604,1.192214221171818,1.1928739463423927,1.0475813084317587,1.0479009463423927,168,1.584586021062232e-06,1.5845860210622305e-06,1.5845860210622333e-06,0.14497141541397893,False,False,True,False,False,1.0930214736966416e-05
UPPER,UPPER:P1:O-1:R12,RIGID,1,-1,12,-1,-0.9999999999999997,0.9999999999999998,1.0,2.220446049250313e-16,1.0000000000000002,6.150991565107494e-16,8e-05,0.3100882276467939,0.1775224078948063,0.44121551229321704,0.3100884778101901,0.1775226763826703,0.4412155406691869,0.19821483250809563,0.29624254066918687,168,0.144973,0.14497299999999982,0.14497300000000013,1.6653345369377348e-16,False,True,True,True,False,
UPPER,UPPER:P1:O-1:R12,SIMILARITY,1,-1,12,-1,-1.1414113984699246,1.0683685686456357,1.068368568645636,0.0683685686456359,1.0000000000000002,6.748980884931592e-16,0.00015000000000000001,0.2890655924562005,0.1081412798034883,0.4520712076983186,0.289065948615075,0.10814194305423579,0.45207121631008546,0.19995336503524105,0.3070982163100855,168,0.15488459650226374,0.1548845965022636,0.1548845965022639,0.00991159650226392,False,False,True,True,False,1.068368568645636
UPPER,UPPER:P1:O-1:R12,AFFINE,1,-1,12,0,-1.141411398350456,1.0683576384308993,1.0683794988603732,0.0683794988603732,1.000020461714961,5.259820290538422e-16,0.00015000000000000001,0.28906559309514884,0.10813102479082547,0.4520646678013889,0.2890659492549514,0.10813168810447446,0.45206467641328035,0.19995336422597793,0.3070916764132804,168,0.15488459650631667,0.15488333959267275,0.15488606061080376,0.00991306061080377,False,False,True,True,False,
UPPER,UPPER:P1:O-1:R13,RIGID,1,-1,13,1,1.0000000000000004,1.0,1.0000000000000002,2.220446049250313e-16,1.0000000000000002,3.964005760660919e-16,0.0,1.4658952007564068,0.3842159657660301,2.322362661449212,1.4658952776717993,0.38421605640041406,2.322362699774486,1.474472756605673,2.177389699774486,168,0.14497300000000002,0.14497299999999988,0.1449730000000001,1.1102230246251565e-16,False,True,True,False,False,
UPPER,UPPER:P1:O-1:R13,SIMILARITY,1,-1,13,1,4.124532227646752e-10,2.030894440301308e-05,2.0308944403013084e-05,0.999979691055597,1.0000000000000002,5.709388610223636e-16,0.0,1.192554235869742,1.1922063934767715,1.1928845263476144,1.192554289914903,1.192206511637162,1.192884529189275,1.0475813082798977,1.0479115291892749,168,2.9442485969380155e-06,2.9442485969380126e-06,2.9442485969380198e-06,0.14497005575140307,False,False,True,False,False,2.030894440301308e-05
UPPER,UPPER:P1:O-1:R13,RIGID,1,-1,13,-1,-1.0000000000000004,1.0,1.0,0.0,1.0,5.464849401716522e-16,4e-05,0.31019718947003,0.17739168945385803,0.4413609792973711,0.3101974233407326,0.17739260777732888,0.44136140725650413,0.19837520360626076,0.29638840725650417,168,0.14497300000000002,0.14497299999999982,0.14497300000000016,1.6653345369377348e-16,False,True,True,True,False,
UPPER,UPPER:P1:O-1:R13,SIMILARITY,1,-1,13,-1,-1.1413234175369182,1.0683273924864596,1.0683273924864598,0.0683273924864598,1.0000000000000002,5.633401336833875e-16,0.00014000000000000001,0.289184283442569,0.1080523096066332,0.45220525917403553,0.28918466100369644,0.10805439175268437,0.4522055520091667,0.20012152850863033,0.30723255200916666,168,0.1548786270709395,0.15487862707093933,0.15487862707093966,0.009905627070939671,False,False,True,True,False,1.0683273924864596
UPPER,UPPER:P1:O-1:R13,AFFINE,1,-1,13,0,-1.1413234171244648,1.0683070835420565,1.0683477014308629,0.06834770143086288,1.0000380207989183,4.233861076275223e-16,0.00014000000000000001,0.28918428341651753,0.10805604061804933,0.45219214215286124,0.2891846609911909,0.10805812269220853,0.45219243499648687,0.2001215273264811,0.30721943499648685,168,0.15487862708493216,0.15487638444978857,0.1548814004795565,0.009908400479556517,False,False,True,True,False,
UPPER,UPPER:P1:O-1:R14,RIGID,1,-1,14,1,1.0000000000000004,1.0,1.0000000000000002,2.220446049250313e-16,1.0000000000000002,5.38202520631432e-16,0.0,1.470560148843296,0.1793651902400851,2.309360112790514,1.470560191701865,0.1793652091388065,2.3093601131274593,1.4740157320200595,2.1643871131274595,168,0.14497300000000002,0.14497299999999988,0.1449730000000002,2.220446049250313e-16,False,True,True,False,False,
UPPER,UPPER:P1:O-1:R14,SIMILARITY,1,-1,14,1,3.286348479230405e-10,1.812828860987821e-05,1.8128288609878218e-05,0.9999818717113901,1.0000000000000004,5.709345890701935e-16,0.0,1.1925542358901824,1.1921997060944938,1.1928597614223797,1.1925542899348405,1.1921998242555472,1.19285987951805,1.0475813083233831,1.04788687951805,168,2.628112384639874e-06,2.628112384639871e-06,2.628112384639877e-06,0.14497037188761536,False,False,True,False,False,1.812828860987821e-05
UPPER,UPPER:P1:O-1:R14,RIGID,1,-1,14,-1,-1.0000000000000004,1.0000000000000002,1.0000000000000002,2.220446049250313e-16,1.0,5.730600251404307e-16,0.0,0.3102642753699501,0.17766697798684628,0.44121841992711175,0.31026451749729617,0.1776676949195408,0.44121862165297226,0.19834485681444552,0.2962456216529723,168,0.14497300000000002,0.14497299999999988,0.14497300000000013,1.3877787807814457e-16,False,True,True,False,False,
UPPER,UPPER:P1:O-1:R14,SIMILARITY,1,-1,14,-1,-1.1413165635634326,1.0683241846759028,1.0683241846759028,0.06832418467590284,1.0,6.018700657912966e-16,0.0,0.28927372087036046,0.10833092446593563,0.4520868558590479,0.28927401808848174,0.10833210025975104,0.4520870527353013,0.20007653699403913,0.30711405273530135,168,0.15487816202501967,0.15487816202501942,0.1548781620250198,0.009905162025019815,False,False,True,False,False,1.0683241846759026
UPPER,UPPER:P1:O-1:R14,AFFINE,1,-1,14,0,-1.1413165632347961,1.0683060563872924,1.068342312964512,0.06834231296451199,1.000033938380301,7.173085937238011e-16,0.0,0.2892737188952846,0.10833978044304114,0.45207933518629156,0.2892740161035679,0.10834095614074513,0.45207939305845796,0.2000765374829376,0.307106393058458,168,0.1548781620361687,0.15487680389330624,0.15488078963861776,0.00990778963861777,False,False,True,False,False,
