node_id,element,node_type,end,x_nm,y_nm,z_nm,coordinates_generated_by,energy_minimized,MD_relaxed
A:LOWER:-10:-2,N,ANNULUS_INTERIOR,LOWER,4.309116545797122,4.160153040519066,1.9271156454345866,STATIC_ANALYTIC_EMBEDDING,False,False
A:LOWER:-10:-4,N,ANNULUS_INTERIOR,LOWER,4.231517024348627,4.398962224718428,1.9271156454345866,STATIC_ANALYTIC_EMBEDDING,False,False
A:LOWER:-10:-6,N,ANNULUS_OUTER_BOUNDARY,LOWER,4.153917502900134,4.637771408917789,1.9271156454345866,STATIC_ANALYTIC_EMBEDDING,False,False
A:LOWER:-10:0,N,ANNULUS_INTERIOR,LOWER,4.386716067245616,3.9213438563197047,1.9271156454345866,STATIC_ANALYTIC_EMBEDDING,False,False
A:LOWER:-10:2,N,ANNULUS_INTERIOR,LOWER,4.4643155886941095,3.682534672120343,1.9271156454345866,STATIC_ANALYTIC_EMBEDDING,False,False
A:LOWER:-10:4,N,ANNULUS_INTERIOR,LOWER,4.541915110142604,3.443725487920981,1.9271156454345866,STATIC_ANALYTIC_EMBEDDING,False,False
A:LOWER:-10:6,N,ANNULUS_OUTER_BOUNDARY,LOWER,4.619514631591098,3.204916303721619,1.9271156454345866,STATIC_ANALYTIC_EMBEDDING,False,False
A:LOWER:-11:-1,B,ANNULUS_INTERIOR,LOWER,4.416854579912597,4.063149500718022,1.9271156454345866,STATIC_ANALYTIC_EMBEDDING,False,False
A:LOWER:-11:-3,B,ANNULUS_INTERIOR,LOWER,4.3392550584641025,4.301958684917384,1.9271156454345866,STATIC_ANALYTIC_EMBEDDING,False,False
A:LOWER:-11:-5,B,ANNULUS_INTERIOR,LOWER,4.261655537015609,4.5407678691167455,1.9271156454345866,STATIC_ANALYTIC_EMBEDDING,False,False
A:LOWER:-11:1,B,ANNULUS_INTERIOR,LOWER,4.494454101361091,3.8243403165186605,1.9271156454345866,STATIC_ANALYTIC_EMBEDDING,False,False
A:LOWER:-11:3,B,ANNULUS_INTERIOR,LOWER,4.572053622809586,3.5855311323192987,1.9271156454345866,STATIC_ANALYTIC_EMBEDDING,False,False
A:LOWER:-11:5,B,ANNULUS_INTERIOR,LOWER,4.649653144258079,3.3467219481199373,1.9271156454345866,STATIC_ANALYTIC_EMBEDDING,False,False
A:LOWER:-13:-1,N,ANNULUS_INTERIOR,LOWER,4.554731126695054,4.107951605315297,1.9271156454345866,STATIC_ANALYTIC_EMBEDDING,False,False
A:LOWER:-13:-3,N,ANNULUS_INTERIOR,LOWER,4.4771316052465595,4.346760789514659,1.9271156454345866,STATIC_ANALYTIC_EMBEDDING,False,False
A:LOWER:-13:-5,N,ANNULUS_OUTER_BOUNDARY,LOWER,4.399532083798065,4.58556997371402,1.9271156454345866,STATIC_ANALYTIC_EMBEDDING,False,False
A:LOWER:-13:1,N,ANNULUS_INTERIOR,LOWER,4.632330648143547,3.8691424211159346,1.9271156454345866,STATIC_ANALYTIC_EMBEDDING,False,False
A:LOWER:-13:3,N,ANNULUS_INTERIOR,LOWER,4.709930169592042,3.630333236916573,1.9271156454345866,STATIC_ANALYTIC_EMBEDDING,False,False
A:LOWER:-13:5,N,ANNULUS_OUTER_BOUNDARY,LOWER,4.787529691040535,3.391524052717211,1.9271156454345866,STATIC_ANALYTIC_EMBEDDING,False,False
A:LOWER:-14:-2,B,ANNULUS_OUTER_BOUNDARY,LOWER,4.584869639362035,4.249757249713615,1.9271156454345866,STATIC_ANALYTIC_EMBEDDING,False,False
A:LOWER:-14:-4,B,ANNULUS_OUTER_BOUNDARY,LOWER,4.50727011791354,4.488566433912977,1.9271156454345866,STATIC_ANALYTIC_EMBEDDING,False,False
A:LOWER:-14:0,B,ANNULUS_OUTER_BOUNDARY,LOWER,4.662469160810528,4.010948065514253,1.9271156454345866,STATIC_ANALYTIC_EMBEDDING,False,False
A:LOWER:-14:2,B,ANNULUS_OUTER_BOUNDARY,LOWER,4.740068682259023,3.7721388813148913,1.9271156454345866,STATIC_ANALYTIC_EMBEDDING,False,False
A:LOWER:-14:4,B,ANNULUS_OUTER_BOUNDARY,LOWER,4.817668203707516,3.5333296971155295,1.9271156454345866,STATIC_ANALYTIC_EMBEDDING,False,False
A:LOWER:-1:-5,N,ANNULUS_INTERIOR,LOWER,3.5722728031033264,4.316757346130375,1.9271156454345866,STATIC_ANALYTIC_EMBEDDING,False,False
A:LOWER:-1:-7,N,ANNULUS_INTERIOR,LOWER,3.4946732816548325,4.555566530329737,1.9271156454345866,STATIC_ANALYTIC_EMBEDDING,False,False
A:LOWER:-1:-9,N,ANNULUS_OUTER_BOUNDARY,LOWER,3.4170737602063386,4.794375714529099,1.9271156454345866,STATIC_ANALYTIC_EMBEDDING,False,False
A:LOWER:-1:5,N,ANNULUS_INTERIOR,LOWER,3.960270410345797,3.122711425133566,1.9271156454345866,STATIC_ANALYTIC_EMBEDDING,False,False
A:LOWER:-1:7,N,ANNULUS_INTERIOR,LOWER,4.037869931794291,2.8839022409342037,1.9271156454345866,STATIC_ANALYTIC_EMBEDDING,False,False
A:LOWER:-1:9,N,ANNULUS_OUTER_BOUNDARY,LOWER,4.115469453242785,2.645093056734842,1.9271156454345866,STATIC_ANALYTIC_EMBEDDING,False,False
A:LOWER:-2:-4,B,ANNULUS_INNER_BOUNDARY,LOWER,3.6800108372188016,4.219753806329331,1.9271156454345866,STATIC_ANALYTIC_EMBEDDING,False,False
A:LOWER:-2:-6,B,ANNULUS_INTERIOR,LOWER,3.6024113157703073,4.4585629905286925,1.9271156454345866,STATIC_ANALYTIC_EMBEDDING,False,False
A:LOWER:-2:-8,B,ANNULUS_INTERIOR,LOWER,3.5248117943218134,4.697372174728055,1.9271156454345866,STATIC_ANALYTIC_EMBEDDING,False,False
A:LOWER:-2:4,B,ANNULUS_INNER_BOUNDARY,LOWER,3.9904089230127777,3.264517069531884,1.9271156454345866,STATIC_ANALYTIC_EMBEDDING,False,False
A:LOWER:-2:6,B,ANNULUS_INTERIOR,LOWER,4.068008444461272,3.025707885332522,1.9271156454345866,STATIC_ANALYTIC_EMBEDDING,False,False
A:LOWER:-2:8,B,ANNULUS_INTERIOR,LOWER,4.1456079659097655,2.7868987011331603,1.9271156454345866,STATIC_ANALYTIC_EMBEDDING,False,False
A:LOWER:-4:-4,N,ANNULUS_INTERIOR,LOWER,3.817887384001258,4.264555910926606,1.9271156454345866,STATIC_ANALYTIC_EMBEDDING,False,False
A:LOWER:-4:-6,N,ANNULUS_INTERIOR,LOWER,3.740287862552764,4.503365095125966,1.9271156454345866,STATIC_ANALYTIC_EMBEDDING,False,False
A:LOWER:-4:-8,N,ANNULUS_OUTER_BOUNDARY,LOWER,3.66268834110427,4.7421742793253285,1.9271156454345866,STATIC_ANALYTIC_EMBEDDING,False,False
A:LOWER:-4:4,N,ANNULUS_INTERIOR,LOWER,4.128285469795234,3.309319174129158,1.9271156454345866,STATIC_ANALYTIC_EMBEDDING,False,False
A:LOWER:-4:6,N,ANNULUS_INTERIOR,LOWER,4.205884991243728,3.070509989929796,1.9271156454345866,STATIC_ANALYTIC_EMBEDDING,False,False
A:LOWER:-4:8,N,ANNULUS_OUTER_BOUNDARY,LOWER,4.2834845126922225,2.8317008057304345,1.9271156454345866,STATIC_ANALYTIC_EMBEDDING,False,False
A:LOWER:-5:-3,B,ANNULUS_INNER_BOUNDARY,LOWER,3.9256254181167334,4.167552371125562,1.9271156454345866,STATIC_ANALYTIC_EMBEDDING,False,False
A:LOWER:-5:-5,B,ANNULUS_INTERIOR,LOWER,3.8480258966682395,4.406361555324923,1.9271156454345866,STATIC_ANALYTIC_EMBEDDING,False,False
A:LOWER:-5:-7,B,ANNULUS_INTERIOR,LOWER,3.770426375219745,4.645170739524286,1.9271156454345866,STATIC_ANALYTIC_EMBEDDING,False,False
A:LOWER:-5:3,B,ANNULUS_INNER_BOUNDARY,LOWER,4.158423982462216,3.4511248185274757,1.9271156454345866,STATIC_ANALYTIC_EMBEDDING,False,False
A:LOWER:-5:5,B,ANNULUS_INTERIOR,LOWER,4.23602350391071,3.2123156343281143,1.9271156454345866,STATIC_ANALYTIC_EMBEDDING,False,False
A:LOWER:-5:7,B,ANNULUS_INTERIOR,LOWER,4.313623025359203,2.973506450128752,1.9271156454345866,STATIC_ANALYTIC_EMBEDDING,False,False
A:LOWER:-7:-1,N,ANNULUS_INNER_BOUNDARY,LOWER,4.141101486347684,3.973545291523474,1.9271156454345866,STATIC_ANALYTIC_EMBEDDING,False,False
A:LOWER:-7:-3,N,ANNULUS_INTERIOR,LOWER,4.0635019648991895,4.212354475722836,1.9271156454345866,STATIC_ANALYTIC_EMBEDDING,False,False
A:LOWER:-7:-5,N,ANNULUS_INTERIOR,LOWER,3.9859024434506956,4.451163659922198,1.9271156454345866,STATIC_ANALYTIC_EMBEDDING,False,False
A:LOWER:-7:-7,N,ANNULUS_OUTER_BOUNDARY,LOWER,3.9083029220022016,4.689972844121559,1.9271156454345866,STATIC_ANALYTIC_EMBEDDING,False,False
A:LOWER:-7:1,N,ANNULUS_INNER_BOUNDARY,LOWER,4.218701007796178,3.734736107324112,1.9271156454345866,STATIC_ANALYTIC_EMBEDDING,False,False
A:LOWER:-7:3,N,ANNULUS_INTERIOR,LOWER,4.296300529244672,3.4959269231247503,1.9271156454345866,STATIC_ANALYTIC_EMBEDDING,False,False
A:LOWER:-7:5,N,ANNULUS_INTERIOR,LOWER,4.373900050693166,3.2571177389253885,1.9271156454345866,STATIC_ANALYTIC_EMBEDDING,False,False
A:LOWER:-7:7,N,ANNULUS_OUTER_BOUNDARY,LOWER,4.45149957214166,3.0183085547260267,1.9271156454345866,STATIC_ANALYTIC_EMBEDDING,False,False
A:LOWER:-8:-2,B,ANNULUS_INTERIOR,LOWER,4.171239999014666,4.115350935921792,1.9271156454345866,STATIC_ANALYTIC_EMBEDDING,False,False
A:LOWER:-8:-4,B,ANNULUS_INTERIOR,LOWER,4.093640477566171,4.354160120121154,1.9271156454345866,STATIC_ANALYTIC_EMBEDDING,False,False
A:LOWER:-8:-6,B,ANNULUS_INTERIOR,LOWER,4.016040956117677,4.5929693043205155,1.9271156454345866,STATIC_ANALYTIC_EMBEDDING,False,False
A:LOWER:-8:0,B,ANNULUS_INTERIOR,LOWER,4.248839520463159,3.87654175172243,1.9271156454345866,STATIC_ANALYTIC_EMBEDDING,False,False
A:LOWER:-8:2,B,ANNULUS_INTERIOR,LOWER,4.326439041911653,3.6377325675230683,1.9271156454345866,STATIC_ANALYTIC_EMBEDDING,False,False
A:LOWER:-8:4,B,ANNULUS_INTERIOR,LOWER,4.404038563360148,3.3989233833237065,1.9271156454345866,STATIC_ANALYTIC_EMBEDDING,False,False
A:LOWER:-8:6,B,ANNULUS_INTERIOR,LOWER,4.481638084808641,3.1601141991243447,1.9271156454345866,STATIC_ANALYTIC_EMBEDDING,False,False
A:LOWER:10:-2,B,ANNULUS_INTERIOR,LOWER,2.930351077972557,3.712131994546324,1.9271156454345866,STATIC_ANALYTIC_EMBEDDING,False,False
A:LOWER:10:-4,B,ANNULUS_INTERIOR,LOWER,2.852751556524063,3.9509411787456856,1.9271156454345866,STATIC_ANALYTIC_EMBEDDING,False,False
A:LOWER:10:-6,B,ANNULUS_OUTER_BOUNDARY,LOWER,2.7751520350755685,4.189750362945048,1.9271156454345866,STATIC_ANALYTIC_EMBEDDING,False,False
A:LOWER:10:0,B,ANNULUS_INTERIOR,LOWER,3.0079505994210507,3.473322810346962,1.9271156454345866,STATIC_ANALYTIC_EMBEDDING,False,False
A:LOWER:10:2,B,ANNULUS_INTERIOR,LOWER,3.085550120869545,3.2345136261476,1.9271156454345866,STATIC_ANALYTIC_EMBEDDING,False,False
A:LOWER:10:4,B,ANNULUS_INTERIOR,LOWER,3.163149642318039,2.9957044419482384,1.9271156454345866,STATIC_ANALYTIC_EMBEDDING,False,False
A:LOWER:10:6,B,ANNULUS_OUTER_BOUNDARY,LOWER,3.240749163766533,2.7568952577488766,1.9271156454345866,STATIC_ANALYTIC_EMBEDDING,False,False
A:LOWER:11:-1,N,ANNULUS_INTERIOR,LOWER,2.9002125653055755,3.570326350148006,1.9271156454345866,STATIC_ANALYTIC_EMBEDDING,False,False
A:LOWER:11:-3,N,ANNULUS_INTERIOR,LOWER,2.822613043857081,3.8091355343473676,1.9271156454345866,STATIC_ANALYTIC_EMBEDDING,False,False
A:LOWER:11:-5,N,ANNULUS_INTERIOR,LOWER,2.745013522408587,4.047944718546729,1.9271156454345866,STATIC_ANALYTIC_EMBEDDING,False,False
A:LOWER:11:1,N,ANNULUS_INTERIOR,LOWER,2.9778120867540694,3.331517165948644,1.9271156454345866,STATIC_ANALYTIC_EMBEDDING,False,False
A:LOWER:11:3,N,ANNULUS_INTERIOR,LOWER,3.0554116082025633,3.092707981749282,1.9271156454345866,STATIC_ANALYTIC_EMBEDDING,False,False
A:LOWER:11:5,N,ANNULUS_INTERIOR,LOWER,3.1330111296510577,2.8538987975499204,1.9271156454345866,STATIC_ANALYTIC_EMBEDDING,False,False
A:LOWER:13:-1,B,ANNULUS_INTERIOR,LOWER,2.762336018523119,3.5255242455507316,1.9271156454345866,STATIC_ANALYTIC_EMBEDDING,False,False
A:LOWER:13:-3,B,ANNULUS_INTERIOR,LOWER,2.684736497074625,3.7643334297500934,1.9271156454345866,STATIC_ANALYTIC_EMBEDDING,False,False
A:LOWER:13:-5,B,ANNULUS_OUTER_BOUNDARY,LOWER,2.6071369756261307,4.003142613949455,1.9271156454345866,STATIC_ANALYTIC_EMBEDDING,False,False
A:LOWER:13:1,B,ANNULUS_INTERIOR,LOWER,2.839935539971613,3.2867150613513694,1.9271156454345866,STATIC_ANALYTIC_EMBEDDING,False,False
A:LOWER:13:3,B,ANNULUS_INTERIOR,LOWER,2.917535061420107,3.047905877152008,1.9271156454345866,STATIC_ANALYTIC_EMBEDDING,False,False
A:LOWER:13:5,B,ANNULUS_OUTER_BOUNDARY,LOWER,2.995134582868601,2.809096692952646,1.9271156454345866,STATIC_ANALYTIC_EMBEDDING,False,False
A:LOWER:14:-2,N,ANNULUS_OUTER_BOUNDARY,LOWER,2.654597984407644,3.6225277853517754,1.9271156454345866,STATIC_ANALYTIC_EMBEDDING,False,False
A:LOWER:14:-4,N,ANNULUS_OUTER_BOUNDARY,LOWER,2.57699846295915,3.8613369695511373,1.9271156454345866,STATIC_ANALYTIC_EMBEDDING,False,False
A:LOWER:14:0,N,ANNULUS_OUTER_BOUNDARY,LOWER,2.732197505856138,3.3837186011524136,1.9271156454345866,STATIC_ANALYTIC_EMBEDDING,False,False
A:LOWER:14:2,N,ANNULUS_OUTER_BOUNDARY,LOWER,2.809797027304632,3.144909416953052,1.9271156454345866,STATIC_ANALYTIC_EMBEDDING,False,False
A:LOWER:14:4,N,ANNULUS_OUTER_BOUNDARY,LOWER,2.8873965487531263,2.9061002327536896,1.9271156454345866,STATIC_ANALYTIC_EMBEDDING,False,False
A:LOWER:1:-5,B,ANNULUS_INTERIOR,LOWER,3.43439625632087,4.2719552415331,1.9271156454345866,STATIC_ANALYTIC_EMBEDDING,False,False
A:LOWER:1:-7,B,ANNULUS_INTERIOR,LOWER,3.3567967348723755,4.510764425732463,1.9271156454345866,STATIC_ANALYTIC_EMBEDDING,False,False
A:LOWER:1:-9,B,ANNULUS_OUTER_BOUNDARY,LOWER,3.2791972134238816,4.749573609931825,1.9271156454345866,STATIC_ANALYTIC_EMBEDDING,False,False
A:LOWER:1:5,B,ANNULUS_INTERIOR,LOWER,3.82239386356334,3.0779093205362917,1.9271156454345866,STATIC_ANALYTIC_EMBEDDING,False,False
A:LOWER:1:7,B,ANNULUS_INTERIOR,LOWER,3.8999933850118342,2.8391001363369295,1.9271156454345866,STATIC_ANALYTIC_EMBEDDING,False,False
A:LOWER:1:9,B,ANNULUS_OUTER_BOUNDARY,LOWER,3.977592906460328,2.600290952137568,1.9271156454345866,STATIC_ANALYTIC_EMBEDDING,False,False
A:LOWER:2:-4,N,ANNULUS_INNER_BOUNDARY,LOWER,3.4042577436538886,4.130149597134783,1.9271156454345866,STATIC_ANALYTIC_EMBEDDING,False,False
A:LOWER:2:-6,N,ANNULUS_INTERIOR,LOWER,3.3266582222053946,4.368958781334145,1.9271156454345866,STATIC_ANALYTIC_EMBEDDING,False,False
A:LOWER:2:-8,N,ANNULUS_INTERIOR,LOWER,3.2490587007569007,4.607767965533506,1.9271156454345866,STATIC_ANALYTIC_EMBEDDING,False,False
A:LOWER:2:4,N,ANNULUS_INNER_BOUNDARY,LOWER,3.714655829447865,3.174912860337335,1.9271156454345866,STATIC_ANALYTIC_EMBEDDING,False,False
A:LOWER:2:6,N,ANNULUS_INTERIOR,LOWER,3.792255350896359,2.9361036761379733,1.9271156454345866,STATIC_ANALYTIC_EMBEDDING,False,False
A:LOWER:2:8,N,ANNULUS_INTERIOR,LOWER,3.869854872344853,2.697294491938612,1.9271156454345866,STATIC_ANALYTIC_EMBEDDING,False,False
A:LOWER:4:-4,B,ANNULUS_INTERIOR,LOWER,3.266381196871432,4.085347492537508,1.9271156454345866,STATIC_ANALYTIC_EMBEDDING,False,False
A:LOWER:4:-6,B,ANNULUS_INTERIOR,LOWER,3.188781675422938,4.32415667673687,1.9271156454345866,STATIC_ANALYTIC_EMBEDDING,False,False
A:LOWER:4:-8,B,ANNULUS_OUTER_BOUNDARY,LOWER,3.111182153974444,4.562965860936232,1.9271156454345866,STATIC_ANALYTIC_EMBEDDING,False,False
A:LOWER:4:4,B,ANNULUS_INTERIOR,LOWER,3.5767792826654086,3.1301107557400614,1.9271156454345866,STATIC_ANALYTIC_EMBEDDING,False,False
A:LOWER:4:6,B,ANNULUS_INTERIOR,LOWER,3.6543788041139025,2.891301571540699,1.9271156454345866,STATIC_ANALYTIC_EMBEDDING,False,False
A:LOWER:4:8,B,ANNULUS_OUTER_BOUNDARY,LOWER,3.731978325562397,2.6524923873413377,1.9271156454345866,STATIC_ANALYTIC_EMBEDDING,False,False
A:LOWER:5:-3,N,ANNULUS_INNER_BOUNDARY,LOWER,3.236242684204451,3.9435418481391906,1.9271156454345866,STATIC_ANALYTIC_EMBEDDING,False,False
A:LOWER:5:-5,N,ANNULUS_INTERIOR,LOWER,3.158643162755957,4.182351032338552,1.9271156454345866,STATIC_ANALYTIC_EMBEDDING,False,False
A:LOWER:5:-7,N,ANNULUS_INTERIOR,LOWER,3.081043641307463,4.421160216537914,1.9271156454345866,STATIC_ANALYTIC_EMBEDDING,False,False
A:LOWER:5:3,N,ANNULUS_INNER_BOUNDARY,LOWER,3.4690412485499333,3.227114295541105,1.9271156454345866,STATIC_ANALYTIC_EMBEDDING,False,False
A:LOWER:5:5,N,ANNULUS_INTERIOR,LOWER,3.5466407699984273,2.9883051113417434,1.9271156454345866,STATIC_ANALYTIC_EMBEDDING,False,False
A:LOWER:5:7,N,ANNULUS_INTERIOR,LOWER,3.624240291446921,2.7494959271423816,1.9271156454345866,STATIC_ANALYTIC_EMBEDDING,False,False
A:LOWER:7:-1,B,ANNULUS_INNER_BOUNDARY,LOWER,3.1759656588704885,3.659930559342554,1.9271156454345866,STATIC_ANALYTIC_EMBEDDING,False,False
A:LOWER:7:-3,B,ANNULUS_INTERIOR,LOWER,3.0983661374219946,3.898739743541916,1.9271156454345866,STATIC_ANALYTIC_EMBEDDING,False,False
A:LOWER:7:-5,B,ANNULUS_INTERIOR,LOWER,3.0207666159735007,4.137548927741278,1.9271156454345866,STATIC_ANALYTIC_EMBEDDING,False,False
A:LOWER:7:-7,B,ANNULUS_OUTER_BOUNDARY,LOWER,2.9431670945250064,4.37635811194064,1.9271156454345866,STATIC_ANALYTIC_EMBEDDING,False,False
A:LOWER:7:1,B,ANNULUS_INNER_BOUNDARY,LOWER,3.2535651803189825,3.4211213751431924,1.9271156454345866,STATIC_ANALYTIC_EMBEDDING,False,False
A:LOWER:7:3,B,ANNULUS_INTERIOR,LOWER,3.331164701767477,3.1823121909438306,1.9271156454345866,STATIC_ANALYTIC_EMBEDDING,False,False
A:LOWER:7:5,B,ANNULUS_INTERIOR,LOWER,3.4087642232159707,2.9435030067444687,1.9271156454345866,STATIC_ANALYTIC_EMBEDDING,False,False
A:LOWER:7:7,B,ANNULUS_OUTER_BOUNDARY,LOWER,3.486363744664465,2.704693822545107,1.9271156454345866,STATIC_ANALYTIC_EMBEDDING,False,False
A:LOWER:8:-2,N,ANNULUS_INTERIOR,LOWER,3.0682276247550133,3.756934099143598,1.9271156454345866,STATIC_ANALYTIC_EMBEDDING,False,False
A:LOWER:8:-4,N,ANNULUS_INTERIOR,LOWER,2.990628103306519,3.99574328334296,1.9271156454345866,STATIC_ANALYTIC_EMBEDDING,False,False
A:LOWER:8:-6,N,ANNULUS_INTERIOR,LOWER,2.913028581858025,4.234552467542322,1.9271156454345866,STATIC_ANALYTIC_EMBEDDING,False,False
A:LOWER:8:0,N,ANNULUS_INTERIOR,LOWER,3.1458271462035072,3.518124914944236,1.9271156454345866,STATIC_ANALYTIC_EMBEDDING,False,False
A:LOWER:8:2,N,ANNULUS_INTERIOR,LOWER,3.223426667652001,3.2793157307448744,1.9271156454345866,STATIC_ANALYTIC_EMBEDDING,False,False
A:LOWER:8:4,N,ANNULUS_INTERIOR,LOWER,3.3010261891004955,3.0405065465455126,1.9271156454345866,STATIC_ANALYTIC_EMBEDDING,False,False
A:LOWER:8:6,N,ANNULUS_INTERIOR,LOWER,3.3786257105489894,2.8016973623461507,1.9271156454345866,STATIC_ANALYTIC_EMBEDDING,False,False
A:UPPER:-10:-2,B,ANNULUS_INTERIOR,UPPER,4.2574042661975415,4.221548299327834,8.090904354565414,STATIC_ANALYTIC_EMBEDDING,False,False
A:UPPER:-10:-4,B,ANNULUS_INTERIOR,UPPER,4.155274909863267,4.45094120846355,8.090904354565414,STATIC_ANALYTIC_EMBEDDING,False,False
A:UPPER:-10:-6,B,ANNULUS_OUTER_BOUNDARY,UPPER,4.053145553528991,4.680334117599265,8.090904354565414,STATIC_ANALYTIC_EMBEDDING,False,False
A:UPPER:-10:0,B,ANNULUS_INTERIOR,UPPER,4.359533622531817,3.992155390192118,8.090904354565414,STATIC_ANALYTIC_EMBEDDING,False,False
A:UPPER:-10:2,B,ANNULUS_INTERIOR,UPPER,4.461662978866093,3.7627624810564027,8.090904354565414,STATIC_ANALYTIC_EMBEDDING,False,False
A:UPPER:-10:4,B,ANNULUS_INTERIOR,UPPER,4.563792335200367,3.5333695719206872,8.090904354565414,STATIC_ANALYTIC_EMBEDDING,False,False
A:UPPER:-10:6,B,ANNULUS_OUTER_BOUNDARY,UPPER,4.665921691534642,3.3039766627849714,8.090904354565414,STATIC_ANALYTIC_EMBEDDING,False,False
A:UPPER:-11:-1,N,ANNULUS_INTERIOR,UPPER,4.3746889732845275,4.136334050445854,8.090904354565414,STATIC_ANALYTIC_EMBEDDING,False,False
A:UPPER:-11:-3,N,ANNULUS_INTERIOR,UPPER,4.272559616950253,4.36572695958157,8.090904354565414,STATIC_ANALYTIC_EMBEDDING,False,False
A:UPPER:-11:-5,N,ANNULUS_INTERIOR,UPPER,4.170430260615977,4.595119868717286,8.090904354565414,STATIC_ANALYTIC_EMBEDDING,False,False
A:UPPER:-11:1,N,ANNULUS_INTERIOR,UPPER,4.476818329618803,3.906941141310139,8.090904354565414,STATIC_ANALYTIC_EMBEDDING,False,False
A:UPPER:-11:3,N,ANNULUS_INTERIOR,UPPER,4.578947685953078,3.6775482321744235,8.090904354565414,STATIC_ANALYTIC_EMBEDDING,False,False
A:UPPER:-11:5,N,ANNULUS_INTERIOR,UPPER,4.681077042287353,3.448155323038708,8.090904354565414,STATIC_ANALYTIC_EMBEDDING,False,False
A:UPPER:-13:-1,B,ANNULUS_INTERIOR,UPPER,4.507129031124224,4.195298461817612,8.090904354565414,STATIC_ANALYTIC_EMBEDDING,False,False
A:UPPER:-13:-3,B,ANNULUS_INTERIOR,UPPER,4.404999674789949,4.424691370953327,8.090904354565414,STATIC_ANALYTIC_EMBEDDING,False,False
A:UPPER:-13:-5,B,ANNULUS_OUTER_BOUNDARY,UPPER,4.302870318455675,4.654084280089043,8.090904354565414,STATIC_ANALYTIC_EMBEDDING,False,False
A:UPPER:-13:1,B,ANNULUS_INTERIOR,UPPER,4.6092583874585,3.965905552681896,8.090904354565414,STATIC_ANALYTIC_EMBEDDING,False,False
A:UPPER:-13:3,B,ANNULUS_INTERIOR,UPPER,4.711387743792775,3.7365126435461806,8.090904354565414,STATIC_ANALYTIC_EMBEDDING,False,False
A:UPPER:-13:5,B,ANNULUS_OUTER_BOUNDARY,UPPER,4.81351710012705,3.5071197344104648,8.090904354565414,STATIC_ANALYTIC_EMBEDDING,False,False
A:UPPER:-14:-2,N,ANNULUS_OUTER_BOUNDARY,UPPER,4.522284381876935,4.339477122071348,8.090904354565414,STATIC_ANALYTIC_EMBEDDING,False,False
A:UPPER:-14:-4,N,ANNULUS_OUTER_BOUNDARY,UPPER,4.42015502554266,4.568870031207063,8.090904354565414,STATIC_ANALYTIC_EMBEDDING,False,False
A:UPPER:-14:0,N,ANNULUS_OUTER_BOUNDARY,UPPER,4.624413738211211,4.110084212935632,8.090904354565414,STATIC_ANALYTIC_EMBEDDING,False,False
A:UPPER:-14:2,N,ANNULUS_OUTER_BOUNDARY,UPPER,4.726543094545486,3.8806913037999164,8.090904354565414,STATIC_ANALYTIC_EMBEDDING,False,False
A:UPPER:-14:4,N,ANNULUS_OUTER_BOUNDARY,UPPER,4.828672450879761,3.651298394664201,8.090904354565414,STATIC_ANALYTIC_EMBEDDING,False,False
A:UPPER:-1:-5,B,ANNULUS_INTERIOR,UPPER,3.5082299714174936,4.3002978118585,8.090904354565414,STATIC_ANALYTIC_EMBEDDING,False,False
A:UPPER:-1:-7,B,ANNULUS_INTERIOR,UPPER,3.4061006150832185,4.529690720994217,8.090904354565414,STATIC_ANALYTIC_EMBEDDING,False,False
A:UPPER:-1:-9,B,ANNULUS_OUTER_BOUNDARY,UPPER,3.3039712587489434,4.759083630129932,8.090904354565414,STATIC_ANALYTIC_EMBEDDING,False,False
A:UPPER:-1:5,B,ANNULUS_INTERIOR,UPPER,4.01887675308887,3.153333266179923,8.090904354565414,STATIC_ANALYTIC_EMBEDDING,False,False
A:UPPER:-1:7,B,ANNULUS_INTERIOR,UPPER,4.121006109423145,2.923940357044207,8.090904354565414,STATIC_ANALYTIC_EMBEDDING,False,False
A:UPPER:-1:9,B,ANNULUS_OUTER_BOUNDARY,UPPER,4.223135465757419,2.694547447908492,8.090904354565414,STATIC_ANALYTIC_EMBEDDING,False,False
A:UPPER:-2:-4,N,ANNULUS_INNER_BOUNDARY,UPPER,3.6255146785044796,4.215083562976521,8.090904354565414,STATIC_ANALYTIC_EMBEDDING,False,False
A:UPPER:-2:-6,N,ANNULUS_INTERIOR,UPPER,3.5233853221702045,4.444476472112237,8.090904354565414,STATIC_ANALYTIC_EMBEDDING,False,False
A:UPPER:-2:-8,N,ANNULUS_INTERIOR,UPPER,3.4212559658359294,4.673869381247953,8.090904354565414,STATIC_ANALYTIC_EMBEDDING,False,False
A:UPPER:-2:4,N,ANNULUS_INNER_BOUNDARY,UPPER,4.0340321038415805,3.297511926433659,8.090904354565414,STATIC_ANALYTIC_EMBEDDING,False,False
A:UPPER:-2:6,N,ANNULUS_INTERIOR,UPPER,4.136161460175855,3.068119017297944,8.090904354565414,STATIC_ANALYTIC_EMBEDDING,False,False
A:UPPER:-2:8,N,ANNULUS_INTERIOR,UPPER,4.238290816510131,2.838726108162228,8.090904354565414,STATIC_ANALYTIC_EMBEDDING,False,False
A:UPPER:-4:-4,B,ANNULUS_INTERIOR,UPPER,3.757954736344176,4.274047974348279,8.090904354565414,STATIC_ANALYTIC_EMBEDDING,False,False
A:UPPER:-4:-6,B,ANNULUS_INTERIOR,UPPER,3.655825380009901,4.503440883483995,8.090904354565414,STATIC_ANALYTIC_EMBEDDING,False,False
A:UPPER:-4:-8,B,ANNULUS_OUTER_BOUNDARY,UPPER,3.553696023675626,4.73283379261971,8.090904354565414,STATIC_ANALYTIC_EMBEDDING,False,False
A:UPPER:-4:4,B,ANNULUS_INTERIOR,UPPER,4.166472161681277,3.3564763378054163,8.090904354565414,STATIC_ANALYTIC_EMBEDDING,False,False
A:UPPER:-4:6,B,ANNULUS_INTERIOR,UPPER,4.268601518015552,3.1270834286697005,8.090904354565414,STATIC_ANALYTIC_EMBEDDING,False,False
A:UPPER:-4:8,B,ANNULUS_OUTER_BOUNDARY,UPPER,4.370730874349827,2.8976905195339846,8.090904354565414,STATIC_ANALYTIC_EMBEDDING,False,False
A:UPPER:-5:-3,N,ANNULUS_INNER_BOUNDARY,UPPER,3.8752394434311626,4.188833725466299,8.090904354565414,STATIC_ANALYTIC_EMBEDDING,False,False
A:UPPER:-5:-5,N,ANNULUS_INTERIOR,UPPER,3.7731100870968874,4.418226634602015,8.090904354565414,STATIC_ANALYTIC_EMBEDDING,False,False
A:UPPER:-5:-7,N,ANNULUS_INTERIOR,UPPER,3.670980730762612,4.64761954373773,8.090904354565414,STATIC_ANALYTIC_EMBEDDING,False,False
A:UPPER:-5:3,N,ANNULUS_INNER_BOUNDARY,UPPER,4.1816275124339874,3.5006549980591526,8.090904354565414,STATIC_ANALYTIC_EMBEDDING,False,False
A:UPPER:-5:5,N,ANNULUS_INTERIOR,UPPER,4.283756868768263,3.2712620889234367,8.090904354565414,STATIC_ANALYTIC_EMBEDDING,False,False
A:UPPER:-5:7,N,ANNULUS_INTERIOR,UPPER,4.385886225102539,3.0418691797877213,8.090904354565414,STATIC_ANALYTIC_EMBEDDING,False,False
A:UPPER:-7:-1,B,ANNULUS_INNER_BOUNDARY,UPPER,4.109808857605135,4.018405227702341,8.090904354565414,STATIC_ANALYTIC_EMBEDDING,False,False
A:UPPER:-7:-3,B,ANNULUS_INTERIOR,UPPER,4.007679501270859,4.247798136838057,8.090904354565414,STATIC_ANALYTIC_EMBEDDING,False,False
A:UPPER:-7:-5,B,ANNULUS_INTERIOR,UPPER,3.905550144936584,4.477191045973772,8.090904354565414,STATIC_ANALYTIC_EMBEDDING,False,False
A:UPPER:-7:-7,B,ANNULUS_OUTER_BOUNDARY,UPPER,3.803420788602309,4.706583955109488,8.090904354565414,STATIC_ANALYTIC_EMBEDDING,False,False
A:UPPER:-7:1,B,ANNULUS_INNER_BOUNDARY,UPPER,4.211938213939409,3.789012318566625,8.090904354565414,STATIC_ANALYTIC_EMBEDDING,False,False
A:UPPER:-7:3,B,ANNULUS_INTERIOR,UPPER,4.314067570273685,3.5596194094309093,8.090904354565414,STATIC_ANALYTIC_EMBEDDING,False,False
A:UPPER:-7:5,B,ANNULUS_INTERIOR,UPPER,4.4161969266079595,3.330226500295194,8.090904354565414,STATIC_ANALYTIC_EMBEDDING,False,False
A:UPPER:-7:7,B,ANNULUS_OUTER_BOUNDARY,UPPER,4.518326282942235,3.1008335911594784,8.090904354565414,STATIC_ANALYTIC_EMBEDDING,False,False
A:UPPER:-8:-2,N,ANNULUS_INTERIOR,UPPER,4.124964208357845,4.162583887956077,8.090904354565414,STATIC_ANALYTIC_EMBEDDING,False,False
A:UPPER:-8:-4,N,ANNULUS_INTERIOR,UPPER,4.0228348520235695,4.391976797091792,8.090904354565414,STATIC_ANALYTIC_EMBEDDING,False,False
A:UPPER:-8:-6,N,ANNULUS_INTERIOR,UPPER,3.920705495689295,4.621369706227508,8.090904354565414,STATIC_ANALYTIC_EMBEDDING,False,False
A:UPPER:-8:0,N,ANNULUS_INTERIOR,UPPER,4.22709356469212,3.9331909788203614,8.090904354565414,STATIC_ANALYTIC_EMBEDDING,False,False
A:UPPER:-8:2,N,ANNULUS_INTERIOR,UPPER,4.329222921026395,3.703798069684646,8.090904354565414,STATIC_ANALYTIC_EMBEDDING,False,False
A:UPPER:-8:4,N,ANNULUS_INTERIOR,UPPER,4.431352277360671,3.4744051605489306,8.090904354565414,STATIC_ANALYTIC_EMBEDDING,False,False
A:UPPER:-8:6,N,ANNULUS_INTERIOR,UPPER,4.5334816336949455,3.2450122514132147,8.090904354565414,STATIC_ANALYTIC_EMBEDDING,False,False
A:UPPER:10:-2,N,ANNULUS_INTERIOR,UPPER,2.933003687800574,3.6319041856102636,8.090904354565414,STATIC_ANALYTIC_EMBEDDING,False,False
A:UPPER:10:-4,N,ANNULUS_INTERIOR,UPPER,2.830874331466299,3.8612970947459795,8.090904354565414,STATIC_ANALYTIC_EMBEDDING,False,False
A:UPPER:10:-6,N,ANNULUS_OUTER_BOUNDARY,UPPER,2.728744975132024,4.090690003881695,8.090904354565414,STATIC_ANALYTIC_EMBEDDING,False,False
A:UPPER:10:0,N,ANNULUS_INTERIOR,UPPER,3.035133044134849,3.402511276474548,8.090904354565414,STATIC_ANALYTIC_EMBEDDING,False,False
A:UPPER:10:2,N,ANNULUS_INTERIOR,UPPER,3.1372624004691243,3.173118367338833,8.090904354565414,STATIC_ANALYTIC_EMBEDDING,False,False
A:UPPER:10:4,N,ANNULUS_INTERIOR,UPPER,3.2393917568034,2.943725458203117,8.090904354565414,STATIC_ANALYTIC_EMBEDDING,False,False
A:UPPER:10:6,N,ANNULUS_OUTER_BOUNDARY,UPPER,3.341521113137675,2.7143325490674015,8.090904354565414,STATIC_ANALYTIC_EMBEDDING,False,False
A:UPPER:11:-1,B,ANNULUS_INTERIOR,UPPER,2.9178483370478636,3.4877255253565274,8.090904354565414,STATIC_ANALYTIC_EMBEDDING,False,False
A:UPPER:11:-3,B,ANNULUS_INTERIOR,UPPER,2.815718980713588,3.7171184344922428,8.090904354565414,STATIC_ANALYTIC_EMBEDDING,False,False
A:UPPER:11:-5,B,ANNULUS_INTERIOR,UPPER,2.7135896243793134,3.946511343627959,8.090904354565414,STATIC_ANALYTIC_EMBEDDING,False,False
A:UPPER:11:1,B,ANNULUS_INTERIOR,UPPER,3.0199776933821383,3.258332616220812,8.090904354565414,STATIC_ANALYTIC_EMBEDDING,False,False
A:UPPER:11:3,B,ANNULUS_INTERIOR,UPPER,3.1221070497164134,3.028939707085096,8.090904354565414,STATIC_ANALYTIC_EMBEDDING,False,False
A:UPPER:11:5,B,ANNULUS_INTERIOR,UPPER,3.2242364060506885,2.7995467979493807,8.090904354565414,STATIC_ANALYTIC_EMBEDDING,False,False
A:UPPER:13:-1,N,ANNULUS_INTERIOR,UPPER,2.7854082792081667,3.4287611139847707,8.090904354565414,STATIC_ANALYTIC_EMBEDDING,False,False
A:UPPER:13:-3,N,ANNULUS_INTERIOR,UPPER,2.683278922873891,3.658154023120486,8.090904354565414,STATIC_ANALYTIC_EMBEDDING,False,False
A:UPPER:13:-5,N,ANNULUS_OUTER_BOUNDARY,UPPER,2.581149566539616,3.887546932256202,8.090904354565414,STATIC_ANALYTIC_EMBEDDING,False,False
A:UPPER:13:1,N,ANNULUS_INTERIOR,UPPER,2.887537635542442,3.199368204849055,8.090904354565414,STATIC_ANALYTIC_EMBEDDING,False,False
A:UPPER:13:3,N,ANNULUS_INTERIOR,UPPER,2.989666991876717,2.9699752957133394,8.090904354565414,STATIC_ANALYTIC_EMBEDDING,False,False
A:UPPER:13:5,N,ANNULUS_OUTER_BOUNDARY,UPPER,3.091796348210992,2.740582386577624,8.090904354565414,STATIC_ANALYTIC_EMBEDDING,False,False
A:UPPER:14:-2,B,ANNULUS_OUTER_BOUNDARY,UPPER,2.6681235721211802,3.51397536286675,8.090904354565414,STATIC_ANALYTIC_EMBEDDING,False,False
A:UPPER:14:-4,B,ANNULUS_OUTER_BOUNDARY,UPPER,2.5659942157869056,3.7433682720024652,8.090904354565414,STATIC_ANALYTIC_EMBEDDING,False,False
A:UPPER:14:0,B,ANNULUS_OUTER_BOUNDARY,UPPER,2.7702529284554562,3.2845824537310344,8.090904354565414,STATIC_ANALYTIC_EMBEDDING,False,False
A:UPPER:14:2,B,ANNULUS_OUTER_BOUNDARY,UPPER,2.8723822847897313,3.0551895445953186,8.090904354565414,STATIC_ANALYTIC_EMBEDDING,False,False
A:UPPER:14:4,B,ANNULUS_OUTER_BOUNDARY,UPPER,2.974511641124006,2.825796635459603,8.090904354565414,STATIC_ANALYTIC_EMBEDDING,False,False
A:UPPER:1:-5,N,ANNULUS_INTERIOR,UPPER,3.3757899135777967,4.241333400486743,8.090904354565414,STATIC_ANALYTIC_EMBEDDING,False,False
A:UPPER:1:-7,N,ANNULUS_INTERIOR,UPPER,3.2736605572435216,4.470726309622459,8.090904354565414,STATIC_ANALYTIC_EMBEDDING,False,False
A:UPPER:1:-9,N,ANNULUS_OUTER_BOUNDARY,UPPER,3.1715312009092465,4.700119218758175,8.090904354565414,STATIC_ANALYTIC_EMBEDDING,False,False
A:UPPER:1:5,N,ANNULUS_INTERIOR,UPPER,3.8864366952491727,3.094368854808166,8.090904354565414,STATIC_ANALYTIC_EMBEDDING,False,False
A:UPPER:1:7,N,ANNULUS_INTERIOR,UPPER,3.988566051583448,2.8649759456724504,8.090904354565414,STATIC_ANALYTIC_EMBEDDING,False,False
A:UPPER:1:9,N,ANNULUS_OUTER_BOUNDARY,UPPER,4.090695407917723,2.6355830365367354,8.090904354565414,STATIC_ANALYTIC_EMBEDDING,False,False
A:UPPER:2:-4,B,ANNULUS_INNER_BOUNDARY,UPPER,3.3606345628250858,4.097154740233007,8.090904354565414,STATIC_ANALYTIC_EMBEDDING,False,False
A:UPPER:2:-6,B,ANNULUS_INTERIOR,UPPER,3.2585052064908107,4.326547649368723,8.090904354565414,STATIC_ANALYTIC_EMBEDDING,False,False
A:UPPER:2:-8,B,ANNULUS_INTERIOR,UPPER,3.1563758501565355,4.555940558504438,8.090904354565414,STATIC_ANALYTIC_EMBEDDING,False,False
A:UPPER:2:4,B,ANNULUS_INNER_BOUNDARY,UPPER,3.7691519881621867,3.179583103690145,8.090904354565414,STATIC_ANALYTIC_EMBEDDING,False,False
A:UPPER:2:6,B,ANNULUS_INTERIOR,UPPER,3.8712813444964618,2.9501901945544295,8.090904354565414,STATIC_ANALYTIC_EMBEDDING,False,False
A:UPPER:2:8,B,ANNULUS_INTERIOR,UPPER,3.973410700830737,2.720797285418714,8.090904354565414,STATIC_ANALYTIC_EMBEDDING,False,False
A:UPPER:4:-4,N,ANNULUS_INTERIOR,UPPER,3.2281945049853893,4.03819032886125,8.090904354565414,STATIC_ANALYTIC_EMBEDDING,False,False
A:UPPER:4:-6,N,ANNULUS_INTERIOR,UPPER,3.126065148651114,4.267583237996965,8.090904354565414,STATIC_ANALYTIC_EMBEDDING,False,False
A:UPPER:4:-8,N,ANNULUS_OUTER_BOUNDARY,UPPER,3.023935792316839,4.496976147132681,8.090904354565414,STATIC_ANALYTIC_EMBEDDING,False,False
A:UPPER:4:4,N,ANNULUS_INTERIOR,UPPER,3.63671193032249,3.1206186923183883,8.090904354565414,STATIC_ANALYTIC_EMBEDDING,False,False
A:UPPER:4:6,N,ANNULUS_INTERIOR,UPPER,3.7388412866567653,2.8912257831826724,8.090904354565414,STATIC_ANALYTIC_EMBEDDING,False,False
A:UPPER:4:8,N,ANNULUS_OUTER_BOUNDARY,UPPER,3.8409706429910404,2.6618328740469575,8.090904354565414,STATIC_ANALYTIC_EMBEDDING,False,False
A:UPPER:5:-3,B,ANNULUS_INNER_BOUNDARY,UPPER,3.2130391542326784,3.894011668607514,8.090904354565414,STATIC_ANALYTIC_EMBEDDING,False,False
A:UPPER:5:-5,B,ANNULUS_INTERIOR,UPPER,3.1109097978984033,4.12340457774323,8.090904354565414,STATIC_ANALYTIC_EMBEDDING,False,False
A:UPPER:5:-7,B,ANNULUS_INTERIOR,UPPER,3.008780441564128,4.352797486878945,8.090904354565414,STATIC_ANALYTIC_EMBEDDING,False,False
A:UPPER:5:3,B,ANNULUS_INNER_BOUNDARY,UPPER,3.5194272232355037,3.2058329412003674,8.090904354565414,STATIC_ANALYTIC_EMBEDDING,False,False
A:UPPER:5:5,B,ANNULUS_INTERIOR,UPPER,3.6215565795697793,2.976440032064652,8.090904354565414,STATIC_ANALYTIC_EMBEDDING,False,False
A:UPPER:5:7,B,ANNULUS_INTERIOR,UPPER,3.7236859359040544,2.7470471229289366,8.090904354565414,STATIC_ANALYTIC_EMBEDDING,False,False
A:UPPER:7:-1,N,ANNULUS_INNER_BOUNDARY,UPPER,3.182728452727257,3.6056543481000416,8.090904354565414,STATIC_ANALYTIC_EMBEDDING,False,False
A:UPPER:7:-3,N,ANNULUS_INTERIOR,UPPER,3.080599096392982,3.8350472572357575,8.090904354565414,STATIC_ANALYTIC_EMBEDDING,False,False
A:UPPER:7:-5,N,ANNULUS_INTERIOR,UPPER,2.9784697400587063,4.064440166371472,8.090904354565414,STATIC_ANALYTIC_EMBEDDING,False,False
A:UPPER:7:-7,N,ANNULUS_OUTER_BOUNDARY,UPPER,2.8763403837244312,4.293833075507188,8.090904354565414,STATIC_ANALYTIC_EMBEDDING,False,False
A:UPPER:7:1,N,ANNULUS_INNER_BOUNDARY,UPPER,3.284857809061532,3.3762614389643257,8.090904354565414,STATIC_ANALYTIC_EMBEDDING,False,False
A:UPPER:7:3,N,ANNULUS_INTERIOR,UPPER,3.3869871653958072,3.1468685298286103,8.090904354565414,STATIC_ANALYTIC_EMBEDDING,False,False
A:UPPER:7:5,N,ANNULUS_INTERIOR,UPPER,3.4891165217300824,2.917475620692895,8.090904354565414,STATIC_ANALYTIC_EMBEDDING,False,False
A:UPPER:7:7,N,ANNULUS_OUTER_BOUNDARY,UPPER,3.5912458780643575,2.688082711557179,8.090904354565414,STATIC_ANALYTIC_EMBEDDING,False,False
A:UPPER:8:-2,B,ANNULUS_INTERIOR,UPPER,3.0654437456402706,3.690868596982021,8.090904354565414,STATIC_ANALYTIC_EMBEDDING,False,False
A:UPPER:8:-4,B,ANNULUS_INTERIOR,UPPER,2.9633143893059954,3.920261506117736,8.090904354565414,STATIC_ANALYTIC_EMBEDDING,False,False
A:UPPER:8:-6,B,ANNULUS_INTERIOR,UPPER,2.8611850329717203,4.149654415253452,8.090904354565414,STATIC_ANALYTIC_EMBEDDING,False,False
A:UPPER:8:0,B,ANNULUS_INTERIOR,UPPER,3.167573101974546,3.4614756878463053,8.090904354565414,STATIC_ANALYTIC_EMBEDDING,False,False
A:UPPER:8:2,B,ANNULUS_INTERIOR,UPPER,3.2697024583088217,3.23208277871059,8.090904354565414,STATIC_ANALYTIC_EMBEDDING,False,False
A:UPPER:8:4,B,ANNULUS_INTERIOR,UPPER,3.3718318146430963,3.002689869574874,8.090904354565414,STATIC_ANALYTIC_EMBEDDING,False,False
A:UPPER:8:6,B,ANNULUS_INTERIOR,UPPER,3.473961170977372,2.7732969604391586,8.090904354565414,STATIC_ANALYTIC_EMBEDDING,False,False
H:LOWER:INNER:30,H,ANNULUS_INNER_PASSIVANT_H,LOWER,3.354593770142993,3.484003996257232,1.9271156454345866,STATIC_ANALYTIC_EMBEDDING,False,False
H:LOWER:INNER:31,H,ANNULUS_INNER_PASSIVANT_H,LOWER,3.5131529110209723,3.31797221338012,1.9271156454345866,STATIC_ANALYTIC_EMBEDDING,False,False
H:LOWER:INNER:32,H,ANNULUS_INNER_PASSIVANT_H,LOWER,3.7113086958734134,3.2758573832042783,1.9271156454345866,STATIC_ANALYTIC_EMBEDDING,False,False
H:LOWER:INNER:33,H,ANNULUS_INNER_PASSIVANT_H,LOWER,3.92368711493342,3.3630523440614724,1.9271156454345866,STATIC_ANALYTIC_EMBEDDING,False,False
H:LOWER:INNER:34,H,ANNULUS_INNER_PASSIVANT_H,LOWER,4.0534517402089,3.507176833266567,1.9271156454345866,STATIC_ANALYTIC_EMBEDDING,False,False
H:LOWER:INNER:35,H,ANNULUS_INNER_PASSIVANT_H,LOWER,4.117959911577112,3.7275089687076894,1.9271156454345866,STATIC_ANALYTIC_EMBEDDING,False,False
H:LOWER:INNER:36,H,ANNULUS_INNER_PASSIVANT_H,LOWER,4.055354531959238,3.920174327384667,1.9271156454345866,STATIC_ANALYTIC_EMBEDDING,False,False
H:LOWER:INNER:37,H,ANNULUS_INNER_PASSIVANT_H,LOWER,3.8736522712449153,4.060501953077614,1.9271156454345866,STATIC_ANALYTIC_EMBEDDING,False,False
H:LOWER:INNER:38,H,ANNULUS_INNER_PASSIVANT_H,LOWER,3.683954489648106,4.100819170476201,1.9271156454345866,STATIC_ANALYTIC_EMBEDDING,False,False
H:LOWER:INNER:39,H,ANNULUS_INNER_PASSIVANT_H,LOWER,3.460887177401915,4.046518817912191,1.9271156454345866,STATIC_ANALYTIC_EMBEDDING,False,False
H:LOWER:INNER:40,H,ANNULUS_INNER_PASSIVANT_H,LOWER,3.325336772167349,3.895968289411054,1.9271156454345866,STATIC_ANALYTIC_EMBEDDING,False,False
H:LOWER:INNER:41,H,ANNULUS_INNER_PASSIVANT_H,LOWER,3.2946606138216645,3.6684457028609136,1.9271156454345866,STATIC_ANALYTIC_EMBEDDING,False,False
H:LOWER:OUTER:15,H,ANNULUS_OUTER_PASSIVANT_H,LOWER,2.6361414731808943,3.35250580591244,1.9271156454345866,STATIC_ANALYTIC_EMBEDDING,False,False
H:LOWER:OUTER:16,H,ANNULUS_OUTER_PASSIVANT_H,LOWER,2.724050072916186,3.091538452814245,1.9271156454345866,STATIC_ANALYTIC_EMBEDDING,False,False
H:LOWER:OUTER:17,H,ANNULUS_OUTER_PASSIVANT_H,LOWER,2.8151494429962356,2.835521512803887,1.9271156454345866,STATIC_ANALYTIC_EMBEDDING,False,False
H:LOWER:OUTER:18,H,ANNULUS_OUTER_PASSIVANT_H,LOWER,4.152767579529926,2.551232256741083,1.9271156454345866,STATIC_ANALYTIC_EMBEDDING,False,False
H:LOWER:OUTER:19,H,ANNULUS_OUTER_PASSIVANT_H,LOWER,4.340113946440249,2.748070026507843,1.9271156454345866,STATIC_ANALYTIC_EMBEDDING,False,False
H:LOWER:OUTER:20,H,ANNULUS_OUTER_PASSIVANT_H,LOWER,4.526558662080221,2.9507279878625043,1.9271156454345866,STATIC_ANALYTIC_EMBEDDING,False,False
H:LOWER:OUTER:21,H,ANNULUS_OUTER_PASSIVANT_H,LOWER,4.708608719553996,3.1573427449934823,1.9271156454345866,STATIC_ANALYTIC_EMBEDDING,False,False
H:LOWER:OUTER:22,H,ANNULUS_OUTER_PASSIVANT_H,LOWER,4.884776208362097,3.3642455837567438,1.9271156454345866,STATIC_ANALYTIC_EMBEDDING,False,False
H:LOWER:OUTER:23,H,ANNULUS_OUTER_PASSIVANT_H,LOWER,4.46216885786862,4.664801498589124,1.9271156454345866,STATIC_ANALYTIC_EMBEDDING,False,False
H:LOWER:OUTER:24,H,ANNULUS_OUTER_PASSIVANT_H,LOWER,4.198029165371173,4.728629326756804,1.9271156454345866,STATIC_ANALYTIC_EMBEDDING,False,False
H:LOWER:OUTER:25,H,ANNULUS_OUTER_PASSIVANT_H,LOWER,3.9292998647388844,4.7887662062250556,1.9271156454345866,STATIC_ANALYTIC_EMBEDDING,False,False
H:LOWER:OUTER:26,H,ANNULUS_OUTER_PASSIVANT_H,LOWER,3.659341207529818,4.843118802192271,1.9271156454345866,STATIC_ANALYTIC_EMBEDDING,False,False
H:LOWER:OUTER:27,H,ANNULUS_OUTER_PASSIVANT_H,LOWER,3.3920743486416676,4.892232903439369,1.9271156454345866,STATIC_ANALYTIC_EMBEDDING,False,False
H:LOWER:OUTER:28,H,ANNULUS_OUTER_PASSIVANT_H,LOWER,2.477063562601453,3.875966244669792,1.9271156454345866,STATIC_ANALYTIC_EMBEDDING,False,False
H:LOWER:OUTER:29,H,ANNULUS_OUTER_PASSIVANT_H,LOWER,2.553856888188579,3.6153006467353523,1.9271156454345866,STATIC_ANALYTIC_EMBEDDING,False,False
H:LOWER:SEED:0,H,SEED_PASSIVANT_H,LOWER,4.182499999999999,2.6079999999999997,1.8261582487236887,STATIC_ANALYTIC_EMBEDDING,False,False
H:LOWER:SEED:1,H,SEED_PASSIVANT_H,LOWER,4.5835,2.899,1.825543068883869,STATIC_ANALYTIC_EMBEDDING,False,False
H:LOWER:SEED:10,H,SEED_PASSIVANT_H,LOWER,2.511,3.822,1.8267284929657615,STATIC_ANALYTIC_EMBEDDING,False,False
H:LOWER:SEED:11,H,SEED_PASSIVANT_H,LOWER,2.5629999999999993,3.3289999999999997,1.825957746961091,STATIC_ANALYTIC_EMBEDDING,False,False
H:LOWER:SEED:12,H,SEED_PASSIVANT_H,LOWER,2.811,2.899,1.82611536012986,STATIC_ANALYTIC_EMBEDDING,False,False
H:LOWER:SEED:13,H,SEED_PASSIVANT_H,LOWER,3.2125,2.607999999999999,1.8261582487236887,STATIC_ANALYTIC_EMBEDDING,False,False
H:LOWER:SEED:14,H,SEED_PASSIVANT_H,LOWER,3.6975,2.505,1.8264264460771005,STATIC_ANALYTIC_EMBEDDING,False,False
H:LOWER:SEED:2,H,SEED_PASSIVANT_H,LOWER,4.8315,3.3289999999999997,1.8256929694435793,STATIC_ANALYTIC_EMBEDDING,False,False
H:LOWER:SEED:3,H,SEED_PASSIVANT_H,LOWER,4.883,3.822,1.8267284929657615,STATIC_ANALYTIC_EMBEDDING,False,False
H:LOWER:SEED:4,H,SEED_PASSIVANT_H,LOWER,4.730000000000001,4.2935,1.8263644664850605,STATIC_ANALYTIC_EMBEDDING,False,False
H:LOWER:SEED:5,H,SEED_PASSIVANT_H,LOWER,4.3985,4.662,1.8266196108811235,STATIC_ANALYTIC_EMBEDDING,False,False
H:LOWER:SEED:6,H,SEED_PASSIVANT_H,LOWER,3.9455,4.864,1.8259594583193686,STATIC_ANALYTIC_EMBEDDING,False,False
H:LOWER:SEED:7,H,SEED_PASSIVANT_H,LOWER,3.4495,4.864,1.825959458319369,STATIC_ANALYTIC_EMBEDDING,False,False
H:LOWER:SEED:8,H,SEED_PASSIVANT_H,LOWER,2.9965,4.662,1.826619610881123,STATIC_ANALYTIC_EMBEDDING,False,False
H:LOWER:SEED:9,H,SEED_PASSIVANT_H,LOWER,2.6645,4.2935,1.8259337921539653,STATIC_ANALYTIC_EMBEDDING,False,False
H:UPPER:INNER:30,H,ANNULUS_INNER_PASSIVANT_H,UPPER,3.36455825562544,3.438300449413507,8.090904354565414,STATIC_ANALYTIC_EMBEDDING,False,False
H:UPPER:INNER:31,H,ANNULUS_INNER_PASSIVANT_H,UPPER,3.559929461402373,3.317728288304142,8.090904354565414,STATIC_ANALYTIC_EMBEDDING,False,False
H:UPPER:INNER:32,H,ANNULUS_INNER_PASSIVANT_H,UPPER,3.752801699455954,3.297454508446442,8.090904354565414,STATIC_ANALYTIC_EMBEDDING,False,False
H:UPPER:INNER:33,H,ANNULUS_INNER_PASSIVANT_H,UPPER,3.9689735954260774,3.3747672853594315,8.090904354565414,STATIC_ANALYTIC_EMBEDDING,False,False
H:UPPER:INNER:34,H,ANNULUS_INNER_PASSIVANT_H,UPPER,4.0880499300773945,3.5386581042518706,8.090904354565414,STATIC_ANALYTIC_EMBEDDING,False,False
H:UPPER:INNER:35,H,ANNULUS_INNER_PASSIVANT_H,UPPER,4.094782881698828,3.768140612177374,8.090904354565414,STATIC_ANALYTIC_EMBEDDING,False,False
H:UPPER:INNER:36,H,ANNULUS_INNER_PASSIVANT_H,UPPER,4.01590437105954,3.945309759945385,8.090904354565414,STATIC_ANALYTIC_EMBEDDING,False,False
H:UPPER:INNER:37,H,ANNULUS_INNER_PASSIVANT_H,UPPER,3.8408635942307106,4.0938637249832635,8.090904354565414,STATIC_ANALYTIC_EMBEDDING,False,False
H:UPPER:INNER:38,H,ANNULUS_INNER_PASSIVANT_H,UPPER,3.639391814297165,4.115041446334622,8.090904354565414,STATIC_ANALYTIC_EMBEDDING,False,False
H:UPPER:INNER:39,H,ANNULUS_INNER_PASSIVANT_H,UPPER,3.4372876568987976,4.006131099518483,8.090904354565414,STATIC_ANALYTIC_EMBEDDING,False,False
H:UPPER:INNER:40,H,ANNULUS_INNER_PASSIVANT_H,UPPER,3.3232939294845063,3.8492357316081733,8.090904354565414,STATIC_ANALYTIC_EMBEDDING,False,False
H:UPPER:INNER:41,H,ANNULUS_INNER_PASSIVANT_H,UPPER,3.282162810343212,3.623368989657305,8.090904354565414,STATIC_ANALYTIC_EMBEDDING,False,False
H:UPPER:OUTER:15,H,ANNULUS_OUTER_PASSIVANT_H,UPPER,2.6615405000520713,3.236181958788948,8.090904354565414,STATIC_ANALYTIC_EMBEDDING,False,False
H:UPPER:OUTER:16,H,ANNULUS_OUTER_PASSIVANT_H,UPPER,2.7784777982441367,2.9820940768383624,8.090904354565414,STATIC_ANALYTIC_EMBEDDING,False,False
H:UPPER:OUTER:17,H,ANNULUS_OUTER_PASSIVANT_H,UPPER,2.8985444453566735,2.7341997732467096,8.090904354565414,STATIC_ANALYTIC_EMBEDDING,False,False
H:UPPER:OUTER:18,H,ANNULUS_OUTER_PASSIVANT_H,UPPER,4.278396277599759,2.5891565437728623,8.090904354565414,STATIC_ANALYTIC_EMBEDDING,False,False
H:UPPER:OUTER:19,H,ANNULUS_OUTER_PASSIVANT_H,UPPER,4.447383968423539,2.806666878819461,8.090904354565414,STATIC_ANALYTIC_EMBEDDING,False,False
H:UPPER:OUTER:20,H,ANNULUS_OUTER_PASSIVANT_H,UPPER,4.614598555319515,3.030886113926093,8.090904354565414,STATIC_ANALYTIC_EMBEDDING,False,False
H:UPPER:OUTER:21,H,ANNULUS_OUTER_PASSIVANT_H,UPPER,4.7761764667864695,3.2592007257856306,8.090904354565414,STATIC_ANALYTIC_EMBEDDING,False,False
H:UPPER:OUTER:22,H,ANNULUS_OUTER_PASSIVANT_H,UPPER,4.930825907594024,3.487128644128136,8.090904354565414,STATIC_ANALYTIC_EMBEDDING,False,False
H:UPPER:OUTER:23,H,ANNULUS_OUTER_PASSIVANT_H,UPPER,4.366511112843771,4.754636999046076,8.090904354565414,STATIC_ANALYTIC_EMBEDDING,False,False
H:UPPER:OUTER:24,H,ANNULUS_OUTER_PASSIVANT_H,UPPER,4.093647791695861,4.7922294647030395,8.090904354565414,STATIC_ANALYTIC_EMBEDDING,False,False
H:UPPER:OUTER:25,H,ANNULUS_OUTER_PASSIVANT_H,UPPER,3.8158609446284144,4.824931927284959,8.090904354565414,STATIC_ANALYTIC_EMBEDDING,False,False
H:UPPER:OUTER:26,H,ANNULUS_OUTER_PASSIVANT_H,UPPER,3.5373457349693926,4.850705197376007,8.090904354565414,STATIC_ANALYTIC_EMBEDDING,False,False
H:UPPER:OUTER:27,H,ANNULUS_OUTER_PASSIVANT_H,UPPER,3.262629647049301,4.870671582625154,8.090904354565414,STATIC_ANALYTIC_EMBEDDING,False,False
H:UPPER:OUTER:28,H,ANNULUS_OUTER_PASSIVANT_H,UPPER,2.44709260955647,3.7482064571810616,8.090904354565414,STATIC_ANALYTIC_EMBEDDING,False,False
H:UPPER:OUTER:29,H,ANNULUS_OUTER_PASSIVANT_H,UPPER,2.5509682398805995,3.4931036564774987,8.090904354565414,STATIC_ANALYTIC_EMBEDDING,False,False
H:UPPER:SEED:0,H,SEED_PASSIVANT_H,UPPER,4.2935,2.6645,8.210066207846035,STATIC_ANALYTIC_EMBEDDING,False,False
H:UPPER:SEED:1,H,SEED_PASSIVANT_H,UPPER,4.662,2.9965,8.209380389118877,STATIC_ANALYTIC_EMBEDDING,False,False
H:UPPER:SEED:10,H,SEED_PASSIVANT_H,UPPER,2.505,3.6975,8.2095735539229,STATIC_ANALYTIC_EMBEDDING,False,False
H:UPPER:SEED:11,H,SEED_PASSIVANT_H,UPPER,2.607999999999999,3.2125,8.209841751276311,STATIC_ANALYTIC_EMBEDDING,False,False
H:UPPER:SEED:12,H,SEED_PASSIVANT_H,UPPER,2.899,2.811,8.20988463987014,STATIC_ANALYTIC_EMBEDDING,False,False
H:UPPER:SEED:13,H,SEED_PASSIVANT_H,UPPER,3.3289999999999997,2.5629999999999993,8.210042253038909,STATIC_ANALYTIC_EMBEDDING,False,False
H:UPPER:SEED:14,H,SEED_PASSIVANT_H,UPPER,3.822,2.511,8.20927150703424,STATIC_ANALYTIC_EMBEDDING,False,False
H:UPPER:SEED:2,H,SEED_PASSIVANT_H,UPPER,4.864,3.4495,8.210040541680632,STATIC_ANALYTIC_EMBEDDING,False,False
H:UPPER:SEED:3,H,SEED_PASSIVANT_H,UPPER,4.864,3.9455,8.210040541680632,STATIC_ANALYTIC_EMBEDDING,False,False
H:UPPER:SEED:4,H,SEED_PASSIVANT_H,UPPER,4.662,4.3985,8.209380389118877,STATIC_ANALYTIC_EMBEDDING,False,False
H:UPPER:SEED:5,H,SEED_PASSIVANT_H,UPPER,4.2935,4.730000000000001,8.20963553351494,STATIC_ANALYTIC_EMBEDDING,False,False
H:UPPER:SEED:6,H,SEED_PASSIVANT_H,UPPER,3.822,4.883,8.20927150703424,STATIC_ANALYTIC_EMBEDDING,False,False
H:UPPER:SEED:7,H,SEED_PASSIVANT_H,UPPER,3.3289999999999997,4.8315,8.210307030556422,STATIC_ANALYTIC_EMBEDDING,False,False
H:UPPER:SEED:8,H,SEED_PASSIVANT_H,UPPER,2.899,4.5835,8.21045693111613,STATIC_ANALYTIC_EMBEDDING,False,False
H:UPPER:SEED:9,H,SEED_PASSIVANT_H,UPPER,2.6079999999999997,4.182499999999999,8.209841751276311,STATIC_ANALYTIC_EMBEDDING,False,False
P:0,B,PARENT_HBN,PARENT,4.896,3.697,2.0,STATIC_ANALYTIC_EMBEDDING,False,False
P:1,N,PARENT_HBN,PARENT,4.896,3.697,2.145,STATIC_ANALYTIC_EMBEDDING,False,False
P:10,B,PARENT_HBN,PARENT,4.297,4.736,2.0,STATIC_ANALYTIC_EMBEDDING,False,False
P:100,B,PARENT_HBN,PARENT,3.21,2.602,2.217,STATIC_ANALYTIC_EMBEDDING,False,False
P:1000,B,PARENT_HBN,PARENT,4.793,3.21,5.48,STATIC_ANALYTIC_EMBEDDING,False,False
P:1001,N,PARENT_HBN,PARENT,4.793,3.21,5.625,STATIC_ANALYTIC_EMBEDDING,False,False
P:1002,B,PARENT_HBN,PARENT,4.87,3.448,5.48,STATIC_ANALYTIC_EMBEDDING,False,False
P:1003,N,PARENT_HBN,PARENT,4.87,3.448,5.625,STATIC_ANALYTIC_EMBEDDING,False,False
P:1004,B,PARENT_HBN,PARENT,4.896,3.697,5.48,STATIC_ANALYTIC_EMBEDDING,False,False
P:1005,N,PARENT_HBN,PARENT,4.896,3.697,5.625,STATIC_ANALYTIC_EMBEDDING,False,False
P:1006,B,PARENT_HBN,PARENT,4.87,3.947,5.48,STATIC_ANALYTIC_EMBEDDING,False,False
P:1007,N,PARENT_HBN,PARENT,4.87,3.947,5.625,STATIC_ANALYTIC_EMBEDDING,False,False
P:1008,B,PARENT_HBN,PARENT,4.793,4.185,5.48,STATIC_ANALYTIC_EMBEDDING,False,False
P:1009,N,PARENT_HBN,PARENT,4.793,4.185,5.625,STATIC_ANALYTIC_EMBEDDING,False,False
P:101,N,PARENT_HBN,PARENT,3.21,2.602,2.362,STATIC_ANALYTIC_EMBEDDING,False,False
P:1010,B,PARENT_HBN,PARENT,4.667,4.402,5.48,STATIC_ANALYTIC_EMBEDDING,False,False
P:1011,N,PARENT_HBN,PARENT,4.667,4.402,5.625,STATIC_ANALYTIC_EMBEDDING,False,False
P:1012,B,PARENT_HBN,PARENT,4.5,4.588,5.48,STATIC_ANALYTIC_EMBEDDING,False,False
P:1013,N,PARENT_HBN,PARENT,4.5,4.588,5.625,STATIC_ANALYTIC_EMBEDDING,False,False
P:1014,B,PARENT_HBN,PARENT,4.297,4.736,5.48,STATIC_ANALYTIC_EMBEDDING,False,False
P:1015,N,PARENT_HBN,PARENT,4.297,4.736,5.625,STATIC_ANALYTIC_EMBEDDING,False,False
P:1016,B,PARENT_HBN,PARENT,4.068,4.838,5.48,STATIC_ANALYTIC_EMBEDDING,False,False
P:1017,N,PARENT_HBN,PARENT,4.068,4.838,5.625,STATIC_ANALYTIC_EMBEDDING,False,False
P:1018,B,PARENT_HBN,PARENT,3.823,4.89,5.48,STATIC_ANALYTIC_EMBEDDING,False,False
P:1019,N,PARENT_HBN,PARENT,3.823,4.89,5.625,STATIC_ANALYTIC_EMBEDDING,False,False
P:102,B,PARENT_HBN,PARENT,3.448,2.524,2.217,STATIC_ANALYTIC_EMBEDDING,False,False
P:1020,B,PARENT_HBN,PARENT,3.448,4.87,5.697,STATIC_ANALYTIC_EMBEDDING,False,False
P:1021,N,PARENT_HBN,PARENT,3.448,4.87,5.842,STATIC_ANALYTIC_EMBEDDING,False,False
P:1022,B,PARENT_HBN,PARENT,3.21,4.793,5.697,STATIC_ANALYTIC_EMBEDDING,False,False
P:1023,N,PARENT_HBN,PARENT,3.21,4.793,5.842,STATIC_ANALYTIC_EMBEDDING,False,False
P:1024,B,PARENT_HBN,PARENT,2.992,4.667,5.697,STATIC_ANALYTIC_EMBEDDING,False,False
P:1025,N,PARENT_HBN,PARENT,2.992,4.667,5.842,STATIC_ANALYTIC_EMBEDDING,False,False
P:1026,B,PARENT_HBN,PARENT,2.806,4.5,5.697,STATIC_ANALYTIC_EMBEDDING,False,False
P:1027,N,PARENT_HBN,PARENT,2.806,4.5,5.842,STATIC_ANALYTIC_EMBEDDING,False,False
P:1028,B,PARENT_HBN,PARENT,2.659,4.297,5.697,STATIC_ANALYTIC_EMBEDDING,False,False
P:1029,N,PARENT_HBN,PARENT,2.659,4.297,5.842,STATIC_ANALYTIC_EMBEDDING,False,False
P:103,N,PARENT_HBN,PARENT,3.448,2.524,2.362,STATIC_ANALYTIC_EMBEDDING,False,False
P:1030,B,PARENT_HBN,PARENT,2.557,4.068,5.697,STATIC_ANALYTIC_EMBEDDING,False,False
P:1031,N,PARENT_HBN,PARENT,2.557,4.068,5.842,STATIC_ANALYTIC_EMBEDDING,False,False
P:1032,B,PARENT_HBN,PARENT,2.505,3.823,5.697,STATIC_ANALYTIC_EMBEDDING,False,False
P:1033,N,PARENT_HBN,PARENT,2.505,3.823,5.842,STATIC_ANALYTIC_EMBEDDING,False,False
P:1034,B,PARENT_HBN,PARENT,2.505,3.572,5.697,STATIC_ANALYTIC_EMBEDDING,False,False
P:1035,N,PARENT_HBN,PARENT,2.505,3.572,5.842,STATIC_ANALYTIC_EMBEDDING,False,False
P:1036,B,PARENT_HBN,PARENT,2.557,3.327,5.697,STATIC_ANALYTIC_EMBEDDING,False,False
P:1037,N,PARENT_HBN,PARENT,2.557,3.327,5.842,STATIC_ANALYTIC_EMBEDDING,False,False
P:1038,B,PARENT_HBN,PARENT,2.659,3.098,5.697,STATIC_ANALYTIC_EMBEDDING,False,False
P:1039,N,PARENT_HBN,PARENT,2.659,3.098,5.842,STATIC_ANALYTIC_EMBEDDING,False,False
P:104,B,PARENT_HBN,PARENT,3.697,2.498,2.217,STATIC_ANALYTIC_EMBEDDING,False,False
P:1040,B,PARENT_HBN,PARENT,2.806,2.895,5.697,STATIC_ANALYTIC_EMBEDDING,False,False
P:1041,N,PARENT_HBN,PARENT,2.806,2.895,5.842,STATIC_ANALYTIC_EMBEDDING,False,False
P:1042,B,PARENT_HBN,PARENT,2.992,2.727,5.697,STATIC_ANALYTIC_EMBEDDING,False,False
P:1043,N,PARENT_HBN,PARENT,2.992,2.727,5.842,STATIC_ANALYTIC_EMBEDDING,False,False
P:1044,B,PARENT_HBN,PARENT,3.21,2.602,5.697,STATIC_ANALYTIC_EMBEDDING,False,False
P:1045,N,PARENT_HBN,PARENT,3.21,2.602,5.842,STATIC_ANALYTIC_EMBEDDING,False,False
P:1046,B,PARENT_HBN,PARENT,3.448,2.524,5.697,STATIC_ANALYTIC_EMBEDDING,False,False
P:1047,N,PARENT_HBN,PARENT,3.448,2.524,5.842,STATIC_ANALYTIC_EMBEDDING,False,False
P:1048,B,PARENT_HBN,PARENT,3.697,2.498,5.697,STATIC_ANALYTIC_EMBEDDING,False,False
P:1049,N,PARENT_HBN,PARENT,3.697,2.498,5.842,STATIC_ANALYTIC_EMBEDDING,False,False
P:105,N,PARENT_HBN,PARENT,3.697,2.498,2.362,STATIC_ANALYTIC_EMBEDDING,False,False
P:1050,B,PARENT_HBN,PARENT,3.947,2.524,5.697,STATIC_ANALYTIC_EMBEDDING,False,False
P:1051,N,PARENT_HBN,PARENT,3.947,2.524,5.842,STATIC_ANALYTIC_EMBEDDING,False,False
P:1052,B,PARENT_HBN,PARENT,4.185,2.602,5.697,STATIC_ANALYTIC_EMBEDDING,False,False
P:1053,N,PARENT_HBN,PARENT,4.185,2.602,5.842,STATIC_ANALYTIC_EMBEDDING,False,False
P:1054,B,PARENT_HBN,PARENT,4.402,2.727,5.697,STATIC_ANALYTIC_EMBEDDING,False,False
P:1055,N,PARENT_HBN,PARENT,4.402,2.727,5.842,STATIC_ANALYTIC_EMBEDDING,False,False
P:1056,B,PARENT_HBN,PARENT,4.588,2.895,5.697,STATIC_ANALYTIC_EMBEDDING,False,False
P:1057,N,PARENT_HBN,PARENT,4.588,2.895,5.842,STATIC_ANALYTIC_EMBEDDING,False,False
P:1058,B,PARENT_HBN,PARENT,4.736,3.098,5.697,STATIC_ANALYTIC_EMBEDDING,False,False
P:1059,N,PARENT_HBN,PARENT,4.736,3.098,5.842,STATIC_ANALYTIC_EMBEDDING,False,False
P:106,B,PARENT_HBN,PARENT,3.947,2.524,2.217,STATIC_ANALYTIC_EMBEDDING,False,False
P:1060,B,PARENT_HBN,PARENT,4.838,3.327,5.697,STATIC_ANALYTIC_EMBEDDING,False,False
P:1061,N,PARENT_HBN,PARENT,4.838,3.327,5.842,STATIC_ANALYTIC_EMBEDDING,False,False
P:1062,B,PARENT_HBN,PARENT,4.89,3.572,5.697,STATIC_ANALYTIC_EMBEDDING,False,False
P:1063,N,PARENT_HBN,PARENT,4.89,3.572,5.842,STATIC_ANALYTIC_EMBEDDING,False,False
P:1064,B,PARENT_HBN,PARENT,4.89,3.823,5.697,STATIC_ANALYTIC_EMBEDDING,False,False
P:1065,N,PARENT_HBN,PARENT,4.89,3.823,5.842,STATIC_ANALYTIC_EMBEDDING,False,False
P:1066,B,PARENT_HBN,PARENT,4.838,4.068,5.697,STATIC_ANALYTIC_EMBEDDING,False,False
P:1067,N,PARENT_HBN,PARENT,4.838,4.068,5.842,STATIC_ANALYTIC_EMBEDDING,False,False
P:1068,B,PARENT_HBN,PARENT,4.736,4.297,5.697,STATIC_ANALYTIC_EMBEDDING,False,False
P:1069,N,PARENT_HBN,PARENT,4.736,4.297,5.842,STATIC_ANALYTIC_EMBEDDING,False,False
P:107,N,PARENT_HBN,PARENT,3.947,2.524,2.362,STATIC_ANALYTIC_EMBEDDING,False,False
P:1070,B,PARENT_HBN,PARENT,4.588,4.5,5.697,STATIC_ANALYTIC_EMBEDDING,False,False
P:1071,N,PARENT_HBN,PARENT,4.588,4.5,5.842,STATIC_ANALYTIC_EMBEDDING,False,False
P:1072,B,PARENT_HBN,PARENT,4.402,4.667,5.697,STATIC_ANALYTIC_EMBEDDING,False,False
P:1073,N,PARENT_HBN,PARENT,4.402,4.667,5.842,STATIC_ANALYTIC_EMBEDDING,False,False
P:1074,B,PARENT_HBN,PARENT,4.185,4.793,5.697,STATIC_ANALYTIC_EMBEDDING,False,False
P:1075,N,PARENT_HBN,PARENT,4.185,4.793,5.842,STATIC_ANALYTIC_EMBEDDING,False,False
P:1076,B,PARENT_HBN,PARENT,3.947,4.87,5.697,STATIC_ANALYTIC_EMBEDDING,False,False
P:1077,N,PARENT_HBN,PARENT,3.947,4.87,5.842,STATIC_ANALYTIC_EMBEDDING,False,False
P:1078,B,PARENT_HBN,PARENT,3.697,4.896,5.697,STATIC_ANALYTIC_EMBEDDING,False,False
P:1079,N,PARENT_HBN,PARENT,3.697,4.896,5.842,STATIC_ANALYTIC_EMBEDDING,False,False
P:108,B,PARENT_HBN,PARENT,4.185,2.602,2.217,STATIC_ANALYTIC_EMBEDDING,False,False
P:1080,B,PARENT_HBN,PARENT,3.327,4.838,5.915,STATIC_ANALYTIC_EMBEDDING,False,False
P:1081,N,PARENT_HBN,PARENT,3.327,4.838,6.06,STATIC_ANALYTIC_EMBEDDING,False,False
P:1082,B,PARENT_HBN,PARENT,3.098,4.736,5.915,STATIC_ANALYTIC_EMBEDDING,False,False
P:1083,N,PARENT_HBN,PARENT,3.098,4.736,6.06,STATIC_ANALYTIC_EMBEDDING,False,False
P:1084,B,PARENT_HBN,PARENT,2.895,4.588,5.915,STATIC_ANALYTIC_EMBEDDING,False,False
P:1085,N,PARENT_HBN,PARENT,2.895,4.588,6.06,STATIC_ANALYTIC_EMBEDDING,False,False
P:1086,B,PARENT_HBN,PARENT,2.727,4.402,5.915,STATIC_ANALYTIC_EMBEDDING,False,False
P:1087,N,PARENT_HBN,PARENT,2.727,4.402,6.06,STATIC_ANALYTIC_EMBEDDING,False,False
P:1088,B,PARENT_HBN,PARENT,2.602,4.185,5.915,STATIC_ANALYTIC_EMBEDDING,False,False
P:1089,N,PARENT_HBN,PARENT,2.602,4.185,6.06,STATIC_ANALYTIC_EMBEDDING,False,False
P:109,N,PARENT_HBN,PARENT,4.185,2.602,2.362,STATIC_ANALYTIC_EMBEDDING,False,False
P:1090,B,PARENT_HBN,PARENT,2.524,3.947,5.915,STATIC_ANALYTIC_EMBEDDING,False,False
P:1091,N,PARENT_HBN,PARENT,2.524,3.947,6.06,STATIC_ANALYTIC_EMBEDDING,False,False
P:1092,B,PARENT_HBN,PARENT,2.498,3.697,5.915,STATIC_ANALYTIC_EMBEDDING,False,False
P:1093,N,PARENT_HBN,PARENT,2.498,3.697,6.06,STATIC_ANALYTIC_EMBEDDING,False,False
P:1094,B,PARENT_HBN,PARENT,2.524,3.448,5.915,STATIC_ANALYTIC_EMBEDDING,False,False
P:1095,N,PARENT_HBN,PARENT,2.524,3.448,6.06,STATIC_ANALYTIC_EMBEDDING,False,False
P:1096,B,PARENT_HBN,PARENT,2.602,3.21,5.915,STATIC_ANALYTIC_EMBEDDING,False,False
P:1097,N,PARENT_HBN,PARENT,2.602,3.21,6.06,STATIC_ANALYTIC_EMBEDDING,False,False
P:1098,B,PARENT_HBN,PARENT,2.727,2.992,5.915,STATIC_ANALYTIC_EMBEDDING,False,False
P:1099,N,PARENT_HBN,PARENT,2.727,2.992,6.06,STATIC_ANALYTIC_EMBEDDING,False,False
P:11,N,PARENT_HBN,PARENT,4.297,4.736,2.145,STATIC_ANALYTIC_EMBEDDING,False,False
P:110,B,PARENT_HBN,PARENT,4.402,2.727,2.217,STATIC_ANALYTIC_EMBEDDING,False,False
P:1100,B,PARENT_HBN,PARENT,2.895,2.806,5.915,STATIC_ANALYTIC_EMBEDDING,False,False
P:1101,N,PARENT_HBN,PARENT,2.895,2.806,6.06,STATIC_ANALYTIC_EMBEDDING,False,False
P:1102,B,PARENT_HBN,PARENT,3.098,2.659,5.915,STATIC_ANALYTIC_EMBEDDING,False,False
P:1103,N,PARENT_HBN,PARENT,3.098,2.659,6.06,STATIC_ANALYTIC_EMBEDDING,False,False
P:1104,B,PARENT_HBN,PARENT,3.327,2.557,5.915,STATIC_ANALYTIC_EMBEDDING,False,False
P:1105,N,PARENT_HBN,PARENT,3.327,2.557,6.06,STATIC_ANALYTIC_EMBEDDING,False,False
P:1106,B,PARENT_HBN,PARENT,3.572,2.505,5.915,STATIC_ANALYTIC_EMBEDDING,False,False
P:1107,N,PARENT_HBN,PARENT,3.572,2.505,6.06,STATIC_ANALYTIC_EMBEDDING,False,False
P:1108,B,PARENT_HBN,PARENT,3.823,2.505,5.915,STATIC_ANALYTIC_EMBEDDING,False,False
P:1109,N,PARENT_HBN,PARENT,3.823,2.505,6.06,STATIC_ANALYTIC_EMBEDDING,False,False
P:111,N,PARENT_HBN,PARENT,4.402,2.727,2.362,STATIC_ANALYTIC_EMBEDDING,False,False
P:1110,B,PARENT_HBN,PARENT,4.068,2.557,5.915,STATIC_ANALYTIC_EMBEDDING,False,False
P:1111,N,PARENT_HBN,PARENT,4.068,2.557,6.06,STATIC_ANALYTIC_EMBEDDING,False,False
P:1112,B,PARENT_HBN,PARENT,4.297,2.659,5.915,STATIC_ANALYTIC_EMBEDDING,False,False
P:1113,N,PARENT_HBN,PARENT,4.297,2.659,6.06,STATIC_ANALYTIC_EMBEDDING,False,False
P:1114,B,PARENT_HBN,PARENT,4.5,2.806,5.915,STATIC_ANALYTIC_EMBEDDING,False,False
P:1115,N,PARENT_HBN,PARENT,4.5,2.806,6.06,STATIC_ANALYTIC_EMBEDDING,False,False
P:1116,B,PARENT_HBN,PARENT,4.667,2.992,5.915,STATIC_ANALYTIC_EMBEDDING,False,False
P:1117,N,PARENT_HBN,PARENT,4.667,2.992,6.06,STATIC_ANALYTIC_EMBEDDING,False,False
P:1118,B,PARENT_HBN,PARENT,4.793,3.21,5.915,STATIC_ANALYTIC_EMBEDDING,False,False
P:1119,N,PARENT_HBN,PARENT,4.793,3.21,6.06,STATIC_ANALYTIC_EMBEDDING,False,False
P:112,B,PARENT_HBN,PARENT,4.588,2.895,2.217,STATIC_ANALYTIC_EMBEDDING,False,False
P:1120,B,PARENT_HBN,PARENT,4.87,3.448,5.915,STATIC_ANALYTIC_EMBEDDING,False,False
P:1121,N,PARENT_HBN,PARENT,4.87,3.448,6.06,STATIC_ANALYTIC_EMBEDDING,False,False
P:1122,B,PARENT_HBN,PARENT,4.896,3.697,5.915,STATIC_ANALYTIC_EMBEDDING,False,False
P:1123,N,PARENT_HBN,PARENT,4.896,3.697,6.06,STATIC_ANALYTIC_EMBEDDING,False,False
P:1124,B,PARENT_HBN,PARENT,4.87,3.947,5.915,STATIC_ANALYTIC_EMBEDDING,False,False
P:1125,N,PARENT_HBN,PARENT,4.87,3.947,6.06,STATIC_ANALYTIC_EMBEDDING,False,False
P:1126,B,PARENT_HBN,PARENT,4.793,4.185,5.915,STATIC_ANALYTIC_EMBEDDING,False,False
P:1127,N,PARENT_HBN,PARENT,4.793,4.185,6.06,STATIC_ANALYTIC_EMBEDDING,False,False
P:1128,B,PARENT_HBN,PARENT,4.667,4.402,5.915,STATIC_ANALYTIC_EMBEDDING,False,False
P:1129,N,PARENT_HBN,PARENT,4.667,4.402,6.06,STATIC_ANALYTIC_EMBEDDING,False,False
P:113,N,PARENT_HBN,PARENT,4.588,2.895,2.362,STATIC_ANALYTIC_EMBEDDING,False,False
P:1130,B,PARENT_HBN,PARENT,4.5,4.588,5.915,STATIC_ANALYTIC_EMBEDDING,False,False
P:1131,N,PARENT_HBN,PARENT,4.5,4.588,6.06,STATIC_ANALYTIC_EMBEDDING,False,False
P:1132,B,PARENT_HBN,PARENT,4.297,4.736,5.915,STATIC_ANALYTIC_EMBEDDING,False,False
P:1133,N,PARENT_HBN,PARENT,4.297,4.736,6.06,STATIC_ANALYTIC_EMBEDDING,False,False
P:1134,B,PARENT_HBN,PARENT,4.068,4.838,5.915,STATIC_ANALYTIC_EMBEDDING,False,False
P:1135,N,PARENT_HBN,PARENT,4.068,4.838,6.06,STATIC_ANALYTIC_EMBEDDING,False,False
P:1136,B,PARENT_HBN,PARENT,3.823,4.89,5.915,STATIC_ANALYTIC_EMBEDDING,False,False
P:1137,N,PARENT_HBN,PARENT,3.823,4.89,6.06,STATIC_ANALYTIC_EMBEDDING,False,False
P:1138,B,PARENT_HBN,PARENT,3.572,4.89,5.915,STATIC_ANALYTIC_EMBEDDING,False,False
P:1139,N,PARENT_HBN,PARENT,3.572,4.89,6.06,STATIC_ANALYTIC_EMBEDDING,False,False
P:114,B,PARENT_HBN,PARENT,4.736,3.098,2.217,STATIC_ANALYTIC_EMBEDDING,False,False
P:1140,B,PARENT_HBN,PARENT,3.21,4.793,6.133,STATIC_ANALYTIC_EMBEDDING,False,False
P:1141,N,PARENT_HBN,PARENT,3.21,4.793,6.277,STATIC_ANALYTIC_EMBEDDING,False,False
P:1142,B,PARENT_HBN,PARENT,2.992,4.667,6.133,STATIC_ANALYTIC_EMBEDDING,False,False
P:1143,N,PARENT_HBN,PARENT,2.992,4.667,6.277,STATIC_ANALYTIC_EMBEDDING,False,False
P:1144,B,PARENT_HBN,PARENT,2.806,4.5,6.133,STATIC_ANALYTIC_EMBEDDING,False,False
P:1145,N,PARENT_HBN,PARENT,2.806,4.5,6.277,STATIC_ANALYTIC_EMBEDDING,False,False
P:1146,B,PARENT_HBN,PARENT,2.659,4.297,6.133,STATIC_ANALYTIC_EMBEDDING,False,False
P:1147,N,PARENT_HBN,PARENT,2.659,4.297,6.277,STATIC_ANALYTIC_EMBEDDING,False,False
P:1148,B,PARENT_HBN,PARENT,2.557,4.068,6.133,STATIC_ANALYTIC_EMBEDDING,False,False
P:1149,N,PARENT_HBN,PARENT,2.557,4.068,6.277,STATIC_ANALYTIC_EMBEDDING,False,False
P:115,N,PARENT_HBN,PARENT,4.736,3.098,2.362,STATIC_ANALYTIC_EMBEDDING,False,False
P:1150,B,PARENT_HBN,PARENT,2.505,3.823,6.133,STATIC_ANALYTIC_EMBEDDING,False,False
P:1151,N,PARENT_HBN,PARENT,2.505,3.823,6.277,STATIC_ANALYTIC_EMBEDDING,False,False
P:1152,B,PARENT_HBN,PARENT,2.505,3.572,6.133,STATIC_ANALYTIC_EMBEDDING,False,False
P:1153,N,PARENT_HBN,PARENT,2.505,3.572,6.277,STATIC_ANALYTIC_EMBEDDING,False,False
P:1154,B,PARENT_HBN,PARENT,2.557,3.327,6.133,STATIC_ANALYTIC_EMBEDDING,False,False
P:1155,N,PARENT_HBN,PARENT,2.557,3.327,6.277,STATIC_ANALYTIC_EMBEDDING,False,False
P:1156,B,PARENT_HBN,PARENT,2.659,3.098,6.133,STATIC_ANALYTIC_EMBEDDING,False,False
P:1157,N,PARENT_HBN,PARENT,2.659,3.098,6.277,STATIC_ANALYTIC_EMBEDDING,False,False
P:1158,B,PARENT_HBN,PARENT,2.806,2.895,6.133,STATIC_ANALYTIC_EMBEDDING,False,False
P:1159,N,PARENT_HBN,PARENT,2.806,2.895,6.277,STATIC_ANALYTIC_EMBEDDING,False,False
P:116,B,PARENT_HBN,PARENT,4.838,3.327,2.217,STATIC_ANALYTIC_EMBEDDING,False,False
P:1160,B,PARENT_HBN,PARENT,2.992,2.727,6.133,STATIC_ANALYTIC_EMBEDDING,False,False
P:1161,N,PARENT_HBN,PARENT,2.992,2.727,6.277,STATIC_ANALYTIC_EMBEDDING,False,False
P:1162,B,PARENT_HBN,PARENT,3.21,2.602,6.133,STATIC_ANALYTIC_EMBEDDING,False,False
P:1163,N,PARENT_HBN,PARENT,3.21,2.602,6.277,STATIC_ANALYTIC_EMBEDDING,False,False
P:1164,B,PARENT_HBN,PARENT,3.448,2.524,6.133,STATIC_ANALYTIC_EMBEDDING,False,False
P:1165,N,PARENT_HBN,PARENT,3.448,2.524,6.277,STATIC_ANALYTIC_EMBEDDING,False,False
P:1166,B,PARENT_HBN,PARENT,3.697,2.498,6.133,STATIC_ANALYTIC_EMBEDDING,False,False
P:1167,N,PARENT_HBN,PARENT,3.697,2.498,6.277,STATIC_ANALYTIC_EMBEDDING,False,False
P:1168,B,PARENT_HBN,PARENT,3.947,2.524,6.133,STATIC_ANALYTIC_EMBEDDING,False,False
P:1169,N,PARENT_HBN,PARENT,3.947,2.524,6.277,STATIC_ANALYTIC_EMBEDDING,False,False
P:117,N,PARENT_HBN,PARENT,4.838,3.327,2.362,STATIC_ANALYTIC_EMBEDDING,False,False
P:1170,B,PARENT_HBN,PARENT,4.185,2.602,6.133,STATIC_ANALYTIC_EMBEDDING,False,False
P:1171,N,PARENT_HBN,PARENT,4.185,2.602,6.277,STATIC_ANALYTIC_EMBEDDING,False,False
P:1172,B,PARENT_HBN,PARENT,4.402,2.727,6.133,STATIC_ANALYTIC_EMBEDDING,False,False
P:1173,N,PARENT_HBN,PARENT,4.402,2.727,6.277,STATIC_ANALYTIC_EMBEDDING,False,False
P:1174,B,PARENT_HBN,PARENT,4.588,2.895,6.133,STATIC_ANALYTIC_EMBEDDING,False,False
P:1175,N,PARENT_HBN,PARENT,4.588,2.895,6.277,STATIC_ANALYTIC_EMBEDDING,False,False
P:1176,B,PARENT_HBN,PARENT,4.736,3.098,6.133,STATIC_ANALYTIC_EMBEDDING,False,False
P:1177,N,PARENT_HBN,PARENT,4.736,3.098,6.277,STATIC_ANALYTIC_EMBEDDING,False,False
P:1178,B,PARENT_HBN,PARENT,4.838,3.327,6.133,STATIC_ANALYTIC_EMBEDDING,False,False
P:1179,N,PARENT_HBN,PARENT,4.838,3.327,6.277,STATIC_ANALYTIC_EMBEDDING,False,False
P:118,B,PARENT_HBN,PARENT,4.89,3.572,2.217,STATIC_ANALYTIC_EMBEDDING,False,False
P:1180,B,PARENT_HBN,PARENT,4.89,3.572,6.133,STATIC_ANALYTIC_EMBEDDING,False,False
P:1181,N,PARENT_HBN,PARENT,4.89,3.572,6.277,STATIC_ANALYTIC_EMBEDDING,False,False
P:1182,B,PARENT_HBN,PARENT,4.89,3.823,6.133,STATIC_ANALYTIC_EMBEDDING,False,False
P:1183,N,PARENT_HBN,PARENT,4.89,3.823,6.277,STATIC_ANALYTIC_EMBEDDING,False,False
P:1184,B,PARENT_HBN,PARENT,4.838,4.068,6.133,STATIC_ANALYTIC_EMBEDDING,False,False
P:1185,N,PARENT_HBN,PARENT,4.838,4.068,6.277,STATIC_ANALYTIC_EMBEDDING,False,False
P:1186,B,PARENT_HBN,PARENT,4.736,4.297,6.133,STATIC_ANALYTIC_EMBEDDING,False,False
P:1187,N,PARENT_HBN,PARENT,4.736,4.297,6.277,STATIC_ANALYTIC_EMBEDDING,False,False
P:1188,B,PARENT_HBN,PARENT,4.588,4.5,6.133,STATIC_ANALYTIC_EMBEDDING,False,False
P:1189,N,PARENT_HBN,PARENT,4.588,4.5,6.277,STATIC_ANALYTIC_EMBEDDING,False,False
P:119,N,PARENT_HBN,PARENT,4.89,3.572,2.362,STATIC_ANALYTIC_EMBEDDING,False,False
P:1190,B,PARENT_HBN,PARENT,4.402,4.667,6.133,STATIC_ANALYTIC_EMBEDDING,False,False
P:1191,N,PARENT_HBN,PARENT,4.402,4.667,6.277,STATIC_ANALYTIC_EMBEDDING,False,False
P:1192,B,PARENT_HBN,PARENT,4.185,4.793,6.133,STATIC_ANALYTIC_EMBEDDING,False,False
P:1193,N,PARENT_HBN,PARENT,4.185,4.793,6.277,STATIC_ANALYTIC_EMBEDDING,False,False
P:1194,B,PARENT_HBN,PARENT,3.947,4.87,6.133,STATIC_ANALYTIC_EMBEDDING,False,False
P:1195,N,PARENT_HBN,PARENT,3.947,4.87,6.277,STATIC_ANALYTIC_EMBEDDING,False,False
P:1196,B,PARENT_HBN,PARENT,3.697,4.896,6.133,STATIC_ANALYTIC_EMBEDDING,False,False
P:1197,N,PARENT_HBN,PARENT,3.697,4.896,6.277,STATIC_ANALYTIC_EMBEDDING,False,False
P:1198,B,PARENT_HBN,PARENT,3.448,4.87,6.133,STATIC_ANALYTIC_EMBEDDING,False,False
P:1199,N,PARENT_HBN,PARENT,3.448,4.87,6.277,STATIC_ANALYTIC_EMBEDDING,False,False
P:12,B,PARENT_HBN,PARENT,4.068,4.838,2.0,STATIC_ANALYTIC_EMBEDDING,False,False
P:120,B,PARENT_HBN,PARENT,4.87,3.947,2.435,STATIC_ANALYTIC_EMBEDDING,False,False
P:1200,B,PARENT_HBN,PARENT,3.098,4.736,6.35,STATIC_ANALYTIC_EMBEDDING,False,False
P:1201,N,PARENT_HBN,PARENT,3.098,4.736,6.495,STATIC_ANALYTIC_EMBEDDING,False,False
P:1202,B,PARENT_HBN,PARENT,2.895,4.588,6.35,STATIC_ANALYTIC_EMBEDDING,False,False
P:1203,N,PARENT_HBN,PARENT,2.895,4.588,6.495,STATIC_ANALYTIC_EMBEDDING,False,False
P:1204,B,PARENT_HBN,PARENT,2.727,4.402,6.35,STATIC_ANALYTIC_EMBEDDING,False,False
P:1205,N,PARENT_HBN,PARENT,2.727,4.402,6.495,STATIC_ANALYTIC_EMBEDDING,False,False
P:1206,B,PARENT_HBN,PARENT,2.602,4.185,6.35,STATIC_ANALYTIC_EMBEDDING,False,False
P:1207,N,PARENT_HBN,PARENT,2.602,4.185,6.495,STATIC_ANALYTIC_EMBEDDING,False,False
P:1208,B,PARENT_HBN,PARENT,2.524,3.947,6.35,STATIC_ANALYTIC_EMBEDDING,False,False
P:1209,N,PARENT_HBN,PARENT,2.524,3.947,6.495,STATIC_ANALYTIC_EMBEDDING,False,False
P:121,N,PARENT_HBN,PARENT,4.87,3.947,2.58,STATIC_ANALYTIC_EMBEDDING,False,False
P:1210,B,PARENT_HBN,PARENT,2.498,3.697,6.35,STATIC_ANALYTIC_EMBEDDING,False,False
P:1211,N,PARENT_HBN,PARENT,2.498,3.697,6.495,STATIC_ANALYTIC_EMBEDDING,False,False
P:1212,B,PARENT_HBN,PARENT,2.524,3.448,6.35,STATIC_ANALYTIC_EMBEDDING,False,False
P:1213,N,PARENT_HBN,PARENT,2.524,3.448,6.495,STATIC_ANALYTIC_EMBEDDING,False,False
P:1214,B,PARENT_HBN,PARENT,2.602,3.21,6.35,STATIC_ANALYTIC_EMBEDDING,False,False
P:1215,N,PARENT_HBN,PARENT,2.602,3.21,6.495,STATIC_ANALYTIC_EMBEDDING,False,False
P:1216,B,PARENT_HBN,PARENT,2.727,2.992,6.35,STATIC_ANALYTIC_EMBEDDING,False,False
P:1217,N,PARENT_HBN,PARENT,2.727,2.992,6.495,STATIC_ANALYTIC_EMBEDDING,False,False
P:1218,B,PARENT_HBN,PARENT,2.895,2.806,6.35,STATIC_ANALYTIC_EMBEDDING,False,False
P:1219,N,PARENT_HBN,PARENT,2.895,2.806,6.495,STATIC_ANALYTIC_EMBEDDING,False,False
P:122,B,PARENT_HBN,PARENT,4.793,4.185,2.435,STATIC_ANALYTIC_EMBEDDING,False,False
P:1220,B,PARENT_HBN,PARENT,3.098,2.659,6.35,STATIC_ANALYTIC_EMBEDDING,False,False
P:1221,N,PARENT_HBN,PARENT,3.098,2.659,6.495,STATIC_ANALYTIC_EMBEDDING,False,False
P:1222,B,PARENT_HBN,PARENT,3.327,2.557,6.35,STATIC_ANALYTIC_EMBEDDING,False,False
P:1223,N,PARENT_HBN,PARENT,3.327,2.557,6.495,STATIC_ANALYTIC_EMBEDDING,False,False
P:1224,B,PARENT_HBN,PARENT,3.572,2.505,6.35,STATIC_ANALYTIC_EMBEDDING,False,False
P:1225,N,PARENT_HBN,PARENT,3.572,2.505,6.495,STATIC_ANALYTIC_EMBEDDING,False,False
P:1226,B,PARENT_HBN,PARENT,3.823,2.505,6.35,STATIC_ANALYTIC_EMBEDDING,False,False
P:1227,N,PARENT_HBN,PARENT,3.823,2.505,6.495,STATIC_ANALYTIC_EMBEDDING,False,False
P:1228,B,PARENT_HBN,PARENT,4.068,2.557,6.35,STATIC_ANALYTIC_EMBEDDING,False,False
P:1229,N,PARENT_HBN,PARENT,4.068,2.557,6.495,STATIC_ANALYTIC_EMBEDDING,False,False
P:123,N,PARENT_HBN,PARENT,4.793,4.185,2.58,STATIC_ANALYTIC_EMBEDDING,False,False
P:1230,B,PARENT_HBN,PARENT,4.297,2.659,6.35,STATIC_ANALYTIC_EMBEDDING,False,False
P:1231,N,PARENT_HBN,PARENT,4.297,2.659,6.495,STATIC_ANALYTIC_EMBEDDING,False,False
P:1232,B,PARENT_HBN,PARENT,4.5,2.806,6.35,STATIC_ANALYTIC_EMBEDDING,False,False
P:1233,N,PARENT_HBN,PARENT,4.5,2.806,6.495,STATIC_ANALYTIC_EMBEDDING,False,False
P:1234,B,PARENT_HBN,PARENT,4.667,2.992,6.35,STATIC_ANALYTIC_EMBEDDING,False,False
P:1235,N,PARENT_HBN,PARENT,4.667,2.992,6.495,STATIC_ANALYTIC_EMBEDDING,False,False
P:1236,B,PARENT_HBN,PARENT,4.793,3.21,6.35,STATIC_ANALYTIC_EMBEDDING,False,False
P:1237,N,PARENT_HBN,PARENT,4.793,3.21,6.495,STATIC_ANALYTIC_EMBEDDING,False,False
P:1238,B,PARENT_HBN,PARENT,4.87,3.448,6.35,STATIC_ANALYTIC_EMBEDDING,False,False
P:1239,N,PARENT_HBN,PARENT,4.87,3.448,6.495,STATIC_ANALYTIC_EMBEDDING,False,False
P:124,B,PARENT_HBN,PARENT,4.667,4.402,2.435,STATIC_ANALYTIC_EMBEDDING,False,False
P:1240,B,PARENT_HBN,PARENT,4.896,3.697,6.35,STATIC_ANALYTIC_EMBEDDING,False,False
P:1241,N,PARENT_HBN,PARENT,4.896,3.697,6.495,STATIC_ANALYTIC_EMBEDDING,False,False
P:1242,B,PARENT_HBN,PARENT,4.87,3.947,6.35,STATIC_ANALYTIC_EMBEDDING,False,False
P:1243,N,PARENT_HBN,PARENT,4.87,3.947,6.495,STATIC_ANALYTIC_EMBEDDING,False,False
P:1244,B,PARENT_HBN,PARENT,4.793,4.185,6.35,STATIC_ANALYTIC_EMBEDDING,False,False
P:1245,N,PARENT_HBN,PARENT,4.793,4.185,6.495,STATIC_ANALYTIC_EMBEDDING,False,False
P:1246,B,PARENT_HBN,PARENT,4.667,4.402,6.35,STATIC_ANALYTIC_EMBEDDING,False,False
P:1247,N,PARENT_HBN,PARENT,4.667,4.402,6.495,STATIC_ANALYTIC_EMBEDDING,False,False
P:1248,B,PARENT_HBN,PARENT,4.5,4.588,6.35,STATIC_ANALYTIC_EMBEDDING,False,False
P:1249,N,PARENT_HBN,PARENT,4.5,4.588,6.495,STATIC_ANALYTIC_EMBEDDING,False,False
P:125,N,PARENT_HBN,PARENT,4.667,4.402,2.58,STATIC_ANALYTIC_EMBEDDING,False,False
P:1250,B,PARENT_HBN,PARENT,4.297,4.736,6.35,STATIC_ANALYTIC_EMBEDDING,False,False
P:1251,N,PARENT_HBN,PARENT,4.297,4.736,6.495,STATIC_ANALYTIC_EMBEDDING,False,False
P:1252,B,PARENT_HBN,PARENT,4.068,4.838,6.35,STATIC_ANALYTIC_EMBEDDING,False,False
P:1253,N,PARENT_HBN,PARENT,4.068,4.838,6.495,STATIC_ANALYTIC_EMBEDDING,False,False
P:1254,B,PARENT_HBN,PARENT,3.823,4.89,6.35,STATIC_ANALYTIC_EMBEDDING,False,False
P:1255,N,PARENT_HBN,PARENT,3.823,4.89,6.495,STATIC_ANALYTIC_EMBEDDING,False,False
P:1256,B,PARENT_HBN,PARENT,3.572,4.89,6.35,STATIC_ANALYTIC_EMBEDDING,False,False
P:1257,N,PARENT_HBN,PARENT,3.572,4.89,6.495,STATIC_ANALYTIC_EMBEDDING,False,False
P:1258,B,PARENT_HBN,PARENT,3.327,4.838,6.35,STATIC_ANALYTIC_EMBEDDING,False,False
P:1259,N,PARENT_HBN,PARENT,3.327,4.838,6.495,STATIC_ANALYTIC_EMBEDDING,False,False
P:126,B,PARENT_HBN,PARENT,4.5,4.588,2.435,STATIC_ANALYTIC_EMBEDDING,False,False
P:1260,B,PARENT_HBN,PARENT,2.992,4.667,6.567,STATIC_ANALYTIC_EMBEDDING,False,False
P:1261,N,PARENT_HBN,PARENT,2.992,4.667,6.713,STATIC_ANALYTIC_EMBEDDING,False,False
P:1262,B,PARENT_HBN,PARENT,2.806,4.5,6.567,STATIC_ANALYTIC_EMBEDDING,False,False
P:1263,N,PARENT_HBN,PARENT,2.806,4.5,6.713,STATIC_ANALYTIC_EMBEDDING,False,False
P:1264,B,PARENT_HBN,PARENT,2.659,4.297,6.567,STATIC_ANALYTIC_EMBEDDING,False,False
P:1265,N,PARENT_HBN,PARENT,2.659,4.297,6.713,STATIC_ANALYTIC_EMBEDDING,False,False
P:1266,B,PARENT_HBN,PARENT,2.557,4.068,6.567,STATIC_ANALYTIC_EMBEDDING,False,False
P:1267,N,PARENT_HBN,PARENT,2.557,4.068,6.713,STATIC_ANALYTIC_EMBEDDING,False,False
P:1268,B,PARENT_HBN,PARENT,2.505,3.823,6.567,STATIC_ANALYTIC_EMBEDDING,False,False
P:1269,N,PARENT_HBN,PARENT,2.505,3.823,6.713,STATIC_ANALYTIC_EMBEDDING,False,False
P:127,N,PARENT_HBN,PARENT,4.5,4.588,2.58,STATIC_ANALYTIC_EMBEDDING,False,False
P:1270,B,PARENT_HBN,PARENT,2.505,3.572,6.567,STATIC_ANALYTIC_EMBEDDING,False,False
P:1271,N,PARENT_HBN,PARENT,2.505,3.572,6.713,STATIC_ANALYTIC_EMBEDDING,False,False
P:1272,B,PARENT_HBN,PARENT,2.557,3.327,6.567,STATIC_ANALYTIC_EMBEDDING,False,False
P:1273,N,PARENT_HBN,PARENT,2.557,3.327,6.713,STATIC_ANALYTIC_EMBEDDING,False,False
P:1274,B,PARENT_HBN,PARENT,2.659,3.098,6.567,STATIC_ANALYTIC_EMBEDDING,False,False
P:1275,N,PARENT_HBN,PARENT,2.659,3.098,6.713,STATIC_ANALYTIC_EMBEDDING,False,False
P:1276,B,PARENT_HBN,PARENT,2.806,2.895,6.567,STATIC_ANALYTIC_EMBEDDING,False,False
P:1277,N,PARENT_HBN,PARENT,2.806,2.895,6.713,STATIC_ANALYTIC_EMBEDDING,False,False
P:1278,B,PARENT_HBN,PARENT,2.992,2.727,6.567,STATIC_ANALYTIC_EMBEDDING,False,False
P:1279,N,PARENT_HBN,PARENT,2.992,2.727,6.713,STATIC_ANALYTIC_EMBEDDING,False,False
P:128,B,PARENT_HBN,PARENT,4.297,4.736,2.435,STATIC_ANALYTIC_EMBEDDING,False,False
P:1280,B,PARENT_HBN,PARENT,3.21,2.602,6.567,STATIC_ANALYTIC_EMBEDDING,False,False
P:1281,N,PARENT_HBN,PARENT,3.21,2.602,6.713,STATIC_ANALYTIC_EMBEDDING,False,False
P:1282,B,PARENT_HBN,PARENT,3.448,2.524,6.567,STATIC_ANALYTIC_EMBEDDING,False,False
P:1283,N,PARENT_HBN,PARENT,3.448,2.524,6.713,STATIC_ANALYTIC_EMBEDDING,False,False
P:1284,B,PARENT_HBN,PARENT,3.697,2.498,6.567,STATIC_ANALYTIC_EMBEDDING,False,False
P:1285,N,PARENT_HBN,PARENT,3.697,2.498,6.713,STATIC_ANALYTIC_EMBEDDING,False,False
P:1286,B,PARENT_HBN,PARENT,3.947,2.524,6.567,STATIC_ANALYTIC_EMBEDDING,False,False
P:1287,N,PARENT_HBN,PARENT,3.947,2.524,6.713,STATIC_ANALYTIC_EMBEDDING,False,False
P:1288,B,PARENT_HBN,PARENT,4.185,2.602,6.567,STATIC_ANALYTIC_EMBEDDING,False,False
P:1289,N,PARENT_HBN,PARENT,4.185,2.602,6.713,STATIC_ANALYTIC_EMBEDDING,False,False
P:129,N,PARENT_HBN,PARENT,4.297,4.736,2.58,STATIC_ANALYTIC_EMBEDDING,False,False
P:1290,B,PARENT_HBN,PARENT,4.402,2.727,6.567,STATIC_ANALYTIC_EMBEDDING,False,False
P:1291,N,PARENT_HBN,PARENT,4.402,2.727,6.713,STATIC_ANALYTIC_EMBEDDING,False,False
P:1292,B,PARENT_HBN,PARENT,4.588,2.895,6.567,STATIC_ANALYTIC_EMBEDDING,False,False
P:1293,N,PARENT_HBN,PARENT,4.588,2.895,6.713,STATIC_ANALYTIC_EMBEDDING,False,False
P:1294,B,PARENT_HBN,PARENT,4.736,3.098,6.567,STATIC_ANALYTIC_EMBEDDING,False,False
P:1295,N,PARENT_HBN,PARENT,4.736,3.098,6.713,STATIC_ANALYTIC_EMBEDDING,False,False
P:1296,B,PARENT_HBN,PARENT,4.838,3.327,6.567,STATIC_ANALYTIC_EMBEDDING,False,False
P:1297,N,PARENT_HBN,PARENT,4.838,3.327,6.713,STATIC_ANALYTIC_EMBEDDING,False,False
P:1298,B,PARENT_HBN,PARENT,4.89,3.572,6.567,STATIC_ANALYTIC_EMBEDDING,False,False
P:1299,N,PARENT_HBN,PARENT,4.89,3.572,6.713,STATIC_ANALYTIC_EMBEDDING,False,False
P:13,N,PARENT_HBN,PARENT,4.068,4.838,2.145,STATIC_ANALYTIC_EMBEDDING,False,False
P:130,B,PARENT_HBN,PARENT,4.068,4.838,2.435,STATIC_ANALYTIC_EMBEDDING,False,False
P:1300,B,PARENT_HBN,PARENT,4.89,3.823,6.567,STATIC_ANALYTIC_EMBEDDING,False,False
P:1301,N,PARENT_HBN,PARENT,4.89,3.823,6.713,STATIC_ANALYTIC_EMBEDDING,False,False
P:1302,B,PARENT_HBN,PARENT,4.838,4.068,6.567,STATIC_ANALYTIC_EMBEDDING,False,False
P:1303,N,PARENT_HBN,PARENT,4.838,4.068,6.713,STATIC_ANALYTIC_EMBEDDING,False,False
P:1304,B,PARENT_HBN,PARENT,4.736,4.297,6.567,STATIC_ANALYTIC_EMBEDDING,False,False
P:1305,N,PARENT_HBN,PARENT,4.736,4.297,6.713,STATIC_ANALYTIC_EMBEDDING,False,False
P:1306,B,PARENT_HBN,PARENT,4.588,4.5,6.567,STATIC_ANALYTIC_EMBEDDING,False,False
P:1307,N,PARENT_HBN,PARENT,4.588,4.5,6.713,STATIC_ANALYTIC_EMBEDDING,False,False
P:1308,B,PARENT_HBN,PARENT,4.402,4.667,6.567,STATIC_ANALYTIC_EMBEDDING,False,False
P:1309,N,PARENT_HBN,PARENT,4.402,4.667,6.713,STATIC_ANALYTIC_EMBEDDING,False,False
P:131,N,PARENT_HBN,PARENT,4.068,4.838,2.58,STATIC_ANALYTIC_EMBEDDING,False,False
P:1310,B,PARENT_HBN,PARENT,4.185,4.793,6.567,STATIC_ANALYTIC_EMBEDDING,False,False
P:1311,N,PARENT_HBN,PARENT,4.185,4.793,6.713,STATIC_ANALYTIC_EMBEDDING,False,False
P:1312,B,PARENT_HBN,PARENT,3.947,4.87,6.567,STATIC_ANALYTIC_EMBEDDING,False,False
P:1313,N,PARENT_HBN,PARENT,3.947,4.87,6.713,STATIC_ANALYTIC_EMBEDDING,False,False
P:1314,B,PARENT_HBN,PARENT,3.697,4.896,6.567,STATIC_ANALYTIC_EMBEDDING,False,False
P:1315,N,PARENT_HBN,PARENT,3.697,4.896,6.713,STATIC_ANALYTIC_EMBEDDING,False,False
P:1316,B,PARENT_HBN,PARENT,3.448,4.87,6.567,STATIC_ANALYTIC_EMBEDDING,False,False
P:1317,N,PARENT_HBN,PARENT,3.448,4.87,6.713,STATIC_ANALYTIC_EMBEDDING,False,False
P:1318,B,PARENT_HBN,PARENT,3.21,4.793,6.567,STATIC_ANALYTIC_EMBEDDING,False,False
P:1319,N,PARENT_HBN,PARENT,3.21,4.793,6.713,STATIC_ANALYTIC_EMBEDDING,False,False
P:132,B,PARENT_HBN,PARENT,3.823,4.89,2.435,STATIC_ANALYTIC_EMBEDDING,False,False
P:1320,B,PARENT_HBN,PARENT,2.895,4.588,6.785,STATIC_ANALYTIC_EMBEDDING,False,False
P:1321,N,PARENT_HBN,PARENT,2.895,4.588,6.93,STATIC_ANALYTIC_EMBEDDING,False,False
P:1322,B,PARENT_HBN,PARENT,2.727,4.402,6.785,STATIC_ANALYTIC_EMBEDDING,False,False
P:1323,N,PARENT_HBN,PARENT,2.727,4.402,6.93,STATIC_ANALYTIC_EMBEDDING,False,False
P:1324,B,PARENT_HBN,PARENT,2.602,4.185,6.785,STATIC_ANALYTIC_EMBEDDING,False,False
P:1325,N,PARENT_HBN,PARENT,2.602,4.185,6.93,STATIC_ANALYTIC_EMBEDDING,False,False
P:1326,B,PARENT_HBN,PARENT,2.524,3.947,6.785,STATIC_ANALYTIC_EMBEDDING,False,False
P:1327,N,PARENT_HBN,PARENT,2.524,3.947,6.93,STATIC_ANALYTIC_EMBEDDING,False,False
P:1328,B,PARENT_HBN,PARENT,2.498,3.697,6.785,STATIC_ANALYTIC_EMBEDDING,False,False
P:1329,N,PARENT_HBN,PARENT,2.498,3.697,6.93,STATIC_ANALYTIC_EMBEDDING,False,False
P:133,N,PARENT_HBN,PARENT,3.823,4.89,2.58,STATIC_ANALYTIC_EMBEDDING,False,False
P:1330,B,PARENT_HBN,PARENT,2.524,3.448,6.785,STATIC_ANALYTIC_EMBEDDING,False,False
P:1331,N,PARENT_HBN,PARENT,2.524,3.448,6.93,STATIC_ANALYTIC_EMBEDDING,False,False
P:1332,B,PARENT_HBN,PARENT,2.602,3.21,6.785,STATIC_ANALYTIC_EMBEDDING,False,False
P:1333,N,PARENT_HBN,PARENT,2.602,3.21,6.93,STATIC_ANALYTIC_EMBEDDING,False,False
P:1334,B,PARENT_HBN,PARENT,2.727,2.992,6.785,STATIC_ANALYTIC_EMBEDDING,False,False
P:1335,N,PARENT_HBN,PARENT,2.727,2.992,6.93,STATIC_ANALYTIC_EMBEDDING,False,False
P:1336,B,PARENT_HBN,PARENT,2.895,2.806,6.785,STATIC_ANALYTIC_EMBEDDING,False,False
P:1337,N,PARENT_HBN,PARENT,2.895,2.806,6.93,STATIC_ANALYTIC_EMBEDDING,False,False
P:1338,B,PARENT_HBN,PARENT,3.098,2.659,6.785,STATIC_ANALYTIC_EMBEDDING,False,False
P:1339,N,PARENT_HBN,PARENT,3.098,2.659,6.93,STATIC_ANALYTIC_EMBEDDING,False,False
P:134,B,PARENT_HBN,PARENT,3.572,4.89,2.435,STATIC_ANALYTIC_EMBEDDING,False,False
P:1340,B,PARENT_HBN,PARENT,3.327,2.557,6.785,STATIC_ANALYTIC_EMBEDDING,False,False
P:1341,N,PARENT_HBN,PARENT,3.327,2.557,6.93,STATIC_ANALYTIC_EMBEDDING,False,False
P:1342,B,PARENT_HBN,PARENT,3.572,2.505,6.785,STATIC_ANALYTIC_EMBEDDING,False,False
P:1343,N,PARENT_HBN,PARENT,3.572,2.505,6.93,STATIC_ANALYTIC_EMBEDDING,False,False
P:1344,B,PARENT_HBN,PARENT,3.823,2.505,6.785,STATIC_ANALYTIC_EMBEDDING,False,False
P:1345,N,PARENT_HBN,PARENT,3.823,2.505,6.93,STATIC_ANALYTIC_EMBEDDING,False,False
P:1346,B,PARENT_HBN,PARENT,4.068,2.557,6.785,STATIC_ANALYTIC_EMBEDDING,False,False
P:1347,N,PARENT_HBN,PARENT,4.068,2.557,6.93,STATIC_ANALYTIC_EMBEDDING,False,False
P:1348,B,PARENT_HBN,PARENT,4.297,2.659,6.785,STATIC_ANALYTIC_EMBEDDING,False,False
P:1349,N,PARENT_HBN,PARENT,4.297,2.659,6.93,STATIC_ANALYTIC_EMBEDDING,False,False
P:135,N,PARENT_HBN,PARENT,3.572,4.89,2.58,STATIC_ANALYTIC_EMBEDDING,False,False
P:1350,B,PARENT_HBN,PARENT,4.5,2.806,6.785,STATIC_ANALYTIC_EMBEDDING,False,False
P:1351,N,PARENT_HBN,PARENT,4.5,2.806,6.93,STATIC_ANALYTIC_EMBEDDING,False,False
P:1352,B,PARENT_HBN,PARENT,4.667,2.992,6.785,STATIC_ANALYTIC_EMBEDDING,False,False
P:1353,N,PARENT_HBN,PARENT,4.667,2.992,6.93,STATIC_ANALYTIC_EMBEDDING,False,False
P:1354,B,PARENT_HBN,PARENT,4.793,3.21,6.785,STATIC_ANALYTIC_EMBEDDING,False,False
P:1355,N,PARENT_HBN,PARENT,4.793,3.21,6.93,STATIC_ANALYTIC_EMBEDDING,False,False
P:1356,B,PARENT_HBN,PARENT,4.87,3.448,6.785,STATIC_ANALYTIC_EMBEDDING,False,False
P:1357,N,PARENT_HBN,PARENT,4.87,3.448,6.93,STATIC_ANALYTIC_EMBEDDING,False,False
P:1358,B,PARENT_HBN,PARENT,4.896,3.697,6.785,STATIC_ANALYTIC_EMBEDDING,False,False
P:1359,N,PARENT_HBN,PARENT,4.896,3.697,6.93,STATIC_ANALYTIC_EMBEDDING,False,False
P:136,B,PARENT_HBN,PARENT,3.327,4.838,2.435,STATIC_ANALYTIC_EMBEDDING,False,False
P:1360,B,PARENT_HBN,PARENT,4.87,3.947,6.785,STATIC_ANALYTIC_EMBEDDING,False,False
P:1361,N,PARENT_HBN,PARENT,4.87,3.947,6.93,STATIC_ANALYTIC_EMBEDDING,False,False
P:1362,B,PARENT_HBN,PARENT,4.793,4.185,6.785,STATIC_ANALYTIC_EMBEDDING,False,False
P:1363,N,PARENT_HBN,PARENT,4.793,4.185,6.93,STATIC_ANALYTIC_EMBEDDING,False,False
P:1364,B,PARENT_HBN,PARENT,4.667,4.402,6.785,STATIC_ANALYTIC_EMBEDDING,False,False
P:1365,N,PARENT_HBN,PARENT,4.667,4.402,6.93,STATIC_ANALYTIC_EMBEDDING,False,False
P:1366,B,PARENT_HBN,PARENT,4.5,4.588,6.785,STATIC_ANALYTIC_EMBEDDING,False,False
P:1367,N,PARENT_HBN,PARENT,4.5,4.588,6.93,STATIC_ANALYTIC_EMBEDDING,False,False
P:1368,B,PARENT_HBN,PARENT,4.297,4.736,6.785,STATIC_ANALYTIC_EMBEDDING,False,False
P:1369,N,PARENT_HBN,PARENT,4.297,4.736,6.93,STATIC_ANALYTIC_EMBEDDING,False,False
P:137,N,PARENT_HBN,PARENT,3.327,4.838,2.58,STATIC_ANALYTIC_EMBEDDING,False,False
P:1370,B,PARENT_HBN,PARENT,4.068,4.838,6.785,STATIC_ANALYTIC_EMBEDDING,False,False
P:1371,N,PARENT_HBN,PARENT,4.068,4.838,6.93,STATIC_ANALYTIC_EMBEDDING,False,False
P:1372,B,PARENT_HBN,PARENT,3.823,4.89,6.785,STATIC_ANALYTIC_EMBEDDING,False,False
P:1373,N,PARENT_HBN,PARENT,3.823,4.89,6.93,STATIC_ANALYTIC_EMBEDDING,False,False
P:1374,B,PARENT_HBN,PARENT,3.572,4.89,6.785,STATIC_ANALYTIC_EMBEDDING,False,False
P:1375,N,PARENT_HBN,PARENT,3.572,4.89,6.93,STATIC_ANALYTIC_EMBEDDING,False,False
P:1376,B,PARENT_HBN,PARENT,3.327,4.838,6.785,STATIC_ANALYTIC_EMBEDDING,False,False
P:1377,N,PARENT_HBN,PARENT,3.327,4.838,6.93,STATIC_ANALYTIC_EMBEDDING,False,False
P:1378,B,PARENT_HBN,PARENT,3.098,4.736,6.785,STATIC_ANALYTIC_EMBEDDING,False,False
P:1379,N,PARENT_HBN,PARENT,3.098,4.736,6.93,STATIC_ANALYTIC_EMBEDDING,False,False
P:138,B,PARENT_HBN,PARENT,3.098,4.736,2.435,STATIC_ANALYTIC_EMBEDDING,False,False
P:1380,B,PARENT_HBN,PARENT,2.806,4.5,7.002,STATIC_ANALYTIC_EMBEDDING,False,False
P:1381,N,PARENT_HBN,PARENT,2.806,4.5,7.147,STATIC_ANALYTIC_EMBEDDING,False,False
P:1382,B,PARENT_HBN,PARENT,2.659,4.297,7.002,STATIC_ANALYTIC_EMBEDDING,False,False
P:1383,N,PARENT_HBN,PARENT,2.659,4.297,7.147,STATIC_ANALYTIC_EMBEDDING,False,False
P:1384,B,PARENT_HBN,PARENT,2.557,4.068,7.002,STATIC_ANALYTIC_EMBEDDING,False,False
P:1385,N,PARENT_HBN,PARENT,2.557,4.068,7.147,STATIC_ANALYTIC_EMBEDDING,False,False
P:1386,B,PARENT_HBN,PARENT,2.505,3.823,7.002,STATIC_ANALYTIC_EMBEDDING,False,False
P:1387,N,PARENT_HBN,PARENT,2.505,3.823,7.147,STATIC_ANALYTIC_EMBEDDING,False,False
P:1388,B,PARENT_HBN,PARENT,2.505,3.572,7.002,STATIC_ANALYTIC_EMBEDDING,False,False
P:1389,N,PARENT_HBN,PARENT,2.505,3.572,7.147,STATIC_ANALYTIC_EMBEDDING,False,False
P:139,N,PARENT_HBN,PARENT,3.098,4.736,2.58,STATIC_ANALYTIC_EMBEDDING,False,False
P:1390,B,PARENT_HBN,PARENT,2.557,3.327,7.002,STATIC_ANALYTIC_EMBEDDING,False,False
P:1391,N,PARENT_HBN,PARENT,2.557,3.327,7.147,STATIC_ANALYTIC_EMBEDDING,False,False
P:1392,B,PARENT_HBN,PARENT,2.659,3.098,7.002,STATIC_ANALYTIC_EMBEDDING,False,False
P:1393,N,PARENT_HBN,PARENT,2.659,3.098,7.147,STATIC_ANALYTIC_EMBEDDING,False,False
P:1394,B,PARENT_HBN,PARENT,2.806,2.895,7.002,STATIC_ANALYTIC_EMBEDDING,False,False
P:1395,N,PARENT_HBN,PARENT,2.806,2.895,7.147,STATIC_ANALYTIC_EMBEDDING,False,False
P:1396,B,PARENT_HBN,PARENT,2.992,2.727,7.002,STATIC_ANALYTIC_EMBEDDING,False,False
P:1397,N,PARENT_HBN,PARENT,2.992,2.727,7.147,STATIC_ANALYTIC_EMBEDDING,False,False
P:1398,B,PARENT_HBN,PARENT,3.21,2.602,7.002,STATIC_ANALYTIC_EMBEDDING,False,False
P:1399,N,PARENT_HBN,PARENT,3.21,2.602,7.147,STATIC_ANALYTIC_EMBEDDING,False,False
P:14,B,PARENT_HBN,PARENT,3.823,4.89,2.0,STATIC_ANALYTIC_EMBEDDING,False,False
P:140,B,PARENT_HBN,PARENT,2.895,4.588,2.435,STATIC_ANALYTIC_EMBEDDING,False,False
P:1400,B,PARENT_HBN,PARENT,3.448,2.524,7.002,STATIC_ANALYTIC_EMBEDDING,False,False
P:1401,N,PARENT_HBN,PARENT,3.448,2.524,7.147,STATIC_ANALYTIC_EMBEDDING,False,False
P:1402,B,PARENT_HBN,PARENT,3.697,2.498,7.002,STATIC_ANALYTIC_EMBEDDING,False,False
P:1403,N,PARENT_HBN,PARENT,3.697,2.498,7.147,STATIC_ANALYTIC_EMBEDDING,False,False
P:1404,B,PARENT_HBN,PARENT,3.947,2.524,7.002,STATIC_ANALYTIC_EMBEDDING,False,False
P:1405,N,PARENT_HBN,PARENT,3.947,2.524,7.147,STATIC_ANALYTIC_EMBEDDING,False,False
P:1406,B,PARENT_HBN,PARENT,4.185,2.602,7.002,STATIC_ANALYTIC_EMBEDDING,False,False
P:1407,N,PARENT_HBN,PARENT,4.185,2.602,7.147,STATIC_ANALYTIC_EMBEDDING,False,False
P:1408,B,PARENT_HBN,PARENT,4.402,2.727,7.002,STATIC_ANALYTIC_EMBEDDING,False,False
P:1409,N,PARENT_HBN,PARENT,4.402,2.727,7.147,STATIC_ANALYTIC_EMBEDDING,False,False
P:141,N,PARENT_HBN,PARENT,2.895,4.588,2.58,STATIC_ANALYTIC_EMBEDDING,False,False
P:1410,B,PARENT_HBN,PARENT,4.588,2.895,7.002,STATIC_ANALYTIC_EMBEDDING,False,False
P:1411,N,PARENT_HBN,PARENT,4.588,2.895,7.147,STATIC_ANALYTIC_EMBEDDING,False,False
P:1412,B,PARENT_HBN,PARENT,4.736,3.098,7.002,STATIC_ANALYTIC_EMBEDDING,False,False
P:1413,N,PARENT_HBN,PARENT,4.736,3.098,7.147,STATIC_ANALYTIC_EMBEDDING,False,False
P:1414,B,PARENT_HBN,PARENT,4.838,3.327,7.002,STATIC_ANALYTIC_EMBEDDING,False,False
P:1415,N,PARENT_HBN,PARENT,4.838,3.327,7.147,STATIC_ANALYTIC_EMBEDDING,False,False
P:1416,B,PARENT_HBN,PARENT,4.89,3.572,7.002,STATIC_ANALYTIC_EMBEDDING,False,False
P:1417,N,PARENT_HBN,PARENT,4.89,3.572,7.147,STATIC_ANALYTIC_EMBEDDING,False,False
P:1418,B,PARENT_HBN,PARENT,4.89,3.823,7.002,STATIC_ANALYTIC_EMBEDDING,False,False
P:1419,N,PARENT_HBN,PARENT,4.89,3.823,7.147,STATIC_ANALYTIC_EMBEDDING,False,False
P:142,B,PARENT_HBN,PARENT,2.727,4.402,2.435,STATIC_ANALYTIC_EMBEDDING,False,False
P:1420,B,PARENT_HBN,PARENT,4.838,4.068,7.002,STATIC_ANALYTIC_EMBEDDING,False,False
P:1421,N,PARENT_HBN,PARENT,4.838,4.068,7.147,STATIC_ANALYTIC_EMBEDDING,False,False
P:1422,B,PARENT_HBN,PARENT,4.736,4.297,7.002,STATIC_ANALYTIC_EMBEDDING,False,False
P:1423,N,PARENT_HBN,PARENT,4.736,4.297,7.147,STATIC_ANALYTIC_EMBEDDING,False,False
P:1424,B,PARENT_HBN,PARENT,4.588,4.5,7.002,STATIC_ANALYTIC_EMBEDDING,False,False
P:1425,N,PARENT_HBN,PARENT,4.588,4.5,7.147,STATIC_ANALYTIC_EMBEDDING,False,False
P:1426,B,PARENT_HBN,PARENT,4.402,4.667,7.002,STATIC_ANALYTIC_EMBEDDING,False,False
P:1427,N,PARENT_HBN,PARENT,4.402,4.667,7.147,STATIC_ANALYTIC_EMBEDDING,False,False
P:1428,B,PARENT_HBN,PARENT,4.185,4.793,7.002,STATIC_ANALYTIC_EMBEDDING,False,False
P:1429,N,PARENT_HBN,PARENT,4.185,4.793,7.147,STATIC_ANALYTIC_EMBEDDING,False,False
P:143,N,PARENT_HBN,PARENT,2.727,4.402,2.58,STATIC_ANALYTIC_EMBEDDING,False,False
P:1430,B,PARENT_HBN,PARENT,3.947,4.87,7.002,STATIC_ANALYTIC_EMBEDDING,False,False
P:1431,N,PARENT_HBN,PARENT,3.947,4.87,7.147,STATIC_ANALYTIC_EMBEDDING,False,False
P:1432,B,PARENT_HBN,PARENT,3.697,4.896,7.002,STATIC_ANALYTIC_EMBEDDING,False,False
P:1433,N,PARENT_HBN,PARENT,3.697,4.896,7.147,STATIC_ANALYTIC_EMBEDDING,False,False
P:1434,B,PARENT_HBN,PARENT,3.448,4.87,7.002,STATIC_ANALYTIC_EMBEDDING,False,False
P:1435,N,PARENT_HBN,PARENT,3.448,4.87,7.147,STATIC_ANALYTIC_EMBEDDING,False,False
P:1436,B,PARENT_HBN,PARENT,3.21,4.793,7.002,STATIC_ANALYTIC_EMBEDDING,False,False
P:1437,N,PARENT_HBN,PARENT,3.21,4.793,7.147,STATIC_ANALYTIC_EMBEDDING,False,False
P:1438,B,PARENT_HBN,PARENT,2.992,4.667,7.002,STATIC_ANALYTIC_EMBEDDING,False,False
P:1439,N,PARENT_HBN,PARENT,2.992,4.667,7.147,STATIC_ANALYTIC_EMBEDDING,False,False
P:144,B,PARENT_HBN,PARENT,2.602,4.185,2.435,STATIC_ANALYTIC_EMBEDDING,False,False
P:1440,B,PARENT_HBN,PARENT,2.727,4.402,7.22,STATIC_ANALYTIC_EMBEDDING,False,False
P:1441,N,PARENT_HBN,PARENT,2.727,4.402,7.365,STATIC_ANALYTIC_EMBEDDING,False,False
P:1442,B,PARENT_HBN,PARENT,2.602,4.185,7.22,STATIC_ANALYTIC_EMBEDDING,False,False
P:1443,N,PARENT_HBN,PARENT,2.602,4.185,7.365,STATIC_ANALYTIC_EMBEDDING,False,False
P:1444,B,PARENT_HBN,PARENT,2.524,3.947,7.22,STATIC_ANALYTIC_EMBEDDING,False,False
P:1445,N,PARENT_HBN,PARENT,2.524,3.947,7.365,STATIC_ANALYTIC_EMBEDDING,False,False
P:1446,B,PARENT_HBN,PARENT,2.498,3.697,7.22,STATIC_ANALYTIC_EMBEDDING,False,False
P:1447,N,PARENT_HBN,PARENT,2.498,3.697,7.365,STATIC_ANALYTIC_EMBEDDING,False,False
P:1448,B,PARENT_HBN,PARENT,2.524,3.448,7.22,STATIC_ANALYTIC_EMBEDDING,False,False
P:1449,N,PARENT_HBN,PARENT,2.524,3.448,7.365,STATIC_ANALYTIC_EMBEDDING,False,False
P:145,N,PARENT_HBN,PARENT,2.602,4.185,2.58,STATIC_ANALYTIC_EMBEDDING,False,False
P:1450,B,PARENT_HBN,PARENT,2.602,3.21,7.22,STATIC_ANALYTIC_EMBEDDING,False,False
P:1451,N,PARENT_HBN,PARENT,2.602,3.21,7.365,STATIC_ANALYTIC_EMBEDDING,False,False
P:1452,B,PARENT_HBN,PARENT,2.727,2.992,7.22,STATIC_ANALYTIC_EMBEDDING,False,False
P:1453,N,PARENT_HBN,PARENT,2.727,2.992,7.365,STATIC_ANALYTIC_EMBEDDING,False,False
P:1454,B,PARENT_HBN,PARENT,2.895,2.806,7.22,STATIC_ANALYTIC_EMBEDDING,False,False
P:1455,N,PARENT_HBN,PARENT,2.895,2.806,7.365,STATIC_ANALYTIC_EMBEDDING,False,False
P:1456,B,PARENT_HBN,PARENT,3.098,2.659,7.22,STATIC_ANALYTIC_EMBEDDING,False,False
P:1457,N,PARENT_HBN,PARENT,3.098,2.659,7.365,STATIC_ANALYTIC_EMBEDDING,False,False
P:1458,B,PARENT_HBN,PARENT,3.327,2.557,7.22,STATIC_ANALYTIC_EMBEDDING,False,False
P:1459,N,PARENT_HBN,PARENT,3.327,2.557,7.365,STATIC_ANALYTIC_EMBEDDING,False,False
P:146,B,PARENT_HBN,PARENT,2.524,3.947,2.435,STATIC_ANALYTIC_EMBEDDING,False,False
P:1460,B,PARENT_HBN,PARENT,3.572,2.505,7.22,STATIC_ANALYTIC_EMBEDDING,False,False
P:1461,N,PARENT_HBN,PARENT,3.572,2.505,7.365,STATIC_ANALYTIC_EMBEDDING,False,False
P:1462,B,PARENT_HBN,PARENT,3.823,2.505,7.22,STATIC_ANALYTIC_EMBEDDING,False,False
P:1463,N,PARENT_HBN,PARENT,3.823,2.505,7.365,STATIC_ANALYTIC_EMBEDDING,False,False
P:1464,B,PARENT_HBN,PARENT,4.068,2.557,7.22,STATIC_ANALYTIC_EMBEDDING,False,False
P:1465,N,PARENT_HBN,PARENT,4.068,2.557,7.365,STATIC_ANALYTIC_EMBEDDING,False,False
P:1466,B,PARENT_HBN,PARENT,4.297,2.659,7.22,STATIC_ANALYTIC_EMBEDDING,False,False
P:1467,N,PARENT_HBN,PARENT,4.297,2.659,7.365,STATIC_ANALYTIC_EMBEDDING,False,False
P:1468,B,PARENT_HBN,PARENT,4.5,2.806,7.22,STATIC_ANALYTIC_EMBEDDING,False,False
P:1469,N,PARENT_HBN,PARENT,4.5,2.806,7.365,STATIC_ANALYTIC_EMBEDDING,False,False
P:147,N,PARENT_HBN,PARENT,2.524,3.947,2.58,STATIC_ANALYTIC_EMBEDDING,False,False
P:1470,B,PARENT_HBN,PARENT,4.667,2.992,7.22,STATIC_ANALYTIC_EMBEDDING,False,False
P:1471,N,PARENT_HBN,PARENT,4.667,2.992,7.365,STATIC_ANALYTIC_EMBEDDING,False,False
P:1472,B,PARENT_HBN,PARENT,4.793,3.21,7.22,STATIC_ANALYTIC_EMBEDDING,False,False
P:1473,N,PARENT_HBN,PARENT,4.793,3.21,7.365,STATIC_ANALYTIC_EMBEDDING,False,False
P:1474,B,PARENT_HBN,PARENT,4.87,3.448,7.22,STATIC_ANALYTIC_EMBEDDING,False,False
P:1475,N,PARENT_HBN,PARENT,4.87,3.448,7.365,STATIC_ANALYTIC_EMBEDDING,False,False
P:1476,B,PARENT_HBN,PARENT,4.896,3.697,7.22,STATIC_ANALYTIC_EMBEDDING,False,False
P:1477,N,PARENT_HBN,PARENT,4.896,3.697,7.365,STATIC_ANALYTIC_EMBEDDING,False,False
P:1478,B,PARENT_HBN,PARENT,4.87,3.947,7.22,STATIC_ANALYTIC_EMBEDDING,False,False
P:1479,N,PARENT_HBN,PARENT,4.87,3.947,7.365,STATIC_ANALYTIC_EMBEDDING,False,False
P:148,B,PARENT_HBN,PARENT,2.498,3.697,2.435,STATIC_ANALYTIC_EMBEDDING,False,False
P:1480,B,PARENT_HBN,PARENT,4.793,4.185,7.22,STATIC_ANALYTIC_EMBEDDING,False,False
P:1481,N,PARENT_HBN,PARENT,4.793,4.185,7.365,STATIC_ANALYTIC_EMBEDDING,False,False
P:1482,B,PARENT_HBN,PARENT,4.667,4.402,7.22,STATIC_ANALYTIC_EMBEDDING,False,False
P:1483,N,PARENT_HBN,PARENT,4.667,4.402,7.365,STATIC_ANALYTIC_EMBEDDING,False,False
P:1484,B,PARENT_HBN,PARENT,4.5,4.588,7.22,STATIC_ANALYTIC_EMBEDDING,False,False
P:1485,N,PARENT_HBN,PARENT,4.5,4.588,7.365,STATIC_ANALYTIC_EMBEDDING,False,False
P:1486,B,PARENT_HBN,PARENT,4.297,4.736,7.22,STATIC_ANALYTIC_EMBEDDING,False,False
P:1487,N,PARENT_HBN,PARENT,4.297,4.736,7.365,STATIC_ANALYTIC_EMBEDDING,False,False
P:1488,B,PARENT_HBN,PARENT,4.068,4.838,7.22,STATIC_ANALYTIC_EMBEDDING,False,False
P:1489,N,PARENT_HBN,PARENT,4.068,4.838,7.365,STATIC_ANALYTIC_EMBEDDING,False,False
P:149,N,PARENT_HBN,PARENT,2.498,3.697,2.58,STATIC_ANALYTIC_EMBEDDING,False,False
P:1490,B,PARENT_HBN,PARENT,3.823,4.89,7.22,STATIC_ANALYTIC_EMBEDDING,False,False
P:1491,N,PARENT_HBN,PARENT,3.823,4.89,7.365,STATIC_ANALYTIC_EMBEDDING,False,False
P:1492,B,PARENT_HBN,PARENT,3.572,4.89,7.22,STATIC_ANALYTIC_EMBEDDING,False,False
P:1493,N,PARENT_HBN,PARENT,3.572,4.89,7.365,STATIC_ANALYTIC_EMBEDDING,False,False
P:1494,B,PARENT_HBN,PARENT,3.327,4.838,7.22,STATIC_ANALYTIC_EMBEDDING,False,False
P:1495,N,PARENT_HBN,PARENT,3.327,4.838,7.365,STATIC_ANALYTIC_EMBEDDING,False,False
P:1496,B,PARENT_HBN,PARENT,3.098,4.736,7.22,STATIC_ANALYTIC_EMBEDDING,False,False
P:1497,N,PARENT_HBN,PARENT,3.098,4.736,7.365,STATIC_ANALYTIC_EMBEDDING,False,False
P:1498,B,PARENT_HBN,PARENT,2.895,4.588,7.22,STATIC_ANALYTIC_EMBEDDING,False,False
P:1499,N,PARENT_HBN,PARENT,2.895,4.588,7.365,STATIC_ANALYTIC_EMBEDDING,False,False
P:15,N,PARENT_HBN,PARENT,3.823,4.89,2.145,STATIC_ANALYTIC_EMBEDDING,False,False
P:150,B,PARENT_HBN,PARENT,2.524,3.448,2.435,STATIC_ANALYTIC_EMBEDDING,False,False
P:1500,B,PARENT_HBN,PARENT,2.659,4.297,7.438,STATIC_ANALYTIC_EMBEDDING,False,False
P:1501,N,PARENT_HBN,PARENT,2.659,4.297,7.583,STATIC_ANALYTIC_EMBEDDING,False,False
P:1502,B,PARENT_HBN,PARENT,2.557,4.068,7.438,STATIC_ANALYTIC_EMBEDDING,False,False
P:1503,N,PARENT_HBN,PARENT,2.557,4.068,7.583,STATIC_ANALYTIC_EMBEDDING,False,False
P:1504,B,PARENT_HBN,PARENT,2.505,3.823,7.438,STATIC_ANALYTIC_EMBEDDING,False,False
P:1505,N,PARENT_HBN,PARENT,2.505,3.823,7.583,STATIC_ANALYTIC_EMBEDDING,False,False
P:1506,B,PARENT_HBN,PARENT,2.505,3.572,7.438,STATIC_ANALYTIC_EMBEDDING,False,False
P:1507,N,PARENT_HBN,PARENT,2.505,3.572,7.583,STATIC_ANALYTIC_EMBEDDING,False,False
P:1508,B,PARENT_HBN,PARENT,2.557,3.327,7.438,STATIC_ANALYTIC_EMBEDDING,False,False
P:1509,N,PARENT_HBN,PARENT,2.557,3.327,7.583,STATIC_ANALYTIC_EMBEDDING,False,False
P:151,N,PARENT_HBN,PARENT,2.524,3.448,2.58,STATIC_ANALYTIC_EMBEDDING,False,False
P:1510,B,PARENT_HBN,PARENT,2.659,3.098,7.438,STATIC_ANALYTIC_EMBEDDING,False,False
P:1511,N,PARENT_HBN,PARENT,2.659,3.098,7.583,STATIC_ANALYTIC_EMBEDDING,False,False
P:1512,B,PARENT_HBN,PARENT,2.806,2.895,7.438,STATIC_ANALYTIC_EMBEDDING,False,False
P:1513,N,PARENT_HBN,PARENT,2.806,2.895,7.583,STATIC_ANALYTIC_EMBEDDING,False,False
P:1514,B,PARENT_HBN,PARENT,2.992,2.727,7.438,STATIC_ANALYTIC_EMBEDDING,False,False
P:1515,N,PARENT_HBN,PARENT,2.992,2.727,7.583,STATIC_ANALYTIC_EMBEDDING,False,False
P:1516,B,PARENT_HBN,PARENT,3.21,2.602,7.438,STATIC_ANALYTIC_EMBEDDING,False,False
P:1517,N,PARENT_HBN,PARENT,3.21,2.602,7.583,STATIC_ANALYTIC_EMBEDDING,False,False
P:1518,B,PARENT_HBN,PARENT,3.448,2.524,7.438,STATIC_ANALYTIC_EMBEDDING,False,False
P:1519,N,PARENT_HBN,PARENT,3.448,2.524,7.583,STATIC_ANALYTIC_EMBEDDING,False,False
P:152,B,PARENT_HBN,PARENT,2.602,3.21,2.435,STATIC_ANALYTIC_EMBEDDING,False,False
P:1520,B,PARENT_HBN,PARENT,3.697,2.498,7.438,STATIC_ANALYTIC_EMBEDDING,False,False
P:1521,N,PARENT_HBN,PARENT,3.697,2.498,7.583,STATIC_ANALYTIC_EMBEDDING,False,False
P:1522,B,PARENT_HBN,PARENT,3.947,2.524,7.438,STATIC_ANALYTIC_EMBEDDING,False,False
P:1523,N,PARENT_HBN,PARENT,3.947,2.524,7.583,STATIC_ANALYTIC_EMBEDDING,False,False
P:1524,B,PARENT_HBN,PARENT,4.185,2.602,7.438,STATIC_ANALYTIC_EMBEDDING,False,False
P:1525,N,PARENT_HBN,PARENT,4.185,2.602,7.583,STATIC_ANALYTIC_EMBEDDING,False,False
P:1526,B,PARENT_HBN,PARENT,4.402,2.727,7.438,STATIC_ANALYTIC_EMBEDDING,False,False
P:1527,N,PARENT_HBN,PARENT,4.402,2.727,7.583,STATIC_ANALYTIC_EMBEDDING,False,False
P:1528,B,PARENT_HBN,PARENT,4.588,2.895,7.438,STATIC_ANALYTIC_EMBEDDING,False,False
P:1529,N,PARENT_HBN,PARENT,4.588,2.895,7.583,STATIC_ANALYTIC_EMBEDDING,False,False
P:153,N,PARENT_HBN,PARENT,2.602,3.21,2.58,STATIC_ANALYTIC_EMBEDDING,False,False
P:1530,B,PARENT_HBN,PARENT,4.736,3.098,7.438,STATIC_ANALYTIC_EMBEDDING,False,False
P:1531,N,PARENT_HBN,PARENT,4.736,3.098,7.583,STATIC_ANALYTIC_EMBEDDING,False,False
P:1532,B,PARENT_HBN,PARENT,4.838,3.327,7.438,STATIC_ANALYTIC_EMBEDDING,False,False
P:1533,N,PARENT_HBN,PARENT,4.838,3.327,7.583,STATIC_ANALYTIC_EMBEDDING,False,False
P:1534,B,PARENT_HBN,PARENT,4.89,3.572,7.438,STATIC_ANALYTIC_EMBEDDING,False,False
P:1535,N,PARENT_HBN,PARENT,4.89,3.572,7.583,STATIC_ANALYTIC_EMBEDDING,False,False
P:1536,B,PARENT_HBN,PARENT,4.89,3.823,7.438,STATIC_ANALYTIC_EMBEDDING,False,False
P:1537,N,PARENT_HBN,PARENT,4.89,3.823,7.583,STATIC_ANALYTIC_EMBEDDING,False,False
P:1538,B,PARENT_HBN,PARENT,4.838,4.068,7.438,STATIC_ANALYTIC_EMBEDDING,False,False
P:1539,N,PARENT_HBN,PARENT,4.838,4.068,7.583,STATIC_ANALYTIC_EMBEDDING,False,False
P:154,B,PARENT_HBN,PARENT,2.727,2.992,2.435,STATIC_ANALYTIC_EMBEDDING,False,False
P:1540,B,PARENT_HBN,PARENT,4.736,4.297,7.438,STATIC_ANALYTIC_EMBEDDING,False,False
P:1541,N,PARENT_HBN,PARENT,4.736,4.297,7.583,STATIC_ANALYTIC_EMBEDDING,False,False
P:1542,B,PARENT_HBN,PARENT,4.588,4.5,7.438,STATIC_ANALYTIC_EMBEDDING,False,False
P:1543,N,PARENT_HBN,PARENT,4.588,4.5,7.583,STATIC_ANALYTIC_EMBEDDING,False,False
P:1544,B,PARENT_HBN,PARENT,4.402,4.667,7.438,STATIC_ANALYTIC_EMBEDDING,False,False
P:1545,N,PARENT_HBN,PARENT,4.402,4.667,7.583,STATIC_ANALYTIC_EMBEDDING,False,False
P:1546,B,PARENT_HBN,PARENT,4.185,4.793,7.438,STATIC_ANALYTIC_EMBEDDING,False,False
P:1547,N,PARENT_HBN,PARENT,4.185,4.793,7.583,STATIC_ANALYTIC_EMBEDDING,False,False
P:1548,B,PARENT_HBN,PARENT,3.947,4.87,7.438,STATIC_ANALYTIC_EMBEDDING,False,False
P:1549,N,PARENT_HBN,PARENT,3.947,4.87,7.583,STATIC_ANALYTIC_EMBEDDING,False,False
P:155,N,PARENT_HBN,PARENT,2.727,2.992,2.58,STATIC_ANALYTIC_EMBEDDING,False,False
P:1550,B,PARENT_HBN,PARENT,3.697,4.896,7.438,STATIC_ANALYTIC_EMBEDDING,False,False
P:1551,N,PARENT_HBN,PARENT,3.697,4.896,7.583,STATIC_ANALYTIC_EMBEDDING,False,False
P:1552,B,PARENT_HBN,PARENT,3.448,4.87,7.438,STATIC_ANALYTIC_EMBEDDING,False,False
P:1553,N,PARENT_HBN,PARENT,3.448,4.87,7.583,STATIC_ANALYTIC_EMBEDDING,False,False
P:1554,B,PARENT_HBN,PARENT,3.21,4.793,7.438,STATIC_ANALYTIC_EMBEDDING,False,False
P:1555,N,PARENT_HBN,PARENT,3.21,4.793,7.583,STATIC_ANALYTIC_EMBEDDING,False,False
P:1556,B,PARENT_HBN,PARENT,2.992,4.667,7.438,STATIC_ANALYTIC_EMBEDDING,False,False
P:1557,N,PARENT_HBN,PARENT,2.992,4.667,7.583,STATIC_ANALYTIC_EMBEDDING,False,False
P:1558,B,PARENT_HBN,PARENT,2.806,4.5,7.438,STATIC_ANALYTIC_EMBEDDING,False,False
P:1559,N,PARENT_HBN,PARENT,2.806,4.5,7.583,STATIC_ANALYTIC_EMBEDDING,False,False
P:156,B,PARENT_HBN,PARENT,2.895,2.806,2.435,STATIC_ANALYTIC_EMBEDDING,False,False
P:1560,B,PARENT_HBN,PARENT,2.602,4.185,7.655,STATIC_ANALYTIC_EMBEDDING,False,False
P:1561,N,PARENT_HBN,PARENT,2.602,4.185,7.8,STATIC_ANALYTIC_EMBEDDING,False,False
P:1562,B,PARENT_HBN,PARENT,2.524,3.947,7.655,STATIC_ANALYTIC_EMBEDDING,False,False
P:1563,N,PARENT_HBN,PARENT,2.524,3.947,7.8,STATIC_ANALYTIC_EMBEDDING,False,False
P:1564,B,PARENT_HBN,PARENT,2.498,3.697,7.655,STATIC_ANALYTIC_EMBEDDING,False,False
P:1565,N,PARENT_HBN,PARENT,2.498,3.697,7.8,STATIC_ANALYTIC_EMBEDDING,False,False
P:1566,B,PARENT_HBN,PARENT,2.524,3.448,7.655,STATIC_ANALYTIC_EMBEDDING,False,False
P:1567,N,PARENT_HBN,PARENT,2.524,3.448,7.8,STATIC_ANALYTIC_EMBEDDING,False,False
P:1568,B,PARENT_HBN,PARENT,2.602,3.21,7.655,STATIC_ANALYTIC_EMBEDDING,False,False
P:1569,N,PARENT_HBN,PARENT,2.602,3.21,7.8,STATIC_ANALYTIC_EMBEDDING,False,False
P:157,N,PARENT_HBN,PARENT,2.895,2.806,2.58,STATIC_ANALYTIC_EMBEDDING,False,False
P:1570,B,PARENT_HBN,PARENT,2.727,2.992,7.655,STATIC_ANALYTIC_EMBEDDING,False,False
P:1571,N,PARENT_HBN,PARENT,2.727,2.992,7.8,STATIC_ANALYTIC_EMBEDDING,False,False
P:1572,B,PARENT_HBN,PARENT,2.895,2.806,7.655,STATIC_ANALYTIC_EMBEDDING,False,False
P:1573,N,PARENT_HBN,PARENT,2.895,2.806,7.8,STATIC_ANALYTIC_EMBEDDING,False,False
P:1574,B,PARENT_HBN,PARENT,3.098,2.659,7.655,STATIC_ANALYTIC_EMBEDDING,False,False
P:1575,N,PARENT_HBN,PARENT,3.098,2.659,7.8,STATIC_ANALYTIC_EMBEDDING,False,False
P:1576,B,PARENT_HBN,PARENT,3.327,2.557,7.655,STATIC_ANALYTIC_EMBEDDING,False,False
P:1577,N,PARENT_HBN,PARENT,3.327,2.557,7.8,STATIC_ANALYTIC_EMBEDDING,False,False
P:1578,B,PARENT_HBN,PARENT,3.572,2.505,7.655,STATIC_ANALYTIC_EMBEDDING,False,False
P:1579,N,PARENT_HBN,PARENT,3.572,2.505,7.8,STATIC_ANALYTIC_EMBEDDING,False,False
P:158,B,PARENT_HBN,PARENT,3.098,2.659,2.435,STATIC_ANALYTIC_EMBEDDING,False,False
P:1580,B,PARENT_HBN,PARENT,3.823,2.505,7.655,STATIC_ANALYTIC_EMBEDDING,False,False
P:1581,N,PARENT_HBN,PARENT,3.823,2.505,7.8,STATIC_ANALYTIC_EMBEDDING,False,False
P:1582,B,PARENT_HBN,PARENT,4.068,2.557,7.655,STATIC_ANALYTIC_EMBEDDING,False,False
P:1583,N,PARENT_HBN,PARENT,4.068,2.557,7.8,STATIC_ANALYTIC_EMBEDDING,False,False
P:1584,B,PARENT_HBN,PARENT,4.297,2.659,7.655,STATIC_ANALYTIC_EMBEDDING,False,False
P:1585,N,PARENT_HBN,PARENT,4.297,2.659,7.8,STATIC_ANALYTIC_EMBEDDING,False,False
P:1586,B,PARENT_HBN,PARENT,4.5,2.806,7.655,STATIC_ANALYTIC_EMBEDDING,False,False
P:1587,N,PARENT_HBN,PARENT,4.5,2.806,7.8,STATIC_ANALYTIC_EMBEDDING,False,False
P:1588,B,PARENT_HBN,PARENT,4.667,2.992,7.655,STATIC_ANALYTIC_EMBEDDING,False,False
P:1589,N,PARENT_HBN,PARENT,4.667,2.992,7.8,STATIC_ANALYTIC_EMBEDDING,False,False
P:159,N,PARENT_HBN,PARENT,3.098,2.659,2.58,STATIC_ANALYTIC_EMBEDDING,False,False
P:1590,B,PARENT_HBN,PARENT,4.793,3.21,7.655,STATIC_ANALYTIC_EMBEDDING,False,False
P:1591,N,PARENT_HBN,PARENT,4.793,3.21,7.8,STATIC_ANALYTIC_EMBEDDING,False,False
P:1592,B,PARENT_HBN,PARENT,4.87,3.448,7.655,STATIC_ANALYTIC_EMBEDDING,False,False
P:1593,N,PARENT_HBN,PARENT,4.87,3.448,7.8,STATIC_ANALYTIC_EMBEDDING,False,False
P:1594,B,PARENT_HBN,PARENT,4.896,3.697,7.655,STATIC_ANALYTIC_EMBEDDING,False,False
P:1595,N,PARENT_HBN,PARENT,4.896,3.697,7.8,STATIC_ANALYTIC_EMBEDDING,False,False
P:1596,B,PARENT_HBN,PARENT,4.87,3.947,7.655,STATIC_ANALYTIC_EMBEDDING,False,False
P:1597,N,PARENT_HBN,PARENT,4.87,3.947,7.8,STATIC_ANALYTIC_EMBEDDING,False,False
P:1598,B,PARENT_HBN,PARENT,4.793,4.185,7.655,STATIC_ANALYTIC_EMBEDDING,False,False
P:1599,N,PARENT_HBN,PARENT,4.793,4.185,7.8,STATIC_ANALYTIC_EMBEDDING,False,False
P:16,B,PARENT_HBN,PARENT,3.572,4.89,2.0,STATIC_ANALYTIC_EMBEDDING,False,False
P:160,B,PARENT_HBN,PARENT,3.327,2.557,2.435,STATIC_ANALYTIC_EMBEDDING,False,False
P:1600,B,PARENT_HBN,PARENT,4.667,4.402,7.655,STATIC_ANALYTIC_EMBEDDING,False,False
P:1601,N,PARENT_HBN,PARENT,4.667,4.402,7.8,STATIC_ANALYTIC_EMBEDDING,False,False
P:1602,B,PARENT_HBN,PARENT,4.5,4.588,7.655,STATIC_ANALYTIC_EMBEDDING,False,False
P:1603,N,PARENT_HBN,PARENT,4.5,4.588,7.8,STATIC_ANALYTIC_EMBEDDING,False,False
P:1604,B,PARENT_HBN,PARENT,4.297,4.736,7.655,STATIC_ANALYTIC_EMBEDDING,False,False
P:1605,N,PARENT_HBN,PARENT,4.297,4.736,7.8,STATIC_ANALYTIC_EMBEDDING,False,False
P:1606,B,PARENT_HBN,PARENT,4.068,4.838,7.655,STATIC_ANALYTIC_EMBEDDING,False,False
P:1607,N,PARENT_HBN,PARENT,4.068,4.838,7.8,STATIC_ANALYTIC_EMBEDDING,False,False
P:1608,B,PARENT_HBN,PARENT,3.823,4.89,7.655,STATIC_ANALYTIC_EMBEDDING,False,False
P:1609,N,PARENT_HBN,PARENT,3.823,4.89,7.8,STATIC_ANALYTIC_EMBEDDING,False,False
P:161,N,PARENT_HBN,PARENT,3.327,2.557,2.58,STATIC_ANALYTIC_EMBEDDING,False,False
P:1610,B,PARENT_HBN,PARENT,3.572,4.89,7.655,STATIC_ANALYTIC_EMBEDDING,False,False
P:1611,N,PARENT_HBN,PARENT,3.572,4.89,7.8,STATIC_ANALYTIC_EMBEDDING,False,False
P:1612,B,PARENT_HBN,PARENT,3.327,4.838,7.655,STATIC_ANALYTIC_EMBEDDING,False,False
P:1613,N,PARENT_HBN,PARENT,3.327,4.838,7.8,STATIC_ANALYTIC_EMBEDDING,False,False
P:1614,B,PARENT_HBN,PARENT,3.098,4.736,7.655,STATIC_ANALYTIC_EMBEDDING,False,False
P:1615,N,PARENT_HBN,PARENT,3.098,4.736,7.8,STATIC_ANALYTIC_EMBEDDING,False,False
P:1616,B,PARENT_HBN,PARENT,2.895,4.588,7.655,STATIC_ANALYTIC_EMBEDDING,False,False
P:1617,N,PARENT_HBN,PARENT,2.895,4.588,7.8,STATIC_ANALYTIC_EMBEDDING,False,False
P:1618,B,PARENT_HBN,PARENT,2.727,4.402,7.655,STATIC_ANALYTIC_EMBEDDING,False,False
P:1619,N,PARENT_HBN,PARENT,2.727,4.402,7.8,STATIC_ANALYTIC_EMBEDDING,False,False
P:162,B,PARENT_HBN,PARENT,3.572,2.505,2.435,STATIC_ANALYTIC_EMBEDDING,False,False
P:1620,B,PARENT_HBN,PARENT,2.557,4.068,7.873,STATIC_ANALYTIC_EMBEDDING,False,False
P:1621,N,PARENT_HBN,PARENT,2.557,4.068,8.018,STATIC_ANALYTIC_EMBEDDING,False,False
P:1622,B,PARENT_HBN,PARENT,2.505,3.823,7.873,STATIC_ANALYTIC_EMBEDDING,False,False
P:1623,N,PARENT_HBN,PARENT,2.505,3.823,8.018,STATIC_ANALYTIC_EMBEDDING,False,False
P:1624,B,PARENT_HBN,PARENT,2.505,3.572,7.873,STATIC_ANALYTIC_EMBEDDING,False,False
P:1625,N,PARENT_HBN,PARENT,2.505,3.572,8.018,STATIC_ANALYTIC_EMBEDDING,False,False
P:1626,B,PARENT_HBN,PARENT,2.557,3.327,7.873,STATIC_ANALYTIC_EMBEDDING,False,False
P:1627,N,PARENT_HBN,PARENT,2.557,3.327,8.018,STATIC_ANALYTIC_EMBEDDING,False,False
P:1628,B,PARENT_HBN,PARENT,2.659,3.098,7.873,STATIC_ANALYTIC_EMBEDDING,False,False
P:1629,N,PARENT_HBN,PARENT,2.659,3.098,8.018,STATIC_ANALYTIC_EMBEDDING,False,False
P:163,N,PARENT_HBN,PARENT,3.572,2.505,2.58,STATIC_ANALYTIC_EMBEDDING,False,False
P:1630,B,PARENT_HBN,PARENT,2.806,2.895,7.873,STATIC_ANALYTIC_EMBEDDING,False,False
P:1631,N,PARENT_HBN,PARENT,2.806,2.895,8.018,STATIC_ANALYTIC_EMBEDDING,False,False
P:1632,B,PARENT_HBN,PARENT,2.992,2.727,7.873,STATIC_ANALYTIC_EMBEDDING,False,False
P:1633,N,PARENT_HBN,PARENT,2.992,2.727,8.018,STATIC_ANALYTIC_EMBEDDING,False,False
P:1634,B,PARENT_HBN,PARENT,3.21,2.602,7.873,STATIC_ANALYTIC_EMBEDDING,False,False
P:1635,N,PARENT_HBN,PARENT,3.21,2.602,8.018,STATIC_ANALYTIC_EMBEDDING,False,False
P:1636,B,PARENT_HBN,PARENT,3.448,2.524,7.873,STATIC_ANALYTIC_EMBEDDING,False,False
P:1637,N,PARENT_HBN,PARENT,3.448,2.524,8.018,STATIC_ANALYTIC_EMBEDDING,False,False
P:1638,B,PARENT_HBN,PARENT,3.697,2.498,7.873,STATIC_ANALYTIC_EMBEDDING,False,False
P:1639,N,PARENT_HBN,PARENT,3.697,2.498,8.018,STATIC_ANALYTIC_EMBEDDING,False,False
P:164,B,PARENT_HBN,PARENT,3.823,2.505,2.435,STATIC_ANALYTIC_EMBEDDING,False,False
P:1640,B,PARENT_HBN,PARENT,3.947,2.524,7.873,STATIC_ANALYTIC_EMBEDDING,False,False
P:1641,N,PARENT_HBN,PARENT,3.947,2.524,8.018,STATIC_ANALYTIC_EMBEDDING,False,False
P:1642,B,PARENT_HBN,PARENT,4.185,2.602,7.873,STATIC_ANALYTIC_EMBEDDING,False,False
P:1643,N,PARENT_HBN,PARENT,4.185,2.602,8.018,STATIC_ANALYTIC_EMBEDDING,False,False
P:1644,B,PARENT_HBN,PARENT,4.402,2.727,7.873,STATIC_ANALYTIC_EMBEDDING,False,False
P:1645,N,PARENT_HBN,PARENT,4.402,2.727,8.018,STATIC_ANALYTIC_EMBEDDING,False,False
P:1646,B,PARENT_HBN,PARENT,4.588,2.895,7.873,STATIC_ANALYTIC_EMBEDDING,False,False
P:1647,N,PARENT_HBN,PARENT,4.588,2.895,8.018,STATIC_ANALYTIC_EMBEDDING,False,False
P:1648,B,PARENT_HBN,PARENT,4.736,3.098,7.873,STATIC_ANALYTIC_EMBEDDING,False,False
P:1649,N,PARENT_HBN,PARENT,4.736,3.098,8.018,STATIC_ANALYTIC_EMBEDDING,False,False
P:165,N,PARENT_HBN,PARENT,3.823,2.505,2.58,STATIC_ANALYTIC_EMBEDDING,False,False
P:1650,B,PARENT_HBN,PARENT,4.838,3.327,7.873,STATIC_ANALYTIC_EMBEDDING,False,False
P:1651,N,PARENT_HBN,PARENT,4.838,3.327,8.018,STATIC_ANALYTIC_EMBEDDING,False,False
P:1652,B,PARENT_HBN,PARENT,4.89,3.572,7.873,STATIC_ANALYTIC_EMBEDDING,False,False
P:1653,N,PARENT_HBN,PARENT,4.89,3.572,8.018,STATIC_ANALYTIC_EMBEDDING,False,False
P:1654,B,PARENT_HBN,PARENT,4.89,3.823,7.873,STATIC_ANALYTIC_EMBEDDING,False,False
P:1655,N,PARENT_HBN,PARENT,4.89,3.823,8.018,STATIC_ANALYTIC_EMBEDDING,False,False
P:1656,B,PARENT_HBN,PARENT,4.838,4.068,7.873,STATIC_ANALYTIC_EMBEDDING,False,False
P:1657,N,PARENT_HBN,PARENT,4.838,4.068,8.018,STATIC_ANALYTIC_EMBEDDING,False,False
P:1658,B,PARENT_HBN,PARENT,4.736,4.297,7.873,STATIC_ANALYTIC_EMBEDDING,False,False
P:1659,N,PARENT_HBN,PARENT,4.736,4.297,8.018,STATIC_ANALYTIC_EMBEDDING,False,False
P:166,B,PARENT_HBN,PARENT,4.068,2.557,2.435,STATIC_ANALYTIC_EMBEDDING,False,False
P:1660,B,PARENT_HBN,PARENT,4.588,4.5,7.873,STATIC_ANALYTIC_EMBEDDING,False,False
P:1661,N,PARENT_HBN,PARENT,4.588,4.5,8.018,STATIC_ANALYTIC_EMBEDDING,False,False
P:1662,B,PARENT_HBN,PARENT,4.402,4.667,7.873,STATIC_ANALYTIC_EMBEDDING,False,False
P:1663,N,PARENT_HBN,PARENT,4.402,4.667,8.018,STATIC_ANALYTIC_EMBEDDING,False,False
P:1664,B,PARENT_HBN,PARENT,4.185,4.793,7.873,STATIC_ANALYTIC_EMBEDDING,False,False
P:1665,N,PARENT_HBN,PARENT,4.185,4.793,8.018,STATIC_ANALYTIC_EMBEDDING,False,False
P:1666,B,PARENT_HBN,PARENT,3.947,4.87,7.873,STATIC_ANALYTIC_EMBEDDING,False,False
P:1667,N,PARENT_HBN,PARENT,3.947,4.87,8.018,STATIC_ANALYTIC_EMBEDDING,False,False
P:1668,B,PARENT_HBN,PARENT,3.697,4.896,7.873,STATIC_ANALYTIC_EMBEDDING,False,False
P:1669,N,PARENT_HBN,PARENT,3.697,4.896,8.018,STATIC_ANALYTIC_EMBEDDING,False,False
P:167,N,PARENT_HBN,PARENT,4.068,2.557,2.58,STATIC_ANALYTIC_EMBEDDING,False,False
P:1670,B,PARENT_HBN,PARENT,3.448,4.87,7.873,STATIC_ANALYTIC_EMBEDDING,False,False
P:1671,N,PARENT_HBN,PARENT,3.448,4.87,8.018,STATIC_ANALYTIC_EMBEDDING,False,False
P:1672,B,PARENT_HBN,PARENT,3.21,4.793,7.873,STATIC_ANALYTIC_EMBEDDING,False,False
P:1673,N,PARENT_HBN,PARENT,3.21,4.793,8.018,STATIC_ANALYTIC_EMBEDDING,False,False
P:1674,B,PARENT_HBN,PARENT,2.992,4.667,7.873,STATIC_ANALYTIC_EMBEDDING,False,False
P:1675,N,PARENT_HBN,PARENT,2.992,4.667,8.018,STATIC_ANALYTIC_EMBEDDING,False,False
P:1676,B,PARENT_HBN,PARENT,2.806,4.5,7.873,STATIC_ANALYTIC_EMBEDDING,False,False
P:1677,N,PARENT_HBN,PARENT,2.806,4.5,8.018,STATIC_ANALYTIC_EMBEDDING,False,False
P:1678,B,PARENT_HBN,PARENT,2.659,4.297,7.873,STATIC_ANALYTIC_EMBEDDING,False,False
P:1679,N,PARENT_HBN,PARENT,2.659,4.297,8.018,STATIC_ANALYTIC_EMBEDDING,False,False
P:168,B,PARENT_HBN,PARENT,4.297,2.659,2.435,STATIC_ANALYTIC_EMBEDDING,False,False
P:169,N,PARENT_HBN,PARENT,4.297,2.659,2.58,STATIC_ANALYTIC_EMBEDDING,False,False
P:17,N,PARENT_HBN,PARENT,3.572,4.89,2.145,STATIC_ANALYTIC_EMBEDDING,False,False
P:170,B,PARENT_HBN,PARENT,4.5,2.806,2.435,STATIC_ANALYTIC_EMBEDDING,False,False
P:171,N,PARENT_HBN,PARENT,4.5,2.806,2.58,STATIC_ANALYTIC_EMBEDDING,False,False
P:172,B,PARENT_HBN,PARENT,4.667,2.992,2.435,STATIC_ANALYTIC_EMBEDDING,False,False
P:173,N,PARENT_HBN,PARENT,4.667,2.992,2.58,STATIC_ANALYTIC_EMBEDDING,False,False
P:174,B,PARENT_HBN,PARENT,4.793,3.21,2.435,STATIC_ANALYTIC_EMBEDDING,False,False
P:175,N,PARENT_HBN,PARENT,4.793,3.21,2.58,STATIC_ANALYTIC_EMBEDDING,False,False
P:176,B,PARENT_HBN,PARENT,4.87,3.448,2.435,STATIC_ANALYTIC_EMBEDDING,False,False
P:177,N,PARENT_HBN,PARENT,4.87,3.448,2.58,STATIC_ANALYTIC_EMBEDDING,False,False
P:178,B,PARENT_HBN,PARENT,4.896,3.697,2.435,STATIC_ANALYTIC_EMBEDDING,False,False
P:179,N,PARENT_HBN,PARENT,4.896,3.697,2.58,STATIC_ANALYTIC_EMBEDDING,False,False
P:18,B,PARENT_HBN,PARENT,3.327,4.838,2.0,STATIC_ANALYTIC_EMBEDDING,False,False
P:180,B,PARENT_HBN,PARENT,4.838,4.068,2.652,STATIC_ANALYTIC_EMBEDDING,False,False
P:181,N,PARENT_HBN,PARENT,4.838,4.068,2.797,STATIC_ANALYTIC_EMBEDDING,False,False
P:182,B,PARENT_HBN,PARENT,4.736,4.297,2.652,STATIC_ANALYTIC_EMBEDDING,False,False
P:183,N,PARENT_HBN,PARENT,4.736,4.297,2.797,STATIC_ANALYTIC_EMBEDDING,False,False
P:184,B,PARENT_HBN,PARENT,4.588,4.5,2.652,STATIC_ANALYTIC_EMBEDDING,False,False
P:185,N,PARENT_HBN,PARENT,4.588,4.5,2.797,STATIC_ANALYTIC_EMBEDDING,False,False
P:186,B,PARENT_HBN,PARENT,4.402,4.667,2.652,STATIC_ANALYTIC_EMBEDDING,False,False
P:187,N,PARENT_HBN,PARENT,4.402,4.667,2.797,STATIC_ANALYTIC_EMBEDDING,False,False
P:188,B,PARENT_HBN,PARENT,4.185,4.793,2.652,STATIC_ANALYTIC_EMBEDDING,False,False
P:189,N,PARENT_HBN,PARENT,4.185,4.793,2.797,STATIC_ANALYTIC_EMBEDDING,False,False
P:19,N,PARENT_HBN,PARENT,3.327,4.838,2.145,STATIC_ANALYTIC_EMBEDDING,False,False
P:190,B,PARENT_HBN,PARENT,3.947,4.87,2.652,STATIC_ANALYTIC_EMBEDDING,False,False
P:191,N,PARENT_HBN,PARENT,3.947,4.87,2.797,STATIC_ANALYTIC_EMBEDDING,False,False
P:192,B,PARENT_HBN,PARENT,3.697,4.896,2.652,STATIC_ANALYTIC_EMBEDDING,False,False
P:193,N,PARENT_HBN,PARENT,3.697,4.896,2.797,STATIC_ANALYTIC_EMBEDDING,False,False
P:194,B,PARENT_HBN,PARENT,3.448,4.87,2.652,STATIC_ANALYTIC_EMBEDDING,False,False
P:195,N,PARENT_HBN,PARENT,3.448,4.87,2.797,STATIC_ANALYTIC_EMBEDDING,False,False
P:196,B,PARENT_HBN,PARENT,3.21,4.793,2.652,STATIC_ANALYTIC_EMBEDDING,False,False
P:197,N,PARENT_HBN,PARENT,3.21,4.793,2.797,STATIC_ANALYTIC_EMBEDDING,False,False
P:198,B,PARENT_HBN,PARENT,2.992,4.667,2.652,STATIC_ANALYTIC_EMBEDDING,False,False
P:199,N,PARENT_HBN,PARENT,2.992,4.667,2.797,STATIC_ANALYTIC_EMBEDDING,False,False
P:2,B,PARENT_HBN,PARENT,4.87,3.947,2.0,STATIC_ANALYTIC_EMBEDDING,False,False
P:20,B,PARENT_HBN,PARENT,3.098,4.736,2.0,STATIC_ANALYTIC_EMBEDDING,False,False
P:200,B,PARENT_HBN,PARENT,2.806,4.5,2.652,STATIC_ANALYTIC_EMBEDDING,False,False
P:201,N,PARENT_HBN,PARENT,2.806,4.5,2.797,STATIC_ANALYTIC_EMBEDDING,False,False
P:202,B,PARENT_HBN,PARENT,2.659,4.297,2.652,STATIC_ANALYTIC_EMBEDDING,False,False
P:203,N,PARENT_HBN,PARENT,2.659,4.297,2.797,STATIC_ANALYTIC_EMBEDDING,False,False
P:204,B,PARENT_HBN,PARENT,2.557,4.068,2.652,STATIC_ANALYTIC_EMBEDDING,False,False
P:205,N,PARENT_HBN,PARENT,2.557,4.068,2.797,STATIC_ANALYTIC_EMBEDDING,False,False
P:206,B,PARENT_HBN,PARENT,2.505,3.823,2.652,STATIC_ANALYTIC_EMBEDDING,False,False
P:207,N,PARENT_HBN,PARENT,2.505,3.823,2.797,STATIC_ANALYTIC_EMBEDDING,False,False
P:208,B,PARENT_HBN,PARENT,2.505,3.572,2.652,STATIC_ANALYTIC_EMBEDDING,False,False
P:209,N,PARENT_HBN,PARENT,2.505,3.572,2.797,STATIC_ANALYTIC_EMBEDDING,False,False
P:21,N,PARENT_HBN,PARENT,3.098,4.736,2.145,STATIC_ANALYTIC_EMBEDDING,False,False
P:210,B,PARENT_HBN,PARENT,2.557,3.327,2.652,STATIC_ANALYTIC_EMBEDDING,False,False
P:211,N,PARENT_HBN,PARENT,2.557,3.327,2.797,STATIC_ANALYTIC_EMBEDDING,False,False
P:212,B,PARENT_HBN,PARENT,2.659,3.098,2.652,STATIC_ANALYTIC_EMBEDDING,False,False
P:213,N,PARENT_HBN,PARENT,2.659,3.098,2.797,STATIC_ANALYTIC_EMBEDDING,False,False
P:214,B,PARENT_HBN,PARENT,2.806,2.895,2.652,STATIC_ANALYTIC_EMBEDDING,False,False
P:215,N,PARENT_HBN,PARENT,2.806,2.895,2.797,STATIC_ANALYTIC_EMBEDDING,False,False
P:216,B,PARENT_HBN,PARENT,2.992,2.727,2.652,STATIC_ANALYTIC_EMBEDDING,False,False
P:217,N,PARENT_HBN,PARENT,2.992,2.727,2.797,STATIC_ANALYTIC_EMBEDDING,False,False
P:218,B,PARENT_HBN,PARENT,3.21,2.602,2.652,STATIC_ANALYTIC_EMBEDDING,False,False
P:219,N,PARENT_HBN,PARENT,3.21,2.602,2.797,STATIC_ANALYTIC_EMBEDDING,False,False
P:22,B,PARENT_HBN,PARENT,2.895,4.588,2.0,STATIC_ANALYTIC_EMBEDDING,False,False
P:220,B,PARENT_HBN,PARENT,3.448,2.524,2.652,STATIC_ANALYTIC_EMBEDDING,False,False
P:221,N,PARENT_HBN,PARENT,3.448,2.524,2.797,STATIC_ANALYTIC_EMBEDDING,False,False
P:222,B,PARENT_HBN,PARENT,3.697,2.498,2.652,STATIC_ANALYTIC_EMBEDDING,False,False
P:223,N,PARENT_HBN,PARENT,3.697,2.498,2.797,STATIC_ANALYTIC_EMBEDDING,False,False
P:224,B,PARENT_HBN,PARENT,3.947,2.524,2.652,STATIC_ANALYTIC_EMBEDDING,False,False
P:225,N,PARENT_HBN,PARENT,3.947,2.524,2.797,STATIC_ANALYTIC_EMBEDDING,False,False
P:226,B,PARENT_HBN,PARENT,4.185,2.602,2.652,STATIC_ANALYTIC_EMBEDDING,False,False
P:227,N,PARENT_HBN,PARENT,4.185,2.602,2.797,STATIC_ANALYTIC_EMBEDDING,False,False
P:228,B,PARENT_HBN,PARENT,4.402,2.727,2.652,STATIC_ANALYTIC_EMBEDDING,False,False
P:229,N,PARENT_HBN,PARENT,4.402,2.727,2.797,STATIC_ANALYTIC_EMBEDDING,False,False
P:23,N,PARENT_HBN,PARENT,2.895,4.588,2.145,STATIC_ANALYTIC_EMBEDDING,False,False
P:230,B,PARENT_HBN,PARENT,4.588,2.895,2.652,STATIC_ANALYTIC_EMBEDDING,False,False
P:231,N,PARENT_HBN,PARENT,4.588,2.895,2.797,STATIC_ANALYTIC_EMBEDDING,False,False
P:232,B,PARENT_HBN,PARENT,4.736,3.098,2.652,STATIC_ANALYTIC_EMBEDDING,False,False
P:233,N,PARENT_HBN,PARENT,4.736,3.098,2.797,STATIC_ANALYTIC_EMBEDDING,False,False
P:234,B,PARENT_HBN,PARENT,4.838,3.327,2.652,STATIC_ANALYTIC_EMBEDDING,False,False
P:235,N,PARENT_HBN,PARENT,4.838,3.327,2.797,STATIC_ANALYTIC_EMBEDDING,False,False
P:236,B,PARENT_HBN,PARENT,4.89,3.572,2.652,STATIC_ANALYTIC_EMBEDDING,False,False
P:237,N,PARENT_HBN,PARENT,4.89,3.572,2.797,STATIC_ANALYTIC_EMBEDDING,False,False
P:238,B,PARENT_HBN,PARENT,4.89,3.823,2.652,STATIC_ANALYTIC_EMBEDDING,False,False
P:239,N,PARENT_HBN,PARENT,4.89,3.823,2.797,STATIC_ANALYTIC_EMBEDDING,False,False
P:24,B,PARENT_HBN,PARENT,2.727,4.402,2.0,STATIC_ANALYTIC_EMBEDDING,False,False
P:240,B,PARENT_HBN,PARENT,4.793,4.185,2.87,STATIC_ANALYTIC_EMBEDDING,False,False
P:241,N,PARENT_HBN,PARENT,4.793,4.185,3.015,STATIC_ANALYTIC_EMBEDDING,False,False
P:242,B,PARENT_HBN,PARENT,4.667,4.402,2.87,STATIC_ANALYTIC_EMBEDDING,False,False
P:243,N,PARENT_HBN,PARENT,4.667,4.402,3.015,STATIC_ANALYTIC_EMBEDDING,False,False
P:244,B,PARENT_HBN,PARENT,4.5,4.588,2.87,STATIC_ANALYTIC_EMBEDDING,False,False
P:245,N,PARENT_HBN,PARENT,4.5,4.588,3.015,STATIC_ANALYTIC_EMBEDDING,False,False
P:246,B,PARENT_HBN,PARENT,4.297,4.736,2.87,STATIC_ANALYTIC_EMBEDDING,False,False
P:247,N,PARENT_HBN,PARENT,4.297,4.736,3.015,STATIC_ANALYTIC_EMBEDDING,False,False
P:248,B,PARENT_HBN,PARENT,4.068,4.838,2.87,STATIC_ANALYTIC_EMBEDDING,False,False
P:249,N,PARENT_HBN,PARENT,4.068,4.838,3.015,STATIC_ANALYTIC_EMBEDDING,False,False
P:25,N,PARENT_HBN,PARENT,2.727,4.402,2.145,STATIC_ANALYTIC_EMBEDDING,False,False
P:250,B,PARENT_HBN,PARENT,3.823,4.89,2.87,STATIC_ANALYTIC_EMBEDDING,False,False
P:251,N,PARENT_HBN,PARENT,3.823,4.89,3.015,STATIC_ANALYTIC_EMBEDDING,False,False
P:252,B,PARENT_HBN,PARENT,3.572,4.89,2.87,STATIC_ANALYTIC_EMBEDDING,False,False
P:253,N,PARENT_HBN,PARENT,3.572,4.89,3.015,STATIC_ANALYTIC_EMBEDDING,False,False
P:254,B,PARENT_HBN,PARENT,3.327,4.838,2.87,STATIC_ANALYTIC_EMBEDDING,False,False
P:255,N,PARENT_HBN,PARENT,3.327,4.838,3.015,STATIC_ANALYTIC_EMBEDDING,False,False
P:256,B,PARENT_HBN,PARENT,3.098,4.736,2.87,STATIC_ANALYTIC_EMBEDDING,False,False
P:257,N,PARENT_HBN,PARENT,3.098,4.736,3.015,STATIC_ANALYTIC_EMBEDDING,False,False
P:258,B,PARENT_HBN,PARENT,2.895,4.588,2.87,STATIC_ANALYTIC_EMBEDDING,False,False
P:259,N,PARENT_HBN,PARENT,2.895,4.588,3.015,STATIC_ANALYTIC_EMBEDDING,False,False
P:26,B,PARENT_HBN,PARENT,2.602,4.185,2.0,STATIC_ANALYTIC_EMBEDDING,False,False
P:260,B,PARENT_HBN,PARENT,2.727,4.402,2.87,STATIC_ANALYTIC_EMBEDDING,False,False
P:261,N,PARENT_HBN,PARENT,2.727,4.402,3.015,STATIC_ANALYTIC_EMBEDDING,False,False
P:262,B,PARENT_HBN,PARENT,2.602,4.185,2.87,STATIC_ANALYTIC_EMBEDDING,False,False
P:263,N,PARENT_HBN,PARENT,2.602,4.185,3.015,STATIC_ANALYTIC_EMBEDDING,False,False
P:264,B,PARENT_HBN,PARENT,2.524,3.947,2.87,STATIC_ANALYTIC_EMBEDDING,False,False
P:265,N,PARENT_HBN,PARENT,2.524,3.947,3.015,STATIC_ANALYTIC_EMBEDDING,False,False
P:266,B,PARENT_HBN,PARENT,2.498,3.697,2.87,STATIC_ANALYTIC_EMBEDDING,False,False
P:267,N,PARENT_HBN,PARENT,2.498,3.697,3.015,STATIC_ANALYTIC_EMBEDDING,False,False
P:268,B,PARENT_HBN,PARENT,2.524,3.448,2.87,STATIC_ANALYTIC_EMBEDDING,False,False
P:269,N,PARENT_HBN,PARENT,2.524,3.448,3.015,STATIC_ANALYTIC_EMBEDDING,False,False
P:27,N,PARENT_HBN,PARENT,2.602,4.185,2.145,STATIC_ANALYTIC_EMBEDDING,False,False
P:270,B,PARENT_HBN,PARENT,2.602,3.21,2.87,STATIC_ANALYTIC_EMBEDDING,False,False
P:271,N,PARENT_HBN,PARENT,2.602,3.21,3.015,STATIC_ANALYTIC_EMBEDDING,False,False
P:272,B,PARENT_HBN,PARENT,2.727,2.992,2.87,STATIC_ANALYTIC_EMBEDDING,False,False
P:273,N,PARENT_HBN,PARENT,2.727,2.992,3.015,STATIC_ANALYTIC_EMBEDDING,False,False
P:274,B,PARENT_HBN,PARENT,2.895,2.806,2.87,STATIC_ANALYTIC_EMBEDDING,False,False
P:275,N,PARENT_HBN,PARENT,2.895,2.806,3.015,STATIC_ANALYTIC_EMBEDDING,False,False
P:276,B,PARENT_HBN,PARENT,3.098,2.659,2.87,STATIC_ANALYTIC_EMBEDDING,False,False
P:277,N,PARENT_HBN,PARENT,3.098,2.659,3.015,STATIC_ANALYTIC_EMBEDDING,False,False
P:278,B,PARENT_HBN,PARENT,3.327,2.557,2.87,STATIC_ANALYTIC_EMBEDDING,False,False
P:279,N,PARENT_HBN,PARENT,3.327,2.557,3.015,STATIC_ANALYTIC_EMBEDDING,False,False
P:28,B,PARENT_HBN,PARENT,2.524,3.947,2.0,STATIC_ANALYTIC_EMBEDDING,False,False
P:280,B,PARENT_HBN,PARENT,3.572,2.505,2.87,STATIC_ANALYTIC_EMBEDDING,False,False
P:281,N,PARENT_HBN,PARENT,3.572,2.505,3.015,STATIC_ANALYTIC_EMBEDDING,False,False
P:282,B,PARENT_HBN,PARENT,3.823,2.505,2.87,STATIC_ANALYTIC_EMBEDDING,False,False
P:283,N,PARENT_HBN,PARENT,3.823,2.505,3.015,STATIC_ANALYTIC_EMBEDDING,False,False
P:284,B,PARENT_HBN,PARENT,4.068,2.557,2.87,STATIC_ANALYTIC_EMBEDDING,False,False
P:285,N,PARENT_HBN,PARENT,4.068,2.557,3.015,STATIC_ANALYTIC_EMBEDDING,False,False
P:286,B,PARENT_HBN,PARENT,4.297,2.659,2.87,STATIC_ANALYTIC_EMBEDDING,False,False
P:287,N,PARENT_HBN,PARENT,4.297,2.659,3.015,STATIC_ANALYTIC_EMBEDDING,False,False
P:288,B,PARENT_HBN,PARENT,4.5,2.806,2.87,STATIC_ANALYTIC_EMBEDDING,False,False
P:289,N,PARENT_HBN,PARENT,4.5,2.806,3.015,STATIC_ANALYTIC_EMBEDDING,False,False
P:29,N,PARENT_HBN,PARENT,2.524,3.947,2.145,STATIC_ANALYTIC_EMBEDDING,False,False
P:290,B,PARENT_HBN,PARENT,4.667,2.992,2.87,STATIC_ANALYTIC_EMBEDDING,False,False
P:291,N,PARENT_HBN,PARENT,4.667,2.992,3.015,STATIC_ANALYTIC_EMBEDDING,False,False
P:292,B,PARENT_HBN,PARENT,4.793,3.21,2.87,STATIC_ANALYTIC_EMBEDDING,False,False
P:293,N,PARENT_HBN,PARENT,4.793,3.21,3.015,STATIC_ANALYTIC_EMBEDDING,False,False
P:294,B,PARENT_HBN,PARENT,4.87,3.448,2.87,STATIC_ANALYTIC_EMBEDDING,False,False
P:295,N,PARENT_HBN,PARENT,4.87,3.448,3.015,STATIC_ANALYTIC_EMBEDDING,False,False
P:296,B,PARENT_HBN,PARENT,4.896,3.697,2.87,STATIC_ANALYTIC_EMBEDDING,False,False
P:297,N,PARENT_HBN,PARENT,4.896,3.697,3.015,STATIC_ANALYTIC_EMBEDDING,False,False
P:298,B,PARENT_HBN,PARENT,4.87,3.947,2.87,STATIC_ANALYTIC_EMBEDDING,False,False
P:299,N,PARENT_HBN,PARENT,4.87,3.947,3.015,STATIC_ANALYTIC_EMBEDDING,False,False
P:3,N,PARENT_HBN,PARENT,4.87,3.947,2.145,STATIC_ANALYTIC_EMBEDDING,False,False
P:30,B,PARENT_HBN,PARENT,2.498,3.697,2.0,STATIC_ANALYTIC_EMBEDDING,False,False
P:300,B,PARENT_HBN,PARENT,4.736,4.297,3.087,STATIC_ANALYTIC_EMBEDDING,False,False
P:301,N,PARENT_HBN,PARENT,4.736,4.297,3.232,STATIC_ANALYTIC_EMBEDDING,False,False
P:302,B,PARENT_HBN,PARENT,4.588,4.5,3.087,STATIC_ANALYTIC_EMBEDDING,False,False
P:303,N,PARENT_HBN,PARENT,4.588,4.5,3.232,STATIC_ANALYTIC_EMBEDDING,False,False
P:304,B,PARENT_HBN,PARENT,4.402,4.667,3.087,STATIC_ANALYTIC_EMBEDDING,False,False
P:305,N,PARENT_HBN,PARENT,4.402,4.667,3.232,STATIC_ANALYTIC_EMBEDDING,False,False
P:306,B,PARENT_HBN,PARENT,4.185,4.793,3.087,STATIC_ANALYTIC_EMBEDDING,False,False
P:307,N,PARENT_HBN,PARENT,4.185,4.793,3.232,STATIC_ANALYTIC_EMBEDDING,False,False
P:308,B,PARENT_HBN,PARENT,3.947,4.87,3.087,STATIC_ANALYTIC_EMBEDDING,False,False
P:309,N,PARENT_HBN,PARENT,3.947,4.87,3.232,STATIC_ANALYTIC_EMBEDDING,False,False
P:31,N,PARENT_HBN,PARENT,2.498,3.697,2.145,STATIC_ANALYTIC_EMBEDDING,False,False
P:310,B,PARENT_HBN,PARENT,3.697,4.896,3.087,STATIC_ANALYTIC_EMBEDDING,False,False
P:311,N,PARENT_HBN,PARENT,3.697,4.896,3.232,STATIC_ANALYTIC_EMBEDDING,False,False
P:312,B,PARENT_HBN,PARENT,3.448,4.87,3.087,STATIC_ANALYTIC_EMBEDDING,False,False
P:313,N,PARENT_HBN,PARENT,3.448,4.87,3.232,STATIC_ANALYTIC_EMBEDDING,False,False
P:314,B,PARENT_HBN,PARENT,3.21,4.793,3.087,STATIC_ANALYTIC_EMBEDDING,False,False
P:315,N,PARENT_HBN,PARENT,3.21,4.793,3.232,STATIC_ANALYTIC_EMBEDDING,False,False
P:316,B,PARENT_HBN,PARENT,2.992,4.667,3.087,STATIC_ANALYTIC_EMBEDDING,False,False
P:317,N,PARENT_HBN,PARENT,2.992,4.667,3.232,STATIC_ANALYTIC_EMBEDDING,False,False
P:318,B,PARENT_HBN,PARENT,2.806,4.5,3.087,STATIC_ANALYTIC_EMBEDDING,False,False
P:319,N,PARENT_HBN,PARENT,2.806,4.5,3.232,STATIC_ANALYTIC_EMBEDDING,False,False
P:32,B,PARENT_HBN,PARENT,2.524,3.448,2.0,STATIC_ANALYTIC_EMBEDDING,False,False
P:320,B,PARENT_HBN,PARENT,2.659,4.297,3.087,STATIC_ANALYTIC_EMBEDDING,False,False
P:321,N,PARENT_HBN,PARENT,2.659,4.297,3.232,STATIC_ANALYTIC_EMBEDDING,False,False
P:322,B,PARENT_HBN,PARENT,2.557,4.068,3.087,STATIC_ANALYTIC_EMBEDDING,False,False
P:323,N,PARENT_HBN,PARENT,2.557,4.068,3.232,STATIC_ANALYTIC_EMBEDDING,False,False
P:324,B,PARENT_HBN,PARENT,2.505,3.823,3.087,STATIC_ANALYTIC_EMBEDDING,False,False
P:325,N,PARENT_HBN,PARENT,2.505,3.823,3.232,STATIC_ANALYTIC_EMBEDDING,False,False
P:326,B,PARENT_HBN,PARENT,2.505,3.572,3.087,STATIC_ANALYTIC_EMBEDDING,False,False
P:327,N,PARENT_HBN,PARENT,2.505,3.572,3.232,STATIC_ANALYTIC_EMBEDDING,False,False
P:328,B,PARENT_HBN,PARENT,2.557,3.327,3.087,STATIC_ANALYTIC_EMBEDDING,False,False
P:329,N,PARENT_HBN,PARENT,2.557,3.327,3.232,STATIC_ANALYTIC_EMBEDDING,False,False
P:33,N,PARENT_HBN,PARENT,2.524,3.448,2.145,STATIC_ANALYTIC_EMBEDDING,False,False
P:330,B,PARENT_HBN,PARENT,2.659,3.098,3.087,STATIC_ANALYTIC_EMBEDDING,False,False
P:331,N,PARENT_HBN,PARENT,2.659,3.098,3.232,STATIC_ANALYTIC_EMBEDDING,False,False
P:332,B,PARENT_HBN,PARENT,2.806,2.895,3.087,STATIC_ANALYTIC_EMBEDDING,False,False
P:333,N,PARENT_HBN,PARENT,2.806,2.895,3.232,STATIC_ANALYTIC_EMBEDDING,False,False
P:334,B,PARENT_HBN,PARENT,2.992,2.727,3.087,STATIC_ANALYTIC_EMBEDDING,False,False
P:335,N,PARENT_HBN,PARENT,2.992,2.727,3.232,STATIC_ANALYTIC_EMBEDDING,False,False
P:336,B,PARENT_HBN,PARENT,3.21,2.602,3.087,STATIC_ANALYTIC_EMBEDDING,False,False
P:337,N,PARENT_HBN,PARENT,3.21,2.602,3.232,STATIC_ANALYTIC_EMBEDDING,False,False
P:338,B,PARENT_HBN,PARENT,3.448,2.524,3.087,STATIC_ANALYTIC_EMBEDDING,False,False
P:339,N,PARENT_HBN,PARENT,3.448,2.524,3.232,STATIC_ANALYTIC_EMBEDDING,False,False
P:34,B,PARENT_HBN,PARENT,2.602,3.21,2.0,STATIC_ANALYTIC_EMBEDDING,False,False
P:340,B,PARENT_HBN,PARENT,3.697,2.498,3.087,STATIC_ANALYTIC_EMBEDDING,False,False
P:341,N,PARENT_HBN,PARENT,3.697,2.498,3.232,STATIC_ANALYTIC_EMBEDDING,False,False
P:342,B,PARENT_HBN,PARENT,3.947,2.524,3.087,STATIC_ANALYTIC_EMBEDDING,False,False
P:343,N,PARENT_HBN,PARENT,3.947,2.524,3.232,STATIC_ANALYTIC_EMBEDDING,False,False
P:344,B,PARENT_HBN,PARENT,4.185,2.602,3.087,STATIC_ANALYTIC_EMBEDDING,False,False
P:345,N,PARENT_HBN,PARENT,4.185,2.602,3.232,STATIC_ANALYTIC_EMBEDDING,False,False
P:346,B,PARENT_HBN,PARENT,4.402,2.727,3.087,STATIC_ANALYTIC_EMBEDDING,False,False
P:347,N,PARENT_HBN,PARENT,4.402,2.727,3.232,STATIC_ANALYTIC_EMBEDDING,False,False
P:348,B,PARENT_HBN,PARENT,4.588,2.895,3.087,STATIC_ANALYTIC_EMBEDDING,False,False
P:349,N,PARENT_HBN,PARENT,4.588,2.895,3.232,STATIC_ANALYTIC_EMBEDDING,False,False
P:35,N,PARENT_HBN,PARENT,2.602,3.21,2.145,STATIC_ANALYTIC_EMBEDDING,False,False
P:350,B,PARENT_HBN,PARENT,4.736,3.098,3.087,STATIC_ANALYTIC_EMBEDDING,False,False
P:351,N,PARENT_HBN,PARENT,4.736,3.098,3.232,STATIC_ANALYTIC_EMBEDDING,False,False
P:352,B,PARENT_HBN,PARENT,4.838,3.327,3.087,STATIC_ANALYTIC_EMBEDDING,False,False
P:353,N,PARENT_HBN,PARENT,4.838,3.327,3.232,STATIC_ANALYTIC_EMBEDDING,False,False
P:354,B,PARENT_HBN,PARENT,4.89,3.572,3.087,STATIC_ANALYTIC_EMBEDDING,False,False
P:355,N,PARENT_HBN,PARENT,4.89,3.572,3.232,STATIC_ANALYTIC_EMBEDDING,False,False
P:356,B,PARENT_HBN,PARENT,4.89,3.823,3.087,STATIC_ANALYTIC_EMBEDDING,False,False
P:357,N,PARENT_HBN,PARENT,4.89,3.823,3.232,STATIC_ANALYTIC_EMBEDDING,False,False
P:358,B,PARENT_HBN,PARENT,4.838,4.068,3.087,STATIC_ANALYTIC_EMBEDDING,False,False
P:359,N,PARENT_HBN,PARENT,4.838,4.068,3.232,STATIC_ANALYTIC_EMBEDDING,False,False
P:36,B,PARENT_HBN,PARENT,2.727,2.992,2.0,STATIC_ANALYTIC_EMBEDDING,False,False
P:360,B,PARENT_HBN,PARENT,4.667,4.402,3.305,STATIC_ANALYTIC_EMBEDDING,False,False
P:361,N,PARENT_HBN,PARENT,4.667,4.402,3.45,STATIC_ANALYTIC_EMBEDDING,False,False
P:362,B,PARENT_HBN,PARENT,4.5,4.588,3.305,STATIC_ANALYTIC_EMBEDDING,False,False
P:363,N,PARENT_HBN,PARENT,4.5,4.588,3.45,STATIC_ANALYTIC_EMBEDDING,False,False
P:364,B,PARENT_HBN,PARENT,4.297,4.736,3.305,STATIC_ANALYTIC_EMBEDDING,False,False
P:365,N,PARENT_HBN,PARENT,4.297,4.736,3.45,STATIC_ANALYTIC_EMBEDDING,False,False
P:366,B,PARENT_HBN,PARENT,4.068,4.838,3.305,STATIC_ANALYTIC_EMBEDDING,False,False
P:367,N,PARENT_HBN,PARENT,4.068,4.838,3.45,STATIC_ANALYTIC_EMBEDDING,False,False
P:368,B,PARENT_HBN,PARENT,3.823,4.89,3.305,STATIC_ANALYTIC_EMBEDDING,False,False
P:369,N,PARENT_HBN,PARENT,3.823,4.89,3.45,STATIC_ANALYTIC_EMBEDDING,False,False
P:37,N,PARENT_HBN,PARENT,2.727,2.992,2.145,STATIC_ANALYTIC_EMBEDDING,False,False
P:370,B,PARENT_HBN,PARENT,3.572,4.89,3.305,STATIC_ANALYTIC_EMBEDDING,False,False
P:371,N,PARENT_HBN,PARENT,3.572,4.89,3.45,STATIC_ANALYTIC_EMBEDDING,False,False
P:372,B,PARENT_HBN,PARENT,3.327,4.838,3.305,STATIC_ANALYTIC_EMBEDDING,False,False
P:373,N,PARENT_HBN,PARENT,3.327,4.838,3.45,STATIC_ANALYTIC_EMBEDDING,False,False
P:374,B,PARENT_HBN,PARENT,3.098,4.736,3.305,STATIC_ANALYTIC_EMBEDDING,False,False
P:375,N,PARENT_HBN,PARENT,3.098,4.736,3.45,STATIC_ANALYTIC_EMBEDDING,False,False
P:376,B,PARENT_HBN,PARENT,2.895,4.588,3.305,STATIC_ANALYTIC_EMBEDDING,False,False
P:377,N,PARENT_HBN,PARENT,2.895,4.588,3.45,STATIC_ANALYTIC_EMBEDDING,False,False
P:378,B,PARENT_HBN,PARENT,2.727,4.402,3.305,STATIC_ANALYTIC_EMBEDDING,False,False
P:379,N,PARENT_HBN,PARENT,2.727,4.402,3.45,STATIC_ANALYTIC_EMBEDDING,False,False
P:38,B,PARENT_HBN,PARENT,2.895,2.806,2.0,STATIC_ANALYTIC_EMBEDDING,False,False
P:380,B,PARENT_HBN,PARENT,2.602,4.185,3.305,STATIC_ANALYTIC_EMBEDDING,False,False
P:381,N,PARENT_HBN,PARENT,2.602,4.185,3.45,STATIC_ANALYTIC_EMBEDDING,False,False
P:382,B,PARENT_HBN,PARENT,2.524,3.947,3.305,STATIC_ANALYTIC_EMBEDDING,False,False
P:383,N,PARENT_HBN,PARENT,2.524,3.947,3.45,STATIC_ANALYTIC_EMBEDDING,False,False
P:384,B,PARENT_HBN,PARENT,2.498,3.697,3.305,STATIC_ANALYTIC_EMBEDDING,False,False
P:385,N,PARENT_HBN,PARENT,2.498,3.697,3.45,STATIC_ANALYTIC_EMBEDDING,False,False
P:386,B,PARENT_HBN,PARENT,2.524,3.448,3.305,STATIC_ANALYTIC_EMBEDDING,False,False
P:387,N,PARENT_HBN,PARENT,2.524,3.448,3.45,STATIC_ANALYTIC_EMBEDDING,False,False
P:388,B,PARENT_HBN,PARENT,2.602,3.21,3.305,STATIC_ANALYTIC_EMBEDDING,False,False
P:389,N,PARENT_HBN,PARENT,2.602,3.21,3.45,STATIC_ANALYTIC_EMBEDDING,False,False
P:39,N,PARENT_HBN,PARENT,2.895,2.806,2.145,STATIC_ANALYTIC_EMBEDDING,False,False
P:390,B,PARENT_HBN,PARENT,2.727,2.992,3.305,STATIC_ANALYTIC_EMBEDDING,False,False
P:391,N,PARENT_HBN,PARENT,2.727,2.992,3.45,STATIC_ANALYTIC_EMBEDDING,False,False
P:392,B,PARENT_HBN,PARENT,2.895,2.806,3.305,STATIC_ANALYTIC_EMBEDDING,False,False
P:393,N,PARENT_HBN,PARENT,2.895,2.806,3.45,STATIC_ANALYTIC_EMBEDDING,False,False
P:394,B,PARENT_HBN,PARENT,3.098,2.659,3.305,STATIC_ANALYTIC_EMBEDDING,False,False
P:395,N,PARENT_HBN,PARENT,3.098,2.659,3.45,STATIC_ANALYTIC_EMBEDDING,False,False
P:396,B,PARENT_HBN,PARENT,3.327,2.557,3.305,STATIC_ANALYTIC_EMBEDDING,False,False
P:397,N,PARENT_HBN,PARENT,3.327,2.557,3.45,STATIC_ANALYTIC_EMBEDDING,False,False
P:398,B,PARENT_HBN,PARENT,3.572,2.505,3.305,STATIC_ANALYTIC_EMBEDDING,False,False
P:399,N,PARENT_HBN,PARENT,3.572,2.505,3.45,STATIC_ANALYTIC_EMBEDDING,False,False
P:4,B,PARENT_HBN,PARENT,4.793,4.185,2.0,STATIC_ANALYTIC_EMBEDDING,False,False
P:40,B,PARENT_HBN,PARENT,3.098,2.659,2.0,STATIC_ANALYTIC_EMBEDDING,False,False
P:400,B,PARENT_HBN,PARENT,3.823,2.505,3.305,STATIC_ANALYTIC_EMBEDDING,False,False
P:401,N,PARENT_HBN,PARENT,3.823,2.505,3.45,STATIC_ANALYTIC_EMBEDDING,False,False
P:402,B,PARENT_HBN,PARENT,4.068,2.557,3.305,STATIC_ANALYTIC_EMBEDDING,False,False
P:403,N,PARENT_HBN,PARENT,4.068,2.557,3.45,STATIC_ANALYTIC_EMBEDDING,False,False
P:404,B,PARENT_HBN,PARENT,4.297,2.659,3.305,STATIC_ANALYTIC_EMBEDDING,False,False
P:405,N,PARENT_HBN,PARENT,4.297,2.659,3.45,STATIC_ANALYTIC_EMBEDDING,False,False
P:406,B,PARENT_HBN,PARENT,4.5,2.806,3.305,STATIC_ANALYTIC_EMBEDDING,False,False
P:407,N,PARENT_HBN,PARENT,4.5,2.806,3.45,STATIC_ANALYTIC_EMBEDDING,False,False
P:408,B,PARENT_HBN,PARENT,4.667,2.992,3.305,STATIC_ANALYTIC_EMBEDDING,False,False
P:409,N,PARENT_HBN,PARENT,4.667,2.992,3.45,STATIC_ANALYTIC_EMBEDDING,False,False
P:41,N,PARENT_HBN,PARENT,3.098,2.659,2.145,STATIC_ANALYTIC_EMBEDDING,False,False
P:410,B,PARENT_HBN,PARENT,4.793,3.21,3.305,STATIC_ANALYTIC_EMBEDDING,False,False
P:411,N,PARENT_HBN,PARENT,4.793,3.21,3.45,STATIC_ANALYTIC_EMBEDDING,False,False
P:412,B,PARENT_HBN,PARENT,4.87,3.448,3.305,STATIC_ANALYTIC_EMBEDDING,False,False
P:413,N,PARENT_HBN,PARENT,4.87,3.448,3.45,STATIC_ANALYTIC_EMBEDDING,False,False
P:414,B,PARENT_HBN,PARENT,4.896,3.697,3.305,STATIC_ANALYTIC_EMBEDDING,False,False
P:415,N,PARENT_HBN,PARENT,4.896,3.697,3.45,STATIC_ANALYTIC_EMBEDDING,False,False
P:416,B,PARENT_HBN,PARENT,4.87,3.947,3.305,STATIC_ANALYTIC_EMBEDDING,False,False
P:417,N,PARENT_HBN,PARENT,4.87,3.947,3.45,STATIC_ANALYTIC_EMBEDDING,False,False
P:418,B,PARENT_HBN,PARENT,4.793,4.185,3.305,STATIC_ANALYTIC_EMBEDDING,False,False
P:419,N,PARENT_HBN,PARENT,4.793,4.185,3.45,STATIC_ANALYTIC_EMBEDDING,False,False
P:42,B,PARENT_HBN,PARENT,3.327,2.557,2.0,STATIC_ANALYTIC_EMBEDDING,False,False
P:420,B,PARENT_HBN,PARENT,4.588,4.5,3.522,STATIC_ANALYTIC_EMBEDDING,False,False
P:421,N,PARENT_HBN,PARENT,4.588,4.5,3.667,STATIC_ANALYTIC_EMBEDDING,False,False
P:422,B,PARENT_HBN,PARENT,4.402,4.667,3.522,STATIC_ANALYTIC_EMBEDDING,False,False
P:423,N,PARENT_HBN,PARENT,4.402,4.667,3.667,STATIC_ANALYTIC_EMBEDDING,False,False
P:424,B,PARENT_HBN,PARENT,4.185,4.793,3.522,STATIC_ANALYTIC_EMBEDDING,False,False
P:425,N,PARENT_HBN,PARENT,4.185,4.793,3.667,STATIC_ANALYTIC_EMBEDDING,False,False
P:426,B,PARENT_HBN,PARENT,3.947,4.87,3.522,STATIC_ANALYTIC_EMBEDDING,False,False
P:427,N,PARENT_HBN,PARENT,3.947,4.87,3.667,STATIC_ANALYTIC_EMBEDDING,False,False
P:428,B,PARENT_HBN,PARENT,3.697,4.896,3.522,STATIC_ANALYTIC_EMBEDDING,False,False
P:429,N,PARENT_HBN,PARENT,3.697,4.896,3.667,STATIC_ANALYTIC_EMBEDDING,False,False
P:43,N,PARENT_HBN,PARENT,3.327,2.557,2.145,STATIC_ANALYTIC_EMBEDDING,False,False
P:430,B,PARENT_HBN,PARENT,3.448,4.87,3.522,STATIC_ANALYTIC_EMBEDDING,False,False
P:431,N,PARENT_HBN,PARENT,3.448,4.87,3.667,STATIC_ANALYTIC_EMBEDDING,False,False
P:432,B,PARENT_HBN,PARENT,3.21,4.793,3.522,STATIC_ANALYTIC_EMBEDDING,False,False
P:433,N,PARENT_HBN,PARENT,3.21,4.793,3.667,STATIC_ANALYTIC_EMBEDDING,False,False
P:434,B,PARENT_HBN,PARENT,2.992,4.667,3.522,STATIC_ANALYTIC_EMBEDDING,False,False
P:435,N,PARENT_HBN,PARENT,2.992,4.667,3.667,STATIC_ANALYTIC_EMBEDDING,False,False
P:436,B,PARENT_HBN,PARENT,2.806,4.5,3.522,STATIC_ANALYTIC_EMBEDDING,False,False
P:437,N,PARENT_HBN,PARENT,2.806,4.5,3.667,STATIC_ANALYTIC_EMBEDDING,False,False
P:438,B,PARENT_HBN,PARENT,2.659,4.297,3.522,STATIC_ANALYTIC_EMBEDDING,False,False
P:439,N,PARENT_HBN,PARENT,2.659,4.297,3.667,STATIC_ANALYTIC_EMBEDDING,False,False
P:44,B,PARENT_HBN,PARENT,3.572,2.505,2.0,STATIC_ANALYTIC_EMBEDDING,False,False
P:440,B,PARENT_HBN,PARENT,2.557,4.068,3.522,STATIC_ANALYTIC_EMBEDDING,False,False
P:441,N,PARENT_HBN,PARENT,2.557,4.068,3.667,STATIC_ANALYTIC_EMBEDDING,False,False
P:442,B,PARENT_HBN,PARENT,2.505,3.823,3.522,STATIC_ANALYTIC_EMBEDDING,False,False
P:443,N,PARENT_HBN,PARENT,2.505,3.823,3.667,STATIC_ANALYTIC_EMBEDDING,False,False
P:444,B,PARENT_HBN,PARENT,2.505,3.572,3.522,STATIC_ANALYTIC_EMBEDDING,False,False
P:445,N,PARENT_HBN,PARENT,2.505,3.572,3.667,STATIC_ANALYTIC_EMBEDDING,False,False
P:446,B,PARENT_HBN,PARENT,2.557,3.327,3.522,STATIC_ANALYTIC_EMBEDDING,False,False
P:447,N,PARENT_HBN,PARENT,2.557,3.327,3.667,STATIC_ANALYTIC_EMBEDDING,False,False
P:448,B,PARENT_HBN,PARENT,2.659,3.098,3.522,STATIC_ANALYTIC_EMBEDDING,False,False
P:449,N,PARENT_HBN,PARENT,2.659,3.098,3.667,STATIC_ANALYTIC_EMBEDDING,False,False
P:45,N,PARENT_HBN,PARENT,3.572,2.505,2.145,STATIC_ANALYTIC_EMBEDDING,False,False
P:450,B,PARENT_HBN,PARENT,2.806,2.895,3.522,STATIC_ANALYTIC_EMBEDDING,False,False
P:451,N,PARENT_HBN,PARENT,2.806,2.895,3.667,STATIC_ANALYTIC_EMBEDDING,False,False
P:452,B,PARENT_HBN,PARENT,2.992,2.727,3.522,STATIC_ANALYTIC_EMBEDDING,False,False
P:453,N,PARENT_HBN,PARENT,2.992,2.727,3.667,STATIC_ANALYTIC_EMBEDDING,False,False
P:454,B,PARENT_HBN,PARENT,3.21,2.602,3.522,STATIC_ANALYTIC_EMBEDDING,False,False
P:455,N,PARENT_HBN,PARENT,3.21,2.602,3.667,STATIC_ANALYTIC_EMBEDDING,False,False
P:456,B,PARENT_HBN,PARENT,3.448,2.524,3.522,STATIC_ANALYTIC_EMBEDDING,False,False
P:457,N,PARENT_HBN,PARENT,3.448,2.524,3.667,STATIC_ANALYTIC_EMBEDDING,False,False
P:458,B,PARENT_HBN,PARENT,3.697,2.498,3.522,STATIC_ANALYTIC_EMBEDDING,False,False
P:459,N,PARENT_HBN,PARENT,3.697,2.498,3.667,STATIC_ANALYTIC_EMBEDDING,False,False
P:46,B,PARENT_HBN,PARENT,3.823,2.505,2.0,STATIC_ANALYTIC_EMBEDDING,False,False
P:460,B,PARENT_HBN,PARENT,3.947,2.524,3.522,STATIC_ANALYTIC_EMBEDDING,False,False
P:461,N,PARENT_HBN,PARENT,3.947,2.524,3.667,STATIC_ANALYTIC_EMBEDDING,False,False
P:462,B,PARENT_HBN,PARENT,4.185,2.602,3.522,STATIC_ANALYTIC_EMBEDDING,False,False
P:463,N,PARENT_HBN,PARENT,4.185,2.602,3.667,STATIC_ANALYTIC_EMBEDDING,False,False
P:464,B,PARENT_HBN,PARENT,4.402,2.727,3.522,STATIC_ANALYTIC_EMBEDDING,False,False
P:465,N,PARENT_HBN,PARENT,4.402,2.727,3.667,STATIC_ANALYTIC_EMBEDDING,False,False
P:466,B,PARENT_HBN,PARENT,4.588,2.895,3.522,STATIC_ANALYTIC_EMBEDDING,False,False
P:467,N,PARENT_HBN,PARENT,4.588,2.895,3.667,STATIC_ANALYTIC_EMBEDDING,False,False
P:468,B,PARENT_HBN,PARENT,4.736,3.098,3.522,STATIC_ANALYTIC_EMBEDDING,False,False
P:469,N,PARENT_HBN,PARENT,4.736,3.098,3.667,STATIC_ANALYTIC_EMBEDDING,False,False
P:47,N,PARENT_HBN,PARENT,3.823,2.505,2.145,STATIC_ANALYTIC_EMBEDDING,False,False
P:470,B,PARENT_HBN,PARENT,4.838,3.327,3.522,STATIC_ANALYTIC_EMBEDDING,False,False
P:471,N,PARENT_HBN,PARENT,4.838,3.327,3.667,STATIC_ANALYTIC_EMBEDDING,False,False
P:472,B,PARENT_HBN,PARENT,4.89,3.572,3.522,STATIC_ANALYTIC_EMBEDDING,False,False
P:473,N,PARENT_HBN,PARENT,4.89,3.572,3.667,STATIC_ANALYTIC_EMBEDDING,False,False
P:474,B,PARENT_HBN,PARENT,4.89,3.823,3.522,STATIC_ANALYTIC_EMBEDDING,False,False
P:475,N,PARENT_HBN,PARENT,4.89,3.823,3.667,STATIC_ANALYTIC_EMBEDDING,False,False
P:476,B,PARENT_HBN,PARENT,4.838,4.068,3.522,STATIC_ANALYTIC_EMBEDDING,False,False
P:477,N,PARENT_HBN,PARENT,4.838,4.068,3.667,STATIC_ANALYTIC_EMBEDDING,False,False
P:478,B,PARENT_HBN,PARENT,4.736,4.297,3.522,STATIC_ANALYTIC_EMBEDDING,False,False
P:479,N,PARENT_HBN,PARENT,4.736,4.297,3.667,STATIC_ANALYTIC_EMBEDDING,False,False
P:48,B,PARENT_HBN,PARENT,4.068,2.557,2.0,STATIC_ANALYTIC_EMBEDDING,False,False
P:480,B,PARENT_HBN,PARENT,4.5,4.588,3.74,STATIC_ANALYTIC_EMBEDDING,False,False
P:481,N,PARENT_HBN,PARENT,4.5,4.588,3.885,STATIC_ANALYTIC_EMBEDDING,False,False
P:482,B,PARENT_HBN,PARENT,4.297,4.736,3.74,STATIC_ANALYTIC_EMBEDDING,False,False
P:483,N,PARENT_HBN,PARENT,4.297,4.736,3.885,STATIC_ANALYTIC_EMBEDDING,False,False
P:484,B,PARENT_HBN,PARENT,4.068,4.838,3.74,STATIC_ANALYTIC_EMBEDDING,False,False
P:485,N,PARENT_HBN,PARENT,4.068,4.838,3.885,STATIC_ANALYTIC_EMBEDDING,False,False
P:486,B,PARENT_HBN,PARENT,3.823,4.89,3.74,STATIC_ANALYTIC_EMBEDDING,False,False
P:487,N,PARENT_HBN,PARENT,3.823,4.89,3.885,STATIC_ANALYTIC_EMBEDDING,False,False
P:488,B,PARENT_HBN,PARENT,3.572,4.89,3.74,STATIC_ANALYTIC_EMBEDDING,False,False
P:489,N,PARENT_HBN,PARENT,3.572,4.89,3.885,STATIC_ANALYTIC_EMBEDDING,False,False
P:49,N,PARENT_HBN,PARENT,4.068,2.557,2.145,STATIC_ANALYTIC_EMBEDDING,False,False
P:490,B,PARENT_HBN,PARENT,3.327,4.838,3.74,STATIC_ANALYTIC_EMBEDDING,False,False
P:491,N,PARENT_HBN,PARENT,3.327,4.838,3.885,STATIC_ANALYTIC_EMBEDDING,False,False
P:492,B,PARENT_HBN,PARENT,3.098,4.736,3.74,STATIC_ANALYTIC_EMBEDDING,False,False
P:493,N,PARENT_HBN,PARENT,3.098,4.736,3.885,STATIC_ANALYTIC_EMBEDDING,False,False
P:494,B,PARENT_HBN,PARENT,2.895,4.588,3.74,STATIC_ANALYTIC_EMBEDDING,False,False
P:495,N,PARENT_HBN,PARENT,2.895,4.588,3.885,STATIC_ANALYTIC_EMBEDDING,False,False
P:496,B,PARENT_HBN,PARENT,2.727,4.402,3.74,STATIC_ANALYTIC_EMBEDDING,False,False
P:497,N,PARENT_HBN,PARENT,2.727,4.402,3.885,STATIC_ANALYTIC_EMBEDDING,False,False
P:498,B,PARENT_HBN,PARENT,2.602,4.185,3.74,STATIC_ANALYTIC_EMBEDDING,False,False
P:499,N,PARENT_HBN,PARENT,2.602,4.185,3.885,STATIC_ANALYTIC_EMBEDDING,False,False
P:5,N,PARENT_HBN,PARENT,4.793,4.185,2.145,STATIC_ANALYTIC_EMBEDDING,False,False
P:50,B,PARENT_HBN,PARENT,4.297,2.659,2.0,STATIC_ANALYTIC_EMBEDDING,False,False
P:500,B,PARENT_HBN,PARENT,2.524,3.947,3.74,STATIC_ANALYTIC_EMBEDDING,False,False
P:501,N,PARENT_HBN,PARENT,2.524,3.947,3.885,STATIC_ANALYTIC_EMBEDDING,False,False
P:502,B,PARENT_HBN,PARENT,2.498,3.697,3.74,STATIC_ANALYTIC_EMBEDDING,False,False
P:503,N,PARENT_HBN,PARENT,2.498,3.697,3.885,STATIC_ANALYTIC_EMBEDDING,False,False
P:504,B,PARENT_HBN,PARENT,2.524,3.448,3.74,STATIC_ANALYTIC_EMBEDDING,False,False
P:505,N,PARENT_HBN,PARENT,2.524,3.448,3.885,STATIC_ANALYTIC_EMBEDDING,False,False
P:506,B,PARENT_HBN,PARENT,2.602,3.21,3.74,STATIC_ANALYTIC_EMBEDDING,False,False
P:507,N,PARENT_HBN,PARENT,2.602,3.21,3.885,STATIC_ANALYTIC_EMBEDDING,False,False
P:508,B,PARENT_HBN,PARENT,2.727,2.992,3.74,STATIC_ANALYTIC_EMBEDDING,False,False
P:509,N,PARENT_HBN,PARENT,2.727,2.992,3.885,STATIC_ANALYTIC_EMBEDDING,False,False
P:51,N,PARENT_HBN,PARENT,4.297,2.659,2.145,STATIC_ANALYTIC_EMBEDDING,False,False
P:510,B,PARENT_HBN,PARENT,2.895,2.806,3.74,STATIC_ANALYTIC_EMBEDDING,False,False
P:511,N,PARENT_HBN,PARENT,2.895,2.806,3.885,STATIC_ANALYTIC_EMBEDDING,False,False
P:512,B,PARENT_HBN,PARENT,3.098,2.659,3.74,STATIC_ANALYTIC_EMBEDDING,False,False
P:513,N,PARENT_HBN,PARENT,3.098,2.659,3.885,STATIC_ANALYTIC_EMBEDDING,False,False
P:514,B,PARENT_HBN,PARENT,3.327,2.557,3.74,STATIC_ANALYTIC_EMBEDDING,False,False
P:515,N,PARENT_HBN,PARENT,3.327,2.557,3.885,STATIC_ANALYTIC_EMBEDDING,False,False
P:516,B,PARENT_HBN,PARENT,3.572,2.505,3.74,STATIC_ANALYTIC_EMBEDDING,False,False
P:517,N,PARENT_HBN,PARENT,3.572,2.505,3.885,STATIC_ANALYTIC_EMBEDDING,False,False
P:518,B,PARENT_HBN,PARENT,3.823,2.505,3.74,STATIC_ANALYTIC_EMBEDDING,False,False
P:519,N,PARENT_HBN,PARENT,3.823,2.505,3.885,STATIC_ANALYTIC_EMBEDDING,False,False
P:52,B,PARENT_HBN,PARENT,4.5,2.806,2.0,STATIC_ANALYTIC_EMBEDDING,False,False
P:520,B,PARENT_HBN,PARENT,4.068,2.557,3.74,STATIC_ANALYTIC_EMBEDDING,False,False
P:521,N,PARENT_HBN,PARENT,4.068,2.557,3.885,STATIC_ANALYTIC_EMBEDDING,False,False
P:522,B,PARENT_HBN,PARENT,4.297,2.659,3.74,STATIC_ANALYTIC_EMBEDDING,False,False
P:523,N,PARENT_HBN,PARENT,4.297,2.659,3.885,STATIC_ANALYTIC_EMBEDDING,False,False
P:524,B,PARENT_HBN,PARENT,4.5,2.806,3.74,STATIC_ANALYTIC_EMBEDDING,False,False
P:525,N,PARENT_HBN,PARENT,4.5,2.806,3.885,STATIC_ANALYTIC_EMBEDDING,False,False
P:526,B,PARENT_HBN,PARENT,4.667,2.992,3.74,STATIC_ANALYTIC_EMBEDDING,False,False
P:527,N,PARENT_HBN,PARENT,4.667,2.992,3.885,STATIC_ANALYTIC_EMBEDDING,False,False
P:528,B,PARENT_HBN,PARENT,4.793,3.21,3.74,STATIC_ANALYTIC_EMBEDDING,False,False
P:529,N,PARENT_HBN,PARENT,4.793,3.21,3.885,STATIC_ANALYTIC_EMBEDDING,False,False
P:53,N,PARENT_HBN,PARENT,4.5,2.806,2.145,STATIC_ANALYTIC_EMBEDDING,False,False
P:530,B,PARENT_HBN,PARENT,4.87,3.448,3.74,STATIC_ANALYTIC_EMBEDDING,False,False
P:531,N,PARENT_HBN,PARENT,4.87,3.448,3.885,STATIC_ANALYTIC_EMBEDDING,False,False
P:532,B,PARENT_HBN,PARENT,4.896,3.697,3.74,STATIC_ANALYTIC_EMBEDDING,False,False
P:533,N,PARENT_HBN,PARENT,4.896,3.697,3.885,STATIC_ANALYTIC_EMBEDDING,False,False
P:534,B,PARENT_HBN,PARENT,4.87,3.947,3.74,STATIC_ANALYTIC_EMBEDDING,False,False
P:535,N,PARENT_HBN,PARENT,4.87,3.947,3.885,STATIC_ANALYTIC_EMBEDDING,False,False
P:536,B,PARENT_HBN,PARENT,4.793,4.185,3.74,STATIC_ANALYTIC_EMBEDDING,False,False
P:537,N,PARENT_HBN,PARENT,4.793,4.185,3.885,STATIC_ANALYTIC_EMBEDDING,False,False
P:538,B,PARENT_HBN,PARENT,4.667,4.402,3.74,STATIC_ANALYTIC_EMBEDDING,False,False
P:539,N,PARENT_HBN,PARENT,4.667,4.402,3.885,STATIC_ANALYTIC_EMBEDDING,False,False
P:54,B,PARENT_HBN,PARENT,4.667,2.992,2.0,STATIC_ANALYTIC_EMBEDDING,False,False
P:540,B,PARENT_HBN,PARENT,4.402,4.667,3.958,STATIC_ANALYTIC_EMBEDDING,False,False
P:541,N,PARENT_HBN,PARENT,4.402,4.667,4.103,STATIC_ANALYTIC_EMBEDDING,False,False
P:542,B,PARENT_HBN,PARENT,4.185,4.793,3.958,STATIC_ANALYTIC_EMBEDDING,False,False
P:543,N,PARENT_HBN,PARENT,4.185,4.793,4.103,STATIC_ANALYTIC_EMBEDDING,False,False
P:544,B,PARENT_HBN,PARENT,3.947,4.87,3.958,STATIC_ANALYTIC_EMBEDDING,False,False
P:545,N,PARENT_HBN,PARENT,3.947,4.87,4.103,STATIC_ANALYTIC_EMBEDDING,False,False
P:546,B,PARENT_HBN,PARENT,3.697,4.896,3.958,STATIC_ANALYTIC_EMBEDDING,False,False
P:547,N,PARENT_HBN,PARENT,3.697,4.896,4.103,STATIC_ANALYTIC_EMBEDDING,False,False
P:548,B,PARENT_HBN,PARENT,3.448,4.87,3.958,STATIC_ANALYTIC_EMBEDDING,False,False
P:549,N,PARENT_HBN,PARENT,3.448,4.87,4.103,STATIC_ANALYTIC_EMBEDDING,False,False
P:55,N,PARENT_HBN,PARENT,4.667,2.992,2.145,STATIC_ANALYTIC_EMBEDDING,False,False
P:550,B,PARENT_HBN,PARENT,3.21,4.793,3.958,STATIC_ANALYTIC_EMBEDDING,False,False
P:551,N,PARENT_HBN,PARENT,3.21,4.793,4.103,STATIC_ANALYTIC_EMBEDDING,False,False
P:552,B,PARENT_HBN,PARENT,2.992,4.667,3.958,STATIC_ANALYTIC_EMBEDDING,False,False
P:553,N,PARENT_HBN,PARENT,2.992,4.667,4.103,STATIC_ANALYTIC_EMBEDDING,False,False
P:554,B,PARENT_HBN,PARENT,2.806,4.5,3.958,STATIC_ANALYTIC_EMBEDDING,False,False
P:555,N,PARENT_HBN,PARENT,2.806,4.5,4.103,STATIC_ANALYTIC_EMBEDDING,False,False
P:556,B,PARENT_HBN,PARENT,2.659,4.297,3.958,STATIC_ANALYTIC_EMBEDDING,False,False
P:557,N,PARENT_HBN,PARENT,2.659,4.297,4.103,STATIC_ANALYTIC_EMBEDDING,False,False
P:558,B,PARENT_HBN,PARENT,2.557,4.068,3.958,STATIC_ANALYTIC_EMBEDDING,False,False
P:559,N,PARENT_HBN,PARENT,2.557,4.068,4.103,STATIC_ANALYTIC_EMBEDDING,False,False
P:56,B,PARENT_HBN,PARENT,4.793,3.21,2.0,STATIC_ANALYTIC_EMBEDDING,False,False
P:560,B,PARENT_HBN,PARENT,2.505,3.823,3.958,STATIC_ANALYTIC_EMBEDDING,False,False
P:561,N,PARENT_HBN,PARENT,2.505,3.823,4.103,STATIC_ANALYTIC_EMBEDDING,False,False
P:562,B,PARENT_HBN,PARENT,2.505,3.572,3.958,STATIC_ANALYTIC_EMBEDDING,False,False
P:563,N,PARENT_HBN,PARENT,2.505,3.572,4.103,STATIC_ANALYTIC_EMBEDDING,False,False
P:564,B,PARENT_HBN,PARENT,2.557,3.327,3.958,STATIC_ANALYTIC_EMBEDDING,False,False
P:565,N,PARENT_HBN,PARENT,2.557,3.327,4.103,STATIC_ANALYTIC_EMBEDDING,False,False
P:566,B,PARENT_HBN,PARENT,2.659,3.098,3.958,STATIC_ANALYTIC_EMBEDDING,False,False
P:567,N,PARENT_HBN,PARENT,2.659,3.098,4.103,STATIC_ANALYTIC_EMBEDDING,False,False
P:568,B,PARENT_HBN,PARENT,2.806,2.895,3.958,STATIC_ANALYTIC_EMBEDDING,False,False
P:569,N,PARENT_HBN,PARENT,2.806,2.895,4.103,STATIC_ANALYTIC_EMBEDDING,False,False
P:57,N,PARENT_HBN,PARENT,4.793,3.21,2.145,STATIC_ANALYTIC_EMBEDDING,False,False
P:570,B,PARENT_HBN,PARENT,2.992,2.727,3.958,STATIC_ANALYTIC_EMBEDDING,False,False
P:571,N,PARENT_HBN,PARENT,2.992,2.727,4.103,STATIC_ANALYTIC_EMBEDDING,False,False
P:572,B,PARENT_HBN,PARENT,3.21,2.602,3.958,STATIC_ANALYTIC_EMBEDDING,False,False
P:573,N,PARENT_HBN,PARENT,3.21,2.602,4.103,STATIC_ANALYTIC_EMBEDDING,False,False
P:574,B,PARENT_HBN,PARENT,3.448,2.524,3.958,STATIC_ANALYTIC_EMBEDDING,False,False
P:575,N,PARENT_HBN,PARENT,3.448,2.524,4.103,STATIC_ANALYTIC_EMBEDDING,False,False
P:576,B,PARENT_HBN,PARENT,3.697,2.498,3.958,STATIC_ANALYTIC_EMBEDDING,False,False
P:577,N,PARENT_HBN,PARENT,3.697,2.498,4.103,STATIC_ANALYTIC_EMBEDDING,False,False
P:578,B,PARENT_HBN,PARENT,3.947,2.524,3.958,STATIC_ANALYTIC_EMBEDDING,False,False
P:579,N,PARENT_HBN,PARENT,3.947,2.524,4.103,STATIC_ANALYTIC_EMBEDDING,False,False
P:58,B,PARENT_HBN,PARENT,4.87,3.448,2.0,STATIC_ANALYTIC_EMBEDDING,False,False
P:580,B,PARENT_HBN,PARENT,4.185,2.602,3.958,STATIC_ANALYTIC_EMBEDDING,False,False
P:581,N,PARENT_HBN,PARENT,4.185,2.602,4.103,STATIC_ANALYTIC_EMBEDDING,False,False
P:582,B,PARENT_HBN,PARENT,4.402,2.727,3.958,STATIC_ANALYTIC_EMBEDDING,False,False
P:583,N,PARENT_HBN,PARENT,4.402,2.727,4.103,STATIC_ANALYTIC_EMBEDDING,False,False
P:584,B,PARENT_HBN,PARENT,4.588,2.895,3.958,STATIC_ANALYTIC_EMBEDDING,False,False
P:585,N,PARENT_HBN,PARENT,4.588,2.895,4.103,STATIC_ANALYTIC_EMBEDDING,False,False
P:586,B,PARENT_HBN,PARENT,4.736,3.098,3.958,STATIC_ANALYTIC_EMBEDDING,False,False
P:587,N,PARENT_HBN,PARENT,4.736,3.098,4.103,STATIC_ANALYTIC_EMBEDDING,False,False
P:588,B,PARENT_HBN,PARENT,4.838,3.327,3.958,STATIC_ANALYTIC_EMBEDDING,False,False
P:589,N,PARENT_HBN,PARENT,4.838,3.327,4.103,STATIC_ANALYTIC_EMBEDDING,False,False
P:59,N,PARENT_HBN,PARENT,4.87,3.448,2.145,STATIC_ANALYTIC_EMBEDDING,False,False
P:590,B,PARENT_HBN,PARENT,4.89,3.572,3.958,STATIC_ANALYTIC_EMBEDDING,False,False
P:591,N,PARENT_HBN,PARENT,4.89,3.572,4.103,STATIC_ANALYTIC_EMBEDDING,False,False
P:592,B,PARENT_HBN,PARENT,4.89,3.823,3.958,STATIC_ANALYTIC_EMBEDDING,False,False
P:593,N,PARENT_HBN,PARENT,4.89,3.823,4.103,STATIC_ANALYTIC_EMBEDDING,False,False
P:594,B,PARENT_HBN,PARENT,4.838,4.068,3.958,STATIC_ANALYTIC_EMBEDDING,False,False
P:595,N,PARENT_HBN,PARENT,4.838,4.068,4.103,STATIC_ANALYTIC_EMBEDDING,False,False
P:596,B,PARENT_HBN,PARENT,4.736,4.297,3.958,STATIC_ANALYTIC_EMBEDDING,False,False
P:597,N,PARENT_HBN,PARENT,4.736,4.297,4.103,STATIC_ANALYTIC_EMBEDDING,False,False
P:598,B,PARENT_HBN,PARENT,4.588,4.5,3.958,STATIC_ANALYTIC_EMBEDDING,False,False
P:599,N,PARENT_HBN,PARENT,4.588,4.5,4.103,STATIC_ANALYTIC_EMBEDDING,False,False
P:6,B,PARENT_HBN,PARENT,4.667,4.402,2.0,STATIC_ANALYTIC_EMBEDDING,False,False
P:60,B,PARENT_HBN,PARENT,4.89,3.823,2.217,STATIC_ANALYTIC_EMBEDDING,False,False
P:600,B,PARENT_HBN,PARENT,4.297,4.736,4.175,STATIC_ANALYTIC_EMBEDDING,False,False
P:601,N,PARENT_HBN,PARENT,4.297,4.736,4.32,STATIC_ANALYTIC_EMBEDDING,False,False
P:602,B,PARENT_HBN,PARENT,4.068,4.838,4.175,STATIC_ANALYTIC_EMBEDDING,False,False
P:603,N,PARENT_HBN,PARENT,4.068,4.838,4.32,STATIC_ANALYTIC_EMBEDDING,False,False
P:604,B,PARENT_HBN,PARENT,3.823,4.89,4.175,STATIC_ANALYTIC_EMBEDDING,False,False
P:605,N,PARENT_HBN,PARENT,3.823,4.89,4.32,STATIC_ANALYTIC_EMBEDDING,False,False
P:606,B,PARENT_HBN,PARENT,3.572,4.89,4.175,STATIC_ANALYTIC_EMBEDDING,False,False
P:607,N,PARENT_HBN,PARENT,3.572,4.89,4.32,STATIC_ANALYTIC_EMBEDDING,False,False
P:608,B,PARENT_HBN,PARENT,3.327,4.838,4.175,STATIC_ANALYTIC_EMBEDDING,False,False
P:609,N,PARENT_HBN,PARENT,3.327,4.838,4.32,STATIC_ANALYTIC_EMBEDDING,False,False
P:61,N,PARENT_HBN,PARENT,4.89,3.823,2.362,STATIC_ANALYTIC_EMBEDDING,False,False
P:610,B,PARENT_HBN,PARENT,3.098,4.736,4.175,STATIC_ANALYTIC_EMBEDDING,False,False
P:611,N,PARENT_HBN,PARENT,3.098,4.736,4.32,STATIC_ANALYTIC_EMBEDDING,False,False
P:612,B,PARENT_HBN,PARENT,2.895,4.588,4.175,STATIC_ANALYTIC_EMBEDDING,False,False
P:613,N,PARENT_HBN,PARENT,2.895,4.588,4.32,STATIC_ANALYTIC_EMBEDDING,False,False
P:614,B,PARENT_HBN,PARENT,2.727,4.402,4.175,STATIC_ANALYTIC_EMBEDDING,False,False
P:615,N,PARENT_HBN,PARENT,2.727,4.402,4.32,STATIC_ANALYTIC_EMBEDDING,False,False
P:616,B,PARENT_HBN,PARENT,2.602,4.185,4.175,STATIC_ANALYTIC_EMBEDDING,False,False
P:617,N,PARENT_HBN,PARENT,2.602,4.185,4.32,STATIC_ANALYTIC_EMBEDDING,False,False
P:618,B,PARENT_HBN,PARENT,2.524,3.947,4.175,STATIC_ANALYTIC_EMBEDDING,False,False
P:619,N,PARENT_HBN,PARENT,2.524,3.947,4.32,STATIC_ANALYTIC_EMBEDDING,False,False
P:62,B,PARENT_HBN,PARENT,4.838,4.068,2.217,STATIC_ANALYTIC_EMBEDDING,False,False
P:620,B,PARENT_HBN,PARENT,2.498,3.697,4.175,STATIC_ANALYTIC_EMBEDDING,False,False
P:621,N,PARENT_HBN,PARENT,2.498,3.697,4.32,STATIC_ANALYTIC_EMBEDDING,False,False
P:622,B,PARENT_HBN,PARENT,2.524,3.448,4.175,STATIC_ANALYTIC_EMBEDDING,False,False
P:623,N,PARENT_HBN,PARENT,2.524,3.448,4.32,STATIC_ANALYTIC_EMBEDDING,False,False
P:624,B,PARENT_HBN,PARENT,2.602,3.21,4.175,STATIC_ANALYTIC_EMBEDDING,False,False
P:625,N,PARENT_HBN,PARENT,2.602,3.21,4.32,STATIC_ANALYTIC_EMBEDDING,False,False
P:626,B,PARENT_HBN,PARENT,2.727,2.992,4.175,STATIC_ANALYTIC_EMBEDDING,False,False
P:627,N,PARENT_HBN,PARENT,2.727,2.992,4.32,STATIC_ANALYTIC_EMBEDDING,False,False
P:628,B,PARENT_HBN,PARENT,2.895,2.806,4.175,STATIC_ANALYTIC_EMBEDDING,False,False
P:629,N,PARENT_HBN,PARENT,2.895,2.806,4.32,STATIC_ANALYTIC_EMBEDDING,False,False
P:63,N,PARENT_HBN,PARENT,4.838,4.068,2.362,STATIC_ANALYTIC_EMBEDDING,False,False
P:630,B,PARENT_HBN,PARENT,3.098,2.659,4.175,STATIC_ANALYTIC_EMBEDDING,False,False
P:631,N,PARENT_HBN,PARENT,3.098,2.659,4.32,STATIC_ANALYTIC_EMBEDDING,False,False
P:632,B,PARENT_HBN,PARENT,3.327,2.557,4.175,STATIC_ANALYTIC_EMBEDDING,False,False
P:633,N,PARENT_HBN,PARENT,3.327,2.557,4.32,STATIC_ANALYTIC_EMBEDDING,False,False
P:634,B,PARENT_HBN,PARENT,3.572,2.505,4.175,STATIC_ANALYTIC_EMBEDDING,False,False
P:635,N,PARENT_HBN,PARENT,3.572,2.505,4.32,STATIC_ANALYTIC_EMBEDDING,False,False
P:636,B,PARENT_HBN,PARENT,3.823,2.505,4.175,STATIC_ANALYTIC_EMBEDDING,False,False
P:637,N,PARENT_HBN,PARENT,3.823,2.505,4.32,STATIC_ANALYTIC_EMBEDDING,False,False
P:638,B,PARENT_HBN,PARENT,4.068,2.557,4.175,STATIC_ANALYTIC_EMBEDDING,False,False
P:639,N,PARENT_HBN,PARENT,4.068,2.557,4.32,STATIC_ANALYTIC_EMBEDDING,False,False
P:64,B,PARENT_HBN,PARENT,4.736,4.297,2.217,STATIC_ANALYTIC_EMBEDDING,False,False
P:640,B,PARENT_HBN,PARENT,4.297,2.659,4.175,STATIC_ANALYTIC_EMBEDDING,False,False
P:641,N,PARENT_HBN,PARENT,4.297,2.659,4.32,STATIC_ANALYTIC_EMBEDDING,False,False
P:642,B,PARENT_HBN,PARENT,4.5,2.806,4.175,STATIC_ANALYTIC_EMBEDDING,False,False
P:643,N,PARENT_HBN,PARENT,4.5,2.806,4.32,STATIC_ANALYTIC_EMBEDDING,False,False
P:644,B,PARENT_HBN,PARENT,4.667,2.992,4.175,STATIC_ANALYTIC_EMBEDDING,False,False
P:645,N,PARENT_HBN,PARENT,4.667,2.992,4.32,STATIC_ANALYTIC_EMBEDDING,False,False
P:646,B,PARENT_HBN,PARENT,4.793,3.21,4.175,STATIC_ANALYTIC_EMBEDDING,False,False
P:647,N,PARENT_HBN,PARENT,4.793,3.21,4.32,STATIC_ANALYTIC_EMBEDDING,False,False
P:648,B,PARENT_HBN,PARENT,4.87,3.448,4.175,STATIC_ANALYTIC_EMBEDDING,False,False
P:649,N,PARENT_HBN,PARENT,4.87,3.448,4.32,STATIC_ANALYTIC_EMBEDDING,False,False
P:65,N,PARENT_HBN,PARENT,4.736,4.297,2.362,STATIC_ANALYTIC_EMBEDDING,False,False
P:650,B,PARENT_HBN,PARENT,4.896,3.697,4.175,STATIC_ANALYTIC_EMBEDDING,False,False
P:651,N,PARENT_HBN,PARENT,4.896,3.697,4.32,STATIC_ANALYTIC_EMBEDDING,False,False
P:652,B,PARENT_HBN,PARENT,4.87,3.947,4.175,STATIC_ANALYTIC_EMBEDDING,False,False
P:653,N,PARENT_HBN,PARENT,4.87,3.947,4.32,STATIC_ANALYTIC_EMBEDDING,False,False
P:654,B,PARENT_HBN,PARENT,4.793,4.185,4.175,STATIC_ANALYTIC_EMBEDDING,False,False
P:655,N,PARENT_HBN,PARENT,4.793,4.185,4.32,STATIC_ANALYTIC_EMBEDDING,False,False
P:656,B,PARENT_HBN,PARENT,4.667,4.402,4.175,STATIC_ANALYTIC_EMBEDDING,False,False
P:657,N,PARENT_HBN,PARENT,4.667,4.402,4.32,STATIC_ANALYTIC_EMBEDDING,False,False
P:658,B,PARENT_HBN,PARENT,4.5,4.588,4.175,STATIC_ANALYTIC_EMBEDDING,False,False
P:659,N,PARENT_HBN,PARENT,4.5,4.588,4.32,STATIC_ANALYTIC_EMBEDDING,False,False
P:66,B,PARENT_HBN,PARENT,4.588,4.5,2.217,STATIC_ANALYTIC_EMBEDDING,False,False
P:660,B,PARENT_HBN,PARENT,4.185,4.793,4.393,STATIC_ANALYTIC_EMBEDDING,False,False
P:661,N,PARENT_HBN,PARENT,4.185,4.793,4.537,STATIC_ANALYTIC_EMBEDDING,False,False
P:662,B,PARENT_HBN,PARENT,3.947,4.87,4.393,STATIC_ANALYTIC_EMBEDDING,False,False
P:663,N,PARENT_HBN,PARENT,3.947,4.87,4.537,STATIC_ANALYTIC_EMBEDDING,False,False
P:664,B,PARENT_HBN,PARENT,3.697,4.896,4.393,STATIC_ANALYTIC_EMBEDDING,False,False
P:665,N,PARENT_HBN,PARENT,3.697,4.896,4.537,STATIC_ANALYTIC_EMBEDDING,False,False
P:666,B,PARENT_HBN,PARENT,3.448,4.87,4.393,STATIC_ANALYTIC_EMBEDDING,False,False
P:667,N,PARENT_HBN,PARENT,3.448,4.87,4.537,STATIC_ANALYTIC_EMBEDDING,False,False
P:668,B,PARENT_HBN,PARENT,3.21,4.793,4.393,STATIC_ANALYTIC_EMBEDDING,False,False
P:669,N,PARENT_HBN,PARENT,3.21,4.793,4.537,STATIC_ANALYTIC_EMBEDDING,False,False
P:67,N,PARENT_HBN,PARENT,4.588,4.5,2.362,STATIC_ANALYTIC_EMBEDDING,False,False
P:670,B,PARENT_HBN,PARENT,2.992,4.667,4.393,STATIC_ANALYTIC_EMBEDDING,False,False
P:671,N,PARENT_HBN,PARENT,2.992,4.667,4.537,STATIC_ANALYTIC_EMBEDDING,False,False
P:672,B,PARENT_HBN,PARENT,2.806,4.5,4.393,STATIC_ANALYTIC_EMBEDDING,False,False
P:673,N,PARENT_HBN,PARENT,2.806,4.5,4.537,STATIC_ANALYTIC_EMBEDDING,False,False
P:674,B,PARENT_HBN,PARENT,2.659,4.297,4.393,STATIC_ANALYTIC_EMBEDDING,False,False
P:675,N,PARENT_HBN,PARENT,2.659,4.297,4.537,STATIC_ANALYTIC_EMBEDDING,False,False
P:676,B,PARENT_HBN,PARENT,2.557,4.068,4.393,STATIC_ANALYTIC_EMBEDDING,False,False
P:677,N,PARENT_HBN,PARENT,2.557,4.068,4.537,STATIC_ANALYTIC_EMBEDDING,False,False
P:678,B,PARENT_HBN,PARENT,2.505,3.823,4.393,STATIC_ANALYTIC_EMBEDDING,False,False
P:679,N,PARENT_HBN,PARENT,2.505,3.823,4.537,STATIC_ANALYTIC_EMBEDDING,False,False
P:68,B,PARENT_HBN,PARENT,4.402,4.667,2.217,STATIC_ANALYTIC_EMBEDDING,False,False
P:680,B,PARENT_HBN,PARENT,2.505,3.572,4.393,STATIC_ANALYTIC_EMBEDDING,False,False
P:681,N,PARENT_HBN,PARENT,2.505,3.572,4.537,STATIC_ANALYTIC_EMBEDDING,False,False
P:682,B,PARENT_HBN,PARENT,2.557,3.327,4.393,STATIC_ANALYTIC_EMBEDDING,False,False
P:683,N,PARENT_HBN,PARENT,2.557,3.327,4.537,STATIC_ANALYTIC_EMBEDDING,False,False
P:684,B,PARENT_HBN,PARENT,2.659,3.098,4.393,STATIC_ANALYTIC_EMBEDDING,False,False
P:685,N,PARENT_HBN,PARENT,2.659,3.098,4.537,STATIC_ANALYTIC_EMBEDDING,False,False
P:686,B,PARENT_HBN,PARENT,2.806,2.895,4.393,STATIC_ANALYTIC_EMBEDDING,False,False
P:687,N,PARENT_HBN,PARENT,2.806,2.895,4.537,STATIC_ANALYTIC_EMBEDDING,False,False
P:688,B,PARENT_HBN,PARENT,2.992,2.727,4.393,STATIC_ANALYTIC_EMBEDDING,False,False
P:689,N,PARENT_HBN,PARENT,2.992,2.727,4.537,STATIC_ANALYTIC_EMBEDDING,False,False
P:69,N,PARENT_HBN,PARENT,4.402,4.667,2.362,STATIC_ANALYTIC_EMBEDDING,False,False
P:690,B,PARENT_HBN,PARENT,3.21,2.602,4.393,STATIC_ANALYTIC_EMBEDDING,False,False
P:691,N,PARENT_HBN,PARENT,3.21,2.602,4.537,STATIC_ANALYTIC_EMBEDDING,False,False
P:692,B,PARENT_HBN,PARENT,3.448,2.524,4.393,STATIC_ANALYTIC_EMBEDDING,False,False
P:693,N,PARENT_HBN,PARENT,3.448,2.524,4.537,STATIC_ANALYTIC_EMBEDDING,False,False
P:694,B,PARENT_HBN,PARENT,3.697,2.498,4.393,STATIC_ANALYTIC_EMBEDDING,False,False
P:695,N,PARENT_HBN,PARENT,3.697,2.498,4.537,STATIC_ANALYTIC_EMBEDDING,False,False
P:696,B,PARENT_HBN,PARENT,3.947,2.524,4.393,STATIC_ANALYTIC_EMBEDDING,False,False
P:697,N,PARENT_HBN,PARENT,3.947,2.524,4.537,STATIC_ANALYTIC_EMBEDDING,False,False
P:698,B,PARENT_HBN,PARENT,4.185,2.602,4.393,STATIC_ANALYTIC_EMBEDDING,False,False
P:699,N,PARENT_HBN,PARENT,4.185,2.602,4.537,STATIC_ANALYTIC_EMBEDDING,False,False
P:7,N,PARENT_HBN,PARENT,4.667,4.402,2.145,STATIC_ANALYTIC_EMBEDDING,False,False
P:70,B,PARENT_HBN,PARENT,4.185,4.793,2.217,STATIC_ANALYTIC_EMBEDDING,False,False
P:700,B,PARENT_HBN,PARENT,4.402,2.727,4.393,STATIC_ANALYTIC_EMBEDDING,False,False
P:701,N,PARENT_HBN,PARENT,4.402,2.727,4.537,STATIC_ANALYTIC_EMBEDDING,False,False
P:702,B,PARENT_HBN,PARENT,4.588,2.895,4.393,STATIC_ANALYTIC_EMBEDDING,False,False
P:703,N,PARENT_HBN,PARENT,4.588,2.895,4.537,STATIC_ANALYTIC_EMBEDDING,False,False
P:704,B,PARENT_HBN,PARENT,4.736,3.098,4.393,STATIC_ANALYTIC_EMBEDDING,False,False
P:705,N,PARENT_HBN,PARENT,4.736,3.098,4.537,STATIC_ANALYTIC_EMBEDDING,False,False
P:706,B,PARENT_HBN,PARENT,4.838,3.327,4.393,STATIC_ANALYTIC_EMBEDDING,False,False
P:707,N,PARENT_HBN,PARENT,4.838,3.327,4.537,STATIC_ANALYTIC_EMBEDDING,False,False
P:708,B,PARENT_HBN,PARENT,4.89,3.572,4.393,STATIC_ANALYTIC_EMBEDDING,False,False
P:709,N,PARENT_HBN,PARENT,4.89,3.572,4.537,STATIC_ANALYTIC_EMBEDDING,False,False
P:71,N,PARENT_HBN,PARENT,4.185,4.793,2.362,STATIC_ANALYTIC_EMBEDDING,False,False
P:710,B,PARENT_HBN,PARENT,4.89,3.823,4.393,STATIC_ANALYTIC_EMBEDDING,False,False
P:711,N,PARENT_HBN,PARENT,4.89,3.823,4.537,STATIC_ANALYTIC_EMBEDDING,False,False
P:712,B,PARENT_HBN,PARENT,4.838,4.068,4.393,STATIC_ANALYTIC_EMBEDDING,False,False
P:713,N,PARENT_HBN,PARENT,4.838,4.068,4.537,STATIC_ANALYTIC_EMBEDDING,False,False
P:714,B,PARENT_HBN,PARENT,4.736,4.297,4.393,STATIC_ANALYTIC_EMBEDDING,False,False
P:715,N,PARENT_HBN,PARENT,4.736,4.297,4.537,STATIC_ANALYTIC_EMBEDDING,False,False
P:716,B,PARENT_HBN,PARENT,4.588,4.5,4.393,STATIC_ANALYTIC_EMBEDDING,False,False
P:717,N,PARENT_HBN,PARENT,4.588,4.5,4.537,STATIC_ANALYTIC_EMBEDDING,False,False
P:718,B,PARENT_HBN,PARENT,4.402,4.667,4.393,STATIC_ANALYTIC_EMBEDDING,False,False
P:719,N,PARENT_HBN,PARENT,4.402,4.667,4.537,STATIC_ANALYTIC_EMBEDDING,False,False
P:72,B,PARENT_HBN,PARENT,3.947,4.87,2.217,STATIC_ANALYTIC_EMBEDDING,False,False
P:720,B,PARENT_HBN,PARENT,4.068,4.838,4.61,STATIC_ANALYTIC_EMBEDDING,False,False
P:721,N,PARENT_HBN,PARENT,4.068,4.838,4.755,STATIC_ANALYTIC_EMBEDDING,False,False
P:722,B,PARENT_HBN,PARENT,3.823,4.89,4.61,STATIC_ANALYTIC_EMBEDDING,False,False
P:723,N,PARENT_HBN,PARENT,3.823,4.89,4.755,STATIC_ANALYTIC_EMBEDDING,False,False
P:724,B,PARENT_HBN,PARENT,3.572,4.89,4.61,STATIC_ANALYTIC_EMBEDDING,False,False
P:725,N,PARENT_HBN,PARENT,3.572,4.89,4.755,STATIC_ANALYTIC_EMBEDDING,False,False
P:726,B,PARENT_HBN,PARENT,3.327,4.838,4.61,STATIC_ANALYTIC_EMBEDDING,False,False
P:727,N,PARENT_HBN,PARENT,3.327,4.838,4.755,STATIC_ANALYTIC_EMBEDDING,False,False
P:728,B,PARENT_HBN,PARENT,3.098,4.736,4.61,STATIC_ANALYTIC_EMBEDDING,False,False
P:729,N,PARENT_HBN,PARENT,3.098,4.736,4.755,STATIC_ANALYTIC_EMBEDDING,False,False
P:73,N,PARENT_HBN,PARENT,3.947,4.87,2.362,STATIC_ANALYTIC_EMBEDDING,False,False
P:730,B,PARENT_HBN,PARENT,2.895,4.588,4.61,STATIC_ANALYTIC_EMBEDDING,False,False
P:731,N,PARENT_HBN,PARENT,2.895,4.588,4.755,STATIC_ANALYTIC_EMBEDDING,False,False
P:732,B,PARENT_HBN,PARENT,2.727,4.402,4.61,STATIC_ANALYTIC_EMBEDDING,False,False
P:733,N,PARENT_HBN,PARENT,2.727,4.402,4.755,STATIC_ANALYTIC_EMBEDDING,False,False
P:734,B,PARENT_HBN,PARENT,2.602,4.185,4.61,STATIC_ANALYTIC_EMBEDDING,False,False
P:735,N,PARENT_HBN,PARENT,2.602,4.185,4.755,STATIC_ANALYTIC_EMBEDDING,False,False
P:736,B,PARENT_HBN,PARENT,2.524,3.947,4.61,STATIC_ANALYTIC_EMBEDDING,False,False
P:737,N,PARENT_HBN,PARENT,2.524,3.947,4.755,STATIC_ANALYTIC_EMBEDDING,False,False
P:738,B,PARENT_HBN,PARENT,2.498,3.697,4.61,STATIC_ANALYTIC_EMBEDDING,False,False
P:739,N,PARENT_HBN,PARENT,2.498,3.697,4.755,STATIC_ANALYTIC_EMBEDDING,False,False
P:74,B,PARENT_HBN,PARENT,3.697,4.896,2.217,STATIC_ANALYTIC_EMBEDDING,False,False
P:740,B,PARENT_HBN,PARENT,2.524,3.448,4.61,STATIC_ANALYTIC_EMBEDDING,False,False
P:741,N,PARENT_HBN,PARENT,2.524,3.448,4.755,STATIC_ANALYTIC_EMBEDDING,False,False
P:742,B,PARENT_HBN,PARENT,2.602,3.21,4.61,STATIC_ANALYTIC_EMBEDDING,False,False
P:743,N,PARENT_HBN,PARENT,2.602,3.21,4.755,STATIC_ANALYTIC_EMBEDDING,False,False
P:744,B,PARENT_HBN,PARENT,2.727,2.992,4.61,STATIC_ANALYTIC_EMBEDDING,False,False
P:745,N,PARENT_HBN,PARENT,2.727,2.992,4.755,STATIC_ANALYTIC_EMBEDDING,False,False
P:746,B,PARENT_HBN,PARENT,2.895,2.806,4.61,STATIC_ANALYTIC_EMBEDDING,False,False
P:747,N,PARENT_HBN,PARENT,2.895,2.806,4.755,STATIC_ANALYTIC_EMBEDDING,False,False
P:748,B,PARENT_HBN,PARENT,3.098,2.659,4.61,STATIC_ANALYTIC_EMBEDDING,False,False
P:749,N,PARENT_HBN,PARENT,3.098,2.659,4.755,STATIC_ANALYTIC_EMBEDDING,False,False
P:75,N,PARENT_HBN,PARENT,3.697,4.896,2.362,STATIC_ANALYTIC_EMBEDDING,False,False
P:750,B,PARENT_HBN,PARENT,3.327,2.557,4.61,STATIC_ANALYTIC_EMBEDDING,False,False
P:751,N,PARENT_HBN,PARENT,3.327,2.557,4.755,STATIC_ANALYTIC_EMBEDDING,False,False
P:752,B,PARENT_HBN,PARENT,3.572,2.505,4.61,STATIC_ANALYTIC_EMBEDDING,False,False
P:753,N,PARENT_HBN,PARENT,3.572,2.505,4.755,STATIC_ANALYTIC_EMBEDDING,False,False
P:754,B,PARENT_HBN,PARENT,3.823,2.505,4.61,STATIC_ANALYTIC_EMBEDDING,False,False
P:755,N,PARENT_HBN,PARENT,3.823,2.505,4.755,STATIC_ANALYTIC_EMBEDDING,False,False
P:756,B,PARENT_HBN,PARENT,4.068,2.557,4.61,STATIC_ANALYTIC_EMBEDDING,False,False
P:757,N,PARENT_HBN,PARENT,4.068,2.557,4.755,STATIC_ANALYTIC_EMBEDDING,False,False
P:758,B,PARENT_HBN,PARENT,4.297,2.659,4.61,STATIC_ANALYTIC_EMBEDDING,False,False
P:759,N,PARENT_HBN,PARENT,4.297,2.659,4.755,STATIC_ANALYTIC_EMBEDDING,False,False
P:76,B,PARENT_HBN,PARENT,3.448,4.87,2.217,STATIC_ANALYTIC_EMBEDDING,False,False
P:760,B,PARENT_HBN,PARENT,4.5,2.806,4.61,STATIC_ANALYTIC_EMBEDDING,False,False
P:761,N,PARENT_HBN,PARENT,4.5,2.806,4.755,STATIC_ANALYTIC_EMBEDDING,False,False
P:762,B,PARENT_HBN,PARENT,4.667,2.992,4.61,STATIC_ANALYTIC_EMBEDDING,False,False
P:763,N,PARENT_HBN,PARENT,4.667,2.992,4.755,STATIC_ANALYTIC_EMBEDDING,False,False
P:764,B,PARENT_HBN,PARENT,4.793,3.21,4.61,STATIC_ANALYTIC_EMBEDDING,False,False
P:765,N,PARENT_HBN,PARENT,4.793,3.21,4.755,STATIC_ANALYTIC_EMBEDDING,False,False
P:766,B,PARENT_HBN,PARENT,4.87,3.448,4.61,STATIC_ANALYTIC_EMBEDDING,False,False
P:767,N,PARENT_HBN,PARENT,4.87,3.448,4.755,STATIC_ANALYTIC_EMBEDDING,False,False
P:768,B,PARENT_HBN,PARENT,4.896,3.697,4.61,STATIC_ANALYTIC_EMBEDDING,False,False
P:769,N,PARENT_HBN,PARENT,4.896,3.697,4.755,STATIC_ANALYTIC_EMBEDDING,False,False
P:77,N,PARENT_HBN,PARENT,3.448,4.87,2.362,STATIC_ANALYTIC_EMBEDDING,False,False
P:770,B,PARENT_HBN,PARENT,4.87,3.947,4.61,STATIC_ANALYTIC_EMBEDDING,False,False
P:771,N,PARENT_HBN,PARENT,4.87,3.947,4.755,STATIC_ANALYTIC_EMBEDDING,False,False
P:772,B,PARENT_HBN,PARENT,4.793,4.185,4.61,STATIC_ANALYTIC_EMBEDDING,False,False
P:773,N,PARENT_HBN,PARENT,4.793,4.185,4.755,STATIC_ANALYTIC_EMBEDDING,False,False
P:774,B,PARENT_HBN,PARENT,4.667,4.402,4.61,STATIC_ANALYTIC_EMBEDDING,False,False
P:775,N,PARENT_HBN,PARENT,4.667,4.402,4.755,STATIC_ANALYTIC_EMBEDDING,False,False
P:776,B,PARENT_HBN,PARENT,4.5,4.588,4.61,STATIC_ANALYTIC_EMBEDDING,False,False
P:777,N,PARENT_HBN,PARENT,4.5,4.588,4.755,STATIC_ANALYTIC_EMBEDDING,False,False
P:778,B,PARENT_HBN,PARENT,4.297,4.736,4.61,STATIC_ANALYTIC_EMBEDDING,False,False
P:779,N,PARENT_HBN,PARENT,4.297,4.736,4.755,STATIC_ANALYTIC_EMBEDDING,False,False
P:78,B,PARENT_HBN,PARENT,3.21,4.793,2.217,STATIC_ANALYTIC_EMBEDDING,False,False
P:780,B,PARENT_HBN,PARENT,3.947,4.87,4.827,STATIC_ANALYTIC_EMBEDDING,False,False
P:781,N,PARENT_HBN,PARENT,3.947,4.87,4.973,STATIC_ANALYTIC_EMBEDDING,False,False
P:782,B,PARENT_HBN,PARENT,3.697,4.896,4.827,STATIC_ANALYTIC_EMBEDDING,False,False
P:783,N,PARENT_HBN,PARENT,3.697,4.896,4.973,STATIC_ANALYTIC_EMBEDDING,False,False
P:784,B,PARENT_HBN,PARENT,3.448,4.87,4.827,STATIC_ANALYTIC_EMBEDDING,False,False
P:785,N,PARENT_HBN,PARENT,3.448,4.87,4.973,STATIC_ANALYTIC_EMBEDDING,False,False
P:786,B,PARENT_HBN,PARENT,3.21,4.793,4.827,STATIC_ANALYTIC_EMBEDDING,False,False
P:787,N,PARENT_HBN,PARENT,3.21,4.793,4.973,STATIC_ANALYTIC_EMBEDDING,False,False
P:788,B,PARENT_HBN,PARENT,2.992,4.667,4.827,STATIC_ANALYTIC_EMBEDDING,False,False
P:789,N,PARENT_HBN,PARENT,2.992,4.667,4.973,STATIC_ANALYTIC_EMBEDDING,False,False
P:79,N,PARENT_HBN,PARENT,3.21,4.793,2.362,STATIC_ANALYTIC_EMBEDDING,False,False
P:790,B,PARENT_HBN,PARENT,2.806,4.5,4.827,STATIC_ANALYTIC_EMBEDDING,False,False
P:791,N,PARENT_HBN,PARENT,2.806,4.5,4.973,STATIC_ANALYTIC_EMBEDDING,False,False
P:792,B,PARENT_HBN,PARENT,2.659,4.297,4.827,STATIC_ANALYTIC_EMBEDDING,False,False
P:793,N,PARENT_HBN,PARENT,2.659,4.297,4.973,STATIC_ANALYTIC_EMBEDDING,False,False
P:794,B,PARENT_HBN,PARENT,2.557,4.068,4.827,STATIC_ANALYTIC_EMBEDDING,False,False
P:795,N,PARENT_HBN,PARENT,2.557,4.068,4.973,STATIC_ANALYTIC_EMBEDDING,False,False
P:796,B,PARENT_HBN,PARENT,2.505,3.823,4.827,STATIC_ANALYTIC_EMBEDDING,False,False
P:797,N,PARENT_HBN,PARENT,2.505,3.823,4.973,STATIC_ANALYTIC_EMBEDDING,False,False
P:798,B,PARENT_HBN,PARENT,2.505,3.572,4.827,STATIC_ANALYTIC_EMBEDDING,False,False
P:799,N,PARENT_HBN,PARENT,2.505,3.572,4.973,STATIC_ANALYTIC_EMBEDDING,False,False
P:8,B,PARENT_HBN,PARENT,4.5,4.588,2.0,STATIC_ANALYTIC_EMBEDDING,False,False
P:80,B,PARENT_HBN,PARENT,2.992,4.667,2.217,STATIC_ANALYTIC_EMBEDDING,False,False
P:800,B,PARENT_HBN,PARENT,2.557,3.327,4.827,STATIC_ANALYTIC_EMBEDDING,False,False
P:801,N,PARENT_HBN,PARENT,2.557,3.327,4.973,STATIC_ANALYTIC_EMBEDDING,False,False
P:802,B,PARENT_HBN,PARENT,2.659,3.098,4.827,STATIC_ANALYTIC_EMBEDDING,False,False
P:803,N,PARENT_HBN,PARENT,2.659,3.098,4.973,STATIC_ANALYTIC_EMBEDDING,False,False
P:804,B,PARENT_HBN,PARENT,2.806,2.895,4.827,STATIC_ANALYTIC_EMBEDDING,False,False
P:805,N,PARENT_HBN,PARENT,2.806,2.895,4.973,STATIC_ANALYTIC_EMBEDDING,False,False
P:806,B,PARENT_HBN,PARENT,2.992,2.727,4.827,STATIC_ANALYTIC_EMBEDDING,False,False
P:807,N,PARENT_HBN,PARENT,2.992,2.727,4.973,STATIC_ANALYTIC_EMBEDDING,False,False
P:808,B,PARENT_HBN,PARENT,3.21,2.602,4.827,STATIC_ANALYTIC_EMBEDDING,False,False
P:809,N,PARENT_HBN,PARENT,3.21,2.602,4.973,STATIC_ANALYTIC_EMBEDDING,False,False
P:81,N,PARENT_HBN,PARENT,2.992,4.667,2.362,STATIC_ANALYTIC_EMBEDDING,False,False
P:810,B,PARENT_HBN,PARENT,3.448,2.524,4.827,STATIC_ANALYTIC_EMBEDDING,False,False
P:811,N,PARENT_HBN,PARENT,3.448,2.524,4.973,STATIC_ANALYTIC_EMBEDDING,False,False
P:812,B,PARENT_HBN,PARENT,3.697,2.498,4.827,STATIC_ANALYTIC_EMBEDDING,False,False
P:813,N,PARENT_HBN,PARENT,3.697,2.498,4.973,STATIC_ANALYTIC_EMBEDDING,False,False
P:814,B,PARENT_HBN,PARENT,3.947,2.524,4.827,STATIC_ANALYTIC_EMBEDDING,False,False
P:815,N,PARENT_HBN,PARENT,3.947,2.524,4.973,STATIC_ANALYTIC_EMBEDDING,False,False
P:816,B,PARENT_HBN,PARENT,4.185,2.602,4.827,STATIC_ANALYTIC_EMBEDDING,False,False
P:817,N,PARENT_HBN,PARENT,4.185,2.602,4.973,STATIC_ANALYTIC_EMBEDDING,False,False
P:818,B,PARENT_HBN,PARENT,4.402,2.727,4.827,STATIC_ANALYTIC_EMBEDDING,False,False
P:819,N,PARENT_HBN,PARENT,4.402,2.727,4.973,STATIC_ANALYTIC_EMBEDDING,False,False
P:82,B,PARENT_HBN,PARENT,2.806,4.5,2.217,STATIC_ANALYTIC_EMBEDDING,False,False
P:820,B,PARENT_HBN,PARENT,4.588,2.895,4.827,STATIC_ANALYTIC_EMBEDDING,False,False
P:821,N,PARENT_HBN,PARENT,4.588,2.895,4.973,STATIC_ANALYTIC_EMBEDDING,False,False
P:822,B,PARENT_HBN,PARENT,4.736,3.098,4.827,STATIC_ANALYTIC_EMBEDDING,False,False
P:823,N,PARENT_HBN,PARENT,4.736,3.098,4.973,STATIC_ANALYTIC_EMBEDDING,False,False
P:824,B,PARENT_HBN,PARENT,4.838,3.327,4.827,STATIC_ANALYTIC_EMBEDDING,False,False
P:825,N,PARENT_HBN,PARENT,4.838,3.327,4.973,STATIC_ANALYTIC_EMBEDDING,False,False
P:826,B,PARENT_HBN,PARENT,4.89,3.572,4.827,STATIC_ANALYTIC_EMBEDDING,False,False
P:827,N,PARENT_HBN,PARENT,4.89,3.572,4.973,STATIC_ANALYTIC_EMBEDDING,False,False
P:828,B,PARENT_HBN,PARENT,4.89,3.823,4.827,STATIC_ANALYTIC_EMBEDDING,False,False
P:829,N,PARENT_HBN,PARENT,4.89,3.823,4.973,STATIC_ANALYTIC_EMBEDDING,False,False
P:83,N,PARENT_HBN,PARENT,2.806,4.5,2.362,STATIC_ANALYTIC_EMBEDDING,False,False
P:830,B,PARENT_HBN,PARENT,4.838,4.068,4.827,STATIC_ANALYTIC_EMBEDDING,False,False
P:831,N,PARENT_HBN,PARENT,4.838,4.068,4.973,STATIC_ANALYTIC_EMBEDDING,False,False
P:832,B,PARENT_HBN,PARENT,4.736,4.297,4.827,STATIC_ANALYTIC_EMBEDDING,False,False
P:833,N,PARENT_HBN,PARENT,4.736,4.297,4.973,STATIC_ANALYTIC_EMBEDDING,False,False
P:834,B,PARENT_HBN,PARENT,4.588,4.5,4.827,STATIC_ANALYTIC_EMBEDDING,False,False
P:835,N,PARENT_HBN,PARENT,4.588,4.5,4.973,STATIC_ANALYTIC_EMBEDDING,False,False
P:836,B,PARENT_HBN,PARENT,4.402,4.667,4.827,STATIC_ANALYTIC_EMBEDDING,False,False
P:837,N,PARENT_HBN,PARENT,4.402,4.667,4.973,STATIC_ANALYTIC_EMBEDDING,False,False
P:838,B,PARENT_HBN,PARENT,4.185,4.793,4.827,STATIC_ANALYTIC_EMBEDDING,False,False
P:839,N,PARENT_HBN,PARENT,4.185,4.793,4.973,STATIC_ANALYTIC_EMBEDDING,False,False
P:84,B,PARENT_HBN,PARENT,2.659,4.297,2.217,STATIC_ANALYTIC_EMBEDDING,False,False
P:840,B,PARENT_HBN,PARENT,3.823,4.89,5.045,STATIC_ANALYTIC_EMBEDDING,False,False
P:841,N,PARENT_HBN,PARENT,3.823,4.89,5.19,STATIC_ANALYTIC_EMBEDDING,False,False
P:842,B,PARENT_HBN,PARENT,3.572,4.89,5.045,STATIC_ANALYTIC_EMBEDDING,False,False
P:843,N,PARENT_HBN,PARENT,3.572,4.89,5.19,STATIC_ANALYTIC_EMBEDDING,False,False
P:844,B,PARENT_HBN,PARENT,3.327,4.838,5.045,STATIC_ANALYTIC_EMBEDDING,False,False
P:845,N,PARENT_HBN,PARENT,3.327,4.838,5.19,STATIC_ANALYTIC_EMBEDDING,False,False
P:846,B,PARENT_HBN,PARENT,3.098,4.736,5.045,STATIC_ANALYTIC_EMBEDDING,False,False
P:847,N,PARENT_HBN,PARENT,3.098,4.736,5.19,STATIC_ANALYTIC_EMBEDDING,False,False
P:848,B,PARENT_HBN,PARENT,2.895,4.588,5.045,STATIC_ANALYTIC_EMBEDDING,False,False
P:849,N,PARENT_HBN,PARENT,2.895,4.588,5.19,STATIC_ANALYTIC_EMBEDDING,False,False
P:85,N,PARENT_HBN,PARENT,2.659,4.297,2.362,STATIC_ANALYTIC_EMBEDDING,False,False
P:850,B,PARENT_HBN,PARENT,2.727,4.402,5.045,STATIC_ANALYTIC_EMBEDDING,False,False
P:851,N,PARENT_HBN,PARENT,2.727,4.402,5.19,STATIC_ANALYTIC_EMBEDDING,False,False
P:852,B,PARENT_HBN,PARENT,2.602,4.185,5.045,STATIC_ANALYTIC_EMBEDDING,False,False
P:853,N,PARENT_HBN,PARENT,2.602,4.185,5.19,STATIC_ANALYTIC_EMBEDDING,False,False
P:854,B,PARENT_HBN,PARENT,2.524,3.947,5.045,STATIC_ANALYTIC_EMBEDDING,False,False
P:855,N,PARENT_HBN,PARENT,2.524,3.947,5.19,STATIC_ANALYTIC_EMBEDDING,False,False
P:856,B,PARENT_HBN,PARENT,2.498,3.697,5.045,STATIC_ANALYTIC_EMBEDDING,False,False
P:857,N,PARENT_HBN,PARENT,2.498,3.697,5.19,STATIC_ANALYTIC_EMBEDDING,False,False
P:858,B,PARENT_HBN,PARENT,2.524,3.448,5.045,STATIC_ANALYTIC_EMBEDDING,False,False
P:859,N,PARENT_HBN,PARENT,2.524,3.448,5.19,STATIC_ANALYTIC_EMBEDDING,False,False
P:86,B,PARENT_HBN,PARENT,2.557,4.068,2.217,STATIC_ANALYTIC_EMBEDDING,False,False
P:860,B,PARENT_HBN,PARENT,2.602,3.21,5.045,STATIC_ANALYTIC_EMBEDDING,False,False
P:861,N,PARENT_HBN,PARENT,2.602,3.21,5.19,STATIC_ANALYTIC_EMBEDDING,False,False
P:862,B,PARENT_HBN,PARENT,2.727,2.992,5.045,STATIC_ANALYTIC_EMBEDDING,False,False
P:863,N,PARENT_HBN,PARENT,2.727,2.992,5.19,STATIC_ANALYTIC_EMBEDDING,False,False
P:864,B,PARENT_HBN,PARENT,2.895,2.806,5.045,STATIC_ANALYTIC_EMBEDDING,False,False
P:865,N,PARENT_HBN,PARENT,2.895,2.806,5.19,STATIC_ANALYTIC_EMBEDDING,False,False
P:866,B,PARENT_HBN,PARENT,3.098,2.659,5.045,STATIC_ANALYTIC_EMBEDDING,False,False
P:867,N,PARENT_HBN,PARENT,3.098,2.659,5.19,STATIC_ANALYTIC_EMBEDDING,False,False
P:868,B,PARENT_HBN,PARENT,3.327,2.557,5.045,STATIC_ANALYTIC_EMBEDDING,False,False
P:869,N,PARENT_HBN,PARENT,3.327,2.557,5.19,STATIC_ANALYTIC_EMBEDDING,False,False
P:87,N,PARENT_HBN,PARENT,2.557,4.068,2.362,STATIC_ANALYTIC_EMBEDDING,False,False
P:870,B,PARENT_HBN,PARENT,3.572,2.505,5.045,STATIC_ANALYTIC_EMBEDDING,False,False
P:871,N,PARENT_HBN,PARENT,3.572,2.505,5.19,STATIC_ANALYTIC_EMBEDDING,False,False
P:872,B,PARENT_HBN,PARENT,3.823,2.505,5.045,STATIC_ANALYTIC_EMBEDDING,False,False
P:873,N,PARENT_HBN,PARENT,3.823,2.505,5.19,STATIC_ANALYTIC_EMBEDDING,False,False
P:874,B,PARENT_HBN,PARENT,4.068,2.557,5.045,STATIC_ANALYTIC_EMBEDDING,False,False
P:875,N,PARENT_HBN,PARENT,4.068,2.557,5.19,STATIC_ANALYTIC_EMBEDDING,False,False
P:876,B,PARENT_HBN,PARENT,4.297,2.659,5.045,STATIC_ANALYTIC_EMBEDDING,False,False
P:877,N,PARENT_HBN,PARENT,4.297,2.659,5.19,STATIC_ANALYTIC_EMBEDDING,False,False
P:878,B,PARENT_HBN,PARENT,4.5,2.806,5.045,STATIC_ANALYTIC_EMBEDDING,False,False
P:879,N,PARENT_HBN,PARENT,4.5,2.806,5.19,STATIC_ANALYTIC_EMBEDDING,False,False
P:88,B,PARENT_HBN,PARENT,2.505,3.823,2.217,STATIC_ANALYTIC_EMBEDDING,False,False
P:880,B,PARENT_HBN,PARENT,4.667,2.992,5.045,STATIC_ANALYTIC_EMBEDDING,False,False
P:881,N,PARENT_HBN,PARENT,4.667,2.992,5.19,STATIC_ANALYTIC_EMBEDDING,False,False
P:882,B,PARENT_HBN,PARENT,4.793,3.21,5.045,STATIC_ANALYTIC_EMBEDDING,False,False
P:883,N,PARENT_HBN,PARENT,4.793,3.21,5.19,STATIC_ANALYTIC_EMBEDDING,False,False
P:884,B,PARENT_HBN,PARENT,4.87,3.448,5.045,STATIC_ANALYTIC_EMBEDDING,False,False
P:885,N,PARENT_HBN,PARENT,4.87,3.448,5.19,STATIC_ANALYTIC_EMBEDDING,False,False
P:886,B,PARENT_HBN,PARENT,4.896,3.697,5.045,STATIC_ANALYTIC_EMBEDDING,False,False
P:887,N,PARENT_HBN,PARENT,4.896,3.697,5.19,STATIC_ANALYTIC_EMBEDDING,False,False
P:888,B,PARENT_HBN,PARENT,4.87,3.947,5.045,STATIC_ANALYTIC_EMBEDDING,False,False
P:889,N,PARENT_HBN,PARENT,4.87,3.947,5.19,STATIC_ANALYTIC_EMBEDDING,False,False
P:89,N,PARENT_HBN,PARENT,2.505,3.823,2.362,STATIC_ANALYTIC_EMBEDDING,False,False
P:890,B,PARENT_HBN,PARENT,4.793,4.185,5.045,STATIC_ANALYTIC_EMBEDDING,False,False
P:891,N,PARENT_HBN,PARENT,4.793,4.185,5.19,STATIC_ANALYTIC_EMBEDDING,False,False
P:892,B,PARENT_HBN,PARENT,4.667,4.402,5.045,STATIC_ANALYTIC_EMBEDDING,False,False
P:893,N,PARENT_HBN,PARENT,4.667,4.402,5.19,STATIC_ANALYTIC_EMBEDDING,False,False
P:894,B,PARENT_HBN,PARENT,4.5,4.588,5.045,STATIC_ANALYTIC_EMBEDDING,False,False
P:895,N,PARENT_HBN,PARENT,4.5,4.588,5.19,STATIC_ANALYTIC_EMBEDDING,False,False
P:896,B,PARENT_HBN,PARENT,4.297,4.736,5.045,STATIC_ANALYTIC_EMBEDDING,False,False
P:897,N,PARENT_HBN,PARENT,4.297,4.736,5.19,STATIC_ANALYTIC_EMBEDDING,False,False
P:898,B,PARENT_HBN,PARENT,4.068,4.838,5.045,STATIC_ANALYTIC_EMBEDDING,False,False
P:899,N,PARENT_HBN,PARENT,4.068,4.838,5.19,STATIC_ANALYTIC_EMBEDDING,False,False
P:9,N,PARENT_HBN,PARENT,4.5,4.588,2.145,STATIC_ANALYTIC_EMBEDDING,False,False
P:90,B,PARENT_HBN,PARENT,2.505,3.572,2.217,STATIC_ANALYTIC_EMBEDDING,False,False
P:900,B,PARENT_HBN,PARENT,3.697,4.896,5.263,STATIC_ANALYTIC_EMBEDDING,False,False
P:901,N,PARENT_HBN,PARENT,3.697,4.896,5.408,STATIC_ANALYTIC_EMBEDDING,False,False
P:902,B,PARENT_HBN,PARENT,3.448,4.87,5.263,STATIC_ANALYTIC_EMBEDDING,False,False
P:903,N,PARENT_HBN,PARENT,3.448,4.87,5.408,STATIC_ANALYTIC_EMBEDDING,False,False
P:904,B,PARENT_HBN,PARENT,3.21,4.793,5.263,STATIC_ANALYTIC_EMBEDDING,False,False
P:905,N,PARENT_HBN,PARENT,3.21,4.793,5.408,STATIC_ANALYTIC_EMBEDDING,False,False
P:906,B,PARENT_HBN,PARENT,2.992,4.667,5.263,STATIC_ANALYTIC_EMBEDDING,False,False
P:907,N,PARENT_HBN,PARENT,2.992,4.667,5.408,STATIC_ANALYTIC_EMBEDDING,False,False
P:908,B,PARENT_HBN,PARENT,2.806,4.5,5.263,STATIC_ANALYTIC_EMBEDDING,False,False
P:909,N,PARENT_HBN,PARENT,2.806,4.5,5.408,STATIC_ANALYTIC_EMBEDDING,False,False
P:91,N,PARENT_HBN,PARENT,2.505,3.572,2.362,STATIC_ANALYTIC_EMBEDDING,False,False
P:910,B,PARENT_HBN,PARENT,2.659,4.297,5.263,STATIC_ANALYTIC_EMBEDDING,False,False
P:911,N,PARENT_HBN,PARENT,2.659,4.297,5.408,STATIC_ANALYTIC_EMBEDDING,False,False
P:912,B,PARENT_HBN,PARENT,2.557,4.068,5.263,STATIC_ANALYTIC_EMBEDDING,False,False
P:913,N,PARENT_HBN,PARENT,2.557,4.068,5.408,STATIC_ANALYTIC_EMBEDDING,False,False
P:914,B,PARENT_HBN,PARENT,2.505,3.823,5.263,STATIC_ANALYTIC_EMBEDDING,False,False
P:915,N,PARENT_HBN,PARENT,2.505,3.823,5.408,STATIC_ANALYTIC_EMBEDDING,False,False
P:916,B,PARENT_HBN,PARENT,2.505,3.572,5.263,STATIC_ANALYTIC_EMBEDDING,False,False
P:917,N,PARENT_HBN,PARENT,2.505,3.572,5.408,STATIC_ANALYTIC_EMBEDDING,False,False
P:918,B,PARENT_HBN,PARENT,2.557,3.327,5.263,STATIC_ANALYTIC_EMBEDDING,False,False
P:919,N,PARENT_HBN,PARENT,2.557,3.327,5.408,STATIC_ANALYTIC_EMBEDDING,False,False
P:92,B,PARENT_HBN,PARENT,2.557,3.327,2.217,STATIC_ANALYTIC_EMBEDDING,False,False
P:920,B,PARENT_HBN,PARENT,2.659,3.098,5.263,STATIC_ANALYTIC_EMBEDDING,False,False
P:921,N,PARENT_HBN,PARENT,2.659,3.098,5.408,STATIC_ANALYTIC_EMBEDDING,False,False
P:922,B,PARENT_HBN,PARENT,2.806,2.895,5.263,STATIC_ANALYTIC_EMBEDDING,False,False
P:923,N,PARENT_HBN,PARENT,2.806,2.895,5.408,STATIC_ANALYTIC_EMBEDDING,False,False
P:924,B,PARENT_HBN,PARENT,2.992,2.727,5.263,STATIC_ANALYTIC_EMBEDDING,False,False
P:925,N,PARENT_HBN,PARENT,2.992,2.727,5.408,STATIC_ANALYTIC_EMBEDDING,False,False
P:926,B,PARENT_HBN,PARENT,3.21,2.602,5.263,STATIC_ANALYTIC_EMBEDDING,False,False
P:927,N,PARENT_HBN,PARENT,3.21,2.602,5.408,STATIC_ANALYTIC_EMBEDDING,False,False
P:928,B,PARENT_HBN,PARENT,3.448,2.524,5.263,STATIC_ANALYTIC_EMBEDDING,False,False
P:929,N,PARENT_HBN,PARENT,3.448,2.524,5.408,STATIC_ANALYTIC_EMBEDDING,False,False
P:93,N,PARENT_HBN,PARENT,2.557,3.327,2.362,STATIC_ANALYTIC_EMBEDDING,False,False
P:930,B,PARENT_HBN,PARENT,3.697,2.498,5.263,STATIC_ANALYTIC_EMBEDDING,False,False
P:931,N,PARENT_HBN,PARENT,3.697,2.498,5.408,STATIC_ANALYTIC_EMBEDDING,False,False
P:932,B,PARENT_HBN,PARENT,3.947,2.524,5.263,STATIC_ANALYTIC_EMBEDDING,False,False
P:933,N,PARENT_HBN,PARENT,3.947,2.524,5.408,STATIC_ANALYTIC_EMBEDDING,False,False
P:934,B,PARENT_HBN,PARENT,4.185,2.602,5.263,STATIC_ANALYTIC_EMBEDDING,False,False
P:935,N,PARENT_HBN,PARENT,4.185,2.602,5.408,STATIC_ANALYTIC_EMBEDDING,False,False
P:936,B,PARENT_HBN,PARENT,4.402,2.727,5.263,STATIC_ANALYTIC_EMBEDDING,False,False
P:937,N,PARENT_HBN,PARENT,4.402,2.727,5.408,STATIC_ANALYTIC_EMBEDDING,False,False
P:938,B,PARENT_HBN,PARENT,4.588,2.895,5.263,STATIC_ANALYTIC_EMBEDDING,False,False
P:939,N,PARENT_HBN,PARENT,4.588,2.895,5.408,STATIC_ANALYTIC_EMBEDDING,False,False
P:94,B,PARENT_HBN,PARENT,2.659,3.098,2.217,STATIC_ANALYTIC_EMBEDDING,False,False
P:940,B,PARENT_HBN,PARENT,4.736,3.098,5.263,STATIC_ANALYTIC_EMBEDDING,False,False
P:941,N,PARENT_HBN,PARENT,4.736,3.098,5.408,STATIC_ANALYTIC_EMBEDDING,False,False
P:942,B,PARENT_HBN,PARENT,4.838,3.327,5.263,STATIC_ANALYTIC_EMBEDDING,False,False
P:943,N,PARENT_HBN,PARENT,4.838,3.327,5.408,STATIC_ANALYTIC_EMBEDDING,False,False
P:944,B,PARENT_HBN,PARENT,4.89,3.572,5.263,STATIC_ANALYTIC_EMBEDDING,False,False
P:945,N,PARENT_HBN,PARENT,4.89,3.572,5.408,STATIC_ANALYTIC_EMBEDDING,False,False
P:946,B,PARENT_HBN,PARENT,4.89,3.823,5.263,STATIC_ANALYTIC_EMBEDDING,False,False
P:947,N,PARENT_HBN,PARENT,4.89,3.823,5.408,STATIC_ANALYTIC_EMBEDDING,False,False
P:948,B,PARENT_HBN,PARENT,4.838,4.068,5.263,STATIC_ANALYTIC_EMBEDDING,False,False
P:949,N,PARENT_HBN,PARENT,4.838,4.068,5.408,STATIC_ANALYTIC_EMBEDDING,False,False
P:95,N,PARENT_HBN,PARENT,2.659,3.098,2.362,STATIC_ANALYTIC_EMBEDDING,False,False
P:950,B,PARENT_HBN,PARENT,4.736,4.297,5.263,STATIC_ANALYTIC_EMBEDDING,False,False
P:951,N,PARENT_HBN,PARENT,4.736,4.297,5.408,STATIC_ANALYTIC_EMBEDDING,False,False
P:952,B,PARENT_HBN,PARENT,4.588,4.5,5.263,STATIC_ANALYTIC_EMBEDDING,False,False
P:953,N,PARENT_HBN,PARENT,4.588,4.5,5.408,STATIC_ANALYTIC_EMBEDDING,False,False
P:954,B,PARENT_HBN,PARENT,4.402,4.667,5.263,STATIC_ANALYTIC_EMBEDDING,False,False
P:955,N,PARENT_HBN,PARENT,4.402,4.667,5.408,STATIC_ANALYTIC_EMBEDDING,False,False
P:956,B,PARENT_HBN,PARENT,4.185,4.793,5.263,STATIC_ANALYTIC_EMBEDDING,False,False
P:957,N,PARENT_HBN,PARENT,4.185,4.793,5.408,STATIC_ANALYTIC_EMBEDDING,False,False
P:958,B,PARENT_HBN,PARENT,3.947,4.87,5.263,STATIC_ANALYTIC_EMBEDDING,False,False
P:959,N,PARENT_HBN,PARENT,3.947,4.87,5.408,STATIC_ANALYTIC_EMBEDDING,False,False
P:96,B,PARENT_HBN,PARENT,2.806,2.895,2.217,STATIC_ANALYTIC_EMBEDDING,False,False
P:960,B,PARENT_HBN,PARENT,3.572,4.89,5.48,STATIC_ANALYTIC_EMBEDDING,False,False
P:961,N,PARENT_HBN,PARENT,3.572,4.89,5.625,STATIC_ANALYTIC_EMBEDDING,False,False
P:962,B,PARENT_HBN,PARENT,3.327,4.838,5.48,STATIC_ANALYTIC_EMBEDDING,False,False
P:963,N,PARENT_HBN,PARENT,3.327,4.838,5.625,STATIC_ANALYTIC_EMBEDDING,False,False
P:964,B,PARENT_HBN,PARENT,3.098,4.736,5.48,STATIC_ANALYTIC_EMBEDDING,False,False
P:965,N,PARENT_HBN,PARENT,3.098,4.736,5.625,STATIC_ANALYTIC_EMBEDDING,False,False
P:966,B,PARENT_HBN,PARENT,2.895,4.588,5.48,STATIC_ANALYTIC_EMBEDDING,False,False
P:967,N,PARENT_HBN,PARENT,2.895,4.588,5.625,STATIC_ANALYTIC_EMBEDDING,False,False
P:968,B,PARENT_HBN,PARENT,2.727,4.402,5.48,STATIC_ANALYTIC_EMBEDDING,False,False
P:969,N,PARENT_HBN,PARENT,2.727,4.402,5.625,STATIC_ANALYTIC_EMBEDDING,False,False
P:97,N,PARENT_HBN,PARENT,2.806,2.895,2.362,STATIC_ANALYTIC_EMBEDDING,False,False
P:970,B,PARENT_HBN,PARENT,2.602,4.185,5.48,STATIC_ANALYTIC_EMBEDDING,False,False
P:971,N,PARENT_HBN,PARENT,2.602,4.185,5.625,STATIC_ANALYTIC_EMBEDDING,False,False
P:972,B,PARENT_HBN,PARENT,2.524,3.947,5.48,STATIC_ANALYTIC_EMBEDDING,False,False
P:973,N,PARENT_HBN,PARENT,2.524,3.947,5.625,STATIC_ANALYTIC_EMBEDDING,False,False
P:974,B,PARENT_HBN,PARENT,2.498,3.697,5.48,STATIC_ANALYTIC_EMBEDDING,False,False
P:975,N,PARENT_HBN,PARENT,2.498,3.697,5.625,STATIC_ANALYTIC_EMBEDDING,False,False
P:976,B,PARENT_HBN,PARENT,2.524,3.448,5.48,STATIC_ANALYTIC_EMBEDDING,False,False
P:977,N,PARENT_HBN,PARENT,2.524,3.448,5.625,STATIC_ANALYTIC_EMBEDDING,False,False
P:978,B,PARENT_HBN,PARENT,2.602,3.21,5.48,STATIC_ANALYTIC_EMBEDDING,False,False
P:979,N,PARENT_HBN,PARENT,2.602,3.21,5.625,STATIC_ANALYTIC_EMBEDDING,False,False
P:98,B,PARENT_HBN,PARENT,2.992,2.727,2.217,STATIC_ANALYTIC_EMBEDDING,False,False
P:980,B,PARENT_HBN,PARENT,2.727,2.992,5.48,STATIC_ANALYTIC_EMBEDDING,False,False
P:981,N,PARENT_HBN,PARENT,2.727,2.992,5.625,STATIC_ANALYTIC_EMBEDDING,False,False
P:982,B,PARENT_HBN,PARENT,2.895,2.806,5.48,STATIC_ANALYTIC_EMBEDDING,False,False
P:983,N,PARENT_HBN,PARENT,2.895,2.806,5.625,STATIC_ANALYTIC_EMBEDDING,False,False
P:984,B,PARENT_HBN,PARENT,3.098,2.659,5.48,STATIC_ANALYTIC_EMBEDDING,False,False
P:985,N,PARENT_HBN,PARENT,3.098,2.659,5.625,STATIC_ANALYTIC_EMBEDDING,False,False
P:986,B,PARENT_HBN,PARENT,3.327,2.557,5.48,STATIC_ANALYTIC_EMBEDDING,False,False
P:987,N,PARENT_HBN,PARENT,3.327,2.557,5.625,STATIC_ANALYTIC_EMBEDDING,False,False
P:988,B,PARENT_HBN,PARENT,3.572,2.505,5.48,STATIC_ANALYTIC_EMBEDDING,False,False
P:989,N,PARENT_HBN,PARENT,3.572,2.505,5.625,STATIC_ANALYTIC_EMBEDDING,False,False
P:99,N,PARENT_HBN,PARENT,2.992,2.727,2.362,STATIC_ANALYTIC_EMBEDDING,False,False
P:990,B,PARENT_HBN,PARENT,3.823,2.505,5.48,STATIC_ANALYTIC_EMBEDDING,False,False
P:991,N,PARENT_HBN,PARENT,3.823,2.505,5.625,STATIC_ANALYTIC_EMBEDDING,False,False
P:992,B,PARENT_HBN,PARENT,4.068,2.557,5.48,STATIC_ANALYTIC_EMBEDDING,False,False
P:993,N,PARENT_HBN,PARENT,4.068,2.557,5.625,STATIC_ANALYTIC_EMBEDDING,False,False
P:994,B,PARENT_HBN,PARENT,4.297,2.659,5.48,STATIC_ANALYTIC_EMBEDDING,False,False
P:995,N,PARENT_HBN,PARENT,4.297,2.659,5.625,STATIC_ANALYTIC_EMBEDDING,False,False
P:996,B,PARENT_HBN,PARENT,4.5,2.806,5.48,STATIC_ANALYTIC_EMBEDDING,False,False
P:997,N,PARENT_HBN,PARENT,4.5,2.806,5.625,STATIC_ANALYTIC_EMBEDDING,False,False
P:998,B,PARENT_HBN,PARENT,4.667,2.992,5.48,STATIC_ANALYTIC_EMBEDDING,False,False
P:999,N,PARENT_HBN,PARENT,4.667,2.992,5.625,STATIC_ANALYTIC_EMBEDDING,False,False
S:1680,N,HEXAGONAL_EDGE_COMPLETION_SEED,LOWER,3.9455,2.5309999999999997,1.9269594583193688,STATIC_ANALYTIC_EMBEDDING,False,False
S:1681,N,HEXAGONAL_EDGE_COMPLETION_SEED,LOWER,4.182499999999999,2.6079999999999997,1.9271582487236887,STATIC_ANALYTIC_EMBEDDING,False,False
S:1682,N,HEXAGONAL_EDGE_COMPLETION_SEED,LOWER,4.3985,2.7325,1.9271119301325659,STATIC_ANALYTIC_EMBEDDING,False,False
S:1683,N,HEXAGONAL_EDGE_COMPLETION_SEED,LOWER,4.5835,2.899,1.926543068883869,STATIC_ANALYTIC_EMBEDDING,False,False
S:1684,N,HEXAGONAL_EDGE_COMPLETION_SEED,LOWER,4.73,3.101,1.9281169649430412,STATIC_ANALYTIC_EMBEDDING,False,False
S:1685,N,HEXAGONAL_EDGE_COMPLETION_SEED,LOWER,4.8315,3.3289999999999997,1.9266929694435793,STATIC_ANALYTIC_EMBEDDING,False,False
S:1686,N,HEXAGONAL_EDGE_COMPLETION_SEED,LOWER,4.883,3.5725,1.9268705207935952,STATIC_ANALYTIC_EMBEDDING,False,False
S:1687,N,HEXAGONAL_EDGE_COMPLETION_SEED,LOWER,4.883,3.822,1.9277284929657614,STATIC_ANALYTIC_EMBEDDING,False,False
S:1688,N,HEXAGONAL_EDGE_COMPLETION_SEED,LOWER,4.8315,4.066,1.9266929694435788,STATIC_ANALYTIC_EMBEDDING,False,False
S:1689,N,HEXAGONAL_EDGE_COMPLETION_SEED,LOWER,4.73,4.2935,1.9273644664850604,STATIC_ANALYTIC_EMBEDDING,False,False
S:1690,N,HEXAGONAL_EDGE_COMPLETION_SEED,LOWER,4.5835,4.495,1.926543068883869,STATIC_ANALYTIC_EMBEDDING,False,False
S:1691,N,HEXAGONAL_EDGE_COMPLETION_SEED,LOWER,4.3985,4.662,1.9276196108811234,STATIC_ANALYTIC_EMBEDDING,False,False
S:1692,N,HEXAGONAL_EDGE_COMPLETION_SEED,LOWER,4.182499999999999,4.787,1.927158248723689,STATIC_ANALYTIC_EMBEDDING,False,False
S:1693,N,HEXAGONAL_EDGE_COMPLETION_SEED,LOWER,3.9455,4.864,1.9269594583193685,STATIC_ANALYTIC_EMBEDDING,False,False
S:1694,N,HEXAGONAL_EDGE_COMPLETION_SEED,LOWER,3.6975,4.89,1.9274264460771005,STATIC_ANALYTIC_EMBEDDING,False,False
S:1695,N,HEXAGONAL_EDGE_COMPLETION_SEED,LOWER,3.4495,4.864,1.926959458319369,STATIC_ANALYTIC_EMBEDDING,False,False
S:1696,N,HEXAGONAL_EDGE_COMPLETION_SEED,LOWER,3.2125,4.787,1.927158248723689,STATIC_ANALYTIC_EMBEDDING,False,False
S:1697,N,HEXAGONAL_EDGE_COMPLETION_SEED,LOWER,2.9965,4.662,1.927619610881123,STATIC_ANALYTIC_EMBEDDING,False,False
S:1698,N,HEXAGONAL_EDGE_COMPLETION_SEED,LOWER,2.811,4.495,1.92711536012986,STATIC_ANALYTIC_EMBEDDING,False,False
S:1699,N,HEXAGONAL_EDGE_COMPLETION_SEED,LOWER,2.6645,4.2935,1.9269337921539653,STATIC_ANALYTIC_EMBEDDING,False,False
S:1700,N,HEXAGONAL_EDGE_COMPLETION_SEED,LOWER,2.5629999999999997,4.066,1.9269577469610906,STATIC_ANALYTIC_EMBEDDING,False,False
S:1701,N,HEXAGONAL_EDGE_COMPLETION_SEED,LOWER,2.511,3.822,1.9277284929657614,STATIC_ANALYTIC_EMBEDDING,False,False
S:1702,N,HEXAGONAL_EDGE_COMPLETION_SEED,LOWER,2.511,3.5725,1.9268705207935952,STATIC_ANALYTIC_EMBEDDING,False,False
S:1703,N,HEXAGONAL_EDGE_COMPLETION_SEED,LOWER,2.5629999999999997,3.3289999999999997,1.926957746961091,STATIC_ANALYTIC_EMBEDDING,False,False
S:1704,N,HEXAGONAL_EDGE_COMPLETION_SEED,LOWER,2.6645,3.101,1.927681809141821,STATIC_ANALYTIC_EMBEDDING,False,False
S:1705,N,HEXAGONAL_EDGE_COMPLETION_SEED,LOWER,2.811,2.899,1.92711536012986,STATIC_ANALYTIC_EMBEDDING,False,False
S:1706,N,HEXAGONAL_EDGE_COMPLETION_SEED,LOWER,2.9965,2.7325,1.9271119301325657,STATIC_ANALYTIC_EMBEDDING,False,False
S:1707,N,HEXAGONAL_EDGE_COMPLETION_SEED,LOWER,3.2125,2.6079999999999997,1.9271582487236887,STATIC_ANALYTIC_EMBEDDING,False,False
S:1708,N,HEXAGONAL_EDGE_COMPLETION_SEED,LOWER,3.4495,2.5309999999999997,1.926959458319369,STATIC_ANALYTIC_EMBEDDING,False,False
S:1709,N,HEXAGONAL_EDGE_COMPLETION_SEED,LOWER,3.6975,2.505,1.9274264460771005,STATIC_ANALYTIC_EMBEDDING,False,False
S:1710,B,HEXAGONAL_EDGE_COMPLETION_SEED,UPPER,4.066,2.5629999999999997,8.09104225303891,STATIC_ANALYTIC_EMBEDDING,False,False
S:1711,B,HEXAGONAL_EDGE_COMPLETION_SEED,UPPER,4.2935,2.6645,8.091066207846035,STATIC_ANALYTIC_EMBEDDING,False,False
S:1712,B,HEXAGONAL_EDGE_COMPLETION_SEED,UPPER,4.495,2.811,8.09088463987014,STATIC_ANALYTIC_EMBEDDING,False,False
S:1713,B,HEXAGONAL_EDGE_COMPLETION_SEED,UPPER,4.662,2.9965,8.090380389118877,STATIC_ANALYTIC_EMBEDDING,False,False
S:1714,B,HEXAGONAL_EDGE_COMPLETION_SEED,UPPER,4.787,3.2125,8.090841751276312,STATIC_ANALYTIC_EMBEDDING,False,False
S:1715,B,HEXAGONAL_EDGE_COMPLETION_SEED,UPPER,4.864,3.4495,8.091040541680632,STATIC_ANALYTIC_EMBEDDING,False,False
S:1716,B,HEXAGONAL_EDGE_COMPLETION_SEED,UPPER,4.89,3.6975,8.0905735539229,STATIC_ANALYTIC_EMBEDDING,False,False
S:1717,B,HEXAGONAL_EDGE_COMPLETION_SEED,UPPER,4.864,3.9455,8.091040541680632,STATIC_ANALYTIC_EMBEDDING,False,False
S:1718,B,HEXAGONAL_EDGE_COMPLETION_SEED,UPPER,4.787,4.182499999999999,8.090841751276312,STATIC_ANALYTIC_EMBEDDING,False,False
S:1719,B,HEXAGONAL_EDGE_COMPLETION_SEED,UPPER,4.662,4.3985,8.090380389118877,STATIC_ANALYTIC_EMBEDDING,False,False
S:1720,B,HEXAGONAL_EDGE_COMPLETION_SEED,UPPER,4.495,4.5835,8.09145693111613,STATIC_ANALYTIC_EMBEDDING,False,False
S:1721,B,HEXAGONAL_EDGE_COMPLETION_SEED,UPPER,4.2935,4.73,8.09063553351494,STATIC_ANALYTIC_EMBEDDING,False,False
S:1722,B,HEXAGONAL_EDGE_COMPLETION_SEED,UPPER,4.066,4.8315,8.091307030556422,STATIC_ANALYTIC_EMBEDDING,False,False
S:1723,B,HEXAGONAL_EDGE_COMPLETION_SEED,UPPER,3.822,4.883,8.09027150703424,STATIC_ANALYTIC_EMBEDDING,False,False
S:1724,B,HEXAGONAL_EDGE_COMPLETION_SEED,UPPER,3.5725,4.883,8.091129479206405,STATIC_ANALYTIC_EMBEDDING,False,False
S:1725,B,HEXAGONAL_EDGE_COMPLETION_SEED,UPPER,3.3289999999999997,4.8315,8.091307030556422,STATIC_ANALYTIC_EMBEDDING,False,False
S:1726,B,HEXAGONAL_EDGE_COMPLETION_SEED,UPPER,3.101,4.73,8.08988303505696,STATIC_ANALYTIC_EMBEDDING,False,False
S:1727,B,HEXAGONAL_EDGE_COMPLETION_SEED,UPPER,2.899,4.5835,8.09145693111613,STATIC_ANALYTIC_EMBEDDING,False,False
S:1728,B,HEXAGONAL_EDGE_COMPLETION_SEED,UPPER,2.7325,4.3985,8.090888069867434,STATIC_ANALYTIC_EMBEDDING,False,False
S:1729,B,HEXAGONAL_EDGE_COMPLETION_SEED,UPPER,2.6079999999999997,4.182499999999999,8.090841751276312,STATIC_ANALYTIC_EMBEDDING,False,False
S:1730,B,HEXAGONAL_EDGE_COMPLETION_SEED,UPPER,2.5309999999999997,3.9455,8.091040541680632,STATIC_ANALYTIC_EMBEDDING,False,False
S:1731,B,HEXAGONAL_EDGE_COMPLETION_SEED,UPPER,2.505,3.6975,8.0905735539229,STATIC_ANALYTIC_EMBEDDING,False,False
S:1732,B,HEXAGONAL_EDGE_COMPLETION_SEED,UPPER,2.5309999999999997,3.4495,8.091040541680632,STATIC_ANALYTIC_EMBEDDING,False,False
S:1733,B,HEXAGONAL_EDGE_COMPLETION_SEED,UPPER,2.6079999999999997,3.2125,8.090841751276312,STATIC_ANALYTIC_EMBEDDING,False,False
S:1734,B,HEXAGONAL_EDGE_COMPLETION_SEED,UPPER,2.7325,2.9965,8.090888069867436,STATIC_ANALYTIC_EMBEDDING,False,False
S:1735,B,HEXAGONAL_EDGE_COMPLETION_SEED,UPPER,2.899,2.811,8.09088463987014,STATIC_ANALYTIC_EMBEDDING,False,False
S:1736,B,HEXAGONAL_EDGE_COMPLETION_SEED,UPPER,3.101,2.6645,8.090318190858179,STATIC_ANALYTIC_EMBEDDING,False,False
S:1737,B,HEXAGONAL_EDGE_COMPLETION_SEED,UPPER,3.3289999999999997,2.5629999999999997,8.091042253038909,STATIC_ANALYTIC_EMBEDDING,False,False
S:1738,B,HEXAGONAL_EDGE_COMPLETION_SEED,UPPER,3.5725,2.511,8.091129479206405,STATIC_ANALYTIC_EMBEDDING,False,False
S:1739,B,HEXAGONAL_EDGE_COMPLETION_SEED,UPPER,3.822,2.511,8.09027150703424,STATIC_ANALYTIC_EMBEDDING,False,False
