bond_index,atom_i_local_0based,atom_j_local_0based,atom_i_local_1based,atom_j_local_1based,element_i,element_j,distance_nm
1,0,1,1,2,B,N,0.14500000000000002
2,2,3,3,4,B,N,0.14500000000000002
3,4,5,5,6,B,N,0.14500000000000002
4,6,7,7,8,B,N,0.14500000000000002
5,8,9,9,10,B,N,0.14500000000000002
6,10,11,11,12,B,N,0.14500000000000002
7,12,13,13,14,B,N,0.14500000000000002
8,14,15,15,16,B,N,0.14500000000000002
9,16,17,17,18,B,N,0.14500000000000002
10,18,19,19,20,B,N,0.14500000000000002
11,20,21,21,22,B,N,0.14500000000000002
12,22,23,23,24,B,N,0.14500000000000002
13,24,25,25,26,B,N,0.14500000000000002
14,26,27,27,28,B,N,0.14500000000000002
15,28,29,29,30,B,N,0.14500000000000002
16,30,31,31,32,B,N,0.14500000000000002
17,32,33,33,34,B,N,0.14500000000000002
18,34,35,35,36,B,N,0.14500000000000002
19,36,37,37,38,B,N,0.14500000000000002
20,38,39,39,40,B,N,0.14500000000000002
21,40,41,41,42,B,N,0.14500000000000002
22,42,43,43,44,B,N,0.14500000000000002
23,44,45,45,46,B,N,0.14500000000000002
24,46,47,47,48,B,N,0.14500000000000002
25,48,49,49,50,B,N,0.14500000000000002
26,50,51,51,52,B,N,0.14500000000000002
27,52,53,53,54,B,N,0.14500000000000002
28,54,55,55,56,B,N,0.14500000000000002
29,56,57,57,58,B,N,0.14500000000000002
30,58,59,59,60,B,N,0.14500000000000002
31,60,1,61,2,B,N,0.1452446212429224
32,60,3,61,4,B,N,0.14477568856683093
33,60,61,61,62,B,N,0.14500000000000002
34,62,3,63,4,B,N,0.14439182802361047
35,62,5,63,6,B,N,0.14456140563788109
36,62,63,63,64,B,N,0.14500000000000002
37,64,5,65,6,B,N,0.14483438818181293
38,64,7,65,8,B,N,0.14481022063376636
39,64,65,65,66,B,N,0.14500000000000002
40,66,7,67,8,B,N,0.145013792447477
41,66,9,67,10,B,N,0.14377760604489156
42,66,67,67,68,B,N,0.14500000000000002
43,68,9,69,10,B,N,0.145013792447477
44,68,11,69,12,B,N,0.14481022063376636
45,68,69,69,70,B,N,0.14500000000000002
46,70,11,71,12,B,N,0.14483438818181293
47,70,13,71,14,B,N,0.14456140563788109
48,70,71,71,72,B,N,0.14500000000000002
49,72,13,73,14,B,N,0.14439182802361047
50,72,15,73,16,B,N,0.14477568856683093
51,72,73,73,74,B,N,0.14500000000000002
52,74,15,75,16,B,N,0.1452446212429224
53,74,17,75,18,B,N,0.1443779761598008
54,74,75,75,76,B,N,0.14500000000000002
55,76,17,77,18,B,N,0.14477568856683093
56,76,19,77,20,B,N,0.14439182802361084
57,76,77,77,78,B,N,0.14500000000000002
58,78,19,79,20,B,N,0.14456140563788109
59,78,21,79,22,B,N,0.14483438818181293
60,78,79,79,80,B,N,0.14500000000000002
61,80,21,81,22,B,N,0.1455369368923229
62,80,23,81,24,B,N,0.14433987668000817
63,80,81,81,82,B,N,0.14500000000000002
64,82,23,83,24,B,N,0.14439182802361086
65,82,25,83,26,B,N,0.14501379244747725
66,82,83,83,84,B,N,0.14500000000000002
67,84,25,85,26,B,N,0.1443364125922496
68,84,27,85,28,B,N,0.14483438818181277
69,84,85,85,86,B,N,0.14500000000000002
70,86,27,87,28,B,N,0.14456140563788109
71,86,29,87,30,B,N,0.14461673485458001
72,86,87,87,88,B,N,0.14500000000000002
73,88,29,89,30,B,N,0.1446409347314931
74,88,31,89,32,B,N,0.14528936643815327
75,88,89,89,90,B,N,0.14500000000000002
76,90,31,91,32,B,N,0.14442298985964805
77,90,33,91,34,B,N,0.1446409347314931
78,90,91,91,92,B,N,0.14500000000000002
79,92,33,93,34,B,N,0.14461673485458038
80,92,35,93,36,B,N,0.14456140563788109
81,92,93,93,94,B,N,0.14500000000000002
82,94,35,95,36,B,N,0.14483438818181277
83,94,37,95,38,B,N,0.14506550244630867
84,94,95,95,96,B,N,0.14500000000000002
85,96,37,97,38,B,N,0.1443398766800084
86,96,39,97,40,B,N,0.14500344823486094
87,96,97,97,98,B,N,0.14500000000000002
88,98,39,99,40,B,N,0.1443398766800084
89,98,41,99,42,B,N,0.14506550244630867
90,98,99,99,100,B,N,0.14500000000000002
91,100,41,101,42,B,N,0.14483438818181277
92,100,43,101,44,B,N,0.14456140563788109
93,100,101,101,102,B,N,0.14500000000000002
94,102,43,103,44,B,N,0.14461673485458038
95,102,45,103,46,B,N,0.1446409347314931
96,102,103,103,104,B,N,0.14500000000000002
97,104,45,105,46,B,N,0.14442298985964805
98,104,47,105,48,B,N,0.14528936643815327
99,104,105,105,106,B,N,0.14500000000000002
100,106,47,107,48,B,N,0.1446409347314931
101,106,49,107,50,B,N,0.14461673485458001
102,106,107,107,108,B,N,0.14500000000000002
103,108,49,109,50,B,N,0.14456140563788109
104,108,51,109,52,B,N,0.14483438818181277
105,108,109,109,110,B,N,0.14500000000000002
106,110,51,111,52,B,N,0.1443364125922496
107,110,53,111,54,B,N,0.14501379244747725
108,110,111,111,112,B,N,0.14500000000000002
109,112,53,113,54,B,N,0.14439182802361086
110,112,55,113,56,B,N,0.14433987668000817
111,112,113,113,114,B,N,0.14500000000000002
112,114,55,115,56,B,N,0.1455369368923229
113,114,57,115,58,B,N,0.14483438818181293
114,114,115,115,116,B,N,0.14500000000000002
115,116,57,117,58,B,N,0.14456140563788109
116,116,59,117,60,B,N,0.14439182802361084
117,116,117,117,118,B,N,0.14500000000000002
118,118,1,119,2,B,N,0.1443779761598008
119,118,59,119,60,B,N,0.14477568856683093
120,118,119,119,120,B,N,0.14500000000000002
121,120,61,121,62,B,N,0.14527560015363902
122,120,63,121,64,B,N,0.14489306401619054
123,120,121,121,122,B,N,0.14500000000000002
124,122,63,123,64,B,N,0.1450620556865233
125,122,65,123,66,B,N,0.14533409785731655
126,122,123,123,124,B,N,0.14500000000000002
127,124,65,125,66,B,N,0.14531001341958535
128,124,67,125,68,B,N,0.14551288602732038
129,124,125,125,126,B,N,0.14500000000000002
130,126,67,127,68,B,N,0.14428097587693264
131,126,69,127,70,B,N,0.14551288602732038
132,126,127,127,128,B,N,0.14500000000000002
133,128,69,129,70,B,N,0.14531001341958535
134,128,71,129,72,B,N,0.14533409785731655
135,128,129,129,130,B,N,0.14500000000000002
136,130,71,131,72,B,N,0.1450620556865233
137,130,73,131,74,B,N,0.14489306401619054
138,130,131,131,132,B,N,0.14500000000000002
139,132,73,133,74,B,N,0.14527560015363902
140,132,75,133,76,B,N,0.14574292435655314
141,132,133,133,134,B,N,0.14500000000000002
142,134,75,135,76,B,N,0.14487926007541588
143,134,77,135,78,B,N,0.14527560015363902
144,134,135,135,136,B,N,0.14500000000000002
145,136,77,137,78,B,N,0.1448930640161909
146,136,79,137,80,B,N,0.1450620556865233
147,136,137,137,138,B,N,0.14500000000000002
148,138,79,139,80,B,N,0.14533409785731655
149,138,81,139,82,B,N,0.1460342425597502
150,138,139,139,140,B,N,0.14500000000000002
151,140,81,141,82,B,N,0.14484129245487956
152,140,83,141,84,B,N,0.14489306401619093
153,140,141,141,142,B,N,0.14500000000000002
154,142,83,143,84,B,N,0.1455128860273206
155,142,85,143,86,B,N,0.1448378403594865
156,142,143,143,144,B,N,0.14500000000000002
157,144,85,145,86,B,N,0.14533409785731635
158,144,87,145,88,B,N,0.1450620556865233
159,144,145,145,146,B,N,0.14500000000000002
160,146,87,147,88,B,N,0.14511719401917844
161,146,89,147,90,B,N,0.14514131045295142
162,146,147,147,148,B,N,0.14500000000000002
163,148,89,149,90,B,N,0.1457875166123628
164,148,91,149,92,B,N,0.1449241180756329
165,148,149,149,150,B,N,0.14500000000000002
166,150,91,151,92,B,N,0.14514131045295142
167,150,93,151,94,B,N,0.1451171940191788
168,150,151,151,152,B,N,0.14500000000000002
169,152,93,153,94,B,N,0.1450620556865233
170,152,95,153,96,B,N,0.14533409785731635
171,152,153,153,154,B,N,0.14500000000000002
172,154,95,155,96,B,N,0.1455644187293034
173,154,97,155,98,B,N,0.14484129245487978
174,154,155,155,156,B,N,0.14500000000000002
175,156,97,157,98,B,N,0.14550257729676125
176,156,99,157,100,B,N,0.14484129245487978
177,156,157,157,158,B,N,0.14500000000000002
178,158,99,159,100,B,N,0.1455644187293034
179,158,101,159,102,B,N,0.14533409785731635
180,158,159,159,160,B,N,0.14500000000000002
181,160,101,161,102,B,N,0.1450620556865233
182,160,103,161,104,B,N,0.1451171940191788
183,160,161,161,162,B,N,0.14500000000000002
184,162,103,163,104,B,N,0.14514131045295142
185,162,105,163,106,B,N,0.1449241180756329
186,162,163,163,164,B,N,0.14500000000000002
187,164,105,165,106,B,N,0.1457875166123628
188,164,107,165,108,B,N,0.14514131045295142
189,164,165,165,166,B,N,0.14500000000000002
190,166,107,167,108,B,N,0.14511719401917844
191,166,109,167,110,B,N,0.1450620556865233
192,166,167,167,168,B,N,0.14500000000000002
193,168,109,169,110,B,N,0.14533409785731635
194,168,111,169,112,B,N,0.1448378403594865
195,168,169,169,170,B,N,0.14500000000000002
196,170,111,171,112,B,N,0.1455128860273206
197,170,113,171,114,B,N,0.14489306401619093
198,170,171,171,172,B,N,0.14500000000000002
199,172,113,173,114,B,N,0.14484129245487956
200,172,115,173,116,B,N,0.1460342425597502
201,172,173,173,174,B,N,0.14500000000000002
202,174,115,175,116,B,N,0.14533409785731655
203,174,117,175,118,B,N,0.1450620556865233
204,174,175,175,176,B,N,0.14500000000000002
205,176,117,177,118,B,N,0.1448930640161909
206,176,119,177,120,B,N,0.14527560015363902
207,176,177,177,178,B,N,0.14500000000000002
208,178,61,179,62,B,N,0.14574292435655314
209,178,119,179,120,B,N,0.14487926007541588
210,178,179,179,180,B,N,0.14500000000000002
211,180,121,181,122,B,N,0.14439182802361047
212,180,123,181,124,B,N,0.14456140563788109
213,180,181,181,182,B,N,0.14500000000000002
214,182,123,183,124,B,N,0.14483438818181293
215,182,125,183,126,B,N,0.14481022063376636
216,182,183,183,184,B,N,0.14500000000000002
217,184,125,185,126,B,N,0.145013792447477
218,184,127,185,128,B,N,0.14377760604489156
219,184,185,185,186,B,N,0.14500000000000002
220,186,127,187,128,B,N,0.145013792447477
221,186,129,187,130,B,N,0.14481022063376636
222,186,187,187,188,B,N,0.14500000000000002
223,188,129,189,130,B,N,0.14483438818181293
224,188,131,189,132,B,N,0.14456140563788109
225,188,189,189,190,B,N,0.14500000000000002
226,190,131,191,132,B,N,0.14439182802361047
227,190,133,191,134,B,N,0.14477568856683093
228,190,191,191,192,B,N,0.14500000000000002
229,192,133,193,134,B,N,0.1452446212429224
230,192,135,193,136,B,N,0.1443779761598008
231,192,193,193,194,B,N,0.14500000000000002
232,194,135,195,136,B,N,0.14477568856683093
233,194,137,195,138,B,N,0.14439182802361084
234,194,195,195,196,B,N,0.14500000000000002
235,196,137,197,138,B,N,0.14456140563788109
236,196,139,197,140,B,N,0.14483438818181293
237,196,197,197,198,B,N,0.14500000000000002
238,198,139,199,140,B,N,0.1455369368923229
239,198,141,199,142,B,N,0.14433987668000817
240,198,199,199,200,B,N,0.14500000000000002
241,200,141,201,142,B,N,0.14439182802361086
242,200,143,201,144,B,N,0.14501379244747725
243,200,201,201,202,B,N,0.14500000000000002
244,202,143,203,144,B,N,0.1443364125922496
245,202,145,203,146,B,N,0.14483438818181277
246,202,203,203,204,B,N,0.14500000000000002
247,204,145,205,146,B,N,0.14456140563788109
248,204,147,205,148,B,N,0.14461673485458001
249,204,205,205,206,B,N,0.14500000000000002
250,206,147,207,148,B,N,0.1446409347314931
251,206,149,207,150,B,N,0.14528936643815327
252,206,207,207,208,B,N,0.14500000000000002
253,208,149,209,150,B,N,0.14442298985964805
254,208,151,209,152,B,N,0.1446409347314931
255,208,209,209,210,B,N,0.14500000000000002
256,210,151,211,152,B,N,0.14461673485458038
257,210,153,211,154,B,N,0.14456140563788109
258,210,211,211,212,B,N,0.14500000000000002
259,212,153,213,154,B,N,0.14483438818181277
260,212,155,213,156,B,N,0.14506550244630867
261,212,213,213,214,B,N,0.14500000000000002
262,214,155,215,156,B,N,0.1443398766800084
263,214,157,215,158,B,N,0.14500344823486094
264,214,215,215,216,B,N,0.14500000000000002
265,216,157,217,158,B,N,0.1443398766800084
266,216,159,217,160,B,N,0.14506550244630867
267,216,217,217,218,B,N,0.14500000000000002
268,218,159,219,160,B,N,0.14483438818181277
269,218,161,219,162,B,N,0.14456140563788109
270,218,219,219,220,B,N,0.14500000000000002
271,220,161,221,162,B,N,0.14461673485458038
272,220,163,221,164,B,N,0.1446409347314931
273,220,221,221,222,B,N,0.14500000000000002
274,222,163,223,164,B,N,0.14442298985964805
275,222,165,223,166,B,N,0.14528936643815327
276,222,223,223,224,B,N,0.14500000000000002
277,224,165,225,166,B,N,0.1446409347314931
278,224,167,225,168,B,N,0.14461673485458001
279,224,225,225,226,B,N,0.14500000000000002
280,226,167,227,168,B,N,0.14456140563788109
281,226,169,227,170,B,N,0.14483438818181277
282,226,227,227,228,B,N,0.14500000000000002
283,228,169,229,170,B,N,0.1443364125922496
284,228,171,229,172,B,N,0.14501379244747725
285,228,229,229,230,B,N,0.14500000000000002
286,230,171,231,172,B,N,0.14439182802361086
287,230,173,231,174,B,N,0.14433987668000817
288,230,231,231,232,B,N,0.14500000000000002
289,232,173,233,174,B,N,0.1455369368923229
290,232,175,233,176,B,N,0.14483438818181293
291,232,233,233,234,B,N,0.14500000000000002
292,234,175,235,176,B,N,0.14456140563788109
293,234,177,235,178,B,N,0.14439182802361084
294,234,235,235,236,B,N,0.14500000000000002
295,236,177,237,178,B,N,0.14477568856683093
296,236,179,237,180,B,N,0.1443779761598008
297,236,237,237,238,B,N,0.14500000000000002
298,238,121,239,122,B,N,0.14477568856683093
299,238,179,239,180,B,N,0.1452446212429224
300,238,239,239,240,B,N,0.14500000000000002
301,240,181,241,182,B,N,0.1450620556865233
302,240,183,241,184,B,N,0.14533409785731655
303,240,241,241,242,B,N,0.14500000000000002
304,242,183,243,184,B,N,0.14531001341958535
305,242,185,243,186,B,N,0.14551288602732038
306,242,243,243,244,B,N,0.14500000000000002
307,244,185,245,186,B,N,0.14428097587693264
308,244,187,245,188,B,N,0.14551288602732038
309,244,245,245,246,B,N,0.14500000000000002
310,246,187,247,188,B,N,0.14531001341958535
311,246,189,247,190,B,N,0.14533409785731655
312,246,247,247,248,B,N,0.14500000000000002
313,248,189,249,190,B,N,0.1450620556865233
314,248,191,249,192,B,N,0.14489306401619054
315,248,249,249,250,B,N,0.14500000000000002
316,250,191,251,192,B,N,0.14527560015363902
317,250,193,251,194,B,N,0.14574292435655314
318,250,251,251,252,B,N,0.14500000000000002
319,252,193,253,194,B,N,0.14487926007541588
320,252,195,253,196,B,N,0.14527560015363902
321,252,253,253,254,B,N,0.14500000000000002
322,254,195,255,196,B,N,0.1448930640161909
323,254,197,255,198,B,N,0.1450620556865233
324,254,255,255,256,B,N,0.14500000000000002
325,256,197,257,198,B,N,0.14533409785731655
326,256,199,257,200,B,N,0.1460342425597502
327,256,257,257,258,B,N,0.14500000000000002
328,258,199,259,200,B,N,0.14484129245487956
329,258,201,259,202,B,N,0.14489306401619093
330,258,259,259,260,B,N,0.14500000000000002
331,260,201,261,202,B,N,0.1455128860273206
332,260,203,261,204,B,N,0.1448378403594865
333,260,261,261,262,B,N,0.14500000000000002
334,262,203,263,204,B,N,0.14533409785731635
335,262,205,263,206,B,N,0.1450620556865233
336,262,263,263,264,B,N,0.14500000000000002
337,264,205,265,206,B,N,0.14511719401917844
338,264,207,265,208,B,N,0.14514131045295142
339,264,265,265,266,B,N,0.14500000000000002
340,266,207,267,208,B,N,0.1457875166123628
341,266,209,267,210,B,N,0.1449241180756329
342,266,267,267,268,B,N,0.14500000000000002
343,268,209,269,210,B,N,0.14514131045295142
344,268,211,269,212,B,N,0.1451171940191788
345,268,269,269,270,B,N,0.14500000000000002
346,270,211,271,212,B,N,0.1450620556865233
347,270,213,271,214,B,N,0.14533409785731635
348,270,271,271,272,B,N,0.14500000000000002
349,272,213,273,214,B,N,0.1455644187293034
350,272,215,273,216,B,N,0.14484129245487978
351,272,273,273,274,B,N,0.14500000000000002
352,274,215,275,216,B,N,0.14550257729676125
353,274,217,275,218,B,N,0.14484129245487978
354,274,275,275,276,B,N,0.14500000000000002
355,276,217,277,218,B,N,0.1455644187293034
356,276,219,277,220,B,N,0.14533409785731635
357,276,277,277,278,B,N,0.14500000000000002
358,278,219,279,220,B,N,0.1450620556865233
359,278,221,279,222,B,N,0.1451171940191788
360,278,279,279,280,B,N,0.14500000000000002
361,280,221,281,222,B,N,0.14514131045295142
362,280,223,281,224,B,N,0.1449241180756329
363,280,281,281,282,B,N,0.14500000000000002
364,282,223,283,224,B,N,0.1457875166123628
365,282,225,283,226,B,N,0.14514131045295142
366,282,283,283,284,B,N,0.14500000000000002
367,284,225,285,226,B,N,0.14511719401917844
368,284,227,285,228,B,N,0.1450620556865233
369,284,285,285,286,B,N,0.14500000000000002
370,286,227,287,228,B,N,0.14533409785731635
371,286,229,287,230,B,N,0.1448378403594865
372,286,287,287,288,B,N,0.14500000000000002
373,288,229,289,230,B,N,0.1455128860273206
374,288,231,289,232,B,N,0.14489306401619093
375,288,289,289,290,B,N,0.14500000000000002
376,290,231,291,232,B,N,0.14484129245487956
377,290,233,291,234,B,N,0.1460342425597502
378,290,291,291,292,B,N,0.14500000000000002
379,292,233,293,234,B,N,0.14533409785731655
380,292,235,293,236,B,N,0.1450620556865233
381,292,293,293,294,B,N,0.14500000000000002
382,294,235,295,236,B,N,0.1448930640161909
383,294,237,295,238,B,N,0.14527560015363902
384,294,295,295,296,B,N,0.14500000000000002
385,296,237,297,238,B,N,0.14487926007541588
386,296,239,297,240,B,N,0.14574292435655314
387,296,297,297,298,B,N,0.14500000000000002
388,298,181,299,182,B,N,0.14489306401619054
389,298,239,299,240,B,N,0.14527560015363902
390,298,299,299,300,B,N,0.14500000000000002
391,300,241,301,242,B,N,0.14483438818181293
392,300,243,301,244,B,N,0.14481022063376636
393,300,301,301,302,B,N,0.14500000000000002
394,302,243,303,244,B,N,0.145013792447477
395,302,245,303,246,B,N,0.14377760604489156
396,302,303,303,304,B,N,0.14500000000000002
397,304,245,305,246,B,N,0.145013792447477
398,304,247,305,248,B,N,0.14481022063376636
399,304,305,305,306,B,N,0.14500000000000002
400,306,247,307,248,B,N,0.14483438818181293
401,306,249,307,250,B,N,0.14456140563788109
402,306,307,307,308,B,N,0.14500000000000002
403,308,249,309,250,B,N,0.14439182802361047
404,308,251,309,252,B,N,0.14477568856683093
405,308,309,309,310,B,N,0.14500000000000002
406,310,251,311,252,B,N,0.1452446212429224
407,310,253,311,254,B,N,0.1443779761598008
408,310,311,311,312,B,N,0.14500000000000002
409,312,253,313,254,B,N,0.14477568856683093
410,312,255,313,256,B,N,0.14439182802361084
411,312,313,313,314,B,N,0.14500000000000002
412,314,255,315,256,B,N,0.14456140563788109
413,314,257,315,258,B,N,0.14483438818181293
414,314,315,315,316,B,N,0.14500000000000002
415,316,257,317,258,B,N,0.1455369368923229
416,316,259,317,260,B,N,0.14433987668000817
417,316,317,317,318,B,N,0.14500000000000002
418,318,259,319,260,B,N,0.14439182802361086
419,318,261,319,262,B,N,0.14501379244747725
420,318,319,319,320,B,N,0.14500000000000002
421,320,261,321,262,B,N,0.1443364125922496
422,320,263,321,264,B,N,0.14483438818181277
423,320,321,321,322,B,N,0.14500000000000002
424,322,263,323,264,B,N,0.14456140563788109
425,322,265,323,266,B,N,0.14461673485458001
426,322,323,323,324,B,N,0.14500000000000002
427,324,265,325,266,B,N,0.1446409347314931
428,324,267,325,268,B,N,0.14528936643815327
429,324,325,325,326,B,N,0.14500000000000002
430,326,267,327,268,B,N,0.14442298985964805
431,326,269,327,270,B,N,0.1446409347314931
432,326,327,327,328,B,N,0.14500000000000002
433,328,269,329,270,B,N,0.14461673485458038
434,328,271,329,272,B,N,0.14456140563788109
435,328,329,329,330,B,N,0.14500000000000002
436,330,271,331,272,B,N,0.14483438818181277
437,330,273,331,274,B,N,0.14506550244630867
438,330,331,331,332,B,N,0.14500000000000002
439,332,273,333,274,B,N,0.1443398766800084
440,332,275,333,276,B,N,0.14500344823486094
441,332,333,333,334,B,N,0.14500000000000002
442,334,275,335,276,B,N,0.1443398766800084
443,334,277,335,278,B,N,0.14506550244630867
444,334,335,335,336,B,N,0.14500000000000002
445,336,277,337,278,B,N,0.14483438818181277
446,336,279,337,280,B,N,0.14456140563788109
447,336,337,337,338,B,N,0.14500000000000002
448,338,279,339,280,B,N,0.14461673485458038
449,338,281,339,282,B,N,0.1446409347314931
450,338,339,339,340,B,N,0.14500000000000002
451,340,281,341,282,B,N,0.14442298985964805
452,340,283,341,284,B,N,0.14528936643815327
453,340,341,341,342,B,N,0.14500000000000002
454,342,283,343,284,B,N,0.1446409347314931
455,342,285,343,286,B,N,0.14461673485458001
456,342,343,343,344,B,N,0.14500000000000002
457,344,285,345,286,B,N,0.14456140563788109
458,344,287,345,288,B,N,0.14483438818181277
459,344,345,345,346,B,N,0.14500000000000002
460,346,287,347,288,B,N,0.1443364125922496
461,346,289,347,290,B,N,0.14501379244747725
462,346,347,347,348,B,N,0.14500000000000002
463,348,289,349,290,B,N,0.14439182802361086
464,348,291,349,292,B,N,0.14433987668000817
465,348,349,349,350,B,N,0.14500000000000002
466,350,291,351,292,B,N,0.1455369368923229
467,350,293,351,294,B,N,0.14483438818181293
468,350,351,351,352,B,N,0.14500000000000002
469,352,293,353,294,B,N,0.14456140563788109
470,352,295,353,296,B,N,0.14439182802361084
471,352,353,353,354,B,N,0.14500000000000002
472,354,295,355,296,B,N,0.14477568856683093
473,354,297,355,298,B,N,0.1443779761598008
474,354,355,355,356,B,N,0.14500000000000002
475,356,297,357,298,B,N,0.1452446212429224
476,356,299,357,300,B,N,0.14477568856683093
477,356,357,357,358,B,N,0.14500000000000002
478,358,241,359,242,B,N,0.14456140563788109
479,358,299,359,300,B,N,0.14439182802361047
480,358,359,359,360,B,N,0.14500000000000002
481,360,301,361,302,B,N,0.14531001341958535
482,360,303,361,304,B,N,0.14551288602732038
483,360,361,361,362,B,N,0.14500000000000002
484,362,303,363,304,B,N,0.14428097587693264
485,362,305,363,306,B,N,0.14551288602732038
486,362,363,363,364,B,N,0.14500000000000002
487,364,305,365,306,B,N,0.14531001341958535
488,364,307,365,308,B,N,0.14533409785731655
489,364,365,365,366,B,N,0.14500000000000002
490,366,307,367,308,B,N,0.1450620556865233
491,366,309,367,310,B,N,0.14489306401619054
492,366,367,367,368,B,N,0.14500000000000002
493,368,309,369,310,B,N,0.14527560015363902
494,368,311,369,312,B,N,0.14574292435655314
495,368,369,369,370,B,N,0.14500000000000002
496,370,311,371,312,B,N,0.14487926007541588
497,370,313,371,314,B,N,0.14527560015363902
498,370,371,371,372,B,N,0.14500000000000002
499,372,313,373,314,B,N,0.1448930640161909
500,372,315,373,316,B,N,0.1450620556865233
501,372,373,373,374,B,N,0.14500000000000002
502,374,315,375,316,B,N,0.14533409785731655
503,374,317,375,318,B,N,0.1460342425597502
504,374,375,375,376,B,N,0.14500000000000002
505,376,317,377,318,B,N,0.14484129245487956
506,376,319,377,320,B,N,0.14489306401619093
507,376,377,377,378,B,N,0.14500000000000002
508,378,319,379,320,B,N,0.1455128860273206
509,378,321,379,322,B,N,0.1448378403594865
510,378,379,379,380,B,N,0.14500000000000002
511,380,321,381,322,B,N,0.14533409785731635
512,380,323,381,324,B,N,0.1450620556865233
513,380,381,381,382,B,N,0.14500000000000002
514,382,323,383,324,B,N,0.14511719401917844
515,382,325,383,326,B,N,0.14514131045295142
516,382,383,383,384,B,N,0.14500000000000002
517,384,325,385,326,B,N,0.1457875166123628
518,384,327,385,328,B,N,0.1449241180756329
519,384,385,385,386,B,N,0.14500000000000002
520,386,327,387,328,B,N,0.14514131045295142
521,386,329,387,330,B,N,0.1451171940191788
522,386,387,387,388,B,N,0.14500000000000002
523,388,329,389,330,B,N,0.1450620556865233
524,388,331,389,332,B,N,0.14533409785731635
525,388,389,389,390,B,N,0.14500000000000002
526,390,331,391,332,B,N,0.1455644187293034
527,390,333,391,334,B,N,0.14484129245487978
528,390,391,391,392,B,N,0.14500000000000002
529,392,333,393,334,B,N,0.14550257729676125
530,392,335,393,336,B,N,0.14484129245487978
531,392,393,393,394,B,N,0.14500000000000002
532,394,335,395,336,B,N,0.1455644187293034
533,394,337,395,338,B,N,0.14533409785731635
534,394,395,395,396,B,N,0.14500000000000002
535,396,337,397,338,B,N,0.1450620556865233
536,396,339,397,340,B,N,0.1451171940191788
537,396,397,397,398,B,N,0.14500000000000002
538,398,339,399,340,B,N,0.14514131045295142
539,398,341,399,342,B,N,0.1449241180756329
540,398,399,399,400,B,N,0.14500000000000002
541,400,341,401,342,B,N,0.1457875166123628
542,400,343,401,344,B,N,0.14514131045295142
543,400,401,401,402,B,N,0.14500000000000002
544,402,343,403,344,B,N,0.14511719401917844
545,402,345,403,346,B,N,0.1450620556865233
546,402,403,403,404,B,N,0.14500000000000002
547,404,345,405,346,B,N,0.14533409785731635
548,404,347,405,348,B,N,0.1448378403594865
549,404,405,405,406,B,N,0.14500000000000002
550,406,347,407,348,B,N,0.1455128860273206
551,406,349,407,350,B,N,0.14489306401619093
552,406,407,407,408,B,N,0.14500000000000002
553,408,349,409,350,B,N,0.14484129245487956
554,408,351,409,352,B,N,0.1460342425597502
555,408,409,409,410,B,N,0.14500000000000002
556,410,351,411,352,B,N,0.14533409785731655
557,410,353,411,354,B,N,0.1450620556865233
558,410,411,411,412,B,N,0.14500000000000002
559,412,353,413,354,B,N,0.1448930640161909
560,412,355,413,356,B,N,0.14527560015363902
561,412,413,413,414,B,N,0.14500000000000002
562,414,355,415,356,B,N,0.14487926007541588
563,414,357,415,358,B,N,0.14574292435655314
564,414,415,415,416,B,N,0.14500000000000002
565,416,357,417,358,B,N,0.14527560015363902
566,416,359,417,360,B,N,0.14489306401619054
567,416,417,417,418,B,N,0.14500000000000002
568,418,301,419,302,B,N,0.14533409785731655
569,418,359,419,360,B,N,0.1450620556865233
570,418,419,419,420,B,N,0.14500000000000002
571,420,361,421,362,B,N,0.14501379244747678
572,420,363,421,364,B,N,0.14377760604489134
573,420,421,421,422,B,N,0.14500000000000002
574,422,363,423,364,B,N,0.14501379244747678
575,422,365,423,366,B,N,0.14481022063376614
576,422,423,423,424,B,N,0.14500000000000002
577,424,365,425,366,B,N,0.1448343881818127
578,424,367,425,368,B,N,0.1445614056378809
579,424,425,425,426,B,N,0.14500000000000002
580,426,367,427,368,B,N,0.14439182802361025
581,426,369,427,370,B,N,0.1447756885668307
582,426,427,427,428,B,N,0.14500000000000002
583,428,369,429,370,B,N,0.14524462124292217
584,428,371,429,372,B,N,0.14437797615980058
585,428,429,429,430,B,N,0.14500000000000002
586,430,371,431,372,B,N,0.1447756885668307
587,430,373,431,374,B,N,0.14439182802361064
588,430,431,431,432,B,N,0.14500000000000002
589,432,373,433,374,B,N,0.1445614056378809
590,432,375,433,376,B,N,0.1448343881818127
591,432,433,433,434,B,N,0.14500000000000002
592,434,375,435,376,B,N,0.14553693689232267
593,434,377,435,378,B,N,0.14433987668000794
594,434,435,435,436,B,N,0.14500000000000002
595,436,377,437,378,B,N,0.14439182802361064
596,436,379,437,380,B,N,0.14501379244747703
597,436,437,437,438,B,N,0.14500000000000002
598,438,379,439,380,B,N,0.14433641259224939
599,438,381,439,382,B,N,0.14483438818181255
600,438,439,439,440,B,N,0.14500000000000002
601,440,381,441,382,B,N,0.1445614056378809
602,440,383,441,384,B,N,0.1446167348545798
603,440,441,441,442,B,N,0.14500000000000002
604,442,383,443,384,B,N,0.14464093473149287
605,442,385,443,386,B,N,0.14528936643815304
606,442,443,443,444,B,N,0.14500000000000002
607,444,385,445,386,B,N,0.14442298985964783
608,444,387,445,388,B,N,0.14464093473149287
609,444,445,445,446,B,N,0.14500000000000002
610,446,387,447,388,B,N,0.14461673485458015
611,446,389,447,390,B,N,0.1445614056378809
612,446,447,447,448,B,N,0.14500000000000002
613,448,389,449,390,B,N,0.14483438818181255
614,448,391,449,392,B,N,0.14506550244630848
615,448,449,449,450,B,N,0.14500000000000002
616,450,391,451,392,B,N,0.1443398766800082
617,450,393,451,394,B,N,0.14500344823486072
618,450,451,451,452,B,N,0.14500000000000002
619,452,393,453,394,B,N,0.1443398766800082
620,452,395,453,396,B,N,0.14506550244630848
621,452,453,453,454,B,N,0.14500000000000002
622,454,395,455,396,B,N,0.14483438818181255
623,454,397,455,398,B,N,0.1445614056378809
624,454,455,455,456,B,N,0.14500000000000002
625,456,397,457,398,B,N,0.14461673485458015
626,456,399,457,400,B,N,0.14464093473149287
627,456,457,457,458,B,N,0.14500000000000002
628,458,399,459,400,B,N,0.14442298985964783
629,458,401,459,402,B,N,0.14528936643815304
630,458,459,459,460,B,N,0.14500000000000002
631,460,401,461,402,B,N,0.14464093473149287
632,460,403,461,404,B,N,0.1446167348545798
633,460,461,461,462,B,N,0.14500000000000002
634,462,403,463,404,B,N,0.1445614056378809
635,462,405,463,406,B,N,0.14483438818181255
636,462,463,463,464,B,N,0.14500000000000002
637,464,405,465,406,B,N,0.14433641259224939
638,464,407,465,408,B,N,0.14501379244747703
639,464,465,465,466,B,N,0.14500000000000002
640,466,407,467,408,B,N,0.14439182802361064
641,466,409,467,410,B,N,0.14433987668000794
642,466,467,467,468,B,N,0.14500000000000002
643,468,409,469,410,B,N,0.14553693689232267
644,468,411,469,412,B,N,0.1448343881818127
645,468,469,469,470,B,N,0.14500000000000002
646,470,411,471,412,B,N,0.1445614056378809
647,470,413,471,414,B,N,0.14439182802361064
648,470,471,471,472,B,N,0.14500000000000002
649,472,413,473,414,B,N,0.1447756885668307
650,472,415,473,416,B,N,0.14437797615980058
651,472,473,473,474,B,N,0.14500000000000002
652,474,415,475,416,B,N,0.14524462124292217
653,474,417,475,418,B,N,0.1447756885668307
654,474,475,475,476,B,N,0.14500000000000002
655,476,417,477,418,B,N,0.14439182802361025
656,476,419,477,420,B,N,0.1445614056378809
657,476,477,477,478,B,N,0.14500000000000002
658,478,361,479,362,B,N,0.14481022063376614
659,478,419,479,420,B,N,0.1448343881818127
660,478,479,479,480,B,N,0.14500000000000002
661,480,421,481,422,B,N,0.14428097587693287
662,480,423,481,424,B,N,0.1455128860273206
663,480,481,481,482,B,N,0.14499999999999957
664,482,423,483,424,B,N,0.14531001341958558
665,482,425,483,426,B,N,0.14533409785731677
666,482,483,483,484,B,N,0.14499999999999957
667,484,425,485,426,B,N,0.14506205568652353
668,484,427,485,428,B,N,0.14489306401619076
669,484,485,485,486,B,N,0.14499999999999957
670,486,427,487,428,B,N,0.14527560015363924
671,486,429,487,430,B,N,0.14574292435655337
672,486,487,487,488,B,N,0.14499999999999957
673,488,429,489,430,B,N,0.1448792600754161
674,488,431,489,432,B,N,0.14527560015363924
675,488,489,489,490,B,N,0.14499999999999957
676,490,431,491,432,B,N,0.14489306401619112
677,490,433,491,434,B,N,0.14506205568652353
678,490,491,491,492,B,N,0.14499999999999957
679,492,433,493,434,B,N,0.14533409785731677
680,492,435,493,436,B,N,0.14603424255975045
681,492,493,493,494,B,N,0.14499999999999957
682,494,435,495,436,B,N,0.14484129245487978
683,494,437,495,438,B,N,0.14489306401619115
684,494,495,495,496,B,N,0.14499999999999957
685,496,437,497,438,B,N,0.14551288602732082
686,496,439,497,440,B,N,0.1448378403594867
687,496,497,497,498,B,N,0.14499999999999957
688,498,439,499,440,B,N,0.1453340978573166
689,498,441,499,442,B,N,0.14506205568652353
690,498,499,499,500,B,N,0.14499999999999957
691,500,441,501,442,B,N,0.14511719401917866
692,500,443,501,444,B,N,0.14514131045295164
693,500,501,501,502,B,N,0.14499999999999957
694,502,443,503,444,B,N,0.14578751661236306
695,502,445,503,446,B,N,0.14492411807563313
696,502,503,503,504,B,N,0.14499999999999957
697,504,445,505,446,B,N,0.14514131045295164
698,504,447,505,448,B,N,0.14511719401917905
699,504,505,505,506,B,N,0.14499999999999957
700,506,447,507,448,B,N,0.14506205568652353
701,506,449,507,450,B,N,0.1453340978573166
702,506,507,507,508,B,N,0.14499999999999957
703,508,449,509,450,B,N,0.14556441872930362
704,508,451,509,452,B,N,0.14484129245488003
705,508,509,509,510,B,N,0.14499999999999957
706,510,451,511,452,B,N,0.14550257729676147
707,510,453,511,454,B,N,0.14484129245488003
708,510,511,511,512,B,N,0.14499999999999957
709,512,453,513,454,B,N,0.14556441872930362
710,512,455,513,456,B,N,0.1453340978573166
711,512,513,513,514,B,N,0.14499999999999957
712,514,455,515,456,B,N,0.14506205568652353
713,514,457,515,458,B,N,0.14511719401917905
714,514,515,515,516,B,N,0.14499999999999957
715,516,457,517,458,B,N,0.14514131045295164
716,516,459,517,460,B,N,0.14492411807563313
717,516,517,517,518,B,N,0.14499999999999957
718,518,459,519,460,B,N,0.14578751661236306
719,518,461,519,462,B,N,0.14514131045295164
720,518,519,519,520,B,N,0.14499999999999957
721,520,461,521,462,B,N,0.14511719401917866
722,520,463,521,464,B,N,0.14506205568652353
723,520,521,521,522,B,N,0.14499999999999957
724,522,463,523,464,B,N,0.1453340978573166
725,522,465,523,466,B,N,0.1448378403594867
726,522,523,523,524,B,N,0.14499999999999957
727,524,465,525,466,B,N,0.14551288602732082
728,524,467,525,468,B,N,0.14489306401619115
729,524,525,525,526,B,N,0.14499999999999957
730,526,467,527,468,B,N,0.14484129245487978
731,526,469,527,470,B,N,0.14603424255975045
732,526,527,527,528,B,N,0.14499999999999957
733,528,469,529,470,B,N,0.14533409785731677
734,528,471,529,472,B,N,0.14506205568652353
735,528,529,529,530,B,N,0.14499999999999957
736,530,471,531,472,B,N,0.14489306401619112
737,530,473,531,474,B,N,0.14527560015363924
738,530,531,531,532,B,N,0.14499999999999957
739,532,473,533,474,B,N,0.1448792600754161
740,532,475,533,476,B,N,0.14574292435655337
741,532,533,533,534,B,N,0.14499999999999957
742,534,475,535,476,B,N,0.14527560015363924
743,534,477,535,478,B,N,0.14489306401619076
744,534,535,535,536,B,N,0.14499999999999957
745,536,477,537,478,B,N,0.14506205568652353
746,536,479,537,480,B,N,0.14533409785731677
747,536,537,537,538,B,N,0.14499999999999957
748,538,421,539,422,B,N,0.1455128860273206
749,538,479,539,480,B,N,0.14531001341958558
750,538,539,539,540,B,N,0.14499999999999957
751,540,481,541,482,B,N,0.1455128860273206
752,540,483,541,484,B,N,0.14531001341958558
753,540,541,541,542,B,N,0.14499999999999957
754,542,483,543,484,B,N,0.14533409785731677
755,542,485,543,486,B,N,0.14506205568652353
756,542,543,543,544,B,N,0.14499999999999957
757,544,485,545,486,B,N,0.14489306401619076
758,544,487,545,488,B,N,0.14527560015363924
759,544,545,545,546,B,N,0.14499999999999957
760,546,487,547,488,B,N,0.14574292435655337
761,546,489,547,490,B,N,0.1448792600754161
762,546,547,547,548,B,N,0.14499999999999957
763,548,489,549,490,B,N,0.14527560015363924
764,548,491,549,492,B,N,0.14489306401619112
765,548,549,549,550,B,N,0.14499999999999957
766,550,491,551,492,B,N,0.14506205568652353
767,550,493,551,494,B,N,0.14533409785731677
768,550,551,551,552,B,N,0.14499999999999957
769,552,493,553,494,B,N,0.14603424255975045
770,552,495,553,496,B,N,0.14484129245487978
771,552,553,553,554,B,N,0.14499999999999957
772,554,495,555,496,B,N,0.14489306401619115
773,554,497,555,498,B,N,0.14551288602732082
774,554,555,555,556,B,N,0.14499999999999957
775,556,497,557,498,B,N,0.1448378403594867
776,556,499,557,500,B,N,0.1453340978573166
777,556,557,557,558,B,N,0.14499999999999957
778,558,499,559,500,B,N,0.14506205568652353
779,558,501,559,502,B,N,0.14511719401917866
780,558,559,559,560,B,N,0.14499999999999957
781,560,501,561,502,B,N,0.14514131045295164
782,560,503,561,504,B,N,0.14578751661236306
783,560,561,561,562,B,N,0.14499999999999957
784,562,503,563,504,B,N,0.14492411807563313
785,562,505,563,506,B,N,0.14514131045295164
786,562,563,563,564,B,N,0.14499999999999957
787,564,505,565,506,B,N,0.14511719401917905
788,564,507,565,508,B,N,0.14506205568652353
789,564,565,565,566,B,N,0.14499999999999957
790,566,507,567,508,B,N,0.1453340978573166
791,566,509,567,510,B,N,0.14556441872930362
792,566,567,567,568,B,N,0.14499999999999957
793,568,509,569,510,B,N,0.14484129245488003
794,568,511,569,512,B,N,0.14550257729676147
795,568,569,569,570,B,N,0.14499999999999957
796,570,511,571,512,B,N,0.14484129245488003
797,570,513,571,514,B,N,0.14556441872930362
798,570,571,571,572,B,N,0.14499999999999957
799,572,513,573,514,B,N,0.1453340978573166
800,572,515,573,516,B,N,0.14506205568652353
801,572,573,573,574,B,N,0.14499999999999957
802,574,515,575,516,B,N,0.14511719401917905
803,574,517,575,518,B,N,0.14514131045295164
804,574,575,575,576,B,N,0.14499999999999957
805,576,517,577,518,B,N,0.14492411807563313
806,576,519,577,520,B,N,0.14578751661236306
807,576,577,577,578,B,N,0.14499999999999957
808,578,519,579,520,B,N,0.14514131045295164
809,578,521,579,522,B,N,0.14511719401917866
810,578,579,579,580,B,N,0.14499999999999957
811,580,521,581,522,B,N,0.14506205568652353
812,580,523,581,524,B,N,0.1453340978573166
813,580,581,581,582,B,N,0.14499999999999957
814,582,523,583,524,B,N,0.1448378403594867
815,582,525,583,526,B,N,0.14551288602732082
816,582,583,583,584,B,N,0.14499999999999957
817,584,525,585,526,B,N,0.14489306401619115
818,584,527,585,528,B,N,0.14484129245487978
819,584,585,585,586,B,N,0.14499999999999957
820,586,527,587,528,B,N,0.14603424255975045
821,586,529,587,530,B,N,0.14533409785731677
822,586,587,587,588,B,N,0.14499999999999957
823,588,529,589,530,B,N,0.14506205568652353
824,588,531,589,532,B,N,0.14489306401619112
825,588,589,589,590,B,N,0.14499999999999957
826,590,531,591,532,B,N,0.14527560015363924
827,590,533,591,534,B,N,0.1448792600754161
828,590,591,591,592,B,N,0.14499999999999957
829,592,533,593,534,B,N,0.14574292435655337
830,592,535,593,536,B,N,0.14527560015363924
831,592,593,593,594,B,N,0.14499999999999957
832,594,535,595,536,B,N,0.14489306401619076
833,594,537,595,538,B,N,0.14506205568652353
834,594,595,595,596,B,N,0.14499999999999957
835,596,537,597,538,B,N,0.14533409785731677
836,596,539,597,540,B,N,0.14531001341958558
837,596,597,597,598,B,N,0.14499999999999957
838,598,481,599,482,B,N,0.14428097587693287
839,598,539,599,540,B,N,0.1455128860273206
840,598,599,599,600,B,N,0.14499999999999957
841,600,541,601,542,B,N,0.14481022063376636
842,600,543,601,544,B,N,0.14483438818181293
843,600,601,601,602,B,N,0.14500000000000046
844,602,543,603,544,B,N,0.14456140563788109
845,602,545,603,546,B,N,0.14439182802361047
846,602,603,603,604,B,N,0.14500000000000046
847,604,545,605,546,B,N,0.14477568856683093
848,604,547,605,548,B,N,0.1452446212429224
849,604,605,605,606,B,N,0.14500000000000046
850,606,547,607,548,B,N,0.1443779761598008
851,606,549,607,550,B,N,0.14477568856683093
852,606,607,607,608,B,N,0.14500000000000046
853,608,549,609,550,B,N,0.14439182802361084
854,608,551,609,552,B,N,0.14456140563788109
855,608,609,609,610,B,N,0.14500000000000046
856,610,551,611,552,B,N,0.14483438818181293
857,610,553,611,554,B,N,0.1455369368923229
858,610,611,611,612,B,N,0.14500000000000046
859,612,553,613,554,B,N,0.14433987668000817
860,612,555,613,556,B,N,0.14439182802361086
861,612,613,613,614,B,N,0.14500000000000046
862,614,555,615,556,B,N,0.14501379244747725
863,614,557,615,558,B,N,0.1443364125922496
864,614,615,615,616,B,N,0.14500000000000046
865,616,557,617,558,B,N,0.14483438818181277
866,616,559,617,560,B,N,0.14456140563788109
867,616,617,617,618,B,N,0.14500000000000046
868,618,559,619,560,B,N,0.14461673485458001
869,618,561,619,562,B,N,0.1446409347314931
870,618,619,619,620,B,N,0.14500000000000046
871,620,561,621,562,B,N,0.14528936643815327
872,620,563,621,564,B,N,0.14442298985964805
873,620,621,621,622,B,N,0.14500000000000046
874,622,563,623,564,B,N,0.1446409347314931
875,622,565,623,566,B,N,0.14461673485458038
876,622,623,623,624,B,N,0.14500000000000046
877,624,565,625,566,B,N,0.14456140563788109
878,624,567,625,568,B,N,0.14483438818181277
879,624,625,625,626,B,N,0.14500000000000046
880,626,567,627,568,B,N,0.14506550244630867
881,626,569,627,570,B,N,0.1443398766800084
882,626,627,627,628,B,N,0.14500000000000046
883,628,569,629,570,B,N,0.14500344823486094
884,628,571,629,572,B,N,0.1443398766800084
885,628,629,629,630,B,N,0.14500000000000046
886,630,571,631,572,B,N,0.14506550244630867
887,630,573,631,574,B,N,0.14483438818181277
888,630,631,631,632,B,N,0.14500000000000046
889,632,573,633,574,B,N,0.14456140563788109
890,632,575,633,576,B,N,0.14461673485458038
891,632,633,633,634,B,N,0.14500000000000046
892,634,575,635,576,B,N,0.1446409347314931
893,634,577,635,578,B,N,0.14442298985964805
894,634,635,635,636,B,N,0.14500000000000046
895,636,577,637,578,B,N,0.14528936643815327
896,636,579,637,580,B,N,0.1446409347314931
897,636,637,637,638,B,N,0.14500000000000046
898,638,579,639,580,B,N,0.14461673485458001
899,638,581,639,582,B,N,0.14456140563788109
900,638,639,639,640,B,N,0.14500000000000046
901,640,581,641,582,B,N,0.14483438818181277
902,640,583,641,584,B,N,0.1443364125922496
903,640,641,641,642,B,N,0.14500000000000046
904,642,583,643,584,B,N,0.14501379244747725
905,642,585,643,586,B,N,0.14439182802361086
906,642,643,643,644,B,N,0.14500000000000046
907,644,585,645,586,B,N,0.14433987668000817
908,644,587,645,588,B,N,0.1455369368923229
909,644,645,645,646,B,N,0.14500000000000046
910,646,587,647,588,B,N,0.14483438818181293
911,646,589,647,590,B,N,0.14456140563788109
912,646,647,647,648,B,N,0.14500000000000046
913,648,589,649,590,B,N,0.14439182802361084
914,648,591,649,592,B,N,0.14477568856683093
915,648,649,649,650,B,N,0.14500000000000046
916,650,591,651,592,B,N,0.1443779761598008
917,650,593,651,594,B,N,0.1452446212429224
918,650,651,651,652,B,N,0.14500000000000046
919,652,593,653,594,B,N,0.14477568856683093
920,652,595,653,596,B,N,0.14439182802361047
921,652,653,653,654,B,N,0.14500000000000046
922,654,595,655,596,B,N,0.14456140563788109
923,654,597,655,598,B,N,0.14483438818181293
924,654,655,655,656,B,N,0.14500000000000046
925,656,597,657,598,B,N,0.14481022063376636
926,656,599,657,600,B,N,0.145013792447477
927,656,657,657,658,B,N,0.14500000000000046
928,658,541,659,542,B,N,0.145013792447477
929,658,599,659,600,B,N,0.14377760604489156
930,658,659,659,660,B,N,0.14500000000000046
931,660,601,661,602,B,N,0.14533409785731632
932,660,603,661,604,B,N,0.14506205568652306
933,660,661,661,662,B,N,0.14400000000000013
934,662,603,663,604,B,N,0.14489306401619031
935,662,605,663,606,B,N,0.1452756001536388
936,662,663,663,664,B,N,0.14400000000000013
937,664,605,665,606,B,N,0.1457429243565529
938,664,607,665,608,B,N,0.14487926007541566
939,664,665,665,666,B,N,0.14400000000000013
940,666,607,667,608,B,N,0.1452756001536388
941,666,609,667,610,B,N,0.14489306401619068
942,666,667,667,668,B,N,0.14400000000000013
943,668,609,669,610,B,N,0.14506205568652306
944,668,611,669,612,B,N,0.14533409785731632
945,668,669,669,670,B,N,0.14400000000000013
946,670,611,671,612,B,N,0.14603424255974998
947,670,613,671,614,B,N,0.14484129245487934
948,670,671,671,672,B,N,0.14400000000000013
949,672,613,673,614,B,N,0.1448930640161907
950,672,615,673,616,B,N,0.14551288602732038
951,672,673,673,674,B,N,0.14400000000000013
952,674,615,675,616,B,N,0.14483784035948627
953,674,617,675,618,B,N,0.14533409785731613
954,674,675,675,676,B,N,0.14400000000000013
955,676,617,677,618,B,N,0.14506205568652306
956,676,619,677,620,B,N,0.14511719401917822
957,676,677,677,678,B,N,0.14400000000000013
958,678,619,679,620,B,N,0.1451413104529512
959,678,621,679,622,B,N,0.14578751661236258
960,678,679,679,680,B,N,0.14400000000000013
961,680,621,681,622,B,N,0.14492411807563269
962,680,623,681,624,B,N,0.1451413104529512
963,680,681,681,682,B,N,0.14400000000000013
964,682,623,683,624,B,N,0.14511719401917858
965,682,625,683,626,B,N,0.14506205568652306
966,682,683,683,684,B,N,0.14400000000000013
967,684,625,685,626,B,N,0.14533409785731613
968,684,627,685,628,B,N,0.14556441872930317
969,684,685,685,686,B,N,0.14400000000000013
970,686,627,687,628,B,N,0.14484129245487956
971,686,629,687,630,B,N,0.14550257729676103
972,686,687,687,688,B,N,0.14400000000000013
973,688,629,689,630,B,N,0.14484129245487956
974,688,631,689,632,B,N,0.14556441872930317
975,688,689,689,690,B,N,0.14400000000000013
976,690,631,691,632,B,N,0.14533409785731613
977,690,633,691,634,B,N,0.14506205568652306
978,690,691,691,692,B,N,0.14400000000000013
979,692,633,693,634,B,N,0.14511719401917858
980,692,635,693,636,B,N,0.1451413104529512
981,692,693,693,694,B,N,0.14400000000000013
982,694,635,695,636,B,N,0.14492411807563269
983,694,637,695,638,B,N,0.14578751661236258
984,694,695,695,696,B,N,0.14400000000000013
985,696,637,697,638,B,N,0.1451413104529512
986,696,639,697,640,B,N,0.14511719401917822
987,696,697,697,698,B,N,0.14400000000000013
988,698,639,699,640,B,N,0.14506205568652306
989,698,641,699,642,B,N,0.14533409785731613
990,698,699,699,700,B,N,0.14400000000000013
991,700,641,701,642,B,N,0.14483784035948627
992,700,643,701,644,B,N,0.14551288602732038
993,700,701,701,702,B,N,0.14400000000000013
994,702,643,703,644,B,N,0.1448930640161907
995,702,645,703,646,B,N,0.14484129245487934
996,702,703,703,704,B,N,0.14400000000000013
997,704,645,705,646,B,N,0.14603424255974998
998,704,647,705,648,B,N,0.14533409785731632
999,704,705,705,706,B,N,0.14400000000000013
1000,706,647,707,648,B,N,0.14506205568652306
1001,706,649,707,650,B,N,0.14489306401619068
1002,706,707,707,708,B,N,0.14400000000000013
1003,708,649,709,650,B,N,0.1452756001536388
1004,708,651,709,652,B,N,0.14487926007541566
1005,708,709,709,710,B,N,0.14400000000000013
1006,710,651,711,652,B,N,0.1457429243565529
1007,710,653,711,654,B,N,0.1452756001536388
1008,710,711,711,712,B,N,0.14400000000000013
1009,712,653,713,654,B,N,0.14489306401619031
1010,712,655,713,656,B,N,0.14506205568652306
1011,712,713,713,714,B,N,0.14400000000000013
1012,714,655,715,656,B,N,0.14533409785731632
1013,714,657,715,658,B,N,0.14531001341958513
1014,714,715,715,716,B,N,0.14400000000000013
1015,716,657,717,658,B,N,0.14551288602732013
1016,716,659,717,660,B,N,0.14428097587693242
1017,716,717,717,718,B,N,0.14400000000000013
1018,718,601,719,602,B,N,0.14531001341958513
1019,718,659,719,660,B,N,0.14551288602732013
1020,718,719,719,720,B,N,0.14400000000000013
1021,720,661,721,662,B,N,0.14506205568652353
1022,720,663,721,664,B,N,0.14489306401619076
1023,720,721,721,722,B,N,0.14499999999999957
1024,722,663,723,664,B,N,0.14527560015363924
1025,722,665,723,666,B,N,0.14574292435655337
1026,722,723,723,724,B,N,0.14499999999999957
1027,724,665,725,666,B,N,0.1448792600754161
1028,724,667,725,668,B,N,0.14527560015363924
1029,724,725,725,726,B,N,0.14499999999999957
1030,726,667,727,668,B,N,0.14489306401619112
1031,726,669,727,670,B,N,0.14506205568652353
1032,726,727,727,728,B,N,0.14499999999999957
1033,728,669,729,670,B,N,0.14533409785731677
1034,728,671,729,672,B,N,0.14603424255975045
1035,728,729,729,730,B,N,0.14499999999999957
1036,730,671,731,672,B,N,0.14484129245487978
1037,730,673,731,674,B,N,0.14489306401619115
1038,730,731,731,732,B,N,0.14499999999999957
1039,732,673,733,674,B,N,0.14551288602732082
1040,732,675,733,676,B,N,0.1448378403594867
1041,732,733,733,734,B,N,0.14499999999999957
1042,734,675,735,676,B,N,0.1453340978573166
1043,734,677,735,678,B,N,0.14506205568652353
1044,734,735,735,736,B,N,0.14499999999999957
1045,736,677,737,678,B,N,0.14511719401917866
1046,736,679,737,680,B,N,0.14514131045295164
1047,736,737,737,738,B,N,0.14499999999999957
1048,738,679,739,680,B,N,0.14578751661236306
1049,738,681,739,682,B,N,0.14492411807563313
1050,738,739,739,740,B,N,0.14499999999999957
1051,740,681,741,682,B,N,0.14514131045295164
1052,740,683,741,684,B,N,0.14511719401917905
1053,740,741,741,742,B,N,0.14499999999999957
1054,742,683,743,684,B,N,0.14506205568652353
1055,742,685,743,686,B,N,0.1453340978573166
1056,742,743,743,744,B,N,0.14499999999999957
1057,744,685,745,686,B,N,0.14556441872930362
1058,744,687,745,688,B,N,0.14484129245488003
1059,744,745,745,746,B,N,0.14499999999999957
1060,746,687,747,688,B,N,0.14550257729676147
1061,746,689,747,690,B,N,0.14484129245488003
1062,746,747,747,748,B,N,0.14499999999999957
1063,748,689,749,690,B,N,0.14556441872930362
1064,748,691,749,692,B,N,0.1453340978573166
1065,748,749,749,750,B,N,0.14499999999999957
1066,750,691,751,692,B,N,0.14506205568652353
1067,750,693,751,694,B,N,0.14511719401917905
1068,750,751,751,752,B,N,0.14499999999999957
1069,752,693,753,694,B,N,0.14514131045295164
1070,752,695,753,696,B,N,0.14492411807563313
1071,752,753,753,754,B,N,0.14499999999999957
1072,754,695,755,696,B,N,0.14578751661236306
1073,754,697,755,698,B,N,0.14514131045295164
1074,754,755,755,756,B,N,0.14499999999999957
1075,756,697,757,698,B,N,0.14511719401917866
1076,756,699,757,700,B,N,0.14506205568652353
1077,756,757,757,758,B,N,0.14499999999999957
1078,758,699,759,700,B,N,0.1453340978573166
1079,758,701,759,702,B,N,0.1448378403594867
1080,758,759,759,760,B,N,0.14499999999999957
1081,760,701,761,702,B,N,0.14551288602732082
1082,760,703,761,704,B,N,0.14489306401619115
1083,760,761,761,762,B,N,0.14499999999999957
1084,762,703,763,704,B,N,0.14484129245487978
1085,762,705,763,706,B,N,0.14603424255975045
1086,762,763,763,764,B,N,0.14499999999999957
1087,764,705,765,706,B,N,0.14533409785731677
1088,764,707,765,708,B,N,0.14506205568652353
1089,764,765,765,766,B,N,0.14499999999999957
1090,766,707,767,708,B,N,0.14489306401619112
1091,766,709,767,710,B,N,0.14527560015363924
1092,766,767,767,768,B,N,0.14499999999999957
1093,768,709,769,710,B,N,0.1448792600754161
1094,768,711,769,712,B,N,0.14574292435655337
1095,768,769,769,770,B,N,0.14499999999999957
1096,770,711,771,712,B,N,0.14527560015363924
1097,770,713,771,714,B,N,0.14489306401619076
1098,770,771,771,772,B,N,0.14499999999999957
1099,772,713,773,714,B,N,0.14506205568652353
1100,772,715,773,716,B,N,0.14533409785731677
1101,772,773,773,774,B,N,0.14499999999999957
1102,774,715,775,716,B,N,0.14531001341958558
1103,774,717,775,718,B,N,0.1455128860273206
1104,774,775,775,776,B,N,0.14499999999999957
1105,776,717,777,718,B,N,0.14428097587693287
1106,776,719,777,720,B,N,0.1455128860273206
1107,776,777,777,778,B,N,0.14499999999999957
1108,778,661,779,662,B,N,0.14533409785731677
1109,778,719,779,720,B,N,0.14531001341958558
1110,778,779,779,780,B,N,0.14499999999999957
1111,780,721,781,722,B,N,0.14439182802361047
1112,780,723,781,724,B,N,0.14477568856683093
1113,780,781,781,782,B,N,0.1459999999999999
1114,782,723,783,724,B,N,0.1452446212429224
1115,782,725,783,726,B,N,0.1443779761598008
1116,782,783,783,784,B,N,0.1459999999999999
1117,784,725,785,726,B,N,0.14477568856683093
1118,784,727,785,728,B,N,0.14439182802361084
1119,784,785,785,786,B,N,0.1459999999999999
1120,786,727,787,728,B,N,0.14456140563788109
1121,786,729,787,730,B,N,0.14483438818181293
1122,786,787,787,788,B,N,0.1459999999999999
1123,788,729,789,730,B,N,0.1455369368923229
1124,788,731,789,732,B,N,0.14433987668000817
1125,788,789,789,790,B,N,0.1459999999999999
1126,790,731,791,732,B,N,0.14439182802361086
1127,790,733,791,734,B,N,0.14501379244747725
1128,790,791,791,792,B,N,0.1459999999999999
1129,792,733,793,734,B,N,0.1443364125922496
1130,792,735,793,736,B,N,0.14483438818181277
1131,792,793,793,794,B,N,0.1459999999999999
1132,794,735,795,736,B,N,0.14456140563788109
1133,794,737,795,738,B,N,0.14461673485458001
1134,794,795,795,796,B,N,0.1459999999999999
1135,796,737,797,738,B,N,0.1446409347314931
1136,796,739,797,740,B,N,0.14528936643815327
1137,796,797,797,798,B,N,0.1459999999999999
1138,798,739,799,740,B,N,0.14442298985964805
1139,798,741,799,742,B,N,0.1446409347314931
1140,798,799,799,800,B,N,0.1459999999999999
1141,800,741,801,742,B,N,0.14461673485458038
1142,800,743,801,744,B,N,0.14456140563788109
1143,800,801,801,802,B,N,0.1459999999999999
1144,802,743,803,744,B,N,0.14483438818181277
1145,802,745,803,746,B,N,0.14506550244630867
1146,802,803,803,804,B,N,0.1459999999999999
1147,804,745,805,746,B,N,0.1443398766800084
1148,804,747,805,748,B,N,0.14500344823486094
1149,804,805,805,806,B,N,0.1459999999999999
1150,806,747,807,748,B,N,0.1443398766800084
1151,806,749,807,750,B,N,0.14506550244630867
1152,806,807,807,808,B,N,0.1459999999999999
1153,808,749,809,750,B,N,0.14483438818181277
1154,808,751,809,752,B,N,0.14456140563788109
1155,808,809,809,810,B,N,0.1459999999999999
1156,810,751,811,752,B,N,0.14461673485458038
1157,810,753,811,754,B,N,0.1446409347314931
1158,810,811,811,812,B,N,0.1459999999999999
1159,812,753,813,754,B,N,0.14442298985964805
1160,812,755,813,756,B,N,0.14528936643815327
1161,812,813,813,814,B,N,0.1459999999999999
1162,814,755,815,756,B,N,0.1446409347314931
1163,814,757,815,758,B,N,0.14461673485458001
1164,814,815,815,816,B,N,0.1459999999999999
1165,816,757,817,758,B,N,0.14456140563788109
1166,816,759,817,760,B,N,0.14483438818181277
1167,816,817,817,818,B,N,0.1459999999999999
1168,818,759,819,760,B,N,0.1443364125922496
1169,818,761,819,762,B,N,0.14501379244747725
1170,818,819,819,820,B,N,0.1459999999999999
1171,820,761,821,762,B,N,0.14439182802361086
1172,820,763,821,764,B,N,0.14433987668000817
1173,820,821,821,822,B,N,0.1459999999999999
1174,822,763,823,764,B,N,0.1455369368923229
1175,822,765,823,766,B,N,0.14483438818181293
1176,822,823,823,824,B,N,0.1459999999999999
1177,824,765,825,766,B,N,0.14456140563788109
1178,824,767,825,768,B,N,0.14439182802361084
1179,824,825,825,826,B,N,0.1459999999999999
1180,826,767,827,768,B,N,0.14477568856683093
1181,826,769,827,770,B,N,0.1443779761598008
1182,826,827,827,828,B,N,0.1459999999999999
1183,828,769,829,770,B,N,0.1452446212429224
1184,828,771,829,772,B,N,0.14477568856683093
1185,828,829,829,830,B,N,0.1459999999999999
1186,830,771,831,772,B,N,0.14439182802361047
1187,830,773,831,774,B,N,0.14456140563788109
1188,830,831,831,832,B,N,0.1459999999999999
1189,832,773,833,774,B,N,0.14483438818181293
1190,832,775,833,776,B,N,0.14481022063376636
1191,832,833,833,834,B,N,0.1459999999999999
1192,834,775,835,776,B,N,0.145013792447477
1193,834,777,835,778,B,N,0.14377760604489156
1194,834,835,835,836,B,N,0.1459999999999999
1195,836,777,837,778,B,N,0.145013792447477
1196,836,779,837,780,B,N,0.14481022063376636
1197,836,837,837,838,B,N,0.1459999999999999
1198,838,721,839,722,B,N,0.14456140563788109
1199,838,779,839,780,B,N,0.14483438818181293
1200,838,839,839,840,B,N,0.1459999999999999
1201,840,781,841,782,B,N,0.14477568856683093
1202,840,783,841,784,B,N,0.1452446212429224
1203,840,841,841,842,B,N,0.14500000000000046
1204,842,783,843,784,B,N,0.1443779761598008
1205,842,785,843,786,B,N,0.14477568856683093
1206,842,843,843,844,B,N,0.14500000000000046
1207,844,785,845,786,B,N,0.14439182802361084
1208,844,787,845,788,B,N,0.14456140563788109
1209,844,845,845,846,B,N,0.14500000000000046
1210,846,787,847,788,B,N,0.14483438818181293
1211,846,789,847,790,B,N,0.1455369368923229
1212,846,847,847,848,B,N,0.14500000000000046
1213,848,789,849,790,B,N,0.14433987668000817
1214,848,791,849,792,B,N,0.14439182802361086
1215,848,849,849,850,B,N,0.14500000000000046
1216,850,791,851,792,B,N,0.14501379244747725
1217,850,793,851,794,B,N,0.1443364125922496
1218,850,851,851,852,B,N,0.14500000000000046
1219,852,793,853,794,B,N,0.14483438818181277
1220,852,795,853,796,B,N,0.14456140563788109
1221,852,853,853,854,B,N,0.14500000000000046
1222,854,795,855,796,B,N,0.14461673485458001
1223,854,797,855,798,B,N,0.1446409347314931
1224,854,855,855,856,B,N,0.14500000000000046
1225,856,797,857,798,B,N,0.14528936643815327
1226,856,799,857,800,B,N,0.14442298985964805
1227,856,857,857,858,B,N,0.14500000000000046
1228,858,799,859,800,B,N,0.1446409347314931
1229,858,801,859,802,B,N,0.14461673485458038
1230,858,859,859,860,B,N,0.14500000000000046
1231,860,801,861,802,B,N,0.14456140563788109
1232,860,803,861,804,B,N,0.14483438818181277
1233,860,861,861,862,B,N,0.14500000000000046
1234,862,803,863,804,B,N,0.14506550244630867
1235,862,805,863,806,B,N,0.1443398766800084
1236,862,863,863,864,B,N,0.14500000000000046
1237,864,805,865,806,B,N,0.14500344823486094
1238,864,807,865,808,B,N,0.1443398766800084
1239,864,865,865,866,B,N,0.14500000000000046
1240,866,807,867,808,B,N,0.14506550244630867
1241,866,809,867,810,B,N,0.14483438818181277
1242,866,867,867,868,B,N,0.14500000000000046
1243,868,809,869,810,B,N,0.14456140563788109
1244,868,811,869,812,B,N,0.14461673485458038
1245,868,869,869,870,B,N,0.14500000000000046
1246,870,811,871,812,B,N,0.1446409347314931
1247,870,813,871,814,B,N,0.14442298985964805
1248,870,871,871,872,B,N,0.14500000000000046
1249,872,813,873,814,B,N,0.14528936643815327
1250,872,815,873,816,B,N,0.1446409347314931
1251,872,873,873,874,B,N,0.14500000000000046
1252,874,815,875,816,B,N,0.14461673485458001
1253,874,817,875,818,B,N,0.14456140563788109
1254,874,875,875,876,B,N,0.14500000000000046
1255,876,817,877,818,B,N,0.14483438818181277
1256,876,819,877,820,B,N,0.1443364125922496
1257,876,877,877,878,B,N,0.14500000000000046
1258,878,819,879,820,B,N,0.14501379244747725
1259,878,821,879,822,B,N,0.14439182802361086
1260,878,879,879,880,B,N,0.14500000000000046
1261,880,821,881,822,B,N,0.14433987668000817
1262,880,823,881,824,B,N,0.1455369368923229
1263,880,881,881,882,B,N,0.14500000000000046
1264,882,823,883,824,B,N,0.14483438818181293
1265,882,825,883,826,B,N,0.14456140563788109
1266,882,883,883,884,B,N,0.14500000000000046
1267,884,825,885,826,B,N,0.14439182802361084
1268,884,827,885,828,B,N,0.14477568856683093
1269,884,885,885,886,B,N,0.14500000000000046
1270,886,827,887,828,B,N,0.1443779761598008
1271,886,829,887,830,B,N,0.1452446212429224
1272,886,887,887,888,B,N,0.14500000000000046
1273,888,829,889,830,B,N,0.14477568856683093
1274,888,831,889,832,B,N,0.14439182802361047
1275,888,889,889,890,B,N,0.14500000000000046
1276,890,831,891,832,B,N,0.14456140563788109
1277,890,833,891,834,B,N,0.14483438818181293
1278,890,891,891,892,B,N,0.14500000000000046
1279,892,833,893,834,B,N,0.14481022063376636
1280,892,835,893,836,B,N,0.145013792447477
1281,892,893,893,894,B,N,0.14500000000000046
1282,894,835,895,836,B,N,0.14377760604489156
1283,894,837,895,838,B,N,0.145013792447477
1284,894,895,895,896,B,N,0.14500000000000046
1285,896,837,897,838,B,N,0.14481022063376636
1286,896,839,897,840,B,N,0.14483438818181293
1287,896,897,897,898,B,N,0.14500000000000046
1288,898,781,899,782,B,N,0.14439182802361047
1289,898,839,899,840,B,N,0.14456140563788109
1290,898,899,899,900,B,N,0.14500000000000046
1291,900,841,901,842,B,N,0.1457429243565529
1292,900,843,901,844,B,N,0.14487926007541566
1293,900,901,901,902,B,N,0.14500000000000046
1294,902,843,903,844,B,N,0.1452756001536388
1295,902,845,903,846,B,N,0.14489306401619068
1296,902,903,903,904,B,N,0.14500000000000046
1297,904,845,905,846,B,N,0.14506205568652306
1298,904,847,905,848,B,N,0.14533409785731632
1299,904,905,905,906,B,N,0.14500000000000046
1300,906,847,907,848,B,N,0.14603424255974998
1301,906,849,907,850,B,N,0.14484129245487934
1302,906,907,907,908,B,N,0.14500000000000046
1303,908,849,909,850,B,N,0.1448930640161907
1304,908,851,909,852,B,N,0.14551288602732038
1305,908,909,909,910,B,N,0.14500000000000046
1306,910,851,911,852,B,N,0.14483784035948627
1307,910,853,911,854,B,N,0.14533409785731613
1308,910,911,911,912,B,N,0.14500000000000046
1309,912,853,913,854,B,N,0.14506205568652306
1310,912,855,913,856,B,N,0.14511719401917822
1311,912,913,913,914,B,N,0.14500000000000046
1312,914,855,915,856,B,N,0.1451413104529512
1313,914,857,915,858,B,N,0.14578751661236258
1314,914,915,915,916,B,N,0.14500000000000046
1315,916,857,917,858,B,N,0.14492411807563269
1316,916,859,917,860,B,N,0.1451413104529512
1317,916,917,917,918,B,N,0.14500000000000046
1318,918,859,919,860,B,N,0.14511719401917858
1319,918,861,919,862,B,N,0.14506205568652306
1320,918,919,919,920,B,N,0.14500000000000046
1321,920,861,921,862,B,N,0.14533409785731613
1322,920,863,921,864,B,N,0.14556441872930317
1323,920,921,921,922,B,N,0.14500000000000046
1324,922,863,923,864,B,N,0.14484129245487956
1325,922,865,923,866,B,N,0.14550257729676103
1326,922,923,923,924,B,N,0.14500000000000046
1327,924,865,925,866,B,N,0.14484129245487956
1328,924,867,925,868,B,N,0.14556441872930317
1329,924,925,925,926,B,N,0.14500000000000046
1330,926,867,927,868,B,N,0.14533409785731613
1331,926,869,927,870,B,N,0.14506205568652306
1332,926,927,927,928,B,N,0.14500000000000046
1333,928,869,929,870,B,N,0.14511719401917858
1334,928,871,929,872,B,N,0.1451413104529512
1335,928,929,929,930,B,N,0.14500000000000046
1336,930,871,931,872,B,N,0.14492411807563269
1337,930,873,931,874,B,N,0.14578751661236258
1338,930,931,931,932,B,N,0.14500000000000046
1339,932,873,933,874,B,N,0.1451413104529512
1340,932,875,933,876,B,N,0.14511719401917822
1341,932,933,933,934,B,N,0.14500000000000046
1342,934,875,935,876,B,N,0.14506205568652306
1343,934,877,935,878,B,N,0.14533409785731613
1344,934,935,935,936,B,N,0.14500000000000046
1345,936,877,937,878,B,N,0.14483784035948627
1346,936,879,937,880,B,N,0.14551288602732038
1347,936,937,937,938,B,N,0.14500000000000046
1348,938,879,939,880,B,N,0.1448930640161907
1349,938,881,939,882,B,N,0.14484129245487934
1350,938,939,939,940,B,N,0.14500000000000046
1351,940,881,941,882,B,N,0.14603424255974998
1352,940,883,941,884,B,N,0.14533409785731632
1353,940,941,941,942,B,N,0.14500000000000046
1354,942,883,943,884,B,N,0.14506205568652306
1355,942,885,943,886,B,N,0.14489306401619068
1356,942,943,943,944,B,N,0.14500000000000046
1357,944,885,945,886,B,N,0.1452756001536388
1358,944,887,945,888,B,N,0.14487926007541566
1359,944,945,945,946,B,N,0.14500000000000046
1360,946,887,947,888,B,N,0.1457429243565529
1361,946,889,947,890,B,N,0.1452756001536388
1362,946,947,947,948,B,N,0.14500000000000046
1363,948,889,949,890,B,N,0.14489306401619031
1364,948,891,949,892,B,N,0.14506205568652306
1365,948,949,949,950,B,N,0.14500000000000046
1366,950,891,951,892,B,N,0.14533409785731632
1367,950,893,951,894,B,N,0.14531001341958513
1368,950,951,951,952,B,N,0.14500000000000046
1369,952,893,953,894,B,N,0.14551288602732013
1370,952,895,953,896,B,N,0.14428097587693242
1371,952,953,953,954,B,N,0.14500000000000046
1372,954,895,955,896,B,N,0.14551288602732013
1373,954,897,955,898,B,N,0.14531001341958513
1374,954,955,955,956,B,N,0.14500000000000046
1375,956,897,957,898,B,N,0.14533409785731632
1376,956,899,957,900,B,N,0.14506205568652306
1377,956,957,957,958,B,N,0.14500000000000046
1378,958,841,959,842,B,N,0.1452756001536388
1379,958,899,959,900,B,N,0.14489306401619031
1380,958,959,959,960,B,N,0.14500000000000046
1381,960,901,961,902,B,N,0.1443779761598008
1382,960,903,961,904,B,N,0.14477568856683093
1383,960,961,961,962,B,N,0.14499999999999957
1384,962,903,963,904,B,N,0.14439182802361084
1385,962,905,963,906,B,N,0.14456140563788109
1386,962,963,963,964,B,N,0.14499999999999957
1387,964,905,965,906,B,N,0.14483438818181293
1388,964,907,965,908,B,N,0.1455369368923229
1389,964,965,965,966,B,N,0.14499999999999957
1390,966,907,967,908,B,N,0.14433987668000817
1391,966,909,967,910,B,N,0.14439182802361086
1392,966,967,967,968,B,N,0.14499999999999957
1393,968,909,969,910,B,N,0.14501379244747725
1394,968,911,969,912,B,N,0.1443364125922496
1395,968,969,969,970,B,N,0.14499999999999957
1396,970,911,971,912,B,N,0.14483438818181277
1397,970,913,971,914,B,N,0.14456140563788109
1398,970,971,971,972,B,N,0.14499999999999957
1399,972,913,973,914,B,N,0.14461673485458001
1400,972,915,973,916,B,N,0.1446409347314931
1401,972,973,973,974,B,N,0.14499999999999957
1402,974,915,975,916,B,N,0.14528936643815327
1403,974,917,975,918,B,N,0.14442298985964805
1404,974,975,975,976,B,N,0.14499999999999957
1405,976,917,977,918,B,N,0.1446409347314931
1406,976,919,977,920,B,N,0.14461673485458038
1407,976,977,977,978,B,N,0.14499999999999957
1408,978,919,979,920,B,N,0.14456140563788109
1409,978,921,979,922,B,N,0.14483438818181277
1410,978,979,979,980,B,N,0.14499999999999957
1411,980,921,981,922,B,N,0.14506550244630867
1412,980,923,981,924,B,N,0.1443398766800084
1413,980,981,981,982,B,N,0.14499999999999957
1414,982,923,983,924,B,N,0.14500344823486094
1415,982,925,983,926,B,N,0.1443398766800084
1416,982,983,983,984,B,N,0.14499999999999957
1417,984,925,985,926,B,N,0.14506550244630867
1418,984,927,985,928,B,N,0.14483438818181277
1419,984,985,985,986,B,N,0.14499999999999957
1420,986,927,987,928,B,N,0.14456140563788109
1421,986,929,987,930,B,N,0.14461673485458038
1422,986,987,987,988,B,N,0.14499999999999957
1423,988,929,989,930,B,N,0.1446409347314931
1424,988,931,989,932,B,N,0.14442298985964805
1425,988,989,989,990,B,N,0.14499999999999957
1426,990,931,991,932,B,N,0.14528936643815327
1427,990,933,991,934,B,N,0.1446409347314931
1428,990,991,991,992,B,N,0.14499999999999957
1429,992,933,993,934,B,N,0.14461673485458001
1430,992,935,993,936,B,N,0.14456140563788109
1431,992,993,993,994,B,N,0.14499999999999957
1432,994,935,995,936,B,N,0.14483438818181277
1433,994,937,995,938,B,N,0.1443364125922496
1434,994,995,995,996,B,N,0.14499999999999957
1435,996,937,997,938,B,N,0.14501379244747725
1436,996,939,997,940,B,N,0.14439182802361086
1437,996,997,997,998,B,N,0.14499999999999957
1438,998,939,999,940,B,N,0.14433987668000817
1439,998,941,999,942,B,N,0.1455369368923229
1440,998,999,999,1000,B,N,0.14499999999999957
1441,1000,941,1001,942,B,N,0.14483438818181293
1442,1000,943,1001,944,B,N,0.14456140563788109
1443,1000,1001,1001,1002,B,N,0.14499999999999957
1444,1002,943,1003,944,B,N,0.14439182802361084
1445,1002,945,1003,946,B,N,0.14477568856683093
1446,1002,1003,1003,1004,B,N,0.14499999999999957
1447,1004,945,1005,946,B,N,0.1443779761598008
1448,1004,947,1005,948,B,N,0.1452446212429224
1449,1004,1005,1005,1006,B,N,0.14499999999999957
1450,1006,947,1007,948,B,N,0.14477568856683093
1451,1006,949,1007,950,B,N,0.14439182802361047
1452,1006,1007,1007,1008,B,N,0.14499999999999957
1453,1008,949,1009,950,B,N,0.14456140563788109
1454,1008,951,1009,952,B,N,0.14483438818181293
1455,1008,1009,1009,1010,B,N,0.14499999999999957
1456,1010,951,1011,952,B,N,0.14481022063376636
1457,1010,953,1011,954,B,N,0.145013792447477
1458,1010,1011,1011,1012,B,N,0.14499999999999957
1459,1012,953,1013,954,B,N,0.14377760604489156
1460,1012,955,1013,956,B,N,0.145013792447477
1461,1012,1013,1013,1014,B,N,0.14499999999999957
1462,1014,955,1015,956,B,N,0.14481022063376636
1463,1014,957,1015,958,B,N,0.14483438818181293
1464,1014,1015,1015,1016,B,N,0.14499999999999957
1465,1016,957,1017,958,B,N,0.14456140563788109
1466,1016,959,1017,960,B,N,0.14439182802361047
1467,1016,1017,1017,1018,B,N,0.14499999999999957
1468,1018,901,1019,902,B,N,0.1452446212429224
1469,1018,959,1019,960,B,N,0.14477568856683093
1470,1018,1019,1019,1020,B,N,0.14499999999999957
1471,1020,961,1021,962,B,N,0.14477568856683093
1472,1020,963,1021,964,B,N,0.14439182802361084
1473,1020,1021,1021,1022,B,N,0.14499999999999957
1474,1022,963,1023,964,B,N,0.14456140563788109
1475,1022,965,1023,966,B,N,0.14483438818181293
1476,1022,1023,1023,1024,B,N,0.14499999999999957
1477,1024,965,1025,966,B,N,0.1455369368923229
1478,1024,967,1025,968,B,N,0.14433987668000817
1479,1024,1025,1025,1026,B,N,0.14499999999999957
1480,1026,967,1027,968,B,N,0.14439182802361086
1481,1026,969,1027,970,B,N,0.14501379244747725
1482,1026,1027,1027,1028,B,N,0.14499999999999957
1483,1028,969,1029,970,B,N,0.1443364125922496
1484,1028,971,1029,972,B,N,0.14483438818181277
1485,1028,1029,1029,1030,B,N,0.14499999999999957
1486,1030,971,1031,972,B,N,0.14456140563788109
1487,1030,973,1031,974,B,N,0.14461673485458001
1488,1030,1031,1031,1032,B,N,0.14499999999999957
1489,1032,973,1033,974,B,N,0.1446409347314931
1490,1032,975,1033,976,B,N,0.14528936643815327
1491,1032,1033,1033,1034,B,N,0.14499999999999957
1492,1034,975,1035,976,B,N,0.14442298985964805
1493,1034,977,1035,978,B,N,0.1446409347314931
1494,1034,1035,1035,1036,B,N,0.14499999999999957
1495,1036,977,1037,978,B,N,0.14461673485458038
1496,1036,979,1037,980,B,N,0.14456140563788109
1497,1036,1037,1037,1038,B,N,0.14499999999999957
1498,1038,979,1039,980,B,N,0.14483438818181277
1499,1038,981,1039,982,B,N,0.14506550244630867
1500,1038,1039,1039,1040,B,N,0.14499999999999957
1501,1040,981,1041,982,B,N,0.1443398766800084
1502,1040,983,1041,984,B,N,0.14500344823486094
1503,1040,1041,1041,1042,B,N,0.14499999999999957
1504,1042,983,1043,984,B,N,0.1443398766800084
1505,1042,985,1043,986,B,N,0.14506550244630867
1506,1042,1043,1043,1044,B,N,0.14499999999999957
1507,1044,985,1045,986,B,N,0.14483438818181277
1508,1044,987,1045,988,B,N,0.14456140563788109
1509,1044,1045,1045,1046,B,N,0.14499999999999957
1510,1046,987,1047,988,B,N,0.14461673485458038
1511,1046,989,1047,990,B,N,0.1446409347314931
1512,1046,1047,1047,1048,B,N,0.14499999999999957
1513,1048,989,1049,990,B,N,0.14442298985964805
1514,1048,991,1049,992,B,N,0.14528936643815327
1515,1048,1049,1049,1050,B,N,0.14499999999999957
1516,1050,991,1051,992,B,N,0.1446409347314931
1517,1050,993,1051,994,B,N,0.14461673485458001
1518,1050,1051,1051,1052,B,N,0.14499999999999957
1519,1052,993,1053,994,B,N,0.14456140563788109
1520,1052,995,1053,996,B,N,0.14483438818181277
1521,1052,1053,1053,1054,B,N,0.14499999999999957
1522,1054,995,1055,996,B,N,0.1443364125922496
1523,1054,997,1055,998,B,N,0.14501379244747725
1524,1054,1055,1055,1056,B,N,0.14499999999999957
1525,1056,997,1057,998,B,N,0.14439182802361086
1526,1056,999,1057,1000,B,N,0.14433987668000817
1527,1056,1057,1057,1058,B,N,0.14499999999999957
1528,1058,999,1059,1000,B,N,0.1455369368923229
1529,1058,1001,1059,1002,B,N,0.14483438818181293
1530,1058,1059,1059,1060,B,N,0.14499999999999957
1531,1060,1001,1061,1002,B,N,0.14456140563788109
1532,1060,1003,1061,1004,B,N,0.14439182802361084
1533,1060,1061,1061,1062,B,N,0.14499999999999957
1534,1062,1003,1063,1004,B,N,0.14477568856683093
1535,1062,1005,1063,1006,B,N,0.1443779761598008
1536,1062,1063,1063,1064,B,N,0.14499999999999957
1537,1064,1005,1065,1006,B,N,0.1452446212429224
1538,1064,1007,1065,1008,B,N,0.14477568856683093
1539,1064,1065,1065,1066,B,N,0.14499999999999957
1540,1066,1007,1067,1008,B,N,0.14439182802361047
1541,1066,1009,1067,1010,B,N,0.14456140563788109
1542,1066,1067,1067,1068,B,N,0.14499999999999957
1543,1068,1009,1069,1010,B,N,0.14483438818181293
1544,1068,1011,1069,1012,B,N,0.14481022063376636
1545,1068,1069,1069,1070,B,N,0.14499999999999957
1546,1070,1011,1071,1012,B,N,0.145013792447477
1547,1070,1013,1071,1014,B,N,0.14377760604489156
1548,1070,1071,1071,1072,B,N,0.14499999999999957
1549,1072,1013,1073,1014,B,N,0.145013792447477
1550,1072,1015,1073,1016,B,N,0.14481022063376636
1551,1072,1073,1073,1074,B,N,0.14499999999999957
1552,1074,1015,1075,1016,B,N,0.14483438818181293
1553,1074,1017,1075,1018,B,N,0.14456140563788109
1554,1074,1075,1075,1076,B,N,0.14499999999999957
1555,1076,1017,1077,1018,B,N,0.14439182802361047
1556,1076,1019,1077,1020,B,N,0.14477568856683093
1557,1076,1077,1077,1078,B,N,0.14499999999999957
1558,1078,961,1079,962,B,N,0.1443779761598008
1559,1078,1019,1079,1020,B,N,0.1452446212429224
1560,1078,1079,1079,1080,B,N,0.14499999999999957
1561,1080,1021,1081,1022,B,N,0.14489306401619112
1562,1080,1023,1081,1024,B,N,0.14506205568652353
1563,1080,1081,1081,1082,B,N,0.14499999999999957
1564,1082,1023,1083,1024,B,N,0.14533409785731677
1565,1082,1025,1083,1026,B,N,0.14603424255975045
1566,1082,1083,1083,1084,B,N,0.14499999999999957
1567,1084,1025,1085,1026,B,N,0.14484129245487978
1568,1084,1027,1085,1028,B,N,0.14489306401619115
1569,1084,1085,1085,1086,B,N,0.14499999999999957
1570,1086,1027,1087,1028,B,N,0.14551288602732082
1571,1086,1029,1087,1030,B,N,0.1448378403594867
1572,1086,1087,1087,1088,B,N,0.14499999999999957
1573,1088,1029,1089,1030,B,N,0.1453340978573166
1574,1088,1031,1089,1032,B,N,0.14506205568652353
1575,1088,1089,1089,1090,B,N,0.14499999999999957
1576,1090,1031,1091,1032,B,N,0.14511719401917866
1577,1090,1033,1091,1034,B,N,0.14514131045295164
1578,1090,1091,1091,1092,B,N,0.14499999999999957
1579,1092,1033,1093,1034,B,N,0.14578751661236306
1580,1092,1035,1093,1036,B,N,0.14492411807563313
1581,1092,1093,1093,1094,B,N,0.14499999999999957
1582,1094,1035,1095,1036,B,N,0.14514131045295164
1583,1094,1037,1095,1038,B,N,0.14511719401917905
1584,1094,1095,1095,1096,B,N,0.14499999999999957
1585,1096,1037,1097,1038,B,N,0.14506205568652353
1586,1096,1039,1097,1040,B,N,0.1453340978573166
1587,1096,1097,1097,1098,B,N,0.14499999999999957
1588,1098,1039,1099,1040,B,N,0.14556441872930362
1589,1098,1041,1099,1042,B,N,0.14484129245488003
1590,1098,1099,1099,1100,B,N,0.14499999999999957
1591,1100,1041,1101,1042,B,N,0.14550257729676147
1592,1100,1043,1101,1044,B,N,0.14484129245488003
1593,1100,1101,1101,1102,B,N,0.14499999999999957
1594,1102,1043,1103,1044,B,N,0.14556441872930362
1595,1102,1045,1103,1046,B,N,0.1453340978573166
1596,1102,1103,1103,1104,B,N,0.14499999999999957
1597,1104,1045,1105,1046,B,N,0.14506205568652353
1598,1104,1047,1105,1048,B,N,0.14511719401917905
1599,1104,1105,1105,1106,B,N,0.14499999999999957
1600,1106,1047,1107,1048,B,N,0.14514131045295164
1601,1106,1049,1107,1050,B,N,0.14492411807563313
1602,1106,1107,1107,1108,B,N,0.14499999999999957
1603,1108,1049,1109,1050,B,N,0.14578751661236306
1604,1108,1051,1109,1052,B,N,0.14514131045295164
1605,1108,1109,1109,1110,B,N,0.14499999999999957
1606,1110,1051,1111,1052,B,N,0.14511719401917866
1607,1110,1053,1111,1054,B,N,0.14506205568652353
1608,1110,1111,1111,1112,B,N,0.14499999999999957
1609,1112,1053,1113,1054,B,N,0.1453340978573166
1610,1112,1055,1113,1056,B,N,0.1448378403594867
1611,1112,1113,1113,1114,B,N,0.14499999999999957
1612,1114,1055,1115,1056,B,N,0.14551288602732082
1613,1114,1057,1115,1058,B,N,0.14489306401619115
1614,1114,1115,1115,1116,B,N,0.14499999999999957
1615,1116,1057,1117,1058,B,N,0.14484129245487978
1616,1116,1059,1117,1060,B,N,0.14603424255975045
1617,1116,1117,1117,1118,B,N,0.14499999999999957
1618,1118,1059,1119,1060,B,N,0.14533409785731677
1619,1118,1061,1119,1062,B,N,0.14506205568652353
1620,1118,1119,1119,1120,B,N,0.14499999999999957
1621,1120,1061,1121,1062,B,N,0.14489306401619112
1622,1120,1063,1121,1064,B,N,0.14527560015363924
1623,1120,1121,1121,1122,B,N,0.14499999999999957
1624,1122,1063,1123,1064,B,N,0.1448792600754161
1625,1122,1065,1123,1066,B,N,0.14574292435655337
1626,1122,1123,1123,1124,B,N,0.14499999999999957
1627,1124,1065,1125,1066,B,N,0.14527560015363924
1628,1124,1067,1125,1068,B,N,0.14489306401619076
1629,1124,1125,1125,1126,B,N,0.14499999999999957
1630,1126,1067,1127,1068,B,N,0.14506205568652353
1631,1126,1069,1127,1070,B,N,0.14533409785731677
1632,1126,1127,1127,1128,B,N,0.14499999999999957
1633,1128,1069,1129,1070,B,N,0.14531001341958558
1634,1128,1071,1129,1072,B,N,0.1455128860273206
1635,1128,1129,1129,1130,B,N,0.14499999999999957
1636,1130,1071,1131,1072,B,N,0.14428097587693287
1637,1130,1073,1131,1074,B,N,0.1455128860273206
1638,1130,1131,1131,1132,B,N,0.14499999999999957
1639,1132,1073,1133,1074,B,N,0.14531001341958558
1640,1132,1075,1133,1076,B,N,0.14533409785731677
1641,1132,1133,1133,1134,B,N,0.14499999999999957
1642,1134,1075,1135,1076,B,N,0.14506205568652353
1643,1134,1077,1135,1078,B,N,0.14489306401619076
1644,1134,1135,1135,1136,B,N,0.14499999999999957
1645,1136,1077,1137,1078,B,N,0.14527560015363924
1646,1136,1079,1137,1080,B,N,0.14574292435655337
1647,1136,1137,1137,1138,B,N,0.14499999999999957
1648,1138,1021,1139,1022,B,N,0.14527560015363924
1649,1138,1079,1139,1080,B,N,0.1448792600754161
1650,1138,1139,1139,1140,B,N,0.14499999999999957
1651,1140,1081,1141,1082,B,N,0.14506205568652353
1652,1140,1083,1141,1084,B,N,0.14533409785731677
1653,1140,1141,1141,1142,B,N,0.14400000000000013
1654,1142,1083,1143,1084,B,N,0.14603424255975045
1655,1142,1085,1143,1086,B,N,0.14484129245487978
1656,1142,1143,1143,1144,B,N,0.14400000000000013
1657,1144,1085,1145,1086,B,N,0.14489306401619115
1658,1144,1087,1145,1088,B,N,0.14551288602732082
1659,1144,1145,1145,1146,B,N,0.14400000000000013
1660,1146,1087,1147,1088,B,N,0.1448378403594867
1661,1146,1089,1147,1090,B,N,0.1453340978573166
1662,1146,1147,1147,1148,B,N,0.14400000000000013
1663,1148,1089,1149,1090,B,N,0.14506205568652353
1664,1148,1091,1149,1092,B,N,0.14511719401917866
1665,1148,1149,1149,1150,B,N,0.14400000000000013
1666,1150,1091,1151,1092,B,N,0.14514131045295164
1667,1150,1093,1151,1094,B,N,0.14578751661236306
1668,1150,1151,1151,1152,B,N,0.14400000000000013
1669,1152,1093,1153,1094,B,N,0.14492411807563313
1670,1152,1095,1153,1096,B,N,0.14514131045295164
1671,1152,1153,1153,1154,B,N,0.14400000000000013
1672,1154,1095,1155,1096,B,N,0.14511719401917905
1673,1154,1097,1155,1098,B,N,0.14506205568652353
1674,1154,1155,1155,1156,B,N,0.14400000000000013
1675,1156,1097,1157,1098,B,N,0.1453340978573166
1676,1156,1099,1157,1100,B,N,0.14556441872930362
1677,1156,1157,1157,1158,B,N,0.14400000000000013
1678,1158,1099,1159,1100,B,N,0.14484129245488003
1679,1158,1101,1159,1102,B,N,0.14550257729676147
1680,1158,1159,1159,1160,B,N,0.14400000000000013
1681,1160,1101,1161,1102,B,N,0.14484129245488003
1682,1160,1103,1161,1104,B,N,0.14556441872930362
1683,1160,1161,1161,1162,B,N,0.14400000000000013
1684,1162,1103,1163,1104,B,N,0.1453340978573166
1685,1162,1105,1163,1106,B,N,0.14506205568652353
1686,1162,1163,1163,1164,B,N,0.14400000000000013
1687,1164,1105,1165,1106,B,N,0.14511719401917905
1688,1164,1107,1165,1108,B,N,0.14514131045295164
1689,1164,1165,1165,1166,B,N,0.14400000000000013
1690,1166,1107,1167,1108,B,N,0.14492411807563313
1691,1166,1109,1167,1110,B,N,0.14578751661236306
1692,1166,1167,1167,1168,B,N,0.14400000000000013
1693,1168,1109,1169,1110,B,N,0.14514131045295164
1694,1168,1111,1169,1112,B,N,0.14511719401917866
1695,1168,1169,1169,1170,B,N,0.14400000000000013
1696,1170,1111,1171,1112,B,N,0.14506205568652353
1697,1170,1113,1171,1114,B,N,0.1453340978573166
1698,1170,1171,1171,1172,B,N,0.14400000000000013
1699,1172,1113,1173,1114,B,N,0.1448378403594867
1700,1172,1115,1173,1116,B,N,0.14551288602732082
1701,1172,1173,1173,1174,B,N,0.14400000000000013
1702,1174,1115,1175,1116,B,N,0.14489306401619115
1703,1174,1117,1175,1118,B,N,0.14484129245487978
1704,1174,1175,1175,1176,B,N,0.14400000000000013
1705,1176,1117,1177,1118,B,N,0.14603424255975045
1706,1176,1119,1177,1120,B,N,0.14533409785731677
1707,1176,1177,1177,1178,B,N,0.14400000000000013
1708,1178,1119,1179,1120,B,N,0.14506205568652353
1709,1178,1121,1179,1122,B,N,0.14489306401619112
1710,1178,1179,1179,1180,B,N,0.14400000000000013
1711,1180,1121,1181,1122,B,N,0.14527560015363924
1712,1180,1123,1181,1124,B,N,0.1448792600754161
1713,1180,1181,1181,1182,B,N,0.14400000000000013
1714,1182,1123,1183,1124,B,N,0.14574292435655337
1715,1182,1125,1183,1126,B,N,0.14527560015363924
1716,1182,1183,1183,1184,B,N,0.14400000000000013
1717,1184,1125,1185,1126,B,N,0.14489306401619076
1718,1184,1127,1185,1128,B,N,0.14506205568652353
1719,1184,1185,1185,1186,B,N,0.14400000000000013
1720,1186,1127,1187,1128,B,N,0.14533409785731677
1721,1186,1129,1187,1130,B,N,0.14531001341958558
1722,1186,1187,1187,1188,B,N,0.14400000000000013
1723,1188,1129,1189,1130,B,N,0.1455128860273206
1724,1188,1131,1189,1132,B,N,0.14428097587693287
1725,1188,1189,1189,1190,B,N,0.14400000000000013
1726,1190,1131,1191,1132,B,N,0.1455128860273206
1727,1190,1133,1191,1134,B,N,0.14531001341958558
1728,1190,1191,1191,1192,B,N,0.14400000000000013
1729,1192,1133,1193,1134,B,N,0.14533409785731677
1730,1192,1135,1193,1136,B,N,0.14506205568652353
1731,1192,1193,1193,1194,B,N,0.14400000000000013
1732,1194,1135,1195,1136,B,N,0.14489306401619076
1733,1194,1137,1195,1138,B,N,0.14527560015363924
1734,1194,1195,1195,1196,B,N,0.14400000000000013
1735,1196,1137,1197,1138,B,N,0.14574292435655337
1736,1196,1139,1197,1140,B,N,0.1448792600754161
1737,1196,1197,1197,1198,B,N,0.14400000000000013
1738,1198,1081,1199,1082,B,N,0.14489306401619112
1739,1198,1139,1199,1140,B,N,0.14527560015363924
1740,1198,1199,1199,1200,B,N,0.14400000000000013
1741,1200,1141,1201,1142,B,N,0.14533409785731632
1742,1200,1143,1201,1144,B,N,0.14603424255974998
1743,1200,1201,1201,1202,B,N,0.14500000000000046
1744,1202,1143,1203,1144,B,N,0.14484129245487934
1745,1202,1145,1203,1146,B,N,0.1448930640161907
1746,1202,1203,1203,1204,B,N,0.14500000000000046
1747,1204,1145,1205,1146,B,N,0.14551288602732038
1748,1204,1147,1205,1148,B,N,0.14483784035948627
1749,1204,1205,1205,1206,B,N,0.14500000000000046
1750,1206,1147,1207,1148,B,N,0.14533409785731613
1751,1206,1149,1207,1150,B,N,0.14506205568652306
1752,1206,1207,1207,1208,B,N,0.14500000000000046
1753,1208,1149,1209,1150,B,N,0.14511719401917822
1754,1208,1151,1209,1152,B,N,0.1451413104529512
1755,1208,1209,1209,1210,B,N,0.14500000000000046
1756,1210,1151,1211,1152,B,N,0.14578751661236258
1757,1210,1153,1211,1154,B,N,0.14492411807563269
1758,1210,1211,1211,1212,B,N,0.14500000000000046
1759,1212,1153,1213,1154,B,N,0.1451413104529512
1760,1212,1155,1213,1156,B,N,0.14511719401917858
1761,1212,1213,1213,1214,B,N,0.14500000000000046
1762,1214,1155,1215,1156,B,N,0.14506205568652306
1763,1214,1157,1215,1158,B,N,0.14533409785731613
1764,1214,1215,1215,1216,B,N,0.14500000000000046
1765,1216,1157,1217,1158,B,N,0.14556441872930317
1766,1216,1159,1217,1160,B,N,0.14484129245487956
1767,1216,1217,1217,1218,B,N,0.14500000000000046
1768,1218,1159,1219,1160,B,N,0.14550257729676103
1769,1218,1161,1219,1162,B,N,0.14484129245487956
1770,1218,1219,1219,1220,B,N,0.14500000000000046
1771,1220,1161,1221,1162,B,N,0.14556441872930317
1772,1220,1163,1221,1164,B,N,0.14533409785731613
1773,1220,1221,1221,1222,B,N,0.14500000000000046
1774,1222,1163,1223,1164,B,N,0.14506205568652306
1775,1222,1165,1223,1166,B,N,0.14511719401917858
1776,1222,1223,1223,1224,B,N,0.14500000000000046
1777,1224,1165,1225,1166,B,N,0.1451413104529512
1778,1224,1167,1225,1168,B,N,0.14492411807563269
1779,1224,1225,1225,1226,B,N,0.14500000000000046
1780,1226,1167,1227,1168,B,N,0.14578751661236258
1781,1226,1169,1227,1170,B,N,0.1451413104529512
1782,1226,1227,1227,1228,B,N,0.14500000000000046
1783,1228,1169,1229,1170,B,N,0.14511719401917822
1784,1228,1171,1229,1172,B,N,0.14506205568652306
1785,1228,1229,1229,1230,B,N,0.14500000000000046
1786,1230,1171,1231,1172,B,N,0.14533409785731613
1787,1230,1173,1231,1174,B,N,0.14483784035948627
1788,1230,1231,1231,1232,B,N,0.14500000000000046
1789,1232,1173,1233,1174,B,N,0.14551288602732038
1790,1232,1175,1233,1176,B,N,0.1448930640161907
1791,1232,1233,1233,1234,B,N,0.14500000000000046
1792,1234,1175,1235,1176,B,N,0.14484129245487934
1793,1234,1177,1235,1178,B,N,0.14603424255974998
1794,1234,1235,1235,1236,B,N,0.14500000000000046
1795,1236,1177,1237,1178,B,N,0.14533409785731632
1796,1236,1179,1237,1180,B,N,0.14506205568652306
1797,1236,1237,1237,1238,B,N,0.14500000000000046
1798,1238,1179,1239,1180,B,N,0.14489306401619068
1799,1238,1181,1239,1182,B,N,0.1452756001536388
1800,1238,1239,1239,1240,B,N,0.14500000000000046
1801,1240,1181,1241,1182,B,N,0.14487926007541566
1802,1240,1183,1241,1184,B,N,0.1457429243565529
1803,1240,1241,1241,1242,B,N,0.14500000000000046
1804,1242,1183,1243,1184,B,N,0.1452756001536388
1805,1242,1185,1243,1186,B,N,0.14489306401619031
1806,1242,1243,1243,1244,B,N,0.14500000000000046
1807,1244,1185,1245,1186,B,N,0.14506205568652306
1808,1244,1187,1245,1188,B,N,0.14533409785731632
1809,1244,1245,1245,1246,B,N,0.14500000000000046
1810,1246,1187,1247,1188,B,N,0.14531001341958513
1811,1246,1189,1247,1190,B,N,0.14551288602732013
1812,1246,1247,1247,1248,B,N,0.14500000000000046
1813,1248,1189,1249,1190,B,N,0.14428097587693242
1814,1248,1191,1249,1192,B,N,0.14551288602732013
1815,1248,1249,1249,1250,B,N,0.14500000000000046
1816,1250,1191,1251,1192,B,N,0.14531001341958513
1817,1250,1193,1251,1194,B,N,0.14533409785731632
1818,1250,1251,1251,1252,B,N,0.14500000000000046
1819,1252,1193,1253,1194,B,N,0.14506205568652306
1820,1252,1195,1253,1196,B,N,0.14489306401619031
1821,1252,1253,1253,1254,B,N,0.14500000000000046
1822,1254,1195,1255,1196,B,N,0.1452756001536388
1823,1254,1197,1255,1198,B,N,0.1457429243565529
1824,1254,1255,1255,1256,B,N,0.14500000000000046
1825,1256,1197,1257,1198,B,N,0.14487926007541566
1826,1256,1199,1257,1200,B,N,0.1452756001536388
1827,1256,1257,1257,1258,B,N,0.14500000000000046
1828,1258,1141,1259,1142,B,N,0.14506205568652306
1829,1258,1199,1259,1200,B,N,0.14489306401619068
1830,1258,1259,1259,1260,B,N,0.14500000000000046
1831,1260,1201,1261,1202,B,N,0.1455369368923229
1832,1260,1203,1261,1204,B,N,0.14433987668000817
1833,1260,1261,1261,1262,B,N,0.1459999999999999
1834,1262,1203,1263,1204,B,N,0.14439182802361086
1835,1262,1205,1263,1206,B,N,0.14501379244747725
1836,1262,1263,1263,1264,B,N,0.1459999999999999
1837,1264,1205,1265,1206,B,N,0.1443364125922496
1838,1264,1207,1265,1208,B,N,0.14483438818181277
1839,1264,1265,1265,1266,B,N,0.1459999999999999
1840,1266,1207,1267,1208,B,N,0.14456140563788109
1841,1266,1209,1267,1210,B,N,0.14461673485458001
1842,1266,1267,1267,1268,B,N,0.1459999999999999
1843,1268,1209,1269,1210,B,N,0.1446409347314931
1844,1268,1211,1269,1212,B,N,0.14528936643815327
1845,1268,1269,1269,1270,B,N,0.1459999999999999
1846,1270,1211,1271,1212,B,N,0.14442298985964805
1847,1270,1213,1271,1214,B,N,0.1446409347314931
1848,1270,1271,1271,1272,B,N,0.1459999999999999
1849,1272,1213,1273,1214,B,N,0.14461673485458038
1850,1272,1215,1273,1216,B,N,0.14456140563788109
1851,1272,1273,1273,1274,B,N,0.1459999999999999
1852,1274,1215,1275,1216,B,N,0.14483438818181277
1853,1274,1217,1275,1218,B,N,0.14506550244630867
1854,1274,1275,1275,1276,B,N,0.1459999999999999
1855,1276,1217,1277,1218,B,N,0.1443398766800084
1856,1276,1219,1277,1220,B,N,0.14500344823486094
1857,1276,1277,1277,1278,B,N,0.1459999999999999
1858,1278,1219,1279,1220,B,N,0.1443398766800084
1859,1278,1221,1279,1222,B,N,0.14506550244630867
1860,1278,1279,1279,1280,B,N,0.1459999999999999
1861,1280,1221,1281,1222,B,N,0.14483438818181277
1862,1280,1223,1281,1224,B,N,0.14456140563788109
1863,1280,1281,1281,1282,B,N,0.1459999999999999
1864,1282,1223,1283,1224,B,N,0.14461673485458038
1865,1282,1225,1283,1226,B,N,0.1446409347314931
1866,1282,1283,1283,1284,B,N,0.1459999999999999
1867,1284,1225,1285,1226,B,N,0.14442298985964805
1868,1284,1227,1285,1228,B,N,0.14528936643815327
1869,1284,1285,1285,1286,B,N,0.1459999999999999
1870,1286,1227,1287,1228,B,N,0.1446409347314931
1871,1286,1229,1287,1230,B,N,0.14461673485458001
1872,1286,1287,1287,1288,B,N,0.1459999999999999
1873,1288,1229,1289,1230,B,N,0.14456140563788109
1874,1288,1231,1289,1232,B,N,0.14483438818181277
1875,1288,1289,1289,1290,B,N,0.1459999999999999
1876,1290,1231,1291,1232,B,N,0.1443364125922496
1877,1290,1233,1291,1234,B,N,0.14501379244747725
1878,1290,1291,1291,1292,B,N,0.1459999999999999
1879,1292,1233,1293,1234,B,N,0.14439182802361086
1880,1292,1235,1293,1236,B,N,0.14433987668000817
1881,1292,1293,1293,1294,B,N,0.1459999999999999
1882,1294,1235,1295,1236,B,N,0.1455369368923229
1883,1294,1237,1295,1238,B,N,0.14483438818181293
1884,1294,1295,1295,1296,B,N,0.1459999999999999
1885,1296,1237,1297,1238,B,N,0.14456140563788109
1886,1296,1239,1297,1240,B,N,0.14439182802361084
1887,1296,1297,1297,1298,B,N,0.1459999999999999
1888,1298,1239,1299,1240,B,N,0.14477568856683093
1889,1298,1241,1299,1242,B,N,0.1443779761598008
1890,1298,1299,1299,1300,B,N,0.1459999999999999
1891,1300,1241,1301,1242,B,N,0.1452446212429224
1892,1300,1243,1301,1244,B,N,0.14477568856683093
1893,1300,1301,1301,1302,B,N,0.1459999999999999
1894,1302,1243,1303,1244,B,N,0.14439182802361047
1895,1302,1245,1303,1246,B,N,0.14456140563788109
1896,1302,1303,1303,1304,B,N,0.1459999999999999
1897,1304,1245,1305,1246,B,N,0.14483438818181293
1898,1304,1247,1305,1248,B,N,0.14481022063376636
1899,1304,1305,1305,1306,B,N,0.1459999999999999
1900,1306,1247,1307,1248,B,N,0.145013792447477
1901,1306,1249,1307,1250,B,N,0.14377760604489156
1902,1306,1307,1307,1308,B,N,0.1459999999999999
1903,1308,1249,1309,1250,B,N,0.145013792447477
1904,1308,1251,1309,1252,B,N,0.14481022063376636
1905,1308,1309,1309,1310,B,N,0.1459999999999999
1906,1310,1251,1311,1252,B,N,0.14483438818181293
1907,1310,1253,1311,1254,B,N,0.14456140563788109
1908,1310,1311,1311,1312,B,N,0.1459999999999999
1909,1312,1253,1313,1254,B,N,0.14439182802361047
1910,1312,1255,1313,1256,B,N,0.14477568856683093
1911,1312,1313,1313,1314,B,N,0.1459999999999999
1912,1314,1255,1315,1256,B,N,0.1452446212429224
1913,1314,1257,1315,1258,B,N,0.1443779761598008
1914,1314,1315,1315,1316,B,N,0.1459999999999999
1915,1316,1257,1317,1258,B,N,0.14477568856683093
1916,1316,1259,1317,1260,B,N,0.14439182802361084
1917,1316,1317,1317,1318,B,N,0.1459999999999999
1918,1318,1201,1319,1202,B,N,0.14483438818181293
1919,1318,1259,1319,1260,B,N,0.14456140563788109
1920,1318,1319,1319,1320,B,N,0.1459999999999999
1921,1320,1261,1321,1262,B,N,0.14433987668000817
1922,1320,1263,1321,1264,B,N,0.14439182802361086
1923,1320,1321,1321,1322,B,N,0.14499999999999957
1924,1322,1263,1323,1264,B,N,0.14501379244747725
1925,1322,1265,1323,1266,B,N,0.1443364125922496
1926,1322,1323,1323,1324,B,N,0.14499999999999957
1927,1324,1265,1325,1266,B,N,0.14483438818181277
1928,1324,1267,1325,1268,B,N,0.14456140563788109
1929,1324,1325,1325,1326,B,N,0.14499999999999957
1930,1326,1267,1327,1268,B,N,0.14461673485458001
1931,1326,1269,1327,1270,B,N,0.1446409347314931
1932,1326,1327,1327,1328,B,N,0.14499999999999957
1933,1328,1269,1329,1270,B,N,0.14528936643815327
1934,1328,1271,1329,1272,B,N,0.14442298985964805
1935,1328,1329,1329,1330,B,N,0.14499999999999957
1936,1330,1271,1331,1272,B,N,0.1446409347314931
1937,1330,1273,1331,1274,B,N,0.14461673485458038
1938,1330,1331,1331,1332,B,N,0.14499999999999957
1939,1332,1273,1333,1274,B,N,0.14456140563788109
1940,1332,1275,1333,1276,B,N,0.14483438818181277
1941,1332,1333,1333,1334,B,N,0.14499999999999957
1942,1334,1275,1335,1276,B,N,0.14506550244630867
1943,1334,1277,1335,1278,B,N,0.1443398766800084
1944,1334,1335,1335,1336,B,N,0.14499999999999957
1945,1336,1277,1337,1278,B,N,0.14500344823486094
1946,1336,1279,1337,1280,B,N,0.1443398766800084
1947,1336,1337,1337,1338,B,N,0.14499999999999957
1948,1338,1279,1339,1280,B,N,0.14506550244630867
1949,1338,1281,1339,1282,B,N,0.14483438818181277
1950,1338,1339,1339,1340,B,N,0.14499999999999957
1951,1340,1281,1341,1282,B,N,0.14456140563788109
1952,1340,1283,1341,1284,B,N,0.14461673485458038
1953,1340,1341,1341,1342,B,N,0.14499999999999957
1954,1342,1283,1343,1284,B,N,0.1446409347314931
1955,1342,1285,1343,1286,B,N,0.14442298985964805
1956,1342,1343,1343,1344,B,N,0.14499999999999957
1957,1344,1285,1345,1286,B,N,0.14528936643815327
1958,1344,1287,1345,1288,B,N,0.1446409347314931
1959,1344,1345,1345,1346,B,N,0.14499999999999957
1960,1346,1287,1347,1288,B,N,0.14461673485458001
1961,1346,1289,1347,1290,B,N,0.14456140563788109
1962,1346,1347,1347,1348,B,N,0.14499999999999957
1963,1348,1289,1349,1290,B,N,0.14483438818181277
1964,1348,1291,1349,1292,B,N,0.1443364125922496
1965,1348,1349,1349,1350,B,N,0.14499999999999957
1966,1350,1291,1351,1292,B,N,0.14501379244747725
1967,1350,1293,1351,1294,B,N,0.14439182802361086
1968,1350,1351,1351,1352,B,N,0.14499999999999957
1969,1352,1293,1353,1294,B,N,0.14433987668000817
1970,1352,1295,1353,1296,B,N,0.1455369368923229
1971,1352,1353,1353,1354,B,N,0.14499999999999957
1972,1354,1295,1355,1296,B,N,0.14483438818181293
1973,1354,1297,1355,1298,B,N,0.14456140563788109
1974,1354,1355,1355,1356,B,N,0.14499999999999957
1975,1356,1297,1357,1298,B,N,0.14439182802361084
1976,1356,1299,1357,1300,B,N,0.14477568856683093
1977,1356,1357,1357,1358,B,N,0.14499999999999957
1978,1358,1299,1359,1300,B,N,0.1443779761598008
1979,1358,1301,1359,1302,B,N,0.1452446212429224
1980,1358,1359,1359,1360,B,N,0.14499999999999957
1981,1360,1301,1361,1302,B,N,0.14477568856683093
1982,1360,1303,1361,1304,B,N,0.14439182802361047
1983,1360,1361,1361,1362,B,N,0.14499999999999957
1984,1362,1303,1363,1304,B,N,0.14456140563788109
1985,1362,1305,1363,1306,B,N,0.14483438818181293
1986,1362,1363,1363,1364,B,N,0.14499999999999957
1987,1364,1305,1365,1306,B,N,0.14481022063376636
1988,1364,1307,1365,1308,B,N,0.145013792447477
1989,1364,1365,1365,1366,B,N,0.14499999999999957
1990,1366,1307,1367,1308,B,N,0.14377760604489156
1991,1366,1309,1367,1310,B,N,0.145013792447477
1992,1366,1367,1367,1368,B,N,0.14499999999999957
1993,1368,1309,1369,1310,B,N,0.14481022063376636
1994,1368,1311,1369,1312,B,N,0.14483438818181293
1995,1368,1369,1369,1370,B,N,0.14499999999999957
1996,1370,1311,1371,1312,B,N,0.14456140563788109
1997,1370,1313,1371,1314,B,N,0.14439182802361047
1998,1370,1371,1371,1372,B,N,0.14499999999999957
1999,1372,1313,1373,1314,B,N,0.14477568856683093
2000,1372,1315,1373,1316,B,N,0.1452446212429224
2001,1372,1373,1373,1374,B,N,0.14499999999999957
2002,1374,1315,1375,1316,B,N,0.1443779761598008
2003,1374,1317,1375,1318,B,N,0.14477568856683093
2004,1374,1375,1375,1376,B,N,0.14499999999999957
2005,1376,1317,1377,1318,B,N,0.14439182802361084
2006,1376,1319,1377,1320,B,N,0.14456140563788109
2007,1376,1377,1377,1378,B,N,0.14499999999999957
2008,1378,1261,1379,1262,B,N,0.1455369368923229
2009,1378,1319,1379,1320,B,N,0.14483438818181293
2010,1378,1379,1379,1380,B,N,0.14499999999999957
2011,1380,1321,1381,1322,B,N,0.14439182802361086
2012,1380,1323,1381,1324,B,N,0.14501379244747725
2013,1380,1381,1381,1382,B,N,0.14500000000000046
2014,1382,1323,1383,1324,B,N,0.1443364125922496
2015,1382,1325,1383,1326,B,N,0.14483438818181277
2016,1382,1383,1383,1384,B,N,0.14500000000000046
2017,1384,1325,1385,1326,B,N,0.14456140563788109
2018,1384,1327,1385,1328,B,N,0.14461673485458001
2019,1384,1385,1385,1386,B,N,0.14500000000000046
2020,1386,1327,1387,1328,B,N,0.1446409347314931
2021,1386,1329,1387,1330,B,N,0.14528936643815327
2022,1386,1387,1387,1388,B,N,0.14500000000000046
2023,1388,1329,1389,1330,B,N,0.14442298985964805
2024,1388,1331,1389,1332,B,N,0.1446409347314931
2025,1388,1389,1389,1390,B,N,0.14500000000000046
2026,1390,1331,1391,1332,B,N,0.14461673485458038
2027,1390,1333,1391,1334,B,N,0.14456140563788109
2028,1390,1391,1391,1392,B,N,0.14500000000000046
2029,1392,1333,1393,1334,B,N,0.14483438818181277
2030,1392,1335,1393,1336,B,N,0.14506550244630867
2031,1392,1393,1393,1394,B,N,0.14500000000000046
2032,1394,1335,1395,1336,B,N,0.1443398766800084
2033,1394,1337,1395,1338,B,N,0.14500344823486094
2034,1394,1395,1395,1396,B,N,0.14500000000000046
2035,1396,1337,1397,1338,B,N,0.1443398766800084
2036,1396,1339,1397,1340,B,N,0.14506550244630867
2037,1396,1397,1397,1398,B,N,0.14500000000000046
2038,1398,1339,1399,1340,B,N,0.14483438818181277
2039,1398,1341,1399,1342,B,N,0.14456140563788109
2040,1398,1399,1399,1400,B,N,0.14500000000000046
2041,1400,1341,1401,1342,B,N,0.14461673485458038
2042,1400,1343,1401,1344,B,N,0.1446409347314931
2043,1400,1401,1401,1402,B,N,0.14500000000000046
2044,1402,1343,1403,1344,B,N,0.14442298985964805
2045,1402,1345,1403,1346,B,N,0.14528936643815327
2046,1402,1403,1403,1404,B,N,0.14500000000000046
2047,1404,1345,1405,1346,B,N,0.1446409347314931
2048,1404,1347,1405,1348,B,N,0.14461673485458001
2049,1404,1405,1405,1406,B,N,0.14500000000000046
2050,1406,1347,1407,1348,B,N,0.14456140563788109
2051,1406,1349,1407,1350,B,N,0.14483438818181277
2052,1406,1407,1407,1408,B,N,0.14500000000000046
2053,1408,1349,1409,1350,B,N,0.1443364125922496
2054,1408,1351,1409,1352,B,N,0.14501379244747725
2055,1408,1409,1409,1410,B,N,0.14500000000000046
2056,1410,1351,1411,1352,B,N,0.14439182802361086
2057,1410,1353,1411,1354,B,N,0.14433987668000817
2058,1410,1411,1411,1412,B,N,0.14500000000000046
2059,1412,1353,1413,1354,B,N,0.1455369368923229
2060,1412,1355,1413,1356,B,N,0.14483438818181293
2061,1412,1413,1413,1414,B,N,0.14500000000000046
2062,1414,1355,1415,1356,B,N,0.14456140563788109
2063,1414,1357,1415,1358,B,N,0.14439182802361084
2064,1414,1415,1415,1416,B,N,0.14500000000000046
2065,1416,1357,1417,1358,B,N,0.14477568856683093
2066,1416,1359,1417,1360,B,N,0.1443779761598008
2067,1416,1417,1417,1418,B,N,0.14500000000000046
2068,1418,1359,1419,1360,B,N,0.1452446212429224
2069,1418,1361,1419,1362,B,N,0.14477568856683093
2070,1418,1419,1419,1420,B,N,0.14500000000000046
2071,1420,1361,1421,1362,B,N,0.14439182802361047
2072,1420,1363,1421,1364,B,N,0.14456140563788109
2073,1420,1421,1421,1422,B,N,0.14500000000000046
2074,1422,1363,1423,1364,B,N,0.14483438818181293
2075,1422,1365,1423,1366,B,N,0.14481022063376636
2076,1422,1423,1423,1424,B,N,0.14500000000000046
2077,1424,1365,1425,1366,B,N,0.145013792447477
2078,1424,1367,1425,1368,B,N,0.14377760604489156
2079,1424,1425,1425,1426,B,N,0.14500000000000046
2080,1426,1367,1427,1368,B,N,0.145013792447477
2081,1426,1369,1427,1370,B,N,0.14481022063376636
2082,1426,1427,1427,1428,B,N,0.14500000000000046
2083,1428,1369,1429,1370,B,N,0.14483438818181293
2084,1428,1371,1429,1372,B,N,0.14456140563788109
2085,1428,1429,1429,1430,B,N,0.14500000000000046
2086,1430,1371,1431,1372,B,N,0.14439182802361047
2087,1430,1373,1431,1374,B,N,0.14477568856683093
2088,1430,1431,1431,1432,B,N,0.14500000000000046
2089,1432,1373,1433,1374,B,N,0.1452446212429224
2090,1432,1375,1433,1376,B,N,0.1443779761598008
2091,1432,1433,1433,1434,B,N,0.14500000000000046
2092,1434,1375,1435,1376,B,N,0.14477568856683093
2093,1434,1377,1435,1378,B,N,0.14439182802361084
2094,1434,1435,1435,1436,B,N,0.14500000000000046
2095,1436,1377,1437,1378,B,N,0.14456140563788109
2096,1436,1379,1437,1380,B,N,0.14483438818181293
2097,1436,1437,1437,1438,B,N,0.14500000000000046
2098,1438,1321,1439,1322,B,N,0.14433987668000817
2099,1438,1379,1439,1380,B,N,0.1455369368923229
2100,1438,1439,1439,1440,B,N,0.14500000000000046
2101,1440,1381,1441,1382,B,N,0.14551288602732038
2102,1440,1383,1441,1384,B,N,0.14483784035948627
2103,1440,1441,1441,1442,B,N,0.14500000000000046
2104,1442,1383,1443,1384,B,N,0.14533409785731613
2105,1442,1385,1443,1386,B,N,0.14506205568652306
2106,1442,1443,1443,1444,B,N,0.14500000000000046
2107,1444,1385,1445,1386,B,N,0.14511719401917822
2108,1444,1387,1445,1388,B,N,0.1451413104529512
2109,1444,1445,1445,1446,B,N,0.14500000000000046
2110,1446,1387,1447,1388,B,N,0.14578751661236258
2111,1446,1389,1447,1390,B,N,0.14492411807563269
2112,1446,1447,1447,1448,B,N,0.14500000000000046
2113,1448,1389,1449,1390,B,N,0.1451413104529512
2114,1448,1391,1449,1392,B,N,0.14511719401917858
2115,1448,1449,1449,1450,B,N,0.14500000000000046
2116,1450,1391,1451,1392,B,N,0.14506205568652306
2117,1450,1393,1451,1394,B,N,0.14533409785731613
2118,1450,1451,1451,1452,B,N,0.14500000000000046
2119,1452,1393,1453,1394,B,N,0.14556441872930317
2120,1452,1395,1453,1396,B,N,0.14484129245487956
2121,1452,1453,1453,1454,B,N,0.14500000000000046
2122,1454,1395,1455,1396,B,N,0.14550257729676103
2123,1454,1397,1455,1398,B,N,0.14484129245487956
2124,1454,1455,1455,1456,B,N,0.14500000000000046
2125,1456,1397,1457,1398,B,N,0.14556441872930317
2126,1456,1399,1457,1400,B,N,0.14533409785731613
2127,1456,1457,1457,1458,B,N,0.14500000000000046
2128,1458,1399,1459,1400,B,N,0.14506205568652306
2129,1458,1401,1459,1402,B,N,0.14511719401917858
2130,1458,1459,1459,1460,B,N,0.14500000000000046
2131,1460,1401,1461,1402,B,N,0.1451413104529512
2132,1460,1403,1461,1404,B,N,0.14492411807563269
2133,1460,1461,1461,1462,B,N,0.14500000000000046
2134,1462,1403,1463,1404,B,N,0.14578751661236258
2135,1462,1405,1463,1406,B,N,0.1451413104529512
2136,1462,1463,1463,1464,B,N,0.14500000000000046
2137,1464,1405,1465,1406,B,N,0.14511719401917822
2138,1464,1407,1465,1408,B,N,0.14506205568652306
2139,1464,1465,1465,1466,B,N,0.14500000000000046
2140,1466,1407,1467,1408,B,N,0.14533409785731613
2141,1466,1409,1467,1410,B,N,0.14483784035948627
2142,1466,1467,1467,1468,B,N,0.14500000000000046
2143,1468,1409,1469,1410,B,N,0.14551288602732038
2144,1468,1411,1469,1412,B,N,0.1448930640161907
2145,1468,1469,1469,1470,B,N,0.14500000000000046
2146,1470,1411,1471,1412,B,N,0.14484129245487934
2147,1470,1413,1471,1414,B,N,0.14603424255974998
2148,1470,1471,1471,1472,B,N,0.14500000000000046
2149,1472,1413,1473,1414,B,N,0.14533409785731632
2150,1472,1415,1473,1416,B,N,0.14506205568652306
2151,1472,1473,1473,1474,B,N,0.14500000000000046
2152,1474,1415,1475,1416,B,N,0.14489306401619068
2153,1474,1417,1475,1418,B,N,0.1452756001536388
2154,1474,1475,1475,1476,B,N,0.14500000000000046
2155,1476,1417,1477,1418,B,N,0.14487926007541566
2156,1476,1419,1477,1420,B,N,0.1457429243565529
2157,1476,1477,1477,1478,B,N,0.14500000000000046
2158,1478,1419,1479,1420,B,N,0.1452756001536388
2159,1478,1421,1479,1422,B,N,0.14489306401619031
2160,1478,1479,1479,1480,B,N,0.14500000000000046
2161,1480,1421,1481,1422,B,N,0.14506205568652306
2162,1480,1423,1481,1424,B,N,0.14533409785731632
2163,1480,1481,1481,1482,B,N,0.14500000000000046
2164,1482,1423,1483,1424,B,N,0.14531001341958513
2165,1482,1425,1483,1426,B,N,0.14551288602732013
2166,1482,1483,1483,1484,B,N,0.14500000000000046
2167,1484,1425,1485,1426,B,N,0.14428097587693242
2168,1484,1427,1485,1428,B,N,0.14551288602732013
2169,1484,1485,1485,1486,B,N,0.14500000000000046
2170,1486,1427,1487,1428,B,N,0.14531001341958513
2171,1486,1429,1487,1430,B,N,0.14533409785731632
2172,1486,1487,1487,1488,B,N,0.14500000000000046
2173,1488,1429,1489,1430,B,N,0.14506205568652306
2174,1488,1431,1489,1432,B,N,0.14489306401619031
2175,1488,1489,1489,1490,B,N,0.14500000000000046
2176,1490,1431,1491,1432,B,N,0.1452756001536388
2177,1490,1433,1491,1434,B,N,0.1457429243565529
2178,1490,1491,1491,1492,B,N,0.14500000000000046
2179,1492,1433,1493,1434,B,N,0.14487926007541566
2180,1492,1435,1493,1436,B,N,0.1452756001536388
2181,1492,1493,1493,1494,B,N,0.14500000000000046
2182,1494,1435,1495,1436,B,N,0.14489306401619068
2183,1494,1437,1495,1438,B,N,0.14506205568652306
2184,1494,1495,1495,1496,B,N,0.14500000000000046
2185,1496,1437,1497,1438,B,N,0.14533409785731632
2186,1496,1439,1497,1440,B,N,0.14603424255974998
2187,1496,1497,1497,1498,B,N,0.14500000000000046
2188,1498,1381,1499,1382,B,N,0.1448930640161907
2189,1498,1439,1499,1440,B,N,0.14484129245487934
2190,1498,1499,1499,1500,B,N,0.14500000000000046
2191,1500,1441,1501,1442,B,N,0.14483784035948627
2192,1500,1443,1501,1444,B,N,0.14533409785731613
2193,1500,1501,1501,1502,B,N,0.14500000000000046
2194,1502,1443,1503,1444,B,N,0.14506205568652306
2195,1502,1445,1503,1446,B,N,0.14511719401917822
2196,1502,1503,1503,1504,B,N,0.14500000000000046
2197,1504,1445,1505,1446,B,N,0.1451413104529512
2198,1504,1447,1505,1448,B,N,0.14578751661236258
2199,1504,1505,1505,1506,B,N,0.14500000000000046
2200,1506,1447,1507,1448,B,N,0.14492411807563269
2201,1506,1449,1507,1450,B,N,0.1451413104529512
2202,1506,1507,1507,1508,B,N,0.14500000000000046
2203,1508,1449,1509,1450,B,N,0.14511719401917858
2204,1508,1451,1509,1452,B,N,0.14506205568652306
2205,1508,1509,1509,1510,B,N,0.14500000000000046
2206,1510,1451,1511,1452,B,N,0.14533409785731613
2207,1510,1453,1511,1454,B,N,0.14556441872930317
2208,1510,1511,1511,1512,B,N,0.14500000000000046
2209,1512,1453,1513,1454,B,N,0.14484129245487956
2210,1512,1455,1513,1456,B,N,0.14550257729676103
2211,1512,1513,1513,1514,B,N,0.14500000000000046
2212,1514,1455,1515,1456,B,N,0.14484129245487956
2213,1514,1457,1515,1458,B,N,0.14556441872930317
2214,1514,1515,1515,1516,B,N,0.14500000000000046
2215,1516,1457,1517,1458,B,N,0.14533409785731613
2216,1516,1459,1517,1460,B,N,0.14506205568652306
2217,1516,1517,1517,1518,B,N,0.14500000000000046
2218,1518,1459,1519,1460,B,N,0.14511719401917858
2219,1518,1461,1519,1462,B,N,0.1451413104529512
2220,1518,1519,1519,1520,B,N,0.14500000000000046
2221,1520,1461,1521,1462,B,N,0.14492411807563269
2222,1520,1463,1521,1464,B,N,0.14578751661236258
2223,1520,1521,1521,1522,B,N,0.14500000000000046
2224,1522,1463,1523,1464,B,N,0.1451413104529512
2225,1522,1465,1523,1466,B,N,0.14511719401917822
2226,1522,1523,1523,1524,B,N,0.14500000000000046
2227,1524,1465,1525,1466,B,N,0.14506205568652306
2228,1524,1467,1525,1468,B,N,0.14533409785731613
2229,1524,1525,1525,1526,B,N,0.14500000000000046
2230,1526,1467,1527,1468,B,N,0.14483784035948627
2231,1526,1469,1527,1470,B,N,0.14551288602732038
2232,1526,1527,1527,1528,B,N,0.14500000000000046
2233,1528,1469,1529,1470,B,N,0.1448930640161907
2234,1528,1471,1529,1472,B,N,0.14484129245487934
2235,1528,1529,1529,1530,B,N,0.14500000000000046
2236,1530,1471,1531,1472,B,N,0.14603424255974998
2237,1530,1473,1531,1474,B,N,0.14533409785731632
2238,1530,1531,1531,1532,B,N,0.14500000000000046
2239,1532,1473,1533,1474,B,N,0.14506205568652306
2240,1532,1475,1533,1476,B,N,0.14489306401619068
2241,1532,1533,1533,1534,B,N,0.14500000000000046
2242,1534,1475,1535,1476,B,N,0.1452756001536388
2243,1534,1477,1535,1478,B,N,0.14487926007541566
2244,1534,1535,1535,1536,B,N,0.14500000000000046
2245,1536,1477,1537,1478,B,N,0.1457429243565529
2246,1536,1479,1537,1480,B,N,0.1452756001536388
2247,1536,1537,1537,1538,B,N,0.14500000000000046
2248,1538,1479,1539,1480,B,N,0.14489306401619031
2249,1538,1481,1539,1482,B,N,0.14506205568652306
2250,1538,1539,1539,1540,B,N,0.14500000000000046
2251,1540,1481,1541,1482,B,N,0.14533409785731632
2252,1540,1483,1541,1484,B,N,0.14531001341958513
2253,1540,1541,1541,1542,B,N,0.14500000000000046
2254,1542,1483,1543,1484,B,N,0.14551288602732013
2255,1542,1485,1543,1486,B,N,0.14428097587693242
2256,1542,1543,1543,1544,B,N,0.14500000000000046
2257,1544,1485,1545,1486,B,N,0.14551288602732013
2258,1544,1487,1545,1488,B,N,0.14531001341958513
2259,1544,1545,1545,1546,B,N,0.14500000000000046
2260,1546,1487,1547,1488,B,N,0.14533409785731632
2261,1546,1489,1547,1490,B,N,0.14506205568652306
2262,1546,1547,1547,1548,B,N,0.14500000000000046
2263,1548,1489,1549,1490,B,N,0.14489306401619031
2264,1548,1491,1549,1492,B,N,0.1452756001536388
2265,1548,1549,1549,1550,B,N,0.14500000000000046
2266,1550,1491,1551,1492,B,N,0.1457429243565529
2267,1550,1493,1551,1494,B,N,0.14487926007541566
2268,1550,1551,1551,1552,B,N,0.14500000000000046
2269,1552,1493,1553,1494,B,N,0.1452756001536388
2270,1552,1495,1553,1496,B,N,0.14489306401619068
2271,1552,1553,1553,1554,B,N,0.14500000000000046
2272,1554,1495,1555,1496,B,N,0.14506205568652306
2273,1554,1497,1555,1498,B,N,0.14533409785731632
2274,1554,1555,1555,1556,B,N,0.14500000000000046
2275,1556,1497,1557,1498,B,N,0.14603424255974998
2276,1556,1499,1557,1500,B,N,0.14484129245487934
2277,1556,1557,1557,1558,B,N,0.14500000000000046
2278,1558,1441,1559,1442,B,N,0.14551288602732038
2279,1558,1499,1559,1500,B,N,0.1448930640161907
2280,1558,1559,1559,1560,B,N,0.14500000000000046
2281,1560,1501,1561,1502,B,N,0.14483438818181277
2282,1560,1503,1561,1504,B,N,0.14456140563788109
2283,1560,1561,1561,1562,B,N,0.14499999999999957
2284,1562,1503,1563,1504,B,N,0.14461673485458001
2285,1562,1505,1563,1506,B,N,0.1446409347314931
2286,1562,1563,1563,1564,B,N,0.14499999999999957
2287,1564,1505,1565,1506,B,N,0.14528936643815327
2288,1564,1507,1565,1508,B,N,0.14442298985964805
2289,1564,1565,1565,1566,B,N,0.14499999999999957
2290,1566,1507,1567,1508,B,N,0.1446409347314931
2291,1566,1509,1567,1510,B,N,0.14461673485458038
2292,1566,1567,1567,1568,B,N,0.14499999999999957
2293,1568,1509,1569,1510,B,N,0.14456140563788109
2294,1568,1511,1569,1512,B,N,0.14483438818181277
2295,1568,1569,1569,1570,B,N,0.14499999999999957
2296,1570,1511,1571,1512,B,N,0.14506550244630867
2297,1570,1513,1571,1514,B,N,0.1443398766800084
2298,1570,1571,1571,1572,B,N,0.14499999999999957
2299,1572,1513,1573,1514,B,N,0.14500344823486094
2300,1572,1515,1573,1516,B,N,0.1443398766800084
2301,1572,1573,1573,1574,B,N,0.14499999999999957
2302,1574,1515,1575,1516,B,N,0.14506550244630867
2303,1574,1517,1575,1518,B,N,0.14483438818181277
2304,1574,1575,1575,1576,B,N,0.14499999999999957
2305,1576,1517,1577,1518,B,N,0.14456140563788109
2306,1576,1519,1577,1520,B,N,0.14461673485458038
2307,1576,1577,1577,1578,B,N,0.14499999999999957
2308,1578,1519,1579,1520,B,N,0.1446409347314931
2309,1578,1521,1579,1522,B,N,0.14442298985964805
2310,1578,1579,1579,1580,B,N,0.14499999999999957
2311,1580,1521,1581,1522,B,N,0.14528936643815327
2312,1580,1523,1581,1524,B,N,0.1446409347314931
2313,1580,1581,1581,1582,B,N,0.14499999999999957
2314,1582,1523,1583,1524,B,N,0.14461673485458001
2315,1582,1525,1583,1526,B,N,0.14456140563788109
2316,1582,1583,1583,1584,B,N,0.14499999999999957
2317,1584,1525,1585,1526,B,N,0.14483438818181277
2318,1584,1527,1585,1528,B,N,0.1443364125922496
2319,1584,1585,1585,1586,B,N,0.14499999999999957
2320,1586,1527,1587,1528,B,N,0.14501379244747725
2321,1586,1529,1587,1530,B,N,0.14439182802361086
2322,1586,1587,1587,1588,B,N,0.14499999999999957
2323,1588,1529,1589,1530,B,N,0.14433987668000817
2324,1588,1531,1589,1532,B,N,0.1455369368923229
2325,1588,1589,1589,1590,B,N,0.14499999999999957
2326,1590,1531,1591,1532,B,N,0.14483438818181293
2327,1590,1533,1591,1534,B,N,0.14456140563788109
2328,1590,1591,1591,1592,B,N,0.14499999999999957
2329,1592,1533,1593,1534,B,N,0.14439182802361084
2330,1592,1535,1593,1536,B,N,0.14477568856683093
2331,1592,1593,1593,1594,B,N,0.14499999999999957
2332,1594,1535,1595,1536,B,N,0.1443779761598008
2333,1594,1537,1595,1538,B,N,0.1452446212429224
2334,1594,1595,1595,1596,B,N,0.14499999999999957
2335,1596,1537,1597,1538,B,N,0.14477568856683093
2336,1596,1539,1597,1540,B,N,0.14439182802361047
2337,1596,1597,1597,1598,B,N,0.14499999999999957
2338,1598,1539,1599,1540,B,N,0.14456140563788109
2339,1598,1541,1599,1542,B,N,0.14483438818181293
2340,1598,1599,1599,1600,B,N,0.14499999999999957
2341,1600,1541,1601,1542,B,N,0.14481022063376636
2342,1600,1543,1601,1544,B,N,0.145013792447477
2343,1600,1601,1601,1602,B,N,0.14499999999999957
2344,1602,1543,1603,1544,B,N,0.14377760604489156
2345,1602,1545,1603,1546,B,N,0.145013792447477
2346,1602,1603,1603,1604,B,N,0.14499999999999957
2347,1604,1545,1605,1546,B,N,0.14481022063376636
2348,1604,1547,1605,1548,B,N,0.14483438818181293
2349,1604,1605,1605,1606,B,N,0.14499999999999957
2350,1606,1547,1607,1548,B,N,0.14456140563788109
2351,1606,1549,1607,1550,B,N,0.14439182802361047
2352,1606,1607,1607,1608,B,N,0.14499999999999957
2353,1608,1549,1609,1550,B,N,0.14477568856683093
2354,1608,1551,1609,1552,B,N,0.1452446212429224
2355,1608,1609,1609,1610,B,N,0.14499999999999957
2356,1610,1551,1611,1552,B,N,0.1443779761598008
2357,1610,1553,1611,1554,B,N,0.14477568856683093
2358,1610,1611,1611,1612,B,N,0.14499999999999957
2359,1612,1553,1613,1554,B,N,0.14439182802361084
2360,1612,1555,1613,1556,B,N,0.14456140563788109
2361,1612,1613,1613,1614,B,N,0.14499999999999957
2362,1614,1555,1615,1556,B,N,0.14483438818181293
2363,1614,1557,1615,1558,B,N,0.1455369368923229
2364,1614,1615,1615,1616,B,N,0.14499999999999957
2365,1616,1557,1617,1558,B,N,0.14433987668000817
2366,1616,1559,1617,1560,B,N,0.14439182802361086
2367,1616,1617,1617,1618,B,N,0.14499999999999957
2368,1618,1501,1619,1502,B,N,0.1443364125922496
2369,1618,1559,1619,1560,B,N,0.14501379244747725
2370,1618,1619,1619,1620,B,N,0.14499999999999957
2371,1620,1561,1621,1562,B,N,0.14506205568652353
2372,1620,1563,1621,1564,B,N,0.14511719401917866
2373,1620,1621,1621,1622,B,N,0.14500000000000046
2374,1622,1563,1623,1564,B,N,0.14514131045295164
2375,1622,1565,1623,1566,B,N,0.14578751661236306
2376,1622,1623,1623,1624,B,N,0.14500000000000046
2377,1624,1565,1625,1566,B,N,0.14492411807563313
2378,1624,1567,1625,1568,B,N,0.14514131045295164
2379,1624,1625,1625,1626,B,N,0.14500000000000046
2380,1626,1567,1627,1568,B,N,0.14511719401917905
2381,1626,1569,1627,1570,B,N,0.14506205568652353
2382,1626,1627,1627,1628,B,N,0.14500000000000046
2383,1628,1569,1629,1570,B,N,0.1453340978573166
2384,1628,1571,1629,1572,B,N,0.14556441872930362
2385,1628,1629,1629,1630,B,N,0.14500000000000046
2386,1630,1571,1631,1572,B,N,0.14484129245488003
2387,1630,1573,1631,1574,B,N,0.14550257729676147
2388,1630,1631,1631,1632,B,N,0.14500000000000046
2389,1632,1573,1633,1574,B,N,0.14484129245488003
2390,1632,1575,1633,1576,B,N,0.14556441872930362
2391,1632,1633,1633,1634,B,N,0.14500000000000046
2392,1634,1575,1635,1576,B,N,0.1453340978573166
2393,1634,1577,1635,1578,B,N,0.14506205568652353
2394,1634,1635,1635,1636,B,N,0.14500000000000046
2395,1636,1577,1637,1578,B,N,0.14511719401917905
2396,1636,1579,1637,1580,B,N,0.14514131045295164
2397,1636,1637,1637,1638,B,N,0.14500000000000046
2398,1638,1579,1639,1580,B,N,0.14492411807563313
2399,1638,1581,1639,1582,B,N,0.14578751661236306
2400,1638,1639,1639,1640,B,N,0.14500000000000046
2401,1640,1581,1641,1582,B,N,0.14514131045295164
2402,1640,1583,1641,1584,B,N,0.14511719401917866
2403,1640,1641,1641,1642,B,N,0.14500000000000046
2404,1642,1583,1643,1584,B,N,0.14506205568652353
2405,1642,1585,1643,1586,B,N,0.1453340978573166
2406,1642,1643,1643,1644,B,N,0.14500000000000046
2407,1644,1585,1645,1586,B,N,0.1448378403594867
2408,1644,1587,1645,1588,B,N,0.14551288602732082
2409,1644,1645,1645,1646,B,N,0.14500000000000046
2410,1646,1587,1647,1588,B,N,0.14489306401619115
2411,1646,1589,1647,1590,B,N,0.14484129245487978
2412,1646,1647,1647,1648,B,N,0.14500000000000046
2413,1648,1589,1649,1590,B,N,0.14603424255975045
2414,1648,1591,1649,1592,B,N,0.14533409785731677
2415,1648,1649,1649,1650,B,N,0.14500000000000046
2416,1650,1591,1651,1592,B,N,0.14506205568652353
2417,1650,1593,1651,1594,B,N,0.14489306401619112
2418,1650,1651,1651,1652,B,N,0.14500000000000046
2419,1652,1593,1653,1594,B,N,0.14527560015363924
2420,1652,1595,1653,1596,B,N,0.1448792600754161
2421,1652,1653,1653,1654,B,N,0.14500000000000046
2422,1654,1595,1655,1596,B,N,0.14574292435655337
2423,1654,1597,1655,1598,B,N,0.14527560015363924
2424,1654,1655,1655,1656,B,N,0.14500000000000046
2425,1656,1597,1657,1598,B,N,0.14489306401619076
2426,1656,1599,1657,1600,B,N,0.14506205568652353
2427,1656,1657,1657,1658,B,N,0.14500000000000046
2428,1658,1599,1659,1600,B,N,0.14533409785731677
2429,1658,1601,1659,1602,B,N,0.14531001341958558
2430,1658,1659,1659,1660,B,N,0.14500000000000046
2431,1660,1601,1661,1602,B,N,0.1455128860273206
2432,1660,1603,1661,1604,B,N,0.14428097587693287
2433,1660,1661,1661,1662,B,N,0.14500000000000046
2434,1662,1603,1663,1604,B,N,0.1455128860273206
2435,1662,1605,1663,1606,B,N,0.14531001341958558
2436,1662,1663,1663,1664,B,N,0.14500000000000046
2437,1664,1605,1665,1606,B,N,0.14533409785731677
2438,1664,1607,1665,1608,B,N,0.14506205568652353
2439,1664,1665,1665,1666,B,N,0.14500000000000046
2440,1666,1607,1667,1608,B,N,0.14489306401619076
2441,1666,1609,1667,1610,B,N,0.14527560015363924
2442,1666,1667,1667,1668,B,N,0.14500000000000046
2443,1668,1609,1669,1610,B,N,0.14574292435655337
2444,1668,1611,1669,1612,B,N,0.1448792600754161
2445,1668,1669,1669,1670,B,N,0.14500000000000046
2446,1670,1611,1671,1612,B,N,0.14527560015363924
2447,1670,1613,1671,1614,B,N,0.14489306401619112
2448,1670,1671,1671,1672,B,N,0.14500000000000046
2449,1672,1613,1673,1614,B,N,0.14506205568652353
2450,1672,1615,1673,1616,B,N,0.14533409785731677
2451,1672,1673,1673,1674,B,N,0.14500000000000046
2452,1674,1615,1675,1616,B,N,0.14603424255975045
2453,1674,1617,1675,1618,B,N,0.14484129245487978
2454,1674,1675,1675,1676,B,N,0.14500000000000046
2455,1676,1617,1677,1618,B,N,0.14489306401619115
2456,1676,1619,1677,1620,B,N,0.14551288602732082
2457,1676,1677,1677,1678,B,N,0.14500000000000046
2458,1678,1561,1679,1562,B,N,0.1453340978573166
2459,1678,1619,1679,1620,B,N,0.1448378403594867
2460,1678,1679,1679,1680,B,N,0.14500000000000046
