node_id,element,node_type,end,x_nm,y_nm,z_nm,coordinate_source,energy_minimized,MD_relaxed
A:LOWER:-10:-2,N,ANNULUS_INTERIOR,LOWER,3.9484310986735465,4.422199315879867,1.7500976981276273,GATE3O_VALIDATED_HEAVY_COORDINATE,False,False
A:LOWER:-10:-4,N,ANNULUS_INTERIOR,LOWER,4.199531700397307,4.4222002984319495,1.7500976981276273,GATE3O_VALIDATED_HEAVY_COORDINATE,False,False
A:LOWER:-10:-6,N,ANNULUS_OUTER_BOUNDARY,LOWER,4.450632302121067,4.422201280984032,1.7500976981276273,GATE3O_VALIDATED_HEAVY_COORDINATE,False,False
A:LOWER:-10:0,N,ANNULUS_INTERIOR,LOWER,3.697330496949786,4.422198333327784,1.7500976981276273,GATE3O_VALIDATED_HEAVY_COORDINATE,False,False
A:LOWER:-10:2,N,ANNULUS_INTERIOR,LOWER,3.4462298952260255,4.422197350775701,1.7500976981276273,GATE3O_VALIDATED_HEAVY_COORDINATE,False,False
A:LOWER:-10:4,N,ANNULUS_INTERIOR,LOWER,3.1951292935022653,4.422196368223619,1.7500976981276273,GATE3O_VALIDATED_HEAVY_COORDINATE,False,False
A:LOWER:-10:6,N,ANNULUS_OUTER_BOUNDARY,LOWER,2.944028691778505,4.422195385671536,1.7500976981276273,GATE3O_VALIDATED_HEAVY_COORDINATE,False,False
A:LOWER:-11:-1,B,ANNULUS_INTERIOR,LOWER,3.8228805141733115,4.49468532460327,1.7500976981276273,GATE3O_VALIDATED_HEAVY_COORDINATE,False,False
A:LOWER:-11:-3,B,ANNULUS_INTERIOR,LOWER,4.073981115897072,4.494686307155353,1.7500976981276273,GATE3O_VALIDATED_HEAVY_COORDINATE,False,False
A:LOWER:-11:-5,B,ANNULUS_INTERIOR,LOWER,4.325081717620833,4.494687289707436,1.7500976981276273,GATE3O_VALIDATED_HEAVY_COORDINATE,False,False
A:LOWER:-11:1,B,ANNULUS_INTERIOR,LOWER,3.5717799124495513,4.494684342051189,1.7500976981276273,GATE3O_VALIDATED_HEAVY_COORDINATE,False,False
A:LOWER:-11:3,B,ANNULUS_INTERIOR,LOWER,3.3206793107257906,4.494683359499105,1.7500976981276273,GATE3O_VALIDATED_HEAVY_COORDINATE,False,False
A:LOWER:-11:5,B,ANNULUS_INTERIOR,LOWER,3.069578709002031,4.494682376947022,1.7500976981276273,GATE3O_VALIDATED_HEAVY_COORDINATE,False,False
A:LOWER:-13:-1,N,ANNULUS_INTERIOR,LOWER,3.8228799468966024,4.639658324602161,1.7500976981276273,GATE3O_VALIDATED_HEAVY_COORDINATE,False,False
A:LOWER:-13:-3,N,ANNULUS_INTERIOR,LOWER,4.073980548620363,4.6396593071542425,1.7500976981276273,GATE3O_VALIDATED_HEAVY_COORDINATE,False,False
A:LOWER:-13:-5,N,ANNULUS_OUTER_BOUNDARY,LOWER,4.325081150344123,4.639660289706326,1.7500976981276273,GATE3O_VALIDATED_HEAVY_COORDINATE,False,False
A:LOWER:-13:1,N,ANNULUS_INTERIOR,LOWER,3.571779345172842,4.639657342050078,1.7500976981276273,GATE3O_VALIDATED_HEAVY_COORDINATE,False,False
A:LOWER:-13:3,N,ANNULUS_INTERIOR,LOWER,3.3206787434490814,4.639656359497995,1.7500976981276273,GATE3O_VALIDATED_HEAVY_COORDINATE,False,False
A:LOWER:-13:5,N,ANNULUS_OUTER_BOUNDARY,LOWER,3.069578141725321,4.639655376945913,1.7500976981276273,GATE3O_VALIDATED_HEAVY_COORDINATE,False,False
A:LOWER:-14:-2,B,ANNULUS_OUTER_BOUNDARY,LOWER,3.948429964120128,4.712145315877647,1.7500976981276273,GATE3O_VALIDATED_HEAVY_COORDINATE,False,False
A:LOWER:-14:-4,B,ANNULUS_OUTER_BOUNDARY,LOWER,4.199530565843888,4.7121462984297295,1.7500976981276273,GATE3O_VALIDATED_HEAVY_COORDINATE,False,False
A:LOWER:-14:0,B,ANNULUS_OUTER_BOUNDARY,LOWER,3.6973293623963674,4.712144333325564,1.7500976981276273,GATE3O_VALIDATED_HEAVY_COORDINATE,False,False
A:LOWER:-14:2,B,ANNULUS_OUTER_BOUNDARY,LOWER,3.446228760672607,4.712143350773482,1.7500976981276273,GATE3O_VALIDATED_HEAVY_COORDINATE,False,False
A:LOWER:-14:4,B,ANNULUS_OUTER_BOUNDARY,LOWER,3.1951281589488465,4.712142368221398,1.7500976981276273,GATE3O_VALIDATED_HEAVY_COORDINATE,False,False
A:LOWER:-1:-5,N,ANNULUS_INTERIOR,LOWER,4.32508455400438,3.7698222897129847,1.7500976981276273,GATE3O_VALIDATED_HEAVY_COORDINATE,False,False
A:LOWER:-1:-7,N,ANNULUS_INTERIOR,LOWER,4.57618515572814,3.7698232722650675,1.7500976981276273,GATE3O_VALIDATED_HEAVY_COORDINATE,False,False
A:LOWER:-1:-9,N,ANNULUS_OUTER_BOUNDARY,LOWER,4.827285757451901,3.76982425481715,1.7500976981276273,GATE3O_VALIDATED_HEAVY_COORDINATE,False,False
A:LOWER:-1:5,N,ANNULUS_INTERIOR,LOWER,3.0695815453855775,3.7698173769525716,1.7500976981276273,GATE3O_VALIDATED_HEAVY_COORDINATE,False,False
A:LOWER:-1:7,N,ANNULUS_INTERIOR,LOWER,2.818480943661817,3.769816394400489,1.7500976981276273,GATE3O_VALIDATED_HEAVY_COORDINATE,False,False
A:LOWER:-1:9,N,ANNULUS_OUTER_BOUNDARY,LOWER,2.5673803419380565,3.7698154118484064,1.7500976981276273,GATE3O_VALIDATED_HEAVY_COORDINATE,False,False
A:LOWER:-2:-4,B,ANNULUS_INNER_BOUNDARY,LOWER,4.199533969504145,3.8423082984363885,1.7500976981276273,GATE3O_VALIDATED_HEAVY_COORDINATE,False,False
A:LOWER:-2:-6,B,ANNULUS_INTERIOR,LOWER,4.450634571227905,3.842309280988471,1.7500976981276273,GATE3O_VALIDATED_HEAVY_COORDINATE,False,False
A:LOWER:-2:-8,B,ANNULUS_INTERIOR,LOWER,4.701735172951666,3.842310263540554,1.7500976981276273,GATE3O_VALIDATED_HEAVY_COORDINATE,False,False
A:LOWER:-2:4,B,ANNULUS_INNER_BOUNDARY,LOWER,3.195131562609103,3.842304368228058,1.7500976981276273,GATE3O_VALIDATED_HEAVY_COORDINATE,False,False
A:LOWER:-2:6,B,ANNULUS_INTERIOR,LOWER,2.9440309608853426,3.8423033856759754,1.7500976981276273,GATE3O_VALIDATED_HEAVY_COORDINATE,False,False
A:LOWER:-2:8,B,ANNULUS_INTERIOR,LOWER,2.692930359161582,3.8423024031238926,1.7500976981276273,GATE3O_VALIDATED_HEAVY_COORDINATE,False,False
A:LOWER:-4:-4,N,ANNULUS_INTERIOR,LOWER,4.199533402227435,3.9872812984352786,1.7500976981276273,GATE3O_VALIDATED_HEAVY_COORDINATE,False,False
A:LOWER:-4:-6,N,ANNULUS_INTERIOR,LOWER,4.450634003951196,3.9872822809873614,1.7500976981276273,GATE3O_VALIDATED_HEAVY_COORDINATE,False,False
A:LOWER:-4:-8,N,ANNULUS_OUTER_BOUNDARY,LOWER,4.7017346056749565,3.987283263539444,1.7500976981276273,GATE3O_VALIDATED_HEAVY_COORDINATE,False,False
A:LOWER:-4:4,N,ANNULUS_INTERIOR,LOWER,3.1951309953323936,3.9872773682269482,1.7500976981276273,GATE3O_VALIDATED_HEAVY_COORDINATE,False,False
A:LOWER:-4:6,N,ANNULUS_INTERIOR,LOWER,2.944030393608633,3.9872763856748654,1.7500976981276273,GATE3O_VALIDATED_HEAVY_COORDINATE,False,False
A:LOWER:-4:8,N,ANNULUS_OUTER_BOUNDARY,LOWER,2.6929297918848727,3.987275403122783,1.7500976981276273,GATE3O_VALIDATED_HEAVY_COORDINATE,False,False
A:LOWER:-5:-3,B,ANNULUS_INNER_BOUNDARY,LOWER,4.073982817727201,4.059767307158682,1.7500976981276273,GATE3O_VALIDATED_HEAVY_COORDINATE,False,False
A:LOWER:-5:-5,B,ANNULUS_INTERIOR,LOWER,4.32508341945096,4.059768289710765,1.7500976981276273,GATE3O_VALIDATED_HEAVY_COORDINATE,False,False
A:LOWER:-5:-7,B,ANNULUS_INTERIOR,LOWER,4.576184021174721,4.059769272262848,1.7500976981276273,GATE3O_VALIDATED_HEAVY_COORDINATE,False,False
A:LOWER:-5:3,B,ANNULUS_INNER_BOUNDARY,LOWER,3.320681012555919,4.059764359502434,1.7500976981276273,GATE3O_VALIDATED_HEAVY_COORDINATE,False,False
A:LOWER:-5:5,B,ANNULUS_INTERIOR,LOWER,3.0695804108321587,4.059763376950352,1.7500976981276273,GATE3O_VALIDATED_HEAVY_COORDINATE,False,False
A:LOWER:-5:7,B,ANNULUS_INTERIOR,LOWER,2.818479809108398,4.05976239439827,1.7500976981276273,GATE3O_VALIDATED_HEAVY_COORDINATE,False,False
A:LOWER:-7:-1,N,ANNULUS_INNER_BOUNDARY,LOWER,3.8228816487267303,4.20473932460549,1.7500976981276273,GATE3O_VALIDATED_HEAVY_COORDINATE,False,False
A:LOWER:-7:-3,N,ANNULUS_INTERIOR,LOWER,4.0739822504504914,4.204740307157572,1.7500976981276273,GATE3O_VALIDATED_HEAVY_COORDINATE,False,False
A:LOWER:-7:-5,N,ANNULUS_INTERIOR,LOWER,4.325082852174251,4.204741289709656,1.7500976981276273,GATE3O_VALIDATED_HEAVY_COORDINATE,False,False
A:LOWER:-7:-7,N,ANNULUS_OUTER_BOUNDARY,LOWER,4.576183453898012,4.204742272261738,1.7500976981276273,GATE3O_VALIDATED_HEAVY_COORDINATE,False,False
A:LOWER:-7:1,N,ANNULUS_INNER_BOUNDARY,LOWER,3.57178104700297,4.204738342053408,1.7500976981276273,GATE3O_VALIDATED_HEAVY_COORDINATE,False,False
A:LOWER:-7:3,N,ANNULUS_INTERIOR,LOWER,3.3206804452792094,4.204737359501325,1.7500976981276273,GATE3O_VALIDATED_HEAVY_COORDINATE,False,False
A:LOWER:-7:5,N,ANNULUS_INTERIOR,LOWER,3.069579843555449,4.204736376949242,1.7500976981276273,GATE3O_VALIDATED_HEAVY_COORDINATE,False,False
A:LOWER:-7:7,N,ANNULUS_OUTER_BOUNDARY,LOWER,2.8184792418316884,4.204735394397159,1.7500976981276273,GATE3O_VALIDATED_HEAVY_COORDINATE,False,False
A:LOWER:-8:-2,B,ANNULUS_INTERIOR,LOWER,3.948431665950256,4.277226315880976,1.7500976981276273,GATE3O_VALIDATED_HEAVY_COORDINATE,False,False
A:LOWER:-8:-4,B,ANNULUS_INTERIOR,LOWER,4.199532267674017,4.2772272984330595,1.7500976981276273,GATE3O_VALIDATED_HEAVY_COORDINATE,False,False
A:LOWER:-8:-6,B,ANNULUS_INTERIOR,LOWER,4.450632869397777,4.277228280985142,1.7500976981276273,GATE3O_VALIDATED_HEAVY_COORDINATE,False,False
A:LOWER:-8:0,B,ANNULUS_INTERIOR,LOWER,3.6973310642264954,4.277225333328894,1.7500976981276273,GATE3O_VALIDATED_HEAVY_COORDINATE,False,False
A:LOWER:-8:2,B,ANNULUS_INTERIOR,LOWER,3.446230462502735,4.2772243507768115,1.7500976981276273,GATE3O_VALIDATED_HEAVY_COORDINATE,False,False
A:LOWER:-8:4,B,ANNULUS_INTERIOR,LOWER,3.195129860778975,4.277223368224728,1.7500976981276273,GATE3O_VALIDATED_HEAVY_COORDINATE,False,False
A:LOWER:-8:6,B,ANNULUS_INTERIOR,LOWER,2.944029259055214,4.277222385672647,1.7500976981276273,GATE3O_VALIDATED_HEAVY_COORDINATE,False,False
A:LOWER:10:-2,B,ANNULUS_INTERIOR,LOWER,3.948436771440641,2.9724693158909647,1.7500976981276273,GATE3O_VALIDATED_HEAVY_COORDINATE,False,False
A:LOWER:10:-4,B,ANNULUS_INTERIOR,LOWER,4.199537373164402,2.972470298443047,1.7500976981276273,GATE3O_VALIDATED_HEAVY_COORDINATE,False,False
A:LOWER:10:-6,B,ANNULUS_OUTER_BOUNDARY,LOWER,4.450637974888162,2.9724712809951304,1.7500976981276273,GATE3O_VALIDATED_HEAVY_COORDINATE,False,False
A:LOWER:10:0,B,ANNULUS_INTERIOR,LOWER,3.6973361697168805,2.9724683333388824,1.7500976981276273,GATE3O_VALIDATED_HEAVY_COORDINATE,False,False
A:LOWER:10:2,B,ANNULUS_INTERIOR,LOWER,3.4462355679931203,2.9724673507867996,1.7500976981276273,GATE3O_VALIDATED_HEAVY_COORDINATE,False,False
A:LOWER:10:4,B,ANNULUS_INTERIOR,LOWER,3.1951349662693596,2.972466368234717,1.7500976981276273,GATE3O_VALIDATED_HEAVY_COORDINATE,False,False
A:LOWER:10:6,B,ANNULUS_OUTER_BOUNDARY,LOWER,2.944034364545599,2.972465385682635,1.7500976981276273,GATE3O_VALIDATED_HEAVY_COORDINATE,False,False
A:LOWER:11:-1,N,ANNULUS_INTERIOR,LOWER,3.8228867542171154,2.8999823246154786,1.7500976981276273,GATE3O_VALIDATED_HEAVY_COORDINATE,False,False
A:LOWER:11:-3,N,ANNULUS_INTERIOR,LOWER,4.073987355940876,2.899983307167561,1.7500976981276273,GATE3O_VALIDATED_HEAVY_COORDINATE,False,False
A:LOWER:11:-5,N,ANNULUS_INTERIOR,LOWER,4.325087957664636,2.8999842897196437,1.7500976981276273,GATE3O_VALIDATED_HEAVY_COORDINATE,False,False
A:LOWER:11:1,N,ANNULUS_INTERIOR,LOWER,3.571786152493355,2.899981342063396,1.7500976981276273,GATE3O_VALIDATED_HEAVY_COORDINATE,False,False
A:LOWER:11:3,N,ANNULUS_INTERIOR,LOWER,3.3206855507695945,2.8999803595113134,1.7500976981276273,GATE3O_VALIDATED_HEAVY_COORDINATE,False,False
A:LOWER:11:5,N,ANNULUS_INTERIOR,LOWER,3.0695849490458342,2.89997937695923,1.7500976981276273,GATE3O_VALIDATED_HEAVY_COORDINATE,False,False
A:LOWER:13:-1,B,ANNULUS_INTERIOR,LOWER,3.8228873214938246,2.7550093246165885,1.7500976981276273,GATE3O_VALIDATED_HEAVY_COORDINATE,False,False
A:LOWER:13:-3,B,ANNULUS_INTERIOR,LOWER,4.073987923217585,2.7550103071686713,1.7500976981276273,GATE3O_VALIDATED_HEAVY_COORDINATE,False,False
A:LOWER:13:-5,B,ANNULUS_OUTER_BOUNDARY,LOWER,4.3250885249413455,2.7550112897207537,1.7500976981276273,GATE3O_VALIDATED_HEAVY_COORDINATE,False,False
A:LOWER:13:1,B,ANNULUS_INTERIOR,LOWER,3.571786719770064,2.755008342064506,1.7500976981276273,GATE3O_VALIDATED_HEAVY_COORDINATE,False,False
A:LOWER:13:3,B,ANNULUS_INTERIOR,LOWER,3.3206861180463036,2.755007359512423,1.7500976981276273,GATE3O_VALIDATED_HEAVY_COORDINATE,False,False
A:LOWER:13:5,B,ANNULUS_OUTER_BOUNDARY,LOWER,3.0695855163225434,2.7550063769603406,1.7500976981276273,GATE3O_VALIDATED_HEAVY_COORDINATE,False,False
A:LOWER:14:-2,N,ANNULUS_OUTER_BOUNDARY,LOWER,3.9484379059940595,2.6825233158931847,1.7500976981276273,GATE3O_VALIDATED_HEAVY_COORDINATE,False,False
A:LOWER:14:-4,N,ANNULUS_OUTER_BOUNDARY,LOWER,4.19953850771782,2.6825242984452675,1.7500976981276273,GATE3O_VALIDATED_HEAVY_COORDINATE,False,False
A:LOWER:14:0,N,ANNULUS_OUTER_BOUNDARY,LOWER,3.697337304270299,2.6825223333411023,1.7500976981276273,GATE3O_VALIDATED_HEAVY_COORDINATE,False,False
A:LOWER:14:2,N,ANNULUS_OUTER_BOUNDARY,LOWER,3.4462367025465386,2.682521350789019,1.7500976981276273,GATE3O_VALIDATED_HEAVY_COORDINATE,False,False
A:LOWER:14:4,N,ANNULUS_OUTER_BOUNDARY,LOWER,3.1951361008227783,2.6825203682369367,1.7500976981276273,GATE3O_VALIDATED_HEAVY_COORDINATE,False,False
A:LOWER:1:-5,B,ANNULUS_INTERIOR,LOWER,4.325085121281089,3.6248492897140947,1.7500976981276273,GATE3O_VALIDATED_HEAVY_COORDINATE,False,False
A:LOWER:1:-7,B,ANNULUS_INTERIOR,LOWER,4.5761857230048495,3.624850272266177,1.7500976981276273,GATE3O_VALIDATED_HEAVY_COORDINATE,False,False
A:LOWER:1:-9,B,ANNULUS_OUTER_BOUNDARY,LOWER,4.82728632472861,3.62485125481826,1.7500976981276273,GATE3O_VALIDATED_HEAVY_COORDINATE,False,False
A:LOWER:1:5,B,ANNULUS_INTERIOR,LOWER,3.069582112662287,3.6248443769536816,1.7500976981276273,GATE3O_VALIDATED_HEAVY_COORDINATE,False,False
A:LOWER:1:7,B,ANNULUS_INTERIOR,LOWER,2.8184815109385264,3.624843394401599,1.7500976981276273,GATE3O_VALIDATED_HEAVY_COORDINATE,False,False
A:LOWER:1:9,B,ANNULUS_OUTER_BOUNDARY,LOWER,2.5673809092147657,3.6248424118495164,1.7500976981276273,GATE3O_VALIDATED_HEAVY_COORDINATE,False,False
A:LOWER:2:-4,N,ANNULUS_INNER_BOUNDARY,LOWER,4.1995351040575635,3.5523622984386085,1.7500976981276273,GATE3O_VALIDATED_HEAVY_COORDINATE,False,False
A:LOWER:2:-6,N,ANNULUS_INTERIOR,LOWER,4.450635705781324,3.552363280990691,1.7500976981276273,GATE3O_VALIDATED_HEAVY_COORDINATE,False,False
A:LOWER:2:-8,N,ANNULUS_INTERIOR,LOWER,4.701736307505085,3.5523642635427737,1.7500976981276273,GATE3O_VALIDATED_HEAVY_COORDINATE,False,False
A:LOWER:2:4,N,ANNULUS_INNER_BOUNDARY,LOWER,3.1951326971625216,3.5523583682302777,1.7500976981276273,GATE3O_VALIDATED_HEAVY_COORDINATE,False,False
A:LOWER:2:6,N,ANNULUS_INTERIOR,LOWER,2.9440320954387613,3.5523573856781954,1.7500976981276273,GATE3O_VALIDATED_HEAVY_COORDINATE,False,False
A:LOWER:2:8,N,ANNULUS_INTERIOR,LOWER,2.692931493715001,3.5523564031261126,1.7500976981276273,GATE3O_VALIDATED_HEAVY_COORDINATE,False,False
A:LOWER:4:-4,B,ANNULUS_INTERIOR,LOWER,4.1995356713342735,3.407389298439718,1.7500976981276273,GATE3O_VALIDATED_HEAVY_COORDINATE,False,False
A:LOWER:4:-6,B,ANNULUS_INTERIOR,LOWER,4.450636273058033,3.407390280991801,1.7500976981276273,GATE3O_VALIDATED_HEAVY_COORDINATE,False,False
A:LOWER:4:-8,B,ANNULUS_OUTER_BOUNDARY,LOWER,4.701736874781794,3.4073912635438837,1.7500976981276273,GATE3O_VALIDATED_HEAVY_COORDINATE,False,False
A:LOWER:4:4,B,ANNULUS_INTERIOR,LOWER,3.195133264439231,3.4073853682313877,1.7500976981276273,GATE3O_VALIDATED_HEAVY_COORDINATE,False,False
A:LOWER:4:6,B,ANNULUS_INTERIOR,LOWER,2.944032662715471,3.407384385679305,1.7500976981276273,GATE3O_VALIDATED_HEAVY_COORDINATE,False,False
A:LOWER:4:8,B,ANNULUS_OUTER_BOUNDARY,LOWER,2.6929320609917102,3.407383403127222,1.7500976981276273,GATE3O_VALIDATED_HEAVY_COORDINATE,False,False
A:LOWER:5:-3,N,ANNULUS_INNER_BOUNDARY,LOWER,4.073985654110747,3.334902307164232,1.7500976981276273,GATE3O_VALIDATED_HEAVY_COORDINATE,False,False
A:LOWER:5:-5,N,ANNULUS_INTERIOR,LOWER,4.325086255834508,3.3349032897163142,1.7500976981276273,GATE3O_VALIDATED_HEAVY_COORDINATE,False,False
A:LOWER:5:-7,N,ANNULUS_INTERIOR,LOWER,4.576186857558269,3.3349042722683966,1.7500976981276273,GATE3O_VALIDATED_HEAVY_COORDINATE,False,False
A:LOWER:5:3,N,ANNULUS_INNER_BOUNDARY,LOWER,3.320683848939466,3.334899359507984,1.7500976981276273,GATE3O_VALIDATED_HEAVY_COORDINATE,False,False
A:LOWER:5:5,N,ANNULUS_INTERIOR,LOWER,3.069583247215706,3.334898376955901,1.7500976981276273,GATE3O_VALIDATED_HEAVY_COORDINATE,False,False
A:LOWER:5:7,N,ANNULUS_INTERIOR,LOWER,2.818482645491945,3.3348973944038187,1.7500976981276273,GATE3O_VALIDATED_HEAVY_COORDINATE,False,False
A:LOWER:7:-1,B,ANNULUS_INNER_BOUNDARY,LOWER,3.8228856196636967,3.189928324613259,1.7500976981276273,GATE3O_VALIDATED_HEAVY_COORDINATE,False,False
A:LOWER:7:-3,B,ANNULUS_INTERIOR,LOWER,4.073986221387457,3.1899293071653414,1.7500976981276273,GATE3O_VALIDATED_HEAVY_COORDINATE,False,False
A:LOWER:7:-5,B,ANNULUS_INTERIOR,LOWER,4.325086823111217,3.189930289717424,1.7500976981276273,GATE3O_VALIDATED_HEAVY_COORDINATE,False,False
A:LOWER:7:-7,B,ANNULUS_OUTER_BOUNDARY,LOWER,4.576187424834978,3.189931272269507,1.7500976981276273,GATE3O_VALIDATED_HEAVY_COORDINATE,False,False
A:LOWER:7:1,B,ANNULUS_INNER_BOUNDARY,LOWER,3.571785017939936,3.1899273420611762,1.7500976981276273,GATE3O_VALIDATED_HEAVY_COORDINATE,False,False
A:LOWER:7:3,B,ANNULUS_INTERIOR,LOWER,3.3206844162161757,3.1899263595090934,1.7500976981276273,GATE3O_VALIDATED_HEAVY_COORDINATE,False,False
A:LOWER:7:5,B,ANNULUS_INTERIOR,LOWER,3.0695838144924155,3.189925376957011,1.7500976981276273,GATE3O_VALIDATED_HEAVY_COORDINATE,False,False
A:LOWER:7:7,B,ANNULUS_OUTER_BOUNDARY,LOWER,2.8184832127686548,3.1899243944049287,1.7500976981276273,GATE3O_VALIDATED_HEAVY_COORDINATE,False,False
A:LOWER:8:-2,N,ANNULUS_INTERIOR,LOWER,3.9484362041639316,3.117442315889855,1.7500976981276273,GATE3O_VALIDATED_HEAVY_COORDINATE,False,False
A:LOWER:8:-4,N,ANNULUS_INTERIOR,LOWER,4.199536805887692,3.117443298441938,1.7500976981276273,GATE3O_VALIDATED_HEAVY_COORDINATE,False,False
A:LOWER:8:-6,N,ANNULUS_INTERIOR,LOWER,4.4506374076114525,3.1174442809940204,1.7500976981276273,GATE3O_VALIDATED_HEAVY_COORDINATE,False,False
A:LOWER:8:0,N,ANNULUS_INTERIOR,LOWER,3.697335602440171,3.1174413333377724,1.7500976981276273,GATE3O_VALIDATED_HEAVY_COORDINATE,False,False
A:LOWER:8:2,N,ANNULUS_INTERIOR,LOWER,3.4462350007164106,3.1174403507856896,1.7500976981276273,GATE3O_VALIDATED_HEAVY_COORDINATE,False,False
A:LOWER:8:4,N,ANNULUS_INTERIOR,LOWER,3.19513439899265,3.1174393682336072,1.7500976981276273,GATE3O_VALIDATED_HEAVY_COORDINATE,False,False
A:LOWER:8:6,N,ANNULUS_INTERIOR,LOWER,2.9440337972688897,3.117438385681525,1.7500976981276273,GATE3O_VALIDATED_HEAVY_COORDINATE,False,False
A:UPPER:-10:-2,B,ANNULUS_INTERIOR,UPPER,3.552363280990691,4.450635705781324,8.267902301872374,GATE3O_VALIDATED_HEAVY_COORDINATE,False,False
A:UPPER:-10:-4,B,ANNULUS_INTERIOR,UPPER,3.7698232722650675,4.57618515572814,8.267902301872374,GATE3O_VALIDATED_HEAVY_COORDINATE,False,False
A:UPPER:-10:-6,B,ANNULUS_OUTER_BOUNDARY,UPPER,3.987283263539444,4.7017346056749565,8.267902301872374,GATE3O_VALIDATED_HEAVY_COORDINATE,False,False
A:UPPER:-10:0,B,ANNULUS_INTERIOR,UPPER,3.3349032897163147,4.325086255834508,8.267902301872374,GATE3O_VALIDATED_HEAVY_COORDINATE,False,False
A:UPPER:-10:2,B,ANNULUS_INTERIOR,UPPER,3.1174432984419385,4.199536805887692,8.267902301872374,GATE3O_VALIDATED_HEAVY_COORDINATE,False,False
A:UPPER:-10:4,B,ANNULUS_INTERIOR,UPPER,2.8999833071675614,4.073987355940876,8.267902301872374,GATE3O_VALIDATED_HEAVY_COORDINATE,False,False
A:UPPER:-10:6,B,ANNULUS_OUTER_BOUNDARY,UPPER,2.682523315893185,3.9484379059940595,8.267902301872374,GATE3O_VALIDATED_HEAVY_COORDINATE,False,False
A:UPPER:-11:-1,N,ANNULUS_INTERIOR,UPPER,3.4073902809918013,4.450636273058033,8.267902301872374,GATE3O_VALIDATED_HEAVY_COORDINATE,False,False
A:UPPER:-11:-3,N,ANNULUS_INTERIOR,UPPER,3.6248502722661775,4.5761857230048495,8.267902301872374,GATE3O_VALIDATED_HEAVY_COORDINATE,False,False
A:UPPER:-11:-5,N,ANNULUS_INTERIOR,UPPER,3.842310263540554,4.701735172951666,8.267902301872374,GATE3O_VALIDATED_HEAVY_COORDINATE,False,False
A:UPPER:-11:1,N,ANNULUS_INTERIOR,UPPER,3.189930289717424,4.325086823111217,8.267902301872374,GATE3O_VALIDATED_HEAVY_COORDINATE,False,False
A:UPPER:-11:3,N,ANNULUS_INTERIOR,UPPER,2.972470298443048,4.199537373164401,8.267902301872374,GATE3O_VALIDATED_HEAVY_COORDINATE,False,False
A:UPPER:-11:5,N,ANNULUS_INTERIOR,UPPER,2.7550103071686713,4.073987923217585,8.267902301872374,GATE3O_VALIDATED_HEAVY_COORDINATE,False,False
A:UPPER:-13:-1,B,ANNULUS_INTERIOR,UPPER,3.3349042722683975,4.576186857558269,8.267902301872374,GATE3O_VALIDATED_HEAVY_COORDINATE,False,False
A:UPPER:-13:-3,B,ANNULUS_INTERIOR,UPPER,3.552364263542774,4.701736307505085,8.267902301872374,GATE3O_VALIDATED_HEAVY_COORDINATE,False,False
A:UPPER:-13:-5,B,ANNULUS_OUTER_BOUNDARY,UPPER,3.7698242548171503,4.827285757451901,8.267902301872374,GATE3O_VALIDATED_HEAVY_COORDINATE,False,False
A:UPPER:-13:1,B,ANNULUS_INTERIOR,UPPER,3.117444280994021,4.4506374076114525,8.267902301872374,GATE3O_VALIDATED_HEAVY_COORDINATE,False,False
A:UPPER:-13:3,B,ANNULUS_INTERIOR,UPPER,2.899984289719644,4.325087957664636,8.267902301872374,GATE3O_VALIDATED_HEAVY_COORDINATE,False,False
A:UPPER:-13:5,B,ANNULUS_OUTER_BOUNDARY,UPPER,2.682524298445268,4.19953850771782,8.267902301872374,GATE3O_VALIDATED_HEAVY_COORDINATE,False,False
A:UPPER:-14:-2,N,ANNULUS_OUTER_BOUNDARY,UPPER,3.4073912635438837,4.701736874781794,8.267902301872374,GATE3O_VALIDATED_HEAVY_COORDINATE,False,False
A:UPPER:-14:-4,N,ANNULUS_OUTER_BOUNDARY,UPPER,3.6248512548182603,4.82728632472861,8.267902301872374,GATE3O_VALIDATED_HEAVY_COORDINATE,False,False
A:UPPER:-14:0,N,ANNULUS_OUTER_BOUNDARY,UPPER,3.189931272269507,4.576187424834978,8.267902301872374,GATE3O_VALIDATED_HEAVY_COORDINATE,False,False
A:UPPER:-14:2,N,ANNULUS_OUTER_BOUNDARY,UPPER,2.972471280995131,4.450637974888162,8.267902301872374,GATE3O_VALIDATED_HEAVY_COORDINATE,False,False
A:UPPER:-14:4,N,ANNULUS_OUTER_BOUNDARY,UPPER,2.7550112897207546,4.3250885249413455,8.267902301872374,GATE3O_VALIDATED_HEAVY_COORDINATE,False,False
A:UPPER:-1:-5,B,ANNULUS_INTERIOR,UPPER,4.204740307157572,4.0739822504504914,8.267902301872374,GATE3O_VALIDATED_HEAVY_COORDINATE,False,False
A:UPPER:-1:-7,B,ANNULUS_INTERIOR,UPPER,4.4222002984319495,4.199531700397308,8.267902301872374,GATE3O_VALIDATED_HEAVY_COORDINATE,False,False
A:UPPER:-1:-9,B,ANNULUS_OUTER_BOUNDARY,UPPER,4.639660289706326,4.325081150344124,8.267902301872374,GATE3O_VALIDATED_HEAVY_COORDINATE,False,False
A:UPPER:-1:5,B,ANNULUS_INTERIOR,UPPER,3.11744035078569,3.44623500071641,8.267902301872374,GATE3O_VALIDATED_HEAVY_COORDINATE,False,False
A:UPPER:-1:7,B,ANNULUS_INTERIOR,UPPER,2.899980359511314,3.320685550769594,8.267902301872374,GATE3O_VALIDATED_HEAVY_COORDINATE,False,False
A:UPPER:-1:9,B,ANNULUS_OUTER_BOUNDARY,UPPER,2.682520368236937,3.1951361008227783,8.267902301872374,GATE3O_VALIDATED_HEAVY_COORDINATE,False,False
A:UPPER:-2:-4,N,ANNULUS_INNER_BOUNDARY,UPPER,4.059767307158682,4.073982817727201,8.267902301872374,GATE3O_VALIDATED_HEAVY_COORDINATE,False,False
A:UPPER:-2:-6,N,ANNULUS_INTERIOR,UPPER,4.2772272984330595,4.199532267674017,8.267902301872374,GATE3O_VALIDATED_HEAVY_COORDINATE,False,False
A:UPPER:-2:-8,N,ANNULUS_INTERIOR,UPPER,4.494687289707436,4.325081717620833,8.267902301872374,GATE3O_VALIDATED_HEAVY_COORDINATE,False,False
A:UPPER:-2:4,N,ANNULUS_INNER_BOUNDARY,UPPER,3.1899273420611762,3.571785017939936,8.267902301872374,GATE3O_VALIDATED_HEAVY_COORDINATE,False,False
A:UPPER:-2:6,N,ANNULUS_INTERIOR,UPPER,2.9724673507867996,3.44623556799312,8.267902301872374,GATE3O_VALIDATED_HEAVY_COORDINATE,False,False
A:UPPER:-2:8,N,ANNULUS_INTERIOR,UPPER,2.755007359512424,3.3206861180463036,8.267902301872374,GATE3O_VALIDATED_HEAVY_COORDINATE,False,False
A:UPPER:-4:-4,B,ANNULUS_INTERIOR,UPPER,3.9872812984352786,4.199533402227436,8.267902301872374,GATE3O_VALIDATED_HEAVY_COORDINATE,False,False
A:UPPER:-4:-6,B,ANNULUS_INTERIOR,UPPER,4.204741289709656,4.325082852174252,8.267902301872374,GATE3O_VALIDATED_HEAVY_COORDINATE,False,False
A:UPPER:-4:-8,B,ANNULUS_OUTER_BOUNDARY,UPPER,4.422201280984032,4.450632302121068,8.267902301872374,GATE3O_VALIDATED_HEAVY_COORDINATE,False,False
A:UPPER:-4:4,B,ANNULUS_INTERIOR,UPPER,3.1174413333377724,3.697335602440171,8.267902301872374,GATE3O_VALIDATED_HEAVY_COORDINATE,False,False
A:UPPER:-4:6,B,ANNULUS_INTERIOR,UPPER,2.899981342063396,3.5717861524933547,8.267902301872374,GATE3O_VALIDATED_HEAVY_COORDINATE,False,False
A:UPPER:-4:8,B,ANNULUS_OUTER_BOUNDARY,UPPER,2.68252135078902,3.4462367025465386,8.267902301872374,GATE3O_VALIDATED_HEAVY_COORDINATE,False,False
A:UPPER:-5:-3,N,ANNULUS_INNER_BOUNDARY,UPPER,3.842308298436389,4.199533969504145,8.267902301872374,GATE3O_VALIDATED_HEAVY_COORDINATE,False,False
A:UPPER:-5:-5,N,ANNULUS_INTERIOR,UPPER,4.059768289710766,4.325083419450961,8.267902301872374,GATE3O_VALIDATED_HEAVY_COORDINATE,False,False
A:UPPER:-5:-7,N,ANNULUS_INTERIOR,UPPER,4.277228280985142,4.4506328693977775,8.267902301872374,GATE3O_VALIDATED_HEAVY_COORDINATE,False,False
A:UPPER:-5:3,N,ANNULUS_INNER_BOUNDARY,UPPER,3.189928324613259,3.822885619663696,8.267902301872374,GATE3O_VALIDATED_HEAVY_COORDINATE,False,False
A:UPPER:-5:5,N,ANNULUS_INTERIOR,UPPER,2.972468333338883,3.6973361697168805,8.267902301872374,GATE3O_VALIDATED_HEAVY_COORDINATE,False,False
A:UPPER:-5:7,N,ANNULUS_INTERIOR,UPPER,2.755008342064506,3.5717867197700643,8.267902301872374,GATE3O_VALIDATED_HEAVY_COORDINATE,False,False
A:UPPER:-7:-1,B,ANNULUS_INNER_BOUNDARY,UPPER,3.5523622984386085,4.1995351040575635,8.267902301872374,GATE3O_VALIDATED_HEAVY_COORDINATE,False,False
A:UPPER:-7:-3,B,ANNULUS_INTERIOR,UPPER,3.769822289712985,4.32508455400438,8.267902301872374,GATE3O_VALIDATED_HEAVY_COORDINATE,False,False
A:UPPER:-7:-5,B,ANNULUS_INTERIOR,UPPER,3.9872822809873614,4.450634003951196,8.267902301872374,GATE3O_VALIDATED_HEAVY_COORDINATE,False,False
A:UPPER:-7:-7,B,ANNULUS_OUTER_BOUNDARY,UPPER,4.204742272261738,4.576183453898012,8.267902301872374,GATE3O_VALIDATED_HEAVY_COORDINATE,False,False
A:UPPER:-7:1,B,ANNULUS_INNER_BOUNDARY,UPPER,3.334902307164232,4.073985654110747,8.267902301872374,GATE3O_VALIDATED_HEAVY_COORDINATE,False,False
A:UPPER:-7:3,B,ANNULUS_INTERIOR,UPPER,3.117442315889855,3.9484362041639316,8.267902301872374,GATE3O_VALIDATED_HEAVY_COORDINATE,False,False
A:UPPER:-7:5,B,ANNULUS_INTERIOR,UPPER,2.899982324615479,3.8228867542171154,8.267902301872374,GATE3O_VALIDATED_HEAVY_COORDINATE,False,False
A:UPPER:-7:7,B,ANNULUS_OUTER_BOUNDARY,UPPER,2.6825223333411023,3.6973373042702993,8.267902301872374,GATE3O_VALIDATED_HEAVY_COORDINATE,False,False
A:UPPER:-8:-2,N,ANNULUS_INTERIOR,UPPER,3.6248492897140947,4.325085121281089,8.267902301872374,GATE3O_VALIDATED_HEAVY_COORDINATE,False,False
A:UPPER:-8:-4,N,ANNULUS_INTERIOR,UPPER,3.8423092809884714,4.450634571227905,8.267902301872374,GATE3O_VALIDATED_HEAVY_COORDINATE,False,False
A:UPPER:-8:-6,N,ANNULUS_INTERIOR,UPPER,4.059769272262848,4.576184021174721,8.267902301872374,GATE3O_VALIDATED_HEAVY_COORDINATE,False,False
A:UPPER:-8:0,N,ANNULUS_INTERIOR,UPPER,3.4073892984397185,4.199535671334273,8.267902301872374,GATE3O_VALIDATED_HEAVY_COORDINATE,False,False
A:UPPER:-8:2,N,ANNULUS_INTERIOR,UPPER,3.189929307165342,4.0739862213874565,8.267902301872374,GATE3O_VALIDATED_HEAVY_COORDINATE,False,False
A:UPPER:-8:4,N,ANNULUS_INTERIOR,UPPER,2.972469315890965,3.9484367714406408,8.267902301872374,GATE3O_VALIDATED_HEAVY_COORDINATE,False,False
A:UPPER:-8:6,N,ANNULUS_INTERIOR,UPPER,2.7550093246165885,3.822887321493824,8.267902301872374,GATE3O_VALIDATED_HEAVY_COORDINATE,False,False
A:UPPER:10:-2,N,ANNULUS_INTERIOR,UPPER,4.277223368224728,3.195129860778975,8.267902301872374,GATE3O_VALIDATED_HEAVY_COORDINATE,False,False
A:UPPER:10:-4,N,ANNULUS_INTERIOR,UPPER,4.4946833594991045,3.320679310725791,8.267902301872374,GATE3O_VALIDATED_HEAVY_COORDINATE,False,False
A:UPPER:10:-6,N,ANNULUS_OUTER_BOUNDARY,UPPER,4.712143350773482,3.446228760672607,8.267902301872374,GATE3O_VALIDATED_HEAVY_COORDINATE,False,False
A:UPPER:10:0,N,ANNULUS_INTERIOR,UPPER,4.059763376950352,3.0695804108321587,8.267902301872374,GATE3O_VALIDATED_HEAVY_COORDINATE,False,False
A:UPPER:10:2,N,ANNULUS_INTERIOR,UPPER,3.8423033856759754,2.9440309608853426,8.267902301872374,GATE3O_VALIDATED_HEAVY_COORDINATE,False,False
A:UPPER:10:4,N,ANNULUS_INTERIOR,UPPER,3.6248433944015988,2.8184815109385264,8.267902301872374,GATE3O_VALIDATED_HEAVY_COORDINATE,False,False
A:UPPER:10:6,N,ANNULUS_OUTER_BOUNDARY,UPPER,3.407383403127222,2.6929320609917102,8.267902301872374,GATE3O_VALIDATED_HEAVY_COORDINATE,False,False
A:UPPER:11:-1,B,ANNULUS_INTERIOR,UPPER,4.204736376949242,3.069579843555449,8.267902301872374,GATE3O_VALIDATED_HEAVY_COORDINATE,False,False
A:UPPER:11:-3,B,ANNULUS_INTERIOR,UPPER,4.422196368223618,3.1951292935022653,8.267902301872374,GATE3O_VALIDATED_HEAVY_COORDINATE,False,False
A:UPPER:11:-5,B,ANNULUS_INTERIOR,UPPER,4.6396563594979945,3.3206787434490814,8.267902301872374,GATE3O_VALIDATED_HEAVY_COORDINATE,False,False
A:UPPER:11:1,B,ANNULUS_INTERIOR,UPPER,3.9872763856748654,2.944030393608633,8.267902301872374,GATE3O_VALIDATED_HEAVY_COORDINATE,False,False
A:UPPER:11:3,B,ANNULUS_INTERIOR,UPPER,3.7698163944004888,2.818480943661817,8.267902301872374,GATE3O_VALIDATED_HEAVY_COORDINATE,False,False
A:UPPER:11:5,B,ANNULUS_INTERIOR,UPPER,3.5523564031261126,2.6929314937150006,8.267902301872374,GATE3O_VALIDATED_HEAVY_COORDINATE,False,False
A:UPPER:13:-1,N,ANNULUS_INTERIOR,UPPER,4.277222385672646,2.944029259055214,8.267902301872374,GATE3O_VALIDATED_HEAVY_COORDINATE,False,False
A:UPPER:13:-3,N,ANNULUS_INTERIOR,UPPER,4.494682376947022,3.0695787090020303,8.267902301872374,GATE3O_VALIDATED_HEAVY_COORDINATE,False,False
A:UPPER:13:-5,N,ANNULUS_OUTER_BOUNDARY,UPPER,4.712142368221398,3.1951281589488465,8.267902301872374,GATE3O_VALIDATED_HEAVY_COORDINATE,False,False
A:UPPER:13:1,N,ANNULUS_INTERIOR,UPPER,4.059762394398269,2.818479809108398,8.267902301872374,GATE3O_VALIDATED_HEAVY_COORDINATE,False,False
A:UPPER:13:3,N,ANNULUS_INTERIOR,UPPER,3.842302403123892,2.6929303591615823,8.267902301872374,GATE3O_VALIDATED_HEAVY_COORDINATE,False,False
A:UPPER:13:5,N,ANNULUS_OUTER_BOUNDARY,UPPER,3.6248424118495164,2.567380909214766,8.267902301872374,GATE3O_VALIDATED_HEAVY_COORDINATE,False,False
A:UPPER:14:-2,B,ANNULUS_OUTER_BOUNDARY,UPPER,4.422195385671536,2.9440286917785046,8.267902301872374,GATE3O_VALIDATED_HEAVY_COORDINATE,False,False
A:UPPER:14:-4,B,ANNULUS_OUTER_BOUNDARY,UPPER,4.639655376945912,3.0695781417253207,8.267902301872374,GATE3O_VALIDATED_HEAVY_COORDINATE,False,False
A:UPPER:14:0,B,ANNULUS_OUTER_BOUNDARY,UPPER,4.20473539439716,2.8184792418316884,8.267902301872374,GATE3O_VALIDATED_HEAVY_COORDINATE,False,False
A:UPPER:14:2,B,ANNULUS_OUTER_BOUNDARY,UPPER,3.9872754031227826,2.6929297918848722,8.267902301872374,GATE3O_VALIDATED_HEAVY_COORDINATE,False,False
A:UPPER:14:4,B,ANNULUS_OUTER_BOUNDARY,UPPER,3.7698154118484064,2.5673803419380565,8.267902301872374,GATE3O_VALIDATED_HEAVY_COORDINATE,False,False
A:UPPER:1:-5,N,ANNULUS_INTERIOR,UPPER,4.277226315880976,3.948431665950256,8.267902301872374,GATE3O_VALIDATED_HEAVY_COORDINATE,False,False
A:UPPER:1:-7,N,ANNULUS_INTERIOR,UPPER,4.494686307155353,4.073981115897072,8.267902301872374,GATE3O_VALIDATED_HEAVY_COORDINATE,False,False
A:UPPER:1:-9,N,ANNULUS_OUTER_BOUNDARY,UPPER,4.7121462984297295,4.199530565843888,8.267902301872374,GATE3O_VALIDATED_HEAVY_COORDINATE,False,False
A:UPPER:1:5,N,ANNULUS_INTERIOR,UPPER,3.189926359509094,3.3206844162161757,8.267902301872374,GATE3O_VALIDATED_HEAVY_COORDINATE,False,False
A:UPPER:1:7,N,ANNULUS_INTERIOR,UPPER,2.972466368234717,3.1951349662693596,8.267902301872374,GATE3O_VALIDATED_HEAVY_COORDINATE,False,False
A:UPPER:1:9,N,ANNULUS_OUTER_BOUNDARY,UPPER,2.755006376960341,3.0695855163225434,8.267902301872374,GATE3O_VALIDATED_HEAVY_COORDINATE,False,False
A:UPPER:2:-4,B,ANNULUS_INNER_BOUNDARY,UPPER,4.20473932460549,3.8228816487267308,8.267902301872374,GATE3O_VALIDATED_HEAVY_COORDINATE,False,False
A:UPPER:2:-6,B,ANNULUS_INTERIOR,UPPER,4.422199315879867,3.948431098673547,8.267902301872374,GATE3O_VALIDATED_HEAVY_COORDINATE,False,False
A:UPPER:2:-8,B,ANNULUS_INTERIOR,UPPER,4.639659307154243,4.073980548620363,8.267902301872374,GATE3O_VALIDATED_HEAVY_COORDINATE,False,False
A:UPPER:2:4,B,ANNULUS_INNER_BOUNDARY,UPPER,3.334899359507984,3.320683848939466,8.267902301872374,GATE3O_VALIDATED_HEAVY_COORDINATE,False,False
A:UPPER:2:6,B,ANNULUS_INTERIOR,UPPER,3.1174393682336072,3.19513439899265,8.267902301872374,GATE3O_VALIDATED_HEAVY_COORDINATE,False,False
A:UPPER:2:8,B,ANNULUS_INTERIOR,UPPER,2.899979376959231,3.069584949045834,8.267902301872374,GATE3O_VALIDATED_HEAVY_COORDINATE,False,False
A:UPPER:4:-4,N,ANNULUS_INTERIOR,UPPER,4.277225333328894,3.6973310642264954,8.267902301872374,GATE3O_VALIDATED_HEAVY_COORDINATE,False,False
A:UPPER:4:-6,N,ANNULUS_INTERIOR,UPPER,4.49468532460327,3.8228805141733115,8.267902301872374,GATE3O_VALIDATED_HEAVY_COORDINATE,False,False
A:UPPER:4:-8,N,ANNULUS_OUTER_BOUNDARY,UPPER,4.712145315877647,3.9484299641201277,8.267902301872374,GATE3O_VALIDATED_HEAVY_COORDINATE,False,False
A:UPPER:4:4,N,ANNULUS_INTERIOR,UPPER,3.4073853682313877,3.195133264439231,8.267902301872374,GATE3O_VALIDATED_HEAVY_COORDINATE,False,False
A:UPPER:4:6,N,ANNULUS_INTERIOR,UPPER,3.189925376957011,3.069583814492415,8.267902301872374,GATE3O_VALIDATED_HEAVY_COORDINATE,False,False
A:UPPER:4:8,N,ANNULUS_OUTER_BOUNDARY,UPPER,2.972465385682635,2.944034364545599,8.267902301872374,GATE3O_VALIDATED_HEAVY_COORDINATE,False,False
A:UPPER:5:-3,B,ANNULUS_INNER_BOUNDARY,UPPER,4.204738342053408,3.57178104700297,8.267902301872374,GATE3O_VALIDATED_HEAVY_COORDINATE,False,False
A:UPPER:5:-5,B,ANNULUS_INTERIOR,UPPER,4.422198333327784,3.697330496949786,8.267902301872374,GATE3O_VALIDATED_HEAVY_COORDINATE,False,False
A:UPPER:5:-7,B,ANNULUS_INTERIOR,UPPER,4.63965832460216,3.8228799468966024,8.267902301872374,GATE3O_VALIDATED_HEAVY_COORDINATE,False,False
A:UPPER:5:3,B,ANNULUS_INNER_BOUNDARY,UPPER,3.5523583682302777,3.1951326971625216,8.267902301872374,GATE3O_VALIDATED_HEAVY_COORDINATE,False,False
A:UPPER:5:5,B,ANNULUS_INTERIOR,UPPER,3.334898376955901,3.0695832472157054,8.267902301872374,GATE3O_VALIDATED_HEAVY_COORDINATE,False,False
A:UPPER:5:7,B,ANNULUS_INTERIOR,UPPER,3.117438385681525,2.9440337972688893,8.267902301872374,GATE3O_VALIDATED_HEAVY_COORDINATE,False,False
A:UPPER:7:-1,N,ANNULUS_INNER_BOUNDARY,UPPER,4.059764359502434,3.320681012555919,8.267902301872374,GATE3O_VALIDATED_HEAVY_COORDINATE,False,False
A:UPPER:7:-3,N,ANNULUS_INTERIOR,UPPER,4.2772243507768115,3.4462304625027356,8.267902301872374,GATE3O_VALIDATED_HEAVY_COORDINATE,False,False
A:UPPER:7:-5,N,ANNULUS_INTERIOR,UPPER,4.494684342051188,3.5717799124495517,8.267902301872374,GATE3O_VALIDATED_HEAVY_COORDINATE,False,False
A:UPPER:7:-7,N,ANNULUS_OUTER_BOUNDARY,UPPER,4.712144333325564,3.697329362396368,8.267902301872374,GATE3O_VALIDATED_HEAVY_COORDINATE,False,False
A:UPPER:7:1,N,ANNULUS_INNER_BOUNDARY,UPPER,3.8423043682280578,3.195131562609103,8.267902301872374,GATE3O_VALIDATED_HEAVY_COORDINATE,False,False
A:UPPER:7:3,N,ANNULUS_INTERIOR,UPPER,3.6248443769536816,3.0695821126622866,8.267902301872374,GATE3O_VALIDATED_HEAVY_COORDINATE,False,False
A:UPPER:7:5,N,ANNULUS_INTERIOR,UPPER,3.407384385679305,2.9440326627154705,8.267902301872374,GATE3O_VALIDATED_HEAVY_COORDINATE,False,False
A:UPPER:7:7,N,ANNULUS_OUTER_BOUNDARY,UPPER,3.1899243944049287,2.8184832127686543,8.267902301872374,GATE3O_VALIDATED_HEAVY_COORDINATE,False,False
A:UPPER:8:-2,B,ANNULUS_INTERIOR,UPPER,4.204737359501324,3.32068044527921,8.267902301872374,GATE3O_VALIDATED_HEAVY_COORDINATE,False,False
A:UPPER:8:-4,B,ANNULUS_INTERIOR,UPPER,4.422197350775701,3.446229895226026,8.267902301872374,GATE3O_VALIDATED_HEAVY_COORDINATE,False,False
A:UPPER:8:-6,B,ANNULUS_INTERIOR,UPPER,4.639657342050078,3.571779345172842,8.267902301872374,GATE3O_VALIDATED_HEAVY_COORDINATE,False,False
A:UPPER:8:0,B,ANNULUS_INTERIOR,UPPER,3.9872773682269482,3.1951309953323936,8.267902301872374,GATE3O_VALIDATED_HEAVY_COORDINATE,False,False
A:UPPER:8:2,B,ANNULUS_INTERIOR,UPPER,3.769817376952572,3.0695815453855775,8.267902301872374,GATE3O_VALIDATED_HEAVY_COORDINATE,False,False
A:UPPER:8:4,B,ANNULUS_INTERIOR,UPPER,3.552357385678195,2.9440320954387613,8.267902301872374,GATE3O_VALIDATED_HEAVY_COORDINATE,False,False
A:UPPER:8:6,B,ANNULUS_INTERIOR,UPPER,3.3348973944038187,2.8184826454919447,8.267902301872374,GATE3O_VALIDATED_HEAVY_COORDINATE,False,False
BR4:LOWER:00:1,B,ALTERNATING_BN_FOUR_ATOM_BRIDGE,LOWER,4.039655022885172,2.470471106864656,1.834835669983069,GATE3O_VALIDATED_HEAVY_COORDINATE,False,False
BR4:LOWER:00:2,N,ALTERNATING_BN_FOUR_ATOM_BRIDGE,LOWER,4.184142828721858,2.465695298169931,1.8455903753325031,GATE3O_VALIDATED_HEAVY_COORDINATE,False,False
BR4:LOWER:00:3,B,ALTERNATING_BN_FOUR_ATOM_BRIDGE,LOWER,4.2745905037957925,2.497199632642352,1.7367714437893165,GATE3O_VALIDATED_HEAVY_COORDINATE,False,False
BR4:LOWER:00:4,N,ALTERNATING_BN_FOUR_ATOM_BRIDGE,LOWER,4.355058224525016,2.6165271331915094,1.719428734236022,GATE3O_VALIDATED_HEAVY_COORDINATE,False,False
BR4:LOWER:01:1,B,ALTERNATING_BN_FOUR_ATOM_BRIDGE,LOWER,4.495799486729441,2.6478387542040704,1.8609107470017117,GATE3O_VALIDATED_HEAVY_COORDINATE,False,False
BR4:LOWER:01:2,N,ALTERNATING_BN_FOUR_ATOM_BRIDGE,LOWER,4.607232282098405,2.690729878287718,1.7786975246453562,GATE3O_VALIDATED_HEAVY_COORDINATE,False,False
BR4:LOWER:01:3,B,ALTERNATING_BN_FOUR_ATOM_BRIDGE,LOWER,4.655130055873216,2.8259827724184454,1.7580077657608795,GATE3O_VALIDATED_HEAVY_COORDINATE,False,False
BR4:LOWER:01:4,N,ALTERNATING_BN_FOUR_ATOM_BRIDGE,LOWER,4.564486355411707,2.9116417552885316,1.684100668081997,GATE3O_VALIDATED_HEAVY_COORDINATE,False,False
BR4:LOWER:02:1,B,ALTERNATING_BN_FOUR_ATOM_BRIDGE,LOWER,4.846489202564926,3.026891220701622,1.8838784422718642,GATE3O_VALIDATED_HEAVY_COORDINATE,False,False
BR4:LOWER:02:2,N,ALTERNATING_BN_FOUR_ATOM_BRIDGE,LOWER,4.899999951226467,3.066938773049543,1.755239114628984,GATE3O_VALIDATED_HEAVY_COORDINATE,False,False
BR4:LOWER:02:3,B,ALTERNATING_BN_FOUR_ATOM_BRIDGE,LOWER,4.816603409632014,3.1247357160764135,1.6517116643040732,GATE3O_VALIDATED_HEAVY_COORDINATE,False,False
BR4:LOWER:02:4,N,ALTERNATING_BN_FOUR_ATOM_BRIDGE,LOWER,4.673017103703453,3.1446727366628573,1.652155392174004,GATE3O_VALIDATED_HEAVY_COORDINATE,False,False
BR4:LOWER:03:1,B,ALTERNATING_BN_FOUR_ATOM_BRIDGE,LOWER,4.908913037469823,3.4951659867510454,1.8070063935701237,GATE3O_VALIDATED_HEAVY_COORDINATE,False,False
BR4:LOWER:03:2,N,ALTERNATING_BN_FOUR_ATOM_BRIDGE,LOWER,4.938959839820559,3.5408163381165094,1.672725936214383,GATE3O_VALIDATED_HEAVY_COORDINATE,False,False
BR4:LOWER:03:3,B,ALTERNATING_BN_FOUR_ATOM_BRIDGE,LOWER,4.86108381800091,3.4637325021363194,1.577784018033796,GATE3O_VALIDATED_HEAVY_COORDINATE,False,False
BR4:LOWER:03:4,N,ALTERNATING_BN_FOUR_ATOM_BRIDGE,LOWER,4.76259722463536,3.3681496445232475,1.6245114229269315,GATE3O_VALIDATED_HEAVY_COORDINATE,False,False
BR4:LOWER:04:1,B,ALTERNATING_BN_FOUR_ATOM_BRIDGE,LOWER,4.917671699899655,4.010069199091017,1.82440324880227,GATE3O_VALIDATED_HEAVY_COORDINATE,False,False
BR4:LOWER:04:2,N,ALTERNATING_BN_FOUR_ATOM_BRIDGE,LOWER,4.999428741808754,3.8903755792157995,1.8268909499246517,GATE3O_VALIDATED_HEAVY_COORDINATE,False,False
BR4:LOWER:04:3,B,ALTERNATING_BN_FOUR_ATOM_BRIDGE,LOWER,5.003899143351073,3.7785656837279222,1.734720052207777,GATE3O_VALIDATED_HEAVY_COORDINATE,False,False
BR4:LOWER:04:4,N,ALTERNATING_BN_FOUR_ATOM_BRIDGE,LOWER,4.959145146794264,3.657503406359803,1.8007352763766553,GATE3O_VALIDATED_HEAVY_COORDINATE,False,False
BR4:LOWER:05:1,B,ALTERNATING_BN_FOUR_ATOM_BRIDGE,LOWER,4.588706385411104,4.603494891185031,1.830505368217332,GATE3O_VALIDATED_HEAVY_COORDINATE,False,False
BR4:LOWER:05:2,N,ALTERNATING_BN_FOUR_ATOM_BRIDGE,LOWER,4.522904848591984,4.732466387107856,1.838219118462535,GATE3O_VALIDATED_HEAVY_COORDINATE,False,False
BR4:LOWER:05:3,B,ALTERNATING_BN_FOUR_ATOM_BRIDGE,LOWER,4.449133924352854,4.792527134594356,1.7287909173200837,GATE3O_VALIDATED_HEAVY_COORDINATE,False,False
BR4:LOWER:05:4,N,ALTERNATING_BN_FOUR_ATOM_BRIDGE,LOWER,4.305381369812418,4.804416059816534,1.7140329551026223,GATE3O_VALIDATED_HEAVY_COORDINATE,False,False
BR4:LOWER:06:1,B,ALTERNATING_BN_FOUR_ATOM_BRIDGE,LOWER,4.202829520469658,4.909969416783209,1.8531150559543312,GATE3O_VALIDATED_HEAVY_COORDINATE,False,False
BR4:LOWER:06:2,N,ALTERNATING_BN_FOUR_ATOM_BRIDGE,LOWER,4.07366340150042,4.94451575717406,1.7970771087147117,GATE3O_VALIDATED_HEAVY_COORDINATE,False,False
BR4:LOWER:06:3,B,ALTERNATING_BN_FOUR_ATOM_BRIDGE,LOWER,4.011539681796995,4.923889739448959,1.6677217298682758,GATE3O_VALIDATED_HEAVY_COORDINATE,False,False
BR4:LOWER:06:4,N,ALTERNATING_BN_FOUR_ATOM_BRIDGE,LOWER,3.9027324740515295,4.828505700275602,1.6766878563883933,GATE3O_VALIDATED_HEAVY_COORDINATE,False,False
BR4:LOWER:07:1,B,ALTERNATING_BN_FOUR_ATOM_BRIDGE,LOWER,3.6947809228307187,4.993885236823287,1.8263442727792114,GATE3O_VALIDATED_HEAVY_COORDINATE,False,False
BR4:LOWER:07:2,N,ALTERNATING_BN_FOUR_ATOM_BRIDGE,LOWER,3.6222960149287116,4.979619001733961,1.7016009917106354,GATE3O_VALIDATED_HEAVY_COORDINATE,False,False
BR4:LOWER:07:3,B,ALTERNATING_BN_FOUR_ATOM_BRIDGE,LOWER,3.6595459665382606,4.895352315290448,1.5896609329283196,GATE3O_VALIDATED_HEAVY_COORDINATE,False,False
BR4:LOWER:07:4,N,ALTERNATING_BN_FOUR_ATOM_BRIDGE,LOWER,3.6990869059230476,4.757754695083872,1.6125007632412678,GATE3O_VALIDATED_HEAVY_COORDINATE,False,False
BR4:LOWER:08:1,B,ALTERNATING_BN_FOUR_ATOM_BRIDGE,LOWER,3.2218467880611055,4.904659636386986,1.842976279937832,GATE3O_VALIDATED_HEAVY_COORDINATE,False,False
BR4:LOWER:08:2,N,ALTERNATING_BN_FOUR_ATOM_BRIDGE,LOWER,3.3441331904925327,4.950283643388771,1.7798555496763655,GATE3O_VALIDATED_HEAVY_COORDINATE,False,False
BR4:LOWER:08:3,B,ALTERNATING_BN_FOUR_ATOM_BRIDGE,LOWER,3.3541785343787227,4.903296638865377,1.6430688152446042,GATE3O_VALIDATED_HEAVY_COORDINATE,False,False
BR4:LOWER:08:4,N,ALTERNATING_BN_FOUR_ATOM_BRIDGE,LOWER,3.4607439598742222,4.805050126384462,1.6397632929575459,GATE3O_VALIDATED_HEAVY_COORDINATE,False,False
BR4:LOWER:09:1,B,ALTERNATING_BN_FOUR_ATOM_BRIDGE,LOWER,2.777624914871863,4.622875316938301,1.8675289079366992,GATE3O_VALIDATED_HEAVY_COORDINATE,False,False
BR4:LOWER:09:2,N,ALTERNATING_BN_FOUR_ATOM_BRIDGE,LOWER,2.8788128968930806,4.679141490229973,1.7802899808535455,GATE3O_VALIDATED_HEAVY_COORDINATE,False,False
BR4:LOWER:09:3,B,ALTERNATING_BN_FOUR_ATOM_BRIDGE,LOWER,2.9609504785784706,4.794647219958643,1.8107488661423006,GATE3O_VALIDATED_HEAVY_COORDINATE,False,False
BR4:LOWER:09:4,N,ALTERNATING_BN_FOUR_ATOM_BRIDGE,LOWER,3.0858147551430886,4.806602466086043,1.7380743732529247,GATE3O_VALIDATED_HEAVY_COORDINATE,False,False
BR4:LOWER:10:1,B,ALTERNATING_BN_FOUR_ATOM_BRIDGE,LOWER,2.4340152228252063,4.028942784724487,1.8721537259047996,GATE3O_VALIDATED_HEAVY_COORDINATE,False,False
BR4:LOWER:10:2,N,ALTERNATING_BN_FOUR_ATOM_BRIDGE,LOWER,2.434466114735255,3.9131678243447796,1.7849510623421114,GATE3O_VALIDATED_HEAVY_COORDINATE,False,False
BR4:LOWER:10:3,B,ALTERNATING_BN_FOUR_ATOM_BRIDGE,LOWER,2.3787035330909876,3.7834240323670385,1.8176230623730478,GATE3O_VALIDATED_HEAVY_COORDINATE,False,False
BR4:LOWER:10:4,N,ALTERNATING_BN_FOUR_ATOM_BRIDGE,LOWER,2.4298398334967994,3.670100408245156,1.7431140290640248,GATE3O_VALIDATED_HEAVY_COORDINATE,False,False
BR4:LOWER:11:1,B,ALTERNATING_BN_FOUR_ATOM_BRIDGE,LOWER,2.3887050504528835,3.525813068393567,1.8645664392557946,GATE3O_VALIDATED_HEAVY_COORDINATE,False,False
BR4:LOWER:11:2,N,ALTERNATING_BN_FOUR_ATOM_BRIDGE,LOWER,2.371337403845742,3.405322161292935,1.7858618341242256,GATE3O_VALIDATED_HEAVY_COORDINATE,False,False
BR4:LOWER:11:3,B,ALTERNATING_BN_FOUR_ATOM_BRIDGE,LOWER,2.466794291044142,3.298075665065069,1.7658747071824654,GATE3O_VALIDATED_HEAVY_COORDINATE,False,False
BR4:LOWER:11:4,N,ALTERNATING_BN_FOUR_ATOM_BRIDGE,LOWER,2.5836807530091344,3.3347705094906788,1.6883806672452861,GATE3O_VALIDATED_HEAVY_COORDINATE,False,False
BR4:LOWER:12:1,B,ALTERNATING_BN_FOUR_ATOM_BRIDGE,LOWER,2.555132790177022,3.052551483201091,1.8457706587504872,GATE3O_VALIDATED_HEAVY_COORDINATE,False,False
BR4:LOWER:12:2,N,ALTERNATING_BN_FOUR_ATOM_BRIDGE,LOWER,2.5536451005740033,3.012995022724828,1.7063146468152979,GATE3O_VALIDATED_HEAVY_COORDINATE,False,False
BR4:LOWER:12:3,B,ALTERNATING_BN_FOUR_ATOM_BRIDGE,LOWER,2.6633691659872403,3.0517195917731272,1.6198602520739547,GATE3O_VALIDATED_HEAVY_COORDINATE,False,False
BR4:LOWER:12:4,N,ALTERNATING_BN_FOUR_ATOM_BRIDGE,LOWER,2.7510216128521114,3.1671149219470567,1.6238166250288526,GATE3O_VALIDATED_HEAVY_COORDINATE,False,False
BR4:LOWER:13:1,B,ALTERNATING_BN_FOUR_ATOM_BRIDGE,LOWER,2.901588721355911,2.6467433204174657,1.8588864757101382,GATE3O_VALIDATED_HEAVY_COORDINATE,False,False
BR4:LOWER:13:2,N,ALTERNATING_BN_FOUR_ATOM_BRIDGE,LOWER,2.848654355680522,2.664233508696097,1.7250579273848117,GATE3O_VALIDATED_HEAVY_COORDINATE,False,False
BR4:LOWER:13:3,B,ALTERNATING_BN_FOUR_ATOM_BRIDGE,LOWER,2.890429298183716,2.7606551007036306,1.6251780541808256,GATE3O_VALIDATED_HEAVY_COORDINATE,False,False
BR4:LOWER:13:4,N,ALTERNATING_BN_FOUR_ATOM_BRIDGE,LOWER,2.8600918005698333,2.898614036596454,1.6578116757967107,GATE3O_VALIDATED_HEAVY_COORDINATE,False,False
BR4:LOWER:14:1,B,ALTERNATING_BN_FOUR_ATOM_BRIDGE,LOWER,3.392883387179893,2.477424783563687,1.8047215046107818,GATE3O_VALIDATED_HEAVY_COORDINATE,False,False
BR4:LOWER:14:2,N,ALTERNATING_BN_FOUR_ATOM_BRIDGE,LOWER,3.248633805801877,2.485667858881031,1.8166585006812823,GATE3O_VALIDATED_HEAVY_COORDINATE,False,False
BR4:LOWER:14:3,B,ALTERNATING_BN_FOUR_ATOM_BRIDGE,LOWER,3.1440317230801136,2.529447970657426,1.7263239448759795,GATE3O_VALIDATED_HEAVY_COORDINATE,False,False
BR4:LOWER:14:4,N,ALTERNATING_BN_FOUR_ATOM_BRIDGE,LOWER,3.0315439091790686,2.615323856487003,1.7577921409060489,GATE3O_VALIDATED_HEAVY_COORDINATE,False,False
BR4:UPPER:00:1,N,ALTERNATING_BN_FOUR_ATOM_BRIDGE,UPPER,4.028768293061965,2.433882725770298,8.145414306197841,GATE3O_VALIDATED_HEAVY_COORDINATE,False,False
BR4:UPPER:00:2,B,ALTERNATING_BN_FOUR_ATOM_BRIDGE,UPPER,3.912990954627823,2.4341974828136954,8.232614410096716,GATE3O_VALIDATED_HEAVY_COORDINATE,False,False
BR4:UPPER:00:3,N,ALTERNATING_BN_FOUR_ATOM_BRIDGE,UPPER,3.783173822531843,2.378717926678846,8.199752460673812,GATE3O_VALIDATED_HEAVY_COORDINATE,False,False
BR4:UPPER:00:4,B,ALTERNATING_BN_FOUR_ATOM_BRIDGE,UPPER,3.6699160860267317,2.4297568516920793,8.27442825530091,GATE3O_VALIDATED_HEAVY_COORDINATE,False,False
BR4:UPPER:01:1,N,ALTERNATING_BN_FOUR_ATOM_BRIDGE,UPPER,4.6007392475081925,2.7986516211193697,8.189311131475352,GATE3O_VALIDATED_HEAVY_COORDINATE,False,False
BR4:UPPER:01:2,B,ALTERNATING_BN_FOUR_ATOM_BRIDGE,UPPER,4.663710106093976,2.8947627327673566,8.277751497228182,GATE3O_VALIDATED_HEAVY_COORDINATE,False,False
BR4:UPPER:01:3,N,ALTERNATING_BN_FOUR_ATOM_BRIDGE,UPPER,4.795662373051311,2.948114095000694,8.250107095118498,GATE3O_VALIDATED_HEAVY_COORDINATE,False,False
BR4:UPPER:01:4,B,ALTERNATING_BN_FOUR_ATOM_BRIDGE,UPPER,4.809721215251472,3.0919687440779606,8.238640693660699,GATE3O_VALIDATED_HEAVY_COORDINATE,False,False
BR4:UPPER:02:1,N,ALTERNATING_BN_FOUR_ATOM_BRIDGE,UPPER,4.902274675188725,3.2184033418754314,8.178560940541123,GATE3O_VALIDATED_HEAVY_COORDINATE,False,False
BR4:UPPER:02:2,B,ALTERNATING_BN_FOUR_ATOM_BRIDGE,UPPER,4.899238835249281,3.270433857348441,8.313850814362986,GATE3O_VALIDATED_HEAVY_COORDINATE,False,False
BR4:UPPER:02:3,N,ALTERNATING_BN_FOUR_ATOM_BRIDGE,UPPER,4.941329579868308,3.4090911198421625,8.318523182022059,GATE3O_VALIDATED_HEAVY_COORDINATE,False,False
BR4:UPPER:02:4,B,ALTERNATING_BN_FOUR_ATOM_BRIDGE,UPPER,4.823889647010814,3.487944769467281,8.350295146306877,GATE3O_VALIDATED_HEAVY_COORDINATE,False,False
BR4:UPPER:03:1,N,ALTERNATING_BN_FOUR_ATOM_BRIDGE,UPPER,4.993694422972849,3.706629917182376,8.191475748278018,GATE3O_VALIDATED_HEAVY_COORDINATE,False,False
BR4:UPPER:03:2,B,ALTERNATING_BN_FOUR_ATOM_BRIDGE,UPPER,4.983417392241701,3.640780793381413,8.32022647271457,GATE3O_VALIDATED_HEAVY_COORDINATE,False,False
BR4:UPPER:03:3,N,ALTERNATING_BN_FOUR_ATOM_BRIDGE,UPPER,4.896949299207725,3.679521315349472,8.429960017922866,GATE3O_VALIDATED_HEAVY_COORDINATE,False,False
BR4:UPPER:03:4,B,ALTERNATING_BN_FOUR_ATOM_BRIDGE,UPPER,4.757339727013976,3.7096719139776515,8.405093221247183,GATE3O_VALIDATED_HEAVY_COORDINATE,False,False
BR4:UPPER:04:1,N,ALTERNATING_BN_FOUR_ATOM_BRIDGE,UPPER,4.915386182593809,4.195121006547251,8.156984472529162,GATE3O_VALIDATED_HEAVY_COORDINATE,False,False
BR4:UPPER:04:2,B,ALTERNATING_BN_FOUR_ATOM_BRIDGE,UPPER,4.896898372024528,4.141426950675002,8.290373889947293,GATE3O_VALIDATED_HEAVY_COORDINATE,False,False
BR4:UPPER:04:3,N,ALTERNATING_BN_FOUR_ATOM_BRIDGE,UPPER,4.923196156470066,4.012526708786177,8.35128987609009,GATE3O_VALIDATED_HEAVY_COORDINATE,False,False
BR4:UPPER:04:4,B,ALTERNATING_BN_FOUR_ATOM_BRIDGE,UPPER,4.799656577690591,3.943787205024133,8.3833892204557,GATE3O_VALIDATED_HEAVY_COORDINATE,False,False
BR4:UPPER:05:1,N,ALTERNATING_BN_FOUR_ATOM_BRIDGE,UPPER,4.571666195560428,4.572870292130001,8.214023789449142,GATE3O_VALIDATED_HEAVY_COORDINATE,False,False
BR4:UPPER:05:2,B,ALTERNATING_BN_FOUR_ATOM_BRIDGE,UPPER,4.706222353300928,4.523441356179261,8.235561609489844,GATE3O_VALIDATED_HEAVY_COORDINATE,False,False
BR4:UPPER:05:3,N,ALTERNATING_BN_FOUR_ATOM_BRIDGE,UPPER,4.754838494362227,4.422416063763414,8.327439729190944,GATE3O_VALIDATED_HEAVY_COORDINATE,False,False
BR4:UPPER:05:4,B,ALTERNATING_BN_FOUR_ATOM_BRIDGE,UPPER,4.8065154722536105,4.308680055283063,8.25390755274649,GATE3O_VALIDATED_HEAVY_COORDINATE,False,False
BR4:UPPER:06:1,N,ALTERNATING_BN_FOUR_ATOM_BRIDGE,UPPER,4.025556470939143,4.925363528004457,8.19410742315395,GATE3O_VALIDATED_HEAVY_COORDINATE,False,False
BR4:UPPER:06:2,B,ALTERNATING_BN_FOUR_ATOM_BRIDGE,UPPER,3.9109494224411554,4.929831974293054,8.282744107338832,GATE3O_VALIDATED_HEAVY_COORDINATE,False,False
BR4:UPPER:06:3,N,ALTERNATING_BN_FOUR_ATOM_BRIDGE,UPPER,3.800424430911672,5.020609471107071,8.259146265601752,GATE3O_VALIDATED_HEAVY_COORDINATE,False,False
BR4:UPPER:06:4,B,ALTERNATING_BN_FOUR_ATOM_BRIDGE,UPPER,3.6678143733431807,4.9638217648586656,8.244939533427498,GATE3O_VALIDATED_HEAVY_COORDINATE,False,False
BR4:UPPER:07:1,N,ALTERNATING_BN_FOUR_ATOM_BRIDGE,UPPER,3.516291527192626,4.992737406988184,8.167386446820652,GATE3O_VALIDATED_HEAVY_COORDINATE,False,False
BR4:UPPER:07:2,B,ALTERNATING_BN_FOUR_ATOM_BRIDGE,UPPER,3.4273553854959045,4.960628179353203,8.27725727840642,GATE3O_VALIDATED_HEAVY_COORDINATE,False,False
BR4:UPPER:07:3,N,ALTERNATING_BN_FOUR_ATOM_BRIDGE,UPPER,3.2918288145478196,4.910021686024163,8.286455352443244,GATE3O_VALIDATED_HEAVY_COORDINATE,False,False
BR4:UPPER:07:4,B,ALTERNATING_BN_FOUR_ATOM_BRIDGE,UPPER,3.300278877076973,4.7734374775330455,8.334273670958954,GATE3O_VALIDATED_HEAVY_COORDINATE,False,False
BR4:UPPER:08:1,N,ALTERNATING_BN_FOUR_ATOM_BRIDGE,UPPER,3.095781486331484,4.8337253466418,8.191032317708851,GATE3O_VALIDATED_HEAVY_COORDINATE,False,False
BR4:UPPER:08:2,B,ALTERNATING_BN_FOUR_ATOM_BRIDGE,UPPER,3.071511895232377,4.825038689133946,8.333705362556497,GATE3O_VALIDATED_HEAVY_COORDINATE,False,False
BR4:UPPER:08:3,N,ALTERNATING_BN_FOUR_ATOM_BRIDGE,UPPER,3.0534760426062038,4.715780561847723,8.42729113906599,GATE3O_VALIDATED_HEAVY_COORDINATE,False,False
BR4:UPPER:08:4,B,ALTERNATING_BN_FOUR_ATOM_BRIDGE,UPPER,3.145566788585321,4.606576142197085,8.402526516568692,GATE3O_VALIDATED_HEAVY_COORDINATE,False,False
BR4:UPPER:09:1,N,ALTERNATING_BN_FOUR_ATOM_BRIDGE,UPPER,2.6341814744626224,4.483167195480658,8.155564098281515,GATE3O_VALIDATED_HEAVY_COORDINATE,False,False
BR4:UPPER:09:2,B,ALTERNATING_BN_FOUR_ATOM_BRIDGE,UPPER,2.6773248663749394,4.521986869891914,8.288397617474644,GATE3O_VALIDATED_HEAVY_COORDINATE,False,False
BR4:UPPER:09:3,N,ALTERNATING_BN_FOUR_ATOM_BRIDGE,UPPER,2.7985440298527937,4.597546472860841,8.313086712184717,GATE3O_VALIDATED_HEAVY_COORDINATE,False,False
BR4:UPPER:09:4,B,ALTERNATING_BN_FOUR_ATOM_BRIDGE,UPPER,2.9331643888076613,4.589946553818054,8.259849530745683,GATE3O_VALIDATED_HEAVY_COORDINATE,False,False
BR4:UPPER:10:1,N,ALTERNATING_BN_FOUR_ATOM_BRIDGE,UPPER,2.477812691445367,4.001664921374086,8.213628100234558,GATE3O_VALIDATED_HEAVY_COORDINATE,False,False
BR4:UPPER:10:2,B,ALTERNATING_BN_FOUR_ATOM_BRIDGE,UPPER,2.4857564560302885,4.145917330789318,8.202023476194865,GATE3O_VALIDATED_HEAVY_COORDINATE,False,False
BR4:UPPER:10:3,N,ALTERNATING_BN_FOUR_ATOM_BRIDGE,UPPER,2.529717744414807,4.250306066006277,8.292437972381892,GATE3O_VALIDATED_HEAVY_COORDINATE,False,False
BR4:UPPER:10:4,B,ALTERNATING_BN_FOUR_ATOM_BRIDGE,UPPER,2.6152633718715745,4.362971362456598,8.260900057431982,GATE3O_VALIDATED_HEAVY_COORDINATE,False,False
BR4:UPPER:11:1,N,ALTERNATING_BN_FOUR_ATOM_BRIDGE,UPPER,2.4776707803460822,3.3931318767923297,8.213500702579724,GATE3O_VALIDATED_HEAVY_COORDINATE,False,False
BR4:UPPER:11:2,B,ALTERNATING_BN_FOUR_ATOM_BRIDGE,UPPER,2.4857115329158304,3.24885471062169,8.201760706264178,GATE3O_VALIDATED_HEAVY_COORDINATE,False,False
BR4:UPPER:11:3,N,ALTERNATING_BN_FOUR_ATOM_BRIDGE,UPPER,2.529598396418127,3.1443368147038475,8.29214089499082,GATE3O_VALIDATED_HEAVY_COORDINATE,False,False
BR4:UPPER:11:4,B,ALTERNATING_BN_FOUR_ATOM_BRIDGE,UPPER,2.615259417849197,3.0316991828313933,8.260623015966548,GATE3O_VALIDATED_HEAVY_COORDINATE,False,False
BR4:UPPER:12:1,N,ALTERNATING_BN_FOUR_ATOM_BRIDGE,UPPER,2.636855719559227,2.9047904468690047,8.149701794443887,GATE3O_VALIDATED_HEAVY_COORDINATE,False,False
BR4:UPPER:12:2,B,ALTERNATING_BN_FOUR_ATOM_BRIDGE,UPPER,2.680070027383781,2.8605262454423297,8.280807592532332,GATE3O_VALIDATED_HEAVY_COORDINATE,False,False
BR4:UPPER:12:3,N,ALTERNATING_BN_FOUR_ATOM_BRIDGE,UPPER,2.803857715732215,2.7884033525092677,8.302951522697846,GATE3O_VALIDATED_HEAVY_COORDINATE,False,False
BR4:UPPER:12:4,B,ALTERNATING_BN_FOUR_ATOM_BRIDGE,UPPER,2.93864673374449,2.803972183869756,8.251905734378125,GATE3O_VALIDATED_HEAVY_COORDINATE,False,False
BR4:UPPER:13:1,N,ALTERNATING_BN_FOUR_ATOM_BRIDGE,UPPER,3.0360270377297236,2.562217699383201,8.169901784144823,GATE3O_VALIDATED_HEAVY_COORDINATE,False,False
BR4:UPPER:13:2,B,ALTERNATING_BN_FOUR_ATOM_BRIDGE,UPPER,2.957180717266738,2.5855553105171483,8.289304082229897,GATE3O_VALIDATED_HEAVY_COORDINATE,False,False
BR4:UPPER:13:3,N,ALTERNATING_BN_FOUR_ATOM_BRIDGE,UPPER,3.031239439380568,2.6686763277684156,8.382178411738987,GATE3O_VALIDATED_HEAVY_COORDINATE,False,False
BR4:UPPER:13:4,B,ALTERNATING_BN_FOUR_ATOM_BRIDGE,UPPER,3.1689450077877805,2.7014672389144962,8.350875932683516,GATE3O_VALIDATED_HEAVY_COORDINATE,False,False
BR4:UPPER:14:1,N,ALTERNATING_BN_FOUR_ATOM_BRIDGE,UPPER,3.5336639595953505,2.3894715099970996,8.159977942712338,GATE3O_VALIDATED_HEAVY_COORDINATE,False,False
BR4:UPPER:14:2,B,ALTERNATING_BN_FOUR_ATOM_BRIDGE,UPPER,3.4795655678863646,2.3785855704698964,8.29402632594254,GATE3O_VALIDATED_HEAVY_COORDINATE,False,False
BR4:UPPER:14:3,N,ALTERNATING_BN_FOUR_ATOM_BRIDGE,UPPER,3.4676800538801547,2.4833522714322394,8.39350489869277,GATE3O_VALIDATED_HEAVY_COORDINATE,False,False
BR4:UPPER:14:4,B,ALTERNATING_BN_FOUR_ATOM_BRIDGE,UPPER,3.3721238526628095,2.5873274506447026,8.360756504219987,GATE3O_VALIDATED_HEAVY_COORDINATE,False,False
H4:LOWER:0000:0,H,ANNULUS_OUTER_PASSIVANT_H,LOWER,4.419301635055379,4.404044519011096,1.844383016687184,GATE3P_HYDROGEN_ORIENTATION_SEARCH,False,False
H4:LOWER:0001:0,H,ANNULUS_OUTER_PASSIVANT_H,LOWER,2.975193841044294,4.391181899616427,1.8410256759669625,GATE3P_HYDROGEN_ORIENTATION_SEARCH,False,False
H4:LOWER:0002:0,H,ANNULUS_OUTER_PASSIVANT_H,LOWER,4.373434664093414,4.605851626183284,1.6681226288755497,GATE3P_HYDROGEN_ORIENTATION_SEARCH,False,False
H4:LOWER:0003:0,H,ANNULUS_OUTER_PASSIVANT_H,LOWER,3.117931655474612,4.6058467134228716,1.6681226288755497,GATE3P_HYDROGEN_ORIENTATION_SEARCH,False,False
H4:LOWER:0004:0,H,ANNULUS_OUTER_PASSIVANT_H,LOWER,4.796902860223797,3.7364861680022052,1.6597292770749956,GATE3P_HYDROGEN_ORIENTATION_SEARCH,False,False
H4:LOWER:0005:0,H,ANNULUS_OUTER_PASSIVANT_H,LOWER,2.6157338556873473,3.736006748325365,1.6681226288755497,GATE3P_HYDROGEN_ORIENTATION_SEARCH,False,False
H4:LOWER:0006:0,H,ANNULUS_INNER_PASSIVANT_H,LOWER,4.211962745850097,3.8548623453437707,1.632416257684414,GATE3P_HYDROGEN_ORIENTATION_SEARCH,False,False
H4:LOWER:0007:0,H,ANNULUS_INNER_PASSIVANT_H,LOWER,3.1826374896326306,3.8416943863512776,1.6317569779060206,GATE3P_HYDROGEN_ORIENTATION_SEARCH,False,False
H4:LOWER:0008:0,H,ANNULUS_OUTER_PASSIVANT_H,LOWER,4.671659370300047,3.996631688421191,1.6541337092079598,GATE3P_HYDROGEN_ORIENTATION_SEARCH,False,False
H4:LOWER:0009:0,H,ANNULUS_OUTER_PASSIVANT_H,LOWER,2.722919582471458,4.001403629832439,1.6546932659946634,GATE3P_HYDROGEN_ORIENTATION_SEARCH,False,False
H4:LOWER:0010:0,H,ANNULUS_INNER_PASSIVANT_H,LOWER,4.08712867281249,4.076913747238583,1.8671198587924471,GATE3P_HYDROGEN_ORIENTATION_SEARCH,False,False
H4:LOWER:0011:0,H,ANNULUS_INNER_PASSIVANT_H,LOWER,3.2961484031477344,4.05542488632741,1.8664605790140538,GATE3P_HYDROGEN_ORIENTATION_SEARCH,False,False
H4:LOWER:0012:0,H,ANNULUS_INNER_PASSIVANT_H,LOWER,3.8463013578254786,4.201765777000019,1.6518954820611453,GATE3P_HYDROGEN_ORIENTATION_SEARCH,False,False
H4:LOWER:0013:0,H,ANNULUS_OUTER_PASSIVANT_H,LOWER,4.622264739496101,4.26996833663512,1.6882666731968794,GATE3P_HYDROGEN_ORIENTATION_SEARCH,False,False
H4:LOWER:0014:0,H,ANNULUS_INNER_PASSIVANT_H,LOWER,3.5829384534198963,4.219291202961559,1.8494190277675164,GATE3P_HYDROGEN_ORIENTATION_SEARCH,False,False
H4:LOWER:0015:0,H,ANNULUS_OUTER_PASSIVANT_H,LOWER,2.7481424988330647,4.270747220911954,1.7201614100389846,GATE3P_HYDROGEN_ORIENTATION_SEARCH,False,False
H4:LOWER:0016:0,H,ANNULUS_OUTER_PASSIVANT_H,LOWER,3.899860998053032,2.641773631533912,1.6714799695957714,GATE3P_HYDROGEN_ORIENTATION_SEARCH,False,False
H4:LOWER:0017:0,H,ANNULUS_OUTER_PASSIVANT_H,LOWER,4.161901095541553,2.6723025836599446,1.6569314931414776,GATE3P_HYDROGEN_ORIENTATION_SEARCH,False,False
H4:LOWER:0018:0,H,ANNULUS_OUTER_PASSIVANT_H,LOWER,3.6952537943226895,2.7275801568876576,1.840466119180259,GATE3P_HYDROGEN_ORIENTATION_SEARCH,False,False
H4:LOWER:0019:0,H,ANNULUS_OUTER_PASSIVANT_H,LOWER,3.4945902162958293,2.6487126872659776,1.6681226288755497,GATE3P_HYDROGEN_ORIENTATION_SEARCH,False,False
H4:LOWER:0020:0,H,ANNULUS_OUTER_PASSIVANT_H,LOWER,3.2251258914093635,2.6966485949465926,1.6546932659946634,GATE3P_HYDROGEN_ORIENTATION_SEARCH,False,False
H4:LOWER:0021:0,H,ANNULUS_INNER_PASSIVANT_H,LOWER,4.192830921077592,3.577301524957171,1.8477403574074056,GATE3P_HYDROGEN_ORIENTATION_SEARCH,False,False
H4:LOWER:0022:0,H,ANNULUS_INNER_PASSIVANT_H,LOWER,3.205523708896939,3.585486551031143,1.8449425734738876,GATE3P_HYDROGEN_ORIENTATION_SEARCH,False,False
H4:LOWER:0023:0,H,ANNULUS_INNER_PASSIVANT_H,LOWER,4.073275160977078,3.316578315293696,1.6507763684877381,GATE3P_HYDROGEN_ORIENTATION_SEARCH,False,False
H4:LOWER:0024:0,H,ANNULUS_INNER_PASSIVANT_H,LOWER,3.2995960124449595,3.3199925073669694,1.652455038847849,GATE3P_HYDROGEN_ORIENTATION_SEARCH,False,False
H4:LOWER:0025:0,H,ANNULUS_INNER_PASSIVANT_H,LOWER,3.8463547105858,3.1749992100406135,1.8658012992356605,GATE3P_HYDROGEN_ORIENTATION_SEARCH,False,False
H4:LOWER:0026:0,H,ANNULUS_INNER_PASSIVANT_H,LOWER,3.5993785365810353,3.1864238552784925,1.634394097019594,GATE3P_HYDROGEN_ORIENTATION_SEARCH,False,False
H4:LOWER:0054:0,H,BRIDGE_PASSIVANT_H,LOWER,3.9546325500547432,2.3944488791133964,1.8008827613958114,GATE3P_HYDROGEN_ORIENTATION_SEARCH,False,False
H4:LOWER:0055:0,H,BRIDGE_PASSIVANT_H,LOWER,4.220586528775785,2.3971681226031127,1.910219184196769,GATE3P_HYDROGEN_ORIENTATION_SEARCH,False,False
H4:LOWER:0056:0,H,BRIDGE_PASSIVANT_H,LOWER,4.25088882578268,2.422239970237137,1.6474390338170173,GATE3P_HYDROGEN_ORIENTATION_SEARCH,False,False
H4:LOWER:0057:0,H,BRIDGE_PASSIVANT_H,LOWER,4.4249314371272765,2.62872081924657,1.6475256871446091,GATE3P_HYDROGEN_ORIENTATION_SEARCH,False,False
H4:LOWER:0058:0,H,BRIDGE_PASSIVANT_H,LOWER,4.489695793628241,2.600736975803505,1.9700215503258114,GATE3P_HYDROGEN_ORIENTATION_SEARCH,False,False
H4:LOWER:0059:0,H,BRIDGE_PASSIVANT_H,LOWER,4.673938305452071,2.6153900929085463,1.7700243944514504,GATE3P_HYDROGEN_ORIENTATION_SEARCH,False,False
H4:LOWER:0060:0,H,BRIDGE_PASSIVANT_H,LOWER,4.7608994724053275,2.8631701829240734,1.7181213391680816,GATE3P_HYDROGEN_ORIENTATION_SEARCH,False,False
H4:LOWER:0061:0,H,BRIDGE_PASSIVANT_H,LOWER,4.505231427294835,2.9038079934932712,1.602685155616623,GATE3P_HYDROGEN_ORIENTATION_SEARCH,False,False
H4:LOWER:0062:0,H,BRIDGE_PASSIVANT_H,LOWER,4.90065675937019,2.96325295236327,1.9685958937954098,GATE3P_HYDROGEN_ORIENTATION_SEARCH,False,False
H4:LOWER:0063:0,H,BRIDGE_PASSIVANT_H,LOWER,4.988393825370472,3.1156205039678433,1.759435790529261,GATE3P_HYDROGEN_ORIENTATION_SEARCH,False,False
H4:LOWER:0064:0,H,BRIDGE_PASSIVANT_H,LOWER,4.844196928273114,3.12123222929373,1.53600806319604,GATE3P_HYDROGEN_ORIENTATION_SEARCH,False,False
H4:LOWER:0065:0,H,BRIDGE_PASSIVANT_H,LOWER,4.597243628383559,3.1847201526640925,1.59871771904381,GATE3P_HYDROGEN_ORIENTATION_SEARCH,False,False
H4:LOWER:0066:0,H,BRIDGE_PASSIVANT_H,LOWER,5.001053540423048,3.458179695051199,1.8726047315202623,GATE3P_HYDROGEN_ORIENTATION_SEARCH,False,False
H4:LOWER:0067:0,H,BRIDGE_PASSIVANT_H,LOWER,5.027209415861075,3.532432339101708,1.6243242741645214,GATE3P_HYDROGEN_ORIENTATION_SEARCH,False,False
H4:LOWER:0068:0,H,BRIDGE_PASSIVANT_H,LOWER,4.8256486396878975,3.474746982937585,1.4647175360393363,GATE3P_HYDROGEN_ORIENTATION_SEARCH,False,False
H4:LOWER:0069:0,H,BRIDGE_PASSIVANT_H,LOWER,4.8280236560132925,3.331081644026451,1.6919380157247155,GATE3P_HYDROGEN_ORIENTATION_SEARCH,False,False
H4:LOWER:0070:0,H,BRIDGE_PASSIVANT_H,LOWER,4.904105824623279,4.125679495820566,1.7996802571125192,GATE3P_HYDROGEN_ORIENTATION_SEARCH,False,False
H4:LOWER:0071:0,H,BRIDGE_PASSIVANT_H,LOWER,5.074882178832054,3.956528409619738,1.8383618640520756,GATE3P_HYDROGEN_ORIENTATION_SEARCH,False,False
H4:LOWER:0072:0,H,BRIDGE_PASSIVANT_H,LOWER,5.067472960905289,3.798686256373667,1.6361577253379709,GATE3P_HYDROGEN_ORIENTATION_SEARCH,False,False
H4:LOWER:0073:0,H,BRIDGE_PASSIVANT_H,LOWER,5.001213446839509,3.718599595024708,1.8692809827478465,GATE3P_HYDROGEN_ORIENTATION_SEARCH,False,False
H4:LOWER:0074:0,H,BRIDGE_PASSIVANT_H,LOWER,4.669661116838858,4.540500173532908,1.7701812684943403,GATE3P_HYDROGEN_ORIENTATION_SEARCH,False,False
H4:LOWER:0075:0,H,BRIDGE_PASSIVANT_H,LOWER,4.579789958705449,4.772874904764659,1.911241279127355,GATE3P_HYDROGEN_ORIENTATION_SEARCH,False,False
H4:LOWER:0076:0,H,BRIDGE_PASSIVANT_H,LOWER,4.533743243140639,4.827224768956426,1.6526441029156516,GATE3P_HYDROGEN_ORIENTATION_SEARCH,False,False
H4:LOWER:0077:0,H,BRIDGE_PASSIVANT_H,LOWER,4.260072545879132,4.863796140133575,1.6460468055181348,GATE3P_HYDROGEN_ORIENTATION_SEARCH,False,False
H4:LOWER:0078:0,H,BRIDGE_PASSIVANT_H,LOWER,4.285988507913283,4.945249703692467,1.93058042991555,GATE3P_HYDROGEN_ORIENTATION_SEARCH,False,False
H4:LOWER:0079:0,H,BRIDGE_PASSIVANT_H,LOWER,4.0400108437726585,5.032640187865207,1.833168521457094,GATE3P_HYDROGEN_ORIENTATION_SEARCH,False,False
H4:LOWER:0080:0,H,BRIDGE_PASSIVANT_H,LOWER,4.018503915986965,4.955960936986108,1.5533366883170292,GATE3P_HYDROGEN_ORIENTATION_SEARCH,False,False
H4:LOWER:0081:0,H,BRIDGE_PASSIVANT_H,LOWER,3.8324848439234644,4.872234687299404,1.734601983812216,GATE3P_HYDROGEN_ORIENTATION_SEARCH,False,False
H4:LOWER:0082:0,H,BRIDGE_PASSIVANT_H,LOWER,3.752648262860715,5.087863945514332,1.8708456578207626,GATE3P_HYDROGEN_ORIENTATION_SEARCH,False,False
H4:LOWER:0083:0,H,BRIDGE_PASSIVANT_H,LOWER,3.578296987063236,5.066893754154253,1.6761411579156216,GATE3P_HYDROGEN_ORIENTATION_SEARCH,False,False
H4:LOWER:0084:0,H,BRIDGE_PASSIVANT_H,LOWER,3.705585868744817,4.930838864202352,1.4858243678313667,GATE3P_HYDROGEN_ORIENTATION_SEARCH,False,False
H4:LOWER:0085:0,H,BRIDGE_PASSIVANT_H,LOWER,3.727790086212716,4.677371695621544,1.5585035333243702,GATE3P_HYDROGEN_ORIENTATION_SEARCH,False,False
H4:LOWER:0086:0,H,BRIDGE_PASSIVANT_H,LOWER,3.1361674318332295,4.935005506167826,1.9197823741206574,GATE3P_HYDROGEN_ORIENTATION_SEARCH,False,False
H4:LOWER:0087:0,H,BRIDGE_PASSIVANT_H,LOWER,3.337531387923589,5.050590812448825,1.7896477934436785,GATE3P_HYDROGEN_ORIENTATION_SEARCH,False,False
H4:LOWER:0088:0,H,BRIDGE_PASSIVANT_H,LOWER,3.2946031621316254,4.9309886556891795,1.5438472085964048,GATE3P_HYDROGEN_ORIENTATION_SEARCH,False,False
H4:LOWER:0089:0,H,BRIDGE_PASSIVANT_H,LOWER,3.4475867264647375,4.712306889264771,1.601993209855053,GATE3P_HYDROGEN_ORIENTATION_SEARCH,False,False
H4:LOWER:0090:0,H,BRIDGE_PASSIVANT_H,LOWER,2.6630594475612424,4.640842490407636,1.89422973896163,GATE3P_HYDROGEN_ORIENTATION_SEARCH,False,False
H4:LOWER:0091:0,H,BRIDGE_PASSIVANT_H,LOWER,2.848429999664977,4.6458034034150275,1.6899215598009139,GATE3P_HYDROGEN_ORIENTATION_SEARCH,False,False
H4:LOWER:0092:0,H,BRIDGE_PASSIVANT_H,LOWER,2.8728247073468407,4.860186377123163,1.8565688107406386,GATE3P_HYDROGEN_ORIENTATION_SEARCH,False,False
H4:LOWER:0093:0,H,BRIDGE_PASSIVANT_H,LOWER,3.0574066360228254,4.867674986866598,1.6628139854412902,GATE3P_HYDROGEN_ORIENTATION_SEARCH,False,False
H4:LOWER:0094:0,H,BRIDGE_PASSIVANT_H,LOWER,2.3642369011822204,4.12418953980924,1.88698752091865,GATE3P_HYDROGEN_ORIENTATION_SEARCH,False,False
H4:LOWER:0095:0,H,BRIDGE_PASSIVANT_H,LOWER,2.4207976750523903,3.9293012052530596,1.6861892894889259,GATE3P_HYDROGEN_ORIENTATION_SEARCH,False,False
H4:LOWER:0096:0,H,BRIDGE_PASSIVANT_H,LOWER,2.279872330621095,3.804143065669035,1.880584281209613,GATE3P_HYDROGEN_ORIENTATION_SEARCH,False,False
H4:LOWER:0097:0,H,BRIDGE_PASSIVANT_H,LOWER,2.365361304953863,3.6467211265780533,1.6689727548257975,GATE3P_HYDROGEN_ORIENTATION_SEARCH,False,False
H4:LOWER:0098:0,H,BRIDGE_PASSIVANT_H,LOWER,2.341969306739651,3.5583305815727546,1.969062284131141,GATE3P_HYDROGEN_ORIENTATION_SEARCH,False,False
H4:LOWER:0099:0,H,BRIDGE_PASSIVANT_H,LOWER,2.2723524959556336,3.4024240672417907,1.7659975681962479,GATE3P_HYDROGEN_ORIENTATION_SEARCH,False,False
H4:LOWER:0100:0,H,BRIDGE_PASSIVANT_H,LOWER,2.4449756303066867,3.202122161368375,1.6989578096755402,GATE3P_HYDROGEN_ORIENTATION_SEARCH,False,False
H4:LOWER:0101:0,H,BRIDGE_PASSIVANT_H,LOWER,2.61571049163789,3.396096088984539,1.6147989497937625,GATE3P_HYDROGEN_ORIENTATION_SEARCH,False,False
H4:LOWER:0102:0,H,BRIDGE_PASSIVANT_H,LOWER,2.500903591475251,3.0105533436359244,1.9430144260635065,GATE3P_HYDROGEN_ORIENTATION_SEARCH,False,False
H4:LOWER:0103:0,H,BRIDGE_PASSIVANT_H,LOWER,2.4844962787952416,2.9400323445351493,1.6965224030479849,GATE3P_HYDROGEN_ORIENTATION_SEARCH,False,False
H4:LOWER:0104:0,H,BRIDGE_PASSIVANT_H,LOWER,2.6478581700762027,3.013867103919466,1.5081123296362815,GATE3P_HYDROGEN_ORIENTATION_SEARCH,False,False
H4:LOWER:0105:0,H,BRIDGE_PASSIVANT_H,LOWER,2.8054489903794537,3.2167447837177114,1.5547113618709578,GATE3P_HYDROGEN_ORIENTATION_SEARCH,False,False
H4:LOWER:0106:0,H,BRIDGE_PASSIVANT_H,LOWER,2.927938985694758,2.552402852786782,1.9264626529954567,GATE3P_HYDROGEN_ORIENTATION_SEARCH,False,False
H4:LOWER:0107:0,H,BRIDGE_PASSIVANT_H,LOWER,2.7647724107270837,2.681818570574262,1.7784956005150057,GATE3P_HYDROGEN_ORIENTATION_SEARCH,False,False
H4:LOWER:0108:0,H,BRIDGE_PASSIVANT_H,LOWER,2.8144595467321376,2.7331092143829845,1.5378234835437066,GATE3P_HYDROGEN_ORIENTATION_SEARCH,False,False
H4:LOWER:0109:0,H,BRIDGE_PASSIVANT_H,LOWER,2.8930864897664295,2.976946070333603,1.6032548890931095,GATE3P_HYDROGEN_ORIENTATION_SEARCH,False,False
H4:LOWER:0110:0,H,BRIDGE_PASSIVANT_H,LOWER,3.469596446360208,2.3992212781912614,1.7582422802340505,GATE3P_HYDROGEN_ORIENTATION_SEARCH,False,False
H4:LOWER:0111:0,H,BRIDGE_PASSIVANT_H,LOWER,3.2489290650910716,2.4251432584838284,1.8975144563599526,GATE3P_HYDROGEN_ORIENTATION_SEARCH,False,False
H4:LOWER:0112:0,H,BRIDGE_PASSIVANT_H,LOWER,3.1854822524402575,2.4491860902109006,1.6488585709147607,GATE3P_HYDROGEN_ORIENTATION_SEARCH,False,False
H4:LOWER:0113:0,H,BRIDGE_PASSIVANT_H,LOWER,2.9939064970028006,2.60510214170168,1.6646259359198992,GATE3P_HYDROGEN_ORIENTATION_SEARCH,False,False
H4:LOWER:0174:0,H,SEED_PASSIVANT_H,LOWER,4.1488474422722375,2.696124430691146,1.963249661466071,GATE3P_HYDROGEN_ORIENTATION_SEARCH,False,False
H4:LOWER:0175:0,H,SEED_PASSIVANT_H,LOWER,4.520958608953211,2.9600342201398604,1.977182958080545,GATE3P_HYDROGEN_ORIENTATION_SEARCH,False,False
H4:LOWER:0176:0,H,SEED_PASSIVANT_H,LOWER,4.749586832897392,3.36588048716018,1.9728564043466263,GATE3P_HYDROGEN_ORIENTATION_SEARCH,False,False
H4:LOWER:0177:0,H,SEED_PASSIVANT_H,LOWER,4.785763763038885,3.8372494497512846,1.9503905428272572,GATE3P_HYDROGEN_ORIENTATION_SEARCH,False,False
H4:LOWER:0178:0,H,SEED_PASSIVANT_H,LOWER,4.80198028322489,4.350377666134457,1.9696110038811823,GATE3P_HYDROGEN_ORIENTATION_SEARCH,False,False
H4:LOWER:0179:0,H,SEED_PASSIVANT_H,LOWER,4.349274320147872,4.5964797061937395,1.9866528518783533,GATE3P_HYDROGEN_ORIENTATION_SEARCH,False,False
H4:LOWER:0180:0,H,SEED_PASSIVANT_H,LOWER,3.920854123555272,4.7826542084748755,1.9815162450229697,GATE3P_HYDROGEN_ORIENTATION_SEARCH,False,False
H4:LOWER:0181:0,H,SEED_PASSIVANT_H,LOWER,3.4718645100691057,4.783929519069756,1.984314028956488,GATE3P_HYDROGEN_ORIENTATION_SEARCH,False,False
H4:LOWER:0182:0,H,SEED_PASSIVANT_H,LOWER,3.0598008076451126,4.594899010728729,1.9687470347038376,GATE3P_HYDROGEN_ORIENTATION_SEARCH,False,False
H4:LOWER:0183:0,H,SEED_PASSIVANT_H,LOWER,2.582586832897391,4.3303804871601805,1.9730972270570124,GATE3P_HYDROGEN_ORIENTATION_SEARCH,False,False
H4:LOWER:0184:0,H,SEED_PASSIVANT_H,LOWER,2.598017604359197,3.8192516800438647,1.978927938949141,GATE3P_HYDROGEN_ORIENTATION_SEARCH,False,False
H4:LOWER:0185:0,H,SEED_PASSIVANT_H,LOWER,2.648037455234276,3.357046269891697,1.9736807386508417,GATE3P_HYDROGEN_ORIENTATION_SEARCH,False,False
H4:LOWER:0186:0,H,SEED_PASSIVANT_H,LOWER,2.869672858128263,2.953811521695115,1.9883868282739043,GATE3P_HYDROGEN_ORIENTATION_SEARCH,False,False
H4:LOWER:0187:0,H,SEED_PASSIVANT_H,LOWER,3.2316094226570242,2.701420363125245,1.960451877532553,GATE3P_HYDROGEN_ORIENTATION_SEARCH,False,False
H4:LOWER:0188:0,H,SEED_PASSIVANT_H,LOWER,3.7024060559631513,2.417427795959031,1.9775067784870728,GATE3P_HYDROGEN_ORIENTATION_SEARCH,False,False
H4:UPPER:0027:0,H,ANNULUS_OUTER_PASSIVANT_H,UPPER,4.003838347864413,4.666357352065476,8.38030950408844,GATE3P_HYDROGEN_ORIENTATION_SEARCH,False,False
H4:UPPER:0028:0,H,ANNULUS_OUTER_PASSIVANT_H,UPPER,2.6764196227919848,3.901336127593494,8.377013105196474,GATE3P_HYDROGEN_ORIENTATION_SEARCH,False,False
H4:UPPER:0029:0,H,ANNULUS_OUTER_PASSIVANT_H,UPPER,3.729604224259977,4.763372105845199,8.359871830958246,GATE3P_HYDROGEN_ORIENTATION_SEARCH,False,False
H4:UPPER:0030:0,H,ANNULUS_OUTER_PASSIVANT_H,UPPER,2.699079382770237,4.16416125410834,8.38030950408844,GATE3P_HYDROGEN_ORIENTATION_SEARCH,False,False
H4:UPPER:0031:0,H,ANNULUS_OUTER_PASSIVANT_H,UPPER,4.599440259149152,4.2611674987374215,8.359871830958246,GATE3P_HYDROGEN_ORIENTATION_SEARCH,False,False
H4:UPPER:0032:0,H,ANNULUS_OUTER_PASSIVANT_H,UPPER,2.694763243448775,3.2341683162020156,8.379650224310046,GATE3P_HYDROGEN_ORIENTATION_SEARCH,False,False
H4:UPPER:0033:0,H,ANNULUS_INNER_PASSIVANT_H,UPPER,4.083187016257431,4.0710092701217295,8.169700085805891,GATE3P_HYDROGEN_ORIENTATION_SEARCH,False,False
H4:UPPER:0034:0,H,ANNULUS_INNER_PASSIVANT_H,UPPER,3.1892168489275066,3.5534610260694,8.168580972232485,GATE3P_HYDROGEN_ORIENTATION_SEARCH,False,False
H4:UPPER:0035:0,H,ANNULUS_OUTER_PASSIVANT_H,UPPER,4.397668671575848,4.446292828946044,8.384265182758801,GATE3P_HYDROGEN_ORIENTATION_SEARCH,False,False
H4:UPPER:0036:0,H,ANNULUS_OUTER_PASSIVANT_H,UPPER,2.658351114595481,3.5039902462906722,8.369101747855753,GATE3P_HYDROGEN_ORIENTATION_SEARCH,False,False
H4:UPPER:0037:0,H,ANNULUS_INNER_PASSIVANT_H,UPPER,3.8356041154564173,4.224473196022707,8.365544961152152,GATE3P_HYDROGEN_ORIENTATION_SEARCH,False,False
H4:UPPER:0038:0,H,ANNULUS_INNER_PASSIVANT_H,UPPER,3.1691065300735395,3.819202537389095,8.36666407472556,GATE3P_HYDROGEN_ORIENTATION_SEARCH,False,False
H4:UPPER:0039:0,H,ANNULUS_INNER_PASSIVANT_H,UPPER,3.559326532628579,4.231606301594713,8.153517260321127,GATE3P_HYDROGEN_ORIENTATION_SEARCH,False,False
H4:UPPER:0040:0,H,ANNULUS_OUTER_PASSIVANT_H,UPPER,4.1892312763507,4.5383309660443505,8.156154379434701,GATE3P_HYDROGEN_ORIENTATION_SEARCH,False,False
H4:UPPER:0041:0,H,ANNULUS_INNER_PASSIVANT_H,UPPER,3.3480481622495213,4.091132094190648,8.384924462537194,GATE3P_HYDROGEN_ORIENTATION_SEARCH,False,False
H4:UPPER:0042:0,H,ANNULUS_OUTER_PASSIVANT_H,UPPER,2.7341149293828066,3.7019990700973615,8.160769337883455,GATE3P_HYDROGEN_ORIENTATION_SEARCH,False,False
H4:UPPER:0043:0,H,ANNULUS_OUTER_PASSIVANT_H,UPPER,4.384944391788023,2.8623592242110214,8.346026955611986,GATE3P_HYDROGEN_ORIENTATION_SEARCH,False,False
H4:UPPER:0044:0,H,ANNULUS_OUTER_PASSIVANT_H,UPPER,4.6027410266407935,3.0481855211829503,8.378990944531653,GATE3P_HYDROGEN_ORIENTATION_SEARCH,False,False
H4:UPPER:0045:0,H,ANNULUS_OUTER_PASSIVANT_H,UPPER,4.164645894746517,2.8490515201466793,8.16011005810506,GATE3P_HYDROGEN_ORIENTATION_SEARCH,False,False
H4:UPPER:0046:0,H,ANNULUS_OUTER_PASSIVANT_H,UPPER,3.9995182783346204,2.7319620072641095,8.379650224310046,GATE3P_HYDROGEN_ORIENTATION_SEARCH,False,False
H4:UPPER:0047:0,H,ANNULUS_OUTER_PASSIVANT_H,UPPER,3.745645175654867,2.6251338856821906,8.369101747855753,GATE3P_HYDROGEN_ORIENTATION_SEARCH,False,False
H4:UPPER:0048:0,H,ANNULUS_INNER_PASSIVANT_H,UPPER,4.20473932460549,3.8228816487267308,8.386902301872373,GATE3P_HYDROGEN_ORIENTATION_SEARCH,False,False
H4:UPPER:0049:0,H,ANNULUS_INNER_PASSIVANT_H,UPPER,3.3103667500997993,3.3163443757644413,8.384265182758801,GATE3P_HYDROGEN_ORIENTATION_SEARCH,False,False
H4:UPPER:0050:0,H,ANNULUS_INNER_PASSIVANT_H,UPPER,4.232331860694507,3.5682775602202863,8.152198700764341,GATE3P_HYDROGEN_ORIENTATION_SEARCH,False,False
H4:UPPER:0051:0,H,ANNULUS_INNER_PASSIVANT_H,UPPER,3.5275123034496216,3.1775691783033064,8.152857980542734,GATE3P_HYDROGEN_ORIENTATION_SEARCH,False,False
H4:UPPER:0052:0,H,ANNULUS_INNER_PASSIVANT_H,UPPER,4.070921765919361,3.3352338734640705,8.367223631512262,GATE3P_HYDROGEN_ORIENTATION_SEARCH,False,False
H4:UPPER:0053:0,H,ANNULUS_INNER_PASSIVANT_H,UPPER,3.8528531615973107,3.2057866780515027,8.16802141544578,GATE3P_HYDROGEN_ORIENTATION_SEARCH,False,False
H4:UPPER:0114:0,H,BRIDGE_PASSIVANT_H,UPPER,4.095474316415632,2.3585429403911267,8.136741176003936,GATE3P_HYDROGEN_ORIENTATION_SEARCH,False,False
H4:UPPER:0115:0,H,BRIDGE_PASSIVANT_H,UPPER,3.945900074691974,2.4462158406793755,8.346340171869569,GATE3P_HYDROGEN_ORIENTATION_SEARCH,False,False
H4:UPPER:0116:0,H,BRIDGE_PASSIVANT_H,UPPER,3.8222962012443378,2.292419735650807,8.164780161504837,GATE3P_HYDROGEN_ORIENTATION_SEARCH,False,False
H4:UPPER:0117:0,H,BRIDGE_PASSIVANT_H,UPPER,3.670263965783308,2.358445688847851,8.36969418327875,GATE3P_HYDROGEN_ORIENTATION_SEARCH,False,False
H4:UPPER:0118:0,H,BRIDGE_PASSIVANT_H,UPPER,4.59495972682923,2.6995748003996605,8.17056597912078,GATE3P_HYDROGEN_ORIENTATION_SEARCH,False,False
H4:UPPER:0119:0,H,BRIDGE_PASSIVANT_H,UPPER,4.6907762573968,2.8217564369466004,8.367743186978876,GATE3P_HYDROGEN_ORIENTATION_SEARCH,False,False
H4:UPPER:0120:0,H,BRIDGE_PASSIVANT_H,UPPER,4.87052220351062,2.8834621557465403,8.229683272403816,GATE3P_HYDROGEN_ORIENTATION_SEARCH,False,False
H4:UPPER:0121:0,H,BRIDGE_PASSIVANT_H,UPPER,4.8331903061735755,3.077039629505315,8.354344294768731,GATE3P_HYDROGEN_ORIENTATION_SEARCH,False,False
H4:UPPER:0122:0,H,BRIDGE_PASSIVANT_H,UPPER,4.9394028385397775,3.1653329719341956,8.101062325582674,GATE3P_HYDROGEN_ORIENTATION_SEARCH,False,False
H4:UPPER:0123:0,H,BRIDGE_PASSIVANT_H,UPPER,5.0080347321045915,3.2227208330876556,8.320773252036117,GATE3P_HYDROGEN_ORIENTATION_SEARCH,False,False
H4:UPPER:0124:0,H,BRIDGE_PASSIVANT_H,UPPER,4.973118503917786,3.4358828586851478,8.410570273434802,GATE3P_HYDROGEN_ORIENTATION_SEARCH,False,False
H4:UPPER:0125:0,H,BRIDGE_PASSIVANT_H,UPPER,4.728793208149781,3.487016922774141,8.421827002262555,GATE3P_HYDROGEN_ORIENTATION_SEARCH,False,False
H4:UPPER:0126:0,H,BRIDGE_PASSIVANT_H,UPPER,5.074766449623661,3.709795471531685,8.131323393707381,GATE3P_HYDROGEN_ORIENTATION_SEARCH,False,False
H4:UPPER:0127:0,H,BRIDGE_PASSIVANT_H,UPPER,5.0836100375177296,3.673825408402324,8.375276334210415,GATE3P_HYDROGEN_ORIENTATION_SEARCH,False,False
H4:UPPER:0128:0,H,BRIDGE_PASSIVANT_H,UPPER,4.88912076918527,3.6866928901280067,8.530400461136162,GATE3P_HYDROGEN_ORIENTATION_SEARCH,False,False
H4:UPPER:0129:0,H,BRIDGE_PASSIVANT_H,UPPER,4.649236747813382,3.717566892767893,8.454209564737488,GATE3P_HYDROGEN_ORIENTATION_SEARCH,False,False
H4:UPPER:0130:0,H,BRIDGE_PASSIVANT_H,UPPER,5.007056014935541,4.173805559776967,8.120333503000076,GATE3P_HYDROGEN_ORIENTATION_SEARCH,False,False
H4:UPPER:0131:0,H,BRIDGE_PASSIVANT_H,UPPER,4.9265405450347615,4.214242210804816,8.379706299919592,GATE3P_HYDROGEN_ORIENTATION_SEARCH,False,False
H4:UPPER:0132:0,H,BRIDGE_PASSIVANT_H,UPPER,5.004816924783912,3.9530532417515154,8.349890984123332,GATE3P_HYDROGEN_ORIENTATION_SEARCH,False,False
H4:UPPER:0133:0,H,BRIDGE_PASSIVANT_H,UPPER,4.733234601069394,3.9986683498117706,8.465469552865672,GATE3P_HYDROGEN_ORIENTATION_SEARCH,False,False
H4:UPPER:0134:0,H,BRIDGE_PASSIVANT_H,UPPER,4.512442578031507,4.653709975017061,8.226613817149973,GATE3P_HYDROGEN_ORIENTATION_SEARCH,False,False
H4:UPPER:0135:0,H,BRIDGE_PASSIVANT_H,UPPER,4.7713176904240635,4.6220450082549585,8.221387094254387,GATE3P_HYDROGEN_ORIENTATION_SEARCH,False,False
H4:UPPER:0136:0,H,BRIDGE_PASSIVANT_H,UPPER,4.7866274184117055,4.4492078026063995,8.419486820603687,GATE3P_HYDROGEN_ORIENTATION_SEARCH,False,False
H4:UPPER:0137:0,H,BRIDGE_PASSIVANT_H,UPPER,4.828199469226275,4.368533870990696,8.153367386541504,GATE3P_HYDROGEN_ORIENTATION_SEARCH,False,False
H4:UPPER:0138:0,H,BRIDGE_PASSIVANT_H,UPPER,4.108396732445204,4.976667042800171,8.167528475785529,GATE3P_HYDROGEN_ORIENTATION_SEARCH,False,False
H4:UPPER:0139:0,H,BRIDGE_PASSIVANT_H,UPPER,3.943858542505306,4.941850332158734,8.396469869111685,GATE3P_HYDROGEN_ORIENTATION_SEARCH,False,False
H4:UPPER:0140:0,H,BRIDGE_PASSIVANT_H,UPPER,3.82980562953963,5.110471767870115,8.223614409646073,GATE3P_HYDROGEN_ORIENTATION_SEARCH,False,False
H4:UPPER:0141:0,H,BRIDGE_PASSIVANT_H,UPPER,3.6413863853258075,5.001412858285504,8.354709616529991,GATE3P_HYDROGEN_ORIENTATION_SEARCH,False,False
H4:UPPER:0142:0,H,BRIDGE_PASSIVANT_H,UPPER,3.5551775820476843,5.039118320833194,8.086530491141982,GATE3P_HYDROGEN_ORIENTATION_SEARCH,False,False
H4:UPPER:0143:0,H,BRIDGE_PASSIVANT_H,UPPER,3.4195770240532877,5.078811873592277,8.288794674528305,GATE3P_HYDROGEN_ORIENTATION_SEARCH,False,False
H4:UPPER:0144:0,H,BRIDGE_PASSIVANT_H,UPPER,3.235453859600417,4.956601481180057,8.356120172387843,GATE3P_HYDROGEN_ORIENTATION_SEARCH,False,False
H4:UPPER:0145:0,H,BRIDGE_PASSIVANT_H,UPPER,3.3768148216905947,4.749840627803973,8.422287521374466,GATE3P_HYDROGEN_ORIENTATION_SEARCH,False,False
H4:UPPER:0146:0,H,BRIDGE_PASSIVANT_H,UPPER,3.0365041471823684,4.871624793901673,8.118569713830734,GATE3P_HYDROGEN_ORIENTATION_SEARCH,False,False
H4:UPPER:0147:0,H,BRIDGE_PASSIVANT_H,UPPER,2.983957399124855,4.902158354381478,8.35710979468946,GATE3P_HYDROGEN_ORIENTATION_SEARCH,False,False
H4:UPPER:0148:0,H,BRIDGE_PASSIVANT_H,UPPER,3.0534760426062038,4.715780561847723,8.52829113906599,GATE3P_HYDROGEN_ORIENTATION_SEARCH,False,False
H4:UPPER:0149:0,H,BRIDGE_PASSIVANT_H,UPPER,3.2201489282859983,4.527516560778458,8.450983580280603,GATE3P_HYDROGEN_ORIENTATION_SEARCH,False,False
H4:UPPER:0150:0,H,BRIDGE_PASSIVANT_H,UPPER,2.5860326191863345,4.48726790976985,8.066874347588994,GATE3P_HYDROGEN_ORIENTATION_SEARCH,False,False
H4:UPPER:0151:0,H,BRIDGE_PASSIVANT_H,UPPER,2.6254844276027454,4.62481553858513,8.258400387557746,GATE3P_HYDROGEN_ORIENTATION_SEARCH,False,False
H4:UPPER:0152:0,H,BRIDGE_PASSIVANT_H,UPPER,2.80970143626972,4.612099333768992,8.412408041824605,GATE3P_HYDROGEN_ORIENTATION_SEARCH,False,False
H4:UPPER:0153:0,H,BRIDGE_PASSIVANT_H,UPPER,3.0410479205006706,4.603139603725608,8.211392467033772,GATE3P_HYDROGEN_ORIENTATION_SEARCH,False,False
H4:UPPER:0154:0,H,BRIDGE_PASSIVANT_H,UPPER,2.423602784869149,3.921267203313771,8.24188571796309,GATE3P_HYDROGEN_ORIENTATION_SEARCH,False,False
H4:UPPER:0155:0,H,BRIDGE_PASSIVANT_H,UPPER,2.410499466337257,4.16264417226581,8.111372506665779,GATE3P_HYDROGEN_ORIENTATION_SEARCH,False,False
H4:UPPER:0156:0,H,BRIDGE_PASSIVANT_H,UPPER,2.4511967890450603,4.2207589352376615,8.348673429445604,GATE3P_HYDROGEN_ORIENTATION_SEARCH,False,False
H4:UPPER:0157:0,H,BRIDGE_PASSIVANT_H,UPPER,2.6275062470834123,4.402003577835835,8.372647979869654,GATE3P_HYDROGEN_ORIENTATION_SEARCH,False,False
H4:UPPER:0158:0,H,BRIDGE_PASSIVANT_H,UPPER,2.4308024900993117,3.4792242266756843,8.237841422801331,GATE3P_HYDROGEN_ORIENTATION_SEARCH,False,False
H4:UPPER:0159:0,H,BRIDGE_PASSIVANT_H,UPPER,2.399550174700417,3.2490531594656464,8.119680373854205,GATE3P_HYDROGEN_ORIENTATION_SEARCH,False,False
H4:UPPER:0160:0,H,BRIDGE_PASSIVANT_H,UPPER,2.456878942812955,3.170092552921199,8.35732926064179,GATE3P_HYDROGEN_ORIENTATION_SEARCH,False,False
H4:UPPER:0161:0,H,BRIDGE_PASSIVANT_H,UPPER,2.631814502174166,2.9963219292219128,8.373030218182615,GATE3P_HYDROGEN_ORIENTATION_SEARCH,False,False
H4:UPPER:0162:0,H,BRIDGE_PASSIVANT_H,UPPER,2.5992183073829596,2.8945687320836817,8.056535589457738,GATE3P_HYDROGEN_ORIENTATION_SEARCH,False,False
H4:UPPER:0163:0,H,BRIDGE_PASSIVANT_H,UPPER,2.6186863029317995,2.758623170349266,8.277840833529561,GATE3P_HYDROGEN_ORIENTATION_SEARCH,False,False
H4:UPPER:0164:0,H,BRIDGE_PASSIVANT_H,UPPER,2.831788985702629,2.798603807504509,8.399475068404218,GATE3P_HYDROGEN_ORIENTATION_SEARCH,False,False
H4:UPPER:0165:0,H,BRIDGE_PASSIVANT_H,UPPER,3.0426239570001474,2.794094006812713,8.1948780335471,GATE3P_HYDROGEN_ORIENTATION_SEARCH,False,False
H4:UPPER:0166:0,H,BRIDGE_PASSIVANT_H,UPPER,3.064311729230217,2.4680809201128318,8.146680177496624,GATE3P_HYDROGEN_ORIENTATION_SEARCH,False,False
H4:UPPER:0167:0,H,BRIDGE_PASSIVANT_H,UPPER,2.8728989564281937,2.5052660928608343,8.314027073919648,GATE3P_HYDROGEN_ORIENTATION_SEARCH,False,False
H4:UPPER:0168:0,H,BRIDGE_PASSIVANT_H,UPPER,3.0260589939753477,2.6286991881175155,8.474785059938434,GATE3P_HYDROGEN_ORIENTATION_SEARCH,False,False
H4:UPPER:0169:0,H,BRIDGE_PASSIVANT_H,UPPER,3.2134454272730526,2.7892330722078826,8.417792830190441,GATE3P_HYDROGEN_ORIENTATION_SEARCH,False,False
H4:UPPER:0170:0,H,BRIDGE_PASSIVANT_H,UPPER,3.5547439480127863,2.338774395176883,8.075205089526742,GATE3P_HYDROGEN_ORIENTATION_SEARCH,False,False
H4:UPPER:0171:0,H,BRIDGE_PASSIVANT_H,UPPER,3.415694489841118,2.283859546220614,8.327319954751404,GATE3P_HYDROGEN_ORIENTATION_SEARCH,False,False
H4:UPPER:0172:0,H,BRIDGE_PASSIVANT_H,UPPER,3.478837460297081,2.497905132340391,8.492826228332659,GATE3P_HYDROGEN_ORIENTATION_SEARCH,False,False
H4:UPPER:0173:0,H,BRIDGE_PASSIVANT_H,UPPER,3.288496581445315,2.52416036572899,8.304388083167355,GATE3P_HYDROGEN_ORIENTATION_SEARCH,False,False
H4:UPPER:0189:0,H,SEED_PASSIVANT_H,UPPER,4.3395946838295725,2.562821933343202,8.049861221696451,GATE3P_HYDROGEN_ORIENTATION_SEARCH,False,False
H4:UPPER:0190:0,H,SEED_PASSIVANT_H,UPPER,4.573779455686871,3.059473965757587,8.041264045628573,GATE3P_HYDROGEN_ORIENTATION_SEARCH,False,False
H4:UPPER:0191:0,H,SEED_PASSIVANT_H,UPPER,4.761106907211753,3.493432415723818,8.050494835309442,GATE3P_HYDROGEN_ORIENTATION_SEARCH,False,False
H4:UPPER:0192:0,H,SEED_PASSIVANT_H,UPPER,4.756721292647921,3.9027236886204175,8.06236187132052,GATE3P_HYDROGEN_ORIENTATION_SEARCH,False,False
H4:UPPER:0193:0,H,SEED_PASSIVANT_H,UPPER,4.554721292647921,4.355723688620418,8.061701718758766,GATE3P_HYDROGEN_ORIENTATION_SEARCH,False,False
H4:UPPER:0194:0,H,SEED_PASSIVANT_H,UPPER,4.348211869173066,4.822865127611068,8.040200630467849,GATE3P_HYDROGEN_ORIENTATION_SEARCH,False,False
H4:UPPER:0195:0,H,SEED_PASSIVANT_H,UPPER,3.8212551785253717,4.779288095477286,8.031925246646429,GATE3P_HYDROGEN_ORIENTATION_SEARCH,False,False
H4:UPPER:0196:0,H,SEED_PASSIVANT_H,UPPER,3.3628185985591137,4.736791317465179,8.027686531941463,GATE3P_HYDROGEN_ORIENTATION_SEARCH,False,False
H4:UPPER:0197:0,H,SEED_PASSIVANT_H,UPPER,2.829246104539428,4.6607502837292145,8.033769950506713,GATE3P_HYDROGEN_ORIENTATION_SEARCH,False,False
H4:UPPER:0198:0,H,SEED_PASSIVANT_H,UPPER,2.7160070301848123,4.157385760736001,8.047658925791547,GATE3P_HYDROGEN_ORIENTATION_SEARCH,False,False
H4:UPPER:0199:0,H,SEED_PASSIVANT_H,UPPER,2.402370548825262,3.689235315338699,8.0309087339783,GATE3P_HYDROGEN_ORIENTATION_SEARCH,False,False
H4:UPPER:0200:0,H,SEED_PASSIVANT_H,UPPER,2.713769416532111,3.249687410505628,8.050955324683514,GATE3P_HYDROGEN_ORIENTATION_SEARCH,False,False
H4:UPPER:0201:0,H,SEED_PASSIVANT_H,UPPER,2.830740765584832,2.7433851353188037,8.020671343471248,GATE3P_HYDROGEN_ORIENTATION_SEARCH,False,False
H4:UPPER:0202:0,H,SEED_PASSIVANT_H,UPPER,3.3678749308355935,2.655292198165551,8.026762474645556,GATE3P_HYDROGEN_ORIENTATION_SEARCH,False,False
H4:UPPER:0203:0,H,SEED_PASSIVANT_H,UPPER,3.8049240884117954,2.6117493953729842,8.029288127532855,GATE3P_HYDROGEN_ORIENTATION_SEARCH,False,False
P:0,B,PARENT_HBN,PARENT,4.896,3.697,2.0,GATE3O_VALIDATED_HEAVY_COORDINATE,False,False
P:1,N,PARENT_HBN,PARENT,4.896,3.697,2.145,GATE3O_VALIDATED_HEAVY_COORDINATE,False,False
P:10,B,PARENT_HBN,PARENT,4.297,4.736,2.0,GATE3O_VALIDATED_HEAVY_COORDINATE,False,False
P:100,B,PARENT_HBN,PARENT,3.21,2.602,2.217,GATE3O_VALIDATED_HEAVY_COORDINATE,False,False
P:1000,B,PARENT_HBN,PARENT,4.793,3.21,5.48,GATE3O_VALIDATED_HEAVY_COORDINATE,False,False
P:1001,N,PARENT_HBN,PARENT,4.793,3.21,5.625,GATE3O_VALIDATED_HEAVY_COORDINATE,False,False
P:1002,B,PARENT_HBN,PARENT,4.87,3.448,5.48,GATE3O_VALIDATED_HEAVY_COORDINATE,False,False
P:1003,N,PARENT_HBN,PARENT,4.87,3.448,5.625,GATE3O_VALIDATED_HEAVY_COORDINATE,False,False
P:1004,B,PARENT_HBN,PARENT,4.896,3.697,5.48,GATE3O_VALIDATED_HEAVY_COORDINATE,False,False
P:1005,N,PARENT_HBN,PARENT,4.896,3.697,5.625,GATE3O_VALIDATED_HEAVY_COORDINATE,False,False
P:1006,B,PARENT_HBN,PARENT,4.87,3.947,5.48,GATE3O_VALIDATED_HEAVY_COORDINATE,False,False
P:1007,N,PARENT_HBN,PARENT,4.87,3.947,5.625,GATE3O_VALIDATED_HEAVY_COORDINATE,False,False
P:1008,B,PARENT_HBN,PARENT,4.793,4.185,5.48,GATE3O_VALIDATED_HEAVY_COORDINATE,False,False
P:1009,N,PARENT_HBN,PARENT,4.793,4.185,5.625,GATE3O_VALIDATED_HEAVY_COORDINATE,False,False
P:101,N,PARENT_HBN,PARENT,3.21,2.602,2.362,GATE3O_VALIDATED_HEAVY_COORDINATE,False,False
P:1010,B,PARENT_HBN,PARENT,4.667,4.402,5.48,GATE3O_VALIDATED_HEAVY_COORDINATE,False,False
P:1011,N,PARENT_HBN,PARENT,4.667,4.402,5.625,GATE3O_VALIDATED_HEAVY_COORDINATE,False,False
P:1012,B,PARENT_HBN,PARENT,4.5,4.588,5.48,GATE3O_VALIDATED_HEAVY_COORDINATE,False,False
P:1013,N,PARENT_HBN,PARENT,4.5,4.588,5.625,GATE3O_VALIDATED_HEAVY_COORDINATE,False,False
P:1014,B,PARENT_HBN,PARENT,4.297,4.736,5.48,GATE3O_VALIDATED_HEAVY_COORDINATE,False,False
P:1015,N,PARENT_HBN,PARENT,4.297,4.736,5.625,GATE3O_VALIDATED_HEAVY_COORDINATE,False,False
P:1016,B,PARENT_HBN,PARENT,4.068,4.838,5.48,GATE3O_VALIDATED_HEAVY_COORDINATE,False,False
P:1017,N,PARENT_HBN,PARENT,4.068,4.838,5.625,GATE3O_VALIDATED_HEAVY_COORDINATE,False,False
P:1018,B,PARENT_HBN,PARENT,3.823,4.89,5.48,GATE3O_VALIDATED_HEAVY_COORDINATE,False,False
P:1019,N,PARENT_HBN,PARENT,3.823,4.89,5.625,GATE3O_VALIDATED_HEAVY_COORDINATE,False,False
P:102,B,PARENT_HBN,PARENT,3.448,2.524,2.217,GATE3O_VALIDATED_HEAVY_COORDINATE,False,False
P:1020,B,PARENT_HBN,PARENT,3.448,4.87,5.697,GATE3O_VALIDATED_HEAVY_COORDINATE,False,False
P:1021,N,PARENT_HBN,PARENT,3.448,4.87,5.842,GATE3O_VALIDATED_HEAVY_COORDINATE,False,False
P:1022,B,PARENT_HBN,PARENT,3.21,4.793,5.697,GATE3O_VALIDATED_HEAVY_COORDINATE,False,False
P:1023,N,PARENT_HBN,PARENT,3.21,4.793,5.842,GATE3O_VALIDATED_HEAVY_COORDINATE,False,False
P:1024,B,PARENT_HBN,PARENT,2.992,4.667,5.697,GATE3O_VALIDATED_HEAVY_COORDINATE,False,False
P:1025,N,PARENT_HBN,PARENT,2.992,4.667,5.842,GATE3O_VALIDATED_HEAVY_COORDINATE,False,False
P:1026,B,PARENT_HBN,PARENT,2.806,4.5,5.697,GATE3O_VALIDATED_HEAVY_COORDINATE,False,False
P:1027,N,PARENT_HBN,PARENT,2.806,4.5,5.842,GATE3O_VALIDATED_HEAVY_COORDINATE,False,False
P:1028,B,PARENT_HBN,PARENT,2.659,4.297,5.697,GATE3O_VALIDATED_HEAVY_COORDINATE,False,False
P:1029,N,PARENT_HBN,PARENT,2.659,4.297,5.842,GATE3O_VALIDATED_HEAVY_COORDINATE,False,False
P:103,N,PARENT_HBN,PARENT,3.448,2.524,2.362,GATE3O_VALIDATED_HEAVY_COORDINATE,False,False
P:1030,B,PARENT_HBN,PARENT,2.557,4.068,5.697,GATE3O_VALIDATED_HEAVY_COORDINATE,False,False
P:1031,N,PARENT_HBN,PARENT,2.557,4.068,5.842,GATE3O_VALIDATED_HEAVY_COORDINATE,False,False
P:1032,B,PARENT_HBN,PARENT,2.505,3.823,5.697,GATE3O_VALIDATED_HEAVY_COORDINATE,False,False
P:1033,N,PARENT_HBN,PARENT,2.505,3.823,5.842,GATE3O_VALIDATED_HEAVY_COORDINATE,False,False
P:1034,B,PARENT_HBN,PARENT,2.505,3.572,5.697,GATE3O_VALIDATED_HEAVY_COORDINATE,False,False
P:1035,N,PARENT_HBN,PARENT,2.505,3.572,5.842,GATE3O_VALIDATED_HEAVY_COORDINATE,False,False
P:1036,B,PARENT_HBN,PARENT,2.557,3.327,5.697,GATE3O_VALIDATED_HEAVY_COORDINATE,False,False
P:1037,N,PARENT_HBN,PARENT,2.557,3.327,5.842,GATE3O_VALIDATED_HEAVY_COORDINATE,False,False
P:1038,B,PARENT_HBN,PARENT,2.659,3.098,5.697,GATE3O_VALIDATED_HEAVY_COORDINATE,False,False
P:1039,N,PARENT_HBN,PARENT,2.659,3.098,5.842,GATE3O_VALIDATED_HEAVY_COORDINATE,False,False
P:104,B,PARENT_HBN,PARENT,3.697,2.498,2.217,GATE3O_VALIDATED_HEAVY_COORDINATE,False,False
P:1040,B,PARENT_HBN,PARENT,2.806,2.895,5.697,GATE3O_VALIDATED_HEAVY_COORDINATE,False,False
P:1041,N,PARENT_HBN,PARENT,2.806,2.895,5.842,GATE3O_VALIDATED_HEAVY_COORDINATE,False,False
P:1042,B,PARENT_HBN,PARENT,2.992,2.727,5.697,GATE3O_VALIDATED_HEAVY_COORDINATE,False,False
P:1043,N,PARENT_HBN,PARENT,2.992,2.727,5.842,GATE3O_VALIDATED_HEAVY_COORDINATE,False,False
P:1044,B,PARENT_HBN,PARENT,3.21,2.602,5.697,GATE3O_VALIDATED_HEAVY_COORDINATE,False,False
P:1045,N,PARENT_HBN,PARENT,3.21,2.602,5.842,GATE3O_VALIDATED_HEAVY_COORDINATE,False,False
P:1046,B,PARENT_HBN,PARENT,3.448,2.524,5.697,GATE3O_VALIDATED_HEAVY_COORDINATE,False,False
P:1047,N,PARENT_HBN,PARENT,3.448,2.524,5.842,GATE3O_VALIDATED_HEAVY_COORDINATE,False,False
P:1048,B,PARENT_HBN,PARENT,3.697,2.498,5.697,GATE3O_VALIDATED_HEAVY_COORDINATE,False,False
P:1049,N,PARENT_HBN,PARENT,3.697,2.498,5.842,GATE3O_VALIDATED_HEAVY_COORDINATE,False,False
P:105,N,PARENT_HBN,PARENT,3.697,2.498,2.362,GATE3O_VALIDATED_HEAVY_COORDINATE,False,False
P:1050,B,PARENT_HBN,PARENT,3.947,2.524,5.697,GATE3O_VALIDATED_HEAVY_COORDINATE,False,False
P:1051,N,PARENT_HBN,PARENT,3.947,2.524,5.842,GATE3O_VALIDATED_HEAVY_COORDINATE,False,False
P:1052,B,PARENT_HBN,PARENT,4.185,2.602,5.697,GATE3O_VALIDATED_HEAVY_COORDINATE,False,False
P:1053,N,PARENT_HBN,PARENT,4.185,2.602,5.842,GATE3O_VALIDATED_HEAVY_COORDINATE,False,False
P:1054,B,PARENT_HBN,PARENT,4.402,2.727,5.697,GATE3O_VALIDATED_HEAVY_COORDINATE,False,False
P:1055,N,PARENT_HBN,PARENT,4.402,2.727,5.842,GATE3O_VALIDATED_HEAVY_COORDINATE,False,False
P:1056,B,PARENT_HBN,PARENT,4.588,2.895,5.697,GATE3O_VALIDATED_HEAVY_COORDINATE,False,False
P:1057,N,PARENT_HBN,PARENT,4.588,2.895,5.842,GATE3O_VALIDATED_HEAVY_COORDINATE,False,False
P:1058,B,PARENT_HBN,PARENT,4.736,3.098,5.697,GATE3O_VALIDATED_HEAVY_COORDINATE,False,False
P:1059,N,PARENT_HBN,PARENT,4.736,3.098,5.842,GATE3O_VALIDATED_HEAVY_COORDINATE,False,False
P:106,B,PARENT_HBN,PARENT,3.947,2.524,2.217,GATE3O_VALIDATED_HEAVY_COORDINATE,False,False
P:1060,B,PARENT_HBN,PARENT,4.838,3.327,5.697,GATE3O_VALIDATED_HEAVY_COORDINATE,False,False
P:1061,N,PARENT_HBN,PARENT,4.838,3.327,5.842,GATE3O_VALIDATED_HEAVY_COORDINATE,False,False
P:1062,B,PARENT_HBN,PARENT,4.89,3.572,5.697,GATE3O_VALIDATED_HEAVY_COORDINATE,False,False
P:1063,N,PARENT_HBN,PARENT,4.89,3.572,5.842,GATE3O_VALIDATED_HEAVY_COORDINATE,False,False
P:1064,B,PARENT_HBN,PARENT,4.89,3.823,5.697,GATE3O_VALIDATED_HEAVY_COORDINATE,False,False
P:1065,N,PARENT_HBN,PARENT,4.89,3.823,5.842,GATE3O_VALIDATED_HEAVY_COORDINATE,False,False
P:1066,B,PARENT_HBN,PARENT,4.838,4.068,5.697,GATE3O_VALIDATED_HEAVY_COORDINATE,False,False
P:1067,N,PARENT_HBN,PARENT,4.838,4.068,5.842,GATE3O_VALIDATED_HEAVY_COORDINATE,False,False
P:1068,B,PARENT_HBN,PARENT,4.736,4.297,5.697,GATE3O_VALIDATED_HEAVY_COORDINATE,False,False
P:1069,N,PARENT_HBN,PARENT,4.736,4.297,5.842,GATE3O_VALIDATED_HEAVY_COORDINATE,False,False
P:107,N,PARENT_HBN,PARENT,3.947,2.524,2.362,GATE3O_VALIDATED_HEAVY_COORDINATE,False,False
P:1070,B,PARENT_HBN,PARENT,4.588,4.5,5.697,GATE3O_VALIDATED_HEAVY_COORDINATE,False,False
P:1071,N,PARENT_HBN,PARENT,4.588,4.5,5.842,GATE3O_VALIDATED_HEAVY_COORDINATE,False,False
P:1072,B,PARENT_HBN,PARENT,4.402,4.667,5.697,GATE3O_VALIDATED_HEAVY_COORDINATE,False,False
P:1073,N,PARENT_HBN,PARENT,4.402,4.667,5.842,GATE3O_VALIDATED_HEAVY_COORDINATE,False,False
P:1074,B,PARENT_HBN,PARENT,4.185,4.793,5.697,GATE3O_VALIDATED_HEAVY_COORDINATE,False,False
P:1075,N,PARENT_HBN,PARENT,4.185,4.793,5.842,GATE3O_VALIDATED_HEAVY_COORDINATE,False,False
P:1076,B,PARENT_HBN,PARENT,3.947,4.87,5.697,GATE3O_VALIDATED_HEAVY_COORDINATE,False,False
P:1077,N,PARENT_HBN,PARENT,3.947,4.87,5.842,GATE3O_VALIDATED_HEAVY_COORDINATE,False,False
P:1078,B,PARENT_HBN,PARENT,3.697,4.896,5.697,GATE3O_VALIDATED_HEAVY_COORDINATE,False,False
P:1079,N,PARENT_HBN,PARENT,3.697,4.896,5.842,GATE3O_VALIDATED_HEAVY_COORDINATE,False,False
P:108,B,PARENT_HBN,PARENT,4.185,2.602,2.217,GATE3O_VALIDATED_HEAVY_COORDINATE,False,False
P:1080,B,PARENT_HBN,PARENT,3.327,4.838,5.915,GATE3O_VALIDATED_HEAVY_COORDINATE,False,False
P:1081,N,PARENT_HBN,PARENT,3.327,4.838,6.06,GATE3O_VALIDATED_HEAVY_COORDINATE,False,False
P:1082,B,PARENT_HBN,PARENT,3.098,4.736,5.915,GATE3O_VALIDATED_HEAVY_COORDINATE,False,False
P:1083,N,PARENT_HBN,PARENT,3.098,4.736,6.06,GATE3O_VALIDATED_HEAVY_COORDINATE,False,False
P:1084,B,PARENT_HBN,PARENT,2.895,4.588,5.915,GATE3O_VALIDATED_HEAVY_COORDINATE,False,False
P:1085,N,PARENT_HBN,PARENT,2.895,4.588,6.06,GATE3O_VALIDATED_HEAVY_COORDINATE,False,False
P:1086,B,PARENT_HBN,PARENT,2.727,4.402,5.915,GATE3O_VALIDATED_HEAVY_COORDINATE,False,False
P:1087,N,PARENT_HBN,PARENT,2.727,4.402,6.06,GATE3O_VALIDATED_HEAVY_COORDINATE,False,False
P:1088,B,PARENT_HBN,PARENT,2.602,4.185,5.915,GATE3O_VALIDATED_HEAVY_COORDINATE,False,False
P:1089,N,PARENT_HBN,PARENT,2.602,4.185,6.06,GATE3O_VALIDATED_HEAVY_COORDINATE,False,False
P:109,N,PARENT_HBN,PARENT,4.185,2.602,2.362,GATE3O_VALIDATED_HEAVY_COORDINATE,False,False
P:1090,B,PARENT_HBN,PARENT,2.524,3.947,5.915,GATE3O_VALIDATED_HEAVY_COORDINATE,False,False
P:1091,N,PARENT_HBN,PARENT,2.524,3.947,6.06,GATE3O_VALIDATED_HEAVY_COORDINATE,False,False
P:1092,B,PARENT_HBN,PARENT,2.498,3.697,5.915,GATE3O_VALIDATED_HEAVY_COORDINATE,False,False
P:1093,N,PARENT_HBN,PARENT,2.498,3.697,6.06,GATE3O_VALIDATED_HEAVY_COORDINATE,False,False
P:1094,B,PARENT_HBN,PARENT,2.524,3.448,5.915,GATE3O_VALIDATED_HEAVY_COORDINATE,False,False
P:1095,N,PARENT_HBN,PARENT,2.524,3.448,6.06,GATE3O_VALIDATED_HEAVY_COORDINATE,False,False
P:1096,B,PARENT_HBN,PARENT,2.602,3.21,5.915,GATE3O_VALIDATED_HEAVY_COORDINATE,False,False
P:1097,N,PARENT_HBN,PARENT,2.602,3.21,6.06,GATE3O_VALIDATED_HEAVY_COORDINATE,False,False
P:1098,B,PARENT_HBN,PARENT,2.727,2.992,5.915,GATE3O_VALIDATED_HEAVY_COORDINATE,False,False
P:1099,N,PARENT_HBN,PARENT,2.727,2.992,6.06,GATE3O_VALIDATED_HEAVY_COORDINATE,False,False
P:11,N,PARENT_HBN,PARENT,4.297,4.736,2.145,GATE3O_VALIDATED_HEAVY_COORDINATE,False,False
P:110,B,PARENT_HBN,PARENT,4.402,2.727,2.217,GATE3O_VALIDATED_HEAVY_COORDINATE,False,False
P:1100,B,PARENT_HBN,PARENT,2.895,2.806,5.915,GATE3O_VALIDATED_HEAVY_COORDINATE,False,False
P:1101,N,PARENT_HBN,PARENT,2.895,2.806,6.06,GATE3O_VALIDATED_HEAVY_COORDINATE,False,False
P:1102,B,PARENT_HBN,PARENT,3.098,2.659,5.915,GATE3O_VALIDATED_HEAVY_COORDINATE,False,False
P:1103,N,PARENT_HBN,PARENT,3.098,2.659,6.06,GATE3O_VALIDATED_HEAVY_COORDINATE,False,False
P:1104,B,PARENT_HBN,PARENT,3.327,2.557,5.915,GATE3O_VALIDATED_HEAVY_COORDINATE,False,False
P:1105,N,PARENT_HBN,PARENT,3.327,2.557,6.06,GATE3O_VALIDATED_HEAVY_COORDINATE,False,False
P:1106,B,PARENT_HBN,PARENT,3.572,2.505,5.915,GATE3O_VALIDATED_HEAVY_COORDINATE,False,False
P:1107,N,PARENT_HBN,PARENT,3.572,2.505,6.06,GATE3O_VALIDATED_HEAVY_COORDINATE,False,False
P:1108,B,PARENT_HBN,PARENT,3.823,2.505,5.915,GATE3O_VALIDATED_HEAVY_COORDINATE,False,False
P:1109,N,PARENT_HBN,PARENT,3.823,2.505,6.06,GATE3O_VALIDATED_HEAVY_COORDINATE,False,False
P:111,N,PARENT_HBN,PARENT,4.402,2.727,2.362,GATE3O_VALIDATED_HEAVY_COORDINATE,False,False
P:1110,B,PARENT_HBN,PARENT,4.068,2.557,5.915,GATE3O_VALIDATED_HEAVY_COORDINATE,False,False
P:1111,N,PARENT_HBN,PARENT,4.068,2.557,6.06,GATE3O_VALIDATED_HEAVY_COORDINATE,False,False
P:1112,B,PARENT_HBN,PARENT,4.297,2.659,5.915,GATE3O_VALIDATED_HEAVY_COORDINATE,False,False
P:1113,N,PARENT_HBN,PARENT,4.297,2.659,6.06,GATE3O_VALIDATED_HEAVY_COORDINATE,False,False
P:1114,B,PARENT_HBN,PARENT,4.5,2.806,5.915,GATE3O_VALIDATED_HEAVY_COORDINATE,False,False
P:1115,N,PARENT_HBN,PARENT,4.5,2.806,6.06,GATE3O_VALIDATED_HEAVY_COORDINATE,False,False
P:1116,B,PARENT_HBN,PARENT,4.667,2.992,5.915,GATE3O_VALIDATED_HEAVY_COORDINATE,False,False
P:1117,N,PARENT_HBN,PARENT,4.667,2.992,6.06,GATE3O_VALIDATED_HEAVY_COORDINATE,False,False
P:1118,B,PARENT_HBN,PARENT,4.793,3.21,5.915,GATE3O_VALIDATED_HEAVY_COORDINATE,False,False
P:1119,N,PARENT_HBN,PARENT,4.793,3.21,6.06,GATE3O_VALIDATED_HEAVY_COORDINATE,False,False
P:112,B,PARENT_HBN,PARENT,4.588,2.895,2.217,GATE3O_VALIDATED_HEAVY_COORDINATE,False,False
P:1120,B,PARENT_HBN,PARENT,4.87,3.448,5.915,GATE3O_VALIDATED_HEAVY_COORDINATE,False,False
P:1121,N,PARENT_HBN,PARENT,4.87,3.448,6.06,GATE3O_VALIDATED_HEAVY_COORDINATE,False,False
P:1122,B,PARENT_HBN,PARENT,4.896,3.697,5.915,GATE3O_VALIDATED_HEAVY_COORDINATE,False,False
P:1123,N,PARENT_HBN,PARENT,4.896,3.697,6.06,GATE3O_VALIDATED_HEAVY_COORDINATE,False,False
P:1124,B,PARENT_HBN,PARENT,4.87,3.947,5.915,GATE3O_VALIDATED_HEAVY_COORDINATE,False,False
P:1125,N,PARENT_HBN,PARENT,4.87,3.947,6.06,GATE3O_VALIDATED_HEAVY_COORDINATE,False,False
P:1126,B,PARENT_HBN,PARENT,4.793,4.185,5.915,GATE3O_VALIDATED_HEAVY_COORDINATE,False,False
P:1127,N,PARENT_HBN,PARENT,4.793,4.185,6.06,GATE3O_VALIDATED_HEAVY_COORDINATE,False,False
P:1128,B,PARENT_HBN,PARENT,4.667,4.402,5.915,GATE3O_VALIDATED_HEAVY_COORDINATE,False,False
P:1129,N,PARENT_HBN,PARENT,4.667,4.402,6.06,GATE3O_VALIDATED_HEAVY_COORDINATE,False,False
P:113,N,PARENT_HBN,PARENT,4.588,2.895,2.362,GATE3O_VALIDATED_HEAVY_COORDINATE,False,False
P:1130,B,PARENT_HBN,PARENT,4.5,4.588,5.915,GATE3O_VALIDATED_HEAVY_COORDINATE,False,False
P:1131,N,PARENT_HBN,PARENT,4.5,4.588,6.06,GATE3O_VALIDATED_HEAVY_COORDINATE,False,False
P:1132,B,PARENT_HBN,PARENT,4.297,4.736,5.915,GATE3O_VALIDATED_HEAVY_COORDINATE,False,False
P:1133,N,PARENT_HBN,PARENT,4.297,4.736,6.06,GATE3O_VALIDATED_HEAVY_COORDINATE,False,False
P:1134,B,PARENT_HBN,PARENT,4.068,4.838,5.915,GATE3O_VALIDATED_HEAVY_COORDINATE,False,False
P:1135,N,PARENT_HBN,PARENT,4.068,4.838,6.06,GATE3O_VALIDATED_HEAVY_COORDINATE,False,False
P:1136,B,PARENT_HBN,PARENT,3.823,4.89,5.915,GATE3O_VALIDATED_HEAVY_COORDINATE,False,False
P:1137,N,PARENT_HBN,PARENT,3.823,4.89,6.06,GATE3O_VALIDATED_HEAVY_COORDINATE,False,False
P:1138,B,PARENT_HBN,PARENT,3.572,4.89,5.915,GATE3O_VALIDATED_HEAVY_COORDINATE,False,False
P:1139,N,PARENT_HBN,PARENT,3.572,4.89,6.06,GATE3O_VALIDATED_HEAVY_COORDINATE,False,False
P:114,B,PARENT_HBN,PARENT,4.736,3.098,2.217,GATE3O_VALIDATED_HEAVY_COORDINATE,False,False
P:1140,B,PARENT_HBN,PARENT,3.21,4.793,6.133,GATE3O_VALIDATED_HEAVY_COORDINATE,False,False
P:1141,N,PARENT_HBN,PARENT,3.21,4.793,6.277,GATE3O_VALIDATED_HEAVY_COORDINATE,False,False
P:1142,B,PARENT_HBN,PARENT,2.992,4.667,6.133,GATE3O_VALIDATED_HEAVY_COORDINATE,False,False
P:1143,N,PARENT_HBN,PARENT,2.992,4.667,6.277,GATE3O_VALIDATED_HEAVY_COORDINATE,False,False
P:1144,B,PARENT_HBN,PARENT,2.806,4.5,6.133,GATE3O_VALIDATED_HEAVY_COORDINATE,False,False
P:1145,N,PARENT_HBN,PARENT,2.806,4.5,6.277,GATE3O_VALIDATED_HEAVY_COORDINATE,False,False
P:1146,B,PARENT_HBN,PARENT,2.659,4.297,6.133,GATE3O_VALIDATED_HEAVY_COORDINATE,False,False
P:1147,N,PARENT_HBN,PARENT,2.659,4.297,6.277,GATE3O_VALIDATED_HEAVY_COORDINATE,False,False
P:1148,B,PARENT_HBN,PARENT,2.557,4.068,6.133,GATE3O_VALIDATED_HEAVY_COORDINATE,False,False
P:1149,N,PARENT_HBN,PARENT,2.557,4.068,6.277,GATE3O_VALIDATED_HEAVY_COORDINATE,False,False
P:115,N,PARENT_HBN,PARENT,4.736,3.098,2.362,GATE3O_VALIDATED_HEAVY_COORDINATE,False,False
P:1150,B,PARENT_HBN,PARENT,2.505,3.823,6.133,GATE3O_VALIDATED_HEAVY_COORDINATE,False,False
P:1151,N,PARENT_HBN,PARENT,2.505,3.823,6.277,GATE3O_VALIDATED_HEAVY_COORDINATE,False,False
P:1152,B,PARENT_HBN,PARENT,2.505,3.572,6.133,GATE3O_VALIDATED_HEAVY_COORDINATE,False,False
P:1153,N,PARENT_HBN,PARENT,2.505,3.572,6.277,GATE3O_VALIDATED_HEAVY_COORDINATE,False,False
P:1154,B,PARENT_HBN,PARENT,2.557,3.327,6.133,GATE3O_VALIDATED_HEAVY_COORDINATE,False,False
P:1155,N,PARENT_HBN,PARENT,2.557,3.327,6.277,GATE3O_VALIDATED_HEAVY_COORDINATE,False,False
P:1156,B,PARENT_HBN,PARENT,2.659,3.098,6.133,GATE3O_VALIDATED_HEAVY_COORDINATE,False,False
P:1157,N,PARENT_HBN,PARENT,2.659,3.098,6.277,GATE3O_VALIDATED_HEAVY_COORDINATE,False,False
P:1158,B,PARENT_HBN,PARENT,2.806,2.895,6.133,GATE3O_VALIDATED_HEAVY_COORDINATE,False,False
P:1159,N,PARENT_HBN,PARENT,2.806,2.895,6.277,GATE3O_VALIDATED_HEAVY_COORDINATE,False,False
P:116,B,PARENT_HBN,PARENT,4.838,3.327,2.217,GATE3O_VALIDATED_HEAVY_COORDINATE,False,False
P:1160,B,PARENT_HBN,PARENT,2.992,2.727,6.133,GATE3O_VALIDATED_HEAVY_COORDINATE,False,False
P:1161,N,PARENT_HBN,PARENT,2.992,2.727,6.277,GATE3O_VALIDATED_HEAVY_COORDINATE,False,False
P:1162,B,PARENT_HBN,PARENT,3.21,2.602,6.133,GATE3O_VALIDATED_HEAVY_COORDINATE,False,False
P:1163,N,PARENT_HBN,PARENT,3.21,2.602,6.277,GATE3O_VALIDATED_HEAVY_COORDINATE,False,False
P:1164,B,PARENT_HBN,PARENT,3.448,2.524,6.133,GATE3O_VALIDATED_HEAVY_COORDINATE,False,False
P:1165,N,PARENT_HBN,PARENT,3.448,2.524,6.277,GATE3O_VALIDATED_HEAVY_COORDINATE,False,False
P:1166,B,PARENT_HBN,PARENT,3.697,2.498,6.133,GATE3O_VALIDATED_HEAVY_COORDINATE,False,False
P:1167,N,PARENT_HBN,PARENT,3.697,2.498,6.277,GATE3O_VALIDATED_HEAVY_COORDINATE,False,False
P:1168,B,PARENT_HBN,PARENT,3.947,2.524,6.133,GATE3O_VALIDATED_HEAVY_COORDINATE,False,False
P:1169,N,PARENT_HBN,PARENT,3.947,2.524,6.277,GATE3O_VALIDATED_HEAVY_COORDINATE,False,False
P:117,N,PARENT_HBN,PARENT,4.838,3.327,2.362,GATE3O_VALIDATED_HEAVY_COORDINATE,False,False
P:1170,B,PARENT_HBN,PARENT,4.185,2.602,6.133,GATE3O_VALIDATED_HEAVY_COORDINATE,False,False
P:1171,N,PARENT_HBN,PARENT,4.185,2.602,6.277,GATE3O_VALIDATED_HEAVY_COORDINATE,False,False
P:1172,B,PARENT_HBN,PARENT,4.402,2.727,6.133,GATE3O_VALIDATED_HEAVY_COORDINATE,False,False
P:1173,N,PARENT_HBN,PARENT,4.402,2.727,6.277,GATE3O_VALIDATED_HEAVY_COORDINATE,False,False
P:1174,B,PARENT_HBN,PARENT,4.588,2.895,6.133,GATE3O_VALIDATED_HEAVY_COORDINATE,False,False
P:1175,N,PARENT_HBN,PARENT,4.588,2.895,6.277,GATE3O_VALIDATED_HEAVY_COORDINATE,False,False
P:1176,B,PARENT_HBN,PARENT,4.736,3.098,6.133,GATE3O_VALIDATED_HEAVY_COORDINATE,False,False
P:1177,N,PARENT_HBN,PARENT,4.736,3.098,6.277,GATE3O_VALIDATED_HEAVY_COORDINATE,False,False
P:1178,B,PARENT_HBN,PARENT,4.838,3.327,6.133,GATE3O_VALIDATED_HEAVY_COORDINATE,False,False
P:1179,N,PARENT_HBN,PARENT,4.838,3.327,6.277,GATE3O_VALIDATED_HEAVY_COORDINATE,False,False
P:118,B,PARENT_HBN,PARENT,4.89,3.572,2.217,GATE3O_VALIDATED_HEAVY_COORDINATE,False,False
P:1180,B,PARENT_HBN,PARENT,4.89,3.572,6.133,GATE3O_VALIDATED_HEAVY_COORDINATE,False,False
P:1181,N,PARENT_HBN,PARENT,4.89,3.572,6.277,GATE3O_VALIDATED_HEAVY_COORDINATE,False,False
P:1182,B,PARENT_HBN,PARENT,4.89,3.823,6.133,GATE3O_VALIDATED_HEAVY_COORDINATE,False,False
P:1183,N,PARENT_HBN,PARENT,4.89,3.823,6.277,GATE3O_VALIDATED_HEAVY_COORDINATE,False,False
P:1184,B,PARENT_HBN,PARENT,4.838,4.068,6.133,GATE3O_VALIDATED_HEAVY_COORDINATE,False,False
P:1185,N,PARENT_HBN,PARENT,4.838,4.068,6.277,GATE3O_VALIDATED_HEAVY_COORDINATE,False,False
P:1186,B,PARENT_HBN,PARENT,4.736,4.297,6.133,GATE3O_VALIDATED_HEAVY_COORDINATE,False,False
P:1187,N,PARENT_HBN,PARENT,4.736,4.297,6.277,GATE3O_VALIDATED_HEAVY_COORDINATE,False,False
P:1188,B,PARENT_HBN,PARENT,4.588,4.5,6.133,GATE3O_VALIDATED_HEAVY_COORDINATE,False,False
P:1189,N,PARENT_HBN,PARENT,4.588,4.5,6.277,GATE3O_VALIDATED_HEAVY_COORDINATE,False,False
P:119,N,PARENT_HBN,PARENT,4.89,3.572,2.362,GATE3O_VALIDATED_HEAVY_COORDINATE,False,False
P:1190,B,PARENT_HBN,PARENT,4.402,4.667,6.133,GATE3O_VALIDATED_HEAVY_COORDINATE,False,False
P:1191,N,PARENT_HBN,PARENT,4.402,4.667,6.277,GATE3O_VALIDATED_HEAVY_COORDINATE,False,False
P:1192,B,PARENT_HBN,PARENT,4.185,4.793,6.133,GATE3O_VALIDATED_HEAVY_COORDINATE,False,False
P:1193,N,PARENT_HBN,PARENT,4.185,4.793,6.277,GATE3O_VALIDATED_HEAVY_COORDINATE,False,False
P:1194,B,PARENT_HBN,PARENT,3.947,4.87,6.133,GATE3O_VALIDATED_HEAVY_COORDINATE,False,False
P:1195,N,PARENT_HBN,PARENT,3.947,4.87,6.277,GATE3O_VALIDATED_HEAVY_COORDINATE,False,False
P:1196,B,PARENT_HBN,PARENT,3.697,4.896,6.133,GATE3O_VALIDATED_HEAVY_COORDINATE,False,False
P:1197,N,PARENT_HBN,PARENT,3.697,4.896,6.277,GATE3O_VALIDATED_HEAVY_COORDINATE,False,False
P:1198,B,PARENT_HBN,PARENT,3.448,4.87,6.133,GATE3O_VALIDATED_HEAVY_COORDINATE,False,False
P:1199,N,PARENT_HBN,PARENT,3.448,4.87,6.277,GATE3O_VALIDATED_HEAVY_COORDINATE,False,False
P:12,B,PARENT_HBN,PARENT,4.068,4.838,2.0,GATE3O_VALIDATED_HEAVY_COORDINATE,False,False
P:120,B,PARENT_HBN,PARENT,4.87,3.947,2.435,GATE3O_VALIDATED_HEAVY_COORDINATE,False,False
P:1200,B,PARENT_HBN,PARENT,3.098,4.736,6.35,GATE3O_VALIDATED_HEAVY_COORDINATE,False,False
P:1201,N,PARENT_HBN,PARENT,3.098,4.736,6.495,GATE3O_VALIDATED_HEAVY_COORDINATE,False,False
P:1202,B,PARENT_HBN,PARENT,2.895,4.588,6.35,GATE3O_VALIDATED_HEAVY_COORDINATE,False,False
P:1203,N,PARENT_HBN,PARENT,2.895,4.588,6.495,GATE3O_VALIDATED_HEAVY_COORDINATE,False,False
P:1204,B,PARENT_HBN,PARENT,2.727,4.402,6.35,GATE3O_VALIDATED_HEAVY_COORDINATE,False,False
P:1205,N,PARENT_HBN,PARENT,2.727,4.402,6.495,GATE3O_VALIDATED_HEAVY_COORDINATE,False,False
P:1206,B,PARENT_HBN,PARENT,2.602,4.185,6.35,GATE3O_VALIDATED_HEAVY_COORDINATE,False,False
P:1207,N,PARENT_HBN,PARENT,2.602,4.185,6.495,GATE3O_VALIDATED_HEAVY_COORDINATE,False,False
P:1208,B,PARENT_HBN,PARENT,2.524,3.947,6.35,GATE3O_VALIDATED_HEAVY_COORDINATE,False,False
P:1209,N,PARENT_HBN,PARENT,2.524,3.947,6.495,GATE3O_VALIDATED_HEAVY_COORDINATE,False,False
P:121,N,PARENT_HBN,PARENT,4.87,3.947,2.58,GATE3O_VALIDATED_HEAVY_COORDINATE,False,False
P:1210,B,PARENT_HBN,PARENT,2.498,3.697,6.35,GATE3O_VALIDATED_HEAVY_COORDINATE,False,False
P:1211,N,PARENT_HBN,PARENT,2.498,3.697,6.495,GATE3O_VALIDATED_HEAVY_COORDINATE,False,False
P:1212,B,PARENT_HBN,PARENT,2.524,3.448,6.35,GATE3O_VALIDATED_HEAVY_COORDINATE,False,False
P:1213,N,PARENT_HBN,PARENT,2.524,3.448,6.495,GATE3O_VALIDATED_HEAVY_COORDINATE,False,False
P:1214,B,PARENT_HBN,PARENT,2.602,3.21,6.35,GATE3O_VALIDATED_HEAVY_COORDINATE,False,False
P:1215,N,PARENT_HBN,PARENT,2.602,3.21,6.495,GATE3O_VALIDATED_HEAVY_COORDINATE,False,False
P:1216,B,PARENT_HBN,PARENT,2.727,2.992,6.35,GATE3O_VALIDATED_HEAVY_COORDINATE,False,False
P:1217,N,PARENT_HBN,PARENT,2.727,2.992,6.495,GATE3O_VALIDATED_HEAVY_COORDINATE,False,False
P:1218,B,PARENT_HBN,PARENT,2.895,2.806,6.35,GATE3O_VALIDATED_HEAVY_COORDINATE,False,False
P:1219,N,PARENT_HBN,PARENT,2.895,2.806,6.495,GATE3O_VALIDATED_HEAVY_COORDINATE,False,False
P:122,B,PARENT_HBN,PARENT,4.793,4.185,2.435,GATE3O_VALIDATED_HEAVY_COORDINATE,False,False
P:1220,B,PARENT_HBN,PARENT,3.098,2.659,6.35,GATE3O_VALIDATED_HEAVY_COORDINATE,False,False
P:1221,N,PARENT_HBN,PARENT,3.098,2.659,6.495,GATE3O_VALIDATED_HEAVY_COORDINATE,False,False
P:1222,B,PARENT_HBN,PARENT,3.327,2.557,6.35,GATE3O_VALIDATED_HEAVY_COORDINATE,False,False
P:1223,N,PARENT_HBN,PARENT,3.327,2.557,6.495,GATE3O_VALIDATED_HEAVY_COORDINATE,False,False
P:1224,B,PARENT_HBN,PARENT,3.572,2.505,6.35,GATE3O_VALIDATED_HEAVY_COORDINATE,False,False
P:1225,N,PARENT_HBN,PARENT,3.572,2.505,6.495,GATE3O_VALIDATED_HEAVY_COORDINATE,False,False
P:1226,B,PARENT_HBN,PARENT,3.823,2.505,6.35,GATE3O_VALIDATED_HEAVY_COORDINATE,False,False
P:1227,N,PARENT_HBN,PARENT,3.823,2.505,6.495,GATE3O_VALIDATED_HEAVY_COORDINATE,False,False
P:1228,B,PARENT_HBN,PARENT,4.068,2.557,6.35,GATE3O_VALIDATED_HEAVY_COORDINATE,False,False
P:1229,N,PARENT_HBN,PARENT,4.068,2.557,6.495,GATE3O_VALIDATED_HEAVY_COORDINATE,False,False
P:123,N,PARENT_HBN,PARENT,4.793,4.185,2.58,GATE3O_VALIDATED_HEAVY_COORDINATE,False,False
P:1230,B,PARENT_HBN,PARENT,4.297,2.659,6.35,GATE3O_VALIDATED_HEAVY_COORDINATE,False,False
P:1231,N,PARENT_HBN,PARENT,4.297,2.659,6.495,GATE3O_VALIDATED_HEAVY_COORDINATE,False,False
P:1232,B,PARENT_HBN,PARENT,4.5,2.806,6.35,GATE3O_VALIDATED_HEAVY_COORDINATE,False,False
P:1233,N,PARENT_HBN,PARENT,4.5,2.806,6.495,GATE3O_VALIDATED_HEAVY_COORDINATE,False,False
P:1234,B,PARENT_HBN,PARENT,4.667,2.992,6.35,GATE3O_VALIDATED_HEAVY_COORDINATE,False,False
P:1235,N,PARENT_HBN,PARENT,4.667,2.992,6.495,GATE3O_VALIDATED_HEAVY_COORDINATE,False,False
P:1236,B,PARENT_HBN,PARENT,4.793,3.21,6.35,GATE3O_VALIDATED_HEAVY_COORDINATE,False,False
P:1237,N,PARENT_HBN,PARENT,4.793,3.21,6.495,GATE3O_VALIDATED_HEAVY_COORDINATE,False,False
P:1238,B,PARENT_HBN,PARENT,4.87,3.448,6.35,GATE3O_VALIDATED_HEAVY_COORDINATE,False,False
P:1239,N,PARENT_HBN,PARENT,4.87,3.448,6.495,GATE3O_VALIDATED_HEAVY_COORDINATE,False,False
P:124,B,PARENT_HBN,PARENT,4.667,4.402,2.435,GATE3O_VALIDATED_HEAVY_COORDINATE,False,False
P:1240,B,PARENT_HBN,PARENT,4.896,3.697,6.35,GATE3O_VALIDATED_HEAVY_COORDINATE,False,False
P:1241,N,PARENT_HBN,PARENT,4.896,3.697,6.495,GATE3O_VALIDATED_HEAVY_COORDINATE,False,False
P:1242,B,PARENT_HBN,PARENT,4.87,3.947,6.35,GATE3O_VALIDATED_HEAVY_COORDINATE,False,False
P:1243,N,PARENT_HBN,PARENT,4.87,3.947,6.495,GATE3O_VALIDATED_HEAVY_COORDINATE,False,False
P:1244,B,PARENT_HBN,PARENT,4.793,4.185,6.35,GATE3O_VALIDATED_HEAVY_COORDINATE,False,False
P:1245,N,PARENT_HBN,PARENT,4.793,4.185,6.495,GATE3O_VALIDATED_HEAVY_COORDINATE,False,False
P:1246,B,PARENT_HBN,PARENT,4.667,4.402,6.35,GATE3O_VALIDATED_HEAVY_COORDINATE,False,False
P:1247,N,PARENT_HBN,PARENT,4.667,4.402,6.495,GATE3O_VALIDATED_HEAVY_COORDINATE,False,False
P:1248,B,PARENT_HBN,PARENT,4.5,4.588,6.35,GATE3O_VALIDATED_HEAVY_COORDINATE,False,False
P:1249,N,PARENT_HBN,PARENT,4.5,4.588,6.495,GATE3O_VALIDATED_HEAVY_COORDINATE,False,False
P:125,N,PARENT_HBN,PARENT,4.667,4.402,2.58,GATE3O_VALIDATED_HEAVY_COORDINATE,False,False
P:1250,B,PARENT_HBN,PARENT,4.297,4.736,6.35,GATE3O_VALIDATED_HEAVY_COORDINATE,False,False
P:1251,N,PARENT_HBN,PARENT,4.297,4.736,6.495,GATE3O_VALIDATED_HEAVY_COORDINATE,False,False
P:1252,B,PARENT_HBN,PARENT,4.068,4.838,6.35,GATE3O_VALIDATED_HEAVY_COORDINATE,False,False
P:1253,N,PARENT_HBN,PARENT,4.068,4.838,6.495,GATE3O_VALIDATED_HEAVY_COORDINATE,False,False
P:1254,B,PARENT_HBN,PARENT,3.823,4.89,6.35,GATE3O_VALIDATED_HEAVY_COORDINATE,False,False
P:1255,N,PARENT_HBN,PARENT,3.823,4.89,6.495,GATE3O_VALIDATED_HEAVY_COORDINATE,False,False
P:1256,B,PARENT_HBN,PARENT,3.572,4.89,6.35,GATE3O_VALIDATED_HEAVY_COORDINATE,False,False
P:1257,N,PARENT_HBN,PARENT,3.572,4.89,6.495,GATE3O_VALIDATED_HEAVY_COORDINATE,False,False
P:1258,B,PARENT_HBN,PARENT,3.327,4.838,6.35,GATE3O_VALIDATED_HEAVY_COORDINATE,False,False
P:1259,N,PARENT_HBN,PARENT,3.327,4.838,6.495,GATE3O_VALIDATED_HEAVY_COORDINATE,False,False
P:126,B,PARENT_HBN,PARENT,4.5,4.588,2.435,GATE3O_VALIDATED_HEAVY_COORDINATE,False,False
P:1260,B,PARENT_HBN,PARENT,2.992,4.667,6.567,GATE3O_VALIDATED_HEAVY_COORDINATE,False,False
P:1261,N,PARENT_HBN,PARENT,2.992,4.667,6.713,GATE3O_VALIDATED_HEAVY_COORDINATE,False,False
P:1262,B,PARENT_HBN,PARENT,2.806,4.5,6.567,GATE3O_VALIDATED_HEAVY_COORDINATE,False,False
P:1263,N,PARENT_HBN,PARENT,2.806,4.5,6.713,GATE3O_VALIDATED_HEAVY_COORDINATE,False,False
P:1264,B,PARENT_HBN,PARENT,2.659,4.297,6.567,GATE3O_VALIDATED_HEAVY_COORDINATE,False,False
P:1265,N,PARENT_HBN,PARENT,2.659,4.297,6.713,GATE3O_VALIDATED_HEAVY_COORDINATE,False,False
P:1266,B,PARENT_HBN,PARENT,2.557,4.068,6.567,GATE3O_VALIDATED_HEAVY_COORDINATE,False,False
P:1267,N,PARENT_HBN,PARENT,2.557,4.068,6.713,GATE3O_VALIDATED_HEAVY_COORDINATE,False,False
P:1268,B,PARENT_HBN,PARENT,2.505,3.823,6.567,GATE3O_VALIDATED_HEAVY_COORDINATE,False,False
P:1269,N,PARENT_HBN,PARENT,2.505,3.823,6.713,GATE3O_VALIDATED_HEAVY_COORDINATE,False,False
P:127,N,PARENT_HBN,PARENT,4.5,4.588,2.58,GATE3O_VALIDATED_HEAVY_COORDINATE,False,False
P:1270,B,PARENT_HBN,PARENT,2.505,3.572,6.567,GATE3O_VALIDATED_HEAVY_COORDINATE,False,False
P:1271,N,PARENT_HBN,PARENT,2.505,3.572,6.713,GATE3O_VALIDATED_HEAVY_COORDINATE,False,False
P:1272,B,PARENT_HBN,PARENT,2.557,3.327,6.567,GATE3O_VALIDATED_HEAVY_COORDINATE,False,False
P:1273,N,PARENT_HBN,PARENT,2.557,3.327,6.713,GATE3O_VALIDATED_HEAVY_COORDINATE,False,False
P:1274,B,PARENT_HBN,PARENT,2.659,3.098,6.567,GATE3O_VALIDATED_HEAVY_COORDINATE,False,False
P:1275,N,PARENT_HBN,PARENT,2.659,3.098,6.713,GATE3O_VALIDATED_HEAVY_COORDINATE,False,False
P:1276,B,PARENT_HBN,PARENT,2.806,2.895,6.567,GATE3O_VALIDATED_HEAVY_COORDINATE,False,False
P:1277,N,PARENT_HBN,PARENT,2.806,2.895,6.713,GATE3O_VALIDATED_HEAVY_COORDINATE,False,False
P:1278,B,PARENT_HBN,PARENT,2.992,2.727,6.567,GATE3O_VALIDATED_HEAVY_COORDINATE,False,False
P:1279,N,PARENT_HBN,PARENT,2.992,2.727,6.713,GATE3O_VALIDATED_HEAVY_COORDINATE,False,False
P:128,B,PARENT_HBN,PARENT,4.297,4.736,2.435,GATE3O_VALIDATED_HEAVY_COORDINATE,False,False
P:1280,B,PARENT_HBN,PARENT,3.21,2.602,6.567,GATE3O_VALIDATED_HEAVY_COORDINATE,False,False
P:1281,N,PARENT_HBN,PARENT,3.21,2.602,6.713,GATE3O_VALIDATED_HEAVY_COORDINATE,False,False
P:1282,B,PARENT_HBN,PARENT,3.448,2.524,6.567,GATE3O_VALIDATED_HEAVY_COORDINATE,False,False
P:1283,N,PARENT_HBN,PARENT,3.448,2.524,6.713,GATE3O_VALIDATED_HEAVY_COORDINATE,False,False
P:1284,B,PARENT_HBN,PARENT,3.697,2.498,6.567,GATE3O_VALIDATED_HEAVY_COORDINATE,False,False
P:1285,N,PARENT_HBN,PARENT,3.697,2.498,6.713,GATE3O_VALIDATED_HEAVY_COORDINATE,False,False
P:1286,B,PARENT_HBN,PARENT,3.947,2.524,6.567,GATE3O_VALIDATED_HEAVY_COORDINATE,False,False
P:1287,N,PARENT_HBN,PARENT,3.947,2.524,6.713,GATE3O_VALIDATED_HEAVY_COORDINATE,False,False
P:1288,B,PARENT_HBN,PARENT,4.185,2.602,6.567,GATE3O_VALIDATED_HEAVY_COORDINATE,False,False
P:1289,N,PARENT_HBN,PARENT,4.185,2.602,6.713,GATE3O_VALIDATED_HEAVY_COORDINATE,False,False
P:129,N,PARENT_HBN,PARENT,4.297,4.736,2.58,GATE3O_VALIDATED_HEAVY_COORDINATE,False,False
P:1290,B,PARENT_HBN,PARENT,4.402,2.727,6.567,GATE3O_VALIDATED_HEAVY_COORDINATE,False,False
P:1291,N,PARENT_HBN,PARENT,4.402,2.727,6.713,GATE3O_VALIDATED_HEAVY_COORDINATE,False,False
P:1292,B,PARENT_HBN,PARENT,4.588,2.895,6.567,GATE3O_VALIDATED_HEAVY_COORDINATE,False,False
P:1293,N,PARENT_HBN,PARENT,4.588,2.895,6.713,GATE3O_VALIDATED_HEAVY_COORDINATE,False,False
P:1294,B,PARENT_HBN,PARENT,4.736,3.098,6.567,GATE3O_VALIDATED_HEAVY_COORDINATE,False,False
P:1295,N,PARENT_HBN,PARENT,4.736,3.098,6.713,GATE3O_VALIDATED_HEAVY_COORDINATE,False,False
P:1296,B,PARENT_HBN,PARENT,4.838,3.327,6.567,GATE3O_VALIDATED_HEAVY_COORDINATE,False,False
P:1297,N,PARENT_HBN,PARENT,4.838,3.327,6.713,GATE3O_VALIDATED_HEAVY_COORDINATE,False,False
P:1298,B,PARENT_HBN,PARENT,4.89,3.572,6.567,GATE3O_VALIDATED_HEAVY_COORDINATE,False,False
P:1299,N,PARENT_HBN,PARENT,4.89,3.572,6.713,GATE3O_VALIDATED_HEAVY_COORDINATE,False,False
P:13,N,PARENT_HBN,PARENT,4.068,4.838,2.145,GATE3O_VALIDATED_HEAVY_COORDINATE,False,False
P:130,B,PARENT_HBN,PARENT,4.068,4.838,2.435,GATE3O_VALIDATED_HEAVY_COORDINATE,False,False
P:1300,B,PARENT_HBN,PARENT,4.89,3.823,6.567,GATE3O_VALIDATED_HEAVY_COORDINATE,False,False
P:1301,N,PARENT_HBN,PARENT,4.89,3.823,6.713,GATE3O_VALIDATED_HEAVY_COORDINATE,False,False
P:1302,B,PARENT_HBN,PARENT,4.838,4.068,6.567,GATE3O_VALIDATED_HEAVY_COORDINATE,False,False
P:1303,N,PARENT_HBN,PARENT,4.838,4.068,6.713,GATE3O_VALIDATED_HEAVY_COORDINATE,False,False
P:1304,B,PARENT_HBN,PARENT,4.736,4.297,6.567,GATE3O_VALIDATED_HEAVY_COORDINATE,False,False
P:1305,N,PARENT_HBN,PARENT,4.736,4.297,6.713,GATE3O_VALIDATED_HEAVY_COORDINATE,False,False
P:1306,B,PARENT_HBN,PARENT,4.588,4.5,6.567,GATE3O_VALIDATED_HEAVY_COORDINATE,False,False
P:1307,N,PARENT_HBN,PARENT,4.588,4.5,6.713,GATE3O_VALIDATED_HEAVY_COORDINATE,False,False
P:1308,B,PARENT_HBN,PARENT,4.402,4.667,6.567,GATE3O_VALIDATED_HEAVY_COORDINATE,False,False
P:1309,N,PARENT_HBN,PARENT,4.402,4.667,6.713,GATE3O_VALIDATED_HEAVY_COORDINATE,False,False
P:131,N,PARENT_HBN,PARENT,4.068,4.838,2.58,GATE3O_VALIDATED_HEAVY_COORDINATE,False,False
P:1310,B,PARENT_HBN,PARENT,4.185,4.793,6.567,GATE3O_VALIDATED_HEAVY_COORDINATE,False,False
P:1311,N,PARENT_HBN,PARENT,4.185,4.793,6.713,GATE3O_VALIDATED_HEAVY_COORDINATE,False,False
P:1312,B,PARENT_HBN,PARENT,3.947,4.87,6.567,GATE3O_VALIDATED_HEAVY_COORDINATE,False,False
P:1313,N,PARENT_HBN,PARENT,3.947,4.87,6.713,GATE3O_VALIDATED_HEAVY_COORDINATE,False,False
P:1314,B,PARENT_HBN,PARENT,3.697,4.896,6.567,GATE3O_VALIDATED_HEAVY_COORDINATE,False,False
P:1315,N,PARENT_HBN,PARENT,3.697,4.896,6.713,GATE3O_VALIDATED_HEAVY_COORDINATE,False,False
P:1316,B,PARENT_HBN,PARENT,3.448,4.87,6.567,GATE3O_VALIDATED_HEAVY_COORDINATE,False,False
P:1317,N,PARENT_HBN,PARENT,3.448,4.87,6.713,GATE3O_VALIDATED_HEAVY_COORDINATE,False,False
P:1318,B,PARENT_HBN,PARENT,3.21,4.793,6.567,GATE3O_VALIDATED_HEAVY_COORDINATE,False,False
P:1319,N,PARENT_HBN,PARENT,3.21,4.793,6.713,GATE3O_VALIDATED_HEAVY_COORDINATE,False,False
P:132,B,PARENT_HBN,PARENT,3.823,4.89,2.435,GATE3O_VALIDATED_HEAVY_COORDINATE,False,False
P:1320,B,PARENT_HBN,PARENT,2.895,4.588,6.785,GATE3O_VALIDATED_HEAVY_COORDINATE,False,False
P:1321,N,PARENT_HBN,PARENT,2.895,4.588,6.93,GATE3O_VALIDATED_HEAVY_COORDINATE,False,False
P:1322,B,PARENT_HBN,PARENT,2.727,4.402,6.785,GATE3O_VALIDATED_HEAVY_COORDINATE,False,False
P:1323,N,PARENT_HBN,PARENT,2.727,4.402,6.93,GATE3O_VALIDATED_HEAVY_COORDINATE,False,False
P:1324,B,PARENT_HBN,PARENT,2.602,4.185,6.785,GATE3O_VALIDATED_HEAVY_COORDINATE,False,False
P:1325,N,PARENT_HBN,PARENT,2.602,4.185,6.93,GATE3O_VALIDATED_HEAVY_COORDINATE,False,False
P:1326,B,PARENT_HBN,PARENT,2.524,3.947,6.785,GATE3O_VALIDATED_HEAVY_COORDINATE,False,False
P:1327,N,PARENT_HBN,PARENT,2.524,3.947,6.93,GATE3O_VALIDATED_HEAVY_COORDINATE,False,False
P:1328,B,PARENT_HBN,PARENT,2.498,3.697,6.785,GATE3O_VALIDATED_HEAVY_COORDINATE,False,False
P:1329,N,PARENT_HBN,PARENT,2.498,3.697,6.93,GATE3O_VALIDATED_HEAVY_COORDINATE,False,False
P:133,N,PARENT_HBN,PARENT,3.823,4.89,2.58,GATE3O_VALIDATED_HEAVY_COORDINATE,False,False
P:1330,B,PARENT_HBN,PARENT,2.524,3.448,6.785,GATE3O_VALIDATED_HEAVY_COORDINATE,False,False
P:1331,N,PARENT_HBN,PARENT,2.524,3.448,6.93,GATE3O_VALIDATED_HEAVY_COORDINATE,False,False
P:1332,B,PARENT_HBN,PARENT,2.602,3.21,6.785,GATE3O_VALIDATED_HEAVY_COORDINATE,False,False
P:1333,N,PARENT_HBN,PARENT,2.602,3.21,6.93,GATE3O_VALIDATED_HEAVY_COORDINATE,False,False
P:1334,B,PARENT_HBN,PARENT,2.727,2.992,6.785,GATE3O_VALIDATED_HEAVY_COORDINATE,False,False
P:1335,N,PARENT_HBN,PARENT,2.727,2.992,6.93,GATE3O_VALIDATED_HEAVY_COORDINATE,False,False
P:1336,B,PARENT_HBN,PARENT,2.895,2.806,6.785,GATE3O_VALIDATED_HEAVY_COORDINATE,False,False
P:1337,N,PARENT_HBN,PARENT,2.895,2.806,6.93,GATE3O_VALIDATED_HEAVY_COORDINATE,False,False
P:1338,B,PARENT_HBN,PARENT,3.098,2.659,6.785,GATE3O_VALIDATED_HEAVY_COORDINATE,False,False
P:1339,N,PARENT_HBN,PARENT,3.098,2.659,6.93,GATE3O_VALIDATED_HEAVY_COORDINATE,False,False
P:134,B,PARENT_HBN,PARENT,3.572,4.89,2.435,GATE3O_VALIDATED_HEAVY_COORDINATE,False,False
P:1340,B,PARENT_HBN,PARENT,3.327,2.557,6.785,GATE3O_VALIDATED_HEAVY_COORDINATE,False,False
P:1341,N,PARENT_HBN,PARENT,3.327,2.557,6.93,GATE3O_VALIDATED_HEAVY_COORDINATE,False,False
P:1342,B,PARENT_HBN,PARENT,3.572,2.505,6.785,GATE3O_VALIDATED_HEAVY_COORDINATE,False,False
P:1343,N,PARENT_HBN,PARENT,3.572,2.505,6.93,GATE3O_VALIDATED_HEAVY_COORDINATE,False,False
P:1344,B,PARENT_HBN,PARENT,3.823,2.505,6.785,GATE3O_VALIDATED_HEAVY_COORDINATE,False,False
P:1345,N,PARENT_HBN,PARENT,3.823,2.505,6.93,GATE3O_VALIDATED_HEAVY_COORDINATE,False,False
P:1346,B,PARENT_HBN,PARENT,4.068,2.557,6.785,GATE3O_VALIDATED_HEAVY_COORDINATE,False,False
P:1347,N,PARENT_HBN,PARENT,4.068,2.557,6.93,GATE3O_VALIDATED_HEAVY_COORDINATE,False,False
P:1348,B,PARENT_HBN,PARENT,4.297,2.659,6.785,GATE3O_VALIDATED_HEAVY_COORDINATE,False,False
P:1349,N,PARENT_HBN,PARENT,4.297,2.659,6.93,GATE3O_VALIDATED_HEAVY_COORDINATE,False,False
P:135,N,PARENT_HBN,PARENT,3.572,4.89,2.58,GATE3O_VALIDATED_HEAVY_COORDINATE,False,False
P:1350,B,PARENT_HBN,PARENT,4.5,2.806,6.785,GATE3O_VALIDATED_HEAVY_COORDINATE,False,False
P:1351,N,PARENT_HBN,PARENT,4.5,2.806,6.93,GATE3O_VALIDATED_HEAVY_COORDINATE,False,False
P:1352,B,PARENT_HBN,PARENT,4.667,2.992,6.785,GATE3O_VALIDATED_HEAVY_COORDINATE,False,False
P:1353,N,PARENT_HBN,PARENT,4.667,2.992,6.93,GATE3O_VALIDATED_HEAVY_COORDINATE,False,False
P:1354,B,PARENT_HBN,PARENT,4.793,3.21,6.785,GATE3O_VALIDATED_HEAVY_COORDINATE,False,False
P:1355,N,PARENT_HBN,PARENT,4.793,3.21,6.93,GATE3O_VALIDATED_HEAVY_COORDINATE,False,False
P:1356,B,PARENT_HBN,PARENT,4.87,3.448,6.785,GATE3O_VALIDATED_HEAVY_COORDINATE,False,False
P:1357,N,PARENT_HBN,PARENT,4.87,3.448,6.93,GATE3O_VALIDATED_HEAVY_COORDINATE,False,False
P:1358,B,PARENT_HBN,PARENT,4.896,3.697,6.785,GATE3O_VALIDATED_HEAVY_COORDINATE,False,False
P:1359,N,PARENT_HBN,PARENT,4.896,3.697,6.93,GATE3O_VALIDATED_HEAVY_COORDINATE,False,False
P:136,B,PARENT_HBN,PARENT,3.327,4.838,2.435,GATE3O_VALIDATED_HEAVY_COORDINATE,False,False
P:1360,B,PARENT_HBN,PARENT,4.87,3.947,6.785,GATE3O_VALIDATED_HEAVY_COORDINATE,False,False
P:1361,N,PARENT_HBN,PARENT,4.87,3.947,6.93,GATE3O_VALIDATED_HEAVY_COORDINATE,False,False
P:1362,B,PARENT_HBN,PARENT,4.793,4.185,6.785,GATE3O_VALIDATED_HEAVY_COORDINATE,False,False
P:1363,N,PARENT_HBN,PARENT,4.793,4.185,6.93,GATE3O_VALIDATED_HEAVY_COORDINATE,False,False
P:1364,B,PARENT_HBN,PARENT,4.667,4.402,6.785,GATE3O_VALIDATED_HEAVY_COORDINATE,False,False
P:1365,N,PARENT_HBN,PARENT,4.667,4.402,6.93,GATE3O_VALIDATED_HEAVY_COORDINATE,False,False
P:1366,B,PARENT_HBN,PARENT,4.5,4.588,6.785,GATE3O_VALIDATED_HEAVY_COORDINATE,False,False
P:1367,N,PARENT_HBN,PARENT,4.5,4.588,6.93,GATE3O_VALIDATED_HEAVY_COORDINATE,False,False
P:1368,B,PARENT_HBN,PARENT,4.297,4.736,6.785,GATE3O_VALIDATED_HEAVY_COORDINATE,False,False
P:1369,N,PARENT_HBN,PARENT,4.297,4.736,6.93,GATE3O_VALIDATED_HEAVY_COORDINATE,False,False
P:137,N,PARENT_HBN,PARENT,3.327,4.838,2.58,GATE3O_VALIDATED_HEAVY_COORDINATE,False,False
P:1370,B,PARENT_HBN,PARENT,4.068,4.838,6.785,GATE3O_VALIDATED_HEAVY_COORDINATE,False,False
P:1371,N,PARENT_HBN,PARENT,4.068,4.838,6.93,GATE3O_VALIDATED_HEAVY_COORDINATE,False,False
P:1372,B,PARENT_HBN,PARENT,3.823,4.89,6.785,GATE3O_VALIDATED_HEAVY_COORDINATE,False,False
P:1373,N,PARENT_HBN,PARENT,3.823,4.89,6.93,GATE3O_VALIDATED_HEAVY_COORDINATE,False,False
P:1374,B,PARENT_HBN,PARENT,3.572,4.89,6.785,GATE3O_VALIDATED_HEAVY_COORDINATE,False,False
P:1375,N,PARENT_HBN,PARENT,3.572,4.89,6.93,GATE3O_VALIDATED_HEAVY_COORDINATE,False,False
P:1376,B,PARENT_HBN,PARENT,3.327,4.838,6.785,GATE3O_VALIDATED_HEAVY_COORDINATE,False,False
P:1377,N,PARENT_HBN,PARENT,3.327,4.838,6.93,GATE3O_VALIDATED_HEAVY_COORDINATE,False,False
P:1378,B,PARENT_HBN,PARENT,3.098,4.736,6.785,GATE3O_VALIDATED_HEAVY_COORDINATE,False,False
P:1379,N,PARENT_HBN,PARENT,3.098,4.736,6.93,GATE3O_VALIDATED_HEAVY_COORDINATE,False,False
P:138,B,PARENT_HBN,PARENT,3.098,4.736,2.435,GATE3O_VALIDATED_HEAVY_COORDINATE,False,False
P:1380,B,PARENT_HBN,PARENT,2.806,4.5,7.002,GATE3O_VALIDATED_HEAVY_COORDINATE,False,False
P:1381,N,PARENT_HBN,PARENT,2.806,4.5,7.147,GATE3O_VALIDATED_HEAVY_COORDINATE,False,False
P:1382,B,PARENT_HBN,PARENT,2.659,4.297,7.002,GATE3O_VALIDATED_HEAVY_COORDINATE,False,False
P:1383,N,PARENT_HBN,PARENT,2.659,4.297,7.147,GATE3O_VALIDATED_HEAVY_COORDINATE,False,False
P:1384,B,PARENT_HBN,PARENT,2.557,4.068,7.002,GATE3O_VALIDATED_HEAVY_COORDINATE,False,False
P:1385,N,PARENT_HBN,PARENT,2.557,4.068,7.147,GATE3O_VALIDATED_HEAVY_COORDINATE,False,False
P:1386,B,PARENT_HBN,PARENT,2.505,3.823,7.002,GATE3O_VALIDATED_HEAVY_COORDINATE,False,False
P:1387,N,PARENT_HBN,PARENT,2.505,3.823,7.147,GATE3O_VALIDATED_HEAVY_COORDINATE,False,False
P:1388,B,PARENT_HBN,PARENT,2.505,3.572,7.002,GATE3O_VALIDATED_HEAVY_COORDINATE,False,False
P:1389,N,PARENT_HBN,PARENT,2.505,3.572,7.147,GATE3O_VALIDATED_HEAVY_COORDINATE,False,False
P:139,N,PARENT_HBN,PARENT,3.098,4.736,2.58,GATE3O_VALIDATED_HEAVY_COORDINATE,False,False
P:1390,B,PARENT_HBN,PARENT,2.557,3.327,7.002,GATE3O_VALIDATED_HEAVY_COORDINATE,False,False
P:1391,N,PARENT_HBN,PARENT,2.557,3.327,7.147,GATE3O_VALIDATED_HEAVY_COORDINATE,False,False
P:1392,B,PARENT_HBN,PARENT,2.659,3.098,7.002,GATE3O_VALIDATED_HEAVY_COORDINATE,False,False
P:1393,N,PARENT_HBN,PARENT,2.659,3.098,7.147,GATE3O_VALIDATED_HEAVY_COORDINATE,False,False
P:1394,B,PARENT_HBN,PARENT,2.806,2.895,7.002,GATE3O_VALIDATED_HEAVY_COORDINATE,False,False
P:1395,N,PARENT_HBN,PARENT,2.806,2.895,7.147,GATE3O_VALIDATED_HEAVY_COORDINATE,False,False
P:1396,B,PARENT_HBN,PARENT,2.992,2.727,7.002,GATE3O_VALIDATED_HEAVY_COORDINATE,False,False
P:1397,N,PARENT_HBN,PARENT,2.992,2.727,7.147,GATE3O_VALIDATED_HEAVY_COORDINATE,False,False
P:1398,B,PARENT_HBN,PARENT,3.21,2.602,7.002,GATE3O_VALIDATED_HEAVY_COORDINATE,False,False
P:1399,N,PARENT_HBN,PARENT,3.21,2.602,7.147,GATE3O_VALIDATED_HEAVY_COORDINATE,False,False
P:14,B,PARENT_HBN,PARENT,3.823,4.89,2.0,GATE3O_VALIDATED_HEAVY_COORDINATE,False,False
P:140,B,PARENT_HBN,PARENT,2.895,4.588,2.435,GATE3O_VALIDATED_HEAVY_COORDINATE,False,False
P:1400,B,PARENT_HBN,PARENT,3.448,2.524,7.002,GATE3O_VALIDATED_HEAVY_COORDINATE,False,False
P:1401,N,PARENT_HBN,PARENT,3.448,2.524,7.147,GATE3O_VALIDATED_HEAVY_COORDINATE,False,False
P:1402,B,PARENT_HBN,PARENT,3.697,2.498,7.002,GATE3O_VALIDATED_HEAVY_COORDINATE,False,False
P:1403,N,PARENT_HBN,PARENT,3.697,2.498,7.147,GATE3O_VALIDATED_HEAVY_COORDINATE,False,False
P:1404,B,PARENT_HBN,PARENT,3.947,2.524,7.002,GATE3O_VALIDATED_HEAVY_COORDINATE,False,False
P:1405,N,PARENT_HBN,PARENT,3.947,2.524,7.147,GATE3O_VALIDATED_HEAVY_COORDINATE,False,False
P:1406,B,PARENT_HBN,PARENT,4.185,2.602,7.002,GATE3O_VALIDATED_HEAVY_COORDINATE,False,False
P:1407,N,PARENT_HBN,PARENT,4.185,2.602,7.147,GATE3O_VALIDATED_HEAVY_COORDINATE,False,False
P:1408,B,PARENT_HBN,PARENT,4.402,2.727,7.002,GATE3O_VALIDATED_HEAVY_COORDINATE,False,False
P:1409,N,PARENT_HBN,PARENT,4.402,2.727,7.147,GATE3O_VALIDATED_HEAVY_COORDINATE,False,False
P:141,N,PARENT_HBN,PARENT,2.895,4.588,2.58,GATE3O_VALIDATED_HEAVY_COORDINATE,False,False
P:1410,B,PARENT_HBN,PARENT,4.588,2.895,7.002,GATE3O_VALIDATED_HEAVY_COORDINATE,False,False
P:1411,N,PARENT_HBN,PARENT,4.588,2.895,7.147,GATE3O_VALIDATED_HEAVY_COORDINATE,False,False
P:1412,B,PARENT_HBN,PARENT,4.736,3.098,7.002,GATE3O_VALIDATED_HEAVY_COORDINATE,False,False
P:1413,N,PARENT_HBN,PARENT,4.736,3.098,7.147,GATE3O_VALIDATED_HEAVY_COORDINATE,False,False
P:1414,B,PARENT_HBN,PARENT,4.838,3.327,7.002,GATE3O_VALIDATED_HEAVY_COORDINATE,False,False
P:1415,N,PARENT_HBN,PARENT,4.838,3.327,7.147,GATE3O_VALIDATED_HEAVY_COORDINATE,False,False
P:1416,B,PARENT_HBN,PARENT,4.89,3.572,7.002,GATE3O_VALIDATED_HEAVY_COORDINATE,False,False
P:1417,N,PARENT_HBN,PARENT,4.89,3.572,7.147,GATE3O_VALIDATED_HEAVY_COORDINATE,False,False
P:1418,B,PARENT_HBN,PARENT,4.89,3.823,7.002,GATE3O_VALIDATED_HEAVY_COORDINATE,False,False
P:1419,N,PARENT_HBN,PARENT,4.89,3.823,7.147,GATE3O_VALIDATED_HEAVY_COORDINATE,False,False
P:142,B,PARENT_HBN,PARENT,2.727,4.402,2.435,GATE3O_VALIDATED_HEAVY_COORDINATE,False,False
P:1420,B,PARENT_HBN,PARENT,4.838,4.068,7.002,GATE3O_VALIDATED_HEAVY_COORDINATE,False,False
P:1421,N,PARENT_HBN,PARENT,4.838,4.068,7.147,GATE3O_VALIDATED_HEAVY_COORDINATE,False,False
P:1422,B,PARENT_HBN,PARENT,4.736,4.297,7.002,GATE3O_VALIDATED_HEAVY_COORDINATE,False,False
P:1423,N,PARENT_HBN,PARENT,4.736,4.297,7.147,GATE3O_VALIDATED_HEAVY_COORDINATE,False,False
P:1424,B,PARENT_HBN,PARENT,4.588,4.5,7.002,GATE3O_VALIDATED_HEAVY_COORDINATE,False,False
P:1425,N,PARENT_HBN,PARENT,4.588,4.5,7.147,GATE3O_VALIDATED_HEAVY_COORDINATE,False,False
P:1426,B,PARENT_HBN,PARENT,4.402,4.667,7.002,GATE3O_VALIDATED_HEAVY_COORDINATE,False,False
P:1427,N,PARENT_HBN,PARENT,4.402,4.667,7.147,GATE3O_VALIDATED_HEAVY_COORDINATE,False,False
P:1428,B,PARENT_HBN,PARENT,4.185,4.793,7.002,GATE3O_VALIDATED_HEAVY_COORDINATE,False,False
P:1429,N,PARENT_HBN,PARENT,4.185,4.793,7.147,GATE3O_VALIDATED_HEAVY_COORDINATE,False,False
P:143,N,PARENT_HBN,PARENT,2.727,4.402,2.58,GATE3O_VALIDATED_HEAVY_COORDINATE,False,False
P:1430,B,PARENT_HBN,PARENT,3.947,4.87,7.002,GATE3O_VALIDATED_HEAVY_COORDINATE,False,False
P:1431,N,PARENT_HBN,PARENT,3.947,4.87,7.147,GATE3O_VALIDATED_HEAVY_COORDINATE,False,False
P:1432,B,PARENT_HBN,PARENT,3.697,4.896,7.002,GATE3O_VALIDATED_HEAVY_COORDINATE,False,False
P:1433,N,PARENT_HBN,PARENT,3.697,4.896,7.147,GATE3O_VALIDATED_HEAVY_COORDINATE,False,False
P:1434,B,PARENT_HBN,PARENT,3.448,4.87,7.002,GATE3O_VALIDATED_HEAVY_COORDINATE,False,False
P:1435,N,PARENT_HBN,PARENT,3.448,4.87,7.147,GATE3O_VALIDATED_HEAVY_COORDINATE,False,False
P:1436,B,PARENT_HBN,PARENT,3.21,4.793,7.002,GATE3O_VALIDATED_HEAVY_COORDINATE,False,False
P:1437,N,PARENT_HBN,PARENT,3.21,4.793,7.147,GATE3O_VALIDATED_HEAVY_COORDINATE,False,False
P:1438,B,PARENT_HBN,PARENT,2.992,4.667,7.002,GATE3O_VALIDATED_HEAVY_COORDINATE,False,False
P:1439,N,PARENT_HBN,PARENT,2.992,4.667,7.147,GATE3O_VALIDATED_HEAVY_COORDINATE,False,False
P:144,B,PARENT_HBN,PARENT,2.602,4.185,2.435,GATE3O_VALIDATED_HEAVY_COORDINATE,False,False
P:1440,B,PARENT_HBN,PARENT,2.727,4.402,7.22,GATE3O_VALIDATED_HEAVY_COORDINATE,False,False
P:1441,N,PARENT_HBN,PARENT,2.727,4.402,7.365,GATE3O_VALIDATED_HEAVY_COORDINATE,False,False
P:1442,B,PARENT_HBN,PARENT,2.602,4.185,7.22,GATE3O_VALIDATED_HEAVY_COORDINATE,False,False
P:1443,N,PARENT_HBN,PARENT,2.602,4.185,7.365,GATE3O_VALIDATED_HEAVY_COORDINATE,False,False
P:1444,B,PARENT_HBN,PARENT,2.524,3.947,7.22,GATE3O_VALIDATED_HEAVY_COORDINATE,False,False
P:1445,N,PARENT_HBN,PARENT,2.524,3.947,7.365,GATE3O_VALIDATED_HEAVY_COORDINATE,False,False
P:1446,B,PARENT_HBN,PARENT,2.498,3.697,7.22,GATE3O_VALIDATED_HEAVY_COORDINATE,False,False
P:1447,N,PARENT_HBN,PARENT,2.498,3.697,7.365,GATE3O_VALIDATED_HEAVY_COORDINATE,False,False
P:1448,B,PARENT_HBN,PARENT,2.524,3.448,7.22,GATE3O_VALIDATED_HEAVY_COORDINATE,False,False
P:1449,N,PARENT_HBN,PARENT,2.524,3.448,7.365,GATE3O_VALIDATED_HEAVY_COORDINATE,False,False
P:145,N,PARENT_HBN,PARENT,2.602,4.185,2.58,GATE3O_VALIDATED_HEAVY_COORDINATE,False,False
P:1450,B,PARENT_HBN,PARENT,2.602,3.21,7.22,GATE3O_VALIDATED_HEAVY_COORDINATE,False,False
P:1451,N,PARENT_HBN,PARENT,2.602,3.21,7.365,GATE3O_VALIDATED_HEAVY_COORDINATE,False,False
P:1452,B,PARENT_HBN,PARENT,2.727,2.992,7.22,GATE3O_VALIDATED_HEAVY_COORDINATE,False,False
P:1453,N,PARENT_HBN,PARENT,2.727,2.992,7.365,GATE3O_VALIDATED_HEAVY_COORDINATE,False,False
P:1454,B,PARENT_HBN,PARENT,2.895,2.806,7.22,GATE3O_VALIDATED_HEAVY_COORDINATE,False,False
P:1455,N,PARENT_HBN,PARENT,2.895,2.806,7.365,GATE3O_VALIDATED_HEAVY_COORDINATE,False,False
P:1456,B,PARENT_HBN,PARENT,3.098,2.659,7.22,GATE3O_VALIDATED_HEAVY_COORDINATE,False,False
P:1457,N,PARENT_HBN,PARENT,3.098,2.659,7.365,GATE3O_VALIDATED_HEAVY_COORDINATE,False,False
P:1458,B,PARENT_HBN,PARENT,3.327,2.557,7.22,GATE3O_VALIDATED_HEAVY_COORDINATE,False,False
P:1459,N,PARENT_HBN,PARENT,3.327,2.557,7.365,GATE3O_VALIDATED_HEAVY_COORDINATE,False,False
P:146,B,PARENT_HBN,PARENT,2.524,3.947,2.435,GATE3O_VALIDATED_HEAVY_COORDINATE,False,False
P:1460,B,PARENT_HBN,PARENT,3.572,2.505,7.22,GATE3O_VALIDATED_HEAVY_COORDINATE,False,False
P:1461,N,PARENT_HBN,PARENT,3.572,2.505,7.365,GATE3O_VALIDATED_HEAVY_COORDINATE,False,False
P:1462,B,PARENT_HBN,PARENT,3.823,2.505,7.22,GATE3O_VALIDATED_HEAVY_COORDINATE,False,False
P:1463,N,PARENT_HBN,PARENT,3.823,2.505,7.365,GATE3O_VALIDATED_HEAVY_COORDINATE,False,False
P:1464,B,PARENT_HBN,PARENT,4.068,2.557,7.22,GATE3O_VALIDATED_HEAVY_COORDINATE,False,False
P:1465,N,PARENT_HBN,PARENT,4.068,2.557,7.365,GATE3O_VALIDATED_HEAVY_COORDINATE,False,False
P:1466,B,PARENT_HBN,PARENT,4.297,2.659,7.22,GATE3O_VALIDATED_HEAVY_COORDINATE,False,False
P:1467,N,PARENT_HBN,PARENT,4.297,2.659,7.365,GATE3O_VALIDATED_HEAVY_COORDINATE,False,False
P:1468,B,PARENT_HBN,PARENT,4.5,2.806,7.22,GATE3O_VALIDATED_HEAVY_COORDINATE,False,False
P:1469,N,PARENT_HBN,PARENT,4.5,2.806,7.365,GATE3O_VALIDATED_HEAVY_COORDINATE,False,False
P:147,N,PARENT_HBN,PARENT,2.524,3.947,2.58,GATE3O_VALIDATED_HEAVY_COORDINATE,False,False
P:1470,B,PARENT_HBN,PARENT,4.667,2.992,7.22,GATE3O_VALIDATED_HEAVY_COORDINATE,False,False
P:1471,N,PARENT_HBN,PARENT,4.667,2.992,7.365,GATE3O_VALIDATED_HEAVY_COORDINATE,False,False
P:1472,B,PARENT_HBN,PARENT,4.793,3.21,7.22,GATE3O_VALIDATED_HEAVY_COORDINATE,False,False
P:1473,N,PARENT_HBN,PARENT,4.793,3.21,7.365,GATE3O_VALIDATED_HEAVY_COORDINATE,False,False
P:1474,B,PARENT_HBN,PARENT,4.87,3.448,7.22,GATE3O_VALIDATED_HEAVY_COORDINATE,False,False
P:1475,N,PARENT_HBN,PARENT,4.87,3.448,7.365,GATE3O_VALIDATED_HEAVY_COORDINATE,False,False
P:1476,B,PARENT_HBN,PARENT,4.896,3.697,7.22,GATE3O_VALIDATED_HEAVY_COORDINATE,False,False
P:1477,N,PARENT_HBN,PARENT,4.896,3.697,7.365,GATE3O_VALIDATED_HEAVY_COORDINATE,False,False
P:1478,B,PARENT_HBN,PARENT,4.87,3.947,7.22,GATE3O_VALIDATED_HEAVY_COORDINATE,False,False
P:1479,N,PARENT_HBN,PARENT,4.87,3.947,7.365,GATE3O_VALIDATED_HEAVY_COORDINATE,False,False
P:148,B,PARENT_HBN,PARENT,2.498,3.697,2.435,GATE3O_VALIDATED_HEAVY_COORDINATE,False,False
P:1480,B,PARENT_HBN,PARENT,4.793,4.185,7.22,GATE3O_VALIDATED_HEAVY_COORDINATE,False,False
P:1481,N,PARENT_HBN,PARENT,4.793,4.185,7.365,GATE3O_VALIDATED_HEAVY_COORDINATE,False,False
P:1482,B,PARENT_HBN,PARENT,4.667,4.402,7.22,GATE3O_VALIDATED_HEAVY_COORDINATE,False,False
P:1483,N,PARENT_HBN,PARENT,4.667,4.402,7.365,GATE3O_VALIDATED_HEAVY_COORDINATE,False,False
P:1484,B,PARENT_HBN,PARENT,4.5,4.588,7.22,GATE3O_VALIDATED_HEAVY_COORDINATE,False,False
P:1485,N,PARENT_HBN,PARENT,4.5,4.588,7.365,GATE3O_VALIDATED_HEAVY_COORDINATE,False,False
P:1486,B,PARENT_HBN,PARENT,4.297,4.736,7.22,GATE3O_VALIDATED_HEAVY_COORDINATE,False,False
P:1487,N,PARENT_HBN,PARENT,4.297,4.736,7.365,GATE3O_VALIDATED_HEAVY_COORDINATE,False,False
P:1488,B,PARENT_HBN,PARENT,4.068,4.838,7.22,GATE3O_VALIDATED_HEAVY_COORDINATE,False,False
P:1489,N,PARENT_HBN,PARENT,4.068,4.838,7.365,GATE3O_VALIDATED_HEAVY_COORDINATE,False,False
P:149,N,PARENT_HBN,PARENT,2.498,3.697,2.58,GATE3O_VALIDATED_HEAVY_COORDINATE,False,False
P:1490,B,PARENT_HBN,PARENT,3.823,4.89,7.22,GATE3O_VALIDATED_HEAVY_COORDINATE,False,False
P:1491,N,PARENT_HBN,PARENT,3.823,4.89,7.365,GATE3O_VALIDATED_HEAVY_COORDINATE,False,False
P:1492,B,PARENT_HBN,PARENT,3.572,4.89,7.22,GATE3O_VALIDATED_HEAVY_COORDINATE,False,False
P:1493,N,PARENT_HBN,PARENT,3.572,4.89,7.365,GATE3O_VALIDATED_HEAVY_COORDINATE,False,False
P:1494,B,PARENT_HBN,PARENT,3.327,4.838,7.22,GATE3O_VALIDATED_HEAVY_COORDINATE,False,False
P:1495,N,PARENT_HBN,PARENT,3.327,4.838,7.365,GATE3O_VALIDATED_HEAVY_COORDINATE,False,False
P:1496,B,PARENT_HBN,PARENT,3.098,4.736,7.22,GATE3O_VALIDATED_HEAVY_COORDINATE,False,False
P:1497,N,PARENT_HBN,PARENT,3.098,4.736,7.365,GATE3O_VALIDATED_HEAVY_COORDINATE,False,False
P:1498,B,PARENT_HBN,PARENT,2.895,4.588,7.22,GATE3O_VALIDATED_HEAVY_COORDINATE,False,False
P:1499,N,PARENT_HBN,PARENT,2.895,4.588,7.365,GATE3O_VALIDATED_HEAVY_COORDINATE,False,False
P:15,N,PARENT_HBN,PARENT,3.823,4.89,2.145,GATE3O_VALIDATED_HEAVY_COORDINATE,False,False
P:150,B,PARENT_HBN,PARENT,2.524,3.448,2.435,GATE3O_VALIDATED_HEAVY_COORDINATE,False,False
P:1500,B,PARENT_HBN,PARENT,2.659,4.297,7.438,GATE3O_VALIDATED_HEAVY_COORDINATE,False,False
P:1501,N,PARENT_HBN,PARENT,2.659,4.297,7.583,GATE3O_VALIDATED_HEAVY_COORDINATE,False,False
P:1502,B,PARENT_HBN,PARENT,2.557,4.068,7.438,GATE3O_VALIDATED_HEAVY_COORDINATE,False,False
P:1503,N,PARENT_HBN,PARENT,2.557,4.068,7.583,GATE3O_VALIDATED_HEAVY_COORDINATE,False,False
P:1504,B,PARENT_HBN,PARENT,2.505,3.823,7.438,GATE3O_VALIDATED_HEAVY_COORDINATE,False,False
P:1505,N,PARENT_HBN,PARENT,2.505,3.823,7.583,GATE3O_VALIDATED_HEAVY_COORDINATE,False,False
P:1506,B,PARENT_HBN,PARENT,2.505,3.572,7.438,GATE3O_VALIDATED_HEAVY_COORDINATE,False,False
P:1507,N,PARENT_HBN,PARENT,2.505,3.572,7.583,GATE3O_VALIDATED_HEAVY_COORDINATE,False,False
P:1508,B,PARENT_HBN,PARENT,2.557,3.327,7.438,GATE3O_VALIDATED_HEAVY_COORDINATE,False,False
P:1509,N,PARENT_HBN,PARENT,2.557,3.327,7.583,GATE3O_VALIDATED_HEAVY_COORDINATE,False,False
P:151,N,PARENT_HBN,PARENT,2.524,3.448,2.58,GATE3O_VALIDATED_HEAVY_COORDINATE,False,False
P:1510,B,PARENT_HBN,PARENT,2.659,3.098,7.438,GATE3O_VALIDATED_HEAVY_COORDINATE,False,False
P:1511,N,PARENT_HBN,PARENT,2.659,3.098,7.583,GATE3O_VALIDATED_HEAVY_COORDINATE,False,False
P:1512,B,PARENT_HBN,PARENT,2.806,2.895,7.438,GATE3O_VALIDATED_HEAVY_COORDINATE,False,False
P:1513,N,PARENT_HBN,PARENT,2.806,2.895,7.583,GATE3O_VALIDATED_HEAVY_COORDINATE,False,False
P:1514,B,PARENT_HBN,PARENT,2.992,2.727,7.438,GATE3O_VALIDATED_HEAVY_COORDINATE,False,False
P:1515,N,PARENT_HBN,PARENT,2.992,2.727,7.583,GATE3O_VALIDATED_HEAVY_COORDINATE,False,False
P:1516,B,PARENT_HBN,PARENT,3.21,2.602,7.438,GATE3O_VALIDATED_HEAVY_COORDINATE,False,False
P:1517,N,PARENT_HBN,PARENT,3.21,2.602,7.583,GATE3O_VALIDATED_HEAVY_COORDINATE,False,False
P:1518,B,PARENT_HBN,PARENT,3.448,2.524,7.438,GATE3O_VALIDATED_HEAVY_COORDINATE,False,False
P:1519,N,PARENT_HBN,PARENT,3.448,2.524,7.583,GATE3O_VALIDATED_HEAVY_COORDINATE,False,False
P:152,B,PARENT_HBN,PARENT,2.602,3.21,2.435,GATE3O_VALIDATED_HEAVY_COORDINATE,False,False
P:1520,B,PARENT_HBN,PARENT,3.697,2.498,7.438,GATE3O_VALIDATED_HEAVY_COORDINATE,False,False
P:1521,N,PARENT_HBN,PARENT,3.697,2.498,7.583,GATE3O_VALIDATED_HEAVY_COORDINATE,False,False
P:1522,B,PARENT_HBN,PARENT,3.947,2.524,7.438,GATE3O_VALIDATED_HEAVY_COORDINATE,False,False
P:1523,N,PARENT_HBN,PARENT,3.947,2.524,7.583,GATE3O_VALIDATED_HEAVY_COORDINATE,False,False
P:1524,B,PARENT_HBN,PARENT,4.185,2.602,7.438,GATE3O_VALIDATED_HEAVY_COORDINATE,False,False
P:1525,N,PARENT_HBN,PARENT,4.185,2.602,7.583,GATE3O_VALIDATED_HEAVY_COORDINATE,False,False
P:1526,B,PARENT_HBN,PARENT,4.402,2.727,7.438,GATE3O_VALIDATED_HEAVY_COORDINATE,False,False
P:1527,N,PARENT_HBN,PARENT,4.402,2.727,7.583,GATE3O_VALIDATED_HEAVY_COORDINATE,False,False
P:1528,B,PARENT_HBN,PARENT,4.588,2.895,7.438,GATE3O_VALIDATED_HEAVY_COORDINATE,False,False
P:1529,N,PARENT_HBN,PARENT,4.588,2.895,7.583,GATE3O_VALIDATED_HEAVY_COORDINATE,False,False
P:153,N,PARENT_HBN,PARENT,2.602,3.21,2.58,GATE3O_VALIDATED_HEAVY_COORDINATE,False,False
P:1530,B,PARENT_HBN,PARENT,4.736,3.098,7.438,GATE3O_VALIDATED_HEAVY_COORDINATE,False,False
P:1531,N,PARENT_HBN,PARENT,4.736,3.098,7.583,GATE3O_VALIDATED_HEAVY_COORDINATE,False,False
P:1532,B,PARENT_HBN,PARENT,4.838,3.327,7.438,GATE3O_VALIDATED_HEAVY_COORDINATE,False,False
P:1533,N,PARENT_HBN,PARENT,4.838,3.327,7.583,GATE3O_VALIDATED_HEAVY_COORDINATE,False,False
P:1534,B,PARENT_HBN,PARENT,4.89,3.572,7.438,GATE3O_VALIDATED_HEAVY_COORDINATE,False,False
P:1535,N,PARENT_HBN,PARENT,4.89,3.572,7.583,GATE3O_VALIDATED_HEAVY_COORDINATE,False,False
P:1536,B,PARENT_HBN,PARENT,4.89,3.823,7.438,GATE3O_VALIDATED_HEAVY_COORDINATE,False,False
P:1537,N,PARENT_HBN,PARENT,4.89,3.823,7.583,GATE3O_VALIDATED_HEAVY_COORDINATE,False,False
P:1538,B,PARENT_HBN,PARENT,4.838,4.068,7.438,GATE3O_VALIDATED_HEAVY_COORDINATE,False,False
P:1539,N,PARENT_HBN,PARENT,4.838,4.068,7.583,GATE3O_VALIDATED_HEAVY_COORDINATE,False,False
P:154,B,PARENT_HBN,PARENT,2.727,2.992,2.435,GATE3O_VALIDATED_HEAVY_COORDINATE,False,False
P:1540,B,PARENT_HBN,PARENT,4.736,4.297,7.438,GATE3O_VALIDATED_HEAVY_COORDINATE,False,False
P:1541,N,PARENT_HBN,PARENT,4.736,4.297,7.583,GATE3O_VALIDATED_HEAVY_COORDINATE,False,False
P:1542,B,PARENT_HBN,PARENT,4.588,4.5,7.438,GATE3O_VALIDATED_HEAVY_COORDINATE,False,False
P:1543,N,PARENT_HBN,PARENT,4.588,4.5,7.583,GATE3O_VALIDATED_HEAVY_COORDINATE,False,False
P:1544,B,PARENT_HBN,PARENT,4.402,4.667,7.438,GATE3O_VALIDATED_HEAVY_COORDINATE,False,False
P:1545,N,PARENT_HBN,PARENT,4.402,4.667,7.583,GATE3O_VALIDATED_HEAVY_COORDINATE,False,False
P:1546,B,PARENT_HBN,PARENT,4.185,4.793,7.438,GATE3O_VALIDATED_HEAVY_COORDINATE,False,False
P:1547,N,PARENT_HBN,PARENT,4.185,4.793,7.583,GATE3O_VALIDATED_HEAVY_COORDINATE,False,False
P:1548,B,PARENT_HBN,PARENT,3.947,4.87,7.438,GATE3O_VALIDATED_HEAVY_COORDINATE,False,False
P:1549,N,PARENT_HBN,PARENT,3.947,4.87,7.583,GATE3O_VALIDATED_HEAVY_COORDINATE,False,False
P:155,N,PARENT_HBN,PARENT,2.727,2.992,2.58,GATE3O_VALIDATED_HEAVY_COORDINATE,False,False
P:1550,B,PARENT_HBN,PARENT,3.697,4.896,7.438,GATE3O_VALIDATED_HEAVY_COORDINATE,False,False
P:1551,N,PARENT_HBN,PARENT,3.697,4.896,7.583,GATE3O_VALIDATED_HEAVY_COORDINATE,False,False
P:1552,B,PARENT_HBN,PARENT,3.448,4.87,7.438,GATE3O_VALIDATED_HEAVY_COORDINATE,False,False
P:1553,N,PARENT_HBN,PARENT,3.448,4.87,7.583,GATE3O_VALIDATED_HEAVY_COORDINATE,False,False
P:1554,B,PARENT_HBN,PARENT,3.21,4.793,7.438,GATE3O_VALIDATED_HEAVY_COORDINATE,False,False
P:1555,N,PARENT_HBN,PARENT,3.21,4.793,7.583,GATE3O_VALIDATED_HEAVY_COORDINATE,False,False
P:1556,B,PARENT_HBN,PARENT,2.992,4.667,7.438,GATE3O_VALIDATED_HEAVY_COORDINATE,False,False
P:1557,N,PARENT_HBN,PARENT,2.992,4.667,7.583,GATE3O_VALIDATED_HEAVY_COORDINATE,False,False
P:1558,B,PARENT_HBN,PARENT,2.806,4.5,7.438,GATE3O_VALIDATED_HEAVY_COORDINATE,False,False
P:1559,N,PARENT_HBN,PARENT,2.806,4.5,7.583,GATE3O_VALIDATED_HEAVY_COORDINATE,False,False
P:156,B,PARENT_HBN,PARENT,2.895,2.806,2.435,GATE3O_VALIDATED_HEAVY_COORDINATE,False,False
P:1560,B,PARENT_HBN,PARENT,2.602,4.185,7.655,GATE3O_VALIDATED_HEAVY_COORDINATE,False,False
P:1561,N,PARENT_HBN,PARENT,2.602,4.185,7.8,GATE3O_VALIDATED_HEAVY_COORDINATE,False,False
P:1562,B,PARENT_HBN,PARENT,2.524,3.947,7.655,GATE3O_VALIDATED_HEAVY_COORDINATE,False,False
P:1563,N,PARENT_HBN,PARENT,2.524,3.947,7.8,GATE3O_VALIDATED_HEAVY_COORDINATE,False,False
P:1564,B,PARENT_HBN,PARENT,2.498,3.697,7.655,GATE3O_VALIDATED_HEAVY_COORDINATE,False,False
P:1565,N,PARENT_HBN,PARENT,2.498,3.697,7.8,GATE3O_VALIDATED_HEAVY_COORDINATE,False,False
P:1566,B,PARENT_HBN,PARENT,2.524,3.448,7.655,GATE3O_VALIDATED_HEAVY_COORDINATE,False,False
P:1567,N,PARENT_HBN,PARENT,2.524,3.448,7.8,GATE3O_VALIDATED_HEAVY_COORDINATE,False,False
P:1568,B,PARENT_HBN,PARENT,2.602,3.21,7.655,GATE3O_VALIDATED_HEAVY_COORDINATE,False,False
P:1569,N,PARENT_HBN,PARENT,2.602,3.21,7.8,GATE3O_VALIDATED_HEAVY_COORDINATE,False,False
P:157,N,PARENT_HBN,PARENT,2.895,2.806,2.58,GATE3O_VALIDATED_HEAVY_COORDINATE,False,False
P:1570,B,PARENT_HBN,PARENT,2.727,2.992,7.655,GATE3O_VALIDATED_HEAVY_COORDINATE,False,False
P:1571,N,PARENT_HBN,PARENT,2.727,2.992,7.8,GATE3O_VALIDATED_HEAVY_COORDINATE,False,False
P:1572,B,PARENT_HBN,PARENT,2.895,2.806,7.655,GATE3O_VALIDATED_HEAVY_COORDINATE,False,False
P:1573,N,PARENT_HBN,PARENT,2.895,2.806,7.8,GATE3O_VALIDATED_HEAVY_COORDINATE,False,False
P:1574,B,PARENT_HBN,PARENT,3.098,2.659,7.655,GATE3O_VALIDATED_HEAVY_COORDINATE,False,False
P:1575,N,PARENT_HBN,PARENT,3.098,2.659,7.8,GATE3O_VALIDATED_HEAVY_COORDINATE,False,False
P:1576,B,PARENT_HBN,PARENT,3.327,2.557,7.655,GATE3O_VALIDATED_HEAVY_COORDINATE,False,False
P:1577,N,PARENT_HBN,PARENT,3.327,2.557,7.8,GATE3O_VALIDATED_HEAVY_COORDINATE,False,False
P:1578,B,PARENT_HBN,PARENT,3.572,2.505,7.655,GATE3O_VALIDATED_HEAVY_COORDINATE,False,False
P:1579,N,PARENT_HBN,PARENT,3.572,2.505,7.8,GATE3O_VALIDATED_HEAVY_COORDINATE,False,False
P:158,B,PARENT_HBN,PARENT,3.098,2.659,2.435,GATE3O_VALIDATED_HEAVY_COORDINATE,False,False
P:1580,B,PARENT_HBN,PARENT,3.823,2.505,7.655,GATE3O_VALIDATED_HEAVY_COORDINATE,False,False
P:1581,N,PARENT_HBN,PARENT,3.823,2.505,7.8,GATE3O_VALIDATED_HEAVY_COORDINATE,False,False
P:1582,B,PARENT_HBN,PARENT,4.068,2.557,7.655,GATE3O_VALIDATED_HEAVY_COORDINATE,False,False
P:1583,N,PARENT_HBN,PARENT,4.068,2.557,7.8,GATE3O_VALIDATED_HEAVY_COORDINATE,False,False
P:1584,B,PARENT_HBN,PARENT,4.297,2.659,7.655,GATE3O_VALIDATED_HEAVY_COORDINATE,False,False
P:1585,N,PARENT_HBN,PARENT,4.297,2.659,7.8,GATE3O_VALIDATED_HEAVY_COORDINATE,False,False
P:1586,B,PARENT_HBN,PARENT,4.5,2.806,7.655,GATE3O_VALIDATED_HEAVY_COORDINATE,False,False
P:1587,N,PARENT_HBN,PARENT,4.5,2.806,7.8,GATE3O_VALIDATED_HEAVY_COORDINATE,False,False
P:1588,B,PARENT_HBN,PARENT,4.667,2.992,7.655,GATE3O_VALIDATED_HEAVY_COORDINATE,False,False
P:1589,N,PARENT_HBN,PARENT,4.667,2.992,7.8,GATE3O_VALIDATED_HEAVY_COORDINATE,False,False
P:159,N,PARENT_HBN,PARENT,3.098,2.659,2.58,GATE3O_VALIDATED_HEAVY_COORDINATE,False,False
P:1590,B,PARENT_HBN,PARENT,4.793,3.21,7.655,GATE3O_VALIDATED_HEAVY_COORDINATE,False,False
P:1591,N,PARENT_HBN,PARENT,4.793,3.21,7.8,GATE3O_VALIDATED_HEAVY_COORDINATE,False,False
P:1592,B,PARENT_HBN,PARENT,4.87,3.448,7.655,GATE3O_VALIDATED_HEAVY_COORDINATE,False,False
P:1593,N,PARENT_HBN,PARENT,4.87,3.448,7.8,GATE3O_VALIDATED_HEAVY_COORDINATE,False,False
P:1594,B,PARENT_HBN,PARENT,4.896,3.697,7.655,GATE3O_VALIDATED_HEAVY_COORDINATE,False,False
P:1595,N,PARENT_HBN,PARENT,4.896,3.697,7.8,GATE3O_VALIDATED_HEAVY_COORDINATE,False,False
P:1596,B,PARENT_HBN,PARENT,4.87,3.947,7.655,GATE3O_VALIDATED_HEAVY_COORDINATE,False,False
P:1597,N,PARENT_HBN,PARENT,4.87,3.947,7.8,GATE3O_VALIDATED_HEAVY_COORDINATE,False,False
P:1598,B,PARENT_HBN,PARENT,4.793,4.185,7.655,GATE3O_VALIDATED_HEAVY_COORDINATE,False,False
P:1599,N,PARENT_HBN,PARENT,4.793,4.185,7.8,GATE3O_VALIDATED_HEAVY_COORDINATE,False,False
P:16,B,PARENT_HBN,PARENT,3.572,4.89,2.0,GATE3O_VALIDATED_HEAVY_COORDINATE,False,False
P:160,B,PARENT_HBN,PARENT,3.327,2.557,2.435,GATE3O_VALIDATED_HEAVY_COORDINATE,False,False
P:1600,B,PARENT_HBN,PARENT,4.667,4.402,7.655,GATE3O_VALIDATED_HEAVY_COORDINATE,False,False
P:1601,N,PARENT_HBN,PARENT,4.667,4.402,7.8,GATE3O_VALIDATED_HEAVY_COORDINATE,False,False
P:1602,B,PARENT_HBN,PARENT,4.5,4.588,7.655,GATE3O_VALIDATED_HEAVY_COORDINATE,False,False
P:1603,N,PARENT_HBN,PARENT,4.5,4.588,7.8,GATE3O_VALIDATED_HEAVY_COORDINATE,False,False
P:1604,B,PARENT_HBN,PARENT,4.297,4.736,7.655,GATE3O_VALIDATED_HEAVY_COORDINATE,False,False
P:1605,N,PARENT_HBN,PARENT,4.297,4.736,7.8,GATE3O_VALIDATED_HEAVY_COORDINATE,False,False
P:1606,B,PARENT_HBN,PARENT,4.068,4.838,7.655,GATE3O_VALIDATED_HEAVY_COORDINATE,False,False
P:1607,N,PARENT_HBN,PARENT,4.068,4.838,7.8,GATE3O_VALIDATED_HEAVY_COORDINATE,False,False
P:1608,B,PARENT_HBN,PARENT,3.823,4.89,7.655,GATE3O_VALIDATED_HEAVY_COORDINATE,False,False
P:1609,N,PARENT_HBN,PARENT,3.823,4.89,7.8,GATE3O_VALIDATED_HEAVY_COORDINATE,False,False
P:161,N,PARENT_HBN,PARENT,3.327,2.557,2.58,GATE3O_VALIDATED_HEAVY_COORDINATE,False,False
P:1610,B,PARENT_HBN,PARENT,3.572,4.89,7.655,GATE3O_VALIDATED_HEAVY_COORDINATE,False,False
P:1611,N,PARENT_HBN,PARENT,3.572,4.89,7.8,GATE3O_VALIDATED_HEAVY_COORDINATE,False,False
P:1612,B,PARENT_HBN,PARENT,3.327,4.838,7.655,GATE3O_VALIDATED_HEAVY_COORDINATE,False,False
P:1613,N,PARENT_HBN,PARENT,3.327,4.838,7.8,GATE3O_VALIDATED_HEAVY_COORDINATE,False,False
P:1614,B,PARENT_HBN,PARENT,3.098,4.736,7.655,GATE3O_VALIDATED_HEAVY_COORDINATE,False,False
P:1615,N,PARENT_HBN,PARENT,3.098,4.736,7.8,GATE3O_VALIDATED_HEAVY_COORDINATE,False,False
P:1616,B,PARENT_HBN,PARENT,2.895,4.588,7.655,GATE3O_VALIDATED_HEAVY_COORDINATE,False,False
P:1617,N,PARENT_HBN,PARENT,2.895,4.588,7.8,GATE3O_VALIDATED_HEAVY_COORDINATE,False,False
P:1618,B,PARENT_HBN,PARENT,2.727,4.402,7.655,GATE3O_VALIDATED_HEAVY_COORDINATE,False,False
P:1619,N,PARENT_HBN,PARENT,2.727,4.402,7.8,GATE3O_VALIDATED_HEAVY_COORDINATE,False,False
P:162,B,PARENT_HBN,PARENT,3.572,2.505,2.435,GATE3O_VALIDATED_HEAVY_COORDINATE,False,False
P:1620,B,PARENT_HBN,PARENT,2.557,4.068,7.873,GATE3O_VALIDATED_HEAVY_COORDINATE,False,False
P:1621,N,PARENT_HBN,PARENT,2.557,4.068,8.018,GATE3O_VALIDATED_HEAVY_COORDINATE,False,False
P:1622,B,PARENT_HBN,PARENT,2.505,3.823,7.873,GATE3O_VALIDATED_HEAVY_COORDINATE,False,False
P:1623,N,PARENT_HBN,PARENT,2.505,3.823,8.018,GATE3O_VALIDATED_HEAVY_COORDINATE,False,False
P:1624,B,PARENT_HBN,PARENT,2.505,3.572,7.873,GATE3O_VALIDATED_HEAVY_COORDINATE,False,False
P:1625,N,PARENT_HBN,PARENT,2.505,3.572,8.018,GATE3O_VALIDATED_HEAVY_COORDINATE,False,False
P:1626,B,PARENT_HBN,PARENT,2.557,3.327,7.873,GATE3O_VALIDATED_HEAVY_COORDINATE,False,False
P:1627,N,PARENT_HBN,PARENT,2.557,3.327,8.018,GATE3O_VALIDATED_HEAVY_COORDINATE,False,False
P:1628,B,PARENT_HBN,PARENT,2.659,3.098,7.873,GATE3O_VALIDATED_HEAVY_COORDINATE,False,False
P:1629,N,PARENT_HBN,PARENT,2.659,3.098,8.018,GATE3O_VALIDATED_HEAVY_COORDINATE,False,False
P:163,N,PARENT_HBN,PARENT,3.572,2.505,2.58,GATE3O_VALIDATED_HEAVY_COORDINATE,False,False
P:1630,B,PARENT_HBN,PARENT,2.806,2.895,7.873,GATE3O_VALIDATED_HEAVY_COORDINATE,False,False
P:1631,N,PARENT_HBN,PARENT,2.806,2.895,8.018,GATE3O_VALIDATED_HEAVY_COORDINATE,False,False
P:1632,B,PARENT_HBN,PARENT,2.992,2.727,7.873,GATE3O_VALIDATED_HEAVY_COORDINATE,False,False
P:1633,N,PARENT_HBN,PARENT,2.992,2.727,8.018,GATE3O_VALIDATED_HEAVY_COORDINATE,False,False
P:1634,B,PARENT_HBN,PARENT,3.21,2.602,7.873,GATE3O_VALIDATED_HEAVY_COORDINATE,False,False
P:1635,N,PARENT_HBN,PARENT,3.21,2.602,8.018,GATE3O_VALIDATED_HEAVY_COORDINATE,False,False
P:1636,B,PARENT_HBN,PARENT,3.448,2.524,7.873,GATE3O_VALIDATED_HEAVY_COORDINATE,False,False
P:1637,N,PARENT_HBN,PARENT,3.448,2.524,8.018,GATE3O_VALIDATED_HEAVY_COORDINATE,False,False
P:1638,B,PARENT_HBN,PARENT,3.697,2.498,7.873,GATE3O_VALIDATED_HEAVY_COORDINATE,False,False
P:1639,N,PARENT_HBN,PARENT,3.697,2.498,8.018,GATE3O_VALIDATED_HEAVY_COORDINATE,False,False
P:164,B,PARENT_HBN,PARENT,3.823,2.505,2.435,GATE3O_VALIDATED_HEAVY_COORDINATE,False,False
P:1640,B,PARENT_HBN,PARENT,3.947,2.524,7.873,GATE3O_VALIDATED_HEAVY_COORDINATE,False,False
P:1641,N,PARENT_HBN,PARENT,3.947,2.524,8.018,GATE3O_VALIDATED_HEAVY_COORDINATE,False,False
P:1642,B,PARENT_HBN,PARENT,4.185,2.602,7.873,GATE3O_VALIDATED_HEAVY_COORDINATE,False,False
P:1643,N,PARENT_HBN,PARENT,4.185,2.602,8.018,GATE3O_VALIDATED_HEAVY_COORDINATE,False,False
P:1644,B,PARENT_HBN,PARENT,4.402,2.727,7.873,GATE3O_VALIDATED_HEAVY_COORDINATE,False,False
P:1645,N,PARENT_HBN,PARENT,4.402,2.727,8.018,GATE3O_VALIDATED_HEAVY_COORDINATE,False,False
P:1646,B,PARENT_HBN,PARENT,4.588,2.895,7.873,GATE3O_VALIDATED_HEAVY_COORDINATE,False,False
P:1647,N,PARENT_HBN,PARENT,4.588,2.895,8.018,GATE3O_VALIDATED_HEAVY_COORDINATE,False,False
P:1648,B,PARENT_HBN,PARENT,4.736,3.098,7.873,GATE3O_VALIDATED_HEAVY_COORDINATE,False,False
P:1649,N,PARENT_HBN,PARENT,4.736,3.098,8.018,GATE3O_VALIDATED_HEAVY_COORDINATE,False,False
P:165,N,PARENT_HBN,PARENT,3.823,2.505,2.58,GATE3O_VALIDATED_HEAVY_COORDINATE,False,False
P:1650,B,PARENT_HBN,PARENT,4.838,3.327,7.873,GATE3O_VALIDATED_HEAVY_COORDINATE,False,False
P:1651,N,PARENT_HBN,PARENT,4.838,3.327,8.018,GATE3O_VALIDATED_HEAVY_COORDINATE,False,False
P:1652,B,PARENT_HBN,PARENT,4.89,3.572,7.873,GATE3O_VALIDATED_HEAVY_COORDINATE,False,False
P:1653,N,PARENT_HBN,PARENT,4.89,3.572,8.018,GATE3O_VALIDATED_HEAVY_COORDINATE,False,False
P:1654,B,PARENT_HBN,PARENT,4.89,3.823,7.873,GATE3O_VALIDATED_HEAVY_COORDINATE,False,False
P:1655,N,PARENT_HBN,PARENT,4.89,3.823,8.018,GATE3O_VALIDATED_HEAVY_COORDINATE,False,False
P:1656,B,PARENT_HBN,PARENT,4.838,4.068,7.873,GATE3O_VALIDATED_HEAVY_COORDINATE,False,False
P:1657,N,PARENT_HBN,PARENT,4.838,4.068,8.018,GATE3O_VALIDATED_HEAVY_COORDINATE,False,False
P:1658,B,PARENT_HBN,PARENT,4.736,4.297,7.873,GATE3O_VALIDATED_HEAVY_COORDINATE,False,False
P:1659,N,PARENT_HBN,PARENT,4.736,4.297,8.018,GATE3O_VALIDATED_HEAVY_COORDINATE,False,False
P:166,B,PARENT_HBN,PARENT,4.068,2.557,2.435,GATE3O_VALIDATED_HEAVY_COORDINATE,False,False
P:1660,B,PARENT_HBN,PARENT,4.588,4.5,7.873,GATE3O_VALIDATED_HEAVY_COORDINATE,False,False
P:1661,N,PARENT_HBN,PARENT,4.588,4.5,8.018,GATE3O_VALIDATED_HEAVY_COORDINATE,False,False
P:1662,B,PARENT_HBN,PARENT,4.402,4.667,7.873,GATE3O_VALIDATED_HEAVY_COORDINATE,False,False
P:1663,N,PARENT_HBN,PARENT,4.402,4.667,8.018,GATE3O_VALIDATED_HEAVY_COORDINATE,False,False
P:1664,B,PARENT_HBN,PARENT,4.185,4.793,7.873,GATE3O_VALIDATED_HEAVY_COORDINATE,False,False
P:1665,N,PARENT_HBN,PARENT,4.185,4.793,8.018,GATE3O_VALIDATED_HEAVY_COORDINATE,False,False
P:1666,B,PARENT_HBN,PARENT,3.947,4.87,7.873,GATE3O_VALIDATED_HEAVY_COORDINATE,False,False
P:1667,N,PARENT_HBN,PARENT,3.947,4.87,8.018,GATE3O_VALIDATED_HEAVY_COORDINATE,False,False
P:1668,B,PARENT_HBN,PARENT,3.697,4.896,7.873,GATE3O_VALIDATED_HEAVY_COORDINATE,False,False
P:1669,N,PARENT_HBN,PARENT,3.697,4.896,8.018,GATE3O_VALIDATED_HEAVY_COORDINATE,False,False
P:167,N,PARENT_HBN,PARENT,4.068,2.557,2.58,GATE3O_VALIDATED_HEAVY_COORDINATE,False,False
P:1670,B,PARENT_HBN,PARENT,3.448,4.87,7.873,GATE3O_VALIDATED_HEAVY_COORDINATE,False,False
P:1671,N,PARENT_HBN,PARENT,3.448,4.87,8.018,GATE3O_VALIDATED_HEAVY_COORDINATE,False,False
P:1672,B,PARENT_HBN,PARENT,3.21,4.793,7.873,GATE3O_VALIDATED_HEAVY_COORDINATE,False,False
P:1673,N,PARENT_HBN,PARENT,3.21,4.793,8.018,GATE3O_VALIDATED_HEAVY_COORDINATE,False,False
P:1674,B,PARENT_HBN,PARENT,2.992,4.667,7.873,GATE3O_VALIDATED_HEAVY_COORDINATE,False,False
P:1675,N,PARENT_HBN,PARENT,2.992,4.667,8.018,GATE3O_VALIDATED_HEAVY_COORDINATE,False,False
P:1676,B,PARENT_HBN,PARENT,2.806,4.5,7.873,GATE3O_VALIDATED_HEAVY_COORDINATE,False,False
P:1677,N,PARENT_HBN,PARENT,2.806,4.5,8.018,GATE3O_VALIDATED_HEAVY_COORDINATE,False,False
P:1678,B,PARENT_HBN,PARENT,2.659,4.297,7.873,GATE3O_VALIDATED_HEAVY_COORDINATE,False,False
P:1679,N,PARENT_HBN,PARENT,2.659,4.297,8.018,GATE3O_VALIDATED_HEAVY_COORDINATE,False,False
P:168,B,PARENT_HBN,PARENT,4.297,2.659,2.435,GATE3O_VALIDATED_HEAVY_COORDINATE,False,False
P:169,N,PARENT_HBN,PARENT,4.297,2.659,2.58,GATE3O_VALIDATED_HEAVY_COORDINATE,False,False
P:17,N,PARENT_HBN,PARENT,3.572,4.89,2.145,GATE3O_VALIDATED_HEAVY_COORDINATE,False,False
P:170,B,PARENT_HBN,PARENT,4.5,2.806,2.435,GATE3O_VALIDATED_HEAVY_COORDINATE,False,False
P:171,N,PARENT_HBN,PARENT,4.5,2.806,2.58,GATE3O_VALIDATED_HEAVY_COORDINATE,False,False
P:172,B,PARENT_HBN,PARENT,4.667,2.992,2.435,GATE3O_VALIDATED_HEAVY_COORDINATE,False,False
P:173,N,PARENT_HBN,PARENT,4.667,2.992,2.58,GATE3O_VALIDATED_HEAVY_COORDINATE,False,False
P:174,B,PARENT_HBN,PARENT,4.793,3.21,2.435,GATE3O_VALIDATED_HEAVY_COORDINATE,False,False
P:175,N,PARENT_HBN,PARENT,4.793,3.21,2.58,GATE3O_VALIDATED_HEAVY_COORDINATE,False,False
P:176,B,PARENT_HBN,PARENT,4.87,3.448,2.435,GATE3O_VALIDATED_HEAVY_COORDINATE,False,False
P:177,N,PARENT_HBN,PARENT,4.87,3.448,2.58,GATE3O_VALIDATED_HEAVY_COORDINATE,False,False
P:178,B,PARENT_HBN,PARENT,4.896,3.697,2.435,GATE3O_VALIDATED_HEAVY_COORDINATE,False,False
P:179,N,PARENT_HBN,PARENT,4.896,3.697,2.58,GATE3O_VALIDATED_HEAVY_COORDINATE,False,False
P:18,B,PARENT_HBN,PARENT,3.327,4.838,2.0,GATE3O_VALIDATED_HEAVY_COORDINATE,False,False
P:180,B,PARENT_HBN,PARENT,4.838,4.068,2.652,GATE3O_VALIDATED_HEAVY_COORDINATE,False,False
P:181,N,PARENT_HBN,PARENT,4.838,4.068,2.797,GATE3O_VALIDATED_HEAVY_COORDINATE,False,False
P:182,B,PARENT_HBN,PARENT,4.736,4.297,2.652,GATE3O_VALIDATED_HEAVY_COORDINATE,False,False
P:183,N,PARENT_HBN,PARENT,4.736,4.297,2.797,GATE3O_VALIDATED_HEAVY_COORDINATE,False,False
P:184,B,PARENT_HBN,PARENT,4.588,4.5,2.652,GATE3O_VALIDATED_HEAVY_COORDINATE,False,False
P:185,N,PARENT_HBN,PARENT,4.588,4.5,2.797,GATE3O_VALIDATED_HEAVY_COORDINATE,False,False
P:186,B,PARENT_HBN,PARENT,4.402,4.667,2.652,GATE3O_VALIDATED_HEAVY_COORDINATE,False,False
P:187,N,PARENT_HBN,PARENT,4.402,4.667,2.797,GATE3O_VALIDATED_HEAVY_COORDINATE,False,False
P:188,B,PARENT_HBN,PARENT,4.185,4.793,2.652,GATE3O_VALIDATED_HEAVY_COORDINATE,False,False
P:189,N,PARENT_HBN,PARENT,4.185,4.793,2.797,GATE3O_VALIDATED_HEAVY_COORDINATE,False,False
P:19,N,PARENT_HBN,PARENT,3.327,4.838,2.145,GATE3O_VALIDATED_HEAVY_COORDINATE,False,False
P:190,B,PARENT_HBN,PARENT,3.947,4.87,2.652,GATE3O_VALIDATED_HEAVY_COORDINATE,False,False
P:191,N,PARENT_HBN,PARENT,3.947,4.87,2.797,GATE3O_VALIDATED_HEAVY_COORDINATE,False,False
P:192,B,PARENT_HBN,PARENT,3.697,4.896,2.652,GATE3O_VALIDATED_HEAVY_COORDINATE,False,False
P:193,N,PARENT_HBN,PARENT,3.697,4.896,2.797,GATE3O_VALIDATED_HEAVY_COORDINATE,False,False
P:194,B,PARENT_HBN,PARENT,3.448,4.87,2.652,GATE3O_VALIDATED_HEAVY_COORDINATE,False,False
P:195,N,PARENT_HBN,PARENT,3.448,4.87,2.797,GATE3O_VALIDATED_HEAVY_COORDINATE,False,False
P:196,B,PARENT_HBN,PARENT,3.21,4.793,2.652,GATE3O_VALIDATED_HEAVY_COORDINATE,False,False
P:197,N,PARENT_HBN,PARENT,3.21,4.793,2.797,GATE3O_VALIDATED_HEAVY_COORDINATE,False,False
P:198,B,PARENT_HBN,PARENT,2.992,4.667,2.652,GATE3O_VALIDATED_HEAVY_COORDINATE,False,False
P:199,N,PARENT_HBN,PARENT,2.992,4.667,2.797,GATE3O_VALIDATED_HEAVY_COORDINATE,False,False
P:2,B,PARENT_HBN,PARENT,4.87,3.947,2.0,GATE3O_VALIDATED_HEAVY_COORDINATE,False,False
P:20,B,PARENT_HBN,PARENT,3.098,4.736,2.0,GATE3O_VALIDATED_HEAVY_COORDINATE,False,False
P:200,B,PARENT_HBN,PARENT,2.806,4.5,2.652,GATE3O_VALIDATED_HEAVY_COORDINATE,False,False
P:201,N,PARENT_HBN,PARENT,2.806,4.5,2.797,GATE3O_VALIDATED_HEAVY_COORDINATE,False,False
P:202,B,PARENT_HBN,PARENT,2.659,4.297,2.652,GATE3O_VALIDATED_HEAVY_COORDINATE,False,False
P:203,N,PARENT_HBN,PARENT,2.659,4.297,2.797,GATE3O_VALIDATED_HEAVY_COORDINATE,False,False
P:204,B,PARENT_HBN,PARENT,2.557,4.068,2.652,GATE3O_VALIDATED_HEAVY_COORDINATE,False,False
P:205,N,PARENT_HBN,PARENT,2.557,4.068,2.797,GATE3O_VALIDATED_HEAVY_COORDINATE,False,False
P:206,B,PARENT_HBN,PARENT,2.505,3.823,2.652,GATE3O_VALIDATED_HEAVY_COORDINATE,False,False
P:207,N,PARENT_HBN,PARENT,2.505,3.823,2.797,GATE3O_VALIDATED_HEAVY_COORDINATE,False,False
P:208,B,PARENT_HBN,PARENT,2.505,3.572,2.652,GATE3O_VALIDATED_HEAVY_COORDINATE,False,False
P:209,N,PARENT_HBN,PARENT,2.505,3.572,2.797,GATE3O_VALIDATED_HEAVY_COORDINATE,False,False
P:21,N,PARENT_HBN,PARENT,3.098,4.736,2.145,GATE3O_VALIDATED_HEAVY_COORDINATE,False,False
P:210,B,PARENT_HBN,PARENT,2.557,3.327,2.652,GATE3O_VALIDATED_HEAVY_COORDINATE,False,False
P:211,N,PARENT_HBN,PARENT,2.557,3.327,2.797,GATE3O_VALIDATED_HEAVY_COORDINATE,False,False
P:212,B,PARENT_HBN,PARENT,2.659,3.098,2.652,GATE3O_VALIDATED_HEAVY_COORDINATE,False,False
P:213,N,PARENT_HBN,PARENT,2.659,3.098,2.797,GATE3O_VALIDATED_HEAVY_COORDINATE,False,False
P:214,B,PARENT_HBN,PARENT,2.806,2.895,2.652,GATE3O_VALIDATED_HEAVY_COORDINATE,False,False
P:215,N,PARENT_HBN,PARENT,2.806,2.895,2.797,GATE3O_VALIDATED_HEAVY_COORDINATE,False,False
P:216,B,PARENT_HBN,PARENT,2.992,2.727,2.652,GATE3O_VALIDATED_HEAVY_COORDINATE,False,False
P:217,N,PARENT_HBN,PARENT,2.992,2.727,2.797,GATE3O_VALIDATED_HEAVY_COORDINATE,False,False
P:218,B,PARENT_HBN,PARENT,3.21,2.602,2.652,GATE3O_VALIDATED_HEAVY_COORDINATE,False,False
P:219,N,PARENT_HBN,PARENT,3.21,2.602,2.797,GATE3O_VALIDATED_HEAVY_COORDINATE,False,False
P:22,B,PARENT_HBN,PARENT,2.895,4.588,2.0,GATE3O_VALIDATED_HEAVY_COORDINATE,False,False
P:220,B,PARENT_HBN,PARENT,3.448,2.524,2.652,GATE3O_VALIDATED_HEAVY_COORDINATE,False,False
P:221,N,PARENT_HBN,PARENT,3.448,2.524,2.797,GATE3O_VALIDATED_HEAVY_COORDINATE,False,False
P:222,B,PARENT_HBN,PARENT,3.697,2.498,2.652,GATE3O_VALIDATED_HEAVY_COORDINATE,False,False
P:223,N,PARENT_HBN,PARENT,3.697,2.498,2.797,GATE3O_VALIDATED_HEAVY_COORDINATE,False,False
P:224,B,PARENT_HBN,PARENT,3.947,2.524,2.652,GATE3O_VALIDATED_HEAVY_COORDINATE,False,False
P:225,N,PARENT_HBN,PARENT,3.947,2.524,2.797,GATE3O_VALIDATED_HEAVY_COORDINATE,False,False
P:226,B,PARENT_HBN,PARENT,4.185,2.602,2.652,GATE3O_VALIDATED_HEAVY_COORDINATE,False,False
P:227,N,PARENT_HBN,PARENT,4.185,2.602,2.797,GATE3O_VALIDATED_HEAVY_COORDINATE,False,False
P:228,B,PARENT_HBN,PARENT,4.402,2.727,2.652,GATE3O_VALIDATED_HEAVY_COORDINATE,False,False
P:229,N,PARENT_HBN,PARENT,4.402,2.727,2.797,GATE3O_VALIDATED_HEAVY_COORDINATE,False,False
P:23,N,PARENT_HBN,PARENT,2.895,4.588,2.145,GATE3O_VALIDATED_HEAVY_COORDINATE,False,False
P:230,B,PARENT_HBN,PARENT,4.588,2.895,2.652,GATE3O_VALIDATED_HEAVY_COORDINATE,False,False
P:231,N,PARENT_HBN,PARENT,4.588,2.895,2.797,GATE3O_VALIDATED_HEAVY_COORDINATE,False,False
P:232,B,PARENT_HBN,PARENT,4.736,3.098,2.652,GATE3O_VALIDATED_HEAVY_COORDINATE,False,False
P:233,N,PARENT_HBN,PARENT,4.736,3.098,2.797,GATE3O_VALIDATED_HEAVY_COORDINATE,False,False
P:234,B,PARENT_HBN,PARENT,4.838,3.327,2.652,GATE3O_VALIDATED_HEAVY_COORDINATE,False,False
P:235,N,PARENT_HBN,PARENT,4.838,3.327,2.797,GATE3O_VALIDATED_HEAVY_COORDINATE,False,False
P:236,B,PARENT_HBN,PARENT,4.89,3.572,2.652,GATE3O_VALIDATED_HEAVY_COORDINATE,False,False
P:237,N,PARENT_HBN,PARENT,4.89,3.572,2.797,GATE3O_VALIDATED_HEAVY_COORDINATE,False,False
P:238,B,PARENT_HBN,PARENT,4.89,3.823,2.652,GATE3O_VALIDATED_HEAVY_COORDINATE,False,False
P:239,N,PARENT_HBN,PARENT,4.89,3.823,2.797,GATE3O_VALIDATED_HEAVY_COORDINATE,False,False
P:24,B,PARENT_HBN,PARENT,2.727,4.402,2.0,GATE3O_VALIDATED_HEAVY_COORDINATE,False,False
P:240,B,PARENT_HBN,PARENT,4.793,4.185,2.87,GATE3O_VALIDATED_HEAVY_COORDINATE,False,False
P:241,N,PARENT_HBN,PARENT,4.793,4.185,3.015,GATE3O_VALIDATED_HEAVY_COORDINATE,False,False
P:242,B,PARENT_HBN,PARENT,4.667,4.402,2.87,GATE3O_VALIDATED_HEAVY_COORDINATE,False,False
P:243,N,PARENT_HBN,PARENT,4.667,4.402,3.015,GATE3O_VALIDATED_HEAVY_COORDINATE,False,False
P:244,B,PARENT_HBN,PARENT,4.5,4.588,2.87,GATE3O_VALIDATED_HEAVY_COORDINATE,False,False
P:245,N,PARENT_HBN,PARENT,4.5,4.588,3.015,GATE3O_VALIDATED_HEAVY_COORDINATE,False,False
P:246,B,PARENT_HBN,PARENT,4.297,4.736,2.87,GATE3O_VALIDATED_HEAVY_COORDINATE,False,False
P:247,N,PARENT_HBN,PARENT,4.297,4.736,3.015,GATE3O_VALIDATED_HEAVY_COORDINATE,False,False
P:248,B,PARENT_HBN,PARENT,4.068,4.838,2.87,GATE3O_VALIDATED_HEAVY_COORDINATE,False,False
P:249,N,PARENT_HBN,PARENT,4.068,4.838,3.015,GATE3O_VALIDATED_HEAVY_COORDINATE,False,False
P:25,N,PARENT_HBN,PARENT,2.727,4.402,2.145,GATE3O_VALIDATED_HEAVY_COORDINATE,False,False
P:250,B,PARENT_HBN,PARENT,3.823,4.89,2.87,GATE3O_VALIDATED_HEAVY_COORDINATE,False,False
P:251,N,PARENT_HBN,PARENT,3.823,4.89,3.015,GATE3O_VALIDATED_HEAVY_COORDINATE,False,False
P:252,B,PARENT_HBN,PARENT,3.572,4.89,2.87,GATE3O_VALIDATED_HEAVY_COORDINATE,False,False
P:253,N,PARENT_HBN,PARENT,3.572,4.89,3.015,GATE3O_VALIDATED_HEAVY_COORDINATE,False,False
P:254,B,PARENT_HBN,PARENT,3.327,4.838,2.87,GATE3O_VALIDATED_HEAVY_COORDINATE,False,False
P:255,N,PARENT_HBN,PARENT,3.327,4.838,3.015,GATE3O_VALIDATED_HEAVY_COORDINATE,False,False
P:256,B,PARENT_HBN,PARENT,3.098,4.736,2.87,GATE3O_VALIDATED_HEAVY_COORDINATE,False,False
P:257,N,PARENT_HBN,PARENT,3.098,4.736,3.015,GATE3O_VALIDATED_HEAVY_COORDINATE,False,False
P:258,B,PARENT_HBN,PARENT,2.895,4.588,2.87,GATE3O_VALIDATED_HEAVY_COORDINATE,False,False
P:259,N,PARENT_HBN,PARENT,2.895,4.588,3.015,GATE3O_VALIDATED_HEAVY_COORDINATE,False,False
P:26,B,PARENT_HBN,PARENT,2.602,4.185,2.0,GATE3O_VALIDATED_HEAVY_COORDINATE,False,False
P:260,B,PARENT_HBN,PARENT,2.727,4.402,2.87,GATE3O_VALIDATED_HEAVY_COORDINATE,False,False
P:261,N,PARENT_HBN,PARENT,2.727,4.402,3.015,GATE3O_VALIDATED_HEAVY_COORDINATE,False,False
P:262,B,PARENT_HBN,PARENT,2.602,4.185,2.87,GATE3O_VALIDATED_HEAVY_COORDINATE,False,False
P:263,N,PARENT_HBN,PARENT,2.602,4.185,3.015,GATE3O_VALIDATED_HEAVY_COORDINATE,False,False
P:264,B,PARENT_HBN,PARENT,2.524,3.947,2.87,GATE3O_VALIDATED_HEAVY_COORDINATE,False,False
P:265,N,PARENT_HBN,PARENT,2.524,3.947,3.015,GATE3O_VALIDATED_HEAVY_COORDINATE,False,False
P:266,B,PARENT_HBN,PARENT,2.498,3.697,2.87,GATE3O_VALIDATED_HEAVY_COORDINATE,False,False
P:267,N,PARENT_HBN,PARENT,2.498,3.697,3.015,GATE3O_VALIDATED_HEAVY_COORDINATE,False,False
P:268,B,PARENT_HBN,PARENT,2.524,3.448,2.87,GATE3O_VALIDATED_HEAVY_COORDINATE,False,False
P:269,N,PARENT_HBN,PARENT,2.524,3.448,3.015,GATE3O_VALIDATED_HEAVY_COORDINATE,False,False
P:27,N,PARENT_HBN,PARENT,2.602,4.185,2.145,GATE3O_VALIDATED_HEAVY_COORDINATE,False,False
P:270,B,PARENT_HBN,PARENT,2.602,3.21,2.87,GATE3O_VALIDATED_HEAVY_COORDINATE,False,False
P:271,N,PARENT_HBN,PARENT,2.602,3.21,3.015,GATE3O_VALIDATED_HEAVY_COORDINATE,False,False
P:272,B,PARENT_HBN,PARENT,2.727,2.992,2.87,GATE3O_VALIDATED_HEAVY_COORDINATE,False,False
P:273,N,PARENT_HBN,PARENT,2.727,2.992,3.015,GATE3O_VALIDATED_HEAVY_COORDINATE,False,False
P:274,B,PARENT_HBN,PARENT,2.895,2.806,2.87,GATE3O_VALIDATED_HEAVY_COORDINATE,False,False
P:275,N,PARENT_HBN,PARENT,2.895,2.806,3.015,GATE3O_VALIDATED_HEAVY_COORDINATE,False,False
P:276,B,PARENT_HBN,PARENT,3.098,2.659,2.87,GATE3O_VALIDATED_HEAVY_COORDINATE,False,False
P:277,N,PARENT_HBN,PARENT,3.098,2.659,3.015,GATE3O_VALIDATED_HEAVY_COORDINATE,False,False
P:278,B,PARENT_HBN,PARENT,3.327,2.557,2.87,GATE3O_VALIDATED_HEAVY_COORDINATE,False,False
P:279,N,PARENT_HBN,PARENT,3.327,2.557,3.015,GATE3O_VALIDATED_HEAVY_COORDINATE,False,False
P:28,B,PARENT_HBN,PARENT,2.524,3.947,2.0,GATE3O_VALIDATED_HEAVY_COORDINATE,False,False
P:280,B,PARENT_HBN,PARENT,3.572,2.505,2.87,GATE3O_VALIDATED_HEAVY_COORDINATE,False,False
P:281,N,PARENT_HBN,PARENT,3.572,2.505,3.015,GATE3O_VALIDATED_HEAVY_COORDINATE,False,False
P:282,B,PARENT_HBN,PARENT,3.823,2.505,2.87,GATE3O_VALIDATED_HEAVY_COORDINATE,False,False
P:283,N,PARENT_HBN,PARENT,3.823,2.505,3.015,GATE3O_VALIDATED_HEAVY_COORDINATE,False,False
P:284,B,PARENT_HBN,PARENT,4.068,2.557,2.87,GATE3O_VALIDATED_HEAVY_COORDINATE,False,False
P:285,N,PARENT_HBN,PARENT,4.068,2.557,3.015,GATE3O_VALIDATED_HEAVY_COORDINATE,False,False
P:286,B,PARENT_HBN,PARENT,4.297,2.659,2.87,GATE3O_VALIDATED_HEAVY_COORDINATE,False,False
P:287,N,PARENT_HBN,PARENT,4.297,2.659,3.015,GATE3O_VALIDATED_HEAVY_COORDINATE,False,False
P:288,B,PARENT_HBN,PARENT,4.5,2.806,2.87,GATE3O_VALIDATED_HEAVY_COORDINATE,False,False
P:289,N,PARENT_HBN,PARENT,4.5,2.806,3.015,GATE3O_VALIDATED_HEAVY_COORDINATE,False,False
P:29,N,PARENT_HBN,PARENT,2.524,3.947,2.145,GATE3O_VALIDATED_HEAVY_COORDINATE,False,False
P:290,B,PARENT_HBN,PARENT,4.667,2.992,2.87,GATE3O_VALIDATED_HEAVY_COORDINATE,False,False
P:291,N,PARENT_HBN,PARENT,4.667,2.992,3.015,GATE3O_VALIDATED_HEAVY_COORDINATE,False,False
P:292,B,PARENT_HBN,PARENT,4.793,3.21,2.87,GATE3O_VALIDATED_HEAVY_COORDINATE,False,False
P:293,N,PARENT_HBN,PARENT,4.793,3.21,3.015,GATE3O_VALIDATED_HEAVY_COORDINATE,False,False
P:294,B,PARENT_HBN,PARENT,4.87,3.448,2.87,GATE3O_VALIDATED_HEAVY_COORDINATE,False,False
P:295,N,PARENT_HBN,PARENT,4.87,3.448,3.015,GATE3O_VALIDATED_HEAVY_COORDINATE,False,False
P:296,B,PARENT_HBN,PARENT,4.896,3.697,2.87,GATE3O_VALIDATED_HEAVY_COORDINATE,False,False
P:297,N,PARENT_HBN,PARENT,4.896,3.697,3.015,GATE3O_VALIDATED_HEAVY_COORDINATE,False,False
P:298,B,PARENT_HBN,PARENT,4.87,3.947,2.87,GATE3O_VALIDATED_HEAVY_COORDINATE,False,False
P:299,N,PARENT_HBN,PARENT,4.87,3.947,3.015,GATE3O_VALIDATED_HEAVY_COORDINATE,False,False
P:3,N,PARENT_HBN,PARENT,4.87,3.947,2.145,GATE3O_VALIDATED_HEAVY_COORDINATE,False,False
P:30,B,PARENT_HBN,PARENT,2.498,3.697,2.0,GATE3O_VALIDATED_HEAVY_COORDINATE,False,False
P:300,B,PARENT_HBN,PARENT,4.736,4.297,3.087,GATE3O_VALIDATED_HEAVY_COORDINATE,False,False
P:301,N,PARENT_HBN,PARENT,4.736,4.297,3.232,GATE3O_VALIDATED_HEAVY_COORDINATE,False,False
P:302,B,PARENT_HBN,PARENT,4.588,4.5,3.087,GATE3O_VALIDATED_HEAVY_COORDINATE,False,False
P:303,N,PARENT_HBN,PARENT,4.588,4.5,3.232,GATE3O_VALIDATED_HEAVY_COORDINATE,False,False
P:304,B,PARENT_HBN,PARENT,4.402,4.667,3.087,GATE3O_VALIDATED_HEAVY_COORDINATE,False,False
P:305,N,PARENT_HBN,PARENT,4.402,4.667,3.232,GATE3O_VALIDATED_HEAVY_COORDINATE,False,False
P:306,B,PARENT_HBN,PARENT,4.185,4.793,3.087,GATE3O_VALIDATED_HEAVY_COORDINATE,False,False
P:307,N,PARENT_HBN,PARENT,4.185,4.793,3.232,GATE3O_VALIDATED_HEAVY_COORDINATE,False,False
P:308,B,PARENT_HBN,PARENT,3.947,4.87,3.087,GATE3O_VALIDATED_HEAVY_COORDINATE,False,False
P:309,N,PARENT_HBN,PARENT,3.947,4.87,3.232,GATE3O_VALIDATED_HEAVY_COORDINATE,False,False
P:31,N,PARENT_HBN,PARENT,2.498,3.697,2.145,GATE3O_VALIDATED_HEAVY_COORDINATE,False,False
P:310,B,PARENT_HBN,PARENT,3.697,4.896,3.087,GATE3O_VALIDATED_HEAVY_COORDINATE,False,False
P:311,N,PARENT_HBN,PARENT,3.697,4.896,3.232,GATE3O_VALIDATED_HEAVY_COORDINATE,False,False
P:312,B,PARENT_HBN,PARENT,3.448,4.87,3.087,GATE3O_VALIDATED_HEAVY_COORDINATE,False,False
P:313,N,PARENT_HBN,PARENT,3.448,4.87,3.232,GATE3O_VALIDATED_HEAVY_COORDINATE,False,False
P:314,B,PARENT_HBN,PARENT,3.21,4.793,3.087,GATE3O_VALIDATED_HEAVY_COORDINATE,False,False
P:315,N,PARENT_HBN,PARENT,3.21,4.793,3.232,GATE3O_VALIDATED_HEAVY_COORDINATE,False,False
P:316,B,PARENT_HBN,PARENT,2.992,4.667,3.087,GATE3O_VALIDATED_HEAVY_COORDINATE,False,False
P:317,N,PARENT_HBN,PARENT,2.992,4.667,3.232,GATE3O_VALIDATED_HEAVY_COORDINATE,False,False
P:318,B,PARENT_HBN,PARENT,2.806,4.5,3.087,GATE3O_VALIDATED_HEAVY_COORDINATE,False,False
P:319,N,PARENT_HBN,PARENT,2.806,4.5,3.232,GATE3O_VALIDATED_HEAVY_COORDINATE,False,False
P:32,B,PARENT_HBN,PARENT,2.524,3.448,2.0,GATE3O_VALIDATED_HEAVY_COORDINATE,False,False
P:320,B,PARENT_HBN,PARENT,2.659,4.297,3.087,GATE3O_VALIDATED_HEAVY_COORDINATE,False,False
P:321,N,PARENT_HBN,PARENT,2.659,4.297,3.232,GATE3O_VALIDATED_HEAVY_COORDINATE,False,False
P:322,B,PARENT_HBN,PARENT,2.557,4.068,3.087,GATE3O_VALIDATED_HEAVY_COORDINATE,False,False
P:323,N,PARENT_HBN,PARENT,2.557,4.068,3.232,GATE3O_VALIDATED_HEAVY_COORDINATE,False,False
P:324,B,PARENT_HBN,PARENT,2.505,3.823,3.087,GATE3O_VALIDATED_HEAVY_COORDINATE,False,False
P:325,N,PARENT_HBN,PARENT,2.505,3.823,3.232,GATE3O_VALIDATED_HEAVY_COORDINATE,False,False
P:326,B,PARENT_HBN,PARENT,2.505,3.572,3.087,GATE3O_VALIDATED_HEAVY_COORDINATE,False,False
P:327,N,PARENT_HBN,PARENT,2.505,3.572,3.232,GATE3O_VALIDATED_HEAVY_COORDINATE,False,False
P:328,B,PARENT_HBN,PARENT,2.557,3.327,3.087,GATE3O_VALIDATED_HEAVY_COORDINATE,False,False
P:329,N,PARENT_HBN,PARENT,2.557,3.327,3.232,GATE3O_VALIDATED_HEAVY_COORDINATE,False,False
P:33,N,PARENT_HBN,PARENT,2.524,3.448,2.145,GATE3O_VALIDATED_HEAVY_COORDINATE,False,False
P:330,B,PARENT_HBN,PARENT,2.659,3.098,3.087,GATE3O_VALIDATED_HEAVY_COORDINATE,False,False
P:331,N,PARENT_HBN,PARENT,2.659,3.098,3.232,GATE3O_VALIDATED_HEAVY_COORDINATE,False,False
P:332,B,PARENT_HBN,PARENT,2.806,2.895,3.087,GATE3O_VALIDATED_HEAVY_COORDINATE,False,False
P:333,N,PARENT_HBN,PARENT,2.806,2.895,3.232,GATE3O_VALIDATED_HEAVY_COORDINATE,False,False
P:334,B,PARENT_HBN,PARENT,2.992,2.727,3.087,GATE3O_VALIDATED_HEAVY_COORDINATE,False,False
P:335,N,PARENT_HBN,PARENT,2.992,2.727,3.232,GATE3O_VALIDATED_HEAVY_COORDINATE,False,False
P:336,B,PARENT_HBN,PARENT,3.21,2.602,3.087,GATE3O_VALIDATED_HEAVY_COORDINATE,False,False
P:337,N,PARENT_HBN,PARENT,3.21,2.602,3.232,GATE3O_VALIDATED_HEAVY_COORDINATE,False,False
P:338,B,PARENT_HBN,PARENT,3.448,2.524,3.087,GATE3O_VALIDATED_HEAVY_COORDINATE,False,False
P:339,N,PARENT_HBN,PARENT,3.448,2.524,3.232,GATE3O_VALIDATED_HEAVY_COORDINATE,False,False
P:34,B,PARENT_HBN,PARENT,2.602,3.21,2.0,GATE3O_VALIDATED_HEAVY_COORDINATE,False,False
P:340,B,PARENT_HBN,PARENT,3.697,2.498,3.087,GATE3O_VALIDATED_HEAVY_COORDINATE,False,False
P:341,N,PARENT_HBN,PARENT,3.697,2.498,3.232,GATE3O_VALIDATED_HEAVY_COORDINATE,False,False
P:342,B,PARENT_HBN,PARENT,3.947,2.524,3.087,GATE3O_VALIDATED_HEAVY_COORDINATE,False,False
P:343,N,PARENT_HBN,PARENT,3.947,2.524,3.232,GATE3O_VALIDATED_HEAVY_COORDINATE,False,False
P:344,B,PARENT_HBN,PARENT,4.185,2.602,3.087,GATE3O_VALIDATED_HEAVY_COORDINATE,False,False
P:345,N,PARENT_HBN,PARENT,4.185,2.602,3.232,GATE3O_VALIDATED_HEAVY_COORDINATE,False,False
P:346,B,PARENT_HBN,PARENT,4.402,2.727,3.087,GATE3O_VALIDATED_HEAVY_COORDINATE,False,False
P:347,N,PARENT_HBN,PARENT,4.402,2.727,3.232,GATE3O_VALIDATED_HEAVY_COORDINATE,False,False
P:348,B,PARENT_HBN,PARENT,4.588,2.895,3.087,GATE3O_VALIDATED_HEAVY_COORDINATE,False,False
P:349,N,PARENT_HBN,PARENT,4.588,2.895,3.232,GATE3O_VALIDATED_HEAVY_COORDINATE,False,False
P:35,N,PARENT_HBN,PARENT,2.602,3.21,2.145,GATE3O_VALIDATED_HEAVY_COORDINATE,False,False
P:350,B,PARENT_HBN,PARENT,4.736,3.098,3.087,GATE3O_VALIDATED_HEAVY_COORDINATE,False,False
P:351,N,PARENT_HBN,PARENT,4.736,3.098,3.232,GATE3O_VALIDATED_HEAVY_COORDINATE,False,False
P:352,B,PARENT_HBN,PARENT,4.838,3.327,3.087,GATE3O_VALIDATED_HEAVY_COORDINATE,False,False
P:353,N,PARENT_HBN,PARENT,4.838,3.327,3.232,GATE3O_VALIDATED_HEAVY_COORDINATE,False,False
P:354,B,PARENT_HBN,PARENT,4.89,3.572,3.087,GATE3O_VALIDATED_HEAVY_COORDINATE,False,False
P:355,N,PARENT_HBN,PARENT,4.89,3.572,3.232,GATE3O_VALIDATED_HEAVY_COORDINATE,False,False
P:356,B,PARENT_HBN,PARENT,4.89,3.823,3.087,GATE3O_VALIDATED_HEAVY_COORDINATE,False,False
P:357,N,PARENT_HBN,PARENT,4.89,3.823,3.232,GATE3O_VALIDATED_HEAVY_COORDINATE,False,False
P:358,B,PARENT_HBN,PARENT,4.838,4.068,3.087,GATE3O_VALIDATED_HEAVY_COORDINATE,False,False
P:359,N,PARENT_HBN,PARENT,4.838,4.068,3.232,GATE3O_VALIDATED_HEAVY_COORDINATE,False,False
P:36,B,PARENT_HBN,PARENT,2.727,2.992,2.0,GATE3O_VALIDATED_HEAVY_COORDINATE,False,False
P:360,B,PARENT_HBN,PARENT,4.667,4.402,3.305,GATE3O_VALIDATED_HEAVY_COORDINATE,False,False
P:361,N,PARENT_HBN,PARENT,4.667,4.402,3.45,GATE3O_VALIDATED_HEAVY_COORDINATE,False,False
P:362,B,PARENT_HBN,PARENT,4.5,4.588,3.305,GATE3O_VALIDATED_HEAVY_COORDINATE,False,False
P:363,N,PARENT_HBN,PARENT,4.5,4.588,3.45,GATE3O_VALIDATED_HEAVY_COORDINATE,False,False
P:364,B,PARENT_HBN,PARENT,4.297,4.736,3.305,GATE3O_VALIDATED_HEAVY_COORDINATE,False,False
P:365,N,PARENT_HBN,PARENT,4.297,4.736,3.45,GATE3O_VALIDATED_HEAVY_COORDINATE,False,False
P:366,B,PARENT_HBN,PARENT,4.068,4.838,3.305,GATE3O_VALIDATED_HEAVY_COORDINATE,False,False
P:367,N,PARENT_HBN,PARENT,4.068,4.838,3.45,GATE3O_VALIDATED_HEAVY_COORDINATE,False,False
P:368,B,PARENT_HBN,PARENT,3.823,4.89,3.305,GATE3O_VALIDATED_HEAVY_COORDINATE,False,False
P:369,N,PARENT_HBN,PARENT,3.823,4.89,3.45,GATE3O_VALIDATED_HEAVY_COORDINATE,False,False
P:37,N,PARENT_HBN,PARENT,2.727,2.992,2.145,GATE3O_VALIDATED_HEAVY_COORDINATE,False,False
P:370,B,PARENT_HBN,PARENT,3.572,4.89,3.305,GATE3O_VALIDATED_HEAVY_COORDINATE,False,False
P:371,N,PARENT_HBN,PARENT,3.572,4.89,3.45,GATE3O_VALIDATED_HEAVY_COORDINATE,False,False
P:372,B,PARENT_HBN,PARENT,3.327,4.838,3.305,GATE3O_VALIDATED_HEAVY_COORDINATE,False,False
P:373,N,PARENT_HBN,PARENT,3.327,4.838,3.45,GATE3O_VALIDATED_HEAVY_COORDINATE,False,False
P:374,B,PARENT_HBN,PARENT,3.098,4.736,3.305,GATE3O_VALIDATED_HEAVY_COORDINATE,False,False
P:375,N,PARENT_HBN,PARENT,3.098,4.736,3.45,GATE3O_VALIDATED_HEAVY_COORDINATE,False,False
P:376,B,PARENT_HBN,PARENT,2.895,4.588,3.305,GATE3O_VALIDATED_HEAVY_COORDINATE,False,False
P:377,N,PARENT_HBN,PARENT,2.895,4.588,3.45,GATE3O_VALIDATED_HEAVY_COORDINATE,False,False
P:378,B,PARENT_HBN,PARENT,2.727,4.402,3.305,GATE3O_VALIDATED_HEAVY_COORDINATE,False,False
P:379,N,PARENT_HBN,PARENT,2.727,4.402,3.45,GATE3O_VALIDATED_HEAVY_COORDINATE,False,False
P:38,B,PARENT_HBN,PARENT,2.895,2.806,2.0,GATE3O_VALIDATED_HEAVY_COORDINATE,False,False
P:380,B,PARENT_HBN,PARENT,2.602,4.185,3.305,GATE3O_VALIDATED_HEAVY_COORDINATE,False,False
P:381,N,PARENT_HBN,PARENT,2.602,4.185,3.45,GATE3O_VALIDATED_HEAVY_COORDINATE,False,False
P:382,B,PARENT_HBN,PARENT,2.524,3.947,3.305,GATE3O_VALIDATED_HEAVY_COORDINATE,False,False
P:383,N,PARENT_HBN,PARENT,2.524,3.947,3.45,GATE3O_VALIDATED_HEAVY_COORDINATE,False,False
P:384,B,PARENT_HBN,PARENT,2.498,3.697,3.305,GATE3O_VALIDATED_HEAVY_COORDINATE,False,False
P:385,N,PARENT_HBN,PARENT,2.498,3.697,3.45,GATE3O_VALIDATED_HEAVY_COORDINATE,False,False
P:386,B,PARENT_HBN,PARENT,2.524,3.448,3.305,GATE3O_VALIDATED_HEAVY_COORDINATE,False,False
P:387,N,PARENT_HBN,PARENT,2.524,3.448,3.45,GATE3O_VALIDATED_HEAVY_COORDINATE,False,False
P:388,B,PARENT_HBN,PARENT,2.602,3.21,3.305,GATE3O_VALIDATED_HEAVY_COORDINATE,False,False
P:389,N,PARENT_HBN,PARENT,2.602,3.21,3.45,GATE3O_VALIDATED_HEAVY_COORDINATE,False,False
P:39,N,PARENT_HBN,PARENT,2.895,2.806,2.145,GATE3O_VALIDATED_HEAVY_COORDINATE,False,False
P:390,B,PARENT_HBN,PARENT,2.727,2.992,3.305,GATE3O_VALIDATED_HEAVY_COORDINATE,False,False
P:391,N,PARENT_HBN,PARENT,2.727,2.992,3.45,GATE3O_VALIDATED_HEAVY_COORDINATE,False,False
P:392,B,PARENT_HBN,PARENT,2.895,2.806,3.305,GATE3O_VALIDATED_HEAVY_COORDINATE,False,False
P:393,N,PARENT_HBN,PARENT,2.895,2.806,3.45,GATE3O_VALIDATED_HEAVY_COORDINATE,False,False
P:394,B,PARENT_HBN,PARENT,3.098,2.659,3.305,GATE3O_VALIDATED_HEAVY_COORDINATE,False,False
P:395,N,PARENT_HBN,PARENT,3.098,2.659,3.45,GATE3O_VALIDATED_HEAVY_COORDINATE,False,False
P:396,B,PARENT_HBN,PARENT,3.327,2.557,3.305,GATE3O_VALIDATED_HEAVY_COORDINATE,False,False
P:397,N,PARENT_HBN,PARENT,3.327,2.557,3.45,GATE3O_VALIDATED_HEAVY_COORDINATE,False,False
P:398,B,PARENT_HBN,PARENT,3.572,2.505,3.305,GATE3O_VALIDATED_HEAVY_COORDINATE,False,False
P:399,N,PARENT_HBN,PARENT,3.572,2.505,3.45,GATE3O_VALIDATED_HEAVY_COORDINATE,False,False
P:4,B,PARENT_HBN,PARENT,4.793,4.185,2.0,GATE3O_VALIDATED_HEAVY_COORDINATE,False,False
P:40,B,PARENT_HBN,PARENT,3.098,2.659,2.0,GATE3O_VALIDATED_HEAVY_COORDINATE,False,False
P:400,B,PARENT_HBN,PARENT,3.823,2.505,3.305,GATE3O_VALIDATED_HEAVY_COORDINATE,False,False
P:401,N,PARENT_HBN,PARENT,3.823,2.505,3.45,GATE3O_VALIDATED_HEAVY_COORDINATE,False,False
P:402,B,PARENT_HBN,PARENT,4.068,2.557,3.305,GATE3O_VALIDATED_HEAVY_COORDINATE,False,False
P:403,N,PARENT_HBN,PARENT,4.068,2.557,3.45,GATE3O_VALIDATED_HEAVY_COORDINATE,False,False
P:404,B,PARENT_HBN,PARENT,4.297,2.659,3.305,GATE3O_VALIDATED_HEAVY_COORDINATE,False,False
P:405,N,PARENT_HBN,PARENT,4.297,2.659,3.45,GATE3O_VALIDATED_HEAVY_COORDINATE,False,False
P:406,B,PARENT_HBN,PARENT,4.5,2.806,3.305,GATE3O_VALIDATED_HEAVY_COORDINATE,False,False
P:407,N,PARENT_HBN,PARENT,4.5,2.806,3.45,GATE3O_VALIDATED_HEAVY_COORDINATE,False,False
P:408,B,PARENT_HBN,PARENT,4.667,2.992,3.305,GATE3O_VALIDATED_HEAVY_COORDINATE,False,False
P:409,N,PARENT_HBN,PARENT,4.667,2.992,3.45,GATE3O_VALIDATED_HEAVY_COORDINATE,False,False
P:41,N,PARENT_HBN,PARENT,3.098,2.659,2.145,GATE3O_VALIDATED_HEAVY_COORDINATE,False,False
P:410,B,PARENT_HBN,PARENT,4.793,3.21,3.305,GATE3O_VALIDATED_HEAVY_COORDINATE,False,False
P:411,N,PARENT_HBN,PARENT,4.793,3.21,3.45,GATE3O_VALIDATED_HEAVY_COORDINATE,False,False
P:412,B,PARENT_HBN,PARENT,4.87,3.448,3.305,GATE3O_VALIDATED_HEAVY_COORDINATE,False,False
P:413,N,PARENT_HBN,PARENT,4.87,3.448,3.45,GATE3O_VALIDATED_HEAVY_COORDINATE,False,False
P:414,B,PARENT_HBN,PARENT,4.896,3.697,3.305,GATE3O_VALIDATED_HEAVY_COORDINATE,False,False
P:415,N,PARENT_HBN,PARENT,4.896,3.697,3.45,GATE3O_VALIDATED_HEAVY_COORDINATE,False,False
P:416,B,PARENT_HBN,PARENT,4.87,3.947,3.305,GATE3O_VALIDATED_HEAVY_COORDINATE,False,False
P:417,N,PARENT_HBN,PARENT,4.87,3.947,3.45,GATE3O_VALIDATED_HEAVY_COORDINATE,False,False
P:418,B,PARENT_HBN,PARENT,4.793,4.185,3.305,GATE3O_VALIDATED_HEAVY_COORDINATE,False,False
P:419,N,PARENT_HBN,PARENT,4.793,4.185,3.45,GATE3O_VALIDATED_HEAVY_COORDINATE,False,False
P:42,B,PARENT_HBN,PARENT,3.327,2.557,2.0,GATE3O_VALIDATED_HEAVY_COORDINATE,False,False
P:420,B,PARENT_HBN,PARENT,4.588,4.5,3.522,GATE3O_VALIDATED_HEAVY_COORDINATE,False,False
P:421,N,PARENT_HBN,PARENT,4.588,4.5,3.667,GATE3O_VALIDATED_HEAVY_COORDINATE,False,False
P:422,B,PARENT_HBN,PARENT,4.402,4.667,3.522,GATE3O_VALIDATED_HEAVY_COORDINATE,False,False
P:423,N,PARENT_HBN,PARENT,4.402,4.667,3.667,GATE3O_VALIDATED_HEAVY_COORDINATE,False,False
P:424,B,PARENT_HBN,PARENT,4.185,4.793,3.522,GATE3O_VALIDATED_HEAVY_COORDINATE,False,False
P:425,N,PARENT_HBN,PARENT,4.185,4.793,3.667,GATE3O_VALIDATED_HEAVY_COORDINATE,False,False
P:426,B,PARENT_HBN,PARENT,3.947,4.87,3.522,GATE3O_VALIDATED_HEAVY_COORDINATE,False,False
P:427,N,PARENT_HBN,PARENT,3.947,4.87,3.667,GATE3O_VALIDATED_HEAVY_COORDINATE,False,False
P:428,B,PARENT_HBN,PARENT,3.697,4.896,3.522,GATE3O_VALIDATED_HEAVY_COORDINATE,False,False
P:429,N,PARENT_HBN,PARENT,3.697,4.896,3.667,GATE3O_VALIDATED_HEAVY_COORDINATE,False,False
P:43,N,PARENT_HBN,PARENT,3.327,2.557,2.145,GATE3O_VALIDATED_HEAVY_COORDINATE,False,False
P:430,B,PARENT_HBN,PARENT,3.448,4.87,3.522,GATE3O_VALIDATED_HEAVY_COORDINATE,False,False
P:431,N,PARENT_HBN,PARENT,3.448,4.87,3.667,GATE3O_VALIDATED_HEAVY_COORDINATE,False,False
P:432,B,PARENT_HBN,PARENT,3.21,4.793,3.522,GATE3O_VALIDATED_HEAVY_COORDINATE,False,False
P:433,N,PARENT_HBN,PARENT,3.21,4.793,3.667,GATE3O_VALIDATED_HEAVY_COORDINATE,False,False
P:434,B,PARENT_HBN,PARENT,2.992,4.667,3.522,GATE3O_VALIDATED_HEAVY_COORDINATE,False,False
P:435,N,PARENT_HBN,PARENT,2.992,4.667,3.667,GATE3O_VALIDATED_HEAVY_COORDINATE,False,False
P:436,B,PARENT_HBN,PARENT,2.806,4.5,3.522,GATE3O_VALIDATED_HEAVY_COORDINATE,False,False
P:437,N,PARENT_HBN,PARENT,2.806,4.5,3.667,GATE3O_VALIDATED_HEAVY_COORDINATE,False,False
P:438,B,PARENT_HBN,PARENT,2.659,4.297,3.522,GATE3O_VALIDATED_HEAVY_COORDINATE,False,False
P:439,N,PARENT_HBN,PARENT,2.659,4.297,3.667,GATE3O_VALIDATED_HEAVY_COORDINATE,False,False
P:44,B,PARENT_HBN,PARENT,3.572,2.505,2.0,GATE3O_VALIDATED_HEAVY_COORDINATE,False,False
P:440,B,PARENT_HBN,PARENT,2.557,4.068,3.522,GATE3O_VALIDATED_HEAVY_COORDINATE,False,False
P:441,N,PARENT_HBN,PARENT,2.557,4.068,3.667,GATE3O_VALIDATED_HEAVY_COORDINATE,False,False
P:442,B,PARENT_HBN,PARENT,2.505,3.823,3.522,GATE3O_VALIDATED_HEAVY_COORDINATE,False,False
P:443,N,PARENT_HBN,PARENT,2.505,3.823,3.667,GATE3O_VALIDATED_HEAVY_COORDINATE,False,False
P:444,B,PARENT_HBN,PARENT,2.505,3.572,3.522,GATE3O_VALIDATED_HEAVY_COORDINATE,False,False
P:445,N,PARENT_HBN,PARENT,2.505,3.572,3.667,GATE3O_VALIDATED_HEAVY_COORDINATE,False,False
P:446,B,PARENT_HBN,PARENT,2.557,3.327,3.522,GATE3O_VALIDATED_HEAVY_COORDINATE,False,False
P:447,N,PARENT_HBN,PARENT,2.557,3.327,3.667,GATE3O_VALIDATED_HEAVY_COORDINATE,False,False
P:448,B,PARENT_HBN,PARENT,2.659,3.098,3.522,GATE3O_VALIDATED_HEAVY_COORDINATE,False,False
P:449,N,PARENT_HBN,PARENT,2.659,3.098,3.667,GATE3O_VALIDATED_HEAVY_COORDINATE,False,False
P:45,N,PARENT_HBN,PARENT,3.572,2.505,2.145,GATE3O_VALIDATED_HEAVY_COORDINATE,False,False
P:450,B,PARENT_HBN,PARENT,2.806,2.895,3.522,GATE3O_VALIDATED_HEAVY_COORDINATE,False,False
P:451,N,PARENT_HBN,PARENT,2.806,2.895,3.667,GATE3O_VALIDATED_HEAVY_COORDINATE,False,False
P:452,B,PARENT_HBN,PARENT,2.992,2.727,3.522,GATE3O_VALIDATED_HEAVY_COORDINATE,False,False
P:453,N,PARENT_HBN,PARENT,2.992,2.727,3.667,GATE3O_VALIDATED_HEAVY_COORDINATE,False,False
P:454,B,PARENT_HBN,PARENT,3.21,2.602,3.522,GATE3O_VALIDATED_HEAVY_COORDINATE,False,False
P:455,N,PARENT_HBN,PARENT,3.21,2.602,3.667,GATE3O_VALIDATED_HEAVY_COORDINATE,False,False
P:456,B,PARENT_HBN,PARENT,3.448,2.524,3.522,GATE3O_VALIDATED_HEAVY_COORDINATE,False,False
P:457,N,PARENT_HBN,PARENT,3.448,2.524,3.667,GATE3O_VALIDATED_HEAVY_COORDINATE,False,False
P:458,B,PARENT_HBN,PARENT,3.697,2.498,3.522,GATE3O_VALIDATED_HEAVY_COORDINATE,False,False
P:459,N,PARENT_HBN,PARENT,3.697,2.498,3.667,GATE3O_VALIDATED_HEAVY_COORDINATE,False,False
P:46,B,PARENT_HBN,PARENT,3.823,2.505,2.0,GATE3O_VALIDATED_HEAVY_COORDINATE,False,False
P:460,B,PARENT_HBN,PARENT,3.947,2.524,3.522,GATE3O_VALIDATED_HEAVY_COORDINATE,False,False
P:461,N,PARENT_HBN,PARENT,3.947,2.524,3.667,GATE3O_VALIDATED_HEAVY_COORDINATE,False,False
P:462,B,PARENT_HBN,PARENT,4.185,2.602,3.522,GATE3O_VALIDATED_HEAVY_COORDINATE,False,False
P:463,N,PARENT_HBN,PARENT,4.185,2.602,3.667,GATE3O_VALIDATED_HEAVY_COORDINATE,False,False
P:464,B,PARENT_HBN,PARENT,4.402,2.727,3.522,GATE3O_VALIDATED_HEAVY_COORDINATE,False,False
P:465,N,PARENT_HBN,PARENT,4.402,2.727,3.667,GATE3O_VALIDATED_HEAVY_COORDINATE,False,False
P:466,B,PARENT_HBN,PARENT,4.588,2.895,3.522,GATE3O_VALIDATED_HEAVY_COORDINATE,False,False
P:467,N,PARENT_HBN,PARENT,4.588,2.895,3.667,GATE3O_VALIDATED_HEAVY_COORDINATE,False,False
P:468,B,PARENT_HBN,PARENT,4.736,3.098,3.522,GATE3O_VALIDATED_HEAVY_COORDINATE,False,False
P:469,N,PARENT_HBN,PARENT,4.736,3.098,3.667,GATE3O_VALIDATED_HEAVY_COORDINATE,False,False
P:47,N,PARENT_HBN,PARENT,3.823,2.505,2.145,GATE3O_VALIDATED_HEAVY_COORDINATE,False,False
P:470,B,PARENT_HBN,PARENT,4.838,3.327,3.522,GATE3O_VALIDATED_HEAVY_COORDINATE,False,False
P:471,N,PARENT_HBN,PARENT,4.838,3.327,3.667,GATE3O_VALIDATED_HEAVY_COORDINATE,False,False
P:472,B,PARENT_HBN,PARENT,4.89,3.572,3.522,GATE3O_VALIDATED_HEAVY_COORDINATE,False,False
P:473,N,PARENT_HBN,PARENT,4.89,3.572,3.667,GATE3O_VALIDATED_HEAVY_COORDINATE,False,False
P:474,B,PARENT_HBN,PARENT,4.89,3.823,3.522,GATE3O_VALIDATED_HEAVY_COORDINATE,False,False
P:475,N,PARENT_HBN,PARENT,4.89,3.823,3.667,GATE3O_VALIDATED_HEAVY_COORDINATE,False,False
P:476,B,PARENT_HBN,PARENT,4.838,4.068,3.522,GATE3O_VALIDATED_HEAVY_COORDINATE,False,False
P:477,N,PARENT_HBN,PARENT,4.838,4.068,3.667,GATE3O_VALIDATED_HEAVY_COORDINATE,False,False
P:478,B,PARENT_HBN,PARENT,4.736,4.297,3.522,GATE3O_VALIDATED_HEAVY_COORDINATE,False,False
P:479,N,PARENT_HBN,PARENT,4.736,4.297,3.667,GATE3O_VALIDATED_HEAVY_COORDINATE,False,False
P:48,B,PARENT_HBN,PARENT,4.068,2.557,2.0,GATE3O_VALIDATED_HEAVY_COORDINATE,False,False
P:480,B,PARENT_HBN,PARENT,4.5,4.588,3.74,GATE3O_VALIDATED_HEAVY_COORDINATE,False,False
P:481,N,PARENT_HBN,PARENT,4.5,4.588,3.885,GATE3O_VALIDATED_HEAVY_COORDINATE,False,False
P:482,B,PARENT_HBN,PARENT,4.297,4.736,3.74,GATE3O_VALIDATED_HEAVY_COORDINATE,False,False
P:483,N,PARENT_HBN,PARENT,4.297,4.736,3.885,GATE3O_VALIDATED_HEAVY_COORDINATE,False,False
P:484,B,PARENT_HBN,PARENT,4.068,4.838,3.74,GATE3O_VALIDATED_HEAVY_COORDINATE,False,False
P:485,N,PARENT_HBN,PARENT,4.068,4.838,3.885,GATE3O_VALIDATED_HEAVY_COORDINATE,False,False
P:486,B,PARENT_HBN,PARENT,3.823,4.89,3.74,GATE3O_VALIDATED_HEAVY_COORDINATE,False,False
P:487,N,PARENT_HBN,PARENT,3.823,4.89,3.885,GATE3O_VALIDATED_HEAVY_COORDINATE,False,False
P:488,B,PARENT_HBN,PARENT,3.572,4.89,3.74,GATE3O_VALIDATED_HEAVY_COORDINATE,False,False
P:489,N,PARENT_HBN,PARENT,3.572,4.89,3.885,GATE3O_VALIDATED_HEAVY_COORDINATE,False,False
P:49,N,PARENT_HBN,PARENT,4.068,2.557,2.145,GATE3O_VALIDATED_HEAVY_COORDINATE,False,False
P:490,B,PARENT_HBN,PARENT,3.327,4.838,3.74,GATE3O_VALIDATED_HEAVY_COORDINATE,False,False
P:491,N,PARENT_HBN,PARENT,3.327,4.838,3.885,GATE3O_VALIDATED_HEAVY_COORDINATE,False,False
P:492,B,PARENT_HBN,PARENT,3.098,4.736,3.74,GATE3O_VALIDATED_HEAVY_COORDINATE,False,False
P:493,N,PARENT_HBN,PARENT,3.098,4.736,3.885,GATE3O_VALIDATED_HEAVY_COORDINATE,False,False
P:494,B,PARENT_HBN,PARENT,2.895,4.588,3.74,GATE3O_VALIDATED_HEAVY_COORDINATE,False,False
P:495,N,PARENT_HBN,PARENT,2.895,4.588,3.885,GATE3O_VALIDATED_HEAVY_COORDINATE,False,False
P:496,B,PARENT_HBN,PARENT,2.727,4.402,3.74,GATE3O_VALIDATED_HEAVY_COORDINATE,False,False
P:497,N,PARENT_HBN,PARENT,2.727,4.402,3.885,GATE3O_VALIDATED_HEAVY_COORDINATE,False,False
P:498,B,PARENT_HBN,PARENT,2.602,4.185,3.74,GATE3O_VALIDATED_HEAVY_COORDINATE,False,False
P:499,N,PARENT_HBN,PARENT,2.602,4.185,3.885,GATE3O_VALIDATED_HEAVY_COORDINATE,False,False
P:5,N,PARENT_HBN,PARENT,4.793,4.185,2.145,GATE3O_VALIDATED_HEAVY_COORDINATE,False,False
P:50,B,PARENT_HBN,PARENT,4.297,2.659,2.0,GATE3O_VALIDATED_HEAVY_COORDINATE,False,False
P:500,B,PARENT_HBN,PARENT,2.524,3.947,3.74,GATE3O_VALIDATED_HEAVY_COORDINATE,False,False
P:501,N,PARENT_HBN,PARENT,2.524,3.947,3.885,GATE3O_VALIDATED_HEAVY_COORDINATE,False,False
P:502,B,PARENT_HBN,PARENT,2.498,3.697,3.74,GATE3O_VALIDATED_HEAVY_COORDINATE,False,False
P:503,N,PARENT_HBN,PARENT,2.498,3.697,3.885,GATE3O_VALIDATED_HEAVY_COORDINATE,False,False
P:504,B,PARENT_HBN,PARENT,2.524,3.448,3.74,GATE3O_VALIDATED_HEAVY_COORDINATE,False,False
P:505,N,PARENT_HBN,PARENT,2.524,3.448,3.885,GATE3O_VALIDATED_HEAVY_COORDINATE,False,False
P:506,B,PARENT_HBN,PARENT,2.602,3.21,3.74,GATE3O_VALIDATED_HEAVY_COORDINATE,False,False
P:507,N,PARENT_HBN,PARENT,2.602,3.21,3.885,GATE3O_VALIDATED_HEAVY_COORDINATE,False,False
P:508,B,PARENT_HBN,PARENT,2.727,2.992,3.74,GATE3O_VALIDATED_HEAVY_COORDINATE,False,False
P:509,N,PARENT_HBN,PARENT,2.727,2.992,3.885,GATE3O_VALIDATED_HEAVY_COORDINATE,False,False
P:51,N,PARENT_HBN,PARENT,4.297,2.659,2.145,GATE3O_VALIDATED_HEAVY_COORDINATE,False,False
P:510,B,PARENT_HBN,PARENT,2.895,2.806,3.74,GATE3O_VALIDATED_HEAVY_COORDINATE,False,False
P:511,N,PARENT_HBN,PARENT,2.895,2.806,3.885,GATE3O_VALIDATED_HEAVY_COORDINATE,False,False
P:512,B,PARENT_HBN,PARENT,3.098,2.659,3.74,GATE3O_VALIDATED_HEAVY_COORDINATE,False,False
P:513,N,PARENT_HBN,PARENT,3.098,2.659,3.885,GATE3O_VALIDATED_HEAVY_COORDINATE,False,False
P:514,B,PARENT_HBN,PARENT,3.327,2.557,3.74,GATE3O_VALIDATED_HEAVY_COORDINATE,False,False
P:515,N,PARENT_HBN,PARENT,3.327,2.557,3.885,GATE3O_VALIDATED_HEAVY_COORDINATE,False,False
P:516,B,PARENT_HBN,PARENT,3.572,2.505,3.74,GATE3O_VALIDATED_HEAVY_COORDINATE,False,False
P:517,N,PARENT_HBN,PARENT,3.572,2.505,3.885,GATE3O_VALIDATED_HEAVY_COORDINATE,False,False
P:518,B,PARENT_HBN,PARENT,3.823,2.505,3.74,GATE3O_VALIDATED_HEAVY_COORDINATE,False,False
P:519,N,PARENT_HBN,PARENT,3.823,2.505,3.885,GATE3O_VALIDATED_HEAVY_COORDINATE,False,False
P:52,B,PARENT_HBN,PARENT,4.5,2.806,2.0,GATE3O_VALIDATED_HEAVY_COORDINATE,False,False
P:520,B,PARENT_HBN,PARENT,4.068,2.557,3.74,GATE3O_VALIDATED_HEAVY_COORDINATE,False,False
P:521,N,PARENT_HBN,PARENT,4.068,2.557,3.885,GATE3O_VALIDATED_HEAVY_COORDINATE,False,False
P:522,B,PARENT_HBN,PARENT,4.297,2.659,3.74,GATE3O_VALIDATED_HEAVY_COORDINATE,False,False
P:523,N,PARENT_HBN,PARENT,4.297,2.659,3.885,GATE3O_VALIDATED_HEAVY_COORDINATE,False,False
P:524,B,PARENT_HBN,PARENT,4.5,2.806,3.74,GATE3O_VALIDATED_HEAVY_COORDINATE,False,False
P:525,N,PARENT_HBN,PARENT,4.5,2.806,3.885,GATE3O_VALIDATED_HEAVY_COORDINATE,False,False
P:526,B,PARENT_HBN,PARENT,4.667,2.992,3.74,GATE3O_VALIDATED_HEAVY_COORDINATE,False,False
P:527,N,PARENT_HBN,PARENT,4.667,2.992,3.885,GATE3O_VALIDATED_HEAVY_COORDINATE,False,False
P:528,B,PARENT_HBN,PARENT,4.793,3.21,3.74,GATE3O_VALIDATED_HEAVY_COORDINATE,False,False
P:529,N,PARENT_HBN,PARENT,4.793,3.21,3.885,GATE3O_VALIDATED_HEAVY_COORDINATE,False,False
P:53,N,PARENT_HBN,PARENT,4.5,2.806,2.145,GATE3O_VALIDATED_HEAVY_COORDINATE,False,False
P:530,B,PARENT_HBN,PARENT,4.87,3.448,3.74,GATE3O_VALIDATED_HEAVY_COORDINATE,False,False
P:531,N,PARENT_HBN,PARENT,4.87,3.448,3.885,GATE3O_VALIDATED_HEAVY_COORDINATE,False,False
P:532,B,PARENT_HBN,PARENT,4.896,3.697,3.74,GATE3O_VALIDATED_HEAVY_COORDINATE,False,False
P:533,N,PARENT_HBN,PARENT,4.896,3.697,3.885,GATE3O_VALIDATED_HEAVY_COORDINATE,False,False
P:534,B,PARENT_HBN,PARENT,4.87,3.947,3.74,GATE3O_VALIDATED_HEAVY_COORDINATE,False,False
P:535,N,PARENT_HBN,PARENT,4.87,3.947,3.885,GATE3O_VALIDATED_HEAVY_COORDINATE,False,False
P:536,B,PARENT_HBN,PARENT,4.793,4.185,3.74,GATE3O_VALIDATED_HEAVY_COORDINATE,False,False
P:537,N,PARENT_HBN,PARENT,4.793,4.185,3.885,GATE3O_VALIDATED_HEAVY_COORDINATE,False,False
P:538,B,PARENT_HBN,PARENT,4.667,4.402,3.74,GATE3O_VALIDATED_HEAVY_COORDINATE,False,False
P:539,N,PARENT_HBN,PARENT,4.667,4.402,3.885,GATE3O_VALIDATED_HEAVY_COORDINATE,False,False
P:54,B,PARENT_HBN,PARENT,4.667,2.992,2.0,GATE3O_VALIDATED_HEAVY_COORDINATE,False,False
P:540,B,PARENT_HBN,PARENT,4.402,4.667,3.958,GATE3O_VALIDATED_HEAVY_COORDINATE,False,False
P:541,N,PARENT_HBN,PARENT,4.402,4.667,4.103,GATE3O_VALIDATED_HEAVY_COORDINATE,False,False
P:542,B,PARENT_HBN,PARENT,4.185,4.793,3.958,GATE3O_VALIDATED_HEAVY_COORDINATE,False,False
P:543,N,PARENT_HBN,PARENT,4.185,4.793,4.103,GATE3O_VALIDATED_HEAVY_COORDINATE,False,False
P:544,B,PARENT_HBN,PARENT,3.947,4.87,3.958,GATE3O_VALIDATED_HEAVY_COORDINATE,False,False
P:545,N,PARENT_HBN,PARENT,3.947,4.87,4.103,GATE3O_VALIDATED_HEAVY_COORDINATE,False,False
P:546,B,PARENT_HBN,PARENT,3.697,4.896,3.958,GATE3O_VALIDATED_HEAVY_COORDINATE,False,False
P:547,N,PARENT_HBN,PARENT,3.697,4.896,4.103,GATE3O_VALIDATED_HEAVY_COORDINATE,False,False
P:548,B,PARENT_HBN,PARENT,3.448,4.87,3.958,GATE3O_VALIDATED_HEAVY_COORDINATE,False,False
P:549,N,PARENT_HBN,PARENT,3.448,4.87,4.103,GATE3O_VALIDATED_HEAVY_COORDINATE,False,False
P:55,N,PARENT_HBN,PARENT,4.667,2.992,2.145,GATE3O_VALIDATED_HEAVY_COORDINATE,False,False
P:550,B,PARENT_HBN,PARENT,3.21,4.793,3.958,GATE3O_VALIDATED_HEAVY_COORDINATE,False,False
P:551,N,PARENT_HBN,PARENT,3.21,4.793,4.103,GATE3O_VALIDATED_HEAVY_COORDINATE,False,False
P:552,B,PARENT_HBN,PARENT,2.992,4.667,3.958,GATE3O_VALIDATED_HEAVY_COORDINATE,False,False
P:553,N,PARENT_HBN,PARENT,2.992,4.667,4.103,GATE3O_VALIDATED_HEAVY_COORDINATE,False,False
P:554,B,PARENT_HBN,PARENT,2.806,4.5,3.958,GATE3O_VALIDATED_HEAVY_COORDINATE,False,False
P:555,N,PARENT_HBN,PARENT,2.806,4.5,4.103,GATE3O_VALIDATED_HEAVY_COORDINATE,False,False
P:556,B,PARENT_HBN,PARENT,2.659,4.297,3.958,GATE3O_VALIDATED_HEAVY_COORDINATE,False,False
P:557,N,PARENT_HBN,PARENT,2.659,4.297,4.103,GATE3O_VALIDATED_HEAVY_COORDINATE,False,False
P:558,B,PARENT_HBN,PARENT,2.557,4.068,3.958,GATE3O_VALIDATED_HEAVY_COORDINATE,False,False
P:559,N,PARENT_HBN,PARENT,2.557,4.068,4.103,GATE3O_VALIDATED_HEAVY_COORDINATE,False,False
P:56,B,PARENT_HBN,PARENT,4.793,3.21,2.0,GATE3O_VALIDATED_HEAVY_COORDINATE,False,False
P:560,B,PARENT_HBN,PARENT,2.505,3.823,3.958,GATE3O_VALIDATED_HEAVY_COORDINATE,False,False
P:561,N,PARENT_HBN,PARENT,2.505,3.823,4.103,GATE3O_VALIDATED_HEAVY_COORDINATE,False,False
P:562,B,PARENT_HBN,PARENT,2.505,3.572,3.958,GATE3O_VALIDATED_HEAVY_COORDINATE,False,False
P:563,N,PARENT_HBN,PARENT,2.505,3.572,4.103,GATE3O_VALIDATED_HEAVY_COORDINATE,False,False
P:564,B,PARENT_HBN,PARENT,2.557,3.327,3.958,GATE3O_VALIDATED_HEAVY_COORDINATE,False,False
P:565,N,PARENT_HBN,PARENT,2.557,3.327,4.103,GATE3O_VALIDATED_HEAVY_COORDINATE,False,False
P:566,B,PARENT_HBN,PARENT,2.659,3.098,3.958,GATE3O_VALIDATED_HEAVY_COORDINATE,False,False
P:567,N,PARENT_HBN,PARENT,2.659,3.098,4.103,GATE3O_VALIDATED_HEAVY_COORDINATE,False,False
P:568,B,PARENT_HBN,PARENT,2.806,2.895,3.958,GATE3O_VALIDATED_HEAVY_COORDINATE,False,False
P:569,N,PARENT_HBN,PARENT,2.806,2.895,4.103,GATE3O_VALIDATED_HEAVY_COORDINATE,False,False
P:57,N,PARENT_HBN,PARENT,4.793,3.21,2.145,GATE3O_VALIDATED_HEAVY_COORDINATE,False,False
P:570,B,PARENT_HBN,PARENT,2.992,2.727,3.958,GATE3O_VALIDATED_HEAVY_COORDINATE,False,False
P:571,N,PARENT_HBN,PARENT,2.992,2.727,4.103,GATE3O_VALIDATED_HEAVY_COORDINATE,False,False
P:572,B,PARENT_HBN,PARENT,3.21,2.602,3.958,GATE3O_VALIDATED_HEAVY_COORDINATE,False,False
P:573,N,PARENT_HBN,PARENT,3.21,2.602,4.103,GATE3O_VALIDATED_HEAVY_COORDINATE,False,False
P:574,B,PARENT_HBN,PARENT,3.448,2.524,3.958,GATE3O_VALIDATED_HEAVY_COORDINATE,False,False
P:575,N,PARENT_HBN,PARENT,3.448,2.524,4.103,GATE3O_VALIDATED_HEAVY_COORDINATE,False,False
P:576,B,PARENT_HBN,PARENT,3.697,2.498,3.958,GATE3O_VALIDATED_HEAVY_COORDINATE,False,False
P:577,N,PARENT_HBN,PARENT,3.697,2.498,4.103,GATE3O_VALIDATED_HEAVY_COORDINATE,False,False
P:578,B,PARENT_HBN,PARENT,3.947,2.524,3.958,GATE3O_VALIDATED_HEAVY_COORDINATE,False,False
P:579,N,PARENT_HBN,PARENT,3.947,2.524,4.103,GATE3O_VALIDATED_HEAVY_COORDINATE,False,False
P:58,B,PARENT_HBN,PARENT,4.87,3.448,2.0,GATE3O_VALIDATED_HEAVY_COORDINATE,False,False
P:580,B,PARENT_HBN,PARENT,4.185,2.602,3.958,GATE3O_VALIDATED_HEAVY_COORDINATE,False,False
P:581,N,PARENT_HBN,PARENT,4.185,2.602,4.103,GATE3O_VALIDATED_HEAVY_COORDINATE,False,False
P:582,B,PARENT_HBN,PARENT,4.402,2.727,3.958,GATE3O_VALIDATED_HEAVY_COORDINATE,False,False
P:583,N,PARENT_HBN,PARENT,4.402,2.727,4.103,GATE3O_VALIDATED_HEAVY_COORDINATE,False,False
P:584,B,PARENT_HBN,PARENT,4.588,2.895,3.958,GATE3O_VALIDATED_HEAVY_COORDINATE,False,False
P:585,N,PARENT_HBN,PARENT,4.588,2.895,4.103,GATE3O_VALIDATED_HEAVY_COORDINATE,False,False
P:586,B,PARENT_HBN,PARENT,4.736,3.098,3.958,GATE3O_VALIDATED_HEAVY_COORDINATE,False,False
P:587,N,PARENT_HBN,PARENT,4.736,3.098,4.103,GATE3O_VALIDATED_HEAVY_COORDINATE,False,False
P:588,B,PARENT_HBN,PARENT,4.838,3.327,3.958,GATE3O_VALIDATED_HEAVY_COORDINATE,False,False
P:589,N,PARENT_HBN,PARENT,4.838,3.327,4.103,GATE3O_VALIDATED_HEAVY_COORDINATE,False,False
P:59,N,PARENT_HBN,PARENT,4.87,3.448,2.145,GATE3O_VALIDATED_HEAVY_COORDINATE,False,False
P:590,B,PARENT_HBN,PARENT,4.89,3.572,3.958,GATE3O_VALIDATED_HEAVY_COORDINATE,False,False
P:591,N,PARENT_HBN,PARENT,4.89,3.572,4.103,GATE3O_VALIDATED_HEAVY_COORDINATE,False,False
P:592,B,PARENT_HBN,PARENT,4.89,3.823,3.958,GATE3O_VALIDATED_HEAVY_COORDINATE,False,False
P:593,N,PARENT_HBN,PARENT,4.89,3.823,4.103,GATE3O_VALIDATED_HEAVY_COORDINATE,False,False
P:594,B,PARENT_HBN,PARENT,4.838,4.068,3.958,GATE3O_VALIDATED_HEAVY_COORDINATE,False,False
P:595,N,PARENT_HBN,PARENT,4.838,4.068,4.103,GATE3O_VALIDATED_HEAVY_COORDINATE,False,False
P:596,B,PARENT_HBN,PARENT,4.736,4.297,3.958,GATE3O_VALIDATED_HEAVY_COORDINATE,False,False
P:597,N,PARENT_HBN,PARENT,4.736,4.297,4.103,GATE3O_VALIDATED_HEAVY_COORDINATE,False,False
P:598,B,PARENT_HBN,PARENT,4.588,4.5,3.958,GATE3O_VALIDATED_HEAVY_COORDINATE,False,False
P:599,N,PARENT_HBN,PARENT,4.588,4.5,4.103,GATE3O_VALIDATED_HEAVY_COORDINATE,False,False
P:6,B,PARENT_HBN,PARENT,4.667,4.402,2.0,GATE3O_VALIDATED_HEAVY_COORDINATE,False,False
P:60,B,PARENT_HBN,PARENT,4.89,3.823,2.217,GATE3O_VALIDATED_HEAVY_COORDINATE,False,False
P:600,B,PARENT_HBN,PARENT,4.297,4.736,4.175,GATE3O_VALIDATED_HEAVY_COORDINATE,False,False
P:601,N,PARENT_HBN,PARENT,4.297,4.736,4.32,GATE3O_VALIDATED_HEAVY_COORDINATE,False,False
P:602,B,PARENT_HBN,PARENT,4.068,4.838,4.175,GATE3O_VALIDATED_HEAVY_COORDINATE,False,False
P:603,N,PARENT_HBN,PARENT,4.068,4.838,4.32,GATE3O_VALIDATED_HEAVY_COORDINATE,False,False
P:604,B,PARENT_HBN,PARENT,3.823,4.89,4.175,GATE3O_VALIDATED_HEAVY_COORDINATE,False,False
P:605,N,PARENT_HBN,PARENT,3.823,4.89,4.32,GATE3O_VALIDATED_HEAVY_COORDINATE,False,False
P:606,B,PARENT_HBN,PARENT,3.572,4.89,4.175,GATE3O_VALIDATED_HEAVY_COORDINATE,False,False
P:607,N,PARENT_HBN,PARENT,3.572,4.89,4.32,GATE3O_VALIDATED_HEAVY_COORDINATE,False,False
P:608,B,PARENT_HBN,PARENT,3.327,4.838,4.175,GATE3O_VALIDATED_HEAVY_COORDINATE,False,False
P:609,N,PARENT_HBN,PARENT,3.327,4.838,4.32,GATE3O_VALIDATED_HEAVY_COORDINATE,False,False
P:61,N,PARENT_HBN,PARENT,4.89,3.823,2.362,GATE3O_VALIDATED_HEAVY_COORDINATE,False,False
P:610,B,PARENT_HBN,PARENT,3.098,4.736,4.175,GATE3O_VALIDATED_HEAVY_COORDINATE,False,False
P:611,N,PARENT_HBN,PARENT,3.098,4.736,4.32,GATE3O_VALIDATED_HEAVY_COORDINATE,False,False
P:612,B,PARENT_HBN,PARENT,2.895,4.588,4.175,GATE3O_VALIDATED_HEAVY_COORDINATE,False,False
P:613,N,PARENT_HBN,PARENT,2.895,4.588,4.32,GATE3O_VALIDATED_HEAVY_COORDINATE,False,False
P:614,B,PARENT_HBN,PARENT,2.727,4.402,4.175,GATE3O_VALIDATED_HEAVY_COORDINATE,False,False
P:615,N,PARENT_HBN,PARENT,2.727,4.402,4.32,GATE3O_VALIDATED_HEAVY_COORDINATE,False,False
P:616,B,PARENT_HBN,PARENT,2.602,4.185,4.175,GATE3O_VALIDATED_HEAVY_COORDINATE,False,False
P:617,N,PARENT_HBN,PARENT,2.602,4.185,4.32,GATE3O_VALIDATED_HEAVY_COORDINATE,False,False
P:618,B,PARENT_HBN,PARENT,2.524,3.947,4.175,GATE3O_VALIDATED_HEAVY_COORDINATE,False,False
P:619,N,PARENT_HBN,PARENT,2.524,3.947,4.32,GATE3O_VALIDATED_HEAVY_COORDINATE,False,False
P:62,B,PARENT_HBN,PARENT,4.838,4.068,2.217,GATE3O_VALIDATED_HEAVY_COORDINATE,False,False
P:620,B,PARENT_HBN,PARENT,2.498,3.697,4.175,GATE3O_VALIDATED_HEAVY_COORDINATE,False,False
P:621,N,PARENT_HBN,PARENT,2.498,3.697,4.32,GATE3O_VALIDATED_HEAVY_COORDINATE,False,False
P:622,B,PARENT_HBN,PARENT,2.524,3.448,4.175,GATE3O_VALIDATED_HEAVY_COORDINATE,False,False
P:623,N,PARENT_HBN,PARENT,2.524,3.448,4.32,GATE3O_VALIDATED_HEAVY_COORDINATE,False,False
P:624,B,PARENT_HBN,PARENT,2.602,3.21,4.175,GATE3O_VALIDATED_HEAVY_COORDINATE,False,False
P:625,N,PARENT_HBN,PARENT,2.602,3.21,4.32,GATE3O_VALIDATED_HEAVY_COORDINATE,False,False
P:626,B,PARENT_HBN,PARENT,2.727,2.992,4.175,GATE3O_VALIDATED_HEAVY_COORDINATE,False,False
P:627,N,PARENT_HBN,PARENT,2.727,2.992,4.32,GATE3O_VALIDATED_HEAVY_COORDINATE,False,False
P:628,B,PARENT_HBN,PARENT,2.895,2.806,4.175,GATE3O_VALIDATED_HEAVY_COORDINATE,False,False
P:629,N,PARENT_HBN,PARENT,2.895,2.806,4.32,GATE3O_VALIDATED_HEAVY_COORDINATE,False,False
P:63,N,PARENT_HBN,PARENT,4.838,4.068,2.362,GATE3O_VALIDATED_HEAVY_COORDINATE,False,False
P:630,B,PARENT_HBN,PARENT,3.098,2.659,4.175,GATE3O_VALIDATED_HEAVY_COORDINATE,False,False
P:631,N,PARENT_HBN,PARENT,3.098,2.659,4.32,GATE3O_VALIDATED_HEAVY_COORDINATE,False,False
P:632,B,PARENT_HBN,PARENT,3.327,2.557,4.175,GATE3O_VALIDATED_HEAVY_COORDINATE,False,False
P:633,N,PARENT_HBN,PARENT,3.327,2.557,4.32,GATE3O_VALIDATED_HEAVY_COORDINATE,False,False
P:634,B,PARENT_HBN,PARENT,3.572,2.505,4.175,GATE3O_VALIDATED_HEAVY_COORDINATE,False,False
P:635,N,PARENT_HBN,PARENT,3.572,2.505,4.32,GATE3O_VALIDATED_HEAVY_COORDINATE,False,False
P:636,B,PARENT_HBN,PARENT,3.823,2.505,4.175,GATE3O_VALIDATED_HEAVY_COORDINATE,False,False
P:637,N,PARENT_HBN,PARENT,3.823,2.505,4.32,GATE3O_VALIDATED_HEAVY_COORDINATE,False,False
P:638,B,PARENT_HBN,PARENT,4.068,2.557,4.175,GATE3O_VALIDATED_HEAVY_COORDINATE,False,False
P:639,N,PARENT_HBN,PARENT,4.068,2.557,4.32,GATE3O_VALIDATED_HEAVY_COORDINATE,False,False
P:64,B,PARENT_HBN,PARENT,4.736,4.297,2.217,GATE3O_VALIDATED_HEAVY_COORDINATE,False,False
P:640,B,PARENT_HBN,PARENT,4.297,2.659,4.175,GATE3O_VALIDATED_HEAVY_COORDINATE,False,False
P:641,N,PARENT_HBN,PARENT,4.297,2.659,4.32,GATE3O_VALIDATED_HEAVY_COORDINATE,False,False
P:642,B,PARENT_HBN,PARENT,4.5,2.806,4.175,GATE3O_VALIDATED_HEAVY_COORDINATE,False,False
P:643,N,PARENT_HBN,PARENT,4.5,2.806,4.32,GATE3O_VALIDATED_HEAVY_COORDINATE,False,False
P:644,B,PARENT_HBN,PARENT,4.667,2.992,4.175,GATE3O_VALIDATED_HEAVY_COORDINATE,False,False
P:645,N,PARENT_HBN,PARENT,4.667,2.992,4.32,GATE3O_VALIDATED_HEAVY_COORDINATE,False,False
P:646,B,PARENT_HBN,PARENT,4.793,3.21,4.175,GATE3O_VALIDATED_HEAVY_COORDINATE,False,False
P:647,N,PARENT_HBN,PARENT,4.793,3.21,4.32,GATE3O_VALIDATED_HEAVY_COORDINATE,False,False
P:648,B,PARENT_HBN,PARENT,4.87,3.448,4.175,GATE3O_VALIDATED_HEAVY_COORDINATE,False,False
P:649,N,PARENT_HBN,PARENT,4.87,3.448,4.32,GATE3O_VALIDATED_HEAVY_COORDINATE,False,False
P:65,N,PARENT_HBN,PARENT,4.736,4.297,2.362,GATE3O_VALIDATED_HEAVY_COORDINATE,False,False
P:650,B,PARENT_HBN,PARENT,4.896,3.697,4.175,GATE3O_VALIDATED_HEAVY_COORDINATE,False,False
P:651,N,PARENT_HBN,PARENT,4.896,3.697,4.32,GATE3O_VALIDATED_HEAVY_COORDINATE,False,False
P:652,B,PARENT_HBN,PARENT,4.87,3.947,4.175,GATE3O_VALIDATED_HEAVY_COORDINATE,False,False
P:653,N,PARENT_HBN,PARENT,4.87,3.947,4.32,GATE3O_VALIDATED_HEAVY_COORDINATE,False,False
P:654,B,PARENT_HBN,PARENT,4.793,4.185,4.175,GATE3O_VALIDATED_HEAVY_COORDINATE,False,False
P:655,N,PARENT_HBN,PARENT,4.793,4.185,4.32,GATE3O_VALIDATED_HEAVY_COORDINATE,False,False
P:656,B,PARENT_HBN,PARENT,4.667,4.402,4.175,GATE3O_VALIDATED_HEAVY_COORDINATE,False,False
P:657,N,PARENT_HBN,PARENT,4.667,4.402,4.32,GATE3O_VALIDATED_HEAVY_COORDINATE,False,False
P:658,B,PARENT_HBN,PARENT,4.5,4.588,4.175,GATE3O_VALIDATED_HEAVY_COORDINATE,False,False
P:659,N,PARENT_HBN,PARENT,4.5,4.588,4.32,GATE3O_VALIDATED_HEAVY_COORDINATE,False,False
P:66,B,PARENT_HBN,PARENT,4.588,4.5,2.217,GATE3O_VALIDATED_HEAVY_COORDINATE,False,False
P:660,B,PARENT_HBN,PARENT,4.185,4.793,4.393,GATE3O_VALIDATED_HEAVY_COORDINATE,False,False
P:661,N,PARENT_HBN,PARENT,4.185,4.793,4.537,GATE3O_VALIDATED_HEAVY_COORDINATE,False,False
P:662,B,PARENT_HBN,PARENT,3.947,4.87,4.393,GATE3O_VALIDATED_HEAVY_COORDINATE,False,False
P:663,N,PARENT_HBN,PARENT,3.947,4.87,4.537,GATE3O_VALIDATED_HEAVY_COORDINATE,False,False
P:664,B,PARENT_HBN,PARENT,3.697,4.896,4.393,GATE3O_VALIDATED_HEAVY_COORDINATE,False,False
P:665,N,PARENT_HBN,PARENT,3.697,4.896,4.537,GATE3O_VALIDATED_HEAVY_COORDINATE,False,False
P:666,B,PARENT_HBN,PARENT,3.448,4.87,4.393,GATE3O_VALIDATED_HEAVY_COORDINATE,False,False
P:667,N,PARENT_HBN,PARENT,3.448,4.87,4.537,GATE3O_VALIDATED_HEAVY_COORDINATE,False,False
P:668,B,PARENT_HBN,PARENT,3.21,4.793,4.393,GATE3O_VALIDATED_HEAVY_COORDINATE,False,False
P:669,N,PARENT_HBN,PARENT,3.21,4.793,4.537,GATE3O_VALIDATED_HEAVY_COORDINATE,False,False
P:67,N,PARENT_HBN,PARENT,4.588,4.5,2.362,GATE3O_VALIDATED_HEAVY_COORDINATE,False,False
P:670,B,PARENT_HBN,PARENT,2.992,4.667,4.393,GATE3O_VALIDATED_HEAVY_COORDINATE,False,False
P:671,N,PARENT_HBN,PARENT,2.992,4.667,4.537,GATE3O_VALIDATED_HEAVY_COORDINATE,False,False
P:672,B,PARENT_HBN,PARENT,2.806,4.5,4.393,GATE3O_VALIDATED_HEAVY_COORDINATE,False,False
P:673,N,PARENT_HBN,PARENT,2.806,4.5,4.537,GATE3O_VALIDATED_HEAVY_COORDINATE,False,False
P:674,B,PARENT_HBN,PARENT,2.659,4.297,4.393,GATE3O_VALIDATED_HEAVY_COORDINATE,False,False
P:675,N,PARENT_HBN,PARENT,2.659,4.297,4.537,GATE3O_VALIDATED_HEAVY_COORDINATE,False,False
P:676,B,PARENT_HBN,PARENT,2.557,4.068,4.393,GATE3O_VALIDATED_HEAVY_COORDINATE,False,False
P:677,N,PARENT_HBN,PARENT,2.557,4.068,4.537,GATE3O_VALIDATED_HEAVY_COORDINATE,False,False
P:678,B,PARENT_HBN,PARENT,2.505,3.823,4.393,GATE3O_VALIDATED_HEAVY_COORDINATE,False,False
P:679,N,PARENT_HBN,PARENT,2.505,3.823,4.537,GATE3O_VALIDATED_HEAVY_COORDINATE,False,False
P:68,B,PARENT_HBN,PARENT,4.402,4.667,2.217,GATE3O_VALIDATED_HEAVY_COORDINATE,False,False
P:680,B,PARENT_HBN,PARENT,2.505,3.572,4.393,GATE3O_VALIDATED_HEAVY_COORDINATE,False,False
P:681,N,PARENT_HBN,PARENT,2.505,3.572,4.537,GATE3O_VALIDATED_HEAVY_COORDINATE,False,False
P:682,B,PARENT_HBN,PARENT,2.557,3.327,4.393,GATE3O_VALIDATED_HEAVY_COORDINATE,False,False
P:683,N,PARENT_HBN,PARENT,2.557,3.327,4.537,GATE3O_VALIDATED_HEAVY_COORDINATE,False,False
P:684,B,PARENT_HBN,PARENT,2.659,3.098,4.393,GATE3O_VALIDATED_HEAVY_COORDINATE,False,False
P:685,N,PARENT_HBN,PARENT,2.659,3.098,4.537,GATE3O_VALIDATED_HEAVY_COORDINATE,False,False
P:686,B,PARENT_HBN,PARENT,2.806,2.895,4.393,GATE3O_VALIDATED_HEAVY_COORDINATE,False,False
P:687,N,PARENT_HBN,PARENT,2.806,2.895,4.537,GATE3O_VALIDATED_HEAVY_COORDINATE,False,False
P:688,B,PARENT_HBN,PARENT,2.992,2.727,4.393,GATE3O_VALIDATED_HEAVY_COORDINATE,False,False
P:689,N,PARENT_HBN,PARENT,2.992,2.727,4.537,GATE3O_VALIDATED_HEAVY_COORDINATE,False,False
P:69,N,PARENT_HBN,PARENT,4.402,4.667,2.362,GATE3O_VALIDATED_HEAVY_COORDINATE,False,False
P:690,B,PARENT_HBN,PARENT,3.21,2.602,4.393,GATE3O_VALIDATED_HEAVY_COORDINATE,False,False
P:691,N,PARENT_HBN,PARENT,3.21,2.602,4.537,GATE3O_VALIDATED_HEAVY_COORDINATE,False,False
P:692,B,PARENT_HBN,PARENT,3.448,2.524,4.393,GATE3O_VALIDATED_HEAVY_COORDINATE,False,False
P:693,N,PARENT_HBN,PARENT,3.448,2.524,4.537,GATE3O_VALIDATED_HEAVY_COORDINATE,False,False
P:694,B,PARENT_HBN,PARENT,3.697,2.498,4.393,GATE3O_VALIDATED_HEAVY_COORDINATE,False,False
P:695,N,PARENT_HBN,PARENT,3.697,2.498,4.537,GATE3O_VALIDATED_HEAVY_COORDINATE,False,False
P:696,B,PARENT_HBN,PARENT,3.947,2.524,4.393,GATE3O_VALIDATED_HEAVY_COORDINATE,False,False
P:697,N,PARENT_HBN,PARENT,3.947,2.524,4.537,GATE3O_VALIDATED_HEAVY_COORDINATE,False,False
P:698,B,PARENT_HBN,PARENT,4.185,2.602,4.393,GATE3O_VALIDATED_HEAVY_COORDINATE,False,False
P:699,N,PARENT_HBN,PARENT,4.185,2.602,4.537,GATE3O_VALIDATED_HEAVY_COORDINATE,False,False
P:7,N,PARENT_HBN,PARENT,4.667,4.402,2.145,GATE3O_VALIDATED_HEAVY_COORDINATE,False,False
P:70,B,PARENT_HBN,PARENT,4.185,4.793,2.217,GATE3O_VALIDATED_HEAVY_COORDINATE,False,False
P:700,B,PARENT_HBN,PARENT,4.402,2.727,4.393,GATE3O_VALIDATED_HEAVY_COORDINATE,False,False
P:701,N,PARENT_HBN,PARENT,4.402,2.727,4.537,GATE3O_VALIDATED_HEAVY_COORDINATE,False,False
P:702,B,PARENT_HBN,PARENT,4.588,2.895,4.393,GATE3O_VALIDATED_HEAVY_COORDINATE,False,False
P:703,N,PARENT_HBN,PARENT,4.588,2.895,4.537,GATE3O_VALIDATED_HEAVY_COORDINATE,False,False
P:704,B,PARENT_HBN,PARENT,4.736,3.098,4.393,GATE3O_VALIDATED_HEAVY_COORDINATE,False,False
P:705,N,PARENT_HBN,PARENT,4.736,3.098,4.537,GATE3O_VALIDATED_HEAVY_COORDINATE,False,False
P:706,B,PARENT_HBN,PARENT,4.838,3.327,4.393,GATE3O_VALIDATED_HEAVY_COORDINATE,False,False
P:707,N,PARENT_HBN,PARENT,4.838,3.327,4.537,GATE3O_VALIDATED_HEAVY_COORDINATE,False,False
P:708,B,PARENT_HBN,PARENT,4.89,3.572,4.393,GATE3O_VALIDATED_HEAVY_COORDINATE,False,False
P:709,N,PARENT_HBN,PARENT,4.89,3.572,4.537,GATE3O_VALIDATED_HEAVY_COORDINATE,False,False
P:71,N,PARENT_HBN,PARENT,4.185,4.793,2.362,GATE3O_VALIDATED_HEAVY_COORDINATE,False,False
P:710,B,PARENT_HBN,PARENT,4.89,3.823,4.393,GATE3O_VALIDATED_HEAVY_COORDINATE,False,False
P:711,N,PARENT_HBN,PARENT,4.89,3.823,4.537,GATE3O_VALIDATED_HEAVY_COORDINATE,False,False
P:712,B,PARENT_HBN,PARENT,4.838,4.068,4.393,GATE3O_VALIDATED_HEAVY_COORDINATE,False,False
P:713,N,PARENT_HBN,PARENT,4.838,4.068,4.537,GATE3O_VALIDATED_HEAVY_COORDINATE,False,False
P:714,B,PARENT_HBN,PARENT,4.736,4.297,4.393,GATE3O_VALIDATED_HEAVY_COORDINATE,False,False
P:715,N,PARENT_HBN,PARENT,4.736,4.297,4.537,GATE3O_VALIDATED_HEAVY_COORDINATE,False,False
P:716,B,PARENT_HBN,PARENT,4.588,4.5,4.393,GATE3O_VALIDATED_HEAVY_COORDINATE,False,False
P:717,N,PARENT_HBN,PARENT,4.588,4.5,4.537,GATE3O_VALIDATED_HEAVY_COORDINATE,False,False
P:718,B,PARENT_HBN,PARENT,4.402,4.667,4.393,GATE3O_VALIDATED_HEAVY_COORDINATE,False,False
P:719,N,PARENT_HBN,PARENT,4.402,4.667,4.537,GATE3O_VALIDATED_HEAVY_COORDINATE,False,False
P:72,B,PARENT_HBN,PARENT,3.947,4.87,2.217,GATE3O_VALIDATED_HEAVY_COORDINATE,False,False
P:720,B,PARENT_HBN,PARENT,4.068,4.838,4.61,GATE3O_VALIDATED_HEAVY_COORDINATE,False,False
P:721,N,PARENT_HBN,PARENT,4.068,4.838,4.755,GATE3O_VALIDATED_HEAVY_COORDINATE,False,False
P:722,B,PARENT_HBN,PARENT,3.823,4.89,4.61,GATE3O_VALIDATED_HEAVY_COORDINATE,False,False
P:723,N,PARENT_HBN,PARENT,3.823,4.89,4.755,GATE3O_VALIDATED_HEAVY_COORDINATE,False,False
P:724,B,PARENT_HBN,PARENT,3.572,4.89,4.61,GATE3O_VALIDATED_HEAVY_COORDINATE,False,False
P:725,N,PARENT_HBN,PARENT,3.572,4.89,4.755,GATE3O_VALIDATED_HEAVY_COORDINATE,False,False
P:726,B,PARENT_HBN,PARENT,3.327,4.838,4.61,GATE3O_VALIDATED_HEAVY_COORDINATE,False,False
P:727,N,PARENT_HBN,PARENT,3.327,4.838,4.755,GATE3O_VALIDATED_HEAVY_COORDINATE,False,False
P:728,B,PARENT_HBN,PARENT,3.098,4.736,4.61,GATE3O_VALIDATED_HEAVY_COORDINATE,False,False
P:729,N,PARENT_HBN,PARENT,3.098,4.736,4.755,GATE3O_VALIDATED_HEAVY_COORDINATE,False,False
P:73,N,PARENT_HBN,PARENT,3.947,4.87,2.362,GATE3O_VALIDATED_HEAVY_COORDINATE,False,False
P:730,B,PARENT_HBN,PARENT,2.895,4.588,4.61,GATE3O_VALIDATED_HEAVY_COORDINATE,False,False
P:731,N,PARENT_HBN,PARENT,2.895,4.588,4.755,GATE3O_VALIDATED_HEAVY_COORDINATE,False,False
P:732,B,PARENT_HBN,PARENT,2.727,4.402,4.61,GATE3O_VALIDATED_HEAVY_COORDINATE,False,False
P:733,N,PARENT_HBN,PARENT,2.727,4.402,4.755,GATE3O_VALIDATED_HEAVY_COORDINATE,False,False
P:734,B,PARENT_HBN,PARENT,2.602,4.185,4.61,GATE3O_VALIDATED_HEAVY_COORDINATE,False,False
P:735,N,PARENT_HBN,PARENT,2.602,4.185,4.755,GATE3O_VALIDATED_HEAVY_COORDINATE,False,False
P:736,B,PARENT_HBN,PARENT,2.524,3.947,4.61,GATE3O_VALIDATED_HEAVY_COORDINATE,False,False
P:737,N,PARENT_HBN,PARENT,2.524,3.947,4.755,GATE3O_VALIDATED_HEAVY_COORDINATE,False,False
P:738,B,PARENT_HBN,PARENT,2.498,3.697,4.61,GATE3O_VALIDATED_HEAVY_COORDINATE,False,False
P:739,N,PARENT_HBN,PARENT,2.498,3.697,4.755,GATE3O_VALIDATED_HEAVY_COORDINATE,False,False
P:74,B,PARENT_HBN,PARENT,3.697,4.896,2.217,GATE3O_VALIDATED_HEAVY_COORDINATE,False,False
P:740,B,PARENT_HBN,PARENT,2.524,3.448,4.61,GATE3O_VALIDATED_HEAVY_COORDINATE,False,False
P:741,N,PARENT_HBN,PARENT,2.524,3.448,4.755,GATE3O_VALIDATED_HEAVY_COORDINATE,False,False
P:742,B,PARENT_HBN,PARENT,2.602,3.21,4.61,GATE3O_VALIDATED_HEAVY_COORDINATE,False,False
P:743,N,PARENT_HBN,PARENT,2.602,3.21,4.755,GATE3O_VALIDATED_HEAVY_COORDINATE,False,False
P:744,B,PARENT_HBN,PARENT,2.727,2.992,4.61,GATE3O_VALIDATED_HEAVY_COORDINATE,False,False
P:745,N,PARENT_HBN,PARENT,2.727,2.992,4.755,GATE3O_VALIDATED_HEAVY_COORDINATE,False,False
P:746,B,PARENT_HBN,PARENT,2.895,2.806,4.61,GATE3O_VALIDATED_HEAVY_COORDINATE,False,False
P:747,N,PARENT_HBN,PARENT,2.895,2.806,4.755,GATE3O_VALIDATED_HEAVY_COORDINATE,False,False
P:748,B,PARENT_HBN,PARENT,3.098,2.659,4.61,GATE3O_VALIDATED_HEAVY_COORDINATE,False,False
P:749,N,PARENT_HBN,PARENT,3.098,2.659,4.755,GATE3O_VALIDATED_HEAVY_COORDINATE,False,False
P:75,N,PARENT_HBN,PARENT,3.697,4.896,2.362,GATE3O_VALIDATED_HEAVY_COORDINATE,False,False
P:750,B,PARENT_HBN,PARENT,3.327,2.557,4.61,GATE3O_VALIDATED_HEAVY_COORDINATE,False,False
P:751,N,PARENT_HBN,PARENT,3.327,2.557,4.755,GATE3O_VALIDATED_HEAVY_COORDINATE,False,False
P:752,B,PARENT_HBN,PARENT,3.572,2.505,4.61,GATE3O_VALIDATED_HEAVY_COORDINATE,False,False
P:753,N,PARENT_HBN,PARENT,3.572,2.505,4.755,GATE3O_VALIDATED_HEAVY_COORDINATE,False,False
P:754,B,PARENT_HBN,PARENT,3.823,2.505,4.61,GATE3O_VALIDATED_HEAVY_COORDINATE,False,False
P:755,N,PARENT_HBN,PARENT,3.823,2.505,4.755,GATE3O_VALIDATED_HEAVY_COORDINATE,False,False
P:756,B,PARENT_HBN,PARENT,4.068,2.557,4.61,GATE3O_VALIDATED_HEAVY_COORDINATE,False,False
P:757,N,PARENT_HBN,PARENT,4.068,2.557,4.755,GATE3O_VALIDATED_HEAVY_COORDINATE,False,False
P:758,B,PARENT_HBN,PARENT,4.297,2.659,4.61,GATE3O_VALIDATED_HEAVY_COORDINATE,False,False
P:759,N,PARENT_HBN,PARENT,4.297,2.659,4.755,GATE3O_VALIDATED_HEAVY_COORDINATE,False,False
P:76,B,PARENT_HBN,PARENT,3.448,4.87,2.217,GATE3O_VALIDATED_HEAVY_COORDINATE,False,False
P:760,B,PARENT_HBN,PARENT,4.5,2.806,4.61,GATE3O_VALIDATED_HEAVY_COORDINATE,False,False
P:761,N,PARENT_HBN,PARENT,4.5,2.806,4.755,GATE3O_VALIDATED_HEAVY_COORDINATE,False,False
P:762,B,PARENT_HBN,PARENT,4.667,2.992,4.61,GATE3O_VALIDATED_HEAVY_COORDINATE,False,False
P:763,N,PARENT_HBN,PARENT,4.667,2.992,4.755,GATE3O_VALIDATED_HEAVY_COORDINATE,False,False
P:764,B,PARENT_HBN,PARENT,4.793,3.21,4.61,GATE3O_VALIDATED_HEAVY_COORDINATE,False,False
P:765,N,PARENT_HBN,PARENT,4.793,3.21,4.755,GATE3O_VALIDATED_HEAVY_COORDINATE,False,False
P:766,B,PARENT_HBN,PARENT,4.87,3.448,4.61,GATE3O_VALIDATED_HEAVY_COORDINATE,False,False
P:767,N,PARENT_HBN,PARENT,4.87,3.448,4.755,GATE3O_VALIDATED_HEAVY_COORDINATE,False,False
P:768,B,PARENT_HBN,PARENT,4.896,3.697,4.61,GATE3O_VALIDATED_HEAVY_COORDINATE,False,False
P:769,N,PARENT_HBN,PARENT,4.896,3.697,4.755,GATE3O_VALIDATED_HEAVY_COORDINATE,False,False
P:77,N,PARENT_HBN,PARENT,3.448,4.87,2.362,GATE3O_VALIDATED_HEAVY_COORDINATE,False,False
P:770,B,PARENT_HBN,PARENT,4.87,3.947,4.61,GATE3O_VALIDATED_HEAVY_COORDINATE,False,False
P:771,N,PARENT_HBN,PARENT,4.87,3.947,4.755,GATE3O_VALIDATED_HEAVY_COORDINATE,False,False
P:772,B,PARENT_HBN,PARENT,4.793,4.185,4.61,GATE3O_VALIDATED_HEAVY_COORDINATE,False,False
P:773,N,PARENT_HBN,PARENT,4.793,4.185,4.755,GATE3O_VALIDATED_HEAVY_COORDINATE,False,False
P:774,B,PARENT_HBN,PARENT,4.667,4.402,4.61,GATE3O_VALIDATED_HEAVY_COORDINATE,False,False
P:775,N,PARENT_HBN,PARENT,4.667,4.402,4.755,GATE3O_VALIDATED_HEAVY_COORDINATE,False,False
P:776,B,PARENT_HBN,PARENT,4.5,4.588,4.61,GATE3O_VALIDATED_HEAVY_COORDINATE,False,False
P:777,N,PARENT_HBN,PARENT,4.5,4.588,4.755,GATE3O_VALIDATED_HEAVY_COORDINATE,False,False
P:778,B,PARENT_HBN,PARENT,4.297,4.736,4.61,GATE3O_VALIDATED_HEAVY_COORDINATE,False,False
P:779,N,PARENT_HBN,PARENT,4.297,4.736,4.755,GATE3O_VALIDATED_HEAVY_COORDINATE,False,False
P:78,B,PARENT_HBN,PARENT,3.21,4.793,2.217,GATE3O_VALIDATED_HEAVY_COORDINATE,False,False
P:780,B,PARENT_HBN,PARENT,3.947,4.87,4.827,GATE3O_VALIDATED_HEAVY_COORDINATE,False,False
P:781,N,PARENT_HBN,PARENT,3.947,4.87,4.973,GATE3O_VALIDATED_HEAVY_COORDINATE,False,False
P:782,B,PARENT_HBN,PARENT,3.697,4.896,4.827,GATE3O_VALIDATED_HEAVY_COORDINATE,False,False
P:783,N,PARENT_HBN,PARENT,3.697,4.896,4.973,GATE3O_VALIDATED_HEAVY_COORDINATE,False,False
P:784,B,PARENT_HBN,PARENT,3.448,4.87,4.827,GATE3O_VALIDATED_HEAVY_COORDINATE,False,False
P:785,N,PARENT_HBN,PARENT,3.448,4.87,4.973,GATE3O_VALIDATED_HEAVY_COORDINATE,False,False
P:786,B,PARENT_HBN,PARENT,3.21,4.793,4.827,GATE3O_VALIDATED_HEAVY_COORDINATE,False,False
P:787,N,PARENT_HBN,PARENT,3.21,4.793,4.973,GATE3O_VALIDATED_HEAVY_COORDINATE,False,False
P:788,B,PARENT_HBN,PARENT,2.992,4.667,4.827,GATE3O_VALIDATED_HEAVY_COORDINATE,False,False
P:789,N,PARENT_HBN,PARENT,2.992,4.667,4.973,GATE3O_VALIDATED_HEAVY_COORDINATE,False,False
P:79,N,PARENT_HBN,PARENT,3.21,4.793,2.362,GATE3O_VALIDATED_HEAVY_COORDINATE,False,False
P:790,B,PARENT_HBN,PARENT,2.806,4.5,4.827,GATE3O_VALIDATED_HEAVY_COORDINATE,False,False
P:791,N,PARENT_HBN,PARENT,2.806,4.5,4.973,GATE3O_VALIDATED_HEAVY_COORDINATE,False,False
P:792,B,PARENT_HBN,PARENT,2.659,4.297,4.827,GATE3O_VALIDATED_HEAVY_COORDINATE,False,False
P:793,N,PARENT_HBN,PARENT,2.659,4.297,4.973,GATE3O_VALIDATED_HEAVY_COORDINATE,False,False
P:794,B,PARENT_HBN,PARENT,2.557,4.068,4.827,GATE3O_VALIDATED_HEAVY_COORDINATE,False,False
P:795,N,PARENT_HBN,PARENT,2.557,4.068,4.973,GATE3O_VALIDATED_HEAVY_COORDINATE,False,False
P:796,B,PARENT_HBN,PARENT,2.505,3.823,4.827,GATE3O_VALIDATED_HEAVY_COORDINATE,False,False
P:797,N,PARENT_HBN,PARENT,2.505,3.823,4.973,GATE3O_VALIDATED_HEAVY_COORDINATE,False,False
P:798,B,PARENT_HBN,PARENT,2.505,3.572,4.827,GATE3O_VALIDATED_HEAVY_COORDINATE,False,False
P:799,N,PARENT_HBN,PARENT,2.505,3.572,4.973,GATE3O_VALIDATED_HEAVY_COORDINATE,False,False
P:8,B,PARENT_HBN,PARENT,4.5,4.588,2.0,GATE3O_VALIDATED_HEAVY_COORDINATE,False,False
P:80,B,PARENT_HBN,PARENT,2.992,4.667,2.217,GATE3O_VALIDATED_HEAVY_COORDINATE,False,False
P:800,B,PARENT_HBN,PARENT,2.557,3.327,4.827,GATE3O_VALIDATED_HEAVY_COORDINATE,False,False
P:801,N,PARENT_HBN,PARENT,2.557,3.327,4.973,GATE3O_VALIDATED_HEAVY_COORDINATE,False,False
P:802,B,PARENT_HBN,PARENT,2.659,3.098,4.827,GATE3O_VALIDATED_HEAVY_COORDINATE,False,False
P:803,N,PARENT_HBN,PARENT,2.659,3.098,4.973,GATE3O_VALIDATED_HEAVY_COORDINATE,False,False
P:804,B,PARENT_HBN,PARENT,2.806,2.895,4.827,GATE3O_VALIDATED_HEAVY_COORDINATE,False,False
P:805,N,PARENT_HBN,PARENT,2.806,2.895,4.973,GATE3O_VALIDATED_HEAVY_COORDINATE,False,False
P:806,B,PARENT_HBN,PARENT,2.992,2.727,4.827,GATE3O_VALIDATED_HEAVY_COORDINATE,False,False
P:807,N,PARENT_HBN,PARENT,2.992,2.727,4.973,GATE3O_VALIDATED_HEAVY_COORDINATE,False,False
P:808,B,PARENT_HBN,PARENT,3.21,2.602,4.827,GATE3O_VALIDATED_HEAVY_COORDINATE,False,False
P:809,N,PARENT_HBN,PARENT,3.21,2.602,4.973,GATE3O_VALIDATED_HEAVY_COORDINATE,False,False
P:81,N,PARENT_HBN,PARENT,2.992,4.667,2.362,GATE3O_VALIDATED_HEAVY_COORDINATE,False,False
P:810,B,PARENT_HBN,PARENT,3.448,2.524,4.827,GATE3O_VALIDATED_HEAVY_COORDINATE,False,False
P:811,N,PARENT_HBN,PARENT,3.448,2.524,4.973,GATE3O_VALIDATED_HEAVY_COORDINATE,False,False
P:812,B,PARENT_HBN,PARENT,3.697,2.498,4.827,GATE3O_VALIDATED_HEAVY_COORDINATE,False,False
P:813,N,PARENT_HBN,PARENT,3.697,2.498,4.973,GATE3O_VALIDATED_HEAVY_COORDINATE,False,False
P:814,B,PARENT_HBN,PARENT,3.947,2.524,4.827,GATE3O_VALIDATED_HEAVY_COORDINATE,False,False
P:815,N,PARENT_HBN,PARENT,3.947,2.524,4.973,GATE3O_VALIDATED_HEAVY_COORDINATE,False,False
P:816,B,PARENT_HBN,PARENT,4.185,2.602,4.827,GATE3O_VALIDATED_HEAVY_COORDINATE,False,False
P:817,N,PARENT_HBN,PARENT,4.185,2.602,4.973,GATE3O_VALIDATED_HEAVY_COORDINATE,False,False
P:818,B,PARENT_HBN,PARENT,4.402,2.727,4.827,GATE3O_VALIDATED_HEAVY_COORDINATE,False,False
P:819,N,PARENT_HBN,PARENT,4.402,2.727,4.973,GATE3O_VALIDATED_HEAVY_COORDINATE,False,False
P:82,B,PARENT_HBN,PARENT,2.806,4.5,2.217,GATE3O_VALIDATED_HEAVY_COORDINATE,False,False
P:820,B,PARENT_HBN,PARENT,4.588,2.895,4.827,GATE3O_VALIDATED_HEAVY_COORDINATE,False,False
P:821,N,PARENT_HBN,PARENT,4.588,2.895,4.973,GATE3O_VALIDATED_HEAVY_COORDINATE,False,False
P:822,B,PARENT_HBN,PARENT,4.736,3.098,4.827,GATE3O_VALIDATED_HEAVY_COORDINATE,False,False
P:823,N,PARENT_HBN,PARENT,4.736,3.098,4.973,GATE3O_VALIDATED_HEAVY_COORDINATE,False,False
P:824,B,PARENT_HBN,PARENT,4.838,3.327,4.827,GATE3O_VALIDATED_HEAVY_COORDINATE,False,False
P:825,N,PARENT_HBN,PARENT,4.838,3.327,4.973,GATE3O_VALIDATED_HEAVY_COORDINATE,False,False
P:826,B,PARENT_HBN,PARENT,4.89,3.572,4.827,GATE3O_VALIDATED_HEAVY_COORDINATE,False,False
P:827,N,PARENT_HBN,PARENT,4.89,3.572,4.973,GATE3O_VALIDATED_HEAVY_COORDINATE,False,False
P:828,B,PARENT_HBN,PARENT,4.89,3.823,4.827,GATE3O_VALIDATED_HEAVY_COORDINATE,False,False
P:829,N,PARENT_HBN,PARENT,4.89,3.823,4.973,GATE3O_VALIDATED_HEAVY_COORDINATE,False,False
P:83,N,PARENT_HBN,PARENT,2.806,4.5,2.362,GATE3O_VALIDATED_HEAVY_COORDINATE,False,False
P:830,B,PARENT_HBN,PARENT,4.838,4.068,4.827,GATE3O_VALIDATED_HEAVY_COORDINATE,False,False
P:831,N,PARENT_HBN,PARENT,4.838,4.068,4.973,GATE3O_VALIDATED_HEAVY_COORDINATE,False,False
P:832,B,PARENT_HBN,PARENT,4.736,4.297,4.827,GATE3O_VALIDATED_HEAVY_COORDINATE,False,False
P:833,N,PARENT_HBN,PARENT,4.736,4.297,4.973,GATE3O_VALIDATED_HEAVY_COORDINATE,False,False
P:834,B,PARENT_HBN,PARENT,4.588,4.5,4.827,GATE3O_VALIDATED_HEAVY_COORDINATE,False,False
P:835,N,PARENT_HBN,PARENT,4.588,4.5,4.973,GATE3O_VALIDATED_HEAVY_COORDINATE,False,False
P:836,B,PARENT_HBN,PARENT,4.402,4.667,4.827,GATE3O_VALIDATED_HEAVY_COORDINATE,False,False
P:837,N,PARENT_HBN,PARENT,4.402,4.667,4.973,GATE3O_VALIDATED_HEAVY_COORDINATE,False,False
P:838,B,PARENT_HBN,PARENT,4.185,4.793,4.827,GATE3O_VALIDATED_HEAVY_COORDINATE,False,False
P:839,N,PARENT_HBN,PARENT,4.185,4.793,4.973,GATE3O_VALIDATED_HEAVY_COORDINATE,False,False
P:84,B,PARENT_HBN,PARENT,2.659,4.297,2.217,GATE3O_VALIDATED_HEAVY_COORDINATE,False,False
P:840,B,PARENT_HBN,PARENT,3.823,4.89,5.045,GATE3O_VALIDATED_HEAVY_COORDINATE,False,False
P:841,N,PARENT_HBN,PARENT,3.823,4.89,5.19,GATE3O_VALIDATED_HEAVY_COORDINATE,False,False
P:842,B,PARENT_HBN,PARENT,3.572,4.89,5.045,GATE3O_VALIDATED_HEAVY_COORDINATE,False,False
P:843,N,PARENT_HBN,PARENT,3.572,4.89,5.19,GATE3O_VALIDATED_HEAVY_COORDINATE,False,False
P:844,B,PARENT_HBN,PARENT,3.327,4.838,5.045,GATE3O_VALIDATED_HEAVY_COORDINATE,False,False
P:845,N,PARENT_HBN,PARENT,3.327,4.838,5.19,GATE3O_VALIDATED_HEAVY_COORDINATE,False,False
P:846,B,PARENT_HBN,PARENT,3.098,4.736,5.045,GATE3O_VALIDATED_HEAVY_COORDINATE,False,False
P:847,N,PARENT_HBN,PARENT,3.098,4.736,5.19,GATE3O_VALIDATED_HEAVY_COORDINATE,False,False
P:848,B,PARENT_HBN,PARENT,2.895,4.588,5.045,GATE3O_VALIDATED_HEAVY_COORDINATE,False,False
P:849,N,PARENT_HBN,PARENT,2.895,4.588,5.19,GATE3O_VALIDATED_HEAVY_COORDINATE,False,False
P:85,N,PARENT_HBN,PARENT,2.659,4.297,2.362,GATE3O_VALIDATED_HEAVY_COORDINATE,False,False
P:850,B,PARENT_HBN,PARENT,2.727,4.402,5.045,GATE3O_VALIDATED_HEAVY_COORDINATE,False,False
P:851,N,PARENT_HBN,PARENT,2.727,4.402,5.19,GATE3O_VALIDATED_HEAVY_COORDINATE,False,False
P:852,B,PARENT_HBN,PARENT,2.602,4.185,5.045,GATE3O_VALIDATED_HEAVY_COORDINATE,False,False
P:853,N,PARENT_HBN,PARENT,2.602,4.185,5.19,GATE3O_VALIDATED_HEAVY_COORDINATE,False,False
P:854,B,PARENT_HBN,PARENT,2.524,3.947,5.045,GATE3O_VALIDATED_HEAVY_COORDINATE,False,False
P:855,N,PARENT_HBN,PARENT,2.524,3.947,5.19,GATE3O_VALIDATED_HEAVY_COORDINATE,False,False
P:856,B,PARENT_HBN,PARENT,2.498,3.697,5.045,GATE3O_VALIDATED_HEAVY_COORDINATE,False,False
P:857,N,PARENT_HBN,PARENT,2.498,3.697,5.19,GATE3O_VALIDATED_HEAVY_COORDINATE,False,False
P:858,B,PARENT_HBN,PARENT,2.524,3.448,5.045,GATE3O_VALIDATED_HEAVY_COORDINATE,False,False
P:859,N,PARENT_HBN,PARENT,2.524,3.448,5.19,GATE3O_VALIDATED_HEAVY_COORDINATE,False,False
P:86,B,PARENT_HBN,PARENT,2.557,4.068,2.217,GATE3O_VALIDATED_HEAVY_COORDINATE,False,False
P:860,B,PARENT_HBN,PARENT,2.602,3.21,5.045,GATE3O_VALIDATED_HEAVY_COORDINATE,False,False
P:861,N,PARENT_HBN,PARENT,2.602,3.21,5.19,GATE3O_VALIDATED_HEAVY_COORDINATE,False,False
P:862,B,PARENT_HBN,PARENT,2.727,2.992,5.045,GATE3O_VALIDATED_HEAVY_COORDINATE,False,False
P:863,N,PARENT_HBN,PARENT,2.727,2.992,5.19,GATE3O_VALIDATED_HEAVY_COORDINATE,False,False
P:864,B,PARENT_HBN,PARENT,2.895,2.806,5.045,GATE3O_VALIDATED_HEAVY_COORDINATE,False,False
P:865,N,PARENT_HBN,PARENT,2.895,2.806,5.19,GATE3O_VALIDATED_HEAVY_COORDINATE,False,False
P:866,B,PARENT_HBN,PARENT,3.098,2.659,5.045,GATE3O_VALIDATED_HEAVY_COORDINATE,False,False
P:867,N,PARENT_HBN,PARENT,3.098,2.659,5.19,GATE3O_VALIDATED_HEAVY_COORDINATE,False,False
P:868,B,PARENT_HBN,PARENT,3.327,2.557,5.045,GATE3O_VALIDATED_HEAVY_COORDINATE,False,False
P:869,N,PARENT_HBN,PARENT,3.327,2.557,5.19,GATE3O_VALIDATED_HEAVY_COORDINATE,False,False
P:87,N,PARENT_HBN,PARENT,2.557,4.068,2.362,GATE3O_VALIDATED_HEAVY_COORDINATE,False,False
P:870,B,PARENT_HBN,PARENT,3.572,2.505,5.045,GATE3O_VALIDATED_HEAVY_COORDINATE,False,False
P:871,N,PARENT_HBN,PARENT,3.572,2.505,5.19,GATE3O_VALIDATED_HEAVY_COORDINATE,False,False
P:872,B,PARENT_HBN,PARENT,3.823,2.505,5.045,GATE3O_VALIDATED_HEAVY_COORDINATE,False,False
P:873,N,PARENT_HBN,PARENT,3.823,2.505,5.19,GATE3O_VALIDATED_HEAVY_COORDINATE,False,False
P:874,B,PARENT_HBN,PARENT,4.068,2.557,5.045,GATE3O_VALIDATED_HEAVY_COORDINATE,False,False
P:875,N,PARENT_HBN,PARENT,4.068,2.557,5.19,GATE3O_VALIDATED_HEAVY_COORDINATE,False,False
P:876,B,PARENT_HBN,PARENT,4.297,2.659,5.045,GATE3O_VALIDATED_HEAVY_COORDINATE,False,False
P:877,N,PARENT_HBN,PARENT,4.297,2.659,5.19,GATE3O_VALIDATED_HEAVY_COORDINATE,False,False
P:878,B,PARENT_HBN,PARENT,4.5,2.806,5.045,GATE3O_VALIDATED_HEAVY_COORDINATE,False,False
P:879,N,PARENT_HBN,PARENT,4.5,2.806,5.19,GATE3O_VALIDATED_HEAVY_COORDINATE,False,False
P:88,B,PARENT_HBN,PARENT,2.505,3.823,2.217,GATE3O_VALIDATED_HEAVY_COORDINATE,False,False
P:880,B,PARENT_HBN,PARENT,4.667,2.992,5.045,GATE3O_VALIDATED_HEAVY_COORDINATE,False,False
P:881,N,PARENT_HBN,PARENT,4.667,2.992,5.19,GATE3O_VALIDATED_HEAVY_COORDINATE,False,False
P:882,B,PARENT_HBN,PARENT,4.793,3.21,5.045,GATE3O_VALIDATED_HEAVY_COORDINATE,False,False
P:883,N,PARENT_HBN,PARENT,4.793,3.21,5.19,GATE3O_VALIDATED_HEAVY_COORDINATE,False,False
P:884,B,PARENT_HBN,PARENT,4.87,3.448,5.045,GATE3O_VALIDATED_HEAVY_COORDINATE,False,False
P:885,N,PARENT_HBN,PARENT,4.87,3.448,5.19,GATE3O_VALIDATED_HEAVY_COORDINATE,False,False
P:886,B,PARENT_HBN,PARENT,4.896,3.697,5.045,GATE3O_VALIDATED_HEAVY_COORDINATE,False,False
P:887,N,PARENT_HBN,PARENT,4.896,3.697,5.19,GATE3O_VALIDATED_HEAVY_COORDINATE,False,False
P:888,B,PARENT_HBN,PARENT,4.87,3.947,5.045,GATE3O_VALIDATED_HEAVY_COORDINATE,False,False
P:889,N,PARENT_HBN,PARENT,4.87,3.947,5.19,GATE3O_VALIDATED_HEAVY_COORDINATE,False,False
P:89,N,PARENT_HBN,PARENT,2.505,3.823,2.362,GATE3O_VALIDATED_HEAVY_COORDINATE,False,False
P:890,B,PARENT_HBN,PARENT,4.793,4.185,5.045,GATE3O_VALIDATED_HEAVY_COORDINATE,False,False
P:891,N,PARENT_HBN,PARENT,4.793,4.185,5.19,GATE3O_VALIDATED_HEAVY_COORDINATE,False,False
P:892,B,PARENT_HBN,PARENT,4.667,4.402,5.045,GATE3O_VALIDATED_HEAVY_COORDINATE,False,False
P:893,N,PARENT_HBN,PARENT,4.667,4.402,5.19,GATE3O_VALIDATED_HEAVY_COORDINATE,False,False
P:894,B,PARENT_HBN,PARENT,4.5,4.588,5.045,GATE3O_VALIDATED_HEAVY_COORDINATE,False,False
P:895,N,PARENT_HBN,PARENT,4.5,4.588,5.19,GATE3O_VALIDATED_HEAVY_COORDINATE,False,False
P:896,B,PARENT_HBN,PARENT,4.297,4.736,5.045,GATE3O_VALIDATED_HEAVY_COORDINATE,False,False
P:897,N,PARENT_HBN,PARENT,4.297,4.736,5.19,GATE3O_VALIDATED_HEAVY_COORDINATE,False,False
P:898,B,PARENT_HBN,PARENT,4.068,4.838,5.045,GATE3O_VALIDATED_HEAVY_COORDINATE,False,False
P:899,N,PARENT_HBN,PARENT,4.068,4.838,5.19,GATE3O_VALIDATED_HEAVY_COORDINATE,False,False
P:9,N,PARENT_HBN,PARENT,4.5,4.588,2.145,GATE3O_VALIDATED_HEAVY_COORDINATE,False,False
P:90,B,PARENT_HBN,PARENT,2.505,3.572,2.217,GATE3O_VALIDATED_HEAVY_COORDINATE,False,False
P:900,B,PARENT_HBN,PARENT,3.697,4.896,5.263,GATE3O_VALIDATED_HEAVY_COORDINATE,False,False
P:901,N,PARENT_HBN,PARENT,3.697,4.896,5.408,GATE3O_VALIDATED_HEAVY_COORDINATE,False,False
P:902,B,PARENT_HBN,PARENT,3.448,4.87,5.263,GATE3O_VALIDATED_HEAVY_COORDINATE,False,False
P:903,N,PARENT_HBN,PARENT,3.448,4.87,5.408,GATE3O_VALIDATED_HEAVY_COORDINATE,False,False
P:904,B,PARENT_HBN,PARENT,3.21,4.793,5.263,GATE3O_VALIDATED_HEAVY_COORDINATE,False,False
P:905,N,PARENT_HBN,PARENT,3.21,4.793,5.408,GATE3O_VALIDATED_HEAVY_COORDINATE,False,False
P:906,B,PARENT_HBN,PARENT,2.992,4.667,5.263,GATE3O_VALIDATED_HEAVY_COORDINATE,False,False
P:907,N,PARENT_HBN,PARENT,2.992,4.667,5.408,GATE3O_VALIDATED_HEAVY_COORDINATE,False,False
P:908,B,PARENT_HBN,PARENT,2.806,4.5,5.263,GATE3O_VALIDATED_HEAVY_COORDINATE,False,False
P:909,N,PARENT_HBN,PARENT,2.806,4.5,5.408,GATE3O_VALIDATED_HEAVY_COORDINATE,False,False
P:91,N,PARENT_HBN,PARENT,2.505,3.572,2.362,GATE3O_VALIDATED_HEAVY_COORDINATE,False,False
P:910,B,PARENT_HBN,PARENT,2.659,4.297,5.263,GATE3O_VALIDATED_HEAVY_COORDINATE,False,False
P:911,N,PARENT_HBN,PARENT,2.659,4.297,5.408,GATE3O_VALIDATED_HEAVY_COORDINATE,False,False
P:912,B,PARENT_HBN,PARENT,2.557,4.068,5.263,GATE3O_VALIDATED_HEAVY_COORDINATE,False,False
P:913,N,PARENT_HBN,PARENT,2.557,4.068,5.408,GATE3O_VALIDATED_HEAVY_COORDINATE,False,False
P:914,B,PARENT_HBN,PARENT,2.505,3.823,5.263,GATE3O_VALIDATED_HEAVY_COORDINATE,False,False
P:915,N,PARENT_HBN,PARENT,2.505,3.823,5.408,GATE3O_VALIDATED_HEAVY_COORDINATE,False,False
P:916,B,PARENT_HBN,PARENT,2.505,3.572,5.263,GATE3O_VALIDATED_HEAVY_COORDINATE,False,False
P:917,N,PARENT_HBN,PARENT,2.505,3.572,5.408,GATE3O_VALIDATED_HEAVY_COORDINATE,False,False
P:918,B,PARENT_HBN,PARENT,2.557,3.327,5.263,GATE3O_VALIDATED_HEAVY_COORDINATE,False,False
P:919,N,PARENT_HBN,PARENT,2.557,3.327,5.408,GATE3O_VALIDATED_HEAVY_COORDINATE,False,False
P:92,B,PARENT_HBN,PARENT,2.557,3.327,2.217,GATE3O_VALIDATED_HEAVY_COORDINATE,False,False
P:920,B,PARENT_HBN,PARENT,2.659,3.098,5.263,GATE3O_VALIDATED_HEAVY_COORDINATE,False,False
P:921,N,PARENT_HBN,PARENT,2.659,3.098,5.408,GATE3O_VALIDATED_HEAVY_COORDINATE,False,False
P:922,B,PARENT_HBN,PARENT,2.806,2.895,5.263,GATE3O_VALIDATED_HEAVY_COORDINATE,False,False
P:923,N,PARENT_HBN,PARENT,2.806,2.895,5.408,GATE3O_VALIDATED_HEAVY_COORDINATE,False,False
P:924,B,PARENT_HBN,PARENT,2.992,2.727,5.263,GATE3O_VALIDATED_HEAVY_COORDINATE,False,False
P:925,N,PARENT_HBN,PARENT,2.992,2.727,5.408,GATE3O_VALIDATED_HEAVY_COORDINATE,False,False
P:926,B,PARENT_HBN,PARENT,3.21,2.602,5.263,GATE3O_VALIDATED_HEAVY_COORDINATE,False,False
P:927,N,PARENT_HBN,PARENT,3.21,2.602,5.408,GATE3O_VALIDATED_HEAVY_COORDINATE,False,False
P:928,B,PARENT_HBN,PARENT,3.448,2.524,5.263,GATE3O_VALIDATED_HEAVY_COORDINATE,False,False
P:929,N,PARENT_HBN,PARENT,3.448,2.524,5.408,GATE3O_VALIDATED_HEAVY_COORDINATE,False,False
P:93,N,PARENT_HBN,PARENT,2.557,3.327,2.362,GATE3O_VALIDATED_HEAVY_COORDINATE,False,False
P:930,B,PARENT_HBN,PARENT,3.697,2.498,5.263,GATE3O_VALIDATED_HEAVY_COORDINATE,False,False
P:931,N,PARENT_HBN,PARENT,3.697,2.498,5.408,GATE3O_VALIDATED_HEAVY_COORDINATE,False,False
P:932,B,PARENT_HBN,PARENT,3.947,2.524,5.263,GATE3O_VALIDATED_HEAVY_COORDINATE,False,False
P:933,N,PARENT_HBN,PARENT,3.947,2.524,5.408,GATE3O_VALIDATED_HEAVY_COORDINATE,False,False
P:934,B,PARENT_HBN,PARENT,4.185,2.602,5.263,GATE3O_VALIDATED_HEAVY_COORDINATE,False,False
P:935,N,PARENT_HBN,PARENT,4.185,2.602,5.408,GATE3O_VALIDATED_HEAVY_COORDINATE,False,False
P:936,B,PARENT_HBN,PARENT,4.402,2.727,5.263,GATE3O_VALIDATED_HEAVY_COORDINATE,False,False
P:937,N,PARENT_HBN,PARENT,4.402,2.727,5.408,GATE3O_VALIDATED_HEAVY_COORDINATE,False,False
P:938,B,PARENT_HBN,PARENT,4.588,2.895,5.263,GATE3O_VALIDATED_HEAVY_COORDINATE,False,False
P:939,N,PARENT_HBN,PARENT,4.588,2.895,5.408,GATE3O_VALIDATED_HEAVY_COORDINATE,False,False
P:94,B,PARENT_HBN,PARENT,2.659,3.098,2.217,GATE3O_VALIDATED_HEAVY_COORDINATE,False,False
P:940,B,PARENT_HBN,PARENT,4.736,3.098,5.263,GATE3O_VALIDATED_HEAVY_COORDINATE,False,False
P:941,N,PARENT_HBN,PARENT,4.736,3.098,5.408,GATE3O_VALIDATED_HEAVY_COORDINATE,False,False
P:942,B,PARENT_HBN,PARENT,4.838,3.327,5.263,GATE3O_VALIDATED_HEAVY_COORDINATE,False,False
P:943,N,PARENT_HBN,PARENT,4.838,3.327,5.408,GATE3O_VALIDATED_HEAVY_COORDINATE,False,False
P:944,B,PARENT_HBN,PARENT,4.89,3.572,5.263,GATE3O_VALIDATED_HEAVY_COORDINATE,False,False
P:945,N,PARENT_HBN,PARENT,4.89,3.572,5.408,GATE3O_VALIDATED_HEAVY_COORDINATE,False,False
P:946,B,PARENT_HBN,PARENT,4.89,3.823,5.263,GATE3O_VALIDATED_HEAVY_COORDINATE,False,False
P:947,N,PARENT_HBN,PARENT,4.89,3.823,5.408,GATE3O_VALIDATED_HEAVY_COORDINATE,False,False
P:948,B,PARENT_HBN,PARENT,4.838,4.068,5.263,GATE3O_VALIDATED_HEAVY_COORDINATE,False,False
P:949,N,PARENT_HBN,PARENT,4.838,4.068,5.408,GATE3O_VALIDATED_HEAVY_COORDINATE,False,False
P:95,N,PARENT_HBN,PARENT,2.659,3.098,2.362,GATE3O_VALIDATED_HEAVY_COORDINATE,False,False
P:950,B,PARENT_HBN,PARENT,4.736,4.297,5.263,GATE3O_VALIDATED_HEAVY_COORDINATE,False,False
P:951,N,PARENT_HBN,PARENT,4.736,4.297,5.408,GATE3O_VALIDATED_HEAVY_COORDINATE,False,False
P:952,B,PARENT_HBN,PARENT,4.588,4.5,5.263,GATE3O_VALIDATED_HEAVY_COORDINATE,False,False
P:953,N,PARENT_HBN,PARENT,4.588,4.5,5.408,GATE3O_VALIDATED_HEAVY_COORDINATE,False,False
P:954,B,PARENT_HBN,PARENT,4.402,4.667,5.263,GATE3O_VALIDATED_HEAVY_COORDINATE,False,False
P:955,N,PARENT_HBN,PARENT,4.402,4.667,5.408,GATE3O_VALIDATED_HEAVY_COORDINATE,False,False
P:956,B,PARENT_HBN,PARENT,4.185,4.793,5.263,GATE3O_VALIDATED_HEAVY_COORDINATE,False,False
P:957,N,PARENT_HBN,PARENT,4.185,4.793,5.408,GATE3O_VALIDATED_HEAVY_COORDINATE,False,False
P:958,B,PARENT_HBN,PARENT,3.947,4.87,5.263,GATE3O_VALIDATED_HEAVY_COORDINATE,False,False
P:959,N,PARENT_HBN,PARENT,3.947,4.87,5.408,GATE3O_VALIDATED_HEAVY_COORDINATE,False,False
P:96,B,PARENT_HBN,PARENT,2.806,2.895,2.217,GATE3O_VALIDATED_HEAVY_COORDINATE,False,False
P:960,B,PARENT_HBN,PARENT,3.572,4.89,5.48,GATE3O_VALIDATED_HEAVY_COORDINATE,False,False
P:961,N,PARENT_HBN,PARENT,3.572,4.89,5.625,GATE3O_VALIDATED_HEAVY_COORDINATE,False,False
P:962,B,PARENT_HBN,PARENT,3.327,4.838,5.48,GATE3O_VALIDATED_HEAVY_COORDINATE,False,False
P:963,N,PARENT_HBN,PARENT,3.327,4.838,5.625,GATE3O_VALIDATED_HEAVY_COORDINATE,False,False
P:964,B,PARENT_HBN,PARENT,3.098,4.736,5.48,GATE3O_VALIDATED_HEAVY_COORDINATE,False,False
P:965,N,PARENT_HBN,PARENT,3.098,4.736,5.625,GATE3O_VALIDATED_HEAVY_COORDINATE,False,False
P:966,B,PARENT_HBN,PARENT,2.895,4.588,5.48,GATE3O_VALIDATED_HEAVY_COORDINATE,False,False
P:967,N,PARENT_HBN,PARENT,2.895,4.588,5.625,GATE3O_VALIDATED_HEAVY_COORDINATE,False,False
P:968,B,PARENT_HBN,PARENT,2.727,4.402,5.48,GATE3O_VALIDATED_HEAVY_COORDINATE,False,False
P:969,N,PARENT_HBN,PARENT,2.727,4.402,5.625,GATE3O_VALIDATED_HEAVY_COORDINATE,False,False
P:97,N,PARENT_HBN,PARENT,2.806,2.895,2.362,GATE3O_VALIDATED_HEAVY_COORDINATE,False,False
P:970,B,PARENT_HBN,PARENT,2.602,4.185,5.48,GATE3O_VALIDATED_HEAVY_COORDINATE,False,False
P:971,N,PARENT_HBN,PARENT,2.602,4.185,5.625,GATE3O_VALIDATED_HEAVY_COORDINATE,False,False
P:972,B,PARENT_HBN,PARENT,2.524,3.947,5.48,GATE3O_VALIDATED_HEAVY_COORDINATE,False,False
P:973,N,PARENT_HBN,PARENT,2.524,3.947,5.625,GATE3O_VALIDATED_HEAVY_COORDINATE,False,False
P:974,B,PARENT_HBN,PARENT,2.498,3.697,5.48,GATE3O_VALIDATED_HEAVY_COORDINATE,False,False
P:975,N,PARENT_HBN,PARENT,2.498,3.697,5.625,GATE3O_VALIDATED_HEAVY_COORDINATE,False,False
P:976,B,PARENT_HBN,PARENT,2.524,3.448,5.48,GATE3O_VALIDATED_HEAVY_COORDINATE,False,False
P:977,N,PARENT_HBN,PARENT,2.524,3.448,5.625,GATE3O_VALIDATED_HEAVY_COORDINATE,False,False
P:978,B,PARENT_HBN,PARENT,2.602,3.21,5.48,GATE3O_VALIDATED_HEAVY_COORDINATE,False,False
P:979,N,PARENT_HBN,PARENT,2.602,3.21,5.625,GATE3O_VALIDATED_HEAVY_COORDINATE,False,False
P:98,B,PARENT_HBN,PARENT,2.992,2.727,2.217,GATE3O_VALIDATED_HEAVY_COORDINATE,False,False
P:980,B,PARENT_HBN,PARENT,2.727,2.992,5.48,GATE3O_VALIDATED_HEAVY_COORDINATE,False,False
P:981,N,PARENT_HBN,PARENT,2.727,2.992,5.625,GATE3O_VALIDATED_HEAVY_COORDINATE,False,False
P:982,B,PARENT_HBN,PARENT,2.895,2.806,5.48,GATE3O_VALIDATED_HEAVY_COORDINATE,False,False
P:983,N,PARENT_HBN,PARENT,2.895,2.806,5.625,GATE3O_VALIDATED_HEAVY_COORDINATE,False,False
P:984,B,PARENT_HBN,PARENT,3.098,2.659,5.48,GATE3O_VALIDATED_HEAVY_COORDINATE,False,False
P:985,N,PARENT_HBN,PARENT,3.098,2.659,5.625,GATE3O_VALIDATED_HEAVY_COORDINATE,False,False
P:986,B,PARENT_HBN,PARENT,3.327,2.557,5.48,GATE3O_VALIDATED_HEAVY_COORDINATE,False,False
P:987,N,PARENT_HBN,PARENT,3.327,2.557,5.625,GATE3O_VALIDATED_HEAVY_COORDINATE,False,False
P:988,B,PARENT_HBN,PARENT,3.572,2.505,5.48,GATE3O_VALIDATED_HEAVY_COORDINATE,False,False
P:989,N,PARENT_HBN,PARENT,3.572,2.505,5.625,GATE3O_VALIDATED_HEAVY_COORDINATE,False,False
P:99,N,PARENT_HBN,PARENT,2.992,2.727,2.362,GATE3O_VALIDATED_HEAVY_COORDINATE,False,False
P:990,B,PARENT_HBN,PARENT,3.823,2.505,5.48,GATE3O_VALIDATED_HEAVY_COORDINATE,False,False
P:991,N,PARENT_HBN,PARENT,3.823,2.505,5.625,GATE3O_VALIDATED_HEAVY_COORDINATE,False,False
P:992,B,PARENT_HBN,PARENT,4.068,2.557,5.48,GATE3O_VALIDATED_HEAVY_COORDINATE,False,False
P:993,N,PARENT_HBN,PARENT,4.068,2.557,5.625,GATE3O_VALIDATED_HEAVY_COORDINATE,False,False
P:994,B,PARENT_HBN,PARENT,4.297,2.659,5.48,GATE3O_VALIDATED_HEAVY_COORDINATE,False,False
P:995,N,PARENT_HBN,PARENT,4.297,2.659,5.625,GATE3O_VALIDATED_HEAVY_COORDINATE,False,False
P:996,B,PARENT_HBN,PARENT,4.5,2.806,5.48,GATE3O_VALIDATED_HEAVY_COORDINATE,False,False
P:997,N,PARENT_HBN,PARENT,4.5,2.806,5.625,GATE3O_VALIDATED_HEAVY_COORDINATE,False,False
P:998,B,PARENT_HBN,PARENT,4.667,2.992,5.48,GATE3O_VALIDATED_HEAVY_COORDINATE,False,False
P:999,N,PARENT_HBN,PARENT,4.667,2.992,5.625,GATE3O_VALIDATED_HEAVY_COORDINATE,False,False
S:1680,N,HEXAGONAL_EDGE_COMPLETION_SEED,LOWER,3.9455,2.5309999999999997,1.9269594583193688,GATE3O_VALIDATED_HEAVY_COORDINATE,False,False
S:1681,N,HEXAGONAL_EDGE_COMPLETION_SEED,LOWER,4.182499999999999,2.6079999999999997,1.9271582487236887,GATE3O_VALIDATED_HEAVY_COORDINATE,False,False
S:1682,N,HEXAGONAL_EDGE_COMPLETION_SEED,LOWER,4.3985,2.7325,1.9271119301325659,GATE3O_VALIDATED_HEAVY_COORDINATE,False,False
S:1683,N,HEXAGONAL_EDGE_COMPLETION_SEED,LOWER,4.5835,2.899,1.926543068883869,GATE3O_VALIDATED_HEAVY_COORDINATE,False,False
S:1684,N,HEXAGONAL_EDGE_COMPLETION_SEED,LOWER,4.73,3.101,1.9281169649430412,GATE3O_VALIDATED_HEAVY_COORDINATE,False,False
S:1685,N,HEXAGONAL_EDGE_COMPLETION_SEED,LOWER,4.8315,3.3289999999999997,1.9266929694435793,GATE3O_VALIDATED_HEAVY_COORDINATE,False,False
S:1686,N,HEXAGONAL_EDGE_COMPLETION_SEED,LOWER,4.883,3.5725,1.9268705207935952,GATE3O_VALIDATED_HEAVY_COORDINATE,False,False
S:1687,N,HEXAGONAL_EDGE_COMPLETION_SEED,LOWER,4.883,3.822,1.9277284929657614,GATE3O_VALIDATED_HEAVY_COORDINATE,False,False
S:1688,N,HEXAGONAL_EDGE_COMPLETION_SEED,LOWER,4.8315,4.066,1.9266929694435788,GATE3O_VALIDATED_HEAVY_COORDINATE,False,False
S:1689,N,HEXAGONAL_EDGE_COMPLETION_SEED,LOWER,4.73,4.2935,1.9273644664850604,GATE3O_VALIDATED_HEAVY_COORDINATE,False,False
S:1690,N,HEXAGONAL_EDGE_COMPLETION_SEED,LOWER,4.5835,4.495,1.926543068883869,GATE3O_VALIDATED_HEAVY_COORDINATE,False,False
S:1691,N,HEXAGONAL_EDGE_COMPLETION_SEED,LOWER,4.3985,4.662,1.9276196108811234,GATE3O_VALIDATED_HEAVY_COORDINATE,False,False
S:1692,N,HEXAGONAL_EDGE_COMPLETION_SEED,LOWER,4.182499999999999,4.787,1.927158248723689,GATE3O_VALIDATED_HEAVY_COORDINATE,False,False
S:1693,N,HEXAGONAL_EDGE_COMPLETION_SEED,LOWER,3.9455,4.864,1.9269594583193685,GATE3O_VALIDATED_HEAVY_COORDINATE,False,False
S:1694,N,HEXAGONAL_EDGE_COMPLETION_SEED,LOWER,3.6975,4.89,1.9274264460771005,GATE3O_VALIDATED_HEAVY_COORDINATE,False,False
S:1695,N,HEXAGONAL_EDGE_COMPLETION_SEED,LOWER,3.4495,4.864,1.926959458319369,GATE3O_VALIDATED_HEAVY_COORDINATE,False,False
S:1696,N,HEXAGONAL_EDGE_COMPLETION_SEED,LOWER,3.2125,4.787,1.927158248723689,GATE3O_VALIDATED_HEAVY_COORDINATE,False,False
S:1697,N,HEXAGONAL_EDGE_COMPLETION_SEED,LOWER,2.9965,4.662,1.927619610881123,GATE3O_VALIDATED_HEAVY_COORDINATE,False,False
S:1698,N,HEXAGONAL_EDGE_COMPLETION_SEED,LOWER,2.811,4.495,1.92711536012986,GATE3O_VALIDATED_HEAVY_COORDINATE,False,False
S:1699,N,HEXAGONAL_EDGE_COMPLETION_SEED,LOWER,2.6645,4.2935,1.9269337921539653,GATE3O_VALIDATED_HEAVY_COORDINATE,False,False
S:1700,N,HEXAGONAL_EDGE_COMPLETION_SEED,LOWER,2.5629999999999997,4.066,1.9269577469610906,GATE3O_VALIDATED_HEAVY_COORDINATE,False,False
S:1701,N,HEXAGONAL_EDGE_COMPLETION_SEED,LOWER,2.511,3.822,1.9277284929657614,GATE3O_VALIDATED_HEAVY_COORDINATE,False,False
S:1702,N,HEXAGONAL_EDGE_COMPLETION_SEED,LOWER,2.511,3.5725,1.9268705207935952,GATE3O_VALIDATED_HEAVY_COORDINATE,False,False
S:1703,N,HEXAGONAL_EDGE_COMPLETION_SEED,LOWER,2.5629999999999997,3.3289999999999997,1.926957746961091,GATE3O_VALIDATED_HEAVY_COORDINATE,False,False
S:1704,N,HEXAGONAL_EDGE_COMPLETION_SEED,LOWER,2.6645,3.101,1.927681809141821,GATE3O_VALIDATED_HEAVY_COORDINATE,False,False
S:1705,N,HEXAGONAL_EDGE_COMPLETION_SEED,LOWER,2.811,2.899,1.92711536012986,GATE3O_VALIDATED_HEAVY_COORDINATE,False,False
S:1706,N,HEXAGONAL_EDGE_COMPLETION_SEED,LOWER,2.9965,2.7325,1.9271119301325657,GATE3O_VALIDATED_HEAVY_COORDINATE,False,False
S:1707,N,HEXAGONAL_EDGE_COMPLETION_SEED,LOWER,3.2125,2.6079999999999997,1.9271582487236887,GATE3O_VALIDATED_HEAVY_COORDINATE,False,False
S:1708,N,HEXAGONAL_EDGE_COMPLETION_SEED,LOWER,3.4495,2.5309999999999997,1.926959458319369,GATE3O_VALIDATED_HEAVY_COORDINATE,False,False
S:1709,N,HEXAGONAL_EDGE_COMPLETION_SEED,LOWER,3.6975,2.505,1.9274264460771005,GATE3O_VALIDATED_HEAVY_COORDINATE,False,False
S:1710,B,HEXAGONAL_EDGE_COMPLETION_SEED,UPPER,4.066,2.5629999999999997,8.09104225303891,GATE3O_VALIDATED_HEAVY_COORDINATE,False,False
S:1711,B,HEXAGONAL_EDGE_COMPLETION_SEED,UPPER,4.2935,2.6645,8.091066207846035,GATE3O_VALIDATED_HEAVY_COORDINATE,False,False
S:1712,B,HEXAGONAL_EDGE_COMPLETION_SEED,UPPER,4.495,2.811,8.09088463987014,GATE3O_VALIDATED_HEAVY_COORDINATE,False,False
S:1713,B,HEXAGONAL_EDGE_COMPLETION_SEED,UPPER,4.662,2.9965,8.090380389118877,GATE3O_VALIDATED_HEAVY_COORDINATE,False,False
S:1714,B,HEXAGONAL_EDGE_COMPLETION_SEED,UPPER,4.787,3.2125,8.090841751276312,GATE3O_VALIDATED_HEAVY_COORDINATE,False,False
S:1715,B,HEXAGONAL_EDGE_COMPLETION_SEED,UPPER,4.864,3.4495,8.091040541680632,GATE3O_VALIDATED_HEAVY_COORDINATE,False,False
S:1716,B,HEXAGONAL_EDGE_COMPLETION_SEED,UPPER,4.89,3.6975,8.0905735539229,GATE3O_VALIDATED_HEAVY_COORDINATE,False,False
S:1717,B,HEXAGONAL_EDGE_COMPLETION_SEED,UPPER,4.864,3.9455,8.091040541680632,GATE3O_VALIDATED_HEAVY_COORDINATE,False,False
S:1718,B,HEXAGONAL_EDGE_COMPLETION_SEED,UPPER,4.787,4.182499999999999,8.090841751276312,GATE3O_VALIDATED_HEAVY_COORDINATE,False,False
S:1719,B,HEXAGONAL_EDGE_COMPLETION_SEED,UPPER,4.662,4.3985,8.090380389118877,GATE3O_VALIDATED_HEAVY_COORDINATE,False,False
S:1720,B,HEXAGONAL_EDGE_COMPLETION_SEED,UPPER,4.495,4.5835,8.09145693111613,GATE3O_VALIDATED_HEAVY_COORDINATE,False,False
S:1721,B,HEXAGONAL_EDGE_COMPLETION_SEED,UPPER,4.2935,4.73,8.09063553351494,GATE3O_VALIDATED_HEAVY_COORDINATE,False,False
S:1722,B,HEXAGONAL_EDGE_COMPLETION_SEED,UPPER,4.066,4.8315,8.091307030556422,GATE3O_VALIDATED_HEAVY_COORDINATE,False,False
S:1723,B,HEXAGONAL_EDGE_COMPLETION_SEED,UPPER,3.822,4.883,8.09027150703424,GATE3O_VALIDATED_HEAVY_COORDINATE,False,False
S:1724,B,HEXAGONAL_EDGE_COMPLETION_SEED,UPPER,3.5725,4.883,8.091129479206405,GATE3O_VALIDATED_HEAVY_COORDINATE,False,False
S:1725,B,HEXAGONAL_EDGE_COMPLETION_SEED,UPPER,3.3289999999999997,4.8315,8.091307030556422,GATE3O_VALIDATED_HEAVY_COORDINATE,False,False
S:1726,B,HEXAGONAL_EDGE_COMPLETION_SEED,UPPER,3.101,4.73,8.08988303505696,GATE3O_VALIDATED_HEAVY_COORDINATE,False,False
S:1727,B,HEXAGONAL_EDGE_COMPLETION_SEED,UPPER,2.899,4.5835,8.09145693111613,GATE3O_VALIDATED_HEAVY_COORDINATE,False,False
S:1728,B,HEXAGONAL_EDGE_COMPLETION_SEED,UPPER,2.7325,4.3985,8.090888069867434,GATE3O_VALIDATED_HEAVY_COORDINATE,False,False
S:1729,B,HEXAGONAL_EDGE_COMPLETION_SEED,UPPER,2.6079999999999997,4.182499999999999,8.090841751276312,GATE3O_VALIDATED_HEAVY_COORDINATE,False,False
S:1730,B,HEXAGONAL_EDGE_COMPLETION_SEED,UPPER,2.5309999999999997,3.9455,8.091040541680632,GATE3O_VALIDATED_HEAVY_COORDINATE,False,False
S:1731,B,HEXAGONAL_EDGE_COMPLETION_SEED,UPPER,2.505,3.6975,8.0905735539229,GATE3O_VALIDATED_HEAVY_COORDINATE,False,False
S:1732,B,HEXAGONAL_EDGE_COMPLETION_SEED,UPPER,2.5309999999999997,3.4495,8.091040541680632,GATE3O_VALIDATED_HEAVY_COORDINATE,False,False
S:1733,B,HEXAGONAL_EDGE_COMPLETION_SEED,UPPER,2.6079999999999997,3.2125,8.090841751276312,GATE3O_VALIDATED_HEAVY_COORDINATE,False,False
S:1734,B,HEXAGONAL_EDGE_COMPLETION_SEED,UPPER,2.7325,2.9965,8.090888069867436,GATE3O_VALIDATED_HEAVY_COORDINATE,False,False
S:1735,B,HEXAGONAL_EDGE_COMPLETION_SEED,UPPER,2.899,2.811,8.09088463987014,GATE3O_VALIDATED_HEAVY_COORDINATE,False,False
S:1736,B,HEXAGONAL_EDGE_COMPLETION_SEED,UPPER,3.101,2.6645,8.090318190858179,GATE3O_VALIDATED_HEAVY_COORDINATE,False,False
S:1737,B,HEXAGONAL_EDGE_COMPLETION_SEED,UPPER,3.3289999999999997,2.5629999999999997,8.091042253038909,GATE3O_VALIDATED_HEAVY_COORDINATE,False,False
S:1738,B,HEXAGONAL_EDGE_COMPLETION_SEED,UPPER,3.5725,2.511,8.091129479206405,GATE3O_VALIDATED_HEAVY_COORDINATE,False,False
S:1739,B,HEXAGONAL_EDGE_COMPLETION_SEED,UPPER,3.822,2.511,8.09027150703424,GATE3O_VALIDATED_HEAVY_COORDINATE,False,False
