node_id,element,node_type,end,x_nm,y_nm,z_nm,coordinates_generated_by,energy_minimized,MD_relaxed
A:LOWER:-10:-2,N,ANNULUS_INTERIOR,LOWER,3.9484310986735465,4.422199315879867,1.7500976981276273,GLOBAL_DISCRETE_CONFORMER_AND_H_REFINEMENT,False,False
A:LOWER:-10:-4,N,ANNULUS_INTERIOR,LOWER,4.199531700397307,4.4222002984319495,1.7500976981276273,GLOBAL_DISCRETE_CONFORMER_AND_H_REFINEMENT,False,False
A:LOWER:-10:-6,N,ANNULUS_OUTER_BOUNDARY,LOWER,4.450632302121067,4.422201280984032,1.7500976981276273,GLOBAL_DISCRETE_CONFORMER_AND_H_REFINEMENT,False,False
A:LOWER:-10:0,N,ANNULUS_INTERIOR,LOWER,3.697330496949786,4.422198333327784,1.7500976981276273,GLOBAL_DISCRETE_CONFORMER_AND_H_REFINEMENT,False,False
A:LOWER:-10:2,N,ANNULUS_INTERIOR,LOWER,3.4462298952260255,4.422197350775701,1.7500976981276273,GLOBAL_DISCRETE_CONFORMER_AND_H_REFINEMENT,False,False
A:LOWER:-10:4,N,ANNULUS_INTERIOR,LOWER,3.1951292935022653,4.422196368223619,1.7500976981276273,GLOBAL_DISCRETE_CONFORMER_AND_H_REFINEMENT,False,False
A:LOWER:-10:6,N,ANNULUS_OUTER_BOUNDARY,LOWER,2.944028691778505,4.422195385671536,1.7500976981276273,GLOBAL_DISCRETE_CONFORMER_AND_H_REFINEMENT,False,False
A:LOWER:-11:-1,B,ANNULUS_INTERIOR,LOWER,3.8228805141733115,4.49468532460327,1.7500976981276273,GLOBAL_DISCRETE_CONFORMER_AND_H_REFINEMENT,False,False
A:LOWER:-11:-3,B,ANNULUS_INTERIOR,LOWER,4.073981115897072,4.494686307155353,1.7500976981276273,GLOBAL_DISCRETE_CONFORMER_AND_H_REFINEMENT,False,False
A:LOWER:-11:-5,B,ANNULUS_INTERIOR,LOWER,4.325081717620833,4.494687289707436,1.7500976981276273,GLOBAL_DISCRETE_CONFORMER_AND_H_REFINEMENT,False,False
A:LOWER:-11:1,B,ANNULUS_INTERIOR,LOWER,3.5717799124495513,4.494684342051189,1.7500976981276273,GLOBAL_DISCRETE_CONFORMER_AND_H_REFINEMENT,False,False
A:LOWER:-11:3,B,ANNULUS_INTERIOR,LOWER,3.3206793107257906,4.494683359499105,1.7500976981276273,GLOBAL_DISCRETE_CONFORMER_AND_H_REFINEMENT,False,False
A:LOWER:-11:5,B,ANNULUS_INTERIOR,LOWER,3.069578709002031,4.494682376947022,1.7500976981276273,GLOBAL_DISCRETE_CONFORMER_AND_H_REFINEMENT,False,False
A:LOWER:-13:-1,N,ANNULUS_INTERIOR,LOWER,3.8228799468966024,4.639658324602161,1.7500976981276273,GLOBAL_DISCRETE_CONFORMER_AND_H_REFINEMENT,False,False
A:LOWER:-13:-3,N,ANNULUS_INTERIOR,LOWER,4.073980548620363,4.6396593071542425,1.7500976981276273,GLOBAL_DISCRETE_CONFORMER_AND_H_REFINEMENT,False,False
A:LOWER:-13:-5,N,ANNULUS_OUTER_BOUNDARY,LOWER,4.325081150344123,4.639660289706326,1.7500976981276273,GLOBAL_DISCRETE_CONFORMER_AND_H_REFINEMENT,False,False
A:LOWER:-13:1,N,ANNULUS_INTERIOR,LOWER,3.571779345172842,4.639657342050078,1.7500976981276273,GLOBAL_DISCRETE_CONFORMER_AND_H_REFINEMENT,False,False
A:LOWER:-13:3,N,ANNULUS_INTERIOR,LOWER,3.3206787434490814,4.639656359497995,1.7500976981276273,GLOBAL_DISCRETE_CONFORMER_AND_H_REFINEMENT,False,False
A:LOWER:-13:5,N,ANNULUS_OUTER_BOUNDARY,LOWER,3.069578141725321,4.639655376945913,1.7500976981276273,GLOBAL_DISCRETE_CONFORMER_AND_H_REFINEMENT,False,False
A:LOWER:-14:-2,B,ANNULUS_OUTER_BOUNDARY,LOWER,3.948429964120128,4.712145315877647,1.7500976981276273,GLOBAL_DISCRETE_CONFORMER_AND_H_REFINEMENT,False,False
A:LOWER:-14:-4,B,ANNULUS_OUTER_BOUNDARY,LOWER,4.199530565843888,4.7121462984297295,1.7500976981276273,GLOBAL_DISCRETE_CONFORMER_AND_H_REFINEMENT,False,False
A:LOWER:-14:0,B,ANNULUS_OUTER_BOUNDARY,LOWER,3.6973293623963674,4.712144333325564,1.7500976981276273,GLOBAL_DISCRETE_CONFORMER_AND_H_REFINEMENT,False,False
A:LOWER:-14:2,B,ANNULUS_OUTER_BOUNDARY,LOWER,3.446228760672607,4.712143350773482,1.7500976981276273,GLOBAL_DISCRETE_CONFORMER_AND_H_REFINEMENT,False,False
A:LOWER:-14:4,B,ANNULUS_OUTER_BOUNDARY,LOWER,3.1951281589488465,4.712142368221398,1.7500976981276273,GLOBAL_DISCRETE_CONFORMER_AND_H_REFINEMENT,False,False
A:LOWER:-1:-5,N,ANNULUS_INTERIOR,LOWER,4.32508455400438,3.7698222897129847,1.7500976981276273,GLOBAL_DISCRETE_CONFORMER_AND_H_REFINEMENT,False,False
A:LOWER:-1:-7,N,ANNULUS_INTERIOR,LOWER,4.57618515572814,3.7698232722650675,1.7500976981276273,GLOBAL_DISCRETE_CONFORMER_AND_H_REFINEMENT,False,False
A:LOWER:-1:-9,N,ANNULUS_OUTER_BOUNDARY,LOWER,4.827285757451901,3.76982425481715,1.7500976981276273,GLOBAL_DISCRETE_CONFORMER_AND_H_REFINEMENT,False,False
A:LOWER:-1:5,N,ANNULUS_INTERIOR,LOWER,3.0695815453855775,3.7698173769525716,1.7500976981276273,GLOBAL_DISCRETE_CONFORMER_AND_H_REFINEMENT,False,False
A:LOWER:-1:7,N,ANNULUS_INTERIOR,LOWER,2.818480943661817,3.769816394400489,1.7500976981276273,GLOBAL_DISCRETE_CONFORMER_AND_H_REFINEMENT,False,False
A:LOWER:-1:9,N,ANNULUS_OUTER_BOUNDARY,LOWER,2.5673803419380565,3.7698154118484064,1.7500976981276273,GLOBAL_DISCRETE_CONFORMER_AND_H_REFINEMENT,False,False
A:LOWER:-2:-4,B,ANNULUS_INNER_BOUNDARY,LOWER,4.199533969504145,3.8423082984363885,1.7500976981276273,GLOBAL_DISCRETE_CONFORMER_AND_H_REFINEMENT,False,False
A:LOWER:-2:-6,B,ANNULUS_INTERIOR,LOWER,4.450634571227905,3.842309280988471,1.7500976981276273,GLOBAL_DISCRETE_CONFORMER_AND_H_REFINEMENT,False,False
A:LOWER:-2:-8,B,ANNULUS_INTERIOR,LOWER,4.701735172951666,3.842310263540554,1.7500976981276273,GLOBAL_DISCRETE_CONFORMER_AND_H_REFINEMENT,False,False
A:LOWER:-2:4,B,ANNULUS_INNER_BOUNDARY,LOWER,3.195131562609103,3.842304368228058,1.7500976981276273,GLOBAL_DISCRETE_CONFORMER_AND_H_REFINEMENT,False,False
A:LOWER:-2:6,B,ANNULUS_INTERIOR,LOWER,2.9440309608853426,3.8423033856759754,1.7500976981276273,GLOBAL_DISCRETE_CONFORMER_AND_H_REFINEMENT,False,False
A:LOWER:-2:8,B,ANNULUS_INTERIOR,LOWER,2.692930359161582,3.8423024031238926,1.7500976981276273,GLOBAL_DISCRETE_CONFORMER_AND_H_REFINEMENT,False,False
A:LOWER:-4:-4,N,ANNULUS_INTERIOR,LOWER,4.199533402227435,3.9872812984352786,1.7500976981276273,GLOBAL_DISCRETE_CONFORMER_AND_H_REFINEMENT,False,False
A:LOWER:-4:-6,N,ANNULUS_INTERIOR,LOWER,4.450634003951196,3.9872822809873614,1.7500976981276273,GLOBAL_DISCRETE_CONFORMER_AND_H_REFINEMENT,False,False
A:LOWER:-4:-8,N,ANNULUS_OUTER_BOUNDARY,LOWER,4.7017346056749565,3.987283263539444,1.7500976981276273,GLOBAL_DISCRETE_CONFORMER_AND_H_REFINEMENT,False,False
A:LOWER:-4:4,N,ANNULUS_INTERIOR,LOWER,3.1951309953323936,3.9872773682269482,1.7500976981276273,GLOBAL_DISCRETE_CONFORMER_AND_H_REFINEMENT,False,False
A:LOWER:-4:6,N,ANNULUS_INTERIOR,LOWER,2.944030393608633,3.9872763856748654,1.7500976981276273,GLOBAL_DISCRETE_CONFORMER_AND_H_REFINEMENT,False,False
A:LOWER:-4:8,N,ANNULUS_OUTER_BOUNDARY,LOWER,2.6929297918848727,3.987275403122783,1.7500976981276273,GLOBAL_DISCRETE_CONFORMER_AND_H_REFINEMENT,False,False
A:LOWER:-5:-3,B,ANNULUS_INNER_BOUNDARY,LOWER,4.073982817727201,4.059767307158682,1.7500976981276273,GLOBAL_DISCRETE_CONFORMER_AND_H_REFINEMENT,False,False
A:LOWER:-5:-5,B,ANNULUS_INTERIOR,LOWER,4.32508341945096,4.059768289710765,1.7500976981276273,GLOBAL_DISCRETE_CONFORMER_AND_H_REFINEMENT,False,False
A:LOWER:-5:-7,B,ANNULUS_INTERIOR,LOWER,4.576184021174721,4.059769272262848,1.7500976981276273,GLOBAL_DISCRETE_CONFORMER_AND_H_REFINEMENT,False,False
A:LOWER:-5:3,B,ANNULUS_INNER_BOUNDARY,LOWER,3.320681012555919,4.059764359502434,1.7500976981276273,GLOBAL_DISCRETE_CONFORMER_AND_H_REFINEMENT,False,False
A:LOWER:-5:5,B,ANNULUS_INTERIOR,LOWER,3.0695804108321587,4.059763376950352,1.7500976981276273,GLOBAL_DISCRETE_CONFORMER_AND_H_REFINEMENT,False,False
A:LOWER:-5:7,B,ANNULUS_INTERIOR,LOWER,2.818479809108398,4.05976239439827,1.7500976981276273,GLOBAL_DISCRETE_CONFORMER_AND_H_REFINEMENT,False,False
A:LOWER:-7:-1,N,ANNULUS_INNER_BOUNDARY,LOWER,3.8228816487267303,4.20473932460549,1.7500976981276273,GLOBAL_DISCRETE_CONFORMER_AND_H_REFINEMENT,False,False
A:LOWER:-7:-3,N,ANNULUS_INTERIOR,LOWER,4.0739822504504914,4.204740307157572,1.7500976981276273,GLOBAL_DISCRETE_CONFORMER_AND_H_REFINEMENT,False,False
A:LOWER:-7:-5,N,ANNULUS_INTERIOR,LOWER,4.325082852174251,4.204741289709656,1.7500976981276273,GLOBAL_DISCRETE_CONFORMER_AND_H_REFINEMENT,False,False
A:LOWER:-7:-7,N,ANNULUS_OUTER_BOUNDARY,LOWER,4.576183453898012,4.204742272261738,1.7500976981276273,GLOBAL_DISCRETE_CONFORMER_AND_H_REFINEMENT,False,False
A:LOWER:-7:1,N,ANNULUS_INNER_BOUNDARY,LOWER,3.57178104700297,4.204738342053408,1.7500976981276273,GLOBAL_DISCRETE_CONFORMER_AND_H_REFINEMENT,False,False
A:LOWER:-7:3,N,ANNULUS_INTERIOR,LOWER,3.3206804452792094,4.204737359501325,1.7500976981276273,GLOBAL_DISCRETE_CONFORMER_AND_H_REFINEMENT,False,False
A:LOWER:-7:5,N,ANNULUS_INTERIOR,LOWER,3.069579843555449,4.204736376949242,1.7500976981276273,GLOBAL_DISCRETE_CONFORMER_AND_H_REFINEMENT,False,False
A:LOWER:-7:7,N,ANNULUS_OUTER_BOUNDARY,LOWER,2.8184792418316884,4.204735394397159,1.7500976981276273,GLOBAL_DISCRETE_CONFORMER_AND_H_REFINEMENT,False,False
A:LOWER:-8:-2,B,ANNULUS_INTERIOR,LOWER,3.948431665950256,4.277226315880976,1.7500976981276273,GLOBAL_DISCRETE_CONFORMER_AND_H_REFINEMENT,False,False
A:LOWER:-8:-4,B,ANNULUS_INTERIOR,LOWER,4.199532267674017,4.2772272984330595,1.7500976981276273,GLOBAL_DISCRETE_CONFORMER_AND_H_REFINEMENT,False,False
A:LOWER:-8:-6,B,ANNULUS_INTERIOR,LOWER,4.450632869397777,4.277228280985142,1.7500976981276273,GLOBAL_DISCRETE_CONFORMER_AND_H_REFINEMENT,False,False
A:LOWER:-8:0,B,ANNULUS_INTERIOR,LOWER,3.6973310642264954,4.277225333328894,1.7500976981276273,GLOBAL_DISCRETE_CONFORMER_AND_H_REFINEMENT,False,False
A:LOWER:-8:2,B,ANNULUS_INTERIOR,LOWER,3.446230462502735,4.2772243507768115,1.7500976981276273,GLOBAL_DISCRETE_CONFORMER_AND_H_REFINEMENT,False,False
A:LOWER:-8:4,B,ANNULUS_INTERIOR,LOWER,3.195129860778975,4.277223368224728,1.7500976981276273,GLOBAL_DISCRETE_CONFORMER_AND_H_REFINEMENT,False,False
A:LOWER:-8:6,B,ANNULUS_INTERIOR,LOWER,2.944029259055214,4.277222385672647,1.7500976981276273,GLOBAL_DISCRETE_CONFORMER_AND_H_REFINEMENT,False,False
A:LOWER:10:-2,B,ANNULUS_INTERIOR,LOWER,3.948436771440641,2.9724693158909647,1.7500976981276273,GLOBAL_DISCRETE_CONFORMER_AND_H_REFINEMENT,False,False
A:LOWER:10:-4,B,ANNULUS_INTERIOR,LOWER,4.199537373164402,2.972470298443047,1.7500976981276273,GLOBAL_DISCRETE_CONFORMER_AND_H_REFINEMENT,False,False
A:LOWER:10:-6,B,ANNULUS_OUTER_BOUNDARY,LOWER,4.450637974888162,2.9724712809951304,1.7500976981276273,GLOBAL_DISCRETE_CONFORMER_AND_H_REFINEMENT,False,False
A:LOWER:10:0,B,ANNULUS_INTERIOR,LOWER,3.6973361697168805,2.9724683333388824,1.7500976981276273,GLOBAL_DISCRETE_CONFORMER_AND_H_REFINEMENT,False,False
A:LOWER:10:2,B,ANNULUS_INTERIOR,LOWER,3.4462355679931203,2.9724673507867996,1.7500976981276273,GLOBAL_DISCRETE_CONFORMER_AND_H_REFINEMENT,False,False
A:LOWER:10:4,B,ANNULUS_INTERIOR,LOWER,3.1951349662693596,2.972466368234717,1.7500976981276273,GLOBAL_DISCRETE_CONFORMER_AND_H_REFINEMENT,False,False
A:LOWER:10:6,B,ANNULUS_OUTER_BOUNDARY,LOWER,2.944034364545599,2.972465385682635,1.7500976981276273,GLOBAL_DISCRETE_CONFORMER_AND_H_REFINEMENT,False,False
A:LOWER:11:-1,N,ANNULUS_INTERIOR,LOWER,3.8228867542171154,2.8999823246154786,1.7500976981276273,GLOBAL_DISCRETE_CONFORMER_AND_H_REFINEMENT,False,False
A:LOWER:11:-3,N,ANNULUS_INTERIOR,LOWER,4.073987355940876,2.899983307167561,1.7500976981276273,GLOBAL_DISCRETE_CONFORMER_AND_H_REFINEMENT,False,False
A:LOWER:11:-5,N,ANNULUS_INTERIOR,LOWER,4.325087957664636,2.8999842897196437,1.7500976981276273,GLOBAL_DISCRETE_CONFORMER_AND_H_REFINEMENT,False,False
A:LOWER:11:1,N,ANNULUS_INTERIOR,LOWER,3.571786152493355,2.899981342063396,1.7500976981276273,GLOBAL_DISCRETE_CONFORMER_AND_H_REFINEMENT,False,False
A:LOWER:11:3,N,ANNULUS_INTERIOR,LOWER,3.3206855507695945,2.8999803595113134,1.7500976981276273,GLOBAL_DISCRETE_CONFORMER_AND_H_REFINEMENT,False,False
A:LOWER:11:5,N,ANNULUS_INTERIOR,LOWER,3.0695849490458342,2.89997937695923,1.7500976981276273,GLOBAL_DISCRETE_CONFORMER_AND_H_REFINEMENT,False,False
A:LOWER:13:-1,B,ANNULUS_INTERIOR,LOWER,3.8228873214938246,2.7550093246165885,1.7500976981276273,GLOBAL_DISCRETE_CONFORMER_AND_H_REFINEMENT,False,False
A:LOWER:13:-3,B,ANNULUS_INTERIOR,LOWER,4.073987923217585,2.7550103071686713,1.7500976981276273,GLOBAL_DISCRETE_CONFORMER_AND_H_REFINEMENT,False,False
A:LOWER:13:-5,B,ANNULUS_OUTER_BOUNDARY,LOWER,4.3250885249413455,2.7550112897207537,1.7500976981276273,GLOBAL_DISCRETE_CONFORMER_AND_H_REFINEMENT,False,False
A:LOWER:13:1,B,ANNULUS_INTERIOR,LOWER,3.571786719770064,2.755008342064506,1.7500976981276273,GLOBAL_DISCRETE_CONFORMER_AND_H_REFINEMENT,False,False
A:LOWER:13:3,B,ANNULUS_INTERIOR,LOWER,3.3206861180463036,2.755007359512423,1.7500976981276273,GLOBAL_DISCRETE_CONFORMER_AND_H_REFINEMENT,False,False
A:LOWER:13:5,B,ANNULUS_OUTER_BOUNDARY,LOWER,3.0695855163225434,2.7550063769603406,1.7500976981276273,GLOBAL_DISCRETE_CONFORMER_AND_H_REFINEMENT,False,False
A:LOWER:14:-2,N,ANNULUS_OUTER_BOUNDARY,LOWER,3.9484379059940595,2.6825233158931847,1.7500976981276273,GLOBAL_DISCRETE_CONFORMER_AND_H_REFINEMENT,False,False
A:LOWER:14:-4,N,ANNULUS_OUTER_BOUNDARY,LOWER,4.19953850771782,2.6825242984452675,1.7500976981276273,GLOBAL_DISCRETE_CONFORMER_AND_H_REFINEMENT,False,False
A:LOWER:14:0,N,ANNULUS_OUTER_BOUNDARY,LOWER,3.697337304270299,2.6825223333411023,1.7500976981276273,GLOBAL_DISCRETE_CONFORMER_AND_H_REFINEMENT,False,False
A:LOWER:14:2,N,ANNULUS_OUTER_BOUNDARY,LOWER,3.4462367025465386,2.682521350789019,1.7500976981276273,GLOBAL_DISCRETE_CONFORMER_AND_H_REFINEMENT,False,False
A:LOWER:14:4,N,ANNULUS_OUTER_BOUNDARY,LOWER,3.1951361008227783,2.6825203682369367,1.7500976981276273,GLOBAL_DISCRETE_CONFORMER_AND_H_REFINEMENT,False,False
A:LOWER:1:-5,B,ANNULUS_INTERIOR,LOWER,4.325085121281089,3.6248492897140947,1.7500976981276273,GLOBAL_DISCRETE_CONFORMER_AND_H_REFINEMENT,False,False
A:LOWER:1:-7,B,ANNULUS_INTERIOR,LOWER,4.5761857230048495,3.624850272266177,1.7500976981276273,GLOBAL_DISCRETE_CONFORMER_AND_H_REFINEMENT,False,False
A:LOWER:1:-9,B,ANNULUS_OUTER_BOUNDARY,LOWER,4.82728632472861,3.62485125481826,1.7500976981276273,GLOBAL_DISCRETE_CONFORMER_AND_H_REFINEMENT,False,False
A:LOWER:1:5,B,ANNULUS_INTERIOR,LOWER,3.069582112662287,3.6248443769536816,1.7500976981276273,GLOBAL_DISCRETE_CONFORMER_AND_H_REFINEMENT,False,False
A:LOWER:1:7,B,ANNULUS_INTERIOR,LOWER,2.8184815109385264,3.624843394401599,1.7500976981276273,GLOBAL_DISCRETE_CONFORMER_AND_H_REFINEMENT,False,False
A:LOWER:1:9,B,ANNULUS_OUTER_BOUNDARY,LOWER,2.5673809092147657,3.6248424118495164,1.7500976981276273,GLOBAL_DISCRETE_CONFORMER_AND_H_REFINEMENT,False,False
A:LOWER:2:-4,N,ANNULUS_INNER_BOUNDARY,LOWER,4.1995351040575635,3.5523622984386085,1.7500976981276273,GLOBAL_DISCRETE_CONFORMER_AND_H_REFINEMENT,False,False
A:LOWER:2:-6,N,ANNULUS_INTERIOR,LOWER,4.450635705781324,3.552363280990691,1.7500976981276273,GLOBAL_DISCRETE_CONFORMER_AND_H_REFINEMENT,False,False
A:LOWER:2:-8,N,ANNULUS_INTERIOR,LOWER,4.701736307505085,3.5523642635427737,1.7500976981276273,GLOBAL_DISCRETE_CONFORMER_AND_H_REFINEMENT,False,False
A:LOWER:2:4,N,ANNULUS_INNER_BOUNDARY,LOWER,3.1951326971625216,3.5523583682302777,1.7500976981276273,GLOBAL_DISCRETE_CONFORMER_AND_H_REFINEMENT,False,False
A:LOWER:2:6,N,ANNULUS_INTERIOR,LOWER,2.9440320954387613,3.5523573856781954,1.7500976981276273,GLOBAL_DISCRETE_CONFORMER_AND_H_REFINEMENT,False,False
A:LOWER:2:8,N,ANNULUS_INTERIOR,LOWER,2.692931493715001,3.5523564031261126,1.7500976981276273,GLOBAL_DISCRETE_CONFORMER_AND_H_REFINEMENT,False,False
A:LOWER:4:-4,B,ANNULUS_INTERIOR,LOWER,4.1995356713342735,3.407389298439718,1.7500976981276273,GLOBAL_DISCRETE_CONFORMER_AND_H_REFINEMENT,False,False
A:LOWER:4:-6,B,ANNULUS_INTERIOR,LOWER,4.450636273058033,3.407390280991801,1.7500976981276273,GLOBAL_DISCRETE_CONFORMER_AND_H_REFINEMENT,False,False
A:LOWER:4:-8,B,ANNULUS_OUTER_BOUNDARY,LOWER,4.701736874781794,3.4073912635438837,1.7500976981276273,GLOBAL_DISCRETE_CONFORMER_AND_H_REFINEMENT,False,False
A:LOWER:4:4,B,ANNULUS_INTERIOR,LOWER,3.195133264439231,3.4073853682313877,1.7500976981276273,GLOBAL_DISCRETE_CONFORMER_AND_H_REFINEMENT,False,False
A:LOWER:4:6,B,ANNULUS_INTERIOR,LOWER,2.944032662715471,3.407384385679305,1.7500976981276273,GLOBAL_DISCRETE_CONFORMER_AND_H_REFINEMENT,False,False
A:LOWER:4:8,B,ANNULUS_OUTER_BOUNDARY,LOWER,2.6929320609917102,3.407383403127222,1.7500976981276273,GLOBAL_DISCRETE_CONFORMER_AND_H_REFINEMENT,False,False
A:LOWER:5:-3,N,ANNULUS_INNER_BOUNDARY,LOWER,4.073985654110747,3.334902307164232,1.7500976981276273,GLOBAL_DISCRETE_CONFORMER_AND_H_REFINEMENT,False,False
A:LOWER:5:-5,N,ANNULUS_INTERIOR,LOWER,4.325086255834508,3.3349032897163142,1.7500976981276273,GLOBAL_DISCRETE_CONFORMER_AND_H_REFINEMENT,False,False
A:LOWER:5:-7,N,ANNULUS_INTERIOR,LOWER,4.576186857558269,3.3349042722683966,1.7500976981276273,GLOBAL_DISCRETE_CONFORMER_AND_H_REFINEMENT,False,False
A:LOWER:5:3,N,ANNULUS_INNER_BOUNDARY,LOWER,3.320683848939466,3.334899359507984,1.7500976981276273,GLOBAL_DISCRETE_CONFORMER_AND_H_REFINEMENT,False,False
A:LOWER:5:5,N,ANNULUS_INTERIOR,LOWER,3.069583247215706,3.334898376955901,1.7500976981276273,GLOBAL_DISCRETE_CONFORMER_AND_H_REFINEMENT,False,False
A:LOWER:5:7,N,ANNULUS_INTERIOR,LOWER,2.818482645491945,3.3348973944038187,1.7500976981276273,GLOBAL_DISCRETE_CONFORMER_AND_H_REFINEMENT,False,False
A:LOWER:7:-1,B,ANNULUS_INNER_BOUNDARY,LOWER,3.8228856196636967,3.189928324613259,1.7500976981276273,GLOBAL_DISCRETE_CONFORMER_AND_H_REFINEMENT,False,False
A:LOWER:7:-3,B,ANNULUS_INTERIOR,LOWER,4.073986221387457,3.1899293071653414,1.7500976981276273,GLOBAL_DISCRETE_CONFORMER_AND_H_REFINEMENT,False,False
A:LOWER:7:-5,B,ANNULUS_INTERIOR,LOWER,4.325086823111217,3.189930289717424,1.7500976981276273,GLOBAL_DISCRETE_CONFORMER_AND_H_REFINEMENT,False,False
A:LOWER:7:-7,B,ANNULUS_OUTER_BOUNDARY,LOWER,4.576187424834978,3.189931272269507,1.7500976981276273,GLOBAL_DISCRETE_CONFORMER_AND_H_REFINEMENT,False,False
A:LOWER:7:1,B,ANNULUS_INNER_BOUNDARY,LOWER,3.571785017939936,3.1899273420611762,1.7500976981276273,GLOBAL_DISCRETE_CONFORMER_AND_H_REFINEMENT,False,False
A:LOWER:7:3,B,ANNULUS_INTERIOR,LOWER,3.3206844162161757,3.1899263595090934,1.7500976981276273,GLOBAL_DISCRETE_CONFORMER_AND_H_REFINEMENT,False,False
A:LOWER:7:5,B,ANNULUS_INTERIOR,LOWER,3.0695838144924155,3.189925376957011,1.7500976981276273,GLOBAL_DISCRETE_CONFORMER_AND_H_REFINEMENT,False,False
A:LOWER:7:7,B,ANNULUS_OUTER_BOUNDARY,LOWER,2.8184832127686548,3.1899243944049287,1.7500976981276273,GLOBAL_DISCRETE_CONFORMER_AND_H_REFINEMENT,False,False
A:LOWER:8:-2,N,ANNULUS_INTERIOR,LOWER,3.9484362041639316,3.117442315889855,1.7500976981276273,GLOBAL_DISCRETE_CONFORMER_AND_H_REFINEMENT,False,False
A:LOWER:8:-4,N,ANNULUS_INTERIOR,LOWER,4.199536805887692,3.117443298441938,1.7500976981276273,GLOBAL_DISCRETE_CONFORMER_AND_H_REFINEMENT,False,False
A:LOWER:8:-6,N,ANNULUS_INTERIOR,LOWER,4.4506374076114525,3.1174442809940204,1.7500976981276273,GLOBAL_DISCRETE_CONFORMER_AND_H_REFINEMENT,False,False
A:LOWER:8:0,N,ANNULUS_INTERIOR,LOWER,3.697335602440171,3.1174413333377724,1.7500976981276273,GLOBAL_DISCRETE_CONFORMER_AND_H_REFINEMENT,False,False
A:LOWER:8:2,N,ANNULUS_INTERIOR,LOWER,3.4462350007164106,3.1174403507856896,1.7500976981276273,GLOBAL_DISCRETE_CONFORMER_AND_H_REFINEMENT,False,False
A:LOWER:8:4,N,ANNULUS_INTERIOR,LOWER,3.19513439899265,3.1174393682336072,1.7500976981276273,GLOBAL_DISCRETE_CONFORMER_AND_H_REFINEMENT,False,False
A:LOWER:8:6,N,ANNULUS_INTERIOR,LOWER,2.9440337972688897,3.117438385681525,1.7500976981276273,GLOBAL_DISCRETE_CONFORMER_AND_H_REFINEMENT,False,False
A:UPPER:-10:-2,B,ANNULUS_INTERIOR,UPPER,3.552363280990691,4.450635705781324,8.267902301872374,GLOBAL_DISCRETE_CONFORMER_AND_H_REFINEMENT,False,False
A:UPPER:-10:-4,B,ANNULUS_INTERIOR,UPPER,3.7698232722650675,4.57618515572814,8.267902301872374,GLOBAL_DISCRETE_CONFORMER_AND_H_REFINEMENT,False,False
A:UPPER:-10:-6,B,ANNULUS_OUTER_BOUNDARY,UPPER,3.987283263539444,4.7017346056749565,8.267902301872374,GLOBAL_DISCRETE_CONFORMER_AND_H_REFINEMENT,False,False
A:UPPER:-10:0,B,ANNULUS_INTERIOR,UPPER,3.3349032897163147,4.325086255834508,8.267902301872374,GLOBAL_DISCRETE_CONFORMER_AND_H_REFINEMENT,False,False
A:UPPER:-10:2,B,ANNULUS_INTERIOR,UPPER,3.1174432984419385,4.199536805887692,8.267902301872374,GLOBAL_DISCRETE_CONFORMER_AND_H_REFINEMENT,False,False
A:UPPER:-10:4,B,ANNULUS_INTERIOR,UPPER,2.8999833071675614,4.073987355940876,8.267902301872374,GLOBAL_DISCRETE_CONFORMER_AND_H_REFINEMENT,False,False
A:UPPER:-10:6,B,ANNULUS_OUTER_BOUNDARY,UPPER,2.682523315893185,3.9484379059940595,8.267902301872374,GLOBAL_DISCRETE_CONFORMER_AND_H_REFINEMENT,False,False
A:UPPER:-11:-1,N,ANNULUS_INTERIOR,UPPER,3.4073902809918013,4.450636273058033,8.267902301872374,GLOBAL_DISCRETE_CONFORMER_AND_H_REFINEMENT,False,False
A:UPPER:-11:-3,N,ANNULUS_INTERIOR,UPPER,3.6248502722661775,4.5761857230048495,8.267902301872374,GLOBAL_DISCRETE_CONFORMER_AND_H_REFINEMENT,False,False
A:UPPER:-11:-5,N,ANNULUS_INTERIOR,UPPER,3.842310263540554,4.701735172951666,8.267902301872374,GLOBAL_DISCRETE_CONFORMER_AND_H_REFINEMENT,False,False
A:UPPER:-11:1,N,ANNULUS_INTERIOR,UPPER,3.189930289717424,4.325086823111217,8.267902301872374,GLOBAL_DISCRETE_CONFORMER_AND_H_REFINEMENT,False,False
A:UPPER:-11:3,N,ANNULUS_INTERIOR,UPPER,2.972470298443048,4.199537373164401,8.267902301872374,GLOBAL_DISCRETE_CONFORMER_AND_H_REFINEMENT,False,False
A:UPPER:-11:5,N,ANNULUS_INTERIOR,UPPER,2.7550103071686713,4.073987923217585,8.267902301872374,GLOBAL_DISCRETE_CONFORMER_AND_H_REFINEMENT,False,False
A:UPPER:-13:-1,B,ANNULUS_INTERIOR,UPPER,3.3349042722683975,4.576186857558269,8.267902301872374,GLOBAL_DISCRETE_CONFORMER_AND_H_REFINEMENT,False,False
A:UPPER:-13:-3,B,ANNULUS_INTERIOR,UPPER,3.552364263542774,4.701736307505085,8.267902301872374,GLOBAL_DISCRETE_CONFORMER_AND_H_REFINEMENT,False,False
A:UPPER:-13:-5,B,ANNULUS_OUTER_BOUNDARY,UPPER,3.7698242548171503,4.827285757451901,8.267902301872374,GLOBAL_DISCRETE_CONFORMER_AND_H_REFINEMENT,False,False
A:UPPER:-13:1,B,ANNULUS_INTERIOR,UPPER,3.117444280994021,4.4506374076114525,8.267902301872374,GLOBAL_DISCRETE_CONFORMER_AND_H_REFINEMENT,False,False
A:UPPER:-13:3,B,ANNULUS_INTERIOR,UPPER,2.899984289719644,4.325087957664636,8.267902301872374,GLOBAL_DISCRETE_CONFORMER_AND_H_REFINEMENT,False,False
A:UPPER:-13:5,B,ANNULUS_OUTER_BOUNDARY,UPPER,2.682524298445268,4.19953850771782,8.267902301872374,GLOBAL_DISCRETE_CONFORMER_AND_H_REFINEMENT,False,False
A:UPPER:-14:-2,N,ANNULUS_OUTER_BOUNDARY,UPPER,3.4073912635438837,4.701736874781794,8.267902301872374,GLOBAL_DISCRETE_CONFORMER_AND_H_REFINEMENT,False,False
A:UPPER:-14:-4,N,ANNULUS_OUTER_BOUNDARY,UPPER,3.6248512548182603,4.82728632472861,8.267902301872374,GLOBAL_DISCRETE_CONFORMER_AND_H_REFINEMENT,False,False
A:UPPER:-14:0,N,ANNULUS_OUTER_BOUNDARY,UPPER,3.189931272269507,4.576187424834978,8.267902301872374,GLOBAL_DISCRETE_CONFORMER_AND_H_REFINEMENT,False,False
A:UPPER:-14:2,N,ANNULUS_OUTER_BOUNDARY,UPPER,2.972471280995131,4.450637974888162,8.267902301872374,GLOBAL_DISCRETE_CONFORMER_AND_H_REFINEMENT,False,False
A:UPPER:-14:4,N,ANNULUS_OUTER_BOUNDARY,UPPER,2.7550112897207546,4.3250885249413455,8.267902301872374,GLOBAL_DISCRETE_CONFORMER_AND_H_REFINEMENT,False,False
A:UPPER:-1:-5,B,ANNULUS_INTERIOR,UPPER,4.204740307157572,4.0739822504504914,8.267902301872374,GLOBAL_DISCRETE_CONFORMER_AND_H_REFINEMENT,False,False
A:UPPER:-1:-7,B,ANNULUS_INTERIOR,UPPER,4.4222002984319495,4.199531700397308,8.267902301872374,GLOBAL_DISCRETE_CONFORMER_AND_H_REFINEMENT,False,False
A:UPPER:-1:-9,B,ANNULUS_OUTER_BOUNDARY,UPPER,4.639660289706326,4.325081150344124,8.267902301872374,GLOBAL_DISCRETE_CONFORMER_AND_H_REFINEMENT,False,False
A:UPPER:-1:5,B,ANNULUS_INTERIOR,UPPER,3.11744035078569,3.44623500071641,8.267902301872374,GLOBAL_DISCRETE_CONFORMER_AND_H_REFINEMENT,False,False
A:UPPER:-1:7,B,ANNULUS_INTERIOR,UPPER,2.899980359511314,3.320685550769594,8.267902301872374,GLOBAL_DISCRETE_CONFORMER_AND_H_REFINEMENT,False,False
A:UPPER:-1:9,B,ANNULUS_OUTER_BOUNDARY,UPPER,2.682520368236937,3.1951361008227783,8.267902301872374,GLOBAL_DISCRETE_CONFORMER_AND_H_REFINEMENT,False,False
A:UPPER:-2:-4,N,ANNULUS_INNER_BOUNDARY,UPPER,4.059767307158682,4.073982817727201,8.267902301872374,GLOBAL_DISCRETE_CONFORMER_AND_H_REFINEMENT,False,False
A:UPPER:-2:-6,N,ANNULUS_INTERIOR,UPPER,4.2772272984330595,4.199532267674017,8.267902301872374,GLOBAL_DISCRETE_CONFORMER_AND_H_REFINEMENT,False,False
A:UPPER:-2:-8,N,ANNULUS_INTERIOR,UPPER,4.494687289707436,4.325081717620833,8.267902301872374,GLOBAL_DISCRETE_CONFORMER_AND_H_REFINEMENT,False,False
A:UPPER:-2:4,N,ANNULUS_INNER_BOUNDARY,UPPER,3.1899273420611762,3.571785017939936,8.267902301872374,GLOBAL_DISCRETE_CONFORMER_AND_H_REFINEMENT,False,False
A:UPPER:-2:6,N,ANNULUS_INTERIOR,UPPER,2.9724673507867996,3.44623556799312,8.267902301872374,GLOBAL_DISCRETE_CONFORMER_AND_H_REFINEMENT,False,False
A:UPPER:-2:8,N,ANNULUS_INTERIOR,UPPER,2.755007359512424,3.3206861180463036,8.267902301872374,GLOBAL_DISCRETE_CONFORMER_AND_H_REFINEMENT,False,False
A:UPPER:-4:-4,B,ANNULUS_INTERIOR,UPPER,3.9872812984352786,4.199533402227436,8.267902301872374,GLOBAL_DISCRETE_CONFORMER_AND_H_REFINEMENT,False,False
A:UPPER:-4:-6,B,ANNULUS_INTERIOR,UPPER,4.204741289709656,4.325082852174252,8.267902301872374,GLOBAL_DISCRETE_CONFORMER_AND_H_REFINEMENT,False,False
A:UPPER:-4:-8,B,ANNULUS_OUTER_BOUNDARY,UPPER,4.422201280984032,4.450632302121068,8.267902301872374,GLOBAL_DISCRETE_CONFORMER_AND_H_REFINEMENT,False,False
A:UPPER:-4:4,B,ANNULUS_INTERIOR,UPPER,3.1174413333377724,3.697335602440171,8.267902301872374,GLOBAL_DISCRETE_CONFORMER_AND_H_REFINEMENT,False,False
A:UPPER:-4:6,B,ANNULUS_INTERIOR,UPPER,2.899981342063396,3.5717861524933547,8.267902301872374,GLOBAL_DISCRETE_CONFORMER_AND_H_REFINEMENT,False,False
A:UPPER:-4:8,B,ANNULUS_OUTER_BOUNDARY,UPPER,2.68252135078902,3.4462367025465386,8.267902301872374,GLOBAL_DISCRETE_CONFORMER_AND_H_REFINEMENT,False,False
A:UPPER:-5:-3,N,ANNULUS_INNER_BOUNDARY,UPPER,3.842308298436389,4.199533969504145,8.267902301872374,GLOBAL_DISCRETE_CONFORMER_AND_H_REFINEMENT,False,False
A:UPPER:-5:-5,N,ANNULUS_INTERIOR,UPPER,4.059768289710766,4.325083419450961,8.267902301872374,GLOBAL_DISCRETE_CONFORMER_AND_H_REFINEMENT,False,False
A:UPPER:-5:-7,N,ANNULUS_INTERIOR,UPPER,4.277228280985142,4.4506328693977775,8.267902301872374,GLOBAL_DISCRETE_CONFORMER_AND_H_REFINEMENT,False,False
A:UPPER:-5:3,N,ANNULUS_INNER_BOUNDARY,UPPER,3.189928324613259,3.822885619663696,8.267902301872374,GLOBAL_DISCRETE_CONFORMER_AND_H_REFINEMENT,False,False
A:UPPER:-5:5,N,ANNULUS_INTERIOR,UPPER,2.972468333338883,3.6973361697168805,8.267902301872374,GLOBAL_DISCRETE_CONFORMER_AND_H_REFINEMENT,False,False
A:UPPER:-5:7,N,ANNULUS_INTERIOR,UPPER,2.755008342064506,3.5717867197700643,8.267902301872374,GLOBAL_DISCRETE_CONFORMER_AND_H_REFINEMENT,False,False
A:UPPER:-7:-1,B,ANNULUS_INNER_BOUNDARY,UPPER,3.5523622984386085,4.1995351040575635,8.267902301872374,GLOBAL_DISCRETE_CONFORMER_AND_H_REFINEMENT,False,False
A:UPPER:-7:-3,B,ANNULUS_INTERIOR,UPPER,3.769822289712985,4.32508455400438,8.267902301872374,GLOBAL_DISCRETE_CONFORMER_AND_H_REFINEMENT,False,False
A:UPPER:-7:-5,B,ANNULUS_INTERIOR,UPPER,3.9872822809873614,4.450634003951196,8.267902301872374,GLOBAL_DISCRETE_CONFORMER_AND_H_REFINEMENT,False,False
A:UPPER:-7:-7,B,ANNULUS_OUTER_BOUNDARY,UPPER,4.204742272261738,4.576183453898012,8.267902301872374,GLOBAL_DISCRETE_CONFORMER_AND_H_REFINEMENT,False,False
A:UPPER:-7:1,B,ANNULUS_INNER_BOUNDARY,UPPER,3.334902307164232,4.073985654110747,8.267902301872374,GLOBAL_DISCRETE_CONFORMER_AND_H_REFINEMENT,False,False
A:UPPER:-7:3,B,ANNULUS_INTERIOR,UPPER,3.117442315889855,3.9484362041639316,8.267902301872374,GLOBAL_DISCRETE_CONFORMER_AND_H_REFINEMENT,False,False
A:UPPER:-7:5,B,ANNULUS_INTERIOR,UPPER,2.899982324615479,3.8228867542171154,8.267902301872374,GLOBAL_DISCRETE_CONFORMER_AND_H_REFINEMENT,False,False
A:UPPER:-7:7,B,ANNULUS_OUTER_BOUNDARY,UPPER,2.6825223333411023,3.6973373042702993,8.267902301872374,GLOBAL_DISCRETE_CONFORMER_AND_H_REFINEMENT,False,False
A:UPPER:-8:-2,N,ANNULUS_INTERIOR,UPPER,3.6248492897140947,4.325085121281089,8.267902301872374,GLOBAL_DISCRETE_CONFORMER_AND_H_REFINEMENT,False,False
A:UPPER:-8:-4,N,ANNULUS_INTERIOR,UPPER,3.8423092809884714,4.450634571227905,8.267902301872374,GLOBAL_DISCRETE_CONFORMER_AND_H_REFINEMENT,False,False
A:UPPER:-8:-6,N,ANNULUS_INTERIOR,UPPER,4.059769272262848,4.576184021174721,8.267902301872374,GLOBAL_DISCRETE_CONFORMER_AND_H_REFINEMENT,False,False
A:UPPER:-8:0,N,ANNULUS_INTERIOR,UPPER,3.4073892984397185,4.199535671334273,8.267902301872374,GLOBAL_DISCRETE_CONFORMER_AND_H_REFINEMENT,False,False
A:UPPER:-8:2,N,ANNULUS_INTERIOR,UPPER,3.189929307165342,4.0739862213874565,8.267902301872374,GLOBAL_DISCRETE_CONFORMER_AND_H_REFINEMENT,False,False
A:UPPER:-8:4,N,ANNULUS_INTERIOR,UPPER,2.972469315890965,3.9484367714406408,8.267902301872374,GLOBAL_DISCRETE_CONFORMER_AND_H_REFINEMENT,False,False
A:UPPER:-8:6,N,ANNULUS_INTERIOR,UPPER,2.7550093246165885,3.822887321493824,8.267902301872374,GLOBAL_DISCRETE_CONFORMER_AND_H_REFINEMENT,False,False
A:UPPER:10:-2,N,ANNULUS_INTERIOR,UPPER,4.277223368224728,3.195129860778975,8.267902301872374,GLOBAL_DISCRETE_CONFORMER_AND_H_REFINEMENT,False,False
A:UPPER:10:-4,N,ANNULUS_INTERIOR,UPPER,4.4946833594991045,3.320679310725791,8.267902301872374,GLOBAL_DISCRETE_CONFORMER_AND_H_REFINEMENT,False,False
A:UPPER:10:-6,N,ANNULUS_OUTER_BOUNDARY,UPPER,4.712143350773482,3.446228760672607,8.267902301872374,GLOBAL_DISCRETE_CONFORMER_AND_H_REFINEMENT,False,False
A:UPPER:10:0,N,ANNULUS_INTERIOR,UPPER,4.059763376950352,3.0695804108321587,8.267902301872374,GLOBAL_DISCRETE_CONFORMER_AND_H_REFINEMENT,False,False
A:UPPER:10:2,N,ANNULUS_INTERIOR,UPPER,3.8423033856759754,2.9440309608853426,8.267902301872374,GLOBAL_DISCRETE_CONFORMER_AND_H_REFINEMENT,False,False
A:UPPER:10:4,N,ANNULUS_INTERIOR,UPPER,3.6248433944015988,2.8184815109385264,8.267902301872374,GLOBAL_DISCRETE_CONFORMER_AND_H_REFINEMENT,False,False
A:UPPER:10:6,N,ANNULUS_OUTER_BOUNDARY,UPPER,3.407383403127222,2.6929320609917102,8.267902301872374,GLOBAL_DISCRETE_CONFORMER_AND_H_REFINEMENT,False,False
A:UPPER:11:-1,B,ANNULUS_INTERIOR,UPPER,4.204736376949242,3.069579843555449,8.267902301872374,GLOBAL_DISCRETE_CONFORMER_AND_H_REFINEMENT,False,False
A:UPPER:11:-3,B,ANNULUS_INTERIOR,UPPER,4.422196368223618,3.1951292935022653,8.267902301872374,GLOBAL_DISCRETE_CONFORMER_AND_H_REFINEMENT,False,False
A:UPPER:11:-5,B,ANNULUS_INTERIOR,UPPER,4.6396563594979945,3.3206787434490814,8.267902301872374,GLOBAL_DISCRETE_CONFORMER_AND_H_REFINEMENT,False,False
A:UPPER:11:1,B,ANNULUS_INTERIOR,UPPER,3.9872763856748654,2.944030393608633,8.267902301872374,GLOBAL_DISCRETE_CONFORMER_AND_H_REFINEMENT,False,False
A:UPPER:11:3,B,ANNULUS_INTERIOR,UPPER,3.7698163944004888,2.818480943661817,8.267902301872374,GLOBAL_DISCRETE_CONFORMER_AND_H_REFINEMENT,False,False
A:UPPER:11:5,B,ANNULUS_INTERIOR,UPPER,3.5523564031261126,2.6929314937150006,8.267902301872374,GLOBAL_DISCRETE_CONFORMER_AND_H_REFINEMENT,False,False
A:UPPER:13:-1,N,ANNULUS_INTERIOR,UPPER,4.277222385672646,2.944029259055214,8.267902301872374,GLOBAL_DISCRETE_CONFORMER_AND_H_REFINEMENT,False,False
A:UPPER:13:-3,N,ANNULUS_INTERIOR,UPPER,4.494682376947022,3.0695787090020303,8.267902301872374,GLOBAL_DISCRETE_CONFORMER_AND_H_REFINEMENT,False,False
A:UPPER:13:-5,N,ANNULUS_OUTER_BOUNDARY,UPPER,4.712142368221398,3.1951281589488465,8.267902301872374,GLOBAL_DISCRETE_CONFORMER_AND_H_REFINEMENT,False,False
A:UPPER:13:1,N,ANNULUS_INTERIOR,UPPER,4.059762394398269,2.818479809108398,8.267902301872374,GLOBAL_DISCRETE_CONFORMER_AND_H_REFINEMENT,False,False
A:UPPER:13:3,N,ANNULUS_INTERIOR,UPPER,3.842302403123892,2.6929303591615823,8.267902301872374,GLOBAL_DISCRETE_CONFORMER_AND_H_REFINEMENT,False,False
A:UPPER:13:5,N,ANNULUS_OUTER_BOUNDARY,UPPER,3.6248424118495164,2.567380909214766,8.267902301872374,GLOBAL_DISCRETE_CONFORMER_AND_H_REFINEMENT,False,False
A:UPPER:14:-2,B,ANNULUS_OUTER_BOUNDARY,UPPER,4.422195385671536,2.9440286917785046,8.267902301872374,GLOBAL_DISCRETE_CONFORMER_AND_H_REFINEMENT,False,False
A:UPPER:14:-4,B,ANNULUS_OUTER_BOUNDARY,UPPER,4.639655376945912,3.0695781417253207,8.267902301872374,GLOBAL_DISCRETE_CONFORMER_AND_H_REFINEMENT,False,False
A:UPPER:14:0,B,ANNULUS_OUTER_BOUNDARY,UPPER,4.20473539439716,2.8184792418316884,8.267902301872374,GLOBAL_DISCRETE_CONFORMER_AND_H_REFINEMENT,False,False
A:UPPER:14:2,B,ANNULUS_OUTER_BOUNDARY,UPPER,3.9872754031227826,2.6929297918848722,8.267902301872374,GLOBAL_DISCRETE_CONFORMER_AND_H_REFINEMENT,False,False
A:UPPER:14:4,B,ANNULUS_OUTER_BOUNDARY,UPPER,3.7698154118484064,2.5673803419380565,8.267902301872374,GLOBAL_DISCRETE_CONFORMER_AND_H_REFINEMENT,False,False
A:UPPER:1:-5,N,ANNULUS_INTERIOR,UPPER,4.277226315880976,3.948431665950256,8.267902301872374,GLOBAL_DISCRETE_CONFORMER_AND_H_REFINEMENT,False,False
A:UPPER:1:-7,N,ANNULUS_INTERIOR,UPPER,4.494686307155353,4.073981115897072,8.267902301872374,GLOBAL_DISCRETE_CONFORMER_AND_H_REFINEMENT,False,False
A:UPPER:1:-9,N,ANNULUS_OUTER_BOUNDARY,UPPER,4.7121462984297295,4.199530565843888,8.267902301872374,GLOBAL_DISCRETE_CONFORMER_AND_H_REFINEMENT,False,False
A:UPPER:1:5,N,ANNULUS_INTERIOR,UPPER,3.189926359509094,3.3206844162161757,8.267902301872374,GLOBAL_DISCRETE_CONFORMER_AND_H_REFINEMENT,False,False
A:UPPER:1:7,N,ANNULUS_INTERIOR,UPPER,2.972466368234717,3.1951349662693596,8.267902301872374,GLOBAL_DISCRETE_CONFORMER_AND_H_REFINEMENT,False,False
A:UPPER:1:9,N,ANNULUS_OUTER_BOUNDARY,UPPER,2.755006376960341,3.0695855163225434,8.267902301872374,GLOBAL_DISCRETE_CONFORMER_AND_H_REFINEMENT,False,False
A:UPPER:2:-4,B,ANNULUS_INNER_BOUNDARY,UPPER,4.20473932460549,3.8228816487267308,8.267902301872374,GLOBAL_DISCRETE_CONFORMER_AND_H_REFINEMENT,False,False
A:UPPER:2:-6,B,ANNULUS_INTERIOR,UPPER,4.422199315879867,3.948431098673547,8.267902301872374,GLOBAL_DISCRETE_CONFORMER_AND_H_REFINEMENT,False,False
A:UPPER:2:-8,B,ANNULUS_INTERIOR,UPPER,4.639659307154243,4.073980548620363,8.267902301872374,GLOBAL_DISCRETE_CONFORMER_AND_H_REFINEMENT,False,False
A:UPPER:2:4,B,ANNULUS_INNER_BOUNDARY,UPPER,3.334899359507984,3.320683848939466,8.267902301872374,GLOBAL_DISCRETE_CONFORMER_AND_H_REFINEMENT,False,False
A:UPPER:2:6,B,ANNULUS_INTERIOR,UPPER,3.1174393682336072,3.19513439899265,8.267902301872374,GLOBAL_DISCRETE_CONFORMER_AND_H_REFINEMENT,False,False
A:UPPER:2:8,B,ANNULUS_INTERIOR,UPPER,2.899979376959231,3.069584949045834,8.267902301872374,GLOBAL_DISCRETE_CONFORMER_AND_H_REFINEMENT,False,False
A:UPPER:4:-4,N,ANNULUS_INTERIOR,UPPER,4.277225333328894,3.6973310642264954,8.267902301872374,GLOBAL_DISCRETE_CONFORMER_AND_H_REFINEMENT,False,False
A:UPPER:4:-6,N,ANNULUS_INTERIOR,UPPER,4.49468532460327,3.8228805141733115,8.267902301872374,GLOBAL_DISCRETE_CONFORMER_AND_H_REFINEMENT,False,False
A:UPPER:4:-8,N,ANNULUS_OUTER_BOUNDARY,UPPER,4.712145315877647,3.9484299641201277,8.267902301872374,GLOBAL_DISCRETE_CONFORMER_AND_H_REFINEMENT,False,False
A:UPPER:4:4,N,ANNULUS_INTERIOR,UPPER,3.4073853682313877,3.195133264439231,8.267902301872374,GLOBAL_DISCRETE_CONFORMER_AND_H_REFINEMENT,False,False
A:UPPER:4:6,N,ANNULUS_INTERIOR,UPPER,3.189925376957011,3.069583814492415,8.267902301872374,GLOBAL_DISCRETE_CONFORMER_AND_H_REFINEMENT,False,False
A:UPPER:4:8,N,ANNULUS_OUTER_BOUNDARY,UPPER,2.972465385682635,2.944034364545599,8.267902301872374,GLOBAL_DISCRETE_CONFORMER_AND_H_REFINEMENT,False,False
A:UPPER:5:-3,B,ANNULUS_INNER_BOUNDARY,UPPER,4.204738342053408,3.57178104700297,8.267902301872374,GLOBAL_DISCRETE_CONFORMER_AND_H_REFINEMENT,False,False
A:UPPER:5:-5,B,ANNULUS_INTERIOR,UPPER,4.422198333327784,3.697330496949786,8.267902301872374,GLOBAL_DISCRETE_CONFORMER_AND_H_REFINEMENT,False,False
A:UPPER:5:-7,B,ANNULUS_INTERIOR,UPPER,4.63965832460216,3.8228799468966024,8.267902301872374,GLOBAL_DISCRETE_CONFORMER_AND_H_REFINEMENT,False,False
A:UPPER:5:3,B,ANNULUS_INNER_BOUNDARY,UPPER,3.5523583682302777,3.1951326971625216,8.267902301872374,GLOBAL_DISCRETE_CONFORMER_AND_H_REFINEMENT,False,False
A:UPPER:5:5,B,ANNULUS_INTERIOR,UPPER,3.334898376955901,3.0695832472157054,8.267902301872374,GLOBAL_DISCRETE_CONFORMER_AND_H_REFINEMENT,False,False
A:UPPER:5:7,B,ANNULUS_INTERIOR,UPPER,3.117438385681525,2.9440337972688893,8.267902301872374,GLOBAL_DISCRETE_CONFORMER_AND_H_REFINEMENT,False,False
A:UPPER:7:-1,N,ANNULUS_INNER_BOUNDARY,UPPER,4.059764359502434,3.320681012555919,8.267902301872374,GLOBAL_DISCRETE_CONFORMER_AND_H_REFINEMENT,False,False
A:UPPER:7:-3,N,ANNULUS_INTERIOR,UPPER,4.2772243507768115,3.4462304625027356,8.267902301872374,GLOBAL_DISCRETE_CONFORMER_AND_H_REFINEMENT,False,False
A:UPPER:7:-5,N,ANNULUS_INTERIOR,UPPER,4.494684342051188,3.5717799124495517,8.267902301872374,GLOBAL_DISCRETE_CONFORMER_AND_H_REFINEMENT,False,False
A:UPPER:7:-7,N,ANNULUS_OUTER_BOUNDARY,UPPER,4.712144333325564,3.697329362396368,8.267902301872374,GLOBAL_DISCRETE_CONFORMER_AND_H_REFINEMENT,False,False
A:UPPER:7:1,N,ANNULUS_INNER_BOUNDARY,UPPER,3.8423043682280578,3.195131562609103,8.267902301872374,GLOBAL_DISCRETE_CONFORMER_AND_H_REFINEMENT,False,False
A:UPPER:7:3,N,ANNULUS_INTERIOR,UPPER,3.6248443769536816,3.0695821126622866,8.267902301872374,GLOBAL_DISCRETE_CONFORMER_AND_H_REFINEMENT,False,False
A:UPPER:7:5,N,ANNULUS_INTERIOR,UPPER,3.407384385679305,2.9440326627154705,8.267902301872374,GLOBAL_DISCRETE_CONFORMER_AND_H_REFINEMENT,False,False
A:UPPER:7:7,N,ANNULUS_OUTER_BOUNDARY,UPPER,3.1899243944049287,2.8184832127686543,8.267902301872374,GLOBAL_DISCRETE_CONFORMER_AND_H_REFINEMENT,False,False
A:UPPER:8:-2,B,ANNULUS_INTERIOR,UPPER,4.204737359501324,3.32068044527921,8.267902301872374,GLOBAL_DISCRETE_CONFORMER_AND_H_REFINEMENT,False,False
A:UPPER:8:-4,B,ANNULUS_INTERIOR,UPPER,4.422197350775701,3.446229895226026,8.267902301872374,GLOBAL_DISCRETE_CONFORMER_AND_H_REFINEMENT,False,False
A:UPPER:8:-6,B,ANNULUS_INTERIOR,UPPER,4.639657342050078,3.571779345172842,8.267902301872374,GLOBAL_DISCRETE_CONFORMER_AND_H_REFINEMENT,False,False
A:UPPER:8:0,B,ANNULUS_INTERIOR,UPPER,3.9872773682269482,3.1951309953323936,8.267902301872374,GLOBAL_DISCRETE_CONFORMER_AND_H_REFINEMENT,False,False
A:UPPER:8:2,B,ANNULUS_INTERIOR,UPPER,3.769817376952572,3.0695815453855775,8.267902301872374,GLOBAL_DISCRETE_CONFORMER_AND_H_REFINEMENT,False,False
A:UPPER:8:4,B,ANNULUS_INTERIOR,UPPER,3.552357385678195,2.9440320954387613,8.267902301872374,GLOBAL_DISCRETE_CONFORMER_AND_H_REFINEMENT,False,False
A:UPPER:8:6,B,ANNULUS_INTERIOR,UPPER,3.3348973944038187,2.8184826454919447,8.267902301872374,GLOBAL_DISCRETE_CONFORMER_AND_H_REFINEMENT,False,False
BR:LOWER:00:1,B,ALTERNATING_BN_TRIMER_BRIDGE,LOWER,4.196725140252725,2.5362015474205704,1.8020391872926167,GLOBAL_DISCRETE_CONFORMER_AND_H_REFINEMENT,False,False
BR:LOWER:00:2,N,ALTERNATING_BN_TRIMER_BRIDGE,LOWER,4.0806708588308105,2.470702791362727,1.7450617023791128,GLOBAL_DISCRETE_CONFORMER_AND_H_REFINEMENT,False,False
BR:LOWER:00:3,B,ALTERNATING_BN_TRIMER_BRIDGE,LOWER,3.952255792368529,2.5376192147625924,1.751085166512514,GLOBAL_DISCRETE_CONFORMER_AND_H_REFINEMENT,False,False
BR:LOWER:01:1,B,ALTERNATING_BN_TRIMER_BRIDGE,LOWER,4.467973657247765,2.8632019263795385,1.8465709682421712,GLOBAL_DISCRETE_CONFORMER_AND_H_REFINEMENT,False,False
BR:LOWER:01:2,N,ALTERNATING_BN_TRIMER_BRIDGE,LOWER,4.328453101310718,2.863753296236339,1.8860074622415641,GLOBAL_DISCRETE_CONFORMER_AND_H_REFINEMENT,False,False
BR:LOWER:01:3,B,ALTERNATING_BN_TRIMER_BRIDGE,LOWER,4.230730054844753,2.7578430095767015,1.8699975796648824,GLOBAL_DISCRETE_CONFORMER_AND_H_REFINEMENT,False,False
BR:LOWER:02:1,B,ALTERNATING_BN_TRIMER_BRIDGE,LOWER,4.762811064148399,3.4424854949013186,1.8682573889830296,GLOBAL_DISCRETE_CONFORMER_AND_H_REFINEMENT,False,False
BR:LOWER:02:2,N,ALTERNATING_BN_TRIMER_BRIDGE,LOWER,4.733297444561451,3.5777118417105775,1.9113314313383427,GLOBAL_DISCRETE_CONFORMER_AND_H_REFINEMENT,False,False
BR:LOWER:02:3,B,ALTERNATING_BN_TRIMER_BRIDGE,LOWER,4.778991555251842,3.7097930602824696,1.8728856660071869,GLOBAL_DISCRETE_CONFORMER_AND_H_REFINEMENT,False,False
BR:LOWER:03:1,B,ALTERNATING_BN_TRIMER_BRIDGE,LOWER,4.952443612052061,3.8452806016135566,1.8026317725681227,GLOBAL_DISCRETE_CONFORMER_AND_H_REFINEMENT,False,False
BR:LOWER:03:2,N,ALTERNATING_BN_TRIMER_BRIDGE,LOWER,4.951310340034043,3.9784326261144587,1.7453794491838752,GLOBAL_DISCRETE_CONFORMER_AND_H_REFINEMENT,False,False
BR:LOWER:03:3,B,ALTERNATING_BN_TRIMER_BRIDGE,LOWER,4.829202672192396,4.056311533115867,1.7511014568833123,GLOBAL_DISCRETE_CONFORMER_AND_H_REFINEMENT,False,False
BR:LOWER:04:1,B,ALTERNATING_BN_TRIMER_BRIDGE,LOWER,4.818418107680295,4.344744203998598,1.8245367787909514,GLOBAL_DISCRETE_CONFORMER_AND_H_REFINEMENT,False,False
BR:LOWER:04:2,N,ALTERNATING_BN_TRIMER_BRIDGE,LOWER,4.773599972445899,4.34440276437398,1.6864569523759383,GLOBAL_DISCRETE_CONFORMER_AND_H_REFINEMENT,False,False
BR:LOWER:04:3,B,ALTERNATING_BN_TRIMER_BRIDGE,LOWER,4.664989736428198,4.256210467232144,1.6477173647847998,GLOBAL_DISCRETE_CONFORMER_AND_H_REFINEMENT,False,False
BR:LOWER:05:1,B,ALTERNATING_BN_TRIMER_BRIDGE,LOWER,4.43934552627544,4.711015914986379,1.7974546185720504,GLOBAL_DISCRETE_CONFORMER_AND_H_REFINEMENT,False,False
BR:LOWER:05:2,N,ALTERNATING_BN_TRIMER_BRIDGE,LOWER,4.552810637779829,4.649375656381453,1.7316114376938507,GLOBAL_DISCRETE_CONFORMER_AND_H_REFINEMENT,False,False
BR:LOWER:05:3,B,ALTERNATING_BN_TRIMER_BRIDGE,LOWER,4.568760267002888,4.5055093368457575,1.7391528189366507,GLOBAL_DISCRETE_CONFORMER_AND_H_REFINEMENT,False,False
BR:LOWER:06:1,B,ALTERNATING_BN_TRIMER_BRIDGE,LOWER,4.009763210570801,4.747186184753545,1.8699734154817436,GLOBAL_DISCRETE_CONFORMER_AND_H_REFINEMENT,False,False
BR:LOWER:06:2,N,ALTERNATING_BN_TRIMER_BRIDGE,LOWER,4.113432122849629,4.6556801670652606,1.9135770322816283,GLOBAL_DISCRETE_CONFORMER_AND_H_REFINEMENT,False,False
BR:LOWER:06:3,B,ALTERNATING_BN_TRIMER_BRIDGE,LOWER,4.250457979862801,4.629593595927339,1.8739990175672694,GLOBAL_DISCRETE_CONFORMER_AND_H_REFINEMENT,False,False
BR:LOWER:07:1,B,ALTERNATING_BN_TRIMER_BRIDGE,LOWER,3.363259887175722,4.788379560216602,1.838313121495636,GLOBAL_DISCRETE_CONFORMER_AND_H_REFINEMENT,False,False
BR:LOWER:07:2,N,ALTERNATING_BN_TRIMER_BRIDGE,LOWER,3.2842681535878597,4.675189536564103,1.8826208581528252,GLOBAL_DISCRETE_CONFORMER_AND_H_REFINEMENT,False,False
BR:LOWER:07:3,B,ALTERNATING_BN_TRIMER_BRIDGE,LOWER,3.1396791874442913,4.671219830375126,1.8729960107534098,GLOBAL_DISCRETE_CONFORMER_AND_H_REFINEMENT,False,False
BR:LOWER:08:1,B,ALTERNATING_BN_TRIMER_BRIDGE,LOWER,2.948054398618653,4.700060859455124,1.7964282202813793,GLOBAL_DISCRETE_CONFORMER_AND_H_REFINEMENT,False,False
BR:LOWER:08:2,N,ALTERNATING_BN_TRIMER_BRIDGE,LOWER,2.824768983283669,4.640112677509483,1.7494606002818975,GLOBAL_DISCRETE_CONFORMER_AND_H_REFINEMENT,False,False
BR:LOWER:08:3,B,ALTERNATING_BN_TRIMER_BRIDGE,LOWER,2.819916044137344,4.495866569908911,1.7366693141574094,GLOBAL_DISCRETE_CONFORMER_AND_H_REFINEMENT,False,False
BR:LOWER:09:1,B,ALTERNATING_BN_TRIMER_BRIDGE,LOWER,2.576423180843133,4.345071528487569,1.8239770752867588,GLOBAL_DISCRETE_CONFORMER_AND_H_REFINEMENT,False,False
BR:LOWER:09:2,N,ALTERNATING_BN_TRIMER_BRIDGE,LOWER,2.599458110519665,4.306773504517866,1.6859015436508922,GLOBAL_DISCRETE_CONFORMER_AND_H_REFINEMENT,False,False
BR:LOWER:09:3,B,ALTERNATING_BN_TRIMER_BRIDGE,LOWER,2.730075476735744,4.256495397818041,1.6475164594231684,GLOBAL_DISCRETE_CONFORMER_AND_H_REFINEMENT,False,False
BR:LOWER:10:1,B,ALTERNATING_BN_TRIMER_BRIDGE,LOWER,2.441491949357737,3.834546749194145,1.8011071772305758,GLOBAL_DISCRETE_CONFORMER_AND_H_REFINEMENT,False,False
BR:LOWER:10:2,N,ALTERNATING_BN_TRIMER_BRIDGE,LOWER,2.4450828241250995,3.9615405155684464,1.731179033050394,GLOBAL_DISCRETE_CONFORMER_AND_H_REFINEMENT,False,False
BR:LOWER:10:3,B,ALTERNATING_BN_TRIMER_BRIDGE,LOWER,2.560974059776926,4.047275892857923,1.7469367255865946,GLOBAL_DISCRETE_CONFORMER_AND_H_REFINEMENT,False,False
BR:LOWER:11:1,B,ALTERNATING_BN_TRIMER_BRIDGE,LOWER,2.626858368935846,3.445385697009406,1.8687355576337146,GLOBAL_DISCRETE_CONFORMER_AND_H_REFINEMENT,False,False
BR:LOWER:11:2,N,ALTERNATING_BN_TRIMER_BRIDGE,LOWER,2.6539225872568957,3.579671757359025,1.9161571177205499,GLOBAL_DISCRETE_CONFORMER_AND_H_REFINEMENT,False,False
BR:LOWER:11:3,B,ALTERNATING_BN_TRIMER_BRIDGE,LOWER,2.6480956447911357,3.7110640560038513,1.855206024417516,GLOBAL_DISCRETE_CONFORMER_AND_H_REFINEMENT,False,False
BR:LOWER:12:1,B,ALTERNATING_BN_TRIMER_BRIDGE,LOWER,2.9476015741853505,2.9242644059107,1.885689186443653,GLOBAL_DISCRETE_CONFORMER_AND_H_REFINEMENT,False,False
BR:LOWER:12:2,N,ALTERNATING_BN_TRIMER_BRIDGE,LOWER,3.071297432091977,2.8529178231022776,1.910653045265042,GLOBAL_DISCRETE_CONFORMER_AND_H_REFINEMENT,False,False
BR:LOWER:12:3,B,ALTERNATING_BN_TRIMER_BRIDGE,LOWER,3.1763788641543895,2.8070057012274505,1.8219750613619277,GLOBAL_DISCRETE_CONFORMER_AND_H_REFINEMENT,False,False
BR:LOWER:13:1,B,ALTERNATING_BN_TRIMER_BRIDGE,LOWER,3.191073292061305,2.5375037074519065,1.8023424408030908,GLOBAL_DISCRETE_CONFORMER_AND_H_REFINEMENT,False,False
BR:LOWER:13:2,N,ALTERNATING_BN_TRIMER_BRIDGE,LOWER,3.304592369080458,2.4774401353862436,1.7352889199207322,GLOBAL_DISCRETE_CONFORMER_AND_H_REFINEMENT,False,False
BR:LOWER:13:3,B,ALTERNATING_BN_TRIMER_BRIDGE,LOWER,3.435301421718285,2.537999614936586,1.7507597741981653,GLOBAL_DISCRETE_CONFORMER_AND_H_REFINEMENT,False,False
BR:LOWER:14:1,B,ALTERNATING_BN_TRIMER_BRIDGE,LOWER,3.6971902634557123,2.403410828789082,1.8240018337418302,GLOBAL_DISCRETE_CONFORMER_AND_H_REFINEMENT,False,False
BR:LOWER:14:2,N,ALTERNATING_BN_TRIMER_BRIDGE,LOWER,3.729931416708669,2.443927749606471,1.688735255778012,GLOBAL_DISCRETE_CONFORMER_AND_H_REFINEMENT,False,False
BR:LOWER:14:3,B,ALTERNATING_BN_TRIMER_BRIDGE,LOWER,3.69702914849072,2.579208340956383,1.6483960260750268,GLOBAL_DISCRETE_CONFORMER_AND_H_REFINEMENT,False,False
BR:UPPER:00:1,N,ALTERNATING_BN_TRIMER_BRIDGE,UPPER,4.343730968079654,2.5756511016796266,8.19402230181063,GLOBAL_DISCRETE_CONFORMER_AND_H_REFINEMENT,False,False
BR:UPPER:00:2,B,ALTERNATING_BN_TRIMER_BRIDGE,UPPER,4.304701093811812,2.5984557007884006,8.331931033353772,GLOBAL_DISCRETE_CONFORMER_AND_H_REFINEMENT,False,False
BR:UPPER:00:3,N,ALTERNATING_BN_TRIMER_BRIDGE,UPPER,4.255154837410125,2.7293033975722376,8.370482917674222,GLOBAL_DISCRETE_CONFORMER_AND_H_REFINEMENT,False,False
BR:UPPER:01:1,N,ALTERNATING_BN_TRIMER_BRIDGE,UPPER,4.711049167238546,2.9572667068647505,8.221033276621721,GLOBAL_DISCRETE_CONFORMER_AND_H_REFINEMENT,False,False
BR:UPPER:01:2,B,ALTERNATING_BN_TRIMER_BRIDGE,UPPER,4.650186584193527,2.8439097144176615,8.287805238267362,GLOBAL_DISCRETE_CONFORMER_AND_H_REFINEMENT,False,False
BR:UPPER:01:3,N,ALTERNATING_BN_TRIMER_BRIDGE,UPPER,4.506460995962099,2.826701507833053,8.280113640455438,GLOBAL_DISCRETE_CONFORMER_AND_H_REFINEMENT,False,False
BR:UPPER:02:1,N,ALTERNATING_BN_TRIMER_BRIDGE,UPPER,4.7885509823782675,3.3631991006289286,8.179773745797835,GLOBAL_DISCRETE_CONFORMER_AND_H_REFINEMENT,False,False
BR:UPPER:02:2,B,ALTERNATING_BN_TRIMER_BRIDGE,UPPER,4.675075199849374,3.284485904862488,8.135701866452369,GLOBAL_DISCRETE_CONFORMER_AND_H_REFINEMENT,False,False
BR:UPPER:02:3,N,ALTERNATING_BN_TRIMER_BRIDGE,UPPER,4.670901213202363,3.1398838578161747,8.145039489845992,GLOBAL_DISCRETE_CONFORMER_AND_H_REFINEMENT,False,False
BR:UPPER:03:1,N,ALTERNATING_BN_TRIMER_BRIDGE,UPPER,4.732334829888583,3.993603065738103,8.127927327003663,GLOBAL_DISCRETE_CONFORMER_AND_H_REFINEMENT,False,False
BR:UPPER:03:2,B,ALTERNATING_BN_TRIMER_BRIDGE,UPPER,4.664539382037306,4.119288079246375,8.103092341217039,GLOBAL_DISCRETE_CONFORMER_AND_H_REFINEMENT,False,False
BR:UPPER:03:3,N,ALTERNATING_BN_TRIMER_BRIDGE,UPPER,4.594526229646322,4.210740031766901,8.191089338450732,GLOBAL_DISCRETE_CONFORMER_AND_H_REFINEMENT,False,False
BR:UPPER:04:1,N,ALTERNATING_BN_TRIMER_BRIDGE,UPPER,4.711025751742685,4.438251895774808,8.220879832067359,GLOBAL_DISCRETE_CONFORMER_AND_H_REFINEMENT,False,False
BR:UPPER:04:2,B,ALTERNATING_BN_TRIMER_BRIDGE,UPPER,4.649842063936508,4.5515810862549575,8.287379669731033,GLOBAL_DISCRETE_CONFORMER_AND_H_REFINEMENT,False,False
BR:UPPER:04:3,N,ALTERNATING_BN_TRIMER_BRIDGE,UPPER,4.506065892655308,4.568279356750434,8.279740210697303,GLOBAL_DISCRETE_CONFORMER_AND_H_REFINEMENT,False,False
BR:UPPER:05:1,N,ALTERNATING_BN_TRIMER_BRIDGE,UPPER,4.349144606687939,4.815799559182593,8.193394362606892,GLOBAL_DISCRETE_CONFORMER_AND_H_REFINEMENT,False,False
BR:UPPER:05:2,B,ALTERNATING_BN_TRIMER_BRIDGE,UPPER,4.313114122893248,4.79221891051332,8.332032660113615,GLOBAL_DISCRETE_CONFORMER_AND_H_REFINEMENT,False,False
BR:UPPER:05:3,N,ALTERNATING_BN_TRIMER_BRIDGE,UPPER,4.260610869921485,4.662371187930495,8.370213776613044,GLOBAL_DISCRETE_CONFORMER_AND_H_REFINEMENT,False,False
BR:UPPER:06:1,N,ALTERNATING_BN_TRIMER_BRIDGE,UPPER,3.843203157494014,4.957123236280042,8.213032207055486,GLOBAL_DISCRETE_CONFORMER_AND_H_REFINEMENT,False,False
BR:UPPER:06:2,B,ALTERNATING_BN_TRIMER_BRIDGE,UPPER,3.972961807212056,4.950923132605371,8.277315950034144,GLOBAL_DISCRETE_CONFORMER_AND_H_REFINEMENT,False,False
BR:UPPER:06:3,N,ALTERNATING_BN_TRIMER_BRIDGE,UPPER,4.052896356424137,4.830893589926669,8.262757406368882,GLOBAL_DISCRETE_CONFORMER_AND_H_REFINEMENT,False,False
BR:UPPER:07:1,N,ALTERNATING_BN_TRIMER_BRIDGE,UPPER,3.445432535419146,4.7676791500851765,8.149425257927758,GLOBAL_DISCRETE_CONFORMER_AND_H_REFINEMENT,False,False
BR:UPPER:07:2,B,ALTERNATING_BN_TRIMER_BRIDGE,UPPER,3.579688801122043,4.740721248726422,8.10191076319087,GLOBAL_DISCRETE_CONFORMER_AND_H_REFINEMENT,False,False
BR:UPPER:07:3,N,ALTERNATING_BN_TRIMER_BRIDGE,UPPER,3.711087850204263,4.746593125839028,8.162788501921943,GLOBAL_DISCRETE_CONFORMER_AND_H_REFINEMENT,False,False
BR:UPPER:08:1,N,ALTERNATING_BN_TRIMER_BRIDGE,UPPER,2.8638322914013163,4.467290426604052,8.170715635046603,GLOBAL_DISCRETE_CONFORMER_AND_H_REFINEMENT,False,False
BR:UPPER:08:2,B,ALTERNATING_BN_TRIMER_BRIDGE,UPPER,2.8618890511748045,4.328321557784305,8.129419098714266,GLOBAL_DISCRETE_CONFORMER_AND_H_REFINEMENT,False,False
BR:UPPER:08:3,N,ALTERNATING_BN_TRIMER_BRIDGE,UPPER,2.75530783450859,4.231541597119459,8.14665807892468,GLOBAL_DISCRETE_CONFORMER_AND_H_REFINEMENT,False,False
BR:UPPER:09:1,N,ALTERNATING_BN_TRIMER_BRIDGE,UPPER,2.542836083764516,4.201120499643658,8.218978759807328,GLOBAL_DISCRETE_CONFORMER_AND_H_REFINEMENT,False,False
BR:UPPER:09:2,B,ALTERNATING_BN_TRIMER_BRIDGE,UPPER,2.476043239408234,4.088356373621326,8.280850279052999,GLOBAL_DISCRETE_CONFORMER_AND_H_REFINEMENT,False,False
BR:UPPER:09:3,N,ALTERNATING_BN_TRIMER_BRIDGE,UPPER,2.5379672370544224,3.9575162786850213,8.273722361553327,GLOBAL_DISCRETE_CONFORMER_AND_H_REFINEMENT,False,False
BR:UPPER:10:1,N,ALTERNATING_BN_TRIMER_BRIDGE,UPPER,2.4028072800178606,3.6933965616354643,8.193321171599669,GLOBAL_DISCRETE_CONFORMER_AND_H_REFINEMENT,False,False
BR:UPPER:10:2,B,ALTERNATING_BN_TRIMER_BRIDGE,UPPER,2.442175047075761,3.6693266986478035,8.330963756466534,GLOBAL_DISCRETE_CONFORMER_AND_H_REFINEMENT,False,False
BR:UPPER:10:3,N,ALTERNATING_BN_TRIMER_BRIDGE,UPPER,2.579882512547616,3.6932342756648704,8.370203306294398,GLOBAL_DISCRETE_CONFORMER_AND_H_REFINEMENT,False,False
BR:UPPER:11:1,N,ALTERNATING_BN_TRIMER_BRIDGE,UPPER,2.5382178998372,3.1967736245786256,8.216896066784711,GLOBAL_DISCRETE_CONFORMER_AND_H_REFINEMENT,False,False
BR:UPPER:11:2,B,ALTERNATING_BN_TRIMER_BRIDGE,UPPER,2.4722919488512076,3.311746556331961,8.275433646915731,GLOBAL_DISCRETE_CONFORMER_AND_H_REFINEMENT,False,False
BR:UPPER:11:3,N,ALTERNATING_BN_TRIMER_BRIDGE,UPPER,2.537684662474496,3.4408737177680266,8.269080900758729,GLOBAL_DISCRETE_CONFORMER_AND_H_REFINEMENT,False,False
BR:UPPER:12:1,N,ALTERNATING_BN_TRIMER_BRIDGE,UPPER,2.8962086452149802,2.9429332862997963,8.150958936536371,GLOBAL_DISCRETE_CONFORMER_AND_H_REFINEMENT,False,False
BR:UPPER:12:2,B,ALTERNATING_BN_TRIMER_BRIDGE,UPPER,2.855246304212201,3.0739814465164232,8.10437008736277,GLOBAL_DISCRETE_CONFORMER_AND_H_REFINEMENT,False,False
BR:UPPER:12:3,N,ALTERNATING_BN_TRIMER_BRIDGE,UPPER,2.7842996232628567,3.1848663704005284,8.16515543237025,GLOBAL_DISCRETE_CONFORMER_AND_H_REFINEMENT,False,False
BR:UPPER:13:1,N,ALTERNATING_BN_TRIMER_BRIDGE,UPPER,3.444148657200534,2.632389800695247,8.145296738401365,GLOBAL_DISCRETE_CONFORMER_AND_H_REFINEMENT,False,False
BR:UPPER:13:2,B,ALTERNATING_BN_TRIMER_BRIDGE,UPPER,3.5800998822876147,2.655812281527328,8.100728998306892,GLOBAL_DISCRETE_CONFORMER_AND_H_REFINEMENT,False,False
BR:UPPER:13:3,N,ALTERNATING_BN_TRIMER_BRIDGE,UPPER,3.711018955043302,2.609369795608884,8.142214366431697,GLOBAL_DISCRETE_CONFORMER_AND_H_REFINEMENT,False,False
BR:UPPER:14:1,N,ALTERNATING_BN_TRIMER_BRIDGE,UPPER,3.8399083006839834,2.438761482419311,8.214700751837439,GLOBAL_DISCRETE_CONFORMER_AND_H_REFINEMENT,False,False
BR:UPPER:14:2,B,ALTERNATING_BN_TRIMER_BRIDGE,UPPER,3.968660735122602,2.444083521461912,8.28121949321585,GLOBAL_DISCRETE_CONFORMER_AND_H_REFINEMENT,False,False
BR:UPPER:14:3,N,ALTERNATING_BN_TRIMER_BRIDGE,UPPER,4.050819689340797,2.562617946545498,8.266082300417388,GLOBAL_DISCRETE_CONFORMER_AND_H_REFINEMENT,False,False
H:LOWER:ANNULUS_INNER_PASSIVANT_H:0030,H,ANNULUS_INNER_PASSIVANT_H,LOWER,4.096477179277002,3.7828078951765893,1.7500976981276273,GLOBAL_DISCRETE_CONFORMER_AND_H_REFINEMENT,False,False
H:LOWER:ANNULUS_INNER_PASSIVANT_H:0031,H,ANNULUS_INNER_PASSIVANT_H,LOWER,3.2981888184810786,3.7828047714887685,1.7500976981276273,GLOBAL_DISCRETE_CONFORMER_AND_H_REFINEMENT,False,False
H:LOWER:ANNULUS_INNER_PASSIVANT_H:0032,H,ANNULUS_INNER_PASSIVANT_H,LOWER,3.9709260275000577,4.000266903898884,1.7500976981276273,GLOBAL_DISCRETE_CONFORMER_AND_H_REFINEMENT,False,False
H:LOWER:ANNULUS_INNER_PASSIVANT_H:0033,H,ANNULUS_INNER_PASSIVANT_H,LOWER,3.4237382684278947,4.000264762763145,1.7500976981276273,GLOBAL_DISCRETE_CONFORMER_AND_H_REFINEMENT,False,False
H:LOWER:ANNULUS_INNER_PASSIVANT_H:0034,H,ANNULUS_INNER_PASSIVANT_H,LOWER,3.8228820439378914,4.103739324606264,1.7500976981276273,GLOBAL_DISCRETE_CONFORMER_AND_H_REFINEMENT,False,False
H:LOWER:ANNULUS_INNER_PASSIVANT_H:0035,H,ANNULUS_INNER_PASSIVANT_H,LOWER,3.571781442214131,4.103738342054181,1.7500976981276273,GLOBAL_DISCRETE_CONFORMER_AND_H_REFINEMENT,False,False
H:LOWER:ANNULUS_INNER_PASSIVANT_H:0036,H,ANNULUS_INNER_PASSIVANT_H,LOWER,4.112066340670424,3.6028619561753166,1.7500976981276273,GLOBAL_DISCRETE_CONFORMER_AND_H_REFINEMENT,False,False
H:LOWER:ANNULUS_INNER_PASSIVANT_H:0037,H,ANNULUS_INNER_PASSIVANT_H,LOWER,3.2826010653384996,3.6028587104927965,1.7500976981276273,GLOBAL_DISCRETE_CONFORMER_AND_H_REFINEMENT,False,False
H:LOWER:ANNULUS_INNER_PASSIVANT_H:0038,H,ANNULUS_INNER_PASSIVANT_H,LOWER,3.986516890723608,3.38540196490094,1.7500976981276273,GLOBAL_DISCRETE_CONFORMER_AND_H_REFINEMENT,False,False
H:LOWER:ANNULUS_INNER_PASSIVANT_H:0039,H,ANNULUS_INNER_PASSIVANT_H,LOWER,3.408152217115444,3.3853997017705026,1.7500976981276273,GLOBAL_DISCRETE_CONFORMER_AND_H_REFINEMENT,False,False
H:LOWER:ANNULUS_INNER_PASSIVANT_H:0040,H,ANNULUS_INNER_PASSIVANT_H,LOWER,3.8228851540188633,3.308928324612348,1.7500976981276273,GLOBAL_DISCRETE_CONFORMER_AND_H_REFINEMENT,False,False
H:LOWER:ANNULUS_INNER_PASSIVANT_H:0041,H,ANNULUS_INNER_PASSIVANT_H,LOWER,3.5717845522951026,3.308927342060265,1.7500976981276273,GLOBAL_DISCRETE_CONFORMER_AND_H_REFINEMENT,False,False
H:LOWER:ANNULUS_OUTER_PASSIVANT_H:0015,H,ANNULUS_OUTER_PASSIVANT_H,LOWER,3.9484294984752952,4.831145315876737,1.7500976981276273,GLOBAL_DISCRETE_CONFORMER_AND_H_REFINEMENT,False,False
H:LOWER:ANNULUS_OUTER_PASSIVANT_H:0016,H,ANNULUS_OUTER_PASSIVANT_H,LOWER,4.199530100199055,4.831146298428819,1.7500976981276273,GLOBAL_DISCRETE_CONFORMER_AND_H_REFINEMENT,False,False
H:LOWER:ANNULUS_OUTER_PASSIVANT_H:0017,H,ANNULUS_OUTER_PASSIVANT_H,LOWER,3.697328896751534,4.831144333324653,1.7500976981276273,GLOBAL_DISCRETE_CONFORMER_AND_H_REFINEMENT,False,False
H:LOWER:ANNULUS_OUTER_PASSIVANT_H:0018,H,ANNULUS_OUTER_PASSIVANT_H,LOWER,3.446228295027774,4.831143350772571,1.7500976981276273,GLOBAL_DISCRETE_CONFORMER_AND_H_REFINEMENT,False,False
H:LOWER:ANNULUS_OUTER_PASSIVANT_H:0019,H,ANNULUS_OUTER_PASSIVANT_H,LOWER,3.195127693304013,4.831142368220488,1.7500976981276273,GLOBAL_DISCRETE_CONFORMER_AND_H_REFINEMENT,False,False
H:LOWER:ANNULUS_OUTER_PASSIVANT_H:0020,H,ANNULUS_OUTER_PASSIVANT_H,LOWER,4.5536952307601375,2.9129716842558406,1.7500976981276273,GLOBAL_DISCRETE_CONFORMER_AND_H_REFINEMENT,False,False
H:LOWER:ANNULUS_OUTER_PASSIVANT_H:0021,H,ANNULUS_OUTER_PASSIVANT_H,LOWER,2.840977574318456,2.912964982422836,1.7500976981276273,GLOBAL_DISCRETE_CONFORMER_AND_H_REFINEMENT,False,False
H:LOWER:ANNULUS_OUTER_PASSIVANT_H:0022,H,ANNULUS_OUTER_PASSIVANT_H,LOWER,4.428145780813321,2.695511692981464,1.7500976981276273,GLOBAL_DISCRETE_CONFORMER_AND_H_REFINEMENT,False,False
H:LOWER:ANNULUS_OUTER_PASSIVANT_H:0023,H,ANNULUS_OUTER_PASSIVANT_H,LOWER,2.966528726095401,2.6955059737005413,1.7500976981276273,GLOBAL_DISCRETE_CONFORMER_AND_H_REFINEMENT,False,False
H:LOWER:ANNULUS_OUTER_PASSIVANT_H:0024,H,ANNULUS_OUTER_PASSIVANT_H,LOWER,4.930343580600586,3.56535165807897,1.7500976981276273,GLOBAL_DISCRETE_CONFORMER_AND_H_REFINEMENT,False,False
H:LOWER:ANNULUS_OUTER_PASSIVANT_H:0025,H,ANNULUS_OUTER_PASSIVANT_H,LOWER,2.4643241189876233,3.565342008589717,1.7500976981276273,GLOBAL_DISCRETE_CONFORMER_AND_H_REFINEMENT,False,False
H:LOWER:ANNULUS_OUTER_PASSIVANT_H:0026,H,ANNULUS_OUTER_PASSIVANT_H,LOWER,4.80479413065377,3.347891666804594,1.7500976981276273,GLOBAL_DISCRETE_CONFORMER_AND_H_REFINEMENT,False,False
H:LOWER:ANNULUS_OUTER_PASSIVANT_H:0027,H,ANNULUS_OUTER_PASSIVANT_H,LOWER,2.589875270764568,3.347882999867423,1.7500976981276273,GLOBAL_DISCRETE_CONFORMER_AND_H_REFINEMENT,False,False
H:LOWER:ANNULUS_OUTER_PASSIVANT_H:0028,H,ANNULUS_OUTER_PASSIVANT_H,LOWER,4.679244680706954,3.1304316755302173,1.7500976981276273,GLOBAL_DISCRETE_CONFORMER_AND_H_REFINEMENT,False,False
H:LOWER:ANNULUS_OUTER_PASSIVANT_H:0029,H,ANNULUS_OUTER_PASSIVANT_H,LOWER,2.7154264225415123,3.1304239911451295,1.7500976981276273,GLOBAL_DISCRETE_CONFORMER_AND_H_REFINEMENT,False,False
H:LOWER:BRIDGE_PASSIVANT_H:0042,H,BRIDGE_PASSIVANT_H,LOWER,4.302082580536832,2.531116587746592,1.746948780124992,GLOBAL_DISCRETE_CONFORMER_AND_H_REFINEMENT,False,False
H:LOWER:BRIDGE_PASSIVANT_H:0043,H,BRIDGE_PASSIVANT_H,LOWER,4.089155677290478,2.379821773162534,1.7018222714554447,GLOBAL_DISCRETE_CONFORMER_AND_H_REFINEMENT,False,False
H:LOWER:BRIDGE_PASSIVANT_H:0044,H,BRIDGE_PASSIVANT_H,LOWER,3.8514897202586473,2.4745712001842572,1.756754960977582,GLOBAL_DISCRETE_CONFORMER_AND_H_REFINEMENT,False,False
H:LOWER:BRIDGE_PASSIVANT_H:0045,H,BRIDGE_PASSIVANT_H,LOWER,4.4904432832436765,2.829170794905767,1.7347765229498457,GLOBAL_DISCRETE_CONFORMER_AND_H_REFINEMENT,False,False
H:LOWER:BRIDGE_PASSIVANT_H:0046,H,BRIDGE_PASSIVANT_H,LOWER,4.2952362251513545,2.9483488375226927,1.930066894065889,GLOBAL_DISCRETE_CONFORMER_AND_H_REFINEMENT,False,False
H:LOWER:BRIDGE_PASSIVANT_H:0047,H,BRIDGE_PASSIVANT_H,LOWER,4.168442366364204,2.729204523717851,1.9672656679130966,GLOBAL_DISCRETE_CONFORMER_AND_H_REFINEMENT,False,False
H:LOWER:BRIDGE_PASSIVANT_H:0048,H,BRIDGE_PASSIVANT_H,LOWER,4.7916917050081205,3.4388185851155995,1.752873411082477,GLOBAL_DISCRETE_CONFORMER_AND_H_REFINEMENT,False,False
H:LOWER:BRIDGE_PASSIVANT_H:0049,H,BRIDGE_PASSIVANT_H,LOWER,4.664838797304608,3.580571493043728,1.9855354474696538,GLOBAL_DISCRETE_CONFORMER_AND_H_REFINEMENT,False,False
H:LOWER:BRIDGE_PASSIVANT_H:0050,H,BRIDGE_PASSIVANT_H,LOWER,4.77620478071232,3.787069077984361,1.9633381451097678,GLOBAL_DISCRETE_CONFORMER_AND_H_REFINEMENT,False,False
H:LOWER:BRIDGE_PASSIVANT_H:0051,H,BRIDGE_PASSIVANT_H,LOWER,5.009512361769266,3.7564254473485663,1.7477781549457658,GLOBAL_DISCRETE_CONFORMER_AND_H_REFINEMENT,False,False
H:LOWER:BRIDGE_PASSIVANT_H:0052,H,BRIDGE_PASSIVANT_H,LOWER,5.034339584161847,4.01636769912092,1.7021582176470493,GLOBAL_DISCRETE_CONFORMER_AND_H_REFINEMENT,False,False
H:LOWER:BRIDGE_PASSIVANT_H:0053,H,BRIDGE_PASSIVANT_H,LOWER,4.833523267805474,4.1751086250640554,1.7565405191372216,GLOBAL_DISCRETE_CONFORMER_AND_H_REFINEMENT,False,False
H:LOWER:BRIDGE_PASSIVANT_H:0054,H,BRIDGE_PASSIVANT_H,LOWER,4.92618391677786,4.3864871611982545,1.8529102860428728,GLOBAL_DISCRETE_CONFORMER_AND_H_REFINEMENT,False,False
H:LOWER:BRIDGE_PASSIVANT_H:0055,H,BRIDGE_PASSIVANT_H,LOWER,4.817382646408349,4.404697775899995,1.6182763902942459,GLOBAL_DISCRETE_CONFORMER_AND_H_REFINEMENT,False,False
H:LOWER:BRIDGE_PASSIVANT_H:0056,H,BRIDGE_PASSIVANT_H,LOWER,4.649084384095249,4.226590677357465,1.533565326629782,GLOBAL_DISCRETE_CONFORMER_AND_H_REFINEMENT,False,False
H:LOWER:BRIDGE_PASSIVANT_H:0057,H,BRIDGE_PASSIVANT_H,LOWER,4.380614721968375,4.800498674134925,1.7454495376605805,GLOBAL_DISCRETE_CONFORMER_AND_H_REFINEMENT,False,False
H:LOWER:BRIDGE_PASSIVANT_H:0058,H,BRIDGE_PASSIVANT_H,LOWER,4.619738388744475,4.705810845430432,1.681245322221042,GLOBAL_DISCRETE_CONFORMER_AND_H_REFINEMENT,False,False
H:LOWER:BRIDGE_PASSIVANT_H:0059,H,BRIDGE_PASSIVANT_H,LOWER,4.6775571829139695,4.457795865672597,1.746056133853778,GLOBAL_DISCRETE_CONFORMER_AND_H_REFINEMENT,False,False
H:LOWER:BRIDGE_PASSIVANT_H:0060,H,BRIDGE_PASSIVANT_H,LOWER,4.016957039380057,4.780314695153487,1.755904354708263,GLOBAL_DISCRETE_CONFORMER_AND_H_REFINEMENT,False,False
H:LOWER:BRIDGE_PASSIVANT_H:0061,H,BRIDGE_PASSIVANT_H,LOWER,4.083071671329662,4.596130124443318,1.9892938428802573,GLOBAL_DISCRETE_CONFORMER_AND_H_REFINEMENT,False,False
H:LOWER:BRIDGE_PASSIVANT_H:0062,H,BRIDGE_PASSIVANT_H,LOWER,4.31737965776482,4.590820165877614,1.9644374504868938,GLOBAL_DISCRETE_CONFORMER_AND_H_REFINEMENT,False,False
H:LOWER:BRIDGE_PASSIVANT_H:0063,H,BRIDGE_PASSIVANT_H,LOWER,3.357023827048105,4.82069281713446,1.723954191011632,GLOBAL_DISCRETE_CONFORMER_AND_H_REFINEMENT,False,False
H:LOWER:BRIDGE_PASSIVANT_H:0064,H,BRIDGE_PASSIVANT_H,LOWER,3.332157115041135,4.595455804216792,1.9219931745298697,GLOBAL_DISCRETE_CONFORMER_AND_H_REFINEMENT,False,False
H:LOWER:BRIDGE_PASSIVANT_H:0065,H,BRIDGE_PASSIVANT_H,LOWER,3.0851501266694368,4.62898946076605,1.9699711488749567,GLOBAL_DISCRETE_CONFORMER_AND_H_REFINEMENT,False,False
H:LOWER:BRIDGE_PASSIVANT_H:0066,H,BRIDGE_PASSIVANT_H,LOWER,3.007705043409678,4.778163479249674,1.7293254531458666,GLOBAL_DISCRETE_CONFORMER_AND_H_REFINEMENT,False,False
H:LOWER:BRIDGE_PASSIVANT_H:0067,H,BRIDGE_PASSIVANT_H,LOWER,2.744673475752713,4.697134819689463,1.7263481582957123,GLOBAL_DISCRETE_CONFORMER_AND_H_REFINEMENT,False,False
H:LOWER:BRIDGE_PASSIVANT_H:0068,H,BRIDGE_PASSIVANT_H,LOWER,2.723049794536985,4.441280360182361,1.694263236809343,GLOBAL_DISCRETE_CONFORMER_AND_H_REFINEMENT,False,False
H:LOWER:BRIDGE_PASSIVANT_H:0069,H,BRIDGE_PASSIVANT_H,LOWER,2.4865444236489265,4.417750390216648,1.852271810892349,GLOBAL_DISCRETE_CONFORMER_AND_H_REFINEMENT,False,False
H:LOWER:BRIDGE_PASSIVANT_H:0070,H,BRIDGE_PASSIVANT_H,LOWER,2.5256206496858025,4.3149958400386526,1.617480621586136,GLOBAL_DISCRETE_CONFORMER_AND_H_REFINEMENT,False,False
H:LOWER:BRIDGE_PASSIVANT_H:0071,H,BRIDGE_PASSIVANT_H,LOWER,2.7641169301952413,4.257737821141219,1.5334961286454913,GLOBAL_DISCRETE_CONFORMER_AND_H_REFINEMENT,False,False
H:LOWER:BRIDGE_PASSIVANT_H:0072,H,BRIDGE_PASSIVANT_H,LOWER,2.38237505814592,3.7420105026796433,1.7552461234435373,GLOBAL_DISCRETE_CONFORMER_AND_H_REFINEMENT,False,False
H:LOWER:BRIDGE_PASSIVANT_H:0073,H,BRIDGE_PASSIVANT_H,LOWER,2.3680066898184817,3.989856469032589,1.672370221637777,GLOBAL_DISCRETE_CONFORMER_AND_H_REFINEMENT,False,False
H:LOWER:BRIDGE_PASSIVANT_H:0074,H,BRIDGE_PASSIVANT_H,LOWER,2.5479661626658947,4.1651235059218505,1.7571217492921927,GLOBAL_DISCRETE_CONFORMER_AND_H_REFINEMENT,False,False
H:LOWER:BRIDGE_PASSIVANT_H:0075,H,BRIDGE_PASSIVANT_H,LOWER,2.5905269775210154,3.4566787518851867,1.7559814139873058,GLOBAL_DISCRETE_CONFORMER_AND_H_REFINEMENT,False,False
H:LOWER:BRIDGE_PASSIVANT_H:0076,H,BRIDGE_PASSIVANT_H,LOWER,2.6832451403492557,3.5822484834682355,2.012772584198251,GLOBAL_DISCRETE_CONFORMER_AND_H_REFINEMENT,False,False
H:LOWER:BRIDGE_PASSIVANT_H:0077,H,BRIDGE_PASSIVANT_H,LOWER,2.7267562154593343,3.7873692001454544,1.901585325831859,GLOBAL_DISCRETE_CONFORMER_AND_H_REFINEMENT,False,False
H:LOWER:BRIDGE_PASSIVANT_H:0078,H,BRIDGE_PASSIVANT_H,LOWER,2.9666755068208075,3.0277573981600456,1.8301339378248684,GLOBAL_DISCRETE_CONFORMER_AND_H_REFINEMENT,False,False
H:LOWER:BRIDGE_PASSIVANT_H:0079,H,BRIDGE_PASSIVANT_H,LOWER,3.0872384670156348,2.8311354869661214,2.0079793687238796,GLOBAL_DISCRETE_CONFORMER_AND_H_REFINEMENT,False,False
H:LOWER:BRIDGE_PASSIVANT_H:0080,H,BRIDGE_PASSIVANT_H,LOWER,3.2805265988928785,2.8643636578436493,1.826906000588447,GLOBAL_DISCRETE_CONFORMER_AND_H_REFINEMENT,False,False
H:LOWER:BRIDGE_PASSIVANT_H:0081,H,BRIDGE_PASSIVANT_H,LOWER,3.081933825341033,2.5290891865840956,1.7556651160877665,GLOBAL_DISCRETE_CONFORMER_AND_H_REFINEMENT,False,False
H:LOWER:BRIDGE_PASSIVANT_H:0082,H,BRIDGE_PASSIVANT_H,LOWER,3.2927968357079194,2.3946524649391003,1.6786491192996804,GLOBAL_DISCRETE_CONFORMER_AND_H_REFINEMENT,False,False
H:LOWER:BRIDGE_PASSIVANT_H:0083,H,BRIDGE_PASSIVANT_H,LOWER,3.5321768866430845,2.470132883723374,1.76380780431913,GLOBAL_DISCRETE_CONFORMER_AND_H_REFINEMENT,False,False
H:LOWER:BRIDGE_PASSIVANT_H:0084,H,BRIDGE_PASSIVANT_H,LOWER,3.64511904531492,2.2981805045247032,1.8433968613661396,GLOBAL_DISCRETE_CONFORMER_AND_H_REFINEMENT,False,False
H:LOWER:BRIDGE_PASSIVANT_H:0085,H,BRIDGE_PASSIVANT_H,LOWER,3.7743286723182017,2.3798353118746163,1.6245321162914563,GLOBAL_DISCRETE_CONFORMER_AND_H_REFINEMENT,False,False
H:LOWER:BRIDGE_PASSIVANT_H:0086,H,BRIDGE_PASSIVANT_H,LOWER,3.6705625785130827,2.604696343448767,1.535210857423975,GLOBAL_DISCRETE_CONFORMER_AND_H_REFINEMENT,False,False
H:LOWER:SEED_PASSIVANT_H:0000,H,SEED_PASSIVANT_H,LOWER,3.9529453879518015,2.489531399581194,1.8351666406398108,GLOBAL_DISCRETE_CONFORMER_AND_H_REFINEMENT,False,False
H:LOWER:SEED_PASSIVANT_H:0001,H,SEED_PASSIVANT_H,LOWER,4.3985,2.7325,1.826111930132566,GLOBAL_DISCRETE_CONFORMER_AND_H_REFINEMENT,False,False
H:LOWER:SEED_PASSIVANT_H:0002,H,SEED_PASSIVANT_H,LOWER,4.730000000000001,3.101,1.8271169649430412,GLOBAL_DISCRETE_CONFORMER_AND_H_REFINEMENT,False,False
H:LOWER:SEED_PASSIVANT_H:0003,H,SEED_PASSIVANT_H,LOWER,4.883,3.5725,1.8258705207935952,GLOBAL_DISCRETE_CONFORMER_AND_H_REFINEMENT,False,False
H:LOWER:SEED_PASSIVANT_H:0004,H,SEED_PASSIVANT_H,LOWER,4.7932746881774735,4.055618621142176,1.8337841296645734,GLOBAL_DISCRETE_CONFORMER_AND_H_REFINEMENT,False,False
H:LOWER:SEED_PASSIVANT_H:0005,H,SEED_PASSIVANT_H,LOWER,4.59526951715774,4.506888142996766,1.8269380965081783,GLOBAL_DISCRETE_CONFORMER_AND_H_REFINEMENT,False,False
H:LOWER:SEED_PASSIVANT_H:0006,H,SEED_PASSIVANT_H,LOWER,4.182499999999999,4.787,1.826158248723689,GLOBAL_DISCRETE_CONFORMER_AND_H_REFINEMENT,False,False
H:LOWER:SEED_PASSIVANT_H:0007,H,SEED_PASSIVANT_H,LOWER,3.6975,4.89,1.8264264460771005,GLOBAL_DISCRETE_CONFORMER_AND_H_REFINEMENT,False,False
H:LOWER:SEED_PASSIVANT_H:0008,H,SEED_PASSIVANT_H,LOWER,3.2125,4.787,1.826158248723689,GLOBAL_DISCRETE_CONFORMER_AND_H_REFINEMENT,False,False
H:LOWER:SEED_PASSIVANT_H:0009,H,SEED_PASSIVANT_H,LOWER,2.796532358180756,4.5120767096852346,1.828626409853617,GLOBAL_DISCRETE_CONFORMER_AND_H_REFINEMENT,False,False
H:LOWER:SEED_PASSIVANT_H:0010,H,SEED_PASSIVANT_H,LOWER,2.532164113168925,4.075584861701293,1.8312588519334663,GLOBAL_DISCRETE_CONFORMER_AND_H_REFINEMENT,False,False
H:LOWER:SEED_PASSIVANT_H:0011,H,SEED_PASSIVANT_H,LOWER,2.511,3.5725,1.8258705207935952,GLOBAL_DISCRETE_CONFORMER_AND_H_REFINEMENT,False,False
H:LOWER:SEED_PASSIVANT_H:0012,H,SEED_PASSIVANT_H,LOWER,2.6645,3.101,1.826681809141821,GLOBAL_DISCRETE_CONFORMER_AND_H_REFINEMENT,False,False
H:LOWER:SEED_PASSIVANT_H:0013,H,SEED_PASSIVANT_H,LOWER,2.9965,2.7325,1.8261119301325657,GLOBAL_DISCRETE_CONFORMER_AND_H_REFINEMENT,False,False
H:LOWER:SEED_PASSIVANT_H:0014,H,SEED_PASSIVANT_H,LOWER,3.4360669295106496,2.4982184081246728,1.8323765853911922,GLOBAL_DISCRETE_CONFORMER_AND_H_REFINEMENT,False,False
H:UPPER:ANNULUS_INNER_PASSIVANT_H:0117,H,ANNULUS_INNER_PASSIVANT_H,UPPER,4.009266964896164,3.9865144495512226,8.267902301872374,GLOBAL_DISCRETE_CONFORMER_AND_H_REFINEMENT,False,False
H:UPPER:ANNULUS_INNER_PASSIVANT_H:0118,H,ANNULUS_INNER_PASSIVANT_H,UPPER,3.290927342060403,3.571784622728775,8.267902301872374,GLOBAL_DISCRETE_CONFORMER_AND_H_REFINEMENT,False,False
H:UPPER:ANNULUS_INNER_PASSIVANT_H:0119,H,ANNULUS_INNER_PASSIVANT_H,UPPER,3.7918079561738702,4.112065601328167,8.267902301872374,GLOBAL_DISCRETE_CONFORMER_AND_H_REFINEMENT,False,False
H:UPPER:ANNULUS_INNER_PASSIVANT_H:0120,H,ANNULUS_INNER_PASSIVANT_H,UPPER,3.290928324612486,3.822885224452535,8.267902301872374,GLOBAL_DISCRETE_CONFORMER_AND_H_REFINEMENT,False,False
H:UPPER:ANNULUS_INNER_PASSIVANT_H:0121,H,ANNULUS_INNER_PASSIVANT_H,UPPER,3.6118618951778982,4.096477848185588,8.267902301872374,GLOBAL_DISCRETE_CONFORMER_AND_H_REFINEMENT,False,False
H:UPPER:ANNULUS_INNER_PASSIVANT_H:0122,H,ANNULUS_INNER_PASSIVANT_H,UPPER,3.3944019039035216,3.9709283982387715,8.267902301872374,GLOBAL_DISCRETE_CONFORMER_AND_H_REFINEMENT,False,False
H:UPPER:ANNULUS_INNER_PASSIVANT_H:0123,H,ANNULUS_INNER_PASSIVANT_H,UPPER,4.085739324606401,3.822882114371564,8.267902301872374,GLOBAL_DISCRETE_CONFORMER_AND_H_REFINEMENT,False,False
H:UPPER:ANNULUS_INNER_PASSIVANT_H:0124,H,ANNULUS_INNER_PASSIVANT_H,UPPER,3.394399762767783,3.4237406391666085,8.267902301872374,GLOBAL_DISCRETE_CONFORMER_AND_H_REFINEMENT,False,False
H:UPPER:ANNULUS_INNER_PASSIVANT_H:0125,H,ANNULUS_INNER_PASSIVANT_H,UPPER,4.085738342054318,3.5717815126478034,8.267902301872374,GLOBAL_DISCRETE_CONFORMER_AND_H_REFINEMENT,False,False
H:UPPER:ANNULUS_INNER_PASSIVANT_H:0126,H,ANNULUS_INNER_PASSIVANT_H,UPPER,3.611858771490077,3.298189487389664,8.267902301872374,GLOBAL_DISCRETE_CONFORMER_AND_H_REFINEMENT,False,False
H:UPPER:ANNULUS_INNER_PASSIVANT_H:0127,H,ANNULUS_INNER_PASSIVANT_H,UPPER,4.009264701765726,3.408149775943058,8.267902301872374,GLOBAL_DISCRETE_CONFORMER_AND_H_REFINEMENT,False,False
H:UPPER:ANNULUS_INNER_PASSIVANT_H:0128,H,ANNULUS_INNER_PASSIVANT_H,UPPER,3.7918047104913493,3.282600325996242,8.267902301872374,GLOBAL_DISCRETE_CONFORMER_AND_H_REFINEMENT,False,False
H:UPPER:ANNULUS_OUTER_PASSIVANT_H:0102,H,ANNULUS_OUTER_PASSIVANT_H,UPPER,3.3568916058071756,4.789205638168933,8.267902301872374,GLOBAL_DISCRETE_CONFORMER_AND_H_REFINEMENT,False,False
H:UPPER:ANNULUS_OUTER_PASSIVANT_H:0103,H,ANNULUS_OUTER_PASSIVANT_H,UPPER,3.577974993012431,4.913393317566678,8.292175782535358,GLOBAL_DISCRETE_CONFORMER_AND_H_REFINEMENT,False,False
H:UPPER:ANNULUS_OUTER_PASSIVANT_H:0104,H,ANNULUS_OUTER_PASSIVANT_H,UPPER,3.139431614532799,4.663656188222117,8.267902301872374,GLOBAL_DISCRETE_CONFORMER_AND_H_REFINEMENT,False,False
H:UPPER:ANNULUS_OUTER_PASSIVANT_H:0105,H,ANNULUS_OUTER_PASSIVANT_H,UPPER,2.9219716232584227,4.538106738275301,8.267902301872374,GLOBAL_DISCRETE_CONFORMER_AND_H_REFINEMENT,False,False
H:UPPER:ANNULUS_OUTER_PASSIVANT_H:0106,H,ANNULUS_OUTER_PASSIVANT_H,UPPER,2.7081350279149254,4.411195517779413,8.292175782535358,GLOBAL_DISCRETE_CONFORMER_AND_H_REFINEMENT,False,False
H:UPPER:ANNULUS_OUTER_PASSIVANT_H:0107,H,ANNULUS_OUTER_PASSIVANT_H,UPPER,4.813143350772708,3.446228365461446,8.267902301872374,GLOBAL_DISCRETE_CONFORMER_AND_H_REFINEMENT,False,False
H:UPPER:ANNULUS_OUTER_PASSIVANT_H:0108,H,ANNULUS_OUTER_PASSIVANT_H,UPPER,3.3568830608647033,2.605463692815732,8.267902301872374,GLOBAL_DISCRETE_CONFORMER_AND_H_REFINEMENT,False,False
H:UPPER:ANNULUS_OUTER_PASSIVANT_H:0109,H,ANNULUS_OUTER_PASSIVANT_H,UPPER,4.811048602251955,3.1970583796875527,8.288269705187291,GLOBAL_DISCRETE_CONFORMER_AND_H_REFINEMENT,False,False
H:UPPER:ANNULUS_OUTER_PASSIVANT_H:0110,H,ANNULUS_OUTER_PASSIVANT_H,UPPER,3.580647512419096,2.478067776855924,8.284363627839225,GLOBAL_DISCRETE_CONFORMER_AND_H_REFINEMENT,False,False
H:UPPER:ANNULUS_OUTER_PASSIVANT_H:0111,H,ANNULUS_OUTER_PASSIVANT_H,UPPER,4.811052532460287,4.201460786582595,8.288269705187291,GLOBAL_DISCRETE_CONFORMER_AND_H_REFINEMENT,False,False
H:UPPER:ANNULUS_OUTER_PASSIVANT_H:0112,H,ANNULUS_OUTER_PASSIVANT_H,UPPER,2.7113574061240406,2.9916595097963117,8.315054235574031,GLOBAL_DISCRETE_CONFORMER_AND_H_REFINEMENT,False,False
H:UPPER:ANNULUS_OUTER_PASSIVANT_H:0113,H,ANNULUS_OUTER_PASSIVANT_H,UPPER,4.8131453158768736,3.9484295689089666,8.267902301872374,GLOBAL_DISCRETE_CONFORMER_AND_H_REFINEMENT,False,False
H:UPPER:ANNULUS_OUTER_PASSIVANT_H:0114,H,ANNULUS_OUTER_PASSIVANT_H,UPPER,2.921965043420116,2.856565996369621,8.267902301872374,GLOBAL_DISCRETE_CONFORMER_AND_H_REFINEMENT,False,False
H:UPPER:ANNULUS_OUTER_PASSIVANT_H:0115,H,ANNULUS_OUTER_PASSIVANT_H,UPPER,4.81314433332479,3.697328967185207,8.267902301872374,GLOBAL_DISCRETE_CONFORMER_AND_H_REFINEMENT,False,False
H:UPPER:ANNULUS_OUTER_PASSIVANT_H:0116,H,ANNULUS_OUTER_PASSIVANT_H,UPPER,3.13942405214241,2.7310148445926763,8.267902301872374,GLOBAL_DISCRETE_CONFORMER_AND_H_REFINEMENT,False,False
H:UPPER:BRIDGE_PASSIVANT_H:0129,H,BRIDGE_PASSIVANT_H,UPPER,4.404997849983537,2.4989952624098395,8.170121433884544,GLOBAL_DISCRETE_CONFORMER_AND_H_REFINEMENT,False,False
H:UPPER:BRIDGE_PASSIVANT_H:0130,H,BRIDGE_PASSIVANT_H,UPPER,4.316722118770614,2.5122949033786655,8.413127165950458,GLOBAL_DISCRETE_CONFORMER_AND_H_REFINEMENT,False,False
H:UPPER:BRIDGE_PASSIVANT_H:0131,H,BRIDGE_PASSIVANT_H,UPPER,4.255790792599756,2.757823535411896,8.467370467434774,GLOBAL_DISCRETE_CONFORMER_AND_H_REFINEMENT,False,False
H:UPPER:BRIDGE_PASSIVANT_H:0132,H,BRIDGE_PASSIVANT_H,UPPER,4.7864855746952735,3.0081436607510157,8.264872573984674,GLOBAL_DISCRETE_CONFORMER_AND_H_REFINEMENT,False,False
H:UPPER:BRIDGE_PASSIVANT_H:0133,H,BRIDGE_PASSIVANT_H,UPPER,4.717194261536781,2.766159219210689,8.348020117426362,GLOBAL_DISCRETE_CONFORMER_AND_H_REFINEMENT,False,False
H:UPPER:BRIDGE_PASSIVANT_H:0134,H,BRIDGE_PASSIVANT_H,UPPER,4.466748160813018,2.7349332221086806,8.265884358687483,GLOBAL_DISCRETE_CONFORMER_AND_H_REFINEMENT,False,False
H:UPPER:BRIDGE_PASSIVANT_H:0135,H,BRIDGE_PASSIVANT_H,UPPER,4.8163102752659475,3.357658594410276,8.276725921891087,GLOBAL_DISCRETE_CONFORMER_AND_H_REFINEMENT,False,False
H:UPPER:BRIDGE_PASSIVANT_H:0136,H,BRIDGE_PASSIVANT_H,UPPER,4.58106141534469,3.3411603630494575,8.089762622745921,GLOBAL_DISCRETE_CONFORMER_AND_H_REFINEMENT,False,False
H:UPPER:BRIDGE_PASSIVANT_H:0137,H,BRIDGE_PASSIVANT_H,UPPER,4.6420763291236256,3.0898480971142854,8.062174848962014,GLOBAL_DISCRETE_CONFORMER_AND_H_REFINEMENT,False,False
H:UPPER:BRIDGE_PASSIVANT_H:0138,H,BRIDGE_PASSIVANT_H,UPPER,4.677636086948287,3.9271587514204964,8.1807875257889,GLOBAL_DISCRETE_CONFORMER_AND_H_REFINEMENT,False,False
H:UPPER:BRIDGE_PASSIVANT_H:0139,H,BRIDGE_PASSIVANT_H,UPPER,4.666778747374739,4.153828781022473,7.989237498703862,GLOBAL_DISCRETE_CONFORMER_AND_H_REFINEMENT,False,False
H:UPPER:BRIDGE_PASSIVANT_H:0140,H,BRIDGE_PASSIVANT_H,UPPER,4.495910294069469,4.191142208175041,8.200671747373567,GLOBAL_DISCRETE_CONFORMER_AND_H_REFINEMENT,False,False
H:UPPER:BRIDGE_PASSIVANT_H:0141,H,BRIDGE_PASSIVANT_H,UPPER,4.786666677190006,4.387747481001698,8.264797419499942,GLOBAL_DISCRETE_CONFORMER_AND_H_REFINEMENT,False,False
H:UPPER:BRIDGE_PASSIVANT_H:0142,H,BRIDGE_PASSIVANT_H,UPPER,4.716631315209576,4.629721250958086,8.347332239105087,GLOBAL_DISCRETE_CONFORMER_AND_H_REFINEMENT,False,False
H:UPPER:BRIDGE_PASSIVANT_H:0143,H,BRIDGE_PASSIVANT_H,UPPER,4.4649364192903445,4.660480594061337,8.28262088059498,GLOBAL_DISCRETE_CONFORMER_AND_H_REFINEMENT,False,False
H:UPPER:BRIDGE_PASSIVANT_H:0144,H,BRIDGE_PASSIVANT_H,UPPER,4.412073594244507,4.890900173010645,8.168882318062321,GLOBAL_DISCRETE_CONFORMER_AND_H_REFINEMENT,False,False
H:UPPER:BRIDGE_PASSIVANT_H:0145,H,BRIDGE_PASSIVANT_H,UPPER,4.326434839166277,4.878151853878883,8.413267429532285,GLOBAL_DISCRETE_CONFORMER_AND_H_REFINEMENT,False,False
H:UPPER:BRIDGE_PASSIVANT_H:0146,H,BRIDGE_PASSIVANT_H,UPPER,4.262971475507398,4.6325072025612215,8.46666879161554,GLOBAL_DISCRETE_CONFORMER_AND_H_REFINEMENT,False,False
H:UPPER:BRIDGE_PASSIVANT_H:0147,H,BRIDGE_PASSIVANT_H,UPPER,3.768690618912831,5.012248603166989,8.253157953400784,GLOBAL_DISCRETE_CONFORMER_AND_H_REFINEMENT,False,False
H:UPPER:BRIDGE_PASSIVANT_H:0148,H,BRIDGE_PASSIVANT_H,UPPER,4.013252961211974,5.042970869834973,8.341072024099796,GLOBAL_DISCRETE_CONFORMER_AND_H_REFINEMENT,False,False
H:UPPER:BRIDGE_PASSIVANT_H:0149,H,BRIDGE_PASSIVANT_H,UPPER,4.15279120805878,4.837149225499212,8.2492338846206,GLOBAL_DISCRETE_CONFORMER_AND_H_REFINEMENT,False,False
H:UPPER:BRIDGE_PASSIVANT_H:0150,H,BRIDGE_PASSIVANT_H,UPPER,3.4574590102228155,4.783365556808487,8.248472219253726,GLOBAL_DISCRETE_CONFORMER_AND_H_REFINEMENT,False,False
H:UPPER:BRIDGE_PASSIVANT_H:0151,H,BRIDGE_PASSIVANT_H,UPPER,3.5826806622736,4.706237819650704,7.988055847240659,GLOBAL_DISCRETE_CONFORMER_AND_H_REFINEMENT,False,False
H:UPPER:BRIDGE_PASSIVANT_H:0152,H,BRIDGE_PASSIVANT_H,UPPER,3.7758751725122917,4.679893242564648,8.123358457040663,GLOBAL_DISCRETE_CONFORMER_AND_H_REFINEMENT,False,False
H:UPPER:BRIDGE_PASSIVANT_H:0153,H,BRIDGE_PASSIVANT_H,UPPER,2.837431942316722,4.485379991263425,8.266511194539964,GLOBAL_DISCRETE_CONFORMER_AND_H_REFINEMENT,False,False
H:UPPER:BRIDGE_PASSIVANT_H:0154,H,BRIDGE_PASSIVANT_H,UPPER,2.959853565209401,4.288818424794853,8.074615298900904,GLOBAL_DISCRETE_CONFORMER_AND_H_REFINEMENT,False,False
H:UPPER:BRIDGE_PASSIVANT_H:0155,H,BRIDGE_PASSIVANT_H,UPPER,2.7284535459856016,4.180069845740303,8.064011203618433,GLOBAL_DISCRETE_CONFORMER_AND_H_REFINEMENT,False,False
H:UPPER:BRIDGE_PASSIVANT_H:0156,H,BRIDGE_PASSIVANT_H,UPPER,2.543961653866061,4.291299617662832,8.264448087548459,GLOBAL_DISCRETE_CONFORMER_AND_H_REFINEMENT,False,False
H:UPPER:BRIDGE_PASSIVANT_H:0157,H,BRIDGE_PASSIVANT_H,UPPER,2.37195630344156,4.102974920388628,8.336646406620076,GLOBAL_DISCRETE_CONFORMER_AND_H_REFINEMENT,False,False
H:UPPER:BRIDGE_PASSIVANT_H:0158,H,BRIDGE_PASSIVANT_H,UPPER,2.481267926870285,3.873937687365129,8.272823864126858,GLOBAL_DISCRETE_CONFORMER_AND_H_REFINEMENT,False,False
H:UPPER:BRIDGE_PASSIVANT_H:0159,H,BRIDGE_PASSIVANT_H,UPPER,2.305620025879865,3.7070870252832884,8.169484040098075,GLOBAL_DISCRETE_CONFORMER_AND_H_REFINEMENT,False,False
H:UPPER:BRIDGE_PASSIVANT_H:0160,H,BRIDGE_PASSIVANT_H,UPPER,2.3626525814316284,3.6305297083579897,8.410537439316645,GLOBAL_DISCRETE_CONFORMER_AND_H_REFINEMENT,False,False
H:UPPER:BRIDGE_PASSIVANT_H:0161,H,BRIDGE_PASSIVANT_H,UPPER,2.6038381786605655,3.7068137142070787,8.467376990540512,GLOBAL_DISCRETE_CONFORMER_AND_H_REFINEMENT,False,False
H:UPPER:BRIDGE_PASSIVANT_H:0162,H,BRIDGE_PASSIVANT_H,UPPER,2.535587812454348,3.10705818733577,8.263212618477187,GLOBAL_DISCRETE_CONFORMER_AND_H_REFINEMENT,False,False
H:UPPER:BRIDGE_PASSIVANT_H:0163,H,BRIDGE_PASSIVANT_H,UPPER,2.358819465146187,3.3048340434867796,8.310607680064903,GLOBAL_DISCRETE_CONFORMER_AND_H_REFINEMENT,False,False
H:UPPER:BRIDGE_PASSIVANT_H:0164,H,BRIDGE_PASSIVANT_H,UPPER,2.483189511788598,3.525836415260135,8.265528635765001,GLOBAL_DISCRETE_CONFORMER_AND_H_REFINEMENT,False,False
H:UPPER:BRIDGE_PASSIVANT_H:0165,H,BRIDGE_PASSIVANT_H,UPPER,2.874169387448624,2.939034851922789,8.249447886812614,GLOBAL_DISCRETE_CONFORMER_AND_H_REFINEMENT,False,False
H:UPPER:BRIDGE_PASSIVANT_H:0166,H,BRIDGE_PASSIVANT_H,UPPER,2.8867392672403787,3.0951659112451675,7.991585284601661,GLOBAL_DISCRETE_CONFORMER_AND_H_REFINEMENT,False,False
H:UPPER:BRIDGE_PASSIVANT_H:0167,H,BRIDGE_PASSIVANT_H,UPPER,2.8117914811723828,3.2745628042061075,8.127742232677578,GLOBAL_DISCRETE_CONFORMER_AND_H_REFINEMENT,False,False
H:UPPER:BRIDGE_PASSIVANT_H:0168,H,BRIDGE_PASSIVANT_H,UPPER,3.4104825126805935,2.7205498105044916,8.181288451108548,GLOBAL_DISCRETE_CONFORMER_AND_H_REFINEMENT,False,False
H:UPPER:BRIDGE_PASSIVANT_H:0169,H,BRIDGE_PASSIVANT_H,UPPER,3.585497159172627,2.7307411966815764,8.008438548768307,GLOBAL_DISCRETE_CONFORMER_AND_H_REFINEMENT,False,False
H:UPPER:BRIDGE_PASSIVANT_H:0170,H,BRIDGE_PASSIVANT_H,UPPER,3.7766688498433902,2.6053165294353136,8.065568020490984,GLOBAL_DISCRETE_CONFORMER_AND_H_REFINEMENT,False,False
H:UPPER:BRIDGE_PASSIVANT_H:0171,H,BRIDGE_PASSIVANT_H,UPPER,3.7638424085559428,2.3855244042778025,8.254459946569225,GLOBAL_DISCRETE_CONFORMER_AND_H_REFINEMENT,False,False
H:UPPER:BRIDGE_PASSIVANT_H:0172,H,BRIDGE_PASSIVANT_H,UPPER,4.0063373321010145,2.3525335106161966,8.347250315975193,GLOBAL_DISCRETE_CONFORMER_AND_H_REFINEMENT,False,False
H:UPPER:BRIDGE_PASSIVANT_H:0173,H,BRIDGE_PASSIVANT_H,UPPER,4.150819642873061,2.55451993649108,8.254444795242158,GLOBAL_DISCRETE_CONFORMER_AND_H_REFINEMENT,False,False
H:UPPER:SEED_PASSIVANT_H:0087,H,SEED_PASSIVANT_H,UPPER,4.078870022764103,2.5057914584706102,8.194591976795817,GLOBAL_DISCRETE_CONFORMER_AND_H_REFINEMENT,False,False
H:UPPER:SEED_PASSIVANT_H:0088,H,SEED_PASSIVANT_H,UPPER,4.532150045721946,2.7740307426055235,8.197721656444726,GLOBAL_DISCRETE_CONFORMER_AND_H_REFINEMENT,False,False
H:UPPER:SEED_PASSIVANT_H:0089,H,SEED_PASSIVANT_H,UPPER,4.787,3.2125,8.209841751276311,GLOBAL_DISCRETE_CONFORMER_AND_H_REFINEMENT,False,False
H:UPPER:SEED_PASSIVANT_H:0090,H,SEED_PASSIVANT_H,UPPER,4.89,3.6975,8.2095735539229,GLOBAL_DISCRETE_CONFORMER_AND_H_REFINEMENT,False,False
H:UPPER:SEED_PASSIVANT_H:0091,H,SEED_PASSIVANT_H,UPPER,4.787,4.182499999999999,8.209841751276311,GLOBAL_DISCRETE_CONFORMER_AND_H_REFINEMENT,False,False
H:UPPER:SEED_PASSIVANT_H:0092,H,SEED_PASSIVANT_H,UPPER,4.459754668972024,4.541264314035198,8.196979030563645,GLOBAL_DISCRETE_CONFORMER_AND_H_REFINEMENT,False,False
H:UPPER:SEED_PASSIVANT_H:0093,H,SEED_PASSIVANT_H,UPPER,4.044306172671965,4.771185633568624,8.191569461495648,GLOBAL_DISCRETE_CONFORMER_AND_H_REFINEMENT,False,False
H:UPPER:SEED_PASSIVANT_H:0094,H,SEED_PASSIVANT_H,UPPER,3.5725,4.883,8.210129479206405,GLOBAL_DISCRETE_CONFORMER_AND_H_REFINEMENT,False,False
H:UPPER:SEED_PASSIVANT_H:0095,H,SEED_PASSIVANT_H,UPPER,3.101,4.730000000000001,8.20888303505696,GLOBAL_DISCRETE_CONFORMER_AND_H_REFINEMENT,False,False
H:UPPER:SEED_PASSIVANT_H:0096,H,SEED_PASSIVANT_H,UPPER,2.7325,4.3985,8.209888069867434,GLOBAL_DISCRETE_CONFORMER_AND_H_REFINEMENT,False,False
H:UPPER:SEED_PASSIVANT_H:0097,H,SEED_PASSIVANT_H,UPPER,2.4799952055706216,3.947609208381511,8.198535016818754,GLOBAL_DISCRETE_CONFORMER_AND_H_REFINEMENT,False,False
H:UPPER:SEED_PASSIVANT_H:0098,H,SEED_PASSIVANT_H,UPPER,2.472979177150163,3.4309897750097886,8.193275348310467,GLOBAL_DISCRETE_CONFORMER_AND_H_REFINEMENT,False,False
H:UPPER:SEED_PASSIVANT_H:0099,H,SEED_PASSIVANT_H,UPPER,2.7325,2.9965,8.209888069867436,GLOBAL_DISCRETE_CONFORMER_AND_H_REFINEMENT,False,False
H:UPPER:SEED_PASSIVANT_H:0100,H,SEED_PASSIVANT_H,UPPER,3.101,2.6645,8.209318190858179,GLOBAL_DISCRETE_CONFORMER_AND_H_REFINEMENT,False,False
H:UPPER:SEED_PASSIVANT_H:0101,H,SEED_PASSIVANT_H,UPPER,3.5725,2.511,8.210129479206405,GLOBAL_DISCRETE_CONFORMER_AND_H_REFINEMENT,False,False
P:0,B,PARENT_HBN,PARENT,4.896,3.697,2.0,GLOBAL_DISCRETE_CONFORMER_AND_H_REFINEMENT,False,False
P:1,N,PARENT_HBN,PARENT,4.896,3.697,2.145,GLOBAL_DISCRETE_CONFORMER_AND_H_REFINEMENT,False,False
P:10,B,PARENT_HBN,PARENT,4.297,4.736,2.0,GLOBAL_DISCRETE_CONFORMER_AND_H_REFINEMENT,False,False
P:100,B,PARENT_HBN,PARENT,3.21,2.602,2.217,GLOBAL_DISCRETE_CONFORMER_AND_H_REFINEMENT,False,False
P:1000,B,PARENT_HBN,PARENT,4.793,3.21,5.48,GLOBAL_DISCRETE_CONFORMER_AND_H_REFINEMENT,False,False
P:1001,N,PARENT_HBN,PARENT,4.793,3.21,5.625,GLOBAL_DISCRETE_CONFORMER_AND_H_REFINEMENT,False,False
P:1002,B,PARENT_HBN,PARENT,4.87,3.448,5.48,GLOBAL_DISCRETE_CONFORMER_AND_H_REFINEMENT,False,False
P:1003,N,PARENT_HBN,PARENT,4.87,3.448,5.625,GLOBAL_DISCRETE_CONFORMER_AND_H_REFINEMENT,False,False
P:1004,B,PARENT_HBN,PARENT,4.896,3.697,5.48,GLOBAL_DISCRETE_CONFORMER_AND_H_REFINEMENT,False,False
P:1005,N,PARENT_HBN,PARENT,4.896,3.697,5.625,GLOBAL_DISCRETE_CONFORMER_AND_H_REFINEMENT,False,False
P:1006,B,PARENT_HBN,PARENT,4.87,3.947,5.48,GLOBAL_DISCRETE_CONFORMER_AND_H_REFINEMENT,False,False
P:1007,N,PARENT_HBN,PARENT,4.87,3.947,5.625,GLOBAL_DISCRETE_CONFORMER_AND_H_REFINEMENT,False,False
P:1008,B,PARENT_HBN,PARENT,4.793,4.185,5.48,GLOBAL_DISCRETE_CONFORMER_AND_H_REFINEMENT,False,False
P:1009,N,PARENT_HBN,PARENT,4.793,4.185,5.625,GLOBAL_DISCRETE_CONFORMER_AND_H_REFINEMENT,False,False
P:101,N,PARENT_HBN,PARENT,3.21,2.602,2.362,GLOBAL_DISCRETE_CONFORMER_AND_H_REFINEMENT,False,False
P:1010,B,PARENT_HBN,PARENT,4.667,4.402,5.48,GLOBAL_DISCRETE_CONFORMER_AND_H_REFINEMENT,False,False
P:1011,N,PARENT_HBN,PARENT,4.667,4.402,5.625,GLOBAL_DISCRETE_CONFORMER_AND_H_REFINEMENT,False,False
P:1012,B,PARENT_HBN,PARENT,4.5,4.588,5.48,GLOBAL_DISCRETE_CONFORMER_AND_H_REFINEMENT,False,False
P:1013,N,PARENT_HBN,PARENT,4.5,4.588,5.625,GLOBAL_DISCRETE_CONFORMER_AND_H_REFINEMENT,False,False
P:1014,B,PARENT_HBN,PARENT,4.297,4.736,5.48,GLOBAL_DISCRETE_CONFORMER_AND_H_REFINEMENT,False,False
P:1015,N,PARENT_HBN,PARENT,4.297,4.736,5.625,GLOBAL_DISCRETE_CONFORMER_AND_H_REFINEMENT,False,False
P:1016,B,PARENT_HBN,PARENT,4.068,4.838,5.48,GLOBAL_DISCRETE_CONFORMER_AND_H_REFINEMENT,False,False
P:1017,N,PARENT_HBN,PARENT,4.068,4.838,5.625,GLOBAL_DISCRETE_CONFORMER_AND_H_REFINEMENT,False,False
P:1018,B,PARENT_HBN,PARENT,3.823,4.89,5.48,GLOBAL_DISCRETE_CONFORMER_AND_H_REFINEMENT,False,False
P:1019,N,PARENT_HBN,PARENT,3.823,4.89,5.625,GLOBAL_DISCRETE_CONFORMER_AND_H_REFINEMENT,False,False
P:102,B,PARENT_HBN,PARENT,3.448,2.524,2.217,GLOBAL_DISCRETE_CONFORMER_AND_H_REFINEMENT,False,False
P:1020,B,PARENT_HBN,PARENT,3.448,4.87,5.697,GLOBAL_DISCRETE_CONFORMER_AND_H_REFINEMENT,False,False
P:1021,N,PARENT_HBN,PARENT,3.448,4.87,5.842,GLOBAL_DISCRETE_CONFORMER_AND_H_REFINEMENT,False,False
P:1022,B,PARENT_HBN,PARENT,3.21,4.793,5.697,GLOBAL_DISCRETE_CONFORMER_AND_H_REFINEMENT,False,False
P:1023,N,PARENT_HBN,PARENT,3.21,4.793,5.842,GLOBAL_DISCRETE_CONFORMER_AND_H_REFINEMENT,False,False
P:1024,B,PARENT_HBN,PARENT,2.992,4.667,5.697,GLOBAL_DISCRETE_CONFORMER_AND_H_REFINEMENT,False,False
P:1025,N,PARENT_HBN,PARENT,2.992,4.667,5.842,GLOBAL_DISCRETE_CONFORMER_AND_H_REFINEMENT,False,False
P:1026,B,PARENT_HBN,PARENT,2.806,4.5,5.697,GLOBAL_DISCRETE_CONFORMER_AND_H_REFINEMENT,False,False
P:1027,N,PARENT_HBN,PARENT,2.806,4.5,5.842,GLOBAL_DISCRETE_CONFORMER_AND_H_REFINEMENT,False,False
P:1028,B,PARENT_HBN,PARENT,2.659,4.297,5.697,GLOBAL_DISCRETE_CONFORMER_AND_H_REFINEMENT,False,False
P:1029,N,PARENT_HBN,PARENT,2.659,4.297,5.842,GLOBAL_DISCRETE_CONFORMER_AND_H_REFINEMENT,False,False
P:103,N,PARENT_HBN,PARENT,3.448,2.524,2.362,GLOBAL_DISCRETE_CONFORMER_AND_H_REFINEMENT,False,False
P:1030,B,PARENT_HBN,PARENT,2.557,4.068,5.697,GLOBAL_DISCRETE_CONFORMER_AND_H_REFINEMENT,False,False
P:1031,N,PARENT_HBN,PARENT,2.557,4.068,5.842,GLOBAL_DISCRETE_CONFORMER_AND_H_REFINEMENT,False,False
P:1032,B,PARENT_HBN,PARENT,2.505,3.823,5.697,GLOBAL_DISCRETE_CONFORMER_AND_H_REFINEMENT,False,False
P:1033,N,PARENT_HBN,PARENT,2.505,3.823,5.842,GLOBAL_DISCRETE_CONFORMER_AND_H_REFINEMENT,False,False
P:1034,B,PARENT_HBN,PARENT,2.505,3.572,5.697,GLOBAL_DISCRETE_CONFORMER_AND_H_REFINEMENT,False,False
P:1035,N,PARENT_HBN,PARENT,2.505,3.572,5.842,GLOBAL_DISCRETE_CONFORMER_AND_H_REFINEMENT,False,False
P:1036,B,PARENT_HBN,PARENT,2.557,3.327,5.697,GLOBAL_DISCRETE_CONFORMER_AND_H_REFINEMENT,False,False
P:1037,N,PARENT_HBN,PARENT,2.557,3.327,5.842,GLOBAL_DISCRETE_CONFORMER_AND_H_REFINEMENT,False,False
P:1038,B,PARENT_HBN,PARENT,2.659,3.098,5.697,GLOBAL_DISCRETE_CONFORMER_AND_H_REFINEMENT,False,False
P:1039,N,PARENT_HBN,PARENT,2.659,3.098,5.842,GLOBAL_DISCRETE_CONFORMER_AND_H_REFINEMENT,False,False
P:104,B,PARENT_HBN,PARENT,3.697,2.498,2.217,GLOBAL_DISCRETE_CONFORMER_AND_H_REFINEMENT,False,False
P:1040,B,PARENT_HBN,PARENT,2.806,2.895,5.697,GLOBAL_DISCRETE_CONFORMER_AND_H_REFINEMENT,False,False
P:1041,N,PARENT_HBN,PARENT,2.806,2.895,5.842,GLOBAL_DISCRETE_CONFORMER_AND_H_REFINEMENT,False,False
P:1042,B,PARENT_HBN,PARENT,2.992,2.727,5.697,GLOBAL_DISCRETE_CONFORMER_AND_H_REFINEMENT,False,False
P:1043,N,PARENT_HBN,PARENT,2.992,2.727,5.842,GLOBAL_DISCRETE_CONFORMER_AND_H_REFINEMENT,False,False
P:1044,B,PARENT_HBN,PARENT,3.21,2.602,5.697,GLOBAL_DISCRETE_CONFORMER_AND_H_REFINEMENT,False,False
P:1045,N,PARENT_HBN,PARENT,3.21,2.602,5.842,GLOBAL_DISCRETE_CONFORMER_AND_H_REFINEMENT,False,False
P:1046,B,PARENT_HBN,PARENT,3.448,2.524,5.697,GLOBAL_DISCRETE_CONFORMER_AND_H_REFINEMENT,False,False
P:1047,N,PARENT_HBN,PARENT,3.448,2.524,5.842,GLOBAL_DISCRETE_CONFORMER_AND_H_REFINEMENT,False,False
P:1048,B,PARENT_HBN,PARENT,3.697,2.498,5.697,GLOBAL_DISCRETE_CONFORMER_AND_H_REFINEMENT,False,False
P:1049,N,PARENT_HBN,PARENT,3.697,2.498,5.842,GLOBAL_DISCRETE_CONFORMER_AND_H_REFINEMENT,False,False
P:105,N,PARENT_HBN,PARENT,3.697,2.498,2.362,GLOBAL_DISCRETE_CONFORMER_AND_H_REFINEMENT,False,False
P:1050,B,PARENT_HBN,PARENT,3.947,2.524,5.697,GLOBAL_DISCRETE_CONFORMER_AND_H_REFINEMENT,False,False
P:1051,N,PARENT_HBN,PARENT,3.947,2.524,5.842,GLOBAL_DISCRETE_CONFORMER_AND_H_REFINEMENT,False,False
P:1052,B,PARENT_HBN,PARENT,4.185,2.602,5.697,GLOBAL_DISCRETE_CONFORMER_AND_H_REFINEMENT,False,False
P:1053,N,PARENT_HBN,PARENT,4.185,2.602,5.842,GLOBAL_DISCRETE_CONFORMER_AND_H_REFINEMENT,False,False
P:1054,B,PARENT_HBN,PARENT,4.402,2.727,5.697,GLOBAL_DISCRETE_CONFORMER_AND_H_REFINEMENT,False,False
P:1055,N,PARENT_HBN,PARENT,4.402,2.727,5.842,GLOBAL_DISCRETE_CONFORMER_AND_H_REFINEMENT,False,False
P:1056,B,PARENT_HBN,PARENT,4.588,2.895,5.697,GLOBAL_DISCRETE_CONFORMER_AND_H_REFINEMENT,False,False
P:1057,N,PARENT_HBN,PARENT,4.588,2.895,5.842,GLOBAL_DISCRETE_CONFORMER_AND_H_REFINEMENT,False,False
P:1058,B,PARENT_HBN,PARENT,4.736,3.098,5.697,GLOBAL_DISCRETE_CONFORMER_AND_H_REFINEMENT,False,False
P:1059,N,PARENT_HBN,PARENT,4.736,3.098,5.842,GLOBAL_DISCRETE_CONFORMER_AND_H_REFINEMENT,False,False
P:106,B,PARENT_HBN,PARENT,3.947,2.524,2.217,GLOBAL_DISCRETE_CONFORMER_AND_H_REFINEMENT,False,False
P:1060,B,PARENT_HBN,PARENT,4.838,3.327,5.697,GLOBAL_DISCRETE_CONFORMER_AND_H_REFINEMENT,False,False
P:1061,N,PARENT_HBN,PARENT,4.838,3.327,5.842,GLOBAL_DISCRETE_CONFORMER_AND_H_REFINEMENT,False,False
P:1062,B,PARENT_HBN,PARENT,4.89,3.572,5.697,GLOBAL_DISCRETE_CONFORMER_AND_H_REFINEMENT,False,False
P:1063,N,PARENT_HBN,PARENT,4.89,3.572,5.842,GLOBAL_DISCRETE_CONFORMER_AND_H_REFINEMENT,False,False
P:1064,B,PARENT_HBN,PARENT,4.89,3.823,5.697,GLOBAL_DISCRETE_CONFORMER_AND_H_REFINEMENT,False,False
P:1065,N,PARENT_HBN,PARENT,4.89,3.823,5.842,GLOBAL_DISCRETE_CONFORMER_AND_H_REFINEMENT,False,False
P:1066,B,PARENT_HBN,PARENT,4.838,4.068,5.697,GLOBAL_DISCRETE_CONFORMER_AND_H_REFINEMENT,False,False
P:1067,N,PARENT_HBN,PARENT,4.838,4.068,5.842,GLOBAL_DISCRETE_CONFORMER_AND_H_REFINEMENT,False,False
P:1068,B,PARENT_HBN,PARENT,4.736,4.297,5.697,GLOBAL_DISCRETE_CONFORMER_AND_H_REFINEMENT,False,False
P:1069,N,PARENT_HBN,PARENT,4.736,4.297,5.842,GLOBAL_DISCRETE_CONFORMER_AND_H_REFINEMENT,False,False
P:107,N,PARENT_HBN,PARENT,3.947,2.524,2.362,GLOBAL_DISCRETE_CONFORMER_AND_H_REFINEMENT,False,False
P:1070,B,PARENT_HBN,PARENT,4.588,4.5,5.697,GLOBAL_DISCRETE_CONFORMER_AND_H_REFINEMENT,False,False
P:1071,N,PARENT_HBN,PARENT,4.588,4.5,5.842,GLOBAL_DISCRETE_CONFORMER_AND_H_REFINEMENT,False,False
P:1072,B,PARENT_HBN,PARENT,4.402,4.667,5.697,GLOBAL_DISCRETE_CONFORMER_AND_H_REFINEMENT,False,False
P:1073,N,PARENT_HBN,PARENT,4.402,4.667,5.842,GLOBAL_DISCRETE_CONFORMER_AND_H_REFINEMENT,False,False
P:1074,B,PARENT_HBN,PARENT,4.185,4.793,5.697,GLOBAL_DISCRETE_CONFORMER_AND_H_REFINEMENT,False,False
P:1075,N,PARENT_HBN,PARENT,4.185,4.793,5.842,GLOBAL_DISCRETE_CONFORMER_AND_H_REFINEMENT,False,False
P:1076,B,PARENT_HBN,PARENT,3.947,4.87,5.697,GLOBAL_DISCRETE_CONFORMER_AND_H_REFINEMENT,False,False
P:1077,N,PARENT_HBN,PARENT,3.947,4.87,5.842,GLOBAL_DISCRETE_CONFORMER_AND_H_REFINEMENT,False,False
P:1078,B,PARENT_HBN,PARENT,3.697,4.896,5.697,GLOBAL_DISCRETE_CONFORMER_AND_H_REFINEMENT,False,False
P:1079,N,PARENT_HBN,PARENT,3.697,4.896,5.842,GLOBAL_DISCRETE_CONFORMER_AND_H_REFINEMENT,False,False
P:108,B,PARENT_HBN,PARENT,4.185,2.602,2.217,GLOBAL_DISCRETE_CONFORMER_AND_H_REFINEMENT,False,False
P:1080,B,PARENT_HBN,PARENT,3.327,4.838,5.915,GLOBAL_DISCRETE_CONFORMER_AND_H_REFINEMENT,False,False
P:1081,N,PARENT_HBN,PARENT,3.327,4.838,6.06,GLOBAL_DISCRETE_CONFORMER_AND_H_REFINEMENT,False,False
P:1082,B,PARENT_HBN,PARENT,3.098,4.736,5.915,GLOBAL_DISCRETE_CONFORMER_AND_H_REFINEMENT,False,False
P:1083,N,PARENT_HBN,PARENT,3.098,4.736,6.06,GLOBAL_DISCRETE_CONFORMER_AND_H_REFINEMENT,False,False
P:1084,B,PARENT_HBN,PARENT,2.895,4.588,5.915,GLOBAL_DISCRETE_CONFORMER_AND_H_REFINEMENT,False,False
P:1085,N,PARENT_HBN,PARENT,2.895,4.588,6.06,GLOBAL_DISCRETE_CONFORMER_AND_H_REFINEMENT,False,False
P:1086,B,PARENT_HBN,PARENT,2.727,4.402,5.915,GLOBAL_DISCRETE_CONFORMER_AND_H_REFINEMENT,False,False
P:1087,N,PARENT_HBN,PARENT,2.727,4.402,6.06,GLOBAL_DISCRETE_CONFORMER_AND_H_REFINEMENT,False,False
P:1088,B,PARENT_HBN,PARENT,2.602,4.185,5.915,GLOBAL_DISCRETE_CONFORMER_AND_H_REFINEMENT,False,False
P:1089,N,PARENT_HBN,PARENT,2.602,4.185,6.06,GLOBAL_DISCRETE_CONFORMER_AND_H_REFINEMENT,False,False
P:109,N,PARENT_HBN,PARENT,4.185,2.602,2.362,GLOBAL_DISCRETE_CONFORMER_AND_H_REFINEMENT,False,False
P:1090,B,PARENT_HBN,PARENT,2.524,3.947,5.915,GLOBAL_DISCRETE_CONFORMER_AND_H_REFINEMENT,False,False
P:1091,N,PARENT_HBN,PARENT,2.524,3.947,6.06,GLOBAL_DISCRETE_CONFORMER_AND_H_REFINEMENT,False,False
P:1092,B,PARENT_HBN,PARENT,2.498,3.697,5.915,GLOBAL_DISCRETE_CONFORMER_AND_H_REFINEMENT,False,False
P:1093,N,PARENT_HBN,PARENT,2.498,3.697,6.06,GLOBAL_DISCRETE_CONFORMER_AND_H_REFINEMENT,False,False
P:1094,B,PARENT_HBN,PARENT,2.524,3.448,5.915,GLOBAL_DISCRETE_CONFORMER_AND_H_REFINEMENT,False,False
P:1095,N,PARENT_HBN,PARENT,2.524,3.448,6.06,GLOBAL_DISCRETE_CONFORMER_AND_H_REFINEMENT,False,False
P:1096,B,PARENT_HBN,PARENT,2.602,3.21,5.915,GLOBAL_DISCRETE_CONFORMER_AND_H_REFINEMENT,False,False
P:1097,N,PARENT_HBN,PARENT,2.602,3.21,6.06,GLOBAL_DISCRETE_CONFORMER_AND_H_REFINEMENT,False,False
P:1098,B,PARENT_HBN,PARENT,2.727,2.992,5.915,GLOBAL_DISCRETE_CONFORMER_AND_H_REFINEMENT,False,False
P:1099,N,PARENT_HBN,PARENT,2.727,2.992,6.06,GLOBAL_DISCRETE_CONFORMER_AND_H_REFINEMENT,False,False
P:11,N,PARENT_HBN,PARENT,4.297,4.736,2.145,GLOBAL_DISCRETE_CONFORMER_AND_H_REFINEMENT,False,False
P:110,B,PARENT_HBN,PARENT,4.402,2.727,2.217,GLOBAL_DISCRETE_CONFORMER_AND_H_REFINEMENT,False,False
P:1100,B,PARENT_HBN,PARENT,2.895,2.806,5.915,GLOBAL_DISCRETE_CONFORMER_AND_H_REFINEMENT,False,False
P:1101,N,PARENT_HBN,PARENT,2.895,2.806,6.06,GLOBAL_DISCRETE_CONFORMER_AND_H_REFINEMENT,False,False
P:1102,B,PARENT_HBN,PARENT,3.098,2.659,5.915,GLOBAL_DISCRETE_CONFORMER_AND_H_REFINEMENT,False,False
P:1103,N,PARENT_HBN,PARENT,3.098,2.659,6.06,GLOBAL_DISCRETE_CONFORMER_AND_H_REFINEMENT,False,False
P:1104,B,PARENT_HBN,PARENT,3.327,2.557,5.915,GLOBAL_DISCRETE_CONFORMER_AND_H_REFINEMENT,False,False
P:1105,N,PARENT_HBN,PARENT,3.327,2.557,6.06,GLOBAL_DISCRETE_CONFORMER_AND_H_REFINEMENT,False,False
P:1106,B,PARENT_HBN,PARENT,3.572,2.505,5.915,GLOBAL_DISCRETE_CONFORMER_AND_H_REFINEMENT,False,False
P:1107,N,PARENT_HBN,PARENT,3.572,2.505,6.06,GLOBAL_DISCRETE_CONFORMER_AND_H_REFINEMENT,False,False
P:1108,B,PARENT_HBN,PARENT,3.823,2.505,5.915,GLOBAL_DISCRETE_CONFORMER_AND_H_REFINEMENT,False,False
P:1109,N,PARENT_HBN,PARENT,3.823,2.505,6.06,GLOBAL_DISCRETE_CONFORMER_AND_H_REFINEMENT,False,False
P:111,N,PARENT_HBN,PARENT,4.402,2.727,2.362,GLOBAL_DISCRETE_CONFORMER_AND_H_REFINEMENT,False,False
P:1110,B,PARENT_HBN,PARENT,4.068,2.557,5.915,GLOBAL_DISCRETE_CONFORMER_AND_H_REFINEMENT,False,False
P:1111,N,PARENT_HBN,PARENT,4.068,2.557,6.06,GLOBAL_DISCRETE_CONFORMER_AND_H_REFINEMENT,False,False
P:1112,B,PARENT_HBN,PARENT,4.297,2.659,5.915,GLOBAL_DISCRETE_CONFORMER_AND_H_REFINEMENT,False,False
P:1113,N,PARENT_HBN,PARENT,4.297,2.659,6.06,GLOBAL_DISCRETE_CONFORMER_AND_H_REFINEMENT,False,False
P:1114,B,PARENT_HBN,PARENT,4.5,2.806,5.915,GLOBAL_DISCRETE_CONFORMER_AND_H_REFINEMENT,False,False
P:1115,N,PARENT_HBN,PARENT,4.5,2.806,6.06,GLOBAL_DISCRETE_CONFORMER_AND_H_REFINEMENT,False,False
P:1116,B,PARENT_HBN,PARENT,4.667,2.992,5.915,GLOBAL_DISCRETE_CONFORMER_AND_H_REFINEMENT,False,False
P:1117,N,PARENT_HBN,PARENT,4.667,2.992,6.06,GLOBAL_DISCRETE_CONFORMER_AND_H_REFINEMENT,False,False
P:1118,B,PARENT_HBN,PARENT,4.793,3.21,5.915,GLOBAL_DISCRETE_CONFORMER_AND_H_REFINEMENT,False,False
P:1119,N,PARENT_HBN,PARENT,4.793,3.21,6.06,GLOBAL_DISCRETE_CONFORMER_AND_H_REFINEMENT,False,False
P:112,B,PARENT_HBN,PARENT,4.588,2.895,2.217,GLOBAL_DISCRETE_CONFORMER_AND_H_REFINEMENT,False,False
P:1120,B,PARENT_HBN,PARENT,4.87,3.448,5.915,GLOBAL_DISCRETE_CONFORMER_AND_H_REFINEMENT,False,False
P:1121,N,PARENT_HBN,PARENT,4.87,3.448,6.06,GLOBAL_DISCRETE_CONFORMER_AND_H_REFINEMENT,False,False
P:1122,B,PARENT_HBN,PARENT,4.896,3.697,5.915,GLOBAL_DISCRETE_CONFORMER_AND_H_REFINEMENT,False,False
P:1123,N,PARENT_HBN,PARENT,4.896,3.697,6.06,GLOBAL_DISCRETE_CONFORMER_AND_H_REFINEMENT,False,False
P:1124,B,PARENT_HBN,PARENT,4.87,3.947,5.915,GLOBAL_DISCRETE_CONFORMER_AND_H_REFINEMENT,False,False
P:1125,N,PARENT_HBN,PARENT,4.87,3.947,6.06,GLOBAL_DISCRETE_CONFORMER_AND_H_REFINEMENT,False,False
P:1126,B,PARENT_HBN,PARENT,4.793,4.185,5.915,GLOBAL_DISCRETE_CONFORMER_AND_H_REFINEMENT,False,False
P:1127,N,PARENT_HBN,PARENT,4.793,4.185,6.06,GLOBAL_DISCRETE_CONFORMER_AND_H_REFINEMENT,False,False
P:1128,B,PARENT_HBN,PARENT,4.667,4.402,5.915,GLOBAL_DISCRETE_CONFORMER_AND_H_REFINEMENT,False,False
P:1129,N,PARENT_HBN,PARENT,4.667,4.402,6.06,GLOBAL_DISCRETE_CONFORMER_AND_H_REFINEMENT,False,False
P:113,N,PARENT_HBN,PARENT,4.588,2.895,2.362,GLOBAL_DISCRETE_CONFORMER_AND_H_REFINEMENT,False,False
P:1130,B,PARENT_HBN,PARENT,4.5,4.588,5.915,GLOBAL_DISCRETE_CONFORMER_AND_H_REFINEMENT,False,False
P:1131,N,PARENT_HBN,PARENT,4.5,4.588,6.06,GLOBAL_DISCRETE_CONFORMER_AND_H_REFINEMENT,False,False
P:1132,B,PARENT_HBN,PARENT,4.297,4.736,5.915,GLOBAL_DISCRETE_CONFORMER_AND_H_REFINEMENT,False,False
P:1133,N,PARENT_HBN,PARENT,4.297,4.736,6.06,GLOBAL_DISCRETE_CONFORMER_AND_H_REFINEMENT,False,False
P:1134,B,PARENT_HBN,PARENT,4.068,4.838,5.915,GLOBAL_DISCRETE_CONFORMER_AND_H_REFINEMENT,False,False
P:1135,N,PARENT_HBN,PARENT,4.068,4.838,6.06,GLOBAL_DISCRETE_CONFORMER_AND_H_REFINEMENT,False,False
P:1136,B,PARENT_HBN,PARENT,3.823,4.89,5.915,GLOBAL_DISCRETE_CONFORMER_AND_H_REFINEMENT,False,False
P:1137,N,PARENT_HBN,PARENT,3.823,4.89,6.06,GLOBAL_DISCRETE_CONFORMER_AND_H_REFINEMENT,False,False
P:1138,B,PARENT_HBN,PARENT,3.572,4.89,5.915,GLOBAL_DISCRETE_CONFORMER_AND_H_REFINEMENT,False,False
P:1139,N,PARENT_HBN,PARENT,3.572,4.89,6.06,GLOBAL_DISCRETE_CONFORMER_AND_H_REFINEMENT,False,False
P:114,B,PARENT_HBN,PARENT,4.736,3.098,2.217,GLOBAL_DISCRETE_CONFORMER_AND_H_REFINEMENT,False,False
P:1140,B,PARENT_HBN,PARENT,3.21,4.793,6.133,GLOBAL_DISCRETE_CONFORMER_AND_H_REFINEMENT,False,False
P:1141,N,PARENT_HBN,PARENT,3.21,4.793,6.277,GLOBAL_DISCRETE_CONFORMER_AND_H_REFINEMENT,False,False
P:1142,B,PARENT_HBN,PARENT,2.992,4.667,6.133,GLOBAL_DISCRETE_CONFORMER_AND_H_REFINEMENT,False,False
P:1143,N,PARENT_HBN,PARENT,2.992,4.667,6.277,GLOBAL_DISCRETE_CONFORMER_AND_H_REFINEMENT,False,False
P:1144,B,PARENT_HBN,PARENT,2.806,4.5,6.133,GLOBAL_DISCRETE_CONFORMER_AND_H_REFINEMENT,False,False
P:1145,N,PARENT_HBN,PARENT,2.806,4.5,6.277,GLOBAL_DISCRETE_CONFORMER_AND_H_REFINEMENT,False,False
P:1146,B,PARENT_HBN,PARENT,2.659,4.297,6.133,GLOBAL_DISCRETE_CONFORMER_AND_H_REFINEMENT,False,False
P:1147,N,PARENT_HBN,PARENT,2.659,4.297,6.277,GLOBAL_DISCRETE_CONFORMER_AND_H_REFINEMENT,False,False
P:1148,B,PARENT_HBN,PARENT,2.557,4.068,6.133,GLOBAL_DISCRETE_CONFORMER_AND_H_REFINEMENT,False,False
P:1149,N,PARENT_HBN,PARENT,2.557,4.068,6.277,GLOBAL_DISCRETE_CONFORMER_AND_H_REFINEMENT,False,False
P:115,N,PARENT_HBN,PARENT,4.736,3.098,2.362,GLOBAL_DISCRETE_CONFORMER_AND_H_REFINEMENT,False,False
P:1150,B,PARENT_HBN,PARENT,2.505,3.823,6.133,GLOBAL_DISCRETE_CONFORMER_AND_H_REFINEMENT,False,False
P:1151,N,PARENT_HBN,PARENT,2.505,3.823,6.277,GLOBAL_DISCRETE_CONFORMER_AND_H_REFINEMENT,False,False
P:1152,B,PARENT_HBN,PARENT,2.505,3.572,6.133,GLOBAL_DISCRETE_CONFORMER_AND_H_REFINEMENT,False,False
P:1153,N,PARENT_HBN,PARENT,2.505,3.572,6.277,GLOBAL_DISCRETE_CONFORMER_AND_H_REFINEMENT,False,False
P:1154,B,PARENT_HBN,PARENT,2.557,3.327,6.133,GLOBAL_DISCRETE_CONFORMER_AND_H_REFINEMENT,False,False
P:1155,N,PARENT_HBN,PARENT,2.557,3.327,6.277,GLOBAL_DISCRETE_CONFORMER_AND_H_REFINEMENT,False,False
P:1156,B,PARENT_HBN,PARENT,2.659,3.098,6.133,GLOBAL_DISCRETE_CONFORMER_AND_H_REFINEMENT,False,False
P:1157,N,PARENT_HBN,PARENT,2.659,3.098,6.277,GLOBAL_DISCRETE_CONFORMER_AND_H_REFINEMENT,False,False
P:1158,B,PARENT_HBN,PARENT,2.806,2.895,6.133,GLOBAL_DISCRETE_CONFORMER_AND_H_REFINEMENT,False,False
P:1159,N,PARENT_HBN,PARENT,2.806,2.895,6.277,GLOBAL_DISCRETE_CONFORMER_AND_H_REFINEMENT,False,False
P:116,B,PARENT_HBN,PARENT,4.838,3.327,2.217,GLOBAL_DISCRETE_CONFORMER_AND_H_REFINEMENT,False,False
P:1160,B,PARENT_HBN,PARENT,2.992,2.727,6.133,GLOBAL_DISCRETE_CONFORMER_AND_H_REFINEMENT,False,False
P:1161,N,PARENT_HBN,PARENT,2.992,2.727,6.277,GLOBAL_DISCRETE_CONFORMER_AND_H_REFINEMENT,False,False
P:1162,B,PARENT_HBN,PARENT,3.21,2.602,6.133,GLOBAL_DISCRETE_CONFORMER_AND_H_REFINEMENT,False,False
P:1163,N,PARENT_HBN,PARENT,3.21,2.602,6.277,GLOBAL_DISCRETE_CONFORMER_AND_H_REFINEMENT,False,False
P:1164,B,PARENT_HBN,PARENT,3.448,2.524,6.133,GLOBAL_DISCRETE_CONFORMER_AND_H_REFINEMENT,False,False
P:1165,N,PARENT_HBN,PARENT,3.448,2.524,6.277,GLOBAL_DISCRETE_CONFORMER_AND_H_REFINEMENT,False,False
P:1166,B,PARENT_HBN,PARENT,3.697,2.498,6.133,GLOBAL_DISCRETE_CONFORMER_AND_H_REFINEMENT,False,False
P:1167,N,PARENT_HBN,PARENT,3.697,2.498,6.277,GLOBAL_DISCRETE_CONFORMER_AND_H_REFINEMENT,False,False
P:1168,B,PARENT_HBN,PARENT,3.947,2.524,6.133,GLOBAL_DISCRETE_CONFORMER_AND_H_REFINEMENT,False,False
P:1169,N,PARENT_HBN,PARENT,3.947,2.524,6.277,GLOBAL_DISCRETE_CONFORMER_AND_H_REFINEMENT,False,False
P:117,N,PARENT_HBN,PARENT,4.838,3.327,2.362,GLOBAL_DISCRETE_CONFORMER_AND_H_REFINEMENT,False,False
P:1170,B,PARENT_HBN,PARENT,4.185,2.602,6.133,GLOBAL_DISCRETE_CONFORMER_AND_H_REFINEMENT,False,False
P:1171,N,PARENT_HBN,PARENT,4.185,2.602,6.277,GLOBAL_DISCRETE_CONFORMER_AND_H_REFINEMENT,False,False
P:1172,B,PARENT_HBN,PARENT,4.402,2.727,6.133,GLOBAL_DISCRETE_CONFORMER_AND_H_REFINEMENT,False,False
P:1173,N,PARENT_HBN,PARENT,4.402,2.727,6.277,GLOBAL_DISCRETE_CONFORMER_AND_H_REFINEMENT,False,False
P:1174,B,PARENT_HBN,PARENT,4.588,2.895,6.133,GLOBAL_DISCRETE_CONFORMER_AND_H_REFINEMENT,False,False
P:1175,N,PARENT_HBN,PARENT,4.588,2.895,6.277,GLOBAL_DISCRETE_CONFORMER_AND_H_REFINEMENT,False,False
P:1176,B,PARENT_HBN,PARENT,4.736,3.098,6.133,GLOBAL_DISCRETE_CONFORMER_AND_H_REFINEMENT,False,False
P:1177,N,PARENT_HBN,PARENT,4.736,3.098,6.277,GLOBAL_DISCRETE_CONFORMER_AND_H_REFINEMENT,False,False
P:1178,B,PARENT_HBN,PARENT,4.838,3.327,6.133,GLOBAL_DISCRETE_CONFORMER_AND_H_REFINEMENT,False,False
P:1179,N,PARENT_HBN,PARENT,4.838,3.327,6.277,GLOBAL_DISCRETE_CONFORMER_AND_H_REFINEMENT,False,False
P:118,B,PARENT_HBN,PARENT,4.89,3.572,2.217,GLOBAL_DISCRETE_CONFORMER_AND_H_REFINEMENT,False,False
P:1180,B,PARENT_HBN,PARENT,4.89,3.572,6.133,GLOBAL_DISCRETE_CONFORMER_AND_H_REFINEMENT,False,False
P:1181,N,PARENT_HBN,PARENT,4.89,3.572,6.277,GLOBAL_DISCRETE_CONFORMER_AND_H_REFINEMENT,False,False
P:1182,B,PARENT_HBN,PARENT,4.89,3.823,6.133,GLOBAL_DISCRETE_CONFORMER_AND_H_REFINEMENT,False,False
P:1183,N,PARENT_HBN,PARENT,4.89,3.823,6.277,GLOBAL_DISCRETE_CONFORMER_AND_H_REFINEMENT,False,False
P:1184,B,PARENT_HBN,PARENT,4.838,4.068,6.133,GLOBAL_DISCRETE_CONFORMER_AND_H_REFINEMENT,False,False
P:1185,N,PARENT_HBN,PARENT,4.838,4.068,6.277,GLOBAL_DISCRETE_CONFORMER_AND_H_REFINEMENT,False,False
P:1186,B,PARENT_HBN,PARENT,4.736,4.297,6.133,GLOBAL_DISCRETE_CONFORMER_AND_H_REFINEMENT,False,False
P:1187,N,PARENT_HBN,PARENT,4.736,4.297,6.277,GLOBAL_DISCRETE_CONFORMER_AND_H_REFINEMENT,False,False
P:1188,B,PARENT_HBN,PARENT,4.588,4.5,6.133,GLOBAL_DISCRETE_CONFORMER_AND_H_REFINEMENT,False,False
P:1189,N,PARENT_HBN,PARENT,4.588,4.5,6.277,GLOBAL_DISCRETE_CONFORMER_AND_H_REFINEMENT,False,False
P:119,N,PARENT_HBN,PARENT,4.89,3.572,2.362,GLOBAL_DISCRETE_CONFORMER_AND_H_REFINEMENT,False,False
P:1190,B,PARENT_HBN,PARENT,4.402,4.667,6.133,GLOBAL_DISCRETE_CONFORMER_AND_H_REFINEMENT,False,False
P:1191,N,PARENT_HBN,PARENT,4.402,4.667,6.277,GLOBAL_DISCRETE_CONFORMER_AND_H_REFINEMENT,False,False
P:1192,B,PARENT_HBN,PARENT,4.185,4.793,6.133,GLOBAL_DISCRETE_CONFORMER_AND_H_REFINEMENT,False,False
P:1193,N,PARENT_HBN,PARENT,4.185,4.793,6.277,GLOBAL_DISCRETE_CONFORMER_AND_H_REFINEMENT,False,False
P:1194,B,PARENT_HBN,PARENT,3.947,4.87,6.133,GLOBAL_DISCRETE_CONFORMER_AND_H_REFINEMENT,False,False
P:1195,N,PARENT_HBN,PARENT,3.947,4.87,6.277,GLOBAL_DISCRETE_CONFORMER_AND_H_REFINEMENT,False,False
P:1196,B,PARENT_HBN,PARENT,3.697,4.896,6.133,GLOBAL_DISCRETE_CONFORMER_AND_H_REFINEMENT,False,False
P:1197,N,PARENT_HBN,PARENT,3.697,4.896,6.277,GLOBAL_DISCRETE_CONFORMER_AND_H_REFINEMENT,False,False
P:1198,B,PARENT_HBN,PARENT,3.448,4.87,6.133,GLOBAL_DISCRETE_CONFORMER_AND_H_REFINEMENT,False,False
P:1199,N,PARENT_HBN,PARENT,3.448,4.87,6.277,GLOBAL_DISCRETE_CONFORMER_AND_H_REFINEMENT,False,False
P:12,B,PARENT_HBN,PARENT,4.068,4.838,2.0,GLOBAL_DISCRETE_CONFORMER_AND_H_REFINEMENT,False,False
P:120,B,PARENT_HBN,PARENT,4.87,3.947,2.435,GLOBAL_DISCRETE_CONFORMER_AND_H_REFINEMENT,False,False
P:1200,B,PARENT_HBN,PARENT,3.098,4.736,6.35,GLOBAL_DISCRETE_CONFORMER_AND_H_REFINEMENT,False,False
P:1201,N,PARENT_HBN,PARENT,3.098,4.736,6.495,GLOBAL_DISCRETE_CONFORMER_AND_H_REFINEMENT,False,False
P:1202,B,PARENT_HBN,PARENT,2.895,4.588,6.35,GLOBAL_DISCRETE_CONFORMER_AND_H_REFINEMENT,False,False
P:1203,N,PARENT_HBN,PARENT,2.895,4.588,6.495,GLOBAL_DISCRETE_CONFORMER_AND_H_REFINEMENT,False,False
P:1204,B,PARENT_HBN,PARENT,2.727,4.402,6.35,GLOBAL_DISCRETE_CONFORMER_AND_H_REFINEMENT,False,False
P:1205,N,PARENT_HBN,PARENT,2.727,4.402,6.495,GLOBAL_DISCRETE_CONFORMER_AND_H_REFINEMENT,False,False
P:1206,B,PARENT_HBN,PARENT,2.602,4.185,6.35,GLOBAL_DISCRETE_CONFORMER_AND_H_REFINEMENT,False,False
P:1207,N,PARENT_HBN,PARENT,2.602,4.185,6.495,GLOBAL_DISCRETE_CONFORMER_AND_H_REFINEMENT,False,False
P:1208,B,PARENT_HBN,PARENT,2.524,3.947,6.35,GLOBAL_DISCRETE_CONFORMER_AND_H_REFINEMENT,False,False
P:1209,N,PARENT_HBN,PARENT,2.524,3.947,6.495,GLOBAL_DISCRETE_CONFORMER_AND_H_REFINEMENT,False,False
P:121,N,PARENT_HBN,PARENT,4.87,3.947,2.58,GLOBAL_DISCRETE_CONFORMER_AND_H_REFINEMENT,False,False
P:1210,B,PARENT_HBN,PARENT,2.498,3.697,6.35,GLOBAL_DISCRETE_CONFORMER_AND_H_REFINEMENT,False,False
P:1211,N,PARENT_HBN,PARENT,2.498,3.697,6.495,GLOBAL_DISCRETE_CONFORMER_AND_H_REFINEMENT,False,False
P:1212,B,PARENT_HBN,PARENT,2.524,3.448,6.35,GLOBAL_DISCRETE_CONFORMER_AND_H_REFINEMENT,False,False
P:1213,N,PARENT_HBN,PARENT,2.524,3.448,6.495,GLOBAL_DISCRETE_CONFORMER_AND_H_REFINEMENT,False,False
P:1214,B,PARENT_HBN,PARENT,2.602,3.21,6.35,GLOBAL_DISCRETE_CONFORMER_AND_H_REFINEMENT,False,False
P:1215,N,PARENT_HBN,PARENT,2.602,3.21,6.495,GLOBAL_DISCRETE_CONFORMER_AND_H_REFINEMENT,False,False
P:1216,B,PARENT_HBN,PARENT,2.727,2.992,6.35,GLOBAL_DISCRETE_CONFORMER_AND_H_REFINEMENT,False,False
P:1217,N,PARENT_HBN,PARENT,2.727,2.992,6.495,GLOBAL_DISCRETE_CONFORMER_AND_H_REFINEMENT,False,False
P:1218,B,PARENT_HBN,PARENT,2.895,2.806,6.35,GLOBAL_DISCRETE_CONFORMER_AND_H_REFINEMENT,False,False
P:1219,N,PARENT_HBN,PARENT,2.895,2.806,6.495,GLOBAL_DISCRETE_CONFORMER_AND_H_REFINEMENT,False,False
P:122,B,PARENT_HBN,PARENT,4.793,4.185,2.435,GLOBAL_DISCRETE_CONFORMER_AND_H_REFINEMENT,False,False
P:1220,B,PARENT_HBN,PARENT,3.098,2.659,6.35,GLOBAL_DISCRETE_CONFORMER_AND_H_REFINEMENT,False,False
P:1221,N,PARENT_HBN,PARENT,3.098,2.659,6.495,GLOBAL_DISCRETE_CONFORMER_AND_H_REFINEMENT,False,False
P:1222,B,PARENT_HBN,PARENT,3.327,2.557,6.35,GLOBAL_DISCRETE_CONFORMER_AND_H_REFINEMENT,False,False
P:1223,N,PARENT_HBN,PARENT,3.327,2.557,6.495,GLOBAL_DISCRETE_CONFORMER_AND_H_REFINEMENT,False,False
P:1224,B,PARENT_HBN,PARENT,3.572,2.505,6.35,GLOBAL_DISCRETE_CONFORMER_AND_H_REFINEMENT,False,False
P:1225,N,PARENT_HBN,PARENT,3.572,2.505,6.495,GLOBAL_DISCRETE_CONFORMER_AND_H_REFINEMENT,False,False
P:1226,B,PARENT_HBN,PARENT,3.823,2.505,6.35,GLOBAL_DISCRETE_CONFORMER_AND_H_REFINEMENT,False,False
P:1227,N,PARENT_HBN,PARENT,3.823,2.505,6.495,GLOBAL_DISCRETE_CONFORMER_AND_H_REFINEMENT,False,False
P:1228,B,PARENT_HBN,PARENT,4.068,2.557,6.35,GLOBAL_DISCRETE_CONFORMER_AND_H_REFINEMENT,False,False
P:1229,N,PARENT_HBN,PARENT,4.068,2.557,6.495,GLOBAL_DISCRETE_CONFORMER_AND_H_REFINEMENT,False,False
P:123,N,PARENT_HBN,PARENT,4.793,4.185,2.58,GLOBAL_DISCRETE_CONFORMER_AND_H_REFINEMENT,False,False
P:1230,B,PARENT_HBN,PARENT,4.297,2.659,6.35,GLOBAL_DISCRETE_CONFORMER_AND_H_REFINEMENT,False,False
P:1231,N,PARENT_HBN,PARENT,4.297,2.659,6.495,GLOBAL_DISCRETE_CONFORMER_AND_H_REFINEMENT,False,False
P:1232,B,PARENT_HBN,PARENT,4.5,2.806,6.35,GLOBAL_DISCRETE_CONFORMER_AND_H_REFINEMENT,False,False
P:1233,N,PARENT_HBN,PARENT,4.5,2.806,6.495,GLOBAL_DISCRETE_CONFORMER_AND_H_REFINEMENT,False,False
P:1234,B,PARENT_HBN,PARENT,4.667,2.992,6.35,GLOBAL_DISCRETE_CONFORMER_AND_H_REFINEMENT,False,False
P:1235,N,PARENT_HBN,PARENT,4.667,2.992,6.495,GLOBAL_DISCRETE_CONFORMER_AND_H_REFINEMENT,False,False
P:1236,B,PARENT_HBN,PARENT,4.793,3.21,6.35,GLOBAL_DISCRETE_CONFORMER_AND_H_REFINEMENT,False,False
P:1237,N,PARENT_HBN,PARENT,4.793,3.21,6.495,GLOBAL_DISCRETE_CONFORMER_AND_H_REFINEMENT,False,False
P:1238,B,PARENT_HBN,PARENT,4.87,3.448,6.35,GLOBAL_DISCRETE_CONFORMER_AND_H_REFINEMENT,False,False
P:1239,N,PARENT_HBN,PARENT,4.87,3.448,6.495,GLOBAL_DISCRETE_CONFORMER_AND_H_REFINEMENT,False,False
P:124,B,PARENT_HBN,PARENT,4.667,4.402,2.435,GLOBAL_DISCRETE_CONFORMER_AND_H_REFINEMENT,False,False
P:1240,B,PARENT_HBN,PARENT,4.896,3.697,6.35,GLOBAL_DISCRETE_CONFORMER_AND_H_REFINEMENT,False,False
P:1241,N,PARENT_HBN,PARENT,4.896,3.697,6.495,GLOBAL_DISCRETE_CONFORMER_AND_H_REFINEMENT,False,False
P:1242,B,PARENT_HBN,PARENT,4.87,3.947,6.35,GLOBAL_DISCRETE_CONFORMER_AND_H_REFINEMENT,False,False
P:1243,N,PARENT_HBN,PARENT,4.87,3.947,6.495,GLOBAL_DISCRETE_CONFORMER_AND_H_REFINEMENT,False,False
P:1244,B,PARENT_HBN,PARENT,4.793,4.185,6.35,GLOBAL_DISCRETE_CONFORMER_AND_H_REFINEMENT,False,False
P:1245,N,PARENT_HBN,PARENT,4.793,4.185,6.495,GLOBAL_DISCRETE_CONFORMER_AND_H_REFINEMENT,False,False
P:1246,B,PARENT_HBN,PARENT,4.667,4.402,6.35,GLOBAL_DISCRETE_CONFORMER_AND_H_REFINEMENT,False,False
P:1247,N,PARENT_HBN,PARENT,4.667,4.402,6.495,GLOBAL_DISCRETE_CONFORMER_AND_H_REFINEMENT,False,False
P:1248,B,PARENT_HBN,PARENT,4.5,4.588,6.35,GLOBAL_DISCRETE_CONFORMER_AND_H_REFINEMENT,False,False
P:1249,N,PARENT_HBN,PARENT,4.5,4.588,6.495,GLOBAL_DISCRETE_CONFORMER_AND_H_REFINEMENT,False,False
P:125,N,PARENT_HBN,PARENT,4.667,4.402,2.58,GLOBAL_DISCRETE_CONFORMER_AND_H_REFINEMENT,False,False
P:1250,B,PARENT_HBN,PARENT,4.297,4.736,6.35,GLOBAL_DISCRETE_CONFORMER_AND_H_REFINEMENT,False,False
P:1251,N,PARENT_HBN,PARENT,4.297,4.736,6.495,GLOBAL_DISCRETE_CONFORMER_AND_H_REFINEMENT,False,False
P:1252,B,PARENT_HBN,PARENT,4.068,4.838,6.35,GLOBAL_DISCRETE_CONFORMER_AND_H_REFINEMENT,False,False
P:1253,N,PARENT_HBN,PARENT,4.068,4.838,6.495,GLOBAL_DISCRETE_CONFORMER_AND_H_REFINEMENT,False,False
P:1254,B,PARENT_HBN,PARENT,3.823,4.89,6.35,GLOBAL_DISCRETE_CONFORMER_AND_H_REFINEMENT,False,False
P:1255,N,PARENT_HBN,PARENT,3.823,4.89,6.495,GLOBAL_DISCRETE_CONFORMER_AND_H_REFINEMENT,False,False
P:1256,B,PARENT_HBN,PARENT,3.572,4.89,6.35,GLOBAL_DISCRETE_CONFORMER_AND_H_REFINEMENT,False,False
P:1257,N,PARENT_HBN,PARENT,3.572,4.89,6.495,GLOBAL_DISCRETE_CONFORMER_AND_H_REFINEMENT,False,False
P:1258,B,PARENT_HBN,PARENT,3.327,4.838,6.35,GLOBAL_DISCRETE_CONFORMER_AND_H_REFINEMENT,False,False
P:1259,N,PARENT_HBN,PARENT,3.327,4.838,6.495,GLOBAL_DISCRETE_CONFORMER_AND_H_REFINEMENT,False,False
P:126,B,PARENT_HBN,PARENT,4.5,4.588,2.435,GLOBAL_DISCRETE_CONFORMER_AND_H_REFINEMENT,False,False
P:1260,B,PARENT_HBN,PARENT,2.992,4.667,6.567,GLOBAL_DISCRETE_CONFORMER_AND_H_REFINEMENT,False,False
P:1261,N,PARENT_HBN,PARENT,2.992,4.667,6.713,GLOBAL_DISCRETE_CONFORMER_AND_H_REFINEMENT,False,False
P:1262,B,PARENT_HBN,PARENT,2.806,4.5,6.567,GLOBAL_DISCRETE_CONFORMER_AND_H_REFINEMENT,False,False
P:1263,N,PARENT_HBN,PARENT,2.806,4.5,6.713,GLOBAL_DISCRETE_CONFORMER_AND_H_REFINEMENT,False,False
P:1264,B,PARENT_HBN,PARENT,2.659,4.297,6.567,GLOBAL_DISCRETE_CONFORMER_AND_H_REFINEMENT,False,False
P:1265,N,PARENT_HBN,PARENT,2.659,4.297,6.713,GLOBAL_DISCRETE_CONFORMER_AND_H_REFINEMENT,False,False
P:1266,B,PARENT_HBN,PARENT,2.557,4.068,6.567,GLOBAL_DISCRETE_CONFORMER_AND_H_REFINEMENT,False,False
P:1267,N,PARENT_HBN,PARENT,2.557,4.068,6.713,GLOBAL_DISCRETE_CONFORMER_AND_H_REFINEMENT,False,False
P:1268,B,PARENT_HBN,PARENT,2.505,3.823,6.567,GLOBAL_DISCRETE_CONFORMER_AND_H_REFINEMENT,False,False
P:1269,N,PARENT_HBN,PARENT,2.505,3.823,6.713,GLOBAL_DISCRETE_CONFORMER_AND_H_REFINEMENT,False,False
P:127,N,PARENT_HBN,PARENT,4.5,4.588,2.58,GLOBAL_DISCRETE_CONFORMER_AND_H_REFINEMENT,False,False
P:1270,B,PARENT_HBN,PARENT,2.505,3.572,6.567,GLOBAL_DISCRETE_CONFORMER_AND_H_REFINEMENT,False,False
P:1271,N,PARENT_HBN,PARENT,2.505,3.572,6.713,GLOBAL_DISCRETE_CONFORMER_AND_H_REFINEMENT,False,False
P:1272,B,PARENT_HBN,PARENT,2.557,3.327,6.567,GLOBAL_DISCRETE_CONFORMER_AND_H_REFINEMENT,False,False
P:1273,N,PARENT_HBN,PARENT,2.557,3.327,6.713,GLOBAL_DISCRETE_CONFORMER_AND_H_REFINEMENT,False,False
P:1274,B,PARENT_HBN,PARENT,2.659,3.098,6.567,GLOBAL_DISCRETE_CONFORMER_AND_H_REFINEMENT,False,False
P:1275,N,PARENT_HBN,PARENT,2.659,3.098,6.713,GLOBAL_DISCRETE_CONFORMER_AND_H_REFINEMENT,False,False
P:1276,B,PARENT_HBN,PARENT,2.806,2.895,6.567,GLOBAL_DISCRETE_CONFORMER_AND_H_REFINEMENT,False,False
P:1277,N,PARENT_HBN,PARENT,2.806,2.895,6.713,GLOBAL_DISCRETE_CONFORMER_AND_H_REFINEMENT,False,False
P:1278,B,PARENT_HBN,PARENT,2.992,2.727,6.567,GLOBAL_DISCRETE_CONFORMER_AND_H_REFINEMENT,False,False
P:1279,N,PARENT_HBN,PARENT,2.992,2.727,6.713,GLOBAL_DISCRETE_CONFORMER_AND_H_REFINEMENT,False,False
P:128,B,PARENT_HBN,PARENT,4.297,4.736,2.435,GLOBAL_DISCRETE_CONFORMER_AND_H_REFINEMENT,False,False
P:1280,B,PARENT_HBN,PARENT,3.21,2.602,6.567,GLOBAL_DISCRETE_CONFORMER_AND_H_REFINEMENT,False,False
P:1281,N,PARENT_HBN,PARENT,3.21,2.602,6.713,GLOBAL_DISCRETE_CONFORMER_AND_H_REFINEMENT,False,False
P:1282,B,PARENT_HBN,PARENT,3.448,2.524,6.567,GLOBAL_DISCRETE_CONFORMER_AND_H_REFINEMENT,False,False
P:1283,N,PARENT_HBN,PARENT,3.448,2.524,6.713,GLOBAL_DISCRETE_CONFORMER_AND_H_REFINEMENT,False,False
P:1284,B,PARENT_HBN,PARENT,3.697,2.498,6.567,GLOBAL_DISCRETE_CONFORMER_AND_H_REFINEMENT,False,False
P:1285,N,PARENT_HBN,PARENT,3.697,2.498,6.713,GLOBAL_DISCRETE_CONFORMER_AND_H_REFINEMENT,False,False
P:1286,B,PARENT_HBN,PARENT,3.947,2.524,6.567,GLOBAL_DISCRETE_CONFORMER_AND_H_REFINEMENT,False,False
P:1287,N,PARENT_HBN,PARENT,3.947,2.524,6.713,GLOBAL_DISCRETE_CONFORMER_AND_H_REFINEMENT,False,False
P:1288,B,PARENT_HBN,PARENT,4.185,2.602,6.567,GLOBAL_DISCRETE_CONFORMER_AND_H_REFINEMENT,False,False
P:1289,N,PARENT_HBN,PARENT,4.185,2.602,6.713,GLOBAL_DISCRETE_CONFORMER_AND_H_REFINEMENT,False,False
P:129,N,PARENT_HBN,PARENT,4.297,4.736,2.58,GLOBAL_DISCRETE_CONFORMER_AND_H_REFINEMENT,False,False
P:1290,B,PARENT_HBN,PARENT,4.402,2.727,6.567,GLOBAL_DISCRETE_CONFORMER_AND_H_REFINEMENT,False,False
P:1291,N,PARENT_HBN,PARENT,4.402,2.727,6.713,GLOBAL_DISCRETE_CONFORMER_AND_H_REFINEMENT,False,False
P:1292,B,PARENT_HBN,PARENT,4.588,2.895,6.567,GLOBAL_DISCRETE_CONFORMER_AND_H_REFINEMENT,False,False
P:1293,N,PARENT_HBN,PARENT,4.588,2.895,6.713,GLOBAL_DISCRETE_CONFORMER_AND_H_REFINEMENT,False,False
P:1294,B,PARENT_HBN,PARENT,4.736,3.098,6.567,GLOBAL_DISCRETE_CONFORMER_AND_H_REFINEMENT,False,False
P:1295,N,PARENT_HBN,PARENT,4.736,3.098,6.713,GLOBAL_DISCRETE_CONFORMER_AND_H_REFINEMENT,False,False
P:1296,B,PARENT_HBN,PARENT,4.838,3.327,6.567,GLOBAL_DISCRETE_CONFORMER_AND_H_REFINEMENT,False,False
P:1297,N,PARENT_HBN,PARENT,4.838,3.327,6.713,GLOBAL_DISCRETE_CONFORMER_AND_H_REFINEMENT,False,False
P:1298,B,PARENT_HBN,PARENT,4.89,3.572,6.567,GLOBAL_DISCRETE_CONFORMER_AND_H_REFINEMENT,False,False
P:1299,N,PARENT_HBN,PARENT,4.89,3.572,6.713,GLOBAL_DISCRETE_CONFORMER_AND_H_REFINEMENT,False,False
P:13,N,PARENT_HBN,PARENT,4.068,4.838,2.145,GLOBAL_DISCRETE_CONFORMER_AND_H_REFINEMENT,False,False
P:130,B,PARENT_HBN,PARENT,4.068,4.838,2.435,GLOBAL_DISCRETE_CONFORMER_AND_H_REFINEMENT,False,False
P:1300,B,PARENT_HBN,PARENT,4.89,3.823,6.567,GLOBAL_DISCRETE_CONFORMER_AND_H_REFINEMENT,False,False
P:1301,N,PARENT_HBN,PARENT,4.89,3.823,6.713,GLOBAL_DISCRETE_CONFORMER_AND_H_REFINEMENT,False,False
P:1302,B,PARENT_HBN,PARENT,4.838,4.068,6.567,GLOBAL_DISCRETE_CONFORMER_AND_H_REFINEMENT,False,False
P:1303,N,PARENT_HBN,PARENT,4.838,4.068,6.713,GLOBAL_DISCRETE_CONFORMER_AND_H_REFINEMENT,False,False
P:1304,B,PARENT_HBN,PARENT,4.736,4.297,6.567,GLOBAL_DISCRETE_CONFORMER_AND_H_REFINEMENT,False,False
P:1305,N,PARENT_HBN,PARENT,4.736,4.297,6.713,GLOBAL_DISCRETE_CONFORMER_AND_H_REFINEMENT,False,False
P:1306,B,PARENT_HBN,PARENT,4.588,4.5,6.567,GLOBAL_DISCRETE_CONFORMER_AND_H_REFINEMENT,False,False
P:1307,N,PARENT_HBN,PARENT,4.588,4.5,6.713,GLOBAL_DISCRETE_CONFORMER_AND_H_REFINEMENT,False,False
P:1308,B,PARENT_HBN,PARENT,4.402,4.667,6.567,GLOBAL_DISCRETE_CONFORMER_AND_H_REFINEMENT,False,False
P:1309,N,PARENT_HBN,PARENT,4.402,4.667,6.713,GLOBAL_DISCRETE_CONFORMER_AND_H_REFINEMENT,False,False
P:131,N,PARENT_HBN,PARENT,4.068,4.838,2.58,GLOBAL_DISCRETE_CONFORMER_AND_H_REFINEMENT,False,False
P:1310,B,PARENT_HBN,PARENT,4.185,4.793,6.567,GLOBAL_DISCRETE_CONFORMER_AND_H_REFINEMENT,False,False
P:1311,N,PARENT_HBN,PARENT,4.185,4.793,6.713,GLOBAL_DISCRETE_CONFORMER_AND_H_REFINEMENT,False,False
P:1312,B,PARENT_HBN,PARENT,3.947,4.87,6.567,GLOBAL_DISCRETE_CONFORMER_AND_H_REFINEMENT,False,False
P:1313,N,PARENT_HBN,PARENT,3.947,4.87,6.713,GLOBAL_DISCRETE_CONFORMER_AND_H_REFINEMENT,False,False
P:1314,B,PARENT_HBN,PARENT,3.697,4.896,6.567,GLOBAL_DISCRETE_CONFORMER_AND_H_REFINEMENT,False,False
P:1315,N,PARENT_HBN,PARENT,3.697,4.896,6.713,GLOBAL_DISCRETE_CONFORMER_AND_H_REFINEMENT,False,False
P:1316,B,PARENT_HBN,PARENT,3.448,4.87,6.567,GLOBAL_DISCRETE_CONFORMER_AND_H_REFINEMENT,False,False
P:1317,N,PARENT_HBN,PARENT,3.448,4.87,6.713,GLOBAL_DISCRETE_CONFORMER_AND_H_REFINEMENT,False,False
P:1318,B,PARENT_HBN,PARENT,3.21,4.793,6.567,GLOBAL_DISCRETE_CONFORMER_AND_H_REFINEMENT,False,False
P:1319,N,PARENT_HBN,PARENT,3.21,4.793,6.713,GLOBAL_DISCRETE_CONFORMER_AND_H_REFINEMENT,False,False
P:132,B,PARENT_HBN,PARENT,3.823,4.89,2.435,GLOBAL_DISCRETE_CONFORMER_AND_H_REFINEMENT,False,False
P:1320,B,PARENT_HBN,PARENT,2.895,4.588,6.785,GLOBAL_DISCRETE_CONFORMER_AND_H_REFINEMENT,False,False
P:1321,N,PARENT_HBN,PARENT,2.895,4.588,6.93,GLOBAL_DISCRETE_CONFORMER_AND_H_REFINEMENT,False,False
P:1322,B,PARENT_HBN,PARENT,2.727,4.402,6.785,GLOBAL_DISCRETE_CONFORMER_AND_H_REFINEMENT,False,False
P:1323,N,PARENT_HBN,PARENT,2.727,4.402,6.93,GLOBAL_DISCRETE_CONFORMER_AND_H_REFINEMENT,False,False
P:1324,B,PARENT_HBN,PARENT,2.602,4.185,6.785,GLOBAL_DISCRETE_CONFORMER_AND_H_REFINEMENT,False,False
P:1325,N,PARENT_HBN,PARENT,2.602,4.185,6.93,GLOBAL_DISCRETE_CONFORMER_AND_H_REFINEMENT,False,False
P:1326,B,PARENT_HBN,PARENT,2.524,3.947,6.785,GLOBAL_DISCRETE_CONFORMER_AND_H_REFINEMENT,False,False
P:1327,N,PARENT_HBN,PARENT,2.524,3.947,6.93,GLOBAL_DISCRETE_CONFORMER_AND_H_REFINEMENT,False,False
P:1328,B,PARENT_HBN,PARENT,2.498,3.697,6.785,GLOBAL_DISCRETE_CONFORMER_AND_H_REFINEMENT,False,False
P:1329,N,PARENT_HBN,PARENT,2.498,3.697,6.93,GLOBAL_DISCRETE_CONFORMER_AND_H_REFINEMENT,False,False
P:133,N,PARENT_HBN,PARENT,3.823,4.89,2.58,GLOBAL_DISCRETE_CONFORMER_AND_H_REFINEMENT,False,False
P:1330,B,PARENT_HBN,PARENT,2.524,3.448,6.785,GLOBAL_DISCRETE_CONFORMER_AND_H_REFINEMENT,False,False
P:1331,N,PARENT_HBN,PARENT,2.524,3.448,6.93,GLOBAL_DISCRETE_CONFORMER_AND_H_REFINEMENT,False,False
P:1332,B,PARENT_HBN,PARENT,2.602,3.21,6.785,GLOBAL_DISCRETE_CONFORMER_AND_H_REFINEMENT,False,False
P:1333,N,PARENT_HBN,PARENT,2.602,3.21,6.93,GLOBAL_DISCRETE_CONFORMER_AND_H_REFINEMENT,False,False
P:1334,B,PARENT_HBN,PARENT,2.727,2.992,6.785,GLOBAL_DISCRETE_CONFORMER_AND_H_REFINEMENT,False,False
P:1335,N,PARENT_HBN,PARENT,2.727,2.992,6.93,GLOBAL_DISCRETE_CONFORMER_AND_H_REFINEMENT,False,False
P:1336,B,PARENT_HBN,PARENT,2.895,2.806,6.785,GLOBAL_DISCRETE_CONFORMER_AND_H_REFINEMENT,False,False
P:1337,N,PARENT_HBN,PARENT,2.895,2.806,6.93,GLOBAL_DISCRETE_CONFORMER_AND_H_REFINEMENT,False,False
P:1338,B,PARENT_HBN,PARENT,3.098,2.659,6.785,GLOBAL_DISCRETE_CONFORMER_AND_H_REFINEMENT,False,False
P:1339,N,PARENT_HBN,PARENT,3.098,2.659,6.93,GLOBAL_DISCRETE_CONFORMER_AND_H_REFINEMENT,False,False
P:134,B,PARENT_HBN,PARENT,3.572,4.89,2.435,GLOBAL_DISCRETE_CONFORMER_AND_H_REFINEMENT,False,False
P:1340,B,PARENT_HBN,PARENT,3.327,2.557,6.785,GLOBAL_DISCRETE_CONFORMER_AND_H_REFINEMENT,False,False
P:1341,N,PARENT_HBN,PARENT,3.327,2.557,6.93,GLOBAL_DISCRETE_CONFORMER_AND_H_REFINEMENT,False,False
P:1342,B,PARENT_HBN,PARENT,3.572,2.505,6.785,GLOBAL_DISCRETE_CONFORMER_AND_H_REFINEMENT,False,False
P:1343,N,PARENT_HBN,PARENT,3.572,2.505,6.93,GLOBAL_DISCRETE_CONFORMER_AND_H_REFINEMENT,False,False
P:1344,B,PARENT_HBN,PARENT,3.823,2.505,6.785,GLOBAL_DISCRETE_CONFORMER_AND_H_REFINEMENT,False,False
P:1345,N,PARENT_HBN,PARENT,3.823,2.505,6.93,GLOBAL_DISCRETE_CONFORMER_AND_H_REFINEMENT,False,False
P:1346,B,PARENT_HBN,PARENT,4.068,2.557,6.785,GLOBAL_DISCRETE_CONFORMER_AND_H_REFINEMENT,False,False
P:1347,N,PARENT_HBN,PARENT,4.068,2.557,6.93,GLOBAL_DISCRETE_CONFORMER_AND_H_REFINEMENT,False,False
P:1348,B,PARENT_HBN,PARENT,4.297,2.659,6.785,GLOBAL_DISCRETE_CONFORMER_AND_H_REFINEMENT,False,False
P:1349,N,PARENT_HBN,PARENT,4.297,2.659,6.93,GLOBAL_DISCRETE_CONFORMER_AND_H_REFINEMENT,False,False
P:135,N,PARENT_HBN,PARENT,3.572,4.89,2.58,GLOBAL_DISCRETE_CONFORMER_AND_H_REFINEMENT,False,False
P:1350,B,PARENT_HBN,PARENT,4.5,2.806,6.785,GLOBAL_DISCRETE_CONFORMER_AND_H_REFINEMENT,False,False
P:1351,N,PARENT_HBN,PARENT,4.5,2.806,6.93,GLOBAL_DISCRETE_CONFORMER_AND_H_REFINEMENT,False,False
P:1352,B,PARENT_HBN,PARENT,4.667,2.992,6.785,GLOBAL_DISCRETE_CONFORMER_AND_H_REFINEMENT,False,False
P:1353,N,PARENT_HBN,PARENT,4.667,2.992,6.93,GLOBAL_DISCRETE_CONFORMER_AND_H_REFINEMENT,False,False
P:1354,B,PARENT_HBN,PARENT,4.793,3.21,6.785,GLOBAL_DISCRETE_CONFORMER_AND_H_REFINEMENT,False,False
P:1355,N,PARENT_HBN,PARENT,4.793,3.21,6.93,GLOBAL_DISCRETE_CONFORMER_AND_H_REFINEMENT,False,False
P:1356,B,PARENT_HBN,PARENT,4.87,3.448,6.785,GLOBAL_DISCRETE_CONFORMER_AND_H_REFINEMENT,False,False
P:1357,N,PARENT_HBN,PARENT,4.87,3.448,6.93,GLOBAL_DISCRETE_CONFORMER_AND_H_REFINEMENT,False,False
P:1358,B,PARENT_HBN,PARENT,4.896,3.697,6.785,GLOBAL_DISCRETE_CONFORMER_AND_H_REFINEMENT,False,False
P:1359,N,PARENT_HBN,PARENT,4.896,3.697,6.93,GLOBAL_DISCRETE_CONFORMER_AND_H_REFINEMENT,False,False
P:136,B,PARENT_HBN,PARENT,3.327,4.838,2.435,GLOBAL_DISCRETE_CONFORMER_AND_H_REFINEMENT,False,False
P:1360,B,PARENT_HBN,PARENT,4.87,3.947,6.785,GLOBAL_DISCRETE_CONFORMER_AND_H_REFINEMENT,False,False
P:1361,N,PARENT_HBN,PARENT,4.87,3.947,6.93,GLOBAL_DISCRETE_CONFORMER_AND_H_REFINEMENT,False,False
P:1362,B,PARENT_HBN,PARENT,4.793,4.185,6.785,GLOBAL_DISCRETE_CONFORMER_AND_H_REFINEMENT,False,False
P:1363,N,PARENT_HBN,PARENT,4.793,4.185,6.93,GLOBAL_DISCRETE_CONFORMER_AND_H_REFINEMENT,False,False
P:1364,B,PARENT_HBN,PARENT,4.667,4.402,6.785,GLOBAL_DISCRETE_CONFORMER_AND_H_REFINEMENT,False,False
P:1365,N,PARENT_HBN,PARENT,4.667,4.402,6.93,GLOBAL_DISCRETE_CONFORMER_AND_H_REFINEMENT,False,False
P:1366,B,PARENT_HBN,PARENT,4.5,4.588,6.785,GLOBAL_DISCRETE_CONFORMER_AND_H_REFINEMENT,False,False
P:1367,N,PARENT_HBN,PARENT,4.5,4.588,6.93,GLOBAL_DISCRETE_CONFORMER_AND_H_REFINEMENT,False,False
P:1368,B,PARENT_HBN,PARENT,4.297,4.736,6.785,GLOBAL_DISCRETE_CONFORMER_AND_H_REFINEMENT,False,False
P:1369,N,PARENT_HBN,PARENT,4.297,4.736,6.93,GLOBAL_DISCRETE_CONFORMER_AND_H_REFINEMENT,False,False
P:137,N,PARENT_HBN,PARENT,3.327,4.838,2.58,GLOBAL_DISCRETE_CONFORMER_AND_H_REFINEMENT,False,False
P:1370,B,PARENT_HBN,PARENT,4.068,4.838,6.785,GLOBAL_DISCRETE_CONFORMER_AND_H_REFINEMENT,False,False
P:1371,N,PARENT_HBN,PARENT,4.068,4.838,6.93,GLOBAL_DISCRETE_CONFORMER_AND_H_REFINEMENT,False,False
P:1372,B,PARENT_HBN,PARENT,3.823,4.89,6.785,GLOBAL_DISCRETE_CONFORMER_AND_H_REFINEMENT,False,False
P:1373,N,PARENT_HBN,PARENT,3.823,4.89,6.93,GLOBAL_DISCRETE_CONFORMER_AND_H_REFINEMENT,False,False
P:1374,B,PARENT_HBN,PARENT,3.572,4.89,6.785,GLOBAL_DISCRETE_CONFORMER_AND_H_REFINEMENT,False,False
P:1375,N,PARENT_HBN,PARENT,3.572,4.89,6.93,GLOBAL_DISCRETE_CONFORMER_AND_H_REFINEMENT,False,False
P:1376,B,PARENT_HBN,PARENT,3.327,4.838,6.785,GLOBAL_DISCRETE_CONFORMER_AND_H_REFINEMENT,False,False
P:1377,N,PARENT_HBN,PARENT,3.327,4.838,6.93,GLOBAL_DISCRETE_CONFORMER_AND_H_REFINEMENT,False,False
P:1378,B,PARENT_HBN,PARENT,3.098,4.736,6.785,GLOBAL_DISCRETE_CONFORMER_AND_H_REFINEMENT,False,False
P:1379,N,PARENT_HBN,PARENT,3.098,4.736,6.93,GLOBAL_DISCRETE_CONFORMER_AND_H_REFINEMENT,False,False
P:138,B,PARENT_HBN,PARENT,3.098,4.736,2.435,GLOBAL_DISCRETE_CONFORMER_AND_H_REFINEMENT,False,False
P:1380,B,PARENT_HBN,PARENT,2.806,4.5,7.002,GLOBAL_DISCRETE_CONFORMER_AND_H_REFINEMENT,False,False
P:1381,N,PARENT_HBN,PARENT,2.806,4.5,7.147,GLOBAL_DISCRETE_CONFORMER_AND_H_REFINEMENT,False,False
P:1382,B,PARENT_HBN,PARENT,2.659,4.297,7.002,GLOBAL_DISCRETE_CONFORMER_AND_H_REFINEMENT,False,False
P:1383,N,PARENT_HBN,PARENT,2.659,4.297,7.147,GLOBAL_DISCRETE_CONFORMER_AND_H_REFINEMENT,False,False
P:1384,B,PARENT_HBN,PARENT,2.557,4.068,7.002,GLOBAL_DISCRETE_CONFORMER_AND_H_REFINEMENT,False,False
P:1385,N,PARENT_HBN,PARENT,2.557,4.068,7.147,GLOBAL_DISCRETE_CONFORMER_AND_H_REFINEMENT,False,False
P:1386,B,PARENT_HBN,PARENT,2.505,3.823,7.002,GLOBAL_DISCRETE_CONFORMER_AND_H_REFINEMENT,False,False
P:1387,N,PARENT_HBN,PARENT,2.505,3.823,7.147,GLOBAL_DISCRETE_CONFORMER_AND_H_REFINEMENT,False,False
P:1388,B,PARENT_HBN,PARENT,2.505,3.572,7.002,GLOBAL_DISCRETE_CONFORMER_AND_H_REFINEMENT,False,False
P:1389,N,PARENT_HBN,PARENT,2.505,3.572,7.147,GLOBAL_DISCRETE_CONFORMER_AND_H_REFINEMENT,False,False
P:139,N,PARENT_HBN,PARENT,3.098,4.736,2.58,GLOBAL_DISCRETE_CONFORMER_AND_H_REFINEMENT,False,False
P:1390,B,PARENT_HBN,PARENT,2.557,3.327,7.002,GLOBAL_DISCRETE_CONFORMER_AND_H_REFINEMENT,False,False
P:1391,N,PARENT_HBN,PARENT,2.557,3.327,7.147,GLOBAL_DISCRETE_CONFORMER_AND_H_REFINEMENT,False,False
P:1392,B,PARENT_HBN,PARENT,2.659,3.098,7.002,GLOBAL_DISCRETE_CONFORMER_AND_H_REFINEMENT,False,False
P:1393,N,PARENT_HBN,PARENT,2.659,3.098,7.147,GLOBAL_DISCRETE_CONFORMER_AND_H_REFINEMENT,False,False
P:1394,B,PARENT_HBN,PARENT,2.806,2.895,7.002,GLOBAL_DISCRETE_CONFORMER_AND_H_REFINEMENT,False,False
P:1395,N,PARENT_HBN,PARENT,2.806,2.895,7.147,GLOBAL_DISCRETE_CONFORMER_AND_H_REFINEMENT,False,False
P:1396,B,PARENT_HBN,PARENT,2.992,2.727,7.002,GLOBAL_DISCRETE_CONFORMER_AND_H_REFINEMENT,False,False
P:1397,N,PARENT_HBN,PARENT,2.992,2.727,7.147,GLOBAL_DISCRETE_CONFORMER_AND_H_REFINEMENT,False,False
P:1398,B,PARENT_HBN,PARENT,3.21,2.602,7.002,GLOBAL_DISCRETE_CONFORMER_AND_H_REFINEMENT,False,False
P:1399,N,PARENT_HBN,PARENT,3.21,2.602,7.147,GLOBAL_DISCRETE_CONFORMER_AND_H_REFINEMENT,False,False
P:14,B,PARENT_HBN,PARENT,3.823,4.89,2.0,GLOBAL_DISCRETE_CONFORMER_AND_H_REFINEMENT,False,False
P:140,B,PARENT_HBN,PARENT,2.895,4.588,2.435,GLOBAL_DISCRETE_CONFORMER_AND_H_REFINEMENT,False,False
P:1400,B,PARENT_HBN,PARENT,3.448,2.524,7.002,GLOBAL_DISCRETE_CONFORMER_AND_H_REFINEMENT,False,False
P:1401,N,PARENT_HBN,PARENT,3.448,2.524,7.147,GLOBAL_DISCRETE_CONFORMER_AND_H_REFINEMENT,False,False
P:1402,B,PARENT_HBN,PARENT,3.697,2.498,7.002,GLOBAL_DISCRETE_CONFORMER_AND_H_REFINEMENT,False,False
P:1403,N,PARENT_HBN,PARENT,3.697,2.498,7.147,GLOBAL_DISCRETE_CONFORMER_AND_H_REFINEMENT,False,False
P:1404,B,PARENT_HBN,PARENT,3.947,2.524,7.002,GLOBAL_DISCRETE_CONFORMER_AND_H_REFINEMENT,False,False
P:1405,N,PARENT_HBN,PARENT,3.947,2.524,7.147,GLOBAL_DISCRETE_CONFORMER_AND_H_REFINEMENT,False,False
P:1406,B,PARENT_HBN,PARENT,4.185,2.602,7.002,GLOBAL_DISCRETE_CONFORMER_AND_H_REFINEMENT,False,False
P:1407,N,PARENT_HBN,PARENT,4.185,2.602,7.147,GLOBAL_DISCRETE_CONFORMER_AND_H_REFINEMENT,False,False
P:1408,B,PARENT_HBN,PARENT,4.402,2.727,7.002,GLOBAL_DISCRETE_CONFORMER_AND_H_REFINEMENT,False,False
P:1409,N,PARENT_HBN,PARENT,4.402,2.727,7.147,GLOBAL_DISCRETE_CONFORMER_AND_H_REFINEMENT,False,False
P:141,N,PARENT_HBN,PARENT,2.895,4.588,2.58,GLOBAL_DISCRETE_CONFORMER_AND_H_REFINEMENT,False,False
P:1410,B,PARENT_HBN,PARENT,4.588,2.895,7.002,GLOBAL_DISCRETE_CONFORMER_AND_H_REFINEMENT,False,False
P:1411,N,PARENT_HBN,PARENT,4.588,2.895,7.147,GLOBAL_DISCRETE_CONFORMER_AND_H_REFINEMENT,False,False
P:1412,B,PARENT_HBN,PARENT,4.736,3.098,7.002,GLOBAL_DISCRETE_CONFORMER_AND_H_REFINEMENT,False,False
P:1413,N,PARENT_HBN,PARENT,4.736,3.098,7.147,GLOBAL_DISCRETE_CONFORMER_AND_H_REFINEMENT,False,False
P:1414,B,PARENT_HBN,PARENT,4.838,3.327,7.002,GLOBAL_DISCRETE_CONFORMER_AND_H_REFINEMENT,False,False
P:1415,N,PARENT_HBN,PARENT,4.838,3.327,7.147,GLOBAL_DISCRETE_CONFORMER_AND_H_REFINEMENT,False,False
P:1416,B,PARENT_HBN,PARENT,4.89,3.572,7.002,GLOBAL_DISCRETE_CONFORMER_AND_H_REFINEMENT,False,False
P:1417,N,PARENT_HBN,PARENT,4.89,3.572,7.147,GLOBAL_DISCRETE_CONFORMER_AND_H_REFINEMENT,False,False
P:1418,B,PARENT_HBN,PARENT,4.89,3.823,7.002,GLOBAL_DISCRETE_CONFORMER_AND_H_REFINEMENT,False,False
P:1419,N,PARENT_HBN,PARENT,4.89,3.823,7.147,GLOBAL_DISCRETE_CONFORMER_AND_H_REFINEMENT,False,False
P:142,B,PARENT_HBN,PARENT,2.727,4.402,2.435,GLOBAL_DISCRETE_CONFORMER_AND_H_REFINEMENT,False,False
P:1420,B,PARENT_HBN,PARENT,4.838,4.068,7.002,GLOBAL_DISCRETE_CONFORMER_AND_H_REFINEMENT,False,False
P:1421,N,PARENT_HBN,PARENT,4.838,4.068,7.147,GLOBAL_DISCRETE_CONFORMER_AND_H_REFINEMENT,False,False
P:1422,B,PARENT_HBN,PARENT,4.736,4.297,7.002,GLOBAL_DISCRETE_CONFORMER_AND_H_REFINEMENT,False,False
P:1423,N,PARENT_HBN,PARENT,4.736,4.297,7.147,GLOBAL_DISCRETE_CONFORMER_AND_H_REFINEMENT,False,False
P:1424,B,PARENT_HBN,PARENT,4.588,4.5,7.002,GLOBAL_DISCRETE_CONFORMER_AND_H_REFINEMENT,False,False
P:1425,N,PARENT_HBN,PARENT,4.588,4.5,7.147,GLOBAL_DISCRETE_CONFORMER_AND_H_REFINEMENT,False,False
P:1426,B,PARENT_HBN,PARENT,4.402,4.667,7.002,GLOBAL_DISCRETE_CONFORMER_AND_H_REFINEMENT,False,False
P:1427,N,PARENT_HBN,PARENT,4.402,4.667,7.147,GLOBAL_DISCRETE_CONFORMER_AND_H_REFINEMENT,False,False
P:1428,B,PARENT_HBN,PARENT,4.185,4.793,7.002,GLOBAL_DISCRETE_CONFORMER_AND_H_REFINEMENT,False,False
P:1429,N,PARENT_HBN,PARENT,4.185,4.793,7.147,GLOBAL_DISCRETE_CONFORMER_AND_H_REFINEMENT,False,False
P:143,N,PARENT_HBN,PARENT,2.727,4.402,2.58,GLOBAL_DISCRETE_CONFORMER_AND_H_REFINEMENT,False,False
P:1430,B,PARENT_HBN,PARENT,3.947,4.87,7.002,GLOBAL_DISCRETE_CONFORMER_AND_H_REFINEMENT,False,False
P:1431,N,PARENT_HBN,PARENT,3.947,4.87,7.147,GLOBAL_DISCRETE_CONFORMER_AND_H_REFINEMENT,False,False
P:1432,B,PARENT_HBN,PARENT,3.697,4.896,7.002,GLOBAL_DISCRETE_CONFORMER_AND_H_REFINEMENT,False,False
P:1433,N,PARENT_HBN,PARENT,3.697,4.896,7.147,GLOBAL_DISCRETE_CONFORMER_AND_H_REFINEMENT,False,False
P:1434,B,PARENT_HBN,PARENT,3.448,4.87,7.002,GLOBAL_DISCRETE_CONFORMER_AND_H_REFINEMENT,False,False
P:1435,N,PARENT_HBN,PARENT,3.448,4.87,7.147,GLOBAL_DISCRETE_CONFORMER_AND_H_REFINEMENT,False,False
P:1436,B,PARENT_HBN,PARENT,3.21,4.793,7.002,GLOBAL_DISCRETE_CONFORMER_AND_H_REFINEMENT,False,False
P:1437,N,PARENT_HBN,PARENT,3.21,4.793,7.147,GLOBAL_DISCRETE_CONFORMER_AND_H_REFINEMENT,False,False
P:1438,B,PARENT_HBN,PARENT,2.992,4.667,7.002,GLOBAL_DISCRETE_CONFORMER_AND_H_REFINEMENT,False,False
P:1439,N,PARENT_HBN,PARENT,2.992,4.667,7.147,GLOBAL_DISCRETE_CONFORMER_AND_H_REFINEMENT,False,False
P:144,B,PARENT_HBN,PARENT,2.602,4.185,2.435,GLOBAL_DISCRETE_CONFORMER_AND_H_REFINEMENT,False,False
P:1440,B,PARENT_HBN,PARENT,2.727,4.402,7.22,GLOBAL_DISCRETE_CONFORMER_AND_H_REFINEMENT,False,False
P:1441,N,PARENT_HBN,PARENT,2.727,4.402,7.365,GLOBAL_DISCRETE_CONFORMER_AND_H_REFINEMENT,False,False
P:1442,B,PARENT_HBN,PARENT,2.602,4.185,7.22,GLOBAL_DISCRETE_CONFORMER_AND_H_REFINEMENT,False,False
P:1443,N,PARENT_HBN,PARENT,2.602,4.185,7.365,GLOBAL_DISCRETE_CONFORMER_AND_H_REFINEMENT,False,False
P:1444,B,PARENT_HBN,PARENT,2.524,3.947,7.22,GLOBAL_DISCRETE_CONFORMER_AND_H_REFINEMENT,False,False
P:1445,N,PARENT_HBN,PARENT,2.524,3.947,7.365,GLOBAL_DISCRETE_CONFORMER_AND_H_REFINEMENT,False,False
P:1446,B,PARENT_HBN,PARENT,2.498,3.697,7.22,GLOBAL_DISCRETE_CONFORMER_AND_H_REFINEMENT,False,False
P:1447,N,PARENT_HBN,PARENT,2.498,3.697,7.365,GLOBAL_DISCRETE_CONFORMER_AND_H_REFINEMENT,False,False
P:1448,B,PARENT_HBN,PARENT,2.524,3.448,7.22,GLOBAL_DISCRETE_CONFORMER_AND_H_REFINEMENT,False,False
P:1449,N,PARENT_HBN,PARENT,2.524,3.448,7.365,GLOBAL_DISCRETE_CONFORMER_AND_H_REFINEMENT,False,False
P:145,N,PARENT_HBN,PARENT,2.602,4.185,2.58,GLOBAL_DISCRETE_CONFORMER_AND_H_REFINEMENT,False,False
P:1450,B,PARENT_HBN,PARENT,2.602,3.21,7.22,GLOBAL_DISCRETE_CONFORMER_AND_H_REFINEMENT,False,False
P:1451,N,PARENT_HBN,PARENT,2.602,3.21,7.365,GLOBAL_DISCRETE_CONFORMER_AND_H_REFINEMENT,False,False
P:1452,B,PARENT_HBN,PARENT,2.727,2.992,7.22,GLOBAL_DISCRETE_CONFORMER_AND_H_REFINEMENT,False,False
P:1453,N,PARENT_HBN,PARENT,2.727,2.992,7.365,GLOBAL_DISCRETE_CONFORMER_AND_H_REFINEMENT,False,False
P:1454,B,PARENT_HBN,PARENT,2.895,2.806,7.22,GLOBAL_DISCRETE_CONFORMER_AND_H_REFINEMENT,False,False
P:1455,N,PARENT_HBN,PARENT,2.895,2.806,7.365,GLOBAL_DISCRETE_CONFORMER_AND_H_REFINEMENT,False,False
P:1456,B,PARENT_HBN,PARENT,3.098,2.659,7.22,GLOBAL_DISCRETE_CONFORMER_AND_H_REFINEMENT,False,False
P:1457,N,PARENT_HBN,PARENT,3.098,2.659,7.365,GLOBAL_DISCRETE_CONFORMER_AND_H_REFINEMENT,False,False
P:1458,B,PARENT_HBN,PARENT,3.327,2.557,7.22,GLOBAL_DISCRETE_CONFORMER_AND_H_REFINEMENT,False,False
P:1459,N,PARENT_HBN,PARENT,3.327,2.557,7.365,GLOBAL_DISCRETE_CONFORMER_AND_H_REFINEMENT,False,False
P:146,B,PARENT_HBN,PARENT,2.524,3.947,2.435,GLOBAL_DISCRETE_CONFORMER_AND_H_REFINEMENT,False,False
P:1460,B,PARENT_HBN,PARENT,3.572,2.505,7.22,GLOBAL_DISCRETE_CONFORMER_AND_H_REFINEMENT,False,False
P:1461,N,PARENT_HBN,PARENT,3.572,2.505,7.365,GLOBAL_DISCRETE_CONFORMER_AND_H_REFINEMENT,False,False
P:1462,B,PARENT_HBN,PARENT,3.823,2.505,7.22,GLOBAL_DISCRETE_CONFORMER_AND_H_REFINEMENT,False,False
P:1463,N,PARENT_HBN,PARENT,3.823,2.505,7.365,GLOBAL_DISCRETE_CONFORMER_AND_H_REFINEMENT,False,False
P:1464,B,PARENT_HBN,PARENT,4.068,2.557,7.22,GLOBAL_DISCRETE_CONFORMER_AND_H_REFINEMENT,False,False
P:1465,N,PARENT_HBN,PARENT,4.068,2.557,7.365,GLOBAL_DISCRETE_CONFORMER_AND_H_REFINEMENT,False,False
P:1466,B,PARENT_HBN,PARENT,4.297,2.659,7.22,GLOBAL_DISCRETE_CONFORMER_AND_H_REFINEMENT,False,False
P:1467,N,PARENT_HBN,PARENT,4.297,2.659,7.365,GLOBAL_DISCRETE_CONFORMER_AND_H_REFINEMENT,False,False
P:1468,B,PARENT_HBN,PARENT,4.5,2.806,7.22,GLOBAL_DISCRETE_CONFORMER_AND_H_REFINEMENT,False,False
P:1469,N,PARENT_HBN,PARENT,4.5,2.806,7.365,GLOBAL_DISCRETE_CONFORMER_AND_H_REFINEMENT,False,False
P:147,N,PARENT_HBN,PARENT,2.524,3.947,2.58,GLOBAL_DISCRETE_CONFORMER_AND_H_REFINEMENT,False,False
P:1470,B,PARENT_HBN,PARENT,4.667,2.992,7.22,GLOBAL_DISCRETE_CONFORMER_AND_H_REFINEMENT,False,False
P:1471,N,PARENT_HBN,PARENT,4.667,2.992,7.365,GLOBAL_DISCRETE_CONFORMER_AND_H_REFINEMENT,False,False
P:1472,B,PARENT_HBN,PARENT,4.793,3.21,7.22,GLOBAL_DISCRETE_CONFORMER_AND_H_REFINEMENT,False,False
P:1473,N,PARENT_HBN,PARENT,4.793,3.21,7.365,GLOBAL_DISCRETE_CONFORMER_AND_H_REFINEMENT,False,False
P:1474,B,PARENT_HBN,PARENT,4.87,3.448,7.22,GLOBAL_DISCRETE_CONFORMER_AND_H_REFINEMENT,False,False
P:1475,N,PARENT_HBN,PARENT,4.87,3.448,7.365,GLOBAL_DISCRETE_CONFORMER_AND_H_REFINEMENT,False,False
P:1476,B,PARENT_HBN,PARENT,4.896,3.697,7.22,GLOBAL_DISCRETE_CONFORMER_AND_H_REFINEMENT,False,False
P:1477,N,PARENT_HBN,PARENT,4.896,3.697,7.365,GLOBAL_DISCRETE_CONFORMER_AND_H_REFINEMENT,False,False
P:1478,B,PARENT_HBN,PARENT,4.87,3.947,7.22,GLOBAL_DISCRETE_CONFORMER_AND_H_REFINEMENT,False,False
P:1479,N,PARENT_HBN,PARENT,4.87,3.947,7.365,GLOBAL_DISCRETE_CONFORMER_AND_H_REFINEMENT,False,False
P:148,B,PARENT_HBN,PARENT,2.498,3.697,2.435,GLOBAL_DISCRETE_CONFORMER_AND_H_REFINEMENT,False,False
P:1480,B,PARENT_HBN,PARENT,4.793,4.185,7.22,GLOBAL_DISCRETE_CONFORMER_AND_H_REFINEMENT,False,False
P:1481,N,PARENT_HBN,PARENT,4.793,4.185,7.365,GLOBAL_DISCRETE_CONFORMER_AND_H_REFINEMENT,False,False
P:1482,B,PARENT_HBN,PARENT,4.667,4.402,7.22,GLOBAL_DISCRETE_CONFORMER_AND_H_REFINEMENT,False,False
P:1483,N,PARENT_HBN,PARENT,4.667,4.402,7.365,GLOBAL_DISCRETE_CONFORMER_AND_H_REFINEMENT,False,False
P:1484,B,PARENT_HBN,PARENT,4.5,4.588,7.22,GLOBAL_DISCRETE_CONFORMER_AND_H_REFINEMENT,False,False
P:1485,N,PARENT_HBN,PARENT,4.5,4.588,7.365,GLOBAL_DISCRETE_CONFORMER_AND_H_REFINEMENT,False,False
P:1486,B,PARENT_HBN,PARENT,4.297,4.736,7.22,GLOBAL_DISCRETE_CONFORMER_AND_H_REFINEMENT,False,False
P:1487,N,PARENT_HBN,PARENT,4.297,4.736,7.365,GLOBAL_DISCRETE_CONFORMER_AND_H_REFINEMENT,False,False
P:1488,B,PARENT_HBN,PARENT,4.068,4.838,7.22,GLOBAL_DISCRETE_CONFORMER_AND_H_REFINEMENT,False,False
P:1489,N,PARENT_HBN,PARENT,4.068,4.838,7.365,GLOBAL_DISCRETE_CONFORMER_AND_H_REFINEMENT,False,False
P:149,N,PARENT_HBN,PARENT,2.498,3.697,2.58,GLOBAL_DISCRETE_CONFORMER_AND_H_REFINEMENT,False,False
P:1490,B,PARENT_HBN,PARENT,3.823,4.89,7.22,GLOBAL_DISCRETE_CONFORMER_AND_H_REFINEMENT,False,False
P:1491,N,PARENT_HBN,PARENT,3.823,4.89,7.365,GLOBAL_DISCRETE_CONFORMER_AND_H_REFINEMENT,False,False
P:1492,B,PARENT_HBN,PARENT,3.572,4.89,7.22,GLOBAL_DISCRETE_CONFORMER_AND_H_REFINEMENT,False,False
P:1493,N,PARENT_HBN,PARENT,3.572,4.89,7.365,GLOBAL_DISCRETE_CONFORMER_AND_H_REFINEMENT,False,False
P:1494,B,PARENT_HBN,PARENT,3.327,4.838,7.22,GLOBAL_DISCRETE_CONFORMER_AND_H_REFINEMENT,False,False
P:1495,N,PARENT_HBN,PARENT,3.327,4.838,7.365,GLOBAL_DISCRETE_CONFORMER_AND_H_REFINEMENT,False,False
P:1496,B,PARENT_HBN,PARENT,3.098,4.736,7.22,GLOBAL_DISCRETE_CONFORMER_AND_H_REFINEMENT,False,False
P:1497,N,PARENT_HBN,PARENT,3.098,4.736,7.365,GLOBAL_DISCRETE_CONFORMER_AND_H_REFINEMENT,False,False
P:1498,B,PARENT_HBN,PARENT,2.895,4.588,7.22,GLOBAL_DISCRETE_CONFORMER_AND_H_REFINEMENT,False,False
P:1499,N,PARENT_HBN,PARENT,2.895,4.588,7.365,GLOBAL_DISCRETE_CONFORMER_AND_H_REFINEMENT,False,False
P:15,N,PARENT_HBN,PARENT,3.823,4.89,2.145,GLOBAL_DISCRETE_CONFORMER_AND_H_REFINEMENT,False,False
P:150,B,PARENT_HBN,PARENT,2.524,3.448,2.435,GLOBAL_DISCRETE_CONFORMER_AND_H_REFINEMENT,False,False
P:1500,B,PARENT_HBN,PARENT,2.659,4.297,7.438,GLOBAL_DISCRETE_CONFORMER_AND_H_REFINEMENT,False,False
P:1501,N,PARENT_HBN,PARENT,2.659,4.297,7.583,GLOBAL_DISCRETE_CONFORMER_AND_H_REFINEMENT,False,False
P:1502,B,PARENT_HBN,PARENT,2.557,4.068,7.438,GLOBAL_DISCRETE_CONFORMER_AND_H_REFINEMENT,False,False
P:1503,N,PARENT_HBN,PARENT,2.557,4.068,7.583,GLOBAL_DISCRETE_CONFORMER_AND_H_REFINEMENT,False,False
P:1504,B,PARENT_HBN,PARENT,2.505,3.823,7.438,GLOBAL_DISCRETE_CONFORMER_AND_H_REFINEMENT,False,False
P:1505,N,PARENT_HBN,PARENT,2.505,3.823,7.583,GLOBAL_DISCRETE_CONFORMER_AND_H_REFINEMENT,False,False
P:1506,B,PARENT_HBN,PARENT,2.505,3.572,7.438,GLOBAL_DISCRETE_CONFORMER_AND_H_REFINEMENT,False,False
P:1507,N,PARENT_HBN,PARENT,2.505,3.572,7.583,GLOBAL_DISCRETE_CONFORMER_AND_H_REFINEMENT,False,False
P:1508,B,PARENT_HBN,PARENT,2.557,3.327,7.438,GLOBAL_DISCRETE_CONFORMER_AND_H_REFINEMENT,False,False
P:1509,N,PARENT_HBN,PARENT,2.557,3.327,7.583,GLOBAL_DISCRETE_CONFORMER_AND_H_REFINEMENT,False,False
P:151,N,PARENT_HBN,PARENT,2.524,3.448,2.58,GLOBAL_DISCRETE_CONFORMER_AND_H_REFINEMENT,False,False
P:1510,B,PARENT_HBN,PARENT,2.659,3.098,7.438,GLOBAL_DISCRETE_CONFORMER_AND_H_REFINEMENT,False,False
P:1511,N,PARENT_HBN,PARENT,2.659,3.098,7.583,GLOBAL_DISCRETE_CONFORMER_AND_H_REFINEMENT,False,False
P:1512,B,PARENT_HBN,PARENT,2.806,2.895,7.438,GLOBAL_DISCRETE_CONFORMER_AND_H_REFINEMENT,False,False
P:1513,N,PARENT_HBN,PARENT,2.806,2.895,7.583,GLOBAL_DISCRETE_CONFORMER_AND_H_REFINEMENT,False,False
P:1514,B,PARENT_HBN,PARENT,2.992,2.727,7.438,GLOBAL_DISCRETE_CONFORMER_AND_H_REFINEMENT,False,False
P:1515,N,PARENT_HBN,PARENT,2.992,2.727,7.583,GLOBAL_DISCRETE_CONFORMER_AND_H_REFINEMENT,False,False
P:1516,B,PARENT_HBN,PARENT,3.21,2.602,7.438,GLOBAL_DISCRETE_CONFORMER_AND_H_REFINEMENT,False,False
P:1517,N,PARENT_HBN,PARENT,3.21,2.602,7.583,GLOBAL_DISCRETE_CONFORMER_AND_H_REFINEMENT,False,False
P:1518,B,PARENT_HBN,PARENT,3.448,2.524,7.438,GLOBAL_DISCRETE_CONFORMER_AND_H_REFINEMENT,False,False
P:1519,N,PARENT_HBN,PARENT,3.448,2.524,7.583,GLOBAL_DISCRETE_CONFORMER_AND_H_REFINEMENT,False,False
P:152,B,PARENT_HBN,PARENT,2.602,3.21,2.435,GLOBAL_DISCRETE_CONFORMER_AND_H_REFINEMENT,False,False
P:1520,B,PARENT_HBN,PARENT,3.697,2.498,7.438,GLOBAL_DISCRETE_CONFORMER_AND_H_REFINEMENT,False,False
P:1521,N,PARENT_HBN,PARENT,3.697,2.498,7.583,GLOBAL_DISCRETE_CONFORMER_AND_H_REFINEMENT,False,False
P:1522,B,PARENT_HBN,PARENT,3.947,2.524,7.438,GLOBAL_DISCRETE_CONFORMER_AND_H_REFINEMENT,False,False
P:1523,N,PARENT_HBN,PARENT,3.947,2.524,7.583,GLOBAL_DISCRETE_CONFORMER_AND_H_REFINEMENT,False,False
P:1524,B,PARENT_HBN,PARENT,4.185,2.602,7.438,GLOBAL_DISCRETE_CONFORMER_AND_H_REFINEMENT,False,False
P:1525,N,PARENT_HBN,PARENT,4.185,2.602,7.583,GLOBAL_DISCRETE_CONFORMER_AND_H_REFINEMENT,False,False
P:1526,B,PARENT_HBN,PARENT,4.402,2.727,7.438,GLOBAL_DISCRETE_CONFORMER_AND_H_REFINEMENT,False,False
P:1527,N,PARENT_HBN,PARENT,4.402,2.727,7.583,GLOBAL_DISCRETE_CONFORMER_AND_H_REFINEMENT,False,False
P:1528,B,PARENT_HBN,PARENT,4.588,2.895,7.438,GLOBAL_DISCRETE_CONFORMER_AND_H_REFINEMENT,False,False
P:1529,N,PARENT_HBN,PARENT,4.588,2.895,7.583,GLOBAL_DISCRETE_CONFORMER_AND_H_REFINEMENT,False,False
P:153,N,PARENT_HBN,PARENT,2.602,3.21,2.58,GLOBAL_DISCRETE_CONFORMER_AND_H_REFINEMENT,False,False
P:1530,B,PARENT_HBN,PARENT,4.736,3.098,7.438,GLOBAL_DISCRETE_CONFORMER_AND_H_REFINEMENT,False,False
P:1531,N,PARENT_HBN,PARENT,4.736,3.098,7.583,GLOBAL_DISCRETE_CONFORMER_AND_H_REFINEMENT,False,False
P:1532,B,PARENT_HBN,PARENT,4.838,3.327,7.438,GLOBAL_DISCRETE_CONFORMER_AND_H_REFINEMENT,False,False
P:1533,N,PARENT_HBN,PARENT,4.838,3.327,7.583,GLOBAL_DISCRETE_CONFORMER_AND_H_REFINEMENT,False,False
P:1534,B,PARENT_HBN,PARENT,4.89,3.572,7.438,GLOBAL_DISCRETE_CONFORMER_AND_H_REFINEMENT,False,False
P:1535,N,PARENT_HBN,PARENT,4.89,3.572,7.583,GLOBAL_DISCRETE_CONFORMER_AND_H_REFINEMENT,False,False
P:1536,B,PARENT_HBN,PARENT,4.89,3.823,7.438,GLOBAL_DISCRETE_CONFORMER_AND_H_REFINEMENT,False,False
P:1537,N,PARENT_HBN,PARENT,4.89,3.823,7.583,GLOBAL_DISCRETE_CONFORMER_AND_H_REFINEMENT,False,False
P:1538,B,PARENT_HBN,PARENT,4.838,4.068,7.438,GLOBAL_DISCRETE_CONFORMER_AND_H_REFINEMENT,False,False
P:1539,N,PARENT_HBN,PARENT,4.838,4.068,7.583,GLOBAL_DISCRETE_CONFORMER_AND_H_REFINEMENT,False,False
P:154,B,PARENT_HBN,PARENT,2.727,2.992,2.435,GLOBAL_DISCRETE_CONFORMER_AND_H_REFINEMENT,False,False
P:1540,B,PARENT_HBN,PARENT,4.736,4.297,7.438,GLOBAL_DISCRETE_CONFORMER_AND_H_REFINEMENT,False,False
P:1541,N,PARENT_HBN,PARENT,4.736,4.297,7.583,GLOBAL_DISCRETE_CONFORMER_AND_H_REFINEMENT,False,False
P:1542,B,PARENT_HBN,PARENT,4.588,4.5,7.438,GLOBAL_DISCRETE_CONFORMER_AND_H_REFINEMENT,False,False
P:1543,N,PARENT_HBN,PARENT,4.588,4.5,7.583,GLOBAL_DISCRETE_CONFORMER_AND_H_REFINEMENT,False,False
P:1544,B,PARENT_HBN,PARENT,4.402,4.667,7.438,GLOBAL_DISCRETE_CONFORMER_AND_H_REFINEMENT,False,False
P:1545,N,PARENT_HBN,PARENT,4.402,4.667,7.583,GLOBAL_DISCRETE_CONFORMER_AND_H_REFINEMENT,False,False
P:1546,B,PARENT_HBN,PARENT,4.185,4.793,7.438,GLOBAL_DISCRETE_CONFORMER_AND_H_REFINEMENT,False,False
P:1547,N,PARENT_HBN,PARENT,4.185,4.793,7.583,GLOBAL_DISCRETE_CONFORMER_AND_H_REFINEMENT,False,False
P:1548,B,PARENT_HBN,PARENT,3.947,4.87,7.438,GLOBAL_DISCRETE_CONFORMER_AND_H_REFINEMENT,False,False
P:1549,N,PARENT_HBN,PARENT,3.947,4.87,7.583,GLOBAL_DISCRETE_CONFORMER_AND_H_REFINEMENT,False,False
P:155,N,PARENT_HBN,PARENT,2.727,2.992,2.58,GLOBAL_DISCRETE_CONFORMER_AND_H_REFINEMENT,False,False
P:1550,B,PARENT_HBN,PARENT,3.697,4.896,7.438,GLOBAL_DISCRETE_CONFORMER_AND_H_REFINEMENT,False,False
P:1551,N,PARENT_HBN,PARENT,3.697,4.896,7.583,GLOBAL_DISCRETE_CONFORMER_AND_H_REFINEMENT,False,False
P:1552,B,PARENT_HBN,PARENT,3.448,4.87,7.438,GLOBAL_DISCRETE_CONFORMER_AND_H_REFINEMENT,False,False
P:1553,N,PARENT_HBN,PARENT,3.448,4.87,7.583,GLOBAL_DISCRETE_CONFORMER_AND_H_REFINEMENT,False,False
P:1554,B,PARENT_HBN,PARENT,3.21,4.793,7.438,GLOBAL_DISCRETE_CONFORMER_AND_H_REFINEMENT,False,False
P:1555,N,PARENT_HBN,PARENT,3.21,4.793,7.583,GLOBAL_DISCRETE_CONFORMER_AND_H_REFINEMENT,False,False
P:1556,B,PARENT_HBN,PARENT,2.992,4.667,7.438,GLOBAL_DISCRETE_CONFORMER_AND_H_REFINEMENT,False,False
P:1557,N,PARENT_HBN,PARENT,2.992,4.667,7.583,GLOBAL_DISCRETE_CONFORMER_AND_H_REFINEMENT,False,False
P:1558,B,PARENT_HBN,PARENT,2.806,4.5,7.438,GLOBAL_DISCRETE_CONFORMER_AND_H_REFINEMENT,False,False
P:1559,N,PARENT_HBN,PARENT,2.806,4.5,7.583,GLOBAL_DISCRETE_CONFORMER_AND_H_REFINEMENT,False,False
P:156,B,PARENT_HBN,PARENT,2.895,2.806,2.435,GLOBAL_DISCRETE_CONFORMER_AND_H_REFINEMENT,False,False
P:1560,B,PARENT_HBN,PARENT,2.602,4.185,7.655,GLOBAL_DISCRETE_CONFORMER_AND_H_REFINEMENT,False,False
P:1561,N,PARENT_HBN,PARENT,2.602,4.185,7.8,GLOBAL_DISCRETE_CONFORMER_AND_H_REFINEMENT,False,False
P:1562,B,PARENT_HBN,PARENT,2.524,3.947,7.655,GLOBAL_DISCRETE_CONFORMER_AND_H_REFINEMENT,False,False
P:1563,N,PARENT_HBN,PARENT,2.524,3.947,7.8,GLOBAL_DISCRETE_CONFORMER_AND_H_REFINEMENT,False,False
P:1564,B,PARENT_HBN,PARENT,2.498,3.697,7.655,GLOBAL_DISCRETE_CONFORMER_AND_H_REFINEMENT,False,False
P:1565,N,PARENT_HBN,PARENT,2.498,3.697,7.8,GLOBAL_DISCRETE_CONFORMER_AND_H_REFINEMENT,False,False
P:1566,B,PARENT_HBN,PARENT,2.524,3.448,7.655,GLOBAL_DISCRETE_CONFORMER_AND_H_REFINEMENT,False,False
P:1567,N,PARENT_HBN,PARENT,2.524,3.448,7.8,GLOBAL_DISCRETE_CONFORMER_AND_H_REFINEMENT,False,False
P:1568,B,PARENT_HBN,PARENT,2.602,3.21,7.655,GLOBAL_DISCRETE_CONFORMER_AND_H_REFINEMENT,False,False
P:1569,N,PARENT_HBN,PARENT,2.602,3.21,7.8,GLOBAL_DISCRETE_CONFORMER_AND_H_REFINEMENT,False,False
P:157,N,PARENT_HBN,PARENT,2.895,2.806,2.58,GLOBAL_DISCRETE_CONFORMER_AND_H_REFINEMENT,False,False
P:1570,B,PARENT_HBN,PARENT,2.727,2.992,7.655,GLOBAL_DISCRETE_CONFORMER_AND_H_REFINEMENT,False,False
P:1571,N,PARENT_HBN,PARENT,2.727,2.992,7.8,GLOBAL_DISCRETE_CONFORMER_AND_H_REFINEMENT,False,False
P:1572,B,PARENT_HBN,PARENT,2.895,2.806,7.655,GLOBAL_DISCRETE_CONFORMER_AND_H_REFINEMENT,False,False
P:1573,N,PARENT_HBN,PARENT,2.895,2.806,7.8,GLOBAL_DISCRETE_CONFORMER_AND_H_REFINEMENT,False,False
P:1574,B,PARENT_HBN,PARENT,3.098,2.659,7.655,GLOBAL_DISCRETE_CONFORMER_AND_H_REFINEMENT,False,False
P:1575,N,PARENT_HBN,PARENT,3.098,2.659,7.8,GLOBAL_DISCRETE_CONFORMER_AND_H_REFINEMENT,False,False
P:1576,B,PARENT_HBN,PARENT,3.327,2.557,7.655,GLOBAL_DISCRETE_CONFORMER_AND_H_REFINEMENT,False,False
P:1577,N,PARENT_HBN,PARENT,3.327,2.557,7.8,GLOBAL_DISCRETE_CONFORMER_AND_H_REFINEMENT,False,False
P:1578,B,PARENT_HBN,PARENT,3.572,2.505,7.655,GLOBAL_DISCRETE_CONFORMER_AND_H_REFINEMENT,False,False
P:1579,N,PARENT_HBN,PARENT,3.572,2.505,7.8,GLOBAL_DISCRETE_CONFORMER_AND_H_REFINEMENT,False,False
P:158,B,PARENT_HBN,PARENT,3.098,2.659,2.435,GLOBAL_DISCRETE_CONFORMER_AND_H_REFINEMENT,False,False
P:1580,B,PARENT_HBN,PARENT,3.823,2.505,7.655,GLOBAL_DISCRETE_CONFORMER_AND_H_REFINEMENT,False,False
P:1581,N,PARENT_HBN,PARENT,3.823,2.505,7.8,GLOBAL_DISCRETE_CONFORMER_AND_H_REFINEMENT,False,False
P:1582,B,PARENT_HBN,PARENT,4.068,2.557,7.655,GLOBAL_DISCRETE_CONFORMER_AND_H_REFINEMENT,False,False
P:1583,N,PARENT_HBN,PARENT,4.068,2.557,7.8,GLOBAL_DISCRETE_CONFORMER_AND_H_REFINEMENT,False,False
P:1584,B,PARENT_HBN,PARENT,4.297,2.659,7.655,GLOBAL_DISCRETE_CONFORMER_AND_H_REFINEMENT,False,False
P:1585,N,PARENT_HBN,PARENT,4.297,2.659,7.8,GLOBAL_DISCRETE_CONFORMER_AND_H_REFINEMENT,False,False
P:1586,B,PARENT_HBN,PARENT,4.5,2.806,7.655,GLOBAL_DISCRETE_CONFORMER_AND_H_REFINEMENT,False,False
P:1587,N,PARENT_HBN,PARENT,4.5,2.806,7.8,GLOBAL_DISCRETE_CONFORMER_AND_H_REFINEMENT,False,False
P:1588,B,PARENT_HBN,PARENT,4.667,2.992,7.655,GLOBAL_DISCRETE_CONFORMER_AND_H_REFINEMENT,False,False
P:1589,N,PARENT_HBN,PARENT,4.667,2.992,7.8,GLOBAL_DISCRETE_CONFORMER_AND_H_REFINEMENT,False,False
P:159,N,PARENT_HBN,PARENT,3.098,2.659,2.58,GLOBAL_DISCRETE_CONFORMER_AND_H_REFINEMENT,False,False
P:1590,B,PARENT_HBN,PARENT,4.793,3.21,7.655,GLOBAL_DISCRETE_CONFORMER_AND_H_REFINEMENT,False,False
P:1591,N,PARENT_HBN,PARENT,4.793,3.21,7.8,GLOBAL_DISCRETE_CONFORMER_AND_H_REFINEMENT,False,False
P:1592,B,PARENT_HBN,PARENT,4.87,3.448,7.655,GLOBAL_DISCRETE_CONFORMER_AND_H_REFINEMENT,False,False
P:1593,N,PARENT_HBN,PARENT,4.87,3.448,7.8,GLOBAL_DISCRETE_CONFORMER_AND_H_REFINEMENT,False,False
P:1594,B,PARENT_HBN,PARENT,4.896,3.697,7.655,GLOBAL_DISCRETE_CONFORMER_AND_H_REFINEMENT,False,False
P:1595,N,PARENT_HBN,PARENT,4.896,3.697,7.8,GLOBAL_DISCRETE_CONFORMER_AND_H_REFINEMENT,False,False
P:1596,B,PARENT_HBN,PARENT,4.87,3.947,7.655,GLOBAL_DISCRETE_CONFORMER_AND_H_REFINEMENT,False,False
P:1597,N,PARENT_HBN,PARENT,4.87,3.947,7.8,GLOBAL_DISCRETE_CONFORMER_AND_H_REFINEMENT,False,False
P:1598,B,PARENT_HBN,PARENT,4.793,4.185,7.655,GLOBAL_DISCRETE_CONFORMER_AND_H_REFINEMENT,False,False
P:1599,N,PARENT_HBN,PARENT,4.793,4.185,7.8,GLOBAL_DISCRETE_CONFORMER_AND_H_REFINEMENT,False,False
P:16,B,PARENT_HBN,PARENT,3.572,4.89,2.0,GLOBAL_DISCRETE_CONFORMER_AND_H_REFINEMENT,False,False
P:160,B,PARENT_HBN,PARENT,3.327,2.557,2.435,GLOBAL_DISCRETE_CONFORMER_AND_H_REFINEMENT,False,False
P:1600,B,PARENT_HBN,PARENT,4.667,4.402,7.655,GLOBAL_DISCRETE_CONFORMER_AND_H_REFINEMENT,False,False
P:1601,N,PARENT_HBN,PARENT,4.667,4.402,7.8,GLOBAL_DISCRETE_CONFORMER_AND_H_REFINEMENT,False,False
P:1602,B,PARENT_HBN,PARENT,4.5,4.588,7.655,GLOBAL_DISCRETE_CONFORMER_AND_H_REFINEMENT,False,False
P:1603,N,PARENT_HBN,PARENT,4.5,4.588,7.8,GLOBAL_DISCRETE_CONFORMER_AND_H_REFINEMENT,False,False
P:1604,B,PARENT_HBN,PARENT,4.297,4.736,7.655,GLOBAL_DISCRETE_CONFORMER_AND_H_REFINEMENT,False,False
P:1605,N,PARENT_HBN,PARENT,4.297,4.736,7.8,GLOBAL_DISCRETE_CONFORMER_AND_H_REFINEMENT,False,False
P:1606,B,PARENT_HBN,PARENT,4.068,4.838,7.655,GLOBAL_DISCRETE_CONFORMER_AND_H_REFINEMENT,False,False
P:1607,N,PARENT_HBN,PARENT,4.068,4.838,7.8,GLOBAL_DISCRETE_CONFORMER_AND_H_REFINEMENT,False,False
P:1608,B,PARENT_HBN,PARENT,3.823,4.89,7.655,GLOBAL_DISCRETE_CONFORMER_AND_H_REFINEMENT,False,False
P:1609,N,PARENT_HBN,PARENT,3.823,4.89,7.8,GLOBAL_DISCRETE_CONFORMER_AND_H_REFINEMENT,False,False
P:161,N,PARENT_HBN,PARENT,3.327,2.557,2.58,GLOBAL_DISCRETE_CONFORMER_AND_H_REFINEMENT,False,False
P:1610,B,PARENT_HBN,PARENT,3.572,4.89,7.655,GLOBAL_DISCRETE_CONFORMER_AND_H_REFINEMENT,False,False
P:1611,N,PARENT_HBN,PARENT,3.572,4.89,7.8,GLOBAL_DISCRETE_CONFORMER_AND_H_REFINEMENT,False,False
P:1612,B,PARENT_HBN,PARENT,3.327,4.838,7.655,GLOBAL_DISCRETE_CONFORMER_AND_H_REFINEMENT,False,False
P:1613,N,PARENT_HBN,PARENT,3.327,4.838,7.8,GLOBAL_DISCRETE_CONFORMER_AND_H_REFINEMENT,False,False
P:1614,B,PARENT_HBN,PARENT,3.098,4.736,7.655,GLOBAL_DISCRETE_CONFORMER_AND_H_REFINEMENT,False,False
P:1615,N,PARENT_HBN,PARENT,3.098,4.736,7.8,GLOBAL_DISCRETE_CONFORMER_AND_H_REFINEMENT,False,False
P:1616,B,PARENT_HBN,PARENT,2.895,4.588,7.655,GLOBAL_DISCRETE_CONFORMER_AND_H_REFINEMENT,False,False
P:1617,N,PARENT_HBN,PARENT,2.895,4.588,7.8,GLOBAL_DISCRETE_CONFORMER_AND_H_REFINEMENT,False,False
P:1618,B,PARENT_HBN,PARENT,2.727,4.402,7.655,GLOBAL_DISCRETE_CONFORMER_AND_H_REFINEMENT,False,False
P:1619,N,PARENT_HBN,PARENT,2.727,4.402,7.8,GLOBAL_DISCRETE_CONFORMER_AND_H_REFINEMENT,False,False
P:162,B,PARENT_HBN,PARENT,3.572,2.505,2.435,GLOBAL_DISCRETE_CONFORMER_AND_H_REFINEMENT,False,False
P:1620,B,PARENT_HBN,PARENT,2.557,4.068,7.873,GLOBAL_DISCRETE_CONFORMER_AND_H_REFINEMENT,False,False
P:1621,N,PARENT_HBN,PARENT,2.557,4.068,8.018,GLOBAL_DISCRETE_CONFORMER_AND_H_REFINEMENT,False,False
P:1622,B,PARENT_HBN,PARENT,2.505,3.823,7.873,GLOBAL_DISCRETE_CONFORMER_AND_H_REFINEMENT,False,False
P:1623,N,PARENT_HBN,PARENT,2.505,3.823,8.018,GLOBAL_DISCRETE_CONFORMER_AND_H_REFINEMENT,False,False
P:1624,B,PARENT_HBN,PARENT,2.505,3.572,7.873,GLOBAL_DISCRETE_CONFORMER_AND_H_REFINEMENT,False,False
P:1625,N,PARENT_HBN,PARENT,2.505,3.572,8.018,GLOBAL_DISCRETE_CONFORMER_AND_H_REFINEMENT,False,False
P:1626,B,PARENT_HBN,PARENT,2.557,3.327,7.873,GLOBAL_DISCRETE_CONFORMER_AND_H_REFINEMENT,False,False
P:1627,N,PARENT_HBN,PARENT,2.557,3.327,8.018,GLOBAL_DISCRETE_CONFORMER_AND_H_REFINEMENT,False,False
P:1628,B,PARENT_HBN,PARENT,2.659,3.098,7.873,GLOBAL_DISCRETE_CONFORMER_AND_H_REFINEMENT,False,False
P:1629,N,PARENT_HBN,PARENT,2.659,3.098,8.018,GLOBAL_DISCRETE_CONFORMER_AND_H_REFINEMENT,False,False
P:163,N,PARENT_HBN,PARENT,3.572,2.505,2.58,GLOBAL_DISCRETE_CONFORMER_AND_H_REFINEMENT,False,False
P:1630,B,PARENT_HBN,PARENT,2.806,2.895,7.873,GLOBAL_DISCRETE_CONFORMER_AND_H_REFINEMENT,False,False
P:1631,N,PARENT_HBN,PARENT,2.806,2.895,8.018,GLOBAL_DISCRETE_CONFORMER_AND_H_REFINEMENT,False,False
P:1632,B,PARENT_HBN,PARENT,2.992,2.727,7.873,GLOBAL_DISCRETE_CONFORMER_AND_H_REFINEMENT,False,False
P:1633,N,PARENT_HBN,PARENT,2.992,2.727,8.018,GLOBAL_DISCRETE_CONFORMER_AND_H_REFINEMENT,False,False
P:1634,B,PARENT_HBN,PARENT,3.21,2.602,7.873,GLOBAL_DISCRETE_CONFORMER_AND_H_REFINEMENT,False,False
P:1635,N,PARENT_HBN,PARENT,3.21,2.602,8.018,GLOBAL_DISCRETE_CONFORMER_AND_H_REFINEMENT,False,False
P:1636,B,PARENT_HBN,PARENT,3.448,2.524,7.873,GLOBAL_DISCRETE_CONFORMER_AND_H_REFINEMENT,False,False
P:1637,N,PARENT_HBN,PARENT,3.448,2.524,8.018,GLOBAL_DISCRETE_CONFORMER_AND_H_REFINEMENT,False,False
P:1638,B,PARENT_HBN,PARENT,3.697,2.498,7.873,GLOBAL_DISCRETE_CONFORMER_AND_H_REFINEMENT,False,False
P:1639,N,PARENT_HBN,PARENT,3.697,2.498,8.018,GLOBAL_DISCRETE_CONFORMER_AND_H_REFINEMENT,False,False
P:164,B,PARENT_HBN,PARENT,3.823,2.505,2.435,GLOBAL_DISCRETE_CONFORMER_AND_H_REFINEMENT,False,False
P:1640,B,PARENT_HBN,PARENT,3.947,2.524,7.873,GLOBAL_DISCRETE_CONFORMER_AND_H_REFINEMENT,False,False
P:1641,N,PARENT_HBN,PARENT,3.947,2.524,8.018,GLOBAL_DISCRETE_CONFORMER_AND_H_REFINEMENT,False,False
P:1642,B,PARENT_HBN,PARENT,4.185,2.602,7.873,GLOBAL_DISCRETE_CONFORMER_AND_H_REFINEMENT,False,False
P:1643,N,PARENT_HBN,PARENT,4.185,2.602,8.018,GLOBAL_DISCRETE_CONFORMER_AND_H_REFINEMENT,False,False
P:1644,B,PARENT_HBN,PARENT,4.402,2.727,7.873,GLOBAL_DISCRETE_CONFORMER_AND_H_REFINEMENT,False,False
P:1645,N,PARENT_HBN,PARENT,4.402,2.727,8.018,GLOBAL_DISCRETE_CONFORMER_AND_H_REFINEMENT,False,False
P:1646,B,PARENT_HBN,PARENT,4.588,2.895,7.873,GLOBAL_DISCRETE_CONFORMER_AND_H_REFINEMENT,False,False
P:1647,N,PARENT_HBN,PARENT,4.588,2.895,8.018,GLOBAL_DISCRETE_CONFORMER_AND_H_REFINEMENT,False,False
P:1648,B,PARENT_HBN,PARENT,4.736,3.098,7.873,GLOBAL_DISCRETE_CONFORMER_AND_H_REFINEMENT,False,False
P:1649,N,PARENT_HBN,PARENT,4.736,3.098,8.018,GLOBAL_DISCRETE_CONFORMER_AND_H_REFINEMENT,False,False
P:165,N,PARENT_HBN,PARENT,3.823,2.505,2.58,GLOBAL_DISCRETE_CONFORMER_AND_H_REFINEMENT,False,False
P:1650,B,PARENT_HBN,PARENT,4.838,3.327,7.873,GLOBAL_DISCRETE_CONFORMER_AND_H_REFINEMENT,False,False
P:1651,N,PARENT_HBN,PARENT,4.838,3.327,8.018,GLOBAL_DISCRETE_CONFORMER_AND_H_REFINEMENT,False,False
P:1652,B,PARENT_HBN,PARENT,4.89,3.572,7.873,GLOBAL_DISCRETE_CONFORMER_AND_H_REFINEMENT,False,False
P:1653,N,PARENT_HBN,PARENT,4.89,3.572,8.018,GLOBAL_DISCRETE_CONFORMER_AND_H_REFINEMENT,False,False
P:1654,B,PARENT_HBN,PARENT,4.89,3.823,7.873,GLOBAL_DISCRETE_CONFORMER_AND_H_REFINEMENT,False,False
P:1655,N,PARENT_HBN,PARENT,4.89,3.823,8.018,GLOBAL_DISCRETE_CONFORMER_AND_H_REFINEMENT,False,False
P:1656,B,PARENT_HBN,PARENT,4.838,4.068,7.873,GLOBAL_DISCRETE_CONFORMER_AND_H_REFINEMENT,False,False
P:1657,N,PARENT_HBN,PARENT,4.838,4.068,8.018,GLOBAL_DISCRETE_CONFORMER_AND_H_REFINEMENT,False,False
P:1658,B,PARENT_HBN,PARENT,4.736,4.297,7.873,GLOBAL_DISCRETE_CONFORMER_AND_H_REFINEMENT,False,False
P:1659,N,PARENT_HBN,PARENT,4.736,4.297,8.018,GLOBAL_DISCRETE_CONFORMER_AND_H_REFINEMENT,False,False
P:166,B,PARENT_HBN,PARENT,4.068,2.557,2.435,GLOBAL_DISCRETE_CONFORMER_AND_H_REFINEMENT,False,False
P:1660,B,PARENT_HBN,PARENT,4.588,4.5,7.873,GLOBAL_DISCRETE_CONFORMER_AND_H_REFINEMENT,False,False
P:1661,N,PARENT_HBN,PARENT,4.588,4.5,8.018,GLOBAL_DISCRETE_CONFORMER_AND_H_REFINEMENT,False,False
P:1662,B,PARENT_HBN,PARENT,4.402,4.667,7.873,GLOBAL_DISCRETE_CONFORMER_AND_H_REFINEMENT,False,False
P:1663,N,PARENT_HBN,PARENT,4.402,4.667,8.018,GLOBAL_DISCRETE_CONFORMER_AND_H_REFINEMENT,False,False
P:1664,B,PARENT_HBN,PARENT,4.185,4.793,7.873,GLOBAL_DISCRETE_CONFORMER_AND_H_REFINEMENT,False,False
P:1665,N,PARENT_HBN,PARENT,4.185,4.793,8.018,GLOBAL_DISCRETE_CONFORMER_AND_H_REFINEMENT,False,False
P:1666,B,PARENT_HBN,PARENT,3.947,4.87,7.873,GLOBAL_DISCRETE_CONFORMER_AND_H_REFINEMENT,False,False
P:1667,N,PARENT_HBN,PARENT,3.947,4.87,8.018,GLOBAL_DISCRETE_CONFORMER_AND_H_REFINEMENT,False,False
P:1668,B,PARENT_HBN,PARENT,3.697,4.896,7.873,GLOBAL_DISCRETE_CONFORMER_AND_H_REFINEMENT,False,False
P:1669,N,PARENT_HBN,PARENT,3.697,4.896,8.018,GLOBAL_DISCRETE_CONFORMER_AND_H_REFINEMENT,False,False
P:167,N,PARENT_HBN,PARENT,4.068,2.557,2.58,GLOBAL_DISCRETE_CONFORMER_AND_H_REFINEMENT,False,False
P:1670,B,PARENT_HBN,PARENT,3.448,4.87,7.873,GLOBAL_DISCRETE_CONFORMER_AND_H_REFINEMENT,False,False
P:1671,N,PARENT_HBN,PARENT,3.448,4.87,8.018,GLOBAL_DISCRETE_CONFORMER_AND_H_REFINEMENT,False,False
P:1672,B,PARENT_HBN,PARENT,3.21,4.793,7.873,GLOBAL_DISCRETE_CONFORMER_AND_H_REFINEMENT,False,False
P:1673,N,PARENT_HBN,PARENT,3.21,4.793,8.018,GLOBAL_DISCRETE_CONFORMER_AND_H_REFINEMENT,False,False
P:1674,B,PARENT_HBN,PARENT,2.992,4.667,7.873,GLOBAL_DISCRETE_CONFORMER_AND_H_REFINEMENT,False,False
P:1675,N,PARENT_HBN,PARENT,2.992,4.667,8.018,GLOBAL_DISCRETE_CONFORMER_AND_H_REFINEMENT,False,False
P:1676,B,PARENT_HBN,PARENT,2.806,4.5,7.873,GLOBAL_DISCRETE_CONFORMER_AND_H_REFINEMENT,False,False
P:1677,N,PARENT_HBN,PARENT,2.806,4.5,8.018,GLOBAL_DISCRETE_CONFORMER_AND_H_REFINEMENT,False,False
P:1678,B,PARENT_HBN,PARENT,2.659,4.297,7.873,GLOBAL_DISCRETE_CONFORMER_AND_H_REFINEMENT,False,False
P:1679,N,PARENT_HBN,PARENT,2.659,4.297,8.018,GLOBAL_DISCRETE_CONFORMER_AND_H_REFINEMENT,False,False
P:168,B,PARENT_HBN,PARENT,4.297,2.659,2.435,GLOBAL_DISCRETE_CONFORMER_AND_H_REFINEMENT,False,False
P:169,N,PARENT_HBN,PARENT,4.297,2.659,2.58,GLOBAL_DISCRETE_CONFORMER_AND_H_REFINEMENT,False,False
P:17,N,PARENT_HBN,PARENT,3.572,4.89,2.145,GLOBAL_DISCRETE_CONFORMER_AND_H_REFINEMENT,False,False
P:170,B,PARENT_HBN,PARENT,4.5,2.806,2.435,GLOBAL_DISCRETE_CONFORMER_AND_H_REFINEMENT,False,False
P:171,N,PARENT_HBN,PARENT,4.5,2.806,2.58,GLOBAL_DISCRETE_CONFORMER_AND_H_REFINEMENT,False,False
P:172,B,PARENT_HBN,PARENT,4.667,2.992,2.435,GLOBAL_DISCRETE_CONFORMER_AND_H_REFINEMENT,False,False
P:173,N,PARENT_HBN,PARENT,4.667,2.992,2.58,GLOBAL_DISCRETE_CONFORMER_AND_H_REFINEMENT,False,False
P:174,B,PARENT_HBN,PARENT,4.793,3.21,2.435,GLOBAL_DISCRETE_CONFORMER_AND_H_REFINEMENT,False,False
P:175,N,PARENT_HBN,PARENT,4.793,3.21,2.58,GLOBAL_DISCRETE_CONFORMER_AND_H_REFINEMENT,False,False
P:176,B,PARENT_HBN,PARENT,4.87,3.448,2.435,GLOBAL_DISCRETE_CONFORMER_AND_H_REFINEMENT,False,False
P:177,N,PARENT_HBN,PARENT,4.87,3.448,2.58,GLOBAL_DISCRETE_CONFORMER_AND_H_REFINEMENT,False,False
P:178,B,PARENT_HBN,PARENT,4.896,3.697,2.435,GLOBAL_DISCRETE_CONFORMER_AND_H_REFINEMENT,False,False
P:179,N,PARENT_HBN,PARENT,4.896,3.697,2.58,GLOBAL_DISCRETE_CONFORMER_AND_H_REFINEMENT,False,False
P:18,B,PARENT_HBN,PARENT,3.327,4.838,2.0,GLOBAL_DISCRETE_CONFORMER_AND_H_REFINEMENT,False,False
P:180,B,PARENT_HBN,PARENT,4.838,4.068,2.652,GLOBAL_DISCRETE_CONFORMER_AND_H_REFINEMENT,False,False
P:181,N,PARENT_HBN,PARENT,4.838,4.068,2.797,GLOBAL_DISCRETE_CONFORMER_AND_H_REFINEMENT,False,False
P:182,B,PARENT_HBN,PARENT,4.736,4.297,2.652,GLOBAL_DISCRETE_CONFORMER_AND_H_REFINEMENT,False,False
P:183,N,PARENT_HBN,PARENT,4.736,4.297,2.797,GLOBAL_DISCRETE_CONFORMER_AND_H_REFINEMENT,False,False
P:184,B,PARENT_HBN,PARENT,4.588,4.5,2.652,GLOBAL_DISCRETE_CONFORMER_AND_H_REFINEMENT,False,False
P:185,N,PARENT_HBN,PARENT,4.588,4.5,2.797,GLOBAL_DISCRETE_CONFORMER_AND_H_REFINEMENT,False,False
P:186,B,PARENT_HBN,PARENT,4.402,4.667,2.652,GLOBAL_DISCRETE_CONFORMER_AND_H_REFINEMENT,False,False
P:187,N,PARENT_HBN,PARENT,4.402,4.667,2.797,GLOBAL_DISCRETE_CONFORMER_AND_H_REFINEMENT,False,False
P:188,B,PARENT_HBN,PARENT,4.185,4.793,2.652,GLOBAL_DISCRETE_CONFORMER_AND_H_REFINEMENT,False,False
P:189,N,PARENT_HBN,PARENT,4.185,4.793,2.797,GLOBAL_DISCRETE_CONFORMER_AND_H_REFINEMENT,False,False
P:19,N,PARENT_HBN,PARENT,3.327,4.838,2.145,GLOBAL_DISCRETE_CONFORMER_AND_H_REFINEMENT,False,False
P:190,B,PARENT_HBN,PARENT,3.947,4.87,2.652,GLOBAL_DISCRETE_CONFORMER_AND_H_REFINEMENT,False,False
P:191,N,PARENT_HBN,PARENT,3.947,4.87,2.797,GLOBAL_DISCRETE_CONFORMER_AND_H_REFINEMENT,False,False
P:192,B,PARENT_HBN,PARENT,3.697,4.896,2.652,GLOBAL_DISCRETE_CONFORMER_AND_H_REFINEMENT,False,False
P:193,N,PARENT_HBN,PARENT,3.697,4.896,2.797,GLOBAL_DISCRETE_CONFORMER_AND_H_REFINEMENT,False,False
P:194,B,PARENT_HBN,PARENT,3.448,4.87,2.652,GLOBAL_DISCRETE_CONFORMER_AND_H_REFINEMENT,False,False
P:195,N,PARENT_HBN,PARENT,3.448,4.87,2.797,GLOBAL_DISCRETE_CONFORMER_AND_H_REFINEMENT,False,False
P:196,B,PARENT_HBN,PARENT,3.21,4.793,2.652,GLOBAL_DISCRETE_CONFORMER_AND_H_REFINEMENT,False,False
P:197,N,PARENT_HBN,PARENT,3.21,4.793,2.797,GLOBAL_DISCRETE_CONFORMER_AND_H_REFINEMENT,False,False
P:198,B,PARENT_HBN,PARENT,2.992,4.667,2.652,GLOBAL_DISCRETE_CONFORMER_AND_H_REFINEMENT,False,False
P:199,N,PARENT_HBN,PARENT,2.992,4.667,2.797,GLOBAL_DISCRETE_CONFORMER_AND_H_REFINEMENT,False,False
P:2,B,PARENT_HBN,PARENT,4.87,3.947,2.0,GLOBAL_DISCRETE_CONFORMER_AND_H_REFINEMENT,False,False
P:20,B,PARENT_HBN,PARENT,3.098,4.736,2.0,GLOBAL_DISCRETE_CONFORMER_AND_H_REFINEMENT,False,False
P:200,B,PARENT_HBN,PARENT,2.806,4.5,2.652,GLOBAL_DISCRETE_CONFORMER_AND_H_REFINEMENT,False,False
P:201,N,PARENT_HBN,PARENT,2.806,4.5,2.797,GLOBAL_DISCRETE_CONFORMER_AND_H_REFINEMENT,False,False
P:202,B,PARENT_HBN,PARENT,2.659,4.297,2.652,GLOBAL_DISCRETE_CONFORMER_AND_H_REFINEMENT,False,False
P:203,N,PARENT_HBN,PARENT,2.659,4.297,2.797,GLOBAL_DISCRETE_CONFORMER_AND_H_REFINEMENT,False,False
P:204,B,PARENT_HBN,PARENT,2.557,4.068,2.652,GLOBAL_DISCRETE_CONFORMER_AND_H_REFINEMENT,False,False
P:205,N,PARENT_HBN,PARENT,2.557,4.068,2.797,GLOBAL_DISCRETE_CONFORMER_AND_H_REFINEMENT,False,False
P:206,B,PARENT_HBN,PARENT,2.505,3.823,2.652,GLOBAL_DISCRETE_CONFORMER_AND_H_REFINEMENT,False,False
P:207,N,PARENT_HBN,PARENT,2.505,3.823,2.797,GLOBAL_DISCRETE_CONFORMER_AND_H_REFINEMENT,False,False
P:208,B,PARENT_HBN,PARENT,2.505,3.572,2.652,GLOBAL_DISCRETE_CONFORMER_AND_H_REFINEMENT,False,False
P:209,N,PARENT_HBN,PARENT,2.505,3.572,2.797,GLOBAL_DISCRETE_CONFORMER_AND_H_REFINEMENT,False,False
P:21,N,PARENT_HBN,PARENT,3.098,4.736,2.145,GLOBAL_DISCRETE_CONFORMER_AND_H_REFINEMENT,False,False
P:210,B,PARENT_HBN,PARENT,2.557,3.327,2.652,GLOBAL_DISCRETE_CONFORMER_AND_H_REFINEMENT,False,False
P:211,N,PARENT_HBN,PARENT,2.557,3.327,2.797,GLOBAL_DISCRETE_CONFORMER_AND_H_REFINEMENT,False,False
P:212,B,PARENT_HBN,PARENT,2.659,3.098,2.652,GLOBAL_DISCRETE_CONFORMER_AND_H_REFINEMENT,False,False
P:213,N,PARENT_HBN,PARENT,2.659,3.098,2.797,GLOBAL_DISCRETE_CONFORMER_AND_H_REFINEMENT,False,False
P:214,B,PARENT_HBN,PARENT,2.806,2.895,2.652,GLOBAL_DISCRETE_CONFORMER_AND_H_REFINEMENT,False,False
P:215,N,PARENT_HBN,PARENT,2.806,2.895,2.797,GLOBAL_DISCRETE_CONFORMER_AND_H_REFINEMENT,False,False
P:216,B,PARENT_HBN,PARENT,2.992,2.727,2.652,GLOBAL_DISCRETE_CONFORMER_AND_H_REFINEMENT,False,False
P:217,N,PARENT_HBN,PARENT,2.992,2.727,2.797,GLOBAL_DISCRETE_CONFORMER_AND_H_REFINEMENT,False,False
P:218,B,PARENT_HBN,PARENT,3.21,2.602,2.652,GLOBAL_DISCRETE_CONFORMER_AND_H_REFINEMENT,False,False
P:219,N,PARENT_HBN,PARENT,3.21,2.602,2.797,GLOBAL_DISCRETE_CONFORMER_AND_H_REFINEMENT,False,False
P:22,B,PARENT_HBN,PARENT,2.895,4.588,2.0,GLOBAL_DISCRETE_CONFORMER_AND_H_REFINEMENT,False,False
P:220,B,PARENT_HBN,PARENT,3.448,2.524,2.652,GLOBAL_DISCRETE_CONFORMER_AND_H_REFINEMENT,False,False
P:221,N,PARENT_HBN,PARENT,3.448,2.524,2.797,GLOBAL_DISCRETE_CONFORMER_AND_H_REFINEMENT,False,False
P:222,B,PARENT_HBN,PARENT,3.697,2.498,2.652,GLOBAL_DISCRETE_CONFORMER_AND_H_REFINEMENT,False,False
P:223,N,PARENT_HBN,PARENT,3.697,2.498,2.797,GLOBAL_DISCRETE_CONFORMER_AND_H_REFINEMENT,False,False
P:224,B,PARENT_HBN,PARENT,3.947,2.524,2.652,GLOBAL_DISCRETE_CONFORMER_AND_H_REFINEMENT,False,False
P:225,N,PARENT_HBN,PARENT,3.947,2.524,2.797,GLOBAL_DISCRETE_CONFORMER_AND_H_REFINEMENT,False,False
P:226,B,PARENT_HBN,PARENT,4.185,2.602,2.652,GLOBAL_DISCRETE_CONFORMER_AND_H_REFINEMENT,False,False
P:227,N,PARENT_HBN,PARENT,4.185,2.602,2.797,GLOBAL_DISCRETE_CONFORMER_AND_H_REFINEMENT,False,False
P:228,B,PARENT_HBN,PARENT,4.402,2.727,2.652,GLOBAL_DISCRETE_CONFORMER_AND_H_REFINEMENT,False,False
P:229,N,PARENT_HBN,PARENT,4.402,2.727,2.797,GLOBAL_DISCRETE_CONFORMER_AND_H_REFINEMENT,False,False
P:23,N,PARENT_HBN,PARENT,2.895,4.588,2.145,GLOBAL_DISCRETE_CONFORMER_AND_H_REFINEMENT,False,False
P:230,B,PARENT_HBN,PARENT,4.588,2.895,2.652,GLOBAL_DISCRETE_CONFORMER_AND_H_REFINEMENT,False,False
P:231,N,PARENT_HBN,PARENT,4.588,2.895,2.797,GLOBAL_DISCRETE_CONFORMER_AND_H_REFINEMENT,False,False
P:232,B,PARENT_HBN,PARENT,4.736,3.098,2.652,GLOBAL_DISCRETE_CONFORMER_AND_H_REFINEMENT,False,False
P:233,N,PARENT_HBN,PARENT,4.736,3.098,2.797,GLOBAL_DISCRETE_CONFORMER_AND_H_REFINEMENT,False,False
P:234,B,PARENT_HBN,PARENT,4.838,3.327,2.652,GLOBAL_DISCRETE_CONFORMER_AND_H_REFINEMENT,False,False
P:235,N,PARENT_HBN,PARENT,4.838,3.327,2.797,GLOBAL_DISCRETE_CONFORMER_AND_H_REFINEMENT,False,False
P:236,B,PARENT_HBN,PARENT,4.89,3.572,2.652,GLOBAL_DISCRETE_CONFORMER_AND_H_REFINEMENT,False,False
P:237,N,PARENT_HBN,PARENT,4.89,3.572,2.797,GLOBAL_DISCRETE_CONFORMER_AND_H_REFINEMENT,False,False
P:238,B,PARENT_HBN,PARENT,4.89,3.823,2.652,GLOBAL_DISCRETE_CONFORMER_AND_H_REFINEMENT,False,False
P:239,N,PARENT_HBN,PARENT,4.89,3.823,2.797,GLOBAL_DISCRETE_CONFORMER_AND_H_REFINEMENT,False,False
P:24,B,PARENT_HBN,PARENT,2.727,4.402,2.0,GLOBAL_DISCRETE_CONFORMER_AND_H_REFINEMENT,False,False
P:240,B,PARENT_HBN,PARENT,4.793,4.185,2.87,GLOBAL_DISCRETE_CONFORMER_AND_H_REFINEMENT,False,False
P:241,N,PARENT_HBN,PARENT,4.793,4.185,3.015,GLOBAL_DISCRETE_CONFORMER_AND_H_REFINEMENT,False,False
P:242,B,PARENT_HBN,PARENT,4.667,4.402,2.87,GLOBAL_DISCRETE_CONFORMER_AND_H_REFINEMENT,False,False
P:243,N,PARENT_HBN,PARENT,4.667,4.402,3.015,GLOBAL_DISCRETE_CONFORMER_AND_H_REFINEMENT,False,False
P:244,B,PARENT_HBN,PARENT,4.5,4.588,2.87,GLOBAL_DISCRETE_CONFORMER_AND_H_REFINEMENT,False,False
P:245,N,PARENT_HBN,PARENT,4.5,4.588,3.015,GLOBAL_DISCRETE_CONFORMER_AND_H_REFINEMENT,False,False
P:246,B,PARENT_HBN,PARENT,4.297,4.736,2.87,GLOBAL_DISCRETE_CONFORMER_AND_H_REFINEMENT,False,False
P:247,N,PARENT_HBN,PARENT,4.297,4.736,3.015,GLOBAL_DISCRETE_CONFORMER_AND_H_REFINEMENT,False,False
P:248,B,PARENT_HBN,PARENT,4.068,4.838,2.87,GLOBAL_DISCRETE_CONFORMER_AND_H_REFINEMENT,False,False
P:249,N,PARENT_HBN,PARENT,4.068,4.838,3.015,GLOBAL_DISCRETE_CONFORMER_AND_H_REFINEMENT,False,False
P:25,N,PARENT_HBN,PARENT,2.727,4.402,2.145,GLOBAL_DISCRETE_CONFORMER_AND_H_REFINEMENT,False,False
P:250,B,PARENT_HBN,PARENT,3.823,4.89,2.87,GLOBAL_DISCRETE_CONFORMER_AND_H_REFINEMENT,False,False
P:251,N,PARENT_HBN,PARENT,3.823,4.89,3.015,GLOBAL_DISCRETE_CONFORMER_AND_H_REFINEMENT,False,False
P:252,B,PARENT_HBN,PARENT,3.572,4.89,2.87,GLOBAL_DISCRETE_CONFORMER_AND_H_REFINEMENT,False,False
P:253,N,PARENT_HBN,PARENT,3.572,4.89,3.015,GLOBAL_DISCRETE_CONFORMER_AND_H_REFINEMENT,False,False
P:254,B,PARENT_HBN,PARENT,3.327,4.838,2.87,GLOBAL_DISCRETE_CONFORMER_AND_H_REFINEMENT,False,False
P:255,N,PARENT_HBN,PARENT,3.327,4.838,3.015,GLOBAL_DISCRETE_CONFORMER_AND_H_REFINEMENT,False,False
P:256,B,PARENT_HBN,PARENT,3.098,4.736,2.87,GLOBAL_DISCRETE_CONFORMER_AND_H_REFINEMENT,False,False
P:257,N,PARENT_HBN,PARENT,3.098,4.736,3.015,GLOBAL_DISCRETE_CONFORMER_AND_H_REFINEMENT,False,False
P:258,B,PARENT_HBN,PARENT,2.895,4.588,2.87,GLOBAL_DISCRETE_CONFORMER_AND_H_REFINEMENT,False,False
P:259,N,PARENT_HBN,PARENT,2.895,4.588,3.015,GLOBAL_DISCRETE_CONFORMER_AND_H_REFINEMENT,False,False
P:26,B,PARENT_HBN,PARENT,2.602,4.185,2.0,GLOBAL_DISCRETE_CONFORMER_AND_H_REFINEMENT,False,False
P:260,B,PARENT_HBN,PARENT,2.727,4.402,2.87,GLOBAL_DISCRETE_CONFORMER_AND_H_REFINEMENT,False,False
P:261,N,PARENT_HBN,PARENT,2.727,4.402,3.015,GLOBAL_DISCRETE_CONFORMER_AND_H_REFINEMENT,False,False
P:262,B,PARENT_HBN,PARENT,2.602,4.185,2.87,GLOBAL_DISCRETE_CONFORMER_AND_H_REFINEMENT,False,False
P:263,N,PARENT_HBN,PARENT,2.602,4.185,3.015,GLOBAL_DISCRETE_CONFORMER_AND_H_REFINEMENT,False,False
P:264,B,PARENT_HBN,PARENT,2.524,3.947,2.87,GLOBAL_DISCRETE_CONFORMER_AND_H_REFINEMENT,False,False
P:265,N,PARENT_HBN,PARENT,2.524,3.947,3.015,GLOBAL_DISCRETE_CONFORMER_AND_H_REFINEMENT,False,False
P:266,B,PARENT_HBN,PARENT,2.498,3.697,2.87,GLOBAL_DISCRETE_CONFORMER_AND_H_REFINEMENT,False,False
P:267,N,PARENT_HBN,PARENT,2.498,3.697,3.015,GLOBAL_DISCRETE_CONFORMER_AND_H_REFINEMENT,False,False
P:268,B,PARENT_HBN,PARENT,2.524,3.448,2.87,GLOBAL_DISCRETE_CONFORMER_AND_H_REFINEMENT,False,False
P:269,N,PARENT_HBN,PARENT,2.524,3.448,3.015,GLOBAL_DISCRETE_CONFORMER_AND_H_REFINEMENT,False,False
P:27,N,PARENT_HBN,PARENT,2.602,4.185,2.145,GLOBAL_DISCRETE_CONFORMER_AND_H_REFINEMENT,False,False
P:270,B,PARENT_HBN,PARENT,2.602,3.21,2.87,GLOBAL_DISCRETE_CONFORMER_AND_H_REFINEMENT,False,False
P:271,N,PARENT_HBN,PARENT,2.602,3.21,3.015,GLOBAL_DISCRETE_CONFORMER_AND_H_REFINEMENT,False,False
P:272,B,PARENT_HBN,PARENT,2.727,2.992,2.87,GLOBAL_DISCRETE_CONFORMER_AND_H_REFINEMENT,False,False
P:273,N,PARENT_HBN,PARENT,2.727,2.992,3.015,GLOBAL_DISCRETE_CONFORMER_AND_H_REFINEMENT,False,False
P:274,B,PARENT_HBN,PARENT,2.895,2.806,2.87,GLOBAL_DISCRETE_CONFORMER_AND_H_REFINEMENT,False,False
P:275,N,PARENT_HBN,PARENT,2.895,2.806,3.015,GLOBAL_DISCRETE_CONFORMER_AND_H_REFINEMENT,False,False
P:276,B,PARENT_HBN,PARENT,3.098,2.659,2.87,GLOBAL_DISCRETE_CONFORMER_AND_H_REFINEMENT,False,False
P:277,N,PARENT_HBN,PARENT,3.098,2.659,3.015,GLOBAL_DISCRETE_CONFORMER_AND_H_REFINEMENT,False,False
P:278,B,PARENT_HBN,PARENT,3.327,2.557,2.87,GLOBAL_DISCRETE_CONFORMER_AND_H_REFINEMENT,False,False
P:279,N,PARENT_HBN,PARENT,3.327,2.557,3.015,GLOBAL_DISCRETE_CONFORMER_AND_H_REFINEMENT,False,False
P:28,B,PARENT_HBN,PARENT,2.524,3.947,2.0,GLOBAL_DISCRETE_CONFORMER_AND_H_REFINEMENT,False,False
P:280,B,PARENT_HBN,PARENT,3.572,2.505,2.87,GLOBAL_DISCRETE_CONFORMER_AND_H_REFINEMENT,False,False
P:281,N,PARENT_HBN,PARENT,3.572,2.505,3.015,GLOBAL_DISCRETE_CONFORMER_AND_H_REFINEMENT,False,False
P:282,B,PARENT_HBN,PARENT,3.823,2.505,2.87,GLOBAL_DISCRETE_CONFORMER_AND_H_REFINEMENT,False,False
P:283,N,PARENT_HBN,PARENT,3.823,2.505,3.015,GLOBAL_DISCRETE_CONFORMER_AND_H_REFINEMENT,False,False
P:284,B,PARENT_HBN,PARENT,4.068,2.557,2.87,GLOBAL_DISCRETE_CONFORMER_AND_H_REFINEMENT,False,False
P:285,N,PARENT_HBN,PARENT,4.068,2.557,3.015,GLOBAL_DISCRETE_CONFORMER_AND_H_REFINEMENT,False,False
P:286,B,PARENT_HBN,PARENT,4.297,2.659,2.87,GLOBAL_DISCRETE_CONFORMER_AND_H_REFINEMENT,False,False
P:287,N,PARENT_HBN,PARENT,4.297,2.659,3.015,GLOBAL_DISCRETE_CONFORMER_AND_H_REFINEMENT,False,False
P:288,B,PARENT_HBN,PARENT,4.5,2.806,2.87,GLOBAL_DISCRETE_CONFORMER_AND_H_REFINEMENT,False,False
P:289,N,PARENT_HBN,PARENT,4.5,2.806,3.015,GLOBAL_DISCRETE_CONFORMER_AND_H_REFINEMENT,False,False
P:29,N,PARENT_HBN,PARENT,2.524,3.947,2.145,GLOBAL_DISCRETE_CONFORMER_AND_H_REFINEMENT,False,False
P:290,B,PARENT_HBN,PARENT,4.667,2.992,2.87,GLOBAL_DISCRETE_CONFORMER_AND_H_REFINEMENT,False,False
P:291,N,PARENT_HBN,PARENT,4.667,2.992,3.015,GLOBAL_DISCRETE_CONFORMER_AND_H_REFINEMENT,False,False
P:292,B,PARENT_HBN,PARENT,4.793,3.21,2.87,GLOBAL_DISCRETE_CONFORMER_AND_H_REFINEMENT,False,False
P:293,N,PARENT_HBN,PARENT,4.793,3.21,3.015,GLOBAL_DISCRETE_CONFORMER_AND_H_REFINEMENT,False,False
P:294,B,PARENT_HBN,PARENT,4.87,3.448,2.87,GLOBAL_DISCRETE_CONFORMER_AND_H_REFINEMENT,False,False
P:295,N,PARENT_HBN,PARENT,4.87,3.448,3.015,GLOBAL_DISCRETE_CONFORMER_AND_H_REFINEMENT,False,False
P:296,B,PARENT_HBN,PARENT,4.896,3.697,2.87,GLOBAL_DISCRETE_CONFORMER_AND_H_REFINEMENT,False,False
P:297,N,PARENT_HBN,PARENT,4.896,3.697,3.015,GLOBAL_DISCRETE_CONFORMER_AND_H_REFINEMENT,False,False
P:298,B,PARENT_HBN,PARENT,4.87,3.947,2.87,GLOBAL_DISCRETE_CONFORMER_AND_H_REFINEMENT,False,False
P:299,N,PARENT_HBN,PARENT,4.87,3.947,3.015,GLOBAL_DISCRETE_CONFORMER_AND_H_REFINEMENT,False,False
P:3,N,PARENT_HBN,PARENT,4.87,3.947,2.145,GLOBAL_DISCRETE_CONFORMER_AND_H_REFINEMENT,False,False
P:30,B,PARENT_HBN,PARENT,2.498,3.697,2.0,GLOBAL_DISCRETE_CONFORMER_AND_H_REFINEMENT,False,False
P:300,B,PARENT_HBN,PARENT,4.736,4.297,3.087,GLOBAL_DISCRETE_CONFORMER_AND_H_REFINEMENT,False,False
P:301,N,PARENT_HBN,PARENT,4.736,4.297,3.232,GLOBAL_DISCRETE_CONFORMER_AND_H_REFINEMENT,False,False
P:302,B,PARENT_HBN,PARENT,4.588,4.5,3.087,GLOBAL_DISCRETE_CONFORMER_AND_H_REFINEMENT,False,False
P:303,N,PARENT_HBN,PARENT,4.588,4.5,3.232,GLOBAL_DISCRETE_CONFORMER_AND_H_REFINEMENT,False,False
P:304,B,PARENT_HBN,PARENT,4.402,4.667,3.087,GLOBAL_DISCRETE_CONFORMER_AND_H_REFINEMENT,False,False
P:305,N,PARENT_HBN,PARENT,4.402,4.667,3.232,GLOBAL_DISCRETE_CONFORMER_AND_H_REFINEMENT,False,False
P:306,B,PARENT_HBN,PARENT,4.185,4.793,3.087,GLOBAL_DISCRETE_CONFORMER_AND_H_REFINEMENT,False,False
P:307,N,PARENT_HBN,PARENT,4.185,4.793,3.232,GLOBAL_DISCRETE_CONFORMER_AND_H_REFINEMENT,False,False
P:308,B,PARENT_HBN,PARENT,3.947,4.87,3.087,GLOBAL_DISCRETE_CONFORMER_AND_H_REFINEMENT,False,False
P:309,N,PARENT_HBN,PARENT,3.947,4.87,3.232,GLOBAL_DISCRETE_CONFORMER_AND_H_REFINEMENT,False,False
P:31,N,PARENT_HBN,PARENT,2.498,3.697,2.145,GLOBAL_DISCRETE_CONFORMER_AND_H_REFINEMENT,False,False
P:310,B,PARENT_HBN,PARENT,3.697,4.896,3.087,GLOBAL_DISCRETE_CONFORMER_AND_H_REFINEMENT,False,False
P:311,N,PARENT_HBN,PARENT,3.697,4.896,3.232,GLOBAL_DISCRETE_CONFORMER_AND_H_REFINEMENT,False,False
P:312,B,PARENT_HBN,PARENT,3.448,4.87,3.087,GLOBAL_DISCRETE_CONFORMER_AND_H_REFINEMENT,False,False
P:313,N,PARENT_HBN,PARENT,3.448,4.87,3.232,GLOBAL_DISCRETE_CONFORMER_AND_H_REFINEMENT,False,False
P:314,B,PARENT_HBN,PARENT,3.21,4.793,3.087,GLOBAL_DISCRETE_CONFORMER_AND_H_REFINEMENT,False,False
P:315,N,PARENT_HBN,PARENT,3.21,4.793,3.232,GLOBAL_DISCRETE_CONFORMER_AND_H_REFINEMENT,False,False
P:316,B,PARENT_HBN,PARENT,2.992,4.667,3.087,GLOBAL_DISCRETE_CONFORMER_AND_H_REFINEMENT,False,False
P:317,N,PARENT_HBN,PARENT,2.992,4.667,3.232,GLOBAL_DISCRETE_CONFORMER_AND_H_REFINEMENT,False,False
P:318,B,PARENT_HBN,PARENT,2.806,4.5,3.087,GLOBAL_DISCRETE_CONFORMER_AND_H_REFINEMENT,False,False
P:319,N,PARENT_HBN,PARENT,2.806,4.5,3.232,GLOBAL_DISCRETE_CONFORMER_AND_H_REFINEMENT,False,False
P:32,B,PARENT_HBN,PARENT,2.524,3.448,2.0,GLOBAL_DISCRETE_CONFORMER_AND_H_REFINEMENT,False,False
P:320,B,PARENT_HBN,PARENT,2.659,4.297,3.087,GLOBAL_DISCRETE_CONFORMER_AND_H_REFINEMENT,False,False
P:321,N,PARENT_HBN,PARENT,2.659,4.297,3.232,GLOBAL_DISCRETE_CONFORMER_AND_H_REFINEMENT,False,False
P:322,B,PARENT_HBN,PARENT,2.557,4.068,3.087,GLOBAL_DISCRETE_CONFORMER_AND_H_REFINEMENT,False,False
P:323,N,PARENT_HBN,PARENT,2.557,4.068,3.232,GLOBAL_DISCRETE_CONFORMER_AND_H_REFINEMENT,False,False
P:324,B,PARENT_HBN,PARENT,2.505,3.823,3.087,GLOBAL_DISCRETE_CONFORMER_AND_H_REFINEMENT,False,False
P:325,N,PARENT_HBN,PARENT,2.505,3.823,3.232,GLOBAL_DISCRETE_CONFORMER_AND_H_REFINEMENT,False,False
P:326,B,PARENT_HBN,PARENT,2.505,3.572,3.087,GLOBAL_DISCRETE_CONFORMER_AND_H_REFINEMENT,False,False
P:327,N,PARENT_HBN,PARENT,2.505,3.572,3.232,GLOBAL_DISCRETE_CONFORMER_AND_H_REFINEMENT,False,False
P:328,B,PARENT_HBN,PARENT,2.557,3.327,3.087,GLOBAL_DISCRETE_CONFORMER_AND_H_REFINEMENT,False,False
P:329,N,PARENT_HBN,PARENT,2.557,3.327,3.232,GLOBAL_DISCRETE_CONFORMER_AND_H_REFINEMENT,False,False
P:33,N,PARENT_HBN,PARENT,2.524,3.448,2.145,GLOBAL_DISCRETE_CONFORMER_AND_H_REFINEMENT,False,False
P:330,B,PARENT_HBN,PARENT,2.659,3.098,3.087,GLOBAL_DISCRETE_CONFORMER_AND_H_REFINEMENT,False,False
P:331,N,PARENT_HBN,PARENT,2.659,3.098,3.232,GLOBAL_DISCRETE_CONFORMER_AND_H_REFINEMENT,False,False
P:332,B,PARENT_HBN,PARENT,2.806,2.895,3.087,GLOBAL_DISCRETE_CONFORMER_AND_H_REFINEMENT,False,False
P:333,N,PARENT_HBN,PARENT,2.806,2.895,3.232,GLOBAL_DISCRETE_CONFORMER_AND_H_REFINEMENT,False,False
P:334,B,PARENT_HBN,PARENT,2.992,2.727,3.087,GLOBAL_DISCRETE_CONFORMER_AND_H_REFINEMENT,False,False
P:335,N,PARENT_HBN,PARENT,2.992,2.727,3.232,GLOBAL_DISCRETE_CONFORMER_AND_H_REFINEMENT,False,False
P:336,B,PARENT_HBN,PARENT,3.21,2.602,3.087,GLOBAL_DISCRETE_CONFORMER_AND_H_REFINEMENT,False,False
P:337,N,PARENT_HBN,PARENT,3.21,2.602,3.232,GLOBAL_DISCRETE_CONFORMER_AND_H_REFINEMENT,False,False
P:338,B,PARENT_HBN,PARENT,3.448,2.524,3.087,GLOBAL_DISCRETE_CONFORMER_AND_H_REFINEMENT,False,False
P:339,N,PARENT_HBN,PARENT,3.448,2.524,3.232,GLOBAL_DISCRETE_CONFORMER_AND_H_REFINEMENT,False,False
P:34,B,PARENT_HBN,PARENT,2.602,3.21,2.0,GLOBAL_DISCRETE_CONFORMER_AND_H_REFINEMENT,False,False
P:340,B,PARENT_HBN,PARENT,3.697,2.498,3.087,GLOBAL_DISCRETE_CONFORMER_AND_H_REFINEMENT,False,False
P:341,N,PARENT_HBN,PARENT,3.697,2.498,3.232,GLOBAL_DISCRETE_CONFORMER_AND_H_REFINEMENT,False,False
P:342,B,PARENT_HBN,PARENT,3.947,2.524,3.087,GLOBAL_DISCRETE_CONFORMER_AND_H_REFINEMENT,False,False
P:343,N,PARENT_HBN,PARENT,3.947,2.524,3.232,GLOBAL_DISCRETE_CONFORMER_AND_H_REFINEMENT,False,False
P:344,B,PARENT_HBN,PARENT,4.185,2.602,3.087,GLOBAL_DISCRETE_CONFORMER_AND_H_REFINEMENT,False,False
P:345,N,PARENT_HBN,PARENT,4.185,2.602,3.232,GLOBAL_DISCRETE_CONFORMER_AND_H_REFINEMENT,False,False
P:346,B,PARENT_HBN,PARENT,4.402,2.727,3.087,GLOBAL_DISCRETE_CONFORMER_AND_H_REFINEMENT,False,False
P:347,N,PARENT_HBN,PARENT,4.402,2.727,3.232,GLOBAL_DISCRETE_CONFORMER_AND_H_REFINEMENT,False,False
P:348,B,PARENT_HBN,PARENT,4.588,2.895,3.087,GLOBAL_DISCRETE_CONFORMER_AND_H_REFINEMENT,False,False
P:349,N,PARENT_HBN,PARENT,4.588,2.895,3.232,GLOBAL_DISCRETE_CONFORMER_AND_H_REFINEMENT,False,False
P:35,N,PARENT_HBN,PARENT,2.602,3.21,2.145,GLOBAL_DISCRETE_CONFORMER_AND_H_REFINEMENT,False,False
P:350,B,PARENT_HBN,PARENT,4.736,3.098,3.087,GLOBAL_DISCRETE_CONFORMER_AND_H_REFINEMENT,False,False
P:351,N,PARENT_HBN,PARENT,4.736,3.098,3.232,GLOBAL_DISCRETE_CONFORMER_AND_H_REFINEMENT,False,False
P:352,B,PARENT_HBN,PARENT,4.838,3.327,3.087,GLOBAL_DISCRETE_CONFORMER_AND_H_REFINEMENT,False,False
P:353,N,PARENT_HBN,PARENT,4.838,3.327,3.232,GLOBAL_DISCRETE_CONFORMER_AND_H_REFINEMENT,False,False
P:354,B,PARENT_HBN,PARENT,4.89,3.572,3.087,GLOBAL_DISCRETE_CONFORMER_AND_H_REFINEMENT,False,False
P:355,N,PARENT_HBN,PARENT,4.89,3.572,3.232,GLOBAL_DISCRETE_CONFORMER_AND_H_REFINEMENT,False,False
P:356,B,PARENT_HBN,PARENT,4.89,3.823,3.087,GLOBAL_DISCRETE_CONFORMER_AND_H_REFINEMENT,False,False
P:357,N,PARENT_HBN,PARENT,4.89,3.823,3.232,GLOBAL_DISCRETE_CONFORMER_AND_H_REFINEMENT,False,False
P:358,B,PARENT_HBN,PARENT,4.838,4.068,3.087,GLOBAL_DISCRETE_CONFORMER_AND_H_REFINEMENT,False,False
P:359,N,PARENT_HBN,PARENT,4.838,4.068,3.232,GLOBAL_DISCRETE_CONFORMER_AND_H_REFINEMENT,False,False
P:36,B,PARENT_HBN,PARENT,2.727,2.992,2.0,GLOBAL_DISCRETE_CONFORMER_AND_H_REFINEMENT,False,False
P:360,B,PARENT_HBN,PARENT,4.667,4.402,3.305,GLOBAL_DISCRETE_CONFORMER_AND_H_REFINEMENT,False,False
P:361,N,PARENT_HBN,PARENT,4.667,4.402,3.45,GLOBAL_DISCRETE_CONFORMER_AND_H_REFINEMENT,False,False
P:362,B,PARENT_HBN,PARENT,4.5,4.588,3.305,GLOBAL_DISCRETE_CONFORMER_AND_H_REFINEMENT,False,False
P:363,N,PARENT_HBN,PARENT,4.5,4.588,3.45,GLOBAL_DISCRETE_CONFORMER_AND_H_REFINEMENT,False,False
P:364,B,PARENT_HBN,PARENT,4.297,4.736,3.305,GLOBAL_DISCRETE_CONFORMER_AND_H_REFINEMENT,False,False
P:365,N,PARENT_HBN,PARENT,4.297,4.736,3.45,GLOBAL_DISCRETE_CONFORMER_AND_H_REFINEMENT,False,False
P:366,B,PARENT_HBN,PARENT,4.068,4.838,3.305,GLOBAL_DISCRETE_CONFORMER_AND_H_REFINEMENT,False,False
P:367,N,PARENT_HBN,PARENT,4.068,4.838,3.45,GLOBAL_DISCRETE_CONFORMER_AND_H_REFINEMENT,False,False
P:368,B,PARENT_HBN,PARENT,3.823,4.89,3.305,GLOBAL_DISCRETE_CONFORMER_AND_H_REFINEMENT,False,False
P:369,N,PARENT_HBN,PARENT,3.823,4.89,3.45,GLOBAL_DISCRETE_CONFORMER_AND_H_REFINEMENT,False,False
P:37,N,PARENT_HBN,PARENT,2.727,2.992,2.145,GLOBAL_DISCRETE_CONFORMER_AND_H_REFINEMENT,False,False
P:370,B,PARENT_HBN,PARENT,3.572,4.89,3.305,GLOBAL_DISCRETE_CONFORMER_AND_H_REFINEMENT,False,False
P:371,N,PARENT_HBN,PARENT,3.572,4.89,3.45,GLOBAL_DISCRETE_CONFORMER_AND_H_REFINEMENT,False,False
P:372,B,PARENT_HBN,PARENT,3.327,4.838,3.305,GLOBAL_DISCRETE_CONFORMER_AND_H_REFINEMENT,False,False
P:373,N,PARENT_HBN,PARENT,3.327,4.838,3.45,GLOBAL_DISCRETE_CONFORMER_AND_H_REFINEMENT,False,False
P:374,B,PARENT_HBN,PARENT,3.098,4.736,3.305,GLOBAL_DISCRETE_CONFORMER_AND_H_REFINEMENT,False,False
P:375,N,PARENT_HBN,PARENT,3.098,4.736,3.45,GLOBAL_DISCRETE_CONFORMER_AND_H_REFINEMENT,False,False
P:376,B,PARENT_HBN,PARENT,2.895,4.588,3.305,GLOBAL_DISCRETE_CONFORMER_AND_H_REFINEMENT,False,False
P:377,N,PARENT_HBN,PARENT,2.895,4.588,3.45,GLOBAL_DISCRETE_CONFORMER_AND_H_REFINEMENT,False,False
P:378,B,PARENT_HBN,PARENT,2.727,4.402,3.305,GLOBAL_DISCRETE_CONFORMER_AND_H_REFINEMENT,False,False
P:379,N,PARENT_HBN,PARENT,2.727,4.402,3.45,GLOBAL_DISCRETE_CONFORMER_AND_H_REFINEMENT,False,False
P:38,B,PARENT_HBN,PARENT,2.895,2.806,2.0,GLOBAL_DISCRETE_CONFORMER_AND_H_REFINEMENT,False,False
P:380,B,PARENT_HBN,PARENT,2.602,4.185,3.305,GLOBAL_DISCRETE_CONFORMER_AND_H_REFINEMENT,False,False
P:381,N,PARENT_HBN,PARENT,2.602,4.185,3.45,GLOBAL_DISCRETE_CONFORMER_AND_H_REFINEMENT,False,False
P:382,B,PARENT_HBN,PARENT,2.524,3.947,3.305,GLOBAL_DISCRETE_CONFORMER_AND_H_REFINEMENT,False,False
P:383,N,PARENT_HBN,PARENT,2.524,3.947,3.45,GLOBAL_DISCRETE_CONFORMER_AND_H_REFINEMENT,False,False
P:384,B,PARENT_HBN,PARENT,2.498,3.697,3.305,GLOBAL_DISCRETE_CONFORMER_AND_H_REFINEMENT,False,False
P:385,N,PARENT_HBN,PARENT,2.498,3.697,3.45,GLOBAL_DISCRETE_CONFORMER_AND_H_REFINEMENT,False,False
P:386,B,PARENT_HBN,PARENT,2.524,3.448,3.305,GLOBAL_DISCRETE_CONFORMER_AND_H_REFINEMENT,False,False
P:387,N,PARENT_HBN,PARENT,2.524,3.448,3.45,GLOBAL_DISCRETE_CONFORMER_AND_H_REFINEMENT,False,False
P:388,B,PARENT_HBN,PARENT,2.602,3.21,3.305,GLOBAL_DISCRETE_CONFORMER_AND_H_REFINEMENT,False,False
P:389,N,PARENT_HBN,PARENT,2.602,3.21,3.45,GLOBAL_DISCRETE_CONFORMER_AND_H_REFINEMENT,False,False
P:39,N,PARENT_HBN,PARENT,2.895,2.806,2.145,GLOBAL_DISCRETE_CONFORMER_AND_H_REFINEMENT,False,False
P:390,B,PARENT_HBN,PARENT,2.727,2.992,3.305,GLOBAL_DISCRETE_CONFORMER_AND_H_REFINEMENT,False,False
P:391,N,PARENT_HBN,PARENT,2.727,2.992,3.45,GLOBAL_DISCRETE_CONFORMER_AND_H_REFINEMENT,False,False
P:392,B,PARENT_HBN,PARENT,2.895,2.806,3.305,GLOBAL_DISCRETE_CONFORMER_AND_H_REFINEMENT,False,False
P:393,N,PARENT_HBN,PARENT,2.895,2.806,3.45,GLOBAL_DISCRETE_CONFORMER_AND_H_REFINEMENT,False,False
P:394,B,PARENT_HBN,PARENT,3.098,2.659,3.305,GLOBAL_DISCRETE_CONFORMER_AND_H_REFINEMENT,False,False
P:395,N,PARENT_HBN,PARENT,3.098,2.659,3.45,GLOBAL_DISCRETE_CONFORMER_AND_H_REFINEMENT,False,False
P:396,B,PARENT_HBN,PARENT,3.327,2.557,3.305,GLOBAL_DISCRETE_CONFORMER_AND_H_REFINEMENT,False,False
P:397,N,PARENT_HBN,PARENT,3.327,2.557,3.45,GLOBAL_DISCRETE_CONFORMER_AND_H_REFINEMENT,False,False
P:398,B,PARENT_HBN,PARENT,3.572,2.505,3.305,GLOBAL_DISCRETE_CONFORMER_AND_H_REFINEMENT,False,False
P:399,N,PARENT_HBN,PARENT,3.572,2.505,3.45,GLOBAL_DISCRETE_CONFORMER_AND_H_REFINEMENT,False,False
P:4,B,PARENT_HBN,PARENT,4.793,4.185,2.0,GLOBAL_DISCRETE_CONFORMER_AND_H_REFINEMENT,False,False
P:40,B,PARENT_HBN,PARENT,3.098,2.659,2.0,GLOBAL_DISCRETE_CONFORMER_AND_H_REFINEMENT,False,False
P:400,B,PARENT_HBN,PARENT,3.823,2.505,3.305,GLOBAL_DISCRETE_CONFORMER_AND_H_REFINEMENT,False,False
P:401,N,PARENT_HBN,PARENT,3.823,2.505,3.45,GLOBAL_DISCRETE_CONFORMER_AND_H_REFINEMENT,False,False
P:402,B,PARENT_HBN,PARENT,4.068,2.557,3.305,GLOBAL_DISCRETE_CONFORMER_AND_H_REFINEMENT,False,False
P:403,N,PARENT_HBN,PARENT,4.068,2.557,3.45,GLOBAL_DISCRETE_CONFORMER_AND_H_REFINEMENT,False,False
P:404,B,PARENT_HBN,PARENT,4.297,2.659,3.305,GLOBAL_DISCRETE_CONFORMER_AND_H_REFINEMENT,False,False
P:405,N,PARENT_HBN,PARENT,4.297,2.659,3.45,GLOBAL_DISCRETE_CONFORMER_AND_H_REFINEMENT,False,False
P:406,B,PARENT_HBN,PARENT,4.5,2.806,3.305,GLOBAL_DISCRETE_CONFORMER_AND_H_REFINEMENT,False,False
P:407,N,PARENT_HBN,PARENT,4.5,2.806,3.45,GLOBAL_DISCRETE_CONFORMER_AND_H_REFINEMENT,False,False
P:408,B,PARENT_HBN,PARENT,4.667,2.992,3.305,GLOBAL_DISCRETE_CONFORMER_AND_H_REFINEMENT,False,False
P:409,N,PARENT_HBN,PARENT,4.667,2.992,3.45,GLOBAL_DISCRETE_CONFORMER_AND_H_REFINEMENT,False,False
P:41,N,PARENT_HBN,PARENT,3.098,2.659,2.145,GLOBAL_DISCRETE_CONFORMER_AND_H_REFINEMENT,False,False
P:410,B,PARENT_HBN,PARENT,4.793,3.21,3.305,GLOBAL_DISCRETE_CONFORMER_AND_H_REFINEMENT,False,False
P:411,N,PARENT_HBN,PARENT,4.793,3.21,3.45,GLOBAL_DISCRETE_CONFORMER_AND_H_REFINEMENT,False,False
P:412,B,PARENT_HBN,PARENT,4.87,3.448,3.305,GLOBAL_DISCRETE_CONFORMER_AND_H_REFINEMENT,False,False
P:413,N,PARENT_HBN,PARENT,4.87,3.448,3.45,GLOBAL_DISCRETE_CONFORMER_AND_H_REFINEMENT,False,False
P:414,B,PARENT_HBN,PARENT,4.896,3.697,3.305,GLOBAL_DISCRETE_CONFORMER_AND_H_REFINEMENT,False,False
P:415,N,PARENT_HBN,PARENT,4.896,3.697,3.45,GLOBAL_DISCRETE_CONFORMER_AND_H_REFINEMENT,False,False
P:416,B,PARENT_HBN,PARENT,4.87,3.947,3.305,GLOBAL_DISCRETE_CONFORMER_AND_H_REFINEMENT,False,False
P:417,N,PARENT_HBN,PARENT,4.87,3.947,3.45,GLOBAL_DISCRETE_CONFORMER_AND_H_REFINEMENT,False,False
P:418,B,PARENT_HBN,PARENT,4.793,4.185,3.305,GLOBAL_DISCRETE_CONFORMER_AND_H_REFINEMENT,False,False
P:419,N,PARENT_HBN,PARENT,4.793,4.185,3.45,GLOBAL_DISCRETE_CONFORMER_AND_H_REFINEMENT,False,False
P:42,B,PARENT_HBN,PARENT,3.327,2.557,2.0,GLOBAL_DISCRETE_CONFORMER_AND_H_REFINEMENT,False,False
P:420,B,PARENT_HBN,PARENT,4.588,4.5,3.522,GLOBAL_DISCRETE_CONFORMER_AND_H_REFINEMENT,False,False
P:421,N,PARENT_HBN,PARENT,4.588,4.5,3.667,GLOBAL_DISCRETE_CONFORMER_AND_H_REFINEMENT,False,False
P:422,B,PARENT_HBN,PARENT,4.402,4.667,3.522,GLOBAL_DISCRETE_CONFORMER_AND_H_REFINEMENT,False,False
P:423,N,PARENT_HBN,PARENT,4.402,4.667,3.667,GLOBAL_DISCRETE_CONFORMER_AND_H_REFINEMENT,False,False
P:424,B,PARENT_HBN,PARENT,4.185,4.793,3.522,GLOBAL_DISCRETE_CONFORMER_AND_H_REFINEMENT,False,False
P:425,N,PARENT_HBN,PARENT,4.185,4.793,3.667,GLOBAL_DISCRETE_CONFORMER_AND_H_REFINEMENT,False,False
P:426,B,PARENT_HBN,PARENT,3.947,4.87,3.522,GLOBAL_DISCRETE_CONFORMER_AND_H_REFINEMENT,False,False
P:427,N,PARENT_HBN,PARENT,3.947,4.87,3.667,GLOBAL_DISCRETE_CONFORMER_AND_H_REFINEMENT,False,False
P:428,B,PARENT_HBN,PARENT,3.697,4.896,3.522,GLOBAL_DISCRETE_CONFORMER_AND_H_REFINEMENT,False,False
P:429,N,PARENT_HBN,PARENT,3.697,4.896,3.667,GLOBAL_DISCRETE_CONFORMER_AND_H_REFINEMENT,False,False
P:43,N,PARENT_HBN,PARENT,3.327,2.557,2.145,GLOBAL_DISCRETE_CONFORMER_AND_H_REFINEMENT,False,False
P:430,B,PARENT_HBN,PARENT,3.448,4.87,3.522,GLOBAL_DISCRETE_CONFORMER_AND_H_REFINEMENT,False,False
P:431,N,PARENT_HBN,PARENT,3.448,4.87,3.667,GLOBAL_DISCRETE_CONFORMER_AND_H_REFINEMENT,False,False
P:432,B,PARENT_HBN,PARENT,3.21,4.793,3.522,GLOBAL_DISCRETE_CONFORMER_AND_H_REFINEMENT,False,False
P:433,N,PARENT_HBN,PARENT,3.21,4.793,3.667,GLOBAL_DISCRETE_CONFORMER_AND_H_REFINEMENT,False,False
P:434,B,PARENT_HBN,PARENT,2.992,4.667,3.522,GLOBAL_DISCRETE_CONFORMER_AND_H_REFINEMENT,False,False
P:435,N,PARENT_HBN,PARENT,2.992,4.667,3.667,GLOBAL_DISCRETE_CONFORMER_AND_H_REFINEMENT,False,False
P:436,B,PARENT_HBN,PARENT,2.806,4.5,3.522,GLOBAL_DISCRETE_CONFORMER_AND_H_REFINEMENT,False,False
P:437,N,PARENT_HBN,PARENT,2.806,4.5,3.667,GLOBAL_DISCRETE_CONFORMER_AND_H_REFINEMENT,False,False
P:438,B,PARENT_HBN,PARENT,2.659,4.297,3.522,GLOBAL_DISCRETE_CONFORMER_AND_H_REFINEMENT,False,False
P:439,N,PARENT_HBN,PARENT,2.659,4.297,3.667,GLOBAL_DISCRETE_CONFORMER_AND_H_REFINEMENT,False,False
P:44,B,PARENT_HBN,PARENT,3.572,2.505,2.0,GLOBAL_DISCRETE_CONFORMER_AND_H_REFINEMENT,False,False
P:440,B,PARENT_HBN,PARENT,2.557,4.068,3.522,GLOBAL_DISCRETE_CONFORMER_AND_H_REFINEMENT,False,False
P:441,N,PARENT_HBN,PARENT,2.557,4.068,3.667,GLOBAL_DISCRETE_CONFORMER_AND_H_REFINEMENT,False,False
P:442,B,PARENT_HBN,PARENT,2.505,3.823,3.522,GLOBAL_DISCRETE_CONFORMER_AND_H_REFINEMENT,False,False
P:443,N,PARENT_HBN,PARENT,2.505,3.823,3.667,GLOBAL_DISCRETE_CONFORMER_AND_H_REFINEMENT,False,False
P:444,B,PARENT_HBN,PARENT,2.505,3.572,3.522,GLOBAL_DISCRETE_CONFORMER_AND_H_REFINEMENT,False,False
P:445,N,PARENT_HBN,PARENT,2.505,3.572,3.667,GLOBAL_DISCRETE_CONFORMER_AND_H_REFINEMENT,False,False
P:446,B,PARENT_HBN,PARENT,2.557,3.327,3.522,GLOBAL_DISCRETE_CONFORMER_AND_H_REFINEMENT,False,False
P:447,N,PARENT_HBN,PARENT,2.557,3.327,3.667,GLOBAL_DISCRETE_CONFORMER_AND_H_REFINEMENT,False,False
P:448,B,PARENT_HBN,PARENT,2.659,3.098,3.522,GLOBAL_DISCRETE_CONFORMER_AND_H_REFINEMENT,False,False
P:449,N,PARENT_HBN,PARENT,2.659,3.098,3.667,GLOBAL_DISCRETE_CONFORMER_AND_H_REFINEMENT,False,False
P:45,N,PARENT_HBN,PARENT,3.572,2.505,2.145,GLOBAL_DISCRETE_CONFORMER_AND_H_REFINEMENT,False,False
P:450,B,PARENT_HBN,PARENT,2.806,2.895,3.522,GLOBAL_DISCRETE_CONFORMER_AND_H_REFINEMENT,False,False
P:451,N,PARENT_HBN,PARENT,2.806,2.895,3.667,GLOBAL_DISCRETE_CONFORMER_AND_H_REFINEMENT,False,False
P:452,B,PARENT_HBN,PARENT,2.992,2.727,3.522,GLOBAL_DISCRETE_CONFORMER_AND_H_REFINEMENT,False,False
P:453,N,PARENT_HBN,PARENT,2.992,2.727,3.667,GLOBAL_DISCRETE_CONFORMER_AND_H_REFINEMENT,False,False
P:454,B,PARENT_HBN,PARENT,3.21,2.602,3.522,GLOBAL_DISCRETE_CONFORMER_AND_H_REFINEMENT,False,False
P:455,N,PARENT_HBN,PARENT,3.21,2.602,3.667,GLOBAL_DISCRETE_CONFORMER_AND_H_REFINEMENT,False,False
P:456,B,PARENT_HBN,PARENT,3.448,2.524,3.522,GLOBAL_DISCRETE_CONFORMER_AND_H_REFINEMENT,False,False
P:457,N,PARENT_HBN,PARENT,3.448,2.524,3.667,GLOBAL_DISCRETE_CONFORMER_AND_H_REFINEMENT,False,False
P:458,B,PARENT_HBN,PARENT,3.697,2.498,3.522,GLOBAL_DISCRETE_CONFORMER_AND_H_REFINEMENT,False,False
P:459,N,PARENT_HBN,PARENT,3.697,2.498,3.667,GLOBAL_DISCRETE_CONFORMER_AND_H_REFINEMENT,False,False
P:46,B,PARENT_HBN,PARENT,3.823,2.505,2.0,GLOBAL_DISCRETE_CONFORMER_AND_H_REFINEMENT,False,False
P:460,B,PARENT_HBN,PARENT,3.947,2.524,3.522,GLOBAL_DISCRETE_CONFORMER_AND_H_REFINEMENT,False,False
P:461,N,PARENT_HBN,PARENT,3.947,2.524,3.667,GLOBAL_DISCRETE_CONFORMER_AND_H_REFINEMENT,False,False
P:462,B,PARENT_HBN,PARENT,4.185,2.602,3.522,GLOBAL_DISCRETE_CONFORMER_AND_H_REFINEMENT,False,False
P:463,N,PARENT_HBN,PARENT,4.185,2.602,3.667,GLOBAL_DISCRETE_CONFORMER_AND_H_REFINEMENT,False,False
P:464,B,PARENT_HBN,PARENT,4.402,2.727,3.522,GLOBAL_DISCRETE_CONFORMER_AND_H_REFINEMENT,False,False
P:465,N,PARENT_HBN,PARENT,4.402,2.727,3.667,GLOBAL_DISCRETE_CONFORMER_AND_H_REFINEMENT,False,False
P:466,B,PARENT_HBN,PARENT,4.588,2.895,3.522,GLOBAL_DISCRETE_CONFORMER_AND_H_REFINEMENT,False,False
P:467,N,PARENT_HBN,PARENT,4.588,2.895,3.667,GLOBAL_DISCRETE_CONFORMER_AND_H_REFINEMENT,False,False
P:468,B,PARENT_HBN,PARENT,4.736,3.098,3.522,GLOBAL_DISCRETE_CONFORMER_AND_H_REFINEMENT,False,False
P:469,N,PARENT_HBN,PARENT,4.736,3.098,3.667,GLOBAL_DISCRETE_CONFORMER_AND_H_REFINEMENT,False,False
P:47,N,PARENT_HBN,PARENT,3.823,2.505,2.145,GLOBAL_DISCRETE_CONFORMER_AND_H_REFINEMENT,False,False
P:470,B,PARENT_HBN,PARENT,4.838,3.327,3.522,GLOBAL_DISCRETE_CONFORMER_AND_H_REFINEMENT,False,False
P:471,N,PARENT_HBN,PARENT,4.838,3.327,3.667,GLOBAL_DISCRETE_CONFORMER_AND_H_REFINEMENT,False,False
P:472,B,PARENT_HBN,PARENT,4.89,3.572,3.522,GLOBAL_DISCRETE_CONFORMER_AND_H_REFINEMENT,False,False
P:473,N,PARENT_HBN,PARENT,4.89,3.572,3.667,GLOBAL_DISCRETE_CONFORMER_AND_H_REFINEMENT,False,False
P:474,B,PARENT_HBN,PARENT,4.89,3.823,3.522,GLOBAL_DISCRETE_CONFORMER_AND_H_REFINEMENT,False,False
P:475,N,PARENT_HBN,PARENT,4.89,3.823,3.667,GLOBAL_DISCRETE_CONFORMER_AND_H_REFINEMENT,False,False
P:476,B,PARENT_HBN,PARENT,4.838,4.068,3.522,GLOBAL_DISCRETE_CONFORMER_AND_H_REFINEMENT,False,False
P:477,N,PARENT_HBN,PARENT,4.838,4.068,3.667,GLOBAL_DISCRETE_CONFORMER_AND_H_REFINEMENT,False,False
P:478,B,PARENT_HBN,PARENT,4.736,4.297,3.522,GLOBAL_DISCRETE_CONFORMER_AND_H_REFINEMENT,False,False
P:479,N,PARENT_HBN,PARENT,4.736,4.297,3.667,GLOBAL_DISCRETE_CONFORMER_AND_H_REFINEMENT,False,False
P:48,B,PARENT_HBN,PARENT,4.068,2.557,2.0,GLOBAL_DISCRETE_CONFORMER_AND_H_REFINEMENT,False,False
P:480,B,PARENT_HBN,PARENT,4.5,4.588,3.74,GLOBAL_DISCRETE_CONFORMER_AND_H_REFINEMENT,False,False
P:481,N,PARENT_HBN,PARENT,4.5,4.588,3.885,GLOBAL_DISCRETE_CONFORMER_AND_H_REFINEMENT,False,False
P:482,B,PARENT_HBN,PARENT,4.297,4.736,3.74,GLOBAL_DISCRETE_CONFORMER_AND_H_REFINEMENT,False,False
P:483,N,PARENT_HBN,PARENT,4.297,4.736,3.885,GLOBAL_DISCRETE_CONFORMER_AND_H_REFINEMENT,False,False
P:484,B,PARENT_HBN,PARENT,4.068,4.838,3.74,GLOBAL_DISCRETE_CONFORMER_AND_H_REFINEMENT,False,False
P:485,N,PARENT_HBN,PARENT,4.068,4.838,3.885,GLOBAL_DISCRETE_CONFORMER_AND_H_REFINEMENT,False,False
P:486,B,PARENT_HBN,PARENT,3.823,4.89,3.74,GLOBAL_DISCRETE_CONFORMER_AND_H_REFINEMENT,False,False
P:487,N,PARENT_HBN,PARENT,3.823,4.89,3.885,GLOBAL_DISCRETE_CONFORMER_AND_H_REFINEMENT,False,False
P:488,B,PARENT_HBN,PARENT,3.572,4.89,3.74,GLOBAL_DISCRETE_CONFORMER_AND_H_REFINEMENT,False,False
P:489,N,PARENT_HBN,PARENT,3.572,4.89,3.885,GLOBAL_DISCRETE_CONFORMER_AND_H_REFINEMENT,False,False
P:49,N,PARENT_HBN,PARENT,4.068,2.557,2.145,GLOBAL_DISCRETE_CONFORMER_AND_H_REFINEMENT,False,False
P:490,B,PARENT_HBN,PARENT,3.327,4.838,3.74,GLOBAL_DISCRETE_CONFORMER_AND_H_REFINEMENT,False,False
P:491,N,PARENT_HBN,PARENT,3.327,4.838,3.885,GLOBAL_DISCRETE_CONFORMER_AND_H_REFINEMENT,False,False
P:492,B,PARENT_HBN,PARENT,3.098,4.736,3.74,GLOBAL_DISCRETE_CONFORMER_AND_H_REFINEMENT,False,False
P:493,N,PARENT_HBN,PARENT,3.098,4.736,3.885,GLOBAL_DISCRETE_CONFORMER_AND_H_REFINEMENT,False,False
P:494,B,PARENT_HBN,PARENT,2.895,4.588,3.74,GLOBAL_DISCRETE_CONFORMER_AND_H_REFINEMENT,False,False
P:495,N,PARENT_HBN,PARENT,2.895,4.588,3.885,GLOBAL_DISCRETE_CONFORMER_AND_H_REFINEMENT,False,False
P:496,B,PARENT_HBN,PARENT,2.727,4.402,3.74,GLOBAL_DISCRETE_CONFORMER_AND_H_REFINEMENT,False,False
P:497,N,PARENT_HBN,PARENT,2.727,4.402,3.885,GLOBAL_DISCRETE_CONFORMER_AND_H_REFINEMENT,False,False
P:498,B,PARENT_HBN,PARENT,2.602,4.185,3.74,GLOBAL_DISCRETE_CONFORMER_AND_H_REFINEMENT,False,False
P:499,N,PARENT_HBN,PARENT,2.602,4.185,3.885,GLOBAL_DISCRETE_CONFORMER_AND_H_REFINEMENT,False,False
P:5,N,PARENT_HBN,PARENT,4.793,4.185,2.145,GLOBAL_DISCRETE_CONFORMER_AND_H_REFINEMENT,False,False
P:50,B,PARENT_HBN,PARENT,4.297,2.659,2.0,GLOBAL_DISCRETE_CONFORMER_AND_H_REFINEMENT,False,False
P:500,B,PARENT_HBN,PARENT,2.524,3.947,3.74,GLOBAL_DISCRETE_CONFORMER_AND_H_REFINEMENT,False,False
P:501,N,PARENT_HBN,PARENT,2.524,3.947,3.885,GLOBAL_DISCRETE_CONFORMER_AND_H_REFINEMENT,False,False
P:502,B,PARENT_HBN,PARENT,2.498,3.697,3.74,GLOBAL_DISCRETE_CONFORMER_AND_H_REFINEMENT,False,False
P:503,N,PARENT_HBN,PARENT,2.498,3.697,3.885,GLOBAL_DISCRETE_CONFORMER_AND_H_REFINEMENT,False,False
P:504,B,PARENT_HBN,PARENT,2.524,3.448,3.74,GLOBAL_DISCRETE_CONFORMER_AND_H_REFINEMENT,False,False
P:505,N,PARENT_HBN,PARENT,2.524,3.448,3.885,GLOBAL_DISCRETE_CONFORMER_AND_H_REFINEMENT,False,False
P:506,B,PARENT_HBN,PARENT,2.602,3.21,3.74,GLOBAL_DISCRETE_CONFORMER_AND_H_REFINEMENT,False,False
P:507,N,PARENT_HBN,PARENT,2.602,3.21,3.885,GLOBAL_DISCRETE_CONFORMER_AND_H_REFINEMENT,False,False
P:508,B,PARENT_HBN,PARENT,2.727,2.992,3.74,GLOBAL_DISCRETE_CONFORMER_AND_H_REFINEMENT,False,False
P:509,N,PARENT_HBN,PARENT,2.727,2.992,3.885,GLOBAL_DISCRETE_CONFORMER_AND_H_REFINEMENT,False,False
P:51,N,PARENT_HBN,PARENT,4.297,2.659,2.145,GLOBAL_DISCRETE_CONFORMER_AND_H_REFINEMENT,False,False
P:510,B,PARENT_HBN,PARENT,2.895,2.806,3.74,GLOBAL_DISCRETE_CONFORMER_AND_H_REFINEMENT,False,False
P:511,N,PARENT_HBN,PARENT,2.895,2.806,3.885,GLOBAL_DISCRETE_CONFORMER_AND_H_REFINEMENT,False,False
P:512,B,PARENT_HBN,PARENT,3.098,2.659,3.74,GLOBAL_DISCRETE_CONFORMER_AND_H_REFINEMENT,False,False
P:513,N,PARENT_HBN,PARENT,3.098,2.659,3.885,GLOBAL_DISCRETE_CONFORMER_AND_H_REFINEMENT,False,False
P:514,B,PARENT_HBN,PARENT,3.327,2.557,3.74,GLOBAL_DISCRETE_CONFORMER_AND_H_REFINEMENT,False,False
P:515,N,PARENT_HBN,PARENT,3.327,2.557,3.885,GLOBAL_DISCRETE_CONFORMER_AND_H_REFINEMENT,False,False
P:516,B,PARENT_HBN,PARENT,3.572,2.505,3.74,GLOBAL_DISCRETE_CONFORMER_AND_H_REFINEMENT,False,False
P:517,N,PARENT_HBN,PARENT,3.572,2.505,3.885,GLOBAL_DISCRETE_CONFORMER_AND_H_REFINEMENT,False,False
P:518,B,PARENT_HBN,PARENT,3.823,2.505,3.74,GLOBAL_DISCRETE_CONFORMER_AND_H_REFINEMENT,False,False
P:519,N,PARENT_HBN,PARENT,3.823,2.505,3.885,GLOBAL_DISCRETE_CONFORMER_AND_H_REFINEMENT,False,False
P:52,B,PARENT_HBN,PARENT,4.5,2.806,2.0,GLOBAL_DISCRETE_CONFORMER_AND_H_REFINEMENT,False,False
P:520,B,PARENT_HBN,PARENT,4.068,2.557,3.74,GLOBAL_DISCRETE_CONFORMER_AND_H_REFINEMENT,False,False
P:521,N,PARENT_HBN,PARENT,4.068,2.557,3.885,GLOBAL_DISCRETE_CONFORMER_AND_H_REFINEMENT,False,False
P:522,B,PARENT_HBN,PARENT,4.297,2.659,3.74,GLOBAL_DISCRETE_CONFORMER_AND_H_REFINEMENT,False,False
P:523,N,PARENT_HBN,PARENT,4.297,2.659,3.885,GLOBAL_DISCRETE_CONFORMER_AND_H_REFINEMENT,False,False
P:524,B,PARENT_HBN,PARENT,4.5,2.806,3.74,GLOBAL_DISCRETE_CONFORMER_AND_H_REFINEMENT,False,False
P:525,N,PARENT_HBN,PARENT,4.5,2.806,3.885,GLOBAL_DISCRETE_CONFORMER_AND_H_REFINEMENT,False,False
P:526,B,PARENT_HBN,PARENT,4.667,2.992,3.74,GLOBAL_DISCRETE_CONFORMER_AND_H_REFINEMENT,False,False
P:527,N,PARENT_HBN,PARENT,4.667,2.992,3.885,GLOBAL_DISCRETE_CONFORMER_AND_H_REFINEMENT,False,False
P:528,B,PARENT_HBN,PARENT,4.793,3.21,3.74,GLOBAL_DISCRETE_CONFORMER_AND_H_REFINEMENT,False,False
P:529,N,PARENT_HBN,PARENT,4.793,3.21,3.885,GLOBAL_DISCRETE_CONFORMER_AND_H_REFINEMENT,False,False
P:53,N,PARENT_HBN,PARENT,4.5,2.806,2.145,GLOBAL_DISCRETE_CONFORMER_AND_H_REFINEMENT,False,False
P:530,B,PARENT_HBN,PARENT,4.87,3.448,3.74,GLOBAL_DISCRETE_CONFORMER_AND_H_REFINEMENT,False,False
P:531,N,PARENT_HBN,PARENT,4.87,3.448,3.885,GLOBAL_DISCRETE_CONFORMER_AND_H_REFINEMENT,False,False
P:532,B,PARENT_HBN,PARENT,4.896,3.697,3.74,GLOBAL_DISCRETE_CONFORMER_AND_H_REFINEMENT,False,False
P:533,N,PARENT_HBN,PARENT,4.896,3.697,3.885,GLOBAL_DISCRETE_CONFORMER_AND_H_REFINEMENT,False,False
P:534,B,PARENT_HBN,PARENT,4.87,3.947,3.74,GLOBAL_DISCRETE_CONFORMER_AND_H_REFINEMENT,False,False
P:535,N,PARENT_HBN,PARENT,4.87,3.947,3.885,GLOBAL_DISCRETE_CONFORMER_AND_H_REFINEMENT,False,False
P:536,B,PARENT_HBN,PARENT,4.793,4.185,3.74,GLOBAL_DISCRETE_CONFORMER_AND_H_REFINEMENT,False,False
P:537,N,PARENT_HBN,PARENT,4.793,4.185,3.885,GLOBAL_DISCRETE_CONFORMER_AND_H_REFINEMENT,False,False
P:538,B,PARENT_HBN,PARENT,4.667,4.402,3.74,GLOBAL_DISCRETE_CONFORMER_AND_H_REFINEMENT,False,False
P:539,N,PARENT_HBN,PARENT,4.667,4.402,3.885,GLOBAL_DISCRETE_CONFORMER_AND_H_REFINEMENT,False,False
P:54,B,PARENT_HBN,PARENT,4.667,2.992,2.0,GLOBAL_DISCRETE_CONFORMER_AND_H_REFINEMENT,False,False
P:540,B,PARENT_HBN,PARENT,4.402,4.667,3.958,GLOBAL_DISCRETE_CONFORMER_AND_H_REFINEMENT,False,False
P:541,N,PARENT_HBN,PARENT,4.402,4.667,4.103,GLOBAL_DISCRETE_CONFORMER_AND_H_REFINEMENT,False,False
P:542,B,PARENT_HBN,PARENT,4.185,4.793,3.958,GLOBAL_DISCRETE_CONFORMER_AND_H_REFINEMENT,False,False
P:543,N,PARENT_HBN,PARENT,4.185,4.793,4.103,GLOBAL_DISCRETE_CONFORMER_AND_H_REFINEMENT,False,False
P:544,B,PARENT_HBN,PARENT,3.947,4.87,3.958,GLOBAL_DISCRETE_CONFORMER_AND_H_REFINEMENT,False,False
P:545,N,PARENT_HBN,PARENT,3.947,4.87,4.103,GLOBAL_DISCRETE_CONFORMER_AND_H_REFINEMENT,False,False
P:546,B,PARENT_HBN,PARENT,3.697,4.896,3.958,GLOBAL_DISCRETE_CONFORMER_AND_H_REFINEMENT,False,False
P:547,N,PARENT_HBN,PARENT,3.697,4.896,4.103,GLOBAL_DISCRETE_CONFORMER_AND_H_REFINEMENT,False,False
P:548,B,PARENT_HBN,PARENT,3.448,4.87,3.958,GLOBAL_DISCRETE_CONFORMER_AND_H_REFINEMENT,False,False
P:549,N,PARENT_HBN,PARENT,3.448,4.87,4.103,GLOBAL_DISCRETE_CONFORMER_AND_H_REFINEMENT,False,False
P:55,N,PARENT_HBN,PARENT,4.667,2.992,2.145,GLOBAL_DISCRETE_CONFORMER_AND_H_REFINEMENT,False,False
P:550,B,PARENT_HBN,PARENT,3.21,4.793,3.958,GLOBAL_DISCRETE_CONFORMER_AND_H_REFINEMENT,False,False
P:551,N,PARENT_HBN,PARENT,3.21,4.793,4.103,GLOBAL_DISCRETE_CONFORMER_AND_H_REFINEMENT,False,False
P:552,B,PARENT_HBN,PARENT,2.992,4.667,3.958,GLOBAL_DISCRETE_CONFORMER_AND_H_REFINEMENT,False,False
P:553,N,PARENT_HBN,PARENT,2.992,4.667,4.103,GLOBAL_DISCRETE_CONFORMER_AND_H_REFINEMENT,False,False
P:554,B,PARENT_HBN,PARENT,2.806,4.5,3.958,GLOBAL_DISCRETE_CONFORMER_AND_H_REFINEMENT,False,False
P:555,N,PARENT_HBN,PARENT,2.806,4.5,4.103,GLOBAL_DISCRETE_CONFORMER_AND_H_REFINEMENT,False,False
P:556,B,PARENT_HBN,PARENT,2.659,4.297,3.958,GLOBAL_DISCRETE_CONFORMER_AND_H_REFINEMENT,False,False
P:557,N,PARENT_HBN,PARENT,2.659,4.297,4.103,GLOBAL_DISCRETE_CONFORMER_AND_H_REFINEMENT,False,False
P:558,B,PARENT_HBN,PARENT,2.557,4.068,3.958,GLOBAL_DISCRETE_CONFORMER_AND_H_REFINEMENT,False,False
P:559,N,PARENT_HBN,PARENT,2.557,4.068,4.103,GLOBAL_DISCRETE_CONFORMER_AND_H_REFINEMENT,False,False
P:56,B,PARENT_HBN,PARENT,4.793,3.21,2.0,GLOBAL_DISCRETE_CONFORMER_AND_H_REFINEMENT,False,False
P:560,B,PARENT_HBN,PARENT,2.505,3.823,3.958,GLOBAL_DISCRETE_CONFORMER_AND_H_REFINEMENT,False,False
P:561,N,PARENT_HBN,PARENT,2.505,3.823,4.103,GLOBAL_DISCRETE_CONFORMER_AND_H_REFINEMENT,False,False
P:562,B,PARENT_HBN,PARENT,2.505,3.572,3.958,GLOBAL_DISCRETE_CONFORMER_AND_H_REFINEMENT,False,False
P:563,N,PARENT_HBN,PARENT,2.505,3.572,4.103,GLOBAL_DISCRETE_CONFORMER_AND_H_REFINEMENT,False,False
P:564,B,PARENT_HBN,PARENT,2.557,3.327,3.958,GLOBAL_DISCRETE_CONFORMER_AND_H_REFINEMENT,False,False
P:565,N,PARENT_HBN,PARENT,2.557,3.327,4.103,GLOBAL_DISCRETE_CONFORMER_AND_H_REFINEMENT,False,False
P:566,B,PARENT_HBN,PARENT,2.659,3.098,3.958,GLOBAL_DISCRETE_CONFORMER_AND_H_REFINEMENT,False,False
P:567,N,PARENT_HBN,PARENT,2.659,3.098,4.103,GLOBAL_DISCRETE_CONFORMER_AND_H_REFINEMENT,False,False
P:568,B,PARENT_HBN,PARENT,2.806,2.895,3.958,GLOBAL_DISCRETE_CONFORMER_AND_H_REFINEMENT,False,False
P:569,N,PARENT_HBN,PARENT,2.806,2.895,4.103,GLOBAL_DISCRETE_CONFORMER_AND_H_REFINEMENT,False,False
P:57,N,PARENT_HBN,PARENT,4.793,3.21,2.145,GLOBAL_DISCRETE_CONFORMER_AND_H_REFINEMENT,False,False
P:570,B,PARENT_HBN,PARENT,2.992,2.727,3.958,GLOBAL_DISCRETE_CONFORMER_AND_H_REFINEMENT,False,False
P:571,N,PARENT_HBN,PARENT,2.992,2.727,4.103,GLOBAL_DISCRETE_CONFORMER_AND_H_REFINEMENT,False,False
P:572,B,PARENT_HBN,PARENT,3.21,2.602,3.958,GLOBAL_DISCRETE_CONFORMER_AND_H_REFINEMENT,False,False
P:573,N,PARENT_HBN,PARENT,3.21,2.602,4.103,GLOBAL_DISCRETE_CONFORMER_AND_H_REFINEMENT,False,False
P:574,B,PARENT_HBN,PARENT,3.448,2.524,3.958,GLOBAL_DISCRETE_CONFORMER_AND_H_REFINEMENT,False,False
P:575,N,PARENT_HBN,PARENT,3.448,2.524,4.103,GLOBAL_DISCRETE_CONFORMER_AND_H_REFINEMENT,False,False
P:576,B,PARENT_HBN,PARENT,3.697,2.498,3.958,GLOBAL_DISCRETE_CONFORMER_AND_H_REFINEMENT,False,False
P:577,N,PARENT_HBN,PARENT,3.697,2.498,4.103,GLOBAL_DISCRETE_CONFORMER_AND_H_REFINEMENT,False,False
P:578,B,PARENT_HBN,PARENT,3.947,2.524,3.958,GLOBAL_DISCRETE_CONFORMER_AND_H_REFINEMENT,False,False
P:579,N,PARENT_HBN,PARENT,3.947,2.524,4.103,GLOBAL_DISCRETE_CONFORMER_AND_H_REFINEMENT,False,False
P:58,B,PARENT_HBN,PARENT,4.87,3.448,2.0,GLOBAL_DISCRETE_CONFORMER_AND_H_REFINEMENT,False,False
P:580,B,PARENT_HBN,PARENT,4.185,2.602,3.958,GLOBAL_DISCRETE_CONFORMER_AND_H_REFINEMENT,False,False
P:581,N,PARENT_HBN,PARENT,4.185,2.602,4.103,GLOBAL_DISCRETE_CONFORMER_AND_H_REFINEMENT,False,False
P:582,B,PARENT_HBN,PARENT,4.402,2.727,3.958,GLOBAL_DISCRETE_CONFORMER_AND_H_REFINEMENT,False,False
P:583,N,PARENT_HBN,PARENT,4.402,2.727,4.103,GLOBAL_DISCRETE_CONFORMER_AND_H_REFINEMENT,False,False
P:584,B,PARENT_HBN,PARENT,4.588,2.895,3.958,GLOBAL_DISCRETE_CONFORMER_AND_H_REFINEMENT,False,False
P:585,N,PARENT_HBN,PARENT,4.588,2.895,4.103,GLOBAL_DISCRETE_CONFORMER_AND_H_REFINEMENT,False,False
P:586,B,PARENT_HBN,PARENT,4.736,3.098,3.958,GLOBAL_DISCRETE_CONFORMER_AND_H_REFINEMENT,False,False
P:587,N,PARENT_HBN,PARENT,4.736,3.098,4.103,GLOBAL_DISCRETE_CONFORMER_AND_H_REFINEMENT,False,False
P:588,B,PARENT_HBN,PARENT,4.838,3.327,3.958,GLOBAL_DISCRETE_CONFORMER_AND_H_REFINEMENT,False,False
P:589,N,PARENT_HBN,PARENT,4.838,3.327,4.103,GLOBAL_DISCRETE_CONFORMER_AND_H_REFINEMENT,False,False
P:59,N,PARENT_HBN,PARENT,4.87,3.448,2.145,GLOBAL_DISCRETE_CONFORMER_AND_H_REFINEMENT,False,False
P:590,B,PARENT_HBN,PARENT,4.89,3.572,3.958,GLOBAL_DISCRETE_CONFORMER_AND_H_REFINEMENT,False,False
P:591,N,PARENT_HBN,PARENT,4.89,3.572,4.103,GLOBAL_DISCRETE_CONFORMER_AND_H_REFINEMENT,False,False
P:592,B,PARENT_HBN,PARENT,4.89,3.823,3.958,GLOBAL_DISCRETE_CONFORMER_AND_H_REFINEMENT,False,False
P:593,N,PARENT_HBN,PARENT,4.89,3.823,4.103,GLOBAL_DISCRETE_CONFORMER_AND_H_REFINEMENT,False,False
P:594,B,PARENT_HBN,PARENT,4.838,4.068,3.958,GLOBAL_DISCRETE_CONFORMER_AND_H_REFINEMENT,False,False
P:595,N,PARENT_HBN,PARENT,4.838,4.068,4.103,GLOBAL_DISCRETE_CONFORMER_AND_H_REFINEMENT,False,False
P:596,B,PARENT_HBN,PARENT,4.736,4.297,3.958,GLOBAL_DISCRETE_CONFORMER_AND_H_REFINEMENT,False,False
P:597,N,PARENT_HBN,PARENT,4.736,4.297,4.103,GLOBAL_DISCRETE_CONFORMER_AND_H_REFINEMENT,False,False
P:598,B,PARENT_HBN,PARENT,4.588,4.5,3.958,GLOBAL_DISCRETE_CONFORMER_AND_H_REFINEMENT,False,False
P:599,N,PARENT_HBN,PARENT,4.588,4.5,4.103,GLOBAL_DISCRETE_CONFORMER_AND_H_REFINEMENT,False,False
P:6,B,PARENT_HBN,PARENT,4.667,4.402,2.0,GLOBAL_DISCRETE_CONFORMER_AND_H_REFINEMENT,False,False
P:60,B,PARENT_HBN,PARENT,4.89,3.823,2.217,GLOBAL_DISCRETE_CONFORMER_AND_H_REFINEMENT,False,False
P:600,B,PARENT_HBN,PARENT,4.297,4.736,4.175,GLOBAL_DISCRETE_CONFORMER_AND_H_REFINEMENT,False,False
P:601,N,PARENT_HBN,PARENT,4.297,4.736,4.32,GLOBAL_DISCRETE_CONFORMER_AND_H_REFINEMENT,False,False
P:602,B,PARENT_HBN,PARENT,4.068,4.838,4.175,GLOBAL_DISCRETE_CONFORMER_AND_H_REFINEMENT,False,False
P:603,N,PARENT_HBN,PARENT,4.068,4.838,4.32,GLOBAL_DISCRETE_CONFORMER_AND_H_REFINEMENT,False,False
P:604,B,PARENT_HBN,PARENT,3.823,4.89,4.175,GLOBAL_DISCRETE_CONFORMER_AND_H_REFINEMENT,False,False
P:605,N,PARENT_HBN,PARENT,3.823,4.89,4.32,GLOBAL_DISCRETE_CONFORMER_AND_H_REFINEMENT,False,False
P:606,B,PARENT_HBN,PARENT,3.572,4.89,4.175,GLOBAL_DISCRETE_CONFORMER_AND_H_REFINEMENT,False,False
P:607,N,PARENT_HBN,PARENT,3.572,4.89,4.32,GLOBAL_DISCRETE_CONFORMER_AND_H_REFINEMENT,False,False
P:608,B,PARENT_HBN,PARENT,3.327,4.838,4.175,GLOBAL_DISCRETE_CONFORMER_AND_H_REFINEMENT,False,False
P:609,N,PARENT_HBN,PARENT,3.327,4.838,4.32,GLOBAL_DISCRETE_CONFORMER_AND_H_REFINEMENT,False,False
P:61,N,PARENT_HBN,PARENT,4.89,3.823,2.362,GLOBAL_DISCRETE_CONFORMER_AND_H_REFINEMENT,False,False
P:610,B,PARENT_HBN,PARENT,3.098,4.736,4.175,GLOBAL_DISCRETE_CONFORMER_AND_H_REFINEMENT,False,False
P:611,N,PARENT_HBN,PARENT,3.098,4.736,4.32,GLOBAL_DISCRETE_CONFORMER_AND_H_REFINEMENT,False,False
P:612,B,PARENT_HBN,PARENT,2.895,4.588,4.175,GLOBAL_DISCRETE_CONFORMER_AND_H_REFINEMENT,False,False
P:613,N,PARENT_HBN,PARENT,2.895,4.588,4.32,GLOBAL_DISCRETE_CONFORMER_AND_H_REFINEMENT,False,False
P:614,B,PARENT_HBN,PARENT,2.727,4.402,4.175,GLOBAL_DISCRETE_CONFORMER_AND_H_REFINEMENT,False,False
P:615,N,PARENT_HBN,PARENT,2.727,4.402,4.32,GLOBAL_DISCRETE_CONFORMER_AND_H_REFINEMENT,False,False
P:616,B,PARENT_HBN,PARENT,2.602,4.185,4.175,GLOBAL_DISCRETE_CONFORMER_AND_H_REFINEMENT,False,False
P:617,N,PARENT_HBN,PARENT,2.602,4.185,4.32,GLOBAL_DISCRETE_CONFORMER_AND_H_REFINEMENT,False,False
P:618,B,PARENT_HBN,PARENT,2.524,3.947,4.175,GLOBAL_DISCRETE_CONFORMER_AND_H_REFINEMENT,False,False
P:619,N,PARENT_HBN,PARENT,2.524,3.947,4.32,GLOBAL_DISCRETE_CONFORMER_AND_H_REFINEMENT,False,False
P:62,B,PARENT_HBN,PARENT,4.838,4.068,2.217,GLOBAL_DISCRETE_CONFORMER_AND_H_REFINEMENT,False,False
P:620,B,PARENT_HBN,PARENT,2.498,3.697,4.175,GLOBAL_DISCRETE_CONFORMER_AND_H_REFINEMENT,False,False
P:621,N,PARENT_HBN,PARENT,2.498,3.697,4.32,GLOBAL_DISCRETE_CONFORMER_AND_H_REFINEMENT,False,False
P:622,B,PARENT_HBN,PARENT,2.524,3.448,4.175,GLOBAL_DISCRETE_CONFORMER_AND_H_REFINEMENT,False,False
P:623,N,PARENT_HBN,PARENT,2.524,3.448,4.32,GLOBAL_DISCRETE_CONFORMER_AND_H_REFINEMENT,False,False
P:624,B,PARENT_HBN,PARENT,2.602,3.21,4.175,GLOBAL_DISCRETE_CONFORMER_AND_H_REFINEMENT,False,False
P:625,N,PARENT_HBN,PARENT,2.602,3.21,4.32,GLOBAL_DISCRETE_CONFORMER_AND_H_REFINEMENT,False,False
P:626,B,PARENT_HBN,PARENT,2.727,2.992,4.175,GLOBAL_DISCRETE_CONFORMER_AND_H_REFINEMENT,False,False
P:627,N,PARENT_HBN,PARENT,2.727,2.992,4.32,GLOBAL_DISCRETE_CONFORMER_AND_H_REFINEMENT,False,False
P:628,B,PARENT_HBN,PARENT,2.895,2.806,4.175,GLOBAL_DISCRETE_CONFORMER_AND_H_REFINEMENT,False,False
P:629,N,PARENT_HBN,PARENT,2.895,2.806,4.32,GLOBAL_DISCRETE_CONFORMER_AND_H_REFINEMENT,False,False
P:63,N,PARENT_HBN,PARENT,4.838,4.068,2.362,GLOBAL_DISCRETE_CONFORMER_AND_H_REFINEMENT,False,False
P:630,B,PARENT_HBN,PARENT,3.098,2.659,4.175,GLOBAL_DISCRETE_CONFORMER_AND_H_REFINEMENT,False,False
P:631,N,PARENT_HBN,PARENT,3.098,2.659,4.32,GLOBAL_DISCRETE_CONFORMER_AND_H_REFINEMENT,False,False
P:632,B,PARENT_HBN,PARENT,3.327,2.557,4.175,GLOBAL_DISCRETE_CONFORMER_AND_H_REFINEMENT,False,False
P:633,N,PARENT_HBN,PARENT,3.327,2.557,4.32,GLOBAL_DISCRETE_CONFORMER_AND_H_REFINEMENT,False,False
P:634,B,PARENT_HBN,PARENT,3.572,2.505,4.175,GLOBAL_DISCRETE_CONFORMER_AND_H_REFINEMENT,False,False
P:635,N,PARENT_HBN,PARENT,3.572,2.505,4.32,GLOBAL_DISCRETE_CONFORMER_AND_H_REFINEMENT,False,False
P:636,B,PARENT_HBN,PARENT,3.823,2.505,4.175,GLOBAL_DISCRETE_CONFORMER_AND_H_REFINEMENT,False,False
P:637,N,PARENT_HBN,PARENT,3.823,2.505,4.32,GLOBAL_DISCRETE_CONFORMER_AND_H_REFINEMENT,False,False
P:638,B,PARENT_HBN,PARENT,4.068,2.557,4.175,GLOBAL_DISCRETE_CONFORMER_AND_H_REFINEMENT,False,False
P:639,N,PARENT_HBN,PARENT,4.068,2.557,4.32,GLOBAL_DISCRETE_CONFORMER_AND_H_REFINEMENT,False,False
P:64,B,PARENT_HBN,PARENT,4.736,4.297,2.217,GLOBAL_DISCRETE_CONFORMER_AND_H_REFINEMENT,False,False
P:640,B,PARENT_HBN,PARENT,4.297,2.659,4.175,GLOBAL_DISCRETE_CONFORMER_AND_H_REFINEMENT,False,False
P:641,N,PARENT_HBN,PARENT,4.297,2.659,4.32,GLOBAL_DISCRETE_CONFORMER_AND_H_REFINEMENT,False,False
P:642,B,PARENT_HBN,PARENT,4.5,2.806,4.175,GLOBAL_DISCRETE_CONFORMER_AND_H_REFINEMENT,False,False
P:643,N,PARENT_HBN,PARENT,4.5,2.806,4.32,GLOBAL_DISCRETE_CONFORMER_AND_H_REFINEMENT,False,False
P:644,B,PARENT_HBN,PARENT,4.667,2.992,4.175,GLOBAL_DISCRETE_CONFORMER_AND_H_REFINEMENT,False,False
P:645,N,PARENT_HBN,PARENT,4.667,2.992,4.32,GLOBAL_DISCRETE_CONFORMER_AND_H_REFINEMENT,False,False
P:646,B,PARENT_HBN,PARENT,4.793,3.21,4.175,GLOBAL_DISCRETE_CONFORMER_AND_H_REFINEMENT,False,False
P:647,N,PARENT_HBN,PARENT,4.793,3.21,4.32,GLOBAL_DISCRETE_CONFORMER_AND_H_REFINEMENT,False,False
P:648,B,PARENT_HBN,PARENT,4.87,3.448,4.175,GLOBAL_DISCRETE_CONFORMER_AND_H_REFINEMENT,False,False
P:649,N,PARENT_HBN,PARENT,4.87,3.448,4.32,GLOBAL_DISCRETE_CONFORMER_AND_H_REFINEMENT,False,False
P:65,N,PARENT_HBN,PARENT,4.736,4.297,2.362,GLOBAL_DISCRETE_CONFORMER_AND_H_REFINEMENT,False,False
P:650,B,PARENT_HBN,PARENT,4.896,3.697,4.175,GLOBAL_DISCRETE_CONFORMER_AND_H_REFINEMENT,False,False
P:651,N,PARENT_HBN,PARENT,4.896,3.697,4.32,GLOBAL_DISCRETE_CONFORMER_AND_H_REFINEMENT,False,False
P:652,B,PARENT_HBN,PARENT,4.87,3.947,4.175,GLOBAL_DISCRETE_CONFORMER_AND_H_REFINEMENT,False,False
P:653,N,PARENT_HBN,PARENT,4.87,3.947,4.32,GLOBAL_DISCRETE_CONFORMER_AND_H_REFINEMENT,False,False
P:654,B,PARENT_HBN,PARENT,4.793,4.185,4.175,GLOBAL_DISCRETE_CONFORMER_AND_H_REFINEMENT,False,False
P:655,N,PARENT_HBN,PARENT,4.793,4.185,4.32,GLOBAL_DISCRETE_CONFORMER_AND_H_REFINEMENT,False,False
P:656,B,PARENT_HBN,PARENT,4.667,4.402,4.175,GLOBAL_DISCRETE_CONFORMER_AND_H_REFINEMENT,False,False
P:657,N,PARENT_HBN,PARENT,4.667,4.402,4.32,GLOBAL_DISCRETE_CONFORMER_AND_H_REFINEMENT,False,False
P:658,B,PARENT_HBN,PARENT,4.5,4.588,4.175,GLOBAL_DISCRETE_CONFORMER_AND_H_REFINEMENT,False,False
P:659,N,PARENT_HBN,PARENT,4.5,4.588,4.32,GLOBAL_DISCRETE_CONFORMER_AND_H_REFINEMENT,False,False
P:66,B,PARENT_HBN,PARENT,4.588,4.5,2.217,GLOBAL_DISCRETE_CONFORMER_AND_H_REFINEMENT,False,False
P:660,B,PARENT_HBN,PARENT,4.185,4.793,4.393,GLOBAL_DISCRETE_CONFORMER_AND_H_REFINEMENT,False,False
P:661,N,PARENT_HBN,PARENT,4.185,4.793,4.537,GLOBAL_DISCRETE_CONFORMER_AND_H_REFINEMENT,False,False
P:662,B,PARENT_HBN,PARENT,3.947,4.87,4.393,GLOBAL_DISCRETE_CONFORMER_AND_H_REFINEMENT,False,False
P:663,N,PARENT_HBN,PARENT,3.947,4.87,4.537,GLOBAL_DISCRETE_CONFORMER_AND_H_REFINEMENT,False,False
P:664,B,PARENT_HBN,PARENT,3.697,4.896,4.393,GLOBAL_DISCRETE_CONFORMER_AND_H_REFINEMENT,False,False
P:665,N,PARENT_HBN,PARENT,3.697,4.896,4.537,GLOBAL_DISCRETE_CONFORMER_AND_H_REFINEMENT,False,False
P:666,B,PARENT_HBN,PARENT,3.448,4.87,4.393,GLOBAL_DISCRETE_CONFORMER_AND_H_REFINEMENT,False,False
P:667,N,PARENT_HBN,PARENT,3.448,4.87,4.537,GLOBAL_DISCRETE_CONFORMER_AND_H_REFINEMENT,False,False
P:668,B,PARENT_HBN,PARENT,3.21,4.793,4.393,GLOBAL_DISCRETE_CONFORMER_AND_H_REFINEMENT,False,False
P:669,N,PARENT_HBN,PARENT,3.21,4.793,4.537,GLOBAL_DISCRETE_CONFORMER_AND_H_REFINEMENT,False,False
P:67,N,PARENT_HBN,PARENT,4.588,4.5,2.362,GLOBAL_DISCRETE_CONFORMER_AND_H_REFINEMENT,False,False
P:670,B,PARENT_HBN,PARENT,2.992,4.667,4.393,GLOBAL_DISCRETE_CONFORMER_AND_H_REFINEMENT,False,False
P:671,N,PARENT_HBN,PARENT,2.992,4.667,4.537,GLOBAL_DISCRETE_CONFORMER_AND_H_REFINEMENT,False,False
P:672,B,PARENT_HBN,PARENT,2.806,4.5,4.393,GLOBAL_DISCRETE_CONFORMER_AND_H_REFINEMENT,False,False
P:673,N,PARENT_HBN,PARENT,2.806,4.5,4.537,GLOBAL_DISCRETE_CONFORMER_AND_H_REFINEMENT,False,False
P:674,B,PARENT_HBN,PARENT,2.659,4.297,4.393,GLOBAL_DISCRETE_CONFORMER_AND_H_REFINEMENT,False,False
P:675,N,PARENT_HBN,PARENT,2.659,4.297,4.537,GLOBAL_DISCRETE_CONFORMER_AND_H_REFINEMENT,False,False
P:676,B,PARENT_HBN,PARENT,2.557,4.068,4.393,GLOBAL_DISCRETE_CONFORMER_AND_H_REFINEMENT,False,False
P:677,N,PARENT_HBN,PARENT,2.557,4.068,4.537,GLOBAL_DISCRETE_CONFORMER_AND_H_REFINEMENT,False,False
P:678,B,PARENT_HBN,PARENT,2.505,3.823,4.393,GLOBAL_DISCRETE_CONFORMER_AND_H_REFINEMENT,False,False
P:679,N,PARENT_HBN,PARENT,2.505,3.823,4.537,GLOBAL_DISCRETE_CONFORMER_AND_H_REFINEMENT,False,False
P:68,B,PARENT_HBN,PARENT,4.402,4.667,2.217,GLOBAL_DISCRETE_CONFORMER_AND_H_REFINEMENT,False,False
P:680,B,PARENT_HBN,PARENT,2.505,3.572,4.393,GLOBAL_DISCRETE_CONFORMER_AND_H_REFINEMENT,False,False
P:681,N,PARENT_HBN,PARENT,2.505,3.572,4.537,GLOBAL_DISCRETE_CONFORMER_AND_H_REFINEMENT,False,False
P:682,B,PARENT_HBN,PARENT,2.557,3.327,4.393,GLOBAL_DISCRETE_CONFORMER_AND_H_REFINEMENT,False,False
P:683,N,PARENT_HBN,PARENT,2.557,3.327,4.537,GLOBAL_DISCRETE_CONFORMER_AND_H_REFINEMENT,False,False
P:684,B,PARENT_HBN,PARENT,2.659,3.098,4.393,GLOBAL_DISCRETE_CONFORMER_AND_H_REFINEMENT,False,False
P:685,N,PARENT_HBN,PARENT,2.659,3.098,4.537,GLOBAL_DISCRETE_CONFORMER_AND_H_REFINEMENT,False,False
P:686,B,PARENT_HBN,PARENT,2.806,2.895,4.393,GLOBAL_DISCRETE_CONFORMER_AND_H_REFINEMENT,False,False
P:687,N,PARENT_HBN,PARENT,2.806,2.895,4.537,GLOBAL_DISCRETE_CONFORMER_AND_H_REFINEMENT,False,False
P:688,B,PARENT_HBN,PARENT,2.992,2.727,4.393,GLOBAL_DISCRETE_CONFORMER_AND_H_REFINEMENT,False,False
P:689,N,PARENT_HBN,PARENT,2.992,2.727,4.537,GLOBAL_DISCRETE_CONFORMER_AND_H_REFINEMENT,False,False
P:69,N,PARENT_HBN,PARENT,4.402,4.667,2.362,GLOBAL_DISCRETE_CONFORMER_AND_H_REFINEMENT,False,False
P:690,B,PARENT_HBN,PARENT,3.21,2.602,4.393,GLOBAL_DISCRETE_CONFORMER_AND_H_REFINEMENT,False,False
P:691,N,PARENT_HBN,PARENT,3.21,2.602,4.537,GLOBAL_DISCRETE_CONFORMER_AND_H_REFINEMENT,False,False
P:692,B,PARENT_HBN,PARENT,3.448,2.524,4.393,GLOBAL_DISCRETE_CONFORMER_AND_H_REFINEMENT,False,False
P:693,N,PARENT_HBN,PARENT,3.448,2.524,4.537,GLOBAL_DISCRETE_CONFORMER_AND_H_REFINEMENT,False,False
P:694,B,PARENT_HBN,PARENT,3.697,2.498,4.393,GLOBAL_DISCRETE_CONFORMER_AND_H_REFINEMENT,False,False
P:695,N,PARENT_HBN,PARENT,3.697,2.498,4.537,GLOBAL_DISCRETE_CONFORMER_AND_H_REFINEMENT,False,False
P:696,B,PARENT_HBN,PARENT,3.947,2.524,4.393,GLOBAL_DISCRETE_CONFORMER_AND_H_REFINEMENT,False,False
P:697,N,PARENT_HBN,PARENT,3.947,2.524,4.537,GLOBAL_DISCRETE_CONFORMER_AND_H_REFINEMENT,False,False
P:698,B,PARENT_HBN,PARENT,4.185,2.602,4.393,GLOBAL_DISCRETE_CONFORMER_AND_H_REFINEMENT,False,False
P:699,N,PARENT_HBN,PARENT,4.185,2.602,4.537,GLOBAL_DISCRETE_CONFORMER_AND_H_REFINEMENT,False,False
P:7,N,PARENT_HBN,PARENT,4.667,4.402,2.145,GLOBAL_DISCRETE_CONFORMER_AND_H_REFINEMENT,False,False
P:70,B,PARENT_HBN,PARENT,4.185,4.793,2.217,GLOBAL_DISCRETE_CONFORMER_AND_H_REFINEMENT,False,False
P:700,B,PARENT_HBN,PARENT,4.402,2.727,4.393,GLOBAL_DISCRETE_CONFORMER_AND_H_REFINEMENT,False,False
P:701,N,PARENT_HBN,PARENT,4.402,2.727,4.537,GLOBAL_DISCRETE_CONFORMER_AND_H_REFINEMENT,False,False
P:702,B,PARENT_HBN,PARENT,4.588,2.895,4.393,GLOBAL_DISCRETE_CONFORMER_AND_H_REFINEMENT,False,False
P:703,N,PARENT_HBN,PARENT,4.588,2.895,4.537,GLOBAL_DISCRETE_CONFORMER_AND_H_REFINEMENT,False,False
P:704,B,PARENT_HBN,PARENT,4.736,3.098,4.393,GLOBAL_DISCRETE_CONFORMER_AND_H_REFINEMENT,False,False
P:705,N,PARENT_HBN,PARENT,4.736,3.098,4.537,GLOBAL_DISCRETE_CONFORMER_AND_H_REFINEMENT,False,False
P:706,B,PARENT_HBN,PARENT,4.838,3.327,4.393,GLOBAL_DISCRETE_CONFORMER_AND_H_REFINEMENT,False,False
P:707,N,PARENT_HBN,PARENT,4.838,3.327,4.537,GLOBAL_DISCRETE_CONFORMER_AND_H_REFINEMENT,False,False
P:708,B,PARENT_HBN,PARENT,4.89,3.572,4.393,GLOBAL_DISCRETE_CONFORMER_AND_H_REFINEMENT,False,False
P:709,N,PARENT_HBN,PARENT,4.89,3.572,4.537,GLOBAL_DISCRETE_CONFORMER_AND_H_REFINEMENT,False,False
P:71,N,PARENT_HBN,PARENT,4.185,4.793,2.362,GLOBAL_DISCRETE_CONFORMER_AND_H_REFINEMENT,False,False
P:710,B,PARENT_HBN,PARENT,4.89,3.823,4.393,GLOBAL_DISCRETE_CONFORMER_AND_H_REFINEMENT,False,False
P:711,N,PARENT_HBN,PARENT,4.89,3.823,4.537,GLOBAL_DISCRETE_CONFORMER_AND_H_REFINEMENT,False,False
P:712,B,PARENT_HBN,PARENT,4.838,4.068,4.393,GLOBAL_DISCRETE_CONFORMER_AND_H_REFINEMENT,False,False
P:713,N,PARENT_HBN,PARENT,4.838,4.068,4.537,GLOBAL_DISCRETE_CONFORMER_AND_H_REFINEMENT,False,False
P:714,B,PARENT_HBN,PARENT,4.736,4.297,4.393,GLOBAL_DISCRETE_CONFORMER_AND_H_REFINEMENT,False,False
P:715,N,PARENT_HBN,PARENT,4.736,4.297,4.537,GLOBAL_DISCRETE_CONFORMER_AND_H_REFINEMENT,False,False
P:716,B,PARENT_HBN,PARENT,4.588,4.5,4.393,GLOBAL_DISCRETE_CONFORMER_AND_H_REFINEMENT,False,False
P:717,N,PARENT_HBN,PARENT,4.588,4.5,4.537,GLOBAL_DISCRETE_CONFORMER_AND_H_REFINEMENT,False,False
P:718,B,PARENT_HBN,PARENT,4.402,4.667,4.393,GLOBAL_DISCRETE_CONFORMER_AND_H_REFINEMENT,False,False
P:719,N,PARENT_HBN,PARENT,4.402,4.667,4.537,GLOBAL_DISCRETE_CONFORMER_AND_H_REFINEMENT,False,False
P:72,B,PARENT_HBN,PARENT,3.947,4.87,2.217,GLOBAL_DISCRETE_CONFORMER_AND_H_REFINEMENT,False,False
P:720,B,PARENT_HBN,PARENT,4.068,4.838,4.61,GLOBAL_DISCRETE_CONFORMER_AND_H_REFINEMENT,False,False
P:721,N,PARENT_HBN,PARENT,4.068,4.838,4.755,GLOBAL_DISCRETE_CONFORMER_AND_H_REFINEMENT,False,False
P:722,B,PARENT_HBN,PARENT,3.823,4.89,4.61,GLOBAL_DISCRETE_CONFORMER_AND_H_REFINEMENT,False,False
P:723,N,PARENT_HBN,PARENT,3.823,4.89,4.755,GLOBAL_DISCRETE_CONFORMER_AND_H_REFINEMENT,False,False
P:724,B,PARENT_HBN,PARENT,3.572,4.89,4.61,GLOBAL_DISCRETE_CONFORMER_AND_H_REFINEMENT,False,False
P:725,N,PARENT_HBN,PARENT,3.572,4.89,4.755,GLOBAL_DISCRETE_CONFORMER_AND_H_REFINEMENT,False,False
P:726,B,PARENT_HBN,PARENT,3.327,4.838,4.61,GLOBAL_DISCRETE_CONFORMER_AND_H_REFINEMENT,False,False
P:727,N,PARENT_HBN,PARENT,3.327,4.838,4.755,GLOBAL_DISCRETE_CONFORMER_AND_H_REFINEMENT,False,False
P:728,B,PARENT_HBN,PARENT,3.098,4.736,4.61,GLOBAL_DISCRETE_CONFORMER_AND_H_REFINEMENT,False,False
P:729,N,PARENT_HBN,PARENT,3.098,4.736,4.755,GLOBAL_DISCRETE_CONFORMER_AND_H_REFINEMENT,False,False
P:73,N,PARENT_HBN,PARENT,3.947,4.87,2.362,GLOBAL_DISCRETE_CONFORMER_AND_H_REFINEMENT,False,False
P:730,B,PARENT_HBN,PARENT,2.895,4.588,4.61,GLOBAL_DISCRETE_CONFORMER_AND_H_REFINEMENT,False,False
P:731,N,PARENT_HBN,PARENT,2.895,4.588,4.755,GLOBAL_DISCRETE_CONFORMER_AND_H_REFINEMENT,False,False
P:732,B,PARENT_HBN,PARENT,2.727,4.402,4.61,GLOBAL_DISCRETE_CONFORMER_AND_H_REFINEMENT,False,False
P:733,N,PARENT_HBN,PARENT,2.727,4.402,4.755,GLOBAL_DISCRETE_CONFORMER_AND_H_REFINEMENT,False,False
P:734,B,PARENT_HBN,PARENT,2.602,4.185,4.61,GLOBAL_DISCRETE_CONFORMER_AND_H_REFINEMENT,False,False
P:735,N,PARENT_HBN,PARENT,2.602,4.185,4.755,GLOBAL_DISCRETE_CONFORMER_AND_H_REFINEMENT,False,False
P:736,B,PARENT_HBN,PARENT,2.524,3.947,4.61,GLOBAL_DISCRETE_CONFORMER_AND_H_REFINEMENT,False,False
P:737,N,PARENT_HBN,PARENT,2.524,3.947,4.755,GLOBAL_DISCRETE_CONFORMER_AND_H_REFINEMENT,False,False
P:738,B,PARENT_HBN,PARENT,2.498,3.697,4.61,GLOBAL_DISCRETE_CONFORMER_AND_H_REFINEMENT,False,False
P:739,N,PARENT_HBN,PARENT,2.498,3.697,4.755,GLOBAL_DISCRETE_CONFORMER_AND_H_REFINEMENT,False,False
P:74,B,PARENT_HBN,PARENT,3.697,4.896,2.217,GLOBAL_DISCRETE_CONFORMER_AND_H_REFINEMENT,False,False
P:740,B,PARENT_HBN,PARENT,2.524,3.448,4.61,GLOBAL_DISCRETE_CONFORMER_AND_H_REFINEMENT,False,False
P:741,N,PARENT_HBN,PARENT,2.524,3.448,4.755,GLOBAL_DISCRETE_CONFORMER_AND_H_REFINEMENT,False,False
P:742,B,PARENT_HBN,PARENT,2.602,3.21,4.61,GLOBAL_DISCRETE_CONFORMER_AND_H_REFINEMENT,False,False
P:743,N,PARENT_HBN,PARENT,2.602,3.21,4.755,GLOBAL_DISCRETE_CONFORMER_AND_H_REFINEMENT,False,False
P:744,B,PARENT_HBN,PARENT,2.727,2.992,4.61,GLOBAL_DISCRETE_CONFORMER_AND_H_REFINEMENT,False,False
P:745,N,PARENT_HBN,PARENT,2.727,2.992,4.755,GLOBAL_DISCRETE_CONFORMER_AND_H_REFINEMENT,False,False
P:746,B,PARENT_HBN,PARENT,2.895,2.806,4.61,GLOBAL_DISCRETE_CONFORMER_AND_H_REFINEMENT,False,False
P:747,N,PARENT_HBN,PARENT,2.895,2.806,4.755,GLOBAL_DISCRETE_CONFORMER_AND_H_REFINEMENT,False,False
P:748,B,PARENT_HBN,PARENT,3.098,2.659,4.61,GLOBAL_DISCRETE_CONFORMER_AND_H_REFINEMENT,False,False
P:749,N,PARENT_HBN,PARENT,3.098,2.659,4.755,GLOBAL_DISCRETE_CONFORMER_AND_H_REFINEMENT,False,False
P:75,N,PARENT_HBN,PARENT,3.697,4.896,2.362,GLOBAL_DISCRETE_CONFORMER_AND_H_REFINEMENT,False,False
P:750,B,PARENT_HBN,PARENT,3.327,2.557,4.61,GLOBAL_DISCRETE_CONFORMER_AND_H_REFINEMENT,False,False
P:751,N,PARENT_HBN,PARENT,3.327,2.557,4.755,GLOBAL_DISCRETE_CONFORMER_AND_H_REFINEMENT,False,False
P:752,B,PARENT_HBN,PARENT,3.572,2.505,4.61,GLOBAL_DISCRETE_CONFORMER_AND_H_REFINEMENT,False,False
P:753,N,PARENT_HBN,PARENT,3.572,2.505,4.755,GLOBAL_DISCRETE_CONFORMER_AND_H_REFINEMENT,False,False
P:754,B,PARENT_HBN,PARENT,3.823,2.505,4.61,GLOBAL_DISCRETE_CONFORMER_AND_H_REFINEMENT,False,False
P:755,N,PARENT_HBN,PARENT,3.823,2.505,4.755,GLOBAL_DISCRETE_CONFORMER_AND_H_REFINEMENT,False,False
P:756,B,PARENT_HBN,PARENT,4.068,2.557,4.61,GLOBAL_DISCRETE_CONFORMER_AND_H_REFINEMENT,False,False
P:757,N,PARENT_HBN,PARENT,4.068,2.557,4.755,GLOBAL_DISCRETE_CONFORMER_AND_H_REFINEMENT,False,False
P:758,B,PARENT_HBN,PARENT,4.297,2.659,4.61,GLOBAL_DISCRETE_CONFORMER_AND_H_REFINEMENT,False,False
P:759,N,PARENT_HBN,PARENT,4.297,2.659,4.755,GLOBAL_DISCRETE_CONFORMER_AND_H_REFINEMENT,False,False
P:76,B,PARENT_HBN,PARENT,3.448,4.87,2.217,GLOBAL_DISCRETE_CONFORMER_AND_H_REFINEMENT,False,False
P:760,B,PARENT_HBN,PARENT,4.5,2.806,4.61,GLOBAL_DISCRETE_CONFORMER_AND_H_REFINEMENT,False,False
P:761,N,PARENT_HBN,PARENT,4.5,2.806,4.755,GLOBAL_DISCRETE_CONFORMER_AND_H_REFINEMENT,False,False
P:762,B,PARENT_HBN,PARENT,4.667,2.992,4.61,GLOBAL_DISCRETE_CONFORMER_AND_H_REFINEMENT,False,False
P:763,N,PARENT_HBN,PARENT,4.667,2.992,4.755,GLOBAL_DISCRETE_CONFORMER_AND_H_REFINEMENT,False,False
P:764,B,PARENT_HBN,PARENT,4.793,3.21,4.61,GLOBAL_DISCRETE_CONFORMER_AND_H_REFINEMENT,False,False
P:765,N,PARENT_HBN,PARENT,4.793,3.21,4.755,GLOBAL_DISCRETE_CONFORMER_AND_H_REFINEMENT,False,False
P:766,B,PARENT_HBN,PARENT,4.87,3.448,4.61,GLOBAL_DISCRETE_CONFORMER_AND_H_REFINEMENT,False,False
P:767,N,PARENT_HBN,PARENT,4.87,3.448,4.755,GLOBAL_DISCRETE_CONFORMER_AND_H_REFINEMENT,False,False
P:768,B,PARENT_HBN,PARENT,4.896,3.697,4.61,GLOBAL_DISCRETE_CONFORMER_AND_H_REFINEMENT,False,False
P:769,N,PARENT_HBN,PARENT,4.896,3.697,4.755,GLOBAL_DISCRETE_CONFORMER_AND_H_REFINEMENT,False,False
P:77,N,PARENT_HBN,PARENT,3.448,4.87,2.362,GLOBAL_DISCRETE_CONFORMER_AND_H_REFINEMENT,False,False
P:770,B,PARENT_HBN,PARENT,4.87,3.947,4.61,GLOBAL_DISCRETE_CONFORMER_AND_H_REFINEMENT,False,False
P:771,N,PARENT_HBN,PARENT,4.87,3.947,4.755,GLOBAL_DISCRETE_CONFORMER_AND_H_REFINEMENT,False,False
P:772,B,PARENT_HBN,PARENT,4.793,4.185,4.61,GLOBAL_DISCRETE_CONFORMER_AND_H_REFINEMENT,False,False
P:773,N,PARENT_HBN,PARENT,4.793,4.185,4.755,GLOBAL_DISCRETE_CONFORMER_AND_H_REFINEMENT,False,False
P:774,B,PARENT_HBN,PARENT,4.667,4.402,4.61,GLOBAL_DISCRETE_CONFORMER_AND_H_REFINEMENT,False,False
P:775,N,PARENT_HBN,PARENT,4.667,4.402,4.755,GLOBAL_DISCRETE_CONFORMER_AND_H_REFINEMENT,False,False
P:776,B,PARENT_HBN,PARENT,4.5,4.588,4.61,GLOBAL_DISCRETE_CONFORMER_AND_H_REFINEMENT,False,False
P:777,N,PARENT_HBN,PARENT,4.5,4.588,4.755,GLOBAL_DISCRETE_CONFORMER_AND_H_REFINEMENT,False,False
P:778,B,PARENT_HBN,PARENT,4.297,4.736,4.61,GLOBAL_DISCRETE_CONFORMER_AND_H_REFINEMENT,False,False
P:779,N,PARENT_HBN,PARENT,4.297,4.736,4.755,GLOBAL_DISCRETE_CONFORMER_AND_H_REFINEMENT,False,False
P:78,B,PARENT_HBN,PARENT,3.21,4.793,2.217,GLOBAL_DISCRETE_CONFORMER_AND_H_REFINEMENT,False,False
P:780,B,PARENT_HBN,PARENT,3.947,4.87,4.827,GLOBAL_DISCRETE_CONFORMER_AND_H_REFINEMENT,False,False
P:781,N,PARENT_HBN,PARENT,3.947,4.87,4.973,GLOBAL_DISCRETE_CONFORMER_AND_H_REFINEMENT,False,False
P:782,B,PARENT_HBN,PARENT,3.697,4.896,4.827,GLOBAL_DISCRETE_CONFORMER_AND_H_REFINEMENT,False,False
P:783,N,PARENT_HBN,PARENT,3.697,4.896,4.973,GLOBAL_DISCRETE_CONFORMER_AND_H_REFINEMENT,False,False
P:784,B,PARENT_HBN,PARENT,3.448,4.87,4.827,GLOBAL_DISCRETE_CONFORMER_AND_H_REFINEMENT,False,False
P:785,N,PARENT_HBN,PARENT,3.448,4.87,4.973,GLOBAL_DISCRETE_CONFORMER_AND_H_REFINEMENT,False,False
P:786,B,PARENT_HBN,PARENT,3.21,4.793,4.827,GLOBAL_DISCRETE_CONFORMER_AND_H_REFINEMENT,False,False
P:787,N,PARENT_HBN,PARENT,3.21,4.793,4.973,GLOBAL_DISCRETE_CONFORMER_AND_H_REFINEMENT,False,False
P:788,B,PARENT_HBN,PARENT,2.992,4.667,4.827,GLOBAL_DISCRETE_CONFORMER_AND_H_REFINEMENT,False,False
P:789,N,PARENT_HBN,PARENT,2.992,4.667,4.973,GLOBAL_DISCRETE_CONFORMER_AND_H_REFINEMENT,False,False
P:79,N,PARENT_HBN,PARENT,3.21,4.793,2.362,GLOBAL_DISCRETE_CONFORMER_AND_H_REFINEMENT,False,False
P:790,B,PARENT_HBN,PARENT,2.806,4.5,4.827,GLOBAL_DISCRETE_CONFORMER_AND_H_REFINEMENT,False,False
P:791,N,PARENT_HBN,PARENT,2.806,4.5,4.973,GLOBAL_DISCRETE_CONFORMER_AND_H_REFINEMENT,False,False
P:792,B,PARENT_HBN,PARENT,2.659,4.297,4.827,GLOBAL_DISCRETE_CONFORMER_AND_H_REFINEMENT,False,False
P:793,N,PARENT_HBN,PARENT,2.659,4.297,4.973,GLOBAL_DISCRETE_CONFORMER_AND_H_REFINEMENT,False,False
P:794,B,PARENT_HBN,PARENT,2.557,4.068,4.827,GLOBAL_DISCRETE_CONFORMER_AND_H_REFINEMENT,False,False
P:795,N,PARENT_HBN,PARENT,2.557,4.068,4.973,GLOBAL_DISCRETE_CONFORMER_AND_H_REFINEMENT,False,False
P:796,B,PARENT_HBN,PARENT,2.505,3.823,4.827,GLOBAL_DISCRETE_CONFORMER_AND_H_REFINEMENT,False,False
P:797,N,PARENT_HBN,PARENT,2.505,3.823,4.973,GLOBAL_DISCRETE_CONFORMER_AND_H_REFINEMENT,False,False
P:798,B,PARENT_HBN,PARENT,2.505,3.572,4.827,GLOBAL_DISCRETE_CONFORMER_AND_H_REFINEMENT,False,False
P:799,N,PARENT_HBN,PARENT,2.505,3.572,4.973,GLOBAL_DISCRETE_CONFORMER_AND_H_REFINEMENT,False,False
P:8,B,PARENT_HBN,PARENT,4.5,4.588,2.0,GLOBAL_DISCRETE_CONFORMER_AND_H_REFINEMENT,False,False
P:80,B,PARENT_HBN,PARENT,2.992,4.667,2.217,GLOBAL_DISCRETE_CONFORMER_AND_H_REFINEMENT,False,False
P:800,B,PARENT_HBN,PARENT,2.557,3.327,4.827,GLOBAL_DISCRETE_CONFORMER_AND_H_REFINEMENT,False,False
P:801,N,PARENT_HBN,PARENT,2.557,3.327,4.973,GLOBAL_DISCRETE_CONFORMER_AND_H_REFINEMENT,False,False
P:802,B,PARENT_HBN,PARENT,2.659,3.098,4.827,GLOBAL_DISCRETE_CONFORMER_AND_H_REFINEMENT,False,False
P:803,N,PARENT_HBN,PARENT,2.659,3.098,4.973,GLOBAL_DISCRETE_CONFORMER_AND_H_REFINEMENT,False,False
P:804,B,PARENT_HBN,PARENT,2.806,2.895,4.827,GLOBAL_DISCRETE_CONFORMER_AND_H_REFINEMENT,False,False
P:805,N,PARENT_HBN,PARENT,2.806,2.895,4.973,GLOBAL_DISCRETE_CONFORMER_AND_H_REFINEMENT,False,False
P:806,B,PARENT_HBN,PARENT,2.992,2.727,4.827,GLOBAL_DISCRETE_CONFORMER_AND_H_REFINEMENT,False,False
P:807,N,PARENT_HBN,PARENT,2.992,2.727,4.973,GLOBAL_DISCRETE_CONFORMER_AND_H_REFINEMENT,False,False
P:808,B,PARENT_HBN,PARENT,3.21,2.602,4.827,GLOBAL_DISCRETE_CONFORMER_AND_H_REFINEMENT,False,False
P:809,N,PARENT_HBN,PARENT,3.21,2.602,4.973,GLOBAL_DISCRETE_CONFORMER_AND_H_REFINEMENT,False,False
P:81,N,PARENT_HBN,PARENT,2.992,4.667,2.362,GLOBAL_DISCRETE_CONFORMER_AND_H_REFINEMENT,False,False
P:810,B,PARENT_HBN,PARENT,3.448,2.524,4.827,GLOBAL_DISCRETE_CONFORMER_AND_H_REFINEMENT,False,False
P:811,N,PARENT_HBN,PARENT,3.448,2.524,4.973,GLOBAL_DISCRETE_CONFORMER_AND_H_REFINEMENT,False,False
P:812,B,PARENT_HBN,PARENT,3.697,2.498,4.827,GLOBAL_DISCRETE_CONFORMER_AND_H_REFINEMENT,False,False
P:813,N,PARENT_HBN,PARENT,3.697,2.498,4.973,GLOBAL_DISCRETE_CONFORMER_AND_H_REFINEMENT,False,False
P:814,B,PARENT_HBN,PARENT,3.947,2.524,4.827,GLOBAL_DISCRETE_CONFORMER_AND_H_REFINEMENT,False,False
P:815,N,PARENT_HBN,PARENT,3.947,2.524,4.973,GLOBAL_DISCRETE_CONFORMER_AND_H_REFINEMENT,False,False
P:816,B,PARENT_HBN,PARENT,4.185,2.602,4.827,GLOBAL_DISCRETE_CONFORMER_AND_H_REFINEMENT,False,False
P:817,N,PARENT_HBN,PARENT,4.185,2.602,4.973,GLOBAL_DISCRETE_CONFORMER_AND_H_REFINEMENT,False,False
P:818,B,PARENT_HBN,PARENT,4.402,2.727,4.827,GLOBAL_DISCRETE_CONFORMER_AND_H_REFINEMENT,False,False
P:819,N,PARENT_HBN,PARENT,4.402,2.727,4.973,GLOBAL_DISCRETE_CONFORMER_AND_H_REFINEMENT,False,False
P:82,B,PARENT_HBN,PARENT,2.806,4.5,2.217,GLOBAL_DISCRETE_CONFORMER_AND_H_REFINEMENT,False,False
P:820,B,PARENT_HBN,PARENT,4.588,2.895,4.827,GLOBAL_DISCRETE_CONFORMER_AND_H_REFINEMENT,False,False
P:821,N,PARENT_HBN,PARENT,4.588,2.895,4.973,GLOBAL_DISCRETE_CONFORMER_AND_H_REFINEMENT,False,False
P:822,B,PARENT_HBN,PARENT,4.736,3.098,4.827,GLOBAL_DISCRETE_CONFORMER_AND_H_REFINEMENT,False,False
P:823,N,PARENT_HBN,PARENT,4.736,3.098,4.973,GLOBAL_DISCRETE_CONFORMER_AND_H_REFINEMENT,False,False
P:824,B,PARENT_HBN,PARENT,4.838,3.327,4.827,GLOBAL_DISCRETE_CONFORMER_AND_H_REFINEMENT,False,False
P:825,N,PARENT_HBN,PARENT,4.838,3.327,4.973,GLOBAL_DISCRETE_CONFORMER_AND_H_REFINEMENT,False,False
P:826,B,PARENT_HBN,PARENT,4.89,3.572,4.827,GLOBAL_DISCRETE_CONFORMER_AND_H_REFINEMENT,False,False
P:827,N,PARENT_HBN,PARENT,4.89,3.572,4.973,GLOBAL_DISCRETE_CONFORMER_AND_H_REFINEMENT,False,False
P:828,B,PARENT_HBN,PARENT,4.89,3.823,4.827,GLOBAL_DISCRETE_CONFORMER_AND_H_REFINEMENT,False,False
P:829,N,PARENT_HBN,PARENT,4.89,3.823,4.973,GLOBAL_DISCRETE_CONFORMER_AND_H_REFINEMENT,False,False
P:83,N,PARENT_HBN,PARENT,2.806,4.5,2.362,GLOBAL_DISCRETE_CONFORMER_AND_H_REFINEMENT,False,False
P:830,B,PARENT_HBN,PARENT,4.838,4.068,4.827,GLOBAL_DISCRETE_CONFORMER_AND_H_REFINEMENT,False,False
P:831,N,PARENT_HBN,PARENT,4.838,4.068,4.973,GLOBAL_DISCRETE_CONFORMER_AND_H_REFINEMENT,False,False
P:832,B,PARENT_HBN,PARENT,4.736,4.297,4.827,GLOBAL_DISCRETE_CONFORMER_AND_H_REFINEMENT,False,False
P:833,N,PARENT_HBN,PARENT,4.736,4.297,4.973,GLOBAL_DISCRETE_CONFORMER_AND_H_REFINEMENT,False,False
P:834,B,PARENT_HBN,PARENT,4.588,4.5,4.827,GLOBAL_DISCRETE_CONFORMER_AND_H_REFINEMENT,False,False
P:835,N,PARENT_HBN,PARENT,4.588,4.5,4.973,GLOBAL_DISCRETE_CONFORMER_AND_H_REFINEMENT,False,False
P:836,B,PARENT_HBN,PARENT,4.402,4.667,4.827,GLOBAL_DISCRETE_CONFORMER_AND_H_REFINEMENT,False,False
P:837,N,PARENT_HBN,PARENT,4.402,4.667,4.973,GLOBAL_DISCRETE_CONFORMER_AND_H_REFINEMENT,False,False
P:838,B,PARENT_HBN,PARENT,4.185,4.793,4.827,GLOBAL_DISCRETE_CONFORMER_AND_H_REFINEMENT,False,False
P:839,N,PARENT_HBN,PARENT,4.185,4.793,4.973,GLOBAL_DISCRETE_CONFORMER_AND_H_REFINEMENT,False,False
P:84,B,PARENT_HBN,PARENT,2.659,4.297,2.217,GLOBAL_DISCRETE_CONFORMER_AND_H_REFINEMENT,False,False
P:840,B,PARENT_HBN,PARENT,3.823,4.89,5.045,GLOBAL_DISCRETE_CONFORMER_AND_H_REFINEMENT,False,False
P:841,N,PARENT_HBN,PARENT,3.823,4.89,5.19,GLOBAL_DISCRETE_CONFORMER_AND_H_REFINEMENT,False,False
P:842,B,PARENT_HBN,PARENT,3.572,4.89,5.045,GLOBAL_DISCRETE_CONFORMER_AND_H_REFINEMENT,False,False
P:843,N,PARENT_HBN,PARENT,3.572,4.89,5.19,GLOBAL_DISCRETE_CONFORMER_AND_H_REFINEMENT,False,False
P:844,B,PARENT_HBN,PARENT,3.327,4.838,5.045,GLOBAL_DISCRETE_CONFORMER_AND_H_REFINEMENT,False,False
P:845,N,PARENT_HBN,PARENT,3.327,4.838,5.19,GLOBAL_DISCRETE_CONFORMER_AND_H_REFINEMENT,False,False
P:846,B,PARENT_HBN,PARENT,3.098,4.736,5.045,GLOBAL_DISCRETE_CONFORMER_AND_H_REFINEMENT,False,False
P:847,N,PARENT_HBN,PARENT,3.098,4.736,5.19,GLOBAL_DISCRETE_CONFORMER_AND_H_REFINEMENT,False,False
P:848,B,PARENT_HBN,PARENT,2.895,4.588,5.045,GLOBAL_DISCRETE_CONFORMER_AND_H_REFINEMENT,False,False
P:849,N,PARENT_HBN,PARENT,2.895,4.588,5.19,GLOBAL_DISCRETE_CONFORMER_AND_H_REFINEMENT,False,False
P:85,N,PARENT_HBN,PARENT,2.659,4.297,2.362,GLOBAL_DISCRETE_CONFORMER_AND_H_REFINEMENT,False,False
P:850,B,PARENT_HBN,PARENT,2.727,4.402,5.045,GLOBAL_DISCRETE_CONFORMER_AND_H_REFINEMENT,False,False
P:851,N,PARENT_HBN,PARENT,2.727,4.402,5.19,GLOBAL_DISCRETE_CONFORMER_AND_H_REFINEMENT,False,False
P:852,B,PARENT_HBN,PARENT,2.602,4.185,5.045,GLOBAL_DISCRETE_CONFORMER_AND_H_REFINEMENT,False,False
P:853,N,PARENT_HBN,PARENT,2.602,4.185,5.19,GLOBAL_DISCRETE_CONFORMER_AND_H_REFINEMENT,False,False
P:854,B,PARENT_HBN,PARENT,2.524,3.947,5.045,GLOBAL_DISCRETE_CONFORMER_AND_H_REFINEMENT,False,False
P:855,N,PARENT_HBN,PARENT,2.524,3.947,5.19,GLOBAL_DISCRETE_CONFORMER_AND_H_REFINEMENT,False,False
P:856,B,PARENT_HBN,PARENT,2.498,3.697,5.045,GLOBAL_DISCRETE_CONFORMER_AND_H_REFINEMENT,False,False
P:857,N,PARENT_HBN,PARENT,2.498,3.697,5.19,GLOBAL_DISCRETE_CONFORMER_AND_H_REFINEMENT,False,False
P:858,B,PARENT_HBN,PARENT,2.524,3.448,5.045,GLOBAL_DISCRETE_CONFORMER_AND_H_REFINEMENT,False,False
P:859,N,PARENT_HBN,PARENT,2.524,3.448,5.19,GLOBAL_DISCRETE_CONFORMER_AND_H_REFINEMENT,False,False
P:86,B,PARENT_HBN,PARENT,2.557,4.068,2.217,GLOBAL_DISCRETE_CONFORMER_AND_H_REFINEMENT,False,False
P:860,B,PARENT_HBN,PARENT,2.602,3.21,5.045,GLOBAL_DISCRETE_CONFORMER_AND_H_REFINEMENT,False,False
P:861,N,PARENT_HBN,PARENT,2.602,3.21,5.19,GLOBAL_DISCRETE_CONFORMER_AND_H_REFINEMENT,False,False
P:862,B,PARENT_HBN,PARENT,2.727,2.992,5.045,GLOBAL_DISCRETE_CONFORMER_AND_H_REFINEMENT,False,False
P:863,N,PARENT_HBN,PARENT,2.727,2.992,5.19,GLOBAL_DISCRETE_CONFORMER_AND_H_REFINEMENT,False,False
P:864,B,PARENT_HBN,PARENT,2.895,2.806,5.045,GLOBAL_DISCRETE_CONFORMER_AND_H_REFINEMENT,False,False
P:865,N,PARENT_HBN,PARENT,2.895,2.806,5.19,GLOBAL_DISCRETE_CONFORMER_AND_H_REFINEMENT,False,False
P:866,B,PARENT_HBN,PARENT,3.098,2.659,5.045,GLOBAL_DISCRETE_CONFORMER_AND_H_REFINEMENT,False,False
P:867,N,PARENT_HBN,PARENT,3.098,2.659,5.19,GLOBAL_DISCRETE_CONFORMER_AND_H_REFINEMENT,False,False
P:868,B,PARENT_HBN,PARENT,3.327,2.557,5.045,GLOBAL_DISCRETE_CONFORMER_AND_H_REFINEMENT,False,False
P:869,N,PARENT_HBN,PARENT,3.327,2.557,5.19,GLOBAL_DISCRETE_CONFORMER_AND_H_REFINEMENT,False,False
P:87,N,PARENT_HBN,PARENT,2.557,4.068,2.362,GLOBAL_DISCRETE_CONFORMER_AND_H_REFINEMENT,False,False
P:870,B,PARENT_HBN,PARENT,3.572,2.505,5.045,GLOBAL_DISCRETE_CONFORMER_AND_H_REFINEMENT,False,False
P:871,N,PARENT_HBN,PARENT,3.572,2.505,5.19,GLOBAL_DISCRETE_CONFORMER_AND_H_REFINEMENT,False,False
P:872,B,PARENT_HBN,PARENT,3.823,2.505,5.045,GLOBAL_DISCRETE_CONFORMER_AND_H_REFINEMENT,False,False
P:873,N,PARENT_HBN,PARENT,3.823,2.505,5.19,GLOBAL_DISCRETE_CONFORMER_AND_H_REFINEMENT,False,False
P:874,B,PARENT_HBN,PARENT,4.068,2.557,5.045,GLOBAL_DISCRETE_CONFORMER_AND_H_REFINEMENT,False,False
P:875,N,PARENT_HBN,PARENT,4.068,2.557,5.19,GLOBAL_DISCRETE_CONFORMER_AND_H_REFINEMENT,False,False
P:876,B,PARENT_HBN,PARENT,4.297,2.659,5.045,GLOBAL_DISCRETE_CONFORMER_AND_H_REFINEMENT,False,False
P:877,N,PARENT_HBN,PARENT,4.297,2.659,5.19,GLOBAL_DISCRETE_CONFORMER_AND_H_REFINEMENT,False,False
P:878,B,PARENT_HBN,PARENT,4.5,2.806,5.045,GLOBAL_DISCRETE_CONFORMER_AND_H_REFINEMENT,False,False
P:879,N,PARENT_HBN,PARENT,4.5,2.806,5.19,GLOBAL_DISCRETE_CONFORMER_AND_H_REFINEMENT,False,False
P:88,B,PARENT_HBN,PARENT,2.505,3.823,2.217,GLOBAL_DISCRETE_CONFORMER_AND_H_REFINEMENT,False,False
P:880,B,PARENT_HBN,PARENT,4.667,2.992,5.045,GLOBAL_DISCRETE_CONFORMER_AND_H_REFINEMENT,False,False
P:881,N,PARENT_HBN,PARENT,4.667,2.992,5.19,GLOBAL_DISCRETE_CONFORMER_AND_H_REFINEMENT,False,False
P:882,B,PARENT_HBN,PARENT,4.793,3.21,5.045,GLOBAL_DISCRETE_CONFORMER_AND_H_REFINEMENT,False,False
P:883,N,PARENT_HBN,PARENT,4.793,3.21,5.19,GLOBAL_DISCRETE_CONFORMER_AND_H_REFINEMENT,False,False
P:884,B,PARENT_HBN,PARENT,4.87,3.448,5.045,GLOBAL_DISCRETE_CONFORMER_AND_H_REFINEMENT,False,False
P:885,N,PARENT_HBN,PARENT,4.87,3.448,5.19,GLOBAL_DISCRETE_CONFORMER_AND_H_REFINEMENT,False,False
P:886,B,PARENT_HBN,PARENT,4.896,3.697,5.045,GLOBAL_DISCRETE_CONFORMER_AND_H_REFINEMENT,False,False
P:887,N,PARENT_HBN,PARENT,4.896,3.697,5.19,GLOBAL_DISCRETE_CONFORMER_AND_H_REFINEMENT,False,False
P:888,B,PARENT_HBN,PARENT,4.87,3.947,5.045,GLOBAL_DISCRETE_CONFORMER_AND_H_REFINEMENT,False,False
P:889,N,PARENT_HBN,PARENT,4.87,3.947,5.19,GLOBAL_DISCRETE_CONFORMER_AND_H_REFINEMENT,False,False
P:89,N,PARENT_HBN,PARENT,2.505,3.823,2.362,GLOBAL_DISCRETE_CONFORMER_AND_H_REFINEMENT,False,False
P:890,B,PARENT_HBN,PARENT,4.793,4.185,5.045,GLOBAL_DISCRETE_CONFORMER_AND_H_REFINEMENT,False,False
P:891,N,PARENT_HBN,PARENT,4.793,4.185,5.19,GLOBAL_DISCRETE_CONFORMER_AND_H_REFINEMENT,False,False
P:892,B,PARENT_HBN,PARENT,4.667,4.402,5.045,GLOBAL_DISCRETE_CONFORMER_AND_H_REFINEMENT,False,False
P:893,N,PARENT_HBN,PARENT,4.667,4.402,5.19,GLOBAL_DISCRETE_CONFORMER_AND_H_REFINEMENT,False,False
P:894,B,PARENT_HBN,PARENT,4.5,4.588,5.045,GLOBAL_DISCRETE_CONFORMER_AND_H_REFINEMENT,False,False
P:895,N,PARENT_HBN,PARENT,4.5,4.588,5.19,GLOBAL_DISCRETE_CONFORMER_AND_H_REFINEMENT,False,False
P:896,B,PARENT_HBN,PARENT,4.297,4.736,5.045,GLOBAL_DISCRETE_CONFORMER_AND_H_REFINEMENT,False,False
P:897,N,PARENT_HBN,PARENT,4.297,4.736,5.19,GLOBAL_DISCRETE_CONFORMER_AND_H_REFINEMENT,False,False
P:898,B,PARENT_HBN,PARENT,4.068,4.838,5.045,GLOBAL_DISCRETE_CONFORMER_AND_H_REFINEMENT,False,False
P:899,N,PARENT_HBN,PARENT,4.068,4.838,5.19,GLOBAL_DISCRETE_CONFORMER_AND_H_REFINEMENT,False,False
P:9,N,PARENT_HBN,PARENT,4.5,4.588,2.145,GLOBAL_DISCRETE_CONFORMER_AND_H_REFINEMENT,False,False
P:90,B,PARENT_HBN,PARENT,2.505,3.572,2.217,GLOBAL_DISCRETE_CONFORMER_AND_H_REFINEMENT,False,False
P:900,B,PARENT_HBN,PARENT,3.697,4.896,5.263,GLOBAL_DISCRETE_CONFORMER_AND_H_REFINEMENT,False,False
P:901,N,PARENT_HBN,PARENT,3.697,4.896,5.408,GLOBAL_DISCRETE_CONFORMER_AND_H_REFINEMENT,False,False
P:902,B,PARENT_HBN,PARENT,3.448,4.87,5.263,GLOBAL_DISCRETE_CONFORMER_AND_H_REFINEMENT,False,False
P:903,N,PARENT_HBN,PARENT,3.448,4.87,5.408,GLOBAL_DISCRETE_CONFORMER_AND_H_REFINEMENT,False,False
P:904,B,PARENT_HBN,PARENT,3.21,4.793,5.263,GLOBAL_DISCRETE_CONFORMER_AND_H_REFINEMENT,False,False
P:905,N,PARENT_HBN,PARENT,3.21,4.793,5.408,GLOBAL_DISCRETE_CONFORMER_AND_H_REFINEMENT,False,False
P:906,B,PARENT_HBN,PARENT,2.992,4.667,5.263,GLOBAL_DISCRETE_CONFORMER_AND_H_REFINEMENT,False,False
P:907,N,PARENT_HBN,PARENT,2.992,4.667,5.408,GLOBAL_DISCRETE_CONFORMER_AND_H_REFINEMENT,False,False
P:908,B,PARENT_HBN,PARENT,2.806,4.5,5.263,GLOBAL_DISCRETE_CONFORMER_AND_H_REFINEMENT,False,False
P:909,N,PARENT_HBN,PARENT,2.806,4.5,5.408,GLOBAL_DISCRETE_CONFORMER_AND_H_REFINEMENT,False,False
P:91,N,PARENT_HBN,PARENT,2.505,3.572,2.362,GLOBAL_DISCRETE_CONFORMER_AND_H_REFINEMENT,False,False
P:910,B,PARENT_HBN,PARENT,2.659,4.297,5.263,GLOBAL_DISCRETE_CONFORMER_AND_H_REFINEMENT,False,False
P:911,N,PARENT_HBN,PARENT,2.659,4.297,5.408,GLOBAL_DISCRETE_CONFORMER_AND_H_REFINEMENT,False,False
P:912,B,PARENT_HBN,PARENT,2.557,4.068,5.263,GLOBAL_DISCRETE_CONFORMER_AND_H_REFINEMENT,False,False
P:913,N,PARENT_HBN,PARENT,2.557,4.068,5.408,GLOBAL_DISCRETE_CONFORMER_AND_H_REFINEMENT,False,False
P:914,B,PARENT_HBN,PARENT,2.505,3.823,5.263,GLOBAL_DISCRETE_CONFORMER_AND_H_REFINEMENT,False,False
P:915,N,PARENT_HBN,PARENT,2.505,3.823,5.408,GLOBAL_DISCRETE_CONFORMER_AND_H_REFINEMENT,False,False
P:916,B,PARENT_HBN,PARENT,2.505,3.572,5.263,GLOBAL_DISCRETE_CONFORMER_AND_H_REFINEMENT,False,False
P:917,N,PARENT_HBN,PARENT,2.505,3.572,5.408,GLOBAL_DISCRETE_CONFORMER_AND_H_REFINEMENT,False,False
P:918,B,PARENT_HBN,PARENT,2.557,3.327,5.263,GLOBAL_DISCRETE_CONFORMER_AND_H_REFINEMENT,False,False
P:919,N,PARENT_HBN,PARENT,2.557,3.327,5.408,GLOBAL_DISCRETE_CONFORMER_AND_H_REFINEMENT,False,False
P:92,B,PARENT_HBN,PARENT,2.557,3.327,2.217,GLOBAL_DISCRETE_CONFORMER_AND_H_REFINEMENT,False,False
P:920,B,PARENT_HBN,PARENT,2.659,3.098,5.263,GLOBAL_DISCRETE_CONFORMER_AND_H_REFINEMENT,False,False
P:921,N,PARENT_HBN,PARENT,2.659,3.098,5.408,GLOBAL_DISCRETE_CONFORMER_AND_H_REFINEMENT,False,False
P:922,B,PARENT_HBN,PARENT,2.806,2.895,5.263,GLOBAL_DISCRETE_CONFORMER_AND_H_REFINEMENT,False,False
P:923,N,PARENT_HBN,PARENT,2.806,2.895,5.408,GLOBAL_DISCRETE_CONFORMER_AND_H_REFINEMENT,False,False
P:924,B,PARENT_HBN,PARENT,2.992,2.727,5.263,GLOBAL_DISCRETE_CONFORMER_AND_H_REFINEMENT,False,False
P:925,N,PARENT_HBN,PARENT,2.992,2.727,5.408,GLOBAL_DISCRETE_CONFORMER_AND_H_REFINEMENT,False,False
P:926,B,PARENT_HBN,PARENT,3.21,2.602,5.263,GLOBAL_DISCRETE_CONFORMER_AND_H_REFINEMENT,False,False
P:927,N,PARENT_HBN,PARENT,3.21,2.602,5.408,GLOBAL_DISCRETE_CONFORMER_AND_H_REFINEMENT,False,False
P:928,B,PARENT_HBN,PARENT,3.448,2.524,5.263,GLOBAL_DISCRETE_CONFORMER_AND_H_REFINEMENT,False,False
P:929,N,PARENT_HBN,PARENT,3.448,2.524,5.408,GLOBAL_DISCRETE_CONFORMER_AND_H_REFINEMENT,False,False
P:93,N,PARENT_HBN,PARENT,2.557,3.327,2.362,GLOBAL_DISCRETE_CONFORMER_AND_H_REFINEMENT,False,False
P:930,B,PARENT_HBN,PARENT,3.697,2.498,5.263,GLOBAL_DISCRETE_CONFORMER_AND_H_REFINEMENT,False,False
P:931,N,PARENT_HBN,PARENT,3.697,2.498,5.408,GLOBAL_DISCRETE_CONFORMER_AND_H_REFINEMENT,False,False
P:932,B,PARENT_HBN,PARENT,3.947,2.524,5.263,GLOBAL_DISCRETE_CONFORMER_AND_H_REFINEMENT,False,False
P:933,N,PARENT_HBN,PARENT,3.947,2.524,5.408,GLOBAL_DISCRETE_CONFORMER_AND_H_REFINEMENT,False,False
P:934,B,PARENT_HBN,PARENT,4.185,2.602,5.263,GLOBAL_DISCRETE_CONFORMER_AND_H_REFINEMENT,False,False
P:935,N,PARENT_HBN,PARENT,4.185,2.602,5.408,GLOBAL_DISCRETE_CONFORMER_AND_H_REFINEMENT,False,False
P:936,B,PARENT_HBN,PARENT,4.402,2.727,5.263,GLOBAL_DISCRETE_CONFORMER_AND_H_REFINEMENT,False,False
P:937,N,PARENT_HBN,PARENT,4.402,2.727,5.408,GLOBAL_DISCRETE_CONFORMER_AND_H_REFINEMENT,False,False
P:938,B,PARENT_HBN,PARENT,4.588,2.895,5.263,GLOBAL_DISCRETE_CONFORMER_AND_H_REFINEMENT,False,False
P:939,N,PARENT_HBN,PARENT,4.588,2.895,5.408,GLOBAL_DISCRETE_CONFORMER_AND_H_REFINEMENT,False,False
P:94,B,PARENT_HBN,PARENT,2.659,3.098,2.217,GLOBAL_DISCRETE_CONFORMER_AND_H_REFINEMENT,False,False
P:940,B,PARENT_HBN,PARENT,4.736,3.098,5.263,GLOBAL_DISCRETE_CONFORMER_AND_H_REFINEMENT,False,False
P:941,N,PARENT_HBN,PARENT,4.736,3.098,5.408,GLOBAL_DISCRETE_CONFORMER_AND_H_REFINEMENT,False,False
P:942,B,PARENT_HBN,PARENT,4.838,3.327,5.263,GLOBAL_DISCRETE_CONFORMER_AND_H_REFINEMENT,False,False
P:943,N,PARENT_HBN,PARENT,4.838,3.327,5.408,GLOBAL_DISCRETE_CONFORMER_AND_H_REFINEMENT,False,False
P:944,B,PARENT_HBN,PARENT,4.89,3.572,5.263,GLOBAL_DISCRETE_CONFORMER_AND_H_REFINEMENT,False,False
P:945,N,PARENT_HBN,PARENT,4.89,3.572,5.408,GLOBAL_DISCRETE_CONFORMER_AND_H_REFINEMENT,False,False
P:946,B,PARENT_HBN,PARENT,4.89,3.823,5.263,GLOBAL_DISCRETE_CONFORMER_AND_H_REFINEMENT,False,False
P:947,N,PARENT_HBN,PARENT,4.89,3.823,5.408,GLOBAL_DISCRETE_CONFORMER_AND_H_REFINEMENT,False,False
P:948,B,PARENT_HBN,PARENT,4.838,4.068,5.263,GLOBAL_DISCRETE_CONFORMER_AND_H_REFINEMENT,False,False
P:949,N,PARENT_HBN,PARENT,4.838,4.068,5.408,GLOBAL_DISCRETE_CONFORMER_AND_H_REFINEMENT,False,False
P:95,N,PARENT_HBN,PARENT,2.659,3.098,2.362,GLOBAL_DISCRETE_CONFORMER_AND_H_REFINEMENT,False,False
P:950,B,PARENT_HBN,PARENT,4.736,4.297,5.263,GLOBAL_DISCRETE_CONFORMER_AND_H_REFINEMENT,False,False
P:951,N,PARENT_HBN,PARENT,4.736,4.297,5.408,GLOBAL_DISCRETE_CONFORMER_AND_H_REFINEMENT,False,False
P:952,B,PARENT_HBN,PARENT,4.588,4.5,5.263,GLOBAL_DISCRETE_CONFORMER_AND_H_REFINEMENT,False,False
P:953,N,PARENT_HBN,PARENT,4.588,4.5,5.408,GLOBAL_DISCRETE_CONFORMER_AND_H_REFINEMENT,False,False
P:954,B,PARENT_HBN,PARENT,4.402,4.667,5.263,GLOBAL_DISCRETE_CONFORMER_AND_H_REFINEMENT,False,False
P:955,N,PARENT_HBN,PARENT,4.402,4.667,5.408,GLOBAL_DISCRETE_CONFORMER_AND_H_REFINEMENT,False,False
P:956,B,PARENT_HBN,PARENT,4.185,4.793,5.263,GLOBAL_DISCRETE_CONFORMER_AND_H_REFINEMENT,False,False
P:957,N,PARENT_HBN,PARENT,4.185,4.793,5.408,GLOBAL_DISCRETE_CONFORMER_AND_H_REFINEMENT,False,False
P:958,B,PARENT_HBN,PARENT,3.947,4.87,5.263,GLOBAL_DISCRETE_CONFORMER_AND_H_REFINEMENT,False,False
P:959,N,PARENT_HBN,PARENT,3.947,4.87,5.408,GLOBAL_DISCRETE_CONFORMER_AND_H_REFINEMENT,False,False
P:96,B,PARENT_HBN,PARENT,2.806,2.895,2.217,GLOBAL_DISCRETE_CONFORMER_AND_H_REFINEMENT,False,False
P:960,B,PARENT_HBN,PARENT,3.572,4.89,5.48,GLOBAL_DISCRETE_CONFORMER_AND_H_REFINEMENT,False,False
P:961,N,PARENT_HBN,PARENT,3.572,4.89,5.625,GLOBAL_DISCRETE_CONFORMER_AND_H_REFINEMENT,False,False
P:962,B,PARENT_HBN,PARENT,3.327,4.838,5.48,GLOBAL_DISCRETE_CONFORMER_AND_H_REFINEMENT,False,False
P:963,N,PARENT_HBN,PARENT,3.327,4.838,5.625,GLOBAL_DISCRETE_CONFORMER_AND_H_REFINEMENT,False,False
P:964,B,PARENT_HBN,PARENT,3.098,4.736,5.48,GLOBAL_DISCRETE_CONFORMER_AND_H_REFINEMENT,False,False
P:965,N,PARENT_HBN,PARENT,3.098,4.736,5.625,GLOBAL_DISCRETE_CONFORMER_AND_H_REFINEMENT,False,False
P:966,B,PARENT_HBN,PARENT,2.895,4.588,5.48,GLOBAL_DISCRETE_CONFORMER_AND_H_REFINEMENT,False,False
P:967,N,PARENT_HBN,PARENT,2.895,4.588,5.625,GLOBAL_DISCRETE_CONFORMER_AND_H_REFINEMENT,False,False
P:968,B,PARENT_HBN,PARENT,2.727,4.402,5.48,GLOBAL_DISCRETE_CONFORMER_AND_H_REFINEMENT,False,False
P:969,N,PARENT_HBN,PARENT,2.727,4.402,5.625,GLOBAL_DISCRETE_CONFORMER_AND_H_REFINEMENT,False,False
P:97,N,PARENT_HBN,PARENT,2.806,2.895,2.362,GLOBAL_DISCRETE_CONFORMER_AND_H_REFINEMENT,False,False
P:970,B,PARENT_HBN,PARENT,2.602,4.185,5.48,GLOBAL_DISCRETE_CONFORMER_AND_H_REFINEMENT,False,False
P:971,N,PARENT_HBN,PARENT,2.602,4.185,5.625,GLOBAL_DISCRETE_CONFORMER_AND_H_REFINEMENT,False,False
P:972,B,PARENT_HBN,PARENT,2.524,3.947,5.48,GLOBAL_DISCRETE_CONFORMER_AND_H_REFINEMENT,False,False
P:973,N,PARENT_HBN,PARENT,2.524,3.947,5.625,GLOBAL_DISCRETE_CONFORMER_AND_H_REFINEMENT,False,False
P:974,B,PARENT_HBN,PARENT,2.498,3.697,5.48,GLOBAL_DISCRETE_CONFORMER_AND_H_REFINEMENT,False,False
P:975,N,PARENT_HBN,PARENT,2.498,3.697,5.625,GLOBAL_DISCRETE_CONFORMER_AND_H_REFINEMENT,False,False
P:976,B,PARENT_HBN,PARENT,2.524,3.448,5.48,GLOBAL_DISCRETE_CONFORMER_AND_H_REFINEMENT,False,False
P:977,N,PARENT_HBN,PARENT,2.524,3.448,5.625,GLOBAL_DISCRETE_CONFORMER_AND_H_REFINEMENT,False,False
P:978,B,PARENT_HBN,PARENT,2.602,3.21,5.48,GLOBAL_DISCRETE_CONFORMER_AND_H_REFINEMENT,False,False
P:979,N,PARENT_HBN,PARENT,2.602,3.21,5.625,GLOBAL_DISCRETE_CONFORMER_AND_H_REFINEMENT,False,False
P:98,B,PARENT_HBN,PARENT,2.992,2.727,2.217,GLOBAL_DISCRETE_CONFORMER_AND_H_REFINEMENT,False,False
P:980,B,PARENT_HBN,PARENT,2.727,2.992,5.48,GLOBAL_DISCRETE_CONFORMER_AND_H_REFINEMENT,False,False
P:981,N,PARENT_HBN,PARENT,2.727,2.992,5.625,GLOBAL_DISCRETE_CONFORMER_AND_H_REFINEMENT,False,False
P:982,B,PARENT_HBN,PARENT,2.895,2.806,5.48,GLOBAL_DISCRETE_CONFORMER_AND_H_REFINEMENT,False,False
P:983,N,PARENT_HBN,PARENT,2.895,2.806,5.625,GLOBAL_DISCRETE_CONFORMER_AND_H_REFINEMENT,False,False
P:984,B,PARENT_HBN,PARENT,3.098,2.659,5.48,GLOBAL_DISCRETE_CONFORMER_AND_H_REFINEMENT,False,False
P:985,N,PARENT_HBN,PARENT,3.098,2.659,5.625,GLOBAL_DISCRETE_CONFORMER_AND_H_REFINEMENT,False,False
P:986,B,PARENT_HBN,PARENT,3.327,2.557,5.48,GLOBAL_DISCRETE_CONFORMER_AND_H_REFINEMENT,False,False
P:987,N,PARENT_HBN,PARENT,3.327,2.557,5.625,GLOBAL_DISCRETE_CONFORMER_AND_H_REFINEMENT,False,False
P:988,B,PARENT_HBN,PARENT,3.572,2.505,5.48,GLOBAL_DISCRETE_CONFORMER_AND_H_REFINEMENT,False,False
P:989,N,PARENT_HBN,PARENT,3.572,2.505,5.625,GLOBAL_DISCRETE_CONFORMER_AND_H_REFINEMENT,False,False
P:99,N,PARENT_HBN,PARENT,2.992,2.727,2.362,GLOBAL_DISCRETE_CONFORMER_AND_H_REFINEMENT,False,False
P:990,B,PARENT_HBN,PARENT,3.823,2.505,5.48,GLOBAL_DISCRETE_CONFORMER_AND_H_REFINEMENT,False,False
P:991,N,PARENT_HBN,PARENT,3.823,2.505,5.625,GLOBAL_DISCRETE_CONFORMER_AND_H_REFINEMENT,False,False
P:992,B,PARENT_HBN,PARENT,4.068,2.557,5.48,GLOBAL_DISCRETE_CONFORMER_AND_H_REFINEMENT,False,False
P:993,N,PARENT_HBN,PARENT,4.068,2.557,5.625,GLOBAL_DISCRETE_CONFORMER_AND_H_REFINEMENT,False,False
P:994,B,PARENT_HBN,PARENT,4.297,2.659,5.48,GLOBAL_DISCRETE_CONFORMER_AND_H_REFINEMENT,False,False
P:995,N,PARENT_HBN,PARENT,4.297,2.659,5.625,GLOBAL_DISCRETE_CONFORMER_AND_H_REFINEMENT,False,False
P:996,B,PARENT_HBN,PARENT,4.5,2.806,5.48,GLOBAL_DISCRETE_CONFORMER_AND_H_REFINEMENT,False,False
P:997,N,PARENT_HBN,PARENT,4.5,2.806,5.625,GLOBAL_DISCRETE_CONFORMER_AND_H_REFINEMENT,False,False
P:998,B,PARENT_HBN,PARENT,4.667,2.992,5.48,GLOBAL_DISCRETE_CONFORMER_AND_H_REFINEMENT,False,False
P:999,N,PARENT_HBN,PARENT,4.667,2.992,5.625,GLOBAL_DISCRETE_CONFORMER_AND_H_REFINEMENT,False,False
S:1680,N,HEXAGONAL_EDGE_COMPLETION_SEED,LOWER,3.9455,2.5309999999999997,1.9269594583193688,GLOBAL_DISCRETE_CONFORMER_AND_H_REFINEMENT,False,False
S:1681,N,HEXAGONAL_EDGE_COMPLETION_SEED,LOWER,4.182499999999999,2.6079999999999997,1.9271582487236887,GLOBAL_DISCRETE_CONFORMER_AND_H_REFINEMENT,False,False
S:1682,N,HEXAGONAL_EDGE_COMPLETION_SEED,LOWER,4.3985,2.7325,1.9271119301325659,GLOBAL_DISCRETE_CONFORMER_AND_H_REFINEMENT,False,False
S:1683,N,HEXAGONAL_EDGE_COMPLETION_SEED,LOWER,4.5835,2.899,1.926543068883869,GLOBAL_DISCRETE_CONFORMER_AND_H_REFINEMENT,False,False
S:1684,N,HEXAGONAL_EDGE_COMPLETION_SEED,LOWER,4.73,3.101,1.9281169649430412,GLOBAL_DISCRETE_CONFORMER_AND_H_REFINEMENT,False,False
S:1685,N,HEXAGONAL_EDGE_COMPLETION_SEED,LOWER,4.8315,3.3289999999999997,1.9266929694435793,GLOBAL_DISCRETE_CONFORMER_AND_H_REFINEMENT,False,False
S:1686,N,HEXAGONAL_EDGE_COMPLETION_SEED,LOWER,4.883,3.5725,1.9268705207935952,GLOBAL_DISCRETE_CONFORMER_AND_H_REFINEMENT,False,False
S:1687,N,HEXAGONAL_EDGE_COMPLETION_SEED,LOWER,4.883,3.822,1.9277284929657614,GLOBAL_DISCRETE_CONFORMER_AND_H_REFINEMENT,False,False
S:1688,N,HEXAGONAL_EDGE_COMPLETION_SEED,LOWER,4.8315,4.066,1.9266929694435788,GLOBAL_DISCRETE_CONFORMER_AND_H_REFINEMENT,False,False
S:1689,N,HEXAGONAL_EDGE_COMPLETION_SEED,LOWER,4.73,4.2935,1.9273644664850604,GLOBAL_DISCRETE_CONFORMER_AND_H_REFINEMENT,False,False
S:1690,N,HEXAGONAL_EDGE_COMPLETION_SEED,LOWER,4.5835,4.495,1.926543068883869,GLOBAL_DISCRETE_CONFORMER_AND_H_REFINEMENT,False,False
S:1691,N,HEXAGONAL_EDGE_COMPLETION_SEED,LOWER,4.3985,4.662,1.9276196108811234,GLOBAL_DISCRETE_CONFORMER_AND_H_REFINEMENT,False,False
S:1692,N,HEXAGONAL_EDGE_COMPLETION_SEED,LOWER,4.182499999999999,4.787,1.927158248723689,GLOBAL_DISCRETE_CONFORMER_AND_H_REFINEMENT,False,False
S:1693,N,HEXAGONAL_EDGE_COMPLETION_SEED,LOWER,3.9455,4.864,1.9269594583193685,GLOBAL_DISCRETE_CONFORMER_AND_H_REFINEMENT,False,False
S:1694,N,HEXAGONAL_EDGE_COMPLETION_SEED,LOWER,3.6975,4.89,1.9274264460771005,GLOBAL_DISCRETE_CONFORMER_AND_H_REFINEMENT,False,False
S:1695,N,HEXAGONAL_EDGE_COMPLETION_SEED,LOWER,3.4495,4.864,1.926959458319369,GLOBAL_DISCRETE_CONFORMER_AND_H_REFINEMENT,False,False
S:1696,N,HEXAGONAL_EDGE_COMPLETION_SEED,LOWER,3.2125,4.787,1.927158248723689,GLOBAL_DISCRETE_CONFORMER_AND_H_REFINEMENT,False,False
S:1697,N,HEXAGONAL_EDGE_COMPLETION_SEED,LOWER,2.9965,4.662,1.927619610881123,GLOBAL_DISCRETE_CONFORMER_AND_H_REFINEMENT,False,False
S:1698,N,HEXAGONAL_EDGE_COMPLETION_SEED,LOWER,2.811,4.495,1.92711536012986,GLOBAL_DISCRETE_CONFORMER_AND_H_REFINEMENT,False,False
S:1699,N,HEXAGONAL_EDGE_COMPLETION_SEED,LOWER,2.6645,4.2935,1.9269337921539653,GLOBAL_DISCRETE_CONFORMER_AND_H_REFINEMENT,False,False
S:1700,N,HEXAGONAL_EDGE_COMPLETION_SEED,LOWER,2.5629999999999997,4.066,1.9269577469610906,GLOBAL_DISCRETE_CONFORMER_AND_H_REFINEMENT,False,False
S:1701,N,HEXAGONAL_EDGE_COMPLETION_SEED,LOWER,2.511,3.822,1.9277284929657614,GLOBAL_DISCRETE_CONFORMER_AND_H_REFINEMENT,False,False
S:1702,N,HEXAGONAL_EDGE_COMPLETION_SEED,LOWER,2.511,3.5725,1.9268705207935952,GLOBAL_DISCRETE_CONFORMER_AND_H_REFINEMENT,False,False
S:1703,N,HEXAGONAL_EDGE_COMPLETION_SEED,LOWER,2.5629999999999997,3.3289999999999997,1.926957746961091,GLOBAL_DISCRETE_CONFORMER_AND_H_REFINEMENT,False,False
S:1704,N,HEXAGONAL_EDGE_COMPLETION_SEED,LOWER,2.6645,3.101,1.927681809141821,GLOBAL_DISCRETE_CONFORMER_AND_H_REFINEMENT,False,False
S:1705,N,HEXAGONAL_EDGE_COMPLETION_SEED,LOWER,2.811,2.899,1.92711536012986,GLOBAL_DISCRETE_CONFORMER_AND_H_REFINEMENT,False,False
S:1706,N,HEXAGONAL_EDGE_COMPLETION_SEED,LOWER,2.9965,2.7325,1.9271119301325657,GLOBAL_DISCRETE_CONFORMER_AND_H_REFINEMENT,False,False
S:1707,N,HEXAGONAL_EDGE_COMPLETION_SEED,LOWER,3.2125,2.6079999999999997,1.9271582487236887,GLOBAL_DISCRETE_CONFORMER_AND_H_REFINEMENT,False,False
S:1708,N,HEXAGONAL_EDGE_COMPLETION_SEED,LOWER,3.4495,2.5309999999999997,1.926959458319369,GLOBAL_DISCRETE_CONFORMER_AND_H_REFINEMENT,False,False
S:1709,N,HEXAGONAL_EDGE_COMPLETION_SEED,LOWER,3.6975,2.505,1.9274264460771005,GLOBAL_DISCRETE_CONFORMER_AND_H_REFINEMENT,False,False
S:1710,B,HEXAGONAL_EDGE_COMPLETION_SEED,UPPER,4.066,2.5629999999999997,8.09104225303891,GLOBAL_DISCRETE_CONFORMER_AND_H_REFINEMENT,False,False
S:1711,B,HEXAGONAL_EDGE_COMPLETION_SEED,UPPER,4.2935,2.6645,8.091066207846035,GLOBAL_DISCRETE_CONFORMER_AND_H_REFINEMENT,False,False
S:1712,B,HEXAGONAL_EDGE_COMPLETION_SEED,UPPER,4.495,2.811,8.09088463987014,GLOBAL_DISCRETE_CONFORMER_AND_H_REFINEMENT,False,False
S:1713,B,HEXAGONAL_EDGE_COMPLETION_SEED,UPPER,4.662,2.9965,8.090380389118877,GLOBAL_DISCRETE_CONFORMER_AND_H_REFINEMENT,False,False
S:1714,B,HEXAGONAL_EDGE_COMPLETION_SEED,UPPER,4.787,3.2125,8.090841751276312,GLOBAL_DISCRETE_CONFORMER_AND_H_REFINEMENT,False,False
S:1715,B,HEXAGONAL_EDGE_COMPLETION_SEED,UPPER,4.864,3.4495,8.091040541680632,GLOBAL_DISCRETE_CONFORMER_AND_H_REFINEMENT,False,False
S:1716,B,HEXAGONAL_EDGE_COMPLETION_SEED,UPPER,4.89,3.6975,8.0905735539229,GLOBAL_DISCRETE_CONFORMER_AND_H_REFINEMENT,False,False
S:1717,B,HEXAGONAL_EDGE_COMPLETION_SEED,UPPER,4.864,3.9455,8.091040541680632,GLOBAL_DISCRETE_CONFORMER_AND_H_REFINEMENT,False,False
S:1718,B,HEXAGONAL_EDGE_COMPLETION_SEED,UPPER,4.787,4.182499999999999,8.090841751276312,GLOBAL_DISCRETE_CONFORMER_AND_H_REFINEMENT,False,False
S:1719,B,HEXAGONAL_EDGE_COMPLETION_SEED,UPPER,4.662,4.3985,8.090380389118877,GLOBAL_DISCRETE_CONFORMER_AND_H_REFINEMENT,False,False
S:1720,B,HEXAGONAL_EDGE_COMPLETION_SEED,UPPER,4.495,4.5835,8.09145693111613,GLOBAL_DISCRETE_CONFORMER_AND_H_REFINEMENT,False,False
S:1721,B,HEXAGONAL_EDGE_COMPLETION_SEED,UPPER,4.2935,4.73,8.09063553351494,GLOBAL_DISCRETE_CONFORMER_AND_H_REFINEMENT,False,False
S:1722,B,HEXAGONAL_EDGE_COMPLETION_SEED,UPPER,4.066,4.8315,8.091307030556422,GLOBAL_DISCRETE_CONFORMER_AND_H_REFINEMENT,False,False
S:1723,B,HEXAGONAL_EDGE_COMPLETION_SEED,UPPER,3.822,4.883,8.09027150703424,GLOBAL_DISCRETE_CONFORMER_AND_H_REFINEMENT,False,False
S:1724,B,HEXAGONAL_EDGE_COMPLETION_SEED,UPPER,3.5725,4.883,8.091129479206405,GLOBAL_DISCRETE_CONFORMER_AND_H_REFINEMENT,False,False
S:1725,B,HEXAGONAL_EDGE_COMPLETION_SEED,UPPER,3.3289999999999997,4.8315,8.091307030556422,GLOBAL_DISCRETE_CONFORMER_AND_H_REFINEMENT,False,False
S:1726,B,HEXAGONAL_EDGE_COMPLETION_SEED,UPPER,3.101,4.73,8.08988303505696,GLOBAL_DISCRETE_CONFORMER_AND_H_REFINEMENT,False,False
S:1727,B,HEXAGONAL_EDGE_COMPLETION_SEED,UPPER,2.899,4.5835,8.09145693111613,GLOBAL_DISCRETE_CONFORMER_AND_H_REFINEMENT,False,False
S:1728,B,HEXAGONAL_EDGE_COMPLETION_SEED,UPPER,2.7325,4.3985,8.090888069867434,GLOBAL_DISCRETE_CONFORMER_AND_H_REFINEMENT,False,False
S:1729,B,HEXAGONAL_EDGE_COMPLETION_SEED,UPPER,2.6079999999999997,4.182499999999999,8.090841751276312,GLOBAL_DISCRETE_CONFORMER_AND_H_REFINEMENT,False,False
S:1730,B,HEXAGONAL_EDGE_COMPLETION_SEED,UPPER,2.5309999999999997,3.9455,8.091040541680632,GLOBAL_DISCRETE_CONFORMER_AND_H_REFINEMENT,False,False
S:1731,B,HEXAGONAL_EDGE_COMPLETION_SEED,UPPER,2.505,3.6975,8.0905735539229,GLOBAL_DISCRETE_CONFORMER_AND_H_REFINEMENT,False,False
S:1732,B,HEXAGONAL_EDGE_COMPLETION_SEED,UPPER,2.5309999999999997,3.4495,8.091040541680632,GLOBAL_DISCRETE_CONFORMER_AND_H_REFINEMENT,False,False
S:1733,B,HEXAGONAL_EDGE_COMPLETION_SEED,UPPER,2.6079999999999997,3.2125,8.090841751276312,GLOBAL_DISCRETE_CONFORMER_AND_H_REFINEMENT,False,False
S:1734,B,HEXAGONAL_EDGE_COMPLETION_SEED,UPPER,2.7325,2.9965,8.090888069867436,GLOBAL_DISCRETE_CONFORMER_AND_H_REFINEMENT,False,False
S:1735,B,HEXAGONAL_EDGE_COMPLETION_SEED,UPPER,2.899,2.811,8.09088463987014,GLOBAL_DISCRETE_CONFORMER_AND_H_REFINEMENT,False,False
S:1736,B,HEXAGONAL_EDGE_COMPLETION_SEED,UPPER,3.101,2.6645,8.090318190858179,GLOBAL_DISCRETE_CONFORMER_AND_H_REFINEMENT,False,False
S:1737,B,HEXAGONAL_EDGE_COMPLETION_SEED,UPPER,3.3289999999999997,2.5629999999999997,8.091042253038909,GLOBAL_DISCRETE_CONFORMER_AND_H_REFINEMENT,False,False
S:1738,B,HEXAGONAL_EDGE_COMPLETION_SEED,UPPER,3.5725,2.511,8.091129479206405,GLOBAL_DISCRETE_CONFORMER_AND_H_REFINEMENT,False,False
S:1739,B,HEXAGONAL_EDGE_COMPLETION_SEED,UPPER,3.822,2.511,8.09027150703424,GLOBAL_DISCRETE_CONFORMER_AND_H_REFINEMENT,False,False
