coupling,J_meV,hbar_over_J_fs,2pi_hbar_over_J_fs,J_over_kBT
J23,2.37,277.72656177215185,1745.0074523402886,0.09167569316024754
J34,17.0,38.71835008235294,243.2745683556755,0.6575893602211849
J45,33.0,19.94581670909091,125.3232624862571,1.2764969933705352
