                      :-) GROMACS - gmx mdrun, 2025.4 (-:

Copyright 1991-2025 The GROMACS Authors.
GROMACS is free software; you can redistribute it and/or modify it
under the terms of the GNU Lesser General Public License
as published by the Free Software Foundation; either version 2.1
of the License, or (at your option) any later version.

                         Current GROMACS contributors:
       Mark Abraham           Andrey Alekseenko           Brian Andrews       
      Vladimir Basov              Paul Bauer                Hugh Bird         
      Eliane Briand               Ania Brown              Mahesh Doijade      
      Giacomo Fiorin          Stefan Fleischmann          Sergey Gorelov      
   Gilles Gouaillardet            Alan Gray              M. Eric Irrgang      
   Farzaneh Jalalypour         Petter Johansson          Carsten Kutzner      
    Grzegorz Łazarski         Justin A. Lemkul          Magnus Lundborg      
       Pascal Merz             Vedran Miletić            Dmitry Morozov      
     Lukas Müllender            Julien Nabet             Szilárd Páll      
 Andrea Pasquadibisceglie     Michele Pellegrino         Nicola Piasentin     
     Daniele Rapetti         Muhammad Umair Sadiq         Hubert Santuz       
      Roland Schulz             Michael Shirts           Tatiana Shugaeva     
     Alexey Shvetsov            Philip Turner            Alessandra Villa     
 Sebastian Wingbermühle  

                         Previous GROMACS contributors:
        Emile Apol             Rossen Apostolov           James Barnett       
  Herman J.C. Berendsen         Cathrine Bergh             Par Bjelkmar       
      Christian Blau          Viacheslav Bolnykh            Kevin Boyd        
    Aldert van Buuren          Carlo Camilloni           Rudi van Drunen      
      Anton Feenstra           Oliver Fleetwood            Vytas Gapsys       
       Gaurav Garg             Gerrit Groenhof            Bert de Groot       
      Anca Hamuraru           Vincent Hindriksen          Victor Holanda      
     Aleksei Iupinov              Joe Jordan            Christoph Junghans    
    Prashanth Kanduri        Dimitrios Karkoulis           Peter Kasson       
      Sebastian Kehl           Sebastian Keller             Jiri Kraus        
       Per Larsson              Viveca Lindahl            Erik Marklund       
    Pieter Meulenhoff           Teemu Murtola              Sander Pronk       
      Alfons Sijbers            Balint Soproni         David van der Spoel    
      Peter Tieleman            Carsten Uphoff             Jon Vincent        
     Teemu Virolainen         Christian Wennberg           Maarten Wolf       
      Artem Zhmurov       

                  Coordinated by the GROMACS project leaders:
                           Berk Hess and Erik Lindahl

GROMACS:      gmx mdrun, version 2025.4
Executable:   /usr/local/gromacs/bin/gmx
Data prefix:  /usr/local/gromacs
Working dir:  /Users/alejandro/projects/Multiscale-Simulation-Project/Microtubule_Inspired_Phase0
Process ID:   15615
Command line:
  gmx mdrun -s runs/phase2/day048_f46q_collective_200ps_extension/engineered/engineered_200ps.tpr -cpi runs/phase1A/accepted/hybrid_hydrated_gap45_pyr5shift_clean032_nvt_100ps_frozenSolute/nvt_100ps_frozenSolute.cpt -deffnm runs/phase2/day048_f46q_collective_200ps_extension/engineered/engineered_extend_100ps -noappend

GROMACS version:     2025.4
Precision:           mixed
Memory model:        64 bit
MPI library:         thread_mpi
OpenMP support:      enabled (GMX_OPENMP_MAX_THREADS = 128)
GPU support:         disabled
SIMD instructions:   AVX2_256
CPU FFT library:     fftw-3.3.10-sse2
GPU FFT library:     none
Multi-GPU FFT:       none
RDTSCP usage:        enabled
TNG support:         enabled
Hwloc support:       disabled
Tracing support:     disabled
C compiler:          /usr/bin/gcc AppleClang 14.0.0.14000029
C compiler flags:    -mavx2 -mfma -Wno-missing-field-initializers -fno-stack-check -O3 -DNDEBUG
C++ compiler:        /usr/bin/g++ AppleClang 14.0.0.14000029
C++ compiler flags:  -mavx2 -mfma -Wno-reserved-identifier -Wno-missing-field-initializers -fno-stack-check -Weverything -Wno-c++98-compat -Wno-c++98-compat-pedantic -Wno-source-uses-openmp -Wno-c++17-extensions -Wno-documentation-unknown-command -Wno-covered-switch-default -Wno-switch-enum -Wno-switch-default -Wno-extra-semi-stmt -Wno-weak-vtables -Wno-shadow -Wno-padded -Wno-reserved-id-macro -Wno-double-promotion -Wno-exit-time-destructors -Wno-global-constructors -Wno-documentation -Wno-format-nonliteral -Wno-used-but-marked-unused -Wno-float-equal -Wno-conditional-uninitialized -Wno-conversion -Wno-disabled-macro-expansion -Wno-unused-macros SHELL:-Xpreprocessor -fopenmp -I/usr/local/opt/libomp/include -O3 -DNDEBUG
BLAS library:        External - detected on the system
LAPACK library:      External - detected on the system


Running on 1 node with total 0 processing units
Hardware detected on host Alejandros-MacBook-Pro-2.local:
  CPU info:
    Vendor: Intel
    Brand:  Intel(R) Core(TM) i7-9750H CPU @ 2.60GHz
    Family: 6   Model: 158   Stepping: 10
    Features: aes apic avx avx2 clfsh cmov cx8 cx16 f16c fma htt intel lahf mmx msr nonstop_tsc pcid pclmuldq pdcm pdpe1gb popcnt pse rdrnd rdtscp sse2 sse3 sse4.1 sse4.2 ssse3 tdt x2apic
  Hardware topology: Only logical processor count
    CPU limit set by OS: -1   Recommended max number of threads: 12


++++ PLEASE READ AND CITE THE FOLLOWING REFERENCE ++++
M. J. Abraham, T. Murtola, R. Schulz, S. Páll, J. C. Smith, B. Hess, E.
Lindahl
GROMACS: High performance molecular simulations through multi-level
parallelism from laptops to supercomputers
SoftwareX (2015)
DOI: 10.1016/j.softx.2015.06.001
-------- -------- --- Thank You --- -------- --------


++++ PLEASE READ AND CITE THE FOLLOWING REFERENCE ++++
S. Páll, M. J. Abraham, C. Kutzner, B. Hess, E. Lindahl
Tackling Exascale Software Challenges in Molecular Dynamics Simulations with
GROMACS
In S. Markidis & E. Laure (Eds.), Solving Software Challenges for Exascale (2015)
DOI: 10.1007/978-3-319-15976-8_1
-------- -------- --- Thank You --- -------- --------


++++ PLEASE READ AND CITE THE FOLLOWING REFERENCE ++++
S. Pronk, S. Páll, R. Schulz, P. Larsson, P. Bjelkmar, R. Apostolov, M. R.
Shirts, J. C. Smith, P. M. Kasson, D. van der Spoel, B. Hess, E. Lindahl
GROMACS 4.5: a high-throughput and highly parallel open source molecular
simulation toolkit
Bioinformatics (2013)
DOI: 10.1093/bioinformatics/btt055
-------- -------- --- Thank You --- -------- --------


++++ PLEASE READ AND CITE THE FOLLOWING REFERENCE ++++
B. Hess, C. Kutzner, D. van der Spoel, E. Lindahl
GROMACS 4: Algorithms for highly efficient, load-balanced, and scalable
molecular simulation
J. Chem. Theory Comput. (2008)
DOI: 10.1021/ct700301q
-------- -------- --- Thank You --- -------- --------


++++ PLEASE READ AND CITE THE FOLLOWING REFERENCE ++++
D. van der Spoel, E. Lindahl, B. Hess, G. Groenhof, A. E. Mark, H. J. C.
Berendsen
GROMACS: Fast, Flexible and Free
J. Comp. Chem. (2005)
DOI: 10.1002/jcc.20291
-------- -------- --- Thank You --- -------- --------


++++ PLEASE READ AND CITE THE FOLLOWING REFERENCE ++++
E. Lindahl, B. Hess, D. van der Spoel
GROMACS 3.0: A package for molecular simulation and trajectory analysis
J. Mol. Mod. (2001)
DOI: 10.1007/s008940100045
-------- -------- --- Thank You --- -------- --------


++++ PLEASE READ AND CITE THE FOLLOWING REFERENCE ++++
H. J. C. Berendsen, D. van der Spoel and R. van Drunen
GROMACS: A message-passing parallel molecular dynamics implementation
Comp. Phys. Comm. (1995)
DOI: 10.1016/0010-4655(95)00042-E
-------- -------- --- Thank You --- -------- --------


++++ PLEASE CITE THE DOI FOR THIS VERSION OF GROMACS ++++
https://doi.org/10.5281/zenodo.17671793
-------- -------- --- Thank You --- -------- --------

Input Parameters:
   integrator                     = md
   tinit                          = 0
   dt                             = 0.0005
   nsteps                         = 400000
   init-step                      = 0
   simulation-part                = 1
   mts                            = false
   mass-repartition-factor        = 1
   comm-mode                      = None
   nstcomm                        = 0
   bd-fric                        = 0
   ld-seed                        = 2099210158
   emtol                          = 10
   emstep                         = 0.01
   niter                          = 20
   fcstep                         = 0
   nstcgsteep                     = 1000
   nbfgscorr                      = 10
   rtpi                           = 0.05
   nstxout                        = 0
   nstvout                        = 0
   nstfout                        = 0
   nstlog                         = 500
   nstcalcenergy                  = 100
   nstenergy                      = 500
   nstxout-compressed             = 1000
   compressed-x-precision         = 1000
   cutoff-scheme                  = Verlet
   nstlist                        = 20
   pbc                            = xyz
   periodic-molecules             = false
   verlet-buffer-tolerance        = 0.005
   verlet-buffer-pressure-tolerance = 0.5
   rlist                          = 1.2
   coulombtype                    = PME
   coulomb-modifier               = Potential-shift
   rcoulomb-switch                = 0
   rcoulomb                       = 1.2
   epsilon-r                      = 1
   epsilon-rf                     = inf
   vdw-type                       = Cut-off
   vdw-modifier                   = Potential-shift
   rvdw-switch                    = 0
   rvdw                           = 1.2
   DispCorr                       = No
   table-extension                = 1
   fourierspacing                 = 0.12
   fourier-nx                     = 64
   fourier-ny                     = 64
   fourier-nz                     = 84
   pme-order                      = 4
   ewald-rtol                     = 1e-05
   ewald-rtol-lj                  = 0.001
   lj-pme-comb-rule               = Geometric
   ewald-geometry                 = 3d
   epsilon-surface                = 0
   ensemble-temperature-setting   = constant
   ensemble-temperature           = 300
   tcoupl                         = V-rescale
   nsttcouple                     = 100
   nh-chain-length                = 0
   print-nose-hoover-chain-variables = false
   pcoupl                         = No
   refcoord-scaling               = No
   posres-com: not available
   posres-comB: not available
   QMMM                           = false
qm-opts:
   ngQM                           = 0
   constraint-algorithm           = Lincs
   continuation                   = false
   Shake-SOR                      = false
   shake-tol                      = 0.0001
   lincs-order                    = 4
   lincs-iter                     = 1
   lincs-warnangle                = 30
   nwall                          = 0
   wall-type                      = 9-3
   wall-r-linpot                  = -1
   wall-atomtype[0]               = -1
   wall-atomtype[1]               = -1
   wall-density[0]                = 0
   wall-density[1]                = 0
   wall-ewald-zfac                = 3
   pull                           = false
   awh                            = false
   rotation                       = false
   interactiveMD                  = false
   disre                          = No
   disre-weighting                = Conservative
   disre-mixed                    = false
   dr-fc                          = 1000
   dr-tau                         = 0
   nstdisreout                    = 100
   orire-fc                       = 0
   orire-tau                      = 0
   nstorireout                    = 100
   free-energy                    = no
   cos-acceleration               = 0
   deform (3x3):
      deform[    0]={ 0.00000e+00,  0.00000e+00,  0.00000e+00}
      deform[    1]={ 0.00000e+00,  0.00000e+00,  0.00000e+00}
      deform[    2]={ 0.00000e+00,  0.00000e+00,  0.00000e+00}
   simulated-tempering            = false
   swapcoords                     = no
   userint1                       = 0
   userint2                       = 0
   userint3                       = 0
   userint4                       = 0
   userreal1                      = 0
   userreal2                      = 0
   userreal3                      = 0
   userreal4                      = 0
   applied-forces:
     electric-field:
       x:
         E0                       = 0
         omega                    = 0
         t0                       = 0
         sigma                    = 0
       y:
         E0                       = 0
         omega                    = 0
         t0                       = 0
         sigma                    = 0
       z:
         E0                       = 0
         omega                    = 0
         t0                       = 0
         sigma                    = 0
     density-guided-simulation:
       active                     = false
       group                      = protein
       similarity-measure         = inner-product
       atom-spreading-weight      = unity
       force-constant             = 1e+09
       gaussian-transform-spreading-width = 0.2
       gaussian-transform-spreading-range-in-multiples-of-width = 4
       reference-density-filename = reference.mrc
       nst                        = 1
       normalize-densities        = true
       adaptive-force-scaling     = false
       adaptive-force-scaling-time-constant = 4
       shift-vector               = 
       transformation-matrix      = 
     qmmm-cp2k:
       active                     = false
       qmgroup                    = System
       qmmethod                   = PBE
       qmfilenames                = 
       qmcharge                   = 0
       qmmultiplicity             = 1
     colvars:
       active                     = false
       configfile                 = 
       seed                       = -1
     nnpot:
       active                     = false
       modelfile                  = model.pt
       input-group                = System
       model-input1               = 
       model-input2               = 
       model-input3               = 
       model-input4               = 
grpopts:
   nrdf:       99804
   ref-t:         300
   tau-t:           1
annealing:          No
annealing-npoints:           0
   acc:	           0           0           0
   nfreeze:           Y           Y           Y           Y           Y           Y           N           N           N
   energygrp-flags[  0]: 0


Reading checkpoint file runs/phase1A/accepted/hybrid_hydrated_gap45_pyr5shift_clean032_nvt_100ps_frozenSolute/nvt_100ps_frozenSolute.cpt
  file generated by:     /usr/local/gromacs/bin/gmx
  file generated at:     Wed Jun 17 17:15:14 2026

  GROMACS double prec.:  0
  simulation part #:     1
  step:                  200000
  time:                  100.000000

Changing nstlist from 20 to 100, rlist from 1.2 to 1.253


Initializing Domain Decomposition on 1 ranks
Dynamic load balancing: auto
Using update groups, nr 18418, average size 3.7 atoms, max. radius 0.078 nm
Minimum cell size due to atom displacement: 0.446 nm
Initial maximum distances in bonded interactions:
    two-body bonded interactions: 0.387 nm, LJ-14, atoms 1760 1774
  multi-body bonded interactions: 0.387 nm, Proper Dih., atoms 1760 1774
Minimum cell size due to bonded interactions: 0.426 nm
Using 0 separate PME ranks because: there are too few total ranks for efficient splitting
Optimizing the DD grid for 1 cells with a minimum initial size of 0.446 nm
The maximum allowed number of cells is: X 16 Y 16 Z 22
Domain decomposition grid 1 x 1 x 1, separate PME ranks 0
PME domain decomposition: 1 x 1 x 1

The initial number of communication pulses is:
The initial domain decomposition cell size is:

The maximum allowed distance for atom groups involved in interactions is:
                 non-bonded interactions           1.409 nm
            two-body bonded interactions  (-rdd)   1.409 nm
          multi-body bonded interactions  (-rdd)   1.409 nm

When dynamic load balancing gets turned on, these settings will change to:
The maximum number of communication pulses is:
The minimum size for domain decomposition cells is 1.409 nm
The requested allowed shrink of DD cells (option -dds) is: 0.80
The allowed shrink of domain decomposition cells is:
The maximum allowed distance for atom groups involved in interactions is:
                 non-bonded interactions           1.409 nm
            two-body bonded interactions  (-rdd)   1.409 nm
          multi-body bonded interactions  (-rdd)   1.409 nm

Local state does not use filler particles

Using 1 MPI thread
Using 12 OpenMP threads 

System total charge: -0.000
Will do PME sum in reciprocal space for electrostatic interactions.

++++ PLEASE READ AND CITE THE FOLLOWING REFERENCE ++++
U. Essmann, L. Perera, M. L. Berkowitz, T. Darden, H. Lee, L. G. Pedersen 
A smooth particle mesh Ewald method
J. Chem. Phys. (1995)
DOI: 10.1063/1.470117
-------- -------- --- Thank You --- -------- --------

Using a Gaussian width (1/beta) of 0.384195 nm for Ewald
Potential shift: LJ r^-12: -1.122e-01 r^-6: -3.349e-01, Ewald -8.333e-06
Initialized non-bonded Coulomb Ewald tables, spacing: 1.02e-03 size: 1176

Generated table with 1126 data points for 1-4 COUL.
Tabscale = 500 points/nm
Generated table with 1126 data points for 1-4 LJ6.
Tabscale = 500 points/nm
Generated table with 1126 data points for 1-4 LJ12.
Tabscale = 500 points/nm


Using SIMD4xM 4x8 nonbonded short-range kernels

Using a dual 4x8 pair-list setup updated with dynamic pruning:
  outer list: updated every 100 steps, buffer 0.053 nm, rlist 1.253 nm
  inner list: updated every  34 steps, buffer 0.000 nm, rlist 1.200 nm
At tolerance 0.005 kJ/mol/ps per atom, equivalent classical 1x1 list would be:
  outer list: updated every 100 steps, buffer 0.139 nm, rlist 1.339 nm
  inner list: updated every  34 steps, buffer 0.034 nm, rlist 1.234 nm

The average pressure is off by at most 0.16 bar due to missing LJ interactions

Using Lorentz-Berthelot Lennard-Jones combination rule

Linking all bonded interactions to atoms


++++ PLEASE READ AND CITE THE FOLLOWING REFERENCE ++++
S. Miyamoto, P. A. Kollman
SETTLE: An Analytical Version of the SHAKE and RATTLE Algorithms for Rigid
Water Models
J. Comp. Chem. (1992)
DOI: 10.1002/jcc.540130805
-------- -------- --- Thank You --- -------- --------


++++ PLEASE READ AND CITE THE FOLLOWING REFERENCE ++++
G. Bussi, D. Donadio, M. Parrinello
Canonical sampling through velocity rescaling
J. Chem. Phys. (2007)
DOI: 10.1063/1.2408420
-------- -------- --- Thank You --- -------- --------

There are: 51686 Atoms
There are: 16634 VSites

Atom distribution over 1 domains: av 68320 stddev 0 min 68320 max 68320

Started mdrun on rank 0 Sat Sep  5 15:51:49 2026

           Step           Time
         200000      100.00000

   Energies (kJ/mol)
           Bond          Angle    Proper Dih. Per. Imp. Dih.          LJ-14
    5.52376e+01    1.75633e+01    4.76643e-01    4.43596e-02    1.60729e+02
     Coulomb-14        LJ (SR)   Coulomb (SR)   Coul. recip.      Potential
    5.03019e+01    4.68517e+06   -9.26150e+05    2.35694e+03    3.76166e+06
    Kinetic En.   Total Energy  Conserved En.    Temperature Pressure (bar)
    1.24461e+05    3.88612e+06    3.75332e+06    2.99971e+02    5.53133e+05

           Step           Time
         200500      100.25000

   Energies (kJ/mol)
           Bond          Angle    Proper Dih. Per. Imp. Dih.          LJ-14
    5.52376e+01    1.75633e+01    4.76643e-01    4.43596e-02    1.60729e+02
     Coulomb-14        LJ (SR)   Coulomb (SR)   Coul. recip.      Potential
    5.03019e+01    4.68489e+06   -9.26119e+05    2.23084e+03    3.76128e+06
    Kinetic En.   Total Energy  Conserved En.    Temperature Pressure (bar)
    1.24594e+05    3.88588e+06    3.75334e+06    3.00293e+02    5.53085e+05

           Step           Time
         201000      100.50000

   Energies (kJ/mol)
           Bond          Angle    Proper Dih. Per. Imp. Dih.          LJ-14
    5.52376e+01    1.75633e+01    4.76643e-01    4.43596e-02    1.60729e+02
     Coulomb-14        LJ (SR)   Coulomb (SR)   Coul. recip.      Potential
    5.03019e+01    4.68472e+06   -9.25240e+05    2.28689e+03    3.76205e+06
    Kinetic En.   Total Energy  Conserved En.    Temperature Pressure (bar)
    1.24212e+05    3.88626e+06    3.75335e+06    2.99373e+02    5.53091e+05

           Step           Time
         201500      100.75000

   Energies (kJ/mol)
           Bond          Angle    Proper Dih. Per. Imp. Dih.          LJ-14
    5.52376e+01    1.75633e+01    4.76643e-01    4.43596e-02    1.60729e+02
     Coulomb-14        LJ (SR)   Coulomb (SR)   Coul. recip.      Potential
    5.03019e+01    4.68398e+06   -9.24378e+05    2.28833e+03    3.76217e+06
    Kinetic En.   Total Energy  Conserved En.    Temperature Pressure (bar)
    1.24679e+05    3.88685e+06    3.75336e+06    3.00497e+02    5.53029e+05

           Step           Time
         202000      101.00000

   Energies (kJ/mol)
           Bond          Angle    Proper Dih. Per. Imp. Dih.          LJ-14
    5.52376e+01    1.75633e+01    4.76643e-01    4.43596e-02    1.60729e+02
     Coulomb-14        LJ (SR)   Coulomb (SR)   Coul. recip.      Potential
    5.03019e+01    4.68392e+06   -9.24810e+05    2.37446e+03    3.76177e+06
    Kinetic En.   Total Energy  Conserved En.    Temperature Pressure (bar)
    1.25315e+05    3.88709e+06    3.75337e+06    3.02031e+02    5.53024e+05

           Step           Time
         202500      101.25000

   Energies (kJ/mol)
           Bond          Angle    Proper Dih. Per. Imp. Dih.          LJ-14
    5.52376e+01    1.75633e+01    4.76643e-01    4.43596e-02    1.60729e+02
     Coulomb-14        LJ (SR)   Coulomb (SR)   Coul. recip.      Potential
    5.03019e+01    4.68518e+06   -9.26117e+05    2.26523e+03    3.76161e+06
    Kinetic En.   Total Energy  Conserved En.    Temperature Pressure (bar)
    1.25774e+05    3.88739e+06    3.75338e+06    3.03138e+02    5.53143e+05

           Step           Time
         203000      101.50000

   Energies (kJ/mol)
           Bond          Angle    Proper Dih. Per. Imp. Dih.          LJ-14
    5.52376e+01    1.75633e+01    4.76643e-01    4.43596e-02    1.60729e+02
     Coulomb-14        LJ (SR)   Coulomb (SR)   Coul. recip.      Potential
    5.03019e+01    4.68541e+06   -9.26813e+05    2.35213e+03    3.76123e+06
    Kinetic En.   Total Energy  Conserved En.    Temperature Pressure (bar)
    1.25292e+05    3.88652e+06    3.75339e+06    3.01975e+02    5.53103e+05

           Step           Time
         203500      101.75000

   Energies (kJ/mol)
           Bond          Angle    Proper Dih. Per. Imp. Dih.          LJ-14
    5.52376e+01    1.75633e+01    4.76643e-01    4.43596e-02    1.60729e+02
     Coulomb-14        LJ (SR)   Coulomb (SR)   Coul. recip.      Potential
    5.03019e+01    4.68336e+06   -9.25028e+05    2.31601e+03    3.76093e+06
    Kinetic En.   Total Energy  Conserved En.    Temperature Pressure (bar)
    1.25037e+05    3.88596e+06    3.75341e+06    3.01360e+02    5.52921e+05

           Step           Time
         204000      102.00000

   Energies (kJ/mol)
           Bond          Angle    Proper Dih. Per. Imp. Dih.          LJ-14
    5.52376e+01    1.75633e+01    4.76643e-01    4.43596e-02    1.60729e+02
     Coulomb-14        LJ (SR)   Coulomb (SR)   Coul. recip.      Potential
    5.03019e+01    4.68475e+06   -9.26803e+05    2.31229e+03    3.76054e+06
    Kinetic En.   Total Energy  Conserved En.    Temperature Pressure (bar)
    1.25209e+05    3.88575e+06    3.75341e+06    3.01775e+02    5.53031e+05

           Step           Time
         204500      102.25000

   Energies (kJ/mol)
           Bond          Angle    Proper Dih. Per. Imp. Dih.          LJ-14
    5.52376e+01    1.75633e+01    4.76643e-01    4.43596e-02    1.60729e+02
     Coulomb-14        LJ (SR)   Coulomb (SR)   Coul. recip.      Potential
    5.03019e+01    4.68531e+06   -9.27291e+05    2.38626e+03    3.76069e+06
    Kinetic En.   Total Energy  Conserved En.    Temperature Pressure (bar)
    1.24415e+05    3.88510e+06    3.75343e+06    2.99861e+02    5.53087e+05

           Step           Time
         205000      102.50000

   Energies (kJ/mol)
           Bond          Angle    Proper Dih. Per. Imp. Dih.          LJ-14
    5.52376e+01    1.75633e+01    4.76643e-01    4.43596e-02    1.60729e+02
     Coulomb-14        LJ (SR)   Coulomb (SR)   Coul. recip.      Potential
    5.03019e+01    4.68460e+06   -9.27318e+05    2.29101e+03    3.75986e+06
    Kinetic En.   Total Energy  Conserved En.    Temperature Pressure (bar)
    1.24751e+05    3.88461e+06    3.75344e+06    3.00671e+02    5.53002e+05

           Step           Time
         205500      102.75000

   Energies (kJ/mol)
           Bond          Angle    Proper Dih. Per. Imp. Dih.          LJ-14
    5.52376e+01    1.75633e+01    4.76643e-01    4.43596e-02    1.60729e+02
     Coulomb-14        LJ (SR)   Coulomb (SR)   Coul. recip.      Potential
    5.03019e+01    4.68653e+06   -9.29006e+05    2.23864e+03    3.76005e+06
    Kinetic En.   Total Energy  Conserved En.    Temperature Pressure (bar)
    1.24149e+05    3.88419e+06    3.75345e+06    2.99220e+02    5.53171e+05

           Step           Time
         206000      103.00000

   Energies (kJ/mol)
           Bond          Angle    Proper Dih. Per. Imp. Dih.          LJ-14
    5.52376e+01    1.75633e+01    4.76643e-01    4.43596e-02    1.60729e+02
     Coulomb-14        LJ (SR)   Coulomb (SR)   Coul. recip.      Potential
    5.03019e+01    4.68606e+06   -9.28336e+05    2.35800e+03    3.76036e+06
    Kinetic En.   Total Energy  Conserved En.    Temperature Pressure (bar)
    1.23828e+05    3.88419e+06    3.75346e+06    2.98447e+02    5.53140e+05

           Step           Time
         206500      103.25000

   Energies (kJ/mol)
           Bond          Angle    Proper Dih. Per. Imp. Dih.          LJ-14
    5.52376e+01    1.75633e+01    4.76643e-01    4.43596e-02    1.60729e+02
     Coulomb-14        LJ (SR)   Coulomb (SR)   Coul. recip.      Potential
    5.03019e+01    4.68506e+06   -9.27912e+05    2.29682e+03    3.75973e+06
    Kinetic En.   Total Energy  Conserved En.    Temperature Pressure (bar)
    1.24325e+05    3.88405e+06    3.75347e+06    2.99645e+02    5.53029e+05

           Step           Time
         207000      103.50000

   Energies (kJ/mol)
           Bond          Angle    Proper Dih. Per. Imp. Dih.          LJ-14
    5.52376e+01    1.75633e+01    4.76643e-01    4.43596e-02    1.60729e+02
     Coulomb-14        LJ (SR)   Coulomb (SR)   Coul. recip.      Potential
    5.03019e+01    4.68501e+06   -9.28221e+05    2.35099e+03    3.75943e+06
    Kinetic En.   Total Energy  Conserved En.    Temperature Pressure (bar)
    1.24860e+05    3.88429e+06    3.75348e+06    3.00935e+02    5.53031e+05

           Step           Time
         207500      103.75000

   Energies (kJ/mol)
           Bond          Angle    Proper Dih. Per. Imp. Dih.          LJ-14
    5.52376e+01    1.75633e+01    4.76643e-01    4.43596e-02    1.60729e+02
     Coulomb-14        LJ (SR)   Coulomb (SR)   Coul. recip.      Potential
    5.03019e+01    4.68486e+06   -9.27580e+05    2.28701e+03    3.75985e+06
    Kinetic En.   Total Energy  Conserved En.    Temperature Pressure (bar)
    1.24574e+05    3.88442e+06    3.75350e+06    3.00245e+02    5.53025e+05

           Step           Time
         208000      104.00000

   Energies (kJ/mol)
           Bond          Angle    Proper Dih. Per. Imp. Dih.          LJ-14
    5.52376e+01    1.75633e+01    4.76643e-01    4.43596e-02    1.60729e+02
     Coulomb-14        LJ (SR)   Coulomb (SR)   Coul. recip.      Potential
    5.03019e+01    4.68564e+06   -9.27336e+05    2.25260e+03    3.76085e+06
    Kinetic En.   Total Energy  Conserved En.    Temperature Pressure (bar)
    1.23953e+05    3.88480e+06    3.75350e+06    2.98748e+02    5.53136e+05

           Step           Time
         208500      104.25000

   Energies (kJ/mol)
           Bond          Angle    Proper Dih. Per. Imp. Dih.          LJ-14
    5.52376e+01    1.75633e+01    4.76643e-01    4.43596e-02    1.60729e+02
     Coulomb-14        LJ (SR)   Coulomb (SR)   Coul. recip.      Potential
    5.03019e+01    4.68576e+06   -9.27282e+05    2.32516e+03    3.76109e+06
    Kinetic En.   Total Energy  Conserved En.    Temperature Pressure (bar)
    1.23937e+05    3.88503e+06    3.75352e+06    2.98710e+02    5.53138e+05

           Step           Time
         209000      104.50000

   Energies (kJ/mol)
           Bond          Angle    Proper Dih. Per. Imp. Dih.          LJ-14
    5.52376e+01    1.75633e+01    4.76643e-01    4.43596e-02    1.60729e+02
     Coulomb-14        LJ (SR)   Coulomb (SR)   Coul. recip.      Potential
    5.03019e+01    4.68452e+06   -9.26335e+05    2.27376e+03    3.76075e+06
    Kinetic En.   Total Energy  Conserved En.    Temperature Pressure (bar)
    1.24780e+05    3.88553e+06    3.75352e+06    3.00741e+02    5.53042e+05

           Step           Time
         209500      104.75000

   Energies (kJ/mol)
           Bond          Angle    Proper Dih. Per. Imp. Dih.          LJ-14
    5.52376e+01    1.75633e+01    4.76643e-01    4.43596e-02    1.60729e+02
     Coulomb-14        LJ (SR)   Coulomb (SR)   Coul. recip.      Potential
    5.03019e+01    4.68558e+06   -9.27223e+05    2.35414e+03    3.76100e+06
    Kinetic En.   Total Energy  Conserved En.    Temperature Pressure (bar)
    1.24218e+05    3.88521e+06    3.75354e+06    2.99388e+02    5.53107e+05

           Step           Time
         210000      105.00000

   Energies (kJ/mol)
           Bond          Angle    Proper Dih. Per. Imp. Dih.          LJ-14
    5.52376e+01    1.75633e+01    4.76643e-01    4.43596e-02    1.60729e+02
     Coulomb-14        LJ (SR)   Coulomb (SR)   Coul. recip.      Potential
    5.03019e+01    4.68512e+06   -9.26774e+05    2.23823e+03    3.76087e+06
    Kinetic En.   Total Energy  Conserved En.    Temperature Pressure (bar)
    1.24152e+05    3.88502e+06    3.75355e+06    2.99228e+02    5.53076e+05

           Step           Time
         210500      105.25000

   Energies (kJ/mol)
           Bond          Angle    Proper Dih. Per. Imp. Dih.          LJ-14
    5.52376e+01    1.75633e+01    4.76643e-01    4.43596e-02    1.60729e+02
     Coulomb-14        LJ (SR)   Coulomb (SR)   Coul. recip.      Potential
    5.03019e+01    4.68521e+06   -9.27322e+05    2.30397e+03    3.76047e+06
    Kinetic En.   Total Energy  Conserved En.    Temperature Pressure (bar)
    1.25192e+05    3.88566e+06    3.75356e+06    3.01733e+02    5.53097e+05

           Step           Time
         211000      105.50000

   Energies (kJ/mol)
           Bond          Angle    Proper Dih. Per. Imp. Dih.          LJ-14
    5.52376e+01    1.75633e+01    4.76643e-01    4.43596e-02    1.60729e+02
     Coulomb-14        LJ (SR)   Coulomb (SR)   Coul. recip.      Potential
    5.03019e+01    4.68687e+06   -9.29535e+05    2.21804e+03    3.75984e+06
    Kinetic En.   Total Energy  Conserved En.    Temperature Pressure (bar)
    1.25700e+05    3.88554e+06    3.75357e+06    3.02958e+02    5.53213e+05

           Step           Time
         211500      105.75000

   Energies (kJ/mol)
           Bond          Angle    Proper Dih. Per. Imp. Dih.          LJ-14
    5.52376e+01    1.75633e+01    4.76643e-01    4.43596e-02    1.60729e+02
     Coulomb-14        LJ (SR)   Coulomb (SR)   Coul. recip.      Potential
    5.03019e+01    4.68682e+06   -9.29280e+05    2.34615e+03    3.76018e+06
    Kinetic En.   Total Energy  Conserved En.    Temperature Pressure (bar)
    1.25103e+05    3.88528e+06    3.75358e+06    3.01520e+02    5.53246e+05

           Step           Time
         212000      106.00000

   Energies (kJ/mol)
           Bond          Angle    Proper Dih. Per. Imp. Dih.          LJ-14
    5.52376e+01    1.75633e+01    4.76643e-01    4.43596e-02    1.60729e+02
     Coulomb-14        LJ (SR)   Coulomb (SR)   Coul. recip.      Potential
    5.03019e+01    4.68497e+06   -9.27236e+05    2.34104e+03    3.76036e+06
    Kinetic En.   Total Energy  Conserved En.    Temperature Pressure (bar)
    1.24593e+05    3.88495e+06    3.75359e+06    3.00291e+02    5.53071e+05

           Step           Time
         212500      106.25000

   Energies (kJ/mol)
           Bond          Angle    Proper Dih. Per. Imp. Dih.          LJ-14
    5.52376e+01    1.75633e+01    4.76643e-01    4.43596e-02    1.60729e+02
     Coulomb-14        LJ (SR)   Coulomb (SR)   Coul. recip.      Potential
    5.03019e+01    4.68424e+06   -9.25861e+05    2.34165e+03    3.76101e+06
    Kinetic En.   Total Energy  Conserved En.    Temperature Pressure (bar)
    1.24352e+05    3.88536e+06    3.75360e+06    2.99710e+02    5.53036e+05

           Step           Time
         213000      106.50000

   Energies (kJ/mol)
           Bond          Angle    Proper Dih. Per. Imp. Dih.          LJ-14
    5.52376e+01    1.75633e+01    4.76643e-01    4.43596e-02    1.60729e+02
     Coulomb-14        LJ (SR)   Coulomb (SR)   Coul. recip.      Potential
    5.03019e+01    4.68404e+06   -9.25012e+05    2.27031e+03    3.76158e+06
    Kinetic En.   Total Energy  Conserved En.    Temperature Pressure (bar)
    1.24572e+05    3.88615e+06    3.75362e+06    3.00239e+02    5.53036e+05

           Step           Time
         213500      106.75000

   Energies (kJ/mol)
           Bond          Angle    Proper Dih. Per. Imp. Dih.          LJ-14
    5.52376e+01    1.75633e+01    4.76643e-01    4.43596e-02    1.60729e+02
     Coulomb-14        LJ (SR)   Coulomb (SR)   Coul. recip.      Potential
    5.03019e+01    4.68440e+06   -9.26838e+05    2.31329e+03    3.76016e+06
    Kinetic En.   Total Energy  Conserved En.    Temperature Pressure (bar)
    1.25109e+05    3.88527e+06    3.75363e+06    3.01535e+02    5.52984e+05

           Step           Time
         214000      107.00000

   Energies (kJ/mol)
           Bond          Angle    Proper Dih. Per. Imp. Dih.          LJ-14
    5.52376e+01    1.75633e+01    4.76643e-01    4.43596e-02    1.60729e+02
     Coulomb-14        LJ (SR)   Coulomb (SR)   Coul. recip.      Potential
    5.03019e+01    4.68552e+06   -9.27659e+05    2.24978e+03    3.76039e+06
    Kinetic En.   Total Energy  Conserved En.    Temperature Pressure (bar)
    1.24843e+05    3.88524e+06    3.75364e+06    3.00893e+02    5.53118e+05

           Step           Time
         214500      107.25000

   Energies (kJ/mol)
           Bond          Angle    Proper Dih. Per. Imp. Dih.          LJ-14
    5.52376e+01    1.75633e+01    4.76643e-01    4.43596e-02    1.60729e+02
     Coulomb-14        LJ (SR)   Coulomb (SR)   Coul. recip.      Potential
    5.03019e+01    4.68520e+06   -9.27426e+05    2.31048e+03    3.76037e+06
    Kinetic En.   Total Energy  Conserved En.    Temperature Pressure (bar)
    1.24390e+05    3.88476e+06    3.75365e+06    2.99801e+02    5.53082e+05

           Step           Time
         215000      107.50000

   Energies (kJ/mol)
           Bond          Angle    Proper Dih. Per. Imp. Dih.          LJ-14
    5.52376e+01    1.75633e+01    4.76643e-01    4.43596e-02    1.60729e+02
     Coulomb-14        LJ (SR)   Coulomb (SR)   Coul. recip.      Potential
    5.03019e+01    4.68608e+06   -9.28619e+05    2.33041e+03    3.76007e+06
    Kinetic En.   Total Energy  Conserved En.    Temperature Pressure (bar)
    1.25012e+05    3.88509e+06    3.75366e+06    3.01301e+02    5.53152e+05

           Step           Time
         215500      107.75000

   Energies (kJ/mol)
           Bond          Angle    Proper Dih. Per. Imp. Dih.          LJ-14
    5.52376e+01    1.75633e+01    4.76643e-01    4.43596e-02    1.60729e+02
     Coulomb-14        LJ (SR)   Coulomb (SR)   Coul. recip.      Potential
    5.03019e+01    4.68478e+06   -9.27670e+05    2.25522e+03    3.75965e+06
    Kinetic En.   Total Energy  Conserved En.    Temperature Pressure (bar)
    1.24476e+05    3.88413e+06    3.75367e+06    3.00009e+02    5.53012e+05

           Step           Time
         216000      108.00000

   Energies (kJ/mol)
           Bond          Angle    Proper Dih. Per. Imp. Dih.          LJ-14
    5.52376e+01    1.75633e+01    4.76643e-01    4.43596e-02    1.60729e+02
     Coulomb-14        LJ (SR)   Coulomb (SR)   Coul. recip.      Potential
    5.03019e+01    4.68475e+06   -9.27174e+05    2.23514e+03    3.76010e+06
    Kinetic En.   Total Energy  Conserved En.    Temperature Pressure (bar)
    1.24197e+05    3.88430e+06    3.75368e+06    2.99337e+02    5.53031e+05

           Step           Time
         216500      108.25000

   Energies (kJ/mol)
           Bond          Angle    Proper Dih. Per. Imp. Dih.          LJ-14
    5.52376e+01    1.75633e+01    4.76643e-01    4.43596e-02    1.60729e+02
     Coulomb-14        LJ (SR)   Coulomb (SR)   Coul. recip.      Potential
    5.03019e+01    4.68776e+06   -9.30770e+05    2.28708e+03    3.75956e+06
    Kinetic En.   Total Energy  Conserved En.    Temperature Pressure (bar)
    1.25358e+05    3.88492e+06    3.75370e+06    3.02135e+02    5.53286e+05

           Step           Time
         217000      108.50000

   Energies (kJ/mol)
           Bond          Angle    Proper Dih. Per. Imp. Dih.          LJ-14
    5.52376e+01    1.75633e+01    4.76643e-01    4.43596e-02    1.60729e+02
     Coulomb-14        LJ (SR)   Coulomb (SR)   Coul. recip.      Potential
    5.03019e+01    4.68628e+06   -9.29313e+05    2.26140e+03    3.75952e+06
    Kinetic En.   Total Energy  Conserved En.    Temperature Pressure (bar)
    1.25208e+05    3.88472e+06    3.75370e+06    3.01773e+02    5.53150e+05

           Step           Time
         217500      108.75000

   Energies (kJ/mol)
           Bond          Angle    Proper Dih. Per. Imp. Dih.          LJ-14
    5.52376e+01    1.75633e+01    4.76643e-01    4.43596e-02    1.60729e+02
     Coulomb-14        LJ (SR)   Coulomb (SR)   Coul. recip.      Potential
    5.03019e+01    4.68613e+06   -9.28799e+05    2.28353e+03    3.75989e+06
    Kinetic En.   Total Energy  Conserved En.    Temperature Pressure (bar)
    1.24676e+05    3.88457e+06    3.75372e+06    3.00490e+02    5.53161e+05

           Step           Time
         218000      109.00000

   Energies (kJ/mol)
           Bond          Angle    Proper Dih. Per. Imp. Dih.          LJ-14
    5.52376e+01    1.75633e+01    4.76643e-01    4.43596e-02    1.60729e+02
     Coulomb-14        LJ (SR)   Coulomb (SR)   Coul. recip.      Potential
    5.03019e+01    4.68492e+06   -9.27095e+05    2.37280e+03    3.76048e+06
    Kinetic En.   Total Energy  Conserved En.    Temperature Pressure (bar)
    1.23863e+05    3.88434e+06    3.75373e+06    2.98532e+02    5.53086e+05

           Step           Time
         218500      109.25000

   Energies (kJ/mol)
           Bond          Angle    Proper Dih. Per. Imp. Dih.          LJ-14
    5.52376e+01    1.75633e+01    4.76643e-01    4.43596e-02    1.60729e+02
     Coulomb-14        LJ (SR)   Coulomb (SR)   Coul. recip.      Potential
    5.03019e+01    4.68554e+06   -9.28935e+05    2.32501e+03    3.75921e+06
    Kinetic En.   Total Energy  Conserved En.    Temperature Pressure (bar)
    1.25016e+05    3.88423e+06    3.75373e+06    3.01310e+02    5.53056e+05

           Step           Time
         219000      109.50000

   Energies (kJ/mol)
           Bond          Angle    Proper Dih. Per. Imp. Dih.          LJ-14
    5.52376e+01    1.75633e+01    4.76643e-01    4.43596e-02    1.60729e+02
     Coulomb-14        LJ (SR)   Coulomb (SR)   Coul. recip.      Potential
    5.03019e+01    4.68531e+06   -9.27714e+05    2.29589e+03    3.76018e+06
    Kinetic En.   Total Energy  Conserved En.    Temperature Pressure (bar)
    1.23587e+05    3.88377e+06    3.75375e+06    2.97867e+02    5.53054e+05

           Step           Time
         219500      109.75000

   Energies (kJ/mol)
           Bond          Angle    Proper Dih. Per. Imp. Dih.          LJ-14
    5.52376e+01    1.75633e+01    4.76643e-01    4.43596e-02    1.60729e+02
     Coulomb-14        LJ (SR)   Coulomb (SR)   Coul. recip.      Potential
    5.03019e+01    4.68575e+06   -9.27887e+05    2.32741e+03    3.76048e+06
    Kinetic En.   Total Energy  Conserved En.    Temperature Pressure (bar)
    1.23918e+05    3.88439e+06    3.75376e+06    2.98664e+02    5.53156e+05

           Step           Time
         220000      110.00000

   Energies (kJ/mol)
           Bond          Angle    Proper Dih. Per. Imp. Dih.          LJ-14
    5.52376e+01    1.75633e+01    4.76643e-01    4.43596e-02    1.60729e+02
     Coulomb-14        LJ (SR)   Coulomb (SR)   Coul. recip.      Potential
    5.03019e+01    4.68588e+06   -9.28328e+05    2.31925e+03    3.76016e+06
    Kinetic En.   Total Energy  Conserved En.    Temperature Pressure (bar)
    1.23889e+05    3.88405e+06    3.75377e+06    2.98594e+02    5.53135e+05

           Step           Time
         220500      110.25000

   Energies (kJ/mol)
           Bond          Angle    Proper Dih. Per. Imp. Dih.          LJ-14
    5.52376e+01    1.75633e+01    4.76643e-01    4.43596e-02    1.60729e+02
     Coulomb-14        LJ (SR)   Coulomb (SR)   Coul. recip.      Potential
    5.03019e+01    4.68504e+06   -9.27585e+05    2.32097e+03    3.76006e+06
    Kinetic En.   Total Energy  Conserved En.    Temperature Pressure (bar)
    1.24163e+05    3.88422e+06    3.75378e+06    2.99255e+02    5.53078e+05

           Step           Time
         221000      110.50000

   Energies (kJ/mol)
           Bond          Angle    Proper Dih. Per. Imp. Dih.          LJ-14
    5.52376e+01    1.75633e+01    4.76643e-01    4.43596e-02    1.60729e+02
     Coulomb-14        LJ (SR)   Coulomb (SR)   Coul. recip.      Potential
    5.03019e+01    4.68587e+06   -9.28907e+05    2.26337e+03    3.75951e+06
    Kinetic En.   Total Energy  Conserved En.    Temperature Pressure (bar)
    1.24958e+05    3.88446e+06    3.75379e+06    3.01169e+02    5.53152e+05

           Step           Time
         221500      110.75000

   Energies (kJ/mol)
           Bond          Angle    Proper Dih. Per. Imp. Dih.          LJ-14
    5.52376e+01    1.75633e+01    4.76643e-01    4.43596e-02    1.60729e+02
     Coulomb-14        LJ (SR)   Coulomb (SR)   Coul. recip.      Potential
    5.03019e+01    4.68582e+06   -9.28364e+05    2.24347e+03    3.75998e+06
    Kinetic En.   Total Energy  Conserved En.    Temperature Pressure (bar)
    1.24163e+05    3.88414e+06    3.75381e+06    2.99254e+02    5.53165e+05

           Step           Time
         222000      111.00000

   Energies (kJ/mol)
           Bond          Angle    Proper Dih. Per. Imp. Dih.          LJ-14
    5.52376e+01    1.75633e+01    4.76643e-01    4.43596e-02    1.60729e+02
     Coulomb-14        LJ (SR)   Coulomb (SR)   Coul. recip.      Potential
    5.03019e+01    4.68369e+06   -9.25749e+05    2.23564e+03    3.76046e+06
    Kinetic En.   Total Energy  Conserved En.    Temperature Pressure (bar)
    1.24558e+05    3.88502e+06    3.75381e+06    3.00205e+02    5.52958e+05

           Step           Time
         222500      111.25000

   Energies (kJ/mol)
           Bond          Angle    Proper Dih. Per. Imp. Dih.          LJ-14
    5.52376e+01    1.75633e+01    4.76643e-01    4.43596e-02    1.60729e+02
     Coulomb-14        LJ (SR)   Coulomb (SR)   Coul. recip.      Potential
    5.03019e+01    4.68702e+06   -9.29046e+05    2.29155e+03    3.76055e+06
    Kinetic En.   Total Energy  Conserved En.    Temperature Pressure (bar)
    1.24084e+05    3.88464e+06    3.75383e+06    2.99063e+02    5.53278e+05

           Step           Time
         223000      111.50000

   Energies (kJ/mol)
           Bond          Angle    Proper Dih. Per. Imp. Dih.          LJ-14
    5.52376e+01    1.75633e+01    4.76643e-01    4.43596e-02    1.60729e+02
     Coulomb-14        LJ (SR)   Coulomb (SR)   Coul. recip.      Potential
    5.03019e+01    4.68562e+06   -9.28669e+05    2.29487e+03    3.75953e+06
    Kinetic En.   Total Energy  Conserved En.    Temperature Pressure (bar)
    1.25486e+05    3.88502e+06    3.75383e+06    3.02443e+02    5.53132e+05

           Step           Time
         223500      111.75000

   Energies (kJ/mol)
           Bond          Angle    Proper Dih. Per. Imp. Dih.          LJ-14
    5.52376e+01    1.75633e+01    4.76643e-01    4.43596e-02    1.60729e+02
     Coulomb-14        LJ (SR)   Coulomb (SR)   Coul. recip.      Potential
    5.03019e+01    4.68525e+06   -9.27348e+05    2.29496e+03    3.76048e+06
    Kinetic En.   Total Energy  Conserved En.    Temperature Pressure (bar)
    1.24795e+05    3.88528e+06    3.75384e+06    3.00778e+02    5.53107e+05

           Step           Time
         224000      112.00000

   Energies (kJ/mol)
           Bond          Angle    Proper Dih. Per. Imp. Dih.          LJ-14
    5.52376e+01    1.75633e+01    4.76643e-01    4.43596e-02    1.60729e+02
     Coulomb-14        LJ (SR)   Coulomb (SR)   Coul. recip.      Potential
    5.03019e+01    4.68462e+06   -9.26793e+05    2.28691e+03    3.76039e+06
    Kinetic En.   Total Energy  Conserved En.    Temperature Pressure (bar)
    1.24346e+05    3.88474e+06    3.75386e+06    2.99695e+02    5.53052e+05

           Step           Time
         224500      112.25000

   Energies (kJ/mol)
           Bond          Angle    Proper Dih. Per. Imp. Dih.          LJ-14
    5.52376e+01    1.75633e+01    4.76643e-01    4.43596e-02    1.60729e+02
     Coulomb-14        LJ (SR)   Coulomb (SR)   Coul. recip.      Potential
    5.03019e+01    4.68553e+06   -9.28754e+05    2.30540e+03    3.75937e+06
    Kinetic En.   Total Energy  Conserved En.    Temperature Pressure (bar)
    1.25072e+05    3.88444e+06    3.75387e+06    3.01444e+02    5.53129e+05

           Step           Time
         225000      112.50000

   Energies (kJ/mol)
           Bond          Angle    Proper Dih. Per. Imp. Dih.          LJ-14
    5.52376e+01    1.75633e+01    4.76643e-01    4.43596e-02    1.60729e+02
     Coulomb-14        LJ (SR)   Coulomb (SR)   Coul. recip.      Potential
    5.03019e+01    4.68554e+06   -9.27851e+05    2.28040e+03    3.76026e+06
    Kinetic En.   Total Energy  Conserved En.    Temperature Pressure (bar)
    1.24030e+05    3.88429e+06    3.75388e+06    2.98934e+02    5.53142e+05

           Step           Time
         225500      112.75000

   Energies (kJ/mol)
           Bond          Angle    Proper Dih. Per. Imp. Dih.          LJ-14
    5.52376e+01    1.75633e+01    4.76643e-01    4.43596e-02    1.60729e+02
     Coulomb-14        LJ (SR)   Coulomb (SR)   Coul. recip.      Potential
    5.03019e+01    4.68511e+06   -9.28211e+05    2.37472e+03    3.75956e+06
    Kinetic En.   Total Energy  Conserved En.    Temperature Pressure (bar)
    1.24812e+05    3.88437e+06    3.75389e+06    3.00819e+02    5.53092e+05

           Step           Time
         226000      113.00000

   Energies (kJ/mol)
           Bond          Angle    Proper Dih. Per. Imp. Dih.          LJ-14
    5.52376e+01    1.75633e+01    4.76643e-01    4.43596e-02    1.60729e+02
     Coulomb-14        LJ (SR)   Coulomb (SR)   Coul. recip.      Potential
    5.03019e+01    4.68557e+06   -9.27761e+05    2.25017e+03    3.76035e+06
    Kinetic En.   Total Energy  Conserved En.    Temperature Pressure (bar)
    1.24424e+05    3.88477e+06    3.75390e+06    2.99884e+02    5.53137e+05

           Step           Time
         226500      113.25000

   Energies (kJ/mol)
           Bond          Angle    Proper Dih. Per. Imp. Dih.          LJ-14
    5.52376e+01    1.75633e+01    4.76643e-01    4.43596e-02    1.60729e+02
     Coulomb-14        LJ (SR)   Coulomb (SR)   Coul. recip.      Potential
    5.03019e+01    4.68469e+06   -9.28116e+05    2.28536e+03    3.75914e+06
    Kinetic En.   Total Energy  Conserved En.    Temperature Pressure (bar)
    1.24633e+05    3.88378e+06    3.75391e+06    3.00387e+02    5.53021e+05

           Step           Time
         227000      113.50000

   Energies (kJ/mol)
           Bond          Angle    Proper Dih. Per. Imp. Dih.          LJ-14
    5.52376e+01    1.75633e+01    4.76643e-01    4.43596e-02    1.60729e+02
     Coulomb-14        LJ (SR)   Coulomb (SR)   Coul. recip.      Potential
    5.03019e+01    4.68660e+06   -9.29422e+05    2.26838e+03    3.75973e+06
    Kinetic En.   Total Energy  Conserved En.    Temperature Pressure (bar)
    1.24186e+05    3.88391e+06    3.75392e+06    2.99309e+02    5.53230e+05

           Step           Time
         227500      113.75000

   Energies (kJ/mol)
           Bond          Angle    Proper Dih. Per. Imp. Dih.          LJ-14
    5.52376e+01    1.75633e+01    4.76643e-01    4.43596e-02    1.60729e+02
     Coulomb-14        LJ (SR)   Coulomb (SR)   Coul. recip.      Potential
    5.03019e+01    4.68629e+06   -9.29276e+05    2.35462e+03    3.75965e+06
    Kinetic En.   Total Energy  Conserved En.    Temperature Pressure (bar)
    1.24448e+05    3.88410e+06    3.75393e+06    2.99940e+02    5.53176e+05

           Step           Time
         228000      114.00000

   Energies (kJ/mol)
           Bond          Angle    Proper Dih. Per. Imp. Dih.          LJ-14
    5.52376e+01    1.75633e+01    4.76643e-01    4.43596e-02    1.60729e+02
     Coulomb-14        LJ (SR)   Coulomb (SR)   Coul. recip.      Potential
    5.03019e+01    4.68514e+06   -9.27573e+05    2.22003e+03    3.76007e+06
    Kinetic En.   Total Energy  Conserved En.    Temperature Pressure (bar)
    1.23889e+05    3.88396e+06    3.75395e+06    2.98593e+02    5.53113e+05

           Step           Time
         228500      114.25000

   Energies (kJ/mol)
           Bond          Angle    Proper Dih. Per. Imp. Dih.          LJ-14
    5.52376e+01    1.75633e+01    4.76643e-01    4.43596e-02    1.60729e+02
     Coulomb-14        LJ (SR)   Coulomb (SR)   Coul. recip.      Potential
    5.03019e+01    4.68804e+06   -9.30900e+05    2.23955e+03    3.75966e+06
    Kinetic En.   Total Energy  Conserved En.    Temperature Pressure (bar)
    1.24341e+05    3.88401e+06    3.75395e+06    2.99684e+02    5.53359e+05

           Step           Time
         229000      114.50000

   Energies (kJ/mol)
           Bond          Angle    Proper Dih. Per. Imp. Dih.          LJ-14
    5.52376e+01    1.75633e+01    4.76643e-01    4.43596e-02    1.60729e+02
     Coulomb-14        LJ (SR)   Coulomb (SR)   Coul. recip.      Potential
    5.03019e+01    4.68387e+06   -9.26537e+05    2.23180e+03    3.75985e+06
    Kinetic En.   Total Energy  Conserved En.    Temperature Pressure (bar)
    1.24121e+05    3.88397e+06    3.75396e+06    2.99152e+02    5.52948e+05

           Step           Time
         229500      114.75000

   Energies (kJ/mol)
           Bond          Angle    Proper Dih. Per. Imp. Dih.          LJ-14
    5.52376e+01    1.75633e+01    4.76643e-01    4.43596e-02    1.60729e+02
     Coulomb-14        LJ (SR)   Coulomb (SR)   Coul. recip.      Potential
    5.03019e+01    4.68752e+06   -9.30307e+05    2.24420e+03    3.75974e+06
    Kinetic En.   Total Energy  Conserved En.    Temperature Pressure (bar)
    1.23964e+05    3.88370e+06    3.75398e+06    2.98775e+02    5.53304e+05

           Step           Time
         230000      115.00000

   Energies (kJ/mol)
           Bond          Angle    Proper Dih. Per. Imp. Dih.          LJ-14
    5.52376e+01    1.75633e+01    4.76643e-01    4.43596e-02    1.60729e+02
     Coulomb-14        LJ (SR)   Coulomb (SR)   Coul. recip.      Potential
    5.03019e+01    4.68534e+06   -9.28322e+05    2.27208e+03    3.75957e+06
    Kinetic En.   Total Energy  Conserved En.    Temperature Pressure (bar)
    1.24356e+05    3.88393e+06    3.75398e+06    2.99718e+02    5.53093e+05

           Step           Time
         230500      115.25000

   Energies (kJ/mol)
           Bond          Angle    Proper Dih. Per. Imp. Dih.          LJ-14
    5.52376e+01    1.75633e+01    4.76643e-01    4.43596e-02    1.60729e+02
     Coulomb-14        LJ (SR)   Coulomb (SR)   Coul. recip.      Potential
    5.03019e+01    4.68531e+06   -9.27955e+05    2.19058e+03    3.75983e+06
    Kinetic En.   Total Energy  Conserved En.    Temperature Pressure (bar)
    1.23972e+05    3.88380e+06    3.75400e+06    2.98795e+02    5.53108e+05

           Step           Time
         231000      115.50000

   Energies (kJ/mol)
           Bond          Angle    Proper Dih. Per. Imp. Dih.          LJ-14
    5.52376e+01    1.75633e+01    4.76643e-01    4.43596e-02    1.60729e+02
     Coulomb-14        LJ (SR)   Coulomb (SR)   Coul. recip.      Potential
    5.03019e+01    4.68647e+06   -9.30296e+05    2.30085e+03    3.75876e+06
    Kinetic En.   Total Energy  Conserved En.    Temperature Pressure (bar)
    1.25016e+05    3.88378e+06    3.75401e+06    3.01311e+02    5.53173e+05

           Step           Time
         231500      115.75000

   Energies (kJ/mol)
           Bond          Angle    Proper Dih. Per. Imp. Dih.          LJ-14
    5.52376e+01    1.75633e+01    4.76643e-01    4.43596e-02    1.60729e+02
     Coulomb-14        LJ (SR)   Coulomb (SR)   Coul. recip.      Potential
    5.03019e+01    4.68537e+06   -9.28396e+05    2.27434e+03    3.75953e+06
    Kinetic En.   Total Energy  Conserved En.    Temperature Pressure (bar)
    1.23925e+05    3.88345e+06    3.75402e+06    2.98680e+02    5.53092e+05

           Step           Time
         232000      116.00000

   Energies (kJ/mol)
           Bond          Angle    Proper Dih. Per. Imp. Dih.          LJ-14
    5.52376e+01    1.75633e+01    4.76643e-01    4.43596e-02    1.60729e+02
     Coulomb-14        LJ (SR)   Coulomb (SR)   Coul. recip.      Potential
    5.03019e+01    4.68562e+06   -9.28675e+05    2.27286e+03    3.75950e+06
    Kinetic En.   Total Energy  Conserved En.    Temperature Pressure (bar)
    1.24044e+05    3.88354e+06    3.75403e+06    2.98966e+02    5.53110e+05

           Step           Time
         232500      116.25000

   Energies (kJ/mol)
           Bond          Angle    Proper Dih. Per. Imp. Dih.          LJ-14
    5.52376e+01    1.75633e+01    4.76643e-01    4.43596e-02    1.60729e+02
     Coulomb-14        LJ (SR)   Coulomb (SR)   Coul. recip.      Potential
    5.03019e+01    4.68553e+06   -9.28749e+05    2.30622e+03    3.75938e+06
    Kinetic En.   Total Energy  Conserved En.    Temperature Pressure (bar)
    1.24333e+05    3.88371e+06    3.75404e+06    2.99665e+02    5.53124e+05

           Step           Time
         233000      116.50000

   Energies (kJ/mol)
           Bond          Angle    Proper Dih. Per. Imp. Dih.          LJ-14
    5.52376e+01    1.75633e+01    4.76643e-01    4.43596e-02    1.60729e+02
     Coulomb-14        LJ (SR)   Coulomb (SR)   Coul. recip.      Potential
    5.03019e+01    4.68619e+06   -9.29155e+05    2.26050e+03    3.75958e+06
    Kinetic En.   Total Energy  Conserved En.    Temperature Pressure (bar)
    1.24791e+05    3.88437e+06    3.75405e+06    3.00768e+02    5.53173e+05

           Step           Time
         233500      116.75000

   Energies (kJ/mol)
           Bond          Angle    Proper Dih. Per. Imp. Dih.          LJ-14
    5.52376e+01    1.75633e+01    4.76643e-01    4.43596e-02    1.60729e+02
     Coulomb-14        LJ (SR)   Coulomb (SR)   Coul. recip.      Potential
    5.03019e+01    4.68857e+06   -9.32041e+05    2.29732e+03    3.75911e+06
    Kinetic En.   Total Energy  Conserved En.    Temperature Pressure (bar)
    1.24603e+05    3.88371e+06    3.75407e+06    3.00314e+02    5.53396e+05

           Step           Time
         234000      117.00000

   Energies (kJ/mol)
           Bond          Angle    Proper Dih. Per. Imp. Dih.          LJ-14
    5.52376e+01    1.75633e+01    4.76643e-01    4.43596e-02    1.60729e+02
     Coulomb-14        LJ (SR)   Coulomb (SR)   Coul. recip.      Potential
    5.03019e+01    4.68602e+06   -9.29098e+05    2.23928e+03    3.75945e+06
    Kinetic En.   Total Energy  Conserved En.    Temperature Pressure (bar)
    1.24453e+05    3.88390e+06    3.75407e+06    2.99952e+02    5.53194e+05

           Step           Time
         234500      117.25000

   Energies (kJ/mol)
           Bond          Angle    Proper Dih. Per. Imp. Dih.          LJ-14
    5.52376e+01    1.75633e+01    4.76643e-01    4.43596e-02    1.60729e+02
     Coulomb-14        LJ (SR)   Coulomb (SR)   Coul. recip.      Potential
    5.03019e+01    4.68569e+06   -9.28424e+05    2.31341e+03    3.75987e+06
    Kinetic En.   Total Energy  Conserved En.    Temperature Pressure (bar)
    1.24144e+05    3.88401e+06    3.75408e+06    2.99208e+02    5.53152e+05

           Step           Time
         235000      117.50000

   Energies (kJ/mol)
           Bond          Angle    Proper Dih. Per. Imp. Dih.          LJ-14
    5.52376e+01    1.75633e+01    4.76643e-01    4.43596e-02    1.60729e+02
     Coulomb-14        LJ (SR)   Coulomb (SR)   Coul. recip.      Potential
    5.03019e+01    4.68574e+06   -9.28597e+05    2.21637e+03    3.75964e+06
    Kinetic En.   Total Energy  Conserved En.    Temperature Pressure (bar)
    1.23826e+05    3.88347e+06    3.75410e+06    2.98442e+02    5.53190e+05

           Step           Time
         235500      117.75000

   Energies (kJ/mol)
           Bond          Angle    Proper Dih. Per. Imp. Dih.          LJ-14
    5.52376e+01    1.75633e+01    4.76643e-01    4.43596e-02    1.60729e+02
     Coulomb-14        LJ (SR)   Coulomb (SR)   Coul. recip.      Potential
    5.03019e+01    4.68458e+06   -9.27169e+05    2.32493e+03    3.76002e+06
    Kinetic En.   Total Energy  Conserved En.    Temperature Pressure (bar)
    1.23876e+05    3.88390e+06    3.75411e+06    2.98563e+02    5.53057e+05

           Step           Time
         236000      118.00000

   Energies (kJ/mol)
           Bond          Angle    Proper Dih. Per. Imp. Dih.          LJ-14
    5.52376e+01    1.75633e+01    4.76643e-01    4.43596e-02    1.60729e+02
     Coulomb-14        LJ (SR)   Coulomb (SR)   Coul. recip.      Potential
    5.03019e+01    4.68456e+06   -9.27517e+05    2.27586e+03    3.75960e+06
    Kinetic En.   Total Energy  Conserved En.    Temperature Pressure (bar)
    1.24873e+05    3.88448e+06    3.75411e+06    3.00966e+02    5.53050e+05

           Step           Time
         236500      118.25000

   Energies (kJ/mol)
           Bond          Angle    Proper Dih. Per. Imp. Dih.          LJ-14
    5.52376e+01    1.75633e+01    4.76643e-01    4.43596e-02    1.60729e+02
     Coulomb-14        LJ (SR)   Coulomb (SR)   Coul. recip.      Potential
    5.03019e+01    4.68564e+06   -9.28364e+05    2.24429e+03    3.75980e+06
    Kinetic En.   Total Energy  Conserved En.    Temperature Pressure (bar)
    1.24532e+05    3.88433e+06    3.75413e+06    3.00143e+02    5.53117e+05

           Step           Time
         237000      118.50000

   Energies (kJ/mol)
           Bond          Angle    Proper Dih. Per. Imp. Dih.          LJ-14
    5.52376e+01    1.75633e+01    4.76643e-01    4.43596e-02    1.60729e+02
     Coulomb-14        LJ (SR)   Coulomb (SR)   Coul. recip.      Potential
    5.03019e+01    4.68630e+06   -9.30059e+05    2.33847e+03    3.75886e+06
    Kinetic En.   Total Energy  Conserved En.    Temperature Pressure (bar)
    1.24893e+05    3.88376e+06    3.75414e+06    3.01014e+02    5.53168e+05

           Step           Time
         237500      118.75000

   Energies (kJ/mol)
           Bond          Angle    Proper Dih. Per. Imp. Dih.          LJ-14
    5.52376e+01    1.75633e+01    4.76643e-01    4.43596e-02    1.60729e+02
     Coulomb-14        LJ (SR)   Coulomb (SR)   Coul. recip.      Potential
    5.03019e+01    4.68570e+06   -9.28458e+05    2.30689e+03    3.75983e+06
    Kinetic En.   Total Energy  Conserved En.    Temperature Pressure (bar)
    1.24178e+05    3.88401e+06    3.75415e+06    2.99290e+02    5.53160e+05

           Step           Time
         238000      119.00000

   Energies (kJ/mol)
           Bond          Angle    Proper Dih. Per. Imp. Dih.          LJ-14
    5.52376e+01    1.75633e+01    4.76643e-01    4.43596e-02    1.60729e+02
     Coulomb-14        LJ (SR)   Coulomb (SR)   Coul. recip.      Potential
    5.03019e+01    4.68557e+06   -9.28906e+05    2.21020e+03    3.75916e+06
    Kinetic En.   Total Energy  Conserved En.    Temperature Pressure (bar)
    1.24117e+05    3.88328e+06    3.75416e+06    2.99143e+02    5.53114e+05

           Step           Time
         238500      119.25000

   Energies (kJ/mol)
           Bond          Angle    Proper Dih. Per. Imp. Dih.          LJ-14
    5.52376e+01    1.75633e+01    4.76643e-01    4.43596e-02    1.60729e+02
     Coulomb-14        LJ (SR)   Coulomb (SR)   Coul. recip.      Potential
    5.03019e+01    4.68806e+06   -9.32700e+05    2.28814e+03    3.75793e+06
    Kinetic En.   Total Energy  Conserved En.    Temperature Pressure (bar)
    1.25171e+05    3.88310e+06    3.75417e+06    3.01684e+02    5.53304e+05

           Step           Time
         239000      119.50000

   Energies (kJ/mol)
           Bond          Angle    Proper Dih. Per. Imp. Dih.          LJ-14
    5.52376e+01    1.75633e+01    4.76643e-01    4.43596e-02    1.60729e+02
     Coulomb-14        LJ (SR)   Coulomb (SR)   Coul. recip.      Potential
    5.03019e+01    4.68624e+06   -9.30041e+05    2.35217e+03    3.75883e+06
    Kinetic En.   Total Energy  Conserved En.    Temperature Pressure (bar)
    1.23773e+05    3.88261e+06    3.75419e+06    2.98313e+02    5.53139e+05

           Step           Time
         239500      119.75000

   Energies (kJ/mol)
           Bond          Angle    Proper Dih. Per. Imp. Dih.          LJ-14
    5.52376e+01    1.75633e+01    4.76643e-01    4.43596e-02    1.60729e+02
     Coulomb-14        LJ (SR)   Coulomb (SR)   Coul. recip.      Potential
    5.03019e+01    4.68462e+06   -9.29152e+05    2.25287e+03    3.75801e+06
    Kinetic En.   Total Energy  Conserved En.    Temperature Pressure (bar)
    1.24428e+05    3.88244e+06    3.75419e+06    2.99893e+02    5.52966e+05

           Step           Time
         240000      120.00000

   Energies (kJ/mol)
           Bond          Angle    Proper Dih. Per. Imp. Dih.          LJ-14
    5.52376e+01    1.75633e+01    4.76643e-01    4.43596e-02    1.60729e+02
     Coulomb-14        LJ (SR)   Coulomb (SR)   Coul. recip.      Potential
    5.03019e+01    4.68457e+06   -9.29325e+05    2.19436e+03    3.75772e+06
    Kinetic En.   Total Energy  Conserved En.    Temperature Pressure (bar)
    1.23705e+05    3.88143e+06    3.75421e+06    2.98151e+02    5.52915e+05

           Step           Time
         240500      120.25000

   Energies (kJ/mol)
           Bond          Angle    Proper Dih. Per. Imp. Dih.          LJ-14
    5.52376e+01    1.75633e+01    4.76643e-01    4.43596e-02    1.60729e+02
     Coulomb-14        LJ (SR)   Coulomb (SR)   Coul. recip.      Potential
    5.03019e+01    4.68579e+06   -9.30420e+05    2.21331e+03    3.75786e+06
    Kinetic En.   Total Energy  Conserved En.    Temperature Pressure (bar)
    1.23572e+05    3.88144e+06    3.75422e+06    2.97831e+02    5.53070e+05

           Step           Time
         241000      120.50000

   Energies (kJ/mol)
           Bond          Angle    Proper Dih. Per. Imp. Dih.          LJ-14
    5.52376e+01    1.75633e+01    4.76643e-01    4.43596e-02    1.60729e+02
     Coulomb-14        LJ (SR)   Coulomb (SR)   Coul. recip.      Potential
    5.03019e+01    4.68697e+06   -9.32078e+05    2.19607e+03    3.75737e+06
    Kinetic En.   Total Energy  Conserved En.    Temperature Pressure (bar)
    1.23647e+05    3.88102e+06    3.75422e+06    2.98010e+02    5.53166e+05

           Step           Time
         241500      120.75000

   Energies (kJ/mol)
           Bond          Angle    Proper Dih. Per. Imp. Dih.          LJ-14
    5.52376e+01    1.75633e+01    4.76643e-01    4.43596e-02    1.60729e+02
     Coulomb-14        LJ (SR)   Coulomb (SR)   Coul. recip.      Potential
    5.03019e+01    4.68669e+06   -9.30709e+05    2.24212e+03    3.75851e+06
    Kinetic En.   Total Energy  Conserved En.    Temperature Pressure (bar)
    1.23091e+05    3.88160e+06    3.75424e+06    2.96671e+02    5.53174e+05

           Step           Time
         242000      121.00000

   Energies (kJ/mol)
           Bond          Angle    Proper Dih. Per. Imp. Dih.          LJ-14
    5.52376e+01    1.75633e+01    4.76643e-01    4.43596e-02    1.60729e+02
     Coulomb-14        LJ (SR)   Coulomb (SR)   Coul. recip.      Potential
    5.03019e+01    4.68592e+06   -9.30619e+05    2.32886e+03    3.75791e+06
    Kinetic En.   Total Energy  Conserved En.    Temperature Pressure (bar)
    1.24140e+05    3.88205e+06    3.75425e+06    2.99200e+02    5.53061e+05

           Step           Time
         242500      121.25000

   Energies (kJ/mol)
           Bond          Angle    Proper Dih. Per. Imp. Dih.          LJ-14
    5.52376e+01    1.75633e+01    4.76643e-01    4.43596e-02    1.60729e+02
     Coulomb-14        LJ (SR)   Coulomb (SR)   Coul. recip.      Potential
    5.03019e+01    4.68737e+06   -9.31851e+05    2.23972e+03    3.75804e+06
    Kinetic En.   Total Energy  Conserved En.    Temperature Pressure (bar)
    1.23698e+05    3.88174e+06    3.75426e+06    2.98134e+02    5.53199e+05

           Step           Time
         243000      121.50000

   Energies (kJ/mol)
           Bond          Angle    Proper Dih. Per. Imp. Dih.          LJ-14
    5.52376e+01    1.75633e+01    4.76643e-01    4.43596e-02    1.60729e+02
     Coulomb-14        LJ (SR)   Coulomb (SR)   Coul. recip.      Potential
    5.03019e+01    4.68518e+06   -9.30087e+05    2.16910e+03    3.75755e+06
    Kinetic En.   Total Energy  Conserved En.    Temperature Pressure (bar)
    1.24367e+05    3.88192e+06    3.75427e+06    2.99747e+02    5.52960e+05

           Step           Time
         243500      121.75000

   Energies (kJ/mol)
           Bond          Angle    Proper Dih. Per. Imp. Dih.          LJ-14
    5.52376e+01    1.75633e+01    4.76643e-01    4.43596e-02    1.60729e+02
     Coulomb-14        LJ (SR)   Coulomb (SR)   Coul. recip.      Potential
    5.03019e+01    4.68649e+06   -9.30618e+05    2.21719e+03    3.75838e+06
    Kinetic En.   Total Energy  Conserved En.    Temperature Pressure (bar)
    1.23934e+05    3.88231e+06    3.75428e+06    2.98702e+02    5.53142e+05

           Step           Time
         244000      122.00000

   Energies (kJ/mol)
           Bond          Angle    Proper Dih. Per. Imp. Dih.          LJ-14
    5.52376e+01    1.75633e+01    4.76643e-01    4.43596e-02    1.60729e+02
     Coulomb-14        LJ (SR)   Coulomb (SR)   Coul. recip.      Potential
    5.03019e+01    4.68647e+06   -9.30552e+05    2.27924e+03    3.75849e+06
    Kinetic En.   Total Energy  Conserved En.    Temperature Pressure (bar)
    1.23930e+05    3.88242e+06    3.75429e+06    2.98693e+02    5.53140e+05

           Step           Time
         244500      122.25000

   Energies (kJ/mol)
           Bond          Angle    Proper Dih. Per. Imp. Dih.          LJ-14
    5.52376e+01    1.75633e+01    4.76643e-01    4.43596e-02    1.60729e+02
     Coulomb-14        LJ (SR)   Coulomb (SR)   Coul. recip.      Potential
    5.03019e+01    4.68592e+06   -9.30615e+05    2.28268e+03    3.75787e+06
    Kinetic En.   Total Energy  Conserved En.    Temperature Pressure (bar)
    1.24217e+05    3.88209e+06    3.75431e+06    2.99385e+02    5.53071e+05

           Step           Time
         245000      122.50000

   Energies (kJ/mol)
           Bond          Angle    Proper Dih. Per. Imp. Dih.          LJ-14
    5.52376e+01    1.75633e+01    4.76643e-01    4.43596e-02    1.60729e+02
     Coulomb-14        LJ (SR)   Coulomb (SR)   Coul. recip.      Potential
    5.03019e+01    4.68699e+06   -9.31067e+05    2.27732e+03    3.75848e+06
    Kinetic En.   Total Energy  Conserved En.    Temperature Pressure (bar)
    1.23960e+05    3.88244e+06    3.75431e+06    2.98765e+02    5.53158e+05

           Step           Time
         245500      122.75000

   Energies (kJ/mol)
           Bond          Angle    Proper Dih. Per. Imp. Dih.          LJ-14
    5.52376e+01    1.75633e+01    4.76643e-01    4.43596e-02    1.60729e+02
     Coulomb-14        LJ (SR)   Coulomb (SR)   Coul. recip.      Potential
    5.03019e+01    4.68616e+06   -9.30219e+05    2.36923e+03    3.75859e+06
    Kinetic En.   Total Energy  Conserved En.    Temperature Pressure (bar)
    1.23661e+05    3.88225e+06    3.75432e+06    2.98045e+02    5.53095e+05

           Step           Time
         246000      123.00000

   Energies (kJ/mol)
           Bond          Angle    Proper Dih. Per. Imp. Dih.          LJ-14
    5.52376e+01    1.75633e+01    4.76643e-01    4.43596e-02    1.60729e+02
     Coulomb-14        LJ (SR)   Coulomb (SR)   Coul. recip.      Potential
    5.03019e+01    4.68805e+06   -9.32504e+05    2.29115e+03    3.75813e+06
    Kinetic En.   Total Energy  Conserved En.    Temperature Pressure (bar)
    1.24311e+05    3.88244e+06    3.75433e+06    2.99612e+02    5.53295e+05

           Step           Time
         246500      123.25000

   Energies (kJ/mol)
           Bond          Angle    Proper Dih. Per. Imp. Dih.          LJ-14
    5.52376e+01    1.75633e+01    4.76643e-01    4.43596e-02    1.60729e+02
     Coulomb-14        LJ (SR)   Coulomb (SR)   Coul. recip.      Potential
    5.03019e+01    4.68613e+06   -9.29987e+05    2.28110e+03    3.75871e+06
    Kinetic En.   Total Energy  Conserved En.    Temperature Pressure (bar)
    1.23855e+05    3.88257e+06    3.75435e+06    2.98512e+02    5.53152e+05

           Step           Time
         247000      123.50000

   Energies (kJ/mol)
           Bond          Angle    Proper Dih. Per. Imp. Dih.          LJ-14
    5.52376e+01    1.75633e+01    4.76643e-01    4.43596e-02    1.60729e+02
     Coulomb-14        LJ (SR)   Coulomb (SR)   Coul. recip.      Potential
    5.03019e+01    4.68675e+06   -9.30523e+05    2.20334e+03    3.75872e+06
    Kinetic En.   Total Energy  Conserved En.    Temperature Pressure (bar)
    1.23617e+05    3.88234e+06    3.75436e+06    2.97939e+02    5.53169e+05

           Step           Time
         247500      123.75000

   Energies (kJ/mol)
           Bond          Angle    Proper Dih. Per. Imp. Dih.          LJ-14
    5.52376e+01    1.75633e+01    4.76643e-01    4.43596e-02    1.60729e+02
     Coulomb-14        LJ (SR)   Coulomb (SR)   Coul. recip.      Potential
    5.03019e+01    4.68746e+06   -9.31392e+05    2.27355e+03    3.75863e+06
    Kinetic En.   Total Energy  Conserved En.    Temperature Pressure (bar)
    1.23531e+05    3.88216e+06    3.75437e+06    2.97731e+02    5.53273e+05

           Step           Time
         248000      124.00000

   Energies (kJ/mol)
           Bond          Angle    Proper Dih. Per. Imp. Dih.          LJ-14
    5.52376e+01    1.75633e+01    4.76643e-01    4.43596e-02    1.60729e+02
     Coulomb-14        LJ (SR)   Coulomb (SR)   Coul. recip.      Potential
    5.03019e+01    4.68549e+06   -9.28044e+05    2.31350e+03    3.76004e+06
    Kinetic En.   Total Energy  Conserved En.    Temperature Pressure (bar)
    1.22515e+05    3.88256e+06    3.75439e+06    2.95281e+02    5.53135e+05

           Step           Time
         248500      124.25000

   Energies (kJ/mol)
           Bond          Angle    Proper Dih. Per. Imp. Dih.          LJ-14
    5.52376e+01    1.75633e+01    4.76643e-01    4.43596e-02    1.60729e+02
     Coulomb-14        LJ (SR)   Coulomb (SR)   Coul. recip.      Potential
    5.03019e+01    4.68792e+06   -9.32762e+05    2.34766e+03    3.75779e+06
    Kinetic En.   Total Energy  Conserved En.    Temperature Pressure (bar)
    1.24569e+05    3.88236e+06    3.75439e+06    3.00233e+02    5.53303e+05

           Step           Time
         249000      124.50000

   Energies (kJ/mol)
           Bond          Angle    Proper Dih. Per. Imp. Dih.          LJ-14
    5.52376e+01    1.75633e+01    4.76643e-01    4.43596e-02    1.60729e+02
     Coulomb-14        LJ (SR)   Coulomb (SR)   Coul. recip.      Potential
    5.03019e+01    4.68537e+06   -9.29271e+05    2.24400e+03    3.75862e+06
    Kinetic En.   Total Energy  Conserved En.    Temperature Pressure (bar)
    1.23562e+05    3.88219e+06    3.75440e+06    2.97806e+02    5.53050e+05

Writing checkpoint, step 249100 at Sat Sep  5 16:06:52 2026


           Step           Time
         249500      124.75000

   Energies (kJ/mol)
           Bond          Angle    Proper Dih. Per. Imp. Dih.          LJ-14
    5.52376e+01    1.75633e+01    4.76643e-01    4.43596e-02    1.60729e+02
     Coulomb-14        LJ (SR)   Coulomb (SR)   Coul. recip.      Potential
    5.03019e+01    4.68570e+06   -9.30577e+05    2.25042e+03    3.75766e+06
    Kinetic En.   Total Energy  Conserved En.    Temperature Pressure (bar)
    1.24190e+05    3.88185e+06    3.75441e+06    2.99318e+02    5.53062e+05

           Step           Time
         250000      125.00000

   Energies (kJ/mol)
           Bond          Angle    Proper Dih. Per. Imp. Dih.          LJ-14
    5.52376e+01    1.75633e+01    4.76643e-01    4.43596e-02    1.60729e+02
     Coulomb-14        LJ (SR)   Coulomb (SR)   Coul. recip.      Potential
    5.03019e+01    4.68824e+06   -9.34070e+05    2.25267e+03    3.75670e+06
    Kinetic En.   Total Energy  Conserved En.    Temperature Pressure (bar)
    1.24793e+05    3.88150e+06    3.75442e+06    3.00774e+02    5.53282e+05

           Step           Time
         250500      125.25000

   Energies (kJ/mol)
           Bond          Angle    Proper Dih. Per. Imp. Dih.          LJ-14
    5.52376e+01    1.75633e+01    4.76643e-01    4.43596e-02    1.60729e+02
     Coulomb-14        LJ (SR)   Coulomb (SR)   Coul. recip.      Potential
    5.03019e+01    4.68667e+06   -9.31642e+05    2.35720e+03    3.75767e+06
    Kinetic En.   Total Energy  Conserved En.    Temperature Pressure (bar)
    1.23345e+05    3.88101e+06    3.75444e+06    2.97282e+02    5.53120e+05

           Step           Time
         251000      125.50000

   Energies (kJ/mol)
           Bond          Angle    Proper Dih. Per. Imp. Dih.          LJ-14
    5.52376e+01    1.75633e+01    4.76643e-01    4.43596e-02    1.60729e+02
     Coulomb-14        LJ (SR)   Coulomb (SR)   Coul. recip.      Potential
    5.03019e+01    4.68609e+06   -9.31320e+05    2.21163e+03    3.75727e+06
    Kinetic En.   Total Energy  Conserved En.    Temperature Pressure (bar)
    1.24296e+05    3.88157e+06    3.75444e+06    2.99575e+02    5.53070e+05

           Step           Time
         251500      125.75000

   Energies (kJ/mol)
           Bond          Angle    Proper Dih. Per. Imp. Dih.          LJ-14
    5.52376e+01    1.75633e+01    4.76643e-01    4.43596e-02    1.60729e+02
     Coulomb-14        LJ (SR)   Coulomb (SR)   Coul. recip.      Potential
    5.03019e+01    4.68825e+06   -9.33003e+05    2.18573e+03    3.75772e+06
    Kinetic En.   Total Energy  Conserved En.    Temperature Pressure (bar)
    1.23801e+05    3.88152e+06    3.75446e+06    2.98381e+02    5.53264e+05

           Step           Time
         252000      126.00000

   Energies (kJ/mol)
           Bond          Angle    Proper Dih. Per. Imp. Dih.          LJ-14
    5.52376e+01    1.75633e+01    4.76643e-01    4.43596e-02    1.60729e+02
     Coulomb-14        LJ (SR)   Coulomb (SR)   Coul. recip.      Potential
    5.03019e+01    4.68780e+06   -9.32785e+05    2.25164e+03    3.75755e+06
    Kinetic En.   Total Energy  Conserved En.    Temperature Pressure (bar)
    1.24234e+05    3.88179e+06    3.75447e+06    2.99425e+02    5.53240e+05

           Step           Time
         252500      126.25000

   Energies (kJ/mol)
           Bond          Angle    Proper Dih. Per. Imp. Dih.          LJ-14
    5.52376e+01    1.75633e+01    4.76643e-01    4.43596e-02    1.60729e+02
     Coulomb-14        LJ (SR)   Coulomb (SR)   Coul. recip.      Potential
    5.03019e+01    4.68649e+06   -9.31139e+05    2.23114e+03    3.75787e+06
    Kinetic En.   Total Energy  Conserved En.    Temperature Pressure (bar)
    1.23624e+05    3.88149e+06    3.75448e+06    2.97955e+02    5.53100e+05

           Step           Time
         253000      126.50000

   Energies (kJ/mol)
           Bond          Angle    Proper Dih. Per. Imp. Dih.          LJ-14
    5.52376e+01    1.75633e+01    4.76643e-01    4.43596e-02    1.60729e+02
     Coulomb-14        LJ (SR)   Coulomb (SR)   Coul. recip.      Potential
    5.03019e+01    4.68651e+06   -9.30292e+05    2.32198e+03    3.75882e+06
    Kinetic En.   Total Energy  Conserved En.    Temperature Pressure (bar)
    1.23624e+05    3.88245e+06    3.75449e+06    2.97954e+02    5.53188e+05

           Step           Time
         253500      126.75000

   Energies (kJ/mol)
           Bond          Angle    Proper Dih. Per. Imp. Dih.          LJ-14
    5.52376e+01    1.75633e+01    4.76643e-01    4.43596e-02    1.60729e+02
     Coulomb-14        LJ (SR)   Coulomb (SR)   Coul. recip.      Potential
    5.03019e+01    4.68606e+06   -9.29898e+05    2.25220e+03    3.75870e+06
    Kinetic En.   Total Energy  Conserved En.    Temperature Pressure (bar)
    1.23098e+05    3.88180e+06    3.75450e+06    2.96686e+02    5.53098e+05

           Step           Time
         254000      127.00000

   Energies (kJ/mol)
           Bond          Angle    Proper Dih. Per. Imp. Dih.          LJ-14
    5.52376e+01    1.75633e+01    4.76643e-01    4.43596e-02    1.60729e+02
     Coulomb-14        LJ (SR)   Coulomb (SR)   Coul. recip.      Potential
    5.03019e+01    4.68593e+06   -9.30284e+05    2.30103e+03    3.75824e+06
    Kinetic En.   Total Energy  Conserved En.    Temperature Pressure (bar)
    1.24087e+05    3.88232e+06    3.75451e+06    2.99071e+02    5.53092e+05

           Step           Time
         254500      127.25000

   Energies (kJ/mol)
           Bond          Angle    Proper Dih. Per. Imp. Dih.          LJ-14
    5.52376e+01    1.75633e+01    4.76643e-01    4.43596e-02    1.60729e+02
     Coulomb-14        LJ (SR)   Coulomb (SR)   Coul. recip.      Potential
    5.03019e+01    4.68434e+06   -9.28959e+05    2.30773e+03    3.75797e+06
    Kinetic En.   Total Energy  Conserved En.    Temperature Pressure (bar)
    1.24482e+05    3.88245e+06    3.75451e+06    3.00022e+02    5.52903e+05

           Step           Time
         255000      127.50000

   Energies (kJ/mol)
           Bond          Angle    Proper Dih. Per. Imp. Dih.          LJ-14
    5.52376e+01    1.75633e+01    4.76643e-01    4.43596e-02    1.60729e+02
     Coulomb-14        LJ (SR)   Coulomb (SR)   Coul. recip.      Potential
    5.03019e+01    4.68514e+06   -9.30582e+05    2.21819e+03    3.75707e+06
    Kinetic En.   Total Energy  Conserved En.    Temperature Pressure (bar)
    1.25035e+05    3.88210e+06    3.75453e+06    3.01356e+02    5.52951e+05

           Step           Time
         255500      127.75000

   Energies (kJ/mol)
           Bond          Angle    Proper Dih. Per. Imp. Dih.          LJ-14
    5.52376e+01    1.75633e+01    4.76643e-01    4.43596e-02    1.60729e+02
     Coulomb-14        LJ (SR)   Coulomb (SR)   Coul. recip.      Potential
    5.03019e+01    4.68790e+06   -9.32574e+05    2.19389e+03    3.75780e+06
    Kinetic En.   Total Energy  Conserved En.    Temperature Pressure (bar)
    1.24562e+05    3.88237e+06    3.75454e+06    3.00215e+02    5.53272e+05

           Step           Time
         256000      128.00000

   Energies (kJ/mol)
           Bond          Angle    Proper Dih. Per. Imp. Dih.          LJ-14
    5.52376e+01    1.75633e+01    4.76643e-01    4.43596e-02    1.60729e+02
     Coulomb-14        LJ (SR)   Coulomb (SR)   Coul. recip.      Potential
    5.03019e+01    4.68632e+06   -9.30021e+05    2.28353e+03    3.75886e+06
    Kinetic En.   Total Energy  Conserved En.    Temperature Pressure (bar)
    1.23839e+05    3.88270e+06    3.75455e+06    2.98472e+02    5.53136e+05

           Step           Time
         256500      128.25000

   Energies (kJ/mol)
           Bond          Angle    Proper Dih. Per. Imp. Dih.          LJ-14
    5.52376e+01    1.75633e+01    4.76643e-01    4.43596e-02    1.60729e+02
     Coulomb-14        LJ (SR)   Coulomb (SR)   Coul. recip.      Potential
    5.03019e+01    4.68625e+06   -9.30584e+05    2.20808e+03    3.75816e+06
    Kinetic En.   Total Energy  Conserved En.    Temperature Pressure (bar)
    1.24146e+05    3.88231e+06    3.75456e+06    2.99214e+02    5.53098e+05

           Step           Time
         257000      128.50000

   Energies (kJ/mol)
           Bond          Angle    Proper Dih. Per. Imp. Dih.          LJ-14
    5.52376e+01    1.75633e+01    4.76643e-01    4.43596e-02    1.60729e+02
     Coulomb-14        LJ (SR)   Coulomb (SR)   Coul. recip.      Potential
    5.03019e+01    4.68732e+06   -9.31936e+05    2.23393e+03    3.75790e+06
    Kinetic En.   Total Energy  Conserved En.    Temperature Pressure (bar)
    1.25037e+05    3.88294e+06    3.75457e+06    3.01362e+02    5.53210e+05

           Step           Time
         257500      128.75000

   Energies (kJ/mol)
           Bond          Angle    Proper Dih. Per. Imp. Dih.          LJ-14
    5.52376e+01    1.75633e+01    4.76643e-01    4.43596e-02    1.60729e+02
     Coulomb-14        LJ (SR)   Coulomb (SR)   Coul. recip.      Potential
    5.03019e+01    4.68703e+06   -9.31892e+05    2.18669e+03    3.75760e+06
    Kinetic En.   Total Energy  Conserved En.    Temperature Pressure (bar)
    1.25408e+05    3.88301e+06    3.75458e+06    3.02254e+02    5.53179e+05

           Step           Time
         258000      129.00000

   Energies (kJ/mol)
           Bond          Angle    Proper Dih. Per. Imp. Dih.          LJ-14
    5.52376e+01    1.75633e+01    4.76643e-01    4.43596e-02    1.60729e+02
     Coulomb-14        LJ (SR)   Coulomb (SR)   Coul. recip.      Potential
    5.03019e+01    4.68605e+06   -9.30036e+05    2.26211e+03    3.75856e+06
    Kinetic En.   Total Energy  Conserved En.    Temperature Pressure (bar)
    1.24380e+05    3.88294e+06    3.75459e+06    2.99776e+02    5.53107e+05

           Step           Time
         258500      129.25000

   Energies (kJ/mol)
           Bond          Angle    Proper Dih. Per. Imp. Dih.          LJ-14
    5.52376e+01    1.75633e+01    4.76643e-01    4.43596e-02    1.60729e+02
     Coulomb-14        LJ (SR)   Coulomb (SR)   Coul. recip.      Potential
    5.03019e+01    4.68668e+06   -9.29373e+05    2.31022e+03    3.75990e+06
    Kinetic En.   Total Energy  Conserved En.    Temperature Pressure (bar)
    1.23891e+05    3.88379e+06    3.75461e+06    2.98598e+02    5.53200e+05

           Step           Time
         259000      129.50000

   Energies (kJ/mol)
           Bond          Angle    Proper Dih. Per. Imp. Dih.          LJ-14
    5.52376e+01    1.75633e+01    4.76643e-01    4.43596e-02    1.60729e+02
     Coulomb-14        LJ (SR)   Coulomb (SR)   Coul. recip.      Potential
    5.03019e+01    4.68699e+06   -9.29839e+05    2.32810e+03    3.75976e+06
    Kinetic En.   Total Energy  Conserved En.    Temperature Pressure (bar)
    1.23915e+05    3.88368e+06    3.75461e+06    2.98656e+02    5.53242e+05

           Step           Time
         259500      129.75000

   Energies (kJ/mol)
           Bond          Angle    Proper Dih. Per. Imp. Dih.          LJ-14
    5.52376e+01    1.75633e+01    4.76643e-01    4.43596e-02    1.60729e+02
     Coulomb-14        LJ (SR)   Coulomb (SR)   Coul. recip.      Potential
    5.03019e+01    4.68643e+06   -9.29477e+05    2.20073e+03    3.75943e+06
    Kinetic En.   Total Energy  Conserved En.    Temperature Pressure (bar)
    1.23758e+05    3.88319e+06    3.75462e+06    2.98278e+02    5.53170e+05

           Step           Time
         260000      130.00000

   Energies (kJ/mol)
           Bond          Angle    Proper Dih. Per. Imp. Dih.          LJ-14
    5.52376e+01    1.75633e+01    4.76643e-01    4.43596e-02    1.60729e+02
     Coulomb-14        LJ (SR)   Coulomb (SR)   Coul. recip.      Potential
    5.03019e+01    4.68676e+06   -9.31273e+05    2.20955e+03    3.75798e+06
    Kinetic En.   Total Energy  Conserved En.    Temperature Pressure (bar)
    1.24854e+05    3.88283e+06    3.75464e+06    3.00920e+02    5.53169e+05

           Step           Time
         260500      130.25000

   Energies (kJ/mol)
           Bond          Angle    Proper Dih. Per. Imp. Dih.          LJ-14
    5.52376e+01    1.75633e+01    4.76643e-01    4.43596e-02    1.60729e+02
     Coulomb-14        LJ (SR)   Coulomb (SR)   Coul. recip.      Potential
    5.03019e+01    4.68650e+06   -9.29695e+05    2.24103e+03    3.75933e+06
    Kinetic En.   Total Energy  Conserved En.    Temperature Pressure (bar)
    1.23459e+05    3.88279e+06    3.75465e+06    2.97557e+02    5.53177e+05

           Step           Time
         261000      130.50000

   Energies (kJ/mol)
           Bond          Angle    Proper Dih. Per. Imp. Dih.          LJ-14
    5.52376e+01    1.75633e+01    4.76643e-01    4.43596e-02    1.60729e+02
     Coulomb-14        LJ (SR)   Coulomb (SR)   Coul. recip.      Potential
    5.03019e+01    4.68531e+06   -9.29819e+05    2.27796e+03    3.75805e+06
    Kinetic En.   Total Energy  Conserved En.    Temperature Pressure (bar)
    1.24185e+05    3.88224e+06    3.75466e+06    2.99307e+02    5.53003e+05

           Step           Time
         261500      130.75000

   Energies (kJ/mol)
           Bond          Angle    Proper Dih. Per. Imp. Dih.          LJ-14
    5.52376e+01    1.75633e+01    4.76643e-01    4.43596e-02    1.60729e+02
     Coulomb-14        LJ (SR)   Coulomb (SR)   Coul. recip.      Potential
    5.03019e+01    4.68654e+06   -9.31274e+05    2.26893e+03    3.75781e+06
    Kinetic En.   Total Energy  Conserved En.    Temperature Pressure (bar)
    1.24482e+05    3.88230e+06    3.75467e+06    3.00023e+02    5.53140e+05

           Step           Time
         262000      131.00000

   Energies (kJ/mol)
           Bond          Angle    Proper Dih. Per. Imp. Dih.          LJ-14
    5.52376e+01    1.75633e+01    4.76643e-01    4.43596e-02    1.60729e+02
     Coulomb-14        LJ (SR)   Coulomb (SR)   Coul. recip.      Potential
    5.03019e+01    4.68648e+06   -9.30692e+05    2.22398e+03    3.75830e+06
    Kinetic En.   Total Energy  Conserved En.    Temperature Pressure (bar)
    1.23998e+05    3.88230e+06    3.75468e+06    2.98855e+02    5.53154e+05

           Step           Time
         262500      131.25000

   Energies (kJ/mol)
           Bond          Angle    Proper Dih. Per. Imp. Dih.          LJ-14
    5.52376e+01    1.75633e+01    4.76643e-01    4.43596e-02    1.60729e+02
     Coulomb-14        LJ (SR)   Coulomb (SR)   Coul. recip.      Potential
    5.03019e+01    4.68726e+06   -9.31787e+05    2.30740e+03    3.75807e+06
    Kinetic En.   Total Energy  Conserved En.    Temperature Pressure (bar)
    1.24331e+05    3.88240e+06    3.75469e+06    2.99659e+02    5.53180e+05

           Step           Time
         263000      131.50000

   Energies (kJ/mol)
           Bond          Angle    Proper Dih. Per. Imp. Dih.          LJ-14
    5.52376e+01    1.75633e+01    4.76643e-01    4.43596e-02    1.60729e+02
     Coulomb-14        LJ (SR)   Coulomb (SR)   Coul. recip.      Potential
    5.03019e+01    4.68472e+06   -9.28731e+05    2.28717e+03    3.75856e+06
    Kinetic En.   Total Energy  Conserved En.    Temperature Pressure (bar)
    1.24107e+05    3.88267e+06    3.75470e+06    2.99120e+02    5.52978e+05

           Step           Time
         263500      131.75000

   Energies (kJ/mol)
           Bond          Angle    Proper Dih. Per. Imp. Dih.          LJ-14
    5.52376e+01    1.75633e+01    4.76643e-01    4.43596e-02    1.60729e+02
     Coulomb-14        LJ (SR)   Coulomb (SR)   Coul. recip.      Potential
    5.03019e+01    4.68666e+06   -9.29757e+05    2.24150e+03    3.75943e+06
    Kinetic En.   Total Energy  Conserved En.    Temperature Pressure (bar)
    1.23650e+05    3.88308e+06    3.75472e+06    2.98019e+02    5.53186e+05

           Step           Time
         264000      132.00000

   Energies (kJ/mol)
           Bond          Angle    Proper Dih. Per. Imp. Dih.          LJ-14
    5.52376e+01    1.75633e+01    4.76643e-01    4.43596e-02    1.60729e+02
     Coulomb-14        LJ (SR)   Coulomb (SR)   Coul. recip.      Potential
    5.03019e+01    4.68606e+06   -9.29519e+05    2.33425e+03    3.75916e+06
    Kinetic En.   Total Energy  Conserved En.    Temperature Pressure (bar)
    1.24912e+05    3.88408e+06    3.75472e+06    3.01060e+02    5.53153e+05

           Step           Time
         264500      132.25000

   Energies (kJ/mol)
           Bond          Angle    Proper Dih. Per. Imp. Dih.          LJ-14
    5.52376e+01    1.75633e+01    4.76643e-01    4.43596e-02    1.60729e+02
     Coulomb-14        LJ (SR)   Coulomb (SR)   Coul. recip.      Potential
    5.03019e+01    4.68581e+06   -9.28739e+05    2.29861e+03    3.75965e+06
    Kinetic En.   Total Energy  Conserved En.    Temperature Pressure (bar)
    1.24380e+05    3.88403e+06    3.75474e+06    2.99778e+02    5.53165e+05

           Step           Time
         265000      132.50000

   Energies (kJ/mol)
           Bond          Angle    Proper Dih. Per. Imp. Dih.          LJ-14
    5.52376e+01    1.75633e+01    4.76643e-01    4.43596e-02    1.60729e+02
     Coulomb-14        LJ (SR)   Coulomb (SR)   Coul. recip.      Potential
    5.03019e+01    4.68651e+06   -9.29211e+05    2.33510e+03    3.75992e+06
    Kinetic En.   Total Energy  Conserved En.    Temperature Pressure (bar)
    1.24221e+05    3.88414e+06    3.75475e+06    2.99395e+02    5.53227e+05

           Step           Time
         265500      132.75000

   Energies (kJ/mol)
           Bond          Angle    Proper Dih. Per. Imp. Dih.          LJ-14
    5.52376e+01    1.75633e+01    4.76643e-01    4.43596e-02    1.60729e+02
     Coulomb-14        LJ (SR)   Coulomb (SR)   Coul. recip.      Potential
    5.03019e+01    4.68408e+06   -9.26971e+05    2.27108e+03    3.75966e+06
    Kinetic En.   Total Energy  Conserved En.    Temperature Pressure (bar)
    1.24798e+05    3.88446e+06    3.75476e+06    3.00786e+02    5.52984e+05

           Step           Time
         266000      133.00000

   Energies (kJ/mol)
           Bond          Angle    Proper Dih. Per. Imp. Dih.          LJ-14
    5.52376e+01    1.75633e+01    4.76643e-01    4.43596e-02    1.60729e+02
     Coulomb-14        LJ (SR)   Coulomb (SR)   Coul. recip.      Potential
    5.03019e+01    4.68510e+06   -9.27181e+05    2.25731e+03    3.76046e+06
    Kinetic En.   Total Energy  Conserved En.    Temperature Pressure (bar)
    1.23910e+05    3.88437e+06    3.75477e+06    2.98645e+02    5.53101e+05

           Step           Time
         266500      133.25000

   Energies (kJ/mol)
           Bond          Angle    Proper Dih. Per. Imp. Dih.          LJ-14
    5.52376e+01    1.75633e+01    4.76643e-01    4.43596e-02    1.60729e+02
     Coulomb-14        LJ (SR)   Coulomb (SR)   Coul. recip.      Potential
    5.03019e+01    4.68768e+06   -9.30408e+05    2.24849e+03    3.75980e+06
    Kinetic En.   Total Energy  Conserved En.    Temperature Pressure (bar)
    1.24231e+05    3.88403e+06    3.75479e+06    2.99417e+02    5.53299e+05

           Step           Time
         267000      133.50000

   Energies (kJ/mol)
           Bond          Angle    Proper Dih. Per. Imp. Dih.          LJ-14
    5.52376e+01    1.75633e+01    4.76643e-01    4.43596e-02    1.60729e+02
     Coulomb-14        LJ (SR)   Coulomb (SR)   Coul. recip.      Potential
    5.03019e+01    4.68575e+06   -9.28539e+05    2.27967e+03    3.75977e+06
    Kinetic En.   Total Energy  Conserved En.    Temperature Pressure (bar)
    1.24175e+05    3.88395e+06    3.75479e+06    2.99282e+02    5.53088e+05

           Step           Time
         267500      133.75000

   Energies (kJ/mol)
           Bond          Angle    Proper Dih. Per. Imp. Dih.          LJ-14
    5.52376e+01    1.75633e+01    4.76643e-01    4.43596e-02    1.60729e+02
     Coulomb-14        LJ (SR)   Coulomb (SR)   Coul. recip.      Potential
    5.03019e+01    4.68544e+06   -9.29148e+05    2.34455e+03    3.75892e+06
    Kinetic En.   Total Energy  Conserved En.    Temperature Pressure (bar)
    1.25598e+05    3.88451e+06    3.75480e+06    3.02712e+02    5.53043e+05

           Step           Time
         268000      134.00000

   Energies (kJ/mol)
           Bond          Angle    Proper Dih. Per. Imp. Dih.          LJ-14
    5.52376e+01    1.75633e+01    4.76643e-01    4.43596e-02    1.60729e+02
     Coulomb-14        LJ (SR)   Coulomb (SR)   Coul. recip.      Potential
    5.03019e+01    4.68621e+06   -9.29018e+05    2.23632e+03    3.75972e+06
    Kinetic En.   Total Energy  Conserved En.    Temperature Pressure (bar)
    1.24783e+05    3.88450e+06    3.75481e+06    3.00748e+02    5.53163e+05

           Step           Time
         268500      134.25000

   Energies (kJ/mol)
           Bond          Angle    Proper Dih. Per. Imp. Dih.          LJ-14
    5.52376e+01    1.75633e+01    4.76643e-01    4.43596e-02    1.60729e+02
     Coulomb-14        LJ (SR)   Coulomb (SR)   Coul. recip.      Potential
    5.03019e+01    4.68768e+06   -9.29468e+05    2.41411e+03    3.76092e+06
    Kinetic En.   Total Energy  Conserved En.    Temperature Pressure (bar)
    1.24149e+05    3.88507e+06    3.75482e+06    2.99221e+02    5.53324e+05

           Step           Time
         269000      134.50000

   Energies (kJ/mol)
           Bond          Angle    Proper Dih. Per. Imp. Dih.          LJ-14
    5.52376e+01    1.75633e+01    4.76643e-01    4.43596e-02    1.60729e+02
     Coulomb-14        LJ (SR)   Coulomb (SR)   Coul. recip.      Potential
    5.03019e+01    4.68591e+06   -9.27830e+05    2.25206e+03    3.76062e+06
    Kinetic En.   Total Energy  Conserved En.    Temperature Pressure (bar)
    1.24759e+05    3.88538e+06    3.75483e+06    3.00690e+02    5.53126e+05

           Step           Time
         269500      134.75000

   Energies (kJ/mol)
           Bond          Angle    Proper Dih. Per. Imp. Dih.          LJ-14
    5.52376e+01    1.75633e+01    4.76643e-01    4.43596e-02    1.60729e+02
     Coulomb-14        LJ (SR)   Coulomb (SR)   Coul. recip.      Potential
    5.03019e+01    4.68379e+06   -9.25318e+05    2.26104e+03    3.76102e+06
    Kinetic En.   Total Energy  Conserved En.    Temperature Pressure (bar)
    1.24533e+05    3.88555e+06    3.75484e+06    3.00146e+02    5.52972e+05

           Step           Time
         270000      135.00000

   Energies (kJ/mol)
           Bond          Angle    Proper Dih. Per. Imp. Dih.          LJ-14
    5.52376e+01    1.75633e+01    4.76643e-01    4.43596e-02    1.60729e+02
     Coulomb-14        LJ (SR)   Coulomb (SR)   Coul. recip.      Potential
    5.03019e+01    4.68503e+06   -9.26760e+05    2.30751e+03    3.76086e+06
    Kinetic En.   Total Energy  Conserved En.    Temperature Pressure (bar)
    1.24883e+05    3.88574e+06    3.75486e+06    3.00990e+02    5.53104e+05

           Step           Time
         270500      135.25000

   Energies (kJ/mol)
           Bond          Angle    Proper Dih. Per. Imp. Dih.          LJ-14
    5.52376e+01    1.75633e+01    4.76643e-01    4.43596e-02    1.60729e+02
     Coulomb-14        LJ (SR)   Coulomb (SR)   Coul. recip.      Potential
    5.03019e+01    4.68504e+06   -9.27141e+05    2.27917e+03    3.76046e+06
    Kinetic En.   Total Energy  Conserved En.    Temperature Pressure (bar)
    1.24804e+05    3.88527e+06    3.75487e+06    3.00799e+02    5.53074e+05

           Step           Time
         271000      135.50000

   Energies (kJ/mol)
           Bond          Angle    Proper Dih. Per. Imp. Dih.          LJ-14
    5.52376e+01    1.75633e+01    4.76643e-01    4.43596e-02    1.60729e+02
     Coulomb-14        LJ (SR)   Coulomb (SR)   Coul. recip.      Potential
    5.03019e+01    4.68408e+06   -9.26108e+05    2.26189e+03    3.76052e+06
    Kinetic En.   Total Energy  Conserved En.    Temperature Pressure (bar)
    1.24874e+05    3.88539e+06    3.75488e+06    3.00967e+02    5.52974e+05

           Step           Time
         271500      135.75000

   Energies (kJ/mol)
           Bond          Angle    Proper Dih. Per. Imp. Dih.          LJ-14
    5.52376e+01    1.75633e+01    4.76643e-01    4.43596e-02    1.60729e+02
     Coulomb-14        LJ (SR)   Coulomb (SR)   Coul. recip.      Potential
    5.03019e+01    4.68579e+06   -9.28222e+05    2.32958e+03    3.76019e+06
    Kinetic En.   Total Energy  Conserved En.    Temperature Pressure (bar)
    1.25467e+05    3.88565e+06    3.75489e+06    3.02397e+02    5.53154e+05

           Step           Time
         272000      136.00000

   Energies (kJ/mol)
           Bond          Angle    Proper Dih. Per. Imp. Dih.          LJ-14
    5.52376e+01    1.75633e+01    4.76643e-01    4.43596e-02    1.60729e+02
     Coulomb-14        LJ (SR)   Coulomb (SR)   Coul. recip.      Potential
    5.03019e+01    4.68526e+06   -9.27767e+05    2.27526e+03    3.76006e+06
    Kinetic En.   Total Energy  Conserved En.    Temperature Pressure (bar)
    1.25100e+05    3.88516e+06    3.75490e+06    3.01513e+02    5.53087e+05

           Step           Time
         272500      136.25000

   Energies (kJ/mol)
           Bond          Angle    Proper Dih. Per. Imp. Dih.          LJ-14
    5.52376e+01    1.75633e+01    4.76643e-01    4.43596e-02    1.60729e+02
     Coulomb-14        LJ (SR)   Coulomb (SR)   Coul. recip.      Potential
    5.03019e+01    4.68561e+06   -9.26819e+05    2.29623e+03    3.76137e+06
    Kinetic En.   Total Energy  Conserved En.    Temperature Pressure (bar)
    1.24026e+05    3.88539e+06    3.75491e+06    2.98923e+02    5.53168e+05

           Step           Time
         273000      136.50000

   Energies (kJ/mol)
           Bond          Angle    Proper Dih. Per. Imp. Dih.          LJ-14
    5.52376e+01    1.75633e+01    4.76643e-01    4.43596e-02    1.60729e+02
     Coulomb-14        LJ (SR)   Coulomb (SR)   Coul. recip.      Potential
    5.03019e+01    4.68520e+06   -9.27065e+05    2.31972e+03    3.76074e+06
    Kinetic En.   Total Energy  Conserved En.    Temperature Pressure (bar)
    1.24676e+05    3.88542e+06    3.75492e+06    3.00490e+02    5.53091e+05

           Step           Time
         273500      136.75000

   Energies (kJ/mol)
           Bond          Angle    Proper Dih. Per. Imp. Dih.          LJ-14
    5.52376e+01    1.75633e+01    4.76643e-01    4.43596e-02    1.60729e+02
     Coulomb-14        LJ (SR)   Coulomb (SR)   Coul. recip.      Potential
    5.03019e+01    4.68472e+06   -9.26708e+05    2.24493e+03    3.76054e+06
    Kinetic En.   Total Energy  Conserved En.    Temperature Pressure (bar)
    1.24218e+05    3.88476e+06    3.75493e+06    2.99387e+02    5.53030e+05

           Step           Time
         274000      137.00000

   Energies (kJ/mol)
           Bond          Angle    Proper Dih. Per. Imp. Dih.          LJ-14
    5.52376e+01    1.75633e+01    4.76643e-01    4.43596e-02    1.60729e+02
     Coulomb-14        LJ (SR)   Coulomb (SR)   Coul. recip.      Potential
    5.03019e+01    4.68645e+06   -9.27880e+05    2.35890e+03    3.76121e+06
    Kinetic En.   Total Energy  Conserved En.    Temperature Pressure (bar)
    1.23954e+05    3.88517e+06    3.75494e+06    2.98749e+02    5.53222e+05

           Step           Time
         274500      137.25000

   Energies (kJ/mol)
           Bond          Angle    Proper Dih. Per. Imp. Dih.          LJ-14
    5.52376e+01    1.75633e+01    4.76643e-01    4.43596e-02    1.60729e+02
     Coulomb-14        LJ (SR)   Coulomb (SR)   Coul. recip.      Potential
    5.03019e+01    4.68424e+06   -9.26402e+05    2.32841e+03    3.76045e+06
    Kinetic En.   Total Energy  Conserved En.    Temperature Pressure (bar)
    1.24595e+05    3.88504e+06    3.75496e+06    3.00296e+02    5.52985e+05

           Step           Time
         275000      137.50000

   Energies (kJ/mol)
           Bond          Angle    Proper Dih. Per. Imp. Dih.          LJ-14
    5.52376e+01    1.75633e+01    4.76643e-01    4.43596e-02    1.60729e+02
     Coulomb-14        LJ (SR)   Coulomb (SR)   Coul. recip.      Potential
    5.03019e+01    4.68728e+06   -9.29735e+05    2.33775e+03    3.76016e+06
    Kinetic En.   Total Energy  Conserved En.    Temperature Pressure (bar)
    1.24855e+05    3.88502e+06    3.75497e+06    3.00922e+02    5.53270e+05

           Step           Time
         275500      137.75000

   Energies (kJ/mol)
           Bond          Angle    Proper Dih. Per. Imp. Dih.          LJ-14
    5.52376e+01    1.75633e+01    4.76643e-01    4.43596e-02    1.60729e+02
     Coulomb-14        LJ (SR)   Coulomb (SR)   Coul. recip.      Potential
    5.03019e+01    4.68394e+06   -9.25733e+05    2.26694e+03    3.76076e+06
    Kinetic En.   Total Energy  Conserved En.    Temperature Pressure (bar)
    1.24991e+05    3.88575e+06    3.75498e+06    3.01251e+02    5.52982e+05

           Step           Time
         276000      138.00000

   Energies (kJ/mol)
           Bond          Angle    Proper Dih. Per. Imp. Dih.          LJ-14
    5.52376e+01    1.75633e+01    4.76643e-01    4.43596e-02    1.60729e+02
     Coulomb-14        LJ (SR)   Coulomb (SR)   Coul. recip.      Potential
    5.03019e+01    4.68616e+06   -9.28068e+05    2.29592e+03    3.76067e+06
    Kinetic En.   Total Energy  Conserved En.    Temperature Pressure (bar)
    1.24530e+05    3.88520e+06    3.75499e+06    3.00139e+02    5.53194e+05

           Step           Time
         276500      138.25000

   Energies (kJ/mol)
           Bond          Angle    Proper Dih. Per. Imp. Dih.          LJ-14
    5.52376e+01    1.75633e+01    4.76643e-01    4.43596e-02    1.60729e+02
     Coulomb-14        LJ (SR)   Coulomb (SR)   Coul. recip.      Potential
    5.03019e+01    4.68781e+06   -9.29735e+05    2.30268e+03    3.76067e+06
    Kinetic En.   Total Energy  Conserved En.    Temperature Pressure (bar)
    1.24232e+05    3.88490e+06    3.75500e+06    2.99420e+02    5.53366e+05

           Step           Time
         277000      138.50000

   Energies (kJ/mol)
           Bond          Angle    Proper Dih. Per. Imp. Dih.          LJ-14
    5.52376e+01    1.75633e+01    4.76643e-01    4.43596e-02    1.60729e+02
     Coulomb-14        LJ (SR)   Coulomb (SR)   Coul. recip.      Potential
    5.03019e+01    4.68492e+06   -9.26805e+05    2.25468e+03    3.76065e+06
    Kinetic En.   Total Energy  Conserved En.    Temperature Pressure (bar)
    1.24236e+05    3.88489e+06    3.75501e+06    2.99431e+02    5.53105e+05

           Step           Time
         277500      138.75000

   Energies (kJ/mol)
           Bond          Angle    Proper Dih. Per. Imp. Dih.          LJ-14
    5.52376e+01    1.75633e+01    4.76643e-01    4.43596e-02    1.60729e+02
     Coulomb-14        LJ (SR)   Coulomb (SR)   Coul. recip.      Potential
    5.03019e+01    4.68614e+06   -9.28148e+05    2.30672e+03    3.76058e+06
    Kinetic En.   Total Energy  Conserved En.    Temperature Pressure (bar)
    1.24133e+05    3.88471e+06    3.75502e+06    2.99183e+02    5.53188e+05

           Step           Time
         278000      139.00000

   Energies (kJ/mol)
           Bond          Angle    Proper Dih. Per. Imp. Dih.          LJ-14
    5.52376e+01    1.75633e+01    4.76643e-01    4.43596e-02    1.60729e+02
     Coulomb-14        LJ (SR)   Coulomb (SR)   Coul. recip.      Potential
    5.03019e+01    4.68459e+06   -9.27055e+05    2.27980e+03    3.76010e+06
    Kinetic En.   Total Energy  Conserved En.    Temperature Pressure (bar)
    1.24422e+05    3.88452e+06    3.75503e+06    2.99879e+02    5.53001e+05

           Step           Time
         278500      139.25000

   Energies (kJ/mol)
           Bond          Angle    Proper Dih. Per. Imp. Dih.          LJ-14
    5.52376e+01    1.75633e+01    4.76643e-01    4.43596e-02    1.60729e+02
     Coulomb-14        LJ (SR)   Coulomb (SR)   Coul. recip.      Potential
    5.03019e+01    4.68601e+06   -9.28234e+05    2.34313e+03    3.76041e+06
    Kinetic En.   Total Energy  Conserved En.    Temperature Pressure (bar)
    1.24122e+05    3.88453e+06    3.75504e+06    2.99156e+02    5.53174e+05

           Step           Time
         279000      139.50000

   Energies (kJ/mol)
           Bond          Angle    Proper Dih. Per. Imp. Dih.          LJ-14
    5.52376e+01    1.75633e+01    4.76643e-01    4.43596e-02    1.60729e+02
     Coulomb-14        LJ (SR)   Coulomb (SR)   Coul. recip.      Potential
    5.03019e+01    4.68449e+06   -9.27045e+05    2.16397e+03    3.75989e+06
    Kinetic En.   Total Energy  Conserved En.    Temperature Pressure (bar)
    1.24577e+05    3.88447e+06    3.75505e+06    3.00252e+02    5.53029e+05

           Step           Time
         279500      139.75000

   Energies (kJ/mol)
           Bond          Angle    Proper Dih. Per. Imp. Dih.          LJ-14
    5.52376e+01    1.75633e+01    4.76643e-01    4.43596e-02    1.60729e+02
     Coulomb-14        LJ (SR)   Coulomb (SR)   Coul. recip.      Potential
    5.03019e+01    4.68520e+06   -9.27899e+05    2.32380e+03    3.75991e+06
    Kinetic En.   Total Energy  Conserved En.    Temperature Pressure (bar)
    1.24519e+05    3.88442e+06    3.75507e+06    3.00112e+02    5.53072e+05

           Step           Time
         280000      140.00000

   Energies (kJ/mol)
           Bond          Angle    Proper Dih. Per. Imp. Dih.          LJ-14
    5.52376e+01    1.75633e+01    4.76643e-01    4.43596e-02    1.60729e+02
     Coulomb-14        LJ (SR)   Coulomb (SR)   Coul. recip.      Potential
    5.03019e+01    4.68641e+06   -9.28767e+05    2.18860e+03    3.76011e+06
    Kinetic En.   Total Energy  Conserved En.    Temperature Pressure (bar)
    1.24390e+05    3.88450e+06    3.75508e+06    2.99801e+02    5.53192e+05

           Step           Time
         280500      140.25000

   Energies (kJ/mol)
           Bond          Angle    Proper Dih. Per. Imp. Dih.          LJ-14
    5.52376e+01    1.75633e+01    4.76643e-01    4.43596e-02    1.60729e+02
     Coulomb-14        LJ (SR)   Coulomb (SR)   Coul. recip.      Potential
    5.03019e+01    4.68353e+06   -9.24520e+05    2.28338e+03    3.76158e+06
    Kinetic En.   Total Energy  Conserved En.    Temperature Pressure (bar)
    1.23187e+05    3.88476e+06    3.75509e+06    2.96901e+02    5.52992e+05

           Step           Time
         281000      140.50000

   Energies (kJ/mol)
           Bond          Angle    Proper Dih. Per. Imp. Dih.          LJ-14
    5.52376e+01    1.75633e+01    4.76643e-01    4.43596e-02    1.60729e+02
     Coulomb-14        LJ (SR)   Coulomb (SR)   Coul. recip.      Potential
    5.03019e+01    4.68636e+06   -9.28849e+05    2.28341e+03    3.76008e+06
    Kinetic En.   Total Energy  Conserved En.    Temperature Pressure (bar)
    1.24848e+05    3.88493e+06    3.75510e+06    3.00905e+02    5.53212e+05

           Step           Time
         281500      140.75000

   Energies (kJ/mol)
           Bond          Angle    Proper Dih. Per. Imp. Dih.          LJ-14
    5.52376e+01    1.75633e+01    4.76643e-01    4.43596e-02    1.60729e+02
     Coulomb-14        LJ (SR)   Coulomb (SR)   Coul. recip.      Potential
    5.03019e+01    4.68706e+06   -9.29453e+05    2.30746e+03    3.76020e+06
    Kinetic En.   Total Energy  Conserved En.    Temperature Pressure (bar)
    1.24700e+05    3.88490e+06    3.75511e+06    3.00548e+02    5.53288e+05

           Step           Time
         282000      141.00000

   Energies (kJ/mol)
           Bond          Angle    Proper Dih. Per. Imp. Dih.          LJ-14
    5.52376e+01    1.75633e+01    4.76643e-01    4.43596e-02    1.60729e+02
     Coulomb-14        LJ (SR)   Coulomb (SR)   Coul. recip.      Potential
    5.03019e+01    4.68604e+06   -9.29092e+05    2.32452e+03    3.75956e+06
    Kinetic En.   Total Energy  Conserved En.    Temperature Pressure (bar)
    1.25330e+05    3.88489e+06    3.75512e+06    3.02067e+02    5.53160e+05

           Step           Time
         282500      141.25000

   Energies (kJ/mol)
           Bond          Angle    Proper Dih. Per. Imp. Dih.          LJ-14
    5.52376e+01    1.75633e+01    4.76643e-01    4.43596e-02    1.60729e+02
     Coulomb-14        LJ (SR)   Coulomb (SR)   Coul. recip.      Potential
    5.03019e+01    4.68621e+06   -9.28375e+05    2.31941e+03    3.76044e+06
    Kinetic En.   Total Energy  Conserved En.    Temperature Pressure (bar)
    1.23936e+05    3.88437e+06    3.75513e+06    2.98708e+02    5.53190e+05

           Step           Time
         283000      141.50000

   Energies (kJ/mol)
           Bond          Angle    Proper Dih. Per. Imp. Dih.          LJ-14
    5.52376e+01    1.75633e+01    4.76643e-01    4.43596e-02    1.60729e+02
     Coulomb-14        LJ (SR)   Coulomb (SR)   Coul. recip.      Potential
    5.03019e+01    4.68600e+06   -9.28437e+05    2.23567e+03    3.76008e+06
    Kinetic En.   Total Energy  Conserved En.    Temperature Pressure (bar)
    1.24618e+05    3.88470e+06    3.75514e+06    3.00350e+02    5.53139e+05

           Step           Time
         283500      141.75000

   Energies (kJ/mol)
           Bond          Angle    Proper Dih. Per. Imp. Dih.          LJ-14
    5.52376e+01    1.75633e+01    4.76643e-01    4.43596e-02    1.60729e+02
     Coulomb-14        LJ (SR)   Coulomb (SR)   Coul. recip.      Potential
    5.03019e+01    4.68483e+06   -9.27120e+05    2.24189e+03    3.76024e+06
    Kinetic En.   Total Energy  Conserved En.    Temperature Pressure (bar)
    1.24768e+05    3.88500e+06    3.75515e+06    3.00711e+02    5.53025e+05

           Step           Time
         284000      142.00000

   Energies (kJ/mol)
           Bond          Angle    Proper Dih. Per. Imp. Dih.          LJ-14
    5.52376e+01    1.75633e+01    4.76643e-01    4.43596e-02    1.60729e+02
     Coulomb-14        LJ (SR)   Coulomb (SR)   Coul. recip.      Potential
    5.03019e+01    4.68551e+06   -9.27400e+05    2.20162e+03    3.76060e+06
    Kinetic En.   Total Energy  Conserved En.    Temperature Pressure (bar)
    1.24646e+05    3.88525e+06    3.75516e+06    3.00419e+02    5.53095e+05

           Step           Time
         284500      142.25000

   Energies (kJ/mol)
           Bond          Angle    Proper Dih. Per. Imp. Dih.          LJ-14
    5.52376e+01    1.75633e+01    4.76643e-01    4.43596e-02    1.60729e+02
     Coulomb-14        LJ (SR)   Coulomb (SR)   Coul. recip.      Potential
    5.03019e+01    4.68595e+06   -9.28476e+05    2.31149e+03    3.76007e+06
    Kinetic En.   Total Energy  Conserved En.    Temperature Pressure (bar)
    1.24933e+05    3.88500e+06    3.75517e+06    3.01111e+02    5.53150e+05

           Step           Time
         285000      142.50000

   Energies (kJ/mol)
           Bond          Angle    Proper Dih. Per. Imp. Dih.          LJ-14
    5.52376e+01    1.75633e+01    4.76643e-01    4.43596e-02    1.60729e+02
     Coulomb-14        LJ (SR)   Coulomb (SR)   Coul. recip.      Potential
    5.03019e+01    4.68489e+06   -9.28003e+05    2.24836e+03    3.75942e+06
    Kinetic En.   Total Energy  Conserved En.    Temperature Pressure (bar)
    1.25577e+05    3.88500e+06    3.75518e+06    3.02663e+02    5.53027e+05

           Step           Time
         285500      142.75000

   Energies (kJ/mol)
           Bond          Angle    Proper Dih. Per. Imp. Dih.          LJ-14
    5.52376e+01    1.75633e+01    4.76643e-01    4.43596e-02    1.60729e+02
     Coulomb-14        LJ (SR)   Coulomb (SR)   Coul. recip.      Potential
    5.03019e+01    4.68384e+06   -9.26098e+05    2.31883e+03    3.76035e+06
    Kinetic En.   Total Energy  Conserved En.    Temperature Pressure (bar)
    1.24671e+05    3.88502e+06    3.75520e+06    3.00479e+02    5.52943e+05

           Step           Time
         286000      143.00000

   Energies (kJ/mol)
           Bond          Angle    Proper Dih. Per. Imp. Dih.          LJ-14
    5.52376e+01    1.75633e+01    4.76643e-01    4.43596e-02    1.60729e+02
     Coulomb-14        LJ (SR)   Coulomb (SR)   Coul. recip.      Potential
    5.03019e+01    4.68535e+06   -9.28021e+05    2.29720e+03    3.75991e+06
    Kinetic En.   Total Energy  Conserved En.    Temperature Pressure (bar)
    1.25040e+05    3.88495e+06    3.75521e+06    3.01367e+02    5.53109e+05

           Step           Time
         286500      143.25000

   Energies (kJ/mol)
           Bond          Angle    Proper Dih. Per. Imp. Dih.          LJ-14
    5.52376e+01    1.75633e+01    4.76643e-01    4.43596e-02    1.60729e+02
     Coulomb-14        LJ (SR)   Coulomb (SR)   Coul. recip.      Potential
    5.03019e+01    4.68571e+06   -9.27995e+05    2.25552e+03    3.76026e+06
    Kinetic En.   Total Energy  Conserved En.    Temperature Pressure (bar)
    1.24198e+05    3.88445e+06    3.75522e+06    2.99340e+02    5.53099e+05

           Step           Time
         287000      143.50000

   Energies (kJ/mol)
           Bond          Angle    Proper Dih. Per. Imp. Dih.          LJ-14
    5.52376e+01    1.75633e+01    4.76643e-01    4.43596e-02    1.60729e+02
     Coulomb-14        LJ (SR)   Coulomb (SR)   Coul. recip.      Potential
    5.03019e+01    4.68514e+06   -9.27943e+05    2.24056e+03    3.75973e+06
    Kinetic En.   Total Energy  Conserved En.    Temperature Pressure (bar)
    1.24288e+05    3.88401e+06    3.75522e+06    2.99555e+02    5.53082e+05

           Step           Time
         287500      143.75000

   Energies (kJ/mol)
           Bond          Angle    Proper Dih. Per. Imp. Dih.          LJ-14
    5.52376e+01    1.75633e+01    4.76643e-01    4.43596e-02    1.60729e+02
     Coulomb-14        LJ (SR)   Coulomb (SR)   Coul. recip.      Potential
    5.03019e+01    4.68490e+06   -9.27475e+05    2.31660e+03    3.76002e+06
    Kinetic En.   Total Energy  Conserved En.    Temperature Pressure (bar)
    1.23095e+05    3.88312e+06    3.75524e+06    2.96681e+02    5.53033e+05

           Step           Time
         288000      144.00000

   Energies (kJ/mol)
           Bond          Angle    Proper Dih. Per. Imp. Dih.          LJ-14
    5.52376e+01    1.75633e+01    4.76643e-01    4.43596e-02    1.60729e+02
     Coulomb-14        LJ (SR)   Coulomb (SR)   Coul. recip.      Potential
    5.03019e+01    4.68526e+06   -9.29136e+05    2.29245e+03    3.75870e+06
    Kinetic En.   Total Energy  Conserved En.    Temperature Pressure (bar)
    1.24405e+05    3.88311e+06    3.75525e+06    2.99838e+02    5.53058e+05

           Step           Time
         288500      144.25000

   Energies (kJ/mol)
           Bond          Angle    Proper Dih. Per. Imp. Dih.          LJ-14
    5.52376e+01    1.75633e+01    4.76643e-01    4.43596e-02    1.60729e+02
     Coulomb-14        LJ (SR)   Coulomb (SR)   Coul. recip.      Potential
    5.03019e+01    4.68450e+06   -9.27624e+05    2.28222e+03    3.75944e+06
    Kinetic En.   Total Energy  Conserved En.    Temperature Pressure (bar)
    1.24174e+05    3.88361e+06    3.75526e+06    2.99280e+02    5.53009e+05

           Step           Time
         289000      144.50000

   Energies (kJ/mol)
           Bond          Angle    Proper Dih. Per. Imp. Dih.          LJ-14
    5.52376e+01    1.75633e+01    4.76643e-01    4.43596e-02    1.60729e+02
     Coulomb-14        LJ (SR)   Coulomb (SR)   Coul. recip.      Potential
    5.03019e+01    4.68505e+06   -9.28968e+05    2.27476e+03    3.75864e+06
    Kinetic En.   Total Energy  Conserved En.    Temperature Pressure (bar)
    1.24407e+05    3.88305e+06    3.75527e+06    2.99843e+02    5.53015e+05

           Step           Time
         289500      144.75000

   Energies (kJ/mol)
           Bond          Angle    Proper Dih. Per. Imp. Dih.          LJ-14
    5.52376e+01    1.75633e+01    4.76643e-01    4.43596e-02    1.60729e+02
     Coulomb-14        LJ (SR)   Coulomb (SR)   Coul. recip.      Potential
    5.03019e+01    4.68488e+06   -9.27907e+05    2.20486e+03    3.75946e+06
    Kinetic En.   Total Energy  Conserved En.    Temperature Pressure (bar)
    1.23376e+05    3.88284e+06    3.75528e+06    2.97358e+02    5.53025e+05

           Step           Time
         290000      145.00000

   Energies (kJ/mol)
           Bond          Angle    Proper Dih. Per. Imp. Dih.          LJ-14
    5.52376e+01    1.75633e+01    4.76643e-01    4.43596e-02    1.60729e+02
     Coulomb-14        LJ (SR)   Coulomb (SR)   Coul. recip.      Potential
    5.03019e+01    4.68659e+06   -9.29657e+05    2.31515e+03    3.75953e+06
    Kinetic En.   Total Energy  Conserved En.    Temperature Pressure (bar)
    1.23559e+05    3.88309e+06    3.75529e+06    2.97798e+02    5.53180e+05

           Step           Time
         290500      145.25000

   Energies (kJ/mol)
           Bond          Angle    Proper Dih. Per. Imp. Dih.          LJ-14
    5.52376e+01    1.75633e+01    4.76643e-01    4.43596e-02    1.60729e+02
     Coulomb-14        LJ (SR)   Coulomb (SR)   Coul. recip.      Potential
    5.03019e+01    4.68580e+06   -9.29877e+05    2.25988e+03    3.75846e+06
    Kinetic En.   Total Energy  Conserved En.    Temperature Pressure (bar)
    1.24892e+05    3.88335e+06    3.75531e+06    3.01010e+02    5.53074e+05

           Step           Time
         291000      145.50000

   Energies (kJ/mol)
           Bond          Angle    Proper Dih. Per. Imp. Dih.          LJ-14
    5.52376e+01    1.75633e+01    4.76643e-01    4.43596e-02    1.60729e+02
     Coulomb-14        LJ (SR)   Coulomb (SR)   Coul. recip.      Potential
    5.03019e+01    4.68497e+06   -9.28101e+05    2.26128e+03    3.75941e+06
    Kinetic En.   Total Energy  Conserved En.    Temperature Pressure (bar)
    1.24123e+05    3.88353e+06    3.75531e+06    2.99159e+02    5.53035e+05

           Step           Time
         291500      145.75000

   Energies (kJ/mol)
           Bond          Angle    Proper Dih. Per. Imp. Dih.          LJ-14
    5.52376e+01    1.75633e+01    4.76643e-01    4.43596e-02    1.60729e+02
     Coulomb-14        LJ (SR)   Coulomb (SR)   Coul. recip.      Potential
    5.03019e+01    4.68491e+06   -9.27964e+05    2.31840e+03    3.75955e+06
    Kinetic En.   Total Energy  Conserved En.    Temperature Pressure (bar)
    1.24504e+05    3.88405e+06    3.75532e+06    3.00077e+02    5.53034e+05

           Step           Time
         292000      146.00000

   Energies (kJ/mol)
           Bond          Angle    Proper Dih. Per. Imp. Dih.          LJ-14
    5.52376e+01    1.75633e+01    4.76643e-01    4.43596e-02    1.60729e+02
     Coulomb-14        LJ (SR)   Coulomb (SR)   Coul. recip.      Potential
    5.03019e+01    4.68435e+06   -9.27610e+05    2.20385e+03    3.75923e+06
    Kinetic En.   Total Energy  Conserved En.    Temperature Pressure (bar)
    1.24476e+05    3.88371e+06    3.75534e+06    3.00008e+02    5.52983e+05

           Step           Time
         292500      146.25000

   Energies (kJ/mol)
           Bond          Angle    Proper Dih. Per. Imp. Dih.          LJ-14
    5.52376e+01    1.75633e+01    4.76643e-01    4.43596e-02    1.60729e+02
     Coulomb-14        LJ (SR)   Coulomb (SR)   Coul. recip.      Potential
    5.03019e+01    4.68537e+06   -9.29236e+05    2.21365e+03    3.75863e+06
    Kinetic En.   Total Energy  Conserved En.    Temperature Pressure (bar)
    1.24593e+05    3.88323e+06    3.75535e+06    3.00289e+02    5.53030e+05

           Step           Time
         293000      146.50000

   Energies (kJ/mol)
           Bond          Angle    Proper Dih. Per. Imp. Dih.          LJ-14
    5.52376e+01    1.75633e+01    4.76643e-01    4.43596e-02    1.60729e+02
     Coulomb-14        LJ (SR)   Coulomb (SR)   Coul. recip.      Potential
    5.03019e+01    4.68644e+06   -9.30445e+05    2.31279e+03    3.75859e+06
    Kinetic En.   Total Energy  Conserved En.    Temperature Pressure (bar)
    1.24551e+05    3.88314e+06    3.75536e+06    3.00188e+02    5.53170e+05

           Step           Time
         293500      146.75000

   Energies (kJ/mol)
           Bond          Angle    Proper Dih. Per. Imp. Dih.          LJ-14
    5.52376e+01    1.75633e+01    4.76643e-01    4.43596e-02    1.60729e+02
     Coulomb-14        LJ (SR)   Coulomb (SR)   Coul. recip.      Potential
    5.03019e+01    4.68538e+06   -9.29310e+05    2.24621e+03    3.75861e+06
    Kinetic En.   Total Energy  Conserved En.    Temperature Pressure (bar)
    1.24965e+05    3.88357e+06    3.75537e+06    3.01186e+02    5.53024e+05

           Step           Time
         294000      147.00000

   Energies (kJ/mol)
           Bond          Angle    Proper Dih. Per. Imp. Dih.          LJ-14
    5.52376e+01    1.75633e+01    4.76643e-01    4.43596e-02    1.60729e+02
     Coulomb-14        LJ (SR)   Coulomb (SR)   Coul. recip.      Potential
    5.03019e+01    4.68615e+06   -9.28736e+05    2.28831e+03    3.75999e+06
    Kinetic En.   Total Energy  Conserved En.    Temperature Pressure (bar)
    1.23936e+05    3.88392e+06    3.75539e+06    2.98706e+02    5.53181e+05

           Step           Time
         294500      147.25000

   Energies (kJ/mol)
           Bond          Angle    Proper Dih. Per. Imp. Dih.          LJ-14
    5.52376e+01    1.75633e+01    4.76643e-01    4.43596e-02    1.60729e+02
     Coulomb-14        LJ (SR)   Coulomb (SR)   Coul. recip.      Potential
    5.03019e+01    4.68487e+06   -9.27735e+05    2.32316e+03    3.75974e+06
    Kinetic En.   Total Energy  Conserved En.    Temperature Pressure (bar)
    1.23898e+05    3.88364e+06    3.75539e+06    2.98615e+02    5.53019e+05

           Step           Time
         295000      147.50000

   Energies (kJ/mol)
           Bond          Angle    Proper Dih. Per. Imp. Dih.          LJ-14
    5.52376e+01    1.75633e+01    4.76643e-01    4.43596e-02    1.60729e+02
     Coulomb-14        LJ (SR)   Coulomb (SR)   Coul. recip.      Potential
    5.03019e+01    4.68673e+06   -9.29958e+05    2.28603e+03    3.75934e+06
    Kinetic En.   Total Energy  Conserved En.    Temperature Pressure (bar)
    1.24374e+05    3.88372e+06    3.75541e+06    2.99762e+02    5.53218e+05

           Step           Time
         295500      147.75000

   Energies (kJ/mol)
           Bond          Angle    Proper Dih. Per. Imp. Dih.          LJ-14
    5.52376e+01    1.75633e+01    4.76643e-01    4.43596e-02    1.60729e+02
     Coulomb-14        LJ (SR)   Coulomb (SR)   Coul. recip.      Potential
    5.03019e+01    4.68592e+06   -9.30412e+05    2.24950e+03    3.75804e+06
    Kinetic En.   Total Energy  Conserved En.    Temperature Pressure (bar)
    1.25203e+05    3.88325e+06    3.75542e+06    3.01760e+02    5.53080e+05

Writing checkpoint, step 295800 at Sat Sep  5 16:21:52 2026


           Step           Time
         296000      148.00000

   Energies (kJ/mol)
           Bond          Angle    Proper Dih. Per. Imp. Dih.          LJ-14
    5.52376e+01    1.75633e+01    4.76643e-01    4.43596e-02    1.60729e+02
     Coulomb-14        LJ (SR)   Coulomb (SR)   Coul. recip.      Potential
    5.03019e+01    4.68717e+06   -9.30394e+05    2.24262e+03    3.75930e+06
    Kinetic En.   Total Energy  Conserved En.    Temperature Pressure (bar)
    1.23776e+05    3.88308e+06    3.75542e+06    2.98322e+02    5.53257e+05

           Step           Time
         296500      148.25000

   Energies (kJ/mol)
           Bond          Angle    Proper Dih. Per. Imp. Dih.          LJ-14
    5.52376e+01    1.75633e+01    4.76643e-01    4.43596e-02    1.60729e+02
     Coulomb-14        LJ (SR)   Coulomb (SR)   Coul. recip.      Potential
    5.03019e+01    4.68633e+06   -9.29842e+05    2.27512e+03    3.75905e+06
    Kinetic En.   Total Energy  Conserved En.    Temperature Pressure (bar)
    1.24429e+05    3.88348e+06    3.75544e+06    2.99894e+02    5.53173e+05

           Step           Time
         297000      148.50000

   Energies (kJ/mol)
           Bond          Angle    Proper Dih. Per. Imp. Dih.          LJ-14
    5.52376e+01    1.75633e+01    4.76643e-01    4.43596e-02    1.60729e+02
     Coulomb-14        LJ (SR)   Coulomb (SR)   Coul. recip.      Potential
    5.03019e+01    4.68653e+06   -9.30424e+05    2.28565e+03    3.75868e+06
    Kinetic En.   Total Energy  Conserved En.    Temperature Pressure (bar)
    1.25240e+05    3.88392e+06    3.75545e+06    3.01849e+02    5.53184e+05

           Step           Time
         297500      148.75000

   Energies (kJ/mol)
           Bond          Angle    Proper Dih. Per. Imp. Dih.          LJ-14
    5.52376e+01    1.75633e+01    4.76643e-01    4.43596e-02    1.60729e+02
     Coulomb-14        LJ (SR)   Coulomb (SR)   Coul. recip.      Potential
    5.03019e+01    4.68522e+06   -9.28065e+05    2.13004e+03    3.75957e+06
    Kinetic En.   Total Energy  Conserved En.    Temperature Pressure (bar)
    1.24497e+05    3.88407e+06    3.75545e+06    3.00059e+02    5.53050e+05

           Step           Time
         298000      149.00000

   Energies (kJ/mol)
           Bond          Angle    Proper Dih. Per. Imp. Dih.          LJ-14
    5.52376e+01    1.75633e+01    4.76643e-01    4.43596e-02    1.60729e+02
     Coulomb-14        LJ (SR)   Coulomb (SR)   Coul. recip.      Potential
    5.03019e+01    4.68451e+06   -9.27771e+05    2.31436e+03    3.75934e+06
    Kinetic En.   Total Energy  Conserved En.    Temperature Pressure (bar)
    1.24901e+05    3.88424e+06    3.75547e+06    3.01032e+02    5.53015e+05

           Step           Time
         298500      149.25000

   Energies (kJ/mol)
           Bond          Angle    Proper Dih. Per. Imp. Dih.          LJ-14
    5.52376e+01    1.75633e+01    4.76643e-01    4.43596e-02    1.60729e+02
     Coulomb-14        LJ (SR)   Coulomb (SR)   Coul. recip.      Potential
    5.03019e+01    4.68696e+06   -9.29573e+05    2.26265e+03    3.75993e+06
    Kinetic En.   Total Energy  Conserved En.    Temperature Pressure (bar)
    1.24552e+05    3.88448e+06    3.75548e+06    3.00191e+02    5.53227e+05

           Step           Time
         299000      149.50000

   Energies (kJ/mol)
           Bond          Angle    Proper Dih. Per. Imp. Dih.          LJ-14
    5.52376e+01    1.75633e+01    4.76643e-01    4.43596e-02    1.60729e+02
     Coulomb-14        LJ (SR)   Coulomb (SR)   Coul. recip.      Potential
    5.03019e+01    4.68455e+06   -9.26689e+05    2.21651e+03    3.76036e+06
    Kinetic En.   Total Energy  Conserved En.    Temperature Pressure (bar)
    1.24492e+05    3.88485e+06    3.75550e+06    3.00047e+02    5.53064e+05

           Step           Time
         299500      149.75000

   Energies (kJ/mol)
           Bond          Angle    Proper Dih. Per. Imp. Dih.          LJ-14
    5.52376e+01    1.75633e+01    4.76643e-01    4.43596e-02    1.60729e+02
     Coulomb-14        LJ (SR)   Coulomb (SR)   Coul. recip.      Potential
    5.03019e+01    4.68793e+06   -9.30753e+05    2.24637e+03    3.75971e+06
    Kinetic En.   Total Energy  Conserved En.    Temperature Pressure (bar)
    1.25150e+05    3.88486e+06    3.75550e+06    3.01632e+02    5.53362e+05

           Step           Time
         300000      150.00000

   Energies (kJ/mol)
           Bond          Angle    Proper Dih. Per. Imp. Dih.          LJ-14
    5.52376e+01    1.75633e+01    4.76643e-01    4.43596e-02    1.60729e+02
     Coulomb-14        LJ (SR)   Coulomb (SR)   Coul. recip.      Potential
    5.03019e+01    4.68472e+06   -9.27199e+05    2.37351e+03    3.76018e+06
    Kinetic En.   Total Energy  Conserved En.    Temperature Pressure (bar)
    1.24478e+05    3.88466e+06    3.75552e+06    3.00013e+02    5.53063e+05

           Step           Time
         300500      150.25000

   Energies (kJ/mol)
           Bond          Angle    Proper Dih. Per. Imp. Dih.          LJ-14
    5.52376e+01    1.75633e+01    4.76643e-01    4.43596e-02    1.60729e+02
     Coulomb-14        LJ (SR)   Coulomb (SR)   Coul. recip.      Potential
    5.03019e+01    4.68430e+06   -9.26488e+05    2.33232e+03    3.76043e+06
    Kinetic En.   Total Energy  Conserved En.    Temperature Pressure (bar)
    1.24503e+05    3.88494e+06    3.75553e+06    3.00073e+02    5.53012e+05

           Step           Time
         301000      150.50000

   Energies (kJ/mol)
           Bond          Angle    Proper Dih. Per. Imp. Dih.          LJ-14
    5.52376e+01    1.75633e+01    4.76643e-01    4.43596e-02    1.60729e+02
     Coulomb-14        LJ (SR)   Coulomb (SR)   Coul. recip.      Potential
    5.03019e+01    4.68556e+06   -9.27851e+05    2.28902e+03    3.76028e+06
    Kinetic En.   Total Energy  Conserved En.    Temperature Pressure (bar)
    1.24631e+05    3.88491e+06    3.75554e+06    3.00383e+02    5.53150e+05

           Step           Time
         301500      150.75000

   Energies (kJ/mol)
           Bond          Angle    Proper Dih. Per. Imp. Dih.          LJ-14
    5.52376e+01    1.75633e+01    4.76643e-01    4.43596e-02    1.60729e+02
     Coulomb-14        LJ (SR)   Coulomb (SR)   Coul. recip.      Potential
    5.03019e+01    4.68654e+06   -9.28255e+05    2.35638e+03    3.76093e+06
    Kinetic En.   Total Energy  Conserved En.    Temperature Pressure (bar)
    1.23862e+05    3.88479e+06    3.75555e+06    2.98529e+02    5.53245e+05

           Step           Time
         302000      151.00000

   Energies (kJ/mol)
           Bond          Angle    Proper Dih. Per. Imp. Dih.          LJ-14
    5.52376e+01    1.75633e+01    4.76643e-01    4.43596e-02    1.60729e+02
     Coulomb-14        LJ (SR)   Coulomb (SR)   Coul. recip.      Potential
    5.03019e+01    4.68362e+06   -9.25760e+05    2.32919e+03    3.76048e+06
    Kinetic En.   Total Energy  Conserved En.    Temperature Pressure (bar)
    1.24756e+05    3.88523e+06    3.75556e+06    3.00684e+02    5.52981e+05

           Step           Time
         302500      151.25000

   Energies (kJ/mol)
           Bond          Angle    Proper Dih. Per. Imp. Dih.          LJ-14
    5.52376e+01    1.75633e+01    4.76643e-01    4.43596e-02    1.60729e+02
     Coulomb-14        LJ (SR)   Coulomb (SR)   Coul. recip.      Potential
    5.03019e+01    4.68307e+06   -9.24908e+05    2.27313e+03    3.76072e+06
    Kinetic En.   Total Energy  Conserved En.    Temperature Pressure (bar)
    1.24636e+05    3.88536e+06    3.75557e+06    3.00395e+02    5.52959e+05

           Step           Time
         303000      151.50000

   Energies (kJ/mol)
           Bond          Angle    Proper Dih. Per. Imp. Dih.          LJ-14
    5.52376e+01    1.75633e+01    4.76643e-01    4.43596e-02    1.60729e+02
     Coulomb-14        LJ (SR)   Coulomb (SR)   Coul. recip.      Potential
    5.03019e+01    4.68577e+06   -9.27558e+05    2.34088e+03    3.76083e+06
    Kinetic En.   Total Energy  Conserved En.    Temperature Pressure (bar)
    1.24441e+05    3.88528e+06    3.75558e+06    2.99923e+02    5.53190e+05

           Step           Time
         303500      151.75000

   Energies (kJ/mol)
           Bond          Angle    Proper Dih. Per. Imp. Dih.          LJ-14
    5.52376e+01    1.75633e+01    4.76643e-01    4.43596e-02    1.60729e+02
     Coulomb-14        LJ (SR)   Coulomb (SR)   Coul. recip.      Potential
    5.03019e+01    4.68601e+06   -9.28641e+05    2.30378e+03    3.75996e+06
    Kinetic En.   Total Energy  Conserved En.    Temperature Pressure (bar)
    1.25307e+05    3.88526e+06    3.75559e+06    3.02010e+02    5.53169e+05

           Step           Time
         304000      152.00000

   Energies (kJ/mol)
           Bond          Angle    Proper Dih. Per. Imp. Dih.          LJ-14
    5.52376e+01    1.75633e+01    4.76643e-01    4.43596e-02    1.60729e+02
     Coulomb-14        LJ (SR)   Coulomb (SR)   Coul. recip.      Potential
    5.03019e+01    4.68504e+06   -9.28172e+05    2.32407e+03    3.75948e+06
    Kinetic En.   Total Energy  Conserved En.    Temperature Pressure (bar)
    1.25401e+05    3.88488e+06    3.75560e+06    3.02237e+02    5.53060e+05

           Step           Time
         304500      152.25000

   Energies (kJ/mol)
           Bond          Angle    Proper Dih. Per. Imp. Dih.          LJ-14
    5.52376e+01    1.75633e+01    4.76643e-01    4.43596e-02    1.60729e+02
     Coulomb-14        LJ (SR)   Coulomb (SR)   Coul. recip.      Potential
    5.03019e+01    4.68592e+06   -9.29018e+05    2.32117e+03    3.75951e+06
    Kinetic En.   Total Energy  Conserved En.    Temperature Pressure (bar)
    1.24758e+05    3.88427e+06    3.75561e+06    3.00688e+02    5.53127e+05

           Step           Time
         305000      152.50000

   Energies (kJ/mol)
           Bond          Angle    Proper Dih. Per. Imp. Dih.          LJ-14
    5.52376e+01    1.75633e+01    4.76643e-01    4.43596e-02    1.60729e+02
     Coulomb-14        LJ (SR)   Coulomb (SR)   Coul. recip.      Potential
    5.03019e+01    4.68604e+06   -9.29306e+05    2.28276e+03    3.75930e+06
    Kinetic En.   Total Energy  Conserved En.    Temperature Pressure (bar)
    1.25001e+05    3.88430e+06    3.75563e+06    3.01274e+02    5.53149e+05

           Step           Time
         305500      152.75000

   Energies (kJ/mol)
           Bond          Angle    Proper Dih. Per. Imp. Dih.          LJ-14
    5.52376e+01    1.75633e+01    4.76643e-01    4.43596e-02    1.60729e+02
     Coulomb-14        LJ (SR)   Coulomb (SR)   Coul. recip.      Potential
    5.03019e+01    4.68484e+06   -9.27458e+05    2.32565e+03    3.76000e+06
    Kinetic En.   Total Energy  Conserved En.    Temperature Pressure (bar)
    1.24112e+05    3.88411e+06    3.75563e+06    2.99132e+02    5.53056e+05

           Step           Time
         306000      153.00000

   Energies (kJ/mol)
           Bond          Angle    Proper Dih. Per. Imp. Dih.          LJ-14
    5.52376e+01    1.75633e+01    4.76643e-01    4.43596e-02    1.60729e+02
     Coulomb-14        LJ (SR)   Coulomb (SR)   Coul. recip.      Potential
    5.03019e+01    4.68592e+06   -9.29949e+05    2.22042e+03    3.75848e+06
    Kinetic En.   Total Energy  Conserved En.    Temperature Pressure (bar)
    1.25514e+05    3.88399e+06    3.75565e+06    3.02510e+02    5.53140e+05

           Step           Time
         306500      153.25000

   Energies (kJ/mol)
           Bond          Angle    Proper Dih. Per. Imp. Dih.          LJ-14
    5.52376e+01    1.75633e+01    4.76643e-01    4.43596e-02    1.60729e+02
     Coulomb-14        LJ (SR)   Coulomb (SR)   Coul. recip.      Potential
    5.03019e+01    4.68641e+06   -9.29554e+05    2.27207e+03    3.75941e+06
    Kinetic En.   Total Energy  Conserved En.    Temperature Pressure (bar)
    1.25061e+05    3.88447e+06    3.75566e+06    3.01417e+02    5.53205e+05

           Step           Time
         307000      153.50000

   Energies (kJ/mol)
           Bond          Angle    Proper Dih. Per. Imp. Dih.          LJ-14
    5.52376e+01    1.75633e+01    4.76643e-01    4.43596e-02    1.60729e+02
     Coulomb-14        LJ (SR)   Coulomb (SR)   Coul. recip.      Potential
    5.03019e+01    4.68558e+06   -9.28957e+05    2.25483e+03    3.75917e+06
    Kinetic En.   Total Energy  Conserved En.    Temperature Pressure (bar)
    1.25595e+05    3.88476e+06    3.75567e+06    3.02707e+02    5.53123e+05

           Step           Time
         307500      153.75000

   Energies (kJ/mol)
           Bond          Angle    Proper Dih. Per. Imp. Dih.          LJ-14
    5.52376e+01    1.75633e+01    4.76643e-01    4.43596e-02    1.60729e+02
     Coulomb-14        LJ (SR)   Coulomb (SR)   Coul. recip.      Potential
    5.03019e+01    4.68656e+06   -9.29724e+05    2.25092e+03    3.75937e+06
    Kinetic En.   Total Energy  Conserved En.    Temperature Pressure (bar)
    1.25166e+05    3.88454e+06    3.75568e+06    3.01671e+02    5.53209e+05

           Step           Time
         308000      154.00000

   Energies (kJ/mol)
           Bond          Angle    Proper Dih. Per. Imp. Dih.          LJ-14
    5.52376e+01    1.75633e+01    4.76643e-01    4.43596e-02    1.60729e+02
     Coulomb-14        LJ (SR)   Coulomb (SR)   Coul. recip.      Potential
    5.03019e+01    4.68557e+06   -9.28259e+05    2.25923e+03    3.75985e+06
    Kinetic En.   Total Energy  Conserved En.    Temperature Pressure (bar)
    1.24789e+05    3.88464e+06    3.75569e+06    3.00764e+02    5.53114e+05

           Step           Time
         308500      154.25000

   Energies (kJ/mol)
           Bond          Angle    Proper Dih. Per. Imp. Dih.          LJ-14
    5.52376e+01    1.75633e+01    4.76643e-01    4.43596e-02    1.60729e+02
     Coulomb-14        LJ (SR)   Coulomb (SR)   Coul. recip.      Potential
    5.03019e+01    4.68575e+06   -9.28295e+05    2.27376e+03    3.76001e+06
    Kinetic En.   Total Energy  Conserved En.    Temperature Pressure (bar)
    1.23997e+05    3.88401e+06    3.75570e+06    2.98854e+02    5.53169e+05

           Step           Time
         309000      154.50000

   Energies (kJ/mol)
           Bond          Angle    Proper Dih. Per. Imp. Dih.          LJ-14
    5.52376e+01    1.75633e+01    4.76643e-01    4.43596e-02    1.60729e+02
     Coulomb-14        LJ (SR)   Coulomb (SR)   Coul. recip.      Potential
    5.03019e+01    4.68588e+06   -9.28628e+05    2.26811e+03    3.75980e+06
    Kinetic En.   Total Energy  Conserved En.    Temperature Pressure (bar)
    1.23969e+05    3.88377e+06    3.75571e+06    2.98786e+02    5.53171e+05

           Step           Time
         309500      154.75000

   Energies (kJ/mol)
           Bond          Angle    Proper Dih. Per. Imp. Dih.          LJ-14
    5.52376e+01    1.75633e+01    4.76643e-01    4.43596e-02    1.60729e+02
     Coulomb-14        LJ (SR)   Coulomb (SR)   Coul. recip.      Potential
    5.03019e+01    4.68686e+06   -9.29936e+05    2.36027e+03    3.75957e+06
    Kinetic En.   Total Energy  Conserved En.    Temperature Pressure (bar)
    1.23666e+05    3.88323e+06    3.75572e+06    2.98055e+02    5.53236e+05

           Step           Time
         310000      155.00000

   Energies (kJ/mol)
           Bond          Angle    Proper Dih. Per. Imp. Dih.          LJ-14
    5.52376e+01    1.75633e+01    4.76643e-01    4.43596e-02    1.60729e+02
     Coulomb-14        LJ (SR)   Coulomb (SR)   Coul. recip.      Potential
    5.03019e+01    4.68539e+06   -9.28764e+05    2.28093e+03    3.75920e+06
    Kinetic En.   Total Energy  Conserved En.    Temperature Pressure (bar)
    1.24104e+05    3.88330e+06    3.75573e+06    2.99112e+02    5.53105e+05

           Step           Time
         310500      155.25000

   Energies (kJ/mol)
           Bond          Angle    Proper Dih. Per. Imp. Dih.          LJ-14
    5.52376e+01    1.75633e+01    4.76643e-01    4.43596e-02    1.60729e+02
     Coulomb-14        LJ (SR)   Coulomb (SR)   Coul. recip.      Potential
    5.03019e+01    4.68356e+06   -9.26850e+05    2.26571e+03    3.75926e+06
    Kinetic En.   Total Energy  Conserved En.    Temperature Pressure (bar)
    1.24862e+05    3.88412e+06    3.75575e+06    3.00939e+02    5.52941e+05

           Step           Time
         311000      155.50000

   Energies (kJ/mol)
           Bond          Angle    Proper Dih. Per. Imp. Dih.          LJ-14
    5.52376e+01    1.75633e+01    4.76643e-01    4.43596e-02    1.60729e+02
     Coulomb-14        LJ (SR)   Coulomb (SR)   Coul. recip.      Potential
    5.03019e+01    4.68656e+06   -9.29598e+05    2.22028e+03    3.75946e+06
    Kinetic En.   Total Energy  Conserved En.    Temperature Pressure (bar)
    1.24895e+05    3.88436e+06    3.75576e+06    3.01018e+02    5.53223e+05

           Step           Time
         311500      155.75000

   Energies (kJ/mol)
           Bond          Angle    Proper Dih. Per. Imp. Dih.          LJ-14
    5.52376e+01    1.75633e+01    4.76643e-01    4.43596e-02    1.60729e+02
     Coulomb-14        LJ (SR)   Coulomb (SR)   Coul. recip.      Potential
    5.03019e+01    4.68499e+06   -9.27832e+05    2.31415e+03    3.75976e+06
    Kinetic En.   Total Energy  Conserved En.    Temperature Pressure (bar)
    1.24211e+05    3.88397e+06    3.75577e+06    2.99371e+02    5.53074e+05

           Step           Time
         312000      156.00000

   Energies (kJ/mol)
           Bond          Angle    Proper Dih. Per. Imp. Dih.          LJ-14
    5.52376e+01    1.75633e+01    4.76643e-01    4.43596e-02    1.60729e+02
     Coulomb-14        LJ (SR)   Coulomb (SR)   Coul. recip.      Potential
    5.03019e+01    4.68573e+06   -9.28466e+05    2.26071e+03    3.75981e+06
    Kinetic En.   Total Energy  Conserved En.    Temperature Pressure (bar)
    1.24567e+05    3.88438e+06    3.75578e+06    3.00228e+02    5.53145e+05

           Step           Time
         312500      156.25000

   Energies (kJ/mol)
           Bond          Angle    Proper Dih. Per. Imp. Dih.          LJ-14
    5.52376e+01    1.75633e+01    4.76643e-01    4.43596e-02    1.60729e+02
     Coulomb-14        LJ (SR)   Coulomb (SR)   Coul. recip.      Potential
    5.03019e+01    4.68760e+06   -9.31115e+05    2.20761e+03    3.75898e+06
    Kinetic En.   Total Energy  Conserved En.    Temperature Pressure (bar)
    1.25346e+05    3.88433e+06    3.75579e+06    3.02106e+02    5.53296e+05

           Step           Time
         313000      156.50000

   Energies (kJ/mol)
           Bond          Angle    Proper Dih. Per. Imp. Dih.          LJ-14
    5.52376e+01    1.75633e+01    4.76643e-01    4.43596e-02    1.60729e+02
     Coulomb-14        LJ (SR)   Coulomb (SR)   Coul. recip.      Potential
    5.03019e+01    4.68566e+06   -9.28104e+05    2.26816e+03    3.76011e+06
    Kinetic En.   Total Energy  Conserved En.    Temperature Pressure (bar)
    1.24475e+05    3.88458e+06    3.75580e+06    3.00005e+02    5.53155e+05

           Step           Time
         313500      156.75000

   Energies (kJ/mol)
           Bond          Angle    Proper Dih. Per. Imp. Dih.          LJ-14
    5.52376e+01    1.75633e+01    4.76643e-01    4.43596e-02    1.60729e+02
     Coulomb-14        LJ (SR)   Coulomb (SR)   Coul. recip.      Potential
    5.03019e+01    4.68568e+06   -9.28614e+05    2.29745e+03    3.75965e+06
    Kinetic En.   Total Energy  Conserved En.    Temperature Pressure (bar)
    1.25104e+05    3.88476e+06    3.75581e+06    3.01521e+02    5.53146e+05

           Step           Time
         314000      157.00000

   Energies (kJ/mol)
           Bond          Angle    Proper Dih. Per. Imp. Dih.          LJ-14
    5.52376e+01    1.75633e+01    4.76643e-01    4.43596e-02    1.60729e+02
     Coulomb-14        LJ (SR)   Coulomb (SR)   Coul. recip.      Potential
    5.03019e+01    4.68470e+06   -9.27297e+05    2.28992e+03    3.75998e+06
    Kinetic En.   Total Energy  Conserved En.    Temperature Pressure (bar)
    1.25069e+05    3.88505e+06    3.75583e+06    3.01437e+02    5.53058e+05

           Step           Time
         314500      157.25000

   Energies (kJ/mol)
           Bond          Angle    Proper Dih. Per. Imp. Dih.          LJ-14
    5.52376e+01    1.75633e+01    4.76643e-01    4.43596e-02    1.60729e+02
     Coulomb-14        LJ (SR)   Coulomb (SR)   Coul. recip.      Potential
    5.03019e+01    4.68768e+06   -9.30237e+05    2.24158e+03    3.75997e+06
    Kinetic En.   Total Energy  Conserved En.    Temperature Pressure (bar)
    1.25214e+05    3.88518e+06    3.75583e+06    3.01788e+02    5.53372e+05

           Step           Time
         315000      157.50000

   Energies (kJ/mol)
           Bond          Angle    Proper Dih. Per. Imp. Dih.          LJ-14
    5.52376e+01    1.75633e+01    4.76643e-01    4.43596e-02    1.60729e+02
     Coulomb-14        LJ (SR)   Coulomb (SR)   Coul. recip.      Potential
    5.03019e+01    4.68572e+06   -9.28573e+05    2.23522e+03    3.75967e+06
    Kinetic En.   Total Energy  Conserved En.    Temperature Pressure (bar)
    1.25012e+05    3.88468e+06    3.75584e+06    3.01300e+02    5.53153e+05

           Step           Time
         315500      157.75000

   Energies (kJ/mol)
           Bond          Angle    Proper Dih. Per. Imp. Dih.          LJ-14
    5.52376e+01    1.75633e+01    4.76643e-01    4.43596e-02    1.60729e+02
     Coulomb-14        LJ (SR)   Coulomb (SR)   Coul. recip.      Potential
    5.03019e+01    4.68483e+06   -9.27987e+05    2.37910e+03    3.75950e+06
    Kinetic En.   Total Energy  Conserved En.    Temperature Pressure (bar)
    1.24885e+05    3.88439e+06    3.75586e+06    3.00995e+02    5.53078e+05

           Step           Time
         316000      158.00000

   Energies (kJ/mol)
           Bond          Angle    Proper Dih. Per. Imp. Dih.          LJ-14
    5.52376e+01    1.75633e+01    4.76643e-01    4.43596e-02    1.60729e+02
     Coulomb-14        LJ (SR)   Coulomb (SR)   Coul. recip.      Potential
    5.03019e+01    4.68648e+06   -9.30060e+05    2.26995e+03    3.75898e+06
    Kinetic En.   Total Energy  Conserved En.    Temperature Pressure (bar)
    1.24938e+05    3.88391e+06    3.75587e+06    3.01123e+02    5.53194e+05

           Step           Time
         316500      158.25000

   Energies (kJ/mol)
           Bond          Angle    Proper Dih. Per. Imp. Dih.          LJ-14
    5.52376e+01    1.75633e+01    4.76643e-01    4.43596e-02    1.60729e+02
     Coulomb-14        LJ (SR)   Coulomb (SR)   Coul. recip.      Potential
    5.03019e+01    4.68583e+06   -9.28792e+05    2.21381e+03    3.75954e+06
    Kinetic En.   Total Energy  Conserved En.    Temperature Pressure (bar)
    1.24742e+05    3.88428e+06    3.75588e+06    3.00650e+02    5.53137e+05

           Step           Time
         317000      158.50000

   Energies (kJ/mol)
           Bond          Angle    Proper Dih. Per. Imp. Dih.          LJ-14
    5.52376e+01    1.75633e+01    4.76643e-01    4.43596e-02    1.60729e+02
     Coulomb-14        LJ (SR)   Coulomb (SR)   Coul. recip.      Potential
    5.03019e+01    4.68551e+06   -9.28284e+05    2.25188e+03    3.75976e+06
    Kinetic En.   Total Energy  Conserved En.    Temperature Pressure (bar)
    1.24448e+05    3.88421e+06    3.75589e+06    2.99941e+02    5.53125e+05

           Step           Time
         317500      158.75000

   Energies (kJ/mol)
           Bond          Angle    Proper Dih. Per. Imp. Dih.          LJ-14
    5.52376e+01    1.75633e+01    4.76643e-01    4.43596e-02    1.60729e+02
     Coulomb-14        LJ (SR)   Coulomb (SR)   Coul. recip.      Potential
    5.03019e+01    4.68607e+06   -9.29059e+05    2.28219e+03    3.75958e+06
    Kinetic En.   Total Energy  Conserved En.    Temperature Pressure (bar)
    1.24620e+05    3.88420e+06    3.75590e+06    3.00354e+02    5.53169e+05

           Step           Time
         318000      159.00000

   Energies (kJ/mol)
           Bond          Angle    Proper Dih. Per. Imp. Dih.          LJ-14
    5.52376e+01    1.75633e+01    4.76643e-01    4.43596e-02    1.60729e+02
     Coulomb-14        LJ (SR)   Coulomb (SR)   Coul. recip.      Potential
    5.03019e+01    4.68603e+06   -9.28537e+05    2.28866e+03    3.76006e+06
    Kinetic En.   Total Energy  Conserved En.    Temperature Pressure (bar)
    1.23994e+05    3.88406e+06    3.75591e+06    2.98846e+02    5.53208e+05

           Step           Time
         318500      159.25000

   Energies (kJ/mol)
           Bond          Angle    Proper Dih. Per. Imp. Dih.          LJ-14
    5.52376e+01    1.75633e+01    4.76643e-01    4.43596e-02    1.60729e+02
     Coulomb-14        LJ (SR)   Coulomb (SR)   Coul. recip.      Potential
    5.03019e+01    4.68625e+06   -9.29294e+05    2.26454e+03    3.75950e+06
    Kinetic En.   Total Energy  Conserved En.    Temperature Pressure (bar)
    1.24692e+05    3.88419e+06    3.75592e+06    3.00529e+02    5.53189e+05

           Step           Time
         319000      159.50000

   Energies (kJ/mol)
           Bond          Angle    Proper Dih. Per. Imp. Dih.          LJ-14
    5.52376e+01    1.75633e+01    4.76643e-01    4.43596e-02    1.60729e+02
     Coulomb-14        LJ (SR)   Coulomb (SR)   Coul. recip.      Potential
    5.03019e+01    4.68508e+06   -9.27091e+05    2.34942e+03    3.76062e+06
    Kinetic En.   Total Energy  Conserved En.    Temperature Pressure (bar)
    1.23516e+05    3.88414e+06    3.75594e+06    2.97695e+02    5.53091e+05

           Step           Time
         319500      159.75000

   Energies (kJ/mol)
           Bond          Angle    Proper Dih. Per. Imp. Dih.          LJ-14
    5.52376e+01    1.75633e+01    4.76643e-01    4.43596e-02    1.60729e+02
     Coulomb-14        LJ (SR)   Coulomb (SR)   Coul. recip.      Potential
    5.03019e+01    4.68502e+06   -9.28345e+05    2.22297e+03    3.75918e+06
    Kinetic En.   Total Energy  Conserved En.    Temperature Pressure (bar)
    1.24447e+05    3.88363e+06    3.75595e+06    2.99940e+02    5.53048e+05

           Step           Time
         320000      160.00000

   Energies (kJ/mol)
           Bond          Angle    Proper Dih. Per. Imp. Dih.          LJ-14
    5.52376e+01    1.75633e+01    4.76643e-01    4.43596e-02    1.60729e+02
     Coulomb-14        LJ (SR)   Coulomb (SR)   Coul. recip.      Potential
    5.03019e+01    4.68470e+06   -9.28142e+05    2.28693e+03    3.75912e+06
    Kinetic En.   Total Energy  Conserved En.    Temperature Pressure (bar)
    1.24680e+05    3.88380e+06    3.75595e+06    3.00499e+02    5.53006e+05

           Step           Time
         320500      160.25000

   Energies (kJ/mol)
           Bond          Angle    Proper Dih. Per. Imp. Dih.          LJ-14
    5.52376e+01    1.75633e+01    4.76643e-01    4.43596e-02    1.60729e+02
     Coulomb-14        LJ (SR)   Coulomb (SR)   Coul. recip.      Potential
    5.03019e+01    4.68592e+06   -9.29374e+05    2.30251e+03    3.75913e+06
    Kinetic En.   Total Energy  Conserved En.    Temperature Pressure (bar)
    1.24615e+05    3.88374e+06    3.75597e+06    3.00343e+02    5.53117e+05

           Step           Time
         321000      160.50000

   Energies (kJ/mol)
           Bond          Angle    Proper Dih. Per. Imp. Dih.          LJ-14
    5.52376e+01    1.75633e+01    4.76643e-01    4.43596e-02    1.60729e+02
     Coulomb-14        LJ (SR)   Coulomb (SR)   Coul. recip.      Potential
    5.03019e+01    4.68556e+06   -9.29136e+05    2.24010e+03    3.75895e+06
    Kinetic En.   Total Energy  Conserved En.    Temperature Pressure (bar)
    1.24591e+05    3.88354e+06    3.75597e+06    3.00286e+02    5.53053e+05

           Step           Time
         321500      160.75000

   Energies (kJ/mol)
           Bond          Angle    Proper Dih. Per. Imp. Dih.          LJ-14
    5.52376e+01    1.75633e+01    4.76643e-01    4.43596e-02    1.60729e+02
     Coulomb-14        LJ (SR)   Coulomb (SR)   Coul. recip.      Potential
    5.03019e+01    4.68606e+06   -9.29099e+05    2.31788e+03    3.75956e+06
    Kinetic En.   Total Energy  Conserved En.    Temperature Pressure (bar)
    1.23873e+05    3.88344e+06    3.75599e+06    2.98555e+02    5.53144e+05

Writing checkpoint, step 321700 at Sat Sep  5 16:59:46 2026


Writing checkpoint, step 321800 at Sat Sep  5 16:59:48 2026


           Step           Time
         322000      161.00000

   Energies (kJ/mol)
           Bond          Angle    Proper Dih. Per. Imp. Dih.          LJ-14
    5.52376e+01    1.75633e+01    4.76643e-01    4.43596e-02    1.60729e+02
     Coulomb-14        LJ (SR)   Coulomb (SR)   Coul. recip.      Potential
    5.03019e+01    4.68483e+06   -9.29067e+05    2.26656e+03    3.75832e+06
    Kinetic En.   Total Energy  Conserved En.    Temperature Pressure (bar)
    1.24751e+05    3.88307e+06    3.75600e+06    3.00671e+02    5.52963e+05

Writing checkpoint, step 322400 at Sat Sep  5 18:29:49 2026


           Step           Time
         322500      161.25000

Writing checkpoint, step 322500 at Sat Sep  5 18:29:52 2026


   Energies (kJ/mol)
           Bond          Angle    Proper Dih. Per. Imp. Dih.          LJ-14
    5.52376e+01    1.75633e+01    4.76643e-01    4.43596e-02    1.60729e+02
     Coulomb-14        LJ (SR)   Coulomb (SR)   Coul. recip.      Potential
    5.03019e+01    4.68547e+06   -9.29027e+05    2.23711e+03    3.75896e+06
    Kinetic En.   Total Energy  Conserved En.    Temperature Pressure (bar)
    1.24367e+05    3.88333e+06    3.75601e+06    2.99745e+02    5.53093e+05

Writing checkpoint, step 322600 at Sat Sep  5 18:56:28 2026


Writing checkpoint, step 322700 at Sat Sep  5 18:56:32 2026


Writing checkpoint, step 322800 at Sat Sep  5 18:56:34 2026


Writing checkpoint, step 322900 at Sat Sep  5 18:56:36 2026


           Step           Time
         323000      161.50000

Writing checkpoint, step 323000 at Sat Sep  5 18:56:38 2026


   Energies (kJ/mol)
           Bond          Angle    Proper Dih. Per. Imp. Dih.          LJ-14
    5.52376e+01    1.75633e+01    4.76643e-01    4.43596e-02    1.60729e+02
     Coulomb-14        LJ (SR)   Coulomb (SR)   Coul. recip.      Potential
    5.03019e+01    4.68521e+06   -9.29477e+05    2.22051e+03    3.75824e+06
    Kinetic En.   Total Energy  Conserved En.    Temperature Pressure (bar)
    1.24680e+05    3.88292e+06    3.75602e+06    3.00501e+02    5.53008e+05

Writing checkpoint, step 323100 at Sat Sep  5 18:56:40 2026


Writing checkpoint, step 323300 at Sat Sep  5 19:30:56 2026


Writing checkpoint, step 323400 at Sat Sep  5 19:30:57 2026


           Step           Time
         323500      161.75000

   Energies (kJ/mol)
           Bond          Angle    Proper Dih. Per. Imp. Dih.          LJ-14
    5.52376e+01    1.75633e+01    4.76643e-01    4.43596e-02    1.60729e+02
     Coulomb-14        LJ (SR)   Coulomb (SR)   Coul. recip.      Potential
    5.03019e+01    4.68694e+06   -9.30990e+05    2.18990e+03    3.75843e+06
    Kinetic En.   Total Energy  Conserved En.    Temperature Pressure (bar)
    1.24324e+05    3.88275e+06    3.75603e+06    2.99642e+02    5.53182e+05

           Step           Time
         324000      162.00000

Writing checkpoint, step 324000 at Sat Sep  5 20:32:01 2026


   Energies (kJ/mol)
           Bond          Angle    Proper Dih. Per. Imp. Dih.          LJ-14
    5.52376e+01    1.75633e+01    4.76643e-01    4.43596e-02    1.60729e+02
     Coulomb-14        LJ (SR)   Coulomb (SR)   Coul. recip.      Potential
    5.03019e+01    4.68689e+06   -9.30569e+05    2.25883e+03    3.75887e+06
    Kinetic En.   Total Energy  Conserved En.    Temperature Pressure (bar)
    1.23858e+05    3.88272e+06    3.75604e+06    2.98519e+02    5.53198e+05

Writing checkpoint, step 324100 at Sat Sep  5 20:32:03 2026


Writing checkpoint, step 324200 at Sat Sep  5 20:32:05 2026


Writing checkpoint, step 324300 at Sat Sep  5 21:33:05 2026


Writing checkpoint, step 324400 at Sat Sep  5 21:33:07 2026


           Step           Time
         324500      162.25000

Writing checkpoint, step 324500 at Sat Sep  5 21:33:09 2026


   Energies (kJ/mol)
           Bond          Angle    Proper Dih. Per. Imp. Dih.          LJ-14
    5.52376e+01    1.75633e+01    4.76643e-01    4.43596e-02    1.60729e+02
     Coulomb-14        LJ (SR)   Coulomb (SR)   Coul. recip.      Potential
    5.03019e+01    4.68650e+06   -9.29659e+05    2.27545e+03    3.75940e+06
    Kinetic En.   Total Energy  Conserved En.    Temperature Pressure (bar)
    1.23612e+05    3.88301e+06    3.75605e+06    2.97927e+02    5.53169e+05

Writing checkpoint, step 324600 at Sat Sep  5 21:33:11 2026


Writing checkpoint, step 324700 at Sat Sep  5 22:34:12 2026


Writing checkpoint, step 324800 at Sat Sep  5 22:34:14 2026


Writing checkpoint, step 324900 at Sat Sep  5 22:34:17 2026


           Step           Time
         325000      162.50000

Writing checkpoint, step 325000 at Sat Sep  5 22:34:20 2026


   Energies (kJ/mol)
           Bond          Angle    Proper Dih. Per. Imp. Dih.          LJ-14
    5.52376e+01    1.75633e+01    4.76643e-01    4.43596e-02    1.60729e+02
     Coulomb-14        LJ (SR)   Coulomb (SR)   Coul. recip.      Potential
    5.03019e+01    4.68712e+06   -9.31105e+05    2.19303e+03    3.75849e+06
    Kinetic En.   Total Energy  Conserved En.    Temperature Pressure (bar)
    1.24705e+05    3.88320e+06    3.75606e+06    3.00561e+02    5.53220e+05

Writing checkpoint, step 325100 at Sat Sep  5 22:34:22 2026


           Step           Time
         325500      162.75000

   Energies (kJ/mol)
           Bond          Angle    Proper Dih. Per. Imp. Dih.          LJ-14
    5.52376e+01    1.75633e+01    4.76643e-01    4.43596e-02    1.60729e+02
     Coulomb-14        LJ (SR)   Coulomb (SR)   Coul. recip.      Potential
    5.03019e+01    4.68459e+06   -9.27815e+05    2.28186e+03    3.75934e+06
    Kinetic En.   Total Energy  Conserved En.    Temperature Pressure (bar)
    1.23947e+05    3.88329e+06    3.75608e+06    2.98734e+02    5.52978e+05

Writing checkpoint, step 325700 at Sat Sep  5 23:35:20 2026


Writing checkpoint, step 325800 at Sat Sep  5 23:35:23 2026


Writing checkpoint, step 325900 at Sat Sep  5 23:35:40 2026


           Step           Time
         326000      163.00000

Writing checkpoint, step 326000 at Sat Sep  5 23:35:42 2026


   Energies (kJ/mol)
           Bond          Angle    Proper Dih. Per. Imp. Dih.          LJ-14
    5.52376e+01    1.75633e+01    4.76643e-01    4.43596e-02    1.60729e+02
     Coulomb-14        LJ (SR)   Coulomb (SR)   Coul. recip.      Potential
    5.03019e+01    4.68684e+06   -9.31482e+05    2.27004e+03    3.75792e+06
    Kinetic En.   Total Energy  Conserved En.    Temperature Pressure (bar)
    1.24942e+05    3.88286e+06    3.75608e+06    3.01131e+02    5.53132e+05

Writing checkpoint, step 326400 at Sun Sep  6 00:36:25 2026


           Step           Time
         326500      163.25000

Writing checkpoint, step 326500 at Sun Sep  6 00:36:28 2026


   Energies (kJ/mol)
           Bond          Angle    Proper Dih. Per. Imp. Dih.          LJ-14
    5.52376e+01    1.75633e+01    4.76643e-01    4.43596e-02    1.60729e+02
     Coulomb-14        LJ (SR)   Coulomb (SR)   Coul. recip.      Potential
    5.03019e+01    4.68531e+06   -9.28104e+05    2.24638e+03    3.75973e+06
    Kinetic En.   Total Energy  Conserved En.    Temperature Pressure (bar)
    1.23491e+05    3.88323e+06    3.75610e+06    2.97634e+02    5.53069e+05

Writing checkpoint, step 326600 at Sun Sep  6 00:36:30 2026


Writing checkpoint, step 326700 at Sun Sep  6 01:37:27 2026


Writing checkpoint, step 326800 at Sun Sep  6 01:37:30 2026


Writing checkpoint, step 326900 at Sun Sep  6 01:37:32 2026


           Step           Time
         327000      163.50000

Writing checkpoint, step 327000 at Sun Sep  6 01:37:34 2026


   Energies (kJ/mol)
           Bond          Angle    Proper Dih. Per. Imp. Dih.          LJ-14
    5.52376e+01    1.75633e+01    4.76643e-01    4.43596e-02    1.60729e+02
     Coulomb-14        LJ (SR)   Coulomb (SR)   Coul. recip.      Potential
    5.03019e+01    4.68722e+06   -9.30183e+05    2.27063e+03    3.75959e+06
    Kinetic En.   Total Energy  Conserved En.    Temperature Pressure (bar)
    1.23788e+05    3.88338e+06    3.75611e+06    2.98349e+02    5.53229e+05

Writing checkpoint, step 327100 at Sun Sep  6 01:37:51 2026


Writing checkpoint, step 327200 at Sun Sep  6 01:37:53 2026


           Step           Time
         327500      163.75000

   Energies (kJ/mol)
           Bond          Angle    Proper Dih. Per. Imp. Dih.          LJ-14
    5.52376e+01    1.75633e+01    4.76643e-01    4.43596e-02    1.60729e+02
     Coulomb-14        LJ (SR)   Coulomb (SR)   Coul. recip.      Potential
    5.03019e+01    4.68613e+06   -9.29752e+05    2.20364e+03    3.75886e+06
    Kinetic En.   Total Energy  Conserved En.    Temperature Pressure (bar)
    1.24915e+05    3.88378e+06    3.75612e+06    3.01067e+02    5.53122e+05

           Step           Time
         328000      164.00000

   Energies (kJ/mol)
           Bond          Angle    Proper Dih. Per. Imp. Dih.          LJ-14
    5.52376e+01    1.75633e+01    4.76643e-01    4.43596e-02    1.60729e+02
     Coulomb-14        LJ (SR)   Coulomb (SR)   Coul. recip.      Potential
    5.03019e+01    4.68409e+06   -9.27715e+05    2.22854e+03    3.75889e+06
    Kinetic En.   Total Energy  Conserved En.    Temperature Pressure (bar)
    1.24874e+05    3.88376e+06    3.75613e+06    3.00967e+02    5.52927e+05

Writing checkpoint, step 328200 at Sun Sep  6 03:38:19 2026


Writing checkpoint, step 328300 at Sun Sep  6 03:38:21 2026


Writing checkpoint, step 328400 at Sun Sep  6 03:38:23 2026


           Step           Time
         328500      164.25000

Writing checkpoint, step 328500 at Sun Sep  6 03:38:47 2026


   Energies (kJ/mol)
           Bond          Angle    Proper Dih. Per. Imp. Dih.          LJ-14
    5.52376e+01    1.75633e+01    4.76643e-01    4.43596e-02    1.60729e+02
     Coulomb-14        LJ (SR)   Coulomb (SR)   Coul. recip.      Potential
    5.03019e+01    4.68432e+06   -9.27199e+05    2.23747e+03    3.75964e+06
    Kinetic En.   Total Energy  Conserved En.    Temperature Pressure (bar)
    1.23734e+05    3.88338e+06    3.75614e+06    2.98219e+02    5.52958e+05

Writing checkpoint, step 328600 at Sun Sep  6 03:38:50 2026


Writing checkpoint, step 328700 at Sun Sep  6 03:38:53 2026


Writing checkpoint, step 328800 at Sun Sep  6 03:38:55 2026


Writing checkpoint, step 328900 at Sun Sep  6 04:30:50 2026


           Step           Time
         329000      164.50000

Writing checkpoint, step 329000 at Sun Sep  6 04:30:52 2026


   Energies (kJ/mol)
           Bond          Angle    Proper Dih. Per. Imp. Dih.          LJ-14
    5.52376e+01    1.75633e+01    4.76643e-01    4.43596e-02    1.60729e+02
     Coulomb-14        LJ (SR)   Coulomb (SR)   Coul. recip.      Potential
    5.03019e+01    4.68523e+06   -9.28842e+05    2.30423e+03    3.75898e+06
    Kinetic En.   Total Energy  Conserved En.    Temperature Pressure (bar)
    1.24623e+05    3.88360e+06    3.75615e+06    3.00363e+02    5.53025e+05

Writing checkpoint, step 329100 at Sun Sep  6 04:30:54 2026


Writing checkpoint, step 329200 at Sun Sep  6 04:31:18 2026


           Step           Time
         329500      164.75000

   Energies (kJ/mol)
           Bond          Angle    Proper Dih. Per. Imp. Dih.          LJ-14
    5.52376e+01    1.75633e+01    4.76643e-01    4.43596e-02    1.60729e+02
     Coulomb-14        LJ (SR)   Coulomb (SR)   Coul. recip.      Potential
    5.03019e+01    4.68473e+06   -9.28080e+05    2.21923e+03    3.75916e+06
    Kinetic En.   Total Energy  Conserved En.    Temperature Pressure (bar)
    1.24683e+05    3.88384e+06    3.75616e+06    3.00508e+02    5.52972e+05

           Step           Time
         330000      165.00000

   Energies (kJ/mol)
           Bond          Angle    Proper Dih. Per. Imp. Dih.          LJ-14
    5.52376e+01    1.75633e+01    4.76643e-01    4.43596e-02    1.60729e+02
     Coulomb-14        LJ (SR)   Coulomb (SR)   Coul. recip.      Potential
    5.03019e+01    4.68730e+06   -9.30517e+05    2.29544e+03    3.75937e+06
    Kinetic En.   Total Energy  Conserved En.    Temperature Pressure (bar)
    1.24319e+05    3.88369e+06    3.75617e+06    2.99631e+02    5.53271e+05

Writing checkpoint, step 330300 at Sun Sep  6 06:01:10 2026


Writing checkpoint, step 330400 at Sun Sep  6 06:01:13 2026


           Step           Time
         330500      165.25000

Writing checkpoint, step 330500 at Sun Sep  6 06:01:30 2026


   Energies (kJ/mol)
           Bond          Angle    Proper Dih. Per. Imp. Dih.          LJ-14
    5.52376e+01    1.75633e+01    4.76643e-01    4.43596e-02    1.60729e+02
     Coulomb-14        LJ (SR)   Coulomb (SR)   Coul. recip.      Potential
    5.03019e+01    4.68678e+06   -9.30160e+05    2.23017e+03    3.75913e+06
    Kinetic En.   Total Energy  Conserved En.    Temperature Pressure (bar)
    1.23840e+05    3.88297e+06    3.75619e+06    2.98477e+02    5.53204e+05

Writing checkpoint, step 330600 at Sun Sep  6 06:01:32 2026


Writing checkpoint, step 330700 at Sun Sep  6 06:01:34 2026


Writing checkpoint, step 330800 at Sun Sep  6 06:01:36 2026


           Step           Time
         331000      165.50000

   Energies (kJ/mol)
           Bond          Angle    Proper Dih. Per. Imp. Dih.          LJ-14
    5.52376e+01    1.75633e+01    4.76643e-01    4.43596e-02    1.60729e+02
     Coulomb-14        LJ (SR)   Coulomb (SR)   Coul. recip.      Potential
    5.03019e+01    4.68453e+06   -9.28343e+05    2.26907e+03    3.75874e+06
    Kinetic En.   Total Energy  Conserved En.    Temperature Pressure (bar)
    1.23820e+05    3.88256e+06    3.75619e+06    2.98427e+02    5.52970e+05

Writing checkpoint, step 331100 at Sun Sep  6 06:47:27 2026


Writing checkpoint, step 331200 at Sun Sep  6 06:47:29 2026


Writing checkpoint, step 331300 at Sun Sep  6 06:47:46 2026


           Step           Time
         331500      165.75000

   Energies (kJ/mol)
           Bond          Angle    Proper Dih. Per. Imp. Dih.          LJ-14
    5.52376e+01    1.75633e+01    4.76643e-01    4.43596e-02    1.60729e+02
     Coulomb-14        LJ (SR)   Coulomb (SR)   Coul. recip.      Potential
    5.03019e+01    4.68602e+06   -9.30082e+05    2.32169e+03    3.75855e+06
    Kinetic En.   Total Energy  Conserved En.    Temperature Pressure (bar)
    1.24472e+05    3.88302e+06    3.75621e+06    2.99999e+02    5.53105e+05

Writing checkpoint, step 331800 at Sun Sep  6 07:52:13 2026


Writing checkpoint, step 331900 at Sun Sep  6 07:52:16 2026


           Step           Time
         332000      166.00000

Writing checkpoint, step 332000 at Sun Sep  6 07:52:18 2026


   Energies (kJ/mol)
           Bond          Angle    Proper Dih. Per. Imp. Dih.          LJ-14
    5.52376e+01    1.75633e+01    4.76643e-01    4.43596e-02    1.60729e+02
     Coulomb-14        LJ (SR)   Coulomb (SR)   Coul. recip.      Potential
    5.03019e+01    4.68454e+06   -9.27701e+05    2.26465e+03    3.75939e+06
    Kinetic En.   Total Energy  Conserved En.    Temperature Pressure (bar)
    1.23533e+05    3.88292e+06    3.75622e+06    2.97736e+02    5.52995e+05

Writing checkpoint, step 332100 at Sun Sep  6 07:52:21 2026


Writing checkpoint, step 332200 at Sun Sep  6 07:52:24 2026


           Step           Time
         332500      166.25000

   Energies (kJ/mol)
           Bond          Angle    Proper Dih. Per. Imp. Dih.          LJ-14
    5.52376e+01    1.75633e+01    4.76643e-01    4.43596e-02    1.60729e+02
     Coulomb-14        LJ (SR)   Coulomb (SR)   Coul. recip.      Potential
    5.03019e+01    4.68481e+06   -9.27838e+05    2.29107e+03    3.75954e+06
    Kinetic En.   Total Energy  Conserved En.    Temperature Pressure (bar)
    1.23467e+05    3.88301e+06    3.75623e+06    2.97576e+02    5.52991e+05

           Step           Time
         333000      166.50000

   Energies (kJ/mol)
           Bond          Angle    Proper Dih. Per. Imp. Dih.          LJ-14
    5.52376e+01    1.75633e+01    4.76643e-01    4.43596e-02    1.60729e+02
     Coulomb-14        LJ (SR)   Coulomb (SR)   Coul. recip.      Potential
    5.03019e+01    4.68569e+06   -9.29592e+05    2.25174e+03    3.75863e+06
    Kinetic En.   Total Energy  Conserved En.    Temperature Pressure (bar)
    1.24322e+05    3.88296e+06    3.75624e+06    2.99637e+02    5.53090e+05

Writing checkpoint, step 333400 at Sun Sep  6 09:03:22 2026


           Step           Time
         333500      166.75000

Writing checkpoint, step 333500 at Sun Sep  6 09:03:24 2026


   Energies (kJ/mol)
           Bond          Angle    Proper Dih. Per. Imp. Dih.          LJ-14
    5.52376e+01    1.75633e+01    4.76643e-01    4.43596e-02    1.60729e+02
     Coulomb-14        LJ (SR)   Coulomb (SR)   Coul. recip.      Potential
    5.03019e+01    4.68538e+06   -9.28820e+05    2.26312e+03    3.75911e+06
    Kinetic En.   Total Energy  Conserved En.    Temperature Pressure (bar)
    1.24005e+05    3.88311e+06    3.75625e+06    2.98874e+02    5.53038e+05

Writing checkpoint, step 333600 at Sun Sep  6 09:56:19 2026


Writing checkpoint, step 333700 at Sun Sep  6 09:56:22 2026


Writing checkpoint, step 333800 at Sun Sep  6 09:56:23 2026


Writing checkpoint, step 333900 at Sun Sep  6 09:56:36 2026


           Step           Time
         334000      167.00000

Writing checkpoint, step 334000 at Sun Sep  6 09:56:39 2026


   Energies (kJ/mol)
           Bond          Angle    Proper Dih. Per. Imp. Dih.          LJ-14
    5.52376e+01    1.75633e+01    4.76643e-01    4.43596e-02    1.60729e+02
     Coulomb-14        LJ (SR)   Coulomb (SR)   Coul. recip.      Potential
    5.03019e+01    4.68548e+06   -9.28835e+05    2.29989e+03    3.75923e+06
    Kinetic En.   Total Energy  Conserved En.    Temperature Pressure (bar)
    1.23578e+05    3.88281e+06    3.75626e+06    2.97845e+02    5.53051e+05

Writing checkpoint, step 334100 at Sun Sep  6 09:56:42 2026


           Step           Time
         334500      167.25000

   Energies (kJ/mol)
           Bond          Angle    Proper Dih. Per. Imp. Dih.          LJ-14
    5.52376e+01    1.75633e+01    4.76643e-01    4.43596e-02    1.60729e+02
     Coulomb-14        LJ (SR)   Coulomb (SR)   Coul. recip.      Potential
    5.03019e+01    4.68550e+06   -9.28856e+05    2.30862e+03    3.75924e+06
    Kinetic En.   Total Energy  Conserved En.    Temperature Pressure (bar)
    1.23944e+05    3.88318e+06    3.75627e+06    2.98727e+02    5.53079e+05

           Step           Time
         335000      167.50000

   Energies (kJ/mol)
           Bond          Angle    Proper Dih. Per. Imp. Dih.          LJ-14
    5.52376e+01    1.75633e+01    4.76643e-01    4.43596e-02    1.60729e+02
     Coulomb-14        LJ (SR)   Coulomb (SR)   Coul. recip.      Potential
    5.03019e+01    4.68611e+06   -9.29826e+05    2.21456e+03    3.75879e+06
    Kinetic En.   Total Energy  Conserved En.    Temperature Pressure (bar)
    1.24221e+05    3.88301e+06    3.75628e+06    2.99394e+02    5.53116e+05

Writing checkpoint, step 335100 at Sun Sep  6 11:05:23 2026


Writing checkpoint, step 335200 at Sun Sep  6 11:05:25 2026


Writing checkpoint, step 335300 at Sun Sep  6 11:05:27 2026


Writing checkpoint, step 335400 at Sun Sep  6 11:05:28 2026


           Step           Time
         335500      167.75000

   Energies (kJ/mol)
           Bond          Angle    Proper Dih. Per. Imp. Dih.          LJ-14
    5.52376e+01    1.75633e+01    4.76643e-01    4.43596e-02    1.60729e+02
     Coulomb-14        LJ (SR)   Coulomb (SR)   Coul. recip.      Potential
    5.03019e+01    4.68543e+06   -9.28853e+05    2.31514e+03    3.75918e+06
    Kinetic En.   Total Energy  Conserved En.    Temperature Pressure (bar)
    1.24078e+05    3.88326e+06    3.75630e+06    2.99050e+02    5.53032e+05

Writing checkpoint, step 335600 at Sun Sep  6 12:06:25 2026


Writing checkpoint, step 335700 at Sun Sep  6 12:06:28 2026


Writing checkpoint, step 335800 at Sun Sep  6 13:07:22 2026


Writing checkpoint, step 335900 at Sun Sep  6 13:07:25 2026


           Step           Time
         336000      168.00000

Writing checkpoint, step 336000 at Sun Sep  6 13:07:26 2026


   Energies (kJ/mol)
           Bond          Angle    Proper Dih. Per. Imp. Dih.          LJ-14
    5.52376e+01    1.75633e+01    4.76643e-01    4.43596e-02    1.60729e+02
     Coulomb-14        LJ (SR)   Coulomb (SR)   Coul. recip.      Potential
    5.03019e+01    4.68555e+06   -9.27979e+05    2.25968e+03    3.76012e+06
    Kinetic En.   Total Energy  Conserved En.    Temperature Pressure (bar)
    1.23735e+05    3.88385e+06    3.75631e+06    2.98223e+02    5.53128e+05

Writing checkpoint, step 336100 at Sun Sep  6 13:07:28 2026


Writing checkpoint, step 336200 at Sun Sep  6 13:07:30 2026


Writing checkpoint, step 336300 at Sun Sep  6 13:07:37 2026


Writing checkpoint, step 336400 at Sun Sep  6 13:07:39 2026


           Step           Time
         336500      168.25000

   Energies (kJ/mol)
           Bond          Angle    Proper Dih. Per. Imp. Dih.          LJ-14
    5.52376e+01    1.75633e+01    4.76643e-01    4.43596e-02    1.60729e+02
     Coulomb-14        LJ (SR)   Coulomb (SR)   Coul. recip.      Potential
    5.03019e+01    4.68732e+06   -9.30350e+05    2.28759e+03    3.75954e+06
    Kinetic En.   Total Energy  Conserved En.    Temperature Pressure (bar)
    1.24723e+05    3.88426e+06    3.75631e+06    3.00604e+02    5.53245e+05

Writing checkpoint, step 336900 at Sun Sep  6 14:08:26 2026


           Step           Time
         337000      168.50000

Writing checkpoint, step 337000 at Sun Sep  6 14:08:29 2026


   Energies (kJ/mol)
           Bond          Angle    Proper Dih. Per. Imp. Dih.          LJ-14
    5.52376e+01    1.75633e+01    4.76643e-01    4.43596e-02    1.60729e+02
     Coulomb-14        LJ (SR)   Coulomb (SR)   Coul. recip.      Potential
    5.03019e+01    4.68301e+06   -9.25509e+05    2.33253e+03    3.76011e+06
    Kinetic En.   Total Energy  Conserved En.    Temperature Pressure (bar)
    1.24515e+05    3.88463e+06    3.75633e+06    3.00102e+02    5.52891e+05

Writing checkpoint, step 337100 at Sun Sep  6 14:08:32 2026


Writing checkpoint, step 337200 at Sun Sep  6 14:08:40 2026


           Step           Time
         337500      168.75000

   Energies (kJ/mol)
           Bond          Angle    Proper Dih. Per. Imp. Dih.          LJ-14
    5.52376e+01    1.75633e+01    4.76643e-01    4.43596e-02    1.60729e+02
     Coulomb-14        LJ (SR)   Coulomb (SR)   Coul. recip.      Potential
    5.03019e+01    4.68463e+06   -9.27540e+05    2.26096e+03    3.75963e+06
    Kinetic En.   Total Energy  Conserved En.    Temperature Pressure (bar)
    1.25361e+05    3.88499e+06    3.75634e+06    3.02141e+02    5.53025e+05

           Step           Time
         338000      169.00000

   Energies (kJ/mol)
           Bond          Angle    Proper Dih. Per. Imp. Dih.          LJ-14
    5.52376e+01    1.75633e+01    4.76643e-01    4.43596e-02    1.60729e+02
     Coulomb-14        LJ (SR)   Coulomb (SR)   Coul. recip.      Potential
    5.03019e+01    4.68538e+06   -9.26866e+05    2.26973e+03    3.76106e+06
    Kinetic En.   Total Energy  Conserved En.    Temperature Pressure (bar)
    1.24281e+05    3.88535e+06    3.75635e+06    2.99539e+02    5.53105e+05

           Step           Time
         338500      169.25000

   Energies (kJ/mol)
           Bond          Angle    Proper Dih. Per. Imp. Dih.          LJ-14
    5.52376e+01    1.75633e+01    4.76643e-01    4.43596e-02    1.60729e+02
     Coulomb-14        LJ (SR)   Coulomb (SR)   Coul. recip.      Potential
    5.03019e+01    4.68470e+06   -9.26871e+05    2.21650e+03    3.76033e+06
    Kinetic En.   Total Energy  Conserved En.    Temperature Pressure (bar)
    1.25075e+05    3.88541e+06    3.75636e+06    3.01453e+02    5.53037e+05

           Step           Time
         339000      169.50000

   Energies (kJ/mol)
           Bond          Angle    Proper Dih. Per. Imp. Dih.          LJ-14
    5.52376e+01    1.75633e+01    4.76643e-01    4.43596e-02    1.60729e+02
     Coulomb-14        LJ (SR)   Coulomb (SR)   Coul. recip.      Potential
    5.03019e+01    4.68422e+06   -9.25636e+05    2.32201e+03    3.76119e+06
    Kinetic En.   Total Energy  Conserved En.    Temperature Pressure (bar)
    1.24203e+05    3.88539e+06    3.75637e+06    2.99350e+02    5.53042e+05

           Step           Time
         339500      169.75000

   Energies (kJ/mol)
           Bond          Angle    Proper Dih. Per. Imp. Dih.          LJ-14
    5.52376e+01    1.75633e+01    4.76643e-01    4.43596e-02    1.60729e+02
     Coulomb-14        LJ (SR)   Coulomb (SR)   Coul. recip.      Potential
    5.03019e+01    4.68462e+06   -9.26070e+05    2.26717e+03    3.76110e+06
    Kinetic En.   Total Energy  Conserved En.    Temperature Pressure (bar)
    1.24754e+05    3.88585e+06    3.75638e+06    3.00678e+02    5.53076e+05

           Step           Time
         340000      170.00000

   Energies (kJ/mol)
           Bond          Angle    Proper Dih. Per. Imp. Dih.          LJ-14
    5.52376e+01    1.75633e+01    4.76643e-01    4.43596e-02    1.60729e+02
     Coulomb-14        LJ (SR)   Coulomb (SR)   Coul. recip.      Potential
    5.03019e+01    4.68545e+06   -9.27240e+05    2.21348e+03    3.76071e+06
    Kinetic En.   Total Energy  Conserved En.    Temperature Pressure (bar)
    1.24874e+05    3.88558e+06    3.75640e+06    3.00968e+02    5.53147e+05

           Step           Time
         340500      170.25000

   Energies (kJ/mol)
           Bond          Angle    Proper Dih. Per. Imp. Dih.          LJ-14
    5.52376e+01    1.75633e+01    4.76643e-01    4.43596e-02    1.60729e+02
     Coulomb-14        LJ (SR)   Coulomb (SR)   Coul. recip.      Potential
    5.03019e+01    4.68650e+06   -9.28545e+05    2.31058e+03    3.76055e+06
    Kinetic En.   Total Energy  Conserved En.    Temperature Pressure (bar)
    1.25045e+05    3.88559e+06    3.75640e+06    3.01379e+02    5.53233e+05

           Step           Time
         341000      170.50000

   Energies (kJ/mol)
           Bond          Angle    Proper Dih. Per. Imp. Dih.          LJ-14
    5.52376e+01    1.75633e+01    4.76643e-01    4.43596e-02    1.60729e+02
     Coulomb-14        LJ (SR)   Coulomb (SR)   Coul. recip.      Potential
    5.03019e+01    4.68480e+06   -9.26352e+05    2.31812e+03    3.76105e+06
    Kinetic En.   Total Energy  Conserved En.    Temperature Pressure (bar)
    1.24306e+05    3.88536e+06    3.75641e+06    2.99600e+02    5.53070e+05

           Step           Time
         341500      170.75000

   Energies (kJ/mol)
           Bond          Angle    Proper Dih. Per. Imp. Dih.          LJ-14
    5.52376e+01    1.75633e+01    4.76643e-01    4.43596e-02    1.60729e+02
     Coulomb-14        LJ (SR)   Coulomb (SR)   Coul. recip.      Potential
    5.03019e+01    4.68621e+06   -9.28273e+05    2.30005e+03    3.76052e+06
    Kinetic En.   Total Energy  Conserved En.    Temperature Pressure (bar)
    1.24752e+05    3.88527e+06    3.75642e+06    3.00673e+02    5.53185e+05

           Step           Time
         342000      171.00000

   Energies (kJ/mol)
           Bond          Angle    Proper Dih. Per. Imp. Dih.          LJ-14
    5.52376e+01    1.75633e+01    4.76643e-01    4.43596e-02    1.60729e+02
     Coulomb-14        LJ (SR)   Coulomb (SR)   Coul. recip.      Potential
    5.03019e+01    4.68480e+06   -9.27582e+05    2.29112e+03    3.75979e+06
    Kinetic En.   Total Energy  Conserved En.    Temperature Pressure (bar)
    1.25573e+05    3.88536e+06    3.75644e+06    3.02652e+02    5.53055e+05

           Step           Time
         342500      171.25000

   Energies (kJ/mol)
           Bond          Angle    Proper Dih. Per. Imp. Dih.          LJ-14
    5.52376e+01    1.75633e+01    4.76643e-01    4.43596e-02    1.60729e+02
     Coulomb-14        LJ (SR)   Coulomb (SR)   Coul. recip.      Potential
    5.03019e+01    4.68487e+06   -9.25867e+05    2.28679e+03    3.76158e+06
    Kinetic En.   Total Energy  Conserved En.    Temperature Pressure (bar)
    1.24188e+05    3.88577e+06    3.75645e+06    2.99315e+02    5.53097e+05

           Step           Time
         343000      171.50000

   Energies (kJ/mol)
           Bond          Angle    Proper Dih. Per. Imp. Dih.          LJ-14
    5.52376e+01    1.75633e+01    4.76643e-01    4.43596e-02    1.60729e+02
     Coulomb-14        LJ (SR)   Coulomb (SR)   Coul. recip.      Potential
    5.03019e+01    4.68583e+06   -9.27046e+05    2.33830e+03    3.76141e+06
    Kinetic En.   Total Energy  Conserved En.    Temperature Pressure (bar)
    1.24446e+05    3.88585e+06    3.75646e+06    2.99936e+02    5.53215e+05

           Step           Time
         343500      171.75000

   Energies (kJ/mol)
           Bond          Angle    Proper Dih. Per. Imp. Dih.          LJ-14
    5.52376e+01    1.75633e+01    4.76643e-01    4.43596e-02    1.60729e+02
     Coulomb-14        LJ (SR)   Coulomb (SR)   Coul. recip.      Potential
    5.03019e+01    4.68399e+06   -9.24932e+05    2.27489e+03    3.76162e+06
    Kinetic En.   Total Energy  Conserved En.    Temperature Pressure (bar)
    1.23927e+05    3.88554e+06    3.75647e+06    2.98686e+02    5.53021e+05

           Step           Time
         344000      172.00000

   Energies (kJ/mol)
           Bond          Angle    Proper Dih. Per. Imp. Dih.          LJ-14
    5.52376e+01    1.75633e+01    4.76643e-01    4.43596e-02    1.60729e+02
     Coulomb-14        LJ (SR)   Coulomb (SR)   Coul. recip.      Potential
    5.03019e+01    4.68544e+06   -9.27308e+05    2.25861e+03    3.76068e+06
    Kinetic En.   Total Energy  Conserved En.    Temperature Pressure (bar)
    1.24501e+05    3.88518e+06    3.75648e+06    3.00068e+02    5.53132e+05

           Step           Time
         344500      172.25000

   Energies (kJ/mol)
           Bond          Angle    Proper Dih. Per. Imp. Dih.          LJ-14
    5.52376e+01    1.75633e+01    4.76643e-01    4.43596e-02    1.60729e+02
     Coulomb-14        LJ (SR)   Coulomb (SR)   Coul. recip.      Potential
    5.03019e+01    4.68548e+06   -9.27188e+05    2.28343e+03    3.76086e+06
    Kinetic En.   Total Energy  Conserved En.    Temperature Pressure (bar)
    1.25000e+05    3.88586e+06    3.75649e+06    3.01272e+02    5.53153e+05

           Step           Time
         345000      172.50000

   Energies (kJ/mol)
           Bond          Angle    Proper Dih. Per. Imp. Dih.          LJ-14
    5.52376e+01    1.75633e+01    4.76643e-01    4.43596e-02    1.60729e+02
     Coulomb-14        LJ (SR)   Coulomb (SR)   Coul. recip.      Potential
    5.03019e+01    4.68378e+06   -9.25716e+05    2.26528e+03    3.76061e+06
    Kinetic En.   Total Energy  Conserved En.    Temperature Pressure (bar)
    1.24949e+05    3.88556e+06    3.75650e+06    3.01148e+02    5.52973e+05

           Step           Time
         345500      172.75000

   Energies (kJ/mol)
           Bond          Angle    Proper Dih. Per. Imp. Dih.          LJ-14
    5.52376e+01    1.75633e+01    4.76643e-01    4.43596e-02    1.60729e+02
     Coulomb-14        LJ (SR)   Coulomb (SR)   Coul. recip.      Potential
    5.03019e+01    4.68397e+06   -9.25794e+05    2.23585e+03    3.76070e+06
    Kinetic En.   Total Energy  Conserved En.    Temperature Pressure (bar)
    1.25047e+05    3.88574e+06    3.75651e+06    3.01385e+02    5.53005e+05

           Step           Time
         346000      173.00000

   Energies (kJ/mol)
           Bond          Angle    Proper Dih. Per. Imp. Dih.          LJ-14
    5.52376e+01    1.75633e+01    4.76643e-01    4.43596e-02    1.60729e+02
     Coulomb-14        LJ (SR)   Coulomb (SR)   Coul. recip.      Potential
    5.03019e+01    4.68386e+06   -9.24156e+05    2.28128e+03    3.76227e+06
    Kinetic En.   Total Energy  Conserved En.    Temperature Pressure (bar)
    1.24191e+05    3.88647e+06    3.75652e+06    2.99322e+02    5.53044e+05

           Step           Time
         346500      173.25000

   Energies (kJ/mol)
           Bond          Angle    Proper Dih. Per. Imp. Dih.          LJ-14
    5.52376e+01    1.75633e+01    4.76643e-01    4.43596e-02    1.60729e+02
     Coulomb-14        LJ (SR)   Coulomb (SR)   Coul. recip.      Potential
    5.03019e+01    4.68352e+06   -9.24793e+05    2.32620e+03    3.76134e+06
    Kinetic En.   Total Energy  Conserved En.    Temperature Pressure (bar)
    1.24620e+05    3.88596e+06    3.75654e+06    3.00354e+02    5.53003e+05

           Step           Time
         347000      173.50000

   Energies (kJ/mol)
           Bond          Angle    Proper Dih. Per. Imp. Dih.          LJ-14
    5.52376e+01    1.75633e+01    4.76643e-01    4.43596e-02    1.60729e+02
     Coulomb-14        LJ (SR)   Coulomb (SR)   Coul. recip.      Potential
    5.03019e+01    4.68549e+06   -9.27233e+05    2.20794e+03    3.76075e+06
    Kinetic En.   Total Energy  Conserved En.    Temperature Pressure (bar)
    1.25584e+05    3.88634e+06    3.75654e+06    3.02680e+02    5.53182e+05

           Step           Time
         347500      173.75000

   Energies (kJ/mol)
           Bond          Angle    Proper Dih. Per. Imp. Dih.          LJ-14
    5.52376e+01    1.75633e+01    4.76643e-01    4.43596e-02    1.60729e+02
     Coulomb-14        LJ (SR)   Coulomb (SR)   Coul. recip.      Potential
    5.03019e+01    4.68478e+06   -9.26593e+05    2.21458e+03    3.76069e+06
    Kinetic En.   Total Energy  Conserved En.    Temperature Pressure (bar)
    1.24757e+05    3.88545e+06    3.75655e+06    3.00686e+02    5.53087e+05

           Step           Time
         348000      174.00000

   Energies (kJ/mol)
           Bond          Angle    Proper Dih. Per. Imp. Dih.          LJ-14
    5.52376e+01    1.75633e+01    4.76643e-01    4.43596e-02    1.60729e+02
     Coulomb-14        LJ (SR)   Coulomb (SR)   Coul. recip.      Potential
    5.03019e+01    4.68480e+06   -9.26658e+05    2.22309e+03    3.76064e+06
    Kinetic En.   Total Energy  Conserved En.    Temperature Pressure (bar)
    1.25039e+05    3.88568e+06    3.75657e+06    3.01366e+02    5.53073e+05

           Step           Time
         348500      174.25000

   Energies (kJ/mol)
           Bond          Angle    Proper Dih. Per. Imp. Dih.          LJ-14
    5.52376e+01    1.75633e+01    4.76643e-01    4.43596e-02    1.60729e+02
     Coulomb-14        LJ (SR)   Coulomb (SR)   Coul. recip.      Potential
    5.03019e+01    4.68468e+06   -9.26770e+05    2.29999e+03    3.76050e+06
    Kinetic En.   Total Energy  Conserved En.    Temperature Pressure (bar)
    1.25083e+05    3.88558e+06    3.75658e+06    3.01472e+02    5.53056e+05

           Step           Time
         349000      174.50000

   Energies (kJ/mol)
           Bond          Angle    Proper Dih. Per. Imp. Dih.          LJ-14
    5.52376e+01    1.75633e+01    4.76643e-01    4.43596e-02    1.60729e+02
     Coulomb-14        LJ (SR)   Coulomb (SR)   Coul. recip.      Potential
    5.03019e+01    4.68422e+06   -9.25827e+05    2.34598e+03    3.76102e+06
    Kinetic En.   Total Energy  Conserved En.    Temperature Pressure (bar)
    1.24462e+05    3.88549e+06    3.75659e+06    2.99975e+02    5.53090e+05

           Step           Time
         349500      174.75000

   Energies (kJ/mol)
           Bond          Angle    Proper Dih. Per. Imp. Dih.          LJ-14
    5.52376e+01    1.75633e+01    4.76643e-01    4.43596e-02    1.60729e+02
     Coulomb-14        LJ (SR)   Coulomb (SR)   Coul. recip.      Potential
    5.03019e+01    4.68450e+06   -9.25862e+05    2.24866e+03    3.76117e+06
    Kinetic En.   Total Energy  Conserved En.    Temperature Pressure (bar)
    1.24667e+05    3.88584e+06    3.75660e+06    3.00470e+02    5.53112e+05

           Step           Time
         350000      175.00000

   Energies (kJ/mol)
           Bond          Angle    Proper Dih. Per. Imp. Dih.          LJ-14
    5.52376e+01    1.75633e+01    4.76643e-01    4.43596e-02    1.60729e+02
     Coulomb-14        LJ (SR)   Coulomb (SR)   Coul. recip.      Potential
    5.03019e+01    4.68427e+06   -9.27348e+05    2.21344e+03    3.75942e+06
    Kinetic En.   Total Energy  Conserved En.    Temperature Pressure (bar)
    1.25941e+05    3.88536e+06    3.75661e+06    3.03540e+02    5.53004e+05

           Step           Time
         350500      175.25000

   Energies (kJ/mol)
           Bond          Angle    Proper Dih. Per. Imp. Dih.          LJ-14
    5.52376e+01    1.75633e+01    4.76643e-01    4.43596e-02    1.60729e+02
     Coulomb-14        LJ (SR)   Coulomb (SR)   Coul. recip.      Potential
    5.03019e+01    4.68490e+06   -9.27466e+05    2.32433e+03    3.76005e+06
    Kinetic En.   Total Energy  Conserved En.    Temperature Pressure (bar)
    1.25112e+05    3.88516e+06    3.75663e+06    3.01542e+02    5.53055e+05

           Step           Time
         351000      175.50000

   Energies (kJ/mol)
           Bond          Angle    Proper Dih. Per. Imp. Dih.          LJ-14
    5.52376e+01    1.75633e+01    4.76643e-01    4.43596e-02    1.60729e+02
     Coulomb-14        LJ (SR)   Coulomb (SR)   Coul. recip.      Potential
    5.03019e+01    4.68510e+06   -9.26849e+05    2.27644e+03    3.76081e+06
    Kinetic En.   Total Energy  Conserved En.    Temperature Pressure (bar)
    1.24012e+05    3.88482e+06    3.75663e+06    2.98890e+02    5.53103e+05

           Step           Time
         351500      175.75000

   Energies (kJ/mol)
           Bond          Angle    Proper Dih. Per. Imp. Dih.          LJ-14
    5.52376e+01    1.75633e+01    4.76643e-01    4.43596e-02    1.60729e+02
     Coulomb-14        LJ (SR)   Coulomb (SR)   Coul. recip.      Potential
    5.03019e+01    4.68654e+06   -9.29268e+05    2.26474e+03    3.75982e+06
    Kinetic En.   Total Energy  Conserved En.    Temperature Pressure (bar)
    1.24227e+05    3.88405e+06    3.75664e+06    2.99409e+02    5.53245e+05

           Step           Time
         352000      176.00000

   Energies (kJ/mol)
           Bond          Angle    Proper Dih. Per. Imp. Dih.          LJ-14
    5.52376e+01    1.75633e+01    4.76643e-01    4.43596e-02    1.60729e+02
     Coulomb-14        LJ (SR)   Coulomb (SR)   Coul. recip.      Potential
    5.03019e+01    4.68478e+06   -9.27972e+05    2.28257e+03    3.75937e+06
    Kinetic En.   Total Energy  Conserved En.    Temperature Pressure (bar)
    1.24641e+05    3.88401e+06    3.75665e+06    3.00407e+02    5.53037e+05

           Step           Time
         352500      176.25000

   Energies (kJ/mol)
           Bond          Angle    Proper Dih. Per. Imp. Dih.          LJ-14
    5.52376e+01    1.75633e+01    4.76643e-01    4.43596e-02    1.60729e+02
     Coulomb-14        LJ (SR)   Coulomb (SR)   Coul. recip.      Potential
    5.03019e+01    4.68536e+06   -9.27447e+05    2.28407e+03    3.76048e+06
    Kinetic En.   Total Energy  Conserved En.    Temperature Pressure (bar)
    1.22926e+05    3.88340e+06    3.75667e+06    2.96272e+02    5.53094e+05

           Step           Time
         353000      176.50000

   Energies (kJ/mol)
           Bond          Angle    Proper Dih. Per. Imp. Dih.          LJ-14
    5.52376e+01    1.75633e+01    4.76643e-01    4.43596e-02    1.60729e+02
     Coulomb-14        LJ (SR)   Coulomb (SR)   Coul. recip.      Potential
    5.03019e+01    4.68521e+06   -9.28520e+05    2.30947e+03    3.75928e+06
    Kinetic En.   Total Energy  Conserved En.    Temperature Pressure (bar)
    1.24330e+05    3.88361e+06    3.75668e+06    2.99658e+02    5.53053e+05

           Step           Time
         353500      176.75000

   Energies (kJ/mol)
           Bond          Angle    Proper Dih. Per. Imp. Dih.          LJ-14
    5.52376e+01    1.75633e+01    4.76643e-01    4.43596e-02    1.60729e+02
     Coulomb-14        LJ (SR)   Coulomb (SR)   Coul. recip.      Potential
    5.03019e+01    4.68537e+06   -9.29031e+05    2.31716e+03    3.75894e+06
    Kinetic En.   Total Energy  Conserved En.    Temperature Pressure (bar)
    1.24815e+05    3.88376e+06    3.75669e+06    3.00826e+02    5.53064e+05

           Step           Time
         354000      177.00000

   Energies (kJ/mol)
           Bond          Angle    Proper Dih. Per. Imp. Dih.          LJ-14
    5.52376e+01    1.75633e+01    4.76643e-01    4.43596e-02    1.60729e+02
     Coulomb-14        LJ (SR)   Coulomb (SR)   Coul. recip.      Potential
    5.03019e+01    4.68599e+06   -9.28826e+05    2.28026e+03    3.75973e+06
    Kinetic En.   Total Energy  Conserved En.    Temperature Pressure (bar)
    1.24083e+05    3.88381e+06    3.75670e+06    2.99062e+02    5.53144e+05

           Step           Time
         354500      177.25000

   Energies (kJ/mol)
           Bond          Angle    Proper Dih. Per. Imp. Dih.          LJ-14
    5.52376e+01    1.75633e+01    4.76643e-01    4.43596e-02    1.60729e+02
     Coulomb-14        LJ (SR)   Coulomb (SR)   Coul. recip.      Potential
    5.03019e+01    4.68646e+06   -9.29646e+05    2.30066e+03    3.75940e+06
    Kinetic En.   Total Energy  Conserved En.    Temperature Pressure (bar)
    1.24632e+05    3.88403e+06    3.75671e+06    3.00384e+02    5.53169e+05

           Step           Time
         355000      177.50000

   Energies (kJ/mol)
           Bond          Angle    Proper Dih. Per. Imp. Dih.          LJ-14
    5.52376e+01    1.75633e+01    4.76643e-01    4.43596e-02    1.60729e+02
     Coulomb-14        LJ (SR)   Coulomb (SR)   Coul. recip.      Potential
    5.03019e+01    4.68725e+06   -9.30489e+05    2.33481e+03    3.75938e+06
    Kinetic En.   Total Energy  Conserved En.    Temperature Pressure (bar)
    1.24638e+05    3.88402e+06    3.75672e+06    3.00400e+02    5.53290e+05

           Step           Time
         355500      177.75000

   Energies (kJ/mol)
           Bond          Angle    Proper Dih. Per. Imp. Dih.          LJ-14
    5.52376e+01    1.75633e+01    4.76643e-01    4.43596e-02    1.60729e+02
     Coulomb-14        LJ (SR)   Coulomb (SR)   Coul. recip.      Potential
    5.03019e+01    4.68514e+06   -9.28497e+05    2.30084e+03    3.75923e+06
    Kinetic En.   Total Energy  Conserved En.    Temperature Pressure (bar)
    1.24552e+05    3.88378e+06    3.75673e+06    3.00191e+02    5.53055e+05

           Step           Time
         356000      178.00000

   Energies (kJ/mol)
           Bond          Angle    Proper Dih. Per. Imp. Dih.          LJ-14
    5.52376e+01    1.75633e+01    4.76643e-01    4.43596e-02    1.60729e+02
     Coulomb-14        LJ (SR)   Coulomb (SR)   Coul. recip.      Potential
    5.03019e+01    4.68646e+06   -9.30341e+05    2.30348e+03    3.75871e+06
    Kinetic En.   Total Energy  Conserved En.    Temperature Pressure (bar)
    1.24579e+05    3.88329e+06    3.75674e+06    3.00257e+02    5.53154e+05

           Step           Time
         356500      178.25000

   Energies (kJ/mol)
           Bond          Angle    Proper Dih. Per. Imp. Dih.          LJ-14
    5.52376e+01    1.75633e+01    4.76643e-01    4.43596e-02    1.60729e+02
     Coulomb-14        LJ (SR)   Coulomb (SR)   Coul. recip.      Potential
    5.03019e+01    4.68557e+06   -9.28940e+05    2.37972e+03    3.75929e+06
    Kinetic En.   Total Energy  Conserved En.    Temperature Pressure (bar)
    1.23635e+05    3.88293e+06    3.75675e+06    2.97982e+02    5.53068e+05

           Step           Time
         357000      178.50000

   Energies (kJ/mol)
           Bond          Angle    Proper Dih. Per. Imp. Dih.          LJ-14
    5.52376e+01    1.75633e+01    4.76643e-01    4.43596e-02    1.60729e+02
     Coulomb-14        LJ (SR)   Coulomb (SR)   Coul. recip.      Potential
    5.03019e+01    4.68630e+06   -9.30706e+05    2.32101e+03    3.75820e+06
    Kinetic En.   Total Energy  Conserved En.    Temperature Pressure (bar)
    1.24687e+05    3.88289e+06    3.75676e+06    3.00518e+02    5.53120e+05

           Step           Time
         357500      178.75000

   Energies (kJ/mol)
           Bond          Angle    Proper Dih. Per. Imp. Dih.          LJ-14
    5.52376e+01    1.75633e+01    4.76643e-01    4.43596e-02    1.60729e+02
     Coulomb-14        LJ (SR)   Coulomb (SR)   Coul. recip.      Potential
    5.03019e+01    4.68644e+06   -9.30816e+05    2.29266e+03    3.75820e+06
    Kinetic En.   Total Energy  Conserved En.    Temperature Pressure (bar)
    1.25138e+05    3.88334e+06    3.75677e+06    3.01604e+02    5.53143e+05

           Step           Time
         358000      179.00000

   Energies (kJ/mol)
           Bond          Angle    Proper Dih. Per. Imp. Dih.          LJ-14
    5.52376e+01    1.75633e+01    4.76643e-01    4.43596e-02    1.60729e+02
     Coulomb-14        LJ (SR)   Coulomb (SR)   Coul. recip.      Potential
    5.03019e+01    4.68550e+06   -9.29309e+05    2.36000e+03    3.75884e+06
    Kinetic En.   Total Energy  Conserved En.    Temperature Pressure (bar)
    1.24760e+05    3.88359e+06    3.75678e+06    3.00692e+02    5.53091e+05

           Step           Time
         358500      179.25000

   Energies (kJ/mol)
           Bond          Angle    Proper Dih. Per. Imp. Dih.          LJ-14
    5.52376e+01    1.75633e+01    4.76643e-01    4.43596e-02    1.60729e+02
     Coulomb-14        LJ (SR)   Coulomb (SR)   Coul. recip.      Potential
    5.03019e+01    4.68643e+06   -9.29374e+05    2.36309e+03    3.75970e+06
    Kinetic En.   Total Energy  Conserved En.    Temperature Pressure (bar)
    1.24615e+05    3.88432e+06    3.75680e+06    3.00343e+02    5.53178e+05

           Step           Time
         359000      179.50000

   Energies (kJ/mol)
           Bond          Angle    Proper Dih. Per. Imp. Dih.          LJ-14
    5.52376e+01    1.75633e+01    4.76643e-01    4.43596e-02    1.60729e+02
     Coulomb-14        LJ (SR)   Coulomb (SR)   Coul. recip.      Potential
    5.03019e+01    4.68622e+06   -9.28482e+05    2.23219e+03    3.76026e+06
    Kinetic En.   Total Energy  Conserved En.    Temperature Pressure (bar)
    1.24113e+05    3.88437e+06    3.75681e+06    2.99134e+02    5.53198e+05

           Step           Time
         359500      179.75000

   Energies (kJ/mol)
           Bond          Angle    Proper Dih. Per. Imp. Dih.          LJ-14
    5.52376e+01    1.75633e+01    4.76643e-01    4.43596e-02    1.60729e+02
     Coulomb-14        LJ (SR)   Coulomb (SR)   Coul. recip.      Potential
    5.03019e+01    4.68529e+06   -9.27888e+05    2.27485e+03    3.75997e+06
    Kinetic En.   Total Energy  Conserved En.    Temperature Pressure (bar)
    1.24159e+05    3.88412e+06    3.75682e+06    2.99244e+02    5.53129e+05

           Step           Time
         360000      180.00000

   Energies (kJ/mol)
           Bond          Angle    Proper Dih. Per. Imp. Dih.          LJ-14
    5.52376e+01    1.75633e+01    4.76643e-01    4.43596e-02    1.60729e+02
     Coulomb-14        LJ (SR)   Coulomb (SR)   Coul. recip.      Potential
    5.03019e+01    4.68530e+06   -9.27380e+05    2.35612e+03    3.76056e+06
    Kinetic En.   Total Energy  Conserved En.    Temperature Pressure (bar)
    1.24149e+05    3.88471e+06    3.75683e+06    2.99221e+02    5.53126e+05

           Step           Time
         360500      180.25000

   Energies (kJ/mol)
           Bond          Angle    Proper Dih. Per. Imp. Dih.          LJ-14
    5.52376e+01    1.75633e+01    4.76643e-01    4.43596e-02    1.60729e+02
     Coulomb-14        LJ (SR)   Coulomb (SR)   Coul. recip.      Potential
    5.03019e+01    4.68580e+06   -9.28339e+05    2.31429e+03    3.76006e+06
    Kinetic En.   Total Energy  Conserved En.    Temperature Pressure (bar)
    1.24476e+05    3.88454e+06    3.75685e+06    3.00008e+02    5.53162e+05

           Step           Time
         361000      180.50000

   Energies (kJ/mol)
           Bond          Angle    Proper Dih. Per. Imp. Dih.          LJ-14
    5.52376e+01    1.75633e+01    4.76643e-01    4.43596e-02    1.60729e+02
     Coulomb-14        LJ (SR)   Coulomb (SR)   Coul. recip.      Potential
    5.03019e+01    4.68521e+06   -9.28058e+05    2.22531e+03    3.75966e+06
    Kinetic En.   Total Energy  Conserved En.    Temperature Pressure (bar)
    1.25460e+05    3.88512e+06    3.75685e+06    3.02381e+02    5.53084e+05

           Step           Time
         361500      180.75000

   Energies (kJ/mol)
           Bond          Angle    Proper Dih. Per. Imp. Dih.          LJ-14
    5.52376e+01    1.75633e+01    4.76643e-01    4.43596e-02    1.60729e+02
     Coulomb-14        LJ (SR)   Coulomb (SR)   Coul. recip.      Potential
    5.03019e+01    4.68346e+06   -9.25785e+05    2.30178e+03    3.76026e+06
    Kinetic En.   Total Energy  Conserved En.    Temperature Pressure (bar)
    1.25059e+05    3.88532e+06    3.75686e+06    3.01413e+02    5.52932e+05

           Step           Time
         362000      181.00000

   Energies (kJ/mol)
           Bond          Angle    Proper Dih. Per. Imp. Dih.          LJ-14
    5.52376e+01    1.75633e+01    4.76643e-01    4.43596e-02    1.60729e+02
     Coulomb-14        LJ (SR)   Coulomb (SR)   Coul. recip.      Potential
    5.03019e+01    4.68353e+06   -9.24875e+05    2.23513e+03    3.76118e+06
    Kinetic En.   Total Energy  Conserved En.    Temperature Pressure (bar)
    1.24697e+05    3.88587e+06    3.75688e+06    3.00542e+02    5.52993e+05

           Step           Time
         362500      181.25000

   Energies (kJ/mol)
           Bond          Angle    Proper Dih. Per. Imp. Dih.          LJ-14
    5.52376e+01    1.75633e+01    4.76643e-01    4.43596e-02    1.60729e+02
     Coulomb-14        LJ (SR)   Coulomb (SR)   Coul. recip.      Potential
    5.03019e+01    4.68430e+06   -9.26254e+05    2.26990e+03    3.76060e+06
    Kinetic En.   Total Energy  Conserved En.    Temperature Pressure (bar)
    1.25081e+05    3.88568e+06    3.75689e+06    3.01467e+02    5.53016e+05

           Step           Time
         363000      181.50000

   Energies (kJ/mol)
           Bond          Angle    Proper Dih. Per. Imp. Dih.          LJ-14
    5.52376e+01    1.75633e+01    4.76643e-01    4.43596e-02    1.60729e+02
     Coulomb-14        LJ (SR)   Coulomb (SR)   Coul. recip.      Potential
    5.03019e+01    4.68490e+06   -9.27387e+05    2.34326e+03    3.76014e+06
    Kinetic En.   Total Energy  Conserved En.    Temperature Pressure (bar)
    1.25309e+05    3.88544e+06    3.75689e+06    3.02016e+02    5.53101e+05

           Step           Time
         363500      181.75000

   Energies (kJ/mol)
           Bond          Angle    Proper Dih. Per. Imp. Dih.          LJ-14
    5.52376e+01    1.75633e+01    4.76643e-01    4.43596e-02    1.60729e+02
     Coulomb-14        LJ (SR)   Coulomb (SR)   Coul. recip.      Potential
    5.03019e+01    4.68636e+06   -9.27977e+05    2.27975e+03    3.76095e+06
    Kinetic En.   Total Energy  Conserved En.    Temperature Pressure (bar)
    1.24131e+05    3.88508e+06    3.75691e+06    2.99177e+02    5.53259e+05

           Step           Time
         364000      182.00000

   Energies (kJ/mol)
           Bond          Angle    Proper Dih. Per. Imp. Dih.          LJ-14
    5.52376e+01    1.75633e+01    4.76643e-01    4.43596e-02    1.60729e+02
     Coulomb-14        LJ (SR)   Coulomb (SR)   Coul. recip.      Potential
    5.03019e+01    4.68617e+06   -9.28437e+05    2.24208e+03    3.76026e+06
    Kinetic En.   Total Energy  Conserved En.    Temperature Pressure (bar)
    1.25244e+05    3.88551e+06    3.75692e+06    3.01860e+02    5.53233e+05

           Step           Time
         364500      182.25000

   Energies (kJ/mol)
           Bond          Angle    Proper Dih. Per. Imp. Dih.          LJ-14
    5.52376e+01    1.75633e+01    4.76643e-01    4.43596e-02    1.60729e+02
     Coulomb-14        LJ (SR)   Coulomb (SR)   Coul. recip.      Potential
    5.03019e+01    4.68577e+06   -9.28574e+05    2.30215e+03    3.75979e+06
    Kinetic En.   Total Energy  Conserved En.    Temperature Pressure (bar)
    1.25068e+05    3.88485e+06    3.75693e+06    3.01434e+02    5.53161e+05

           Step           Time
         365000      182.50000

   Energies (kJ/mol)
           Bond          Angle    Proper Dih. Per. Imp. Dih.          LJ-14
    5.52376e+01    1.75633e+01    4.76643e-01    4.43596e-02    1.60729e+02
     Coulomb-14        LJ (SR)   Coulomb (SR)   Coul. recip.      Potential
    5.03019e+01    4.68523e+06   -9.28161e+05    2.31255e+03    3.75967e+06
    Kinetic En.   Total Energy  Conserved En.    Temperature Pressure (bar)
    1.24844e+05    3.88451e+06    3.75694e+06    3.00897e+02    5.53112e+05

           Step           Time
         365500      182.75000

   Energies (kJ/mol)
           Bond          Angle    Proper Dih. Per. Imp. Dih.          LJ-14
    5.52376e+01    1.75633e+01    4.76643e-01    4.43596e-02    1.60729e+02
     Coulomb-14        LJ (SR)   Coulomb (SR)   Coul. recip.      Potential
    5.03019e+01    4.68592e+06   -9.28785e+05    2.20605e+03    3.75963e+06
    Kinetic En.   Total Energy  Conserved En.    Temperature Pressure (bar)
    1.24646e+05    3.88427e+06    3.75695e+06    3.00419e+02    5.53130e+05

           Step           Time
         366000      183.00000

   Energies (kJ/mol)
           Bond          Angle    Proper Dih. Per. Imp. Dih.          LJ-14
    5.52376e+01    1.75633e+01    4.76643e-01    4.43596e-02    1.60729e+02
     Coulomb-14        LJ (SR)   Coulomb (SR)   Coul. recip.      Potential
    5.03019e+01    4.68404e+06   -9.26389e+05    2.35802e+03    3.76030e+06
    Kinetic En.   Total Energy  Conserved En.    Temperature Pressure (bar)
    1.24261e+05    3.88456e+06    3.75696e+06    2.99490e+02    5.52957e+05

           Step           Time
         366500      183.25000

   Energies (kJ/mol)
           Bond          Angle    Proper Dih. Per. Imp. Dih.          LJ-14
    5.52376e+01    1.75633e+01    4.76643e-01    4.43596e-02    1.60729e+02
     Coulomb-14        LJ (SR)   Coulomb (SR)   Coul. recip.      Potential
    5.03019e+01    4.68522e+06   -9.27296e+05    2.27158e+03    3.76048e+06
    Kinetic En.   Total Energy  Conserved En.    Temperature Pressure (bar)
    1.24752e+05    3.88523e+06    3.75697e+06    3.00674e+02    5.53112e+05

           Step           Time
         367000      183.50000

   Energies (kJ/mol)
           Bond          Angle    Proper Dih. Per. Imp. Dih.          LJ-14
    5.52376e+01    1.75633e+01    4.76643e-01    4.43596e-02    1.60729e+02
     Coulomb-14        LJ (SR)   Coulomb (SR)   Coul. recip.      Potential
    5.03019e+01    4.68612e+06   -9.28769e+05    2.32592e+03    3.75997e+06
    Kinetic En.   Total Energy  Conserved En.    Temperature Pressure (bar)
    1.24480e+05    3.88444e+06    3.75699e+06    3.00018e+02    5.53173e+05

           Step           Time
         367500      183.75000

   Energies (kJ/mol)
           Bond          Angle    Proper Dih. Per. Imp. Dih.          LJ-14
    5.52376e+01    1.75633e+01    4.76643e-01    4.43596e-02    1.60729e+02
     Coulomb-14        LJ (SR)   Coulomb (SR)   Coul. recip.      Potential
    5.03019e+01    4.68591e+06   -9.29800e+05    2.24744e+03    3.75865e+06
    Kinetic En.   Total Energy  Conserved En.    Temperature Pressure (bar)
    1.25642e+05    3.88429e+06    3.75700e+06    3.02819e+02    5.53107e+05

Writing checkpoint, step 367900 at Sun Sep  6 14:21:52 2026


           Step           Time
         368000      184.00000

   Energies (kJ/mol)
           Bond          Angle    Proper Dih. Per. Imp. Dih.          LJ-14
    5.52376e+01    1.75633e+01    4.76643e-01    4.43596e-02    1.60729e+02
     Coulomb-14        LJ (SR)   Coulomb (SR)   Coul. recip.      Potential
    5.03019e+01    4.68649e+06   -9.29480e+05    2.25101e+03    3.75955e+06
    Kinetic En.   Total Energy  Conserved En.    Temperature Pressure (bar)
    1.24260e+05    3.88381e+06    3.75701e+06    2.99488e+02    5.53262e+05

           Step           Time
         368500      184.25000

   Energies (kJ/mol)
           Bond          Angle    Proper Dih. Per. Imp. Dih.          LJ-14
    5.52376e+01    1.75633e+01    4.76643e-01    4.43596e-02    1.60729e+02
     Coulomb-14        LJ (SR)   Coulomb (SR)   Coul. recip.      Potential
    5.03019e+01    4.68634e+06   -9.29519e+05    2.29864e+03    3.75940e+06
    Kinetic En.   Total Energy  Conserved En.    Temperature Pressure (bar)
    1.24380e+05    3.88378e+06    3.75702e+06    2.99776e+02    5.53193e+05

           Step           Time
         369000      184.50000

   Energies (kJ/mol)
           Bond          Angle    Proper Dih. Per. Imp. Dih.          LJ-14
    5.52376e+01    1.75633e+01    4.76643e-01    4.43596e-02    1.60729e+02
     Coulomb-14        LJ (SR)   Coulomb (SR)   Coul. recip.      Potential
    5.03019e+01    4.68547e+06   -9.28289e+05    2.34492e+03    3.75981e+06
    Kinetic En.   Total Energy  Conserved En.    Temperature Pressure (bar)
    1.24175e+05    3.88399e+06    3.75703e+06    2.99282e+02    5.53122e+05

           Step           Time
         369500      184.75000

   Energies (kJ/mol)
           Bond          Angle    Proper Dih. Per. Imp. Dih.          LJ-14
    5.52376e+01    1.75633e+01    4.76643e-01    4.43596e-02    1.60729e+02
     Coulomb-14        LJ (SR)   Coulomb (SR)   Coul. recip.      Potential
    5.03019e+01    4.68523e+06   -9.28030e+05    2.27125e+03    3.75975e+06
    Kinetic En.   Total Energy  Conserved En.    Temperature Pressure (bar)
    1.24591e+05    3.88435e+06    3.75704e+06    3.00287e+02    5.53117e+05

           Step           Time
         370000      185.00000

   Energies (kJ/mol)
           Bond          Angle    Proper Dih. Per. Imp. Dih.          LJ-14
    5.52376e+01    1.75633e+01    4.76643e-01    4.43596e-02    1.60729e+02
     Coulomb-14        LJ (SR)   Coulomb (SR)   Coul. recip.      Potential
    5.03019e+01    4.68382e+06   -9.26640e+05    2.31398e+03    3.75978e+06
    Kinetic En.   Total Energy  Conserved En.    Temperature Pressure (bar)
    1.24564e+05    3.88434e+06    3.75705e+06    3.00220e+02    5.52956e+05

           Step           Time
         370500      185.25000

   Energies (kJ/mol)
           Bond          Angle    Proper Dih. Per. Imp. Dih.          LJ-14
    5.52376e+01    1.75633e+01    4.76643e-01    4.43596e-02    1.60729e+02
     Coulomb-14        LJ (SR)   Coulomb (SR)   Coul. recip.      Potential
    5.03019e+01    4.68560e+06   -9.28446e+05    2.30697e+03    3.75975e+06
    Kinetic En.   Total Energy  Conserved En.    Temperature Pressure (bar)
    1.24597e+05    3.88435e+06    3.75706e+06    3.00299e+02    5.53148e+05

           Step           Time
         371000      185.50000

   Energies (kJ/mol)
           Bond          Angle    Proper Dih. Per. Imp. Dih.          LJ-14
    5.52376e+01    1.75633e+01    4.76643e-01    4.43596e-02    1.60729e+02
     Coulomb-14        LJ (SR)   Coulomb (SR)   Coul. recip.      Potential
    5.03019e+01    4.68654e+06   -9.29318e+05    2.31958e+03    3.75983e+06
    Kinetic En.   Total Energy  Conserved En.    Temperature Pressure (bar)
    1.24506e+05    3.88434e+06    3.75707e+06    3.00081e+02    5.53230e+05

           Step           Time
         371500      185.75000

   Energies (kJ/mol)
           Bond          Angle    Proper Dih. Per. Imp. Dih.          LJ-14
    5.52376e+01    1.75633e+01    4.76643e-01    4.43596e-02    1.60729e+02
     Coulomb-14        LJ (SR)   Coulomb (SR)   Coul. recip.      Potential
    5.03019e+01    4.68737e+06   -9.31447e+05    2.23828e+03    3.75844e+06
    Kinetic En.   Total Energy  Conserved En.    Temperature Pressure (bar)
    1.25473e+05    3.88392e+06    3.75708e+06    3.02411e+02    5.53253e+05

           Step           Time
         372000      186.00000

   Energies (kJ/mol)
           Bond          Angle    Proper Dih. Per. Imp. Dih.          LJ-14
    5.52376e+01    1.75633e+01    4.76643e-01    4.43596e-02    1.60729e+02
     Coulomb-14        LJ (SR)   Coulomb (SR)   Coul. recip.      Potential
    5.03019e+01    4.68586e+06   -9.29201e+05    2.24639e+03    3.75919e+06
    Kinetic En.   Total Energy  Conserved En.    Temperature Pressure (bar)
    1.24202e+05    3.88339e+06    3.75709e+06    2.99347e+02    5.53129e+05

           Step           Time
         372500      186.25000

   Energies (kJ/mol)
           Bond          Angle    Proper Dih. Per. Imp. Dih.          LJ-14
    5.52376e+01    1.75633e+01    4.76643e-01    4.43596e-02    1.60729e+02
     Coulomb-14        LJ (SR)   Coulomb (SR)   Coul. recip.      Potential
    5.03019e+01    4.68551e+06   -9.29057e+05    2.33559e+03    3.75908e+06
    Kinetic En.   Total Energy  Conserved En.    Temperature Pressure (bar)
    1.24210e+05    3.88329e+06    3.75710e+06    2.99368e+02    5.53099e+05

           Step           Time
         373000      186.50000

   Energies (kJ/mol)
           Bond          Angle    Proper Dih. Per. Imp. Dih.          LJ-14
    5.52376e+01    1.75633e+01    4.76643e-01    4.43596e-02    1.60729e+02
     Coulomb-14        LJ (SR)   Coulomb (SR)   Coul. recip.      Potential
    5.03019e+01    4.68703e+06   -9.31493e+05    2.25149e+03    3.75807e+06
    Kinetic En.   Total Energy  Conserved En.    Temperature Pressure (bar)
    1.24714e+05    3.88278e+06    3.75711e+06    3.00583e+02    5.53188e+05

           Step           Time
         373500      186.75000

   Energies (kJ/mol)
           Bond          Angle    Proper Dih. Per. Imp. Dih.          LJ-14
    5.52376e+01    1.75633e+01    4.76643e-01    4.43596e-02    1.60729e+02
     Coulomb-14        LJ (SR)   Coulomb (SR)   Coul. recip.      Potential
    5.03019e+01    4.68543e+06   -9.28640e+05    2.20555e+03    3.75928e+06
    Kinetic En.   Total Energy  Conserved En.    Temperature Pressure (bar)
    1.23426e+05    3.88271e+06    3.75712e+06    2.97477e+02    5.53076e+05

           Step           Time
         374000      187.00000

   Energies (kJ/mol)
           Bond          Angle    Proper Dih. Per. Imp. Dih.          LJ-14
    5.52376e+01    1.75633e+01    4.76643e-01    4.43596e-02    1.60729e+02
     Coulomb-14        LJ (SR)   Coulomb (SR)   Coul. recip.      Potential
    5.03019e+01    4.68643e+06   -9.29947e+05    2.22035e+03    3.75899e+06
    Kinetic En.   Total Energy  Conserved En.    Temperature Pressure (bar)
    1.23862e+05    3.88285e+06    3.75713e+06    2.98530e+02    5.53187e+05

           Step           Time
         374500      187.25000

   Energies (kJ/mol)
           Bond          Angle    Proper Dih. Per. Imp. Dih.          LJ-14
    5.52376e+01    1.75633e+01    4.76643e-01    4.43596e-02    1.60729e+02
     Coulomb-14        LJ (SR)   Coulomb (SR)   Coul. recip.      Potential
    5.03019e+01    4.68677e+06   -9.31723e+05    2.26168e+03    3.75759e+06
    Kinetic En.   Total Energy  Conserved En.    Temperature Pressure (bar)
    1.24870e+05    3.88246e+06    3.75714e+06    3.00959e+02    5.53126e+05

           Step           Time
         375000      187.50000

   Energies (kJ/mol)
           Bond          Angle    Proper Dih. Per. Imp. Dih.          LJ-14
    5.52376e+01    1.75633e+01    4.76643e-01    4.43596e-02    1.60729e+02
     Coulomb-14        LJ (SR)   Coulomb (SR)   Coul. recip.      Potential
    5.03019e+01    4.68737e+06   -9.31407e+05    2.27613e+03    3.75852e+06
    Kinetic En.   Total Energy  Conserved En.    Temperature Pressure (bar)
    1.23913e+05    3.88244e+06    3.75716e+06    2.98651e+02    5.53222e+05

           Step           Time
         375500      187.75000

   Energies (kJ/mol)
           Bond          Angle    Proper Dih. Per. Imp. Dih.          LJ-14
    5.52376e+01    1.75633e+01    4.76643e-01    4.43596e-02    1.60729e+02
     Coulomb-14        LJ (SR)   Coulomb (SR)   Coul. recip.      Potential
    5.03019e+01    4.68747e+06   -9.31287e+05    2.28274e+03    3.75875e+06
    Kinetic En.   Total Energy  Conserved En.    Temperature Pressure (bar)
    1.24240e+05    3.88299e+06    3.75717e+06    2.99440e+02    5.53258e+05

           Step           Time
         376000      188.00000

   Energies (kJ/mol)
           Bond          Angle    Proper Dih. Per. Imp. Dih.          LJ-14
    5.52376e+01    1.75633e+01    4.76643e-01    4.43596e-02    1.60729e+02
     Coulomb-14        LJ (SR)   Coulomb (SR)   Coul. recip.      Potential
    5.03019e+01    4.68909e+06   -9.33316e+05    2.27140e+03    3.75833e+06
    Kinetic En.   Total Energy  Conserved En.    Temperature Pressure (bar)
    1.24422e+05    3.88275e+06    3.75718e+06    2.99879e+02    5.53391e+05

           Step           Time
         376500      188.25000

   Energies (kJ/mol)
           Bond          Angle    Proper Dih. Per. Imp. Dih.          LJ-14
    5.52376e+01    1.75633e+01    4.76643e-01    4.43596e-02    1.60729e+02
     Coulomb-14        LJ (SR)   Coulomb (SR)   Coul. recip.      Potential
    5.03019e+01    4.68686e+06   -9.30648e+05    2.17506e+03    3.75867e+06
    Kinetic En.   Total Energy  Conserved En.    Temperature Pressure (bar)
    1.24097e+05    3.88277e+06    3.75719e+06    2.99094e+02    5.53211e+05

           Step           Time
         377000      188.50000

   Energies (kJ/mol)
           Bond          Angle    Proper Dih. Per. Imp. Dih.          LJ-14
    5.52376e+01    1.75633e+01    4.76643e-01    4.43596e-02    1.60729e+02
     Coulomb-14        LJ (SR)   Coulomb (SR)   Coul. recip.      Potential
    5.03019e+01    4.68602e+06   -9.29393e+05    2.23611e+03    3.75915e+06
    Kinetic En.   Total Energy  Conserved En.    Temperature Pressure (bar)
    1.24090e+05    3.88324e+06    3.75720e+06    2.99078e+02    5.53126e+05

           Step           Time
         377500      188.75000

   Energies (kJ/mol)
           Bond          Angle    Proper Dih. Per. Imp. Dih.          LJ-14
    5.52376e+01    1.75633e+01    4.76643e-01    4.43596e-02    1.60729e+02
     Coulomb-14        LJ (SR)   Coulomb (SR)   Coul. recip.      Potential
    5.03019e+01    4.68678e+06   -9.30025e+05    2.23255e+03    3.75927e+06
    Kinetic En.   Total Energy  Conserved En.    Temperature Pressure (bar)
    1.24171e+05    3.88344e+06    3.75721e+06    2.99274e+02    5.53215e+05

           Step           Time
         378000      189.00000

   Energies (kJ/mol)
           Bond          Angle    Proper Dih. Per. Imp. Dih.          LJ-14
    5.52376e+01    1.75633e+01    4.76643e-01    4.43596e-02    1.60729e+02
     Coulomb-14        LJ (SR)   Coulomb (SR)   Coul. recip.      Potential
    5.03019e+01    4.68546e+06   -9.28946e+05    2.33908e+03    3.75914e+06
    Kinetic En.   Total Energy  Conserved En.    Temperature Pressure (bar)
    1.24506e+05    3.88365e+06    3.75722e+06    3.00080e+02    5.53100e+05

           Step           Time
         378500      189.25000

   Energies (kJ/mol)
           Bond          Angle    Proper Dih. Per. Imp. Dih.          LJ-14
    5.52376e+01    1.75633e+01    4.76643e-01    4.43596e-02    1.60729e+02
     Coulomb-14        LJ (SR)   Coulomb (SR)   Coul. recip.      Potential
    5.03019e+01    4.68462e+06   -9.28965e+05    2.30347e+03    3.75824e+06
    Kinetic En.   Total Energy  Conserved En.    Temperature Pressure (bar)
    1.24806e+05    3.88305e+06    3.75723e+06    3.00803e+02    5.52971e+05

           Step           Time
         379000      189.50000

   Energies (kJ/mol)
           Bond          Angle    Proper Dih. Per. Imp. Dih.          LJ-14
    5.52376e+01    1.75633e+01    4.76643e-01    4.43596e-02    1.60729e+02
     Coulomb-14        LJ (SR)   Coulomb (SR)   Coul. recip.      Potential
    5.03019e+01    4.68497e+06   -9.28562e+05    2.20974e+03    3.75890e+06
    Kinetic En.   Total Energy  Conserved En.    Temperature Pressure (bar)
    1.23762e+05    3.88266e+06    3.75724e+06    2.98287e+02    5.53031e+05

           Step           Time
         379500      189.75000

   Energies (kJ/mol)
           Bond          Angle    Proper Dih. Per. Imp. Dih.          LJ-14
    5.52376e+01    1.75633e+01    4.76643e-01    4.43596e-02    1.60729e+02
     Coulomb-14        LJ (SR)   Coulomb (SR)   Coul. recip.      Potential
    5.03019e+01    4.68378e+06   -9.27356e+05    2.27623e+03    3.75898e+06
    Kinetic En.   Total Energy  Conserved En.    Temperature Pressure (bar)
    1.23925e+05    3.88291e+06    3.75725e+06    2.98680e+02    5.52903e+05

           Step           Time
         380000      190.00000

   Energies (kJ/mol)
           Bond          Angle    Proper Dih. Per. Imp. Dih.          LJ-14
    5.52376e+01    1.75633e+01    4.76643e-01    4.43596e-02    1.60729e+02
     Coulomb-14        LJ (SR)   Coulomb (SR)   Coul. recip.      Potential
    5.03019e+01    4.68475e+06   -9.27267e+05    2.19554e+03    3.75996e+06
    Kinetic En.   Total Energy  Conserved En.    Temperature Pressure (bar)
    1.23470e+05    3.88343e+06    3.75726e+06    2.97585e+02    5.53047e+05

           Step           Time
         380500      190.25000

   Energies (kJ/mol)
           Bond          Angle    Proper Dih. Per. Imp. Dih.          LJ-14
    5.52376e+01    1.75633e+01    4.76643e-01    4.43596e-02    1.60729e+02
     Coulomb-14        LJ (SR)   Coulomb (SR)   Coul. recip.      Potential
    5.03019e+01    4.68525e+06   -9.28110e+05    2.21459e+03    3.75964e+06
    Kinetic En.   Total Energy  Conserved En.    Temperature Pressure (bar)
    1.23866e+05    3.88350e+06    3.75728e+06    2.98539e+02    5.53057e+05

           Step           Time
         381000      190.50000

   Energies (kJ/mol)
           Bond          Angle    Proper Dih. Per. Imp. Dih.          LJ-14
    5.52376e+01    1.75633e+01    4.76643e-01    4.43596e-02    1.60729e+02
     Coulomb-14        LJ (SR)   Coulomb (SR)   Coul. recip.      Potential
    5.03019e+01    4.68499e+06   -9.27798e+05    2.32351e+03    3.75980e+06
    Kinetic En.   Total Energy  Conserved En.    Temperature Pressure (bar)
    1.23462e+05    3.88327e+06    3.75729e+06    2.97564e+02    5.53040e+05

           Step           Time
         381500      190.75000

   Energies (kJ/mol)
           Bond          Angle    Proper Dih. Per. Imp. Dih.          LJ-14
    5.52376e+01    1.75633e+01    4.76643e-01    4.43596e-02    1.60729e+02
     Coulomb-14        LJ (SR)   Coulomb (SR)   Coul. recip.      Potential
    5.03019e+01    4.68499e+06   -9.28253e+05    2.30168e+03    3.75933e+06
    Kinetic En.   Total Energy  Conserved En.    Temperature Pressure (bar)
    1.24324e+05    3.88365e+06    3.75730e+06    2.99643e+02    5.53029e+05

           Step           Time
         382000      191.00000

   Energies (kJ/mol)
           Bond          Angle    Proper Dih. Per. Imp. Dih.          LJ-14
    5.52376e+01    1.75633e+01    4.76643e-01    4.43596e-02    1.60729e+02
     Coulomb-14        LJ (SR)   Coulomb (SR)   Coul. recip.      Potential
    5.03019e+01    4.68538e+06   -9.28541e+05    2.26432e+03    3.75939e+06
    Kinetic En.   Total Energy  Conserved En.    Temperature Pressure (bar)
    1.24300e+05    3.88369e+06    3.75731e+06    2.99585e+02    5.53066e+05

           Step           Time
         382500      191.25000

   Energies (kJ/mol)
           Bond          Angle    Proper Dih. Per. Imp. Dih.          LJ-14
    5.52376e+01    1.75633e+01    4.76643e-01    4.43596e-02    1.60729e+02
     Coulomb-14        LJ (SR)   Coulomb (SR)   Coul. recip.      Potential
    5.03019e+01    4.68586e+06   -9.28838e+05    2.20991e+03    3.75951e+06
    Kinetic En.   Total Energy  Conserved En.    Temperature Pressure (bar)
    1.24155e+05    3.88367e+06    3.75732e+06    2.99235e+02    5.53160e+05

           Step           Time
         383000      191.50000

   Energies (kJ/mol)
           Bond          Angle    Proper Dih. Per. Imp. Dih.          LJ-14
    5.52376e+01    1.75633e+01    4.76643e-01    4.43596e-02    1.60729e+02
     Coulomb-14        LJ (SR)   Coulomb (SR)   Coul. recip.      Potential
    5.03019e+01    4.68455e+06   -9.27875e+05    2.30682e+03    3.75926e+06
    Kinetic En.   Total Energy  Conserved En.    Temperature Pressure (bar)
    1.23688e+05    3.88295e+06    3.75732e+06    2.98109e+02    5.53006e+05

           Step           Time
         383500      191.75000

   Energies (kJ/mol)
           Bond          Angle    Proper Dih. Per. Imp. Dih.          LJ-14
    5.52376e+01    1.75633e+01    4.76643e-01    4.43596e-02    1.60729e+02
     Coulomb-14        LJ (SR)   Coulomb (SR)   Coul. recip.      Potential
    5.03019e+01    4.68535e+06   -9.28791e+05    2.23903e+03    3.75909e+06
    Kinetic En.   Total Energy  Conserved En.    Temperature Pressure (bar)
    1.24216e+05    3.88330e+06    3.75735e+06    2.99383e+02    5.53078e+05

           Step           Time
         384000      192.00000

   Energies (kJ/mol)
           Bond          Angle    Proper Dih. Per. Imp. Dih.          LJ-14
    5.52376e+01    1.75633e+01    4.76643e-01    4.43596e-02    1.60729e+02
     Coulomb-14        LJ (SR)   Coulomb (SR)   Coul. recip.      Potential
    5.03019e+01    4.68601e+06   -9.29608e+05    2.21464e+03    3.75890e+06
    Kinetic En.   Total Energy  Conserved En.    Temperature Pressure (bar)
    1.24412e+05    3.88331e+06    3.75735e+06    2.99853e+02    5.53146e+05

           Step           Time
         384500      192.25000

   Energies (kJ/mol)
           Bond          Angle    Proper Dih. Per. Imp. Dih.          LJ-14
    5.52376e+01    1.75633e+01    4.76643e-01    4.43596e-02    1.60729e+02
     Coulomb-14        LJ (SR)   Coulomb (SR)   Coul. recip.      Potential
    5.03019e+01    4.68337e+06   -9.26247e+05    2.34164e+03    3.75975e+06
    Kinetic En.   Total Energy  Conserved En.    Temperature Pressure (bar)
    1.24126e+05    3.88388e+06    3.75736e+06    2.99165e+02    5.52956e+05

           Step           Time
         385000      192.50000

   Energies (kJ/mol)
           Bond          Angle    Proper Dih. Per. Imp. Dih.          LJ-14
    5.52376e+01    1.75633e+01    4.76643e-01    4.43596e-02    1.60729e+02
     Coulomb-14        LJ (SR)   Coulomb (SR)   Coul. recip.      Potential
    5.03019e+01    4.68633e+06   -9.29281e+05    2.30482e+03    3.75964e+06
    Kinetic En.   Total Energy  Conserved En.    Temperature Pressure (bar)
    1.24729e+05    3.88437e+06    3.75737e+06    3.00619e+02    5.53181e+05

           Step           Time
         385500      192.75000

   Energies (kJ/mol)
           Bond          Angle    Proper Dih. Per. Imp. Dih.          LJ-14
    5.52376e+01    1.75633e+01    4.76643e-01    4.43596e-02    1.60729e+02
     Coulomb-14        LJ (SR)   Coulomb (SR)   Coul. recip.      Potential
    5.03019e+01    4.68417e+06   -9.26915e+05    2.30386e+03    3.75984e+06
    Kinetic En.   Total Energy  Conserved En.    Temperature Pressure (bar)
    1.24066e+05    3.88391e+06    3.75738e+06    2.99020e+02    5.52958e+05

           Step           Time
         386000      193.00000

   Energies (kJ/mol)
           Bond          Angle    Proper Dih. Per. Imp. Dih.          LJ-14
    5.52376e+01    1.75633e+01    4.76643e-01    4.43596e-02    1.60729e+02
     Coulomb-14        LJ (SR)   Coulomb (SR)   Coul. recip.      Potential
    5.03019e+01    4.68624e+06   -9.28952e+05    2.29701e+03    3.75987e+06
    Kinetic En.   Total Energy  Conserved En.    Temperature Pressure (bar)
    1.24465e+05    3.88434e+06    3.75739e+06    2.99982e+02    5.53209e+05

           Step           Time
         386500      193.25000

   Energies (kJ/mol)
           Bond          Angle    Proper Dih. Per. Imp. Dih.          LJ-14
    5.52376e+01    1.75633e+01    4.76643e-01    4.43596e-02    1.60729e+02
     Coulomb-14        LJ (SR)   Coulomb (SR)   Coul. recip.      Potential
    5.03019e+01    4.68529e+06   -9.27817e+05    2.33373e+03    3.76009e+06
    Kinetic En.   Total Energy  Conserved En.    Temperature Pressure (bar)
    1.23448e+05    3.88354e+06    3.75740e+06    2.97531e+02    5.53100e+05

           Step           Time
         387000      193.50000

   Energies (kJ/mol)
           Bond          Angle    Proper Dih. Per. Imp. Dih.          LJ-14
    5.52376e+01    1.75633e+01    4.76643e-01    4.43596e-02    1.60729e+02
     Coulomb-14        LJ (SR)   Coulomb (SR)   Coul. recip.      Potential
    5.03019e+01    4.68708e+06   -9.30779e+05    2.32516e+03    3.75891e+06
    Kinetic En.   Total Energy  Conserved En.    Temperature Pressure (bar)
    1.25203e+05    3.88411e+06    3.75742e+06    3.01760e+02    5.53230e+05

           Step           Time
         387500      193.75000

   Energies (kJ/mol)
           Bond          Angle    Proper Dih. Per. Imp. Dih.          LJ-14
    5.52376e+01    1.75633e+01    4.76643e-01    4.43596e-02    1.60729e+02
     Coulomb-14        LJ (SR)   Coulomb (SR)   Coul. recip.      Potential
    5.03019e+01    4.68629e+06   -9.29359e+05    2.24239e+03    3.75946e+06
    Kinetic En.   Total Energy  Conserved En.    Temperature Pressure (bar)
    1.24664e+05    3.88412e+06    3.75743e+06    3.00463e+02    5.53167e+05

           Step           Time
         388000      194.00000

   Energies (kJ/mol)
           Bond          Angle    Proper Dih. Per. Imp. Dih.          LJ-14
    5.52376e+01    1.75633e+01    4.76643e-01    4.43596e-02    1.60729e+02
     Coulomb-14        LJ (SR)   Coulomb (SR)   Coul. recip.      Potential
    5.03019e+01    4.68753e+06   -9.30788e+05    2.33341e+03    3.75936e+06
    Kinetic En.   Total Energy  Conserved En.    Temperature Pressure (bar)
    1.25198e+05    3.88456e+06    3.75744e+06    3.01748e+02    5.53265e+05

           Step           Time
         388500      194.25000

   Energies (kJ/mol)
           Bond          Angle    Proper Dih. Per. Imp. Dih.          LJ-14
    5.52376e+01    1.75633e+01    4.76643e-01    4.43596e-02    1.60729e+02
     Coulomb-14        LJ (SR)   Coulomb (SR)   Coul. recip.      Potential
    5.03019e+01    4.68438e+06   -9.26127e+05    2.27136e+03    3.76081e+06
    Kinetic En.   Total Energy  Conserved En.    Temperature Pressure (bar)
    1.24006e+05    3.88481e+06    3.75745e+06    2.98876e+02    5.53050e+05

           Step           Time
         389000      194.50000

   Energies (kJ/mol)
           Bond          Angle    Proper Dih. Per. Imp. Dih.          LJ-14
    5.52376e+01    1.75633e+01    4.76643e-01    4.43596e-02    1.60729e+02
     Coulomb-14        LJ (SR)   Coulomb (SR)   Coul. recip.      Potential
    5.03019e+01    4.68532e+06   -9.27322e+05    2.20143e+03    3.76049e+06
    Kinetic En.   Total Energy  Conserved En.    Temperature Pressure (bar)
    1.24438e+05    3.88493e+06    3.75746e+06    2.99916e+02    5.53150e+05

           Step           Time
         389500      194.75000

   Energies (kJ/mol)
           Bond          Angle    Proper Dih. Per. Imp. Dih.          LJ-14
    5.52376e+01    1.75633e+01    4.76643e-01    4.43596e-02    1.60729e+02
     Coulomb-14        LJ (SR)   Coulomb (SR)   Coul. recip.      Potential
    5.03019e+01    4.68476e+06   -9.27399e+05    2.25752e+03    3.75990e+06
    Kinetic En.   Total Energy  Conserved En.    Temperature Pressure (bar)
    1.24901e+05    3.88481e+06    3.75747e+06    3.01032e+02    5.53063e+05

           Step           Time
         390000      195.00000

   Energies (kJ/mol)
           Bond          Angle    Proper Dih. Per. Imp. Dih.          LJ-14
    5.52376e+01    1.75633e+01    4.76643e-01    4.43596e-02    1.60729e+02
     Coulomb-14        LJ (SR)   Coulomb (SR)   Coul. recip.      Potential
    5.03019e+01    4.68611e+06   -9.28416e+05    2.26302e+03    3.76024e+06
    Kinetic En.   Total Energy  Conserved En.    Temperature Pressure (bar)
    1.24702e+05    3.88495e+06    3.75748e+06    3.00553e+02    5.53221e+05

           Step           Time
         390500      195.25000

   Energies (kJ/mol)
           Bond          Angle    Proper Dih. Per. Imp. Dih.          LJ-14
    5.52376e+01    1.75633e+01    4.76643e-01    4.43596e-02    1.60729e+02
     Coulomb-14        LJ (SR)   Coulomb (SR)   Coul. recip.      Potential
    5.03019e+01    4.68734e+06   -9.30656e+05    2.21383e+03    3.75918e+06
    Kinetic En.   Total Energy  Conserved En.    Temperature Pressure (bar)
    1.24898e+05    3.88408e+06    3.75749e+06    3.01025e+02    5.53298e+05

           Step           Time
         391000      195.50000

   Energies (kJ/mol)
           Bond          Angle    Proper Dih. Per. Imp. Dih.          LJ-14
    5.52376e+01    1.75633e+01    4.76643e-01    4.43596e-02    1.60729e+02
     Coulomb-14        LJ (SR)   Coulomb (SR)   Coul. recip.      Potential
    5.03019e+01    4.68472e+06   -9.27984e+05    2.33153e+03    3.75935e+06
    Kinetic En.   Total Energy  Conserved En.    Temperature Pressure (bar)
    1.24326e+05    3.88368e+06    3.75750e+06    2.99648e+02    5.53058e+05

           Step           Time
         391500      195.75000

   Energies (kJ/mol)
           Bond          Angle    Proper Dih. Per. Imp. Dih.          LJ-14
    5.52376e+01    1.75633e+01    4.76643e-01    4.43596e-02    1.60729e+02
     Coulomb-14        LJ (SR)   Coulomb (SR)   Coul. recip.      Potential
    5.03019e+01    4.68557e+06   -9.28778e+05    2.28251e+03    3.75936e+06
    Kinetic En.   Total Energy  Conserved En.    Temperature Pressure (bar)
    1.24956e+05    3.88431e+06    3.75751e+06    3.01166e+02    5.53135e+05

           Step           Time
         392000      196.00000

   Energies (kJ/mol)
           Bond          Angle    Proper Dih. Per. Imp. Dih.          LJ-14
    5.52376e+01    1.75633e+01    4.76643e-01    4.43596e-02    1.60729e+02
     Coulomb-14        LJ (SR)   Coulomb (SR)   Coul. recip.      Potential
    5.03019e+01    4.68450e+06   -9.27517e+05    2.24577e+03    3.75951e+06
    Kinetic En.   Total Energy  Conserved En.    Temperature Pressure (bar)
    1.24195e+05    3.88371e+06    3.75752e+06    2.99331e+02    5.53024e+05

           Step           Time
         392500      196.25000

   Energies (kJ/mol)
           Bond          Angle    Proper Dih. Per. Imp. Dih.          LJ-14
    5.52376e+01    1.75633e+01    4.76643e-01    4.43596e-02    1.60729e+02
     Coulomb-14        LJ (SR)   Coulomb (SR)   Coul. recip.      Potential
    5.03019e+01    4.68516e+06   -9.28717e+05    2.35005e+03    3.75908e+06
    Kinetic En.   Total Energy  Conserved En.    Temperature Pressure (bar)
    1.25177e+05    3.88426e+06    3.75754e+06    3.01699e+02    5.53099e+05

           Step           Time
         393000      196.50000

   Energies (kJ/mol)
           Bond          Angle    Proper Dih. Per. Imp. Dih.          LJ-14
    5.52376e+01    1.75633e+01    4.76643e-01    4.43596e-02    1.60729e+02
     Coulomb-14        LJ (SR)   Coulomb (SR)   Coul. recip.      Potential
    5.03019e+01    4.68728e+06   -9.31392e+05    2.35079e+03    3.75852e+06
    Kinetic En.   Total Energy  Conserved En.    Temperature Pressure (bar)
    1.25044e+05    3.88357e+06    3.75754e+06    3.01378e+02    5.53292e+05

           Step           Time
         393500      196.75000

   Energies (kJ/mol)
           Bond          Angle    Proper Dih. Per. Imp. Dih.          LJ-14
    5.52376e+01    1.75633e+01    4.76643e-01    4.43596e-02    1.60729e+02
     Coulomb-14        LJ (SR)   Coulomb (SR)   Coul. recip.      Potential
    5.03019e+01    4.68473e+06   -9.27795e+05    2.26460e+03    3.75948e+06
    Kinetic En.   Total Energy  Conserved En.    Temperature Pressure (bar)
    1.24151e+05    3.88364e+06    3.75756e+06    2.99226e+02    5.53062e+05

           Step           Time
         394000      197.00000

   Energies (kJ/mol)
           Bond          Angle    Proper Dih. Per. Imp. Dih.          LJ-14
    5.52376e+01    1.75633e+01    4.76643e-01    4.43596e-02    1.60729e+02
     Coulomb-14        LJ (SR)   Coulomb (SR)   Coul. recip.      Potential
    5.03019e+01    4.68480e+06   -9.27167e+05    2.25569e+03    3.76017e+06
    Kinetic En.   Total Energy  Conserved En.    Temperature Pressure (bar)
    1.23829e+05    3.88400e+06    3.75757e+06    2.98449e+02    5.53096e+05

           Step           Time
         394500      197.25000

   Energies (kJ/mol)
           Bond          Angle    Proper Dih. Per. Imp. Dih.          LJ-14
    5.52376e+01    1.75633e+01    4.76643e-01    4.43596e-02    1.60729e+02
     Coulomb-14        LJ (SR)   Coulomb (SR)   Coul. recip.      Potential
    5.03019e+01    4.68632e+06   -9.29155e+05    2.26739e+03    3.75971e+06
    Kinetic En.   Total Energy  Conserved En.    Temperature Pressure (bar)
    1.24101e+05    3.88381e+06    3.75759e+06    2.99104e+02    5.53223e+05

           Step           Time
         395000      197.50000

   Energies (kJ/mol)
           Bond          Angle    Proper Dih. Per. Imp. Dih.          LJ-14
    5.52376e+01    1.75633e+01    4.76643e-01    4.43596e-02    1.60729e+02
     Coulomb-14        LJ (SR)   Coulomb (SR)   Coul. recip.      Potential
    5.03019e+01    4.68479e+06   -9.28362e+05    2.30942e+03    3.75902e+06
    Kinetic En.   Total Energy  Conserved En.    Temperature Pressure (bar)
    1.24812e+05    3.88383e+06    3.75759e+06    3.00819e+02    5.53051e+05

           Step           Time
         395500      197.75000

   Energies (kJ/mol)
           Bond          Angle    Proper Dih. Per. Imp. Dih.          LJ-14
    5.52376e+01    1.75633e+01    4.76643e-01    4.43596e-02    1.60729e+02
     Coulomb-14        LJ (SR)   Coulomb (SR)   Coul. recip.      Potential
    5.03019e+01    4.68411e+06   -9.26283e+05    2.33813e+03    3.76045e+06
    Kinetic En.   Total Energy  Conserved En.    Temperature Pressure (bar)
    1.23623e+05    3.88408e+06    3.75760e+06    2.97953e+02    5.53023e+05

           Step           Time
         396000      198.00000

   Energies (kJ/mol)
           Bond          Angle    Proper Dih. Per. Imp. Dih.          LJ-14
    5.52376e+01    1.75633e+01    4.76643e-01    4.43596e-02    1.60729e+02
     Coulomb-14        LJ (SR)   Coulomb (SR)   Coul. recip.      Potential
    5.03019e+01    4.68436e+06   -9.27480e+05    2.34354e+03    3.75951e+06
    Kinetic En.   Total Energy  Conserved En.    Temperature Pressure (bar)
    1.23687e+05    3.88320e+06    3.75762e+06    2.98106e+02    5.53009e+05

           Step           Time
         396500      198.25000

   Energies (kJ/mol)
           Bond          Angle    Proper Dih. Per. Imp. Dih.          LJ-14
    5.52376e+01    1.75633e+01    4.76643e-01    4.43596e-02    1.60729e+02
     Coulomb-14        LJ (SR)   Coulomb (SR)   Coul. recip.      Potential
    5.03019e+01    4.68572e+06   -9.28979e+05    2.28417e+03    3.75930e+06
    Kinetic En.   Total Energy  Conserved En.    Temperature Pressure (bar)
    1.24509e+05    3.88381e+06    3.75763e+06    3.00087e+02    5.53074e+05

           Step           Time
         397000      198.50000

   Energies (kJ/mol)
           Bond          Angle    Proper Dih. Per. Imp. Dih.          LJ-14
    5.52376e+01    1.75633e+01    4.76643e-01    4.43596e-02    1.60729e+02
     Coulomb-14        LJ (SR)   Coulomb (SR)   Coul. recip.      Potential
    5.03019e+01    4.68623e+06   -9.29401e+05    2.35741e+03    3.75947e+06
    Kinetic En.   Total Energy  Conserved En.    Temperature Pressure (bar)
    1.24456e+05    3.88393e+06    3.75764e+06    2.99961e+02    5.53156e+05

           Step           Time
         397500      198.75000

   Energies (kJ/mol)
           Bond          Angle    Proper Dih. Per. Imp. Dih.          LJ-14
    5.52376e+01    1.75633e+01    4.76643e-01    4.43596e-02    1.60729e+02
     Coulomb-14        LJ (SR)   Coulomb (SR)   Coul. recip.      Potential
    5.03019e+01    4.68559e+06   -9.28849e+05    2.15886e+03    3.75918e+06
    Kinetic En.   Total Energy  Conserved En.    Temperature Pressure (bar)
    1.25348e+05    3.88453e+06    3.75765e+06    3.02110e+02    5.53066e+05

           Step           Time
         398000      199.00000

   Energies (kJ/mol)
           Bond          Angle    Proper Dih. Per. Imp. Dih.          LJ-14
    5.52376e+01    1.75633e+01    4.76643e-01    4.43596e-02    1.60729e+02
     Coulomb-14        LJ (SR)   Coulomb (SR)   Coul. recip.      Potential
    5.03019e+01    4.68434e+06   -9.28015e+05    2.23570e+03    3.75885e+06
    Kinetic En.   Total Energy  Conserved En.    Temperature Pressure (bar)
    1.25390e+05    3.88424e+06    3.75766e+06    3.02211e+02    5.52959e+05

           Step           Time
         398500      199.25000

   Energies (kJ/mol)
           Bond          Angle    Proper Dih. Per. Imp. Dih.          LJ-14
    5.52376e+01    1.75633e+01    4.76643e-01    4.43596e-02    1.60729e+02
     Coulomb-14        LJ (SR)   Coulomb (SR)   Coul. recip.      Potential
    5.03019e+01    4.68526e+06   -9.27922e+05    2.23052e+03    3.75985e+06
    Kinetic En.   Total Energy  Conserved En.    Temperature Pressure (bar)
    1.23743e+05    3.88360e+06    3.75767e+06    2.98241e+02    5.53127e+05

           Step           Time
         399000      199.50000

   Energies (kJ/mol)
           Bond          Angle    Proper Dih. Per. Imp. Dih.          LJ-14
    5.52376e+01    1.75633e+01    4.76643e-01    4.43596e-02    1.60729e+02
     Coulomb-14        LJ (SR)   Coulomb (SR)   Coul. recip.      Potential
    5.03019e+01    4.68553e+06   -9.28558e+05    2.26138e+03    3.75952e+06
    Kinetic En.   Total Energy  Conserved En.    Temperature Pressure (bar)
    1.24225e+05    3.88375e+06    3.75768e+06    2.99402e+02    5.53105e+05

           Step           Time
         399500      199.75000

   Energies (kJ/mol)
           Bond          Angle    Proper Dih. Per. Imp. Dih.          LJ-14
    5.52376e+01    1.75633e+01    4.76643e-01    4.43596e-02    1.60729e+02
     Coulomb-14        LJ (SR)   Coulomb (SR)   Coul. recip.      Potential
    5.03019e+01    4.68522e+06   -9.28767e+05    2.26210e+03    3.75900e+06
    Kinetic En.   Total Energy  Conserved En.    Temperature Pressure (bar)
    1.24959e+05    3.88396e+06    3.75769e+06    3.01173e+02    5.53066e+05

           Step           Time
         400000      200.00000

Writing checkpoint, step 400000 at Sun Sep  6 14:34:18 2026


   Energies (kJ/mol)
           Bond          Angle    Proper Dih. Per. Imp. Dih.          LJ-14
    5.52376e+01    1.75633e+01    4.76643e-01    4.43596e-02    1.60729e+02
     Coulomb-14        LJ (SR)   Coulomb (SR)   Coul. recip.      Potential
    5.03019e+01    4.68651e+06   -9.30161e+05    2.22753e+03    3.75886e+06
    Kinetic En.   Total Energy  Conserved En.    Temperature Pressure (bar)
    1.24693e+05    3.88355e+06    3.75770e+06    3.00531e+02    5.53179e+05


Energy conservation over simulation part #2 of length 100 ps, time 100 to 200 ps
  Conserved energy drift: 6.41e-04 kJ/mol/ps per atom


	<======  ###############  ==>
	<====  A V E R A G E S  ====>
	<==  ###############  ======>

	Statistics over 200001 steps using 2001 frames

   Energies (kJ/mol)
           Bond          Angle    Proper Dih. Per. Imp. Dih.          LJ-14
    5.52376e+01    1.75633e+01    4.76643e-01    4.43596e-02    1.60729e+02
     Coulomb-14        LJ (SR)   Coulomb (SR)   Coul. recip.      Potential
    5.03019e+01    4.68561e+06   -9.28540e+05    2.27819e+03    3.75964e+06
    Kinetic En.   Total Energy  Conserved En.    Temperature Pressure (bar)
    1.24410e+05    3.88405e+06    3.75552e+06    2.99849e+02    5.53113e+05

   Total Virial (kJ/mol)
   -6.72204e+06    1.03869e+02   -2.22830e+03
    1.15434e+02   -6.72333e+06    2.17244e+03
   -2.20189e+03    2.18299e+03   -1.37978e+07

   Pressure (bar)
    4.10083e+05   -6.49679e+00    1.35052e+02
   -7.19803e+00    4.10160e+05   -1.31483e+02
    1.33450e+02   -1.32123e+02    8.39097e+05


	M E G A - F L O P S   A C C O U N T I N G

 NB=Group-cutoff nonbonded kernels    NxN=N-by-N cluster Verlet kernels
 RF=Reaction-Field  VdW=Van der Waals  QSTab=quadratic-spline table
 W3=SPC/TIP3p  W4=TIP4p (single or pairs)
 V&F=Potential and force  V=Potential only  F=Force only

 Computing:                               M-Number         M-Flops  % Flops
-----------------------------------------------------------------------------
 Pair Search distance check           73856.316332      664706.847     0.1
 NxN Ewald Elec. + LJ [F]           5502443.910480   363161298.092    48.5
 NxN Ewald Elec. + LJ [V&F]           55608.002896     5950056.310     0.8
 NxN LJ [F]                          207492.972192     6847268.082     0.9
 NxN LJ [V&F]                          2096.939936       90168.417     0.0
 NxN Ewald Elec. [F]                5484401.561232   334548495.235    44.7
 NxN Ewald Elec. [V&F]                55425.678896     4655757.027     0.6
 1,4 nonbonded interactions              51.200256        4608.023     0.0
 Calc Weights                         40992.204960     1475719.379     0.2
 Spread Q Bspline                    874500.372480     1749000.745     0.2
 Gather F Bspline                    874500.372480     5247002.235     0.7
 3D-FFT                             2531266.256268    20250130.050     2.7
 Solve PME                            35225.776128     2254449.672     0.3
 Reset In Box                           136.640000         409.920     0.0
 CG-CoM                                 136.708320         410.125     0.0
 Bonds                                   23.200116        1368.807     0.0
 Angles                                  38.400192        6451.232     0.0
 Propers                                 60.800304       13923.270     0.0
 Impropers                               12.800064        2662.413     0.0
 Virial                                 136.798365        2462.371     0.0
 Calc-Ekin                              273.348320        7380.405     0.0
 Constraint-V                          9980.449902       89824.049     0.0
 Constraint-Vir                          99.853902        2396.494     0.0
 Settle                                3326.816634     1230922.155     0.2
 Virtual Site 3                        3360.101268      124323.747     0.0
-----------------------------------------------------------------------------
 Total                                               748381195.101   100.0
-----------------------------------------------------------------------------


    D O M A I N   D E C O M P O S I T I O N   S T A T I S T I C S

 av. #atoms communicated per step for force:  2 x 0.0


WARNING: A total of 0.000000 CPU cycles was recorded, so mdrun cannot print a time accounting

               Core t (s)   Wall t (s)        (%)
       Time:   980995.716    81749.647     1200.0
                         22h42:29
                 (ns/day)    (hour/ns)
Performance:        0.106      227.081
Finished mdrun on rank 0 Sun Sep  6 14:34:19 2026

