,PYR2,PYR3,PYR4,PYR5
PYR2,0.04925000000000024,0.0,0.0,0.0
PYR3,0.0,0.04724999999999957,0.0,0.0
PYR4,0.0,0.0,0.0662499999999997,0.0
PYR5,0.0,0.0,0.0,-0.16274999999999995
