,PYR2,PYR3,PYR4,PYR5
PYR2,0.04800000000000004,0.0,0.0,0.0
PYR3,0.0,0.03699999999999992,0.0,0.0
PYR4,0.0,0.0,0.07599999999999962,0.0
PYR5,0.0,0.0,0.0,-0.16100000000000003
