,PYR2,PYR3,PYR4,PYR5
PYR2,0.061499999999999666,0.0,0.0,0.0
PYR3,0.0,0.05149999999999988,0.0,0.0
PYR4,0.0,0.0,0.0674999999999999,0.0
PYR5,0.0,0.0,0.0,-0.18050000000000033
