,PYR2,PYR3,PYR4,PYR5
PYR2,0.05125000000000002,0.0,0.0,0.0
PYR3,0.0,0.05224999999999991,0.0,0.0
PYR4,0.0,0.0,0.06524999999999981,0.0
PYR5,0.0,0.0,0.0,-0.16875000000000018
