,PYR2,PYR3,PYR4,PYR5
PYR2,0.04675000000000029,0.0,0.0,0.0
PYR3,0.0,0.04475000000000007,0.0,0.0
PYR4,0.0,0.0,0.06874999999999964,0.0
PYR5,0.0,0.0,0.0,-0.16025
