,PYR2,PYR3,PYR4,PYR5
PYR2,0.0495000000000001,0.0,0.0,0.0
PYR3,0.0,0.06650000000000045,0.0,0.0
PYR4,0.0,0.0,0.0754999999999999,0.0
PYR5,0.0,0.0,0.0,-0.1915
