edge_id,source_node,target_node,edge_type,end,length_nm,target_length_nm,deviation_nm,absolute_deviation_nm,contains_four_atom_bridge
E:1,P:0,P:1,PARENT_BN,PARENT,0.14500000000000002,0.144973,2.7000000000027002e-05,2.7000000000027002e-05,False
E:2,P:1,P:60,PARENT_BN,PARENT,0.1452446212429224,0.144973,0.0002716212429224041,0.0002716212429224041,False
E:3,P:1,P:118,PARENT_BN,PARENT,0.1443779761598008,0.144973,-0.0005950238401991881,0.0005950238401991881,False
E:4,P:2,P:3,PARENT_BN,PARENT,0.14500000000000002,0.144973,2.7000000000027002e-05,2.7000000000027002e-05,False
E:5,P:3,P:60,PARENT_BN,PARENT,0.14477568856683093,0.144973,-0.00019731143316906175,0.00019731143316906175,False
E:6,P:3,P:62,PARENT_BN,PARENT,0.14439182802361047,0.144973,-0.0005811719763895162,0.0005811719763895162,False
E:7,P:4,P:5,PARENT_BN,PARENT,0.14500000000000002,0.144973,2.7000000000027002e-05,2.7000000000027002e-05,False
E:8,P:5,P:62,PARENT_BN,PARENT,0.14456140563788109,0.144973,-0.00041159436211890554,0.00041159436211890554,False
E:9,P:5,P:64,PARENT_BN,PARENT,0.14483438818181293,0.144973,-0.0001386118181870566,0.0001386118181870566,False
E:10,P:6,P:7,PARENT_BN,PARENT,0.14500000000000002,0.144973,2.7000000000027002e-05,2.7000000000027002e-05,False
E:11,P:7,P:64,PARENT_BN,PARENT,0.14481022063376636,0.144973,-0.00016277936623362854,0.00016277936623362854,False
E:12,P:7,P:66,PARENT_BN,PARENT,0.145013792447477,0.144973,4.0792447477011606e-05,4.0792447477011606e-05,False
E:13,P:8,P:9,PARENT_BN,PARENT,0.14500000000000002,0.144973,2.7000000000027002e-05,2.7000000000027002e-05,False
E:14,P:9,P:66,PARENT_BN,PARENT,0.14377760604489156,0.144973,-0.0011953939551084258,0.0011953939551084258,False
E:15,P:9,P:68,PARENT_BN,PARENT,0.145013792447477,0.144973,4.0792447477011606e-05,4.0792447477011606e-05,False
E:16,P:10,P:11,PARENT_BN,PARENT,0.14500000000000002,0.144973,2.7000000000027002e-05,2.7000000000027002e-05,False
E:17,P:11,P:68,PARENT_BN,PARENT,0.14481022063376636,0.144973,-0.00016277936623362854,0.00016277936623362854,False
E:18,P:11,P:70,PARENT_BN,PARENT,0.14483438818181293,0.144973,-0.0001386118181870566,0.0001386118181870566,False
E:19,P:12,P:13,PARENT_BN,PARENT,0.14500000000000002,0.144973,2.7000000000027002e-05,2.7000000000027002e-05,False
E:20,P:13,P:70,PARENT_BN,PARENT,0.14456140563788109,0.144973,-0.00041159436211890554,0.00041159436211890554,False
E:21,P:13,P:72,PARENT_BN,PARENT,0.14439182802361047,0.144973,-0.0005811719763895162,0.0005811719763895162,False
E:22,P:14,P:15,PARENT_BN,PARENT,0.14500000000000002,0.144973,2.7000000000027002e-05,2.7000000000027002e-05,False
E:23,P:15,P:72,PARENT_BN,PARENT,0.14477568856683093,0.144973,-0.00019731143316906175,0.00019731143316906175,False
E:24,P:15,P:74,PARENT_BN,PARENT,0.1452446212429224,0.144973,0.0002716212429224041,0.0002716212429224041,False
E:25,P:16,P:17,PARENT_BN,PARENT,0.14500000000000002,0.144973,2.7000000000027002e-05,2.7000000000027002e-05,False
E:26,P:17,P:74,PARENT_BN,PARENT,0.1443779761598008,0.144973,-0.0005950238401991881,0.0005950238401991881,False
E:27,P:17,P:76,PARENT_BN,PARENT,0.14477568856683093,0.144973,-0.00019731143316906175,0.00019731143316906175,False
E:28,P:18,P:19,PARENT_BN,PARENT,0.14500000000000002,0.144973,2.7000000000027002e-05,2.7000000000027002e-05,False
E:29,P:19,P:76,PARENT_BN,PARENT,0.14439182802361084,0.144973,-0.0005811719763891554,0.0005811719763891554,False
E:30,P:19,P:78,PARENT_BN,PARENT,0.14456140563788109,0.144973,-0.00041159436211890554,0.00041159436211890554,False
E:31,P:20,P:21,PARENT_BN,PARENT,0.14500000000000002,0.144973,2.7000000000027002e-05,2.7000000000027002e-05,False
E:32,P:21,P:78,PARENT_BN,PARENT,0.14483438818181293,0.144973,-0.0001386118181870566,0.0001386118181870566,False
E:33,P:21,P:80,PARENT_BN,PARENT,0.1455369368923229,0.144973,0.0005639368923228971,0.0005639368923228971,False
E:34,P:22,P:23,PARENT_BN,PARENT,0.14500000000000002,0.144973,2.7000000000027002e-05,2.7000000000027002e-05,False
E:35,P:23,P:80,PARENT_BN,PARENT,0.14433987668000817,0.144973,-0.000633123319991824,0.000633123319991824,False
E:36,P:23,P:82,PARENT_BN,PARENT,0.14439182802361086,0.144973,-0.0005811719763891277,0.0005811719763891277,False
E:37,P:24,P:25,PARENT_BN,PARENT,0.14500000000000002,0.144973,2.7000000000027002e-05,2.7000000000027002e-05,False
E:38,P:25,P:82,PARENT_BN,PARENT,0.14501379244747725,0.144973,4.0792447477261407e-05,4.0792447477261407e-05,False
E:39,P:25,P:84,PARENT_BN,PARENT,0.1443364125922496,0.144973,-0.000636587407750383,0.000636587407750383,False
E:40,P:26,P:27,PARENT_BN,PARENT,0.14500000000000002,0.144973,2.7000000000027002e-05,2.7000000000027002e-05,False
E:41,P:27,P:84,PARENT_BN,PARENT,0.14483438818181277,0.144973,-0.00013861181818722312,0.00013861181818722312,False
E:42,P:27,P:86,PARENT_BN,PARENT,0.14456140563788109,0.144973,-0.00041159436211890554,0.00041159436211890554,False
E:43,P:28,P:29,PARENT_BN,PARENT,0.14500000000000002,0.144973,2.7000000000027002e-05,2.7000000000027002e-05,False
E:44,P:29,P:86,PARENT_BN,PARENT,0.14461673485458001,0.144973,-0.0003562651454199761,0.0003562651454199761,False
E:45,P:29,P:88,PARENT_BN,PARENT,0.1446409347314931,0.144973,-0.00033206526850690365,0.00033206526850690365,False
E:46,P:30,P:31,PARENT_BN,PARENT,0.14500000000000002,0.144973,2.7000000000027002e-05,2.7000000000027002e-05,False
E:47,P:31,P:88,PARENT_BN,PARENT,0.14528936643815327,0.144973,0.00031636643815327603,0.00031636643815327603,False
E:48,P:31,P:90,PARENT_BN,PARENT,0.14442298985964805,0.144973,-0.000550010140351942,0.000550010140351942,False
E:49,P:32,P:33,PARENT_BN,PARENT,0.14500000000000002,0.144973,2.7000000000027002e-05,2.7000000000027002e-05,False
E:50,P:33,P:90,PARENT_BN,PARENT,0.1446409347314931,0.144973,-0.00033206526850690365,0.00033206526850690365,False
E:51,P:33,P:92,PARENT_BN,PARENT,0.14461673485458038,0.144973,-0.0003562651454196153,0.0003562651454196153,False
E:52,P:34,P:35,PARENT_BN,PARENT,0.14500000000000002,0.144973,2.7000000000027002e-05,2.7000000000027002e-05,False
E:53,P:35,P:92,PARENT_BN,PARENT,0.14456140563788109,0.144973,-0.00041159436211890554,0.00041159436211890554,False
E:54,P:35,P:94,PARENT_BN,PARENT,0.14483438818181277,0.144973,-0.00013861181818722312,0.00013861181818722312,False
E:55,P:36,P:37,PARENT_BN,PARENT,0.14500000000000002,0.144973,2.7000000000027002e-05,2.7000000000027002e-05,False
E:56,P:37,P:94,PARENT_BN,PARENT,0.14506550244630867,0.144973,9.250244630867877e-05,9.250244630867877e-05,False
E:57,P:37,P:96,PARENT_BN,PARENT,0.1443398766800084,0.144973,-0.000633123319991602,0.000633123319991602,False
E:58,P:38,P:39,PARENT_BN,PARENT,0.14500000000000002,0.144973,2.7000000000027002e-05,2.7000000000027002e-05,False
E:59,P:39,P:96,PARENT_BN,PARENT,0.14500344823486094,0.144973,3.0448234860952494e-05,3.0448234860952494e-05,False
E:60,P:39,P:98,PARENT_BN,PARENT,0.1443398766800084,0.144973,-0.000633123319991602,0.000633123319991602,False
E:61,P:40,P:41,PARENT_BN,PARENT,0.14500000000000002,0.144973,2.7000000000027002e-05,2.7000000000027002e-05,False
E:62,P:41,P:98,PARENT_BN,PARENT,0.14506550244630867,0.144973,9.250244630867877e-05,9.250244630867877e-05,False
E:63,P:41,P:100,PARENT_BN,PARENT,0.14483438818181277,0.144973,-0.00013861181818722312,0.00013861181818722312,False
E:64,P:42,P:43,PARENT_BN,PARENT,0.14500000000000002,0.144973,2.7000000000027002e-05,2.7000000000027002e-05,False
E:65,P:43,P:100,PARENT_BN,PARENT,0.14456140563788109,0.144973,-0.00041159436211890554,0.00041159436211890554,False
E:66,P:43,P:102,PARENT_BN,PARENT,0.14461673485458038,0.144973,-0.0003562651454196153,0.0003562651454196153,False
E:67,P:44,P:45,PARENT_BN,PARENT,0.14500000000000002,0.144973,2.7000000000027002e-05,2.7000000000027002e-05,False
E:68,P:45,P:102,PARENT_BN,PARENT,0.1446409347314931,0.144973,-0.00033206526850690365,0.00033206526850690365,False
E:69,P:45,P:104,PARENT_BN,PARENT,0.14442298985964805,0.144973,-0.000550010140351942,0.000550010140351942,False
E:70,P:46,P:47,PARENT_BN,PARENT,0.14500000000000002,0.144973,2.7000000000027002e-05,2.7000000000027002e-05,False
E:71,P:47,P:104,PARENT_BN,PARENT,0.14528936643815327,0.144973,0.00031636643815327603,0.00031636643815327603,False
E:72,P:47,P:106,PARENT_BN,PARENT,0.1446409347314931,0.144973,-0.00033206526850690365,0.00033206526850690365,False
E:73,P:48,P:49,PARENT_BN,PARENT,0.14500000000000002,0.144973,2.7000000000027002e-05,2.7000000000027002e-05,False
E:74,P:49,P:106,PARENT_BN,PARENT,0.14461673485458001,0.144973,-0.0003562651454199761,0.0003562651454199761,False
E:75,P:49,P:108,PARENT_BN,PARENT,0.14456140563788109,0.144973,-0.00041159436211890554,0.00041159436211890554,False
E:76,P:50,P:51,PARENT_BN,PARENT,0.14500000000000002,0.144973,2.7000000000027002e-05,2.7000000000027002e-05,False
E:77,P:51,P:108,PARENT_BN,PARENT,0.14483438818181277,0.144973,-0.00013861181818722312,0.00013861181818722312,False
E:78,P:51,P:110,PARENT_BN,PARENT,0.1443364125922496,0.144973,-0.000636587407750383,0.000636587407750383,False
E:79,P:52,P:53,PARENT_BN,PARENT,0.14500000000000002,0.144973,2.7000000000027002e-05,2.7000000000027002e-05,False
E:80,P:53,P:110,PARENT_BN,PARENT,0.14501379244747725,0.144973,4.0792447477261407e-05,4.0792447477261407e-05,False
E:81,P:53,P:112,PARENT_BN,PARENT,0.14439182802361086,0.144973,-0.0005811719763891277,0.0005811719763891277,False
E:82,P:54,P:55,PARENT_BN,PARENT,0.14500000000000002,0.144973,2.7000000000027002e-05,2.7000000000027002e-05,False
E:83,P:55,P:112,PARENT_BN,PARENT,0.14433987668000817,0.144973,-0.000633123319991824,0.000633123319991824,False
E:84,P:55,P:114,PARENT_BN,PARENT,0.1455369368923229,0.144973,0.0005639368923228971,0.0005639368923228971,False
E:85,P:56,P:57,PARENT_BN,PARENT,0.14500000000000002,0.144973,2.7000000000027002e-05,2.7000000000027002e-05,False
E:86,P:57,P:114,PARENT_BN,PARENT,0.14483438818181293,0.144973,-0.0001386118181870566,0.0001386118181870566,False
E:87,P:57,P:116,PARENT_BN,PARENT,0.14456140563788109,0.144973,-0.00041159436211890554,0.00041159436211890554,False
E:88,P:58,P:59,PARENT_BN,PARENT,0.14500000000000002,0.144973,2.7000000000027002e-05,2.7000000000027002e-05,False
E:89,P:59,P:116,PARENT_BN,PARENT,0.14439182802361084,0.144973,-0.0005811719763891554,0.0005811719763891554,False
E:90,P:59,P:118,PARENT_BN,PARENT,0.14477568856683093,0.144973,-0.00019731143316906175,0.00019731143316906175,False
E:91,P:60,P:61,PARENT_BN,PARENT,0.14500000000000002,0.144973,2.7000000000027002e-05,2.7000000000027002e-05,False
E:92,P:61,P:120,PARENT_BN,PARENT,0.14527560015363902,0.144973,0.00030260015363903214,0.00030260015363903214,False
E:93,P:61,P:178,PARENT_BN,PARENT,0.14574292435655314,0.144973,0.0007699243565531533,0.0007699243565531533,False
E:94,P:62,P:63,PARENT_BN,PARENT,0.14500000000000002,0.144973,2.7000000000027002e-05,2.7000000000027002e-05,False
E:95,P:63,P:120,PARENT_BN,PARENT,0.14489306401619054,0.144973,-7.993598380945377e-05,7.993598380945377e-05,False
E:96,P:63,P:122,PARENT_BN,PARENT,0.1450620556865233,0.144973,8.905568652331497e-05,8.905568652331497e-05,False
E:97,P:64,P:65,PARENT_BN,PARENT,0.14500000000000002,0.144973,2.7000000000027002e-05,2.7000000000027002e-05,False
E:98,P:65,P:122,PARENT_BN,PARENT,0.14533409785731655,0.144973,0.00036109785731655575,0.00036109785731655575,False
E:99,P:65,P:124,PARENT_BN,PARENT,0.14531001341958535,0.144973,0.00033701341958536357,0.00033701341958536357,False
E:100,P:66,P:67,PARENT_BN,PARENT,0.14500000000000002,0.144973,2.7000000000027002e-05,2.7000000000027002e-05,False
E:101,P:67,P:124,PARENT_BN,PARENT,0.14551288602732038,0.144973,0.0005398860273203854,0.0005398860273203854,False
E:102,P:67,P:126,PARENT_BN,PARENT,0.14428097587693264,0.144973,-0.0006920241230673474,0.0006920241230673474,False
E:103,P:68,P:69,PARENT_BN,PARENT,0.14500000000000002,0.144973,2.7000000000027002e-05,2.7000000000027002e-05,False
E:104,P:69,P:126,PARENT_BN,PARENT,0.14551288602732038,0.144973,0.0005398860273203854,0.0005398860273203854,False
E:105,P:69,P:128,PARENT_BN,PARENT,0.14531001341958535,0.144973,0.00033701341958536357,0.00033701341958536357,False
E:106,P:70,P:71,PARENT_BN,PARENT,0.14500000000000002,0.144973,2.7000000000027002e-05,2.7000000000027002e-05,False
E:107,P:71,P:128,PARENT_BN,PARENT,0.14533409785731655,0.144973,0.00036109785731655575,0.00036109785731655575,False
E:108,P:71,P:130,PARENT_BN,PARENT,0.1450620556865233,0.144973,8.905568652331497e-05,8.905568652331497e-05,False
E:109,P:72,P:73,PARENT_BN,PARENT,0.14500000000000002,0.144973,2.7000000000027002e-05,2.7000000000027002e-05,False
E:110,P:73,P:130,PARENT_BN,PARENT,0.14489306401619054,0.144973,-7.993598380945377e-05,7.993598380945377e-05,False
E:111,P:73,P:132,PARENT_BN,PARENT,0.14527560015363902,0.144973,0.00030260015363903214,0.00030260015363903214,False
E:112,P:74,P:75,PARENT_BN,PARENT,0.14500000000000002,0.144973,2.7000000000027002e-05,2.7000000000027002e-05,False
E:113,P:75,P:132,PARENT_BN,PARENT,0.14574292435655314,0.144973,0.0007699243565531533,0.0007699243565531533,False
E:114,P:75,P:134,PARENT_BN,PARENT,0.14487926007541588,0.144973,-9.373992458411307e-05,9.373992458411307e-05,False
E:115,P:76,P:77,PARENT_BN,PARENT,0.14500000000000002,0.144973,2.7000000000027002e-05,2.7000000000027002e-05,False
E:116,P:77,P:134,PARENT_BN,PARENT,0.14527560015363902,0.144973,0.00030260015363903214,0.00030260015363903214,False
E:117,P:77,P:136,PARENT_BN,PARENT,0.1448930640161909,0.144973,-7.993598380909295e-05,7.993598380909295e-05,False
E:118,P:78,P:79,PARENT_BN,PARENT,0.14500000000000002,0.144973,2.7000000000027002e-05,2.7000000000027002e-05,False
E:119,P:79,P:136,PARENT_BN,PARENT,0.1450620556865233,0.144973,8.905568652331497e-05,8.905568652331497e-05,False
E:120,P:79,P:138,PARENT_BN,PARENT,0.14533409785731655,0.144973,0.00036109785731655575,0.00036109785731655575,False
E:121,P:80,P:81,PARENT_BN,PARENT,0.14500000000000002,0.144973,2.7000000000027002e-05,2.7000000000027002e-05,False
E:122,P:81,P:138,PARENT_BN,PARENT,0.1460342425597502,0.144973,0.0010612425597502084,0.0010612425597502084,False
E:123,P:81,P:140,PARENT_BN,PARENT,0.14484129245487956,0.144973,-0.0001317075451204297,0.0001317075451204297,False
E:124,P:82,P:83,PARENT_BN,PARENT,0.14500000000000002,0.144973,2.7000000000027002e-05,2.7000000000027002e-05,False
E:125,P:83,P:140,PARENT_BN,PARENT,0.14489306401619093,0.144973,-7.993598380906519e-05,7.993598380906519e-05,False
E:126,P:83,P:142,PARENT_BN,PARENT,0.1455128860273206,0.144973,0.0005398860273206074,0.0005398860273206074,False
E:127,P:84,P:85,PARENT_BN,PARENT,0.14500000000000002,0.144973,2.7000000000027002e-05,2.7000000000027002e-05,False
E:128,P:85,P:142,PARENT_BN,PARENT,0.1448378403594865,0.144973,-0.00013515964051349916,0.00013515964051349916,False
E:129,P:85,P:144,PARENT_BN,PARENT,0.14533409785731635,0.144973,0.00036109785731636146,0.00036109785731636146,False
E:130,P:86,P:87,PARENT_BN,PARENT,0.14500000000000002,0.144973,2.7000000000027002e-05,2.7000000000027002e-05,False
E:131,P:87,P:144,PARENT_BN,PARENT,0.1450620556865233,0.144973,8.905568652331497e-05,8.905568652331497e-05,False
E:132,P:87,P:146,PARENT_BN,PARENT,0.14511719401917844,0.144973,0.00014419401917845076,0.00014419401917845076,False
E:133,P:88,P:89,PARENT_BN,PARENT,0.14500000000000002,0.144973,2.7000000000027002e-05,2.7000000000027002e-05,False
E:134,P:89,P:146,PARENT_BN,PARENT,0.14514131045295142,0.144973,0.0001683104529514312,0.0001683104529514312,False
E:135,P:89,P:148,PARENT_BN,PARENT,0.1457875166123628,0.144973,0.0008145166123628145,0.0008145166123628145,False
E:136,P:90,P:91,PARENT_BN,PARENT,0.14500000000000002,0.144973,2.7000000000027002e-05,2.7000000000027002e-05,False
E:137,P:91,P:148,PARENT_BN,PARENT,0.1449241180756329,0.144973,-4.8881924367083496e-05,4.8881924367083496e-05,False
E:138,P:91,P:150,PARENT_BN,PARENT,0.14514131045295142,0.144973,0.0001683104529514312,0.0001683104529514312,False
E:139,P:92,P:93,PARENT_BN,PARENT,0.14500000000000002,0.144973,2.7000000000027002e-05,2.7000000000027002e-05,False
E:140,P:93,P:150,PARENT_BN,PARENT,0.1451171940191788,0.144973,0.00014419401917881158,0.00014419401917881158,False
E:141,P:93,P:152,PARENT_BN,PARENT,0.1450620556865233,0.144973,8.905568652331497e-05,8.905568652331497e-05,False
E:142,P:94,P:95,PARENT_BN,PARENT,0.14500000000000002,0.144973,2.7000000000027002e-05,2.7000000000027002e-05,False
E:143,P:95,P:152,PARENT_BN,PARENT,0.14533409785731635,0.144973,0.00036109785731636146,0.00036109785731636146,False
E:144,P:95,P:154,PARENT_BN,PARENT,0.1455644187293034,0.144973,0.0005914187293034057,0.0005914187293034057,False
E:145,P:96,P:97,PARENT_BN,PARENT,0.14500000000000002,0.144973,2.7000000000027002e-05,2.7000000000027002e-05,False
E:146,P:97,P:154,PARENT_BN,PARENT,0.14484129245487978,0.144973,-0.00013170754512020766,0.00013170754512020766,False
E:147,P:97,P:156,PARENT_BN,PARENT,0.14550257729676125,0.144973,0.0005295772967612578,0.0005295772967612578,False
E:148,P:98,P:99,PARENT_BN,PARENT,0.14500000000000002,0.144973,2.7000000000027002e-05,2.7000000000027002e-05,False
E:149,P:99,P:156,PARENT_BN,PARENT,0.14484129245487978,0.144973,-0.00013170754512020766,0.00013170754512020766,False
E:150,P:99,P:158,PARENT_BN,PARENT,0.1455644187293034,0.144973,0.0005914187293034057,0.0005914187293034057,False
E:151,P:100,P:101,PARENT_BN,PARENT,0.14500000000000002,0.144973,2.7000000000027002e-05,2.7000000000027002e-05,False
E:152,P:101,P:158,PARENT_BN,PARENT,0.14533409785731635,0.144973,0.00036109785731636146,0.00036109785731636146,False
E:153,P:101,P:160,PARENT_BN,PARENT,0.1450620556865233,0.144973,8.905568652331497e-05,8.905568652331497e-05,False
E:154,P:102,P:103,PARENT_BN,PARENT,0.14500000000000002,0.144973,2.7000000000027002e-05,2.7000000000027002e-05,False
E:155,P:103,P:160,PARENT_BN,PARENT,0.1451171940191788,0.144973,0.00014419401917881158,0.00014419401917881158,False
E:156,P:103,P:162,PARENT_BN,PARENT,0.14514131045295142,0.144973,0.0001683104529514312,0.0001683104529514312,False
E:157,P:104,P:105,PARENT_BN,PARENT,0.14500000000000002,0.144973,2.7000000000027002e-05,2.7000000000027002e-05,False
E:158,P:105,P:162,PARENT_BN,PARENT,0.1449241180756329,0.144973,-4.8881924367083496e-05,4.8881924367083496e-05,False
E:159,P:105,P:164,PARENT_BN,PARENT,0.1457875166123628,0.144973,0.0008145166123628145,0.0008145166123628145,False
E:160,P:106,P:107,PARENT_BN,PARENT,0.14500000000000002,0.144973,2.7000000000027002e-05,2.7000000000027002e-05,False
E:161,P:107,P:164,PARENT_BN,PARENT,0.14514131045295142,0.144973,0.0001683104529514312,0.0001683104529514312,False
E:162,P:107,P:166,PARENT_BN,PARENT,0.14511719401917844,0.144973,0.00014419401917845076,0.00014419401917845076,False
E:163,P:108,P:109,PARENT_BN,PARENT,0.14500000000000002,0.144973,2.7000000000027002e-05,2.7000000000027002e-05,False
E:164,P:109,P:166,PARENT_BN,PARENT,0.1450620556865233,0.144973,8.905568652331497e-05,8.905568652331497e-05,False
E:165,P:109,P:168,PARENT_BN,PARENT,0.14533409785731635,0.144973,0.00036109785731636146,0.00036109785731636146,False
E:166,P:110,P:111,PARENT_BN,PARENT,0.14500000000000002,0.144973,2.7000000000027002e-05,2.7000000000027002e-05,False
E:167,P:111,P:168,PARENT_BN,PARENT,0.1448378403594865,0.144973,-0.00013515964051349916,0.00013515964051349916,False
E:168,P:111,P:170,PARENT_BN,PARENT,0.1455128860273206,0.144973,0.0005398860273206074,0.0005398860273206074,False
E:169,P:112,P:113,PARENT_BN,PARENT,0.14500000000000002,0.144973,2.7000000000027002e-05,2.7000000000027002e-05,False
E:170,P:113,P:170,PARENT_BN,PARENT,0.14489306401619093,0.144973,-7.993598380906519e-05,7.993598380906519e-05,False
E:171,P:113,P:172,PARENT_BN,PARENT,0.14484129245487956,0.144973,-0.0001317075451204297,0.0001317075451204297,False
E:172,P:114,P:115,PARENT_BN,PARENT,0.14500000000000002,0.144973,2.7000000000027002e-05,2.7000000000027002e-05,False
E:173,P:115,P:172,PARENT_BN,PARENT,0.1460342425597502,0.144973,0.0010612425597502084,0.0010612425597502084,False
E:174,P:115,P:174,PARENT_BN,PARENT,0.14533409785731655,0.144973,0.00036109785731655575,0.00036109785731655575,False
E:175,P:116,P:117,PARENT_BN,PARENT,0.14500000000000002,0.144973,2.7000000000027002e-05,2.7000000000027002e-05,False
E:176,P:117,P:174,PARENT_BN,PARENT,0.1450620556865233,0.144973,8.905568652331497e-05,8.905568652331497e-05,False
E:177,P:117,P:176,PARENT_BN,PARENT,0.1448930640161909,0.144973,-7.993598380909295e-05,7.993598380909295e-05,False
E:178,P:118,P:119,PARENT_BN,PARENT,0.14500000000000002,0.144973,2.7000000000027002e-05,2.7000000000027002e-05,False
E:179,P:119,P:176,PARENT_BN,PARENT,0.14527560015363902,0.144973,0.00030260015363903214,0.00030260015363903214,False
E:180,P:119,P:178,PARENT_BN,PARENT,0.14487926007541588,0.144973,-9.373992458411307e-05,9.373992458411307e-05,False
E:181,P:120,P:121,PARENT_BN,PARENT,0.14500000000000002,0.144973,2.7000000000027002e-05,2.7000000000027002e-05,False
E:182,P:121,P:180,PARENT_BN,PARENT,0.14439182802361047,0.144973,-0.0005811719763895162,0.0005811719763895162,False
E:183,P:121,P:238,PARENT_BN,PARENT,0.14477568856683093,0.144973,-0.00019731143316906175,0.00019731143316906175,False
E:184,P:122,P:123,PARENT_BN,PARENT,0.14500000000000002,0.144973,2.7000000000027002e-05,2.7000000000027002e-05,False
E:185,P:123,P:180,PARENT_BN,PARENT,0.14456140563788109,0.144973,-0.00041159436211890554,0.00041159436211890554,False
E:186,P:123,P:182,PARENT_BN,PARENT,0.14483438818181293,0.144973,-0.0001386118181870566,0.0001386118181870566,False
E:187,P:124,P:125,PARENT_BN,PARENT,0.14500000000000002,0.144973,2.7000000000027002e-05,2.7000000000027002e-05,False
E:188,P:125,P:182,PARENT_BN,PARENT,0.14481022063376636,0.144973,-0.00016277936623362854,0.00016277936623362854,False
E:189,P:125,P:184,PARENT_BN,PARENT,0.145013792447477,0.144973,4.0792447477011606e-05,4.0792447477011606e-05,False
E:190,P:126,P:127,PARENT_BN,PARENT,0.14500000000000002,0.144973,2.7000000000027002e-05,2.7000000000027002e-05,False
E:191,P:127,P:184,PARENT_BN,PARENT,0.14377760604489156,0.144973,-0.0011953939551084258,0.0011953939551084258,False
E:192,P:127,P:186,PARENT_BN,PARENT,0.145013792447477,0.144973,4.0792447477011606e-05,4.0792447477011606e-05,False
E:193,P:128,P:129,PARENT_BN,PARENT,0.14500000000000002,0.144973,2.7000000000027002e-05,2.7000000000027002e-05,False
E:194,P:129,P:186,PARENT_BN,PARENT,0.14481022063376636,0.144973,-0.00016277936623362854,0.00016277936623362854,False
E:195,P:129,P:188,PARENT_BN,PARENT,0.14483438818181293,0.144973,-0.0001386118181870566,0.0001386118181870566,False
E:196,P:130,P:131,PARENT_BN,PARENT,0.14500000000000002,0.144973,2.7000000000027002e-05,2.7000000000027002e-05,False
E:197,P:131,P:188,PARENT_BN,PARENT,0.14456140563788109,0.144973,-0.00041159436211890554,0.00041159436211890554,False
E:198,P:131,P:190,PARENT_BN,PARENT,0.14439182802361047,0.144973,-0.0005811719763895162,0.0005811719763895162,False
E:199,P:132,P:133,PARENT_BN,PARENT,0.14500000000000002,0.144973,2.7000000000027002e-05,2.7000000000027002e-05,False
E:200,P:133,P:190,PARENT_BN,PARENT,0.14477568856683093,0.144973,-0.00019731143316906175,0.00019731143316906175,False
E:201,P:133,P:192,PARENT_BN,PARENT,0.1452446212429224,0.144973,0.0002716212429224041,0.0002716212429224041,False
E:202,P:134,P:135,PARENT_BN,PARENT,0.14500000000000002,0.144973,2.7000000000027002e-05,2.7000000000027002e-05,False
E:203,P:135,P:192,PARENT_BN,PARENT,0.1443779761598008,0.144973,-0.0005950238401991881,0.0005950238401991881,False
E:204,P:135,P:194,PARENT_BN,PARENT,0.14477568856683093,0.144973,-0.00019731143316906175,0.00019731143316906175,False
E:205,P:136,P:137,PARENT_BN,PARENT,0.14500000000000002,0.144973,2.7000000000027002e-05,2.7000000000027002e-05,False
E:206,P:137,P:194,PARENT_BN,PARENT,0.14439182802361084,0.144973,-0.0005811719763891554,0.0005811719763891554,False
E:207,P:137,P:196,PARENT_BN,PARENT,0.14456140563788109,0.144973,-0.00041159436211890554,0.00041159436211890554,False
E:208,P:138,P:139,PARENT_BN,PARENT,0.14500000000000002,0.144973,2.7000000000027002e-05,2.7000000000027002e-05,False
E:209,P:139,P:196,PARENT_BN,PARENT,0.14483438818181293,0.144973,-0.0001386118181870566,0.0001386118181870566,False
E:210,P:139,P:198,PARENT_BN,PARENT,0.1455369368923229,0.144973,0.0005639368923228971,0.0005639368923228971,False
E:211,P:140,P:141,PARENT_BN,PARENT,0.14500000000000002,0.144973,2.7000000000027002e-05,2.7000000000027002e-05,False
E:212,P:141,P:198,PARENT_BN,PARENT,0.14433987668000817,0.144973,-0.000633123319991824,0.000633123319991824,False
E:213,P:141,P:200,PARENT_BN,PARENT,0.14439182802361086,0.144973,-0.0005811719763891277,0.0005811719763891277,False
E:214,P:142,P:143,PARENT_BN,PARENT,0.14500000000000002,0.144973,2.7000000000027002e-05,2.7000000000027002e-05,False
E:215,P:143,P:200,PARENT_BN,PARENT,0.14501379244747725,0.144973,4.0792447477261407e-05,4.0792447477261407e-05,False
E:216,P:143,P:202,PARENT_BN,PARENT,0.1443364125922496,0.144973,-0.000636587407750383,0.000636587407750383,False
E:217,P:144,P:145,PARENT_BN,PARENT,0.14500000000000002,0.144973,2.7000000000027002e-05,2.7000000000027002e-05,False
E:218,P:145,P:202,PARENT_BN,PARENT,0.14483438818181277,0.144973,-0.00013861181818722312,0.00013861181818722312,False
E:219,P:145,P:204,PARENT_BN,PARENT,0.14456140563788109,0.144973,-0.00041159436211890554,0.00041159436211890554,False
E:220,P:146,P:147,PARENT_BN,PARENT,0.14500000000000002,0.144973,2.7000000000027002e-05,2.7000000000027002e-05,False
E:221,P:147,P:204,PARENT_BN,PARENT,0.14461673485458001,0.144973,-0.0003562651454199761,0.0003562651454199761,False
E:222,P:147,P:206,PARENT_BN,PARENT,0.1446409347314931,0.144973,-0.00033206526850690365,0.00033206526850690365,False
E:223,P:148,P:149,PARENT_BN,PARENT,0.14500000000000002,0.144973,2.7000000000027002e-05,2.7000000000027002e-05,False
E:224,P:149,P:206,PARENT_BN,PARENT,0.14528936643815327,0.144973,0.00031636643815327603,0.00031636643815327603,False
E:225,P:149,P:208,PARENT_BN,PARENT,0.14442298985964805,0.144973,-0.000550010140351942,0.000550010140351942,False
E:226,P:150,P:151,PARENT_BN,PARENT,0.14500000000000002,0.144973,2.7000000000027002e-05,2.7000000000027002e-05,False
E:227,P:151,P:208,PARENT_BN,PARENT,0.1446409347314931,0.144973,-0.00033206526850690365,0.00033206526850690365,False
E:228,P:151,P:210,PARENT_BN,PARENT,0.14461673485458038,0.144973,-0.0003562651454196153,0.0003562651454196153,False
E:229,P:152,P:153,PARENT_BN,PARENT,0.14500000000000002,0.144973,2.7000000000027002e-05,2.7000000000027002e-05,False
E:230,P:153,P:210,PARENT_BN,PARENT,0.14456140563788109,0.144973,-0.00041159436211890554,0.00041159436211890554,False
E:231,P:153,P:212,PARENT_BN,PARENT,0.14483438818181277,0.144973,-0.00013861181818722312,0.00013861181818722312,False
E:232,P:154,P:155,PARENT_BN,PARENT,0.14500000000000002,0.144973,2.7000000000027002e-05,2.7000000000027002e-05,False
E:233,P:155,P:212,PARENT_BN,PARENT,0.14506550244630867,0.144973,9.250244630867877e-05,9.250244630867877e-05,False
E:234,P:155,P:214,PARENT_BN,PARENT,0.1443398766800084,0.144973,-0.000633123319991602,0.000633123319991602,False
E:235,P:156,P:157,PARENT_BN,PARENT,0.14500000000000002,0.144973,2.7000000000027002e-05,2.7000000000027002e-05,False
E:236,P:157,P:214,PARENT_BN,PARENT,0.14500344823486094,0.144973,3.0448234860952494e-05,3.0448234860952494e-05,False
E:237,P:157,P:216,PARENT_BN,PARENT,0.1443398766800084,0.144973,-0.000633123319991602,0.000633123319991602,False
E:238,P:158,P:159,PARENT_BN,PARENT,0.14500000000000002,0.144973,2.7000000000027002e-05,2.7000000000027002e-05,False
E:239,P:159,P:216,PARENT_BN,PARENT,0.14506550244630867,0.144973,9.250244630867877e-05,9.250244630867877e-05,False
E:240,P:159,P:218,PARENT_BN,PARENT,0.14483438818181277,0.144973,-0.00013861181818722312,0.00013861181818722312,False
E:241,P:160,P:161,PARENT_BN,PARENT,0.14500000000000002,0.144973,2.7000000000027002e-05,2.7000000000027002e-05,False
E:242,P:161,P:218,PARENT_BN,PARENT,0.14456140563788109,0.144973,-0.00041159436211890554,0.00041159436211890554,False
E:243,P:161,P:220,PARENT_BN,PARENT,0.14461673485458038,0.144973,-0.0003562651454196153,0.0003562651454196153,False
E:244,P:162,P:163,PARENT_BN,PARENT,0.14500000000000002,0.144973,2.7000000000027002e-05,2.7000000000027002e-05,False
E:245,P:163,P:220,PARENT_BN,PARENT,0.1446409347314931,0.144973,-0.00033206526850690365,0.00033206526850690365,False
E:246,P:163,P:222,PARENT_BN,PARENT,0.14442298985964805,0.144973,-0.000550010140351942,0.000550010140351942,False
E:247,P:164,P:165,PARENT_BN,PARENT,0.14500000000000002,0.144973,2.7000000000027002e-05,2.7000000000027002e-05,False
E:248,P:165,P:222,PARENT_BN,PARENT,0.14528936643815327,0.144973,0.00031636643815327603,0.00031636643815327603,False
E:249,P:165,P:224,PARENT_BN,PARENT,0.1446409347314931,0.144973,-0.00033206526850690365,0.00033206526850690365,False
E:250,P:166,P:167,PARENT_BN,PARENT,0.14500000000000002,0.144973,2.7000000000027002e-05,2.7000000000027002e-05,False
E:251,P:167,P:224,PARENT_BN,PARENT,0.14461673485458001,0.144973,-0.0003562651454199761,0.0003562651454199761,False
E:252,P:167,P:226,PARENT_BN,PARENT,0.14456140563788109,0.144973,-0.00041159436211890554,0.00041159436211890554,False
E:253,P:168,P:169,PARENT_BN,PARENT,0.14500000000000002,0.144973,2.7000000000027002e-05,2.7000000000027002e-05,False
E:254,P:169,P:226,PARENT_BN,PARENT,0.14483438818181277,0.144973,-0.00013861181818722312,0.00013861181818722312,False
E:255,P:169,P:228,PARENT_BN,PARENT,0.1443364125922496,0.144973,-0.000636587407750383,0.000636587407750383,False
E:256,P:170,P:171,PARENT_BN,PARENT,0.14500000000000002,0.144973,2.7000000000027002e-05,2.7000000000027002e-05,False
E:257,P:171,P:228,PARENT_BN,PARENT,0.14501379244747725,0.144973,4.0792447477261407e-05,4.0792447477261407e-05,False
E:258,P:171,P:230,PARENT_BN,PARENT,0.14439182802361086,0.144973,-0.0005811719763891277,0.0005811719763891277,False
E:259,P:172,P:173,PARENT_BN,PARENT,0.14500000000000002,0.144973,2.7000000000027002e-05,2.7000000000027002e-05,False
E:260,P:173,P:230,PARENT_BN,PARENT,0.14433987668000817,0.144973,-0.000633123319991824,0.000633123319991824,False
E:261,P:173,P:232,PARENT_BN,PARENT,0.1455369368923229,0.144973,0.0005639368923228971,0.0005639368923228971,False
E:262,P:174,P:175,PARENT_BN,PARENT,0.14500000000000002,0.144973,2.7000000000027002e-05,2.7000000000027002e-05,False
E:263,P:175,P:232,PARENT_BN,PARENT,0.14483438818181293,0.144973,-0.0001386118181870566,0.0001386118181870566,False
E:264,P:175,P:234,PARENT_BN,PARENT,0.14456140563788109,0.144973,-0.00041159436211890554,0.00041159436211890554,False
E:265,P:176,P:177,PARENT_BN,PARENT,0.14500000000000002,0.144973,2.7000000000027002e-05,2.7000000000027002e-05,False
E:266,P:177,P:234,PARENT_BN,PARENT,0.14439182802361084,0.144973,-0.0005811719763891554,0.0005811719763891554,False
E:267,P:177,P:236,PARENT_BN,PARENT,0.14477568856683093,0.144973,-0.00019731143316906175,0.00019731143316906175,False
E:268,P:178,P:179,PARENT_BN,PARENT,0.14500000000000002,0.144973,2.7000000000027002e-05,2.7000000000027002e-05,False
E:269,P:179,P:236,PARENT_BN,PARENT,0.1443779761598008,0.144973,-0.0005950238401991881,0.0005950238401991881,False
E:270,P:179,P:238,PARENT_BN,PARENT,0.1452446212429224,0.144973,0.0002716212429224041,0.0002716212429224041,False
E:271,P:180,P:181,PARENT_BN,PARENT,0.14500000000000002,0.144973,2.7000000000027002e-05,2.7000000000027002e-05,False
E:272,P:181,P:240,PARENT_BN,PARENT,0.1450620556865233,0.144973,8.905568652331497e-05,8.905568652331497e-05,False
E:273,P:181,P:298,PARENT_BN,PARENT,0.14489306401619054,0.144973,-7.993598380945377e-05,7.993598380945377e-05,False
E:274,P:182,P:183,PARENT_BN,PARENT,0.14500000000000002,0.144973,2.7000000000027002e-05,2.7000000000027002e-05,False
E:275,P:183,P:240,PARENT_BN,PARENT,0.14533409785731655,0.144973,0.00036109785731655575,0.00036109785731655575,False
E:276,P:183,P:242,PARENT_BN,PARENT,0.14531001341958535,0.144973,0.00033701341958536357,0.00033701341958536357,False
E:277,P:184,P:185,PARENT_BN,PARENT,0.14500000000000002,0.144973,2.7000000000027002e-05,2.7000000000027002e-05,False
E:278,P:185,P:242,PARENT_BN,PARENT,0.14551288602732038,0.144973,0.0005398860273203854,0.0005398860273203854,False
E:279,P:185,P:244,PARENT_BN,PARENT,0.14428097587693264,0.144973,-0.0006920241230673474,0.0006920241230673474,False
E:280,P:186,P:187,PARENT_BN,PARENT,0.14500000000000002,0.144973,2.7000000000027002e-05,2.7000000000027002e-05,False
E:281,P:187,P:244,PARENT_BN,PARENT,0.14551288602732038,0.144973,0.0005398860273203854,0.0005398860273203854,False
E:282,P:187,P:246,PARENT_BN,PARENT,0.14531001341958535,0.144973,0.00033701341958536357,0.00033701341958536357,False
E:283,P:188,P:189,PARENT_BN,PARENT,0.14500000000000002,0.144973,2.7000000000027002e-05,2.7000000000027002e-05,False
E:284,P:189,P:246,PARENT_BN,PARENT,0.14533409785731655,0.144973,0.00036109785731655575,0.00036109785731655575,False
E:285,P:189,P:248,PARENT_BN,PARENT,0.1450620556865233,0.144973,8.905568652331497e-05,8.905568652331497e-05,False
E:286,P:190,P:191,PARENT_BN,PARENT,0.14500000000000002,0.144973,2.7000000000027002e-05,2.7000000000027002e-05,False
E:287,P:191,P:248,PARENT_BN,PARENT,0.14489306401619054,0.144973,-7.993598380945377e-05,7.993598380945377e-05,False
E:288,P:191,P:250,PARENT_BN,PARENT,0.14527560015363902,0.144973,0.00030260015363903214,0.00030260015363903214,False
E:289,P:192,P:193,PARENT_BN,PARENT,0.14500000000000002,0.144973,2.7000000000027002e-05,2.7000000000027002e-05,False
E:290,P:193,P:250,PARENT_BN,PARENT,0.14574292435655314,0.144973,0.0007699243565531533,0.0007699243565531533,False
E:291,P:193,P:252,PARENT_BN,PARENT,0.14487926007541588,0.144973,-9.373992458411307e-05,9.373992458411307e-05,False
E:292,P:194,P:195,PARENT_BN,PARENT,0.14500000000000002,0.144973,2.7000000000027002e-05,2.7000000000027002e-05,False
E:293,P:195,P:252,PARENT_BN,PARENT,0.14527560015363902,0.144973,0.00030260015363903214,0.00030260015363903214,False
E:294,P:195,P:254,PARENT_BN,PARENT,0.1448930640161909,0.144973,-7.993598380909295e-05,7.993598380909295e-05,False
E:295,P:196,P:197,PARENT_BN,PARENT,0.14500000000000002,0.144973,2.7000000000027002e-05,2.7000000000027002e-05,False
E:296,P:197,P:254,PARENT_BN,PARENT,0.1450620556865233,0.144973,8.905568652331497e-05,8.905568652331497e-05,False
E:297,P:197,P:256,PARENT_BN,PARENT,0.14533409785731655,0.144973,0.00036109785731655575,0.00036109785731655575,False
E:298,P:198,P:199,PARENT_BN,PARENT,0.14500000000000002,0.144973,2.7000000000027002e-05,2.7000000000027002e-05,False
E:299,P:199,P:256,PARENT_BN,PARENT,0.1460342425597502,0.144973,0.0010612425597502084,0.0010612425597502084,False
E:300,P:199,P:258,PARENT_BN,PARENT,0.14484129245487956,0.144973,-0.0001317075451204297,0.0001317075451204297,False
E:301,P:200,P:201,PARENT_BN,PARENT,0.14500000000000002,0.144973,2.7000000000027002e-05,2.7000000000027002e-05,False
E:302,P:201,P:258,PARENT_BN,PARENT,0.14489306401619093,0.144973,-7.993598380906519e-05,7.993598380906519e-05,False
E:303,P:201,P:260,PARENT_BN,PARENT,0.1455128860273206,0.144973,0.0005398860273206074,0.0005398860273206074,False
E:304,P:202,P:203,PARENT_BN,PARENT,0.14500000000000002,0.144973,2.7000000000027002e-05,2.7000000000027002e-05,False
E:305,P:203,P:260,PARENT_BN,PARENT,0.1448378403594865,0.144973,-0.00013515964051349916,0.00013515964051349916,False
E:306,P:203,P:262,PARENT_BN,PARENT,0.14533409785731635,0.144973,0.00036109785731636146,0.00036109785731636146,False
E:307,P:204,P:205,PARENT_BN,PARENT,0.14500000000000002,0.144973,2.7000000000027002e-05,2.7000000000027002e-05,False
E:308,P:205,P:262,PARENT_BN,PARENT,0.1450620556865233,0.144973,8.905568652331497e-05,8.905568652331497e-05,False
E:309,P:205,P:264,PARENT_BN,PARENT,0.14511719401917844,0.144973,0.00014419401917845076,0.00014419401917845076,False
E:310,P:206,P:207,PARENT_BN,PARENT,0.14500000000000002,0.144973,2.7000000000027002e-05,2.7000000000027002e-05,False
E:311,P:207,P:264,PARENT_BN,PARENT,0.14514131045295142,0.144973,0.0001683104529514312,0.0001683104529514312,False
E:312,P:207,P:266,PARENT_BN,PARENT,0.1457875166123628,0.144973,0.0008145166123628145,0.0008145166123628145,False
E:313,P:208,P:209,PARENT_BN,PARENT,0.14500000000000002,0.144973,2.7000000000027002e-05,2.7000000000027002e-05,False
E:314,P:209,P:266,PARENT_BN,PARENT,0.1449241180756329,0.144973,-4.8881924367083496e-05,4.8881924367083496e-05,False
E:315,P:209,P:268,PARENT_BN,PARENT,0.14514131045295142,0.144973,0.0001683104529514312,0.0001683104529514312,False
E:316,P:210,P:211,PARENT_BN,PARENT,0.14500000000000002,0.144973,2.7000000000027002e-05,2.7000000000027002e-05,False
E:317,P:211,P:268,PARENT_BN,PARENT,0.1451171940191788,0.144973,0.00014419401917881158,0.00014419401917881158,False
E:318,P:211,P:270,PARENT_BN,PARENT,0.1450620556865233,0.144973,8.905568652331497e-05,8.905568652331497e-05,False
E:319,P:212,P:213,PARENT_BN,PARENT,0.14500000000000002,0.144973,2.7000000000027002e-05,2.7000000000027002e-05,False
E:320,P:213,P:270,PARENT_BN,PARENT,0.14533409785731635,0.144973,0.00036109785731636146,0.00036109785731636146,False
E:321,P:213,P:272,PARENT_BN,PARENT,0.1455644187293034,0.144973,0.0005914187293034057,0.0005914187293034057,False
E:322,P:214,P:215,PARENT_BN,PARENT,0.14500000000000002,0.144973,2.7000000000027002e-05,2.7000000000027002e-05,False
E:323,P:215,P:272,PARENT_BN,PARENT,0.14484129245487978,0.144973,-0.00013170754512020766,0.00013170754512020766,False
E:324,P:215,P:274,PARENT_BN,PARENT,0.14550257729676125,0.144973,0.0005295772967612578,0.0005295772967612578,False
E:325,P:216,P:217,PARENT_BN,PARENT,0.14500000000000002,0.144973,2.7000000000027002e-05,2.7000000000027002e-05,False
E:326,P:217,P:274,PARENT_BN,PARENT,0.14484129245487978,0.144973,-0.00013170754512020766,0.00013170754512020766,False
E:327,P:217,P:276,PARENT_BN,PARENT,0.1455644187293034,0.144973,0.0005914187293034057,0.0005914187293034057,False
E:328,P:218,P:219,PARENT_BN,PARENT,0.14500000000000002,0.144973,2.7000000000027002e-05,2.7000000000027002e-05,False
E:329,P:219,P:276,PARENT_BN,PARENT,0.14533409785731635,0.144973,0.00036109785731636146,0.00036109785731636146,False
E:330,P:219,P:278,PARENT_BN,PARENT,0.1450620556865233,0.144973,8.905568652331497e-05,8.905568652331497e-05,False
E:331,P:220,P:221,PARENT_BN,PARENT,0.14500000000000002,0.144973,2.7000000000027002e-05,2.7000000000027002e-05,False
E:332,P:221,P:278,PARENT_BN,PARENT,0.1451171940191788,0.144973,0.00014419401917881158,0.00014419401917881158,False
E:333,P:221,P:280,PARENT_BN,PARENT,0.14514131045295142,0.144973,0.0001683104529514312,0.0001683104529514312,False
E:334,P:222,P:223,PARENT_BN,PARENT,0.14500000000000002,0.144973,2.7000000000027002e-05,2.7000000000027002e-05,False
E:335,P:223,P:280,PARENT_BN,PARENT,0.1449241180756329,0.144973,-4.8881924367083496e-05,4.8881924367083496e-05,False
E:336,P:223,P:282,PARENT_BN,PARENT,0.1457875166123628,0.144973,0.0008145166123628145,0.0008145166123628145,False
E:337,P:224,P:225,PARENT_BN,PARENT,0.14500000000000002,0.144973,2.7000000000027002e-05,2.7000000000027002e-05,False
E:338,P:225,P:282,PARENT_BN,PARENT,0.14514131045295142,0.144973,0.0001683104529514312,0.0001683104529514312,False
E:339,P:225,P:284,PARENT_BN,PARENT,0.14511719401917844,0.144973,0.00014419401917845076,0.00014419401917845076,False
E:340,P:226,P:227,PARENT_BN,PARENT,0.14500000000000002,0.144973,2.7000000000027002e-05,2.7000000000027002e-05,False
E:341,P:227,P:284,PARENT_BN,PARENT,0.1450620556865233,0.144973,8.905568652331497e-05,8.905568652331497e-05,False
E:342,P:227,P:286,PARENT_BN,PARENT,0.14533409785731635,0.144973,0.00036109785731636146,0.00036109785731636146,False
E:343,P:228,P:229,PARENT_BN,PARENT,0.14500000000000002,0.144973,2.7000000000027002e-05,2.7000000000027002e-05,False
E:344,P:229,P:286,PARENT_BN,PARENT,0.1448378403594865,0.144973,-0.00013515964051349916,0.00013515964051349916,False
E:345,P:229,P:288,PARENT_BN,PARENT,0.1455128860273206,0.144973,0.0005398860273206074,0.0005398860273206074,False
E:346,P:230,P:231,PARENT_BN,PARENT,0.14500000000000002,0.144973,2.7000000000027002e-05,2.7000000000027002e-05,False
E:347,P:231,P:288,PARENT_BN,PARENT,0.14489306401619093,0.144973,-7.993598380906519e-05,7.993598380906519e-05,False
E:348,P:231,P:290,PARENT_BN,PARENT,0.14484129245487956,0.144973,-0.0001317075451204297,0.0001317075451204297,False
E:349,P:232,P:233,PARENT_BN,PARENT,0.14500000000000002,0.144973,2.7000000000027002e-05,2.7000000000027002e-05,False
E:350,P:233,P:290,PARENT_BN,PARENT,0.1460342425597502,0.144973,0.0010612425597502084,0.0010612425597502084,False
E:351,P:233,P:292,PARENT_BN,PARENT,0.14533409785731655,0.144973,0.00036109785731655575,0.00036109785731655575,False
E:352,P:234,P:235,PARENT_BN,PARENT,0.14500000000000002,0.144973,2.7000000000027002e-05,2.7000000000027002e-05,False
E:353,P:235,P:292,PARENT_BN,PARENT,0.1450620556865233,0.144973,8.905568652331497e-05,8.905568652331497e-05,False
E:354,P:235,P:294,PARENT_BN,PARENT,0.1448930640161909,0.144973,-7.993598380909295e-05,7.993598380909295e-05,False
E:355,P:236,P:237,PARENT_BN,PARENT,0.14500000000000002,0.144973,2.7000000000027002e-05,2.7000000000027002e-05,False
E:356,P:237,P:294,PARENT_BN,PARENT,0.14527560015363902,0.144973,0.00030260015363903214,0.00030260015363903214,False
E:357,P:237,P:296,PARENT_BN,PARENT,0.14487926007541588,0.144973,-9.373992458411307e-05,9.373992458411307e-05,False
E:358,P:238,P:239,PARENT_BN,PARENT,0.14500000000000002,0.144973,2.7000000000027002e-05,2.7000000000027002e-05,False
E:359,P:239,P:296,PARENT_BN,PARENT,0.14574292435655314,0.144973,0.0007699243565531533,0.0007699243565531533,False
E:360,P:239,P:298,PARENT_BN,PARENT,0.14527560015363902,0.144973,0.00030260015363903214,0.00030260015363903214,False
E:361,P:240,P:241,PARENT_BN,PARENT,0.14500000000000002,0.144973,2.7000000000027002e-05,2.7000000000027002e-05,False
E:362,P:241,P:300,PARENT_BN,PARENT,0.14483438818181293,0.144973,-0.0001386118181870566,0.0001386118181870566,False
E:363,P:241,P:358,PARENT_BN,PARENT,0.14456140563788109,0.144973,-0.00041159436211890554,0.00041159436211890554,False
E:364,P:242,P:243,PARENT_BN,PARENT,0.14500000000000002,0.144973,2.7000000000027002e-05,2.7000000000027002e-05,False
E:365,P:243,P:300,PARENT_BN,PARENT,0.14481022063376636,0.144973,-0.00016277936623362854,0.00016277936623362854,False
E:366,P:243,P:302,PARENT_BN,PARENT,0.145013792447477,0.144973,4.0792447477011606e-05,4.0792447477011606e-05,False
E:367,P:244,P:245,PARENT_BN,PARENT,0.14500000000000002,0.144973,2.7000000000027002e-05,2.7000000000027002e-05,False
E:368,P:245,P:302,PARENT_BN,PARENT,0.14377760604489156,0.144973,-0.0011953939551084258,0.0011953939551084258,False
E:369,P:245,P:304,PARENT_BN,PARENT,0.145013792447477,0.144973,4.0792447477011606e-05,4.0792447477011606e-05,False
E:370,P:246,P:247,PARENT_BN,PARENT,0.14500000000000002,0.144973,2.7000000000027002e-05,2.7000000000027002e-05,False
E:371,P:247,P:304,PARENT_BN,PARENT,0.14481022063376636,0.144973,-0.00016277936623362854,0.00016277936623362854,False
E:372,P:247,P:306,PARENT_BN,PARENT,0.14483438818181293,0.144973,-0.0001386118181870566,0.0001386118181870566,False
E:373,P:248,P:249,PARENT_BN,PARENT,0.14500000000000002,0.144973,2.7000000000027002e-05,2.7000000000027002e-05,False
E:374,P:249,P:306,PARENT_BN,PARENT,0.14456140563788109,0.144973,-0.00041159436211890554,0.00041159436211890554,False
E:375,P:249,P:308,PARENT_BN,PARENT,0.14439182802361047,0.144973,-0.0005811719763895162,0.0005811719763895162,False
E:376,P:250,P:251,PARENT_BN,PARENT,0.14500000000000002,0.144973,2.7000000000027002e-05,2.7000000000027002e-05,False
E:377,P:251,P:308,PARENT_BN,PARENT,0.14477568856683093,0.144973,-0.00019731143316906175,0.00019731143316906175,False
E:378,P:251,P:310,PARENT_BN,PARENT,0.1452446212429224,0.144973,0.0002716212429224041,0.0002716212429224041,False
E:379,P:252,P:253,PARENT_BN,PARENT,0.14500000000000002,0.144973,2.7000000000027002e-05,2.7000000000027002e-05,False
E:380,P:253,P:310,PARENT_BN,PARENT,0.1443779761598008,0.144973,-0.0005950238401991881,0.0005950238401991881,False
E:381,P:253,P:312,PARENT_BN,PARENT,0.14477568856683093,0.144973,-0.00019731143316906175,0.00019731143316906175,False
E:382,P:254,P:255,PARENT_BN,PARENT,0.14500000000000002,0.144973,2.7000000000027002e-05,2.7000000000027002e-05,False
E:383,P:255,P:312,PARENT_BN,PARENT,0.14439182802361084,0.144973,-0.0005811719763891554,0.0005811719763891554,False
E:384,P:255,P:314,PARENT_BN,PARENT,0.14456140563788109,0.144973,-0.00041159436211890554,0.00041159436211890554,False
E:385,P:256,P:257,PARENT_BN,PARENT,0.14500000000000002,0.144973,2.7000000000027002e-05,2.7000000000027002e-05,False
E:386,P:257,P:314,PARENT_BN,PARENT,0.14483438818181293,0.144973,-0.0001386118181870566,0.0001386118181870566,False
E:387,P:257,P:316,PARENT_BN,PARENT,0.1455369368923229,0.144973,0.0005639368923228971,0.0005639368923228971,False
E:388,P:258,P:259,PARENT_BN,PARENT,0.14500000000000002,0.144973,2.7000000000027002e-05,2.7000000000027002e-05,False
E:389,P:259,P:316,PARENT_BN,PARENT,0.14433987668000817,0.144973,-0.000633123319991824,0.000633123319991824,False
E:390,P:259,P:318,PARENT_BN,PARENT,0.14439182802361086,0.144973,-0.0005811719763891277,0.0005811719763891277,False
E:391,P:260,P:261,PARENT_BN,PARENT,0.14500000000000002,0.144973,2.7000000000027002e-05,2.7000000000027002e-05,False
E:392,P:261,P:318,PARENT_BN,PARENT,0.14501379244747725,0.144973,4.0792447477261407e-05,4.0792447477261407e-05,False
E:393,P:261,P:320,PARENT_BN,PARENT,0.1443364125922496,0.144973,-0.000636587407750383,0.000636587407750383,False
E:394,P:262,P:263,PARENT_BN,PARENT,0.14500000000000002,0.144973,2.7000000000027002e-05,2.7000000000027002e-05,False
E:395,P:263,P:320,PARENT_BN,PARENT,0.14483438818181277,0.144973,-0.00013861181818722312,0.00013861181818722312,False
E:396,P:263,P:322,PARENT_BN,PARENT,0.14456140563788109,0.144973,-0.00041159436211890554,0.00041159436211890554,False
E:397,P:264,P:265,PARENT_BN,PARENT,0.14500000000000002,0.144973,2.7000000000027002e-05,2.7000000000027002e-05,False
E:398,P:265,P:322,PARENT_BN,PARENT,0.14461673485458001,0.144973,-0.0003562651454199761,0.0003562651454199761,False
E:399,P:265,P:324,PARENT_BN,PARENT,0.1446409347314931,0.144973,-0.00033206526850690365,0.00033206526850690365,False
E:400,P:266,P:267,PARENT_BN,PARENT,0.14500000000000002,0.144973,2.7000000000027002e-05,2.7000000000027002e-05,False
E:401,P:267,P:324,PARENT_BN,PARENT,0.14528936643815327,0.144973,0.00031636643815327603,0.00031636643815327603,False
E:402,P:267,P:326,PARENT_BN,PARENT,0.14442298985964805,0.144973,-0.000550010140351942,0.000550010140351942,False
E:403,P:268,P:269,PARENT_BN,PARENT,0.14500000000000002,0.144973,2.7000000000027002e-05,2.7000000000027002e-05,False
E:404,P:269,P:326,PARENT_BN,PARENT,0.1446409347314931,0.144973,-0.00033206526850690365,0.00033206526850690365,False
E:405,P:269,P:328,PARENT_BN,PARENT,0.14461673485458038,0.144973,-0.0003562651454196153,0.0003562651454196153,False
E:406,P:270,P:271,PARENT_BN,PARENT,0.14500000000000002,0.144973,2.7000000000027002e-05,2.7000000000027002e-05,False
E:407,P:271,P:328,PARENT_BN,PARENT,0.14456140563788109,0.144973,-0.00041159436211890554,0.00041159436211890554,False
E:408,P:271,P:330,PARENT_BN,PARENT,0.14483438818181277,0.144973,-0.00013861181818722312,0.00013861181818722312,False
E:409,P:272,P:273,PARENT_BN,PARENT,0.14500000000000002,0.144973,2.7000000000027002e-05,2.7000000000027002e-05,False
E:410,P:273,P:330,PARENT_BN,PARENT,0.14506550244630867,0.144973,9.250244630867877e-05,9.250244630867877e-05,False
E:411,P:273,P:332,PARENT_BN,PARENT,0.1443398766800084,0.144973,-0.000633123319991602,0.000633123319991602,False
E:412,P:274,P:275,PARENT_BN,PARENT,0.14500000000000002,0.144973,2.7000000000027002e-05,2.7000000000027002e-05,False
E:413,P:275,P:332,PARENT_BN,PARENT,0.14500344823486094,0.144973,3.0448234860952494e-05,3.0448234860952494e-05,False
E:414,P:275,P:334,PARENT_BN,PARENT,0.1443398766800084,0.144973,-0.000633123319991602,0.000633123319991602,False
E:415,P:276,P:277,PARENT_BN,PARENT,0.14500000000000002,0.144973,2.7000000000027002e-05,2.7000000000027002e-05,False
E:416,P:277,P:334,PARENT_BN,PARENT,0.14506550244630867,0.144973,9.250244630867877e-05,9.250244630867877e-05,False
E:417,P:277,P:336,PARENT_BN,PARENT,0.14483438818181277,0.144973,-0.00013861181818722312,0.00013861181818722312,False
E:418,P:278,P:279,PARENT_BN,PARENT,0.14500000000000002,0.144973,2.7000000000027002e-05,2.7000000000027002e-05,False
E:419,P:279,P:336,PARENT_BN,PARENT,0.14456140563788109,0.144973,-0.00041159436211890554,0.00041159436211890554,False
E:420,P:279,P:338,PARENT_BN,PARENT,0.14461673485458038,0.144973,-0.0003562651454196153,0.0003562651454196153,False
E:421,P:280,P:281,PARENT_BN,PARENT,0.14500000000000002,0.144973,2.7000000000027002e-05,2.7000000000027002e-05,False
E:422,P:281,P:338,PARENT_BN,PARENT,0.1446409347314931,0.144973,-0.00033206526850690365,0.00033206526850690365,False
E:423,P:281,P:340,PARENT_BN,PARENT,0.14442298985964805,0.144973,-0.000550010140351942,0.000550010140351942,False
E:424,P:282,P:283,PARENT_BN,PARENT,0.14500000000000002,0.144973,2.7000000000027002e-05,2.7000000000027002e-05,False
E:425,P:283,P:340,PARENT_BN,PARENT,0.14528936643815327,0.144973,0.00031636643815327603,0.00031636643815327603,False
E:426,P:283,P:342,PARENT_BN,PARENT,0.1446409347314931,0.144973,-0.00033206526850690365,0.00033206526850690365,False
E:427,P:284,P:285,PARENT_BN,PARENT,0.14500000000000002,0.144973,2.7000000000027002e-05,2.7000000000027002e-05,False
E:428,P:285,P:342,PARENT_BN,PARENT,0.14461673485458001,0.144973,-0.0003562651454199761,0.0003562651454199761,False
E:429,P:285,P:344,PARENT_BN,PARENT,0.14456140563788109,0.144973,-0.00041159436211890554,0.00041159436211890554,False
E:430,P:286,P:287,PARENT_BN,PARENT,0.14500000000000002,0.144973,2.7000000000027002e-05,2.7000000000027002e-05,False
E:431,P:287,P:344,PARENT_BN,PARENT,0.14483438818181277,0.144973,-0.00013861181818722312,0.00013861181818722312,False
E:432,P:287,P:346,PARENT_BN,PARENT,0.1443364125922496,0.144973,-0.000636587407750383,0.000636587407750383,False
E:433,P:288,P:289,PARENT_BN,PARENT,0.14500000000000002,0.144973,2.7000000000027002e-05,2.7000000000027002e-05,False
E:434,P:289,P:346,PARENT_BN,PARENT,0.14501379244747725,0.144973,4.0792447477261407e-05,4.0792447477261407e-05,False
E:435,P:289,P:348,PARENT_BN,PARENT,0.14439182802361086,0.144973,-0.0005811719763891277,0.0005811719763891277,False
E:436,P:290,P:291,PARENT_BN,PARENT,0.14500000000000002,0.144973,2.7000000000027002e-05,2.7000000000027002e-05,False
E:437,P:291,P:348,PARENT_BN,PARENT,0.14433987668000817,0.144973,-0.000633123319991824,0.000633123319991824,False
E:438,P:291,P:350,PARENT_BN,PARENT,0.1455369368923229,0.144973,0.0005639368923228971,0.0005639368923228971,False
E:439,P:292,P:293,PARENT_BN,PARENT,0.14500000000000002,0.144973,2.7000000000027002e-05,2.7000000000027002e-05,False
E:440,P:293,P:350,PARENT_BN,PARENT,0.14483438818181293,0.144973,-0.0001386118181870566,0.0001386118181870566,False
E:441,P:293,P:352,PARENT_BN,PARENT,0.14456140563788109,0.144973,-0.00041159436211890554,0.00041159436211890554,False
E:442,P:294,P:295,PARENT_BN,PARENT,0.14500000000000002,0.144973,2.7000000000027002e-05,2.7000000000027002e-05,False
E:443,P:295,P:352,PARENT_BN,PARENT,0.14439182802361084,0.144973,-0.0005811719763891554,0.0005811719763891554,False
E:444,P:295,P:354,PARENT_BN,PARENT,0.14477568856683093,0.144973,-0.00019731143316906175,0.00019731143316906175,False
E:445,P:296,P:297,PARENT_BN,PARENT,0.14500000000000002,0.144973,2.7000000000027002e-05,2.7000000000027002e-05,False
E:446,P:297,P:354,PARENT_BN,PARENT,0.1443779761598008,0.144973,-0.0005950238401991881,0.0005950238401991881,False
E:447,P:297,P:356,PARENT_BN,PARENT,0.1452446212429224,0.144973,0.0002716212429224041,0.0002716212429224041,False
E:448,P:298,P:299,PARENT_BN,PARENT,0.14500000000000002,0.144973,2.7000000000027002e-05,2.7000000000027002e-05,False
E:449,P:299,P:356,PARENT_BN,PARENT,0.14477568856683093,0.144973,-0.00019731143316906175,0.00019731143316906175,False
E:450,P:299,P:358,PARENT_BN,PARENT,0.14439182802361047,0.144973,-0.0005811719763895162,0.0005811719763895162,False
E:451,P:300,P:301,PARENT_BN,PARENT,0.14500000000000002,0.144973,2.7000000000027002e-05,2.7000000000027002e-05,False
E:452,P:301,P:360,PARENT_BN,PARENT,0.14531001341958535,0.144973,0.00033701341958536357,0.00033701341958536357,False
E:453,P:301,P:418,PARENT_BN,PARENT,0.14533409785731655,0.144973,0.00036109785731655575,0.00036109785731655575,False
E:454,P:302,P:303,PARENT_BN,PARENT,0.14500000000000002,0.144973,2.7000000000027002e-05,2.7000000000027002e-05,False
E:455,P:303,P:360,PARENT_BN,PARENT,0.14551288602732038,0.144973,0.0005398860273203854,0.0005398860273203854,False
E:456,P:303,P:362,PARENT_BN,PARENT,0.14428097587693264,0.144973,-0.0006920241230673474,0.0006920241230673474,False
E:457,P:304,P:305,PARENT_BN,PARENT,0.14500000000000002,0.144973,2.7000000000027002e-05,2.7000000000027002e-05,False
E:458,P:305,P:362,PARENT_BN,PARENT,0.14551288602732038,0.144973,0.0005398860273203854,0.0005398860273203854,False
E:459,P:305,P:364,PARENT_BN,PARENT,0.14531001341958535,0.144973,0.00033701341958536357,0.00033701341958536357,False
E:460,P:306,P:307,PARENT_BN,PARENT,0.14500000000000002,0.144973,2.7000000000027002e-05,2.7000000000027002e-05,False
E:461,P:307,P:364,PARENT_BN,PARENT,0.14533409785731655,0.144973,0.00036109785731655575,0.00036109785731655575,False
E:462,P:307,P:366,PARENT_BN,PARENT,0.1450620556865233,0.144973,8.905568652331497e-05,8.905568652331497e-05,False
E:463,P:308,P:309,PARENT_BN,PARENT,0.14500000000000002,0.144973,2.7000000000027002e-05,2.7000000000027002e-05,False
E:464,P:309,P:366,PARENT_BN,PARENT,0.14489306401619054,0.144973,-7.993598380945377e-05,7.993598380945377e-05,False
E:465,P:309,P:368,PARENT_BN,PARENT,0.14527560015363902,0.144973,0.00030260015363903214,0.00030260015363903214,False
E:466,P:310,P:311,PARENT_BN,PARENT,0.14500000000000002,0.144973,2.7000000000027002e-05,2.7000000000027002e-05,False
E:467,P:311,P:368,PARENT_BN,PARENT,0.14574292435655314,0.144973,0.0007699243565531533,0.0007699243565531533,False
E:468,P:311,P:370,PARENT_BN,PARENT,0.14487926007541588,0.144973,-9.373992458411307e-05,9.373992458411307e-05,False
E:469,P:312,P:313,PARENT_BN,PARENT,0.14500000000000002,0.144973,2.7000000000027002e-05,2.7000000000027002e-05,False
E:470,P:313,P:370,PARENT_BN,PARENT,0.14527560015363902,0.144973,0.00030260015363903214,0.00030260015363903214,False
E:471,P:313,P:372,PARENT_BN,PARENT,0.1448930640161909,0.144973,-7.993598380909295e-05,7.993598380909295e-05,False
E:472,P:314,P:315,PARENT_BN,PARENT,0.14500000000000002,0.144973,2.7000000000027002e-05,2.7000000000027002e-05,False
E:473,P:315,P:372,PARENT_BN,PARENT,0.1450620556865233,0.144973,8.905568652331497e-05,8.905568652331497e-05,False
E:474,P:315,P:374,PARENT_BN,PARENT,0.14533409785731655,0.144973,0.00036109785731655575,0.00036109785731655575,False
E:475,P:316,P:317,PARENT_BN,PARENT,0.14500000000000002,0.144973,2.7000000000027002e-05,2.7000000000027002e-05,False
E:476,P:317,P:374,PARENT_BN,PARENT,0.1460342425597502,0.144973,0.0010612425597502084,0.0010612425597502084,False
E:477,P:317,P:376,PARENT_BN,PARENT,0.14484129245487956,0.144973,-0.0001317075451204297,0.0001317075451204297,False
E:478,P:318,P:319,PARENT_BN,PARENT,0.14500000000000002,0.144973,2.7000000000027002e-05,2.7000000000027002e-05,False
E:479,P:319,P:376,PARENT_BN,PARENT,0.14489306401619093,0.144973,-7.993598380906519e-05,7.993598380906519e-05,False
E:480,P:319,P:378,PARENT_BN,PARENT,0.1455128860273206,0.144973,0.0005398860273206074,0.0005398860273206074,False
E:481,P:320,P:321,PARENT_BN,PARENT,0.14500000000000002,0.144973,2.7000000000027002e-05,2.7000000000027002e-05,False
E:482,P:321,P:378,PARENT_BN,PARENT,0.1448378403594865,0.144973,-0.00013515964051349916,0.00013515964051349916,False
E:483,P:321,P:380,PARENT_BN,PARENT,0.14533409785731635,0.144973,0.00036109785731636146,0.00036109785731636146,False
E:484,P:322,P:323,PARENT_BN,PARENT,0.14500000000000002,0.144973,2.7000000000027002e-05,2.7000000000027002e-05,False
E:485,P:323,P:380,PARENT_BN,PARENT,0.1450620556865233,0.144973,8.905568652331497e-05,8.905568652331497e-05,False
E:486,P:323,P:382,PARENT_BN,PARENT,0.14511719401917844,0.144973,0.00014419401917845076,0.00014419401917845076,False
E:487,P:324,P:325,PARENT_BN,PARENT,0.14500000000000002,0.144973,2.7000000000027002e-05,2.7000000000027002e-05,False
E:488,P:325,P:382,PARENT_BN,PARENT,0.14514131045295142,0.144973,0.0001683104529514312,0.0001683104529514312,False
E:489,P:325,P:384,PARENT_BN,PARENT,0.1457875166123628,0.144973,0.0008145166123628145,0.0008145166123628145,False
E:490,P:326,P:327,PARENT_BN,PARENT,0.14500000000000002,0.144973,2.7000000000027002e-05,2.7000000000027002e-05,False
E:491,P:327,P:384,PARENT_BN,PARENT,0.1449241180756329,0.144973,-4.8881924367083496e-05,4.8881924367083496e-05,False
E:492,P:327,P:386,PARENT_BN,PARENT,0.14514131045295142,0.144973,0.0001683104529514312,0.0001683104529514312,False
E:493,P:328,P:329,PARENT_BN,PARENT,0.14500000000000002,0.144973,2.7000000000027002e-05,2.7000000000027002e-05,False
E:494,P:329,P:386,PARENT_BN,PARENT,0.1451171940191788,0.144973,0.00014419401917881158,0.00014419401917881158,False
E:495,P:329,P:388,PARENT_BN,PARENT,0.1450620556865233,0.144973,8.905568652331497e-05,8.905568652331497e-05,False
E:496,P:330,P:331,PARENT_BN,PARENT,0.14500000000000002,0.144973,2.7000000000027002e-05,2.7000000000027002e-05,False
E:497,P:331,P:388,PARENT_BN,PARENT,0.14533409785731635,0.144973,0.00036109785731636146,0.00036109785731636146,False
E:498,P:331,P:390,PARENT_BN,PARENT,0.1455644187293034,0.144973,0.0005914187293034057,0.0005914187293034057,False
E:499,P:332,P:333,PARENT_BN,PARENT,0.14500000000000002,0.144973,2.7000000000027002e-05,2.7000000000027002e-05,False
E:500,P:333,P:390,PARENT_BN,PARENT,0.14484129245487978,0.144973,-0.00013170754512020766,0.00013170754512020766,False
E:501,P:333,P:392,PARENT_BN,PARENT,0.14550257729676125,0.144973,0.0005295772967612578,0.0005295772967612578,False
E:502,P:334,P:335,PARENT_BN,PARENT,0.14500000000000002,0.144973,2.7000000000027002e-05,2.7000000000027002e-05,False
E:503,P:335,P:392,PARENT_BN,PARENT,0.14484129245487978,0.144973,-0.00013170754512020766,0.00013170754512020766,False
E:504,P:335,P:394,PARENT_BN,PARENT,0.1455644187293034,0.144973,0.0005914187293034057,0.0005914187293034057,False
E:505,P:336,P:337,PARENT_BN,PARENT,0.14500000000000002,0.144973,2.7000000000027002e-05,2.7000000000027002e-05,False
E:506,P:337,P:394,PARENT_BN,PARENT,0.14533409785731635,0.144973,0.00036109785731636146,0.00036109785731636146,False
E:507,P:337,P:396,PARENT_BN,PARENT,0.1450620556865233,0.144973,8.905568652331497e-05,8.905568652331497e-05,False
E:508,P:338,P:339,PARENT_BN,PARENT,0.14500000000000002,0.144973,2.7000000000027002e-05,2.7000000000027002e-05,False
E:509,P:339,P:396,PARENT_BN,PARENT,0.1451171940191788,0.144973,0.00014419401917881158,0.00014419401917881158,False
E:510,P:339,P:398,PARENT_BN,PARENT,0.14514131045295142,0.144973,0.0001683104529514312,0.0001683104529514312,False
E:511,P:340,P:341,PARENT_BN,PARENT,0.14500000000000002,0.144973,2.7000000000027002e-05,2.7000000000027002e-05,False
E:512,P:341,P:398,PARENT_BN,PARENT,0.1449241180756329,0.144973,-4.8881924367083496e-05,4.8881924367083496e-05,False
E:513,P:341,P:400,PARENT_BN,PARENT,0.1457875166123628,0.144973,0.0008145166123628145,0.0008145166123628145,False
E:514,P:342,P:343,PARENT_BN,PARENT,0.14500000000000002,0.144973,2.7000000000027002e-05,2.7000000000027002e-05,False
E:515,P:343,P:400,PARENT_BN,PARENT,0.14514131045295142,0.144973,0.0001683104529514312,0.0001683104529514312,False
E:516,P:343,P:402,PARENT_BN,PARENT,0.14511719401917844,0.144973,0.00014419401917845076,0.00014419401917845076,False
E:517,P:344,P:345,PARENT_BN,PARENT,0.14500000000000002,0.144973,2.7000000000027002e-05,2.7000000000027002e-05,False
E:518,P:345,P:402,PARENT_BN,PARENT,0.1450620556865233,0.144973,8.905568652331497e-05,8.905568652331497e-05,False
E:519,P:345,P:404,PARENT_BN,PARENT,0.14533409785731635,0.144973,0.00036109785731636146,0.00036109785731636146,False
E:520,P:346,P:347,PARENT_BN,PARENT,0.14500000000000002,0.144973,2.7000000000027002e-05,2.7000000000027002e-05,False
E:521,P:347,P:404,PARENT_BN,PARENT,0.1448378403594865,0.144973,-0.00013515964051349916,0.00013515964051349916,False
E:522,P:347,P:406,PARENT_BN,PARENT,0.1455128860273206,0.144973,0.0005398860273206074,0.0005398860273206074,False
E:523,P:348,P:349,PARENT_BN,PARENT,0.14500000000000002,0.144973,2.7000000000027002e-05,2.7000000000027002e-05,False
E:524,P:349,P:406,PARENT_BN,PARENT,0.14489306401619093,0.144973,-7.993598380906519e-05,7.993598380906519e-05,False
E:525,P:349,P:408,PARENT_BN,PARENT,0.14484129245487956,0.144973,-0.0001317075451204297,0.0001317075451204297,False
E:526,P:350,P:351,PARENT_BN,PARENT,0.14500000000000002,0.144973,2.7000000000027002e-05,2.7000000000027002e-05,False
E:527,P:351,P:408,PARENT_BN,PARENT,0.1460342425597502,0.144973,0.0010612425597502084,0.0010612425597502084,False
E:528,P:351,P:410,PARENT_BN,PARENT,0.14533409785731655,0.144973,0.00036109785731655575,0.00036109785731655575,False
E:529,P:352,P:353,PARENT_BN,PARENT,0.14500000000000002,0.144973,2.7000000000027002e-05,2.7000000000027002e-05,False
E:530,P:353,P:410,PARENT_BN,PARENT,0.1450620556865233,0.144973,8.905568652331497e-05,8.905568652331497e-05,False
E:531,P:353,P:412,PARENT_BN,PARENT,0.1448930640161909,0.144973,-7.993598380909295e-05,7.993598380909295e-05,False
E:532,P:354,P:355,PARENT_BN,PARENT,0.14500000000000002,0.144973,2.7000000000027002e-05,2.7000000000027002e-05,False
E:533,P:355,P:412,PARENT_BN,PARENT,0.14527560015363902,0.144973,0.00030260015363903214,0.00030260015363903214,False
E:534,P:355,P:414,PARENT_BN,PARENT,0.14487926007541588,0.144973,-9.373992458411307e-05,9.373992458411307e-05,False
E:535,P:356,P:357,PARENT_BN,PARENT,0.14500000000000002,0.144973,2.7000000000027002e-05,2.7000000000027002e-05,False
E:536,P:357,P:414,PARENT_BN,PARENT,0.14574292435655314,0.144973,0.0007699243565531533,0.0007699243565531533,False
E:537,P:357,P:416,PARENT_BN,PARENT,0.14527560015363902,0.144973,0.00030260015363903214,0.00030260015363903214,False
E:538,P:358,P:359,PARENT_BN,PARENT,0.14500000000000002,0.144973,2.7000000000027002e-05,2.7000000000027002e-05,False
E:539,P:359,P:416,PARENT_BN,PARENT,0.14489306401619054,0.144973,-7.993598380945377e-05,7.993598380945377e-05,False
E:540,P:359,P:418,PARENT_BN,PARENT,0.1450620556865233,0.144973,8.905568652331497e-05,8.905568652331497e-05,False
E:541,P:360,P:361,PARENT_BN,PARENT,0.14500000000000002,0.144973,2.7000000000027002e-05,2.7000000000027002e-05,False
E:542,P:361,P:420,PARENT_BN,PARENT,0.14501379244747678,0.144973,4.079244747678956e-05,4.079244747678956e-05,False
E:543,P:361,P:478,PARENT_BN,PARENT,0.14481022063376614,0.144973,-0.0001627793662338506,0.0001627793662338506,False
E:544,P:362,P:363,PARENT_BN,PARENT,0.14500000000000002,0.144973,2.7000000000027002e-05,2.7000000000027002e-05,False
E:545,P:363,P:420,PARENT_BN,PARENT,0.14377760604489134,0.144973,-0.0011953939551086479,0.0011953939551086479,False
E:546,P:363,P:422,PARENT_BN,PARENT,0.14501379244747678,0.144973,4.079244747678956e-05,4.079244747678956e-05,False
E:547,P:364,P:365,PARENT_BN,PARENT,0.14500000000000002,0.144973,2.7000000000027002e-05,2.7000000000027002e-05,False
E:548,P:365,P:422,PARENT_BN,PARENT,0.14481022063376614,0.144973,-0.0001627793662338506,0.0001627793662338506,False
E:549,P:365,P:424,PARENT_BN,PARENT,0.1448343881818127,0.144973,-0.00013861181818727863,0.00013861181818727863,False
E:550,P:366,P:367,PARENT_BN,PARENT,0.14500000000000002,0.144973,2.7000000000027002e-05,2.7000000000027002e-05,False
E:551,P:367,P:424,PARENT_BN,PARENT,0.1445614056378809,0.144973,-0.00041159436211909983,0.00041159436211909983,False
E:552,P:367,P:426,PARENT_BN,PARENT,0.14439182802361025,0.144973,-0.0005811719763897383,0.0005811719763897383,False
E:553,P:368,P:369,PARENT_BN,PARENT,0.14500000000000002,0.144973,2.7000000000027002e-05,2.7000000000027002e-05,False
E:554,P:369,P:426,PARENT_BN,PARENT,0.1447756885668307,0.144973,-0.0001973114331692838,0.0001973114331692838,False
E:555,P:369,P:428,PARENT_BN,PARENT,0.14524462124292217,0.144973,0.00027162124292218204,0.00027162124292218204,False
E:556,P:370,P:371,PARENT_BN,PARENT,0.14500000000000002,0.144973,2.7000000000027002e-05,2.7000000000027002e-05,False
E:557,P:371,P:428,PARENT_BN,PARENT,0.14437797615980058,0.144973,-0.0005950238401994101,0.0005950238401994101,False
E:558,P:371,P:430,PARENT_BN,PARENT,0.1447756885668307,0.144973,-0.0001973114331692838,0.0001973114331692838,False
E:559,P:372,P:373,PARENT_BN,PARENT,0.14500000000000002,0.144973,2.7000000000027002e-05,2.7000000000027002e-05,False
E:560,P:373,P:430,PARENT_BN,PARENT,0.14439182802361064,0.144973,-0.0005811719763893497,0.0005811719763893497,False
E:561,P:373,P:432,PARENT_BN,PARENT,0.1445614056378809,0.144973,-0.00041159436211909983,0.00041159436211909983,False
E:562,P:374,P:375,PARENT_BN,PARENT,0.14500000000000002,0.144973,2.7000000000027002e-05,2.7000000000027002e-05,False
E:563,P:375,P:432,PARENT_BN,PARENT,0.1448343881818127,0.144973,-0.00013861181818727863,0.00013861181818727863,False
E:564,P:375,P:434,PARENT_BN,PARENT,0.14553693689232267,0.144973,0.0005639368923226751,0.0005639368923226751,False
E:565,P:376,P:377,PARENT_BN,PARENT,0.14500000000000002,0.144973,2.7000000000027002e-05,2.7000000000027002e-05,False
E:566,P:377,P:434,PARENT_BN,PARENT,0.14433987668000794,0.144973,-0.0006331233199920461,0.0006331233199920461,False
E:567,P:377,P:436,PARENT_BN,PARENT,0.14439182802361064,0.144973,-0.0005811719763893497,0.0005811719763893497,False
E:568,P:378,P:379,PARENT_BN,PARENT,0.14500000000000002,0.144973,2.7000000000027002e-05,2.7000000000027002e-05,False
E:569,P:379,P:436,PARENT_BN,PARENT,0.14501379244747703,0.144973,4.079244747703936e-05,4.079244747703936e-05,False
E:570,P:379,P:438,PARENT_BN,PARENT,0.14433641259224939,0.144973,-0.0006365874077506051,0.0006365874077506051,False
E:571,P:380,P:381,PARENT_BN,PARENT,0.14500000000000002,0.144973,2.7000000000027002e-05,2.7000000000027002e-05,False
E:572,P:381,P:438,PARENT_BN,PARENT,0.14483438818181255,0.144973,-0.00013861181818744517,0.00013861181818744517,False
E:573,P:381,P:440,PARENT_BN,PARENT,0.1445614056378809,0.144973,-0.00041159436211909983,0.00041159436211909983,False
E:574,P:382,P:383,PARENT_BN,PARENT,0.14500000000000002,0.144973,2.7000000000027002e-05,2.7000000000027002e-05,False
E:575,P:383,P:440,PARENT_BN,PARENT,0.1446167348545798,0.144973,-0.00035626514542019816,0.00035626514542019816,False
E:576,P:383,P:442,PARENT_BN,PARENT,0.14464093473149287,0.144973,-0.0003320652685071257,0.0003320652685071257,False
E:577,P:384,P:385,PARENT_BN,PARENT,0.14500000000000002,0.144973,2.7000000000027002e-05,2.7000000000027002e-05,False
E:578,P:385,P:442,PARENT_BN,PARENT,0.14528936643815304,0.144973,0.000316366438153054,0.000316366438153054,False
E:579,P:385,P:444,PARENT_BN,PARENT,0.14442298985964783,0.144973,-0.000550010140352164,0.000550010140352164,False
E:580,P:386,P:387,PARENT_BN,PARENT,0.14500000000000002,0.144973,2.7000000000027002e-05,2.7000000000027002e-05,False
E:581,P:387,P:444,PARENT_BN,PARENT,0.14464093473149287,0.144973,-0.0003320652685071257,0.0003320652685071257,False
E:582,P:387,P:446,PARENT_BN,PARENT,0.14461673485458015,0.144973,-0.00035626514541983734,0.00035626514541983734,False
E:583,P:388,P:389,PARENT_BN,PARENT,0.14500000000000002,0.144973,2.7000000000027002e-05,2.7000000000027002e-05,False
E:584,P:389,P:446,PARENT_BN,PARENT,0.1445614056378809,0.144973,-0.00041159436211909983,0.00041159436211909983,False
E:585,P:389,P:448,PARENT_BN,PARENT,0.14483438818181255,0.144973,-0.00013861181818744517,0.00013861181818744517,False
E:586,P:390,P:391,PARENT_BN,PARENT,0.14500000000000002,0.144973,2.7000000000027002e-05,2.7000000000027002e-05,False
E:587,P:391,P:448,PARENT_BN,PARENT,0.14506550244630848,0.144973,9.250244630848448e-05,9.250244630848448e-05,False
E:588,P:391,P:450,PARENT_BN,PARENT,0.1443398766800082,0.144973,-0.0006331233199917963,0.0006331233199917963,False
E:589,P:392,P:393,PARENT_BN,PARENT,0.14500000000000002,0.144973,2.7000000000027002e-05,2.7000000000027002e-05,False
E:590,P:393,P:450,PARENT_BN,PARENT,0.14500344823486072,0.144973,3.044823486073045e-05,3.044823486073045e-05,False
E:591,P:393,P:452,PARENT_BN,PARENT,0.1443398766800082,0.144973,-0.0006331233199917963,0.0006331233199917963,False
E:592,P:394,P:395,PARENT_BN,PARENT,0.14500000000000002,0.144973,2.7000000000027002e-05,2.7000000000027002e-05,False
E:593,P:395,P:452,PARENT_BN,PARENT,0.14506550244630848,0.144973,9.250244630848448e-05,9.250244630848448e-05,False
E:594,P:395,P:454,PARENT_BN,PARENT,0.14483438818181255,0.144973,-0.00013861181818744517,0.00013861181818744517,False
E:595,P:396,P:397,PARENT_BN,PARENT,0.14500000000000002,0.144973,2.7000000000027002e-05,2.7000000000027002e-05,False
E:596,P:397,P:454,PARENT_BN,PARENT,0.1445614056378809,0.144973,-0.00041159436211909983,0.00041159436211909983,False
E:597,P:397,P:456,PARENT_BN,PARENT,0.14461673485458015,0.144973,-0.00035626514541983734,0.00035626514541983734,False
E:598,P:398,P:399,PARENT_BN,PARENT,0.14500000000000002,0.144973,2.7000000000027002e-05,2.7000000000027002e-05,False
E:599,P:399,P:456,PARENT_BN,PARENT,0.14464093473149287,0.144973,-0.0003320652685071257,0.0003320652685071257,False
E:600,P:399,P:458,PARENT_BN,PARENT,0.14442298985964783,0.144973,-0.000550010140352164,0.000550010140352164,False
E:601,P:400,P:401,PARENT_BN,PARENT,0.14500000000000002,0.144973,2.7000000000027002e-05,2.7000000000027002e-05,False
E:602,P:401,P:458,PARENT_BN,PARENT,0.14528936643815304,0.144973,0.000316366438153054,0.000316366438153054,False
E:603,P:401,P:460,PARENT_BN,PARENT,0.14464093473149287,0.144973,-0.0003320652685071257,0.0003320652685071257,False
E:604,P:402,P:403,PARENT_BN,PARENT,0.14500000000000002,0.144973,2.7000000000027002e-05,2.7000000000027002e-05,False
E:605,P:403,P:460,PARENT_BN,PARENT,0.1446167348545798,0.144973,-0.00035626514542019816,0.00035626514542019816,False
E:606,P:403,P:462,PARENT_BN,PARENT,0.1445614056378809,0.144973,-0.00041159436211909983,0.00041159436211909983,False
E:607,P:404,P:405,PARENT_BN,PARENT,0.14500000000000002,0.144973,2.7000000000027002e-05,2.7000000000027002e-05,False
E:608,P:405,P:462,PARENT_BN,PARENT,0.14483438818181255,0.144973,-0.00013861181818744517,0.00013861181818744517,False
E:609,P:405,P:464,PARENT_BN,PARENT,0.14433641259224939,0.144973,-0.0006365874077506051,0.0006365874077506051,False
E:610,P:406,P:407,PARENT_BN,PARENT,0.14500000000000002,0.144973,2.7000000000027002e-05,2.7000000000027002e-05,False
E:611,P:407,P:464,PARENT_BN,PARENT,0.14501379244747703,0.144973,4.079244747703936e-05,4.079244747703936e-05,False
E:612,P:407,P:466,PARENT_BN,PARENT,0.14439182802361064,0.144973,-0.0005811719763893497,0.0005811719763893497,False
E:613,P:408,P:409,PARENT_BN,PARENT,0.14500000000000002,0.144973,2.7000000000027002e-05,2.7000000000027002e-05,False
E:614,P:409,P:466,PARENT_BN,PARENT,0.14433987668000794,0.144973,-0.0006331233199920461,0.0006331233199920461,False
E:615,P:409,P:468,PARENT_BN,PARENT,0.14553693689232267,0.144973,0.0005639368923226751,0.0005639368923226751,False
E:616,P:410,P:411,PARENT_BN,PARENT,0.14500000000000002,0.144973,2.7000000000027002e-05,2.7000000000027002e-05,False
E:617,P:411,P:468,PARENT_BN,PARENT,0.1448343881818127,0.144973,-0.00013861181818727863,0.00013861181818727863,False
E:618,P:411,P:470,PARENT_BN,PARENT,0.1445614056378809,0.144973,-0.00041159436211909983,0.00041159436211909983,False
E:619,P:412,P:413,PARENT_BN,PARENT,0.14500000000000002,0.144973,2.7000000000027002e-05,2.7000000000027002e-05,False
E:620,P:413,P:470,PARENT_BN,PARENT,0.14439182802361064,0.144973,-0.0005811719763893497,0.0005811719763893497,False
E:621,P:413,P:472,PARENT_BN,PARENT,0.1447756885668307,0.144973,-0.0001973114331692838,0.0001973114331692838,False
E:622,P:414,P:415,PARENT_BN,PARENT,0.14500000000000002,0.144973,2.7000000000027002e-05,2.7000000000027002e-05,False
E:623,P:415,P:472,PARENT_BN,PARENT,0.14437797615980058,0.144973,-0.0005950238401994101,0.0005950238401994101,False
E:624,P:415,P:474,PARENT_BN,PARENT,0.14524462124292217,0.144973,0.00027162124292218204,0.00027162124292218204,False
E:625,P:416,P:417,PARENT_BN,PARENT,0.14500000000000002,0.144973,2.7000000000027002e-05,2.7000000000027002e-05,False
E:626,P:417,P:474,PARENT_BN,PARENT,0.1447756885668307,0.144973,-0.0001973114331692838,0.0001973114331692838,False
E:627,P:417,P:476,PARENT_BN,PARENT,0.14439182802361025,0.144973,-0.0005811719763897383,0.0005811719763897383,False
E:628,P:418,P:419,PARENT_BN,PARENT,0.14500000000000002,0.144973,2.7000000000027002e-05,2.7000000000027002e-05,False
E:629,P:419,P:476,PARENT_BN,PARENT,0.1445614056378809,0.144973,-0.00041159436211909983,0.00041159436211909983,False
E:630,P:419,P:478,PARENT_BN,PARENT,0.1448343881818127,0.144973,-0.00013861181818727863,0.00013861181818727863,False
E:631,P:420,P:421,PARENT_BN,PARENT,0.14500000000000002,0.144973,2.7000000000027002e-05,2.7000000000027002e-05,False
E:632,P:421,P:480,PARENT_BN,PARENT,0.14428097587693287,0.144973,-0.0006920241230671254,0.0006920241230671254,False
E:633,P:421,P:538,PARENT_BN,PARENT,0.1455128860273206,0.144973,0.0005398860273206074,0.0005398860273206074,False
E:634,P:422,P:423,PARENT_BN,PARENT,0.14500000000000002,0.144973,2.7000000000027002e-05,2.7000000000027002e-05,False
E:635,P:423,P:480,PARENT_BN,PARENT,0.1455128860273206,0.144973,0.0005398860273206074,0.0005398860273206074,False
E:636,P:423,P:482,PARENT_BN,PARENT,0.14531001341958558,0.144973,0.0003370134195855856,0.0003370134195855856,False
E:637,P:424,P:425,PARENT_BN,PARENT,0.14500000000000002,0.144973,2.7000000000027002e-05,2.7000000000027002e-05,False
E:638,P:425,P:482,PARENT_BN,PARENT,0.14533409785731677,0.144973,0.0003610978573167778,0.0003610978573167778,False
E:639,P:425,P:484,PARENT_BN,PARENT,0.14506205568652353,0.144973,8.905568652353701e-05,8.905568652353701e-05,False
E:640,P:426,P:427,PARENT_BN,PARENT,0.14500000000000002,0.144973,2.7000000000027002e-05,2.7000000000027002e-05,False
E:641,P:427,P:484,PARENT_BN,PARENT,0.14489306401619076,0.144973,-7.993598380923173e-05,7.993598380923173e-05,False
E:642,P:427,P:486,PARENT_BN,PARENT,0.14527560015363924,0.144973,0.0003026001536392542,0.0003026001536392542,False
E:643,P:428,P:429,PARENT_BN,PARENT,0.14500000000000002,0.144973,2.7000000000027002e-05,2.7000000000027002e-05,False
E:644,P:429,P:486,PARENT_BN,PARENT,0.14574292435655337,0.144973,0.0007699243565533753,0.0007699243565533753,False
E:645,P:429,P:488,PARENT_BN,PARENT,0.1448792600754161,0.144973,-9.373992458389102e-05,9.373992458389102e-05,False
E:646,P:430,P:431,PARENT_BN,PARENT,0.14500000000000002,0.144973,2.7000000000027002e-05,2.7000000000027002e-05,False
E:647,P:431,P:488,PARENT_BN,PARENT,0.14527560015363924,0.144973,0.0003026001536392542,0.0003026001536392542,False
E:648,P:431,P:490,PARENT_BN,PARENT,0.14489306401619112,0.144973,-7.99359838088709e-05,7.99359838088709e-05,False
E:649,P:432,P:433,PARENT_BN,PARENT,0.14500000000000002,0.144973,2.7000000000027002e-05,2.7000000000027002e-05,False
E:650,P:433,P:490,PARENT_BN,PARENT,0.14506205568652353,0.144973,8.905568652353701e-05,8.905568652353701e-05,False
E:651,P:433,P:492,PARENT_BN,PARENT,0.14533409785731677,0.144973,0.0003610978573167778,0.0003610978573167778,False
E:652,P:434,P:435,PARENT_BN,PARENT,0.14500000000000002,0.144973,2.7000000000027002e-05,2.7000000000027002e-05,False
E:653,P:435,P:492,PARENT_BN,PARENT,0.14603424255975045,0.144973,0.0010612425597504582,0.0010612425597504582,False
E:654,P:435,P:494,PARENT_BN,PARENT,0.14484129245487978,0.144973,-0.00013170754512020766,0.00013170754512020766,False
E:655,P:436,P:437,PARENT_BN,PARENT,0.14500000000000002,0.144973,2.7000000000027002e-05,2.7000000000027002e-05,False
E:656,P:437,P:494,PARENT_BN,PARENT,0.14489306401619115,0.144973,-7.993598380884315e-05,7.993598380884315e-05,False
E:657,P:437,P:496,PARENT_BN,PARENT,0.14551288602732082,0.144973,0.0005398860273208295,0.0005398860273208295,False
E:658,P:438,P:439,PARENT_BN,PARENT,0.14500000000000002,0.144973,2.7000000000027002e-05,2.7000000000027002e-05,False
E:659,P:439,P:496,PARENT_BN,PARENT,0.1448378403594867,0.144973,-0.0001351596405132771,0.0001351596405132771,False
E:660,P:439,P:498,PARENT_BN,PARENT,0.1453340978573166,0.144973,0.00036109785731661126,0.00036109785731661126,False
E:661,P:440,P:441,PARENT_BN,PARENT,0.14500000000000002,0.144973,2.7000000000027002e-05,2.7000000000027002e-05,False
E:662,P:441,P:498,PARENT_BN,PARENT,0.14506205568652353,0.144973,8.905568652353701e-05,8.905568652353701e-05,False
E:663,P:441,P:500,PARENT_BN,PARENT,0.14511719401917866,0.144973,0.0001441940191786728,0.0001441940191786728,False
E:664,P:442,P:443,PARENT_BN,PARENT,0.14500000000000002,0.144973,2.7000000000027002e-05,2.7000000000027002e-05,False
E:665,P:443,P:500,PARENT_BN,PARENT,0.14514131045295164,0.144973,0.00016831045295165326,0.00016831045295165326,False
E:666,P:443,P:502,PARENT_BN,PARENT,0.14578751661236306,0.144973,0.0008145166123630643,0.0008145166123630643,False
E:667,P:444,P:445,PARENT_BN,PARENT,0.14500000000000002,0.144973,2.7000000000027002e-05,2.7000000000027002e-05,False
E:668,P:445,P:502,PARENT_BN,PARENT,0.14492411807563313,0.144973,-4.888192436686145e-05,4.888192436686145e-05,False
E:669,P:445,P:504,PARENT_BN,PARENT,0.14514131045295164,0.144973,0.00016831045295165326,0.00016831045295165326,False
E:670,P:446,P:447,PARENT_BN,PARENT,0.14500000000000002,0.144973,2.7000000000027002e-05,2.7000000000027002e-05,False
E:671,P:447,P:504,PARENT_BN,PARENT,0.14511719401917905,0.144973,0.00014419401917906138,0.00014419401917906138,False
E:672,P:447,P:506,PARENT_BN,PARENT,0.14506205568652353,0.144973,8.905568652353701e-05,8.905568652353701e-05,False
E:673,P:448,P:449,PARENT_BN,PARENT,0.14500000000000002,0.144973,2.7000000000027002e-05,2.7000000000027002e-05,False
E:674,P:449,P:506,PARENT_BN,PARENT,0.1453340978573166,0.144973,0.00036109785731661126,0.00036109785731661126,False
E:675,P:449,P:508,PARENT_BN,PARENT,0.14556441872930362,0.144973,0.0005914187293036277,0.0005914187293036277,False
E:676,P:450,P:451,PARENT_BN,PARENT,0.14500000000000002,0.144973,2.7000000000027002e-05,2.7000000000027002e-05,False
E:677,P:451,P:508,PARENT_BN,PARENT,0.14484129245488003,0.144973,-0.00013170754511995786,0.00013170754511995786,False
E:678,P:451,P:510,PARENT_BN,PARENT,0.14550257729676147,0.144973,0.0005295772967614798,0.0005295772967614798,False
E:679,P:452,P:453,PARENT_BN,PARENT,0.14500000000000002,0.144973,2.7000000000027002e-05,2.7000000000027002e-05,False
E:680,P:453,P:510,PARENT_BN,PARENT,0.14484129245488003,0.144973,-0.00013170754511995786,0.00013170754511995786,False
E:681,P:453,P:512,PARENT_BN,PARENT,0.14556441872930362,0.144973,0.0005914187293036277,0.0005914187293036277,False
E:682,P:454,P:455,PARENT_BN,PARENT,0.14500000000000002,0.144973,2.7000000000027002e-05,2.7000000000027002e-05,False
E:683,P:455,P:512,PARENT_BN,PARENT,0.1453340978573166,0.144973,0.00036109785731661126,0.00036109785731661126,False
E:684,P:455,P:514,PARENT_BN,PARENT,0.14506205568652353,0.144973,8.905568652353701e-05,8.905568652353701e-05,False
E:685,P:456,P:457,PARENT_BN,PARENT,0.14500000000000002,0.144973,2.7000000000027002e-05,2.7000000000027002e-05,False
E:686,P:457,P:514,PARENT_BN,PARENT,0.14511719401917905,0.144973,0.00014419401917906138,0.00014419401917906138,False
E:687,P:457,P:516,PARENT_BN,PARENT,0.14514131045295164,0.144973,0.00016831045295165326,0.00016831045295165326,False
E:688,P:458,P:459,PARENT_BN,PARENT,0.14500000000000002,0.144973,2.7000000000027002e-05,2.7000000000027002e-05,False
E:689,P:459,P:516,PARENT_BN,PARENT,0.14492411807563313,0.144973,-4.888192436686145e-05,4.888192436686145e-05,False
E:690,P:459,P:518,PARENT_BN,PARENT,0.14578751661236306,0.144973,0.0008145166123630643,0.0008145166123630643,False
E:691,P:460,P:461,PARENT_BN,PARENT,0.14500000000000002,0.144973,2.7000000000027002e-05,2.7000000000027002e-05,False
E:692,P:461,P:518,PARENT_BN,PARENT,0.14514131045295164,0.144973,0.00016831045295165326,0.00016831045295165326,False
E:693,P:461,P:520,PARENT_BN,PARENT,0.14511719401917866,0.144973,0.0001441940191786728,0.0001441940191786728,False
E:694,P:462,P:463,PARENT_BN,PARENT,0.14500000000000002,0.144973,2.7000000000027002e-05,2.7000000000027002e-05,False
E:695,P:463,P:520,PARENT_BN,PARENT,0.14506205568652353,0.144973,8.905568652353701e-05,8.905568652353701e-05,False
E:696,P:463,P:522,PARENT_BN,PARENT,0.1453340978573166,0.144973,0.00036109785731661126,0.00036109785731661126,False
E:697,P:464,P:465,PARENT_BN,PARENT,0.14500000000000002,0.144973,2.7000000000027002e-05,2.7000000000027002e-05,False
E:698,P:465,P:522,PARENT_BN,PARENT,0.1448378403594867,0.144973,-0.0001351596405132771,0.0001351596405132771,False
E:699,P:465,P:524,PARENT_BN,PARENT,0.14551288602732082,0.144973,0.0005398860273208295,0.0005398860273208295,False
E:700,P:466,P:467,PARENT_BN,PARENT,0.14500000000000002,0.144973,2.7000000000027002e-05,2.7000000000027002e-05,False
E:701,P:467,P:524,PARENT_BN,PARENT,0.14489306401619115,0.144973,-7.993598380884315e-05,7.993598380884315e-05,False
E:702,P:467,P:526,PARENT_BN,PARENT,0.14484129245487978,0.144973,-0.00013170754512020766,0.00013170754512020766,False
E:703,P:468,P:469,PARENT_BN,PARENT,0.14500000000000002,0.144973,2.7000000000027002e-05,2.7000000000027002e-05,False
E:704,P:469,P:526,PARENT_BN,PARENT,0.14603424255975045,0.144973,0.0010612425597504582,0.0010612425597504582,False
E:705,P:469,P:528,PARENT_BN,PARENT,0.14533409785731677,0.144973,0.0003610978573167778,0.0003610978573167778,False
E:706,P:470,P:471,PARENT_BN,PARENT,0.14500000000000002,0.144973,2.7000000000027002e-05,2.7000000000027002e-05,False
E:707,P:471,P:528,PARENT_BN,PARENT,0.14506205568652353,0.144973,8.905568652353701e-05,8.905568652353701e-05,False
E:708,P:471,P:530,PARENT_BN,PARENT,0.14489306401619112,0.144973,-7.99359838088709e-05,7.99359838088709e-05,False
E:709,P:472,P:473,PARENT_BN,PARENT,0.14500000000000002,0.144973,2.7000000000027002e-05,2.7000000000027002e-05,False
E:710,P:473,P:530,PARENT_BN,PARENT,0.14527560015363924,0.144973,0.0003026001536392542,0.0003026001536392542,False
E:711,P:473,P:532,PARENT_BN,PARENT,0.1448792600754161,0.144973,-9.373992458389102e-05,9.373992458389102e-05,False
E:712,P:474,P:475,PARENT_BN,PARENT,0.14500000000000002,0.144973,2.7000000000027002e-05,2.7000000000027002e-05,False
E:713,P:475,P:532,PARENT_BN,PARENT,0.14574292435655337,0.144973,0.0007699243565533753,0.0007699243565533753,False
E:714,P:475,P:534,PARENT_BN,PARENT,0.14527560015363924,0.144973,0.0003026001536392542,0.0003026001536392542,False
E:715,P:476,P:477,PARENT_BN,PARENT,0.14500000000000002,0.144973,2.7000000000027002e-05,2.7000000000027002e-05,False
E:716,P:477,P:534,PARENT_BN,PARENT,0.14489306401619076,0.144973,-7.993598380923173e-05,7.993598380923173e-05,False
E:717,P:477,P:536,PARENT_BN,PARENT,0.14506205568652353,0.144973,8.905568652353701e-05,8.905568652353701e-05,False
E:718,P:478,P:479,PARENT_BN,PARENT,0.14500000000000002,0.144973,2.7000000000027002e-05,2.7000000000027002e-05,False
E:719,P:479,P:536,PARENT_BN,PARENT,0.14533409785731677,0.144973,0.0003610978573167778,0.0003610978573167778,False
E:720,P:479,P:538,PARENT_BN,PARENT,0.14531001341958558,0.144973,0.0003370134195855856,0.0003370134195855856,False
E:721,P:480,P:481,PARENT_BN,PARENT,0.14499999999999957,0.144973,2.6999999999582913e-05,2.6999999999582913e-05,False
E:722,P:481,P:540,PARENT_BN,PARENT,0.1455128860273206,0.144973,0.0005398860273206074,0.0005398860273206074,False
E:723,P:481,P:598,PARENT_BN,PARENT,0.14428097587693287,0.144973,-0.0006920241230671254,0.0006920241230671254,False
E:724,P:482,P:483,PARENT_BN,PARENT,0.14499999999999957,0.144973,2.6999999999582913e-05,2.6999999999582913e-05,False
E:725,P:483,P:540,PARENT_BN,PARENT,0.14531001341958558,0.144973,0.0003370134195855856,0.0003370134195855856,False
E:726,P:483,P:542,PARENT_BN,PARENT,0.14533409785731677,0.144973,0.0003610978573167778,0.0003610978573167778,False
E:727,P:484,P:485,PARENT_BN,PARENT,0.14499999999999957,0.144973,2.6999999999582913e-05,2.6999999999582913e-05,False
E:728,P:485,P:542,PARENT_BN,PARENT,0.14506205568652353,0.144973,8.905568652353701e-05,8.905568652353701e-05,False
E:729,P:485,P:544,PARENT_BN,PARENT,0.14489306401619076,0.144973,-7.993598380923173e-05,7.993598380923173e-05,False
E:730,P:486,P:487,PARENT_BN,PARENT,0.14499999999999957,0.144973,2.6999999999582913e-05,2.6999999999582913e-05,False
E:731,P:487,P:544,PARENT_BN,PARENT,0.14527560015363924,0.144973,0.0003026001536392542,0.0003026001536392542,False
E:732,P:487,P:546,PARENT_BN,PARENT,0.14574292435655337,0.144973,0.0007699243565533753,0.0007699243565533753,False
E:733,P:488,P:489,PARENT_BN,PARENT,0.14499999999999957,0.144973,2.6999999999582913e-05,2.6999999999582913e-05,False
E:734,P:489,P:546,PARENT_BN,PARENT,0.1448792600754161,0.144973,-9.373992458389102e-05,9.373992458389102e-05,False
E:735,P:489,P:548,PARENT_BN,PARENT,0.14527560015363924,0.144973,0.0003026001536392542,0.0003026001536392542,False
E:736,P:490,P:491,PARENT_BN,PARENT,0.14499999999999957,0.144973,2.6999999999582913e-05,2.6999999999582913e-05,False
E:737,P:491,P:548,PARENT_BN,PARENT,0.14489306401619112,0.144973,-7.99359838088709e-05,7.99359838088709e-05,False
E:738,P:491,P:550,PARENT_BN,PARENT,0.14506205568652353,0.144973,8.905568652353701e-05,8.905568652353701e-05,False
E:739,P:492,P:493,PARENT_BN,PARENT,0.14499999999999957,0.144973,2.6999999999582913e-05,2.6999999999582913e-05,False
E:740,P:493,P:550,PARENT_BN,PARENT,0.14533409785731677,0.144973,0.0003610978573167778,0.0003610978573167778,False
E:741,P:493,P:552,PARENT_BN,PARENT,0.14603424255975045,0.144973,0.0010612425597504582,0.0010612425597504582,False
E:742,P:494,P:495,PARENT_BN,PARENT,0.14499999999999957,0.144973,2.6999999999582913e-05,2.6999999999582913e-05,False
E:743,P:495,P:552,PARENT_BN,PARENT,0.14484129245487978,0.144973,-0.00013170754512020766,0.00013170754512020766,False
E:744,P:495,P:554,PARENT_BN,PARENT,0.14489306401619115,0.144973,-7.993598380884315e-05,7.993598380884315e-05,False
E:745,P:496,P:497,PARENT_BN,PARENT,0.14499999999999957,0.144973,2.6999999999582913e-05,2.6999999999582913e-05,False
E:746,P:497,P:554,PARENT_BN,PARENT,0.14551288602732082,0.144973,0.0005398860273208295,0.0005398860273208295,False
E:747,P:497,P:556,PARENT_BN,PARENT,0.1448378403594867,0.144973,-0.0001351596405132771,0.0001351596405132771,False
E:748,P:498,P:499,PARENT_BN,PARENT,0.14499999999999957,0.144973,2.6999999999582913e-05,2.6999999999582913e-05,False
E:749,P:499,P:556,PARENT_BN,PARENT,0.1453340978573166,0.144973,0.00036109785731661126,0.00036109785731661126,False
E:750,P:499,P:558,PARENT_BN,PARENT,0.14506205568652353,0.144973,8.905568652353701e-05,8.905568652353701e-05,False
E:751,P:500,P:501,PARENT_BN,PARENT,0.14499999999999957,0.144973,2.6999999999582913e-05,2.6999999999582913e-05,False
E:752,P:501,P:558,PARENT_BN,PARENT,0.14511719401917866,0.144973,0.0001441940191786728,0.0001441940191786728,False
E:753,P:501,P:560,PARENT_BN,PARENT,0.14514131045295164,0.144973,0.00016831045295165326,0.00016831045295165326,False
E:754,P:502,P:503,PARENT_BN,PARENT,0.14499999999999957,0.144973,2.6999999999582913e-05,2.6999999999582913e-05,False
E:755,P:503,P:560,PARENT_BN,PARENT,0.14578751661236306,0.144973,0.0008145166123630643,0.0008145166123630643,False
E:756,P:503,P:562,PARENT_BN,PARENT,0.14492411807563313,0.144973,-4.888192436686145e-05,4.888192436686145e-05,False
E:757,P:504,P:505,PARENT_BN,PARENT,0.14499999999999957,0.144973,2.6999999999582913e-05,2.6999999999582913e-05,False
E:758,P:505,P:562,PARENT_BN,PARENT,0.14514131045295164,0.144973,0.00016831045295165326,0.00016831045295165326,False
E:759,P:505,P:564,PARENT_BN,PARENT,0.14511719401917905,0.144973,0.00014419401917906138,0.00014419401917906138,False
E:760,P:506,P:507,PARENT_BN,PARENT,0.14499999999999957,0.144973,2.6999999999582913e-05,2.6999999999582913e-05,False
E:761,P:507,P:564,PARENT_BN,PARENT,0.14506205568652353,0.144973,8.905568652353701e-05,8.905568652353701e-05,False
E:762,P:507,P:566,PARENT_BN,PARENT,0.1453340978573166,0.144973,0.00036109785731661126,0.00036109785731661126,False
E:763,P:508,P:509,PARENT_BN,PARENT,0.14499999999999957,0.144973,2.6999999999582913e-05,2.6999999999582913e-05,False
E:764,P:509,P:566,PARENT_BN,PARENT,0.14556441872930362,0.144973,0.0005914187293036277,0.0005914187293036277,False
E:765,P:509,P:568,PARENT_BN,PARENT,0.14484129245488003,0.144973,-0.00013170754511995786,0.00013170754511995786,False
E:766,P:510,P:511,PARENT_BN,PARENT,0.14499999999999957,0.144973,2.6999999999582913e-05,2.6999999999582913e-05,False
E:767,P:511,P:568,PARENT_BN,PARENT,0.14550257729676147,0.144973,0.0005295772967614798,0.0005295772967614798,False
E:768,P:511,P:570,PARENT_BN,PARENT,0.14484129245488003,0.144973,-0.00013170754511995786,0.00013170754511995786,False
E:769,P:512,P:513,PARENT_BN,PARENT,0.14499999999999957,0.144973,2.6999999999582913e-05,2.6999999999582913e-05,False
E:770,P:513,P:570,PARENT_BN,PARENT,0.14556441872930362,0.144973,0.0005914187293036277,0.0005914187293036277,False
E:771,P:513,P:572,PARENT_BN,PARENT,0.1453340978573166,0.144973,0.00036109785731661126,0.00036109785731661126,False
E:772,P:514,P:515,PARENT_BN,PARENT,0.14499999999999957,0.144973,2.6999999999582913e-05,2.6999999999582913e-05,False
E:773,P:515,P:572,PARENT_BN,PARENT,0.14506205568652353,0.144973,8.905568652353701e-05,8.905568652353701e-05,False
E:774,P:515,P:574,PARENT_BN,PARENT,0.14511719401917905,0.144973,0.00014419401917906138,0.00014419401917906138,False
E:775,P:516,P:517,PARENT_BN,PARENT,0.14499999999999957,0.144973,2.6999999999582913e-05,2.6999999999582913e-05,False
E:776,P:517,P:574,PARENT_BN,PARENT,0.14514131045295164,0.144973,0.00016831045295165326,0.00016831045295165326,False
E:777,P:517,P:576,PARENT_BN,PARENT,0.14492411807563313,0.144973,-4.888192436686145e-05,4.888192436686145e-05,False
E:778,P:518,P:519,PARENT_BN,PARENT,0.14499999999999957,0.144973,2.6999999999582913e-05,2.6999999999582913e-05,False
E:779,P:519,P:576,PARENT_BN,PARENT,0.14578751661236306,0.144973,0.0008145166123630643,0.0008145166123630643,False
E:780,P:519,P:578,PARENT_BN,PARENT,0.14514131045295164,0.144973,0.00016831045295165326,0.00016831045295165326,False
E:781,P:520,P:521,PARENT_BN,PARENT,0.14499999999999957,0.144973,2.6999999999582913e-05,2.6999999999582913e-05,False
E:782,P:521,P:578,PARENT_BN,PARENT,0.14511719401917866,0.144973,0.0001441940191786728,0.0001441940191786728,False
E:783,P:521,P:580,PARENT_BN,PARENT,0.14506205568652353,0.144973,8.905568652353701e-05,8.905568652353701e-05,False
E:784,P:522,P:523,PARENT_BN,PARENT,0.14499999999999957,0.144973,2.6999999999582913e-05,2.6999999999582913e-05,False
E:785,P:523,P:580,PARENT_BN,PARENT,0.1453340978573166,0.144973,0.00036109785731661126,0.00036109785731661126,False
E:786,P:523,P:582,PARENT_BN,PARENT,0.1448378403594867,0.144973,-0.0001351596405132771,0.0001351596405132771,False
E:787,P:524,P:525,PARENT_BN,PARENT,0.14499999999999957,0.144973,2.6999999999582913e-05,2.6999999999582913e-05,False
E:788,P:525,P:582,PARENT_BN,PARENT,0.14551288602732082,0.144973,0.0005398860273208295,0.0005398860273208295,False
E:789,P:525,P:584,PARENT_BN,PARENT,0.14489306401619115,0.144973,-7.993598380884315e-05,7.993598380884315e-05,False
E:790,P:526,P:527,PARENT_BN,PARENT,0.14499999999999957,0.144973,2.6999999999582913e-05,2.6999999999582913e-05,False
E:791,P:527,P:584,PARENT_BN,PARENT,0.14484129245487978,0.144973,-0.00013170754512020766,0.00013170754512020766,False
E:792,P:527,P:586,PARENT_BN,PARENT,0.14603424255975045,0.144973,0.0010612425597504582,0.0010612425597504582,False
E:793,P:528,P:529,PARENT_BN,PARENT,0.14499999999999957,0.144973,2.6999999999582913e-05,2.6999999999582913e-05,False
E:794,P:529,P:586,PARENT_BN,PARENT,0.14533409785731677,0.144973,0.0003610978573167778,0.0003610978573167778,False
E:795,P:529,P:588,PARENT_BN,PARENT,0.14506205568652353,0.144973,8.905568652353701e-05,8.905568652353701e-05,False
E:796,P:530,P:531,PARENT_BN,PARENT,0.14499999999999957,0.144973,2.6999999999582913e-05,2.6999999999582913e-05,False
E:797,P:531,P:588,PARENT_BN,PARENT,0.14489306401619112,0.144973,-7.99359838088709e-05,7.99359838088709e-05,False
E:798,P:531,P:590,PARENT_BN,PARENT,0.14527560015363924,0.144973,0.0003026001536392542,0.0003026001536392542,False
E:799,P:532,P:533,PARENT_BN,PARENT,0.14499999999999957,0.144973,2.6999999999582913e-05,2.6999999999582913e-05,False
E:800,P:533,P:590,PARENT_BN,PARENT,0.1448792600754161,0.144973,-9.373992458389102e-05,9.373992458389102e-05,False
E:801,P:533,P:592,PARENT_BN,PARENT,0.14574292435655337,0.144973,0.0007699243565533753,0.0007699243565533753,False
E:802,P:534,P:535,PARENT_BN,PARENT,0.14499999999999957,0.144973,2.6999999999582913e-05,2.6999999999582913e-05,False
E:803,P:535,P:592,PARENT_BN,PARENT,0.14527560015363924,0.144973,0.0003026001536392542,0.0003026001536392542,False
E:804,P:535,P:594,PARENT_BN,PARENT,0.14489306401619076,0.144973,-7.993598380923173e-05,7.993598380923173e-05,False
E:805,P:536,P:537,PARENT_BN,PARENT,0.14499999999999957,0.144973,2.6999999999582913e-05,2.6999999999582913e-05,False
E:806,P:537,P:594,PARENT_BN,PARENT,0.14506205568652353,0.144973,8.905568652353701e-05,8.905568652353701e-05,False
E:807,P:537,P:596,PARENT_BN,PARENT,0.14533409785731677,0.144973,0.0003610978573167778,0.0003610978573167778,False
E:808,P:538,P:539,PARENT_BN,PARENT,0.14499999999999957,0.144973,2.6999999999582913e-05,2.6999999999582913e-05,False
E:809,P:539,P:596,PARENT_BN,PARENT,0.14531001341958558,0.144973,0.0003370134195855856,0.0003370134195855856,False
E:810,P:539,P:598,PARENT_BN,PARENT,0.1455128860273206,0.144973,0.0005398860273206074,0.0005398860273206074,False
E:811,P:540,P:541,PARENT_BN,PARENT,0.14499999999999957,0.144973,2.6999999999582913e-05,2.6999999999582913e-05,False
E:812,P:541,P:600,PARENT_BN,PARENT,0.14481022063376636,0.144973,-0.00016277936623362854,0.00016277936623362854,False
E:813,P:541,P:658,PARENT_BN,PARENT,0.145013792447477,0.144973,4.0792447477011606e-05,4.0792447477011606e-05,False
E:814,P:542,P:543,PARENT_BN,PARENT,0.14499999999999957,0.144973,2.6999999999582913e-05,2.6999999999582913e-05,False
E:815,P:543,P:600,PARENT_BN,PARENT,0.14483438818181293,0.144973,-0.0001386118181870566,0.0001386118181870566,False
E:816,P:543,P:602,PARENT_BN,PARENT,0.14456140563788109,0.144973,-0.00041159436211890554,0.00041159436211890554,False
E:817,P:544,P:545,PARENT_BN,PARENT,0.14499999999999957,0.144973,2.6999999999582913e-05,2.6999999999582913e-05,False
E:818,P:545,P:602,PARENT_BN,PARENT,0.14439182802361047,0.144973,-0.0005811719763895162,0.0005811719763895162,False
E:819,P:545,P:604,PARENT_BN,PARENT,0.14477568856683093,0.144973,-0.00019731143316906175,0.00019731143316906175,False
E:820,P:546,P:547,PARENT_BN,PARENT,0.14499999999999957,0.144973,2.6999999999582913e-05,2.6999999999582913e-05,False
E:821,P:547,P:604,PARENT_BN,PARENT,0.1452446212429224,0.144973,0.0002716212429224041,0.0002716212429224041,False
E:822,P:547,P:606,PARENT_BN,PARENT,0.1443779761598008,0.144973,-0.0005950238401991881,0.0005950238401991881,False
E:823,P:548,P:549,PARENT_BN,PARENT,0.14499999999999957,0.144973,2.6999999999582913e-05,2.6999999999582913e-05,False
E:824,P:549,P:606,PARENT_BN,PARENT,0.14477568856683093,0.144973,-0.00019731143316906175,0.00019731143316906175,False
E:825,P:549,P:608,PARENT_BN,PARENT,0.14439182802361084,0.144973,-0.0005811719763891554,0.0005811719763891554,False
E:826,P:550,P:551,PARENT_BN,PARENT,0.14499999999999957,0.144973,2.6999999999582913e-05,2.6999999999582913e-05,False
E:827,P:551,P:608,PARENT_BN,PARENT,0.14456140563788109,0.144973,-0.00041159436211890554,0.00041159436211890554,False
E:828,P:551,P:610,PARENT_BN,PARENT,0.14483438818181293,0.144973,-0.0001386118181870566,0.0001386118181870566,False
E:829,P:552,P:553,PARENT_BN,PARENT,0.14499999999999957,0.144973,2.6999999999582913e-05,2.6999999999582913e-05,False
E:830,P:553,P:610,PARENT_BN,PARENT,0.1455369368923229,0.144973,0.0005639368923228971,0.0005639368923228971,False
E:831,P:553,P:612,PARENT_BN,PARENT,0.14433987668000817,0.144973,-0.000633123319991824,0.000633123319991824,False
E:832,P:554,P:555,PARENT_BN,PARENT,0.14499999999999957,0.144973,2.6999999999582913e-05,2.6999999999582913e-05,False
E:833,P:555,P:612,PARENT_BN,PARENT,0.14439182802361086,0.144973,-0.0005811719763891277,0.0005811719763891277,False
E:834,P:555,P:614,PARENT_BN,PARENT,0.14501379244747725,0.144973,4.0792447477261407e-05,4.0792447477261407e-05,False
E:835,P:556,P:557,PARENT_BN,PARENT,0.14499999999999957,0.144973,2.6999999999582913e-05,2.6999999999582913e-05,False
E:836,P:557,P:614,PARENT_BN,PARENT,0.1443364125922496,0.144973,-0.000636587407750383,0.000636587407750383,False
E:837,P:557,P:616,PARENT_BN,PARENT,0.14483438818181277,0.144973,-0.00013861181818722312,0.00013861181818722312,False
E:838,P:558,P:559,PARENT_BN,PARENT,0.14499999999999957,0.144973,2.6999999999582913e-05,2.6999999999582913e-05,False
E:839,P:559,P:616,PARENT_BN,PARENT,0.14456140563788109,0.144973,-0.00041159436211890554,0.00041159436211890554,False
E:840,P:559,P:618,PARENT_BN,PARENT,0.14461673485458001,0.144973,-0.0003562651454199761,0.0003562651454199761,False
E:841,P:560,P:561,PARENT_BN,PARENT,0.14499999999999957,0.144973,2.6999999999582913e-05,2.6999999999582913e-05,False
E:842,P:561,P:618,PARENT_BN,PARENT,0.1446409347314931,0.144973,-0.00033206526850690365,0.00033206526850690365,False
E:843,P:561,P:620,PARENT_BN,PARENT,0.14528936643815327,0.144973,0.00031636643815327603,0.00031636643815327603,False
E:844,P:562,P:563,PARENT_BN,PARENT,0.14499999999999957,0.144973,2.6999999999582913e-05,2.6999999999582913e-05,False
E:845,P:563,P:620,PARENT_BN,PARENT,0.14442298985964805,0.144973,-0.000550010140351942,0.000550010140351942,False
E:846,P:563,P:622,PARENT_BN,PARENT,0.1446409347314931,0.144973,-0.00033206526850690365,0.00033206526850690365,False
E:847,P:564,P:565,PARENT_BN,PARENT,0.14499999999999957,0.144973,2.6999999999582913e-05,2.6999999999582913e-05,False
E:848,P:565,P:622,PARENT_BN,PARENT,0.14461673485458038,0.144973,-0.0003562651454196153,0.0003562651454196153,False
E:849,P:565,P:624,PARENT_BN,PARENT,0.14456140563788109,0.144973,-0.00041159436211890554,0.00041159436211890554,False
E:850,P:566,P:567,PARENT_BN,PARENT,0.14499999999999957,0.144973,2.6999999999582913e-05,2.6999999999582913e-05,False
E:851,P:567,P:624,PARENT_BN,PARENT,0.14483438818181277,0.144973,-0.00013861181818722312,0.00013861181818722312,False
E:852,P:567,P:626,PARENT_BN,PARENT,0.14506550244630867,0.144973,9.250244630867877e-05,9.250244630867877e-05,False
E:853,P:568,P:569,PARENT_BN,PARENT,0.14499999999999957,0.144973,2.6999999999582913e-05,2.6999999999582913e-05,False
E:854,P:569,P:626,PARENT_BN,PARENT,0.1443398766800084,0.144973,-0.000633123319991602,0.000633123319991602,False
E:855,P:569,P:628,PARENT_BN,PARENT,0.14500344823486094,0.144973,3.0448234860952494e-05,3.0448234860952494e-05,False
E:856,P:570,P:571,PARENT_BN,PARENT,0.14499999999999957,0.144973,2.6999999999582913e-05,2.6999999999582913e-05,False
E:857,P:571,P:628,PARENT_BN,PARENT,0.1443398766800084,0.144973,-0.000633123319991602,0.000633123319991602,False
E:858,P:571,P:630,PARENT_BN,PARENT,0.14506550244630867,0.144973,9.250244630867877e-05,9.250244630867877e-05,False
E:859,P:572,P:573,PARENT_BN,PARENT,0.14499999999999957,0.144973,2.6999999999582913e-05,2.6999999999582913e-05,False
E:860,P:573,P:630,PARENT_BN,PARENT,0.14483438818181277,0.144973,-0.00013861181818722312,0.00013861181818722312,False
E:861,P:573,P:632,PARENT_BN,PARENT,0.14456140563788109,0.144973,-0.00041159436211890554,0.00041159436211890554,False
E:862,P:574,P:575,PARENT_BN,PARENT,0.14499999999999957,0.144973,2.6999999999582913e-05,2.6999999999582913e-05,False
E:863,P:575,P:632,PARENT_BN,PARENT,0.14461673485458038,0.144973,-0.0003562651454196153,0.0003562651454196153,False
E:864,P:575,P:634,PARENT_BN,PARENT,0.1446409347314931,0.144973,-0.00033206526850690365,0.00033206526850690365,False
E:865,P:576,P:577,PARENT_BN,PARENT,0.14499999999999957,0.144973,2.6999999999582913e-05,2.6999999999582913e-05,False
E:866,P:577,P:634,PARENT_BN,PARENT,0.14442298985964805,0.144973,-0.000550010140351942,0.000550010140351942,False
E:867,P:577,P:636,PARENT_BN,PARENT,0.14528936643815327,0.144973,0.00031636643815327603,0.00031636643815327603,False
E:868,P:578,P:579,PARENT_BN,PARENT,0.14499999999999957,0.144973,2.6999999999582913e-05,2.6999999999582913e-05,False
E:869,P:579,P:636,PARENT_BN,PARENT,0.1446409347314931,0.144973,-0.00033206526850690365,0.00033206526850690365,False
E:870,P:579,P:638,PARENT_BN,PARENT,0.14461673485458001,0.144973,-0.0003562651454199761,0.0003562651454199761,False
E:871,P:580,P:581,PARENT_BN,PARENT,0.14499999999999957,0.144973,2.6999999999582913e-05,2.6999999999582913e-05,False
E:872,P:581,P:638,PARENT_BN,PARENT,0.14456140563788109,0.144973,-0.00041159436211890554,0.00041159436211890554,False
E:873,P:581,P:640,PARENT_BN,PARENT,0.14483438818181277,0.144973,-0.00013861181818722312,0.00013861181818722312,False
E:874,P:582,P:583,PARENT_BN,PARENT,0.14499999999999957,0.144973,2.6999999999582913e-05,2.6999999999582913e-05,False
E:875,P:583,P:640,PARENT_BN,PARENT,0.1443364125922496,0.144973,-0.000636587407750383,0.000636587407750383,False
E:876,P:583,P:642,PARENT_BN,PARENT,0.14501379244747725,0.144973,4.0792447477261407e-05,4.0792447477261407e-05,False
E:877,P:584,P:585,PARENT_BN,PARENT,0.14499999999999957,0.144973,2.6999999999582913e-05,2.6999999999582913e-05,False
E:878,P:585,P:642,PARENT_BN,PARENT,0.14439182802361086,0.144973,-0.0005811719763891277,0.0005811719763891277,False
E:879,P:585,P:644,PARENT_BN,PARENT,0.14433987668000817,0.144973,-0.000633123319991824,0.000633123319991824,False
E:880,P:586,P:587,PARENT_BN,PARENT,0.14499999999999957,0.144973,2.6999999999582913e-05,2.6999999999582913e-05,False
E:881,P:587,P:644,PARENT_BN,PARENT,0.1455369368923229,0.144973,0.0005639368923228971,0.0005639368923228971,False
E:882,P:587,P:646,PARENT_BN,PARENT,0.14483438818181293,0.144973,-0.0001386118181870566,0.0001386118181870566,False
E:883,P:588,P:589,PARENT_BN,PARENT,0.14499999999999957,0.144973,2.6999999999582913e-05,2.6999999999582913e-05,False
E:884,P:589,P:646,PARENT_BN,PARENT,0.14456140563788109,0.144973,-0.00041159436211890554,0.00041159436211890554,False
E:885,P:589,P:648,PARENT_BN,PARENT,0.14439182802361084,0.144973,-0.0005811719763891554,0.0005811719763891554,False
E:886,P:590,P:591,PARENT_BN,PARENT,0.14499999999999957,0.144973,2.6999999999582913e-05,2.6999999999582913e-05,False
E:887,P:591,P:648,PARENT_BN,PARENT,0.14477568856683093,0.144973,-0.00019731143316906175,0.00019731143316906175,False
E:888,P:591,P:650,PARENT_BN,PARENT,0.1443779761598008,0.144973,-0.0005950238401991881,0.0005950238401991881,False
E:889,P:592,P:593,PARENT_BN,PARENT,0.14499999999999957,0.144973,2.6999999999582913e-05,2.6999999999582913e-05,False
E:890,P:593,P:650,PARENT_BN,PARENT,0.1452446212429224,0.144973,0.0002716212429224041,0.0002716212429224041,False
E:891,P:593,P:652,PARENT_BN,PARENT,0.14477568856683093,0.144973,-0.00019731143316906175,0.00019731143316906175,False
E:892,P:594,P:595,PARENT_BN,PARENT,0.14499999999999957,0.144973,2.6999999999582913e-05,2.6999999999582913e-05,False
E:893,P:595,P:652,PARENT_BN,PARENT,0.14439182802361047,0.144973,-0.0005811719763895162,0.0005811719763895162,False
E:894,P:595,P:654,PARENT_BN,PARENT,0.14456140563788109,0.144973,-0.00041159436211890554,0.00041159436211890554,False
E:895,P:596,P:597,PARENT_BN,PARENT,0.14499999999999957,0.144973,2.6999999999582913e-05,2.6999999999582913e-05,False
E:896,P:597,P:654,PARENT_BN,PARENT,0.14483438818181293,0.144973,-0.0001386118181870566,0.0001386118181870566,False
E:897,P:597,P:656,PARENT_BN,PARENT,0.14481022063376636,0.144973,-0.00016277936623362854,0.00016277936623362854,False
E:898,P:598,P:599,PARENT_BN,PARENT,0.14499999999999957,0.144973,2.6999999999582913e-05,2.6999999999582913e-05,False
E:899,P:599,P:656,PARENT_BN,PARENT,0.145013792447477,0.144973,4.0792447477011606e-05,4.0792447477011606e-05,False
E:900,P:599,P:658,PARENT_BN,PARENT,0.14377760604489156,0.144973,-0.0011953939551084258,0.0011953939551084258,False
E:901,P:600,P:601,PARENT_BN,PARENT,0.14500000000000046,0.144973,2.700000000047109e-05,2.700000000047109e-05,False
E:902,P:601,P:660,PARENT_BN,PARENT,0.14533409785731632,0.144973,0.0003610978573163337,0.0003610978573163337,False
E:903,P:601,P:718,PARENT_BN,PARENT,0.14531001341958513,0.144973,0.0003370134195851415,0.0003370134195851415,False
E:904,P:602,P:603,PARENT_BN,PARENT,0.14500000000000046,0.144973,2.700000000047109e-05,2.700000000047109e-05,False
E:905,P:603,P:660,PARENT_BN,PARENT,0.14506205568652306,0.144973,8.905568652306517e-05,8.905568652306517e-05,False
E:906,P:603,P:662,PARENT_BN,PARENT,0.14489306401619031,0.144973,-7.993598380967581e-05,7.993598380967581e-05,False
E:907,P:604,P:605,PARENT_BN,PARENT,0.14500000000000046,0.144973,2.700000000047109e-05,2.700000000047109e-05,False
E:908,P:605,P:662,PARENT_BN,PARENT,0.1452756001536388,0.144973,0.0003026001536388101,0.0003026001536388101,False
E:909,P:605,P:664,PARENT_BN,PARENT,0.1457429243565529,0.144973,0.0007699243565529035,0.0007699243565529035,False
E:910,P:606,P:607,PARENT_BN,PARENT,0.14500000000000046,0.144973,2.700000000047109e-05,2.700000000047109e-05,False
E:911,P:607,P:664,PARENT_BN,PARENT,0.14487926007541566,0.144973,-9.373992458433511e-05,9.373992458433511e-05,False
E:912,P:607,P:666,PARENT_BN,PARENT,0.1452756001536388,0.144973,0.0003026001536388101,0.0003026001536388101,False
E:913,P:608,P:609,PARENT_BN,PARENT,0.14500000000000046,0.144973,2.700000000047109e-05,2.700000000047109e-05,False
E:914,P:609,P:666,PARENT_BN,PARENT,0.14489306401619068,0.144973,-7.993598380931499e-05,7.993598380931499e-05,False
E:915,P:609,P:668,PARENT_BN,PARENT,0.14506205568652306,0.144973,8.905568652306517e-05,8.905568652306517e-05,False
E:916,P:610,P:611,PARENT_BN,PARENT,0.14500000000000046,0.144973,2.700000000047109e-05,2.700000000047109e-05,False
E:917,P:611,P:668,PARENT_BN,PARENT,0.14533409785731632,0.144973,0.0003610978573163337,0.0003610978573163337,False
E:918,P:611,P:670,PARENT_BN,PARENT,0.14603424255974998,0.144973,0.0010612425597499864,0.0010612425597499864,False
E:919,P:612,P:613,PARENT_BN,PARENT,0.14500000000000046,0.144973,2.700000000047109e-05,2.700000000047109e-05,False
E:920,P:613,P:670,PARENT_BN,PARENT,0.14484129245487934,0.144973,-0.00013170754512065175,0.00013170754512065175,False
E:921,P:613,P:672,PARENT_BN,PARENT,0.1448930640161907,0.144973,-7.993598380928724e-05,7.993598380928724e-05,False
E:922,P:614,P:615,PARENT_BN,PARENT,0.14500000000000046,0.144973,2.700000000047109e-05,2.700000000047109e-05,False
E:923,P:615,P:672,PARENT_BN,PARENT,0.14551288602732038,0.144973,0.0005398860273203854,0.0005398860273203854,False
E:924,P:615,P:674,PARENT_BN,PARENT,0.14483784035948627,0.144973,-0.0001351596405137212,0.0001351596405137212,False
E:925,P:616,P:617,PARENT_BN,PARENT,0.14500000000000046,0.144973,2.700000000047109e-05,2.700000000047109e-05,False
E:926,P:617,P:674,PARENT_BN,PARENT,0.14533409785731613,0.144973,0.0003610978573161394,0.0003610978573161394,False
E:927,P:617,P:676,PARENT_BN,PARENT,0.14506205568652306,0.144973,8.905568652306517e-05,8.905568652306517e-05,False
E:928,P:618,P:619,PARENT_BN,PARENT,0.14500000000000046,0.144973,2.700000000047109e-05,2.700000000047109e-05,False
E:929,P:619,P:676,PARENT_BN,PARENT,0.14511719401917822,0.144973,0.00014419401917822872,0.00014419401917822872,False
E:930,P:619,P:678,PARENT_BN,PARENT,0.1451413104529512,0.144973,0.00016831045295120917,0.00016831045295120917,False
E:931,P:620,P:621,PARENT_BN,PARENT,0.14500000000000046,0.144973,2.700000000047109e-05,2.700000000047109e-05,False
E:932,P:621,P:678,PARENT_BN,PARENT,0.14578751661236258,0.144973,0.0008145166123625924,0.0008145166123625924,False
E:933,P:621,P:680,PARENT_BN,PARENT,0.14492411807563269,0.144973,-4.888192436730554e-05,4.888192436730554e-05,False
E:934,P:622,P:623,PARENT_BN,PARENT,0.14500000000000046,0.144973,2.700000000047109e-05,2.700000000047109e-05,False
E:935,P:623,P:680,PARENT_BN,PARENT,0.1451413104529512,0.144973,0.00016831045295120917,0.00016831045295120917,False
E:936,P:623,P:682,PARENT_BN,PARENT,0.14511719401917858,0.144973,0.00014419401917858954,0.00014419401917858954,False
E:937,P:624,P:625,PARENT_BN,PARENT,0.14500000000000046,0.144973,2.700000000047109e-05,2.700000000047109e-05,False
E:938,P:625,P:682,PARENT_BN,PARENT,0.14506205568652306,0.144973,8.905568652306517e-05,8.905568652306517e-05,False
E:939,P:625,P:684,PARENT_BN,PARENT,0.14533409785731613,0.144973,0.0003610978573161394,0.0003610978573161394,False
E:940,P:626,P:627,PARENT_BN,PARENT,0.14500000000000046,0.144973,2.700000000047109e-05,2.700000000047109e-05,False
E:941,P:627,P:684,PARENT_BN,PARENT,0.14556441872930317,0.144973,0.0005914187293031836,0.0005914187293031836,False
E:942,P:627,P:686,PARENT_BN,PARENT,0.14484129245487956,0.144973,-0.0001317075451204297,0.0001317075451204297,False
E:943,P:628,P:629,PARENT_BN,PARENT,0.14500000000000046,0.144973,2.700000000047109e-05,2.700000000047109e-05,False
E:944,P:629,P:686,PARENT_BN,PARENT,0.14550257729676103,0.144973,0.0005295772967610357,0.0005295772967610357,False
E:945,P:629,P:688,PARENT_BN,PARENT,0.14484129245487956,0.144973,-0.0001317075451204297,0.0001317075451204297,False
E:946,P:630,P:631,PARENT_BN,PARENT,0.14500000000000046,0.144973,2.700000000047109e-05,2.700000000047109e-05,False
E:947,P:631,P:688,PARENT_BN,PARENT,0.14556441872930317,0.144973,0.0005914187293031836,0.0005914187293031836,False
E:948,P:631,P:690,PARENT_BN,PARENT,0.14533409785731613,0.144973,0.0003610978573161394,0.0003610978573161394,False
E:949,P:632,P:633,PARENT_BN,PARENT,0.14500000000000046,0.144973,2.700000000047109e-05,2.700000000047109e-05,False
E:950,P:633,P:690,PARENT_BN,PARENT,0.14506205568652306,0.144973,8.905568652306517e-05,8.905568652306517e-05,False
E:951,P:633,P:692,PARENT_BN,PARENT,0.14511719401917858,0.144973,0.00014419401917858954,0.00014419401917858954,False
E:952,P:634,P:635,PARENT_BN,PARENT,0.14500000000000046,0.144973,2.700000000047109e-05,2.700000000047109e-05,False
E:953,P:635,P:692,PARENT_BN,PARENT,0.1451413104529512,0.144973,0.00016831045295120917,0.00016831045295120917,False
E:954,P:635,P:694,PARENT_BN,PARENT,0.14492411807563269,0.144973,-4.888192436730554e-05,4.888192436730554e-05,False
E:955,P:636,P:637,PARENT_BN,PARENT,0.14500000000000046,0.144973,2.700000000047109e-05,2.700000000047109e-05,False
E:956,P:637,P:694,PARENT_BN,PARENT,0.14578751661236258,0.144973,0.0008145166123625924,0.0008145166123625924,False
E:957,P:637,P:696,PARENT_BN,PARENT,0.1451413104529512,0.144973,0.00016831045295120917,0.00016831045295120917,False
E:958,P:638,P:639,PARENT_BN,PARENT,0.14500000000000046,0.144973,2.700000000047109e-05,2.700000000047109e-05,False
E:959,P:639,P:696,PARENT_BN,PARENT,0.14511719401917822,0.144973,0.00014419401917822872,0.00014419401917822872,False
E:960,P:639,P:698,PARENT_BN,PARENT,0.14506205568652306,0.144973,8.905568652306517e-05,8.905568652306517e-05,False
E:961,P:640,P:641,PARENT_BN,PARENT,0.14500000000000046,0.144973,2.700000000047109e-05,2.700000000047109e-05,False
E:962,P:641,P:698,PARENT_BN,PARENT,0.14533409785731613,0.144973,0.0003610978573161394,0.0003610978573161394,False
E:963,P:641,P:700,PARENT_BN,PARENT,0.14483784035948627,0.144973,-0.0001351596405137212,0.0001351596405137212,False
E:964,P:642,P:643,PARENT_BN,PARENT,0.14500000000000046,0.144973,2.700000000047109e-05,2.700000000047109e-05,False
E:965,P:643,P:700,PARENT_BN,PARENT,0.14551288602732038,0.144973,0.0005398860273203854,0.0005398860273203854,False
E:966,P:643,P:702,PARENT_BN,PARENT,0.1448930640161907,0.144973,-7.993598380928724e-05,7.993598380928724e-05,False
E:967,P:644,P:645,PARENT_BN,PARENT,0.14500000000000046,0.144973,2.700000000047109e-05,2.700000000047109e-05,False
E:968,P:645,P:702,PARENT_BN,PARENT,0.14484129245487934,0.144973,-0.00013170754512065175,0.00013170754512065175,False
E:969,P:645,P:704,PARENT_BN,PARENT,0.14603424255974998,0.144973,0.0010612425597499864,0.0010612425597499864,False
E:970,P:646,P:647,PARENT_BN,PARENT,0.14500000000000046,0.144973,2.700000000047109e-05,2.700000000047109e-05,False
E:971,P:647,P:704,PARENT_BN,PARENT,0.14533409785731632,0.144973,0.0003610978573163337,0.0003610978573163337,False
E:972,P:647,P:706,PARENT_BN,PARENT,0.14506205568652306,0.144973,8.905568652306517e-05,8.905568652306517e-05,False
E:973,P:648,P:649,PARENT_BN,PARENT,0.14500000000000046,0.144973,2.700000000047109e-05,2.700000000047109e-05,False
E:974,P:649,P:706,PARENT_BN,PARENT,0.14489306401619068,0.144973,-7.993598380931499e-05,7.993598380931499e-05,False
E:975,P:649,P:708,PARENT_BN,PARENT,0.1452756001536388,0.144973,0.0003026001536388101,0.0003026001536388101,False
E:976,P:650,P:651,PARENT_BN,PARENT,0.14500000000000046,0.144973,2.700000000047109e-05,2.700000000047109e-05,False
E:977,P:651,P:708,PARENT_BN,PARENT,0.14487926007541566,0.144973,-9.373992458433511e-05,9.373992458433511e-05,False
E:978,P:651,P:710,PARENT_BN,PARENT,0.1457429243565529,0.144973,0.0007699243565529035,0.0007699243565529035,False
E:979,P:652,P:653,PARENT_BN,PARENT,0.14500000000000046,0.144973,2.700000000047109e-05,2.700000000047109e-05,False
E:980,P:653,P:710,PARENT_BN,PARENT,0.1452756001536388,0.144973,0.0003026001536388101,0.0003026001536388101,False
E:981,P:653,P:712,PARENT_BN,PARENT,0.14489306401619031,0.144973,-7.993598380967581e-05,7.993598380967581e-05,False
E:982,P:654,P:655,PARENT_BN,PARENT,0.14500000000000046,0.144973,2.700000000047109e-05,2.700000000047109e-05,False
E:983,P:655,P:712,PARENT_BN,PARENT,0.14506205568652306,0.144973,8.905568652306517e-05,8.905568652306517e-05,False
E:984,P:655,P:714,PARENT_BN,PARENT,0.14533409785731632,0.144973,0.0003610978573163337,0.0003610978573163337,False
E:985,P:656,P:657,PARENT_BN,PARENT,0.14500000000000046,0.144973,2.700000000047109e-05,2.700000000047109e-05,False
E:986,P:657,P:714,PARENT_BN,PARENT,0.14531001341958513,0.144973,0.0003370134195851415,0.0003370134195851415,False
E:987,P:657,P:716,PARENT_BN,PARENT,0.14551288602732013,0.144973,0.0005398860273201356,0.0005398860273201356,False
E:988,P:658,P:659,PARENT_BN,PARENT,0.14500000000000046,0.144973,2.700000000047109e-05,2.700000000047109e-05,False
E:989,P:659,P:716,PARENT_BN,PARENT,0.14428097587693242,0.144973,-0.0006920241230675694,0.0006920241230675694,False
E:990,P:659,P:718,PARENT_BN,PARENT,0.14551288602732013,0.144973,0.0005398860273201356,0.0005398860273201356,False
E:991,P:660,P:661,PARENT_BN,PARENT,0.14400000000000013,0.144973,-0.0009729999999998629,0.0009729999999998629,False
E:992,P:661,P:720,PARENT_BN,PARENT,0.14506205568652353,0.144973,8.905568652353701e-05,8.905568652353701e-05,False
E:993,P:661,P:778,PARENT_BN,PARENT,0.14533409785731677,0.144973,0.0003610978573167778,0.0003610978573167778,False
E:994,P:662,P:663,PARENT_BN,PARENT,0.14400000000000013,0.144973,-0.0009729999999998629,0.0009729999999998629,False
E:995,P:663,P:720,PARENT_BN,PARENT,0.14489306401619076,0.144973,-7.993598380923173e-05,7.993598380923173e-05,False
E:996,P:663,P:722,PARENT_BN,PARENT,0.14527560015363924,0.144973,0.0003026001536392542,0.0003026001536392542,False
E:997,P:664,P:665,PARENT_BN,PARENT,0.14400000000000013,0.144973,-0.0009729999999998629,0.0009729999999998629,False
E:998,P:665,P:722,PARENT_BN,PARENT,0.14574292435655337,0.144973,0.0007699243565533753,0.0007699243565533753,False
E:999,P:665,P:724,PARENT_BN,PARENT,0.1448792600754161,0.144973,-9.373992458389102e-05,9.373992458389102e-05,False
E:1000,P:666,P:667,PARENT_BN,PARENT,0.14400000000000013,0.144973,-0.0009729999999998629,0.0009729999999998629,False
E:1001,P:667,P:724,PARENT_BN,PARENT,0.14527560015363924,0.144973,0.0003026001536392542,0.0003026001536392542,False
E:1002,P:667,P:726,PARENT_BN,PARENT,0.14489306401619112,0.144973,-7.99359838088709e-05,7.99359838088709e-05,False
E:1003,P:668,P:669,PARENT_BN,PARENT,0.14400000000000013,0.144973,-0.0009729999999998629,0.0009729999999998629,False
E:1004,P:669,P:726,PARENT_BN,PARENT,0.14506205568652353,0.144973,8.905568652353701e-05,8.905568652353701e-05,False
E:1005,P:669,P:728,PARENT_BN,PARENT,0.14533409785731677,0.144973,0.0003610978573167778,0.0003610978573167778,False
E:1006,P:670,P:671,PARENT_BN,PARENT,0.14400000000000013,0.144973,-0.0009729999999998629,0.0009729999999998629,False
E:1007,P:671,P:728,PARENT_BN,PARENT,0.14603424255975045,0.144973,0.0010612425597504582,0.0010612425597504582,False
E:1008,P:671,P:730,PARENT_BN,PARENT,0.14484129245487978,0.144973,-0.00013170754512020766,0.00013170754512020766,False
E:1009,P:672,P:673,PARENT_BN,PARENT,0.14400000000000013,0.144973,-0.0009729999999998629,0.0009729999999998629,False
E:1010,P:673,P:730,PARENT_BN,PARENT,0.14489306401619115,0.144973,-7.993598380884315e-05,7.993598380884315e-05,False
E:1011,P:673,P:732,PARENT_BN,PARENT,0.14551288602732082,0.144973,0.0005398860273208295,0.0005398860273208295,False
E:1012,P:674,P:675,PARENT_BN,PARENT,0.14400000000000013,0.144973,-0.0009729999999998629,0.0009729999999998629,False
E:1013,P:675,P:732,PARENT_BN,PARENT,0.1448378403594867,0.144973,-0.0001351596405132771,0.0001351596405132771,False
E:1014,P:675,P:734,PARENT_BN,PARENT,0.1453340978573166,0.144973,0.00036109785731661126,0.00036109785731661126,False
E:1015,P:676,P:677,PARENT_BN,PARENT,0.14400000000000013,0.144973,-0.0009729999999998629,0.0009729999999998629,False
E:1016,P:677,P:734,PARENT_BN,PARENT,0.14506205568652353,0.144973,8.905568652353701e-05,8.905568652353701e-05,False
E:1017,P:677,P:736,PARENT_BN,PARENT,0.14511719401917866,0.144973,0.0001441940191786728,0.0001441940191786728,False
E:1018,P:678,P:679,PARENT_BN,PARENT,0.14400000000000013,0.144973,-0.0009729999999998629,0.0009729999999998629,False
E:1019,P:679,P:736,PARENT_BN,PARENT,0.14514131045295164,0.144973,0.00016831045295165326,0.00016831045295165326,False
E:1020,P:679,P:738,PARENT_BN,PARENT,0.14578751661236306,0.144973,0.0008145166123630643,0.0008145166123630643,False
E:1021,P:680,P:681,PARENT_BN,PARENT,0.14400000000000013,0.144973,-0.0009729999999998629,0.0009729999999998629,False
E:1022,P:681,P:738,PARENT_BN,PARENT,0.14492411807563313,0.144973,-4.888192436686145e-05,4.888192436686145e-05,False
E:1023,P:681,P:740,PARENT_BN,PARENT,0.14514131045295164,0.144973,0.00016831045295165326,0.00016831045295165326,False
E:1024,P:682,P:683,PARENT_BN,PARENT,0.14400000000000013,0.144973,-0.0009729999999998629,0.0009729999999998629,False
E:1025,P:683,P:740,PARENT_BN,PARENT,0.14511719401917905,0.144973,0.00014419401917906138,0.00014419401917906138,False
E:1026,P:683,P:742,PARENT_BN,PARENT,0.14506205568652353,0.144973,8.905568652353701e-05,8.905568652353701e-05,False
E:1027,P:684,P:685,PARENT_BN,PARENT,0.14400000000000013,0.144973,-0.0009729999999998629,0.0009729999999998629,False
E:1028,P:685,P:742,PARENT_BN,PARENT,0.1453340978573166,0.144973,0.00036109785731661126,0.00036109785731661126,False
E:1029,P:685,P:744,PARENT_BN,PARENT,0.14556441872930362,0.144973,0.0005914187293036277,0.0005914187293036277,False
E:1030,P:686,P:687,PARENT_BN,PARENT,0.14400000000000013,0.144973,-0.0009729999999998629,0.0009729999999998629,False
E:1031,P:687,P:744,PARENT_BN,PARENT,0.14484129245488003,0.144973,-0.00013170754511995786,0.00013170754511995786,False
E:1032,P:687,P:746,PARENT_BN,PARENT,0.14550257729676147,0.144973,0.0005295772967614798,0.0005295772967614798,False
E:1033,P:688,P:689,PARENT_BN,PARENT,0.14400000000000013,0.144973,-0.0009729999999998629,0.0009729999999998629,False
E:1034,P:689,P:746,PARENT_BN,PARENT,0.14484129245488003,0.144973,-0.00013170754511995786,0.00013170754511995786,False
E:1035,P:689,P:748,PARENT_BN,PARENT,0.14556441872930362,0.144973,0.0005914187293036277,0.0005914187293036277,False
E:1036,P:690,P:691,PARENT_BN,PARENT,0.14400000000000013,0.144973,-0.0009729999999998629,0.0009729999999998629,False
E:1037,P:691,P:748,PARENT_BN,PARENT,0.1453340978573166,0.144973,0.00036109785731661126,0.00036109785731661126,False
E:1038,P:691,P:750,PARENT_BN,PARENT,0.14506205568652353,0.144973,8.905568652353701e-05,8.905568652353701e-05,False
E:1039,P:692,P:693,PARENT_BN,PARENT,0.14400000000000013,0.144973,-0.0009729999999998629,0.0009729999999998629,False
E:1040,P:693,P:750,PARENT_BN,PARENT,0.14511719401917905,0.144973,0.00014419401917906138,0.00014419401917906138,False
E:1041,P:693,P:752,PARENT_BN,PARENT,0.14514131045295164,0.144973,0.00016831045295165326,0.00016831045295165326,False
E:1042,P:694,P:695,PARENT_BN,PARENT,0.14400000000000013,0.144973,-0.0009729999999998629,0.0009729999999998629,False
E:1043,P:695,P:752,PARENT_BN,PARENT,0.14492411807563313,0.144973,-4.888192436686145e-05,4.888192436686145e-05,False
E:1044,P:695,P:754,PARENT_BN,PARENT,0.14578751661236306,0.144973,0.0008145166123630643,0.0008145166123630643,False
E:1045,P:696,P:697,PARENT_BN,PARENT,0.14400000000000013,0.144973,-0.0009729999999998629,0.0009729999999998629,False
E:1046,P:697,P:754,PARENT_BN,PARENT,0.14514131045295164,0.144973,0.00016831045295165326,0.00016831045295165326,False
E:1047,P:697,P:756,PARENT_BN,PARENT,0.14511719401917866,0.144973,0.0001441940191786728,0.0001441940191786728,False
E:1048,P:698,P:699,PARENT_BN,PARENT,0.14400000000000013,0.144973,-0.0009729999999998629,0.0009729999999998629,False
E:1049,P:699,P:756,PARENT_BN,PARENT,0.14506205568652353,0.144973,8.905568652353701e-05,8.905568652353701e-05,False
E:1050,P:699,P:758,PARENT_BN,PARENT,0.1453340978573166,0.144973,0.00036109785731661126,0.00036109785731661126,False
E:1051,P:700,P:701,PARENT_BN,PARENT,0.14400000000000013,0.144973,-0.0009729999999998629,0.0009729999999998629,False
E:1052,P:701,P:758,PARENT_BN,PARENT,0.1448378403594867,0.144973,-0.0001351596405132771,0.0001351596405132771,False
E:1053,P:701,P:760,PARENT_BN,PARENT,0.14551288602732082,0.144973,0.0005398860273208295,0.0005398860273208295,False
E:1054,P:702,P:703,PARENT_BN,PARENT,0.14400000000000013,0.144973,-0.0009729999999998629,0.0009729999999998629,False
E:1055,P:703,P:760,PARENT_BN,PARENT,0.14489306401619115,0.144973,-7.993598380884315e-05,7.993598380884315e-05,False
E:1056,P:703,P:762,PARENT_BN,PARENT,0.14484129245487978,0.144973,-0.00013170754512020766,0.00013170754512020766,False
E:1057,P:704,P:705,PARENT_BN,PARENT,0.14400000000000013,0.144973,-0.0009729999999998629,0.0009729999999998629,False
E:1058,P:705,P:762,PARENT_BN,PARENT,0.14603424255975045,0.144973,0.0010612425597504582,0.0010612425597504582,False
E:1059,P:705,P:764,PARENT_BN,PARENT,0.14533409785731677,0.144973,0.0003610978573167778,0.0003610978573167778,False
E:1060,P:706,P:707,PARENT_BN,PARENT,0.14400000000000013,0.144973,-0.0009729999999998629,0.0009729999999998629,False
E:1061,P:707,P:764,PARENT_BN,PARENT,0.14506205568652353,0.144973,8.905568652353701e-05,8.905568652353701e-05,False
E:1062,P:707,P:766,PARENT_BN,PARENT,0.14489306401619112,0.144973,-7.99359838088709e-05,7.99359838088709e-05,False
E:1063,P:708,P:709,PARENT_BN,PARENT,0.14400000000000013,0.144973,-0.0009729999999998629,0.0009729999999998629,False
E:1064,P:709,P:766,PARENT_BN,PARENT,0.14527560015363924,0.144973,0.0003026001536392542,0.0003026001536392542,False
E:1065,P:709,P:768,PARENT_BN,PARENT,0.1448792600754161,0.144973,-9.373992458389102e-05,9.373992458389102e-05,False
E:1066,P:710,P:711,PARENT_BN,PARENT,0.14400000000000013,0.144973,-0.0009729999999998629,0.0009729999999998629,False
E:1067,P:711,P:768,PARENT_BN,PARENT,0.14574292435655337,0.144973,0.0007699243565533753,0.0007699243565533753,False
E:1068,P:711,P:770,PARENT_BN,PARENT,0.14527560015363924,0.144973,0.0003026001536392542,0.0003026001536392542,False
E:1069,P:712,P:713,PARENT_BN,PARENT,0.14400000000000013,0.144973,-0.0009729999999998629,0.0009729999999998629,False
E:1070,P:713,P:770,PARENT_BN,PARENT,0.14489306401619076,0.144973,-7.993598380923173e-05,7.993598380923173e-05,False
E:1071,P:713,P:772,PARENT_BN,PARENT,0.14506205568652353,0.144973,8.905568652353701e-05,8.905568652353701e-05,False
E:1072,P:714,P:715,PARENT_BN,PARENT,0.14400000000000013,0.144973,-0.0009729999999998629,0.0009729999999998629,False
E:1073,P:715,P:772,PARENT_BN,PARENT,0.14533409785731677,0.144973,0.0003610978573167778,0.0003610978573167778,False
E:1074,P:715,P:774,PARENT_BN,PARENT,0.14531001341958558,0.144973,0.0003370134195855856,0.0003370134195855856,False
E:1075,P:716,P:717,PARENT_BN,PARENT,0.14400000000000013,0.144973,-0.0009729999999998629,0.0009729999999998629,False
E:1076,P:717,P:774,PARENT_BN,PARENT,0.1455128860273206,0.144973,0.0005398860273206074,0.0005398860273206074,False
E:1077,P:717,P:776,PARENT_BN,PARENT,0.14428097587693287,0.144973,-0.0006920241230671254,0.0006920241230671254,False
E:1078,P:718,P:719,PARENT_BN,PARENT,0.14400000000000013,0.144973,-0.0009729999999998629,0.0009729999999998629,False
E:1079,P:719,P:776,PARENT_BN,PARENT,0.1455128860273206,0.144973,0.0005398860273206074,0.0005398860273206074,False
E:1080,P:719,P:778,PARENT_BN,PARENT,0.14531001341958558,0.144973,0.0003370134195855856,0.0003370134195855856,False
E:1081,P:720,P:721,PARENT_BN,PARENT,0.14499999999999957,0.144973,2.6999999999582913e-05,2.6999999999582913e-05,False
E:1082,P:721,P:780,PARENT_BN,PARENT,0.14439182802361047,0.144973,-0.0005811719763895162,0.0005811719763895162,False
E:1083,P:721,P:838,PARENT_BN,PARENT,0.14456140563788109,0.144973,-0.00041159436211890554,0.00041159436211890554,False
E:1084,P:722,P:723,PARENT_BN,PARENT,0.14499999999999957,0.144973,2.6999999999582913e-05,2.6999999999582913e-05,False
E:1085,P:723,P:780,PARENT_BN,PARENT,0.14477568856683093,0.144973,-0.00019731143316906175,0.00019731143316906175,False
E:1086,P:723,P:782,PARENT_BN,PARENT,0.1452446212429224,0.144973,0.0002716212429224041,0.0002716212429224041,False
E:1087,P:724,P:725,PARENT_BN,PARENT,0.14499999999999957,0.144973,2.6999999999582913e-05,2.6999999999582913e-05,False
E:1088,P:725,P:782,PARENT_BN,PARENT,0.1443779761598008,0.144973,-0.0005950238401991881,0.0005950238401991881,False
E:1089,P:725,P:784,PARENT_BN,PARENT,0.14477568856683093,0.144973,-0.00019731143316906175,0.00019731143316906175,False
E:1090,P:726,P:727,PARENT_BN,PARENT,0.14499999999999957,0.144973,2.6999999999582913e-05,2.6999999999582913e-05,False
E:1091,P:727,P:784,PARENT_BN,PARENT,0.14439182802361084,0.144973,-0.0005811719763891554,0.0005811719763891554,False
E:1092,P:727,P:786,PARENT_BN,PARENT,0.14456140563788109,0.144973,-0.00041159436211890554,0.00041159436211890554,False
E:1093,P:728,P:729,PARENT_BN,PARENT,0.14499999999999957,0.144973,2.6999999999582913e-05,2.6999999999582913e-05,False
E:1094,P:729,P:786,PARENT_BN,PARENT,0.14483438818181293,0.144973,-0.0001386118181870566,0.0001386118181870566,False
E:1095,P:729,P:788,PARENT_BN,PARENT,0.1455369368923229,0.144973,0.0005639368923228971,0.0005639368923228971,False
E:1096,P:730,P:731,PARENT_BN,PARENT,0.14499999999999957,0.144973,2.6999999999582913e-05,2.6999999999582913e-05,False
E:1097,P:731,P:788,PARENT_BN,PARENT,0.14433987668000817,0.144973,-0.000633123319991824,0.000633123319991824,False
E:1098,P:731,P:790,PARENT_BN,PARENT,0.14439182802361086,0.144973,-0.0005811719763891277,0.0005811719763891277,False
E:1099,P:732,P:733,PARENT_BN,PARENT,0.14499999999999957,0.144973,2.6999999999582913e-05,2.6999999999582913e-05,False
E:1100,P:733,P:790,PARENT_BN,PARENT,0.14501379244747725,0.144973,4.0792447477261407e-05,4.0792447477261407e-05,False
E:1101,P:733,P:792,PARENT_BN,PARENT,0.1443364125922496,0.144973,-0.000636587407750383,0.000636587407750383,False
E:1102,P:734,P:735,PARENT_BN,PARENT,0.14499999999999957,0.144973,2.6999999999582913e-05,2.6999999999582913e-05,False
E:1103,P:735,P:792,PARENT_BN,PARENT,0.14483438818181277,0.144973,-0.00013861181818722312,0.00013861181818722312,False
E:1104,P:735,P:794,PARENT_BN,PARENT,0.14456140563788109,0.144973,-0.00041159436211890554,0.00041159436211890554,False
E:1105,P:736,P:737,PARENT_BN,PARENT,0.14499999999999957,0.144973,2.6999999999582913e-05,2.6999999999582913e-05,False
E:1106,P:737,P:794,PARENT_BN,PARENT,0.14461673485458001,0.144973,-0.0003562651454199761,0.0003562651454199761,False
E:1107,P:737,P:796,PARENT_BN,PARENT,0.1446409347314931,0.144973,-0.00033206526850690365,0.00033206526850690365,False
E:1108,P:738,P:739,PARENT_BN,PARENT,0.14499999999999957,0.144973,2.6999999999582913e-05,2.6999999999582913e-05,False
E:1109,P:739,P:796,PARENT_BN,PARENT,0.14528936643815327,0.144973,0.00031636643815327603,0.00031636643815327603,False
E:1110,P:739,P:798,PARENT_BN,PARENT,0.14442298985964805,0.144973,-0.000550010140351942,0.000550010140351942,False
E:1111,P:740,P:741,PARENT_BN,PARENT,0.14499999999999957,0.144973,2.6999999999582913e-05,2.6999999999582913e-05,False
E:1112,P:741,P:798,PARENT_BN,PARENT,0.1446409347314931,0.144973,-0.00033206526850690365,0.00033206526850690365,False
E:1113,P:741,P:800,PARENT_BN,PARENT,0.14461673485458038,0.144973,-0.0003562651454196153,0.0003562651454196153,False
E:1114,P:742,P:743,PARENT_BN,PARENT,0.14499999999999957,0.144973,2.6999999999582913e-05,2.6999999999582913e-05,False
E:1115,P:743,P:800,PARENT_BN,PARENT,0.14456140563788109,0.144973,-0.00041159436211890554,0.00041159436211890554,False
E:1116,P:743,P:802,PARENT_BN,PARENT,0.14483438818181277,0.144973,-0.00013861181818722312,0.00013861181818722312,False
E:1117,P:744,P:745,PARENT_BN,PARENT,0.14499999999999957,0.144973,2.6999999999582913e-05,2.6999999999582913e-05,False
E:1118,P:745,P:802,PARENT_BN,PARENT,0.14506550244630867,0.144973,9.250244630867877e-05,9.250244630867877e-05,False
E:1119,P:745,P:804,PARENT_BN,PARENT,0.1443398766800084,0.144973,-0.000633123319991602,0.000633123319991602,False
E:1120,P:746,P:747,PARENT_BN,PARENT,0.14499999999999957,0.144973,2.6999999999582913e-05,2.6999999999582913e-05,False
E:1121,P:747,P:804,PARENT_BN,PARENT,0.14500344823486094,0.144973,3.0448234860952494e-05,3.0448234860952494e-05,False
E:1122,P:747,P:806,PARENT_BN,PARENT,0.1443398766800084,0.144973,-0.000633123319991602,0.000633123319991602,False
E:1123,P:748,P:749,PARENT_BN,PARENT,0.14499999999999957,0.144973,2.6999999999582913e-05,2.6999999999582913e-05,False
E:1124,P:749,P:806,PARENT_BN,PARENT,0.14506550244630867,0.144973,9.250244630867877e-05,9.250244630867877e-05,False
E:1125,P:749,P:808,PARENT_BN,PARENT,0.14483438818181277,0.144973,-0.00013861181818722312,0.00013861181818722312,False
E:1126,P:750,P:751,PARENT_BN,PARENT,0.14499999999999957,0.144973,2.6999999999582913e-05,2.6999999999582913e-05,False
E:1127,P:751,P:808,PARENT_BN,PARENT,0.14456140563788109,0.144973,-0.00041159436211890554,0.00041159436211890554,False
E:1128,P:751,P:810,PARENT_BN,PARENT,0.14461673485458038,0.144973,-0.0003562651454196153,0.0003562651454196153,False
E:1129,P:752,P:753,PARENT_BN,PARENT,0.14499999999999957,0.144973,2.6999999999582913e-05,2.6999999999582913e-05,False
E:1130,P:753,P:810,PARENT_BN,PARENT,0.1446409347314931,0.144973,-0.00033206526850690365,0.00033206526850690365,False
E:1131,P:753,P:812,PARENT_BN,PARENT,0.14442298985964805,0.144973,-0.000550010140351942,0.000550010140351942,False
E:1132,P:754,P:755,PARENT_BN,PARENT,0.14499999999999957,0.144973,2.6999999999582913e-05,2.6999999999582913e-05,False
E:1133,P:755,P:812,PARENT_BN,PARENT,0.14528936643815327,0.144973,0.00031636643815327603,0.00031636643815327603,False
E:1134,P:755,P:814,PARENT_BN,PARENT,0.1446409347314931,0.144973,-0.00033206526850690365,0.00033206526850690365,False
E:1135,P:756,P:757,PARENT_BN,PARENT,0.14499999999999957,0.144973,2.6999999999582913e-05,2.6999999999582913e-05,False
E:1136,P:757,P:814,PARENT_BN,PARENT,0.14461673485458001,0.144973,-0.0003562651454199761,0.0003562651454199761,False
E:1137,P:757,P:816,PARENT_BN,PARENT,0.14456140563788109,0.144973,-0.00041159436211890554,0.00041159436211890554,False
E:1138,P:758,P:759,PARENT_BN,PARENT,0.14499999999999957,0.144973,2.6999999999582913e-05,2.6999999999582913e-05,False
E:1139,P:759,P:816,PARENT_BN,PARENT,0.14483438818181277,0.144973,-0.00013861181818722312,0.00013861181818722312,False
E:1140,P:759,P:818,PARENT_BN,PARENT,0.1443364125922496,0.144973,-0.000636587407750383,0.000636587407750383,False
E:1141,P:760,P:761,PARENT_BN,PARENT,0.14499999999999957,0.144973,2.6999999999582913e-05,2.6999999999582913e-05,False
E:1142,P:761,P:818,PARENT_BN,PARENT,0.14501379244747725,0.144973,4.0792447477261407e-05,4.0792447477261407e-05,False
E:1143,P:761,P:820,PARENT_BN,PARENT,0.14439182802361086,0.144973,-0.0005811719763891277,0.0005811719763891277,False
E:1144,P:762,P:763,PARENT_BN,PARENT,0.14499999999999957,0.144973,2.6999999999582913e-05,2.6999999999582913e-05,False
E:1145,P:763,P:820,PARENT_BN,PARENT,0.14433987668000817,0.144973,-0.000633123319991824,0.000633123319991824,False
E:1146,P:763,P:822,PARENT_BN,PARENT,0.1455369368923229,0.144973,0.0005639368923228971,0.0005639368923228971,False
E:1147,P:764,P:765,PARENT_BN,PARENT,0.14499999999999957,0.144973,2.6999999999582913e-05,2.6999999999582913e-05,False
E:1148,P:765,P:822,PARENT_BN,PARENT,0.14483438818181293,0.144973,-0.0001386118181870566,0.0001386118181870566,False
E:1149,P:765,P:824,PARENT_BN,PARENT,0.14456140563788109,0.144973,-0.00041159436211890554,0.00041159436211890554,False
E:1150,P:766,P:767,PARENT_BN,PARENT,0.14499999999999957,0.144973,2.6999999999582913e-05,2.6999999999582913e-05,False
E:1151,P:767,P:824,PARENT_BN,PARENT,0.14439182802361084,0.144973,-0.0005811719763891554,0.0005811719763891554,False
E:1152,P:767,P:826,PARENT_BN,PARENT,0.14477568856683093,0.144973,-0.00019731143316906175,0.00019731143316906175,False
E:1153,P:768,P:769,PARENT_BN,PARENT,0.14499999999999957,0.144973,2.6999999999582913e-05,2.6999999999582913e-05,False
E:1154,P:769,P:826,PARENT_BN,PARENT,0.1443779761598008,0.144973,-0.0005950238401991881,0.0005950238401991881,False
E:1155,P:769,P:828,PARENT_BN,PARENT,0.1452446212429224,0.144973,0.0002716212429224041,0.0002716212429224041,False
E:1156,P:770,P:771,PARENT_BN,PARENT,0.14499999999999957,0.144973,2.6999999999582913e-05,2.6999999999582913e-05,False
E:1157,P:771,P:828,PARENT_BN,PARENT,0.14477568856683093,0.144973,-0.00019731143316906175,0.00019731143316906175,False
E:1158,P:771,P:830,PARENT_BN,PARENT,0.14439182802361047,0.144973,-0.0005811719763895162,0.0005811719763895162,False
E:1159,P:772,P:773,PARENT_BN,PARENT,0.14499999999999957,0.144973,2.6999999999582913e-05,2.6999999999582913e-05,False
E:1160,P:773,P:830,PARENT_BN,PARENT,0.14456140563788109,0.144973,-0.00041159436211890554,0.00041159436211890554,False
E:1161,P:773,P:832,PARENT_BN,PARENT,0.14483438818181293,0.144973,-0.0001386118181870566,0.0001386118181870566,False
E:1162,P:774,P:775,PARENT_BN,PARENT,0.14499999999999957,0.144973,2.6999999999582913e-05,2.6999999999582913e-05,False
E:1163,P:775,P:832,PARENT_BN,PARENT,0.14481022063376636,0.144973,-0.00016277936623362854,0.00016277936623362854,False
E:1164,P:775,P:834,PARENT_BN,PARENT,0.145013792447477,0.144973,4.0792447477011606e-05,4.0792447477011606e-05,False
E:1165,P:776,P:777,PARENT_BN,PARENT,0.14499999999999957,0.144973,2.6999999999582913e-05,2.6999999999582913e-05,False
E:1166,P:777,P:834,PARENT_BN,PARENT,0.14377760604489156,0.144973,-0.0011953939551084258,0.0011953939551084258,False
E:1167,P:777,P:836,PARENT_BN,PARENT,0.145013792447477,0.144973,4.0792447477011606e-05,4.0792447477011606e-05,False
E:1168,P:778,P:779,PARENT_BN,PARENT,0.14499999999999957,0.144973,2.6999999999582913e-05,2.6999999999582913e-05,False
E:1169,P:779,P:836,PARENT_BN,PARENT,0.14481022063376636,0.144973,-0.00016277936623362854,0.00016277936623362854,False
E:1170,P:779,P:838,PARENT_BN,PARENT,0.14483438818181293,0.144973,-0.0001386118181870566,0.0001386118181870566,False
E:1171,P:780,P:781,PARENT_BN,PARENT,0.1459999999999999,0.144973,0.0010269999999999169,0.0010269999999999169,False
E:1172,P:781,P:840,PARENT_BN,PARENT,0.14477568856683093,0.144973,-0.00019731143316906175,0.00019731143316906175,False
E:1173,P:781,P:898,PARENT_BN,PARENT,0.14439182802361047,0.144973,-0.0005811719763895162,0.0005811719763895162,False
E:1174,P:782,P:783,PARENT_BN,PARENT,0.1459999999999999,0.144973,0.0010269999999999169,0.0010269999999999169,False
E:1175,P:783,P:840,PARENT_BN,PARENT,0.1452446212429224,0.144973,0.0002716212429224041,0.0002716212429224041,False
E:1176,P:783,P:842,PARENT_BN,PARENT,0.1443779761598008,0.144973,-0.0005950238401991881,0.0005950238401991881,False
E:1177,P:784,P:785,PARENT_BN,PARENT,0.1459999999999999,0.144973,0.0010269999999999169,0.0010269999999999169,False
E:1178,P:785,P:842,PARENT_BN,PARENT,0.14477568856683093,0.144973,-0.00019731143316906175,0.00019731143316906175,False
E:1179,P:785,P:844,PARENT_BN,PARENT,0.14439182802361084,0.144973,-0.0005811719763891554,0.0005811719763891554,False
E:1180,P:786,P:787,PARENT_BN,PARENT,0.1459999999999999,0.144973,0.0010269999999999169,0.0010269999999999169,False
E:1181,P:787,P:844,PARENT_BN,PARENT,0.14456140563788109,0.144973,-0.00041159436211890554,0.00041159436211890554,False
E:1182,P:787,P:846,PARENT_BN,PARENT,0.14483438818181293,0.144973,-0.0001386118181870566,0.0001386118181870566,False
E:1183,P:788,P:789,PARENT_BN,PARENT,0.1459999999999999,0.144973,0.0010269999999999169,0.0010269999999999169,False
E:1184,P:789,P:846,PARENT_BN,PARENT,0.1455369368923229,0.144973,0.0005639368923228971,0.0005639368923228971,False
E:1185,P:789,P:848,PARENT_BN,PARENT,0.14433987668000817,0.144973,-0.000633123319991824,0.000633123319991824,False
E:1186,P:790,P:791,PARENT_BN,PARENT,0.1459999999999999,0.144973,0.0010269999999999169,0.0010269999999999169,False
E:1187,P:791,P:848,PARENT_BN,PARENT,0.14439182802361086,0.144973,-0.0005811719763891277,0.0005811719763891277,False
E:1188,P:791,P:850,PARENT_BN,PARENT,0.14501379244747725,0.144973,4.0792447477261407e-05,4.0792447477261407e-05,False
E:1189,P:792,P:793,PARENT_BN,PARENT,0.1459999999999999,0.144973,0.0010269999999999169,0.0010269999999999169,False
E:1190,P:793,P:850,PARENT_BN,PARENT,0.1443364125922496,0.144973,-0.000636587407750383,0.000636587407750383,False
E:1191,P:793,P:852,PARENT_BN,PARENT,0.14483438818181277,0.144973,-0.00013861181818722312,0.00013861181818722312,False
E:1192,P:794,P:795,PARENT_BN,PARENT,0.1459999999999999,0.144973,0.0010269999999999169,0.0010269999999999169,False
E:1193,P:795,P:852,PARENT_BN,PARENT,0.14456140563788109,0.144973,-0.00041159436211890554,0.00041159436211890554,False
E:1194,P:795,P:854,PARENT_BN,PARENT,0.14461673485458001,0.144973,-0.0003562651454199761,0.0003562651454199761,False
E:1195,P:796,P:797,PARENT_BN,PARENT,0.1459999999999999,0.144973,0.0010269999999999169,0.0010269999999999169,False
E:1196,P:797,P:854,PARENT_BN,PARENT,0.1446409347314931,0.144973,-0.00033206526850690365,0.00033206526850690365,False
E:1197,P:797,P:856,PARENT_BN,PARENT,0.14528936643815327,0.144973,0.00031636643815327603,0.00031636643815327603,False
E:1198,P:798,P:799,PARENT_BN,PARENT,0.1459999999999999,0.144973,0.0010269999999999169,0.0010269999999999169,False
E:1199,P:799,P:856,PARENT_BN,PARENT,0.14442298985964805,0.144973,-0.000550010140351942,0.000550010140351942,False
E:1200,P:799,P:858,PARENT_BN,PARENT,0.1446409347314931,0.144973,-0.00033206526850690365,0.00033206526850690365,False
E:1201,P:800,P:801,PARENT_BN,PARENT,0.1459999999999999,0.144973,0.0010269999999999169,0.0010269999999999169,False
E:1202,P:801,P:858,PARENT_BN,PARENT,0.14461673485458038,0.144973,-0.0003562651454196153,0.0003562651454196153,False
E:1203,P:801,P:860,PARENT_BN,PARENT,0.14456140563788109,0.144973,-0.00041159436211890554,0.00041159436211890554,False
E:1204,P:802,P:803,PARENT_BN,PARENT,0.1459999999999999,0.144973,0.0010269999999999169,0.0010269999999999169,False
E:1205,P:803,P:860,PARENT_BN,PARENT,0.14483438818181277,0.144973,-0.00013861181818722312,0.00013861181818722312,False
E:1206,P:803,P:862,PARENT_BN,PARENT,0.14506550244630867,0.144973,9.250244630867877e-05,9.250244630867877e-05,False
E:1207,P:804,P:805,PARENT_BN,PARENT,0.1459999999999999,0.144973,0.0010269999999999169,0.0010269999999999169,False
E:1208,P:805,P:862,PARENT_BN,PARENT,0.1443398766800084,0.144973,-0.000633123319991602,0.000633123319991602,False
E:1209,P:805,P:864,PARENT_BN,PARENT,0.14500344823486094,0.144973,3.0448234860952494e-05,3.0448234860952494e-05,False
E:1210,P:806,P:807,PARENT_BN,PARENT,0.1459999999999999,0.144973,0.0010269999999999169,0.0010269999999999169,False
E:1211,P:807,P:864,PARENT_BN,PARENT,0.1443398766800084,0.144973,-0.000633123319991602,0.000633123319991602,False
E:1212,P:807,P:866,PARENT_BN,PARENT,0.14506550244630867,0.144973,9.250244630867877e-05,9.250244630867877e-05,False
E:1213,P:808,P:809,PARENT_BN,PARENT,0.1459999999999999,0.144973,0.0010269999999999169,0.0010269999999999169,False
E:1214,P:809,P:866,PARENT_BN,PARENT,0.14483438818181277,0.144973,-0.00013861181818722312,0.00013861181818722312,False
E:1215,P:809,P:868,PARENT_BN,PARENT,0.14456140563788109,0.144973,-0.00041159436211890554,0.00041159436211890554,False
E:1216,P:810,P:811,PARENT_BN,PARENT,0.1459999999999999,0.144973,0.0010269999999999169,0.0010269999999999169,False
E:1217,P:811,P:868,PARENT_BN,PARENT,0.14461673485458038,0.144973,-0.0003562651454196153,0.0003562651454196153,False
E:1218,P:811,P:870,PARENT_BN,PARENT,0.1446409347314931,0.144973,-0.00033206526850690365,0.00033206526850690365,False
E:1219,P:812,P:813,PARENT_BN,PARENT,0.1459999999999999,0.144973,0.0010269999999999169,0.0010269999999999169,False
E:1220,P:813,P:870,PARENT_BN,PARENT,0.14442298985964805,0.144973,-0.000550010140351942,0.000550010140351942,False
E:1221,P:813,P:872,PARENT_BN,PARENT,0.14528936643815327,0.144973,0.00031636643815327603,0.00031636643815327603,False
E:1222,P:814,P:815,PARENT_BN,PARENT,0.1459999999999999,0.144973,0.0010269999999999169,0.0010269999999999169,False
E:1223,P:815,P:872,PARENT_BN,PARENT,0.1446409347314931,0.144973,-0.00033206526850690365,0.00033206526850690365,False
E:1224,P:815,P:874,PARENT_BN,PARENT,0.14461673485458001,0.144973,-0.0003562651454199761,0.0003562651454199761,False
E:1225,P:816,P:817,PARENT_BN,PARENT,0.1459999999999999,0.144973,0.0010269999999999169,0.0010269999999999169,False
E:1226,P:817,P:874,PARENT_BN,PARENT,0.14456140563788109,0.144973,-0.00041159436211890554,0.00041159436211890554,False
E:1227,P:817,P:876,PARENT_BN,PARENT,0.14483438818181277,0.144973,-0.00013861181818722312,0.00013861181818722312,False
E:1228,P:818,P:819,PARENT_BN,PARENT,0.1459999999999999,0.144973,0.0010269999999999169,0.0010269999999999169,False
E:1229,P:819,P:876,PARENT_BN,PARENT,0.1443364125922496,0.144973,-0.000636587407750383,0.000636587407750383,False
E:1230,P:819,P:878,PARENT_BN,PARENT,0.14501379244747725,0.144973,4.0792447477261407e-05,4.0792447477261407e-05,False
E:1231,P:820,P:821,PARENT_BN,PARENT,0.1459999999999999,0.144973,0.0010269999999999169,0.0010269999999999169,False
E:1232,P:821,P:878,PARENT_BN,PARENT,0.14439182802361086,0.144973,-0.0005811719763891277,0.0005811719763891277,False
E:1233,P:821,P:880,PARENT_BN,PARENT,0.14433987668000817,0.144973,-0.000633123319991824,0.000633123319991824,False
E:1234,P:822,P:823,PARENT_BN,PARENT,0.1459999999999999,0.144973,0.0010269999999999169,0.0010269999999999169,False
E:1235,P:823,P:880,PARENT_BN,PARENT,0.1455369368923229,0.144973,0.0005639368923228971,0.0005639368923228971,False
E:1236,P:823,P:882,PARENT_BN,PARENT,0.14483438818181293,0.144973,-0.0001386118181870566,0.0001386118181870566,False
E:1237,P:824,P:825,PARENT_BN,PARENT,0.1459999999999999,0.144973,0.0010269999999999169,0.0010269999999999169,False
E:1238,P:825,P:882,PARENT_BN,PARENT,0.14456140563788109,0.144973,-0.00041159436211890554,0.00041159436211890554,False
E:1239,P:825,P:884,PARENT_BN,PARENT,0.14439182802361084,0.144973,-0.0005811719763891554,0.0005811719763891554,False
E:1240,P:826,P:827,PARENT_BN,PARENT,0.1459999999999999,0.144973,0.0010269999999999169,0.0010269999999999169,False
E:1241,P:827,P:884,PARENT_BN,PARENT,0.14477568856683093,0.144973,-0.00019731143316906175,0.00019731143316906175,False
E:1242,P:827,P:886,PARENT_BN,PARENT,0.1443779761598008,0.144973,-0.0005950238401991881,0.0005950238401991881,False
E:1243,P:828,P:829,PARENT_BN,PARENT,0.1459999999999999,0.144973,0.0010269999999999169,0.0010269999999999169,False
E:1244,P:829,P:886,PARENT_BN,PARENT,0.1452446212429224,0.144973,0.0002716212429224041,0.0002716212429224041,False
E:1245,P:829,P:888,PARENT_BN,PARENT,0.14477568856683093,0.144973,-0.00019731143316906175,0.00019731143316906175,False
E:1246,P:830,P:831,PARENT_BN,PARENT,0.1459999999999999,0.144973,0.0010269999999999169,0.0010269999999999169,False
E:1247,P:831,P:888,PARENT_BN,PARENT,0.14439182802361047,0.144973,-0.0005811719763895162,0.0005811719763895162,False
E:1248,P:831,P:890,PARENT_BN,PARENT,0.14456140563788109,0.144973,-0.00041159436211890554,0.00041159436211890554,False
E:1249,P:832,P:833,PARENT_BN,PARENT,0.1459999999999999,0.144973,0.0010269999999999169,0.0010269999999999169,False
E:1250,P:833,P:890,PARENT_BN,PARENT,0.14483438818181293,0.144973,-0.0001386118181870566,0.0001386118181870566,False
E:1251,P:833,P:892,PARENT_BN,PARENT,0.14481022063376636,0.144973,-0.00016277936623362854,0.00016277936623362854,False
E:1252,P:834,P:835,PARENT_BN,PARENT,0.1459999999999999,0.144973,0.0010269999999999169,0.0010269999999999169,False
E:1253,P:835,P:892,PARENT_BN,PARENT,0.145013792447477,0.144973,4.0792447477011606e-05,4.0792447477011606e-05,False
E:1254,P:835,P:894,PARENT_BN,PARENT,0.14377760604489156,0.144973,-0.0011953939551084258,0.0011953939551084258,False
E:1255,P:836,P:837,PARENT_BN,PARENT,0.1459999999999999,0.144973,0.0010269999999999169,0.0010269999999999169,False
E:1256,P:837,P:894,PARENT_BN,PARENT,0.145013792447477,0.144973,4.0792447477011606e-05,4.0792447477011606e-05,False
E:1257,P:837,P:896,PARENT_BN,PARENT,0.14481022063376636,0.144973,-0.00016277936623362854,0.00016277936623362854,False
E:1258,P:838,P:839,PARENT_BN,PARENT,0.1459999999999999,0.144973,0.0010269999999999169,0.0010269999999999169,False
E:1259,P:839,P:896,PARENT_BN,PARENT,0.14483438818181293,0.144973,-0.0001386118181870566,0.0001386118181870566,False
E:1260,P:839,P:898,PARENT_BN,PARENT,0.14456140563788109,0.144973,-0.00041159436211890554,0.00041159436211890554,False
E:1261,P:840,P:841,PARENT_BN,PARENT,0.14500000000000046,0.144973,2.700000000047109e-05,2.700000000047109e-05,False
E:1262,P:841,P:900,PARENT_BN,PARENT,0.1457429243565529,0.144973,0.0007699243565529035,0.0007699243565529035,False
E:1263,P:841,P:958,PARENT_BN,PARENT,0.1452756001536388,0.144973,0.0003026001536388101,0.0003026001536388101,False
E:1264,P:842,P:843,PARENT_BN,PARENT,0.14500000000000046,0.144973,2.700000000047109e-05,2.700000000047109e-05,False
E:1265,P:843,P:900,PARENT_BN,PARENT,0.14487926007541566,0.144973,-9.373992458433511e-05,9.373992458433511e-05,False
E:1266,P:843,P:902,PARENT_BN,PARENT,0.1452756001536388,0.144973,0.0003026001536388101,0.0003026001536388101,False
E:1267,P:844,P:845,PARENT_BN,PARENT,0.14500000000000046,0.144973,2.700000000047109e-05,2.700000000047109e-05,False
E:1268,P:845,P:902,PARENT_BN,PARENT,0.14489306401619068,0.144973,-7.993598380931499e-05,7.993598380931499e-05,False
E:1269,P:845,P:904,PARENT_BN,PARENT,0.14506205568652306,0.144973,8.905568652306517e-05,8.905568652306517e-05,False
E:1270,P:846,P:847,PARENT_BN,PARENT,0.14500000000000046,0.144973,2.700000000047109e-05,2.700000000047109e-05,False
E:1271,P:847,P:904,PARENT_BN,PARENT,0.14533409785731632,0.144973,0.0003610978573163337,0.0003610978573163337,False
E:1272,P:847,P:906,PARENT_BN,PARENT,0.14603424255974998,0.144973,0.0010612425597499864,0.0010612425597499864,False
E:1273,P:848,P:849,PARENT_BN,PARENT,0.14500000000000046,0.144973,2.700000000047109e-05,2.700000000047109e-05,False
E:1274,P:849,P:906,PARENT_BN,PARENT,0.14484129245487934,0.144973,-0.00013170754512065175,0.00013170754512065175,False
E:1275,P:849,P:908,PARENT_BN,PARENT,0.1448930640161907,0.144973,-7.993598380928724e-05,7.993598380928724e-05,False
E:1276,P:850,P:851,PARENT_BN,PARENT,0.14500000000000046,0.144973,2.700000000047109e-05,2.700000000047109e-05,False
E:1277,P:851,P:908,PARENT_BN,PARENT,0.14551288602732038,0.144973,0.0005398860273203854,0.0005398860273203854,False
E:1278,P:851,P:910,PARENT_BN,PARENT,0.14483784035948627,0.144973,-0.0001351596405137212,0.0001351596405137212,False
E:1279,P:852,P:853,PARENT_BN,PARENT,0.14500000000000046,0.144973,2.700000000047109e-05,2.700000000047109e-05,False
E:1280,P:853,P:910,PARENT_BN,PARENT,0.14533409785731613,0.144973,0.0003610978573161394,0.0003610978573161394,False
E:1281,P:853,P:912,PARENT_BN,PARENT,0.14506205568652306,0.144973,8.905568652306517e-05,8.905568652306517e-05,False
E:1282,P:854,P:855,PARENT_BN,PARENT,0.14500000000000046,0.144973,2.700000000047109e-05,2.700000000047109e-05,False
E:1283,P:855,P:912,PARENT_BN,PARENT,0.14511719401917822,0.144973,0.00014419401917822872,0.00014419401917822872,False
E:1284,P:855,P:914,PARENT_BN,PARENT,0.1451413104529512,0.144973,0.00016831045295120917,0.00016831045295120917,False
E:1285,P:856,P:857,PARENT_BN,PARENT,0.14500000000000046,0.144973,2.700000000047109e-05,2.700000000047109e-05,False
E:1286,P:857,P:914,PARENT_BN,PARENT,0.14578751661236258,0.144973,0.0008145166123625924,0.0008145166123625924,False
E:1287,P:857,P:916,PARENT_BN,PARENT,0.14492411807563269,0.144973,-4.888192436730554e-05,4.888192436730554e-05,False
E:1288,P:858,P:859,PARENT_BN,PARENT,0.14500000000000046,0.144973,2.700000000047109e-05,2.700000000047109e-05,False
E:1289,P:859,P:916,PARENT_BN,PARENT,0.1451413104529512,0.144973,0.00016831045295120917,0.00016831045295120917,False
E:1290,P:859,P:918,PARENT_BN,PARENT,0.14511719401917858,0.144973,0.00014419401917858954,0.00014419401917858954,False
E:1291,P:860,P:861,PARENT_BN,PARENT,0.14500000000000046,0.144973,2.700000000047109e-05,2.700000000047109e-05,False
E:1292,P:861,P:918,PARENT_BN,PARENT,0.14506205568652306,0.144973,8.905568652306517e-05,8.905568652306517e-05,False
E:1293,P:861,P:920,PARENT_BN,PARENT,0.14533409785731613,0.144973,0.0003610978573161394,0.0003610978573161394,False
E:1294,P:862,P:863,PARENT_BN,PARENT,0.14500000000000046,0.144973,2.700000000047109e-05,2.700000000047109e-05,False
E:1295,P:863,P:920,PARENT_BN,PARENT,0.14556441872930317,0.144973,0.0005914187293031836,0.0005914187293031836,False
E:1296,P:863,P:922,PARENT_BN,PARENT,0.14484129245487956,0.144973,-0.0001317075451204297,0.0001317075451204297,False
E:1297,P:864,P:865,PARENT_BN,PARENT,0.14500000000000046,0.144973,2.700000000047109e-05,2.700000000047109e-05,False
E:1298,P:865,P:922,PARENT_BN,PARENT,0.14550257729676103,0.144973,0.0005295772967610357,0.0005295772967610357,False
E:1299,P:865,P:924,PARENT_BN,PARENT,0.14484129245487956,0.144973,-0.0001317075451204297,0.0001317075451204297,False
E:1300,P:866,P:867,PARENT_BN,PARENT,0.14500000000000046,0.144973,2.700000000047109e-05,2.700000000047109e-05,False
E:1301,P:867,P:924,PARENT_BN,PARENT,0.14556441872930317,0.144973,0.0005914187293031836,0.0005914187293031836,False
E:1302,P:867,P:926,PARENT_BN,PARENT,0.14533409785731613,0.144973,0.0003610978573161394,0.0003610978573161394,False
E:1303,P:868,P:869,PARENT_BN,PARENT,0.14500000000000046,0.144973,2.700000000047109e-05,2.700000000047109e-05,False
E:1304,P:869,P:926,PARENT_BN,PARENT,0.14506205568652306,0.144973,8.905568652306517e-05,8.905568652306517e-05,False
E:1305,P:869,P:928,PARENT_BN,PARENT,0.14511719401917858,0.144973,0.00014419401917858954,0.00014419401917858954,False
E:1306,P:870,P:871,PARENT_BN,PARENT,0.14500000000000046,0.144973,2.700000000047109e-05,2.700000000047109e-05,False
E:1307,P:871,P:928,PARENT_BN,PARENT,0.1451413104529512,0.144973,0.00016831045295120917,0.00016831045295120917,False
E:1308,P:871,P:930,PARENT_BN,PARENT,0.14492411807563269,0.144973,-4.888192436730554e-05,4.888192436730554e-05,False
E:1309,P:872,P:873,PARENT_BN,PARENT,0.14500000000000046,0.144973,2.700000000047109e-05,2.700000000047109e-05,False
E:1310,P:873,P:930,PARENT_BN,PARENT,0.14578751661236258,0.144973,0.0008145166123625924,0.0008145166123625924,False
E:1311,P:873,P:932,PARENT_BN,PARENT,0.1451413104529512,0.144973,0.00016831045295120917,0.00016831045295120917,False
E:1312,P:874,P:875,PARENT_BN,PARENT,0.14500000000000046,0.144973,2.700000000047109e-05,2.700000000047109e-05,False
E:1313,P:875,P:932,PARENT_BN,PARENT,0.14511719401917822,0.144973,0.00014419401917822872,0.00014419401917822872,False
E:1314,P:875,P:934,PARENT_BN,PARENT,0.14506205568652306,0.144973,8.905568652306517e-05,8.905568652306517e-05,False
E:1315,P:876,P:877,PARENT_BN,PARENT,0.14500000000000046,0.144973,2.700000000047109e-05,2.700000000047109e-05,False
E:1316,P:877,P:934,PARENT_BN,PARENT,0.14533409785731613,0.144973,0.0003610978573161394,0.0003610978573161394,False
E:1317,P:877,P:936,PARENT_BN,PARENT,0.14483784035948627,0.144973,-0.0001351596405137212,0.0001351596405137212,False
E:1318,P:878,P:879,PARENT_BN,PARENT,0.14500000000000046,0.144973,2.700000000047109e-05,2.700000000047109e-05,False
E:1319,P:879,P:936,PARENT_BN,PARENT,0.14551288602732038,0.144973,0.0005398860273203854,0.0005398860273203854,False
E:1320,P:879,P:938,PARENT_BN,PARENT,0.1448930640161907,0.144973,-7.993598380928724e-05,7.993598380928724e-05,False
E:1321,P:880,P:881,PARENT_BN,PARENT,0.14500000000000046,0.144973,2.700000000047109e-05,2.700000000047109e-05,False
E:1322,P:881,P:938,PARENT_BN,PARENT,0.14484129245487934,0.144973,-0.00013170754512065175,0.00013170754512065175,False
E:1323,P:881,P:940,PARENT_BN,PARENT,0.14603424255974998,0.144973,0.0010612425597499864,0.0010612425597499864,False
E:1324,P:882,P:883,PARENT_BN,PARENT,0.14500000000000046,0.144973,2.700000000047109e-05,2.700000000047109e-05,False
E:1325,P:883,P:940,PARENT_BN,PARENT,0.14533409785731632,0.144973,0.0003610978573163337,0.0003610978573163337,False
E:1326,P:883,P:942,PARENT_BN,PARENT,0.14506205568652306,0.144973,8.905568652306517e-05,8.905568652306517e-05,False
E:1327,P:884,P:885,PARENT_BN,PARENT,0.14500000000000046,0.144973,2.700000000047109e-05,2.700000000047109e-05,False
E:1328,P:885,P:942,PARENT_BN,PARENT,0.14489306401619068,0.144973,-7.993598380931499e-05,7.993598380931499e-05,False
E:1329,P:885,P:944,PARENT_BN,PARENT,0.1452756001536388,0.144973,0.0003026001536388101,0.0003026001536388101,False
E:1330,P:886,P:887,PARENT_BN,PARENT,0.14500000000000046,0.144973,2.700000000047109e-05,2.700000000047109e-05,False
E:1331,P:887,P:944,PARENT_BN,PARENT,0.14487926007541566,0.144973,-9.373992458433511e-05,9.373992458433511e-05,False
E:1332,P:887,P:946,PARENT_BN,PARENT,0.1457429243565529,0.144973,0.0007699243565529035,0.0007699243565529035,False
E:1333,P:888,P:889,PARENT_BN,PARENT,0.14500000000000046,0.144973,2.700000000047109e-05,2.700000000047109e-05,False
E:1334,P:889,P:946,PARENT_BN,PARENT,0.1452756001536388,0.144973,0.0003026001536388101,0.0003026001536388101,False
E:1335,P:889,P:948,PARENT_BN,PARENT,0.14489306401619031,0.144973,-7.993598380967581e-05,7.993598380967581e-05,False
E:1336,P:890,P:891,PARENT_BN,PARENT,0.14500000000000046,0.144973,2.700000000047109e-05,2.700000000047109e-05,False
E:1337,P:891,P:948,PARENT_BN,PARENT,0.14506205568652306,0.144973,8.905568652306517e-05,8.905568652306517e-05,False
E:1338,P:891,P:950,PARENT_BN,PARENT,0.14533409785731632,0.144973,0.0003610978573163337,0.0003610978573163337,False
E:1339,P:892,P:893,PARENT_BN,PARENT,0.14500000000000046,0.144973,2.700000000047109e-05,2.700000000047109e-05,False
E:1340,P:893,P:950,PARENT_BN,PARENT,0.14531001341958513,0.144973,0.0003370134195851415,0.0003370134195851415,False
E:1341,P:893,P:952,PARENT_BN,PARENT,0.14551288602732013,0.144973,0.0005398860273201356,0.0005398860273201356,False
E:1342,P:894,P:895,PARENT_BN,PARENT,0.14500000000000046,0.144973,2.700000000047109e-05,2.700000000047109e-05,False
E:1343,P:895,P:952,PARENT_BN,PARENT,0.14428097587693242,0.144973,-0.0006920241230675694,0.0006920241230675694,False
E:1344,P:895,P:954,PARENT_BN,PARENT,0.14551288602732013,0.144973,0.0005398860273201356,0.0005398860273201356,False
E:1345,P:896,P:897,PARENT_BN,PARENT,0.14500000000000046,0.144973,2.700000000047109e-05,2.700000000047109e-05,False
E:1346,P:897,P:954,PARENT_BN,PARENT,0.14531001341958513,0.144973,0.0003370134195851415,0.0003370134195851415,False
E:1347,P:897,P:956,PARENT_BN,PARENT,0.14533409785731632,0.144973,0.0003610978573163337,0.0003610978573163337,False
E:1348,P:898,P:899,PARENT_BN,PARENT,0.14500000000000046,0.144973,2.700000000047109e-05,2.700000000047109e-05,False
E:1349,P:899,P:956,PARENT_BN,PARENT,0.14506205568652306,0.144973,8.905568652306517e-05,8.905568652306517e-05,False
E:1350,P:899,P:958,PARENT_BN,PARENT,0.14489306401619031,0.144973,-7.993598380967581e-05,7.993598380967581e-05,False
E:1351,P:900,P:901,PARENT_BN,PARENT,0.14500000000000046,0.144973,2.700000000047109e-05,2.700000000047109e-05,False
E:1352,P:901,P:960,PARENT_BN,PARENT,0.1443779761598008,0.144973,-0.0005950238401991881,0.0005950238401991881,False
E:1353,P:901,P:1018,PARENT_BN,PARENT,0.1452446212429224,0.144973,0.0002716212429224041,0.0002716212429224041,False
E:1354,P:902,P:903,PARENT_BN,PARENT,0.14500000000000046,0.144973,2.700000000047109e-05,2.700000000047109e-05,False
E:1355,P:903,P:960,PARENT_BN,PARENT,0.14477568856683093,0.144973,-0.00019731143316906175,0.00019731143316906175,False
E:1356,P:903,P:962,PARENT_BN,PARENT,0.14439182802361084,0.144973,-0.0005811719763891554,0.0005811719763891554,False
E:1357,P:904,P:905,PARENT_BN,PARENT,0.14500000000000046,0.144973,2.700000000047109e-05,2.700000000047109e-05,False
E:1358,P:905,P:962,PARENT_BN,PARENT,0.14456140563788109,0.144973,-0.00041159436211890554,0.00041159436211890554,False
E:1359,P:905,P:964,PARENT_BN,PARENT,0.14483438818181293,0.144973,-0.0001386118181870566,0.0001386118181870566,False
E:1360,P:906,P:907,PARENT_BN,PARENT,0.14500000000000046,0.144973,2.700000000047109e-05,2.700000000047109e-05,False
E:1361,P:907,P:964,PARENT_BN,PARENT,0.1455369368923229,0.144973,0.0005639368923228971,0.0005639368923228971,False
E:1362,P:907,P:966,PARENT_BN,PARENT,0.14433987668000817,0.144973,-0.000633123319991824,0.000633123319991824,False
E:1363,P:908,P:909,PARENT_BN,PARENT,0.14500000000000046,0.144973,2.700000000047109e-05,2.700000000047109e-05,False
E:1364,P:909,P:966,PARENT_BN,PARENT,0.14439182802361086,0.144973,-0.0005811719763891277,0.0005811719763891277,False
E:1365,P:909,P:968,PARENT_BN,PARENT,0.14501379244747725,0.144973,4.0792447477261407e-05,4.0792447477261407e-05,False
E:1366,P:910,P:911,PARENT_BN,PARENT,0.14500000000000046,0.144973,2.700000000047109e-05,2.700000000047109e-05,False
E:1367,P:911,P:968,PARENT_BN,PARENT,0.1443364125922496,0.144973,-0.000636587407750383,0.000636587407750383,False
E:1368,P:911,P:970,PARENT_BN,PARENT,0.14483438818181277,0.144973,-0.00013861181818722312,0.00013861181818722312,False
E:1369,P:912,P:913,PARENT_BN,PARENT,0.14500000000000046,0.144973,2.700000000047109e-05,2.700000000047109e-05,False
E:1370,P:913,P:970,PARENT_BN,PARENT,0.14456140563788109,0.144973,-0.00041159436211890554,0.00041159436211890554,False
E:1371,P:913,P:972,PARENT_BN,PARENT,0.14461673485458001,0.144973,-0.0003562651454199761,0.0003562651454199761,False
E:1372,P:914,P:915,PARENT_BN,PARENT,0.14500000000000046,0.144973,2.700000000047109e-05,2.700000000047109e-05,False
E:1373,P:915,P:972,PARENT_BN,PARENT,0.1446409347314931,0.144973,-0.00033206526850690365,0.00033206526850690365,False
E:1374,P:915,P:974,PARENT_BN,PARENT,0.14528936643815327,0.144973,0.00031636643815327603,0.00031636643815327603,False
E:1375,P:916,P:917,PARENT_BN,PARENT,0.14500000000000046,0.144973,2.700000000047109e-05,2.700000000047109e-05,False
E:1376,P:917,P:974,PARENT_BN,PARENT,0.14442298985964805,0.144973,-0.000550010140351942,0.000550010140351942,False
E:1377,P:917,P:976,PARENT_BN,PARENT,0.1446409347314931,0.144973,-0.00033206526850690365,0.00033206526850690365,False
E:1378,P:918,P:919,PARENT_BN,PARENT,0.14500000000000046,0.144973,2.700000000047109e-05,2.700000000047109e-05,False
E:1379,P:919,P:976,PARENT_BN,PARENT,0.14461673485458038,0.144973,-0.0003562651454196153,0.0003562651454196153,False
E:1380,P:919,P:978,PARENT_BN,PARENT,0.14456140563788109,0.144973,-0.00041159436211890554,0.00041159436211890554,False
E:1381,P:920,P:921,PARENT_BN,PARENT,0.14500000000000046,0.144973,2.700000000047109e-05,2.700000000047109e-05,False
E:1382,P:921,P:978,PARENT_BN,PARENT,0.14483438818181277,0.144973,-0.00013861181818722312,0.00013861181818722312,False
E:1383,P:921,P:980,PARENT_BN,PARENT,0.14506550244630867,0.144973,9.250244630867877e-05,9.250244630867877e-05,False
E:1384,P:922,P:923,PARENT_BN,PARENT,0.14500000000000046,0.144973,2.700000000047109e-05,2.700000000047109e-05,False
E:1385,P:923,P:980,PARENT_BN,PARENT,0.1443398766800084,0.144973,-0.000633123319991602,0.000633123319991602,False
E:1386,P:923,P:982,PARENT_BN,PARENT,0.14500344823486094,0.144973,3.0448234860952494e-05,3.0448234860952494e-05,False
E:1387,P:924,P:925,PARENT_BN,PARENT,0.14500000000000046,0.144973,2.700000000047109e-05,2.700000000047109e-05,False
E:1388,P:925,P:982,PARENT_BN,PARENT,0.1443398766800084,0.144973,-0.000633123319991602,0.000633123319991602,False
E:1389,P:925,P:984,PARENT_BN,PARENT,0.14506550244630867,0.144973,9.250244630867877e-05,9.250244630867877e-05,False
E:1390,P:926,P:927,PARENT_BN,PARENT,0.14500000000000046,0.144973,2.700000000047109e-05,2.700000000047109e-05,False
E:1391,P:927,P:984,PARENT_BN,PARENT,0.14483438818181277,0.144973,-0.00013861181818722312,0.00013861181818722312,False
E:1392,P:927,P:986,PARENT_BN,PARENT,0.14456140563788109,0.144973,-0.00041159436211890554,0.00041159436211890554,False
E:1393,P:928,P:929,PARENT_BN,PARENT,0.14500000000000046,0.144973,2.700000000047109e-05,2.700000000047109e-05,False
E:1394,P:929,P:986,PARENT_BN,PARENT,0.14461673485458038,0.144973,-0.0003562651454196153,0.0003562651454196153,False
E:1395,P:929,P:988,PARENT_BN,PARENT,0.1446409347314931,0.144973,-0.00033206526850690365,0.00033206526850690365,False
E:1396,P:930,P:931,PARENT_BN,PARENT,0.14500000000000046,0.144973,2.700000000047109e-05,2.700000000047109e-05,False
E:1397,P:931,P:988,PARENT_BN,PARENT,0.14442298985964805,0.144973,-0.000550010140351942,0.000550010140351942,False
E:1398,P:931,P:990,PARENT_BN,PARENT,0.14528936643815327,0.144973,0.00031636643815327603,0.00031636643815327603,False
E:1399,P:932,P:933,PARENT_BN,PARENT,0.14500000000000046,0.144973,2.700000000047109e-05,2.700000000047109e-05,False
E:1400,P:933,P:990,PARENT_BN,PARENT,0.1446409347314931,0.144973,-0.00033206526850690365,0.00033206526850690365,False
E:1401,P:933,P:992,PARENT_BN,PARENT,0.14461673485458001,0.144973,-0.0003562651454199761,0.0003562651454199761,False
E:1402,P:934,P:935,PARENT_BN,PARENT,0.14500000000000046,0.144973,2.700000000047109e-05,2.700000000047109e-05,False
E:1403,P:935,P:992,PARENT_BN,PARENT,0.14456140563788109,0.144973,-0.00041159436211890554,0.00041159436211890554,False
E:1404,P:935,P:994,PARENT_BN,PARENT,0.14483438818181277,0.144973,-0.00013861181818722312,0.00013861181818722312,False
E:1405,P:936,P:937,PARENT_BN,PARENT,0.14500000000000046,0.144973,2.700000000047109e-05,2.700000000047109e-05,False
E:1406,P:937,P:994,PARENT_BN,PARENT,0.1443364125922496,0.144973,-0.000636587407750383,0.000636587407750383,False
E:1407,P:937,P:996,PARENT_BN,PARENT,0.14501379244747725,0.144973,4.0792447477261407e-05,4.0792447477261407e-05,False
E:1408,P:938,P:939,PARENT_BN,PARENT,0.14500000000000046,0.144973,2.700000000047109e-05,2.700000000047109e-05,False
E:1409,P:939,P:996,PARENT_BN,PARENT,0.14439182802361086,0.144973,-0.0005811719763891277,0.0005811719763891277,False
E:1410,P:939,P:998,PARENT_BN,PARENT,0.14433987668000817,0.144973,-0.000633123319991824,0.000633123319991824,False
E:1411,P:940,P:941,PARENT_BN,PARENT,0.14500000000000046,0.144973,2.700000000047109e-05,2.700000000047109e-05,False
E:1412,P:941,P:998,PARENT_BN,PARENT,0.1455369368923229,0.144973,0.0005639368923228971,0.0005639368923228971,False
E:1413,P:941,P:1000,PARENT_BN,PARENT,0.14483438818181293,0.144973,-0.0001386118181870566,0.0001386118181870566,False
E:1414,P:942,P:943,PARENT_BN,PARENT,0.14500000000000046,0.144973,2.700000000047109e-05,2.700000000047109e-05,False
E:1415,P:943,P:1000,PARENT_BN,PARENT,0.14456140563788109,0.144973,-0.00041159436211890554,0.00041159436211890554,False
E:1416,P:943,P:1002,PARENT_BN,PARENT,0.14439182802361084,0.144973,-0.0005811719763891554,0.0005811719763891554,False
E:1417,P:944,P:945,PARENT_BN,PARENT,0.14500000000000046,0.144973,2.700000000047109e-05,2.700000000047109e-05,False
E:1418,P:945,P:1002,PARENT_BN,PARENT,0.14477568856683093,0.144973,-0.00019731143316906175,0.00019731143316906175,False
E:1419,P:945,P:1004,PARENT_BN,PARENT,0.1443779761598008,0.144973,-0.0005950238401991881,0.0005950238401991881,False
E:1420,P:946,P:947,PARENT_BN,PARENT,0.14500000000000046,0.144973,2.700000000047109e-05,2.700000000047109e-05,False
E:1421,P:947,P:1004,PARENT_BN,PARENT,0.1452446212429224,0.144973,0.0002716212429224041,0.0002716212429224041,False
E:1422,P:947,P:1006,PARENT_BN,PARENT,0.14477568856683093,0.144973,-0.00019731143316906175,0.00019731143316906175,False
E:1423,P:948,P:949,PARENT_BN,PARENT,0.14500000000000046,0.144973,2.700000000047109e-05,2.700000000047109e-05,False
E:1424,P:949,P:1006,PARENT_BN,PARENT,0.14439182802361047,0.144973,-0.0005811719763895162,0.0005811719763895162,False
E:1425,P:949,P:1008,PARENT_BN,PARENT,0.14456140563788109,0.144973,-0.00041159436211890554,0.00041159436211890554,False
E:1426,P:950,P:951,PARENT_BN,PARENT,0.14500000000000046,0.144973,2.700000000047109e-05,2.700000000047109e-05,False
E:1427,P:951,P:1008,PARENT_BN,PARENT,0.14483438818181293,0.144973,-0.0001386118181870566,0.0001386118181870566,False
E:1428,P:951,P:1010,PARENT_BN,PARENT,0.14481022063376636,0.144973,-0.00016277936623362854,0.00016277936623362854,False
E:1429,P:952,P:953,PARENT_BN,PARENT,0.14500000000000046,0.144973,2.700000000047109e-05,2.700000000047109e-05,False
E:1430,P:953,P:1010,PARENT_BN,PARENT,0.145013792447477,0.144973,4.0792447477011606e-05,4.0792447477011606e-05,False
E:1431,P:953,P:1012,PARENT_BN,PARENT,0.14377760604489156,0.144973,-0.0011953939551084258,0.0011953939551084258,False
E:1432,P:954,P:955,PARENT_BN,PARENT,0.14500000000000046,0.144973,2.700000000047109e-05,2.700000000047109e-05,False
E:1433,P:955,P:1012,PARENT_BN,PARENT,0.145013792447477,0.144973,4.0792447477011606e-05,4.0792447477011606e-05,False
E:1434,P:955,P:1014,PARENT_BN,PARENT,0.14481022063376636,0.144973,-0.00016277936623362854,0.00016277936623362854,False
E:1435,P:956,P:957,PARENT_BN,PARENT,0.14500000000000046,0.144973,2.700000000047109e-05,2.700000000047109e-05,False
E:1436,P:957,P:1014,PARENT_BN,PARENT,0.14483438818181293,0.144973,-0.0001386118181870566,0.0001386118181870566,False
E:1437,P:957,P:1016,PARENT_BN,PARENT,0.14456140563788109,0.144973,-0.00041159436211890554,0.00041159436211890554,False
E:1438,P:958,P:959,PARENT_BN,PARENT,0.14500000000000046,0.144973,2.700000000047109e-05,2.700000000047109e-05,False
E:1439,P:959,P:1016,PARENT_BN,PARENT,0.14439182802361047,0.144973,-0.0005811719763895162,0.0005811719763895162,False
E:1440,P:959,P:1018,PARENT_BN,PARENT,0.14477568856683093,0.144973,-0.00019731143316906175,0.00019731143316906175,False
E:1441,P:960,P:961,PARENT_BN,PARENT,0.14499999999999957,0.144973,2.6999999999582913e-05,2.6999999999582913e-05,False
E:1442,P:961,P:1020,PARENT_BN,PARENT,0.14477568856683093,0.144973,-0.00019731143316906175,0.00019731143316906175,False
E:1443,P:961,P:1078,PARENT_BN,PARENT,0.1443779761598008,0.144973,-0.0005950238401991881,0.0005950238401991881,False
E:1444,P:962,P:963,PARENT_BN,PARENT,0.14499999999999957,0.144973,2.6999999999582913e-05,2.6999999999582913e-05,False
E:1445,P:963,P:1020,PARENT_BN,PARENT,0.14439182802361084,0.144973,-0.0005811719763891554,0.0005811719763891554,False
E:1446,P:963,P:1022,PARENT_BN,PARENT,0.14456140563788109,0.144973,-0.00041159436211890554,0.00041159436211890554,False
E:1447,P:964,P:965,PARENT_BN,PARENT,0.14499999999999957,0.144973,2.6999999999582913e-05,2.6999999999582913e-05,False
E:1448,P:965,P:1022,PARENT_BN,PARENT,0.14483438818181293,0.144973,-0.0001386118181870566,0.0001386118181870566,False
E:1449,P:965,P:1024,PARENT_BN,PARENT,0.1455369368923229,0.144973,0.0005639368923228971,0.0005639368923228971,False
E:1450,P:966,P:967,PARENT_BN,PARENT,0.14499999999999957,0.144973,2.6999999999582913e-05,2.6999999999582913e-05,False
E:1451,P:967,P:1024,PARENT_BN,PARENT,0.14433987668000817,0.144973,-0.000633123319991824,0.000633123319991824,False
E:1452,P:967,P:1026,PARENT_BN,PARENT,0.14439182802361086,0.144973,-0.0005811719763891277,0.0005811719763891277,False
E:1453,P:968,P:969,PARENT_BN,PARENT,0.14499999999999957,0.144973,2.6999999999582913e-05,2.6999999999582913e-05,False
E:1454,P:969,P:1026,PARENT_BN,PARENT,0.14501379244747725,0.144973,4.0792447477261407e-05,4.0792447477261407e-05,False
E:1455,P:969,P:1028,PARENT_BN,PARENT,0.1443364125922496,0.144973,-0.000636587407750383,0.000636587407750383,False
E:1456,P:970,P:971,PARENT_BN,PARENT,0.14499999999999957,0.144973,2.6999999999582913e-05,2.6999999999582913e-05,False
E:1457,P:971,P:1028,PARENT_BN,PARENT,0.14483438818181277,0.144973,-0.00013861181818722312,0.00013861181818722312,False
E:1458,P:971,P:1030,PARENT_BN,PARENT,0.14456140563788109,0.144973,-0.00041159436211890554,0.00041159436211890554,False
E:1459,P:972,P:973,PARENT_BN,PARENT,0.14499999999999957,0.144973,2.6999999999582913e-05,2.6999999999582913e-05,False
E:1460,P:973,P:1030,PARENT_BN,PARENT,0.14461673485458001,0.144973,-0.0003562651454199761,0.0003562651454199761,False
E:1461,P:973,P:1032,PARENT_BN,PARENT,0.1446409347314931,0.144973,-0.00033206526850690365,0.00033206526850690365,False
E:1462,P:974,P:975,PARENT_BN,PARENT,0.14499999999999957,0.144973,2.6999999999582913e-05,2.6999999999582913e-05,False
E:1463,P:975,P:1032,PARENT_BN,PARENT,0.14528936643815327,0.144973,0.00031636643815327603,0.00031636643815327603,False
E:1464,P:975,P:1034,PARENT_BN,PARENT,0.14442298985964805,0.144973,-0.000550010140351942,0.000550010140351942,False
E:1465,P:976,P:977,PARENT_BN,PARENT,0.14499999999999957,0.144973,2.6999999999582913e-05,2.6999999999582913e-05,False
E:1466,P:977,P:1034,PARENT_BN,PARENT,0.1446409347314931,0.144973,-0.00033206526850690365,0.00033206526850690365,False
E:1467,P:977,P:1036,PARENT_BN,PARENT,0.14461673485458038,0.144973,-0.0003562651454196153,0.0003562651454196153,False
E:1468,P:978,P:979,PARENT_BN,PARENT,0.14499999999999957,0.144973,2.6999999999582913e-05,2.6999999999582913e-05,False
E:1469,P:979,P:1036,PARENT_BN,PARENT,0.14456140563788109,0.144973,-0.00041159436211890554,0.00041159436211890554,False
E:1470,P:979,P:1038,PARENT_BN,PARENT,0.14483438818181277,0.144973,-0.00013861181818722312,0.00013861181818722312,False
E:1471,P:980,P:981,PARENT_BN,PARENT,0.14499999999999957,0.144973,2.6999999999582913e-05,2.6999999999582913e-05,False
E:1472,P:981,P:1038,PARENT_BN,PARENT,0.14506550244630867,0.144973,9.250244630867877e-05,9.250244630867877e-05,False
E:1473,P:981,P:1040,PARENT_BN,PARENT,0.1443398766800084,0.144973,-0.000633123319991602,0.000633123319991602,False
E:1474,P:982,P:983,PARENT_BN,PARENT,0.14499999999999957,0.144973,2.6999999999582913e-05,2.6999999999582913e-05,False
E:1475,P:983,P:1040,PARENT_BN,PARENT,0.14500344823486094,0.144973,3.0448234860952494e-05,3.0448234860952494e-05,False
E:1476,P:983,P:1042,PARENT_BN,PARENT,0.1443398766800084,0.144973,-0.000633123319991602,0.000633123319991602,False
E:1477,P:984,P:985,PARENT_BN,PARENT,0.14499999999999957,0.144973,2.6999999999582913e-05,2.6999999999582913e-05,False
E:1478,P:985,P:1042,PARENT_BN,PARENT,0.14506550244630867,0.144973,9.250244630867877e-05,9.250244630867877e-05,False
E:1479,P:985,P:1044,PARENT_BN,PARENT,0.14483438818181277,0.144973,-0.00013861181818722312,0.00013861181818722312,False
E:1480,P:986,P:987,PARENT_BN,PARENT,0.14499999999999957,0.144973,2.6999999999582913e-05,2.6999999999582913e-05,False
E:1481,P:987,P:1044,PARENT_BN,PARENT,0.14456140563788109,0.144973,-0.00041159436211890554,0.00041159436211890554,False
E:1482,P:987,P:1046,PARENT_BN,PARENT,0.14461673485458038,0.144973,-0.0003562651454196153,0.0003562651454196153,False
E:1483,P:988,P:989,PARENT_BN,PARENT,0.14499999999999957,0.144973,2.6999999999582913e-05,2.6999999999582913e-05,False
E:1484,P:989,P:1046,PARENT_BN,PARENT,0.1446409347314931,0.144973,-0.00033206526850690365,0.00033206526850690365,False
E:1485,P:989,P:1048,PARENT_BN,PARENT,0.14442298985964805,0.144973,-0.000550010140351942,0.000550010140351942,False
E:1486,P:990,P:991,PARENT_BN,PARENT,0.14499999999999957,0.144973,2.6999999999582913e-05,2.6999999999582913e-05,False
E:1487,P:991,P:1048,PARENT_BN,PARENT,0.14528936643815327,0.144973,0.00031636643815327603,0.00031636643815327603,False
E:1488,P:991,P:1050,PARENT_BN,PARENT,0.1446409347314931,0.144973,-0.00033206526850690365,0.00033206526850690365,False
E:1489,P:992,P:993,PARENT_BN,PARENT,0.14499999999999957,0.144973,2.6999999999582913e-05,2.6999999999582913e-05,False
E:1490,P:993,P:1050,PARENT_BN,PARENT,0.14461673485458001,0.144973,-0.0003562651454199761,0.0003562651454199761,False
E:1491,P:993,P:1052,PARENT_BN,PARENT,0.14456140563788109,0.144973,-0.00041159436211890554,0.00041159436211890554,False
E:1492,P:994,P:995,PARENT_BN,PARENT,0.14499999999999957,0.144973,2.6999999999582913e-05,2.6999999999582913e-05,False
E:1493,P:995,P:1052,PARENT_BN,PARENT,0.14483438818181277,0.144973,-0.00013861181818722312,0.00013861181818722312,False
E:1494,P:995,P:1054,PARENT_BN,PARENT,0.1443364125922496,0.144973,-0.000636587407750383,0.000636587407750383,False
E:1495,P:996,P:997,PARENT_BN,PARENT,0.14499999999999957,0.144973,2.6999999999582913e-05,2.6999999999582913e-05,False
E:1496,P:997,P:1054,PARENT_BN,PARENT,0.14501379244747725,0.144973,4.0792447477261407e-05,4.0792447477261407e-05,False
E:1497,P:997,P:1056,PARENT_BN,PARENT,0.14439182802361086,0.144973,-0.0005811719763891277,0.0005811719763891277,False
E:1498,P:998,P:999,PARENT_BN,PARENT,0.14499999999999957,0.144973,2.6999999999582913e-05,2.6999999999582913e-05,False
E:1499,P:999,P:1056,PARENT_BN,PARENT,0.14433987668000817,0.144973,-0.000633123319991824,0.000633123319991824,False
E:1500,P:999,P:1058,PARENT_BN,PARENT,0.1455369368923229,0.144973,0.0005639368923228971,0.0005639368923228971,False
E:1501,P:1000,P:1001,PARENT_BN,PARENT,0.14499999999999957,0.144973,2.6999999999582913e-05,2.6999999999582913e-05,False
E:1502,P:1001,P:1058,PARENT_BN,PARENT,0.14483438818181293,0.144973,-0.0001386118181870566,0.0001386118181870566,False
E:1503,P:1001,P:1060,PARENT_BN,PARENT,0.14456140563788109,0.144973,-0.00041159436211890554,0.00041159436211890554,False
E:1504,P:1002,P:1003,PARENT_BN,PARENT,0.14499999999999957,0.144973,2.6999999999582913e-05,2.6999999999582913e-05,False
E:1505,P:1003,P:1060,PARENT_BN,PARENT,0.14439182802361084,0.144973,-0.0005811719763891554,0.0005811719763891554,False
E:1506,P:1003,P:1062,PARENT_BN,PARENT,0.14477568856683093,0.144973,-0.00019731143316906175,0.00019731143316906175,False
E:1507,P:1004,P:1005,PARENT_BN,PARENT,0.14499999999999957,0.144973,2.6999999999582913e-05,2.6999999999582913e-05,False
E:1508,P:1005,P:1062,PARENT_BN,PARENT,0.1443779761598008,0.144973,-0.0005950238401991881,0.0005950238401991881,False
E:1509,P:1005,P:1064,PARENT_BN,PARENT,0.1452446212429224,0.144973,0.0002716212429224041,0.0002716212429224041,False
E:1510,P:1006,P:1007,PARENT_BN,PARENT,0.14499999999999957,0.144973,2.6999999999582913e-05,2.6999999999582913e-05,False
E:1511,P:1007,P:1064,PARENT_BN,PARENT,0.14477568856683093,0.144973,-0.00019731143316906175,0.00019731143316906175,False
E:1512,P:1007,P:1066,PARENT_BN,PARENT,0.14439182802361047,0.144973,-0.0005811719763895162,0.0005811719763895162,False
E:1513,P:1008,P:1009,PARENT_BN,PARENT,0.14499999999999957,0.144973,2.6999999999582913e-05,2.6999999999582913e-05,False
E:1514,P:1009,P:1066,PARENT_BN,PARENT,0.14456140563788109,0.144973,-0.00041159436211890554,0.00041159436211890554,False
E:1515,P:1009,P:1068,PARENT_BN,PARENT,0.14483438818181293,0.144973,-0.0001386118181870566,0.0001386118181870566,False
E:1516,P:1010,P:1011,PARENT_BN,PARENT,0.14499999999999957,0.144973,2.6999999999582913e-05,2.6999999999582913e-05,False
E:1517,P:1011,P:1068,PARENT_BN,PARENT,0.14481022063376636,0.144973,-0.00016277936623362854,0.00016277936623362854,False
E:1518,P:1011,P:1070,PARENT_BN,PARENT,0.145013792447477,0.144973,4.0792447477011606e-05,4.0792447477011606e-05,False
E:1519,P:1012,P:1013,PARENT_BN,PARENT,0.14499999999999957,0.144973,2.6999999999582913e-05,2.6999999999582913e-05,False
E:1520,P:1013,P:1070,PARENT_BN,PARENT,0.14377760604489156,0.144973,-0.0011953939551084258,0.0011953939551084258,False
E:1521,P:1013,P:1072,PARENT_BN,PARENT,0.145013792447477,0.144973,4.0792447477011606e-05,4.0792447477011606e-05,False
E:1522,P:1014,P:1015,PARENT_BN,PARENT,0.14499999999999957,0.144973,2.6999999999582913e-05,2.6999999999582913e-05,False
E:1523,P:1015,P:1072,PARENT_BN,PARENT,0.14481022063376636,0.144973,-0.00016277936623362854,0.00016277936623362854,False
E:1524,P:1015,P:1074,PARENT_BN,PARENT,0.14483438818181293,0.144973,-0.0001386118181870566,0.0001386118181870566,False
E:1525,P:1016,P:1017,PARENT_BN,PARENT,0.14499999999999957,0.144973,2.6999999999582913e-05,2.6999999999582913e-05,False
E:1526,P:1017,P:1074,PARENT_BN,PARENT,0.14456140563788109,0.144973,-0.00041159436211890554,0.00041159436211890554,False
E:1527,P:1017,P:1076,PARENT_BN,PARENT,0.14439182802361047,0.144973,-0.0005811719763895162,0.0005811719763895162,False
E:1528,P:1018,P:1019,PARENT_BN,PARENT,0.14499999999999957,0.144973,2.6999999999582913e-05,2.6999999999582913e-05,False
E:1529,P:1019,P:1076,PARENT_BN,PARENT,0.14477568856683093,0.144973,-0.00019731143316906175,0.00019731143316906175,False
E:1530,P:1019,P:1078,PARENT_BN,PARENT,0.1452446212429224,0.144973,0.0002716212429224041,0.0002716212429224041,False
E:1531,P:1020,P:1021,PARENT_BN,PARENT,0.14499999999999957,0.144973,2.6999999999582913e-05,2.6999999999582913e-05,False
E:1532,P:1021,P:1080,PARENT_BN,PARENT,0.14489306401619112,0.144973,-7.99359838088709e-05,7.99359838088709e-05,False
E:1533,P:1021,P:1138,PARENT_BN,PARENT,0.14527560015363924,0.144973,0.0003026001536392542,0.0003026001536392542,False
E:1534,P:1022,P:1023,PARENT_BN,PARENT,0.14499999999999957,0.144973,2.6999999999582913e-05,2.6999999999582913e-05,False
E:1535,P:1023,P:1080,PARENT_BN,PARENT,0.14506205568652353,0.144973,8.905568652353701e-05,8.905568652353701e-05,False
E:1536,P:1023,P:1082,PARENT_BN,PARENT,0.14533409785731677,0.144973,0.0003610978573167778,0.0003610978573167778,False
E:1537,P:1024,P:1025,PARENT_BN,PARENT,0.14499999999999957,0.144973,2.6999999999582913e-05,2.6999999999582913e-05,False
E:1538,P:1025,P:1082,PARENT_BN,PARENT,0.14603424255975045,0.144973,0.0010612425597504582,0.0010612425597504582,False
E:1539,P:1025,P:1084,PARENT_BN,PARENT,0.14484129245487978,0.144973,-0.00013170754512020766,0.00013170754512020766,False
E:1540,P:1026,P:1027,PARENT_BN,PARENT,0.14499999999999957,0.144973,2.6999999999582913e-05,2.6999999999582913e-05,False
E:1541,P:1027,P:1084,PARENT_BN,PARENT,0.14489306401619115,0.144973,-7.993598380884315e-05,7.993598380884315e-05,False
E:1542,P:1027,P:1086,PARENT_BN,PARENT,0.14551288602732082,0.144973,0.0005398860273208295,0.0005398860273208295,False
E:1543,P:1028,P:1029,PARENT_BN,PARENT,0.14499999999999957,0.144973,2.6999999999582913e-05,2.6999999999582913e-05,False
E:1544,P:1029,P:1086,PARENT_BN,PARENT,0.1448378403594867,0.144973,-0.0001351596405132771,0.0001351596405132771,False
E:1545,P:1029,P:1088,PARENT_BN,PARENT,0.1453340978573166,0.144973,0.00036109785731661126,0.00036109785731661126,False
E:1546,P:1030,P:1031,PARENT_BN,PARENT,0.14499999999999957,0.144973,2.6999999999582913e-05,2.6999999999582913e-05,False
E:1547,P:1031,P:1088,PARENT_BN,PARENT,0.14506205568652353,0.144973,8.905568652353701e-05,8.905568652353701e-05,False
E:1548,P:1031,P:1090,PARENT_BN,PARENT,0.14511719401917866,0.144973,0.0001441940191786728,0.0001441940191786728,False
E:1549,P:1032,P:1033,PARENT_BN,PARENT,0.14499999999999957,0.144973,2.6999999999582913e-05,2.6999999999582913e-05,False
E:1550,P:1033,P:1090,PARENT_BN,PARENT,0.14514131045295164,0.144973,0.00016831045295165326,0.00016831045295165326,False
E:1551,P:1033,P:1092,PARENT_BN,PARENT,0.14578751661236306,0.144973,0.0008145166123630643,0.0008145166123630643,False
E:1552,P:1034,P:1035,PARENT_BN,PARENT,0.14499999999999957,0.144973,2.6999999999582913e-05,2.6999999999582913e-05,False
E:1553,P:1035,P:1092,PARENT_BN,PARENT,0.14492411807563313,0.144973,-4.888192436686145e-05,4.888192436686145e-05,False
E:1554,P:1035,P:1094,PARENT_BN,PARENT,0.14514131045295164,0.144973,0.00016831045295165326,0.00016831045295165326,False
E:1555,P:1036,P:1037,PARENT_BN,PARENT,0.14499999999999957,0.144973,2.6999999999582913e-05,2.6999999999582913e-05,False
E:1556,P:1037,P:1094,PARENT_BN,PARENT,0.14511719401917905,0.144973,0.00014419401917906138,0.00014419401917906138,False
E:1557,P:1037,P:1096,PARENT_BN,PARENT,0.14506205568652353,0.144973,8.905568652353701e-05,8.905568652353701e-05,False
E:1558,P:1038,P:1039,PARENT_BN,PARENT,0.14499999999999957,0.144973,2.6999999999582913e-05,2.6999999999582913e-05,False
E:1559,P:1039,P:1096,PARENT_BN,PARENT,0.1453340978573166,0.144973,0.00036109785731661126,0.00036109785731661126,False
E:1560,P:1039,P:1098,PARENT_BN,PARENT,0.14556441872930362,0.144973,0.0005914187293036277,0.0005914187293036277,False
E:1561,P:1040,P:1041,PARENT_BN,PARENT,0.14499999999999957,0.144973,2.6999999999582913e-05,2.6999999999582913e-05,False
E:1562,P:1041,P:1098,PARENT_BN,PARENT,0.14484129245488003,0.144973,-0.00013170754511995786,0.00013170754511995786,False
E:1563,P:1041,P:1100,PARENT_BN,PARENT,0.14550257729676147,0.144973,0.0005295772967614798,0.0005295772967614798,False
E:1564,P:1042,P:1043,PARENT_BN,PARENT,0.14499999999999957,0.144973,2.6999999999582913e-05,2.6999999999582913e-05,False
E:1565,P:1043,P:1100,PARENT_BN,PARENT,0.14484129245488003,0.144973,-0.00013170754511995786,0.00013170754511995786,False
E:1566,P:1043,P:1102,PARENT_BN,PARENT,0.14556441872930362,0.144973,0.0005914187293036277,0.0005914187293036277,False
E:1567,P:1044,P:1045,PARENT_BN,PARENT,0.14499999999999957,0.144973,2.6999999999582913e-05,2.6999999999582913e-05,False
E:1568,P:1045,P:1102,PARENT_BN,PARENT,0.1453340978573166,0.144973,0.00036109785731661126,0.00036109785731661126,False
E:1569,P:1045,P:1104,PARENT_BN,PARENT,0.14506205568652353,0.144973,8.905568652353701e-05,8.905568652353701e-05,False
E:1570,P:1046,P:1047,PARENT_BN,PARENT,0.14499999999999957,0.144973,2.6999999999582913e-05,2.6999999999582913e-05,False
E:1571,P:1047,P:1104,PARENT_BN,PARENT,0.14511719401917905,0.144973,0.00014419401917906138,0.00014419401917906138,False
E:1572,P:1047,P:1106,PARENT_BN,PARENT,0.14514131045295164,0.144973,0.00016831045295165326,0.00016831045295165326,False
E:1573,P:1048,P:1049,PARENT_BN,PARENT,0.14499999999999957,0.144973,2.6999999999582913e-05,2.6999999999582913e-05,False
E:1574,P:1049,P:1106,PARENT_BN,PARENT,0.14492411807563313,0.144973,-4.888192436686145e-05,4.888192436686145e-05,False
E:1575,P:1049,P:1108,PARENT_BN,PARENT,0.14578751661236306,0.144973,0.0008145166123630643,0.0008145166123630643,False
E:1576,P:1050,P:1051,PARENT_BN,PARENT,0.14499999999999957,0.144973,2.6999999999582913e-05,2.6999999999582913e-05,False
E:1577,P:1051,P:1108,PARENT_BN,PARENT,0.14514131045295164,0.144973,0.00016831045295165326,0.00016831045295165326,False
E:1578,P:1051,P:1110,PARENT_BN,PARENT,0.14511719401917866,0.144973,0.0001441940191786728,0.0001441940191786728,False
E:1579,P:1052,P:1053,PARENT_BN,PARENT,0.14499999999999957,0.144973,2.6999999999582913e-05,2.6999999999582913e-05,False
E:1580,P:1053,P:1110,PARENT_BN,PARENT,0.14506205568652353,0.144973,8.905568652353701e-05,8.905568652353701e-05,False
E:1581,P:1053,P:1112,PARENT_BN,PARENT,0.1453340978573166,0.144973,0.00036109785731661126,0.00036109785731661126,False
E:1582,P:1054,P:1055,PARENT_BN,PARENT,0.14499999999999957,0.144973,2.6999999999582913e-05,2.6999999999582913e-05,False
E:1583,P:1055,P:1112,PARENT_BN,PARENT,0.1448378403594867,0.144973,-0.0001351596405132771,0.0001351596405132771,False
E:1584,P:1055,P:1114,PARENT_BN,PARENT,0.14551288602732082,0.144973,0.0005398860273208295,0.0005398860273208295,False
E:1585,P:1056,P:1057,PARENT_BN,PARENT,0.14499999999999957,0.144973,2.6999999999582913e-05,2.6999999999582913e-05,False
E:1586,P:1057,P:1114,PARENT_BN,PARENT,0.14489306401619115,0.144973,-7.993598380884315e-05,7.993598380884315e-05,False
E:1587,P:1057,P:1116,PARENT_BN,PARENT,0.14484129245487978,0.144973,-0.00013170754512020766,0.00013170754512020766,False
E:1588,P:1058,P:1059,PARENT_BN,PARENT,0.14499999999999957,0.144973,2.6999999999582913e-05,2.6999999999582913e-05,False
E:1589,P:1059,P:1116,PARENT_BN,PARENT,0.14603424255975045,0.144973,0.0010612425597504582,0.0010612425597504582,False
E:1590,P:1059,P:1118,PARENT_BN,PARENT,0.14533409785731677,0.144973,0.0003610978573167778,0.0003610978573167778,False
E:1591,P:1060,P:1061,PARENT_BN,PARENT,0.14499999999999957,0.144973,2.6999999999582913e-05,2.6999999999582913e-05,False
E:1592,P:1061,P:1118,PARENT_BN,PARENT,0.14506205568652353,0.144973,8.905568652353701e-05,8.905568652353701e-05,False
E:1593,P:1061,P:1120,PARENT_BN,PARENT,0.14489306401619112,0.144973,-7.99359838088709e-05,7.99359838088709e-05,False
E:1594,P:1062,P:1063,PARENT_BN,PARENT,0.14499999999999957,0.144973,2.6999999999582913e-05,2.6999999999582913e-05,False
E:1595,P:1063,P:1120,PARENT_BN,PARENT,0.14527560015363924,0.144973,0.0003026001536392542,0.0003026001536392542,False
E:1596,P:1063,P:1122,PARENT_BN,PARENT,0.1448792600754161,0.144973,-9.373992458389102e-05,9.373992458389102e-05,False
E:1597,P:1064,P:1065,PARENT_BN,PARENT,0.14499999999999957,0.144973,2.6999999999582913e-05,2.6999999999582913e-05,False
E:1598,P:1065,P:1122,PARENT_BN,PARENT,0.14574292435655337,0.144973,0.0007699243565533753,0.0007699243565533753,False
E:1599,P:1065,P:1124,PARENT_BN,PARENT,0.14527560015363924,0.144973,0.0003026001536392542,0.0003026001536392542,False
E:1600,P:1066,P:1067,PARENT_BN,PARENT,0.14499999999999957,0.144973,2.6999999999582913e-05,2.6999999999582913e-05,False
E:1601,P:1067,P:1124,PARENT_BN,PARENT,0.14489306401619076,0.144973,-7.993598380923173e-05,7.993598380923173e-05,False
E:1602,P:1067,P:1126,PARENT_BN,PARENT,0.14506205568652353,0.144973,8.905568652353701e-05,8.905568652353701e-05,False
E:1603,P:1068,P:1069,PARENT_BN,PARENT,0.14499999999999957,0.144973,2.6999999999582913e-05,2.6999999999582913e-05,False
E:1604,P:1069,P:1126,PARENT_BN,PARENT,0.14533409785731677,0.144973,0.0003610978573167778,0.0003610978573167778,False
E:1605,P:1069,P:1128,PARENT_BN,PARENT,0.14531001341958558,0.144973,0.0003370134195855856,0.0003370134195855856,False
E:1606,P:1070,P:1071,PARENT_BN,PARENT,0.14499999999999957,0.144973,2.6999999999582913e-05,2.6999999999582913e-05,False
E:1607,P:1071,P:1128,PARENT_BN,PARENT,0.1455128860273206,0.144973,0.0005398860273206074,0.0005398860273206074,False
E:1608,P:1071,P:1130,PARENT_BN,PARENT,0.14428097587693287,0.144973,-0.0006920241230671254,0.0006920241230671254,False
E:1609,P:1072,P:1073,PARENT_BN,PARENT,0.14499999999999957,0.144973,2.6999999999582913e-05,2.6999999999582913e-05,False
E:1610,P:1073,P:1130,PARENT_BN,PARENT,0.1455128860273206,0.144973,0.0005398860273206074,0.0005398860273206074,False
E:1611,P:1073,P:1132,PARENT_BN,PARENT,0.14531001341958558,0.144973,0.0003370134195855856,0.0003370134195855856,False
E:1612,P:1074,P:1075,PARENT_BN,PARENT,0.14499999999999957,0.144973,2.6999999999582913e-05,2.6999999999582913e-05,False
E:1613,P:1075,P:1132,PARENT_BN,PARENT,0.14533409785731677,0.144973,0.0003610978573167778,0.0003610978573167778,False
E:1614,P:1075,P:1134,PARENT_BN,PARENT,0.14506205568652353,0.144973,8.905568652353701e-05,8.905568652353701e-05,False
E:1615,P:1076,P:1077,PARENT_BN,PARENT,0.14499999999999957,0.144973,2.6999999999582913e-05,2.6999999999582913e-05,False
E:1616,P:1077,P:1134,PARENT_BN,PARENT,0.14489306401619076,0.144973,-7.993598380923173e-05,7.993598380923173e-05,False
E:1617,P:1077,P:1136,PARENT_BN,PARENT,0.14527560015363924,0.144973,0.0003026001536392542,0.0003026001536392542,False
E:1618,P:1078,P:1079,PARENT_BN,PARENT,0.14499999999999957,0.144973,2.6999999999582913e-05,2.6999999999582913e-05,False
E:1619,P:1079,P:1136,PARENT_BN,PARENT,0.14574292435655337,0.144973,0.0007699243565533753,0.0007699243565533753,False
E:1620,P:1079,P:1138,PARENT_BN,PARENT,0.1448792600754161,0.144973,-9.373992458389102e-05,9.373992458389102e-05,False
E:1621,P:1080,P:1081,PARENT_BN,PARENT,0.14499999999999957,0.144973,2.6999999999582913e-05,2.6999999999582913e-05,False
E:1622,P:1081,P:1140,PARENT_BN,PARENT,0.14506205568652353,0.144973,8.905568652353701e-05,8.905568652353701e-05,False
E:1623,P:1081,P:1198,PARENT_BN,PARENT,0.14489306401619112,0.144973,-7.99359838088709e-05,7.99359838088709e-05,False
E:1624,P:1082,P:1083,PARENT_BN,PARENT,0.14499999999999957,0.144973,2.6999999999582913e-05,2.6999999999582913e-05,False
E:1625,P:1083,P:1140,PARENT_BN,PARENT,0.14533409785731677,0.144973,0.0003610978573167778,0.0003610978573167778,False
E:1626,P:1083,P:1142,PARENT_BN,PARENT,0.14603424255975045,0.144973,0.0010612425597504582,0.0010612425597504582,False
E:1627,P:1084,P:1085,PARENT_BN,PARENT,0.14499999999999957,0.144973,2.6999999999582913e-05,2.6999999999582913e-05,False
E:1628,P:1085,P:1142,PARENT_BN,PARENT,0.14484129245487978,0.144973,-0.00013170754512020766,0.00013170754512020766,False
E:1629,P:1085,P:1144,PARENT_BN,PARENT,0.14489306401619115,0.144973,-7.993598380884315e-05,7.993598380884315e-05,False
E:1630,P:1086,P:1087,PARENT_BN,PARENT,0.14499999999999957,0.144973,2.6999999999582913e-05,2.6999999999582913e-05,False
E:1631,P:1087,P:1144,PARENT_BN,PARENT,0.14551288602732082,0.144973,0.0005398860273208295,0.0005398860273208295,False
E:1632,P:1087,P:1146,PARENT_BN,PARENT,0.1448378403594867,0.144973,-0.0001351596405132771,0.0001351596405132771,False
E:1633,P:1088,P:1089,PARENT_BN,PARENT,0.14499999999999957,0.144973,2.6999999999582913e-05,2.6999999999582913e-05,False
E:1634,P:1089,P:1146,PARENT_BN,PARENT,0.1453340978573166,0.144973,0.00036109785731661126,0.00036109785731661126,False
E:1635,P:1089,P:1148,PARENT_BN,PARENT,0.14506205568652353,0.144973,8.905568652353701e-05,8.905568652353701e-05,False
E:1636,P:1090,P:1091,PARENT_BN,PARENT,0.14499999999999957,0.144973,2.6999999999582913e-05,2.6999999999582913e-05,False
E:1637,P:1091,P:1148,PARENT_BN,PARENT,0.14511719401917866,0.144973,0.0001441940191786728,0.0001441940191786728,False
E:1638,P:1091,P:1150,PARENT_BN,PARENT,0.14514131045295164,0.144973,0.00016831045295165326,0.00016831045295165326,False
E:1639,P:1092,P:1093,PARENT_BN,PARENT,0.14499999999999957,0.144973,2.6999999999582913e-05,2.6999999999582913e-05,False
E:1640,P:1093,P:1150,PARENT_BN,PARENT,0.14578751661236306,0.144973,0.0008145166123630643,0.0008145166123630643,False
E:1641,P:1093,P:1152,PARENT_BN,PARENT,0.14492411807563313,0.144973,-4.888192436686145e-05,4.888192436686145e-05,False
E:1642,P:1094,P:1095,PARENT_BN,PARENT,0.14499999999999957,0.144973,2.6999999999582913e-05,2.6999999999582913e-05,False
E:1643,P:1095,P:1152,PARENT_BN,PARENT,0.14514131045295164,0.144973,0.00016831045295165326,0.00016831045295165326,False
E:1644,P:1095,P:1154,PARENT_BN,PARENT,0.14511719401917905,0.144973,0.00014419401917906138,0.00014419401917906138,False
E:1645,P:1096,P:1097,PARENT_BN,PARENT,0.14499999999999957,0.144973,2.6999999999582913e-05,2.6999999999582913e-05,False
E:1646,P:1097,P:1154,PARENT_BN,PARENT,0.14506205568652353,0.144973,8.905568652353701e-05,8.905568652353701e-05,False
E:1647,P:1097,P:1156,PARENT_BN,PARENT,0.1453340978573166,0.144973,0.00036109785731661126,0.00036109785731661126,False
E:1648,P:1098,P:1099,PARENT_BN,PARENT,0.14499999999999957,0.144973,2.6999999999582913e-05,2.6999999999582913e-05,False
E:1649,P:1099,P:1156,PARENT_BN,PARENT,0.14556441872930362,0.144973,0.0005914187293036277,0.0005914187293036277,False
E:1650,P:1099,P:1158,PARENT_BN,PARENT,0.14484129245488003,0.144973,-0.00013170754511995786,0.00013170754511995786,False
E:1651,P:1100,P:1101,PARENT_BN,PARENT,0.14499999999999957,0.144973,2.6999999999582913e-05,2.6999999999582913e-05,False
E:1652,P:1101,P:1158,PARENT_BN,PARENT,0.14550257729676147,0.144973,0.0005295772967614798,0.0005295772967614798,False
E:1653,P:1101,P:1160,PARENT_BN,PARENT,0.14484129245488003,0.144973,-0.00013170754511995786,0.00013170754511995786,False
E:1654,P:1102,P:1103,PARENT_BN,PARENT,0.14499999999999957,0.144973,2.6999999999582913e-05,2.6999999999582913e-05,False
E:1655,P:1103,P:1160,PARENT_BN,PARENT,0.14556441872930362,0.144973,0.0005914187293036277,0.0005914187293036277,False
E:1656,P:1103,P:1162,PARENT_BN,PARENT,0.1453340978573166,0.144973,0.00036109785731661126,0.00036109785731661126,False
E:1657,P:1104,P:1105,PARENT_BN,PARENT,0.14499999999999957,0.144973,2.6999999999582913e-05,2.6999999999582913e-05,False
E:1658,P:1105,P:1162,PARENT_BN,PARENT,0.14506205568652353,0.144973,8.905568652353701e-05,8.905568652353701e-05,False
E:1659,P:1105,P:1164,PARENT_BN,PARENT,0.14511719401917905,0.144973,0.00014419401917906138,0.00014419401917906138,False
E:1660,P:1106,P:1107,PARENT_BN,PARENT,0.14499999999999957,0.144973,2.6999999999582913e-05,2.6999999999582913e-05,False
E:1661,P:1107,P:1164,PARENT_BN,PARENT,0.14514131045295164,0.144973,0.00016831045295165326,0.00016831045295165326,False
E:1662,P:1107,P:1166,PARENT_BN,PARENT,0.14492411807563313,0.144973,-4.888192436686145e-05,4.888192436686145e-05,False
E:1663,P:1108,P:1109,PARENT_BN,PARENT,0.14499999999999957,0.144973,2.6999999999582913e-05,2.6999999999582913e-05,False
E:1664,P:1109,P:1166,PARENT_BN,PARENT,0.14578751661236306,0.144973,0.0008145166123630643,0.0008145166123630643,False
E:1665,P:1109,P:1168,PARENT_BN,PARENT,0.14514131045295164,0.144973,0.00016831045295165326,0.00016831045295165326,False
E:1666,P:1110,P:1111,PARENT_BN,PARENT,0.14499999999999957,0.144973,2.6999999999582913e-05,2.6999999999582913e-05,False
E:1667,P:1111,P:1168,PARENT_BN,PARENT,0.14511719401917866,0.144973,0.0001441940191786728,0.0001441940191786728,False
E:1668,P:1111,P:1170,PARENT_BN,PARENT,0.14506205568652353,0.144973,8.905568652353701e-05,8.905568652353701e-05,False
E:1669,P:1112,P:1113,PARENT_BN,PARENT,0.14499999999999957,0.144973,2.6999999999582913e-05,2.6999999999582913e-05,False
E:1670,P:1113,P:1170,PARENT_BN,PARENT,0.1453340978573166,0.144973,0.00036109785731661126,0.00036109785731661126,False
E:1671,P:1113,P:1172,PARENT_BN,PARENT,0.1448378403594867,0.144973,-0.0001351596405132771,0.0001351596405132771,False
E:1672,P:1114,P:1115,PARENT_BN,PARENT,0.14499999999999957,0.144973,2.6999999999582913e-05,2.6999999999582913e-05,False
E:1673,P:1115,P:1172,PARENT_BN,PARENT,0.14551288602732082,0.144973,0.0005398860273208295,0.0005398860273208295,False
E:1674,P:1115,P:1174,PARENT_BN,PARENT,0.14489306401619115,0.144973,-7.993598380884315e-05,7.993598380884315e-05,False
E:1675,P:1116,P:1117,PARENT_BN,PARENT,0.14499999999999957,0.144973,2.6999999999582913e-05,2.6999999999582913e-05,False
E:1676,P:1117,P:1174,PARENT_BN,PARENT,0.14484129245487978,0.144973,-0.00013170754512020766,0.00013170754512020766,False
E:1677,P:1117,P:1176,PARENT_BN,PARENT,0.14603424255975045,0.144973,0.0010612425597504582,0.0010612425597504582,False
E:1678,P:1118,P:1119,PARENT_BN,PARENT,0.14499999999999957,0.144973,2.6999999999582913e-05,2.6999999999582913e-05,False
E:1679,P:1119,P:1176,PARENT_BN,PARENT,0.14533409785731677,0.144973,0.0003610978573167778,0.0003610978573167778,False
E:1680,P:1119,P:1178,PARENT_BN,PARENT,0.14506205568652353,0.144973,8.905568652353701e-05,8.905568652353701e-05,False
E:1681,P:1120,P:1121,PARENT_BN,PARENT,0.14499999999999957,0.144973,2.6999999999582913e-05,2.6999999999582913e-05,False
E:1682,P:1121,P:1178,PARENT_BN,PARENT,0.14489306401619112,0.144973,-7.99359838088709e-05,7.99359838088709e-05,False
E:1683,P:1121,P:1180,PARENT_BN,PARENT,0.14527560015363924,0.144973,0.0003026001536392542,0.0003026001536392542,False
E:1684,P:1122,P:1123,PARENT_BN,PARENT,0.14499999999999957,0.144973,2.6999999999582913e-05,2.6999999999582913e-05,False
E:1685,P:1123,P:1180,PARENT_BN,PARENT,0.1448792600754161,0.144973,-9.373992458389102e-05,9.373992458389102e-05,False
E:1686,P:1123,P:1182,PARENT_BN,PARENT,0.14574292435655337,0.144973,0.0007699243565533753,0.0007699243565533753,False
E:1687,P:1124,P:1125,PARENT_BN,PARENT,0.14499999999999957,0.144973,2.6999999999582913e-05,2.6999999999582913e-05,False
E:1688,P:1125,P:1182,PARENT_BN,PARENT,0.14527560015363924,0.144973,0.0003026001536392542,0.0003026001536392542,False
E:1689,P:1125,P:1184,PARENT_BN,PARENT,0.14489306401619076,0.144973,-7.993598380923173e-05,7.993598380923173e-05,False
E:1690,P:1126,P:1127,PARENT_BN,PARENT,0.14499999999999957,0.144973,2.6999999999582913e-05,2.6999999999582913e-05,False
E:1691,P:1127,P:1184,PARENT_BN,PARENT,0.14506205568652353,0.144973,8.905568652353701e-05,8.905568652353701e-05,False
E:1692,P:1127,P:1186,PARENT_BN,PARENT,0.14533409785731677,0.144973,0.0003610978573167778,0.0003610978573167778,False
E:1693,P:1128,P:1129,PARENT_BN,PARENT,0.14499999999999957,0.144973,2.6999999999582913e-05,2.6999999999582913e-05,False
E:1694,P:1129,P:1186,PARENT_BN,PARENT,0.14531001341958558,0.144973,0.0003370134195855856,0.0003370134195855856,False
E:1695,P:1129,P:1188,PARENT_BN,PARENT,0.1455128860273206,0.144973,0.0005398860273206074,0.0005398860273206074,False
E:1696,P:1130,P:1131,PARENT_BN,PARENT,0.14499999999999957,0.144973,2.6999999999582913e-05,2.6999999999582913e-05,False
E:1697,P:1131,P:1188,PARENT_BN,PARENT,0.14428097587693287,0.144973,-0.0006920241230671254,0.0006920241230671254,False
E:1698,P:1131,P:1190,PARENT_BN,PARENT,0.1455128860273206,0.144973,0.0005398860273206074,0.0005398860273206074,False
E:1699,P:1132,P:1133,PARENT_BN,PARENT,0.14499999999999957,0.144973,2.6999999999582913e-05,2.6999999999582913e-05,False
E:1700,P:1133,P:1190,PARENT_BN,PARENT,0.14531001341958558,0.144973,0.0003370134195855856,0.0003370134195855856,False
E:1701,P:1133,P:1192,PARENT_BN,PARENT,0.14533409785731677,0.144973,0.0003610978573167778,0.0003610978573167778,False
E:1702,P:1134,P:1135,PARENT_BN,PARENT,0.14499999999999957,0.144973,2.6999999999582913e-05,2.6999999999582913e-05,False
E:1703,P:1135,P:1192,PARENT_BN,PARENT,0.14506205568652353,0.144973,8.905568652353701e-05,8.905568652353701e-05,False
E:1704,P:1135,P:1194,PARENT_BN,PARENT,0.14489306401619076,0.144973,-7.993598380923173e-05,7.993598380923173e-05,False
E:1705,P:1136,P:1137,PARENT_BN,PARENT,0.14499999999999957,0.144973,2.6999999999582913e-05,2.6999999999582913e-05,False
E:1706,P:1137,P:1194,PARENT_BN,PARENT,0.14527560015363924,0.144973,0.0003026001536392542,0.0003026001536392542,False
E:1707,P:1137,P:1196,PARENT_BN,PARENT,0.14574292435655337,0.144973,0.0007699243565533753,0.0007699243565533753,False
E:1708,P:1138,P:1139,PARENT_BN,PARENT,0.14499999999999957,0.144973,2.6999999999582913e-05,2.6999999999582913e-05,False
E:1709,P:1139,P:1196,PARENT_BN,PARENT,0.1448792600754161,0.144973,-9.373992458389102e-05,9.373992458389102e-05,False
E:1710,P:1139,P:1198,PARENT_BN,PARENT,0.14527560015363924,0.144973,0.0003026001536392542,0.0003026001536392542,False
E:1711,P:1140,P:1141,PARENT_BN,PARENT,0.14400000000000013,0.144973,-0.0009729999999998629,0.0009729999999998629,False
E:1712,P:1141,P:1200,PARENT_BN,PARENT,0.14533409785731632,0.144973,0.0003610978573163337,0.0003610978573163337,False
E:1713,P:1141,P:1258,PARENT_BN,PARENT,0.14506205568652306,0.144973,8.905568652306517e-05,8.905568652306517e-05,False
E:1714,P:1142,P:1143,PARENT_BN,PARENT,0.14400000000000013,0.144973,-0.0009729999999998629,0.0009729999999998629,False
E:1715,P:1143,P:1200,PARENT_BN,PARENT,0.14603424255974998,0.144973,0.0010612425597499864,0.0010612425597499864,False
E:1716,P:1143,P:1202,PARENT_BN,PARENT,0.14484129245487934,0.144973,-0.00013170754512065175,0.00013170754512065175,False
E:1717,P:1144,P:1145,PARENT_BN,PARENT,0.14400000000000013,0.144973,-0.0009729999999998629,0.0009729999999998629,False
E:1718,P:1145,P:1202,PARENT_BN,PARENT,0.1448930640161907,0.144973,-7.993598380928724e-05,7.993598380928724e-05,False
E:1719,P:1145,P:1204,PARENT_BN,PARENT,0.14551288602732038,0.144973,0.0005398860273203854,0.0005398860273203854,False
E:1720,P:1146,P:1147,PARENT_BN,PARENT,0.14400000000000013,0.144973,-0.0009729999999998629,0.0009729999999998629,False
E:1721,P:1147,P:1204,PARENT_BN,PARENT,0.14483784035948627,0.144973,-0.0001351596405137212,0.0001351596405137212,False
E:1722,P:1147,P:1206,PARENT_BN,PARENT,0.14533409785731613,0.144973,0.0003610978573161394,0.0003610978573161394,False
E:1723,P:1148,P:1149,PARENT_BN,PARENT,0.14400000000000013,0.144973,-0.0009729999999998629,0.0009729999999998629,False
E:1724,P:1149,P:1206,PARENT_BN,PARENT,0.14506205568652306,0.144973,8.905568652306517e-05,8.905568652306517e-05,False
E:1725,P:1149,P:1208,PARENT_BN,PARENT,0.14511719401917822,0.144973,0.00014419401917822872,0.00014419401917822872,False
E:1726,P:1150,P:1151,PARENT_BN,PARENT,0.14400000000000013,0.144973,-0.0009729999999998629,0.0009729999999998629,False
E:1727,P:1151,P:1208,PARENT_BN,PARENT,0.1451413104529512,0.144973,0.00016831045295120917,0.00016831045295120917,False
E:1728,P:1151,P:1210,PARENT_BN,PARENT,0.14578751661236258,0.144973,0.0008145166123625924,0.0008145166123625924,False
E:1729,P:1152,P:1153,PARENT_BN,PARENT,0.14400000000000013,0.144973,-0.0009729999999998629,0.0009729999999998629,False
E:1730,P:1153,P:1210,PARENT_BN,PARENT,0.14492411807563269,0.144973,-4.888192436730554e-05,4.888192436730554e-05,False
E:1731,P:1153,P:1212,PARENT_BN,PARENT,0.1451413104529512,0.144973,0.00016831045295120917,0.00016831045295120917,False
E:1732,P:1154,P:1155,PARENT_BN,PARENT,0.14400000000000013,0.144973,-0.0009729999999998629,0.0009729999999998629,False
E:1733,P:1155,P:1212,PARENT_BN,PARENT,0.14511719401917858,0.144973,0.00014419401917858954,0.00014419401917858954,False
E:1734,P:1155,P:1214,PARENT_BN,PARENT,0.14506205568652306,0.144973,8.905568652306517e-05,8.905568652306517e-05,False
E:1735,P:1156,P:1157,PARENT_BN,PARENT,0.14400000000000013,0.144973,-0.0009729999999998629,0.0009729999999998629,False
E:1736,P:1157,P:1214,PARENT_BN,PARENT,0.14533409785731613,0.144973,0.0003610978573161394,0.0003610978573161394,False
E:1737,P:1157,P:1216,PARENT_BN,PARENT,0.14556441872930317,0.144973,0.0005914187293031836,0.0005914187293031836,False
E:1738,P:1158,P:1159,PARENT_BN,PARENT,0.14400000000000013,0.144973,-0.0009729999999998629,0.0009729999999998629,False
E:1739,P:1159,P:1216,PARENT_BN,PARENT,0.14484129245487956,0.144973,-0.0001317075451204297,0.0001317075451204297,False
E:1740,P:1159,P:1218,PARENT_BN,PARENT,0.14550257729676103,0.144973,0.0005295772967610357,0.0005295772967610357,False
E:1741,P:1160,P:1161,PARENT_BN,PARENT,0.14400000000000013,0.144973,-0.0009729999999998629,0.0009729999999998629,False
E:1742,P:1161,P:1218,PARENT_BN,PARENT,0.14484129245487956,0.144973,-0.0001317075451204297,0.0001317075451204297,False
E:1743,P:1161,P:1220,PARENT_BN,PARENT,0.14556441872930317,0.144973,0.0005914187293031836,0.0005914187293031836,False
E:1744,P:1162,P:1163,PARENT_BN,PARENT,0.14400000000000013,0.144973,-0.0009729999999998629,0.0009729999999998629,False
E:1745,P:1163,P:1220,PARENT_BN,PARENT,0.14533409785731613,0.144973,0.0003610978573161394,0.0003610978573161394,False
E:1746,P:1163,P:1222,PARENT_BN,PARENT,0.14506205568652306,0.144973,8.905568652306517e-05,8.905568652306517e-05,False
E:1747,P:1164,P:1165,PARENT_BN,PARENT,0.14400000000000013,0.144973,-0.0009729999999998629,0.0009729999999998629,False
E:1748,P:1165,P:1222,PARENT_BN,PARENT,0.14511719401917858,0.144973,0.00014419401917858954,0.00014419401917858954,False
E:1749,P:1165,P:1224,PARENT_BN,PARENT,0.1451413104529512,0.144973,0.00016831045295120917,0.00016831045295120917,False
E:1750,P:1166,P:1167,PARENT_BN,PARENT,0.14400000000000013,0.144973,-0.0009729999999998629,0.0009729999999998629,False
E:1751,P:1167,P:1224,PARENT_BN,PARENT,0.14492411807563269,0.144973,-4.888192436730554e-05,4.888192436730554e-05,False
E:1752,P:1167,P:1226,PARENT_BN,PARENT,0.14578751661236258,0.144973,0.0008145166123625924,0.0008145166123625924,False
E:1753,P:1168,P:1169,PARENT_BN,PARENT,0.14400000000000013,0.144973,-0.0009729999999998629,0.0009729999999998629,False
E:1754,P:1169,P:1226,PARENT_BN,PARENT,0.1451413104529512,0.144973,0.00016831045295120917,0.00016831045295120917,False
E:1755,P:1169,P:1228,PARENT_BN,PARENT,0.14511719401917822,0.144973,0.00014419401917822872,0.00014419401917822872,False
E:1756,P:1170,P:1171,PARENT_BN,PARENT,0.14400000000000013,0.144973,-0.0009729999999998629,0.0009729999999998629,False
E:1757,P:1171,P:1228,PARENT_BN,PARENT,0.14506205568652306,0.144973,8.905568652306517e-05,8.905568652306517e-05,False
E:1758,P:1171,P:1230,PARENT_BN,PARENT,0.14533409785731613,0.144973,0.0003610978573161394,0.0003610978573161394,False
E:1759,P:1172,P:1173,PARENT_BN,PARENT,0.14400000000000013,0.144973,-0.0009729999999998629,0.0009729999999998629,False
E:1760,P:1173,P:1230,PARENT_BN,PARENT,0.14483784035948627,0.144973,-0.0001351596405137212,0.0001351596405137212,False
E:1761,P:1173,P:1232,PARENT_BN,PARENT,0.14551288602732038,0.144973,0.0005398860273203854,0.0005398860273203854,False
E:1762,P:1174,P:1175,PARENT_BN,PARENT,0.14400000000000013,0.144973,-0.0009729999999998629,0.0009729999999998629,False
E:1763,P:1175,P:1232,PARENT_BN,PARENT,0.1448930640161907,0.144973,-7.993598380928724e-05,7.993598380928724e-05,False
E:1764,P:1175,P:1234,PARENT_BN,PARENT,0.14484129245487934,0.144973,-0.00013170754512065175,0.00013170754512065175,False
E:1765,P:1176,P:1177,PARENT_BN,PARENT,0.14400000000000013,0.144973,-0.0009729999999998629,0.0009729999999998629,False
E:1766,P:1177,P:1234,PARENT_BN,PARENT,0.14603424255974998,0.144973,0.0010612425597499864,0.0010612425597499864,False
E:1767,P:1177,P:1236,PARENT_BN,PARENT,0.14533409785731632,0.144973,0.0003610978573163337,0.0003610978573163337,False
E:1768,P:1178,P:1179,PARENT_BN,PARENT,0.14400000000000013,0.144973,-0.0009729999999998629,0.0009729999999998629,False
E:1769,P:1179,P:1236,PARENT_BN,PARENT,0.14506205568652306,0.144973,8.905568652306517e-05,8.905568652306517e-05,False
E:1770,P:1179,P:1238,PARENT_BN,PARENT,0.14489306401619068,0.144973,-7.993598380931499e-05,7.993598380931499e-05,False
E:1771,P:1180,P:1181,PARENT_BN,PARENT,0.14400000000000013,0.144973,-0.0009729999999998629,0.0009729999999998629,False
E:1772,P:1181,P:1238,PARENT_BN,PARENT,0.1452756001536388,0.144973,0.0003026001536388101,0.0003026001536388101,False
E:1773,P:1181,P:1240,PARENT_BN,PARENT,0.14487926007541566,0.144973,-9.373992458433511e-05,9.373992458433511e-05,False
E:1774,P:1182,P:1183,PARENT_BN,PARENT,0.14400000000000013,0.144973,-0.0009729999999998629,0.0009729999999998629,False
E:1775,P:1183,P:1240,PARENT_BN,PARENT,0.1457429243565529,0.144973,0.0007699243565529035,0.0007699243565529035,False
E:1776,P:1183,P:1242,PARENT_BN,PARENT,0.1452756001536388,0.144973,0.0003026001536388101,0.0003026001536388101,False
E:1777,P:1184,P:1185,PARENT_BN,PARENT,0.14400000000000013,0.144973,-0.0009729999999998629,0.0009729999999998629,False
E:1778,P:1185,P:1242,PARENT_BN,PARENT,0.14489306401619031,0.144973,-7.993598380967581e-05,7.993598380967581e-05,False
E:1779,P:1185,P:1244,PARENT_BN,PARENT,0.14506205568652306,0.144973,8.905568652306517e-05,8.905568652306517e-05,False
E:1780,P:1186,P:1187,PARENT_BN,PARENT,0.14400000000000013,0.144973,-0.0009729999999998629,0.0009729999999998629,False
E:1781,P:1187,P:1244,PARENT_BN,PARENT,0.14533409785731632,0.144973,0.0003610978573163337,0.0003610978573163337,False
E:1782,P:1187,P:1246,PARENT_BN,PARENT,0.14531001341958513,0.144973,0.0003370134195851415,0.0003370134195851415,False
E:1783,P:1188,P:1189,PARENT_BN,PARENT,0.14400000000000013,0.144973,-0.0009729999999998629,0.0009729999999998629,False
E:1784,P:1189,P:1246,PARENT_BN,PARENT,0.14551288602732013,0.144973,0.0005398860273201356,0.0005398860273201356,False
E:1785,P:1189,P:1248,PARENT_BN,PARENT,0.14428097587693242,0.144973,-0.0006920241230675694,0.0006920241230675694,False
E:1786,P:1190,P:1191,PARENT_BN,PARENT,0.14400000000000013,0.144973,-0.0009729999999998629,0.0009729999999998629,False
E:1787,P:1191,P:1248,PARENT_BN,PARENT,0.14551288602732013,0.144973,0.0005398860273201356,0.0005398860273201356,False
E:1788,P:1191,P:1250,PARENT_BN,PARENT,0.14531001341958513,0.144973,0.0003370134195851415,0.0003370134195851415,False
E:1789,P:1192,P:1193,PARENT_BN,PARENT,0.14400000000000013,0.144973,-0.0009729999999998629,0.0009729999999998629,False
E:1790,P:1193,P:1250,PARENT_BN,PARENT,0.14533409785731632,0.144973,0.0003610978573163337,0.0003610978573163337,False
E:1791,P:1193,P:1252,PARENT_BN,PARENT,0.14506205568652306,0.144973,8.905568652306517e-05,8.905568652306517e-05,False
E:1792,P:1194,P:1195,PARENT_BN,PARENT,0.14400000000000013,0.144973,-0.0009729999999998629,0.0009729999999998629,False
E:1793,P:1195,P:1252,PARENT_BN,PARENT,0.14489306401619031,0.144973,-7.993598380967581e-05,7.993598380967581e-05,False
E:1794,P:1195,P:1254,PARENT_BN,PARENT,0.1452756001536388,0.144973,0.0003026001536388101,0.0003026001536388101,False
E:1795,P:1196,P:1197,PARENT_BN,PARENT,0.14400000000000013,0.144973,-0.0009729999999998629,0.0009729999999998629,False
E:1796,P:1197,P:1254,PARENT_BN,PARENT,0.1457429243565529,0.144973,0.0007699243565529035,0.0007699243565529035,False
E:1797,P:1197,P:1256,PARENT_BN,PARENT,0.14487926007541566,0.144973,-9.373992458433511e-05,9.373992458433511e-05,False
E:1798,P:1198,P:1199,PARENT_BN,PARENT,0.14400000000000013,0.144973,-0.0009729999999998629,0.0009729999999998629,False
E:1799,P:1199,P:1256,PARENT_BN,PARENT,0.1452756001536388,0.144973,0.0003026001536388101,0.0003026001536388101,False
E:1800,P:1199,P:1258,PARENT_BN,PARENT,0.14489306401619068,0.144973,-7.993598380931499e-05,7.993598380931499e-05,False
E:1801,P:1200,P:1201,PARENT_BN,PARENT,0.14500000000000046,0.144973,2.700000000047109e-05,2.700000000047109e-05,False
E:1802,P:1201,P:1260,PARENT_BN,PARENT,0.1455369368923229,0.144973,0.0005639368923228971,0.0005639368923228971,False
E:1803,P:1201,P:1318,PARENT_BN,PARENT,0.14483438818181293,0.144973,-0.0001386118181870566,0.0001386118181870566,False
E:1804,P:1202,P:1203,PARENT_BN,PARENT,0.14500000000000046,0.144973,2.700000000047109e-05,2.700000000047109e-05,False
E:1805,P:1203,P:1260,PARENT_BN,PARENT,0.14433987668000817,0.144973,-0.000633123319991824,0.000633123319991824,False
E:1806,P:1203,P:1262,PARENT_BN,PARENT,0.14439182802361086,0.144973,-0.0005811719763891277,0.0005811719763891277,False
E:1807,P:1204,P:1205,PARENT_BN,PARENT,0.14500000000000046,0.144973,2.700000000047109e-05,2.700000000047109e-05,False
E:1808,P:1205,P:1262,PARENT_BN,PARENT,0.14501379244747725,0.144973,4.0792447477261407e-05,4.0792447477261407e-05,False
E:1809,P:1205,P:1264,PARENT_BN,PARENT,0.1443364125922496,0.144973,-0.000636587407750383,0.000636587407750383,False
E:1810,P:1206,P:1207,PARENT_BN,PARENT,0.14500000000000046,0.144973,2.700000000047109e-05,2.700000000047109e-05,False
E:1811,P:1207,P:1264,PARENT_BN,PARENT,0.14483438818181277,0.144973,-0.00013861181818722312,0.00013861181818722312,False
E:1812,P:1207,P:1266,PARENT_BN,PARENT,0.14456140563788109,0.144973,-0.00041159436211890554,0.00041159436211890554,False
E:1813,P:1208,P:1209,PARENT_BN,PARENT,0.14500000000000046,0.144973,2.700000000047109e-05,2.700000000047109e-05,False
E:1814,P:1209,P:1266,PARENT_BN,PARENT,0.14461673485458001,0.144973,-0.0003562651454199761,0.0003562651454199761,False
E:1815,P:1209,P:1268,PARENT_BN,PARENT,0.1446409347314931,0.144973,-0.00033206526850690365,0.00033206526850690365,False
E:1816,P:1210,P:1211,PARENT_BN,PARENT,0.14500000000000046,0.144973,2.700000000047109e-05,2.700000000047109e-05,False
E:1817,P:1211,P:1268,PARENT_BN,PARENT,0.14528936643815327,0.144973,0.00031636643815327603,0.00031636643815327603,False
E:1818,P:1211,P:1270,PARENT_BN,PARENT,0.14442298985964805,0.144973,-0.000550010140351942,0.000550010140351942,False
E:1819,P:1212,P:1213,PARENT_BN,PARENT,0.14500000000000046,0.144973,2.700000000047109e-05,2.700000000047109e-05,False
E:1820,P:1213,P:1270,PARENT_BN,PARENT,0.1446409347314931,0.144973,-0.00033206526850690365,0.00033206526850690365,False
E:1821,P:1213,P:1272,PARENT_BN,PARENT,0.14461673485458038,0.144973,-0.0003562651454196153,0.0003562651454196153,False
E:1822,P:1214,P:1215,PARENT_BN,PARENT,0.14500000000000046,0.144973,2.700000000047109e-05,2.700000000047109e-05,False
E:1823,P:1215,P:1272,PARENT_BN,PARENT,0.14456140563788109,0.144973,-0.00041159436211890554,0.00041159436211890554,False
E:1824,P:1215,P:1274,PARENT_BN,PARENT,0.14483438818181277,0.144973,-0.00013861181818722312,0.00013861181818722312,False
E:1825,P:1216,P:1217,PARENT_BN,PARENT,0.14500000000000046,0.144973,2.700000000047109e-05,2.700000000047109e-05,False
E:1826,P:1217,P:1274,PARENT_BN,PARENT,0.14506550244630867,0.144973,9.250244630867877e-05,9.250244630867877e-05,False
E:1827,P:1217,P:1276,PARENT_BN,PARENT,0.1443398766800084,0.144973,-0.000633123319991602,0.000633123319991602,False
E:1828,P:1218,P:1219,PARENT_BN,PARENT,0.14500000000000046,0.144973,2.700000000047109e-05,2.700000000047109e-05,False
E:1829,P:1219,P:1276,PARENT_BN,PARENT,0.14500344823486094,0.144973,3.0448234860952494e-05,3.0448234860952494e-05,False
E:1830,P:1219,P:1278,PARENT_BN,PARENT,0.1443398766800084,0.144973,-0.000633123319991602,0.000633123319991602,False
E:1831,P:1220,P:1221,PARENT_BN,PARENT,0.14500000000000046,0.144973,2.700000000047109e-05,2.700000000047109e-05,False
E:1832,P:1221,P:1278,PARENT_BN,PARENT,0.14506550244630867,0.144973,9.250244630867877e-05,9.250244630867877e-05,False
E:1833,P:1221,P:1280,PARENT_BN,PARENT,0.14483438818181277,0.144973,-0.00013861181818722312,0.00013861181818722312,False
E:1834,P:1222,P:1223,PARENT_BN,PARENT,0.14500000000000046,0.144973,2.700000000047109e-05,2.700000000047109e-05,False
E:1835,P:1223,P:1280,PARENT_BN,PARENT,0.14456140563788109,0.144973,-0.00041159436211890554,0.00041159436211890554,False
E:1836,P:1223,P:1282,PARENT_BN,PARENT,0.14461673485458038,0.144973,-0.0003562651454196153,0.0003562651454196153,False
E:1837,P:1224,P:1225,PARENT_BN,PARENT,0.14500000000000046,0.144973,2.700000000047109e-05,2.700000000047109e-05,False
E:1838,P:1225,P:1282,PARENT_BN,PARENT,0.1446409347314931,0.144973,-0.00033206526850690365,0.00033206526850690365,False
E:1839,P:1225,P:1284,PARENT_BN,PARENT,0.14442298985964805,0.144973,-0.000550010140351942,0.000550010140351942,False
E:1840,P:1226,P:1227,PARENT_BN,PARENT,0.14500000000000046,0.144973,2.700000000047109e-05,2.700000000047109e-05,False
E:1841,P:1227,P:1284,PARENT_BN,PARENT,0.14528936643815327,0.144973,0.00031636643815327603,0.00031636643815327603,False
E:1842,P:1227,P:1286,PARENT_BN,PARENT,0.1446409347314931,0.144973,-0.00033206526850690365,0.00033206526850690365,False
E:1843,P:1228,P:1229,PARENT_BN,PARENT,0.14500000000000046,0.144973,2.700000000047109e-05,2.700000000047109e-05,False
E:1844,P:1229,P:1286,PARENT_BN,PARENT,0.14461673485458001,0.144973,-0.0003562651454199761,0.0003562651454199761,False
E:1845,P:1229,P:1288,PARENT_BN,PARENT,0.14456140563788109,0.144973,-0.00041159436211890554,0.00041159436211890554,False
E:1846,P:1230,P:1231,PARENT_BN,PARENT,0.14500000000000046,0.144973,2.700000000047109e-05,2.700000000047109e-05,False
E:1847,P:1231,P:1288,PARENT_BN,PARENT,0.14483438818181277,0.144973,-0.00013861181818722312,0.00013861181818722312,False
E:1848,P:1231,P:1290,PARENT_BN,PARENT,0.1443364125922496,0.144973,-0.000636587407750383,0.000636587407750383,False
E:1849,P:1232,P:1233,PARENT_BN,PARENT,0.14500000000000046,0.144973,2.700000000047109e-05,2.700000000047109e-05,False
E:1850,P:1233,P:1290,PARENT_BN,PARENT,0.14501379244747725,0.144973,4.0792447477261407e-05,4.0792447477261407e-05,False
E:1851,P:1233,P:1292,PARENT_BN,PARENT,0.14439182802361086,0.144973,-0.0005811719763891277,0.0005811719763891277,False
E:1852,P:1234,P:1235,PARENT_BN,PARENT,0.14500000000000046,0.144973,2.700000000047109e-05,2.700000000047109e-05,False
E:1853,P:1235,P:1292,PARENT_BN,PARENT,0.14433987668000817,0.144973,-0.000633123319991824,0.000633123319991824,False
E:1854,P:1235,P:1294,PARENT_BN,PARENT,0.1455369368923229,0.144973,0.0005639368923228971,0.0005639368923228971,False
E:1855,P:1236,P:1237,PARENT_BN,PARENT,0.14500000000000046,0.144973,2.700000000047109e-05,2.700000000047109e-05,False
E:1856,P:1237,P:1294,PARENT_BN,PARENT,0.14483438818181293,0.144973,-0.0001386118181870566,0.0001386118181870566,False
E:1857,P:1237,P:1296,PARENT_BN,PARENT,0.14456140563788109,0.144973,-0.00041159436211890554,0.00041159436211890554,False
E:1858,P:1238,P:1239,PARENT_BN,PARENT,0.14500000000000046,0.144973,2.700000000047109e-05,2.700000000047109e-05,False
E:1859,P:1239,P:1296,PARENT_BN,PARENT,0.14439182802361084,0.144973,-0.0005811719763891554,0.0005811719763891554,False
E:1860,P:1239,P:1298,PARENT_BN,PARENT,0.14477568856683093,0.144973,-0.00019731143316906175,0.00019731143316906175,False
E:1861,P:1240,P:1241,PARENT_BN,PARENT,0.14500000000000046,0.144973,2.700000000047109e-05,2.700000000047109e-05,False
E:1862,P:1241,P:1298,PARENT_BN,PARENT,0.1443779761598008,0.144973,-0.0005950238401991881,0.0005950238401991881,False
E:1863,P:1241,P:1300,PARENT_BN,PARENT,0.1452446212429224,0.144973,0.0002716212429224041,0.0002716212429224041,False
E:1864,P:1242,P:1243,PARENT_BN,PARENT,0.14500000000000046,0.144973,2.700000000047109e-05,2.700000000047109e-05,False
E:1865,P:1243,P:1300,PARENT_BN,PARENT,0.14477568856683093,0.144973,-0.00019731143316906175,0.00019731143316906175,False
E:1866,P:1243,P:1302,PARENT_BN,PARENT,0.14439182802361047,0.144973,-0.0005811719763895162,0.0005811719763895162,False
E:1867,P:1244,P:1245,PARENT_BN,PARENT,0.14500000000000046,0.144973,2.700000000047109e-05,2.700000000047109e-05,False
E:1868,P:1245,P:1302,PARENT_BN,PARENT,0.14456140563788109,0.144973,-0.00041159436211890554,0.00041159436211890554,False
E:1869,P:1245,P:1304,PARENT_BN,PARENT,0.14483438818181293,0.144973,-0.0001386118181870566,0.0001386118181870566,False
E:1870,P:1246,P:1247,PARENT_BN,PARENT,0.14500000000000046,0.144973,2.700000000047109e-05,2.700000000047109e-05,False
E:1871,P:1247,P:1304,PARENT_BN,PARENT,0.14481022063376636,0.144973,-0.00016277936623362854,0.00016277936623362854,False
E:1872,P:1247,P:1306,PARENT_BN,PARENT,0.145013792447477,0.144973,4.0792447477011606e-05,4.0792447477011606e-05,False
E:1873,P:1248,P:1249,PARENT_BN,PARENT,0.14500000000000046,0.144973,2.700000000047109e-05,2.700000000047109e-05,False
E:1874,P:1249,P:1306,PARENT_BN,PARENT,0.14377760604489156,0.144973,-0.0011953939551084258,0.0011953939551084258,False
E:1875,P:1249,P:1308,PARENT_BN,PARENT,0.145013792447477,0.144973,4.0792447477011606e-05,4.0792447477011606e-05,False
E:1876,P:1250,P:1251,PARENT_BN,PARENT,0.14500000000000046,0.144973,2.700000000047109e-05,2.700000000047109e-05,False
E:1877,P:1251,P:1308,PARENT_BN,PARENT,0.14481022063376636,0.144973,-0.00016277936623362854,0.00016277936623362854,False
E:1878,P:1251,P:1310,PARENT_BN,PARENT,0.14483438818181293,0.144973,-0.0001386118181870566,0.0001386118181870566,False
E:1879,P:1252,P:1253,PARENT_BN,PARENT,0.14500000000000046,0.144973,2.700000000047109e-05,2.700000000047109e-05,False
E:1880,P:1253,P:1310,PARENT_BN,PARENT,0.14456140563788109,0.144973,-0.00041159436211890554,0.00041159436211890554,False
E:1881,P:1253,P:1312,PARENT_BN,PARENT,0.14439182802361047,0.144973,-0.0005811719763895162,0.0005811719763895162,False
E:1882,P:1254,P:1255,PARENT_BN,PARENT,0.14500000000000046,0.144973,2.700000000047109e-05,2.700000000047109e-05,False
E:1883,P:1255,P:1312,PARENT_BN,PARENT,0.14477568856683093,0.144973,-0.00019731143316906175,0.00019731143316906175,False
E:1884,P:1255,P:1314,PARENT_BN,PARENT,0.1452446212429224,0.144973,0.0002716212429224041,0.0002716212429224041,False
E:1885,P:1256,P:1257,PARENT_BN,PARENT,0.14500000000000046,0.144973,2.700000000047109e-05,2.700000000047109e-05,False
E:1886,P:1257,P:1314,PARENT_BN,PARENT,0.1443779761598008,0.144973,-0.0005950238401991881,0.0005950238401991881,False
E:1887,P:1257,P:1316,PARENT_BN,PARENT,0.14477568856683093,0.144973,-0.00019731143316906175,0.00019731143316906175,False
E:1888,P:1258,P:1259,PARENT_BN,PARENT,0.14500000000000046,0.144973,2.700000000047109e-05,2.700000000047109e-05,False
E:1889,P:1259,P:1316,PARENT_BN,PARENT,0.14439182802361084,0.144973,-0.0005811719763891554,0.0005811719763891554,False
E:1890,P:1259,P:1318,PARENT_BN,PARENT,0.14456140563788109,0.144973,-0.00041159436211890554,0.00041159436211890554,False
E:1891,P:1260,P:1261,PARENT_BN,PARENT,0.1459999999999999,0.144973,0.0010269999999999169,0.0010269999999999169,False
E:1892,P:1261,P:1320,PARENT_BN,PARENT,0.14433987668000817,0.144973,-0.000633123319991824,0.000633123319991824,False
E:1893,P:1261,P:1378,PARENT_BN,PARENT,0.1455369368923229,0.144973,0.0005639368923228971,0.0005639368923228971,False
E:1894,P:1262,P:1263,PARENT_BN,PARENT,0.1459999999999999,0.144973,0.0010269999999999169,0.0010269999999999169,False
E:1895,P:1263,P:1320,PARENT_BN,PARENT,0.14439182802361086,0.144973,-0.0005811719763891277,0.0005811719763891277,False
E:1896,P:1263,P:1322,PARENT_BN,PARENT,0.14501379244747725,0.144973,4.0792447477261407e-05,4.0792447477261407e-05,False
E:1897,P:1264,P:1265,PARENT_BN,PARENT,0.1459999999999999,0.144973,0.0010269999999999169,0.0010269999999999169,False
E:1898,P:1265,P:1322,PARENT_BN,PARENT,0.1443364125922496,0.144973,-0.000636587407750383,0.000636587407750383,False
E:1899,P:1265,P:1324,PARENT_BN,PARENT,0.14483438818181277,0.144973,-0.00013861181818722312,0.00013861181818722312,False
E:1900,P:1266,P:1267,PARENT_BN,PARENT,0.1459999999999999,0.144973,0.0010269999999999169,0.0010269999999999169,False
E:1901,P:1267,P:1324,PARENT_BN,PARENT,0.14456140563788109,0.144973,-0.00041159436211890554,0.00041159436211890554,False
E:1902,P:1267,P:1326,PARENT_BN,PARENT,0.14461673485458001,0.144973,-0.0003562651454199761,0.0003562651454199761,False
E:1903,P:1268,P:1269,PARENT_BN,PARENT,0.1459999999999999,0.144973,0.0010269999999999169,0.0010269999999999169,False
E:1904,P:1269,P:1326,PARENT_BN,PARENT,0.1446409347314931,0.144973,-0.00033206526850690365,0.00033206526850690365,False
E:1905,P:1269,P:1328,PARENT_BN,PARENT,0.14528936643815327,0.144973,0.00031636643815327603,0.00031636643815327603,False
E:1906,P:1270,P:1271,PARENT_BN,PARENT,0.1459999999999999,0.144973,0.0010269999999999169,0.0010269999999999169,False
E:1907,P:1271,P:1328,PARENT_BN,PARENT,0.14442298985964805,0.144973,-0.000550010140351942,0.000550010140351942,False
E:1908,P:1271,P:1330,PARENT_BN,PARENT,0.1446409347314931,0.144973,-0.00033206526850690365,0.00033206526850690365,False
E:1909,P:1272,P:1273,PARENT_BN,PARENT,0.1459999999999999,0.144973,0.0010269999999999169,0.0010269999999999169,False
E:1910,P:1273,P:1330,PARENT_BN,PARENT,0.14461673485458038,0.144973,-0.0003562651454196153,0.0003562651454196153,False
E:1911,P:1273,P:1332,PARENT_BN,PARENT,0.14456140563788109,0.144973,-0.00041159436211890554,0.00041159436211890554,False
E:1912,P:1274,P:1275,PARENT_BN,PARENT,0.1459999999999999,0.144973,0.0010269999999999169,0.0010269999999999169,False
E:1913,P:1275,P:1332,PARENT_BN,PARENT,0.14483438818181277,0.144973,-0.00013861181818722312,0.00013861181818722312,False
E:1914,P:1275,P:1334,PARENT_BN,PARENT,0.14506550244630867,0.144973,9.250244630867877e-05,9.250244630867877e-05,False
E:1915,P:1276,P:1277,PARENT_BN,PARENT,0.1459999999999999,0.144973,0.0010269999999999169,0.0010269999999999169,False
E:1916,P:1277,P:1334,PARENT_BN,PARENT,0.1443398766800084,0.144973,-0.000633123319991602,0.000633123319991602,False
E:1917,P:1277,P:1336,PARENT_BN,PARENT,0.14500344823486094,0.144973,3.0448234860952494e-05,3.0448234860952494e-05,False
E:1918,P:1278,P:1279,PARENT_BN,PARENT,0.1459999999999999,0.144973,0.0010269999999999169,0.0010269999999999169,False
E:1919,P:1279,P:1336,PARENT_BN,PARENT,0.1443398766800084,0.144973,-0.000633123319991602,0.000633123319991602,False
E:1920,P:1279,P:1338,PARENT_BN,PARENT,0.14506550244630867,0.144973,9.250244630867877e-05,9.250244630867877e-05,False
E:1921,P:1280,P:1281,PARENT_BN,PARENT,0.1459999999999999,0.144973,0.0010269999999999169,0.0010269999999999169,False
E:1922,P:1281,P:1338,PARENT_BN,PARENT,0.14483438818181277,0.144973,-0.00013861181818722312,0.00013861181818722312,False
E:1923,P:1281,P:1340,PARENT_BN,PARENT,0.14456140563788109,0.144973,-0.00041159436211890554,0.00041159436211890554,False
E:1924,P:1282,P:1283,PARENT_BN,PARENT,0.1459999999999999,0.144973,0.0010269999999999169,0.0010269999999999169,False
E:1925,P:1283,P:1340,PARENT_BN,PARENT,0.14461673485458038,0.144973,-0.0003562651454196153,0.0003562651454196153,False
E:1926,P:1283,P:1342,PARENT_BN,PARENT,0.1446409347314931,0.144973,-0.00033206526850690365,0.00033206526850690365,False
E:1927,P:1284,P:1285,PARENT_BN,PARENT,0.1459999999999999,0.144973,0.0010269999999999169,0.0010269999999999169,False
E:1928,P:1285,P:1342,PARENT_BN,PARENT,0.14442298985964805,0.144973,-0.000550010140351942,0.000550010140351942,False
E:1929,P:1285,P:1344,PARENT_BN,PARENT,0.14528936643815327,0.144973,0.00031636643815327603,0.00031636643815327603,False
E:1930,P:1286,P:1287,PARENT_BN,PARENT,0.1459999999999999,0.144973,0.0010269999999999169,0.0010269999999999169,False
E:1931,P:1287,P:1344,PARENT_BN,PARENT,0.1446409347314931,0.144973,-0.00033206526850690365,0.00033206526850690365,False
E:1932,P:1287,P:1346,PARENT_BN,PARENT,0.14461673485458001,0.144973,-0.0003562651454199761,0.0003562651454199761,False
E:1933,P:1288,P:1289,PARENT_BN,PARENT,0.1459999999999999,0.144973,0.0010269999999999169,0.0010269999999999169,False
E:1934,P:1289,P:1346,PARENT_BN,PARENT,0.14456140563788109,0.144973,-0.00041159436211890554,0.00041159436211890554,False
E:1935,P:1289,P:1348,PARENT_BN,PARENT,0.14483438818181277,0.144973,-0.00013861181818722312,0.00013861181818722312,False
E:1936,P:1290,P:1291,PARENT_BN,PARENT,0.1459999999999999,0.144973,0.0010269999999999169,0.0010269999999999169,False
E:1937,P:1291,P:1348,PARENT_BN,PARENT,0.1443364125922496,0.144973,-0.000636587407750383,0.000636587407750383,False
E:1938,P:1291,P:1350,PARENT_BN,PARENT,0.14501379244747725,0.144973,4.0792447477261407e-05,4.0792447477261407e-05,False
E:1939,P:1292,P:1293,PARENT_BN,PARENT,0.1459999999999999,0.144973,0.0010269999999999169,0.0010269999999999169,False
E:1940,P:1293,P:1350,PARENT_BN,PARENT,0.14439182802361086,0.144973,-0.0005811719763891277,0.0005811719763891277,False
E:1941,P:1293,P:1352,PARENT_BN,PARENT,0.14433987668000817,0.144973,-0.000633123319991824,0.000633123319991824,False
E:1942,P:1294,P:1295,PARENT_BN,PARENT,0.1459999999999999,0.144973,0.0010269999999999169,0.0010269999999999169,False
E:1943,P:1295,P:1352,PARENT_BN,PARENT,0.1455369368923229,0.144973,0.0005639368923228971,0.0005639368923228971,False
E:1944,P:1295,P:1354,PARENT_BN,PARENT,0.14483438818181293,0.144973,-0.0001386118181870566,0.0001386118181870566,False
E:1945,P:1296,P:1297,PARENT_BN,PARENT,0.1459999999999999,0.144973,0.0010269999999999169,0.0010269999999999169,False
E:1946,P:1297,P:1354,PARENT_BN,PARENT,0.14456140563788109,0.144973,-0.00041159436211890554,0.00041159436211890554,False
E:1947,P:1297,P:1356,PARENT_BN,PARENT,0.14439182802361084,0.144973,-0.0005811719763891554,0.0005811719763891554,False
E:1948,P:1298,P:1299,PARENT_BN,PARENT,0.1459999999999999,0.144973,0.0010269999999999169,0.0010269999999999169,False
E:1949,P:1299,P:1356,PARENT_BN,PARENT,0.14477568856683093,0.144973,-0.00019731143316906175,0.00019731143316906175,False
E:1950,P:1299,P:1358,PARENT_BN,PARENT,0.1443779761598008,0.144973,-0.0005950238401991881,0.0005950238401991881,False
E:1951,P:1300,P:1301,PARENT_BN,PARENT,0.1459999999999999,0.144973,0.0010269999999999169,0.0010269999999999169,False
E:1952,P:1301,P:1358,PARENT_BN,PARENT,0.1452446212429224,0.144973,0.0002716212429224041,0.0002716212429224041,False
E:1953,P:1301,P:1360,PARENT_BN,PARENT,0.14477568856683093,0.144973,-0.00019731143316906175,0.00019731143316906175,False
E:1954,P:1302,P:1303,PARENT_BN,PARENT,0.1459999999999999,0.144973,0.0010269999999999169,0.0010269999999999169,False
E:1955,P:1303,P:1360,PARENT_BN,PARENT,0.14439182802361047,0.144973,-0.0005811719763895162,0.0005811719763895162,False
E:1956,P:1303,P:1362,PARENT_BN,PARENT,0.14456140563788109,0.144973,-0.00041159436211890554,0.00041159436211890554,False
E:1957,P:1304,P:1305,PARENT_BN,PARENT,0.1459999999999999,0.144973,0.0010269999999999169,0.0010269999999999169,False
E:1958,P:1305,P:1362,PARENT_BN,PARENT,0.14483438818181293,0.144973,-0.0001386118181870566,0.0001386118181870566,False
E:1959,P:1305,P:1364,PARENT_BN,PARENT,0.14481022063376636,0.144973,-0.00016277936623362854,0.00016277936623362854,False
E:1960,P:1306,P:1307,PARENT_BN,PARENT,0.1459999999999999,0.144973,0.0010269999999999169,0.0010269999999999169,False
E:1961,P:1307,P:1364,PARENT_BN,PARENT,0.145013792447477,0.144973,4.0792447477011606e-05,4.0792447477011606e-05,False
E:1962,P:1307,P:1366,PARENT_BN,PARENT,0.14377760604489156,0.144973,-0.0011953939551084258,0.0011953939551084258,False
E:1963,P:1308,P:1309,PARENT_BN,PARENT,0.1459999999999999,0.144973,0.0010269999999999169,0.0010269999999999169,False
E:1964,P:1309,P:1366,PARENT_BN,PARENT,0.145013792447477,0.144973,4.0792447477011606e-05,4.0792447477011606e-05,False
E:1965,P:1309,P:1368,PARENT_BN,PARENT,0.14481022063376636,0.144973,-0.00016277936623362854,0.00016277936623362854,False
E:1966,P:1310,P:1311,PARENT_BN,PARENT,0.1459999999999999,0.144973,0.0010269999999999169,0.0010269999999999169,False
E:1967,P:1311,P:1368,PARENT_BN,PARENT,0.14483438818181293,0.144973,-0.0001386118181870566,0.0001386118181870566,False
E:1968,P:1311,P:1370,PARENT_BN,PARENT,0.14456140563788109,0.144973,-0.00041159436211890554,0.00041159436211890554,False
E:1969,P:1312,P:1313,PARENT_BN,PARENT,0.1459999999999999,0.144973,0.0010269999999999169,0.0010269999999999169,False
E:1970,P:1313,P:1370,PARENT_BN,PARENT,0.14439182802361047,0.144973,-0.0005811719763895162,0.0005811719763895162,False
E:1971,P:1313,P:1372,PARENT_BN,PARENT,0.14477568856683093,0.144973,-0.00019731143316906175,0.00019731143316906175,False
E:1972,P:1314,P:1315,PARENT_BN,PARENT,0.1459999999999999,0.144973,0.0010269999999999169,0.0010269999999999169,False
E:1973,P:1315,P:1372,PARENT_BN,PARENT,0.1452446212429224,0.144973,0.0002716212429224041,0.0002716212429224041,False
E:1974,P:1315,P:1374,PARENT_BN,PARENT,0.1443779761598008,0.144973,-0.0005950238401991881,0.0005950238401991881,False
E:1975,P:1316,P:1317,PARENT_BN,PARENT,0.1459999999999999,0.144973,0.0010269999999999169,0.0010269999999999169,False
E:1976,P:1317,P:1374,PARENT_BN,PARENT,0.14477568856683093,0.144973,-0.00019731143316906175,0.00019731143316906175,False
E:1977,P:1317,P:1376,PARENT_BN,PARENT,0.14439182802361084,0.144973,-0.0005811719763891554,0.0005811719763891554,False
E:1978,P:1318,P:1319,PARENT_BN,PARENT,0.1459999999999999,0.144973,0.0010269999999999169,0.0010269999999999169,False
E:1979,P:1319,P:1376,PARENT_BN,PARENT,0.14456140563788109,0.144973,-0.00041159436211890554,0.00041159436211890554,False
E:1980,P:1319,P:1378,PARENT_BN,PARENT,0.14483438818181293,0.144973,-0.0001386118181870566,0.0001386118181870566,False
E:1981,P:1320,P:1321,PARENT_BN,PARENT,0.14499999999999957,0.144973,2.6999999999582913e-05,2.6999999999582913e-05,False
E:1982,P:1321,P:1380,PARENT_BN,PARENT,0.14439182802361086,0.144973,-0.0005811719763891277,0.0005811719763891277,False
E:1983,P:1321,P:1438,PARENT_BN,PARENT,0.14433987668000817,0.144973,-0.000633123319991824,0.000633123319991824,False
E:1984,P:1322,P:1323,PARENT_BN,PARENT,0.14499999999999957,0.144973,2.6999999999582913e-05,2.6999999999582913e-05,False
E:1985,P:1323,P:1380,PARENT_BN,PARENT,0.14501379244747725,0.144973,4.0792447477261407e-05,4.0792447477261407e-05,False
E:1986,P:1323,P:1382,PARENT_BN,PARENT,0.1443364125922496,0.144973,-0.000636587407750383,0.000636587407750383,False
E:1987,P:1324,P:1325,PARENT_BN,PARENT,0.14499999999999957,0.144973,2.6999999999582913e-05,2.6999999999582913e-05,False
E:1988,P:1325,P:1382,PARENT_BN,PARENT,0.14483438818181277,0.144973,-0.00013861181818722312,0.00013861181818722312,False
E:1989,P:1325,P:1384,PARENT_BN,PARENT,0.14456140563788109,0.144973,-0.00041159436211890554,0.00041159436211890554,False
E:1990,P:1326,P:1327,PARENT_BN,PARENT,0.14499999999999957,0.144973,2.6999999999582913e-05,2.6999999999582913e-05,False
E:1991,P:1327,P:1384,PARENT_BN,PARENT,0.14461673485458001,0.144973,-0.0003562651454199761,0.0003562651454199761,False
E:1992,P:1327,P:1386,PARENT_BN,PARENT,0.1446409347314931,0.144973,-0.00033206526850690365,0.00033206526850690365,False
E:1993,P:1328,P:1329,PARENT_BN,PARENT,0.14499999999999957,0.144973,2.6999999999582913e-05,2.6999999999582913e-05,False
E:1994,P:1329,P:1386,PARENT_BN,PARENT,0.14528936643815327,0.144973,0.00031636643815327603,0.00031636643815327603,False
E:1995,P:1329,P:1388,PARENT_BN,PARENT,0.14442298985964805,0.144973,-0.000550010140351942,0.000550010140351942,False
E:1996,P:1330,P:1331,PARENT_BN,PARENT,0.14499999999999957,0.144973,2.6999999999582913e-05,2.6999999999582913e-05,False
E:1997,P:1331,P:1388,PARENT_BN,PARENT,0.1446409347314931,0.144973,-0.00033206526850690365,0.00033206526850690365,False
E:1998,P:1331,P:1390,PARENT_BN,PARENT,0.14461673485458038,0.144973,-0.0003562651454196153,0.0003562651454196153,False
E:1999,P:1332,P:1333,PARENT_BN,PARENT,0.14499999999999957,0.144973,2.6999999999582913e-05,2.6999999999582913e-05,False
E:2000,P:1333,P:1390,PARENT_BN,PARENT,0.14456140563788109,0.144973,-0.00041159436211890554,0.00041159436211890554,False
E:2001,P:1333,P:1392,PARENT_BN,PARENT,0.14483438818181277,0.144973,-0.00013861181818722312,0.00013861181818722312,False
E:2002,P:1334,P:1335,PARENT_BN,PARENT,0.14499999999999957,0.144973,2.6999999999582913e-05,2.6999999999582913e-05,False
E:2003,P:1335,P:1392,PARENT_BN,PARENT,0.14506550244630867,0.144973,9.250244630867877e-05,9.250244630867877e-05,False
E:2004,P:1335,P:1394,PARENT_BN,PARENT,0.1443398766800084,0.144973,-0.000633123319991602,0.000633123319991602,False
E:2005,P:1336,P:1337,PARENT_BN,PARENT,0.14499999999999957,0.144973,2.6999999999582913e-05,2.6999999999582913e-05,False
E:2006,P:1337,P:1394,PARENT_BN,PARENT,0.14500344823486094,0.144973,3.0448234860952494e-05,3.0448234860952494e-05,False
E:2007,P:1337,P:1396,PARENT_BN,PARENT,0.1443398766800084,0.144973,-0.000633123319991602,0.000633123319991602,False
E:2008,P:1338,P:1339,PARENT_BN,PARENT,0.14499999999999957,0.144973,2.6999999999582913e-05,2.6999999999582913e-05,False
E:2009,P:1339,P:1396,PARENT_BN,PARENT,0.14506550244630867,0.144973,9.250244630867877e-05,9.250244630867877e-05,False
E:2010,P:1339,P:1398,PARENT_BN,PARENT,0.14483438818181277,0.144973,-0.00013861181818722312,0.00013861181818722312,False
E:2011,P:1340,P:1341,PARENT_BN,PARENT,0.14499999999999957,0.144973,2.6999999999582913e-05,2.6999999999582913e-05,False
E:2012,P:1341,P:1398,PARENT_BN,PARENT,0.14456140563788109,0.144973,-0.00041159436211890554,0.00041159436211890554,False
E:2013,P:1341,P:1400,PARENT_BN,PARENT,0.14461673485458038,0.144973,-0.0003562651454196153,0.0003562651454196153,False
E:2014,P:1342,P:1343,PARENT_BN,PARENT,0.14499999999999957,0.144973,2.6999999999582913e-05,2.6999999999582913e-05,False
E:2015,P:1343,P:1400,PARENT_BN,PARENT,0.1446409347314931,0.144973,-0.00033206526850690365,0.00033206526850690365,False
E:2016,P:1343,P:1402,PARENT_BN,PARENT,0.14442298985964805,0.144973,-0.000550010140351942,0.000550010140351942,False
E:2017,P:1344,P:1345,PARENT_BN,PARENT,0.14499999999999957,0.144973,2.6999999999582913e-05,2.6999999999582913e-05,False
E:2018,P:1345,P:1402,PARENT_BN,PARENT,0.14528936643815327,0.144973,0.00031636643815327603,0.00031636643815327603,False
E:2019,P:1345,P:1404,PARENT_BN,PARENT,0.1446409347314931,0.144973,-0.00033206526850690365,0.00033206526850690365,False
E:2020,P:1346,P:1347,PARENT_BN,PARENT,0.14499999999999957,0.144973,2.6999999999582913e-05,2.6999999999582913e-05,False
E:2021,P:1347,P:1404,PARENT_BN,PARENT,0.14461673485458001,0.144973,-0.0003562651454199761,0.0003562651454199761,False
E:2022,P:1347,P:1406,PARENT_BN,PARENT,0.14456140563788109,0.144973,-0.00041159436211890554,0.00041159436211890554,False
E:2023,P:1348,P:1349,PARENT_BN,PARENT,0.14499999999999957,0.144973,2.6999999999582913e-05,2.6999999999582913e-05,False
E:2024,P:1349,P:1406,PARENT_BN,PARENT,0.14483438818181277,0.144973,-0.00013861181818722312,0.00013861181818722312,False
E:2025,P:1349,P:1408,PARENT_BN,PARENT,0.1443364125922496,0.144973,-0.000636587407750383,0.000636587407750383,False
E:2026,P:1350,P:1351,PARENT_BN,PARENT,0.14499999999999957,0.144973,2.6999999999582913e-05,2.6999999999582913e-05,False
E:2027,P:1351,P:1408,PARENT_BN,PARENT,0.14501379244747725,0.144973,4.0792447477261407e-05,4.0792447477261407e-05,False
E:2028,P:1351,P:1410,PARENT_BN,PARENT,0.14439182802361086,0.144973,-0.0005811719763891277,0.0005811719763891277,False
E:2029,P:1352,P:1353,PARENT_BN,PARENT,0.14499999999999957,0.144973,2.6999999999582913e-05,2.6999999999582913e-05,False
E:2030,P:1353,P:1410,PARENT_BN,PARENT,0.14433987668000817,0.144973,-0.000633123319991824,0.000633123319991824,False
E:2031,P:1353,P:1412,PARENT_BN,PARENT,0.1455369368923229,0.144973,0.0005639368923228971,0.0005639368923228971,False
E:2032,P:1354,P:1355,PARENT_BN,PARENT,0.14499999999999957,0.144973,2.6999999999582913e-05,2.6999999999582913e-05,False
E:2033,P:1355,P:1412,PARENT_BN,PARENT,0.14483438818181293,0.144973,-0.0001386118181870566,0.0001386118181870566,False
E:2034,P:1355,P:1414,PARENT_BN,PARENT,0.14456140563788109,0.144973,-0.00041159436211890554,0.00041159436211890554,False
E:2035,P:1356,P:1357,PARENT_BN,PARENT,0.14499999999999957,0.144973,2.6999999999582913e-05,2.6999999999582913e-05,False
E:2036,P:1357,P:1414,PARENT_BN,PARENT,0.14439182802361084,0.144973,-0.0005811719763891554,0.0005811719763891554,False
E:2037,P:1357,P:1416,PARENT_BN,PARENT,0.14477568856683093,0.144973,-0.00019731143316906175,0.00019731143316906175,False
E:2038,P:1358,P:1359,PARENT_BN,PARENT,0.14499999999999957,0.144973,2.6999999999582913e-05,2.6999999999582913e-05,False
E:2039,P:1359,P:1416,PARENT_BN,PARENT,0.1443779761598008,0.144973,-0.0005950238401991881,0.0005950238401991881,False
E:2040,P:1359,P:1418,PARENT_BN,PARENT,0.1452446212429224,0.144973,0.0002716212429224041,0.0002716212429224041,False
E:2041,P:1360,P:1361,PARENT_BN,PARENT,0.14499999999999957,0.144973,2.6999999999582913e-05,2.6999999999582913e-05,False
E:2042,P:1361,P:1418,PARENT_BN,PARENT,0.14477568856683093,0.144973,-0.00019731143316906175,0.00019731143316906175,False
E:2043,P:1361,P:1420,PARENT_BN,PARENT,0.14439182802361047,0.144973,-0.0005811719763895162,0.0005811719763895162,False
E:2044,P:1362,P:1363,PARENT_BN,PARENT,0.14499999999999957,0.144973,2.6999999999582913e-05,2.6999999999582913e-05,False
E:2045,P:1363,P:1420,PARENT_BN,PARENT,0.14456140563788109,0.144973,-0.00041159436211890554,0.00041159436211890554,False
E:2046,P:1363,P:1422,PARENT_BN,PARENT,0.14483438818181293,0.144973,-0.0001386118181870566,0.0001386118181870566,False
E:2047,P:1364,P:1365,PARENT_BN,PARENT,0.14499999999999957,0.144973,2.6999999999582913e-05,2.6999999999582913e-05,False
E:2048,P:1365,P:1422,PARENT_BN,PARENT,0.14481022063376636,0.144973,-0.00016277936623362854,0.00016277936623362854,False
E:2049,P:1365,P:1424,PARENT_BN,PARENT,0.145013792447477,0.144973,4.0792447477011606e-05,4.0792447477011606e-05,False
E:2050,P:1366,P:1367,PARENT_BN,PARENT,0.14499999999999957,0.144973,2.6999999999582913e-05,2.6999999999582913e-05,False
E:2051,P:1367,P:1424,PARENT_BN,PARENT,0.14377760604489156,0.144973,-0.0011953939551084258,0.0011953939551084258,False
E:2052,P:1367,P:1426,PARENT_BN,PARENT,0.145013792447477,0.144973,4.0792447477011606e-05,4.0792447477011606e-05,False
E:2053,P:1368,P:1369,PARENT_BN,PARENT,0.14499999999999957,0.144973,2.6999999999582913e-05,2.6999999999582913e-05,False
E:2054,P:1369,P:1426,PARENT_BN,PARENT,0.14481022063376636,0.144973,-0.00016277936623362854,0.00016277936623362854,False
E:2055,P:1369,P:1428,PARENT_BN,PARENT,0.14483438818181293,0.144973,-0.0001386118181870566,0.0001386118181870566,False
E:2056,P:1370,P:1371,PARENT_BN,PARENT,0.14499999999999957,0.144973,2.6999999999582913e-05,2.6999999999582913e-05,False
E:2057,P:1371,P:1428,PARENT_BN,PARENT,0.14456140563788109,0.144973,-0.00041159436211890554,0.00041159436211890554,False
E:2058,P:1371,P:1430,PARENT_BN,PARENT,0.14439182802361047,0.144973,-0.0005811719763895162,0.0005811719763895162,False
E:2059,P:1372,P:1373,PARENT_BN,PARENT,0.14499999999999957,0.144973,2.6999999999582913e-05,2.6999999999582913e-05,False
E:2060,P:1373,P:1430,PARENT_BN,PARENT,0.14477568856683093,0.144973,-0.00019731143316906175,0.00019731143316906175,False
E:2061,P:1373,P:1432,PARENT_BN,PARENT,0.1452446212429224,0.144973,0.0002716212429224041,0.0002716212429224041,False
E:2062,P:1374,P:1375,PARENT_BN,PARENT,0.14499999999999957,0.144973,2.6999999999582913e-05,2.6999999999582913e-05,False
E:2063,P:1375,P:1432,PARENT_BN,PARENT,0.1443779761598008,0.144973,-0.0005950238401991881,0.0005950238401991881,False
E:2064,P:1375,P:1434,PARENT_BN,PARENT,0.14477568856683093,0.144973,-0.00019731143316906175,0.00019731143316906175,False
E:2065,P:1376,P:1377,PARENT_BN,PARENT,0.14499999999999957,0.144973,2.6999999999582913e-05,2.6999999999582913e-05,False
E:2066,P:1377,P:1434,PARENT_BN,PARENT,0.14439182802361084,0.144973,-0.0005811719763891554,0.0005811719763891554,False
E:2067,P:1377,P:1436,PARENT_BN,PARENT,0.14456140563788109,0.144973,-0.00041159436211890554,0.00041159436211890554,False
E:2068,P:1378,P:1379,PARENT_BN,PARENT,0.14499999999999957,0.144973,2.6999999999582913e-05,2.6999999999582913e-05,False
E:2069,P:1379,P:1436,PARENT_BN,PARENT,0.14483438818181293,0.144973,-0.0001386118181870566,0.0001386118181870566,False
E:2070,P:1379,P:1438,PARENT_BN,PARENT,0.1455369368923229,0.144973,0.0005639368923228971,0.0005639368923228971,False
E:2071,P:1380,P:1381,PARENT_BN,PARENT,0.14500000000000046,0.144973,2.700000000047109e-05,2.700000000047109e-05,False
E:2072,P:1381,P:1440,PARENT_BN,PARENT,0.14551288602732038,0.144973,0.0005398860273203854,0.0005398860273203854,False
E:2073,P:1381,P:1498,PARENT_BN,PARENT,0.1448930640161907,0.144973,-7.993598380928724e-05,7.993598380928724e-05,False
E:2074,P:1382,P:1383,PARENT_BN,PARENT,0.14500000000000046,0.144973,2.700000000047109e-05,2.700000000047109e-05,False
E:2075,P:1383,P:1440,PARENT_BN,PARENT,0.14483784035948627,0.144973,-0.0001351596405137212,0.0001351596405137212,False
E:2076,P:1383,P:1442,PARENT_BN,PARENT,0.14533409785731613,0.144973,0.0003610978573161394,0.0003610978573161394,False
E:2077,P:1384,P:1385,PARENT_BN,PARENT,0.14500000000000046,0.144973,2.700000000047109e-05,2.700000000047109e-05,False
E:2078,P:1385,P:1442,PARENT_BN,PARENT,0.14506205568652306,0.144973,8.905568652306517e-05,8.905568652306517e-05,False
E:2079,P:1385,P:1444,PARENT_BN,PARENT,0.14511719401917822,0.144973,0.00014419401917822872,0.00014419401917822872,False
E:2080,P:1386,P:1387,PARENT_BN,PARENT,0.14500000000000046,0.144973,2.700000000047109e-05,2.700000000047109e-05,False
E:2081,P:1387,P:1444,PARENT_BN,PARENT,0.1451413104529512,0.144973,0.00016831045295120917,0.00016831045295120917,False
E:2082,P:1387,P:1446,PARENT_BN,PARENT,0.14578751661236258,0.144973,0.0008145166123625924,0.0008145166123625924,False
E:2083,P:1388,P:1389,PARENT_BN,PARENT,0.14500000000000046,0.144973,2.700000000047109e-05,2.700000000047109e-05,False
E:2084,P:1389,P:1446,PARENT_BN,PARENT,0.14492411807563269,0.144973,-4.888192436730554e-05,4.888192436730554e-05,False
E:2085,P:1389,P:1448,PARENT_BN,PARENT,0.1451413104529512,0.144973,0.00016831045295120917,0.00016831045295120917,False
E:2086,P:1390,P:1391,PARENT_BN,PARENT,0.14500000000000046,0.144973,2.700000000047109e-05,2.700000000047109e-05,False
E:2087,P:1391,P:1448,PARENT_BN,PARENT,0.14511719401917858,0.144973,0.00014419401917858954,0.00014419401917858954,False
E:2088,P:1391,P:1450,PARENT_BN,PARENT,0.14506205568652306,0.144973,8.905568652306517e-05,8.905568652306517e-05,False
E:2089,P:1392,P:1393,PARENT_BN,PARENT,0.14500000000000046,0.144973,2.700000000047109e-05,2.700000000047109e-05,False
E:2090,P:1393,P:1450,PARENT_BN,PARENT,0.14533409785731613,0.144973,0.0003610978573161394,0.0003610978573161394,False
E:2091,P:1393,P:1452,PARENT_BN,PARENT,0.14556441872930317,0.144973,0.0005914187293031836,0.0005914187293031836,False
E:2092,P:1394,P:1395,PARENT_BN,PARENT,0.14500000000000046,0.144973,2.700000000047109e-05,2.700000000047109e-05,False
E:2093,P:1395,P:1452,PARENT_BN,PARENT,0.14484129245487956,0.144973,-0.0001317075451204297,0.0001317075451204297,False
E:2094,P:1395,P:1454,PARENT_BN,PARENT,0.14550257729676103,0.144973,0.0005295772967610357,0.0005295772967610357,False
E:2095,P:1396,P:1397,PARENT_BN,PARENT,0.14500000000000046,0.144973,2.700000000047109e-05,2.700000000047109e-05,False
E:2096,P:1397,P:1454,PARENT_BN,PARENT,0.14484129245487956,0.144973,-0.0001317075451204297,0.0001317075451204297,False
E:2097,P:1397,P:1456,PARENT_BN,PARENT,0.14556441872930317,0.144973,0.0005914187293031836,0.0005914187293031836,False
E:2098,P:1398,P:1399,PARENT_BN,PARENT,0.14500000000000046,0.144973,2.700000000047109e-05,2.700000000047109e-05,False
E:2099,P:1399,P:1456,PARENT_BN,PARENT,0.14533409785731613,0.144973,0.0003610978573161394,0.0003610978573161394,False
E:2100,P:1399,P:1458,PARENT_BN,PARENT,0.14506205568652306,0.144973,8.905568652306517e-05,8.905568652306517e-05,False
E:2101,P:1400,P:1401,PARENT_BN,PARENT,0.14500000000000046,0.144973,2.700000000047109e-05,2.700000000047109e-05,False
E:2102,P:1401,P:1458,PARENT_BN,PARENT,0.14511719401917858,0.144973,0.00014419401917858954,0.00014419401917858954,False
E:2103,P:1401,P:1460,PARENT_BN,PARENT,0.1451413104529512,0.144973,0.00016831045295120917,0.00016831045295120917,False
E:2104,P:1402,P:1403,PARENT_BN,PARENT,0.14500000000000046,0.144973,2.700000000047109e-05,2.700000000047109e-05,False
E:2105,P:1403,P:1460,PARENT_BN,PARENT,0.14492411807563269,0.144973,-4.888192436730554e-05,4.888192436730554e-05,False
E:2106,P:1403,P:1462,PARENT_BN,PARENT,0.14578751661236258,0.144973,0.0008145166123625924,0.0008145166123625924,False
E:2107,P:1404,P:1405,PARENT_BN,PARENT,0.14500000000000046,0.144973,2.700000000047109e-05,2.700000000047109e-05,False
E:2108,P:1405,P:1462,PARENT_BN,PARENT,0.1451413104529512,0.144973,0.00016831045295120917,0.00016831045295120917,False
E:2109,P:1405,P:1464,PARENT_BN,PARENT,0.14511719401917822,0.144973,0.00014419401917822872,0.00014419401917822872,False
E:2110,P:1406,P:1407,PARENT_BN,PARENT,0.14500000000000046,0.144973,2.700000000047109e-05,2.700000000047109e-05,False
E:2111,P:1407,P:1464,PARENT_BN,PARENT,0.14506205568652306,0.144973,8.905568652306517e-05,8.905568652306517e-05,False
E:2112,P:1407,P:1466,PARENT_BN,PARENT,0.14533409785731613,0.144973,0.0003610978573161394,0.0003610978573161394,False
E:2113,P:1408,P:1409,PARENT_BN,PARENT,0.14500000000000046,0.144973,2.700000000047109e-05,2.700000000047109e-05,False
E:2114,P:1409,P:1466,PARENT_BN,PARENT,0.14483784035948627,0.144973,-0.0001351596405137212,0.0001351596405137212,False
E:2115,P:1409,P:1468,PARENT_BN,PARENT,0.14551288602732038,0.144973,0.0005398860273203854,0.0005398860273203854,False
E:2116,P:1410,P:1411,PARENT_BN,PARENT,0.14500000000000046,0.144973,2.700000000047109e-05,2.700000000047109e-05,False
E:2117,P:1411,P:1468,PARENT_BN,PARENT,0.1448930640161907,0.144973,-7.993598380928724e-05,7.993598380928724e-05,False
E:2118,P:1411,P:1470,PARENT_BN,PARENT,0.14484129245487934,0.144973,-0.00013170754512065175,0.00013170754512065175,False
E:2119,P:1412,P:1413,PARENT_BN,PARENT,0.14500000000000046,0.144973,2.700000000047109e-05,2.700000000047109e-05,False
E:2120,P:1413,P:1470,PARENT_BN,PARENT,0.14603424255974998,0.144973,0.0010612425597499864,0.0010612425597499864,False
E:2121,P:1413,P:1472,PARENT_BN,PARENT,0.14533409785731632,0.144973,0.0003610978573163337,0.0003610978573163337,False
E:2122,P:1414,P:1415,PARENT_BN,PARENT,0.14500000000000046,0.144973,2.700000000047109e-05,2.700000000047109e-05,False
E:2123,P:1415,P:1472,PARENT_BN,PARENT,0.14506205568652306,0.144973,8.905568652306517e-05,8.905568652306517e-05,False
E:2124,P:1415,P:1474,PARENT_BN,PARENT,0.14489306401619068,0.144973,-7.993598380931499e-05,7.993598380931499e-05,False
E:2125,P:1416,P:1417,PARENT_BN,PARENT,0.14500000000000046,0.144973,2.700000000047109e-05,2.700000000047109e-05,False
E:2126,P:1417,P:1474,PARENT_BN,PARENT,0.1452756001536388,0.144973,0.0003026001536388101,0.0003026001536388101,False
E:2127,P:1417,P:1476,PARENT_BN,PARENT,0.14487926007541566,0.144973,-9.373992458433511e-05,9.373992458433511e-05,False
E:2128,P:1418,P:1419,PARENT_BN,PARENT,0.14500000000000046,0.144973,2.700000000047109e-05,2.700000000047109e-05,False
E:2129,P:1419,P:1476,PARENT_BN,PARENT,0.1457429243565529,0.144973,0.0007699243565529035,0.0007699243565529035,False
E:2130,P:1419,P:1478,PARENT_BN,PARENT,0.1452756001536388,0.144973,0.0003026001536388101,0.0003026001536388101,False
E:2131,P:1420,P:1421,PARENT_BN,PARENT,0.14500000000000046,0.144973,2.700000000047109e-05,2.700000000047109e-05,False
E:2132,P:1421,P:1478,PARENT_BN,PARENT,0.14489306401619031,0.144973,-7.993598380967581e-05,7.993598380967581e-05,False
E:2133,P:1421,P:1480,PARENT_BN,PARENT,0.14506205568652306,0.144973,8.905568652306517e-05,8.905568652306517e-05,False
E:2134,P:1422,P:1423,PARENT_BN,PARENT,0.14500000000000046,0.144973,2.700000000047109e-05,2.700000000047109e-05,False
E:2135,P:1423,P:1480,PARENT_BN,PARENT,0.14533409785731632,0.144973,0.0003610978573163337,0.0003610978573163337,False
E:2136,P:1423,P:1482,PARENT_BN,PARENT,0.14531001341958513,0.144973,0.0003370134195851415,0.0003370134195851415,False
E:2137,P:1424,P:1425,PARENT_BN,PARENT,0.14500000000000046,0.144973,2.700000000047109e-05,2.700000000047109e-05,False
E:2138,P:1425,P:1482,PARENT_BN,PARENT,0.14551288602732013,0.144973,0.0005398860273201356,0.0005398860273201356,False
E:2139,P:1425,P:1484,PARENT_BN,PARENT,0.14428097587693242,0.144973,-0.0006920241230675694,0.0006920241230675694,False
E:2140,P:1426,P:1427,PARENT_BN,PARENT,0.14500000000000046,0.144973,2.700000000047109e-05,2.700000000047109e-05,False
E:2141,P:1427,P:1484,PARENT_BN,PARENT,0.14551288602732013,0.144973,0.0005398860273201356,0.0005398860273201356,False
E:2142,P:1427,P:1486,PARENT_BN,PARENT,0.14531001341958513,0.144973,0.0003370134195851415,0.0003370134195851415,False
E:2143,P:1428,P:1429,PARENT_BN,PARENT,0.14500000000000046,0.144973,2.700000000047109e-05,2.700000000047109e-05,False
E:2144,P:1429,P:1486,PARENT_BN,PARENT,0.14533409785731632,0.144973,0.0003610978573163337,0.0003610978573163337,False
E:2145,P:1429,P:1488,PARENT_BN,PARENT,0.14506205568652306,0.144973,8.905568652306517e-05,8.905568652306517e-05,False
E:2146,P:1430,P:1431,PARENT_BN,PARENT,0.14500000000000046,0.144973,2.700000000047109e-05,2.700000000047109e-05,False
E:2147,P:1431,P:1488,PARENT_BN,PARENT,0.14489306401619031,0.144973,-7.993598380967581e-05,7.993598380967581e-05,False
E:2148,P:1431,P:1490,PARENT_BN,PARENT,0.1452756001536388,0.144973,0.0003026001536388101,0.0003026001536388101,False
E:2149,P:1432,P:1433,PARENT_BN,PARENT,0.14500000000000046,0.144973,2.700000000047109e-05,2.700000000047109e-05,False
E:2150,P:1433,P:1490,PARENT_BN,PARENT,0.1457429243565529,0.144973,0.0007699243565529035,0.0007699243565529035,False
E:2151,P:1433,P:1492,PARENT_BN,PARENT,0.14487926007541566,0.144973,-9.373992458433511e-05,9.373992458433511e-05,False
E:2152,P:1434,P:1435,PARENT_BN,PARENT,0.14500000000000046,0.144973,2.700000000047109e-05,2.700000000047109e-05,False
E:2153,P:1435,P:1492,PARENT_BN,PARENT,0.1452756001536388,0.144973,0.0003026001536388101,0.0003026001536388101,False
E:2154,P:1435,P:1494,PARENT_BN,PARENT,0.14489306401619068,0.144973,-7.993598380931499e-05,7.993598380931499e-05,False
E:2155,P:1436,P:1437,PARENT_BN,PARENT,0.14500000000000046,0.144973,2.700000000047109e-05,2.700000000047109e-05,False
E:2156,P:1437,P:1494,PARENT_BN,PARENT,0.14506205568652306,0.144973,8.905568652306517e-05,8.905568652306517e-05,False
E:2157,P:1437,P:1496,PARENT_BN,PARENT,0.14533409785731632,0.144973,0.0003610978573163337,0.0003610978573163337,False
E:2158,P:1438,P:1439,PARENT_BN,PARENT,0.14500000000000046,0.144973,2.700000000047109e-05,2.700000000047109e-05,False
E:2159,P:1439,P:1496,PARENT_BN,PARENT,0.14603424255974998,0.144973,0.0010612425597499864,0.0010612425597499864,False
E:2160,P:1439,P:1498,PARENT_BN,PARENT,0.14484129245487934,0.144973,-0.00013170754512065175,0.00013170754512065175,False
E:2161,P:1440,P:1441,PARENT_BN,PARENT,0.14500000000000046,0.144973,2.700000000047109e-05,2.700000000047109e-05,False
E:2162,P:1441,P:1500,PARENT_BN,PARENT,0.14483784035948627,0.144973,-0.0001351596405137212,0.0001351596405137212,False
E:2163,P:1441,P:1558,PARENT_BN,PARENT,0.14551288602732038,0.144973,0.0005398860273203854,0.0005398860273203854,False
E:2164,P:1442,P:1443,PARENT_BN,PARENT,0.14500000000000046,0.144973,2.700000000047109e-05,2.700000000047109e-05,False
E:2165,P:1443,P:1500,PARENT_BN,PARENT,0.14533409785731613,0.144973,0.0003610978573161394,0.0003610978573161394,False
E:2166,P:1443,P:1502,PARENT_BN,PARENT,0.14506205568652306,0.144973,8.905568652306517e-05,8.905568652306517e-05,False
E:2167,P:1444,P:1445,PARENT_BN,PARENT,0.14500000000000046,0.144973,2.700000000047109e-05,2.700000000047109e-05,False
E:2168,P:1445,P:1502,PARENT_BN,PARENT,0.14511719401917822,0.144973,0.00014419401917822872,0.00014419401917822872,False
E:2169,P:1445,P:1504,PARENT_BN,PARENT,0.1451413104529512,0.144973,0.00016831045295120917,0.00016831045295120917,False
E:2170,P:1446,P:1447,PARENT_BN,PARENT,0.14500000000000046,0.144973,2.700000000047109e-05,2.700000000047109e-05,False
E:2171,P:1447,P:1504,PARENT_BN,PARENT,0.14578751661236258,0.144973,0.0008145166123625924,0.0008145166123625924,False
E:2172,P:1447,P:1506,PARENT_BN,PARENT,0.14492411807563269,0.144973,-4.888192436730554e-05,4.888192436730554e-05,False
E:2173,P:1448,P:1449,PARENT_BN,PARENT,0.14500000000000046,0.144973,2.700000000047109e-05,2.700000000047109e-05,False
E:2174,P:1449,P:1506,PARENT_BN,PARENT,0.1451413104529512,0.144973,0.00016831045295120917,0.00016831045295120917,False
E:2175,P:1449,P:1508,PARENT_BN,PARENT,0.14511719401917858,0.144973,0.00014419401917858954,0.00014419401917858954,False
E:2176,P:1450,P:1451,PARENT_BN,PARENT,0.14500000000000046,0.144973,2.700000000047109e-05,2.700000000047109e-05,False
E:2177,P:1451,P:1508,PARENT_BN,PARENT,0.14506205568652306,0.144973,8.905568652306517e-05,8.905568652306517e-05,False
E:2178,P:1451,P:1510,PARENT_BN,PARENT,0.14533409785731613,0.144973,0.0003610978573161394,0.0003610978573161394,False
E:2179,P:1452,P:1453,PARENT_BN,PARENT,0.14500000000000046,0.144973,2.700000000047109e-05,2.700000000047109e-05,False
E:2180,P:1453,P:1510,PARENT_BN,PARENT,0.14556441872930317,0.144973,0.0005914187293031836,0.0005914187293031836,False
E:2181,P:1453,P:1512,PARENT_BN,PARENT,0.14484129245487956,0.144973,-0.0001317075451204297,0.0001317075451204297,False
E:2182,P:1454,P:1455,PARENT_BN,PARENT,0.14500000000000046,0.144973,2.700000000047109e-05,2.700000000047109e-05,False
E:2183,P:1455,P:1512,PARENT_BN,PARENT,0.14550257729676103,0.144973,0.0005295772967610357,0.0005295772967610357,False
E:2184,P:1455,P:1514,PARENT_BN,PARENT,0.14484129245487956,0.144973,-0.0001317075451204297,0.0001317075451204297,False
E:2185,P:1456,P:1457,PARENT_BN,PARENT,0.14500000000000046,0.144973,2.700000000047109e-05,2.700000000047109e-05,False
E:2186,P:1457,P:1514,PARENT_BN,PARENT,0.14556441872930317,0.144973,0.0005914187293031836,0.0005914187293031836,False
E:2187,P:1457,P:1516,PARENT_BN,PARENT,0.14533409785731613,0.144973,0.0003610978573161394,0.0003610978573161394,False
E:2188,P:1458,P:1459,PARENT_BN,PARENT,0.14500000000000046,0.144973,2.700000000047109e-05,2.700000000047109e-05,False
E:2189,P:1459,P:1516,PARENT_BN,PARENT,0.14506205568652306,0.144973,8.905568652306517e-05,8.905568652306517e-05,False
E:2190,P:1459,P:1518,PARENT_BN,PARENT,0.14511719401917858,0.144973,0.00014419401917858954,0.00014419401917858954,False
E:2191,P:1460,P:1461,PARENT_BN,PARENT,0.14500000000000046,0.144973,2.700000000047109e-05,2.700000000047109e-05,False
E:2192,P:1461,P:1518,PARENT_BN,PARENT,0.1451413104529512,0.144973,0.00016831045295120917,0.00016831045295120917,False
E:2193,P:1461,P:1520,PARENT_BN,PARENT,0.14492411807563269,0.144973,-4.888192436730554e-05,4.888192436730554e-05,False
E:2194,P:1462,P:1463,PARENT_BN,PARENT,0.14500000000000046,0.144973,2.700000000047109e-05,2.700000000047109e-05,False
E:2195,P:1463,P:1520,PARENT_BN,PARENT,0.14578751661236258,0.144973,0.0008145166123625924,0.0008145166123625924,False
E:2196,P:1463,P:1522,PARENT_BN,PARENT,0.1451413104529512,0.144973,0.00016831045295120917,0.00016831045295120917,False
E:2197,P:1464,P:1465,PARENT_BN,PARENT,0.14500000000000046,0.144973,2.700000000047109e-05,2.700000000047109e-05,False
E:2198,P:1465,P:1522,PARENT_BN,PARENT,0.14511719401917822,0.144973,0.00014419401917822872,0.00014419401917822872,False
E:2199,P:1465,P:1524,PARENT_BN,PARENT,0.14506205568652306,0.144973,8.905568652306517e-05,8.905568652306517e-05,False
E:2200,P:1466,P:1467,PARENT_BN,PARENT,0.14500000000000046,0.144973,2.700000000047109e-05,2.700000000047109e-05,False
E:2201,P:1467,P:1524,PARENT_BN,PARENT,0.14533409785731613,0.144973,0.0003610978573161394,0.0003610978573161394,False
E:2202,P:1467,P:1526,PARENT_BN,PARENT,0.14483784035948627,0.144973,-0.0001351596405137212,0.0001351596405137212,False
E:2203,P:1468,P:1469,PARENT_BN,PARENT,0.14500000000000046,0.144973,2.700000000047109e-05,2.700000000047109e-05,False
E:2204,P:1469,P:1526,PARENT_BN,PARENT,0.14551288602732038,0.144973,0.0005398860273203854,0.0005398860273203854,False
E:2205,P:1469,P:1528,PARENT_BN,PARENT,0.1448930640161907,0.144973,-7.993598380928724e-05,7.993598380928724e-05,False
E:2206,P:1470,P:1471,PARENT_BN,PARENT,0.14500000000000046,0.144973,2.700000000047109e-05,2.700000000047109e-05,False
E:2207,P:1471,P:1528,PARENT_BN,PARENT,0.14484129245487934,0.144973,-0.00013170754512065175,0.00013170754512065175,False
E:2208,P:1471,P:1530,PARENT_BN,PARENT,0.14603424255974998,0.144973,0.0010612425597499864,0.0010612425597499864,False
E:2209,P:1472,P:1473,PARENT_BN,PARENT,0.14500000000000046,0.144973,2.700000000047109e-05,2.700000000047109e-05,False
E:2210,P:1473,P:1530,PARENT_BN,PARENT,0.14533409785731632,0.144973,0.0003610978573163337,0.0003610978573163337,False
E:2211,P:1473,P:1532,PARENT_BN,PARENT,0.14506205568652306,0.144973,8.905568652306517e-05,8.905568652306517e-05,False
E:2212,P:1474,P:1475,PARENT_BN,PARENT,0.14500000000000046,0.144973,2.700000000047109e-05,2.700000000047109e-05,False
E:2213,P:1475,P:1532,PARENT_BN,PARENT,0.14489306401619068,0.144973,-7.993598380931499e-05,7.993598380931499e-05,False
E:2214,P:1475,P:1534,PARENT_BN,PARENT,0.1452756001536388,0.144973,0.0003026001536388101,0.0003026001536388101,False
E:2215,P:1476,P:1477,PARENT_BN,PARENT,0.14500000000000046,0.144973,2.700000000047109e-05,2.700000000047109e-05,False
E:2216,P:1477,P:1534,PARENT_BN,PARENT,0.14487926007541566,0.144973,-9.373992458433511e-05,9.373992458433511e-05,False
E:2217,P:1477,P:1536,PARENT_BN,PARENT,0.1457429243565529,0.144973,0.0007699243565529035,0.0007699243565529035,False
E:2218,P:1478,P:1479,PARENT_BN,PARENT,0.14500000000000046,0.144973,2.700000000047109e-05,2.700000000047109e-05,False
E:2219,P:1479,P:1536,PARENT_BN,PARENT,0.1452756001536388,0.144973,0.0003026001536388101,0.0003026001536388101,False
E:2220,P:1479,P:1538,PARENT_BN,PARENT,0.14489306401619031,0.144973,-7.993598380967581e-05,7.993598380967581e-05,False
E:2221,P:1480,P:1481,PARENT_BN,PARENT,0.14500000000000046,0.144973,2.700000000047109e-05,2.700000000047109e-05,False
E:2222,P:1481,P:1538,PARENT_BN,PARENT,0.14506205568652306,0.144973,8.905568652306517e-05,8.905568652306517e-05,False
E:2223,P:1481,P:1540,PARENT_BN,PARENT,0.14533409785731632,0.144973,0.0003610978573163337,0.0003610978573163337,False
E:2224,P:1482,P:1483,PARENT_BN,PARENT,0.14500000000000046,0.144973,2.700000000047109e-05,2.700000000047109e-05,False
E:2225,P:1483,P:1540,PARENT_BN,PARENT,0.14531001341958513,0.144973,0.0003370134195851415,0.0003370134195851415,False
E:2226,P:1483,P:1542,PARENT_BN,PARENT,0.14551288602732013,0.144973,0.0005398860273201356,0.0005398860273201356,False
E:2227,P:1484,P:1485,PARENT_BN,PARENT,0.14500000000000046,0.144973,2.700000000047109e-05,2.700000000047109e-05,False
E:2228,P:1485,P:1542,PARENT_BN,PARENT,0.14428097587693242,0.144973,-0.0006920241230675694,0.0006920241230675694,False
E:2229,P:1485,P:1544,PARENT_BN,PARENT,0.14551288602732013,0.144973,0.0005398860273201356,0.0005398860273201356,False
E:2230,P:1486,P:1487,PARENT_BN,PARENT,0.14500000000000046,0.144973,2.700000000047109e-05,2.700000000047109e-05,False
E:2231,P:1487,P:1544,PARENT_BN,PARENT,0.14531001341958513,0.144973,0.0003370134195851415,0.0003370134195851415,False
E:2232,P:1487,P:1546,PARENT_BN,PARENT,0.14533409785731632,0.144973,0.0003610978573163337,0.0003610978573163337,False
E:2233,P:1488,P:1489,PARENT_BN,PARENT,0.14500000000000046,0.144973,2.700000000047109e-05,2.700000000047109e-05,False
E:2234,P:1489,P:1546,PARENT_BN,PARENT,0.14506205568652306,0.144973,8.905568652306517e-05,8.905568652306517e-05,False
E:2235,P:1489,P:1548,PARENT_BN,PARENT,0.14489306401619031,0.144973,-7.993598380967581e-05,7.993598380967581e-05,False
E:2236,P:1490,P:1491,PARENT_BN,PARENT,0.14500000000000046,0.144973,2.700000000047109e-05,2.700000000047109e-05,False
E:2237,P:1491,P:1548,PARENT_BN,PARENT,0.1452756001536388,0.144973,0.0003026001536388101,0.0003026001536388101,False
E:2238,P:1491,P:1550,PARENT_BN,PARENT,0.1457429243565529,0.144973,0.0007699243565529035,0.0007699243565529035,False
E:2239,P:1492,P:1493,PARENT_BN,PARENT,0.14500000000000046,0.144973,2.700000000047109e-05,2.700000000047109e-05,False
E:2240,P:1493,P:1550,PARENT_BN,PARENT,0.14487926007541566,0.144973,-9.373992458433511e-05,9.373992458433511e-05,False
E:2241,P:1493,P:1552,PARENT_BN,PARENT,0.1452756001536388,0.144973,0.0003026001536388101,0.0003026001536388101,False
E:2242,P:1494,P:1495,PARENT_BN,PARENT,0.14500000000000046,0.144973,2.700000000047109e-05,2.700000000047109e-05,False
E:2243,P:1495,P:1552,PARENT_BN,PARENT,0.14489306401619068,0.144973,-7.993598380931499e-05,7.993598380931499e-05,False
E:2244,P:1495,P:1554,PARENT_BN,PARENT,0.14506205568652306,0.144973,8.905568652306517e-05,8.905568652306517e-05,False
E:2245,P:1496,P:1497,PARENT_BN,PARENT,0.14500000000000046,0.144973,2.700000000047109e-05,2.700000000047109e-05,False
E:2246,P:1497,P:1554,PARENT_BN,PARENT,0.14533409785731632,0.144973,0.0003610978573163337,0.0003610978573163337,False
E:2247,P:1497,P:1556,PARENT_BN,PARENT,0.14603424255974998,0.144973,0.0010612425597499864,0.0010612425597499864,False
E:2248,P:1498,P:1499,PARENT_BN,PARENT,0.14500000000000046,0.144973,2.700000000047109e-05,2.700000000047109e-05,False
E:2249,P:1499,P:1556,PARENT_BN,PARENT,0.14484129245487934,0.144973,-0.00013170754512065175,0.00013170754512065175,False
E:2250,P:1499,P:1558,PARENT_BN,PARENT,0.1448930640161907,0.144973,-7.993598380928724e-05,7.993598380928724e-05,False
E:2251,P:1500,P:1501,PARENT_BN,PARENT,0.14500000000000046,0.144973,2.700000000047109e-05,2.700000000047109e-05,False
E:2252,P:1501,P:1560,PARENT_BN,PARENT,0.14483438818181277,0.144973,-0.00013861181818722312,0.00013861181818722312,False
E:2253,P:1501,P:1618,PARENT_BN,PARENT,0.1443364125922496,0.144973,-0.000636587407750383,0.000636587407750383,False
E:2254,P:1502,P:1503,PARENT_BN,PARENT,0.14500000000000046,0.144973,2.700000000047109e-05,2.700000000047109e-05,False
E:2255,P:1503,P:1560,PARENT_BN,PARENT,0.14456140563788109,0.144973,-0.00041159436211890554,0.00041159436211890554,False
E:2256,P:1503,P:1562,PARENT_BN,PARENT,0.14461673485458001,0.144973,-0.0003562651454199761,0.0003562651454199761,False
E:2257,P:1504,P:1505,PARENT_BN,PARENT,0.14500000000000046,0.144973,2.700000000047109e-05,2.700000000047109e-05,False
E:2258,P:1505,P:1562,PARENT_BN,PARENT,0.1446409347314931,0.144973,-0.00033206526850690365,0.00033206526850690365,False
E:2259,P:1505,P:1564,PARENT_BN,PARENT,0.14528936643815327,0.144973,0.00031636643815327603,0.00031636643815327603,False
E:2260,P:1506,P:1507,PARENT_BN,PARENT,0.14500000000000046,0.144973,2.700000000047109e-05,2.700000000047109e-05,False
E:2261,P:1507,P:1564,PARENT_BN,PARENT,0.14442298985964805,0.144973,-0.000550010140351942,0.000550010140351942,False
E:2262,P:1507,P:1566,PARENT_BN,PARENT,0.1446409347314931,0.144973,-0.00033206526850690365,0.00033206526850690365,False
E:2263,P:1508,P:1509,PARENT_BN,PARENT,0.14500000000000046,0.144973,2.700000000047109e-05,2.700000000047109e-05,False
E:2264,P:1509,P:1566,PARENT_BN,PARENT,0.14461673485458038,0.144973,-0.0003562651454196153,0.0003562651454196153,False
E:2265,P:1509,P:1568,PARENT_BN,PARENT,0.14456140563788109,0.144973,-0.00041159436211890554,0.00041159436211890554,False
E:2266,P:1510,P:1511,PARENT_BN,PARENT,0.14500000000000046,0.144973,2.700000000047109e-05,2.700000000047109e-05,False
E:2267,P:1511,P:1568,PARENT_BN,PARENT,0.14483438818181277,0.144973,-0.00013861181818722312,0.00013861181818722312,False
E:2268,P:1511,P:1570,PARENT_BN,PARENT,0.14506550244630867,0.144973,9.250244630867877e-05,9.250244630867877e-05,False
E:2269,P:1512,P:1513,PARENT_BN,PARENT,0.14500000000000046,0.144973,2.700000000047109e-05,2.700000000047109e-05,False
E:2270,P:1513,P:1570,PARENT_BN,PARENT,0.1443398766800084,0.144973,-0.000633123319991602,0.000633123319991602,False
E:2271,P:1513,P:1572,PARENT_BN,PARENT,0.14500344823486094,0.144973,3.0448234860952494e-05,3.0448234860952494e-05,False
E:2272,P:1514,P:1515,PARENT_BN,PARENT,0.14500000000000046,0.144973,2.700000000047109e-05,2.700000000047109e-05,False
E:2273,P:1515,P:1572,PARENT_BN,PARENT,0.1443398766800084,0.144973,-0.000633123319991602,0.000633123319991602,False
E:2274,P:1515,P:1574,PARENT_BN,PARENT,0.14506550244630867,0.144973,9.250244630867877e-05,9.250244630867877e-05,False
E:2275,P:1516,P:1517,PARENT_BN,PARENT,0.14500000000000046,0.144973,2.700000000047109e-05,2.700000000047109e-05,False
E:2276,P:1517,P:1574,PARENT_BN,PARENT,0.14483438818181277,0.144973,-0.00013861181818722312,0.00013861181818722312,False
E:2277,P:1517,P:1576,PARENT_BN,PARENT,0.14456140563788109,0.144973,-0.00041159436211890554,0.00041159436211890554,False
E:2278,P:1518,P:1519,PARENT_BN,PARENT,0.14500000000000046,0.144973,2.700000000047109e-05,2.700000000047109e-05,False
E:2279,P:1519,P:1576,PARENT_BN,PARENT,0.14461673485458038,0.144973,-0.0003562651454196153,0.0003562651454196153,False
E:2280,P:1519,P:1578,PARENT_BN,PARENT,0.1446409347314931,0.144973,-0.00033206526850690365,0.00033206526850690365,False
E:2281,P:1520,P:1521,PARENT_BN,PARENT,0.14500000000000046,0.144973,2.700000000047109e-05,2.700000000047109e-05,False
E:2282,P:1521,P:1578,PARENT_BN,PARENT,0.14442298985964805,0.144973,-0.000550010140351942,0.000550010140351942,False
E:2283,P:1521,P:1580,PARENT_BN,PARENT,0.14528936643815327,0.144973,0.00031636643815327603,0.00031636643815327603,False
E:2284,P:1522,P:1523,PARENT_BN,PARENT,0.14500000000000046,0.144973,2.700000000047109e-05,2.700000000047109e-05,False
E:2285,P:1523,P:1580,PARENT_BN,PARENT,0.1446409347314931,0.144973,-0.00033206526850690365,0.00033206526850690365,False
E:2286,P:1523,P:1582,PARENT_BN,PARENT,0.14461673485458001,0.144973,-0.0003562651454199761,0.0003562651454199761,False
E:2287,P:1524,P:1525,PARENT_BN,PARENT,0.14500000000000046,0.144973,2.700000000047109e-05,2.700000000047109e-05,False
E:2288,P:1525,P:1582,PARENT_BN,PARENT,0.14456140563788109,0.144973,-0.00041159436211890554,0.00041159436211890554,False
E:2289,P:1525,P:1584,PARENT_BN,PARENT,0.14483438818181277,0.144973,-0.00013861181818722312,0.00013861181818722312,False
E:2290,P:1526,P:1527,PARENT_BN,PARENT,0.14500000000000046,0.144973,2.700000000047109e-05,2.700000000047109e-05,False
E:2291,P:1527,P:1584,PARENT_BN,PARENT,0.1443364125922496,0.144973,-0.000636587407750383,0.000636587407750383,False
E:2292,P:1527,P:1586,PARENT_BN,PARENT,0.14501379244747725,0.144973,4.0792447477261407e-05,4.0792447477261407e-05,False
E:2293,P:1528,P:1529,PARENT_BN,PARENT,0.14500000000000046,0.144973,2.700000000047109e-05,2.700000000047109e-05,False
E:2294,P:1529,P:1586,PARENT_BN,PARENT,0.14439182802361086,0.144973,-0.0005811719763891277,0.0005811719763891277,False
E:2295,P:1529,P:1588,PARENT_BN,PARENT,0.14433987668000817,0.144973,-0.000633123319991824,0.000633123319991824,False
E:2296,P:1530,P:1531,PARENT_BN,PARENT,0.14500000000000046,0.144973,2.700000000047109e-05,2.700000000047109e-05,False
E:2297,P:1531,P:1588,PARENT_BN,PARENT,0.1455369368923229,0.144973,0.0005639368923228971,0.0005639368923228971,False
E:2298,P:1531,P:1590,PARENT_BN,PARENT,0.14483438818181293,0.144973,-0.0001386118181870566,0.0001386118181870566,False
E:2299,P:1532,P:1533,PARENT_BN,PARENT,0.14500000000000046,0.144973,2.700000000047109e-05,2.700000000047109e-05,False
E:2300,P:1533,P:1590,PARENT_BN,PARENT,0.14456140563788109,0.144973,-0.00041159436211890554,0.00041159436211890554,False
E:2301,P:1533,P:1592,PARENT_BN,PARENT,0.14439182802361084,0.144973,-0.0005811719763891554,0.0005811719763891554,False
E:2302,P:1534,P:1535,PARENT_BN,PARENT,0.14500000000000046,0.144973,2.700000000047109e-05,2.700000000047109e-05,False
E:2303,P:1535,P:1592,PARENT_BN,PARENT,0.14477568856683093,0.144973,-0.00019731143316906175,0.00019731143316906175,False
E:2304,P:1535,P:1594,PARENT_BN,PARENT,0.1443779761598008,0.144973,-0.0005950238401991881,0.0005950238401991881,False
E:2305,P:1536,P:1537,PARENT_BN,PARENT,0.14500000000000046,0.144973,2.700000000047109e-05,2.700000000047109e-05,False
E:2306,P:1537,P:1594,PARENT_BN,PARENT,0.1452446212429224,0.144973,0.0002716212429224041,0.0002716212429224041,False
E:2307,P:1537,P:1596,PARENT_BN,PARENT,0.14477568856683093,0.144973,-0.00019731143316906175,0.00019731143316906175,False
E:2308,P:1538,P:1539,PARENT_BN,PARENT,0.14500000000000046,0.144973,2.700000000047109e-05,2.700000000047109e-05,False
E:2309,P:1539,P:1596,PARENT_BN,PARENT,0.14439182802361047,0.144973,-0.0005811719763895162,0.0005811719763895162,False
E:2310,P:1539,P:1598,PARENT_BN,PARENT,0.14456140563788109,0.144973,-0.00041159436211890554,0.00041159436211890554,False
E:2311,P:1540,P:1541,PARENT_BN,PARENT,0.14500000000000046,0.144973,2.700000000047109e-05,2.700000000047109e-05,False
E:2312,P:1541,P:1598,PARENT_BN,PARENT,0.14483438818181293,0.144973,-0.0001386118181870566,0.0001386118181870566,False
E:2313,P:1541,P:1600,PARENT_BN,PARENT,0.14481022063376636,0.144973,-0.00016277936623362854,0.00016277936623362854,False
E:2314,P:1542,P:1543,PARENT_BN,PARENT,0.14500000000000046,0.144973,2.700000000047109e-05,2.700000000047109e-05,False
E:2315,P:1543,P:1600,PARENT_BN,PARENT,0.145013792447477,0.144973,4.0792447477011606e-05,4.0792447477011606e-05,False
E:2316,P:1543,P:1602,PARENT_BN,PARENT,0.14377760604489156,0.144973,-0.0011953939551084258,0.0011953939551084258,False
E:2317,P:1544,P:1545,PARENT_BN,PARENT,0.14500000000000046,0.144973,2.700000000047109e-05,2.700000000047109e-05,False
E:2318,P:1545,P:1602,PARENT_BN,PARENT,0.145013792447477,0.144973,4.0792447477011606e-05,4.0792447477011606e-05,False
E:2319,P:1545,P:1604,PARENT_BN,PARENT,0.14481022063376636,0.144973,-0.00016277936623362854,0.00016277936623362854,False
E:2320,P:1546,P:1547,PARENT_BN,PARENT,0.14500000000000046,0.144973,2.700000000047109e-05,2.700000000047109e-05,False
E:2321,P:1547,P:1604,PARENT_BN,PARENT,0.14483438818181293,0.144973,-0.0001386118181870566,0.0001386118181870566,False
E:2322,P:1547,P:1606,PARENT_BN,PARENT,0.14456140563788109,0.144973,-0.00041159436211890554,0.00041159436211890554,False
E:2323,P:1548,P:1549,PARENT_BN,PARENT,0.14500000000000046,0.144973,2.700000000047109e-05,2.700000000047109e-05,False
E:2324,P:1549,P:1606,PARENT_BN,PARENT,0.14439182802361047,0.144973,-0.0005811719763895162,0.0005811719763895162,False
E:2325,P:1549,P:1608,PARENT_BN,PARENT,0.14477568856683093,0.144973,-0.00019731143316906175,0.00019731143316906175,False
E:2326,P:1550,P:1551,PARENT_BN,PARENT,0.14500000000000046,0.144973,2.700000000047109e-05,2.700000000047109e-05,False
E:2327,P:1551,P:1608,PARENT_BN,PARENT,0.1452446212429224,0.144973,0.0002716212429224041,0.0002716212429224041,False
E:2328,P:1551,P:1610,PARENT_BN,PARENT,0.1443779761598008,0.144973,-0.0005950238401991881,0.0005950238401991881,False
E:2329,P:1552,P:1553,PARENT_BN,PARENT,0.14500000000000046,0.144973,2.700000000047109e-05,2.700000000047109e-05,False
E:2330,P:1553,P:1610,PARENT_BN,PARENT,0.14477568856683093,0.144973,-0.00019731143316906175,0.00019731143316906175,False
E:2331,P:1553,P:1612,PARENT_BN,PARENT,0.14439182802361084,0.144973,-0.0005811719763891554,0.0005811719763891554,False
E:2332,P:1554,P:1555,PARENT_BN,PARENT,0.14500000000000046,0.144973,2.700000000047109e-05,2.700000000047109e-05,False
E:2333,P:1555,P:1612,PARENT_BN,PARENT,0.14456140563788109,0.144973,-0.00041159436211890554,0.00041159436211890554,False
E:2334,P:1555,P:1614,PARENT_BN,PARENT,0.14483438818181293,0.144973,-0.0001386118181870566,0.0001386118181870566,False
E:2335,P:1556,P:1557,PARENT_BN,PARENT,0.14500000000000046,0.144973,2.700000000047109e-05,2.700000000047109e-05,False
E:2336,P:1557,P:1614,PARENT_BN,PARENT,0.1455369368923229,0.144973,0.0005639368923228971,0.0005639368923228971,False
E:2337,P:1557,P:1616,PARENT_BN,PARENT,0.14433987668000817,0.144973,-0.000633123319991824,0.000633123319991824,False
E:2338,P:1558,P:1559,PARENT_BN,PARENT,0.14500000000000046,0.144973,2.700000000047109e-05,2.700000000047109e-05,False
E:2339,P:1559,P:1616,PARENT_BN,PARENT,0.14439182802361086,0.144973,-0.0005811719763891277,0.0005811719763891277,False
E:2340,P:1559,P:1618,PARENT_BN,PARENT,0.14501379244747725,0.144973,4.0792447477261407e-05,4.0792447477261407e-05,False
E:2341,P:1560,P:1561,PARENT_BN,PARENT,0.14499999999999957,0.144973,2.6999999999582913e-05,2.6999999999582913e-05,False
E:2342,P:1561,P:1620,PARENT_BN,PARENT,0.14506205568652353,0.144973,8.905568652353701e-05,8.905568652353701e-05,False
E:2343,P:1561,P:1678,PARENT_BN,PARENT,0.1453340978573166,0.144973,0.00036109785731661126,0.00036109785731661126,False
E:2344,P:1562,P:1563,PARENT_BN,PARENT,0.14499999999999957,0.144973,2.6999999999582913e-05,2.6999999999582913e-05,False
E:2345,P:1563,P:1620,PARENT_BN,PARENT,0.14511719401917866,0.144973,0.0001441940191786728,0.0001441940191786728,False
E:2346,P:1563,P:1622,PARENT_BN,PARENT,0.14514131045295164,0.144973,0.00016831045295165326,0.00016831045295165326,False
E:2347,P:1564,P:1565,PARENT_BN,PARENT,0.14499999999999957,0.144973,2.6999999999582913e-05,2.6999999999582913e-05,False
E:2348,P:1565,P:1622,PARENT_BN,PARENT,0.14578751661236306,0.144973,0.0008145166123630643,0.0008145166123630643,False
E:2349,P:1565,P:1624,PARENT_BN,PARENT,0.14492411807563313,0.144973,-4.888192436686145e-05,4.888192436686145e-05,False
E:2350,P:1566,P:1567,PARENT_BN,PARENT,0.14499999999999957,0.144973,2.6999999999582913e-05,2.6999999999582913e-05,False
E:2351,P:1567,P:1624,PARENT_BN,PARENT,0.14514131045295164,0.144973,0.00016831045295165326,0.00016831045295165326,False
E:2352,P:1567,P:1626,PARENT_BN,PARENT,0.14511719401917905,0.144973,0.00014419401917906138,0.00014419401917906138,False
E:2353,P:1568,P:1569,PARENT_BN,PARENT,0.14499999999999957,0.144973,2.6999999999582913e-05,2.6999999999582913e-05,False
E:2354,P:1569,P:1626,PARENT_BN,PARENT,0.14506205568652353,0.144973,8.905568652353701e-05,8.905568652353701e-05,False
E:2355,P:1569,P:1628,PARENT_BN,PARENT,0.1453340978573166,0.144973,0.00036109785731661126,0.00036109785731661126,False
E:2356,P:1570,P:1571,PARENT_BN,PARENT,0.14499999999999957,0.144973,2.6999999999582913e-05,2.6999999999582913e-05,False
E:2357,P:1571,P:1628,PARENT_BN,PARENT,0.14556441872930362,0.144973,0.0005914187293036277,0.0005914187293036277,False
E:2358,P:1571,P:1630,PARENT_BN,PARENT,0.14484129245488003,0.144973,-0.00013170754511995786,0.00013170754511995786,False
E:2359,P:1572,P:1573,PARENT_BN,PARENT,0.14499999999999957,0.144973,2.6999999999582913e-05,2.6999999999582913e-05,False
E:2360,P:1573,P:1630,PARENT_BN,PARENT,0.14550257729676147,0.144973,0.0005295772967614798,0.0005295772967614798,False
E:2361,P:1573,P:1632,PARENT_BN,PARENT,0.14484129245488003,0.144973,-0.00013170754511995786,0.00013170754511995786,False
E:2362,P:1574,P:1575,PARENT_BN,PARENT,0.14499999999999957,0.144973,2.6999999999582913e-05,2.6999999999582913e-05,False
E:2363,P:1575,P:1632,PARENT_BN,PARENT,0.14556441872930362,0.144973,0.0005914187293036277,0.0005914187293036277,False
E:2364,P:1575,P:1634,PARENT_BN,PARENT,0.1453340978573166,0.144973,0.00036109785731661126,0.00036109785731661126,False
E:2365,P:1576,P:1577,PARENT_BN,PARENT,0.14499999999999957,0.144973,2.6999999999582913e-05,2.6999999999582913e-05,False
E:2366,P:1577,P:1634,PARENT_BN,PARENT,0.14506205568652353,0.144973,8.905568652353701e-05,8.905568652353701e-05,False
E:2367,P:1577,P:1636,PARENT_BN,PARENT,0.14511719401917905,0.144973,0.00014419401917906138,0.00014419401917906138,False
E:2368,P:1578,P:1579,PARENT_BN,PARENT,0.14499999999999957,0.144973,2.6999999999582913e-05,2.6999999999582913e-05,False
E:2369,P:1579,P:1636,PARENT_BN,PARENT,0.14514131045295164,0.144973,0.00016831045295165326,0.00016831045295165326,False
E:2370,P:1579,P:1638,PARENT_BN,PARENT,0.14492411807563313,0.144973,-4.888192436686145e-05,4.888192436686145e-05,False
E:2371,P:1580,P:1581,PARENT_BN,PARENT,0.14499999999999957,0.144973,2.6999999999582913e-05,2.6999999999582913e-05,False
E:2372,P:1581,P:1638,PARENT_BN,PARENT,0.14578751661236306,0.144973,0.0008145166123630643,0.0008145166123630643,False
E:2373,P:1581,P:1640,PARENT_BN,PARENT,0.14514131045295164,0.144973,0.00016831045295165326,0.00016831045295165326,False
E:2374,P:1582,P:1583,PARENT_BN,PARENT,0.14499999999999957,0.144973,2.6999999999582913e-05,2.6999999999582913e-05,False
E:2375,P:1583,P:1640,PARENT_BN,PARENT,0.14511719401917866,0.144973,0.0001441940191786728,0.0001441940191786728,False
E:2376,P:1583,P:1642,PARENT_BN,PARENT,0.14506205568652353,0.144973,8.905568652353701e-05,8.905568652353701e-05,False
E:2377,P:1584,P:1585,PARENT_BN,PARENT,0.14499999999999957,0.144973,2.6999999999582913e-05,2.6999999999582913e-05,False
E:2378,P:1585,P:1642,PARENT_BN,PARENT,0.1453340978573166,0.144973,0.00036109785731661126,0.00036109785731661126,False
E:2379,P:1585,P:1644,PARENT_BN,PARENT,0.1448378403594867,0.144973,-0.0001351596405132771,0.0001351596405132771,False
E:2380,P:1586,P:1587,PARENT_BN,PARENT,0.14499999999999957,0.144973,2.6999999999582913e-05,2.6999999999582913e-05,False
E:2381,P:1587,P:1644,PARENT_BN,PARENT,0.14551288602732082,0.144973,0.0005398860273208295,0.0005398860273208295,False
E:2382,P:1587,P:1646,PARENT_BN,PARENT,0.14489306401619115,0.144973,-7.993598380884315e-05,7.993598380884315e-05,False
E:2383,P:1588,P:1589,PARENT_BN,PARENT,0.14499999999999957,0.144973,2.6999999999582913e-05,2.6999999999582913e-05,False
E:2384,P:1589,P:1646,PARENT_BN,PARENT,0.14484129245487978,0.144973,-0.00013170754512020766,0.00013170754512020766,False
E:2385,P:1589,P:1648,PARENT_BN,PARENT,0.14603424255975045,0.144973,0.0010612425597504582,0.0010612425597504582,False
E:2386,P:1590,P:1591,PARENT_BN,PARENT,0.14499999999999957,0.144973,2.6999999999582913e-05,2.6999999999582913e-05,False
E:2387,P:1591,P:1648,PARENT_BN,PARENT,0.14533409785731677,0.144973,0.0003610978573167778,0.0003610978573167778,False
E:2388,P:1591,P:1650,PARENT_BN,PARENT,0.14506205568652353,0.144973,8.905568652353701e-05,8.905568652353701e-05,False
E:2389,P:1592,P:1593,PARENT_BN,PARENT,0.14499999999999957,0.144973,2.6999999999582913e-05,2.6999999999582913e-05,False
E:2390,P:1593,P:1650,PARENT_BN,PARENT,0.14489306401619112,0.144973,-7.99359838088709e-05,7.99359838088709e-05,False
E:2391,P:1593,P:1652,PARENT_BN,PARENT,0.14527560015363924,0.144973,0.0003026001536392542,0.0003026001536392542,False
E:2392,P:1594,P:1595,PARENT_BN,PARENT,0.14499999999999957,0.144973,2.6999999999582913e-05,2.6999999999582913e-05,False
E:2393,P:1595,P:1652,PARENT_BN,PARENT,0.1448792600754161,0.144973,-9.373992458389102e-05,9.373992458389102e-05,False
E:2394,P:1595,P:1654,PARENT_BN,PARENT,0.14574292435655337,0.144973,0.0007699243565533753,0.0007699243565533753,False
E:2395,P:1596,P:1597,PARENT_BN,PARENT,0.14499999999999957,0.144973,2.6999999999582913e-05,2.6999999999582913e-05,False
E:2396,P:1597,P:1654,PARENT_BN,PARENT,0.14527560015363924,0.144973,0.0003026001536392542,0.0003026001536392542,False
E:2397,P:1597,P:1656,PARENT_BN,PARENT,0.14489306401619076,0.144973,-7.993598380923173e-05,7.993598380923173e-05,False
E:2398,P:1598,P:1599,PARENT_BN,PARENT,0.14499999999999957,0.144973,2.6999999999582913e-05,2.6999999999582913e-05,False
E:2399,P:1599,P:1656,PARENT_BN,PARENT,0.14506205568652353,0.144973,8.905568652353701e-05,8.905568652353701e-05,False
E:2400,P:1599,P:1658,PARENT_BN,PARENT,0.14533409785731677,0.144973,0.0003610978573167778,0.0003610978573167778,False
E:2401,P:1600,P:1601,PARENT_BN,PARENT,0.14499999999999957,0.144973,2.6999999999582913e-05,2.6999999999582913e-05,False
E:2402,P:1601,P:1658,PARENT_BN,PARENT,0.14531001341958558,0.144973,0.0003370134195855856,0.0003370134195855856,False
E:2403,P:1601,P:1660,PARENT_BN,PARENT,0.1455128860273206,0.144973,0.0005398860273206074,0.0005398860273206074,False
E:2404,P:1602,P:1603,PARENT_BN,PARENT,0.14499999999999957,0.144973,2.6999999999582913e-05,2.6999999999582913e-05,False
E:2405,P:1603,P:1660,PARENT_BN,PARENT,0.14428097587693287,0.144973,-0.0006920241230671254,0.0006920241230671254,False
E:2406,P:1603,P:1662,PARENT_BN,PARENT,0.1455128860273206,0.144973,0.0005398860273206074,0.0005398860273206074,False
E:2407,P:1604,P:1605,PARENT_BN,PARENT,0.14499999999999957,0.144973,2.6999999999582913e-05,2.6999999999582913e-05,False
E:2408,P:1605,P:1662,PARENT_BN,PARENT,0.14531001341958558,0.144973,0.0003370134195855856,0.0003370134195855856,False
E:2409,P:1605,P:1664,PARENT_BN,PARENT,0.14533409785731677,0.144973,0.0003610978573167778,0.0003610978573167778,False
E:2410,P:1606,P:1607,PARENT_BN,PARENT,0.14499999999999957,0.144973,2.6999999999582913e-05,2.6999999999582913e-05,False
E:2411,P:1607,P:1664,PARENT_BN,PARENT,0.14506205568652353,0.144973,8.905568652353701e-05,8.905568652353701e-05,False
E:2412,P:1607,P:1666,PARENT_BN,PARENT,0.14489306401619076,0.144973,-7.993598380923173e-05,7.993598380923173e-05,False
E:2413,P:1608,P:1609,PARENT_BN,PARENT,0.14499999999999957,0.144973,2.6999999999582913e-05,2.6999999999582913e-05,False
E:2414,P:1609,P:1666,PARENT_BN,PARENT,0.14527560015363924,0.144973,0.0003026001536392542,0.0003026001536392542,False
E:2415,P:1609,P:1668,PARENT_BN,PARENT,0.14574292435655337,0.144973,0.0007699243565533753,0.0007699243565533753,False
E:2416,P:1610,P:1611,PARENT_BN,PARENT,0.14499999999999957,0.144973,2.6999999999582913e-05,2.6999999999582913e-05,False
E:2417,P:1611,P:1668,PARENT_BN,PARENT,0.1448792600754161,0.144973,-9.373992458389102e-05,9.373992458389102e-05,False
E:2418,P:1611,P:1670,PARENT_BN,PARENT,0.14527560015363924,0.144973,0.0003026001536392542,0.0003026001536392542,False
E:2419,P:1612,P:1613,PARENT_BN,PARENT,0.14499999999999957,0.144973,2.6999999999582913e-05,2.6999999999582913e-05,False
E:2420,P:1613,P:1670,PARENT_BN,PARENT,0.14489306401619112,0.144973,-7.99359838088709e-05,7.99359838088709e-05,False
E:2421,P:1613,P:1672,PARENT_BN,PARENT,0.14506205568652353,0.144973,8.905568652353701e-05,8.905568652353701e-05,False
E:2422,P:1614,P:1615,PARENT_BN,PARENT,0.14499999999999957,0.144973,2.6999999999582913e-05,2.6999999999582913e-05,False
E:2423,P:1615,P:1672,PARENT_BN,PARENT,0.14533409785731677,0.144973,0.0003610978573167778,0.0003610978573167778,False
E:2424,P:1615,P:1674,PARENT_BN,PARENT,0.14603424255975045,0.144973,0.0010612425597504582,0.0010612425597504582,False
E:2425,P:1616,P:1617,PARENT_BN,PARENT,0.14499999999999957,0.144973,2.6999999999582913e-05,2.6999999999582913e-05,False
E:2426,P:1617,P:1674,PARENT_BN,PARENT,0.14484129245487978,0.144973,-0.00013170754512020766,0.00013170754512020766,False
E:2427,P:1617,P:1676,PARENT_BN,PARENT,0.14489306401619115,0.144973,-7.993598380884315e-05,7.993598380884315e-05,False
E:2428,P:1618,P:1619,PARENT_BN,PARENT,0.14499999999999957,0.144973,2.6999999999582913e-05,2.6999999999582913e-05,False
E:2429,P:1619,P:1676,PARENT_BN,PARENT,0.14551288602732082,0.144973,0.0005398860273208295,0.0005398860273208295,False
E:2430,P:1619,P:1678,PARENT_BN,PARENT,0.1448378403594867,0.144973,-0.0001351596405132771,0.0001351596405132771,False
E:2431,P:1620,P:1621,PARENT_BN,PARENT,0.14500000000000046,0.144973,2.700000000047109e-05,2.700000000047109e-05,False
E:2432,P:1622,P:1623,PARENT_BN,PARENT,0.14500000000000046,0.144973,2.700000000047109e-05,2.700000000047109e-05,False
E:2433,P:1624,P:1625,PARENT_BN,PARENT,0.14500000000000046,0.144973,2.700000000047109e-05,2.700000000047109e-05,False
E:2434,P:1626,P:1627,PARENT_BN,PARENT,0.14500000000000046,0.144973,2.700000000047109e-05,2.700000000047109e-05,False
E:2435,P:1628,P:1629,PARENT_BN,PARENT,0.14500000000000046,0.144973,2.700000000047109e-05,2.700000000047109e-05,False
E:2436,P:1630,P:1631,PARENT_BN,PARENT,0.14500000000000046,0.144973,2.700000000047109e-05,2.700000000047109e-05,False
E:2437,P:1632,P:1633,PARENT_BN,PARENT,0.14500000000000046,0.144973,2.700000000047109e-05,2.700000000047109e-05,False
E:2438,P:1634,P:1635,PARENT_BN,PARENT,0.14500000000000046,0.144973,2.700000000047109e-05,2.700000000047109e-05,False
E:2439,P:1636,P:1637,PARENT_BN,PARENT,0.14500000000000046,0.144973,2.700000000047109e-05,2.700000000047109e-05,False
E:2440,P:1638,P:1639,PARENT_BN,PARENT,0.14500000000000046,0.144973,2.700000000047109e-05,2.700000000047109e-05,False
E:2441,P:1640,P:1641,PARENT_BN,PARENT,0.14500000000000046,0.144973,2.700000000047109e-05,2.700000000047109e-05,False
E:2442,P:1642,P:1643,PARENT_BN,PARENT,0.14500000000000046,0.144973,2.700000000047109e-05,2.700000000047109e-05,False
E:2443,P:1644,P:1645,PARENT_BN,PARENT,0.14500000000000046,0.144973,2.700000000047109e-05,2.700000000047109e-05,False
E:2444,P:1646,P:1647,PARENT_BN,PARENT,0.14500000000000046,0.144973,2.700000000047109e-05,2.700000000047109e-05,False
E:2445,P:1648,P:1649,PARENT_BN,PARENT,0.14500000000000046,0.144973,2.700000000047109e-05,2.700000000047109e-05,False
E:2446,P:1650,P:1651,PARENT_BN,PARENT,0.14500000000000046,0.144973,2.700000000047109e-05,2.700000000047109e-05,False
E:2447,P:1652,P:1653,PARENT_BN,PARENT,0.14500000000000046,0.144973,2.700000000047109e-05,2.700000000047109e-05,False
E:2448,P:1654,P:1655,PARENT_BN,PARENT,0.14500000000000046,0.144973,2.700000000047109e-05,2.700000000047109e-05,False
E:2449,P:1656,P:1657,PARENT_BN,PARENT,0.14500000000000046,0.144973,2.700000000047109e-05,2.700000000047109e-05,False
E:2450,P:1658,P:1659,PARENT_BN,PARENT,0.14500000000000046,0.144973,2.700000000047109e-05,2.700000000047109e-05,False
E:2451,P:1660,P:1661,PARENT_BN,PARENT,0.14500000000000046,0.144973,2.700000000047109e-05,2.700000000047109e-05,False
E:2452,P:1662,P:1663,PARENT_BN,PARENT,0.14500000000000046,0.144973,2.700000000047109e-05,2.700000000047109e-05,False
E:2453,P:1664,P:1665,PARENT_BN,PARENT,0.14500000000000046,0.144973,2.700000000047109e-05,2.700000000047109e-05,False
E:2454,P:1666,P:1667,PARENT_BN,PARENT,0.14500000000000046,0.144973,2.700000000047109e-05,2.700000000047109e-05,False
E:2455,P:1668,P:1669,PARENT_BN,PARENT,0.14500000000000046,0.144973,2.700000000047109e-05,2.700000000047109e-05,False
E:2456,P:1670,P:1671,PARENT_BN,PARENT,0.14500000000000046,0.144973,2.700000000047109e-05,2.700000000047109e-05,False
E:2457,P:1672,P:1673,PARENT_BN,PARENT,0.14500000000000046,0.144973,2.700000000047109e-05,2.700000000047109e-05,False
E:2458,P:1674,P:1675,PARENT_BN,PARENT,0.14500000000000046,0.144973,2.700000000047109e-05,2.700000000047109e-05,False
E:2459,P:1676,P:1677,PARENT_BN,PARENT,0.14500000000000046,0.144973,2.700000000047109e-05,2.700000000047109e-05,False
E:2460,P:1678,P:1679,PARENT_BN,PARENT,0.14500000000000046,0.144973,2.700000000047109e-05,2.700000000047109e-05,False
E:2461,P:46,S:1680,PARENT_TO_COMPLETION_SEED,LOWER,0.1449730000000001,0.144973,1.1102230246251565e-16,1.1102230246251565e-16,False
E:2462,P:48,S:1680,PARENT_TO_COMPLETION_SEED,LOWER,0.14497299999999982,0.144973,-1.6653345369377348e-16,1.6653345369377348e-16,False
E:2463,P:48,S:1681,PARENT_TO_COMPLETION_SEED,LOWER,0.14497299999999957,0.144973,-4.163336342344337e-16,4.163336342344337e-16,False
E:2464,P:50,S:1681,PARENT_TO_COMPLETION_SEED,LOWER,0.14497300000000043,0.144973,4.440892098500626e-16,4.440892098500626e-16,False
E:2465,P:50,S:1682,PARENT_TO_COMPLETION_SEED,LOWER,0.14497300000000035,0.144973,3.608224830031759e-16,3.608224830031759e-16,False
E:2466,P:52,S:1682,PARENT_TO_COMPLETION_SEED,LOWER,0.1449729999999997,0.144973,-2.7755575615628914e-16,2.7755575615628914e-16,False
E:2467,P:52,S:1683,PARENT_TO_COMPLETION_SEED,LOWER,0.144973,0.144973,0.0,0.0,False
E:2468,P:54,S:1683,PARENT_TO_COMPLETION_SEED,LOWER,0.144973,0.144973,0.0,0.0,False
E:2469,P:54,S:1684,PARENT_TO_COMPLETION_SEED,LOWER,0.14497300000000016,0.144973,1.6653345369377348e-16,1.6653345369377348e-16,False
E:2470,P:56,S:1684,PARENT_TO_COMPLETION_SEED,LOWER,0.14497299999999977,0.144973,-2.220446049250313e-16,2.220446049250313e-16,False
E:2471,P:56,S:1685,PARENT_TO_COMPLETION_SEED,LOWER,0.14497299999999982,0.144973,-1.6653345369377348e-16,1.6653345369377348e-16,False
E:2472,P:58,S:1685,PARENT_TO_COMPLETION_SEED,LOWER,0.14497300000000019,0.144973,1.942890293094024e-16,1.942890293094024e-16,False
E:2473,P:0,S:1686,PARENT_TO_COMPLETION_SEED,LOWER,0.14497300000000019,0.144973,1.942890293094024e-16,1.942890293094024e-16,False
E:2474,P:58,S:1686,PARENT_TO_COMPLETION_SEED,LOWER,0.14497299999999982,0.144973,-1.6653345369377348e-16,1.6653345369377348e-16,False
E:2475,P:0,S:1687,PARENT_TO_COMPLETION_SEED,LOWER,0.144973,0.144973,0.0,0.0,False
E:2476,P:2,S:1687,PARENT_TO_COMPLETION_SEED,LOWER,0.144973,0.144973,0.0,0.0,False
E:2477,P:2,S:1688,PARENT_TO_COMPLETION_SEED,LOWER,0.14497300000000005,0.144973,5.551115123125783e-17,5.551115123125783e-17,False
E:2478,P:4,S:1688,PARENT_TO_COMPLETION_SEED,LOWER,0.14497300000000005,0.144973,5.551115123125783e-17,5.551115123125783e-17,False
E:2479,P:4,S:1689,PARENT_TO_COMPLETION_SEED,LOWER,0.14497299999999977,0.144973,-2.220446049250313e-16,2.220446049250313e-16,False
E:2480,P:6,S:1689,PARENT_TO_COMPLETION_SEED,LOWER,0.14497300000000016,0.144973,1.6653345369377348e-16,1.6653345369377348e-16,False
E:2481,P:6,S:1690,PARENT_TO_COMPLETION_SEED,LOWER,0.144973,0.144973,0.0,0.0,False
E:2482,P:8,S:1690,PARENT_TO_COMPLETION_SEED,LOWER,0.144973,0.144973,0.0,0.0,False
E:2483,P:8,S:1691,PARENT_TO_COMPLETION_SEED,LOWER,0.14497299999999966,0.144973,-3.3306690738754696e-16,3.3306690738754696e-16,False
E:2484,P:10,S:1691,PARENT_TO_COMPLETION_SEED,LOWER,0.1449730000000003,0.144973,3.0531133177191805e-16,3.0531133177191805e-16,False
E:2485,P:10,S:1692,PARENT_TO_COMPLETION_SEED,LOWER,0.14497300000000035,0.144973,3.608224830031759e-16,3.608224830031759e-16,False
E:2486,P:12,S:1692,PARENT_TO_COMPLETION_SEED,LOWER,0.14497299999999963,0.144973,-3.608224830031759e-16,3.608224830031759e-16,False
E:2487,P:12,S:1693,PARENT_TO_COMPLETION_SEED,LOWER,0.14497299999999985,0.144973,-1.3877787807814457e-16,1.3877787807814457e-16,False
E:2488,P:14,S:1693,PARENT_TO_COMPLETION_SEED,LOWER,0.1449730000000002,0.144973,2.220446049250313e-16,2.220446049250313e-16,False
E:2489,P:14,S:1694,PARENT_TO_COMPLETION_SEED,LOWER,0.14497300000000016,0.144973,1.6653345369377348e-16,1.6653345369377348e-16,False
E:2490,P:16,S:1694,PARENT_TO_COMPLETION_SEED,LOWER,0.1449729999999998,0.144973,-1.942890293094024e-16,1.942890293094024e-16,False
E:2491,P:16,S:1695,PARENT_TO_COMPLETION_SEED,LOWER,0.144973,0.144973,0.0,0.0,False
E:2492,P:18,S:1695,PARENT_TO_COMPLETION_SEED,LOWER,0.144973,0.144973,0.0,0.0,False
E:2493,P:18,S:1696,PARENT_TO_COMPLETION_SEED,LOWER,0.144973,0.144973,0.0,0.0,False
E:2494,P:20,S:1696,PARENT_TO_COMPLETION_SEED,LOWER,0.144973,0.144973,0.0,0.0,False
E:2495,P:20,S:1697,PARENT_TO_COMPLETION_SEED,LOWER,0.14497299999999988,0.144973,-1.1102230246251565e-16,1.1102230246251565e-16,False
E:2496,P:22,S:1697,PARENT_TO_COMPLETION_SEED,LOWER,0.14497300000000019,0.144973,1.942890293094024e-16,1.942890293094024e-16,False
E:2497,P:22,S:1698,PARENT_TO_COMPLETION_SEED,LOWER,0.144973,0.144973,0.0,0.0,False
E:2498,P:24,S:1698,PARENT_TO_COMPLETION_SEED,LOWER,0.144973,0.144973,0.0,0.0,False
E:2499,P:24,S:1699,PARENT_TO_COMPLETION_SEED,LOWER,0.144973,0.144973,0.0,0.0,False
E:2500,P:26,S:1699,PARENT_TO_COMPLETION_SEED,LOWER,0.144973,0.144973,0.0,0.0,False
E:2501,P:26,S:1700,PARENT_TO_COMPLETION_SEED,LOWER,0.1449730000000001,0.144973,1.1102230246251565e-16,1.1102230246251565e-16,False
E:2502,P:28,S:1700,PARENT_TO_COMPLETION_SEED,LOWER,0.144973,0.144973,0.0,0.0,False
E:2503,P:28,S:1701,PARENT_TO_COMPLETION_SEED,LOWER,0.144973,0.144973,0.0,0.0,False
E:2504,P:30,S:1701,PARENT_TO_COMPLETION_SEED,LOWER,0.144973,0.144973,0.0,0.0,False
E:2505,P:30,S:1702,PARENT_TO_COMPLETION_SEED,LOWER,0.14497300000000019,0.144973,1.942890293094024e-16,1.942890293094024e-16,False
E:2506,P:32,S:1702,PARENT_TO_COMPLETION_SEED,LOWER,0.14497299999999982,0.144973,-1.6653345369377348e-16,1.6653345369377348e-16,False
E:2507,P:32,S:1703,PARENT_TO_COMPLETION_SEED,LOWER,0.14497300000000013,0.144973,1.3877787807814457e-16,1.3877787807814457e-16,False
E:2508,P:34,S:1703,PARENT_TO_COMPLETION_SEED,LOWER,0.14497299999999988,0.144973,-1.1102230246251565e-16,1.1102230246251565e-16,False
E:2509,P:34,S:1704,PARENT_TO_COMPLETION_SEED,LOWER,0.14497299999999996,0.144973,-2.7755575615628914e-17,2.7755575615628914e-17,False
E:2510,P:36,S:1704,PARENT_TO_COMPLETION_SEED,LOWER,0.14497299999999996,0.144973,-2.7755575615628914e-17,2.7755575615628914e-17,False
E:2511,P:36,S:1705,PARENT_TO_COMPLETION_SEED,LOWER,0.144973,0.144973,0.0,0.0,False
E:2512,P:38,S:1705,PARENT_TO_COMPLETION_SEED,LOWER,0.144973,0.144973,0.0,0.0,False
E:2513,P:38,S:1706,PARENT_TO_COMPLETION_SEED,LOWER,0.14497300000000013,0.144973,1.3877787807814457e-16,1.3877787807814457e-16,False
E:2514,P:40,S:1706,PARENT_TO_COMPLETION_SEED,LOWER,0.14497299999999982,0.144973,-1.6653345369377348e-16,1.6653345369377348e-16,False
E:2515,P:40,S:1707,PARENT_TO_COMPLETION_SEED,LOWER,0.1449730000000001,0.144973,1.1102230246251565e-16,1.1102230246251565e-16,False
E:2516,P:42,S:1707,PARENT_TO_COMPLETION_SEED,LOWER,0.14497299999999994,0.144973,-5.551115123125783e-17,5.551115123125783e-17,False
E:2517,P:42,S:1708,PARENT_TO_COMPLETION_SEED,LOWER,0.14497300000000007,0.144973,8.326672684688674e-17,8.326672684688674e-17,False
E:2518,P:44,S:1708,PARENT_TO_COMPLETION_SEED,LOWER,0.144973,0.144973,0.0,0.0,False
E:2519,P:44,S:1709,PARENT_TO_COMPLETION_SEED,LOWER,0.1449729999999998,0.144973,-1.942890293094024e-16,1.942890293094024e-16,False
E:2520,P:46,S:1709,PARENT_TO_COMPLETION_SEED,LOWER,0.14497300000000016,0.144973,1.6653345369377348e-16,1.6653345369377348e-16,False
E:2521,P:1641,S:1710,PARENT_TO_COMPLETION_SEED,UPPER,0.1449730000000002,0.144973,2.220446049250313e-16,2.220446049250313e-16,False
E:2522,P:1643,S:1710,PARENT_TO_COMPLETION_SEED,UPPER,0.14497300000000032,0.144973,3.3306690738754696e-16,3.3306690738754696e-16,False
E:2523,P:1643,S:1711,PARENT_TO_COMPLETION_SEED,UPPER,0.14497299999999988,0.144973,-1.1102230246251565e-16,1.1102230246251565e-16,False
E:2524,P:1645,S:1711,PARENT_TO_COMPLETION_SEED,UPPER,0.14497299999999988,0.144973,-1.1102230246251565e-16,1.1102230246251565e-16,False
E:2525,P:1645,S:1712,PARENT_TO_COMPLETION_SEED,UPPER,0.14497299999999966,0.144973,-3.3306690738754696e-16,3.3306690738754696e-16,False
E:2526,P:1647,S:1712,PARENT_TO_COMPLETION_SEED,UPPER,0.14497299999999966,0.144973,-3.3306690738754696e-16,3.3306690738754696e-16,False
E:2527,P:1647,S:1713,PARENT_TO_COMPLETION_SEED,UPPER,0.144973,0.144973,0.0,0.0,False
E:2528,P:1649,S:1713,PARENT_TO_COMPLETION_SEED,UPPER,0.14497299999999966,0.144973,-3.3306690738754696e-16,3.3306690738754696e-16,False
E:2529,P:1649,S:1714,PARENT_TO_COMPLETION_SEED,UPPER,0.14497299999999988,0.144973,-1.1102230246251565e-16,1.1102230246251565e-16,False
E:2530,P:1651,S:1714,PARENT_TO_COMPLETION_SEED,UPPER,0.14497299999999988,0.144973,-1.1102230246251565e-16,1.1102230246251565e-16,False
E:2531,P:1651,S:1715,PARENT_TO_COMPLETION_SEED,UPPER,0.14497300000000032,0.144973,3.3306690738754696e-16,3.3306690738754696e-16,False
E:2532,P:1653,S:1715,PARENT_TO_COMPLETION_SEED,UPPER,0.14497300000000032,0.144973,3.3306690738754696e-16,3.3306690738754696e-16,False
E:2533,P:1653,S:1716,PARENT_TO_COMPLETION_SEED,UPPER,0.14497299999999946,0.144973,-5.273559366969494e-16,5.273559366969494e-16,False
E:2534,P:1655,S:1716,PARENT_TO_COMPLETION_SEED,UPPER,0.14497299999999982,0.144973,-1.6653345369377348e-16,1.6653345369377348e-16,False
E:2535,P:1655,S:1717,PARENT_TO_COMPLETION_SEED,UPPER,0.14497300000000032,0.144973,3.3306690738754696e-16,3.3306690738754696e-16,False
E:2536,P:1657,S:1717,PARENT_TO_COMPLETION_SEED,UPPER,0.14497299999999996,0.144973,-2.7755575615628914e-17,2.7755575615628914e-17,False
E:2537,P:1657,S:1718,PARENT_TO_COMPLETION_SEED,UPPER,0.14497299999999952,0.144973,-4.718447854656915e-16,4.718447854656915e-16,False
E:2538,P:1659,S:1718,PARENT_TO_COMPLETION_SEED,UPPER,0.1449730000000002,0.144973,2.220446049250313e-16,2.220446049250313e-16,False
E:2539,P:1659,S:1719,PARENT_TO_COMPLETION_SEED,UPPER,0.1449730000000003,0.144973,3.0531133177191805e-16,3.0531133177191805e-16,False
E:2540,P:1661,S:1719,PARENT_TO_COMPLETION_SEED,UPPER,0.14497299999999966,0.144973,-3.3306690738754696e-16,3.3306690738754696e-16,False
E:2541,P:1661,S:1720,PARENT_TO_COMPLETION_SEED,UPPER,0.14497299999999955,0.144973,-4.440892098500626e-16,4.440892098500626e-16,False
E:2542,P:1663,S:1720,PARENT_TO_COMPLETION_SEED,UPPER,0.14497299999999955,0.144973,-4.440892098500626e-16,4.440892098500626e-16,False
E:2543,P:1663,S:1721,PARENT_TO_COMPLETION_SEED,UPPER,0.14497299999999982,0.144973,-1.6653345369377348e-16,1.6653345369377348e-16,False
E:2544,P:1665,S:1721,PARENT_TO_COMPLETION_SEED,UPPER,0.14497299999999944,0.144973,-5.551115123125783e-16,5.551115123125783e-16,False
E:2545,P:1665,S:1722,PARENT_TO_COMPLETION_SEED,UPPER,0.14497300000000005,0.144973,5.551115123125783e-17,5.551115123125783e-17,False
E:2546,P:1667,S:1722,PARENT_TO_COMPLETION_SEED,UPPER,0.14497300000000005,0.144973,5.551115123125783e-17,5.551115123125783e-17,False
E:2547,P:1667,S:1723,PARENT_TO_COMPLETION_SEED,UPPER,0.14497300000000032,0.144973,3.3306690738754696e-16,3.3306690738754696e-16,False
E:2548,P:1669,S:1723,PARENT_TO_COMPLETION_SEED,UPPER,0.14497300000000032,0.144973,3.3306690738754696e-16,3.3306690738754696e-16,False
E:2549,P:1669,S:1724,PARENT_TO_COMPLETION_SEED,UPPER,0.14497299999999985,0.144973,-1.3877787807814457e-16,1.3877787807814457e-16,False
E:2550,P:1671,S:1724,PARENT_TO_COMPLETION_SEED,UPPER,0.14497299999999946,0.144973,-5.273559366969494e-16,5.273559366969494e-16,False
E:2551,P:1671,S:1725,PARENT_TO_COMPLETION_SEED,UPPER,0.1449730000000004,0.144973,4.163336342344337e-16,4.163336342344337e-16,False
E:2552,P:1673,S:1725,PARENT_TO_COMPLETION_SEED,UPPER,0.14497300000000005,0.144973,5.551115123125783e-17,5.551115123125783e-17,False
E:2553,P:1673,S:1726,PARENT_TO_COMPLETION_SEED,UPPER,0.14497300000000019,0.144973,1.942890293094024e-16,1.942890293094024e-16,False
E:2554,P:1675,S:1726,PARENT_TO_COMPLETION_SEED,UPPER,0.14497300000000057,0.144973,5.828670879282072e-16,5.828670879282072e-16,False
E:2555,P:1675,S:1727,PARENT_TO_COMPLETION_SEED,UPPER,0.14497299999999955,0.144973,-4.440892098500626e-16,4.440892098500626e-16,False
E:2556,P:1677,S:1727,PARENT_TO_COMPLETION_SEED,UPPER,0.14497299999999955,0.144973,-4.440892098500626e-16,4.440892098500626e-16,False
E:2557,P:1677,S:1728,PARENT_TO_COMPLETION_SEED,UPPER,0.14497299999999938,0.144973,-6.106226635438361e-16,6.106226635438361e-16,False
E:2558,P:1679,S:1728,PARENT_TO_COMPLETION_SEED,UPPER,0.144973,0.144973,0.0,0.0,False
E:2559,P:1621,S:1729,PARENT_TO_COMPLETION_SEED,UPPER,0.14497299999999935,0.144973,-6.38378239159465e-16,6.38378239159465e-16,False
E:2560,P:1679,S:1729,PARENT_TO_COMPLETION_SEED,UPPER,0.1449730000000002,0.144973,2.220446049250313e-16,2.220446049250313e-16,False
E:2561,P:1621,S:1730,PARENT_TO_COMPLETION_SEED,UPPER,0.14497300000000005,0.144973,5.551115123125783e-17,5.551115123125783e-17,False
E:2562,P:1623,S:1730,PARENT_TO_COMPLETION_SEED,UPPER,0.14497300000000032,0.144973,3.3306690738754696e-16,3.3306690738754696e-16,False
E:2563,P:1623,S:1731,PARENT_TO_COMPLETION_SEED,UPPER,0.14497299999999982,0.144973,-1.6653345369377348e-16,1.6653345369377348e-16,False
E:2564,P:1625,S:1731,PARENT_TO_COMPLETION_SEED,UPPER,0.14497299999999946,0.144973,-5.273559366969494e-16,5.273559366969494e-16,False
E:2565,P:1625,S:1732,PARENT_TO_COMPLETION_SEED,UPPER,0.14497300000000032,0.144973,3.3306690738754696e-16,3.3306690738754696e-16,False
E:2566,P:1627,S:1732,PARENT_TO_COMPLETION_SEED,UPPER,0.1449730000000004,0.144973,4.163336342344337e-16,4.163336342344337e-16,False
E:2567,P:1627,S:1733,PARENT_TO_COMPLETION_SEED,UPPER,0.1449729999999997,0.144973,-2.7755575615628914e-16,2.7755575615628914e-16,False
E:2568,P:1629,S:1733,PARENT_TO_COMPLETION_SEED,UPPER,0.14497299999999988,0.144973,-1.1102230246251565e-16,1.1102230246251565e-16,False
E:2569,P:1629,S:1734,PARENT_TO_COMPLETION_SEED,UPPER,0.14497300000000027,0.144973,2.7755575615628914e-16,2.7755575615628914e-16,False
E:2570,P:1631,S:1734,PARENT_TO_COMPLETION_SEED,UPPER,0.14497300000000057,0.144973,5.828670879282072e-16,5.828670879282072e-16,False
E:2571,P:1631,S:1735,PARENT_TO_COMPLETION_SEED,UPPER,0.14497299999999966,0.144973,-3.3306690738754696e-16,3.3306690738754696e-16,False
E:2572,P:1633,S:1735,PARENT_TO_COMPLETION_SEED,UPPER,0.14497299999999966,0.144973,-3.3306690738754696e-16,3.3306690738754696e-16,False
E:2573,P:1633,S:1736,PARENT_TO_COMPLETION_SEED,UPPER,0.14497299999999963,0.144973,-3.608224830031759e-16,3.608224830031759e-16,False
E:2574,P:1635,S:1736,PARENT_TO_COMPLETION_SEED,UPPER,0.14497299999999963,0.144973,-3.608224830031759e-16,3.608224830031759e-16,False
E:2575,P:1635,S:1737,PARENT_TO_COMPLETION_SEED,UPPER,0.14497299999999944,0.144973,-5.551115123125783e-16,5.551115123125783e-16,False
E:2576,P:1637,S:1737,PARENT_TO_COMPLETION_SEED,UPPER,0.14497299999999969,0.144973,-3.0531133177191805e-16,3.0531133177191805e-16,False
E:2577,P:1637,S:1738,PARENT_TO_COMPLETION_SEED,UPPER,0.14497299999999946,0.144973,-5.273559366969494e-16,5.273559366969494e-16,False
E:2578,P:1639,S:1738,PARENT_TO_COMPLETION_SEED,UPPER,0.14497299999999985,0.144973,-1.3877787807814457e-16,1.3877787807814457e-16,False
E:2579,P:1639,S:1739,PARENT_TO_COMPLETION_SEED,UPPER,0.14497300000000032,0.144973,3.3306690738754696e-16,3.3306690738754696e-16,False
E:2580,P:1641,S:1739,PARENT_TO_COMPLETION_SEED,UPPER,0.14497300000000032,0.144973,3.3306690738754696e-16,3.3306690738754696e-16,False
E:2581,A:LOWER:-14:-4,A:LOWER:-13:-5,ANNULUS_BN,LOWER,0.14497299999999966,0.144973,-3.3306690738754696e-16,3.3306690738754696e-16,False
E:2582,A:LOWER:-14:-4,A:LOWER:-13:-3,ANNULUS_BN,LOWER,0.14497300000000016,0.144973,1.6653345369377348e-16,1.6653345369377348e-16,False
E:2583,A:LOWER:-14:-2,A:LOWER:-13:-3,ANNULUS_BN,LOWER,0.14497300000000046,0.144973,4.718447854656915e-16,4.718447854656915e-16,False
E:2584,A:LOWER:-14:-2,A:LOWER:-13:-1,ANNULUS_BN,LOWER,0.1449730000000001,0.144973,1.1102230246251565e-16,1.1102230246251565e-16,False
E:2585,A:LOWER:-14:0,A:LOWER:-13:-1,ANNULUS_BN,LOWER,0.14497299999999957,0.144973,-4.163336342344337e-16,4.163336342344337e-16,False
E:2586,A:LOWER:-14:0,A:LOWER:-13:1,ANNULUS_BN,LOWER,0.1449729999999997,0.144973,-2.7755575615628914e-16,2.7755575615628914e-16,False
E:2587,A:LOWER:-14:2,A:LOWER:-13:1,ANNULUS_BN,LOWER,0.14497300000000002,0.144973,2.7755575615628914e-17,2.7755575615628914e-17,False
E:2588,A:LOWER:-14:2,A:LOWER:-13:3,ANNULUS_BN,LOWER,0.1449730000000001,0.144973,1.1102230246251565e-16,1.1102230246251565e-16,False
E:2589,A:LOWER:-14:4,A:LOWER:-13:3,ANNULUS_BN,LOWER,0.14497299999999957,0.144973,-4.163336342344337e-16,4.163336342344337e-16,False
E:2590,A:LOWER:-14:4,A:LOWER:-13:5,ANNULUS_BN,LOWER,0.14497299999999927,0.144973,-7.216449660063518e-16,7.216449660063518e-16,False
E:2591,A:LOWER:-13:-5,A:LOWER:-11:-5,ANNULUS_BN,LOWER,0.14497299999999988,0.144973,-1.1102230246251565e-16,1.1102230246251565e-16,False
E:2592,A:LOWER:-13:-3,A:LOWER:-11:-3,ANNULUS_BN,LOWER,0.144972999999999,0.144973,-9.992007221626409e-16,9.992007221626409e-16,False
E:2593,A:LOWER:-13:-1,A:LOWER:-11:-1,ANNULUS_BN,LOWER,0.14497300000000077,0.144973,7.771561172376096e-16,7.771561172376096e-16,False
E:2594,A:LOWER:-13:1,A:LOWER:-11:1,ANNULUS_BN,LOWER,0.144972999999999,0.144973,-9.992007221626409e-16,9.992007221626409e-16,False
E:2595,A:LOWER:-13:3,A:LOWER:-11:3,ANNULUS_BN,LOWER,0.14497299999999988,0.144973,-1.1102230246251565e-16,1.1102230246251565e-16,False
E:2596,A:LOWER:-13:5,A:LOWER:-11:5,ANNULUS_BN,LOWER,0.14497300000000077,0.144973,7.771561172376096e-16,7.771561172376096e-16,False
E:2597,A:LOWER:-11:-5,A:LOWER:-10:-6,ANNULUS_BN,LOWER,0.14497299999999966,0.144973,-3.3306690738754696e-16,3.3306690738754696e-16,False
E:2598,A:LOWER:-11:-5,A:LOWER:-10:-4,ANNULUS_BN,LOWER,0.1449730000000005,0.144973,4.996003610813204e-16,4.996003610813204e-16,False
E:2599,A:LOWER:-11:-3,A:LOWER:-10:-4,ANNULUS_BN,LOWER,0.14497299999999966,0.144973,-3.3306690738754696e-16,3.3306690738754696e-16,False
E:2600,A:LOWER:-11:-3,A:LOWER:-10:-2,ANNULUS_BN,LOWER,0.1449730000000001,0.144973,1.1102230246251565e-16,1.1102230246251565e-16,False
E:2601,A:LOWER:-11:-1,A:LOWER:-10:-2,ANNULUS_BN,LOWER,0.14497299999999957,0.144973,-4.163336342344337e-16,4.163336342344337e-16,False
E:2602,A:LOWER:-11:-1,A:LOWER:-10:0,ANNULUS_BN,LOWER,0.1449729999999997,0.144973,-2.7755575615628914e-16,2.7755575615628914e-16,False
E:2603,A:LOWER:-11:1,A:LOWER:-10:0,ANNULUS_BN,LOWER,0.14497300000000046,0.144973,4.718447854656915e-16,4.718447854656915e-16,False
E:2604,A:LOWER:-11:1,A:LOWER:-10:2,ANNULUS_BN,LOWER,0.144973000000001,0.144973,9.992007221626409e-16,9.992007221626409e-16,False
E:2605,A:LOWER:-11:3,A:LOWER:-10:2,ANNULUS_BN,LOWER,0.14497300000000046,0.144973,4.718447854656915e-16,4.718447854656915e-16,False
E:2606,A:LOWER:-11:3,A:LOWER:-10:4,ANNULUS_BN,LOWER,0.1449729999999997,0.144973,-2.7755575615628914e-16,2.7755575615628914e-16,False
E:2607,A:LOWER:-11:5,A:LOWER:-10:4,ANNULUS_BN,LOWER,0.1449729999999992,0.144973,-7.771561172376096e-16,7.771561172376096e-16,False
E:2608,A:LOWER:-11:5,A:LOWER:-10:6,ANNULUS_BN,LOWER,0.1449730000000001,0.144973,1.1102230246251565e-16,1.1102230246251565e-16,False
E:2609,A:LOWER:-10:-6,A:LOWER:-8:-6,ANNULUS_BN,LOWER,0.14497299999999988,0.144973,-1.1102230246251565e-16,1.1102230246251565e-16,False
E:2610,A:LOWER:-10:-4,A:LOWER:-8:-4,ANNULUS_BN,LOWER,0.14497299999999988,0.144973,-1.1102230246251565e-16,1.1102230246251565e-16,False
E:2611,A:LOWER:-10:-2,A:LOWER:-8:-2,ANNULUS_BN,LOWER,0.14497300000000077,0.144973,7.771561172376096e-16,7.771561172376096e-16,False
E:2612,A:LOWER:-10:0,A:LOWER:-8:0,ANNULUS_BN,LOWER,0.14497299999999988,0.144973,-1.1102230246251565e-16,1.1102230246251565e-16,False
E:2613,A:LOWER:-10:2,A:LOWER:-8:2,ANNULUS_BN,LOWER,0.144972999999999,0.144973,-9.992007221626409e-16,9.992007221626409e-16,False
E:2614,A:LOWER:-10:4,A:LOWER:-8:4,ANNULUS_BN,LOWER,0.14497300000000077,0.144973,7.771561172376096e-16,7.771561172376096e-16,False
E:2615,A:LOWER:-10:6,A:LOWER:-8:6,ANNULUS_BN,LOWER,0.144972999999999,0.144973,-9.992007221626409e-16,9.992007221626409e-16,False
E:2616,A:LOWER:-8:-6,A:LOWER:-7:-7,ANNULUS_BN,LOWER,0.1449730000000004,0.144973,4.163336342344337e-16,4.163336342344337e-16,False
E:2617,A:LOWER:-8:-6,A:LOWER:-7:-5,ANNULUS_BN,LOWER,0.1449729999999997,0.144973,-2.7755575615628914e-16,2.7755575615628914e-16,False
E:2618,A:LOWER:-8:-4,A:LOWER:-7:-5,ANNULUS_BN,LOWER,0.14497299999999966,0.144973,-3.3306690738754696e-16,3.3306690738754696e-16,False
E:2619,A:LOWER:-8:-4,A:LOWER:-7:-3,ANNULUS_BN,LOWER,0.14497300000000016,0.144973,1.6653345369377348e-16,1.6653345369377348e-16,False
E:2620,A:LOWER:-8:-2,A:LOWER:-7:-3,ANNULUS_BN,LOWER,0.1449730000000004,0.144973,4.163336342344337e-16,4.163336342344337e-16,False
E:2621,A:LOWER:-8:-2,A:LOWER:-7:-1,ANNULUS_BN,LOWER,0.1449730000000001,0.144973,1.1102230246251565e-16,1.1102230246251565e-16,False
E:2622,A:LOWER:-8:0,A:LOWER:-7:-1,ANNULUS_BN,LOWER,0.14497300000000002,0.144973,2.7755575615628914e-17,2.7755575615628914e-17,False
E:2623,A:LOWER:-8:0,A:LOWER:-7:1,ANNULUS_BN,LOWER,0.1449729999999997,0.144973,-2.7755575615628914e-16,2.7755575615628914e-16,False
E:2624,A:LOWER:-8:2,A:LOWER:-7:1,ANNULUS_BN,LOWER,0.14497300000000002,0.144973,2.7755575615628914e-17,2.7755575615628914e-17,False
E:2625,A:LOWER:-8:2,A:LOWER:-7:3,ANNULUS_BN,LOWER,0.1449730000000001,0.144973,1.1102230246251565e-16,1.1102230246251565e-16,False
E:2626,A:LOWER:-8:4,A:LOWER:-7:3,ANNULUS_BN,LOWER,0.1449729999999992,0.144973,-7.771561172376096e-16,7.771561172376096e-16,False
E:2627,A:LOWER:-8:4,A:LOWER:-7:5,ANNULUS_BN,LOWER,0.1449730000000001,0.144973,1.1102230246251565e-16,1.1102230246251565e-16,False
E:2628,A:LOWER:-8:6,A:LOWER:-7:5,ANNULUS_BN,LOWER,0.14497300000000046,0.144973,4.718447854656915e-16,4.718447854656915e-16,False
E:2629,A:LOWER:-8:6,A:LOWER:-7:7,ANNULUS_BN,LOWER,0.144973000000001,0.144973,9.992007221626409e-16,9.992007221626409e-16,False
E:2630,A:LOWER:-7:-7,A:LOWER:-5:-7,ANNULUS_BN,LOWER,0.14497299999999988,0.144973,-1.1102230246251565e-16,1.1102230246251565e-16,False
E:2631,A:LOWER:-7:-5,A:LOWER:-5:-5,ANNULUS_BN,LOWER,0.14497300000000077,0.144973,7.771561172376096e-16,7.771561172376096e-16,False
E:2632,A:LOWER:-7:-3,A:LOWER:-5:-3,ANNULUS_BN,LOWER,0.14497299999999988,0.144973,-1.1102230246251565e-16,1.1102230246251565e-16,False
E:2633,A:LOWER:-7:3,A:LOWER:-5:3,ANNULUS_BN,LOWER,0.14497300000000077,0.144973,7.771561172376096e-16,7.771561172376096e-16,False
E:2634,A:LOWER:-7:5,A:LOWER:-5:5,ANNULUS_BN,LOWER,0.14497299999999988,0.144973,-1.1102230246251565e-16,1.1102230246251565e-16,False
E:2635,A:LOWER:-7:7,A:LOWER:-5:7,ANNULUS_BN,LOWER,0.144972999999999,0.144973,-9.992007221626409e-16,9.992007221626409e-16,False
E:2636,A:LOWER:-5:-7,A:LOWER:-4:-8,ANNULUS_BN,LOWER,0.1449730000000004,0.144973,4.163336342344337e-16,4.163336342344337e-16,False
E:2637,A:LOWER:-5:-7,A:LOWER:-4:-6,ANNULUS_BN,LOWER,0.14497299999999994,0.144973,-5.551115123125783e-17,5.551115123125783e-17,False
E:2638,A:LOWER:-5:-5,A:LOWER:-4:-6,ANNULUS_BN,LOWER,0.14497300000000019,0.144973,1.942890293094024e-16,1.942890293094024e-16,False
E:2639,A:LOWER:-5:-5,A:LOWER:-4:-4,ANNULUS_BN,LOWER,0.1449729999999997,0.144973,-2.7755575615628914e-16,2.7755575615628914e-16,False
E:2640,A:LOWER:-5:-3,A:LOWER:-4:-4,ANNULUS_BN,LOWER,0.14497299999999966,0.144973,-3.3306690738754696e-16,3.3306690738754696e-16,False
E:2641,A:LOWER:-5:3,A:LOWER:-4:4,ANNULUS_BN,LOWER,0.1449729999999997,0.144973,-2.7755575615628914e-16,2.7755575615628914e-16,False
E:2642,A:LOWER:-5:5,A:LOWER:-4:4,ANNULUS_BN,LOWER,0.14497300000000002,0.144973,2.7755575615628914e-17,2.7755575615628914e-17,False
E:2643,A:LOWER:-5:5,A:LOWER:-4:6,ANNULUS_BN,LOWER,0.14497300000000032,0.144973,3.3306690738754696e-16,3.3306690738754696e-16,False
E:2644,A:LOWER:-5:7,A:LOWER:-4:6,ANNULUS_BN,LOWER,0.14497300000000024,0.144973,2.498001805406602e-16,2.498001805406602e-16,False
E:2645,A:LOWER:-5:7,A:LOWER:-4:8,ANNULUS_BN,LOWER,0.14497299999999994,0.144973,-5.551115123125783e-17,5.551115123125783e-17,False
E:2646,A:LOWER:-4:-8,A:LOWER:-2:-8,ANNULUS_BN,LOWER,0.14497299999999988,0.144973,-1.1102230246251565e-16,1.1102230246251565e-16,False
E:2647,A:LOWER:-4:-6,A:LOWER:-2:-6,ANNULUS_BN,LOWER,0.14497300000000032,0.144973,3.3306690738754696e-16,3.3306690738754696e-16,False
E:2648,A:LOWER:-4:-4,A:LOWER:-2:-4,ANNULUS_BN,LOWER,0.14497299999999988,0.144973,-1.1102230246251565e-16,1.1102230246251565e-16,False
E:2649,A:LOWER:-4:4,A:LOWER:-2:4,ANNULUS_BN,LOWER,0.14497299999999988,0.144973,-1.1102230246251565e-16,1.1102230246251565e-16,False
E:2650,A:LOWER:-4:6,A:LOWER:-2:6,ANNULUS_BN,LOWER,0.14497299999999988,0.144973,-1.1102230246251565e-16,1.1102230246251565e-16,False
E:2651,A:LOWER:-4:8,A:LOWER:-2:8,ANNULUS_BN,LOWER,0.14497300000000032,0.144973,3.3306690738754696e-16,3.3306690738754696e-16,False
E:2652,A:LOWER:-2:-8,A:LOWER:-1:-9,ANNULUS_BN,LOWER,0.14497300000000063,0.144973,6.38378239159465e-16,6.38378239159465e-16,False
E:2653,A:LOWER:-2:-8,A:LOWER:-1:-7,ANNULUS_BN,LOWER,0.14497299999999994,0.144973,-5.551115123125783e-17,5.551115123125783e-17,False
E:2654,A:LOWER:-2:-6,A:LOWER:-1:-7,ANNULUS_BN,LOWER,0.14497300000000019,0.144973,1.942890293094024e-16,1.942890293094024e-16,False
E:2655,A:LOWER:-2:-6,A:LOWER:-1:-5,ANNULUS_BN,LOWER,0.1449729999999997,0.144973,-2.7755575615628914e-16,2.7755575615628914e-16,False
E:2656,A:LOWER:-2:-4,A:LOWER:-1:-5,ANNULUS_BN,LOWER,0.14497299999999966,0.144973,-3.3306690738754696e-16,3.3306690738754696e-16,False
E:2657,A:LOWER:-2:4,A:LOWER:-1:5,ANNULUS_BN,LOWER,0.14497299999999994,0.144973,-5.551115123125783e-17,5.551115123125783e-17,False
E:2658,A:LOWER:-2:6,A:LOWER:-1:5,ANNULUS_BN,LOWER,0.14497300000000002,0.144973,2.7755575615628914e-17,2.7755575615628914e-17,False
E:2659,A:LOWER:-2:6,A:LOWER:-1:7,ANNULUS_BN,LOWER,0.1449730000000001,0.144973,1.1102230246251565e-16,1.1102230246251565e-16,False
E:2660,A:LOWER:-2:8,A:LOWER:-1:7,ANNULUS_BN,LOWER,0.1449729999999998,0.144973,-1.942890293094024e-16,1.942890293094024e-16,False
E:2661,A:LOWER:-2:8,A:LOWER:-1:9,ANNULUS_BN,LOWER,0.1449729999999997,0.144973,-2.7755575615628914e-16,2.7755575615628914e-16,False
E:2662,A:LOWER:-1:-9,A:LOWER:1:-9,ANNULUS_BN,LOWER,0.14497299999999988,0.144973,-1.1102230246251565e-16,1.1102230246251565e-16,False
E:2663,A:LOWER:-1:-7,A:LOWER:1:-7,ANNULUS_BN,LOWER,0.14497300000000032,0.144973,3.3306690738754696e-16,3.3306690738754696e-16,False
E:2664,A:LOWER:-1:-5,A:LOWER:1:-5,ANNULUS_BN,LOWER,0.14497299999999988,0.144973,-1.1102230246251565e-16,1.1102230246251565e-16,False
E:2665,A:LOWER:-1:5,A:LOWER:1:5,ANNULUS_BN,LOWER,0.14497299999999988,0.144973,-1.1102230246251565e-16,1.1102230246251565e-16,False
E:2666,A:LOWER:-1:7,A:LOWER:1:7,ANNULUS_BN,LOWER,0.14497299999999988,0.144973,-1.1102230246251565e-16,1.1102230246251565e-16,False
E:2667,A:LOWER:-1:9,A:LOWER:1:9,ANNULUS_BN,LOWER,0.14497299999999988,0.144973,-1.1102230246251565e-16,1.1102230246251565e-16,False
E:2668,A:LOWER:1:-9,A:LOWER:2:-8,ANNULUS_BN,LOWER,0.1449729999999997,0.144973,-2.7755575615628914e-16,2.7755575615628914e-16,False
E:2669,A:LOWER:1:-7,A:LOWER:2:-8,ANNULUS_BN,LOWER,0.14497300000000019,0.144973,1.942890293094024e-16,1.942890293094024e-16,False
E:2670,A:LOWER:1:-7,A:LOWER:2:-6,ANNULUS_BN,LOWER,0.1449729999999997,0.144973,-2.7755575615628914e-16,2.7755575615628914e-16,False
E:2671,A:LOWER:1:-5,A:LOWER:2:-6,ANNULUS_BN,LOWER,0.1449730000000004,0.144973,4.163336342344337e-16,4.163336342344337e-16,False
E:2672,A:LOWER:1:-5,A:LOWER:2:-4,ANNULUS_BN,LOWER,0.1449729999999997,0.144973,-2.7755575615628914e-16,2.7755575615628914e-16,False
E:2673,A:LOWER:1:5,A:LOWER:2:4,ANNULUS_BN,LOWER,0.14497299999999966,0.144973,-3.3306690738754696e-16,3.3306690738754696e-16,False
E:2674,A:LOWER:1:5,A:LOWER:2:6,ANNULUS_BN,LOWER,0.1449730000000001,0.144973,1.1102230246251565e-16,1.1102230246251565e-16,False
E:2675,A:LOWER:1:7,A:LOWER:2:6,ANNULUS_BN,LOWER,0.14497300000000002,0.144973,2.7755575615628914e-17,2.7755575615628914e-17,False
E:2676,A:LOWER:1:7,A:LOWER:2:8,ANNULUS_BN,LOWER,0.14497299999999994,0.144973,-5.551115123125783e-17,5.551115123125783e-17,False
E:2677,A:LOWER:1:9,A:LOWER:2:8,ANNULUS_BN,LOWER,0.1449730000000004,0.144973,4.163336342344337e-16,4.163336342344337e-16,False
E:2678,A:LOWER:2:-8,A:LOWER:4:-8,ANNULUS_BN,LOWER,0.14497299999999988,0.144973,-1.1102230246251565e-16,1.1102230246251565e-16,False
E:2679,A:LOWER:2:-6,A:LOWER:4:-6,ANNULUS_BN,LOWER,0.14497299999999988,0.144973,-1.1102230246251565e-16,1.1102230246251565e-16,False
E:2680,A:LOWER:2:-4,A:LOWER:4:-4,ANNULUS_BN,LOWER,0.14497300000000032,0.144973,3.3306690738754696e-16,3.3306690738754696e-16,False
E:2681,A:LOWER:2:4,A:LOWER:4:4,ANNULUS_BN,LOWER,0.14497299999999988,0.144973,-1.1102230246251565e-16,1.1102230246251565e-16,False
E:2682,A:LOWER:2:6,A:LOWER:4:6,ANNULUS_BN,LOWER,0.14497300000000032,0.144973,3.3306690738754696e-16,3.3306690738754696e-16,False
E:2683,A:LOWER:2:8,A:LOWER:4:8,ANNULUS_BN,LOWER,0.14497300000000032,0.144973,3.3306690738754696e-16,3.3306690738754696e-16,False
E:2684,A:LOWER:4:-8,A:LOWER:5:-7,ANNULUS_BN,LOWER,0.14497300000000016,0.144973,1.6653345369377348e-16,1.6653345369377348e-16,False
E:2685,A:LOWER:4:-6,A:LOWER:5:-7,ANNULUS_BN,LOWER,0.14497300000000063,0.144973,6.38378239159465e-16,6.38378239159465e-16,False
E:2686,A:LOWER:4:-6,A:LOWER:5:-5,ANNULUS_BN,LOWER,0.14497299999999994,0.144973,-5.551115123125783e-17,5.551115123125783e-17,False
E:2687,A:LOWER:4:-4,A:LOWER:5:-5,ANNULUS_BN,LOWER,0.14497299999999966,0.144973,-3.3306690738754696e-16,3.3306690738754696e-16,False
E:2688,A:LOWER:4:-4,A:LOWER:5:-3,ANNULUS_BN,LOWER,0.1449730000000005,0.144973,4.996003610813204e-16,4.996003610813204e-16,False
E:2689,A:LOWER:4:4,A:LOWER:5:3,ANNULUS_BN,LOWER,0.14497300000000002,0.144973,2.7755575615628914e-17,2.7755575615628914e-17,False
E:2690,A:LOWER:4:4,A:LOWER:5:5,ANNULUS_BN,LOWER,0.14497299999999994,0.144973,-5.551115123125783e-17,5.551115123125783e-17,False
E:2691,A:LOWER:4:6,A:LOWER:5:5,ANNULUS_BN,LOWER,0.14497300000000002,0.144973,2.7755575615628914e-17,2.7755575615628914e-17,False
E:2692,A:LOWER:4:6,A:LOWER:5:7,ANNULUS_BN,LOWER,0.1449730000000001,0.144973,1.1102230246251565e-16,1.1102230246251565e-16,False
E:2693,A:LOWER:4:8,A:LOWER:5:7,ANNULUS_BN,LOWER,0.1449729999999998,0.144973,-1.942890293094024e-16,1.942890293094024e-16,False
E:2694,A:LOWER:5:-7,A:LOWER:7:-7,ANNULUS_BN,LOWER,0.14497299999999944,0.144973,-5.551115123125783e-16,5.551115123125783e-16,False
E:2695,A:LOWER:5:-5,A:LOWER:7:-5,ANNULUS_BN,LOWER,0.14497299999999988,0.144973,-1.1102230246251565e-16,1.1102230246251565e-16,False
E:2696,A:LOWER:5:-3,A:LOWER:7:-3,ANNULUS_BN,LOWER,0.14497300000000032,0.144973,3.3306690738754696e-16,3.3306690738754696e-16,False
E:2697,A:LOWER:5:3,A:LOWER:7:3,ANNULUS_BN,LOWER,0.14497300000000032,0.144973,3.3306690738754696e-16,3.3306690738754696e-16,False
E:2698,A:LOWER:5:5,A:LOWER:7:5,ANNULUS_BN,LOWER,0.14497299999999988,0.144973,-1.1102230246251565e-16,1.1102230246251565e-16,False
E:2699,A:LOWER:5:7,A:LOWER:7:7,ANNULUS_BN,LOWER,0.14497299999999988,0.144973,-1.1102230246251565e-16,1.1102230246251565e-16,False
E:2700,A:LOWER:7:-7,A:LOWER:8:-6,ANNULUS_BN,LOWER,0.14497299999999994,0.144973,-5.551115123125783e-17,5.551115123125783e-17,False
E:2701,A:LOWER:7:-5,A:LOWER:8:-6,ANNULUS_BN,LOWER,0.1449730000000004,0.144973,4.163336342344337e-16,4.163336342344337e-16,False
E:2702,A:LOWER:7:-5,A:LOWER:8:-4,ANNULUS_BN,LOWER,0.1449729999999997,0.144973,-2.7755575615628914e-16,2.7755575615628914e-16,False
E:2703,A:LOWER:7:-3,A:LOWER:8:-4,ANNULUS_BN,LOWER,0.1449729999999994,0.144973,-5.828670879282072e-16,5.828670879282072e-16,False
E:2704,A:LOWER:7:-3,A:LOWER:8:-2,ANNULUS_BN,LOWER,0.1449730000000001,0.144973,1.1102230246251565e-16,1.1102230246251565e-16,False
E:2705,A:LOWER:7:-1,A:LOWER:8:-2,ANNULUS_BN,LOWER,0.14497300000000002,0.144973,2.7755575615628914e-17,2.7755575615628914e-17,False
E:2706,A:LOWER:7:-1,A:LOWER:8:0,ANNULUS_BN,LOWER,0.14497300000000032,0.144973,3.3306690738754696e-16,3.3306690738754696e-16,False
E:2707,A:LOWER:7:1,A:LOWER:8:0,ANNULUS_BN,LOWER,0.14497300000000002,0.144973,2.7755575615628914e-17,2.7755575615628914e-17,False
E:2708,A:LOWER:7:1,A:LOWER:8:2,ANNULUS_BN,LOWER,0.14497299999999994,0.144973,-5.551115123125783e-17,5.551115123125783e-17,False
E:2709,A:LOWER:7:3,A:LOWER:8:2,ANNULUS_BN,LOWER,0.14497300000000002,0.144973,2.7755575615628914e-17,2.7755575615628914e-17,False
E:2710,A:LOWER:7:3,A:LOWER:8:4,ANNULUS_BN,LOWER,0.1449730000000001,0.144973,1.1102230246251565e-16,1.1102230246251565e-16,False
E:2711,A:LOWER:7:5,A:LOWER:8:4,ANNULUS_BN,LOWER,0.14497299999999966,0.144973,-3.3306690738754696e-16,3.3306690738754696e-16,False
E:2712,A:LOWER:7:5,A:LOWER:8:6,ANNULUS_BN,LOWER,0.1449730000000001,0.144973,1.1102230246251565e-16,1.1102230246251565e-16,False
E:2713,A:LOWER:7:7,A:LOWER:8:6,ANNULUS_BN,LOWER,0.14497300000000002,0.144973,2.7755575615628914e-17,2.7755575615628914e-17,False
E:2714,A:LOWER:8:-6,A:LOWER:10:-6,ANNULUS_BN,LOWER,0.14497299999999988,0.144973,-1.1102230246251565e-16,1.1102230246251565e-16,False
E:2715,A:LOWER:8:-4,A:LOWER:10:-4,ANNULUS_BN,LOWER,0.14497300000000077,0.144973,7.771561172376096e-16,7.771561172376096e-16,False
E:2716,A:LOWER:8:-2,A:LOWER:10:-2,ANNULUS_BN,LOWER,0.14497300000000032,0.144973,3.3306690738754696e-16,3.3306690738754696e-16,False
E:2717,A:LOWER:8:0,A:LOWER:10:0,ANNULUS_BN,LOWER,0.14497299999999988,0.144973,-1.1102230246251565e-16,1.1102230246251565e-16,False
E:2718,A:LOWER:8:2,A:LOWER:10:2,ANNULUS_BN,LOWER,0.14497299999999988,0.144973,-1.1102230246251565e-16,1.1102230246251565e-16,False
E:2719,A:LOWER:8:4,A:LOWER:10:4,ANNULUS_BN,LOWER,0.14497299999999988,0.144973,-1.1102230246251565e-16,1.1102230246251565e-16,False
E:2720,A:LOWER:8:6,A:LOWER:10:6,ANNULUS_BN,LOWER,0.14497299999999988,0.144973,-1.1102230246251565e-16,1.1102230246251565e-16,False
E:2721,A:LOWER:10:-6,A:LOWER:11:-5,ANNULUS_BN,LOWER,0.14497299999999994,0.144973,-5.551115123125783e-17,5.551115123125783e-17,False
E:2722,A:LOWER:10:-4,A:LOWER:11:-5,ANNULUS_BN,LOWER,0.1449729999999994,0.144973,-5.828670879282072e-16,5.828670879282072e-16,False
E:2723,A:LOWER:10:-4,A:LOWER:11:-3,ANNULUS_BN,LOWER,0.1449730000000005,0.144973,4.996003610813204e-16,4.996003610813204e-16,False
E:2724,A:LOWER:10:-2,A:LOWER:11:-3,ANNULUS_BN,LOWER,0.14497299999999966,0.144973,-3.3306690738754696e-16,3.3306690738754696e-16,False
E:2725,A:LOWER:10:-2,A:LOWER:11:-1,ANNULUS_BN,LOWER,0.1449730000000001,0.144973,1.1102230246251565e-16,1.1102230246251565e-16,False
E:2726,A:LOWER:10:0,A:LOWER:11:-1,ANNULUS_BN,LOWER,0.14497300000000002,0.144973,2.7755575615628914e-17,2.7755575615628914e-17,False
E:2727,A:LOWER:10:0,A:LOWER:11:1,ANNULUS_BN,LOWER,0.1449729999999997,0.144973,-2.7755575615628914e-16,2.7755575615628914e-16,False
E:2728,A:LOWER:10:2,A:LOWER:11:1,ANNULUS_BN,LOWER,0.1449729999999998,0.144973,-1.942890293094024e-16,1.942890293094024e-16,False
E:2729,A:LOWER:10:2,A:LOWER:11:3,ANNULUS_BN,LOWER,0.1449730000000001,0.144973,1.1102230246251565e-16,1.1102230246251565e-16,False
E:2730,A:LOWER:10:4,A:LOWER:11:3,ANNULUS_BN,LOWER,0.14497300000000002,0.144973,2.7755575615628914e-17,2.7755575615628914e-17,False
E:2731,A:LOWER:10:4,A:LOWER:11:5,ANNULUS_BN,LOWER,0.14497300000000016,0.144973,1.6653345369377348e-16,1.6653345369377348e-16,False
E:2732,A:LOWER:10:6,A:LOWER:11:5,ANNULUS_BN,LOWER,0.14497300000000085,0.144973,8.604228440844963e-16,8.604228440844963e-16,False
E:2733,A:LOWER:11:-5,A:LOWER:13:-5,ANNULUS_BN,LOWER,0.14497299999999988,0.144973,-1.1102230246251565e-16,1.1102230246251565e-16,False
E:2734,A:LOWER:11:-3,A:LOWER:13:-3,ANNULUS_BN,LOWER,0.14497299999999944,0.144973,-5.551115123125783e-16,5.551115123125783e-16,False
E:2735,A:LOWER:11:-1,A:LOWER:13:-1,ANNULUS_BN,LOWER,0.14497299999999988,0.144973,-1.1102230246251565e-16,1.1102230246251565e-16,False
E:2736,A:LOWER:11:1,A:LOWER:13:1,ANNULUS_BN,LOWER,0.14497299999999988,0.144973,-1.1102230246251565e-16,1.1102230246251565e-16,False
E:2737,A:LOWER:11:3,A:LOWER:13:3,ANNULUS_BN,LOWER,0.14497300000000032,0.144973,3.3306690738754696e-16,3.3306690738754696e-16,False
E:2738,A:LOWER:11:5,A:LOWER:13:5,ANNULUS_BN,LOWER,0.14497299999999944,0.144973,-5.551115123125783e-16,5.551115123125783e-16,False
E:2739,A:LOWER:13:-5,A:LOWER:14:-4,ANNULUS_BN,LOWER,0.1449729999999997,0.144973,-2.7755575615628914e-16,2.7755575615628914e-16,False
E:2740,A:LOWER:13:-3,A:LOWER:14:-4,ANNULUS_BN,LOWER,0.1449730000000004,0.144973,4.163336342344337e-16,4.163336342344337e-16,False
E:2741,A:LOWER:13:-3,A:LOWER:14:-2,ANNULUS_BN,LOWER,0.14497299999999994,0.144973,-5.551115123125783e-17,5.551115123125783e-17,False
E:2742,A:LOWER:13:-1,A:LOWER:14:-2,ANNULUS_BN,LOWER,0.14497300000000002,0.144973,2.7755575615628914e-17,2.7755575615628914e-17,False
E:2743,A:LOWER:13:-1,A:LOWER:14:0,ANNULUS_BN,LOWER,0.1449730000000001,0.144973,1.1102230246251565e-16,1.1102230246251565e-16,False
E:2744,A:LOWER:13:1,A:LOWER:14:0,ANNULUS_BN,LOWER,0.14497300000000002,0.144973,2.7755575615628914e-17,2.7755575615628914e-17,False
E:2745,A:LOWER:13:1,A:LOWER:14:2,ANNULUS_BN,LOWER,0.14497300000000016,0.144973,1.6653345369377348e-16,1.6653345369377348e-16,False
E:2746,A:LOWER:13:3,A:LOWER:14:2,ANNULUS_BN,LOWER,0.14497300000000002,0.144973,2.7755575615628914e-17,2.7755575615628914e-17,False
E:2747,A:LOWER:13:3,A:LOWER:14:4,ANNULUS_BN,LOWER,0.1449729999999997,0.144973,-2.7755575615628914e-16,2.7755575615628914e-16,False
E:2748,A:LOWER:13:5,A:LOWER:14:4,ANNULUS_BN,LOWER,0.14497300000000002,0.144973,2.7755575615628914e-17,2.7755575615628914e-17,False
E:2749,A:UPPER:-14:-4,A:UPPER:-13:-5,ANNULUS_BN,UPPER,0.14497299999999988,0.144973,-1.1102230246251565e-16,1.1102230246251565e-16,False
E:2750,A:UPPER:-14:-4,A:UPPER:-13:-3,ANNULUS_BN,UPPER,0.1449729999999997,0.144973,-2.7755575615628914e-16,2.7755575615628914e-16,False
E:2751,A:UPPER:-14:-2,A:UPPER:-13:-3,ANNULUS_BN,UPPER,0.14497300000000032,0.144973,3.3306690738754696e-16,3.3306690738754696e-16,False
E:2752,A:UPPER:-14:-2,A:UPPER:-13:-1,ANNULUS_BN,UPPER,0.1449729999999997,0.144973,-2.7755575615628914e-16,2.7755575615628914e-16,False
E:2753,A:UPPER:-14:0,A:UPPER:-13:-1,ANNULUS_BN,UPPER,0.14497300000000032,0.144973,3.3306690738754696e-16,3.3306690738754696e-16,False
E:2754,A:UPPER:-14:0,A:UPPER:-13:1,ANNULUS_BN,UPPER,0.1449729999999997,0.144973,-2.7755575615628914e-16,2.7755575615628914e-16,False
E:2755,A:UPPER:-14:2,A:UPPER:-13:1,ANNULUS_BN,UPPER,0.14497299999999988,0.144973,-1.1102230246251565e-16,1.1102230246251565e-16,False
E:2756,A:UPPER:-14:2,A:UPPER:-13:3,ANNULUS_BN,UPPER,0.14497299999999994,0.144973,-5.551115123125783e-17,5.551115123125783e-17,False
E:2757,A:UPPER:-14:4,A:UPPER:-13:3,ANNULUS_BN,UPPER,0.14497299999999944,0.144973,-5.551115123125783e-16,5.551115123125783e-16,False
E:2758,A:UPPER:-14:4,A:UPPER:-13:5,ANNULUS_BN,UPPER,0.14497299999999994,0.144973,-5.551115123125783e-17,5.551115123125783e-17,False
E:2759,A:UPPER:-13:-5,A:UPPER:-11:-5,ANNULUS_BN,UPPER,0.1449730000000004,0.144973,4.163336342344337e-16,4.163336342344337e-16,False
E:2760,A:UPPER:-13:-3,A:UPPER:-11:-3,ANNULUS_BN,UPPER,0.14497300000000019,0.144973,1.942890293094024e-16,1.942890293094024e-16,False
E:2761,A:UPPER:-13:-1,A:UPPER:-11:-1,ANNULUS_BN,UPPER,0.1449730000000004,0.144973,4.163336342344337e-16,4.163336342344337e-16,False
E:2762,A:UPPER:-13:1,A:UPPER:-11:1,ANNULUS_BN,UPPER,0.14497300000000019,0.144973,1.942890293094024e-16,1.942890293094024e-16,False
E:2763,A:UPPER:-13:3,A:UPPER:-11:3,ANNULUS_BN,UPPER,0.1449730000000004,0.144973,4.163336342344337e-16,4.163336342344337e-16,False
E:2764,A:UPPER:-13:5,A:UPPER:-11:5,ANNULUS_BN,UPPER,0.14497300000000019,0.144973,1.942890293094024e-16,1.942890293094024e-16,False
E:2765,A:UPPER:-11:-5,A:UPPER:-10:-6,ANNULUS_BN,UPPER,0.14497299999999988,0.144973,-1.1102230246251565e-16,1.1102230246251565e-16,False
E:2766,A:UPPER:-11:-5,A:UPPER:-10:-4,ANNULUS_BN,UPPER,0.14497299999999994,0.144973,-5.551115123125783e-17,5.551115123125783e-17,False
E:2767,A:UPPER:-11:-3,A:UPPER:-10:-4,ANNULUS_BN,UPPER,0.14497299999999988,0.144973,-1.1102230246251565e-16,1.1102230246251565e-16,False
E:2768,A:UPPER:-11:-3,A:UPPER:-10:-2,ANNULUS_BN,UPPER,0.14497299999999994,0.144973,-5.551115123125783e-17,5.551115123125783e-17,False
E:2769,A:UPPER:-11:-1,A:UPPER:-10:-2,ANNULUS_BN,UPPER,0.14497299999999944,0.144973,-5.551115123125783e-16,5.551115123125783e-16,False
E:2770,A:UPPER:-11:-1,A:UPPER:-10:0,ANNULUS_BN,UPPER,0.14497299999999994,0.144973,-5.551115123125783e-17,5.551115123125783e-17,False
E:2771,A:UPPER:-11:1,A:UPPER:-10:0,ANNULUS_BN,UPPER,0.14497300000000032,0.144973,3.3306690738754696e-16,3.3306690738754696e-16,False
E:2772,A:UPPER:-11:1,A:UPPER:-10:2,ANNULUS_BN,UPPER,0.1449729999999995,0.144973,-4.996003610813204e-16,4.996003610813204e-16,False
E:2773,A:UPPER:-11:3,A:UPPER:-10:2,ANNULUS_BN,UPPER,0.14497300000000032,0.144973,3.3306690738754696e-16,3.3306690738754696e-16,False
E:2774,A:UPPER:-11:3,A:UPPER:-10:4,ANNULUS_BN,UPPER,0.14497299999999994,0.144973,-5.551115123125783e-17,5.551115123125783e-17,False
E:2775,A:UPPER:-11:5,A:UPPER:-10:4,ANNULUS_BN,UPPER,0.14497299999999988,0.144973,-1.1102230246251565e-16,1.1102230246251565e-16,False
E:2776,A:UPPER:-11:5,A:UPPER:-10:6,ANNULUS_BN,UPPER,0.1449729999999997,0.144973,-2.7755575615628914e-16,2.7755575615628914e-16,False
E:2777,A:UPPER:-10:-6,A:UPPER:-8:-6,ANNULUS_BN,UPPER,0.1449730000000004,0.144973,4.163336342344337e-16,4.163336342344337e-16,False
E:2778,A:UPPER:-10:-4,A:UPPER:-8:-4,ANNULUS_BN,UPPER,0.1449730000000004,0.144973,4.163336342344337e-16,4.163336342344337e-16,False
E:2779,A:UPPER:-10:-2,A:UPPER:-8:-2,ANNULUS_BN,UPPER,0.1449730000000004,0.144973,4.163336342344337e-16,4.163336342344337e-16,False
E:2780,A:UPPER:-10:0,A:UPPER:-8:0,ANNULUS_BN,UPPER,0.1449730000000004,0.144973,4.163336342344337e-16,4.163336342344337e-16,False
E:2781,A:UPPER:-10:2,A:UPPER:-8:2,ANNULUS_BN,UPPER,0.14497300000000019,0.144973,1.942890293094024e-16,1.942890293094024e-16,False
E:2782,A:UPPER:-10:4,A:UPPER:-8:4,ANNULUS_BN,UPPER,0.14497300000000002,0.144973,2.7755575615628914e-17,2.7755575615628914e-17,False
E:2783,A:UPPER:-10:6,A:UPPER:-8:6,ANNULUS_BN,UPPER,0.14497300000000019,0.144973,1.942890293094024e-16,1.942890293094024e-16,False
E:2784,A:UPPER:-8:-6,A:UPPER:-7:-7,ANNULUS_BN,UPPER,0.14497299999999988,0.144973,-1.1102230246251565e-16,1.1102230246251565e-16,False
E:2785,A:UPPER:-8:-6,A:UPPER:-7:-5,ANNULUS_BN,UPPER,0.14497299999999994,0.144973,-5.551115123125783e-17,5.551115123125783e-17,False
E:2786,A:UPPER:-8:-4,A:UPPER:-7:-5,ANNULUS_BN,UPPER,0.14497299999999988,0.144973,-1.1102230246251565e-16,1.1102230246251565e-16,False
E:2787,A:UPPER:-8:-4,A:UPPER:-7:-3,ANNULUS_BN,UPPER,0.1449729999999997,0.144973,-2.7755575615628914e-16,2.7755575615628914e-16,False
E:2788,A:UPPER:-8:-2,A:UPPER:-7:-3,ANNULUS_BN,UPPER,0.14497300000000032,0.144973,3.3306690738754696e-16,3.3306690738754696e-16,False
E:2789,A:UPPER:-8:-2,A:UPPER:-7:-1,ANNULUS_BN,UPPER,0.1449729999999997,0.144973,-2.7755575615628914e-16,2.7755575615628914e-16,False
E:2790,A:UPPER:-8:0,A:UPPER:-7:-1,ANNULUS_BN,UPPER,0.14497299999999988,0.144973,-1.1102230246251565e-16,1.1102230246251565e-16,False
E:2791,A:UPPER:-8:0,A:UPPER:-7:1,ANNULUS_BN,UPPER,0.14497299999999994,0.144973,-5.551115123125783e-17,5.551115123125783e-17,False
E:2792,A:UPPER:-8:2,A:UPPER:-7:1,ANNULUS_BN,UPPER,0.14497299999999988,0.144973,-1.1102230246251565e-16,1.1102230246251565e-16,False
E:2793,A:UPPER:-8:2,A:UPPER:-7:3,ANNULUS_BN,UPPER,0.14497299999999955,0.144973,-4.440892098500626e-16,4.440892098500626e-16,False
E:2794,A:UPPER:-8:4,A:UPPER:-7:3,ANNULUS_BN,UPPER,0.14497299999999988,0.144973,-1.1102230246251565e-16,1.1102230246251565e-16,False
E:2795,A:UPPER:-8:4,A:UPPER:-7:5,ANNULUS_BN,UPPER,0.1449729999999997,0.144973,-2.7755575615628914e-16,2.7755575615628914e-16,False
E:2796,A:UPPER:-8:6,A:UPPER:-7:5,ANNULUS_BN,UPPER,0.14497300000000032,0.144973,3.3306690738754696e-16,3.3306690738754696e-16,False
E:2797,A:UPPER:-8:6,A:UPPER:-7:7,ANNULUS_BN,UPPER,0.14497299999999932,0.144973,-6.661338147750939e-16,6.661338147750939e-16,False
E:2798,A:UPPER:-7:-7,A:UPPER:-5:-7,ANNULUS_BN,UPPER,0.14497299999999966,0.144973,-3.3306690738754696e-16,3.3306690738754696e-16,False
E:2799,A:UPPER:-7:-5,A:UPPER:-5:-5,ANNULUS_BN,UPPER,0.14497299999999985,0.144973,-1.3877787807814457e-16,1.3877787807814457e-16,False
E:2800,A:UPPER:-7:-3,A:UPPER:-5:-3,ANNULUS_BN,UPPER,0.14497299999999966,0.144973,-3.3306690738754696e-16,3.3306690738754696e-16,False
E:2801,A:UPPER:-7:3,A:UPPER:-5:3,ANNULUS_BN,UPPER,0.1449730000000004,0.144973,4.163336342344337e-16,4.163336342344337e-16,False
E:2802,A:UPPER:-7:5,A:UPPER:-5:5,ANNULUS_BN,UPPER,0.14497300000000002,0.144973,2.7755575615628914e-17,2.7755575615628914e-17,False
E:2803,A:UPPER:-7:7,A:UPPER:-5:7,ANNULUS_BN,UPPER,0.14497300000000002,0.144973,2.7755575615628914e-17,2.7755575615628914e-17,False
E:2804,A:UPPER:-5:-7,A:UPPER:-4:-8,ANNULUS_BN,UPPER,0.14497299999999988,0.144973,-1.1102230246251565e-16,1.1102230246251565e-16,False
E:2805,A:UPPER:-5:-7,A:UPPER:-4:-6,ANNULUS_BN,UPPER,0.1449729999999997,0.144973,-2.7755575615628914e-16,2.7755575615628914e-16,False
E:2806,A:UPPER:-5:-5,A:UPPER:-4:-6,ANNULUS_BN,UPPER,0.14497299999999988,0.144973,-1.1102230246251565e-16,1.1102230246251565e-16,False
E:2807,A:UPPER:-5:-5,A:UPPER:-4:-4,ANNULUS_BN,UPPER,0.14497300000000016,0.144973,1.6653345369377348e-16,1.6653345369377348e-16,False
E:2808,A:UPPER:-5:-3,A:UPPER:-4:-4,ANNULUS_BN,UPPER,0.14497299999999944,0.144973,-5.551115123125783e-16,5.551115123125783e-16,False
E:2809,A:UPPER:-5:3,A:UPPER:-4:4,ANNULUS_BN,UPPER,0.14497299999999994,0.144973,-5.551115123125783e-17,5.551115123125783e-17,False
E:2810,A:UPPER:-5:5,A:UPPER:-4:4,ANNULUS_BN,UPPER,0.14497299999999944,0.144973,-5.551115123125783e-16,5.551115123125783e-16,False
E:2811,A:UPPER:-5:5,A:UPPER:-4:6,ANNULUS_BN,UPPER,0.14497300000000032,0.144973,3.3306690738754696e-16,3.3306690738754696e-16,False
E:2812,A:UPPER:-5:7,A:UPPER:-4:6,ANNULUS_BN,UPPER,0.14497299999999988,0.144973,-1.1102230246251565e-16,1.1102230246251565e-16,False
E:2813,A:UPPER:-5:7,A:UPPER:-4:8,ANNULUS_BN,UPPER,0.1449730000000001,0.144973,1.1102230246251565e-16,1.1102230246251565e-16,False
E:2814,A:UPPER:-4:-8,A:UPPER:-2:-8,ANNULUS_BN,UPPER,0.1449730000000004,0.144973,4.163336342344337e-16,4.163336342344337e-16,False
E:2815,A:UPPER:-4:-6,A:UPPER:-2:-6,ANNULUS_BN,UPPER,0.1449730000000004,0.144973,4.163336342344337e-16,4.163336342344337e-16,False
E:2816,A:UPPER:-4:-4,A:UPPER:-2:-4,ANNULUS_BN,UPPER,0.1449730000000004,0.144973,4.163336342344337e-16,4.163336342344337e-16,False
E:2817,A:UPPER:-4:4,A:UPPER:-2:4,ANNULUS_BN,UPPER,0.14497300000000002,0.144973,2.7755575615628914e-17,2.7755575615628914e-17,False
E:2818,A:UPPER:-4:6,A:UPPER:-2:6,ANNULUS_BN,UPPER,0.1449729999999998,0.144973,-1.942890293094024e-16,1.942890293094024e-16,False
E:2819,A:UPPER:-4:8,A:UPPER:-2:8,ANNULUS_BN,UPPER,0.14497300000000002,0.144973,2.7755575615628914e-17,2.7755575615628914e-17,False
E:2820,A:UPPER:-2:-8,A:UPPER:-1:-9,ANNULUS_BN,UPPER,0.14497299999999988,0.144973,-1.1102230246251565e-16,1.1102230246251565e-16,False
E:2821,A:UPPER:-2:-8,A:UPPER:-1:-7,ANNULUS_BN,UPPER,0.1449729999999997,0.144973,-2.7755575615628914e-16,2.7755575615628914e-16,False
E:2822,A:UPPER:-2:-6,A:UPPER:-1:-7,ANNULUS_BN,UPPER,0.14497299999999988,0.144973,-1.1102230246251565e-16,1.1102230246251565e-16,False
E:2823,A:UPPER:-2:-6,A:UPPER:-1:-5,ANNULUS_BN,UPPER,0.14497300000000016,0.144973,1.6653345369377348e-16,1.6653345369377348e-16,False
E:2824,A:UPPER:-2:-4,A:UPPER:-1:-5,ANNULUS_BN,UPPER,0.14497299999999988,0.144973,-1.1102230246251565e-16,1.1102230246251565e-16,False
E:2825,A:UPPER:-2:4,A:UPPER:-1:5,ANNULUS_BN,UPPER,0.1449730000000001,0.144973,1.1102230246251565e-16,1.1102230246251565e-16,False
E:2826,A:UPPER:-2:6,A:UPPER:-1:5,ANNULUS_BN,UPPER,0.14497300000000032,0.144973,3.3306690738754696e-16,3.3306690738754696e-16,False
E:2827,A:UPPER:-2:6,A:UPPER:-1:7,ANNULUS_BN,UPPER,0.14497299999999988,0.144973,-1.1102230246251565e-16,1.1102230246251565e-16,False
E:2828,A:UPPER:-2:8,A:UPPER:-1:7,ANNULUS_BN,UPPER,0.14497299999999988,0.144973,-1.1102230246251565e-16,1.1102230246251565e-16,False
E:2829,A:UPPER:-2:8,A:UPPER:-1:9,ANNULUS_BN,UPPER,0.14497299999999994,0.144973,-5.551115123125783e-17,5.551115123125783e-17,False
E:2830,A:UPPER:-1:-9,A:UPPER:1:-9,ANNULUS_BN,UPPER,0.1449730000000004,0.144973,4.163336342344337e-16,4.163336342344337e-16,False
E:2831,A:UPPER:-1:-7,A:UPPER:1:-7,ANNULUS_BN,UPPER,0.1449730000000004,0.144973,4.163336342344337e-16,4.163336342344337e-16,False
E:2832,A:UPPER:-1:-5,A:UPPER:1:-5,ANNULUS_BN,UPPER,0.1449730000000004,0.144973,4.163336342344337e-16,4.163336342344337e-16,False
E:2833,A:UPPER:-1:5,A:UPPER:1:5,ANNULUS_BN,UPPER,0.14497299999999966,0.144973,-3.3306690738754696e-16,3.3306690738754696e-16,False
E:2834,A:UPPER:-1:7,A:UPPER:1:7,ANNULUS_BN,UPPER,0.1449729999999994,0.144973,-5.828670879282072e-16,5.828670879282072e-16,False
E:2835,A:UPPER:-1:9,A:UPPER:1:9,ANNULUS_BN,UPPER,0.14497300000000002,0.144973,2.7755575615628914e-17,2.7755575615628914e-17,False
E:2836,A:UPPER:1:-9,A:UPPER:2:-8,ANNULUS_BN,UPPER,0.1449729999999997,0.144973,-2.7755575615628914e-16,2.7755575615628914e-16,False
E:2837,A:UPPER:1:-7,A:UPPER:2:-8,ANNULUS_BN,UPPER,0.14497299999999988,0.144973,-1.1102230246251565e-16,1.1102230246251565e-16,False
E:2838,A:UPPER:1:-7,A:UPPER:2:-6,ANNULUS_BN,UPPER,0.1449729999999997,0.144973,-2.7755575615628914e-16,2.7755575615628914e-16,False
E:2839,A:UPPER:1:-5,A:UPPER:2:-6,ANNULUS_BN,UPPER,0.14497300000000077,0.144973,7.771561172376096e-16,7.771561172376096e-16,False
E:2840,A:UPPER:1:-5,A:UPPER:2:-4,ANNULUS_BN,UPPER,0.1449729999999997,0.144973,-2.7755575615628914e-16,2.7755575615628914e-16,False
E:2841,A:UPPER:1:5,A:UPPER:2:4,ANNULUS_BN,UPPER,0.14497299999999988,0.144973,-1.1102230246251565e-16,1.1102230246251565e-16,False
E:2842,A:UPPER:1:5,A:UPPER:2:6,ANNULUS_BN,UPPER,0.14497300000000032,0.144973,3.3306690738754696e-16,3.3306690738754696e-16,False
E:2843,A:UPPER:1:7,A:UPPER:2:6,ANNULUS_BN,UPPER,0.14497299999999988,0.144973,-1.1102230246251565e-16,1.1102230246251565e-16,False
E:2844,A:UPPER:1:7,A:UPPER:2:8,ANNULUS_BN,UPPER,0.1449730000000001,0.144973,1.1102230246251565e-16,1.1102230246251565e-16,False
E:2845,A:UPPER:1:9,A:UPPER:2:8,ANNULUS_BN,UPPER,0.14497299999999988,0.144973,-1.1102230246251565e-16,1.1102230246251565e-16,False
E:2846,A:UPPER:2:-8,A:UPPER:4:-8,ANNULUS_BN,UPPER,0.1449730000000004,0.144973,4.163336342344337e-16,4.163336342344337e-16,False
E:2847,A:UPPER:2:-6,A:UPPER:4:-6,ANNULUS_BN,UPPER,0.14497299999999996,0.144973,-2.7755575615628914e-17,2.7755575615628914e-17,False
E:2848,A:UPPER:2:-4,A:UPPER:4:-4,ANNULUS_BN,UPPER,0.1449730000000004,0.144973,4.163336342344337e-16,4.163336342344337e-16,False
E:2849,A:UPPER:2:4,A:UPPER:4:4,ANNULUS_BN,UPPER,0.14497300000000002,0.144973,2.7755575615628914e-17,2.7755575615628914e-17,False
E:2850,A:UPPER:2:6,A:UPPER:4:6,ANNULUS_BN,UPPER,0.14497300000000002,0.144973,2.7755575615628914e-17,2.7755575615628914e-17,False
E:2851,A:UPPER:2:8,A:UPPER:4:8,ANNULUS_BN,UPPER,0.14497300000000002,0.144973,2.7755575615628914e-17,2.7755575615628914e-17,False
E:2852,A:UPPER:4:-8,A:UPPER:5:-7,ANNULUS_BN,UPPER,0.14497300000000016,0.144973,1.6653345369377348e-16,1.6653345369377348e-16,False
E:2853,A:UPPER:4:-6,A:UPPER:5:-7,ANNULUS_BN,UPPER,0.14497299999999988,0.144973,-1.1102230246251565e-16,1.1102230246251565e-16,False
E:2854,A:UPPER:4:-6,A:UPPER:5:-5,ANNULUS_BN,UPPER,0.1449729999999997,0.144973,-2.7755575615628914e-16,2.7755575615628914e-16,False
E:2855,A:UPPER:4:-4,A:UPPER:5:-5,ANNULUS_BN,UPPER,0.14497299999999988,0.144973,-1.1102230246251565e-16,1.1102230246251565e-16,False
E:2856,A:UPPER:4:-4,A:UPPER:5:-3,ANNULUS_BN,UPPER,0.1449729999999997,0.144973,-2.7755575615628914e-16,2.7755575615628914e-16,False
E:2857,A:UPPER:4:4,A:UPPER:5:3,ANNULUS_BN,UPPER,0.14497299999999988,0.144973,-1.1102230246251565e-16,1.1102230246251565e-16,False
E:2858,A:UPPER:4:4,A:UPPER:5:5,ANNULUS_BN,UPPER,0.14497300000000032,0.144973,3.3306690738754696e-16,3.3306690738754696e-16,False
E:2859,A:UPPER:4:6,A:UPPER:5:5,ANNULUS_BN,UPPER,0.14497299999999988,0.144973,-1.1102230246251565e-16,1.1102230246251565e-16,False
E:2860,A:UPPER:4:6,A:UPPER:5:7,ANNULUS_BN,UPPER,0.1449730000000001,0.144973,1.1102230246251565e-16,1.1102230246251565e-16,False
E:2861,A:UPPER:4:8,A:UPPER:5:7,ANNULUS_BN,UPPER,0.14497299999999988,0.144973,-1.1102230246251565e-16,1.1102230246251565e-16,False
E:2862,A:UPPER:5:-7,A:UPPER:7:-7,ANNULUS_BN,UPPER,0.14497299999999966,0.144973,-3.3306690738754696e-16,3.3306690738754696e-16,False
E:2863,A:UPPER:5:-5,A:UPPER:7:-5,ANNULUS_BN,UPPER,0.14497299999999966,0.144973,-3.3306690738754696e-16,3.3306690738754696e-16,False
E:2864,A:UPPER:5:-3,A:UPPER:7:-3,ANNULUS_BN,UPPER,0.14497299999999966,0.144973,-3.3306690738754696e-16,3.3306690738754696e-16,False
E:2865,A:UPPER:5:3,A:UPPER:7:3,ANNULUS_BN,UPPER,0.14497300000000002,0.144973,2.7755575615628914e-17,2.7755575615628914e-17,False
E:2866,A:UPPER:5:5,A:UPPER:7:5,ANNULUS_BN,UPPER,0.14497300000000002,0.144973,2.7755575615628914e-17,2.7755575615628914e-17,False
E:2867,A:UPPER:5:7,A:UPPER:7:7,ANNULUS_BN,UPPER,0.14497300000000002,0.144973,2.7755575615628914e-17,2.7755575615628914e-17,False
E:2868,A:UPPER:7:-7,A:UPPER:8:-6,ANNULUS_BN,UPPER,0.1449730000000001,0.144973,1.1102230246251565e-16,1.1102230246251565e-16,False
E:2869,A:UPPER:7:-5,A:UPPER:8:-6,ANNULUS_BN,UPPER,0.14497299999999988,0.144973,-1.1102230246251565e-16,1.1102230246251565e-16,False
E:2870,A:UPPER:7:-5,A:UPPER:8:-4,ANNULUS_BN,UPPER,0.14497300000000055,0.144973,5.551115123125783e-16,5.551115123125783e-16,False
E:2871,A:UPPER:7:-3,A:UPPER:8:-4,ANNULUS_BN,UPPER,0.144972999999999,0.144973,-9.992007221626409e-16,9.992007221626409e-16,False
E:2872,A:UPPER:7:-3,A:UPPER:8:-2,ANNULUS_BN,UPPER,0.14497300000000055,0.144973,5.551115123125783e-16,5.551115123125783e-16,False
E:2873,A:UPPER:7:-1,A:UPPER:8:-2,ANNULUS_BN,UPPER,0.14497299999999988,0.144973,-1.1102230246251565e-16,1.1102230246251565e-16,False
E:2874,A:UPPER:7:-1,A:UPPER:8:0,ANNULUS_BN,UPPER,0.1449729999999997,0.144973,-2.7755575615628914e-16,2.7755575615628914e-16,False
E:2875,A:UPPER:7:1,A:UPPER:8:0,ANNULUS_BN,UPPER,0.14497300000000032,0.144973,3.3306690738754696e-16,3.3306690738754696e-16,False
E:2876,A:UPPER:7:1,A:UPPER:8:2,ANNULUS_BN,UPPER,0.1449729999999995,0.144973,-4.996003610813204e-16,4.996003610813204e-16,False
E:2877,A:UPPER:7:3,A:UPPER:8:2,ANNULUS_BN,UPPER,0.14497300000000032,0.144973,3.3306690738754696e-16,3.3306690738754696e-16,False
E:2878,A:UPPER:7:3,A:UPPER:8:4,ANNULUS_BN,UPPER,0.14497299999999994,0.144973,-5.551115123125783e-17,5.551115123125783e-17,False
E:2879,A:UPPER:7:5,A:UPPER:8:4,ANNULUS_BN,UPPER,0.14497299999999988,0.144973,-1.1102230246251565e-16,1.1102230246251565e-16,False
E:2880,A:UPPER:7:5,A:UPPER:8:6,ANNULUS_BN,UPPER,0.1449730000000001,0.144973,1.1102230246251565e-16,1.1102230246251565e-16,False
E:2881,A:UPPER:7:7,A:UPPER:8:6,ANNULUS_BN,UPPER,0.14497299999999988,0.144973,-1.1102230246251565e-16,1.1102230246251565e-16,False
E:2882,A:UPPER:8:-6,A:UPPER:10:-6,ANNULUS_BN,UPPER,0.14497300000000002,0.144973,2.7755575615628914e-17,2.7755575615628914e-17,False
E:2883,A:UPPER:8:-4,A:UPPER:10:-4,ANNULUS_BN,UPPER,0.14497300000000002,0.144973,2.7755575615628914e-17,2.7755575615628914e-17,False
E:2884,A:UPPER:8:-2,A:UPPER:10:-2,ANNULUS_BN,UPPER,0.14497300000000002,0.144973,2.7755575615628914e-17,2.7755575615628914e-17,False
E:2885,A:UPPER:8:0,A:UPPER:10:0,ANNULUS_BN,UPPER,0.14497300000000002,0.144973,2.7755575615628914e-17,2.7755575615628914e-17,False
E:2886,A:UPPER:8:2,A:UPPER:10:2,ANNULUS_BN,UPPER,0.1449729999999998,0.144973,-1.942890293094024e-16,1.942890293094024e-16,False
E:2887,A:UPPER:8:4,A:UPPER:10:4,ANNULUS_BN,UPPER,0.14497300000000002,0.144973,2.7755575615628914e-17,2.7755575615628914e-17,False
E:2888,A:UPPER:8:6,A:UPPER:10:6,ANNULUS_BN,UPPER,0.1449729999999994,0.144973,-5.828670879282072e-16,5.828670879282072e-16,False
E:2889,A:UPPER:10:-6,A:UPPER:11:-5,ANNULUS_BN,UPPER,0.14497300000000055,0.144973,5.551115123125783e-16,5.551115123125783e-16,False
E:2890,A:UPPER:10:-4,A:UPPER:11:-5,ANNULUS_BN,UPPER,0.14497299999999988,0.144973,-1.1102230246251565e-16,1.1102230246251565e-16,False
E:2891,A:UPPER:10:-4,A:UPPER:11:-3,ANNULUS_BN,UPPER,0.1449730000000001,0.144973,1.1102230246251565e-16,1.1102230246251565e-16,False
E:2892,A:UPPER:10:-2,A:UPPER:11:-3,ANNULUS_BN,UPPER,0.14497299999999988,0.144973,-1.1102230246251565e-16,1.1102230246251565e-16,False
E:2893,A:UPPER:10:-2,A:UPPER:11:-1,ANNULUS_BN,UPPER,0.1449730000000001,0.144973,1.1102230246251565e-16,1.1102230246251565e-16,False
E:2894,A:UPPER:10:0,A:UPPER:11:-1,ANNULUS_BN,UPPER,0.14497299999999988,0.144973,-1.1102230246251565e-16,1.1102230246251565e-16,False
E:2895,A:UPPER:10:0,A:UPPER:11:1,ANNULUS_BN,UPPER,0.14497300000000032,0.144973,3.3306690738754696e-16,3.3306690738754696e-16,False
E:2896,A:UPPER:10:2,A:UPPER:11:1,ANNULUS_BN,UPPER,0.14497299999999988,0.144973,-1.1102230246251565e-16,1.1102230246251565e-16,False
E:2897,A:UPPER:10:2,A:UPPER:11:3,ANNULUS_BN,UPPER,0.14497300000000032,0.144973,3.3306690738754696e-16,3.3306690738754696e-16,False
E:2898,A:UPPER:10:4,A:UPPER:11:3,ANNULUS_BN,UPPER,0.14497299999999988,0.144973,-1.1102230246251565e-16,1.1102230246251565e-16,False
E:2899,A:UPPER:10:4,A:UPPER:11:5,ANNULUS_BN,UPPER,0.1449730000000001,0.144973,1.1102230246251565e-16,1.1102230246251565e-16,False
E:2900,A:UPPER:10:6,A:UPPER:11:5,ANNULUS_BN,UPPER,0.14497300000000032,0.144973,3.3306690738754696e-16,3.3306690738754696e-16,False
E:2901,A:UPPER:11:-5,A:UPPER:13:-5,ANNULUS_BN,UPPER,0.14497300000000002,0.144973,2.7755575615628914e-17,2.7755575615628914e-17,False
E:2902,A:UPPER:11:-3,A:UPPER:13:-3,ANNULUS_BN,UPPER,0.14497300000000002,0.144973,2.7755575615628914e-17,2.7755575615628914e-17,False
E:2903,A:UPPER:11:-1,A:UPPER:13:-1,ANNULUS_BN,UPPER,0.14497300000000002,0.144973,2.7755575615628914e-17,2.7755575615628914e-17,False
E:2904,A:UPPER:11:1,A:UPPER:13:1,ANNULUS_BN,UPPER,0.1449729999999998,0.144973,-1.942890293094024e-16,1.942890293094024e-16,False
E:2905,A:UPPER:11:3,A:UPPER:13:3,ANNULUS_BN,UPPER,0.1449729999999994,0.144973,-5.828670879282072e-16,5.828670879282072e-16,False
E:2906,A:UPPER:11:5,A:UPPER:13:5,ANNULUS_BN,UPPER,0.14497299999999966,0.144973,-3.3306690738754696e-16,3.3306690738754696e-16,False
E:2907,A:UPPER:13:-5,A:UPPER:14:-4,ANNULUS_BN,UPPER,0.1449730000000001,0.144973,1.1102230246251565e-16,1.1102230246251565e-16,False
E:2908,A:UPPER:13:-3,A:UPPER:14:-4,ANNULUS_BN,UPPER,0.14497299999999988,0.144973,-1.1102230246251565e-16,1.1102230246251565e-16,False
E:2909,A:UPPER:13:-3,A:UPPER:14:-2,ANNULUS_BN,UPPER,0.1449730000000001,0.144973,1.1102230246251565e-16,1.1102230246251565e-16,False
E:2910,A:UPPER:13:-1,A:UPPER:14:-2,ANNULUS_BN,UPPER,0.14497299999999988,0.144973,-1.1102230246251565e-16,1.1102230246251565e-16,False
E:2911,A:UPPER:13:-1,A:UPPER:14:0,ANNULUS_BN,UPPER,0.1449730000000001,0.144973,1.1102230246251565e-16,1.1102230246251565e-16,False
E:2912,A:UPPER:13:1,A:UPPER:14:0,ANNULUS_BN,UPPER,0.14497300000000077,0.144973,7.771561172376096e-16,7.771561172376096e-16,False
E:2913,A:UPPER:13:1,A:UPPER:14:2,ANNULUS_BN,UPPER,0.1449730000000001,0.144973,1.1102230246251565e-16,1.1102230246251565e-16,False
E:2914,A:UPPER:13:3,A:UPPER:14:2,ANNULUS_BN,UPPER,0.14497300000000032,0.144973,3.3306690738754696e-16,3.3306690738754696e-16,False
E:2915,A:UPPER:13:3,A:UPPER:14:4,ANNULUS_BN,UPPER,0.14497299999999988,0.144973,-1.1102230246251565e-16,1.1102230246251565e-16,False
E:2916,A:UPPER:13:5,A:UPPER:14:4,ANNULUS_BN,UPPER,0.14497299999999988,0.144973,-1.1102230246251565e-16,1.1102230246251565e-16,False
E:2917,S:1680,BR4:LOWER:00:1,ALTERNATING_BN_FOUR_ATOM_BRIDGE,LOWER,0.14496795375574706,0.144973,-5.046244252931986e-06,5.046244252931986e-06,True
E:2918,BR4:LOWER:00:1,BR4:LOWER:00:2,ALTERNATING_BN_FOUR_ATOM_BRIDGE,LOWER,0.14496619630569624,0.144973,-6.8036943037530495e-06,6.8036943037530495e-06,True
E:2919,BR4:LOWER:00:2,BR4:LOWER:00:3,ALTERNATING_BN_FOUR_ATOM_BRIDGE,LOWER,0.14496504709422536,0.144973,-7.952905774627483e-06,7.952905774627483e-06,True
E:2920,BR4:LOWER:00:3,BR4:LOWER:00:4,ALTERNATING_BN_FOUR_ATOM_BRIDGE,LOWER,0.14496508559413676,0.144973,-7.914405863229668e-06,7.914405863229668e-06,True
E:2921,BR4:LOWER:00:4,A:LOWER:13:-5,ALTERNATING_BN_FOUR_ATOM_BRIDGE,LOWER,0.1449711345369701,0.144973,-1.8654630298819974e-06,1.8654630298819974e-06,True
E:2922,S:1682,BR4:LOWER:01:1,ALTERNATING_BN_FOUR_ATOM_BRIDGE,LOWER,0.1449734917336829,0.144973,4.917336829113328e-07,4.917336829113328e-07,True
E:2923,BR4:LOWER:01:1,BR4:LOWER:01:2,ALTERNATING_BN_FOUR_ATOM_BRIDGE,LOWER,0.1449687219337876,0.144973,-4.278066212393128e-06,4.278066212393128e-06,True
E:2924,BR4:LOWER:01:2,BR4:LOWER:01:3,ALTERNATING_BN_FOUR_ATOM_BRIDGE,LOWER,0.1449676109550633,0.144973,-5.389044936687792e-06,5.389044936687792e-06,True
E:2925,BR4:LOWER:01:3,BR4:LOWER:01:4,ALTERNATING_BN_FOUR_ATOM_BRIDGE,LOWER,0.14496896518568866,0.144973,-4.034814311326684e-06,4.034814311326684e-06,True
E:2926,BR4:LOWER:01:4,A:LOWER:10:-6,ALTERNATING_BN_FOUR_ATOM_BRIDGE,LOWER,0.14497342142740335,0.144973,4.2142740336315043e-07,4.2142740336315043e-07,True
E:2927,S:1684,BR4:LOWER:02:1,ALTERNATING_BN_FOUR_ATOM_BRIDGE,LOWER,0.14497893768212045,0.144973,5.937682120454868e-06,5.937682120454868e-06,True
E:2928,BR4:LOWER:02:1,BR4:LOWER:02:2,ALTERNATING_BN_FOUR_ATOM_BRIDGE,LOWER,0.14496649022374222,0.144973,-6.509776257768163e-06,6.509776257768163e-06,True
E:2929,BR4:LOWER:02:2,BR4:LOWER:02:3,ALTERNATING_BN_FOUR_ATOM_BRIDGE,LOWER,0.14496000394572095,0.144973,-1.2996054279040825e-05,1.2996054279040825e-05,True
E:2930,BR4:LOWER:02:3,BR4:LOWER:02:4,ALTERNATING_BN_FOUR_ATOM_BRIDGE,LOWER,0.14496450922380041,0.144973,-8.490776199576722e-06,8.490776199576722e-06,True
E:2931,BR4:LOWER:02:4,A:LOWER:7:-7,ALTERNATING_BN_FOUR_ATOM_BRIDGE,LOWER,0.14497246997462482,0.144973,-5.300253751727713e-07,5.300253751727713e-07,True
E:2932,S:1686,BR4:LOWER:03:1,ALTERNATING_BN_FOUR_ATOM_BRIDGE,LOWER,0.14498084049675825,0.144973,7.8404967582546e-06,7.8404967582546e-06,True
E:2933,BR4:LOWER:03:1,BR4:LOWER:03:2,ALTERNATING_BN_FOUR_ATOM_BRIDGE,LOWER,0.14497588123188446,0.144973,2.8812318844662066e-06,2.8812318844662066e-06,True
E:2934,BR4:LOWER:03:2,BR4:LOWER:03:3,ALTERNATING_BN_FOUR_ATOM_BRIDGE,LOWER,0.14498469012859436,0.144973,1.1690128594366023e-05,1.1690128594366023e-05,True
E:2935,BR4:LOWER:03:3,BR4:LOWER:03:4,ALTERNATING_BN_FOUR_ATOM_BRIDGE,LOWER,0.14497979897309538,0.144973,6.798973095384353e-06,6.798973095384353e-06,True
E:2936,BR4:LOWER:03:4,A:LOWER:4:-8,ALTERNATING_BN_FOUR_ATOM_BRIDGE,LOWER,0.14496827020573863,0.144973,-4.729794261359999e-06,4.729794261359999e-06,True
E:2937,S:1688,BR4:LOWER:04:1,ALTERNATING_BN_FOUR_ATOM_BRIDGE,LOWER,0.14497242255958018,0.144973,-5.774404198133354e-07,5.774404198133354e-07,True
E:2938,BR4:LOWER:04:1,BR4:LOWER:04:2,ALTERNATING_BN_FOUR_ATOM_BRIDGE,LOWER,0.1449722911367326,0.144973,-7.088632673901696e-07,7.088632673901696e-07,True
E:2939,BR4:LOWER:04:2,BR4:LOWER:04:3,ALTERNATING_BN_FOUR_ATOM_BRIDGE,LOWER,0.14497210629943325,0.144973,-8.937005667453146e-07,8.937005667453146e-07,True
E:2940,BR4:LOWER:04:3,BR4:LOWER:04:4,ALTERNATING_BN_FOUR_ATOM_BRIDGE,LOWER,0.14497242852152806,0.144973,-5.714784719335064e-07,5.714784719335064e-07,True
E:2941,BR4:LOWER:04:4,A:LOWER:1:-9,ALTERNATING_BN_FOUR_ATOM_BRIDGE,LOWER,0.14497267427953495,0.144973,-3.2572046504419916e-07,3.2572046504419916e-07,True
E:2942,S:1690,BR4:LOWER:05:1,ALTERNATING_BN_FOUR_ATOM_BRIDGE,LOWER,0.14498788849975028,0.144973,1.4888499750287387e-05,1.4888499750287387e-05,True
E:2943,BR4:LOWER:05:1,BR4:LOWER:05:2,ALTERNATING_BN_FOUR_ATOM_BRIDGE,LOWER,0.1449930720799258,0.144973,2.007207992579807e-05,2.007207992579807e-05,True
E:2944,BR4:LOWER:05:2,BR4:LOWER:05:3,ALTERNATING_BN_FOUR_ATOM_BRIDGE,LOWER,0.14499646153270568,0.144973,2.3461532705687516e-05,2.3461532705687516e-05,True
E:2945,BR4:LOWER:05:3,BR4:LOWER:05:4,ALTERNATING_BN_FOUR_ATOM_BRIDGE,LOWER,0.14499634798384253,0.144973,2.3347983842542108e-05,2.3347983842542108e-05,True
E:2946,BR4:LOWER:05:4,A:LOWER:-14:-4,ALTERNATING_BN_FOUR_ATOM_BRIDGE,LOWER,0.14497850618840522,0.144973,5.5061884052243215e-06,5.5061884052243215e-06,True
E:2947,S:1692,BR4:LOWER:06:1,ALTERNATING_BN_FOUR_ATOM_BRIDGE,LOWER,0.14497296734912044,0.144973,-3.265087955561796e-08,3.265087955561796e-08,True
E:2948,BR4:LOWER:06:1,BR4:LOWER:06:2,ALTERNATING_BN_FOUR_ATOM_BRIDGE,LOWER,0.14497443724604073,0.144973,1.4372460407363619e-06,1.4372460407363619e-06,True
E:2949,BR4:LOWER:06:2,BR4:LOWER:06:3,ALTERNATING_BN_FOUR_ATOM_BRIDGE,LOWER,0.14497449152692665,0.144973,1.491526926661324e-06,1.491526926661324e-06,True
E:2950,BR4:LOWER:06:3,BR4:LOWER:06:4,ALTERNATING_BN_FOUR_ATOM_BRIDGE,LOWER,0.144974186706338,0.144973,1.1867063380022191e-06,1.1867063380022191e-06,True
E:2951,BR4:LOWER:06:4,A:LOWER:-14:-2,ALTERNATING_BN_FOUR_ATOM_BRIDGE,LOWER,0.1449724267576038,0.144973,-5.732423961901656e-07,5.732423961901656e-07,True
E:2952,S:1694,BR4:LOWER:07:1,ALTERNATING_BN_FOUR_ATOM_BRIDGE,LOWER,0.14497289942988464,0.144973,-1.0057011534669869e-07,1.0057011534669869e-07,True
E:2953,BR4:LOWER:07:1,BR4:LOWER:07:2,ALTERNATING_BN_FOUR_ATOM_BRIDGE,LOWER,0.14497749311165553,0.144973,4.493111655540227e-06,4.493111655540227e-06,True
E:2954,BR4:LOWER:07:2,BR4:LOWER:07:3,ALTERNATING_BN_FOUR_ATOM_BRIDGE,LOWER,0.1449793436985815,0.144973,6.343698581517954e-06,6.343698581517954e-06,True
E:2955,BR4:LOWER:07:3,BR4:LOWER:07:4,ALTERNATING_BN_FOUR_ATOM_BRIDGE,LOWER,0.14497671820905894,0.144973,3.7182090589504835e-06,3.7182090589504835e-06,True
E:2956,BR4:LOWER:07:4,A:LOWER:-14:0,ALTERNATING_BN_FOUR_ATOM_BRIDGE,LOWER,0.14497003327961583,0.144973,-2.966720384162125e-06,2.966720384162125e-06,True
E:2957,S:1696,BR4:LOWER:08:1,ALTERNATING_BN_FOUR_ATOM_BRIDGE,LOWER,0.14497501974629998,0.144973,2.019746299986025e-06,2.019746299986025e-06,True
E:2958,BR4:LOWER:08:1,BR4:LOWER:08:2,ALTERNATING_BN_FOUR_ATOM_BRIDGE,LOWER,0.14498186377357927,0.144973,8.863773579281808e-06,8.863773579281808e-06,True
E:2959,BR4:LOWER:08:2,BR4:LOWER:08:3,ALTERNATING_BN_FOUR_ATOM_BRIDGE,LOWER,0.14498033744055952,0.144973,7.337440559529451e-06,7.337440559529451e-06,True
E:2960,BR4:LOWER:08:3,BR4:LOWER:08:4,ALTERNATING_BN_FOUR_ATOM_BRIDGE,LOWER,0.1449810111817741,0.144973,8.011181774097986e-06,8.011181774097986e-06,True
E:2961,BR4:LOWER:08:4,A:LOWER:-14:2,ALTERNATING_BN_FOUR_ATOM_BRIDGE,LOWER,0.14496910335146332,0.144973,-3.896648536672043e-06,3.896648536672043e-06,True
E:2962,S:1698,BR4:LOWER:09:1,ALTERNATING_BN_FOUR_ATOM_BRIDGE,LOWER,0.14497081869931316,0.144973,-2.1813006868265372e-06,2.1813006868265372e-06,True
E:2963,BR4:LOWER:09:1,BR4:LOWER:09:2,ALTERNATING_BN_FOUR_ATOM_BRIDGE,LOWER,0.14496730790434956,0.144973,-5.692095650433604e-06,5.692095650433604e-06,True
E:2964,BR4:LOWER:09:2,BR4:LOWER:09:3,ALTERNATING_BN_FOUR_ATOM_BRIDGE,LOWER,0.1449686159770805,0.144973,-4.3840229194958e-06,4.3840229194958e-06,True
E:2965,BR4:LOWER:09:3,BR4:LOWER:09:4,ALTERNATING_BN_FOUR_ATOM_BRIDGE,LOWER,0.14496757357664533,0.144973,-5.426423354659704e-06,5.426423354659704e-06,True
E:2966,BR4:LOWER:09:4,A:LOWER:-14:4,ALTERNATING_BN_FOUR_ATOM_BRIDGE,LOWER,0.14497134434515552,0.144973,-1.6556548444734975e-06,1.6556548444734975e-06,True
E:2967,S:1700,BR4:LOWER:10:1,ALTERNATING_BN_FOUR_ATOM_BRIDGE,LOWER,0.14496134198725258,0.144973,-1.1658012747411961e-05,1.1658012747411961e-05,True
E:2968,BR4:LOWER:10:1,BR4:LOWER:10:2,ALTERNATING_BN_FOUR_ATOM_BRIDGE,LOWER,0.14494257237562996,0.144973,-3.042762437002744e-05,3.042762437002744e-05,True
E:2969,BR4:LOWER:10:2,BR4:LOWER:10:3,ALTERNATING_BN_FOUR_ATOM_BRIDGE,LOWER,0.14494956589937916,0.144973,-2.3434100620833842e-05,2.3434100620833842e-05,True
E:2970,BR4:LOWER:10:3,BR4:LOWER:10:4,ALTERNATING_BN_FOUR_ATOM_BRIDGE,LOWER,0.1449439927970671,0.144973,-2.9007202932890275e-05,2.9007202932890275e-05,True
E:2971,BR4:LOWER:10:4,A:LOWER:1:9,ALTERNATING_BN_FOUR_ATOM_BRIDGE,LOWER,0.144964152054889,0.144973,-8.847945110995736e-06,8.847945110995736e-06,True
E:2972,S:1702,BR4:LOWER:11:1,ALTERNATING_BN_FOUR_ATOM_BRIDGE,LOWER,0.1449742144100958,0.144973,1.2144100958177972e-06,1.2144100958177972e-06,True
E:2973,BR4:LOWER:11:1,BR4:LOWER:11:2,ALTERNATING_BN_FOUR_ATOM_BRIDGE,LOWER,0.14496243896789232,0.144973,-1.0561032107669899e-05,1.0561032107669899e-05,True
E:2974,BR4:LOWER:11:2,BR4:LOWER:11:3,ALTERNATING_BN_FOUR_ATOM_BRIDGE,LOWER,0.14495969615775162,0.144973,-1.3303842248374442e-05,1.3303842248374442e-05,True
E:2975,BR4:LOWER:11:3,BR4:LOWER:11:4,ALTERNATING_BN_FOUR_ATOM_BRIDGE,LOWER,0.14496303950972633,0.144973,-9.960490273658307e-06,9.960490273658307e-06,True
E:2976,BR4:LOWER:11:4,A:LOWER:4:8,ALTERNATING_BN_FOUR_ATOM_BRIDGE,LOWER,0.14497404084561985,0.144973,1.0408456198596205e-06,1.0408456198596205e-06,True
E:2977,S:1704,BR4:LOWER:12:1,ALTERNATING_BN_FOUR_ATOM_BRIDGE,LOWER,0.14497545282877775,0.144973,2.4528287777547675e-06,2.4528287777547675e-06,True
E:2978,BR4:LOWER:12:1,BR4:LOWER:12:2,ALTERNATING_BN_FOUR_ATOM_BRIDGE,LOWER,0.14496518909942743,0.144973,-7.810900572557955e-06,7.810900572557955e-06,True
E:2979,BR4:LOWER:12:2,BR4:LOWER:12:3,ALTERNATING_BN_FOUR_ATOM_BRIDGE,LOWER,0.14495973630245332,0.144973,-1.326369754667267e-05,1.326369754667267e-05,True
E:2980,BR4:LOWER:12:3,BR4:LOWER:12:4,ALTERNATING_BN_FOUR_ATOM_BRIDGE,LOWER,0.14496443203181772,0.144973,-8.567968182271457e-06,8.567968182271457e-06,True
E:2981,BR4:LOWER:12:4,A:LOWER:7:7,ALTERNATING_BN_FOUR_ATOM_BRIDGE,LOWER,0.14497671854502797,0.144973,3.7185450279808574e-06,3.7185450279808574e-06,True
E:2982,S:1706,BR4:LOWER:13:1,ALTERNATING_BN_FOUR_ATOM_BRIDGE,LOWER,0.14497265789804686,0.144973,-3.421019531268943e-07,3.421019531268943e-07,True
E:2983,BR4:LOWER:13:1,BR4:LOWER:13:2,ALTERNATING_BN_FOUR_ATOM_BRIDGE,LOWER,0.14497597767334422,0.144973,2.977673344228826e-06,2.977673344228826e-06,True
E:2984,BR4:LOWER:13:2,BR4:LOWER:13:3,ALTERNATING_BN_FOUR_ATOM_BRIDGE,LOWER,0.14497675088667406,0.144973,3.750886674064313e-06,3.750886674064313e-06,True
E:2985,BR4:LOWER:13:3,BR4:LOWER:13:4,ALTERNATING_BN_FOUR_ATOM_BRIDGE,LOWER,0.14497580837478125,0.144973,2.808374781254619e-06,2.808374781254619e-06,True
E:2986,BR4:LOWER:13:4,A:LOWER:10:6,ALTERNATING_BN_FOUR_ATOM_BRIDGE,LOWER,0.14497270683248228,0.144973,-2.9316751770647187e-07,2.9316751770647187e-07,True
E:2987,S:1708,BR4:LOWER:14:1,ALTERNATING_BN_FOUR_ATOM_BRIDGE,LOWER,0.14497538408392774,0.144973,2.3840839277478043e-06,2.3840839277478043e-06,True
E:2988,BR4:LOWER:14:1,BR4:LOWER:14:2,ALTERNATING_BN_FOUR_ATOM_BRIDGE,LOWER,0.14497717714732675,0.144973,4.177147326756003e-06,4.177147326756003e-06,True
E:2989,BR4:LOWER:14:2,BR4:LOWER:14:3,ALTERNATING_BN_FOUR_ATOM_BRIDGE,LOWER,0.1449780185732502,0.144973,5.018573250220593e-06,5.018573250220593e-06,True
E:2990,BR4:LOWER:14:3,BR4:LOWER:14:4,ALTERNATING_BN_FOUR_ATOM_BRIDGE,LOWER,0.1449773203112733,0.144973,4.320311273314781e-06,4.320311273314781e-06,True
E:2991,BR4:LOWER:14:4,A:LOWER:13:5,ALTERNATING_BN_FOUR_ATOM_BRIDGE,LOWER,0.14497439377184235,0.144973,1.3937718423562284e-06,1.3937718423562284e-06,True
E:2992,S:1710,BR4:UPPER:00:1,ALTERNATING_BN_FOUR_ATOM_BRIDGE,UPPER,0.14496134198725258,0.144973,-1.1658012747411961e-05,1.1658012747411961e-05,True
E:2993,BR4:UPPER:00:1,BR4:UPPER:00:2,ALTERNATING_BN_FOUR_ATOM_BRIDGE,UPPER,0.14494257237563005,0.144973,-3.0427624369944173e-05,3.0427624369944173e-05,True
E:2994,BR4:UPPER:00:2,BR4:UPPER:00:3,ALTERNATING_BN_FOUR_ATOM_BRIDGE,UPPER,0.14494956589937924,0.144973,-2.3434100620750575e-05,2.3434100620750575e-05,True
E:2995,BR4:UPPER:00:3,BR4:UPPER:00:4,ALTERNATING_BN_FOUR_ATOM_BRIDGE,UPPER,0.14494399279706682,0.144973,-2.900720293316783e-05,2.900720293316783e-05,True
E:2996,BR4:UPPER:00:4,A:UPPER:13:5,ALTERNATING_BN_FOUR_ATOM_BRIDGE,UPPER,0.14496415205488905,0.144973,-8.847945110940225e-06,8.847945110940225e-06,True
E:2997,S:1712,BR4:UPPER:01:1,ALTERNATING_BN_FOUR_ATOM_BRIDGE,UPPER,0.14498636202860307,0.144973,1.336202860308111e-05,1.336202860308111e-05,True
E:2998,BR4:UPPER:01:1,BR4:UPPER:01:2,ALTERNATING_BN_FOUR_ATOM_BRIDGE,UPPER,0.14499783828642793,0.144973,2.4838286427936174e-05,2.4838286427936174e-05,True
E:2999,BR4:UPPER:01:2,BR4:UPPER:01:3,ALTERNATING_BN_FOUR_ATOM_BRIDGE,UPPER,0.14498959126549182,0.144973,1.6591265491833207e-05,1.6591265491833207e-05,True
E:3000,BR4:UPPER:01:3,BR4:UPPER:01:4,ALTERNATING_BN_FOUR_ATOM_BRIDGE,UPPER,0.14499410149224698,0.144973,2.1101492246988762e-05,2.1101492246988762e-05,True
E:3001,BR4:UPPER:01:4,A:UPPER:13:-5,ALTERNATING_BN_FOUR_ATOM_BRIDGE,UPPER,0.1449818539657832,0.144973,8.853965783206519e-06,8.853965783206519e-06,True
E:3002,S:1714,BR4:UPPER:02:1,ALTERNATING_BN_FOUR_ATOM_BRIDGE,UPPER,0.14497501974630003,0.144973,2.019746300041536e-06,2.019746300041536e-06,True
E:3003,BR4:UPPER:02:1,BR4:UPPER:02:2,ALTERNATING_BN_FOUR_ATOM_BRIDGE,UPPER,0.14498186377357902,0.144973,8.863773579032008e-06,8.863773579032008e-06,True
E:3004,BR4:UPPER:02:2,BR4:UPPER:02:3,ALTERNATING_BN_FOUR_ATOM_BRIDGE,UPPER,0.14498033744055955,0.144973,7.337440559557207e-06,7.337440559557207e-06,True
E:3005,BR4:UPPER:02:3,BR4:UPPER:02:4,ALTERNATING_BN_FOUR_ATOM_BRIDGE,UPPER,0.1449810111817728,0.144973,8.01118177282123e-06,8.01118177282123e-06,True
E:3006,BR4:UPPER:02:4,A:UPPER:10:-6,ALTERNATING_BN_FOUR_ATOM_BRIDGE,UPPER,0.14496910335146332,0.144973,-3.896648536672043e-06,3.896648536672043e-06,True
E:3007,S:1716,BR4:UPPER:03:1,ALTERNATING_BN_FOUR_ATOM_BRIDGE,UPPER,0.1449728994298843,0.144973,-1.0057011567976559e-07,1.0057011567976559e-07,True
E:3008,BR4:UPPER:03:1,BR4:UPPER:03:2,ALTERNATING_BN_FOUR_ATOM_BRIDGE,UPPER,0.14497749311165667,0.144973,4.493111656678206e-06,4.493111656678206e-06,True
E:3009,BR4:UPPER:03:2,BR4:UPPER:03:3,ALTERNATING_BN_FOUR_ATOM_BRIDGE,UPPER,0.14497934369858104,0.144973,6.343698581046109e-06,6.343698581046109e-06,True
E:3010,BR4:UPPER:03:3,BR4:UPPER:03:4,ALTERNATING_BN_FOUR_ATOM_BRIDGE,UPPER,0.14497671820905866,0.144973,3.7182090586729277e-06,3.7182090586729277e-06,True
E:3011,BR4:UPPER:03:4,A:UPPER:7:-7,ALTERNATING_BN_FOUR_ATOM_BRIDGE,UPPER,0.14497003327961508,0.144973,-2.9667203849115253e-06,2.9667203849115253e-06,True
E:3012,S:1718,BR4:UPPER:04:1,ALTERNATING_BN_FOUR_ATOM_BRIDGE,UPPER,0.1449729673491199,0.144973,-3.26508800829739e-08,3.26508800829739e-08,True
E:3013,BR4:UPPER:04:1,BR4:UPPER:04:2,ALTERNATING_BN_FOUR_ATOM_BRIDGE,UPPER,0.1449744372460412,0.144973,1.4372460412082066e-06,1.4372460412082066e-06,True
E:3014,BR4:UPPER:04:2,BR4:UPPER:04:3,ALTERNATING_BN_FOUR_ATOM_BRIDGE,UPPER,0.1449744915269273,0.144973,1.4915269272997023e-06,1.4915269272997023e-06,True
E:3015,BR4:UPPER:04:3,BR4:UPPER:04:4,ALTERNATING_BN_FOUR_ATOM_BRIDGE,UPPER,0.14497418670633766,0.144973,1.1867063376691522e-06,1.1867063376691522e-06,True
E:3016,BR4:UPPER:04:4,A:UPPER:4:-8,ALTERNATING_BN_FOUR_ATOM_BRIDGE,UPPER,0.14497242675760355,0.144973,-5.732423964399658e-07,5.732423964399658e-07,True
E:3017,S:1720,BR4:UPPER:05:1,ALTERNATING_BN_FOUR_ATOM_BRIDGE,UPPER,0.14495975645928638,0.144973,-1.3243540713608892e-05,1.3243540713608892e-05,True
E:3018,BR4:UPPER:05:1,BR4:UPPER:05:2,ALTERNATING_BN_FOUR_ATOM_BRIDGE,UPPER,0.14495674177910625,0.144973,-1.625822089373896e-05,1.625822089373896e-05,True
E:3019,BR4:UPPER:05:2,BR4:UPPER:05:3,ALTERNATING_BN_FOUR_ATOM_BRIDGE,UPPER,0.14495250173491023,0.144973,-2.049826508976338e-05,2.049826508976338e-05,True
E:3020,BR4:UPPER:05:3,BR4:UPPER:05:4,ALTERNATING_BN_FOUR_ATOM_BRIDGE,UPPER,0.14495989321770106,0.144973,-1.3106782298932806e-05,1.3106782298932806e-05,True
E:3021,BR4:UPPER:05:4,A:UPPER:1:-9,ALTERNATING_BN_FOUR_ATOM_BRIDGE,UPPER,0.14496553044131158,0.144973,-7.469558688411038e-06,7.469558688411038e-06,True
E:3022,S:1722,BR4:UPPER:06:1,ALTERNATING_BN_FOUR_ATOM_BRIDGE,UPPER,0.14496193172880165,0.144973,-1.1068271198344526e-05,1.1068271198344526e-05,True
E:3023,BR4:UPPER:06:1,BR4:UPPER:06:2,ALTERNATING_BN_FOUR_ATOM_BRIDGE,UPPER,0.1449524210247785,0.144973,-2.0578975221480222e-05,2.0578975221480222e-05,True
E:3024,BR4:UPPER:06:2,BR4:UPPER:06:3,ALTERNATING_BN_FOUR_ATOM_BRIDGE,UPPER,0.14495925570676563,0.144973,-1.3744293234363436e-05,1.3744293234363436e-05,True
E:3025,BR4:UPPER:06:3,BR4:UPPER:06:4,ALTERNATING_BN_FOUR_ATOM_BRIDGE,UPPER,0.14495551796445957,0.144973,-1.748203554041705e-05,1.748203554041705e-05,True
E:3026,BR4:UPPER:06:4,A:UPPER:-14:-4,ALTERNATING_BN_FOUR_ATOM_BRIDGE,UPPER,0.14496566731315128,0.144973,-7.332686848715575e-06,7.332686848715575e-06,True
E:3027,S:1724,BR4:UPPER:07:1,ALTERNATING_BN_FOUR_ATOM_BRIDGE,UPPER,0.14497177662409982,0.144973,-1.2233759001667455e-06,1.2233759001667455e-06,True
E:3028,BR4:UPPER:07:1,BR4:UPPER:07:2,ALTERNATING_BN_FOUR_ATOM_BRIDGE,UPPER,0.1449559913648364,0.144973,-1.7008635163601182e-05,1.7008635163601182e-05,True
E:3029,BR4:UPPER:07:2,BR4:UPPER:07:3,ALTERNATING_BN_FOUR_ATOM_BRIDGE,UPPER,0.14495886715201436,0.144973,-1.4132847985626196e-05,1.4132847985626196e-05,True
E:3030,BR4:UPPER:07:3,BR4:UPPER:07:4,ALTERNATING_BN_FOUR_ATOM_BRIDGE,UPPER,0.1449594465757977,0.144973,-1.3553424202283892e-05,1.3553424202283892e-05,True
E:3031,BR4:UPPER:07:4,A:UPPER:-14:-2,ALTERNATING_BN_FOUR_ATOM_BRIDGE,UPPER,0.1449799931161423,0.144973,6.993116142300915e-06,6.993116142300915e-06,True
E:3032,S:1726,BR4:UPPER:08:1,ALTERNATING_BN_FOUR_ATOM_BRIDGE,UPPER,0.1449736451975394,0.144973,6.45197539422826e-07,6.45197539422826e-07,True
E:3033,BR4:UPPER:08:1,BR4:UPPER:08:2,ALTERNATING_BN_FOUR_ATOM_BRIDGE,UPPER,0.1449829948541379,0.144973,9.994854137912457e-06,9.994854137912457e-06,True
E:3034,BR4:UPPER:08:2,BR4:UPPER:08:3,ALTERNATING_BN_FOUR_ATOM_BRIDGE,UPPER,0.14498595767497688,0.144973,1.2957674976887823e-05,1.2957674976887823e-05,True
E:3035,BR4:UPPER:08:3,BR4:UPPER:08:4,ALTERNATING_BN_FOUR_ATOM_BRIDGE,UPPER,0.1449813687811527,0.144973,8.368781152706672e-06,8.368781152706672e-06,True
E:3036,BR4:UPPER:08:4,A:UPPER:-14:0,ALTERNATING_BN_FOUR_ATOM_BRIDGE,UPPER,0.14496675735519082,0.144973,-6.242644809167919e-06,6.242644809167919e-06,True
E:3037,S:1728,BR4:UPPER:09:1,ALTERNATING_BN_FOUR_ATOM_BRIDGE,UPPER,0.14497605011112294,0.144973,3.0501111229486177e-06,3.0501111229486177e-06,True
E:3038,BR4:UPPER:09:1,BR4:UPPER:09:2,ALTERNATING_BN_FOUR_ATOM_BRIDGE,UPPER,0.14495883280548,0.144973,-1.416719451999282e-05,1.416719451999282e-05,True
E:3039,BR4:UPPER:09:2,BR4:UPPER:09:3,ALTERNATING_BN_FOUR_ATOM_BRIDGE,UPPER,0.1449582374089018,0.144973,-1.4762591098199662e-05,1.4762591098199662e-05,True
E:3040,BR4:UPPER:09:3,BR4:UPPER:09:4,ALTERNATING_BN_FOUR_ATOM_BRIDGE,UPPER,0.14496412418997642,0.144973,-8.87581002356752e-06,8.87581002356752e-06,True
E:3041,BR4:UPPER:09:4,A:UPPER:-14:2,ALTERNATING_BN_FOUR_ATOM_BRIDGE,UPPER,0.1449715801794346,0.144973,-1.4198205653959128e-06,1.4198205653959128e-06,True
E:3042,S:1730,BR4:UPPER:10:1,ALTERNATING_BN_FOUR_ATOM_BRIDGE,UPPER,0.14495205309499842,0.144973,-2.0946905001567595e-05,2.0946905001567595e-05,True
E:3043,BR4:UPPER:10:1,BR4:UPPER:10:2,ALTERNATING_BN_FOUR_ATOM_BRIDGE,UPPER,0.14493629054513157,0.144973,-3.670945486841659e-05,3.670945486841659e-05,True
E:3044,BR4:UPPER:10:2,BR4:UPPER:10:3,ALTERNATING_BN_FOUR_ATOM_BRIDGE,UPPER,0.14492889303854187,0.144973,-4.410696145812354e-05,4.410696145812354e-05,True
E:3045,BR4:UPPER:10:3,BR4:UPPER:10:4,ALTERNATING_BN_FOUR_ATOM_BRIDGE,UPPER,0.144935031930167,0.144973,-3.796806983299983e-05,3.796806983299983e-05,True
E:3046,BR4:UPPER:10:4,A:UPPER:-14:4,ALTERNATING_BN_FOUR_ATOM_BRIDGE,UPPER,0.14496075796087432,0.144973,-1.2242039125670567e-05,1.2242039125670567e-05,True
E:3047,S:1732,BR4:UPPER:11:1,ALTERNATING_BN_FOUR_ATOM_BRIDGE,UPPER,0.14497538408392743,0.144973,2.384083927442493e-06,2.384083927442493e-06,True
E:3048,BR4:UPPER:11:1,BR4:UPPER:11:2,ALTERNATING_BN_FOUR_ATOM_BRIDGE,UPPER,0.1449771771473266,0.144973,4.1771473266172254e-06,4.1771473266172254e-06,True
E:3049,BR4:UPPER:11:2,BR4:UPPER:11:3,ALTERNATING_BN_FOUR_ATOM_BRIDGE,UPPER,0.14497801857325046,0.144973,5.018573250470393e-06,5.018573250470393e-06,True
E:3050,BR4:UPPER:11:3,BR4:UPPER:11:4,ALTERNATING_BN_FOUR_ATOM_BRIDGE,UPPER,0.14497732031127317,0.144973,4.320311273176003e-06,4.320311273176003e-06,True
E:3051,BR4:UPPER:11:4,A:UPPER:1:9,ALTERNATING_BN_FOUR_ATOM_BRIDGE,UPPER,0.14497439377184215,0.144973,1.3937718421619394e-06,1.3937718421619394e-06,True
E:3052,S:1734,BR4:UPPER:12:1,ALTERNATING_BN_FOUR_ATOM_BRIDGE,UPPER,0.14497422086383063,0.144973,1.2208638306421271e-06,1.2208638306421271e-06,True
E:3053,BR4:UPPER:12:1,BR4:UPPER:12:2,ALTERNATING_BN_FOUR_ATOM_BRIDGE,UPPER,0.14496732811604368,0.144973,-5.671883956309687e-06,5.671883956309687e-06,True
E:3054,BR4:UPPER:12:2,BR4:UPPER:12:3,ALTERNATING_BN_FOUR_ATOM_BRIDGE,UPPER,0.14496708976473965,0.144973,-5.910235260336849e-06,5.910235260336849e-06,True
E:3055,BR4:UPPER:12:3,BR4:UPPER:12:4,ALTERNATING_BN_FOUR_ATOM_BRIDGE,UPPER,0.14496944640794635,0.144973,-3.5535920536455823e-06,3.5535920536455823e-06,True
E:3056,BR4:UPPER:12:4,A:UPPER:4:8,ALTERNATING_BN_FOUR_ATOM_BRIDGE,UPPER,0.14497243133155982,0.144973,-5.686684401706721e-07,5.686684401706721e-07,True
E:3057,S:1736,BR4:UPPER:13:1,ALTERNATING_BN_FOUR_ATOM_BRIDGE,UPPER,0.14497138740473567,0.144973,-1.6125952643220032e-06,1.6125952643220032e-06,True
E:3058,BR4:UPPER:13:1,BR4:UPPER:13:2,ALTERNATING_BN_FOUR_ATOM_BRIDGE,UPPER,0.1449768779219224,0.144973,3.877921922412764e-06,3.877921922412764e-06,True
E:3059,BR4:UPPER:13:2,BR4:UPPER:13:3,ALTERNATING_BN_FOUR_ATOM_BRIDGE,UPPER,0.14498082256554506,0.144973,7.822565545073656e-06,7.822565545073656e-06,True
E:3060,BR4:UPPER:13:3,BR4:UPPER:13:4,ALTERNATING_BN_FOUR_ATOM_BRIDGE,UPPER,0.14497555869580847,0.144973,2.558695808480005e-06,2.558695808480005e-06,True
E:3061,BR4:UPPER:13:4,A:UPPER:7:7,ALTERNATING_BN_FOUR_ATOM_BRIDGE,UPPER,0.1449741225524494,0.144973,1.12255244941184e-06,1.12255244941184e-06,True
E:3062,S:1738,BR4:UPPER:14:1,ALTERNATING_BN_FOUR_ATOM_BRIDGE,UPPER,0.14497421441009595,0.144973,1.2144100959565751e-06,1.2144100959565751e-06,True
E:3063,BR4:UPPER:14:1,BR4:UPPER:14:2,ALTERNATING_BN_FOUR_ATOM_BRIDGE,UPPER,0.14496243896789165,0.144973,-1.0561032108336033e-05,1.0561032108336033e-05,True
E:3064,BR4:UPPER:14:2,BR4:UPPER:14:3,ALTERNATING_BN_FOUR_ATOM_BRIDGE,UPPER,0.14495969615775195,0.144973,-1.3303842248041375e-05,1.3303842248041375e-05,True
E:3065,BR4:UPPER:14:3,BR4:UPPER:14:4,ALTERNATING_BN_FOUR_ATOM_BRIDGE,UPPER,0.14496303950972683,0.144973,-9.960490273158706e-06,9.960490273158706e-06,True
E:3066,BR4:UPPER:14:4,A:UPPER:10:6,ALTERNATING_BN_FOUR_ATOM_BRIDGE,UPPER,0.1449740408456193,0.144973,1.040845619304509e-06,1.040845619304509e-06,True
