initial_site,solver_success,max_trace_error,min_density_eigenvalue,final_PYR2,final_PYR3,final_PYR4,final_PYR5,max_PYR2,t_PYR2_10pct_fs,t_PYR2_20pct_fs,t_PYR2_30pct_fs
PYR2,True,8.143670403799204e-14,0.0,0.3054316912748352,0.16091885305098874,0.28315751269020684,0.25049194298396893,1.0,0.0,0.0,0.0
PYR3,True,5.799380457584205e-14,0.0,0.3054316907263627,0.160918850969361,0.28315752245580933,0.2504919358484651,0.30944174316682327,110.0,310.0,950.0
PYR4,True,3.7495398883449644e-14,0.0,0.3054316886425546,0.16091885204574125,0.2831575170856251,0.25049194222607946,0.30543373581875083,150.0,410.0,1530.0
PYR5,True,3.453978066919258e-14,0.0,0.30543168920712677,0.16091885097789438,0.28315752220230317,0.2504919376126745,0.3056153717502963,130.0,390.0,1350.0
