timestep,mean_cos_theta_z,mean_S_z,total_contact_count_6A,pair_01_contact_count,pair_02_contact_count,pair_03_contact_count,pair_04_contact_count,pair_05_contact_count,pair_06_contact_count,pair_07_contact_count,pair_08_contact_count,pair_09_contact_count,pair_10_contact_count,pair_11_contact_count,pair_12_contact_count,representative_distance
2000,0.19341742997316136,0.01815156455051358,16,0,0,4,2,1,1,0,3,2,1,2,0,0.5462969997018756
3000,0.2291414809134428,0.025970587288192844,15,0,0,4,2,1,1,0,2,2,1,2,0,1.4409088068510958
5000,0.2932311289921719,0.053539724619673865,16,0,0,4,2,2,1,0,2,2,1,2,0,2.2388089711069035
1000,0.14135324510049407,0.004288749361052343,16,0,0,5,2,0,1,0,3,2,1,2,0,2.4208938142402907
4000,0.26367777627716377,0.04170750030720327,14,0,0,3,2,1,1,0,2,2,1,2,0,3.136576548571837
0,0.0018728539932602085,-0.00991020156555056,19,0,1,5,2,1,1,0,4,2,1,2,0,5.71739875691056
