timestep,mean_cos_theta_z,mean_S_z,total_contact_count_6A,pair_01_contact_count,pair_02_contact_count,pair_03_contact_count,pair_04_contact_count,pair_05_contact_count,pair_06_contact_count,pair_07_contact_count,pair_08_contact_count,pair_09_contact_count,pair_10_contact_count,pair_11_contact_count,pair_12_contact_count
15000,0.5131477453260754,0.19639947242001785,19,0,0,4,1,4,1,0,4,3,1,1,0
16000,0.5270984492226298,0.20837079901944258,19,1,0,4,1,3,1,0,4,3,1,1,0
17000,0.5406936506866622,0.21856455540559444,19,1,0,4,1,3,1,0,4,3,1,1,0
18000,0.554519298122648,0.2299946138927683,19,1,0,5,1,3,1,0,3,3,1,1,0
19000,0.5680141625410541,0.24169287710482384,19,1,0,5,1,2,1,0,4,3,1,1,0
20000,0.5785644469126557,0.2524525260785043,19,1,0,5,1,3,1,0,4,3,0,1,0
