timestep,mean_cos_theta_z,mean_S_z,total_contact_count_6A,pair_01_contact_count,pair_02_contact_count,pair_03_contact_count,pair_04_contact_count,pair_05_contact_count,pair_06_contact_count,pair_07_contact_count,pair_08_contact_count,pair_09_contact_count,pair_10_contact_count,pair_11_contact_count,pair_12_contact_count
6000,0.0022514242735325292,-0.006020435523936348,13,1,1,2,2,3,1,0,1,1,1,0,0
8000,0.004902208642833831,-0.004741583524200747,15,1,1,2,2,3,1,0,2,2,1,0,0
10000,0.0038762885281559117,-0.005743811651730627,13,0,1,3,2,3,1,0,2,0,1,0,0
12000,0.003219289184546724,-0.005753542576022725,11,0,1,3,1,1,1,0,2,0,1,1,0
14000,0.001772925878431418,-0.007520188738319859,12,0,1,4,1,1,1,0,2,0,1,1,0
16000,-0.0005377837778078918,-0.009632018115679984,13,0,1,3,1,1,1,0,3,0,1,2,0
18000,0.0003176935345280746,-0.007173172088862514,15,0,1,4,2,0,1,0,4,0,1,2,0
20000,0.0018728539932602085,-0.00991020156555056,19,0,1,5,2,1,1,0,4,2,1,2,0
