timestep,mean_cos_theta_z,mean_S_z,total_contact_count_6A,pair_01_contact_count,pair_02_contact_count,pair_03_contact_count,pair_04_contact_count,pair_05_contact_count,pair_06_contact_count,pair_07_contact_count,pair_08_contact_count,pair_09_contact_count,pair_10_contact_count,pair_11_contact_count,pair_12_contact_count,representative_distance
17000,0.5425420688885938,0.2199007117178539,10,0,0,3,1,2,0,0,2,2,0,0,0,0.47289203602322266
18000,0.5564091932763684,0.23354164865379132,10,0,0,3,1,2,0,0,2,2,0,0,0,0.47289203602322266
16000,0.5294322384783225,0.20943258182959074,11,0,0,3,1,2,0,0,2,2,0,1,0,0.9301179860309593
19000,0.5680832354014821,0.2431937368136763,13,0,0,3,1,2,0,0,2,2,1,2,0,2.0420328494029607
15000,0.5132018326309652,0.19724530939190246,10,0,0,3,1,2,1,0,1,2,0,0,0,3.376551213177607
20000,0.5791865327152493,0.2535668929411224,13,0,0,2,2,2,1,0,2,1,1,2,0,5.3480237103074675
