site_a,site_b,carbon_centroid_distance_A,Rhat_x,Rhat_y,Rhat_z,minimum_all_atom_distance_A,minimum_carbon_distance_A
PYR2,PYR3,26.896124764429352,-0.6132389013086861,0.613169188663596,0.4979574238781293,20.692322247635712,22.224367257584632
PYR2,PYR4,42.49054542354835,-0.7762903410912594,-1.4709154560606212e-05,0.6303755278499132,38.445491283114066,39.49416539186516
PYR2,PYR5,46.89345298869688,-0.35176818827941864,-0.37713153698156454,0.8567560595225098,40.25149314000662,42.233354117332425
PYR3,PYR4,26.894352545248694,-0.6131863547283436,-0.6132328328875742,0.4979437589162521,20.68610403145068,22.219495943877757
PYR3,PYR5,43.42113049019883,-4.3181740752107344e-05,-0.7871023765195271,0.6168223788195837,39.48476415023901,40.51202784359233
PYR4,PYR5,27.639865838924578,0.596579415258174,-0.6398140679501961,0.48449041243685803,21.35609983119577,22.885884295783725
